t_pc,kind,id,seq,rssi,yaw
1790828792.8924,O,,,,2.74791
1790828792.8931,O,,,,2.74791
1790828792.8936,O,,,,2.74791
1790828792.8941,O,,,,2.74791
1790828792.9672,O,,,,2.74791
1790828792.9680,O,,,,2.74791
1790828792.9687,O,,,,2.74791
1790828792.9694,O,,,,2.74791
1790828793.0473,O,,,,2.74791
1790828793.0481,O,,,,2.74791
1790828793.0487,O,,,,2.74791
1790828793.0492,O,,,,2.74791
1790828793.1174,O,,,,2.74791
1790828793.1181,O,,,,2.74791
1790828793.1186,O,,,,2.74791
1790828793.1915,O,,,,2.74791
1790828793.1921,O,,,,2.74791
1790828793.1926,O,,,,2.74791
1790828793.1934,O,,,,2.74791
1790828793.2711,O,,,,2.74791
1790828793.2717,O,,,,2.74791
1790828793.2723,O,,,,2.74791
1790828793.2729,O,,,,2.74791
1790828793.3510,O,,,,2.74791
1790828793.3515,O,,,,2.74791
1790828793.3520,O,,,,2.74791
1790828793.3525,O,,,,2.74791
1790828793.4261,O,,,,2.74791
1790828793.4267,O,,,,2.74791
1790828793.4272,O,,,,2.74791
1790828793.4278,O,,,,2.74791
1790828793.5062,O,,,,2.74791
1790828793.5069,O,,,,2.74791
1790828793.5074,O,,,,2.74791
1790828793.5080,O,,,,2.74791
1790828793.5763,O,,,,2.74791
1790828793.5770,O,,,,2.74791
1790828793.5775,O,,,,2.74791
1790828793.6515,O,,,,2.74791
1790828793.6525,O,,,,2.74791
1790828793.6532,O,,,,2.74791
1790828793.6546,O,,,,2.74791
1790828793.7323,O,,,,2.74791
1790828793.7332,O,,,,2.74791
1790828793.7340,O,,,,2.74791
1790828793.7346,O,,,,2.74791
1790828793.8073,O,,,,2.74791
1790828793.8080,O,,,,2.74791
1790828793.8085,O,,,,2.74791
1790828793.8091,O,,,,2.74791
1790828793.8873,O,,,,2.74791
1790828793.8880,O,,,,2.74791
1790828793.8885,O,,,,2.74791
1790828793.8890,O,,,,2.74791
1790828793.9671,O,,,,2.74791
1790828793.9678,O,,,,2.74791
1790828793.9684,O,,,,2.74791
1790828793.9690,O,,,,2.74791
1790828794.0418,O,,,,2.74791
1790828794.0425,O,,,,2.74791
1790828794.0431,O,,,,2.74791
1790828794.0436,O,,,,2.74791
1790828794.1115,O,,,,2.74791
1790828794.1122,O,,,,2.74791
1790828794.1128,O,,,,2.74791
1790828794.1925,O,,,,2.74791
1790828794.1933,O,,,,2.74791
1790828794.1940,O,,,,2.74791
1790828794.1945,O,,,,2.74791
1790828794.2669,O,,,,2.74791
1790828794.2676,O,,,,2.74791
1790828794.2682,O,,,,2.74791
1790828794.2687,O,,,,2.74791
1790828794.3469,O,,,,2.74791
1790828794.3477,O,,,,2.74791
1790828794.3483,O,,,,2.74791
1790828794.3488,O,,,,2.74791
1790828794.4352,R,A,0,-86,
1790828794.4264,O,,,,2.74791
1790828794.4270,O,,,,2.74791
1790828794.4280,O,,,,2.74791
1790828794.4287,O,,,,2.74791
1790828794.5021,O,,,,2.74791
1790828794.5060,R,A,1,-77,
1790828794.5582,R,A,2,-78,
1790828794.5739,R,A,3,-76,
1790828794.5030,O,,,,2.74791
1790828794.5035,O,,,,2.74791
1790828794.5041,O,,,,2.74791
1790828794.5719,O,,,,2.74791
1790828794.5726,O,,,,2.74791
1790828794.5733,O,,,,2.74791
1790828794.6618,R,A,4,-79,
1790828794.6695,R,A,5,-74,
1790828794.6520,O,,,,2.74791
1790828794.6528,O,,,,2.74791
1790828794.6533,O,,,,2.74791
1790828794.6539,O,,,,2.74791
1790828794.7612,R,A,6,-67,
1790828794.8119,R,A,7,-68,
1790828794.8266,R,B,0,-61,
1790828794.7271,O,,,,2.74791
1790828794.7278,O,,,,2.74791
1790828794.7284,O,,,,2.74791
1790828794.7293,O,,,,2.74791
1790828794.8068,O,,,,2.74791
1790828794.8075,O,,,,2.74791
1790828794.8081,O,,,,2.74791
1790828794.8086,O,,,,2.74791
1790828794.8575,R,C,0,-67,
1790828794.8580,R,A,8,-73,
1790828794.8638,R,B,1,-67,
1790828794.8994,R,C,1,-66,
1790828794.8996,R,A,9,-72,
1790828794.8819,O,,,,2.74791
1790828794.8826,O,,,,2.74791
1790828794.8871,O,,,,2.74791
1790828794.8879,O,,,,2.74791
1790828794.9481,R,B,2,-66,
1790828794.9603,R,C,2,-61,
1790828794.9641,R,A,10,-71,
1790828794.9919,R,B,3,-66,
1790828794.9921,R,C,3,-67,
1790828794.9923,R,A,11,-78,
1790828794.9615,O,,,,2.74791
1790828794.9623,O,,,,2.74791
1790828794.9629,O,,,,2.74791
1790828794.9634,O,,,,2.74791
1790828795.0483,R,B,4,-75,
1790828795.0604,R,C,4,-63,
1790828795.0615,R,A,12,-71,
1790828795.0868,R,C,5,-70,
1790828795.0956,R,B,5,-69,
1790828795.1143,R,A,13,-76,
1790828795.1286,R,C,6,-70,
1790828795.0423,O,,,,2.74791
1790828795.0430,O,,,,2.74791
1790828795.0435,O,,,,2.74791
1790828795.0440,O,,,,2.74791
1790828795.1121,O,,,,2.74791
1790828795.1129,O,,,,2.74791
1790828795.1135,O,,,,2.74791
1790828795.1424,R,B,6,-69,
1790828795.1441,R,A,14,-73,
1790828795.1982,R,B,7,-70,
1790828795.1991,R,C,7,-63,
1790828795.1999,R,A,15,-69,
1790828795.2210,R,B,8,-72,
1790828795.2213,R,A,16,-84,
1790828795.2214,R,C,8,-65,
1790828795.1872,O,,,,2.74791
1790828795.1879,O,,,,2.74791
1790828795.1885,O,,,,2.74791
1790828795.1890,O,,,,2.74791
1790828795.2730,R,C,9,-68,
1790828795.2982,R,B,9,-66,
1790828795.2989,R,A,17,-68,
1790828795.3088,R,A,18,-70,
1790828795.3090,R,B,10,-63,
1790828795.3111,R,C,10,-66,
1790828795.2669,O,,,,2.74791
1790828795.2676,O,,,,2.74791
1790828795.2681,O,,,,2.74791
1790828795.2686,O,,,,2.74791
1790828795.3605,R,C,11,-59,
1790828795.3616,R,A,19,-74,
1790828795.3865,R,B,11,-61,
1790828795.4051,R,C,12,-56,
1790828795.4052,R,A,20,-69,
1790828795.4107,R,B,12,-63,
1790828795.3425,O,,,,2.74791
1790828795.3435,O,,,,2.74791
1790828795.3441,O,,,,2.74791
1790828795.3446,O,,,,2.74791
1790828795.4223,O,,,,2.74791
1790828795.4230,O,,,,2.74791
1790828795.4236,O,,,,2.74791
1790828795.4241,O,,,,2.74791
1790828795.4455,R,B,13,-62,
1790828795.4456,R,C,13,-62,
1790828795.4459,R,A,21,-71,
1790828795.4959,R,B,14,-61,
1790828795.4963,R,A,22,-81,
1790828795.4963,R,C,14,-59,
1790828795.5017,O,,,,2.74791
1790828795.5023,O,,,,2.74791
1790828795.5029,O,,,,2.74791
1790828795.5034,O,,,,2.74791
1790828795.5388,R,A,23,-68,
1790828795.5481,R,B,15,-60,
1790828795.5605,R,C,15,-57,
1790828795.5983,R,B,16,-62,
1790828795.6105,R,C,16,-60,
1790828795.6121,R,A,24,-71,
1790828795.6310,R,B,17,-63,
1790828795.6314,R,A,25,-77,
1790828795.6315,R,C,17,-58,
1790828795.5672,O,,,,2.74791
1790828795.5679,O,,,,2.74791
1790828795.5685,O,,,,2.74791
1790828795.6808,R,B,18,-62,
1790828795.7070,R,C,18,-57,
1790828795.7072,R,A,26,-68,
1790828795.7258,R,B,19,-62,
1790828795.7262,R,C,19,-59,
1790828795.7264,R,A,27,-70,
1790828795.6473,O,,,,2.74791
1790828795.6480,O,,,,2.74791
1790828795.6486,O,,,,2.74791
1790828795.6491,O,,,,2.74791
1790828795.7272,O,,,,2.74791
1790828795.7279,O,,,,2.74791
1790828795.7285,O,,,,2.74791
1790828795.7290,O,,,,2.74791
1790828795.7711,R,B,20,-61,
1790828795.7712,R,C,20,-55,
1790828795.7719,R,A,28,-74,
1790828795.8114,R,A,29,-74,
1790828795.8118,R,C,21,-56,
1790828795.8128,R,B,21,-58,
1790828795.8022,O,,,,2.74791
1790828795.8030,O,,,,2.74791
1790828795.8036,O,,,,2.74791
1790828795.8041,O,,,,2.74791
1790828795.8604,R,C,22,-55,
1790828795.8616,R,A,30,-67,
1790828795.8980,R,B,22,-61,
1790828795.9029,R,C,23,-57,
1790828795.9116,R,A,31,-67,
1790828795.9265,R,B,23,-61,
1790828795.8819,O,,,,2.74791
1790828795.8827,O,,,,2.74791
1790828795.8833,O,,,,2.74791
1790828795.8838,O,,,,2.74791
1790828795.9532,R,C,24,-55,
1790828795.9621,R,A,32,-72,
1790828795.9970,R,B,24,-57,
1790828795.9970,R,B,25,-58,
1790828795.9988,R,A,33,-66,
1790828796.0105,R,C,25,-55,
1790828795.9574,O,,,,2.74791
1790828795.9582,O,,,,2.74791
1790828795.9588,O,,,,2.74791
1790828795.9593,O,,,,2.74791
1790828796.0461,R,A,34,-67,
1790828796.0483,R,B,26,-59,
1790828796.0508,R,C,26,-56,
1790828796.0898,R,B,27,-58,
1790828796.0983,R,C,27,-56,
1790828796.0984,R,A,35,-73,
1790828796.0368,O,,,,2.74791
1790828796.0375,O,,,,2.74791
1790828796.0384,O,,,,2.74791
1790828796.0389,O,,,,2.75056
1790828796.1316,R,C,28,-55,
1790828796.1317,R,B,28,-58,
1790828796.1329,R,A,36,-68,
1790828796.1799,R,A,37,-70,
1790828796.1802,R,B,29,-58,
1790828796.1803,R,C,29,-56,
1790828796.1075,O,,,,2.75453
1790828796.1081,O,,,,2.75983
1790828796.1086,O,,,,2.76380
1790828796.1872,O,,,,2.77042
1790828796.2290,R,A,38,-73,
1790828796.2381,R,C,30,-55,
1790828796.2388,R,B,30,-50,
1790828796.1882,O,,,,2.77703
1790828796.1888,O,,,,2.78233
1790828796.1894,O,,,,2.78895
1790828796.2620,O,,,,2.79424
1790828796.2882,R,C,31,-56,
1790828796.2883,R,B,31,-58,
1790828796.3115,R,A,39,-74,
1790828796.3192,R,B,32,-56,
1790828796.3302,R,C,32,-56,
1790828796.2630,O,,,,2.80086
1790828796.2636,O,,,,2.80880
1790828796.2641,O,,,,2.81410
1790828796.3415,O,,,,2.82204
1790828796.3694,R,B,33,-54,
1790828796.3820,R,C,33,-58,
1790828796.4003,R,A,40,-81,
1790828796.4080,R,C,34,-59,
1790828796.3427,O,,,,2.82998
1790828796.3433,O,,,,2.83660
1790828796.3438,O,,,,2.84322
1790828796.4116,R,A,41,-78,
1790828796.4483,R,B,34,-56,
1790828796.4486,R,C,35,-57,
1790828796.4617,R,A,42,-79,
1790828796.4231,O,,,,2.85116
1790828796.4239,O,,,,2.85645
1790828796.4245,O,,,,2.86440
1790828796.4253,O,,,,2.87234
1790828796.4970,R,C,36,-56,
1790828796.4977,R,B,35,-53,
1790828796.4981,R,A,43,-76,
1790828796.5515,R,A,44,-80,
1790828796.5043,O,,,,2.88028
1790828796.5050,O,,,,2.88557
1790828796.5056,O,,,,2.89352
1790828796.5062,O,,,,2.90146
1790828796.5672,O,,,,2.90940
1790828796.5908,R,B,36,-55,
1790828796.6110,R,C,37,-56,
1790828796.6113,R,A,45,-77,
1790828796.6346,R,C,38,-61,
1790828796.6347,R,A,46,-77,
1790828796.6350,R,B,37,-55,
1790828796.5683,O,,,,2.91469
1790828796.5688,O,,,,2.92264
1790828796.6471,O,,,,2.93058
1790828796.6761,R,C,39,-60,
1790828796.6763,R,B,38,-57,
1790828796.7119,R,A,47,-79,
1790828796.6481,O,,,,2.93720
1790828796.6487,O,,,,2.94514
1790828796.6495,O,,,,2.95176
1790828796.7219,O,,,,2.95970
1790828796.7229,R,A,48,-72,
1790828796.7232,R,C,40,-56,
1790828796.7403,R,B,39,-56,
1790828796.7800,R,C,41,-63,
1790828796.7236,O,,,,2.96764
1790828796.7242,O,,,,2.97426
1790828796.7248,O,,,,2.98220
1790828796.7978,R,B,40,-57,
1790828796.8026,R,A,49,-74,
1790828796.8117,R,A,50,-72,
1790828796.8543,R,A,51,-69,
1790828796.8610,R,C,42,-62,
1790828796.8655,R,B,41,-57,
1790828796.8082,O,,,,2.99014
1790828796.8091,O,,,,2.99544
1790828796.8098,O,,,,3.00338
1790828796.8103,O,,,,3.01132
1790828796.8960,R,C,43,-60,
1790828796.8962,R,A,52,-70,
1790828796.8979,R,B,42,-58,
1790828796.9384,R,A,53,-74,
1790828796.9486,R,B,43,-57,
1790828796.8766,O,,,,3.01794
1790828796.8773,O,,,,3.02456
1790828796.8779,O,,,,3.03250
1790828796.8784,O,,,,3.03912
1790828796.9603,R,C,44,-62,
1790828796.9800,R,A,54,-68,
1790828796.9802,R,B,44,-56,
1790828796.9804,R,C,45,-68,
1790828797.0213,R,B,45,-61,
1790828796.9565,O,,,,3.04574
1790828796.9571,O,,,,3.05368
1790828796.9577,O,,,,3.06030
1790828796.9583,O,,,,3.06691
1790828797.0272,O,,,,3.07486
1790828797.0323,R,C,46,-64,
1790828797.0327,R,A,55,-68,
1790828797.0795,R,C,47,-63,
1790828797.0798,R,A,56,-74,
1790828797.0801,R,B,46,-57,
1790828797.0283,O,,,,3.08280
1790828797.0288,O,,,,3.08809
1790828797.1162,R,B,47,-57,
1790828797.1549,R,A,57,-67,
1790828797.1606,R,C,48,-62,
1790828797.1096,O,,,,3.09604
1790828797.1105,O,,,,3.10398
1790828797.1110,O,,,,3.11060
1790828797.1116,O,,,,3.11721
1790828797.1785,R,B,48,-59,
1790828797.2004,R,C,49,-64,
1790828797.2121,R,A,58,-67,
1790828797.2486,R,A,59,-71,
1790828797.2488,R,C,50,-66,
1790828797.2489,R,B,49,-56,
1790828797.1888,O,,,,3.12516
1790828797.1896,O,,,,3.13177
1790828797.1902,O,,,,3.13839
1790828797.1907,O,,,,-3.13685
1790828797.2983,R,B,50,-55,
1790828797.2984,R,C,51,-62,
1790828797.3113,R,A,60,-65,
1790828797.2657,O,,,,-3.13023
1790828797.2667,O,,,,-3.12229
1790828797.2674,O,,,,-3.11567
1790828797.2679,O,,,,-3.10773
1790828797.3453,R,B,51,-57,
1790828797.3473,R,C,52,-63,
1790828797.3477,R,A,61,-64,
1790828797.3887,R,B,52,-56,
1790828797.3913,R,C,53,-63,
1790828797.3940,R,A,62,-74,
1790828797.3418,O,,,,-3.10111
1790828797.3434,O,,,,-3.09449
1790828797.3440,O,,,,-3.08655
1790828797.3445,O,,,,-3.07993
1790828797.4483,R,B,53,-56,
1790828797.4615,R,A,63,-67,
1790828797.4616,R,C,54,-65,
1790828797.4165,O,,,,-3.07199
1790828797.4173,O,,,,-3.06537
1790828797.4179,O,,,,-3.05743
1790828797.4185,O,,,,-3.05081
1790828797.4979,R,A,64,-64,
1790828797.4993,R,B,54,-66,
1790828797.4994,R,C,55,-66,
1790828797.5270,R,B,55,-57,
1790828797.5296,R,A,65,-74,
1790828797.5299,R,C,56,-63,
1790828797.4936,O,,,,-3.04287
1790828797.4945,O,,,,-3.03625
1790828797.4951,O,,,,-3.02831
1790828797.4983,O,,,,-3.02169
1790828797.5953,R,B,56,-58,
1790828797.5956,R,A,66,-64,
1790828797.6005,R,C,57,-67,
1790828797.6173,R,B,57,-62,
1790828797.6222,R,C,58,-69,
1790828797.5624,O,,,,-3.01507
1790828797.5630,O,,,,-3.00713
1790828797.5635,O,,,,-3.00051
1790828797.6423,O,,,,-2.99390
1790828797.6572,R,A,67,-62,
1790828797.6572,R,A,68,-63,
1790828797.6581,R,C,59,-70,
1790828797.6638,R,B,58,-60,
1790828797.6982,R,B,59,-62,
1790828797.6984,R,C,60,-66,
1790828797.7023,R,A,69,-68,
1790828797.6433,O,,,,-2.98595
1790828797.6439,O,,,,-2.97934
1790828797.6444,O,,,,-2.97272
1790828797.7219,O,,,,-2.96478
1790828797.7230,O,,,,-2.95816
1790828797.7236,O,,,,-2.95022
1790828797.7242,O,,,,-2.94492
1790828797.7971,O,,,,-2.93698
1790828797.8001,R,B,60,-58,
1790828797.8107,R,C,61,-73,
1790828797.8124,R,A,70,-69,
1790828797.8362,R,C,62,-67,
1790828797.8492,R,B,61,-62,
1790828797.8623,R,A,71,-68,
1790828797.7982,O,,,,-2.93036
1790828797.7988,O,,,,-2.92242
1790828797.7994,O,,,,-2.91580
1790828797.8834,R,C,63,-70,
1790828797.8836,R,A,72,-68,
1790828797.8983,R,B,62,-67,
1790828797.9305,R,C,64,-72,
1790828797.9307,R,A,73,-65,
1790828797.9310,R,B,63,-56,
1790828797.8781,O,,,,-2.90786
1790828797.8788,O,,,,-2.90124
1790828797.8794,O,,,,-2.89462
1790828797.8800,O,,,,-2.88668
1790828797.9790,R,B,64,-62,
1790828797.9792,R,C,65,-70,
1790828797.9797,R,A,74,-67,
1790828798.0206,R,C,66,-68,
1790828798.0206,R,A,75,-66,
1790828797.9528,O,,,,-2.87874
1790828797.9544,O,,,,-2.87344
1790828797.9550,O,,,,-2.86550
1790828797.9555,O,,,,-2.85888
1790828798.0220,O,,,,-2.85226
1790828798.0484,R,B,65,-71,
1790828798.0660,R,C,67,-78,
1790828798.0662,R,A,76,-65,
1790828798.0664,R,B,66,-60,
1790828798.0230,O,,,,-2.84432
1790828798.0236,O,,,,-2.83638
1790828798.1023,O,,,,-2.82976
1790828798.1065,R,C,68,-76,
1790828798.1123,R,A,77,-64,
1790828798.1154,R,B,67,-63,
1790828798.1483,R,A,78,-66,
1790828798.1484,R,B,68,-63,
1790828798.1604,R,C,69,-68,
1790828798.1033,O,,,,-2.82314
1790828798.1039,O,,,,-2.81520
1790828798.1044,O,,,,-2.80726
1790828798.1819,O,,,,-2.80197
1790828798.1916,R,A,79,-66,
1790828798.1918,R,B,69,-66,
1790828798.1929,R,C,70,-83,
1790828798.2480,R,B,70,-60,
1790828798.1830,O,,,,-2.79402
1790828798.1835,O,,,,-2.78741
1790828798.1841,O,,,,-2.78079
1790828798.2572,O,,,,-2.77285
1790828798.2610,R,C,71,-88,
1790828798.2618,R,A,80,-65,
1790828798.2752,R,C,72,-68,
1790828798.2754,R,A,81,-66,
1790828798.2912,R,B,71,-64,
1790828798.2582,O,,,,-2.76490
1790828798.2588,O,,,,-2.75828
1790828798.2593,O,,,,-2.75167
1790828798.3345,R,B,72,-66,
1790828798.3348,R,A,82,-64,
1790828798.3349,R,C,73,-67,
1790828798.3692,R,C,74,-82,
1790828798.3693,R,B,73,-58,
1790828798.3831,R,A,83,-64,
1790828798.3455,O,,,,-2.74372
1790828798.3465,O,,,,-2.73711
1790828798.3471,O,,,,-2.72916
1790828798.3476,O,,,,-2.72255
1790828798.4121,O,,,,-2.71460
1790828798.4359,R,A,84,-65,
1790828798.4362,R,C,75,-71,
1790828798.4363,R,B,74,-64,
1790828798.4132,O,,,,-2.70799
1790828798.4137,O,,,,-2.70137
1790828798.4143,O,,,,-2.69343
1790828798.4921,O,,,,-2.68681
1790828798.5077,R,A,85,-68,
1790828798.5077,R,A,86,-67,
1790828798.5393,R,B,75,-58,
1790828798.4931,O,,,,-2.67887
1790828798.4936,O,,,,-2.67092
1790828798.4942,O,,,,-2.66431
1790828798.5623,O,,,,-2.65769
1790828798.5647,R,A,87,-65,
1790828798.5955,R,B,76,-63,
1790828798.5957,R,C,76,-78,
1790828798.5960,R,A,88,-65,
1790828798.5633,O,,,,-2.64974
1790828798.5639,O,,,,-2.64313
1790828798.6429,R,C,77,-69,
1790828798.6432,R,A,89,-64,
1790828798.6433,R,B,77,-69,
1790828798.6886,R,B,78,-54,
1790828798.7110,R,C,78,-74,
1790828798.7113,R,A,90,-64,
1790828798.6371,O,,,,-2.63651
1790828798.6376,O,,,,-2.62857
1790828798.6382,O,,,,-2.62195
1790828798.6388,O,,,,-2.61401
1790828798.7482,R,B,79,-64,
1790828798.7499,R,C,79,-83,
1790828798.7631,R,A,91,-67,
1790828798.7803,R,B,80,-64,
1790828798.7805,R,C,80,-74,
1790828798.7172,O,,,,-2.60739
1790828798.7178,O,,,,-2.60077
1790828798.7183,O,,,,-2.59283
1790828798.7189,O,,,,-2.58621
1790828798.8118,R,A,92,-66,
1790828798.8310,R,B,81,-52,
1790828798.8312,R,C,81,-72,
1790828798.8513,R,A,93,-67,
1790828798.7977,O,,,,-2.57959
1790828798.7983,O,,,,-2.57297
1790828798.7989,O,,,,-2.56503
1790828798.7994,O,,,,-2.55841
1790828798.8724,O,,,,-2.55047
1790828798.8930,R,C,82,-87,
1790828798.8982,R,B,82,-64,
1790828798.9083,R,A,94,-68,
1790828798.9205,R,B,83,-60,
1790828798.9230,R,A,95,-66,
1790828798.9493,R,C,83,-87,
1790828798.8736,O,,,,-2.54385
1790828798.8742,O,,,,-2.53723
1790828798.8747,O,,,,-2.53062
1790828798.9518,O,,,,-2.52267
1790828798.9699,R,C,84,-73,
1790828798.9702,R,B,84,-51,
1790828798.9703,R,A,96,-69,
1790828799.0112,R,C,85,-75,
1790828799.0115,R,A,97,-69,
1790828798.9529,O,,,,-2.51473
1790828798.9535,O,,,,-2.50811
1790828798.9541,O,,,,-2.50017
1790828799.0617,R,A,98,-70,
1790828799.0967,R,C,86,-73,
1790828799.0216,O,,,,-2.49355
1790828799.0222,O,,,,-2.48694
1790828799.0228,O,,,,-2.47899
1790828799.0978,O,,,,-2.47105
1790828799.1024,R,B,85,-55,
1790828799.1025,R,A,99,-66,
1790828799.1483,R,B,86,-49,
1790828799.1506,R,C,87,-74,
1790828799.1616,R,A,100,-72,
1790828799.0993,O,,,,-2.46443
1790828799.1004,O,,,,-2.45781
1790828799.1013,O,,,,-2.44987
1790828799.1774,O,,,,-2.44325
1790828799.1896,R,C,88,-87,
1790828799.1900,R,A,101,-68,
1790828799.1901,R,B,87,-56,
1790828799.2370,R,C,89,-68,
1790828799.2375,R,A,102,-67,
1790828799.2376,R,B,88,-52,
1790828799.1788,O,,,,-2.43664
1790828799.1797,O,,,,-2.42869
1790828799.1806,O,,,,-2.42208
1790828799.2573,O,,,,-2.41546
1790828799.3284,R,C,90,-78,
1790828799.3288,R,B,89,-56,
1790828799.3289,R,A,103,-68,
1790828799.2588,O,,,,-2.40752
1790828799.2597,O,,,,-2.40090
1790828799.2605,O,,,,-2.39428
1790828799.3323,O,,,,-2.38634
1790828799.3722,R,B,90,-54,
1790828799.3726,R,C,91,-67,
1790828799.3731,R,A,104,-67,
1790828799.3333,O,,,,-2.37972
1790828799.3339,O,,,,-2.37178
1790828799.3344,O,,,,-2.36516
1790828799.4410,R,B,91,-48,
1790828799.4578,R,A,105,-71,
1790828799.4605,R,C,92,-71,
1790828799.4689,R,B,92,-53,
1790828799.4144,O,,,,-2.35854
1790828799.4161,O,,,,-2.35060
1790828799.4170,O,,,,-2.34266
1790828799.4175,O,,,,-2.33604
1790828799.4987,R,A,106,-67,
1790828799.4991,R,C,93,-71,
1790828799.4992,R,B,93,-56,
1790828799.5450,R,C,94,-71,
1790828799.5484,R,B,94,-51,
1790828799.5534,R,A,107,-67,
1790828799.4913,O,,,,-2.32810
1790828799.4921,O,,,,-2.32148
1790828799.4927,O,,,,-2.31486
1790828799.4932,O,,,,-2.30692
1790828799.5955,R,B,95,-49,
1790828799.5962,R,C,95,-71,
1790828799.5965,R,A,108,-71,
1790828799.5568,O,,,,-2.30030
1790828799.5574,O,,,,-2.29236
1790828799.5580,O,,,,-2.28574
1790828799.6431,R,C,96,-71,
1790828799.6482,R,B,96,-52,
1790828799.6617,R,A,109,-68,
1790828799.6980,R,B,97,-50,
1790828799.6394,O,,,,-2.27912
1790828799.6408,O,,,,-2.27118
1790828799.6415,O,,,,-2.26324
1790828799.6420,O,,,,-2.25662
1790828799.7329,R,B,98,-50,
1790828799.7331,R,A,110,-72,
1790828799.7853,R,C,97,-76,
1790828799.7211,O,,,,-2.25000
1790828799.7219,O,,,,-2.24206
1790828799.7224,O,,,,-2.23544
1790828799.7230,O,,,,-2.22882
1790828799.7994,R,B,99,-50,
1790828799.8013,R,A,111,-69,
1790828799.8297,R,A,112,-72,
1790828799.8484,R,B,100,-50,
1790828799.7967,O,,,,-2.22088
1790828799.7974,O,,,,-2.21426
1790828799.7981,O,,,,-2.20764
1790828799.7986,O,,,,-2.19970
1790828799.8735,O,,,,-2.19308
1790828799.8743,O,,,,-2.18646
1790828799.8749,O,,,,-2.17852
1790828799.8754,O,,,,-2.17190
1790828799.9388,R,B,101,-50,
1790828799.9623,R,A,113,-70,
1790828799.9654,R,B,102,-50,
1790828799.9983,R,C,98,-77,
1790828799.9986,R,A,114,-78,
1790828800.0105,R,C,99,-76,
1790828799.9465,O,,,,-2.16396
1790828799.9472,O,,,,-2.15734
1790828799.9479,O,,,,-2.14940
1790828799.9484,O,,,,-2.14411
1790828800.0126,R,A,115,-78,
1790828800.0188,R,B,103,-51,
1790828800.0493,R,A,116,-74,
1790828800.0613,R,C,100,-71,
1790828800.0234,O,,,,-2.13617
1790828800.0245,O,,,,-2.12822
1790828800.0251,O,,,,-2.12161
1790828800.0980,R,B,104,-51,
1790828800.1112,R,C,101,-73,
1790828800.1114,R,A,117,-69,
1790828800.1484,R,B,105,-54,
1790828800.0990,O,,,,-2.11499
1790828800.0999,O,,,,-2.10705
1790828800.1006,O,,,,-2.09910
1790828800.1011,O,,,,-2.09116
1790828800.1643,R,A,118,-75,
1790828800.1835,R,C,102,-71,
1790828800.1930,R,B,106,-54,
1790828800.2120,R,A,119,-79,
1790828800.2271,R,B,107,-54,
1790828800.2272,R,C,103,-70,
1790828800.2274,R,A,120,-68,
1790828800.1755,O,,,,-2.08587
1790828800.1764,O,,,,-2.07792
1790828800.1770,O,,,,-2.06998
1790828800.1776,O,,,,-2.06469
1790828800.2690,R,A,121,-72,
1790828800.2692,R,B,108,-55,
1790828800.2694,R,C,104,-74,
1790828800.3106,R,C,105,-73,
1790828800.3110,R,A,122,-70,
1790828800.2516,O,,,,-2.05675
1790828800.2524,O,,,,-2.04880
1790828800.2530,O,,,,-2.04086
1790828800.2536,O,,,,-2.03557
1790828800.3369,R,B,109,-55,
1790828800.3606,R,C,106,-75,
1790828800.3633,R,A,123,-74,
1790828800.3318,O,,,,-2.02763
1790828800.3325,O,,,,-2.01968
1790828800.3333,O,,,,-2.01439
1790828800.3339,O,,,,-2.00645
1790828800.3986,R,B,110,-56,
1790828800.4116,R,C,107,-69,
1790828800.4119,R,A,124,-66,
1790828800.4340,R,B,111,-55,
1790828800.4557,R,A,125,-68,
1790828800.4607,R,C,108,-71,
1790828800.4656,R,B,112,-56,
1790828800.4089,O,,,,-2.00115
1790828800.4097,O,,,,-1.99321
1790828800.4103,O,,,,-1.98659
1790828800.4109,O,,,,-1.97997
1790828800.4997,R,C,109,-74,
1790828800.5044,R,A,126,-70,
1790828800.5440,R,B,113,-54,
1790828800.4873,O,,,,-1.97203
1790828800.4880,O,,,,-1.96541
1790828800.4886,O,,,,-1.95880
1790828800.4891,O,,,,-1.95085
1790828800.5575,O,,,,-1.94291
1790828800.5604,R,C,110,-68,
1790828800.5616,R,A,127,-67,
1790828800.5902,R,C,111,-71,
1790828800.5907,R,B,114,-54,
1790828800.5911,R,A,128,-67,
1790828800.5585,O,,,,-1.93629
1790828800.5590,O,,,,-1.92835
1790828800.6320,O,,,,-1.92173
1790828800.6480,R,B,115,-56,
1790828800.6506,R,A,129,-67,
1790828800.6507,R,C,112,-73,
1790828800.6831,R,C,113,-68,
1790828800.6833,R,B,116,-51,
1790828800.6330,O,,,,-1.91511
1790828800.6336,O,,,,-1.90717
1790828800.6341,O,,,,-1.90055
1790828800.7151,R,A,130,-67,
1790828800.7363,R,B,117,-54,
1790828800.7117,O,,,,-1.89261
1790828800.7124,O,,,,-1.88599
1790828800.7133,O,,,,-1.87938
1790828800.7144,O,,,,-1.87143
1790828800.7799,R,B,118,-56,
1790828800.8105,R,C,114,-79,
1790828800.8117,R,A,131,-66,
1790828800.8244,R,C,115,-68,
1790828800.8245,R,A,132,-67,
1790828800.8484,R,B,119,-51,
1790828800.7883,O,,,,-1.86482
1790828800.7895,O,,,,-1.85820
1790828800.7901,O,,,,-1.85026
1790828800.7906,O,,,,-1.84496
1790828800.8734,R,C,116,-68,
1790828800.8736,R,A,133,-67,
1790828800.8992,R,B,120,-51,
1790828800.8750,O,,,,-1.83702
1790828800.8764,O,,,,-1.82908
1790828800.8770,O,,,,-1.82246
1790828800.8775,O,,,,-1.81584
1790828800.9482,R,B,121,-56,
1790828800.9610,R,C,117,-75,
1790828800.9619,R,A,134,-65,
1790828800.9675,R,C,118,-73,
1790828800.9678,R,B,122,-55,
1790828800.9796,R,A,135,-69,
1790828801.0165,R,A,136,-67,
1790828800.9553,O,,,,-1.80790
1790828800.9568,O,,,,-1.79996
1790828800.9573,O,,,,-1.79466
1790828800.9579,O,,,,-1.78672
1790828801.0173,O,,,,-1.77878
1790828801.0226,R,C,119,-67,
1790828801.0227,R,B,123,-52,
1790828801.0570,R,C,120,-68,
1790828801.0571,R,A,137,-69,
1790828801.0611,R,B,124,-53,
1790828801.0183,O,,,,-1.77348
1790828801.0189,O,,,,-1.76554
1790828801.0921,O,,,,-1.75760
1790828801.1030,R,A,138,-64,
1790828801.1105,R,C,121,-69,
1790828801.1498,R,C,122,-68,
1790828801.1500,R,A,139,-73,
1790828801.0932,O,,,,-1.75098
1790828801.0937,O,,,,-1.74304
1790828801.0943,O,,,,-1.73642
1790828801.2005,R,C,123,-76,
1790828801.2116,R,A,140,-71,
1790828801.1806,O,,,,-1.72848
1790828801.1815,O,,,,-1.72186
1790828801.1821,O,,,,-1.71524
1790828801.1827,O,,,,-1.70730
1790828801.2472,O,,,,-1.70068
1790828801.2509,R,A,141,-66,
1790828801.2510,R,B,125,-55,
1790828801.2608,R,C,124,-67,
1790828801.2950,R,A,142,-77,
1790828801.2984,R,B,126,-55,
1790828801.3106,R,C,125,-66,
1790828801.2484,O,,,,-1.69274
1790828801.2493,O,,,,-1.68612
1790828801.2501,O,,,,-1.67818
1790828801.3269,O,,,,-1.67156
1790828801.3479,R,B,127,-50,
1790828801.3547,R,C,126,-66,
1790828801.3551,R,A,143,-74,
1790828801.3279,O,,,,-1.66494
1790828801.3285,O,,,,-1.65700
1790828801.3290,O,,,,-1.64906
1790828801.4072,O,,,,-1.64377
1790828801.4312,R,A,144,-83,
1790828801.4313,R,C,127,-64,
1790828801.4451,R,B,128,-52,
1790828801.4084,O,,,,-1.63582
1790828801.4092,O,,,,-1.62920
1790828801.4098,O,,,,-1.62126
1790828801.4771,O,,,,-1.61464
1790828801.4870,R,B,129,-50,
1790828801.4873,R,A,145,-79,
1790828801.4874,R,C,128,-62,
1790828801.5483,R,B,130,-55,
1790828801.4781,O,,,,-1.60670
1790828801.4787,O,,,,-1.60008
1790828801.4792,O,,,,-1.59214
1790828801.5545,R,C,129,-63,
1790828801.5616,R,A,146,-71,
1790828801.5688,R,C,130,-61,
1790828801.5689,R,B,131,-51,
1790828801.5691,R,A,147,-80,
1790828801.6095,R,C,131,-60,
1790828801.6097,R,A,148,-78,
1790828801.6125,R,B,132,-49,
1790828801.5522,O,,,,-1.58552
1790828801.5529,O,,,,-1.57891
1790828801.5534,O,,,,-1.57096
1790828801.6591,R,A,149,-86,
1790828801.6592,R,C,132,-61,
1790828801.6985,R,B,133,-54,
1790828801.6326,O,,,,-1.56435
1790828801.6333,O,,,,-1.55640
1790828801.6338,O,,,,-1.54979
1790828801.6343,O,,,,-1.54317
1790828801.7072,O,,,,-1.53523
1790828801.7105,R,C,133,-63,
1790828801.7124,R,A,150,-72,
1790828801.7415,R,C,134,-59,
1790828801.7490,R,B,134,-50,
1790828801.7605,R,A,151,-76,
1790828801.7082,O,,,,-1.52861
1790828801.7088,O,,,,-1.52066
1790828801.7093,O,,,,-1.51405
1790828801.7824,R,B,135,-53,
1790828801.7950,R,C,135,-61,
1790828801.8313,R,B,136,-55,
1790828801.8475,R,C,136,-64,
1790828801.8490,R,A,152,-79,
1790828801.7878,O,,,,-1.50610
1790828801.7886,O,,,,-1.49949
1790828801.7892,O,,,,-1.49287
1790828801.7897,O,,,,-1.48625
1790828801.8998,R,B,137,-53,
1790828801.9036,R,A,153,-73,
1790828801.9037,R,C,137,-59,
1790828801.9240,R,A,154,-88,
1790828801.9241,R,C,138,-62,
1790828801.9243,R,B,138,-50,
1790828801.8673,O,,,,-1.47831
1790828801.8684,O,,,,-1.47169
1790828801.8689,O,,,,-1.46375
1790828801.8694,O,,,,-1.45713
1790828801.9984,R,B,139,-55,
1790828802.0054,R,C,139,-60,
1790828802.0055,R,A,155,-84,
1790828801.9452,O,,,,-1.44919
1790828801.9467,O,,,,-1.44389
1790828801.9480,O,,,,-1.43595
1790828801.9486,O,,,,-1.42801
1790828802.0249,R,B,140,-51,
1790828802.0253,R,C,140,-60,
1790828802.0258,R,A,156,-70,
1790828802.0124,O,,,,-1.42139
1790828802.0130,O,,,,-1.41477
1790828802.0135,O,,,,-1.40683
1790828802.0920,O,,,,-1.40021
1790828802.0980,R,B,141,-53,
1790828802.1086,R,C,141,-58,
1790828802.1107,R,C,142,-58,
1790828802.1122,R,A,157,-85,
1790828802.1156,R,B,142,-55,
1790828802.1569,R,A,158,-84,
1790828802.1609,R,C,143,-57,
1790828802.1646,R,B,143,-51,
1790828802.0930,O,,,,-1.39359
1790828802.0935,O,,,,-1.38565
1790828802.0941,O,,,,-1.37771
1790828802.1670,O,,,,-1.37109
1790828802.2034,R,C,144,-57,
1790828802.2036,R,B,144,-53,
1790828802.2123,R,A,159,-70,
1790828802.1684,O,,,,-1.36447
1790828802.1693,O,,,,-1.35653
1790828802.1702,O,,,,-1.34991
1790828802.2533,R,C,145,-56,
1790828802.2625,R,A,160,-89,
1790828802.3104,R,C,146,-58,
1790828802.3119,R,A,161,-84,
1790828802.2502,O,,,,-1.34197
1790828802.2514,O,,,,-1.33535
1790828802.2520,O,,,,-1.32873
1790828802.2525,O,,,,-1.32079
1790828802.3449,R,C,147,-56,
1790828802.3486,R,B,145,-55,
1790828802.3618,R,A,162,-74,
1790828802.3864,R,C,148,-59,
1790828802.3902,R,A,163,-82,
1790828802.3270,O,,,,-1.31417
1790828802.3278,O,,,,-1.30623
1790828802.3284,O,,,,-1.29961
1790828802.3290,O,,,,-1.29300
1790828802.3918,R,B,146,-53,
1790828802.4338,R,C,149,-63,
1790828802.4341,R,A,164,-76,
1790828802.4484,R,B,147,-55,
1790828802.4025,O,,,,-1.28505
1790828802.4034,O,,,,-1.27711
1790828802.4039,O,,,,-1.27182
1790828802.4044,O,,,,-1.26388
1790828802.4760,R,C,150,-57,
1790828802.4762,R,B,148,-56,
1790828802.4764,R,A,165,-85,
1790828802.5255,R,A,166,-71,
1790828802.5258,R,B,149,-50,
1790828802.5261,R,C,151,-60,
1790828802.4727,O,,,,-1.25593
1790828802.4743,O,,,,-1.25064
1790828802.4749,O,,,,-1.24270
1790828802.5991,R,B,150,-54,
1790828802.6090,R,A,167,-68,
1790828802.6092,R,C,152,-62,
1790828802.5545,O,,,,-1.23475
1790828802.5554,O,,,,-1.22946
1790828802.5559,O,,,,-1.22152
1790828802.5565,O,,,,-1.21490
1790828802.6278,R,B,151,-56,
1790828802.6483,R,B,152,-56,
1790828802.6566,R,A,168,-71,
1790828802.6605,R,C,153,-57,
1790828802.6318,O,,,,-1.20828
1790828802.6326,O,,,,-1.20034
1790828802.6332,O,,,,-1.19372
1790828802.6337,O,,,,-1.18710
1790828802.6970,R,C,154,-60,
1790828802.6973,R,A,169,-66,
1790828802.6974,R,B,153,-54,
1790828802.7483,R,B,154,-55,
1790828802.7607,R,C,155,-64,
1790828802.7617,R,A,170,-66,
1790828802.7091,O,,,,-1.17916
1790828802.7099,O,,,,-1.17254
1790828802.7104,O,,,,-1.16460
1790828802.7110,O,,,,-1.15798
1790828802.7982,R,B,155,-55,
1790828802.8105,R,C,156,-60,
1790828802.8120,R,A,171,-68,
1790828802.8382,R,B,156,-54,
1790828802.8386,R,C,157,-62,
1790828802.8387,R,A,172,-65,
1790828802.7871,O,,,,-1.15136
1790828802.7877,O,,,,-1.14342
1790828802.7882,O,,,,-1.13548
1790828802.7888,O,,,,-1.13019
1790828802.8858,R,C,158,-63,
1790828802.8859,R,B,157,-50,
1790828802.9118,R,A,173,-64,
1790828802.8616,O,,,,-1.12224
1790828802.8624,O,,,,-1.11430
1790828802.8630,O,,,,-1.10768
1790828802.8640,O,,,,-1.10107
1790828802.9539,R,C,159,-64,
1790828802.9542,R,B,158,-56,
1790828802.9619,R,A,174,-67,
1790828803.0004,R,A,175,-65,
1790828803.0006,R,C,160,-66,
1790828802.9418,O,,,,-1.09312
1790828802.9425,O,,,,-1.08518
1790828802.9434,O,,,,-1.07856
1790828802.9439,O,,,,-1.07194
1790828803.0413,R,B,159,-51,
1790828803.0414,R,C,161,-60,
1790828803.0416,R,A,176,-65,
1790828803.0865,R,B,160,-51,
1790828803.0072,O,,,,-1.06400
1790828803.0078,O,,,,-1.05738
1790828803.0083,O,,,,-1.04944
1790828803.0874,O,,,,-1.04282
1790828803.1110,R,C,162,-62,
1790828803.1117,R,A,177,-68,
1790828803.1483,R,B,161,-56,
1790828803.1606,R,C,163,-64,
1790828803.1618,R,A,178,-66,
1790828803.0885,O,,,,-1.03621
1790828803.0891,O,,,,-1.02826
1790828803.0896,O,,,,-1.02165
1790828803.1673,O,,,,-1.01370
1790828803.1831,R,B,162,-50,
1790828803.1833,R,C,164,-58,
1790828803.2120,R,A,179,-67,
1790828803.2243,R,B,163,-53,
1790828803.2338,R,C,165,-61,
1790828803.2340,R,A,180,-71,
1790828803.1683,O,,,,-1.00709
1790828803.1689,O,,,,-1.00047
1790828803.1694,O,,,,-0.99253
1790828803.2421,O,,,,-0.98591
1790828803.2694,R,C,166,-63,
1790828803.2696,R,B,164,-57,
1790828803.2744,R,A,181,-71,
1790828803.3113,R,C,167,-63,
1790828803.3118,R,A,182,-72,
1790828803.2432,O,,,,-0.97797
1790828803.2438,O,,,,-0.97002
1790828803.2443,O,,,,-0.96340
1790828803.3221,O,,,,-0.95679
1790828803.3482,R,B,165,-51,
1790828803.3613,R,C,168,-62,
1790828803.3617,R,A,183,-71,
1790828803.3634,R,B,166,-51,
1790828803.3232,O,,,,-0.94884
1790828803.3238,O,,,,-0.94223
1790828803.3244,O,,,,-0.93561
1790828803.3991,R,C,169,-61,
1790828803.3994,R,A,184,-74,
1790828803.4456,R,C,170,-64,
1790828803.4459,R,B,167,-50,
1790828803.4466,R,A,185,-75,
1790828803.4025,O,,,,-0.92899
1790828803.4047,O,,,,-0.92105
1790828803.4056,O,,,,-0.91443
1790828803.4065,O,,,,-0.90781
1790828803.4672,O,,,,-0.90119
1790828803.4938,R,C,171,-58,
1790828803.4946,R,B,168,-54,
1790828803.4946,R,A,186,-75,
1790828803.5417,R,C,172,-61,
1790828803.5420,R,A,187,-70,
1790828803.5423,R,B,169,-51,
1790828803.4682,O,,,,-0.89325
1790828803.4688,O,,,,-0.88663
1790828803.5472,O,,,,-0.88001
1790828803.5986,R,A,188,-73,
1790828803.5988,R,B,170,-54,
1790828803.6108,R,C,173,-62,
1790828803.5483,O,,,,-0.87207
1790828803.5489,O,,,,-0.86413
1790828803.5494,O,,,,-0.85884
1790828803.6273,O,,,,-0.85089
1790828803.6480,R,B,171,-55,
1790828803.6554,R,C,174,-54,
1790828803.6618,R,A,189,-73,
1790828803.6778,R,A,190,-70,
1790828803.6283,O,,,,-0.84295
1790828803.6289,O,,,,-0.83633
1790828803.6294,O,,,,-0.82972
1790828803.7483,R,A,191,-73,
1790828803.7484,R,C,175,-60,
1790828803.7486,R,B,172,-55,
1790828803.7712,R,B,173,-55,
1790828803.7713,R,C,176,-55,
1790828803.7722,R,A,192,-79,
1790828803.7086,O,,,,-0.82177
1790828803.7094,O,,,,-0.81516
1790828803.7099,O,,,,-0.80854
1790828803.7105,O,,,,-0.80060
1790828803.8167,R,B,174,-50,
1790828803.8170,R,A,193,-72,
1790828803.8172,R,C,177,-58,
1790828803.7879,O,,,,-0.79398
1790828803.7894,O,,,,-0.78736
1790828803.7900,O,,,,-0.77942
1790828803.7905,O,,,,-0.77280
1790828803.8573,O,,,,-0.76486
1790828803.8606,R,C,178,-59,
1790828803.8620,R,A,194,-73,
1790828803.8914,R,B,175,-54,
1790828803.8984,R,B,176,-55,
1790828803.8986,R,C,179,-59,
1790828803.8987,R,A,195,-73,
1790828803.8585,O,,,,-0.75824
1790828803.8591,O,,,,-0.75030
1790828803.8596,O,,,,-0.74368
1790828803.9370,O,,,,-0.73574
1790828803.9403,R,B,177,-53,
1790828803.9614,R,C,180,-57,
1790828803.9618,R,A,196,-78,
1790828803.9838,R,B,178,-52,
1790828803.9839,R,C,181,-60,
1790828803.9847,R,A,197,-82,
1790828803.9381,O,,,,-0.72912
1790828803.9389,O,,,,-0.72250
1790828803.9396,O,,,,-0.71456
1790828804.0072,O,,,,-0.70794
1790828804.0465,R,B,179,-55,
1790828804.0468,R,A,198,-76,
1790828804.0469,R,C,182,-60,
1790828804.0764,R,C,183,-56,
1790828804.0766,R,A,199,-74,
1790828804.0083,O,,,,-0.70132
1790828804.0088,O,,,,-0.69338
1790828804.0862,R,B,180,-56,
1790828804.1387,R,A,200,-83,
1790828804.1390,R,B,181,-53,
1790828804.1391,R,C,184,-60,
1790828804.0916,O,,,,-0.68676
1790828804.0934,O,,,,-0.67882
1790828804.0940,O,,,,-0.67220
1790828804.0945,O,,,,-0.66426
1790828804.1984,R,B,182,-55,
1790828804.2046,R,C,185,-60,
1790828804.2134,R,B,183,-55,
1790828804.1620,O,,,,-0.65764
1790828804.1629,O,,,,-0.65102
1790828804.1638,O,,,,-0.64308
1790828804.1647,O,,,,-0.63646
1790828804.2557,R,A,201,-70,
1790828804.2612,R,C,186,-54,
1790828804.2865,R,B,184,-55,
1790828804.2962,R,B,185,-52,
1790828804.3099,R,C,187,-59,
1790828804.3101,R,A,202,-73,
1790828804.2423,O,,,,-0.62984
1790828804.2429,O,,,,-0.62190
1790828804.2435,O,,,,-0.61528
1790828804.2440,O,,,,-0.60734
1790828804.3173,O,,,,-0.60072
1790828804.3464,R,C,188,-60,
1790828804.3475,R,A,203,-71,
1790828804.3483,R,B,186,-56,
1790828804.3183,O,,,,-0.59278
1790828804.3189,O,,,,-0.58616
1790828804.3194,O,,,,-0.57954
1790828804.3969,O,,,,-0.57160
1790828804.3998,R,B,187,-57,
1790828804.4107,R,C,189,-52,
1790828804.4120,R,A,204,-69,
1790828804.4358,R,A,205,-73,
1790828804.4360,R,C,190,-60,
1790828804.4414,R,B,188,-52,
1790828804.3979,O,,,,-0.56498
1790828804.3985,O,,,,-0.55837
1790828804.3991,O,,,,-0.55042
1790828804.4947,R,B,189,-55,
1790828804.4966,R,A,206,-71,
1790828804.5105,R,C,191,-60,
1790828804.5297,R,B,190,-57,
1790828804.5310,R,A,207,-70,
1790828804.4665,O,,,,-0.54248
1790828804.4672,O,,,,-0.53586
1790828804.4677,O,,,,-0.52925
1790828804.5870,R,B,191,-51,
1790828804.5973,R,A,208,-73,
1790828804.5975,R,C,192,-63,
1790828804.6151,R,B,192,-55,
1790828804.5464,O,,,,-0.52130
1790828804.5471,O,,,,-0.51469
1790828804.5476,O,,,,-0.50807
1790828804.5482,O,,,,-0.50012
1790828804.6223,O,,,,-0.49218
1790828804.6254,R,C,193,-61,
1790828804.6618,R,A,209,-71,
1790828804.6880,R,B,193,-56,
1790828804.6235,O,,,,-0.48556
1790828804.6241,O,,,,-0.47895
1790828804.6246,O,,,,-0.47100
1790828804.7023,O,,,,-0.46439
1790828804.7314,R,B,194,-55,
1790828804.7606,R,C,194,-63,
1790828804.7625,R,A,210,-72,
1790828804.7033,O,,,,-0.45777
1790828804.7039,O,,,,-0.44983
1790828804.7044,O,,,,-0.44453
1790828804.7771,O,,,,-0.43659
1790828804.7983,R,B,195,-56,
1790828804.8029,R,A,211,-72,
1790828804.8113,R,C,195,-60,
1790828804.8353,R,B,196,-56,
1790828804.8483,R,B,197,-57,
1790828804.8485,R,A,212,-69,
1790828804.7781,O,,,,-0.42865
1790828804.7786,O,,,,-0.42203
1790828804.7792,O,,,,-0.41541
1790828804.8644,R,C,196,-51,
1790828804.8903,R,C,197,-61,
1790828804.8906,R,B,198,-59,
1790828804.8907,R,A,213,-72,
1790828804.8610,O,,,,-0.40747
1790828804.8625,O,,,,-0.39953
1790828804.8632,O,,,,-0.39291
1790828804.8637,O,,,,-0.38629
1790828804.9418,R,C,198,-59,
1790828804.9421,R,B,199,-58,
1790828804.9422,R,A,214,-72,
1790828804.9986,R,B,200,-58,
1790828805.0011,R,C,199,-50,
1790828804.9386,O,,,,-0.37835
1790828804.9395,O,,,,-0.37305
1790828804.9402,O,,,,-0.36511
1790828804.9410,O,,,,-0.35717
1790828805.0020,O,,,,-0.34923
1790828805.0044,R,A,215,-72,
1790828805.0422,R,C,200,-57,
1790828805.0432,R,A,216,-77,
1790828805.0434,R,B,201,-58,
1790828805.0706,R,B,202,-59,
1790828805.0030,O,,,,-0.34393
1790828805.0036,O,,,,-0.33599
1790828805.0746,R,A,217,-75,
1790828805.0747,R,C,201,-59,
1790828805.1196,R,B,203,-59,
1790828805.0852,O,,,,-0.32805
1790828805.0865,O,,,,-0.32143
1790828805.0871,O,,,,-0.31481
1790828805.0877,O,,,,-0.30687
1790828805.1513,R,A,218,-79,
1790828805.1514,R,C,202,-51,
1790828805.1658,R,C,203,-50,
1790828805.1659,R,A,219,-83,
1790828805.1813,R,B,204,-55,
1790828805.2058,R,A,220,-81,
1790828805.2070,R,C,204,-57,
1790828805.1624,O,,,,-0.29893
1790828805.1636,O,,,,-0.29363
1790828805.1643,O,,,,-0.28569
1790828805.1650,O,,,,-0.27775
1790828805.2433,R,B,205,-58,
1790828805.2563,R,C,205,-59,
1790828805.2567,R,A,221,-76,
1790828805.2593,R,B,206,-57,
1790828805.2386,O,,,,-0.27246
1790828805.2401,O,,,,-0.26451
1790828805.2412,O,,,,-0.25657
1790828805.2422,O,,,,-0.25128
1790828805.3106,R,C,206,-51,
1790828805.3118,R,A,222,-78,
1790828805.3455,R,C,207,-61,
1790828805.3458,R,A,223,-71,
1790828805.3488,R,B,207,-52,
1790828805.3165,O,,,,-0.24334
1790828805.3172,O,,,,-0.23539
1790828805.3178,O,,,,-0.23010
1790828805.3183,O,,,,-0.22216
1790828805.3954,R,A,224,-73,
1790828805.3956,R,C,208,-57,
1790828805.4005,R,B,208,-56,
1790828805.4486,R,B,209,-53,
1790828805.3972,O,,,,-0.21421
1790828805.3983,O,,,,-0.20892
1790828805.3992,O,,,,-0.20098
1790828805.3998,O,,,,-0.19304
1790828805.4607,R,C,209,-49,
1790828805.4622,R,A,225,-72,
1790828805.4985,R,B,210,-51,
1790828805.5014,R,C,210,-61,
1790828805.5121,R,A,226,-68,
1790828805.5262,R,B,211,-52,
1790828805.4678,O,,,,-0.18509
1790828805.4695,O,,,,-0.17980
1790828805.4701,O,,,,-0.17186
1790828805.5613,R,C,211,-55,
1790828805.5619,R,A,227,-67,
1790828805.5762,R,A,228,-67,
1790828805.5764,R,B,212,-54,
1790828805.5765,R,C,212,-50,
1790828805.5445,O,,,,-0.16392
1790828805.5454,O,,,,-0.15862
1790828805.5461,O,,,,-0.15068
1790828805.5466,O,,,,-0.14274
1790828805.6239,R,B,213,-53,
1790828805.6340,R,C,213,-58,
1790828805.6356,R,A,229,-66,
1790828805.6696,R,B,214,-52,
1790828805.6781,R,C,214,-55,
1790828805.6783,R,A,230,-67,
1790828805.6214,O,,,,-0.13612
1790828805.6221,O,,,,-0.12950
1790828805.6227,O,,,,-0.12156
1790828805.6233,O,,,,-0.11362
1790828805.7098,R,A,231,-66,
1790828805.7105,R,C,215,-55,
1790828805.7486,R,B,215,-52,
1790828805.7581,R,B,216,-52,
1790828805.7595,R,C,216,-51,
1790828805.6969,O,,,,-0.10700
1790828805.6976,O,,,,-0.10038
1790828805.6984,O,,,,-0.09244
1790828805.6992,O,,,,-0.08714
1790828805.7618,R,A,232,-65,
1790828805.8106,R,C,217,-56,
1790828805.8119,R,A,233,-66,
1790828805.7784,O,,,,-0.07920
1790828805.7792,O,,,,-0.07258
1790828805.7798,O,,,,-0.06464
1790828805.7807,O,,,,-0.05802
1790828805.8438,R,B,217,-52,
1790828805.8461,R,B,218,-54,
1790828805.8606,R,C,218,-55,
1790828805.8626,R,A,234,-67,
1790828805.8890,R,A,235,-64,
1790828805.8942,R,C,219,-50,
1790828805.8944,R,B,219,-55,
1790828805.8559,O,,,,-0.05008
1790828805.8566,O,,,,-0.04346
1790828805.8572,O,,,,-0.03684
1790828805.8577,O,,,,-0.02890
1790828805.9324,R,B,220,-53,
1790828805.9328,R,C,220,-55,
1790828805.9464,R,A,236,-68,
1790828805.9762,R,C,221,-55,
1790828805.9764,R,B,221,-51,
1790828805.9765,R,A,237,-68,
1790828805.9352,O,,,,-0.02228
1790828805.9366,O,,,,-0.01567
1790828805.9371,O,,,,-0.00772
1790828805.9377,O,,,,-0.00111
1790828806.0022,O,,,,0.00551
1790828806.0235,R,B,222,-55,
1790828806.0400,R,C,222,-52,
1790828806.0622,R,A,238,-64,
1790828806.0796,R,B,223,-52,
1790828806.0032,O,,,,0.01345
1790828806.0038,O,,,,0.02140
1790828806.0818,O,,,,0.02801
1790828806.1057,R,C,223,-56,
1790828806.1119,R,A,239,-72,
1790828806.1264,R,C,224,-56,
1790828806.1484,R,B,224,-55,
1790828806.1488,R,A,240,-67,
1790828806.0828,O,,,,0.03463
1790828806.0834,O,,,,0.04125
1790828806.0839,O,,,,0.04919
1790828806.1569,O,,,,0.05714
1790828806.1620,R,A,241,-68,
1790828806.1985,R,B,225,-51,
1790828806.2070,R,C,225,-54,
1790828806.2073,R,A,242,-64,
1790828806.1580,O,,,,0.06375
1790828806.1585,O,,,,0.07037
1790828806.1591,O,,,,0.07831
1790828806.2448,R,C,226,-58,
1790828806.2486,R,B,226,-56,
1790828806.2631,R,A,243,-71,
1790828806.2952,R,A,244,-69,
1790828806.2953,R,C,227,-57,
1790828806.2988,R,B,227,-56,
1790828806.2387,O,,,,0.08361
1790828806.2394,O,,,,0.09155
1790828806.2403,O,,,,0.09817
1790828806.2409,O,,,,0.10479
1790828806.3445,R,A,245,-64,
1790828806.3446,R,B,228,-53,
1790828806.3449,R,C,228,-56,
1790828806.3193,O,,,,0.11273
1790828806.3206,O,,,,0.11935
1790828806.3211,O,,,,0.12597
1790828806.3217,O,,,,0.13258
1790828806.3981,R,B,229,-57,
1790828806.4106,R,C,229,-60,
1790828806.4121,R,A,246,-72,
1790828806.4303,R,C,230,-57,
1790828806.4305,R,A,247,-68,
1790828806.4360,R,B,230,-57,
1790828806.4019,O,,,,0.14053
1790828806.4031,O,,,,0.14582
1790828806.4041,O,,,,0.15376
1790828806.4049,O,,,,0.16170
1790828806.4622,O,,,,0.16965
1790828806.4929,R,C,231,-58,
1790828806.4931,R,B,231,-57,
1790828806.4936,R,A,248,-65,
1790828806.5150,R,B,232,-60,
1790828806.5300,R,C,232,-60,
1790828806.4633,O,,,,0.17494
1790828806.4639,O,,,,0.18288
1790828806.5388,R,A,249,-72,
1790828806.5573,R,C,233,-60,
1790828806.5622,R,A,250,-73,
1790828806.5812,R,B,233,-59,
1790828806.6030,R,A,251,-70,
1790828806.6106,R,C,234,-59,
1790828806.5420,O,,,,0.19082
1790828806.5437,O,,,,0.19877
1790828806.5447,O,,,,0.20538
1790828806.5457,O,,,,0.21333
1790828806.6126,R,B,234,-59,
1790828806.6486,R,B,235,-57,
1790828806.6491,R,A,252,-68,
1790828806.6492,R,C,235,-58,
1790828806.6240,O,,,,0.22127
1790828806.6248,O,,,,0.22789
1790828806.6254,O,,,,0.23451
1790828806.6259,O,,,,0.24245
1790828806.6989,R,B,236,-61,
1790828806.7106,R,C,236,-58,
1790828806.7119,R,A,253,-74,
1790828806.7412,R,C,237,-57,
1790828806.7482,R,B,237,-59,
1790828806.7565,R,A,254,-70,
1790828806.7036,O,,,,0.24907
1790828806.7050,O,,,,0.25568
1790828806.7056,O,,,,0.26363
1790828806.7062,O,,,,0.27024
1790828806.7907,R,B,238,-57,
1790828806.7912,R,C,238,-57,
1790828806.8119,R,A,255,-68,
1790828806.8358,R,C,239,-58,
1790828806.8361,R,B,239,-60,
1790828806.8366,R,A,256,-72,
1790828806.7816,O,,,,0.27686
1790828806.7824,O,,,,0.28480
1790828806.7830,O,,,,0.29275
1790828806.7835,O,,,,0.29804
1790828806.8830,R,B,240,-57,
1790828806.8831,R,C,240,-56,
1790828806.8956,R,A,257,-72,
1790828806.8572,O,,,,0.30598
1790828806.8586,O,,,,0.31392
1790828806.8592,O,,,,0.31922
1790828806.8597,O,,,,0.32716
1790828806.9239,R,C,241,-55,
1790828806.9242,R,A,258,-73,
1790828806.9330,R,B,241,-57,
1790828806.9651,R,B,242,-60,
1790828806.9272,O,,,,0.33510
1790828806.9285,O,,,,0.34305
1790828806.9291,O,,,,0.34834
1790828807.0112,R,C,242,-61,
1790828807.0126,R,A,259,-74,
1790828807.0332,R,B,243,-59,
1790828807.0549,R,A,260,-84,
1790828807.0562,R,C,243,-55,
1790828806.9966,O,,,,0.35628
1790828806.9972,O,,,,0.36422
1790828806.9977,O,,,,0.37084
1790828806.9982,O,,,,0.37746
1790828807.0955,R,C,244,-51,
1790828807.0984,R,B,244,-59,
1790828807.1119,R,A,261,-71,
1790828807.1424,R,B,245,-62,
1790828807.1426,R,C,245,-60,
1790828807.0773,O,,,,0.38540
1790828807.0779,O,,,,0.39202
1790828807.0784,O,,,,0.39864
1790828807.0790,O,,,,0.40658
1790828807.1522,O,,,,0.41452
1790828807.1620,R,A,262,-83,
1790828807.1991,R,B,246,-61,
1790828807.2107,R,C,246,-54,
1790828807.2121,R,A,263,-73,
1790828807.2293,R,C,247,-49,
1790828807.1533,O,,,,0.41982
1790828807.1539,O,,,,0.42776
1790828807.1544,O,,,,0.43570
1790828807.2319,O,,,,0.44364
1790828807.2442,R,B,247,-59,
1790828807.2446,R,A,264,-73,
1790828807.2825,R,B,248,-65,
1790828807.2826,R,C,248,-58,
1790828807.2828,R,A,265,-72,
1790828807.2329,O,,,,0.44894
1790828807.2334,O,,,,0.45688
1790828807.2340,O,,,,0.46482
1790828807.3187,R,B,249,-63,
1790828807.3190,R,C,249,-54,
1790828807.3191,R,A,266,-76,
1790828807.3683,R,B,250,-60,
1790828807.3684,R,A,267,-77,
1790828807.3685,R,C,250,-50,
1790828807.3130,O,,,,0.47012
1790828807.3142,O,,,,0.47806
1790828807.3149,O,,,,0.48600
1790828807.3154,O,,,,0.49262
1790828807.4064,R,A,268,-76,
1790828807.4106,R,C,251,-50,
1790828807.4352,R,B,251,-67,
1790828807.4454,R,C,252,-60,
1790828807.4485,R,B,252,-66,
1790828807.4525,R,A,269,-69,
1790828807.3908,O,,,,0.49924
1790828807.3915,O,,,,0.50718
1790828807.3921,O,,,,0.51247
1790828807.3926,O,,,,0.52042
1790828807.4945,R,C,253,-51,
1790828807.4565,O,,,,0.52836
1790828807.4571,O,,,,0.53498
1790828807.4576,O,,,,0.54159
1790828807.5483,R,B,253,-64,
1790828807.5578,R,C,254,-50,
1790828807.5591,R,A,270,-73,
1790828807.5355,O,,,,0.54954
1790828807.5371,O,,,,0.55615
1790828807.5380,O,,,,0.56277
1790828807.5389,O,,,,0.57071
1790828807.6457,R,C,255,-51,
1790828807.6459,R,A,271,-68,
1790828807.6136,O,,,,0.57866
1790828807.6159,O,,,,0.58395
1790828807.6168,O,,,,0.59189
1790828807.6177,O,,,,0.59983
1790828807.6841,R,C,256,-50,
1790828807.7490,R,B,254,-64,
1790828807.7532,R,C,257,-55,
1790828807.7533,R,A,272,-69,
1790828807.6919,O,,,,0.60778
1790828807.6936,O,,,,0.61307
1790828807.6941,O,,,,0.62101
1790828807.6947,O,,,,0.62896
1790828807.7698,R,C,258,-51,
1790828807.7728,R,B,255,-68,
1790828807.8115,R,A,273,-68,
1790828807.8141,R,A,274,-68,
1790828807.7701,O,,,,0.63425
1790828807.7710,O,,,,0.64219
1790828807.7715,O,,,,0.65013
1790828807.7721,O,,,,0.65675
1790828807.8411,R,B,256,-66,
1790828807.8587,R,B,257,-67,
1790828807.8589,R,C,259,-49,
1790828807.8592,R,A,275,-68,
1790828807.9004,R,C,260,-55,
1790828807.8468,O,,,,0.66337
1790828807.8476,O,,,,0.67131
1790828807.8482,O,,,,0.67925
1790828807.8488,O,,,,0.68455
1790828807.9118,R,A,276,-68,
1790828807.9484,R,A,277,-67,
1790828807.9485,R,B,258,-66,
1790828807.9609,R,C,261,-51,
1790828807.9177,O,,,,0.69117
1790828807.9193,O,,,,0.69779
1790828807.9199,O,,,,0.70573
1790828808.0002,R,B,259,-68,
1790828808.0108,R,C,262,-49,
1790828808.0119,R,A,278,-67,
1790828808.0433,R,B,260,-74,
1790828808.0436,R,C,263,-54,
1790828808.0451,R,A,279,-68,
1790828807.9969,O,,,,0.71235
1790828807.9978,O,,,,0.71896
1790828807.9987,O,,,,0.72691
1790828807.9994,O,,,,0.73485
1790828808.0730,O,,,,0.74279
1790828808.0745,O,,,,0.74808
1790828808.0751,O,,,,0.75603
1790828808.0756,O,,,,0.76397
1790828808.1313,R,C,264,-50,
1790828808.1322,R,B,261,-71,
1790828808.1323,R,A,280,-68,
1790828808.1783,R,C,265,-54,
1790828808.1785,R,B,262,-85,
1790828808.1984,R,A,281,-68,
1790828808.1515,O,,,,0.77059
1790828808.1521,O,,,,0.77720
1790828808.1527,O,,,,0.78515
1790828808.1532,O,,,,0.79309
1790828808.2277,R,C,266,-55,
1790828808.2279,R,B,263,-74,
1790828808.2285,R,A,282,-67,
1790828808.2781,R,A,283,-72,
1790828808.2783,R,C,267,-52,
1790828808.2319,O,,,,0.79838
1790828808.2325,O,,,,0.80633
1790828808.2331,O,,,,0.81427
1790828808.2336,O,,,,0.82089
1790828808.2982,R,B,264,-73,
1790828808.3096,R,B,265,-81,
1790828808.3100,R,C,268,-51,
1790828808.3102,R,A,284,-74,
1790828808.3529,R,A,285,-69,
1790828808.3608,R,C,269,-55,
1790828808.3067,O,,,,0.82750
1790828808.3077,O,,,,0.83545
1790828808.3084,O,,,,0.84206
1790828808.3089,O,,,,0.84868
1790828808.3990,R,C,270,-57,
1790828808.3991,R,A,286,-70,
1790828808.4482,R,B,266,-71,
1790828808.3869,O,,,,0.85662
1790828808.3877,O,,,,0.86324
1790828808.3883,O,,,,0.86986
1790828808.3889,O,,,,0.87780
1790828808.4606,R,C,271,-52,
1790828808.4620,R,A,287,-72,
1790828808.4985,R,B,267,-83,
1790828808.5108,R,C,272,-53,
1790828808.5126,R,A,288,-72,
1790828808.4565,O,,,,0.88574
1790828808.4571,O,,,,0.89236
1790828808.4577,O,,,,0.89898
1790828808.5319,O,,,,0.90692
1790828808.5393,R,C,273,-56,
1790828808.5877,R,A,289,-71,
1790828808.5879,R,B,268,-80,
1790828808.6108,R,C,274,-53,
1790828808.5332,O,,,,0.91354
1790828808.5338,O,,,,0.92016
1790828808.5344,O,,,,0.92810
1790828808.6122,O,,,,0.93604
1790828808.6323,R,C,275,-53,
1790828808.6325,R,B,269,-77,
1790828808.6625,R,A,290,-85,
1790828808.6745,R,C,276,-55,
1790828808.6748,R,B,270,-75,
1790828808.6750,R,A,291,-78,
1790828808.6132,O,,,,0.94134
1790828808.6138,O,,,,0.94928
1790828808.6143,O,,,,0.95722
1790828808.6872,O,,,,0.96384
1790828808.7354,R,B,271,-77,
1790828808.7472,R,C,277,-54,
1790828808.6882,O,,,,0.97046
1790828808.6888,O,,,,0.97840
1790828808.6893,O,,,,0.98634
1790828808.7593,R,A,292,-69,
1790828808.7607,R,C,278,-53,
1790828808.7615,R,A,293,-68,
1790828808.7867,R,B,272,-75,
1790828808.8108,R,C,279,-53,
1790828808.8120,R,A,294,-90,
1790828808.7700,O,,,,0.99164
1790828808.7709,O,,,,0.99958
1790828808.7714,O,,,,1.00752
1790828808.7720,O,,,,1.01414
1790828808.8390,R,B,273,-71,
1790828808.8608,R,C,280,-54,
1790828808.8629,R,A,295,-68,
1790828808.9114,R,C,281,-54,
1790828808.9123,R,A,296,-68,
1790828808.8507,O,,,,1.02076
1790828808.8519,O,,,,1.02870
1790828808.8530,O,,,,1.03664
1790828808.8540,O,,,,1.04194
1790828808.9170,O,,,,1.04988
1790828808.9434,R,B,274,-74,
1790828808.9615,R,C,282,-51,
1790828808.9623,R,A,297,-69,
1790828808.9915,R,B,275,-78,
1790828808.9181,O,,,,1.05782
1790828808.9186,O,,,,1.06311
1790828808.9922,O,,,,1.07106
1790828808.9951,R,C,283,-53,
1790828808.9989,R,A,298,-63,
1790828809.0430,R,A,299,-60,
1790828809.0432,R,C,284,-51,
1790828809.0475,R,B,276,-69,
1790828808.9933,O,,,,1.07900
1790828808.9939,O,,,,1.08429
1790828808.9944,O,,,,1.09224
1790828809.0861,R,C,285,-51,
1790828809.0982,R,B,277,-76,
1790828809.0988,R,A,300,-82,
1790828809.0725,O,,,,1.09885
1790828809.0736,O,,,,1.10547
1790828809.0742,O,,,,1.11341
1790828809.0747,O,,,,1.12136
1790828809.1482,R,B,278,-79,
1790828809.1612,R,C,286,-51,
1790828809.1619,R,A,301,-68,
1790828809.1911,R,B,279,-66,
1790828809.2089,R,A,302,-59,
1790828809.1541,O,,,,1.12797
1790828809.1548,O,,,,1.13459
1790828809.1557,O,,,,1.14253
1790828809.1569,O,,,,1.15048
1790828809.2250,R,C,287,-51,
1790828809.2251,R,B,280,-73,
1790828809.2503,R,A,303,-67,
1790828809.2941,R,C,288,-50,
1790828809.2942,R,B,281,-77,
1790828809.2948,R,A,304,-65,
1790828809.2330,O,,,,1.15577
1790828809.2346,O,,,,1.16371
1790828809.2352,O,,,,1.17165
1790828809.2357,O,,,,1.17827
1790828809.3133,R,C,289,-49,
1790828809.3135,R,A,305,-66,
1790828809.3171,R,B,282,-68,
1790828809.3608,R,C,290,-52,
1790828809.3622,R,A,306,-65,
1790828809.3105,O,,,,1.18489
1790828809.3113,O,,,,1.19283
1790828809.3118,O,,,,1.20078
1790828809.3125,O,,,,1.20739
1790828809.3982,R,B,283,-75,
1790828809.4109,R,C,291,-54,
1790828809.4122,R,A,307,-65,
1790828809.3875,O,,,,1.21401
1790828809.3889,O,,,,1.22195
1790828809.3899,O,,,,1.22725
1790828809.3908,O,,,,1.23519
1790828809.4481,R,C,292,-52,
1790828809.4483,R,B,284,-70,
1790828809.4549,R,A,308,-63,
1790828809.4949,R,A,309,-58,
1790828809.4982,R,B,285,-72,
1790828809.5109,R,C,293,-50,
1790828809.4577,O,,,,1.24049
1790828809.4590,O,,,,1.24843
1790828809.4601,O,,,,1.25505
1790828809.5327,R,A,310,-65,
1790828809.5328,R,C,294,-55,
1790828809.5330,R,B,286,-82,
1790828809.5827,R,A,311,-66,
1790828809.5828,R,C,295,-55,
1790828809.5370,O,,,,1.26299
1790828809.5387,O,,,,1.26961
1790828809.5396,O,,,,1.27755
1790828809.5405,O,,,,1.28417
1790828809.6309,R,B,287,-71,
1790828809.6331,R,A,312,-62,
1790828809.6333,R,C,296,-51,
1790828809.6768,R,C,297,-55,
1790828809.6770,R,B,288,-84,
1790828809.6136,O,,,,1.29211
1790828809.6143,O,,,,1.29873
1790828809.6152,O,,,,1.30667
1790828809.6160,O,,,,1.31461
1790828809.7124,R,A,313,-64,
1790828809.7281,R,A,314,-65,
1790828809.7283,R,B,289,-80,
1790828809.7330,R,C,298,-55,
1790828809.6893,O,,,,1.31990
1790828809.6908,O,,,,1.32785
1790828809.6914,O,,,,1.33579
1790828809.6922,O,,,,1.34241
1790828809.7981,R,B,290,-85,
1790828809.8107,R,C,299,-52,
1790828809.8119,R,B,291,-78,
1790828809.8120,R,A,315,-63,
1790828809.7668,O,,,,1.34903
1790828809.7676,O,,,,1.35697
1790828809.7682,O,,,,1.36359
1790828809.7687,O,,,,1.37020
1790828809.8533,R,C,300,-59,
1790828809.8621,R,A,316,-66,
1790828809.8973,R,B,292,-72,
1790828809.8998,R,B,293,-71,
1790828809.8427,O,,,,1.37815
1790828809.8439,O,,,,1.38609
1790828809.8447,O,,,,1.39138
1790828809.8455,O,,,,1.39932
1790828809.9106,R,C,301,-58,
1790828809.9127,R,A,317,-65,
1790828809.9453,R,B,294,-70,
1790828809.9456,R,C,302,-54,
1790828809.9457,R,A,318,-65,
1790828809.9191,O,,,,1.40727
1790828809.9203,O,,,,1.41388
1790828809.9209,O,,,,1.42050
1790828809.9992,R,B,295,-78,
1790828809.9994,R,C,303,-64,
1790828810.0120,R,A,319,-66,
1790828809.9947,O,,,,1.42844
1790828809.9960,O,,,,1.43639
1790828809.9971,O,,,,1.44168
1790828809.9981,O,,,,1.44962
1790828810.0770,R,B,296,-65,
1790828810.1125,R,A,320,-64,
1790828810.1127,R,C,304,-61,
1790828810.0669,O,,,,1.45756
1790828810.0679,O,,,,1.46418
1790828810.0688,O,,,,1.47080
1790828810.0695,O,,,,1.47874
1790828810.1503,R,B,297,-74,
1790828810.1553,R,C,305,-73,
1790828810.1563,R,A,321,-67,
1790828810.1982,R,B,298,-69,
1790828810.2049,R,C,306,-75,
1790828810.2081,R,A,322,-68,
1790828810.2100,R,B,299,-65,
1790828810.2102,R,A,323,-69,
1790828810.1469,O,,,,1.48536
1790828810.1479,O,,,,1.49198
1790828810.1488,O,,,,1.49992
1790828810.1495,O,,,,1.50654
1790828810.2553,R,A,324,-62,
1790828810.2607,R,C,307,-66,
1790828810.2625,R,B,300,-76,
1790828810.2230,O,,,,1.51316
1790828810.2242,O,,,,1.52110
1790828810.2252,O,,,,1.52904
1790828810.2262,O,,,,1.53434
1790828810.2970,R,C,308,-68,
1790828810.2972,R,A,325,-73,
1790828810.2976,R,B,301,-80,
1790828810.3406,R,C,309,-70,
1790828810.3408,R,B,302,-71,
1790828810.3626,R,A,326,-83,
1790828810.3008,O,,,,1.54228
1790828810.3024,O,,,,1.55022
1790828810.3030,O,,,,1.55552
1790828810.3035,O,,,,1.56346
1790828810.3834,R,B,303,-66,
1790828810.3836,R,C,310,-63,
1790828810.3839,R,A,327,-64,
1790828810.4261,R,B,304,-83,
1790828810.4317,R,C,311,-63,
1790828810.4320,R,A,328,-83,
1790828810.3885,O,,,,1.57140
1790828810.3895,O,,,,1.57934
1790828810.3901,O,,,,1.58464
1790828810.3907,O,,,,1.59258
1790828810.4524,O,,,,1.60052
1790828810.4761,R,A,329,-85,
1790828810.4981,R,B,305,-75,
1790828810.5108,R,C,312,-63,
1790828810.5213,R,B,306,-75,
1790828810.5214,R,C,313,-60,
1790828810.5220,R,A,330,-63,
1790828810.4535,O,,,,1.60714
1790828810.4540,O,,,,1.61376
1790828810.5269,O,,,,1.62170
1790828810.5685,R,C,314,-59,
1790828810.5687,R,A,331,-76,
1790828810.5753,R,B,307,-68,
1790828810.5280,O,,,,1.62832
1790828810.5285,O,,,,1.63494
1790828810.5291,O,,,,1.64288
1790828810.6072,O,,,,1.64950
1790828810.6107,R,C,315,-57,
1790828810.6120,R,A,332,-74,
1790828810.6142,R,B,308,-78,
1790828810.6546,R,C,316,-58,
1790828810.6625,R,A,333,-76,
1790828810.6082,O,,,,1.65611
1790828810.6087,O,,,,1.66406
1790828810.6093,O,,,,1.67067
1790828810.7056,R,C,317,-61,
1790828810.7122,R,A,334,-67,
1790828810.7516,R,A,335,-81,
1790828810.6815,O,,,,1.67862
1790828810.6821,O,,,,1.68523
1790828810.6826,O,,,,1.69185
1790828810.6832,O,,,,1.69979
1790828810.7645,R,C,318,-55,
1790828810.7949,R,B,309,-72,
1790828810.7951,R,C,319,-56,
1790828810.7954,R,A,336,-79,
1790828810.7961,R,B,310,-71,
1790828810.7620,O,,,,1.70641
1790828810.7626,O,,,,1.71303
1790828810.7632,O,,,,1.72097
1790828810.7638,O,,,,1.72759
1790828810.8418,O,,,,1.73553
1790828810.8448,R,B,311,-63,
1790828810.8606,R,C,320,-56,
1790828810.8619,R,A,337,-70,
1790828810.8984,R,B,312,-64,
1790828810.8988,R,C,321,-54,
1790828810.8991,R,A,338,-77,
1790828810.8429,O,,,,1.74215
1790828810.8435,O,,,,1.75009
1790828810.8441,O,,,,1.75671
1790828810.9069,O,,,,1.76333
1790828810.9075,O,,,,1.77127
1790828810.9083,O,,,,1.77789
1790828810.9415,R,C,322,-55,
1790828810.9417,R,B,313,-69,
1790828810.9425,R,A,339,-79,
1790828810.9910,R,B,314,-63,
1790828810.9913,R,A,340,-74,
1790828810.9914,R,C,323,-51,
1790828810.9867,O,,,,1.78451
1790828810.9873,O,,,,1.79245
1790828810.9879,O,,,,1.79907
1790828810.9884,O,,,,1.80701
1790828811.0322,R,C,324,-53,
1790828811.0324,R,B,315,-67,
1790828811.0457,R,A,341,-74,
1790828811.0786,R,C,325,-53,
1790828811.0787,R,B,316,-70,
1790828811.0669,O,,,,1.81495
1790828811.0675,O,,,,1.82157
1790828811.0681,O,,,,1.82819
1790828811.0686,O,,,,1.83613
1790828811.0937,R,A,342,-83,
1790828811.1209,R,B,317,-66,
1790828811.1537,R,C,326,-48,
1790828811.1554,R,A,343,-68,
1790828811.1420,O,,,,1.84407
1790828811.1427,O,,,,1.85069
1790828811.1433,O,,,,1.85731
1790828811.1439,O,,,,1.86393
1790828811.1798,R,C,327,-52,
1790828811.1865,R,B,318,-72,
1790828811.1867,R,A,344,-68,
1790828811.2243,R,B,319,-73,
1790828811.2223,O,,,,1.87187
1790828811.2230,O,,,,1.87849
1790828811.2236,O,,,,1.88511
1790828811.2245,O,,,,1.89305
1790828811.2582,R,C,328,-51,
1790828811.2588,R,B,320,-74,
1790828811.3046,R,C,329,-50,
1790828811.3056,R,A,345,-67,
1790828811.3020,O,,,,1.89834
1790828811.3027,O,,,,1.90628
1790828811.3037,O,,,,1.91423
1790828811.3048,O,,,,1.91952
1790828811.3482,R,B,321,-89,
1790828811.3537,R,C,330,-52,
1790828811.3634,R,A,346,-64,
1790828811.3859,R,C,331,-50,
1790828811.3863,R,A,347,-65,
1790828811.3724,O,,,,1.92746
1790828811.3731,O,,,,1.93408
1790828811.3737,O,,,,1.94070
1790828811.3742,O,,,,1.94864
1790828811.4289,R,B,322,-75,
1790828811.4608,R,C,332,-50,
1790828811.4620,R,A,348,-66,
1790828811.4471,O,,,,1.95526
1790828811.4479,O,,,,1.96188
1790828811.4484,O,,,,1.96982
1790828811.4739,R,C,333,-53,
1790828811.4740,R,B,323,-78,
1790828811.4748,R,A,349,-64,
1790828811.5206,R,B,324,-68,
1790828811.5378,R,A,350,-63,
1790828811.5380,R,C,334,-52,
1790828811.5272,O,,,,1.97776
1790828811.5279,O,,,,1.98306
1790828811.5285,O,,,,1.99100
1790828811.5293,O,,,,1.99894
1790828811.5606,R,C,335,-54,
1790828811.5612,R,A,351,-64,
1790828811.5985,R,B,325,-68,
1790828811.6106,R,B,326,-83,
1790828811.6108,R,C,336,-50,
1790828811.6120,R,A,352,-65,
1790828811.6021,O,,,,2.00688
1790828811.6029,O,,,,2.01218
1790828811.6035,O,,,,2.02012
1790828811.6040,O,,,,2.02674
1790828811.6583,R,B,327,-72,
1790828811.6609,R,C,337,-57,
1790828811.6625,R,A,353,-68,
1790828811.6819,O,,,,2.03336
1790828811.6826,O,,,,2.04130
1790828811.6832,O,,,,2.04792
1790828811.6838,O,,,,2.05453
1790828811.7078,R,A,354,-67,
1790828811.7107,R,C,338,-56,
1790828811.7161,R,B,328,-77,
1790828811.7559,R,A,355,-65,
1790828811.7562,R,C,339,-51,
1790828811.7613,R,B,329,-76,
1790828811.7621,O,,,,2.06248
1790828811.7630,O,,,,2.07042
1790828811.7635,O,,,,2.07704
1790828811.7640,O,,,,2.08366
1790828811.7974,R,A,356,-69,
1790828811.7981,R,B,330,-76,
1790828811.8108,R,C,340,-60,
1790828811.8400,R,A,357,-74,
1790828811.8402,R,C,341,-62,
1790828811.8487,R,B,331,-86,
1790828811.8372,O,,,,2.09160
1790828811.8380,O,,,,2.09954
1790828811.8386,O,,,,2.10483
1790828811.8392,O,,,,2.11278
1790828811.8850,R,C,342,-54,
1790828811.8988,R,B,332,-72,
1790828811.9120,R,A,358,-65,
1790828811.9283,R,B,333,-73,
1790828811.9285,R,A,359,-70,
1790828811.9286,R,C,343,-60,
1790828811.9070,O,,,,2.12072
1790828811.9078,O,,,,2.12866
1790828811.9084,O,,,,2.13395
1790828811.9765,R,C,344,-56,
1790828811.9872,O,,,,2.14190
1790828811.9879,O,,,,2.14984
1790828811.9885,O,,,,2.15513
1790828811.9890,O,,,,2.16307
1790828812.0321,R,B,334,-66,
1790828812.0322,R,C,345,-54,
1790828812.0333,R,A,360,-62,
1790828812.0713,R,B,335,-72,
1790828812.0620,O,,,,2.17102
1790828812.0627,O,,,,2.17896
1790828812.0633,O,,,,2.18425
1790828812.0638,O,,,,2.19219
1790828812.0893,R,C,346,-60,
1790828812.1126,R,A,361,-67,
1790828812.1410,R,B,336,-69,
1790828812.1412,R,C,347,-59,
1790828812.1414,R,A,362,-69,
1790828812.1421,O,,,,2.20014
1790828812.1429,O,,,,2.20543
1790828812.1435,O,,,,2.21337
1790828812.1441,O,,,,2.22132
1790828812.1663,R,B,337,-64,
1790828812.1723,R,C,348,-56,
1790828812.2058,R,C,349,-57,
1790828812.2118,R,B,338,-67,
1790828812.2131,R,A,363,-62,
1790828812.2171,O,,,,2.22926
1790828812.2179,O,,,,2.23455
1790828812.2184,O,,,,2.24249
1790828812.2190,O,,,,2.25044
1790828812.2543,R,A,364,-68,
1790828812.2574,R,B,339,-76,
1790828812.2613,R,C,350,-61,
1790828812.3044,R,C,351,-61,
1790828812.3046,R,A,365,-66,
1790828812.2969,O,,,,2.25573
1790828812.2977,O,,,,2.26367
1790828812.2982,O,,,,2.27161
1790828812.2988,O,,,,2.27956
1790828812.3274,R,B,340,-67,
1790828812.3608,R,C,352,-64,
1790828812.3621,R,A,366,-63,
1790828812.3664,O,,,,2.28485
1790828812.3672,O,,,,2.29279
1790828812.3677,O,,,,2.29941
1790828812.3981,R,B,341,-65,
1790828812.4106,R,C,353,-65,
1790828812.4130,R,A,367,-63,
1790828812.4497,R,B,342,-68,
1790828812.4568,R,C,354,-60,
1790828812.4570,R,A,368,-64,
1790828812.4470,O,,,,2.30603
1790828812.4477,O,,,,2.31397
1790828812.4483,O,,,,2.32059
1790828812.4489,O,,,,2.32721
1790828812.4836,R,A,369,-65,
1790828812.4860,R,C,355,-61,
1790828812.4862,R,B,343,-76,
1790828812.5276,R,C,356,-65,
1790828812.5218,O,,,,2.33515
1790828812.5226,O,,,,2.34044
1790828812.5232,O,,,,2.34839
1790828812.5238,O,,,,2.35633
1790828812.5483,R,B,344,-69,
1790828812.5633,R,A,370,-69,
1790828812.5695,R,B,345,-69,
1790828812.6046,R,C,357,-62,
1790828812.6130,R,A,371,-68,
1790828812.6179,R,B,346,-75,
1790828812.6226,R,C,358,-61,
1790828812.6236,R,A,372,-69,
1790828812.6020,O,,,,2.36427
1790828812.6028,O,,,,2.36957
1790828812.6033,O,,,,2.37751
1790828812.6039,O,,,,2.38545
1790828812.6641,R,B,347,-67,
1790828812.6769,O,,,,2.39207
1790828812.6776,O,,,,2.39869
1790828812.6782,O,,,,2.40663
1790828812.6787,O,,,,2.41192
1790828812.7110,R,C,359,-66,
1790828812.7122,R,A,373,-62,
1790828812.7485,R,B,348,-67,
1790828812.7533,R,C,360,-65,
1790828812.7536,R,A,374,-60,
1790828812.7745,R,B,349,-79,
1790828812.7571,O,,,,2.41986
1790828812.7578,O,,,,2.42781
1790828812.7584,O,,,,2.43442
1790828812.7589,O,,,,2.44104
1790828812.8000,R,C,361,-60,
1790828812.8024,R,A,375,-63,
1790828812.8400,R,B,350,-66,
1790828812.8401,R,C,362,-55,
1790828812.8621,R,A,376,-60,
1790828812.8373,O,,,,2.44898
1790828812.8380,O,,,,2.45560
1790828812.8386,O,,,,2.46222
1790828812.8391,O,,,,2.47016
1790828812.8931,R,A,377,-64,
1790828812.8986,R,B,351,-67,
1790828812.9043,R,C,363,-56,
1790828812.9304,R,B,352,-67,
1790828812.9021,O,,,,2.47678
1790828812.9029,O,,,,2.48340
1790828812.9035,O,,,,2.49134
1790828812.9607,R,C,364,-55,
1790828812.9622,R,A,378,-67,
1790828812.9710,R,B,353,-76,
1790828812.9711,R,A,379,-64,
1790828812.9715,R,C,365,-54,
1790828813.0182,R,B,354,-66,
1790828813.0185,R,C,366,-54,
1790828813.0186,R,A,380,-64,
1790828812.9820,O,,,,2.49796
1790828812.9827,O,,,,2.50458
1790828812.9833,O,,,,2.51252
1790828812.9839,O,,,,2.52046
1790828813.0694,R,B,355,-64,
1790828813.0939,R,C,367,-55,
1790828813.0622,O,,,,2.52840
1790828813.0629,O,,,,2.53370
1790828813.0634,O,,,,2.54164
1790828813.0640,O,,,,2.54958
1790828813.1104,R,A,381,-66,
1790828813.1106,R,C,368,-55,
1790828813.1126,R,A,382,-65,
1790828813.1148,R,B,356,-67,
1790828813.1501,R,C,369,-52,
1790828813.1624,R,A,383,-62,
1790828813.1371,O,,,,2.55620
1790828813.1379,O,,,,2.56282
1790828813.1384,O,,,,2.57076
1790828813.1390,O,,,,2.57870
1790828813.1958,R,C,370,-54,
1790828813.1961,R,B,357,-64,
1790828813.2025,R,A,384,-64,
1790828813.2443,R,B,358,-62,
1790828813.2609,R,C,371,-57,
1790828813.2628,R,A,385,-65,
1790828813.2171,O,,,,2.58532
1790828813.2178,O,,,,2.59194
1790828813.2184,O,,,,2.59988
1790828813.2189,O,,,,2.60650
1790828813.2935,R,A,386,-65,
1790828813.2935,R,C,372,-53,
1790828813.2938,R,B,359,-62,
1790828813.3330,R,B,360,-60,
1790828813.3331,R,C,373,-53,
1790828813.2971,O,,,,2.61312
1790828813.2979,O,,,,2.62106
1790828813.2985,O,,,,2.62635
1790828813.2990,O,,,,2.63430
1790828813.3579,R,A,387,-64,
1790828813.3990,R,B,361,-60,
1790828813.4106,R,C,374,-60,
1790828813.4120,R,A,388,-66,
1790828813.4245,R,A,389,-63,
1790828813.3621,O,,,,2.64224
1790828813.3629,O,,,,2.64886
1790828813.3635,O,,,,2.65548
1790828813.4288,R,B,362,-57,
1790828813.4288,R,C,375,-55,
1790828813.4795,R,C,376,-55,
1790828813.4796,R,B,363,-59,
1790828813.4802,R,A,390,-63,
1790828813.4416,O,,,,2.66342
1790828813.4424,O,,,,2.67004
1790828813.4430,O,,,,2.67665
1790828813.4435,O,,,,2.68460
1790828813.5621,R,A,391,-65,
1790828813.5629,R,B,364,-56,
1790828813.5223,O,,,,2.69121
1790828813.5231,O,,,,2.69783
1790828813.5237,O,,,,2.70577
1790828813.5242,O,,,,2.71239
1790828813.6123,R,A,392,-64,
1790828813.6243,R,B,365,-56,
1790828813.5969,O,,,,2.72033
1790828813.5976,O,,,,2.72695
1790828813.5982,O,,,,2.73489
1790828813.5988,O,,,,2.74151
1790828813.6582,R,C,377,-61,
1790828813.6584,R,A,393,-64,
1790828813.6921,R,B,366,-60,
1790828813.7009,R,C,378,-61,
1790828813.7011,R,A,394,-66,
1790828813.7399,R,B,367,-61,
1790828813.7401,R,C,379,-58,
1790828813.7404,R,A,395,-63,
1790828813.6766,O,,,,2.74813
1790828813.6773,O,,,,2.75607
1790828813.6779,O,,,,2.76402
1790828813.6784,O,,,,2.77063
1790828813.7808,R,C,380,-62,
1790828813.7810,R,A,396,-66,
1790828813.7812,R,B,368,-58,
1790828813.7525,O,,,,2.77858
1790828813.7539,O,,,,2.78519
1790828813.7545,O,,,,2.79314
1790828813.7550,O,,,,2.79843
1790828813.8293,R,A,397,-65,
1790828813.8299,R,C,381,-57,
1790828813.8299,R,B,369,-61,
1790828813.8761,R,C,382,-58,
1790828813.8316,O,,,,2.80637
1790828813.8324,O,,,,2.81431
1790828813.8331,O,,,,2.82093
1790828813.8336,O,,,,2.82755
1790828813.8992,R,B,370,-57,
1790828813.9129,R,A,398,-64,
1790828813.9321,R,C,383,-63,
1790828813.9335,R,A,399,-66,
1790828813.9486,R,B,371,-55,
1790828813.9715,R,C,384,-64,
1790828813.9719,R,B,372,-63,
1790828813.9720,R,A,400,-67,
1790828813.9107,O,,,,2.83549
1790828813.9115,O,,,,2.84079
1790828813.9122,O,,,,2.84873
1790828813.9773,O,,,,2.85667
1790828814.0165,R,B,373,-53,
1790828814.0406,R,C,385,-64,
1790828814.0408,R,A,401,-64,
1790828813.9784,O,,,,2.86197
1790828813.9790,O,,,,2.86991
1790828813.9795,O,,,,2.87785
1790828814.0572,O,,,,2.88579
1790828814.0938,R,C,386,-64,
1790828814.0984,R,B,374,-57,
1790828814.1121,R,B,375,-62,
1790828814.1122,R,A,402,-66,
1790828814.0582,O,,,,2.89109
1790828814.0588,O,,,,2.89903
1790828814.0595,O,,,,2.90697
1790828814.1363,O,,,,2.91359
1790828814.1612,R,C,387,-67,
1790828814.1628,R,A,403,-64,
1790828814.1643,R,B,376,-52,
1790828814.2001,R,C,388,-60,
1790828814.1372,O,,,,2.92021
1790828814.1378,O,,,,2.92815
1790828814.1384,O,,,,2.93477
1790828814.2119,O,,,,2.94271
1790828814.2152,R,A,404,-64,
1790828814.2454,R,B,377,-56,
1790828814.2456,R,C,389,-59,
1790828814.2491,R,A,405,-65,
1790828814.2130,O,,,,2.94933
1790828814.2136,O,,,,2.95727
1790828814.2142,O,,,,2.96389
1790828814.2982,R,B,378,-61,
1790828814.3034,R,C,390,-67,
1790828814.3078,R,A,406,-63,
1790828814.3348,R,A,407,-64,
1790828814.3357,R,B,379,-56,
1790828814.3358,R,C,391,-64,
1790828814.2926,O,,,,2.97051
1790828814.2942,O,,,,2.97845
1790828814.2948,O,,,,2.98507
1790828814.2954,O,,,,2.99168
1790828814.3834,R,B,380,-56,
1790828814.3838,R,A,408,-66,
1790828814.3839,R,C,392,-62,
1790828814.3693,O,,,,2.99963
1790828814.3704,O,,,,3.00624
1790828814.3710,O,,,,3.01286
1790828814.4481,R,B,381,-61,
1790828814.4524,R,C,393,-68,
1790828814.4526,R,A,409,-63,
1790828814.4671,R,B,382,-58,
1790828814.4672,R,C,394,-73,
1790828814.4454,O,,,,3.02080
1790828814.4462,O,,,,3.02610
1790828814.4467,O,,,,3.03404
1790828814.4473,O,,,,3.04198
1790828814.5098,R,A,410,-68,
1790828814.5120,R,A,411,-69,
1790828814.5129,R,B,383,-59,
1790828814.5526,R,C,395,-67,
1790828814.5530,R,A,412,-70,
1790828814.5604,R,B,384,-65,
1790828814.5188,O,,,,3.04728
1790828814.5201,O,,,,3.05522
1790828814.5211,O,,,,3.06316
1790828814.5219,O,,,,3.07110
1790828814.6006,R,B,385,-65,
1790828814.6109,R,C,396,-68,
1790828814.6132,R,A,413,-66,
1790828814.6423,R,A,414,-75,
1790828814.6424,R,B,386,-58,
1790828814.6476,R,C,397,-86,
1790828814.5971,O,,,,3.07640
1790828814.5988,O,,,,3.08434
1790828814.5994,O,,,,3.09228
1790828814.6000,O,,,,3.09758
1790828814.7353,R,B,387,-62,
1790828814.6741,O,,,,3.10552
1790828814.6753,O,,,,3.11346
1790828814.6759,O,,,,3.12140
1790828814.6764,O,,,,3.12670
1790828814.7608,R,C,398,-69,
1790828814.7621,R,A,415,-66,
1790828814.7803,R,B,388,-60,
1790828814.7805,R,C,399,-75,
1790828814.7811,R,A,416,-73,
1790828814.7515,O,,,,3.13464
1790828814.7528,O,,,,-3.14060
1790828814.7534,O,,,,-3.13266
1790828814.7540,O,,,,-3.12604
1790828814.8401,R,A,417,-73,
1790828814.8489,R,B,389,-64,
1790828814.8504,R,C,400,-78,
1790828814.8798,R,B,390,-61,
1790828814.8801,R,A,418,-67,
1790828814.8803,R,C,401,-74,
1790828814.8317,O,,,,-3.11943
1790828814.8324,O,,,,-3.11148
1790828814.8329,O,,,,-3.10619
1790828814.8335,O,,,,-3.09825
1790828814.9229,R,A,419,-67,
1790828814.9231,R,C,402,-67,
1790828814.9266,R,B,391,-60,
1790828814.9018,O,,,,-3.09031
1790828814.9025,O,,,,-3.08369
1790828814.9031,O,,,,-3.07707
1790828814.9839,R,A,420,-66,
1790828814.9985,R,B,392,-61,
1790828815.0105,R,C,403,-75,
1790828815.0121,R,A,421,-65,
1790828815.0144,R,B,393,-62,
1790828814.9772,O,,,,-3.06913
1790828814.9783,O,,,,-3.06251
1790828814.9789,O,,,,-3.05589
1790828814.9794,O,,,,-3.04795
1790828815.0574,R,B,394,-62,
1790828815.0588,R,A,422,-64,
1790828815.0594,R,C,404,-81,
1790828815.0991,R,C,405,-65,
1790828815.0998,R,A,423,-64,
1790828815.0529,O,,,,-3.04265
1790828815.0544,O,,,,-3.03471
1790828815.0551,O,,,,-3.02677
1790828815.0556,O,,,,-3.01883
1790828815.1458,R,B,395,-57,
1790828815.1460,R,C,406,-72,
1790828815.1625,R,A,424,-63,
1790828815.1319,O,,,,-3.01353
1790828815.1328,O,,,,-3.00559
1790828815.1333,O,,,,-2.99765
1790828815.1339,O,,,,-2.99235
1790828815.1986,R,B,396,-62,
1790828815.2000,R,A,425,-62,
1790828815.2002,R,C,407,-72,
1790828815.2479,R,B,397,-61,
1790828815.2521,R,A,426,-62,
1790828815.2523,R,C,408,-69,
1790828815.2116,O,,,,-2.98441
1790828815.2124,O,,,,-2.97647
1790828815.2130,O,,,,-2.96985
1790828815.2135,O,,,,-2.96323
1790828815.2981,R,B,398,-60,
1790828815.3017,R,C,409,-74,
1790828815.3030,R,A,427,-62,
1790828815.3236,R,B,399,-64,
1790828815.3263,R,C,410,-72,
1790828815.3265,R,A,428,-61,
1790828815.2873,O,,,,-2.95529
1790828815.2881,O,,,,-2.94867
1790828815.2886,O,,,,-2.94206
1790828815.2891,O,,,,-2.93411
1790828815.3660,R,B,400,-62,
1790828815.4039,R,C,411,-74,
1790828815.4060,R,C,412,-74,
1790828815.4080,R,A,429,-62,
1790828815.4117,R,B,401,-62,
1790828815.3637,O,,,,-2.92750
1790828815.3646,O,,,,-2.91955
1790828815.3652,O,,,,-2.91293
1790828815.4610,R,C,413,-73,
1790828815.4624,R,B,402,-66,
1790828815.4625,R,A,430,-61,
1790828815.4990,R,B,403,-67,
1790828815.5109,R,C,414,-73,
1790828815.4375,O,,,,-2.90499
1790828815.4381,O,,,,-2.89970
1790828815.4386,O,,,,-2.89176
1790828815.4392,O,,,,-2.88381
1790828815.5122,O,,,,-2.87720
1790828815.5153,R,A,431,-60,
1790828815.5419,R,B,404,-65,
1790828815.5470,R,A,432,-62,
1790828815.5607,R,C,415,-78,
1790828815.5835,R,A,433,-62,
1790828815.5836,R,B,405,-65,
1790828815.5132,O,,,,-2.87058
1790828815.5138,O,,,,-2.86264
1790828815.5144,O,,,,-2.85602
1790828815.5922,O,,,,-2.84940
1790828815.6342,R,A,434,-61,
1790828815.6415,R,C,416,-76,
1790828815.6416,R,B,406,-65,
1790828815.5933,O,,,,-2.84146
1790828815.5939,O,,,,-2.83352
1790828815.5944,O,,,,-2.82822
1790828815.6890,R,C,417,-75,
1790828815.6982,R,B,407,-63,
1790828815.7121,R,A,435,-63,
1790828815.7293,R,C,418,-76,
1790828815.7296,R,B,408,-61,
1790828815.7297,R,A,436,-62,
1790828815.6716,O,,,,-2.82028
1790828815.6723,O,,,,-2.81234
1790828815.6729,O,,,,-2.80572
1790828815.6734,O,,,,-2.79910
1790828815.7470,O,,,,-2.79116
1790828815.7637,R,B,409,-62,
1790828815.8077,R,A,437,-61,
1790828815.8080,R,C,419,-71,
1790828815.8095,R,B,410,-61,
1790828815.7480,O,,,,-2.78454
1790828815.7486,O,,,,-2.77792
1790828815.7492,O,,,,-2.76998
1790828815.8465,R,B,411,-60,
1790828815.8466,R,C,420,-69,
1790828815.8469,R,A,438,-63,
1790828815.8897,R,B,412,-57,
1790828815.8899,R,C,421,-74,
1790828815.8901,R,A,439,-62,
1790828815.8313,O,,,,-2.76204
1790828815.8330,O,,,,-2.75674
1790828815.8341,O,,,,-2.74880
1790828815.8346,O,,,,-2.74086
1790828815.8972,O,,,,-2.73424
1790828815.9436,R,B,413,-61,
1790828815.9439,R,C,422,-71,
1790828815.9441,R,A,440,-61,
1790828815.8982,O,,,,-2.72630
1790828815.8988,O,,,,-2.71968
1790828815.9721,O,,,,-2.71174
1790828815.9751,R,C,423,-65,
1790828815.9984,R,B,414,-58,
1790828815.9996,R,A,441,-63,
1790828816.0467,R,B,415,-61,
1790828815.9732,O,,,,-2.70644
1790828815.9738,O,,,,-2.69850
1790828815.9743,O,,,,-2.69056
1790828816.0523,O,,,,-2.68527
1790828816.0570,R,C,424,-72,
1790828816.0581,R,A,442,-64,
1790828816.0985,R,B,416,-65,
1790828816.1067,R,C,425,-73,
1790828816.1129,R,A,443,-66,
1790828816.1130,R,B,417,-61,
1790828816.0533,O,,,,-2.67732
1790828816.0539,O,,,,-2.66938
1790828816.0544,O,,,,-2.66409
1790828816.1319,O,,,,-2.65615
1790828816.1546,R,C,426,-67,
1790828816.1547,R,A,444,-68,
1790828816.1559,R,B,418,-62,
1790828816.2000,R,C,427,-78,
1790828816.2002,R,A,445,-67,
1790828816.1330,O,,,,-2.64820
1790828816.1336,O,,,,-2.64159
1790828816.1342,O,,,,-2.63497
1790828816.2073,O,,,,-2.62702
1790828816.2478,R,B,419,-69,
1790828816.2544,R,A,446,-65,
1790828816.2086,O,,,,-2.61908
1790828816.2091,O,,,,-2.61379
1790828816.2097,O,,,,-2.60585
1790828816.2898,R,A,447,-66,
1790828816.2901,R,B,420,-63,
1790828816.2902,R,C,428,-70,
1790828816.3358,R,C,429,-73,
1790828816.3374,R,B,421,-77,
1790828816.3376,R,A,448,-64,
1790828816.2871,O,,,,-2.59790
1790828816.2878,O,,,,-2.58996
1790828816.2884,O,,,,-2.58467
1790828816.2890,O,,,,-2.57673
1790828816.3569,O,,,,-2.56878
1790828816.3824,R,B,422,-63,
1790828816.4108,R,C,430,-73,
1790828816.4124,R,A,449,-68,
1790828816.4269,R,B,423,-69,
1790828816.4273,R,C,431,-68,
1790828816.4288,R,A,450,-66,
1790828816.3580,O,,,,-2.56349
1790828816.3586,O,,,,-2.55555
1790828816.4325,O,,,,-2.54761
1790828816.4745,R,B,424,-63,
1790828816.4749,R,C,432,-69,
1790828816.4336,O,,,,-2.54099
1790828816.4342,O,,,,-2.53437
1790828816.4347,O,,,,-2.52643
1790828816.5151,R,A,451,-67,
1790828816.5184,R,C,433,-67,
1790828816.5483,R,B,425,-59,
1790828816.5502,R,A,452,-68,
1790828816.5124,O,,,,-2.51981
1790828816.5131,O,,,,-2.51319
1790828816.5138,O,,,,-2.50525
1790828816.5143,O,,,,-2.49731
1790828816.5851,R,B,426,-74,
1790828816.6095,R,C,434,-65,
1790828816.6099,R,A,453,-71,
1790828816.6235,R,B,427,-61,
1790828816.5883,O,,,,-2.49201
1790828816.5894,O,,,,-2.48407
1790828816.5903,O,,,,-2.47613
1790828816.5908,O,,,,-2.47083
1790828816.6543,R,A,454,-69,
1790828816.6607,R,C,435,-86,
1790828816.6660,R,B,428,-58,
1790828816.6953,R,B,429,-56,
1790828816.7110,R,C,436,-68,
1790828816.7122,R,A,455,-73,
1790828816.6675,O,,,,-2.46289
1790828816.6682,O,,,,-2.45627
1790828816.6688,O,,,,-2.44833
1790828816.6693,O,,,,-2.44171
1790828816.7400,R,C,437,-68,
1790828816.7403,R,A,456,-73,
1790828816.7404,R,B,430,-63,
1790828816.7803,R,B,431,-56,
1790828816.7819,R,A,457,-73,
1790828816.7450,O,,,,-2.43377
1790828816.7460,O,,,,-2.42583
1790828816.7469,O,,,,-2.41921
1790828816.7478,O,,,,-2.41259
1790828816.8253,R,C,438,-73,
1790828816.8255,R,A,458,-80,
1790828816.8258,R,B,432,-50,
1790828816.8748,R,B,433,-57,
1790828816.8229,O,,,,-2.40465
1790828816.8236,O,,,,-2.39803
1790828816.8242,O,,,,-2.39141
1790828816.9128,R,A,459,-73,
1790828816.9130,R,B,434,-51,
1790828816.9554,R,A,460,-81,
1790828816.9566,R,C,439,-70,
1790828816.8970,O,,,,-2.38347
1790828816.8978,O,,,,-2.37685
1790828816.8984,O,,,,-2.37024
1790828816.8989,O,,,,-2.36229
1790828816.9853,R,B,435,-51,
1790828817.0033,R,A,461,-71,
1790828817.0106,R,C,440,-69,
1790828816.9765,O,,,,-2.35435
1790828816.9776,O,,,,-2.34906
1790828816.9783,O,,,,-2.34111
1790828816.9788,O,,,,-2.33317
1790828817.0458,R,B,436,-49,
1790828817.0460,R,C,441,-69,
1790828817.0589,R,A,462,-72,
1790828817.0518,O,,,,-2.32788
1790828817.0534,O,,,,-2.31994
1790828817.0540,O,,,,-2.31332
1790828817.0545,O,,,,-2.30670
1790828817.1477,R,B,437,-51,
1790828817.1478,R,C,442,-66,
1790828817.1486,R,A,463,-69,
1790828817.1829,R,B,438,-50,
1790828817.1855,R,C,443,-71,
1790828817.1281,O,,,,-2.29876
1790828817.1292,O,,,,-2.29214
1790828817.1298,O,,,,-2.28552
1790828817.1304,O,,,,-2.27758
1790828817.1934,R,A,464,-71,
1790828817.2322,R,A,465,-64,
1790828817.2325,R,C,444,-63,
1790828817.2486,R,B,439,-50,
1790828817.2067,O,,,,-2.27096
1790828817.2075,O,,,,-2.26302
1790828817.2082,O,,,,-2.25640
1790828817.2088,O,,,,-2.24846
1790828817.2960,R,C,445,-73,
1790828817.2962,R,B,440,-50,
1790828817.2969,R,A,466,-73,
1790828817.3201,R,B,441,-51,
1790828817.3307,R,A,467,-74,
1790828817.2825,O,,,,-2.24184
1790828817.2833,O,,,,-2.23390
1790828817.2839,O,,,,-2.22728
1790828817.2844,O,,,,-2.22066
1790828817.3552,R,C,446,-68,
1790828817.3653,R,B,442,-49,
1790828817.3770,R,A,468,-69,
1790828817.3772,R,C,447,-69,
1790828817.4095,R,A,469,-71,
1790828817.4096,R,C,448,-72,
1790828817.4098,R,B,443,-54,
1790828817.3579,O,,,,-2.21272
1790828817.3594,O,,,,-2.20610
1790828817.3601,O,,,,-2.19948
1790828817.4574,R,B,444,-52,
1790828817.4601,R,C,449,-73,
1790828817.4609,R,A,470,-70,
1790828817.4331,O,,,,-2.19154
1790828817.4346,O,,,,-2.18492
1790828817.4353,O,,,,-2.17698
1790828817.4359,O,,,,-2.17036
1790828817.4964,R,C,450,-71,
1790828817.4966,R,B,445,-53,
1790828817.4971,R,A,471,-84,
1790828817.5443,R,C,451,-72,
1790828817.5445,R,A,472,-72,
1790828817.5489,R,B,446,-54,
1790828817.5065,O,,,,-2.16242
1790828817.5072,O,,,,-2.15580
1790828817.5078,O,,,,-2.14918
1790828817.5083,O,,,,-2.14124
1790828817.5892,R,B,447,-57,
1790828817.6108,R,C,452,-72,
1790828817.6124,R,A,473,-71,
1790828817.6350,R,B,448,-55,
1790828817.6352,R,C,453,-67,
1790828817.5865,O,,,,-2.13330
1790828817.5872,O,,,,-2.12668
1790828817.5878,O,,,,-2.12006
1790828817.5884,O,,,,-2.11212
1790828817.6626,R,A,474,-83,
1790828817.6802,R,C,454,-69,
1790828817.6912,R,B,449,-50,
1790828817.6925,R,A,475,-73,
1790828817.7286,R,C,455,-71,
1790828817.7288,R,B,450,-56,
1790828817.7290,R,A,476,-72,
1790828817.6665,O,,,,-2.10550
1790828817.6673,O,,,,-2.09889
1790828817.6679,O,,,,-2.09094
1790828817.6685,O,,,,-2.08565
1790828817.7732,R,B,451,-55,
1790828817.8096,R,C,456,-68,
1790828817.7437,O,,,,-2.07771
1790828817.7445,O,,,,-2.07109
1790828817.7451,O,,,,-2.06315
1790828817.7457,O,,,,-2.05653
1790828817.8118,O,,,,-2.04991
1790828817.8142,R,A,477,-76,
1790828817.8199,R,B,452,-55,
1790828817.8608,R,C,457,-72,
1790828817.8630,R,A,478,-74,
1790828817.8129,O,,,,-2.04329
1790828817.8135,O,,,,-2.03535
1790828817.8923,O,,,,-2.02873
1790828817.8980,R,B,453,-65,
1790828817.9502,R,A,479,-75,
1790828817.9503,R,C,458,-70,
1790828817.8933,O,,,,-2.02079
1790828817.8939,O,,,,-2.01417
1790828817.8944,O,,,,-2.00623
1790828817.9670,O,,,,-1.99961
1790828817.9955,R,C,459,-72,
1790828817.9991,R,B,454,-67,
1790828818.0124,R,A,480,-78,
1790828818.0406,R,A,481,-77,
1790828818.0407,R,C,460,-74,
1790828817.9681,O,,,,-1.99167
1790828817.9686,O,,,,-1.98505
1790828817.9692,O,,,,-1.97711
1790828818.0470,O,,,,-1.97181
1790828818.0499,R,B,455,-66,
1790828818.0814,R,C,461,-75,
1790828818.0816,R,A,482,-74,
1790828818.0909,R,B,456,-63,
1790828818.0480,O,,,,-1.96387
1790828818.0486,O,,,,-1.95593
1790828818.0492,O,,,,-1.94931
1790828818.1390,R,A,483,-84,
1790828818.1393,R,C,462,-68,
1790828818.1394,R,B,457,-60,
1790828818.1791,R,B,458,-59,
1790828818.1306,O,,,,-1.94269
1790828818.1316,O,,,,-1.93475
1790828818.1322,O,,,,-1.92813
1790828818.1328,O,,,,-1.92019
1790828818.2011,R,C,463,-74,
1790828818.2122,R,A,484,-86,
1790828818.2444,R,B,459,-56,
1790828818.2457,R,C,464,-69,
1790828818.2459,R,A,485,-77,
1790828818.2639,R,B,460,-56,
1790828818.2017,O,,,,-1.91357
1790828818.2024,O,,,,-1.90563
1790828818.2029,O,,,,-1.89901
1790828818.2035,O,,,,-1.89239
1790828818.3080,R,C,465,-67,
1790828818.3129,R,A,486,-84,
1790828818.3489,R,B,461,-58,
1790828818.2816,O,,,,-1.88445
1790828818.2823,O,,,,-1.87783
1790828818.2829,O,,,,-1.87122
1790828818.2834,O,,,,-1.86327
1790828818.3522,O,,,,-1.85666
1790828818.3547,R,C,466,-68,
1790828818.3549,R,A,487,-87,
1790828818.4003,R,A,488,-77,
1790828818.4069,R,C,467,-64,
1790828818.3533,O,,,,-1.85004
1790828818.3539,O,,,,-1.84210
1790828818.4604,R,B,462,-61,
1790828818.4938,R,C,468,-67,
1790828818.4948,R,A,489,-84,
1790828818.4988,R,B,463,-63,
1790828818.4329,O,,,,-1.83415
1790828818.4343,O,,,,-1.82886
1790828818.4350,O,,,,-1.82092
1790828818.4355,O,,,,-1.81430
1790828818.5408,R,B,464,-61,
1790828818.5588,R,C,469,-64,
1790828818.5617,R,A,490,-74,
1790828818.5148,O,,,,-1.80636
1790828818.5156,O,,,,-1.79974
1790828818.5162,O,,,,-1.79180
1790828818.5167,O,,,,-1.78518
1790828818.5821,O,,,,-1.77724
1790828818.5862,R,C,470,-68,
1790828818.5987,R,B,465,-66,
1790828818.6123,R,A,491,-74,
1790828818.6294,R,C,471,-65,
1790828818.6296,R,B,466,-65,
1790828818.6342,R,A,492,-77,
1790828818.5832,O,,,,-1.77062
1790828818.5837,O,,,,-1.76268
1790828818.5843,O,,,,-1.75606
1790828818.6623,O,,,,-1.74944
1790828818.6748,R,B,467,-63,
1790828818.6754,R,C,472,-67,
1790828818.6760,R,A,493,-74,
1790828818.7204,R,C,473,-68,
1790828818.7242,R,A,494,-75,
1790828818.7250,R,B,468,-73,
1790828818.6634,O,,,,-1.74150
1790828818.6641,O,,,,-1.73488
1790828818.6647,O,,,,-1.72694
1790828818.7420,O,,,,-1.72032
1790828818.7608,R,C,474,-67,
1790828818.7624,R,A,495,-73,
1790828818.7685,R,B,469,-69,
1790828818.8086,R,A,496,-81,
1790828818.8088,R,C,475,-68,
1790828818.7433,O,,,,-1.71238
1790828818.7439,O,,,,-1.70708
1790828818.7444,O,,,,-1.69914
1790828818.8072,O,,,,-1.69120
1790828818.8078,O,,,,-1.68590
1790828818.8122,O,,,,-1.67796
1790828818.8272,R,B,470,-75,
1790828818.8610,R,C,476,-102,
1790828818.8624,R,A,497,-69,
1790828818.8982,R,B,471,-64,
1790828818.9031,R,A,498,-69,
1790828818.9115,R,C,477,-65,
1790828818.9217,R,B,472,-62,
1790828818.9426,R,A,499,-77,
1790828818.9480,R,B,473,-61,
1790828818.9482,R,C,478,-78,
1790828818.8878,O,,,,-1.67002
1790828818.8884,O,,,,-1.66340
1790828818.8889,O,,,,-1.65678
1790828818.8895,O,,,,-1.64884
1790828818.9669,O,,,,-1.64355
1790828818.9983,R,B,474,-58,
1790828819.0114,R,C,479,-64,
1790828819.0124,R,A,500,-65,
1790828819.0320,R,C,480,-65,
1790828819.0322,R,A,501,-68,
1790828819.0375,R,B,475,-59,
1790828818.9682,O,,,,-1.63561
1790828818.9688,O,,,,-1.62766
1790828818.9693,O,,,,-1.62105
1790828819.0420,O,,,,-1.61443
1790828819.0819,R,C,481,-69,
1790828819.0820,R,B,476,-60,
1790828819.0829,R,A,502,-73,
1790828819.0430,O,,,,-1.60648
1790828819.0436,O,,,,-1.59854
1790828819.0441,O,,,,-1.59192
1790828819.1411,R,B,477,-58,
1790828819.1608,R,C,482,-64,
1790828819.1632,R,A,503,-67,
1790828819.1880,R,B,478,-59,
1790828819.1883,R,A,504,-69,
1790828819.1884,R,C,483,-68,
1790828819.1225,O,,,,-1.58398
1790828819.1234,O,,,,-1.57736
1790828819.1240,O,,,,-1.57075
1790828819.1245,O,,,,-1.56280
1790828819.2201,R,B,479,-64,
1790828819.2521,R,C,484,-80,
1790828819.2625,R,A,505,-74,
1790828819.2023,O,,,,-1.55619
1790828819.2036,O,,,,-1.54824
1790828819.2043,O,,,,-1.54163
1790828819.2048,O,,,,-1.53501
1790828819.2678,R,B,480,-61,
1790828819.2682,R,C,485,-65,
1790828819.2685,R,A,506,-70,
1790828819.3109,R,C,486,-66,
1790828819.3127,R,A,507,-73,
1790828819.2775,O,,,,-1.52707
1790828819.2782,O,,,,-1.51912
1790828819.2788,O,,,,-1.51251
1790828819.2793,O,,,,-1.50589
1790828819.3482,R,B,481,-62,
1790828819.3535,R,B,482,-65,
1790828819.3549,O,,,,-1.49927
1790828819.3557,O,,,,-1.49133
1790828819.3563,O,,,,-1.48471
1790828819.4143,R,A,508,-77,
1790828819.4324,R,C,487,-67,
1790828819.4325,R,B,483,-63,
1790828819.4623,R,A,509,-76,
1790828819.4838,R,A,510,-73,
1790828819.4839,R,C,488,-77,
1790828819.4842,R,B,484,-62,
1790828819.4252,O,,,,-1.47677
1790828819.4264,O,,,,-1.47015
1790828819.4271,O,,,,-1.46353
1790828819.4276,O,,,,-1.45559
1790828819.5264,R,A,511,-78,
1790828819.5486,R,B,485,-62,
1790828819.5607,R,C,489,-71,
1790828819.5654,R,B,486,-65,
1790828819.5657,R,C,490,-68,
1790828819.5049,O,,,,-1.44897
1790828819.5069,O,,,,-1.44103
1790828819.5076,O,,,,-1.43441
1790828819.5081,O,,,,-1.42779
1790828819.6159,R,B,487,-61,
1790828819.6345,R,A,512,-74,
1790828819.5835,O,,,,-1.41985
1790828819.5843,O,,,,-1.41323
1790828819.5849,O,,,,-1.40529
1790828819.5854,O,,,,-1.39867
1790828819.6499,R,C,491,-77,
1790828819.6649,R,B,488,-60,
1790828819.7051,R,C,492,-68,
1790828819.7057,R,A,513,-76,
1790828819.7132,R,B,489,-68,
1790828819.6601,O,,,,-1.39205
1790828819.6610,O,,,,-1.38411
1790828819.6615,O,,,,-1.37749
1790828819.6621,O,,,,-1.36955
1790828819.7607,R,C,493,-68,
1790828819.7629,R,A,514,-84,
1790828819.7881,R,B,490,-58,
1790828819.7936,R,A,515,-73,
1790828819.7366,O,,,,-1.36293
1790828819.7374,O,,,,-1.35499
1790828819.7379,O,,,,-1.34837
1790828819.7385,O,,,,-1.34175
1790828819.7987,R,B,491,-57,
1790828819.8440,R,C,494,-69,
1790828819.8445,R,A,516,-74,
1790828819.8483,R,B,492,-58,
1790828819.8093,O,,,,-1.33381
1790828819.8109,O,,,,-1.32719
1790828819.8115,O,,,,-1.32057
1790828819.8955,R,C,495,-66,
1790828819.8956,R,B,493,-64,
1790828819.8960,R,A,517,-79,
1790828819.9483,R,B,494,-57,
1790828819.8856,O,,,,-1.31263
1790828819.8866,O,,,,-1.30601
1790828819.8873,O,,,,-1.29940
1790828819.8879,O,,,,-1.29145
1790828819.9613,R,C,496,-70,
1790828819.9659,R,A,518,-73,
1790828819.9859,R,C,497,-74,
1790828819.9861,R,B,495,-58,
1790828819.9863,R,A,519,-73,
1790828819.9632,O,,,,-1.28484
1790828819.9640,O,,,,-1.27822
1790828819.9646,O,,,,-1.27160
1790828819.9651,O,,,,-1.26366
1790828820.0694,R,B,496,-60,
1790828820.0695,R,C,498,-72,
1790828820.0696,R,A,520,-71,
1790828820.0420,O,,,,-1.25704
1790828820.0430,O,,,,-1.25042
1790828820.0437,O,,,,-1.24248
1790828820.0443,O,,,,-1.23454
1790828820.1096,R,C,499,-72,
1790828820.1127,R,A,521,-71,
1790828820.1353,R,B,497,-62,
1790828820.1581,R,C,500,-69,
1790828820.1583,R,A,522,-70,
1790828820.1744,R,B,498,-62,
1790828820.1164,O,,,,-1.22792
1790828820.1172,O,,,,-1.22130
1790828820.1178,O,,,,-1.21336
1790828820.1183,O,,,,-1.20542
1790828820.2022,R,C,501,-66,
1790828820.2024,R,A,523,-73,
1790828820.2355,R,B,499,-59,
1790828820.2465,R,B,500,-58,
1790828820.2467,R,A,524,-70,
1790828820.1966,O,,,,-1.19747
1790828820.1976,O,,,,-1.19218
1790828820.1983,O,,,,-1.18424
1790828820.1988,O,,,,-1.17630
1790828820.2620,R,C,502,-87,
1790828820.2909,R,B,501,-64,
1790828820.2913,R,C,503,-66,
1790828820.2916,R,A,525,-71,
1790828820.3387,R,C,504,-69,
1790828820.3391,R,B,502,-56,
1790828820.3392,R,A,526,-74,
1790828820.2736,O,,,,-1.16968
1790828820.2744,O,,,,-1.16306
1790828820.2750,O,,,,-1.15512
1790828820.2755,O,,,,-1.14850
1790828820.3555,O,,,,-1.14188
1790828820.3566,O,,,,-1.13394
1790828820.3571,O,,,,-1.12732
1790828820.4222,O,,,,-1.11938
1790828820.4983,R,B,503,-55,
1790828820.4232,O,,,,-1.11276
1790828820.4238,O,,,,-1.10614
1790828820.4243,O,,,,-1.09952
1790828820.5022,O,,,,-1.09158
1790828820.5107,R,C,505,-77,
1790828820.5122,R,A,527,-77,
1790828820.5265,R,C,506,-73,
1790828820.5488,R,B,504,-55,
1790828820.5507,R,A,528,-73,
1790828820.5740,R,C,507,-69,
1790828820.5742,R,B,505,-62,
1790828820.5744,R,A,529,-74,
1790828820.5032,O,,,,-1.08496
1790828820.5038,O,,,,-1.07702
1790828820.5043,O,,,,-1.07040
1790828820.5768,O,,,,-1.06246
1790828820.6176,R,B,506,-57,
1790828820.5779,O,,,,-1.05584
1790828820.5784,O,,,,-1.04790
1790828820.5790,O,,,,-1.04128
1790828820.6547,R,C,508,-77,
1790828820.6625,R,A,530,-75,
1790828820.6882,R,B,507,-55,
1790828820.7108,R,C,509,-71,
1790828820.7124,R,A,531,-76,
1790828820.6589,O,,,,-1.03466
1790828820.6606,O,,,,-1.02672
1790828820.6612,O,,,,-1.02010
1790828820.6618,O,,,,-1.01216
1790828820.7486,R,B,508,-58,
1790828820.7501,R,C,510,-63,
1790828820.7536,R,A,532,-76,
1790828820.7964,R,B,509,-57,
1790828820.7387,O,,,,-1.00554
1790828820.7396,O,,,,-0.99893
1790828820.7402,O,,,,-0.99098
1790828820.7407,O,,,,-0.98304
1790828820.8022,O,,,,-0.97642
1790828820.8107,R,C,511,-74,
1790828820.8124,R,A,533,-72,
1790828820.8413,R,C,512,-70,
1790828820.8415,R,B,510,-56,
1790828820.8416,R,A,534,-78,
1790828820.8804,R,C,513,-62,
1790828820.8032,O,,,,-0.96981
1790828820.8037,O,,,,-0.96319
1790828820.8822,O,,,,-0.95657
1790828820.8982,R,B,511,-56,
1790828820.9127,R,A,535,-79,
1790828820.9264,R,B,512,-56,
1790828820.9336,R,A,536,-70,
1790828820.8833,O,,,,-0.94863
1790828820.8838,O,,,,-0.94201
1790828820.8844,O,,,,-0.93407
1790828820.9680,R,C,514,-69,
1790828820.9684,R,B,513,-59,
1790828821.0132,R,A,537,-85,
1790828820.9620,O,,,,-0.92745
1790828820.9628,O,,,,-0.91951
1790828820.9633,O,,,,-0.91289
1790828820.9639,O,,,,-0.90627
1790828821.0482,R,B,514,-56,
1790828821.0607,R,C,515,-66,
1790828821.0630,R,A,538,-76,
1790828821.0677,R,B,515,-57,
1790828821.1106,R,C,516,-67,
1790828821.0445,O,,,,-0.89833
1790828821.0453,O,,,,-0.89171
1790828821.0459,O,,,,-0.88509
1790828821.0465,O,,,,-0.87715
1790828821.1128,R,A,539,-72,
1790828821.1490,R,B,516,-61,
1790828821.1589,R,C,517,-67,
1790828821.1591,R,A,540,-75,
1790828821.1864,R,A,541,-73,
1790828821.1865,R,B,517,-58,
1790828821.1232,O,,,,-0.87053
1790828821.1246,O,,,,-0.86259
1790828821.1251,O,,,,-0.85597
1790828821.1257,O,,,,-0.84803
1790828821.2102,R,C,518,-66,
1790828821.2292,R,B,518,-57,
1790828821.2444,R,C,519,-67,
1790828821.2446,R,A,542,-71,
1790828821.1992,O,,,,-0.84141
1790828821.2009,O,,,,-0.83479
1790828821.2016,O,,,,-0.82685
1790828821.2022,O,,,,-0.82023
1790828821.2621,O,,,,-0.81229
1790828821.2802,R,C,520,-64,
1790828821.2806,R,A,543,-70,
1790828821.2807,R,B,519,-56,
1790828821.3173,R,B,520,-57,
1790828821.3174,R,C,521,-63,
1790828821.2633,O,,,,-0.80567
1790828821.2639,O,,,,-0.79773
1790828821.2644,O,,,,-0.79111
1790828821.3571,R,B,521,-56,
1790828821.3580,R,A,544,-70,
1790828821.3603,R,A,545,-71,
1790828821.3608,R,C,522,-63,
1790828821.4049,R,C,523,-66,
1790828821.4051,R,A,546,-70,
1790828821.3469,O,,,,-0.78449
1790828821.3477,O,,,,-0.77655
1790828821.3483,O,,,,-0.76993
1790828821.4367,R,B,522,-55,
1790828821.4482,R,A,547,-68,
1790828821.4487,R,B,523,-52,
1790828821.4609,R,C,524,-65,
1790828821.4274,O,,,,-0.76331
1790828821.4284,O,,,,-0.75537
1790828821.4290,O,,,,-0.74875
1790828821.4296,O,,,,-0.74214
1790828821.4989,R,B,524,-55,
1790828821.5062,R,A,548,-71,
1790828821.5064,R,C,525,-63,
1790828821.5475,R,B,525,-57,
1790828821.5607,R,C,526,-65,
1790828821.5633,R,A,549,-70,
1790828821.5031,O,,,,-0.73419
1790828821.5043,O,,,,-0.72890
1790828821.5049,O,,,,-0.72096
1790828821.5054,O,,,,-0.71302
1790828821.5989,R,B,526,-55,
1790828821.6109,R,C,527,-67,
1790828821.6131,R,A,550,-68,
1790828821.5798,O,,,,-0.70640
1790828821.5806,O,,,,-0.69978
1790828821.5813,O,,,,-0.69184
1790828821.5818,O,,,,-0.68522
1790828821.6428,R,B,527,-55,
1790828821.6609,R,C,528,-70,
1790828821.6623,R,A,551,-74,
1790828821.6870,R,B,528,-61,
1790828821.6872,R,C,529,-62,
1790828821.6873,R,A,552,-72,
1790828821.6523,O,,,,-0.67860
1790828821.6530,O,,,,-0.67066
1790828821.6536,O,,,,-0.66272
1790828821.6541,O,,,,-0.65610
1790828821.7284,R,C,530,-62,
1790828821.7289,R,A,553,-67,
1790828821.7290,R,B,529,-62,
1790828821.7843,R,C,531,-69,
1790828821.7844,R,B,530,-62,
1790828821.7847,R,A,554,-70,
1790828821.7304,O,,,,-0.64948
1790828821.7317,O,,,,-0.64154
1790828821.7324,O,,,,-0.63360
1790828821.7330,O,,,,-0.62698
1790828821.8269,R,C,532,-58,
1790828821.8271,R,A,555,-67,
1790828821.8273,R,B,531,-55,
1790828821.8699,R,A,556,-65,
1790828821.8701,R,B,532,-56,
1790828821.8076,O,,,,-0.62036
1790828821.8085,O,,,,-0.61242
1790828821.8090,O,,,,-0.60580
1790828821.8728,R,C,533,-57,
1790828821.9108,R,C,534,-57,
1790828821.9130,R,A,557,-65,
1790828821.9310,R,B,533,-59,
1790828821.8821,O,,,,-0.59918
1790828821.8834,O,,,,-0.59124
1790828821.8841,O,,,,-0.58330
1790828821.8846,O,,,,-0.57800
1790828821.9517,R,A,558,-70,
1790828821.9520,R,C,535,-62,
1790828821.9964,R,B,534,-61,
1790828822.0107,R,C,536,-61,
1790828822.0122,R,A,559,-66,
1790828821.9567,O,,,,-0.57006
1790828821.9575,O,,,,-0.56344
1790828821.9581,O,,,,-0.55682
1790828821.9587,O,,,,-0.54888
1790828822.0435,R,A,560,-67,
1790828822.0437,R,C,537,-65,
1790828822.0438,R,B,535,-60,
1790828822.0883,R,B,536,-56,
1790828822.0885,R,C,538,-64,
1790828822.0890,R,A,561,-77,
1790828822.0365,O,,,,-0.54226
1790828822.0372,O,,,,-0.53565
1790828822.0378,O,,,,-0.52770
1790828822.0383,O,,,,-0.51976
1790828822.1389,R,B,537,-61,
1790828822.1391,R,A,562,-67,
1790828822.1393,R,C,539,-66,
1790828822.1119,O,,,,-0.51314
1790828822.1134,O,,,,-0.50653
1790828822.1140,O,,,,-0.49858
1790828822.1146,O,,,,-0.49197
1790828822.1794,R,C,540,-66,
1790828822.1796,R,A,563,-67,
1790828822.1983,R,B,538,-55,
1790828822.2211,R,B,539,-55,
1790828822.2251,R,C,541,-64,
1790828822.1916,O,,,,-0.48535
1790828822.1923,O,,,,-0.47740
1790828822.1929,O,,,,-0.46946
1790828822.1935,O,,,,-0.46284
1790828822.2460,R,A,564,-71,
1790828822.2655,R,B,540,-62,
1790828822.2656,R,C,542,-62,
1790828822.3109,R,C,543,-60,
1790828822.3135,R,A,565,-67,
1790828822.2615,O,,,,-0.45623
1790828822.2623,O,,,,-0.44828
1790828822.2629,O,,,,-0.44034
1790828822.3474,R,B,541,-55,
1790828822.3601,R,B,542,-54,
1790828822.3376,O,,,,-0.43372
1790828822.3390,O,,,,-0.42711
1790828822.3395,O,,,,-0.41916
1790828822.3401,O,,,,-0.41255
1790828822.4035,R,C,544,-59,
1790828822.4125,R,A,566,-66,
1790828822.4486,R,B,543,-51,
1790828822.4555,R,C,545,-57,
1790828822.4557,R,A,567,-67,
1790828822.4165,O,,,,-0.40593
1790828822.4173,O,,,,-0.39799
1790828822.4179,O,,,,-0.39137
1790828822.4185,O,,,,-0.38475
1790828822.4916,R,C,546,-53,
1790828822.4985,R,B,544,-49,
1790828822.4986,R,A,568,-68,
1790828822.4940,O,,,,-0.37681
1790828822.4949,O,,,,-0.37019
1790828822.4955,O,,,,-0.36357
1790828822.4960,O,,,,-0.35695
1790828822.5494,R,B,545,-50,
1790828822.5558,R,C,547,-52,
1790828822.5608,R,A,569,-69,
1790828822.5741,R,B,546,-50,
1790828822.5754,R,C,548,-56,
1790828822.5756,R,A,570,-73,
1790828822.6211,R,B,547,-49,
1790828822.5716,O,,,,-0.34901
1790828822.5723,O,,,,-0.34239
1790828822.5729,O,,,,-0.33577
1790828822.5734,O,,,,-0.32916
1790828822.6542,R,C,549,-55,
1790828822.6683,R,C,550,-55,
1790828822.6990,R,B,548,-54,
1790828822.7064,R,B,549,-52,
1790828822.7070,R,A,571,-71,
1790828822.6517,O,,,,-0.32121
1790828822.6523,O,,,,-0.31459
1790828822.6529,O,,,,-0.30665
1790828822.6534,O,,,,-0.30003
1790828822.7110,R,A,572,-71,
1790828822.7110,R,C,551,-56,
1790828822.7531,R,A,573,-74,
1790828822.7533,R,C,552,-57,
1790828822.7687,R,B,550,-50,
1790828822.7266,O,,,,-0.29209
1790828822.7275,O,,,,-0.28547
1790828822.7281,O,,,,-0.27753
1790828822.7287,O,,,,-0.27091
1790828822.7947,R,C,553,-60,
1790828822.7952,R,B,551,-51,
1790828822.8131,R,A,574,-68,
1790828822.8486,R,B,552,-52,
1790828822.8610,R,C,554,-58,
1790828822.8626,R,A,575,-71,
1790828822.8005,O,,,,-0.26297
1790828822.8016,O,,,,-0.25503
1790828822.8030,O,,,,-0.24974
1790828822.8890,R,B,553,-56,
1790828822.8895,R,C,555,-56,
1790828822.9378,R,B,554,-51,
1790828822.9445,R,C,556,-61,
1790828822.9447,R,A,576,-66,
1790828822.8840,O,,,,-0.24179
1790828822.8856,O,,,,-0.23385
1790828822.8861,O,,,,-0.22723
1790828822.8867,O,,,,-0.22062
1790828822.9888,R,B,555,-55,
1790828822.9890,R,A,577,-69,
1790828822.9891,R,C,557,-59,
1790828823.0271,R,C,558,-56,
1790828823.0274,R,B,556,-57,
1790828823.0275,R,A,578,-72,
1790828822.9634,O,,,,-0.21267
1790828822.9650,O,,,,-0.20605
1790828822.9662,O,,,,-0.19944
1790828822.9668,O,,,,-0.19149
1790828823.0319,O,,,,-0.18488
1790828823.0900,R,C,559,-57,
1790828823.0902,R,A,579,-67,
1790828823.0904,R,B,557,-52,
1790828823.0330,O,,,,-0.17826
1790828823.0335,O,,,,-0.17032
1790828823.0341,O,,,,-0.16370
1790828823.1122,O,,,,-0.15708
1790828823.1484,R,B,558,-55,
1790828823.1607,R,C,560,-59,
1790828823.1630,R,A,580,-72,
1790828823.1132,O,,,,-0.14914
1790828823.1138,O,,,,-0.14120
1790828823.1143,O,,,,-0.13458
1790828823.1870,O,,,,-0.12796
1790828823.1901,R,C,561,-56,
1790828823.1904,R,A,581,-76,
1790828823.1906,R,B,559,-57,
1790828823.2188,R,A,582,-67,
1790828823.2190,R,B,560,-56,
1790828823.2310,R,C,562,-56,
1790828823.1881,O,,,,-0.12002
1790828823.1886,O,,,,-0.11208
1790828823.1893,O,,,,-0.10546
1790828823.2572,O,,,,-0.09884
1790828823.2620,R,A,583,-68,
1790828823.2858,R,B,561,-56,
1790828823.3083,R,A,584,-75,
1790828823.3106,R,C,563,-65,
1790828823.3205,R,B,562,-61,
1790828823.2583,O,,,,-0.09090
1790828823.2589,O,,,,-0.08428
1790828823.3373,O,,,,-0.07766
1790828823.3614,R,C,564,-61,
1790828823.3626,R,A,585,-76,
1790828823.3984,R,B,563,-64,
1790828823.4001,R,C,565,-60,
1790828823.3384,O,,,,-0.06972
1790828823.3390,O,,,,-0.06310
1790828823.3396,O,,,,-0.05648
1790828823.4123,O,,,,-0.04854
1790828823.4153,R,A,586,-74,
1790828823.4485,R,B,564,-63,
1790828823.4604,R,C,566,-69,
1790828823.4627,R,A,587,-79,
1790828823.4134,O,,,,-0.04060
1790828823.4140,O,,,,-0.03530
1790828823.4145,O,,,,-0.02736
1790828823.4874,R,B,565,-66,
1790828823.5084,R,C,567,-61,
1790828823.5085,R,A,588,-75,
1790828823.5484,R,B,566,-67,
1790828823.5595,R,A,589,-76,
1790828823.5596,R,C,568,-62,
1790828823.4925,O,,,,-0.01942
1790828823.4936,O,,,,-0.01412
1790828823.4943,O,,,,-0.00618
1790828823.4949,O,,,,0.00176
1790828823.5759,R,B,567,-65,
1790828823.6005,R,C,569,-71,
1790828823.6008,R,A,590,-77,
1790828823.5725,O,,,,0.00970
1790828823.5737,O,,,,0.01500
1790828823.5743,O,,,,0.02294
1790828823.5750,O,,,,0.03088
1790828823.6576,R,C,570,-62,
1790828823.6576,R,A,591,-72,
1790828823.6624,R,A,592,-71,
1790828823.6990,R,B,568,-67,
1790828823.7109,R,C,571,-63,
1790828823.7130,R,A,593,-73,
1790828823.6539,O,,,,0.03617
1790828823.6551,O,,,,0.04412
1790828823.6557,O,,,,0.05206
1790828823.6567,O,,,,0.05735
1790828823.7209,R,B,569,-73,
1790828823.7435,R,C,572,-65,
1790828823.7439,R,A,594,-72,
1790828823.7484,R,B,570,-71,
1790828823.7836,R,C,573,-61,
1790828823.7838,R,A,595,-71,
1790828823.7313,O,,,,0.06529
1790828823.7321,O,,,,0.07059
1790828823.7327,O,,,,0.07853
1790828823.7332,O,,,,0.08383
1790828823.7989,R,B,571,-65,
1790828823.8293,R,C,574,-62,
1790828823.8346,R,B,572,-64,
1790828823.7969,O,,,,0.09177
1790828823.7975,O,,,,0.09971
1790828823.7981,O,,,,0.10633
1790828823.8735,R,B,573,-63,
1790828823.8737,R,A,596,-71,
1790828823.8738,R,C,575,-62,
1790828823.9254,R,B,574,-63,
1790828823.8779,O,,,,0.11295
1790828823.8787,O,,,,0.12089
1790828823.8793,O,,,,0.12883
1790828823.8798,O,,,,0.13677
1790828823.9595,R,A,597,-71,
1790828823.9607,R,C,576,-62,
1790828823.9983,R,B,575,-63,
1790828824.0109,R,C,577,-64,
1790828824.0131,R,A,598,-81,
1790828823.9556,O,,,,0.14471
1790828823.9574,O,,,,0.15001
1790828823.9582,O,,,,0.15795
1790828823.9588,O,,,,0.16589
1790828824.0390,R,B,576,-65,
1790828824.0457,R,C,578,-68,
1790828824.0484,R,B,577,-65,
1790828824.0619,R,A,599,-76,
1790828824.0886,R,C,579,-66,
1790828824.0889,R,A,600,-73,
1790828824.0890,R,B,578,-65,
1790828824.0336,O,,,,0.17383
1790828824.0345,O,,,,0.17913
1790828824.0351,O,,,,0.18707
1790828824.0356,O,,,,0.19501
1790828824.1477,R,A,601,-87,
1790828824.1480,R,C,580,-66,
1790828824.1481,R,B,579,-66,
1790828824.1075,O,,,,0.20163
1790828824.1093,O,,,,0.20825
1790828824.1101,O,,,,0.21619
1790828824.1106,O,,,,0.22281
1790828824.1805,R,B,580,-66,
1790828824.1847,R,C,581,-68,
1790828824.1851,R,A,602,-75,
1790828824.2283,R,B,581,-69,
1790828824.1869,O,,,,0.22943
1790828824.1876,O,,,,0.23737
1790828824.1882,O,,,,0.24266
1790828824.1887,O,,,,0.25061
1790828824.2555,R,C,582,-66,
1790828824.2559,R,A,603,-73,
1790828824.2753,R,B,582,-67,
1790828824.3091,R,C,583,-64,
1790828824.3131,R,A,604,-77,
1790828824.2608,O,,,,0.25855
1790828824.2618,O,,,,0.26517
1790828824.2624,O,,,,0.27179
1790828824.3484,R,B,583,-72,
1790828824.3537,R,C,584,-63,
1790828824.3578,R,B,584,-67,
1790828824.3633,R,A,605,-70,
1790828824.3343,O,,,,0.27973
1790828824.3352,O,,,,0.28767
1790828824.3359,O,,,,0.29429
1790828824.3365,O,,,,0.30091
1790828824.4000,R,C,585,-65,
1790828824.4132,R,A,606,-71,
1790828824.4471,R,B,585,-67,
1790828824.4601,R,C,586,-67,
1790828824.4623,R,A,607,-75,
1790828824.4095,O,,,,0.30885
1790828824.4113,O,,,,0.31679
1790828824.4120,O,,,,0.32208
1790828824.4126,O,,,,0.33003
1790828824.4984,R,B,586,-70,
1790828824.5108,R,C,587,-72,
1790828824.5130,R,A,608,-72,
1790828824.5350,R,C,588,-68,
1790828824.5485,R,B,587,-69,
1790828824.4915,O,,,,0.33797
1790828824.4923,O,,,,0.34591
1790828824.4929,O,,,,0.35120
1790828824.4934,O,,,,0.35915
1790828824.5629,R,A,609,-72,
1790828824.5904,R,C,589,-79,
1790828824.5985,R,B,588,-72,
1790828824.6129,R,A,610,-76,
1790828824.5666,O,,,,0.36709
1790828824.5673,O,,,,0.37238
1790828824.5679,O,,,,0.38033
1790828824.5685,O,,,,0.38827
1790828824.6484,R,B,589,-71,
1790828824.6500,R,C,590,-75,
1790828824.6567,R,A,611,-74,
1790828824.6766,R,B,590,-70,
1790828824.6855,R,A,612,-74,
1790828824.7069,R,C,591,-67,
1790828824.6439,O,,,,0.39489
1790828824.6446,O,,,,0.40150
1790828824.6452,O,,,,0.40945
1790828824.6458,O,,,,0.41739
1790828824.7492,R,B,591,-71,
1790828824.7589,R,C,592,-71,
1790828824.7616,R,A,613,-78,
1790828824.7642,R,A,614,-78,
1790828824.7220,O,,,,0.42268
1790828824.7227,O,,,,0.43062
1790828824.7233,O,,,,0.43724
1790828824.7239,O,,,,0.44386
1790828824.7799,R,B,592,-73,
1790828824.8093,R,C,593,-73,
1790828824.8124,R,A,615,-73,
1790828824.8485,R,B,593,-73,
1790828824.7915,O,,,,0.45180
1790828824.7923,O,,,,0.45842
1790828824.7928,O,,,,0.46504
1790828824.8575,R,B,594,-72,
1790828824.8606,R,C,594,-72,
1790828824.8625,R,A,616,-78,
1790828824.9019,R,A,617,-81,
1790828824.9108,R,C,595,-74,
1790828824.9250,R,B,595,-73,
1790828824.8715,O,,,,0.47298
1790828824.8723,O,,,,0.48092
1790828824.8730,O,,,,0.48754
1790828824.8735,O,,,,0.49416
1790828824.9500,R,B,596,-73,
1790828824.9615,R,C,596,-64,
1790828824.9626,R,A,618,-73,
1790828824.9924,R,B,597,-80,
1790828824.9926,R,C,597,-81,
1790828824.9928,R,A,619,-77,
1790828824.9471,O,,,,0.50210
1790828824.9480,O,,,,0.50872
1790828824.9486,O,,,,0.51534
1790828824.9492,O,,,,0.52328
1790828825.0399,R,B,598,-83,
1790828825.0608,R,C,598,-66,
1790828825.0616,R,A,620,-70,
1790828825.0266,O,,,,0.53122
1790828825.0273,O,,,,0.53784
1790828825.0279,O,,,,0.54446
1790828825.0285,O,,,,0.55240
1790828825.0949,R,C,599,-58,
1790828825.0953,R,B,599,-72,
1790828825.0954,R,A,621,-66,
1790828825.1304,R,C,600,-69,
1790828825.1305,R,B,600,-77,
1790828825.1070,O,,,,0.55902
1790828825.1077,O,,,,0.56564
1790828825.1082,O,,,,0.57358
1790828825.1088,O,,,,0.58152
1790828825.1624,R,A,622,-71,
1790828825.1964,R,C,601,-67,
1790828825.1970,R,A,623,-66,
1790828825.2201,R,B,601,-76,
1790828825.1821,O,,,,0.58682
1790828825.1827,O,,,,0.59476
1790828825.1835,O,,,,0.60138
1790828825.1841,O,,,,0.60932
1790828825.2268,R,A,624,-69,
1790828825.2579,R,C,602,-76,
1790828825.2877,R,B,602,-77,
1790828825.2878,R,C,603,-74,
1790828825.2521,O,,,,0.61594
1790828825.2528,O,,,,0.62388
1790828825.2534,O,,,,0.63050
1790828825.3073,R,A,625,-73,
1790828825.3082,R,C,604,-71,
1790828825.3091,R,A,626,-71,
1790828825.3608,R,C,605,-67,
1790828825.3638,R,A,627,-65,
1790828825.3322,O,,,,0.63711
1790828825.3330,O,,,,0.64506
1790828825.3335,O,,,,0.65168
1790828825.3341,O,,,,0.65829
1790828825.3956,R,B,603,-78,
1790828825.3978,R,B,604,-77,
1790828825.4114,R,C,606,-68,
1790828825.4132,R,A,628,-83,
1790828825.4426,R,A,629,-73,
1790828825.4428,R,C,607,-65,
1790828825.4485,R,B,605,-84,
1790828825.4074,O,,,,0.66624
1790828825.4081,O,,,,0.67285
1790828825.4087,O,,,,0.67947
1790828825.4092,O,,,,0.68741
1790828825.4904,R,A,630,-69,
1790828825.4866,O,,,,0.69536
1790828825.4872,O,,,,0.70197
1790828825.4878,O,,,,0.70859
1790828825.4883,O,,,,0.71653
1790828825.5340,R,B,606,-77,
1790828825.5349,R,C,608,-68,
1790828825.5650,R,A,631,-69,
1790828825.5956,R,B,607,-79,
1790828825.5623,O,,,,0.72448
1790828825.5630,O,,,,0.72977
1790828825.5637,O,,,,0.73771
1790828825.5642,O,,,,0.74565
1790828825.6108,R,C,609,-68,
1790828825.6125,R,A,632,-67,
1790828825.6301,R,C,610,-70,
1790828825.6304,R,B,608,-75,
1790828825.6305,R,A,633,-67,
1790828825.6422,O,,,,0.75227
1790828825.6430,O,,,,0.75889
1790828825.6435,O,,,,0.76683
1790828825.6441,O,,,,0.77345
1790828825.6985,R,B,609,-72,
1790828825.7107,R,C,611,-62,
1790828825.7133,R,A,634,-68,
1790828825.7290,R,C,612,-72,
1790828825.7292,R,B,610,-77,
1790828825.7295,R,A,635,-67,
1790828825.7219,O,,,,0.78007
1790828825.7226,O,,,,0.78801
1790828825.7232,O,,,,0.79595
1790828825.7238,O,,,,0.80257
1790828825.7721,R,C,613,-63,
1790828825.7725,R,B,611,-77,
1790828825.7730,R,A,636,-69,
1790828825.8175,R,B,612,-71,
1790828825.8178,R,A,637,-72,
1790828825.8180,R,C,614,-67,
1790828825.7922,O,,,,0.80919
1790828825.7929,O,,,,0.81713
1790828825.7935,O,,,,0.82375
1790828825.8670,O,,,,0.83037
1790828825.8677,O,,,,0.83831
1790828825.8683,O,,,,0.84493
1790828825.8688,O,,,,0.85155
1790828825.9112,R,C,615,-66,
1790828825.9123,R,A,638,-67,
1790828825.9544,R,A,639,-67,
1790828825.9545,R,C,616,-78,
1790828825.9477,O,,,,0.85949
1790828825.9484,O,,,,0.86611
1790828825.9492,O,,,,0.87273
1790828825.9498,O,,,,0.88067
1790828825.9982,R,B,613,-74,
1790828826.0054,R,A,640,-67,
1790828826.0107,R,C,617,-67,
1790828826.0456,R,A,641,-71,
1790828826.0505,R,C,618,-67,
1790828826.0220,O,,,,0.88861
1790828826.0228,O,,,,0.89390
1790828826.0233,O,,,,0.90185
1790828826.0239,O,,,,0.90979
1790828826.0984,R,B,614,-77,
1790828826.1109,R,C,619,-60,
1790828826.1130,R,A,642,-65,
1790828826.1392,R,B,615,-76,
1790828826.1394,R,C,620,-66,
1790828826.1396,R,A,643,-66,
1790828826.1018,O,,,,0.91641
1790828826.1025,O,,,,0.92303
1790828826.1031,O,,,,0.93097
1790828826.1036,O,,,,0.93891
1790828826.1896,R,B,616,-79,
1790828826.1898,R,A,644,-66,
1790828826.2026,R,C,621,-59,
1790828826.1821,O,,,,0.94420
1790828826.1828,O,,,,0.95215
1790828826.1834,O,,,,0.96009
1790828826.1839,O,,,,0.96671
1790828826.2325,R,A,645,-65,
1790828826.2482,R,B,617,-82,
1790828826.2607,R,C,622,-60,
1790828826.2770,R,B,618,-91,
1790828826.2832,R,C,623,-61,
1790828826.2526,O,,,,0.97332
1790828826.2532,O,,,,0.98127
1790828826.2537,O,,,,0.98921
1790828826.3124,R,A,646,-67,
1790828826.3245,R,B,619,-76,
1790828826.3606,R,C,624,-61,
1790828826.3616,R,A,647,-66,
1790828826.3268,O,,,,0.99583
1790828826.3275,O,,,,1.00244
1790828826.3281,O,,,,1.01039
1790828826.3286,O,,,,1.01700
1790828826.3749,R,C,625,-61,
1790828826.4129,R,A,648,-66,
1790828826.4480,R,B,620,-83,
1790828826.4075,O,,,,1.02362
1790828826.4083,O,,,,1.03156
1790828826.4089,O,,,,1.03818
1790828826.4094,O,,,,1.04480
1790828826.4520,R,A,649,-67,
1790828826.4520,R,C,626,-63,
1790828826.4690,R,B,621,-77,
1790828826.4700,R,C,627,-64,
1790828826.4702,R,A,650,-67,
1790828826.5194,R,B,622,-82,
1790828826.4820,O,,,,1.05274
1790828826.4828,O,,,,1.05804
1790828826.4834,O,,,,1.06598
1790828826.4839,O,,,,1.07392
1790828826.5483,R,A,651,-68,
1790828826.5484,R,C,628,-62,
1790828826.5741,R,A,652,-67,
1790828826.5742,R,B,623,-77,
1790828826.5744,R,C,629,-64,
1790828826.5621,O,,,,1.07922
1790828826.5628,O,,,,1.08716
1790828826.5634,O,,,,1.09510
1790828826.5639,O,,,,1.10304
1790828826.6066,R,C,630,-64,
1790828826.6086,R,B,624,-80,
1790828826.6124,R,A,653,-68,
1790828826.6609,R,C,631,-62,
1790828826.6629,R,A,654,-67,
1790828826.6679,R,B,625,-75,
1790828826.6418,O,,,,1.10834
1790828826.6426,O,,,,1.11628
1790828826.6432,O,,,,1.12422
1790828826.6437,O,,,,1.13216
1790828826.7478,R,B,626,-73,
1790828826.7070,O,,,,1.13746
1790828826.7077,O,,,,1.14540
1790828826.7083,O,,,,1.15334
1790828826.7511,R,B,627,-75,
1790828826.7615,R,C,632,-62,
1790828826.7626,R,A,655,-66,
1790828826.7934,R,A,656,-67,
1790828826.7935,R,C,633,-64,
1790828826.7985,R,B,628,-77,
1790828826.7872,O,,,,1.15996
1790828826.7880,O,,,,1.16658
1790828826.7886,O,,,,1.17320
1790828826.7891,O,,,,1.17981
1790828826.8903,R,A,657,-69,
1790828826.8905,R,B,629,-75,
1790828826.8907,R,C,634,-64,
1790828826.8669,O,,,,1.18643
1790828826.8676,O,,,,1.19305
1790828826.8682,O,,,,1.20099
1790828826.8688,O,,,,1.20894
1790828826.9224,R,C,635,-64,
1790828826.9228,R,A,658,-66,
1790828826.9316,R,B,630,-78,
1790828826.9419,O,,,,1.21688
1790828826.9426,O,,,,1.22350
1790828826.9432,O,,,,1.23011
1790828826.9438,O,,,,1.23806
1790828826.9912,R,C,636,-67,
1790828826.9916,R,B,631,-70,
1790828826.9922,R,A,659,-66,
1790828827.0108,R,C,637,-65,
1790828827.0129,R,A,660,-67,
1790828827.0290,R,B,632,-78,
1790828827.0221,O,,,,1.24600
1790828827.0229,O,,,,1.25129
1790828827.0235,O,,,,1.25923
1790828827.0240,O,,,,1.26718
1790828827.0646,R,C,638,-66,
1790828827.0648,R,A,661,-71,
1790828827.0931,R,C,639,-65,
1790828827.0933,R,A,662,-69,
1790828827.0939,R,B,633,-83,
1790828827.1361,R,C,640,-71,
1790828827.0971,O,,,,1.27247
1790828827.0979,O,,,,1.28041
1790828827.0985,O,,,,1.28835
1790828827.0990,O,,,,1.29630
1790828827.1482,R,B,634,-75,
1790828827.1954,R,A,663,-69,
1790828827.1957,R,C,641,-65,
1790828827.1959,R,B,635,-76,
1790828827.1772,O,,,,1.30159
1790828827.1779,O,,,,1.30953
1790828827.1785,O,,,,1.31748
1790828827.1791,O,,,,1.32409
1790828827.2283,R,C,642,-66,
1790828827.2402,R,A,664,-69,
1790828827.2733,R,B,636,-76,
1790828827.2895,R,C,643,-71,
1790828827.2906,R,A,665,-82,
1790828827.2472,O,,,,1.33071
1790828827.2479,O,,,,1.33865
1790828827.2484,O,,,,1.34660
1790828827.3631,R,A,666,-69,
1790828827.3692,R,B,637,-84,
1790828827.3266,O,,,,1.35189
1790828827.3274,O,,,,1.35983
1790828827.3279,O,,,,1.36777
1790828827.3285,O,,,,1.37439
1790828827.4100,R,C,644,-66,
1790828827.4129,R,A,667,-75,
1790828827.4156,R,B,638,-77,
1790828827.4576,R,C,645,-66,
1790828827.4579,R,A,668,-81,
1790828827.4015,O,,,,1.38101
1790828827.4023,O,,,,1.38895
1790828827.4029,O,,,,1.39689
1790828827.4034,O,,,,1.40219
1790828827.4709,R,B,639,-82,
1790828827.5050,R,C,646,-73,
1790828827.5051,R,A,669,-68,
1790828827.5076,R,B,640,-85,
1790828827.4815,O,,,,1.41013
1790828827.4822,O,,,,1.41543
1790828827.4828,O,,,,1.42337
1790828827.4833,O,,,,1.43131
1790828827.5466,R,A,670,-82,
1790828827.5478,R,C,647,-66,
1790828827.5480,R,B,641,-84,
1790828827.5891,R,B,642,-85,
1790828827.6108,R,C,648,-66,
1790828827.6134,R,A,671,-73,
1790828827.5581,O,,,,1.43793
1790828827.5589,O,,,,1.44455
1790828827.5595,O,,,,1.45249
1790828827.5601,O,,,,1.45911
1790828827.6454,R,C,649,-78,
1790828827.6455,R,B,643,-75,
1790828827.6631,R,A,672,-68,
1790828827.6839,R,C,650,-67,
1790828827.6984,R,B,644,-78,
1790828827.6418,O,,,,1.46572
1790828827.6430,O,,,,1.47367
1790828827.6439,O,,,,1.48161
1790828827.6445,O,,,,1.48823
1790828827.7071,O,,,,1.49485
1790828827.7110,R,A,673,-86,
1790828827.7344,R,B,645,-81,
1790828827.7370,R,C,651,-68,
1790828827.7372,R,A,674,-71,
1790828827.7774,R,C,652,-70,
1790828827.7778,R,A,675,-68,
1790828827.7778,R,B,646,-73,
1790828827.7082,O,,,,1.50279
1790828827.7087,O,,,,1.51073
1790828827.7822,O,,,,1.51602
1790828827.8398,R,A,676,-80,
1790828827.8399,R,C,653,-63,
1790828827.7833,O,,,,1.52397
1790828827.7839,O,,,,1.53191
1790828827.7844,O,,,,1.53720
1790828827.8619,O,,,,1.54514
1790828827.8950,R,B,647,-74,
1790828827.9109,R,C,654,-66,
1790828827.9135,R,A,677,-70,
1790828827.9160,R,B,648,-72,
1790828827.8629,O,,,,1.55309
1790828827.8635,O,,,,1.55838
1790828827.8640,O,,,,1.56632
1790828827.9337,R,C,655,-63,
1790828827.9342,R,A,678,-69,
1790828827.9637,R,B,649,-72,
1790828828.0109,R,C,656,-62,
1790828827.9435,O,,,,1.57426
1790828827.9448,O,,,,1.57956
1790828827.9453,O,,,,1.58750
1790828827.9459,O,,,,1.59544
1790828828.0144,R,A,679,-80,
1790828828.0468,R,C,657,-65,
1790828828.0473,R,B,650,-72,
1790828828.0476,R,A,680,-71,
1790828828.0254,O,,,,1.60074
1790828828.0264,O,,,,1.60868
1790828828.0270,O,,,,1.61662
1790828828.0275,O,,,,1.62192
1790828828.0956,R,B,651,-77,
1790828828.0956,R,C,658,-61,
1790828828.0960,R,A,681,-74,
1790828828.1448,R,B,652,-74,
1790828828.1608,R,C,659,-58,
1790828828.1624,R,A,682,-80,
1790828828.1078,O,,,,1.62986
1790828828.1085,O,,,,1.63780
1790828828.1091,O,,,,1.64574
1790828828.1096,O,,,,1.65104
1790828828.1863,R,C,660,-65,
1790828828.1834,O,,,,1.65898
1790828828.1844,O,,,,1.66692
1790828828.1850,O,,,,1.67486
1790828828.1855,O,,,,1.68016
1790828828.2422,O,,,,1.68810
1790828828.2481,R,B,653,-79,
1790828828.2510,R,C,661,-59,
1790828828.2514,R,A,683,-77,
1790828828.2744,R,B,654,-78,
1790828828.2856,R,C,662,-60,
1790828828.2859,R,A,684,-82,
1790828828.2433,O,,,,1.69604
1790828828.2439,O,,,,1.70398
1790828828.3240,R,B,655,-74,
1790828828.3404,R,C,663,-63,
1790828828.3409,R,A,685,-73,
1790828828.3656,R,B,656,-76,
1790828828.3659,R,C,664,-62,
1790828828.3278,O,,,,1.70928
1790828828.3293,O,,,,1.71722
1790828828.3299,O,,,,1.72516
1790828828.3304,O,,,,1.73178
1790828828.4451,R,B,657,-78,
1790828828.4523,R,C,665,-63,
1790828828.4534,R,A,686,-80,
1790828828.4542,R,B,658,-73,
1790828828.3981,O,,,,1.73840
1790828828.3987,O,,,,1.74634
1790828828.3995,O,,,,1.75428
1790828828.4001,O,,,,1.75958
1790828828.4772,O,,,,1.76752
1790828828.4964,R,A,687,-77,
1790828828.4967,R,B,659,-71,
1790828828.5109,R,C,666,-63,
1790828828.5394,R,B,660,-77,
1790828828.4782,O,,,,1.77546
1790828828.4790,O,,,,1.78076
1790828828.4796,O,,,,1.78870
1790828828.5572,O,,,,1.79664
1790828828.5600,R,C,667,-68,
1790828828.5628,R,A,688,-79,
1790828828.5961,R,A,689,-77,
1790828828.5969,R,B,661,-75,
1790828828.6114,R,C,668,-64,
1790828828.5582,O,,,,1.80326
1790828828.5588,O,,,,1.80988
1790828828.5593,O,,,,1.81782
1790828828.6319,O,,,,1.82444
1790828828.6350,R,B,662,-70,
1790828828.6546,R,C,669,-65,
1790828828.6559,R,A,690,-77,
1790828828.6844,R,B,663,-76,
1790828828.6332,O,,,,1.83105
1790828828.6337,O,,,,1.83900
1790828828.6343,O,,,,1.84561
1790828828.7111,R,C,670,-68,
1790828828.7124,R,A,691,-83,
1790828828.7248,R,C,671,-64,
1790828828.7252,R,B,664,-75,
1790828828.7630,R,A,692,-75,
1790828828.7020,O,,,,1.85223
1790828828.7026,O,,,,1.85885
1790828828.7032,O,,,,1.86679
1790828828.8469,R,B,665,-70,
1790828828.8486,R,C,672,-64,
1790828828.8592,R,A,693,-76,
1790828828.8594,R,C,673,-64,
1790828828.7825,O,,,,1.87209
1790828828.7831,O,,,,1.88003
1790828828.7836,O,,,,1.88797
1790828828.7841,O,,,,1.89591
1790828828.8618,O,,,,1.90121
1790828828.8647,R,B,666,-73,
1790828828.9075,R,C,674,-62,
1790828828.9090,R,A,694,-72,
1790828828.9360,R,B,667,-68,
1790828828.8629,O,,,,1.90915
1790828828.8634,O,,,,1.91577
1790828828.8640,O,,,,1.92371
1790828828.9372,O,,,,1.93165
1790828828.9574,R,C,675,-64,
1790828828.9578,R,A,695,-79,
1790828829.0003,R,A,696,-78,
1790828828.9382,O,,,,1.93827
1790828828.9388,O,,,,1.94489
1790828828.9393,O,,,,1.95283
1790828829.0107,R,C,676,-68,
1790828829.0482,R,B,668,-73,
1790828829.0611,R,C,677,-64,
1790828829.0626,R,A,697,-72,
1790828829.0160,O,,,,1.96077
1790828829.0177,O,,,,1.96607
1790828829.0183,O,,,,1.97401
1790828829.0188,O,,,,1.98195
1790828829.0841,R,B,669,-68,
1790828829.0843,R,A,698,-84,
1790828829.1071,R,C,678,-68,
1790828829.1345,R,B,670,-70,
1790828829.0918,O,,,,1.98725
1790828829.0934,O,,,,1.99519
1790828829.0939,O,,,,2.00313
1790828829.0945,O,,,,2.00842
1790828829.1589,R,C,679,-73,
1790828829.1618,R,A,699,-77,
1790828829.1954,R,B,671,-74,
1790828829.1958,R,A,700,-72,
1790828829.1960,R,C,680,-66,
1790828829.2205,R,B,672,-68,
1790828829.1716,O,,,,2.01637
1790828829.1723,O,,,,2.02431
1790828829.1731,O,,,,2.03093
1790828829.1738,O,,,,2.03754
1790828829.2294,R,C,681,-67,
1790828829.2296,R,A,701,-79,
1790828829.2389,O,,,,2.04549
1790828829.2406,O,,,,2.05343
1790828829.2414,O,,,,2.05872
1790828829.3499,R,C,682,-70,
1790828829.3629,R,A,702,-71,
1790828829.3204,O,,,,2.06667
1790828829.3211,O,,,,2.07461
1790828829.3217,O,,,,2.08123
1790828829.3222,O,,,,2.08784
1790828829.4003,R,B,673,-69,
1790828829.4056,R,A,703,-77,
1790828829.4109,R,C,683,-68,
1790828829.4487,R,B,674,-74,
1790828829.4608,R,C,684,-70,
1790828829.3973,O,,,,2.09579
1790828829.3984,O,,,,2.10240
1790828829.3991,O,,,,2.11035
1790828829.3996,O,,,,2.11696
1790828829.4628,R,A,704,-76,
1790828829.4808,R,B,675,-75,
1790828829.4811,R,A,705,-69,
1790828829.5095,R,C,685,-72,
1790828829.5278,R,B,676,-71,
1790828829.5282,R,A,706,-72,
1790828829.4765,O,,,,2.12491
1790828829.4773,O,,,,2.13152
1790828829.4779,O,,,,2.13814
1790828829.4784,O,,,,2.14608
1790828829.5324,R,C,686,-66,
1790828829.5984,R,B,677,-73,
1790828829.6110,R,C,687,-66,
1790828829.5527,O,,,,2.15138
1790828829.5533,O,,,,2.15932
1790828829.5538,O,,,,2.16726
1790828829.5544,O,,,,2.17256
1790828829.6132,R,A,707,-76,
1790828829.6227,R,C,688,-72,
1790828829.6234,R,B,678,-76,
1790828829.6236,R,A,708,-68,
1790828829.6763,R,C,689,-71,
1790828829.6767,R,A,709,-72,
1790828829.6768,R,B,679,-74,
1790828829.6316,O,,,,2.18050
1790828829.6324,O,,,,2.18844
1790828829.6330,O,,,,2.19506
1790828829.6335,O,,,,2.20168
1790828829.7267,R,B,680,-80,
1790828829.7270,R,A,710,-72,
1790828829.7271,R,C,690,-71,
1790828829.7030,O,,,,2.20962
1790828829.7044,O,,,,2.21624
1790828829.7050,O,,,,2.22418
1790828829.8014,R,C,691,-69,
1790828829.8039,R,B,681,-73,
1790828829.8134,R,A,711,-75,
1790828829.7764,O,,,,2.23080
1790828829.7779,O,,,,2.23742
1790828829.7793,O,,,,2.24404
1790828829.7798,O,,,,2.25198
1790828829.8483,R,B,682,-71,
1790828829.8608,R,C,692,-72,
1790828829.8633,R,A,712,-79,
1790828829.8873,R,B,683,-78,
1790828829.9109,R,C,693,-71,
1790828829.9131,R,A,713,-72,
1790828829.8571,O,,,,2.25992
1790828829.8578,O,,,,2.26654
1790828829.8584,O,,,,2.27448
1790828829.8589,O,,,,2.28110
1790828829.9235,R,C,694,-67,
1790828829.9238,R,B,684,-79,
1790828829.9239,R,A,714,-75,
1790828829.9646,R,B,685,-68,
1790828829.9655,R,C,695,-71,
1790828829.9372,O,,,,2.28772
1790828829.9379,O,,,,2.29566
1790828829.9385,O,,,,2.30228
1790828829.9390,O,,,,2.31022
1790828830.0403,R,B,686,-75,
1790828830.0540,R,C,696,-78,
1790828830.0631,R,A,715,-72,
1790828830.0714,R,B,687,-81,
1790828830.0115,O,,,,2.31684
1790828830.0123,O,,,,2.32478
1790828830.0129,O,,,,2.33140
1790828830.0134,O,,,,2.33934
1790828830.0952,R,B,688,-77,
1790828830.0969,R,A,716,-76,
1790828830.1112,R,C,697,-66,
1790828830.1458,R,C,698,-69,
1790828830.1461,R,A,717,-86,
1790828830.1462,R,B,689,-66,
1790828830.0915,O,,,,2.34463
1790828830.0923,O,,,,2.35258
1790828830.0929,O,,,,2.36052
1790828830.0934,O,,,,2.36581
1790828830.1872,R,C,699,-75,
1790828830.1960,R,A,718,-75,
1790828830.1963,R,B,690,-70,
1790828830.2310,R,B,691,-72,
1790828830.2312,R,A,719,-72,
1790828830.2314,R,C,700,-65,
1790828830.1692,O,,,,2.37375
1790828830.1709,O,,,,2.38170
1790828830.1715,O,,,,2.38699
1790828830.1720,O,,,,2.39493
1790828830.2369,O,,,,2.40155
1790828830.2738,R,B,692,-66,
1790828830.2887,R,C,701,-66,
1790828830.2380,O,,,,2.40949
1790828830.2385,O,,,,2.41611
1790828830.3174,O,,,,2.42405
1790828830.3470,R,C,702,-71,
1790828830.3472,R,A,720,-82,
1790828830.3474,R,B,693,-68,
1790828830.3604,R,B,694,-69,
1790828830.3616,R,C,703,-72,
1790828830.3632,R,A,721,-79,
1790828830.3184,O,,,,2.43199
1790828830.3190,O,,,,2.43729
1790828830.3195,O,,,,2.44523
1790828830.3922,O,,,,2.45317
1790828830.4038,R,C,704,-65,
1790828830.4043,R,A,722,-72,
1790828830.4418,R,B,695,-65,
1790828830.4557,R,C,705,-65,
1790828830.4565,R,A,723,-73,
1790828830.3933,O,,,,2.45979
1790828830.3938,O,,,,2.46641
1790828830.3944,O,,,,2.47435
1790828830.4993,R,B,696,-64,
1790828830.5107,R,C,706,-71,
1790828830.5127,R,A,724,-82,
1790828830.5313,R,B,697,-67,
1790828830.4760,O,,,,2.48097
1790828830.4767,O,,,,2.48891
1790828830.4773,O,,,,2.49553
1790828830.4779,O,,,,2.50215
1790828830.5609,R,C,707,-67,
1790828830.5631,R,A,725,-74,
1790828830.5791,R,C,708,-66,
1790828830.5794,R,B,698,-64,
1790828830.6131,R,A,726,-75,
1790828830.5538,O,,,,2.51009
1790828830.5547,O,,,,2.51671
1790828830.5553,O,,,,2.52465
1790828830.5558,O,,,,2.53127
1790828830.6267,R,B,699,-61,
1790828830.6388,R,C,709,-68,
1790828830.6538,R,A,727,-79,
1790828830.6666,R,C,710,-68,
1790828830.6359,O,,,,2.53789
1790828830.6369,O,,,,2.54451
1790828830.6375,O,,,,2.55245
1790828830.6380,O,,,,2.55907
1790828830.6971,O,,,,2.56701
1790828830.6996,R,B,700,-68,
1790828830.7039,R,A,728,-75,
1790828830.7632,R,A,729,-74,
1790828830.6982,O,,,,2.57230
1790828830.6989,O,,,,2.58024
1790828830.7754,R,B,701,-61,
1790828830.8059,R,C,711,-70,
1790828830.8130,R,A,730,-79,
1790828830.8438,R,B,702,-66,
1790828830.8454,R,B,703,-66,
1790828830.7773,O,,,,2.58819
1790828830.7781,O,,,,2.59480
1790828830.7787,O,,,,2.60142
1790828830.7792,O,,,,2.60936
1790828830.8618,R,C,712,-73,
1790828830.8627,R,A,731,-77,
1790828830.9104,R,A,732,-76,
1790828830.8591,O,,,,2.61598
1790828830.8599,O,,,,2.62393
1790828830.8604,O,,,,2.63054
1790828830.8611,O,,,,2.63849
1790828830.9360,R,B,704,-58,
1790828830.9362,R,C,713,-71,
1790828830.9793,R,B,705,-64,
1790828830.9798,R,C,714,-71,
1790828830.9802,R,A,733,-78,
1790828830.9386,O,,,,2.64510
1790828830.9398,O,,,,2.65172
1790828830.9403,O,,,,2.65966
1790828830.9409,O,,,,2.66628
1790828831.0287,R,A,734,-74,
1790828831.0288,R,C,715,-84,
1790828831.0480,R,B,706,-64,
1790828831.0142,O,,,,2.67422
1790828831.0157,O,,,,2.68084
1790828831.0162,O,,,,2.68746
1790828831.0168,O,,,,2.69540
1790828831.0802,R,A,735,-75,
1790828831.0803,R,C,716,-79,
1790828831.0804,R,B,707,-59,
1790828831.1483,R,B,708,-64,
1790828831.0908,O,,,,2.70202
1790828831.0918,O,,,,2.70864
1790828831.0924,O,,,,2.71658
1790828831.0929,O,,,,2.72452
1790828831.1517,R,C,717,-70,
1790828831.1525,R,A,736,-77,
1790828831.1813,R,B,709,-64,
1790828831.1979,R,A,737,-73,
1790828831.1982,R,C,718,-73,
1790828831.1983,R,B,710,-64,
1790828831.1606,O,,,,2.72982
1790828831.1624,O,,,,2.73776
1790828831.1630,O,,,,2.74570
1790828831.1635,O,,,,2.75232
1790828831.2480,R,B,711,-60,
1790828831.2630,R,A,738,-75,
1790828831.2871,R,B,712,-67,
1790828831.3067,R,A,739,-77,
1790828831.3360,R,B,713,-63,
1790828831.3609,R,C,719,-71,
1790828831.3628,R,A,740,-75,
1790828831.3884,R,B,714,-61,
1790828831.3886,R,A,741,-76,
1790828831.4311,R,B,715,-67,
1790828831.4313,R,A,742,-79,
1790828831.4768,R,B,716,-63,
1790828831.4770,R,C,720,-71,
1790828831.4951,R,A,743,-73,
1790828831.5179,R,B,717,-61,
1790828831.2408,O,,,,2.75894
1790828831.2425,O,,,,2.76688
1790828831.2433,O,,,,2.77217
1790828831.3113,O,,,,2.78012
1790828831.3120,O,,,,2.78806
1790828831.3126,O,,,,2.79468
1790828831.3131,O,,,,2.80130
1790828831.3920,O,,,,2.80527
1790828831.3928,O,,,,2.80924
1790828831.3933,O,,,,2.81453
1790828831.3939,O,,,,2.81718
1790828831.4716,O,,,,2.81983
1790828831.4724,O,,,,2.82247
1790828831.4730,O,,,,2.82247
1790828831.4736,O,,,,2.82247
