t_pc,kind,id,seq,rssi,yaw,x,y
1791264922.4966,O,,,,0.00000,0.0000,0.0000
1791264922.4971,O,,,,0.00000,0.0000,0.0000
1791264922.4976,O,,,,0.00000,0.0000,0.0000
1791264922.4982,O,,,,0.00000,0.0000,0.0000
1791264922.5072,R,C,,-55,,,
1791264922.5074,R,B,,-64,,,
1791264922.5076,R,A,,-71,,,
1791264922.5710,O,,,,0.00000,0.0000,0.0000
1791264922.5718,O,,,,0.00000,0.0000,0.0000
1791264922.5726,O,,,,0.00000,0.0000,0.0000
1791264922.5737,O,,,,0.00000,0.0000,0.0000
1791264922.5690,R,B,,-67,,,
1791264922.5759,R,A,,-69,,,
1791264922.5783,R,C,,-53,,,
1791264922.5923,R,B,,-50,,,
1791264922.5928,R,C,,-50,,,
1791264922.6017,R,A,,-74,,,
1791264922.6410,O,,,,0.00000,0.0000,0.0000
1791264922.6421,O,,,,0.00000,0.0000,0.0000
1791264922.6429,O,,,,0.00000,0.0000,0.0000
1791264922.6738,R,B,,-72,,,
1791264922.6759,R,A,,-70,,,
1791264922.7162,O,,,,0.00000,0.0000,0.0000
1791264922.7174,O,,,,0.00000,0.0000,0.0000
1791264922.7185,O,,,,0.00000,0.0000,0.0000
1791264922.7197,O,,,,0.00000,0.0000,0.0000
1791264922.6784,R,C,,-53,,,
1791264922.7034,R,B,,-60,,,
1791264922.7036,R,A,,-68,,,
1791264922.7616,R,B,,-49,,,
1791264922.7621,R,A,,-70,,,
1791264922.7964,O,,,,0.00000,0.0000,0.0000
1791264922.7973,O,,,,0.00000,0.0000,0.0000
1791264922.7980,O,,,,0.00000,0.0000,0.0000
1791264922.7988,O,,,,0.00000,0.0000,0.0000
1791264922.7797,R,B,,-47,,,
1791264922.8205,R,C,,-50,,,
1791264922.8207,R,A,,-70,,,
1791264922.8248,R,B,,-47,,,
1791264922.8771,O,,,,0.00000,0.0000,0.0000
1791264922.8784,O,,,,0.00000,0.0000,0.0000
1791264922.8741,R,B,,-43,,,
1791264922.8759,R,A,,-74,,,
1791264922.8794,O,,,,0.00000,0.0000,0.0000
1791264922.8803,O,,,,0.00000,0.0000,0.0000
1791264922.8783,R,C,,-50,,,
1791264922.9130,R,B,,-49,,,
1791264922.9158,R,C,,-55,,,
1791264922.9179,R,A,,-68,,,
1791264922.9515,O,,,,0.00000,0.0000,0.0000
1791264922.9524,O,,,,0.00000,0.0000,0.0000
1791264922.9532,O,,,,0.00000,0.0000,0.0000
1791264922.9539,O,,,,0.00000,0.0000,0.0000
1791264922.9744,R,B,,-52,,,
1791264922.9762,R,A,,-81,,,
1791264922.9787,R,C,,-54,,,
1791264923.0213,R,C,,-55,,,
1791264923.0248,R,B,,-49,,,
1791264923.0322,O,,,,0.00000,0.0000,0.0000
1791264923.0332,O,,,,0.00000,0.0000,0.0000
1791264923.0341,O,,,,0.00000,0.0000,0.0000
1791264923.0348,O,,,,0.00000,0.0000,0.0000
1791264923.0526,R,C,,-58,,,
1791264923.0748,R,B,,-48,,,
1791264923.0762,R,A,,-71,,,
1791264923.1065,O,,,,0.00000,0.0000,0.0000
1791264923.1075,O,,,,0.00000,0.0000,0.0000
1791264923.1083,O,,,,0.00000,0.0000,0.0000
1791264923.1090,O,,,,0.00000,0.0000,0.0000
1791264923.0853,R,A,,-83,,,
1791264923.1245,R,B,,-60,,,
1791264923.1249,R,C,,-55,,,
1791264923.1260,R,A,,-84,,,
1791264923.1766,O,,,,0.00000,0.0000,0.0000
1791264923.1778,O,,,,0.00000,0.0000,0.0000
1791264923.1786,O,,,,0.00000,0.0000,0.0000
1791264923.1746,R,B,,-56,,,
1791264923.1761,R,A,,-71,,,
1791264923.1783,R,C,,-57,,,
1791264923.2244,R,B,,-58,,,
1791264923.2260,R,A,,-71,,,
1791264923.2565,O,,,,0.00000,0.0000,0.0000
1791264923.2575,O,,,,0.00000,0.0000,0.0000
1791264923.2583,O,,,,0.00000,0.0000,0.0000
1791264923.2596,O,,,,0.00000,0.0000,0.0000
1791264923.2286,R,C,,-55,,,
1791264923.2520,R,A,,-84,,,
1791264923.2558,R,B,,-62,,,
1791264923.2563,R,C,,-56,,,
1791264923.2961,R,C,,-59,,,
1791264923.2964,R,A,,-71,,,
1791264923.3242,R,B,,-56,,,
1791264923.3312,O,,,,0.00000,0.0000,0.0000
1791264923.3321,O,,,,0.00000,0.0000,0.0000
1791264923.3330,O,,,,0.00000,0.0000,0.0000
1791264923.3337,O,,,,0.00000,0.0000,0.0000
1791264923.3451,R,A,,-69,,,
1791264923.3457,R,B,,-57,,,
1791264923.3457,R,C,,-58,,,
1791264923.4115,O,,,,0.00000,0.0000,0.0000
1791264923.4128,O,,,,0.00000,0.0000,0.0000
1791264923.4140,O,,,,0.00000,0.0000,0.0000
1791264923.4148,O,,,,0.00000,0.0000,0.0000
1791264923.3961,R,B,,-61,,,
1791264923.3964,R,C,,-57,,,
1791264923.3965,R,A,,-74,,,
1791264923.4447,R,A,,-67,,,
1791264923.4468,R,B,,-60,,,
1791264923.4469,R,C,,-56,,,
1791264923.4911,O,,,,0.00000,0.0000,0.0000
1791264923.4921,O,,,,0.00000,0.0000,0.0000
1791264923.4931,O,,,,0.00000,0.0000,0.0000
1791264923.4939,O,,,,0.00000,0.0000,0.0000
1791264923.4919,R,C,,-62,,,
1791264923.4922,R,A,,-66,,,
1791264923.4922,R,B,,-55,,,
1791264923.5660,O,,,,0.00000,0.0000,0.0000
1791264923.5668,O,,,,0.00000,0.0000,0.0000
1791264923.5676,O,,,,0.00000,0.0000,0.0000
1791264923.5683,O,,,,0.00000,0.0000,0.0000
1791264923.5478,R,B,,-64,,,
1791264923.5482,R,C,,-55,,,
1791264923.5541,R,A,,-76,,,
1791264923.6002,R,C,,-56,,,
1791264923.6004,R,B,,-67,,,
1791264923.6006,R,A,,-68,,,
1791264923.6372,O,,,,0.00000,0.0000,0.0000
1791264923.6382,O,,,,0.00000,0.0000,0.0000
1791264923.6389,O,,,,0.00000,0.0000,0.0000
1791264923.6284,R,C,,-54,,,
1791264923.6429,R,B,,-58,,,
1791264923.6696,R,C,,-57,,,
1791264923.6698,R,A,,-68,,,
1791264923.6742,R,B,,-52,,,
1791264923.7168,O,,,,0.00000,0.0000,0.0000
1791264923.7177,O,,,,0.00000,0.0000,0.0000
1791264923.7185,O,,,,0.00000,0.0000,0.0000
1791264923.7192,O,,,,0.00000,0.0000,0.0000
1791264923.7135,R,C,,-54,,,
1791264923.7139,R,B,,-56,,,
1791264923.7262,R,A,,-73,,,
1791264923.7672,R,C,,-54,,,
1791264923.7674,R,A,,-72,,,
1791264923.7675,R,B,,-49,,,
1791264923.7916,O,,,,0.00000,0.0000,0.0000
1791264923.7925,O,,,,0.00000,0.0000,0.0000
1791264923.7933,O,,,,0.00000,0.0000,0.0000
1791264923.7940,O,,,,0.00000,0.0000,0.0000
1791264923.8071,R,B,,-51,,,
1791264923.8073,R,C,,-57,,,
1791264923.8259,R,A,,-69,,,
1791264923.8725,O,,,,0.00000,0.0000,0.0000
1791264923.8735,O,,,,0.00000,0.0000,0.0000
1791264923.8743,O,,,,0.00000,0.0000,0.0000
1791264923.8750,O,,,,0.00000,0.0000,0.0000
1791264923.8399,R,C,,-54,,,
1791264923.8465,R,B,,-57,,,
1791264923.8706,R,A,,-75,,,
1791264923.9031,R,C,,-53,,,
1791264923.9034,R,A,,-72,,,
1791264923.9243,R,B,,-57,,,
1791264923.9261,R,A,,-75,,,
1791264923.9520,O,,,,0.00000,0.0000,0.0000
1791264923.9528,O,,,,0.00000,0.0000,0.0000
1791264923.9537,O,,,,0.00000,0.0000,0.0000
1791264923.9545,O,,,,0.00000,0.0000,0.0000
1791264923.9289,R,C,,-52,,,
1791264923.9674,R,C,,-56,,,
1791264923.9714,R,B,,-56,,,
1791264923.9761,R,A,,-69,,,
1791264924.0269,O,,,,0.00000,0.0000,0.0000
1791264924.0280,O,,,,0.00000,0.0000,0.0000
1791264924.0106,R,A,,-74,,,
1791264924.0107,R,C,,-53,,,
1791264924.0241,R,B,,-63,,,
1791264924.0290,O,,,,0.00000,0.0000,0.0000
1791264924.0298,O,,,,0.00000,0.0000,0.0000
1791264924.0523,R,B,,-62,,,
1791264924.0527,R,A,,-69,,,
1791264924.1070,O,,,,0.00000,0.0000,0.0000
1791264924.1081,O,,,,0.00000,0.0000,0.0000
1791264924.1088,O,,,,0.00000,0.0000,0.0000
1791264924.1096,O,,,,0.00000,0.0000,0.0000
1791264924.0792,R,C,,-53,,,
1791264924.1038,R,B,,-57,,,
1791264924.1051,R,A,,-67,,,
1791264924.1053,R,C,,-58,,,
1791264924.1770,O,,,,0.00000,0.0000,0.0000
1791264924.1784,O,,,,0.00000,0.0000,0.0000
1791264924.1506,R,B,,-72,,,
1791264924.1763,R,A,,-72,,,
1791264924.1797,O,,,,0.00000,0.0000,0.0000
1791264924.1788,R,C,,-54,,,
1791264924.2015,R,A,,-68,,,
1791264924.2017,R,C,,-54,,,
1791264924.2020,R,B,,-65,,,
1791264924.2519,O,,,,0.00000,0.0000,0.0000
1791264924.2528,O,,,,0.00000,0.0000,0.0000
1791264924.2538,O,,,,0.00000,0.0000,0.0000
1791264924.2547,O,,,,0.00000,0.0000,0.0000
1791264924.2739,R,B,,-57,,,
1791264924.2755,R,C,,-59,,,
1791264924.2757,R,A,,-68,,,
1791264924.2894,R,B,,-77,,,
1791264924.2898,R,A,,-71,,,
1791264924.2899,R,C,,-54,,,
1791264924.3314,O,,,,0.00000,0.0000,0.0000
1791264924.3324,O,,,,0.00000,0.0000,0.0000
1791264924.3333,O,,,,0.00000,0.0000,0.0000
1791264924.3340,O,,,,0.00000,0.0000,0.0000
1791264924.3453,R,A,,-68,,,
1791264924.3455,R,B,,-66,,,
1791264924.3457,R,C,,-54,,,
1791264924.3719,R,C,,-80,,,
1791264924.3724,R,B,,-65,,,
1791264924.3766,R,A,,-67,,,
1791264924.4073,O,,,,0.00000,0.0000,0.0000
1791264924.4083,O,,,,0.00000,0.0000,0.0000
1791264924.4091,O,,,,0.00000,0.0000,0.0000
1791264924.4098,O,,,,0.00000,0.0000,0.0000
1791264924.4217,R,A,,-67,,,
1791264924.4239,R,B,,-58,,,
1791264924.4286,R,C,,-60,,,
1791264924.4655,R,B,,-83,,,
1791264924.4658,R,C,,-54,,,
1791264924.4659,R,A,,-71,,,
1791264924.4874,O,,,,0.00000,0.0000,0.0000
1791264924.4885,O,,,,0.00000,0.0000,0.0000
1791264924.4896,O,,,,0.00000,0.0000,0.0000
1791264924.4903,O,,,,0.00000,0.0000,0.0000
1791264924.5089,R,C,,-55,,,
1791264924.5093,R,A,,-67,,,
1791264924.5093,R,B,,-101,,,
1791264924.5668,O,,,,0.00000,0.0000,0.0000
1791264924.5679,O,,,,0.00000,0.0000,0.0000
1791264924.5690,O,,,,0.00000,0.0000,0.0000
1791264924.5698,O,,,,0.00000,0.0000,0.0000
1791264924.5574,R,C,,-61,,,
1791264924.5739,R,B,,-59,,,
1791264924.5763,R,A,,-67,,,
1791264924.6018,R,B,,-72,,,
1791264924.6021,R,A,,-70,,,
1791264924.6023,R,C,,-54,,,
1791264924.6369,O,,,,0.00000,0.0000,0.0000
1791264924.6379,O,,,,0.00000,0.0000,0.0000
1791264924.6387,O,,,,0.00000,0.0000,0.0000
1791264924.6511,R,C,,-54,,,
1791264924.6515,R,B,,-56,,,
1791264924.6516,R,A,,-66,,,
1791264924.7121,O,,,,0.00000,0.0000,0.0000
1791264924.7130,O,,,,0.00000,0.0000,0.0000
1791264924.7138,O,,,,0.00000,0.0000,0.0000
1791264924.7145,O,,,,0.00000,0.0000,0.0000
1791264924.7007,R,C,,-51,,,
1791264924.7015,R,B,,-55,,,
1791264924.7018,R,A,,-64,,,
1791264924.7568,R,B,,-57,,,
1791264924.7569,R,C,,-52,,,
1791264924.7572,R,A,,-69,,,
1791264924.7920,O,,,,0.00000,0.0000,0.0000
1791264924.7930,O,,,,0.00000,0.0000,0.0000
1791264924.7938,O,,,,0.00000,0.0000,0.0000
1791264924.7945,O,,,,0.00000,0.0000,0.0000
1791264924.8003,R,B,,-48,,,
1791264924.8007,R,C,,-52,,,
1791264924.8671,O,,,,0.00000,0.0000,0.0000
1791264924.8682,O,,,,0.00000,0.0000,0.0000
1791264924.8689,O,,,,0.00000,0.0000,0.0000
1791264924.8696,O,,,,0.00000,0.0000,0.0000
1791264924.8742,R,B,,-56,,,
1791264924.8753,R,C,,-55,,,
1791264924.8760,R,A,,-66,,,
1791264924.8788,R,C,,-64,,,
1791264924.9158,R,A,,-78,,,
1791264924.9199,R,B,,-52,,,
1791264924.9202,R,C,,-64,,,
1791264924.9469,O,,,,0.00000,0.0000,0.0000
1791264924.9480,O,,,,0.00000,0.0000,0.0000
1791264924.9490,O,,,,0.00000,0.0000,0.0000
1791264924.9499,O,,,,0.00000,0.0000,0.0000
1791264924.9671,R,C,,-56,,,
1791264924.9743,R,B,,-51,,,
1791264924.9760,R,A,,-69,,,
1791264925.0270,O,,,,0.00000,0.0000,0.0000
1791264925.0284,O,,,,0.00000,0.0000,0.0000
1791264925.0103,R,B,,-64,,,
1791264925.0105,R,C,,-52,,,
1791264925.0150,R,A,,-63,,,
1791264925.0298,O,,,,0.00000,0.0000,0.0000
1791264925.0309,O,,,,0.00000,0.0000,0.0000
1791264925.0696,R,C,,-52,,,
1791264925.0739,R,B,,-52,,,
1791264925.0763,R,A,,-74,,,
1791264925.0969,O,,,,0.00000,0.0000,0.0000
1791264925.0979,O,,,,0.00000,0.0000,0.0000
1791264925.0986,O,,,,0.00000,0.0000,0.0000
1791264925.1182,R,A,,-70,,,
1791264925.1184,R,B,,-59,,,
1791264925.1186,R,C,,-54,,,
1791264925.1722,O,,,,0.00000,0.0000,0.0000
1791264925.1732,O,,,,0.00000,0.0000,0.0000
1791264925.1739,O,,,,0.00000,0.0000,0.0000
1791264925.1746,O,,,,0.00000,0.0000,0.0000
1791264925.1544,R,B,,-66,,,
1791264925.1606,R,C,,-69,,,
1791264925.1762,R,A,,-70,,,
1791264925.2029,R,B,,-60,,,
1791264925.2205,R,C,,-62,,,
1791264925.2207,R,A,,-82,,,
1791264925.2517,O,,,,0.00000,0.0000,0.0000
1791264925.2526,O,,,,0.00000,0.0000,0.0000
1791264925.2535,O,,,,0.00000,0.0000,0.0000
1791264925.2542,O,,,,0.00000,0.0000,0.0000
1791264925.2746,R,B,,-57,,,
1791264925.2761,R,A,,-71,,,
1791264925.3270,O,,,,0.00000,0.0000,0.0000
1791264925.3281,O,,,,0.00000,0.0000,0.0000
1791264925.3289,O,,,,0.00000,0.0000,0.0000
1791264925.2785,R,C,,-58,,,
1791264925.2994,R,B,,-53,,,
1791264925.2996,R,C,,-58,,,
1791264925.2997,R,A,,-67,,,
1791264925.3298,O,,,,0.00000,0.0000,0.0000
1791264925.3441,R,A,,-69,,,
1791264925.3741,R,B,,-55,,,
1791264925.4070,O,,,,0.00000,0.0000,0.0000
1791264925.4079,O,,,,0.00000,0.0000,0.0000
1791264925.4087,O,,,,0.00000,0.0000,0.0000
1791264925.4094,O,,,,0.00000,0.0000,0.0000
1791264925.3786,R,C,,-67,,,
1791264925.4249,R,B,,-50,,,
1791264925.4256,R,A,,-70,,,
1791264925.4257,R,C,,-50,,,
1791264925.4292,R,C,,-49,,,
1791264925.4294,R,A,,-74,,,
1791264925.4866,O,,,,0.00000,0.0000,0.0000
1791264925.4875,O,,,,0.00000,0.0000,0.0000
1791264925.4883,O,,,,0.00000,0.0000,0.0000
1791264925.4894,O,,,,0.00000,0.0000,0.0000
1791264925.4783,R,C,,-50,,,
1791264925.5162,R,C,,-60,,,
1791264925.5250,R,B,,-61,,,
1791264925.5261,R,A,,-60,,,
1791264925.5622,O,,,,0.00000,0.0000,0.0000
1791264925.5633,O,,,,0.00000,0.0000,0.0000
1791264925.5641,O,,,,0.00000,0.0000,0.0000
1791264925.5649,O,,,,0.00000,0.0000,0.0000
1791264925.5685,R,A,,-62,,,
1791264925.5748,R,B,,-53,,,
1791264925.5785,R,C,,-57,,,
1791264925.6155,R,B,,-53,,,
1791264925.6264,R,A,,-70,,,
1791264925.6314,O,,,,0.00000,0.0000,0.0000
1791264925.6322,O,,,,0.00000,0.0000,0.0000
1791264925.6330,O,,,,0.00000,0.0000,0.0000
1791264925.6291,R,C,,-59,,,
1791264925.6470,R,B,,-57,,,
1791264925.6762,R,A,,-67,,,
1791264925.7118,O,,,,0.00000,0.0000,0.0000
1791264925.7126,O,,,,0.00000,0.0000,0.0000
1791264925.7134,O,,,,0.00000,0.0000,0.0000
1791264925.7145,O,,,,0.00000,0.0000,0.0000
1791264925.6788,R,C,,-53,,,
1791264925.7249,R,B,,-57,,,
1791264925.7261,R,A,,-69,,,
1791264925.7290,R,C,,-50,,,
1791264925.7453,R,C,,-50,,,
1791264925.7457,R,A,,-85,,,
1791264925.7458,R,B,,-57,,,
1791264925.7868,O,,,,0.00000,0.0000,0.0000
1791264925.7881,O,,,,0.00000,0.0000,0.0000
1791264925.7896,O,,,,0.00000,0.0000,0.0000
1791264925.7905,O,,,,0.00000,0.0000,0.0000
1791264925.7860,R,B,,-56,,,
1791264925.8048,R,C,,-78,,,
1791264925.8126,R,A,,-67,,,
1791264925.8669,O,,,,0.00000,0.0000,0.0000
1791264925.8679,O,,,,0.00000,0.0000,0.0000
1791264925.8687,O,,,,0.00000,0.0000,0.0000
1791264925.8695,O,,,,0.00000,0.0000,0.0000
1791264925.8292,R,C,,-60,,,
1791264925.8463,R,B,,-48,,,
1791264925.8472,R,A,,-64,,,
1791264925.8737,R,A,,-62,,,
1791264925.8737,R,B,,-49,,,
1791264925.8790,R,C,,-52,,,
1791264925.9198,R,B,,-49,,,
1791264925.9261,R,A,,-65,,,
1791264925.9417,O,,,,0.00000,0.0000,0.0000
1791264925.9425,O,,,,0.00000,0.0000,0.0000
1791264925.9433,O,,,,0.00000,0.0000,0.0000
1791264925.9442,O,,,,0.00000,0.0000,0.0000
1791264925.9288,R,C,,-51,,,
1791264925.9624,R,C,,-50,,,
1791264925.9743,R,B,,-50,,,
1791264925.9761,R,A,,-67,,,
1791264926.0217,O,,,,0.00000,0.0000,0.0000
1791264926.0230,O,,,,0.00000,0.0000,0.0000
1791264926.0239,O,,,,0.00000,0.0000,0.0000
1791264926.0248,O,,,,0.00000,0.0000,0.0000
1791264926.0244,R,B,,-47,,,
1791264926.0261,R,A,,-64,,,
1791264926.0292,R,C,,-50,,,
1791264926.0545,R,C,,-51,,,
1791264926.0547,R,B,,-57,,,
1791264926.0549,R,A,,-69,,,
1791264926.0914,O,,,,0.00000,0.0000,0.0000
1791264926.0923,O,,,,0.00000,0.0000,0.0000
1791264926.0939,O,,,,0.00000,0.0000,0.0000
1791264926.0942,R,C,,-53,,,
1791264926.0944,R,B,,-57,,,
1791264926.0946,R,A,,-67,,,
1791264926.1718,O,,,,0.00000,0.0000,0.0000
1791264926.1728,O,,,,0.00000,0.0000,0.0000
1791264926.1736,O,,,,0.00000,0.0000,0.0000
1791264926.1743,O,,,,0.00000,0.0000,0.0000
1791264926.1548,R,C,,-54,,,
1791264926.1552,R,A,,-68,,,
1791264926.1553,R,B,,-54,,,
1791264926.1922,R,B,,-54,,,
1791264926.1940,R,C,,-50,,,
1791264926.2242,R,A,,-79,,,
1791264926.2266,R,A,,-80,,,
1791264926.2469,O,,,,0.00000,0.0000,0.0000
1791264926.2479,O,,,,0.00000,0.0000,0.0000
1791264926.2486,O,,,,0.00000,0.0000,0.0000
1791264926.2494,O,,,,0.00000,0.0000,0.0000
1791264926.2287,R,C,,-51,,,
1791264926.2634,R,A,,-67,,,
1791264926.2637,R,B,,-57,,,
1791264926.2638,R,C,,-53,,,
1791264926.3272,O,,,,0.00000,0.0000,0.0000
1791264926.3283,O,,,,0.00000,0.0000,0.0000
1791264926.3134,R,C,,-48,,,
1791264926.3136,R,B,,-49,,,
1791264926.3262,R,A,,-67,,,
1791264926.3294,O,,,,0.00000,0.0000,0.0000
1791264926.3302,O,,,,0.00000,0.0000,0.0000
1791264926.3639,R,A,,-68,,,
1791264926.3740,R,B,,-53,,,
1791264926.4020,O,,,,0.00000,0.0000,0.0000
1791264926.4031,O,,,,0.00000,0.0000,0.0000
1791264926.4039,O,,,,0.00000,0.0000,0.0000
1791264926.4046,O,,,,0.00000,0.0000,0.0000
1791264926.3788,R,C,,-44,,,
1791264926.4114,R,A,,-62,,,
1791264926.4116,R,B,,-57,,,
1791264926.4118,R,C,,-47,,,
1791264926.4566,R,C,,-49,,,
1791264926.4568,R,A,,-60,,,
1791264926.4571,R,B,,-50,,,
1791264926.4814,O,,,,0.00000,0.0000,0.0000
1791264926.4823,O,,,,0.00000,0.0000,0.0000
1791264926.4830,O,,,,0.00000,0.0000,0.0000
1791264926.4837,O,,,,0.00000,0.0000,0.0000
1791264926.5244,R,B,,-47,,,
1791264926.5261,R,A,,-56,,,
1791264926.5618,O,,,,0.00000,0.0000,0.0000
1791264926.5628,O,,,,0.00000,0.0000,0.0000
1791264926.5636,O,,,,0.00000,0.0000,0.0000
1791264926.5643,O,,,,0.00000,0.0000,0.0000
1791264926.5292,R,C,,-42,,,
1791264926.5391,R,B,,-60,,,
1791264926.5604,R,C,,-41,,,
1791264926.5614,R,A,,-62,,,
1791264926.6269,O,,,,0.00000,0.0000,0.0000
1791264926.6280,O,,,,0.00000,0.0000,0.0000
1791264926.6288,O,,,,0.00000,0.0000,0.0000
1791264926.6242,R,B,,-60,,,
1791264926.6260,R,A,,-59,,,
1791264926.6600,R,B,,-54,,,
1791264926.6646,R,A,,-57,,,
1791264926.6704,R,B,,-61,,,
1791264926.6762,R,A,,-65,,,
1791264926.7069,O,,,,0.00000,0.0000,0.0000
1791264926.7079,O,,,,0.00000,0.0000,0.0000
1791264926.7089,O,,,,0.00000,0.0000,0.0000
1791264926.7098,O,,,,0.00000,0.0000,0.0000
1791264926.6786,R,C,,-54,,,
1791264926.7247,R,B,,-56,,,
1791264926.7261,R,A,,-63,,,
1791264926.7291,R,C,,-48,,,
1791264926.7716,R,B,,-56,,,
1791264926.7719,R,C,,-49,,,
1791264926.7726,R,A,,-61,,,
1791264926.7870,O,,,,0.00000,0.0000,0.0000
1791264926.7879,O,,,,0.00000,0.0000,0.0000
1791264926.7887,O,,,,0.00000,0.0000,0.0000
1791264926.7894,O,,,,0.00000,0.0000,0.0000
1791264926.8008,R,C,,-59,,,
1791264926.8238,R,B,,-69,,,
1791264926.8264,R,A,,-65,,,
1791264926.8619,O,,,,0.00000,0.0000,0.0000
1791264926.8629,O,,,,0.00000,0.0000,0.0000
1791264926.8636,O,,,,0.00000,0.0000,0.0000
1791264926.8643,O,,,,0.00000,0.0000,0.0000
1791264926.8474,R,C,,-58,,,
1791264926.8476,R,B,,-68,,,
1791264926.8599,R,A,,-63,,,
1791264926.9240,R,B,,-68,,,
1791264926.9261,R,A,,-71,,,
1791264926.9416,O,,,,0.00000,0.0000,0.0000
1791264926.9425,O,,,,0.00000,0.0000,0.0000
1791264926.9433,O,,,,0.00000,0.0000,0.0000
1791264926.9440,O,,,,0.00000,0.0000,0.0000
1791264926.9291,R,C,,-58,,,
1791264926.9742,R,B,,-57,,,
1791264926.9762,R,A,,-66,,,
1791264927.0171,O,,,,0.00000,0.0000,0.0000
1791264927.0181,O,,,,0.00000,0.0000,0.0000
1791264927.0189,O,,,,0.00000,0.0000,0.0000
1791264927.0196,O,,,,0.00000,0.0000,0.0000
1791264926.9793,R,C,,-53,,,
1791264927.0086,R,B,,-63,,,
1791264927.0210,R,C,,-60,,,
1791264927.0231,R,A,,-72,,,
1791264927.0238,R,B,,-62,,,
1791264927.0643,R,C,,-60,,,
1791264927.0645,R,B,,-61,,,
1791264927.0765,R,A,,-66,,,
1791264927.0873,O,,,,0.00000,0.0000,0.0000
1791264927.0884,O,,,,0.00000,0.0000,0.0000
1791264927.0892,O,,,,0.00000,0.0000,0.0000
1791264927.1108,R,B,,-64,,,
1791264927.1110,R,A,,-74,,,
1791264927.1112,R,C,,-53,,,
1791264927.1673,O,,,,0.00000,0.0000,0.0000
1791264927.1683,O,,,,0.00000,0.0000,0.0000
1791264927.1691,O,,,,0.00000,0.0000,0.0000
1791264927.1698,O,,,,0.00000,0.0000,0.0000
1791264927.1593,R,C,,-62,,,
1791264927.1595,R,A,,-77,,,
1791264927.1673,R,B,,-78,,,
1791264927.2053,R,C,,-57,,,
1791264927.2056,R,A,,-69,,,
1791264927.2057,R,B,,-72,,,
1791264927.2469,O,,,,0.00000,0.0000,0.0000
1791264927.2480,O,,,,0.00000,0.0000,0.0000
1791264927.2488,O,,,,0.00000,0.0000,0.0000
1791264927.2497,O,,,,0.00000,0.0000,0.0000
1791264927.2745,R,B,,-65,,,
1791264927.2761,R,A,,-73,,,
1791264927.3224,O,,,,0.00000,0.0000,0.0000
1791264927.3232,O,,,,0.00000,0.0000,0.0000
1791264927.3239,O,,,,0.00000,0.0000,0.0000
1791264927.3247,O,,,,0.00000,0.0000,0.0000
1791264927.2789,R,C,,-62,,,
1791264927.3018,R,C,,-61,,,
1791264927.3022,R,B,,-67,,,
1791264927.3023,R,A,,-70,,,
1791264927.3634,R,C,,-67,,,
1791264927.3637,R,B,,-72,,,
1791264927.3762,R,A,,-79,,,
1791264927.4022,O,,,,0.00000,0.0000,0.0000
1791264927.4031,O,,,,0.00000,0.0000,0.0000
1791264927.4038,O,,,,0.00000,0.0000,0.0000
1791264927.4046,O,,,,0.00000,0.0000,0.0000
1791264927.3992,R,A,,-73,,,
1791264927.3993,R,C,,-55,,,
1791264927.4239,R,B,,-61,,,
1791264927.4398,R,C,,-54,,,
1791264927.4504,R,B,,-62,,,
1791264927.4507,R,A,,-66,,,
1791264927.4812,O,,,,0.00000,0.0000,0.0000
1791264927.4820,O,,,,0.00000,0.0000,0.0000
1791264927.4828,O,,,,0.00000,0.0000,0.0000
1791264927.4836,O,,,,0.00000,0.0000,0.0000
1791264927.4939,R,A,,-72,,,
1791264927.4940,R,B,,-56,,,
1791264927.5193,R,C,,-55,,,
1791264927.5567,O,,,,0.00000,0.0000,0.0000
1791264927.5576,O,,,,0.00000,0.0000,0.0000
1791264927.5584,O,,,,0.00000,0.0000,0.0000
1791264927.5591,O,,,,0.00000,0.0000,0.0000
1791264927.5677,R,C,,-54,,,
1791264927.5680,R,B,,-58,,,
1791264927.5770,R,A,,-87,,,
1791264927.6269,O,,,,0.00000,0.0000,0.0000
1791264927.6283,O,,,,0.00000,0.0000,0.0000
1791264927.6292,O,,,,0.00000,0.0000,0.0000
1791264927.5977,R,A,,-82,,,
1791264927.6017,R,B,,-60,,,
1791264927.6021,R,C,,-56,,,
1791264927.6292,R,C,,-57,,,
1791264927.6743,R,B,,-57,,,
1791264927.6756,R,A,,-70,,,
1791264927.7022,O,,,,0.00000,0.0000,0.0000
1791264927.7031,O,,,,0.00000,0.0000,0.0000
1791264927.7040,O,,,,0.00000,0.0000,0.0000
1791264927.7048,O,,,,0.00000,0.0000,0.0000
1791264927.7058,R,B,,-60,,,
1791264927.7061,R,A,,-72,,,
1791264927.7743,R,B,,-67,,,
1791264927.7811,O,,,,0.00000,0.0000,0.0000
1791264927.7819,O,,,,0.00000,0.0000,0.0000
1791264927.7826,O,,,,0.00000,0.0000,0.0000
1791264927.7833,O,,,,0.00000,0.0000,0.0000
1791264927.7787,R,C,,-54,,,
1791264927.8152,R,B,,-71,,,
1791264927.8211,R,B,,-71,,,
1791264927.8213,R,C,,-53,,,
1791264927.8224,R,A,,-69,,,
1791264927.8627,O,,,,0.00000,0.0000,0.0000
1791264927.8638,O,,,,0.00000,0.0000,0.0000
1791264927.8649,O,,,,0.00000,0.0000,0.0000
1791264927.8661,O,,,,0.00000,0.0000,0.0000
1791264927.8744,R,B,,-68,,,
1791264927.8764,R,A,,-67,,,
1791264927.8792,R,C,,-57,,,
1791264927.9204,R,C,,-65,,,
1791264927.9206,R,A,,-65,,,
1791264927.9208,R,B,,-65,,,
1791264927.9369,O,,,,0.00000,0.0000,0.0000
1791264927.9380,O,,,,0.00000,0.0000,0.0000
1791264927.9388,O,,,,0.00000,0.0000,0.0000
1791264927.9396,O,,,,0.00000,0.0000,0.0000
1791264927.9615,R,A,,-64,,,
1791264927.9617,R,C,,-65,,,
1791264927.9734,R,B,,-63,,,
1791264928.0175,O,,,,0.00000,0.0000,0.0000
1791264928.0185,O,,,,0.00000,0.0000,0.0000
1791264928.0193,O,,,,0.00000,0.0000,0.0000
1791264928.0201,O,,,,0.00000,0.0000,0.0000
1791264928.0126,R,C,,-67,,,
1791264928.0245,R,B,,-84,,,
1791264928.0261,R,A,,-68,,,
1791264928.0511,R,C,,-63,,,
1791264928.0534,R,A,,-68,,,
1791264928.0747,R,B,,-65,,,
1791264928.0872,O,,,,0.00000,0.0000,0.0000
1791264928.0883,O,,,,0.00000,0.0000,0.0000
1791264928.0890,O,,,,0.00000,0.0000,0.0000
1791264928.0968,R,B,,-64,,,
1791264928.1102,R,A,,-65,,,
1791264928.1103,R,C,,-59,,,
1791264928.1617,O,,,,0.00000,0.0000,0.0000
1791264928.1628,O,,,,0.00000,0.0000,0.0000
1791264928.1636,O,,,,0.00000,0.0000,0.0000
1791264928.1644,O,,,,0.00000,0.0000,0.0000
1791264928.1487,R,B,,-72,,,
1791264928.1488,R,A,,-68,,,
1791264928.1555,R,C,,-73,,,
1791264928.2022,R,C,,-67,,,
1791264928.2092,R,A,,-74,,,
1791264928.2162,R,B,,-68,,,
1791264928.2418,O,,,,0.00000,0.0000,0.0000
1791264928.2430,O,,,,0.00000,0.0000,0.0000
1791264928.2442,O,,,,0.00000,0.0000,0.0000
1791264928.2453,O,,,,0.00000,0.0000,0.0000
1791264928.3215,O,,,,0.00000,0.0000,0.0000
1791264928.3226,O,,,,0.00000,0.0000,0.0000
1791264928.3234,O,,,,0.00000,0.0000,0.0000
1791264928.3242,O,,,,0.00000,0.0000,0.0000
1791264928.3168,R,C,,-64,,,
1791264928.3171,R,B,,-63,,,
1791264928.3172,R,A,,-66,,,
1791264928.3399,R,B,,-70,,,
1791264928.3402,R,A,,-80,,,
1791264928.3740,R,B,,-69,,,
1791264928.3743,R,C,,-61,,,
1791264928.3762,R,A,,-80,,,
1791264928.3969,O,,,,0.00000,0.0000,0.0000
1791264928.3979,O,,,,0.00000,0.0000,0.0000
1791264928.3988,O,,,,0.00000,0.0000,0.0000
1791264928.3996,O,,,,0.00000,0.0000,0.0000
1791264928.4250,R,B,,-69,,,
1791264928.4762,O,,,,0.00000,0.0000,0.0000
1791264928.4771,O,,,,0.00000,0.0000,0.0000
1791264928.4780,O,,,,0.00000,0.0000,0.0000
1791264928.4788,O,,,,0.00000,0.0000,0.0000
1791264928.4289,R,C,,-59,,,
1791264928.4291,R,A,,-76,,,
1791264928.4652,R,A,,-69,,,
1791264928.4654,R,C,,-59,,,
1791264928.4657,R,B,,-58,,,
1791264928.5212,R,C,,-63,,,
1791264928.5241,R,B,,-99,,,
1791264928.5261,R,A,,-73,,,
1791264928.5563,O,,,,0.00000,0.0000,0.0000
1791264928.5573,O,,,,0.00000,0.0000,0.0000
1791264928.5581,O,,,,0.00000,0.0000,0.0000
1791264928.5588,O,,,,0.00000,0.0000,0.0000
1791264928.5546,R,C,,-61,,,
1791264928.5548,R,A,,-72,,,
1791264928.6218,O,,,,0.00000,0.0000,0.0000
1791264928.6231,O,,,,0.00000,0.0000,0.0000
1791264928.6240,O,,,,0.00000,0.0000,0.0000
1791264928.6025,R,B,,-72,,,
1791264928.6262,R,A,,-77,,,
1791264928.6290,R,C,,-66,,,
1791264928.6469,R,C,,-68,,,
1791264928.6472,R,B,,-80,,,
1791264928.6477,R,A,,-73,,,
1791264928.7022,O,,,,0.00000,0.0000,0.0000
1791264928.7032,O,,,,0.00000,0.0000,0.0000
1791264928.7040,O,,,,0.00000,0.0000,0.0000
1791264928.7047,O,,,,0.00000,0.0000,0.0000
1791264928.7188,R,B,,-67,,,
1791264928.7190,R,C,,-65,,,
1791264928.7193,R,A,,-67,,,
1791264928.7270,R,A,,-66,,,
1791264928.7285,R,C,,-66,,,
1791264928.7744,R,A,,-77,,,
1791264928.7746,R,C,,-68,,,
1791264928.7748,R,B,,-74,,,
1791264928.7812,O,,,,0.00000,0.0000,0.0000
1791264928.7821,O,,,,0.00000,0.0000,0.0000
1791264928.7830,O,,,,0.00000,0.0000,0.0000
1791264928.7840,O,,,,0.00000,0.0000,0.0000
1791264928.8142,R,B,,-71,,,
1791264928.8144,R,C,,-62,,,
1791264928.8262,R,A,,-73,,,
1791264928.8569,O,,,,0.00000,0.0000,0.0000
1791264928.8580,O,,,,0.00000,0.0000,0.0000
1791264928.8589,O,,,,0.00000,0.0000,0.0000
1791264928.8596,O,,,,0.00000,0.0000,0.0000
1791264928.8573,R,C,,-63,,,
1791264928.8575,R,B,,-71,,,
1791264928.8581,R,A,,-68,,,
1791264928.9243,R,B,,-62,,,
1791264928.9265,R,A,,-73,,,
1791264928.9371,O,,,,0.00000,0.0000,0.0000
1791264928.9381,O,,,,0.00000,0.0000,0.0000
1791264928.9388,O,,,,0.00000,0.0000,0.0000
1791264928.9395,O,,,,0.00000,0.0000,0.0000
1791264928.9285,R,C,,-58,,,
1791264928.9477,R,C,,-58,,,
1791264928.9479,R,A,,-68,,,
1791264928.9519,R,B,,-64,,,
1791264929.0122,O,,,,0.00000,0.0000,0.0000
1791264929.0132,O,,,,0.00000,0.0000,0.0000
1791264929.0139,O,,,,0.00000,0.0000,0.0000
1791264929.0146,O,,,,0.00000,0.0000,0.0000
1791264929.0240,R,B,,-64,,,
1791264929.0265,R,A,,-68,,,
1791264929.0295,R,C,,-63,,,
1791264929.0382,R,C,,-57,,,
1791264929.0384,R,B,,-63,,,
1791264929.0386,R,A,,-72,,,
1791264929.0815,O,,,,0.00000,0.0000,0.0000
1791264929.0822,O,,,,0.00000,0.0000,0.0000
1791264929.0829,O,,,,0.00000,0.0000,0.0000
1791264929.0959,R,C,,-62,,,
1791264929.1091,R,A,,-71,,,
1791264929.1245,R,B,,-65,,,
1791264929.1622,O,,,,0.00000,0.0000,0.0000
1791264929.1632,O,,,,0.00000,0.0000,0.0000
1791264929.1640,O,,,,0.00000,0.0000,0.0000
1791264929.1647,O,,,,0.00000,0.0000,0.0000
1791264929.1727,R,C,,-62,,,
1791264929.1730,R,A,,-70,,,
1791264929.1732,R,B,,-61,,,
1791264929.2139,R,B,,-65,,,
1791264929.2264,R,A,,-76,,,
1791264929.2372,O,,,,0.00000,0.0000,0.0000
1791264929.2383,O,,,,0.00000,0.0000,0.0000
1791264929.2391,O,,,,0.00000,0.0000,0.0000
1791264929.2398,O,,,,0.00000,0.0000,0.0000
1791264929.2285,R,C,,-66,,,
1791264929.2295,R,C,,-71,,,
1791264929.2701,R,C,,-66,,,
1791264929.2704,R,A,,-67,,,
1791264929.2735,R,B,,-73,,,
1791264929.3173,O,,,,0.00000,0.0000,0.0000
1791264929.3183,O,,,,0.00000,0.0000,0.0000
1791264929.3192,O,,,,0.00000,0.0000,0.0000
1791264929.3201,O,,,,0.00000,0.0000,0.0000
1791264929.3182,R,C,,-69,,,
1791264929.3190,R,A,,-64,,,
1791264929.3246,R,B,,-71,,,
1791264929.3613,R,C,,-66,,,
1791264929.3615,R,B,,-68,,,
1791264929.3751,R,A,,-75,,,
1791264929.3966,O,,,,0.00000,0.0000,0.0000
1791264929.3974,O,,,,0.00000,0.0000,0.0000
1791264929.3982,O,,,,0.00000,0.0000,0.0000
1791264929.3989,O,,,,0.00000,0.0000,0.0000
1791264929.4013,R,C,,-70,,,
1791264929.4153,R,B,,-69,,,
1791264929.4156,R,A,,-67,,,
1791264929.4722,O,,,,0.00000,0.0000,0.0000
1791264929.4734,O,,,,0.00000,0.0000,0.0000
1791264929.4742,O,,,,0.00000,0.0000,0.0000
1791264929.4749,O,,,,0.00000,0.0000,0.0000
1791264929.4489,R,C,,-67,,,
1791264929.4492,R,A,,-64,,,
1791264929.4742,R,B,,-72,,,
1791264929.5120,R,C,,-72,,,
1791264929.5248,R,B,,-75,,,
1791264929.5263,R,A,,-74,,,
1791264929.5416,O,,,,0.00000,0.0000,0.0000
1791264929.5428,O,,,,0.00000,0.0000,0.0000
1791264929.5436,O,,,,0.00000,0.0000,0.0000
1791264929.5444,O,,,,0.00000,0.0000,0.0000
1791264929.5423,R,B,,-78,,,
1791264929.5426,R,C,,-81,,,
1791264929.5765,R,A,,-69,,,
1791264929.6216,O,,,,0.00000,0.0000,0.0000
1791264929.6226,O,,,,0.00000,0.0000,0.0000
1791264929.6235,O,,,,0.00000,0.0000,0.0000
1791264929.5784,R,C,,-85,,,
1791264929.5844,R,B,,-73,,,
1791264929.6193,R,C,,-70,,,
1791264929.6195,R,A,,-64,,,
1791264929.6242,R,B,,-70,,,
1791264929.6750,R,B,,-68,,,
1791264929.6763,R,A,,-75,,,
1791264929.6971,O,,,,0.00000,0.0000,0.0000
1791264929.6982,O,,,,0.00000,0.0000,0.0000
1791264929.6990,O,,,,0.00000,0.0000,0.0000
1791264929.6998,O,,,,0.00000,0.0000,0.0000
1791264929.6789,R,C,,-67,,,
1791264929.7163,R,B,,-72,,,
1791264929.7165,R,A,,-71,,,
1791264929.7772,O,,,,0.00000,0.0000,0.0000
1791264929.7782,O,,,,0.00000,0.0000,0.0000
1791264929.7289,R,C,,-64,,,
1791264929.7594,R,B,,-64,,,
1791264929.7792,O,,,,0.00000,0.0000,0.0000
1791264929.7800,O,,,,0.00000,0.0000,0.0000
1791264929.7789,R,C,,-63,,,
1791264929.8054,R,B,,-67,,,
1791264929.8057,R,A,,-76,,,
1791264929.8058,R,C,,-64,,,
1791264929.8569,O,,,,0.00000,0.0000,0.0000
1791264929.8580,O,,,,0.00000,0.0000,0.0000
1791264929.8588,O,,,,0.00000,0.0000,0.0000
1791264929.8596,O,,,,0.00000,0.0000,0.0000
1791264929.8459,R,B,,-83,,,
1791264929.8464,R,A,,-68,,,
1791264929.8559,R,C,,-72,,,
1791264929.8929,R,C,,-65,,,
1791264929.8932,R,B,,-90,,,
1791264929.8932,R,A,,-76,,,
1791264929.9314,O,,,,0.00000,0.0000,0.0000
1791264929.9324,O,,,,0.00000,0.0000,0.0000
1791264929.9333,O,,,,0.00000,0.0000,0.0000
1791264929.9340,O,,,,0.00000,0.0000,0.0000
1791264929.9747,R,B,,-73,,,
1791264929.9763,R,A,,-73,,,
1791264930.0119,O,,,,0.00000,0.0000,0.0000
1791264930.0130,O,,,,0.00000,0.0000,0.0000
1791264930.0138,O,,,,0.00000,0.0000,0.0000
1791264930.0145,O,,,,0.00000,0.0000,0.0000
1791264929.9788,R,C,,-65,,,
1791264930.0027,R,B,,-79,,,
1791264930.0206,R,C,,-67,,,
1791264930.0209,R,B,,-77,,,
1791264930.0211,R,A,,-68,,,
1791264930.0767,R,A,,-69,,,
1791264930.0812,O,,,,0.00000,0.0000,0.0000
1791264930.0821,O,,,,0.00000,0.0000,0.0000
1791264930.0829,O,,,,0.00000,0.0000,0.0000
1791264930.0785,R,C,,-67,,,
1791264930.1132,R,C,,-62,,,
1791264930.1135,R,B,,-66,,,
1791264930.1137,R,A,,-75,,,
1791264930.1569,O,,,,0.00000,0.0000,0.0000
1791264930.1577,O,,,,0.00000,0.0000,0.0000
1791264930.1585,O,,,,0.00000,0.0000,0.0000
1791264930.1592,O,,,,0.00000,0.0000,0.0000
1791264930.1563,R,C,,-76,,,
1791264930.1565,R,A,,-67,,,
1791264930.1653,R,B,,-77,,,
1791264930.2243,R,B,,-66,,,
1791264930.2264,R,A,,-72,,,
1791264930.2370,O,,,,0.00000,0.0000,0.0000
1791264930.2382,O,,,,0.00000,0.0000,0.0000
1791264930.2393,O,,,,0.00000,0.0000,0.0000
1791264930.2402,O,,,,0.00000,0.0000,0.0000
1791264930.2294,R,C,,-61,,,
1791264930.2750,R,B,,-71,,,
1791264930.2763,R,A,,-69,,,
1791264930.3172,O,,,,0.00000,0.0000,0.0000
1791264930.3181,O,,,,0.00000,0.0000,0.0000
1791264930.3189,O,,,,0.00000,0.0000,0.0000
1791264930.3196,O,,,,0.00000,0.0000,0.0000
1791264930.2789,R,C,,-58,,,
1791264930.2926,R,B,,-68,,,
1791264930.2992,R,C,,-72,,,
1791264930.2993,R,A,,-70,,,
1791264930.3395,R,C,,-65,,,
1791264930.3711,R,A,,-69,,,
1791264930.3712,R,B,,-71,,,
1791264930.3916,O,,,,0.00000,0.0000,0.0000
1791264930.3925,O,,,,0.00000,0.0000,0.0000
1791264930.3934,O,,,,0.00000,0.0000,0.0000
1791264930.3941,O,,,,0.00000,0.0000,0.0000
1791264930.4205,R,B,,-70,,,
1791264930.4207,R,A,,-87,,,
1791264930.4719,O,,,,0.00000,0.0000,0.0000
1791264930.4730,O,,,,0.00000,0.0000,0.0000
1791264930.4738,O,,,,0.00000,0.0000,0.0000
1791264930.4746,O,,,,0.00000,0.0000,0.0000
1791264930.4286,R,C,,-69,,,
1791264930.4295,R,C,,-64,,,
1791264930.4741,R,B,,-92,,,
1791264930.4765,R,A,,-75,,,
1791264930.4796,R,C,,-65,,,
1791264930.5416,O,,,,0.00000,0.0000,0.0000
1791264930.5425,O,,,,0.00000,0.0000,0.0000
1791264930.5432,O,,,,0.00000,0.0000,0.0000
1791264930.5648,R,C,,-57,,,
1791264930.5748,R,B,,-83,,,
1791264930.5771,R,A,,-68,,,
1791264930.6169,O,,,,0.00000,0.0000,0.0000
1791264930.6179,O,,,,0.00000,0.0000,0.0000
1791264930.6187,O,,,,0.00000,0.0000,0.0000
1791264930.6194,O,,,,0.00000,0.0000,0.0000
1791264930.6115,R,C,,-64,,,
1791264930.6177,R,B,,-72,,,
1791264930.6195,R,A,,-83,,,
1791264930.6550,R,B,,-73,,,
1791264930.6764,R,A,,-72,,,
1791264930.6971,O,,,,0.00000,0.0000,0.0000
1791264930.6981,O,,,,0.00000,0.0000,0.0000
1791264930.6988,O,,,,0.00000,0.0000,0.0000
1791264930.6995,O,,,,0.00000,0.0000,0.0000
1791264930.6795,R,C,,-81,,,
1791264930.7015,R,C,,-67,,,
1791264930.7017,R,A,,-70,,,
1791264930.7228,R,B,,-80,,,
1791264930.7769,O,,,,0.00000,0.0000,0.0000
1791264930.7778,O,,,,0.00000,0.0000,0.0000
1791264930.7786,O,,,,0.00000,0.0000,0.0000
1791264930.7405,R,A,,-67,,,
1791264930.7733,R,C,,-65,,,
1791264930.7735,R,B,,-77,,,
1791264930.7796,O,,,,0.00000,0.0000,0.0000
1791264930.8245,R,B,,-80,,,
1791264930.8519,O,,,,0.00000,0.0000,0.0000
1791264930.8529,O,,,,0.00000,0.0000,0.0000
1791264930.8537,O,,,,0.00000,0.0000,0.0000
1791264930.8544,O,,,,0.00000,0.0000,0.0000
1791264930.8286,R,A,,-67,,,
1791264930.8288,R,C,,-67,,,
1791264930.8436,R,B,,-68,,,
1791264930.8443,R,A,,-64,,,
1791264930.8628,R,C,,-61,,,
1791264930.8786,R,C,,-57,,,
1791264930.9213,R,B,,-66,,,
1791264930.9265,R,A,,-70,,,
1791264930.9312,O,,,,0.00000,0.0000,0.0000
1791264930.9321,O,,,,0.00000,0.0000,0.0000
1791264930.9331,O,,,,0.00000,0.0000,0.0000
1791264930.9339,O,,,,0.00000,0.0000,0.0000
1791264930.9290,R,C,,-61,,,
1791264930.9663,R,A,,-67,,,
1791264930.9666,R,B,,-63,,,
1791264930.9667,R,C,,-60,,,
1791264931.0073,O,,,,0.00000,0.0000,0.0000
1791264931.0080,O,,,,0.00000,0.0000,0.0000
1791264931.0088,O,,,,0.00000,0.0000,0.0000
1791264931.0095,O,,,,0.00000,0.0000,0.0000
1791264931.0114,R,B,,-69,,,
1791264931.0124,R,C,,-60,,,
1791264931.0773,O,,,,0.00000,0.0000,0.0000
1791264931.0786,O,,,,0.00000,0.0000,0.0000
1791264931.0291,R,A,,-73,,,
1791264931.0558,R,C,,-68,,,
1791264931.0562,R,B,,-66,,,
1791264931.0563,R,A,,-70,,,
1791264931.0796,O,,,,0.00000,0.0000,0.0000
1791264931.1031,R,C,,-57,,,
1791264931.1033,R,A,,-67,,,
1791264931.1112,R,B,,-61,,,
1791264931.1562,O,,,,0.00000,0.0000,0.0000
1791264931.1570,O,,,,0.00000,0.0000,0.0000
1791264931.1578,O,,,,0.00000,0.0000,0.0000
1791264931.1592,O,,,,0.00000,0.0000,0.0000
1791264931.1530,R,B,,-62,,,
1791264931.1595,R,C,,-56,,,
1791264931.1596,R,A,,-67,,,
1791264931.2119,R,B,,-68,,,
1791264931.2122,R,C,,-76,,,
1791264931.2265,R,A,,-73,,,
1791264931.2315,O,,,,0.00000,0.0000,0.0000
1791264931.2324,O,,,,0.00000,0.0000,0.0000
1791264931.2332,O,,,,0.00000,0.0000,0.0000
1791264931.2338,O,,,,0.00000,0.0000,0.0000
1791264931.2475,R,B,,-62,,,
1791264931.2483,R,A,,-67,,,
1791264931.2628,R,C,,-60,,,
1791264931.3123,O,,,,0.00000,0.0000,0.0000
1791264931.3131,O,,,,0.00000,0.0000,0.0000
1791264931.3139,O,,,,0.00000,0.0000,0.0000
1791264931.3147,O,,,,0.00000,0.0000,0.0000
1791264931.3209,R,B,,-65,,,
1791264931.3212,R,C,,-61,,,
1791264931.3213,R,A,,-76,,,
1791264931.3452,R,B,,-71,,,
1791264931.3653,R,A,,-73,,,
1791264931.3762,R,C,,-80,,,
1791264931.3764,R,A,,-73,,,
1791264931.3920,O,,,,0.00000,0.0000,0.0000
1791264931.3930,O,,,,0.00000,0.0000,0.0000
1791264931.3938,O,,,,0.00000,0.0000,0.0000
1791264931.3945,O,,,,0.00000,0.0000,0.0000
1791264931.4253,R,C,,-62,,,
1791264931.4268,R,A,,-70,,,
1791264931.4669,O,,,,0.00000,0.0000,0.0000
1791264931.4680,O,,,,0.00000,0.0000,0.0000
1791264931.4688,O,,,,0.00000,0.0000,0.0000
1791264931.4696,O,,,,0.00000,0.0000,0.0000
1791264931.4753,R,C,,-63,,,
1791264931.4758,R,A,,-77,,,
1791264931.5242,R,B,,-76,,,
1791264931.5256,R,A,,-74,,,
1791264931.5373,O,,,,0.00000,0.0000,0.0000
1791264931.5383,O,,,,0.00000,0.0000,0.0000
1791264931.5391,O,,,,0.00000,0.0000,0.0000
1791264931.5744,R,C,,-60,,,
1791264931.5748,R,A,,-69,,,
1791264931.5749,R,B,,-63,,,
1791264931.6172,O,,,,0.00000,0.0000,0.0000
1791264931.6183,O,,,,0.00000,0.0000,0.0000
1791264931.6191,O,,,,0.00000,0.0000,0.0000
1791264931.6199,O,,,,0.00000,0.0000,0.0000
1791264931.6110,R,B,,-66,,,
1791264931.6120,R,A,,-78,,,
1791264931.6291,R,C,,-61,,,
1791264931.6556,R,C,,-81,,,
1791264931.6558,R,A,,-77,,,
1791264931.6599,R,B,,-70,,,
1791264931.6912,O,,,,0.00000,0.0000,0.0000
1791264931.6921,O,,,,0.00000,0.0000,0.0000
1791264931.6930,O,,,,0.00000,0.0000,0.0000
1791264931.6937,O,,,,0.00000,0.0000,0.0000
1791264931.7008,R,C,,-61,,,
1791264931.7036,R,A,,-71,,,
1791264931.7246,R,B,,-63,,,
1791264931.7719,O,,,,0.00000,0.0000,0.0000
1791264931.7728,O,,,,0.00000,0.0000,0.0000
1791264931.7736,O,,,,0.00000,0.0000,0.0000
1791264931.7743,O,,,,0.00000,0.0000,0.0000
1791264931.7503,R,C,,-62,,,
1791264931.7746,R,B,,-67,,,
1791264931.7764,R,A,,-76,,,
1791264931.7927,R,B,,-73,,,
1791264931.7929,R,C,,-72,,,
1791264931.7931,R,A,,-82,,,
1791264931.8518,O,,,,0.00000,0.0000,0.0000
1791264931.8528,O,,,,0.00000,0.0000,0.0000
1791264931.8536,O,,,,0.00000,0.0000,0.0000
1791264931.8543,O,,,,0.00000,0.0000,0.0000
1791264931.8746,R,B,,-66,,,
1791264931.8765,R,A,,-68,,,
1791264931.9272,O,,,,0.00000,0.0000,0.0000
1791264931.9282,O,,,,0.00000,0.0000,0.0000
1791264931.9289,O,,,,0.00000,0.0000,0.0000
1791264931.8786,R,C,,-67,,,
1791264931.8873,R,C,,-67,,,
1791264931.8875,R,A,,-70,,,
1791264931.8877,R,B,,-76,,,
1791264931.9298,O,,,,0.00000,0.0000,0.0000
1791264931.9413,R,C,,-64,,,
1791264931.9414,R,B,,-73,,,
1791264931.9604,R,A,,-65,,,
1791264931.9752,R,B,,-72,,,
1791264931.9768,R,A,,-65,,,
1791264931.9770,R,C,,-64,,,
1791264932.0068,O,,,,0.00000,0.0000,0.0000
1791264932.0079,O,,,,0.00000,0.0000,0.0000
1791264932.0087,O,,,,0.00000,0.0000,0.0000
1791264932.0095,O,,,,0.00000,0.0000,0.0000
1791264932.0185,R,C,,-72,,,
1791264932.0239,R,B,,-74,,,
1791264932.0264,R,A,,-67,,,
1791264932.0772,O,,,,0.00000,0.0000,0.0000
1791264932.0783,O,,,,0.00000,0.0000,0.0000
1791264932.0615,R,B,,-74,,,
1791264932.0765,R,A,,-68,,,
1791264932.0792,O,,,,0.00000,0.0000,0.0000
1791264932.0787,R,C,,-64,,,
1791264932.1003,R,B,,-71,,,
1791264932.1007,R,A,,-67,,,
1791264932.1008,R,C,,-69,,,
1791264932.1518,O,,,,0.00000,0.0000,0.0000
1791264932.1528,O,,,,0.00000,0.0000,0.0000
1791264932.1537,O,,,,0.00000,0.0000,0.0000
1791264932.1545,O,,,,0.00000,0.0000,0.0000
1791264932.1447,R,C,,-60,,,
1791264932.1747,R,B,,-68,,,
1791264932.1765,R,A,,-76,,,
1791264932.1963,R,C,,-65,,,
1791264932.1964,R,B,,-64,,,
1791264932.1980,R,A,,-71,,,
1791264932.2312,O,,,,0.00000,0.0000,0.0000
1791264932.2321,O,,,,0.00000,0.0000,0.0000
1791264932.2330,O,,,,0.00000,0.0000,0.0000
1791264932.2337,O,,,,0.00000,0.0000,0.0000
1791264932.2349,R,B,,-68,,,
1791264932.2351,R,C,,-63,,,
1791264932.2353,R,A,,-66,,,
1791264932.3073,O,,,,0.00000,0.0000,0.0000
1791264932.3084,O,,,,0.00000,0.0000,0.0000
1791264932.3092,O,,,,0.00000,0.0000,0.0000
1791264932.3099,O,,,,0.00000,0.0000,0.0000
1791264932.3054,R,A,,-69,,,
1791264932.3057,R,B,,-67,,,
1791264932.3058,R,C,,-65,,,
1791264932.3272,R,C,,-64,,,
1791264932.3589,R,B,,-64,,,
1791264932.3732,R,A,,-66,,,
1791264932.3741,R,B,,-64,,,
1791264932.3873,O,,,,0.00000,0.0000,0.0000
1791264932.3883,O,,,,0.00000,0.0000,0.0000
1791264932.3891,O,,,,0.00000,0.0000,0.0000
1791264932.3898,O,,,,0.00000,0.0000,0.0000
1791264932.3786,R,C,,-65,,,
1791264932.4143,R,B,,-71,,,
1791264932.4268,R,A,,-69,,,
1791264932.4669,O,,,,0.00000,0.0000,0.0000
1791264932.4679,O,,,,0.00000,0.0000,0.0000
1791264932.4686,O,,,,0.00000,0.0000,0.0000
1791264932.4693,O,,,,0.00000,0.0000,0.0000
1791264932.4289,R,C,,-60,,,
1791264932.5102,R,B,,-65,,,
1791264932.5199,R,C,,-70,,,
1791264932.5200,R,A,,-69,,,
1791264932.5367,O,,,,0.00000,0.0000,0.0000
1791264932.5377,O,,,,0.00000,0.0000,0.0000
1791264932.5384,O,,,,0.00000,0.0000,0.0000
1791264932.5578,R,C,,-58,,,
1791264932.5747,R,B,,-70,,,
1791264932.5763,R,A,,-69,,,
1791264932.6121,O,,,,0.00000,0.0000,0.0000
1791264932.6132,O,,,,0.00000,0.0000,0.0000
1791264932.6140,O,,,,0.00000,0.0000,0.0000
1791264932.6147,O,,,,0.00000,0.0000,0.0000
1791264932.6044,R,C,,-60,,,
1791264932.6046,R,B,,-68,,,
1791264932.6062,R,A,,-78,,,
1791264932.6544,R,C,,-56,,,
1791264932.6746,R,B,,-57,,,
1791264932.6769,R,A,,-72,,,
1791264932.6912,O,,,,0.00000,0.0000,0.0000
1791264932.6921,O,,,,0.00000,0.0000,0.0000
1791264932.6928,O,,,,0.00000,0.0000,0.0000
1791264932.6935,O,,,,0.00000,0.0000,0.0000
1791264932.6976,R,B,,-73,,,
1791264932.7243,R,A,,-65,,,
1791264932.7244,R,C,,-59,,,
1791264932.7672,O,,,,0.00000,0.0000,0.0000
1791264932.7682,O,,,,0.00000,0.0000,0.0000
1791264932.7689,O,,,,0.00000,0.0000,0.0000
1791264932.7696,O,,,,0.00000,0.0000,0.0000
1791264932.7495,R,B,,-62,,,
1791264932.7496,R,C,,-59,,,
1791264932.7766,R,A,,-70,,,
1791264932.7884,R,C,,-61,,,
1791264932.7885,R,B,,-68,,,
1791264932.8267,R,A,,-75,,,
1791264932.8473,O,,,,0.00000,0.0000,0.0000
1791264932.8483,O,,,,0.00000,0.0000,0.0000
1791264932.8491,O,,,,0.00000,0.0000,0.0000
1791264932.8498,O,,,,0.00000,0.0000,0.0000
1791264932.8349,R,C,,-60,,,
1791264932.8432,R,B,,-68,,,
1791264932.8766,R,A,,-68,,,
1791264932.8769,R,C,,-59,,,
1791264932.9268,O,,,,0.00000,0.0000,0.0000
1791264932.9283,O,,,,0.00000,0.0000,0.0000
1791264932.9294,O,,,,0.00000,0.0000,0.0000
1791264932.9246,R,B,,-65,,,
1791264932.9264,R,A,,-68,,,
1791264932.9270,R,C,,-65,,,
1791264932.9308,O,,,,0.00000,0.0000,0.0000
1791264932.9691,R,B,,-72,,,
1791264932.9693,R,A,,-71,,,
1791264933.0020,O,,,,0.00000,0.0000,0.0000
1791264933.0032,O,,,,0.00000,0.0000,0.0000
1791264933.0040,O,,,,0.00000,0.0000,0.0000
1791264933.0047,O,,,,0.00000,0.0000,0.0000
1791264932.9789,R,C,,-58,,,
1791264933.0113,R,A,,-67,,,
1791264933.0233,R,B,,-69,,,
1791264933.0725,O,,,,0.00000,0.0000,0.0000
1791264933.0733,O,,,,0.00000,0.0000,0.0000
1791264933.0742,O,,,,0.00000,0.0000,0.0000
1791264933.0290,R,C,,-62,,,
1791264933.0610,R,C,,-69,,,
1791264933.0612,R,B,,-67,,,
1791264933.0640,R,A,,-68,,,
1791264933.1244,R,B,,-69,,,
1791264933.1264,R,A,,-73,,,
1791264933.1518,O,,,,0.00000,0.0000,0.0000
1791264933.1527,O,,,,0.00000,0.0000,0.0000
1791264933.1537,O,,,,0.00000,0.0000,0.0000
1791264933.1545,O,,,,0.00000,0.0000,0.0000
1791264933.1292,R,C,,-58,,,
1791264933.1443,R,C,,-60,,,
1791264933.1504,R,B,,-67,,,
1791264933.1545,R,A,,-66,,,
1791264933.2270,O,,,,0.00000,0.0000,0.0000
1791264933.2279,O,,,,0.00000,0.0000,0.0000
1791264933.2288,O,,,,0.00000,0.0000,0.0000
1791264933.2066,R,B,,-64,,,
1791264933.2067,R,C,,-60,,,
1791264933.2078,R,A,,-67,,,
1791264933.2297,O,,,,0.00000,0.0000,0.0000
1791264933.2453,R,B,,-64,,,
1791264933.2456,R,A,,-68,,,
1791264933.2457,R,C,,-52,,,
1791264933.3072,O,,,,0.00000,0.0000,0.0000
1791264933.3082,O,,,,0.00000,0.0000,0.0000
1791264933.3089,O,,,,0.00000,0.0000,0.0000
1791264933.3096,O,,,,0.00000,0.0000,0.0000
1791264933.3004,R,B,,-64,,,
1791264933.3186,R,A,,-65,,,
1791264933.3287,R,C,,-54,,,
1791264933.3289,R,A,,-66,,,
1791264933.3862,O,,,,0.00000,0.0000,0.0000
1791264933.3872,O,,,,0.00000,0.0000,0.0000
1791264933.3881,O,,,,0.00000,0.0000,0.0000
1791264933.3888,O,,,,0.00000,0.0000,0.0000
1791264933.3785,R,A,,-70,,,
1791264933.3791,R,C,,-56,,,
1791264933.4242,R,B,,-71,,,
1791264933.4622,O,,,,0.00000,0.0000,0.0000
1791264933.4632,O,,,,0.00000,0.0000,0.0000
1791264933.4640,O,,,,0.00000,0.0000,0.0000
1791264933.4648,O,,,,0.00000,0.0000,0.0000
1791264933.4290,R,A,,-68,,,
1791264933.4292,R,C,,-52,,,
1791264933.4653,R,C,,-54,,,
1791264933.4655,R,A,,-65,,,
1791264933.4657,R,B,,-63,,,
1791264933.5098,R,C,,-55,,,
1791264933.5100,R,B,,-62,,,
1791264933.5314,O,,,,0.00000,0.0000,0.0000
1791264933.5324,O,,,,0.00000,0.0000,0.0000
1791264933.5332,O,,,,0.00000,0.0000,0.0000
1791264933.5607,R,B,,-77,,,
1791264933.5609,R,A,,-67,,,
1791264933.5612,R,C,,-52,,,
1791264933.6123,O,,,,0.00000,0.0000,0.0000
1791264933.6133,O,,,,0.00000,0.0000,0.0000
1791264933.6142,O,,,,0.00000,0.0000,0.0000
1791264933.6150,O,,,,0.00000,0.0000,0.0000
1791264933.6016,R,B,,-64,,,
1791264933.6020,R,C,,-55,,,
1791264933.6085,R,A,,-64,,,
1791264933.6673,R,B,,-63,,,
1791264933.6674,R,C,,-57,,,
1791264933.6679,R,A,,-70,,,
1791264933.6869,O,,,,0.00000,0.0000,0.0000
1791264933.6885,O,,,,0.00000,0.0000,0.0000
1791264933.6893,O,,,,0.00000,0.0000,0.0000
1791264933.6903,O,,,,0.00000,0.0000,0.0000
1791264933.6933,R,B,,-68,,,
1791264933.6936,R,A,,-68,,,
1791264933.6938,R,C,,-54,,,
1791264933.7671,O,,,,0.00000,0.0000,0.0000
1791264933.7681,O,,,,0.00000,0.0000,0.0000
1791264933.7688,O,,,,0.00000,0.0000,0.0000
1791264933.7695,O,,,,0.00000,0.0000,0.0000
1791264933.7349,R,B,,-65,,,
1791264933.7350,R,C,,-57,,,
1791264933.7477,R,A,,-67,,,
1791264933.7848,R,C,,-58,,,
1791264933.7851,R,B,,-62,,,
1791264933.8265,R,A,,-73,,,
1791264933.8417,O,,,,0.00000,0.0000,0.0000
1791264933.8426,O,,,,0.00000,0.0000,0.0000
1791264933.8434,O,,,,0.00000,0.0000,0.0000
1791264933.8441,O,,,,0.00000,0.0000,0.0000
1791264933.8291,R,C,,-57,,,
1791264933.8548,R,B,,-66,,,
1791264933.9229,O,,,,0.00000,0.0000,0.0000
1791264933.9238,O,,,,0.00000,0.0000,0.0000
1791264933.9247,O,,,,0.00000,0.0000,0.0000
1791264933.9255,O,,,,0.00000,0.0000,0.0000
1791264933.8830,R,B,,-65,,,
1791264933.9292,R,C,,-57,,,
1791264933.9413,R,B,,-64,,,
1791264934.0022,O,,,,0.00000,0.0000,0.0000
1791264934.0032,O,,,,0.00000,0.0000,0.0000
1791264934.0039,O,,,,0.00000,0.0000,0.0000
1791264934.0046,O,,,,0.00000,0.0000,0.0000
1791264934.0196,R,C,,-52,,,
1791264934.0232,R,B,,-66,,,
1791264934.0266,R,A,,-69,,,
1791264934.0718,O,,,,0.00000,0.0000,0.0000
1791264934.0729,O,,,,0.00000,0.0000,0.0000
1791264934.0737,O,,,,0.00000,0.0000,0.0000
1791264934.0747,R,B,,-65,,,
1791264934.0772,R,A,,-67,,,
1791264934.0788,R,C,,-55,,,
1791264934.1082,R,B,,-63,,,
1791264934.1084,R,C,,-55,,,
1791264934.1088,R,A,,-70,,,
1791264934.1472,O,,,,0.00000,0.0000,0.0000
1791264934.1482,O,,,,0.00000,0.0000,0.0000
1791264934.1491,O,,,,0.00000,0.0000,0.0000
1791264934.1499,O,,,,0.00000,0.0000,0.0000
1791264934.1498,R,C,,-50,,,
1791264934.1667,R,B,,-70,,,
1791264934.1768,R,A,,-67,,,
1791264934.2274,O,,,,0.00000,0.0000,0.0000
1791264934.2285,O,,,,0.00000,0.0000,0.0000
1791264934.1958,R,C,,-54,,,
1791264934.1965,R,B,,-64,,,
1791264934.2067,R,A,,-64,,,
1791264934.2294,O,,,,0.00000,0.0000,0.0000
1791264934.2302,O,,,,0.00000,0.0000,0.0000
1791264934.2743,R,B,,-63,,,
1791264934.2772,R,A,,-67,,,
1791264934.3022,O,,,,0.00397,-0.0003,-0.0000
1791264934.3033,O,,,,0.00927,-0.0003,-0.0000
1791264934.3042,O,,,,0.01456,-0.0003,-0.0000
1791264934.3049,O,,,,0.02250,-0.0003,-0.0000
1791264934.2787,R,C,,-54,,,
1791264934.3136,R,A,,-68,,,
1791264934.3138,R,C,,-51,,,
1791264934.3139,R,B,,-69,,,
1791264934.3568,R,C,,-55,,,
1791264934.3569,R,B,,-66,,,
1791264934.3601,R,A,,-66,,,
1791264934.3812,O,,,,0.03309,-0.0003,-0.0000
1791264934.3822,O,,,,0.04500,-0.0005,-0.0000
1791264934.3831,O,,,,0.05559,-0.0005,-0.0000
1791264934.3838,O,,,,0.06883,-0.0005,-0.0000
1791264934.4245,R,B,,-72,,,
1791264934.4624,O,,,,0.08339,-0.0008,-0.0000
1791264934.4634,O,,,,0.09530,-0.0011,-0.0001
1791264934.4642,O,,,,0.10854,-0.0011,-0.0001
1791264934.4649,O,,,,0.12442,-0.0011,-0.0001
1791264934.4293,R,C,,-53,,,
1791264934.4295,R,A,,-70,,,
1791264934.4716,R,A,,-78,,,
1791264934.4724,R,C,,-52,,,
1791264934.4742,R,A,,-83,,,
1791264934.4747,R,B,,-77,,,
1791264934.5174,R,A,,-76,,,
1791264934.5175,R,B,,-65,,,
1791264934.5177,R,C,,-59,,,
1791264934.5313,O,,,,0.13898,-0.0013,-0.0001
1791264934.5321,O,,,,0.15354,-0.0016,-0.0001
1791264934.5329,O,,,,0.16943,-0.0016,-0.0001
1791264934.5633,R,C,,-56,,,
1791264934.5635,R,A,,-71,,,
1791264934.5658,R,B,,-62,,,
1791264934.6072,O,,,,0.18531,-0.0016,-0.0001
1791264934.6082,O,,,,0.20120,-0.0021,-0.0002
1791264934.6090,O,,,,0.21708,-0.0021,-0.0002
1791264934.6098,O,,,,0.23561,-0.0021,-0.0002
1791264934.6146,R,B,,-69,,,
1791264934.6149,R,C,,-52,,,
1791264934.6289,R,A,,-66,,,
1791264934.6453,R,B,,-70,,,
1791264934.6468,R,C,,-53,,,
1791264934.6478,R,A,,-70,,,
1791264934.6874,O,,,,0.25149,-0.0021,-0.0002
1791264934.6885,O,,,,0.26738,-0.0021,-0.0002
1791264934.6902,O,,,,0.28591,-0.0021,-0.0002
1791264934.6917,O,,,,0.30312,-0.0024,-0.0003
1791264934.7230,R,A,,-65,,,
1791264934.7622,O,,,,0.32033,-0.0021,-0.0002
1791264934.7640,O,,,,0.33753,-0.0024,-0.0003
1791264934.7648,O,,,,0.35342,-0.0024,-0.0003
1791264934.7656,O,,,,0.37062,-0.0021,-0.0002
1791264934.7290,R,C,,-55,,,
1791264934.7405,R,B,,-77,,,
1791264934.7407,R,C,,-54,,,
1791264934.7766,R,A,,-63,,,
1791264934.7830,R,B,,-69,,,
1791264934.7849,R,C,,-62,,,
1791264934.8017,R,A,,-65,,,
1791264934.8265,R,A,,-63,,,
1791264934.8416,O,,,,0.38783,-0.0024,-0.0003
1791264934.8425,O,,,,0.40504,-0.0021,-0.0002
1791264934.8433,O,,,,0.42092,-0.0021,-0.0002
1791264934.8441,O,,,,0.43813,-0.0023,-0.0003
1791264934.8285,R,C,,-65,,,
1791264934.9256,O,,,,0.45534,-0.0021,-0.0002
1791264934.9266,O,,,,0.47122,-0.0021,-0.0002
1791264934.9274,O,,,,0.48843,-0.0023,-0.0003
1791264934.9281,O,,,,0.50564,-0.0021,-0.0002
1791264934.8785,R,A,,-60,,,
1791264934.8790,R,C,,-64,,,
1791264934.9200,R,C,,-58,,,
1791264934.9266,R,A,,-60,,,
1791264934.9654,R,C,,-64,,,
1791264934.9656,R,A,,-60,,,
1791264934.9741,R,B,,-86,,,
1791264934.9870,O,,,,0.52152,-0.0021,-0.0002
1791264934.9887,O,,,,0.53741,-0.0021,-0.0002
1791264934.9896,O,,,,0.55594,-0.0021,-0.0002
1791264935.0102,R,C,,-65,,,
1791264935.0105,R,B,,-68,,,
1791264935.0105,R,A,,-61,,,
1791264935.0734,O,,,,0.57182,-0.0021,-0.0002
1791264935.0745,O,,,,0.58770,-0.0021,-0.0002
1791264935.0753,O,,,,0.60624,-0.0021,-0.0002
1791264935.0761,O,,,,0.62212,-0.0021,-0.0002
1791264935.0547,R,B,,-67,,,
1791264935.0551,R,A,,-62,,,
1791264935.0553,R,C,,-59,,,
1791264935.1005,R,B,,-78,,,
1791264935.1246,R,C,,-72,,,
1791264935.1248,R,A,,-62,,,
1791264935.1472,O,,,,0.63800,-0.0021,-0.0002
1791264935.1481,O,,,,0.65653,-0.0021,-0.0002
1791264935.1489,O,,,,0.67242,-0.0021,-0.0002
1791264935.1497,O,,,,0.68830,-0.0021,-0.0002
1791264935.1470,R,B,,-72,,,
1791264935.1766,R,A,,-63,,,
1791264935.2218,O,,,,0.70551,-0.0019,-0.0000
1791264935.2232,O,,,,0.72139,-0.0019,-0.0000
1791264935.2242,O,,,,0.73860,-0.0021,-0.0002
1791264935.2252,O,,,,0.75581,-0.0019,-0.0000
1791264935.1786,R,C,,-71,,,
1791264935.1898,R,C,,-59,,,
1791264935.1955,R,B,,-65,,,
1791264935.2266,R,A,,-66,,,
1791264935.2365,R,A,,-67,,,
1791264935.2522,R,C,,-67,,,
1791264935.2747,R,B,,-67,,,
1791264935.3017,O,,,,0.77169,-0.0019,-0.0000
1791264935.3026,O,,,,0.78758,-0.0019,-0.0000
1791264935.3035,O,,,,0.80478,-0.0021,-0.0002
1791264935.3042,O,,,,0.82199,-0.0019,-0.0000
1791264935.2787,R,C,,-70,,,
1791264935.3232,R,B,,-69,,,
1791264935.3247,R,A,,-62,,,
1791264935.3255,R,B,,-67,,,
1791264935.3773,O,,,,0.83788,-0.0019,-0.0000
1791264935.3784,O,,,,0.85508,-0.0021,-0.0002
1791264935.3292,R,C,,-70,,,
1791264935.3668,R,A,,-67,,,
1791264935.3671,R,B,,-65,,,
1791264935.3672,R,C,,-63,,,
1791264935.3795,O,,,,0.87229,-0.0019,-0.0000
1791264935.3804,O,,,,0.88817,-0.0019,-0.0000
1791264935.4134,R,C,,-73,,,
1791264935.4137,R,B,,-69,,,
1791264935.4140,R,A,,-65,,,
1791264935.4574,O,,,,0.90538,-0.0021,-0.0002
1791264935.4585,O,,,,0.92127,-0.0021,-0.0002
1791264935.4593,O,,,,0.93847,-0.0019,-0.0000
1791264935.4601,O,,,,0.95568,-0.0021,-0.0002
1791264935.4753,R,B,,-77,,,
1791264935.4756,R,A,,-63,,,
1791264935.4756,R,C,,-66,,,
1791264935.5270,O,,,,0.97156,-0.0021,-0.0002
1791264935.5284,O,,,,0.98877,-0.0019,-0.0000
1791264935.5108,R,B,,-66,,,
1791264935.5257,R,C,,-61,,,
1791264935.5262,R,A,,-66,,,
1791264935.5298,O,,,,1.00598,-0.0021,-0.0002
1791264935.5702,R,A,,-64,,,
1791264935.6024,O,,,,1.02186,-0.0021,-0.0002
1791264935.6032,O,,,,1.03907,-0.0019,-0.0000
1791264935.6040,O,,,,1.05496,-0.0019,-0.0000
1791264935.6048,O,,,,1.07216,-0.0021,-0.0002
1791264935.6125,R,B,,-66,,,
1791264935.6268,R,A,,-65,,,
1791264935.6286,R,C,,-66,,,
1791264935.6746,R,B,,-67,,,
1791264935.6765,R,A,,-67,,,
1791264935.6812,O,,,,1.08937,-0.0019,-0.0000
1791264935.6823,O,,,,1.10525,-0.0019,-0.0000
1791264935.6833,O,,,,1.12246,-0.0021,-0.0002
1791264935.6841,O,,,,1.13835,-0.0021,-0.0002
1791264935.6791,R,C,,-62,,,
1791264935.6837,R,B,,-72,,,
1791264935.6914,R,C,,-70,,,
1791264935.6925,R,A,,-64,,,
1791264935.7622,O,,,,1.15555,-0.0020,-0.0000
1791264935.7640,O,,,,1.17276,-0.0021,-0.0002
1791264935.7648,O,,,,1.18864,-0.0021,-0.0002
1791264935.7656,O,,,,1.20585,-0.0020,-0.0000
1791264935.7738,R,C,,-69,,,
1791264935.7739,R,A,,-65,,,
1791264935.7743,R,B,,-66,,,
1791264935.7760,R,C,,-71,,,
1791264935.7763,R,A,,-66,,,
1791264935.8201,R,C,,-72,,,
1791264935.8203,R,A,,-70,,,
1791264935.8251,R,B,,-74,,,
1791264935.8375,O,,,,1.22306,-0.0021,-0.0002
1791264935.8392,O,,,,1.23894,-0.0021,-0.0002
1791264935.8399,O,,,,1.25615,-0.0020,0.0000
1791264935.8408,O,,,,1.27336,-0.0020,-0.0003
1791264935.8631,R,B,,-78,,,
1791264935.8766,R,A,,-64,,,
1791264935.9232,O,,,,1.28924,-0.0020,-0.0003
1791264935.9243,O,,,,1.30513,-0.0020,-0.0003
1791264935.9251,O,,,,1.32366,-0.0020,-0.0003
1791264935.9258,O,,,,1.33954,-0.0020,-0.0003
1791264935.8785,R,C,,-76,,,
1791264935.9078,R,C,,-65,,,
1791264935.9081,R,B,,-77,,,
1791264935.9084,R,A,,-68,,,
1791264935.9747,R,B,,-71,,,
1791264935.9765,R,A,,-72,,,
1791264935.9906,O,,,,1.35543,-0.0020,-0.0003
1791264935.9918,O,,,,1.37396,-0.0020,-0.0003
1791264935.9926,O,,,,1.38984,-0.0020,-0.0003
1791264935.9788,R,C,,-68,,,
1791264935.9932,R,C,,-75,,,
1791264935.9934,R,B,,-78,,,
1791264935.9943,R,A,,-64,,,
1791264936.0634,O,,,,1.40572,-0.0020,-0.0003
1791264936.0643,O,,,,1.42426,-0.0020,-0.0003
1791264936.0650,O,,,,1.44014,-0.0020,-0.0003
1791264936.0657,O,,,,1.45602,-0.0020,-0.0003
1791264936.0537,R,B,,-72,,,
1791264936.0540,R,A,,-69,,,
1791264936.0681,R,C,,-64,,,
1791264936.1017,R,B,,-71,,,
1791264936.1024,R,C,,-62,,,
1791264936.1027,R,A,,-80,,,
1791264936.1425,O,,,,1.47191,-0.0020,-0.0003
1791264936.1437,O,,,,1.49044,-0.0020,-0.0003
1791264936.1449,O,,,,1.50632,-0.0020,-0.0003
1791264936.1460,O,,,,1.52221,-0.0020,-0.0003
1791264936.1294,R,B,,-76,,,
1791264936.1731,R,B,,-73,,,
1791264936.1733,R,A,,-70,,,
1791264936.1735,R,C,,-67,,,
1791264936.2213,O,,,,1.53809,-0.0020,-0.0003
1791264936.2229,O,,,,1.55662,-0.0020,-0.0003
1791264936.2245,O,,,,1.57251,-0.0020,-0.0003
1791264936.2256,O,,,,1.58839,-0.0020,-0.0003
1791264936.2162,R,C,,-63,,,
1791264936.2241,R,B,,-68,,,
1791264936.2269,R,A,,-73,,,
1791264936.2589,R,B,,-73,,,
1791264936.2769,R,A,,-67,,,
1791264936.2969,O,,,,1.60692,-0.0020,-0.0003
1791264936.2978,O,,,,1.62280,-0.0020,-0.0003
1791264936.2986,O,,,,1.63869,-0.0020,-0.0003
1791264936.2993,O,,,,1.65590,-0.0021,0.0000
1791264936.2787,R,C,,-62,,,
1791264936.3067,R,A,,-77,,,
1791264936.3071,R,B,,-71,,,
1791264936.3072,R,C,,-66,,,
1791264936.3772,O,,,,1.67178,-0.0021,0.0000
1791264936.3784,O,,,,1.68766,-0.0021,0.0000
1791264936.3453,R,B,,-67,,,
1791264936.3455,R,C,,-64,,,
1791264936.3765,R,A,,-67,,,
1791264936.3795,O,,,,1.70487,-0.0020,-0.0002
1791264936.3803,O,,,,1.72208,-0.0021,0.0000
1791264936.3941,R,C,,-64,,,
1791264936.3943,R,B,,-71,,,
1791264936.3945,R,A,,-66,,,
1791264936.4572,O,,,,1.73796,-0.0021,0.0000
1791264936.4581,O,,,,1.75385,-0.0021,0.0000
1791264936.4589,O,,,,1.77238,-0.0021,0.0000
1791264936.4597,O,,,,1.78826,-0.0021,0.0000
1791264936.4393,R,B,,-71,,,
1791264936.4394,R,C,,-69,,,
1791264936.4767,R,A,,-69,,,
1791264936.5228,O,,,,1.80547,-0.0020,-0.0002
1791264936.5237,O,,,,1.82135,-0.0020,-0.0002
1791264936.5244,O,,,,1.83856,-0.0021,0.0000
1791264936.5143,R,B,,-72,,,
1791264936.5147,R,C,,-72,,,
1791264936.5147,R,A,,-67,,,
1791264936.5495,R,C,,-74,,,
1791264936.5496,R,A,,-69,,,
1791264936.5498,R,B,,-78,,,
1791264936.6024,O,,,,1.85577,-0.0020,-0.0002
1791264936.6036,O,,,,1.87298,-0.0021,0.0000
1791264936.6048,O,,,,1.88886,-0.0021,0.0000
1791264936.6059,O,,,,1.90739,-0.0021,0.0000
1791264936.5788,R,C,,-82,,,
1791264936.6238,R,B,,-66,,,
1791264936.6266,R,A,,-71,,,
1791264936.6291,R,C,,-71,,,
1791264936.6695,R,C,,-68,,,
1791264936.6746,R,B,,-63,,,
1791264936.6814,O,,,,1.92327,-0.0021,0.0000
1791264936.6824,O,,,,1.93916,-0.0021,0.0000
1791264936.6833,O,,,,1.95769,-0.0021,0.0000
1791264936.6841,O,,,,1.97357,-0.0021,0.0000
1791264936.6793,R,A,,-68,,,
1791264936.7221,R,B,,-70,,,
1791264936.7223,R,A,,-79,,,
1791264936.7224,R,C,,-70,,,
1791264936.7572,O,,,,1.98946,-0.0021,0.0000
1791264936.7586,O,,,,2.00534,-0.0021,0.0000
1791264936.7598,O,,,,2.02255,-0.0020,-0.0002
1791264936.7609,O,,,,2.03843,-0.0020,-0.0002
1791264936.7584,R,C,,-77,,,
1791264936.7585,R,B,,-64,,,
1791264936.7768,R,A,,-70,,,
1791264936.8003,R,C,,-71,,,
1791264936.8219,R,B,,-62,,,
1791264936.8267,R,A,,-70,,,
1791264936.8369,O,,,,2.05696,-0.0020,-0.0002
1791264936.8380,O,,,,2.07285,-0.0020,-0.0002
1791264936.8389,O,,,,2.08873,-0.0020,-0.0002
1791264936.8396,O,,,,2.10462,-0.0020,-0.0002
1791264936.8688,R,B,,-63,,,
1791264936.8690,R,A,,-73,,,
1791264936.9125,O,,,,2.12315,-0.0020,-0.0002
1791264936.9134,O,,,,2.13903,-0.0020,-0.0002
1791264936.9143,O,,,,2.15491,-0.0020,-0.0002
1791264936.9150,O,,,,2.17345,-0.0020,-0.0002
1791264936.8872,R,C,,-68,,,
1791264936.8876,R,B,,-64,,,
1791264936.8876,R,A,,-71,,,
1791264936.9743,R,B,,-60,,,
1791264936.9750,R,A,,-68,,,
1791264936.9818,O,,,,2.18933,-0.0020,-0.0002
1791264936.9826,O,,,,2.20521,-0.0020,-0.0002
1791264936.9834,O,,,,2.22374,-0.0020,-0.0002
1791264936.9799,R,C,,-76,,,
1791264936.9801,R,A,,-68,,,
1791264937.0248,R,B,,-66,,,
1791264937.0267,R,A,,-68,,,
1791264937.0628,O,,,,2.23963,-0.0020,-0.0002
1791264937.0638,O,,,,2.25551,-0.0020,-0.0002
1791264937.0647,O,,,,2.27404,-0.0020,-0.0002
1791264937.0655,O,,,,2.28993,-0.0020,-0.0002
1791264937.0290,R,C,,-71,,,
1791264937.1082,R,B,,-61,,,
1791264937.1096,R,C,,-79,,,
1791264937.1110,R,A,,-66,,,
1791264937.1416,O,,,,2.30581,-0.0020,-0.0002
1791264937.1425,O,,,,2.32170,-0.0020,-0.0002
1791264937.1434,O,,,,2.34023,-0.0020,-0.0002
1791264937.1441,O,,,,2.35611,-0.0020,-0.0002
1791264937.1590,R,B,,-70,,,
1791264937.1767,R,A,,-67,,,
1791264937.2167,O,,,,2.37199,-0.0020,-0.0002
1791264937.2179,O,,,,2.39053,-0.0020,-0.0002
1791264937.2187,O,,,,2.40641,-0.0020,-0.0002
1791264937.2195,O,,,,2.42229,-0.0020,-0.0002
1791264937.1787,R,C,,-72,,,
1791264937.2078,R,C,,-72,,,
1791264937.2093,R,A,,-71,,,
1791264937.2247,R,B,,-63,,,
1791264937.2447,R,C,,-71,,,
1791264937.2448,R,A,,-67,,,
1791264937.2749,R,B,,-61,,,
1791264937.2969,O,,,,2.43818,-0.0020,-0.0002
1791264937.2984,O,,,,2.45671,-0.0020,-0.0002
1791264937.2998,O,,,,2.47259,-0.0020,-0.0002
1791264937.3008,O,,,,2.48980,-0.0018,-0.0004
1791264937.2911,R,B,,-63,,,
1791264937.3267,R,A,,-73,,,
1791264937.3720,O,,,,2.50701,-0.0020,-0.0002
1791264937.3734,O,,,,2.52289,-0.0020,-0.0002
1791264937.3746,O,,,,2.53878,-0.0020,-0.0002
1791264937.3756,O,,,,2.55731,-0.0020,-0.0002
1791264937.3698,R,C,,-67,,,
1791264937.3700,R,B,,-62,,,
1791264937.3767,R,A,,-70,,,
1791264937.4522,O,,,,2.57319,-0.0020,-0.0002
1791264937.4533,O,,,,2.58907,-0.0020,-0.0002
1791264937.4542,O,,,,2.60628,-0.0017,-0.0004
1791264937.4549,O,,,,2.62349,-0.0020,-0.0002
1791264937.4697,R,C,,-70,,,
1791264937.4742,R,B,,-61,,,
1791264937.4769,R,A,,-79,,,
1791264937.5224,O,,,,2.63937,-0.0020,-0.0002
1791264937.5233,O,,,,2.65526,-0.0020,-0.0002
1791264937.5241,O,,,,2.67379,-0.0020,-0.0002
1791264937.5096,R,A,,-73,,,
1791264937.5098,R,C,,-80,,,
1791264937.5248,R,B,,-56,,,
1791264937.5542,R,B,,-54,,,
1791264937.5546,R,C,,-63,,,
1791264937.5966,O,,,,2.68967,-0.0020,-0.0002
1791264937.5976,O,,,,2.70556,-0.0020,-0.0002
1791264937.5985,O,,,,2.72409,-0.0020,-0.0002
1791264937.5992,O,,,,2.73997,-0.0020,-0.0002
1791264937.6106,R,C,,-65,,,
1791264937.6242,R,B,,-65,,,
1791264937.6769,O,,,,2.75586,-0.0020,-0.0002
1791264937.6781,O,,,,2.77439,-0.0020,-0.0002
1791264937.6789,O,,,,2.79027,-0.0020,-0.0002
1791264937.6465,R,B,,-56,,,
1791264937.6467,R,C,,-87,,,
1791264937.6508,R,A,,-90,,,
1791264937.6799,O,,,,2.80615,-0.0020,-0.0002
1791264937.6946,R,B,,-60,,,
1791264937.6947,R,C,,-65,,,
1791264937.7564,O,,,,2.82469,-0.0020,-0.0002
1791264937.7580,O,,,,2.84057,-0.0020,-0.0002
1791264937.7588,O,,,,2.85645,-0.0020,-0.0002
1791264937.7596,O,,,,2.87366,-0.0017,-0.0003
1791264937.7533,R,B,,-69,,,
1791264937.7542,R,A,,-78,,,
1791264937.7748,R,B,,-68,,,
1791264937.7769,R,A,,-78,,,
1791264937.7785,R,C,,-72,,,
1791264937.8185,R,B,,-64,,,
1791264937.8186,R,C,,-64,,,
1791264937.8267,R,A,,-71,,,
1791264937.8411,O,,,,2.89087,-0.0020,-0.0002
1791264937.8420,O,,,,2.90675,-0.0020,-0.0002
1791264937.8428,O,,,,2.92528,-0.0020,-0.0002
1791264937.8435,O,,,,2.94117,-0.0020,-0.0002
1791264937.8696,R,B,,-75,,,
1791264937.8698,R,C,,-61,,,
1791264937.8768,R,A,,-75,,,
1791264937.9125,O,,,,2.95705,-0.0020,-0.0002
1791264937.9136,O,,,,2.97294,-0.0020,-0.0002
1791264937.9145,O,,,,2.99147,-0.0020,-0.0002
1791264937.9153,O,,,,3.00735,-0.0020,-0.0002
1791264937.9129,R,B,,-68,,,
1791264937.9268,R,A,,-79,,,
1791264937.9285,R,C,,-83,,,
1791264937.9697,R,C,,-68,,,
1791264937.9701,R,B,,-79,,,
1791264937.9702,R,A,,-70,,,
1791264937.9896,O,,,,3.02323,-0.0020,-0.0002
1791264937.9904,O,,,,3.04044,-0.0017,-0.0003
1791264937.9912,O,,,,3.05765,-0.0020,-0.0002
1791264938.0244,R,B,,-71,,,
1791264938.0269,R,A,,-71,,,
1791264938.0623,O,,,,3.07353,-0.0020,-0.0002
1791264938.0633,O,,,,3.09074,-0.0017,-0.0003
1791264938.0642,O,,,,3.10662,-0.0017,-0.0003
1791264938.0650,O,,,,3.12383,-0.0020,-0.0003
1791264938.0285,R,C,,-72,,,
1791264938.0674,R,A,,-75,,,
1791264938.1240,R,B,,-74,,,
1791264938.1268,R,A,,-69,,,
1791264938.1369,O,,,,3.13972,-0.0020,-0.0003
1791264938.1380,O,,,,-3.12626,-0.0017,-0.0003
1791264938.1388,O,,,,-3.10905,-0.0020,-0.0003
1791264938.1396,O,,,,-3.09317,-0.0020,-0.0003
1791264938.1291,R,C,,-69,,,
1791264938.1486,R,A,,-74,,,
1791264938.1666,R,B,,-67,,,
1791264938.1692,R,C,,-63,,,
1791264938.1763,R,A,,-74,,,
1791264938.2123,O,,,,-3.07729,-0.0020,-0.0003
1791264938.2134,O,,,,-3.05876,-0.0020,-0.0003
1791264938.2142,O,,,,-3.04287,-0.0020,-0.0003
1791264938.2151,O,,,,-3.02566,-0.0017,-0.0002
1791264938.1785,R,C,,-67,,,
1791264938.2250,R,A,,-73,,,
1791264938.2291,R,C,,-61,,,
1791264938.2697,R,C,,-65,,,
1791264938.2699,R,B,,-65,,,
1791264938.2767,R,A,,-68,,,
1791264938.2912,O,,,,-3.00978,-0.0017,-0.0002
1791264938.2928,O,,,,-2.99257,-0.0020,-0.0003
1791264938.2937,O,,,,-2.97536,-0.0017,-0.0002
1791264938.2945,O,,,,-2.95948,-0.0017,-0.0002
1791264938.3720,O,,,,-2.94227,-0.0020,-0.0003
1791264938.3730,O,,,,-2.92639,-0.0020,-0.0003
1791264938.3738,O,,,,-2.91051,-0.0020,-0.0003
1791264938.3745,O,,,,-2.89197,-0.0020,-0.0003
1791264938.3675,R,C,,-77,,,
1791264938.3677,R,B,,-59,,,
1791264938.3769,R,A,,-72,,,
1791264938.4116,R,B,,-61,,,
1791264938.4127,R,A,,-68,,,
1791264938.4468,O,,,,-2.87609,-0.0020,-0.0003
1791264938.4479,O,,,,-2.86021,-0.0020,-0.0003
1791264938.4487,O,,,,-2.84168,-0.0020,-0.0003
1791264938.4494,O,,,,-2.82579,-0.0020,-0.0003
1791264938.4294,R,C,,-68,,,
1791264938.4747,R,B,,-58,,,
1791264938.4769,R,A,,-73,,,
1791264938.5167,O,,,,-2.80991,-0.0020,-0.0003
1791264938.5177,O,,,,-2.79270,-0.0017,-0.0002
1791264938.5185,O,,,,-2.77549,-0.0020,-0.0003
1791264938.4791,R,C,,-75,,,
1791264938.5026,R,C,,-59,,,
1791264938.5029,R,B,,-58,,,
1791264938.5031,R,A,,-72,,,
1791264938.5647,R,C,,-74,,,
1791264938.5744,R,B,,-60,,,
1791264938.5767,R,A,,-67,,,
1791264938.5965,O,,,,-2.75961,-0.0020,-0.0003
1791264938.5974,O,,,,-2.74372,-0.0020,-0.0003
1791264938.5983,O,,,,-2.72519,-0.0020,-0.0003
1791264938.5991,O,,,,-2.70931,-0.0020,-0.0003
1791264938.6085,R,A,,-77,,,
1791264938.6252,R,B,,-59,,,
1791264938.6721,O,,,,-2.69343,-0.0020,-0.0003
1791264938.6732,O,,,,-2.67754,-0.0020,-0.0003
1791264938.6740,O,,,,-2.65901,-0.0020,-0.0003
1791264938.6749,O,,,,-2.64313,-0.0020,-0.0003
1791264938.6292,R,C,,-65,,,
1791264938.6486,R,B,,-56,,,
1791264938.6753,R,C,,-75,,,
1791264938.6784,R,A,,-72,,,
1791264938.7002,R,B,,-61,,,
1791264938.7006,R,A,,-66,,,
1791264938.7227,R,B,,-61,,,
1791264938.7228,R,C,,-60,,,
1791264938.7271,R,A,,-66,,,
1791264938.7519,O,,,,-2.62724,-0.0020,-0.0003
1791264938.7533,O,,,,-2.60871,-0.0020,-0.0003
1791264938.7544,O,,,,-2.59283,-0.0020,-0.0003
1791264938.7553,O,,,,-2.57694,-0.0020,-0.0003
1791264938.7686,R,A,,-70,,,
1791264938.7745,R,B,,-55,,,
1791264938.7786,R,C,,-58,,,
1791264938.8132,R,A,,-70,,,
1791264938.8134,R,C,,-57,,,
1791264938.8248,R,B,,-54,,,
1791264938.8314,O,,,,-2.55841,-0.0020,-0.0003
1791264938.8324,O,,,,-2.54253,-0.0020,-0.0003
1791264938.8333,O,,,,-2.52664,-0.0020,-0.0003
1791264938.8341,O,,,,-2.50944,-0.0022,-0.0004
1791264938.8559,R,B,,-58,,,
1791264938.8563,R,A,,-71,,,
1791264938.8565,R,C,,-60,,,
1791264938.9069,O,,,,-2.49223,-0.0020,-0.0003
1791264938.9086,O,,,,-2.47635,-0.0020,-0.0003
1791264938.9094,O,,,,-2.46046,-0.0020,-0.0003
1791264938.9102,O,,,,-2.44193,-0.0020,-0.0003
1791264938.9245,R,B,,-51,,,
1791264938.9250,R,A,,-68,,,
1791264938.9773,O,,,,-2.42605,-0.0020,-0.0003
1791264938.9793,O,,,,-2.40884,-0.0022,-0.0005
1791264938.9290,R,C,,-58,,,
1791264938.9754,R,B,,-57,,,
1791264938.9765,R,A,,-69,,,
1791264938.9804,O,,,,-2.39163,-0.0020,-0.0003
1791264938.9790,R,C,,-60,,,
1791264938.9833,R,C,,-60,,,
1791264938.9966,R,B,,-58,,,
1791264939.0146,R,A,,-78,,,
1791264939.0630,O,,,,-2.37575,-0.0020,-0.0003
1791264939.0639,O,,,,-2.35986,-0.0020,-0.0003
1791264939.0647,O,,,,-2.34133,-0.0020,-0.0003
1791264939.0655,O,,,,-2.32545,-0.0020,-0.0003
1791264939.0741,R,B,,-51,,,
1791264939.0744,R,A,,-68,,,
1791264939.0785,R,C,,-66,,,
1791264939.0896,R,B,,-56,,,
1791264939.1229,R,B,,-57,,,
1791264939.1231,R,C,,-63,,,
1791264939.1233,R,A,,-74,,,
1791264939.1367,O,,,,-2.30956,-0.0020,-0.0003
1791264939.1378,O,,,,-2.29103,-0.0020,-0.0003
1791264939.1387,O,,,,-2.27515,-0.0020,-0.0003
1791264939.1395,O,,,,-2.25927,-0.0020,-0.0003
1791264939.1720,R,B,,-60,,,
1791264939.1724,R,C,,-67,,,
1791264939.1728,R,A,,-69,,,
1791264939.2119,O,,,,-2.24073,-0.0020,-0.0003
1791264939.2129,O,,,,-2.22485,-0.0020,-0.0003
1791264939.2137,O,,,,-2.20897,-0.0020,-0.0003
1791264939.2145,O,,,,-2.19044,-0.0020,-0.0003
1791264939.2143,R,C,,-56,,,
1791264939.2146,R,A,,-67,,,
1791264939.2252,R,B,,-57,,,
1791264939.2681,R,C,,-56,,,
1791264939.2682,R,B,,-60,,,
1791264939.2913,O,,,,-2.17455,-0.0020,-0.0003
1791264939.2925,O,,,,-2.15734,-0.0018,-0.0001
1791264939.2938,O,,,,-2.14014,-0.0020,-0.0003
1791264939.2949,O,,,,-2.12425,-0.0020,-0.0003
1791264939.2787,R,A,,-65,,,
1791264939.3104,R,C,,-57,,,
1791264939.3107,R,B,,-60,,,
1791264939.3109,R,A,,-70,,,
1791264939.3674,O,,,,-2.10837,-0.0020,-0.0003
1791264939.3684,O,,,,-2.09249,-0.0020,-0.0003
1791264939.3693,O,,,,-2.07528,-0.0018,-0.0000
1791264939.3701,O,,,,-2.05939,-0.0018,-0.0000
1791264939.3613,R,A,,-67,,,
1791264939.3615,R,C,,-57,,,
1791264939.3747,R,B,,-56,,,
1791264939.4086,R,C,,-55,,,
1791264939.4253,R,B,,-57,,,
1791264939.4268,R,A,,-67,,,
1791264939.4373,O,,,,-2.04219,-0.0020,-0.0003
1791264939.4383,O,,,,-2.02630,-0.0020,-0.0003
1791264939.4392,O,,,,-2.00909,-0.0019,-0.0000
1791264939.4401,O,,,,-1.99189,-0.0020,-0.0003
1791264939.4450,R,C,,-55,,,
1791264939.4753,R,B,,-61,,,
1791264939.4768,R,A,,-81,,,
1791264939.5169,O,,,,-1.97600,-0.0020,-0.0003
1791264939.5180,O,,,,-1.95880,-0.0019,-0.0000
1791264939.5187,O,,,,-1.94291,-0.0019,-0.0000
1791264939.4897,R,C,,-50,,,
1791264939.4898,R,B,,-52,,,
1791264939.4904,R,A,,-72,,,
1791264939.5386,R,B,,-54,,,
1791264939.5436,R,A,,-71,,,
1791264939.5753,R,C,,-50,,,
1791264939.5755,R,B,,-54,,,
1791264939.5769,R,A,,-70,,,
1791264939.5916,O,,,,-1.92570,-0.0020,-0.0003
1791264939.5925,O,,,,-1.90982,-0.0020,-0.0003
1791264939.5934,O,,,,-1.89261,-0.0019,-0.0000
1791264939.5943,O,,,,-1.87541,-0.0020,-0.0003
1791264939.6133,R,A,,-70,,,
1791264939.6250,R,B,,-57,,,
1791264939.6719,O,,,,-1.85952,-0.0020,-0.0003
1791264939.6730,O,,,,-1.84231,-0.0019,-0.0000
1791264939.6739,O,,,,-1.82511,-0.0019,-0.0003
1791264939.6747,O,,,,-1.80922,-0.0019,-0.0003
1791264939.6286,R,C,,-51,,,
1791264939.6575,R,C,,-51,,,
1791264939.6578,R,A,,-66,,,
1791264939.6579,R,B,,-55,,,
1791264939.7042,R,C,,-50,,,
1791264939.7114,R,B,,-56,,,
1791264939.7171,R,A,,-65,,,
1791264939.7519,O,,,,-1.79201,-0.0019,-0.0000
1791264939.7528,O,,,,-1.77481,-0.0019,-0.0003
1791264939.7538,O,,,,-1.75892,-0.0019,-0.0003
1791264939.7547,O,,,,-1.74172,-0.0019,-0.0000
1791264939.7447,R,C,,-50,,,
1791264939.7450,R,B,,-57,,,
1791264939.7536,R,A,,-66,,,
1791264939.8269,O,,,,-1.72451,-0.0019,-0.0003
1791264939.8282,O,,,,-1.70862,-0.0019,-0.0003
1791264939.8058,R,B,,-55,,,
1791264939.8061,R,A,,-65,,,
1791264939.8204,R,C,,-50,,,
1791264939.8292,O,,,,-1.69142,-0.0019,-0.0000
1791264939.8300,O,,,,-1.67553,-0.0019,-0.0000
1791264939.8377,R,C,,-50,,,
1791264939.8379,R,B,,-55,,,
1791264939.8600,R,A,,-64,,,
1791264939.9072,O,,,,-1.65833,-0.0019,-0.0003
1791264939.9083,O,,,,-1.64112,-0.0019,-0.0000
1791264939.9092,O,,,,-1.62523,-0.0019,-0.0000
1791264939.9099,O,,,,-1.60803,-0.0019,-0.0003
1791264939.8791,R,C,,-49,,,
1791264939.8792,R,A,,-64,,,
1791264939.9155,R,C,,-52,,,
1791264939.9156,R,B,,-65,,,
1791264939.9158,R,A,,-63,,,
1791264939.9769,O,,,,-1.59082,-0.0019,-0.0000
1791264939.9780,O,,,,-1.57493,-0.0019,-0.0000
1791264939.9788,O,,,,-1.55773,-0.0019,-0.0003
1791264939.9653,R,C,,-49,,,
1791264939.9658,R,B,,-58,,,
1791264939.9672,R,A,,-83,,,
1791264940.0132,R,C,,-51,,,
1791264940.0134,R,B,,-63,,,
1791264940.0268,R,A,,-64,,,
1791264940.0521,O,,,,-1.54184,-0.0019,-0.0003
1791264940.0531,O,,,,-1.52464,-0.0019,-0.0000
1791264940.0540,O,,,,-1.50875,-0.0019,-0.0000
1791264940.0548,O,,,,-1.49287,-0.0019,-0.0000
1791264940.0579,R,A,,-64,,,
1791264940.0742,R,B,,-65,,,
1791264940.0744,R,C,,-52,,,
1791264940.0990,R,C,,-52,,,
1791264940.0997,R,A,,-65,,,
1791264940.1022,R,B,,-59,,,
1791264940.1314,O,,,,-1.47434,-0.0019,-0.0000
1791264940.1323,O,,,,-1.45845,-0.0019,-0.0000
1791264940.1331,O,,,,-1.44257,-0.0019,-0.0000
1791264940.1346,O,,,,-1.42536,-0.0020,0.0002
1791264940.1527,R,C,,-52,,,
1791264940.1738,R,B,,-61,,,
1791264940.1760,R,A,,-65,,,
1791264940.2138,O,,,,-1.40815,-0.0019,-0.0000
1791264940.2146,O,,,,-1.39227,-0.0019,-0.0000
1791264940.2155,O,,,,-1.37506,-0.0019,-0.0003
1791264940.2169,O,,,,-1.35785,-0.0019,-0.0000
1791264940.1909,R,B,,-68,,,
1791264940.1910,R,C,,-54,,,
1791264940.1913,R,A,,-65,,,
1791264940.2293,R,C,,-55,,,
1791264940.2539,R,B,,-62,,,
1791264940.2861,O,,,,-1.34197,-0.0019,-0.0000
1791264940.2870,O,,,,-1.32344,-0.0019,-0.0000
1791264940.2879,O,,,,-1.30623,-0.0020,0.0002
1791264940.2889,O,,,,-1.29035,-0.0020,0.0002
1791264940.2792,R,C,,-53,,,
1791264940.3247,R,B,,-64,,,
1791264940.3271,R,A,,-69,,,
1791264940.3669,O,,,,-1.27314,-0.0019,-0.0000
1791264940.3680,O,,,,-1.25726,-0.0019,-0.0000
1791264940.3688,O,,,,-1.24137,-0.0019,-0.0000
1791264940.3695,O,,,,-1.22284,-0.0019,-0.0000
1791264940.3291,R,C,,-54,,,
1791264940.3637,R,C,,-55,,,
1791264940.3768,R,A,,-70,,,
1791264940.4052,R,A,,-75,,,
1791264940.4253,R,B,,-72,,,
1791264940.4369,O,,,,-1.20696,-0.0019,-0.0000
1791264940.4378,O,,,,-1.19107,-0.0019,-0.0000
1791264940.4389,O,,,,-1.17387,-0.0018,-0.0003
1791264940.4293,R,C,,-63,,,
1791264940.4508,R,A,,-78,,,
1791264940.4511,R,C,,-65,,,
1791264940.4749,R,B,,-68,,,
1791264940.5121,O,,,,-1.15666,-0.0019,-0.0000
1791264940.5131,O,,,,-1.14078,-0.0019,-0.0000
1791264940.5138,O,,,,-1.12489,-0.0019,-0.0000
1791264940.5146,O,,,,-1.10768,-0.0018,-0.0003
1791264940.4977,R,C,,-71,,,
1791264940.4980,R,B,,-83,,,
1791264940.4983,R,A,,-78,,,
1791264940.5748,R,B,,-75,,,
1791264940.5768,R,A,,-71,,,
1791264940.5917,O,,,,-1.09180,-0.0018,-0.0003
1791264940.5926,O,,,,-1.07327,-0.0018,-0.0003
1791264940.5935,O,,,,-1.05738,-0.0018,-0.0003
1791264940.5943,O,,,,-1.04150,-0.0018,-0.0003
1791264940.5786,R,C,,-60,,,
1791264940.5957,R,C,,-63,,,
1791264940.5960,R,B,,-79,,,
1791264940.5963,R,A,,-70,,,
1791264940.6669,O,,,,-1.02297,-0.0018,-0.0003
1791264940.6679,O,,,,-1.00709,-0.0018,-0.0003
1791264940.6687,O,,,,-0.99120,-0.0018,-0.0003
1791264940.6695,O,,,,-0.97399,-0.0019,-0.0000
1791264940.6374,R,A,,-71,,,
1791264940.6404,R,C,,-61,,,
1791264940.6613,R,B,,-68,,,
1791264940.6786,R,C,,-60,,,
1791264940.6931,R,B,,-66,,,
1791264940.7205,R,B,,-69,,,
1791264940.7260,R,A,,-72,,,
1791264940.7473,O,,,,-0.95679,-0.0018,-0.0003
1791264940.7482,O,,,,-0.94090,-0.0018,-0.0003
1791264940.7490,O,,,,-0.92502,-0.0018,-0.0003
1791264940.7497,O,,,,-0.90781,-0.0020,-0.0001
1791264940.7292,R,C,,-57,,,
1791264940.7747,R,B,,-68,,,
1791264940.7768,R,A,,-70,,,
1791264940.8262,O,,,,-0.89060,-0.0018,-0.0003
1791264940.8272,O,,,,-0.87472,-0.0018,-0.0003
1791264940.8282,O,,,,-0.85751,-0.0020,-0.0001
1791264940.7791,R,C,,-66,,,
1791264940.8237,R,B,,-67,,,
1791264940.8267,R,A,,-66,,,
1791264940.8293,O,,,,-0.84163,-0.0020,-0.0001
1791264940.8291,R,C,,-63,,,
1791264940.8542,R,C,,-62,,,
1791264940.8743,R,B,,-82,,,
1791264940.9016,O,,,,-0.82442,-0.0018,-0.0003
1791264940.9025,O,,,,-0.80854,-0.0018,-0.0003
1791264940.9033,O,,,,-0.79265,-0.0018,-0.0003
1791264940.9041,O,,,,-0.77412,-0.0018,-0.0003
1791264940.8791,R,A,,-63,,,
1791264940.9002,R,C,,-61,,,
1791264940.9004,R,B,,-69,,,
1791264940.9011,R,A,,-74,,,
1791264940.9719,O,,,,-0.75824,-0.0018,-0.0003
1791264940.9729,O,,,,-0.74235,-0.0018,-0.0003
1791264940.9737,O,,,,-0.72382,-0.0018,-0.0003
1791264940.9392,R,C,,-55,,,
1791264940.9747,R,B,,-79,,,
1791264940.9790,R,A,,-64,,,
1791264940.9857,R,B,,-70,,,
1791264941.0073,R,C,,-53,,,
1791264941.0074,R,A,,-63,,,
1791264941.0520,O,,,,-0.70794,-0.0018,-0.0003
1791264941.0528,O,,,,-0.69206,-0.0018,-0.0003
1791264941.0536,O,,,,-0.67617,-0.0018,-0.0003
1791264941.0544,O,,,,-0.65764,-0.0018,-0.0003
1791264941.0744,R,B,,-80,,,
1791264941.0766,R,C,,-51,,,
1791264941.0768,R,A,,-68,,,
1791264941.1273,O,,,,-0.64176,-0.0018,-0.0003
1791264941.1281,O,,,,-0.62587,-0.0018,-0.0003
1791264941.0785,R,B,,-74,,,
1791264941.1261,R,C,,-63,,,
1791264941.1269,R,A,,-72,,,
1791264941.1291,O,,,,-0.60866,-0.0016,-0.0004
1791264941.1298,O,,,,-0.59146,-0.0018,-0.0003
1791264941.1737,R,B,,-65,,,
1791264941.1749,R,C,,-55,,,
1791264941.1750,R,A,,-69,,,
1791264941.2072,O,,,,-0.57557,-0.0018,-0.0003
1791264941.2083,O,,,,-0.55837,-0.0016,-0.0004
1791264941.2098,O,,,,-0.54116,-0.0018,-0.0003
1791264941.2106,O,,,,-0.52527,-0.0018,-0.0003
1791264941.2257,R,C,,-62,,,
1791264941.2259,R,A,,-80,,,
1791264941.2672,R,C,,-71,,,
1791264941.2748,R,B,,-67,,,
1791264941.2767,R,A,,-78,,,
1791264941.2893,O,,,,-0.50807,-0.0016,-0.0004
1791264941.2905,O,,,,-0.49086,-0.0018,-0.0003
1791264941.2913,O,,,,-0.47365,-0.0016,-0.0004
1791264941.2921,O,,,,-0.45777,-0.0016,-0.0004
1791264941.3118,R,C,,-60,,,
1791264941.3119,R,A,,-75,,,
1791264941.3145,R,B,,-65,,,
1791264941.3628,O,,,,-0.44056,-0.0018,-0.0003
1791264941.3641,O,,,,-0.42468,-0.0018,-0.0003
1791264941.3650,O,,,,-0.40747,-0.0016,-0.0004
1791264941.3657,O,,,,-0.39291,-0.0018,-0.0003
1791264941.3622,R,C,,-61,,,
1791264941.3750,R,B,,-71,,,
1791264941.3768,R,A,,-75,,,
1791264941.4092,R,B,,-72,,,
1791264941.4094,R,A,,-70,,,
1791264941.4179,R,C,,-64,,,
1791264941.4313,O,,,,-0.37438,-0.0018,-0.0003
1791264941.4325,O,,,,-0.35849,-0.0018,-0.0003
1791264941.4333,O,,,,-0.34261,-0.0018,-0.0003
1791264941.4607,R,A,,-76,,,
1791264941.4609,R,C,,-67,,,
1791264941.4747,R,B,,-71,,,
1791264941.5122,O,,,,-0.33202,-0.0018,-0.0003
1791264941.5131,O,,,,-0.31878,-0.0018,-0.0003
1791264941.5140,O,,,,-0.30555,-0.0018,-0.0003
1791264941.5147,O,,,,-0.29496,-0.0018,-0.0003
1791264941.5229,R,C,,-61,,,
1791264941.5232,R,B,,-69,,,
1791264941.5237,R,A,,-71,,,
1791264941.5453,R,A,,-67,,,
1791264941.5455,R,C,,-63,,,
1791264941.5456,R,B,,-69,,,
1791264941.5868,O,,,,-0.28702,-0.0018,-0.0003
1791264941.5878,O,,,,-0.27775,-0.0021,-0.0002
1791264941.5887,O,,,,-0.27113,-0.0023,-0.0001
1791264941.5894,O,,,,-0.26584,-0.0023,-0.0001
1791264941.5982,R,A,,-67,,,
1791264941.6247,R,B,,-65,,,
1791264941.6251,R,C,,-63,,,
1791264941.6674,O,,,,-0.26187,-0.0026,-0.0001
1791264941.6684,O,,,,-0.25922,-0.0026,-0.0001
1791264941.6692,O,,,,-0.25525,-0.0028,0.0000
1791264941.6699,O,,,,-0.25392,-0.0031,0.0001
1791264941.6293,R,C,,-63,,,
1791264941.6753,R,B,,-71,,,
1791264941.6784,R,C,,-60,,,
1791264941.7461,O,,,,-0.25260,-0.0028,0.0000
1791264941.7469,O,,,,-0.25128,-0.0031,0.0001
1791264941.7477,O,,,,-0.25128,-0.0031,0.0001
1791264941.7485,O,,,,-0.25128,-0.0031,0.0001
1791264941.7285,R,A,,-64,,,
1791264941.7292,R,C,,-60,,,
1791264941.7741,R,C,,-61,,,
1791264941.7751,R,B,,-68,,,
1791264941.7771,R,A,,-62,,,
1791264941.8218,O,,,,-0.25128,-0.0031,0.0001
1791264941.8229,O,,,,-0.25128,-0.0031,0.0001
1791264941.8243,O,,,,-0.25128,-0.0031,0.0001
1791264941.8251,O,,,,-0.25128,-0.0031,0.0001
1791264941.8248,R,B,,-70,,,
1791264941.8291,R,C,,-63,,,
1791264941.8292,R,A,,-61,,,
1791264941.8547,R,B,,-71,,,
1791264941.8549,R,A,,-67,,,
1791264941.9017,O,,,,-0.25128,-0.0031,0.0001
1791264941.9027,O,,,,-0.25128,-0.0031,0.0001
1791264941.9037,O,,,,-0.25128,-0.0031,0.0001
1791264941.9045,O,,,,-0.25128,-0.0031,0.0001
1791264941.9035,R,A,,-63,,,
1791264941.9038,R,B,,-70,,,
1791264941.9042,R,C,,-61,,,
1791264941.9673,O,,,,-0.25128,-0.0031,0.0001
1791264941.9683,O,,,,-0.25128,-0.0031,0.0001
1791264941.9691,O,,,,-0.25128,-0.0031,0.0001
1791264941.9492,R,A,,-63,,,
1791264941.9748,R,B,,-69,,,
1791264941.9792,R,C,,-63,,,
1791264941.9917,R,C,,-65,,,
1791264942.0083,R,A,,-66,,,
1791264942.0250,R,B,,-73,,,
1791264942.0477,O,,,,-0.25128,-0.0031,0.0001
1791264942.0485,O,,,,-0.25128,-0.0031,0.0001
1791264942.0493,O,,,,-0.25128,-0.0031,0.0001
1791264942.0501,O,,,,-0.25128,-0.0031,0.0001
1791264942.0412,R,A,,-72,,,
1791264942.1272,O,,,,-0.25128,-0.0031,0.0001
1791264943.1100,O,,,,-0.25128,-0.0031,0.0001
1791264942.1010,R,A,,-63,,,
1791264942.1013,R,B,,-71,,,
1791264942.1014,R,C,,-66,,,
1791264943.1130,O,,,,-0.25128,-0.0031,0.0001
1791264942.1731,R,A,,-66,,,
1791264942.1733,R,C,,-69,,,
1791264942.1735,R,B,,-69,,,
1791264943.1172,O,,,,-0.25128,-0.0031,0.0001
1791264942.2229,R,A,,-60,,,
1791264942.2248,R,B,,-66,,,
1791264943.1207,O,,,,-0.25128,-0.0031,0.0001
1791264942.2286,R,C,,-68,,,
1791264942.2638,R,C,,-61,,,
1791264942.2641,R,A,,-65,,,
1791264942.2643,R,B,,-89,,,
1791264943.1253,O,,,,-0.25128,-0.0031,0.0001
1791264942.3029,R,C,,-68,,,
1791264942.3032,R,B,,-67,,,
1791264942.3229,R,A,,-62,,,
1791264943.1303,O,,,,-0.25128,-0.0031,0.0001
1791264942.3519,R,B,,-67,,,
1791264942.3524,R,C,,-67,,,
1791264942.3769,R,A,,-59,,,
1791264943.1316,O,,,,-0.25128,-0.0031,0.0001
1791264942.4084,R,B,,-84,,,
1791264942.4085,R,C,,-58,,,
1791264942.4087,R,A,,-63,,,
1791264943.1330,O,,,,-0.25128,-0.0031,0.0001
1791264942.4466,R,C,,-68,,,
1791264942.4488,R,A,,-61,,,
1791264942.4492,R,B,,-66,,,
1791264943.1344,O,,,,-0.25128,-0.0031,0.0001
1791264942.5243,R,B,,-68,,,
1791264942.5271,R,A,,-60,,,
1791264943.1357,O,,,,-0.25128,-0.0031,0.0001
1791264942.5286,R,C,,-66,,,
1791264942.5562,R,C,,-58,,,
1791264942.5566,R,A,,-64,,,
1791264942.5568,R,B,,-90,,,
1791264943.1371,O,,,,-0.25128,-0.0031,0.0001
1791264942.6097,R,A,,-62,,,
1791264942.6211,R,B,,-65,,,
1791264942.6234,R,B,,-65,,,
1791264942.6270,R,A,,-61,,,
1791264943.1380,O,,,,-0.25128,-0.0031,0.0001
1791264942.6286,R,C,,-68,,,
1791264942.6701,R,A,,-62,,,
1791264942.6704,R,B,,-72,,,
1791264943.1389,O,,,,-0.25128,-0.0031,0.0001
1791264942.6792,R,C,,-69,,,
1791264942.7243,R,B,,-80,,,
1791264942.7252,R,C,,-57,,,
1791264942.7271,R,A,,-59,,,
1791264943.1399,O,,,,-0.25128,-0.0031,0.0001
1791264942.7647,R,A,,-64,,,
1791264942.7653,R,B,,-75,,,
1791264942.7654,R,C,,-63,,,
1791264943.1407,O,,,,-0.25128,-0.0031,0.0001
1791264942.8268,R,A,,-64,,,
1791264943.1417,O,,,,-0.25128,-0.0031,0.0001
1791264942.8286,R,C,,-60,,,
1791264942.8568,R,C,,-62,,,
1791264942.8706,R,B,,-73,,,
1791264942.8709,R,A,,-70,,,
1791264943.1425,O,,,,-0.25128,-0.0031,0.0001
1791264942.9046,R,A,,-65,,,
1791264942.9202,R,C,,-66,,,
1791264942.9242,R,B,,-67,,,
1791264943.1434,O,,,,-0.25128,-0.0031,0.0001
1791264942.9636,R,B,,-68,,,
1791264942.9642,R,A,,-67,,,
1791264942.9701,R,C,,-61,,,
1791264943.1442,O,,,,-0.25128,-0.0031,0.0001
1791264942.9961,R,C,,-59,,,
1791264942.9967,R,A,,-60,,,
1791264943.0243,R,B,,-71,,,
1791264943.1451,O,,,,-0.25128,-0.0031,0.0001
1791264943.0414,R,C,,-61,,,
1791264943.0441,R,B,,-71,,,
1791264943.0769,R,A,,-66,,,
1791264943.1459,O,,,,-0.25128,-0.0031,0.0001
1791264943.0874,R,C,,-67,,,
1791264943.0876,R,B,,-71,,,
1791264943.0878,R,A,,-67,,,
1791264943.1503,O,,,,-0.25128,-0.0031,0.0001
1791264943.1511,O,,,,-0.25128,-0.0031,0.0001
1791264943.1518,O,,,,-0.25128,-0.0031,0.0001
1791264943.1526,O,,,,-0.25128,-0.0031,0.0001
1791264943.1533,O,,,,-0.25128,-0.0031,0.0001
1791264943.1541,O,,,,-0.25128,-0.0031,0.0001
1791264943.1548,O,,,,-0.25128,-0.0031,0.0001
1791264943.1560,O,,,,-0.25128,-0.0031,0.0001
1791264943.1567,O,,,,-0.25128,-0.0031,0.0001
1791264943.1575,O,,,,-0.25128,-0.0031,0.0001
1791264943.1582,O,,,,-0.25128,-0.0031,0.0001
1791264943.1589,O,,,,-0.25128,-0.0031,0.0001
1791264943.1596,O,,,,-0.25128,-0.0031,0.0001
1791264943.1604,O,,,,-0.25128,-0.0031,0.0001
1791264943.1611,O,,,,-0.25128,-0.0031,0.0001
1791264943.1618,O,,,,-0.25128,-0.0031,0.0001
1791264943.1625,O,,,,-0.25128,-0.0031,0.0001
1791264943.1632,O,,,,-0.25128,-0.0031,0.0001
1791264943.1639,O,,,,-0.25128,-0.0031,0.0001
1791264943.1646,O,,,,-0.25128,-0.0031,0.0001
1791264943.1653,O,,,,-0.25128,-0.0031,0.0001
1791264943.1659,O,,,,-0.25128,-0.0031,0.0001
1791264943.1667,O,,,,-0.25128,-0.0031,0.0001
1791264943.1674,O,,,,-0.25128,-0.0031,0.0001
1791264943.1681,O,,,,-0.25128,-0.0031,0.0001
1791264943.1688,O,,,,-0.25128,-0.0031,0.0001
1791264943.1695,O,,,,-0.25128,-0.0031,0.0001
1791264943.1702,O,,,,-0.25128,-0.0031,0.0001
1791264943.1709,O,,,,-0.25128,-0.0031,0.0001
1791264943.1716,O,,,,-0.25128,-0.0031,0.0001
1791264943.1723,O,,,,-0.25128,-0.0031,0.0001
1791264943.1730,O,,,,-0.25128,-0.0031,0.0001
1791264943.1734,R,B,,-69,,,
1791264943.1767,R,A,,-64,,,
1791264943.2021,O,,,,-0.25128,-0.0031,0.0001
1791264943.2032,O,,,,-0.25128,-0.0031,0.0001
1791264943.2039,O,,,,-0.25128,-0.0031,0.0001
1791264943.2046,O,,,,-0.25128,-0.0031,0.0001
1791264943.1786,R,C,,-62,,,
1791264943.1859,R,B,,-71,,,
1791264943.1861,R,A,,-68,,,
1791264943.2243,R,B,,-70,,,
1791264943.2776,O,,,,-0.25128,-0.0031,0.0001
1791264943.2786,O,,,,-0.25128,-0.0031,0.0001
1791264943.2288,R,A,,-70,,,
1791264943.2292,R,C,,-76,,,
1791264943.2756,R,B,,-72,,,
1791264943.2796,O,,,,-0.25128,-0.0031,0.0001
1791264943.2804,O,,,,-0.25128,-0.0031,0.0001
1791264943.2791,R,C,,-65,,,
1791264943.3103,R,B,,-71,,,
1791264943.3106,R,A,,-70,,,
1791264943.3106,R,C,,-72,,,
1791264943.3567,O,,,,-0.25128,-0.0031,0.0001
1791264943.3579,O,,,,-0.25128,-0.0031,0.0001
1791264943.3587,O,,,,-0.24863,-0.0036,0.0002
1791264943.3595,O,,,,-0.24598,-0.0041,0.0003
1791264943.3627,R,A,,-69,,,
1791264943.3628,R,C,,-63,,,
1791264943.3745,R,B,,-73,,,
1791264943.4033,R,C,,-59,,,
1791264943.4037,R,A,,-70,,,
1791264943.4038,R,B,,-75,,,
1791264943.4316,O,,,,-0.24201,-0.0044,0.0004
1791264943.4326,O,,,,-0.23804,-0.0046,0.0005
1791264943.4333,O,,,,-0.23407,-0.0049,0.0005
1791264943.4498,R,C,,-54,,,
1791264943.4506,R,B,,-73,,,
1791264943.5068,O,,,,-0.22745,-0.0051,0.0006
1791264943.5079,O,,,,-0.22216,-0.0056,0.0007
1791264943.5087,O,,,,-0.21554,-0.0059,0.0008
1791264943.5095,O,,,,-0.20760,-0.0059,0.0008
1791264943.4788,R,A,,-67,,,
1791264943.4993,R,B,,-73,,,
1791264943.4997,R,C,,-62,,,
1791264943.4997,R,A,,-70,,,
1791264943.5504,R,B,,-69,,,
1791264943.5506,R,A,,-72,,,
1791264943.5508,R,C,,-59,,,
1791264943.5817,O,,,,-0.19965,-0.0064,0.0009
1791264943.5827,O,,,,-0.19039,-0.0067,0.0009
1791264943.5835,O,,,,-0.17980,-0.0067,0.0009
1791264943.5843,O,,,,-0.16789,-0.0069,0.0010
1791264943.5849,R,B,,-70,,,
1791264943.6038,R,C,,-58,,,
1791264943.6039,R,A,,-72,,,
1791264943.6622,O,,,,-0.15730,-0.0069,0.0010
1791264943.6634,O,,,,-0.14406,-0.0075,0.0010
1791264943.6642,O,,,,-0.13082,-0.0075,0.0010
1791264943.6650,O,,,,-0.11626,-0.0077,0.0011
1791264943.6706,R,B,,-81,,,
1791264943.6716,R,A,,-76,,,
1791264943.6732,R,B,,-78,,,
1791264943.6749,R,A,,-84,,,
1791264943.6785,R,C,,-60,,,
1791264943.7204,R,B,,-85,,,
1791264943.7207,R,A,,-87,,,
1791264943.7371,O,,,,-0.10038,-0.0077,0.0011
1791264943.7382,O,,,,-0.08582,-0.0080,0.0011
1791264943.7391,O,,,,-0.06994,-0.0080,0.0011
1791264943.7400,O,,,,-0.05405,-0.0080,0.0011
1791264943.7754,R,B,,-72,,,
1791264943.7768,R,A,,-71,,,
1791264943.8162,O,,,,-0.03817,-0.0080,0.0011
1791264943.8173,O,,,,-0.02096,-0.0083,0.0011
1791264943.8182,O,,,,-0.00508,-0.0083,0.0011
1791264943.8190,O,,,,0.01081,-0.0083,0.0011
1791264943.7793,R,C,,-91,,,
1791264943.8103,R,A,,-78,,,
1791264943.8104,R,C,,-64,,,
1791264943.8106,R,B,,-72,,,
1791264943.8557,R,C,,-62,,,
1791264943.8747,R,B,,-79,,,
1791264943.8771,R,A,,-80,,,
1791264943.9004,O,,,,0.02669,-0.0083,0.0011
1791264943.9014,O,,,,0.04390,-0.0085,0.0011
1791264943.9022,O,,,,0.05978,-0.0085,0.0011
1791264943.9029,O,,,,0.07567,-0.0085,0.0011
1791264943.9167,R,A,,-87,,,
1791264943.9169,R,B,,-67,,,
1791264943.9171,R,C,,-74,,,
1791264943.9715,O,,,,0.09420,-0.0085,0.0011
1791264943.9725,O,,,,0.11008,-0.0085,0.0011
1791264943.9733,O,,,,0.12597,-0.0085,0.0011
1791264943.9791,R,A,,-78,,,
1791264943.9964,R,B,,-67,,,
1791264943.9967,R,C,,-64,,,
1791264943.9969,R,A,,-77,,,
1791264944.0415,O,,,,0.14317,-0.0088,0.0011
1791264944.0425,O,,,,0.16038,-0.0085,0.0011
1791264944.0435,O,,,,0.17626,-0.0085,0.0011
1791264944.0443,O,,,,0.19215,-0.0085,0.0011
1791264944.0748,R,B,,-70,,,
1791264944.0771,R,A,,-73,,,
1791264944.1223,O,,,,0.21068,-0.0085,0.0011
1791264944.1235,O,,,,0.22524,-0.0088,0.0010
1791264944.1244,O,,,,0.24245,-0.0085,0.0011
1791264944.1251,O,,,,0.25833,-0.0085,0.0011
1791264944.0787,R,C,,-60,,,
1791264944.0993,R,C,,-62,,,
1791264944.1968,O,,,,0.27421,-0.0085,0.0011
1791264944.1979,O,,,,0.29275,-0.0085,0.0011
1791264944.1986,O,,,,0.30863,-0.0085,0.0011
1791264944.1994,O,,,,0.32451,-0.0085,0.0011
1791264944.1947,R,B,,-64,,,
1791264944.2774,O,,,,0.34305,-0.0085,0.0011
1791264944.2785,O,,,,0.35893,-0.0085,0.0011
1791264944.2288,R,C,,-66,,,
1791264944.2289,R,A,,-72,,,
1791264944.2390,R,C,,-71,,,
1791264944.2391,R,B,,-69,,,
1791264944.2394,R,A,,-70,,,
1791264944.2762,R,C,,-66,,,
1791264944.2767,R,A,,-65,,,
1791264944.2796,O,,,,0.37481,-0.0085,0.0011
1791264944.2803,O,,,,0.39334,-0.0085,0.0011
1791264944.3244,R,B,,-73,,,
1791264944.3270,R,A,,-63,,,
1791264944.3519,O,,,,0.40923,-0.0085,0.0011
1791264944.3528,O,,,,0.42511,-0.0085,0.0011
1791264944.3536,O,,,,0.44364,-0.0085,0.0011
1791264944.3544,O,,,,0.45953,-0.0085,0.0011
1791264944.3285,R,C,,-65,,,
1791264944.3698,R,C,,-67,,,
1791264944.3700,R,B,,-64,,,
1791264944.3702,R,A,,-68,,,
1791264944.4224,O,,,,0.47541,-0.0085,0.0011
1791264944.4237,O,,,,0.49394,-0.0085,0.0011
1791264944.4250,O,,,,0.50983,-0.0085,0.0011
1791264944.4176,R,A,,-66,,,
1791264944.4178,R,B,,-70,,,
1791264944.4287,R,C,,-71,,,
1791264944.4615,R,A,,-66,,,
1791264944.5011,O,,,,0.52571,-0.0085,0.0011
1791264944.5023,O,,,,0.54292,-0.0083,0.0012
1791264944.5031,O,,,,0.56013,-0.0085,0.0011
1791264944.5039,O,,,,0.57601,-0.0085,0.0011
1791264944.4785,R,C,,-68,,,
1791264944.5115,R,B,,-63,,,
1791264944.5116,R,C,,-58,,,
1791264944.5288,R,A,,-69,,,
1791264944.5506,R,B,,-67,,,
1791264944.5508,R,A,,-67,,,
1791264944.5511,R,C,,-64,,,
1791264944.5815,O,,,,0.59189,-0.0085,0.0011
1791264944.5824,O,,,,0.60910,-0.0087,0.0010
1791264944.5832,O,,,,0.62631,-0.0085,0.0011
1791264944.5840,O,,,,0.64219,-0.0085,0.0011
1791264944.5994,R,B,,-72,,,
1791264944.6574,O,,,,0.66072,-0.0085,0.0011
1791264944.6585,O,,,,0.67661,-0.0085,0.0011
1791264944.6593,O,,,,0.69249,-0.0085,0.0011
1791264944.6601,O,,,,0.70837,-0.0085,0.0011
1791264944.6288,R,A,,-63,,,
1791264944.6289,R,C,,-65,,,
1791264944.6447,R,C,,-70,,,
1791264944.6449,R,B,,-67,,,
1791264944.6519,R,A,,-67,,,
1791264944.7098,R,A,,-64,,,
1791264944.7243,R,B,,-81,,,
1791264944.7374,O,,,,0.72558,-0.0087,0.0009
1791264944.7386,O,,,,0.74279,-0.0085,0.0011
1791264944.7394,O,,,,0.75867,-0.0085,0.0011
1791264944.7402,O,,,,0.77456,-0.0085,0.0011
1791264944.7292,R,C,,-66,,,
1791264944.7452,R,C,,-67,,,
1791264944.7683,R,A,,-63,,,
1791264944.8121,O,,,,0.79177,-0.0083,0.0013
1791264944.8132,O,,,,0.80765,-0.0083,0.0013
1791264944.8140,O,,,,0.82618,-0.0083,0.0013
1791264944.8147,O,,,,0.84206,-0.0083,0.0013
1791264944.7790,R,C,,-65,,,
1791264944.7989,R,B,,-65,,,
1791264944.8248,R,B,,-64,,,
1791264944.8270,R,A,,-63,,,
1791264944.8292,R,C,,-72,,,
1791264944.8714,R,A,,-61,,,
1791264944.8715,R,B,,-73,,,
1791264944.8770,R,C,,-86,,,
1791264944.8812,O,,,,0.85927,-0.0085,0.0011
1791264944.8820,O,,,,0.87648,-0.0083,0.0013
1791264944.8828,O,,,,0.89236,-0.0083,0.0013
1791264944.9249,R,C,,-67,,,
1791264944.9253,R,A,,-60,,,
1791264944.9254,R,B,,-75,,,
1791264944.9678,O,,,,0.90957,-0.0085,0.0011
1791264944.9690,O,,,,0.92545,-0.0085,0.0011
1791264944.9736,O,,,,0.94266,-0.0084,0.0013
1791264944.9744,O,,,,0.95987,-0.0085,0.0011
1791264944.9657,R,C,,-65,,,
1791264944.9751,R,A,,-60,,,
1791264944.9752,R,B,,-69,,,
1791264945.0057,R,C,,-85,,,
1791264945.0059,R,B,,-71,,,
1791264945.0061,R,A,,-60,,,
1791264945.0417,O,,,,0.97575,-0.0085,0.0011
1791264945.0425,O,,,,0.99164,-0.0085,0.0011
1791264945.0434,O,,,,1.00884,-0.0084,0.0013
1791264945.0442,O,,,,1.02605,-0.0085,0.0011
1791264945.0717,R,B,,-69,,,
1791264945.0771,R,A,,-57,,,
1791264945.1162,O,,,,1.04326,-0.0084,0.0013
1791264945.1174,O,,,,1.05914,-0.0084,0.0013
1791264945.1182,O,,,,1.07635,-0.0085,0.0011
1791264945.1190,O,,,,1.09224,-0.0085,0.0011
1791264945.0786,R,C,,-68,,,
1791264945.1001,R,C,,-67,,,
1791264945.1003,R,A,,-62,,,
1791264945.1005,R,B,,-71,,,
1791264945.1468,R,C,,-62,,,
1791264945.1473,R,B,,-68,,,
1791264945.1968,O,,,,1.10944,-0.0084,0.0013
1791264945.1979,O,,,,1.12533,-0.0084,0.0013
1791264945.1987,O,,,,1.14253,-0.0085,0.0011
1791264945.1995,O,,,,1.15842,-0.0083,0.0016
1791264945.1786,R,A,,-61,,,
1791264945.1919,R,B,,-66,,,
1791264945.1927,R,C,,-57,,,
1791264945.1930,R,A,,-62,,,
1791264945.2716,O,,,,1.17430,-0.0083,0.0016
1791264945.2767,O,,,,1.19019,-0.0081,0.0021
1791264945.2775,O,,,,1.20607,-0.0081,0.0021
1791264945.2785,O,,,,1.21931,-0.0079,0.0025
1791264945.2652,R,B,,-69,,,
1791264945.2655,R,C,,-59,,,
1791264945.2769,R,A,,-67,,,
1791264945.2930,R,B,,-73,,,
1791264945.3261,R,A,,-68,,,
1791264945.3516,O,,,,1.23387,-0.0078,0.0028
1791264945.3525,O,,,,1.24710,-0.0076,0.0033
1791264945.3532,O,,,,1.26034,-0.0075,0.0038
1791264945.3539,O,,,,1.27093,-0.0073,0.0043
1791264945.3286,R,C,,-68,,,
1791264945.4222,O,,,,1.28417,-0.0071,0.0048
1791264945.4233,O,,,,1.29476,-0.0069,0.0058
1791264945.4241,O,,,,1.30534,-0.0067,0.0063
1791264945.4155,R,C,,-58,,,
1791264945.4157,R,B,,-82,,,
1791264945.4158,R,A,,-66,,,
1791264945.4629,R,C,,-65,,,
1791264945.4630,R,B,,-80,,,
1791264945.4769,R,A,,-69,,,
1791264945.5013,O,,,,1.31593,-0.0064,0.0074
1791264945.5022,O,,,,1.32652,-0.0062,0.0084
1791264945.5030,O,,,,1.33579,-0.0060,0.0092
1791264945.5037,O,,,,1.34505,-0.0057,0.0104
1791264945.5128,R,A,,-67,,,
1791264945.5135,R,C,,-62,,,
1791264945.5246,R,B,,-68,,,
1791264945.5779,O,,,,1.35300,-0.0055,0.0115
1791264945.5793,O,,,,1.36226,-0.0052,0.0128
1791264945.5537,R,B,,-65,,,
1791264945.5539,R,C,,-58,,,
1791264945.5769,R,A,,-62,,,
1791264945.5802,O,,,,1.37153,-0.0049,0.0141
1791264945.5813,O,,,,1.38079,-0.0047,0.0154
1791264945.5983,R,B,,-67,,,
1791264945.5984,R,C,,-64,,,
1791264945.6097,R,A,,-65,,,
1791264945.6614,O,,,,1.38873,-0.0044,0.0169
1791264945.6624,O,,,,1.39800,-0.0041,0.0182
1791264945.6632,O,,,,1.40594,-0.0039,0.0198
1791264945.6639,O,,,,1.41388,-0.0036,0.0214
1791264945.6492,R,B,,-63,,,
1791264945.6589,R,C,,-63,,,
1791264945.6707,R,A,,-64,,,
1791264945.7141,R,C,,-57,,,
1791264945.7144,R,A,,-59,,,
1791264945.7145,R,B,,-59,,,
1791264945.7312,O,,,,1.42183,-0.0034,0.0229
1791264945.7320,O,,,,1.42977,-0.0031,0.0245
1791264945.7328,O,,,,1.43771,-0.0029,0.0261
1791264945.7335,O,,,,1.44698,-0.0027,0.0279
1791264945.7516,R,C,,-67,,,
1791264945.7518,R,B,,-62,,,
1791264945.7520,R,A,,-62,,,
1791264945.8120,O,,,,1.45624,-0.0025,0.0298
1791264945.8131,O,,,,1.46551,-0.0023,0.0316
1791264945.8139,O,,,,1.47477,-0.0021,0.0334
1791264945.8147,O,,,,1.48404,-0.0019,0.0353
1791264945.8182,R,A,,-63,,,
1791264945.8185,R,C,,-65,,,
1791264945.8244,R,B,,-63,,,
1791264945.8489,R,B,,-68,,,
1791264945.8746,R,B,,-82,,,
1791264945.8814,O,,,,1.49330,-0.0017,0.0371
1791264945.8823,O,,,,1.49992,-0.0016,0.0395
1791264945.8831,O,,,,1.50654,-0.0014,0.0419
1791264945.8786,R,A,,-60,,,
1791264945.8787,R,C,,-58,,,
1791264945.9080,R,C,,-65,,,
1791264945.9084,R,A,,-62,,,
1791264945.9208,R,B,,-64,,,
1791264945.9567,O,,,,1.51051,-0.0012,0.0448
1791264945.9578,O,,,,1.51316,-0.0010,0.0480
1791264945.9586,O,,,,1.51448,-0.0009,0.0509
1791264945.9594,O,,,,1.51581,-0.0007,0.0543
1791264945.9743,R,B,,-68,,,
1791264945.9769,R,A,,-60,,,
1791264945.9789,R,C,,-64,,,
1791264946.0235,R,A,,-61,,,
1791264946.0237,R,C,,-61,,,
1791264946.0239,R,B,,-64,,,
1791264946.0364,O,,,,1.51581,-0.0005,0.0580
1791264946.0374,O,,,,1.51581,-0.0003,0.0617
1791264946.0382,O,,,,1.51581,-0.0001,0.0654
1791264946.0389,O,,,,1.51448,0.0002,0.0694
1791264946.0442,R,B,,-70,,,
1791264946.0521,R,C,,-61,,,
1791264946.0523,R,A,,-67,,,
1791264946.1174,O,,,,1.51448,0.0004,0.0736
1791264946.1184,O,,,,1.51183,0.0006,0.0773
1791264946.1192,O,,,,1.50919,0.0009,0.0815
1791264946.1200,O,,,,1.50654,0.0011,0.0858
1791264946.1244,R,B,,-83,,,
1791264946.1247,R,C,,-66,,,
1791264946.1259,R,A,,-68,,,
1791264946.1414,R,B,,-64,,,
1791264946.1772,R,A,,-65,,,
1791264946.1972,O,,,,1.50125,0.0014,0.0900
1791264946.1982,O,,,,1.49727,0.0017,0.0940
1791264946.1990,O,,,,1.49198,0.0020,0.0982
1791264946.1998,O,,,,1.48801,0.0023,0.1021
1791264946.1787,R,C,,-66,,,
1791264946.1798,R,B,,-71,,,
1791264946.2268,R,C,,-64,,,
1791264946.2722,O,,,,1.48271,0.0027,0.1064
1791264946.2732,O,,,,1.47874,0.0031,0.1108
1791264946.2742,O,,,,1.47345,0.0035,0.1151
1791264946.2750,O,,,,1.46815,0.0039,0.1193
1791264946.2284,R,A,,-63,,,
1791264946.2685,R,B,,-73,,,
1791264946.2790,R,A,,-63,,,
1791264946.2792,R,C,,-56,,,
1791264946.3185,R,C,,-63,,,
1791264946.3189,R,B,,-64,,,
1791264946.3474,O,,,,1.46286,0.0044,0.1235
1791264946.3485,O,,,,1.45756,0.0048,0.1277
1791264946.3494,O,,,,1.45227,0.0053,0.1319
1791264946.3502,O,,,,1.44830,0.0058,0.1358
1791264946.3286,R,A,,-65,,,
1791264946.3623,R,B,,-72,,,
1791264946.3734,R,C,,-64,,,
1791264946.3736,R,A,,-63,,,
1791264946.4164,O,,,,1.44565,0.0063,0.1400
1791264946.4173,O,,,,1.44168,0.0068,0.1440
1791264946.4181,O,,,,1.43771,0.0074,0.1484
1791264946.4201,R,A,,-63,,,
1791264946.4202,R,C,,-61,,,
1791264946.4204,R,B,,-67,,,
1791264946.4548,R,A,,-71,,,
1791264946.4551,R,C,,-66,,,
1791264946.4650,R,B,,-86,,,
1791264946.4962,O,,,,1.43374,0.0080,0.1524
1791264946.4972,O,,,,1.43109,0.0085,0.1566
1791264946.4984,O,,,,1.42712,0.0091,0.1605
1791264946.4992,O,,,,1.42447,0.0097,0.1647
1791264946.4974,R,B,,-71,,,
1791264946.4976,R,C,,-70,,,
1791264946.5765,O,,,,1.42183,0.0103,0.1689
1791264946.5775,O,,,,1.41918,0.0110,0.1731
1791264946.5784,O,,,,1.41786,0.0116,0.1770
1791264946.5284,R,A,,-70,,,
1791264946.5465,R,C,,-70,,,
1791264946.5469,R,B,,-75,,,
1791264946.5771,R,A,,-72,,,
1791264946.5793,O,,,,1.41388,0.0122,0.1809
1791264946.5958,R,C,,-69,,,
1791264946.5962,R,B,,-76,,,
1791264946.6225,R,A,,-72,,,
1791264946.6557,O,,,,1.41124,0.0128,0.1851
1791264946.6571,O,,,,1.40991,0.0135,0.1890
1791264946.6582,O,,,,1.40727,0.0142,0.1932
1791264946.6594,O,,,,1.40462,0.0149,0.1974
1791264946.6367,R,B,,-85,,,
1791264946.6446,R,A,,-82,,,
1791264946.6448,R,C,,-79,,,
1791264946.6787,R,C,,-76,,,
1791264946.6900,R,B,,-75,,,
1791264946.7262,R,C,,-73,,,
1791264946.7298,O,,,,1.40065,0.0155,0.2013
1791264946.7305,O,,,,1.39932,0.0162,0.2052
1791264946.7310,O,,,,1.39668,0.0169,0.2094
1791264946.7315,O,,,,1.39535,0.0176,0.2133
1791264946.7282,R,A,,-76,,,
1791264946.7764,R,C,,-63,,,
1791264946.7770,R,A,,-76,,,
1791264946.8069,O,,,,1.39403,0.0183,0.2172
1791264946.8080,O,,,,1.39403,0.0191,0.2214
1791264946.8088,O,,,,1.39271,0.0198,0.2253
1791264946.8096,O,,,,1.39138,0.0204,0.2287
1791264946.8179,R,C,,-74,,,
1791264946.8244,R,B,,-78,,,
1791264946.8271,R,A,,-70,,,
1791264946.8773,O,,,,1.39006,0.0211,0.2326
1791264946.8785,O,,,,1.38873,0.0218,0.2365
1791264946.8677,R,A,,-70,,,
1791264946.8683,R,B,,-79,,,
1791264946.8685,R,C,,-66,,,
1791264946.8798,O,,,,1.39006,0.0224,0.2399
1791264946.9122,R,C,,-67,,,
1791264946.9123,R,B,,-76,,,
1791264946.9568,O,,,,1.38873,0.0230,0.2432
1791264946.9578,O,,,,1.38873,0.0237,0.2469
1791264946.9586,O,,,,1.38873,0.0244,0.2505
1791264946.9594,O,,,,1.38873,0.0250,0.2537
1791264946.9289,R,A,,-75,,,
1791264946.9668,R,C,,-70,,,
1791264946.9671,R,A,,-72,,,
1791264946.9694,R,B,,-86,,,
1791264946.9961,R,C,,-76,,,
1791264947.0243,R,B,,-76,,,
1791264947.0271,R,A,,-73,,,
1791264947.0363,O,,,,1.39006,0.0256,0.2570
1791264947.0373,O,,,,1.39138,0.0261,0.2599
1791264947.0381,O,,,,1.39403,0.0267,0.2630
1791264947.0389,O,,,,1.39668,0.0272,0.2662
1791264947.0753,R,B,,-87,,,
1791264947.1119,O,,,,1.39932,0.0278,0.2693
1791264947.1129,O,,,,1.40197,0.0283,0.2724
1791264947.1136,O,,,,1.40594,0.0288,0.2753
1791264947.1144,O,,,,1.40859,0.0292,0.2779
1791264947.0787,R,C,,-64,,,
1791264947.0790,R,A,,-81,,,
1791264947.0791,R,B,,-90,,,
1791264947.1292,R,C,,-68,,,
1791264947.1294,R,A,,-77,,,
1791264947.1667,R,C,,-64,,,
1791264947.1670,R,A,,-69,,,
1791264947.1744,R,B,,-86,,,
1791264947.1924,O,,,,1.41388,0.0296,0.2805
1791264947.1933,O,,,,1.41786,0.0301,0.2834
1791264947.1941,O,,,,1.42183,0.0304,0.2858
1791264947.1948,O,,,,1.42580,0.0308,0.2881
1791264947.2104,R,A,,-75,,,
1791264947.2250,R,B,,-75,,,
1791264947.2669,O,,,,1.43109,0.0312,0.2907
1791264947.2679,O,,,,1.43506,0.0315,0.2931
1791264947.2687,O,,,,1.44168,0.0318,0.2955
1791264947.2695,O,,,,1.44698,0.0321,0.2976
1791264947.2288,R,C,,-60,,,
1791264947.2531,R,B,,-77,,,
1791264947.2562,R,A,,-70,,,
1791264947.2564,R,C,,-66,,,
1791264947.2985,R,B,,-77,,,
1791264947.2988,R,A,,-70,,,
1791264947.3507,O,,,,1.45227,0.0323,0.2997
1791264947.3515,O,,,,1.45756,0.0326,0.3018
1791264947.3524,O,,,,1.46418,0.0328,0.3036
1791264947.3532,O,,,,1.46948,0.0330,0.3057
1791264947.3291,R,C,,-54,,,
1791264947.3746,R,B,,-77,,,
1791264947.4169,O,,,,1.47742,0.0332,0.3078
1791264947.4180,O,,,,1.48536,0.0334,0.3099
1791264947.4188,O,,,,1.49198,0.0336,0.3118
1791264947.3784,R,A,,-70,,,
1791264947.3793,R,C,,-55,,,
1791264947.3955,R,B,,-79,,,
1791264947.3958,R,A,,-87,,,
1791264947.3959,R,C,,-64,,,
1791264947.4232,R,A,,-77,,,
1791264947.4243,R,B,,-86,,,
1791264947.4287,R,C,,-64,,,
1791264947.4750,R,B,,-67,,,
1791264947.4754,R,C,,-57,,,
1791264947.4999,O,,,,1.50125,0.0337,0.3136
1791264947.5009,O,,,,1.50919,0.0338,0.3157
1791264947.5017,O,,,,1.51845,0.0339,0.3176
1791264947.5029,O,,,,1.52772,0.0340,0.3194
1791264947.4791,R,A,,-66,,,
1791264947.5163,R,C,,-58,,,
1791264947.5250,R,B,,-79,,,
1791264947.5719,O,,,,1.53698,0.0341,0.3213
1791264947.5732,O,,,,1.54625,0.0341,0.3231
1791264947.5740,O,,,,1.55552,0.0342,0.3250
1791264947.5747,O,,,,1.56346,0.0342,0.3271
1791264947.5285,R,A,,-65,,,
1791264947.5632,R,B,,-79,,,
1791264947.5785,R,A,,-63,,,
1791264947.5787,R,C,,-64,,,
1791264947.6120,R,B,,-65,,,
1791264947.6122,R,A,,-63,,,
1791264947.6124,R,C,,-68,,,
1791264947.6475,O,,,,1.57140,0.0342,0.3287
1791264947.6485,O,,,,1.58067,0.0342,0.3306
1791264947.6548,O,,,,1.58861,0.0342,0.3321
1791264947.6556,O,,,,1.59787,0.0341,0.3340
1791264947.6748,R,B,,-65,,,
1791264947.7273,O,,,,1.60581,0.0341,0.3356
1791264947.7284,O,,,,1.61376,0.0340,0.3372
1791264947.6787,R,A,,-63,,,
1791264947.6788,R,C,,-64,,,
1791264947.6987,R,B,,-85,,,
1791264947.6989,R,A,,-60,,,
1791264947.7141,R,C,,-85,,,
1791264947.7294,O,,,,1.62170,0.0340,0.3388
1791264947.7305,O,,,,1.63096,0.0339,0.3406
1791264947.7747,R,B,,-69,,,
1791264947.8069,O,,,,1.63891,0.0337,0.3422
1791264947.8079,O,,,,1.64685,0.0336,0.3438
1791264947.8086,O,,,,1.65611,0.0335,0.3456
1791264947.8096,O,,,,1.66538,0.0334,0.3469
1791264947.7788,R,C,,-65,,,
1791264947.7790,R,A,,-60,,,
1791264947.7946,R,C,,-75,,,
1791264947.8049,R,B,,-70,,,
1791264947.8053,R,A,,-61,,,
1791264947.8768,O,,,,1.67597,0.0333,0.3480
1791264947.8778,O,,,,1.68788,0.0331,0.3493
1791264947.8786,O,,,,1.70112,0.0330,0.3498
1791264947.8490,R,B,,-86,,,
1791264947.8492,R,C,,-63,,,
1791264947.8524,R,A,,-83,,,
1791264947.8853,R,A,,-64,,,
1791264947.8855,R,C,,-65,,,
1791264947.9524,O,,,,1.71435,0.0329,0.3509
1791264947.9590,O,,,,1.72891,0.0329,0.3511
1791264947.9605,O,,,,1.74348,0.0328,0.3514
1791264947.9615,O,,,,1.75936,0.0327,0.3519
1791264947.9553,R,B,,-75,,,
1791264947.9597,R,C,,-64,,,
1791264947.9605,R,A,,-65,,,
1791264947.9844,R,C,,-67,,,
1791264947.9846,R,B,,-75,,,
1791264948.0112,R,A,,-66,,,
1791264948.0338,O,,,,1.77392,0.0327,0.3522
1791264948.0349,O,,,,1.79113,0.0326,0.3524
1791264948.0357,O,,,,1.80569,0.0326,0.3527
1791264948.0364,O,,,,1.82157,0.0326,0.3527
1791264948.0343,R,C,,-60,,,
1791264948.0344,R,A,,-64,,,
1791264948.1069,O,,,,1.83745,0.0326,0.3527
1791264948.1081,O,,,,1.85334,0.0326,0.3527
1791264948.1095,O,,,,1.87187,0.0326,0.3527
1791264948.1103,O,,,,1.88775,0.0326,0.3527
1791264948.0843,R,B,,-69,,,
1791264948.1211,R,A,,-64,,,
1791264948.1240,R,A,,-63,,,
1791264948.1244,R,B,,-70,,,
1791264948.1292,R,C,,-58,,,
1791264948.1752,R,B,,-69,,,
1791264948.1869,O,,,,1.90364,0.0326,0.3527
1791264948.1879,O,,,,1.92085,0.0325,0.3530
1791264948.1887,O,,,,1.93673,0.0325,0.3530
1791264948.1894,O,,,,1.95394,0.0326,0.3527
1791264948.1785,R,A,,-70,,,
1791264948.1792,R,C,,-58,,,
1791264948.2087,R,C,,-59,,,
1791264948.2144,R,B,,-72,,,
1791264948.2145,R,A,,-62,,,
1791264948.2669,O,,,,1.96982,0.0326,0.3527
1791264948.2681,O,,,,1.98570,0.0326,0.3527
1791264948.2689,O,,,,2.00291,0.0325,0.3530
1791264948.2696,O,,,,2.01880,0.0325,0.3530
1791264948.2558,R,A,,-64,,,
1791264948.2747,R,B,,-77,,,
1791264948.2792,R,C,,-61,,,
1791264948.2968,R,C,,-62,,,
1791264948.2971,R,B,,-72,,,
1791264948.2973,R,A,,-65,,,
1791264948.3419,O,,,,2.03600,0.0326,0.3527
1791264948.3429,O,,,,2.05321,0.0325,0.3529
1791264948.3437,O,,,,2.07042,0.0323,0.3532
1791264948.3445,O,,,,2.08895,0.0323,0.3532
1791264948.3478,R,B,,-75,,,
1791264948.3482,R,C,,-65,,,
1791264948.3491,R,A,,-61,,,
1791264948.4123,O,,,,2.10616,0.0322,0.3534
1791264948.4134,O,,,,2.12469,0.0319,0.3539
1791264948.4142,O,,,,2.14190,0.0318,0.3541
1791264948.3970,R,B,,-73,,,
1791264948.4271,R,A,,-68,,,
1791264948.4287,R,C,,-59,,,
1791264948.4391,R,B,,-80,,,
1791264948.4504,R,C,,-62,,,
1791264948.4506,R,A,,-70,,,
1791264948.4913,O,,,,2.16043,0.0315,0.3545
1791264948.4923,O,,,,2.17763,0.0310,0.3552
1791264948.4932,O,,,,2.19617,0.0307,0.3556
1791264948.4939,O,,,,2.21337,0.0303,0.3563
1791264948.5045,R,B,,-70,,,
1791264948.5118,R,A,,-63,,,
1791264948.5120,R,C,,-62,,,
1791264948.5662,O,,,,2.23190,0.0296,0.3571
1791264948.5673,O,,,,2.25044,0.0290,0.3579
1791264948.5682,O,,,,2.26897,0.0280,0.3592
1791264948.5690,O,,,,2.28617,0.0271,0.3602
1791264948.5559,R,C,,-63,,,
1791264948.5564,R,B,,-75,,,
1791264948.5565,R,A,,-71,,,
1791264948.5786,R,C,,-70,,,
1791264948.6220,R,C,,-66,,,
1791264948.6221,R,A,,-61,,,
1791264948.6243,R,B,,-75,,,
1791264948.6464,O,,,,2.30471,0.0260,0.3614
1791264948.6472,O,,,,2.32191,0.0251,0.3623
1791264948.6481,O,,,,2.34044,0.0241,0.3635
1791264948.6488,O,,,,2.35765,0.0228,0.3648
1791264948.6687,R,A,,-66,,,
1791264948.7267,O,,,,2.37486,0.0214,0.3661
1791264948.7279,O,,,,2.39339,0.0199,0.3676
1791264948.7287,O,,,,2.41060,0.0185,0.3688
1791264948.6793,R,C,,-64,,,
1791264948.7108,R,C,,-64,,,
1791264948.7154,R,B,,-73,,,
1791264948.7269,R,A,,-65,,,
1791264948.7297,O,,,,2.42781,0.0167,0.3704
1791264948.7572,R,C,,-84,,,
1791264948.7576,R,B,,-82,,,
1791264948.7582,R,A,,-68,,,
1791264948.8018,O,,,,2.44634,0.0151,0.3717
1791264948.8029,O,,,,2.46354,0.0133,0.3733
1791264948.8037,O,,,,2.48208,0.0112,0.3749
1791264948.8045,O,,,,2.50061,0.0091,0.3765
1791264948.8270,R,A,,-67,,,
1791264948.8711,O,,,,2.51781,0.0067,0.3782
1791264948.8721,O,,,,2.53635,0.0046,0.3797
1791264948.8729,O,,,,2.55355,0.0022,0.3814
1791264948.8744,R,B,,-66,,,
1791264948.8764,R,C,,-80,,,
1791264948.8792,R,A,,-60,,,
1791264948.8934,R,B,,-74,,,
1791264948.8978,R,C,,-71,,,
1791264948.9010,R,A,,-67,,,
1791264948.9524,O,,,,2.57076,-0.0003,0.3830
1791264948.9534,O,,,,2.58929,-0.0030,0.3847
1791264948.9542,O,,,,2.60650,-0.0054,0.3862
1791264948.9549,O,,,,2.62371,-0.0080,0.3876
1791264948.9745,R,B,,-79,,,
1791264948.9789,R,A,,-74,,,
1791264948.9822,R,B,,-79,,,
1791264949.0312,O,,,,2.63959,-0.0107,0.3892
1791264949.0322,O,,,,2.65812,-0.0135,0.3907
1791264949.0331,O,,,,2.67401,-0.0164,0.3921
1791264949.0339,O,,,,2.68989,-0.0192,0.3936
1791264949.0286,R,A,,-83,,,
1791264949.0288,R,C,,-68,,,
1791264949.0739,R,B,,-85,,,
1791264949.1064,O,,,,2.70577,-0.0221,0.3949
1791264949.1074,O,,,,2.72166,-0.0250,0.3962
1791264949.1082,O,,,,2.73622,-0.0276,0.3974
1791264949.1090,O,,,,2.75210,-0.0306,0.3986
1791264949.0795,R,C,,-67,,,
1791264949.0873,R,B,,-68,,,
1791264949.1214,R,C,,-68,,,
1791264949.1216,R,A,,-72,,,
1791264949.1219,R,B,,-73,,,
1791264949.1651,R,C,,-62,,,
1791264949.1655,R,A,,-74,,,
1791264949.1744,R,B,,-70,,,
1791264949.1935,O,,,,2.76666,-0.0333,0.3997
1791264949.1945,O,,,,2.78255,-0.0362,0.4009
1791264949.1953,O,,,,2.79711,-0.0390,0.4019
1791264949.1961,O,,,,2.81034,-0.0415,0.4027
1791264949.2250,R,B,,-82,,,
1791264949.2272,R,A,,-76,,,
1791264949.2639,O,,,,2.82490,-0.0442,0.4037
1791264949.2651,O,,,,2.83946,-0.0470,0.4046
1791264949.2659,O,,,,2.85402,-0.0498,0.4054
1791264949.2668,O,,,,2.86726,-0.0523,0.4061
1791264949.2290,R,C,,-62,,,
1791264949.2526,R,C,,-60,,,
1791264949.2529,R,A,,-68,,,
1791264949.2530,R,B,,-72,,,
1791264949.2970,R,B,,-69,,,
1791264949.3312,O,,,,2.87785,-0.0554,0.4070
1791264949.3325,O,,,,2.88976,-0.0587,0.4079
1791264949.3333,O,,,,2.90035,-0.0618,0.4086
1791264949.3341,O,,,,2.90962,-0.0651,0.4094
1791264949.3286,R,A,,-73,,,
1791264949.3289,R,C,,-58,,,
1791264949.3441,R,A,,-66,,,
1791264949.3442,R,C,,-64,,,
1791264949.3745,R,B,,-78,,,
1791264949.4119,O,,,,2.91624,-0.0685,0.4102
1791264949.4129,O,,,,2.92418,-0.0721,0.4110
1791264949.4137,O,,,,2.93080,-0.0760,0.4119
1791264949.3925,R,B,,-66,,,
1791264949.3927,R,A,,-67,,,
1791264949.3929,R,C,,-67,,,
1791264949.4290,R,C,,-101,,,
1791264949.4498,R,B,,-67,,,
1791264949.4696,R,C,,-67,,,
1791264949.4700,R,B,,-63,,,
1791264949.4870,O,,,,2.93741,-0.0799,0.4127
1791264949.4881,O,,,,2.94139,-0.0838,0.4135
1791264949.4889,O,,,,2.94800,-0.0877,0.4143
1791264949.4897,O,,,,2.95197,-0.0916,0.4150
1791264949.4788,R,A,,-65,,,
1791264949.5138,R,C,,-60,,,
1791264949.5141,R,B,,-66,,,
1791264949.5143,R,A,,-65,,,
1791264949.5665,O,,,,2.95462,-0.0957,0.4158
1791264949.5674,O,,,,2.95992,-0.0999,0.4166
1791264949.5682,O,,,,2.96256,-0.1040,0.4174
1791264949.5689,O,,,,2.96521,-0.1077,0.4180
1791264949.5627,R,B,,-67,,,
1791264949.5772,R,A,,-63,,,
1791264949.5787,R,C,,-60,,,
1791264949.6053,R,A,,-64,,,
1791264949.6056,R,B,,-68,,,
1791264949.6087,R,C,,-67,,,
1791264949.6466,O,,,,2.96786,-0.1119,0.4188
1791264949.6479,O,,,,2.97051,-0.1160,0.4195
1791264949.6489,O,,,,2.97183,-0.1200,0.4202
1791264949.6498,O,,,,2.97448,-0.1241,0.4209
1791264949.6712,R,A,,-59,,,
1791264949.6744,R,B,,-67,,,
1791264949.6791,R,C,,-63,,,
1791264949.6976,R,B,,-68,,,
1791264949.6978,R,A,,-63,,,
1791264949.7135,R,C,,-75,,,
1791264949.7299,O,,,,2.97448,-0.1283,0.4216
1791264949.7309,O,,,,2.97580,-0.1322,0.4222
1791264949.7317,O,,,,2.97845,-0.1364,0.4229
1791264949.7326,O,,,,2.98109,-0.1406,0.4236
1791264949.7483,R,B,,-64,,,
1791264949.7772,R,A,,-65,,,
1791264949.8022,O,,,,2.98242,-0.1445,0.4242
1791264949.8033,O,,,,2.98507,-0.1487,0.4249
1791264949.8041,O,,,,2.98639,-0.1526,0.4255
1791264949.8049,O,,,,2.98904,-0.1568,0.4262
1791264949.7787,R,C,,-62,,,
1791264949.7930,R,A,,-59,,,
1791264949.7932,R,C,,-60,,,
1791264949.7935,R,B,,-66,,,
1791264949.8680,O,,,,2.99036,-0.1607,0.4268
1791264949.8690,O,,,,2.99301,-0.1649,0.4274
1791264949.8698,O,,,,2.99566,-0.1691,0.4280
1791264949.8538,R,C,,-67,,,
1791264949.8540,R,A,,-56,,,
1791264949.8606,R,B,,-61,,,
1791264949.8835,R,C,,-62,,,
1791264949.8837,R,B,,-62,,,
1791264949.8843,R,A,,-65,,,
1791264949.9473,O,,,,2.99698,-0.1730,0.4286
1791264949.9486,O,,,,2.99963,-0.1772,0.4292
1791264949.9494,O,,,,3.00227,-0.1814,0.4298
1791264949.9502,O,,,,3.00360,-0.1853,0.4303
1791264949.9751,R,C,,-78,,,
1791264950.0265,O,,,,3.00624,-0.1895,0.4309
1791264950.0275,O,,,,3.00757,-0.1935,0.4314
1791264950.0284,O,,,,3.01022,-0.1977,0.4320
1791264949.9789,R,A,,-63,,,
1791264950.0209,R,C,,-71,,,
1791264950.0245,R,B,,-64,,,
1791264950.0294,O,,,,3.01286,-0.2019,0.4326
1791264950.0285,R,A,,-63,,,
1791264950.0704,R,B,,-62,,,
1791264950.1019,O,,,,3.01551,-0.2061,0.4331
1791264950.1033,O,,,,3.01683,-0.2100,0.4336
1791264950.1043,O,,,,3.02080,-0.2140,0.4341
1791264950.1052,O,,,,3.02345,-0.2182,0.4346
1791264950.0786,R,A,,-61,,,
1791264950.0788,R,C,,-64,,,
1791264950.1228,R,B,,-65,,,
1791264950.1232,R,C,,-58,,,
1791264950.1268,R,A,,-57,,,
1791264950.1815,O,,,,3.02478,-0.2221,0.4351
1791264950.1592,R,A,,-57,,,
1791264950.1744,R,B,,-65,,,
1791264950.1827,O,,,,3.02742,-0.2263,0.4355
1791264950.1835,O,,,,3.03007,-0.2305,0.4360
1791264950.1842,O,,,,3.03139,-0.2345,0.4365
1791264950.1787,R,C,,-62,,,
1791264950.2250,R,B,,-73,,,
1791264950.2646,O,,,,3.03404,-0.2387,0.4369
1791264950.2657,O,,,,3.03669,-0.2429,0.4374
1791264950.2665,O,,,,3.03934,-0.2471,0.4378
1791264950.2673,O,,,,3.04066,-0.2511,0.4382
1791264950.2285,R,A,,-62,,,
1791264950.2292,R,C,,-63,,,
1791264950.2515,R,C,,-69,,,
1791264950.2517,R,B,,-70,,,
1791264950.2790,R,A,,-64,,,
1791264950.3004,R,B,,-71,,,
1791264950.3013,R,C,,-66,,,
1791264950.3015,R,A,,-61,,,
1791264950.3304,O,,,,3.04331,-0.2553,0.4386
1791264950.3313,O,,,,3.04595,-0.2595,0.4390
1791264950.3321,O,,,,3.04860,-0.2632,0.4394
1791264950.3474,R,A,,-68,,,
1791264950.3475,R,C,,-64,,,
1791264950.3743,R,B,,-69,,,
1791264950.4068,O,,,,3.05125,-0.2674,0.4398
1791264950.4079,O,,,,3.05390,-0.2716,0.4402
1791264950.4087,O,,,,3.05522,-0.2756,0.4405
1791264950.4095,O,,,,3.05787,-0.2798,0.4409
1791264950.3894,R,C,,-78,,,
1791264950.3899,R,B,,-66,,,
1791264950.4224,R,A,,-65,,,
1791264950.4343,R,B,,-63,,,
1791264950.4348,R,C,,-70,,,
1791264950.4353,R,A,,-62,,,
1791264950.4749,R,C,,-71,,,
1791264950.4752,R,A,,-63,,,
1791264950.4753,R,B,,-66,,,
1791264950.4875,O,,,,3.05919,-0.2837,0.4412
1791264950.4885,O,,,,3.05919,-0.2880,0.4415
1791264950.4893,O,,,,3.06051,-0.2919,0.4419
1791264950.4904,O,,,,3.06051,-0.2961,0.4422
1791264950.5253,R,B,,-68,,,
1791264950.5616,O,,,,3.06184,-0.3006,0.4426
1791264950.5627,O,,,,3.06316,-0.3046,0.4429
1791264950.5635,O,,,,3.06316,-0.3088,0.4432
1791264950.5644,O,,,,3.06184,-0.3128,0.4435
1791264950.5292,R,A,,-65,,,
1791264950.5294,R,C,,-68,,,
1791264950.5677,R,C,,-72,,,
1791264950.5680,R,B,,-64,,,
1791264950.5681,R,A,,-60,,,
1791264950.6245,R,B,,-61,,,
1791264950.6272,R,A,,-61,,,
1791264950.6414,O,,,,3.06316,-0.3167,0.4438
1791264950.6424,O,,,,3.06316,-0.3210,0.4442
1791264950.6434,O,,,,3.06316,-0.3252,0.4445
1791264950.6443,O,,,,3.06316,-0.3294,0.4448
1791264950.6287,R,C,,-69,,,
1791264950.6610,R,C,,-67,,,
1791264950.6753,R,B,,-69,,,
1791264950.7217,O,,,,3.06449,-0.3334,0.4451
1791264950.7228,O,,,,3.06449,-0.3376,0.4455
1791264950.7236,O,,,,3.06581,-0.3415,0.4458
1791264950.7244,O,,,,3.06713,-0.3455,0.4461
1791264950.6785,R,A,,-63,,,
1791264950.7076,R,C,,-63,,,
1791264950.7078,R,A,,-61,,,
1791264950.7081,R,B,,-63,,,
1791264950.7471,R,B,,-60,,,
1791264950.7473,R,A,,-63,,,
1791264950.7475,R,C,,-68,,,
1791264950.7983,O,,,,3.06846,-0.3495,0.4464
1791264950.7993,O,,,,3.07110,-0.3537,0.4467
1791264950.8001,O,,,,3.07110,-0.3579,0.4470
1791264950.8008,O,,,,3.07375,-0.3621,0.4473
1791264950.7878,R,C,,-64,,,
1791264950.8089,R,B,,-62,,,
1791264950.8092,R,A,,-61,,,
1791264950.8662,O,,,,3.07507,-0.3661,0.4475
1791264950.8671,O,,,,3.07772,-0.3703,0.4478
1791264950.8678,O,,,,3.08037,-0.3746,0.4481
1791264950.8287,R,C,,-61,,,
1791264950.8790,R,A,,-56,,,
1791264950.8793,R,C,,-60,,,
1791264950.9244,R,B,,-55,,,
1791264950.9526,O,,,,3.08169,-0.3785,0.4483
1791264950.9535,O,,,,3.08434,-0.3827,0.4486
1791264950.9543,O,,,,3.08699,-0.3870,0.4488
1791264950.9551,O,,,,3.08963,-0.3912,0.4490
1791264950.9284,R,A,,-55,,,
1791264950.9293,R,C,,-61,,,
1791264950.9704,R,A,,-57,,,
1791264950.9710,R,C,,-62,,,
1791264950.9750,R,B,,-61,,,
1791264951.0213,O,,,,3.09096,-0.3952,0.4492
1791264951.0223,O,,,,3.09361,-0.3994,0.4494
1791264951.0231,O,,,,3.09625,-0.4031,0.4496
1791264951.0239,O,,,,3.09890,-0.4073,0.4498
1791264951.0193,R,B,,-62,,,
1791264951.0196,R,A,,-57,,,
1791264951.0287,R,C,,-56,,,
1791264951.0646,R,C,,-56,,,
1791264951.0739,R,A,,-56,,,
1791264951.0740,R,B,,-60,,,
1791264951.1015,O,,,,3.09890,-0.4116,0.4500
1791264951.1024,O,,,,3.10155,-0.4153,0.4501
1791264951.1033,O,,,,3.10287,-0.4192,0.4503
1791264951.1042,O,,,,3.10287,-0.4229,0.4504
1791264951.1156,R,C,,-68,,,
1791264951.1243,R,B,,-64,,,
1791264951.1284,R,A,,-65,,,
1791264951.1557,R,C,,-62,,,
1791264951.1623,R,B,,-71,,,
1791264951.1626,R,A,,-68,,,
1791264951.1811,O,,,,3.10552,-0.4266,0.4506
1791264951.1821,O,,,,3.10684,-0.4306,0.4507
1791264951.1832,O,,,,3.10817,-0.4340,0.4508
1791264951.1841,O,,,,3.10949,-0.4380,0.4509
1791264951.2601,O,,,,3.11214,-0.4417,0.4511
1791264951.2613,O,,,,3.11346,-0.4457,0.4512
1791264951.2621,O,,,,3.11611,-0.4494,0.4513
1791264951.2629,O,,,,3.11743,-0.4534,0.4514
1791264951.2414,R,B,,-58,,,
1791264951.2496,R,C,,-58,,,
1791264951.2773,R,A,,-58,,,
1791264951.3265,O,,,,3.12008,-0.4576,0.4515
1791264951.3274,O,,,,3.12140,-0.4616,0.4516
1791264951.3282,O,,,,3.12405,-0.4658,0.4516
1791264951.2823,R,B,,-62,,,
1791264951.2825,R,A,,-55,,,
1791264951.3285,R,C,,-57,,,
1791264951.3491,R,B,,-59,,,
1791264951.4022,O,,,,3.12537,-0.4698,0.4517
1791264951.4033,O,,,,3.12670,-0.4737,0.4518
1791264951.4041,O,,,,3.12802,-0.4782,0.4518
1791264951.4048,O,,,,3.12934,-0.4822,0.4519
1791264951.3784,R,C,,-62,,,
1791264951.3851,R,B,,-63,,,
1791264951.4204,R,B,,-62,,,
1791264951.4283,R,A,,-61,,,
1791264951.4287,R,C,,-63,,,
1791264951.4614,R,B,,-62,,,
1791264951.4615,R,C,,-60,,,
1791264951.4618,R,A,,-56,,,
1791264951.4811,O,,,,3.12934,-0.4865,0.4519
1791264951.4821,O,,,,3.13067,-0.4904,0.4520
1791264951.4829,O,,,,3.13067,-0.4947,0.4520
1791264951.4837,O,,,,3.13067,-0.4989,0.4521
1791264951.5613,O,,,,3.13199,-0.5029,0.4521
1791264951.5623,O,,,,3.13199,-0.5071,0.4521
1791264951.5632,O,,,,3.13199,-0.5113,0.4522
1791264951.5639,O,,,,3.13199,-0.5156,0.4522
1791264951.5609,R,B,,-74,,,
1791264951.5614,R,C,,-58,,,
1791264951.5784,R,A,,-67,,,
1791264951.6099,R,C,,-63,,,
1791264951.6103,R,A,,-65,,,
1791264951.6245,R,B,,-64,,,
1791264951.6361,O,,,,3.13199,-0.5193,0.4523
1791264951.6371,O,,,,3.13199,-0.5235,0.4523
1791264951.6380,O,,,,3.13199,-0.5277,0.4523
1791264951.6388,O,,,,3.13199,-0.5315,0.4524
1791264951.6570,R,C,,-67,,,
1791264951.6572,R,B,,-62,,,
1791264951.7171,O,,,,3.13199,-0.5357,0.4524
1791264951.7183,O,,,,3.13199,-0.5399,0.4525
1791264951.7191,O,,,,3.13067,-0.5439,0.4525
1791264951.7198,O,,,,3.13067,-0.5481,0.4525
1791264951.6789,R,A,,-60,,,
1791264951.7008,R,B,,-63,,,
1791264951.7010,R,C,,-58,,,
1791264951.7014,R,A,,-64,,,
1791264951.7655,R,A,,-61,,,
1791264951.7724,R,C,,-62,,,
1791264951.7749,R,B,,-63,,,
1791264951.7975,O,,,,3.13199,-0.5521,0.4526
1791264951.7984,O,,,,3.13199,-0.5563,0.4526
1791264951.7992,O,,,,3.13199,-0.5606,0.4527
1791264951.7999,O,,,,3.13067,-0.5645,0.4527
1791264951.8122,R,C,,-64,,,
1791264951.8124,R,B,,-62,,,
1791264951.8164,R,A,,-62,,,
1791264951.8622,O,,,,3.13067,-0.5688,0.4528
1791264951.8634,O,,,,3.13067,-0.5730,0.4528
1791264951.8646,O,,,,3.13199,-0.5770,0.4528
1791264951.8551,R,B,,-64,,,
1791264951.8554,R,C,,-61,,,
1791264951.8555,R,A,,-63,,,
1791264951.9155,R,B,,-63,,,
1791264951.9160,R,C,,-64,,,
1791264951.9413,O,,,,3.13199,-0.5812,0.4529
1791264951.9422,O,,,,3.13067,-0.5852,0.4529
1791264951.9431,O,,,,3.13067,-0.5894,0.4530
1791264951.9439,O,,,,3.13067,-0.5937,0.4530
1791264951.9285,R,A,,-62,,,
1791264951.9322,R,B,,-62,,,
1791264951.9455,R,A,,-60,,,
1791264952.0211,O,,,,3.13199,-0.5976,0.4531
1791264952.0222,O,,,,3.13199,-0.6019,0.4531
1791264952.0231,O,,,,3.13067,-0.6058,0.4531
1791264952.0238,O,,,,3.13067,-0.6101,0.4532
1791264951.9831,R,B,,-69,,,
1791264952.0081,R,A,,-59,,,
1791264952.0215,R,B,,-81,,,
1791264952.0217,R,C,,-70,,,
1791264952.0219,R,A,,-61,,,
1791264952.0745,R,B,,-63,,,
1791264952.0961,O,,,,3.13067,-0.6143,0.4532
1791264952.0976,O,,,,3.13199,-0.6183,0.4533
1791264952.1004,O,,,,3.13067,-0.6223,0.4533
1791264952.1012,O,,,,3.13067,-0.6265,0.4534
1791264952.0784,R,A,,-61,,,
1791264952.0785,R,C,,-60,,,
1791264952.1112,R,C,,-73,,,
1791264952.1178,R,B,,-67,,,
1791264952.1180,R,A,,-65,,,
1791264952.1762,O,,,,3.13067,-0.6307,0.4534
1791264952.1773,O,,,,3.13067,-0.6350,0.4535
1791264952.1783,O,,,,3.13199,-0.6389,0.4535
1791264952.1673,R,B,,-76,,,
1791264952.1674,R,A,,-75,,,
1791264952.1676,R,C,,-71,,,
1791264952.1796,O,,,,3.13067,-0.6429,0.4535
1791264952.1997,R,C,,-81,,,
1791264952.2122,R,B,,-68,,,
1791264952.2634,O,,,,3.13067,-0.6471,0.4536
1791264952.2644,O,,,,3.13067,-0.6514,0.4536
1791264952.2652,O,,,,3.13067,-0.6556,0.4537
1791264952.2660,O,,,,3.13067,-0.6598,0.4537
1791264952.2283,R,A,,-66,,,
1791264952.2433,R,B,,-70,,,
1791264952.2435,R,C,,-63,,,
1791264952.3265,O,,,,3.12934,-0.6638,0.4538
1791264952.3275,O,,,,3.13067,-0.6678,0.4538
1791264952.3284,O,,,,3.13067,-0.6720,0.4539
1791264952.2783,R,A,,-67,,,
1791264952.3249,R,B,,-65,,,
1791264952.3258,R,C,,-64,,,
1791264952.3264,R,A,,-63,,,
1791264952.3379,R,B,,-77,,,
1791264952.3391,R,C,,-61,,,
1791264952.3397,R,A,,-65,,,
1791264952.4035,O,,,,3.13067,-0.6763,0.4539
1791264952.4044,O,,,,3.13067,-0.6805,0.4540
1791264952.4052,O,,,,3.13199,-0.6845,0.4540
1791264952.4059,O,,,,3.13067,-0.6884,0.4540
1791264952.3895,R,B,,-70,,,
1791264952.4263,R,A,,-60,,,
1791264952.4271,R,C,,-60,,,
1791264952.4287,R,A,,-61,,,
1791264952.4391,R,B,,-64,,,
1791264952.4766,R,C,,-65,,,
1791264952.4811,O,,,,3.13067,-0.6927,0.4541
1791264952.4821,O,,,,3.13067,-0.6969,0.4541
1791264952.4829,O,,,,3.13067,-0.7011,0.4542
1791264952.4838,O,,,,3.13067,-0.7048,0.4542
1791264952.4784,R,A,,-64,,,
1791264952.5230,R,A,,-74,,,
1791264952.5244,R,B,,-68,,,
1791264952.5561,O,,,,3.13067,-0.7091,0.4543
1791264952.5571,O,,,,3.13067,-0.7133,0.4543
1791264952.5580,O,,,,3.13067,-0.7176,0.4544
1791264952.5587,O,,,,3.13067,-0.7218,0.4544
1791264952.5293,R,C,,-62,,,
1791264952.5686,R,B,,-61,,,
1791264952.5687,R,C,,-66,,,
1791264952.5781,R,A,,-67,,,
1791264952.6244,R,B,,-70,,,
1791264952.6361,O,,,,3.13067,-0.7255,0.4544
1791264952.6371,O,,,,3.13067,-0.7297,0.4545
1791264952.6379,O,,,,3.13067,-0.7340,0.4545
1791264952.6387,O,,,,3.13067,-0.7382,0.4546
1791264952.6283,R,A,,-69,,,
1791264952.6288,R,C,,-72,,,
1791264952.6632,R,B,,-63,,,
1791264952.6634,R,A,,-60,,,
1791264952.7247,O,,,,3.13067,-0.7424,0.4546
1791264952.7257,O,,,,3.13067,-0.7467,0.4547
1791264952.7266,O,,,,3.13067,-0.7504,0.4547
1791264952.7274,O,,,,3.13067,-0.7546,0.4548
1791264952.6788,R,C,,-60,,,
1791264952.7189,R,A,,-56,,,
1791264952.7191,R,B,,-59,,,
1791264952.7294,R,C,,-59,,,
1791264952.7574,R,B,,-60,,,
1791264952.7576,R,A,,-57,,,
1791264952.7940,O,,,,3.13067,-0.7588,0.4548
1791264952.7951,O,,,,3.13067,-0.7631,0.4548
1791264952.7959,O,,,,3.13067,-0.7673,0.4549
1791264952.7968,O,,,,3.12934,-0.7713,0.4549
1791264952.7794,R,C,,-62,,,
1791264952.8243,R,B,,-62,,,
1791264952.8612,O,,,,3.13067,-0.7753,0.4550
1791264952.8621,O,,,,3.13067,-0.7795,0.4550
1791264952.8629,O,,,,3.13067,-0.7837,0.4551
1791264952.8286,R,A,,-57,,,
1791264952.8294,R,C,,-57,,,
1791264952.9186,R,C,,-70,,,
1791264952.9191,R,B,,-65,,,
1791264952.9415,O,,,,3.13067,-0.7880,0.4551
1791264952.9427,O,,,,3.12934,-0.7919,0.4552
1791264952.9440,O,,,,3.13067,-0.7959,0.4552
1791264952.9450,O,,,,3.13067,-0.8001,0.4553
1791264952.9284,R,A,,-58,,,
1791264952.9554,R,A,,-60,,,
1791264952.9575,R,B,,-61,,,
1791264952.9742,R,A,,-61,,,
1791264952.9744,R,C,,-61,,,
1791264952.9746,R,B,,-61,,,
1791264953.0166,O,,,,3.13067,-0.8044,0.4553
1791264953.0176,O,,,,3.12934,-0.8083,0.4554
1791264953.0185,O,,,,3.13067,-0.8123,0.4554
1791264953.0193,O,,,,3.13067,-0.8166,0.4554
1791264953.0199,R,B,,-59,,,
1791264953.0255,R,C,,-62,,,
1791264953.0286,R,A,,-63,,,
1791264953.0961,O,,,,3.13067,-0.8208,0.4555
1791264953.0971,O,,,,3.13067,-0.8250,0.4555
1791264953.0979,O,,,,3.13067,-0.8293,0.4556
1791264953.0987,O,,,,3.12934,-0.8332,0.4556
1791264953.1151,R,B,,-62,,,
1791264953.1161,R,A,,-63,,,
1791264953.1711,O,,,,3.13067,-0.8372,0.4557
1791264953.1722,O,,,,3.13067,-0.8414,0.4557
1791264953.1731,O,,,,3.13067,-0.8457,0.4558
1791264953.1739,O,,,,3.12934,-0.8496,0.4558
1791264953.1289,R,C,,-62,,,
1791264953.1735,R,C,,-62,,,
1791264953.1737,R,B,,-60,,,
1791264953.1784,R,A,,-64,,,
1791264953.2067,R,A,,-62,,,
1791264953.2148,R,B,,-63,,,
1791264953.2510,O,,,,3.13067,-0.8536,0.4559
1791264953.2520,O,,,,3.13067,-0.8579,0.4559
1791264953.2529,O,,,,3.13067,-0.8621,0.4560
1791264953.2543,O,,,,3.13067,-0.8663,0.4560
1791264953.2293,R,C,,-65,,,
1791264953.2475,R,B,,-66,,,
1791264953.2573,R,A,,-61,,,
1791264953.3219,O,,,,3.13067,-0.8706,0.4560
1791264953.3229,O,,,,3.13067,-0.8743,0.4561
1791264953.3237,O,,,,3.13067,-0.8785,0.4561
1791264953.2794,R,C,,-58,,,
1791264953.3195,R,C,,-57,,,
1791264953.3244,R,B,,-58,,,
1791264953.3284,R,A,,-60,,,
1791264953.3515,R,B,,-64,,,
1791264953.3523,R,C,,-70,,,
1791264953.3526,R,A,,-65,,,
1791264953.4011,O,,,,3.13067,-0.8827,0.4562
1791264953.4021,O,,,,3.13067,-0.8870,0.4562
1791264953.4030,O,,,,3.13067,-0.8912,0.4563
1791264953.4038,O,,,,3.13199,-0.8952,0.4563
1791264953.3839,R,B,,-62,,,
1791264953.3841,R,A,,-68,,,
1791264953.4774,O,,,,3.13067,-0.8991,0.4564
1791264953.4787,O,,,,3.13067,-0.9034,0.4564
1791264953.4283,R,A,,-59,,,
1791264953.4287,R,C,,-61,,,
1791264953.4708,R,B,,-59,,,
1791264953.4803,O,,,,3.13067,-0.9076,0.4564
1791264953.4814,O,,,,3.13199,-0.9116,0.4565
1791264953.4785,R,A,,-65,,,
1791264953.4793,R,C,,-70,,,
1791264953.5244,R,B,,-82,,,
1791264953.5561,O,,,,3.13067,-0.9156,0.4565
1791264953.5571,O,,,,3.13067,-0.9198,0.4566
1791264953.5580,O,,,,3.13067,-0.9240,0.4566
1791264953.5588,O,,,,3.13067,-0.9283,0.4567
1791264953.5284,R,A,,-83,,,
1791264953.5294,R,C,,-59,,,
1791264953.5750,R,B,,-77,,,
1791264953.5783,R,A,,-87,,,
1791264953.5794,R,C,,-66,,,
1791264953.6139,R,C,,-67,,,
1791264953.6142,R,B,,-67,,,
1791264953.6310,O,,,,3.13199,-0.9322,0.4567
1791264953.6323,O,,,,3.13067,-0.9362,0.4567
1791264953.6332,O,,,,3.13067,-0.9404,0.4568
1791264953.6341,O,,,,3.13067,-0.9447,0.4568
1791264953.6661,R,C,,-64,,,
1791264953.6663,R,B,,-75,,,
1791264953.6664,R,A,,-71,,,
1791264953.7112,O,,,,3.13199,-0.9486,0.4569
1791264953.7122,O,,,,3.13067,-0.9526,0.4569
1791264953.7130,O,,,,3.13067,-0.9569,0.4570
1791264953.7138,O,,,,3.13067,-0.9611,0.4570
1791264953.7094,R,B,,-64,,,
1791264953.7284,R,A,,-59,,,
1791264953.7288,R,C,,-70,,,
1791264953.7746,R,B,,-61,,,
1791264953.7990,O,,,,3.13067,-0.9653,0.4571
1791264953.7999,O,,,,3.13199,-0.9693,0.4571
1791264953.8006,O,,,,3.13067,-0.9733,0.4571
1791264953.8017,O,,,,3.13067,-0.9775,0.4572
1791264953.7784,R,A,,-57,,,
1791264953.7793,R,C,,-65,,,
1791264953.8044,R,B,,-60,,,
1791264953.8046,R,A,,-57,,,
1791264953.8046,R,C,,-67,,,
1791264953.8632,O,,,,3.13067,-0.9817,0.4572
1791264953.8642,O,,,,3.13067,-0.9860,0.4573
1791264953.8649,O,,,,3.13199,-0.9899,0.4573
1791264953.8448,R,C,,-65,,,
1791264953.8610,R,B,,-68,,,
1791264953.8689,R,A,,-62,,,
1791264953.9079,R,C,,-73,,,
1791264953.9082,R,A,,-72,,,
1791264953.9084,R,B,,-64,,,
1791264953.9365,O,,,,3.13067,-0.9939,0.4574
1791264953.9375,O,,,,3.13067,-0.9982,0.4574
1791264953.9384,O,,,,3.13067,-1.0024,0.4575
1791264953.9391,O,,,,3.13067,-1.0066,0.4575
1791264953.9744,R,B,,-64,,,
1791264954.0162,O,,,,3.13067,-1.0103,0.4575
1791264954.0171,O,,,,3.13067,-1.0146,0.4576
1791264954.0179,O,,,,3.13067,-1.0188,0.4576
1791264954.0187,O,,,,3.13067,-1.0230,0.4577
1791264953.9788,R,A,,-59,,,
1791264953.9792,R,C,,-62,,,
1791264953.9821,R,B,,-67,,,
1791264954.0295,R,C,,-57,,,
1791264954.0745,R,B,,-61,,,
1791264954.0910,O,,,,3.13067,-1.0273,0.4577
1791264954.0919,O,,,,3.13199,-1.0312,0.4578
1791264954.0928,O,,,,3.13199,-1.0355,0.4578
1791264954.0936,O,,,,3.13332,-1.0394,0.4578
1791264954.0793,R,C,,-58,,,
1791264954.1242,R,B,,-70,,,
1791264954.1718,O,,,,3.13464,-1.0434,0.4579
1791264954.1726,O,,,,3.13596,-1.0479,0.4579
1791264954.1736,O,,,,3.13729,-1.0519,0.4579
1791264954.1747,O,,,,3.13993,-1.0561,0.4579
1791264954.1286,R,C,,-59,,,
1791264954.1706,R,C,,-59,,,
1791264954.1712,R,B,,-63,,,
1791264954.1784,R,A,,-59,,,
1791264954.2244,R,B,,-60,,,
1791264954.2511,O,,,,3.14126,-1.0601,0.4579
1791264954.2521,O,,,,-3.13928,-1.0643,0.4579
1791264954.2531,O,,,,-3.13796,-1.0683,0.4579
1791264954.2542,O,,,,-3.13531,-1.0725,0.4579
1791264954.2283,R,A,,-59,,,
1791264954.2293,R,C,,-63,,,
1791264954.2588,R,A,,-64,,,
1791264954.2751,R,B,,-65,,,
1791264954.3162,O,,,,-3.13266,-1.0768,0.4579
1791264954.3175,O,,,,-3.13134,-1.0807,0.4578
1791264954.3183,O,,,,-3.12869,-1.0850,0.4578
1791264954.2794,R,C,,-63,,,
1791264954.2993,R,B,,-65,,,
1791264954.2997,R,A,,-62,,,
1791264954.3294,R,C,,-61,,,
1791264954.3440,R,C,,-64,,,
1791264954.3444,R,B,,-61,,,
1791264954.3984,O,,,,-3.12737,-1.0889,0.4577
1791264954.3995,O,,,,-3.12472,-1.0932,0.4577
1791264954.4004,O,,,,-3.12340,-1.0972,0.4576
1791264954.4011,O,,,,-3.12340,-1.1014,0.4575
1791264954.3784,R,A,,-63,,,
1791264954.3939,R,A,,-69,,,
1791264954.3943,R,B,,-74,,,
1791264954.3944,R,C,,-68,,,
1791264954.4760,O,,,,-3.12207,-1.1054,0.4574
1791264954.4770,O,,,,-3.12207,-1.1096,0.4574
1791264954.4778,O,,,,-3.12075,-1.1136,0.4573
1791264954.4786,O,,,,-3.12075,-1.1178,0.4572
1791264954.4332,R,C,,-65,,,
1791264954.4333,R,B,,-72,,,
1791264954.4340,R,A,,-70,,,
1791264954.5513,O,,,,-3.12075,-1.1220,0.4571
1791264954.5524,O,,,,-3.12075,-1.1263,0.4570
1791264954.5533,O,,,,-3.12075,-1.1305,0.4569
1791264954.5540,O,,,,-3.12075,-1.1347,0.4568
1791264954.5282,R,A,,-67,,,
1791264954.5288,R,C,,-63,,,
1791264954.5785,R,A,,-67,,,
1791264954.5794,R,C,,-68,,,
1791264954.6159,R,B,,-75,,,
1791264954.6310,O,,,,-3.11943,-1.1387,0.4568
1791264954.6319,O,,,,-3.11943,-1.1429,0.4567
1791264954.6328,O,,,,-3.11943,-1.1472,0.4566
1791264954.6335,O,,,,-3.12075,-1.1511,0.4565
1791264954.6295,R,C,,-62,,,
1791264954.6633,R,A,,-67,,,
1791264954.6635,R,C,,-62,,,
1791264954.6688,R,B,,-74,,,
1791264954.7062,O,,,,-3.11943,-1.1551,0.4564
1791264954.7072,O,,,,-3.11943,-1.1594,0.4563
1791264954.7081,O,,,,-3.11943,-1.1636,0.4562
1791264954.7088,O,,,,-3.12075,-1.1676,0.4561
1791264954.7134,R,C,,-57,,,
1791264954.7138,R,A,,-68,,,
1791264954.7249,R,B,,-79,,,
1791264954.7783,O,,,,-3.12075,-1.1718,0.4560
1791264954.7550,R,C,,-63,,,
1791264954.7559,R,B,,-66,,,
1791264954.7563,R,A,,-70,,,
1791264954.7795,O,,,,-3.12075,-1.1760,0.4559
1791264954.7802,O,,,,-3.11943,-1.1800,0.4559
1791264954.8250,R,B,,-64,,,
1791264954.8595,O,,,,-3.12075,-1.1840,0.4558
1791264954.8608,O,,,,-3.12075,-1.1882,0.4557
1791264954.8617,O,,,,-3.12075,-1.1924,0.4556
1791264954.8625,O,,,,-3.11943,-1.1964,0.4555
1791264954.8286,R,A,,-62,,,
1791264954.8288,R,C,,-65,,,
1791264954.8503,R,B,,-68,,,
1791264954.8579,R,C,,-64,,,
1791264954.8631,R,A,,-67,,,
1791264954.9244,R,B,,-68,,,
1791264954.9366,O,,,,-3.12075,-1.2004,0.4554
1791264954.9376,O,,,,-3.12075,-1.2046,0.4553
1791264954.9383,O,,,,-3.12075,-1.2088,0.4553
1791264954.9392,O,,,,-3.12075,-1.2131,0.4552
1791264954.9285,R,A,,-64,,,
1791264954.9292,R,C,,-60,,,
1791264954.9573,R,B,,-66,,,
1791264954.9575,R,C,,-73,,,
1791264955.0119,O,,,,-3.12075,-1.2173,0.4551
1791264955.0130,O,,,,-3.12075,-1.2210,0.4550
1791264955.0138,O,,,,-3.12075,-1.2253,0.4549
1791264955.0146,O,,,,-3.12075,-1.2295,0.4548
1791264954.9788,R,A,,-66,,,
1791264954.9947,R,B,,-64,,,
1791264955.0221,R,C,,-69,,,
1791264955.0233,R,A,,-74,,,
1791264955.0597,R,A,,-63,,,
1791264955.0602,R,B,,-65,,,
1791264955.0604,R,C,,-64,,,
1791264955.0918,O,,,,-3.12075,-1.2337,0.4547
1791264955.0928,O,,,,-3.11943,-1.2377,0.4546
1791264955.0935,O,,,,-3.12075,-1.2417,0.4546
1791264955.0943,O,,,,-3.12075,-1.2459,0.4545
1791264955.0912,R,B,,-61,,,
1791264955.0914,R,C,,-60,,,
1791264955.0915,R,A,,-60,,,
1791264955.1661,O,,,,-3.12075,-1.2501,0.4544
1791264955.1671,O,,,,-3.12075,-1.2544,0.4543
1791264955.1680,O,,,,-3.11943,-1.2583,0.4542
1791264955.1687,O,,,,-3.11943,-1.2626,0.4541
1791264955.1675,R,C,,-58,,,
1791264955.1677,R,B,,-62,,,
1791264955.1679,R,A,,-63,,,
1791264955.1829,R,B,,-64,,,
1791264955.2201,R,C,,-53,,,
1791264955.2244,R,B,,-62,,,
1791264955.2463,O,,,,-3.12075,-1.2665,0.4540
1791264955.2475,O,,,,-3.12075,-1.2708,0.4539
1791264955.2487,O,,,,-3.12075,-1.2750,0.4539
1791264955.2499,O,,,,-3.11943,-1.2790,0.4538
1791264955.2284,R,A,,-56,,,
1791264955.2651,R,B,,-60,,,
1791264955.2689,R,C,,-55,,,
1791264955.3163,O,,,,-3.12075,-1.2830,0.4537
1791264955.3172,O,,,,-3.12075,-1.2872,0.4536
1791264955.3179,O,,,,-3.12075,-1.2914,0.4535
1791264955.2785,R,A,,-58,,,
1791264955.3244,R,B,,-62,,,
1791264955.3287,R,A,,-63,,,
1791264955.3288,R,C,,-59,,,
1791264955.3751,R,B,,-62,,,
1791264955.3761,R,C,,-56,,,
1791264955.3766,R,A,,-58,,,
1791264955.3995,O,,,,-3.12075,-1.2957,0.4534
1791264955.4004,O,,,,-3.11943,-1.2996,0.4533
1791264955.4011,O,,,,-3.12075,-1.3036,0.4532
1791264955.4022,O,,,,-3.12075,-1.3078,0.4532
1791264955.4023,R,A,,-61,,,
1791264955.4714,O,,,,-3.12075,-1.3121,0.4531
1791264955.4724,O,,,,-3.12075,-1.3163,0.4530
1791264955.4731,O,,,,-3.11943,-1.3203,0.4529
1791264955.4739,O,,,,-3.12075,-1.3242,0.4528
1791264955.4751,R,B,,-63,,,
1791264955.4787,R,A,,-63,,,
1791264955.4788,R,C,,-74,,,
1791264955.4934,R,B,,-66,,,
1791264955.4940,R,A,,-62,,,
1791264955.4940,R,C,,-62,,,
1791264955.5517,O,,,,-3.12075,-1.3285,0.4527
1791264955.5525,O,,,,-3.12075,-1.3327,0.4526
1791264955.5533,O,,,,-3.12075,-1.3369,0.4525
1791264955.5541,O,,,,-3.12075,-1.3407,0.4525
1791264955.5655,R,B,,-64,,,
1791264955.5656,R,C,,-68,,,
1791264955.5657,R,A,,-62,,,
1791264955.6261,O,,,,-3.12075,-1.3449,0.4524
1791264955.6274,O,,,,-3.12075,-1.3491,0.4523
1791264955.6282,O,,,,-3.12075,-1.3534,0.4522
1791264955.5900,R,C,,-70,,,
1791264955.5901,R,B,,-67,,,
1791264955.5916,R,A,,-63,,,
1791264955.6292,O,,,,-3.12075,-1.3576,0.4521
1791264955.6547,R,B,,-67,,,
1791264955.6548,R,C,,-69,,,
1791264955.6551,R,A,,-64,,,
1791264955.7063,O,,,,-3.12075,-1.3618,0.4520
1791264955.7073,O,,,,-3.12075,-1.3655,0.4520
1791264955.7081,O,,,,-3.12075,-1.3698,0.4519
1791264955.7088,O,,,,-3.12075,-1.3740,0.4518
1791264955.6789,R,C,,-68,,,
1791264955.6963,R,B,,-63,,,
1791264955.7210,R,C,,-65,,,
1791264955.7248,R,B,,-62,,,
1791264955.7762,O,,,,-3.12075,-1.3782,0.4517
1791264955.7771,O,,,,-3.12075,-1.3825,0.4516
1791264955.7780,O,,,,-3.12075,-1.3862,0.4515
1791264955.7284,R,A,,-61,,,
1791264955.7749,R,B,,-68,,,
1791264955.7783,R,A,,-64,,,
1791264955.7788,R,C,,-59,,,
1791264955.8123,R,C,,-62,,,
1791264955.8126,R,A,,-62,,,
1791264955.8126,R,B,,-68,,,
1791264955.8511,O,,,,-3.12075,-1.3904,0.4514
1791264955.8519,O,,,,-3.12075,-1.3946,0.4513
1791264955.8529,O,,,,-3.12075,-1.3989,0.4513
1791264955.8541,O,,,,-3.12075,-1.4031,0.4512
1791264955.8703,R,B,,-62,,,
1791264955.8708,R,A,,-62,,,
1791264955.8788,R,C,,-62,,,
1791264955.9092,R,A,,-69,,,
1791264955.9096,R,C,,-62,,,
1791264955.9097,R,B,,-64,,,
1791264955.9311,O,,,,-3.12075,-1.4068,0.4511
1791264955.9320,O,,,,-3.12075,-1.4111,0.4510
1791264955.9329,O,,,,-3.12075,-1.4153,0.4509
1791264955.9337,O,,,,-3.12075,-1.4195,0.4508
1791264955.9551,R,C,,-61,,,
1791264955.9746,R,B,,-65,,,
1791264956.0111,O,,,,-3.12075,-1.4238,0.4507
1791264956.0122,O,,,,-3.12075,-1.4275,0.4507
1791264956.0131,O,,,,-3.12075,-1.4317,0.4506
1791264956.0138,O,,,,-3.12075,-1.4359,0.4505
1791264955.9787,R,A,,-64,,,
1791264956.0251,R,B,,-65,,,
1791264956.0283,R,A,,-82,,,
1791264956.0288,R,C,,-65,,,
1791264956.0750,R,B,,-66,,,
1791264956.0766,R,A,,-68,,,
1791264956.0869,O,,,,-3.12075,-1.4402,0.4504
1791264956.0881,O,,,,-3.12075,-1.4439,0.4503
1791264956.0910,O,,,,-3.11943,-1.4478,0.4502
1791264956.0921,O,,,,-3.11943,-1.4516,0.4502
1791264956.0794,R,C,,-69,,,
1791264956.0977,R,C,,-64,,,
1791264956.0979,R,A,,-63,,,
1791264956.1686,O,,,,-3.11943,-1.4553,0.4501
1791264956.1695,O,,,,-3.11943,-1.4590,0.4500
1791264956.1703,O,,,,-3.11943,-1.4627,0.4499
1791264956.1710,O,,,,-3.11943,-1.4664,0.4498
1791264956.1440,R,B,,-64,,,
1791264956.1446,R,A,,-63,,,
1791264956.1447,R,C,,-66,,,
1791264956.2047,R,C,,-75,,,
1791264956.2050,R,A,,-65,,,
1791264956.2053,R,B,,-61,,,
1791264956.2412,O,,,,-3.11943,-1.4701,0.4497
1791264956.2425,O,,,,-3.11943,-1.4743,0.4496
1791264956.2433,O,,,,-3.11943,-1.4780,0.4496
1791264956.2440,O,,,,-3.11943,-1.4817,0.4495
1791264956.2750,R,B,,-65,,,
1791264956.3112,O,,,,-3.11943,-1.4860,0.4494
1791264956.3122,O,,,,-3.11943,-1.4902,0.4493
1791264956.3129,O,,,,-3.11943,-1.4944,0.4492
1791264956.2788,R,C,,-66,,,
1791264956.2789,R,A,,-61,,,
1791264956.3253,R,B,,-63,,,
1791264956.3286,R,A,,-61,,,
1791264956.3729,R,C,,-62,,,
1791264956.3732,R,A,,-61,,,
1791264956.3749,R,B,,-61,,,
1791264956.3935,O,,,,-3.11943,-1.4987,0.4491
1791264956.3943,O,,,,-3.11943,-1.5024,0.4490
1791264956.3950,O,,,,-3.11943,-1.5066,0.4489
1791264956.3958,O,,,,-3.11943,-1.5108,0.4488
1791264956.4146,R,C,,-61,,,
1791264956.4242,R,B,,-63,,,
1791264956.4664,O,,,,-3.12075,-1.5148,0.4488
1791264956.4674,O,,,,-3.12075,-1.5190,0.4487
1791264956.4686,O,,,,-3.12075,-1.5233,0.4486
1791264956.4695,O,,,,-3.12075,-1.5270,0.4485
1791264956.4283,R,A,,-59,,,
1791264956.4562,R,C,,-56,,,
1791264956.4564,R,A,,-58,,,
1791264956.4566,R,B,,-61,,,
1791264956.5067,R,C,,-57,,,
1791264956.5245,R,B,,-61,,,
1791264956.5461,O,,,,-3.12075,-1.5312,0.4484
1791264956.5472,O,,,,-3.12075,-1.5355,0.4483
1791264956.5481,O,,,,-3.12075,-1.5397,0.4482
1791264956.5489,O,,,,-3.12075,-1.5434,0.4482
1791264956.5283,R,A,,-58,,,
1791264956.5464,R,B,,-66,,,
1791264956.5466,R,C,,-59,,,
1791264956.5467,R,A,,-60,,,
1791264956.6267,O,,,,-3.12075,-1.5476,0.4481
1791264956.6276,O,,,,-3.12075,-1.5519,0.4480
1791264956.6284,O,,,,-3.12075,-1.5561,0.4479
1791264956.6034,R,C,,-59,,,
1791264956.6245,R,B,,-61,,,
1791264956.6299,O,,,,-3.12075,-1.5603,0.4478
1791264956.6373,R,B,,-63,,,
1791264956.6377,R,A,,-60,,,
1791264956.6378,R,C,,-63,,,
1791264956.7011,O,,,,-3.12207,-1.5643,0.4477
1791264956.7019,O,,,,-3.12075,-1.5683,0.4476
1791264956.7027,O,,,,-3.12075,-1.5725,0.4476
1791264956.7036,O,,,,-3.12075,-1.5767,0.4475
1791264956.7246,R,B,,-70,,,
1791264956.7253,R,C,,-61,,,
1791264956.7254,R,A,,-62,,,
1791264956.7716,O,,,,-3.12075,-1.5810,0.4474
1791264956.7725,O,,,,-3.12207,-1.5849,0.4473
1791264956.7733,O,,,,-3.12075,-1.5889,0.4472
1791264956.7679,R,B,,-63,,,
1791264956.7783,R,A,,-64,,,
1791264956.8245,R,B,,-65,,,
1791264956.8575,O,,,,-3.12075,-1.5932,0.4471
1791264956.8588,O,,,,-3.12075,-1.5974,0.4470
1791264956.8595,O,,,,-3.12075,-1.6016,0.4470
1791264956.8603,O,,,,-3.12207,-1.6056,0.4469
1791264956.8283,R,A,,-70,,,
1791264956.8294,R,C,,-68,,,
1791264956.8532,R,A,,-68,,,
1791264956.8753,R,B,,-77,,,
1791264956.9270,O,,,,-3.12075,-1.6096,0.4468
1791264956.9283,O,,,,-3.12075,-1.6138,0.4467
1791264956.8793,R,C,,-71,,,
1791264956.8945,R,B,,-64,,,
1791264956.8972,R,C,,-92,,,
1791264956.8977,R,A,,-70,,,
1791264956.9293,O,,,,-3.12075,-1.6180,0.4466
1791264956.9301,O,,,,-3.12075,-1.6223,0.4465
1791264956.9503,R,B,,-65,,,
1791264956.9504,R,C,,-63,,,
1791264957.0067,O,,,,-3.12075,-1.6260,0.4465
1791264957.0076,O,,,,-3.12075,-1.6302,0.4464
1791264957.0084,O,,,,-3.12075,-1.6344,0.4463
1791264957.0091,O,,,,-3.12075,-1.6387,0.4462
1791264956.9787,R,A,,-70,,,
1791264956.9912,R,B,,-65,,,
1791264956.9915,R,C,,-67,,,
1791264956.9916,R,A,,-63,,,
1791264957.0354,R,B,,-62,,,
1791264957.0525,R,C,,-66,,,
1791264957.0532,R,A,,-60,,,
1791264957.0770,R,A,,-57,,,
1791264957.0870,O,,,,-3.11943,-1.6426,0.4461
1791264957.0883,O,,,,-3.11943,-1.6469,0.4460
1791264957.0891,O,,,,-3.11943,-1.6511,0.4459
1791264957.0898,O,,,,-3.12075,-1.6551,0.4458
1791264957.0789,R,C,,-62,,,
1791264957.1256,R,A,,-59,,,
1791264957.1612,O,,,,-3.12075,-1.6593,0.4457
1791264957.1624,O,,,,-3.11943,-1.6633,0.4457
1791264957.1632,O,,,,-3.11943,-1.6675,0.4456
1791264957.1640,O,,,,-3.11943,-1.6718,0.4455
1791264957.1294,R,C,,-68,,,
1791264957.1648,R,A,,-57,,,
1791264957.1744,R,B,,-64,,,
1791264957.1794,R,C,,-62,,,
1791264957.2146,R,A,,-57,,,
1791264957.2149,R,C,,-58,,,
1791264957.2150,R,B,,-63,,,
1791264957.2412,O,,,,-3.12075,-1.6757,0.4454
1791264957.2421,O,,,,-3.11943,-1.6797,0.4453
1791264957.2429,O,,,,-3.11678,-1.6839,0.4452
1791264957.2436,O,,,,-3.11545,-1.6879,0.4451
1791264957.2624,R,B,,-63,,,
1791264957.2632,R,C,,-58,,,
1791264957.2634,R,A,,-58,,,
1791264957.3112,O,,,,-3.11545,-1.6921,0.4450
1791264957.3122,O,,,,-3.11281,-1.6964,0.4449
1791264957.3129,O,,,,-3.11148,-1.7003,0.4448
1791264957.3074,R,B,,-64,,,
1791264957.3076,R,C,,-61,,,
1791264957.3078,R,A,,-57,,,
1791264957.3663,R,C,,-61,,,
1791264957.3665,R,B,,-64,,,
1791264957.3953,O,,,,-3.10884,-1.7046,0.4446
1791264957.3964,O,,,,-3.10619,-1.7088,0.4445
1791264957.3972,O,,,,-3.10487,-1.7128,0.4443
1791264957.3979,O,,,,-3.10222,-1.7170,0.4442
1791264957.3783,R,A,,-57,,,
1791264957.3985,R,C,,-62,,,
1791264957.3987,R,B,,-66,,,
1791264957.3989,R,A,,-58,,,
1791264957.4666,O,,,,-3.10089,-1.7210,0.4440
1791264957.4680,O,,,,-3.09957,-1.7249,0.4438
1791264957.4688,O,,,,-3.09825,-1.7289,0.4437
1791264957.4696,O,,,,-3.09825,-1.7331,0.4435
1791264957.4462,R,B,,-65,,,
1791264957.4692,R,C,,-62,,,
1791264957.4693,R,A,,-57,,,
1791264957.5251,R,B,,-68,,,
1791264957.5466,O,,,,-3.09692,-1.7371,0.4433
1791264957.5476,O,,,,-3.09560,-1.7416,0.4431
1791264957.5483,O,,,,-3.09560,-1.7458,0.4429
1791264957.5491,O,,,,-3.09428,-1.7498,0.4427
1791264957.5290,R,C,,-61,,,
1791264957.5290,R,A,,-57,,,
1791264957.5509,R,C,,-63,,,
1791264957.5515,R,B,,-64,,,
1791264957.5524,R,A,,-57,,,
1791264957.6215,O,,,,-3.09428,-1.7540,0.4425
1791264957.6229,O,,,,-3.09428,-1.7583,0.4423
1791264957.6238,O,,,,-3.09560,-1.7622,0.4421
1791264957.6245,O,,,,-3.09560,-1.7665,0.4420
1791264957.6270,R,C,,-63,,,
1791264957.6283,R,A,,-60,,,
1791264957.6686,R,B,,-67,,,
1791264957.6710,R,B,,-68,,,
1791264957.6717,R,C,,-63,,,
1791264957.7012,O,,,,-3.09428,-1.7704,0.4418
1791264957.7020,O,,,,-3.09428,-1.7747,0.4416
1791264957.7029,O,,,,-3.09428,-1.7789,0.4414
1791264957.7058,O,,,,-3.09428,-1.7831,0.4412
1791264957.6786,R,A,,-60,,,
1791264957.7244,R,B,,-71,,,
1791264957.7712,O,,,,-3.09560,-1.7871,0.4410
1791264957.7722,O,,,,-3.09428,-1.7911,0.4408
1791264957.7730,O,,,,-3.09560,-1.7950,0.4406
1791264957.7282,R,A,,-61,,,
1791264957.7289,R,C,,-67,,,
1791264957.7714,R,A,,-63,,,
1791264957.7718,R,B,,-72,,,
1791264957.8066,R,B,,-70,,,
1791264957.8461,O,,,,-3.09560,-1.7993,0.4404
1791264957.8475,O,,,,-3.09560,-1.8035,0.4402
1791264957.8484,O,,,,-3.09560,-1.8077,0.4400
1791264957.8496,O,,,,-3.09428,-1.8117,0.4398
1791264957.8284,R,A,,-62,,,
1791264957.8295,R,C,,-63,,,
1791264957.8745,R,B,,-80,,,
1791264957.8785,R,A,,-69,,,
1791264957.8786,R,C,,-82,,,
1791264957.8942,R,A,,-63,,,
1791264957.9252,R,B,,-75,,,
1791264957.9301,O,,,,-3.09560,-1.8157,0.4397
1791264957.9310,O,,,,-3.09560,-1.8199,0.4395
1791264957.9318,O,,,,-3.09560,-1.8241,0.4393
1791264957.9325,O,,,,-3.09560,-1.8283,0.4391
1791264957.9289,R,C,,-65,,,
1791264957.9478,R,A,,-63,,,
1791264957.9482,R,C,,-63,,,
1791264957.9483,R,B,,-76,,,
1791264958.0015,O,,,,-3.09560,-1.8326,0.4389
1791264958.0025,O,,,,-3.09560,-1.8363,0.4387
1791264958.0033,O,,,,-3.09560,-1.8405,0.4385
1791264958.0041,O,,,,-3.09560,-1.8447,0.4383
1791264957.9857,R,B,,-69,,,
1791264957.9859,R,A,,-69,,,
1791264958.0259,R,C,,-76,,,
1791264958.0746,R,B,,-88,,,
1791264958.0811,O,,,,-3.09560,-1.8490,0.4381
1791264958.0821,O,,,,-3.09560,-1.8532,0.4379
1791264958.0829,O,,,,-3.09560,-1.8569,0.4378
1791264958.0837,O,,,,-3.09560,-1.8611,0.4376
1791264958.0783,R,A,,-65,,,
1791264958.0790,R,C,,-66,,,
1791264958.1210,R,C,,-74,,,
1791264958.1215,R,A,,-61,,,
1791264958.1663,O,,,,-3.09560,-1.8648,0.4374
1791264958.1673,O,,,,-3.09428,-1.8688,0.4372
1791264958.1680,O,,,,-3.09560,-1.8728,0.4370
1791264958.1693,O,,,,-3.09560,-1.8765,0.4369
1791264958.1667,R,C,,-69,,,
1791264958.1752,R,B,,-70,,,
1791264958.1785,R,A,,-60,,,
1791264958.2097,R,B,,-73,,,
1791264958.2363,O,,,,-3.09560,-1.8802,0.4367
1791264958.2373,O,,,,-3.09560,-1.8839,0.4365
1791264958.2380,O,,,,-3.09560,-1.8876,0.4363
1791264958.2388,O,,,,-3.09428,-1.8910,0.4362
1791264958.2285,R,A,,-59,,,
1791264958.2293,R,C,,-70,,,
1791264958.2588,R,C,,-77,,,
1791264958.2590,R,A,,-62,,,
1791264958.2591,R,B,,-66,,,
1791264958.3077,O,,,,-3.09295,-1.8945,0.4360
1791264958.3092,O,,,,-3.09295,-1.8976,0.4359
1791264958.3145,O,,,,-3.09163,-1.9011,0.4357
1791264958.2979,R,B,,-68,,,
1791264958.2979,R,C,,-66,,,
1791264958.3002,R,A,,-73,,,
1791264958.3447,R,C,,-63,,,
1791264958.3449,R,B,,-83,,,
1791264958.3451,R,A,,-64,,,
1791264958.3927,O,,,,-3.08898,-1.9042,0.4355
1791264958.3940,O,,,,-3.08633,-1.9074,0.4354
1791264958.3948,O,,,,-3.08369,-1.9106,0.4352
1791264958.3955,O,,,,-3.08104,-1.9138,0.4350
1791264958.4069,R,B,,-72,,,
1791264958.4072,R,C,,-56,,,
1791264958.4125,R,A,,-64,,,
1791264958.4613,O,,,,-3.07574,-1.9169,0.4348
1791264958.4624,O,,,,-3.07177,-1.9198,0.4346
1791264958.4631,O,,,,-3.06780,-1.9227,0.4344
1791264958.4639,O,,,,-3.06251,-1.9254,0.4342
1791264958.4747,R,B,,-74,,,
1791264958.4787,R,A,,-68,,,
1791264958.4789,R,C,,-56,,,
1791264958.5074,R,C,,-57,,,
1791264958.5075,R,B,,-77,,,
1791264958.5076,R,A,,-69,,,
1791264958.5414,O,,,,-3.05854,-1.9283,0.4339
1791264958.5423,O,,,,-3.05324,-1.9309,0.4337
1791264958.5431,O,,,,-3.04927,-1.9333,0.4335
1791264958.5438,O,,,,-3.04530,-1.9357,0.4333
1791264958.5689,R,B,,-71,,,
1791264958.6210,O,,,,-3.04001,-1.9378,0.4331
1791264958.6219,O,,,,-3.03604,-1.9401,0.4328
1791264958.6231,O,,,,-3.03074,-1.9422,0.4326
1791264958.6239,O,,,,-3.02412,-1.9446,0.4323
1791264958.5784,R,A,,-62,,,
1791264958.5790,R,C,,-62,,,
1791264958.6181,R,B,,-74,,,
1791264958.6255,R,C,,-64,,,
1791264958.6284,R,A,,-66,,,
1791264958.6712,R,A,,-64,,,
1791264958.6715,R,B,,-85,,,
1791264958.6717,R,C,,-58,,,
1791264958.6985,O,,,,-3.01883,-1.9467,0.4321
1791264958.6995,O,,,,-3.01353,-1.9483,0.4319
1791264958.7003,O,,,,-3.00824,-1.9504,0.4316
1791264958.7010,O,,,,-3.00162,-1.9522,0.4313
1791264958.6998,R,B,,-66,,,
1791264958.7646,O,,,,-2.99500,-1.9541,0.4311
1791264958.7656,O,,,,-2.98706,-1.9562,0.4308
1791264958.7664,O,,,,-2.98044,-1.9580,0.4305
1791264958.7284,R,A,,-65,,,
1791264958.7289,R,C,,-60,,,
1791264958.7420,R,B,,-70,,,
1791264958.7785,R,A,,-64,,,
1791264958.7786,R,C,,-65,,,
1791264958.7980,R,C,,-61,,,
1791264958.8213,R,A,,-64,,,
1791264958.8220,R,B,,-74,,,
1791264958.8227,R,C,,-66,,,
1791264958.8244,R,B,,-76,,,
1791264958.8467,O,,,,-2.97382,-1.9598,0.4302
1791264958.8477,O,,,,-2.96588,-1.9619,0.4298
1791264958.8487,O,,,,-2.95794,-1.9635,0.4295
1791264958.8497,O,,,,-2.95000,-1.9655,0.4291
1791264958.8286,R,A,,-65,,,
1791264958.8707,R,C,,-69,,,
1791264958.8712,R,A,,-68,,,
1791264958.8752,R,B,,-75,,,
1791264958.9210,O,,,,-2.94338,-1.9674,0.4288
1791264958.9219,O,,,,-2.93411,-1.9692,0.4284
1791264958.9227,O,,,,-2.92485,-1.9710,0.4280
1791264958.9234,O,,,,-2.91823,-1.9728,0.4276
1791264958.9252,R,B,,-72,,,
1791264958.9283,R,A,,-62,,,
1791264958.9289,R,C,,-72,,,
1791264958.9578,R,C,,-63,,,
1791264958.9581,R,A,,-62,,,
1791264958.9603,R,B,,-77,,,
1791264959.0015,O,,,,-2.90896,-1.9746,0.4272
1791264959.0026,O,,,,-2.90102,-1.9761,0.4268
1791264959.0034,O,,,,-2.89440,-1.9779,0.4264
1791264959.0042,O,,,,-2.88646,-1.9795,0.4260
1791264959.0246,R,B,,-64,,,
1791264959.0773,O,,,,-2.87852,-1.9810,0.4256
1791264959.0783,O,,,,-2.87058,-1.9825,0.4251
1791264959.0284,R,A,,-62,,,
1791264959.0289,R,C,,-61,,,
1791264959.0488,R,C,,-63,,,
1791264959.0491,R,B,,-71,,,
1791264959.0527,R,A,,-66,,,
1791264959.0793,O,,,,-2.86264,-1.9841,0.4247
1791264959.0800,O,,,,-2.85469,-1.9856,0.4243
1791264959.1185,R,B,,-72,,,
1791264959.1189,R,C,,-63,,,
1791264959.1568,O,,,,-2.84675,-1.9871,0.4238
1791264959.1583,O,,,,-2.84013,-1.9884,0.4234
1791264959.1596,O,,,,-2.83219,-1.9899,0.4229
1791264959.1608,O,,,,-2.82557,-1.9912,0.4225
1791264959.1288,R,A,,-65,,,
1791264959.1389,R,C,,-73,,,
1791264959.1397,R,A,,-67,,,
1791264959.1745,R,B,,-77,,,
1791264959.2102,R,B,,-84,,,
1791264959.2103,R,A,,-74,,,
1791264959.2334,O,,,,-2.81763,-1.9927,0.4220
1791264959.2344,O,,,,-2.81101,-1.9939,0.4216
1791264959.2352,O,,,,-2.80307,-1.9954,0.4211
1791264959.2359,O,,,,-2.79513,-1.9964,0.4207
1791264959.2359,R,B,,-79,,,
1791264959.3067,O,,,,-2.78454,-1.9974,0.4204
1791264959.3078,O,,,,-2.77395,-1.9984,0.4200
1791264959.3086,O,,,,-2.76204,-1.9991,0.4197
1791264959.2787,R,A,,-62,,,
1791264959.2793,R,C,,-63,,,
1791264959.3245,R,B,,-69,,,
1791264959.3286,R,A,,-69,,,
1791264959.3294,R,C,,-61,,,
1791264959.3713,R,B,,-79,,,
1791264959.3714,R,C,,-65,,,
1791264959.3811,O,,,,-2.74748,-1.9999,0.4194
1791264959.3820,O,,,,-2.73424,-2.0004,0.4192
1791264959.3829,O,,,,-2.72100,-2.0004,0.4192
1791264959.3837,O,,,,-2.70644,-2.0006,0.4191
1791264959.3785,R,A,,-73,,,
1791264959.4170,R,C,,-64,,,
1791264959.4172,R,B,,-86,,,
1791264959.4616,O,,,,-2.69321,-2.0011,0.4189
1791264959.4625,O,,,,-2.67732,-2.0011,0.4189
1791264959.4633,O,,,,-2.66276,-2.0013,0.4187
1791264959.4641,O,,,,-2.64953,-2.0013,0.4187
1791264959.4283,R,A,,-63,,,
1791264959.4784,R,A,,-62,,,
1791264959.4794,R,C,,-65,,,
1791264959.5245,R,B,,-72,,,
1791264959.5361,O,,,,-2.63364,-2.0013,0.4187
1791264959.5370,O,,,,-2.61644,-2.0016,0.4186
1791264959.5379,O,,,,-2.60055,-2.0016,0.4186
1791264959.5386,O,,,,-2.58467,-2.0016,0.4186
1791264959.5284,R,A,,-71,,,
1791264959.5285,R,C,,-69,,,
1791264959.5533,R,B,,-68,,,
1791264959.5537,R,A,,-64,,,
1791264959.5574,R,C,,-67,,,
1791264959.6167,O,,,,-2.56878,-2.0016,0.4186
1791264959.6177,O,,,,-2.55290,-2.0016,0.4186
1791264959.6186,O,,,,-2.53437,-2.0016,0.4186
1791264959.6194,O,,,,-2.51848,-2.0016,0.4186
1791264959.6244,R,B,,-73,,,
1791264959.6283,R,A,,-70,,,
1791264959.6289,R,C,,-63,,,
1791264959.6625,R,C,,-61,,,
1791264959.6626,R,B,,-70,,,
1791264959.6635,R,A,,-70,,,
1791264959.6997,O,,,,-2.50260,-2.0016,0.4186
1791264959.7011,O,,,,-2.48936,-2.0016,0.4186
1791264959.7023,O,,,,-2.47348,-2.0016,0.4186
1791264959.7033,O,,,,-2.45760,-2.0016,0.4186
1791264959.6876,R,C,,-64,,,
1791264959.6877,R,A,,-68,,,
1791264959.7245,R,B,,-76,,,
1791264959.7661,O,,,,-2.44171,-2.0016,0.4186
1791264959.7676,O,,,,-2.42583,-2.0016,0.4186
1791264959.7687,O,,,,-2.41127,-2.0014,0.4188
1791264959.7291,R,C,,-69,,,
1791264959.7752,R,B,,-73,,,
1791264959.7786,R,C,,-59,,,
1791264959.7964,R,B,,-68,,,
1791264959.8202,R,C,,-83,,,
1791264959.8244,R,B,,-65,,,
1791264959.8416,O,,,,-2.39538,-2.0014,0.4188
1791264959.8427,O,,,,-2.37950,-2.0014,0.4188
1791264959.8436,O,,,,-2.36229,-2.0012,0.4190
1791264959.8445,O,,,,-2.34773,-2.0014,0.4188
1791264959.8284,R,A,,-75,,,
1791264959.8722,R,B,,-78,,,
1791264959.8723,R,C,,-66,,,
1791264959.9219,O,,,,-2.33185,-2.0014,0.4188
1791264959.9228,O,,,,-2.31729,-2.0015,0.4186
1791264959.9236,O,,,,-2.30273,-2.0014,0.4188
1791264959.9244,O,,,,-2.28817,-2.0015,0.4186
1791264959.8783,R,A,,-70,,,
1791264959.9078,R,C,,-61,,,
1791264959.9249,R,B,,-82,,,
1791264959.9283,R,A,,-74,,,
1791264959.9739,R,B,,-80,,,
1791264959.9741,R,C,,-65,,,
1791264959.9967,O,,,,-2.27493,-2.0015,0.4186
1791264959.9979,O,,,,-2.26037,-2.0014,0.4188
1791264959.9987,O,,,,-2.24581,-2.0015,0.4186
1791264959.9995,O,,,,-2.23257,-2.0015,0.4186
1791264959.9788,R,A,,-82,,,
1791264959.9977,R,C,,-66,,,
1791264960.0246,R,B,,-75,,,
1791264960.0762,O,,,,-2.21801,-2.0014,0.4188
1791264960.0772,O,,,,-2.20213,-2.0014,0.4188
1791264960.0781,O,,,,-2.18889,-2.0014,0.4188
1791264960.0283,R,A,,-75,,,
1791264960.0738,R,B,,-72,,,
1791264960.0740,R,A,,-76,,,
1791264960.0742,R,C,,-60,,,
1791264960.0791,O,,,,-2.17301,-2.0014,0.4188
1791264960.0904,R,B,,-63,,,
1791264960.1572,O,,,,-2.15713,-2.0014,0.4188
1791264960.1587,O,,,,-2.14124,-2.0014,0.4188
1791264960.1598,O,,,,-2.12536,-2.0014,0.4188
1791264960.1609,O,,,,-2.10947,-2.0014,0.4188
1791264960.1283,R,A,,-72,,,
1791264960.1289,R,C,,-65,,,
1791264960.1745,R,B,,-75,,,
1791264960.2212,O,,,,-2.09359,-2.0014,0.4188
1791264960.2222,O,,,,-2.07771,-2.0014,0.4188
1791264960.2233,O,,,,-2.06315,-2.0015,0.4186
1791264960.1795,R,C,,-68,,,
1791264960.1803,R,B,,-71,,,
1791264960.2284,R,A,,-82,,,
1791264960.2294,R,C,,-69,,,
1791264960.2743,R,C,,-59,,,
1791264960.2745,R,B,,-69,,,
1791264960.2753,R,A,,-68,,,
1791264960.3015,O,,,,-2.04859,-2.0014,0.4188
1791264960.3027,O,,,,-2.03403,-2.0015,0.4186
1791264960.3036,O,,,,-2.01947,-2.0014,0.4188
1791264960.3044,O,,,,-2.00623,-2.0014,0.4188
1791264960.3169,R,B,,-75,,,
1791264960.3283,R,A,,-71,,,
1791264960.3289,R,C,,-60,,,
1791264960.3630,R,B,,-72,,,
1791264960.3633,R,C,,-57,,,
1791264960.3811,O,,,,-1.99299,-2.0014,0.4188
1791264960.3820,O,,,,-1.97976,-2.0014,0.4188
1791264960.3829,O,,,,-1.96520,-2.0015,0.4186
1791264960.3837,O,,,,-1.95064,-2.0014,0.4188
1791264960.3784,R,A,,-71,,,
1791264960.4100,R,C,,-61,,,
1791264960.4101,R,B,,-67,,,
1791264960.4103,R,A,,-74,,,
1791264960.4568,O,,,,-1.93608,-2.0015,0.4186
1791264960.4582,O,,,,-1.92152,-2.0014,0.4188
1791264960.4594,O,,,,-1.90696,-2.0015,0.4185
1791264960.4606,O,,,,-1.89107,-2.0015,0.4185
1791264960.4741,R,B,,-70,,,
1791264960.4748,R,C,,-74,,,
1791264960.4752,R,A,,-75,,,
1791264960.4993,R,C,,-68,,,
1791264960.4995,R,B,,-76,,,
1791264960.4998,R,A,,-76,,,
1791264960.5411,O,,,,-1.87783,-2.0015,0.4185
1791264960.5423,O,,,,-1.86327,-2.0014,0.4188
1791264960.5431,O,,,,-1.84871,-2.0015,0.4185
1791264960.5439,O,,,,-1.83548,-2.0015,0.4185
1791264960.5746,R,B,,-92,,,
1791264960.6163,O,,,,-1.82224,-2.0015,0.4185
1791264960.6172,O,,,,-1.80636,-2.0015,0.4185
1791264960.6181,O,,,,-1.79180,-2.0014,0.4188
1791264960.6189,O,,,,-1.77591,-2.0014,0.4188
1791264960.5783,R,A,,-67,,,
1791264960.5788,R,C,,-59,,,
1791264960.6013,R,B,,-75,,,
1791264960.6015,R,C,,-68,,,
1791264960.6016,R,A,,-68,,,
1791264960.6286,R,C,,-65,,,
1791264960.6291,R,A,,-76,,,
1791264960.6909,O,,,,-1.76135,-2.0015,0.4185
1791264960.6918,O,,,,-1.74547,-2.0015,0.4185
1791264960.6926,O,,,,-1.72958,-2.0015,0.4185
1791264960.6938,O,,,,-1.71370,-2.0015,0.4185
1791264960.6789,R,C,,-62,,,
1791264960.6859,R,B,,-71,,,
1791264960.7217,R,A,,-69,,,
1791264960.7224,R,C,,-60,,,
1791264960.7225,R,B,,-73,,,
1791264960.7662,O,,,,-1.69782,-2.0015,0.4185
1791264960.7671,O,,,,-1.68193,-2.0015,0.4185
1791264960.7679,O,,,,-1.66605,-2.0015,0.4185
1791264960.7744,R,B,,-81,,,
1791264960.7784,R,A,,-73,,,
1791264960.7790,R,C,,-66,,,
1791264960.8095,R,A,,-82,,,
1791264960.8097,R,C,,-59,,,
1791264960.8252,R,B,,-72,,,
1791264960.8412,O,,,,-1.64884,-2.0014,0.4188
1791264960.8423,O,,,,-1.63296,-2.0014,0.4188
1791264960.8432,O,,,,-1.61707,-2.0014,0.4188
1791264960.8439,O,,,,-1.60119,-2.0014,0.4188
1791264960.8749,R,C,,-57,,,
1791264960.8751,R,B,,-69,,,
1791264960.9169,O,,,,-1.58795,-2.0014,0.4188
1791264960.9187,O,,,,-1.57207,-2.0014,0.4188
1791264960.9199,O,,,,-1.55883,-2.0014,0.4188
1791264960.9208,O,,,,-1.54295,-2.0014,0.4188
1791264960.8997,R,B,,-71,,,
1791264960.9183,R,C,,-58,,,
1791264960.9185,R,A,,-64,,,
1791264960.9476,R,B,,-68,,,
1791264960.9479,R,C,,-64,,,
1791264960.9480,R,A,,-67,,,
1791264960.9978,O,,,,-1.52707,-2.0014,0.4188
1791264960.9986,O,,,,-1.51118,-2.0014,0.4188
1791264960.9994,O,,,,-1.49794,-2.0014,0.4188
1791264961.0003,O,,,,-1.48074,-2.0015,0.4191
1791264961.0224,R,B,,-69,,,
1791264961.0226,R,C,,-55,,,
1791264961.0228,R,A,,-69,,,
1791264961.0717,O,,,,-1.46485,-2.0015,0.4191
1791264961.0729,O,,,,-1.44765,-2.0014,0.4188
1791264961.0737,O,,,,-1.43176,-2.0014,0.4188
1791264961.0746,O,,,,-1.41588,-2.0014,0.4188
1791264961.0384,R,C,,-63,,,
1791264961.0745,R,B,,-73,,,
1791264961.0789,R,A,,-66,,,
1791264961.1034,R,B,,-73,,,
1791264961.1038,R,A,,-67,,,
1791264961.1260,R,C,,-56,,,
1791264961.1272,R,A,,-75,,,
1791264961.1517,O,,,,-1.39867,-2.0014,0.4185
1791264961.1526,O,,,,-1.38146,-2.0014,0.4188
1791264961.1534,O,,,,-1.36558,-2.0014,0.4188
1791264961.1542,O,,,,-1.34970,-2.0014,0.4188
1791264961.1693,R,B,,-80,,,
1791264961.1696,R,A,,-79,,,
1791264961.2214,O,,,,-1.33381,-2.0014,0.4188
1791264961.2223,O,,,,-1.31793,-2.0014,0.4188
1791264961.2236,O,,,,-1.30204,-2.0014,0.4188
1791264961.1790,R,C,,-55,,,
1791264961.2121,R,B,,-69,,,
1791264961.2124,R,C,,-57,,,
1791264961.2126,R,A,,-72,,,
1791264961.2568,R,B,,-68,,,
1791264961.2569,R,A,,-66,,,
1791264961.2572,R,C,,-56,,,
1791264961.3059,O,,,,-1.28351,-2.0014,0.4188
1791264961.3068,O,,,,-1.26763,-2.0014,0.4188
1791264961.3076,O,,,,-1.25174,-2.0014,0.4188
1791264961.3084,O,,,,-1.23321,-2.0014,0.4188
1791264961.3252,R,B,,-73,,,
1791264961.3764,O,,,,-1.21733,-2.0014,0.4188
1791264961.3778,O,,,,-1.20145,-2.0014,0.4188
1791264961.3787,O,,,,-1.18291,-2.0014,0.4188
1791264961.3284,R,A,,-72,,,
1791264961.3290,R,C,,-56,,,
1791264961.3418,R,C,,-60,,,
1791264961.3420,R,B,,-83,,,
1791264961.3429,R,A,,-75,,,
1791264961.3797,O,,,,-1.16703,-2.0014,0.4188
1791264961.4153,R,B,,-73,,,
1791264961.4155,R,A,,-73,,,
1791264961.4568,O,,,,-1.15115,-2.0014,0.4188
1791264961.4578,O,,,,-1.13262,-2.0014,0.4188
1791264961.4586,O,,,,-1.11673,-2.0014,0.4188
1791264961.4594,O,,,,-1.10085,-2.0014,0.4188
1791264961.4289,R,C,,-58,,,
1791264961.4481,R,B,,-72,,,
1791264961.4714,R,A,,-76,,,
1791264961.4716,R,B,,-73,,,
1791264961.4796,R,C,,-63,,,
1791264961.5246,R,B,,-73,,,
1791264961.5312,O,,,,-1.08364,-2.0013,0.4186
1791264961.5324,O,,,,-1.06776,-2.0013,0.4186
1791264961.5332,O,,,,-1.05055,-2.0014,0.4188
1791264961.5340,O,,,,-1.03466,-2.0014,0.4188
1791264961.5294,R,C,,-62,,,
1791264961.5752,R,B,,-71,,,
1791264961.6113,O,,,,-1.01746,-2.0013,0.4186
1791264961.6122,O,,,,-1.00025,-2.0014,0.4188
1791264961.6130,O,,,,-0.98437,-2.0014,0.4188
1791264961.6138,O,,,,-0.96848,-2.0014,0.4188
1791264961.5784,R,A,,-76,,,
1791264961.5794,R,C,,-62,,,
1791264961.6032,R,B,,-73,,,
1791264961.6033,R,C,,-66,,,
1791264961.6285,R,A,,-73,,,
1791264961.6546,R,C,,-66,,,
1791264961.6548,R,A,,-73,,,
1791264961.6549,R,B,,-79,,,
1791264961.6992,O,,,,-0.94995,-2.0014,0.4188
1791264961.7000,O,,,,-0.93407,-2.0014,0.4188
1791264961.7012,O,,,,-0.91818,-2.0014,0.4188
1791264961.7019,O,,,,-0.90230,-2.0014,0.4188
1791264961.7247,R,B,,-75,,,
1791264961.7567,O,,,,-0.88377,-2.0014,0.4188
1791264961.7577,O,,,,-0.86788,-2.0014,0.4188
1791264961.7585,O,,,,-0.85068,-2.0013,0.4186
1791264961.7282,R,A,,-66,,,
1791264961.7295,R,C,,-55,,,
1791264961.7397,R,C,,-53,,,
1791264961.7399,R,B,,-73,,,
1791264961.7402,R,A,,-75,,,
1791264961.8210,R,B,,-76,,,
1791264961.8215,R,A,,-76,,,
1791264961.8234,R,B,,-79,,,
1791264961.8240,R,A,,-68,,,
1791264961.8360,O,,,,-0.83479,-2.0013,0.4186
1791264961.8368,O,,,,-0.81758,-2.0014,0.4188
1791264961.8376,O,,,,-0.80170,-2.0014,0.4188
1791264961.8384,O,,,,-0.78449,-2.0013,0.4186
1791264961.8289,R,C,,-59,,,
1791264961.8707,R,C,,-57,,,
1791264961.8719,R,A,,-75,,,
1791264961.9167,O,,,,-0.76861,-2.0013,0.4186
1791264961.9180,O,,,,-0.75140,-2.0015,0.4188
1791264961.9189,O,,,,-0.73552,-2.0015,0.4188
1791264961.9196,O,,,,-0.71699,-2.0015,0.4188
1791264961.9197,R,C,,-59,,,
1791264961.9249,R,B,,-69,,,
1791264961.9291,R,A,,-65,,,
1791264961.9752,R,B,,-67,,,
1791264961.9915,O,,,,-0.70110,-2.0015,0.4188
1791264961.9924,O,,,,-0.68390,-2.0013,0.4186
1791264961.9933,O,,,,-0.66801,-2.0013,0.4186
1791264961.9940,O,,,,-0.65080,-2.0015,0.4188
1791264961.9790,R,A,,-66,,,
1791264961.9791,R,C,,-57,,,
1791264962.0252,R,B,,-67,,,
1791264962.0717,O,,,,-0.63492,-2.0015,0.4188
1791264962.0725,O,,,,-0.61904,-2.0015,0.4188
1791264962.0733,O,,,,-0.60183,-2.0012,0.4186
1791264962.0741,O,,,,-0.58462,-2.0015,0.4188
1791264962.0284,R,A,,-66,,,
1791264962.0294,R,C,,-58,,,
1791264962.0752,R,B,,-72,,,
1791264962.0787,R,A,,-65,,,
1791264962.0794,R,C,,-55,,,
1791264962.0985,R,B,,-81,,,
1791264962.1465,O,,,,-0.56874,-2.0015,0.4188
1791264962.1476,O,,,,-0.55153,-2.0012,0.4186
1791264962.1485,O,,,,-0.53432,-2.0015,0.4188
1791264962.1494,O,,,,-0.51844,-2.0015,0.4188
1791264962.1285,R,A,,-67,,,
1791264962.1294,R,C,,-56,,,
1791264962.1490,R,A,,-74,,,
1791264962.1492,R,B,,-64,,,
1791264962.2161,O,,,,-0.50388,-2.0012,0.4186
1791264962.2171,O,,,,-0.48799,-2.0012,0.4186
1791264962.2179,O,,,,-0.47343,-2.0015,0.4188
1791264962.1794,R,C,,-57,,,
1791264962.1906,R,C,,-59,,,
1791264962.1907,R,B,,-66,,,
1791264962.2238,R,A,,-66,,,
1791264962.2290,R,C,,-59,,,
1791264962.2689,R,B,,-68,,,
1791264962.2712,R,B,,-74,,,
1791264962.2996,O,,,,-0.45887,-2.0012,0.4187
1791264962.3006,O,,,,-0.44299,-2.0012,0.4187
1791264962.3076,O,,,,-0.42843,-2.0015,0.4188
1791264962.3085,O,,,,-0.41387,-2.0012,0.4187
1791264962.2788,R,A,,-73,,,
1791264962.2795,R,C,,-60,,,
1791264962.3134,R,B,,-69,,,
1791264962.3135,R,A,,-79,,,
1791264962.3762,O,,,,-0.40063,-2.0012,0.4187
1791264962.3771,O,,,,-0.38872,-2.0015,0.4188
1791264962.3779,O,,,,-0.37548,-2.0015,0.4188
1791264962.3295,R,C,,-60,,,
1791264962.3724,R,C,,-63,,,
1791264962.3728,R,A,,-70,,,
1791264962.3730,R,B,,-66,,,
1791264962.3788,O,,,,-0.36357,-2.0012,0.4187
1791264962.4044,R,A,,-74,,,
1791264962.4080,R,C,,-68,,,
1791264962.4083,R,B,,-75,,,
1791264962.4513,O,,,,-0.35033,-2.0012,0.4187
1791264962.4524,O,,,,-0.33974,-2.0012,0.4187
1791264962.4532,O,,,,-0.32916,-2.0012,0.4187
1791264962.4539,O,,,,-0.31857,-2.0012,0.4187
1791264962.4487,R,A,,-65,,,
1791264962.4616,R,C,,-73,,,
1791264962.4617,R,B,,-68,,,
1791264962.4988,R,C,,-63,,,
1791264962.4992,R,A,,-68,,,
1791264962.4993,R,B,,-76,,,
1791264962.5311,O,,,,-0.30930,-2.0010,0.4186
1791264962.5321,O,,,,-0.29871,-2.0010,0.4186
1791264962.5329,O,,,,-0.28945,-2.0007,0.4185
1791264962.5336,O,,,,-0.28150,-2.0002,0.4184
1791264962.5558,R,C,,-73,,,
1791264962.5560,R,A,,-70,,,
1791264962.5752,R,B,,-72,,,
1791264962.6068,O,,,,-0.27224,-2.0000,0.4183
1791264962.6079,O,,,,-0.26430,-1.9994,0.4181
1791264962.6087,O,,,,-0.25768,-1.9992,0.4181
1791264962.6095,O,,,,-0.25106,-1.9984,0.4179
1791264962.6070,R,B,,-72,,,
1791264962.6072,R,A,,-70,,,
1791264962.6075,R,C,,-69,,,
1791264962.6750,R,B,,-81,,,
1791264962.6752,R,C,,-63,,,
1791264962.6754,R,A,,-73,,,
1791264962.6867,O,,,,-0.24444,-1.9977,0.4177
1791264962.6878,O,,,,-0.23782,-1.9969,0.4175
1791264962.6887,O,,,,-0.23120,-1.9961,0.4173
1791264962.6899,O,,,,-0.22326,-1.9951,0.4171
1791264962.6789,R,C,,-70,,,
1791264962.6789,R,A,,-68,,,
1791264962.7251,R,B,,-92,,,
1791264962.7563,O,,,,-0.21929,-1.9943,0.4169
1791264962.7574,O,,,,-0.21400,-1.9933,0.4167
1791264962.7582,O,,,,-0.20870,-1.9922,0.4164
1791264962.7285,R,A,,-72,,,
1791264962.7289,R,C,,-67,,,
1791264962.7753,R,B,,-74,,,
1791264962.7784,R,A,,-72,,,
1791264962.7796,R,C,,-63,,,
1791264962.8115,R,A,,-75,,,
1791264962.8116,R,B,,-72,,,
1791264962.8119,R,C,,-72,,,
1791264962.8335,O,,,,-0.20341,-1.9912,0.4162
1791264962.8344,O,,,,-0.19811,-1.9902,0.4160
1791264962.8352,O,,,,-0.19547,-1.9891,0.4158
1791264962.8359,O,,,,-0.19149,-1.9878,0.4156
1791264962.8688,R,B,,-70,,,
1791264962.9129,O,,,,-0.19149,-1.9863,0.4152
1791264962.9137,O,,,,-0.19017,-1.9844,0.4149
1791264962.9145,O,,,,-0.19282,-1.9824,0.4145
1791264962.9153,O,,,,-0.19679,-1.9800,0.4140
1791264962.8794,R,C,,-63,,,
1791264962.8795,R,A,,-72,,,
1791264962.9177,R,C,,-59,,,
1791264962.9179,R,A,,-66,,,
1791264962.9247,R,B,,-62,,,
1791264962.9753,R,B,,-63,,,
1791264962.9918,O,,,,-0.19944,-1.9774,0.4135
1791264962.9927,O,,,,-0.20341,-1.9746,0.4129
1791264962.9936,O,,,,-0.20738,-1.9717,0.4123
1791264962.9944,O,,,,-0.21400,-1.9684,0.4116
1791264962.9788,R,A,,-66,,,
1791264962.9790,R,C,,-64,,,
1791264962.9895,R,C,,-70,,,
1791264963.0100,R,B,,-69,,,
1791264963.0110,R,A,,-67,,,
1791264963.0672,O,,,,-0.21797,-1.9650,0.4109
1791264963.0683,O,,,,-0.22459,-1.9616,0.4101
1791264963.0692,O,,,,-0.23253,-1.9580,0.4093
1791264963.0699,O,,,,-0.23782,-1.9544,0.4084
1791264963.0749,R,B,,-62,,,
1791264963.0784,R,A,,-67,,,
1791264963.0999,R,B,,-60,,,
1791264963.1206,R,B,,-63,,,
1791264963.1207,R,C,,-64,,,
1791264963.1209,R,A,,-78,,,
1791264963.1467,O,,,,-0.24444,-1.9506,0.4075
1791264963.1478,O,,,,-0.25371,-1.9467,0.4065
1791264963.1486,O,,,,-0.26165,-1.9431,0.4055
1791264963.1494,O,,,,-0.27091,-1.9393,0.4045
1791264963.1647,R,C,,-64,,,
1791264963.1651,R,B,,-75,,,
1791264963.2163,O,,,,-0.28018,-1.9355,0.4034
1791264963.2172,O,,,,-0.29077,-1.9314,0.4022
1791264963.2180,O,,,,-0.30401,-1.9274,0.4010
1791264963.1785,R,A,,-84,,,
1791264963.2247,R,B,,-73,,,
1791264963.2285,R,A,,-73,,,
1791264963.2289,R,C,,-58,,,
1791264963.2578,R,C,,-67,,,
1791264963.2606,R,B,,-84,,,
1791264963.2961,O,,,,-0.31724,-1.9233,0.3997
1791264963.2973,O,,,,-0.33180,-1.9196,0.3984
1791264963.2981,O,,,,-0.34636,-1.9153,0.3969
1791264963.2988,O,,,,-0.36225,-1.9114,0.3955
1791264963.2784,R,A,,-74,,,
1791264963.3019,R,A,,-74,,,
1791264963.3023,R,C,,-69,,,
1791264963.3246,R,B,,-72,,,
1791264963.3712,O,,,,-0.38078,-1.9074,0.3939
1791264963.3721,O,,,,-0.39666,-1.9035,0.3923
1791264963.3729,O,,,,-0.41519,-1.8996,0.3906
1791264963.3736,O,,,,-0.43372,-1.8957,0.3889
1791264963.3463,R,B,,-81,,,
1791264963.3466,R,A,,-73,,,
1791264963.3467,R,C,,-57,,,
1791264963.3899,R,C,,-61,,,
1791264963.4070,R,A,,-67,,,
1791264963.4072,R,B,,-80,,,
1791264963.4513,O,,,,-0.45226,-1.8919,0.3871
1791264963.4523,O,,,,-0.47211,-1.8879,0.3851
1791264963.4531,O,,,,-0.49064,-1.8841,0.3831
1791264963.4539,O,,,,-0.50917,-1.8804,0.3811
1791264963.4396,R,B,,-75,,,
1791264963.4406,R,C,,-60,,,
1791264963.4408,R,A,,-75,,,
1791264963.5265,O,,,,-0.52903,-1.8770,0.3791
1791264963.5283,O,,,,-0.54756,-1.8733,0.3769
1791264963.4804,R,B,,-76,,,
1791264963.5209,R,C,,-62,,,
1791264963.5211,R,A,,-69,,,
1791264963.5247,R,B,,-72,,,
1791264963.5297,O,,,,-0.56609,-1.8697,0.3747
1791264963.5309,O,,,,-0.58462,-1.8662,0.3724
1791264963.5713,R,C,,-72,,,
1791264963.5750,R,B,,-77,,,
1791264963.6072,O,,,,-0.60183,-1.8629,0.3702
1791264963.6086,O,,,,-0.61904,-1.8596,0.3679
1791264963.6095,O,,,,-0.63492,-1.8562,0.3654
1791264963.6103,O,,,,-0.65080,-1.8528,0.3629
1791264963.5784,R,A,,-72,,,
1791264963.6251,R,B,,-88,,,
1791264963.6285,R,A,,-67,,,
1791264963.6289,R,C,,-61,,,
1791264963.6753,R,B,,-72,,,
1791264963.6812,O,,,,-0.66669,-1.8499,0.3606
1791264963.6821,O,,,,-0.68125,-1.8468,0.3581
1791264963.6828,O,,,,-0.69448,-1.8439,0.3558
1791264963.6836,O,,,,-0.70772,-1.8407,0.3530
1791264963.6786,R,A,,-74,,,
1791264963.6796,R,C,,-64,,,
1791264963.7252,R,B,,-69,,,
1791264963.7515,O,,,,-0.72096,-1.8379,0.3506
1791264963.7525,O,,,,-0.73287,-1.8353,0.3483
1791264963.7534,O,,,,-0.74611,-1.8326,0.3458
1791264963.7288,R,C,,-52,,,
1791264963.7288,R,A,,-65,,,
1791264963.7586,R,C,,-64,,,
1791264963.7589,R,A,,-71,,,
1791264963.7751,R,B,,-80,,,
1791264963.8100,R,C,,-56,,,
1791264963.8104,R,A,,-69,,,
1791264963.8105,R,B,,-73,,,
1791264963.8310,O,,,,-0.75802,-1.8301,0.3435
1791264963.8319,O,,,,-0.76861,-1.8278,0.3413
1791264963.8327,O,,,,-0.78185,-1.8251,0.3387
1791264963.8334,O,,,,-0.79376,-1.8223,0.3359
1791264963.8628,R,A,,-65,,,
1791264963.8630,R,B,,-86,,,
1791264963.8633,R,C,,-60,,,
1791264963.9114,O,,,,-0.80567,-1.8199,0.3334
1791264963.9123,O,,,,-0.81758,-1.8175,0.3309
1791264963.9131,O,,,,-0.82950,-1.8149,0.3280
1791264963.9138,O,,,,-0.84141,-1.8122,0.3251
1791264963.9011,R,C,,-64,,,
1791264963.9014,R,B,,-83,,,
1791264963.9024,R,A,,-64,,,
1791264963.9500,R,B,,-76,,,
1791264963.9502,R,C,,-60,,,
1791264963.9504,R,A,,-64,,,
1791264963.9861,O,,,,-0.85332,-1.8096,0.3221
1791264963.9871,O,,,,-0.86259,-1.8070,0.3191
1791264963.9880,O,,,,-0.87318,-1.8042,0.3158
1791264963.9887,O,,,,-0.88377,-1.8015,0.3126
1791264964.0246,R,B,,-70,,,
1791264964.0662,O,,,,-0.89303,-1.7990,0.3095
1791264964.0676,O,,,,-0.90230,-1.7962,0.3060
1791264964.0688,O,,,,-0.91156,-1.7938,0.3029
1791264964.0700,O,,,,-0.91951,-1.7912,0.2995
1791264964.0283,R,A,,-59,,,
1791264964.0290,R,C,,-58,,,
1791264964.0449,R,C,,-60,,,
1791264964.0784,R,A,,-63,,,
1791264964.0791,R,C,,-60,,,
1791264964.1229,R,C,,-69,,,
1791264964.1239,R,A,,-60,,,
1791264964.1252,R,B,,-83,,,
1791264964.1411,O,,,,-0.93010,-1.7886,0.2961
1791264964.1419,O,,,,-0.93671,-1.7863,0.2929
1791264964.1427,O,,,,-0.94598,-1.7839,0.2897
1791264964.1434,O,,,,-0.95525,-1.7813,0.2861
1791264964.1752,R,B,,-77,,,
1791264964.1768,R,C,,-63,,,
1791264964.2111,O,,,,-0.96451,-1.7790,0.2828
1791264964.2119,O,,,,-0.97245,-1.7769,0.2797
1791264964.2127,O,,,,-0.98172,-1.7747,0.2765
1791264964.1784,R,A,,-57,,,
1791264964.2129,R,C,,-66,,,
1791264964.2132,R,A,,-62,,,
1791264964.2251,R,B,,-72,,,
1791264964.2556,R,B,,-72,,,
1791264964.2910,O,,,,-0.99231,-1.7727,0.2734
1791264964.2920,O,,,,-1.00290,-1.7707,0.2702
1791264964.2929,O,,,,-1.01216,-1.7688,0.2673
1791264964.2937,O,,,,-1.02143,-1.7670,0.2644
1791264964.2784,R,C,,-67,,,
1791264964.2786,R,A,,-61,,,
1791264964.3246,R,B,,-73,,,
1791264964.3661,O,,,,-1.03069,-1.7652,0.2615
1791264964.3675,O,,,,-1.04128,-1.7636,0.2587
1791264964.3683,O,,,,-1.05055,-1.7619,0.2558
1791264964.3693,O,,,,-1.05849,-1.7603,0.2530
1791264964.3284,R,A,,-61,,,
1791264964.3290,R,C,,-64,,,
1791264964.3416,R,C,,-62,,,
1791264964.3462,R,B,,-69,,,
1791264964.3543,R,A,,-68,,,
1791264964.4245,R,B,,-73,,,
1791264964.4248,R,C,,-62,,,
1791264964.4253,R,A,,-68,,,
1791264964.4462,O,,,,-1.06643,-1.7588,0.2502
1791264964.4472,O,,,,-1.07305,-1.7571,0.2472
1791264964.4481,O,,,,-1.07967,-1.7555,0.2442
1791264964.4489,O,,,,-1.08761,-1.7540,0.2414
1791264964.4752,R,B,,-69,,,
1791264964.5263,O,,,,-1.09423,-1.7524,0.2383
1791264964.5277,O,,,,-1.10085,-1.7508,0.2352
1791264964.5285,O,,,,-1.10747,-1.7493,0.2322
1791264964.4783,R,A,,-64,,,
1791264964.4793,R,B,,-70,,,
1791264964.4795,R,C,,-54,,,
1791264964.5295,O,,,,-1.11673,-1.7478,0.2291
1791264964.5283,R,A,,-71,,,
1791264964.5295,R,C,,-57,,,
1791264964.6015,O,,,,-1.12600,-1.7465,0.2265
1791264964.6029,O,,,,-1.13394,-1.7451,0.2236
1791264964.6041,O,,,,-1.14188,-1.7438,0.2207
1791264964.6050,O,,,,-1.15115,-1.7426,0.2181
1791264964.5784,R,A,,-68,,,
1791264964.5795,R,C,,-59,,,
1791264964.6213,R,A,,-71,,,
1791264964.6245,R,B,,-80,,,
1791264964.6721,O,,,,-1.15909,-1.7413,0.2152
1791264964.6730,O,,,,-1.16703,-1.7403,0.2127
1791264964.6740,O,,,,-1.17630,-1.7392,0.2100
1791264964.6299,R,C,,-59,,,
1791264964.6712,R,C,,-58,,,
1791264964.6714,R,B,,-78,,,
1791264964.6716,R,A,,-73,,,
1791264964.7124,R,B,,-69,,,
1791264964.7130,R,C,,-56,,,
1791264964.7512,O,,,,-1.18291,-1.7382,0.2078
1791264964.7521,O,,,,-1.19086,-1.7373,0.2054
1791264964.7530,O,,,,-1.19747,-1.7364,0.2032
1791264964.7538,O,,,,-1.20409,-1.7355,0.2009
1791264964.7284,R,A,,-70,,,
1791264964.7570,R,C,,-54,,,
1791264964.7750,R,B,,-71,,,
1791264964.7784,R,A,,-66,,,
1791264964.8252,R,B,,-71,,,
1791264964.8334,O,,,,-1.20939,-1.7348,0.1990
1791264964.8347,O,,,,-1.21336,-1.7339,0.1967
1791264964.8359,O,,,,-1.21865,-1.7332,0.1947
1791264964.8371,O,,,,-1.22262,-1.7326,0.1930
1791264964.8285,R,A,,-73,,,
1791264964.8288,R,C,,-61,,,
1791264964.8531,R,B,,-83,,,
1791264964.8532,R,A,,-64,,,
1791264964.9067,O,,,,-1.22527,-1.7318,0.1910
1791264964.9077,O,,,,-1.22924,-1.7312,0.1893
1791264964.9085,O,,,,-1.23057,-1.7306,0.1875
1791264964.9095,O,,,,-1.23321,-1.7301,0.1860
1791264964.8790,R,C,,-54,,,
1791264964.8989,R,B,,-77,,,
1791264964.8992,R,C,,-55,,,
1791264964.9052,R,A,,-63,,,
1791264964.9524,R,C,,-60,,,
1791264964.9750,R,B,,-75,,,
1791264964.9866,O,,,,-1.23321,-1.7295,0.1845
1791264964.9877,O,,,,-1.23321,-1.7290,0.1830
1791264964.9886,O,,,,-1.23189,-1.7284,0.1813
1791264964.9894,O,,,,-1.23189,-1.7279,0.1798
1791264964.9788,R,A,,-67,,,
1791264964.9962,R,B,,-75,,,
1791264964.9965,R,A,,-64,,,
1791264965.0222,R,A,,-65,,,
1791264965.0245,R,B,,-73,,,
1791264965.0614,O,,,,-1.23057,-1.7274,0.1785
1791264965.0625,O,,,,-1.22792,-1.7269,0.1770
1791264965.0633,O,,,,-1.22527,-1.7264,0.1755
1791264965.0641,O,,,,-1.22262,-1.7258,0.1740
1791264965.0290,R,C,,-54,,,
1791264965.0711,R,B,,-85,,,
1791264965.0717,R,A,,-65,,,
1791264965.0796,R,C,,-54,,,
1791264965.1186,R,C,,-57,,,
1791264965.1187,R,A,,-71,,,
1791264965.1245,R,B,,-79,,,
1791264965.1412,O,,,,-1.21998,-1.7253,0.1726
1791264965.1422,O,,,,-1.21468,-1.7247,0.1711
1791264965.1430,O,,,,-1.21071,-1.7241,0.1693
1791264965.1439,O,,,,-1.20409,-1.7234,0.1676
1791264965.1655,R,B,,-72,,,
1791264965.1658,R,A,,-70,,,
1791264965.1747,R,C,,-54,,,
1791264965.2114,O,,,,-1.19880,-1.7228,0.1661
1791264965.2124,O,,,,-1.19218,-1.7222,0.1644
1791264965.2132,O,,,,-1.18556,-1.7215,0.1627
1791264965.2745,R,B,,-73,,,
1791264965.2869,O,,,,-1.17894,-1.7208,0.1610
1791264965.2881,O,,,,-1.17233,-1.7201,0.1592
1791264965.2889,O,,,,-1.16438,-1.7192,0.1573
1791264965.2900,O,,,,-1.15776,-1.7185,0.1556
1791264965.2790,R,C,,-62,,,
1791264965.2791,R,A,,-68,,,
1791264965.2986,R,C,,-59,,,
1791264965.3045,R,A,,-68,,,
1791264965.3046,R,B,,-71,,,
1791264965.3659,O,,,,-1.15115,-1.7177,0.1539
1791264965.3669,O,,,,-1.14453,-1.7170,0.1522
1791264965.3677,O,,,,-1.13791,-1.7162,0.1505
1791264965.3685,O,,,,-1.12997,-1.7153,0.1486
1791264965.3751,R,B,,-71,,,
1791264965.3784,R,A,,-67,,,
1791264965.3790,R,C,,-62,,,
1791264965.4152,R,B,,-72,,,
1791264965.4156,R,C,,-66,,,
1791264965.4157,R,A,,-67,,,
1791264965.4417,O,,,,-1.12203,-1.7146,0.1472
1791264965.4427,O,,,,-1.11408,-1.7139,0.1457
1791264965.4435,O,,,,-1.10614,-1.7130,0.1439
1791264965.4442,O,,,,-1.09820,-1.7123,0.1424
1791264965.4694,R,B,,-79,,,
1791264965.4696,R,C,,-63,,,
1791264965.4698,R,A,,-67,,,
1791264965.5215,O,,,,-1.09026,-1.7115,0.1410
1791264965.5225,O,,,,-1.08364,-1.7107,0.1394
1791264965.5233,O,,,,-1.07437,-1.7098,0.1377
1791264965.5240,O,,,,-1.06643,-1.7090,0.1364
1791264965.5201,R,C,,-63,,,
1791264965.5203,R,A,,-71,,,
1791264965.5205,R,B,,-70,,,
1791264965.5289,R,A,,-70,,,
1791264965.5295,R,C,,-64,,,
1791264965.6017,O,,,,-1.05849,-1.7083,0.1350
1791264965.6026,O,,,,-1.05055,-1.7075,0.1336
1791264965.6034,O,,,,-1.04128,-1.7066,0.1320
1791264965.6042,O,,,,-1.03334,-1.7058,0.1306
1791264965.5785,R,A,,-68,,,
1791264965.5796,R,C,,-63,,,
1791264965.6237,R,C,,-71,,,
1791264965.6238,R,B,,-82,,,
1791264965.6715,O,,,,-1.02408,-1.7048,0.1290
1791264965.6726,O,,,,-1.01613,-1.7040,0.1277
1791264965.6734,O,,,,-1.00819,-1.7031,0.1263
1791264965.6287,R,A,,-70,,,
1791264965.6745,R,B,,-73,,,
1791264965.6784,R,A,,-73,,,
1791264965.6790,R,C,,-61,,,
1791264965.7225,R,A,,-67,,,
1791264965.7460,O,,,,-1.00025,-1.7023,0.1250
1791264965.7472,O,,,,-0.99098,-1.7013,0.1234
1791264965.7481,O,,,,-0.98304,-1.7004,0.1221
1791264965.7489,O,,,,-0.97510,-1.6995,0.1208
1791264965.7782,R,A,,-68,,,
1791264965.8252,R,B,,-74,,,
1791264965.8338,O,,,,-0.96716,-1.6986,0.1195
1791264965.8349,O,,,,-0.95789,-1.6975,0.1180
1791264965.8381,O,,,,-0.94995,-1.6966,0.1167
1791264965.8391,O,,,,-0.94201,-1.6957,0.1154
1791264965.8287,R,A,,-75,,,
1791264965.8295,R,C,,-61,,,
1791264965.8574,R,C,,-66,,,
1791264965.8577,R,B,,-81,,,
1791264965.8578,R,A,,-67,,,
1791264965.9043,O,,,,-0.93274,-1.6946,0.1139
1791264965.9056,O,,,,-0.92480,-1.6936,0.1126
1791264965.9064,O,,,,-0.91686,-1.6927,0.1113
1791264965.9072,O,,,,-0.90759,-1.6916,0.1099
1791264965.9075,R,C,,-67,,,
1791264965.9078,R,A,,-69,,,
1791264965.9291,R,C,,-65,,,
1791264965.9394,R,B,,-70,,,
1791264965.9812,O,,,,-0.89965,-1.6906,0.1086
1791264965.9824,O,,,,-0.89171,-1.6896,0.1074
1791264965.9832,O,,,,-0.88244,-1.6884,0.1060
1791264965.9839,O,,,,-0.87450,-1.6874,0.1047
1791264965.9788,R,A,,-73,,,
1791264965.9790,R,C,,-66,,,
1791264966.0231,R,B,,-79,,,
1791264966.0232,R,C,,-72,,,
1791264966.0618,O,,,,-0.86524,-1.6865,0.1037
1791264966.0627,O,,,,-0.85465,-1.6855,0.1025
1791264966.0635,O,,,,-0.84406,-1.6848,0.1017
1791264966.0642,O,,,,-0.83215,-1.6843,0.1011
1791264966.0287,R,A,,-69,,,
1791264966.0640,R,A,,-72,,,
1791264966.0642,R,C,,-71,,,
1791264966.1246,R,B,,-72,,,
1791264966.1363,O,,,,-0.81891,-1.6836,0.1004
1791264966.1376,O,,,,-0.80435,-1.6834,0.1002
1791264966.1389,O,,,,-0.78979,-1.6828,0.0996
1791264966.1431,O,,,,-0.77523,-1.6826,0.0994
1791264966.1284,R,A,,-74,,,
1791264966.1291,R,C,,-66,,,
1791264966.1506,R,A,,-72,,,
1791264966.2063,O,,,,-0.75934,-1.6822,0.0990
1791264966.2071,O,,,,-0.74346,-1.6822,0.0990
1791264966.2079,O,,,,-0.72758,-1.6822,0.0990
1791264966.2252,R,B,,-83,,,
1791264966.2284,R,A,,-78,,,
1791264966.2298,R,C,,-65,,,
1791264966.2533,R,C,,-64,,,
1791264966.2535,R,B,,-78,,,
1791264966.2873,O,,,,-0.71037,-1.6820,0.0989
1791264966.2887,O,,,,-0.69581,-1.6818,0.0987
1791264966.2897,O,,,,-0.67860,-1.6821,0.0989
1791264966.2908,O,,,,-0.66272,-1.6821,0.0989
1791264966.2789,R,A,,-66,,,
1791264966.2882,R,A,,-73,,,
1791264966.3186,R,B,,-85,,,
1791264966.3187,R,C,,-64,,,
1791264966.3688,O,,,,-0.64551,-1.6818,0.0987
1791264966.3696,O,,,,-0.62963,-1.6818,0.0987
1791264966.3704,O,,,,-0.61374,-1.6818,0.0987
1791264966.3712,O,,,,-0.59786,-1.6818,0.0987
1791264966.3584,R,C,,-63,,,
1791264966.3746,R,B,,-73,,,
1791264966.3783,R,A,,-71,,,
1791264966.4163,R,B,,-80,,,
1791264966.4260,R,C,,-55,,,
1791264966.4263,R,A,,-66,,,
1791264966.4412,O,,,,-0.58065,-1.6821,0.0988
1791264966.4447,O,,,,-0.56477,-1.6821,0.0988
1791264966.4455,O,,,,-0.54756,-1.6818,0.0987
1791264966.4463,O,,,,-0.53167,-1.6818,0.0987
1791264966.4289,R,C,,-55,,,
1791264966.4735,R,C,,-60,,,
1791264966.4747,R,B,,-82,,,
1791264966.5168,O,,,,-0.51447,-1.6821,0.0988
1791264966.5177,O,,,,-0.49726,-1.6818,0.0987
1791264966.5185,O,,,,-0.48138,-1.6818,0.0987
1791264966.5193,O,,,,-0.46549,-1.6818,0.0987
1791264966.5252,R,B,,-66,,,
1791264966.5287,R,A,,-71,,,
1791264966.5291,R,C,,-59,,,
1791264966.5650,R,B,,-86,,,
1791264966.5652,R,C,,-59,,,
1791264966.5754,R,A,,-73,,,
1791264966.5962,O,,,,-0.44696,-1.6818,0.0987
1791264966.5971,O,,,,-0.43108,-1.6818,0.0987
1791264966.5978,O,,,,-0.41519,-1.6818,0.0987
1791264966.5985,O,,,,-0.39931,-1.6818,0.0987
1791264966.6239,R,B,,-75,,,
1791264966.6663,O,,,,-0.38078,-1.6818,0.0987
1791264966.6674,O,,,,-0.36489,-1.6818,0.0987
1791264966.6682,O,,,,-0.34901,-1.6818,0.0987
1791264966.6284,R,A,,-78,,,
1791264966.6291,R,C,,-61,,,
1791264966.6695,R,B,,-73,,,
1791264966.6784,R,A,,-71,,,
1791264966.6796,R,C,,-58,,,
1791264966.6924,R,C,,-56,,,
1791264966.7246,R,B,,-81,,,
1791264966.7485,O,,,,-0.33313,-1.6818,0.0987
1791264966.7493,O,,,,-0.31459,-1.6818,0.0987
1791264966.7501,O,,,,-0.29871,-1.6818,0.0987
1791264966.7508,O,,,,-0.28283,-1.6818,0.0987
1791264966.7284,R,A,,-73,,,
1791264966.7746,R,C,,-67,,,
1791264966.7748,R,A,,-69,,,
1791264966.7752,R,B,,-72,,,
1791264966.8213,O,,,,-0.26562,-1.6821,0.0988
1791264966.8223,O,,,,-0.24841,-1.6818,0.0987
1791264966.8231,O,,,,-0.23253,-1.6818,0.0987
1791264966.8239,O,,,,-0.21797,-1.6816,0.0987
1791264966.8252,R,B,,-73,,,
1791264966.8283,R,A,,-64,,,
1791264966.8288,R,C,,-60,,,
1791264966.8312,R,C,,-66,,,
1791264966.8734,R,B,,-73,,,
1791264966.8751,R,C,,-62,,,
1791264966.8757,R,B,,-71,,,
1791264966.9013,O,,,,-0.20208,-1.6811,0.0985
1791264966.9023,O,,,,-0.18620,-1.6811,0.0985
1791264966.9031,O,,,,-0.17032,-1.6805,0.0984
1791264966.9038,O,,,,-0.15576,-1.6803,0.0984
1791264966.8787,R,A,,-65,,,
1791264966.9168,R,C,,-64,,,
1791264966.9170,R,A,,-62,,,
1791264966.9747,R,B,,-76,,,
1791264966.9811,O,,,,-0.14252,-1.6798,0.0983
1791264966.9821,O,,,,-0.13061,-1.6795,0.0983
1791264966.9829,O,,,,-0.11737,-1.6790,0.0982
1791264966.9837,O,,,,-0.10546,-1.6782,0.0981
1791264966.9790,R,C,,-59,,,
1791264966.9792,R,A,,-61,,,
1791264967.0096,R,B,,-68,,,
1791264967.0104,R,A,,-64,,,
1791264967.0607,O,,,,-0.09354,-1.6774,0.0981
1791264967.0616,O,,,,-0.08163,-1.6766,0.0980
1791264967.0623,O,,,,-0.07104,-1.6755,0.0979
1791264967.0631,O,,,,-0.05913,-1.6747,0.0979
1791264967.0296,R,C,,-65,,,
1791264967.0563,R,C,,-71,,,
1791264967.0565,R,B,,-89,,,
1791264967.0567,R,A,,-63,,,
1791264967.1025,R,C,,-61,,,
1791264967.1027,R,A,,-65,,,
1791264967.1366,O,,,,-0.04722,-1.6734,0.0978
1791264967.1377,O,,,,-0.03398,-1.6718,0.0977
1791264967.1385,O,,,,-0.02207,-1.6705,0.0977
1791264967.1393,O,,,,-0.00883,-1.6684,0.0977
1791264967.1432,R,C,,-67,,,
1791264967.1747,R,B,,-68,,,
1791264967.2060,O,,,,0.00573,-1.6665,0.0977
1791264967.2068,O,,,,0.01897,-1.6644,0.0977
1791264967.2076,O,,,,0.03353,-1.6620,0.0977
1791264967.1784,R,A,,-69,,,
1791264967.1985,R,B,,-74,,,
1791264967.1989,R,A,,-68,,,
1791264967.1989,R,C,,-65,,,
1791264967.2725,R,B,,-67,,,
1791264967.2729,R,A,,-71,,,
1791264967.2731,R,C,,-65,,,
1791264967.2747,R,B,,-67,,,
1791264967.2753,R,A,,-67,,,
1791264967.2813,O,,,,0.04809,-1.6597,0.0978
1791264967.2824,O,,,,0.06397,-1.6570,0.0980
1791264967.2833,O,,,,0.07853,-1.6546,0.0982
1791264967.2841,O,,,,0.09309,-1.6517,0.0984
1791264967.3224,R,C,,-63,,,
1791264967.3230,R,A,,-69,,,
1791264967.3248,R,B,,-69,,,
1791264967.3612,O,,,,0.11030,-1.6488,0.0987
1791264967.3625,O,,,,0.12486,-1.6460,0.0990
1791264967.3637,O,,,,0.14074,-1.6428,0.0995
1791264967.3649,O,,,,0.15663,-1.6397,0.0999
1791264967.3712,R,C,,-83,,,
1791264967.3714,R,B,,-69,,,
1791264967.3715,R,A,,-66,,,
1791264967.4247,R,B,,-65,,,
1791264967.4361,O,,,,0.17251,-1.6365,0.1005
1791264967.4371,O,,,,0.18972,-1.6331,0.1011
1791264967.4379,O,,,,0.20560,-1.6300,0.1017
1791264967.4387,O,,,,0.22281,-1.6267,0.1024
1791264967.4283,R,A,,-66,,,
1791264967.4290,R,C,,-61,,,
1791264967.4646,R,C,,-61,,,
1791264967.4649,R,A,,-63,,,
1791264967.4650,R,B,,-62,,,
1791264967.5237,O,,,,0.23869,-1.6236,0.1032
1791264967.5251,O,,,,0.25458,-1.6205,0.1039
1791264967.5259,O,,,,0.27046,-1.6174,0.1048
1791264967.5270,O,,,,0.28635,-1.6144,0.1056
1791264967.5134,R,B,,-65,,,
1791264967.5137,R,A,,-60,,,
1791264967.5140,R,C,,-60,,,
1791264967.5542,R,B,,-57,,,
1791264967.5927,O,,,,0.30223,-1.6113,0.1065
1791264967.5937,O,,,,0.31679,-1.6081,0.1076
1791264967.5945,O,,,,0.33135,-1.6048,0.1087
1791264967.5952,O,,,,0.34326,-1.6015,0.1098
1791264967.5784,R,A,,-60,,,
1791264967.5790,R,C,,-72,,,
1791264967.5975,R,C,,-64,,,
1791264967.5976,R,B,,-63,,,
1791264967.5978,R,A,,-62,,,
1791264967.6619,O,,,,0.35385,-1.5981,0.1111
1791264967.6631,O,,,,0.36312,-1.5948,0.1123
1791264967.6639,O,,,,0.37238,-1.5911,0.1137
1791264967.6494,R,B,,-61,,,
1791264967.6631,R,C,,-68,,,
1791264967.6787,R,A,,-63,,,
1791264967.6827,R,B,,-60,,,
1791264967.6880,R,C,,-78,,,
1791264967.7228,R,A,,-60,,,
1791264967.7236,R,B,,-61,,,
1791264967.7246,R,A,,-61,,,
1791264967.7413,O,,,,0.37900,-1.5874,0.1152
1791264967.7423,O,,,,0.38562,-1.5838,0.1167
1791264967.7432,O,,,,0.39091,-1.5798,0.1183
1791264967.7440,O,,,,0.39489,-1.5762,0.1198
1791264967.7284,R,C,,-65,,,
1791264967.7747,R,B,,-63,,,
1791264967.8212,O,,,,0.39886,-1.5725,0.1213
1791264967.8222,O,,,,0.40150,-1.5686,0.1230
1791264967.8231,O,,,,0.40415,-1.5647,0.1246
1791264967.8239,O,,,,0.40547,-1.5611,0.1262
1791264967.7785,R,A,,-63,,,
1791264967.7791,R,C,,-65,,,
1791264967.8041,R,C,,-63,,,
1791264967.8048,R,A,,-69,,,
1791264967.8252,R,B,,-64,,,
1791264967.8466,R,A,,-67,,,
1791264967.8466,R,B,,-62,,,
1791264967.8467,R,C,,-65,,,
1791264967.8962,O,,,,0.40547,-1.5572,0.1279
1791264967.8972,O,,,,0.40680,-1.5535,0.1294
1791264967.8980,O,,,,0.40680,-1.5496,0.1311
1791264967.8988,O,,,,0.40812,-1.5460,0.1327
1791264967.9173,R,B,,-61,,,
1791264967.9178,R,C,,-83,,,
1791264967.9762,O,,,,0.40812,-1.5421,0.1344
1791264967.9773,O,,,,0.40680,-1.5384,0.1359
1791264967.9783,O,,,,0.40812,-1.5348,0.1375
1791264967.9284,R,A,,-68,,,
1791264967.9336,R,B,,-65,,,
1791264967.9347,R,C,,-68,,,
1791264967.9396,R,A,,-70,,,
1791264967.9794,O,,,,0.40812,-1.5309,0.1392
1791264967.9788,R,A,,-69,,,
1791264967.9789,R,C,,-69,,,
1791264968.0201,R,B,,-61,,,
1791264968.0209,R,A,,-64,,,
1791264968.0609,O,,,,0.40812,-1.5270,0.1409
1791264968.0619,O,,,,0.40812,-1.5231,0.1426
1791264968.0628,O,,,,0.40812,-1.5192,0.1442
1791264968.0635,O,,,,0.40680,-1.5156,0.1458
1791264968.0296,R,C,,-68,,,
1791264968.0644,R,C,,-69,,,
1791264968.0644,R,B,,-62,,,
1791264968.0784,R,A,,-72,,,
1791264968.1247,R,B,,-63,,,
1791264968.1310,O,,,,0.40680,-1.5117,0.1475
1791264968.1319,O,,,,0.40547,-1.5081,0.1491
1791264968.1327,O,,,,0.40547,-1.5042,0.1507
1791264968.1335,O,,,,0.40283,-1.5003,0.1524
1791264968.1285,R,A,,-68,,,
1791264968.1290,R,C,,-64,,,
1791264968.1594,R,C,,-63,,,
1791264968.1596,R,A,,-67,,,
1791264968.2017,O,,,,0.40150,-1.4966,0.1540
1791264968.2026,O,,,,0.39886,-1.4927,0.1556
1791264968.2035,O,,,,0.39621,-1.4888,0.1572
1791264968.2038,R,B,,-65,,,
1791264968.2284,R,A,,-58,,,
1791264968.2291,R,C,,-63,,,
1791264968.2500,R,B,,-66,,,
1791264968.2516,R,A,,-62,,,
1791264968.2522,R,C,,-67,,,
1791264968.2812,O,,,,0.39489,-1.4852,0.1588
1791264968.2821,O,,,,0.39224,-1.4812,0.1604
1791264968.2829,O,,,,0.38959,-1.4773,0.1620
1791264968.2836,O,,,,0.38562,-1.4736,0.1635
1791264968.2917,R,A,,-60,,,
1791264968.3249,R,B,,-62,,,
1791264968.3563,O,,,,0.38297,-1.4697,0.1651
1791264968.3574,O,,,,0.37900,-1.4660,0.1666
1791264968.3582,O,,,,0.37371,-1.4621,0.1681
1791264968.3589,O,,,,0.36709,-1.4584,0.1696
1791264968.3290,R,C,,-69,,,
1791264968.3407,R,B,,-63,,,
1791264968.3618,R,A,,-59,,,
1791264968.4128,R,B,,-65,,,
1791264968.4363,O,,,,0.36047,-1.4542,0.1712
1791264968.4377,O,,,,0.35385,-1.4505,0.1726
1791264968.4389,O,,,,0.34591,-1.4465,0.1740
1791264968.4401,O,,,,0.33929,-1.4422,0.1755
1791264968.4284,R,A,,-61,,,
1791264968.4295,R,C,,-71,,,
1791264968.4677,R,B,,-67,,,
1791264968.4693,R,C,,-77,,,
1791264968.4702,R,B,,-65,,,
1791264968.5162,O,,,,0.33135,-1.4382,0.1769
1791264968.5175,O,,,,0.32341,-1.4342,0.1783
1791264968.5188,O,,,,0.31414,-1.4305,0.1795
1791264968.5195,O,,,,0.30620,-1.4264,0.1808
1791264968.4788,R,A,,-64,,,
1791264968.5247,R,B,,-64,,,
1791264968.5291,R,A,,-63,,,
1791264968.5293,R,C,,-69,,,
1791264968.5640,R,B,,-63,,,
1791264968.5642,R,C,,-81,,,
1791264968.5651,R,A,,-63,,,
1791264968.5954,O,,,,0.29826,-1.4224,0.1821
1791264968.5964,O,,,,0.29296,-1.4183,0.1833
1791264968.5972,O,,,,0.28502,-1.4143,0.1845
1791264968.5979,O,,,,0.27708,-1.4102,0.1857
1791264968.6252,R,B,,-61,,,
1791264968.6610,O,,,,0.27046,-1.4064,0.1868
1791264968.6619,O,,,,0.26252,-1.4023,0.1879
1791264968.6627,O,,,,0.25723,-1.3982,0.1890
1791264968.6283,R,A,,-63,,,
1791264968.6505,R,B,,-62,,,
1791264968.6516,R,A,,-72,,,
1791264968.6518,R,C,,-64,,,
1791264968.6982,R,A,,-74,,,
1791264968.6982,R,C,,-64,,,
1791264968.7098,R,B,,-60,,,
1791264968.7413,O,,,,0.25061,-1.3944,0.1900
1791264968.7422,O,,,,0.24399,-1.3900,0.1911
1791264968.7429,O,,,,0.23605,-1.3859,0.1921
1791264968.7440,O,,,,0.23075,-1.3818,0.1931
1791264968.7351,R,B,,-62,,,
1791264968.7352,R,C,,-66,,,
1791264968.7356,R,A,,-82,,,
1791264968.8170,O,,,,0.22546,-1.3776,0.1940
1791264968.8181,O,,,,0.22016,-1.3735,0.1950
1791264968.8189,O,,,,0.21487,-1.3694,0.1959
1791264968.8197,O,,,,0.20957,-1.3657,0.1966
1791264968.7795,R,B,,-66,,,
1791264968.7797,R,C,,-64,,,
1791264968.8252,R,B,,-62,,,
1791264968.8283,R,A,,-69,,,
1791264968.8295,R,C,,-62,,,
1791264968.8706,R,A,,-66,,,
1791264968.8709,R,C,,-66,,,
1791264968.8711,R,B,,-57,,,
1791264968.8963,O,,,,0.20428,-1.3616,0.1975
1791264968.8976,O,,,,0.19898,-1.3575,0.1984
1791264968.8988,O,,,,0.19369,-1.3533,0.1992
1791264968.8999,O,,,,0.18840,-1.3491,0.2000
1791264968.9712,O,,,,0.18310,-1.3450,0.2008
1791264968.9722,O,,,,0.17913,-1.3411,0.2015
1791264968.9730,O,,,,0.17383,-1.3369,0.2022
1791264968.9738,O,,,,0.16854,-1.3327,0.2030
1791264968.9612,R,B,,-58,,,
1791264968.9614,R,C,,-63,,,
1791264968.9622,R,A,,-75,,,
1791264969.0246,R,B,,-59,,,
1791264969.0520,O,,,,0.16325,-1.3285,0.2037
1791264969.0531,O,,,,0.15927,-1.3246,0.2043
1791264969.0541,O,,,,0.15530,-1.3202,0.2050
1791264969.0549,O,,,,0.15133,-1.3163,0.2056
1791264969.0283,R,A,,-64,,,
1791264969.0291,R,C,,-61,,,
1791264969.0485,R,B,,-56,,,
1791264969.1285,O,,,,0.14869,-1.3121,0.2062
1791264969.0785,R,A,,-64,,,
1791264969.0797,R,C,,-60,,,
1791264969.0915,R,C,,-62,,,
1791264969.0916,R,B,,-61,,,
1791264969.1141,R,A,,-63,,,
1791264969.1298,O,,,,0.14471,-1.3076,0.2069
1791264969.1306,O,,,,0.14207,-1.3034,0.2075
1791264969.1313,O,,,,0.13810,-1.2995,0.2081
1791264969.1290,R,C,,-58,,,
1791264969.2012,O,,,,0.13677,-1.2956,0.2086
1791264969.2021,O,,,,0.13413,-1.2914,0.2092
1791264969.2028,O,,,,0.13148,-1.2872,0.2097
1791264969.2094,R,C,,-64,,,
1791264969.2247,R,B,,-59,,,
1791264969.2760,O,,,,0.13015,-1.2832,0.2103
1791264969.2773,O,,,,0.12883,-1.2793,0.2108
1791264969.2783,O,,,,0.12883,-1.2751,0.2113
1791264969.2285,R,A,,-63,,,
1791264969.2753,R,B,,-64,,,
1791264969.2795,O,,,,0.12751,-1.2712,0.2118
1791264969.2784,R,A,,-61,,,
1791264969.2790,R,C,,-58,,,
1791264969.2984,R,C,,-61,,,
1791264969.2990,R,B,,-67,,,
1791264969.2994,R,A,,-63,,,
1791264969.3562,O,,,,0.12751,-1.2670,0.2124
1791264969.3571,O,,,,0.12751,-1.2627,0.2129
1791264969.3579,O,,,,0.12618,-1.2588,0.2134
1791264969.3586,O,,,,0.12618,-1.2546,0.2139
1791264969.3501,R,B,,-64,,,
1791264969.3503,R,A,,-66,,,
1791264969.3505,R,C,,-57,,,
1791264969.4022,R,B,,-76,,,
1791264969.4263,R,A,,-79,,,
1791264969.4272,R,C,,-63,,,
1791264969.4310,O,,,,0.12618,-1.2504,0.2145
1791264969.4320,O,,,,0.12751,-1.2465,0.2150
1791264969.4328,O,,,,0.12751,-1.2423,0.2155
1791264969.4338,O,,,,0.12883,-1.2383,0.2160
1791264969.4287,R,A,,-71,,,
1791264969.4723,R,B,,-67,,,
1791264969.5118,O,,,,0.12883,-1.2341,0.2166
1791264969.5128,O,,,,0.13148,-1.2299,0.2171
1791264969.5136,O,,,,0.13280,-1.2260,0.2176
1791264969.5144,O,,,,0.13545,-1.2218,0.2182
1791264969.4791,R,C,,-56,,,
1791264969.4793,R,A,,-64,,,
1791264969.5145,R,B,,-66,,,
1791264969.5148,R,A,,-64,,,
1791264969.5161,R,C,,-58,,,
1791264969.5671,R,B,,-66,,,
1791264969.5973,O,,,,0.13677,-1.2179,0.2187
1791264969.5983,O,,,,0.14074,-1.2139,0.2193
1791264969.5991,O,,,,0.14339,-1.2097,0.2199
1791264969.5999,O,,,,0.14339,-1.2055,0.2205
1791264969.5785,R,A,,-69,,,
1791264969.5791,R,C,,-62,,,
1791264969.6103,R,B,,-69,,,
1791264969.6131,R,A,,-65,,,
1791264969.6134,R,C,,-64,,,
1791264969.6604,O,,,,0.14736,-1.2016,0.2211
1791264969.6615,O,,,,0.14869,-1.1977,0.2217
1791264969.6622,O,,,,0.15133,-1.1935,0.2223
1791264969.6625,R,C,,-60,,,
1791264969.6630,R,A,,-64,,,
1791264969.6632,R,B,,-69,,,
1791264969.7190,R,B,,-79,,,
1791264969.7191,R,C,,-65,,,
1791264969.7366,O,,,,0.15398,-1.1893,0.2229
1791264969.7376,O,,,,0.15663,-1.1851,0.2236
1791264969.7384,O,,,,0.15795,-1.1812,0.2242
1791264969.7392,O,,,,0.16060,-1.1770,0.2249
1791264969.7289,R,A,,-68,,,
1791264969.7743,R,A,,-68,,,
1791264969.7746,R,B,,-71,,,
1791264969.8165,O,,,,0.16325,-1.1728,0.2256
1791264969.8175,O,,,,0.16457,-1.1689,0.2262
1791264969.8182,O,,,,0.16722,-1.1647,0.2269
1791264969.8190,O,,,,0.17119,-1.1608,0.2276
1791264969.7792,R,C,,-71,,,
1791264969.7952,R,B,,-70,,,
1791264969.8186,R,C,,-66,,,
1791264969.8190,R,A,,-67,,,
1791264969.8752,R,B,,-75,,,
1791264969.8912,O,,,,0.17516,-1.1564,0.2284
1791264969.8922,O,,,,0.17913,-1.1525,0.2291
1791264969.8930,O,,,,0.18442,-1.1483,0.2298
1791264969.8937,O,,,,0.18707,-1.1442,0.2306
1791264969.8785,R,A,,-73,,,
1791264969.8786,R,C,,-63,,,
1791264969.8802,R,C,,-63,,,
1791264969.9243,R,B,,-88,,,
1791264969.9720,O,,,,0.19237,-1.1400,0.2314
1791264969.9729,O,,,,0.19766,-1.1358,0.2322
1791264969.9737,O,,,,0.20163,-1.1320,0.2330
1791264969.9747,O,,,,0.20428,-1.1278,0.2339
1791264969.9287,R,A,,-68,,,
1791264969.9292,R,C,,-69,,,
1791264969.9747,R,B,,-81,,,
1791264969.9787,R,A,,-68,,,
1791264969.9797,R,C,,-65,,,
1791264970.0253,R,B,,-70,,,
1791264970.0463,O,,,,0.20957,-1.1237,0.2347
1791264970.0481,O,,,,0.21487,-1.1195,0.2356
1791264970.0494,O,,,,0.21884,-1.1156,0.2365
1791264970.0505,O,,,,0.22413,-1.1115,0.2374
1791264970.0284,R,A,,-72,,,
1791264970.0288,R,C,,-67,,,
1791264970.0575,R,B,,-73,,,
1791264970.0578,R,A,,-75,,,
1791264970.0579,R,C,,-71,,,
1791264970.1162,O,,,,0.22678,-1.1074,0.2384
1791264970.1172,O,,,,0.23075,-1.1030,0.2394
1791264970.1186,O,,,,0.23340,-1.0994,0.2402
1791264970.1280,R,A,,-76,,,
1791264970.1292,R,C,,-67,,,
1791264970.1547,R,B,,-67,,,
1791264970.1548,R,C,,-69,,,
1791264970.1943,O,,,,0.23605,-1.0953,0.2412
1791264970.1953,O,,,,0.23737,-1.0909,0.2423
1791264970.1962,O,,,,0.23869,-1.0870,0.2432
1791264970.1970,O,,,,0.23737,-1.0827,0.2443
1791264970.1784,R,A,,-71,,,
1791264970.2006,R,B,,-72,,,
1791264970.2011,R,C,,-66,,,
1791264970.2764,O,,,,0.23737,-1.0785,0.2453
1791264970.2773,O,,,,0.23737,-1.0744,0.2463
1791264970.2781,O,,,,0.23472,-1.0703,0.2472
1791264970.2286,R,A,,-74,,,
1791264970.2792,O,,,,0.23472,-1.0662,0.2482
1791264970.3249,R,B,,-61,,,
1791264970.3520,O,,,,0.23208,-1.0621,0.2492
1791264970.3530,O,,,,0.23075,-1.0582,0.2501
1791264970.3538,O,,,,0.22810,-1.0541,0.2511
1791264970.3546,O,,,,0.22678,-1.0502,0.2520
1791264970.3284,R,A,,-63,,,
1791264970.3291,R,C,,-72,,,
1791264970.3483,R,A,,-69,,,
1791264970.3486,R,C,,-66,,,
1791264970.3487,R,B,,-64,,,
1791264970.3903,R,C,,-66,,,
1791264970.3904,R,B,,-63,,,
1791264970.4338,O,,,,0.22413,-1.0461,0.2529
1791264970.4347,O,,,,0.22149,-1.0420,0.2539
1791264970.4354,O,,,,0.22016,-1.0381,0.2547
1791264970.4362,O,,,,0.21752,-1.0339,0.2557
1791264970.4284,R,A,,-66,,,
1791264970.4492,R,A,,-66,,,
1791264970.4493,R,B,,-71,,,
1791264970.4495,R,C,,-74,,,
1791264970.5063,O,,,,0.21487,-1.0298,0.2566
1791264970.5074,O,,,,0.21090,-1.0259,0.2574
1791264970.5083,O,,,,0.20957,-1.0220,0.2582
1791264970.5091,O,,,,0.20693,-1.0179,0.2591
1791264970.4790,R,A,,-64,,,
1791264970.4793,R,C,,-75,,,
1791264970.5246,R,B,,-66,,,
1791264970.5284,R,A,,-63,,,
1791264970.5296,R,C,,-65,,,
1791264970.5705,R,C,,-61,,,
1791264970.5717,R,A,,-81,,,
1791264970.5752,R,B,,-58,,,
1791264970.5933,O,,,,0.20428,-1.0137,0.2600
1791264970.5943,O,,,,0.20296,-1.0099,0.2608
1791264970.5951,O,,,,0.20031,-1.0057,0.2616
1791264970.5958,O,,,,0.19766,-1.0016,0.2625
1791264970.6159,R,B,,-63,,,
1791264970.6605,O,,,,0.19501,-0.9974,0.2633
1791264970.6615,O,,,,0.19104,-0.9935,0.2640
1791264970.6623,O,,,,0.18972,-0.9896,0.2648
1791264970.6283,R,A,,-57,,,
1791264970.6292,R,C,,-67,,,
1791264970.6566,R,B,,-59,,,
1791264970.6591,R,C,,-63,,,
1791264970.6594,R,A,,-60,,,
1791264970.6979,R,B,,-55,,,
1791264970.6987,R,C,,-64,,,
1791264970.6991,R,A,,-57,,,
1791264970.7370,O,,,,0.18707,-0.9854,0.2656
1791264970.7378,O,,,,0.18442,-0.9813,0.2664
1791264970.7386,O,,,,0.18178,-0.9771,0.2671
1791264970.7393,O,,,,0.18045,-0.9732,0.2679
1791264970.7698,R,B,,-55,,,
1791264970.7699,R,C,,-61,,,
1791264970.7747,R,A,,-57,,,
1791264970.8115,O,,,,0.17781,-0.9690,0.2686
1791264970.8125,O,,,,0.17516,-0.9649,0.2694
1791264970.8133,O,,,,0.17383,-0.9610,0.2700
1791264970.8141,O,,,,0.17119,-0.9568,0.2708
1791264970.8042,R,A,,-57,,,
1791264970.8247,R,B,,-58,,,
1791264970.8292,R,C,,-58,,,
1791264970.8602,R,C,,-56,,,
1791264970.8603,R,A,,-56,,,
1791264970.8624,R,B,,-50,,,
1791264970.8978,O,,,,0.16722,-0.9529,0.2714
1791264970.8986,O,,,,0.16589,-0.9490,0.2721
1791264970.8994,O,,,,0.16325,-0.9448,0.2728
1791264970.9002,O,,,,0.16060,-0.9406,0.2735
1791264970.9247,R,B,,-63,,,
1791264970.9662,O,,,,0.15795,-0.9364,0.2742
1791264970.9672,O,,,,0.15663,-0.9325,0.2748
1791264970.9679,O,,,,0.15398,-0.9283,0.2754
1791264970.9687,O,,,,0.15001,-0.9244,0.2760
1791264970.9287,R,A,,-56,,,
1791264970.9292,R,C,,-55,,,
1791264970.9514,R,B,,-64,,,
1791264970.9598,R,C,,-58,,,
1791264970.9607,R,A,,-57,,,
1791264971.0152,R,B,,-61,,,
1791264971.0188,R,C,,-61,,,
1791264971.0192,R,A,,-60,,,
1791264971.0465,O,,,,0.14604,-0.9205,0.2766
1791264971.0475,O,,,,0.14207,-0.9165,0.2772
1791264971.0483,O,,,,0.13942,-0.9123,0.2778
1791264971.0490,O,,,,0.13280,-0.9084,0.2783
1791264971.0750,R,B,,-65,,,
1791264971.1167,O,,,,0.12883,-0.9045,0.2788
1791264971.1177,O,,,,0.12089,-0.9003,0.2794
1791264971.1185,O,,,,0.11427,-0.8963,0.2798
1791264971.0788,R,A,,-66,,,
1791264971.0791,R,C,,-61,,,
1791264971.0806,R,B,,-63,,,
1791264971.1204,R,C,,-63,,,
1791264971.1208,R,A,,-63,,,
1791264971.1211,R,B,,-59,,,
1791264971.1748,R,B,,-60,,,
1791264971.1911,O,,,,0.10500,-0.8924,0.2803
1791264971.1924,O,,,,0.09706,-0.8882,0.2807
1791264971.1931,O,,,,0.08780,-0.8842,0.2811
1791264971.1938,O,,,,0.07588,-0.8802,0.2814
1791264971.1785,R,A,,-65,,,
1791264971.1796,R,C,,-58,,,
1791264971.2220,R,B,,-60,,,
1791264971.2719,O,,,,0.06529,-0.8760,0.2817
1791264971.2729,O,,,,0.05338,-0.8721,0.2819
1791264971.2736,O,,,,0.04015,-0.8678,0.2821
1791264971.2744,O,,,,0.02691,-0.8636,0.2823
1791264971.2291,R,A,,-61,,,
1791264971.2297,R,C,,-63,,,
1791264971.2601,R,C,,-63,,,
1791264971.2603,R,A,,-63,,,
1791264971.2605,R,B,,-59,,,
1791264971.3002,R,A,,-64,,,
1791264971.3009,R,C,,-62,,,
1791264971.3010,R,B,,-62,,,
1791264971.3517,O,,,,0.01367,-0.8599,0.2823
1791264971.3530,O,,,,0.00044,-0.8557,0.2824
1791264971.3538,O,,,,-0.01412,-0.8517,0.2823
1791264971.3545,O,,,,-0.03001,-0.8480,0.2823
1791264971.3414,R,B,,-61,,,
1791264971.3415,R,C,,-58,,,
1791264971.3417,R,A,,-58,,,
1791264971.4264,O,,,,-0.04457,-0.8440,0.2821
1791264971.4278,O,,,,-0.06045,-0.8403,0.2819
1791264971.4291,O,,,,-0.07634,-0.8366,0.2817
1791264971.3830,R,B,,-60,,,
1791264971.3839,R,A,,-58,,,
1791264971.4255,R,C,,-58,,,
1791264971.4258,R,A,,-57,,,
1791264971.4305,O,,,,-0.09222,-0.8329,0.2813
1791264971.4703,R,A,,-59,,,
1791264971.4753,R,B,,-57,,,
1791264971.5068,O,,,,-0.10678,-0.8290,0.2810
1791264971.5081,O,,,,-0.12002,-0.8253,0.2805
1791264971.5094,O,,,,-0.13458,-0.8213,0.2800
1791264971.5106,O,,,,-0.14781,-0.8177,0.2795
1791264971.4791,R,C,,-56,,,
1791264971.5081,R,A,,-59,,,
1791264971.5253,R,B,,-57,,,
1791264971.5297,R,C,,-63,,,
1791264971.5549,R,C,,-63,,,
1791264971.5552,R,A,,-57,,,
1791264971.5662,R,B,,-61,,,
1791264971.5815,O,,,,-0.16105,-0.8140,0.2789
1791264971.5827,O,,,,-0.17164,-0.8098,0.2782
1791264971.5837,O,,,,-0.18223,-0.8062,0.2776
1791264971.5850,O,,,,-0.19414,-0.8023,0.2768
1791264971.6247,R,B,,-51,,,
1791264971.6514,O,,,,-0.20341,-0.7984,0.2761
1791264971.6523,O,,,,-0.21267,-0.7945,0.2752
1791264971.6530,O,,,,-0.22326,-0.7904,0.2743
1791264971.6283,R,A,,-55,,,
1791264971.6292,R,C,,-61,,,
1791264971.6546,R,C,,-59,,,
1791264971.6548,R,A,,-56,,,
1791264971.6549,R,B,,-55,,,
1791264971.6939,R,C,,-57,,,
1791264971.6943,R,A,,-60,,,
1791264971.6944,R,B,,-55,,,
1791264971.7311,O,,,,-0.23120,-0.7868,0.2735
1791264971.7319,O,,,,-0.24047,-0.7829,0.2726
1791264971.7327,O,,,,-0.24709,-0.7790,0.2716
1791264971.7335,O,,,,-0.25503,-0.7749,0.2705
1791264971.7743,R,C,,-60,,,
1791264971.7747,R,B,,-56,,,
1791264971.7751,R,A,,-56,,,
1791264971.8117,O,,,,-0.25900,-0.7711,0.2695
1791264971.8130,O,,,,-0.26562,-0.7673,0.2685
1791264971.8137,O,,,,-0.26827,-0.7632,0.2674
1791264971.8145,O,,,,-0.27224,-0.7588,0.2662
1791264971.7922,R,B,,-58,,,
1791264971.7925,R,C,,-58,,,
1791264971.7926,R,A,,-57,,,
1791264971.8259,R,C,,-59,,,
1791264971.8284,R,A,,-56,,,
1791264971.8749,R,B,,-57,,,
1791264971.8861,O,,,,-0.27489,-0.7548,0.2650
1791264971.8871,O,,,,-0.27621,-0.7504,0.2638
1791264971.8879,O,,,,-0.27753,-0.7461,0.2626
1791264971.8887,O,,,,-0.27753,-0.7420,0.2614
1791264971.8783,R,A,,-58,,,
1791264971.8791,R,C,,-60,,,
1791264971.9140,R,B,,-57,,,
1791264971.9142,R,A,,-62,,,
1791264971.9662,O,,,,-0.27886,-0.7377,0.2602
1791264971.9675,O,,,,-0.27886,-0.7336,0.2590
1791264971.9687,O,,,,-0.27621,-0.7296,0.2579
1791264971.9697,O,,,,-0.27621,-0.7255,0.2567
1791264971.9297,R,C,,-65,,,
1791264971.9582,R,B,,-63,,,
1791264971.9591,R,A,,-61,,,
1791264971.9687,R,C,,-64,,,
1791264972.0003,R,A,,-62,,,
1791264972.0005,R,C,,-69,,,
1791264972.0049,R,B,,-62,,,
1791264972.0411,O,,,,-0.27356,-0.7214,0.2556
1791264972.0421,O,,,,-0.27356,-0.7173,0.2544
1791264972.0432,O,,,,-0.27224,-0.7135,0.2533
1791264972.0441,O,,,,-0.27091,-0.7097,0.2523
1791264972.0472,R,A,,-62,,,
1791264972.0474,R,B,,-60,,,
1791264972.1111,O,,,,-0.26959,-0.7059,0.2512
1791264972.1120,O,,,,-0.26694,-0.7018,0.2501
1791264972.1129,O,,,,-0.26562,-0.6985,0.2492
1791264972.0789,R,C,,-71,,,
1791264972.0942,R,C,,-61,,,
1791264972.1147,R,B,,-56,,,
1791264972.1149,R,A,,-62,,,
1791264972.1335,R,B,,-52,,,
1791264972.1769,R,C,,-60,,,
1791264972.1952,O,,,,-0.26430,-0.6946,0.2482
1791264972.1978,O,,,,-0.26430,-0.6905,0.2470
1791264972.1987,O,,,,-0.26297,-0.6867,0.2460
1791264972.1995,O,,,,-0.26165,-0.6829,0.2450
1791264972.1784,R,A,,-62,,,
1791264972.1793,R,C,,-61,,,
1791264972.1804,R,A,,-62,,,
1791264972.2100,R,B,,-51,,,
1791264972.2661,O,,,,-0.26032,-0.6790,0.2440
1791264972.2671,O,,,,-0.25900,-0.6752,0.2429
1791264972.2679,O,,,,-0.26032,-0.6713,0.2419
1791264972.2687,O,,,,-0.26032,-0.6673,0.2408
1791264972.2292,R,A,,-66,,,
1791264972.2293,R,C,,-62,,,
1791264972.2691,R,B,,-65,,,
1791264972.2714,R,B,,-63,,,
1791264972.2787,R,C,,-68,,,
1791264972.2788,R,A,,-73,,,
1791264972.3089,R,C,,-65,,,
1791264972.3090,R,B,,-61,,,
1791264972.3259,R,A,,-57,,,
1791264972.3467,O,,,,-0.26165,-0.6634,0.2398
1791264972.3478,O,,,,-0.26165,-0.6593,0.2387
1791264972.3486,O,,,,-0.26430,-0.6552,0.2376
1791264972.3495,O,,,,-0.26694,-0.6511,0.2365
1791264972.3659,R,C,,-63,,,
1791264972.3661,R,A,,-57,,,
1791264972.3747,R,B,,-55,,,
1791264972.4262,O,,,,-0.26959,-0.6471,0.2354
1791264972.4274,O,,,,-0.27224,-0.6430,0.2342
1791264972.4282,O,,,,-0.27753,-0.6389,0.2331
1791264972.4252,R,B,,-58,,,
1791264972.4292,O,,,,-0.28018,-0.6348,0.2319
1791264972.4284,R,A,,-55,,,
1791264972.4285,R,C,,-57,,,
1791264972.4449,R,B,,-52,,,
1791264972.4514,R,C,,-62,,,
1791264972.4516,R,A,,-61,,,
1791264972.5012,O,,,,-0.28547,-0.6308,0.2307
1791264972.5021,O,,,,-0.29077,-0.6267,0.2295
1791264972.5029,O,,,,-0.29606,-0.6227,0.2283
1791264972.5037,O,,,,-0.30136,-0.6186,0.2271
1791264972.5224,R,C,,-64,,,
1791264972.5229,R,B,,-57,,,
1791264972.5284,R,A,,-61,,,
1791264972.5444,R,C,,-64,,,
1791264972.5446,R,A,,-57,,,
1791264972.5446,R,B,,-57,,,
1791264972.5811,O,,,,-0.30665,-0.6146,0.2258
1791264972.5819,O,,,,-0.31195,-0.6105,0.2245
1791264972.5828,O,,,,-0.31592,-0.6068,0.2233
1791264972.5838,O,,,,-0.32121,-0.6022,0.2218
1791264972.5962,R,B,,-58,,,
1791264972.5964,R,A,,-65,,,
1791264972.5967,R,C,,-65,,,
1791264972.6512,O,,,,-0.32518,-0.5985,0.2205
1791264972.6526,O,,,,-0.33048,-0.5945,0.2192
1791264972.6557,O,,,,-0.33577,-0.5904,0.2178
1791264972.6398,R,B,,-60,,,
1791264972.6715,R,C,,-65,,,
1791264972.6751,R,B,,-62,,,
1791264972.7263,O,,,,-0.34107,-0.5865,0.2164
1791264972.7274,O,,,,-0.34769,-0.5827,0.2150
1791264972.7282,O,,,,-0.35298,-0.5787,0.2136
1791264972.6783,R,A,,-66,,,
1791264972.7253,R,B,,-71,,,
1791264972.7292,O,,,,-0.35828,-0.5748,0.2121
1791264972.7282,R,A,,-66,,,
1791264972.7291,R,C,,-63,,,
1791264972.7699,R,B,,-70,,,
1791264972.8067,O,,,,-0.36357,-0.5708,0.2106
1791264972.8081,O,,,,-0.36754,-0.5671,0.2092
1791264972.8093,O,,,,-0.37284,-0.5631,0.2077
1791264972.8105,O,,,,-0.37813,-0.5592,0.2061
1791264972.7783,R,A,,-73,,,
1791264972.7796,R,C,,-73,,,
1791264972.8248,R,B,,-67,,,
1791264972.8264,R,A,,-71,,,
1791264972.8268,R,C,,-72,,,
1791264972.8621,R,B,,-62,,,
1791264972.8633,R,A,,-63,,,
1791264972.8669,R,C,,-65,,,
1791264972.8862,O,,,,-0.38343,-0.5553,0.2045
1791264972.8876,O,,,,-0.39004,-0.5511,0.2028
1791264972.8886,O,,,,-0.39401,-0.5474,0.2013
1791264972.8894,O,,,,-0.39931,-0.5435,0.1997
1791264972.9121,R,C,,-62,,,
1791264972.9131,R,A,,-62,,,
1791264972.9186,R,B,,-63,,,
1791264972.9611,O,,,,-0.40460,-0.5396,0.1980
1791264972.9620,O,,,,-0.40990,-0.5357,0.1963
1791264972.9628,O,,,,-0.41519,-0.5319,0.1946
1791264972.9636,O,,,,-0.42049,-0.5280,0.1929
1791264972.9505,R,A,,-61,,,
1791264972.9507,R,C,,-61,,,
1791264972.9747,R,B,,-63,,,
1791264973.0253,R,B,,-57,,,
1791264973.0414,O,,,,-0.42578,-0.5241,0.1912
1791264973.0428,O,,,,-0.43108,-0.5203,0.1894
1791264973.0441,O,,,,-0.43637,-0.5164,0.1876
1791264973.0454,O,,,,-0.44167,-0.5126,0.1858
1791264973.0287,R,A,,-62,,,
1791264973.0292,R,C,,-66,,,
1791264973.0467,R,B,,-64,,,
1791264973.0469,R,C,,-61,,,
1791264973.0471,R,A,,-58,,,
1791264973.1114,O,,,,-0.44564,-0.5090,0.1841
1791264973.1123,O,,,,-0.44961,-0.5050,0.1822
1791264973.1131,O,,,,-0.45358,-0.5014,0.1805
1791264973.1126,R,A,,-58,,,
1791264973.1257,R,B,,-57,,,
1791264973.1291,R,C,,-58,,,
1791264973.1414,R,B,,-60,,,
1791264973.1417,R,C,,-65,,,
1791264973.1519,R,A,,-61,,,
1791264973.1768,R,C,,-65,,,
1791264973.1861,O,,,,-0.45755,-0.4978,0.1787
1791264973.1869,O,,,,-0.46020,-0.4940,0.1768
1791264973.1877,O,,,,-0.46284,-0.4902,0.1750
1791264973.1884,O,,,,-0.46549,-0.4864,0.1731
1791264973.1785,R,A,,-60,,,
1791264973.2247,R,B,,-63,,,
1791264973.2661,O,,,,-0.47079,-0.4827,0.1711
1791264973.2676,O,,,,-0.47476,-0.4786,0.1691
1791264973.2685,O,,,,-0.47873,-0.4751,0.1673
1791264973.2694,O,,,,-0.48270,-0.4716,0.1654
1791264973.2289,R,C,,-60,,,
1791264973.2289,R,A,,-60,,,
1791264973.2665,R,C,,-59,,,
1791264973.2669,R,A,,-57,,,
1791264973.2723,R,B,,-63,,,
1791264973.3078,R,C,,-66,,,
1791264973.3247,R,B,,-61,,,
1791264973.3272,R,A,,-61,,,
1791264973.3465,O,,,,-0.48535,-0.4679,0.1635
1791264973.3475,O,,,,-0.48932,-0.4643,0.1616
1791264973.3483,O,,,,-0.49197,-0.4606,0.1596
1791264973.3491,O,,,,-0.49461,-0.4569,0.1576
1791264973.3566,R,C,,-62,,,
1791264973.3569,R,A,,-61,,,
1791264973.3572,R,B,,-66,,,
1791264973.4216,O,,,,-0.49858,-0.4534,0.1557
1791264973.4231,O,,,,-0.50123,-0.4497,0.1537
1791264973.4239,O,,,,-0.50388,-0.4460,0.1516
1791264973.4247,O,,,,-0.50653,-0.4422,0.1496
1791264973.3966,R,C,,-58,,,
1791264973.3970,R,B,,-60,,,
1791264973.3971,R,A,,-60,,,
1791264973.4419,R,C,,-63,,,
1791264973.4634,R,B,,-64,,,
1791264973.4648,R,A,,-61,,,
1791264973.5013,O,,,,-0.50917,-0.4385,0.1475
1791264973.5027,O,,,,-0.51182,-0.4349,0.1455
1791264973.5037,O,,,,-0.51579,-0.4314,0.1435
1791264973.5045,O,,,,-0.51711,-0.4279,0.1415
1791264973.4871,R,B,,-69,,,
1791264973.5139,R,C,,-61,,,
1791264973.5763,O,,,,-0.51976,-0.4243,0.1395
1791264973.5773,O,,,,-0.52109,-0.4208,0.1375
1791264973.5781,O,,,,-0.52241,-0.4169,0.1352
1791264973.5287,R,A,,-62,,,
1791264973.5648,R,C,,-60,,,
1791264973.5650,R,A,,-60,,,
1791264973.5652,R,B,,-62,,,
1791264973.5792,O,,,,-0.52373,-0.4135,0.1332
1791264973.6224,R,B,,-69,,,
1791264973.6225,R,A,,-58,,,
1791264973.6233,R,C,,-61,,,
1791264973.6249,R,A,,-58,,,
1791264973.6250,R,B,,-65,,,
1791264973.6461,O,,,,-0.52506,-0.4100,0.1313
1791264973.6470,O,,,,-0.52506,-0.4064,0.1291
1791264973.6478,O,,,,-0.52506,-0.4027,0.1270
1791264973.6680,R,A,,-62,,,
1791264973.6686,R,B,,-69,,,
1791264973.6691,R,C,,-62,,,
1791264973.7281,O,,,,-0.52638,-0.3993,0.1250
1791264973.7289,O,,,,-0.52638,-0.3956,0.1229
1791264973.7255,R,B,,-66,,,
1791264973.7300,O,,,,-0.52638,-0.3919,0.1208
1791264973.7307,O,,,,-0.52638,-0.3883,0.1186
1791264973.7286,R,A,,-62,,,
1791264973.7292,R,C,,-60,,,
1791264973.7746,R,B,,-69,,,
1791264973.7749,R,C,,-68,,,
1791264973.8015,O,,,,-0.52638,-0.3851,0.1168
1791264973.8025,O,,,,-0.52638,-0.3814,0.1146
1791264973.8036,O,,,,-0.52638,-0.3778,0.1125
1791264973.8044,O,,,,-0.52638,-0.3741,0.1104
1791264973.7781,R,A,,-62,,,
1791264973.8254,R,B,,-90,,,
1791264973.8283,R,A,,-61,,,
1791264973.8292,R,C,,-60,,,
1791264973.8755,R,B,,-74,,,
1791264973.8811,O,,,,-0.52770,-0.3707,0.1084
1791264973.8819,O,,,,-0.52638,-0.3672,0.1064
1791264973.8827,O,,,,-0.52638,-0.3636,0.1043
1791264973.8835,O,,,,-0.52638,-0.3599,0.1021
1791264973.8783,R,A,,-61,,,
1791264973.8798,R,C,,-57,,,
1791264973.9024,R,C,,-64,,,
1791264973.9025,R,B,,-82,,,
1791264973.9027,R,A,,-62,,,
1791264973.9612,O,,,,-0.52638,-0.3562,0.1000
1791264973.9621,O,,,,-0.52638,-0.3530,0.0982
1791264973.9629,O,,,,-0.52638,-0.3494,0.0960
1791264973.9637,O,,,,-0.52638,-0.3457,0.0939
1791264973.9514,R,C,,-58,,,
1791264973.9516,R,B,,-70,,,
1791264973.9519,R,A,,-62,,,
1791264973.9887,R,C,,-60,,,
1791264973.9891,R,A,,-60,,,
1791264973.9893,R,B,,-74,,,
1791264974.0362,O,,,,-0.52638,-0.3421,0.0918
1791264974.0371,O,,,,-0.52638,-0.3384,0.0896
1791264974.0379,O,,,,-0.52638,-0.3352,0.0878
1791264974.0387,O,,,,-0.52638,-0.3315,0.0856
1791264974.0588,R,C,,-60,,,
1791264974.0751,R,B,,-80,,,
1791264974.1062,O,,,,-0.52506,-0.3281,0.0837
1791264974.1070,O,,,,-0.52638,-0.3247,0.0817
1791264974.1078,O,,,,-0.52506,-0.3212,0.0797
1791264974.0787,R,A,,-63,,,
1791264974.0793,R,C,,-66,,,
1791264974.0802,R,A,,-65,,,
1791264974.1284,R,A,,-65,,,
1791264974.1288,R,C,,-77,,,
1791264974.1712,R,A,,-64,,,
1791264974.1714,R,C,,-67,,,
1791264974.1754,R,B,,-68,,,
1791264974.1918,O,,,,-0.52506,-0.3180,0.0778
1791264974.1930,O,,,,-0.52506,-0.3148,0.0760
1791264974.1938,O,,,,-0.52506,-0.3116,0.0741
1791264974.1946,O,,,,-0.52506,-0.3084,0.0722
1791264974.2218,R,A,,-59,,,
1791264974.2220,R,C,,-62,,,
1791264974.2252,R,B,,-66,,,
1791264974.2613,O,,,,-0.52506,-0.3052,0.0704
1791264974.2622,O,,,,-0.52506,-0.3020,0.0685
1791264974.2629,O,,,,-0.52506,-0.2988,0.0667
1791264974.2637,O,,,,-0.52638,-0.2958,0.0649
1791264974.2630,R,A,,-67,,,
1791264974.2755,R,B,,-69,,,
1791264974.3076,R,C,,-63,,,
1791264974.3253,R,B,,-68,,,
1791264974.3263,R,A,,-61,,,
1791264974.3413,O,,,,-0.52506,-0.2928,0.0632
1791264974.3423,O,,,,-0.52506,-0.2901,0.0616
1791264974.3431,O,,,,-0.52506,-0.2873,0.0600
1791264974.3439,O,,,,-0.52506,-0.2846,0.0584
1791264974.3754,R,B,,-76,,,
1791264974.4215,O,,,,-0.52506,-0.2818,0.0568
1791264974.4226,O,,,,-0.52506,-0.2795,0.0555
1791264974.4234,O,,,,-0.52373,-0.2770,0.0541
1791264974.4242,O,,,,-0.52506,-0.2745,0.0526
1791264974.3784,R,A,,-62,,,
1791264974.3792,R,C,,-66,,,
1791264974.3920,R,C,,-63,,,
1791264974.4099,R,A,,-61,,,
1791264974.4253,R,B,,-68,,,
1791264974.4746,R,C,,-63,,,
1791264974.4753,R,B,,-78,,,
1791264974.4755,R,A,,-63,,,
1791264974.4962,O,,,,-0.52506,-0.2722,0.0513
1791264974.4971,O,,,,-0.52506,-0.2699,0.0499
1791264974.4978,O,,,,-0.52373,-0.2674,0.0485
1791264974.4985,O,,,,-0.52373,-0.2651,0.0472
1791264974.4784,R,C,,-74,,,
1791264974.4785,R,A,,-67,,,
1791264974.5230,R,B,,-72,,,
1791264974.5663,O,,,,-0.52373,-0.2628,0.0458
1791264974.5672,O,,,,-0.52373,-0.2605,0.0445
1791264974.5680,O,,,,-0.52373,-0.2582,0.0432
1791264974.5283,R,A,,-63,,,
1791264974.5291,R,C,,-58,,,
1791264974.5702,R,A,,-73,,,
1791264974.5796,R,C,,-63,,,
1791264974.6204,R,B,,-69,,,
1791264974.6207,R,A,,-61,,,
1791264974.6207,R,C,,-64,,,
1791264974.6463,O,,,,-0.52373,-0.2564,0.0421
1791264974.6475,O,,,,-0.52373,-0.2541,0.0408
1791264974.6489,O,,,,-0.52373,-0.2523,0.0397
1791264974.6497,O,,,,-0.52373,-0.2504,0.0387
1791264974.6522,R,B,,-70,,,
1791264974.6614,R,C,,-64,,,
1791264974.6704,R,A,,-62,,,
1791264974.7249,O,,,,-0.52241,-0.2484,0.0375
1791264974.7260,O,,,,-0.52109,-0.2463,0.0363
1791264974.7267,O,,,,-0.52109,-0.2445,0.0353
1791264974.7275,O,,,,-0.51976,-0.2424,0.0341
1791264974.7053,R,B,,-69,,,
1791264974.7061,R,A,,-65,,,
1791264974.7201,R,C,,-66,,,
1791264974.7414,R,B,,-81,,,
1791264974.7419,R,C,,-56,,,
1791264974.8013,O,,,,-0.51844,-0.2408,0.0332
1791264974.8022,O,,,,-0.51579,-0.2389,0.0321
1791264974.8029,O,,,,-0.51579,-0.2371,0.0311
1791264974.8037,O,,,,-0.51314,-0.2353,0.0300
1791264974.7784,R,A,,-67,,,
1791264974.8147,R,C,,-57,,,
1791264974.8228,R,B,,-68,,,
1791264974.8231,R,A,,-74,,,
1791264974.8293,R,C,,-55,,,
1791264974.8698,R,A,,-77,,,
1791264974.8698,R,B,,-80,,,
1791264974.8812,O,,,,-0.51050,-0.2334,0.0290
1791264974.8821,O,,,,-0.50917,-0.2318,0.0281
1791264974.8829,O,,,,-0.50653,-0.2299,0.0270
1791264974.8836,O,,,,-0.50255,-0.2283,0.0262
1791264974.8799,R,C,,-60,,,
1791264974.9196,R,B,,-67,,,
1791264974.9199,R,C,,-61,,,
1791264974.9566,O,,,,-0.49991,-0.2265,0.0251
1791264974.9577,O,,,,-0.49594,-0.2248,0.0242
1791264974.9586,O,,,,-0.49197,-0.2227,0.0231
1791264974.9594,O,,,,-0.48799,-0.2211,0.0222
1791264974.9292,R,A,,-70,,,
1791264974.9703,R,C,,-58,,,
1791264974.9705,R,B,,-77,,,
1791264974.9788,R,A,,-80,,,
1791264975.0239,R,C,,-56,,,
1791264975.0241,R,A,,-68,,,
1791264975.0246,R,B,,-67,,,
1791264975.0336,O,,,,-0.48402,-0.2195,0.0214
1791264975.0349,O,,,,-0.48005,-0.2178,0.0205
1791264975.0357,O,,,,-0.47476,-0.2159,0.0196
1791264975.0364,O,,,,-0.46814,-0.2143,0.0187
1791264975.0577,R,C,,-59,,,
1791264975.0579,R,A,,-67,,,
1791264975.0756,R,B,,-73,,,
1791264975.1064,O,,,,-0.46284,-0.2124,0.0178
1791264975.1074,O,,,,-0.45623,-0.2107,0.0169
1791264975.1082,O,,,,-0.44961,-0.2091,0.0161
1791264975.1040,R,C,,-71,,,
1791264975.1043,R,B,,-66,,,
1791264975.1285,R,A,,-74,,,
1791264975.1453,R,A,,-71,,,
1791264975.1633,R,B,,-65,,,
1791264975.1838,O,,,,-0.44299,-0.2074,0.0153
1791264975.1846,O,,,,-0.43637,-0.2057,0.0145
1791264975.1854,O,,,,-0.43240,-0.2040,0.0138
1791264975.1864,O,,,,-0.42578,-0.2023,0.0130
1791264975.1793,R,C,,-66,,,
1791264975.2128,R,C,,-56,,,
1791264975.2247,R,B,,-74,,,
1791264975.2627,O,,,,-0.41784,-0.2009,0.0123
1791264975.2640,O,,,,-0.41122,-0.1992,0.0116
1791264975.2651,O,,,,-0.40328,-0.1973,0.0107
1791264975.2659,O,,,,-0.39534,-0.1958,0.0101
1791264975.2286,R,A,,-66,,,
1791264975.2403,R,B,,-68,,,
1791264975.2407,R,A,,-75,,,
1791264975.2753,R,B,,-69,,,
1791264975.2784,R,A,,-72,,,
1791264975.2792,R,C,,-55,,,
1791264975.3189,R,A,,-72,,,
1791264975.3195,R,C,,-55,,,
1791264975.3196,R,B,,-80,,,
1791264975.3359,O,,,,-0.38872,-0.1941,0.0094
1791264975.3365,O,,,,-0.38078,-0.1926,0.0088
1791264975.3370,O,,,,-0.37151,-0.1909,0.0081
1791264975.3379,O,,,,-0.36357,-0.1894,0.0076
1791264975.3749,R,B,,-70,,,
1791264975.4162,O,,,,-0.35695,-0.1877,0.0069
1791264975.4171,O,,,,-0.34901,-0.1862,0.0064
1791264975.4179,O,,,,-0.34107,-0.1847,0.0058
1791264975.4187,O,,,,-0.33180,-0.1829,0.0052
1791264975.3783,R,A,,-69,,,
1791264975.3792,R,C,,-53,,,
1791264975.4254,R,B,,-69,,,
1791264975.4283,R,A,,-81,,,
1791264975.4297,R,C,,-54,,,
1791264975.4558,R,B,,-68,,,
1791264975.4562,R,C,,-58,,,
1791264975.4564,R,A,,-72,,,
1791264975.4995,O,,,,-0.32386,-0.1814,0.0047
1791264975.5006,O,,,,-0.31592,-0.1799,0.0042
1791264975.5014,O,,,,-0.30665,-0.1782,0.0036
1791264975.5022,O,,,,-0.29871,-0.1766,0.0032
1791264975.4974,R,A,,-71,,,
1791264975.4976,R,C,,-61,,,
1791264975.5254,R,B,,-67,,,
1791264975.5658,O,,,,-0.29077,-0.1751,0.0027
1791264975.5669,O,,,,-0.28150,-0.1733,0.0022
1791264975.5677,O,,,,-0.27356,-0.1718,0.0018
1791264975.5499,R,A,,-65,,,
1791264975.5503,R,C,,-53,,,
1791264975.5503,R,B,,-71,,,
1791264975.5883,R,C,,-57,,,
1791264975.5894,R,A,,-71,,,
1791264975.6102,R,B,,-69,,,
1791264975.6412,O,,,,-0.26430,-0.1700,0.0013
1791264975.6423,O,,,,-0.25635,-0.1685,0.0009
1791264975.6432,O,,,,-0.24841,-0.1670,0.0005
1791264975.6440,O,,,,-0.24047,-0.1654,0.0001
1791264975.6393,R,C,,-60,,,
1791264975.6395,R,A,,-67,,,
1791264975.6548,R,B,,-66,,,
1791264975.7220,O,,,,-0.23120,-0.1641,-0.0002
1791264975.7231,O,,,,-0.22062,-0.1626,-0.0006
1791264975.7240,O,,,,-0.21003,-0.1615,-0.0008
1791264975.7248,O,,,,-0.19944,-0.1605,-0.0010
1791264975.7248,R,B,,-71,,,
1791264975.7288,R,A,,-68,,,
1791264975.7291,R,C,,-64,,,
1791264975.7712,R,C,,-68,,,
1791264975.7758,R,B,,-80,,,
1791264975.7766,R,A,,-71,,,
1791264975.7967,O,,,,-0.18752,-0.1597,-0.0012
1791264975.7978,O,,,,-0.17296,-0.1590,-0.0013
1791264975.7986,O,,,,-0.15840,-0.1587,-0.0014
1791264975.7994,O,,,,-0.14252,-0.1582,-0.0015
1791264975.8199,R,A,,-72,,,
1791264975.8245,R,B,,-84,,,
1791264975.8765,O,,,,-0.12796,-0.1579,-0.0015
1791264975.8775,O,,,,-0.11208,-0.1574,-0.0016
1791264975.8783,O,,,,-0.09619,-0.1574,-0.0016
1791264975.8291,R,C,,-72,,,
1791264975.8616,R,C,,-68,,,
1791264975.8619,R,B,,-81,,,
1791264975.8623,R,A,,-69,,,
1791264975.8792,O,,,,-0.08031,-0.1574,-0.0016
1791264975.9044,R,B,,-84,,,
1791264975.9048,R,A,,-74,,,
1791264975.9149,R,C,,-74,,,
1791264975.9562,O,,,,-0.06442,-0.1569,-0.0016
1791264975.9574,O,,,,-0.04854,-0.1569,-0.0016
1791264975.9583,O,,,,-0.03266,-0.1569,-0.0016
1791264975.9590,O,,,,-0.01677,-0.1569,-0.0016
1791264975.9527,R,C,,-85,,,
1791264975.9528,R,B,,-78,,,
1791264975.9613,R,A,,-72,,,
1791264976.0033,R,C,,-63,,,
1791264976.0035,R,B,,-69,,,
1791264976.0330,O,,,,0.00044,-0.1571,-0.0016
1791264976.0343,O,,,,0.01764,-0.1569,-0.0016
1791264976.0352,O,,,,0.03353,-0.1569,-0.0016
1791264976.0359,O,,,,0.04941,-0.1569,-0.0016
1791264976.0285,R,A,,-76,,,
1791264976.0476,R,B,,-70,,,
1791264976.0478,R,C,,-61,,,
1791264976.0479,R,A,,-67,,,
1791264976.1011,O,,,,0.06662,-0.1571,-0.0016
1791264976.1021,O,,,,0.08383,-0.1569,-0.0016
1791264976.1029,O,,,,0.09971,-0.1569,-0.0016
1791264976.1249,R,B,,-69,,,
1791264976.1284,R,C,,-60,,,
1791264976.1285,R,A,,-73,,,
1791264976.1362,R,B,,-71,,,
1791264976.1651,R,C,,-60,,,
1791264976.1672,R,A,,-70,,,
1791264976.1812,O,,,,0.11824,-0.1569,-0.0016
1791264976.1821,O,,,,0.13413,-0.1569,-0.0016
1791264976.1828,O,,,,0.15001,-0.1569,-0.0016
1791264976.1836,O,,,,0.16589,-0.1569,-0.0016
1791264976.2241,R,B,,-68,,,
1791264976.2266,R,B,,-71,,,
1791264976.2610,O,,,,0.18178,-0.1569,-0.0016
1791264976.2625,O,,,,0.19766,-0.1563,-0.0015
1791264976.2635,O,,,,0.21354,-0.1563,-0.0015
1791264976.2644,O,,,,0.22943,-0.1558,-0.0014
1791264976.2283,R,A,,-74,,,
1791264976.2292,R,C,,-63,,,
1791264976.2727,R,B,,-73,,,
1791264976.2728,R,C,,-59,,,
1791264976.2784,R,A,,-72,,,
1791264976.3151,R,C,,-57,,,
1791264976.3152,R,B,,-67,,,
1791264976.3365,O,,,,0.24399,-0.1556,-0.0013
1791264976.3376,O,,,,0.25855,-0.1553,-0.0012
1791264976.3384,O,,,,0.27179,-0.1548,-0.0011
1791264976.3392,O,,,,0.28502,-0.1543,-0.0010
1791264976.3284,R,A,,-68,,,
1791264976.3567,R,A,,-69,,,
1791264976.3732,R,B,,-69,,,
1791264976.3733,R,C,,-71,,,
1791264976.4161,O,,,,0.29693,-0.1540,-0.0009
1791264976.4171,O,,,,0.31017,-0.1535,-0.0007
1791264976.4180,O,,,,0.32076,-0.1530,-0.0006
1791264976.4187,O,,,,0.33267,-0.1523,-0.0003
1791264976.4052,R,C,,-68,,,
1791264976.4054,R,B,,-66,,,
1791264976.4056,R,A,,-67,,,
1791264976.4613,R,C,,-63,,,
1791264976.4614,R,B,,-68,,,
1791264976.4746,R,A,,-78,,,
1791264976.4913,O,,,,0.34459,-0.1515,-0.0000
1791264976.4974,O,,,,0.35385,-0.1508,0.0002
1791264976.4982,O,,,,0.36444,-0.1498,0.0006
1791264976.4990,O,,,,0.37371,-0.1490,0.0009
1791264976.4911,R,C,,-66,,,
1791264976.5173,R,B,,-76,,,
1791264976.5612,O,,,,0.38297,-0.1478,0.0014
1791264976.5623,O,,,,0.39356,-0.1468,0.0018
1791264976.5630,O,,,,0.40283,-0.1456,0.0023
1791264976.5289,R,A,,-65,,,
1791264976.5292,R,C,,-70,,,
1791264976.5752,R,B,,-75,,,
1791264976.5783,R,A,,-67,,,
1791264976.6202,R,B,,-73,,,
1791264976.6412,O,,,,0.40945,-0.1444,0.0028
1791264976.6422,O,,,,0.41871,-0.1432,0.0034
1791264976.6430,O,,,,0.42798,-0.1415,0.0041
1791264976.6438,O,,,,0.43724,-0.1403,0.0047
1791264976.6283,R,A,,-69,,,
1791264976.6297,R,C,,-74,,,
1791264976.6605,R,C,,-91,,,
1791264976.6750,R,B,,-79,,,
1791264976.7162,O,,,,0.44518,-0.1389,0.0053
1791264976.7173,O,,,,0.45577,-0.1369,0.0063
1791264976.7182,O,,,,0.46504,-0.1353,0.0071
1791264976.7189,O,,,,0.47563,-0.1334,0.0081
1791264976.6792,R,A,,-72,,,
1791264976.7102,R,B,,-76,,,
1791264976.7105,R,A,,-66,,,
1791264976.7108,R,C,,-79,,,
1791264976.7546,R,B,,-71,,,
1791264976.7649,R,C,,-67,,,
1791264976.7993,O,,,,0.48622,-0.1315,0.0090
1791264976.8001,O,,,,0.49681,-0.1297,0.0100
1791264976.8008,O,,,,0.50872,-0.1276,0.0112
1791264976.8016,O,,,,0.52063,-0.1255,0.0124
1791264976.7783,R,A,,-77,,,
1791264976.8006,R,B,,-81,,,
1791264976.8012,R,C,,-72,,,
1791264976.8019,R,A,,-69,,,
1791264976.8715,O,,,,0.53387,-0.1232,0.0137
1791264976.8724,O,,,,0.54578,-0.1212,0.0149
1791264976.8732,O,,,,0.55902,-0.1189,0.0163
1791264976.8739,O,,,,0.56961,-0.1167,0.0177
1791264976.8655,R,A,,-65,,,
1791264976.8701,R,B,,-74,,,
1791264976.8792,R,C,,-67,,,
1791264976.8904,R,B,,-77,,,
1791264976.8910,R,C,,-67,,,
1791264976.8913,R,A,,-72,,,
1791264976.9514,O,,,,0.58020,-0.1140,0.0194
1791264976.9524,O,,,,0.58946,-0.1116,0.0210
1791264976.9532,O,,,,0.59741,-0.1089,0.0228
1791264976.9540,O,,,,0.60535,-0.1059,0.0249
1791264976.9470,R,B,,-74,,,
1791264976.9473,R,A,,-71,,,
1791264976.9788,R,A,,-78,,,
1791264976.9798,R,C,,-67,,,
1791264977.0267,R,C,,-63,,,
1791264977.0310,O,,,,0.61197,-0.1031,0.0269
1791264977.0320,O,,,,0.61726,-0.1000,0.0290
1791264977.0329,O,,,,0.62388,-0.0968,0.0313
1791264977.0337,O,,,,0.62917,-0.0934,0.0338
1791264977.0283,R,A,,-85,,,
1791264977.0721,R,C,,-59,,,
1791264977.0748,R,B,,-80,,,
1791264977.1037,O,,,,0.63447,-0.0904,0.0360
1791264977.1046,O,,,,0.63976,-0.0870,0.0385
1791264977.1053,O,,,,0.64373,-0.0838,0.0409
1791264977.0788,R,A,,-70,,,
1791264977.1122,R,C,,-65,,,
1791264977.1124,R,A,,-70,,,
1791264977.1257,R,B,,-85,,,
1791264977.1762,O,,,,0.64903,-0.0804,0.0435
1791264977.1772,O,,,,0.65300,-0.0773,0.0459
1791264977.1783,O,,,,0.65697,-0.0737,0.0486
1791264977.1570,R,C,,-61,,,
1791264977.1572,R,B,,-73,,,
1791264977.1574,R,A,,-66,,,
1791264977.1793,O,,,,0.65962,-0.0708,0.0509
1791264977.2044,R,C,,-61,,,
1791264977.2076,R,B,,-79,,,
1791264977.2083,R,A,,-72,,,
1791264977.2563,O,,,,0.66226,-0.0674,0.0535
1791264977.2573,O,,,,0.66491,-0.0641,0.0561
1791264977.2582,O,,,,0.66756,-0.0607,0.0587
1791264977.2594,O,,,,0.67021,-0.0574,0.0613
1791264977.2654,R,B,,-76,,,
1791264977.2700,R,C,,-69,,,
1791264977.2703,R,A,,-68,,,
1791264977.3248,R,B,,-77,,,
1791264977.3251,R,A,,-69,,,
1791264977.3253,R,C,,-67,,,
1791264977.3316,O,,,,0.67285,-0.0541,0.0640
1791264977.3329,O,,,,0.67550,-0.0512,0.0663
1791264977.3342,O,,,,0.67815,-0.0479,0.0689
1791264977.3352,O,,,,0.68080,-0.0446,0.0716
1791264977.3294,R,C,,-62,,,
1791264977.3546,R,B,,-72,,,
1791264977.3721,R,B,,-78,,,
1791264977.4115,O,,,,0.68477,-0.0415,0.0741
1791264977.4125,O,,,,0.68741,-0.0383,0.0768
1791264977.4133,O,,,,0.69138,-0.0352,0.0793
1791264977.4140,O,,,,0.69668,-0.0319,0.0820
1791264977.3784,R,A,,-75,,,
1791264977.3797,R,C,,-56,,,
1791264977.4187,R,C,,-60,,,
1791264977.4188,R,B,,-72,,,
1791264977.4189,R,A,,-70,,,
1791264977.4752,R,B,,-72,,,
1791264977.4912,O,,,,0.70065,-0.0285,0.0849
1791264977.4921,O,,,,0.70462,-0.0255,0.0875
1791264977.4928,O,,,,0.70992,-0.0222,0.0902
1791264977.4936,O,,,,0.71389,-0.0188,0.0932
1791264977.4783,R,A,,-73,,,
1791264977.4792,R,C,,-65,,,
1791264977.5211,R,C,,-59,,,
1791264977.5214,R,B,,-71,,,
1791264977.5216,R,A,,-77,,,
1791264977.5616,O,,,,0.71918,-0.0156,0.0959
1791264977.5624,O,,,,0.72448,-0.0125,0.0987
1791264977.5633,O,,,,0.73109,-0.0095,0.1014
1791264977.5515,R,B,,-71,,,
1791264977.5783,R,A,,-77,,,
1791264977.5797,R,C,,-64,,,
1791264977.6248,R,B,,-72,,,
1791264977.6361,O,,,,0.73639,-0.0063,0.1042
1791264977.6371,O,,,,0.74301,-0.0030,0.1073
1791264977.6379,O,,,,0.74963,-0.0001,0.1100
1791264977.6386,O,,,,0.75492,0.0030,0.1128
1791264977.6283,R,A,,-70,,,
1791264977.6754,R,B,,-81,,,
1791264977.7162,O,,,,0.76286,0.0061,0.1158
1791264977.7172,O,,,,0.76683,0.0089,0.1185
1791264977.7180,O,,,,0.77345,0.0118,0.1213
1791264977.7188,O,,,,0.77875,0.0148,0.1242
1791264977.6788,R,A,,-72,,,
1791264977.6797,R,C,,-56,,,
1791264977.6876,R,B,,-81,,,
1791264977.6973,R,A,,-72,,,
1791264977.7267,R,C,,-61,,,
1791264977.7748,R,B,,-73,,,
1791264977.7961,O,,,,0.78272,0.0176,0.1270
1791264977.7975,O,,,,0.78801,0.0202,0.1297
1791264977.7985,O,,,,0.79198,0.0230,0.1325
1791264977.7992,O,,,,0.79595,0.0254,0.1349
1791264977.8223,R,B,,-78,,,
1791264977.8225,R,A,,-67,,,
1791264977.8245,R,A,,-71,,,
1791264977.8715,O,,,,0.79860,0.0280,0.1376
1791264977.8727,O,,,,0.79992,0.0304,0.1401
1791264977.8737,O,,,,0.80390,0.0328,0.1425
1791264977.8745,O,,,,0.80522,0.0352,0.1450
1791264977.8291,R,C,,-63,,,
1791264977.8793,R,A,,-67,,,
1791264977.8798,R,C,,-68,,,
1791264977.9250,R,B,,-72,,,
1791264977.9470,O,,,,0.80787,0.0374,0.1473
1791264977.9481,O,,,,0.80919,0.0398,0.1498
1791264977.9489,O,,,,0.81051,0.0418,0.1519
1791264977.9497,O,,,,0.81316,0.0440,0.1542
1791264977.9287,R,A,,-67,,,
1791264977.9299,R,C,,-61,,,
1791264977.9625,R,C,,-67,,,
1791264977.9753,R,B,,-71,,,
1791264978.0261,O,,,,0.81449,0.0460,0.1563
1791264978.0269,O,,,,0.81713,0.0478,0.1582
1791264978.0278,O,,,,0.81713,0.0496,0.1602
1791264978.0285,O,,,,0.81978,0.0514,0.1621
1791264977.9788,R,A,,-73,,,
1791264978.0024,R,A,,-72,,,
1791264978.0025,R,C,,-65,,,
1791264978.0102,R,B,,-70,,,
1791264978.0537,R,A,,-71,,,
1791264978.0753,R,B,,-72,,,
1791264978.0961,O,,,,0.82110,0.0530,0.1639
1791264978.0971,O,,,,0.82110,0.0548,0.1658
1791264978.0979,O,,,,0.82110,0.0563,0.1673
1791264978.0796,R,C,,-71,,,
1791264978.1027,R,C,,-66,,,
1791264978.1029,R,B,,-66,,,
1791264978.1762,O,,,,0.82243,0.0579,0.1691
1791264978.1771,O,,,,0.82243,0.0594,0.1706
1791264978.1780,O,,,,0.82110,0.0610,0.1724
1791264978.1790,O,,,,0.82243,0.0626,0.1741
1791264978.1284,R,A,,-79,,,
1791264978.1306,R,B,,-69,,,
1791264978.1795,R,C,,-67,,,
1791264978.2136,R,B,,-67,,,
1791264978.2249,R,B,,-66,,,
1791264978.2517,O,,,,0.82243,0.0640,0.1757
1791264978.2526,O,,,,0.82243,0.0655,0.1772
1791264978.2534,O,,,,0.82243,0.0669,0.1788
1791264978.2542,O,,,,0.82243,0.0684,0.1803
1791264978.2284,R,A,,-81,,,
1791264978.2291,R,C,,-64,,,
1791264978.2665,R,A,,-75,,,
1791264978.2666,R,B,,-73,,,
1791264978.2799,R,C,,-58,,,
1791264978.3112,R,A,,-70,,,
1791264978.3249,R,B,,-88,,,
1791264978.3293,O,,,,0.82375,0.0700,0.1821
1791264978.3302,O,,,,0.82507,0.0712,0.1834
1791264978.3310,O,,,,0.82772,0.0727,0.1850
1791264978.3317,O,,,,0.82772,0.0741,0.1866
1791264978.3297,R,C,,-60,,,
1791264978.3572,R,A,,-68,,,
1791264978.3753,R,B,,-69,,,
1791264978.4070,O,,,,0.82905,0.0754,0.1879
1791264978.4079,O,,,,0.83169,0.0768,0.1895
1791264978.4087,O,,,,0.83169,0.0782,0.1911
1791264978.4094,O,,,,0.83434,0.0796,0.1926
1791264978.3798,R,C,,-62,,,
1791264978.4027,R,B,,-84,,,
1791264978.4286,R,A,,-70,,,
1791264978.4298,R,C,,-59,,,
1791264978.4591,R,B,,-65,,,
1791264978.4593,R,A,,-70,,,
1791264978.4595,R,C,,-56,,,
1791264978.4866,O,,,,0.83699,0.0811,0.1942
1791264978.4876,O,,,,0.83831,0.0823,0.1956
1791264978.4884,O,,,,0.83963,0.0835,0.1969
1791264978.4892,O,,,,0.83963,0.0850,0.1985
1791264978.5222,R,B,,-61,,,
1791264978.5230,R,C,,-58,,,
1791264978.5233,R,A,,-65,,,
1791264978.5561,O,,,,0.84096,0.0862,0.1999
1791264978.5570,O,,,,0.84096,0.0872,0.2011
1791264978.5578,O,,,,0.84228,0.0885,0.2025
1791264978.5365,R,B,,-59,,,
1791264978.5365,R,C,,-56,,,
1791264978.5375,R,A,,-66,,,
1791264978.5748,R,A,,-66,,,
1791264978.5749,R,B,,-58,,,
1791264978.5793,R,C,,-56,,,
1791264978.6217,R,A,,-67,,,
1791264978.6242,R,B,,-90,,,
1791264978.6244,R,C,,-70,,,
1791264978.6311,O,,,,0.84361,0.0894,0.2035
1791264978.6319,O,,,,0.84361,0.0904,0.2046
1791264978.6328,O,,,,0.84493,0.0913,0.2056
1791264978.6336,O,,,,0.84493,0.0924,0.2068
1791264978.6745,R,B,,-73,,,
1791264978.7111,O,,,,0.84493,0.0931,0.2076
1791264978.7119,O,,,,0.84625,0.0939,0.2086
1791264978.7128,O,,,,0.84493,0.0948,0.2096
1791264978.7136,O,,,,0.84625,0.0957,0.2106
1791264978.6790,R,A,,-70,,,
1791264978.6793,R,C,,-57,,,
1791264978.7161,R,C,,-56,,,
1791264978.7249,R,B,,-63,,,
1791264978.7292,R,A,,-69,,,
1791264978.7546,R,B,,-64,,,
1791264978.7742,R,C,,-59,,,
1791264978.7745,R,A,,-73,,,
1791264978.7951,O,,,,0.84758,0.0966,0.2116
1791264978.7963,O,,,,0.84890,0.0974,0.2126
1791264978.7971,O,,,,0.84890,0.0981,0.2134
1791264978.7978,O,,,,0.85022,0.0990,0.2144
1791264978.7994,R,B,,-73,,,
1791264978.8665,O,,,,0.85419,0.0999,0.2154
1791264978.8675,O,,,,0.85552,0.1008,0.2164
1791264978.8683,O,,,,0.85684,0.1016,0.2174
1791264978.8690,O,,,,0.85949,0.1027,0.2186
1791264978.8285,R,A,,-83,,,
1791264978.8293,R,C,,-60,,,
1791264978.8448,R,B,,-58,,,
1791264978.8525,R,C,,-63,,,
1791264978.8529,R,A,,-75,,,
1791264978.8863,R,B,,-65,,,
1791264978.8875,R,C,,-66,,,
1791264978.8882,R,A,,-72,,,
1791264978.9463,O,,,,0.86081,0.1035,0.2196
1791264978.9473,O,,,,0.86478,0.1044,0.2206
1791264978.9482,O,,,,0.86611,0.1052,0.2216
1791264978.9489,O,,,,0.86743,0.1061,0.2226
1791264978.9374,R,B,,-72,,,
1791264978.9454,R,A,,-67,,,
1791264978.9465,R,C,,-64,,,
1791264979.0166,O,,,,0.87140,0.1070,0.2236
1791264979.0177,O,,,,0.87273,0.1078,0.2246
1791264979.0201,O,,,,0.87537,0.1088,0.2258
1791264979.0209,O,,,,0.87934,0.1097,0.2268
1791264978.9943,R,C,,-54,,,
1791264978.9944,R,B,,-61,,,
1791264979.0149,R,A,,-85,,,
1791264979.0261,R,C,,-54,,,
1791264979.0285,R,A,,-80,,,
1791264979.0752,R,B,,-60,,,
1791264979.0760,R,A,,-77,,,
1791264979.0761,R,C,,-56,,,
1791264979.0913,O,,,,0.88067,0.1105,0.2279
1791264979.0922,O,,,,0.88464,0.1114,0.2289
1791264979.0929,O,,,,0.88596,0.1122,0.2299
1791264979.1181,R,A,,-69,,,
1791264979.1255,R,B,,-57,,,
1791264979.1716,O,,,,0.88993,0.1130,0.2309
1791264979.1725,O,,,,0.89126,0.1139,0.2320
1791264979.1732,O,,,,0.89523,0.1147,0.2330
1791264979.1740,O,,,,0.89655,0.1155,0.2340
1791264979.1293,R,C,,-51,,,
1791264979.1634,R,A,,-67,,,
1791264979.1753,R,B,,-57,,,
1791264979.1798,R,C,,-55,,,
1791264979.2108,R,C,,-56,,,
1791264979.2109,R,B,,-61,,,
1791264979.2510,O,,,,0.90052,0.1163,0.2351
1791264979.2521,O,,,,0.90185,0.1172,0.2361
1791264979.2530,O,,,,0.90449,0.1178,0.2369
1791264979.2538,O,,,,0.90582,0.1183,0.2376
1791264979.2693,R,A,,-76,,,
1791264979.2752,R,B,,-61,,,
1791264979.3269,O,,,,0.90846,0.1190,0.2384
1791264979.3279,O,,,,0.90979,0.1195,0.2390
1791264979.3288,O,,,,0.91111,0.1199,0.2396
1791264979.2792,R,C,,-54,,,
1791264979.3124,R,C,,-62,,,
1791264979.3125,R,B,,-65,,,
1791264979.3133,R,A,,-74,,,
1791264979.3297,O,,,,0.91244,0.1204,0.2403
1791264979.3452,R,C,,-65,,,
1791264979.3455,R,A,,-71,,,
1791264979.3456,R,B,,-70,,,
1791264979.4061,O,,,,0.91376,0.1206,0.2405
1791264979.4070,O,,,,0.91376,0.1209,0.2409
1791264979.4078,O,,,,0.91508,0.1211,0.2411
1791264979.4086,O,,,,0.91508,0.1211,0.2411
1791264979.3901,R,B,,-67,,,
1791264979.3943,R,A,,-67,,,
1791264979.4164,R,C,,-68,,,
1791264979.4752,R,B,,-71,,,
1791264979.4812,O,,,,0.91641,0.1212,0.2413
1791264979.4821,O,,,,0.91641,0.1212,0.2413
1791264979.4830,O,,,,0.91641,0.1212,0.2413
1791264979.4837,O,,,,0.91641,0.1212,0.2413
1791264979.4789,R,A,,-68,,,
1791264979.5182,R,B,,-73,,,
1791264979.5250,R,B,,-72,,,
1791264979.5511,O,,,,0.91641,0.1212,0.2413
1791264979.5520,O,,,,0.91641,0.1212,0.2413
1791264979.5528,O,,,,0.91641,0.1212,0.2413
1791264979.5292,R,A,,-69,,,
1791264979.5294,R,C,,-62,,,
1791264979.6196,R,A,,-68,,,
1791264979.6201,R,B,,-67,,,
1791264979.6203,R,C,,-67,,,
1791264979.6311,O,,,,0.91641,0.1212,0.2413
1791264979.6320,O,,,,0.91641,0.1212,0.2413
1791264979.6328,O,,,,0.91641,0.1212,0.2413
1791264979.6335,O,,,,0.91641,0.1212,0.2413
1791264979.6545,R,C,,-59,,,
1791264979.6705,R,B,,-72,,,
1791264979.7112,O,,,,0.91641,0.1212,0.2413
1791264979.7122,O,,,,0.91641,0.1212,0.2413
1791264979.7131,O,,,,0.91641,0.1212,0.2413
1791264979.7138,O,,,,0.91641,0.1212,0.2413
1791264979.6783,R,A,,-71,,,
1791264979.7005,R,C,,-58,,,
1791264979.7041,R,A,,-70,,,
1791264979.7212,R,B,,-72,,,
1791264979.7749,R,B,,-69,,,
1791264979.7951,O,,,,0.91641,0.1212,0.2413
1791264979.8013,O,,,,0.91641,0.1212,0.2413
1791264979.8023,O,,,,0.91508,0.1214,0.2415
1791264979.8033,O,,,,0.91376,0.1216,0.2417
1791264979.7791,R,A,,-69,,,
1791264979.8028,R,C,,-62,,,
1791264979.8033,R,A,,-76,,,
1791264979.8254,R,B,,-76,,,
1791264979.8663,O,,,,0.91376,0.1216,0.2417
1791264979.8673,O,,,,0.91376,0.1219,0.2422
1791264979.8680,O,,,,0.91376,0.1219,0.2422
1791264979.8687,O,,,,0.91376,0.1222,0.2426
1791264979.8293,R,C,,-63,,,
1791264979.8502,R,B,,-72,,,
1791264979.8841,R,B,,-78,,,
1791264979.9196,R,B,,-71,,,
1791264979.9204,R,C,,-63,,,
1791264979.9208,R,A,,-78,,,
1791264979.9410,O,,,,0.91376,0.1225,0.2430
1791264979.9419,O,,,,0.91376,0.1228,0.2434
1791264979.9427,O,,,,0.91244,0.1233,0.2441
1791264979.9435,O,,,,0.91376,0.1238,0.2447
1791264979.9749,R,B,,-80,,,
1791264980.0113,O,,,,0.91376,0.1241,0.2451
1791264980.0122,O,,,,0.91376,0.1245,0.2455
1791264980.0129,O,,,,0.91244,0.1250,0.2461
1791264979.9790,R,A,,-74,,,
1791264979.9800,R,C,,-68,,,
1791264980.0139,R,A,,-85,,,
1791264980.0255,R,B,,-68,,,
1791264980.0300,R,C,,-61,,,
1791264980.0627,R,A,,-68,,,
1791264980.0628,R,C,,-56,,,
1791264980.0630,R,B,,-66,,,
1791264980.0964,O,,,,0.91376,0.1254,0.2468
1791264980.0972,O,,,,0.91376,0.1258,0.2472
1791264980.0979,O,,,,0.91376,0.1264,0.2480
1791264980.0987,O,,,,0.91376,0.1267,0.2485
1791264980.1009,R,C,,-55,,,
1791264980.1012,R,A,,-70,,,
1791264980.1250,R,B,,-68,,,
1791264980.1661,O,,,,0.91244,0.1272,0.2491
1791264980.1670,O,,,,0.91376,0.1277,0.2497
1791264980.1679,O,,,,0.91244,0.1282,0.2503
1791264980.1689,O,,,,0.91376,0.1287,0.2510
1791264980.1498,R,B,,-71,,,
1791264980.1501,R,C,,-55,,,
1791264980.1502,R,A,,-66,,,
1791264980.2032,R,C,,-64,,,
1791264980.2034,R,B,,-69,,,
1791264980.2036,R,A,,-74,,,
1791264980.2462,O,,,,0.91244,0.1292,0.2516
1791264980.2474,O,,,,0.91376,0.1296,0.2522
1791264980.2482,O,,,,0.91244,0.1301,0.2529
1791264980.2490,O,,,,0.91376,0.1306,0.2535
1791264980.2525,R,B,,-71,,,
1791264980.2530,R,C,,-66,,,
1791264980.2534,R,A,,-73,,,
1791264980.3269,O,,,,0.91244,0.1311,0.2541
1791264980.3282,O,,,,0.91376,0.1316,0.2547
1791264980.2848,R,B,,-67,,,
1791264980.2954,R,A,,-67,,,
1791264980.3254,R,C,,-63,,,
1791264980.3293,O,,,,0.91376,0.1322,0.2556
1791264980.3302,O,,,,0.91376,0.1326,0.2560
1791264980.3287,R,A,,-70,,,
1791264980.3288,R,C,,-62,,,
1791264980.3692,R,C,,-59,,,
1791264980.3694,R,B,,-63,,,
1791264980.4010,O,,,,0.91376,0.1332,0.2568
1791264980.4020,O,,,,0.91376,0.1335,0.2573
1791264980.4029,O,,,,0.91376,0.1342,0.2581
1791264980.4037,O,,,,0.91508,0.1347,0.2587
1791264980.3785,R,A,,-80,,,
1791264980.4106,R,C,,-82,,,
1791264980.4114,R,A,,-69,,,
1791264980.4252,R,B,,-76,,,
1791264980.4525,R,A,,-69,,,
1791264980.4530,R,C,,-64,,,
1791264980.4531,R,B,,-70,,,
1791264980.4812,O,,,,0.91376,0.1351,0.2593
1791264980.4828,O,,,,0.91508,0.1356,0.2600
1791264980.4842,O,,,,0.91376,0.1361,0.2606
1791264980.4849,O,,,,0.91508,0.1366,0.2612
1791264980.5177,R,C,,-57,,,
1791264980.5178,R,B,,-72,,,
1791264980.5181,R,A,,-73,,,
1791264980.5514,O,,,,0.91376,0.1371,0.2619
1791264980.5524,O,,,,0.91508,0.1376,0.2625
1791264980.5531,O,,,,0.91508,0.1379,0.2629
1791264980.5417,R,C,,-56,,,
1791264980.5420,R,A,,-68,,,
1791264980.5658,R,B,,-65,,,
1791264980.6261,O,,,,0.91376,0.1384,0.2635
1791264980.6270,O,,,,0.91508,0.1389,0.2642
1791264980.6278,O,,,,0.91376,0.1393,0.2648
1791264980.6286,O,,,,0.91508,0.1398,0.2654
1791264980.5877,R,C,,-56,,,
1791264980.5880,R,A,,-67,,,
1791264980.6249,R,B,,-63,,,
1791264980.6669,R,B,,-64,,,
1791264980.6672,R,A,,-73,,,
1791264980.7062,O,,,,0.91376,0.1403,0.2661
1791264980.7072,O,,,,0.91376,0.1406,0.2665
1791264980.7080,O,,,,0.91376,0.1413,0.2673
1791264980.7088,O,,,,0.91376,0.1416,0.2677
1791264980.6788,R,C,,-56,,,
1791264980.6789,R,A,,-75,,,
1791264980.7192,R,B,,-68,,,
1791264980.7286,R,A,,-75,,,
1791264980.7301,R,C,,-101,,,
1791264980.7662,R,C,,-56,,,
1791264980.7672,R,A,,-71,,,
1791264980.7721,R,B,,-65,,,
1791264980.7952,O,,,,0.91376,0.1423,0.2686
1791264980.7960,O,,,,0.91376,0.1426,0.2690
1791264980.7968,O,,,,0.91376,0.1432,0.2698
1791264980.7976,O,,,,0.91376,0.1435,0.2703
1791264980.8165,R,A,,-81,,,
1791264980.8250,R,B,,-69,,,
1791264980.8613,O,,,,0.91376,0.1442,0.2711
1791264980.8623,O,,,,0.91244,0.1447,0.2717
1791264980.8631,O,,,,0.91376,0.1452,0.2723
1791264980.8639,O,,,,0.91244,0.1456,0.2730
1791264980.8293,R,C,,-58,,,
1791264980.8491,R,B,,-74,,,
1791264980.8595,R,C,,-61,,,
1791264980.8749,R,A,,-77,,,
1791264980.9052,R,C,,-63,,,
1791264980.9054,R,B,,-69,,,
1791264980.9255,R,A,,-68,,,
1791264980.9410,O,,,,0.91376,0.1461,0.2736
1791264980.9420,O,,,,0.91244,0.1466,0.2742
1791264980.9429,O,,,,0.91376,0.1471,0.2749
1791264980.9438,O,,,,0.91244,0.1476,0.2755
1791264980.9437,R,C,,-58,,,
1791264980.9755,R,B,,-67,,,
1791264981.0149,O,,,,0.91376,0.1481,0.2761
1791264981.0157,O,,,,0.91376,0.1484,0.2765
1791264981.0165,O,,,,0.91376,0.1490,0.2774
1791264980.9787,R,A,,-74,,,
1791264980.9855,R,B,,-74,,,
1791264981.0285,R,A,,-74,,,
1791264981.0293,R,C,,-70,,,
1791264981.0736,R,C,,-62,,,
1791264981.0738,R,B,,-69,,,
1791264981.0740,R,A,,-68,,,
1791264981.0763,R,B,,-69,,,
1791264981.0764,R,C,,-61,,,
1791264981.0766,R,A,,-68,,,
1791264981.0860,O,,,,0.91376,0.1494,0.2778
1791264981.0869,O,,,,0.91376,0.1500,0.2786
1791264981.0877,O,,,,0.91376,0.1503,0.2791
1791264981.0885,O,,,,0.91376,0.1510,0.2799
1791264981.1228,R,A,,-74,,,
1791264981.1255,R,B,,-70,,,
1791264981.1661,O,,,,0.91376,0.1513,0.2803
1791264981.1671,O,,,,0.91376,0.1520,0.2812
1791264981.1679,O,,,,0.91376,0.1523,0.2816
1791264981.1686,O,,,,0.91376,0.1529,0.2824
1791264981.1295,R,C,,-59,,,
1791264981.1756,R,B,,-69,,,
1791264981.1783,R,A,,-78,,,
1791264981.1798,R,C,,-67,,,
1791264981.2025,R,C,,-63,,,
1791264981.2177,R,A,,-69,,,
1791264981.2254,R,B,,-70,,,
1791264981.2461,O,,,,0.91376,0.1533,0.2828
1791264981.2470,O,,,,0.91376,0.1539,0.2837
1791264981.2478,O,,,,0.91376,0.1542,0.2841
1791264981.2485,O,,,,0.91376,0.1549,0.2849
1791264981.2756,R,B,,-68,,,
1791264981.3271,O,,,,0.91376,0.1552,0.2853
1791264981.3281,O,,,,0.91376,0.1558,0.2862
1791264981.2786,R,A,,-72,,,
1791264981.2793,R,C,,-62,,,
1791264981.2947,R,B,,-71,,,
1791264981.2969,R,C,,-65,,,
1791264981.2973,R,A,,-79,,,
1791264981.3291,O,,,,0.91376,0.1565,0.2870
1791264981.3298,O,,,,0.91376,0.1568,0.2874
1791264981.3499,R,B,,-72,,,
1791264981.3755,R,A,,-71,,,
1791264981.3757,R,C,,-69,,,
1791264981.4015,O,,,,0.91376,0.1575,0.2883
1791264981.4025,O,,,,0.91508,0.1579,0.2889
1791264981.4035,O,,,,0.91508,0.1586,0.2897
1791264981.4043,O,,,,0.91641,0.1591,0.2904
1791264981.3928,R,C,,-65,,,
1791264981.3937,R,A,,-70,,,
1791264981.4044,R,B,,-67,,,
1791264981.4262,R,C,,-68,,,
1791264981.4266,R,A,,-72,,,
1791264981.4761,O,,,,0.91641,0.1597,0.2912
1791264981.4770,O,,,,0.91773,0.1602,0.2918
1791264981.4778,O,,,,0.91773,0.1608,0.2927
1791264981.4786,O,,,,0.91773,0.1615,0.2935
1791264981.4654,R,A,,-81,,,
1791264981.4659,R,C,,-63,,,
1791264981.4749,R,B,,-74,,,
1791264981.5119,R,C,,-75,,,
1791264981.5120,R,A,,-69,,,
1791264981.5254,R,B,,-74,,,
1791264981.5464,O,,,,0.91905,0.1620,0.2942
1791264981.5474,O,,,,0.91905,0.1626,0.2950
1791264981.5482,O,,,,0.92038,0.1631,0.2956
1791264981.5569,R,B,,-67,,,
1791264981.6261,O,,,,0.92038,0.1637,0.2965
1791264981.6269,O,,,,0.92170,0.1642,0.2971
1791264981.6278,O,,,,0.92170,0.1649,0.2980
1791264981.6286,O,,,,0.92303,0.1653,0.2986
1791264981.5786,R,A,,-71,,,
1791264981.5793,R,C,,-71,,,
1791264981.6202,R,C,,-61,,,
1791264981.6503,R,A,,-71,,,
1791264981.6549,R,B,,-74,,,
1791264981.7011,O,,,,0.92303,0.1660,0.2994
1791264981.7020,O,,,,0.92435,0.1664,0.3001
1791264981.7028,O,,,,0.92435,0.1671,0.3009
1791264981.7037,O,,,,0.92700,0.1677,0.3018
1791264981.6795,R,C,,-69,,,
1791264981.7004,R,C,,-74,,,
1791264981.7149,R,B,,-68,,,
1791264981.7152,R,A,,-74,,,
1791264981.7486,R,C,,-62,,,
1791264981.7489,R,B,,-76,,,
1791264981.7517,R,A,,-81,,,
1791264981.7811,O,,,,0.92700,0.1684,0.3026
1791264981.7820,O,,,,0.92832,0.1688,0.3032
1791264981.7828,O,,,,0.92832,0.1695,0.3041
1791264981.7836,O,,,,0.92964,0.1699,0.3047
1791264981.7893,R,C,,-68,,,
1791264981.7895,R,A,,-73,,,
1791264981.7897,R,B,,-73,,,
1791264981.8610,O,,,,0.92964,0.1706,0.3056
1791264981.8627,O,,,,0.93097,0.1711,0.3062
1791264981.8635,O,,,,0.93097,0.1717,0.3071
1791264981.8643,O,,,,0.93229,0.1722,0.3077
1791264981.8557,R,B,,-69,,,
1791264981.8768,R,A,,-73,,,
1791264981.8795,R,A,,-73,,,
1791264981.8796,R,C,,-70,,,
1791264981.9178,R,B,,-78,,,
1791264981.9258,R,C,,-62,,,
1791264981.9367,O,,,,0.93229,0.1728,0.3085
1791264981.9377,O,,,,0.93361,0.1733,0.3092
1791264981.9384,O,,,,0.93361,0.1739,0.3100
1791264981.9392,O,,,,0.93626,0.1745,0.3109
1791264981.9286,R,A,,-76,,,
1791264981.9609,R,C,,-62,,,
1791264982.0066,O,,,,0.93626,0.1751,0.3117
1791264982.0076,O,,,,0.93759,0.1756,0.3124
1791264982.0083,O,,,,0.93759,0.1762,0.3132
1791264982.0190,R,B,,-70,,,
1791264982.0229,R,C,,-66,,,
1791264982.0285,R,A,,-81,,,
1791264982.0584,R,B,,-75,,,
1791264982.0586,R,A,,-71,,,
1791264982.0588,R,C,,-61,,,
1791264982.0864,O,,,,0.93891,0.1767,0.3139
1791264982.0875,O,,,,0.93891,0.1773,0.3147
1791264982.0884,O,,,,0.94023,0.1778,0.3154
1791264982.0892,O,,,,0.94023,0.1784,0.3162
1791264982.1615,O,,,,0.94156,0.1789,0.3169
1791264982.1625,O,,,,0.94156,0.1795,0.3177
1791264982.1633,O,,,,0.94288,0.1800,0.3184
1791264982.1641,O,,,,0.94288,0.1806,0.3192
1791264982.1286,R,A,,-73,,,
1791264982.1295,R,C,,-91,,,
1791264982.1414,R,B,,-74,,,
1791264982.1415,R,C,,-62,,,
1791264982.1416,R,A,,-81,,,
1791264982.1805,R,B,,-76,,,
1791264982.2412,O,,,,0.94420,0.1811,0.3199
1791264982.2421,O,,,,0.94420,0.1817,0.3207
1791264982.2429,O,,,,0.94553,0.1822,0.3214
1791264982.2437,O,,,,0.94420,0.1826,0.3220
1791264982.2286,R,A,,-71,,,
1791264982.2293,R,C,,-62,,,
1791264982.2692,R,C,,-60,,,
1791264982.2751,R,B,,-69,,,
1791264982.3212,O,,,,0.94553,0.1831,0.3227
1791264982.3225,O,,,,0.94553,0.1834,0.3231
1791264982.3238,O,,,,0.94685,0.1839,0.3237
1791264982.3302,O,,,,0.94685,0.1842,0.3242
1791264982.2789,R,A,,-74,,,
1791264982.3167,R,C,,-62,,,
1791264982.3256,R,B,,-77,,,
1791264982.3285,R,A,,-74,,,
1791264982.3608,R,C,,-64,,,
1791264982.3618,R,B,,-78,,,
1791264982.3620,R,A,,-71,,,
1791264982.3968,O,,,,0.94685,0.1845,0.3246
1791264982.3976,O,,,,0.94685,0.1848,0.3250
1791264982.3984,O,,,,0.94817,0.1850,0.3252
1791264982.3991,O,,,,0.94685,0.1851,0.3254
1791264982.4131,R,B,,-67,,,
1791264982.4193,R,C,,-60,,,
1791264982.4768,O,,,,0.94817,0.1853,0.3257
1791264982.4783,O,,,,0.94950,0.1854,0.3259
1791264982.4284,R,A,,-73,,,
1791264982.4616,R,C,,-60,,,
1791264982.4751,R,B,,-75,,,
1791264982.4798,O,,,,0.94950,0.1854,0.3259
1791264982.4810,O,,,,0.94950,0.1854,0.3259
1791264982.4798,R,A,,-73,,,
1791264982.5004,R,B,,-78,,,
1791264982.5008,R,A,,-70,,,
1791264982.5467,O,,,,0.94950,0.1854,0.3259
1791264982.5476,O,,,,0.94950,0.1854,0.3259
1791264982.5484,O,,,,0.94950,0.1854,0.3259
1791264982.5294,R,C,,-61,,,
1791264982.6211,O,,,,0.94950,0.1854,0.3259
1791264982.6230,O,,,,0.94950,0.1854,0.3259
1791264982.6243,O,,,,0.94950,0.1854,0.3259
1791264982.6251,O,,,,0.94950,0.1854,0.3259
1791264982.6069,R,B,,-73,,,
1791264982.6285,R,A,,-72,,,
1791264982.6300,R,C,,-57,,,
1791264982.6427,R,B,,-73,,,
1791264982.6700,R,C,,-60,,,
1791264982.6702,R,B,,-73,,,
1791264982.7011,O,,,,0.94950,0.1854,0.3259
1791264982.7021,O,,,,0.94950,0.1854,0.3259
1791264982.7029,O,,,,0.94950,0.1854,0.3259
1791264982.7037,O,,,,0.95082,0.1856,0.3261
1791264982.6788,R,A,,-70,,,
1791264982.7198,R,B,,-66,,,
1791264982.7264,R,A,,-72,,,
1791264982.7293,R,C,,-56,,,
1791264982.7666,R,A,,-76,,,
1791264982.7708,R,C,,-56,,,
1791264982.7750,R,B,,-78,,,
1791264982.7812,O,,,,0.95082,0.1856,0.3261
1791264982.7821,O,,,,0.95082,0.1856,0.3261
1791264982.7828,O,,,,0.95082,0.1856,0.3261
1791264982.7836,O,,,,0.95082,0.1856,0.3261
1791264982.8082,R,A,,-73,,,
1791264982.8212,R,B,,-74,,,
1791264982.8217,R,C,,-61,,,
1791264982.8562,O,,,,0.95082,0.1856,0.3261
1791264982.8571,O,,,,0.95082,0.1856,0.3261
1791264982.8579,O,,,,0.95082,0.1856,0.3261
1791264982.8586,O,,,,0.95082,0.1856,0.3261
1791264982.8595,R,C,,-57,,,
1791264982.8596,R,B,,-68,,,
1791264982.8604,R,A,,-72,,,
1791264982.9012,R,B,,-78,,,
1791264982.9362,O,,,,0.95082,0.1856,0.3261
1791264982.9372,O,,,,0.95082,0.1856,0.3261
1791264982.9381,O,,,,0.95082,0.1856,0.3261
1791264982.9389,O,,,,0.95082,0.1856,0.3261
1791264982.9287,R,A,,-81,,,
1791264982.9294,R,C,,-56,,,
1791264982.9583,R,C,,-61,,,
1791264982.9632,R,B,,-75,,,
1791264982.9635,R,A,,-73,,,
1791264983.0063,O,,,,0.95082,0.1856,0.3261
1791264983.0073,O,,,,0.95082,0.1856,0.3261
1791264983.0081,O,,,,0.95082,0.1856,0.3261
1791264983.0208,R,A,,-73,,,
1791264983.0295,R,C,,-56,,,
1791264983.0451,R,B,,-79,,,
1791264983.0471,R,C,,-56,,,
1791264983.0701,R,A,,-84,,,
1791264983.0810,O,,,,0.95082,0.1856,0.3261
1791264983.0819,O,,,,0.95082,0.1856,0.3261
1791264983.0828,O,,,,0.95082,0.1856,0.3261
1791264983.0836,O,,,,0.95082,0.1856,0.3261
1791264983.0978,R,B,,-75,,,
1791264983.1615,O,,,,0.95082,0.1856,0.3261
1791264983.1626,O,,,,0.95082,0.1856,0.3261
1791264983.1634,O,,,,0.95082,0.1856,0.3261
1791264983.1642,O,,,,0.95082,0.1856,0.3261
1791264983.1285,R,C,,-61,,,
1791264983.1286,R,A,,-73,,,
1791264983.1444,R,B,,-67,,,
1791264983.1445,R,C,,-57,,,
1791264983.1453,R,A,,-73,,,
1791264983.1860,R,B,,-77,,,
1791264983.1865,R,C,,-55,,,
1791264983.2362,O,,,,0.95082,0.1856,0.3261
1791264983.2379,O,,,,0.95082,0.1856,0.3261
1791264983.2388,O,,,,0.95082,0.1856,0.3261
1791264983.2398,O,,,,0.95082,0.1856,0.3261
1791264983.2285,R,A,,-79,,,
1791264983.2531,R,B,,-74,,,
1791264983.2758,R,A,,-72,,,
1791264983.2759,R,B,,-74,,,
1791264983.2765,R,C,,-60,,,
1791264983.3162,O,,,,0.95082,0.1856,0.3261
1791264983.3175,O,,,,0.95082,0.1856,0.3261
1791264983.3186,O,,,,0.95082,0.1856,0.3261
1791264983.3203,O,,,,0.95082,0.1856,0.3261
1791264983.3282,R,A,,-72,,,
1791264983.3294,R,C,,-56,,,
1791264983.3681,R,C,,-55,,,
1791264983.3687,R,B,,-75,,,
1791264983.3962,O,,,,0.95082,0.1856,0.3261
1791264983.3970,O,,,,0.95082,0.1856,0.3261
1791264983.3978,O,,,,0.95082,0.1856,0.3261
1791264983.3986,O,,,,0.95082,0.1856,0.3261
1791264983.3788,R,A,,-77,,,
1791264983.4117,R,B,,-74,,,
1791264983.4120,R,A,,-72,,,
1791264983.4713,O,,,,0.95082,0.1856,0.3261
1791264983.4723,O,,,,0.95082,0.1856,0.3261
1791264983.4731,O,,,,0.95082,0.1856,0.3261
1791264983.4739,O,,,,0.95082,0.1856,0.3261
1791264983.4294,R,C,,-60,,,
1791264983.5038,R,A,,-78,,,
1791264983.5044,R,B,,-76,,,
1791264983.5045,R,C,,-55,,,
1791264983.5413,O,,,,0.95082,0.1856,0.3261
1791264983.5423,O,,,,0.95082,0.1856,0.3261
1791264983.5430,O,,,,0.95082,0.1856,0.3261
1791264983.5617,R,C,,-60,,,
1791264983.5617,R,B,,-73,,,
1791264983.5697,R,A,,-72,,,
1791264983.6216,O,,,,0.95082,0.1856,0.3261
1791264983.6227,O,,,,0.95082,0.1856,0.3261
1791264983.6235,O,,,,0.95082,0.1856,0.3261
1791264983.6243,O,,,,0.95082,0.1856,0.3261
1791264983.5963,R,C,,-56,,,
1791264983.5965,R,B,,-66,,,
1791264983.5973,R,A,,-71,,,
1791264983.6644,R,B,,-76,,,
1791264983.6769,R,C,,-55,,,
1791264983.6961,O,,,,0.95082,0.1856,0.3261
1791264983.6970,O,,,,0.95082,0.1856,0.3261
1791264983.6978,O,,,,0.95082,0.1856,0.3261
1791264983.6986,O,,,,0.95082,0.1856,0.3261
1791264983.6786,R,A,,-83,,,
1791264983.6837,R,B,,-73,,,
1791264983.7221,R,A,,-73,,,
1791264983.7223,R,C,,-60,,,
1791264983.7234,R,B,,-73,,,
1791264983.7762,O,,,,0.95082,0.1856,0.3261
1791264983.7772,O,,,,0.95082,0.1856,0.3261
1791264983.7781,O,,,,0.95082,0.1856,0.3261
1791264983.7649,R,C,,-56,,,
1791264983.7652,R,A,,-72,,,
1791264983.7750,R,B,,-66,,,
1791264983.7791,O,,,,0.95082,0.1856,0.3261
1791264983.8059,R,B,,-74,,,
1791264983.8060,R,C,,-55,,,
1791264983.8066,R,A,,-82,,,
1791264983.8560,O,,,,0.95082,0.1856,0.3261
1791264983.8570,O,,,,0.95082,0.1856,0.3261
1791264983.8578,O,,,,0.95082,0.1856,0.3261
1791264983.8586,O,,,,0.95082,0.1856,0.3261
1791264983.8505,R,C,,-61,,,
1791264983.8506,R,B,,-73,,,
1791264983.8630,R,A,,-73,,,
1791264983.9084,R,B,,-65,,,
1791264983.9086,R,A,,-72,,,
1791264983.9087,R,C,,-57,,,
1791264983.9311,O,,,,0.95082,0.1856,0.3261
1791264983.9321,O,,,,0.95082,0.1856,0.3261
1791264983.9330,O,,,,0.95082,0.1856,0.3261
1791264983.9338,O,,,,0.95082,0.1856,0.3261
1791264983.9556,R,B,,-72,,,
1791264983.9558,R,C,,-56,,,
1791264983.9564,R,A,,-80,,,
1791264984.0017,O,,,,0.95082,0.1856,0.3261
1791264984.0027,O,,,,0.95082,0.1856,0.3261
1791264984.0035,O,,,,0.95082,0.1856,0.3261
1791264983.9904,R,B,,-72,,,
1791264983.9908,R,A,,-71,,,
1791264984.0027,R,C,,-61,,,
1791264984.0604,R,B,,-64,,,
1791264984.0811,O,,,,0.95082,0.1856,0.3261
1791264984.0820,O,,,,0.95082,0.1856,0.3261
1791264984.0828,O,,,,0.95082,0.1856,0.3261
1791264984.0835,O,,,,0.95082,0.1856,0.3261
1791264984.0786,R,A,,-72,,,
1791264984.0794,R,C,,-56,,,
1791264984.0945,R,B,,-72,,,
1791264984.1241,R,B,,-71,,,
1791264984.1243,R,C,,-57,,,
1791264984.1563,O,,,,0.95082,0.1856,0.3261
1791264984.1573,O,,,,0.95082,0.1856,0.3261
1791264984.1581,O,,,,0.95082,0.1856,0.3261
1791264984.1588,O,,,,0.95082,0.1856,0.3261
1791264984.1290,R,A,,-78,,,
1791264984.1755,R,B,,-72,,,
1791264984.1794,R,C,,-60,,,
1791264984.1796,R,A,,-72,,,
1791264984.2198,R,C,,-100,,,
1791264984.2200,R,A,,-72,,,
1791264984.2203,R,B,,-64,,,
1791264984.2362,O,,,,0.95082,0.1856,0.3261
1791264984.2385,O,,,,0.95082,0.1856,0.3261
1791264984.2397,O,,,,0.95082,0.1856,0.3261
1791264984.2405,O,,,,0.95082,0.1856,0.3261
1791264984.2637,R,B,,-70,,,
1791264984.3162,O,,,,0.95082,0.1856,0.3261
1791264984.3172,O,,,,0.95082,0.1856,0.3261
1791264984.3186,O,,,,0.95082,0.1856,0.3261
1791264984.3193,O,,,,0.95082,0.1856,0.3261
1791264984.2789,R,C,,-55,,,
1791264984.2790,R,A,,-76,,,
1791264984.3229,R,C,,-58,,,
1791264984.3230,R,B,,-73,,,
1791264984.3232,R,A,,-70,,,
1791264984.3485,R,C,,-54,,,
1791264984.3486,R,A,,-70,,,
1791264984.3751,R,B,,-63,,,
1791264984.3916,O,,,,0.95082,0.1856,0.3261
1791264984.3927,O,,,,0.95082,0.1856,0.3261
1791264984.3936,O,,,,0.95082,0.1856,0.3261
1791264984.3944,O,,,,0.95082,0.1856,0.3261
1791264984.3956,R,B,,-68,,,
1791264984.4611,O,,,,0.95082,0.1856,0.3261
1791264984.4634,O,,,,0.95082,0.1856,0.3261
1791264984.4644,O,,,,0.95082,0.1856,0.3261
1791264984.4283,R,C,,-51,,,
1791264984.4286,R,A,,-73,,,
1791264984.4620,R,C,,-56,,,
1791264984.4631,R,A,,-71,,,
1791264984.4806,R,C,,-56,,,
1791264984.4921,R,B,,-64,,,
1791264984.5249,R,C,,-51,,,
1791264984.5251,R,B,,-64,,,
1791264984.5252,R,A,,-76,,,
1791264984.5412,O,,,,0.95082,0.1856,0.3261
1791264984.5425,O,,,,0.95082,0.1856,0.3261
1791264984.5437,O,,,,0.95082,0.1856,0.3261
1791264984.5448,O,,,,0.95082,0.1856,0.3261
1791264984.5756,R,B,,-65,,,
1791264984.6164,O,,,,0.95082,0.1856,0.3261
1791264984.6174,O,,,,0.95082,0.1856,0.3261
1791264984.6183,O,,,,0.95082,0.1856,0.3261
1791264984.6191,O,,,,0.95082,0.1856,0.3261
1791264984.5787,R,A,,-72,,,
1791264984.5794,R,C,,-51,,,
1791264984.6105,R,B,,-68,,,
1791264984.6162,R,C,,-54,,,
1791264984.6286,R,A,,-71,,,
1791264984.6605,R,C,,-54,,,
1791264984.6611,R,A,,-73,,,
1791264984.6752,R,B,,-63,,,
1791264984.6962,O,,,,0.95082,0.1856,0.3261
1791264984.6971,O,,,,0.95082,0.1856,0.3261
1791264984.6979,O,,,,0.95082,0.1856,0.3261
1791264984.6987,O,,,,0.95082,0.1856,0.3261
1791264984.7169,R,C,,-55,,,
1791264984.7174,R,B,,-66,,,
1791264984.7711,O,,,,0.95082,0.1856,0.3261
1791264984.7721,O,,,,0.95082,0.1856,0.3261
1791264984.7729,O,,,,0.95082,0.1856,0.3261
1791264984.7736,O,,,,0.95082,0.1856,0.3261
1791264984.7289,R,A,,-71,,,
1791264984.7452,R,C,,-56,,,
1791264984.7453,R,A,,-80,,,
1791264984.7503,R,B,,-67,,,
1791264984.7977,R,C,,-56,,,
1791264984.8245,R,B,,-63,,,
1791264984.8516,O,,,,0.95082,0.1856,0.3261
1791264984.8525,O,,,,0.94950,0.1857,0.3263
1791264984.8533,O,,,,0.94950,0.1857,0.3263
1791264984.8540,O,,,,0.94817,0.1859,0.3265
1791264984.8285,R,A,,-76,,,
1791264984.8322,R,B,,-69,,,
1791264984.8365,R,A,,-70,,,
1791264984.8740,R,C,,-58,,,
1791264984.8743,R,B,,-73,,,
1791264984.8787,R,A,,-72,,,
1791264984.9261,R,B,,-83,,,
1791264984.9263,R,C,,-57,,,
1791264984.9306,O,,,,0.94685,0.1860,0.3267
1791264984.9314,O,,,,0.94553,0.1862,0.3269
1791264984.9322,O,,,,0.94553,0.1865,0.3274
1791264984.9329,O,,,,0.94420,0.1867,0.3276
1791264984.9756,R,B,,-66,,,
1791264984.9982,O,,,,0.94420,0.1870,0.3280
1791264984.9990,O,,,,0.94420,0.1873,0.3285
1791264984.9997,O,,,,0.94553,0.1877,0.3291
1791264984.9788,R,A,,-74,,,
1791264984.9794,R,C,,-56,,,
1791264985.0257,R,B,,-69,,,
1791264985.0765,O,,,,0.94553,0.1880,0.3295
1791264985.0775,O,,,,0.94553,0.1887,0.3304
1791264985.0783,O,,,,0.94685,0.1891,0.3310
1791264985.0285,R,A,,-74,,,
1791264985.0300,R,C,,-58,,,
1791264985.0751,R,B,,-68,,,
1791264985.0793,O,,,,0.94817,0.1899,0.3321
1791264985.0785,R,A,,-82,,,
1791264985.0800,R,C,,-58,,,
1791264985.1258,R,B,,-67,,,
1791264985.1563,O,,,,0.95082,0.1905,0.3330
1791264985.1572,O,,,,0.95215,0.1913,0.3340
1791264985.1580,O,,,,0.95347,0.1921,0.3351
1791264985.1587,O,,,,0.95479,0.1928,0.3362
1791264985.1287,R,A,,-70,,,
1791264985.1301,R,C,,-56,,,
1791264985.1377,R,B,,-74,,,
1791264985.1496,R,C,,-58,,,
1791264985.1498,R,A,,-74,,,
1791264985.1795,R,A,,-74,,,
1791264985.1795,R,C,,-58,,,
1791264985.2212,R,B,,-72,,,
1791264985.2215,R,A,,-84,,,
1791264985.2216,R,C,,-60,,,
1791264985.2311,O,,,,0.95612,0.1936,0.3373
1791264985.2321,O,,,,0.95744,0.1947,0.3388
1791264985.2335,O,,,,0.96141,0.1957,0.3403
1791264985.2343,O,,,,0.96538,0.1968,0.3418
1791264985.2701,R,C,,-56,,,
1791264985.2703,R,A,,-71,,,
1791264985.2705,R,B,,-69,,,
1791264985.3115,O,,,,0.96803,0.1980,0.3436
1791264985.3126,O,,,,0.97332,0.1992,0.3453
1791264985.3135,O,,,,0.97862,0.2004,0.3471
1791264985.3142,O,,,,0.98391,0.2018,0.3493
1791264985.3253,R,B,,-73,,,
1791264985.3287,R,A,,-75,,,
1791264985.3294,R,C,,-56,,,
1791264985.3642,R,C,,-57,,,
1791264985.3646,R,A,,-78,,,
1791264985.3728,R,B,,-71,,,
1791264985.3917,O,,,,0.98921,0.2033,0.3515
1791264985.3926,O,,,,0.99583,0.2049,0.3539
1791264985.3934,O,,,,1.00244,0.2065,0.3564
1791264985.3942,O,,,,1.00774,0.2082,0.3591
1791264985.4566,O,,,,1.01436,0.2097,0.3615
1791264985.4583,O,,,,1.01965,0.2117,0.3647
1791264985.4591,O,,,,1.02627,0.2135,0.3676
1791264985.4286,R,A,,-73,,,
1791264985.4295,R,C,,-56,,,
1791264985.4570,R,B,,-70,,,
1791264985.4800,R,C,,-54,,,
1791264985.4971,R,A,,-76,,,
1791264985.5115,R,B,,-72,,,
1791264985.5118,R,C,,-57,,,
1791264985.5359,O,,,,1.03156,0.2151,0.3703
1791264985.5367,O,,,,1.03686,0.2170,0.3735
1791264985.5374,O,,,,1.04083,0.2187,0.3765
1791264985.5381,O,,,,1.04613,0.2206,0.3797
1791264985.5626,R,B,,-71,,,
1791264985.5627,R,C,,-54,,,
1791264985.5629,R,A,,-70,,,
1791264985.6170,O,,,,1.05010,0.2223,0.3827
1791264985.6180,O,,,,1.05671,0.2240,0.3857
1791264985.6190,O,,,,1.06201,0.2258,0.3889
1791264985.6197,O,,,,1.06598,0.2275,0.3919
1791264985.5947,R,C,,-52,,,
1791264985.6242,R,B,,-76,,,
1791264985.6246,R,A,,-68,,,
1791264985.6268,R,B,,-77,,,
1791264985.6293,R,A,,-69,,,
1791264985.6295,R,C,,-52,,,
1791264985.6727,R,C,,-58,,,
1791264985.6729,R,A,,-69,,,
1791264985.6755,R,B,,-82,,,
1791264985.6909,O,,,,1.06995,0.2292,0.3949
1791264985.6921,O,,,,1.07260,0.2309,0.3982
1791264985.6930,O,,,,1.07657,0.2326,0.4012
1791264985.6938,O,,,,1.07922,0.2341,0.4040
1791264985.7258,R,B,,-67,,,
1791264985.7712,O,,,,1.08186,0.2358,0.4073
1791264985.7722,O,,,,1.08583,0.2374,0.4103
1791264985.7731,O,,,,1.08848,0.2392,0.4136
1791264985.7739,O,,,,1.08981,0.2407,0.4166
1791264985.7286,R,A,,-69,,,
1791264985.7294,R,C,,-54,,,
1791264985.7656,R,C,,-54,,,
1791264985.7658,R,A,,-66,,,
1791264985.7662,R,B,,-75,,,
1791264985.8063,R,C,,-60,,,
1791264985.8153,R,B,,-77,,,
1791264985.8463,O,,,,1.09378,0.2423,0.4197
1791264985.8474,O,,,,1.09642,0.2440,0.4230
1791264985.8483,O,,,,1.10040,0.2456,0.4261
1791264985.8491,O,,,,1.10569,0.2473,0.4294
1791264985.8293,R,A,,-70,,,
1791264985.8751,R,B,,-70,,,
1791264985.8753,R,C,,-56,,,
1791264985.8755,R,A,,-71,,,
1791264985.9085,R,B,,-69,,,
1791264985.9089,R,C,,-61,,,
1791264985.9340,O,,,,1.10966,0.2488,0.4324
1791264985.9354,O,,,,1.11098,0.2503,0.4355
1791264985.9366,O,,,,1.11363,0.2520,0.4388
1791264985.9376,O,,,,1.11760,0.2535,0.4419
1791264985.9286,R,A,,-66,,,
1791264985.9574,R,C,,-61,,,
1791264985.9576,R,B,,-73,,,
1791264985.9578,R,A,,-76,,,
1791264986.0024,O,,,,1.12157,0.2550,0.4450
1791264986.0033,O,,,,1.12290,0.2565,0.4481
1791264986.0041,O,,,,1.12554,0.2581,0.4515
1791264985.9877,R,A,,-74,,,
1791264986.0166,R,C,,-56,,,
1791264986.0770,O,,,,1.12819,0.2594,0.4543
1791264986.0788,O,,,,1.12952,0.2609,0.4575
1791264986.0295,R,C,,-60,,,
1791264986.0641,R,B,,-69,,,
1791264986.0798,O,,,,1.12952,0.2625,0.4608
1791264986.0805,O,,,,1.13084,0.2640,0.4639
1791264986.0784,R,C,,-56,,,
1791264986.0794,R,A,,-70,,,
1791264986.1251,R,B,,-75,,,
1791264986.1253,R,A,,-73,,,
1791264986.1518,O,,,,1.13349,0.2655,0.4673
1791264986.1532,O,,,,1.13613,0.2669,0.4702
1791264986.1540,O,,,,1.13878,0.2684,0.4735
1791264986.1548,O,,,,1.14010,0.2699,0.4766
1791264986.1294,R,C,,-62,,,
1791264986.1697,R,C,,-62,,,
1791264986.1699,R,A,,-74,,,
1791264986.1701,R,B,,-72,,,
1791264986.2157,R,B,,-66,,,
1791264986.2160,R,A,,-77,,,
1791264986.2162,R,C,,-56,,,
1791264986.2311,O,,,,1.14143,0.2713,0.4798
1791264986.2319,O,,,,1.14408,0.2729,0.4831
1791264986.2327,O,,,,1.14408,0.2742,0.4860
1791264986.2334,O,,,,1.14540,0.2756,0.4892
1791264986.2752,R,B,,-76,,,
1791264986.3062,O,,,,1.14408,0.2770,0.4923
1791264986.3071,O,,,,1.14540,0.2782,0.4950
1791264986.3078,O,,,,1.14540,0.2795,0.4979
1791264986.3086,O,,,,1.14672,0.2807,0.5005
1791264986.2786,R,A,,-68,,,
1791264986.2795,R,C,,-64,,,
1791264986.3101,R,C,,-66,,,
1791264986.3257,R,B,,-79,,,
1791264986.3286,R,A,,-70,,,
1791264986.3757,R,B,,-67,,,
1791264986.3861,O,,,,1.14540,0.2819,0.5032
1791264986.3872,O,,,,1.14540,0.2832,0.5061
1791264986.3885,O,,,,1.14540,0.2843,0.5085
1791264986.3893,O,,,,1.14540,0.2854,0.5109
1791264986.3795,R,A,,-75,,,
1791264986.3796,R,C,,-59,,,
1791264986.3982,R,A,,-67,,,
1791264986.3984,R,C,,-65,,,
1791264986.4011,R,B,,-70,,,
1791264986.4644,O,,,,1.14540,0.2865,0.5133
1791264986.4661,O,,,,1.14408,0.2877,0.5159
1791264986.4669,O,,,,1.14408,0.2888,0.5183
1791264986.4411,R,B,,-78,,,
1791264986.4502,R,C,,-64,,,
1791264986.4505,R,A,,-68,,,
1791264986.4794,R,C,,-64,,,
1791264986.5014,R,B,,-67,,,
1791264986.5252,R,B,,-67,,,
1791264986.5255,R,A,,-69,,,
1791264986.5314,O,,,,1.14540,0.2900,0.5210
1791264986.5323,O,,,,1.14672,0.2910,0.5232
1791264986.5332,O,,,,1.14805,0.2922,0.5258
1791264986.5340,O,,,,1.14937,0.2932,0.5280
1791264986.5301,R,C,,-62,,,
1791264986.5663,R,A,,-68,,,
1791264986.5667,R,B,,-69,,,
1791264986.5669,R,C,,-66,,,
1791264986.6116,O,,,,1.14937,0.2943,0.5304
1791264986.6125,O,,,,1.14937,0.2953,0.5328
1791264986.6134,O,,,,1.14937,0.2964,0.5352
1791264986.6142,O,,,,1.14805,0.2974,0.5374
1791264986.6137,R,C,,-66,,,
1791264986.6141,R,B,,-74,,,
1791264986.6287,R,A,,-68,,,
1791264986.6753,R,B,,-68,,,
1791264986.6913,O,,,,1.14805,0.2983,0.5394
1791264986.6929,O,,,,1.14937,0.2992,0.5415
1791264986.6937,O,,,,1.14937,0.3001,0.5435
1791264986.6945,O,,,,1.15069,0.3011,0.5456
1791264986.6788,R,A,,-68,,,
1791264986.6795,R,C,,-64,,,
1791264986.7117,R,B,,-71,,,
1791264986.7120,R,A,,-68,,,
1791264986.7126,R,C,,-62,,,
1791264986.7661,O,,,,1.15069,0.3019,0.5476
1791264986.7672,O,,,,1.15202,0.3029,0.5497
1791264986.7680,O,,,,1.15334,0.3037,0.5514
1791264986.7688,O,,,,1.15334,0.3045,0.5534
1791264986.7625,R,C,,-72,,,
1791264986.7752,R,B,,-70,,,
1791264986.8083,R,B,,-68,,,
1791264986.8195,R,C,,-62,,,
1791264986.8204,R,A,,-65,,,
1791264986.8464,O,,,,1.15334,0.3054,0.5553
1791264986.8478,O,,,,1.15334,0.3062,0.5572
1791264986.8491,O,,,,1.15467,0.3070,0.5589
1791264986.8510,O,,,,1.15467,0.3079,0.5609
1791264986.8476,R,B,,-74,,,
1791264986.8477,R,C,,-63,,,
1791264986.8646,R,A,,-69,,,
1791264986.9227,R,B,,-68,,,
1791264986.9230,R,A,,-67,,,
1791264986.9233,R,C,,-68,,,
1791264986.9315,O,,,,1.15467,0.3087,0.5628
1791264986.9325,O,,,,1.15467,0.3096,0.5648
1791264986.9333,O,,,,1.15599,0.3103,0.5664
1791264986.9341,O,,,,1.15599,0.3112,0.5684
1791264986.9478,R,B,,-68,,,
1791264986.9984,O,,,,1.15599,0.3120,0.5703
1791264986.9995,O,,,,1.15731,0.3130,0.5725
1791264987.0002,O,,,,1.15731,0.3138,0.5744
1791264986.9787,R,C,,-61,,,
1791264986.9789,R,A,,-64,,,
1791264986.9893,R,B,,-72,,,
1791264986.9894,R,C,,-63,,,
1791264987.0156,R,A,,-71,,,
1791264987.0722,O,,,,1.15864,0.3146,0.5761
1791264987.0738,O,,,,1.15864,0.3154,0.5781
1791264987.0746,O,,,,1.15864,0.3163,0.5800
1791264987.0754,O,,,,1.15864,0.3171,0.5820
1791264987.0738,R,B,,-67,,,
1791264987.0761,R,A,,-67,,,
1791264987.0764,R,B,,-68,,,
1791264987.0799,R,C,,-66,,,
1791264987.1152,R,B,,-68,,,
1791264987.1161,R,C,,-66,,,
1791264987.1512,O,,,,1.15864,0.3180,0.5839
1791264987.1526,O,,,,1.15864,0.3188,0.5858
1791264987.1534,O,,,,1.15731,0.3196,0.5875
1791264987.1542,O,,,,1.15731,0.3204,0.5895
1791264987.1287,R,A,,-64,,,
1791264987.1632,R,C,,-64,,,
1791264987.1748,R,B,,-72,,,
1791264987.2263,O,,,,1.15731,0.3213,0.5914
1791264987.2272,O,,,,1.15864,0.3220,0.5931
1791264987.2280,O,,,,1.15864,0.3229,0.5951
1791264987.1788,R,A,,-69,,,
1791264987.2124,R,B,,-70,,,
1791264987.2154,R,A,,-67,,,
1791264987.2290,O,,,,1.15864,0.3237,0.5970
1791264987.2300,R,C,,-61,,,
1791264987.2602,R,C,,-69,,,
1791264987.2604,R,B,,-69,,,
1791264987.2613,R,A,,-67,,,
1791264987.3062,O,,,,1.15864,0.3245,0.5989
1791264987.3072,O,,,,1.15731,0.3253,0.6006
1791264987.3079,O,,,,1.15599,0.3260,0.6023
1791264987.3091,O,,,,1.15467,0.3268,0.6040
1791264987.3079,R,B,,-76,,,
1791264987.3169,R,A,,-69,,,
1791264987.3295,R,C,,-66,,,
1791264987.3456,R,C,,-63,,,
1791264987.3460,R,A,,-83,,,
1791264987.3762,R,B,,-72,,,
1791264987.3811,O,,,,1.15334,0.3275,0.6057
1791264987.3820,O,,,,1.15202,0.3283,0.6074
1791264987.3828,O,,,,1.15202,0.3289,0.6089
1791264987.3836,O,,,,1.14937,0.3296,0.6103
1791264987.4041,R,B,,-69,,,
1791264987.4513,O,,,,1.14672,0.3302,0.6118
1791264987.4522,O,,,,1.14540,0.3308,0.6130
1791264987.4530,O,,,,1.14540,0.3312,0.6139
1791264987.4287,R,A,,-71,,,
1791264987.4295,R,C,,-67,,,
1791264987.4422,R,B,,-74,,,
1791264987.4504,R,C,,-66,,,
1791264987.4511,R,A,,-73,,,
1791264987.5252,R,B,,-72,,,
1791264987.5313,O,,,,1.14540,0.3317,0.6149
1791264987.5324,O,,,,1.14408,0.3320,0.6156
1791264987.5332,O,,,,1.14275,0.3323,0.6163
1791264987.5341,O,,,,1.14275,0.3325,0.6168
1791264987.5288,R,C,,-61,,,
1791264987.5289,R,A,,-73,,,
1791264987.5300,R,C,,-62,,,
1791264987.5312,R,A,,-75,,,
1791264987.5539,R,B,,-71,,,
1791264987.5733,R,B,,-71,,,
1791264987.6116,O,,,,1.14275,0.3328,0.6173
1791264987.6126,O,,,,1.14275,0.3330,0.6178
1791264987.6134,O,,,,1.14275,0.3330,0.6178
1791264987.6142,O,,,,1.14275,0.3332,0.6183
1791264987.5786,R,A,,-78,,,
1791264987.5795,R,C,,-69,,,
1791264987.6194,R,A,,-78,,,
1791264987.6247,R,C,,-71,,,
1791264987.6249,R,B,,-78,,,
1791264987.6638,R,C,,-65,,,
1791264987.6869,O,,,,1.14275,0.3332,0.6183
1791264987.6880,O,,,,1.14275,0.3332,0.6183
1791264987.6888,O,,,,1.14408,0.3331,0.6180
1791264987.6899,O,,,,1.14408,0.3331,0.6180
1791264987.6787,R,A,,-72,,,
1791264987.7252,R,B,,-72,,,
1791264987.7672,O,,,,1.14408,0.3331,0.6180
1791264987.7681,O,,,,1.14408,0.3331,0.6180
1791264987.7690,O,,,,1.14408,0.3331,0.6180
1791264987.7698,O,,,,1.14408,0.3331,0.6180
1791264987.7288,R,A,,-73,,,
1791264987.7296,R,C,,-68,,,
1791264987.7545,R,C,,-74,,,
1791264987.7688,R,B,,-73,,,
1791264987.7689,R,A,,-74,,,
1791264987.8033,R,B,,-80,,,
1791264987.8048,R,A,,-71,,,
1791264987.8411,O,,,,1.14408,0.3331,0.6180
1791264987.8419,O,,,,1.14408,0.3331,0.6180
1791264987.8428,O,,,,1.14408,0.3331,0.6180
1791264987.8441,O,,,,1.14408,0.3331,0.6180
1791264987.8295,R,C,,-65,,,
1791264987.8488,R,B,,-73,,,
1791264987.8490,R,C,,-69,,,
1791264987.9217,O,,,,1.14408,0.3331,0.6180
1791264987.9231,O,,,,1.14408,0.3331,0.6180
1791264987.9242,O,,,,1.14408,0.3331,0.6180
1791264987.9252,O,,,,1.14408,0.3331,0.6180
1791264987.8784,R,A,,-73,,,
1791264987.8933,R,A,,-70,,,
1791264987.8934,R,C,,-71,,,
1791264987.9057,R,B,,-72,,,
1791264987.9654,R,C,,-64,,,
1791264987.9915,O,,,,1.14408,0.3331,0.6180
1791264987.9924,O,,,,1.14408,0.3331,0.6180
1791264987.9932,O,,,,1.14408,0.3331,0.6180
1791264987.9787,R,A,,-70,,,
1791264987.9842,R,C,,-69,,,
1791264987.9846,R,B,,-71,,,
1791264987.9847,R,A,,-72,,,
1791264988.0664,O,,,,1.14408,0.3331,0.6180
1791264988.0676,O,,,,1.14408,0.3331,0.6180
1791264988.0684,O,,,,1.14408,0.3331,0.6180
1791264988.0693,O,,,,1.14408,0.3331,0.6180
1791264988.0391,R,B,,-73,,,
1791264988.0691,R,C,,-70,,,
1791264988.0754,R,B,,-74,,,
1791264988.0787,R,A,,-71,,,
1791264988.1147,R,B,,-76,,,
1791264988.1149,R,A,,-74,,,
1791264988.1470,O,,,,1.14408,0.3331,0.6180
1791264988.1480,O,,,,1.14408,0.3331,0.6180
1791264988.1488,O,,,,1.14408,0.3331,0.6180
1791264988.1496,O,,,,1.14408,0.3331,0.6180
1791264988.1297,R,C,,-64,,,
1791264988.1751,R,B,,-71,,,
1791264988.2266,O,,,,1.14408,0.3331,0.6180
1791264988.2280,O,,,,1.14408,0.3331,0.6180
1791264988.2293,O,,,,1.14408,0.3331,0.6180
1791264988.1790,R,A,,-71,,,
1791264988.1800,R,C,,-69,,,
1791264988.2051,R,B,,-73,,,
1791264988.2052,R,C,,-69,,,
1791264988.2307,O,,,,1.14408,0.3331,0.6180
1791264988.2286,R,A,,-74,,,
1791264988.2542,R,C,,-64,,,
1791264988.2570,R,A,,-74,,,
1791264988.2753,R,B,,-77,,,
1791264988.3012,O,,,,1.14408,0.3331,0.6180
1791264988.3020,O,,,,1.14408,0.3331,0.6180
1791264988.3028,O,,,,1.14408,0.3331,0.6180
1791264988.3036,O,,,,1.14408,0.3331,0.6180
1791264988.2985,R,B,,-73,,,
1791264988.3033,R,C,,-65,,,
1791264988.3041,R,A,,-73,,,
1791264988.3517,R,C,,-68,,,
1791264988.3811,O,,,,1.14408,0.3331,0.6180
1791264988.3821,O,,,,1.14408,0.3331,0.6180
1791264988.3829,O,,,,1.14937,0.3331,0.6180
1791264988.3836,O,,,,1.15599,0.3330,0.6178
1791264988.4053,R,A,,-72,,,
1791264988.4104,R,B,,-85,,,
1791264988.4105,R,C,,-63,,,
1791264988.4512,O,,,,1.16393,0.3330,0.6178
1791264988.4519,O,,,,1.17452,0.3330,0.6178
1791264988.4527,O,,,,1.18776,0.3330,0.6178
1791264988.4510,R,B,,-70,,,
1791264988.4739,R,C,,-64,,,
1791264988.4743,R,A,,-72,,,
1791264988.4750,R,B,,-70,,,
1791264988.4766,R,C,,-64,,,
1791264988.4768,R,A,,-72,,,
1791264988.5268,O,,,,1.19967,0.3329,0.6175
1791264988.5279,O,,,,1.21291,0.3329,0.6175
1791264988.5287,O,,,,1.22747,0.3330,0.6178
1791264988.5241,R,B,,-75,,,
1791264988.5296,O,,,,1.24203,0.3329,0.6175
1791264988.5283,R,C,,-67,,,
1791264988.5294,R,A,,-67,,,
1791264988.5656,R,A,,-68,,,
1791264988.5657,R,C,,-61,,,
1791264988.5752,R,B,,-81,,,
1791264988.6068,O,,,,1.25659,0.3330,0.6178
1791264988.6077,O,,,,1.27115,0.3329,0.6175
1791264988.6091,O,,,,1.28703,0.3329,0.6175
1791264988.6099,O,,,,1.30291,0.3329,0.6175
1791264988.6145,R,C,,-58,,,
1791264988.6147,R,B,,-73,,,
1791264988.6199,R,A,,-69,,,
1791264988.6534,R,B,,-74,,,
1791264988.6569,R,C,,-62,,,
1791264988.6903,O,,,,1.31880,0.3329,0.6175
1791264988.6913,O,,,,1.33468,0.3329,0.6175
1791264988.6922,O,,,,1.35189,0.3329,0.6178
1791264988.6929,O,,,,1.36910,0.3329,0.6175
1791264988.6788,R,A,,-66,,,
1791264988.7198,R,A,,-68,,,
1791264988.7611,O,,,,1.38498,0.3329,0.6175
1791264988.7620,O,,,,1.40087,0.3329,0.6175
1791264988.7628,O,,,,1.41675,0.3329,0.6175
1791264988.7636,O,,,,1.43528,0.3329,0.6175
1791264988.7296,R,C,,-61,,,
1791264988.7751,R,B,,-75,,,
1791264988.7786,R,A,,-67,,,
1791264988.7801,R,C,,-56,,,
1791264988.8140,R,B,,-70,,,
1791264988.8141,R,C,,-62,,,
1791264988.8237,R,A,,-67,,,
1791264988.8413,O,,,,1.45116,0.3329,0.6175
1791264988.8422,O,,,,1.46705,0.3329,0.6175
1791264988.8429,O,,,,1.48426,0.3329,0.6173
1791264988.8437,O,,,,1.50146,0.3329,0.6175
1791264988.8293,R,A,,-100,,,
1791264988.8296,R,C,,-63,,,
1791264988.8707,R,B,,-67,,,
1791264988.8725,R,C,,-62,,,
1791264988.8739,R,B,,-67,,,
1791264988.9123,O,,,,1.51735,0.3329,0.6175
1791264988.9132,O,,,,1.53455,0.3329,0.6173
1791264988.9139,O,,,,1.55044,0.3329,0.6173
1791264988.9147,O,,,,1.56632,0.3329,0.6173
1791264988.8789,R,A,,-65,,,
1791264988.9220,R,B,,-83,,,
1791264988.9223,R,A,,-70,,,
1791264988.9289,R,C,,-59,,,
1791264988.9621,R,B,,-78,,,
1791264988.9661,R,C,,-60,,,
1791264988.9663,R,A,,-67,,,
1791264988.9866,O,,,,1.58485,0.3329,0.6173
1791264988.9875,O,,,,1.60074,0.3329,0.6173
1791264988.9883,O,,,,1.61795,0.3329,0.6170
1791264989.0109,R,B,,-69,,,
1791264989.0113,R,C,,-61,,,
1791264989.0670,O,,,,1.63515,0.3329,0.6173
1791264989.0680,O,,,,1.65104,0.3329,0.6173
1791264989.0688,O,,,,1.66824,0.3329,0.6170
1791264989.0695,O,,,,1.68413,0.3329,0.6170
1791264989.0290,R,A,,-69,,,
1791264989.0540,R,C,,-62,,,
1791264989.0543,R,B,,-67,,,
1791264989.0546,R,A,,-69,,,
1791264989.0969,R,C,,-60,,,
1791264989.0972,R,B,,-73,,,
1791264989.1468,O,,,,1.70134,0.3329,0.6173
1791264989.1482,O,,,,1.71854,0.3329,0.6170
1791264989.1494,O,,,,1.73443,0.3329,0.6170
1791264989.1505,O,,,,1.75031,0.3329,0.6170
1791264989.1291,R,A,,-66,,,
1791264989.1414,R,B,,-72,,,
1791264989.1415,R,A,,-67,,,
1791264989.2214,O,,,,1.76884,0.3329,0.6170
1791264989.2225,O,,,,1.78473,0.3329,0.6170
1791264989.2236,O,,,,1.80061,0.3329,0.6170
1791264989.2251,O,,,,1.81782,0.3330,0.6168
1791264989.1795,R,C,,-57,,,
1791264989.2250,R,B,,-71,,,
1791264989.2288,R,A,,-63,,,
1791264989.2300,R,C,,-72,,,
1791264989.2382,R,A,,-63,,,
1791264989.2384,R,C,,-73,,,
1791264989.2386,R,B,,-71,,,
1791264989.2750,R,C,,-68,,,
1791264989.2752,R,B,,-76,,,
1791264989.3013,O,,,,1.83503,0.3329,0.6170
1791264989.3021,O,,,,1.85091,0.3329,0.6170
1791264989.3029,O,,,,1.86679,0.3329,0.6170
1791264989.3036,O,,,,1.88532,0.3329,0.6170
1791264989.2791,R,A,,-62,,,
1791264989.3207,R,B,,-73,,,
1791264989.3774,O,,,,1.90121,0.3329,0.6170
1791264989.3783,O,,,,1.91709,0.3329,0.6170
1791264989.3289,R,A,,-61,,,
1791264989.3296,R,C,,-64,,,
1791264989.3647,R,A,,-61,,,
1791264989.3654,R,C,,-64,,,
1791264989.3751,R,B,,-77,,,
1791264989.3793,O,,,,1.93562,0.3329,0.6170
1791264989.3802,O,,,,1.95151,0.3329,0.6170
1791264989.4250,R,B,,-73,,,
1791264989.4470,O,,,,1.96739,0.3329,0.6170
1791264989.4479,O,,,,1.98327,0.3329,0.6170
1791264989.4487,O,,,,2.00181,0.3329,0.6170
1791264989.4288,R,A,,-62,,,
1791264989.4293,R,C,,-63,,,
1791264989.4521,R,C,,-67,,,
1791264989.4614,R,A,,-62,,,
1791264989.4738,R,B,,-70,,,
1791264989.5266,O,,,,2.01769,0.3329,0.6170
1791264989.5275,O,,,,2.03357,0.3329,0.6170
1791264989.5290,O,,,,2.04946,0.3329,0.6170
1791264989.5195,R,C,,-69,,,
1791264989.5251,R,B,,-78,,,
1791264989.5301,O,,,,2.06799,0.3329,0.6170
1791264989.5290,R,A,,-63,,,
1791264989.5482,R,C,,-66,,,
1791264989.5485,R,A,,-63,,,
1791264989.5486,R,B,,-77,,,
1791264989.6020,O,,,,2.08387,0.3329,0.6170
1791264989.6029,O,,,,2.09976,0.3329,0.6170
1791264989.6036,O,,,,2.11564,0.3329,0.6170
1791264989.6044,O,,,,2.13417,0.3329,0.6170
1791264989.6184,R,A,,-62,,,
1791264989.6535,R,B,,-77,,,
1791264989.6596,R,A,,-65,,,
1791264989.6597,R,C,,-61,,,
1791264989.6814,O,,,,2.15006,0.3329,0.6170
1791264989.6823,O,,,,2.16594,0.3329,0.6170
1791264989.6831,O,,,,2.18315,0.3330,0.6168
1791264989.6845,O,,,,2.20035,0.3329,0.6170
1791264989.6888,R,B,,-74,,,
1791264989.7634,O,,,,2.21624,0.3329,0.6170
1791264989.7644,O,,,,2.23477,0.3329,0.6170
1791264989.7652,O,,,,2.25065,0.3329,0.6170
1791264989.7659,O,,,,2.26654,0.3329,0.6170
1791264989.7293,R,C,,-69,,,
1791264989.7295,R,A,,-65,,,
1791264989.7320,R,C,,-71,,,
1791264989.7627,R,B,,-69,,,
1791264989.8256,R,B,,-75,,,
1791264989.8369,O,,,,2.28507,0.3329,0.6170
1791264989.8379,O,,,,2.30095,0.3329,0.6170
1791264989.8387,O,,,,2.31816,0.3331,0.6168
1791264989.8395,O,,,,2.33404,0.3331,0.6168
1791264989.8288,R,A,,-66,,,
1791264989.8295,R,C,,-64,,,
1791264989.8735,R,C,,-65,,,
1791264989.8737,R,B,,-74,,,
1791264989.9118,O,,,,2.35125,0.3332,0.6166
1791264989.9129,O,,,,2.36846,0.3331,0.6168
1791264989.9136,O,,,,2.38434,0.3331,0.6168
1791264989.8789,R,A,,-63,,,
1791264989.9210,R,A,,-63,,,
1791264989.9214,R,C,,-64,,,
1791264989.9252,R,B,,-65,,,
1791264989.9677,R,C,,-57,,,
1791264989.9716,R,B,,-72,,,
1791264989.9717,R,A,,-67,,,
1791264989.9895,O,,,,2.40023,0.3331,0.6168
1791264989.9905,O,,,,2.41743,0.3333,0.6166
1791264989.9913,O,,,,2.43464,0.3331,0.6168
1791264989.9920,O,,,,2.45053,0.3331,0.6168
1791264990.0094,R,B,,-84,,,
1791264990.0663,O,,,,2.46641,0.3331,0.6168
1791264990.0673,O,,,,2.48362,0.3333,0.6166
1791264990.0681,O,,,,2.50083,0.3331,0.6168
1791264990.0688,O,,,,2.51671,0.3331,0.6168
1791264990.0285,R,C,,-62,,,
1791264990.0288,R,A,,-63,,,
1791264990.0623,R,A,,-65,,,
1791264990.0624,R,C,,-61,,,
1791264990.0932,R,A,,-67,,,
1791264990.0935,R,B,,-69,,,
1791264990.0936,R,C,,-61,,,
1791264990.1423,O,,,,2.53392,0.3333,0.6167
1791264990.1433,O,,,,2.54980,0.3333,0.6167
1791264990.1441,O,,,,2.56701,0.3330,0.6168
1791264990.1448,O,,,,2.58289,0.3330,0.6168
1791264990.1567,R,B,,-83,,,
1791264990.1568,R,C,,-65,,,
1791264990.1571,R,A,,-65,,,
1791264990.2173,O,,,,2.59878,0.3330,0.6168
1791264990.2184,O,,,,2.61731,0.3330,0.6168
1791264990.2192,O,,,,2.63319,0.3330,0.6168
1791264990.2199,O,,,,2.65040,0.3333,0.6167
1791264990.1832,R,B,,-81,,,
1791264990.1862,R,A,,-67,,,
1791264990.2267,R,A,,-68,,,
1791264990.2295,R,C,,-62,,,
1791264990.2721,R,C,,-73,,,
1791264990.2723,R,B,,-76,,,
1791264990.2725,R,A,,-69,,,
1791264990.2971,O,,,,2.66761,0.3330,0.6168
1791264990.2982,O,,,,2.68349,0.3330,0.6168
1791264990.2990,O,,,,2.69937,0.3330,0.6168
1791264990.2998,O,,,,2.71790,0.3330,0.6168
1791264990.3157,R,B,,-75,,,
1791264990.3773,O,,,,2.73379,0.3330,0.6168
1791264990.3784,O,,,,2.75100,0.3333,0.6167
1791264990.3295,R,A,,-68,,,
1791264990.3297,R,C,,-74,,,
1791264990.3636,R,C,,-68,,,
1791264990.3752,R,B,,-69,,,
1791264990.3794,O,,,,2.76688,0.3333,0.6167
1791264990.3804,O,,,,2.78409,0.3330,0.6168
1791264990.3789,R,A,,-68,,,
1791264990.4079,R,C,,-70,,,
1791264990.4081,R,A,,-68,,,
1791264990.4083,R,B,,-72,,,
1791264990.4469,O,,,,2.79997,0.3330,0.6168
1791264990.4479,O,,,,2.81586,0.3330,0.6168
1791264990.4487,O,,,,2.83439,0.3330,0.6168
1791264990.4724,R,B,,-74,,,
1791264990.5221,O,,,,2.85027,0.3330,0.6168
1791264990.5232,O,,,,2.86615,0.3330,0.6168
1791264990.5241,O,,,,2.88469,0.3330,0.6168
1791264990.5248,O,,,,2.90057,0.3330,0.6168
1791264990.4792,R,A,,-68,,,
1791264990.4795,R,C,,-66,,,
1791264990.4950,R,C,,-69,,,
1791264990.4951,R,A,,-69,,,
1791264990.4983,R,B,,-74,,,
1791264990.5647,R,A,,-67,,,
1791264990.5650,R,B,,-69,,,
1791264990.6019,O,,,,2.91645,0.3330,0.6168
1791264990.6030,O,,,,2.93366,0.3333,0.6167
1791264990.6038,O,,,,2.95087,0.3330,0.6168
1791264990.6045,O,,,,2.96675,0.3330,0.6168
1791264990.5791,R,A,,-68,,,
1791264990.5796,R,C,,-68,,,
1791264990.6766,O,,,,2.98396,0.3333,0.6167
1791264990.6775,O,,,,3.00117,0.3330,0.6168
1791264990.6783,O,,,,3.01705,0.3330,0.6168
1791264990.6290,R,A,,-66,,,
1791264990.6300,R,C,,-83,,,
1791264990.6754,R,A,,-69,,,
1791264990.6756,R,B,,-65,,,
1791264990.6793,O,,,,3.03426,0.3333,0.6167
1791264990.6800,R,C,,-69,,,
1791264990.7204,R,C,,-65,,,
1791264990.7222,R,B,,-63,,,
1791264990.7225,R,A,,-75,,,
1791264990.7565,O,,,,3.05014,0.3333,0.6167
1791264990.7573,O,,,,3.06735,0.3330,0.6168
1791264990.7581,O,,,,3.08323,0.3330,0.6168
1791264990.7588,O,,,,3.10044,0.3333,0.6168
1791264990.7641,R,B,,-65,,,
1791264990.7790,R,A,,-71,,,
1791264990.7795,R,C,,-68,,,
1791264990.8253,R,B,,-62,,,
1791264990.8375,O,,,,3.11633,0.3333,0.6168
1791264990.8392,O,,,,3.13353,0.3330,0.6168
1791264990.8400,O,,,,-3.13244,0.3333,0.6168
1791264990.8408,O,,,,-3.11391,0.3333,0.6168
1791264990.8302,R,C,,-62,,,
1791264990.8552,R,B,,-63,,,
1791264990.9072,O,,,,-3.09671,0.3336,0.6168
1791264990.9089,O,,,,-3.07950,0.3338,0.6168
1791264990.9097,O,,,,-3.06361,0.3338,0.6168
1791264990.8791,R,A,,-79,,,
1791264990.8801,R,C,,-63,,,
1791264990.9036,R,B,,-64,,,
1791264990.9104,R,C,,-69,,,
1791264990.9290,R,A,,-73,,,
1791264990.9752,R,B,,-57,,,
1791264990.9754,R,C,,-62,,,
1791264990.9756,R,A,,-81,,,
1791264990.9903,O,,,,-3.04773,0.3338,0.6168
1791264990.9914,O,,,,-3.03185,0.3338,0.6168
1791264990.9923,O,,,,-3.01596,0.3338,0.6168
1791264990.9930,O,,,,-3.00008,0.3338,0.6168
1791264990.9904,R,B,,-64,,,
1791264991.0583,O,,,,-2.98287,0.3336,0.6167
1791264991.0593,O,,,,-2.96699,0.3336,0.6167
1791264991.0600,O,,,,-2.94978,0.3333,0.6167
1791264991.0607,O,,,,-2.93257,0.3336,0.6167
1791264991.0294,R,A,,-76,,,
1791264991.0295,R,C,,-68,,,
1791264991.0410,R,B,,-62,,,
1791264991.0415,R,C,,-70,,,
1791264991.0423,R,A,,-77,,,
1791264991.0795,R,C,,-71,,,
1791264991.0797,R,A,,-79,,,
1791264991.1114,R,B,,-56,,,
1791264991.1207,R,C,,-64,,,
1791264991.1210,R,A,,-72,,,
1791264991.1251,R,B,,-56,,,
1791264991.1374,O,,,,-2.91536,0.3333,0.6167
1791264991.1385,O,,,,-2.89948,0.3333,0.6167
1791264991.1393,O,,,,-2.88227,0.3331,0.6166
1791264991.1400,O,,,,-2.86639,0.3331,0.6166
1791264991.1646,R,B,,-61,,,
1791264991.1649,R,C,,-69,,,
1791264991.1650,R,A,,-71,,,
1791264991.2173,O,,,,-2.84918,0.3333,0.6167
1791264991.2184,O,,,,-2.83330,0.3333,0.6167
1791264991.2192,O,,,,-2.81609,0.3331,0.6166
1791264991.2201,O,,,,-2.80021,0.3331,0.6166
1791264991.2208,R,C,,-73,,,
1791264991.2214,R,B,,-61,,,
1791264991.2518,R,B,,-55,,,
1791264991.2968,O,,,,-2.78300,0.3333,0.6167
1791264991.2979,O,,,,-2.76579,0.3331,0.6166
1791264991.2987,O,,,,-2.74991,0.3331,0.6166
1791264991.2995,O,,,,-2.73138,0.3331,0.6166
1791264991.2798,R,C,,-68,,,
1791264991.2800,R,A,,-71,,,
1791264991.3042,R,C,,-72,,,
1791264991.3097,R,B,,-66,,,
1791264991.3725,O,,,,-2.71549,0.3331,0.6166
1791264991.3736,O,,,,-2.69961,0.3331,0.6166
1791264991.3745,O,,,,-2.68372,0.3331,0.6166
1791264991.3752,O,,,,-2.66519,0.3331,0.6166
1791264991.3293,R,A,,-69,,,
1791264991.3542,R,A,,-77,,,
1791264991.3544,R,C,,-77,,,
1791264991.3560,R,B,,-59,,,
1791264991.4002,R,B,,-55,,,
1791264991.4158,R,C,,-78,,,
1791264991.4416,O,,,,-2.64931,0.3331,0.6166
1791264991.4424,O,,,,-2.63343,0.3331,0.6166
1791264991.4432,O,,,,-2.61489,0.3331,0.6166
1791264991.4290,R,A,,-69,,,
1791264991.4516,R,B,,-63,,,
1791264991.4519,R,C,,-93,,,
1791264991.4656,R,A,,-70,,,
1791264991.5224,O,,,,-2.59901,0.3331,0.6166
1791264991.5233,O,,,,-2.58180,0.3328,0.6165
1791264991.5241,O,,,,-2.56592,0.3328,0.6165
1791264991.5248,O,,,,-2.54871,0.3331,0.6166
1791264991.4959,R,B,,-60,,,
1791264991.5222,R,C,,-75,,,
1791264991.5227,R,A,,-83,,,
1791264991.5292,R,A,,-81,,,
1791264991.5293,R,C,,-74,,,
1791264991.5719,R,C,,-66,,,
1791264991.5728,R,B,,-59,,,
1791264991.5731,R,A,,-74,,,
1791264991.5968,O,,,,-2.53283,0.3331,0.6166
1791264991.5979,O,,,,-2.51562,0.3333,0.6168
1791264991.5986,O,,,,-2.49841,0.3331,0.6166
1791264991.5994,O,,,,-2.48253,0.3331,0.6166
1791264991.6199,R,C,,-69,,,
1791264991.6202,R,B,,-65,,,
1791264991.6770,O,,,,-2.46532,0.3333,0.6168
1791264991.6778,O,,,,-2.44811,0.3331,0.6166
1791264991.6786,O,,,,-2.43223,0.3331,0.6166
1791264991.6291,R,A,,-70,,,
1791264991.6651,R,B,,-62,,,
1791264991.6702,R,C,,-67,,,
1791264991.6703,R,A,,-73,,,
1791264991.6795,O,,,,-2.41635,0.3331,0.6166
1791264991.7109,R,B,,-61,,,
1791264991.7113,R,A,,-73,,,
1791264991.7520,O,,,,-2.39781,0.3331,0.6166
1791264991.7528,O,,,,-2.38193,0.3331,0.6166
1791264991.7537,O,,,,-2.36605,0.3331,0.6166
1791264991.7552,O,,,,-2.34752,0.3331,0.6166
1791264991.7297,R,C,,-67,,,
1791264991.7755,R,B,,-64,,,
1791264991.7795,R,A,,-69,,,
1791264991.7801,R,C,,-69,,,
1791264991.7985,R,B,,-60,,,
1791264991.7988,R,C,,-70,,,
1791264991.7988,R,A,,-70,,,
1791264991.8312,O,,,,-2.33163,0.3331,0.6166
1791264991.8322,O,,,,-2.31575,0.3331,0.6166
1791264991.8329,O,,,,-2.29986,0.3331,0.6166
1791264991.8337,O,,,,-2.28133,0.3331,0.6166
1791264991.8754,R,B,,-52,,,
1791264991.9019,O,,,,-2.26677,0.3329,0.6164
1791264991.9034,O,,,,-2.24956,0.3331,0.6166
1791264991.9042,O,,,,-2.23368,0.3331,0.6166
1791264991.8788,R,A,,-73,,,
1791264991.8955,R,B,,-64,,,
1791264991.8956,R,A,,-68,,,
1791264991.9776,O,,,,-2.21647,0.3329,0.6164
1791264991.9792,O,,,,-2.19927,0.3331,0.6166
1791264991.9287,R,C,,-72,,,
1791264991.9288,R,A,,-68,,,
1791264991.9758,R,B,,-57,,,
1791264991.9759,R,C,,-76,,,
1791264991.9762,R,A,,-71,,,
1791264991.9802,O,,,,-2.18338,0.3331,0.6166
1791264991.9811,O,,,,-2.16617,0.3329,0.6164
1791264992.0204,R,B,,-52,,,
1791264992.0635,O,,,,-2.14897,0.3331,0.6166
1791264992.0650,O,,,,-2.13308,0.3331,0.6166
1791264992.0663,O,,,,-2.11588,0.3329,0.6164
1791264992.0675,O,,,,-2.09867,0.3330,0.6166
1791264992.0290,R,A,,-74,,,
1791264992.0685,R,B,,-68,,,
1791264992.0791,R,A,,-70,,,
1791264992.0795,R,C,,-66,,,
1791264992.1127,R,B,,-57,,,
1791264992.1129,R,A,,-74,,,
1791264992.1344,O,,,,-2.08278,0.3330,0.6166
1791264992.1354,O,,,,-2.06558,0.3329,0.6164
1791264992.1362,O,,,,-2.04837,0.3330,0.6166
1791264992.1369,O,,,,-2.03248,0.3330,0.6166
1791264992.1295,R,C,,-71,,,
1791264992.1559,R,B,,-59,,,
1791264992.1566,R,A,,-76,,,
1791264992.2119,O,,,,-2.01528,0.3329,0.6164
1791264992.2130,O,,,,-2.00072,0.3330,0.6166
1791264992.2140,O,,,,-1.98351,0.3331,0.6169
1791264992.2148,O,,,,-1.96630,0.3330,0.6166
1791264992.2135,R,C,,-66,,,
1791264992.2136,R,B,,-63,,,
1791264992.2140,R,A,,-70,,,
1791264992.2502,R,B,,-60,,,
1791264992.2504,R,A,,-77,,,
1791264992.2505,R,C,,-68,,,
1791264992.2912,O,,,,-1.95042,0.3330,0.6166
1791264992.2921,O,,,,-1.93453,0.3330,0.6166
1791264992.2929,O,,,,-1.91600,0.3330,0.6166
1791264992.2937,O,,,,-1.90012,0.3330,0.6166
1791264992.3128,R,B,,-62,,,
1791264992.3131,R,A,,-78,,,
1791264992.3719,O,,,,-1.88291,0.3330,0.6164
1791264992.3730,O,,,,-1.86570,0.3330,0.6166
1791264992.3738,O,,,,-1.84982,0.3330,0.6166
1791264992.3745,O,,,,-1.83261,0.3330,0.6164
1791264992.3526,R,B,,-70,,,
1791264992.3528,R,C,,-67,,,
1791264992.3750,R,A,,-74,,,
1791264992.3752,R,B,,-68,,,
1791264992.3792,R,A,,-73,,,
1791264992.3795,R,C,,-68,,,
1791264992.4258,R,B,,-63,,,
1791264992.4375,O,,,,-1.81540,0.3330,0.6166
1791264992.4386,O,,,,-1.79952,0.3330,0.6166
1791264992.4393,O,,,,-1.78231,0.3330,0.6164
1791264992.4290,R,A,,-85,,,
1791264992.4301,R,C,,-67,,,
1791264992.4756,R,B,,-66,,,
1791264992.4767,R,C,,-69,,,
1791264992.4770,R,A,,-82,,,
1791264992.5172,O,,,,-1.76511,0.3330,0.6166
1791264992.5187,O,,,,-1.74922,0.3330,0.6166
1791264992.5196,O,,,,-1.73201,0.3330,0.6164
1791264992.5204,O,,,,-1.71481,0.3330,0.6166
1791264992.5159,R,B,,-63,,,
1791264992.5208,R,C,,-65,,,
1791264992.5290,R,A,,-77,,,
1791264992.5638,R,B,,-66,,,
1791264992.5639,R,C,,-68,,,
1791264992.5970,O,,,,-1.69892,0.3330,0.6166
1791264992.5981,O,,,,-1.68172,0.3330,0.6164
1791264992.5989,O,,,,-1.66583,0.3330,0.6164
1791264992.5997,O,,,,-1.64862,0.3330,0.6166
1791264992.5790,R,A,,-92,,,
1791264992.6202,R,A,,-76,,,
1791264992.6243,R,B,,-69,,,
1791264992.6244,R,C,,-66,,,
1791264992.6719,O,,,,-1.63274,0.3330,0.6166
1791264992.6730,O,,,,-1.61553,0.3330,0.6164
1791264992.6737,O,,,,-1.59833,0.3330,0.6166
1791264992.6745,O,,,,-1.58244,0.3330,0.6166
1791264992.6751,R,B,,-62,,,
1791264992.6789,R,A,,-78,,,
1791264992.6797,R,C,,-64,,,
1791264992.6987,R,C,,-70,,,
1791264992.7257,R,B,,-68,,,
1791264992.7521,O,,,,-1.56656,0.3330,0.6166
1791264992.7534,O,,,,-1.54803,0.3330,0.6166
1791264992.7546,O,,,,-1.53214,0.3330,0.6166
1791264992.7558,O,,,,-1.51626,0.3330,0.6166
1791264992.7286,R,A,,-84,,,
1791264992.7759,R,B,,-62,,,
1791264992.7790,R,A,,-77,,,
1791264992.7795,R,C,,-72,,,
1791264992.8081,R,B,,-66,,,
1791264992.8082,R,C,,-66,,,
1791264992.8317,O,,,,-1.49905,0.3330,0.6164
1791264992.8329,O,,,,-1.48184,0.3330,0.6166
1791264992.8342,O,,,,-1.46596,0.3330,0.6166
1791264992.8353,O,,,,-1.44875,0.3330,0.6164
1791264992.8294,R,A,,-76,,,
1791264992.8361,R,B,,-65,,,
1791264992.8751,R,C,,-72,,,
1791264992.8753,R,B,,-66,,,
1791264992.8756,R,A,,-81,,,
1791264992.8971,O,,,,-1.43287,0.3330,0.6164
1791264992.8988,O,,,,-1.41566,0.3330,0.6166
1791264992.8996,O,,,,-1.39845,0.3330,0.6164
1791264992.9260,R,B,,-65,,,
1791264992.9294,R,A,,-87,,,
1791264992.9297,R,C,,-69,,,
1791264992.9674,R,A,,-87,,,
1791264992.9676,R,C,,-68,,,
1791264992.9761,R,B,,-69,,,
1791264992.9802,O,,,,-1.38257,0.3330,0.6164
1791264992.9812,O,,,,-1.36536,0.3330,0.6166
1791264992.9822,O,,,,-1.34815,0.3330,0.6164
1791264992.9829,O,,,,-1.33227,0.3330,0.6164
1791264993.0128,R,C,,-68,,,
1791264993.0258,R,B,,-70,,,
1791264993.0532,O,,,,-1.31506,0.3330,0.6166
1791264993.0542,O,,,,-1.29918,0.3330,0.6166
1791264993.0549,O,,,,-1.28197,0.3331,0.6164
1791264993.0557,O,,,,-1.26609,0.3331,0.6164
1791264993.0292,R,A,,-90,,,
1791264993.0609,R,C,,-66,,,
1791264993.0615,R,B,,-66,,,
1791264993.0615,R,A,,-74,,,
1791264993.1101,R,A,,-74,,,
1791264993.1103,R,C,,-77,,,
1791264993.1104,R,B,,-57,,,
1791264993.1313,O,,,,-1.25020,0.3331,0.6164
1791264993.1322,O,,,,-1.23300,0.3330,0.6166
1791264993.1330,O,,,,-1.21579,0.3331,0.6164
1791264993.1338,O,,,,-1.19858,0.3330,0.6166
1791264993.1541,R,A,,-68,,,
1791264993.1544,R,C,,-75,,,
1791264993.1643,R,B,,-59,,,
1791264993.2119,O,,,,-1.18270,0.3330,0.6166
1791264993.2129,O,,,,-1.16549,0.3331,0.6164
1791264993.2137,O,,,,-1.14961,0.3331,0.6164
1791264993.2145,O,,,,-1.13240,0.3330,0.6166
1791264993.1957,R,A,,-69,,,
1791264993.1985,R,B,,-51,,,
1791264993.1986,R,C,,-65,,,
1791264993.2416,R,B,,-68,,,
1791264993.2419,R,C,,-62,,,
1791264993.2550,R,A,,-82,,,
1791264993.2874,O,,,,-1.11519,0.3331,0.6164
1791264993.2885,O,,,,-1.09931,0.3331,0.6164
1791264993.2896,O,,,,-1.08210,0.3330,0.6166
1791264993.2904,O,,,,-1.06489,0.3331,0.6164
1791264993.2974,R,B,,-67,,,
1791264993.2975,R,A,,-74,,,
1791264993.3669,O,,,,-1.04901,0.3331,0.6164
1791264993.3680,O,,,,-1.03048,0.3331,0.6164
1791264993.3688,O,,,,-1.01459,0.3331,0.6164
1791264993.3695,O,,,,-0.99871,0.3331,0.6164
1791264993.3295,R,C,,-65,,,
1791264993.3421,R,B,,-56,,,
1791264993.3432,R,C,,-65,,,
1791264993.3535,R,A,,-81,,,
1791264993.4255,R,B,,-52,,,
1791264993.4368,O,,,,-0.98282,0.3331,0.6164
1791264993.4378,O,,,,-0.96429,0.3331,0.6164
1791264993.4386,O,,,,-0.94841,0.3331,0.6164
1791264993.4284,R,C,,-65,,,
1791264993.4288,R,A,,-67,,,
1791264993.4312,R,C,,-67,,,
1791264993.4757,R,B,,-64,,,
1791264993.5169,O,,,,-0.93120,0.3332,0.6162
1791264993.5179,O,,,,-0.91399,0.3331,0.6164
1791264993.5187,O,,,,-0.89811,0.3331,0.6164
1791264993.5195,O,,,,-0.88223,0.3331,0.6164
1791264993.4793,R,A,,-72,,,
1791264993.4801,R,C,,-66,,,
1791264993.5195,R,A,,-73,,,
1791264993.5257,R,B,,-60,,,
1791264993.5302,R,C,,-67,,,
1791264993.5616,R,C,,-67,,,
1791264993.5618,R,B,,-61,,,
1791264993.5633,R,A,,-90,,,
1791264993.5924,O,,,,-0.86502,0.3329,0.6166
1791264993.5935,O,,,,-0.84913,0.3329,0.6166
1791264993.5944,O,,,,-0.83193,0.3331,0.6164
1791264993.5952,O,,,,-0.81604,0.3331,0.6164
1791264993.5992,R,B,,-64,,,
1791264993.5994,R,A,,-85,,,
1791264993.6719,O,,,,-0.79884,0.3333,0.6162
1791264993.6730,O,,,,-0.78163,0.3331,0.6164
1791264993.6737,O,,,,-0.76574,0.3331,0.6164
1791264993.6752,O,,,,-0.74854,0.3333,0.6162
1791264993.6286,R,C,,-65,,,
1791264993.6453,R,C,,-62,,,
1791264993.6617,R,B,,-59,,,
1791264993.6619,R,A,,-71,,,
1791264993.7254,R,B,,-61,,,
1791264993.7468,O,,,,-0.73133,0.3331,0.6164
1791264993.7487,O,,,,-0.71545,0.3331,0.6164
1791264993.7496,O,,,,-0.69691,0.3331,0.6164
1791264993.7506,O,,,,-0.68103,0.3331,0.6164
1791264993.7292,R,A,,-69,,,
1791264993.7296,R,C,,-61,,,
1791264993.7412,R,A,,-69,,,
1791264993.7414,R,C,,-65,,,
1791264993.7709,R,B,,-60,,,
1791264993.7909,R,B,,-60,,,
1791264993.7913,R,C,,-69,,,
1791264993.7913,R,A,,-72,,,
1791264993.8330,O,,,,-0.66515,0.3331,0.6164
1791264993.8340,O,,,,-0.64926,0.3331,0.6164
1791264993.8348,O,,,,-0.63073,0.3331,0.6164
1791264993.8355,O,,,,-0.61485,0.3331,0.6164
1791264993.8393,R,B,,-59,,,
1791264993.9011,O,,,,-0.59896,0.3331,0.6164
1791264993.9022,O,,,,-0.58043,0.3331,0.6164
1791264993.9030,O,,,,-0.56455,0.3331,0.6164
1791264993.8792,R,A,,-82,,,
1791264993.8796,R,C,,-72,,,
1791264993.8797,R,B,,-73,,,
1791264993.9230,R,B,,-70,,,
1791264993.9244,R,C,,-56,,,
1791264993.9786,O,,,,-0.54866,0.3331,0.6164
1791264993.9291,R,A,,-81,,,
1791264993.9757,R,B,,-61,,,
1791264993.9760,R,C,,-55,,,
1791264993.9761,R,A,,-74,,,
1791264993.9798,O,,,,-0.53146,0.3328,0.6165
1791264993.9806,O,,,,-0.51425,0.3331,0.6164
1791264993.9824,O,,,,-0.49837,0.3331,0.6164
1791264994.0176,R,C,,-52,,,
1791264994.0178,R,B,,-58,,,
1791264994.0524,O,,,,-0.48248,0.3331,0.6164
1791264994.0533,O,,,,-0.46395,0.3331,0.6164
1791264994.0541,O,,,,-0.44807,0.3331,0.6164
1791264994.0548,O,,,,-0.43218,0.3331,0.6164
1791264994.0293,R,A,,-70,,,
1791264994.0614,R,B,,-63,,,
1791264994.0617,R,C,,-56,,,
1791264994.0656,R,A,,-76,,,
1791264994.1045,R,B,,-59,,,
1791264994.1048,R,A,,-68,,,
1791264994.1314,O,,,,-0.41498,0.3333,0.6163
1791264994.1324,O,,,,-0.39777,0.3331,0.6164
1791264994.1331,O,,,,-0.38188,0.3331,0.6164
1791264994.1339,O,,,,-0.36468,0.3333,0.6163
1791264994.1297,R,C,,-54,,,
1791264994.1456,R,A,,-64,,,
1791264994.1457,R,C,,-54,,,
1791264994.1459,R,B,,-58,,,
1791264994.2066,O,,,,-0.34879,0.3333,0.6163
1791264994.2076,O,,,,-0.33158,0.3331,0.6164
1791264994.2084,O,,,,-0.31570,0.3331,0.6164
1791264994.2092,O,,,,-0.29849,0.3333,0.6163
1791264994.1905,R,B,,-65,,,
1791264994.1976,R,A,,-73,,,
1791264994.2012,R,C,,-54,,,
1791264994.2266,R,A,,-75,,,
1791264994.2268,R,C,,-54,,,
1791264994.2754,R,B,,-57,,,
1791264994.2863,O,,,,-0.28129,0.3331,0.6164
1791264994.2873,O,,,,-0.26408,0.3333,0.6163
1791264994.2882,O,,,,-0.24819,0.3333,0.6163
1791264994.2894,O,,,,-0.23099,0.3331,0.6164
1791264994.2795,R,C,,-54,,,
1791264994.2797,R,A,,-69,,,
1791264994.3198,R,B,,-61,,,
1791264994.3203,R,A,,-71,,,
1791264994.3569,O,,,,-0.21510,0.3331,0.6164
1791264994.3578,O,,,,-0.19790,0.3333,0.6163
1791264994.3587,O,,,,-0.18069,0.3331,0.6163
1791264994.3302,R,C,,-52,,,
1791264994.3759,R,B,,-68,,,
1791264994.3792,R,A,,-69,,,
1791264994.3801,R,C,,-54,,,
1791264994.4132,R,B,,-75,,,
1791264994.4133,R,A,,-64,,,
1791264994.4313,O,,,,-0.16480,0.3331,0.6163
1791264994.4322,O,,,,-0.14760,0.3333,0.6163
1791264994.4330,O,,,,-0.13171,0.3333,0.6163
1791264994.4338,O,,,,-0.11450,0.3331,0.6163
1791264994.4302,R,C,,-54,,,
1791264994.4580,R,B,,-62,,,
1791264994.4582,R,C,,-57,,,
1791264994.5119,O,,,,-0.09730,0.3333,0.6163
1791264994.5128,O,,,,-0.08141,0.3333,0.6163
1791264994.5136,O,,,,-0.06553,0.3333,0.6163
1791264994.5143,O,,,,-0.04700,0.3333,0.6163
1791264994.4790,R,A,,-67,,,
1791264994.5098,R,B,,-71,,,
1791264994.5102,R,A,,-68,,,
1791264994.5103,R,C,,-59,,,
1791264994.5512,R,B,,-71,,,
1791264994.5523,R,C,,-59,,,
1791264994.5918,O,,,,-0.03111,0.3333,0.6163
1791264994.5929,O,,,,-0.01391,0.3331,0.6163
1791264994.5937,O,,,,0.00330,0.3333,0.6163
1791264994.5945,O,,,,0.01918,0.3333,0.6163
1791264994.5793,R,A,,-70,,,
1791264994.6171,R,B,,-63,,,
1791264994.6184,R,C,,-64,,,
1791264994.6186,R,A,,-78,,,
1791264994.6669,O,,,,0.03639,0.3336,0.6163
1791264994.6680,O,,,,0.05360,0.3339,0.6163
1791264994.6688,O,,,,0.06948,0.3339,0.6163
1791264994.6696,O,,,,0.08537,0.3339,0.6163
1791264994.6519,R,B,,-71,,,
1791264994.6753,R,C,,-64,,,
1791264994.6757,R,B,,-70,,,
1791264994.6793,R,A,,-74,,,
1791264994.7184,R,A,,-81,,,
1791264994.7190,R,C,,-60,,,
1791264994.7192,R,B,,-71,,,
1791264994.7463,O,,,,0.10125,0.3339,0.6163
1791264994.7474,O,,,,0.11846,0.3336,0.6163
1791264994.7483,O,,,,0.13567,0.3339,0.6163
1791264994.7492,O,,,,0.15287,0.3336,0.6163
1791264994.7647,R,C,,-80,,,
1791264994.7761,R,B,,-62,,,
1791264994.8274,O,,,,0.16876,0.3336,0.6163
1791264994.8289,O,,,,0.18597,0.3333,0.6163
1791264994.7794,R,A,,-80,,,
1791264994.8034,R,B,,-69,,,
1791264994.8036,R,C,,-63,,,
1791264994.8303,O,,,,0.20185,0.3333,0.6163
1791264994.8315,O,,,,0.21906,0.3331,0.6162
1791264994.8506,R,A,,-79,,,
1791264994.8701,R,C,,-67,,,
1791264994.8753,R,B,,-65,,,
1791264994.8925,O,,,,0.23626,0.3333,0.6163
1791264994.8937,O,,,,0.25215,0.3333,0.6163
1791264994.8949,O,,,,0.26936,0.3331,0.6162
1791264994.8985,R,C,,-65,,,
1791264994.8986,R,A,,-75,,,
1791264994.9259,R,B,,-71,,,
1791264994.9722,O,,,,0.28656,0.3333,0.6163
1791264994.9732,O,,,,0.30377,0.3331,0.6162
1791264994.9740,O,,,,0.31965,0.3331,0.6162
1791264994.9748,O,,,,0.33554,0.3331,0.6162
1791264995.0091,R,C,,-56,,,
1791264995.0093,R,B,,-71,,,
1791264995.0474,O,,,,0.35407,0.3331,0.6162
1791264995.0484,O,,,,0.36995,0.3331,0.6162
1791264995.0492,O,,,,0.38584,0.3331,0.6162
1791264995.0500,O,,,,0.40172,0.3331,0.6162
1791264995.0291,R,A,,-76,,,
1791264995.0323,R,B,,-78,,,
1791264995.0726,R,A,,-74,,,
1791264995.0739,R,B,,-79,,,
1791264995.0751,R,A,,-70,,,
1791264995.1267,O,,,,0.42025,0.3331,0.6162
1791264995.1277,O,,,,0.43614,0.3331,0.6162
1791264995.1293,O,,,,0.45202,0.3331,0.6162
1791264995.0796,R,C,,-57,,,
1791264995.1218,R,C,,-59,,,
1791264995.1220,R,A,,-68,,,
1791264995.1253,R,B,,-73,,,
1791264995.1303,O,,,,0.47055,0.3331,0.6162
1791264995.1642,R,A,,-68,,,
1791264995.1759,R,B,,-75,,,
1791264995.2067,O,,,,0.48644,0.3331,0.6162
1791264995.2075,O,,,,0.50232,0.3331,0.6162
1791264995.2083,O,,,,0.51953,0.3328,0.6161
1791264995.2091,O,,,,0.53673,0.3331,0.6162
1791264995.1802,R,C,,-61,,,
1791264995.2111,R,B,,-73,,,
1791264995.2112,R,C,,-57,,,
1791264995.2290,R,A,,-69,,,
1791264995.2573,R,A,,-69,,,
1791264995.2575,R,B,,-70,,,
1791264995.2577,R,C,,-65,,,
1791264995.2816,O,,,,0.55262,0.3331,0.6162
1791264995.2825,O,,,,0.56850,0.3331,0.6162
1791264995.2835,O,,,,0.58439,0.3331,0.6162
1791264995.2844,O,,,,0.60292,0.3331,0.6162
1791264995.3001,R,B,,-72,,,
1791264995.3003,R,C,,-70,,,
1791264995.3005,R,A,,-77,,,
1791264995.3519,O,,,,0.61880,0.3331,0.6162
1791264995.3528,O,,,,0.63469,0.3331,0.6162
1791264995.3536,O,,,,0.65322,0.3331,0.6162
1791264995.3463,R,B,,-70,,,
1791264995.3466,R,A,,-76,,,
1791264995.3467,R,C,,-68,,,
1791264995.4052,R,B,,-72,,,
1791264995.4118,R,C,,-68,,,
1791264995.4183,R,A,,-77,,,
1791264995.4296,O,,,,0.66910,0.3331,0.6162
1791264995.4306,O,,,,0.68498,0.3331,0.6162
1791264995.4316,O,,,,0.70219,0.3333,0.6164
1791264995.4324,O,,,,0.71940,0.3331,0.6162
1791264995.4298,R,C,,-68,,,
1791264995.4512,R,B,,-69,,,
1791264995.5071,O,,,,0.73528,0.3331,0.6162
1791264995.5087,O,,,,0.75381,0.3331,0.6162
1791264995.5098,O,,,,0.76970,0.3331,0.6162
1791264995.5107,O,,,,0.78294,0.3331,0.6162
1791264995.4802,R,C,,-65,,,
1791264995.4905,R,B,,-70,,,
1791264995.5216,R,C,,-66,,,
1791264995.5219,R,A,,-69,,,
1791264995.5252,R,B,,-70,,,
1791264995.5705,R,C,,-68,,,
1791264995.5706,R,B,,-72,,,
1791264995.5771,R,A,,-71,,,
1791264995.5893,O,,,,0.79617,0.3331,0.6162
1791264995.5903,O,,,,0.80941,0.3331,0.6162
1791264995.5915,O,,,,0.82264,0.3331,0.6162
1791264995.5927,O,,,,0.83323,0.3331,0.6162
1791264995.6259,R,B,,-78,,,
1791264995.6264,R,A,,-71,,,
1791264995.6671,O,,,,0.84250,0.3329,0.6160
1791264995.6685,O,,,,0.85177,0.3331,0.6162
1791264995.6697,O,,,,0.85838,0.3329,0.6160
1791264995.6709,O,,,,0.86500,0.3331,0.6162
1791264995.6296,R,C,,-64,,,
1791264995.6759,R,B,,-67,,,
1791264995.6794,R,C,,-64,,,
1791264995.6794,R,A,,-73,,,
1791264995.7188,R,A,,-73,,,
1791264995.7258,R,B,,-70,,,
1791264995.7419,O,,,,0.87030,0.3331,0.6162
1791264995.7432,O,,,,0.87427,0.3329,0.6160
1791264995.7444,O,,,,0.87824,0.3331,0.6162
1791264995.7455,O,,,,0.88089,0.3331,0.6162
1791264995.7302,R,C,,-68,,,
1791264995.7652,R,A,,-70,,,
1791264995.7758,R,B,,-76,,,
1791264995.8219,O,,,,0.88221,0.3329,0.6160
1791264995.8236,O,,,,0.88221,0.3329,0.6160
1791264995.8247,O,,,,0.88221,0.3329,0.6160
1791264995.8255,O,,,,0.88221,0.3329,0.6160
1791264995.7802,R,C,,-72,,,
1791264995.8196,R,C,,-69,,,
1791264995.8202,R,B,,-71,,,
1791264995.8294,R,A,,-79,,,
1791264995.8485,R,B,,-76,,,
1791264995.8487,R,C,,-63,,,
1791264995.8618,R,A,,-73,,,
1791264995.8913,O,,,,0.88221,0.3329,0.6160
1791264995.8927,O,,,,0.88221,0.3329,0.6160
1791264995.8939,O,,,,0.88221,0.3329,0.6160
1791264995.8993,R,A,,-70,,,
1791264995.8995,R,C,,-63,,,
1791264995.8996,R,B,,-77,,,
1791264995.9673,O,,,,0.88221,0.3329,0.6160
1791264995.9684,O,,,,0.88221,0.3329,0.6160
1791264995.9691,O,,,,0.88221,0.3329,0.6160
1791264995.9699,O,,,,0.88221,0.3329,0.6160
1791264995.9668,R,B,,-78,,,
1791264995.9670,R,A,,-76,,,
1791264995.9672,R,C,,-58,,,
1791264995.9869,R,B,,-71,,,
1791264995.9873,R,C,,-58,,,
1791264995.9874,R,A,,-70,,,
1791264996.0470,O,,,,0.88221,0.3329,0.6160
1791264996.0481,O,,,,0.88221,0.3329,0.6160
1791264996.0489,O,,,,0.88221,0.3329,0.6160
1791264996.0497,O,,,,0.88221,0.3329,0.6160
1791264996.0287,R,A,,-70,,,
1791264996.0296,R,C,,-60,,,
1791264996.0758,R,B,,-79,,,
1791264996.1269,O,,,,0.88221,0.3329,0.6160
1791264996.1284,O,,,,0.88221,0.3329,0.6160
1791264996.0791,R,A,,-71,,,
1791264996.0802,R,C,,-62,,,
1791264996.1207,R,A,,-73,,,
1791264996.1259,R,B,,-74,,,
1791264996.1295,O,,,,0.88221,0.3329,0.6160
1791264996.1303,O,,,,0.88221,0.3329,0.6160
1791264996.1302,R,C,,-66,,,
1791264996.1616,R,A,,-69,,,
1791264996.1619,R,B,,-82,,,
1791264996.2020,O,,,,0.88221,0.3329,0.6160
1791264997.0824,O,,,,0.88221,0.3329,0.6160
1791264996.1802,R,C,,-64,,,
1791264996.2059,R,C,,-60,,,
1791264996.2070,R,A,,-65,,,
1791264996.2109,R,B,,-73,,,
1791264997.0861,O,,,,0.88221,0.3329,0.6160
1791264996.2751,R,B,,-69,,,
1791264997.0903,O,,,,0.88221,0.3329,0.6160
1791264996.2791,R,A,,-77,,,
1791264996.2802,R,C,,-64,,,
1791264996.2954,R,C,,-74,,,
1791264996.2956,R,B,,-72,,,
1791264996.2958,R,A,,-70,,,
1791264997.0932,O,,,,0.88221,0.3329,0.6160
1791264996.3498,R,B,,-69,,,
1791264996.3499,R,C,,-62,,,
1791264996.3670,R,A,,-73,,,
1791264997.0962,O,,,,0.88221,0.3329,0.6160
1791264996.3792,R,A,,-73,,,
1791264996.3796,R,C,,-60,,,
1791264996.4012,R,B,,-70,,,
1791264996.4240,R,C,,-58,,,
1791264996.4247,R,A,,-73,,,
1791264996.4252,R,B,,-68,,,
1791264997.0991,O,,,,0.88221,0.3329,0.6160
1791264996.4665,R,C,,-68,,,
1791264996.4744,R,B,,-72,,,
1791264997.1003,O,,,,0.88221,0.3329,0.6160
1791264996.4792,R,A,,-71,,,
1791264996.5153,R,B,,-69,,,
1791264996.5155,R,C,,-67,,,
1791264996.5157,R,A,,-67,,,
1791264997.1014,O,,,,0.88221,0.3329,0.6160
1791264996.5752,R,B,,-69,,,
1791264997.1029,O,,,,0.88221,0.3329,0.6160
1791264996.5791,R,A,,-73,,,
1791264996.5797,R,C,,-71,,,
1791264996.6086,R,A,,-71,,,
1791264996.6131,R,B,,-71,,,
1791264996.6136,R,C,,-59,,,
1791264997.1043,O,,,,0.88221,0.3329,0.6160
1791264996.6517,R,A,,-70,,,
1791264996.6752,R,B,,-70,,,
1791264997.1056,O,,,,0.88221,0.3329,0.6160
1791264996.6787,R,C,,-59,,,
1791264996.7187,R,C,,-65,,,
1791264996.7189,R,B,,-71,,,
1791264996.7192,R,A,,-72,,,
1791264997.1070,O,,,,0.88221,0.3329,0.6160
1791264996.7562,R,C,,-60,,,
1791264996.7565,R,A,,-67,,,
1791264996.7603,R,B,,-77,,,
1791264997.1080,O,,,,0.88221,0.3329,0.6160
1791264996.8179,R,B,,-77,,,
1791264996.8182,R,A,,-68,,,
1791264996.8184,R,C,,-59,,,
1791264997.1089,O,,,,0.88221,0.3329,0.6160
1791264996.8398,R,B,,-68,,,
1791264996.8483,R,A,,-68,,,
1791264997.1099,O,,,,0.88221,0.3329,0.6160
1791264996.8797,R,C,,-65,,,
1791264996.9076,R,B,,-73,,,
1791264996.9167,R,C,,-60,,,
1791264996.9177,R,A,,-69,,,
1791264997.1108,O,,,,0.88221,0.3329,0.6160
1791264996.9751,R,B,,-68,,,
1791264997.1116,O,,,,0.88221,0.3329,0.6160
1791264996.9791,R,A,,-67,,,
1791264997.0229,R,B,,-68,,,
1791264997.0253,R,C,,-65,,,
1791264997.0255,R,B,,-68,,,
1791264997.0257,R,A,,-68,,,
1791264997.1126,O,,,,0.88221,0.3329,0.6160
1791264997.0654,R,C,,-62,,,
1791264997.0720,R,B,,-69,,,
1791264997.0723,R,A,,-70,,,
1791264997.1134,O,,,,0.88221,0.3329,0.6160
1791264997.1143,O,,,,0.88221,0.3329,0.6160
1791264997.1169,O,,,,0.88221,0.3329,0.6160
1791264997.1177,O,,,,0.88221,0.3329,0.6160
1791264997.1185,O,,,,0.88221,0.3329,0.6160
1791264997.1192,O,,,,0.88221,0.3329,0.6160
1791264997.1199,O,,,,0.88221,0.3329,0.6160
1791264997.1208,O,,,,0.88221,0.3329,0.6160
1791264997.1216,O,,,,0.88221,0.3329,0.6160
1791264997.1225,O,,,,0.88221,0.3329,0.6160
1791264997.1233,O,,,,0.88221,0.3329,0.6160
1791264997.1240,O,,,,0.88221,0.3329,0.6160
1791264997.1247,O,,,,0.88221,0.3329,0.6160
1791264997.1255,O,,,,0.88221,0.3329,0.6160
1791264997.1262,O,,,,0.88221,0.3329,0.6160
1791264997.1269,O,,,,0.88221,0.3329,0.6160
1791264997.1276,O,,,,0.88221,0.3329,0.6160
1791264997.1285,O,,,,0.88221,0.3329,0.6160
1791264997.1102,R,C,,-63,,,
1791264997.1251,R,B,,-73,,,
1791264997.1295,O,,,,0.88221,0.3329,0.6160
1791264997.1302,O,,,,0.88221,0.3329,0.6160
1791264997.1309,O,,,,0.88221,0.3329,0.6160
1791264997.1316,O,,,,0.88221,0.3329,0.6160
1791264997.1323,O,,,,0.88221,0.3329,0.6160
1791264997.1331,O,,,,0.88221,0.3329,0.6160
1791264997.1338,O,,,,0.88221,0.3329,0.6160
1791264997.1345,O,,,,0.88221,0.3329,0.6160
1791264997.1352,O,,,,0.88221,0.3329,0.6160
1791264997.1359,O,,,,0.88221,0.3329,0.6160
1791264997.1366,O,,,,0.88221,0.3329,0.6160
1791264997.1373,O,,,,0.88221,0.3329,0.6160
1791264997.1380,O,,,,0.88221,0.3329,0.6160
1791264997.1292,R,A,,-72,,,
1791264997.1597,R,B,,-77,,,
1791264997.2029,O,,,,0.88221,0.3329,0.6160
1791264997.2039,O,,,,0.88221,0.3329,0.6160
1791264997.2047,O,,,,0.88221,0.3329,0.6160
1791264997.2055,O,,,,0.88221,0.3329,0.6160
1791264997.1797,R,C,,-69,,,
1791264997.1799,R,A,,-71,,,
1791264997.2052,R,C,,-65,,,
1791264997.2057,R,A,,-71,,,
1791264997.2253,R,B,,-74,,,
1791264997.2769,O,,,,0.88221,0.3329,0.6160
1791264997.2780,O,,,,0.88221,0.3329,0.6160
1791264997.2788,O,,,,0.88221,0.3329,0.6160
1791264997.2531,R,A,,-71,,,
1791264997.2533,R,C,,-62,,,
1791264997.2759,R,B,,-69,,,
1791264997.2798,O,,,,0.88221,0.3329,0.6160
1791264997.3258,R,B,,-77,,,
1791264997.3469,O,,,,0.88221,0.3329,0.6160
1791264997.3479,O,,,,0.88353,0.3331,0.6162
1791264997.3487,O,,,,0.88750,0.3329,0.6160
1791264997.3295,R,A,,-71,,,
1791264997.3296,R,C,,-70,,,
1791264997.3478,R,B,,-79,,,
1791264997.3479,R,C,,-66,,,
1791264997.3482,R,A,,-71,,,
1791264997.4342,O,,,,0.89148,0.3327,0.6158
1791264997.4356,O,,,,0.89545,0.3326,0.6156
1791264997.4365,O,,,,0.90074,0.3326,0.6156
1791264997.4373,O,,,,0.90736,0.3324,0.6154
1791264997.4299,R,C,,-61,,,
1791264997.4301,R,A,,-71,,,
1791264997.4420,R,B,,-71,,,
1791264997.4715,R,B,,-69,,,
1791264997.4718,R,A,,-73,,,
1791264997.4719,R,C,,-65,,,
1791264997.5073,O,,,,0.91398,0.3322,0.6152
1791264997.5084,O,,,,0.92060,0.3321,0.6149
1791264997.5091,O,,,,0.92721,0.3319,0.6147
1791264997.5099,O,,,,0.93516,0.3319,0.6147
1791264997.5135,R,A,,-73,,,
1791264997.5254,R,B,,-76,,,
1791264997.5298,R,C,,-70,,,
1791264997.5639,R,A,,-72,,,
1791264997.5642,R,B,,-71,,,
1791264997.5815,O,,,,0.94575,0.3319,0.6147
1791264997.5825,O,,,,0.95501,0.3318,0.6145
1791264997.5833,O,,,,0.96560,0.3318,0.6145
1791264997.5840,O,,,,0.97619,0.3318,0.6145
1791264997.5803,R,C,,-64,,,
1791264997.6075,R,B,,-82,,,
1791264997.6625,O,,,,0.98943,0.3318,0.6145
1791264997.6634,O,,,,1.00399,0.3316,0.6143
1791264997.6642,O,,,,1.01722,0.3316,0.6143
1791264997.6650,O,,,,1.03178,0.3315,0.6141
1791264997.6292,R,A,,-73,,,
1791264997.6304,R,C,,-61,,,
1791264997.6697,R,C,,-63,,,
1791264997.6798,R,A,,-76,,,
1791264997.7369,O,,,,1.04634,0.3314,0.6138
1791264997.7380,O,,,,1.06223,0.3314,0.6138
1791264997.7388,O,,,,1.07811,0.3314,0.6138
1791264997.7395,O,,,,1.09399,0.3314,0.6138
1791264997.7449,R,C,,-56,,,
1791264997.7452,R,B,,-72,,,
1791264997.7584,R,A,,-77,,,
1791264997.8176,O,,,,1.10988,0.3314,0.6138
1791264997.8186,O,,,,1.12576,0.3314,0.6138
1791264997.8197,O,,,,1.14297,0.3312,0.6136
1791264997.8205,O,,,,1.15885,0.3312,0.6136
1791264997.7949,R,C,,-57,,,
1791264997.7951,R,B,,-68,,,
1791264997.8007,R,A,,-72,,,
1791264997.8526,R,B,,-82,,,
1791264997.8528,R,C,,-60,,,
1791264997.8580,R,A,,-69,,,
1791264997.8871,O,,,,1.17474,0.3312,0.6136
1791264997.8882,O,,,,1.19062,0.3312,0.6136
1791264997.8890,O,,,,1.20651,0.3312,0.6136
1791264997.8793,R,A,,-71,,,
1791264997.8797,R,C,,-63,,,
1791264997.9254,R,B,,-79,,,
1791264997.9678,O,,,,1.22371,0.3312,0.6134
1791264997.9689,O,,,,1.23960,0.3312,0.6134
1791264997.9697,O,,,,1.25680,0.3312,0.6136
1791264997.9705,O,,,,1.27269,0.3312,0.6136
1791264997.9285,R,C,,-65,,,
1791264997.9298,R,A,,-75,,,
1791264997.9757,R,A,,-71,,,
1791264998.0252,R,C,,-58,,,
1791264998.0261,R,B,,-66,,,
1791264998.0416,O,,,,1.28990,0.3312,0.6134
1791264998.0426,O,,,,1.30578,0.3312,0.6134
1791264998.0435,O,,,,1.32166,0.3312,0.6134
1791264998.0443,O,,,,1.34020,0.3312,0.6134
1791264998.0291,R,A,,-74,,,
1791264998.1173,O,,,,1.35608,0.3312,0.6134
1791264998.1183,O,,,,1.37196,0.3312,0.6134
1791264998.1192,O,,,,1.38917,0.3312,0.6136
1791264998.1199,O,,,,1.40638,0.3312,0.6134
1791264998.1158,R,B,,-69,,,
1791264998.1161,R,C,,-58,,,
1791264998.1258,R,A,,-73,,,
1791264998.1640,R,C,,-83,,,
1791264998.1668,R,B,,-67,,,
1791264998.1973,O,,,,1.42226,0.3312,0.6134
1791264998.1984,O,,,,1.43947,0.3312,0.6136
1791264998.1992,O,,,,1.45668,0.3312,0.6134
1791264998.2000,O,,,,1.47256,0.3312,0.6134
1791264998.1791,R,A,,-68,,,
1791264998.2101,R,B,,-77,,,
1791264998.2774,O,,,,1.48977,0.3312,0.6136
1791264998.2787,O,,,,1.50565,0.3312,0.6136
1791264998.2295,R,A,,-65,,,
1791264998.2297,R,C,,-56,,,
1791264998.2684,R,B,,-69,,,
1791264998.2686,R,C,,-66,,,
1791264998.2732,R,A,,-67,,,
1791264998.2836,O,,,,1.52286,0.3312,0.6134
1791264998.2847,O,,,,1.54007,0.3312,0.6136
1791264998.3005,R,A,,-66,,,
1791264998.3259,R,B,,-67,,,
1791264998.3471,O,,,,1.55595,0.3312,0.6136
1791264998.3482,O,,,,1.57184,0.3312,0.6136
1791264998.3490,O,,,,1.58904,0.3312,0.6134
1791264998.3298,R,C,,-67,,,
1791264998.3760,R,B,,-91,,,
1791264998.4214,O,,,,1.60625,0.3312,0.6136
1791264998.4226,O,,,,1.62213,0.3312,0.6136
1791264998.4239,O,,,,1.63802,0.3312,0.6136
1791264998.4246,O,,,,1.65655,0.3312,0.6136
1791264998.3791,R,A,,-65,,,
1791264998.3802,R,C,,-60,,,
1791264998.3880,R,B,,-76,,,
1791264998.3883,R,A,,-67,,,
1791264998.3885,R,C,,-68,,,
1791264998.4343,R,A,,-67,,,
1791264998.5017,O,,,,1.67243,0.3312,0.6136
1791264998.5027,O,,,,1.68832,0.3312,0.6136
1791264998.5038,O,,,,1.70685,0.3312,0.6136
1791264998.5048,O,,,,1.72273,0.3312,0.6136
1791264998.4909,R,B,,-68,,,
1791264998.5250,R,C,,-57,,,
1791264998.5252,R,B,,-69,,,
1791264998.5770,O,,,,1.73862,0.3312,0.6136
1791264998.5782,O,,,,1.75582,0.3312,0.6134
1791264998.5292,R,A,,-65,,,
1791264998.5659,R,B,,-69,,,
1791264998.5758,R,C,,-58,,,
1791264998.5761,R,A,,-69,,,
1791264998.5793,O,,,,1.77303,0.3312,0.6136
1791264998.5800,O,,,,1.78892,0.3312,0.6136
1791264998.6568,O,,,,1.80480,0.3312,0.6136
1791264998.6577,O,,,,1.82333,0.3312,0.6136
1791264998.6589,O,,,,1.83921,0.3312,0.6136
1791264998.6597,O,,,,1.85642,0.3313,0.6134
1791264998.6754,R,B,,-85,,,
1791264998.6798,R,C,,-66,,,
1791264998.6799,R,A,,-70,,,
1791264998.7105,R,B,,-85,,,
1791264998.7107,R,C,,-87,,,
1791264998.7109,R,A,,-71,,,
1791264998.7373,O,,,,1.87231,0.3313,0.6134
1791264998.7383,O,,,,1.88951,0.3312,0.6136
1791264998.7391,O,,,,1.90672,0.3313,0.6134
1791264998.7398,O,,,,1.92260,0.3313,0.6134
1791264998.7561,R,A,,-63,,,
1791264998.8074,O,,,,1.93981,0.3312,0.6136
1791264998.8084,O,,,,1.95570,0.3312,0.6136
1791264998.8092,O,,,,1.97290,0.3313,0.6134
1791264998.8099,O,,,,1.99011,0.3312,0.6136
1791264998.7988,R,A,,-64,,,
1791264998.7989,R,B,,-78,,,
1791264998.7993,R,C,,-66,,,
1791264998.8652,R,B,,-75,,,
1791264998.8669,R,C,,-70,,,
1791264998.8814,O,,,,2.00599,0.3312,0.6136
1791264998.8823,O,,,,2.02320,0.3313,0.6134
1791264998.8831,O,,,,2.04041,0.3312,0.6136
1791264998.8787,R,A,,-67,,,
1791264998.8797,R,C,,-65,,,
1791264998.8815,R,A,,-66,,,
1791264998.8877,R,B,,-80,,,
1791264998.9666,O,,,,2.05629,0.3312,0.6136
1791264998.9677,O,,,,2.07218,0.3312,0.6136
1791264998.9685,O,,,,2.09071,0.3312,0.6136
1791264998.9693,O,,,,2.10659,0.3312,0.6136
1791264998.9743,R,C,,-69,,,
1791264998.9745,R,B,,-80,,,
1791264998.9765,R,A,,-65,,,
1791264999.0175,R,B,,-77,,,
1791264999.0177,R,A,,-64,,,
1791264999.0369,O,,,,2.12248,0.3312,0.6136
1791264999.0383,O,,,,2.13968,0.3313,0.6134
1791264999.0391,O,,,,2.15689,0.3312,0.6136
1791264999.0399,O,,,,2.17278,0.3312,0.6136
1791264999.0297,R,C,,-68,,,
1791264999.0695,R,C,,-62,,,
1791264999.0697,R,A,,-68,,,
1791264999.0759,R,B,,-72,,,
1791264999.1166,O,,,,2.19131,0.3312,0.6136
1791264999.1175,O,,,,2.20719,0.3312,0.6136
1791264999.1183,O,,,,2.22440,0.3313,0.6134
1791264999.1190,O,,,,2.24028,0.3313,0.6134
1791264999.1099,R,A,,-70,,,
1791264999.1100,R,C,,-58,,,
1791264999.1259,R,B,,-71,,,
1791264999.1759,R,B,,-86,,,
1791264999.1962,O,,,,2.25617,0.3313,0.6134
1791264999.1970,O,,,,2.27470,0.3313,0.6134
1791264999.1981,O,,,,2.29058,0.3313,0.6134
1791264999.1989,O,,,,2.30647,0.3313,0.6134
1791264999.1800,R,A,,-73,,,
1791264999.1803,R,C,,-68,,,
1791264999.2045,R,C,,-64,,,
1791264999.2047,R,B,,-74,,,
1791264999.2049,R,A,,-71,,,
1791264999.2720,O,,,,2.32235,0.3313,0.6134
1791264999.2730,O,,,,2.34088,0.3313,0.6134
1791264999.2738,O,,,,2.35676,0.3313,0.6134
1791264999.2746,O,,,,2.37265,0.3313,0.6134
1791264999.2434,R,B,,-67,,,
1791264999.2793,R,A,,-80,,,
1791264999.2797,R,C,,-61,,,
1791264999.3112,R,B,,-76,,,
1791264999.3414,O,,,,2.39118,0.3313,0.6134
1791264999.3424,O,,,,2.40706,0.3313,0.6134
1791264999.3433,O,,,,2.42295,0.3313,0.6134
1791264999.3293,R,A,,-66,,,
1791264999.3302,R,C,,-71,,,
1791264999.3753,R,B,,-72,,,
1791264999.4222,O,,,,2.43883,0.3313,0.6134
1791264999.4235,O,,,,2.45736,0.3313,0.6134
1791264999.4248,O,,,,2.47325,0.3313,0.6134
1791264999.4258,O,,,,2.48913,0.3313,0.6134
1791264999.4031,R,B,,-81,,,
1791264999.4271,R,A,,-71,,,
1791264999.4286,R,C,,-55,,,
1791264999.4685,R,C,,-62,,,
1791264999.4691,R,B,,-76,,,
1791264999.4693,R,A,,-68,,,
1791264999.4997,O,,,,2.50634,0.3311,0.6136
1791264999.5006,O,,,,2.52355,0.3313,0.6134
1791264999.5015,O,,,,2.54075,0.3311,0.6135
1791264999.5022,O,,,,2.55664,0.3311,0.6135
1791264999.5140,R,B,,-77,,,
1791264999.5156,R,C,,-62,,,
1791264999.5157,R,A,,-75,,,
1791264999.5772,O,,,,2.57252,0.3311,0.6135
1791264999.5785,O,,,,2.59105,0.3311,0.6135
1791264999.5754,R,B,,-75,,,
1791264999.5800,O,,,,2.60694,0.3311,0.6135
1791264999.5813,O,,,,2.62282,0.3311,0.6135
1791264999.5792,R,A,,-69,,,
1791264999.5802,R,C,,-61,,,
1791264999.6053,R,B,,-76,,,
1791264999.6232,R,C,,-66,,,
1791264999.6234,R,A,,-65,,,
1791264999.6635,O,,,,2.63870,0.3311,0.6135
1791264999.6645,O,,,,2.65459,0.3311,0.6135
1791264999.6654,O,,,,2.67047,0.3311,0.6135
1791264999.6662,O,,,,2.68635,0.3311,0.6135
1791264999.6652,R,C,,-78,,,
1791264999.6753,R,B,,-76,,,
1791264999.6791,R,A,,-64,,,
1791264999.6929,R,B,,-86,,,
1791264999.7003,R,C,,-58,,,
1791264999.7015,R,A,,-67,,,
1791264999.7315,O,,,,2.70092,0.3313,0.6134
1791264999.7325,O,,,,2.71548,0.3311,0.6135
1791264999.7334,O,,,,2.73136,0.3311,0.6135
1791264999.7342,O,,,,2.74592,0.3309,0.6136
1791264999.7383,R,B,,-80,,,
1791264999.7706,R,C,,-67,,,
1791264999.7733,R,A,,-70,,,
1791264999.8011,O,,,,2.75916,0.3309,0.6136
1791264999.8021,O,,,,2.77372,0.3306,0.6137
1791264999.8029,O,,,,2.78695,0.3301,0.6139
1791264999.7785,R,C,,-83,,,
1791264999.7794,R,A,,-65,,,
1791264999.8292,R,A,,-67,,,
1791264999.8297,R,C,,-65,,,
1791264999.8347,R,B,,-74,,,
1791264999.8752,R,C,,-63,,,
1791264999.8754,R,B,,-74,,,
1791264999.8813,O,,,,2.80019,0.3296,0.6141
1791264999.8823,O,,,,2.81475,0.3294,0.6142
1791264999.8832,O,,,,2.82666,0.3286,0.6144
1791264999.8840,O,,,,2.83990,0.3281,0.6146
1791264999.8791,R,A,,-66,,,
1791264999.9143,R,A,,-66,,,
1791264999.9251,R,B,,-74,,,
1791264999.9253,R,C,,-71,,,
1791264999.9576,O,,,,2.85181,0.3273,0.6148
1791264999.9587,O,,,,2.86373,0.3266,0.6151
1791264999.9594,O,,,,2.87564,0.3258,0.6153
1791264999.9602,O,,,,2.88755,0.3245,0.6156
1791264999.9561,R,B,,-67,,,
1791264999.9565,R,A,,-73,,,
1791265000.0044,R,C,,-62,,,
1791265000.0252,R,B,,-68,,,
1791265000.0364,O,,,,2.89946,0.3238,0.6158
1791265000.0374,O,,,,2.91138,0.3225,0.6161
1791265000.0385,O,,,,2.92197,0.3215,0.6164
1791265000.0396,O,,,,2.93388,0.3202,0.6166
1791265000.0292,R,A,,-73,,,
1791265000.0468,R,A,,-65,,,
1791265000.0469,R,B,,-65,,,
1791265000.0470,R,C,,-74,,,
1791265000.1171,O,,,,2.94579,0.3189,0.6169
1791265000.1183,O,,,,2.95770,0.3176,0.6172
1791265000.1190,O,,,,2.96962,0.3163,0.6174
1791265000.1197,O,,,,2.98285,0.3152,0.6176
1791265000.0966,R,C,,-67,,,
1791265000.0968,R,B,,-64,,,
1791265000.0972,R,A,,-62,,,
1791265000.1398,R,B,,-68,,,
1791265000.1484,R,A,,-66,,,
1791265000.1486,R,C,,-66,,,
1791265000.1944,O,,,,2.99344,0.3136,0.6178
1791265000.1953,O,,,,3.00536,0.3123,0.6180
1791265000.1962,O,,,,3.01727,0.3110,0.6182
1791265000.1970,O,,,,3.02918,0.3097,0.6183
1791265000.2241,R,B,,-76,,,
1791265000.2723,O,,,,3.03845,0.3084,0.6185
1791265000.2738,O,,,,3.05036,0.3071,0.6186
1791265000.2746,O,,,,3.05963,0.3058,0.6187
1791265000.2754,O,,,,3.07022,0.3042,0.6188
1791265000.2284,R,A,,-72,,,
1791265000.2295,R,C,,-76,,,
1791265000.2299,R,A,,-67,,,
1791265000.2529,R,B,,-66,,,
1791265000.2790,R,C,,-71,,,
1791265000.2803,R,A,,-74,,,
1791265000.3185,R,B,,-63,,,
1791265000.3213,R,B,,-62,,,
1791265000.3374,O,,,,3.07948,0.3028,0.6189
1791265000.3385,O,,,,3.08875,0.3015,0.6190
1791265000.3392,O,,,,3.09801,0.2997,0.6191
1791265000.3303,R,C,,-67,,,
1791265000.3305,R,A,,-71,,,
1791265000.3592,R,B,,-63,,,
1791265000.3598,R,C,,-69,,,
1791265000.3598,R,A,,-66,,,
1791265000.4171,O,,,,3.10728,0.2984,0.6191
1791265000.4186,O,,,,3.11654,0.2965,0.6192
1791265000.4198,O,,,,3.12449,0.2949,0.6192
1791265000.4223,O,,,,3.13375,0.2931,0.6192
1791265000.4011,R,C,,-65,,,
1791265000.4068,R,A,,-69,,,
1791265000.4253,R,B,,-62,,,
1791265000.4650,R,C,,-68,,,
1791265000.4653,R,A,,-72,,,
1791265000.4654,R,B,,-61,,,
1791265000.4963,O,,,,-3.14149,0.2915,0.6193
1791265000.4976,O,,,,-3.13223,0.2896,0.6192
1791265000.4985,O,,,,-3.12561,0.2872,0.6192
1791265000.4992,O,,,,-3.12031,0.2851,0.6192
1791265000.4934,R,C,,-67,,,
1791265000.4937,R,B,,-64,,,
1791265000.4938,R,A,,-66,,,
1791265000.5714,O,,,,-3.11502,0.2825,0.6191
1791265000.5724,O,,,,-3.11105,0.2796,0.6190
1791265000.5734,O,,,,-3.10972,0.2767,0.6189
1791265000.5742,O,,,,-3.10575,0.2732,0.6188
1791265000.5468,R,B,,-60,,,
1791265000.5471,R,A,,-69,,,
1791265000.5472,R,C,,-64,,,
1791265000.6230,R,B,,-63,,,
1791265000.6243,R,C,,-73,,,
1791265000.6256,R,B,,-63,,,
1791265000.6513,O,,,,-3.10443,0.2698,0.6187
1791265000.6523,O,,,,-3.10311,0.2658,0.6185
1791265000.6531,O,,,,-3.10178,0.2624,0.6184
1791265000.6542,O,,,,-3.10046,0.2584,0.6182
1791265000.6292,R,A,,-73,,,
1791265000.6647,R,B,,-61,,,
1791265000.6652,R,A,,-68,,,
1791265000.6747,R,C,,-63,,,
1791265000.7253,R,B,,-61,,,
1791265000.7257,R,A,,-68,,,
1791265000.7341,O,,,,-3.09914,0.2544,0.6181
1791265000.7351,O,,,,-3.09914,0.2507,0.6179
1791265000.7359,O,,,,-3.09781,0.2468,0.6178
1791265000.7366,O,,,,-3.09781,0.2425,0.6176
1791265000.7297,R,C,,-64,,,
1791265000.7706,R,C,,-67,,,
1791265000.7708,R,B,,-58,,,
1791265000.7751,R,A,,-68,,,
1791265000.7982,O,,,,-3.09649,0.2386,0.6174
1791265000.7993,O,,,,-3.09649,0.2343,0.6172
1791265000.8001,O,,,,-3.09649,0.2301,0.6170
1791265000.7906,R,C,,-61,,,
1791265000.7908,R,B,,-62,,,
1791265000.7912,R,A,,-67,,,
1791265000.8770,O,,,,-3.09649,0.2264,0.6168
1791265000.8780,O,,,,-3.09649,0.2222,0.6167
1791265000.8789,O,,,,-3.09649,0.2179,0.6165
1791265000.8753,R,B,,-62,,,
1791265000.8755,R,A,,-64,,,
1791265000.8798,O,,,,-3.09649,0.2137,0.6163
1791265000.9564,O,,,,-3.09649,0.2095,0.6161
1791265000.9573,O,,,,-3.09649,0.2052,0.6159
1791265000.9582,O,,,,-3.09649,0.2015,0.6157
1791265000.9589,O,,,,-3.09649,0.1973,0.6155
1791265000.9683,R,B,,-67,,,
1791265000.9793,R,A,,-68,,,
1791265000.9797,R,C,,-68,,,
1791265001.0255,R,B,,-64,,,
1791265001.0313,O,,,,-3.09649,0.1931,0.6153
1791265001.0322,O,,,,-3.09781,0.1891,0.6152
1791265001.0331,O,,,,-3.09781,0.1849,0.6150
1791265001.0339,O,,,,-3.09781,0.1806,0.6148
1791265001.0293,R,A,,-68,,,
1791265001.0302,R,C,,-66,,,
1791265001.0684,R,B,,-63,,,
1791265001.0687,R,C,,-66,,,
1791265001.1116,O,,,,-3.09649,0.1767,0.6146
1791265001.1148,O,,,,-3.09781,0.1727,0.6144
1791265001.1156,O,,,,-3.09781,0.1685,0.6143
1791265001.1164,O,,,,-3.09781,0.1642,0.6141
1791265001.0793,R,A,,-78,,,
1791265001.1110,R,B,,-65,,,
1791265001.1221,R,C,,-71,,,
1791265001.1294,R,A,,-69,,,
1791265001.1875,O,,,,-3.09914,0.1603,0.6139
1791265001.1885,O,,,,-3.09914,0.1560,0.6137
1791265001.1894,O,,,,-3.09914,0.1518,0.6135
1791265001.1902,O,,,,-3.09914,0.1476,0.6134
1791265001.1982,R,B,,-62,,,
1791265001.1985,R,C,,-66,,,
1791265001.1986,R,A,,-77,,,
1791265001.2664,O,,,,-3.09914,0.1439,0.6132
1791265001.2673,O,,,,-3.09914,0.1396,0.6130
1791265001.2681,O,,,,-3.09781,0.1357,0.6128
1791265001.2689,O,,,,-3.09649,0.1317,0.6127
1791265001.2395,R,C,,-68,,,
1791265001.2399,R,B,,-64,,,
1791265001.2785,R,A,,-67,,,
1791265001.2797,R,C,,-68,,,
1791265001.2802,R,A,,-67,,,
1791265001.3198,R,C,,-69,,,
1791265001.3199,R,B,,-62,,,
1791265001.3207,R,A,,-67,,,
1791265001.3369,O,,,,-3.09516,0.1277,0.6125
1791265001.3383,O,,,,-3.09252,0.1240,0.6123
1791265001.3391,O,,,,-3.09119,0.1201,0.6121
1791265001.3755,R,B,,-65,,,
1791265001.4178,O,,,,-3.08987,0.1161,0.6119
1791265001.4187,O,,,,-3.08987,0.1119,0.6117
1791265001.4195,O,,,,-3.08987,0.1082,0.6115
1791265001.4203,O,,,,-3.08855,0.1042,0.6113
1791265001.3794,R,A,,-75,,,
1791265001.3798,R,C,,-69,,,
1791265001.4080,R,C,,-78,,,
1791265001.4260,R,B,,-66,,,
1791265001.4266,R,A,,-68,,,
1791265001.4504,R,B,,-62,,,
1791265001.4507,R,A,,-72,,,
1791265001.4914,O,,,,-3.08987,0.1003,0.6111
1791265001.4923,O,,,,-3.08855,0.0963,0.6109
1791265001.4931,O,,,,-3.08590,0.0926,0.6107
1791265001.4939,O,,,,-3.08457,0.0886,0.6105
1791265001.4797,R,C,,-69,,,
1791265001.5006,R,C,,-65,,,
1791265001.5008,R,B,,-67,,,
1791265001.5158,R,A,,-74,,,
1791265001.5715,O,,,,-3.08457,0.0849,0.6102
1791265001.5730,O,,,,-3.08325,0.0810,0.6100
1791265001.5743,O,,,,-3.08457,0.0770,0.6098
1791265001.5755,O,,,,-3.08457,0.0728,0.6095
1791265001.5495,R,C,,-71,,,
1791265001.5556,R,B,,-67,,,
1791265001.5801,R,A,,-67,,,
1791265001.5992,R,B,,-61,,,
1791265001.6043,R,C,,-67,,,
1791265001.6044,R,A,,-72,,,
1791265001.6465,O,,,,-3.08590,0.0693,0.6094
1791265001.6475,O,,,,-3.08722,0.0654,0.6091
1791265001.6483,O,,,,-3.08855,0.0614,0.6089
1791265001.6490,O,,,,-3.08987,0.0574,0.6087
1791265001.6466,R,C,,-68,,,
1791265001.6753,R,B,,-64,,,
1791265001.6792,R,A,,-79,,,
1791265001.6989,R,B,,-64,,,
1791265001.7096,R,A,,-67,,,
1791265001.7098,R,C,,-69,,,
1791265001.7316,O,,,,-3.09252,0.0532,0.6085
1791265001.7326,O,,,,-3.09384,0.0487,0.6083
1791265001.7334,O,,,,-3.09516,0.0447,0.6081
1791265001.7342,O,,,,-3.09649,0.0408,0.6079
1791265001.7366,R,B,,-61,,,
1791265001.7561,R,C,,-68,,,
1791265001.7563,R,A,,-68,,,
1791265001.7769,R,A,,-68,,,
1791265001.7996,O,,,,-3.09781,0.0368,0.6077
1791265001.8006,O,,,,-3.10046,0.0326,0.6076
1791265001.8014,O,,,,-3.10311,0.0283,0.6074
1791265001.7798,R,C,,-68,,,
1791265001.8248,R,A,,-75,,,
1791265001.8254,R,B,,-64,,,
1791265001.8766,O,,,,-3.10575,0.0241,0.6072
1791265001.8775,O,,,,-3.10840,0.0199,0.6071
1791265001.8784,O,,,,-3.10972,0.0159,0.6070
1791265001.8294,R,C,,-66,,,
1791265001.8661,R,C,,-67,,,
1791265001.8674,R,B,,-65,,,
1791265001.8676,R,A,,-64,,,
1791265001.8794,O,,,,-3.11237,0.0117,0.6068
1791265001.9119,R,B,,-57,,,
1791265001.9123,R,C,,-68,,,
1791265001.9521,O,,,,-3.11502,0.0074,0.6067
1791265001.9529,O,,,,-3.11767,0.0032,0.6066
1791265001.9538,O,,,,-3.12031,-0.0010,0.6065
1791265001.9545,O,,,,-3.12164,-0.0050,0.6064
1791265001.9287,R,A,,-68,,,
1791265001.9568,R,B,,-64,,,
1791265001.9608,R,C,,-67,,,
1791265001.9792,R,A,,-83,,,
1791265002.0052,R,B,,-63,,,
1791265002.0154,R,A,,-66,,,
1791265002.0155,R,C,,-66,,,
1791265002.0312,O,,,,-3.12428,-0.0092,0.6063
1791265002.0321,O,,,,-3.12693,-0.0135,0.6063
1791265002.0328,O,,,,-3.12826,-0.0174,0.6062
1791265002.0336,O,,,,-3.12958,-0.0214,0.6062
1791265002.0753,R,B,,-62,,,
1791265002.1065,O,,,,-3.13090,-0.0254,0.6061
1791265002.1075,O,,,,-3.13090,-0.0296,0.6061
1791265002.1083,O,,,,-3.13223,-0.0336,0.6060
1791265002.1091,O,,,,-3.13355,-0.0381,0.6060
1791265002.0801,R,A,,-68,,,
1791265002.0804,R,C,,-69,,,
1791265002.0956,R,C,,-67,,,
1791265002.1069,R,B,,-63,,,
1791265002.1297,R,A,,-85,,,
1791265002.1424,R,C,,-68,,,
1791265002.1427,R,B,,-64,,,
1791265002.1428,R,A,,-67,,,
1791265002.1865,O,,,,-3.13355,-0.0418,0.6060
1791265002.1874,O,,,,-3.13355,-0.0460,0.6059
1791265002.1882,O,,,,-3.13355,-0.0503,0.6059
1791265002.1890,O,,,,-3.13487,-0.0542,0.6059
1791265002.2222,R,A,,-67,,,
1791265002.2223,R,B,,-61,,,
1791265002.2226,R,C,,-83,,,
1791265002.2664,O,,,,-3.13487,-0.0585,0.6058
1791265002.2677,O,,,,-3.13487,-0.0627,0.6058
1791265002.2690,O,,,,-3.13487,-0.0669,0.6058
1791265002.2698,O,,,,-3.13620,-0.0709,0.6058
1791265002.2393,R,B,,-63,,,
1791265002.2396,R,C,,-73,,,
1791265002.2397,R,A,,-76,,,
1791265002.2830,R,B,,-63,,,
1791265002.3200,R,B,,-63,,,
1791265002.3202,R,C,,-74,,,
1791265002.3372,O,,,,-3.13487,-0.0749,0.6057
1791265002.3387,O,,,,-3.13487,-0.0791,0.6057
1791265002.3396,O,,,,-3.13487,-0.0834,0.6057
1791265002.3293,R,A,,-65,,,
1791265002.3617,R,B,,-61,,,
1791265002.4126,O,,,,-3.13620,-0.0873,0.6057
1791265002.4140,O,,,,-3.13487,-0.0913,0.6056
1791265002.4152,O,,,,-3.13487,-0.0955,0.6056
1791265002.4164,O,,,,-3.13487,-0.0998,0.6056
1791265002.3798,R,C,,-76,,,
1791265002.3801,R,A,,-66,,,
1791265002.4207,R,B,,-64,,,
1791265002.4503,R,B,,-64,,,
1791265002.4617,R,C,,-71,,,
1791265002.4683,R,A,,-67,,,
1791265002.4916,O,,,,-3.13487,-0.1040,0.6055
1791265002.4935,O,,,,-3.13487,-0.1077,0.6055
1791265002.4947,O,,,,-3.13487,-0.1119,0.6055
1791265002.4959,O,,,,-3.13487,-0.1162,0.6055
1791265002.5259,R,B,,-64,,,
1791265002.5664,O,,,,-3.13487,-0.1204,0.6054
1791265002.5678,O,,,,-3.13487,-0.1247,0.6054
1791265002.5691,O,,,,-3.13487,-0.1289,0.6054
1791265002.5702,O,,,,-3.13355,-0.1329,0.6054
1791265002.5293,R,A,,-66,,,
1791265002.5374,R,A,,-73,,,
1791265002.5378,R,B,,-64,,,
1791265002.5379,R,C,,-73,,,
1791265002.6253,R,B,,-63,,,
1791265002.6467,O,,,,-3.13487,-0.1368,0.6053
1791265002.6482,O,,,,-3.13487,-0.1411,0.6053
1791265002.6490,O,,,,-3.13487,-0.1453,0.6053
1791265002.6498,O,,,,-3.13355,-0.1493,0.6052
1791265002.6295,R,A,,-64,,,
1791265002.6298,R,C,,-64,,,
1791265002.6329,R,B,,-61,,,
1791265002.7274,O,,,,-3.13487,-0.1532,0.6052
1791265002.7285,O,,,,-3.13487,-0.1575,0.6052
1791265002.6786,R,C,,-67,,,
1791265002.6788,R,A,,-66,,,
1791265002.6937,R,B,,-59,,,
1791265002.7230,R,C,,-68,,,
1791265002.7232,R,A,,-66,,,
1791265002.7254,R,B,,-58,,,
1791265002.7319,O,,,,-3.13487,-0.1617,0.6052
1791265002.7327,O,,,,-3.13355,-0.1657,0.6051
1791265002.7661,R,B,,-62,,,
1791265002.7665,R,C,,-62,,,
1791265002.7665,R,A,,-62,,,
1791265002.7920,O,,,,-3.13487,-0.1697,0.6051
1791265002.7931,O,,,,-3.13487,-0.1739,0.6051
1791265002.7938,O,,,,-3.13487,-0.1781,0.6050
1791265002.8076,R,B,,-57,,,
1791265002.8722,O,,,,-3.13355,-0.1821,0.6050
1791265002.8732,O,,,,-3.13355,-0.1863,0.6050
1791265002.8739,O,,,,-3.13487,-0.1903,0.6049
1791265002.8747,O,,,,-3.13487,-0.1945,0.6049
1791265002.8289,R,C,,-66,,,
1791265002.8294,R,A,,-64,,,
1791265002.8526,R,B,,-60,,,
1791265002.8526,R,C,,-69,,,
1791265002.8532,R,A,,-69,,,
1791265002.8961,R,C,,-69,,,
1791265002.8966,R,B,,-62,,,
1791265002.9475,O,,,,-3.13487,-0.1988,0.6049
1791265002.9485,O,,,,-3.13487,-0.2030,0.6049
1791265002.9494,O,,,,-3.13487,-0.2072,0.6048
1791265002.9502,O,,,,-3.13355,-0.2112,0.6048
1791265002.9287,R,A,,-64,,,
1791265002.9458,R,B,,-62,,,
1791265002.9459,R,A,,-69,,,
1791265003.0265,O,,,,-3.13487,-0.2152,0.6048
1791265003.0276,O,,,,-3.13487,-0.2194,0.6047
1791265003.0284,O,,,,-3.13487,-0.2237,0.6047
1791265003.0168,R,C,,-65,,,
1791265003.0253,R,B,,-66,,,
1791265003.0294,O,,,,-3.13487,-0.2279,0.6047
1791265003.0293,R,A,,-70,,,
1791265003.0340,R,C,,-63,,,
1791265003.0342,R,A,,-68,,,
1791265003.0606,R,B,,-65,,,
1791265003.1065,O,,,,-3.13355,-0.2319,0.6047
1791265003.1079,O,,,,-3.13355,-0.2361,0.6046
1791265003.1092,O,,,,-3.13487,-0.2401,0.6046
1791265003.1105,O,,,,-3.13487,-0.2443,0.6046
1791265003.1254,R,B,,-65,,,
1791265003.1267,R,C,,-64,,,
1791265003.1284,R,A,,-71,,,
1791265003.1293,R,C,,-65,,,
1791265003.1303,R,A,,-69,,,
1791265003.1675,R,B,,-64,,,
1791265003.1738,R,C,,-71,,,
1791265003.1739,R,B,,-63,,,
1791265003.1742,R,A,,-71,,,
1791265003.1814,O,,,,-3.13487,-0.2485,0.6045
1791265003.1825,O,,,,-3.13487,-0.2528,0.6045
1791265003.1839,O,,,,-3.13487,-0.2565,0.6045
1791265003.1846,O,,,,-3.13487,-0.2607,0.6045
1791265003.2133,R,C,,-64,,,
1791265003.2136,R,B,,-62,,,
1791265003.2600,O,,,,-3.13487,-0.2650,0.6044
1791265003.2614,O,,,,-3.13487,-0.2692,0.6044
1791265003.2622,O,,,,-3.13620,-0.2732,0.6044
1791265003.2629,O,,,,-3.13487,-0.2771,0.6043
1791265003.2293,R,A,,-66,,,
1791265003.2610,R,B,,-61,,,
1791265003.2744,R,C,,-66,,,
1791265003.2796,R,A,,-63,,,
1791265003.3110,R,B,,-61,,,
1791265003.3313,O,,,,-3.13487,-0.2814,0.6043
1791265003.3324,O,,,,-3.13487,-0.2856,0.6043
1791265003.3332,O,,,,-3.13620,-0.2896,0.6043
1791265003.3295,R,A,,-67,,,
1791265003.3298,R,C,,-69,,,
1791265003.3532,R,C,,-64,,,
1791265003.3534,R,A,,-64,,,
1791265003.3758,R,B,,-61,,,
1791265003.4067,O,,,,-3.13620,-0.2938,0.6042
1791265003.4077,O,,,,-3.13487,-0.2978,0.6042
1791265003.4085,O,,,,-3.13487,-0.3020,0.6042
1791265003.4093,O,,,,-3.13487,-0.3063,0.6042
1791265003.4016,R,C,,-67,,,
1791265003.4022,R,A,,-63,,,
1791265003.4201,R,B,,-58,,,
1791265003.4448,R,C,,-68,,,
1791265003.4450,R,B,,-61,,,
1791265003.4452,R,A,,-65,,,
1791265003.4866,O,,,,-3.13620,-0.3102,0.6041
1791265003.4877,O,,,,-3.13487,-0.3142,0.6041
1791265003.4885,O,,,,-3.13487,-0.3184,0.6041
1791265003.4893,O,,,,-3.13487,-0.3227,0.6041
1791265003.5096,R,C,,-66,,,
1791265003.5099,R,B,,-60,,,
1791265003.5099,R,A,,-70,,,
1791265003.5661,O,,,,-3.13487,-0.3269,0.6040
1791265003.5672,O,,,,-3.13487,-0.3306,0.6040
1791265003.5681,O,,,,-3.13487,-0.3348,0.6040
1791265003.5689,O,,,,-3.13487,-0.3391,0.6039
1791265003.5398,R,A,,-66,,,
1791265003.5401,R,B,,-57,,,
1791265003.5797,R,C,,-68,,,
1791265003.5876,R,B,,-59,,,
1791265003.6412,O,,,,-3.13487,-0.3433,0.6039
1791265003.6421,O,,,,-3.13487,-0.3476,0.6039
1791265003.6433,O,,,,-3.13620,-0.3515,0.6039
1791265003.6441,O,,,,-3.13487,-0.3555,0.6038
1791265003.6298,R,A,,-69,,,
1791265003.6302,R,C,,-67,,,
1791265003.6760,R,C,,-63,,,
1791265003.6764,R,A,,-60,,,
1791265003.7233,O,,,,-3.13487,-0.3597,0.6038
1791265003.7242,O,,,,-3.13487,-0.3640,0.6038
1791265003.7250,O,,,,-3.13620,-0.3679,0.6038
1791265003.7259,O,,,,-3.13620,-0.3722,0.6037
1791265003.7199,R,C,,-66,,,
1791265003.7202,R,A,,-62,,,
1791265003.7204,R,B,,-54,,,
1791265003.7753,R,B,,-57,,,
1791265003.7892,O,,,,-3.13487,-0.3761,0.6037
1791265003.7902,O,,,,-3.13487,-0.3804,0.6037
1791265003.7910,O,,,,-3.13620,-0.3844,0.6037
1791265003.7793,R,A,,-66,,,
1791265003.7797,R,C,,-66,,,
1791265003.8025,R,A,,-61,,,
1791265003.8102,R,C,,-60,,,
1791265003.8193,R,B,,-57,,,
1791265003.8673,O,,,,-3.13620,-0.3886,0.6036
1791265003.8684,O,,,,-3.13884,-0.3928,0.6036
1791265003.8693,O,,,,-3.13884,-0.3971,0.6036
1791265003.8700,O,,,,-3.14017,-0.4010,0.6036
1791265003.8504,R,B,,-54,,,
1791265003.8799,R,A,,-62,,,
1791265003.8801,R,C,,-64,,,
1791265003.8968,R,B,,-59,,,
1791265003.9005,R,C,,-62,,,
1791265003.9007,R,A,,-63,,,
1791265003.9462,O,,,,3.14037,-0.4053,0.6036
1791265003.9474,O,,,,3.13905,-0.4092,0.6036
1791265003.9487,O,,,,3.13772,-0.4137,0.6036
1791265003.9498,O,,,,3.13375,-0.4177,0.6036
1791265003.9466,R,A,,-61,,,
1791265003.9474,R,B,,-58,,,
1791265003.9609,R,C,,-64,,,
1791265004.0267,O,,,,3.13243,-0.4217,0.6037
1791265004.0276,O,,,,3.12978,-0.4259,0.6037
1791265004.0285,O,,,,3.12846,-0.4304,0.6038
1791265003.9976,R,B,,-57,,,
1791265003.9978,R,C,,-62,,,
1791265003.9980,R,A,,-62,,,
1791265004.0295,O,,,,3.12713,-0.4344,0.6038
1791265004.0493,R,C,,-86,,,
1791265004.0497,R,A,,-69,,,
1791265004.0498,R,B,,-62,,,
1791265004.1010,O,,,,3.12316,-0.4384,0.6039
1791265004.1018,O,,,,3.12051,-0.4426,0.6040
1791265004.1026,O,,,,3.11919,-0.4466,0.6041
1791265004.1033,O,,,,3.11787,-0.4511,0.6042
1791265004.0906,R,B,,-69,,,
1791265004.1305,R,C,,-65,,,
1791265004.1729,R,B,,-57,,,
1791265004.1742,R,C,,-64,,,
1791265004.1745,R,A,,-62,,,
1791265004.1755,R,B,,-57,,,
1791265004.1811,O,,,,3.11390,-0.4550,0.6043
1791265004.1819,O,,,,3.11257,-0.4590,0.6044
1791265004.1828,O,,,,3.10993,-0.4632,0.6045
1791265004.1835,O,,,,3.10728,-0.4675,0.6047
1791265004.2255,R,C,,-62,,,
1791265004.2258,R,A,,-66,,,
1791265004.2261,R,B,,-64,,,
1791265004.2571,O,,,,3.10595,-0.4714,0.6048
1791265004.2581,O,,,,3.10331,-0.4757,0.6050
1791265004.2589,O,,,,3.09934,-0.4796,0.6051
1791265004.2699,R,C,,-60,,,
1791265004.2702,R,B,,-75,,,
1791265004.2708,R,A,,-64,,,
1791265004.3262,O,,,,3.09669,-0.4839,0.6053
1791265004.3272,O,,,,3.09537,-0.4878,0.6055
1791265004.3280,O,,,,3.09272,-0.4921,0.6057
1791265004.3214,R,C,,-56,,,
1791265004.3216,R,B,,-63,,,
1791265004.3217,R,A,,-61,,,
1791265004.3289,O,,,,3.09007,-0.4963,0.6059
1791265004.3578,R,C,,-66,,,
1791265004.3644,R,B,,-68,,,
1791265004.3646,R,A,,-66,,,
1791265004.4064,O,,,,3.08875,-0.5003,0.6061
1791265004.4073,O,,,,3.08610,-0.5045,0.6063
1791265004.4085,O,,,,3.08345,-0.5087,0.6066
1791265004.4093,O,,,,3.08213,-0.5127,0.6068
1791265004.4023,R,C,,-62,,,
1791265004.4025,R,B,,-65,,,
1791265004.4283,R,A,,-66,,,
1791265004.4593,R,C,,-60,,,
1791265004.4595,R,A,,-62,,,
1791265004.4759,R,B,,-60,,,
1791265004.4861,O,,,,3.07816,-0.5166,0.6070
1791265004.4870,O,,,,3.07551,-0.5209,0.6073
1791265004.4878,O,,,,3.07286,-0.5251,0.6076
1791265004.4886,O,,,,3.07022,-0.5293,0.6079
1791265004.5260,R,B,,-65,,,
1791265004.5612,O,,,,3.06889,-0.5333,0.6082
1791265004.5624,O,,,,3.06624,-0.5375,0.6085
1791265004.5632,O,,,,3.06360,-0.5417,0.6088
1791265004.5639,O,,,,3.06227,-0.5457,0.6091
1791265004.5298,R,C,,-63,,,
1791265004.5301,R,A,,-68,,,
1791265004.5316,R,B,,-68,,,
1791265004.5771,R,A,,-66,,,
1791265004.5803,R,C,,-71,,,
1791265004.6412,O,,,,3.05830,-0.5496,0.6095
1791265004.6421,O,,,,3.05566,-0.5539,0.6098
1791265004.6431,O,,,,3.05433,-0.5578,0.6102
1791265004.6442,O,,,,3.05168,-0.5620,0.6105
1791265004.6722,R,A,,-66,,,
1791265004.6724,R,C,,-63,,,
1791265004.6753,R,B,,-65,,,
1791265004.7225,O,,,,3.04904,-0.5663,0.6109
1791265004.7238,O,,,,3.04771,-0.5702,0.6113
1791265004.7246,O,,,,3.04507,-0.5744,0.6117
1791265004.7255,O,,,,3.04242,-0.5786,0.6121
1791265004.7132,R,A,,-65,,,
1791265004.7133,R,B,,-64,,,
1791265004.7298,R,C,,-60,,,
1791265004.7563,R,C,,-65,,,
1791265004.7566,R,A,,-63,,,
1791265004.7567,R,B,,-57,,,
1791265004.7893,O,,,,3.03845,-0.5826,0.6125
1791265004.7902,O,,,,3.03712,-0.5865,0.6129
1791265004.7910,O,,,,3.03448,-0.5908,0.6134
1791265004.8064,R,A,,-65,,,
1791265004.8253,R,B,,-61,,,
1791265004.8666,O,,,,3.03448,-0.5950,0.6138
1791265004.8677,O,,,,3.03315,-0.5989,0.6142
1791265004.8685,O,,,,3.03183,-0.6029,0.6147
1791265004.8693,O,,,,3.03051,-0.6073,0.6152
1791265004.8298,R,C,,-62,,,
1791265004.8483,R,A,,-64,,,
1791265004.8484,R,C,,-65,,,
1791265004.8487,R,B,,-63,,,
1791265004.9253,R,B,,-62,,,
1791265004.9465,O,,,,3.02918,-0.6113,0.6156
1791265004.9475,O,,,,3.02918,-0.6155,0.6161
1791265004.9484,O,,,,3.02918,-0.6197,0.6166
1791265004.9492,O,,,,3.02786,-0.6236,0.6170
1791265004.9294,R,A,,-67,,,
1791265004.9295,R,C,,-62,,,
1791265004.9431,R,B,,-60,,,
1791265004.9511,R,A,,-66,,,
1791265004.9518,R,C,,-60,,,
1791265005.0211,O,,,,3.02918,-0.6276,0.6175
1791265005.0220,O,,,,3.02918,-0.6318,0.6179
1791265005.0228,O,,,,3.02786,-0.6357,0.6184
1791265005.0235,O,,,,3.02786,-0.6400,0.6189
1791265004.9928,R,C,,-64,,,
1791265004.9995,R,B,,-64,,,
1791265005.0004,R,A,,-66,,,
1791265005.0284,R,C,,-63,,,
1791265005.0298,R,A,,-65,,,
1791265005.0751,R,C,,-62,,,
1791265005.0753,R,B,,-63,,,
1791265005.1011,O,,,,3.02786,-0.6442,0.6194
1791265005.1020,O,,,,3.02918,-0.6481,0.6198
1791265005.1028,O,,,,3.02918,-0.6523,0.6203
1791265005.1036,O,,,,3.02918,-0.6565,0.6207
1791265005.0795,R,A,,-65,,,
1791265005.1229,R,C,,-64,,,
1791265005.1232,R,A,,-70,,,
1791265005.1260,R,B,,-59,,,
1791265005.1762,O,,,,3.02786,-0.6605,0.6212
1791265005.1776,O,,,,3.02786,-0.6647,0.6217
1791265005.1787,O,,,,3.02918,-0.6686,0.6221
1791265005.1759,R,B,,-63,,,
1791265005.1796,O,,,,3.02786,-0.6726,0.6226
1791265005.1783,R,C,,-82,,,
1791265005.1785,R,A,,-67,,,
1791265005.2215,R,B,,-60,,,
1791265005.2221,R,A,,-70,,,
1791265005.2462,O,,,,3.02786,-0.6768,0.6231
1791265005.2472,O,,,,3.02786,-0.6810,0.6235
1791265005.2480,O,,,,3.02918,-0.6849,0.6240
1791265005.2299,R,C,,-70,,,
1791265005.2567,R,B,,-79,,,
1791265005.2644,R,C,,-58,,,
1791265005.2646,R,A,,-68,,,
1791265005.3234,O,,,,3.02918,-0.6891,0.6245
1791265005.3243,O,,,,3.02918,-0.6934,0.6249
1791265005.3252,O,,,,3.02786,-0.6973,0.6254
1791265005.3260,O,,,,3.02786,-0.7015,0.6259
1791265005.3168,R,A,,-63,,,
1791265005.3252,R,B,,-65,,,
1791265005.3298,R,C,,-58,,,
1791265005.3669,R,C,,-61,,,
1791265005.3670,R,B,,-58,,,
1791265005.3675,R,A,,-63,,,
1791265005.4010,O,,,,3.02918,-0.7055,0.6263
1791265005.4023,O,,,,3.02918,-0.7097,0.6268
1791265005.4032,O,,,,3.02918,-0.7139,0.6273
1791265005.4040,O,,,,3.02786,-0.7178,0.6277
1791265005.4211,R,C,,-65,,,
1791265005.4221,R,A,,-71,,,
1791265005.4253,R,B,,-68,,,
1791265005.4602,R,B,,-64,,,
1791265005.4686,R,A,,-67,,,
1791265005.4722,R,C,,-61,,,
1791265005.4812,O,,,,3.02786,-0.7220,0.6282
1791265005.4821,O,,,,3.02918,-0.7260,0.6286
1791265005.4828,O,,,,3.02918,-0.7302,0.6291
1791265005.4835,O,,,,3.02918,-0.7344,0.6296
1791265005.5253,R,B,,-62,,,
1791265005.5611,O,,,,3.02786,-0.7383,0.6300
1791265005.5619,O,,,,3.02786,-0.7425,0.6305
1791265005.5627,O,,,,3.02918,-0.7465,0.6310
1791265005.5634,O,,,,3.02918,-0.7507,0.6314
1791265005.5295,R,A,,-62,,,
1791265005.5300,R,C,,-57,,,
1791265005.5588,R,C,,-58,,,
1791265005.5630,R,B,,-70,,,
1791265005.5669,R,A,,-61,,,
1791265005.6253,R,B,,-73,,,
1791265005.6361,O,,,,3.02918,-0.7549,0.6319
1791265005.6371,O,,,,3.02918,-0.7591,0.6324
1791265005.6379,O,,,,3.02786,-0.7631,0.6328
1791265005.6387,O,,,,3.02918,-0.7670,0.6333
1791265005.6293,R,A,,-83,,,
1791265005.6298,R,C,,-67,,,
1791265005.6506,R,B,,-62,,,
1791265005.6515,R,C,,-64,,,
1791265005.7162,O,,,,3.02918,-0.7712,0.6338
1791265005.7173,O,,,,3.02918,-0.7754,0.6342
1791265005.7181,O,,,,3.02918,-0.7796,0.6347
1791265005.7189,O,,,,3.02918,-0.7833,0.6351
1791265005.6795,R,A,,-70,,,
1791265005.6914,R,B,,-62,,,
1791265005.7210,R,C,,-61,,,
1791265005.7214,R,A,,-63,,,
1791265005.7373,R,C,,-60,,,
1791265005.7388,R,B,,-60,,,
1791265005.7920,O,,,,3.02918,-0.7875,0.6356
1791265005.7933,O,,,,3.02918,-0.7917,0.6361
1791265005.7941,O,,,,3.02918,-0.7959,0.6366
1791265005.7784,R,A,,-62,,,
1791265005.7799,R,C,,-62,,,
1791265005.7811,R,A,,-61,,,
1791265005.8230,R,B,,-59,,,
1791265005.8257,R,B,,-60,,,
1791265005.8622,O,,,,3.02918,-0.8002,0.6370
1791265005.8631,O,,,,3.02786,-0.8041,0.6375
1791265005.8641,O,,,,3.02918,-0.8080,0.6379
1791265005.8649,O,,,,3.02918,-0.8123,0.6384
1791265005.8296,R,A,,-66,,,
1791265005.8304,R,C,,-60,,,
1791265005.8755,R,B,,-70,,,
1791265005.8794,R,A,,-69,,,
1791265005.8803,R,C,,-63,,,
1791265005.9119,R,C,,-67,,,
1791265005.9127,R,A,,-71,,,
1791265005.9262,R,B,,-67,,,
1791265005.9413,O,,,,3.02918,-0.8165,0.6389
1791265005.9423,O,,,,3.02918,-0.8207,0.6393
1791265005.9432,O,,,,3.02918,-0.8244,0.6398
1791265005.9439,O,,,,3.02918,-0.8286,0.6402
1791265005.9548,R,B,,-59,,,
1791265006.0223,O,,,,3.02918,-0.8328,0.6407
1791265006.0237,O,,,,3.02918,-0.8370,0.6412
1791265006.0249,O,,,,3.02918,-0.8412,0.6417
1791265006.0262,O,,,,3.02918,-0.8449,0.6421
1791265005.9795,R,A,,-64,,,
1791265005.9799,R,C,,-60,,,
1791265006.0057,R,A,,-68,,,
1791265006.0254,R,B,,-62,,,
1791265006.0304,R,C,,-79,,,
1791265006.0517,R,B,,-64,,,
1791265006.0744,R,C,,-71,,,
1791265006.0754,R,A,,-64,,,
1791265006.0962,O,,,,3.02918,-0.8491,0.6426
1791265006.0971,O,,,,3.02918,-0.8533,0.6430
1791265006.0980,O,,,,3.02918,-0.8575,0.6435
1791265006.0987,O,,,,3.02918,-0.8617,0.6440
1791265006.1763,O,,,,3.02786,-0.8657,0.6444
1791265006.1774,O,,,,3.02786,-0.8699,0.6449
1791265006.1783,O,,,,3.02786,-0.8741,0.6454
1791265006.1753,R,B,,-61,,,
1791265006.1793,O,,,,3.02918,-0.8780,0.6458
1791265006.1794,R,A,,-64,,,
1791265006.1799,R,C,,-77,,,
1791265006.1900,R,B,,-76,,,
1791265006.1903,R,A,,-67,,,
1791265006.1969,R,C,,-68,,,
1791265006.2462,O,,,,3.02918,-0.8822,0.6463
1791265006.2473,O,,,,3.02918,-0.8864,0.6468
1791265006.2481,O,,,,3.02786,-0.8904,0.6472
1791265006.2685,R,C,,-77,,,
1791265006.2686,R,B,,-65,,,
1791265006.2689,R,A,,-69,,,
1791265006.3282,O,,,,3.02918,-0.8943,0.6477
1791265006.3292,O,,,,3.02918,-0.8985,0.6482
1791265006.2834,R,B,,-61,,,
1791265006.3303,O,,,,3.02918,-0.9027,0.6486
1791265006.3311,O,,,,3.02918,-0.9070,0.6491
1791265006.3286,R,A,,-64,,,
1791265006.3298,R,C,,-65,,,
1791265006.3700,R,C,,-65,,,
1791265006.3753,R,B,,-66,,,
1791265006.4014,O,,,,3.02786,-0.9109,0.6496
1791265006.4023,O,,,,3.02918,-0.9148,0.6500
1791265006.4032,O,,,,3.02918,-0.9191,0.6505
1791265006.4045,O,,,,3.02918,-0.9233,0.6510
1791265006.3797,R,A,,-66,,,
1791265006.4169,R,C,,-62,,,
1791265006.4259,R,B,,-65,,,
1791265006.4769,O,,,,3.02918,-0.9275,0.6514
1791265006.4780,O,,,,3.02918,-0.9317,0.6519
1791265006.4788,O,,,,3.02918,-0.9354,0.6523
1791265006.4294,R,A,,-63,,,
1791265006.4760,R,B,,-68,,,
1791265006.4798,O,,,,3.02918,-0.9396,0.6528
1791265006.4796,R,A,,-68,,,
1791265006.4798,R,C,,-70,,,
1791265006.5120,R,B,,-73,,,
1791265006.5126,R,C,,-65,,,
1791265006.5130,R,A,,-83,,,
1791265006.5561,O,,,,3.02918,-0.9438,0.6533
1791265006.5571,O,,,,3.03051,-0.9477,0.6537
1791265006.5580,O,,,,3.02918,-0.9517,0.6542
1791265006.5587,O,,,,3.02918,-0.9559,0.6546
1791265006.5754,R,B,,-64,,,
1791265006.5794,R,A,,-67,,,
1791265006.5798,R,C,,-63,,,
1791265006.5963,R,C,,-74,,,
1791265006.5964,R,A,,-72,,,
1791265006.6212,R,B,,-69,,,
1791265006.6361,O,,,,3.02918,-0.9601,0.6551
1791265006.6374,O,,,,3.02918,-0.9643,0.6556
1791265006.6383,O,,,,3.03051,-0.9682,0.6560
1791265006.6392,O,,,,3.02918,-0.9722,0.6565
1791265006.6450,R,C,,-73,,,
1791265006.6679,R,B,,-69,,,
1791265006.6689,R,A,,-81,,,
1791265006.7116,O,,,,3.02918,-0.9764,0.6569
1791265006.7125,O,,,,3.02918,-0.9806,0.6574
1791265006.7134,O,,,,3.02918,-0.9848,0.6579
1791265006.7143,O,,,,3.02918,-0.9885,0.6583
1791265006.7254,R,B,,-66,,,
1791265006.7288,R,C,,-69,,,
1791265006.7301,R,A,,-75,,,
1791265006.7326,R,B,,-69,,,
1791265006.7812,O,,,,3.02918,-0.9927,0.6588
1791265006.7821,O,,,,3.02918,-0.9969,0.6593
1791265006.7829,O,,,,3.02918,-1.0011,0.6597
1791265006.7799,R,A,,-72,,,
1791265006.7801,R,C,,-67,,,
1791265006.8255,R,C,,-75,,,
1791265006.8259,R,B,,-70,,,
1791265006.8608,O,,,,3.02918,-1.0053,0.6602
1791265006.8622,O,,,,3.02918,-1.0095,0.6607
1791265006.8629,O,,,,3.02918,-1.0132,0.6611
1791265006.8637,O,,,,3.02918,-1.0174,0.6616
1791265006.8293,R,A,,-68,,,
1791265006.8704,R,C,,-86,,,
1791265006.8706,R,A,,-67,,,
1791265006.8761,R,B,,-62,,,
1791265006.9205,R,B,,-68,,,
1791265006.9209,R,A,,-71,,,
1791265006.9218,R,C,,-57,,,
1791265006.9369,O,,,,3.02918,-1.0216,0.6621
1791265006.9379,O,,,,3.02918,-1.0259,0.6625
1791265006.9386,O,,,,3.02918,-1.0301,0.6630
1791265006.9394,O,,,,3.02786,-1.0340,0.6635
1791265006.9754,R,B,,-73,,,
1791265007.0166,O,,,,3.02918,-1.0380,0.6639
1791265007.0175,O,,,,3.02918,-1.0422,0.6644
1791265007.0183,O,,,,3.02918,-1.0464,0.6649
1791265007.0191,O,,,,3.03051,-1.0503,0.6653
1791265006.9796,R,A,,-73,,,
1791265006.9798,R,C,,-63,,,
1791265007.0260,R,B,,-84,,,
1791265007.0296,R,A,,-71,,,
1791265007.0304,R,C,,-69,,,
1791265007.0576,R,B,,-67,,,
1791265007.0578,R,C,,-70,,,
1791265007.0597,R,A,,-74,,,
1791265007.0963,O,,,,3.02918,-1.0543,0.6657
1791265007.0972,O,,,,3.02918,-1.0585,0.6662
1791265007.0980,O,,,,3.02918,-1.0627,0.6667
1791265007.0987,O,,,,3.02918,-1.0669,0.6672
1791265007.1023,R,C,,-69,,,
1791265007.1042,R,B,,-67,,,
1791265007.1712,O,,,,3.02786,-1.0708,0.6676
1791265007.1754,O,,,,3.02918,-1.0748,0.6681
1791265007.1763,O,,,,3.02918,-1.0790,0.6685
1791265007.1770,O,,,,3.02918,-1.0832,0.6690
1791265007.1294,R,A,,-67,,,
1791265007.1509,R,A,,-66,,,
1791265007.2253,R,B,,-74,,,
1791265007.2412,O,,,,3.02918,-1.0874,0.6695
1791265007.2421,O,,,,3.02918,-1.0916,0.6700
1791265007.2429,O,,,,3.02918,-1.0953,0.6704
1791265007.2294,R,A,,-71,,,
1791265007.2298,R,C,,-73,,,
1791265007.2489,R,C,,-70,,,
1791265007.2492,R,B,,-80,,,
1791265007.2497,R,A,,-68,,,
1791265007.3268,O,,,,3.02918,-1.0995,0.6708
1791265007.3278,O,,,,3.02918,-1.1037,0.6713
1791265007.3286,O,,,,3.03183,-1.1079,0.6718
1791265007.3148,R,A,,-68,,,
1791265007.3254,R,B,,-81,,,
1791265007.3295,O,,,,3.03315,-1.1119,0.6722
1791265007.3298,R,C,,-64,,,
1791265007.3512,R,C,,-78,,,
1791265007.3514,R,B,,-74,,,
1791265007.3516,R,A,,-69,,,
1791265007.3963,O,,,,3.03448,-1.1158,0.6727
1791265007.3972,O,,,,3.03580,-1.1203,0.6731
1791265007.3979,O,,,,3.03712,-1.1243,0.6735
1791265007.3986,O,,,,3.03845,-1.1287,0.6740
1791265007.4761,O,,,,3.04110,-1.1324,0.6744
1791265007.4770,O,,,,3.04374,-1.1366,0.6748
1791265007.4778,O,,,,3.04507,-1.1406,0.6752
1791265007.4786,O,,,,3.04771,-1.1448,0.6756
1791265007.4296,R,A,,-71,,,
1791265007.4304,R,C,,-74,,,
1791265007.4559,R,B,,-73,,,
1791265007.4754,R,B,,-83,,,
1791265007.4795,R,A,,-63,,,
1791265007.4804,R,C,,-72,,,
1791265007.5174,R,B,,-89,,,
1791265007.5564,O,,,,3.05036,-1.1490,0.6760
1791265007.5574,O,,,,3.05301,-1.1532,0.6764
1791265007.5581,O,,,,3.05433,-1.1572,0.6767
1791265007.5589,O,,,,3.05698,-1.1614,0.6771
1791265007.5304,R,A,,-64,,,
1791265007.5305,R,C,,-66,,,
1791265007.5624,R,B,,-78,,,
1791265007.5645,R,C,,-69,,,
1791265007.5647,R,A,,-66,,,
1791265007.6137,R,C,,-64,,,
1791265007.6140,R,A,,-68,,,
1791265007.6141,R,B,,-82,,,
1791265007.6311,O,,,,3.06095,-1.1654,0.6774
1791265007.6324,O,,,,3.06227,-1.1693,0.6777
1791265007.6333,O,,,,3.06757,-1.1735,0.6781
1791265007.6341,O,,,,3.07022,-1.1778,0.6784
1791265007.6658,R,B,,-80,,,
1791265007.6661,R,A,,-67,,,
1791265007.6662,R,C,,-63,,,
1791265007.7112,O,,,,3.07419,-1.1817,0.6786
1791265007.7123,O,,,,3.07948,-1.1860,0.6789
1791265007.7132,O,,,,3.08213,-1.1902,0.6792
1791265007.7140,O,,,,3.08742,-1.1944,0.6794
1791265007.7019,R,B,,-73,,,
1791265007.7023,R,C,,-62,,,
1791265007.7033,R,A,,-63,,,
1791265007.7497,R,A,,-61,,,
1791265007.7690,R,B,,-74,,,
1791265007.7691,R,C,,-69,,,
1791265007.7811,O,,,,3.09272,-1.1986,0.6796
1791265007.7821,O,,,,3.09801,-1.2029,0.6798
1791265007.7828,O,,,,3.10198,-1.2068,0.6800
1791265007.7929,R,B,,-69,,,
1791265007.7932,R,A,,-61,,,
1791265007.7934,R,C,,-62,,,
1791265007.8610,O,,,,3.10728,-1.2111,0.6801
1791265007.8621,O,,,,3.11257,-1.2153,0.6803
1791265007.8629,O,,,,3.11787,-1.2195,0.6804
1791265007.8637,O,,,,3.12316,-1.2238,0.6805
1791265007.8542,R,B,,-69,,,
1791265007.8745,R,B,,-71,,,
1791265007.8798,R,A,,-63,,,
1791265007.8800,R,C,,-67,,,
1791265007.9166,R,C,,-67,,,
1791265007.9168,R,B,,-71,,,
1791265007.9170,R,A,,-61,,,
1791265007.9366,O,,,,3.12846,-1.2280,0.6805
1791265007.9376,O,,,,3.13375,-1.2323,0.6806
1791265007.9385,O,,,,3.13772,-1.2362,0.6806
1791265007.9393,O,,,,-3.14017,-1.2405,0.6806
1791265007.9581,R,B,,-78,,,
1791265007.9585,R,A,,-58,,,
1791265008.0119,O,,,,-3.13487,-1.2447,0.6806
1791265008.0132,O,,,,-3.12958,-1.2489,0.6806
1791265008.0140,O,,,,-3.12428,-1.2532,0.6805
1791265008.0147,O,,,,-3.11899,-1.2574,0.6804
1791265008.0052,R,C,,-62,,,
1791265008.0054,R,A,,-58,,,
1791265008.0059,R,B,,-72,,,
1791265008.0754,R,B,,-71,,,
1791265008.0912,O,,,,-3.11105,-1.2616,0.6803
1791265008.0921,O,,,,-3.10443,-1.2656,0.6802
1791265008.0931,O,,,,-3.09914,-1.2698,0.6800
1791265008.0938,O,,,,-3.09252,-1.2743,0.6798
1791265008.0787,R,C,,-68,,,
1791265008.0798,R,A,,-62,,,
1791265008.0989,R,B,,-69,,,
1791265008.1006,R,C,,-61,,,
1791265008.1007,R,A,,-67,,,
1791265008.1712,O,,,,-3.08590,-1.2783,0.6796
1791265008.1724,O,,,,-3.07928,-1.2828,0.6793
1791265008.1732,O,,,,-3.07266,-1.2868,0.6791
1791265008.1739,O,,,,-3.06472,-1.2910,0.6787
1791265008.1566,R,B,,-77,,,
1791265008.1568,R,A,,-76,,,
1791265008.1570,R,C,,-67,,,
1791265008.1894,R,C,,-69,,,
1791265008.1900,R,B,,-69,,,
1791265008.2203,R,A,,-80,,,
1791265008.2412,O,,,,-3.05678,-1.2952,0.6784
1791265008.2422,O,,,,-3.04884,-1.2994,0.6780
1791265008.2431,O,,,,-3.03957,-1.3034,0.6776
1791265008.2615,R,B,,-68,,,
1791265008.3162,O,,,,-3.03163,-1.3076,0.6772
1791265008.3172,O,,,,-3.02236,-1.3115,0.6767
1791265008.3181,O,,,,-3.01310,-1.3155,0.6763
1791265008.3189,O,,,,-3.00383,-1.3194,0.6757
1791265008.2939,R,B,,-71,,,
1791265008.3211,R,B,,-68,,,
1791265008.3214,R,A,,-68,,,
1791265008.3285,R,C,,-64,,,
1791265008.3673,R,B,,-65,,,
1791265008.3965,O,,,,-2.99457,-1.3233,0.6752
1791265008.3976,O,,,,-2.98662,-1.3270,0.6746
1791265008.3985,O,,,,-2.97868,-1.3307,0.6740
1791265008.3993,O,,,,-2.96942,-1.3341,0.6734
1791265008.3796,R,A,,-72,,,
1791265008.3799,R,C,,-69,,,
1791265008.4103,R,C,,-63,,,
1791265008.4104,R,B,,-77,,,
1791265008.4717,O,,,,-2.96015,-1.3374,0.6728
1791265008.4727,O,,,,-2.95221,-1.3406,0.6723
1791265008.4735,O,,,,-2.94294,-1.3439,0.6716
1791265008.4742,O,,,,-2.93500,-1.3470,0.6710
1791265008.4296,R,A,,-72,,,
1791265008.4543,R,B,,-77,,,
1791265008.4797,R,A,,-71,,,
1791265008.4799,R,C,,-75,,,
1791265008.4992,R,C,,-67,,,
1791265008.5049,R,B,,-80,,,
1791265008.5082,R,A,,-68,,,
1791265008.5514,O,,,,-2.92574,-1.3499,0.6703
1791265008.5523,O,,,,-2.91779,-1.3530,0.6696
1791265008.5531,O,,,,-2.90985,-1.3556,0.6690
1791265008.5539,O,,,,-2.90059,-1.3584,0.6684
1791265008.5754,R,B,,-79,,,
1791265008.5783,R,A,,-68,,,
1791265008.5784,R,C,,-63,,,
1791265008.6139,R,B,,-82,,,
1791265008.6140,R,A,,-63,,,
1791265008.6324,O,,,,-2.89132,-1.3607,0.6678
1791265008.6334,O,,,,-2.88338,-1.3633,0.6671
1791265008.6342,O,,,,-2.87411,-1.3656,0.6665
1791265008.6349,O,,,,-2.86617,-1.3676,0.6659
1791265008.6744,R,C,,-66,,,
1791265008.6746,R,A,,-66,,,
1791265008.6753,R,B,,-86,,,
1791265008.6991,O,,,,-2.85691,-1.3699,0.6653
1791265008.7001,O,,,,-2.84896,-1.3719,0.6647
1791265008.7009,O,,,,-2.84102,-1.3740,0.6641
1791265008.7018,O,,,,-2.83308,-1.3760,0.6634
1791265008.6786,R,A,,-63,,,
1791265008.6788,R,C,,-67,,,
1791265008.7198,R,B,,-81,,,
1791265008.7238,R,A,,-62,,,
1791265008.7239,R,C,,-68,,,
1791265008.7767,O,,,,-2.82514,-1.3775,0.6629
1791265008.7780,O,,,,-2.81587,-1.3793,0.6623
1791265008.7661,R,C,,-65,,,
1791265008.7663,R,A,,-63,,,
1791265008.7755,R,B,,-75,,,
1791265008.7790,O,,,,-2.80793,-1.3808,0.6618
1791265008.8226,R,C,,-62,,,
1791265008.8228,R,B,,-78,,,
1791265008.8230,R,A,,-63,,,
1791265008.8572,O,,,,-2.79999,-1.3828,0.6611
1791265008.8581,O,,,,-2.79205,-1.3843,0.6606
1791265008.8590,O,,,,-2.78278,-1.3860,0.6600
1791265008.8597,O,,,,-2.77616,-1.3872,0.6595
1791265008.8801,R,C,,-69,,,
1791265008.8802,R,A,,-59,,,
1791265008.8984,R,B,,-72,,,
1791265008.8986,R,C,,-69,,,
1791265008.9313,O,,,,-2.76822,-1.3887,0.6589
1791265008.9324,O,,,,-2.76028,-1.3902,0.6583
1791265008.9332,O,,,,-2.75366,-1.3914,0.6578
1791265008.9339,O,,,,-2.74572,-1.3929,0.6572
1791265008.9301,R,A,,-65,,,
1791265008.9420,R,B,,-78,,,
1791265008.9624,R,A,,-66,,,
1791265009.0119,O,,,,-2.73910,-1.3941,0.6567
1791265009.0128,O,,,,-2.73248,-1.3953,0.6562
1791265009.0136,O,,,,-2.72586,-1.3965,0.6557
1791265009.0144,O,,,,-2.71925,-1.3977,0.6551
1791265008.9789,R,C,,-68,,,
1791265009.0255,R,B,,-74,,,
1791265009.0296,R,A,,-66,,,
1791265009.0313,R,C,,-61,,,
1791265009.0357,R,B,,-69,,,
1791265009.0749,R,A,,-90,,,
1791265009.0755,R,B,,-68,,,
1791265009.0872,O,,,,-2.71130,-1.3987,0.6547
1791265009.0881,O,,,,-2.70336,-1.3992,0.6545
1791265009.0889,O,,,,-2.69410,-1.3999,0.6541
1791265009.0896,O,,,,-2.68483,-1.4006,0.6538
1791265009.0805,R,C,,-64,,,
1791265009.1213,R,C,,-72,,,
1791265009.1261,R,B,,-71,,,
1791265009.1663,O,,,,-2.67292,-1.4009,0.6536
1791265009.1673,O,,,,-2.65968,-1.4013,0.6534
1791265009.1682,O,,,,-2.64512,-1.4016,0.6533
1791265009.1689,O,,,,-2.63188,-1.4020,0.6530
1791265009.1283,R,A,,-69,,,
1791265009.1627,R,C,,-62,,,
1791265009.1760,R,B,,-68,,,
1791265009.1796,R,A,,-81,,,
1791265009.2057,R,C,,-69,,,
1791265009.2059,R,B,,-84,,,
1791265009.2177,R,A,,-73,,,
1791265009.2364,O,,,,-2.61600,-1.4020,0.6530
1791265009.2374,O,,,,-2.60276,-1.4020,0.6530
1791265009.2382,O,,,,-2.58688,-1.4020,0.6530
1791265009.3170,O,,,,-2.57232,-1.4022,0.6529
1791265009.3179,O,,,,-2.55644,-1.4022,0.6529
1791265009.3188,O,,,,-2.53923,-1.4025,0.6527
1791265009.3202,O,,,,-2.52334,-1.4025,0.6527
1791265009.2800,R,C,,-59,,,
1791265009.2801,R,A,,-71,,,
1791265009.3063,R,B,,-71,,,
1791265009.3066,R,C,,-59,,,
1791265009.3067,R,A,,-63,,,
1791265009.3544,R,B,,-69,,,
1791265009.3546,R,A,,-67,,,
1791265009.3727,R,C,,-64,,,
1791265009.3918,O,,,,-2.50746,-1.4025,0.6527
1791265009.3927,O,,,,-2.49158,-1.4025,0.6527
1791265009.3935,O,,,,-2.47569,-1.4025,0.6527
1791265009.3943,O,,,,-2.45848,-1.4023,0.6529
1791265009.4253,R,B,,-85,,,
1791265009.4715,O,,,,-2.44260,-1.4023,0.6529
1791265009.4727,O,,,,-2.42672,-1.4023,0.6529
1791265009.4739,O,,,,-2.40951,-1.4021,0.6531
1791265009.4753,O,,,,-2.39363,-1.4021,0.6531
1791265009.4295,R,A,,-68,,,
1791265009.4298,R,C,,-60,,,
1791265009.5158,R,C,,-66,,,
1791265009.5162,R,B,,-68,,,
1791265009.5540,O,,,,-2.37774,-1.4021,0.6531
1791265009.5550,O,,,,-2.36186,-1.4021,0.6531
1791265009.5563,O,,,,-2.34465,-1.4022,0.6529
1791265009.5577,O,,,,-2.32744,-1.4021,0.6531
1791265009.5287,R,A,,-65,,,
1791265009.5467,R,B,,-69,,,
1791265009.5473,R,A,,-61,,,
1791265009.5474,R,C,,-67,,,
1791265009.5969,R,B,,-71,,,
1791265009.6315,O,,,,-2.31156,-1.4021,0.6531
1791265009.6324,O,,,,-2.29567,-1.4021,0.6531
1791265009.6332,O,,,,-2.27979,-1.4021,0.6531
1791265009.6339,O,,,,-2.26258,-1.4019,0.6533
1791265009.6298,R,C,,-58,,,
1791265009.6301,R,A,,-57,,,
1791265009.6743,R,A,,-61,,,
1791265009.6745,R,C,,-66,,,
1791265009.6747,R,B,,-72,,,
1791265009.7016,O,,,,-2.24538,-1.4021,0.6531
1791265009.7025,O,,,,-2.22949,-1.4021,0.6531
1791265009.7032,O,,,,-2.21361,-1.4021,0.6531
1791265009.7163,R,B,,-67,,,
1791265009.7181,R,A,,-63,,,
1791265009.7769,O,,,,-2.19508,-1.4021,0.6531
1791265009.7783,O,,,,-2.17919,-1.4021,0.6531
1791265009.7299,R,C,,-61,,,
1791265009.7667,R,C,,-59,,,
1791265009.7669,R,A,,-63,,,
1791265009.7673,R,B,,-72,,,
1791265009.7798,O,,,,-2.16331,-1.4021,0.6531
1791265009.7806,O,,,,-2.14743,-1.4021,0.6531
1791265009.8067,R,C,,-66,,,
1791265009.8254,R,B,,-76,,,
1791265009.8619,O,,,,-2.12889,-1.4021,0.6531
1791265009.8627,O,,,,-2.11301,-1.4021,0.6531
1791265009.8635,O,,,,-2.09713,-1.4021,0.6531
1791265009.8646,O,,,,-2.08124,-1.4021,0.6531
1791265009.8296,R,A,,-63,,,
1791265009.8603,R,B,,-74,,,
1791265009.8604,R,C,,-66,,,
1791265009.8607,R,A,,-62,,,
1791265009.9002,R,B,,-72,,,
1791265009.9313,O,,,,-2.06271,-1.4021,0.6531
1791265009.9322,O,,,,-2.04683,-1.4021,0.6531
1791265009.9329,O,,,,-2.03094,-1.4021,0.6531
1791265009.9337,O,,,,-2.01241,-1.4021,0.6531
1791265009.9299,R,C,,-60,,,
1791265009.9302,R,A,,-61,,,
1791265009.9484,R,C,,-58,,,
1791265009.9486,R,B,,-72,,,
1791265009.9632,R,A,,-65,,,
1791265010.0067,O,,,,-1.99653,-1.4021,0.6531
1791265010.0077,O,,,,-1.98064,-1.4021,0.6531
1791265010.0085,O,,,,-1.96211,-1.4021,0.6531
1791265010.0093,O,,,,-1.94623,-1.4021,0.6531
1791265010.0121,R,A,,-67,,,
1791265010.0129,R,C,,-56,,,
1791265010.0130,R,B,,-71,,,
1791265010.0653,R,B,,-70,,,
1791265010.0865,O,,,,-1.93035,-1.4021,0.6531
1791265010.0875,O,,,,-1.91314,-1.4021,0.6528
1791265010.0883,O,,,,-1.89593,-1.4021,0.6531
1791265010.0891,O,,,,-1.88005,-1.4021,0.6531
1791265010.0805,R,C,,-60,,,
1791265010.1197,R,B,,-76,,,
1791265010.1219,R,B,,-77,,,
1791265010.1725,O,,,,-1.86284,-1.4021,0.6528
1791265010.1735,O,,,,-1.84695,-1.4021,0.6528
1791265010.1744,O,,,,-1.82842,-1.4021,0.6528
1791265010.1751,O,,,,-1.81254,-1.4021,0.6528
1791265010.1296,R,A,,-66,,,
1791265010.1304,R,C,,-61,,,
1791265010.1683,R,B,,-69,,,
1791265010.1685,R,C,,-55,,,
1791265010.1686,R,A,,-62,,,
1791265010.2255,R,B,,-67,,,
1791265010.2324,O,,,,-1.79666,-1.4021,0.6528
1791265010.2333,O,,,,-1.78077,-1.4021,0.6528
1791265010.2342,O,,,,-1.76489,-1.4022,0.6523
1791265010.2301,R,A,,-64,,,
1791265010.2303,R,C,,-56,,,
1791265010.2481,R,B,,-77,,,
1791265010.2740,R,C,,-60,,,
1791265010.2743,R,A,,-71,,,
1791265010.3117,O,,,,-1.74768,-1.4022,0.6526
1791265010.3126,O,,,,-1.73180,-1.4022,0.6526
1791265010.3134,O,,,,-1.71459,-1.4022,0.6528
1791265010.3142,O,,,,-1.69738,-1.4022,0.6526
1791265010.3255,R,B,,-77,,,
1791265010.3295,R,A,,-73,,,
1791265010.3299,R,C,,-63,,,
1791265010.3759,R,B,,-84,,,
1791265010.3763,R,C,,-62,,,
1791265010.3916,O,,,,-1.68017,-1.4022,0.6528
1791265010.3924,O,,,,-1.66429,-1.4022,0.6528
1791265010.3932,O,,,,-1.64576,-1.4022,0.6528
1791265010.3939,O,,,,-1.62988,-1.4022,0.6528
1791265010.3942,R,C,,-68,,,
1791265010.3946,R,A,,-69,,,
1791265010.3948,R,B,,-79,,,
1791265010.4662,O,,,,-1.61267,-1.4021,0.6531
1791265010.4675,O,,,,-1.59678,-1.4021,0.6531
1791265010.4687,O,,,,-1.57958,-1.4022,0.6528
1791265010.4699,O,,,,-1.56237,-1.4022,0.6531
1791265010.4404,R,B,,-77,,,
1791265010.4755,R,B,,-73,,,
1791265010.4762,R,C,,-68,,,
1791265010.4763,R,A,,-73,,,
1791265010.5196,R,B,,-71,,,
1791265010.5470,O,,,,-1.54648,-1.4022,0.6531
1791265010.5484,O,,,,-1.52928,-1.4021,0.6528
1791265010.5496,O,,,,-1.51339,-1.4021,0.6528
1791265010.5507,O,,,,-1.49619,-1.4022,0.6531
1791265010.5298,R,C,,-63,,,
1791265010.5300,R,A,,-74,,,
1791265010.5583,R,A,,-73,,,
1791265010.5704,R,B,,-87,,,
1791265010.5806,R,C,,-69,,,
1791265010.6031,R,B,,-68,,,
1791265010.6117,R,C,,-56,,,
1791265010.6118,R,A,,-67,,,
1791265010.6326,O,,,,-1.47898,-1.4021,0.6528
1791265010.6339,O,,,,-1.46309,-1.4021,0.6528
1791265010.6352,O,,,,-1.44589,-1.4022,0.6531
1791265010.6365,O,,,,-1.42868,-1.4021,0.6528
1791265010.6755,R,B,,-68,,,
1791265010.7015,O,,,,-1.41280,-1.4021,0.6528
1791265010.7024,O,,,,-1.39559,-1.4022,0.6531
1791265010.7031,O,,,,-1.37970,-1.4022,0.6531
1791265010.6796,R,A,,-63,,,
1791265010.6799,R,C,,-56,,,
1791265010.6879,R,B,,-75,,,
1791265010.6881,R,A,,-65,,,
1791265010.6883,R,C,,-55,,,
1791265010.7714,O,,,,-1.36382,-1.4022,0.6531
1791265010.7723,O,,,,-1.34661,-1.4021,0.6528
1791265010.7731,O,,,,-1.32940,-1.4022,0.6531
1791265010.7738,O,,,,-1.31352,-1.4022,0.6531
1791265010.7745,R,B,,-68,,,
1791265010.7800,R,C,,-62,,,
1791265010.7803,R,A,,-61,,,
1791265010.7947,R,B,,-79,,,
1791265010.7949,R,C,,-52,,,
1791265010.7951,R,A,,-60,,,
1791265010.8515,O,,,,-1.29764,-1.4022,0.6531
1791265010.8527,O,,,,-1.28043,-1.4021,0.6528
1791265010.8535,O,,,,-1.26322,-1.4022,0.6531
1791265010.8542,O,,,,-1.24734,-1.4022,0.6531
1791265010.8668,R,C,,-57,,,
1791265010.8673,R,A,,-61,,,
1791265010.8674,R,B,,-81,,,
1791265010.9264,O,,,,-1.23013,-1.4021,0.6528
1791265010.9273,O,,,,-1.21292,-1.4022,0.6531
1791265010.9281,O,,,,-1.19704,-1.4022,0.6531
1791265010.9289,O,,,,-1.17983,-1.4021,0.6528
1791265010.8970,R,C,,-56,,,
1791265010.9272,R,A,,-57,,,
1791265010.9298,R,A,,-57,,,
1791265010.9581,R,B,,-71,,,
1791265010.9771,R,C,,-55,,,
1791265011.0067,O,,,,-1.16262,-1.4022,0.6531
1791265011.0077,O,,,,-1.14674,-1.4022,0.6531
1791265011.0084,O,,,,-1.12953,-1.4021,0.6528
1791265011.0092,O,,,,-1.11232,-1.4022,0.6531
1791265010.9800,R,A,,-61,,,
1791265011.0163,R,A,,-62,,,
1791265011.0169,R,B,,-73,,,
1791265011.0295,R,C,,-57,,,
1791265011.0755,R,B,,-70,,,
1791265011.0812,O,,,,-1.09512,-1.4021,0.6528
1791265011.0821,O,,,,-1.07923,-1.4021,0.6528
1791265011.0829,O,,,,-1.06203,-1.4022,0.6531
1791265011.0837,O,,,,-1.04614,-1.4022,0.6531
1791265011.0797,R,A,,-62,,,
1791265011.0804,R,C,,-58,,,
1791265011.1037,R,A,,-68,,,
1791265011.1039,R,B,,-76,,,
1791265011.1040,R,C,,-61,,,
1791265011.1735,O,,,,-1.02893,-1.4021,0.6529
1791265011.1744,O,,,,-1.01173,-1.4022,0.6531
1791265011.1752,O,,,,-0.99584,-1.4022,0.6531
1791265011.1759,O,,,,-0.97996,-1.4022,0.6531
1791265011.1521,R,B,,-76,,,
1791265011.1522,R,C,,-64,,,
1791265011.1797,R,A,,-66,,,
1791265011.2255,R,B,,-77,,,
1791265011.2314,O,,,,-0.96143,-1.4022,0.6531
1791265011.2327,O,,,,-0.94554,-1.4022,0.6531
1791265011.2339,O,,,,-0.92834,-1.4021,0.6529
1791265011.2283,R,C,,-61,,,
1791265011.2296,R,A,,-72,,,
1791265011.2370,R,B,,-69,,,
1791265011.2751,R,C,,-56,,,
1791265011.2752,R,A,,-83,,,
1791265011.3112,O,,,,-0.91245,-1.4021,0.6529
1791265011.3121,O,,,,-0.89524,-1.4022,0.6531
1791265011.3129,O,,,,-0.87936,-1.4022,0.6531
1791265011.3136,O,,,,-0.86215,-1.4020,0.6529
1791265011.3098,R,B,,-69,,,
1791265011.3100,R,A,,-69,,,
1791265011.3102,R,C,,-62,,,
1791265011.3455,R,C,,-65,,,
1791265011.3459,R,A,,-66,,,
1791265011.3753,R,B,,-71,,,
1791265011.3864,O,,,,-0.84495,-1.4022,0.6531
1791265011.3873,O,,,,-0.82906,-1.4022,0.6531
1791265011.3882,O,,,,-0.81318,-1.4022,0.6531
1791265011.3889,O,,,,-0.79465,-1.4022,0.6531
1791265011.4150,R,B,,-64,,,
1791265011.4246,R,C,,-58,,,
1791265011.4256,R,A,,-63,,,
1791265011.4256,R,B,,-65,,,
1791265011.4698,O,,,,-0.77876,-1.4022,0.6531
1791265011.4706,O,,,,-0.76288,-1.4022,0.6531
1791265011.4714,O,,,,-0.74567,-1.4020,0.6529
1791265011.4722,O,,,,-0.72846,-1.4022,0.6531
1791265011.4706,R,B,,-75,,,
1791265011.4707,R,C,,-66,,,
1791265011.4710,R,A,,-61,,,
1791265011.5414,O,,,,-0.71258,-1.4022,0.6531
1791265011.5424,O,,,,-0.69537,-1.4024,0.6532
1791265011.5431,O,,,,-0.67817,-1.4022,0.6531
1791265011.5439,O,,,,-0.66096,-1.4024,0.6532
1791265011.5297,R,A,,-56,,,
1791265011.5755,R,B,,-77,,,
1791265011.6215,O,,,,-0.64507,-1.4024,0.6532
1791265011.6224,O,,,,-0.62787,-1.4022,0.6531
1791265011.6238,O,,,,-0.61198,-1.4022,0.6531
1791265011.6246,O,,,,-0.59477,-1.4024,0.6532
1791265011.5796,R,A,,-61,,,
1791265011.5799,R,C,,-62,,,
1791265011.6069,R,C,,-66,,,
1791265011.6072,R,A,,-67,,,
1791265011.6228,R,B,,-72,,,
1791265011.6755,R,B,,-69,,,
1791265011.6998,O,,,,-0.57757,-1.4022,0.6531
1791265011.7008,O,,,,-0.56168,-1.4022,0.6531
1791265011.7016,O,,,,-0.54448,-1.4024,0.6532
1791265011.6799,R,C,,-61,,,
1791265011.6804,R,A,,-70,,,
1791265011.7260,R,B,,-71,,,
1791265011.7262,R,C,,-58,,,
1791265011.7661,O,,,,-0.52859,-1.4024,0.6532
1791265011.7670,O,,,,-0.51271,-1.4024,0.6532
1791265011.7678,O,,,,-0.49550,-1.4022,0.6531
1791265011.7686,O,,,,-0.47962,-1.4022,0.6531
1791265011.7300,R,A,,-58,,,
1791265011.7482,R,B,,-85,,,
1791265011.7484,R,A,,-61,,,
1791265011.7485,R,C,,-72,,,
1791265011.7864,R,B,,-70,,,
1791265011.7930,R,C,,-68,,,
1791265011.8462,O,,,,-0.46506,-1.4024,0.6532
1791265011.8472,O,,,,-0.45050,-1.4022,0.6531
1791265011.8483,O,,,,-0.43594,-1.4024,0.6532
1791265011.8492,O,,,,-0.42270,-1.4024,0.6532
1791265011.8297,R,A,,-76,,,
1791265011.8360,R,C,,-68,,,
1791265011.8361,R,B,,-72,,,
1791265011.8363,R,A,,-65,,,
1791265011.9261,O,,,,-0.40946,-1.4020,0.6530
1791265011.9271,O,,,,-0.39623,-1.4020,0.6530
1791265011.9279,O,,,,-0.38431,-1.4017,0.6529
1791265011.9287,O,,,,-0.37240,-1.4015,0.6528
1791265011.9098,R,B,,-78,,,
1791265011.9387,R,A,,-64,,,
1791265011.9754,R,B,,-73,,,
1791265012.0016,O,,,,-0.36049,-1.4012,0.6527
1791265012.0026,O,,,,-0.35122,-1.4010,0.6526
1791265012.0034,O,,,,-0.34063,-1.4005,0.6524
1791265012.0041,O,,,,-0.33137,-1.4002,0.6523
1791265011.9794,R,C,,-63,,,
1791265012.0141,R,B,,-64,,,
1791265012.0283,R,A,,-67,,,
1791265012.0286,R,C,,-61,,,
1791265012.0754,R,B,,-74,,,
1791265012.0813,O,,,,-0.32210,-1.3995,0.6521
1791265012.0822,O,,,,-0.31416,-1.3990,0.6519
1791265012.0830,O,,,,-0.30489,-1.3982,0.6517
1791265012.0837,O,,,,-0.29828,-1.3975,0.6514
1791265012.0797,R,A,,-66,,,
1791265012.0799,R,C,,-67,,,
1791265012.1177,R,B,,-63,,,
1791265012.1612,O,,,,-0.29033,-1.3964,0.6511
1791265012.1623,O,,,,-0.28372,-1.3957,0.6509
1791265012.1630,O,,,,-0.27577,-1.3947,0.6506
1791265012.1638,O,,,,-0.26783,-1.3936,0.6503
1791265012.1297,R,A,,-94,,,
1791265012.1305,R,C,,-65,,,
1791265012.1608,R,B,,-72,,,
1791265012.1610,R,A,,-68,,,
1791265012.2263,O,,,,-0.26121,-1.3924,0.6500
1791265012.2272,O,,,,-0.25459,-1.3911,0.6497
1791265012.2280,O,,,,-0.24798,-1.3898,0.6493
1791265012.1805,R,C,,-76,,,
1791265012.2018,R,C,,-73,,,
1791265012.2030,R,A,,-77,,,
1791265012.2254,R,B,,-72,,,
1791265012.2471,R,C,,-80,,,
1791265012.2473,R,A,,-72,,,
1791265012.2475,R,B,,-65,,,
1791265012.3062,O,,,,-0.24136,-1.3885,0.6490
1791265012.3074,O,,,,-0.23474,-1.3872,0.6487
1791265012.3082,O,,,,-0.22812,-1.3859,0.6484
1791265012.3090,O,,,,-0.22018,-1.3844,0.6480
1791265012.3256,R,B,,-65,,,
1791265012.3271,R,C,,-72,,,
1791265012.3284,R,A,,-70,,,
1791265012.3297,R,C,,-69,,,
1791265012.3300,R,A,,-67,,,
1791265012.3738,R,C,,-62,,,
1791265012.3739,R,A,,-73,,,
1791265012.3760,R,B,,-67,,,
1791265012.3863,O,,,,-0.21224,-1.3828,0.6477
1791265012.3874,O,,,,-0.20430,-1.3813,0.6474
1791265012.3883,O,,,,-0.19635,-1.3797,0.6470
1791265012.3891,O,,,,-0.18974,-1.3779,0.6467
1791265012.4183,R,B,,-65,,,
1791265012.4654,O,,,,-0.18576,-1.3756,0.6462
1791265012.4667,O,,,,-0.18179,-1.3732,0.6458
1791265012.4676,O,,,,-0.17915,-1.3701,0.6452
1791265012.4684,O,,,,-0.17782,-1.3672,0.6447
1791265012.4306,R,C,,-72,,,
1791265012.4307,R,A,,-69,,,
1791265012.4692,R,C,,-71,,,
1791265012.4695,R,A,,-68,,,
1791265012.4696,R,B,,-71,,,
1791265012.5255,R,B,,-69,,,
1791265012.5266,R,A,,-71,,,
1791265012.5410,O,,,,-0.17782,-1.3641,0.6442
1791265012.5420,O,,,,-0.17650,-1.3607,0.6436
1791265012.5429,O,,,,-0.17650,-1.3571,0.6429
1791265012.5437,O,,,,-0.17782,-1.3532,0.6422
1791265012.5299,R,C,,-69,,,
1791265012.6168,O,,,,-0.17782,-1.3495,0.6415
1791265012.6178,O,,,,-0.17915,-1.3456,0.6408
1791265012.6186,O,,,,-0.18047,-1.3417,0.6401
1791265012.6193,O,,,,-0.18312,-1.3375,0.6394
1791265012.6218,R,C,,-62,,,
1791265012.6220,R,A,,-67,,,
1791265012.6523,R,A,,-69,,,
1791265012.6609,R,B,,-85,,,
1791265012.6612,R,C,,-75,,,
1791265012.6861,O,,,,-0.18444,-1.3336,0.6386
1791265012.6869,O,,,,-0.18709,-1.3295,0.6379
1791265012.6877,O,,,,-0.18841,-1.3256,0.6371
1791265012.7024,R,B,,-77,,,
1791265012.7028,R,A,,-63,,,
1791265012.7661,O,,,,-0.19106,-1.3214,0.6363
1791265012.7671,O,,,,-0.19238,-1.3175,0.6356
1791265012.7679,O,,,,-0.19503,-1.3134,0.6347
1791265012.7687,O,,,,-0.19768,-1.3092,0.6339
1791265012.7304,R,C,,-67,,,
1791265012.7714,R,B,,-73,,,
1791265012.7716,R,C,,-62,,,
1791265012.7798,R,A,,-65,,,
1791265012.8066,R,A,,-63,,,
1791265012.8110,R,B,,-69,,,
1791265012.8462,O,,,,-0.20032,-1.3051,0.6331
1791265012.8475,O,,,,-0.20297,-1.3014,0.6323
1791265012.8483,O,,,,-0.20562,-1.2973,0.6315
1791265012.8491,O,,,,-0.20827,-1.2931,0.6306
1791265012.8300,R,C,,-71,,,
1791265012.8713,R,B,,-75,,,
1791265012.8735,R,A,,-63,,,
1791265012.8740,R,B,,-74,,,
1791265012.9212,O,,,,-0.20959,-1.2892,0.6298
1791265012.9222,O,,,,-0.21224,-1.2851,0.6289
1791265012.9229,O,,,,-0.21488,-1.2810,0.6280
1791265012.9237,O,,,,-0.21886,-1.2771,0.6272
1791265012.8805,R,C,,-66,,,
1791265012.9297,R,A,,-66,,,
1791265012.9306,R,C,,-64,,,
1791265012.9753,R,C,,-72,,,
1791265012.9760,R,B,,-69,,,
1791265012.9763,R,A,,-67,,,
1791265013.0010,O,,,,-0.22150,-1.2730,0.6262
1791265013.0019,O,,,,-0.22283,-1.2691,0.6254
1791265013.0028,O,,,,-0.22547,-1.2649,0.6244
1791265013.0035,O,,,,-0.22812,-1.2608,0.6235
1791265013.0262,R,B,,-68,,,
1791265013.0764,O,,,,-0.22945,-1.2570,0.6226
1791265013.0774,O,,,,-0.23342,-1.2531,0.6216
1791265013.0783,O,,,,-0.23606,-1.2490,0.6207
1791265013.0290,R,A,,-68,,,
1791265013.0296,R,C,,-69,,,
1791265013.0761,R,B,,-67,,,
1791265013.0793,O,,,,-0.23871,-1.2449,0.6197
1791265013.0798,R,A,,-68,,,
1791265013.0805,R,C,,-69,,,
1791265013.1169,R,B,,-71,,,
1791265013.1561,O,,,,-0.24003,-1.2410,0.6187
1791265013.1571,O,,,,-0.24268,-1.2369,0.6177
1791265013.1580,O,,,,-0.24533,-1.2328,0.6167
1791265013.1587,O,,,,-0.24798,-1.2292,0.6158
1791265013.1297,R,A,,-77,,,
1791265013.1305,R,C,,-68,,,
1791265013.1599,R,B,,-70,,,
1791265013.2262,O,,,,-0.24930,-1.2253,0.6148
1791265013.2271,O,,,,-0.25195,-1.2212,0.6138
1791265013.2279,O,,,,-0.25459,-1.2171,0.6127
1791265013.1799,R,A,,-74,,,
1791265013.1807,R,C,,-64,,,
1791265013.2033,R,C,,-59,,,
1791265013.2045,R,A,,-76,,,
1791265013.2254,R,B,,-66,,,
1791265013.2518,R,B,,-75,,,
1791265013.2524,R,C,,-71,,,
1791265013.2524,R,A,,-77,,,
1791265013.3012,O,,,,-0.25724,-1.2130,0.6116
1791265013.3020,O,,,,-0.25989,-1.2089,0.6105
1791265013.3030,O,,,,-0.26254,-1.2048,0.6094
1791265013.3038,O,,,,-0.26386,-1.2010,0.6084
1791265013.2915,R,C,,-69,,,
1791265013.2919,R,B,,-65,,,
1791265013.3301,R,A,,-70,,,
1791265013.3370,R,C,,-64,,,
1791265013.3373,R,B,,-72,,,
1791265013.3373,R,A,,-69,,,
1791265013.3812,O,,,,-0.26651,-1.1969,0.6073
1791265013.3821,O,,,,-0.26915,-1.1928,0.6062
1791265013.3829,O,,,,-0.27313,-1.1890,0.6051
1791265013.3836,O,,,,-0.27445,-1.1847,0.6039
1791265013.3927,R,B,,-79,,,
1791265013.4640,O,,,,-0.27710,-1.1811,0.6029
1791265013.4651,O,,,,-0.27974,-1.1770,0.6017
1791265013.4658,O,,,,-0.28107,-1.1732,0.6006
1791265013.4666,O,,,,-0.28372,-1.1692,0.5994
1791265013.4759,R,A,,-72,,,
1791265013.4798,R,C,,-69,,,
1791265013.5188,R,A,,-68,,,
1791265013.5189,R,C,,-59,,,
1791265013.5261,R,B,,-74,,,
1791265013.5364,O,,,,-0.28636,-1.1651,0.5983
1791265013.5373,O,,,,-0.28901,-1.1610,0.5971
1791265013.5381,O,,,,-0.29166,-1.1570,0.5958
1791265013.5389,O,,,,-0.29298,-1.1532,0.5947
1791265013.5760,R,B,,-70,,,
1791265013.6170,O,,,,-0.29563,-1.1491,0.5935
1791265013.6184,O,,,,-0.29828,-1.1451,0.5922
1791265013.6192,O,,,,-0.30092,-1.1415,0.5911
1791265013.6200,O,,,,-0.30357,-1.1375,0.5899
1791265013.5797,R,A,,-65,,,
1791265013.6044,R,A,,-73,,,
1791265013.6545,R,B,,-80,,,
1791265013.6546,R,C,,-66,,,
1791265013.6552,R,A,,-68,,,
1791265013.6869,O,,,,-0.30622,-1.1334,0.5886
1791265013.6896,O,,,,-0.30754,-1.1297,0.5874
1791265013.6904,O,,,,-0.31019,-1.1256,0.5861
1791265013.6888,R,B,,-78,,,
1791265013.7012,R,C,,-65,,,
1791265013.7017,R,A,,-68,,,
1791265013.7617,O,,,,-0.31284,-1.1216,0.5848
1791265013.7626,O,,,,-0.31548,-1.1181,0.5837
1791265013.7635,O,,,,-0.31813,-1.1140,0.5824
1791265013.7643,O,,,,-0.32078,-1.1100,0.5810
1791265013.7396,R,A,,-72,,,
1791265013.7761,R,B,,-66,,,
1791265013.7799,R,C,,-63,,,
1791265013.8169,R,B,,-85,,,
1791265013.8412,O,,,,-0.32342,-1.1060,0.5797
1791265013.8420,O,,,,-0.32475,-1.1022,0.5784
1791265013.8429,O,,,,-0.32740,-1.0982,0.5771
1791265013.8437,O,,,,-0.33004,-1.0942,0.5757
1791265013.8283,R,A,,-71,,,
1791265013.8306,R,C,,-65,,,
1791265013.9278,O,,,,-0.33269,-1.0902,0.5743
1791265013.9288,O,,,,-0.33401,-1.0865,0.5730
1791265013.8799,R,A,,-75,,,
1791265013.8804,R,C,,-78,,,
1791265013.9151,R,B,,-69,,,
1791265013.9160,R,A,,-67,,,
1791265013.9298,O,,,,-0.33799,-1.0827,0.5717
1791265013.9306,O,,,,-0.34063,-1.0787,0.5703
1791265013.9708,R,B,,-72,,,
1791265013.9709,R,C,,-72,,,
1791265013.9711,R,A,,-80,,,
1791265013.9966,O,,,,-0.34196,-1.0750,0.5690
1791265013.9978,O,,,,-0.34460,-1.0710,0.5675
1791265013.9986,O,,,,-0.34725,-1.0670,0.5661
1791265013.9993,O,,,,-0.34990,-1.0630,0.5647
1791265014.0019,R,C,,-79,,,
1791265014.0087,R,A,,-68,,,
1791265014.0215,R,B,,-78,,,
1791265014.0769,O,,,,-0.35122,-1.0593,0.5633
1791265014.0778,O,,,,-0.35387,-1.0553,0.5618
1791265014.0787,O,,,,-0.35519,-1.0516,0.5605
1791265014.0487,R,C,,-67,,,
1791265014.0489,R,A,,-68,,,
1791265014.0503,R,B,,-68,,,
1791265014.0796,O,,,,-0.35784,-1.0476,0.5590
1791265014.1256,R,B,,-80,,,
1791265014.1468,O,,,,-0.35916,-1.0439,0.5576
1791265014.1477,O,,,,-0.36049,-1.0402,0.5562
1791265014.1485,O,,,,-0.36049,-1.0362,0.5547
1791265014.1299,R,C,,-69,,,
1791265014.1304,R,A,,-73,,,
1791265014.1392,R,B,,-71,,,
1791265014.2217,O,,,,-0.36313,-1.0323,0.5532
1791265014.2227,O,,,,-0.36578,-1.0283,0.5517
1791265014.2236,O,,,,-0.36711,-1.0246,0.5503
1791265014.2244,O,,,,-0.36711,-1.0206,0.5487
1791265014.1801,R,A,,-69,,,
1791265014.1805,R,C,,-67,,,
1791265014.2026,R,A,,-68,,,
1791265014.2028,R,C,,-64,,,
1791265014.2029,R,B,,-68,,,
1791265014.2376,R,B,,-84,,,
1791265014.3011,O,,,,-0.36843,-1.0169,0.5473
1791265014.3020,O,,,,-0.36975,-1.0132,0.5459
1791265014.3028,O,,,,-0.36975,-1.0093,0.5443
1791265014.3035,O,,,,-0.36975,-1.0053,0.5428
1791265014.2853,R,B,,-69,,,
1791265014.3201,R,B,,-68,,,
1791265014.3203,R,C,,-66,,,
1791265014.3298,R,A,,-67,,,
1791265014.3615,R,B,,-70,,,
1791265014.3617,R,C,,-69,,,
1791265014.3618,R,A,,-72,,,
1791265014.3811,O,,,,-0.37108,-1.0016,0.5414
1791265014.3819,O,,,,-0.37108,-0.9977,0.5398
1791265014.3828,O,,,,-0.37108,-0.9937,0.5383
1791265014.3836,O,,,,-0.37108,-0.9898,0.5368
1791265014.4255,R,B,,-70,,,
1791265014.4643,O,,,,-0.37240,-0.9861,0.5353
1791265014.4653,O,,,,-0.37240,-0.9821,0.5338
1791265014.4660,O,,,,-0.37108,-0.9784,0.5323
1791265014.4668,O,,,,-0.37108,-0.9745,0.5308
1791265014.4297,R,A,,-77,,,
1791265014.4300,R,C,,-68,,,
1791265014.4519,R,C,,-73,,,
1791265014.4532,R,B,,-83,,,
1791265014.4547,R,A,,-67,,,
1791265014.5048,R,B,,-68,,,
1791265014.5205,R,C,,-69,,,
1791265014.5364,O,,,,-0.37240,-0.9708,0.5294
1791265014.5374,O,,,,-0.37240,-0.9668,0.5278
1791265014.5383,O,,,,-0.37108,-0.9631,0.5264
1791265014.5391,O,,,,-0.37108,-0.9592,0.5248
1791265014.5299,R,A,,-69,,,
1791265014.5445,R,B,,-69,,,
1791265014.5447,R,C,,-62,,,
1791265014.5449,R,A,,-80,,,
1791265014.6113,O,,,,-0.37240,-0.9555,0.5234
1791265014.6124,O,,,,-0.37240,-0.9516,0.5219
1791265014.6132,O,,,,-0.37240,-0.9476,0.5203
1791265014.6140,O,,,,-0.37108,-0.9439,0.5189
1791265014.6053,R,C,,-66,,,
1791265014.6055,R,A,,-66,,,
1791265014.6057,R,B,,-78,,,
1791265014.6530,R,C,,-64,,,
1791265014.6531,R,B,,-72,,,
1791265014.6538,R,A,,-69,,,
1791265014.6810,O,,,,-0.37108,-0.9400,0.5173
1791265014.6819,O,,,,-0.37108,-0.9360,0.5158
1791265014.6828,O,,,,-0.37108,-0.9321,0.5143
1791265014.7221,R,B,,-65,,,
1791265014.7223,R,C,,-68,,,
1791265014.7224,R,A,,-70,,,
1791265014.7249,R,B,,-71,,,
1791265014.7250,R,C,,-68,,,
1791265014.7253,R,A,,-69,,,
1791265014.7612,O,,,,-0.37108,-0.9286,0.5129
1791265014.7621,O,,,,-0.37108,-0.9247,0.5114
1791265014.7628,O,,,,-0.37108,-0.9207,0.5099
1791265014.7636,O,,,,-0.37108,-0.9168,0.5083
1791265014.7634,R,A,,-76,,,
1791265014.7637,R,B,,-72,,,
1791265014.7637,R,C,,-64,,,
1791265014.8141,R,C,,-67,,,
1791265014.8361,O,,,,-0.37108,-0.9128,0.5068
1791265014.8373,O,,,,-0.37108,-0.9094,0.5054
1791265014.8381,O,,,,-0.37108,-0.9054,0.5039
1791265014.8389,O,,,,-0.37108,-0.9015,0.5024
1791265014.8653,R,B,,-66,,,
1791265014.8653,R,C,,-64,,,
1791265014.8661,R,A,,-72,,,
1791265014.9162,O,,,,-0.37108,-0.8975,0.5008
1791265014.9172,O,,,,-0.37108,-0.8936,0.4993
1791265014.9180,O,,,,-0.37108,-0.8901,0.4980
1791265014.9187,O,,,,-0.37108,-0.8862,0.4964
1791265014.8992,R,C,,-76,,,
1791265014.9220,R,B,,-73,,,
1791265014.9225,R,A,,-77,,,
1791265014.9714,R,C,,-76,,,
1791265014.9717,R,A,,-69,,,
1791265014.9720,R,B,,-72,,,
1791265014.9946,O,,,,-0.37108,-0.8822,0.4949
1791265014.9959,O,,,,-0.37108,-0.8783,0.4933
1791265014.9971,O,,,,-0.37108,-0.8743,0.4918
1791265014.9983,O,,,,-0.37108,-0.8709,0.4905
1791265014.9948,R,B,,-67,,,
1791265015.0716,O,,,,-0.37108,-0.8669,0.4889
1791265015.0730,O,,,,-0.37108,-0.8630,0.4874
1791265015.0742,O,,,,-0.37108,-0.8590,0.4859
1791265015.0753,O,,,,-0.37108,-0.8551,0.4843
1791265015.0647,R,B,,-68,,,
1791265015.0798,R,A,,-80,,,
1791265015.0800,R,C,,-65,,,
1791265015.0809,R,B,,-61,,,
1791265015.1411,O,,,,-0.37240,-0.8514,0.4829
1791265015.1419,O,,,,-0.37108,-0.8477,0.4814
1791265015.1427,O,,,,-0.37108,-0.8437,0.4799
1791265015.1307,R,A,,-82,,,
1791265015.1308,R,C,,-72,,,
1791265015.1715,R,B,,-67,,,
1791265015.1741,R,B,,-67,,,
1791265015.1758,R,C,,-68,,,
1791265015.2222,O,,,,-0.37108,-0.8398,0.4784
1791265015.2237,O,,,,-0.37108,-0.8359,0.4768
1791265015.2244,O,,,,-0.37108,-0.8319,0.4753
1791265015.2252,O,,,,-0.37240,-0.8282,0.4738
1791265015.1802,R,A,,-67,,,
1791265015.2126,R,C,,-73,,,
1791265015.2134,R,A,,-76,,,
1791265015.2135,R,B,,-66,,,
1791265015.2756,R,B,,-60,,,
1791265015.2960,O,,,,-0.37108,-0.8245,0.4724
1791265015.2969,O,,,,-0.37108,-0.8206,0.4709
1791265015.2977,O,,,,-0.37108,-0.8166,0.4693
1791265015.2985,O,,,,-0.37240,-0.8129,0.4679
1791265015.2798,R,A,,-72,,,
1791265015.2800,R,C,,-64,,,
1791265015.3117,R,C,,-64,,,
1791265015.3120,R,A,,-73,,,
1791265015.3121,R,B,,-66,,,
1791265015.3762,O,,,,-0.37240,-0.8090,0.4664
1791265015.3772,O,,,,-0.37108,-0.8053,0.4649
1791265015.3779,O,,,,-0.37108,-0.8013,0.4634
1791265015.3542,R,C,,-68,,,
1791265015.3628,R,B,,-71,,,
1791265015.3631,R,A,,-72,,,
1791265015.3789,O,,,,-0.37108,-0.7974,0.4618
1791265015.3989,R,B,,-64,,,
1791265015.3995,R,A,,-67,,,
1791265015.4045,R,C,,-63,,,
1791265015.4601,O,,,,-0.37240,-0.7937,0.4604
1791265015.4615,O,,,,-0.37240,-0.7897,0.4589
1791265015.4624,O,,,,-0.37372,-0.7860,0.4574
1791265015.4632,O,,,,-0.37505,-0.7823,0.4560
1791265015.4557,R,C,,-65,,,
1791265015.4733,R,B,,-65,,,
1791265015.4735,R,A,,-75,,,
1791265015.4974,R,B,,-68,,,
1791265015.4975,R,C,,-65,,,
1791265015.4977,R,A,,-68,,,
1791265015.5298,O,,,,-0.37769,-0.7784,0.4544
1791265015.5306,O,,,,-0.37769,-0.7745,0.4528
1791265015.5314,O,,,,-0.38034,-0.7705,0.4513
1791265015.5322,O,,,,-0.38299,-0.7666,0.4497
1791265015.5571,R,C,,-65,,,
1791265015.5573,R,A,,-67,,,
1791265015.5574,R,B,,-66,,,
1791265015.6118,O,,,,-0.38564,-0.7627,0.4481
1791265015.6128,O,,,,-0.38696,-0.7590,0.4466
1791265015.6136,O,,,,-0.38961,-0.7551,0.4450
1791265015.6144,O,,,,-0.39093,-0.7514,0.4435
1791265015.6009,R,C,,-63,,,
1791265015.6011,R,B,,-72,,,
1791265015.6013,R,A,,-74,,,
1791265015.6565,R,A,,-73,,,
1791265015.6733,R,B,,-73,,,
1791265015.6743,R,C,,-69,,,
1791265015.6759,R,B,,-72,,,
1791265015.6812,O,,,,-0.39358,-0.7475,0.4419
1791265015.6822,O,,,,-0.39623,-0.7436,0.4402
1791265015.6829,O,,,,-0.39755,-0.7399,0.4387
1791265015.6800,R,A,,-76,,,
1791265015.7254,R,B,,-67,,,
1791265015.7564,O,,,,-0.40020,-0.7360,0.4371
1791265015.7578,O,,,,-0.40284,-0.7321,0.4354
1791265015.7586,O,,,,-0.40549,-0.7282,0.4337
1791265015.7594,O,,,,-0.40814,-0.7248,0.4323
1791265015.7299,R,A,,-83,,,
1791265015.7305,R,C,,-75,,,
1791265015.7703,R,C,,-62,,,
1791265015.7707,R,B,,-70,,,
1791265015.8134,R,B,,-68,,,
1791265015.8136,R,A,,-72,,,
1791265015.8138,R,C,,-69,,,
1791265015.8361,O,,,,-0.41079,-0.7209,0.4306
1791265015.8372,O,,,,-0.41343,-0.7170,0.4289
1791265015.8382,O,,,,-0.41476,-0.7134,0.4273
1791265015.8390,O,,,,-0.41740,-0.7095,0.4256
1791265015.8554,R,B,,-66,,,
1791265015.9123,O,,,,-0.42138,-0.7059,0.4240
1791265015.9133,O,,,,-0.42138,-0.7020,0.4222
1791265015.9141,O,,,,-0.42535,-0.6984,0.4206
1791265015.9149,O,,,,-0.42799,-0.6946,0.4188
1791265015.9060,R,C,,-63,,,
1791265015.9195,R,B,,-67,,,
1791265015.9198,R,A,,-76,,,
1791265015.9553,R,A,,-77,,,
1791265015.9554,R,B,,-67,,,
1791265015.9933,O,,,,-0.42932,-0.6909,0.4172
1791265015.9943,O,,,,-0.42932,-0.6871,0.4154
1791265015.9951,O,,,,-0.43064,-0.6835,0.4138
1791265015.9959,O,,,,-0.43064,-0.6796,0.4120
1791265015.9800,R,C,,-81,,,
1791265016.0256,R,B,,-65,,,
1791265016.0719,O,,,,-0.43196,-0.6760,0.4104
1791265016.0728,O,,,,-0.43196,-0.6722,0.4086
1791265016.0740,O,,,,-0.43196,-0.6683,0.4068
1791265016.0748,O,,,,-0.43196,-0.6645,0.4050
1791265016.0760,R,B,,-65,,,
1791265016.0793,R,A,,-66,,,
1791265016.0797,R,C,,-67,,,
1791265016.0875,R,B,,-68,,,
1791265016.0985,R,C,,-72,,,
1791265016.0987,R,A,,-72,,,
1791265016.1412,O,,,,-0.43329,-0.6609,0.4034
1791265016.1422,O,,,,-0.43329,-0.6570,0.4016
1791265016.1429,O,,,,-0.43329,-0.6532,0.3998
1791265016.1761,R,B,,-63,,,
1791265016.2160,O,,,,-0.43461,-0.6496,0.3981
1791265016.2169,O,,,,-0.43461,-0.6458,0.3964
1791265016.2179,O,,,,-0.43461,-0.6419,0.3946
1791265016.2186,O,,,,-0.43461,-0.6385,0.3930
1791265016.1799,R,C,,-71,,,
1791265016.1893,R,C,,-69,,,
1791265016.2261,R,B,,-67,,,
1791265016.2283,R,A,,-73,,,
1791265016.2696,R,B,,-67,,,
1791265016.2722,R,B,,-67,,,
1791265016.3015,O,,,,-0.43461,-0.6347,0.3912
1791265016.3026,O,,,,-0.43461,-0.6309,0.3894
1791265016.3034,O,,,,-0.43329,-0.6273,0.3878
1791265016.3042,O,,,,-0.43329,-0.6234,0.3860
1791265016.2787,R,A,,-73,,,
1791265016.2800,R,C,,-68,,,
1791265016.3255,R,B,,-63,,,
1791265016.3712,O,,,,-0.43329,-0.6201,0.3844
1791265016.3721,O,,,,-0.43196,-0.6164,0.3828
1791265016.3729,O,,,,-0.42932,-0.6126,0.3810
1791265016.3737,O,,,,-0.42799,-0.6090,0.3794
1791265016.3291,R,C,,-70,,,
1791265016.3297,R,A,,-80,,,
1791265016.3628,R,B,,-71,,,
1791265016.3799,R,A,,-76,,,
1791265016.3802,R,C,,-70,,,
1791265016.4108,R,C,,-73,,,
1791265016.4111,R,A,,-97,,,
1791265016.4198,R,B,,-66,,,
1791265016.4510,O,,,,-0.42535,-0.6056,0.3778
1791265016.4519,O,,,,-0.42270,-0.6022,0.3763
1791265016.4527,O,,,,-0.41873,-0.5986,0.3747
1791265016.4534,O,,,,-0.41608,-0.5952,0.3732
1791265016.4613,R,C,,-73,,,
1791265016.4757,R,B,,-59,,,
1791265016.4798,R,A,,-68,,,
1791265016.5053,R,B,,-67,,,
1791265016.5311,O,,,,-0.41211,-0.5916,0.3716
1791265016.5320,O,,,,-0.40814,-0.5884,0.3702
1791265016.5328,O,,,,-0.40284,-0.5850,0.3687
1791265016.5335,O,,,,-0.39887,-0.5819,0.3674
1791265016.5300,R,C,,-67,,,
1791265016.5306,R,A,,-71,,,
1791265016.5521,R,B,,-62,,,
1791265016.5524,R,A,,-78,,,
1791265016.5569,R,C,,-67,,,
1791265016.6066,O,,,,-0.39490,-0.5787,0.3661
1791265016.6077,O,,,,-0.38828,-0.5755,0.3648
1791265016.6085,O,,,,-0.38167,-0.5723,0.3635
1791265016.6093,O,,,,-0.37637,-0.5689,0.3621
1791265016.6007,R,B,,-58,,,
1791265016.6762,O,,,,-0.37108,-0.5659,0.3609
1791265016.6771,O,,,,-0.36313,-0.5629,0.3598
1791265016.6778,O,,,,-0.35652,-0.5597,0.3586
1791265016.6299,R,A,,-69,,,
1791265016.6307,R,C,,-62,,,
1791265016.6503,R,C,,-65,,,
1791265016.6505,R,B,,-67,,,
1791265016.6507,R,A,,-69,,,
1791265016.7032,R,B,,-63,,,
1791265016.7034,R,C,,-65,,,
1791265016.7035,R,A,,-71,,,
1791265016.7566,O,,,,-0.34857,-0.5567,0.3575
1791265016.7577,O,,,,-0.34063,-0.5538,0.3564
1791265016.7586,O,,,,-0.33269,-0.5508,0.3554
1791265016.7594,O,,,,-0.32607,-0.5480,0.3544
1791265016.7465,R,B,,-56,,,
1791265016.7802,R,A,,-66,,,
1791265016.7803,R,C,,-61,,,
1791265016.8194,R,C,,-65,,,
1791265016.8195,R,B,,-65,,,
1791265016.8197,R,A,,-66,,,
1791265016.8311,O,,,,-0.31548,-0.5450,0.3534
1791265016.8320,O,,,,-0.30754,-0.5420,0.3524
1791265016.8329,O,,,,-0.29828,-0.5392,0.3516
1791265016.8337,O,,,,-0.28901,-0.5364,0.3507
1791265016.8539,R,A,,-70,,,
1791265016.8542,R,C,,-65,,,
1791265016.8543,R,B,,-62,,,
1791265016.8754,R,B,,-61,,,
1791265016.9120,O,,,,-0.27974,-0.5336,0.3499
1791265016.9134,O,,,,-0.26915,-0.5311,0.3492
1791265016.9144,O,,,,-0.25857,-0.5285,0.3485
1791265016.9152,O,,,,-0.24930,-0.5257,0.3478
1791265016.8799,R,A,,-71,,,
1791265016.8802,R,C,,-65,,,
1791265016.9178,R,C,,-61,,,
1791265016.9264,R,B,,-58,,,
1791265016.9299,R,A,,-67,,,
1791265016.9595,R,A,,-67,,,
1791265016.9761,R,B,,-63,,,
1791265016.9909,O,,,,-0.23871,-0.5231,0.3471
1791265016.9919,O,,,,-0.22812,-0.5205,0.3465
1791265016.9927,O,,,,-0.21621,-0.5182,0.3460
1791265016.9935,O,,,,-0.20827,-0.5151,0.3453
1791265016.9800,R,C,,-64,,,
1791265017.0262,R,B,,-63,,,
1791265017.0672,O,,,,-0.20165,-0.5123,0.3447
1791265017.0685,O,,,,-0.19371,-0.5091,0.3441
1791265017.0693,O,,,,-0.18841,-0.5060,0.3435
1791265017.0701,O,,,,-0.18576,-0.5024,0.3428
1791265017.0299,R,A,,-72,,,
1791265017.0305,R,C,,-66,,,
1791265017.0588,R,A,,-64,,,
1791265017.0588,R,B,,-63,,,
1791265017.0798,R,C,,-63,,,
1791265017.1097,R,C,,-63,,,
1791265017.1256,R,B,,-61,,,
1791265017.1361,O,,,,-0.18179,-0.4990,0.3422
1791265017.1370,O,,,,-0.18047,-0.4951,0.3415
1791265017.1377,O,,,,-0.17915,-0.4912,0.3408
1791265017.1300,R,A,,-64,,,
1791265017.1404,R,A,,-69,,,
1791265017.1649,R,B,,-69,,,
1791265017.1651,R,C,,-64,,,
1791265017.2162,O,,,,-0.18047,-0.4873,0.3401
1791265017.2171,O,,,,-0.18047,-0.4831,0.3393
1791265017.2178,O,,,,-0.18047,-0.4789,0.3385
1791265017.2186,O,,,,-0.18312,-0.4748,0.3378
1791265017.2070,R,B,,-62,,,
1791265017.2298,R,C,,-68,,,
1791265017.2299,R,A,,-62,,,
1791265017.2715,R,B,,-64,,,
1791265017.2911,O,,,,-0.18444,-0.4703,0.3369
1791265017.2923,O,,,,-0.18709,-0.4662,0.3362
1791265017.2931,O,,,,-0.19238,-0.4620,0.3354
1791265017.2939,O,,,,-0.19635,-0.4576,0.3345
1791265017.2797,R,C,,-63,,,
1791265017.2800,R,A,,-62,,,
1791265017.3250,R,C,,-67,,,
1791265017.3252,R,B,,-66,,,
1791265017.3716,O,,,,-0.20297,-0.4532,0.3336
1791265017.3726,O,,,,-0.20827,-0.4491,0.3327
1791265017.3735,O,,,,-0.21488,-0.4447,0.3318
1791265017.3744,O,,,,-0.22018,-0.4400,0.3308
1791265017.3299,R,A,,-68,,,
1791265017.3721,R,C,,-66,,,
1791265017.3724,R,A,,-62,,,
1791265017.3727,R,B,,-56,,,
1791265017.4195,R,C,,-62,,,
1791265017.4255,R,B,,-65,,,
1791265017.4461,O,,,,-0.22812,-0.4359,0.3298
1791265017.4470,O,,,,-0.23606,-0.4317,0.3289
1791265017.4478,O,,,,-0.24268,-0.4274,0.3278
1791265017.4489,O,,,,-0.25062,-0.4233,0.3267
1791265017.4298,R,A,,-63,,,
1791265017.4653,R,B,,-68,,,
1791265017.4661,R,A,,-69,,,
1791265017.4755,R,C,,-65,,,
1791265017.5282,O,,,,-0.25857,-0.4192,0.3257
1791265017.5255,R,B,,-58,,,
1791265017.5294,O,,,,-0.26651,-0.4156,0.3247
1791265017.5304,O,,,,-0.27445,-0.4115,0.3236
1791265017.5312,O,,,,-0.28372,-0.4077,0.3225
1791265017.5298,R,A,,-64,,,
1791265017.5300,R,C,,-67,,,
1791265017.5534,R,C,,-61,,,
1791265017.5761,R,B,,-69,,,
1791265017.6066,O,,,,-0.29166,-0.4036,0.3213
1791265017.6076,O,,,,-0.30092,-0.3998,0.3201
1791265017.6084,O,,,,-0.30886,-0.3963,0.3190
1791265017.6092,O,,,,-0.31681,-0.3923,0.3177
1791265017.5800,R,A,,-62,,,
1791265017.5939,R,B,,-69,,,
1791265017.5943,R,A,,-70,,,
1791265017.5945,R,C,,-62,,,
1791265017.6716,O,,,,-0.32607,-0.3885,0.3165
1791265017.6724,O,,,,-0.33269,-0.3847,0.3152
1791265017.6732,O,,,,-0.34196,-0.3810,0.3139
1791265017.6441,R,A,,-64,,,
1791265017.6584,R,B,,-63,,,
1791265017.6586,R,C,,-60,,,
1791265017.6904,R,C,,-61,,,
1791265017.6906,R,A,,-66,,,
1791265017.6907,R,B,,-67,,,
1791265017.7516,O,,,,-0.34857,-0.3773,0.3125
1791265017.7527,O,,,,-0.35652,-0.3733,0.3111
1791265017.7535,O,,,,-0.36313,-0.3696,0.3097
1791265017.7543,O,,,,-0.36843,-0.3656,0.3081
1791265017.7337,R,B,,-67,,,
1791265017.7672,R,A,,-71,,,
1791265017.7674,R,C,,-63,,,
1791265017.7769,R,C,,-67,,,
1791265017.8315,O,,,,-0.37505,-0.3619,0.3067
1791265017.7785,R,A,,-76,,,
1791265017.8192,R,C,,-63,,,
1791265017.8196,R,B,,-64,,,
1791265017.8199,R,A,,-80,,,
1791265017.8325,O,,,,-0.38299,-0.3580,0.3051
1791265017.8337,O,,,,-0.38828,-0.3541,0.3035
1791265017.8345,O,,,,-0.39490,-0.3504,0.3020
1791265017.8672,R,C,,-70,,,
1791265017.8675,R,B,,-61,,,
1791265017.8676,R,A,,-70,,,
1791265017.9062,O,,,,-0.40020,-0.3465,0.3004
1791265017.9072,O,,,,-0.40549,-0.3426,0.2987
1791265017.9080,O,,,,-0.41079,-0.3387,0.2970
1791265017.9088,O,,,,-0.41608,-0.3348,0.2953
1791265017.9065,R,B,,-66,,,
1791265017.9067,R,A,,-71,,,
1791265017.9069,R,C,,-71,,,
1791265017.9757,R,B,,-60,,,
1791265017.9900,O,,,,-0.42138,-0.3309,0.2936
1791265017.9909,O,,,,-0.42535,-0.3273,0.2920
1791265017.9918,O,,,,-0.43064,-0.3235,0.2902
1791265017.9928,O,,,,-0.43461,-0.3199,0.2886
1791265017.9799,R,A,,-65,,,
1791265017.9800,R,C,,-68,,,
1791265018.0050,R,C,,-68,,,
1791265018.0051,R,B,,-59,,,
1791265018.0056,R,A,,-59,,,
1791265018.0665,O,,,,-0.43858,-0.3158,0.2867
1791265018.0675,O,,,,-0.44388,-0.3120,0.2849
1791265018.0683,O,,,,-0.44917,-0.3081,0.2830
1791265018.0690,O,,,,-0.45314,-0.3046,0.2813
1791265018.0526,R,C,,-68,,,
1791265018.1026,R,B,,-60,,,
1791265018.1354,O,,,,-0.45579,-0.3008,0.2794
1791265018.1362,O,,,,-0.45976,-0.2972,0.2777
1791265018.1369,O,,,,-0.46241,-0.2934,0.2758
1791265018.1289,R,A,,-61,,,
1791265018.1301,R,C,,-67,,,
1791265018.1484,R,C,,-72,,,
1791265018.1576,R,B,,-58,,,
1791265018.1584,R,A,,-60,,,
1791265018.2117,O,,,,-0.46638,-0.2898,0.2740
1791265018.2130,O,,,,-0.46903,-0.2861,0.2721
1791265018.2138,O,,,,-0.47300,-0.2825,0.2703
1791265018.2146,O,,,,-0.47565,-0.2792,0.2686
1791265018.1995,R,C,,-71,,,
1791265018.1999,R,B,,-62,,,
1791265018.2150,R,A,,-63,,,
1791265018.2915,O,,,,-0.47829,-0.2759,0.2669
1791265018.2929,O,,,,-0.48094,-0.2727,0.2652
1791265018.2939,O,,,,-0.48226,-0.2691,0.2634
1791265018.2948,O,,,,-0.48491,-0.2659,0.2616
1791265018.2800,R,A,,-68,,,
1791265018.2806,R,C,,-68,,,
1791265018.3216,R,B,,-59,,,
1791265018.3661,O,,,,-0.48623,-0.2628,0.2600
1791265018.3670,O,,,,-0.48623,-0.2595,0.2583
1791265018.3679,O,,,,-0.48756,-0.2565,0.2567
1791265018.3687,O,,,,-0.48888,-0.2534,0.2551
1791265018.3300,R,B,,-61,,,
1791265018.3791,R,A,,-69,,,
1791265018.3807,R,C,,-75,,,
1791265018.4213,R,B,,-58,,,
1791265018.4265,R,C,,-62,,,
1791265018.4464,O,,,,-0.48756,-0.2504,0.2535
1791265018.4474,O,,,,-0.48756,-0.2476,0.2520
1791265018.4482,O,,,,-0.48888,-0.2446,0.2504
1791265018.4490,O,,,,-0.48756,-0.2420,0.2490
1791265018.4298,R,A,,-62,,,
1791265018.4709,R,C,,-73,,,
1791265018.4711,R,B,,-64,,,
1791265018.5218,O,,,,-0.48888,-0.2394,0.2476
1791265018.5228,O,,,,-0.49021,-0.2369,0.2463
1791265018.5236,O,,,,-0.49021,-0.2340,0.2448
1791265018.5244,O,,,,-0.49021,-0.2317,0.2435
1791265018.4800,R,A,,-58,,,
1791265018.5255,R,B,,-60,,,
1791265018.5297,R,C,,-68,,,
1791265018.5300,R,A,,-59,,,
1791265018.5911,O,,,,-0.49285,-0.2294,0.2423
1791265018.5925,O,,,,-0.49418,-0.2273,0.2411
1791265018.5933,O,,,,-0.49550,-0.2247,0.2398
1791265018.5940,O,,,,-0.49815,-0.2229,0.2387
1791265018.6024,R,C,,-69,,,
1791265018.6266,R,B,,-59,,,
1791265018.6268,R,A,,-55,,,
1791265018.6737,O,,,,-0.49947,-0.2208,0.2376
1791265018.6747,O,,,,-0.50212,-0.2189,0.2366
1791265018.6754,O,,,,-0.50609,-0.2168,0.2354
1791265018.6413,R,C,,-64,,,
1791265018.6416,R,A,,-56,,,
1791265018.6417,R,B,,-56,,,
1791265018.7255,R,B,,-57,,,
1791265018.7514,O,,,,-0.50874,-0.2150,0.2344
1791265018.7523,O,,,,-0.51271,-0.2134,0.2335
1791265018.7531,O,,,,-0.51668,-0.2117,0.2326
1791265018.7538,O,,,,-0.52197,-0.2099,0.2315
1791265018.7300,R,A,,-61,,,
1791265018.7302,R,C,,-73,,,
1791265018.7378,R,B,,-61,,,
1791265018.7382,R,C,,-64,,,
1791265018.7799,R,A,,-57,,,
1791265018.7848,R,B,,-66,,,
1791265018.8053,R,C,,-65,,,
1791265018.8247,R,A,,-60,,,
1791265018.8256,R,B,,-74,,,
1791265018.8258,R,C,,-64,,,
1791265018.8327,O,,,,-0.52727,-0.2085,0.2307
1791265018.8336,O,,,,-0.53389,-0.2069,0.2298
1791265018.8345,O,,,,-0.54050,-0.2053,0.2289
1791265018.8352,O,,,,-0.54712,-0.2037,0.2279
1791265018.8285,R,A,,-61,,,
1791265018.8748,R,A,,-60,,,
1791265018.8761,R,B,,-62,,,
1791265018.9068,O,,,,-0.55374,-0.2022,0.2269
1791265018.9080,O,,,,-0.56036,-0.2006,0.2260
1791265018.9088,O,,,,-0.56698,-0.1990,0.2250
1791265018.9096,O,,,,-0.57492,-0.1972,0.2238
1791265018.8802,R,C,,-66,,,
1791265018.9215,R,C,,-69,,,
1791265018.9262,R,B,,-68,,,
1791265018.9303,R,A,,-60,,,
1791265018.9660,R,B,,-69,,,
1791265018.9675,R,A,,-63,,,
1791265018.9746,R,C,,-66,,,
1791265018.9812,O,,,,-0.58286,-0.1959,0.2229
1791265018.9822,O,,,,-0.58948,-0.1944,0.2219
1791265018.9829,O,,,,-0.59875,-0.1928,0.2209
1791265018.9836,O,,,,-0.60536,-0.1913,0.2198
1791265019.0256,R,B,,-65,,,
1791265019.0610,O,,,,-0.61331,-0.1900,0.2189
1791265019.0620,O,,,,-0.62125,-0.1887,0.2180
1791265019.0628,O,,,,-0.63051,-0.1872,0.2169
1791265019.0635,O,,,,-0.63846,-0.1859,0.2160
1791265019.0299,R,A,,-63,,,
1791265019.0302,R,C,,-65,,,
1791265019.0574,R,B,,-70,,,
1791265019.0576,R,A,,-58,,,
1791265019.0806,R,C,,-86,,,
1791265019.1311,O,,,,-0.64772,-0.1845,0.2149
1791265019.1319,O,,,,-0.65566,-0.1832,0.2139
1791265019.1327,O,,,,-0.66360,-0.1819,0.2129
1791265019.1498,R,A,,-62,,,
1791265019.1524,R,C,,-62,,,
1791265019.1527,R,B,,-63,,,
1791265019.2071,O,,,,-0.67287,-0.1805,0.2118
1791265019.2082,O,,,,-0.68081,-0.1792,0.2108
1791265019.2090,O,,,,-0.68875,-0.1780,0.2098
1791265019.2098,O,,,,-0.69670,-0.1768,0.2088
1791265019.2004,R,A,,-62,,,
1791265019.2192,R,C,,-67,,,
1791265019.2259,R,B,,-77,,,
1791265019.2388,R,C,,-71,,,
1791265019.2389,R,A,,-62,,,
1791265019.2533,R,B,,-62,,,
1791265019.2864,O,,,,-0.70464,-0.1756,0.2077
1791265019.2874,O,,,,-0.71390,-0.1742,0.2065
1791265019.2881,O,,,,-0.72185,-0.1730,0.2055
1791265019.2889,O,,,,-0.73244,-0.1718,0.2044
1791265019.3257,R,B,,-73,,,
1791265019.3658,O,,,,-0.74170,-0.1708,0.2035
1791265019.3671,O,,,,-0.75229,-0.1700,0.2028
1791265019.3678,O,,,,-0.76420,-0.1691,0.2019
1791265019.3686,O,,,,-0.77612,-0.1685,0.2014
1791265019.3299,R,A,,-58,,,
1791265019.3409,R,C,,-66,,,
1791265019.3559,R,B,,-70,,,
1791265019.3568,R,A,,-56,,,
1791265019.3807,R,C,,-63,,,
1791265019.3852,R,B,,-71,,,
1791265019.4413,O,,,,-0.79068,-0.1679,0.2008
1791265019.4421,O,,,,-0.80391,-0.1676,0.2004
1791265019.4430,O,,,,-0.81847,-0.1674,0.2002
1791265019.4488,O,,,,-0.83436,-0.1670,0.1998
1791265019.4286,R,C,,-72,,,
1791265019.4287,R,A,,-60,,,
1791265019.4740,R,A,,-60,,,
1791265019.4755,R,B,,-64,,,
1791265019.5212,O,,,,-0.84892,-0.1668,0.1996
1791265019.5220,O,,,,-0.86480,-0.1668,0.1996
1791265019.5228,O,,,,-0.88068,-0.1665,0.1992
1791265019.5235,O,,,,-0.89657,-0.1665,0.1992
1791265019.5160,R,C,,-74,,,
1791265019.5165,R,B,,-63,,,
1791265019.5166,R,A,,-59,,,
1791265019.5631,R,A,,-65,,,
1791265019.5713,R,B,,-74,,,
1791265019.5714,R,C,,-81,,,
1791265019.5913,O,,,,-0.91245,-0.1665,0.1992
1791265019.5925,O,,,,-0.92966,-0.1663,0.1990
1791265019.5936,O,,,,-0.94554,-0.1663,0.1990
1791265019.6067,R,B,,-60,,,
1791265019.6664,O,,,,-0.96010,-0.1662,0.1988
1791265019.6676,O,,,,-0.97599,-0.1662,0.1988
1791265019.6685,O,,,,-0.99320,-0.1663,0.1990
1791265019.6693,O,,,,-1.01040,-0.1662,0.1988
1791265019.6302,R,C,,-83,,,
1791265019.6302,R,A,,-63,,,
1791265019.6640,R,C,,-68,,,
1791265019.6641,R,B,,-69,,,
1791265019.6642,R,A,,-65,,,
1791265019.6988,R,B,,-65,,,
1791265019.6991,R,A,,-63,,,
1791265019.7041,R,C,,-67,,,
1791265019.7462,O,,,,-1.02629,-0.1662,0.1988
1791265019.7470,O,,,,-1.04217,-0.1662,0.1988
1791265019.7478,O,,,,-1.05805,-0.1662,0.1988
1791265019.7485,O,,,,-1.07526,-0.1661,0.1986
1791265019.7428,R,B,,-60,,,
1791265019.7639,R,A,,-62,,,
1791265019.7800,R,C,,-73,,,
1791265019.7855,R,C,,-65,,,
1791265019.7857,R,A,,-62,,,
1791265019.7858,R,B,,-63,,,
1791265019.8326,O,,,,-1.09247,-0.1662,0.1988
1791265019.8335,O,,,,-1.10835,-0.1662,0.1988
1791265019.8344,O,,,,-1.12424,-0.1662,0.1988
1791265019.8362,O,,,,-1.14145,-0.1661,0.1986
1791265019.8303,R,C,,-70,,,
1791265019.8304,R,A,,-58,,,
1791265019.8702,R,C,,-69,,,
1791265019.8703,R,B,,-66,,,
1791265019.8705,R,A,,-65,,,
1791265019.9005,O,,,,-1.15865,-0.1662,0.1988
1791265019.9015,O,,,,-1.17454,-0.1662,0.1988
1791265019.9023,O,,,,-1.19174,-0.1661,0.1986
1791265019.9030,O,,,,-1.20895,-0.1662,0.1988
1791265019.9110,R,C,,-66,,,
1791265019.9112,R,B,,-67,,,
1791265019.9120,R,A,,-60,,,
1791265019.9717,R,B,,-77,,,
1791265019.9767,R,C,,-70,,,
1791265019.9810,O,,,,-1.22484,-0.1662,0.1988
1791265019.9820,O,,,,-1.24072,-0.1662,0.1988
1791265019.9828,O,,,,-1.25925,-0.1662,0.1988
1791265019.9836,O,,,,-1.27513,-0.1662,0.1988
1791265019.9802,R,A,,-59,,,
1791265020.0073,R,A,,-61,,,
1791265020.0076,R,B,,-68,,,
1791265020.0142,R,C,,-72,,,
1791265020.0570,O,,,,-1.29102,-0.1662,0.1988
1791265020.0580,O,,,,-1.30823,-0.1663,0.1991
1791265020.0587,O,,,,-1.32411,-0.1663,0.1991
1791265020.0595,O,,,,-1.34264,-0.1663,0.1991
1791265020.0522,R,A,,-66,,,
1791265020.0525,R,B,,-60,,,
1791265020.0526,R,C,,-66,,,
1791265020.1269,O,,,,-1.35853,-0.1663,0.1991
1791265020.1277,O,,,,-1.37441,-0.1663,0.1991
1791265020.1285,O,,,,-1.39029,-0.1663,0.1991
1791265020.0923,R,B,,-61,,,
1791265020.1009,R,C,,-74,,,
1791265020.1020,R,A,,-71,,,
1791265020.1535,R,A,,-68,,,
1791265020.1732,R,B,,-63,,,
1791265020.2067,O,,,,-1.40750,-0.1662,0.1988
1791265020.2076,O,,,,-1.42471,-0.1662,0.1991
1791265020.2084,O,,,,-1.44059,-0.1662,0.1991
1791265020.2092,O,,,,-1.45912,-0.1662,0.1991
1791265020.1801,R,C,,-71,,,
1791265020.2242,R,B,,-69,,,
1791265020.2254,R,C,,-66,,,
1791265020.2256,R,A,,-69,,,
1791265020.2267,R,B,,-62,,,
1791265020.2689,R,C,,-64,,,
1791265020.2757,R,B,,-64,,,
1791265020.2864,O,,,,-1.47501,-0.1662,0.1991
1791265020.2874,O,,,,-1.49089,-0.1662,0.1991
1791265020.2882,O,,,,-1.50810,-0.1663,0.1993
1791265020.2890,O,,,,-1.52398,-0.1663,0.1993
1791265020.2800,R,A,,-65,,,
1791265020.3149,R,B,,-71,,,
1791265020.3151,R,C,,-67,,,
1791265020.3158,R,A,,-69,,,
1791265020.3616,O,,,,-1.54119,-0.1663,0.1991
1791265020.3628,O,,,,-1.55707,-0.1663,0.1991
1791265020.3636,O,,,,-1.57428,-0.1663,0.1993
1791265020.3643,O,,,,-1.59149,-0.1663,0.1991
1791265020.3755,R,B,,-71,,,
1791265020.3801,R,C,,-70,,,
1791265020.3803,R,A,,-70,,,
1791265020.4186,R,B,,-74,,,
1791265020.4186,R,C,,-61,,,
1791265020.4188,R,A,,-68,,,
1791265020.4412,O,,,,-1.60737,-0.1663,0.1991
1791265020.4420,O,,,,-1.62458,-0.1663,0.1993
1791265020.4428,O,,,,-1.64046,-0.1663,0.1993
1791265020.4436,O,,,,-1.65767,-0.1663,0.1991
1791265020.4650,R,A,,-79,,,
1791265020.4652,R,C,,-68,,,
1791265020.4654,R,B,,-63,,,
1791265020.5173,O,,,,-1.67356,-0.1663,0.1991
1791265020.5183,O,,,,-1.69076,-0.1662,0.1993
1791265020.5192,O,,,,-1.70665,-0.1662,0.1993
1791265020.5199,O,,,,-1.72385,-0.1663,0.1991
1791265020.5187,R,B,,-59,,,
1791265020.5188,R,C,,-69,,,
1791265020.5189,R,A,,-65,,,
1791265020.5246,R,C,,-70,,,
1791265020.5248,R,B,,-60,,,
1791265020.5307,R,A,,-68,,,
1791265020.5679,R,B,,-69,,,
1791265020.5681,R,A,,-67,,,
1791265020.5861,O,,,,-1.74106,-0.1662,0.1993
1791265020.5869,O,,,,-1.75695,-0.1662,0.1993
1791265020.5877,O,,,,-1.77283,-0.1662,0.1993
1791265020.5800,R,C,,-62,,,
1791265020.6112,R,B,,-80,,,
1791265020.6114,R,C,,-66,,,
1791265020.6193,R,A,,-65,,,
1791265020.6672,O,,,,-1.79136,-0.1662,0.1993
1791265020.6682,O,,,,-1.80725,-0.1662,0.1993
1791265020.6690,O,,,,-1.82313,-0.1662,0.1993
1791265020.6697,O,,,,-1.84166,-0.1662,0.1993
1791265020.6757,R,B,,-65,,,
1791265020.6789,R,C,,-84,,,
1791265020.6800,R,A,,-67,,,
1791265020.6995,R,B,,-55,,,
1791265020.7002,R,A,,-70,,,
1791265020.7255,R,C,,-72,,,
1791265020.7415,O,,,,-1.85754,-0.1662,0.1993
1791265020.7424,O,,,,-1.87343,-0.1662,0.1993
1791265020.7433,O,,,,-1.89064,-0.1663,0.1991
1791265020.7441,O,,,,-1.90784,-0.1662,0.1993
1791265020.7521,R,C,,-76,,,
1791265020.7579,R,B,,-63,,,
1791265020.7760,R,A,,-64,,,
1791265020.8214,O,,,,-1.92373,-0.1662,0.1993
1791265020.8224,O,,,,-1.93961,-0.1662,0.1993
1791265020.8237,O,,,,-1.95814,-0.1662,0.1993
1791265020.8244,O,,,,-1.97403,-0.1662,0.1993
1791265020.7885,R,C,,-67,,,
1791265020.7887,R,B,,-65,,,
1791265020.7888,R,A,,-70,,,
1791265020.8346,R,B,,-65,,,
1791265020.8444,R,C,,-69,,,
1791265020.8449,R,A,,-65,,,
1791265020.8983,O,,,,-1.98991,-0.1662,0.1993
1791265020.8994,O,,,,-2.00712,-0.1663,0.1991
1791265020.9002,O,,,,-2.02433,-0.1662,0.1993
1791265020.9009,O,,,,-2.04021,-0.1662,0.1993
1791265020.8817,R,B,,-61,,,
1791265020.9765,O,,,,-2.05609,-0.1662,0.1993
1791265020.9779,O,,,,-2.07462,-0.1662,0.1993
1791265020.9787,O,,,,-2.09051,-0.1662,0.1993
1791265020.9304,R,B,,-49,,,
1791265020.9307,R,A,,-67,,,
1791265020.9307,R,C,,-64,,,
1791265020.9797,O,,,,-2.10639,-0.1662,0.1993
1791265020.9802,R,A,,-81,,,
1791265020.9807,R,C,,-61,,,
1791265021.0235,R,B,,-52,,,
1791265021.0564,O,,,,-2.12492,-0.1662,0.1993
1791265021.0573,O,,,,-2.14081,-0.1662,0.1993
1791265021.0581,O,,,,-2.15669,-0.1662,0.1993
1791265021.0588,O,,,,-2.17522,-0.1662,0.1993
1791265021.0306,R,C,,-60,,,
1791265021.0691,R,C,,-62,,,
1791265021.0693,R,A,,-69,,,
1791265021.0725,R,B,,-57,,,
1791265021.1264,O,,,,-2.19111,-0.1662,0.1993
1791265021.1274,O,,,,-2.20699,-0.1662,0.1993
1791265021.1281,O,,,,-2.22287,-0.1662,0.1993
1791265021.1196,R,B,,-50,,,
1791265021.1199,R,A,,-68,,,
1791265021.1302,R,C,,-64,,,
1791265021.1603,R,C,,-64,,,
1791265021.1607,R,A,,-76,,,
1791265021.1643,R,B,,-58,,,
1791265021.2015,O,,,,-2.24140,-0.1662,0.1993
1791265021.2023,O,,,,-2.25729,-0.1662,0.1993
1791265021.2031,O,,,,-2.27450,-0.1664,0.1991
1791265021.2038,O,,,,-2.29170,-0.1662,0.1993
1791265021.2071,R,B,,-52,,,
1791265021.2140,R,C,,-69,,,
1791265021.2301,R,A,,-83,,,
1791265021.2572,R,B,,-51,,,
1791265021.2684,R,C,,-69,,,
1791265021.2685,R,A,,-68,,,
1791265021.2810,O,,,,-2.30759,-0.1662,0.1993
1791265021.2819,O,,,,-2.32347,-0.1662,0.1993
1791265021.2828,O,,,,-2.34068,-0.1664,0.1991
1791265021.2836,O,,,,-2.35789,-0.1662,0.1993
1791265021.3040,R,C,,-71,,,
1791265021.3041,R,B,,-49,,,
1791265021.3725,O,,,,-2.37377,-0.1662,0.1993
1791265021.3734,O,,,,-2.38965,-0.1662,0.1993
1791265021.3741,O,,,,-2.40686,-0.1664,0.1991
1791265021.3749,O,,,,-2.42407,-0.1662,0.1993
1791265021.3309,R,A,,-63,,,
1791265021.3480,R,A,,-67,,,
1791265021.3506,R,B,,-50,,,
1791265021.3507,R,C,,-72,,,
1791265021.3899,R,B,,-48,,,
1791265021.3902,R,A,,-64,,,
1791265021.3903,R,C,,-67,,,
1791265021.4362,O,,,,-2.43995,-0.1662,0.1993
1791265021.4371,O,,,,-2.45716,-0.1664,0.1992
1791265021.4379,O,,,,-2.47304,-0.1664,0.1992
1791265021.4386,O,,,,-2.49025,-0.1662,0.1993
1791265021.4391,R,C,,-62,,,
1791265021.4402,R,B,,-55,,,
1791265021.4583,R,A,,-61,,,
1791265021.5161,O,,,,-2.50614,-0.1662,0.1993
1791265021.5170,O,,,,-2.52334,-0.1664,0.1992
1791265021.5178,O,,,,-2.54055,-0.1662,0.1993
1791265021.5186,O,,,,-2.55644,-0.1662,0.1993
1791265021.4822,R,B,,-56,,,
1791265021.5303,R,A,,-74,,,
1791265021.5305,R,C,,-65,,,
1791265021.5695,R,B,,-57,,,
1791265021.5753,R,C,,-68,,,
1791265021.5761,R,B,,-54,,,
1791265021.5870,O,,,,-2.57232,-0.1662,0.1993
1791265021.5879,O,,,,-2.58953,-0.1664,0.1992
1791265021.5887,O,,,,-2.60673,-0.1662,0.1993
1791265021.5801,R,A,,-66,,,
1791265021.6180,R,C,,-80,,,
1791265021.6183,R,B,,-51,,,
1791265021.6618,O,,,,-2.62262,-0.1662,0.1993
1791265021.6627,O,,,,-2.63983,-0.1664,0.1992
1791265021.6635,O,,,,-2.65703,-0.1662,0.1993
1791265021.6642,O,,,,-2.67424,-0.1664,0.1992
1791265021.6309,R,A,,-61,,,
1791265021.6658,R,C,,-69,,,
1791265021.6660,R,B,,-57,,,
1791265021.6668,R,A,,-69,,,
1791265021.7160,R,C,,-66,,,
1791265021.7256,R,B,,-56,,,
1791265021.7414,O,,,,-2.69012,-0.1664,0.1992
1791265021.7425,O,,,,-2.70733,-0.1662,0.1993
1791265021.7434,O,,,,-2.72322,-0.1662,0.1993
1791265021.7441,O,,,,-2.73910,-0.1662,0.1993
1791265021.7301,R,A,,-65,,,
1791265021.7632,R,B,,-58,,,
1791265021.7747,R,C,,-69,,,
1791265021.7749,R,A,,-65,,,
1791265021.8215,O,,,,-2.75631,-0.1664,0.1992
1791265021.8226,O,,,,-2.77219,-0.1664,0.1992
1791265021.8240,O,,,,-2.78675,-0.1662,0.1993
1791265021.8247,O,,,,-2.80264,-0.1662,0.1993
1791265021.8080,R,B,,-66,,,
1791265021.8118,R,C,,-83,,,
1791265021.8301,R,A,,-67,,,
1791265021.8757,R,B,,-62,,,
1791265021.8995,O,,,,-2.81587,-0.1662,0.1993
1791265021.9005,O,,,,-2.83043,-0.1659,0.1994
1791265021.9013,O,,,,-2.84367,-0.1659,0.1994
1791265021.9020,O,,,,-2.85823,-0.1662,0.1993
1791265021.8788,R,C,,-87,,,
1791265021.8801,R,A,,-77,,,
1791265021.8973,R,B,,-65,,,
1791265021.9169,R,C,,-74,,,
1791265021.9774,O,,,,-2.87147,-0.1662,0.1993
1791265021.9783,O,,,,-2.88470,-0.1662,0.1993
1791265021.9304,R,A,,-64,,,
1791265021.9389,R,B,,-62,,,
1791265021.9548,R,A,,-71,,,
1791265021.9551,R,C,,-66,,,
1791265021.9793,O,,,,-2.89926,-0.1659,0.1994
1791265021.9800,O,,,,-2.91250,-0.1659,0.1994
1791265021.9864,R,B,,-56,,,
1791265021.9879,R,C,,-69,,,
1791265021.9881,R,A,,-64,,,
1791265022.0513,O,,,,-2.92838,-0.1659,0.1994
1791265022.0523,O,,,,-2.94294,-0.1662,0.1993
1791265022.0535,O,,,,-2.95883,-0.1662,0.1993
1791265022.0544,O,,,,-2.97471,-0.1662,0.1993
1791265022.0301,R,C,,-69,,,
1791265022.0354,R,B,,-58,,,
1791265022.0717,R,A,,-66,,,
1791265022.0721,R,B,,-66,,,
1791265022.1214,O,,,,-2.99060,-0.1662,0.1993
1791265022.1225,O,,,,-3.00780,-0.1659,0.1993
1791265022.1233,O,,,,-3.02501,-0.1662,0.1993
1791265022.0807,R,C,,-72,,,
1791265022.1128,R,B,,-68,,,
1791265022.1147,R,A,,-66,,,
1791265022.1174,R,C,,-74,,,
1791265022.1580,R,A,,-66,,,
1791265022.1757,R,B,,-61,,,
1791265022.2011,O,,,,-3.04089,-0.1662,0.1993
1791265022.2019,O,,,,-3.05678,-0.1662,0.1993
1791265022.2026,O,,,,-3.07266,-0.1662,0.1993
1791265022.2036,O,,,,-3.08855,-0.1662,0.1993
1791265022.1980,R,A,,-62,,,
1791265022.1996,R,C,,-67,,,
1791265022.1996,R,B,,-58,,,
1791265022.2660,R,C,,-68,,,
1791265022.2756,R,B,,-62,,,
1791265022.2810,O,,,,-3.10708,-0.1662,0.1993
1791265022.2819,O,,,,-3.12296,-0.1662,0.1993
1791265022.2827,O,,,,-3.13884,-0.1662,0.1993
1791265022.2835,O,,,,3.12978,-0.1665,0.1993
1791265022.2808,R,A,,-66,,,
1791265022.2954,R,C,,-65,,,
1791265022.2956,R,B,,-59,,,
1791265022.3179,R,A,,-62,,,
1791265022.3565,O,,,,3.11257,-0.1667,0.1993
1791265022.3576,O,,,,3.09801,-0.1670,0.1993
1791265022.3584,O,,,,3.08213,-0.1675,0.1994
1791265022.3592,O,,,,3.06757,-0.1678,0.1994
1791265022.3394,R,B,,-76,,,
1791265022.3625,R,A,,-66,,,
1791265022.4005,R,B,,-68,,,
1791265022.4260,R,C,,-65,,,
1791265022.4261,R,A,,-72,,,
1791265022.4262,R,B,,-66,,,
1791265022.4359,O,,,,3.05301,-0.1686,0.1994
1791265022.4373,O,,,,3.03845,-0.1694,0.1995
1791265022.4382,O,,,,3.02389,-0.1702,0.1996
1791265022.4391,O,,,,3.01065,-0.1707,0.1997
1791265022.5177,O,,,,2.99741,-0.1717,0.1998
1791265022.5187,O,,,,2.98418,-0.1728,0.2000
1791265022.5196,O,,,,2.97226,-0.1736,0.2001
1791265022.5203,O,,,,2.96168,-0.1746,0.2003
1791265022.5221,R,C,,-64,,,
1791265022.5229,R,A,,-67,,,
1791265022.5263,R,B,,-59,,,
1791265022.5615,R,C,,-63,,,
1791265022.5761,R,B,,-61,,,
1791265022.5856,O,,,,2.95241,-0.1754,0.2004
1791265022.5865,O,,,,2.94182,-0.1764,0.2006
1791265022.5872,O,,,,2.93388,-0.1775,0.2008
1791265022.5803,R,A,,-61,,,
1791265022.6156,R,C,,-63,,,
1791265022.6159,R,A,,-61,,,
1791265022.6160,R,B,,-59,,,
1791265022.6612,O,,,,2.92329,-0.1785,0.2011
1791265022.6623,O,,,,2.91402,-0.1798,0.2014
1791265022.6632,O,,,,2.90608,-0.1808,0.2016
1791265022.6639,O,,,,2.89946,-0.1821,0.2019
1791265022.6757,R,B,,-58,,,
1791265022.6801,R,C,,-62,,,
1791265022.6802,R,A,,-64,,,
1791265022.6975,R,B,,-83,,,
1791265022.6979,R,C,,-63,,,
1791265022.7153,R,A,,-64,,,
1791265022.7361,O,,,,2.89020,-0.1834,0.2022
1791265022.7369,O,,,,2.88226,-0.1849,0.2026
1791265022.7377,O,,,,2.87431,-0.1860,0.2029
1791265022.7384,O,,,,2.86505,-0.1877,0.2034
1791265022.7520,R,C,,-62,,,
1791265022.7523,R,A,,-63,,,
1791265022.7755,R,B,,-59,,,
1791265022.8166,O,,,,2.85578,-0.1890,0.2038
1791265022.8178,O,,,,2.84784,-0.1905,0.2042
1791265022.8190,O,,,,2.84122,-0.1918,0.2046
1791265022.8201,O,,,,2.83460,-0.1931,0.2050
1791265022.8115,R,C,,-64,,,
1791265022.8119,R,B,,-62,,,
1791265022.8259,R,A,,-57,,,
1791265022.8430,R,B,,-66,,,
1791265022.8432,R,C,,-61,,,
1791265022.8627,R,A,,-63,,,
1791265022.8987,O,,,,2.82666,-0.1946,0.2055
1791265022.9000,O,,,,2.82137,-0.1956,0.2058
1791265022.9012,O,,,,2.81475,-0.1968,0.2063
1791265022.9024,O,,,,2.80946,-0.1978,0.2066
1791265022.8904,R,B,,-60,,,
1791265022.9066,R,C,,-67,,,
1791265022.9068,R,A,,-70,,,
1791265022.9713,O,,,,2.80416,-0.1988,0.2070
1791265022.9723,O,,,,2.80019,-0.1996,0.2072
1791265022.9732,O,,,,2.79754,-0.2006,0.2076
1791265022.9740,O,,,,2.79622,-0.2013,0.2078
1791265022.9758,R,B,,-68,,,
1791265022.9787,R,C,,-66,,,
1791265022.9796,R,A,,-77,,,
1791265022.9813,R,C,,-69,,,
1791265022.9823,R,A,,-66,,,
1791265023.0225,R,A,,-73,,,
1791265023.0252,R,B,,-99,,,
1791265023.0512,O,,,,2.79489,-0.2021,0.2081
1791265023.0521,O,,,,2.79622,-0.2028,0.2084
1791265023.0529,O,,,,2.79754,-0.2036,0.2086
1791265023.0536,O,,,,2.80019,-0.2046,0.2090
1791265023.0302,R,C,,-74,,,
1791265023.0698,R,A,,-67,,,
1791265023.0763,R,B,,-61,,,
1791265023.1215,O,,,,2.80548,-0.2056,0.2094
1791265023.1226,O,,,,2.80946,-0.2063,0.2096
1791265023.1234,O,,,,2.81475,-0.2073,0.2100
1791265023.0808,R,C,,-69,,,
1791265023.1263,R,B,,-61,,,
1791265023.1301,R,A,,-76,,,
1791265023.1306,R,C,,-66,,,
1791265023.1558,R,C,,-68,,,
1791265023.1762,R,B,,-63,,,
1791265023.1963,O,,,,2.82004,-0.2083,0.2103
1791265023.1974,O,,,,2.82534,-0.2093,0.2106
1791265023.1981,O,,,,2.83196,-0.2106,0.2110
1791265023.1989,O,,,,2.83725,-0.2116,0.2114
1791265023.1802,R,A,,-68,,,
1791265023.2262,R,B,,-60,,,
1791265023.2768,O,,,,2.84387,-0.2129,0.2117
1791265023.2778,O,,,,2.85049,-0.2141,0.2121
1791265023.2785,O,,,,2.85843,-0.2151,0.2124
1791265023.2293,R,A,,-67,,,
1791265023.2302,R,C,,-69,,,
1791265023.2470,R,C,,-63,,,
1791265023.2481,R,A,,-60,,,
1791265023.2763,R,B,,-61,,,
1791265023.2795,O,,,,2.86770,-0.2164,0.2128
1791265023.3199,R,C,,-64,,,
1791265023.3202,R,A,,-63,,,
1791265023.3203,R,B,,-64,,,
1791265023.3566,O,,,,2.87829,-0.2169,0.2129
1791265023.3576,O,,,,2.88887,-0.2180,0.2132
1791265023.3583,O,,,,2.90211,-0.2185,0.2133
1791265023.3591,O,,,,2.91402,-0.2187,0.2134
1791265023.3542,R,B,,-56,,,
1791265023.3719,R,C,,-82,,,
1791265023.3722,R,A,,-59,,,
1791265023.3757,R,B,,-60,,,
1791265023.4266,R,B,,-57,,,
1791265023.4368,O,,,,2.92726,-0.2192,0.2135
1791265023.4385,O,,,,2.94182,-0.2195,0.2136
1791265023.4394,O,,,,2.95638,-0.2198,0.2136
1791265023.4403,O,,,,2.96829,-0.2200,0.2137
1791265023.4294,R,C,,-75,,,
1791265023.4311,R,A,,-61,,,
1791265023.4617,R,B,,-59,,,
1791265023.4619,R,C,,-61,,,
1791265023.4714,R,A,,-62,,,
1791265023.5119,O,,,,2.98153,-0.2205,0.2138
1791265023.5130,O,,,,2.99477,-0.2211,0.2138
1791265023.5138,O,,,,3.00933,-0.2213,0.2139
1791265023.5146,O,,,,3.02256,-0.2213,0.2139
1791265023.5256,R,B,,-56,,,
1791265023.5303,R,C,,-69,,,
1791265023.5303,R,A,,-60,,,
1791265023.5542,R,C,,-73,,,
1791265023.5579,R,B,,-64,,,
1791265023.5581,R,A,,-66,,,
1791265023.5814,O,,,,3.03712,-0.2216,0.2139
1791265023.5823,O,,,,3.05036,-0.2221,0.2140
1791265023.5831,O,,,,3.06624,-0.2221,0.2140
1791265023.6256,R,B,,-64,,,
1791265023.6563,O,,,,3.08080,-0.2224,0.2140
1791265023.6579,O,,,,3.09537,-0.2221,0.2140
1791265023.6591,O,,,,3.10993,-0.2224,0.2140
1791265023.6602,O,,,,3.12449,-0.2226,0.2140
1791265023.6302,R,C,,-64,,,
1791265023.6303,R,A,,-60,,,
1791265023.6584,R,B,,-62,,,
1791265023.6589,R,A,,-60,,,
1791265023.6806,R,C,,-81,,,
1791265023.6950,R,C,,-67,,,
1791265023.7002,R,B,,-66,,,
1791265023.7005,R,A,,-64,,,
1791265023.7362,O,,,,3.13772,-0.2232,0.2140
1791265023.7371,O,,,,-3.13090,-0.2234,0.2140
1791265023.7378,O,,,,-3.11899,-0.2237,0.2140
1791265023.7386,O,,,,-3.10708,-0.2240,0.2140
1791265023.7625,R,C,,-66,,,
1791265023.7626,R,B,,-63,,,
1791265023.7628,R,A,,-69,,,
1791265023.8113,O,,,,-3.09384,-0.2245,0.2139
1791265023.8124,O,,,,-3.08325,-0.2250,0.2139
1791265023.8132,O,,,,-3.07266,-0.2256,0.2139
1791265023.8140,O,,,,-3.06207,-0.2261,0.2138
1791265023.7802,R,C,,-67,,,
1791265023.7804,R,A,,-64,,,
1791265023.8223,R,B,,-66,,,
1791265023.8225,R,A,,-67,,,
1791265023.8232,R,C,,-71,,,
1791265023.8653,R,C,,-70,,,
1791265023.8667,R,B,,-73,,,
1791265023.8676,R,A,,-77,,,
1791265023.8913,O,,,,-3.05281,-0.2269,0.2138
1791265023.8921,O,,,,-3.04354,-0.2277,0.2137
1791265023.8930,O,,,,-3.03428,-0.2285,0.2136
1791265023.8967,O,,,,-3.02633,-0.2290,0.2136
1791265023.9109,R,C,,-68,,,
1791265023.9111,R,B,,-68,,,
1791265023.9714,O,,,,-3.01839,-0.2300,0.2134
1791265023.9722,O,,,,-3.01045,-0.2311,0.2133
1791265023.9730,O,,,,-3.00383,-0.2319,0.2132
1791265023.9737,O,,,,-2.99589,-0.2329,0.2130
1791265023.9305,R,A,,-68,,,
1791265023.9540,R,C,,-71,,,
1791265023.9542,R,A,,-67,,,
1791265023.9544,R,B,,-62,,,
1791265024.0061,R,C,,-75,,,
1791265024.0233,R,B,,-60,,,
1791265024.0235,R,A,,-67,,,
1791265024.0413,O,,,,-2.98927,-0.2337,0.2129
1791265024.0421,O,,,,-2.98398,-0.2347,0.2128
1791265024.0429,O,,,,-2.97603,-0.2358,0.2126
1791265024.0505,R,B,,-63,,,
1791265024.0508,R,C,,-65,,,
1791265024.0511,R,A,,-63,,,
1791265024.1193,O,,,,-2.97074,-0.2368,0.2124
1791265024.1201,O,,,,-2.96545,-0.2379,0.2122
1791265024.1209,O,,,,-2.96147,-0.2387,0.2121
1791265024.1217,O,,,,-2.95618,-0.2397,0.2119
1791265024.0930,R,C,,-67,,,
1791265024.0933,R,B,,-60,,,
1791265024.0948,R,A,,-60,,,
1791265024.1510,R,B,,-58,,,
1791265024.1743,R,C,,-68,,,
1791265024.1749,R,A,,-58,,,
1791265024.1756,R,B,,-52,,,
1791265024.1769,R,C,,-66,,,
1791265024.1771,R,A,,-58,,,
1791265024.2035,O,,,,-2.95089,-0.2407,0.2117
1791265024.2043,O,,,,-2.94691,-0.2415,0.2115
1791265024.2051,O,,,,-2.94294,-0.2423,0.2114
1791265024.2058,O,,,,-2.93897,-0.2431,0.2112
1791265024.2145,R,C,,-68,,,
1791265024.2262,R,B,,-57,,,
1791265024.2711,O,,,,-2.93500,-0.2439,0.2111
1791265024.2724,O,,,,-2.93235,-0.2449,0.2109
1791265024.2737,O,,,,-2.93235,-0.2459,0.2106
1791265024.2748,O,,,,-2.93633,-0.2477,0.2103
1791265024.2293,R,A,,-77,,,
1791265024.2564,R,C,,-68,,,
1791265024.2592,R,B,,-58,,,
1791265024.2608,R,A,,-64,,,
1791265024.3197,R,B,,-64,,,
1791265024.3513,O,,,,-2.94427,-0.2498,0.2098
1791265024.3523,O,,,,-2.95353,-0.2522,0.2094
1791265024.3531,O,,,,-2.96545,-0.2545,0.2089
1791265024.3539,O,,,,-2.97736,-0.2574,0.2085
1791265024.3303,R,C,,-67,,,
1791265024.3304,R,A,,-58,,,
1791265024.3416,R,C,,-70,,,
1791265024.3419,R,A,,-60,,,
1791265024.3421,R,B,,-58,,,
1791265024.3860,R,B,,-57,,,
1791265024.4231,R,A,,-60,,,
1791265024.4310,O,,,,-2.99060,-0.2600,0.2080
1791265024.4319,O,,,,-3.00383,-0.2631,0.2076
1791265024.4327,O,,,,-3.01839,-0.2660,0.2072
1791265024.4335,O,,,,-3.03295,-0.2689,0.2069
1791265024.4302,R,C,,-66,,,
1791265024.4355,R,B,,-58,,,
1791265024.4374,R,C,,-63,,,
1791265024.5061,O,,,,-3.04751,-0.2718,0.2066
1791265024.5070,O,,,,-3.06207,-0.2747,0.2063
1791265024.5078,O,,,,-3.07928,-0.2776,0.2061
1791265024.5086,O,,,,-3.09516,-0.2803,0.2060
1791265024.4783,R,A,,-64,,,
1791265024.4805,R,A,,-62,,,
1791265024.4806,R,C,,-62,,,
1791265024.5184,R,A,,-67,,,
1791265024.5263,R,B,,-58,,,
1791265024.5772,O,,,,-3.11105,-0.2829,0.2059
1791265024.5783,O,,,,-3.12826,-0.2853,0.2058
1791265024.5298,R,C,,-70,,,
1791265024.5764,R,B,,-60,,,
1791265024.5793,O,,,,3.13772,-0.2877,0.2058
1791265024.5803,R,A,,-63,,,
1791265024.5804,R,C,,-68,,,
1791265024.6024,R,C,,-64,,,
1791265024.6026,R,B,,-64,,,
1791265024.6028,R,A,,-67,,,
1791265024.6545,O,,,,3.12051,-0.2906,0.2058
1791265024.6555,O,,,,3.10198,-0.2932,0.2059
1791265024.6564,O,,,,3.08478,-0.2956,0.2060
1791265024.6572,O,,,,3.06492,-0.2985,0.2062
1791265024.6441,R,A,,-73,,,
1791265024.6443,R,C,,-69,,,
1791265024.6537,R,B,,-61,,,
1791265024.7027,R,A,,-74,,,
1791265024.7029,R,B,,-58,,,
1791265024.7312,O,,,,3.04639,-0.3011,0.2065
1791265024.7322,O,,,,3.02786,-0.3038,0.2067
1791265024.7330,O,,,,3.00800,-0.3067,0.2071
1791265024.7338,O,,,,2.98815,-0.3096,0.2075
1791265024.7619,R,C,,-70,,,
1791265024.7756,R,B,,-64,,,
1791265024.8110,O,,,,2.96829,-0.3124,0.2080
1791265024.8120,O,,,,2.94976,-0.3155,0.2086
1791265024.8128,O,,,,2.92991,-0.3184,0.2091
1791265024.8136,O,,,,2.91005,-0.3218,0.2099
1791265024.7801,R,A,,-63,,,
1791265024.7992,R,B,,-64,,,
1791265024.8080,R,C,,-65,,,
1791265024.8083,R,A,,-66,,,
1791265024.8288,R,C,,-62,,,
1791265024.8297,R,A,,-65,,,
1791265024.8624,R,B,,-66,,,
1791265024.8911,O,,,,2.88887,-0.3248,0.2107
1791265024.8921,O,,,,2.86902,-0.3282,0.2116
1791265024.8929,O,,,,2.84916,-0.3315,0.2125
1791265024.8937,O,,,,2.82799,-0.3350,0.2136
1791265024.8796,R,C,,-58,,,
1791265024.8804,R,A,,-60,,,
1791265024.9112,R,B,,-66,,,
1791265024.9203,R,A,,-62,,,
1791265024.9204,R,B,,-68,,,
1791265024.9663,O,,,,2.80813,-0.3383,0.2147
1791265024.9680,O,,,,2.78695,-0.3418,0.2160
1791265024.9692,O,,,,2.76710,-0.3455,0.2174
1791265024.9702,O,,,,2.74724,-0.3487,0.2187
1791265024.9301,R,C,,-58,,,
1791265024.9611,R,B,,-78,,,
1791265024.9613,R,C,,-60,,,
1791265024.9715,R,A,,-67,,,
1791265025.0034,R,B,,-72,,,
1791265025.0145,R,C,,-73,,,
1791265025.0271,R,A,,-74,,,
1791265025.0362,O,,,,2.72739,-0.3523,0.2202
1791265025.0373,O,,,,2.70886,-0.3557,0.2218
1791265025.0381,O,,,,2.68900,-0.3588,0.2232
1791265025.0608,R,B,,-70,,,
1791265025.0611,R,C,,-72,,,
1791265025.0613,R,A,,-63,,,
1791265025.1167,O,,,,2.67047,-0.3621,0.2249
1791265025.1179,O,,,,2.65326,-0.3652,0.2265
1791265025.1186,O,,,,2.63606,-0.3687,0.2284
1791265025.1194,O,,,,2.61885,-0.3717,0.2301
1791265025.0936,R,C,,-62,,,
1791265025.0938,R,B,,-76,,,
1791265025.1156,R,A,,-64,,,
1791265025.1355,R,B,,-78,,,
1791265025.1713,R,C,,-67,,,
1791265025.1745,R,A,,-64,,,
1791265025.1756,R,B,,-84,,,
1791265025.1771,R,A,,-64,,,
1791265025.1913,O,,,,2.60429,-0.3751,0.2321
1791265025.1923,O,,,,2.58973,-0.3780,0.2338
1791265025.1931,O,,,,2.57649,-0.3812,0.2358
1791265025.1938,O,,,,2.56590,-0.3843,0.2378
1791265025.1801,R,C,,-75,,,
1791265025.2263,R,B,,-89,,,
1791265025.2714,O,,,,2.55531,-0.3878,0.2401
1791265025.2722,O,,,,2.54605,-0.3907,0.2420
1791265025.2730,O,,,,2.53811,-0.3942,0.2444
1791265025.2738,O,,,,2.53149,-0.3974,0.2467
1791265025.2294,R,A,,-70,,,
1791265025.2298,R,C,,-65,,,
1791265025.2687,R,B,,-70,,,
1791265025.2708,R,C,,-68,,,
1791265025.2802,R,A,,-76,,,
1791265025.3256,R,B,,-68,,,
1791265025.3472,O,,,,2.52487,-0.4007,0.2490
1791265025.3481,O,,,,2.51957,-0.4041,0.2514
1791265025.3488,O,,,,2.51560,-0.4074,0.2538
1791265025.3496,O,,,,2.51296,-0.4108,0.2563
1791265025.3303,R,C,,-67,,,
1791265025.3303,R,A,,-83,,,
1791265025.3612,R,B,,-74,,,
1791265025.3614,R,A,,-71,,,
1791265025.3619,R,C,,-63,,,
1791265025.4262,O,,,,2.51031,-0.4142,0.2587
1791265025.4271,O,,,,2.50766,-0.4176,0.2613
1791265025.4279,O,,,,2.50766,-0.4210,0.2638
1791265025.4023,R,A,,-65,,,
1791265025.4026,R,B,,-70,,,
1791265025.4290,O,,,,2.50766,-0.4245,0.2663
1791265025.4301,R,C,,-85,,,
1791265025.4486,R,C,,-70,,,
1791265025.4487,R,B,,-67,,,
1791265025.5062,O,,,,2.51031,-0.4279,0.2688
1791265025.5072,O,,,,2.51163,-0.4315,0.2714
1791265025.5082,O,,,,2.51560,-0.4352,0.2741
1791265025.5089,O,,,,2.51825,-0.4386,0.2766
1791265025.5161,R,C,,-75,,,
1791265025.5175,R,B,,-69,,,
1791265025.5763,O,,,,2.52222,-0.4422,0.2792
1791265025.5777,O,,,,2.52619,-0.4459,0.2818
1791265025.5785,O,,,,2.53281,-0.4496,0.2844
1791265025.5305,R,A,,-72,,,
1791265025.5409,R,C,,-73,,,
1791265025.5411,R,A,,-75,,,
1791265025.5420,R,B,,-69,,,
1791265025.6109,R,C,,-75,,,
1791265025.6590,O,,,,2.53811,-0.4531,0.2868
1791265025.6600,O,,,,2.54472,-0.4568,0.2893
1791265025.6612,O,,,,2.55267,-0.4603,0.2917
1791265025.6620,O,,,,2.55928,-0.4641,0.2942
1791265025.6344,R,B,,-76,,,
1791265025.6517,R,C,,-75,,,
1791265025.6519,R,A,,-66,,,
1791265025.7283,O,,,,2.56855,-0.4674,0.2963
1791265025.7293,O,,,,2.57649,-0.4710,0.2986
1791265025.6831,R,B,,-68,,,
1791265025.7248,R,B,,-70,,,
1791265025.7252,R,A,,-64,,,
1791265025.7302,O,,,,2.58443,-0.4745,0.3009
1791265025.7310,O,,,,2.59370,-0.4779,0.3030
1791265025.7302,R,C,,-72,,,
1791265025.7734,R,B,,-65,,,
1791265025.8065,O,,,,2.60296,-0.4813,0.3050
1791265025.8076,O,,,,2.61223,-0.4847,0.3070
1791265025.8084,O,,,,2.62150,-0.4882,0.3090
1791265025.8094,O,,,,2.63208,-0.4914,0.3108
1791265025.7802,R,A,,-59,,,
1791265025.7808,R,C,,-61,,,
1791265025.8167,R,C,,-67,,,
1791265025.8169,R,B,,-77,,,
1791265025.8303,R,A,,-60,,,
1791265025.8614,R,B,,-71,,,
1791265025.8616,R,C,,-65,,,
1791265025.8617,R,A,,-65,,,
1791265025.8864,O,,,,2.64003,-0.4946,0.3126
1791265025.8875,O,,,,2.65062,-0.4979,0.3144
1791265025.8883,O,,,,2.65856,-0.5007,0.3159
1791265025.8891,O,,,,2.66782,-0.5038,0.3175
1791265025.9257,R,B,,-69,,,
1791265025.9662,O,,,,2.67444,-0.5068,0.3190
1791265025.9675,O,,,,2.68238,-0.5097,0.3205
1791265025.9683,O,,,,2.68900,-0.5123,0.3217
1791265025.9691,O,,,,2.69562,-0.5149,0.3230
1791265025.9302,R,C,,-65,,,
1791265025.9309,R,A,,-70,,,
1791265025.9718,R,C,,-71,,,
1791265025.9724,R,A,,-72,,,
1791265025.9725,R,B,,-77,,,
1791265025.9890,R,C,,-68,,,
1791265025.9894,R,B,,-76,,,
1791265026.0011,R,A,,-69,,,
1791265026.0328,O,,,,2.70224,-0.5175,0.3243
1791265026.0337,O,,,,2.70621,-0.5202,0.3255
1791265026.0345,O,,,,2.71150,-0.5226,0.3266
1791265026.0296,R,A,,-75,,,
1791265026.0301,R,C,,-69,,,
1791265026.0709,R,B,,-79,,,
1791265026.0756,R,B,,-70,,,
1791265026.0766,R,C,,-66,,,
1791265026.1115,O,,,,2.71548,-0.5248,0.3276
1791265026.1124,O,,,,2.71945,-0.5269,0.3286
1791265026.1132,O,,,,2.72342,-0.5291,0.3295
1791265026.1140,O,,,,2.72739,-0.5308,0.3303
1791265026.0784,R,A,,-90,,,
1791265026.1237,R,C,,-64,,,
1791265026.1240,R,B,,-69,,,
1791265026.1304,R,A,,-64,,,
1791265026.1704,R,C,,-69,,,
1791265026.1753,R,B,,-74,,,
1791265026.1755,R,A,,-67,,,
1791265026.1915,O,,,,2.73004,-0.5327,0.3311
1791265026.1925,O,,,,2.73268,-0.5347,0.3320
1791265026.1934,O,,,,2.73533,-0.5361,0.3326
1791265026.1943,O,,,,2.73798,-0.5376,0.3332
1791265026.2118,R,B,,-73,,,
1791265026.2119,R,A,,-64,,,
1791265026.2668,O,,,,2.73930,-0.5388,0.3338
1791265026.2678,O,,,,2.73930,-0.5403,0.3344
1791265026.2686,O,,,,2.74062,-0.5415,0.3349
1791265026.2693,O,,,,2.74327,-0.5425,0.3353
1791265026.2293,R,C,,-73,,,
1791265026.2757,R,B,,-71,,,
1791265026.2803,R,A,,-64,,,
1791265026.2808,R,C,,-73,,,
1791265026.2961,R,B,,-70,,,
1791265026.2963,R,C,,-81,,,
1791265026.3466,O,,,,2.74327,-0.5434,0.3357
1791265026.3481,O,,,,2.74327,-0.5444,0.3361
1791265026.3490,O,,,,2.74327,-0.5449,0.3363
1791265026.3499,O,,,,2.74327,-0.5459,0.3367
1791265026.3303,R,A,,-67,,,
1791265026.3384,R,B,,-66,,,
1791265026.3510,R,C,,-67,,,
1791265026.3525,R,A,,-62,,,
1791265026.3802,R,C,,-69,,,
1791265026.3806,R,A,,-60,,,
1791265026.4327,O,,,,2.74327,-0.5464,0.3369
1791265026.4337,O,,,,2.74327,-0.5469,0.3372
1791265026.4343,O,,,,2.74460,-0.5471,0.3373
1791265026.4351,O,,,,2.74327,-0.5473,0.3374
1791265026.4284,R,A,,-61,,,
1791265026.4286,R,C,,-64,,,
1791265026.4666,R,C,,-66,,,
1791265026.4757,R,B,,-67,,,
1791265026.5023,O,,,,2.74327,-0.5478,0.3376
1791265026.5036,O,,,,2.74195,-0.5481,0.3377
1791265026.5047,O,,,,2.74062,-0.5483,0.3378
1791265026.5059,O,,,,2.73930,-0.5486,0.3379
1791265026.4785,R,A,,-62,,,
1791265026.5262,R,B,,-60,,,
1791265026.5714,O,,,,2.73665,-0.5491,0.3381
1791265026.5724,O,,,,2.73533,-0.5493,0.3382
1791265026.5733,O,,,,2.73268,-0.5498,0.3384
1791265026.5303,R,C,,-68,,,
1791265026.5307,R,A,,-61,,,
1791265026.5763,R,B,,-63,,,
1791265026.5803,R,A,,-65,,,
1791265026.5809,R,C,,-69,,,
1791265026.6041,R,C,,-68,,,
1791265026.6263,R,B,,-63,,,
1791265026.6269,R,A,,-64,,,
1791265026.6515,O,,,,2.72871,-0.5500,0.3385
1791265026.6526,O,,,,2.72606,-0.5505,0.3387
1791265026.6534,O,,,,2.72342,-0.5510,0.3389
1791265026.6542,O,,,,2.71945,-0.5512,0.3390
1791265026.6762,R,B,,-63,,,
1791265026.7318,O,,,,2.71548,-0.5515,0.3391
1791265026.6802,R,C,,-68,,,
1791265026.6804,R,A,,-60,,,
1791265026.7044,R,C,,-73,,,
1791265026.7046,R,B,,-65,,,
1791265026.7328,O,,,,2.71150,-0.5517,0.3393
1791265026.7336,O,,,,2.70621,-0.5517,0.3393
1791265026.7343,O,,,,2.70224,-0.5520,0.3394
1791265026.7309,R,A,,-57,,,
1791265026.7449,R,B,,-68,,,
1791265026.7452,R,C,,-66,,,
1791265026.7673,R,A,,-56,,,
1791265026.8064,O,,,,2.69694,-0.5520,0.3394
1791265026.8074,O,,,,2.69297,-0.5522,0.3395
1791265026.8083,O,,,,2.68635,-0.5524,0.3396
1791265026.8091,O,,,,2.67841,-0.5524,0.3396
1791265026.8094,R,B,,-68,,,
1791265026.8095,R,C,,-63,,,
1791265026.8097,R,A,,-55,,,
1791265026.8285,R,C,,-63,,,
1791265026.8287,R,A,,-57,,,
1791265026.8372,R,B,,-72,,,
1791265026.8735,R,C,,-73,,,
1791265026.8736,R,B,,-68,,,
1791265026.8813,O,,,,2.67179,-0.5527,0.3397
1791265026.8825,O,,,,2.66253,-0.5529,0.3398
1791265026.8834,O,,,,2.65459,-0.5529,0.3398
1791265026.8842,O,,,,2.64400,-0.5529,0.3398
1791265026.8802,R,A,,-62,,,
1791265026.9181,R,C,,-63,,,
1791265026.9256,R,B,,-63,,,
1791265026.9645,O,,,,2.63473,-0.5531,0.3400
1791265026.9656,O,,,,2.62282,-0.5534,0.3401
1791265026.9664,O,,,,2.61091,-0.5531,0.3400
1791265026.9672,O,,,,2.59899,-0.5534,0.3401
1791265026.9310,R,A,,-60,,,
1791265026.9678,R,C,,-56,,,
1791265026.9695,R,B,,-58,,,
1791265026.9701,R,A,,-56,,,
1791265027.0114,R,C,,-61,,,
1791265027.0119,R,B,,-61,,,
1791265027.0132,R,A,,-63,,,
1791265027.0316,O,,,,2.58443,-0.5536,0.3402
1791265027.0325,O,,,,2.56987,-0.5534,0.3401
1791265027.0333,O,,,,2.55531,-0.5536,0.3402
1791265027.0588,R,A,,-61,,,
1791265027.0718,R,B,,-66,,,
1791265027.0728,R,C,,-63,,,
1791265027.1121,O,,,,2.54075,-0.5534,0.3401
1791265027.1130,O,,,,2.52487,-0.5534,0.3401
1791265027.1138,O,,,,2.50898,-0.5534,0.3401
1791265027.1145,O,,,,2.49310,-0.5534,0.3401
1791265027.1081,R,A,,-64,,,
1791265027.1082,R,B,,-64,,,
1791265027.1167,R,C,,-64,,,
1791265027.1757,R,B,,-64,,,
1791265027.1861,O,,,,2.47589,-0.5536,0.3403
1791265027.1870,O,,,,2.46001,-0.5536,0.3403
1791265027.1878,O,,,,2.44413,-0.5536,0.3403
1791265027.1885,O,,,,2.42824,-0.5536,0.3403
1791265027.1802,R,C,,-66,,,
1791265027.1810,R,A,,-68,,,
1791265027.1920,R,B,,-65,,,
1791265027.1946,R,C,,-74,,,
1791265027.1951,R,A,,-66,,,
1791265027.2661,O,,,,2.41236,-0.5536,0.3403
1791265027.2671,O,,,,2.39515,-0.5534,0.3401
1791265027.2680,O,,,,2.37927,-0.5534,0.3401
1791265027.2688,O,,,,2.36206,-0.5536,0.3403
1791265027.2756,R,B,,-67,,,
1791265027.2794,R,A,,-65,,,
1791265027.2801,R,C,,-65,,,
1791265027.2832,R,B,,-67,,,
1791265027.3416,O,,,,2.34617,-0.5536,0.3403
1791265027.3426,O,,,,2.32897,-0.5534,0.3401
1791265027.3435,O,,,,2.31308,-0.5534,0.3401
1791265027.3442,O,,,,2.29720,-0.5534,0.3401
1791265027.3309,R,C,,-79,,,
1791265027.3394,R,B,,-68,,,
1791265027.3712,R,A,,-65,,,
1791265027.3758,R,B,,-68,,,
1791265027.4214,O,,,,2.27867,-0.5534,0.3401
1791265027.4224,O,,,,2.26278,-0.5534,0.3401
1791265027.4237,O,,,,2.24690,-0.5534,0.3401
1791265027.4245,O,,,,2.22837,-0.5534,0.3401
1791265027.3807,R,C,,-68,,,
1791265027.4308,R,C,,-65,,,
1791265027.4310,R,A,,-61,,,
1791265027.4706,R,B,,-73,,,
1791265027.4711,R,C,,-70,,,
1791265027.4713,R,A,,-63,,,
1791265027.5003,O,,,,2.21249,-0.5534,0.3401
1791265027.5015,O,,,,2.19660,-0.5534,0.3401
1791265027.5022,O,,,,2.17939,-0.5535,0.3403
1791265027.5029,O,,,,2.16219,-0.5534,0.3401
1791265027.5173,R,A,,-61,,,
1791265027.5176,R,B,,-73,,,
1791265027.5247,R,C,,-69,,,
1791265027.5667,O,,,,2.14630,-0.5534,0.3401
1791265027.5677,O,,,,2.13042,-0.5534,0.3401
1791265027.5685,O,,,,2.11189,-0.5534,0.3401
1791265027.5602,R,C,,-70,,,
1791265027.5757,R,B,,-70,,,
1791265027.5759,R,A,,-61,,,
1791265027.6039,R,C,,-68,,,
1791265027.6043,R,B,,-63,,,
1791265027.6044,R,A,,-58,,,
1791265027.6468,O,,,,2.09600,-0.5534,0.3401
1791265027.6477,O,,,,2.08012,-0.5534,0.3401
1791265027.6486,O,,,,2.06159,-0.5534,0.3401
1791265027.6494,O,,,,2.04570,-0.5534,0.3401
1791265027.6452,R,A,,-63,,,
1791265027.6746,R,B,,-64,,,
1791265027.7267,O,,,,2.02982,-0.5534,0.3401
1791265027.7277,O,,,,2.01129,-0.5534,0.3401
1791265027.7286,O,,,,1.99541,-0.5534,0.3401
1791265027.6803,R,C,,-70,,,
1791265027.7296,O,,,,1.97952,-0.5534,0.3401
1791265027.7354,R,B,,-89,,,
1791265027.7392,R,C,,-65,,,
1791265027.8013,O,,,,1.96099,-0.5534,0.3401
1791265027.8025,O,,,,1.94511,-0.5534,0.3401
1791265027.8033,O,,,,1.92922,-0.5534,0.3401
1791265027.8042,O,,,,1.91334,-0.5534,0.3401
1791265027.7783,R,A,,-67,,,
1791265027.7796,R,A,,-68,,,
1791265027.7802,R,C,,-62,,,
1791265027.8260,R,B,,-58,,,
1791265027.8289,R,A,,-62,,,
1791265027.8290,R,C,,-99,,,
1791265027.8696,R,B,,-55,,,
1791265027.8812,O,,,,1.89481,-0.5534,0.3401
1791265027.8825,O,,,,1.87892,-0.5534,0.3401
1791265027.8835,O,,,,1.86172,-0.5533,0.3398
1791265027.8843,O,,,,1.84451,-0.5534,0.3401
1791265027.8803,R,C,,-70,,,
1791265027.8804,R,A,,-72,,,
1791265027.9159,R,B,,-62,,,
1791265027.9163,R,C,,-63,,,
1791265027.9668,O,,,,1.82862,-0.5534,0.3401
1791265027.9677,O,,,,1.81274,-0.5534,0.3401
1791265027.9685,O,,,,1.79553,-0.5535,0.3403
1791265027.9693,O,,,,1.77833,-0.5534,0.3401
1791265027.9304,R,A,,-65,,,
1791265027.9762,R,B,,-62,,,
1791265027.9802,R,C,,-69,,,
1791265027.9806,R,A,,-67,,,
1791265028.0011,R,C,,-64,,,
1791265028.0266,R,B,,-62,,,
1791265028.0293,O,,,,1.76244,-0.5534,0.3401
1791265028.0301,O,,,,1.74656,-0.5534,0.3401
1791265028.0308,O,,,,1.72803,-0.5534,0.3401
1791265028.0304,R,A,,-58,,,
1791265028.0512,R,B,,-62,,,
1791265028.0514,R,A,,-55,,,
1791265028.0518,R,C,,-61,,,
1791265028.1066,O,,,,1.71214,-0.5534,0.3401
1791265028.1080,O,,,,1.69494,-0.5534,0.3403
1791265028.1088,O,,,,1.67773,-0.5534,0.3401
1791265028.1095,O,,,,1.66184,-0.5534,0.3401
1791265028.0920,R,B,,-62,,,
1791265028.0994,R,C,,-64,,,
1791265028.1303,R,A,,-54,,,
1791265028.1548,R,B,,-64,,,
1791265028.1865,O,,,,1.64596,-0.5534,0.3401
1791265028.1875,O,,,,1.62743,-0.5534,0.3401
1791265028.1883,O,,,,1.61154,-0.5534,0.3401
1791265028.1890,O,,,,1.59566,-0.5534,0.3401
1791265028.2259,R,B,,-65,,,
1791265028.2613,O,,,,1.57845,-0.5534,0.3403
1791265028.2623,O,,,,1.56125,-0.5534,0.3401
1791265028.2631,O,,,,1.54536,-0.5534,0.3401
1791265028.2639,O,,,,1.52815,-0.5534,0.3403
1791265028.2302,R,C,,-64,,,
1791265028.2320,R,A,,-54,,,
1791265028.2346,R,A,,-55,,,
1791265028.2641,R,C,,-61,,,
1791265028.2649,R,B,,-64,,,
1791265028.2791,R,A,,-56,,,
1791265028.2802,R,C,,-61,,,
1791265028.3201,R,A,,-56,,,
1791265028.3257,R,B,,-65,,,
1791265028.3429,O,,,,1.51227,-0.5534,0.3403
1791265028.3437,O,,,,1.49506,-0.5534,0.3401
1791265028.3445,O,,,,1.47786,-0.5534,0.3403
1791265028.3452,O,,,,1.46197,-0.5534,0.3403
1791265028.3309,R,C,,-72,,,
1791265028.3713,R,B,,-63,,,
1791265028.3719,R,C,,-61,,,
1791265028.3721,R,A,,-59,,,
1791265028.4163,O,,,,1.44476,-0.5534,0.3401
1791265028.4172,O,,,,1.42756,-0.5534,0.3403
1791265028.4181,O,,,,1.41167,-0.5534,0.3403
1791265028.4188,O,,,,1.39579,-0.5534,0.3403
1791265028.4184,R,C,,-66,,,
1791265028.4186,R,B,,-61,,,
1791265028.4188,R,A,,-61,,,
1791265028.4757,R,B,,-57,,,
1791265028.4864,O,,,,1.37990,-0.5534,0.3403
1791265028.4874,O,,,,1.36137,-0.5534,0.3403
1791265028.4882,O,,,,1.34549,-0.5534,0.3403
1791265028.4890,O,,,,1.32961,-0.5534,0.3403
1791265028.4802,R,C,,-64,,,
1791265028.4806,R,A,,-62,,,
1791265028.5187,R,B,,-62,,,
1791265028.5666,O,,,,1.31372,-0.5534,0.3403
1791265028.5676,O,,,,1.29916,-0.5533,0.3406
1791265028.5684,O,,,,1.28195,-0.5534,0.3403
1791265028.5303,R,A,,-65,,,
1791265028.5308,R,C,,-61,,,
1791265028.5504,R,C,,-70,,,
1791265028.5509,R,B,,-72,,,
1791265028.5512,R,A,,-67,,,
1791265028.5896,R,B,,-60,,,
1791265028.6413,O,,,,1.26607,-0.5534,0.3403
1791265028.6466,O,,,,1.25151,-0.5535,0.3401
1791265028.6474,O,,,,1.23563,-0.5535,0.3401
1791265028.6482,O,,,,1.22107,-0.5534,0.3403
1791265028.6310,R,C,,-67,,,
1791265028.6312,R,A,,-67,,,
1791265028.6762,R,B,,-61,,,
1791265028.6764,R,A,,-73,,,
1791265028.6766,R,C,,-66,,,
1791265028.7217,O,,,,1.20783,-0.5534,0.3403
1791265028.7228,O,,,,1.19327,-0.5535,0.3401
1791265028.7236,O,,,,1.17871,-0.5534,0.3403
1791265028.7244,O,,,,1.16547,-0.5534,0.3403
1791265028.6784,R,A,,-67,,,
1791265028.6786,R,C,,-71,,,
1791265028.7235,R,C,,-66,,,
1791265028.7236,R,B,,-57,,,
1791265028.7239,R,A,,-64,,,
1791265028.7758,R,B,,-56,,,
1791265028.7976,O,,,,1.15091,-0.5535,0.3401
1791265028.7986,O,,,,1.13768,-0.5535,0.3401
1791265028.7995,O,,,,1.12444,-0.5535,0.3401
1791265028.8002,O,,,,1.11253,-0.5534,0.3403
1791265028.7804,R,C,,-62,,,
1791265028.7805,R,A,,-62,,,
1791265028.8187,R,A,,-65,,,
1791265028.8190,R,B,,-62,,,
1791265028.8192,R,C,,-76,,,
1791265028.8765,O,,,,1.09929,-0.5534,0.3403
1791265028.8780,O,,,,1.08738,-0.5535,0.3401
1791265028.8788,O,,,,1.07546,-0.5534,0.3403
1791265028.8603,R,C,,-65,,,
1791265028.8676,R,B,,-68,,,
1791265028.8678,R,A,,-61,,,
1791265028.8798,O,,,,1.06355,-0.5535,0.3401
1791265028.9012,R,C,,-70,,,
1791265028.9032,R,A,,-63,,,
1791265028.9258,R,B,,-60,,,
1791265028.9562,O,,,,1.05164,-0.5534,0.3403
1791265028.9574,O,,,,1.03972,-0.5535,0.3401
1791265028.9583,O,,,,1.02649,-0.5535,0.3401
1791265028.9591,O,,,,1.01590,-0.5535,0.3401
1791265028.9495,R,C,,-67,,,
1791265028.9496,R,B,,-57,,,
1791265028.9804,R,A,,-63,,,
1791265028.9908,R,B,,-63,,,
1791265028.9910,R,A,,-62,,,
1791265029.0249,R,C,,-68,,,
1791265029.0347,O,,,,1.00266,-0.5535,0.3401
1791265029.0358,O,,,,0.99075,-0.5534,0.3403
1791265029.0366,O,,,,0.97884,-0.5535,0.3401
1791265029.0483,R,C,,-87,,,
1791265029.0624,R,B,,-56,,,
1791265029.0628,R,A,,-68,,,
1791265029.1015,O,,,,0.96692,-0.5534,0.3403
1791265029.1023,O,,,,0.95369,-0.5534,0.3403
1791265029.1032,O,,,,0.94045,-0.5534,0.3403
1791265029.1039,O,,,,0.92721,-0.5534,0.3403
1791265029.1001,R,B,,-55,,,
1791265029.1009,R,C,,-64,,,
1791265029.1012,R,A,,-70,,,
1791265029.1598,R,A,,-87,,,
1791265029.1601,R,C,,-75,,,
1791265029.1757,R,B,,-60,,,
1791265029.1815,O,,,,0.91265,-0.5535,0.3401
1791265029.1828,O,,,,0.89809,-0.5533,0.3403
1791265029.1840,O,,,,0.88486,-0.5533,0.3403
1791265029.1852,O,,,,0.87162,-0.5533,0.3403
1791265029.1804,R,A,,-67,,,
1791265029.2223,R,B,,-60,,,
1791265029.2228,R,A,,-61,,,
1791265029.2617,O,,,,0.85838,-0.5533,0.3403
1791265029.2630,O,,,,0.84647,-0.5535,0.3401
1791265029.2638,O,,,,0.83323,-0.5535,0.3401
1791265029.2646,O,,,,0.82000,-0.5535,0.3401
1791265029.2302,R,C,,-66,,,
1791265029.2689,R,C,,-68,,,
1791265029.2697,R,B,,-61,,,
1791265029.2806,R,A,,-56,,,
1791265029.3257,R,B,,-63,,,
1791265029.3365,O,,,,0.80676,-0.5535,0.3401
1791265029.3375,O,,,,0.79352,-0.5535,0.3401
1791265029.3383,O,,,,0.78161,-0.5537,0.3399
1791265029.3391,O,,,,0.76970,-0.5535,0.3401
1791265029.3295,R,A,,-61,,,
1791265029.3301,R,C,,-64,,,
1791265029.3762,R,B,,-60,,,
1791265029.4166,O,,,,0.75779,-0.5537,0.3399
1791265029.4180,O,,,,0.74587,-0.5535,0.3401
1791265029.4192,O,,,,0.73528,-0.5535,0.3401
1791265029.4204,O,,,,0.72469,-0.5535,0.3401
1791265029.3803,R,A,,-60,,,
1791265029.3809,R,C,,-69,,,
1791265029.4013,R,B,,-57,,,
1791265029.4146,R,C,,-68,,,
1791265029.4147,R,A,,-64,,,
1791265029.4485,R,C,,-71,,,
1791265029.4497,R,A,,-61,,,
1791265029.4742,R,B,,-59,,,
1791265029.4870,O,,,,0.71410,-0.5535,0.3401
1791265029.4881,O,,,,0.70352,-0.5535,0.3401
1791265029.4889,O,,,,0.69293,-0.5535,0.3401
1791265029.4975,R,A,,-66,,,
1791265029.5207,R,B,,-53,,,
1791265029.5211,R,C,,-67,,,
1791265029.5610,O,,,,0.68366,-0.5533,0.3403
1791265029.5619,O,,,,0.67440,-0.5531,0.3404
1791265029.5628,O,,,,0.66513,-0.5529,0.3406
1791265029.5636,O,,,,0.65719,-0.5525,0.3409
1791265029.5413,R,C,,-65,,,
1791265029.5672,R,B,,-62,,,
1791265029.5674,R,A,,-66,,,
1791265029.5942,R,A,,-61,,,
1791265029.5944,R,B,,-60,,,
1791265029.6239,R,C,,-77,,,
1791265029.6412,O,,,,0.64792,-0.5523,0.3411
1791265029.6421,O,,,,0.63866,-0.5516,0.3416
1791265029.6434,O,,,,0.63071,-0.5512,0.3419
1791265029.6442,O,,,,0.62145,-0.5506,0.3423
1791265029.6636,R,C,,-68,,,
1791265029.6644,R,A,,-56,,,
1791265029.6757,R,B,,-58,,,
1791265029.7231,O,,,,0.61351,-0.5497,0.3430
1791265029.7244,O,,,,0.60292,-0.5488,0.3436
1791265029.7256,O,,,,0.59365,-0.5477,0.3443
1791265029.7268,O,,,,0.58306,-0.5469,0.3449
1791265029.6802,R,C,,-75,,,
1791265029.6805,R,A,,-59,,,
1791265029.7263,R,B,,-61,,,
1791265029.7291,R,A,,-64,,,
1791265029.7307,R,C,,-79,,,
1791265029.7599,R,C,,-70,,,
1791265029.7763,R,B,,-58,,,
1791265029.7964,O,,,,0.57380,-0.5458,0.3456
1791265029.7975,O,,,,0.56453,-0.5446,0.3463
1791265029.7984,O,,,,0.55394,-0.5433,0.3472
1791265029.7994,O,,,,0.54335,-0.5419,0.3480
1791265029.7803,R,A,,-63,,,
1791265029.8264,R,B,,-56,,,
1791265029.8767,O,,,,0.53541,-0.5406,0.3488
1791265029.8777,O,,,,0.52482,-0.5392,0.3496
1791265029.8786,O,,,,0.51556,-0.5376,0.3505
1791265029.8302,R,C,,-76,,,
1791265029.8304,R,A,,-65,,,
1791265029.8529,R,B,,-61,,,
1791265029.8530,R,C,,-66,,,
1791265029.8533,R,A,,-69,,,
1791265029.8795,O,,,,0.50497,-0.5357,0.3516
1791265029.9011,R,C,,-74,,,
1791265029.9022,R,A,,-72,,,
1791265029.9259,R,B,,-62,,,
1791265029.9513,O,,,,0.49438,-0.5344,0.3523
1791265029.9522,O,,,,0.48379,-0.5325,0.3533
1791265029.9532,O,,,,0.47320,-0.5306,0.3543
1791265029.9539,O,,,,0.46393,-0.5285,0.3554
1791265030.0211,O,,,,0.45467,-0.5263,0.3564
1791265030.0221,O,,,,0.44408,-0.5240,0.3576
1791265030.0229,O,,,,0.43614,-0.5211,0.3589
1791265030.0263,R,B,,-57,,,
1791265030.0301,R,C,,-66,,,
1791265030.0305,R,A,,-67,,,
1791265030.0383,R,B,,-57,,,
1791265030.0763,R,B,,-63,,,
1791265030.1014,O,,,,0.42687,-0.5184,0.3602
1791265030.1023,O,,,,0.41893,-0.5155,0.3615
1791265030.1033,O,,,,0.41231,-0.5124,0.3629
1791265030.1041,O,,,,0.40702,-0.5090,0.3643
1791265030.0805,R,A,,-65,,,
1791265030.1254,R,B,,-58,,,
1791265030.1305,R,A,,-72,,,
1791265030.1308,R,C,,-77,,,
1791265030.1677,R,B,,-62,,,
1791265030.1679,R,A,,-71,,,
1791265030.1811,O,,,,0.40172,-0.5056,0.3658
1791265030.1820,O,,,,0.39510,-0.5019,0.3673
1791265030.1828,O,,,,0.39113,-0.4987,0.3687
1791265030.1839,O,,,,0.38716,-0.4951,0.3702
1791265030.1808,R,C,,-64,,,
1791265030.2145,R,C,,-88,,,
1791265030.2257,R,B,,-60,,,
1791265030.2584,O,,,,0.38319,-0.4914,0.3717
1791265030.2599,O,,,,0.38054,-0.4875,0.3732
1791265030.2633,O,,,,0.37922,-0.4838,0.3747
1791265030.2641,O,,,,0.37657,-0.4798,0.3763
1791265030.2306,R,A,,-74,,,
1791265030.2764,R,B,,-62,,,
1791265030.3263,R,B,,-59,,,
1791265030.3365,O,,,,0.37525,-0.4761,0.3777
1791265030.3375,O,,,,0.37525,-0.4722,0.3793
1791265030.3383,O,,,,0.37525,-0.4688,0.3806
1791265030.3390,O,,,,0.37525,-0.4648,0.3822
1791265030.3295,R,A,,-76,,,
1791265030.3302,R,C,,-66,,,
1791265030.3623,R,C,,-71,,,
1791265030.3628,R,A,,-64,,,
1791265030.3652,R,B,,-62,,,
1791265030.4114,O,,,,0.37657,-0.4611,0.3836
1791265030.4123,O,,,,0.37657,-0.4572,0.3852
1791265030.4134,O,,,,0.37790,-0.4535,0.3867
1791265030.4142,O,,,,0.38054,-0.4496,0.3882
1791265030.4098,R,C,,-70,,,
1791265030.4258,R,B,,-57,,,
1791265030.4302,R,A,,-63,,,
1791265030.4811,O,,,,0.38187,-0.4459,0.3897
1791265030.4820,O,,,,0.38451,-0.4419,0.3913
1791265030.4828,O,,,,0.38849,-0.4383,0.3928
1791265030.5264,R,B,,-58,,,
1791265030.5615,O,,,,0.39113,-0.4343,0.3944
1791265030.5625,O,,,,0.39510,-0.4307,0.3959
1791265030.5651,O,,,,0.39907,-0.4265,0.3977
1791265030.5658,O,,,,0.40437,-0.4226,0.3993
1791265030.5302,R,C,,-72,,,
1791265030.5311,R,A,,-63,,,
1791265030.5721,R,B,,-58,,,
1791265030.5724,R,A,,-66,,,
1791265030.5809,R,C,,-74,,,
1791265030.6103,R,B,,-58,,,
1791265030.6363,O,,,,0.40834,-0.4190,0.4009
1791265030.6376,O,,,,0.41363,-0.4151,0.4026
1791265030.6384,O,,,,0.41628,-0.4112,0.4043
1791265030.6392,O,,,,0.42025,-0.4071,0.4061
1791265030.6757,R,B,,-57,,,
1791265030.7170,O,,,,0.42422,-0.4035,0.4077
1791265030.7182,O,,,,0.42819,-0.3999,0.4094
1791265030.7189,O,,,,0.43349,-0.3960,0.4112
1791265030.7197,O,,,,0.43746,-0.3919,0.4131
1791265030.7265,R,B,,-62,,,
1791265030.7303,R,A,,-63,,,
1791265030.7308,R,C,,-72,,,
1791265030.7670,R,C,,-75,,,
1791265030.7674,R,B,,-64,,,
1791265030.7946,O,,,,0.44143,-0.3883,0.4147
1791265030.7957,O,,,,0.44540,-0.3843,0.4167
1791265030.7965,O,,,,0.44805,-0.3805,0.4185
1791265030.7972,O,,,,0.45202,-0.3769,0.4202
1791265030.7812,R,A,,-64,,,
1791265030.8136,R,C,,-72,,,
1791265030.8137,R,A,,-67,,,
1791265030.8257,R,B,,-62,,,
1791265030.8710,O,,,,0.45732,-0.3731,0.4221
1791265030.8718,O,,,,0.46129,-0.3690,0.4241
1791265030.8726,O,,,,0.46526,-0.3655,0.4259
1791265030.8734,O,,,,0.47055,-0.3617,0.4278
1791265030.8625,R,B,,-68,,,
1791265030.8628,R,A,,-66,,,
1791265030.8670,R,C,,-70,,,
1791265030.9115,R,B,,-63,,,
1791265030.9517,O,,,,0.47320,-0.3579,0.4297
1791265030.9529,O,,,,0.47585,-0.3542,0.4316
1791265030.9542,O,,,,0.47849,-0.3504,0.4336
1791265030.9554,O,,,,0.48246,-0.3469,0.4354
1791265030.9302,R,C,,-64,,,
1791265030.9303,R,A,,-67,,,
1791265030.9586,R,C,,-72,,,
1791265030.9757,R,B,,-57,,,
1791265031.0216,O,,,,0.48511,-0.3431,0.4374
1791265031.0234,O,,,,0.48908,-0.3396,0.4392
1791265031.0247,O,,,,0.49173,-0.3359,0.4412
1791265030.9804,R,A,,-70,,,
1791265030.9994,R,C,,-69,,,
1791265031.0197,R,B,,-57,,,
1791265031.0226,R,A,,-68,,,
1791265031.0501,R,B,,-67,,,
1791265031.0961,O,,,,0.49438,-0.3322,0.4432
1791265031.0970,O,,,,0.49703,-0.3284,0.4453
1791265031.0978,O,,,,0.50100,-0.3249,0.4472
1791265031.0986,O,,,,0.50232,-0.3215,0.4491
1791265031.0800,R,A,,-70,,,
1791265031.0802,R,C,,-72,,,
1791265031.0921,R,A,,-67,,,
1791265031.1248,R,B,,-66,,,
1791265031.1762,O,,,,0.50497,-0.3178,0.4511
1791265031.1772,O,,,,0.50761,-0.3141,0.4532
1791265031.1780,O,,,,0.51026,-0.3108,0.4550
1791265031.1788,O,,,,0.51159,-0.3074,0.4569
1791265031.1309,R,C,,-73,,,
1791265031.1426,R,B,,-64,,,
1791265031.1523,R,C,,-76,,,
1791265031.1525,R,A,,-66,,,
1791265031.1763,R,B,,-67,,,
1791265031.1807,R,A,,-64,,,
1791265031.2187,R,A,,-70,,,
1791265031.2264,R,B,,-70,,,
1791265031.2585,O,,,,0.51423,-0.3041,0.4587
1791265031.2595,O,,,,0.51556,-0.3007,0.4607
1791265031.2603,O,,,,0.51688,-0.2972,0.4626
1791265031.2610,O,,,,0.51820,-0.2942,0.4643
1791265031.2302,R,C,,-76,,,
1791265031.2562,R,C,,-71,,,
1791265031.2763,R,B,,-70,,,
1791265031.2804,R,A,,-66,,,
1791265031.3050,R,C,,-74,,,
1791265031.3263,R,B,,-65,,,
1791265031.3312,O,,,,0.51820,-0.2910,0.4662
1791265031.3321,O,,,,0.51953,-0.2880,0.4679
1791265031.3329,O,,,,0.51953,-0.2848,0.4697
1791265031.3336,O,,,,0.51953,-0.2820,0.4713
1791265031.3319,R,A,,-64,,,
1791265031.3764,R,B,,-63,,,
1791265031.4118,O,,,,0.52085,-0.2791,0.4730
1791265031.4130,O,,,,0.52085,-0.2763,0.4746
1791265031.4138,O,,,,0.52085,-0.2735,0.4762
1791265031.4146,O,,,,0.52085,-0.2708,0.4778
1791265031.3805,R,A,,-65,,,
1791265031.3805,R,C,,-71,,,
1791265031.3977,R,B,,-68,,,
1791265031.3979,R,A,,-64,,,
1791265031.4758,R,B,,-66,,,
1791265031.4812,O,,,,0.52085,-0.2685,0.4791
1791265031.4823,O,,,,0.52085,-0.2657,0.4807
1791265031.4831,O,,,,0.52085,-0.2634,0.4820
1791265031.4804,R,A,,-63,,,
1791265031.4809,R,C,,-70,,,
1791265031.5031,R,C,,-74,,,
1791265031.5034,R,A,,-63,,,
1791265031.5036,R,B,,-64,,,
1791265031.5564,O,,,,0.52217,-0.2609,0.4834
1791265031.5574,O,,,,0.52085,-0.2584,0.4849
1791265031.5582,O,,,,0.52085,-0.2561,0.4862
1791265031.5592,O,,,,0.52085,-0.2538,0.4875
1791265031.5284,R,C,,-84,,,
1791265031.5311,R,A,,-62,,,
1791265031.5666,R,C,,-67,,,
1791265031.5668,R,B,,-85,,,
1791265031.5672,R,A,,-66,,,
1791265031.6361,O,,,,0.52217,-0.2513,0.4890
1791265031.6372,O,,,,0.52217,-0.2490,0.4903
1791265031.6380,O,,,,0.52085,-0.2469,0.4915
1791265031.6388,O,,,,0.52085,-0.2446,0.4928
1791265031.6608,R,C,,-81,,,
1791265031.6611,R,B,,-66,,,
1791265031.7237,O,,,,0.52217,-0.2425,0.4940
1791265031.7248,O,,,,0.52085,-0.2405,0.4952
1791265031.7258,O,,,,0.52217,-0.2384,0.4963
1791265031.7266,O,,,,0.52217,-0.2366,0.4974
1791265031.6804,R,A,,-66,,,
1791265031.7108,R,C,,-68,,,
1791265031.7112,R,A,,-68,,,
1791265031.7113,R,B,,-65,,,
1791265031.7455,R,C,,-65,,,
1791265031.7457,R,A,,-68,,,
1791265031.7460,R,B,,-75,,,
1791265031.7920,O,,,,0.52217,-0.2347,0.4985
1791265031.7930,O,,,,0.52217,-0.2325,0.4998
1791265031.7937,O,,,,0.52217,-0.2306,0.5008
1791265031.7945,O,,,,0.52217,-0.2288,0.5019
1791265031.7894,R,C,,-70,,,
1791265031.7899,R,A,,-67,,,
1791265031.8225,R,B,,-65,,,
1791265031.8738,O,,,,0.52217,-0.2269,0.5029
1791265031.8746,O,,,,0.52217,-0.2251,0.5040
1791265031.8755,O,,,,0.52217,-0.2233,0.5051
1791265031.8787,O,,,,0.52217,-0.2214,0.5061
1791265031.8671,R,B,,-64,,,
1791265031.8759,R,B,,-66,,,
1791265031.8760,R,C,,-69,,,
1791265031.8763,R,A,,-70,,,
1791265031.9174,R,B,,-68,,,
1791265031.9467,O,,,,0.52350,-0.2198,0.5070
1791265031.9479,O,,,,0.52350,-0.2180,0.5081
1791265031.9487,O,,,,0.52217,-0.2164,0.5090
1791265031.9495,O,,,,0.52350,-0.2148,0.5100
1791265031.9306,R,A,,-75,,,
1791265031.9309,R,C,,-68,,,
1791265031.9585,R,A,,-73,,,
1791265031.9758,R,B,,-57,,,
1791265032.0169,O,,,,0.52350,-0.2134,0.5107
1791265032.0178,O,,,,0.52217,-0.2118,0.5117
1791265032.0189,O,,,,0.52350,-0.2102,0.5126
1791265031.9808,R,C,,-78,,,
1791265032.0033,R,C,,-72,,,
1791265032.0049,R,A,,-73,,,
1791265032.0208,R,B,,-68,,,
1791265032.0531,R,B,,-61,,,
1791265032.0754,R,C,,-71,,,
1791265032.0756,R,A,,-70,,,
1791265032.0983,O,,,,0.52217,-0.2091,0.5133
1791265032.0993,O,,,,0.52350,-0.2079,0.5139
1791265032.1003,O,,,,0.52350,-0.2065,0.5147
1791265032.1012,O,,,,0.52350,-0.2056,0.5152
1791265032.0961,R,B,,-64,,,
1791265032.1123,R,C,,-68,,,
1791265032.1128,R,A,,-69,,,
1791265032.1717,O,,,,0.52350,-0.2047,0.5158
1791265032.1729,O,,,,0.52350,-0.2038,0.5163
1791265032.1737,O,,,,0.52350,-0.2029,0.5168
1791265032.1748,O,,,,0.52350,-0.2019,0.5174
1791265032.1473,R,C,,-78,,,
1791265032.1475,R,A,,-70,,,
1791265032.1478,R,B,,-64,,,
1791265032.1853,R,C,,-69,,,
1791265032.1854,R,A,,-83,,,
1791265032.2258,R,B,,-60,,,
1791265032.2517,O,,,,0.52482,-0.2013,0.5178
1791265032.2529,O,,,,0.52350,-0.2006,0.5182
1791265032.2541,O,,,,0.52482,-0.1999,0.5186
1791265032.2553,O,,,,0.52482,-0.1994,0.5188
1791265032.2523,R,A,,-86,,,
1791265032.2527,R,B,,-63,,,
1791265032.2533,R,C,,-68,,,
1791265032.2758,R,B,,-67,,,
1791265032.2761,R,C,,-69,,,
1791265032.2765,R,A,,-80,,,
1791265032.3202,R,B,,-61,,,
1791265032.3204,R,C,,-76,,,
1791265032.3215,R,A,,-79,,,
1791265032.3313,O,,,,0.52350,-0.1987,0.5192
1791265032.3323,O,,,,0.52350,-0.1983,0.5195
1791265032.3330,O,,,,0.52482,-0.1980,0.5196
1791265032.3343,O,,,,0.52350,-0.1978,0.5197
1791265032.3668,R,C,,-88,,,
1791265032.3669,R,A,,-75,,,
1791265032.3757,R,B,,-58,,,
1791265032.4066,O,,,,0.52350,-0.1974,0.5200
1791265032.4075,O,,,,0.52350,-0.1974,0.5200
1791265032.4083,O,,,,0.52350,-0.1974,0.5200
1791265032.4091,O,,,,0.52350,-0.1974,0.5200
1791265032.4182,R,C,,-70,,,
1791265032.4185,R,A,,-69,,,
1791265032.4187,R,B,,-73,,,
1791265032.4765,O,,,,0.52350,-0.1974,0.5200
1791265032.4775,O,,,,0.52350,-0.1974,0.5200
1791265032.4783,O,,,,0.52350,-0.1974,0.5200
1791265032.4646,R,C,,-85,,,
1791265032.4647,R,A,,-74,,,
1791265032.4759,R,B,,-64,,,
1791265032.5077,R,C,,-74,,,
1791265032.5078,R,B,,-63,,,
1791265032.5565,O,,,,0.52350,-0.1974,0.5200
1791265032.5577,O,,,,0.52350,-0.1974,0.5200
1791265032.5585,O,,,,0.52350,-0.1974,0.5200
1791265032.5593,O,,,,0.52350,-0.1974,0.5200
1791265032.5313,R,A,,-74,,,
1791265032.5657,R,B,,-64,,,
1791265032.5658,R,C,,-73,,,
1791265032.5714,R,A,,-85,,,
1791265032.6018,R,C,,-77,,,
1791265032.6020,R,A,,-72,,,
1791265032.6262,R,B,,-63,,,
1791265032.6312,O,,,,0.52350,-0.1974,0.5200
1791265032.6322,O,,,,0.52350,-0.1974,0.5200
1791265032.6331,O,,,,0.52350,-0.1974,0.5200
1791265032.6338,O,,,,0.52350,-0.1974,0.5200
1791265032.6486,R,B,,-62,,,
1791265032.7119,O,,,,0.52350,-0.1974,0.5200
1791265032.7130,O,,,,0.52350,-0.1974,0.5200
1791265032.7138,O,,,,0.52350,-0.1974,0.5200
1791265032.7146,O,,,,0.52350,-0.1974,0.5200
1791265032.7024,R,B,,-71,,,
1791265032.7026,R,C,,-72,,,
1791265032.7283,R,A,,-69,,,
1791265032.7401,R,B,,-69,,,
1791265032.7411,R,A,,-71,,,
1791265032.7918,O,,,,0.52350,-0.1974,0.5200
1791265032.7931,O,,,,0.52350,-0.1974,0.5200
1791265032.7943,O,,,,0.52350,-0.1974,0.5200
1791265032.7954,O,,,,0.52350,-0.1974,0.5200
1791265032.7845,R,B,,-64,,,
1791265032.8665,O,,,,0.52350,-0.1974,0.5200
1791265032.8676,O,,,,0.52350,-0.1974,0.5200
1791265032.8685,O,,,,0.52350,-0.1974,0.5200
1791265032.8694,O,,,,0.52350,-0.1974,0.5200
1791265032.8295,R,C,,-73,,,
1791265032.8298,R,A,,-69,,,
1791265032.8325,R,C,,-83,,,
1791265032.8327,R,A,,-66,,,
1791265032.8415,R,B,,-67,,,
1791265032.8786,R,A,,-66,,,
1791265032.8788,R,C,,-76,,,
1791265032.9230,R,C,,-78,,,
1791265032.9233,R,B,,-62,,,
1791265032.9246,R,A,,-70,,,
1791265032.9462,O,,,,0.52350,-0.1974,0.5200
1791265032.9475,O,,,,0.52350,-0.1974,0.5200
1791265032.9483,O,,,,0.52350,-0.1974,0.5200
1791265032.9491,O,,,,0.52350,-0.1974,0.5200
1791265032.9661,R,B,,-65,,,
1791265033.0164,O,,,,0.52350,-0.1974,0.5200
1791265033.0173,O,,,,0.52350,-0.1974,0.5200
1791265033.0181,O,,,,0.52350,-0.1974,0.5200
1791265032.9807,R,A,,-68,,,
1791265033.0136,R,A,,-69,,,
1791265033.0139,R,C,,-73,,,
1791265033.0140,R,B,,-72,,,
1791265033.0563,R,B,,-63,,,
1791265033.0641,R,C,,-73,,,
1791265033.0642,R,A,,-77,,,
1791265033.0915,O,,,,0.52350,-0.1974,0.5200
1791265033.0924,O,,,,0.52350,-0.1974,0.5200
1791265033.0932,O,,,,0.52350,-0.1974,0.5200
1791265033.0939,O,,,,0.52350,-0.1974,0.5200
1791265033.1035,R,B,,-66,,,
1791265033.1037,R,A,,-68,,,
1791265033.1039,R,C,,-74,,,
1791265033.1712,O,,,,0.52350,-0.1974,0.5200
1791265033.1721,O,,,,0.52350,-0.1974,0.5200
1791265033.1728,O,,,,0.52350,-0.1974,0.5200
1791265033.1736,O,,,,0.52350,-0.1974,0.5200
1791265033.1757,R,B,,-68,,,
1791265033.1804,R,A,,-69,,,
1791265033.1805,R,C,,-71,,,
1791265033.1998,R,B,,-60,,,
1791265033.2002,R,C,,-82,,,
1791265033.2004,R,A,,-81,,,
1791265033.2466,O,,,,0.52350,-0.1974,0.5200
1791265033.2476,O,,,,0.52350,-0.1974,0.5200
1791265033.2485,O,,,,0.52350,-0.1974,0.5200
1791265033.2492,O,,,,0.52350,-0.1974,0.5200
1791265033.2757,R,B,,-63,,,
1791265033.3262,O,,,,0.52350,-0.1974,0.5200
1791265033.3271,O,,,,0.52350,-0.1974,0.5200
1791265033.3281,O,,,,0.52350,-0.1974,0.5200
1791265033.2802,R,C,,-78,,,
1791265033.2805,R,A,,-75,,,
1791265033.3076,R,C,,-72,,,
1791265033.3077,R,B,,-66,,,
1791265033.3079,R,A,,-68,,,
1791265033.3292,O,,,,0.52350,-0.1974,0.5200
1791265033.3758,R,B,,-71,,,
1791265033.4066,O,,,,0.52350,-0.1974,0.5200
1791265033.4075,O,,,,0.52350,-0.1974,0.5200
1791265033.4084,O,,,,0.52350,-0.1974,0.5200
1791265033.4092,O,,,,0.52350,-0.1974,0.5200
1791265033.4063,R,B,,-60,,,
1791265033.4239,R,C,,-71,,,
1791265033.4241,R,A,,-81,,,
1791265033.4253,R,B,,-61,,,
1791265033.4720,O,,,,0.52350,-0.1974,0.5200
1791265033.4729,O,,,,0.52350,-0.1974,0.5200
1791265033.4736,O,,,,0.52350,-0.1974,0.5200
1791265033.4758,R,B,,-68,,,
1791265033.4783,R,C,,-68,,,
1791265033.4786,R,A,,-69,,,
1791265033.5192,R,C,,-82,,,
1791265033.5263,R,B,,-64,,,
1791265033.5511,O,,,,0.52350,-0.1974,0.5200
1791265033.5519,O,,,,0.52350,-0.1974,0.5200
1791265033.5527,O,,,,0.52350,-0.1974,0.5200
1791265033.5535,O,,,,0.52350,-0.1974,0.5200
1791265033.5305,R,A,,-70,,,
1791265033.5764,R,B,,-61,,,
1791265033.5802,R,C,,-74,,,
1791265033.5812,R,A,,-75,,,
1791265033.6089,R,B,,-78,,,
1791265033.6312,O,,,,0.52350,-0.1974,0.5200
1791265033.6322,O,,,,0.52350,-0.1974,0.5200
1791265033.6331,O,,,,0.52350,-0.1974,0.5200
1791265033.6338,O,,,,0.52350,-0.1974,0.5200
1791265033.6307,R,A,,-66,,,
1791265033.6685,R,C,,-74,,,
1791265033.6687,R,B,,-66,,,
1791265033.6749,R,A,,-70,,,
1791265033.7064,O,,,,0.52350,-0.1974,0.5200
1791265033.7074,O,,,,0.52350,-0.1974,0.5200
1791265033.7082,O,,,,0.52350,-0.1974,0.5200
1791265033.7089,O,,,,0.52350,-0.1974,0.5200
1791265033.7155,R,C,,-74,,,
1791265033.7422,R,C,,-68,,,
1791265033.7585,R,A,,-84,,,
1791265033.7586,R,B,,-67,,,
1791265033.7867,O,,,,0.52350,-0.1974,0.5200
1791265033.7878,O,,,,0.52350,-0.1974,0.5200
1791265033.7887,O,,,,0.52350,-0.1974,0.5200
1791265033.7895,O,,,,0.52350,-0.1974,0.5200
1791265033.7881,R,C,,-73,,,
1791265033.8196,R,B,,-58,,,
1791265033.8206,R,A,,-80,,,
1791265033.8667,O,,,,0.52350,-0.1974,0.5200
1791265033.8677,O,,,,0.52350,-0.1974,0.5200
1791265033.8684,O,,,,0.52350,-0.1974,0.5200
1791265033.8692,O,,,,0.52350,-0.1974,0.5200
1791265033.8303,R,C,,-83,,,
1791265033.8317,R,B,,-55,,,
1791265033.8753,R,B,,-57,,,
1791265033.9258,R,B,,-73,,,
1791265033.9312,O,,,,0.52350,-0.1974,0.5200
1791265033.9321,O,,,,0.52350,-0.1974,0.5200
1791265033.9328,O,,,,0.52350,-0.1974,0.5200
1791265033.9284,R,C,,-68,,,
1791265033.9305,R,A,,-71,,,
1791265033.9747,R,C,,-75,,,
1791265033.9749,R,A,,-81,,,
1791265033.9753,R,B,,-60,,,
1791265034.0114,O,,,,0.52350,-0.1974,0.5200
1791265034.0128,O,,,,0.52350,-0.1974,0.5200
1791265034.0136,O,,,,0.52350,-0.1974,0.5200
1791265034.0144,O,,,,0.52350,-0.1974,0.5200
1791265034.0119,R,C,,-75,,,
1791265034.0121,R,A,,-77,,,
1791265034.0257,R,B,,-59,,,
1791265034.0765,R,B,,-68,,,
1791265034.0921,O,,,,0.52350,-0.1974,0.5200
1791265034.0931,O,,,,0.52350,-0.1974,0.5200
1791265034.0940,O,,,,0.52350,-0.1974,0.5200
1791265034.0948,O,,,,0.52350,-0.1974,0.5200
1791265034.0803,R,C,,-69,,,
1791265034.0804,R,A,,-79,,,
1791265034.0984,R,C,,-68,,,
1791265034.1266,R,B,,-61,,,
1791265034.1667,O,,,,0.52350,-0.1974,0.5200
1791265034.1677,O,,,,0.52350,-0.1974,0.5200
1791265034.1685,O,,,,0.52350,-0.1974,0.5200
1791265034.1693,O,,,,0.52350,-0.1974,0.5200
1791265034.1315,R,A,,-75,,,
1791265034.1393,R,B,,-71,,,
1791265034.2251,R,B,,-66,,,
1791265034.2468,O,,,,0.52350,-0.1974,0.5200
1791265034.2478,O,,,,0.52350,-0.1974,0.5200
1791265034.2486,O,,,,0.52350,-0.1974,0.5200
1791265034.2494,O,,,,0.52350,-0.1974,0.5200
1791265034.2283,R,B,,-67,,,
1791265034.2302,R,C,,-79,,,
1791265034.2308,R,A,,-69,,,
1791265034.2658,R,B,,-69,,,
1791265034.3218,O,,,,0.52350,-0.1974,0.5200
1791265034.3230,O,,,,0.52350,-0.1974,0.5200
1791265034.3239,O,,,,0.52350,-0.1974,0.5200
1791265034.3247,O,,,,0.52350,-0.1974,0.5200
1791265034.2806,R,A,,-73,,,
1791265034.2807,R,C,,-69,,,
1791265034.3113,R,C,,-73,,,
1791265034.3264,R,B,,-63,,,
1791265034.3306,R,A,,-76,,,
1791265034.3596,R,C,,-84,,,
1791265034.3598,R,B,,-67,,,
1791265034.3607,R,A,,-67,,,
1791265034.4017,O,,,,0.52350,-0.1974,0.5200
1791265034.4028,O,,,,0.52350,-0.1974,0.5200
1791265034.4059,O,,,,0.52350,-0.1974,0.5200
1791265034.4067,O,,,,0.52350,-0.1974,0.5200
1791265034.4023,R,B,,-66,,,
1791265034.4025,R,C,,-68,,,
1791265034.4265,R,A,,-72,,,
1791265034.4712,O,,,,0.52350,-0.1974,0.5200
1791265034.4720,O,,,,0.52350,-0.1974,0.5200
1791265034.4727,O,,,,0.52350,-0.1974,0.5200
1791265034.4668,R,C,,-76,,,
1791265034.4758,R,B,,-68,,,
1791265034.4805,R,A,,-77,,,
1791265034.5212,R,B,,-66,,,
1791265034.5517,O,,,,0.52350,-0.1974,0.5200
1791265034.5525,O,,,,0.52350,-0.1974,0.5200
1791265034.5533,O,,,,0.52350,-0.1974,0.5200
1791265034.5540,O,,,,0.52350,-0.1974,0.5200
1791265034.5303,R,C,,-68,,,
1791265034.5306,R,A,,-71,,,
1791265034.5458,R,B,,-63,,,
1791265034.5460,R,A,,-72,,,
1791265034.5463,R,C,,-69,,,
1791265034.5745,R,C,,-69,,,
1791265034.5758,R,B,,-62,,,
1791265034.6261,O,,,,0.52350,-0.1974,0.5200
1791265034.6270,O,,,,0.52350,-0.1974,0.5200
1791265034.6278,O,,,,0.52350,-0.1974,0.5200
1791265034.6285,O,,,,0.52350,-0.1974,0.5200
1791265034.5797,R,A,,-73,,,
1791265034.6234,R,C,,-80,,,
1791265034.6236,R,B,,-64,,,
1791265034.6238,R,A,,-71,,,
1791265034.6635,R,B,,-70,,,
1791265034.6636,R,C,,-69,,,
1791265034.6638,R,A,,-68,,,
1791265034.7089,O,,,,0.52350,-0.1974,0.5200
1791265034.7097,O,,,,0.52350,-0.1974,0.5200
1791265034.7105,O,,,,0.52350,-0.1974,0.5200
1791265034.7113,O,,,,0.52350,-0.1974,0.5200
1791265034.7111,R,C,,-76,,,
1791265034.7119,R,B,,-66,,,
1791265034.7307,R,A,,-74,,,
1791265034.7577,R,B,,-67,,,
1791265034.7588,R,C,,-84,,,
1791265034.7592,R,A,,-72,,,
1791265034.7811,O,,,,0.52350,-0.1974,0.5200
1791265034.7821,O,,,,0.52350,-0.1974,0.5200
1791265034.7829,O,,,,0.52879,-0.1974,0.5200
1791265034.7837,O,,,,0.53541,-0.1971,0.5201
1791265034.8084,R,B,,-77,,,
1791265034.8612,O,,,,0.54468,-0.1974,0.5200
1791265034.8620,O,,,,0.55394,-0.1976,0.5199
1791265034.8628,O,,,,0.56586,-0.1974,0.5200
1791265034.8642,O,,,,0.57777,-0.1976,0.5199
1791265034.8303,R,C,,-69,,,
1791265034.8309,R,A,,-68,,,
1791265034.8504,R,C,,-73,,,
1791265034.8506,R,B,,-65,,,
1791265034.8636,R,A,,-72,,,
1791265034.8982,R,B,,-70,,,
1791265034.9311,O,,,,0.59100,-0.1976,0.5199
1791265034.9326,O,,,,0.60557,-0.1978,0.5197
1791265034.9334,O,,,,0.62013,-0.1976,0.5199
1791265034.9303,R,C,,-82,,,
1791265034.9306,R,A,,-75,,,
1791265034.9437,R,C,,-78,,,
1791265034.9438,R,B,,-68,,,
1791265034.9444,R,A,,-80,,,
1791265035.0171,O,,,,0.63469,-0.1978,0.5197
1791265035.0179,O,,,,0.64925,-0.1976,0.5199
1791265035.0187,O,,,,0.66513,-0.1976,0.5199
1791265035.0197,O,,,,0.68101,-0.1976,0.5199
1791265035.0248,R,B,,-68,,,
1791265035.0251,R,C,,-68,,,
1791265035.0262,R,A,,-85,,,
1791265035.0287,R,B,,-73,,,
1791265035.0867,O,,,,0.69822,-0.1978,0.5197
1791265035.0877,O,,,,0.71410,-0.1978,0.5197
1791265035.0885,O,,,,0.73131,-0.1980,0.5195
1791265035.0895,O,,,,0.74720,-0.1980,0.5195
1791265035.1163,R,C,,-67,,,
1791265035.1165,R,B,,-64,,,
1791265035.1167,R,A,,-79,,,
1791265035.1670,O,,,,0.76308,-0.1980,0.5195
1791265035.1681,O,,,,0.78029,-0.1982,0.5193
1791265035.1689,O,,,,0.79617,-0.1982,0.5193
1791265035.1697,O,,,,0.81206,-0.1982,0.5193
1791265035.1752,R,C,,-71,,,
1791265035.1758,R,B,,-75,,,
1791265035.1806,R,A,,-82,,,
1791265035.2209,R,B,,-63,,,
1791265035.2414,O,,,,0.82926,-0.1984,0.5192
1791265035.2426,O,,,,0.84515,-0.1984,0.5192
1791265035.2436,O,,,,0.86235,-0.1982,0.5194
1791265035.2444,O,,,,0.87956,-0.1984,0.5191
1791265035.2289,R,C,,-78,,,
1791265035.2317,R,A,,-71,,,
1791265035.2556,R,B,,-62,,,
1791265035.2602,R,C,,-70,,,
1791265035.2605,R,A,,-77,,,
1791265035.3219,O,,,,0.89545,-0.1984,0.5191
1791265035.3233,O,,,,0.91398,-0.1984,0.5191
1791265035.3244,O,,,,0.92986,-0.1984,0.5191
1791265035.3252,O,,,,0.94575,-0.1984,0.5191
1791265035.2968,R,B,,-62,,,
1791265035.2970,R,A,,-73,,,
1791265035.2972,R,C,,-68,,,
1791265035.3449,R,A,,-72,,,
1791265035.3451,R,C,,-64,,,
1791265035.3452,R,B,,-65,,,
1791265035.4013,O,,,,0.96295,-0.1985,0.5189
1791265035.4022,O,,,,0.98016,-0.1984,0.5192
1791265035.4029,O,,,,0.99604,-0.1984,0.5192
1791265035.4037,O,,,,1.01325,-0.1985,0.5189
1791265035.3945,R,C,,-75,,,
1791265035.3946,R,B,,-58,,,
1791265035.3948,R,A,,-75,,,
1791265035.4666,O,,,,1.03046,-0.1984,0.5192
1791265035.4680,O,,,,1.04634,-0.1984,0.5192
1791265035.4692,O,,,,1.06355,-0.1985,0.5189
1791265035.4348,R,B,,-64,,,
1791265035.4574,R,C,,-70,,,
1791265035.4581,R,A,,-70,,,
1791265035.4803,R,C,,-68,,,
1791265035.4805,R,A,,-74,,,
1791265035.5465,O,,,,1.07943,-0.1985,0.5189
1791265035.5478,O,,,,1.09532,-0.1985,0.5189
1791265035.5491,O,,,,1.11253,-0.1986,0.5187
1791265035.5502,O,,,,1.12973,-0.1985,0.5189
1791265035.5310,R,C,,-65,,,
1791265035.5311,R,A,,-68,,,
1791265035.5338,R,B,,-61,,,
1791265035.5759,R,B,,-62,,,
1791265035.6261,O,,,,1.14562,-0.1985,0.5189
1791265035.6269,O,,,,1.16150,-0.1985,0.5189
1791265035.6282,O,,,,1.18003,-0.1985,0.5189
1791265035.6291,O,,,,1.19592,-0.1985,0.5189
1791265035.5807,R,A,,-78,,,
1791265035.5810,R,C,,-64,,,
1791265035.6163,R,C,,-67,,,
1791265035.6178,R,B,,-57,,,
1791265035.6180,R,A,,-69,,,
1791265035.6650,R,A,,-69,,,
1791265035.6730,R,C,,-66,,,
1791265035.6731,R,B,,-56,,,
1791265035.7017,O,,,,1.21180,-0.1985,0.5189
1791265035.7025,O,,,,1.23033,-0.1985,0.5189
1791265035.7035,O,,,,1.24622,-0.1985,0.5189
1791265035.7043,O,,,,1.26210,-0.1985,0.5189
1791265035.7083,R,B,,-58,,,
1791265035.7569,R,B,,-61,,,
1791265035.7751,R,C,,-69,,,
1791265035.7811,O,,,,1.28063,-0.1985,0.5189
1791265035.7819,O,,,,1.29651,-0.1985,0.5189
1791265035.7828,O,,,,1.31240,-0.1985,0.5189
1791265035.7836,O,,,,1.32828,-0.1985,0.5189
1791265035.7805,R,A,,-78,,,
1791265035.8089,R,C,,-77,,,
1791265035.8090,R,B,,-57,,,
1791265035.8566,O,,,,1.34681,-0.1985,0.5189
1791265035.8576,O,,,,1.36270,-0.1985,0.5189
1791265035.8584,O,,,,1.37990,-0.1986,0.5187
1791265035.8591,O,,,,1.39711,-0.1985,0.5189
1791265035.8307,R,A,,-74,,,
1791265035.8758,R,B,,-54,,,
1791265035.9268,O,,,,1.41300,-0.1985,0.5189
1791265035.9276,O,,,,1.42888,-0.1985,0.5189
1791265035.9284,O,,,,1.44741,-0.1985,0.5189
1791265035.8805,R,C,,-65,,,
1791265035.8807,R,A,,-71,,,
1791265035.9178,R,C,,-71,,,
1791265035.9182,R,B,,-60,,,
1791265035.9182,R,A,,-76,,,
1791265035.9352,R,B,,-49,,,
1791265035.9492,R,C,,-78,,,
1791265035.9494,R,A,,-72,,,
1791265036.0069,O,,,,1.46330,-0.1985,0.5189
1791265036.0086,O,,,,1.47918,-0.1985,0.5189
1791265036.0094,O,,,,1.49771,-0.1985,0.5189
1791265036.0102,O,,,,1.51359,-0.1985,0.5189
1791265035.9846,R,B,,-52,,,
1791265036.0510,R,B,,-58,,,
1791265036.0764,R,B,,-60,,,
1791265036.0766,R,A,,-71,,,
1791265036.0882,O,,,,1.52948,-0.1985,0.5189
1791265036.0894,O,,,,1.54669,-0.1985,0.5192
1791265036.0906,O,,,,1.56389,-0.1985,0.5189
1791265036.0915,O,,,,1.57978,-0.1985,0.5189
1791265036.1271,R,C,,-77,,,
1791265036.1611,O,,,,1.59698,-0.1985,0.5192
1791265036.1621,O,,,,1.61419,-0.1985,0.5189
1791265036.1629,O,,,,1.63008,-0.1985,0.5189
1791265036.1637,O,,,,1.64596,-0.1985,0.5189
1791265036.1283,R,A,,-75,,,
1791265036.1784,R,C,,-81,,,
1791265036.1785,R,A,,-77,,,
1791265036.2255,R,B,,-54,,,
1791265036.2260,R,C,,-72,,,
1791265036.2416,O,,,,1.66184,-0.1985,0.5189
1791265036.2425,O,,,,1.68038,-0.1985,0.5189
1791265036.2434,O,,,,1.69626,-0.1985,0.5189
1791265036.2441,O,,,,1.71347,-0.1985,0.5187
1791265036.2315,R,A,,-85,,,
1791265036.2765,R,B,,-49,,,
1791265036.3167,O,,,,1.73067,-0.1985,0.5189
1791265036.3178,O,,,,1.74656,-0.1985,0.5189
1791265036.3186,O,,,,1.76377,-0.1985,0.5187
1791265036.3194,O,,,,1.78097,-0.1985,0.5189
1791265036.2804,R,C,,-67,,,
1791265036.2807,R,A,,-78,,,
1791265036.3264,R,B,,-50,,,
1791265036.3310,R,C,,-64,,,
1791265036.3311,R,A,,-80,,,
1791265036.3582,R,B,,-56,,,
1791265036.3966,O,,,,1.79686,-0.1985,0.5189
1791265036.3975,O,,,,1.81406,-0.1984,0.5187
1791265036.3983,O,,,,1.82995,-0.1984,0.5187
1791265036.3991,O,,,,1.84716,-0.1985,0.5189
1791265036.3806,R,A,,-83,,,
1791265036.3811,R,C,,-62,,,
1791265036.4257,R,B,,-51,,,
1791265036.4664,O,,,,1.86436,-0.1984,0.5187
1791265036.4674,O,,,,1.88025,-0.1984,0.5187
1791265036.4682,O,,,,1.89745,-0.1985,0.5189
1791265036.4307,R,A,,-90,,,
1791265036.4310,R,C,,-60,,,
1791265036.4511,R,C,,-56,,,
1791265036.4513,R,A,,-79,,,
1791265036.4574,R,B,,-54,,,
1791265036.5023,R,C,,-67,,,
1791265036.5030,R,B,,-62,,,
1791265036.5031,R,A,,-74,,,
1791265036.5470,O,,,,1.91334,-0.1985,0.5189
1791265036.5478,O,,,,1.93055,-0.1984,0.5187
1791265036.5486,O,,,,1.94775,-0.1985,0.5189
1791265036.5493,O,,,,1.96364,-0.1985,0.5189
1791265036.5455,R,B,,-49,,,
1791265036.5482,R,C,,-61,,,
1791265036.6214,O,,,,1.98085,-0.1984,0.5187
1791265036.6226,O,,,,1.99673,-0.1984,0.5187
1791265036.6236,O,,,,2.01394,-0.1985,0.5189
1791265036.6243,O,,,,2.02982,-0.1985,0.5189
1791265036.6258,R,B,,-50,,,
1791265036.6306,R,A,,-72,,,
1791265036.6309,R,C,,-63,,,
1791265036.6495,R,C,,-67,,,
1791265036.6497,R,B,,-61,,,
1791265036.6504,R,A,,-75,,,
1791265036.7018,O,,,,2.04703,-0.1984,0.5187
1791265036.7032,O,,,,2.06424,-0.1985,0.5189
1791265036.7044,O,,,,2.08012,-0.1985,0.5189
1791265036.7056,O,,,,2.09733,-0.1984,0.5187
1791265036.7252,R,C,,-62,,,
1791265036.7254,R,A,,-67,,,
1791265036.7258,R,B,,-60,,,
1791265036.7776,O,,,,2.11453,-0.1985,0.5189
1791265036.7790,O,,,,2.13042,-0.1985,0.5189
1791265036.7285,R,A,,-66,,,
1791265036.7287,R,C,,-64,,,
1791265036.7734,R,A,,-69,,,
1791265036.7757,R,C,,-66,,,
1791265036.7759,R,B,,-61,,,
1791265036.7806,O,,,,2.14763,-0.1984,0.5187
1791265036.7820,O,,,,2.16483,-0.1985,0.5189
1791265036.8149,R,A,,-68,,,
1791265036.8153,R,B,,-71,,,
1791265036.8154,R,C,,-59,,,
1791265036.8578,O,,,,2.18072,-0.1985,0.5189
1791265036.8588,O,,,,2.19793,-0.1984,0.5187
1791265036.8595,O,,,,2.21513,-0.1986,0.5189
1791265036.8603,O,,,,2.23102,-0.1986,0.5189
1791265036.8565,R,B,,-67,,,
1791265036.8566,R,C,,-60,,,
1791265036.8682,R,A,,-71,,,
1791265036.9272,O,,,,2.24822,-0.1984,0.5187
1791265036.9287,O,,,,2.26411,-0.1984,0.5187
1791265036.9299,O,,,,2.28132,-0.1986,0.5189
1791265036.9299,R,A,,-76,,,
1791265036.9651,R,A,,-67,,,
1791265037.0025,O,,,,2.29720,-0.1986,0.5189
1791265037.0038,O,,,,2.31441,-0.1984,0.5187
1791265037.0049,O,,,,2.33029,-0.1984,0.5187
1791265037.0061,O,,,,2.34750,-0.1986,0.5189
1791265037.0003,R,A,,-67,,,
1791265037.0004,R,C,,-62,,,
1791265037.0260,R,B,,-68,,,
1791265037.0491,R,B,,-68,,,
1791265037.0492,R,C,,-57,,,
1791265037.0816,O,,,,2.36471,-0.1984,0.5187
1791265037.0829,O,,,,2.38059,-0.1984,0.5187
1791265037.0842,O,,,,2.39780,-0.1986,0.5189
1791265037.0850,O,,,,2.41501,-0.1984,0.5187
1791265037.0807,R,A,,-70,,,
1791265037.0840,R,B,,-75,,,
1791265037.1262,R,A,,-70,,,
1791265037.1264,R,B,,-76,,,
1791265037.1265,R,C,,-60,,,
1791265037.1684,O,,,,2.43221,-0.1986,0.5189
1791265037.1698,O,,,,2.44810,-0.1986,0.5189
1791265037.1711,O,,,,2.46530,-0.1984,0.5187
1791265037.1724,O,,,,2.48119,-0.1984,0.5187
1791265037.1734,R,A,,-70,,,
1791265037.1736,R,C,,-57,,,
1791265037.1764,R,B,,-66,,,
1791265037.2188,R,C,,-65,,,
1791265037.2189,R,B,,-72,,,
1791265037.2196,R,A,,-68,,,
1791265037.2427,O,,,,2.49840,-0.1986,0.5189
1791265037.2435,O,,,,2.51560,-0.1984,0.5187
1791265037.2443,O,,,,2.53149,-0.1984,0.5187
1791265037.2450,O,,,,2.54869,-0.1986,0.5189
1791265037.2758,R,B,,-67,,,
1791265037.3169,O,,,,2.56590,-0.1984,0.5187
1791265037.3182,O,,,,2.58179,-0.1984,0.5187
1791265037.3192,O,,,,2.59767,-0.1984,0.5187
1791265037.3201,O,,,,2.61620,-0.1984,0.5187
1791265037.2784,R,A,,-70,,,
1791265037.2804,R,C,,-57,,,
1791265037.3098,R,B,,-66,,,
1791265037.3101,R,C,,-58,,,
1791265037.3104,R,A,,-71,,,
1791265037.3746,R,C,,-60,,,
1791265037.3759,R,B,,-69,,,
1791265037.3921,O,,,,2.63208,-0.1984,0.5187
1791265037.3929,O,,,,2.64797,-0.1984,0.5187
1791265037.3936,O,,,,2.66385,-0.1984,0.5187
1791265037.3944,O,,,,2.68238,-0.1984,0.5187
1791265037.3806,R,A,,-69,,,
1791265037.3997,R,B,,-68,,,
1791265037.4066,R,C,,-70,,,
1791265037.4075,R,A,,-69,,,
1791265037.4668,O,,,,2.69827,-0.1984,0.5187
1791265037.4676,O,,,,2.71415,-0.1984,0.5187
1791265037.4684,O,,,,2.73136,-0.1986,0.5188
1791265037.4499,R,B,,-63,,,
1791265037.4804,R,C,,-65,,,
1791265037.4806,R,A,,-70,,,
1791265037.4896,R,B,,-65,,,
1791265037.5073,R,C,,-62,,,
1791265037.5450,O,,,,2.74857,-0.1984,0.5187
1791265037.5458,O,,,,2.76445,-0.1984,0.5187
1791265037.5466,O,,,,2.78166,-0.1986,0.5188
1791265037.5474,O,,,,2.79887,-0.1984,0.5187
1791265037.5307,R,A,,-71,,,
1791265037.5377,R,C,,-74,,,
1791265037.5379,R,A,,-75,,,
1791265037.5382,R,B,,-72,,,
1791265037.5764,R,B,,-69,,,
1791265037.5765,R,C,,-70,,,
1791265037.6172,O,,,,2.81475,-0.1984,0.5187
1791265037.6184,O,,,,2.83328,-0.1984,0.5187
1791265037.6192,O,,,,2.84916,-0.1984,0.5187
1791265037.6200,O,,,,2.86505,-0.1984,0.5187
1791265037.5806,R,A,,-73,,,
1791265037.6172,R,B,,-68,,,
1791265037.6181,R,A,,-69,,,
1791265037.6304,R,C,,-56,,,
1791265037.6595,R,A,,-71,,,
1791265037.6597,R,B,,-71,,,
1791265037.6598,R,C,,-58,,,
1791265037.6968,O,,,,2.88226,-0.1986,0.5188
1791265037.6979,O,,,,2.89946,-0.1984,0.5187
1791265037.6988,O,,,,2.91535,-0.1984,0.5187
1791265037.6996,O,,,,2.93256,-0.1986,0.5188
1791265037.7067,R,B,,-72,,,
1791265037.7068,R,A,,-86,,,
1791265037.7133,R,C,,-55,,,
1791265037.7771,O,,,,2.94976,-0.1984,0.5187
1791265037.7782,O,,,,2.96565,-0.1984,0.5187
1791265037.7759,R,B,,-69,,,
1791265037.7793,O,,,,2.98285,-0.1986,0.5188
1791265037.7801,O,,,,3.00006,-0.1984,0.5187
1791265037.7803,R,C,,-60,,,
1791265037.7807,R,A,,-71,,,
1791265037.8004,R,B,,-72,,,
1791265037.8008,R,A,,-87,,,
1791265037.8009,R,C,,-55,,,
1791265037.8512,O,,,,3.01595,-0.1984,0.5187
1791265037.8520,O,,,,3.03183,-0.1984,0.5187
1791265037.8528,O,,,,3.05036,-0.1984,0.5187
1791265037.8537,O,,,,3.06624,-0.1984,0.5187
1791265037.8690,R,C,,-56,,,
1791265037.8759,R,B,,-74,,,
1791265037.9223,O,,,,3.08213,-0.1984,0.5187
1791265037.9233,O,,,,3.09934,-0.1986,0.5188
1791265037.9241,O,,,,3.11654,-0.1984,0.5187
1791265037.8800,R,A,,-75,,,
1791265037.8879,R,B,,-69,,,
1791265037.8882,R,C,,-59,,,
1791265037.9087,R,A,,-68,,,
1791265037.9348,R,B,,-76,,,
1791265037.9769,R,C,,-52,,,
1791265038.0025,O,,,,3.13243,-0.1984,0.5187
1791265038.0034,O,,,,-3.13355,-0.1986,0.5187
1791265038.0042,O,,,,-3.11634,-0.1984,0.5188
1791265038.0050,O,,,,-3.10046,-0.1984,0.5188
1791265037.9801,R,A,,-64,,,
1791265037.9833,R,A,,-65,,,
1791265037.9931,R,B,,-70,,,
1791265038.0210,R,B,,-72,,,
1791265038.0213,R,A,,-68,,,
1791265038.0773,O,,,,-3.08325,-0.1986,0.5187
1791265038.0784,O,,,,-3.06737,-0.1986,0.5187
1791265038.0286,R,C,,-64,,,
1791265038.0658,R,B,,-64,,,
1791265038.0795,O,,,,-3.05016,-0.1984,0.5188
1791265038.0803,O,,,,-3.03295,-0.1986,0.5187
1791265038.0805,R,C,,-63,,,
1791265038.0806,R,A,,-68,,,
1791265038.1570,O,,,,-3.01707,-0.1986,0.5187
1791265038.1579,O,,,,-2.99986,-0.1984,0.5188
1791265038.1587,O,,,,-2.98398,-0.1984,0.5188
1791265038.1595,O,,,,-2.96677,-0.1986,0.5187
1791265038.1593,R,C,,-63,,,
1791265038.1599,R,B,,-74,,,
1791265038.1605,R,A,,-93,,,
1791265038.2064,R,C,,-62,,,
1791265038.2065,R,B,,-76,,,
1791265038.2369,O,,,,-2.94956,-0.1984,0.5188
1791265038.2391,O,,,,-2.93368,-0.1984,0.5188
1791265038.2400,O,,,,-2.91647,-0.1986,0.5187
1791265038.2408,O,,,,-2.90059,-0.1986,0.5187
1791265038.2293,R,A,,-72,,,
1791265038.2507,R,C,,-63,,,
1791265038.2696,R,B,,-72,,,
1791265038.2714,R,A,,-63,,,
1791265038.3130,O,,,,-2.88338,-0.1984,0.5188
1791265038.3140,O,,,,-2.86617,-0.1986,0.5187
1791265038.3147,O,,,,-2.85029,-0.1986,0.5187
1791265038.3157,O,,,,-2.83308,-0.1984,0.5188
1791265038.3259,R,B,,-84,,,
1791265038.3304,R,C,,-67,,,
1791265038.3307,R,A,,-67,,,
1791265038.3433,R,A,,-68,,,
1791265038.3436,R,C,,-67,,,
1791265038.3557,R,B,,-73,,,
1791265038.3811,O,,,,-2.81587,-0.1986,0.5187
1791265038.3820,O,,,,-2.79999,-0.1986,0.5187
1791265038.3827,O,,,,-2.78410,-0.1986,0.5187
1791265038.3835,O,,,,-2.76690,-0.1984,0.5188
1791265038.3944,R,C,,-67,,,
1791265038.4248,R,B,,-70,,,
1791265038.4615,O,,,,-2.74969,-0.1986,0.5187
1791265038.4626,O,,,,-2.73381,-0.1986,0.5187
1791265038.4641,O,,,,-2.71792,-0.1986,0.5187
1791265038.4312,R,A,,-71,,,
1791265038.4415,R,C,,-63,,,
1791265038.4426,R,B,,-72,,,
1791265038.4578,R,A,,-70,,,
1791265038.4753,R,B,,-70,,,
1791265038.4756,R,C,,-65,,,
1791265038.4808,R,A,,-72,,,
1791265038.5241,R,B,,-77,,,
1791265038.5372,O,,,,-2.69939,-0.1986,0.5187
1791265038.5389,O,,,,-2.68351,-0.1986,0.5187
1791265038.5397,O,,,,-2.66762,-0.1986,0.5187
1791265038.5405,O,,,,-2.65174,-0.1986,0.5187
1791265038.5303,R,C,,-64,,,
1791265038.5309,R,A,,-69,,,
1791265038.5661,R,C,,-57,,,
1791265038.5663,R,A,,-76,,,
1791265038.5758,R,B,,-79,,,
1791265038.6243,O,,,,-2.63321,-0.1986,0.5187
1791265038.6251,O,,,,-2.61732,-0.1986,0.5187
1791265038.6259,O,,,,-2.60144,-0.1986,0.5187
1791265038.6267,O,,,,-2.58423,-0.1984,0.5188
1791265038.6056,R,C,,-57,,,
1791265038.6059,R,B,,-69,,,
1791265038.6308,R,A,,-65,,,
1791265038.6760,R,C,,-60,,,
1791265038.6765,R,B,,-68,,,
1791265038.6771,R,A,,-75,,,
1791265038.7024,O,,,,-2.56702,-0.1986,0.5187
1791265038.7034,O,,,,-2.55114,-0.1986,0.5187
1791265038.7042,O,,,,-2.53261,-0.1986,0.5187
1791265038.7049,O,,,,-2.51673,-0.1986,0.5187
1791265038.7207,R,B,,-73,,,
1791265038.7210,R,C,,-61,,,
1791265038.7788,O,,,,-2.50084,-0.1986,0.5187
1791265038.7311,R,A,,-71,,,
1791265038.7761,R,B,,-75,,,
1791265038.7763,R,C,,-58,,,
1791265038.7765,R,A,,-84,,,
1791265038.7798,O,,,,-2.48363,-0.1988,0.5185
1791265038.7808,O,,,,-2.46643,-0.1986,0.5187
1791265038.7816,O,,,,-2.45054,-0.1986,0.5187
1791265038.8028,R,C,,-58,,,
1791265038.8029,R,B,,-70,,,
1791265038.8272,R,A,,-70,,,
1791265038.8524,O,,,,-2.43466,-0.1986,0.5187
1791265038.8534,O,,,,-2.41745,-0.1984,0.5189
1791265038.8558,O,,,,-2.40024,-0.1986,0.5187
1791265038.8566,O,,,,-2.38436,-0.1986,0.5187
1791265038.8286,R,C,,-56,,,
1791265038.8751,R,B,,-67,,,
1791265038.8754,R,C,,-60,,,
1791265038.9241,O,,,,-2.36583,-0.1986,0.5187
1791265038.9251,O,,,,-2.34994,-0.1986,0.5187
1791265038.9259,O,,,,-2.33406,-0.1986,0.5187
1791265038.8807,R,A,,-69,,,
1791265038.9197,R,C,,-58,,,
1791265038.9213,R,A,,-66,,,
1791265038.9258,R,B,,-75,,,
1791265038.9613,R,A,,-63,,,
1791265038.9969,O,,,,-2.31818,-0.1986,0.5187
1791265038.9979,O,,,,-2.29965,-0.1986,0.5187
1791265038.9990,O,,,,-2.28376,-0.1986,0.5187
1791265038.9998,O,,,,-2.26788,-0.1986,0.5187
1791265039.0049,R,C,,-52,,,
1791265039.0050,R,B,,-66,,,
1791265039.0052,R,A,,-69,,,
1791265039.0769,O,,,,-2.25067,-0.1984,0.5189
1791265039.0779,O,,,,-2.23346,-0.1986,0.5187
1791265039.0788,O,,,,-2.21758,-0.1986,0.5187
1791265039.0664,R,C,,-58,,,
1791265039.0683,R,B,,-78,,,
1791265039.0757,R,A,,-63,,,
1791265039.0798,O,,,,-2.19905,-0.1986,0.5187
1791265039.0959,R,C,,-61,,,
1791265039.0962,R,A,,-65,,,
1791265039.0975,R,B,,-79,,,
1791265039.1563,O,,,,-2.18316,-0.1986,0.5187
1791265039.1574,O,,,,-2.16728,-0.1986,0.5187
1791265039.1596,O,,,,-2.15140,-0.1986,0.5187
1791265039.1604,O,,,,-2.13286,-0.1986,0.5187
1791265039.1542,R,A,,-68,,,
1791265039.1545,R,B,,-70,,,
1791265039.1546,R,C,,-61,,,
1791265039.1804,R,C,,-63,,,
1791265039.1809,R,A,,-69,,,
1791265039.2255,R,A,,-68,,,
1791265039.2265,R,B,,-76,,,
1791265039.2312,O,,,,-2.11698,-0.1986,0.5187
1791265039.2321,O,,,,-2.10110,-0.1986,0.5187
1791265039.2329,O,,,,-2.08389,-0.1985,0.5189
1791265039.2336,O,,,,-2.06668,-0.1986,0.5187
1791265039.2310,R,C,,-62,,,
1791265039.2725,R,B,,-69,,,
1791265039.3121,O,,,,-2.05080,-0.1986,0.5187
1791265039.3129,O,,,,-2.03359,-0.1987,0.5185
1791265039.3137,O,,,,-2.01638,-0.1986,0.5187
1791265039.3145,O,,,,-2.00050,-0.1986,0.5187
1791265039.2809,R,A,,-77,,,
1791265039.2811,R,C,,-65,,,
1791265039.3176,R,A,,-71,,,
1791265039.3180,R,B,,-76,,,
1791265039.3181,R,C,,-67,,,
1791265039.3602,R,B,,-77,,,
1791265039.3707,R,C,,-72,,,
1791265039.3813,O,,,,-1.98329,-0.1987,0.5185
1791265039.3822,O,,,,-1.96608,-0.1986,0.5187
1791265039.3832,O,,,,-1.95020,-0.1986,0.5187
1791265039.3811,R,A,,-71,,,
1791265039.4053,R,B,,-70,,,
1791265039.4093,R,C,,-71,,,
1791265039.4096,R,A,,-69,,,
1791265039.4569,O,,,,-1.93432,-0.1986,0.5187
1791265039.4581,O,,,,-1.91579,-0.1986,0.5187
1791265039.4589,O,,,,-1.89990,-0.1986,0.5187
1791265039.4597,O,,,,-1.88402,-0.1986,0.5187
1791265039.4676,R,B,,-76,,,
1791265039.4806,R,C,,-74,,,
1791265039.4808,R,A,,-69,,,
1791265039.5113,R,B,,-78,,,
1791265039.5116,R,A,,-72,,,
1791265039.5117,R,C,,-69,,,
1791265039.5368,O,,,,-1.86681,-0.1987,0.5184
1791265039.5379,O,,,,-1.84960,-0.1986,0.5187
1791265039.5386,O,,,,-1.83372,-0.1986,0.5187
1791265039.5397,O,,,,-1.81783,-0.1986,0.5187
1791265039.5452,R,C,,-68,,,
1791265039.5471,R,A,,-81,,,
1791265039.5634,R,B,,-73,,,
1791265039.6121,O,,,,-1.80195,-0.1986,0.5187
1791265039.6133,O,,,,-1.78871,-0.1986,0.5187
1791265039.6141,O,,,,-1.77548,-0.1986,0.5187
1791265039.6148,O,,,,-1.76356,-0.1986,0.5190
1791265039.6186,R,B,,-70,,,
1791265039.6188,R,A,,-75,,,
1791265039.6190,R,C,,-66,,,
1791265039.6302,R,A,,-80,,,
1791265039.6304,R,C,,-66,,,
1791265039.6709,R,C,,-68,,,
1791265039.6758,R,B,,-71,,,
1791265039.6912,O,,,,-1.75165,-0.1985,0.5192
1791265039.6922,O,,,,-1.74371,-0.1984,0.5197
1791265039.6930,O,,,,-1.73577,-0.1984,0.5197
1791265039.6938,O,,,,-1.72915,-0.1984,0.5200
1791265039.6808,R,A,,-68,,,
1791265039.7253,R,C,,-64,,,
1791265039.7255,R,A,,-77,,,
1791265039.7723,O,,,,-1.72518,-0.1983,0.5203
1791265039.7732,O,,,,-1.72121,-0.1983,0.5205
1791265039.7740,O,,,,-1.71724,-0.1983,0.5208
1791265039.7747,O,,,,-1.71591,-0.1982,0.5211
1791265039.7767,R,B,,-67,,,
1791265039.7803,R,C,,-66,,,
1791265039.7814,R,A,,-77,,,
1791265039.8093,R,A,,-67,,,
1791265039.8097,R,C,,-70,,,
1791265039.8098,R,B,,-70,,,
1791265039.8473,O,,,,-1.71459,-0.1982,0.5213
1791265039.8484,O,,,,-1.71327,-0.1982,0.5211
1791265039.8492,O,,,,-1.71194,-0.1982,0.5213
1791265039.8499,O,,,,-1.71194,-0.1982,0.5213
1791265039.8550,R,B,,-74,,,
1791265039.8561,R,C,,-66,,,
1791265039.8563,R,A,,-70,,,
1791265039.9172,O,,,,-1.71194,-0.1982,0.5213
1791265039.9182,O,,,,-1.71194,-0.1982,0.5213
1791265039.9190,O,,,,-1.71194,-0.1982,0.5213
1791265039.9217,R,B,,-68,,,
1791265039.9222,R,C,,-68,,,
1791265039.9308,R,A,,-73,,,
1791265039.9511,R,C,,-81,,,
1791265039.9513,R,B,,-67,,,
1791265039.9515,R,A,,-67,,,
1791265039.9972,O,,,,-1.71194,-0.1982,0.5213
1791265039.9983,O,,,,-1.71327,-0.1982,0.5211
1791265039.9991,O,,,,-1.71327,-0.1982,0.5211
1791265039.9999,O,,,,-1.71327,-0.1982,0.5211
1791265040.0199,R,C,,-68,,,
1791265040.0202,R,B,,-70,,,
1791265040.0721,O,,,,-1.71327,-0.1982,0.5211
1791265040.0730,O,,,,-1.71327,-0.1982,0.5211
1791265040.0737,O,,,,-1.71327,-0.1982,0.5211
1791265040.0745,O,,,,-1.71327,-0.1982,0.5211
1791265040.0312,R,A,,-68,,,
1791265040.0428,R,A,,-77,,,
1791265040.0684,R,C,,-63,,,
1791265040.0758,R,B,,-69,,,
1791265040.0858,R,B,,-66,,,
1791265040.0864,R,C,,-73,,,
1791265040.0907,R,A,,-67,,,
1791265040.1518,O,,,,-1.71327,-0.1982,0.5211
1791265040.1527,O,,,,-1.71327,-0.1982,0.5211
1791265040.1535,O,,,,-1.71327,-0.1982,0.5211
1791265040.1542,O,,,,-1.71327,-0.1982,0.5211
1791265040.1305,R,C,,-69,,,
1791265040.1309,R,A,,-65,,,
1791265040.1440,R,B,,-68,,,
1791265040.1809,R,A,,-63,,,
1791265040.1811,R,C,,-63,,,
1791265040.2209,R,C,,-61,,,
1791265040.2258,R,B,,-74,,,
1791265040.2314,O,,,,-1.71327,-0.1982,0.5211
1791265040.2324,O,,,,-1.71327,-0.1982,0.5211
1791265040.2334,O,,,,-1.71327,-0.1982,0.5211
1791265040.2342,O,,,,-1.71327,-0.1982,0.5211
1791265040.2315,R,A,,-68,,,
1791265040.2603,R,C,,-62,,,
1791265040.2643,R,B,,-76,,,
1791265040.2644,R,A,,-62,,,
1791265040.3070,O,,,,-1.71327,-0.1982,0.5211
1791265040.3079,O,,,,-1.71327,-0.1982,0.5211
1791265040.3087,O,,,,-1.71327,-0.1982,0.5211
1791265040.3095,O,,,,-1.71327,-0.1982,0.5211
1791265040.3099,R,B,,-68,,,
1791265040.3108,R,C,,-56,,,
1791265040.3763,O,,,,-1.71327,-0.1982,0.5211
1791265040.3776,O,,,,-1.71327,-0.1982,0.5211
1791265040.3787,O,,,,-1.71327,-0.1982,0.5211
1791265040.3309,R,A,,-62,,,
1791265040.3615,R,B,,-75,,,
1791265040.3616,R,A,,-57,,,
1791265040.3804,R,C,,-59,,,
1791265040.4027,R,B,,-76,,,
1791265040.4568,O,,,,-1.71327,-0.1982,0.5211
1791265040.4578,O,,,,-1.71327,-0.1982,0.5211
1791265040.4587,O,,,,-1.71327,-0.1982,0.5211
1791265040.4594,O,,,,-1.71194,-0.1982,0.5213
1791265040.4312,R,C,,-56,,,
1791265040.4317,R,A,,-58,,,
1791265040.4498,R,B,,-60,,,
1791265040.4501,R,C,,-59,,,
1791265040.4503,R,A,,-56,,,
1791265040.5260,R,B,,-63,,,
1791265040.5314,O,,,,-1.71062,-0.1981,0.5216
1791265040.5323,O,,,,-1.70929,-0.1981,0.5218
1791265040.5331,O,,,,-1.70532,-0.1981,0.5221
1791265040.5339,O,,,,-1.70003,-0.1980,0.5226
1791265040.5304,R,C,,-56,,,
1791265040.5309,R,A,,-56,,,
1791265040.5463,R,C,,-61,,,
1791265040.5481,R,B,,-64,,,
1791265040.5663,R,A,,-58,,,
1791265040.6123,O,,,,-1.69606,-0.1980,0.5229
1791265040.6133,O,,,,-1.69076,-0.1979,0.5234
1791265040.6141,O,,,,-1.68547,-0.1979,0.5234
1791265040.6148,O,,,,-1.67885,-0.1979,0.5237
1791265040.5832,R,B,,-57,,,
1791265040.6311,R,C,,-68,,,
1791265040.6314,R,A,,-64,,,
1791265040.6498,R,B,,-59,,,
1791265040.6869,O,,,,-1.67091,-0.1978,0.5242
1791265040.7094,O,,,,-1.66297,-0.1978,0.5242
1791265040.7102,O,,,,-1.65370,-0.1978,0.5245
1791265040.7110,O,,,,-1.64444,-0.1978,0.5247
1791265040.6791,R,C,,-66,,,
1791265040.6811,R,A,,-58,,,
1791265040.7258,R,B,,-68,,,
1791265040.7672,O,,,,-1.63252,-0.1978,0.5250
1791265040.7695,O,,,,-1.61929,-0.1978,0.5250
1791265040.7703,O,,,,-1.60737,-0.1977,0.5253
1791265040.7711,O,,,,-1.59414,-0.1977,0.5253
1791265040.7301,R,C,,-74,,,
1791265040.7308,R,A,,-59,,,
1791265040.7647,R,A,,-58,,,
1791265040.7651,R,C,,-66,,,
1791265040.7652,R,B,,-61,,,
1791265040.8067,R,B,,-58,,,
1791265040.8471,O,,,,-1.57958,-0.1977,0.5255
1791265040.8482,O,,,,-1.56502,-0.1977,0.5258
1791265040.8491,O,,,,-1.54913,-0.1977,0.5258
1791265040.8499,O,,,,-1.53457,-0.1977,0.5261
1791265040.8305,R,C,,-70,,,
1791265040.8308,R,A,,-56,,,
1791265040.8471,R,B,,-60,,,
1791265040.8589,R,C,,-67,,,
1791265040.9171,O,,,,-1.51869,-0.1977,0.5261
1791265040.9182,O,,,,-1.50280,-0.1977,0.5261
1791265040.9189,O,,,,-1.48692,-0.1977,0.5261
1791265040.8809,R,A,,-58,,,
1791265040.8905,R,B,,-58,,,
1791265040.8907,R,C,,-62,,,
1791265040.8908,R,A,,-59,,,
1791265040.9501,R,B,,-57,,,
1791265040.9753,R,A,,-60,,,
1791265040.9755,R,C,,-70,,,
1791265040.9922,O,,,,-1.47104,-0.1977,0.5261
1791265040.9932,O,,,,-1.45515,-0.1977,0.5261
1791265040.9941,O,,,,-1.43927,-0.1977,0.5261
1791265040.9949,O,,,,-1.42074,-0.1977,0.5261
1791265040.9804,R,C,,-71,,,
1791265040.9811,R,A,,-58,,,
1791265041.0208,R,C,,-61,,,
1791265041.0266,R,B,,-64,,,
1791265041.0737,O,,,,-1.40485,-0.1977,0.5261
1791265041.0746,O,,,,-1.38897,-0.1977,0.5261
1791265041.0754,O,,,,-1.37309,-0.1977,0.5261
1791265041.0762,O,,,,-1.35588,-0.1978,0.5263
1791265041.0311,R,A,,-60,,,
1791265041.0765,R,B,,-57,,,
1791265041.0805,R,C,,-65,,,
1791265041.0811,R,A,,-61,,,
1791265041.1080,R,B,,-76,,,
1791265041.1083,R,C,,-63,,,
1791265041.1252,R,A,,-60,,,
1791265041.1472,O,,,,-1.33867,-0.1977,0.5261
1791265041.1483,O,,,,-1.32279,-0.1977,0.5261
1791265041.1492,O,,,,-1.30690,-0.1977,0.5261
1791265041.1499,O,,,,-1.28969,-0.1978,0.5263
1791265041.1514,R,C,,-63,,,
1791265041.1516,R,A,,-61,,,
1791265041.1660,R,B,,-64,,,
1791265041.1997,R,C,,-67,,,
1791265041.1999,R,A,,-66,,,
1791265041.2002,R,B,,-57,,,
1791265041.2342,O,,,,-1.27249,-0.1977,0.5261
1791265041.2352,O,,,,-1.25660,-0.1977,0.5261
1791265041.2361,O,,,,-1.23940,-0.1978,0.5263
1791265041.2369,O,,,,-1.22219,-0.1977,0.5261
1791265041.2566,R,B,,-56,,,
1791265041.3072,O,,,,-1.20630,-0.1977,0.5261
1791265041.3083,O,,,,-1.18910,-0.1978,0.5263
1791265041.3091,O,,,,-1.17189,-0.1977,0.5261
1791265041.3099,O,,,,-1.15601,-0.1977,0.5261
1791265041.2805,R,C,,-70,,,
1791265041.2816,R,A,,-63,,,
1791265041.3721,O,,,,-1.14012,-0.1977,0.5261
1791265041.3742,O,,,,-1.12291,-0.1978,0.5263
1791265041.3750,O,,,,-1.10571,-0.1977,0.5261
1791265041.3725,R,C,,-67,,,
1791265041.3728,R,B,,-62,,,
1791265041.3729,R,A,,-67,,,
1791265041.4051,R,C,,-66,,,
1791265041.4054,R,A,,-62,,,
1791265041.4055,R,B,,-61,,,
1791265041.4525,O,,,,-1.08982,-0.1977,0.5261
1791265041.4537,O,,,,-1.07129,-0.1977,0.5261
1791265041.4545,O,,,,-1.05541,-0.1977,0.5261
1791265041.4553,O,,,,-1.03952,-0.1977,0.5261
1791265041.4427,R,C,,-73,,,
1791265041.4428,R,A,,-60,,,
1791265041.4430,R,B,,-63,,,
1791265041.4810,R,C,,-72,,,
1791265041.4814,R,A,,-61,,,
1791265041.4987,R,B,,-56,,,
1791265041.5315,O,,,,-1.02232,-0.1979,0.5263
1791265041.5325,O,,,,-1.00643,-0.1979,0.5263
1791265041.5334,O,,,,-0.98922,-0.1977,0.5261
1791265041.5342,O,,,,-0.97334,-0.1977,0.5261
1791265041.5765,R,B,,-58,,,
1791265041.6069,O,,,,-0.95481,-0.1977,0.5261
1791265041.6178,O,,,,-0.93893,-0.1977,0.5261
1791265041.6186,O,,,,-0.92304,-0.1977,0.5261
1791265041.6194,O,,,,-0.90583,-0.1976,0.5259
1791265041.5801,R,C,,-87,,,
1791265041.5809,R,A,,-61,,,
1791265041.6545,R,C,,-74,,,
1791265041.6546,R,B,,-68,,,
1791265041.6548,R,A,,-65,,,
1791265041.6873,O,,,,-0.88863,-0.1977,0.5261
1791265041.6884,O,,,,-0.87274,-0.1977,0.5261
1791265041.6899,O,,,,-0.85686,-0.1977,0.5261
1791265041.6913,O,,,,-0.83965,-0.1975,0.5259
1791265041.6960,R,C,,-69,,,
1791265041.6999,R,B,,-63,,,
1791265041.7212,R,A,,-61,,,
1791265041.7654,O,,,,-0.82244,-0.1977,0.5261
1791265041.7664,O,,,,-0.80656,-0.1977,0.5261
1791265041.7673,O,,,,-0.78935,-0.1975,0.5259
1791265041.7681,O,,,,-0.77347,-0.1975,0.5259
1791265041.7760,R,B,,-66,,,
1791265041.7804,R,C,,-76,,,
1791265041.7810,R,A,,-63,,,
1791265041.7847,R,B,,-55,,,
1791265041.8067,R,C,,-74,,,
1791265041.8212,R,A,,-66,,,
1791265041.8416,O,,,,-0.75626,-0.1977,0.5261
1791265041.8426,O,,,,-0.74038,-0.1977,0.5261
1791265041.8435,O,,,,-0.72317,-0.1975,0.5259
1791265041.8443,O,,,,-0.70596,-0.1977,0.5260
1791265041.8305,R,C,,-73,,,
1791265041.8310,R,A,,-68,,,
1791265041.8550,R,B,,-55,,,
1791265041.9119,O,,,,-0.69008,-0.1977,0.5260
1791265041.9208,O,,,,-0.67287,-0.1975,0.5259
1791265041.9216,O,,,,-0.65566,-0.1977,0.5260
1791265041.8809,R,A,,-67,,,
1791265041.8811,R,C,,-73,,,
1791265041.9199,R,A,,-72,,,
1791265041.9261,R,B,,-62,,,
1791265041.9313,R,C,,-77,,,
1791265041.9677,R,B,,-58,,,
1791265041.9919,O,,,,-0.63978,-0.1977,0.5260
1791265041.9937,O,,,,-0.62390,-0.1977,0.5260
1791265041.9946,O,,,,-0.60801,-0.1977,0.5260
1791265041.9953,O,,,,-0.59080,-0.1975,0.5259
1791265042.0135,R,B,,-60,,,
1791265042.0669,O,,,,-0.57360,-0.1977,0.5260
1791265042.0680,O,,,,-0.55771,-0.1977,0.5260
1791265042.0690,O,,,,-0.53918,-0.1977,0.5260
1791265042.0699,O,,,,-0.52330,-0.1977,0.5260
1791265042.0294,R,C,,-66,,,
1791265042.0312,R,A,,-72,,,
1791265042.0585,R,B,,-61,,,
1791265042.0587,R,C,,-74,,,
1791265042.0787,R,A,,-84,,,
1791265042.1042,R,A,,-77,,,
1791265042.1258,R,B,,-57,,,
1791265042.1469,O,,,,-0.50741,-0.1977,0.5260
1791265042.1575,O,,,,-0.48888,-0.1977,0.5260
1791265042.1588,O,,,,-0.47300,-0.1977,0.5260
1791265042.1597,O,,,,-0.45711,-0.1977,0.5260
1791265042.1305,R,C,,-70,,,
1791265042.1486,R,B,,-67,,,
1791265042.1488,R,A,,-78,,,
1791265042.2268,O,,,,-0.43991,-0.1980,0.5262
1791265042.2284,O,,,,-0.42270,-0.1977,0.5260
1791265042.1811,R,C,,-80,,,
1791265042.2015,R,B,,-62,,,
1791265042.2294,O,,,,-0.40682,-0.1977,0.5260
1791265042.2304,O,,,,-0.38961,-0.1980,0.5261
1791265042.2311,R,C,,-80,,,
1791265042.2316,R,A,,-75,,,
1791265042.2464,R,A,,-75,,,
1791265042.2677,R,C,,-68,,,
1791265042.2679,R,B,,-62,,,
1791265042.3014,O,,,,-0.37240,-0.1977,0.5261
1791265042.3025,O,,,,-0.35652,-0.1977,0.5261
1791265042.3034,O,,,,-0.34063,-0.1977,0.5261
1791265042.3042,O,,,,-0.32210,-0.1977,0.5261
1791265042.3076,R,C,,-77,,,
1791265042.3259,R,B,,-65,,,
1791265042.3716,O,,,,-0.30622,-0.1977,0.5261
1791265042.3726,O,,,,-0.29033,-0.1977,0.5261
1791265042.3734,O,,,,-0.27180,-0.1977,0.5261
1791265042.3309,R,A,,-76,,,
1791265042.3497,R,B,,-63,,,
1791265042.3805,R,C,,-73,,,
1791265042.3810,R,A,,-68,,,
1791265042.4241,R,B,,-67,,,
1791265042.4521,O,,,,-0.25592,-0.1977,0.5261
1791265042.4532,O,,,,-0.23739,-0.1977,0.5261
1791265042.4541,O,,,,-0.22150,-0.1977,0.5261
1791265042.4549,O,,,,-0.20562,-0.1977,0.5261
1791265042.4312,R,C,,-64,,,
1791265042.4316,R,A,,-68,,,
1791265042.4733,R,B,,-69,,,
1791265042.4735,R,A,,-73,,,
1791265042.4737,R,C,,-69,,,
1791265042.5276,O,,,,-0.18974,-0.1977,0.5261
1791265042.5379,O,,,,-0.17253,-0.1980,0.5261
1791265042.5153,R,B,,-65,,,
1791265042.5155,R,C,,-66,,,
1791265042.5157,R,A,,-68,,,
1791265042.5389,O,,,,-0.15532,-0.1977,0.5261
1791265042.5397,O,,,,-0.13944,-0.1977,0.5261
1791265042.5647,R,B,,-64,,,
1791265042.5651,R,A,,-62,,,
1791265042.5652,R,C,,-71,,,
1791265042.6069,O,,,,-0.12223,-0.1975,0.5260
1791265042.6080,O,,,,-0.10502,-0.1977,0.5261
1791265042.6089,O,,,,-0.08914,-0.1977,0.5261
1791265042.6097,O,,,,-0.07325,-0.1977,0.5261
1791265042.6194,R,B,,-66,,,
1791265042.6306,R,C,,-66,,,
1791265042.6314,R,A,,-62,,,
1791265042.6631,R,C,,-64,,,
1791265042.6634,R,A,,-83,,,
1791265042.6647,R,B,,-64,,,
1791265042.6813,O,,,,-0.05605,-0.1980,0.5261
1791265042.6825,O,,,,-0.03884,-0.1977,0.5261
1791265042.6834,O,,,,-0.02295,-0.1977,0.5261
1791265042.6842,O,,,,-0.00707,-0.1977,0.5261
1791265042.7246,R,C,,-66,,,
1791265042.7250,R,A,,-69,,,
1791265042.7251,R,B,,-48,,,
1791265042.7674,O,,,,0.01146,-0.1977,0.5261
1791265042.7688,O,,,,0.02734,-0.1977,0.5261
1791265042.7700,O,,,,0.04323,-0.1977,0.5261
1791265042.7712,O,,,,0.06176,-0.1977,0.5261
1791265042.7662,R,A,,-63,,,
1791265042.7665,R,B,,-52,,,
1791265042.7667,R,C,,-65,,,
1791265042.7916,R,C,,-68,,,
1791265042.7919,R,B,,-74,,,
1791265042.7925,R,A,,-76,,,
1791265042.8527,O,,,,0.07764,-0.1977,0.5261
1791265042.8536,O,,,,0.09353,-0.1977,0.5261
1791265042.8544,O,,,,0.11073,-0.1980,0.5260
1791265042.8552,O,,,,0.12794,-0.1977,0.5261
1791265042.8366,R,B,,-61,,,
1791265042.8669,R,A,,-71,,,
1791265042.8738,R,C,,-83,,,
1791265042.9155,O,,,,0.14383,-0.1977,0.5261
1791265042.9163,O,,,,0.15971,-0.1977,0.5261
1791265042.9172,O,,,,0.17824,-0.1977,0.5261
1791265042.8800,R,C,,-77,,,
1791265042.8810,R,A,,-72,,,
1791265042.9239,R,B,,-53,,,
1791265042.9243,R,A,,-62,,,
1791265042.9244,R,C,,-63,,,
1791265042.9261,R,B,,-55,,,
1791265042.9760,R,B,,-62,,,
1791265042.9869,O,,,,0.19413,-0.1977,0.5261
1791265042.9880,O,,,,0.21001,-0.1977,0.5261
1791265042.9889,O,,,,0.22457,-0.1975,0.5261
1791265042.9897,O,,,,0.24045,-0.1975,0.5261
1791265042.9805,R,C,,-59,,,
1791265042.9815,R,A,,-74,,,
1791265043.0179,R,B,,-64,,,
1791265043.0665,O,,,,0.25501,-0.1977,0.5261
1791265043.0673,O,,,,0.27090,-0.1977,0.5261
1791265043.0681,O,,,,0.28546,-0.1980,0.5260
1791265043.0689,O,,,,0.30002,-0.1977,0.5261
1791265043.0311,R,C,,-54,,,
1791265043.0320,R,A,,-85,,,
1791265043.0636,R,C,,-53,,,
1791265043.0759,R,B,,-60,,,
1791265043.0809,R,A,,-77,,,
1791265043.1040,R,A,,-71,,,
1791265043.1182,R,B,,-61,,,
1791265043.1188,R,C,,-53,,,
1791265043.1416,O,,,,0.31325,-0.1977,0.5261
1791265043.1495,O,,,,0.32649,-0.1977,0.5261
1791265043.1503,O,,,,0.33840,-0.1980,0.5260
1791265043.1511,O,,,,0.35032,-0.1977,0.5261
1791265043.1527,R,C,,-49,,,
1791265043.1532,R,B,,-59,,,
1791265043.2217,O,,,,0.36091,-0.1977,0.5261
1791265043.2226,O,,,,0.37017,-0.1975,0.5262
1791265043.2239,O,,,,0.37944,-0.1977,0.5261
1791265043.2247,O,,,,0.38738,-0.1977,0.5261
1791265043.1810,R,A,,-65,,,
1791265043.1964,R,B,,-64,,,
1791265043.1969,R,C,,-49,,,
1791265043.2318,R,A,,-61,,,
1791265043.2445,R,A,,-67,,,
1791265043.2447,R,B,,-64,,,
1791265043.2476,R,C,,-52,,,
1791265043.3019,O,,,,0.39532,-0.1977,0.5261
1791265043.3033,O,,,,0.40194,-0.1975,0.5262
1791265043.3042,O,,,,0.40856,-0.1977,0.5261
1791265043.3050,O,,,,0.41385,-0.1977,0.5261
1791265043.2793,R,A,,-72,,,
1791265043.2805,R,C,,-55,,,
1791265043.2934,R,B,,-65,,,
1791265043.3197,R,B,,-62,,,
1791265043.3200,R,C,,-53,,,
1791265043.3202,R,A,,-71,,,
1791265043.3668,O,,,,0.42047,-0.1975,0.5262
1791265043.3681,O,,,,0.42312,-0.1975,0.5262
1791265043.3689,O,,,,0.42709,-0.1973,0.5263
1791265043.3647,R,B,,-62,,,
1791265043.3649,R,A,,-67,,,
1791265043.3679,R,C,,-52,,,
1791265043.4048,R,B,,-64,,,
1791265043.4054,R,C,,-54,,,
1791265043.4058,R,A,,-72,,,
1791265043.4462,O,,,,0.42974,-0.1973,0.5263
1791265043.4472,O,,,,0.43238,-0.1973,0.5263
1791265043.4481,O,,,,0.43371,-0.1970,0.5264
1791265043.4488,O,,,,0.43503,-0.1973,0.5263
1791265043.4528,R,C,,-52,,,
1791265043.4529,R,A,,-69,,,
1791265043.4765,R,B,,-75,,,
1791265043.5266,O,,,,0.43635,-0.1970,0.5264
1791265043.5277,O,,,,0.43635,-0.1970,0.5264
1791265043.5286,O,,,,0.43635,-0.1970,0.5264
1791265043.4989,R,C,,-50,,,
1791265043.4993,R,A,,-71,,,
1791265043.4994,R,B,,-65,,,
1791265043.5296,O,,,,0.43635,-0.1970,0.5264
1791265043.5685,R,C,,-51,,,
1791265043.5760,R,B,,-67,,,
1791265043.6024,O,,,,0.43635,-0.1970,0.5264
1791265043.6034,O,,,,0.43635,-0.1970,0.5264
1791265043.6042,O,,,,0.43635,-0.1970,0.5264
1791265043.6049,O,,,,0.43635,-0.1970,0.5264
1791265043.5788,R,A,,-69,,,
1791265043.5805,R,C,,-55,,,
1791265043.5826,R,A,,-68,,,
1791265043.6074,R,B,,-75,,,
1791265043.6302,R,C,,-58,,,
1791265043.6311,R,A,,-67,,,
1791265043.6749,R,B,,-67,,,
1791265043.6815,O,,,,0.43635,-0.1970,0.5264
1791265043.6825,O,,,,0.43635,-0.1970,0.5264
1791265043.6834,O,,,,0.43635,-0.1970,0.5264
1791265043.6842,O,,,,0.43635,-0.1970,0.5264
1791265043.6811,R,A,,-68,,,
1791265043.6812,R,C,,-55,,,
1791265043.7202,R,C,,-56,,,
1791265043.7260,R,B,,-67,,,
1791265043.7623,O,,,,0.43635,-0.1970,0.5264
1791265043.7634,O,,,,0.43635,-0.1970,0.5264
1791265043.7643,O,,,,0.43635,-0.1970,0.5264
1791265043.7651,O,,,,0.43635,-0.1970,0.5264
1791265043.7317,R,A,,-68,,,
1791265043.7676,R,C,,-56,,,
1791265043.7765,R,B,,-66,,,
1791265043.7811,R,A,,-65,,,
1791265043.8112,R,C,,-50,,,
1791265043.8176,R,B,,-62,,,
1791265043.8297,O,,,,0.43635,-0.1970,0.5264
1791265043.8305,O,,,,0.43635,-0.1970,0.5264
1791265043.8312,O,,,,0.43635,-0.1970,0.5264
1791265043.8287,R,A,,-66,,,
1791265043.8548,R,C,,-56,,,
1791265043.8740,R,B,,-67,,,
1791265043.9069,O,,,,0.43635,-0.1970,0.5264
1791265043.9079,O,,,,0.44033,-0.1968,0.5265
1791265043.9088,O,,,,0.44694,-0.1970,0.5264
1791265043.9096,O,,,,0.45621,-0.1973,0.5263
1791265043.8810,R,A,,-69,,,
1791265043.8978,R,A,,-67,,,
1791265043.9164,R,B,,-65,,,
1791265043.9169,R,C,,-54,,,
1791265043.9570,R,B,,-65,,,
1791265043.9862,O,,,,0.46548,-0.1975,0.5261
1791265043.9872,O,,,,0.47871,-0.1975,0.5261
1791265043.9881,O,,,,0.49195,-0.1980,0.5259
1791265043.9888,O,,,,0.50518,-0.1980,0.5259
1791265043.9805,R,C,,-51,,,
1791265043.9809,R,A,,-68,,,
1791265043.9864,R,B,,-68,,,
1791265044.0236,R,C,,-60,,,
1791265044.0239,R,A,,-69,,,
1791265044.0619,O,,,,0.52107,-0.1980,0.5259
1791265044.0630,O,,,,0.53563,-0.1982,0.5258
1791265044.0639,O,,,,0.55151,-0.1986,0.5255
1791265044.0646,O,,,,0.56740,-0.1986,0.5255
1791265044.0306,R,C,,-62,,,
1791265044.0311,R,A,,-70,,,
1791265044.0731,R,B,,-64,,,
1791265044.0810,R,A,,-66,,,
1791265044.0812,R,C,,-59,,,
1791265044.0828,R,B,,-63,,,
1791265044.1416,O,,,,0.58328,-0.1986,0.5255
1791265044.1425,O,,,,0.59784,-0.1989,0.5253
1791265044.1434,O,,,,0.61372,-0.1989,0.5253
1791265044.1442,O,,,,0.62961,-0.1989,0.5253
1791265044.1303,R,C,,-58,,,
1791265044.1309,R,A,,-70,,,
1791265044.1759,R,B,,-78,,,
1791265044.2171,O,,,,0.64549,-0.1989,0.5253
1791265044.2181,O,,,,0.66138,-0.1989,0.5253
1791265044.2190,O,,,,0.67858,-0.1991,0.5252
1791265044.2198,O,,,,0.69447,-0.1991,0.5252
1791265044.1804,R,C,,-62,,,
1791265044.1812,R,A,,-71,,,
1791265044.2103,R,A,,-71,,,
1791265044.2265,R,B,,-72,,,
1791265044.2294,R,C,,-56,,,
1791265044.2575,R,C,,-57,,,
1791265044.2765,R,B,,-63,,,
1791265044.2972,O,,,,0.71035,-0.1991,0.5252
1791265044.2983,O,,,,0.72624,-0.1991,0.5252
1791265044.2991,O,,,,0.74477,-0.1991,0.5252
1791265044.2998,O,,,,0.76065,-0.1991,0.5252
1791265044.2810,R,A,,-84,,,
1791265044.2966,R,B,,-73,,,
1791265044.2968,R,C,,-61,,,
1791265044.2992,R,A,,-75,,,
1791265044.3668,O,,,,0.77653,-0.1991,0.5252
1791265044.3678,O,,,,0.79374,-0.1993,0.5250
1791265044.3686,O,,,,0.81095,-0.1991,0.5252
1791265044.3453,R,C,,-69,,,
1791265044.3455,R,A,,-75,,,
1791265044.3479,R,B,,-70,,,
1791265044.4072,R,C,,-66,,,
1791265044.4249,R,B,,-67,,,
1791265044.4252,R,A,,-69,,,
1791265044.4416,O,,,,0.82683,-0.1991,0.5252
1791265044.4427,O,,,,0.84536,-0.1991,0.5252
1791265044.4435,O,,,,0.86125,-0.1991,0.5252
1791265044.4443,O,,,,0.87713,-0.1991,0.5252
1791265044.4289,R,B,,-67,,,
1791265044.4291,R,A,,-68,,,
1791265044.4306,R,C,,-68,,,
1791265044.4672,R,C,,-70,,,
1791265044.4674,R,B,,-68,,,
1791265044.4702,R,A,,-71,,,
1791265044.5226,O,,,,0.89302,-0.1991,0.5252
1791265044.5236,O,,,,0.91022,-0.1992,0.5250
1791265044.5251,O,,,,0.92743,-0.1991,0.5252
1791265044.5258,O,,,,0.94464,-0.1992,0.5250
1791265044.5097,R,C,,-65,,,
1791265044.5098,R,B,,-69,,,
1791265044.5135,R,A,,-74,,,
1791265044.5602,R,A,,-78,,,
1791265044.5604,R,C,,-64,,,
1791265044.5609,R,B,,-71,,,
1791265044.6022,O,,,,0.96052,-0.1992,0.5250
1791265044.6034,O,,,,0.97641,-0.1992,0.5250
1791265044.6046,O,,,,0.99361,-0.1991,0.5252
1791265044.6058,O,,,,1.00950,-0.1991,0.5252
1791265044.6087,R,B,,-73,,,
1791265044.6088,R,C,,-70,,,
1791265044.6164,R,A,,-68,,,
1791265044.6771,O,,,,1.02671,-0.1992,0.5250
1791265044.6786,O,,,,1.04391,-0.1991,0.5252
1791265044.6687,R,B,,-69,,,
1791265044.6690,R,C,,-62,,,
1791265044.6695,R,A,,-70,,,
1791265044.6800,O,,,,1.06112,-0.1992,0.5250
1791265044.6812,O,,,,1.07700,-0.1992,0.5250
1791265044.7081,R,B,,-74,,,
1791265044.7083,R,C,,-56,,,
1791265044.7085,R,A,,-79,,,
1791265044.7567,O,,,,1.09421,-0.1991,0.5252
1791265044.7595,O,,,,1.11010,-0.1991,0.5252
1791265044.7605,O,,,,1.12598,-0.1991,0.5252
1791265044.7613,O,,,,1.14319,-0.1990,0.5254
1791265044.7363,R,A,,-70,,,
1791265044.7396,R,B,,-73,,,
1791265044.7398,R,C,,-67,,,
1791265044.7756,R,A,,-73,,,
1791265044.7759,R,B,,-80,,,
1791265044.7766,R,C,,-68,,,
1791265044.8272,O,,,,1.16040,-0.1991,0.5252
1791265044.8292,O,,,,1.17628,-0.1991,0.5252
1791265044.8229,R,B,,-77,,,
1791265044.8234,R,C,,-63,,,
1791265044.8308,O,,,,1.19349,-0.1990,0.5254
1791265044.8312,R,A,,-72,,,
1791265044.8761,R,B,,-67,,,
1791265044.9024,O,,,,1.21069,-0.1991,0.5252
1791265044.9037,O,,,,1.22658,-0.1991,0.5252
1791265044.9049,O,,,,1.24246,-0.1991,0.5252
1791265044.9061,O,,,,1.26099,-0.1991,0.5252
1791265044.8807,R,C,,-61,,,
1791265044.8810,R,A,,-77,,,
1791265044.9159,R,B,,-73,,,
1791265044.9206,R,C,,-66,,,
1791265044.9311,R,A,,-83,,,
1791265044.9588,R,A,,-71,,,
1791265044.9902,O,,,,1.27688,-0.1991,0.5252
1791265044.9916,O,,,,1.29276,-0.1991,0.5252
1791265044.9928,O,,,,1.31129,-0.1991,0.5252
1791265044.9940,O,,,,1.32718,-0.1991,0.5252
1791265044.9800,R,C,,-62,,,
1791265045.0091,R,B,,-81,,,
1791265045.0203,R,C,,-55,,,
1791265045.0211,R,A,,-69,,,
1791265045.0643,O,,,,1.34438,-0.1991,0.5249
1791265045.0652,O,,,,1.36159,-0.1991,0.5252
1791265045.0659,O,,,,1.37748,-0.1991,0.5252
1791265045.0667,O,,,,1.39336,-0.1991,0.5252
1791265045.0548,R,C,,-67,,,
1791265045.0549,R,B,,-76,,,
1791265045.0714,R,A,,-80,,,
1791265045.1263,R,B,,-73,,,
1791265045.1374,O,,,,1.41189,-0.1991,0.5252
1791265045.1389,O,,,,1.42777,-0.1991,0.5252
1791265045.1401,O,,,,1.44366,-0.1991,0.5252
1791265045.1412,O,,,,1.46087,-0.1991,0.5249
1791265045.1295,R,C,,-55,,,
1791265045.1312,R,A,,-65,,,
1791265045.1541,R,A,,-66,,,
1791265045.1766,R,B,,-82,,,
1791265045.2164,O,,,,1.47807,-0.1991,0.5252
1791265045.2173,O,,,,1.49396,-0.1991,0.5252
1791265045.2181,O,,,,1.51116,-0.1991,0.5249
1791265045.2188,O,,,,1.52705,-0.1991,0.5249
1791265045.1804,R,C,,-52,,,
1791265045.1983,R,B,,-87,,,
1791265045.1985,R,A,,-68,,,
1791265045.2310,R,C,,-62,,,
1791265045.2459,R,B,,-71,,,
1791265045.2549,R,C,,-58,,,
1791265045.2552,R,A,,-71,,,
1791265045.2973,O,,,,1.54426,-0.1991,0.5252
1791265045.2984,O,,,,1.56014,-0.1991,0.5252
1791265045.2992,O,,,,1.57735,-0.1991,0.5249
1791265045.2999,O,,,,1.59456,-0.1991,0.5252
1791265045.2898,R,C,,-57,,,
1791265045.2902,R,A,,-76,,,
1791265045.2903,R,B,,-75,,,
1791265045.3612,O,,,,1.61044,-0.1991,0.5252
1791265045.3621,O,,,,1.62765,-0.1991,0.5249
1791265045.3629,O,,,,1.64353,-0.1991,0.5249
1791265045.3306,R,C,,-62,,,
1791265045.3319,R,A,,-71,,,
1791265045.3691,R,C,,-60,,,
1791265045.3697,R,A,,-73,,,
1791265045.3765,R,B,,-72,,,
1791265045.4204,R,C,,-63,,,
1791265045.4207,R,B,,-71,,,
1791265045.4208,R,A,,-81,,,
1791265045.4420,O,,,,1.66074,-0.1991,0.5252
1791265045.4431,O,,,,1.67795,-0.1991,0.5249
1791265045.4439,O,,,,1.69383,-0.1991,0.5249
1791265045.4446,O,,,,1.71104,-0.1991,0.5247
1791265045.4761,R,B,,-81,,,
1791265045.5223,O,,,,1.72824,-0.1991,0.5249
1791265045.5232,O,,,,1.74413,-0.1991,0.5249
1791265045.5239,O,,,,1.76001,-0.1991,0.5249
1791265045.5247,O,,,,1.77854,-0.1991,0.5249
1791265045.4802,R,C,,-56,,,
1791265045.4813,R,A,,-70,,,
1791265045.5305,R,C,,-65,,,
1791265045.5318,R,A,,-72,,,
1791265045.5604,R,C,,-61,,,
1791265045.5693,R,B,,-73,,,
1791265045.5694,R,A,,-67,,,
1791265045.5971,O,,,,1.79443,-0.1991,0.5249
1791265045.5981,O,,,,1.81031,-0.1991,0.5249
1791265045.5989,O,,,,1.82752,-0.1992,0.5252
1791265045.5996,O,,,,1.84473,-0.1991,0.5249
1791265045.6049,R,C,,-61,,,
1791265045.6052,R,A,,-64,,,
1791265045.6053,R,B,,-74,,,
1791265045.6772,O,,,,1.86193,-0.1992,0.5252
1791265045.6782,O,,,,1.87782,-0.1992,0.5252
1791265045.6571,R,B,,-72,,,
1791265045.6792,O,,,,1.89503,-0.1991,0.5249
1791265045.6799,O,,,,1.91091,-0.1991,0.5249
1791265045.6809,R,A,,-63,,,
1791265045.7094,R,C,,-75,,,
1791265045.7096,R,A,,-70,,,
1791265045.7516,O,,,,1.92812,-0.1992,0.5252
1791265045.7526,O,,,,1.94532,-0.1991,0.5249
1791265045.7534,O,,,,1.96121,-0.1991,0.5249
1791265045.7542,O,,,,1.97842,-0.1992,0.5252
1791265045.7444,R,C,,-63,,,
1791265045.7446,R,B,,-71,,,
1791265045.7448,R,A,,-72,,,
1791265045.8218,O,,,,1.99430,-0.1992,0.5252
1791265045.8231,O,,,,2.01151,-0.1991,0.5249
1791265045.8240,O,,,,2.02871,-0.1992,0.5252
1791265045.8095,R,C,,-63,,,
1791265045.8098,R,A,,-68,,,
1791265045.8099,R,B,,-79,,,
1791265045.8512,R,A,,-68,,,
1791265045.8514,R,C,,-66,,,
1791265045.8679,R,B,,-83,,,
1791265045.9014,O,,,,2.04460,-0.1992,0.5252
1791265045.9024,O,,,,2.06181,-0.1991,0.5249
1791265045.9032,O,,,,2.07769,-0.1991,0.5249
1791265045.9041,O,,,,2.09490,-0.1992,0.5252
1791265045.8816,R,A,,-68,,,
1791265045.8867,R,B,,-72,,,
1791265045.9239,R,C,,-62,,,
1791265045.9262,R,B,,-72,,,
1791265045.9773,O,,,,2.11078,-0.1992,0.5252
1791265045.9783,O,,,,2.12799,-0.1991,0.5250
1791265045.9311,R,A,,-63,,,
1791265045.9727,R,B,,-81,,,
1791265045.9730,R,A,,-67,,,
1791265045.9731,R,C,,-62,,,
1791265045.9794,O,,,,2.14520,-0.1992,0.5252
1791265045.9802,O,,,,2.16108,-0.1992,0.5252
1791265046.0154,R,C,,-66,,,
1791265046.0190,R,A,,-70,,,
1791265046.0192,R,B,,-78,,,
1791265046.0578,O,,,,2.17829,-0.1990,0.5250
1791265046.0588,O,,,,2.19550,-0.1992,0.5252
1791265046.0605,O,,,,2.21138,-0.1992,0.5252
1791265046.0614,O,,,,2.22859,-0.1990,0.5250
1791265046.0629,R,C,,-70,,,
1791265046.0646,R,A,,-67,,,
1791265046.0760,R,B,,-85,,,
1791265046.1108,R,B,,-75,,,
1791265046.1118,R,C,,-67,,,
1791265046.1127,R,A,,-71,,,
1791265046.1422,O,,,,2.24579,-0.1992,0.5252
1791265046.1441,O,,,,2.26168,-0.1992,0.5252
1791265046.1449,O,,,,2.27756,-0.1992,0.5252
1791265046.1456,O,,,,2.29609,-0.1992,0.5252
1791265046.1668,R,B,,-70,,,
1791265046.1672,R,A,,-66,,,
1791265046.1674,R,C,,-63,,,
1791265046.2133,O,,,,2.31198,-0.1992,0.5252
1791265046.2143,O,,,,2.32786,-0.1992,0.5252
1791265046.2151,O,,,,2.34639,-0.1992,0.5252
1791265046.2158,O,,,,2.36228,-0.1992,0.5252
1791265046.2029,R,C,,-58,,,
1791265046.2031,R,B,,-81,,,
1791265046.2056,R,A,,-63,,,
1791265046.2573,R,B,,-76,,,
1791265046.2893,O,,,,2.37816,-0.1992,0.5252
1791265046.2903,O,,,,2.39669,-0.1992,0.5252
1791265046.2911,O,,,,2.41258,-0.1992,0.5252
1791265046.2918,O,,,,2.42846,-0.1992,0.5252
1791265046.2806,R,C,,-62,,,
1791265046.2813,R,A,,-68,,,
1791265046.2946,R,A,,-71,,,
1791265046.2961,R,B,,-81,,,
1791265046.3619,O,,,,2.44567,-0.1990,0.5250
1791265046.3630,O,,,,2.46155,-0.1990,0.5250
1791265046.3638,O,,,,2.47876,-0.1992,0.5252
1791265046.3293,R,C,,-60,,,
1791265046.3310,R,C,,-59,,,
1791265046.3312,R,A,,-69,,,
1791265046.3760,R,B,,-80,,,
1791265046.3792,R,C,,-58,,,
1791265046.3812,R,A,,-66,,,
1791265046.4180,R,B,,-79,,,
1791265046.4183,R,A,,-66,,,
1791265046.4184,R,C,,-65,,,
1791265046.4369,O,,,,2.49464,-0.1992,0.5252
1791265046.4379,O,,,,2.51185,-0.1990,0.5250
1791265046.4386,O,,,,2.52906,-0.1992,0.5252
1791265046.4394,O,,,,2.54494,-0.1992,0.5252
1791265046.4653,R,C,,-63,,,
1791265046.4657,R,A,,-64,,,
1791265046.4752,R,B,,-67,,,
1791265046.5172,O,,,,2.56083,-0.1992,0.5252
1791265046.5183,O,,,,2.57936,-0.1992,0.5252
1791265046.5191,O,,,,2.59524,-0.1992,0.5252
1791265046.5198,O,,,,2.61112,-0.1992,0.5252
1791265046.5199,R,B,,-75,,,
1791265046.5202,R,A,,-65,,,
1791265046.5202,R,C,,-60,,,
1791265046.5719,R,C,,-65,,,
1791265046.5761,R,B,,-74,,,
1791265046.5970,O,,,,2.62833,-0.1990,0.5250
1791265046.5983,O,,,,2.64422,-0.1990,0.5250
1791265046.5992,O,,,,2.66142,-0.1992,0.5252
1791265046.5999,O,,,,2.67731,-0.1992,0.5252
1791265046.5811,R,A,,-64,,,
1791265046.5951,R,B,,-73,,,
1791265046.6717,O,,,,2.69451,-0.1990,0.5250
1791265046.6727,O,,,,2.71172,-0.1992,0.5251
1791265046.6736,O,,,,2.72761,-0.1992,0.5251
1791265046.6744,O,,,,2.74349,-0.1992,0.5251
1791265046.6305,R,C,,-68,,,
1791265046.6312,R,A,,-62,,,
1791265046.6421,R,B,,-70,,,
1791265046.6449,R,C,,-60,,,
1791265046.6464,R,A,,-61,,,
1791265046.6867,R,B,,-79,,,
1791265046.7212,R,C,,-74,,,
1791265046.7262,R,B,,-72,,,
1791265046.7517,O,,,,2.76202,-0.1992,0.5251
1791265046.7526,O,,,,2.77791,-0.1992,0.5251
1791265046.7534,O,,,,2.79379,-0.1992,0.5251
1791265046.7541,O,,,,2.81232,-0.1992,0.5251
1791265046.7312,R,A,,-63,,,
1791265046.7767,R,B,,-66,,,
1791265046.8228,O,,,,2.82820,-0.1992,0.5251
1791265046.8239,O,,,,2.84409,-0.1992,0.5251
1791265046.8247,O,,,,2.85997,-0.1992,0.5251
1791265046.7806,R,C,,-68,,,
1791265046.7812,R,A,,-62,,,
1791265046.8213,R,B,,-68,,,
1791265046.8214,R,C,,-62,,,
1791265046.8311,R,A,,-66,,,
1791265046.8604,R,C,,-70,,,
1791265046.8614,R,A,,-65,,,
1791265046.8762,R,B,,-65,,,
1791265046.8973,O,,,,2.87850,-0.1992,0.5251
1791265046.8984,O,,,,2.89439,-0.1992,0.5251
1791265046.8993,O,,,,2.91159,-0.1995,0.5252
1791265046.9001,O,,,,2.92880,-0.1992,0.5252
1791265046.9154,R,B,,-65,,,
1791265046.9190,R,A,,-67,,,
1791265046.9191,R,C,,-73,,,
1791265046.9776,O,,,,2.94469,-0.1992,0.5252
1791265046.9786,O,,,,2.96189,-0.1995,0.5252
1791265046.9589,R,B,,-66,,,
1791265046.9593,R,A,,-69,,,
1791265046.9638,R,C,,-66,,,
1791265046.9797,O,,,,2.97778,-0.1995,0.5252
1791265046.9805,O,,,,2.99498,-0.1992,0.5252
1791265047.0066,R,B,,-68,,,
1791265047.0068,R,A,,-67,,,
1791265047.0087,R,C,,-71,,,
1791265047.0520,O,,,,3.01087,-0.1992,0.5252
1791265047.0531,O,,,,3.02808,-0.1995,0.5252
1791265047.0547,O,,,,3.04396,-0.1995,0.5252
1791265047.0554,O,,,,3.05984,-0.1995,0.5252
1791265047.0688,R,B,,-64,,,
1791265047.0689,R,C,,-70,,,
1791265047.0696,R,A,,-68,,,
1791265047.0995,R,C,,-66,,,
1791265047.0996,R,B,,-63,,,
1791265047.1002,R,A,,-66,,,
1791265047.1315,O,,,,3.07705,-0.1992,0.5252
1791265047.1325,O,,,,3.09426,-0.1995,0.5252
1791265047.1334,O,,,,3.11014,-0.1995,0.5252
1791265047.1342,O,,,,3.12735,-0.1992,0.5252
1791265047.1713,R,C,,-68,,,
1791265047.1715,R,A,,-66,,,
1791265047.1717,R,B,,-65,,,
1791265047.2134,O,,,,-3.13995,-0.1992,0.5252
1791265047.2142,O,,,,-3.12274,-0.1995,0.5252
1791265047.2150,O,,,,-3.10554,-0.1992,0.5252
1791265047.2157,O,,,,-3.08965,-0.1992,0.5252
1791265047.1949,R,A,,-62,,,
1791265047.1968,R,C,,-68,,,
1791265047.1970,R,B,,-66,,,
1791265047.2761,R,B,,-57,,,
1791265047.2914,O,,,,-3.07244,-0.1995,0.5252
1791265047.2924,O,,,,-3.05524,-0.1992,0.5252
1791265047.2934,O,,,,-3.03935,-0.1992,0.5252
1791265047.2941,O,,,,-3.02215,-0.1995,0.5252
1791265047.2810,R,A,,-61,,,
1791265047.2812,R,C,,-64,,,
1791265047.3204,R,C,,-68,,,
1791265047.3207,R,B,,-64,,,
1791265047.3603,O,,,,-3.00494,-0.1992,0.5252
1791265047.3613,O,,,,-2.98905,-0.1992,0.5252
1791265047.3621,O,,,,-2.97317,-0.1992,0.5252
1791265047.3315,R,A,,-64,,,
1791265047.3760,R,B,,-57,,,
1791265047.3771,R,A,,-61,,,
1791265047.3805,R,C,,-70,,,
1791265047.3912,R,C,,-73,,,
1791265047.3914,R,B,,-62,,,
1791265047.4372,O,,,,-2.95464,-0.1992,0.5252
1791265047.4383,O,,,,-2.93875,-0.1992,0.5252
1791265047.4391,O,,,,-2.92287,-0.1992,0.5252
1791265047.4398,O,,,,-2.90566,-0.1995,0.5251
1791265047.4311,R,A,,-61,,,
1791265047.4366,R,C,,-68,,,
1791265047.4691,R,B,,-63,,,
1791265047.4748,R,A,,-65,,,
1791265047.4752,R,B,,-64,,,
1791265047.5122,O,,,,-2.88846,-0.1992,0.5252
1791265047.5131,O,,,,-2.87257,-0.1992,0.5252
1791265047.5139,O,,,,-2.85536,-0.1995,0.5251
1791265047.5147,O,,,,-2.83816,-0.1992,0.5252
1791265047.4799,R,C,,-68,,,
1791265047.4814,R,A,,-66,,,
1791265047.5267,R,B,,-66,,,
1791265047.5305,R,C,,-72,,,
1791265047.5310,R,A,,-74,,,
1791265047.5718,R,B,,-65,,,
1791265047.5720,R,A,,-83,,,
1791265047.5921,O,,,,-2.82227,-0.1992,0.5252
1791265047.5930,O,,,,-2.80639,-0.1992,0.5252
1791265047.5938,O,,,,-2.78786,-0.1992,0.5252
1791265047.5948,O,,,,-2.77197,-0.1992,0.5252
1791265047.5812,R,C,,-78,,,
1791265047.6104,R,B,,-70,,,
1791265047.6723,O,,,,-2.75609,-0.1992,0.5252
1791265047.6734,O,,,,-2.73888,-0.1995,0.5251
1791265047.6742,O,,,,-2.72167,-0.1992,0.5252
1791265047.6749,O,,,,-2.70579,-0.1992,0.5252
1791265047.6313,R,A,,-69,,,
1791265047.6314,R,C,,-74,,,
1791265047.6554,R,C,,-79,,,
1791265047.6557,R,A,,-68,,,
1791265047.6715,R,B,,-68,,,
1791265047.6998,R,A,,-67,,,
1791265047.7003,R,C,,-64,,,
1791265047.7005,R,B,,-66,,,
1791265047.7469,O,,,,-2.68726,-0.1992,0.5252
1791265047.7480,O,,,,-2.67138,-0.1992,0.5252
1791265047.7490,O,,,,-2.65549,-0.1992,0.5252
1791265047.7498,O,,,,-2.63828,-0.1990,0.5253
1791265047.7410,R,B,,-75,,,
1791265047.7465,R,C,,-70,,,
1791265047.7477,R,A,,-63,,,
1791265047.8171,O,,,,-2.62108,-0.1992,0.5252
1791265047.8183,O,,,,-2.60519,-0.1992,0.5252
1791265047.8190,O,,,,-2.58666,-0.1992,0.5252
1791265047.8013,R,C,,-71,,,
1791265047.8015,R,A,,-65,,,
1791265047.8017,R,B,,-69,,,
1791265047.8760,R,B,,-75,,,
1791265047.8972,O,,,,-2.57078,-0.1992,0.5252
1791265047.8982,O,,,,-2.55489,-0.1992,0.5252
1791265047.8989,O,,,,-2.53769,-0.1994,0.5251
1791265047.8996,O,,,,-2.52048,-0.1992,0.5252
1791265047.8791,R,C,,-68,,,
1791265047.8793,R,A,,-79,,,
1791265047.8806,R,C,,-81,,,
1791265047.8816,R,A,,-66,,,
1791265047.9268,R,B,,-60,,,
1791265047.9718,O,,,,-2.50459,-0.1992,0.5252
1791265047.9729,O,,,,-2.48871,-0.1992,0.5252
1791265047.9738,O,,,,-2.47018,-0.1992,0.5252
1791265047.9746,O,,,,-2.45430,-0.1992,0.5252
1791265047.9317,R,A,,-63,,,
1791265047.9768,R,B,,-56,,,
1791265047.9813,R,C,,-71,,,
1791265047.9815,R,A,,-62,,,
1791265048.0188,R,B,,-65,,,
1791265048.0517,O,,,,-2.43841,-0.1992,0.5252
1791265048.0527,O,,,,-2.42120,-0.1990,0.5254
1791265048.0536,O,,,,-2.40400,-0.1992,0.5252
1791265048.0543,O,,,,-2.38811,-0.1992,0.5252
1791265048.0311,R,A,,-64,,,
1791265048.0593,R,A,,-70,,,
1791265048.0595,R,C,,-75,,,
1791265048.0653,R,B,,-65,,,
1791265048.1162,R,C,,-75,,,
1791265048.1164,R,B,,-63,,,
1791265048.1166,R,A,,-70,,,
1791265048.1312,O,,,,-2.37223,-0.1992,0.5252
1791265048.1322,O,,,,-2.35370,-0.1992,0.5252
1791265048.1331,O,,,,-2.33781,-0.1992,0.5252
1791265048.1345,O,,,,-2.32193,-0.1992,0.5252
1791265048.1767,R,B,,-59,,,
1791265048.2138,O,,,,-2.30472,-0.1994,0.5250
1791265048.2147,O,,,,-2.28752,-0.1992,0.5252
1791265048.2156,O,,,,-2.27163,-0.1992,0.5252
1791265048.2164,O,,,,-2.25442,-0.1994,0.5250
1791265048.1806,R,C,,-76,,,
1791265048.1818,R,A,,-77,,,
1791265048.1962,R,B,,-58,,,
1791265048.1965,R,A,,-75,,,
1791265048.1968,R,C,,-68,,,
1791265048.2379,R,B,,-55,,,
1791265048.2710,R,A,,-70,,,
1791265048.2813,O,,,,-2.23722,-0.1992,0.5252
1791265048.2823,O,,,,-2.22133,-0.1992,0.5252
1791265048.2832,O,,,,-2.20545,-0.1992,0.5252
1791265048.2840,O,,,,-2.18692,-0.1992,0.5252
1791265048.2806,R,C,,-72,,,
1791265048.2946,R,C,,-67,,,
1791265048.3096,R,B,,-67,,,
1791265048.3525,O,,,,-2.17103,-0.1992,0.5252
1791265048.3535,O,,,,-2.15515,-0.1992,0.5252
1791265048.3543,O,,,,-2.13794,-0.1991,0.5254
1791265048.3306,R,A,,-73,,,
1791265048.3336,R,A,,-72,,,
1791265048.3760,R,B,,-58,,,
1791265048.4009,R,B,,-61,,,
1791265048.4268,R,C,,-84,,,
1791265048.4313,O,,,,-2.12073,-0.1992,0.5252
1791265048.4323,O,,,,-2.10485,-0.1992,0.5252
1791265048.4331,O,,,,-2.08897,-0.1992,0.5252
1791265048.4339,O,,,,-2.07044,-0.1992,0.5252
1791265048.4311,R,A,,-70,,,
1791265048.4750,R,C,,-80,,,
1791265048.4752,R,A,,-72,,,
1791265048.4757,R,B,,-64,,,
1791265048.5125,O,,,,-2.05455,-0.1992,0.5252
1791265048.5134,O,,,,-2.03867,-0.1992,0.5252
1791265048.5143,O,,,,-2.02014,-0.1992,0.5252
1791265048.5151,O,,,,-2.00425,-0.1992,0.5252
1791265048.5688,R,B,,-75,,,
1791265048.5693,R,A,,-76,,,
1791265048.5694,R,C,,-78,,,
1791265048.5874,O,,,,-1.98837,-0.1992,0.5252
1791265048.5885,O,,,,-1.96984,-0.1992,0.5252
1791265048.5894,O,,,,-1.95395,-0.1992,0.5252
1791265048.5901,O,,,,-1.93675,-0.1991,0.5255
1791265048.6154,R,C,,-73,,,
1791265048.6158,R,A,,-74,,,
1791265048.6261,R,B,,-65,,,
1791265048.6674,O,,,,-1.91954,-0.1992,0.5252
1791265048.6685,O,,,,-1.90365,-0.1992,0.5252
1791265048.6694,O,,,,-1.88777,-0.1992,0.5252
1791265048.6702,O,,,,-1.86924,-0.1992,0.5252
1791265048.6638,R,C,,-68,,,
1791265048.6641,R,A,,-72,,,
1791265048.6766,R,B,,-71,,,
1791265048.7266,R,B,,-61,,,
1791265048.7469,O,,,,-1.85336,-0.1992,0.5252
1791265048.7480,O,,,,-1.83747,-0.1992,0.5252
1791265048.7489,O,,,,-1.82026,-0.1991,0.5255
1791265048.7496,O,,,,-1.80306,-0.1992,0.5252
1791265048.7306,R,C,,-69,,,
1791265048.7312,R,A,,-72,,,
1791265048.7526,R,C,,-70,,,
1791265048.7532,R,B,,-58,,,
1791265048.7534,R,A,,-78,,,
1791265048.8126,O,,,,-1.78717,-0.1992,0.5252
1791265048.8135,O,,,,-1.77129,-0.1992,0.5252
1791265048.8144,O,,,,-1.75408,-0.1992,0.5255
1791265048.7996,R,C,,-75,,,
1791265048.8039,R,A,,-72,,,
1791265048.8261,R,B,,-64,,,
1791265048.8478,R,B,,-58,,,
1791265048.8482,R,C,,-86,,,
1791265048.8532,R,A,,-75,,,
1791265048.8912,O,,,,-1.73687,-0.1992,0.5252
1791265048.8920,O,,,,-1.72099,-0.1992,0.5252
1791265048.8928,O,,,,-1.70511,-0.1992,0.5252
1791265048.8938,O,,,,-1.68657,-0.1992,0.5252
1791265048.9030,R,B,,-62,,,
1791265048.9033,R,A,,-84,,,
1791265048.9719,O,,,,-1.67069,-0.1992,0.5252
1791265048.9731,O,,,,-1.65481,-0.1992,0.5252
1791265048.9739,O,,,,-1.63760,-0.1992,0.5249
1791265048.9760,O,,,,-1.62039,-0.1992,0.5252
1791265048.9431,R,C,,-75,,,
1791265048.9557,R,B,,-66,,,
1791265048.9559,R,A,,-81,,,
1791265048.9912,R,B,,-65,,,
1791265048.9914,R,A,,-84,,,
1791265048.9917,R,C,,-72,,,
1791265049.0472,O,,,,-1.60451,-0.1992,0.5252
1791265049.0483,O,,,,-1.58730,-0.1992,0.5249
1791265049.0491,O,,,,-1.57009,-0.1992,0.5252
1791265049.0499,O,,,,-1.55421,-0.1992,0.5252
1791265049.0306,R,C,,-72,,,
1791265049.0314,R,A,,-85,,,
1791265049.0399,R,B,,-57,,,
1791265049.1267,O,,,,-1.53700,-0.1992,0.5249
1791265049.1278,O,,,,-1.52112,-0.1992,0.5249
1791265049.1287,O,,,,-1.50391,-0.1992,0.5252
1791265049.0812,R,C,,-65,,,
1791265049.0814,R,A,,-72,,,
1791265049.1222,R,C,,-69,,,
1791265049.1241,R,B,,-61,,,
1791265049.1242,R,A,,-71,,,
1791265049.1297,O,,,,-1.48803,-0.1992,0.5252
1791265049.1724,R,C,,-67,,,
1791265049.1728,R,B,,-51,,,
1791265049.1728,R,A,,-68,,,
1791265049.2064,O,,,,-1.47082,-0.1992,0.5249
1791265049.2073,O,,,,-1.45361,-0.1992,0.5252
1791265049.2082,O,,,,-1.43640,-0.1992,0.5249
1791265049.2097,O,,,,-1.42052,-0.1992,0.5249
1791265049.2260,R,B,,-53,,,
1791265049.2769,O,,,,-1.40331,-0.1992,0.5252
1791265049.2786,O,,,,-1.38610,-0.1992,0.5249
1791265049.2306,R,C,,-63,,,
1791265049.2314,R,A,,-74,,,
1791265049.2454,R,B,,-60,,,
1791265049.2560,R,C,,-63,,,
1791265049.2681,R,A,,-72,,,
1791265049.2796,O,,,,-1.37022,-0.1992,0.5249
1791265049.3262,R,B,,-51,,,
1791265049.3523,O,,,,-1.35434,-0.1992,0.5249
1791265049.3533,O,,,,-1.33581,-0.1992,0.5249
1791265049.3542,O,,,,-1.31992,-0.1992,0.5249
1791265049.3550,O,,,,-1.30404,-0.1992,0.5249
1791265049.3312,R,A,,-73,,,
1791265049.3314,R,C,,-63,,,
1791265049.3767,R,B,,-52,,,
1791265049.3813,R,A,,-83,,,
1791265049.3814,R,C,,-69,,,
1791265049.3889,R,A,,-78,,,
1791265049.4229,R,C,,-65,,,
1791265049.4231,R,B,,-64,,,
1791265049.4334,O,,,,-1.28815,-0.1992,0.5249
1791265049.4342,O,,,,-1.26962,-0.1992,0.5249
1791265049.4351,O,,,,-1.25374,-0.1992,0.5249
1791265049.4358,O,,,,-1.23785,-0.1992,0.5249
1791265049.4307,R,C,,-67,,,
1791265049.4313,R,A,,-82,,,
1791265049.4683,R,C,,-67,,,
1791265049.4753,R,B,,-61,,,
1791265049.5071,O,,,,-1.21932,-0.1992,0.5249
1791265049.5082,O,,,,-1.20344,-0.1992,0.5249
1791265049.5090,O,,,,-1.18756,-0.1992,0.5249
1791265049.5098,O,,,,-1.16902,-0.1992,0.5249
1791265049.5170,R,B,,-56,,,
1791265049.5173,R,A,,-78,,,
1791265049.5175,R,C,,-58,,,
1791265049.5568,R,C,,-61,,,
1791265049.5570,R,A,,-70,,,
1791265049.5572,R,B,,-60,,,
1791265049.5866,O,,,,-1.15314,-0.1992,0.5249
1791265049.5874,O,,,,-1.13726,-0.1992,0.5249
1791265049.5882,O,,,,-1.12005,-0.1993,0.5252
1791265049.5889,O,,,,-1.10284,-0.1992,0.5249
1791265049.5988,R,B,,-50,,,
1791265049.5991,R,A,,-82,,,
1791265049.6670,O,,,,-1.08696,-0.1992,0.5249
1791265049.6684,O,,,,-1.06975,-0.1993,0.5252
1791265049.6695,O,,,,-1.05254,-0.1992,0.5249
1791265049.6706,O,,,,-1.03666,-0.1992,0.5249
1791265049.6285,R,C,,-61,,,
1791265049.6497,R,B,,-52,,,
1791265049.6499,R,C,,-60,,,
1791265049.6827,R,A,,-76,,,
1791265049.6895,R,B,,-61,,,
1791265049.6926,R,C,,-63,,,
1791265049.6929,R,A,,-72,,,
1791265049.7416,O,,,,-1.01813,-0.1992,0.5249
1791265049.7425,O,,,,-1.00224,-0.1992,0.5249
1791265049.7434,O,,,,-0.98636,-0.1992,0.5249
1791265049.7442,O,,,,-0.96915,-0.1993,0.5252
1791265049.7761,R,B,,-57,,,
1791265049.8117,O,,,,-0.95194,-0.1992,0.5250
1791265049.8126,O,,,,-0.93606,-0.1992,0.5250
1791265049.8134,O,,,,-0.91885,-0.1993,0.5252
1791265049.7802,R,C,,-62,,,
1791265049.7812,R,A,,-75,,,
1791265049.8185,R,A,,-79,,,
1791265049.8188,R,C,,-58,,,
1791265049.8189,R,B,,-56,,,
1791265049.8606,R,A,,-75,,,
1791265049.8608,R,B,,-68,,,
1791265049.8688,R,C,,-64,,,
1791265049.8913,O,,,,-0.90297,-0.1993,0.5252
1791265049.8922,O,,,,-0.88576,-0.1992,0.5250
1791265049.8931,O,,,,-0.86988,-0.1992,0.5250
1791265049.8939,O,,,,-0.85267,-0.1993,0.5252
1791265049.9051,R,C,,-61,,,
1791265049.9053,R,A,,-73,,,
1791265049.9669,O,,,,-0.83546,-0.1992,0.5250
1791265049.9680,O,,,,-0.81826,-0.1993,0.5252
1791265049.9690,O,,,,-0.80237,-0.1993,0.5252
1791265049.9698,O,,,,-0.78649,-0.1993,0.5252
1791265049.9549,R,B,,-58,,,
1791265049.9553,R,C,,-57,,,
1791265049.9812,R,A,,-77,,,
1791265050.0021,R,C,,-59,,,
1791265050.0024,R,A,,-74,,,
1791265050.0472,O,,,,-0.76928,-0.1992,0.5250
1791265050.0483,O,,,,-0.75207,-0.1994,0.5252
1791265050.0491,O,,,,-0.73619,-0.1994,0.5252
1791265050.0499,O,,,,-0.71898,-0.1992,0.5250
1791265050.0708,R,B,,-65,,,
1791265050.0712,R,A,,-78,,,
1791265050.1221,O,,,,-0.70177,-0.1994,0.5251
1791265050.1232,O,,,,-0.68589,-0.1994,0.5251
1791265050.1241,O,,,,-0.67001,-0.1994,0.5251
1791265050.1248,O,,,,-0.65280,-0.1991,0.5250
1791265050.0807,R,C,,-55,,,
1791265050.1019,R,B,,-57,,,
1791265050.1021,R,A,,-72,,,
1791265050.1023,R,C,,-51,,,
1791265050.1739,R,C,,-56,,,
1791265050.1742,R,A,,-73,,,
1791265050.1744,R,B,,-63,,,
1791265050.2021,O,,,,-0.63559,-0.1994,0.5251
1791265050.2031,O,,,,-0.61971,-0.1994,0.5251
1791265050.2039,O,,,,-0.60118,-0.1994,0.5251
1791265050.2046,O,,,,-0.58529,-0.1994,0.5251
1791265050.1924,R,B,,-66,,,
1791265050.1926,R,C,,-56,,,
1791265050.1939,R,A,,-77,,,
1791265050.2718,O,,,,-0.56941,-0.1994,0.5251
1791265050.2730,O,,,,-0.55352,-0.1994,0.5251
1791265050.2738,O,,,,-0.53499,-0.1994,0.5251
1791265050.2307,R,C,,-56,,,
1791265050.2319,R,A,,-76,,,
1791265050.2458,R,B,,-68,,,
1791265050.2749,R,B,,-66,,,
1791265050.2814,R,C,,-55,,,
1791265050.2815,R,A,,-71,,,
1791265050.3137,R,C,,-58,,,
1791265050.3139,R,B,,-63,,,
1791265050.3148,R,A,,-74,,,
1791265050.3474,O,,,,-0.51911,-0.1994,0.5251
1791265050.3485,O,,,,-0.50322,-0.1994,0.5251
1791265050.3492,O,,,,-0.48602,-0.1996,0.5253
1791265050.3500,O,,,,-0.46881,-0.1994,0.5251
1791265050.3555,R,C,,-55,,,
1791265050.3761,R,B,,-64,,,
1791265050.4274,O,,,,-0.45293,-0.1994,0.5251
1791265050.4291,O,,,,-0.43439,-0.1994,0.5251
1791265050.3812,R,A,,-70,,,
1791265050.4087,R,B,,-62,,,
1791265050.4088,R,C,,-55,,,
1791265050.4190,R,A,,-70,,,
1791265050.4301,O,,,,-0.41851,-0.1994,0.5251
1791265050.4308,O,,,,-0.40130,-0.1996,0.5253
1791265050.4482,R,C,,-56,,,
1791265050.4489,R,A,,-72,,,
1791265050.4754,R,B,,-64,,,
1791265050.4765,R,C,,-57,,,
1791265050.5091,O,,,,-0.38542,-0.1996,0.5253
1791265050.5100,O,,,,-0.36821,-0.1994,0.5252
1791265050.5107,O,,,,-0.35233,-0.1994,0.5252
1791265050.5115,O,,,,-0.33512,-0.1996,0.5252
1791265050.4794,R,B,,-67,,,
1791265050.4816,R,A,,-74,,,
1791265050.5261,R,C,,-55,,,
1791265050.5265,R,B,,-70,,,
1791265050.5294,R,A,,-70,,,
1791265050.5686,R,C,,-55,,,
1791265050.5767,R,A,,-71,,,
1791265050.5770,R,B,,-69,,,
1791265050.5813,O,,,,-0.31791,-0.1994,0.5252
1791265050.5822,O,,,,-0.30203,-0.1994,0.5252
1791265050.5831,O,,,,-0.28614,-0.1994,0.5252
1791265050.5839,O,,,,-0.26894,-0.1996,0.5252
1791265050.6142,R,B,,-69,,,
1791265050.6618,O,,,,-0.25173,-0.1993,0.5252
1791265050.6628,O,,,,-0.23585,-0.1993,0.5252
1791265050.6636,O,,,,-0.21864,-0.1996,0.5252
1791265050.6644,O,,,,-0.20143,-0.1993,0.5252
1791265050.6307,R,C,,-55,,,
1791265050.6569,R,A,,-67,,,
1791265050.6761,R,B,,-63,,,
1791265050.6813,R,C,,-55,,,
1791265050.7050,R,B,,-75,,,
1791265050.7416,O,,,,-0.18422,-0.1996,0.5252
1791265050.7427,O,,,,-0.16834,-0.1996,0.5252
1791265050.7435,O,,,,-0.15246,-0.1996,0.5252
1791265050.7443,O,,,,-0.13525,-0.1993,0.5252
1791265050.7313,R,C,,-51,,,
1791265050.7314,R,A,,-82,,,
1791265050.7762,R,B,,-67,,,
1791265050.8071,O,,,,-0.11804,-0.1996,0.5252
1791265050.8083,O,,,,-0.10216,-0.1996,0.5252
1791265050.8091,O,,,,-0.08495,-0.1993,0.5252
1791265050.7786,R,C,,-55,,,
1791265050.7788,R,A,,-78,,,
1791265050.7936,R,A,,-72,,,
1791265050.7938,R,B,,-63,,,
1791265050.8064,R,C,,-54,,,
1791265050.8482,R,C,,-51,,,
1791265050.8484,R,A,,-68,,,
1791265050.8763,R,B,,-62,,,
1791265050.8871,O,,,,-0.06906,-0.1993,0.5252
1791265050.8881,O,,,,-0.05186,-0.1996,0.5252
1791265050.8889,O,,,,-0.03465,-0.1993,0.5252
1791265050.8900,O,,,,-0.01877,-0.1993,0.5252
1791265050.8925,R,B,,-66,,,
1791265050.9211,R,C,,-57,,,
1791265050.9213,R,A,,-70,,,
1791265050.9216,R,B,,-70,,,
1791265050.9672,O,,,,-0.00156,-0.1996,0.5252
1791265050.9682,O,,,,0.01433,-0.1996,0.5252
1791265050.9690,O,,,,0.02889,-0.1999,0.5252
1791265050.9698,O,,,,0.04345,-0.1996,0.5252
1791265050.9617,R,B,,-63,,,
1791265050.9806,R,C,,-61,,,
1791265050.9816,R,A,,-71,,,
1791265051.0262,R,B,,-68,,,
1791265051.0416,O,,,,0.05801,-0.1999,0.5252
1791265051.0424,O,,,,0.06860,-0.1999,0.5252
1791265051.0432,O,,,,0.08051,-0.2001,0.5252
1791265051.0440,O,,,,0.09110,-0.2001,0.5252
1791265051.0314,R,A,,-81,,,
1791265051.0315,R,C,,-56,,,
1791265051.0540,R,C,,-62,,,
1791265051.0545,R,A,,-79,,,
1791265051.0546,R,B,,-83,,,
1791265051.1219,O,,,,0.09904,-0.2001,0.5252
1791265051.1230,O,,,,0.10698,-0.2001,0.5252
1791265051.1238,O,,,,0.11360,-0.2004,0.5251
1791265051.1246,O,,,,0.11889,-0.2004,0.5251
1791265051.0906,R,C,,-59,,,
1791265051.0933,R,B,,-75,,,
1791265051.0936,R,A,,-81,,,
1791265051.1626,R,C,,-53,,,
1791265051.1629,R,B,,-64,,,
1791265051.1975,O,,,,0.12287,-0.2007,0.5251
1791265051.1986,O,,,,0.12816,-0.2007,0.5251
1791265051.1995,O,,,,0.12948,-0.2009,0.5251
1791265051.2002,O,,,,0.13213,-0.2009,0.5251
1791265051.1786,R,A,,-72,,,
1791265051.1806,R,C,,-54,,,
1791265051.1812,R,A,,-73,,,
1791265051.2220,R,A,,-73,,,
1791265051.2222,R,C,,-59,,,
1791265051.2260,R,B,,-83,,,
1791265051.2669,O,,,,0.13213,-0.2009,0.5251
1791265051.2681,O,,,,0.13213,-0.2009,0.5251
1791265051.2688,O,,,,0.13213,-0.2009,0.5251
1791265051.2727,R,A,,-82,,,
1791265051.2729,R,C,,-56,,,
1791265051.2767,R,B,,-70,,,
1791265051.3187,R,B,,-64,,,
1791265051.3471,O,,,,0.13213,-0.2009,0.5251
1791265051.3482,O,,,,0.13213,-0.2009,0.5251
1791265051.3490,O,,,,0.13213,-0.2009,0.5251
1791265051.3498,O,,,,0.13213,-0.2009,0.5251
1791265051.3307,R,C,,-52,,,
1791265051.3315,R,A,,-72,,,
1791265051.3726,R,B,,-87,,,
1791265051.3727,R,C,,-58,,,
1791265051.3729,R,A,,-76,,,
1791265051.4275,O,,,,0.13213,-0.2009,0.5251
1791265051.4286,O,,,,0.13213,-0.2009,0.5251
1791265051.4215,R,C,,-57,,,
1791265051.4217,R,B,,-69,,,
1791265051.4225,R,A,,-84,,,
1791265051.4296,O,,,,0.13213,-0.2009,0.5251
1791265051.4304,O,,,,0.13213,-0.2009,0.5251
1791265051.4752,R,B,,-64,,,
1791265051.5022,O,,,,0.13213,-0.2009,0.5251
1791265051.5032,O,,,,0.13213,-0.2009,0.5251
1791265051.5041,O,,,,0.13213,-0.2009,0.5251
1791265051.5048,O,,,,0.13213,-0.2009,0.5251
1791265051.4807,R,C,,-52,,,
1791265051.4813,R,A,,-71,,,
1791265051.4978,R,B,,-86,,,
1791265051.4982,R,A,,-78,,,
1791265051.5036,R,C,,-60,,,
1791265051.5356,R,B,,-68,,,
1791265051.5474,R,C,,-58,,,
1791265051.5817,O,,,,0.13213,-0.2009,0.5251
1791265051.5826,O,,,,0.13213,-0.2009,0.5251
1791265051.5835,O,,,,0.13213,-0.2009,0.5251
1791265051.5842,O,,,,0.13213,-0.2009,0.5251
1791265051.5786,R,A,,-82,,,
1791265051.5802,R,A,,-84,,,
1791265051.5807,R,C,,-59,,,
1791265051.5816,R,B,,-63,,,
1791265051.6246,R,B,,-64,,,
1791265051.6252,R,A,,-72,,,
1791265052.0279,O,,,,0.13213,-0.2009,0.5251
1791265051.6301,R,C,,-56,,,
1791265051.6766,R,B,,-71,,,
1791265052.0303,O,,,,0.13213,-0.2009,0.5251
1791265051.6805,R,C,,-64,,,
1791265051.6813,R,A,,-84,,,
1791265051.7092,R,C,,-63,,,
1791265051.7094,R,A,,-83,,,
1791265051.7268,R,B,,-67,,,
1791265052.0322,O,,,,0.13213,-0.2009,0.5251
1791265051.7599,R,B,,-65,,,
1791265051.7601,R,C,,-57,,,
1791265052.0338,O,,,,0.13213,-0.2009,0.5251
1791265051.7803,R,A,,-73,,,
1791265051.7954,R,C,,-65,,,
1791265051.7956,R,A,,-77,,,
1791265051.8266,R,B,,-72,,,
1791265052.0355,O,,,,0.13213,-0.2009,0.5251
1791265051.8453,R,C,,-60,,,
1791265051.8462,R,B,,-66,,,
1791265051.8473,R,A,,-76,,,
1791265052.0367,O,,,,0.13213,-0.2009,0.5251
1791265051.8851,R,C,,-56,,,
1791265051.8851,R,B,,-62,,,
1791265052.0379,O,,,,0.13213,-0.2009,0.5251
1791265051.9315,R,A,,-73,,,
1791265051.9753,R,B,,-68,,,
1791265052.0388,O,,,,0.13213,-0.2009,0.5251
1791265051.9787,R,B,,-69,,,
1791265051.9806,R,C,,-58,,,
1791265051.9814,R,A,,-70,,,
1791265052.0265,R,B,,-64,,,
1791265052.0397,O,,,,0.13213,-0.2009,0.5251
1791265052.0405,O,,,,0.13213,-0.2009,0.5251
1791265052.0413,O,,,,0.13213,-0.2009,0.5251
1791265052.0422,O,,,,0.13213,-0.2009,0.5251
1791265052.0431,O,,,,0.13213,-0.2009,0.5251
1791265052.0439,O,,,,0.13213,-0.2009,0.5251
1791265052.0446,O,,,,0.13213,-0.2009,0.5251
1791265052.0454,O,,,,0.13213,-0.2009,0.5251
1791265052.0461,O,,,,0.13213,-0.2009,0.5251
1791265052.0469,O,,,,0.13213,-0.2009,0.5251
1791265052.0476,O,,,,0.13213,-0.2009,0.5251
1791265052.0483,O,,,,0.13213,-0.2009,0.5251
1791265052.0490,O,,,,0.13213,-0.2009,0.5251
1791265052.0498,O,,,,0.13213,-0.2009,0.5251
1791265052.0505,O,,,,0.13213,-0.2009,0.5251
1791265052.0313,R,C,,-56,,,
1791265052.0314,R,A,,-71,,,
1791265052.0676,R,C,,-53,,,
1791265052.0767,R,B,,-62,,,
1791265052.1179,O,,,,0.13213,-0.2009,0.5251
1791265052.1188,O,,,,0.13213,-0.2009,0.5251
1791265052.1196,O,,,,0.13213,-0.2009,0.5251
1791265052.1203,O,,,,0.13478,-0.2009,0.5251
1791265052.0813,R,A,,-74,,,
1791265052.1115,R,B,,-74,,,
1791265052.1118,R,A,,-70,,,
1791265052.1120,R,C,,-58,,,
1791265052.1554,R,C,,-58,,,
1791265052.1558,R,A,,-70,,,
1791265052.1974,O,,,,0.14140,-0.2012,0.5250
1791265052.1985,O,,,,0.15199,-0.2012,0.5250
1791265052.1994,O,,,,0.16390,-0.2015,0.5250
1791265052.2002,O,,,,0.17714,-0.2020,0.5249
1791265052.2077,R,A,,-73,,,
1791265052.2080,R,C,,-52,,,
1791265052.2081,R,B,,-66,,,
1791265052.2668,O,,,,0.19302,-0.2020,0.5249
1791265052.2679,O,,,,0.20890,-0.2025,0.5248
1791265052.2694,O,,,,0.22346,-0.2027,0.5247
1791265052.2761,R,B,,-67,,,
1791265052.2806,R,C,,-59,,,
1791265052.2812,R,A,,-72,,,
1791265052.3070,R,B,,-67,,,
1791265052.3073,R,C,,-55,,,
1791265052.3078,R,A,,-75,,,
1791265052.3418,O,,,,0.23802,-0.2030,0.5247
1791265052.3428,O,,,,0.25258,-0.2033,0.5246
1791265052.3436,O,,,,0.26714,-0.2035,0.5245
1791265052.3443,O,,,,0.28038,-0.2035,0.5245
1791265052.3373,R,B,,-65,,,
1791265052.3375,R,C,,-50,,,
1791265052.4227,O,,,,0.29494,-0.2038,0.5245
1791265052.4241,O,,,,0.31082,-0.2038,0.5245
1791265052.4249,O,,,,0.32539,-0.2040,0.5244
1791265052.4257,O,,,,0.33995,-0.2038,0.5245
1791265052.3815,R,A,,-78,,,
1791265052.3881,R,B,,-65,,,
1791265052.4224,R,B,,-64,,,
1791265052.4227,R,A,,-78,,,
1791265052.4287,R,C,,-57,,,
1791265052.4691,R,A,,-73,,,
1791265052.4693,R,C,,-57,,,
1791265052.4695,R,B,,-62,,,
1791265052.5020,O,,,,0.35583,-0.2038,0.5245
1791265052.5029,O,,,,0.37039,-0.2040,0.5244
1791265052.5038,O,,,,0.38495,-0.2038,0.5245
1791265052.5046,O,,,,0.39951,-0.2040,0.5244
1791265052.5119,R,C,,-59,,,
1791265052.5136,R,A,,-73,,,
1791265052.5164,R,B,,-68,,,
1791265052.5774,O,,,,0.41407,-0.2038,0.5245
1791265052.5785,O,,,,0.42863,-0.2040,0.5244
1791265052.5615,R,A,,-72,,,
1791265052.5618,R,B,,-74,,,
1791265052.5622,R,C,,-58,,,
1791265052.5796,O,,,,0.44319,-0.2038,0.5245
1791265052.5804,O,,,,0.45907,-0.2038,0.5245
1791265052.6049,R,B,,-66,,,
1791265052.6053,R,A,,-67,,,
1791265052.6125,R,C,,-58,,,
1791265052.6569,O,,,,0.47496,-0.2038,0.5245
1791265052.6580,O,,,,0.48952,-0.2040,0.5244
1791265052.6588,O,,,,0.50408,-0.2038,0.5245
1791265052.6595,O,,,,0.51996,-0.2038,0.5245
1791265052.6767,R,B,,-79,,,
1791265052.6807,R,C,,-63,,,
1791265052.6812,R,A,,-71,,,
1791265052.7031,R,B,,-78,,,
1791265052.7034,R,C,,-62,,,
1791265052.7043,R,A,,-70,,,
1791265052.7372,O,,,,0.53585,-0.2038,0.5245
1791265052.7382,O,,,,0.55041,-0.2040,0.5244
1791265052.7396,O,,,,0.56497,-0.2038,0.5245
1791265052.7404,O,,,,0.58085,-0.2038,0.5245
1791265052.7537,R,B,,-74,,,
1791265052.7540,R,C,,-59,,,
1791265052.7541,R,A,,-68,,,
1791265052.8019,O,,,,0.59541,-0.2040,0.5243
1791265052.8030,O,,,,0.60997,-0.2038,0.5245
1791265052.8039,O,,,,0.62586,-0.2038,0.5245
1791265052.8038,R,C,,-62,,,
1791265052.8313,R,A,,-71,,,
1791265052.8460,R,C,,-61,,,
1791265052.8468,R,B,,-88,,,
1791265052.8470,R,A,,-74,,,
1791265052.8814,O,,,,0.64042,-0.2040,0.5243
1791265052.8823,O,,,,0.65498,-0.2038,0.5245
1791265052.8839,O,,,,0.67086,-0.2038,0.5245
1791265052.8848,O,,,,0.68542,-0.2040,0.5243
1791265052.9217,R,B,,-75,,,
1791265052.9634,O,,,,0.69998,-0.2038,0.5245
1791265052.9646,O,,,,0.71586,-0.2038,0.5245
1791265052.9671,O,,,,0.73042,-0.2040,0.5243
1791265052.9679,O,,,,0.74631,-0.2040,0.5243
1791265052.9309,R,C,,-58,,,
1791265052.9313,R,A,,-71,,,
1791265052.9394,R,B,,-71,,,
1791265052.9403,R,C,,-63,,,
1791265052.9408,R,A,,-70,,,
1791265052.9821,R,A,,-72,,,
1791265052.9880,R,B,,-71,,,
1791265053.0249,R,B,,-99,,,
1791265053.0252,R,C,,-57,,,
1791265053.0367,O,,,,0.76087,-0.2038,0.5245
1791265053.0380,O,,,,0.77675,-0.2038,0.5245
1791265053.0388,O,,,,0.79131,-0.2040,0.5243
1791265053.0399,O,,,,0.80587,-0.2038,0.5245
1791265053.0299,R,A,,-72,,,
1791265053.0663,R,B,,-68,,,
1791265053.0667,R,A,,-74,,,
1791265053.1171,O,,,,0.82176,-0.2038,0.5245
1791265053.1182,O,,,,0.83632,-0.2040,0.5243
1791265053.1191,O,,,,0.85088,-0.2038,0.5245
1791265053.1198,O,,,,0.86676,-0.2038,0.5245
1791265053.0807,R,C,,-59,,,
1791265053.1266,R,B,,-68,,,
1791265053.1314,R,A,,-82,,,
1791265053.1315,R,C,,-63,,,
1791265053.1594,R,A,,-85,,,
1791265053.1767,R,B,,-86,,,
1791265053.1921,O,,,,0.88132,-0.2040,0.5243
1791265053.1930,O,,,,0.89721,-0.2040,0.5243
1791265053.1939,O,,,,0.91309,-0.2040,0.5243
1791265053.1947,O,,,,0.92633,-0.2040,0.5243
1791265053.1801,R,C,,-57,,,
1791265053.2097,R,B,,-72,,,
1791265053.2104,R,A,,-80,,,
1791265053.2620,O,,,,0.94221,-0.2040,0.5243
1791265053.2632,O,,,,0.95809,-0.2040,0.5243
1791265053.2640,O,,,,0.97265,-0.2038,0.5245
1791265053.2308,R,C,,-59,,,
1791265053.2544,R,C,,-60,,,
1791265053.2545,R,B,,-66,,,
1791265053.2604,R,A,,-69,,,
1791265053.2981,R,B,,-73,,,
1791265053.2982,R,C,,-60,,,
1791265053.2984,R,A,,-82,,,
1791265053.3419,O,,,,0.98721,-0.2040,0.5243
1791265053.3429,O,,,,1.00310,-0.2040,0.5243
1791265053.3438,O,,,,1.01766,-0.2038,0.5245
1791265053.3446,O,,,,1.03222,-0.2040,0.5243
1791265053.3456,R,B,,-72,,,
1791265053.3469,R,A,,-97,,,
1791265053.3472,R,C,,-58,,,
1791265053.4218,O,,,,1.04810,-0.2040,0.5243
1791265053.4231,O,,,,1.06399,-0.2040,0.5243
1791265053.4240,O,,,,1.07722,-0.2040,0.5243
1791265053.4248,O,,,,1.09311,-0.2040,0.5243
1791265053.4103,R,B,,-68,,,
1791265053.4308,R,C,,-56,,,
1791265053.4313,R,A,,-69,,,
1791265053.4489,R,C,,-63,,,
1791265053.4494,R,B,,-74,,,
1791265053.4660,R,A,,-75,,,
1791265053.4974,O,,,,1.10899,-0.2040,0.5243
1791265053.4985,O,,,,1.12355,-0.2038,0.5245
1791265053.4993,O,,,,1.13811,-0.2040,0.5243
1791265053.5001,O,,,,1.15399,-0.2040,0.5243
1791265053.4852,R,B,,-68,,,
1791265053.4854,R,A,,-83,,,
1791265053.4974,R,C,,-61,,,
1791265053.5769,O,,,,1.16856,-0.2039,0.5246
1791265053.5779,O,,,,1.18444,-0.2039,0.5246
1791265053.5787,O,,,,1.19900,-0.2040,0.5243
1791265053.5752,R,C,,-56,,,
1791265053.5761,R,B,,-97,,,
1791265053.5797,O,,,,1.21488,-0.2040,0.5243
1791265053.5814,R,A,,-66,,,
1791265053.6268,R,B,,-78,,,
1791265053.6520,O,,,,1.22944,-0.2039,0.5246
1791265053.6529,O,,,,1.24400,-0.2040,0.5243
1791265053.6538,O,,,,1.25989,-0.2040,0.5243
1791265053.6546,O,,,,1.27445,-0.2039,0.5246
1791265053.6314,R,C,,-57,,,
1791265053.6314,R,A,,-74,,,
1791265053.6696,R,C,,-56,,,
1791265053.6767,R,B,,-72,,,
1791265053.7219,O,,,,1.29033,-0.2039,0.5246
1791265053.7230,O,,,,1.30489,-0.2039,0.5243
1791265053.7238,O,,,,1.31945,-0.2039,0.5246
1791265053.6786,R,A,,-72,,,
1791265053.7151,R,A,,-68,,,
1791265053.7272,R,B,,-71,,,
1791265053.7306,R,C,,-55,,,
1791265053.7568,R,B,,-70,,,
1791265053.7569,R,C,,-63,,,
1791265053.7762,R,A,,-76,,,
1791265053.8022,O,,,,1.33401,-0.2039,0.5243
1791265053.8032,O,,,,1.34990,-0.2039,0.5243
1791265053.8039,O,,,,1.36446,-0.2039,0.5246
1791265053.8047,O,,,,1.38034,-0.2039,0.5246
1791265053.8262,R,B,,-65,,,
1791265053.8773,O,,,,1.39490,-0.2039,0.5243
1791265053.8784,O,,,,1.40946,-0.2039,0.5246
1791265053.8308,R,C,,-57,,,
1791265053.8321,R,A,,-68,,,
1791265053.8547,R,C,,-54,,,
1791265053.8556,R,A,,-69,,,
1791265053.8768,R,B,,-64,,,
1791265053.8795,O,,,,1.42534,-0.2039,0.5246
1791265053.8803,O,,,,1.43991,-0.2039,0.5243
1791265053.8977,R,C,,-60,,,
1791265053.9013,R,B,,-70,,,
1791265053.9015,R,A,,-71,,,
1791265053.9569,O,,,,1.45447,-0.2039,0.5246
1791265053.9581,O,,,,1.47035,-0.2039,0.5246
1791265053.9589,O,,,,1.48623,-0.2039,0.5246
1791265053.9597,O,,,,1.50079,-0.2039,0.5243
1791265053.9652,R,B,,-64,,,
1791265053.9655,R,A,,-66,,,
1791265053.9656,R,C,,-62,,,
1791265053.9874,R,C,,-55,,,
1791265053.9877,R,B,,-65,,,
1791265053.9878,R,A,,-71,,,
1791265054.0262,R,B,,-66,,,
1791265054.0413,O,,,,1.51535,-0.2039,0.5246
1791265054.0424,O,,,,1.53124,-0.2039,0.5246
1791265054.0433,O,,,,1.54712,-0.2039,0.5246
1791265054.0441,O,,,,1.56036,-0.2039,0.5246
1791265054.0308,R,C,,-55,,,
1791265054.0321,R,A,,-69,,,
1791265054.0704,R,A,,-72,,,
1791265054.0706,R,B,,-75,,,
1791265054.0708,R,C,,-57,,,
1791265054.1135,O,,,,1.57624,-0.2039,0.5246
1791265054.1143,O,,,,1.59080,-0.2039,0.5243
1791265054.1152,O,,,,1.60669,-0.2039,0.5243
1791265054.1159,O,,,,1.62125,-0.2039,0.5246
1791265054.1633,R,B,,-70,,,
1791265054.1744,R,C,,-53,,,
1791265054.1903,O,,,,1.63581,-0.2039,0.5243
1791265054.1919,O,,,,1.65169,-0.2039,0.5243
1791265054.1927,O,,,,1.66625,-0.2039,0.5246
1791265054.1938,O,,,,1.68081,-0.2039,0.5243
1791265054.1814,R,A,,-65,,,
1791265054.2114,R,C,,-60,,,
1791265054.2116,R,A,,-69,,,
1791265054.2118,R,B,,-76,,,
1791265054.2633,O,,,,1.69669,-0.2039,0.5243
1791265054.2643,O,,,,1.71125,-0.2039,0.5246
1791265054.2651,O,,,,1.72714,-0.2039,0.5246
1791265054.2567,R,C,,-57,,,
1791265054.2575,R,A,,-67,,,
1791265054.2761,R,B,,-66,,,
1791265054.3012,R,C,,-55,,,
1791265054.3013,R,A,,-66,,,
1791265054.3126,R,B,,-72,,,
1791265054.3366,O,,,,1.74170,-0.2039,0.5243
1791265054.3377,O,,,,1.75758,-0.2039,0.5243
1791265054.3385,O,,,,1.77082,-0.2039,0.5243
1791265054.3392,O,,,,1.78670,-0.2039,0.5243
1791265054.3469,R,C,,-62,,,
1791265054.3474,R,A,,-70,,,
1791265054.3475,R,B,,-72,,,
1791265054.4166,O,,,,1.80259,-0.2039,0.5243
1791265054.4176,O,,,,1.81715,-0.2039,0.5246
1791265054.4185,O,,,,1.83171,-0.2039,0.5243
1791265054.4193,O,,,,1.84759,-0.2039,0.5243
1791265054.3937,R,C,,-63,,,
1791265054.4033,R,B,,-71,,,
1791265054.4040,R,A,,-67,,,
1791265054.4964,O,,,,1.86215,-0.2039,0.5246
1791265054.4974,O,,,,1.87804,-0.2039,0.5246
1791265054.4984,O,,,,1.89260,-0.2039,0.5243
1791265054.4992,O,,,,1.90848,-0.2039,0.5243
1791265054.4817,R,A,,-63,,,
1791265054.5017,R,C,,-69,,,
1791265054.5019,R,A,,-66,,,
1791265054.5053,R,B,,-79,,,
1791265054.5722,O,,,,1.92304,-0.2040,0.5245
1791265054.5732,O,,,,1.93760,-0.2039,0.5243
1791265054.5740,O,,,,1.95348,-0.2039,0.5243
1791265054.5747,O,,,,1.96804,-0.2040,0.5245
1791265054.5307,R,C,,-68,,,
1791265054.5310,R,A,,-64,,,
1791265054.5797,R,C,,-63,,,
1791265054.5816,R,A,,-62,,,
1791265054.6031,R,B,,-71,,,
1791265054.6226,R,B,,-72,,,
1791265054.6232,R,A,,-58,,,
1791265054.6257,R,C,,-61,,,
1791265054.6520,O,,,,1.98393,-0.2040,0.5245
1791265054.6529,O,,,,1.99849,-0.2039,0.5243
1791265054.6538,O,,,,2.01437,-0.2039,0.5243
1791265054.6545,O,,,,2.02893,-0.2040,0.5245
1791265054.6676,R,B,,-75,,,
1791265054.6679,R,A,,-62,,,
1791265054.7217,O,,,,2.04482,-0.2040,0.5245
1791265054.7227,O,,,,2.05938,-0.2038,0.5243
1791265054.7235,O,,,,2.07394,-0.2040,0.5245
1791265054.6808,R,C,,-62,,,
1791265054.7141,R,B,,-73,,,
1791265054.7144,R,C,,-58,,,
1791265054.7194,R,A,,-63,,,
1791265054.7643,R,B,,-75,,,
1791265054.7645,R,C,,-56,,,
1791265054.7647,R,A,,-59,,,
1791265054.7968,O,,,,2.08982,-0.2040,0.5245
1791265054.7980,O,,,,2.10438,-0.2038,0.5243
1791265054.7995,O,,,,2.12027,-0.2038,0.5243
1791265054.8003,O,,,,2.13483,-0.2040,0.5245
1791265054.8769,O,,,,2.14939,-0.2038,0.5243
1791265054.8779,O,,,,2.16527,-0.2038,0.5243
1791265054.8787,O,,,,2.17983,-0.2040,0.5245
1791265054.8495,R,A,,-65,,,
1791265054.8761,R,B,,-72,,,
1791265054.8799,O,,,,2.19571,-0.2040,0.5245
1791265054.9054,R,C,,-54,,,
1791265054.9056,R,B,,-68,,,
1791265054.9205,R,A,,-62,,,
1791265054.9569,O,,,,2.21027,-0.2038,0.5243
1791265054.9585,O,,,,2.22483,-0.2040,0.5245
1791265054.9593,O,,,,2.24072,-0.2040,0.5245
1791265054.9601,O,,,,2.25528,-0.2038,0.5243
1791265054.9403,R,C,,-58,,,
1791265054.9406,R,A,,-68,,,
1791265054.9407,R,B,,-75,,,
1791265054.9897,R,B,,-70,,,
1791265055.0237,R,C,,-56,,,
1791265055.0239,R,B,,-72,,,
1791265055.0241,R,A,,-67,,,
1791265055.0309,O,,,,2.26984,-0.2040,0.5245
1791265055.0318,O,,,,2.28572,-0.2040,0.5245
1791265055.0326,O,,,,2.30028,-0.2038,0.5243
1791265055.0334,O,,,,2.31484,-0.2040,0.5245
1791265055.0708,R,C,,-54,,,
1791265055.0713,R,B,,-65,,,
1791265055.1119,O,,,,2.33073,-0.2040,0.5245
1791265055.1129,O,,,,2.34661,-0.2040,0.5245
1791265055.1139,O,,,,2.36117,-0.2038,0.5243
1791265055.1147,O,,,,2.37573,-0.2040,0.5245
1791265055.0814,R,A,,-66,,,
1791265055.1262,R,B,,-91,,,
1791265055.1309,R,C,,-58,,,
1791265055.1329,R,A,,-71,,,
1791265055.1626,R,C,,-57,,,
1791265055.1628,R,B,,-69,,,
1791265055.1902,O,,,,2.39161,-0.2040,0.5245
1791265055.1913,O,,,,2.40618,-0.2038,0.5243
1791265055.1922,O,,,,2.42206,-0.2038,0.5243
1791265055.1930,O,,,,2.43662,-0.2040,0.5245
1791265055.1787,R,A,,-67,,,
1791265055.2113,R,C,,-56,,,
1791265055.2256,R,A,,-63,,,
1791265055.2261,R,B,,-71,,,
1791265055.2644,O,,,,2.45118,-0.2038,0.5243
1791265055.2653,O,,,,2.46574,-0.2040,0.5245
1791265055.2661,O,,,,2.48162,-0.2040,0.5245
1791265055.2588,R,C,,-73,,,
1791265055.2591,R,A,,-65,,,
1791265055.2668,R,B,,-76,,,
1791265055.3263,R,B,,-64,,,
1791265055.3405,O,,,,2.49751,-0.2040,0.5245
1791265055.3414,O,,,,2.51074,-0.2040,0.5245
1791265055.3423,O,,,,2.52663,-0.2040,0.5245
1791265055.3431,O,,,,2.54119,-0.2042,0.5247
1791265055.3288,R,C,,-63,,,
1791265055.3291,R,A,,-62,,,
1791265055.3767,R,B,,-82,,,
1791265055.4142,O,,,,2.55575,-0.2040,0.5245
1791265055.4153,O,,,,2.57031,-0.2042,0.5247
1791265055.4162,O,,,,2.58355,-0.2042,0.5247
1791265055.4169,O,,,,2.59678,-0.2042,0.5247
1791265055.3807,R,C,,-57,,,
1791265055.3821,R,A,,-60,,,
1791265055.3989,R,B,,-73,,,
1791265055.3991,R,C,,-67,,,
1791265055.3992,R,A,,-62,,,
1791265055.4533,R,C,,-69,,,
1791265055.4534,R,B,,-69,,,
1791265055.4578,R,A,,-61,,,
1791265055.4913,O,,,,2.61002,-0.2042,0.5247
1791265055.4922,O,,,,2.62325,-0.2042,0.5247
1791265055.4933,O,,,,2.63649,-0.2042,0.5247
1791265055.4941,O,,,,2.64708,-0.2042,0.5247
1791265055.4895,R,C,,-58,,,
1791265055.4897,R,B,,-81,,,
1791265055.4982,R,A,,-58,,,
1791265055.5719,O,,,,2.66032,-0.2042,0.5247
1791265055.5730,O,,,,2.67091,-0.2042,0.5247
1791265055.5737,O,,,,2.68150,-0.2042,0.5247
1791265055.5745,O,,,,2.69209,-0.2042,0.5247
1791265055.5308,R,C,,-58,,,
1791265055.5316,R,A,,-59,,,
1791265055.5712,R,A,,-62,,,
1791265055.5751,R,B,,-73,,,
1791265055.5813,R,C,,-66,,,
1791265055.6268,R,B,,-64,,,
1791265055.6469,O,,,,2.70267,-0.2042,0.5247
1791265055.6480,O,,,,2.71062,-0.2042,0.5247
1791265055.6488,O,,,,2.71988,-0.2045,0.5248
1791265055.6496,O,,,,2.72915,-0.2042,0.5247
1791265055.6313,R,C,,-67,,,
1791265055.6316,R,A,,-60,,,
1791265055.6648,R,A,,-58,,,
1791265055.6651,R,B,,-66,,,
1791265055.6653,R,C,,-62,,,
1791265055.7169,O,,,,2.73709,-0.2042,0.5247
1791265055.7181,O,,,,2.74371,-0.2045,0.5248
1791265055.7189,O,,,,2.75165,-0.2045,0.5248
1791265055.7088,R,B,,-68,,,
1791265055.7090,R,C,,-65,,,
1791265055.7165,R,A,,-62,,,
1791265055.7506,R,B,,-61,,,
1791265055.7648,R,C,,-64,,,
1791265055.7706,R,A,,-58,,,
1791265055.7971,O,,,,2.75827,-0.2042,0.5247
1791265055.7982,O,,,,2.76489,-0.2045,0.5248
1791265055.7991,O,,,,2.77018,-0.2045,0.5248
1791265055.7998,O,,,,2.77548,-0.2045,0.5248
1791265055.8264,R,B,,-64,,,
1791265055.8719,O,,,,2.78077,-0.2045,0.5248
1791265055.8729,O,,,,2.78606,-0.2045,0.5248
1791265055.8738,O,,,,2.79004,-0.2047,0.5249
1791265055.8745,O,,,,2.79533,-0.2047,0.5249
1791265055.8308,R,C,,-62,,,
1791265055.8314,R,A,,-57,,,
1791265055.8674,R,C,,-61,,,
1791265055.8679,R,B,,-65,,,
1791265055.8701,R,A,,-60,,,
1791265055.8797,R,A,,-59,,,
1791265055.8807,R,C,,-60,,,
1791265055.9262,R,B,,-60,,,
1791265055.9521,O,,,,2.79930,-0.2050,0.5249
1791265055.9529,O,,,,2.80327,-0.2047,0.5249
1791265055.9537,O,,,,2.80592,-0.2047,0.5249
1791265055.9544,O,,,,2.80724,-0.2050,0.5249
1791265055.9301,R,C,,-60,,,
1791265055.9314,R,A,,-55,,,
1791265055.9730,R,B,,-63,,,
1791265055.9762,R,C,,-60,,,
1791265055.9765,R,B,,-63,,,
1791265055.9789,R,A,,-56,,,
1791265056.0189,R,C,,-60,,,
1791265056.0193,R,B,,-63,,,
1791265056.0314,O,,,,2.80857,-0.2047,0.5249
1791265056.0324,O,,,,2.80989,-0.2050,0.5249
1791265056.0334,O,,,,2.80989,-0.2050,0.5249
1791265056.0342,O,,,,2.80989,-0.2050,0.5249
1791265056.0317,R,A,,-58,,,
1791265056.1075,O,,,,2.80989,-0.2050,0.5249
1791265056.1086,O,,,,2.80989,-0.2050,0.5249
1791265056.1094,O,,,,2.80989,-0.2050,0.5249
1791265056.1101,O,,,,2.80989,-0.2050,0.5249
1791265056.1072,R,B,,-63,,,
1791265056.1203,R,C,,-62,,,
1791265056.1205,R,A,,-58,,,
1791265056.1480,R,C,,-62,,,
1791265056.1764,R,B,,-65,,,
1791265056.1872,O,,,,2.80989,-0.2050,0.5249
1791265056.1883,O,,,,2.80989,-0.2050,0.5249
1791265056.1892,O,,,,2.80989,-0.2050,0.5249
1791265056.1900,O,,,,2.80989,-0.2050,0.5249
1791265056.1806,R,A,,-62,,,
1791265056.1948,R,A,,-60,,,
1791265056.1951,R,C,,-66,,,
1791265056.1977,R,B,,-61,,,
1791265056.2572,O,,,,2.80989,-0.2050,0.5249
1791265056.2586,O,,,,2.80989,-0.2050,0.5249
1791265056.2598,O,,,,2.80989,-0.2050,0.5249
1791265056.2763,R,B,,-63,,,
1791265056.2808,R,C,,-65,,,
1791265056.2814,R,A,,-63,,,
1791265056.2882,R,C,,-63,,,
1791265056.2884,R,B,,-65,,,
1791265056.2916,R,A,,-65,,,
1791265056.3314,O,,,,2.80989,-0.2050,0.5249
1791265056.3323,O,,,,2.80989,-0.2050,0.5249
1791265056.3332,O,,,,2.80989,-0.2050,0.5249
1791265056.3339,O,,,,2.80989,-0.2050,0.5249
1791265056.3290,R,C,,-64,,,
1791265056.3317,R,A,,-66,,,
1791265056.3747,R,B,,-60,,,
1791265056.3749,R,A,,-61,,,
1791265056.4122,O,,,,2.80989,-0.2050,0.5249
1791265056.4133,O,,,,2.80989,-0.2050,0.5249
1791265056.4141,O,,,,2.80989,-0.2050,0.5249
1791265056.4149,O,,,,2.80989,-0.2050,0.5249
1791265056.3807,R,C,,-69,,,
1791265056.4176,R,B,,-63,,,
1791265056.4182,R,A,,-62,,,
1791265056.4182,R,C,,-64,,,
1791265056.4659,R,A,,-62,,,
1791265056.4662,R,B,,-64,,,
1791265056.4678,R,C,,-61,,,
1791265056.4870,O,,,,2.80989,-0.2050,0.5249
1791265056.4880,O,,,,2.80989,-0.2050,0.5249
1791265056.4888,O,,,,2.80989,-0.2050,0.5249
1791265056.4899,O,,,,2.80989,-0.2050,0.5249
1791265056.5106,R,A,,-55,,,
1791265056.5234,R,C,,-60,,,
1791265056.5668,O,,,,2.80989,-0.2050,0.5249
1791265056.5680,O,,,,2.80989,-0.2050,0.5249
1791265056.5688,O,,,,2.80989,-0.2050,0.5249
1791265056.5696,O,,,,2.80989,-0.2050,0.5249
1791265056.5649,R,B,,-62,,,
1791265056.5726,R,C,,-57,,,
1791265056.5818,R,A,,-54,,,
1791265056.6002,R,B,,-62,,,
1791265056.6006,R,C,,-58,,,
1791265056.6061,R,A,,-56,,,
1791265056.6470,O,,,,2.80989,-0.2050,0.5249
1791265056.6481,O,,,,2.80989,-0.2050,0.5249
1791265056.6490,O,,,,2.80989,-0.2050,0.5249
1791265056.6497,O,,,,2.80989,-0.2050,0.5249
1791265056.6698,R,C,,-62,,,
1791265056.6700,R,B,,-60,,,
1791265056.6702,R,A,,-54,,,
1791265056.7169,O,,,,2.80989,-0.2050,0.5249
1791265056.7180,O,,,,2.80989,-0.2050,0.5249
1791265056.7187,O,,,,2.80989,-0.2050,0.5249
1791265056.6924,R,B,,-64,,,
1791265056.7103,R,C,,-61,,,
1791265056.7104,R,A,,-57,,,
1791265056.7380,R,B,,-68,,,
1791265056.7542,R,A,,-62,,,
1791265056.7544,R,C,,-68,,,
1791265056.7923,O,,,,2.80989,-0.2050,0.5249
1791265056.7932,O,,,,2.80989,-0.2050,0.5249
1791265056.7941,O,,,,2.80989,-0.2050,0.5249
1791265056.7948,O,,,,2.80989,-0.2050,0.5249
1791265057.2263,O,,,,2.80989,-0.2050,0.5249
1791265056.7801,R,C,,-64,,,
1791265056.7813,R,A,,-61,,,
1791265056.8220,R,C,,-56,,,
1791265056.8223,R,B,,-61,,,
1791265056.8224,R,A,,-57,,,
1791265057.2297,O,,,,2.80989,-0.2050,0.5249
1791265056.8663,R,C,,-57,,,
1791265056.8761,R,B,,-60,,,
1791265057.2343,O,,,,2.80989,-0.2050,0.5249
1791265056.8814,R,A,,-52,,,
1791265056.9110,R,B,,-60,,,
1791265056.9182,R,C,,-58,,,
1791265056.9185,R,A,,-54,,,
1791265057.2373,O,,,,2.80989,-0.2050,0.5249
1791265056.9762,R,B,,-58,,,
1791265057.2405,O,,,,2.80989,-0.2050,0.5249
1791265056.9806,R,C,,-61,,,
1791265056.9824,R,A,,-56,,,
1791265056.9963,R,B,,-62,,,
1791265056.9967,R,C,,-64,,,
1791265056.9969,R,A,,-59,,,
1791265057.2438,O,,,,2.80989,-0.2050,0.5249
1791265057.0510,R,C,,-57,,,
1791265057.0761,R,B,,-60,,,
1791265057.2450,O,,,,2.80989,-0.2050,0.5249
1791265057.0815,R,A,,-56,,,
1791265057.2465,O,,,,2.80989,-0.2050,0.5249
1791265057.1283,R,C,,-60,,,
1791265057.1284,R,A,,-62,,,
1791265057.1700,R,C,,-62,,,
1791265057.1703,R,B,,-66,,,
1791265057.2474,O,,,,2.80989,-0.2050,0.5249
1791265057.1814,R,A,,-63,,,
1791265057.2129,R,B,,-67,,,
1791265057.2134,R,C,,-63,,,
1791265057.2228,R,A,,-64,,,
1791265057.2484,O,,,,2.80989,-0.2050,0.5249
1791265057.2491,O,,,,2.80989,-0.2050,0.5249
1791265057.2498,O,,,,2.80989,-0.2050,0.5249
1791265057.2506,O,,,,2.80989,-0.2050,0.5249
1791265057.2513,O,,,,2.80989,-0.2050,0.5249
1791265057.2521,O,,,,2.80989,-0.2050,0.5249
1791265057.2530,O,,,,2.80989,-0.2050,0.5249
1791265057.2538,O,,,,2.80989,-0.2050,0.5249
1791265057.2546,O,,,,2.80989,-0.2050,0.5249
1791265057.2553,O,,,,2.80989,-0.2050,0.5249
1791265057.2561,O,,,,2.80989,-0.2050,0.5249
1791265057.2568,O,,,,2.80989,-0.2050,0.5249
1791265057.2575,O,,,,2.80989,-0.2050,0.5249
1791265057.2583,O,,,,2.80989,-0.2050,0.5249
1791265057.2762,R,B,,-62,,,
1791265057.2791,R,C,,-69,,,
1791265057.2827,R,A,,-64,,,
1791265057.3039,R,B,,-58,,,
1791265057.3040,R,C,,-63,,,
1791265057.3042,R,A,,-58,,,
1791265057.3314,O,,,,2.80989,-0.2050,0.5249
1791265057.3323,O,,,,2.80989,-0.2050,0.5249
1791265057.3331,O,,,,2.80989,-0.2050,0.5249
1791265057.3339,O,,,,2.80989,-0.2050,0.5249
1791265057.3761,R,B,,-63,,,
1791265057.4069,O,,,,2.80989,-0.2050,0.5249
1791265057.4083,O,,,,2.80989,-0.2050,0.5249
1791265057.4091,O,,,,2.80989,-0.2050,0.5249
1791265057.4098,O,,,,2.80989,-0.2050,0.5249
1791265057.3807,R,C,,-65,,,
1791265057.3815,R,A,,-64,,,
1791265057.3858,R,B,,-62,,,
1791265057.3891,R,A,,-64,,,
1791265057.3893,R,C,,-65,,,
1791265057.4260,R,C,,-62,,,
1791265057.4262,R,B,,-60,,,
1791265057.4263,R,A,,-57,,,
1791265057.4693,R,B,,-59,,,
1791265057.4871,O,,,,2.80989,-0.2050,0.5249
1791265057.4881,O,,,,2.80989,-0.2050,0.5249
1791265057.4890,O,,,,2.80989,-0.2050,0.5249
1791265057.4897,O,,,,2.80989,-0.2050,0.5249
1791265057.4807,R,C,,-65,,,
1791265057.4821,R,A,,-60,,,
1791265057.5069,R,B,,-63,,,
1791265057.5664,O,,,,2.81121,-0.2052,0.5250
1791265057.5674,O,,,,2.81121,-0.2052,0.5250
1791265057.5683,O,,,,2.81121,-0.2057,0.5252
1791265057.5691,O,,,,2.81254,-0.2060,0.5253
1791265057.5301,R,C,,-67,,,
1791265057.5315,R,A,,-61,,,
1791265057.5499,R,B,,-66,,,
1791265057.5501,R,A,,-62,,,
1791265057.5504,R,C,,-62,,,
1791265057.6000,R,B,,-67,,,
1791265057.6214,R,C,,-59,,,
1791265057.6216,R,A,,-66,,,
1791265057.6415,O,,,,2.81254,-0.2065,0.5255
1791265057.6428,O,,,,2.81519,-0.2070,0.5256
1791265057.6438,O,,,,2.81651,-0.2077,0.5259
1791265057.6446,O,,,,2.81783,-0.2085,0.5261
1791265057.6417,R,B,,-70,,,
1791265057.6421,R,C,,-73,,,
1791265057.6430,R,A,,-66,,,
1791265057.7119,O,,,,2.82048,-0.2095,0.5265
1791265057.7132,O,,,,2.82180,-0.2107,0.5269
1791265057.7146,O,,,,2.82445,-0.2117,0.5272
1791265057.7080,R,B,,-73,,,
1791265057.7082,R,A,,-70,,,
1791265057.7085,R,C,,-63,,,
1791265057.7485,R,B,,-72,,,
1791265057.7529,R,A,,-73,,,
1791265057.7531,R,C,,-61,,,
1791265057.7925,O,,,,2.82710,-0.2133,0.5277
1791265057.7940,O,,,,2.82842,-0.2150,0.5283
1791265057.7952,O,,,,2.83107,-0.2165,0.5288
1791265057.7959,O,,,,2.83239,-0.2183,0.5293
1791265057.8262,R,B,,-66,,,
1791265057.8669,O,,,,2.83504,-0.2203,0.5300
1791265057.8683,O,,,,2.83636,-0.2226,0.5307
1791265057.8695,O,,,,2.83504,-0.2249,0.5314
1791265057.8705,O,,,,2.83636,-0.2271,0.5321
1791265057.8746,R,B,,-65,,,
1791265057.8807,R,C,,-60,,,
1791265057.9182,R,B,,-67,,,
1791265057.9473,O,,,,2.83769,-0.2299,0.5330
1791265057.9491,O,,,,2.83636,-0.2327,0.5339
1791265057.9503,O,,,,2.83769,-0.2355,0.5348
1791265057.9513,O,,,,2.83769,-0.2385,0.5357
1791265057.9287,R,C,,-65,,,
1791265057.9315,R,A,,-69,,,
1791265057.9655,R,C,,-62,,,
1791265057.9657,R,B,,-68,,,
1791265057.9658,R,A,,-67,,,
1791265058.0218,O,,,,2.83901,-0.2418,0.5367
1791265058.0228,O,,,,2.83901,-0.2448,0.5377
1791265058.0236,O,,,,2.83901,-0.2483,0.5388
1791265058.0244,O,,,,2.84033,-0.2516,0.5398
1791265058.0147,R,C,,-62,,,
1791265058.0250,R,B,,-62,,,
1791265058.0252,R,A,,-66,,,
1791265058.0547,R,B,,-65,,,
1791265058.0565,R,C,,-57,,,
1791265058.0728,R,A,,-66,,,
1791265058.1013,O,,,,2.83901,-0.2554,0.5410
1791265058.1022,O,,,,2.83901,-0.2590,0.5421
1791265058.1030,O,,,,2.83901,-0.2625,0.5432
1791265058.1038,O,,,,2.83769,-0.2663,0.5444
1791265058.0953,R,C,,-64,,,
1791265058.0955,R,B,,-66,,,
1791265058.0956,R,A,,-73,,,
1791265058.1727,O,,,,2.83769,-0.2703,0.5456
1791265058.1741,O,,,,2.83769,-0.2739,0.5468
1791265058.1753,O,,,,2.83769,-0.2779,0.5480
1791265058.1765,O,,,,2.83769,-0.2819,0.5493
1791265058.1578,R,C,,-71,,,
1791265058.1752,R,B,,-64,,,
1791265058.1753,R,A,,-71,,,
1791265058.1862,R,C,,-67,,,
1791265058.1865,R,B,,-63,,,
1791265058.1865,R,A,,-80,,,
1791265058.2585,O,,,,2.83636,-0.2857,0.5505
1791265058.2595,O,,,,2.83636,-0.2898,0.5518
1791265058.2603,O,,,,2.83769,-0.2936,0.5529
1791265058.2557,R,B,,-66,,,
1791265058.3268,O,,,,2.83636,-0.2974,0.5541
1791265058.3283,O,,,,2.83636,-0.3014,0.5554
1791265058.2807,R,C,,-63,,,
1791265058.2811,R,A,,-64,,,
1791265058.2835,R,B,,-62,,,
1791265058.3296,O,,,,2.83636,-0.3054,0.5567
1791265058.3307,O,,,,2.83504,-0.3092,0.5579
1791265058.3313,R,C,,-58,,,
1791265058.3315,R,A,,-62,,,
1791265058.3425,R,B,,-59,,,
1791265058.3702,R,C,,-62,,,
1791265058.3705,R,A,,-68,,,
1791265058.3761,R,B,,-62,,,
1791265058.4067,O,,,,2.83636,-0.3130,0.5591
1791265058.4076,O,,,,2.83636,-0.3170,0.5603
1791265058.4085,O,,,,2.83636,-0.3211,0.5616
1791265058.4092,O,,,,2.83504,-0.3249,0.5628
1791265058.4164,R,B,,-63,,,
1791265058.4166,R,A,,-64,,,
1791265058.4168,R,C,,-59,,,
1791265058.4768,R,B,,-63,,,
1791265058.4812,O,,,,2.83504,-0.3289,0.5641
1791265058.4822,O,,,,2.83372,-0.3327,0.5653
1791265058.4830,O,,,,2.83372,-0.3367,0.5666
1791265058.4837,O,,,,2.83504,-0.3405,0.5678
1791265058.4808,R,C,,-58,,,
1791265058.4814,R,A,,-62,,,
1791265058.5076,R,A,,-69,,,
1791265058.5268,R,B,,-65,,,
1791265058.5614,O,,,,2.83504,-0.3446,0.5691
1791265058.5627,O,,,,2.83372,-0.3483,0.5703
1791265058.5640,O,,,,2.83504,-0.3521,0.5715
1791265058.5652,O,,,,2.83504,-0.3562,0.5727
1791265058.5313,R,C,,-63,,,
1791265058.5539,R,A,,-63,,,
1791265058.5723,R,C,,-59,,,
1791265058.5767,R,B,,-68,,,
1791265058.6001,R,A,,-64,,,
1791265058.6003,R,C,,-66,,,
1791265058.6079,R,B,,-64,,,
1791265058.6414,O,,,,2.83504,-0.3602,0.5740
1791265058.6424,O,,,,2.83372,-0.3640,0.5752
1791265058.6451,O,,,,2.83372,-0.3680,0.5765
1791265058.6459,O,,,,2.83372,-0.3721,0.5778
1791265058.6569,R,B,,-62,,,
1791265058.6575,R,C,,-68,,,
1791265058.6577,R,A,,-68,,,
1791265058.7113,O,,,,2.83372,-0.3761,0.5791
1791265058.7122,O,,,,2.83504,-0.3799,0.5803
1791265058.7129,O,,,,2.83372,-0.3837,0.5815
1791265058.6867,R,B,,-68,,,
1791265058.6873,R,C,,-69,,,
1791265058.6884,R,A,,-69,,,
1791265058.7302,R,C,,-72,,,
1791265058.7316,R,A,,-68,,,
1791265058.7731,R,B,,-68,,,
1791265058.7740,R,A,,-64,,,
1791265058.7757,R,C,,-66,,,
1791265058.7759,R,B,,-67,,,
1791265058.7927,O,,,,2.83372,-0.3877,0.5828
1791265058.7938,O,,,,2.83372,-0.3917,0.5840
1791265058.7949,O,,,,2.83504,-0.3955,0.5852
1791265058.7957,O,,,,2.83504,-0.3996,0.5865
1791265058.8234,R,B,,-65,,,
1791265058.8236,R,A,,-61,,,
1791265058.8663,O,,,,2.83372,-0.4033,0.5877
1791265058.8673,O,,,,2.83372,-0.4074,0.5890
1791265058.8681,O,,,,2.83372,-0.4114,0.5903
1791265058.8689,O,,,,2.83504,-0.4152,0.5915
1791265058.8308,R,C,,-57,,,
1791265058.8698,R,B,,-67,,,
1791265058.8813,R,C,,-61,,,
1791265058.8822,R,A,,-60,,,
1791265058.9142,R,C,,-61,,,
1791265058.9197,R,A,,-59,,,
1791265058.9207,R,B,,-64,,,
1791265058.9419,O,,,,2.83504,-0.4192,0.5928
1791265058.9428,O,,,,2.83504,-0.4233,0.5940
1791265058.9437,O,,,,2.83372,-0.4271,0.5952
1791265058.9444,O,,,,2.83372,-0.4311,0.5965
1791265058.9561,R,B,,-57,,,
1791265058.9756,R,A,,-57,,,
1791265058.9757,R,C,,-56,,,
1791265059.0218,O,,,,2.83504,-0.4349,0.5977
1791265059.0232,O,,,,2.83636,-0.4387,0.5989
1791265059.0245,O,,,,2.83769,-0.4425,0.6001
1791265059.0253,O,,,,2.83901,-0.4463,0.6013
1791265059.0262,R,B,,-67,,,
1791265059.0290,R,A,,-61,,,
1791265059.0291,R,C,,-57,,,
1791265059.0448,R,B,,-63,,,
1791265059.0456,R,C,,-62,,,
1791265059.0468,R,A,,-63,,,
1791265059.1012,O,,,,2.84166,-0.4498,0.6024
1791265059.1022,O,,,,2.84431,-0.4538,0.6036
1791265059.1030,O,,,,2.84695,-0.4574,0.6047
1791265059.1038,O,,,,2.85092,-0.4607,0.6057
1791265059.0917,R,C,,-62,,,
1791265059.0920,R,B,,-65,,,
1791265059.1664,O,,,,2.85622,-0.4642,0.6068
1791265059.1673,O,,,,2.86151,-0.4678,0.6078
1791265059.1681,O,,,,2.86681,-0.4714,0.6088
1791265059.1318,R,A,,-63,,,
1791265059.2053,R,C,,-65,,,
1791265059.2055,R,A,,-65,,,
1791265059.2080,R,B,,-63,,,
1791265059.2464,O,,,,2.87343,-0.4747,0.6097
1791265059.2474,O,,,,2.87872,-0.4777,0.6106
1791265059.2485,O,,,,2.88534,-0.4811,0.6115
1791265059.2515,O,,,,2.89196,-0.4844,0.6123
1791265059.2732,R,B,,-64,,,
1791265059.2753,R,B,,-62,,,
1791265059.3275,O,,,,2.89858,-0.4872,0.6130
1791265059.3291,O,,,,2.90652,-0.4903,0.6138
1791265059.2808,R,C,,-61,,,
1791265059.2815,R,A,,-64,,,
1791265059.3232,R,A,,-65,,,
1791265059.3264,R,B,,-65,,,
1791265059.3300,O,,,,2.91181,-0.4934,0.6145
1791265059.3307,O,,,,2.91578,-0.4968,0.6153
1791265059.3313,R,C,,-61,,,
1791265059.3707,R,B,,-65,,,
1791265059.3711,R,A,,-64,,,
1791265059.4019,O,,,,2.92108,-0.4999,0.6160
1791265059.4029,O,,,,2.92373,-0.5035,0.6168
1791265059.4037,O,,,,2.92770,-0.5068,0.6175
1791265059.4044,O,,,,2.92902,-0.5107,0.6184
1791265059.3813,R,C,,-62,,,
1791265059.4263,R,B,,-69,,,
1791265059.4314,R,C,,-57,,,
1791265059.4315,R,A,,-63,,,
1791265059.4618,R,B,,-70,,,
1791265059.4654,R,C,,-61,,,
1791265059.4816,O,,,,2.93034,-0.5146,0.6192
1791265059.4829,O,,,,2.93299,-0.5182,0.6200
1791265059.4841,O,,,,2.93299,-0.5224,0.6209
1791265059.4853,O,,,,2.93431,-0.5262,0.6217
1791265059.4816,R,A,,-64,,,
1791265059.5020,R,B,,-66,,,
1791265059.5098,R,A,,-59,,,
1791265059.5665,O,,,,2.93564,-0.5301,0.6225
1791265059.5676,O,,,,2.93564,-0.5343,0.6234
1791265059.5684,O,,,,2.93696,-0.5382,0.6242
1791265059.5692,O,,,,2.93696,-0.5423,0.6250
1791265059.5519,R,B,,-62,,,
1791265059.5521,R,C,,-58,,,
1791265059.5523,R,A,,-65,,,
1791265059.5902,R,C,,-64,,,
1791265059.5906,R,B,,-66,,,
1791265059.6005,R,A,,-63,,,
1791265059.6375,O,,,,2.93696,-0.5459,0.6258
1791265059.6386,O,,,,2.93696,-0.5501,0.6266
1791265059.6394,O,,,,2.93696,-0.5542,0.6275
1791265059.6402,O,,,,2.93696,-0.5584,0.6284
1791265059.6398,R,B,,-68,,,
1791265059.6401,R,A,,-68,,,
1791265059.6403,R,C,,-62,,,
1791265059.6752,R,B,,-72,,,
1791265059.6760,R,C,,-63,,,
1791265059.7069,O,,,,2.93564,-0.5623,0.6292
1791265059.7083,O,,,,2.93564,-0.5664,0.6300
1791265059.7093,O,,,,2.93299,-0.5706,0.6309
1791265059.6823,R,A,,-63,,,
1791265059.7167,R,B,,-63,,,
1791265059.7308,R,C,,-58,,,
1791265059.7326,R,A,,-65,,,
1791265059.7652,R,A,,-64,,,
1791265059.7654,R,B,,-66,,,
1791265059.7658,R,C,,-64,,,
1791265059.7869,O,,,,2.93299,-0.5747,0.6318
1791265059.7879,O,,,,2.93034,-0.5789,0.6327
1791265059.7887,O,,,,2.92770,-0.5830,0.6336
1791265059.7910,O,,,,2.92637,-0.5869,0.6344
1791265059.8103,R,B,,-69,,,
1791265059.8613,O,,,,2.92373,-0.5910,0.6353
1791265059.8624,O,,,,2.92108,-0.5951,0.6362
1791265059.8631,O,,,,2.91975,-0.5990,0.6371
1791265059.8643,O,,,,2.91711,-0.6031,0.6381
1791265059.8315,R,C,,-62,,,
1791265059.8317,R,A,,-71,,,
1791265059.8574,R,B,,-68,,,
1791265059.8577,R,C,,-58,,,
1791265059.8747,R,A,,-73,,,
1791265059.9012,R,C,,-100,,,
1791265059.9223,R,B,,-72,,,
1791265059.9226,R,A,,-77,,,
1791265059.9417,O,,,,2.91446,-0.6073,0.6390
1791265059.9426,O,,,,2.91181,-0.6114,0.6400
1791265059.9437,O,,,,2.91049,-0.6153,0.6409
1791265059.9447,O,,,,2.90784,-0.6194,0.6418
1791265059.9394,R,C,,-66,,,
1791265059.9395,R,A,,-67,,,
1791265059.9764,R,B,,-69,,,
1791265060.0170,O,,,,2.90387,-0.6238,0.6429
1791265060.0180,O,,,,2.90122,-0.6274,0.6438
1791265060.0188,O,,,,2.89990,-0.6312,0.6447
1791265060.0197,O,,,,2.89593,-0.6351,0.6457
1791265060.0273,R,B,,-68,,,
1791265060.0308,R,C,,-57,,,
1791265060.0315,R,A,,-57,,,
1791265060.0699,R,A,,-57,,,
1791265060.0702,R,C,,-57,,,
1791265060.0769,R,B,,-76,,,
1791265060.1013,O,,,,2.89460,-0.6389,0.6466
1791265060.1027,O,,,,2.89460,-0.6430,0.6477
1791265060.1034,O,,,,2.89460,-0.6466,0.6486
1791265060.1044,O,,,,2.89460,-0.6502,0.6495
1791265060.1131,R,B,,-96,,,
1791265060.1673,O,,,,2.89460,-0.6538,0.6504
1791265060.1683,O,,,,2.89725,-0.6574,0.6513
1791265060.1690,O,,,,2.89858,-0.6608,0.6521
1791265060.1309,R,C,,-59,,,
1791265060.1316,R,A,,-56,,,
1791265060.1538,R,C,,-55,,,
1791265060.1543,R,B,,-73,,,
1791265060.1591,R,A,,-56,,,
1791265060.1983,R,B,,-74,,,
1791265060.1987,R,C,,-56,,,
1791265060.2133,R,A,,-63,,,
1791265060.2416,O,,,,2.90122,-0.6643,0.6530
1791265060.2426,O,,,,2.90387,-0.6679,0.6539
1791265060.2433,O,,,,2.90784,-0.6713,0.6547
1791265060.2441,O,,,,2.90917,-0.6746,0.6555
1791265060.2450,R,C,,-57,,,
1791265060.2455,R,B,,-70,,,
1791265060.2455,R,A,,-72,,,
1791265060.3219,O,,,,2.91049,-0.6775,0.6562
1791265060.3232,O,,,,2.91181,-0.6808,0.6570
1791265060.3240,O,,,,2.91314,-0.6842,0.6577
1791265060.3248,O,,,,2.91578,-0.6873,0.6585
1791265060.2886,R,B,,-76,,,
1791265060.2887,R,C,,-71,,,
1791265060.3155,R,A,,-62,,,
1791265060.3291,R,C,,-63,,,
1791265060.3321,R,A,,-60,,,
1791265060.3762,R,B,,-82,,,
1791265060.4021,O,,,,2.91975,-0.6901,0.6591
1791265060.4029,O,,,,2.92240,-0.6932,0.6598
1791265060.4037,O,,,,2.92505,-0.6963,0.6605
1791265060.4044,O,,,,2.92902,-0.6992,0.6611
1791265060.3808,R,A,,-65,,,
1791265060.3811,R,C,,-65,,,
1791265060.4112,R,A,,-64,,,
1791265060.4269,R,B,,-74,,,
1791265060.4773,O,,,,2.93431,-0.7023,0.6618
1791265060.4782,O,,,,2.93829,-0.7051,0.6624
1791265060.4315,R,C,,-63,,,
1791265060.4564,R,B,,-69,,,
1791265060.4736,R,A,,-80,,,
1791265060.4737,R,C,,-62,,,
1791265060.4792,O,,,,2.94358,-0.7082,0.6630
1791265060.4805,O,,,,2.94887,-0.7108,0.6635
1791265060.5570,O,,,,2.95549,-0.7137,0.6640
1791265060.5580,O,,,,2.96079,-0.7163,0.6645
1791265060.5588,O,,,,2.96741,-0.7192,0.6650
1791265060.5595,O,,,,2.97535,-0.7218,0.6655
1791265060.5629,R,A,,-69,,,
1791265060.5632,R,B,,-72,,,
1791265060.5807,R,C,,-69,,,
1791265060.6082,R,B,,-72,,,
1791265060.6083,R,C,,-64,,,
1791265060.6085,R,A,,-73,,,
1791265060.6364,O,,,,2.98329,-0.7244,0.6659
1791265060.6374,O,,,,2.99123,-0.7270,0.6663
1791265060.6382,O,,,,2.99917,-0.7296,0.6667
1791265060.6389,O,,,,3.00844,-0.7320,0.6670
1791265060.6419,R,B,,-70,,,
1791265060.6744,R,C,,-84,,,
1791265060.6746,R,A,,-67,,,
1791265060.7012,O,,,,3.01638,-0.7346,0.6674
1791265060.7021,O,,,,3.02565,-0.7370,0.6677
1791265060.7029,O,,,,3.03491,-0.7393,0.6679
1791265060.6929,R,C,,-64,,,
1791265060.7003,R,B,,-68,,,
1791265060.7285,R,A,,-68,,,
1791265060.7308,R,C,,-68,,,
1791265060.7761,R,C,,-64,,,
1791265060.7762,R,B,,-66,,,
1791265060.7814,O,,,,3.04285,-0.7420,0.6682
1791265060.7827,O,,,,3.05212,-0.7438,0.6684
1791265060.7839,O,,,,3.06139,-0.7462,0.6686
1791265060.7851,O,,,,3.06933,-0.7483,0.6687
1791265060.7816,R,A,,-65,,,
1791265060.8248,R,A,,-61,,,
1791265060.8268,R,B,,-66,,,
1791265060.8628,O,,,,3.07859,-0.7507,0.6689
1791265060.8640,O,,,,3.08786,-0.7525,0.6690
1791265060.8648,O,,,,3.09580,-0.7546,0.6691
1791265060.8656,O,,,,3.10374,-0.7562,0.6692
1791265060.8311,R,C,,-69,,,
1791265060.8652,R,B,,-67,,,
1791265060.8816,R,C,,-72,,,
1791265060.8817,R,A,,-63,,,
1791265060.9165,R,B,,-71,,,
1791265060.9168,R,A,,-65,,,
1791265060.9169,R,C,,-66,,,
1791265060.9369,O,,,,3.11168,-0.7578,0.6692
1791265060.9384,O,,,,3.11963,-0.7594,0.6693
1791265060.9396,O,,,,3.12757,-0.7610,0.6693
1791265060.9408,O,,,,3.13419,-0.7623,0.6693
1791265060.9564,R,A,,-69,,,
1791265060.9762,R,B,,-76,,,
1791265061.0170,O,,,,3.14081,-0.7636,0.6693
1791265061.0184,O,,,,-3.13709,-0.7647,0.6693
1791265061.0197,O,,,,-3.13179,-0.7658,0.6693
1791265061.0208,O,,,,-3.12650,-0.7668,0.6693
1791265060.9798,R,C,,-68,,,
1791265061.0214,R,B,,-67,,,
1791265061.0315,R,A,,-70,,,
1791265061.0318,R,C,,-67,,,
1791265061.0545,R,B,,-84,,,
1791265061.0547,R,C,,-65,,,
1791265061.0549,R,A,,-74,,,
1791265061.0925,O,,,,-3.12253,-0.7676,0.6693
1791265061.0937,O,,,,-3.11988,-0.7681,0.6693
1791265061.0949,O,,,,-3.11591,-0.7689,0.6693
1791265061.0961,O,,,,-3.11326,-0.7695,0.6692
1791265061.1231,R,B,,-77,,,
1791265061.1234,R,A,,-66,,,
1791265061.1235,R,C,,-68,,,
1791265061.1620,O,,,,-3.11194,-0.7697,0.6692
1791265061.1631,O,,,,-3.11061,-0.7700,0.6692
1791265061.1638,O,,,,-3.10929,-0.7703,0.6692
1791265061.1528,R,B,,-90,,,
1791265061.1807,R,C,,-68,,,
1791265061.1818,R,A,,-72,,,
1791265061.1954,R,C,,-76,,,
1791265061.1955,R,B,,-75,,,
1791265061.1960,R,A,,-68,,,
1791265061.2416,O,,,,-3.10797,-0.7705,0.6692
1791265061.2430,O,,,,-3.10797,-0.7705,0.6692
1791265061.2438,O,,,,-3.10797,-0.7705,0.6692
1791265061.2446,O,,,,-3.10797,-0.7705,0.6692
1791265061.2303,R,C,,-64,,,
1791265061.2320,R,A,,-62,,,
1791265061.2750,R,C,,-64,,,
1791265061.2753,R,A,,-60,,,
1791265061.2767,R,B,,-69,,,
1791265061.3220,O,,,,-3.10797,-0.7705,0.6692
1791265061.3231,O,,,,-3.10797,-0.7705,0.6692
1791265061.3239,O,,,,-3.10797,-0.7705,0.6692
1791265061.3246,O,,,,-3.10797,-0.7705,0.6692
1791265061.3180,R,C,,-67,,,
1791265061.3183,R,B,,-71,,,
1791265061.3315,R,A,,-62,,,
1791265061.3632,R,A,,-62,,,
1791265061.3762,R,B,,-66,,,
1791265061.3966,O,,,,-3.10797,-0.7705,0.6692
1791265061.3974,O,,,,-3.10797,-0.7705,0.6692
1791265061.3982,O,,,,-3.10929,-0.7703,0.6692
1791265061.3989,O,,,,-3.10929,-0.7703,0.6692
1791265061.3808,R,C,,-59,,,
1791265061.4095,R,C,,-66,,,
1791265061.4244,R,B,,-76,,,
1791265061.4247,R,A,,-65,,,
1791265061.4843,O,,,,-3.10929,-0.7703,0.6692
1791265061.4465,R,B,,-69,,,
1791265061.4468,R,C,,-64,,,
1791265061.4476,R,A,,-63,,,
1791265061.4852,O,,,,-3.10929,-0.7703,0.6692
1791265061.4860,O,,,,-3.10929,-0.7703,0.6692
1791265061.4868,O,,,,-3.10929,-0.7703,0.6692
1791265061.5027,R,B,,-77,,,
1791265061.5045,R,C,,-66,,,
1791265061.5067,R,A,,-63,,,
1791265061.5517,O,,,,-3.10929,-0.7703,0.6692
1791265061.5526,O,,,,-3.10797,-0.7705,0.6692
1791265061.5534,O,,,,-3.10797,-0.7705,0.6692
1791265061.5543,O,,,,-3.10797,-0.7705,0.6692
1791265061.5422,R,B,,-72,,,
1791265061.5838,R,B,,-68,,,
1791265061.6343,O,,,,-3.10797,-0.7705,0.6692
1791265061.6357,O,,,,-3.10797,-0.7705,0.6692
1791265061.6365,O,,,,-3.10664,-0.7708,0.6692
1791265061.6373,O,,,,-3.10532,-0.7710,0.6692
1791265061.6292,R,C,,-63,,,
1791265061.6317,R,A,,-64,,,
1791265061.6768,R,B,,-72,,,
1791265061.7015,O,,,,-3.10399,-0.7713,0.6692
1791265061.7027,O,,,,-3.10002,-0.7716,0.6692
1791265061.7035,O,,,,-3.09605,-0.7718,0.6692
1791265061.6808,R,C,,-63,,,
1791265061.6816,R,A,,-70,,,
1791265061.7155,R,B,,-69,,,
1791265061.7177,R,A,,-61,,,
1791265061.7768,O,,,,-3.09208,-0.7721,0.6692
1791265061.7782,O,,,,-3.08546,-0.7724,0.6691
1791265061.7825,O,,,,-3.08017,-0.7724,0.6691
1791265061.7317,R,C,,-56,,,
1791265061.7584,R,B,,-67,,,
1791265061.7586,R,C,,-60,,,
1791265061.7837,O,,,,-3.07223,-0.7724,0.6691
1791265061.7818,R,A,,-64,,,
1791265061.8070,R,B,,-66,,,
1791265061.8571,O,,,,-3.06561,-0.7726,0.6691
1791265061.8584,O,,,,-3.05767,-0.7726,0.6691
1791265061.8596,O,,,,-3.04708,-0.7726,0.6691
1791265061.8606,O,,,,-3.03781,-0.7729,0.6691
1791265061.8314,R,C,,-56,,,
1791265061.8316,R,A,,-68,,,
1791265061.8552,R,A,,-69,,,
1791265061.8555,R,B,,-71,,,
1791265061.8813,R,C,,-78,,,
1791265061.9264,R,B,,-71,,,
1791265061.9372,O,,,,-3.02590,-0.7726,0.6691
1791265061.9386,O,,,,-3.01531,-0.7726,0.6691
1791265061.9398,O,,,,-3.00207,-0.7726,0.6691
1791265061.9411,O,,,,-2.98884,-0.7726,0.6691
1791265061.9317,R,A,,-71,,,
1791265061.9318,R,C,,-61,,,
1791265061.9463,R,C,,-57,,,
1791265061.9465,R,B,,-60,,,
1791265061.9602,R,A,,-63,,,
1791265062.0117,O,,,,-2.97428,-0.7724,0.6692
1791265062.0130,O,,,,-2.96104,-0.7724,0.6692
1791265062.0143,O,,,,-2.94516,-0.7724,0.6692
1791265062.0154,O,,,,-2.93192,-0.7724,0.6692
1791265061.9916,R,A,,-64,,,
1791265061.9919,R,C,,-54,,,
1791265062.0264,R,B,,-66,,,
1791265062.0597,R,B,,-63,,,
1791265062.0748,R,C,,-52,,,
1791265062.0749,R,A,,-61,,,
1791265062.0769,R,B,,-66,,,
1791265062.0925,O,,,,-2.91736,-0.7721,0.6692
1791265062.0944,O,,,,-2.90280,-0.7724,0.6692
1791265062.0956,O,,,,-2.88956,-0.7724,0.6692
1791265062.0968,O,,,,-2.87500,-0.7721,0.6692
1791265062.1254,R,B,,-68,,,
1791265062.1255,R,C,,-58,,,
1791265062.1673,O,,,,-2.86176,-0.7721,0.6692
1791265062.1683,O,,,,-2.85118,-0.7721,0.6692
1791265062.1691,O,,,,-2.83794,-0.7721,0.6692
1791265062.1323,R,A,,-61,,,
1791265062.1561,R,A,,-63,,,
1791265062.1563,R,B,,-70,,,
1791265062.1570,R,C,,-63,,,
1791265062.2143,R,A,,-65,,,
1791265062.2152,R,B,,-75,,,
1791265062.2153,R,C,,-66,,,
1791265062.2369,O,,,,-2.82603,-0.7719,0.6693
1791265062.2379,O,,,,-2.81279,-0.7719,0.6693
1791265062.2387,O,,,,-2.79955,-0.7719,0.6693
1791265062.2394,O,,,,-2.78764,-0.7721,0.6692
1791265062.2589,R,B,,-67,,,
1791265062.2696,R,C,,-58,,,
1791265062.2699,R,A,,-69,,,
1791265062.3169,O,,,,-2.77308,-0.7719,0.6693
1791265062.3180,O,,,,-2.75852,-0.7721,0.6692
1791265062.3189,O,,,,-2.74264,-0.7721,0.6692
1791265062.3197,O,,,,-2.72675,-0.7721,0.6692
1791265062.2970,R,B,,-60,,,
1791265062.2972,R,A,,-71,,,
1791265062.3308,R,C,,-62,,,
1791265062.3403,R,C,,-63,,,
1791265062.3405,R,B,,-57,,,
1791265062.3755,R,A,,-57,,,
1791265062.3983,O,,,,-2.71087,-0.7721,0.6692
1791265062.3992,O,,,,-2.69498,-0.7721,0.6692
1791265062.3999,O,,,,-2.67778,-0.7719,0.6693
1791265062.4007,O,,,,-2.66189,-0.7719,0.6693
1791265062.3954,R,C,,-52,,,
1791265062.4264,R,B,,-59,,,
1791265062.4724,O,,,,-2.64601,-0.7719,0.6693
1791265062.4735,O,,,,-2.63012,-0.7719,0.6693
1791265062.4747,O,,,,-2.61292,-0.7716,0.6695
1791265062.4754,O,,,,-2.59703,-0.7716,0.6695
1791265062.4287,R,A,,-58,,,
1791265062.4315,R,A,,-61,,,
1791265062.4317,R,C,,-52,,,
1791265062.4764,R,C,,-57,,,
1791265062.4767,R,A,,-64,,,
1791265062.4770,R,B,,-63,,,
1791265062.5180,R,B,,-55,,,
1791265062.5182,R,A,,-56,,,
1791265062.5519,O,,,,-2.58115,-0.7716,0.6695
1791265062.5529,O,,,,-2.56527,-0.7716,0.6695
1791265062.5537,O,,,,-2.54806,-0.7714,0.6696
1791265062.5545,O,,,,-2.53085,-0.7716,0.6695
1791265062.5308,R,C,,-64,,,
1791265062.5648,R,B,,-55,,,
1791265062.5814,R,C,,-66,,,
1791265062.5817,R,A,,-56,,,
1791265062.6043,R,A,,-65,,,
1791265062.6044,R,B,,-61,,,
1791265062.6046,R,C,,-71,,,
1791265062.6353,O,,,,-2.51497,-0.7716,0.6695
1791265062.6368,O,,,,-2.49776,-0.7714,0.6696
1791265062.6376,O,,,,-2.48187,-0.7714,0.6696
1791265062.6385,O,,,,-2.46467,-0.7716,0.6695
1791265062.6550,R,C,,-78,,,
1791265062.6553,R,B,,-66,,,
1791265062.6556,R,A,,-63,,,
1791265062.7061,O,,,,-2.44746,-0.7714,0.6696
1791265062.7075,O,,,,-2.43158,-0.7714,0.6696
1791265062.7087,O,,,,-2.41437,-0.7716,0.6694
1791265062.7145,R,C,,-68,,,
1791265062.7254,R,B,,-65,,,
1791265062.7768,O,,,,-2.39848,-0.7716,0.6694
1791265062.7778,O,,,,-2.38128,-0.7714,0.6696
1791265062.7787,O,,,,-2.36539,-0.7714,0.6696
1791265062.7322,R,A,,-54,,,
1791265062.7498,R,C,,-67,,,
1791265062.7501,R,A,,-63,,,
1791265062.7768,R,B,,-67,,,
1791265062.7796,O,,,,-2.34819,-0.7713,0.6698
1791265062.7991,R,A,,-61,,,
1791265062.7994,R,C,,-67,,,
1791265062.8269,R,B,,-69,,,
1791265062.8572,O,,,,-2.33098,-0.7714,0.6696
1791265062.8586,O,,,,-2.31509,-0.7714,0.6696
1791265062.8594,O,,,,-2.29921,-0.7714,0.6696
1791265062.8601,O,,,,-2.28068,-0.7714,0.6696
1791265062.8483,R,B,,-63,,,
1791265062.8485,R,A,,-58,,,
1791265062.8486,R,C,,-71,,,
1791265062.8865,R,B,,-72,,,
1791265062.9243,R,A,,-59,,,
1791265062.9245,R,B,,-70,,,
1791265062.9247,R,C,,-77,,,
1791265062.9312,O,,,,-2.26480,-0.7714,0.6696
1791265062.9321,O,,,,-2.24759,-0.7713,0.6698
1791265062.9329,O,,,,-2.23170,-0.7713,0.6698
1791265062.9337,O,,,,-2.21450,-0.7714,0.6696
1791265062.9682,R,B,,-71,,,
1791265063.0122,O,,,,-2.19729,-0.7713,0.6698
1791265063.0137,O,,,,-2.18008,-0.7714,0.6696
1791265063.0150,O,,,,-2.16420,-0.7714,0.6696
1791265063.0158,O,,,,-2.14831,-0.7714,0.6696
1791265062.9808,R,C,,-69,,,
1791265062.9821,R,A,,-56,,,
1791265063.0136,R,C,,-68,,,
1791265063.0137,R,B,,-68,,,
1791265063.0319,R,A,,-64,,,
1791265063.0552,R,C,,-67,,,
1791265063.0555,R,A,,-60,,,
1791265063.0763,R,B,,-69,,,
1791265063.0870,O,,,,-2.13111,-0.7713,0.6698
1791265063.0884,O,,,,-2.11390,-0.7714,0.6696
1791265063.0898,O,,,,-2.09801,-0.7714,0.6696
1791265063.0910,O,,,,-2.08081,-0.7713,0.6698
1791265063.1146,R,C,,-68,,,
1791265063.1148,R,A,,-60,,,
1791265063.1579,O,,,,-2.06492,-0.7713,0.6698
1791265063.1594,O,,,,-2.04772,-0.7714,0.6696
1791265063.1605,O,,,,-2.03051,-0.7713,0.6698
1791265063.1629,R,C,,-69,,,
1791265063.1639,R,B,,-69,,,
1791265063.1654,R,A,,-64,,,
1791265063.1963,R,B,,-72,,,
1791265063.2099,R,C,,-61,,,
1791265063.2103,R,A,,-55,,,
1791265063.2369,O,,,,-2.01462,-0.7713,0.6698
1791265063.2379,O,,,,-1.99742,-0.7714,0.6696
1791265063.2387,O,,,,-1.98021,-0.7713,0.6698
1791265063.2395,O,,,,-1.96565,-0.7714,0.6696
1791265063.2469,R,B,,-65,,,
1791265063.2470,R,A,,-54,,,
1791265063.3114,O,,,,-1.94976,-0.7714,0.6696
1791265063.3123,O,,,,-1.93388,-0.7714,0.6696
1791265063.3131,O,,,,-1.91800,-0.7714,0.6696
1791265063.3138,O,,,,-1.90476,-0.7714,0.6696
1791265063.2809,R,C,,-60,,,
1791265063.2821,R,A,,-52,,,
1791265063.3153,R,B,,-62,,,
1791265063.3315,R,C,,-61,,,
1791265063.3317,R,A,,-53,,,
1791265063.3737,R,B,,-61,,,
1791265063.3916,O,,,,-1.89020,-0.7713,0.6699
1791265063.3926,O,,,,-1.87696,-0.7713,0.6699
1791265063.3934,O,,,,-1.86373,-0.7713,0.6699
1791265063.3942,O,,,,-1.85049,-0.7713,0.6699
1791265063.3819,R,A,,-52,,,
1791265063.4176,R,B,,-57,,,
1791265063.4183,R,A,,-51,,,
1791265063.4206,R,C,,-58,,,
1791265063.4723,O,,,,-1.83990,-0.7713,0.6699
1791265063.4738,O,,,,-1.82799,-0.7714,0.6696
1791265063.4746,O,,,,-1.81740,-0.7714,0.6696
1791265063.4754,O,,,,-1.80681,-0.7714,0.6696
1791265063.4687,R,B,,-56,,,
1791265063.4809,R,C,,-62,,,
1791265063.4819,R,A,,-51,,,
1791265063.5154,R,C,,-57,,,
1791265063.5170,R,B,,-52,,,
1791265063.5172,R,A,,-54,,,
1791265063.5470,O,,,,-1.79754,-0.7714,0.6693
1791265063.5482,O,,,,-1.78960,-0.7714,0.6693
1791265063.5490,O,,,,-1.78166,-0.7714,0.6693
1791265063.5498,O,,,,-1.77372,-0.7714,0.6693
1791265063.5643,R,B,,-50,,,
1791265063.5645,R,A,,-52,,,
1791265063.6170,O,,,,-1.76578,-0.7714,0.6693
1791265063.6185,O,,,,-1.75916,-0.7715,0.6691
1791265063.6197,O,,,,-1.75386,-0.7715,0.6691
1791265063.6010,R,C,,-59,,,
1791265063.6012,R,B,,-51,,,
1791265063.6256,R,A,,-50,,,
1791265063.6556,R,C,,-57,,,
1791265063.6762,R,B,,-55,,,
1791265063.6928,O,,,,-1.74857,-0.7715,0.6691
1791265063.6937,O,,,,-1.74460,-0.7715,0.6688
1791265063.6947,O,,,,-1.73930,-0.7715,0.6688
1791265063.6954,O,,,,-1.73401,-0.7715,0.6688
1791265063.6822,R,A,,-54,,,
1791265063.6912,R,C,,-58,,,
1791265063.7146,R,B,,-49,,,
1791265063.7242,R,A,,-53,,,
1791265063.7716,O,,,,-1.73136,-0.7715,0.6688
1791265063.7726,O,,,,-1.73004,-0.7716,0.6686
1791265063.7735,O,,,,-1.72739,-0.7716,0.6686
1791265063.7743,O,,,,-1.72474,-0.7716,0.6686
1791265063.7363,R,B,,-52,,,
1791265063.7808,R,C,,-57,,,
1791265063.7818,R,A,,-51,,,
1791265063.7863,R,B,,-50,,,
1791265063.7941,R,C,,-57,,,
1791265063.7949,R,A,,-55,,,
1791265063.8519,O,,,,-1.72342,-0.7716,0.6683
1791265063.8529,O,,,,-1.72210,-0.7716,0.6686
1791265063.8538,O,,,,-1.72077,-0.7716,0.6683
1791265063.8546,O,,,,-1.72077,-0.7716,0.6683
1791265063.8361,R,B,,-48,,,
1791265063.8681,R,C,,-58,,,
1791265063.8785,R,A,,-52,,,
1791265063.8788,R,C,,-58,,,
1791265063.8825,R,A,,-56,,,
1791265063.9226,R,A,,-52,,,
1791265063.9263,R,B,,-50,,,
1791265063.9313,O,,,,-1.72077,-0.7716,0.6683
1791265063.9323,O,,,,-1.72077,-0.7716,0.6683
1791265063.9332,O,,,,-1.72077,-0.7716,0.6683
1791265063.9340,O,,,,-1.72077,-0.7716,0.6683
1791265063.9309,R,C,,-57,,,
1791265063.9633,R,A,,-55,,,
1791265063.9744,R,C,,-58,,,
1791265063.9774,R,B,,-51,,,
1791265064.0063,O,,,,-1.72077,-0.7716,0.6683
1791265064.0073,O,,,,-1.72077,-0.7716,0.6683
1791265064.0081,O,,,,-1.72210,-0.7716,0.6686
1791265064.0089,O,,,,-1.72210,-0.7716,0.6686
1791265064.0035,R,C,,-58,,,
1791265064.0038,R,B,,-48,,,
1791265064.0068,R,A,,-54,,,
1791265064.0512,R,C,,-57,,,
1791265064.0514,R,B,,-52,,,
1791265064.0869,O,,,,-1.72210,-0.7716,0.6686
1791265064.0880,O,,,,-1.72210,-0.7716,0.6686
1791265064.0889,O,,,,-1.72210,-0.7716,0.6686
1791265064.0901,O,,,,-1.72210,-0.7716,0.6686
1791265064.0820,R,A,,-52,,,
1791265064.0952,R,C,,-58,,,
1791265064.1051,R,B,,-50,,,
1791265064.1053,R,A,,-54,,,
1791265064.1567,O,,,,-1.72210,-0.7716,0.6686
1791265064.1578,O,,,,-1.72210,-0.7716,0.6686
1791265064.1586,O,,,,-1.72210,-0.7716,0.6686
1791265064.1576,R,C,,-59,,,
1791265064.1579,R,A,,-54,,,
1791265064.1758,R,B,,-49,,,
1791265064.1802,R,C,,-59,,,
1791265064.1821,R,A,,-54,,,
1791265064.1953,R,B,,-50,,,
1791265064.2246,R,C,,-58,,,
1791265064.2248,R,B,,-52,,,
1791265064.2314,O,,,,-1.72210,-0.7716,0.6686
1791265064.2328,O,,,,-1.72210,-0.7716,0.6686
1791265064.2336,O,,,,-1.72210,-0.7716,0.6686
1791265064.2344,O,,,,-1.72210,-0.7716,0.6686
1791265064.2321,R,A,,-52,,,
1791265064.2677,R,C,,-58,,,
1791265064.2679,R,A,,-55,,,
1791265064.2682,R,B,,-50,,,
1791265064.3112,O,,,,-1.72210,-0.7716,0.6686
1791265064.3121,O,,,,-1.72210,-0.7716,0.6686
1791265064.3129,O,,,,-1.72210,-0.7716,0.6686
1791265064.3138,O,,,,-1.72210,-0.7716,0.6686
1791265064.3182,R,A,,-54,,,
1791265064.3185,R,C,,-59,,,
1791265064.3263,R,B,,-50,,,
1791265064.3655,R,B,,-51,,,
1791265064.3872,O,,,,-1.72210,-0.7716,0.6686
1791265064.3882,O,,,,-1.72210,-0.7716,0.6686
1791265064.3891,O,,,,-1.72210,-0.7716,0.6686
1791265064.3898,O,,,,-1.72210,-0.7716,0.6686
1791265064.3808,R,C,,-58,,,
1791265064.3822,R,A,,-52,,,
1791265064.4213,R,B,,-51,,,
1791265064.4663,O,,,,-1.72210,-0.7716,0.6686
1791265064.4674,O,,,,-1.72210,-0.7716,0.6686
1791265064.4685,O,,,,-1.72210,-0.7716,0.6686
1791265064.4695,O,,,,-1.72210,-0.7716,0.6686
1791265064.4314,R,C,,-58,,,
1791265064.4318,R,A,,-55,,,
1791265064.4592,R,B,,-49,,,
1791265064.4596,R,C,,-60,,,
1791265064.4597,R,A,,-54,,,
1791265064.5214,R,C,,-58,,,
1791265064.5216,R,A,,-52,,,
1791265064.5219,R,B,,-52,,,
1791265064.5469,O,,,,-1.72210,-0.7716,0.6686
1791265064.5479,O,,,,-1.72210,-0.7716,0.6686
1791265064.5488,O,,,,-1.72210,-0.7716,0.6686
1791265064.5495,O,,,,-1.72210,-0.7716,0.6686
1791265064.5501,R,B,,-50,,,
1791265064.5503,R,C,,-58,,,
1791265064.5551,R,A,,-55,,,
1791265064.6168,O,,,,-1.72210,-0.7716,0.6686
1791265064.6177,O,,,,-1.72210,-0.7716,0.6686
1791265064.6185,O,,,,-1.72210,-0.7716,0.6686
1791265064.6126,R,C,,-59,,,
1791265064.6321,R,A,,-54,,,
1791265064.6627,R,B,,-51,,,
1791265064.6631,R,A,,-52,,,
1791265064.6632,R,C,,-58,,,
1791265064.6912,O,,,,-1.72210,-0.7716,0.6686
1791265064.6921,O,,,,-1.72210,-0.7716,0.6686
1791265064.6930,O,,,,-1.72210,-0.7716,0.6686
1791265064.6938,O,,,,-1.72210,-0.7716,0.6686
1791265064.7215,R,B,,-54,,,
1791265064.7263,R,B,,-50,,,
1791265064.7719,O,,,,-1.72210,-0.7716,0.6686
1791265064.7730,O,,,,-1.72210,-0.7716,0.6686
1791265064.7739,O,,,,-1.72210,-0.7716,0.6686
1791265064.7747,O,,,,-1.72210,-0.7716,0.6686
1791265064.7287,R,C,,-58,,,
1791265064.7325,R,A,,-55,,,
1791265064.7701,R,B,,-48,,,
1791265064.7809,R,C,,-58,,,
1791265064.7824,R,A,,-55,,,
1791265064.8209,R,B,,-52,,,
1791265064.8213,R,A,,-51,,,
1791265064.8473,O,,,,-1.72210,-0.7716,0.6686
1791265064.8487,O,,,,-1.72210,-0.7716,0.6686
1791265064.8495,O,,,,-1.72210,-0.7716,0.6686
1791265064.8504,O,,,,-1.72210,-0.7716,0.6686
