t_pc,kind,id,seq,rssi,yaw,x,y
1791264798.2840,R,C,,-61,,,
1791264798.3056,R,B,,-50,,,
1791264798.3188,R,A,,-65,,,
1791264798.3201,R,C,,-66,,,
1791264798.3479,O,,,,0.00000,0.0000,0.0000
1791264798.3491,O,,,,0.00000,0.0000,0.0000
1791264798.3498,O,,,,0.00000,0.0000,0.0000
1791264798.3704,R,A,,-65,,,
1791264798.4164,O,,,,0.00000,0.0000,0.0000
1791264798.4174,O,,,,0.00000,0.0000,0.0000
1791264798.4182,O,,,,0.00000,0.0000,0.0000
1791264798.4189,O,,,,0.00000,0.0000,0.0000
1791264798.3837,R,C,,-65,,,
1791264798.4015,R,B,,-58,,,
1791264798.4133,R,B,,-56,,,
1791264798.4142,R,C,,-64,,,
1791264798.4145,R,A,,-65,,,
1791264798.4577,R,A,,-66,,,
1791264798.4588,R,C,,-66,,,
1791264798.4965,O,,,,0.00000,0.0000,0.0000
1791264798.4977,O,,,,0.00000,0.0000,0.0000
1791264798.4989,O,,,,0.00000,0.0000,0.0000
1791264798.5001,O,,,,0.00000,0.0000,0.0000
1791264798.5074,R,C,,-62,,,
1791264798.5083,R,A,,-66,,,
1791264798.5713,O,,,,0.00000,0.0000,0.0000
1791264798.5722,O,,,,0.00000,0.0000,0.0000
1791264798.5729,O,,,,0.00000,0.0000,0.0000
1791264798.5737,O,,,,0.00000,0.0000,0.0000
1791264798.5557,R,B,,-58,,,
1791264798.5635,R,C,,-67,,,
1791264798.5637,R,A,,-67,,,
1791264798.5938,R,B,,-48,,,
1791264798.6245,R,C,,-68,,,
1791264798.6263,R,A,,-71,,,
1791264798.6513,O,,,,0.00000,0.0000,0.0000
1791264798.6522,O,,,,0.00000,0.0000,0.0000
1791264798.6529,O,,,,0.00000,0.0000,0.0000
1791264798.6537,O,,,,0.00000,0.0000,0.0000
1791264798.6426,R,B,,-44,,,
1791264798.6428,R,A,,-68,,,
1791264798.6807,R,C,,-65,,,
1791264798.7315,O,,,,0.00000,0.0000,0.0000
1791264798.7327,O,,,,0.00000,0.0000,0.0000
1791264798.6829,R,C,,-62,,,
1791264798.7062,R,B,,-42,,,
1791264798.7234,R,A,,-68,,,
1791264798.7258,R,A,,-65,,,
1791264798.7342,O,,,,0.00000,0.0000,0.0000
1791264798.7353,O,,,,0.00000,0.0000,0.0000
1791264798.7332,R,C,,-58,,,
1791264798.7362,R,B,,-49,,,
1791264798.7647,R,B,,-43,,,
1791264798.7766,R,A,,-66,,,
1791264798.8064,O,,,,0.00000,0.0000,0.0000
1791264798.8074,O,,,,0.00000,0.0000,0.0000
1791264798.8082,O,,,,0.00000,0.0000,0.0000
1791264798.8089,O,,,,0.00000,0.0000,0.0000
1791264798.7844,R,C,,-69,,,
1791264798.8082,R,A,,-63,,,
1791264798.8765,O,,,,0.00000,0.0000,0.0000
1791264798.8774,O,,,,0.00000,0.0000,0.0000
1791264798.8782,O,,,,0.00000,0.0000,0.0000
1791264798.8345,R,C,,-70,,,
1791264798.8513,R,C,,-71,,,
1791264798.8515,R,A,,-62,,,
1791264798.8516,R,B,,-47,,,
1791264798.8981,R,B,,-51,,,
1791264798.9264,R,A,,-72,,,
1791264798.9567,O,,,,0.00000,0.0000,0.0000
1791264798.9578,O,,,,0.00000,0.0000,0.0000
1791264798.9586,O,,,,0.00000,0.0000,0.0000
1791264798.9594,O,,,,0.00000,0.0000,0.0000
1791264798.9342,R,C,,-69,,,
1791264798.9499,R,B,,-50,,,
1791264798.9503,R,C,,-65,,,
1791264798.9504,R,A,,-69,,,
1791264799.0324,O,,,,0.00000,0.0000,0.0000
1791264799.0059,R,B,,-49,,,
1791264799.0267,R,A,,-63,,,
1791264799.0335,O,,,,0.00000,0.0000,0.0000
1791264799.0346,O,,,,0.00000,0.0000,0.0000
1791264799.0353,O,,,,0.00000,0.0000,0.0000
1791264799.0340,R,C,,-56,,,
1791264799.0359,R,B,,-51,,,
1791264799.0768,R,A,,-63,,,
1791264799.1122,O,,,,0.00000,0.0000,0.0000
1791264799.1131,O,,,,0.00000,0.0000,0.0000
1791264799.1139,O,,,,0.00000,0.0000,0.0000
1791264799.1147,O,,,,0.00000,0.0000,0.0000
1791264799.0972,R,B,,-47,,,
1791264799.1269,R,A,,-63,,,
1791264799.1334,R,B,,-50,,,
1791264799.1344,R,C,,-56,,,
1791264799.1914,O,,,,0.00000,0.0000,0.0000
1791264799.1922,O,,,,0.00000,0.0000,0.0000
1791264799.1933,O,,,,0.00000,0.0000,0.0000
1791264799.1941,O,,,,0.00000,0.0000,0.0000
1791264799.1847,R,C,,-53,,,
1791264799.2057,R,B,,-49,,,
1791264799.2233,R,A,,-66,,,
1791264799.2674,O,,,,0.00000,0.0000,0.0000
1791264799.2683,O,,,,0.00000,0.0000,0.0000
1791264799.2691,O,,,,0.00000,0.0000,0.0000
1791264799.2698,O,,,,0.00000,0.0000,0.0000
1791264799.2348,R,C,,-57,,,
1791264799.2516,R,B,,-47,,,
1791264799.2711,R,C,,-56,,,
1791264799.2715,R,A,,-68,,,
1791264799.3058,R,B,,-47,,,
1791264799.3179,R,C,,-56,,,
1791264799.3217,R,B,,-52,,,
1791264799.3265,R,A,,-67,,,
1791264799.3371,O,,,,0.00000,0.0000,0.0000
1791264799.3381,O,,,,0.00000,0.0000,0.0000
1791264799.3388,O,,,,0.00000,0.0000,0.0000
1791264799.3609,R,C,,-60,,,
1791264799.3768,R,A,,-67,,,
1791264799.4166,O,,,,0.00000,0.0000,0.0000
1791264799.4174,O,,,,0.00000,0.0000,0.0000
1791264799.4182,O,,,,0.00000,0.0000,0.0000
1791264799.4189,O,,,,0.00000,0.0000,0.0000
1791264799.4065,R,B,,-47,,,
1791264799.4554,R,A,,-74,,,
1791264799.4555,R,B,,-46,,,
1791264799.4622,R,C,,-62,,,
1791264799.4924,O,,,,0.00000,0.0000,0.0000
1791264799.4933,O,,,,0.00000,0.0000,0.0000
1791264799.4941,O,,,,0.00000,0.0000,0.0000
1791264799.4948,O,,,,0.00000,0.0000,0.0000
1791264799.4961,R,C,,-60,,,
1791264799.5060,R,B,,-48,,,
1791264799.5067,R,A,,-71,,,
1791264799.5724,O,,,,0.00000,0.0000,0.0000
1791264799.5734,O,,,,0.00000,0.0000,0.0000
1791264799.5742,O,,,,0.00000,0.0000,0.0000
1791264799.5749,O,,,,0.00000,0.0000,0.0000
1791264799.5562,R,B,,-47,,,
1791264799.6062,R,B,,-49,,,
1791264799.6265,R,A,,-76,,,
1791264799.6467,O,,,,0.00000,0.0000,0.0000
1791264799.6475,O,,,,0.00000,0.0000,0.0000
1791264799.6483,O,,,,0.00000,0.0000,0.0000
1791264799.6491,O,,,,0.00000,0.0000,0.0000
1791264799.6326,R,C,,-73,,,
1791264799.6352,R,C,,-68,,,
1791264799.6377,R,B,,-55,,,
1791264799.6698,R,A,,-70,,,
1791264799.6756,R,C,,-73,,,
1791264799.6761,R,B,,-59,,,
1791264799.6767,R,A,,-67,,,
1791264799.7267,O,,,,0.00000,0.0000,0.0000
1791264799.7278,O,,,,0.00000,0.0000,0.0000
1791264799.7286,O,,,,0.00000,0.0000,0.0000
1791264799.7293,O,,,,0.00000,0.0000,0.0000
1791264799.7255,R,C,,-65,,,
1791264799.7260,R,A,,-63,,,
1791264799.7559,R,B,,-62,,,
1791264799.7697,R,C,,-64,,,
1791264799.7703,R,A,,-66,,,
1791264799.7804,R,B,,-61,,,
1791264799.7970,O,,,,0.00000,0.0000,0.0000
1791264799.7981,O,,,,0.00000,0.0000,0.0000
1791264799.7988,O,,,,0.00000,0.0000,0.0000
1791264799.8136,R,A,,-64,,,
1791264799.8227,R,C,,-67,,,
1791264799.8769,O,,,,0.00000,0.0000,0.0000
1791264799.8786,O,,,,0.00000,0.0000,0.0000
1791264799.8795,O,,,,0.00000,0.0000,0.0000
1791264799.8802,O,,,,0.00000,0.0000,0.0000
1791264799.8558,R,B,,-61,,,
1791264799.8578,R,C,,-67,,,
1791264799.8642,R,A,,-64,,,
1791264799.9021,R,C,,-66,,,
1791264799.9029,R,A,,-64,,,
1791264799.9054,R,B,,-53,,,
1791264799.9524,O,,,,0.00000,0.0000,0.0000
1791264799.9535,O,,,,0.00000,0.0000,0.0000
1791264799.9543,O,,,,0.00000,0.0000,0.0000
1791264799.9550,O,,,,0.00000,0.0000,0.0000
1791264799.9423,R,B,,-61,,,
1791264799.9697,R,A,,-64,,,
1791264800.0314,O,,,,0.00000,0.0000,0.0000
1791264800.0324,O,,,,0.00000,0.0000,0.0000
1791264799.9840,R,C,,-69,,,
1791264800.0334,O,,,,0.00000,0.0000,0.0000
1791264800.0344,O,,,,0.00000,0.0000,0.0000
1791264800.0345,R,C,,-66,,,
1791264800.0564,R,B,,-55,,,
1791264800.0764,R,A,,-65,,,
1791264800.0780,R,B,,-61,,,
1791264800.1070,O,,,,0.00000,0.0000,0.0000
1791264800.1079,O,,,,0.00000,0.0000,0.0000
1791264800.1087,O,,,,0.00000,0.0000,0.0000
1791264800.1095,O,,,,0.00000,0.0000,0.0000
1791264800.0851,R,C,,-70,,,
1791264800.1219,R,C,,-68,,,
1791264800.1227,R,B,,-56,,,
1791264800.1268,R,A,,-65,,,
1791264800.1710,R,C,,-62,,,
1791264800.1779,R,A,,-63,,,
1791264800.1874,O,,,,0.00000,0.0000,0.0000
1791264800.1885,O,,,,0.00000,0.0000,0.0000
1791264800.1893,O,,,,0.00000,0.0000,0.0000
1791264800.1900,O,,,,0.00000,0.0000,0.0000
1791264800.1980,R,B,,-50,,,
1791264800.2211,R,A,,-64,,,
1791264800.2214,R,C,,-74,,,
1791264800.2675,O,,,,0.00000,0.0000,0.0000
1791264800.2686,O,,,,0.00000,0.0000,0.0000
1791264800.2694,O,,,,0.00000,0.0000,0.0000
1791264800.2702,O,,,,0.00000,0.0000,0.0000
1791264800.2348,R,B,,-58,,,
1791264800.2665,R,A,,-66,,,
1791264800.2702,R,C,,-68,,,
1791264800.2711,R,B,,-51,,,
1791264800.3325,O,,,,0.00000,0.0000,0.0000
1791264800.3262,R,A,,-62,,,
1791264800.3337,O,,,,0.00000,0.0000,0.0000
1791264800.3345,O,,,,0.00000,0.0000,0.0000
1791264800.3339,R,C,,-68,,,
1791264800.3560,R,B,,-50,,,
1791264800.3771,R,A,,-65,,,
1791264800.4124,O,,,,0.00000,0.0000,0.0000
1791264800.4135,O,,,,0.00000,0.0000,0.0000
1791264800.4143,O,,,,0.00000,0.0000,0.0000
1791264800.4151,O,,,,0.00000,0.0000,0.0000
1791264800.3847,R,C,,-73,,,
1791264800.3908,R,B,,-57,,,
1791264800.4128,R,C,,-68,,,
1791264800.4269,R,A,,-65,,,
1791264800.4553,R,B,,-48,,,
1791264800.4571,R,C,,-69,,,
1791264800.4707,R,A,,-64,,,
1791264800.4921,O,,,,0.00000,0.0000,0.0000
1791264800.4934,O,,,,0.00000,0.0000,0.0000
1791264800.4942,O,,,,0.00000,0.0000,0.0000
1791264800.4949,O,,,,0.00000,0.0000,0.0000
1791264800.5035,R,B,,-51,,,
1791264800.5036,R,C,,-73,,,
1791264800.5041,R,A,,-65,,,
1791264800.5675,O,,,,0.00000,0.0000,0.0000
1791264800.5686,O,,,,0.00000,0.0000,0.0000
1791264800.5694,O,,,,0.00000,0.0000,0.0000
1791264800.5702,O,,,,0.00000,0.0000,0.0000
1791264800.5452,R,B,,-55,,,
1791264800.5513,R,C,,-68,,,
1791264800.5768,R,A,,-66,,,
1791264800.5917,R,B,,-49,,,
1791264800.6028,R,C,,-67,,,
1791264800.6030,R,A,,-66,,,
1791264800.6469,O,,,,0.00000,0.0000,0.0000
1791264800.6478,O,,,,0.00000,0.0000,0.0000
1791264800.6486,O,,,,0.00000,0.0000,0.0000
1791264800.6493,O,,,,0.00000,0.0000,0.0000
1791264800.6413,R,B,,-48,,,
1791264800.6766,R,A,,-64,,,
1791264800.7230,O,,,,0.00000,0.0000,0.0000
1791264800.7238,O,,,,0.00000,0.0000,0.0000
1791264800.7245,O,,,,0.00000,0.0000,0.0000
1791264800.7252,O,,,,0.00000,0.0000,0.0000
1791264800.6842,R,C,,-69,,,
1791264800.6865,R,B,,-51,,,
1791264800.6945,R,A,,-66,,,
1791264800.7286,R,C,,-64,,,
1791264800.7303,R,B,,-49,,,
1791264800.7920,O,,,,0.00000,0.0000,0.0000
1791264800.7930,O,,,,0.00000,0.0000,0.0000
1791264800.7938,O,,,,0.00000,0.0000,0.0000
1791264800.7862,R,B,,-51,,,
1791264800.8293,R,C,,-64,,,
1791264800.8721,O,,,,0.00000,0.0000,0.0000
1791264800.8731,O,,,,0.00000,0.0000,0.0000
1791264800.8739,O,,,,0.00000,0.0000,0.0000
1791264800.8747,O,,,,0.00000,0.0000,0.0000
1791264800.8560,R,B,,-56,,,
1791264800.8695,R,B,,-58,,,
1791264800.8697,R,C,,-66,,,
1791264800.8700,R,A,,-83,,,
1791264800.9154,R,C,,-66,,,
1791264800.9157,R,A,,-65,,,
1791264800.9159,R,B,,-65,,,
1791264800.9478,O,,,,0.00000,0.0000,0.0000
1791264800.9489,O,,,,0.00000,0.0000,0.0000
1791264800.9497,O,,,,0.00000,0.0000,0.0000
1791264800.9504,O,,,,0.00000,0.0000,0.0000
1791264800.9585,R,C,,-69,,,
1791264800.9766,R,A,,-70,,,
1791264801.0270,O,,,,0.00000,0.0000,0.0000
1791264801.0279,O,,,,0.00000,0.0000,0.0000
1791264801.0288,O,,,,0.00000,0.0000,0.0000
1791264801.0295,O,,,,0.00000,0.0000,0.0000
1791264800.9993,R,C,,-78,,,
1791264801.0060,R,B,,-72,,,
1791264801.0105,R,A,,-81,,,
1791264801.0488,R,B,,-83,,,
1791264801.0768,R,A,,-77,,,
1791264801.1075,O,,,,0.00000,0.0000,0.0000
1791264801.1086,O,,,,0.00000,0.0000,0.0000
1791264801.1094,O,,,,0.00000,0.0000,0.0000
1791264801.1101,O,,,,0.00000,0.0000,0.0000
1791264801.0841,R,C,,-74,,,
1791264801.0904,R,B,,-78,,,
1791264801.0905,R,C,,-66,,,
1791264801.1026,R,A,,-75,,,
1791264801.1295,R,B,,-71,,,
1791264801.1820,O,,,,0.00000,0.0000,0.0000
1791264801.1829,O,,,,0.00000,0.0000,0.0000
1791264801.1324,R,C,,-82,,,
1791264801.1766,R,A,,-87,,,
1791264801.1839,O,,,,0.00000,0.0000,0.0000
1791264801.1846,O,,,,0.00000,0.0000,0.0000
1791264801.2063,R,B,,-70,,,
1791264801.2169,R,C,,-68,,,
1791264801.2270,R,A,,-83,,,
1791264801.2302,R,B,,-69,,,
1791264801.2626,O,,,,0.00000,0.0000,0.0000
1791264801.2635,O,,,,0.00000,0.0000,0.0000
1791264801.2643,O,,,,0.00000,0.0000,0.0000
1791264801.2651,O,,,,0.00000,0.0000,0.0000
1791264801.3325,O,,,,0.00000,0.0000,0.0000
1791264801.3036,R,C,,-76,,,
1791264801.3039,R,B,,-64,,,
1791264801.3065,R,A,,-73,,,
1791264801.3338,O,,,,0.00000,0.0000,0.0000
1791264801.3345,O,,,,0.00000,0.0000,0.0000
1791264801.3504,R,B,,-60,,,
1791264801.3505,R,C,,-91,,,
1791264801.3767,R,A,,-74,,,
1791264801.4125,O,,,,0.00000,0.0000,0.0000
1791264801.4135,O,,,,0.00000,0.0000,0.0000
1791264801.4143,O,,,,0.00000,0.0000,0.0000
1791264801.4151,O,,,,0.00000,0.0000,0.0000
1791264801.4059,R,B,,-62,,,
1791264801.4212,R,C,,-65,,,
1791264801.4214,R,A,,-82,,,
1791264801.4349,R,B,,-61,,,
1791264801.4766,R,A,,-72,,,
1791264801.4871,O,,,,0.00000,0.0000,0.0000
1791264801.4881,O,,,,0.00000,0.0000,0.0000
1791264801.4888,O,,,,0.00000,0.0000,0.0000
1791264801.4895,O,,,,0.00000,0.0000,0.0000
1791264801.4853,R,B,,-62,,,
1791264801.4855,R,C,,-79,,,
1791264801.5059,R,A,,-77,,,
1791264801.5676,O,,,,0.00000,0.0000,0.0000
1791264801.5687,O,,,,0.00000,0.0000,0.0000
1791264801.5695,O,,,,0.00000,0.0000,0.0000
1791264801.5702,O,,,,0.00000,0.0000,0.0000
1791264801.5331,R,C,,-78,,,
1791264801.5338,R,B,,-62,,,
1791264801.5507,R,A,,-78,,,
1791264801.5761,R,B,,-61,,,
1791264801.5782,R,C,,-69,,,
1791264801.6240,R,C,,-67,,,
1791264801.6266,R,A,,-73,,,
1791264801.6424,O,,,,0.00000,0.0000,0.0000
1791264801.6434,O,,,,0.00000,0.0000,0.0000
1791264801.6442,O,,,,0.00000,0.0000,0.0000
1791264801.6448,O,,,,0.00000,0.0000,0.0000
1791264801.6496,R,B,,-57,,,
1791264801.6685,R,B,,-56,,,
1791264801.6699,R,C,,-66,,,
1791264801.6702,R,A,,-71,,,
1791264801.7222,O,,,,0.00000,0.0000,0.0000
1791264801.7232,O,,,,0.00000,0.0000,0.0000
1791264801.7240,O,,,,0.00000,0.0000,0.0000
1791264801.7248,O,,,,0.00000,0.0000,0.0000
1791264801.7060,R,B,,-56,,,
1791264801.7199,R,C,,-64,,,
1791264801.7211,R,A,,-74,,,
1791264801.7444,R,C,,-70,,,
1791264801.7446,R,B,,-67,,,
1791264801.7448,R,A,,-79,,,
1791264801.7925,O,,,,0.00000,0.0000,0.0000
1791264801.7935,O,,,,0.00000,0.0000,0.0000
1791264801.7943,O,,,,0.00000,0.0000,0.0000
1791264801.7863,R,B,,-60,,,
1791264801.7950,R,A,,-71,,,
1791264801.8675,O,,,,0.00000,0.0000,0.0000
1791264801.8686,O,,,,0.00000,0.0000,0.0000
1791264801.8694,O,,,,0.00000,0.0000,0.0000
1791264801.8701,O,,,,0.00000,0.0000,0.0000
1791264801.8323,R,C,,-68,,,
1791264801.8559,R,B,,-59,,,
1791264801.8690,R,A,,-79,,,
1791264801.8755,R,B,,-72,,,
1791264801.8763,R,C,,-74,,,
1791264801.8768,R,A,,-70,,,
1791264801.9235,R,C,,-74,,,
1791264801.9273,R,A,,-81,,,
1791264801.9473,O,,,,0.00000,0.0000,0.0000
1791264801.9484,O,,,,0.00000,0.0000,0.0000
1791264801.9492,O,,,,0.00000,0.0000,0.0000
1791264801.9499,O,,,,0.00000,0.0000,0.0000
1791264801.9488,R,B,,-77,,,
1791264801.9653,R,C,,-73,,,
1791264801.9736,R,A,,-75,,,
1791264801.9737,R,B,,-73,,,
1791264802.0272,O,,,,0.00000,0.0000,0.0000
1791264802.0281,O,,,,0.00000,0.0000,0.0000
1791264802.0289,O,,,,0.00000,0.0000,0.0000
1791264802.0297,O,,,,0.00000,0.0000,0.0000
1791264802.0106,R,A,,-76,,,
1791264802.0341,R,C,,-69,,,
1791264802.0595,R,C,,-71,,,
1791264802.0597,R,A,,-75,,,
1791264802.1023,O,,,,0.00000,0.0000,0.0000
1791264802.1033,O,,,,0.00000,0.0000,0.0000
1791264802.1041,O,,,,0.00000,0.0000,0.0000
1791264802.1049,O,,,,0.00000,0.0000,0.0000
1791264802.1060,R,B,,-69,,,
1791264802.1829,O,,,,0.00000,0.0000,0.0000
1791264802.1479,R,B,,-74,,,
1791264802.1483,R,A,,-70,,,
1791264802.1840,O,,,,0.00000,0.0000,0.0000
1791264802.1848,O,,,,0.00000,0.0000,0.0000
1791264802.1856,O,,,,0.00000,0.0000,0.0000
1791264802.1841,R,C,,-76,,,
1791264802.2062,R,B,,-71,,,
1791264802.2066,R,C,,-73,,,
1791264802.2069,R,A,,-73,,,
1791264802.2576,O,,,,0.00000,0.0000,0.0000
1791264802.2586,O,,,,0.00000,0.0000,0.0000
1791264802.2594,O,,,,0.00000,0.0000,0.0000
1791264802.2603,O,,,,0.00000,0.0000,0.0000
1791264802.2770,R,A,,-72,,,
1791264802.2801,R,C,,-72,,,
1791264802.3272,O,,,,0.00000,0.0000,0.0000
1791264802.3283,O,,,,0.00000,0.0000,0.0000
1791264802.3290,O,,,,0.00000,0.0000,0.0000
1791264802.2822,R,C,,-77,,,
1791264802.2911,R,B,,-68,,,
1791264802.2915,R,A,,-70,,,
1791264802.3267,R,A,,-83,,,
1791264802.3345,R,C,,-70,,,
1791264802.4072,O,,,,0.00000,0.0000,0.0000
1791264802.4079,O,,,,0.00000,0.0000,0.0000
1791264802.4087,O,,,,0.00000,0.0000,0.0000
1791264802.4094,O,,,,0.00000,0.0000,0.0000
1791264802.4059,R,B,,-69,,,
1791264802.4202,R,C,,-67,,,
1791264802.4563,R,B,,-70,,,
1791264802.4773,R,A,,-82,,,
1791264802.4865,O,,,,0.00000,0.0000,0.0000
1791264802.4873,O,,,,0.00000,0.0000,0.0000
1791264802.4882,O,,,,0.00000,0.0000,0.0000
1791264802.4889,O,,,,0.00000,0.0000,0.0000
1791264802.4841,R,C,,-70,,,
1791264802.5062,R,B,,-70,,,
1791264802.5121,R,A,,-74,,,
1791264802.5627,O,,,,0.00000,0.0000,0.0000
1791264802.5641,O,,,,0.00000,0.0000,0.0000
1791264802.5653,O,,,,0.00000,0.0000,0.0000
1791264802.5665,O,,,,0.00000,0.0000,0.0000
1791264802.5345,R,C,,-68,,,
1791264802.5533,R,B,,-68,,,
1791264802.5558,R,B,,-69,,,
1791264802.5765,R,A,,-72,,,
1791264802.5845,R,C,,-70,,,
1791264802.5964,R,B,,-65,,,
1791264802.5969,R,C,,-69,,,
1791264802.6173,R,A,,-83,,,
1791264802.6425,O,,,,0.00000,0.0000,0.0000
1791264802.6435,O,,,,0.00000,0.0000,0.0000
1791264802.6442,O,,,,0.00000,0.0000,0.0000
1791264802.6449,O,,,,0.00000,0.0000,0.0000
1791264802.6358,R,B,,-64,,,
1791264802.6774,R,A,,-82,,,
1791264802.7174,O,,,,0.00000,0.0000,0.0000
1791264802.7185,O,,,,0.00000,0.0000,0.0000
1791264802.7193,O,,,,0.00000,0.0000,0.0000
1791264802.7200,O,,,,0.00000,0.0000,0.0000
1791264802.6869,R,B,,-65,,,
1791264802.6906,R,A,,-69,,,
1791264802.7325,R,B,,-65,,,
1791264802.7347,R,C,,-71,,,
1791264802.7746,R,A,,-74,,,
1791264802.7768,R,A,,-67,,,
1791264802.7872,O,,,,0.00000,0.0000,0.0000
1791264802.7883,O,,,,0.00000,0.0000,0.0000
1791264802.7908,O,,,,0.00000,0.0000,0.0000
1791264802.7852,R,C,,-69,,,
1791264802.7983,R,B,,-68,,,
1791264802.8233,R,C,,-81,,,
1791264802.8243,R,A,,-74,,,
1791264802.8675,O,,,,0.00000,0.0000,0.0000
1791264802.8685,O,,,,0.00000,0.0000,0.0000
1791264802.8693,O,,,,0.00000,0.0000,0.0000
1791264802.8701,O,,,,0.00000,0.0000,0.0000
1791264802.8730,R,C,,-67,,,
1791264802.8737,R,B,,-69,,,
1791264802.8779,R,A,,-71,,,
1791264802.9186,R,B,,-75,,,
1791264802.9272,R,A,,-73,,,
1791264802.9425,O,,,,0.00000,0.0000,0.0000
1791264802.9436,O,,,,0.00000,0.0000,0.0000
1791264802.9444,O,,,,0.00000,0.0000,0.0000
1791264802.9451,O,,,,0.00000,0.0000,0.0000
1791264802.9325,R,C,,-73,,,
1791264802.9633,R,C,,-69,,,
1791264802.9770,R,A,,-77,,,
1791264803.0225,O,,,,0.00000,0.0000,0.0000
1791264803.0235,O,,,,0.00000,0.0000,0.0000
1791264803.0244,O,,,,0.00000,0.0000,0.0000
1791264803.0251,O,,,,0.00000,0.0000,0.0000
1791264803.0060,R,B,,-74,,,
1791264803.0273,R,A,,-70,,,
1791264803.0479,R,A,,-83,,,
1791264803.0481,R,B,,-71,,,
1791264803.0483,R,C,,-77,,,
1791264803.1017,O,,,,0.00000,0.0000,0.0000
1791264803.1025,O,,,,0.00000,0.0000,0.0000
1791264803.1034,O,,,,0.00000,0.0000,0.0000
1791264803.1042,O,,,,0.00000,0.0000,0.0000
1791264803.0954,R,A,,-83,,,
1791264803.0955,R,B,,-75,,,
1791264803.0957,R,C,,-72,,,
1791264803.1772,O,,,,0.00000,0.0000,0.0000
1791264803.1783,O,,,,0.00000,0.0000,0.0000
1791264803.1791,O,,,,0.00000,0.0000,0.0000
1791264803.1799,O,,,,0.00000,0.0000,0.0000
1791264803.1406,R,C,,-74,,,
1791264803.1465,R,B,,-70,,,
1791264803.1807,R,B,,-67,,,
1791264803.1846,R,C,,-77,,,
1791264803.2264,R,B,,-77,,,
1791264803.2266,R,A,,-77,,,
1791264803.2574,O,,,,0.00000,0.0000,0.0000
1791264803.2587,O,,,,0.00000,0.0000,0.0000
1791264803.2595,O,,,,0.00000,0.0000,0.0000
1791264803.2603,O,,,,0.00000,0.0000,0.0000
1791264803.2345,R,C,,-78,,,
1791264803.2734,R,A,,-78,,,
1791264803.2736,R,C,,-74,,,
1791264803.3273,O,,,,0.00000,0.0000,0.0000
1791264803.3284,O,,,,0.00000,0.0000,0.0000
1791264803.3291,O,,,,0.00000,0.0000,0.0000
1791264803.3063,R,B,,-73,,,
1791264803.3222,R,B,,-69,,,
1791264803.3344,R,C,,-71,,,
1791264803.3634,R,B,,-67,,,
1791264803.3639,R,C,,-71,,,
1791264803.3650,R,A,,-72,,,
1791264803.4025,O,,,,0.00000,0.0000,0.0000
1791264803.4036,O,,,,0.00000,0.0000,0.0000
1791264803.4044,O,,,,0.00000,0.0000,0.0000
1791264803.4052,O,,,,0.00000,0.0000,0.0000
1791264803.4058,R,B,,-74,,,
1791264803.4123,R,C,,-82,,,
1791264803.4268,R,A,,-83,,,
1791264803.4822,O,,,,0.00000,0.0000,0.0000
1791264803.4832,O,,,,0.00000,0.0000,0.0000
1791264803.4840,O,,,,0.00000,0.0000,0.0000
1791264803.4847,O,,,,0.00000,0.0000,0.0000
1791264803.5063,R,B,,-77,,,
1791264803.5159,R,C,,-75,,,
1791264803.5161,R,A,,-74,,,
1791264803.5625,O,,,,0.00000,0.0000,0.0000
1791264803.5635,O,,,,0.00000,0.0000,0.0000
1791264803.5642,O,,,,0.00000,0.0000,0.0000
1791264803.5649,O,,,,0.00000,0.0000,0.0000
1791264803.5552,R,B,,-71,,,
1791264803.5554,R,C,,-93,,,
1791264803.5645,R,A,,-78,,,
1791264803.5910,R,A,,-72,,,
1791264803.6062,R,B,,-69,,,
1791264803.6366,O,,,,0.00000,0.0000,0.0000
1791264803.6375,O,,,,0.00000,0.0000,0.0000
1791264803.6383,O,,,,0.00000,0.0000,0.0000
1791264803.6391,O,,,,0.00000,0.0000,0.0000
1791264803.6402,R,A,,-73,,,
1791264803.6404,R,B,,-71,,,
1791264803.6752,R,B,,-74,,,
1791264803.6772,R,A,,-77,,,
1791264803.7173,O,,,,0.00000,0.0000,0.0000
1791264803.7183,O,,,,0.00000,0.0000,0.0000
1791264803.7192,O,,,,0.00000,0.0000,0.0000
1791264803.7199,O,,,,0.00000,0.0000,0.0000
1791264803.6843,R,C,,-72,,,
1791264803.7247,R,B,,-74,,,
1791264803.7273,R,A,,-77,,,
1791264803.7350,R,C,,-84,,,
1791264803.7746,R,B,,-74,,,
1791264803.7876,O,,,,0.00000,0.0000,0.0000
1791264803.7886,O,,,,0.00000,0.0000,0.0000
1791264803.7894,O,,,,0.00000,0.0000,0.0000
1791264803.8272,R,A,,-74,,,
1791264803.8627,O,,,,0.00000,0.0000,0.0000
1791264803.8636,O,,,,0.00000,0.0000,0.0000
1791264803.8644,O,,,,0.00000,0.0000,0.0000
1791264803.8652,O,,,,0.00000,0.0000,0.0000
1791264803.8339,R,C,,-85,,,
1791264803.8359,R,B,,-72,,,
1791264803.8676,R,A,,-87,,,
1791264803.9111,R,C,,-76,,,
1791264803.9268,R,A,,-82,,,
1791264803.9427,O,,,,0.00000,0.0000,0.0000
1791264803.9436,O,,,,0.00000,0.0000,0.0000
1791264803.9444,O,,,,0.00000,0.0000,0.0000
1791264803.9451,O,,,,0.00000,0.0000,0.0000
1791264803.9536,R,B,,-72,,,
1791264803.9558,R,B,,-75,,,
1791264803.9751,R,C,,-84,,,
1791264803.9775,R,A,,-78,,,
1791264804.0223,O,,,,0.00000,0.0000,0.0000
1791264804.0233,O,,,,0.00000,0.0000,0.0000
1791264804.0241,O,,,,0.00000,0.0000,0.0000
1791264804.0248,O,,,,0.00000,0.0000,0.0000
1791264803.9961,R,B,,-78,,,
1791264804.0273,R,A,,-80,,,
1791264804.0341,R,C,,-81,,,
1791264804.0448,R,B,,-76,,,
1791264804.0456,R,A,,-83,,,
1791264804.0776,R,C,,-74,,,
1791264804.0975,O,,,,0.00000,0.0000,0.0000
1791264804.0986,O,,,,0.00000,0.0000,0.0000
1791264804.0995,O,,,,0.00000,0.0000,0.0000
1791264804.1004,O,,,,0.00000,0.0000,0.0000
1791264804.0881,R,B,,-72,,,
1791264804.1222,R,B,,-68,,,
1791264804.1268,R,A,,-70,,,
1791264804.1772,O,,,,0.00000,0.0000,0.0000
1791264804.1782,O,,,,0.00000,0.0000,0.0000
1791264804.1789,O,,,,0.00000,0.0000,0.0000
1791264804.1796,O,,,,0.00000,0.0000,0.0000
1791264804.1351,R,C,,-84,,,
1791264804.1703,R,C,,-83,,,
1791264804.1772,R,A,,-70,,,
1791264804.1872,R,B,,-70,,,
1791264804.2119,R,C,,-68,,,
1791264804.2271,R,A,,-77,,,
1791264804.2487,O,,,,0.00000,0.0000,0.0000
1791264804.2498,O,,,,0.00000,0.0000,0.0000
1791264804.2509,O,,,,0.00000,0.0000,0.0000
1791264804.2521,O,,,,0.00000,0.0000,0.0000
1791264804.2616,R,B,,-75,,,
1791264804.2630,R,C,,-85,,,
1791264804.2780,R,A,,-70,,,
1791264804.3228,O,,,,0.00000,0.0000,0.0000
1791264804.3238,O,,,,0.00000,0.0000,0.0000
1791264804.3245,O,,,,0.00000,0.0000,0.0000
1791264804.3272,R,A,,-77,,,
1791264804.3346,R,C,,-86,,,
1791264804.3559,R,B,,-86,,,
1791264804.3772,R,A,,-72,,,
1791264804.4025,O,,,,0.00000,0.0000,0.0000
1791264804.4034,O,,,,0.00000,0.0000,0.0000
1791264804.4042,O,,,,0.00000,0.0000,0.0000
1791264804.4049,O,,,,0.00000,0.0000,0.0000
1791264804.3849,R,C,,-78,,,
1791264804.3983,R,C,,-70,,,
1791264804.3986,R,B,,-71,,,
1791264804.3987,R,A,,-67,,,
1791264804.4772,O,,,,0.00000,0.0000,0.0000
1791264804.4783,O,,,,0.00000,0.0000,0.0000
1791264804.4791,O,,,,0.00000,0.0000,0.0000
1791264804.4798,O,,,,0.00000,0.0000,0.0000
1791264804.4420,R,A,,-77,,,
1791264804.4429,R,B,,-75,,,
1791264804.4849,R,C,,-65,,,
1791264804.4954,R,B,,-72,,,
1791264804.4955,R,C,,-73,,,
1791264804.4961,R,A,,-74,,,
1791264804.5569,O,,,,0.00000,0.0000,0.0000
1791264804.5579,O,,,,0.00000,0.0000,0.0000
1791264804.5588,O,,,,0.00000,0.0000,0.0000
1791264804.5595,O,,,,0.00000,0.0000,0.0000
1791264804.5433,R,B,,-66,,,
1791264804.5768,R,A,,-69,,,
1791264804.5848,R,C,,-68,,,
1791264804.5906,R,B,,-74,,,
1791264804.5921,R,A,,-71,,,
1791264804.6365,O,,,,0.00000,0.0000,0.0000
1791264804.6374,O,,,,0.00000,0.0000,0.0000
1791264804.6383,O,,,,0.00000,0.0000,0.0000
1791264804.6390,O,,,,0.00000,0.0000,0.0000
1791264804.6346,R,C,,-83,,,
1791264804.6561,R,B,,-64,,,
1791264804.6766,R,A,,-67,,,
1791264804.6789,R,C,,-64,,,
1791264804.6806,R,B,,-63,,,
1791264804.7127,O,,,,0.00000,0.0000,0.0000
1791264804.7136,O,,,,0.00000,0.0000,0.0000
1791264804.7144,O,,,,0.00000,0.0000,0.0000
1791264804.7152,O,,,,0.00000,0.0000,0.0000
1791264804.7276,R,A,,-67,,,
1791264804.7826,O,,,,0.00000,0.0000,0.0000
1791264804.7350,R,C,,-71,,,
1791264804.7504,R,B,,-66,,,
1791264804.7606,R,A,,-74,,,
1791264804.7608,R,C,,-70,,,
1791264804.7838,O,,,,0.00000,0.0000,0.0000
1791264804.7848,O,,,,0.00000,0.0000,0.0000
1791264804.7825,R,B,,-65,,,
1791264804.8057,R,C,,-65,,,
1791264804.8059,R,A,,-63,,,
1791264804.8060,R,B,,-64,,,
1791264804.8623,O,,,,0.00000,0.0000,0.0000
1791264804.8633,O,,,,0.00000,0.0000,0.0000
1791264804.8642,O,,,,0.00000,0.0000,0.0000
1791264804.8649,O,,,,0.00000,0.0000,0.0000
1791264804.8562,R,B,,-67,,,
1791264804.8567,R,C,,-67,,,
1791264804.8769,R,A,,-78,,,
1791264804.8978,R,C,,-71,,,
1791264804.8986,R,A,,-73,,,
1791264804.9063,R,B,,-67,,,
1791264804.9372,O,,,,0.00000,0.0000,0.0000
1791264804.9383,O,,,,0.00000,0.0000,0.0000
1791264804.9390,O,,,,0.00000,0.0000,0.0000
1791264804.9397,O,,,,0.00000,0.0000,0.0000
1791264804.9471,R,B,,-68,,,
1791264804.9768,R,A,,-65,,,
1791264805.0168,O,,,,0.00000,0.0000,0.0000
1791264805.0176,O,,,,0.00000,0.0000,0.0000
1791264805.0184,O,,,,0.00000,0.0000,0.0000
1791264805.0192,O,,,,0.00000,0.0000,0.0000
1791264804.9842,R,C,,-63,,,
1791264804.9970,R,C,,-68,,,
1791264804.9974,R,A,,-68,,,
1791264804.9986,R,B,,-63,,,
1791264805.0541,R,C,,-70,,,
1791264805.0542,R,B,,-65,,,
1791264805.0664,R,A,,-76,,,
1791264805.0980,O,,,,0.00000,0.0000,0.0000
1791264805.0991,O,,,,0.00000,0.0000,0.0000
1791264805.1001,O,,,,0.00000,0.0000,0.0000
1791264805.1010,O,,,,0.00000,0.0000,0.0000
1791264805.0849,R,C,,-68,,,
1791264805.0851,R,B,,-61,,,
1791264805.1268,R,A,,-67,,,
1791264805.1727,O,,,,0.00000,0.0000,0.0000
1791264805.1737,O,,,,0.00000,0.0000,0.0000
1791264805.1746,O,,,,0.00000,0.0000,0.0000
1791264805.1754,O,,,,0.00000,0.0000,0.0000
1791264805.1354,R,C,,-64,,,
1791264805.1355,R,B,,-64,,,
1791264805.1780,R,A,,-65,,,
1791264805.1852,R,C,,-64,,,
1791264805.1907,R,B,,-62,,,
1791264805.2238,R,A,,-66,,,
1791264805.2261,R,C,,-68,,,
1791264805.2425,O,,,,0.00000,0.0000,0.0000
1791264805.2436,O,,,,0.00000,0.0000,0.0000
1791264805.2443,O,,,,0.00000,0.0000,0.0000
1791264805.2355,R,B,,-58,,,
1791264805.2669,R,A,,-65,,,
1791264805.2802,R,B,,-63,,,
1791264805.3225,O,,,,0.00000,0.0000,0.0000
1791264805.3235,O,,,,0.00000,0.0000,0.0000
1791264805.3243,O,,,,0.00000,0.0000,0.0000
1791264805.3251,O,,,,0.00000,0.0000,0.0000
1791264805.2850,R,C,,-62,,,
1791264805.3154,R,A,,-63,,,
1791264805.3292,R,B,,-62,,,
1791264805.3635,R,C,,-65,,,
1791264805.3636,R,A,,-65,,,
1791264805.3969,O,,,,0.00000,0.0000,0.0000
1791264805.3978,O,,,,0.00000,0.0000,0.0000
1791264805.3987,O,,,,0.00000,0.0000,0.0000
1791264805.3995,O,,,,0.00000,0.0000,0.0000
1791264805.4061,R,B,,-60,,,
1791264805.4276,R,A,,-67,,,
1791264805.4772,O,,,,0.00000,0.0000,0.0000
1791264805.4782,O,,,,0.00000,0.0000,0.0000
1791264805.4791,O,,,,0.00000,0.0000,0.0000
1791264805.4798,O,,,,0.00000,0.0000,0.0000
1791264805.4342,R,C,,-66,,,
1791264805.4413,R,B,,-61,,,
1791264805.4606,R,A,,-63,,,
1791264805.4607,R,C,,-62,,,
1791264805.5053,R,B,,-64,,,
1791264805.5204,R,C,,-66,,,
1791264805.5206,R,A,,-67,,,
1791264805.5526,O,,,,0.00000,0.0000,0.0000
1791264805.5536,O,,,,0.00000,0.0000,0.0000
1791264805.5543,O,,,,0.00000,0.0000,0.0000
1791264805.5550,O,,,,0.00000,0.0000,0.0000
1791264805.5546,R,C,,-70,,,
1791264805.5558,R,B,,-62,,,
1791264805.5767,R,A,,-69,,,
1791264805.6326,O,,,,0.00000,0.0000,0.0000
1791264805.6063,R,B,,-62,,,
1791264805.6240,R,C,,-64,,,
1791264805.6273,R,A,,-64,,,
1791264805.6339,O,,,,0.00000,0.0000,0.0000
1791264805.6349,O,,,,0.00000,0.0000,0.0000
1791264805.6357,O,,,,0.00000,0.0000,0.0000
1791264805.6451,R,A,,-65,,,
1791264805.6472,R,C,,-68,,,
1791264805.6476,R,B,,-64,,,
1791264805.7126,O,,,,0.00000,0.0000,0.0000
1791264805.7136,O,,,,0.00000,0.0000,0.0000
1791264805.7144,O,,,,0.00000,0.0000,0.0000
1791264805.7152,O,,,,0.00000,0.0000,0.0000
1791264805.7819,O,,,,0.00000,0.0000,0.0000
1791264805.7829,O,,,,0.00000,0.0000,0.0000
1791264805.7489,R,A,,-66,,,
1791264805.7492,R,B,,-62,,,
1791264805.7494,R,C,,-62,,,
1791264805.7838,O,,,,0.00000,0.0000,0.0000
1791264805.7842,R,C,,-63,,,
1791264805.8061,R,B,,-63,,,
1791264805.8159,R,A,,-73,,,
1791264805.8251,R,C,,-84,,,
1791264805.8269,R,A,,-73,,,
1791264805.8576,O,,,,0.00000,0.0000,0.0000
1791264805.8587,O,,,,0.00000,0.0000,0.0000
1791264805.8595,O,,,,0.00000,0.0000,0.0000
1791264805.8602,O,,,,0.00000,0.0000,0.0000
1791264805.8541,R,B,,-61,,,
1791264805.8772,R,A,,-71,,,
1791264805.8847,R,C,,-74,,,
1791264805.9067,R,B,,-59,,,
1791264805.9203,R,B,,-63,,,
1791264805.9214,R,C,,-76,,,
1791264805.9271,R,A,,-79,,,
1791264805.9374,O,,,,0.00000,0.0000,0.0000
1791264805.9385,O,,,,0.00000,0.0000,0.0000
1791264805.9393,O,,,,0.00000,0.0000,0.0000
1791264805.9401,O,,,,0.00000,0.0000,0.0000
1791264805.9635,R,A,,-76,,,
1791264806.0126,O,,,,0.00000,0.0000,0.0000
1791264806.0137,O,,,,0.00000,0.0000,0.0000
1791264806.0145,O,,,,0.00000,0.0000,0.0000
1791264806.0153,O,,,,0.00000,0.0000,0.0000
1791264805.9846,R,C,,-71,,,
1791264806.0053,R,B,,-62,,,
1791264806.0267,R,A,,-73,,,
1791264806.0347,R,C,,-74,,,
1791264806.0478,R,B,,-62,,,
1791264806.0599,R,C,,-73,,,
1791264806.0601,R,A,,-74,,,
1791264806.0925,O,,,,0.00000,0.0000,0.0000
1791264806.0936,O,,,,0.00000,0.0000,0.0000
1791264806.0945,O,,,,0.00000,0.0000,0.0000
1791264806.0952,O,,,,0.00000,0.0000,0.0000
1791264806.0997,R,B,,-62,,,
1791264806.1001,R,A,,-72,,,
1791264806.1288,R,C,,-77,,,
1791264806.1726,O,,,,0.00000,0.0000,0.0000
1791264806.1736,O,,,,0.00000,0.0000,0.0000
1791264806.1745,O,,,,0.00000,0.0000,0.0000
1791264806.1753,O,,,,0.00000,0.0000,0.0000
1791264806.1560,R,B,,-59,,,
1791264806.1748,R,A,,-67,,,
1791264806.1760,R,B,,-61,,,
1791264806.1824,R,C,,-70,,,
1791264806.2249,R,B,,-65,,,
1791264806.2268,R,A,,-62,,,
1791264806.2425,O,,,,0.00000,0.0000,0.0000
1791264806.2436,O,,,,0.00000,0.0000,0.0000
1791264806.2443,O,,,,0.00000,0.0000,0.0000
1791264806.2342,R,C,,-72,,,
1791264806.2647,R,C,,-69,,,
1791264806.2655,R,B,,-61,,,
1791264806.2685,R,A,,-78,,,
1791264806.3173,O,,,,0.00000,0.0000,0.0000
1791264806.3183,O,,,,0.00000,0.0000,0.0000
1791264806.3191,O,,,,0.00000,0.0000,0.0000
1791264806.3198,O,,,,0.00000,0.0000,0.0000
1791264806.3277,R,A,,-68,,,
1791264806.3343,R,C,,-65,,,
1791264806.3348,R,B,,-59,,,
1791264806.3565,R,C,,-66,,,
1791264806.3755,R,A,,-69,,,
1791264806.3981,O,,,,0.00000,0.0000,0.0000
1791264806.3991,O,,,,0.00000,0.0000,0.0000
1791264806.4000,O,,,,0.00000,0.0000,0.0000
1791264806.4007,O,,,,0.00000,0.0000,0.0000
1791264806.3956,R,B,,-65,,,
1791264806.4154,R,A,,-87,,,
1791264806.4155,R,C,,-68,,,
1791264806.4724,O,,,,0.00000,0.0000,0.0000
1791264806.4734,O,,,,0.00000,0.0000,0.0000
1791264806.4742,O,,,,0.00000,0.0000,0.0000
1791264806.4750,O,,,,0.00000,0.0000,0.0000
1791264806.4553,R,C,,-70,,,
1791264806.4555,R,B,,-62,,,
1791264806.4747,R,A,,-76,,,
1791264806.5062,R,B,,-58,,,
1791264806.5275,R,A,,-84,,,
1791264806.5525,O,,,,0.00000,0.0000,0.0000
1791264806.5535,O,,,,0.00000,0.0000,0.0000
1791264806.5543,O,,,,0.00000,0.0000,0.0000
1791264806.5551,O,,,,0.00000,0.0000,0.0000
1791264806.5342,R,C,,-65,,,
1791264806.5563,R,B,,-68,,,
1791264806.5754,R,A,,-67,,,
1791264806.6322,O,,,,0.00000,0.0000,0.0000
1791264806.6332,O,,,,0.00000,0.0000,0.0000
1791264806.5832,R,C,,-66,,,
1791264806.5838,R,B,,-68,,,
1791264806.5841,R,A,,-69,,,
1791264806.6272,R,A,,-72,,,
1791264806.6343,O,,,,0.00000,0.0000,0.0000
1791264806.6353,O,,,,0.00000,0.0000,0.0000
1791264806.6462,R,B,,-59,,,
1791264806.6732,R,B,,-74,,,
1791264806.7072,O,,,,0.00000,0.0000,0.0000
1791264806.7082,O,,,,0.00000,0.0000,0.0000
1791264806.7089,O,,,,0.00000,0.0000,0.0000
1791264806.7097,O,,,,0.00000,0.0000,0.0000
1791264806.6844,R,C,,-73,,,
1791264806.7171,R,C,,-83,,,
1791264806.7183,R,A,,-71,,,
1791264806.7298,R,B,,-71,,,
1791264806.7776,O,,,,0.00000,0.0000,0.0000
1791264806.7786,O,,,,0.00000,0.0000,0.0000
1791264806.7794,O,,,,0.00000,0.0000,0.0000
1791264806.7668,R,C,,-73,,,
1791264806.7768,R,A,,-78,,,
1791264806.7782,R,B,,-72,,,
1791264806.8160,R,C,,-67,,,
1791264806.8273,R,A,,-70,,,
1791264806.8574,O,,,,0.00000,0.0000,0.0000
1791264806.8584,O,,,,0.00000,0.0000,0.0000
1791264806.8591,O,,,,0.00000,0.0000,0.0000
1791264806.8598,O,,,,0.00000,0.0000,0.0000
1791264806.8336,R,B,,-83,,,
1791264806.8651,R,A,,-72,,,
1791264806.8667,R,C,,-81,,,
1791264806.9324,O,,,,0.00000,0.0000,0.0000
1791264806.9334,O,,,,0.00000,0.0000,0.0000
1791264806.8983,R,B,,-69,,,
1791264806.9268,R,A,,-73,,,
1791264806.9343,O,,,,0.00000,0.0000,0.0000
1791264806.9351,O,,,,0.00000,0.0000,0.0000
1791264806.9348,R,C,,-76,,,
1791264806.9525,R,B,,-70,,,
1791264806.9550,R,B,,-64,,,
1791264806.9655,R,C,,-71,,,
1791264806.9656,R,A,,-76,,,
1791264807.0125,O,,,,0.00000,0.0000,0.0000
1791264807.0135,O,,,,0.00000,0.0000,0.0000
1791264807.0143,O,,,,0.00000,0.0000,0.0000
1791264807.0150,O,,,,0.00000,0.0000,0.0000
1791264807.0015,R,C,,-67,,,
1791264807.0017,R,B,,-75,,,
1791264807.0056,R,A,,-71,,,
1791264807.0563,R,B,,-67,,,
1791264807.0769,R,A,,-74,,,
1791264807.0795,R,C,,-67,,,
1791264807.0922,O,,,,0.00000,0.0000,0.0000
1791264807.0933,O,,,,0.00000,0.0000,0.0000
1791264807.0940,O,,,,0.00000,0.0000,0.0000
1791264807.0947,O,,,,0.00000,0.0000,0.0000
1791264807.0848,R,C,,-65,,,
1791264807.1064,R,B,,-61,,,
1791264807.1162,R,A,,-74,,,
1791264807.1305,R,B,,-82,,,
1791264807.1679,O,,,,0.00000,0.0000,0.0000
1791264807.1690,O,,,,0.00000,0.0000,0.0000
1791264807.1697,O,,,,0.00000,0.0000,0.0000
1791264807.1704,O,,,,0.00000,0.0000,0.0000
1791264807.1350,R,C,,-79,,,
1791264807.1744,R,A,,-68,,,
1791264807.1751,R,C,,-70,,,
1791264807.1764,R,A,,-70,,,
1791264807.2062,R,B,,-70,,,
1791264807.2269,R,A,,-73,,,
1791264807.2365,O,,,,0.00000,0.0000,0.0000
1791264807.2374,O,,,,0.00000,0.0000,0.0000
1791264807.2382,O,,,,0.00000,0.0000,0.0000
1791264807.2341,R,C,,-69,,,
1791264807.2567,R,B,,-62,,,
1791264807.2625,R,B,,-88,,,
1791264807.2729,R,C,,-70,,,
1791264807.2779,R,A,,-75,,,
1791264807.3173,O,,,,0.00000,0.0000,0.0000
1791264807.3183,O,,,,0.00000,0.0000,0.0000
1791264807.3191,O,,,,0.00000,0.0000,0.0000
1791264807.3199,O,,,,0.00000,0.0000,0.0000
1791264807.3041,R,A,,-71,,,
1791264807.3043,R,C,,-70,,,
1791264807.3057,R,B,,-91,,,
1791264807.3491,R,B,,-68,,,
1791264807.3775,R,A,,-74,,,
1791264807.3926,O,,,,0.00000,0.0000,0.0000
1791264807.3937,O,,,,0.00000,0.0000,0.0000
1791264807.3946,O,,,,0.00000,0.0000,0.0000
1791264807.3953,O,,,,0.00000,0.0000,0.0000
1791264807.3848,R,C,,-68,,,
1791264807.3919,R,B,,-60,,,
1791264807.4258,R,A,,-77,,,
1791264807.4259,R,C,,-77,,,
1791264807.4723,O,,,,0.00000,0.0000,0.0000
1791264807.4732,O,,,,0.00000,0.0000,0.0000
1791264807.4740,O,,,,0.00000,0.0000,0.0000
1791264807.4747,O,,,,0.00000,0.0000,0.0000
1791264807.4371,R,B,,-85,,,
1791264807.4376,R,A,,-69,,,
1791264807.4770,R,A,,-70,,,
1791264807.4774,R,C,,-72,,,
1791264807.5061,R,B,,-70,,,
1791264807.5279,R,C,,-68,,,
1791264807.5309,R,B,,-65,,,
1791264807.5470,O,,,,0.00000,0.0000,0.0000
1791264807.5479,O,,,,0.00000,0.0000,0.0000
1791264807.5488,O,,,,0.00000,0.0000,0.0000
1791264807.5495,O,,,,0.00000,0.0000,0.0000
1791264807.5786,R,C,,-71,,,
1791264807.6270,O,,,,0.00000,0.0000,0.0000
1791264807.6278,O,,,,0.00000,0.0000,0.0000
1791264807.6287,O,,,,0.00000,0.0000,0.0000
1791264807.6294,O,,,,0.00000,0.0000,0.0000
1791264807.5973,R,B,,-77,,,
1791264807.6268,R,A,,-78,,,
1791264807.6301,R,C,,-72,,,
1791264807.6302,R,B,,-65,,,
1791264807.6656,R,A,,-70,,,
1791264807.6766,R,C,,-68,,,
1791264807.6785,R,B,,-64,,,
1791264807.7071,O,,,,0.00000,0.0000,0.0000
1791264807.7081,O,,,,0.00000,0.0000,0.0000
1791264807.7088,O,,,,0.00000,0.0000,0.0000
1791264807.7095,O,,,,0.00000,0.0000,0.0000
1791264807.7215,R,B,,-78,,,
1791264807.7232,R,C,,-66,,,
1791264807.7269,R,A,,-69,,,
1791264807.7727,O,,,,0.00000,0.0000,0.0000
1791264807.7739,O,,,,0.00000,0.0000,0.0000
1791264807.7747,O,,,,0.00000,0.0000,0.0000
1791264807.7509,R,C,,-72,,,
1791264807.7511,R,B,,-85,,,
1791264807.7518,R,A,,-78,,,
1791264807.7939,R,C,,-70,,,
1791264807.8061,R,B,,-65,,,
1791264807.8269,R,A,,-70,,,
1791264807.8518,O,,,,0.00000,0.0000,0.0000
1791264807.8527,O,,,,0.00000,0.0000,0.0000
1791264807.8535,O,,,,0.00000,0.0000,0.0000
1791264807.8542,O,,,,0.00000,0.0000,0.0000
1791264807.8383,R,B,,-68,,,
1791264807.8388,R,C,,-72,,,
1791264807.8391,R,A,,-72,,,
1791264807.9357,O,,,,0.00000,0.0000,0.0000
1791264807.9065,R,B,,-93,,,
1791264807.9155,R,A,,-73,,,
1791264807.9368,O,,,,0.00000,0.0000,0.0000
1791264807.9375,O,,,,0.00000,0.0000,0.0000
1791264807.9383,O,,,,0.00000,0.0000,0.0000
1791264807.9335,R,C,,-69,,,
1791264807.9435,R,B,,-70,,,
1791264807.9714,R,C,,-67,,,
1791264808.0068,O,,,,0.00000,0.0000,0.0000
1791264808.0077,O,,,,0.00000,0.0000,0.0000
1791264808.0085,O,,,,0.00000,0.0000,0.0000
1791264808.0092,O,,,,0.00000,0.0000,0.0000
1791264808.0061,R,B,,-63,,,
1791264808.0155,R,C,,-76,,,
1791264808.0269,R,A,,-78,,,
1791264808.0344,R,B,,-83,,,
1791264808.0600,R,C,,-69,,,
1791264808.0774,R,A,,-69,,,
1791264808.0871,O,,,,0.00000,0.0000,0.0000
1791264808.0880,O,,,,0.00000,0.0000,0.0000
1791264808.0888,O,,,,0.00000,0.0000,0.0000
1791264808.0895,O,,,,0.00000,0.0000,0.0000
1791264808.0955,R,B,,-68,,,
1791264808.1274,R,A,,-73,,,
1791264808.1672,O,,,,0.00000,0.0000,0.0000
1791264808.1682,O,,,,0.00000,0.0000,0.0000
1791264808.1689,O,,,,0.00000,0.0000,0.0000
1791264808.1699,O,,,,0.00000,0.0000,0.0000
1791264808.1347,R,C,,-66,,,
1791264808.1505,R,B,,-63,,,
1791264808.1520,R,B,,-63,,,
1791264808.1604,R,C,,-76,,,
1791264808.1605,R,A,,-78,,,
1791264808.2326,O,,,,0.00000,0.0000,0.0000
1791264808.2060,R,B,,-80,,,
1791264808.2268,R,A,,-69,,,
1791264808.2343,O,,,,0.00000,0.0000,0.0000
1791264808.2358,O,,,,0.00000,0.0000,0.0000
1791264808.2342,R,C,,-69,,,
1791264808.2444,R,B,,-71,,,
1791264808.2445,R,A,,-74,,,
1791264808.2600,R,C,,-67,,,
1791264808.3122,O,,,,0.00000,0.0000,0.0000
1791264808.3132,O,,,,0.00000,0.0000,0.0000
1791264808.3141,O,,,,0.00000,0.0000,0.0000
1791264808.3148,O,,,,0.00000,0.0000,0.0000
1791264808.2906,R,B,,-64,,,
1791264808.3204,R,A,,-82,,,
1791264808.3207,R,C,,-73,,,
1791264808.3325,R,B,,-77,,,
1791264808.3350,R,C,,-71,,,
1791264808.3618,R,A,,-69,,,
1791264808.3797,R,B,,-73,,,
1791264808.3925,O,,,,0.00000,0.0000,0.0000
1791264808.3935,O,,,,0.00000,0.0000,0.0000
1791264808.3943,O,,,,0.00000,0.0000,0.0000
1791264808.3950,O,,,,0.00000,0.0000,0.0000
1791264808.3852,R,C,,-68,,,
1791264808.4208,R,C,,-70,,,
1791264808.4268,R,A,,-72,,,
1791264808.4673,O,,,,0.00000,0.0000,0.0000
1791264808.4682,O,,,,0.00000,0.0000,0.0000
1791264808.4690,O,,,,0.00000,0.0000,0.0000
1791264808.4697,O,,,,0.00000,0.0000,0.0000
1791264808.4561,R,B,,-65,,,
1791264808.4701,R,C,,-74,,,
1791264808.4712,R,A,,-71,,,
1791264808.4792,R,B,,-79,,,
1791264808.5269,R,A,,-76,,,
1791264808.5477,O,,,,0.00000,0.0000,0.0000
1791264808.5486,O,,,,0.00000,0.0000,0.0000
1791264808.5494,O,,,,0.00000,0.0000,0.0000
1791264808.5501,O,,,,0.00000,0.0000,0.0000
1791264808.5348,R,C,,-68,,,
1791264808.5498,R,B,,-72,,,
1791264808.6224,O,,,,0.00000,0.0000,0.0000
1791264808.6234,O,,,,0.00000,0.0000,0.0000
1791264808.6244,O,,,,0.00000,0.0000,0.0000
1791264808.6252,O,,,,0.00000,0.0000,0.0000
1791264808.6006,R,B,,-68,,,
1791264808.6279,R,A,,-70,,,
1791264808.6350,R,C,,-74,,,
1791264808.6388,R,B,,-87,,,
1791264808.6406,R,C,,-69,,,
1791264808.6431,R,A,,-77,,,
1791264808.7021,O,,,,0.00000,0.0000,0.0000
1791264808.7029,O,,,,0.00000,0.0000,0.0000
1791264808.7038,O,,,,0.00000,0.0000,0.0000
1791264808.7046,O,,,,0.00000,0.0000,0.0000
1791264808.6885,R,B,,-73,,,
1791264808.6889,R,A,,-70,,,
1791264808.7287,R,C,,-70,,,
1791264808.7724,O,,,,0.00000,0.0000,0.0000
1791264808.7737,O,,,,0.00000,0.0000,0.0000
1791264808.7748,O,,,,0.00000,0.0000,0.0000
1791264808.7518,R,B,,-66,,,
1791264808.7835,R,B,,-71,,,
1791264808.7844,R,C,,-78,,,
1791264808.8258,R,C,,-70,,,
1791264808.8260,R,A,,-67,,,
1791264808.8519,O,,,,0.00000,0.0000,0.0000
1791264808.8531,O,,,,0.00000,0.0000,0.0000
1791264808.8542,O,,,,0.00000,0.0000,0.0000
1791264808.8553,O,,,,0.00000,0.0000,0.0000
1791264808.8444,R,B,,-65,,,
1791264808.8705,R,A,,-65,,,
1791264808.8709,R,B,,-71,,,
1791264808.8735,R,C,,-68,,,
1791264808.9277,O,,,,0.00000,0.0000,0.0000
1791264808.9287,O,,,,0.00000,0.0000,0.0000
1791264808.9295,O,,,,0.00000,0.0000,0.0000
1791264808.9303,O,,,,0.00000,0.0000,0.0000
1791264808.9184,R,C,,-68,,,
1791264808.9187,R,A,,-62,,,
1791264808.9188,R,B,,-78,,,
1791264808.9582,R,C,,-75,,,
1791264808.9597,R,A,,-67,,,
1791264809.0071,O,,,,0.00000,0.0000,0.0000
1791264809.0079,O,,,,0.00000,0.0000,0.0000
1791264809.0087,O,,,,0.00000,0.0000,0.0000
1791264809.0096,O,,,,0.00000,0.0000,0.0000
1791264808.9843,R,B,,-70,,,
1791264809.0004,R,B,,-67,,,
1791264809.0008,R,A,,-65,,,
1791264809.0008,R,C,,-73,,,
1791264809.0561,R,B,,-65,,,
1791264809.0771,R,A,,-68,,,
1791264809.0876,O,,,,0.00000,0.0000,0.0000
1791264809.0887,O,,,,0.00000,0.0000,0.0000
1791264809.0896,O,,,,0.00000,0.0000,0.0000
1791264809.0904,O,,,,0.00000,0.0000,0.0000
1791264809.0843,R,C,,-64,,,
1791264809.0869,R,B,,-66,,,
1791264809.1039,R,C,,-64,,,
1791264809.1137,R,A,,-78,,,
1791264809.1628,O,,,,0.00000,0.0000,0.0000
1791264809.1641,O,,,,0.00000,0.0000,0.0000
1791264809.1655,O,,,,0.00000,0.0000,0.0000
1791264809.1676,O,,,,0.00000,0.0000,0.0000
1791264809.1344,R,C,,-70,,,
1791264809.1561,R,B,,-62,,,
1791264809.1768,R,A,,-73,,,
1791264809.2327,O,,,,0.00000,0.0000,0.0000
1791264809.1853,R,B,,-73,,,
1791264809.2239,R,C,,-70,,,
1791264809.2282,R,A,,-69,,,
1791264809.2343,O,,,,0.00000,0.0000,0.0000
1791264809.2358,O,,,,0.00000,0.0000,0.0000
1791264809.2562,R,B,,-68,,,
1791264809.2680,R,C,,-75,,,
1791264809.2684,R,A,,-69,,,
1791264809.3076,O,,,,0.00000,0.0000,0.0000
1791264809.3089,O,,,,0.00000,0.0000,0.0000
1791264809.3098,O,,,,0.00000,0.0000,0.0000
1791264809.3107,O,,,,0.00000,0.0000,0.0000
1791264809.3063,R,B,,-75,,,
1791264809.3170,R,C,,-72,,,
1791264809.3175,R,A,,-75,,,
1791264809.3177,R,B,,-68,,,
1791264809.3638,R,B,,-72,,,
1791264809.3654,R,A,,-71,,,
1791264809.3772,R,C,,-73,,,
1791264809.3865,O,,,,0.00000,0.0000,0.0000
1791264809.3874,O,,,,0.00000,0.0000,0.0000
1791264809.3883,O,,,,0.00000,0.0000,0.0000
1791264809.3890,O,,,,0.00000,0.0000,0.0000
1791264809.4105,R,A,,-71,,,
1791264809.4154,R,C,,-74,,,
1791264809.4158,R,B,,-62,,,
1791264809.4675,O,,,,0.00000,0.0000,0.0000
1791264809.4686,O,,,,0.00000,0.0000,0.0000
1791264809.4701,O,,,,0.00000,0.0000,0.0000
1791264809.4708,O,,,,0.00000,0.0000,0.0000
1791264809.4606,R,A,,-76,,,
1791264809.4608,R,C,,-72,,,
1791264809.4768,R,B,,-63,,,
1791264809.5061,R,B,,-66,,,
1791264809.5172,R,C,,-72,,,
1791264809.5174,R,A,,-75,,,
1791264809.5426,O,,,,0.00000,0.0000,0.0000
1791264809.5440,O,,,,0.00000,0.0000,0.0000
1791264809.5453,O,,,,0.00000,0.0000,0.0000
1791264809.5462,O,,,,0.00000,0.0000,0.0000
1791264809.5506,R,B,,-63,,,
1791264809.5728,R,C,,-69,,,
1791264809.5780,R,A,,-69,,,
1791264809.6225,O,,,,0.00000,0.0000,0.0000
1791264809.6236,O,,,,0.00000,0.0000,0.0000
1791264809.6244,O,,,,0.00000,0.0000,0.0000
1791264809.6252,O,,,,0.00000,0.0000,0.0000
1791264809.6009,R,C,,-69,,,
1791264809.6013,R,B,,-65,,,
1791264809.6014,R,A,,-72,,,
1791264809.6467,R,B,,-64,,,
1791264809.6509,R,C,,-66,,,
1791264809.6594,R,A,,-71,,,
1791264809.6927,O,,,,0.00000,0.0000,0.0000
1791264809.6940,O,,,,0.00000,0.0000,0.0000
1791264809.6951,O,,,,0.00000,0.0000,0.0000
1791264809.6920,R,B,,-72,,,
1791264809.6922,R,C,,-69,,,
1791264809.7270,R,A,,-69,,,
1791264809.7673,O,,,,0.00000,0.0000,0.0000
1791264809.7684,O,,,,0.00000,0.0000,0.0000
1791264809.7692,O,,,,0.00000,0.0000,0.0000
1791264809.7700,O,,,,0.00000,0.0000,0.0000
1791264809.7357,R,A,,-67,,,
1791264809.7359,R,C,,-70,,,
1791264809.7360,R,B,,-64,,,
1791264809.7834,R,B,,-51,,,
1791264809.7843,R,C,,-65,,,
1791264809.8250,R,A,,-67,,,
1791264809.8253,R,B,,-44,,,
1791264809.8469,O,,,,0.00000,0.0000,0.0000
1791264809.8478,O,,,,0.00000,0.0000,0.0000
1791264809.8486,O,,,,0.00000,0.0000,0.0000
1791264809.8493,O,,,,0.00000,0.0000,0.0000
1791264809.8324,R,C,,-58,,,
1791264809.8725,R,A,,-77,,,
1791264809.8743,R,C,,-62,,,
1791264809.9269,O,,,,0.00000,0.0000,0.0000
1791264809.9283,O,,,,0.00000,0.0000,0.0000
1791264809.9292,O,,,,0.00000,0.0000,0.0000
1791264809.9300,O,,,,0.00000,0.0000,0.0000
1791264809.9052,R,B,,-39,,,
1791264809.9230,R,A,,-72,,,
1791264809.9231,R,C,,-65,,,
1791264809.9343,R,B,,-38,,,
1791264809.9732,R,A,,-69,,,
1791264809.9778,R,C,,-62,,,
1791264810.0024,O,,,,0.00000,0.0000,0.0000
1791264810.0035,O,,,,0.00000,0.0000,0.0000
1791264810.0043,O,,,,0.00000,0.0000,0.0000
1791264810.0051,O,,,,0.00000,0.0000,0.0000
1791264810.0062,R,B,,-39,,,
1791264810.0141,R,C,,-56,,,
1791264810.0270,R,A,,-64,,,
1791264810.0825,O,,,,0.00000,0.0000,0.0000
1791264810.0405,R,B,,-36,,,
1791264810.0582,R,C,,-53,,,
1791264810.0773,R,A,,-59,,,
1791264810.0839,O,,,,0.00000,0.0000,0.0000
1791264810.0847,O,,,,0.00000,0.0000,0.0000
1791264810.0857,O,,,,0.00000,0.0000,0.0000
1791264810.1279,R,A,,-65,,,
1791264810.1625,O,,,,0.00000,0.0000,0.0000
1791264810.1635,O,,,,0.00000,0.0000,0.0000
1791264810.1643,O,,,,0.00000,0.0000,0.0000
1791264810.1650,O,,,,0.00000,0.0000,0.0000
1791264810.1344,R,C,,-52,,,
1791264810.1472,R,C,,-54,,,
1791264810.1474,R,A,,-71,,,
1791264810.1476,R,B,,-37,,,
1791264810.2269,O,,,,0.00000,0.0000,0.0000
1791264810.2277,O,,,,0.00000,0.0000,0.0000
1791264810.2285,O,,,,0.00000,0.0000,0.0000
1791264810.2061,R,B,,-36,,,
1791264810.2270,R,A,,-71,,,
1791264810.2343,R,C,,-53,,,
1791264810.2366,R,B,,-37,,,
1791264810.2449,R,A,,-69,,,
1791264810.2769,R,A,,-69,,,
1791264810.2773,R,C,,-51,,,
1791264810.3075,O,,,,0.00000,0.0000,0.0000
1791264810.3085,O,,,,0.00000,0.0000,0.0000
1791264810.3094,O,,,,0.00000,0.0000,0.0000
1791264810.3114,O,,,,0.00000,0.0000,0.0000
1791264810.2825,R,B,,-39,,,
1791264810.3214,R,C,,-55,,,
1791264810.3274,R,A,,-73,,,
1791264810.3453,R,B,,-35,,,
1791264810.3695,R,C,,-56,,,
1791264810.3696,R,A,,-69,,,
1791264810.3786,R,B,,-35,,,
1791264810.3873,O,,,,0.00000,0.0000,0.0000
1791264810.3883,O,,,,0.00000,0.0000,0.0000
1791264810.3892,O,,,,0.00000,0.0000,0.0000
1791264810.3899,O,,,,0.00000,0.0000,0.0000
1791264810.4148,R,A,,-70,,,
1791264810.4277,R,C,,-55,,,
1791264810.4626,O,,,,0.00000,0.0000,0.0000
1791264810.4637,O,,,,0.00000,0.0000,0.0000
1791264810.4645,O,,,,0.00000,0.0000,0.0000
1791264810.4653,O,,,,0.00000,0.0000,0.0000
1791264810.4358,R,B,,-36,,,
1791264810.4560,R,C,,-58,,,
1791264810.4566,R,B,,-35,,,
1791264810.4567,R,A,,-77,,,
1791264810.5062,R,B,,-32,,,
1791264810.5065,R,C,,-57,,,
1791264810.5275,R,A,,-70,,,
1791264810.5425,O,,,,0.00000,0.0000,0.0000
1791264810.5443,O,,,,0.00000,0.0000,0.0000
1791264810.5451,O,,,,0.00000,0.0000,0.0000
1791264810.5458,O,,,,0.00000,0.0000,0.0000
1791264810.5534,R,B,,-34,,,
1791264810.5535,R,A,,-69,,,
1791264810.6173,O,,,,0.00000,0.0000,0.0000
1791264810.6184,O,,,,0.00000,0.0000,0.0000
1791264810.6192,O,,,,0.00000,0.0000,0.0000
1791264810.6199,O,,,,0.00000,0.0000,0.0000
1791264810.5843,R,C,,-55,,,
1791264810.5929,R,A,,-75,,,
1791264810.5931,R,B,,-35,,,
1791264810.5938,R,C,,-58,,,
1791264810.6562,R,B,,-33,,,
1791264810.6604,R,A,,-70,,,
1791264810.6864,O,,,,0.00000,0.0000,0.0000
1791264810.6874,O,,,,0.00000,0.0000,0.0000
1791264810.6883,O,,,,0.00000,0.0000,0.0000
1791264810.6878,R,B,,-34,,,
1791264810.7272,R,A,,-67,,,
1791264810.7677,O,,,,0.00000,0.0000,0.0000
1791264810.7689,O,,,,0.00000,0.0000,0.0000
1791264810.7696,O,,,,0.00000,0.0000,0.0000
1791264810.7704,O,,,,0.00000,0.0000,0.0000
1791264810.7426,R,B,,-36,,,
1791264810.7610,R,A,,-73,,,
1791264810.7760,R,C,,-58,,,
1791264810.7766,R,B,,-33,,,
1791264810.7771,R,A,,-70,,,
1791264810.8274,R,A,,-68,,,
1791264810.8425,O,,,,0.00000,0.0000,0.0000
1791264810.8436,O,,,,0.00000,0.0000,0.0000
1791264810.8444,O,,,,0.00000,0.0000,0.0000
1791264810.8451,O,,,,0.00000,0.0000,0.0000
1791264810.8343,R,C,,-58,,,
1791264810.8561,R,B,,-34,,,
1791264810.8659,R,B,,-36,,,
1791264810.8677,R,A,,-63,,,
1791264810.8679,R,C,,-57,,,
1791264810.9232,O,,,,0.00000,0.0000,0.0000
1791264810.9244,O,,,,0.00000,0.0000,0.0000
1791264810.9253,O,,,,0.00000,0.0000,0.0000
1791264810.9260,O,,,,0.00000,0.0000,0.0000
1791264810.9212,R,A,,-68,,,
1791264810.9560,R,B,,-33,,,
1791264810.9709,R,C,,-60,,,
1791264810.9714,R,A,,-66,,,
1791264810.9715,R,B,,-34,,,
1791264811.0026,O,,,,0.00000,0.0000,0.0000
1791264811.0037,O,,,,0.00000,0.0000,0.0000
1791264811.0045,O,,,,0.00000,0.0000,0.0000
1791264811.0053,O,,,,0.00000,0.0000,0.0000
1791264811.0061,R,B,,-33,,,
1791264811.0185,R,C,,-58,,,
1791264811.0270,R,A,,-63,,,
1791264811.0772,O,,,,0.00000,0.0000,0.0000
1791264811.0783,O,,,,0.00000,0.0000,0.0000
1791264811.0791,O,,,,0.00000,0.0000,0.0000
1791264811.0799,O,,,,0.00000,0.0000,0.0000
1791264811.0513,R,B,,-35,,,
1791264811.0775,R,C,,-57,,,
1791264811.0776,R,A,,-71,,,
1791264811.1062,R,B,,-36,,,
1791264811.1276,R,A,,-68,,,
1791264811.1570,O,,,,0.00000,0.0000,0.0000
1791264811.1580,O,,,,0.00000,0.0000,0.0000
1791264811.1589,O,,,,0.00000,0.0000,0.0000
1791264811.1597,O,,,,0.00000,0.0000,0.0000
1791264811.1343,R,C,,-56,,,
1791264811.1447,R,C,,-53,,,
1791264811.1564,R,B,,-34,,,
1791264811.1776,R,A,,-68,,,
1791264811.2278,O,,,,0.00000,0.0000,0.0000
1791264811.2288,O,,,,0.00000,0.0000,0.0000
1791264811.2295,O,,,,0.00000,0.0000,0.0000
1791264811.1874,R,A,,-71,,,
1791264811.2063,R,B,,-34,,,
1791264811.2341,R,C,,-55,,,
1791264811.2386,R,A,,-66,,,
1791264811.2564,R,B,,-31,,,
1791264811.2773,R,A,,-64,,,
1791264811.3016,O,,,,0.00000,0.0000,0.0000
1791264811.3026,O,,,,0.00000,0.0000,0.0000
1791264811.3034,O,,,,0.00000,0.0000,0.0000
1791264811.3041,O,,,,0.00000,0.0000,0.0000
1791264811.2847,R,C,,-55,,,
1791264811.2919,R,B,,-33,,,
1791264811.3227,R,B,,-34,,,
1791264811.3246,R,A,,-64,,,
1791264811.3248,R,C,,-54,,,
1791264811.3680,R,A,,-65,,,
1791264811.3751,R,C,,-55,,,
1791264811.3831,O,,,,0.00000,0.0000,0.0000
1791264811.3839,O,,,,0.00000,0.0000,0.0000
1791264811.3846,O,,,,0.00000,0.0000,0.0000
1791264811.3854,O,,,,0.00000,0.0000,0.0000
1791264811.4061,R,B,,-33,,,
1791264811.4141,R,C,,-54,,,
1791264811.4144,R,A,,-65,,,
1791264811.4623,O,,,,0.00000,0.0000,0.0000
1791264811.4632,O,,,,0.00000,0.0000,0.0000
1791264811.4641,O,,,,0.00000,0.0000,0.0000
1791264811.4649,O,,,,0.00000,0.0000,0.0000
1791264811.4563,R,B,,-34,,,
1791264811.4783,R,A,,-65,,,
1791264811.4848,R,C,,-51,,,
1791264811.4851,R,B,,-34,,,
1791264811.5043,R,B,,-34,,,
1791264811.5084,R,A,,-70,,,
1791264811.5306,R,C,,-56,,,
1791264811.5372,O,,,,0.00000,0.0000,0.0000
1791264811.5383,O,,,,0.00000,0.0000,0.0000
1791264811.5392,O,,,,0.00000,0.0000,0.0000
1791264811.5399,O,,,,0.00000,0.0000,0.0000
1791264811.5523,R,A,,-67,,,
1791264811.5562,R,B,,-32,,,
1791264811.6176,O,,,,0.00000,0.0000,0.0000
1791264811.6185,O,,,,0.00000,0.0000,0.0000
1791264811.6193,O,,,,0.00000,0.0000,0.0000
1791264811.6200,O,,,,0.00000,0.0000,0.0000
1791264811.5843,R,C,,-54,,,
1791264811.6004,R,A,,-64,,,
1791264811.6006,R,B,,-35,,,
1791264811.6347,R,C,,-52,,,
1791264811.6441,R,C,,-57,,,
1791264811.6444,R,B,,-35,,,
1791264811.6445,R,A,,-71,,,
1791264811.6871,O,,,,0.00000,0.0000,0.0000
1791264811.6881,O,,,,0.00000,0.0000,0.0000
1791264811.6888,O,,,,0.00000,0.0000,0.0000
1791264811.6852,R,C,,-58,,,
1791264811.6901,R,B,,-33,,,
1791264811.7053,R,A,,-67,,,
1791264811.7623,O,,,,0.00000,0.0000,0.0000
1791264811.7634,O,,,,0.00000,0.0000,0.0000
1791264811.7642,O,,,,0.00000,0.0000,0.0000
1791264811.7649,O,,,,0.00000,0.0000,0.0000
1791264811.7562,R,B,,-35,,,
1791264811.7773,R,A,,-66,,,
1791264811.8015,R,A,,-81,,,
1791264811.8064,R,B,,-35,,,
1791264811.8426,O,,,,0.00000,0.0000,0.0000
1791264811.8436,O,,,,0.00000,0.0000,0.0000
1791264811.8443,O,,,,0.00000,0.0000,0.0000
1791264811.8451,O,,,,0.00000,0.0000,0.0000
1791264811.8347,R,C,,-57,,,
1791264811.8564,R,B,,-34,,,
1791264811.8656,R,A,,-78,,,
1791264811.8756,R,C,,-59,,,
1791264811.9220,O,,,,0.00000,0.0000,0.0000
1791264811.9231,O,,,,0.00000,0.0000,0.0000
1791264811.9239,O,,,,0.00000,0.0000,0.0000
1791264811.9247,O,,,,0.00000,0.0000,0.0000
1791264811.9064,R,B,,-36,,,
1791264811.9179,R,B,,-36,,,
1791264811.9199,R,C,,-55,,,
1791264811.9201,R,A,,-86,,,
1791264811.9582,R,C,,-57,,,
1791264811.9619,R,A,,-87,,,
1791264811.9969,O,,,,0.00000,0.0000,0.0000
1791264811.9987,O,,,,0.00000,0.0000,0.0000
1791264812.0002,O,,,,0.00000,0.0000,0.0000
1791264812.0011,O,,,,0.00000,0.0000,0.0000
1791264812.0268,R,C,,-57,,,
1791264812.0270,R,A,,-76,,,
1791264812.0775,O,,,,0.00000,0.0000,0.0000
1791264812.0785,O,,,,0.00000,0.0000,0.0000
1791264812.0794,O,,,,0.00000,0.0000,0.0000
1791264812.0801,O,,,,0.00000,0.0000,0.0000
1791264812.0529,R,B,,-36,,,
1791264812.0774,R,A,,-74,,,
1791264812.0846,R,C,,-54,,,
1791264812.1036,R,B,,-37,,,
1791264812.1037,R,C,,-57,,,
1791264812.1194,R,A,,-93,,,
1791264812.1522,O,,,,0.00132,0.0003,0.0000
1791264812.1533,O,,,,0.00132,0.0003,0.0000
1791264812.1542,O,,,,0.00132,0.0003,0.0000
1791264812.1549,O,,,,0.00132,0.0003,0.0000
1791264812.1460,R,B,,-34,,,
1791264812.2222,O,,,,0.00132,0.0003,0.0000
1791264812.2232,O,,,,0.00132,0.0003,0.0000
1791264812.2240,O,,,,0.00132,0.0003,0.0000
1791264812.1849,R,C,,-56,,,
1791264812.1913,R,C,,-52,,,
1791264812.1916,R,B,,-36,,,
1791264812.1917,R,A,,-67,,,
1791264812.2376,R,B,,-37,,,
1791264812.2771,R,A,,-70,,,
1791264812.2787,R,C,,-56,,,
1791264812.3023,O,,,,0.00132,0.0003,0.0000
1791264812.3039,O,,,,0.00132,0.0003,0.0000
1791264812.3047,O,,,,0.00132,0.0003,0.0000
1791264812.3055,O,,,,0.00132,0.0003,0.0000
1791264812.3061,R,B,,-35,,,
1791264812.3257,R,A,,-74,,,
1791264812.3777,O,,,,0.00132,0.0003,0.0000
1791264812.3788,O,,,,0.00132,0.0003,0.0000
1791264812.3795,O,,,,0.00132,0.0003,0.0000
1791264812.3803,O,,,,0.00132,0.0003,0.0000
1791264812.3344,R,C,,-54,,,
1791264812.3365,R,B,,-36,,,
1791264812.3773,R,A,,-67,,,
1791264812.3849,R,C,,-55,,,
1791264812.3863,R,B,,-36,,,
1791264812.4149,R,A,,-72,,,
1791264812.4151,R,C,,-56,,,
1791264812.4572,O,,,,0.00132,0.0003,0.0000
1791264812.4582,O,,,,0.00132,0.0003,0.0000
1791264812.4589,O,,,,0.00132,0.0003,0.0000
1791264812.4597,O,,,,0.00132,0.0003,0.0000
1791264812.4552,R,B,,-33,,,
1791264812.4572,R,B,,-33,,,
1791264812.4772,R,A,,-85,,,
1791264812.4828,R,C,,-56,,,
1791264812.5063,R,B,,-34,,,
1791264812.5117,R,C,,-54,,,
1791264812.5275,R,A,,-70,,,
1791264812.5366,O,,,,0.00132,0.0003,0.0000
1791264812.5375,O,,,,0.00132,0.0003,0.0000
1791264812.5383,O,,,,0.00132,0.0003,0.0000
1791264812.5391,O,,,,0.00132,0.0003,0.0000
1791264812.5420,R,B,,-36,,,
1791264812.5441,R,C,,-58,,,
1791264812.5449,R,A,,-83,,,
1791264812.6115,O,,,,0.00132,0.0003,0.0000
1791264812.6124,O,,,,0.00132,0.0003,0.0000
1791264812.6132,O,,,,0.00132,0.0003,0.0000
1791264812.6139,O,,,,0.00132,0.0003,0.0000
1791264812.5941,R,A,,-69,,,
1791264812.6061,R,B,,-32,,,
1791264812.6827,O,,,,0.00132,0.0003,0.0000
1791264812.6533,R,B,,-32,,,
1791264812.6536,R,A,,-65,,,
1791264812.6840,O,,,,0.00132,0.0003,0.0000
1791264812.6848,O,,,,0.00132,0.0003,0.0000
1791264812.6826,R,B,,-34,,,
1791264812.6829,R,C,,-57,,,
1791264812.7260,R,A,,-71,,,
1791264812.7285,R,A,,-71,,,
1791264812.7625,O,,,,0.00132,0.0003,0.0000
1791264812.7635,O,,,,0.00132,0.0003,0.0000
1791264812.7643,O,,,,0.00132,0.0003,0.0000
1791264812.7650,O,,,,0.00132,0.0003,0.0000
1791264812.7344,R,C,,-58,,,
1791264812.7561,R,B,,-31,,,
1791264812.7690,R,C,,-56,,,
1791264812.7774,R,A,,-83,,,
1791264812.7885,R,B,,-33,,,
1791264812.8103,R,C,,-56,,,
1791264812.8262,R,A,,-69,,,
1791264812.8366,O,,,,0.00132,0.0003,0.0000
1791264812.8374,O,,,,0.00132,0.0003,0.0000
1791264812.8384,O,,,,0.00132,0.0003,0.0000
1791264812.8392,O,,,,0.00132,0.0003,0.0000
1791264812.8594,R,A,,-73,,,
1791264812.9176,O,,,,0.00132,0.0003,0.0000
1791264812.9186,O,,,,0.00132,0.0003,0.0000
1791264812.9194,O,,,,0.00132,0.0003,0.0000
1791264812.9202,O,,,,0.00132,0.0003,0.0000
1791264812.9061,R,B,,-35,,,
1791264812.9271,R,A,,-68,,,
1791264812.9347,R,C,,-51,,,
1791264812.9563,R,B,,-37,,,
1791264812.9653,R,C,,-51,,,
1791264812.9655,R,A,,-67,,,
1791264812.9969,O,,,,0.00132,0.0003,0.0000
1791264812.9978,O,,,,0.00132,0.0003,0.0000
1791264812.9986,O,,,,0.00132,0.0003,0.0000
1791264812.9994,O,,,,0.00132,0.0003,0.0000
1791264813.0063,R,B,,-39,,,
1791264813.0133,R,C,,-53,,,
1791264813.0272,R,A,,-68,,,
1791264813.0731,O,,,,0.00132,0.0003,0.0000
1791264813.0744,O,,,,0.00132,0.0003,0.0000
1791264813.0756,O,,,,0.00132,0.0003,0.0000
1791264813.0767,O,,,,0.00132,0.0003,0.0000
1791264813.0565,R,B,,-37,,,
1791264813.0580,R,C,,-50,,,
1791264813.0774,R,A,,-68,,,
1791264813.1075,R,B,,-38,,,
1791264813.1222,R,C,,-52,,,
1791264813.1278,R,A,,-67,,,
1791264813.1527,O,,,,0.00132,0.0003,0.0000
1791264813.1542,O,,,,0.00132,0.0003,0.0000
1791264813.1554,O,,,,0.00132,0.0003,0.0000
1791264813.1566,O,,,,0.00132,0.0003,0.0000
1791264813.1404,R,B,,-37,,,
1791264813.1455,R,C,,-52,,,
1791264813.1459,R,A,,-70,,,
1791264813.2223,O,,,,0.00132,0.0003,0.0000
1791264813.2233,O,,,,0.00132,0.0003,0.0000
1791264813.2240,O,,,,0.00132,0.0003,0.0000
1791264813.1917,R,C,,-51,,,
1791264813.2060,R,B,,-36,,,
1791264813.2216,R,A,,-67,,,
1791264813.2564,R,B,,-38,,,
1791264813.2770,R,A,,-67,,,
1791264813.2969,O,,,,0.00132,0.0003,0.0000
1791264813.2978,O,,,,0.00132,0.0003,0.0000
1791264813.2987,O,,,,0.00132,0.0003,0.0000
1791264813.2995,O,,,,0.00132,0.0003,0.0000
1791264813.2823,R,B,,-38,,,
1791264813.2825,R,A,,-71,,,
1791264813.2839,R,C,,-50,,,
1791264813.3279,R,A,,-73,,,
1791264813.3305,R,C,,-54,,,
1791264813.3776,O,,,,0.00132,0.0003,0.0000
1791264813.3786,O,,,,0.00132,0.0003,0.0000
1791264813.3793,O,,,,0.00132,0.0003,0.0000
1791264813.3801,O,,,,0.00132,0.0003,0.0000
1791264813.3561,R,B,,-39,,,
1791264813.3700,R,C,,-53,,,
1791264813.3884,R,B,,-44,,,
1791264813.4272,R,A,,-71,,,
1791264813.4571,O,,,,0.00132,0.0003,0.0000
1791264813.4581,O,,,,0.00132,0.0003,0.0000
1791264813.4591,O,,,,0.00132,0.0003,0.0000
1791264813.4599,O,,,,0.00132,0.0003,0.0000
1791264813.4343,R,C,,-53,,,
1791264813.4496,R,B,,-40,,,
1791264813.4598,R,A,,-77,,,
1791264813.5326,O,,,,0.00132,0.0003,0.0000
1791264813.4852,R,C,,-55,,,
1791264813.5062,R,B,,-40,,,
1791264813.5340,O,,,,0.00132,0.0003,0.0000
1791264813.5348,O,,,,0.00132,0.0003,0.0000
1791264813.5356,O,,,,0.00132,0.0003,0.0000
1791264813.5336,R,C,,-57,,,
1791264813.5538,R,B,,-36,,,
1791264813.5552,R,A,,-69,,,
1791264813.5559,R,B,,-33,,,
1791264813.5682,R,C,,-57,,,
1791264813.6128,O,,,,0.00132,0.0003,0.0000
1791264813.6140,O,,,,0.00132,0.0003,0.0000
1791264813.6148,O,,,,0.00132,0.0003,0.0000
1791264813.6155,O,,,,0.00132,0.0003,0.0000
1791264813.5998,R,C,,-57,,,
1791264813.5999,R,B,,-35,,,
1791264813.6002,R,A,,-69,,,
1791264813.6826,O,,,,0.00132,0.0003,0.0000
1791264813.6562,R,B,,-31,,,
1791264813.6771,R,A,,-70,,,
1791264813.6838,O,,,,0.00132,0.0003,0.0000
1791264813.6845,O,,,,0.00132,0.0003,0.0000
1791264813.6844,R,C,,-54,,,
1791264813.7041,R,B,,-30,,,
1791264813.7569,O,,,,0.00132,0.0003,0.0000
1791264813.7578,O,,,,0.00132,0.0003,0.0000
1791264813.7586,O,,,,0.00132,0.0003,0.0000
1791264813.7593,O,,,,0.00132,0.0003,0.0000
1791264813.7561,R,B,,-40,,,
1791264813.7606,R,A,,-74,,,
1791264813.7772,R,A,,-70,,,
1791264813.7776,R,C,,-58,,,
1791264813.8064,R,B,,-36,,,
1791264813.8236,R,B,,-37,,,
1791264813.8240,R,A,,-75,,,
1791264813.8377,O,,,,0.00132,0.0003,0.0000
1791264813.8388,O,,,,0.00132,0.0003,0.0000
1791264813.8396,O,,,,0.00132,0.0003,0.0000
1791264813.8403,O,,,,0.00132,0.0003,0.0000
1791264813.8342,R,C,,-50,,,
1791264813.8693,R,B,,-42,,,
1791264813.8705,R,C,,-48,,,
1791264813.8707,R,A,,-70,,,
1791264813.9130,O,,,,0.00132,0.0003,0.0000
1791264813.9140,O,,,,0.00132,0.0003,0.0000
1791264813.9161,O,,,,0.00132,0.0003,0.0000
1791264813.9171,O,,,,0.00132,0.0003,0.0000
1791264813.9154,R,A,,-71,,,
1791264813.9208,R,C,,-59,,,
1791264813.9210,R,B,,-40,,,
1791264813.9772,R,A,,-68,,,
1791264813.9924,O,,,,0.00132,0.0003,0.0000
1791264813.9934,O,,,,0.00132,0.0003,0.0000
1791264813.9941,O,,,,0.00132,0.0003,0.0000
1791264813.9949,O,,,,0.00132,0.0003,0.0000
1791264813.9854,R,C,,-63,,,
1791264814.0063,R,B,,-40,,,
1791264814.0212,R,B,,-49,,,
1791264814.0226,R,C,,-60,,,
1791264814.0235,R,A,,-63,,,
1791264814.0729,O,,,,0.00132,0.0003,0.0000
1791264814.0738,O,,,,0.00132,0.0003,0.0000
1791264814.0746,O,,,,0.00132,0.0003,0.0000
1791264814.0753,O,,,,0.00132,0.0003,0.0000
1791264814.0528,R,C,,-67,,,
1791264814.0556,R,B,,-51,,,
1791264814.0778,R,A,,-65,,,
1791264814.1076,R,B,,-49,,,
1791264814.1259,R,C,,-77,,,
1791264814.1263,R,A,,-65,,,
1791264814.1377,O,,,,0.00132,0.0003,0.0000
1791264814.1388,O,,,,0.00132,0.0003,0.0000
1791264814.1396,O,,,,0.00132,0.0003,0.0000
1791264814.1405,O,,,,0.00132,0.0003,0.0000
1791264814.1401,R,B,,-44,,,
1791264814.1612,R,C,,-61,,,
1791264814.1767,R,A,,-61,,,
1791264814.2171,O,,,,0.00132,0.0003,0.0000
1791264814.2179,O,,,,0.00132,0.0003,0.0000
1791264814.2187,O,,,,0.00132,0.0003,0.0000
1791264814.1850,R,C,,-68,,,
1791264814.2061,R,B,,-50,,,
1791264814.2291,R,C,,-64,,,
1791264814.2299,R,B,,-49,,,
1791264814.2791,R,C,,-61,,,
1791264814.2975,O,,,,0.00132,0.0003,0.0000
1791264814.2986,O,,,,0.00132,0.0003,0.0000
1791264814.2994,O,,,,0.00132,0.0003,0.0000
1791264814.3002,O,,,,0.00132,0.0003,0.0000
1791264814.2967,R,B,,-64,,,
1791264814.3239,R,B,,-51,,,
1791264814.3271,R,A,,-64,,,
1791264814.3287,R,C,,-57,,,
1791264814.3725,O,,,,0.00132,0.0003,0.0000
1791264814.3735,O,,,,0.00132,0.0003,0.0000
1791264814.3743,O,,,,0.00132,0.0003,0.0000
1791264814.3750,O,,,,0.00132,0.0003,0.0000
1791264814.3675,R,A,,-72,,,
1791264814.3806,R,C,,-61,,,
1791264814.4061,R,B,,-47,,,
1791264814.4146,R,A,,-71,,,
1791264814.4148,R,C,,-61,,,
1791264814.4221,R,B,,-40,,,
1791264814.4515,O,,,,0.00132,0.0003,0.0000
1791264814.4524,O,,,,0.00132,0.0003,0.0000
1791264814.4532,O,,,,0.00132,0.0003,0.0000
1791264814.4539,O,,,,0.00132,0.0003,0.0000
1791264814.4561,R,B,,-42,,,
1791264814.4771,R,A,,-66,,,
1791264814.5307,O,,,,0.00132,0.0003,0.0000
1791264814.5328,O,,,,0.00132,0.0003,0.0000
1791264814.4843,R,C,,-58,,,
1791264814.5014,R,B,,-44,,,
1791264814.5020,R,C,,-58,,,
1791264814.5276,R,A,,-71,,,
1791264814.5341,O,,,,0.00132,0.0003,0.0000
1791264814.5349,O,,,,0.00132,0.0003,0.0000
1791264814.5503,R,C,,-55,,,
1791264814.5505,R,B,,-39,,,
1791264814.5645,R,A,,-70,,,
1791264814.6069,O,,,,0.00132,0.0003,0.0000
1791264814.6079,O,,,,0.00132,0.0003,0.0000
1791264814.6088,O,,,,0.00132,0.0003,0.0000
1791264814.6096,O,,,,0.00132,0.0003,0.0000
1791264814.5936,R,C,,-53,,,
1791264814.5942,R,B,,-39,,,
1791264814.6283,R,A,,-69,,,
1791264814.6775,O,,,,0.00132,0.0003,0.0000
1791264814.6785,O,,,,0.00132,0.0003,0.0000
1791264814.6793,O,,,,0.00132,0.0003,0.0000
1791264814.6348,R,A,,-71,,,
1791264814.6562,R,B,,-39,,,
1791264814.6789,R,C,,-52,,,
1791264814.7065,R,B,,-38,,,
1791264814.7287,R,C,,-50,,,
1791264814.7577,O,,,,0.00132,0.0003,0.0000
1791264814.7588,O,,,,0.00132,0.0003,0.0000
1791264814.7598,O,,,,0.00132,0.0003,0.0000
1791264814.7606,O,,,,0.00132,0.0003,0.0000
1791264814.7322,R,B,,-37,,,
1791264814.7684,R,B,,-38,,,
1791264814.7707,R,A,,-81,,,
1791264814.8322,O,,,,0.00132,0.0003,0.0000
1791264814.8348,O,,,,0.00132,0.0003,0.0000
1791264814.7849,R,C,,-48,,,
1791264814.8166,R,C,,-54,,,
1791264814.8168,R,A,,-74,,,
1791264814.8360,O,,,,0.00132,0.0003,0.0000
1791264814.8368,O,,,,0.00132,0.0003,0.0000
1791264814.8336,R,B,,-38,,,
1791264814.8619,R,A,,-88,,,
1791264814.8635,R,C,,-53,,,
1791264814.8804,R,B,,-37,,,
1791264814.9131,O,,,,0.00132,0.0003,0.0000
1791264814.9140,O,,,,0.00132,0.0003,0.0000
1791264814.9148,O,,,,0.00132,0.0003,0.0000
1791264814.9156,O,,,,0.00132,0.0003,0.0000
1791264814.9118,R,C,,-55,,,
1791264814.9124,R,A,,-70,,,
1791264814.9429,R,B,,-41,,,
1791264814.9595,R,A,,-68,,,
1791264814.9639,R,C,,-61,,,
1791264814.9875,O,,,,0.00132,0.0003,0.0000
1791264814.9886,O,,,,0.00132,0.0003,0.0000
1791264814.9895,O,,,,0.00132,0.0003,0.0000
1791264814.9903,O,,,,0.00132,0.0003,0.0000
1791264815.0028,R,C,,-59,,,
1791264815.0062,R,B,,-35,,,
1791264815.0271,R,A,,-70,,,
1791264815.0672,O,,,,0.00132,0.0003,0.0000
1791264815.0683,O,,,,0.00132,0.0003,0.0000
1791264815.0692,O,,,,0.00132,0.0003,0.0000
1791264815.0700,O,,,,0.00132,0.0003,0.0000
1791264815.0510,R,B,,-37,,,
1791264815.0511,R,C,,-57,,,
1791264815.0514,R,A,,-72,,,
1791264815.1056,R,B,,-39,,,
1791264815.1258,R,A,,-76,,,
1791264815.1261,R,C,,-57,,,
1791264815.1367,O,,,,0.00132,0.0003,0.0000
1791264815.1376,O,,,,0.00132,0.0003,0.0000
1791264815.1385,O,,,,0.00132,0.0003,0.0000
1791264815.1384,R,C,,-57,,,
1791264815.1564,R,B,,-38,,,
1791264815.1590,R,A,,-87,,,
1791264815.1785,R,C,,-56,,,
1791264815.2172,O,,,,0.00132,0.0003,0.0000
1791264815.2182,O,,,,0.00132,0.0003,0.0000
1791264815.2189,O,,,,0.00132,0.0003,0.0000
1791264815.2197,O,,,,0.00132,0.0003,0.0000
1791264815.1975,R,B,,-40,,,
1791264815.2242,R,C,,-51,,,
1791264815.2566,R,B,,-38,,,
1791264815.2648,R,A,,-71,,,
1791264815.2674,R,C,,-55,,,
1791264815.2680,R,B,,-34,,,
1791264815.2915,O,,,,0.00132,0.0003,0.0000
1791264815.2923,O,,,,0.00132,0.0003,0.0000
1791264815.2931,O,,,,0.00132,0.0003,0.0000
1791264815.2938,O,,,,0.00132,0.0003,0.0000
1791264815.3282,R,A,,-68,,,
1791264815.3725,O,,,,0.00132,0.0003,0.0000
1791264815.3735,O,,,,0.00132,0.0003,0.0000
1791264815.3743,O,,,,0.00132,0.0003,0.0000
1791264815.3750,O,,,,0.00132,0.0003,0.0000
1791264815.3343,R,C,,-54,,,
1791264815.3562,R,B,,-36,,,
1791264815.3659,R,C,,-55,,,
1791264815.3661,R,A,,-68,,,
1791264815.4065,R,B,,-37,,,
1791264815.4275,R,A,,-70,,,
1791264815.4475,O,,,,0.00132,0.0003,0.0000
1791264815.4486,O,,,,0.00132,0.0003,0.0000
1791264815.4494,O,,,,0.00132,0.0003,0.0000
1791264815.4501,O,,,,0.00132,0.0003,0.0000
1791264815.4323,R,C,,-56,,,
1791264815.4516,R,B,,-35,,,
1791264815.4521,R,A,,-70,,,
1791264815.4689,R,C,,-55,,,
1791264815.5276,O,,,,0.00132,0.0003,0.0000
1791264815.5286,O,,,,0.00132,0.0003,0.0000
1791264815.5294,O,,,,0.00132,0.0003,0.0000
1791264815.5302,O,,,,0.00132,0.0003,0.0000
1791264815.4939,R,B,,-37,,,
1791264815.5137,R,C,,-54,,,
1791264815.5140,R,A,,-75,,,
1791264815.5358,R,A,,-75,,,
1791264815.5359,R,B,,-41,,,
1791264815.6077,O,,,,0.00132,0.0003,0.0000
1791264815.6087,O,,,,0.00132,0.0003,0.0000
1791264815.6096,O,,,,0.00132,0.0003,0.0000
1791264815.6104,O,,,,0.00132,0.0003,0.0000
1791264815.5852,R,C,,-55,,,
1791264815.6062,R,B,,-39,,,
1791264815.6271,R,A,,-73,,,
1791264815.6773,O,,,,0.00132,0.0003,0.0000
1791264815.6784,O,,,,0.00132,0.0003,0.0000
1791264815.6792,O,,,,0.00132,0.0003,0.0000
1791264815.6564,R,B,,-40,,,
1791264815.6690,R,C,,-55,,,
1791264815.6698,R,A,,-71,,,
1791264815.6754,R,B,,-42,,,
1791264815.7272,R,A,,-67,,,
1791264815.7524,O,,,,0.00132,0.0003,0.0000
1791264815.7535,O,,,,0.00132,0.0003,0.0000
1791264815.7545,O,,,,0.00132,0.0003,0.0000
1791264815.7554,O,,,,0.00132,0.0003,0.0000
1791264815.7346,R,C,,-56,,,
1791264815.7561,R,B,,-43,,,
1791264815.7591,R,C,,-55,,,
1791264815.7594,R,A,,-69,,,
1791264815.8322,O,,,,0.00132,0.0003,0.0000
1791264815.8333,O,,,,0.00132,0.0003,0.0000
1791264815.7987,R,A,,-69,,,
1791264815.7988,R,B,,-42,,,
1791264815.8147,R,C,,-54,,,
1791264815.8345,O,,,,0.00132,0.0003,0.0000
1791264815.8353,O,,,,0.00132,0.0003,0.0000
1791264815.8396,R,B,,-49,,,
1791264815.8649,R,C,,-55,,,
1791264815.8772,R,A,,-68,,,
1791264815.9076,O,,,,0.00132,0.0003,0.0000
1791264815.9086,O,,,,0.00132,0.0003,0.0000
1791264815.9095,O,,,,0.00132,0.0003,0.0000
1791264815.9102,O,,,,0.00132,0.0003,0.0000
1791264815.8846,R,C,,-55,,,
1791264815.8911,R,B,,-45,,,
1791264815.8921,R,A,,-69,,,
1791264815.9352,R,C,,-54,,,
1791264815.9562,R,B,,-45,,,
1791264815.9773,R,A,,-69,,,
1791264815.9775,R,C,,-54,,,
1791264815.9877,O,,,,0.00132,0.0003,0.0000
1791264815.9889,O,,,,0.00132,0.0003,0.0000
1791264815.9897,O,,,,0.00132,0.0003,0.0000
1791264815.9904,O,,,,0.00132,0.0003,0.0000
1791264815.9995,R,B,,-49,,,
1791264816.0167,R,C,,-54,,,
1791264816.0277,R,A,,-70,,,
1791264816.0669,O,,,,0.00132,0.0003,0.0000
1791264816.0679,O,,,,0.00132,0.0003,0.0000
1791264816.0687,O,,,,0.00132,0.0003,0.0000
1791264816.0695,O,,,,0.00132,0.0003,0.0000
1791264816.0564,R,B,,-48,,,
1791264816.0779,R,A,,-70,,,
1791264816.0791,R,B,,-48,,,
1791264816.1325,O,,,,0.00132,0.0003,0.0000
1791264816.1336,O,,,,0.00132,0.0003,0.0000
1791264816.0847,R,C,,-78,,,
1791264816.1040,R,B,,-58,,,
1791264816.1042,R,C,,-56,,,
1791264816.1045,R,A,,-70,,,
1791264816.1349,O,,,,0.00132,0.0003,0.0000
1791264816.1467,R,C,,-55,,,
1791264816.1491,R,A,,-71,,,
1791264816.1560,R,B,,-61,,,
1791264816.2119,O,,,,0.00132,0.0003,0.0000
1791264816.2129,O,,,,0.00132,0.0003,0.0000
1791264816.2138,O,,,,0.00132,0.0003,0.0000
1791264816.2147,O,,,,0.00132,0.0003,0.0000
1791264816.1979,R,C,,-56,,,
1791264816.1981,R,B,,-45,,,
1791264816.1986,R,A,,-73,,,
1791264816.2422,R,A,,-77,,,
1791264816.2563,R,B,,-43,,,
1791264816.2928,O,,,,0.00132,0.0003,0.0000
1791264816.2938,O,,,,0.00132,0.0003,0.0000
1791264816.2946,O,,,,0.00132,0.0003,0.0000
1791264816.2954,O,,,,0.00132,0.0003,0.0000
1791264816.2848,R,C,,-56,,,
1791264816.2964,R,B,,-37,,,
1791264816.3037,R,C,,-55,,,
1791264816.3040,R,A,,-75,,,
1791264816.3669,O,,,,0.00132,0.0003,0.0000
1791264816.3678,O,,,,0.00132,0.0003,0.0000
1791264816.3687,O,,,,0.00132,0.0003,0.0000
1791264816.3695,O,,,,0.00132,0.0003,0.0000
1791264816.3347,R,C,,-54,,,
1791264816.3562,R,B,,-35,,,
1791264816.3595,R,A,,-68,,,
1791264816.3824,R,C,,-51,,,
1791264816.3931,R,A,,-66,,,
1791264816.4069,R,B,,-38,,,
1791264816.4251,R,C,,-50,,,
1791264816.4273,R,A,,-64,,,
1791264816.4467,O,,,,0.00132,0.0003,0.0000
1791264816.4477,O,,,,0.00132,0.0003,0.0000
1791264816.4486,O,,,,0.00132,0.0003,0.0000
1791264816.4494,O,,,,0.00132,0.0003,0.0000
1791264816.4564,R,B,,-37,,,
1791264816.4647,R,C,,-58,,,
1791264816.4650,R,A,,-77,,,
1791264816.4655,R,B,,-37,,,
1791264816.5267,O,,,,0.00132,0.0003,0.0000
1791264816.5276,O,,,,0.00132,0.0003,0.0000
1791264816.5286,O,,,,0.00132,0.0003,0.0000
1791264816.5301,O,,,,0.00000,0.0005,0.0000
1791264816.5114,R,A,,-70,,,
1791264816.5116,R,C,,-60,,,
1791264816.5175,R,B,,-35,,,
1791264816.5774,R,A,,-86,,,
1791264816.6060,O,,,,0.00000,0.0005,0.0000
1791264816.6069,O,,,,-0.00132,0.0008,0.0000
1791264816.6078,O,,,,-0.00132,0.0013,-0.0000
1791264816.6086,O,,,,-0.00397,0.0019,-0.0000
1791264816.5825,R,C,,-55,,,
1791264816.6003,R,C,,-67,,,
1791264816.6004,R,B,,-44,,,
1791264816.6122,R,A,,-84,,,
1791264816.6743,O,,,,-0.00397,0.0024,-0.0000
1791264816.6751,O,,,,-0.00662,0.0034,-0.0000
1791264816.6759,O,,,,-0.00794,0.0042,-0.0000
1791264816.6473,R,B,,-47,,,
1791264816.7054,R,C,,-77,,,
1791264816.7062,R,B,,-49,,,
1791264816.7264,R,A,,-83,,,
1791264816.7526,O,,,,-0.00927,0.0050,-0.0000
1791264816.7536,O,,,,-0.00927,0.0061,-0.0000
1791264816.7544,O,,,,-0.00794,0.0074,-0.0000
1791264816.7553,O,,,,-0.00794,0.0090,-0.0001
1791264816.7403,R,B,,-49,,,
1791264816.7407,R,A,,-70,,,
1791264816.8276,O,,,,-0.00662,0.0103,-0.0001
1791264816.8287,O,,,,-0.00529,0.0122,-0.0001
1791264816.8295,O,,,,-0.00132,0.0140,-0.0001
1791264816.8303,O,,,,0.00132,0.0161,-0.0001
1791264816.7823,R,C,,-68,,,
1791264816.7863,R,B,,-57,,,
1791264816.7865,R,A,,-72,,,
1791264816.8369,R,B,,-62,,,
1791264816.8371,R,A,,-83,,,
1791264816.9070,O,,,,0.00529,0.0180,-0.0001
1791264816.9078,O,,,,0.01059,0.0206,-0.0001
1791264816.9086,O,,,,0.01588,0.0233,-0.0000
1791264816.9094,O,,,,0.02250,0.0257,0.0000
1791264816.8829,R,B,,-65,,,
1791264816.8847,R,C,,-76,,,
1791264816.8983,R,A,,-82,,,
1791264816.9817,O,,,,0.02780,0.0283,0.0001
1791264816.9827,O,,,,0.03574,0.0315,0.0002
1791264816.9349,R,C,,-73,,,
1791264816.9379,R,B,,-63,,,
1791264816.9837,O,,,,0.04368,0.0347,0.0003
1791264816.9845,O,,,,0.05162,0.0378,0.0005
1791264816.9848,R,C,,-73,,,
1791264817.0061,R,B,,-60,,,
1791264817.0273,R,A,,-82,,,
1791264817.0276,R,B,,-63,,,
1791264817.0698,O,,,,0.06089,0.0413,0.0007
1791264817.0709,O,,,,0.07015,0.0447,0.0009
1791264817.0718,O,,,,0.08074,0.0484,0.0012
1791264817.0725,O,,,,0.09133,0.0521,0.0015
1791264817.0349,R,C,,-72,,,
1791264817.0694,R,A,,-79,,,
1791264817.0761,R,C,,-73,,,
1791264817.1004,R,B,,-68,,,
1791264817.1135,R,C,,-74,,,
1791264817.1137,R,A,,-80,,,
1791264817.1285,R,B,,-70,,,
1791264817.1379,O,,,,0.10192,0.0563,0.0019
1791264817.1396,O,,,,0.11383,0.0603,0.0023
1791264817.1404,O,,,,0.12442,0.0645,0.0028
1791264817.1732,R,B,,-68,,,
1791264817.1756,R,C,,-70,,,
1791264817.2117,O,,,,0.13634,0.0684,0.0033
1791264817.2126,O,,,,0.14693,0.0726,0.0039
1791264817.2134,O,,,,0.15884,0.0771,0.0046
1791264817.2142,O,,,,0.17075,0.0810,0.0053
1791264817.2073,R,C,,-73,,,
1791264817.2273,R,A,,-83,,,
1791264817.2871,O,,,,0.18266,0.0854,0.0061
1791264817.2882,O,,,,0.19458,0.0893,0.0068
1791264817.2890,O,,,,0.20517,0.0935,0.0077
1791264817.2898,O,,,,0.21708,0.0979,0.0086
1791264817.3024,R,B,,-60,,,
1791264817.3277,R,A,,-64,,,
1791264817.3676,O,,,,0.22635,0.1017,0.0095
1791264817.3686,O,,,,0.23826,0.1056,0.0104
1791264817.3694,O,,,,0.24885,0.1097,0.0114
1791264817.3702,O,,,,0.25944,0.1138,0.0125
1791264817.3344,R,C,,-54,,,
1791264817.3441,R,B,,-44,,,
1791264817.3581,R,C,,-67,,,
1791264817.3602,R,A,,-67,,,
1791264817.4062,R,B,,-64,,,
1791264817.4124,R,C,,-72,,,
1791264817.4129,R,A,,-78,,,
1791264817.4418,O,,,,0.27003,0.1179,0.0136
1791264817.4434,O,,,,0.27929,0.1217,0.0147
1791264817.4446,O,,,,0.28856,0.1260,0.0159
1791264817.4455,O,,,,0.29782,0.1298,0.0171
1791264817.4379,R,B,,-65,,,
1791264817.4538,R,C,,-83,,,
1791264817.4804,R,B,,-68,,,
1791264817.5221,O,,,,0.30841,0.1339,0.0183
1791264817.5247,O,,,,0.31635,0.1379,0.0196
1791264817.5259,O,,,,0.32694,0.1419,0.0210
1791264817.5268,O,,,,0.33489,0.1459,0.0223
1791264817.4826,R,C,,-74,,,
1791264817.5285,R,C,,-61,,,
1791264817.5426,R,B,,-64,,,
1791264817.6033,O,,,,0.34415,0.1497,0.0237
1791264817.6043,O,,,,0.35209,0.1537,0.0251
1791264817.6051,O,,,,0.36003,0.1576,0.0266
1791264817.6059,O,,,,0.36798,0.1616,0.0281
1791264817.6061,R,B,,-61,,,
1791264817.6181,R,C,,-74,,,
1791264817.6273,R,A,,-71,,,
1791264817.6277,R,B,,-76,,,
1791264817.6703,O,,,,0.37460,0.1658,0.0297
1791264817.6712,O,,,,0.38121,0.1695,0.0312
1791264817.6720,O,,,,0.38651,0.1734,0.0328
1791264817.6582,R,A,,-71,,,
1791264817.6583,R,C,,-72,,,
1791264817.7057,R,A,,-74,,,
1791264817.7059,R,C,,-74,,,
1791264817.7061,R,B,,-67,,,
1791264817.7471,O,,,,0.39313,0.1771,0.0343
1791264817.7494,O,,,,0.39842,0.1810,0.0359
1791264817.7502,O,,,,0.40504,0.1846,0.0375
1791264817.7509,O,,,,0.41166,0.1888,0.0393
1791264817.7564,R,B,,-69,,,
1791264817.7771,R,A,,-71,,,
1791264817.8279,O,,,,0.41695,0.1926,0.0410
1791264817.8295,O,,,,0.42357,0.1963,0.0426
1791264817.8308,O,,,,0.42754,0.2004,0.0444
1791264817.8319,O,,,,0.43416,0.2040,0.0461
1791264817.7844,R,C,,-74,,,
1791264817.7911,R,B,,-65,,,
1791264817.7913,R,C,,-76,,,
1791264817.7921,R,A,,-68,,,
1791264817.8329,R,C,,-64,,,
1791264817.8341,R,B,,-50,,,
1791264817.8780,R,A,,-73,,,
1791264817.9022,O,,,,0.43945,0.2078,0.0479
1791264817.9036,O,,,,0.44210,0.2116,0.0497
1791264817.9046,O,,,,0.44740,0.2155,0.0515
1791264817.9054,O,,,,0.45269,0.2193,0.0534
1791264817.8839,R,B,,-52,,,
1791264817.9262,R,C,,-76,,,
1791264817.9276,R,A,,-67,,,
1791264817.9817,O,,,,0.45534,0.2231,0.0552
1791264817.9827,O,,,,0.46063,0.2269,0.0571
1791264817.9562,R,B,,-50,,,
1791264817.9678,R,C,,-68,,,
1791264817.9691,R,A,,-69,,,
1791264817.9837,O,,,,0.46593,0.2307,0.0590
1791264817.9846,O,,,,0.46990,0.2342,0.0608
1791264818.0012,R,B,,-54,,,
1791264818.0106,R,C,,-72,,,
1791264818.0108,R,A,,-64,,,
1791264818.0687,O,,,,0.47387,0.2382,0.0628
1791264818.0697,O,,,,0.47784,0.2418,0.0646
1791264818.0705,O,,,,0.48049,0.2455,0.0666
1791264818.0712,O,,,,0.48446,0.2490,0.0684
1791264818.0407,R,B,,-53,,,
1791264818.0562,R,B,,-58,,,
1791264818.0564,R,C,,-75,,,
1791264818.0571,R,A,,-70,,,
1791264818.1268,O,,,,0.48711,0.2528,0.0704
1791264818.1277,O,,,,0.48975,0.2565,0.0724
1791264818.1285,O,,,,0.49372,0.2605,0.0745
1791264818.0983,R,B,,-67,,,
1791264818.1074,R,C,,-78,,,
1791264818.1077,R,A,,-73,,,
1791264818.1473,R,B,,-67,,,
1791264818.1476,R,A,,-72,,,
1791264818.1691,R,C,,-75,,,
1791264818.2078,O,,,,0.49505,0.2640,0.0764
1791264818.2089,O,,,,0.49902,0.2675,0.0783
1791264818.2098,O,,,,0.50167,0.2712,0.0803
1791264818.2107,O,,,,0.50431,0.2749,0.0824
1791264818.1936,R,B,,-70,,,
1791264818.2027,R,C,,-69,,,
1791264818.2028,R,A,,-80,,,
1791264818.2355,R,B,,-91,,,
1791264818.2773,R,A,,-72,,,
1791264818.2872,O,,,,0.50696,0.2786,0.0844
1791264818.2883,O,,,,0.50961,0.2823,0.0865
1791264818.2892,O,,,,0.51093,0.2858,0.0884
1791264818.2900,O,,,,0.51358,0.2895,0.0905
1791264818.2844,R,C,,-74,,,
1791264818.3623,O,,,,0.51623,0.2932,0.0926
1791264818.3633,O,,,,0.51887,0.2968,0.0947
1791264818.3641,O,,,,0.52152,0.3000,0.0965
1791264818.3648,O,,,,0.52417,0.3028,0.0981
1791264818.3351,R,C,,-83,,,
1791264818.3420,R,B,,-60,,,
1791264818.3567,R,A,,-63,,,
1791264818.3823,R,C,,-69,,,
1791264818.3974,R,B,,-62,,,
1791264818.4293,R,C,,-69,,,
1791264818.4416,O,,,,0.52549,0.3062,0.1001
1791264818.4426,O,,,,0.52814,0.3090,0.1017
1791264818.4434,O,,,,0.52946,0.3115,0.1032
1791264818.4441,O,,,,0.53079,0.3140,0.1047
1791264818.4346,R,B,,-57,,,
1791264818.4772,R,A,,-67,,,
1791264818.5167,O,,,,0.53343,0.3163,0.1060
1791264818.5177,O,,,,0.53476,0.3183,0.1072
1791264818.5185,O,,,,0.53608,0.3204,0.1084
1791264818.5193,O,,,,0.53741,0.3220,0.1094
1791264818.4853,R,C,,-63,,,
1791264818.5063,R,B,,-55,,,
1791264818.5201,R,B,,-59,,,
1791264818.5571,R,B,,-62,,,
1791264818.5777,R,A,,-65,,,
1791264818.5971,O,,,,0.53873,0.3236,0.1103
1791264818.5980,O,,,,0.54005,0.3247,0.1110
1791264818.5989,O,,,,0.54138,0.3258,0.1117
1791264818.5996,O,,,,0.54138,0.3268,0.1122
1791264818.5823,R,C,,-71,,,
1791264818.5998,R,B,,-61,,,
1791264818.6046,R,C,,-68,,,
1791264818.6047,R,A,,-63,,,
1791264818.6676,O,,,,0.54138,0.3277,0.1128
1791264818.6686,O,,,,0.54270,0.3283,0.1132
1791264818.6694,O,,,,0.54138,0.3290,0.1136
1791264818.6407,R,B,,-66,,,
1791264818.6411,R,A,,-66,,,
1791264818.6744,R,C,,-69,,,
1791264818.6861,R,B,,-68,,,
1791264818.7117,R,A,,-67,,,
1791264818.7285,R,B,,-74,,,
1791264818.7471,O,,,,0.54270,0.3292,0.1137
1791264818.7485,O,,,,0.54270,0.3297,0.1140
1791264818.7495,O,,,,0.54270,0.3297,0.1140
1791264818.7504,O,,,,0.54270,0.3297,0.1140
1791264818.7343,R,C,,-74,,,
1791264818.7773,R,A,,-64,,,
1791264818.8225,O,,,,0.54270,0.3297,0.1140
1791264818.8236,O,,,,0.54270,0.3297,0.1140
1791264818.8245,O,,,,0.54270,0.3297,0.1140
1791264818.8253,O,,,,0.54270,0.3297,0.1140
1791264818.7853,R,C,,-73,,,
1791264818.8063,R,B,,-62,,,
1791264818.8282,R,A,,-63,,,
1791264818.8355,R,C,,-69,,,
1791264818.8362,R,B,,-67,,,
1791264818.8619,R,C,,-71,,,
1791264818.8684,R,B,,-69,,,
1791264818.8783,R,A,,-63,,,
1791264818.9024,O,,,,0.54270,0.3297,0.1140
1791264818.9033,O,,,,0.54402,0.3295,0.1139
1791264818.9040,O,,,,0.55064,0.3297,0.1140
1791264818.9047,O,,,,0.55726,0.3299,0.1141
1791264818.9127,R,C,,-65,,,
1791264818.9206,R,A,,-73,,,
1791264818.9213,R,B,,-59,,,
1791264818.9776,O,,,,0.56917,0.3301,0.1143
1791264818.9792,O,,,,0.58241,0.3306,0.1146
1791264818.9800,O,,,,0.59565,0.3310,0.1149
1791264818.9807,O,,,,0.61021,0.3313,0.1150
1791264818.9608,R,C,,-81,,,
1791264818.9609,R,A,,-64,,,
1791264818.9993,R,B,,-62,,,
1791264819.0007,R,C,,-68,,,
1791264819.0275,R,A,,-72,,,
1791264819.0636,O,,,,0.62609,0.3317,0.1153
1791264819.0645,O,,,,0.64197,0.3317,0.1153
1791264819.0653,O,,,,0.65653,0.3319,0.1155
1791264819.0661,O,,,,0.67374,0.3321,0.1156
1791264819.0480,R,C,,-75,,,
1791264819.0485,R,A,,-66,,,
1791264819.0486,R,B,,-66,,,
1791264819.0937,R,B,,-86,,,
1791264819.0938,R,A,,-67,,,
1791264819.1346,O,,,,0.68963,0.3321,0.1156
1791264819.1355,O,,,,0.70419,0.3323,0.1158
1791264819.1362,O,,,,0.72139,0.3325,0.1160
1791264819.1333,R,C,,-65,,,
1791264819.1347,R,B,,-67,,,
1791264819.1356,R,C,,-66,,,
1791264819.1537,R,A,,-67,,,
1791264819.1774,R,A,,-64,,,
1791264819.2058,O,,,,0.73728,0.3325,0.1160
1791264819.2067,O,,,,0.75448,0.3323,0.1158
1791264819.2075,O,,,,0.77037,0.3323,0.1158
1791264819.2083,O,,,,0.78625,0.3323,0.1158
1791264819.1848,R,C,,-70,,,
1791264819.2055,R,B,,-71,,,
1791264819.2287,R,A,,-65,,,
1791264819.2385,R,B,,-61,,,
1791264819.2741,R,A,,-86,,,
1791264819.2745,R,B,,-64,,,
1791264819.2835,O,,,,0.80346,0.3325,0.1160
1791264819.2843,O,,,,0.82067,0.3323,0.1158
1791264819.2851,O,,,,0.83655,0.3323,0.1158
1791264819.2859,O,,,,0.85376,0.3325,0.1160
1791264819.2849,R,C,,-70,,,
1791264819.3184,R,C,,-70,,,
1791264819.3273,R,A,,-63,,,
1791264819.3616,O,,,,0.87097,0.3323,0.1158
1791264819.3633,O,,,,0.88685,0.3323,0.1158
1791264819.3643,O,,,,0.90273,0.3323,0.1158
1791264819.3652,O,,,,0.91994,0.3322,0.1156
1791264819.3539,R,B,,-57,,,
1791264819.3556,R,A,,-63,,,
1791264819.3561,R,B,,-58,,,
1791264819.3585,R,C,,-68,,,
1791264819.4062,R,B,,-57,,,
1791264819.4282,R,A,,-73,,,
1791264819.4366,O,,,,0.93715,0.3323,0.1158
1791264819.4374,O,,,,0.95303,0.3323,0.1158
1791264819.4383,O,,,,0.97156,0.3323,0.1158
1791264819.4391,O,,,,0.98745,0.3323,0.1158
1791264819.4332,R,C,,-66,,,
1791264819.4431,R,A,,-65,,,
1791264819.4458,R,C,,-77,,,
1791264819.4459,R,B,,-61,,,
1791264819.5178,O,,,,1.00466,0.3322,0.1156
1791264819.5189,O,,,,1.02054,0.3322,0.1156
1791264819.5197,O,,,,1.03642,0.3322,0.1156
1791264819.5204,O,,,,1.05496,0.3322,0.1156
1791264819.4852,R,C,,-77,,,
1791264819.5062,R,B,,-65,,,
1791264819.5253,R,A,,-66,,,
1791264819.5284,R,A,,-67,,,
1791264819.5286,R,B,,-60,,,
1791264819.5347,R,C,,-69,,,
1791264819.5773,R,A,,-66,,,
1791264819.5873,O,,,,1.07084,0.3322,0.1156
1791264819.5883,O,,,,1.08672,0.3322,0.1156
1791264819.5891,O,,,,1.10525,0.3322,0.1156
1791264819.5854,R,C,,-67,,,
1791264819.6226,R,B,,-51,,,
1791264819.6229,R,C,,-68,,,
1791264819.6242,R,A,,-69,,,
1791264819.6620,O,,,,1.12114,0.3322,0.1156
1791264819.6628,O,,,,1.13702,0.3322,0.1156
1791264819.6636,O,,,,1.15423,0.3321,0.1153
1791264819.6644,O,,,,1.17144,0.3322,0.1156
1791264819.6736,R,C,,-64,,,
1791264819.6737,R,A,,-67,,,
1791264819.6739,R,B,,-55,,,
1791264819.7033,R,C,,-62,,,
1791264819.7063,R,B,,-56,,,
1791264819.7182,R,A,,-63,,,
1791264819.7415,O,,,,1.18732,0.3322,0.1156
1791264819.7425,O,,,,1.20320,0.3322,0.1156
1791264819.7433,O,,,,1.22041,0.3321,0.1153
1791264819.7440,O,,,,1.23762,0.3322,0.1156
1791264819.7504,R,A,,-65,,,
1791264819.7565,R,B,,-59,,,
1791264819.7653,R,C,,-61,,,
1791264819.8227,O,,,,1.25350,0.3322,0.1156
1791264819.8237,O,,,,1.27071,0.3321,0.1153
1791264819.8245,O,,,,1.28792,0.3322,0.1156
1791264819.8252,O,,,,1.30380,0.3322,0.1156
1791264819.7918,R,B,,-56,,,
1791264819.7978,R,C,,-61,,,
1791264819.8563,R,B,,-57,,,
1791264819.8745,R,C,,-64,,,
1791264819.8747,R,A,,-69,,,
1791264819.8802,R,C,,-79,,,
1791264819.8806,R,B,,-59,,,
1791264819.8971,O,,,,1.32101,0.3321,0.1153
1791264819.8983,O,,,,1.33689,0.3321,0.1153
1791264819.8996,O,,,,1.35543,0.3321,0.1153
1791264819.9004,O,,,,1.37131,0.3321,0.1153
1791264819.9230,R,A,,-68,,,
1791264819.9774,O,,,,1.38852,0.3321,0.1156
1791264819.9784,O,,,,1.40440,0.3321,0.1156
1791264819.9792,O,,,,1.42028,0.3321,0.1156
1791264819.9799,O,,,,1.43749,0.3321,0.1153
1791264819.9344,R,C,,-72,,,
1791264819.9427,R,B,,-51,,,
1791264819.9853,R,C,,-63,,,
1791264819.9899,R,B,,-56,,,
1791264820.0177,R,A,,-65,,,
1791264820.0516,O,,,,1.45470,0.3321,0.1156
1791264820.0526,O,,,,1.47058,0.3321,0.1156
1791264820.0534,O,,,,1.48779,0.3321,0.1153
1791264820.0542,O,,,,1.50500,0.3321,0.1156
1791264820.0325,R,B,,-58,,,
1791264820.0339,R,C,,-62,,,
1791264820.0562,R,B,,-62,,,
1791264820.0566,R,A,,-67,,,
1791264820.0566,R,C,,-62,,,
1791264820.1224,O,,,,1.52088,0.3321,0.1156
1791264820.1236,O,,,,1.53941,0.3321,0.1156
1791264820.1244,O,,,,1.55530,0.3321,0.1156
1791264820.0967,R,C,,-65,,,
1791264820.0971,R,A,,-67,,,
1791264820.1067,R,B,,-59,,,
1791264820.1563,R,B,,-54,,,
1791264820.1775,R,A,,-65,,,
1791264820.2025,O,,,,1.57118,0.3321,0.1156
1791264820.2035,O,,,,1.58707,0.3321,0.1156
1791264820.2042,O,,,,1.60427,0.3321,0.1153
1791264820.2050,O,,,,1.62016,0.3321,0.1153
1791264820.1831,R,C,,-63,,,
1791264820.1922,R,C,,-69,,,
1791264820.1933,R,A,,-68,,,
1791264820.1989,R,B,,-64,,,
1791264820.2777,O,,,,1.63604,0.3321,0.1153
1791264820.2787,O,,,,1.65457,0.3321,0.1153
1791264820.2795,O,,,,1.67046,0.3321,0.1153
1791264820.2803,O,,,,1.68634,0.3321,0.1153
1791264820.2563,R,B,,-59,,,
1791264820.2772,R,A,,-68,,,
1791264820.2848,R,C,,-69,,,
1791264820.2849,R,B,,-55,,,
1791264820.3075,R,A,,-68,,,
1791264820.3287,R,C,,-62,,,
1791264820.3574,O,,,,1.70355,0.3321,0.1156
1791264820.3583,O,,,,1.72076,0.3321,0.1153
1791264820.3591,O,,,,1.73664,0.3321,0.1153
1791264820.3598,O,,,,1.75385,0.3321,0.1156
1791264820.3475,R,B,,-60,,,
1791264820.3750,R,C,,-68,,,
1791264820.3782,R,A,,-70,,,
1791264820.4063,R,B,,-47,,,
1791264820.4224,R,B,,-49,,,
1791264820.4268,R,A,,-71,,,
1791264820.4365,O,,,,1.77105,0.3321,0.1153
1791264820.4380,O,,,,1.78694,0.3321,0.1153
1791264820.4388,O,,,,1.80282,0.3321,0.1153
1791264820.4396,O,,,,1.82135,0.3321,0.1153
1791264820.4345,R,C,,-61,,,
1791264820.4654,R,B,,-52,,,
1791264820.4774,R,A,,-70,,,
1791264820.5123,O,,,,1.83724,0.3321,0.1153
1791264820.5141,O,,,,1.85312,0.3321,0.1153
1791264820.5148,O,,,,1.87033,0.3321,0.1156
1791264820.5156,O,,,,1.88754,0.3322,0.1153
1791264820.4852,R,C,,-66,,,
1791264820.5180,R,C,,-69,,,
1791264820.5182,R,A,,-74,,,
1791264820.5184,R,B,,-48,,,
1791264820.5826,O,,,,1.90342,0.3322,0.1153
1791264820.5653,R,A,,-67,,,
1791264820.5775,R,C,,-79,,,
1791264820.5787,R,B,,-51,,,
1791264820.5845,O,,,,1.92063,0.3321,0.1156
1791264820.5853,O,,,,1.93783,0.3322,0.1153
1791264820.6104,R,A,,-66,,,
1791264820.6235,R,C,,-58,,,
1791264820.6625,O,,,,1.95372,0.3322,0.1153
1791264820.6636,O,,,,1.97093,0.3323,0.1151
1791264820.6643,O,,,,1.98813,0.3322,0.1153
1791264820.6651,O,,,,2.00534,0.3323,0.1151
1791264820.6558,R,C,,-62,,,
1791264820.6563,R,B,,-55,,,
1791264820.6706,R,A,,-71,,,
1791264820.7012,R,B,,-51,,,
1791264820.7117,R,C,,-83,,,
1791264820.7279,R,A,,-76,,,
1791264820.7375,O,,,,2.02255,0.3321,0.1153
1791264820.7385,O,,,,2.03843,0.3321,0.1153
1791264820.7393,O,,,,2.05564,0.3323,0.1151
1791264820.7400,O,,,,2.07152,0.3323,0.1151
1791264820.7481,R,B,,-55,,,
1791264820.7482,R,C,,-55,,,
1791264820.7486,R,A,,-69,,,
1791264820.8171,O,,,,2.08741,0.3323,0.1151
1791264820.8183,O,,,,2.10462,0.3321,0.1153
1791264820.8195,O,,,,2.12050,0.3321,0.1153
1791264820.8207,O,,,,2.13771,0.3323,0.1151
1791264820.8062,R,B,,-61,,,
1791264820.8251,R,A,,-70,,,
1791264820.8350,R,C,,-65,,,
1791264820.8380,R,A,,-82,,,
1791264820.8565,R,B,,-56,,,
1791264820.8756,R,C,,-61,,,
1791264820.8779,R,A,,-83,,,
1791264820.8969,O,,,,2.15491,0.3321,0.1153
1791264820.8978,O,,,,2.17080,0.3321,0.1153
1791264820.8986,O,,,,2.18801,0.3323,0.1151
1791264820.8997,O,,,,2.20521,0.3321,0.1153
1791264820.8921,R,B,,-50,,,
1791264820.9279,R,A,,-73,,,
1791264820.9726,O,,,,2.22110,0.3321,0.1153
1791264820.9736,O,,,,2.23698,0.3321,0.1153
1791264820.9744,O,,,,2.25287,0.3321,0.1153
1791264820.9751,O,,,,2.27140,0.3321,0.1153
1791264820.9394,R,B,,-60,,,
1791264820.9591,R,A,,-76,,,
1791264820.9707,R,C,,-65,,,
1791264821.0045,R,C,,-55,,,
1791264821.0062,R,B,,-59,,,
1791264821.0274,R,A,,-71,,,
1791264821.0516,O,,,,2.28728,0.3321,0.1153
1791264821.0526,O,,,,2.30449,0.3320,0.1155
1791264821.0533,O,,,,2.32170,0.3321,0.1153
1791264821.0547,O,,,,2.33758,0.3321,0.1153
1791264821.0469,R,C,,-55,,,
1791264821.0470,R,B,,-57,,,
1791264821.0472,R,A,,-74,,,
1791264821.1222,O,,,,2.35346,0.3321,0.1153
1791264821.1232,O,,,,2.37067,0.3319,0.1155
1791264821.1240,O,,,,2.38788,0.3321,0.1153
1791264821.0866,R,B,,-62,,,
1791264821.0912,R,A,,-77,,,
1791264821.1286,R,A,,-72,,,
1791264821.1345,R,C,,-54,,,
1791264821.1381,R,B,,-63,,,
1791264821.1768,R,C,,-54,,,
1791264821.1774,R,A,,-85,,,
1791264821.1978,O,,,,2.40376,0.3321,0.1153
1791264821.1991,O,,,,2.42097,0.3319,0.1155
1791264821.1999,O,,,,2.43818,0.3321,0.1153
1791264821.2006,O,,,,2.45406,0.3321,0.1153
1791264821.2062,R,B,,-62,,,
1791264821.2167,R,B,,-66,,,
1791264821.2278,R,A,,-69,,,
1791264821.2782,O,,,,2.47127,0.3319,0.1155
1791264821.2795,O,,,,2.48848,0.3321,0.1153
1791264821.2807,O,,,,2.50436,0.3321,0.1153
1791264821.2815,O,,,,2.52024,0.3321,0.1153
1791264821.2345,R,C,,-54,,,
1791264821.2607,R,C,,-59,,,
1791264821.2610,R,A,,-71,,,
1791264821.2858,R,B,,-59,,,
1791264821.3108,R,A,,-77,,,
1791264821.3283,R,B,,-58,,,
1791264821.3568,O,,,,2.53745,0.3319,0.1155
1791264821.3581,O,,,,2.55466,0.3321,0.1153
1791264821.3603,O,,,,2.57054,0.3321,0.1153
1791264821.3612,O,,,,2.58775,0.3319,0.1155
1791264821.3351,R,C,,-58,,,
1791264821.3562,R,B,,-56,,,
1791264821.3624,R,C,,-55,,,
1791264821.3625,R,A,,-71,,,
1791264821.4322,O,,,,2.60496,0.3321,0.1153
1791264821.4342,O,,,,2.62084,0.3321,0.1153
1791264821.3960,R,B,,-62,,,
1791264821.4087,R,A,,-74,,,
1791264821.4121,R,C,,-62,,,
1791264821.4354,O,,,,2.63805,0.3319,0.1155
1791264821.4363,O,,,,2.65393,0.3319,0.1155
1791264821.4436,R,B,,-60,,,
1791264821.4685,R,A,,-81,,,
1791264821.4686,R,C,,-56,,,
1791264821.5115,O,,,,2.66982,0.3319,0.1155
1791264821.5125,O,,,,2.68703,0.3322,0.1154
1791264821.5134,O,,,,2.70291,0.3322,0.1154
1791264821.5141,O,,,,2.72012,0.3319,0.1155
1791264821.4903,R,B,,-55,,,
1791264821.5283,R,A,,-73,,,
1791264821.5808,O,,,,2.73600,0.3319,0.1155
1791264821.5818,O,,,,2.75188,0.3319,0.1155
1791264821.5826,O,,,,2.76909,0.3317,0.1156
1791264821.5323,R,C,,-54,,,
1791264821.5385,R,B,,-62,,,
1791264821.5588,R,C,,-58,,,
1791264821.5590,R,A,,-75,,,
1791264821.5822,R,B,,-60,,,
1791264821.5845,R,C,,-57,,,
1791264821.6274,R,A,,-72,,,
1791264821.6576,O,,,,2.78630,0.3319,0.1155
1791264821.6586,O,,,,2.80351,0.3317,0.1156
1791264821.6594,O,,,,2.81939,0.3317,0.1156
1791264821.6601,O,,,,2.83660,0.3319,0.1155
1791264821.6325,R,C,,-55,,,
1791264821.6444,R,B,,-57,,,
1791264821.6743,R,A,,-79,,,
1791264821.6799,R,B,,-65,,,
1791264821.6849,R,C,,-58,,,
1791264821.7214,R,B,,-68,,,
1791264821.7287,R,A,,-66,,,
1791264821.7375,O,,,,2.85381,0.3317,0.1156
1791264821.7385,O,,,,2.86969,0.3317,0.1156
1791264821.7393,O,,,,2.88690,0.3319,0.1155
1791264821.7401,O,,,,2.90278,0.3319,0.1155
1791264821.7324,R,C,,-56,,,
1791264821.7742,R,A,,-68,,,
1791264821.7745,R,B,,-66,,,
1791264821.7747,R,C,,-55,,,
1791264821.8129,O,,,,2.91999,0.3317,0.1155
1791264821.8139,O,,,,2.93720,0.3319,0.1155
1791264821.8147,O,,,,2.95308,0.3319,0.1155
1791264821.8155,O,,,,2.97029,0.3317,0.1155
1791264821.8267,R,A,,-69,,,
1791264821.8344,R,C,,-62,,,
1791264821.8553,R,B,,-65,,,
1791264821.8555,R,C,,-60,,,
1791264821.8784,R,A,,-64,,,
1791264821.8924,O,,,,2.98750,0.3319,0.1155
1791264821.8934,O,,,,3.00338,0.3319,0.1155
1791264821.8942,O,,,,3.02059,0.3317,0.1155
1791264821.8950,O,,,,3.03647,0.3317,0.1155
1791264821.9056,R,A,,-74,,,
1791264821.9058,R,B,,-66,,,
1791264821.9167,R,C,,-64,,,
1791264821.9725,O,,,,3.05368,0.3319,0.1155
1791264821.9736,O,,,,3.06956,0.3319,0.1155
1791264821.9744,O,,,,3.08677,0.3317,0.1155
1791264821.9752,O,,,,3.10265,0.3317,0.1155
1791264821.9559,R,B,,-65,,,
1791264821.9778,R,A,,-71,,,
1791264821.9839,R,C,,-64,,,
1791264822.0041,R,A,,-65,,,
1791264822.0065,R,B,,-66,,,
1791264822.0184,R,C,,-61,,,
1791264822.0469,O,,,,3.12118,0.3317,0.1155
1791264822.0479,O,,,,3.13707,0.3317,0.1155
1791264822.0489,O,,,,-3.13023,0.3317,0.1155
1791264822.0498,O,,,,-3.11303,0.3319,0.1155
1791264822.0528,R,B,,-67,,,
1791264822.0559,R,C,,-67,,,
1791264822.0782,R,A,,-74,,,
1791264822.1173,O,,,,-3.09582,0.3317,0.1155
1791264822.1183,O,,,,-3.07993,0.3317,0.1155
1791264822.1191,O,,,,-3.06405,0.3317,0.1155
1791264822.1063,R,B,,-66,,,
1791264822.1135,R,C,,-67,,,
1791264822.1457,R,C,,-57,,,
1791264822.1458,R,B,,-66,,,
1791264822.1460,R,A,,-67,,,
1791264822.1978,O,,,,-3.04552,0.3317,0.1155
1791264822.1992,O,,,,-3.02963,0.3317,0.1155
1791264822.2005,O,,,,-3.01375,0.3317,0.1155
1791264822.2015,O,,,,-2.99522,0.3317,0.1155
1791264822.1908,R,B,,-70,,,
1791264822.1910,R,C,,-61,,,
1791264822.1971,R,A,,-75,,,
1791264822.2727,O,,,,-2.97934,0.3317,0.1155
1791264822.2737,O,,,,-2.96345,0.3317,0.1155
1791264822.2745,O,,,,-2.94757,0.3317,0.1155
1791264822.2752,O,,,,-2.92904,0.3317,0.1155
1791264822.2546,R,C,,-62,,,
1791264822.2549,R,B,,-62,,,
1791264822.2550,R,A,,-69,,,
1791264822.3026,R,B,,-81,,,
1791264822.3031,R,C,,-61,,,
1791264822.3042,R,A,,-80,,,
1791264822.3531,O,,,,-2.91315,0.3317,0.1155
1791264822.3542,O,,,,-2.89727,0.3317,0.1155
1791264822.3550,O,,,,-2.88006,0.3314,0.1154
1791264822.3558,O,,,,-2.86285,0.3317,0.1155
1791264822.3323,R,B,,-66,,,
1791264822.3353,R,C,,-63,,,
1791264822.3533,R,A,,-70,,,
1791264822.3776,R,A,,-68,,,
1791264822.4327,O,,,,-2.84432,0.3317,0.1155
1791264822.3854,R,C,,-57,,,
1791264822.4063,R,B,,-66,,,
1791264822.4236,R,B,,-68,,,
1791264822.4239,R,C,,-60,,,
1791264822.4280,R,A,,-69,,,
1791264822.4339,O,,,,-2.82844,0.3317,0.1155
1791264822.4360,O,,,,-2.81255,0.3317,0.1155
1791264822.4367,O,,,,-2.79535,0.3314,0.1154
1791264822.4720,R,A,,-71,,,
1791264822.4725,R,B,,-82,,,
1791264822.5077,O,,,,-2.77946,0.3314,0.1154
1791264822.5095,O,,,,-2.76358,0.3314,0.1154
1791264822.5103,O,,,,-2.74637,0.3317,0.1155
1791264822.5111,O,,,,-2.73049,0.3317,0.1155
1791264822.4832,R,C,,-68,,,
1791264822.5200,R,C,,-66,,,
1791264822.5776,O,,,,-2.71328,0.3314,0.1154
1791264822.5794,O,,,,-2.69607,0.3316,0.1155
1791264822.5802,O,,,,-2.68019,0.3316,0.1155
1791264822.5566,R,B,,-69,,,
1791264822.5706,R,C,,-62,,,
1791264822.5708,R,A,,-75,,,
1791264822.5713,R,B,,-75,,,
1791264822.6134,R,A,,-72,,,
1791264822.6136,R,B,,-78,,,
1791264822.6172,R,C,,-77,,,
1791264822.6638,O,,,,-2.66298,0.3314,0.1154
1791264822.6646,O,,,,-2.64577,0.3316,0.1155
1791264822.6655,O,,,,-2.62989,0.3316,0.1155
1791264822.6664,O,,,,-2.61268,0.3314,0.1154
1791264822.6644,R,B,,-74,,,
1791264822.6705,R,A,,-77,,,
1791264822.7198,R,B,,-66,,,
1791264822.7212,R,C,,-63,,,
1791264822.7214,R,A,,-77,,,
1791264822.7341,O,,,,-2.59547,0.3316,0.1155
1791264822.7349,O,,,,-2.57959,0.3316,0.1155
1791264822.7357,O,,,,-2.56238,0.3314,0.1154
1791264822.7365,O,,,,-2.54518,0.3316,0.1155
1791264822.7563,R,C,,-69,,,
1791264822.7566,R,B,,-68,,,
1791264822.7567,R,A,,-71,,,
1791264822.8127,O,,,,-2.52929,0.3316,0.1155
1791264822.8139,O,,,,-2.51341,0.3316,0.1155
1791264822.8148,O,,,,-2.49620,0.3319,0.1157
1791264822.8156,O,,,,-2.48032,0.3319,0.1157
1791264822.8005,R,B,,-78,,,
1791264822.8007,R,C,,-70,,,
1791264822.8021,R,A,,-83,,,
1791264822.8465,R,B,,-66,,,
1791264822.8783,R,A,,-73,,,
1791264822.8927,O,,,,-2.46311,0.3316,0.1155
1791264822.8939,O,,,,-2.44723,0.3316,0.1155
1791264822.8947,O,,,,-2.43002,0.3314,0.1154
1791264822.8954,O,,,,-2.41281,0.3316,0.1155
1791264822.8852,R,C,,-64,,,
1791264822.8992,R,B,,-79,,,
1791264822.9001,R,C,,-68,,,
1791264822.9282,R,A,,-74,,,
1791264822.9681,O,,,,-2.39693,0.3316,0.1155
1791264822.9697,O,,,,-2.38104,0.3316,0.1155
1791264822.9709,O,,,,-2.36251,0.3316,0.1155
1791264822.9717,O,,,,-2.34663,0.3316,0.1155
1791264822.9555,R,C,,-70,,,
1791264822.9826,R,B,,-64,,,
1791264822.9827,R,C,,-64,,,
1791264823.0289,R,A,,-76,,,
1791264823.0304,R,B,,-67,,,
1791264823.0309,R,C,,-65,,,
1791264823.0470,O,,,,-2.32942,0.3315,0.1154
1791264823.0479,O,,,,-2.31354,0.3315,0.1154
1791264823.0487,O,,,,-2.29633,0.3316,0.1155
1791264823.0494,O,,,,-2.28044,0.3316,0.1155
1791264823.0775,R,A,,-76,,,
1791264823.1175,O,,,,-2.26191,0.3316,0.1155
1791264823.1186,O,,,,-2.24603,0.3316,0.1155
1791264823.1194,O,,,,-2.23015,0.3316,0.1155
1791264823.0847,R,C,,-58,,,
1791264823.1062,R,B,,-70,,,
1791264823.1281,R,A,,-75,,,
1791264823.1352,R,C,,-61,,,
1791264823.1438,R,B,,-76,,,
1791264823.1679,R,B,,-67,,,
1791264823.1701,R,A,,-76,,,
1791264823.1703,R,C,,-68,,,
1791264823.1928,O,,,,-2.21294,0.3315,0.1153
1791264823.1944,O,,,,-2.19573,0.3316,0.1156
1791264823.1953,O,,,,-2.17985,0.3316,0.1156
1791264823.1961,O,,,,-2.16264,0.3315,0.1153
1791264823.2156,R,C,,-61,,,
1791264823.2159,R,A,,-67,,,
1791264823.2185,R,B,,-68,,,
1791264823.2727,O,,,,-2.14543,0.3316,0.1156
1791264823.2739,O,,,,-2.12955,0.3316,0.1156
1791264823.2747,O,,,,-2.11366,0.3316,0.1156
1791264823.2754,O,,,,-2.09513,0.3316,0.1156
1791264823.2588,R,C,,-66,,,
1791264823.2591,R,A,,-64,,,
1791264823.3013,R,C,,-66,,,
1791264823.3057,R,B,,-64,,,
1791264823.3279,R,A,,-56,,,
1791264823.3479,O,,,,-2.07925,0.3316,0.1156
1791264823.3491,O,,,,-2.06336,0.3316,0.1156
1791264823.3499,O,,,,-2.04483,0.3316,0.1156
1791264823.3507,O,,,,-2.02895,0.3316,0.1156
1791264823.3487,R,C,,-68,,,
1791264823.3533,R,B,,-74,,,
1791264823.3534,R,A,,-62,,,
1791264823.4275,O,,,,-2.01174,0.3317,0.1158
1791264823.4285,O,,,,-1.99586,0.3317,0.1158
1791264823.4294,O,,,,-1.97865,0.3316,0.1155
1791264823.4302,O,,,,-1.96277,0.3316,0.1155
1791264823.4067,R,B,,-71,,,
1791264823.4278,R,A,,-55,,,
1791264823.4345,R,C,,-70,,,
1791264823.4471,R,B,,-78,,,
1791264823.4657,R,A,,-57,,,
1791264823.4658,R,C,,-63,,,
1791264823.5072,O,,,,-1.94688,0.3316,0.1155
1791264823.5084,O,,,,-1.92835,0.3316,0.1155
1791264823.5093,O,,,,-1.91247,0.3316,0.1155
1791264823.5101,O,,,,-1.89658,0.3316,0.1155
1791264823.4948,R,B,,-68,,,
1791264823.5010,R,C,,-78,,,
1791264823.5094,R,A,,-59,,,
1791264823.5725,O,,,,-1.87805,0.3316,0.1155
1791264823.5736,O,,,,-1.86217,0.3316,0.1155
1791264823.5744,O,,,,-1.84628,0.3316,0.1155
1791264823.5563,R,B,,-67,,,
1791264823.5693,R,C,,-69,,,
1791264823.5694,R,A,,-61,,,
1791264823.5789,R,C,,-74,,,
1791264823.5795,R,B,,-73,,,
1791264823.6264,R,C,,-69,,,
1791264823.6276,R,A,,-63,,,
1791264823.6518,O,,,,-1.82775,0.3316,0.1155
1791264823.6531,O,,,,-1.81187,0.3316,0.1155
1791264823.6544,O,,,,-1.79599,0.3316,0.1155
1791264823.6554,O,,,,-1.78010,0.3316,0.1155
1791264823.6753,R,C,,-69,,,
1791264823.6756,R,B,,-69,,,
1791264823.6757,R,A,,-64,,,
1791264823.7326,O,,,,-1.76157,0.3316,0.1155
1791264823.7336,O,,,,-1.74569,0.3316,0.1155
1791264823.7353,O,,,,-1.72980,0.3316,0.1155
1791264823.7360,O,,,,-1.71127,0.3316,0.1155
1791264823.7563,R,B,,-67,,,
1791264823.7741,R,C,,-74,,,
1791264823.7775,R,A,,-70,,,
1791264823.8075,O,,,,-1.69539,0.3316,0.1155
1791264823.8093,O,,,,-1.67950,0.3316,0.1155
1791264823.8101,O,,,,-1.66097,0.3316,0.1155
1791264823.8109,O,,,,-1.64509,0.3316,0.1155
1791264823.7973,R,C,,-63,,,
1791264823.7976,R,B,,-83,,,
1791264823.8283,R,A,,-60,,,
1791264823.8456,R,C,,-85,,,
1791264823.8458,R,A,,-61,,,
1791264823.8462,R,B,,-69,,,
1791264823.8949,O,,,,-1.62920,0.3316,0.1155
1791264823.8960,O,,,,-1.61332,0.3316,0.1155
1791264823.8968,O,,,,-1.59611,0.3316,0.1153
1791264823.8976,O,,,,-1.58023,0.3316,0.1153
1791264823.8966,R,B,,-67,,,
1791264823.8973,R,A,,-66,,,
1791264823.9232,R,C,,-77,,,
1791264823.9667,O,,,,-1.56435,0.3316,0.1153
1791264823.9681,O,,,,-1.54714,0.3316,0.1156
1791264823.9689,O,,,,-1.52993,0.3316,0.1153
1791264823.9696,O,,,,-1.51272,0.3316,0.1155
1791264823.9362,R,B,,-75,,,
1791264823.9782,R,A,,-58,,,
1791264824.0324,O,,,,-1.49684,0.3316,0.1155
1791264823.9848,R,C,,-68,,,
1791264823.9850,R,B,,-65,,,
1791264824.0283,R,A,,-61,,,
1791264824.0288,R,C,,-71,,,
1791264824.0346,O,,,,-1.47963,0.3316,0.1153
1791264824.0359,O,,,,-1.46242,0.3316,0.1155
1791264824.0369,O,,,,-1.44654,0.3316,0.1155
1791264824.0568,R,B,,-65,,,
1791264824.0762,R,B,,-76,,,
1791264824.1138,O,,,,-1.42933,0.3317,0.1153
1791264824.1146,O,,,,-1.41345,0.3317,0.1153
1791264824.1154,O,,,,-1.39624,0.3316,0.1155
1791264824.0852,R,C,,-73,,,
1791264824.1288,R,A,,-70,,,
1791264824.1354,R,C,,-71,,,
1791264824.1563,R,B,,-73,,,
1791264824.1752,R,B,,-67,,,
1791264824.1754,R,A,,-60,,,
1791264824.1797,R,C,,-78,,,
1791264824.1925,O,,,,-1.37903,0.3317,0.1153
1791264824.1936,O,,,,-1.36315,0.3317,0.1153
1791264824.1944,O,,,,-1.34594,0.3316,0.1155
1791264824.1952,O,,,,-1.32873,0.3317,0.1153
1791264824.2278,R,A,,-57,,,
1791264824.2308,R,C,,-61,,,
1791264824.2675,O,,,,-1.31285,0.3317,0.1153
1791264824.2688,O,,,,-1.29564,0.3316,0.1155
1791264824.2699,O,,,,-1.27844,0.3317,0.1153
1791264824.2711,O,,,,-1.26255,0.3317,0.1153
1791264824.2324,R,B,,-67,,,
1791264824.2784,R,A,,-62,,,
1791264824.2846,R,C,,-65,,,
1791264824.2987,R,B,,-61,,,
1791264824.3141,R,C,,-84,,,
1791264824.3144,R,A,,-61,,,
1791264824.3303,R,B,,-75,,,
1791264824.3471,O,,,,-1.24534,0.3316,0.1155
1791264824.3484,O,,,,-1.22814,0.3317,0.1153
1791264824.3496,O,,,,-1.21225,0.3317,0.1153
1791264824.3508,O,,,,-1.19505,0.3316,0.1155
1791264824.3644,R,C,,-67,,,
1791264824.3739,R,B,,-67,,,
1791264824.3775,R,A,,-67,,,
1791264824.4225,O,,,,-1.17784,0.3317,0.1153
1791264824.4235,O,,,,-1.16195,0.3317,0.1153
1791264824.4243,O,,,,-1.14475,0.3316,0.1155
1791264824.4252,O,,,,-1.12754,0.3317,0.1153
1791264824.4040,R,B,,-65,,,
1791264824.4042,R,C,,-69,,,
1791264824.4044,R,A,,-63,,,
1791264824.4564,R,B,,-64,,,
1791264824.4663,R,A,,-63,,,
1791264824.5021,O,,,,-1.11165,0.3317,0.1153
1791264824.5029,O,,,,-1.09445,0.3316,0.1155
1791264824.5037,O,,,,-1.07724,0.3317,0.1153
1791264824.5044,O,,,,-1.06136,0.3317,0.1153
1791264824.4889,R,B,,-63,,,
1791264824.5148,R,C,,-71,,,
1791264824.5149,R,A,,-68,,,
1791264824.5724,O,,,,-1.04547,0.3317,0.1153
1791264824.5738,O,,,,-1.02826,0.3315,0.1155
1791264824.5750,O,,,,-1.01238,0.3315,0.1155
1791264824.5325,R,B,,-62,,,
1791264824.5345,R,C,,-70,,,
1791264824.5513,R,A,,-70,,,
1791264824.5851,R,C,,-72,,,
1791264824.6063,R,B,,-62,,,
1791264824.6293,R,B,,-67,,,
1791264824.6525,O,,,,-0.99650,0.3315,0.1155
1791264824.6534,O,,,,-0.97797,0.3315,0.1155
1791264824.6541,O,,,,-0.96208,0.3315,0.1155
1791264824.6548,O,,,,-0.94620,0.3315,0.1155
1791264824.6351,R,C,,-68,,,
1791264824.6715,R,C,,-61,,,
1791264824.6717,R,A,,-65,,,
1791264824.7276,O,,,,-0.92767,0.3315,0.1155
1791264824.7286,O,,,,-0.91178,0.3315,0.1155
1791264824.7294,O,,,,-0.89590,0.3315,0.1155
1791264824.7303,O,,,,-0.87737,0.3315,0.1155
1791264824.6874,R,B,,-60,,,
1791264824.7259,R,C,,-65,,,
1791264824.7262,R,A,,-66,,,
1791264824.7268,R,B,,-51,,,
1791264824.7602,R,C,,-60,,,
1791264824.7617,R,B,,-56,,,
1791264824.7783,R,A,,-67,,,
1791264824.8074,O,,,,-0.86148,0.3315,0.1155
1791264824.8086,O,,,,-0.84560,0.3315,0.1155
1791264824.8094,O,,,,-0.82707,0.3315,0.1155
1791264824.8101,O,,,,-0.81118,0.3315,0.1155
1791264824.8064,R,B,,-57,,,
1791264824.8282,R,A,,-63,,,
1791264824.8296,R,C,,-63,,,
1791264824.8826,O,,,,-0.79530,0.3315,0.1155
1791264824.8452,R,B,,-57,,,
1791264824.8666,R,A,,-64,,,
1791264824.8667,R,C,,-63,,,
1791264824.8839,O,,,,-0.77942,0.3315,0.1155
1791264824.8847,O,,,,-0.76089,0.3315,0.1155
1791264824.8855,O,,,,-0.74500,0.3315,0.1155
1791264824.9065,R,B,,-56,,,
1791264824.9276,R,A,,-63,,,
1791264824.9625,O,,,,-0.72912,0.3315,0.1155
1791264824.9636,O,,,,-0.71191,0.3313,0.1157
1791264824.9644,O,,,,-0.69470,0.3315,0.1155
1791264824.9652,O,,,,-0.67882,0.3315,0.1155
1791264824.9323,R,C,,-63,,,
1791264824.9349,R,B,,-63,,,
1791264824.9353,R,A,,-64,,,
1791264824.9354,R,C,,-65,,,
1791264825.0323,O,,,,-0.66161,0.3313,0.1157
1791264824.9823,R,C,,-78,,,
1791264824.9945,R,B,,-60,,,
1791264825.0273,R,C,,-69,,,
1791264825.0279,R,B,,-58,,,
1791264825.0281,R,A,,-62,,,
1791264825.0335,O,,,,-0.64440,0.3316,0.1155
1791264825.0345,O,,,,-0.62852,0.3316,0.1155
1791264825.0763,R,A,,-59,,,
1791264825.1076,O,,,,-0.61264,0.3316,0.1155
1791264825.1096,O,,,,-0.59410,0.3316,0.1155
1791264825.1106,O,,,,-0.57822,0.3316,0.1155
1791264825.1117,O,,,,-0.56234,0.3316,0.1155
1791264825.0851,R,C,,-64,,,
1791264825.0909,R,B,,-56,,,
1791264825.1281,R,A,,-62,,,
1791264825.1353,R,C,,-60,,,
1791264825.1400,R,B,,-56,,,
1791264825.1783,R,A,,-68,,,
1791264825.1880,O,,,,-0.54381,0.3316,0.1155
1791264825.1891,O,,,,-0.52792,0.3316,0.1155
1791264825.1900,O,,,,-0.51204,0.3316,0.1155
1791264825.1908,O,,,,-0.49351,0.3316,0.1155
1791264825.1831,R,C,,-71,,,
1791264825.2063,R,B,,-55,,,
1791264825.2149,R,A,,-70,,,
1791264825.2154,R,C,,-70,,,
1791264825.2165,R,B,,-72,,,
1791264825.2639,O,,,,-0.47762,0.3316,0.1155
1791264825.2650,O,,,,-0.46174,0.3316,0.1155
1791264825.2658,O,,,,-0.44321,0.3316,0.1155
1791264825.2666,O,,,,-0.42732,0.3316,0.1155
1791264825.2620,R,C,,-74,,,
1791264825.2623,R,A,,-66,,,
1791264825.2640,R,B,,-62,,,
1791264825.3103,R,C,,-67,,,
1791264825.3107,R,A,,-72,,,
1791264825.3427,O,,,,-0.41144,0.3316,0.1155
1791264825.3437,O,,,,-0.39556,0.3316,0.1155
1791264825.3445,O,,,,-0.37702,0.3316,0.1155
1791264825.3452,O,,,,-0.36114,0.3316,0.1155
1791264825.3557,R,B,,-69,,,
1791264825.3588,R,A,,-65,,,
1791264825.4224,O,,,,-0.34261,0.3316,0.1155
1791264825.4234,O,,,,-0.32673,0.3316,0.1155
1791264825.4242,O,,,,-0.31084,0.3316,0.1155
1791264825.4249,O,,,,-0.29496,0.3316,0.1155
1791264825.3846,R,C,,-80,,,
1791264825.4065,R,B,,-65,,,
1791264825.4238,R,C,,-73,,,
1791264825.4248,R,A,,-67,,,
1791264825.4507,R,C,,-64,,,
1791264825.4514,R,B,,-63,,,
1791264825.4518,R,A,,-73,,,
1791264825.5018,O,,,,-0.27775,0.3318,0.1155
1791264825.5029,O,,,,-0.26054,0.3316,0.1155
1791264825.5038,O,,,,-0.24466,0.3316,0.1155
1791264825.5045,O,,,,-0.22745,0.3318,0.1155
1791264825.4979,R,A,,-67,,,
1791264825.4982,R,C,,-67,,,
1791264825.5063,R,B,,-58,,,
1791264825.5677,O,,,,-0.21024,0.3316,0.1155
1791264825.5687,O,,,,-0.19436,0.3316,0.1155
1791264825.5695,O,,,,-0.17715,0.3318,0.1155
1791264825.5566,R,B,,-62,,,
1791264825.5569,R,C,,-64,,,
1791264825.5572,R,A,,-63,,,
1791264825.5861,R,B,,-62,,,
1791264825.6279,R,A,,-70,,,
1791264825.6469,O,,,,-0.15994,0.3315,0.1155
1791264825.6479,O,,,,-0.14406,0.3315,0.1155
1791264825.6487,O,,,,-0.12685,0.3313,0.1156
1791264825.6495,O,,,,-0.10965,0.3316,0.1155
1791264825.6346,R,C,,-69,,,
1791264825.6564,R,B,,-61,,,
1791264825.6772,R,C,,-67,,,
1791264825.6789,R,A,,-69,,,
1791264825.7276,O,,,,-0.09376,0.3316,0.1155
1791264825.7287,O,,,,-0.07788,0.3316,0.1155
1791264825.7295,O,,,,-0.06067,0.3313,0.1155
1791264825.7303,O,,,,-0.04346,0.3316,0.1155
1791264825.7066,R,B,,-69,,,
1791264825.7280,R,A,,-70,,,
1791264825.7322,R,B,,-68,,,
1791264825.7357,R,C,,-70,,,
1791264825.7623,R,A,,-66,,,
1791264825.7624,R,C,,-72,,,
1791264825.8022,O,,,,-0.02758,0.3316,0.1155
1791264825.8034,O,,,,-0.01170,0.3316,0.1155
1791264825.8042,O,,,,0.00551,0.3313,0.1155
1791264825.8050,O,,,,0.02272,0.3316,0.1155
1791264825.8063,R,B,,-71,,,
1791264825.8081,R,A,,-62,,,
1791264825.8825,O,,,,0.03860,0.3316,0.1155
1791264825.8567,R,B,,-62,,,
1791264825.8662,R,C,,-68,,,
1791264825.8665,R,A,,-62,,,
1791264825.8836,O,,,,0.05449,0.3316,0.1155
1791264825.8844,O,,,,0.07302,0.3316,0.1155
1791264825.8852,O,,,,0.08890,0.3316,0.1155
1791264825.8975,R,B,,-64,,,
1791264825.9007,R,C,,-85,,,
1791264825.9013,R,A,,-66,,,
1791264825.9627,O,,,,0.10479,0.3316,0.1155
1791264825.9639,O,,,,0.11935,0.3313,0.1155
1791264825.9647,O,,,,0.13258,0.3313,0.1155
1791264825.9655,O,,,,0.14582,0.3313,0.1155
1791264825.9563,R,B,,-63,,,
1791264825.9692,R,C,,-85,,,
1791264825.9694,R,A,,-67,,,
1791264826.0278,O,,,,0.15773,0.3310,0.1155
1791264826.0288,O,,,,0.16832,0.3310,0.1155
1791264826.0296,O,,,,0.17891,0.3310,0.1155
1791264825.9924,R,B,,-74,,,
1791264826.0277,R,A,,-64,,,
1791264826.0346,R,C,,-69,,,
1791264826.0406,R,B,,-62,,,
1791264826.0461,R,C,,-75,,,
1791264826.0464,R,A,,-62,,,
1791264826.1075,O,,,,0.18685,0.3310,0.1155
1791264826.1085,O,,,,0.19347,0.3308,0.1154
1791264826.1093,O,,,,0.19877,0.3308,0.1154
1791264826.1101,O,,,,0.20406,0.3308,0.1154
1791264826.0871,R,B,,-58,,,
1791264826.0873,R,A,,-61,,,
1791264826.1825,O,,,,0.20803,0.3305,0.1154
1791264826.1345,R,C,,-75,,,
1791264826.1563,R,B,,-69,,,
1791264826.1807,R,B,,-65,,,
1791264826.1838,O,,,,0.21068,0.3305,0.1154
1791264826.1846,O,,,,0.21333,0.3305,0.1154
1791264826.1854,O,,,,0.21333,0.3305,0.1154
1791264826.1919,R,A,,-65,,,
1791264826.2238,R,B,,-63,,,
1791264826.2263,R,C,,-88,,,
1791264826.2282,R,A,,-64,,,
1791264826.2625,O,,,,0.21333,0.3305,0.1154
1791264826.2635,O,,,,0.21333,0.3305,0.1154
1791264826.2643,O,,,,0.21333,0.3305,0.1154
1791264826.2650,O,,,,0.21333,0.3305,0.1154
1791264826.2711,R,A,,-62,,,
1791264826.2970,R,B,,-61,,,
1791264826.3147,R,C,,-75,,,
1791264826.3156,R,A,,-75,,,
1791264826.3262,R,B,,-61,,,
1791264826.3425,O,,,,0.21333,0.3305,0.1154
1791264826.3436,O,,,,0.21333,0.3305,0.1154
1791264826.3445,O,,,,0.21333,0.3305,0.1154
1791264826.3452,O,,,,0.21333,0.3305,0.1154
1791264826.3556,R,B,,-63,,,
1791264826.3569,R,C,,-84,,,
1791264826.3578,R,A,,-65,,,
1791264826.4177,O,,,,0.21333,0.3305,0.1154
1791264826.4186,O,,,,0.21333,0.3305,0.1154
1791264826.4193,O,,,,0.21333,0.3305,0.1154
1791264826.4201,O,,,,0.21333,0.3305,0.1154
1791264826.4023,R,C,,-68,,,
1791264826.4049,R,A,,-63,,,
1791264826.4051,R,B,,-66,,,
1791264826.4565,R,B,,-67,,,
1791264826.4628,R,C,,-73,,,
1791264826.4782,R,A,,-71,,,
1791264826.4969,O,,,,0.21333,0.3305,0.1154
1791264826.4979,O,,,,0.21333,0.3305,0.1154
1791264826.4988,O,,,,0.21333,0.3305,0.1154
1791264826.4996,O,,,,0.21333,0.3305,0.1154
1791264826.4985,R,B,,-69,,,
1791264826.5046,R,C,,-76,,,
1791264826.5048,R,A,,-72,,,
1791264826.5678,O,,,,0.21333,0.3305,0.1154
1791264826.5687,O,,,,0.21333,0.3305,0.1154
1791264826.5694,O,,,,0.21333,0.3305,0.1154
1791264826.5409,R,B,,-63,,,
1791264826.5462,R,A,,-68,,,
1791264826.5754,R,C,,-74,,,
1791264827.6332,O,,,,0.21333,0.3305,0.1154
1791264826.5913,R,C,,-73,,,
1791264826.6016,R,B,,-60,,,
1791264826.6018,R,A,,-78,,,
1791264827.6379,O,,,,0.21333,0.3305,0.1154
1791264826.6330,R,B,,-60,,,
1791264826.6349,R,C,,-69,,,
1791264826.6680,R,A,,-74,,,
1791264826.6767,R,B,,-55,,,
1791264826.6778,R,A,,-68,,,
1791264827.6428,O,,,,0.21333,0.3305,0.1154
1791264826.6850,R,C,,-80,,,
1791264826.7221,R,C,,-74,,,
1791264826.7227,R,B,,-59,,,
1791264826.7231,R,A,,-63,,,
1791264827.6476,O,,,,0.21333,0.3305,0.1154
1791264826.7779,R,A,,-66,,,
1791264827.6538,O,,,,0.21333,0.3305,0.1154
1791264826.7845,R,C,,-68,,,
1791264826.7981,R,B,,-65,,,
1791264826.8089,R,C,,-75,,,
1791264826.8091,R,A,,-97,,,
1791264827.6617,O,,,,0.21333,0.3305,0.1154
1791264826.8733,R,C,,-74,,,
1791264826.8779,R,A,,-66,,,
1791264827.6632,O,,,,0.21333,0.3305,0.1154
1791264826.9054,R,B,,-63,,,
1791264826.9065,R,C,,-72,,,
1791264826.9077,R,B,,-64,,,
1791264826.9203,R,A,,-76,,,
1791264827.6645,O,,,,0.21333,0.3305,0.1154
1791264826.9532,R,A,,-70,,,
1791264826.9536,R,C,,-77,,,
1791264826.9538,R,B,,-61,,,
1791264827.6659,O,,,,0.21333,0.3305,0.1154
1791264827.0039,R,A,,-80,,,
1791264827.0070,R,B,,-55,,,
1791264827.6672,O,,,,0.21333,0.3305,0.1154
1791264827.0324,R,C,,-79,,,
1791264827.0418,R,B,,-54,,,
1791264827.0418,R,A,,-69,,,
1791264827.6685,O,,,,0.21333,0.3305,0.1154
1791264827.0846,R,C,,-68,,,
1791264827.0900,R,B,,-50,,,
1791264827.1037,R,C,,-81,,,
1791264827.1283,R,A,,-75,,,
1791264827.6696,O,,,,0.21333,0.3305,0.1154
1791264827.1418,R,A,,-72,,,
1791264827.1488,R,B,,-52,,,
1791264827.1495,R,C,,-67,,,
1791264827.6705,O,,,,0.21333,0.3305,0.1154
1791264827.2063,R,B,,-63,,,
1791264827.2274,R,A,,-71,,,
1791264827.6714,O,,,,0.21333,0.3305,0.1154
1791264827.2327,R,C,,-76,,,
1791264827.2350,R,C,,-72,,,
1791264827.2352,R,B,,-64,,,
1791264827.2355,R,A,,-65,,,
1791264827.2722,R,A,,-66,,,
1791264827.6723,O,,,,0.21333,0.3305,0.1154
1791264827.2846,R,C,,-72,,,
1791264827.3062,R,B,,-60,,,
1791264827.3175,R,A,,-70,,,
1791264827.3208,R,B,,-63,,,
1791264827.6732,O,,,,0.21333,0.3305,0.1154
1791264827.3654,R,C,,-66,,,
1791264827.3656,R,A,,-69,,,
1791264827.6741,O,,,,0.21333,0.3305,0.1154
1791264827.3866,R,B,,-65,,,
1791264827.4036,R,C,,-73,,,
1791264827.4038,R,B,,-63,,,
1791264827.4040,R,A,,-63,,,
1791264827.6749,O,,,,0.21333,0.3305,0.1154
1791264827.4498,R,A,,-67,,,
1791264827.4563,R,B,,-57,,,
1791264827.4588,R,C,,-76,,,
1791264827.6757,O,,,,0.21333,0.3305,0.1154
1791264827.5066,R,B,,-57,,,
1791264827.5097,R,C,,-60,,,
1791264827.5278,R,A,,-64,,,
1791264827.6766,O,,,,0.21333,0.3305,0.1154
1791264827.5405,R,C,,-72,,,
1791264827.5438,R,A,,-62,,,
1791264827.6774,O,,,,0.21333,0.3305,0.1154
1791264827.5836,R,C,,-76,,,
1791264827.6066,R,B,,-52,,,
1791264827.6165,R,A,,-58,,,
1791264827.6783,O,,,,0.21333,0.3305,0.1154
1791264827.6790,O,,,,0.21333,0.3305,0.1154
1791264827.6797,O,,,,0.21333,0.3305,0.1154
1791264827.6804,O,,,,0.21333,0.3305,0.1154
1791264827.6811,O,,,,0.21333,0.3305,0.1154
1791264827.6819,O,,,,0.21333,0.3305,0.1154
1791264827.6352,R,C,,-64,,,
1791264827.6379,R,B,,-52,,,
1791264827.6756,R,B,,-56,,,
1791264827.6777,R,A,,-56,,,
1791264827.6828,O,,,,0.21333,0.3305,0.1154
1791264827.6835,O,,,,0.21333,0.3305,0.1154
1791264827.6842,O,,,,0.21333,0.3305,0.1154
1791264827.6849,O,,,,0.21333,0.3305,0.1154
1791264827.6856,O,,,,0.21333,0.3305,0.1154
1791264827.6863,O,,,,0.21333,0.3305,0.1154
1791264827.6870,O,,,,0.21333,0.3305,0.1154
1791264827.6877,O,,,,0.21333,0.3305,0.1154
1791264827.6884,O,,,,0.21333,0.3305,0.1154
1791264827.6891,O,,,,0.21333,0.3305,0.1154
1791264827.6898,O,,,,0.21333,0.3305,0.1154
1791264827.6905,O,,,,0.21333,0.3305,0.1154
1791264827.6912,O,,,,0.21333,0.3305,0.1154
1791264827.6919,O,,,,0.21333,0.3305,0.1154
1791264827.6926,O,,,,0.21333,0.3305,0.1154
1791264827.6933,O,,,,0.21333,0.3305,0.1154
1791264827.6940,O,,,,0.21333,0.3305,0.1154
1791264827.6947,O,,,,0.21333,0.3305,0.1154
1791264827.6954,O,,,,0.21333,0.3305,0.1154
1791264827.6961,O,,,,0.21333,0.3305,0.1154
1791264827.6968,O,,,,0.21333,0.3305,0.1154
1791264827.6975,O,,,,0.21333,0.3305,0.1154
1791264827.6982,O,,,,0.21333,0.3305,0.1154
1791264827.6989,O,,,,0.21333,0.3305,0.1154
1791264827.6997,O,,,,0.21333,0.3305,0.1154
1791264827.7009,O,,,,0.21333,0.3305,0.1154
1791264827.7174,O,,,,0.21333,0.3305,0.1154
1791264827.7184,O,,,,0.21333,0.3305,0.1154
1791264827.7193,O,,,,0.21333,0.3305,0.1154
1791264827.7200,O,,,,0.21333,0.3305,0.1154
1791264827.6852,R,C,,-60,,,
1791264827.7193,R,C,,-67,,,
1791264827.7196,R,A,,-60,,,
1791264827.7278,R,B,,-49,,,
1791264827.7655,R,A,,-59,,,
1791264827.7704,R,C,,-62,,,
1791264827.7744,R,B,,-52,,,
1791264827.7964,O,,,,0.21333,0.3305,0.1154
1791264827.7974,O,,,,0.21333,0.3305,0.1154
1791264827.7982,O,,,,0.21333,0.3305,0.1154
1791264827.7990,O,,,,0.21333,0.3305,0.1154
1791264827.8108,R,C,,-59,,,
1791264827.8112,R,A,,-56,,,
1791264827.8771,O,,,,0.21333,0.3305,0.1154
1791264827.8782,O,,,,0.21333,0.3305,0.1154
1791264827.8790,O,,,,0.21333,0.3305,0.1154
1791264827.8798,O,,,,0.21465,0.3302,0.1153
1791264827.8554,R,B,,-52,,,
1791264827.8558,R,C,,-66,,,
1791264827.8704,R,A,,-60,,,
1791264827.8994,R,B,,-49,,,
1791264827.8995,R,A,,-57,,,
1791264827.9067,R,C,,-62,,,
1791264827.9518,O,,,,0.21465,0.3302,0.1153
1791264827.9529,O,,,,0.21465,0.3302,0.1153
1791264827.9539,O,,,,0.21465,0.3302,0.1153
1791264827.9547,O,,,,0.21465,0.3302,0.1153
1791264827.9465,R,B,,-55,,,
1791264827.9534,R,A,,-56,,,
1791264827.9544,R,C,,-58,,,
1791264828.0220,O,,,,0.21333,0.3305,0.1154
1791264828.0231,O,,,,0.21068,0.3305,0.1154
1791264828.0239,O,,,,0.20803,0.3305,0.1154
1791264827.9920,R,C,,-65,,,
1791264827.9931,R,A,,-60,,,
1791264828.0064,R,B,,-55,,,
1791264828.0329,R,C,,-65,,,
1791264828.0340,R,A,,-60,,,
1791264828.0508,R,B,,-49,,,
1791264828.0758,R,B,,-57,,,
1791264828.0784,R,A,,-61,,,
1791264828.1018,O,,,,0.20538,0.3305,0.1154
1791264828.1027,O,,,,0.20009,0.3305,0.1154
1791264828.1038,O,,,,0.19215,0.3305,0.1154
1791264828.1046,O,,,,0.18421,0.3305,0.1154
1791264828.0855,R,C,,-64,,,
1791264828.1181,R,B,,-56,,,
1791264828.1285,R,A,,-59,,,
1791264828.1796,O,,,,0.17494,0.3308,0.1154
1791264828.1805,O,,,,0.16435,0.3308,0.1154
1791264828.1814,O,,,,0.15376,0.3308,0.1154
1791264828.1824,O,,,,0.14053,0.3308,0.1154
1791264828.1351,R,C,,-62,,,
1791264828.1680,R,A,,-63,,,
1791264828.1776,R,B,,-50,,,
1791264828.1855,R,C,,-69,,,
1791264828.2127,R,C,,-78,,,
1791264828.2215,R,B,,-61,,,
