t_pc,kind,id,seq,rssi,yaw,x,y
1791343191.7906,O,,,,0.00000,0.0000,0.0000
1791343191.7916,O,,,,0.00000,0.0000,0.0000
1791343191.7925,O,,,,0.00000,0.0000,0.0000
1791343191.7932,O,,,,0.00000,0.0000,0.0000
1791343191.8642,O,,,,0.00000,0.0000,0.0000
1791343191.8651,O,,,,0.00000,0.0000,0.0000
1791343191.8667,O,,,,0.00000,0.0000,0.0000
1791343191.8675,O,,,,0.00000,0.0000,0.0000
1791343191.7305,R,C,,-62,,,
1791343191.7307,R,B,,-71,,,
1791343191.7704,R,A,,-83,,,
1791343191.7875,R,C,,-60,,,
1791343191.7879,R,A,,-78,,,
1791343191.7964,R,B,,-83,,,
1791343191.8461,R,B,,-62,,,
1791343191.8514,R,C,,-56,,,
1791343191.8543,R,A,,-84,,,
1791343191.8921,R,A,,-85,,,
1791343191.8923,R,B,,-71,,,
1791343191.8925,R,C,,-60,,,
1791343191.9391,O,,,,0.00000,0.0000,0.0000
1791343191.9402,O,,,,0.00000,0.0000,0.0000
1791343191.9409,O,,,,0.00000,0.0000,0.0000
1791343191.9417,O,,,,0.00000,0.0000,0.0000
1791343191.9221,R,B,,-65,,,
1791343191.9227,R,C,,-59,,,
1791343191.9708,R,A,,-75,,,
1791343191.9886,R,C,,-55,,,
1791343191.9965,R,B,,-61,,,
1791343192.0094,R,C,,-60,,,
1791343192.0102,R,B,,-71,,,
1791343192.0191,O,,,,0.00000,0.0000,0.0000
1791343192.0199,O,,,,0.00000,0.0000,0.0000
1791343192.0208,O,,,,0.00000,0.0000,0.0000
1791343192.0215,O,,,,0.00000,0.0000,0.0000
1791343192.0184,R,A,,-87,,,
1791343192.0992,O,,,,0.00000,0.0000,0.0000
1791343192.1002,O,,,,0.00000,0.0000,0.0000
1791343192.1009,O,,,,0.00000,0.0000,0.0000
1791343192.1017,O,,,,0.00000,0.0000,0.0000
1791343192.0621,R,A,,-79,,,
1791343192.0631,R,B,,-64,,,
1791343192.1000,R,A,,-75,,,
1791343192.1012,R,C,,-57,,,
1791343192.1237,R,B,,-62,,,
1791343192.1460,R,B,,-63,,,
1791343192.1512,R,C,,-55,,,
1791343192.1537,R,A,,-93,,,
1791343192.1742,O,,,,0.00000,0.0000,0.0000
1791343192.1750,O,,,,0.00000,0.0000,0.0000
1791343192.1758,O,,,,0.00000,0.0000,0.0000
1791343192.1766,O,,,,0.00000,0.0000,0.0000
1791343192.1942,R,B,,-70,,,
1791343192.1944,R,C,,-60,,,
1791343192.2445,O,,,,0.00000,0.0000,0.0000
1791343192.2456,O,,,,0.00000,0.0000,0.0000
1791343192.2466,O,,,,0.00000,0.0000,0.0000
1791343192.2204,R,A,,-83,,,
1791343192.2463,R,B,,-64,,,
1791343192.2517,R,C,,-58,,,
1791343192.2703,R,A,,-75,,,
1791343192.2854,R,B,,-62,,,
1791343192.2858,R,C,,-53,,,
1791343192.2859,R,A,,-85,,,
1791343192.3243,O,,,,0.00000,0.0000,0.0000
1791343192.3251,O,,,,0.00000,0.0000,0.0000
1791343192.3258,O,,,,0.00000,0.0000,0.0000
1791343192.3266,O,,,,0.00000,0.0000,0.0000
1791343192.3315,R,B,,-71,,,
1791343192.3316,R,C,,-59,,,
1791343192.3323,R,A,,-82,,,
1791343192.3998,O,,,,0.00000,0.0000,0.0000
1791343192.4007,O,,,,0.00000,0.0000,0.0000
1791343192.4018,O,,,,0.00000,0.0000,0.0000
1791343192.4025,O,,,,0.00000,0.0000,0.0000
1791343192.3703,R,A,,-80,,,
1791343192.3963,R,B,,-64,,,
1791343192.4012,R,C,,-58,,,
1791343192.4204,R,A,,-75,,,
1791343192.4365,R,C,,-54,,,
1791343192.4366,R,B,,-62,,,
1791343192.4796,O,,,,0.00000,0.0000,0.0000
1791343192.4805,O,,,,0.00000,0.0000,0.0000
1791343192.4812,O,,,,0.00000,0.0000,0.0000
1791343192.4819,O,,,,0.00000,0.0000,0.0000
1791343192.4693,R,B,,-71,,,
1791343192.4695,R,C,,-60,,,
1791343192.4704,R,A,,-85,,,
1791343192.5042,R,A,,-81,,,
1791343192.5546,O,,,,0.00000,0.0000,0.0000
1791343192.5578,O,,,,0.00000,0.0000,0.0000
1791343192.5586,O,,,,0.00000,0.0000,0.0000
1791343192.5594,O,,,,0.00000,0.0000,0.0000
1791343192.5128,R,C,,-58,,,
1791343192.5129,R,B,,-64,,,
1791343192.5515,R,C,,-57,,,
1791343192.5569,R,A,,-75,,,
1791343192.5941,R,B,,-62,,,
1791343192.5943,R,C,,-55,,,
1791343192.6037,R,A,,-85,,,
1791343192.6347,O,,,,0.00000,0.0000,0.0000
1791343192.6356,O,,,,0.00000,0.0000,0.0000
1791343192.6363,O,,,,0.00000,0.0000,0.0000
1791343192.6370,O,,,,0.00000,0.0000,0.0000
1791343192.6429,R,B,,-71,,,
1791343192.6431,R,A,,-81,,,
1791343192.6439,R,C,,-60,,,
1791343192.7044,O,,,,0.00000,0.0000,0.0000
1791343192.7054,O,,,,0.00000,0.0000,0.0000
1791343192.7061,O,,,,0.00000,0.0000,0.0000
1791343192.6963,R,B,,-64,,,
1791343192.7013,R,C,,-58,,,
1791343192.7207,R,A,,-77,,,
1791343192.7400,R,B,,-61,,,
1791343192.7402,R,C,,-53,,,
1791343192.7405,R,A,,-82,,,
1791343192.7842,O,,,,0.00000,0.0000,0.0000
1791343192.7850,O,,,,0.00000,0.0000,0.0000
1791343192.7860,O,,,,0.00000,0.0000,0.0000
1791343192.7889,O,,,,0.00000,0.0000,0.0000
1791343192.7733,R,B,,-70,,,
1791343192.8593,O,,,,0.00000,0.0000,0.0000
1791343192.8602,O,,,,0.00000,0.0000,0.0000
1791343192.8610,O,,,,0.00000,0.0000,0.0000
1791343192.8617,O,,,,0.00000,0.0000,0.0000
1791343192.8132,R,A,,-82,,,
1791343192.8139,R,B,,-65,,,
1791343192.8313,R,C,,-58,,,
1791343192.8553,R,A,,-76,,,
1791343192.8776,R,B,,-61,,,
1791343192.8780,R,C,,-55,,,
1791343192.9025,R,A,,-87,,,
1791343192.9392,O,,,,0.00000,0.0000,0.0000
1791343192.9405,O,,,,0.00000,0.0000,0.0000
1791343192.9417,O,,,,0.00000,0.0000,0.0000
1791343192.9429,O,,,,0.00000,0.0000,0.0000
1791343192.9131,R,B,,-70,,,
1791343192.9468,R,B,,-71,,,
1791343192.9514,R,C,,-60,,,
1791343192.9706,R,A,,-82,,,
1791343193.0142,O,,,,0.00000,0.0000,0.0000
1791343193.0154,O,,,,0.00000,0.0000,0.0000
1791343193.0166,O,,,,0.00000,0.0000,0.0000
1791343193.0177,O,,,,0.00000,0.0000,0.0000
1791343193.0347,R,C,,-54,,,
1791343193.0463,R,B,,-61,,,
1791343193.0486,R,A,,-86,,,
1791343193.0941,O,,,,0.00000,0.0000,0.0000
1791343193.0950,O,,,,0.00000,0.0000,0.0000
1791343193.0958,O,,,,0.00000,0.0000,0.0000
1791343193.0967,O,,,,0.00000,0.0000,0.0000
1791343193.0828,R,B,,-70,,,
1791343193.0846,R,A,,-83,,,
1791343193.0850,R,C,,-60,,,
1791343193.1266,R,B,,-64,,,
1791343193.1268,R,C,,-57,,,
1791343193.1543,R,A,,-76,,,
1791343193.1641,O,,,,0.00000,0.0000,0.0000
1791343193.1650,O,,,,0.00000,0.0000,0.0000
1791343193.1658,O,,,,0.00000,0.0000,0.0000
1791343193.1669,O,,,,0.00000,0.0000,0.0000
1791343193.1694,R,B,,-61,,,
1791343193.1707,R,A,,-75,,,
1791343193.2013,R,C,,-53,,,
1791343193.2445,O,,,,0.00000,0.0000,0.0000
1791343193.2454,O,,,,0.00000,0.0000,0.0000
1791343193.2461,O,,,,0.00000,0.0000,0.0000
1791343193.2205,R,A,,-85,,,
1791343193.2462,R,B,,-69,,,
1791343193.2513,R,C,,-60,,,
1791343193.2580,R,C,,-58,,,
1791343193.2583,R,B,,-64,,,
1791343193.2583,R,A,,-82,,,
1791343193.3024,R,A,,-77,,,
1791343193.3026,R,C,,-58,,,
1791343193.3193,O,,,,0.00000,0.0000,0.0000
1791343193.3202,O,,,,0.00000,0.0000,0.0000
1791343193.3210,O,,,,0.00000,0.0000,0.0000
1791343193.3220,O,,,,0.00000,0.0000,0.0000
1791343193.3429,R,B,,-62,,,
1791343193.3438,R,C,,-54,,,
1791343193.3456,R,B,,-60,,,
1791343193.3544,R,A,,-84,,,
1791343193.3991,O,,,,0.00000,0.0000,0.0000
1791343193.4002,O,,,,0.00000,0.0000,0.0000
1791343193.4012,O,,,,0.00000,0.0000,0.0000
1791343193.4024,O,,,,0.00000,0.0000,0.0000
1791343193.3903,R,C,,-60,,,
1791343193.3905,R,A,,-83,,,
1791343193.3906,R,B,,-69,,,
1791343193.4328,R,B,,-63,,,
1791343193.4329,R,C,,-58,,,
1791343193.4584,R,A,,-77,,,
1791343193.4745,O,,,,0.00000,0.0000,0.0000
1791343193.4756,O,,,,0.00000,0.0000,0.0000
1791343193.4765,O,,,,0.00000,0.0000,0.0000
1791343193.4776,O,,,,0.00000,0.0000,0.0000
1791343193.4798,R,C,,-54,,,
1791343193.4964,R,B,,-61,,,
1791343193.5544,O,,,,0.00000,0.0000,0.0000
1791343193.5553,O,,,,0.00000,0.0000,0.0000
1791343193.5561,O,,,,0.00000,0.0000,0.0000
1791343193.5568,O,,,,0.00000,0.0000,0.0000
1791343193.5216,R,C,,-60,,,
1791343193.5221,R,B,,-69,,,
1791343193.5648,R,A,,-81,,,
1791343193.5674,R,C,,-58,,,
1791343193.5675,R,B,,-64,,,
1791343193.6353,O,,,,0.00000,0.0000,0.0000
1791343193.6364,O,,,,0.00000,0.0000,0.0000
1791343193.6376,O,,,,0.00000,0.0000,0.0000
1791343193.6385,O,,,,0.00000,0.0000,0.0000
1791343193.6207,R,A,,-78,,,
1791343193.6470,R,B,,-61,,,
1791343193.6517,R,C,,-54,,,
1791343193.6519,R,B,,-69,,,
1791343193.6535,R,A,,-88,,,
1791343193.6997,O,,,,0.00000,0.0000,0.0000
1791343193.7010,O,,,,0.00000,0.0000,0.0000
1791343193.7020,O,,,,0.00000,0.0000,0.0000
1791343193.6959,R,C,,-60,,,
1791343193.6964,R,B,,-69,,,
1791343193.7059,R,A,,-83,,,
1791343193.7368,R,B,,-63,,,
1791343193.7417,R,C,,-59,,,
1791343193.7793,O,,,,0.00000,0.0000,0.0000
1791343193.7801,O,,,,0.00000,0.0000,0.0000
1791343193.7809,O,,,,0.00000,0.0000,0.0000
1791343193.7816,O,,,,0.00000,0.0000,0.0000
1791343193.7709,R,A,,-76,,,
1791343193.7837,R,B,,-61,,,
1791343193.8599,O,,,,0.00000,0.0000,0.0000
1791343193.8612,O,,,,0.00000,0.0000,0.0000
1791343193.8624,O,,,,0.00000,0.0000,0.0000
1791343193.8314,R,C,,-60,,,
1791343193.8316,R,B,,-71,,,
1791343193.8398,R,A,,-82,,,
1791343193.8639,O,,,,0.00000,0.0000,0.0000
1791343193.8817,R,B,,-66,,,
1791343193.8819,R,A,,-74,,,
1791343193.8821,R,C,,-57,,,
1791343193.9345,O,,,,0.00000,0.0000,0.0000
1791343193.9355,O,,,,0.00000,0.0000,0.0000
1791343193.9380,O,,,,0.00000,0.0000,0.0000
1791343193.9389,O,,,,0.00000,0.0000,0.0000
1791343193.9344,R,C,,-54,,,
1791343193.9346,R,B,,-64,,,
1791343193.9771,R,C,,-63,,,
1791343193.9867,R,B,,-71,,,
1791343194.0146,O,,,,0.00000,0.0000,0.0000
1791343194.0157,O,,,,0.00000,0.0000,0.0000
1791343194.0165,O,,,,0.00000,0.0000,0.0000
1791343194.0173,O,,,,0.00000,0.0000,0.0000
1791343194.0207,R,A,,-78,,,
1791343194.0467,R,B,,-68,,,
1791343194.0514,R,C,,-61,,,
1791343194.0953,O,,,,0.00000,0.0000,0.0000
1791343194.0962,O,,,,0.00000,0.0000,0.0000
1791343194.0970,O,,,,0.00000,0.0000,0.0000
1791343194.0977,O,,,,0.00000,0.0000,0.0000
1791343194.0707,R,A,,-77,,,
1791343194.0952,R,B,,-65,,,
1791343194.0956,R,C,,-54,,,
1791343194.1107,R,C,,-67,,,
1791343194.1108,R,B,,-71,,,
1791343194.1593,O,,,,0.00000,0.0000,0.0000
1791343194.1601,O,,,,0.00000,0.0000,0.0000
1791343194.1609,O,,,,0.00000,0.0000,0.0000
1791343194.1124,R,A,,-87,,,
1791343194.1706,R,A,,-92,,,
1791343194.1966,R,B,,-74,,,
1791343194.2018,R,C,,-64,,,
1791343194.2051,R,B,,-81,,,
1791343194.2393,O,,,,0.00000,0.0000,0.0000
1791343194.2401,O,,,,0.00000,0.0000,0.0000
1791343194.2409,O,,,,0.00000,0.0000,0.0000
1791343194.2416,O,,,,0.00000,0.0000,0.0000
1791343194.2149,R,A,,-77,,,
1791343194.2512,R,C,,-68,,,
1791343194.2514,R,A,,-78,,,
1791343194.2935,R,B,,-70,,,
1791343194.2937,R,C,,-62,,,
1791343194.3094,R,A,,-77,,,
1791343194.3203,O,,,,0.00000,0.0000,0.0000
1791343194.3211,O,,,,0.00000,0.0000,0.0000
1791343194.3219,O,,,,0.00000,0.0000,0.0000
1791343194.3228,O,,,,0.00000,0.0000,0.0000
1791343194.3406,R,C,,-56,,,
1791343194.3408,R,B,,-71,,,
1791343194.3948,O,,,,0.00000,0.0000,0.0000
1791343194.3957,O,,,,0.00000,0.0000,0.0000
1791343194.3965,O,,,,0.00000,0.0000,0.0000
1791343194.3972,O,,,,0.00000,0.0000,0.0000
1791343194.3707,R,A,,-76,,,
1791343194.3884,R,B,,-73,,,
1791343194.3885,R,A,,-78,,,
1791343194.3886,R,C,,-55,,,
1791343194.4370,R,A,,-77,,,
1791343194.4469,R,B,,-67,,,
1791343194.4520,R,C,,-56,,,
1791343194.4748,O,,,,0.00000,0.0000,0.0000
1791343194.4758,O,,,,0.00000,0.0000,0.0000
1791343194.4769,O,,,,0.00000,0.0000,0.0000
1791343194.4777,O,,,,0.00000,0.0000,0.0000
1791343194.4822,R,B,,-63,,,
1791343194.4823,R,C,,-57,,,
1791343194.4832,R,A,,-72,,,
1791343194.5499,O,,,,0.00000,0.0000,0.0000
1791343194.5510,O,,,,0.00000,0.0000,0.0000
1791343194.5517,O,,,,0.00000,0.0000,0.0000
1791343194.5525,O,,,,0.00000,0.0000,0.0000
1791343194.5259,R,C,,-63,,,
1791343194.5261,R,A,,-70,,,
1791343194.5467,R,B,,-61,,,
1791343194.5690,R,B,,-66,,,
1791343194.5718,R,A,,-69,,,
1791343194.6015,R,C,,-55,,,
1791343194.6296,O,,,,0.00000,0.0000,0.0000
1791343194.6306,O,,,,0.00000,0.0000,0.0000
1791343194.6313,O,,,,0.00000,0.0000,0.0000
1791343194.6320,O,,,,0.00000,0.0000,0.0000
1791343194.6169,R,B,,-67,,,
1791343194.6209,R,A,,-75,,,
1791343194.6231,R,C,,-57,,,
1791343194.6600,R,A,,-80,,,
1791343194.6603,R,C,,-55,,,
1791343194.6997,O,,,,0.00000,0.0000,0.0000
1791343194.7006,O,,,,0.00000,0.0000,0.0000
1791343194.7016,O,,,,0.00000,0.0000,0.0000
1791343194.6968,R,B,,-71,,,
1791343194.7015,R,C,,-51,,,
1791343194.7210,R,A,,-76,,,
1791343194.7440,R,A,,-71,,,
1791343194.7440,R,B,,-74,,,
1791343194.7517,R,C,,-57,,,
1791343194.7790,O,,,,0.00000,0.0000,0.0000
1791343194.7797,O,,,,0.00000,0.0000,0.0000
1791343194.7802,O,,,,0.00000,0.0000,0.0000
1791343194.7809,O,,,,0.00000,0.0000,0.0000
1791343194.7954,R,A,,-64,,,
1791343194.8545,O,,,,0.00000,0.0000,0.0000
1791343194.8553,O,,,,0.00000,0.0000,0.0000
1791343194.8561,O,,,,0.00000,0.0000,0.0000
1791343194.8568,O,,,,0.00000,0.0000,0.0000
1791343194.8417,R,A,,-64,,,
1791343194.8465,R,B,,-57,,,
1791343194.8523,R,C,,-50,,,
1791343194.8873,R,B,,-50,,,
1791343194.9019,R,C,,-49,,,
1791343194.9347,O,,,,0.00000,0.0000,0.0000
1791343194.9358,O,,,,0.00000,0.0000,0.0000
1791343194.9365,O,,,,0.00000,0.0000,0.0000
1791343194.9374,O,,,,0.00000,0.0000,0.0000
1791343194.9208,R,A,,-65,,,
1791343194.9465,R,B,,-49,,,
1791343194.9527,R,C,,-53,,,
1791343195.0095,O,,,,0.00000,0.0000,0.0000
1791343195.0104,O,,,,0.00000,0.0000,0.0000
1791343195.0112,O,,,,0.00000,0.0000,0.0000
1791343195.0119,O,,,,0.00000,0.0000,0.0000
1791343194.9714,R,A,,-64,,,
1791343194.9742,R,C,,-57,,,
1791343194.9965,R,B,,-49,,,
1791343195.0140,R,A,,-81,,,
1791343195.0167,R,A,,-72,,,
1791343195.0227,R,C,,-54,,,
1791343195.0322,R,B,,-48,,,
1791343195.0903,O,,,,0.00000,0.0000,0.0000
1791343195.0912,O,,,,0.00000,0.0000,0.0000
1791343195.0920,O,,,,0.00000,0.0000,0.0000
1791343195.0927,O,,,,0.00000,0.0000,0.0000
1791343195.0628,R,C,,-56,,,
1791343195.0631,R,A,,-66,,,
1791343195.0632,R,B,,-43,,,
1791343195.1087,R,B,,-47,,,
1791343195.1597,O,,,,0.00000,0.0000,0.0000
1791343195.1608,O,,,,0.00000,0.0000,0.0000
1791343195.1616,O,,,,0.00000,0.0000,0.0000
1791343195.1213,R,A,,-65,,,
1791343195.1347,R,C,,-64,,,
1791343195.1590,R,A,,-68,,,
1791343195.1711,R,B,,-44,,,
1791343195.1932,R,C,,-49,,,
1791343195.2061,R,A,,-73,,,
1791343195.2352,O,,,,0.00000,0.0000,0.0000
1791343195.2360,O,,,,0.00000,0.0000,0.0000
1791343195.2367,O,,,,0.00000,0.0000,0.0000
1791343195.2374,O,,,,0.00000,0.0000,0.0000
1791343195.2338,R,B,,-45,,,
1791343195.2339,R,C,,-49,,,
1791343195.2494,R,A,,-61,,,
1791343195.2518,R,C,,-50,,,
1791343195.3016,R,C,,-50,,,
1791343195.3152,O,,,,0.00000,0.0000,0.0000
1791343195.3161,O,,,,0.00000,0.0000,0.0000
1791343195.3168,O,,,,0.00000,0.0000,0.0000
1791343195.3176,O,,,,0.00000,0.0000,0.0000
1791343195.3208,R,A,,-70,,,
1791343195.3370,R,B,,-43,,,
1791343195.3371,R,C,,-51,,,
1791343195.3378,R,A,,-75,,,
1791343195.3946,O,,,,0.00000,0.0000,0.0000
1791343195.3955,O,,,,0.00000,0.0000,0.0000
1791343195.3963,O,,,,0.00000,0.0000,0.0000
1791343195.3970,O,,,,0.00000,0.0000,0.0000
1791343195.3803,R,C,,-50,,,
1791343195.3855,R,B,,-39,,,
1791343195.4152,R,A,,-62,,,
1791343195.4286,R,C,,-47,,,
1791343195.4287,R,B,,-40,,,
1791343195.4492,R,A,,-68,,,
1791343195.4695,O,,,,0.00000,0.0000,0.0000
1791343195.4702,O,,,,0.00000,0.0000,0.0000
1791343195.4710,O,,,,0.00000,0.0000,0.0000
1791343195.4717,O,,,,0.00000,0.0000,0.0000
1791343195.4734,R,B,,-54,,,
1791343195.4735,R,C,,-51,,,
1791343195.5499,O,,,,0.00000,0.0000,0.0000
1791343195.5509,O,,,,0.00000,0.0000,0.0000
1791343195.5517,O,,,,0.00000,0.0000,0.0000
1791343195.5524,O,,,,0.00000,0.0000,0.0000
1791343195.5209,R,A,,-62,,,
1791343195.5466,R,B,,-60,,,
1791343195.5515,R,C,,-51,,,
1791343195.5679,R,A,,-63,,,
1791343195.5682,R,B,,-57,,,
1791343195.5683,R,C,,-57,,,
1791343195.6078,R,C,,-57,,,
1791343195.6085,R,A,,-59,,,
1791343195.6251,O,,,,0.00000,0.0000,0.0000
1791343195.6259,O,,,,0.00000,0.0000,0.0000
1791343195.6266,O,,,,0.00000,0.0000,0.0000
1791343195.6274,O,,,,0.00000,0.0000,0.0000
1791343195.6470,R,B,,-51,,,
1791343195.6950,O,,,,0.00000,0.0000,0.0000
1791343195.6959,O,,,,0.00000,0.0000,0.0000
1791343195.6968,O,,,,0.00000,0.0000,0.0000
1791343195.6646,R,A,,-62,,,
1791343195.6965,R,B,,-49,,,
1791343195.7004,R,C,,-49,,,
1791343195.7215,R,A,,-62,,,
1791343195.7407,R,B,,-47,,,
1791343195.7433,R,B,,-44,,,
1791343195.7462,R,C,,-49,,,
1791343195.7466,R,A,,-62,,,
1791343195.7752,O,,,,0.00000,0.0000,0.0000
1791343195.7760,O,,,,0.00000,0.0000,0.0000
1791343195.7768,O,,,,0.00000,0.0000,0.0000
1791343195.7776,O,,,,0.00000,0.0000,0.0000
1791343195.7852,R,A,,-63,,,
1791343195.7855,R,B,,-43,,,
1791343195.7856,R,C,,-49,,,
1791343195.8555,O,,,,0.00000,0.0000,0.0000
1791343195.8566,O,,,,0.00000,0.0000,0.0000
1791343195.8573,O,,,,0.00000,0.0000,0.0000
1791343195.8587,O,,,,0.00000,0.0000,0.0000
1791343195.8466,R,B,,-41,,,
1791343195.8521,R,C,,-50,,,
1791343195.8705,R,A,,-62,,,
1791343195.8730,R,B,,-47,,,
1791343195.8833,R,C,,-52,,,
1791343195.9301,O,,,,0.00000,0.0000,0.0000
1791343195.9311,O,,,,0.00132,-0.0003,-0.0000
1791343195.9318,O,,,,0.00265,-0.0005,-0.0000
1791343195.9326,O,,,,0.00397,-0.0008,-0.0000
1791343195.9167,R,A,,-68,,,
1791343195.9474,R,B,,-43,,,
1791343195.9518,R,C,,-50,,,
1791343195.9585,R,A,,-62,,,
1791343196.0101,O,,,,0.00529,-0.0011,-0.0000
1791343196.0111,O,,,,0.00794,-0.0016,-0.0000
1791343196.0121,O,,,,0.01059,-0.0021,-0.0000
1791343195.9835,R,B,,-42,,,
1791343195.9862,R,C,,-49,,,
1791343196.0088,R,A,,-64,,,
1791343196.0130,O,,,,0.01324,-0.0026,-0.0000
1791343196.0142,R,B,,-50,,,
1791343196.0143,R,C,,-51,,,
1791343196.0522,R,B,,-43,,,
1791343196.0854,O,,,,0.01721,-0.0034,-0.0000
1791343196.0865,O,,,,0.02118,-0.0042,-0.0000
1791343196.0873,O,,,,0.02515,-0.0050,-0.0001
1791343196.0880,O,,,,0.02912,-0.0058,-0.0001
1791343196.0714,R,A,,-68,,,
1791343196.0945,R,C,,-51,,,
1791343196.0947,R,A,,-62,,,
1791343196.0949,R,B,,-43,,,
1791343196.1551,O,,,,0.03177,-0.0069,-0.0001
1791343196.1561,O,,,,0.03574,-0.0077,-0.0001
1791343196.1568,O,,,,0.03706,-0.0085,-0.0002
1791343196.1357,R,B,,-42,,,
1791343196.1360,R,A,,-62,,,
1791343196.1476,R,C,,-49,,,
1791343196.1840,R,C,,-49,,,
1791343196.1949,R,B,,-50,,,
1791343196.1952,R,A,,-73,,,
1791343196.2350,O,,,,0.03971,-0.0095,-0.0002
1791343196.2359,O,,,,0.04103,-0.0103,-0.0002
1791343196.2367,O,,,,0.04103,-0.0108,-0.0003
1791343196.2374,O,,,,0.04236,-0.0116,-0.0003
1791343196.2232,R,C,,-52,,,
1791343196.2377,R,B,,-43,,,
1791343196.3104,O,,,,0.04236,-0.0122,-0.0003
1791343196.3113,O,,,,0.04236,-0.0127,-0.0003
1791343196.3121,O,,,,0.04236,-0.0132,-0.0004
1791343196.2690,R,A,,-64,,,
1791343196.2844,R,C,,-51,,,
1791343196.2846,R,B,,-48,,,
1791343196.3130,O,,,,0.04103,-0.0135,-0.0004
1791343196.3217,R,A,,-64,,,
1791343196.3469,R,B,,-50,,,
1791343196.3522,R,C,,-50,,,
1791343196.3593,R,B,,-51,,,
1791343196.3904,O,,,,0.04236,-0.0138,-0.0004
1791343196.3914,O,,,,0.04236,-0.0138,-0.0004
1791343196.3923,O,,,,0.04236,-0.0138,-0.0004
1791343196.3930,O,,,,0.04236,-0.0138,-0.0004
1791343196.3626,R,A,,-63,,,
1791343196.3934,R,C,,-61,,,
1791343196.4006,R,C,,-56,,,
1791343196.4194,R,A,,-65,,,
1791343196.4196,R,B,,-46,,,
1791343196.4513,R,C,,-56,,,
1791343196.4692,O,,,,0.04236,-0.0138,-0.0004
1791343196.4701,O,,,,0.04236,-0.0138,-0.0004
1791343196.4710,O,,,,0.04236,-0.0138,-0.0004
1791343196.4717,O,,,,0.04236,-0.0138,-0.0004
1791343196.4716,R,A,,-54,,,
1791343196.4912,R,B,,-43,,,
1791343196.4914,R,C,,-49,,,
1791343196.4935,R,B,,-40,,,
1791343196.5079,R,A,,-60,,,
1791343196.5450,O,,,,0.04236,-0.0138,-0.0004
1791343196.5460,O,,,,0.04236,-0.0138,-0.0004
1791343196.5468,O,,,,0.04236,-0.0138,-0.0004
1791343196.5475,O,,,,0.04236,-0.0138,-0.0004
1791343196.5323,R,B,,-38,,,
1791343196.5324,R,C,,-57,,,
1791343196.5328,R,A,,-57,,,
1791343196.5743,R,B,,-37,,,
1791343196.5746,R,C,,-53,,,
1791343196.6248,O,,,,0.04236,-0.0138,-0.0004
1791343196.6257,O,,,,0.04236,-0.0138,-0.0004
1791343196.6264,O,,,,0.04236,-0.0138,-0.0004
1791343196.6271,O,,,,0.04236,-0.0138,-0.0004
1791343196.6228,R,B,,-40,,,
1791343196.6230,R,C,,-55,,,
1791343196.6951,O,,,,0.04236,-0.0138,-0.0004
1791343196.6961,O,,,,0.04236,-0.0138,-0.0004
1791343196.6969,O,,,,0.04236,-0.0138,-0.0004
1791343196.6630,R,B,,-38,,,
1791343196.6634,R,A,,-51,,,
1791343196.6939,R,C,,-59,,,
1791343196.7218,R,A,,-53,,,
1791343196.7467,R,B,,-37,,,
1791343196.7519,R,C,,-54,,,
1791343196.7693,O,,,,0.04236,-0.0138,-0.0004
1791343196.7706,O,,,,0.04236,-0.0138,-0.0004
1791343196.7715,O,,,,0.04236,-0.0138,-0.0004
1791343196.7721,O,,,,0.04236,-0.0138,-0.0004
1791343196.7709,R,A,,-50,,,
1791343196.7972,R,B,,-39,,,
1791343196.8017,R,C,,-65,,,
1791343196.8035,R,B,,-40,,,
1791343196.8504,O,,,,0.04236,-0.0138,-0.0004
1791343196.8513,O,,,,0.04236,-0.0138,-0.0004
1791343196.8522,O,,,,0.04236,-0.0138,-0.0004
1791343196.8529,O,,,,0.04236,-0.0138,-0.0004
1791343196.8157,R,A,,-52,,,
1791343196.8630,R,B,,-35,,,
1791343196.8705,R,A,,-57,,,
1791343196.8970,R,B,,-37,,,
1791343196.9024,R,C,,-47,,,
1791343196.9305,O,,,,0.04236,-0.0138,-0.0004
1791343196.9314,O,,,,0.04236,-0.0138,-0.0004
1791343196.9322,O,,,,0.04236,-0.0138,-0.0004
1791343196.9331,O,,,,0.04236,-0.0138,-0.0004
1791343196.9219,R,A,,-57,,,
1791343196.9404,R,C,,-44,,,
1791343196.9406,R,B,,-39,,,
1791343196.9416,R,A,,-64,,,
1791343197.0043,O,,,,0.04236,-0.0138,-0.0004
1791343197.0052,O,,,,0.04236,-0.0138,-0.0004
1791343197.0060,O,,,,0.04236,-0.0138,-0.0004
1791343197.0067,O,,,,0.04236,-0.0138,-0.0004
1791343196.9886,R,C,,-45,,,
1791343196.9888,R,A,,-69,,,
1791343196.9889,R,B,,-39,,,
1791343197.0320,R,A,,-66,,,
1791343197.0321,R,C,,-43,,,
1791343197.0473,R,B,,-39,,,
1791343197.0848,O,,,,0.04236,-0.0138,-0.0004
1791343197.0858,O,,,,0.04236,-0.0138,-0.0004
1791343197.0866,O,,,,0.04236,-0.0138,-0.0004
1791343197.0873,O,,,,0.04236,-0.0138,-0.0004
1791343197.0711,R,A,,-57,,,
1791343197.0950,R,B,,-41,,,
1791343197.0956,R,C,,-41,,,
1791343197.1550,O,,,,0.04236,-0.0138,-0.0004
1791343197.1560,O,,,,0.04236,-0.0138,-0.0004
1791343197.1570,O,,,,0.04236,-0.0138,-0.0004
1791343197.1203,R,B,,-40,,,
1791343197.1374,R,C,,-48,,,
1791343197.1665,R,B,,-39,,,
1791343197.1714,R,A,,-52,,,
1791343197.2017,R,C,,-48,,,
1791343197.2300,O,,,,0.04236,-0.0138,-0.0004
1791343197.2310,O,,,,0.04236,-0.0138,-0.0004
1791343197.2318,O,,,,0.04236,-0.0138,-0.0004
1791343197.2325,O,,,,0.04236,-0.0138,-0.0004
1791343197.2141,R,C,,-48,,,
1791343197.2204,R,B,,-40,,,
1791343197.2210,R,A,,-53,,,
1791343197.2568,R,B,,-41,,,
1791343197.3102,O,,,,0.04236,-0.0138,-0.0004
1791343197.3113,O,,,,0.04236,-0.0138,-0.0004
1791343197.3122,O,,,,0.04236,-0.0138,-0.0004
1791343197.2650,R,C,,-51,,,
1791343197.2719,R,A,,-52,,,
1791343197.3131,O,,,,0.04236,-0.0138,-0.0004
1791343197.3214,R,A,,-55,,,
1791343197.3469,R,B,,-41,,,
1791343197.3543,R,A,,-55,,,
1791343197.3903,O,,,,0.04236,-0.0138,-0.0004
1791343197.3912,O,,,,0.04236,-0.0138,-0.0004
1791343197.3920,O,,,,0.04236,-0.0138,-0.0004
1791343197.3927,O,,,,0.04236,-0.0138,-0.0004
1791343197.3690,R,B,,-42,,,
1791343197.4165,R,B,,-40,,,
1791343197.4170,R,A,,-56,,,
1791343197.4445,R,B,,-41,,,
1791343197.4447,R,A,,-60,,,
1791343197.4449,R,C,,-49,,,
1791343197.4648,O,,,,0.04236,-0.0138,-0.0004
1791343197.4657,O,,,,0.04236,-0.0138,-0.0004
1791343197.4668,O,,,,0.04236,-0.0138,-0.0004
1791343197.4678,O,,,,0.04236,-0.0138,-0.0004
1791343197.4932,R,C,,-52,,,
1791343197.4976,R,B,,-45,,,
1791343197.5030,R,A,,-57,,,
1791343197.5454,O,,,,0.04236,-0.0138,-0.0004
1791343197.5464,O,,,,0.04236,-0.0138,-0.0004
1791343197.5472,O,,,,0.04236,-0.0138,-0.0004
1791343197.5479,O,,,,0.04236,-0.0138,-0.0004
1791343197.5350,R,B,,-50,,,
1791343197.5352,R,C,,-56,,,
1791343197.5380,R,A,,-54,,,
1791343197.5777,R,B,,-67,,,
1791343197.5802,R,A,,-56,,,
1791343197.5804,R,C,,-69,,,
1791343197.6205,O,,,,0.04236,-0.0138,-0.0004
1791343197.6216,O,,,,0.04236,-0.0138,-0.0004
1791343197.6225,O,,,,0.04236,-0.0138,-0.0004
1791343197.6233,O,,,,0.04236,-0.0138,-0.0004
1791343197.6307,R,B,,-49,,,
1791343197.6435,R,A,,-54,,,
1791343197.6437,R,C,,-57,,,
1791343197.6896,O,,,,0.04236,-0.0138,-0.0004
1791343197.6906,O,,,,0.04236,-0.0138,-0.0004
1791343197.6914,O,,,,0.04236,-0.0138,-0.0004
1791343197.6660,R,A,,-55,,,
1791343197.6663,R,B,,-44,,,
1791343197.6676,R,C,,-52,,,
1791343197.7197,R,B,,-49,,,
1791343197.7220,R,A,,-63,,,
1791343197.7295,R,C,,-56,,,
1791343197.7561,R,B,,-45,,,
1791343197.7563,R,A,,-67,,,
1791343197.7699,O,,,,0.04236,-0.0138,-0.0004
1791343197.7710,O,,,,0.04236,-0.0138,-0.0004
1791343197.7717,O,,,,0.04236,-0.0138,-0.0004
1791343197.7724,O,,,,0.04236,-0.0138,-0.0004
1791343197.7724,R,C,,-60,,,
1791343197.8018,R,A,,-58,,,
1791343197.8102,R,B,,-44,,,
1791343197.8460,O,,,,0.04236,-0.0138,-0.0004
1791343197.8468,O,,,,0.04236,-0.0138,-0.0004
1791343197.8476,O,,,,0.04236,-0.0138,-0.0004
1791343197.8484,O,,,,0.04236,-0.0138,-0.0004
1791343197.8519,R,C,,-57,,,
1791343197.8544,R,A,,-64,,,
1791343197.8965,R,A,,-63,,,
1791343197.8968,R,B,,-48,,,
1791343197.9024,R,C,,-65,,,
1791343197.9252,O,,,,0.04236,-0.0138,-0.0004
1791343197.9260,O,,,,0.04236,-0.0138,-0.0004
1791343197.9268,O,,,,0.04236,-0.0138,-0.0004
1791343197.9275,O,,,,0.04236,-0.0138,-0.0004
1791343197.9386,R,B,,-46,,,
1791343197.9387,R,C,,-61,,,
1791343197.9550,R,A,,-64,,,
1791343198.0050,O,,,,0.04236,-0.0138,-0.0004
1791343198.0062,O,,,,0.04236,-0.0138,-0.0004
1791343198.0072,O,,,,0.04236,-0.0138,-0.0004
1791343198.0079,O,,,,0.04236,-0.0138,-0.0004
1791343197.9974,R,B,,-49,,,
1791343198.0018,R,C,,-58,,,
1791343198.0161,R,A,,-62,,,
1791343198.0274,R,B,,-52,,,
1791343198.0375,R,C,,-60,,,
1791343198.0380,R,A,,-64,,,
1791343198.0804,O,,,,0.04236,-0.0138,-0.0004
1791343198.0817,O,,,,0.04236,-0.0138,-0.0004
1791343198.0829,O,,,,0.04236,-0.0138,-0.0004
1791343198.0840,O,,,,0.04236,-0.0138,-0.0004
1791343198.0969,R,B,,-48,,,
1791343198.1024,R,C,,-65,,,
1791343198.1507,O,,,,0.04236,-0.0138,-0.0004
1791343198.1520,O,,,,0.04236,-0.0138,-0.0004
1791343198.1532,O,,,,0.04236,-0.0138,-0.0004
1791343198.1215,R,A,,-77,,,
1791343198.1430,R,B,,-47,,,
1791343198.1431,R,C,,-57,,,
1791343198.1433,R,A,,-74,,,
1791343198.1645,R,B,,-49,,,
1791343198.1676,R,A,,-65,,,
1791343198.1734,R,C,,-69,,,
1791343198.2305,O,,,,0.04236,-0.0138,-0.0004
1791343198.2318,O,,,,0.04236,-0.0138,-0.0004
1791343198.2326,O,,,,0.04236,-0.0138,-0.0004
1791343198.2334,O,,,,0.04236,-0.0138,-0.0004
1791343198.2142,R,A,,-68,,,
1791343198.2143,R,C,,-63,,,
1791343198.2364,R,B,,-49,,,
1791343198.3051,O,,,,0.04236,-0.0138,-0.0004
1791343198.3062,O,,,,0.04236,-0.0138,-0.0004
1791343198.3070,O,,,,0.04236,-0.0138,-0.0004
1791343198.3078,O,,,,0.04236,-0.0138,-0.0004
1791343198.2632,R,A,,-67,,,
1791343198.2787,R,C,,-58,,,
1791343198.2788,R,B,,-49,,,
1791343198.3089,R,A,,-70,,,
1791343198.3107,R,C,,-61,,,
1791343198.3109,R,B,,-56,,,
1791343198.3525,R,C,,-63,,,
1791343198.3532,R,A,,-69,,,
1791343198.3537,R,B,,-51,,,
1791343198.3857,O,,,,0.04236,-0.0138,-0.0004
1791343198.3866,O,,,,0.04236,-0.0138,-0.0004
1791343198.3880,O,,,,0.04236,-0.0138,-0.0004
1791343198.3888,O,,,,0.04236,-0.0138,-0.0004
1791343198.3968,R,A,,-69,,,
1791343198.3970,R,B,,-56,,,
1791343198.4019,R,C,,-60,,,
1791343198.4472,R,B,,-55,,,
1791343198.4523,R,C,,-54,,,
1791343198.4547,R,A,,-72,,,
1791343198.4649,O,,,,0.04236,-0.0138,-0.0004
1791343198.4663,O,,,,0.04236,-0.0138,-0.0004
1791343198.4675,O,,,,0.04236,-0.0138,-0.0004
1791343198.4690,O,,,,0.04236,-0.0138,-0.0004
1791343198.4886,R,A,,-71,,,
1791343198.4920,R,C,,-61,,,
1791343198.4924,R,B,,-57,,,
1791343198.5399,O,,,,0.04236,-0.0138,-0.0004
1791343198.5409,O,,,,0.04236,-0.0138,-0.0004
1791343198.5417,O,,,,0.04236,-0.0138,-0.0004
1791343198.5425,O,,,,0.04236,-0.0138,-0.0004
1791343198.5292,R,B,,-62,,,
1791343198.5294,R,C,,-58,,,
1791343198.6104,O,,,,0.04236,-0.0138,-0.0004
1791343198.6117,O,,,,0.04236,-0.0138,-0.0004
1791343198.6128,O,,,,0.04236,-0.0138,-0.0004
1791343198.5723,R,A,,-82,,,
1791343198.5866,R,B,,-57,,,
1791343198.5867,R,C,,-55,,,
1791343198.6127,R,A,,-69,,,
1791343198.6131,R,C,,-55,,,
1791343198.6135,R,B,,-53,,,
1791343198.6556,R,A,,-77,,,
1791343198.6902,O,,,,0.04236,-0.0138,-0.0004
1791343198.6917,O,,,,0.04236,-0.0138,-0.0004
1791343198.6925,O,,,,0.04236,-0.0138,-0.0004
1791343198.6932,O,,,,0.04236,-0.0138,-0.0004
1791343198.6761,R,B,,-63,,,
1791343198.6973,R,C,,-62,,,
1791343198.7014,R,A,,-77,,,
1791343198.7020,R,C,,-67,,,
1791343198.7387,R,B,,-68,,,
1791343198.7481,R,C,,-55,,,
1791343198.7489,R,A,,-84,,,
1791343198.7647,O,,,,0.04236,-0.0138,-0.0004
1791343198.7656,O,,,,0.04236,-0.0138,-0.0004
1791343198.7664,O,,,,0.04236,-0.0138,-0.0004
1791343198.7675,O,,,,0.04236,-0.0138,-0.0004
1791343198.7943,R,C,,-62,,,
1791343198.7946,R,A,,-82,,,
1791343198.7976,R,B,,-55,,,
1791343198.8449,O,,,,0.04236,-0.0138,-0.0004
1791343198.8460,O,,,,0.04236,-0.0138,-0.0004
1791343198.8468,O,,,,0.04236,-0.0138,-0.0004
1791343198.8475,O,,,,0.04236,-0.0138,-0.0004
1791343198.8373,R,B,,-56,,,
1791343198.8374,R,C,,-62,,,
1791343198.8719,R,A,,-78,,,
1791343198.8844,R,C,,-61,,,
1791343198.8846,R,B,,-56,,,
1791343198.9248,O,,,,0.04236,-0.0138,-0.0004
1791343198.9257,O,,,,0.04236,-0.0138,-0.0004
1791343198.9264,O,,,,0.04236,-0.0138,-0.0004
1791343198.9271,O,,,,0.04236,-0.0138,-0.0004
1791343198.9242,R,B,,-60,,,
1791343199.0002,O,,,,0.04236,-0.0138,-0.0004
1791343199.0011,O,,,,0.04236,-0.0138,-0.0004
1791343199.0023,O,,,,0.04236,-0.0138,-0.0004
1791343199.0030,O,,,,0.04236,-0.0138,-0.0004
1791343198.9718,R,A,,-75,,,
1791343198.9826,R,C,,-61,,,
1791343198.9984,R,B,,-60,,,
1791343199.0209,R,C,,-59,,,
1791343199.0215,R,A,,-75,,,
1791343199.0474,R,B,,-60,,,
1791343199.0798,O,,,,0.04236,-0.0138,-0.0004
1791343199.0806,O,,,,0.04236,-0.0138,-0.0004
1791343199.0814,O,,,,0.04236,-0.0138,-0.0004
1791343199.0821,O,,,,0.04236,-0.0138,-0.0004
1791343199.0661,R,B,,-65,,,
1791343199.0669,R,A,,-77,,,
1791343199.0875,R,C,,-61,,,
1791343199.1062,R,B,,-64,,,
1791343199.1107,R,A,,-73,,,
1791343199.1109,R,C,,-66,,,
1791343199.1501,O,,,,0.04236,-0.0138,-0.0004
1791343199.1510,O,,,,0.04236,-0.0138,-0.0004
1791343199.1518,O,,,,0.04236,-0.0138,-0.0004
1791343199.1557,R,A,,-75,,,
1791343199.1559,R,B,,-96,,,
1791343199.1946,R,B,,-62,,,
1791343199.1948,R,A,,-75,,,
1791343199.2029,R,C,,-61,,,
1791343199.2250,O,,,,0.04236,-0.0138,-0.0004
1791343199.2259,O,,,,0.04236,-0.0138,-0.0004
1791343199.2266,O,,,,0.04236,-0.0138,-0.0004
1791343199.2274,O,,,,0.04236,-0.0138,-0.0004
1791343199.2335,R,C,,-65,,,
1791343199.2336,R,B,,-73,,,
1791343199.2522,R,A,,-78,,,
1791343199.3052,O,,,,0.04236,-0.0138,-0.0004
1791343199.3062,O,,,,0.04236,-0.0138,-0.0004
1791343199.3070,O,,,,0.04236,-0.0138,-0.0004
1791343199.3078,O,,,,0.04236,-0.0138,-0.0004
1791343199.2780,R,B,,-72,,,
1791343199.2888,R,C,,-63,,,
1791343199.2890,R,A,,-76,,,
1791343199.3192,R,A,,-74,,,
1791343199.3196,R,B,,-64,,,
1791343199.3197,R,C,,-59,,,
1791343199.3586,R,C,,-65,,,
1791343199.3610,R,A,,-78,,,
1791343199.3804,O,,,,0.04236,-0.0138,-0.0004
1791343199.3814,O,,,,0.04236,-0.0138,-0.0004
1791343199.3821,O,,,,0.04236,-0.0138,-0.0004
1791343199.3828,O,,,,0.04236,-0.0138,-0.0004
1791343199.3860,R,B,,-67,,,
1791343199.4601,O,,,,0.04236,-0.0138,-0.0004
1791343199.4611,O,,,,0.04236,-0.0138,-0.0004
1791343199.4620,O,,,,0.04236,-0.0138,-0.0004
1791343199.4627,O,,,,0.04236,-0.0138,-0.0004
1791343199.4214,R,A,,-73,,,
1791343199.4226,R,C,,-66,,,
1791343199.4228,R,B,,-67,,,
1791343199.4536,R,B,,-61,,,
1791343199.4538,R,A,,-71,,,
1791343199.5013,R,C,,-64,,,
1791343199.5404,O,,,,0.04236,-0.0138,-0.0004
1791343199.5415,O,,,,0.04236,-0.0138,-0.0004
1791343199.5423,O,,,,0.04236,-0.0138,-0.0004
1791343199.5430,O,,,,0.04236,-0.0138,-0.0004
1791343199.5220,R,A,,-82,,,
1791343199.5418,R,C,,-74,,,
1791343199.5420,R,A,,-81,,,
1791343199.5472,R,B,,-81,,,
1791343199.6105,O,,,,0.04236,-0.0138,-0.0004
1791343199.6125,O,,,,0.04236,-0.0138,-0.0004
1791343199.6135,O,,,,0.04236,-0.0138,-0.0004
1791343199.5855,R,B,,-71,,,
1791343199.5860,R,C,,-75,,,
1791343199.6221,R,A,,-70,,,
1791343199.6320,R,B,,-59,,,
1791343199.6323,R,A,,-74,,,
1791343199.6325,R,C,,-64,,,
1791343199.6856,O,,,,0.04236,-0.0138,-0.0004
1791343199.6869,O,,,,0.04236,-0.0138,-0.0004
1791343199.6881,O,,,,0.04236,-0.0138,-0.0004
1791343199.6893,O,,,,0.04236,-0.0138,-0.0004
1791343199.6699,R,B,,-83,,,
1791343199.6718,R,A,,-74,,,
1791343199.6733,R,C,,-70,,,
1791343199.7547,R,A,,-72,,,
1791343199.7646,O,,,,0.04236,-0.0138,-0.0004
1791343199.7655,O,,,,0.04236,-0.0138,-0.0004
1791343199.7664,O,,,,0.04236,-0.0138,-0.0004
1791343199.7671,O,,,,0.04236,-0.0138,-0.0004
1791343199.7974,R,B,,-63,,,
1791343199.8405,O,,,,0.04236,-0.0138,-0.0004
1791343199.8415,O,,,,0.04236,-0.0138,-0.0004
1791343199.8422,O,,,,0.04236,-0.0138,-0.0004
1791343199.8430,O,,,,0.04236,-0.0138,-0.0004
1791343199.8204,R,B,,-74,,,
1791343199.8222,R,A,,-74,,,
1791343199.8430,R,C,,-66,,,
1791343199.8473,R,B,,-77,,,
1791343199.8717,R,A,,-73,,,
1791343199.8909,R,C,,-70,,,
1791343199.8948,R,B,,-74,,,
1791343199.9206,O,,,,0.04236,-0.0138,-0.0004
1791343199.9216,O,,,,0.04236,-0.0138,-0.0004
1791343199.9224,O,,,,0.04236,-0.0138,-0.0004
1791343199.9231,O,,,,0.04236,-0.0138,-0.0004
1791343199.9227,R,A,,-72,,,
1791343199.9410,R,B,,-78,,,
1791343199.9508,R,A,,-74,,,
1791343199.9511,R,C,,-69,,,
1791343200.0004,O,,,,0.04236,-0.0138,-0.0004
1791343200.0015,O,,,,0.04236,-0.0138,-0.0004
1791343200.0025,O,,,,0.04236,-0.0138,-0.0004
1791343200.0032,O,,,,0.04236,-0.0138,-0.0004
1791343199.9794,R,B,,-85,,,
1791343199.9851,R,C,,-68,,,
1791343199.9854,R,A,,-75,,,
1791343200.0299,R,C,,-67,,,
1791343200.0472,R,B,,-69,,,
1791343200.0590,R,A,,-73,,,
1791343200.0756,O,,,,0.04236,-0.0138,-0.0004
1791343200.0766,O,,,,0.04236,-0.0138,-0.0004
1791343200.0773,O,,,,0.04236,-0.0138,-0.0004
1791343200.0780,O,,,,0.04236,-0.0138,-0.0004
1791343200.0717,R,B,,-65,,,
1791343200.0719,R,A,,-73,,,
1791343200.0722,R,C,,-67,,,
1791343200.1450,O,,,,0.04236,-0.0138,-0.0004
1791343200.1461,O,,,,0.04236,-0.0138,-0.0004
1791343200.1470,O,,,,0.04236,-0.0138,-0.0004
1791343200.1193,R,A,,-76,,,
1791343200.1284,R,B,,-85,,,
1791343200.1490,R,C,,-67,,,
1791343200.1594,R,A,,-69,,,
1791343200.1667,R,C,,-63,,,
1791343200.1668,R,B,,-69,,,
1791343200.2021,R,C,,-68,,,
1791343200.2255,O,,,,0.04236,-0.0138,-0.0004
1791343200.2264,O,,,,0.04236,-0.0138,-0.0004
1791343200.2273,O,,,,0.04236,-0.0138,-0.0004
1791343200.2280,O,,,,0.04236,-0.0138,-0.0004
1791343200.2218,R,A,,-78,,,
1791343200.2398,R,B,,-61,,,
1791343200.2430,R,C,,-66,,,
1791343200.2474,R,B,,-61,,,
1791343200.2999,O,,,,0.04236,-0.0138,-0.0004
1791343200.3009,O,,,,0.04236,-0.0138,-0.0004
1791343200.3018,O,,,,0.04236,-0.0138,-0.0004
1791343200.3025,O,,,,0.04236,-0.0138,-0.0004
1791343200.2879,R,C,,-73,,,
1791343200.2980,R,B,,-67,,,
1791343200.3105,R,A,,-76,,,
1791343200.3283,R,B,,-68,,,
1791343200.3327,R,A,,-72,,,
1791343200.3328,R,C,,-68,,,
1791343200.3798,O,,,,0.04236,-0.0138,-0.0004
1791343200.3808,O,,,,0.04236,-0.0138,-0.0004
1791343200.3816,O,,,,0.04236,-0.0138,-0.0004
1791343200.3823,O,,,,0.04236,-0.0138,-0.0004
1791343200.3774,R,B,,-62,,,
1791343200.3777,R,C,,-62,,,
1791343200.3799,R,A,,-78,,,
1791343200.4597,O,,,,0.04236,-0.0138,-0.0004
1791343200.4607,O,,,,0.04236,-0.0138,-0.0004
1791343200.4615,O,,,,0.04236,-0.0138,-0.0004
1791343200.4623,O,,,,0.04236,-0.0138,-0.0004
1791343200.4220,R,A,,-75,,,
1791343200.4342,R,B,,-78,,,
1791343200.4525,R,C,,-72,,,
1791343200.4718,R,A,,-83,,,
1791343200.5348,O,,,,0.04236,-0.0138,-0.0004
1791343200.5359,O,,,,0.04236,-0.0138,-0.0004
1791343200.5367,O,,,,0.04236,-0.0138,-0.0004
1791343200.5374,O,,,,0.04236,-0.0138,-0.0004
1791343200.5125,R,B,,-82,,,
1791343200.5128,R,A,,-71,,,
1791343200.5133,R,C,,-79,,,
1791343200.5586,R,B,,-74,,,
1791343200.5604,R,A,,-70,,,
1791343200.6052,O,,,,0.04236,-0.0138,-0.0004
1791343200.6062,O,,,,0.04236,-0.0138,-0.0004
1791343200.6070,O,,,,0.04236,-0.0138,-0.0004
1791343200.5852,R,C,,-78,,,
1791343200.6070,R,A,,-70,,,
1791343200.6436,R,C,,-77,,,
1791343200.6440,R,B,,-65,,,
1791343200.6493,R,A,,-66,,,
1791343200.6526,R,C,,-72,,,
1791343200.6853,O,,,,0.04236,-0.0138,-0.0004
1791343200.6864,O,,,,0.04236,-0.0138,-0.0004
1791343200.6871,O,,,,0.04236,-0.0138,-0.0004
1791343200.6878,O,,,,0.04236,-0.0138,-0.0004
1791343200.6995,R,C,,-75,,,
1791343200.7013,R,A,,-67,,,
1791343200.7597,O,,,,0.04236,-0.0138,-0.0004
1791343200.7607,O,,,,0.04236,-0.0138,-0.0004
1791343200.7615,O,,,,0.04236,-0.0138,-0.0004
1791343200.7623,O,,,,0.04236,-0.0138,-0.0004
1791343200.7428,R,C,,-74,,,
1791343200.7474,R,B,,-72,,,
1791343200.7723,R,A,,-66,,,
1791343200.7915,R,C,,-72,,,
1791343200.7917,R,B,,-64,,,
1791343200.7919,R,A,,-66,,,
1791343200.8399,O,,,,0.04236,-0.0138,-0.0004
1791343200.8408,O,,,,0.04236,-0.0138,-0.0004
1791343200.8416,O,,,,0.04236,-0.0138,-0.0004
1791343200.8424,O,,,,0.04236,-0.0138,-0.0004
1791343200.8420,R,B,,-65,,,
1791343200.8424,R,C,,-71,,,
1791343200.8716,R,A,,-68,,,
1791343200.8974,R,B,,-67,,,
1791343200.9025,R,C,,-75,,,
1791343200.9046,R,A,,-68,,,
1791343200.9195,O,,,,0.04236,-0.0138,-0.0004
1791343200.9204,O,,,,0.04236,-0.0138,-0.0004
1791343200.9212,O,,,,0.04236,-0.0138,-0.0004
1791343200.9219,O,,,,0.04236,-0.0138,-0.0004
1791343200.9349,R,B,,-64,,,
1791343200.9527,R,C,,-76,,,
1791343200.9529,R,A,,-68,,,
1791343200.9958,O,,,,0.04236,-0.0138,-0.0004
1791343200.9966,O,,,,0.04236,-0.0138,-0.0004
1791343200.9974,O,,,,0.04236,-0.0138,-0.0004
1791343200.9982,O,,,,0.04236,-0.0138,-0.0004
1791343200.9970,R,B,,-64,,,
1791343201.0020,R,C,,-78,,,
1791343201.0126,R,A,,-70,,,
1791343201.0250,R,C,,-77,,,
1791343201.0255,R,B,,-66,,,
1791343201.0510,R,A,,-67,,,
1791343201.0756,O,,,,0.04236,-0.0138,-0.0004
1791343201.0767,O,,,,0.04236,-0.0138,-0.0004
1791343201.0775,O,,,,0.04236,-0.0138,-0.0004
1791343201.0783,O,,,,0.04236,-0.0138,-0.0004
1791343201.0714,R,B,,-66,,,
1791343201.0718,R,A,,-69,,,
1791343201.0811,R,C,,-81,,,
1791343201.1453,O,,,,0.04236,-0.0138,-0.0004
1791343201.1463,O,,,,0.04236,-0.0138,-0.0004
1791343201.1471,O,,,,0.04236,-0.0138,-0.0004
1791343201.1157,R,C,,-75,,,
1791343201.1199,R,B,,-65,,,
1791343201.1217,R,A,,-68,,,
1791343201.1664,R,C,,-78,,,
1791343201.1666,R,B,,-71,,,
1791343201.1720,R,A,,-71,,,
1791343201.2206,O,,,,0.04236,-0.0138,-0.0004
1791343201.2216,O,,,,0.04236,-0.0138,-0.0004
1791343201.2230,O,,,,0.04236,-0.0138,-0.0004
1791343201.2237,O,,,,0.04236,-0.0138,-0.0004
1791343201.2124,R,A,,-67,,,
1791343201.2200,R,C,,-84,,,
1791343201.2522,R,C,,-84,,,
1791343201.3001,O,,,,0.04236,-0.0138,-0.0004
1791343201.3013,O,,,,0.04236,-0.0138,-0.0004
1791343201.3021,O,,,,0.04236,-0.0138,-0.0004
1791343201.3028,O,,,,0.04236,-0.0138,-0.0004
1791343201.2720,R,A,,-70,,,
1791343201.2977,R,B,,-66,,,
1791343201.3028,R,C,,-70,,,
1791343201.3217,R,A,,-67,,,
1791343201.3411,R,C,,-66,,,
1791343201.3413,R,A,,-77,,,
1791343201.3478,R,B,,-64,,,
1791343201.3752,O,,,,0.04236,-0.0138,-0.0004
1791343201.3763,O,,,,0.04236,-0.0138,-0.0004
1791343201.3771,O,,,,0.04236,-0.0138,-0.0004
1791343201.3779,O,,,,0.04236,-0.0138,-0.0004
1791343201.3834,R,A,,-84,,,
1791343201.3944,R,B,,-61,,,
1791343201.3948,R,C,,-65,,,
1791343201.4550,O,,,,0.04236,-0.0138,-0.0004
1791343201.4561,O,,,,0.04236,-0.0138,-0.0004
1791343201.4569,O,,,,0.04236,-0.0138,-0.0004
1791343201.4576,O,,,,0.04236,-0.0138,-0.0004
1791343201.4306,R,A,,-66,,,
1791343201.4473,R,B,,-62,,,
1791343201.4527,R,C,,-72,,,
1791343201.4684,R,C,,-64,,,
1791343201.4689,R,B,,-58,,,
1791343201.4708,R,A,,-85,,,
1791343201.5351,O,,,,0.04236,-0.0138,-0.0004
1791343201.5363,O,,,,0.04236,-0.0138,-0.0004
1791343201.5370,O,,,,0.04236,-0.0138,-0.0004
1791343201.5378,O,,,,0.04236,-0.0138,-0.0004
1791343201.5218,R,A,,-70,,,
1791343201.5300,R,B,,-60,,,
1791343201.5336,R,C,,-64,,,
1791343201.5594,R,A,,-68,,,
1791343201.6005,O,,,,0.04236,-0.0138,-0.0004
1791343201.6017,O,,,,0.04236,-0.0138,-0.0004
1791343201.6027,O,,,,0.04236,-0.0138,-0.0004
1791343201.5855,R,B,,-64,,,
1791343201.5859,R,C,,-68,,,
1791343201.5991,R,C,,-61,,,
1791343201.6000,R,A,,-68,,,
1791343201.6386,R,C,,-77,,,
1791343201.6389,R,A,,-64,,,
1791343201.6393,R,B,,-62,,,
1791343201.6806,O,,,,0.04236,-0.0138,-0.0004
1791343201.6818,O,,,,0.04236,-0.0138,-0.0004
1791343201.6829,O,,,,0.04236,-0.0138,-0.0004
1791343201.6840,O,,,,0.04236,-0.0138,-0.0004
1791343201.6832,R,B,,-60,,,
1791343201.6837,R,C,,-68,,,
1791343201.7599,O,,,,0.04236,-0.0138,-0.0004
1791343201.7611,O,,,,0.04236,-0.0138,-0.0004
1791343201.7623,O,,,,0.04236,-0.0138,-0.0004
1791343201.7221,R,A,,-63,,,
1791343201.7361,R,B,,-63,,,
1791343201.7363,R,A,,-64,,,
1791343201.7443,R,C,,-66,,,
1791343201.7636,O,,,,0.04236,-0.0138,-0.0004
1791343201.7974,R,B,,-70,,,
1791343201.7990,R,C,,-86,,,
1791343201.7993,R,A,,-65,,,
1791343201.8353,O,,,,0.04236,-0.0138,-0.0004
1791343201.8363,O,,,,0.04236,-0.0138,-0.0004
1791343201.8371,O,,,,0.04236,-0.0138,-0.0004
1791343201.8378,O,,,,0.04236,-0.0138,-0.0004
1791343201.8220,R,A,,-69,,,
1791343201.8252,R,C,,-67,,,
1791343201.8444,R,B,,-66,,,
1791343201.8719,R,A,,-68,,,
1791343201.8755,R,C,,-78,,,
1791343201.8757,R,B,,-64,,,
1791343201.9098,R,B,,-67,,,
1791343201.9144,O,,,,0.04236,-0.0138,-0.0004
1791343201.9154,O,,,,0.04236,-0.0138,-0.0004
1791343201.9162,O,,,,0.04236,-0.0138,-0.0004
1791343201.9172,O,,,,0.04236,-0.0138,-0.0004
1791343201.9223,R,A,,-69,,,
1791343201.9314,R,C,,-75,,,
1791343201.9538,R,A,,-69,,,
1791343201.9551,R,B,,-63,,,
1791343201.9961,O,,,,0.04236,-0.0138,-0.0004
1791343201.9974,O,,,,0.04236,-0.0138,-0.0004
1791343201.9983,O,,,,0.04236,-0.0138,-0.0004
1791343201.9991,O,,,,0.04236,-0.0138,-0.0004
1791343202.0140,R,A,,-66,,,
1791343202.0145,R,B,,-71,,,
1791343202.0477,R,B,,-67,,,
1791343202.0528,R,A,,-80,,,
1791343202.0530,R,C,,-69,,,
1791343202.0697,O,,,,0.04236,-0.0138,-0.0004
1791343202.0709,O,,,,0.04236,-0.0138,-0.0004
1791343202.0720,O,,,,0.04236,-0.0138,-0.0004
1791343202.0732,O,,,,0.04236,-0.0138,-0.0004
1791343202.0884,R,B,,-71,,,
1791343202.0888,R,C,,-68,,,
1791343202.1404,O,,,,0.04236,-0.0138,-0.0004
1791343202.1413,O,,,,0.04236,-0.0138,-0.0004
1791343202.1421,O,,,,0.04236,-0.0138,-0.0004
1791343202.1220,R,A,,-68,,,
1791343202.1314,R,C,,-63,,,
1791343202.1316,R,B,,-67,,,
1791343202.1482,R,A,,-80,,,
1791343202.1798,R,C,,-68,,,
1791343202.1977,R,B,,-69,,,
1791343202.2203,O,,,,0.04236,-0.0138,-0.0004
1791343202.2215,O,,,,0.04236,-0.0138,-0.0004
1791343202.2223,O,,,,0.04236,-0.0138,-0.0004
1791343202.2230,O,,,,0.04236,-0.0138,-0.0004
1791343202.2219,R,A,,-79,,,
1791343202.2239,R,B,,-69,,,
1791343202.2244,R,C,,-64,,,
1791343202.2950,O,,,,0.04236,-0.0138,-0.0004
1791343202.2962,O,,,,0.04236,-0.0138,-0.0004
1791343202.2970,O,,,,0.04236,-0.0138,-0.0004
1791343202.2977,O,,,,0.04236,-0.0138,-0.0004
1791343202.2657,R,C,,-64,,,
1791343202.2718,R,A,,-75,,,
1791343202.2904,R,B,,-73,,,
1791343202.3156,R,A,,-65,,,
1791343202.3473,R,B,,-58,,,
1791343202.3524,R,C,,-69,,,
1791343202.3750,O,,,,0.04236,-0.0138,-0.0004
1791343202.3759,O,,,,0.04236,-0.0138,-0.0004
1791343202.3766,O,,,,0.04236,-0.0138,-0.0004
1791343202.3773,O,,,,0.04236,-0.0138,-0.0004
1791343202.3668,R,B,,-65,,,
1791343202.3670,R,C,,-67,,,
1791343202.3679,R,A,,-66,,,
1791343202.4021,R,C,,-64,,,
1791343202.4554,O,,,,0.04236,-0.0138,-0.0004
1791343202.4564,O,,,,0.04236,-0.0138,-0.0004
1791343202.4571,O,,,,0.04236,-0.0138,-0.0004
1791343202.4578,O,,,,0.04236,-0.0138,-0.0004
1791343202.4218,R,A,,-72,,,
1791343202.4286,R,B,,-60,,,
1791343202.4508,R,C,,-66,,,
1791343202.4508,R,A,,-66,,,
1791343202.4707,R,B,,-84,,,
1791343202.4933,R,B,,-64,,,
1791343202.4940,R,C,,-65,,,
1791343202.5304,O,,,,0.04236,-0.0138,-0.0004
1791343202.5318,O,,,,0.04236,-0.0138,-0.0004
1791343202.5329,O,,,,0.04236,-0.0138,-0.0004
1791343202.5342,O,,,,0.04236,-0.0138,-0.0004
1791343202.5220,R,A,,-68,,,
1791343202.5354,R,A,,-70,,,
1791343202.5356,R,C,,-64,,,
1791343202.5392,R,B,,-63,,,
1791343202.6001,O,,,,0.04236,-0.0138,-0.0004
1791343202.6011,O,,,,0.04236,-0.0138,-0.0004
1791343202.6022,O,,,,0.04236,-0.0138,-0.0004
1791343202.5779,R,C,,-68,,,
1791343202.5959,R,A,,-75,,,
1791343202.5979,R,B,,-64,,,
1791343202.6485,R,B,,-70,,,
1791343202.6524,R,C,,-69,,,
1791343202.6802,O,,,,0.04236,-0.0138,-0.0004
1791343202.6811,O,,,,0.04236,-0.0138,-0.0004
1791343202.6819,O,,,,0.04236,-0.0138,-0.0004
1791343202.6826,O,,,,0.04236,-0.0138,-0.0004
1791343202.6721,R,A,,-68,,,
1791343202.6790,R,C,,-68,,,
1791343202.6793,R,B,,-83,,,
1791343202.7547,O,,,,0.04236,-0.0138,-0.0004
1791343202.7557,O,,,,0.04236,-0.0138,-0.0004
1791343202.7565,O,,,,0.04236,-0.0138,-0.0004
1791343202.7572,O,,,,0.04236,-0.0138,-0.0004
1791343202.7130,R,A,,-81,,,
1791343202.7135,R,C,,-67,,,
1791343202.7136,R,B,,-72,,,
1791343202.7641,R,B,,-69,,,
1791343202.7720,R,A,,-70,,,
1791343202.7802,R,C,,-62,,,
1791343202.8040,R,B,,-71,,,
1791343202.8058,R,A,,-73,,,
1791343202.8353,O,,,,0.04236,-0.0138,-0.0004
1791343202.8361,O,,,,0.04236,-0.0138,-0.0004
1791343202.8368,O,,,,0.04236,-0.0138,-0.0004
1791343202.8375,O,,,,0.04236,-0.0138,-0.0004
1791343202.8501,R,A,,-69,,,
1791343202.8523,R,C,,-66,,,
1791343202.9100,O,,,,0.04236,-0.0138,-0.0004
1791343202.9110,O,,,,0.04236,-0.0138,-0.0004
1791343202.9118,O,,,,0.04236,-0.0138,-0.0004
1791343202.9125,O,,,,0.04236,-0.0138,-0.0004
1791343202.8950,R,A,,-72,,,
1791343202.8975,R,B,,-63,,,
1791343202.9474,R,B,,-68,,,
1791343202.9530,R,C,,-57,,,
1791343202.9901,O,,,,0.04236,-0.0138,-0.0004
1791343202.9915,O,,,,0.04236,-0.0138,-0.0004
1791343202.9927,O,,,,0.04236,-0.0138,-0.0004
1791343202.9936,O,,,,0.04236,-0.0138,-0.0004
1791343202.9712,R,A,,-62,,,
1791343202.9930,R,C,,-65,,,
1791343202.9932,R,A,,-65,,,
1791343202.9963,R,B,,-64,,,
1791343203.0603,O,,,,0.04236,-0.0138,-0.0004
1791343203.0613,O,,,,0.04236,-0.0138,-0.0004
1791343203.0621,O,,,,0.04236,-0.0138,-0.0004
1791343203.0405,R,C,,-65,,,
1791343203.0409,R,A,,-67,,,
1791343203.0409,R,B,,-63,,,
1791343203.0630,O,,,,0.04236,-0.0138,-0.0004
1791343203.0886,R,B,,-66,,,
1791343203.0888,R,A,,-66,,,
1791343203.0890,R,C,,-64,,,
1791343203.1405,O,,,,0.04236,-0.0138,-0.0004
1791343203.1418,O,,,,0.04236,-0.0138,-0.0004
1791343203.1429,O,,,,0.04236,-0.0138,-0.0004
1791343203.1481,R,B,,-73,,,
1791343203.1528,R,C,,-64,,,
1791343203.1725,R,A,,-68,,,
1791343203.1780,R,C,,-74,,,
1791343203.1781,R,B,,-62,,,
1791343203.1941,R,A,,-70,,,
1791343203.2144,O,,,,0.04236,-0.0138,-0.0004
1791343203.2153,O,,,,0.04236,-0.0138,-0.0004
1791343203.2162,O,,,,0.04236,-0.0138,-0.0004
1791343203.2170,O,,,,0.04236,-0.0138,-0.0004
1791343203.2474,R,B,,-67,,,
1791343203.2496,R,C,,-62,,,
1791343203.2498,R,A,,-62,,,
1791343203.2953,O,,,,0.04236,-0.0138,-0.0004
1791343203.2963,O,,,,0.04236,-0.0138,-0.0004
1791343203.2971,O,,,,0.04236,-0.0138,-0.0004
1791343203.2979,O,,,,0.04236,-0.0138,-0.0004
1791343203.2690,R,B,,-70,,,
1791343203.2709,R,C,,-62,,,
1791343203.2724,R,A,,-64,,,
1791343203.3124,R,A,,-66,,,
1791343203.3126,R,B,,-69,,,
1791343203.3528,R,C,,-66,,,
1791343203.3699,O,,,,0.04236,-0.0138,-0.0004
1791343203.3709,O,,,,0.04236,-0.0138,-0.0004
1791343203.3718,O,,,,0.04236,-0.0138,-0.0004
1791343203.3726,O,,,,0.04236,-0.0138,-0.0004
1791343203.3719,R,A,,-65,,,
1791343203.3833,R,C,,-65,,,
1791343203.3917,R,B,,-68,,,
1791343203.4028,R,B,,-70,,,
1791343203.4507,O,,,,0.04236,-0.0138,-0.0004
1791343203.4517,O,,,,0.04236,-0.0138,-0.0004
1791343203.4524,O,,,,0.04633,-0.0140,-0.0004
1791343203.4532,O,,,,0.05030,-0.0143,-0.0004
1791343203.4497,R,A,,-74,,,
1791343203.4524,R,C,,-66,,,
1791343203.4973,R,B,,-69,,,
1791343203.5024,R,C,,-65,,,
1791343203.5092,R,A,,-71,,,
1791343203.5303,O,,,,0.05692,-0.0140,-0.0004
1791343203.5317,O,,,,0.06354,-0.0143,-0.0004
1791343203.5329,O,,,,0.07412,-0.0143,-0.0004
1791343203.5341,O,,,,0.08604,-0.0146,-0.0004
1791343203.5458,R,C,,-62,,,
1791343203.5467,R,A,,-69,,,
1791343203.5475,R,B,,-71,,,
1791343203.5951,O,,,,0.09663,-0.0151,-0.0005
1791343203.5962,O,,,,0.10986,-0.0151,-0.0005
1791343203.5970,O,,,,0.12442,-0.0153,-0.0005
1791343203.5945,R,A,,-70,,,
1791343203.5946,R,C,,-73,,,
1791343203.5972,R,B,,-96,,,
1791343203.6296,R,C,,-64,,,
1791343203.6485,R,B,,-75,,,
1791343203.6755,O,,,,0.13898,-0.0156,-0.0006
1791343203.6768,O,,,,0.15354,-0.0159,-0.0006
1791343203.6777,O,,,,0.16810,-0.0161,-0.0006
1791343203.6784,O,,,,0.18266,-0.0164,-0.0007
1791343203.6665,R,A,,-69,,,
1791343203.6772,R,C,,-66,,,
1791343203.6773,R,B,,-75,,,
1791343203.7108,R,A,,-72,,,
1791343203.7546,O,,,,0.19855,-0.0164,-0.0007
1791343203.7558,O,,,,0.21443,-0.0164,-0.0007
1791343203.7566,O,,,,0.23032,-0.0164,-0.0007
1791343203.7574,O,,,,0.24752,-0.0161,-0.0006
1791343203.7166,R,C,,-68,,,
1791343203.7167,R,B,,-71,,,
1791343203.7212,R,A,,-70,,,
1791343203.7632,R,A,,-83,,,
1791343203.7973,R,B,,-70,,,
1791343203.8300,O,,,,0.26473,-0.0164,-0.0007
1791343203.8311,O,,,,0.28062,-0.0164,-0.0007
1791343203.8319,O,,,,0.29650,-0.0164,-0.0007
1791343203.8327,O,,,,0.31371,-0.0166,-0.0008
1791343203.8169,R,C,,-64,,,
1791343203.8225,R,A,,-74,,,
1791343203.8284,R,B,,-76,,,
1791343203.9103,O,,,,0.33091,-0.0164,-0.0007
1791343203.9118,O,,,,0.34680,-0.0164,-0.0007
1791343203.9140,O,,,,0.36268,-0.0164,-0.0007
1791343203.8719,R,A,,-72,,,
1791343203.8983,R,B,,-69,,,
1791343203.9027,R,C,,-73,,,
1791343203.9153,O,,,,0.37989,-0.0166,-0.0008
1791343203.9220,R,A,,-72,,,
1791343203.9475,R,B,,-75,,,
1791343203.9533,R,C,,-66,,,
1791343203.9583,R,A,,-69,,,
1791343203.9896,O,,,,0.39710,-0.0164,-0.0007
1791343203.9906,O,,,,0.41298,-0.0164,-0.0007
1791343203.9915,O,,,,0.42887,-0.0164,-0.0007
1791343203.9923,O,,,,0.44740,-0.0164,-0.0007
1791343203.9882,R,B,,-74,,,
1791343203.9883,R,C,,-61,,,
1791343204.0562,O,,,,0.46328,-0.0164,-0.0007
1791343204.0577,O,,,,0.48181,-0.0164,-0.0007
1791343204.0585,O,,,,0.49770,-0.0164,-0.0007
1791343204.0219,R,A,,-69,,,
1791343204.0342,R,C,,-67,,,
1791343204.0342,R,B,,-72,,,
1791343204.0399,R,A,,-70,,,
1791343204.0772,R,B,,-76,,,
1791343204.0775,R,C,,-67,,,
1791343204.1347,O,,,,0.51358,-0.0164,-0.0007
1791343204.1357,O,,,,0.52946,-0.0164,-0.0007
1791343204.1371,O,,,,0.54799,-0.0164,-0.0007
1791343204.1379,O,,,,0.56388,-0.0164,-0.0007
1791343204.1163,R,A,,-68,,,
1791343204.1237,R,C,,-73,,,
1791343204.1297,R,B,,-74,,,
1791343204.1702,R,C,,-69,,,
1791343204.1723,R,A,,-69,,,
1791343204.1984,R,B,,-77,,,
1791343204.2142,O,,,,0.57976,-0.0164,-0.0007
1791343204.2149,O,,,,0.59697,-0.0166,-0.0008
1791343204.2157,O,,,,0.61418,-0.0164,-0.0007
1791343204.2165,O,,,,0.63138,-0.0166,-0.0008
1791343204.2184,R,A,,-73,,,
1791343204.2478,R,B,,-85,,,
1791343204.2505,R,C,,-67,,,
1791343204.2916,O,,,,0.64727,-0.0166,-0.0008
1791343204.2928,O,,,,0.66580,-0.0166,-0.0008
1791343204.2942,O,,,,0.68168,-0.0166,-0.0008
1791343204.2952,O,,,,0.69757,-0.0166,-0.0008
1791343204.2658,R,A,,-62,,,
1791343204.2975,R,B,,-70,,,
1791343204.3029,R,C,,-66,,,
1791343204.3224,R,A,,-58,,,
1791343204.3367,R,C,,-68,,,
1791343204.3369,R,B,,-66,,,
1791343204.3468,R,C,,-65,,,
1791343204.3474,R,B,,-65,,,
1791343204.3478,R,A,,-57,,,
1791343204.3711,O,,,,0.71610,-0.0166,-0.0008
1791343204.3720,O,,,,0.73198,-0.0166,-0.0008
1791343204.3730,O,,,,0.74787,-0.0166,-0.0008
1791343204.3740,O,,,,0.76507,-0.0164,-0.0006
1791343204.3893,R,A,,-63,,,
1791343204.3976,R,B,,-63,,,
1791343204.4024,R,C,,-71,,,
1791343204.4453,O,,,,0.78096,-0.0164,-0.0006
1791343204.4463,O,,,,0.79817,-0.0166,-0.0008
1791343204.4472,O,,,,0.81405,-0.0166,-0.0008
1791343204.4479,O,,,,0.82993,-0.0166,-0.0008
1791343204.4335,R,B,,-69,,,
1791343204.4532,R,C,,-76,,,
1791343204.4720,R,A,,-62,,,
1791343204.4764,R,B,,-65,,,
1791343204.4834,R,C,,-69,,,
1791343204.4836,R,A,,-65,,,
1791343204.5233,O,,,,0.84714,-0.0164,-0.0006
1791343204.5243,O,,,,0.86302,-0.0164,-0.0006
1791343204.5251,O,,,,0.87891,-0.0164,-0.0006
1791343204.5258,O,,,,0.89612,-0.0163,-0.0004
1791343204.5392,R,B,,-76,,,
1791343204.5395,R,C,,-65,,,
1791343204.5965,O,,,,0.91200,-0.0163,-0.0004
1791343204.5978,O,,,,0.92921,-0.0164,-0.0006
1791343204.5990,O,,,,0.94642,-0.0163,-0.0004
1791343204.5684,R,A,,-65,,,
1791343204.5687,R,C,,-61,,,
1791343204.5692,R,B,,-64,,,
1791343204.6126,R,B,,-73,,,
1791343204.6128,R,C,,-68,,,
1791343204.6134,R,A,,-57,,,
1791343204.6595,R,B,,-66,,,
1791343204.6743,O,,,,0.96230,-0.0163,-0.0004
1791343204.6751,O,,,,0.97951,-0.0164,-0.0006
1791343204.6759,O,,,,0.99671,-0.0163,-0.0004
1791343204.6766,O,,,,1.01392,-0.0164,-0.0006
1791343204.6714,R,A,,-63,,,
1791343204.6715,R,C,,-67,,,
1791343204.7046,R,A,,-61,,,
1791343204.7493,O,,,,1.02981,-0.0164,-0.0006
1791343204.7501,O,,,,1.04701,-0.0163,-0.0004
1791343204.7509,O,,,,1.06422,-0.0164,-0.0006
1791343204.7517,O,,,,1.08010,-0.0164,-0.0006
1791343204.7475,R,B,,-65,,,
1791343204.7525,R,C,,-69,,,
1791343204.7681,R,A,,-60,,,
1791343204.7910,R,A,,-64,,,
1791343204.7964,R,C,,-72,,,
1791343204.7965,R,B,,-72,,,
1791343204.8301,O,,,,1.09731,-0.0163,-0.0004
1791343204.8311,O,,,,1.11320,-0.0163,-0.0004
1791343204.8318,O,,,,1.13040,-0.0164,-0.0007
1791343204.8326,O,,,,1.14629,-0.0164,-0.0007
1791343204.8358,R,B,,-65,,,
1791343204.8362,R,C,,-66,,,
1791343204.8363,R,A,,-61,,,
1791343204.9045,O,,,,1.16482,-0.0164,-0.0007
1791343204.9058,O,,,,1.18070,-0.0164,-0.0007
1791343204.9070,O,,,,1.19659,-0.0164,-0.0007
1791343204.9082,O,,,,1.21247,-0.0164,-0.0007
1791343204.8976,R,B,,-60,,,
1791343204.9004,R,C,,-64,,,
1791343204.9007,R,A,,-67,,,
1791343204.9281,R,B,,-83,,,
1791343204.9284,R,C,,-73,,,
1791343204.9290,R,A,,-75,,,
1791343204.9849,O,,,,1.23100,-0.0164,-0.0007
1791343204.9859,O,,,,1.24689,-0.0164,-0.0007
1791343204.9866,O,,,,1.26409,-0.0165,-0.0009
1791343204.9874,O,,,,1.28130,-0.0164,-0.0007
1791343204.9723,R,A,,-77,,,
1791343204.9727,R,B,,-73,,,
1791343204.9859,R,C,,-67,,,
1791343205.0552,O,,,,1.29718,-0.0164,-0.0007
1791343205.0562,O,,,,1.31572,-0.0164,-0.0007
1791343205.0569,O,,,,1.33160,-0.0164,-0.0007
1791343205.0193,R,A,,-72,,,
1791343205.0316,R,C,,-76,,,
1791343205.0348,R,B,,-78,,,
1791343205.0636,R,C,,-68,,,
1791343205.0658,R,A,,-63,,,
1791343205.0858,R,B,,-69,,,
1791343205.1067,R,A,,-76,,,
1791343205.1300,O,,,,1.34748,-0.0164,-0.0007
1791343205.1311,O,,,,1.36337,-0.0164,-0.0007
1791343205.1319,O,,,,1.38190,-0.0164,-0.0007
1791343205.1327,O,,,,1.39778,-0.0164,-0.0007
1791343205.1183,R,C,,-67,,,
1791343205.1455,R,B,,-69,,,
1791343205.1484,R,B,,-66,,,
1791343205.1490,R,C,,-84,,,
1791343205.1492,R,A,,-70,,,
1791343205.2104,O,,,,1.41499,-0.0164,-0.0009
1791343205.2116,O,,,,1.43087,-0.0164,-0.0009
1791343205.2125,O,,,,1.44808,-0.0164,-0.0007
1791343205.1984,R,B,,-63,,,
1791343205.2007,R,C,,-67,,,
1791343205.2008,R,A,,-61,,,
1791343205.2135,O,,,,1.46397,-0.0164,-0.0007
1791343205.2385,R,B,,-67,,,
1791343205.2530,R,C,,-62,,,
1791343205.2906,O,,,,1.48117,-0.0164,-0.0009
1791343205.2918,O,,,,1.49838,-0.0164,-0.0007
1791343205.2927,O,,,,1.51426,-0.0164,-0.0007
1791343205.2935,O,,,,1.53147,-0.0164,-0.0009
1791343205.2728,R,A,,-82,,,
1791343205.2919,R,C,,-64,,,
1791343205.2980,R,B,,-61,,,
1791343205.3045,R,A,,-69,,,
1791343205.3358,R,B,,-57,,,
1791343205.3526,R,C,,-62,,,
1791343205.3646,O,,,,1.54736,-0.0164,-0.0009
1791343205.3656,O,,,,1.56456,-0.0164,-0.0006
1791343205.3664,O,,,,1.58045,-0.0164,-0.0006
1791343205.3672,O,,,,1.59765,-0.0164,-0.0009
1791343205.3724,R,A,,-90,,,
1791343205.3982,R,B,,-65,,,
1791343205.4003,R,C,,-68,,,
1791343205.4005,R,A,,-72,,,
1791343205.4451,O,,,,1.61486,-0.0164,-0.0007
1791343205.4465,O,,,,1.63075,-0.0164,-0.0007
1791343205.4478,O,,,,1.64795,-0.0164,-0.0009
1791343205.4490,O,,,,1.66516,-0.0164,-0.0007
1791343205.4198,R,C,,-67,,,
1791343205.4199,R,B,,-73,,,
1791343205.4222,R,A,,-74,,,
1791343205.4712,R,B,,-57,,,
1791343205.4714,R,C,,-58,,,
1791343205.4716,R,A,,-68,,,
1791343205.5053,R,B,,-63,,,
1791343205.5093,R,A,,-73,,,
1791343205.5254,O,,,,1.68105,-0.0164,-0.0007
1791343205.5266,O,,,,1.69693,-0.0164,-0.0007
1791343205.5278,O,,,,1.71546,-0.0164,-0.0007
1791343205.5290,O,,,,1.73134,-0.0164,-0.0007
1791343205.5524,R,C,,-62,,,
1791343205.5904,O,,,,1.74723,-0.0164,-0.0007
1791343205.5917,O,,,,1.76444,-0.0164,-0.0009
1791343205.5928,O,,,,1.78164,-0.0164,-0.0007
1791343205.5716,R,A,,-74,,,
1791343205.5725,R,B,,-64,,,
1791343205.6002,R,C,,-59,,,
1791343205.6088,R,A,,-67,,,
1791343205.6507,R,C,,-52,,,
1791343205.6694,O,,,,1.79753,-0.0164,-0.0007
1791343205.6703,O,,,,1.81341,-0.0164,-0.0007
1791343205.6712,O,,,,1.83062,-0.0164,-0.0009
1791343205.6721,O,,,,1.84783,-0.0164,-0.0007
1791343205.6722,R,A,,-75,,,
1791343205.6925,R,B,,-64,,,
1791343205.6934,R,A,,-77,,,
1791343205.6954,R,C,,-67,,,
1791343205.7501,O,,,,1.86371,-0.0164,-0.0007
1791343205.7516,O,,,,1.88092,-0.0164,-0.0009
1791343205.7524,O,,,,1.89813,-0.0164,-0.0007
1791343205.7535,O,,,,1.91401,-0.0164,-0.0007
1791343205.7407,R,A,,-75,,,
1791343205.7410,R,C,,-56,,,
1791343205.7411,R,B,,-53,,,
1791343205.7849,R,A,,-73,,,
1791343205.7855,R,C,,-51,,,
1791343205.7857,R,B,,-62,,,
1791343205.8250,O,,,,1.92989,-0.0164,-0.0007
1791343205.8263,O,,,,1.94710,-0.0163,-0.0009
1791343205.8274,O,,,,1.96431,-0.0164,-0.0007
1791343205.8287,O,,,,1.98019,-0.0164,-0.0007
1791343205.8327,R,B,,-65,,,
1791343205.8328,R,C,,-57,,,
1791343205.8369,R,A,,-71,,,
1791343205.9051,O,,,,1.99740,-0.0163,-0.0009
1791343205.9063,O,,,,2.01328,-0.0163,-0.0009
1791343205.9073,O,,,,2.03049,-0.0165,-0.0007
1791343205.9081,O,,,,2.04637,-0.0165,-0.0007
1791343205.8984,R,B,,-63,,,
1791343205.9034,R,C,,-58,,,
1791343205.9191,R,A,,-72,,,
1791343205.9219,R,A,,-75,,,
1791343205.9220,R,B,,-57,,,
1791343205.9336,R,C,,-57,,,
1791343205.9797,O,,,,2.06358,-0.0166,-0.0004
1791343205.9806,O,,,,2.08079,-0.0165,-0.0007
1791343205.9814,O,,,,2.09667,-0.0165,-0.0007
1791343205.9826,O,,,,2.11256,-0.0165,-0.0007
1791343205.9679,R,C,,-68,,,
1791343205.9681,R,B,,-61,,,
1791343205.9726,R,A,,-67,,,
1791343206.0503,O,,,,2.12844,-0.0165,-0.0007
1791343206.0515,O,,,,2.14697,-0.0165,-0.0007
1791343206.0524,O,,,,2.16286,-0.0165,-0.0007
1791343206.0153,R,B,,-56,,,
1791343206.0181,R,A,,-68,,,
1791343206.0302,R,C,,-65,,,
1791343206.0625,R,B,,-64,,,
1791343206.0724,R,A,,-80,,,
1791343206.1014,R,C,,-67,,,
1791343206.1040,R,C,,-64,,,
1791343206.1305,O,,,,2.18006,-0.0163,-0.0009
1791343206.1322,O,,,,2.19727,-0.0165,-0.0007
1791343206.1330,O,,,,2.21316,-0.0165,-0.0007
1791343206.1339,O,,,,2.22904,-0.0165,-0.0007
1791343206.1138,R,B,,-58,,,
1791343206.1158,R,A,,-71,,,
1791343206.1485,R,B,,-60,,,
1791343206.1487,R,A,,-67,,,
1791343206.1527,R,C,,-64,,,
1791343206.2117,O,,,,2.24757,-0.0165,-0.0007
1791343206.2130,O,,,,2.26345,-0.0165,-0.0007
1791343206.1926,R,B,,-72,,,
1791343206.1927,R,C,,-72,,,
1791343206.2147,O,,,,2.27934,-0.0165,-0.0007
1791343206.2159,O,,,,2.29787,-0.0165,-0.0007
1791343206.2222,R,A,,-68,,,
1791343206.2426,R,B,,-58,,,
1791343206.2430,R,C,,-58,,,
1791343206.2436,R,A,,-70,,,
1791343206.2895,O,,,,2.31375,-0.0165,-0.0007
1791343206.2909,O,,,,2.32964,-0.0165,-0.0007
1791343206.2922,O,,,,2.34817,-0.0165,-0.0007
1791343206.2935,O,,,,2.36405,-0.0165,-0.0007
1791343206.2899,R,B,,-70,,,
1791343206.2901,R,C,,-64,,,
1791343206.2903,R,A,,-63,,,
1791343206.3675,O,,,,2.37994,-0.0165,-0.0007
1791343206.3688,O,,,,2.39847,-0.0165,-0.0007
1791343206.3700,O,,,,2.41435,-0.0165,-0.0007
1791343206.3713,O,,,,2.43024,-0.0165,-0.0007
1791343206.3839,R,B,,-62,,,
1791343206.3851,R,C,,-57,,,
1791343206.3852,R,A,,-69,,,
1791343206.4455,O,,,,2.44744,-0.0163,-0.0008
1791343206.4466,O,,,,2.46465,-0.0165,-0.0007
1791343206.4476,O,,,,2.48186,-0.0163,-0.0008
1791343206.4485,O,,,,2.49774,-0.0163,-0.0008
1791343206.4476,R,B,,-60,,,
1791343206.4515,R,C,,-60,,,
1791343206.4527,R,A,,-65,,,
1791343206.4688,R,B,,-65,,,
1791343206.4728,R,A,,-64,,,
1791343206.5031,R,C,,-57,,,
1791343206.5192,O,,,,2.51495,-0.0165,-0.0007
1791343206.5201,O,,,,2.53083,-0.0165,-0.0007
1791343206.5209,O,,,,2.54804,-0.0162,-0.0008
1791343206.5216,O,,,,2.56525,-0.0165,-0.0007
1791343206.5165,R,A,,-61,,,
1791343206.5170,R,C,,-51,,,
1791343206.5271,R,B,,-59,,,
1791343206.5891,O,,,,2.58113,-0.0165,-0.0007
1791343206.5901,O,,,,2.59834,-0.0162,-0.0008
1791343206.5910,O,,,,2.61555,-0.0165,-0.0007
1791343206.5627,R,C,,-56,,,
1791343206.5628,R,B,,-52,,,
1791343206.5630,R,A,,-66,,,
1791343206.6102,R,A,,-66,,,
1791343206.6692,O,,,,2.63143,-0.0165,-0.0007
1791343206.6701,O,,,,2.64864,-0.0162,-0.0008
1791343206.6710,O,,,,2.66452,-0.0162,-0.0008
1791343206.6719,O,,,,2.68173,-0.0165,-0.0007
1791343206.6644,R,A,,-61,,,
1791343206.6650,R,B,,-59,,,
1791343206.6651,R,C,,-50,,,
1791343206.7458,O,,,,2.69894,-0.0162,-0.0008
1791343206.7468,O,,,,2.71482,-0.0162,-0.0008
1791343206.7476,O,,,,2.73071,-0.0162,-0.0008
1791343206.7484,O,,,,2.74659,-0.0162,-0.0008
1791343206.7221,R,A,,-66,,,
1791343206.7439,R,B,,-52,,,
1791343206.7463,R,B,,-57,,,
1791343206.7534,R,C,,-56,,,
1791343206.7726,R,A,,-81,,,
1791343206.7934,R,A,,-68,,,
1791343206.7977,R,B,,-51,,,
1791343206.7999,R,C,,-56,,,
1791343206.8249,O,,,,2.76380,-0.0165,-0.0007
1791343206.8259,O,,,,2.78100,-0.0162,-0.0008
1791343206.8267,O,,,,2.79689,-0.0162,-0.0008
1791343206.8274,O,,,,2.81410,-0.0165,-0.0007
1791343206.8357,R,B,,-49,,,
1791343206.8359,R,A,,-64,,,
1791343206.8532,R,C,,-51,,,
1791343206.8995,O,,,,2.83130,-0.0162,-0.0008
1791343206.9004,O,,,,2.84719,-0.0162,-0.0008
1791343206.9013,O,,,,2.86440,-0.0165,-0.0007
1791343206.9024,O,,,,2.88028,-0.0165,-0.0007
1791343206.8827,R,C,,-57,,,
1791343206.8828,R,B,,-61,,,
1791343206.9221,R,A,,-64,,,
1791343206.9390,R,B,,-55,,,
1791343206.9394,R,C,,-52,,,
1791343206.9395,R,A,,-66,,,
1791343206.9799,O,,,,2.89881,-0.0165,-0.0007
1791343206.9808,O,,,,2.91469,-0.0165,-0.0007
1791343206.9817,O,,,,2.93058,-0.0165,-0.0007
1791343206.9824,O,,,,2.94779,-0.0162,-0.0008
1791343206.9880,R,C,,-52,,,
1791343206.9882,R,A,,-66,,,
1791343206.9884,R,B,,-54,,,
1791343207.0496,O,,,,2.96499,-0.0165,-0.0007
1791343207.0507,O,,,,2.98220,-0.0162,-0.0008
1791343207.0514,O,,,,2.99808,-0.0162,-0.0008
1791343207.0177,R,B,,-60,,,
1791343207.0224,R,A,,-73,,,
1791343207.0485,R,C,,-55,,,
1791343207.0648,R,A,,-76,,,
1791343207.0734,R,B,,-57,,,
1791343207.0735,R,C,,-51,,,
1791343207.1241,O,,,,3.01529,-0.0165,-0.0007
1791343207.1252,O,,,,3.03118,-0.0165,-0.0007
1791343207.1260,O,,,,3.04838,-0.0162,-0.0008
1791343207.1268,O,,,,3.06559,-0.0165,-0.0007
1791343207.1130,R,A,,-65,,,
1791343207.1145,R,B,,-56,,,
1791343207.1147,R,C,,-50,,,
1791343207.1562,R,A,,-70,,,
1791343207.1603,R,B,,-58,,,
1791343207.2042,O,,,,3.08148,-0.0165,-0.0007
1791343207.2053,O,,,,3.09868,-0.0162,-0.0007
1791343207.2062,O,,,,3.11457,-0.0162,-0.0007
1791343207.2070,O,,,,3.13177,-0.0165,-0.0007
1791343207.1985,R,A,,-69,,,
1791343207.1987,R,C,,-51,,,
1791343207.1988,R,B,,-59,,,
1791343207.2433,R,C,,-57,,,
1791343207.2477,R,B,,-60,,,
1791343207.2860,O,,,,-3.13420,-0.0162,-0.0007
1791343207.2872,O,,,,-3.11832,-0.0162,-0.0007
1791343207.2880,O,,,,-3.10111,-0.0165,-0.0008
1791343207.2890,O,,,,-3.08523,-0.0165,-0.0008
1791343207.2729,R,A,,-66,,,
1791343207.2976,R,B,,-60,,,
1791343207.3027,R,C,,-49,,,
1791343207.3596,O,,,,-3.06802,-0.0162,-0.0007
1791343207.3611,O,,,,-3.05081,-0.0165,-0.0008
1791343207.3620,O,,,,-3.03493,-0.0165,-0.0008
1791343207.3482,R,B,,-68,,,
1791343207.3533,R,C,,-53,,,
1791343207.3548,R,A,,-72,,,
1791343207.3629,O,,,,-3.01772,-0.0162,-0.0007
1791343207.3725,R,A,,-72,,,
1791343207.3885,R,C,,-53,,,
1791343207.4454,O,,,,-3.00184,-0.0162,-0.0007
1791343207.4464,O,,,,-2.98463,-0.0165,-0.0008
1791343207.4472,O,,,,-2.96875,-0.0165,-0.0008
1791343207.4481,O,,,,-2.95154,-0.0162,-0.0007
1791343207.4227,R,A,,-72,,,
1791343207.4393,R,B,,-62,,,
1791343207.4395,R,C,,-51,,,
1791343207.4724,R,A,,-76,,,
1791343207.4788,R,B,,-63,,,
1791343207.4789,R,C,,-53,,,
1791343207.5162,O,,,,-2.93433,-0.0165,-0.0008
1791343207.5172,O,,,,-2.91845,-0.0165,-0.0008
1791343207.5180,O,,,,-2.90124,-0.0162,-0.0007
1791343207.5190,O,,,,-2.88536,-0.0162,-0.0007
1791343207.5127,R,A,,-71,,,
1791343207.5186,R,C,,-57,,,
1791343207.5187,R,B,,-57,,,
1791343207.5843,O,,,,-2.86815,-0.0165,-0.0008
1791343207.5854,O,,,,-2.85094,-0.0162,-0.0007
1791343207.5862,O,,,,-2.83506,-0.0162,-0.0007
1791343207.5725,R,A,,-74,,,
1791343207.5925,R,C,,-50,,,
1791343207.5930,R,B,,-51,,,
1791343207.6027,R,C,,-50,,,
1791343207.6215,R,A,,-71,,,
1791343207.6477,R,B,,-59,,,
1791343207.6534,R,C,,-56,,,
1791343207.6593,R,A,,-68,,,
1791343207.6642,O,,,,-2.81917,-0.0162,-0.0007
1791343207.6652,O,,,,-2.80197,-0.0165,-0.0008
1791343207.6661,O,,,,-2.78476,-0.0162,-0.0007
1791343207.6671,O,,,,-2.76887,-0.0162,-0.0007
1791343207.6919,R,B,,-58,,,
1791343207.6921,R,C,,-62,,,
1791343207.6998,R,A,,-62,,,
1791343207.7446,O,,,,-2.75167,-0.0165,-0.0008
1791343207.7456,O,,,,-2.73578,-0.0165,-0.0008
1791343207.7464,O,,,,-2.71858,-0.0162,-0.0007
1791343207.7471,O,,,,-2.70137,-0.0165,-0.0008
1791343207.7386,R,A,,-85,,,
1791343207.7476,R,B,,-51,,,
1791343207.7529,R,C,,-57,,,
1791343207.7847,R,C,,-62,,,
1791343207.7852,R,B,,-62,,,
1791343207.8086,R,A,,-69,,,
1791343207.8196,O,,,,-2.68548,-0.0165,-0.0008
1791343207.8207,O,,,,-2.66828,-0.0162,-0.0007
1791343207.8216,O,,,,-2.65107,-0.0165,-0.0008
1791343207.8224,O,,,,-2.63518,-0.0165,-0.0008
1791343207.8308,R,B,,-61,,,
1791343207.8313,R,A,,-71,,,
1791343207.8315,R,C,,-72,,,
1791343207.8992,O,,,,-2.61798,-0.0162,-0.0007
1791343207.9000,O,,,,-2.60077,-0.0165,-0.0008
1791343207.9009,O,,,,-2.58489,-0.0165,-0.0008
1791343207.9017,O,,,,-2.56768,-0.0167,-0.0010
1791343207.8765,R,B,,-55,,,
1791343207.8766,R,C,,-55,,,
1791343207.8984,R,A,,-65,,,
1791343207.9177,R,B,,-65,,,
1791343207.9225,R,A,,-73,,,
1791343207.9319,R,C,,-58,,,
1791343207.9605,R,A,,-69,,,
1791343207.9607,R,B,,-59,,,
1791343207.9743,O,,,,-2.55047,-0.0165,-0.0008
1791343207.9752,O,,,,-2.53459,-0.0165,-0.0008
1791343207.9761,O,,,,-2.51738,-0.0167,-0.0010
1791343207.9769,O,,,,-2.50017,-0.0165,-0.0008
1791343207.9975,R,C,,-63,,,
1791343208.0452,O,,,,-2.48296,-0.0167,-0.0010
1791343208.0461,O,,,,-2.46576,-0.0165,-0.0008
1791343208.0468,O,,,,-2.44987,-0.0165,-0.0008
1791343208.0226,R,A,,-69,,,
1791343208.0352,R,B,,-51,,,
1791343208.0539,R,B,,-60,,,
1791343208.0725,R,A,,-78,,,
1791343208.0960,R,B,,-61,,,
1791343208.1029,R,C,,-64,,,
1791343208.1243,O,,,,-2.43399,-0.0165,-0.0008
1791343208.1252,O,,,,-2.41810,-0.0165,-0.0008
1791343208.1260,O,,,,-2.40090,-0.0167,-0.0010
1791343208.1267,O,,,,-2.38369,-0.0165,-0.0008
1791343208.1217,R,A,,-74,,,
1791343208.1416,R,C,,-71,,,
1791343208.1417,R,B,,-58,,,
1791343208.2000,O,,,,-2.36781,-0.0165,-0.0008
1791343208.2010,O,,,,-2.35192,-0.0165,-0.0008
1791343208.2029,O,,,,-2.33604,-0.0165,-0.0008
1791343208.2039,O,,,,-2.32015,-0.0165,-0.0008
1791343208.1651,R,A,,-66,,,
1791343208.1982,R,B,,-55,,,
1791343208.2028,R,C,,-63,,,
1791343208.2132,R,A,,-72,,,
1791343208.2444,R,C,,-62,,,
1791343208.2447,R,A,,-74,,,
1791343208.2449,R,B,,-67,,,
1791343208.2798,O,,,,-2.30295,-0.0167,-0.0010
1791343208.2819,O,,,,-2.28574,-0.0165,-0.0008
1791343208.2828,O,,,,-2.26986,-0.0165,-0.0008
1791343208.2836,O,,,,-2.25265,-0.0167,-0.0010
1791343208.2979,R,B,,-62,,,
1791343208.2994,R,C,,-68,,,
1791343208.3005,R,A,,-64,,,
1791343208.3229,R,A,,-61,,,
1791343208.3230,R,B,,-56,,,
1791343208.3480,R,C,,-64,,,
1791343208.3681,O,,,,-2.23544,-0.0165,-0.0008
1791343208.3692,O,,,,-2.21823,-0.0167,-0.0010
1791343208.3703,O,,,,-2.20235,-0.0167,-0.0010
1791343208.3713,O,,,,-2.18514,-0.0165,-0.0008
1791343208.3675,R,A,,-65,,,
1791343208.3691,R,B,,-67,,,
1791343208.4028,R,C,,-62,,,
1791343208.4347,O,,,,-2.16926,-0.0165,-0.0008
1791343208.4364,O,,,,-2.15205,-0.0166,-0.0010
1791343208.4372,O,,,,-2.13484,-0.0165,-0.0008
1791343208.4380,O,,,,-2.11896,-0.0165,-0.0008
1791343208.4135,R,A,,-65,,,
1791343208.4145,R,B,,-59,,,
1791343208.4146,R,C,,-61,,,
1791343208.5057,O,,,,-2.10175,-0.0166,-0.0010
1791343208.5065,O,,,,-2.08454,-0.0165,-0.0008
1791343208.5073,O,,,,-2.06866,-0.0165,-0.0008
1791343208.4733,R,A,,-65,,,
1791343208.4895,R,C,,-60,,,
1791343208.4897,R,B,,-58,,,
1791343208.5145,R,A,,-61,,,
1791343208.5147,R,B,,-64,,,
1791343208.5456,R,C,,-68,,,
1791343208.5574,R,A,,-68,,,
1791343208.5583,R,C,,-66,,,
1791343208.5585,R,B,,-63,,,
1791343208.5849,O,,,,-2.05145,-0.0166,-0.0010
1791343208.5862,O,,,,-2.03424,-0.0165,-0.0008
1791343208.5874,O,,,,-2.01704,-0.0166,-0.0010
1791343208.5886,O,,,,-2.00115,-0.0166,-0.0010
1791343208.6598,O,,,,-1.98395,-0.0165,-0.0008
1791343208.6607,O,,,,-1.96806,-0.0165,-0.0008
1791343208.6615,O,,,,-1.95218,-0.0165,-0.0008
1791343208.6624,O,,,,-1.93365,-0.0165,-0.0008
1791343208.6229,R,A,,-62,,,
1791343208.6479,R,B,,-61,,,
1791343208.6534,R,C,,-57,,,
1791343208.6725,R,A,,-56,,,
1791343208.6895,R,B,,-61,,,
1791343208.6906,R,A,,-62,,,
1791343208.7034,R,C,,-61,,,
1791343208.7397,O,,,,-1.91776,-0.0165,-0.0008
1791343208.7407,O,,,,-1.90055,-0.0166,-0.0010
1791343208.7415,O,,,,-1.88467,-0.0166,-0.0010
1791343208.7422,O,,,,-1.86746,-0.0165,-0.0008
1791343208.7307,R,B,,-61,,,
1791343208.7490,R,A,,-56,,,
1791343208.7520,R,C,,-63,,,
1791343208.7982,R,B,,-56,,,
1791343208.8036,R,C,,-62,,,
1791343208.8192,O,,,,-1.85026,-0.0166,-0.0010
1791343208.8203,O,,,,-1.83437,-0.0166,-0.0010
1791343208.8212,O,,,,-1.81716,-0.0165,-0.0008
1791343208.8220,O,,,,-1.80128,-0.0165,-0.0008
1791343208.8224,R,A,,-58,,,
1791343208.8257,R,B,,-66,,,
1791343208.8261,R,C,,-60,,,
1791343208.8945,O,,,,-1.78540,-0.0165,-0.0008
1791343208.8956,O,,,,-1.76687,-0.0165,-0.0008
1791343208.8966,O,,,,-1.75098,-0.0165,-0.0008
1791343208.8975,O,,,,-1.73510,-0.0165,-0.0008
1791343208.8656,R,A,,-64,,,
1791343208.8709,R,B,,-68,,,
1791343208.9029,R,C,,-59,,,
1791343208.9225,R,A,,-61,,,
1791343208.9453,R,B,,-59,,,
1791343208.9454,R,C,,-58,,,
1791343208.9544,R,A,,-62,,,
1791343208.9741,O,,,,-1.71657,-0.0165,-0.0008
1791343208.9749,O,,,,-1.70068,-0.0165,-0.0008
1791343208.9757,O,,,,-1.68480,-0.0165,-0.0008
1791343208.9764,O,,,,-1.66759,-0.0166,-0.0010
1791343208.9628,R,B,,-69,,,
1791343209.0027,R,C,,-64,,,
1791343209.0446,O,,,,-1.65038,-0.0165,-0.0008
1791343209.0457,O,,,,-1.63450,-0.0165,-0.0008
1791343209.0465,O,,,,-1.61729,-0.0166,-0.0010
1791343209.0225,R,A,,-62,,,
1791343209.0423,R,B,,-72,,,
1791343209.0448,R,B,,-69,,,
1791343209.0490,R,A,,-63,,,
1791343209.0529,R,C,,-63,,,
1791343209.0860,R,C,,-66,,,
1791343209.0865,R,A,,-65,,,
1791343209.0979,R,B,,-73,,,
1791343209.1193,O,,,,-1.60141,-0.0166,-0.0010
1791343209.1202,O,,,,-1.58420,-0.0165,-0.0008
1791343209.1210,O,,,,-1.56832,-0.0165,-0.0008
1791343209.1218,O,,,,-1.55111,-0.0165,-0.0010
1791343209.1333,R,B,,-74,,,
1791343209.1530,R,C,,-70,,,
1791343209.1994,O,,,,-1.53390,-0.0165,-0.0008
1791343209.2004,O,,,,-1.51802,-0.0165,-0.0008
1791343209.2018,O,,,,-1.50081,-0.0165,-0.0010
1791343209.2027,O,,,,-1.48360,-0.0166,-0.0008
1791343209.1726,R,A,,-64,,,
1791343209.1774,R,B,,-69,,,
1791343209.1870,R,C,,-69,,,
1791343209.2172,R,A,,-74,,,
1791343209.2260,R,C,,-63,,,
1791343209.2261,R,B,,-69,,,
1791343209.2543,R,A,,-75,,,
1791343209.2768,O,,,,-1.46772,-0.0166,-0.0008
1791343209.2781,O,,,,-1.45051,-0.0165,-0.0010
1791343209.2789,O,,,,-1.43463,-0.0165,-0.0010
1791343209.2798,O,,,,-1.41742,-0.0166,-0.0008
1791343209.2704,R,B,,-73,,,
1791343209.2731,R,A,,-72,,,
1791343209.2919,R,C,,-64,,,
1791343209.3546,O,,,,-1.40021,-0.0165,-0.0010
1791343209.3568,O,,,,-1.38433,-0.0165,-0.0010
1791343209.3580,O,,,,-1.36844,-0.0165,-0.0010
1791343209.3593,O,,,,-1.35124,-0.0166,-0.0008
1791343209.3227,R,A,,-65,,,
1791343209.3294,R,C,,-73,,,
1791343209.3295,R,B,,-66,,,
1791343209.3680,R,A,,-67,,,
1791343209.3835,R,B,,-69,,,
1791343209.3836,R,C,,-57,,,
1791343209.4103,R,C,,-63,,,
1791343209.4359,O,,,,-1.33403,-0.0165,-0.0010
1791343209.4374,O,,,,-1.31815,-0.0165,-0.0010
1791343209.4386,O,,,,-1.30094,-0.0166,-0.0008
1791343209.4398,O,,,,-1.28373,-0.0165,-0.0010
1791343209.4123,R,A,,-73,,,
1791343209.4129,R,B,,-74,,,
1791343209.4542,R,A,,-63,,,
1791343209.5105,O,,,,-1.26785,-0.0165,-0.0010
1791343209.5117,O,,,,-1.25064,-0.0166,-0.0008
1791343209.5125,O,,,,-1.23475,-0.0166,-0.0008
1791343209.4919,R,B,,-67,,,
1791343209.5029,R,C,,-69,,,
1791343209.5047,R,A,,-70,,,
1791343209.5446,R,C,,-60,,,
1791343209.5480,R,B,,-78,,,
1791343209.5846,O,,,,-1.21755,-0.0165,-0.0010
1791343209.5857,O,,,,-1.20034,-0.0166,-0.0008
1791343209.5865,O,,,,-1.18446,-0.0166,-0.0008
1791343209.5873,O,,,,-1.16857,-0.0166,-0.0008
1791343209.5730,R,A,,-73,,,
1791343209.5980,R,B,,-69,,,
1791343209.5982,R,C,,-68,,,
1791343209.5985,R,A,,-69,,,
1791343209.6594,O,,,,-1.15136,-0.0165,-0.0010
1791343209.6604,O,,,,-1.13416,-0.0166,-0.0008
1791343209.6612,O,,,,-1.11827,-0.0166,-0.0008
1791343209.6619,O,,,,-1.10107,-0.0165,-0.0010
1791343209.6337,R,B,,-65,,,
1791343209.6338,R,C,,-64,,,
1791343209.6556,R,A,,-81,,,
1791343209.6979,R,B,,-72,,,
1791343209.7031,R,C,,-57,,,
1791343209.7054,R,A,,-69,,,
1791343209.7392,O,,,,-1.08386,-0.0166,-0.0008
1791343209.7400,O,,,,-1.06665,-0.0165,-0.0010
1791343209.7408,O,,,,-1.05077,-0.0165,-0.0010
1791343209.7415,O,,,,-1.03356,-0.0166,-0.0008
1791343209.7692,R,C,,-66,,,
1791343209.7730,R,A,,-69,,,
1791343209.7934,R,B,,-67,,,
1791343209.8147,O,,,,-1.01635,-0.0165,-0.0010
1791343209.8161,O,,,,-1.00047,-0.0165,-0.0010
1791343209.8179,O,,,,-0.98326,-0.0166,-0.0008
1791343209.8187,O,,,,-0.96738,-0.0166,-0.0008
1791343209.8147,R,A,,-82,,,
1791343209.8149,R,B,,-67,,,
1791343209.8219,R,C,,-60,,,
1791343209.8605,R,A,,-68,,,
1791343209.8947,O,,,,-0.95149,-0.0166,-0.0008
1791343209.8956,O,,,,-0.93428,-0.0165,-0.0010
1791343209.8964,O,,,,-0.91708,-0.0166,-0.0008
1791343209.8972,O,,,,-0.90119,-0.0166,-0.0008
1791343209.8692,R,B,,-69,,,
1791343209.8695,R,C,,-61,,,
1791343209.9038,R,C,,-64,,,
1791343209.9232,R,A,,-66,,,
1791343209.9321,R,B,,-76,,,
1791343209.9457,R,A,,-70,,,
1791343209.9536,R,C,,-64,,,
1791343209.9692,O,,,,-0.88399,-0.0165,-0.0010
1791343209.9702,O,,,,-0.86810,-0.0165,-0.0010
1791343209.9710,O,,,,-0.85089,-0.0166,-0.0008
1791343209.9717,O,,,,-0.83501,-0.0166,-0.0008
1791343209.9916,R,B,,-77,,,
1791343210.0030,R,C,,-81,,,
1791343210.0396,O,,,,-0.81780,-0.0165,-0.0010
1791343210.0405,O,,,,-0.80060,-0.0166,-0.0008
1791343210.0412,O,,,,-0.78471,-0.0166,-0.0008
1791343210.0227,R,A,,-68,,,
1791343210.0987,R,B,,-72,,,
1791343210.1037,R,C,,-64,,,
1791343210.1201,O,,,,-0.76618,-0.0166,-0.0008
1791343210.1213,O,,,,-0.75030,-0.0166,-0.0008
1791343210.1226,O,,,,-0.73441,-0.0166,-0.0008
1791343210.1238,O,,,,-0.71720,-0.0164,-0.0010
1791343210.1228,R,A,,-65,,,
1791343210.1420,R,C,,-64,,,
1791343210.1424,R,B,,-76,,,
1791343210.1953,O,,,,-0.70000,-0.0166,-0.0008
1791343210.1962,O,,,,-0.68411,-0.0166,-0.0008
1791343210.1970,O,,,,-0.66691,-0.0164,-0.0010
1791343210.1978,O,,,,-0.65102,-0.0164,-0.0010
1791343210.1640,R,B,,-73,,,
1791343210.1641,R,C,,-65,,,
1791343210.1717,R,A,,-74,,,
1791343210.2068,R,A,,-70,,,
1791343210.2465,R,B,,-74,,,
1791343210.2467,R,C,,-63,,,
1791343210.2547,R,A,,-65,,,
1791343210.2740,O,,,,-0.63381,-0.0166,-0.0008
1791343210.2750,O,,,,-0.61661,-0.0164,-0.0010
1791343210.2758,O,,,,-0.60072,-0.0164,-0.0010
1791343210.2766,O,,,,-0.58352,-0.0166,-0.0008
1791343210.2769,R,B,,-70,,,
1791343210.3030,R,C,,-63,,,
1791343210.3082,R,A,,-73,,,
1791343210.3542,O,,,,-0.56763,-0.0166,-0.0008
1791343210.3552,O,,,,-0.55042,-0.0164,-0.0010
1791343210.3560,O,,,,-0.53322,-0.0166,-0.0008
1791343210.3568,O,,,,-0.51733,-0.0166,-0.0008
1791343210.3467,R,A,,-76,,,
1791343210.3481,R,B,,-68,,,
1791343210.4293,O,,,,-0.50012,-0.0164,-0.0010
1791343210.4302,O,,,,-0.48292,-0.0167,-0.0008
1791343210.4310,O,,,,-0.46703,-0.0167,-0.0008
1791343210.4317,O,,,,-0.45115,-0.0167,-0.0008
1791343210.4382,R,B,,-68,,,
1791343210.4383,R,C,,-63,,,
1791343210.4533,R,A,,-68,,,
1791343210.4991,O,,,,-0.43394,-0.0164,-0.0009
1791343210.5000,O,,,,-0.41806,-0.0164,-0.0009
1791343210.5009,O,,,,-0.40217,-0.0164,-0.0009
1791343210.4820,R,C,,-83,,,
1791343210.4822,R,B,,-72,,,
1791343210.4929,R,A,,-84,,,
1791343210.5297,R,B,,-72,,,
1791343210.5532,R,C,,-83,,,
1791343210.5570,R,A,,-80,,,
1791343210.5792,O,,,,-0.38497,-0.0162,-0.0010
1791343210.5801,O,,,,-0.36908,-0.0162,-0.0010
1791343210.5810,O,,,,-0.35320,-0.0162,-0.0010
1791343210.5818,O,,,,-0.33599,-0.0164,-0.0010
1791343210.5981,R,B,,-59,,,
1791343210.6030,R,C,,-61,,,
1791343210.6550,O,,,,-0.31878,-0.0162,-0.0010
1791343210.6560,O,,,,-0.30290,-0.0162,-0.0010
1791343210.6568,O,,,,-0.28569,-0.0164,-0.0010
1791343210.6576,O,,,,-0.26848,-0.0162,-0.0010
1791343210.6134,R,A,,-66,,,
1791343210.6186,R,C,,-68,,,
1791343210.6228,R,A,,-66,,,
1791343210.6652,R,A,,-73,,,
1791343210.6657,R,C,,-66,,,
1791343210.6662,R,B,,-67,,,
1791343210.7353,O,,,,-0.25128,-0.0164,-0.0010
1791343210.7363,O,,,,-0.23539,-0.0164,-0.0010
1791343210.7371,O,,,,-0.21819,-0.0162,-0.0010
1791343210.7378,O,,,,-0.20098,-0.0164,-0.0010
1791343210.7146,R,A,,-68,,,
1791343210.7481,R,B,,-67,,,
1791343210.7508,R,C,,-72,,,
1791343210.7582,R,A,,-66,,,
1791343210.7694,R,B,,-69,,,
1791343210.8018,R,A,,-69,,,
1791343210.8022,R,C,,-68,,,
1791343210.8238,O,,,,-0.18509,-0.0164,-0.0010
1791343210.8247,O,,,,-0.16789,-0.0162,-0.0010
1791343210.8256,O,,,,-0.15068,-0.0164,-0.0010
1791343210.8269,O,,,,-0.13480,-0.0164,-0.0010
1791343210.8411,R,B,,-71,,,
1791343210.8429,R,C,,-64,,,
1791343210.8437,R,B,,-74,,,
1791343210.8492,R,A,,-64,,,
1791343210.8905,O,,,,-0.11759,-0.0162,-0.0010
1791343210.8913,O,,,,-0.10038,-0.0164,-0.0010
1791343210.8921,O,,,,-0.08450,-0.0164,-0.0010
1791343210.8932,O,,,,-0.06861,-0.0164,-0.0010
1791343210.8907,R,B,,-67,,,
1791343210.8918,R,A,,-68,,,
1791343210.9032,R,C,,-71,,,
1791343210.9481,R,B,,-69,,,
1791343210.9517,R,C,,-64,,,
1791343210.9676,O,,,,-0.05008,-0.0164,-0.0010
1791343210.9685,O,,,,-0.03420,-0.0164,-0.0010
1791343210.9694,O,,,,-0.01831,-0.0164,-0.0010
1791343210.9701,O,,,,0.00022,-0.0164,-0.0010
1791343210.9644,R,A,,-68,,,
1791343210.9798,R,B,,-78,,,
1791343210.9882,R,A,,-62,,,
1791343210.9882,R,C,,-74,,,
1791343211.0378,O,,,,0.01610,-0.0164,-0.0010
1791343211.0391,O,,,,0.03199,-0.0164,-0.0010
1791343211.0403,O,,,,0.05052,-0.0164,-0.0010
1791343211.0245,R,C,,-72,,,
1791343211.0424,R,B,,-69,,,
1791343211.0642,R,B,,-71,,,
1791343211.0665,R,A,,-65,,,
1791343211.0840,R,C,,-71,,,
1791343211.1108,R,A,,-71,,,
1791343211.1143,O,,,,0.06640,-0.0164,-0.0010
1791343211.1156,O,,,,0.08228,-0.0164,-0.0010
1791343211.1168,O,,,,0.09949,-0.0167,-0.0010
1791343211.1179,O,,,,0.11670,-0.0164,-0.0010
1791343211.1194,R,B,,-66,,,
1791343211.1194,R,C,,-70,,,
1791343211.1536,R,C,,-74,,,
1791343211.1548,R,A,,-63,,,
1791343211.1551,R,B,,-63,,,
1791343211.1943,O,,,,0.13258,-0.0164,-0.0010
1791343211.1956,O,,,,0.14979,-0.0167,-0.0010
1791343211.1968,O,,,,0.16568,-0.0167,-0.0010
1791343211.1980,O,,,,0.18288,-0.0164,-0.0010
1791343211.1955,R,A,,-67,,,
1791343211.1965,R,B,,-64,,,
1791343211.2028,R,C,,-74,,,
1791343211.2433,R,C,,-72,,,
1791343211.2435,R,A,,-67,,,
1791343211.2483,R,B,,-75,,,
1791343211.2691,O,,,,0.19877,-0.0164,-0.0010
1791343211.2699,O,,,,0.21597,-0.0167,-0.0010
1791343211.2708,O,,,,0.23318,-0.0164,-0.0010
1791343211.2715,O,,,,0.24907,-0.0164,-0.0010
1791343211.2977,R,B,,-63,,,
1791343211.2993,R,C,,-83,,,
1791343211.3002,R,A,,-64,,,
1791343211.3495,O,,,,0.26627,-0.0167,-0.0010
1791343211.3505,O,,,,0.28348,-0.0164,-0.0010
1791343211.3513,O,,,,0.29804,-0.0167,-0.0010
1791343211.3521,O,,,,0.31128,-0.0167,-0.0010
1791343211.3346,R,B,,-63,,,
1791343211.3347,R,C,,-73,,,
1791343211.3730,R,A,,-67,,,
1791343211.3835,R,B,,-76,,,
1791343211.3922,R,A,,-68,,,
1791343211.4294,O,,,,0.32451,-0.0172,-0.0012
1791343211.4306,O,,,,0.33643,-0.0169,-0.0011
1791343211.4320,O,,,,0.34569,-0.0172,-0.0012
1791343211.4328,O,,,,0.35496,-0.0174,-0.0013
1791343211.5002,O,,,,0.36422,-0.0177,-0.0014
1791343211.5010,O,,,,0.37084,-0.0179,-0.0015
1791343211.5018,O,,,,0.37481,-0.0182,-0.0016
1791343211.4760,R,B,,-64,,,
1791343211.5026,R,C,,-72,,,
1791343211.5059,R,A,,-68,,,
1791343211.5184,R,C,,-83,,,
1791343211.5208,R,A,,-66,,,
1791343211.5479,R,B,,-74,,,
1791343211.5744,O,,,,0.38011,-0.0182,-0.0016
1791343211.5752,O,,,,0.38408,-0.0184,-0.0017
1791343211.5760,O,,,,0.38673,-0.0189,-0.0019
1791343211.5768,O,,,,0.38937,-0.0189,-0.0019
1791343211.5683,R,A,,-69,,,
1791343211.5688,R,B,,-66,,,
1791343211.5690,R,C,,-68,,,
1791343211.6546,O,,,,0.38937,-0.0189,-0.0019
1791343211.6556,O,,,,0.39070,-0.0192,-0.0020
1791343211.6564,O,,,,0.39070,-0.0192,-0.0020
1791343211.6573,O,,,,0.39070,-0.0192,-0.0020
1791343211.6124,R,C,,-71,,,
1791343211.6124,R,B,,-64,,,
1791343211.6225,R,A,,-64,,,
1791343211.6643,R,B,,-74,,,
1791343211.6664,R,A,,-67,,,
1791343211.7006,R,C,,-77,,,
1791343211.7020,R,A,,-68,,,
1791343211.7296,O,,,,0.39070,-0.0192,-0.0020
1791343211.7305,O,,,,0.39070,-0.0192,-0.0020
1791343211.7313,O,,,,0.39070,-0.0192,-0.0020
1791343211.7322,O,,,,0.39070,-0.0192,-0.0020
1791343211.7427,R,B,,-72,,,
1791343211.7429,R,C,,-64,,,
1791343211.8098,O,,,,0.38937,-0.0189,-0.0019
1791343211.8108,O,,,,0.38937,-0.0189,-0.0019
1791343211.8116,O,,,,0.38937,-0.0189,-0.0019
1791343211.8123,O,,,,0.38937,-0.0189,-0.0019
1791343211.7724,R,A,,-65,,,
1791343211.7886,R,C,,-73,,,
1791343211.7888,R,B,,-63,,,
1791343211.7934,R,A,,-67,,,
1791343211.8339,R,B,,-77,,,
1791343211.8340,R,C,,-79,,,
1791343211.8530,R,A,,-76,,,
1791343211.8899,O,,,,0.38937,-0.0189,-0.0019
1791343211.8908,O,,,,0.38937,-0.0189,-0.0019
1791343211.8916,O,,,,0.38937,-0.0189,-0.0019
1791343211.8924,O,,,,0.38937,-0.0189,-0.0019
1791343211.8973,R,B,,-70,,,
1791343211.9024,R,C,,-65,,,
1791343211.9158,R,A,,-66,,,
1791343211.9274,R,C,,-70,,,
1791343211.9274,R,B,,-61,,,
1791343211.9337,R,A,,-69,,,
1791343211.9641,O,,,,0.38937,-0.0189,-0.0019
1791343211.9649,O,,,,0.38937,-0.0189,-0.0019
1791343211.9657,O,,,,0.38937,-0.0189,-0.0019
1791343211.9665,O,,,,0.38937,-0.0189,-0.0019
1791343211.9759,R,B,,-72,,,
1791343211.9761,R,C,,-73,,,
1791343212.4247,O,,,,0.38937,-0.0189,-0.0019
1791343212.0200,R,A,,-60,,,
1791343212.0202,R,B,,-59,,,
1791343212.0567,R,A,,-61,,,
1791343212.4269,O,,,,0.38937,-0.0189,-0.0019
1791343212.0717,R,C,,-64,,,
1791343212.0722,R,B,,-54,,,
1791343212.1082,R,B,,-62,,,
1791343212.4301,O,,,,0.38937,-0.0189,-0.0019
1791343212.1121,R,A,,-57,,,
1791343212.1449,R,C,,-73,,,
1791343212.1451,R,A,,-61,,,
1791343212.1471,R,B,,-64,,,
1791343212.4318,O,,,,0.38937,-0.0189,-0.0019
1791343212.1968,R,B,,-54,,,
1791343212.1982,R,C,,-69,,,
1791343212.1985,R,A,,-57,,,
1791343212.4335,O,,,,0.38937,-0.0189,-0.0019
1791343212.2370,R,A,,-57,,,
1791343212.2468,R,B,,-52,,,
1791343212.2492,R,C,,-57,,,
1791343212.4347,O,,,,0.38937,-0.0189,-0.0019
1791343212.2814,R,B,,-58,,,
1791343212.2822,R,A,,-58,,,
1791343212.3015,R,C,,-62,,,
1791343212.4359,O,,,,0.38937,-0.0189,-0.0019
1791343212.3278,R,B,,-59,,,
1791343212.3359,R,C,,-54,,,
1791343212.3362,R,A,,-60,,,
1791343212.4368,O,,,,0.38937,-0.0189,-0.0019
1791343212.3814,R,C,,-51,,,
1791343212.3816,R,B,,-57,,,
1791343212.3817,R,A,,-65,,,
1791343212.4377,O,,,,0.38937,-0.0189,-0.0019
1791343212.4384,O,,,,0.38937,-0.0189,-0.0019
1791343212.4392,O,,,,0.38937,-0.0189,-0.0019
1791343212.4399,O,,,,0.38937,-0.0189,-0.0019
1791343212.4406,O,,,,0.38937,-0.0189,-0.0019
1791343212.4413,O,,,,0.38937,-0.0189,-0.0019
1791343212.4426,O,,,,0.38937,-0.0189,-0.0019
1791343212.4434,O,,,,0.38937,-0.0189,-0.0019
1791343212.4441,O,,,,0.38937,-0.0189,-0.0019
1791343212.4457,O,,,,0.38937,-0.0189,-0.0019
1791343212.4467,O,,,,0.38937,-0.0189,-0.0019
1791343212.4478,O,,,,0.38937,-0.0189,-0.0019
1791343212.4486,O,,,,0.38937,-0.0189,-0.0019
1791343212.4494,O,,,,0.38937,-0.0189,-0.0019
1791343212.4501,O,,,,0.38937,-0.0189,-0.0019
1791343212.4164,R,B,,-65,,,
1791343212.4177,R,A,,-69,,,
1791343212.4368,R,C,,-66,,,
1791343212.4579,R,A,,-61,,,
1791343212.4943,O,,,,0.38937,-0.0189,-0.0019
1791343212.4953,O,,,,0.38937,-0.0189,-0.0019
1791343212.4960,O,,,,0.38937,-0.0189,-0.0019
1791343212.4720,R,C,,-64,,,
1791343212.4967,R,B,,-63,,,
1791343212.5017,R,C,,-64,,,
1791343212.5147,R,A,,-66,,,
1791343212.5151,R,B,,-67,,,
1791343212.5424,R,B,,-62,,,
1791343212.5428,R,C,,-61,,,
1791343212.5428,R,A,,-67,,,
1791343212.5695,O,,,,0.38937,-0.0189,-0.0019
1791343212.5706,O,,,,0.38937,-0.0189,-0.0019
1791343212.5714,O,,,,0.39202,-0.0189,-0.0019
1791343212.5722,O,,,,0.39996,-0.0194,-0.0021
1791343212.5853,R,C,,-63,,,
1791343212.5980,R,B,,-65,,,
1791343212.6497,O,,,,0.41055,-0.0194,-0.0021
1791343212.6507,O,,,,0.42246,-0.0201,-0.0024
1791343212.6523,O,,,,0.43835,-0.0206,-0.0026
1791343212.6531,O,,,,0.45291,-0.0208,-0.0027
1791343212.6140,R,A,,-69,,,
1791343212.6298,R,B,,-61,,,
1791343212.6433,R,A,,-69,,,
1791343212.6515,R,C,,-64,,,
1791343212.6754,R,C,,-61,,,
1791343212.6756,R,B,,-56,,,
1791343212.6785,R,A,,-65,,,
1791343212.7334,O,,,,0.46747,-0.0216,-0.0031
1791343212.7345,O,,,,0.48203,-0.0218,-0.0032
1791343212.7356,O,,,,0.49791,-0.0223,-0.0035
1791343212.7363,O,,,,0.51512,-0.0225,-0.0036
1791343212.7220,R,B,,-66,,,
1791343212.7514,R,C,,-72,,,
1791343212.8046,O,,,,0.53100,-0.0229,-0.0039
1791343212.8059,O,,,,0.54821,-0.0232,-0.0040
1791343212.8072,O,,,,0.56277,-0.0234,-0.0041
1791343212.8085,O,,,,0.57998,-0.0236,-0.0043
1791343212.7642,R,A,,-63,,,
1791343212.7917,R,B,,-58,,,
1791343212.7918,R,C,,-63,,,
1791343212.8141,R,A,,-68,,,
1791343212.8462,R,B,,-56,,,
1791343212.8467,R,C,,-66,,,
1791343212.8607,R,B,,-62,,,
1791343212.8847,O,,,,0.59454,-0.0238,-0.0044
1791343212.8862,O,,,,0.61175,-0.0236,-0.0043
1791343212.8874,O,,,,0.62763,-0.0236,-0.0043
1791343212.8886,O,,,,0.64352,-0.0236,-0.0043
1791343212.8628,R,A,,-64,,,
1791343212.8716,R,C,,-65,,,
1791343212.9046,R,A,,-62,,,
1791343212.9546,O,,,,0.65940,-0.0236,-0.0043
1791343212.9555,O,,,,0.67528,-0.0236,-0.0043
1791343212.9563,O,,,,0.69117,-0.0236,-0.0043
1791343212.9571,O,,,,0.70705,-0.0236,-0.0043
1791343212.9234,R,B,,-63,,,
1791343212.9453,R,C,,-66,,,
1791343212.9469,R,B,,-69,,,
1791343212.9489,R,A,,-57,,,
1791343212.9910,R,B,,-61,,,
1791343213.0012,R,C,,-72,,,
1791343213.0291,O,,,,0.72293,-0.0236,-0.0043
1791343213.0301,O,,,,0.74014,-0.0234,-0.0041
1791343213.0310,O,,,,0.75603,-0.0234,-0.0041
1791343213.0132,R,A,,-56,,,
1791343213.0463,R,B,,-65,,,
1791343213.0513,R,A,,-58,,,
1791343213.0513,R,C,,-67,,,
1791343213.1103,O,,,,0.77191,-0.0234,-0.0041
1791343213.1113,O,,,,0.79044,-0.0234,-0.0041
1791343213.1123,O,,,,0.80633,-0.0234,-0.0041
1791343213.0744,R,B,,-60,,,
1791343213.0790,R,A,,-55,,,
1791343213.1011,R,C,,-60,,,
1791343213.1133,O,,,,0.82353,-0.0236,-0.0043
1791343213.1212,R,A,,-55,,,
1791343213.1328,R,C,,-62,,,
1791343213.1462,R,B,,-56,,,
1791343213.1846,O,,,,0.84074,-0.0234,-0.0041
1791343213.1855,O,,,,0.85662,-0.0234,-0.0041
1791343213.1863,O,,,,0.87383,-0.0236,-0.0043
1791343213.1871,O,,,,0.89104,-0.0234,-0.0041
1791343213.1623,R,C,,-66,,,
1791343213.1639,R,A,,-56,,,
1791343213.1724,R,B,,-67,,,
1791343213.2216,R,A,,-57,,,
1791343213.2460,R,B,,-71,,,
1791343213.2516,R,C,,-68,,,
1791343213.2641,O,,,,0.90692,-0.0234,-0.0041
1791343213.2652,O,,,,0.92413,-0.0236,-0.0043
1791343213.2661,O,,,,0.94001,-0.0236,-0.0043
1791343213.2669,O,,,,0.95855,-0.0236,-0.0043
1791343213.2622,R,C,,-58,,,
1791343213.2625,R,B,,-55,,,
1791343213.2626,R,A,,-55,,,
1791343213.3006,R,A,,-63,,,
1791343213.3014,R,C,,-56,,,
1791343213.3459,O,,,,0.97443,-0.0236,-0.0043
1791343213.3469,O,,,,0.99031,-0.0236,-0.0043
1791343213.3477,O,,,,1.00752,-0.0237,-0.0045
1791343213.3485,O,,,,1.02473,-0.0236,-0.0043
1791343213.3387,R,C,,-57,,,
1791343213.3388,R,B,,-64,,,
1791343213.3391,R,A,,-62,,,
1791343213.3866,R,C,,-62,,,
1791343213.3870,R,B,,-61,,,
1791343213.4205,O,,,,1.04061,-0.0236,-0.0043
1791343213.4216,O,,,,1.05782,-0.0237,-0.0045
1791343213.4224,O,,,,1.07370,-0.0237,-0.0045
1791343213.4231,O,,,,1.09091,-0.0236,-0.0043
1791343213.4205,R,A,,-60,,,
1791343213.4298,R,C,,-61,,,
1791343213.4459,R,B,,-54,,,
1791343213.4476,R,A,,-62,,,
1791343213.4896,O,,,,1.10812,-0.0237,-0.0045
1791343213.4906,O,,,,1.12400,-0.0237,-0.0045
1791343213.4913,O,,,,1.13989,-0.0237,-0.0045
1791343213.4741,R,B,,-67,,,
1791343213.4743,R,C,,-60,,,
1791343213.4983,R,A,,-66,,,
1791343213.5209,R,A,,-67,,,
1791343213.5692,O,,,,1.15709,-0.0236,-0.0043
1791343213.5701,O,,,,1.17430,-0.0237,-0.0045
1791343213.5710,O,,,,1.19019,-0.0237,-0.0045
1791343213.5718,O,,,,1.20607,-0.0237,-0.0045
1791343213.5682,R,C,,-72,,,
1791343213.5684,R,B,,-54,,,
1791343213.5703,R,A,,-68,,,
1791343213.6443,O,,,,1.22460,-0.0237,-0.0045
1791343213.6452,O,,,,1.24049,-0.0237,-0.0045
1791343213.6460,O,,,,1.25637,-0.0237,-0.0045
1791343213.6468,O,,,,1.27358,-0.0236,-0.0043
1791343213.6174,R,B,,-62,,,
1791343213.6188,R,A,,-64,,,
1791343213.6315,R,C,,-64,,,
1791343213.6637,R,A,,-74,,,
1791343213.6643,R,B,,-58,,,
1791343213.6814,R,C,,-62,,,
1791343213.7252,O,,,,1.29078,-0.0237,-0.0045
1791343213.7265,O,,,,1.30667,-0.0237,-0.0045
1791343213.7276,O,,,,1.32388,-0.0237,-0.0043
1791343213.7288,O,,,,1.34108,-0.0237,-0.0045
1791343213.7130,R,A,,-75,,,
1791343213.7132,R,B,,-53,,,
1791343213.7244,R,C,,-66,,,
1791343213.7996,O,,,,1.35697,-0.0237,-0.0045
1791343213.8008,O,,,,1.37417,-0.0237,-0.0043
1791343213.8019,O,,,,1.39138,-0.0237,-0.0045
1791343213.8034,O,,,,1.40727,-0.0237,-0.0045
1791343213.7704,R,A,,-76,,,
1791343213.7712,R,B,,-60,,,
1791343213.8026,R,A,,-67,,,
1791343213.8282,R,B,,-60,,,
1791343213.8446,R,B,,-58,,,
1791343213.8457,R,A,,-68,,,
1791343213.8501,R,C,,-68,,,
1791343213.8791,O,,,,1.42447,-0.0237,-0.0043
1791343213.8801,O,,,,1.44036,-0.0237,-0.0043
1791343213.8809,O,,,,1.45756,-0.0237,-0.0045
1791343213.8817,O,,,,1.47477,-0.0237,-0.0043
1791343213.8953,R,C,,-55,,,
1791343213.8955,R,B,,-57,,,
1791343213.8963,R,A,,-89,,,
1791343213.9560,O,,,,1.49066,-0.0237,-0.0043
1791343213.9570,O,,,,1.50786,-0.0237,-0.0045
1791343213.9586,O,,,,1.52375,-0.0237,-0.0045
1791343213.9383,R,B,,-71,,,
1791343213.9504,R,C,,-62,,,
1791343213.9705,R,A,,-68,,,
1791343214.0297,O,,,,1.54096,-0.0237,-0.0043
1791343214.0309,O,,,,1.55684,-0.0237,-0.0043
1791343214.0319,O,,,,1.57405,-0.0237,-0.0045
1791343214.0327,O,,,,1.58993,-0.0237,-0.0045
1791343214.0300,R,C,,-64,,,
1791343214.0453,R,B,,-52,,,
1791343214.1048,O,,,,1.60714,-0.0237,-0.0043
1791343214.1059,O,,,,1.62302,-0.0237,-0.0043
1791343214.1067,O,,,,1.63891,-0.0237,-0.0043
1791343214.1075,O,,,,1.65744,-0.0237,-0.0043
1791343214.0713,R,A,,-86,,,
1791343214.0733,R,B,,-68,,,
1791343214.0737,R,A,,-69,,,
1791343214.0740,R,C,,-69,,,
1791343214.1140,R,B,,-57,,,
1791343214.1206,R,A,,-70,,,
1791343214.1435,R,C,,-79,,,
1791343214.1610,R,A,,-76,,,
1791343214.1842,O,,,,1.67332,-0.0237,-0.0043
1791343214.1853,O,,,,1.68921,-0.0237,-0.0043
1791343214.1861,O,,,,1.70641,-0.0237,-0.0045
1791343214.1869,O,,,,1.72362,-0.0237,-0.0043
1791343214.1892,R,B,,-60,,,
1791343214.1899,R,C,,-65,,,
1791343214.2010,R,B,,-65,,,
1791343214.2022,R,A,,-65,,,
1791343214.2592,O,,,,1.73950,-0.0237,-0.0043
1791343214.2603,O,,,,1.75671,-0.0237,-0.0045
1791343214.2619,O,,,,1.77392,-0.0237,-0.0043
1791343214.2627,O,,,,1.78980,-0.0237,-0.0043
1791343214.2438,R,B,,-66,,,
1791343214.2502,R,C,,-72,,,
1791343214.2698,R,A,,-69,,,
1791343214.2883,R,C,,-63,,,
1791343214.2885,R,B,,-60,,,
1791343214.3040,R,A,,-75,,,
1791343214.3393,O,,,,1.80569,-0.0237,-0.0043
1791343214.3403,O,,,,1.82422,-0.0237,-0.0043
1791343214.3411,O,,,,1.84010,-0.0237,-0.0043
1791343214.3419,O,,,,1.85599,-0.0237,-0.0043
1791343214.3295,R,C,,-57,,,
1791343214.3297,R,B,,-55,,,
1791343214.3626,R,A,,-66,,,
1791343214.3719,R,B,,-57,,,
1791343214.3722,R,C,,-61,,,
1791343214.4192,O,,,,1.87319,-0.0236,-0.0045
1791343214.4201,O,,,,1.89040,-0.0237,-0.0043
1791343214.4209,O,,,,1.90628,-0.0237,-0.0043
1791343214.4216,O,,,,1.92349,-0.0236,-0.0045
1791343214.4450,R,B,,-50,,,
1791343214.4501,R,C,,-59,,,
1791343214.4843,O,,,,1.94070,-0.0237,-0.0043
1791343214.4852,O,,,,1.95658,-0.0237,-0.0043
1791343214.4859,O,,,,1.97379,-0.0236,-0.0045
1791343214.4698,R,A,,-62,,,
1791343214.4949,R,B,,-51,,,
1791343214.4998,R,C,,-58,,,
1791343214.5162,R,B,,-53,,,
1791343214.5163,R,C,,-65,,,
1791343214.5186,R,A,,-66,,,
1791343214.5642,O,,,,1.99100,-0.0237,-0.0043
1791343214.5650,O,,,,2.00688,-0.0237,-0.0043
1791343214.5658,O,,,,2.02277,-0.0237,-0.0043
1791343214.5669,O,,,,2.03997,-0.0236,-0.0045
1791343214.5666,R,B,,-49,,,
1791343214.5668,R,C,,-57,,,
1791343214.5696,R,A,,-69,,,
1791343214.6069,R,A,,-73,,,
1791343214.6077,R,B,,-50,,,
1791343214.6079,R,C,,-56,,,
1791343214.6456,O,,,,2.05718,-0.0237,-0.0043
1791343214.6466,O,,,,2.07307,-0.0237,-0.0043
1791343214.6475,O,,,,2.09027,-0.0236,-0.0045
1791343214.6482,O,,,,2.10616,-0.0236,-0.0045
1791343214.6529,R,A,,-72,,,
1791343214.6860,R,B,,-56,,,
1791343214.7017,R,A,,-70,,,
1791343214.7197,O,,,,2.12336,-0.0237,-0.0043
1791343214.7210,O,,,,2.14057,-0.0236,-0.0045
1791343214.7222,O,,,,2.15778,-0.0237,-0.0043
1791343214.7234,O,,,,2.17366,-0.0237,-0.0043
1791343214.7158,R,B,,-50,,,
1791343214.7445,R,B,,-49,,,
1791343214.7497,R,C,,-57,,,
1791343214.7996,O,,,,2.18955,-0.0237,-0.0043
1791343214.8006,O,,,,2.20676,-0.0236,-0.0045
1791343214.8017,O,,,,2.22396,-0.0237,-0.0043
1791343214.8032,O,,,,2.23985,-0.0237,-0.0043
1791343214.7704,R,A,,-64,,,
1791343214.7947,R,B,,-49,,,
1791343214.7996,R,C,,-51,,,
1791343214.8193,R,A,,-62,,,
1791343214.8353,R,C,,-55,,,
1791343214.8355,R,A,,-61,,,
1791343214.8459,R,B,,-49,,,
1791343214.8745,O,,,,2.25705,-0.0236,-0.0045
1791343214.8763,O,,,,2.27294,-0.0236,-0.0045
1791343214.8770,O,,,,2.29015,-0.0237,-0.0043
1791343214.8778,O,,,,2.30603,-0.0237,-0.0043
1791343214.8782,R,C,,-77,,,
1791343214.8795,R,A,,-62,,,
1791343214.8945,R,B,,-48,,,
1791343214.9449,O,,,,2.32456,-0.0237,-0.0043
1791343214.9464,O,,,,2.34044,-0.0237,-0.0043
1791343214.9472,O,,,,2.35633,-0.0237,-0.0043
1791343214.9267,R,C,,-56,,,
1791343214.9444,R,B,,-50,,,
1791343214.9577,R,A,,-58,,,
1791343214.9710,R,B,,-49,,,
1791343214.9714,R,C,,-68,,,
1791343215.0231,O,,,,2.37221,-0.0237,-0.0043
1791343215.0245,O,,,,2.39074,-0.0237,-0.0043
1791343215.0257,O,,,,2.40663,-0.0237,-0.0043
1791343215.0269,O,,,,2.42251,-0.0237,-0.0043
1791343215.0193,R,A,,-63,,,
1791343215.0281,R,B,,-50,,,
1791343215.0282,R,C,,-58,,,
1791343215.0585,R,A,,-63,,,
1791343215.1005,O,,,,2.43972,-0.0239,-0.0041
1791343215.1016,O,,,,2.45693,-0.0237,-0.0043
1791343215.1025,O,,,,2.47281,-0.0237,-0.0043
1791343215.1033,O,,,,2.49002,-0.0239,-0.0041
1791343215.0816,R,B,,-50,,,
1791343215.0935,R,C,,-71,,,
1791343215.1064,R,B,,-50,,,
1791343215.1193,R,A,,-62,,,
1791343215.1299,R,C,,-58,,,
1791343215.1493,R,C,,-59,,,
1791343215.1495,R,A,,-62,,,
1791343215.1576,R,B,,-49,,,
1791343215.1792,O,,,,2.50723,-0.0237,-0.0043
1791343215.1803,O,,,,2.52311,-0.0237,-0.0043
1791343215.1812,O,,,,2.54032,-0.0240,-0.0041
1791343215.1819,O,,,,2.55752,-0.0237,-0.0043
1791343215.1964,R,A,,-61,,,
1791343215.1994,R,C,,-63,,,
1791343215.2604,O,,,,2.57341,-0.0237,-0.0043
1791343215.2618,O,,,,2.58929,-0.0237,-0.0043
1791343215.2630,O,,,,2.60650,-0.0240,-0.0041
1791343215.2415,R,A,,-67,,,
1791343215.2442,R,B,,-51,,,
1791343215.2500,R,C,,-65,,,
1791343215.2643,O,,,,2.62371,-0.0237,-0.0043
1791343215.2942,R,B,,-53,,,
1791343215.2993,R,C,,-56,,,
1791343215.3343,O,,,,2.63959,-0.0237,-0.0043
1791343215.3355,O,,,,2.65680,-0.0240,-0.0042
1791343215.3363,O,,,,2.67401,-0.0237,-0.0043
1791343215.3370,O,,,,2.68989,-0.0237,-0.0043
1791343215.3188,R,A,,-75,,,
1791343215.3411,R,B,,-50,,,
1791343215.3415,R,A,,-74,,,
1791343215.3415,R,C,,-58,,,
1791343215.3771,R,B,,-51,,,
1791343215.3773,R,C,,-50,,,
1791343215.3775,R,A,,-68,,,
1791343215.4141,O,,,,2.70577,-0.0237,-0.0043
1791343215.4151,O,,,,2.72166,-0.0237,-0.0043
1791343215.4159,O,,,,2.73754,-0.0237,-0.0043
1791343215.4167,O,,,,2.75607,-0.0237,-0.0043
1791343215.4197,R,C,,-55,,,
1791343215.4198,R,B,,-52,,,
1791343215.4848,O,,,,2.77196,-0.0237,-0.0043
1791343215.4858,O,,,,2.78784,-0.0237,-0.0043
1791343215.4866,O,,,,2.80505,-0.0240,-0.0042
1791343215.4640,R,A,,-61,,,
1791343215.4644,R,C,,-60,,,
1791343215.4941,R,B,,-54,,,
1791343215.5083,R,C,,-57,,,
1791343215.5084,R,B,,-52,,,
1791343215.5596,O,,,,2.82226,-0.0237,-0.0043
1791343215.5609,O,,,,2.83946,-0.0240,-0.0042
1791343215.5622,O,,,,2.85535,-0.0240,-0.0042
1791343215.5188,R,A,,-62,,,
1791343215.5495,R,A,,-63,,,
1791343215.5497,R,C,,-58,,,
1791343215.5636,O,,,,2.87256,-0.0237,-0.0043
1791343215.5895,R,B,,-52,,,
1791343215.5996,R,C,,-60,,,
1791343215.6393,O,,,,2.88976,-0.0240,-0.0042
1791343215.6403,O,,,,2.90565,-0.0240,-0.0042
1791343215.6411,O,,,,2.92285,-0.0237,-0.0043
1791343215.6418,O,,,,2.93874,-0.0237,-0.0043
1791343215.6193,R,A,,-67,,,
1791343215.6392,R,C,,-65,,,
1791343215.6397,R,A,,-71,,,
1791343215.6398,R,B,,-55,,,
1791343215.6804,R,B,,-56,,,
1791343215.6988,R,C,,-59,,,
1791343215.6990,R,A,,-71,,,
1791343215.7142,O,,,,2.95595,-0.0240,-0.0042
1791343215.7150,O,,,,2.97315,-0.0237,-0.0042
1791343215.7158,O,,,,2.98904,-0.0237,-0.0042
1791343215.7165,O,,,,3.00624,-0.0240,-0.0042
1791343215.7207,R,B,,-64,,,
1791343215.7489,R,C,,-65,,,
1791343215.7947,O,,,,3.02345,-0.0237,-0.0042
1791343215.7958,O,,,,3.03934,-0.0237,-0.0042
1791343215.7967,O,,,,3.05654,-0.0240,-0.0042
1791343215.7975,O,,,,3.07375,-0.0237,-0.0042
1791343215.7718,R,C,,-66,,,
1791343215.7719,R,B,,-78,,,
1791343215.8150,R,A,,-71,,,
1791343215.8428,R,B,,-60,,,
1791343215.8488,R,C,,-74,,,
1791343215.8743,O,,,,3.08963,-0.0237,-0.0042
1791343215.8753,O,,,,3.10552,-0.0237,-0.0042
1791343215.8762,O,,,,3.12273,-0.0240,-0.0042
1791343215.8772,O,,,,3.13993,-0.0237,-0.0042
1791343215.8626,R,B,,-62,,,
1791343215.8627,R,C,,-70,,,
1791343215.8683,R,A,,-69,,,
1791343215.9399,O,,,,-3.12737,-0.0237,-0.0042
1791343215.9409,O,,,,-3.11148,-0.0237,-0.0042
1791343215.9418,O,,,,-3.09295,-0.0237,-0.0042
1791343215.9184,R,A,,-78,,,
1791343215.9214,R,C,,-69,,,
1791343215.9218,R,B,,-58,,,
1791343215.9670,R,B,,-56,,,
1791343215.9672,R,C,,-63,,,
1791343215.9684,R,A,,-73,,,
1791343216.0192,O,,,,-3.07707,-0.0237,-0.0042
1791343216.0201,O,,,,-3.06118,-0.0237,-0.0042
1791343216.0209,O,,,,-3.04398,-0.0240,-0.0043
1791343216.0216,O,,,,-3.02677,-0.0237,-0.0042
1791343216.0185,R,A,,-83,,,
1791343216.0433,R,C,,-68,,,
1791343216.0435,R,B,,-60,,,
1791343216.0460,R,C,,-69,,,
1791343216.0584,R,A,,-78,,,
1791343216.0997,O,,,,-3.01089,-0.0237,-0.0042
1791343216.1013,O,,,,-2.99368,-0.0240,-0.0043
1791343216.1021,O,,,,-2.97647,-0.0237,-0.0042
1791343216.1028,O,,,,-2.96059,-0.0237,-0.0042
1791343216.0880,R,A,,-90,,,
1791343216.0882,R,B,,-60,,,
1791343216.0986,R,C,,-68,,,
1791343216.1435,R,B,,-56,,,
1791343216.1748,O,,,,-2.94470,-0.0237,-0.0042
1791343216.1758,O,,,,-2.92882,-0.0237,-0.0042
1791343216.1766,O,,,,-2.91161,-0.0235,-0.0042
1791343216.1774,O,,,,-2.89440,-0.0237,-0.0042
1791343216.1894,R,C,,-64,,,
1791343216.1895,R,B,,-65,,,
1791343216.1970,R,A,,-77,,,
1791343216.2538,O,,,,-2.87852,-0.0237,-0.0042
1791343216.2549,O,,,,-2.86131,-0.0240,-0.0043
1791343216.2557,O,,,,-2.84410,-0.0237,-0.0042
1791343216.2565,O,,,,-2.82822,-0.0237,-0.0042
1791343216.2227,R,C,,-56,,,
1791343216.2436,R,B,,-61,,,
1791343216.2489,R,A,,-76,,,
1791343216.2636,R,A,,-74,,,
1791343216.2639,R,C,,-57,,,
1791343216.2670,R,B,,-58,,,
1791343216.3091,R,A,,-82,,,
1791343216.3294,O,,,,-2.81234,-0.0237,-0.0042
1791343216.3304,O,,,,-2.79513,-0.0240,-0.0043
1791343216.3312,O,,,,-2.77792,-0.0237,-0.0042
1791343216.3319,O,,,,-2.76204,-0.0237,-0.0042
1791343216.3290,R,C,,-58,,,
1791343216.3291,R,B,,-60,,,
1791343216.3589,R,A,,-84,,,
1791343216.4095,O,,,,-2.74483,-0.0240,-0.0043
1791343216.4105,O,,,,-2.72762,-0.0237,-0.0042
1791343216.4114,O,,,,-2.71174,-0.0237,-0.0042
1791343216.4121,O,,,,-2.69453,-0.0240,-0.0043
1791343216.3705,R,C,,-63,,,
1791343216.3760,R,B,,-55,,,
1791343216.4039,R,A,,-69,,,
1791343216.4427,R,C,,-63,,,
1791343216.4433,R,B,,-57,,,
1791343216.4452,R,C,,-68,,,
1791343216.4795,O,,,,-2.67865,-0.0240,-0.0043
1791343216.4805,O,,,,-2.66012,-0.0240,-0.0043
1791343216.4813,O,,,,-2.64423,-0.0240,-0.0043
1791343216.4635,R,A,,-73,,,
1791343216.4880,R,B,,-64,,,
1791343216.4984,R,C,,-62,,,
1791343216.5594,O,,,,-2.62835,-0.0240,-0.0043
1791343216.5606,O,,,,-2.60982,-0.0240,-0.0043
1791343216.5615,O,,,,-2.59393,-0.0240,-0.0043
1791343216.5624,O,,,,-2.57673,-0.0237,-0.0042
1791343216.5140,R,A,,-73,,,
1791343216.6346,O,,,,-2.56084,-0.0237,-0.0042
1791343216.6355,O,,,,-2.54363,-0.0240,-0.0043
1791343216.6363,O,,,,-2.52643,-0.0237,-0.0042
1791343216.6370,O,,,,-2.51054,-0.0237,-0.0042
1791343216.6296,R,B,,-68,,,
1791343216.6297,R,C,,-68,,,
1791343216.6680,R,A,,-76,,,
1791343216.6807,R,B,,-62,,,
1791343216.7143,O,,,,-2.49466,-0.0237,-0.0042
1791343216.7152,O,,,,-2.47878,-0.0237,-0.0042
1791343216.7160,O,,,,-2.46024,-0.0237,-0.0042
1791343216.7168,O,,,,-2.44436,-0.0237,-0.0042
1791343216.7158,R,A,,-85,,,
1791343216.7409,R,C,,-78,,,
1791343216.7411,R,B,,-63,,,
1791343216.7891,O,,,,-2.42848,-0.0237,-0.0042
1791343216.7903,O,,,,-2.41127,-0.0235,-0.0040
1791343216.7911,O,,,,-2.39538,-0.0235,-0.0040
1791343216.7919,O,,,,-2.37818,-0.0237,-0.0042
1791343216.7635,R,C,,-75,,,
1791343216.7680,R,A,,-74,,,
1791343216.7819,R,B,,-64,,,
1791343216.8139,R,A,,-78,,,
1791343216.8148,R,C,,-73,,,
1791343216.8148,R,B,,-59,,,
1791343216.8574,R,A,,-75,,,
1791343216.8691,O,,,,-2.36229,-0.0237,-0.0042
1791343216.8701,O,,,,-2.34509,-0.0235,-0.0040
1791343216.8710,O,,,,-2.32788,-0.0237,-0.0042
1791343216.8717,O,,,,-2.31199,-0.0237,-0.0042
1791343216.8793,R,C,,-68,,,
1791343216.8798,R,B,,-63,,,
1791343216.9395,O,,,,-2.29346,-0.0237,-0.0042
1791343216.9404,O,,,,-2.27758,-0.0237,-0.0042
1791343216.9412,O,,,,-2.26170,-0.0237,-0.0042
1791343216.9177,R,A,,-68,,,
1791343216.9365,R,C,,-74,,,
1791343216.9367,R,B,,-68,,,
1791343216.9447,R,A,,-71,,,
1791343216.9483,R,C,,-68,,,
1791343216.9929,R,B,,-63,,,
1791343216.9985,R,C,,-63,,,
1791343217.0031,R,A,,-69,,,
1791343217.0142,O,,,,-2.24449,-0.0236,-0.0040
1791343217.0151,O,,,,-2.22728,-0.0237,-0.0042
1791343217.0160,O,,,,-2.21140,-0.0237,-0.0042
1791343217.0168,O,,,,-2.19419,-0.0236,-0.0040
1791343217.0389,R,B,,-62,,,
1791343217.0392,R,C,,-62,,,
1791343217.0393,R,A,,-63,,,
1791343217.0950,O,,,,-2.17698,-0.0237,-0.0042
1791343217.0960,O,,,,-2.16110,-0.0237,-0.0042
1791343217.0976,O,,,,-2.14389,-0.0236,-0.0040
1791343217.0987,O,,,,-2.12668,-0.0237,-0.0042
1791343217.0836,R,B,,-69,,,
1791343217.0839,R,A,,-69,,,
1791343217.0840,R,C,,-64,,,
1791343217.1428,R,B,,-64,,,
1791343217.1482,R,C,,-65,,,
1791343217.1705,O,,,,-2.11080,-0.0237,-0.0042
1791343217.1722,O,,,,-2.09227,-0.0237,-0.0042
1791343217.1730,O,,,,-2.07638,-0.0237,-0.0042
1791343217.1738,O,,,,-2.06050,-0.0237,-0.0042
1791343217.1686,R,A,,-68,,,
1791343217.1715,R,B,,-63,,,
1791343217.1717,R,C,,-62,,,
1791343217.2556,O,,,,-2.04462,-0.0237,-0.0042
1791343217.2566,O,,,,-2.02608,-0.0237,-0.0042
1791343217.2574,O,,,,-2.01020,-0.0237,-0.0042
1791343217.2582,O,,,,-1.99432,-0.0237,-0.0042
1791343217.2132,R,B,,-67,,,
1791343217.2132,R,C,,-61,,,
1791343217.2137,R,A,,-65,,,
1791343217.2165,R,A,,-68,,,
1791343217.2673,R,A,,-99,,,
1791343217.2924,R,B,,-69,,,
1791343217.2967,R,C,,-60,,,
1791343217.3068,R,B,,-68,,,
1791343217.3068,R,A,,-78,,,
1791343217.3292,O,,,,-1.97579,-0.0237,-0.0042
1791343217.3301,O,,,,-1.95990,-0.0237,-0.0042
1791343217.3309,O,,,,-1.94402,-0.0237,-0.0042
1791343217.3317,O,,,,-1.92681,-0.0238,-0.0044
1791343217.3149,R,C,,-58,,,
1791343217.3464,R,A,,-77,,,
1791343217.3472,R,C,,-57,,,
1791343217.4044,O,,,,-1.90960,-0.0237,-0.0042
1791343217.4058,O,,,,-1.89372,-0.0237,-0.0042
1791343217.4069,O,,,,-1.87783,-0.0237,-0.0042
1791343217.4080,O,,,,-1.86063,-0.0236,-0.0039
1791343217.3947,R,C,,-61,,,
1791343217.4163,R,A,,-69,,,
1791343217.4431,R,C,,-60,,,
1791343217.4433,R,A,,-67,,,
1791343217.4746,O,,,,-1.84342,-0.0237,-0.0042
1791343217.4755,O,,,,-1.82754,-0.0237,-0.0042
1791343217.4763,O,,,,-1.81033,-0.0237,-0.0039
1791343217.4937,R,C,,-54,,,
1791343217.5543,O,,,,-1.79312,-0.0237,-0.0042
1791343217.5553,O,,,,-1.77724,-0.0237,-0.0042
1791343217.5561,O,,,,-1.76135,-0.0237,-0.0042
1791343217.5569,O,,,,-1.74547,-0.0237,-0.0042
1791343217.5171,R,A,,-68,,,
1791343217.5354,R,B,,-68,,,
1791343217.5356,R,A,,-64,,,
1791343217.5359,R,C,,-61,,,
1791343217.5762,R,B,,-74,,,
1791343217.5786,R,C,,-60,,,
1791343217.5797,R,A,,-64,,,
1791343217.6295,O,,,,-1.72694,-0.0237,-0.0042
1791343217.6304,O,,,,-1.71105,-0.0237,-0.0042
1791343217.6313,O,,,,-1.69517,-0.0237,-0.0042
1791343217.6323,O,,,,-1.67664,-0.0237,-0.0042
1791343217.6292,R,C,,-54,,,
1791343217.6294,R,A,,-63,,,
1791343217.6296,R,B,,-70,,,
1791343217.7100,O,,,,-1.66075,-0.0237,-0.0042
1791343217.7111,O,,,,-1.64355,-0.0237,-0.0039
1791343217.7120,O,,,,-1.62634,-0.0237,-0.0042
1791343217.6639,R,B,,-69,,,
1791343217.6657,R,A,,-62,,,
1791343217.6810,R,C,,-67,,,
1791343217.7129,O,,,,-1.61046,-0.0237,-0.0042
1791343217.7140,R,C,,-67,,,
1791343217.7173,R,A,,-67,,,
1791343217.7376,R,B,,-64,,,
1791343217.7594,R,A,,-67,,,
1791343217.7895,O,,,,-1.59325,-0.0237,-0.0039
1791343217.7906,O,,,,-1.57736,-0.0237,-0.0039
1791343217.7914,O,,,,-1.56016,-0.0237,-0.0042
1791343217.7921,O,,,,-1.54427,-0.0237,-0.0042
1791343217.7926,R,B,,-69,,,
1791343217.7974,R,C,,-58,,,
1791343217.8154,R,B,,-86,,,
1791343217.8171,R,A,,-64,,,
1791343217.8441,R,A,,-73,,,
1791343217.8645,O,,,,-1.52707,-0.0237,-0.0039
1791343217.8654,O,,,,-1.50986,-0.0237,-0.0042
1791343217.8662,O,,,,-1.49397,-0.0237,-0.0042
1791343217.8669,O,,,,-1.47544,-0.0237,-0.0042
1791343217.8859,R,B,,-69,,,
1791343217.8973,R,C,,-69,,,
1791343217.9343,O,,,,-1.45956,-0.0237,-0.0042
1791343217.9353,O,,,,-1.44367,-0.0237,-0.0042
1791343217.9360,O,,,,-1.42514,-0.0237,-0.0042
1791343217.9142,R,A,,-64,,,
1791343217.9274,R,B,,-71,,,
1791343217.9276,R,C,,-68,,,
1791343217.9465,R,A,,-62,,,
1791343217.9719,R,C,,-84,,,
1791343217.9883,R,B,,-76,,,
1791343217.9885,R,A,,-64,,,
1791343218.0141,O,,,,-1.40926,-0.0237,-0.0042
1791343218.0149,O,,,,-1.39338,-0.0237,-0.0042
1791343218.0157,O,,,,-1.37749,-0.0237,-0.0042
1791343218.0164,O,,,,-1.35896,-0.0237,-0.0042
1791343218.0167,R,A,,-69,,,
1791343218.0419,R,B,,-76,,,
1791343218.0468,R,C,,-70,,,
1791343218.0558,R,A,,-64,,,
1791343218.0897,O,,,,-1.34308,-0.0237,-0.0042
1791343218.0905,O,,,,-1.32719,-0.0237,-0.0042
1791343218.0913,O,,,,-1.31131,-0.0237,-0.0042
1791343218.0920,O,,,,-1.29278,-0.0237,-0.0042
1791343218.0763,R,C,,-66,,,
1791343218.0915,R,B,,-70,,,
1791343218.0981,R,A,,-63,,,
1791343218.1241,R,B,,-71,,,
1791343218.1454,R,C,,-61,,,
1791343218.1518,R,B,,-65,,,
1791343218.1531,R,A,,-67,,,
1791343218.1691,O,,,,-1.27689,-0.0237,-0.0042
1791343218.1700,O,,,,-1.26101,-0.0237,-0.0042
1791343218.1715,O,,,,-1.24248,-0.0237,-0.0042
1791343218.1722,O,,,,-1.22660,-0.0237,-0.0042
1791343218.1893,R,C,,-66,,,
1791343218.1894,R,A,,-76,,,
1791343218.1918,R,B,,-65,,,
1791343218.2445,O,,,,-1.21071,-0.0237,-0.0042
1791343218.2461,O,,,,-1.19350,-0.0238,-0.0040
1791343218.2469,O,,,,-1.17630,-0.0237,-0.0042
1791343218.2477,O,,,,-1.16041,-0.0237,-0.0042
1791343218.2317,R,A,,-74,,,
1791343218.2320,R,C,,-57,,,
1791343218.2420,R,B,,-66,,,
1791343218.2785,R,B,,-78,,,
1791343218.2786,R,C,,-60,,,
1791343218.2795,R,A,,-76,,,
1791343218.3229,O,,,,-1.14188,-0.0237,-0.0042
1791343218.3239,O,,,,-1.12600,-0.0237,-0.0042
1791343218.3248,O,,,,-1.10879,-0.0236,-0.0044
1791343218.3256,O,,,,-1.09158,-0.0237,-0.0042
1791343218.3417,R,B,,-68,,,
1791343218.3465,R,C,,-59,,,
1791343218.3610,R,A,,-69,,,
1791343218.3937,O,,,,-1.07570,-0.0237,-0.0042
1791343218.3947,O,,,,-1.05981,-0.0237,-0.0042
1791343218.3955,O,,,,-1.04393,-0.0237,-0.0042
1791343218.3708,R,C,,-55,,,
1791343218.3710,R,B,,-69,,,
1791343218.3980,R,A,,-80,,,
1791343218.4096,R,C,,-56,,,
1791343218.4122,R,A,,-79,,,
1791343218.4420,R,B,,-76,,,
1791343218.4553,R,B,,-69,,,
1791343218.4555,R,A,,-69,,,
1791343218.4557,R,C,,-58,,,
1791343218.4692,O,,,,-1.02672,-0.0238,-0.0040
1791343218.4701,O,,,,-1.00952,-0.0237,-0.0042
1791343218.4708,O,,,,-0.99363,-0.0237,-0.0042
1791343218.4716,O,,,,-0.97775,-0.0237,-0.0042
1791343218.5033,R,C,,-56,,,
1791343218.5035,R,B,,-75,,,
1791343218.5491,O,,,,-0.96054,-0.0235,-0.0044
1791343218.5500,O,,,,-0.94333,-0.0237,-0.0042
1791343218.5507,O,,,,-0.92745,-0.0237,-0.0042
1791343218.5517,O,,,,-0.91156,-0.0237,-0.0042
1791343218.5166,R,A,,-69,,,
1791343218.5628,R,A,,-69,,,
1791343218.5652,R,B,,-68,,,
1791343218.5964,R,C,,-58,,,
1791343218.6296,O,,,,-0.89303,-0.0237,-0.0042
1791343218.6305,O,,,,-0.87715,-0.0237,-0.0042
1791343218.6313,O,,,,-0.86127,-0.0237,-0.0042
1791343218.6320,O,,,,-0.84406,-0.0235,-0.0044
1791343218.6162,R,A,,-68,,,
1791343218.6397,R,C,,-66,,,
1791343218.6400,R,A,,-66,,,
1791343218.6403,R,B,,-73,,,
1791343218.7041,O,,,,-0.82685,-0.0237,-0.0042
1791343218.7050,O,,,,-0.81097,-0.0237,-0.0042
1791343218.7058,O,,,,-0.79376,-0.0235,-0.0044
1791343218.7065,O,,,,-0.77788,-0.0235,-0.0044
1791343218.6852,R,B,,-65,,,
1791343218.6854,R,C,,-58,,,
1791343218.7164,R,A,,-64,,,
1791343218.7268,R,B,,-79,,,
1791343218.7269,R,C,,-65,,,
1791343218.7271,R,A,,-60,,,
1791343218.7842,O,,,,-0.76067,-0.0237,-0.0042
1791343218.7851,O,,,,-0.74478,-0.0237,-0.0042
1791343218.7858,O,,,,-0.72758,-0.0235,-0.0044
1791343218.7866,O,,,,-0.71037,-0.0237,-0.0042
1791343218.7703,R,C,,-67,,,
1791343218.7737,R,A,,-60,,,
1791343218.8590,O,,,,-0.69448,-0.0237,-0.0042
1791343218.8599,O,,,,-0.67728,-0.0235,-0.0044
1791343218.8608,O,,,,-0.66139,-0.0235,-0.0044
1791343218.8615,O,,,,-0.64419,-0.0237,-0.0042
1791343218.8162,R,A,,-57,,,
1791343218.8418,R,B,,-68,,,
1791343218.8462,R,C,,-62,,,
1791343218.8659,R,A,,-57,,,
1791343218.8767,R,C,,-66,,,
1791343218.9094,R,C,,-67,,,
1791343218.9096,R,B,,-74,,,
1791343218.9295,O,,,,-0.62698,-0.0235,-0.0044
1791343218.9308,O,,,,-0.61109,-0.0235,-0.0044
1791343218.9316,O,,,,-0.59521,-0.0235,-0.0044
1791343218.9164,R,A,,-57,,,
1791343218.9512,R,B,,-76,,,
1791343219.0094,O,,,,-0.57800,-0.0237,-0.0042
1791343219.0106,O,,,,-0.56080,-0.0235,-0.0044
1791343219.0119,O,,,,-0.54491,-0.0235,-0.0044
1791343219.0128,O,,,,-0.52770,-0.0237,-0.0042
1791343218.9659,R,A,,-58,,,
1791343218.9799,R,C,,-68,,,
1791343219.0049,R,B,,-82,,,
1791343219.0062,R,A,,-63,,,
1791343219.0360,R,C,,-65,,,
1791343219.0409,R,A,,-63,,,
1791343219.0412,R,B,,-75,,,
1791343219.0462,R,C,,-67,,,
1791343219.0857,O,,,,-0.51050,-0.0235,-0.0044
1791343219.0868,O,,,,-0.49461,-0.0235,-0.0044
1791343219.0877,O,,,,-0.47740,-0.0237,-0.0042
1791343219.0885,O,,,,-0.46020,-0.0235,-0.0044
1791343219.0869,R,C,,-63,,,
1791343219.0871,R,B,,-73,,,
1791343219.0879,R,A,,-60,,,
1791343219.1369,R,B,,-64,,,
1791343219.1369,R,C,,-61,,,
1791343219.1642,O,,,,-0.44431,-0.0235,-0.0044
1791343219.1650,O,,,,-0.42843,-0.0235,-0.0044
1791343219.1658,O,,,,-0.41122,-0.0233,-0.0045
1791343219.1665,O,,,,-0.39534,-0.0233,-0.0045
1791343219.1659,R,A,,-58,,,
1791343219.1779,R,C,,-63,,,
1791343219.1781,R,A,,-57,,,
1791343219.1911,R,B,,-68,,,
1791343219.2452,O,,,,-0.37813,-0.0235,-0.0044
1791343219.2463,O,,,,-0.36225,-0.0235,-0.0044
1791343219.2472,O,,,,-0.34372,-0.0235,-0.0044
1791343219.2480,O,,,,-0.32783,-0.0235,-0.0044
1791343219.2245,R,B,,-67,,,
1791343219.2459,R,C,,-65,,,
1791343219.2659,R,A,,-59,,,
1791343219.2787,R,C,,-64,,,
1791343219.2790,R,A,,-64,,,
1791343219.2791,R,B,,-65,,,
1791343219.3091,R,C,,-72,,,
1791343219.3093,R,B,,-74,,,
1791343219.3213,O,,,,-0.31062,-0.0232,-0.0045
1791343219.3223,O,,,,-0.29342,-0.0235,-0.0044
1791343219.3232,O,,,,-0.27753,-0.0235,-0.0044
1791343219.3240,O,,,,-0.26165,-0.0235,-0.0044
1791343219.3158,R,A,,-68,,,
1791343219.3571,R,A,,-77,,,
1791343219.3575,R,B,,-77,,,
1791343219.3944,O,,,,-0.24312,-0.0235,-0.0044
1791343219.3955,O,,,,-0.22723,-0.0235,-0.0044
1791343219.3964,O,,,,-0.21135,-0.0235,-0.0044
1791343219.3958,R,C,,-71,,,
1791343219.4022,R,B,,-75,,,
1791343219.4131,R,C,,-64,,,
1791343219.4487,R,B,,-74,,,
1791343219.4511,R,A,,-68,,,
1791343219.4692,O,,,,-0.19414,-0.0238,-0.0043
1791343219.4700,O,,,,-0.17693,-0.0235,-0.0044
1791343219.4707,O,,,,-0.16105,-0.0235,-0.0044
1791343219.4715,O,,,,-0.14384,-0.0238,-0.0043
1791343219.4982,R,A,,-69,,,
1791343219.5446,O,,,,-0.12664,-0.0235,-0.0044
1791343219.5455,O,,,,-0.11075,-0.0235,-0.0044
1791343219.5464,O,,,,-0.09487,-0.0235,-0.0044
1791343219.5475,O,,,,-0.07766,-0.0238,-0.0043
1791343219.5395,R,B,,-68,,,
1791343219.5428,R,B,,-70,,,
1791343219.5456,R,C,,-74,,,
1791343219.5561,R,A,,-66,,,
1791343219.5844,R,A,,-66,,,
1791343219.5905,R,B,,-69,,,
1791343219.5964,R,C,,-74,,,
1791343219.6247,O,,,,-0.06045,-0.0235,-0.0044
1791343219.6257,O,,,,-0.04457,-0.0235,-0.0044
1791343219.6265,O,,,,-0.02736,-0.0238,-0.0044
1791343219.6272,O,,,,-0.01015,-0.0235,-0.0044
1791343219.6250,R,B,,-68,,,
1791343219.6253,R,C,,-73,,,
1791343219.6258,R,A,,-72,,,
1791343219.7042,O,,,,0.00573,-0.0235,-0.0044
1791343219.7051,O,,,,0.02294,-0.0238,-0.0044
1791343219.7060,O,,,,0.03750,-0.0240,-0.0044
1791343219.7068,O,,,,0.05073,-0.0240,-0.0044
1791343219.6904,R,B,,-79,,,
1791343219.6958,R,C,,-70,,,
1791343219.7153,R,A,,-67,,,
1791343219.7415,R,B,,-76,,,
1791343219.7462,R,C,,-71,,,
1791343219.7794,O,,,,0.06397,-0.0240,-0.0044
1791343219.7805,O,,,,0.07588,-0.0243,-0.0044
1791343219.7814,O,,,,0.08515,-0.0246,-0.0044
1791343219.7821,O,,,,0.09442,-0.0248,-0.0044
1791343219.7652,R,A,,-67,,,
1791343219.7668,R,C,,-70,,,
1791343219.7670,R,B,,-69,,,
1791343219.8600,O,,,,0.10236,-0.0248,-0.0044
1791343219.8610,O,,,,0.10633,-0.0251,-0.0045
1791343219.8618,O,,,,0.11295,-0.0253,-0.0045
1791343219.8155,R,A,,-73,,,
1791343219.8157,R,B,,-80,,,
1791343219.8513,R,B,,-77,,,
1791343219.8515,R,C,,-64,,,
1791343219.8597,R,A,,-68,,,
1791343219.8628,O,,,,0.11692,-0.0256,-0.0045
1791343219.9036,R,B,,-72,,,
1791343219.9302,O,,,,0.11956,-0.0256,-0.0045
1791343219.9312,O,,,,0.12089,-0.0259,-0.0046
1791343219.9319,O,,,,0.12221,-0.0261,-0.0046
1791343219.9157,R,A,,-73,,,
1791343219.9391,R,C,,-73,,,
1791343219.9393,R,B,,-71,,,
1791343219.9407,R,A,,-72,,,
1791343220.0048,O,,,,0.12486,-0.0261,-0.0046
1791343220.0061,O,,,,0.12486,-0.0261,-0.0046
1791343220.0073,O,,,,0.12486,-0.0261,-0.0046
1791343220.0084,O,,,,0.12486,-0.0261,-0.0046
1791343219.9856,R,C,,-69,,,
1791343219.9872,R,B,,-71,,,
1791343219.9928,R,A,,-71,,,
1791343220.0366,R,B,,-68,,,
1791343220.0404,R,C,,-64,,,
1791343220.0406,R,A,,-71,,,
1791343220.0849,O,,,,0.12486,-0.0261,-0.0046
1791343220.0858,O,,,,0.12486,-0.0261,-0.0046
1791343220.0866,O,,,,0.12486,-0.0261,-0.0046
1791343220.0874,O,,,,0.12486,-0.0261,-0.0046
1791343220.0750,R,B,,-72,,,
1791343220.0752,R,C,,-73,,,
1791343220.0780,R,A,,-70,,,
1791343220.1595,O,,,,0.12486,-0.0261,-0.0046
1791343220.1605,O,,,,0.12486,-0.0261,-0.0046
1791343220.1612,O,,,,0.12486,-0.0261,-0.0046
1791343220.1620,O,,,,0.12486,-0.0261,-0.0046
1791343220.1165,R,C,,-69,,,
1791343220.1165,R,B,,-74,,,
1791343220.1601,R,A,,-71,,,
1791343220.1604,R,C,,-67,,,
1791343220.1713,R,B,,-69,,,
1791343220.2086,R,B,,-73,,,
1791343220.2104,R,A,,-67,,,
1791343220.2393,O,,,,0.12486,-0.0261,-0.0046
1791343220.2403,O,,,,0.12486,-0.0261,-0.0046
1791343220.2411,O,,,,0.12486,-0.0261,-0.0046
1791343220.2419,O,,,,0.12486,-0.0261,-0.0046
1791343220.2451,R,C,,-76,,,
1791343220.3151,O,,,,0.12486,-0.0261,-0.0046
1791343220.3160,O,,,,0.12486,-0.0261,-0.0046
1791343220.3169,O,,,,0.12486,-0.0261,-0.0046
1791343220.3176,O,,,,0.12486,-0.0261,-0.0046
1791343220.3148,R,A,,-72,,,
1791343220.3190,R,C,,-68,,,
1791343220.3193,R,B,,-72,,,
1791343220.3462,R,B,,-73,,,
1791343220.3477,R,A,,-70,,,
1791343221.3487,O,,,,0.12486,-0.0261,-0.0046
1791343220.3927,R,A,,-73,,,
1791343220.3946,R,C,,-85,,,
1791343221.3523,O,,,,0.12486,-0.0261,-0.0046
1791343220.4338,R,B,,-69,,,
1791343220.4449,R,C,,-70,,,
1791343220.4543,R,A,,-76,,,
1791343221.3564,O,,,,0.12486,-0.0261,-0.0046
1791343220.4899,R,B,,-74,,,
1791343220.4949,R,C,,-68,,,
1791343221.3595,O,,,,0.12486,-0.0261,-0.0046
1791343220.5146,R,A,,-71,,,
1791343220.5259,R,B,,-73,,,
1791343220.5390,R,C,,-78,,,
1791343220.5392,R,A,,-71,,,
1791343221.3628,O,,,,0.12486,-0.0261,-0.0046
1791343220.5727,R,A,,-73,,,
1791343220.5728,R,B,,-64,,,
1791343220.5729,R,C,,-68,,,
1791343221.3662,O,,,,0.12486,-0.0261,-0.0046
1791343220.6205,R,C,,-66,,,
1791343220.6396,R,B,,-65,,,
1791343221.3674,O,,,,0.12486,-0.0261,-0.0046
1791343220.6622,R,A,,-67,,,
1791343220.6624,R,C,,-70,,,
1791343220.6626,R,B,,-66,,,
1791343220.6644,R,A,,-69,,,
1791343220.7070,R,A,,-69,,,
1791343221.3686,O,,,,0.12486,-0.0261,-0.0046
1791343220.7395,R,B,,-68,,,
1791343220.7449,R,C,,-65,,,
1791343221.3699,O,,,,0.12486,-0.0261,-0.0046
1791343220.7650,R,C,,-67,,,
1791343220.7651,R,B,,-67,,,
1791343220.7653,R,A,,-65,,,
1791343221.3713,O,,,,0.12486,-0.0261,-0.0046
1791343220.8129,R,B,,-65,,,
1791343220.8131,R,C,,-69,,,
1791343220.8154,R,A,,-70,,,
1791343221.3726,O,,,,0.12486,-0.0261,-0.0046
1791343220.8644,R,A,,-73,,,
1791343220.8680,R,C,,-65,,,
1791343220.8682,R,B,,-68,,,
1791343220.8907,R,C,,-65,,,
1791343221.3736,O,,,,0.12486,-0.0261,-0.0046
1791343220.9144,R,A,,-66,,,
1791343220.9309,R,B,,-63,,,
1791343220.9445,R,C,,-62,,,
1791343220.9474,R,A,,-71,,,
1791343221.3747,O,,,,0.12486,-0.0261,-0.0046
1791343220.9737,R,B,,-68,,,
1791343220.9812,R,C,,-68,,,
1791343220.9823,R,A,,-68,,,
1791343221.3757,O,,,,0.12486,-0.0261,-0.0046
1791343221.0394,R,B,,-66,,,
1791343221.0444,R,C,,-71,,,
1791343221.3766,O,,,,0.12486,-0.0261,-0.0046
1791343221.0643,R,A,,-76,,,
1791343221.0816,R,B,,-72,,,
1791343221.0818,R,C,,-67,,,
1791343221.3776,O,,,,0.12486,-0.0261,-0.0046
1791343221.1123,R,C,,-68,,,
1791343221.1124,R,B,,-72,,,
1791343221.1143,R,A,,-73,,,
1791343221.1601,R,A,,-71,,,
1791343221.3785,O,,,,0.12486,-0.0261,-0.0046
1791343221.1623,R,B,,-77,,,
1791343221.1829,R,C,,-66,,,
1791343221.3794,O,,,,0.12486,-0.0261,-0.0046
1791343221.2120,R,A,,-75,,,
1791343221.2121,R,B,,-71,,,
1791343221.2210,R,C,,-64,,,
1791343221.2569,R,A,,-68,,,
1791343221.3804,O,,,,0.12486,-0.0261,-0.0046
1791343221.2865,R,C,,-68,,,
1791343221.2867,R,B,,-72,,,
1791343221.3043,R,A,,-80,,,
1791343221.3813,O,,,,0.12486,-0.0261,-0.0046
1791343221.3272,R,B,,-67,,,
1791343221.3276,R,C,,-72,,,
1791343221.3489,R,A,,-73,,,
1791343221.3495,R,B,,-64,,,
1791343221.3496,R,C,,-68,,,
1791343221.3847,O,,,,0.12486,-0.0261,-0.0046
1791343221.3856,O,,,,0.12486,-0.0261,-0.0046
1791343221.3864,O,,,,0.12486,-0.0261,-0.0046
1791343221.3871,O,,,,0.12486,-0.0261,-0.0046
1791343221.3879,O,,,,0.12486,-0.0261,-0.0046
1791343221.3886,O,,,,0.12486,-0.0261,-0.0046
1791343221.3893,O,,,,0.12486,-0.0261,-0.0046
1791343221.3900,O,,,,0.12486,-0.0261,-0.0046
1791343221.3908,O,,,,0.12486,-0.0261,-0.0046
1791343221.3915,O,,,,0.12486,-0.0261,-0.0046
1791343221.3922,O,,,,0.12486,-0.0261,-0.0046
1791343221.3929,O,,,,0.12486,-0.0261,-0.0046
1791343221.3937,O,,,,0.12486,-0.0261,-0.0046
1791343221.3944,O,,,,0.12486,-0.0261,-0.0046
1791343221.3951,O,,,,0.12486,-0.0261,-0.0046
1791343221.3958,O,,,,0.12486,-0.0261,-0.0046
1791343221.3965,O,,,,0.12486,-0.0261,-0.0046
1791343221.3972,O,,,,0.12486,-0.0261,-0.0046
1791343221.3979,O,,,,0.12486,-0.0261,-0.0046
1791343221.3986,O,,,,0.12486,-0.0261,-0.0046
1791343221.3993,O,,,,0.12486,-0.0261,-0.0046
1791343221.4002,O,,,,0.12486,-0.0261,-0.0046
1791343221.4014,O,,,,0.12486,-0.0261,-0.0046
1791343221.4021,O,,,,0.12486,-0.0261,-0.0046
1791343221.4029,O,,,,0.12486,-0.0261,-0.0046
1791343221.4036,O,,,,0.12486,-0.0261,-0.0046
1791343221.4044,O,,,,0.12486,-0.0261,-0.0046
1791343221.4051,O,,,,0.12486,-0.0261,-0.0046
1791343221.4059,O,,,,0.12486,-0.0261,-0.0046
1791343221.4067,O,,,,0.12486,-0.0261,-0.0046
1791343221.4075,O,,,,0.12486,-0.0261,-0.0046
1791343221.4082,O,,,,0.12486,-0.0261,-0.0046
1791343221.4088,O,,,,0.12486,-0.0261,-0.0046
1791343221.3930,R,C,,-68,,,
1791343221.3961,R,A,,-76,,,
1791343221.4592,O,,,,0.12486,-0.0261,-0.0046
1791343221.4602,O,,,,0.12486,-0.0261,-0.0046
1791343221.4610,O,,,,0.12486,-0.0261,-0.0046
1791343221.4619,O,,,,0.12486,-0.0261,-0.0046
1791343221.4396,R,C,,-75,,,
1791343221.4399,R,A,,-84,,,
1791343221.4896,R,B,,-68,,,
1791343221.4899,R,C,,-73,,,
1791343221.5049,R,A,,-78,,,
1791343221.5392,O,,,,0.12486,-0.0261,-0.0046
1791343221.5405,O,,,,0.12486,-0.0261,-0.0046
1791343221.5413,O,,,,0.12486,-0.0261,-0.0046
1791343221.5421,O,,,,0.12486,-0.0261,-0.0046
1791343221.5367,R,B,,-69,,,
1791343221.5440,R,C,,-66,,,
1791343221.5643,R,A,,-68,,,
1791343221.5890,R,B,,-65,,,
1791343221.5940,R,C,,-85,,,
1791343221.6040,R,A,,-73,,,
1791343221.6192,O,,,,0.12486,-0.0261,-0.0046
1791343221.6202,O,,,,0.12486,-0.0261,-0.0046
1791343221.6216,O,,,,0.12486,-0.0261,-0.0046
1791343221.6223,O,,,,0.12354,-0.0259,-0.0046
1791343221.6332,R,A,,-67,,,
1791343221.6335,R,C,,-75,,,
1791343221.6386,R,B,,-62,,,
1791343221.6934,O,,,,0.12486,-0.0256,-0.0045
1791343221.6945,O,,,,0.12486,-0.0256,-0.0045
1791343221.6953,O,,,,0.12486,-0.0251,-0.0045
1791343221.6961,O,,,,0.12486,-0.0251,-0.0045
1791343221.6890,R,B,,-69,,,
1791343221.6938,R,C,,-68,,,
1791343221.6982,R,A,,-70,,,
1791343221.7202,R,C,,-72,,,
1791343221.7229,R,A,,-72,,,
1791343221.7388,R,B,,-68,,,
1791343221.7742,O,,,,0.12486,-0.0246,-0.0044
1791343221.7751,O,,,,0.12618,-0.0238,-0.0043
1791343221.7759,O,,,,0.12618,-0.0232,-0.0042
1791343221.7767,O,,,,0.12618,-0.0222,-0.0041
1791343221.7887,R,B,,-62,,,
1791343221.7939,R,C,,-69,,,
1791343221.8502,O,,,,0.12486,-0.0209,-0.0039
1791343221.8516,O,,,,0.12486,-0.0198,-0.0038
1791343221.8529,O,,,,0.12486,-0.0183,-0.0036
1791343221.8541,O,,,,0.12486,-0.0167,-0.0034
1791343221.8136,R,A,,-76,,,
1791343221.8222,R,C,,-67,,,
1791343221.8224,R,B,,-74,,,
1791343221.8593,R,B,,-67,,,
1791343221.8634,R,C,,-75,,,
1791343221.8635,R,A,,-71,,,
1791343221.9076,R,C,,-74,,,
1791343221.9196,O,,,,0.12354,-0.0148,-0.0032
1791343221.9205,O,,,,0.12486,-0.0130,-0.0029
1791343221.9213,O,,,,0.12486,-0.0109,-0.0027
1791343221.9145,R,A,,-75,,,
1791343221.9251,R,B,,-71,,,
1791343221.9506,R,A,,-71,,,
1791343222.0004,O,,,,0.12486,-0.0088,-0.0024
1791343222.0013,O,,,,0.12354,-0.0064,-0.0021
1791343222.0020,O,,,,0.12354,-0.0038,-0.0018
1791343222.0028,O,,,,0.12354,-0.0012,-0.0015
1791343221.9882,R,C,,-66,,,
1791343221.9885,R,B,,-64,,,
1791343222.0000,R,C,,-68,,,
1791343222.0134,R,A,,-79,,,
1791343222.0202,R,B,,-73,,,
1791343222.0495,R,A,,-82,,,
1791343222.0521,R,C,,-71,,,
1791343222.0744,O,,,,0.12486,0.0017,-0.0011
1791343222.0753,O,,,,0.12486,0.0043,-0.0008
1791343222.0761,O,,,,0.12486,0.0075,-0.0004
1791343222.0768,O,,,,0.12486,0.0106,0.0000
1791343222.0885,R,B,,-72,,,
1791343222.0906,R,A,,-74,,,
1791343222.1544,O,,,,0.12354,0.0141,0.0004
1791343222.1558,O,,,,0.12486,0.0175,0.0009
1791343222.1570,O,,,,0.12354,0.0209,0.0013
1791343222.1579,O,,,,0.12354,0.0246,0.0018
1791343222.1338,R,B,,-64,,,
1791343222.1340,R,C,,-62,,,
1791343222.1348,R,A,,-86,,,
1791343222.1752,R,A,,-70,,,
1791343222.1753,R,C,,-77,,,
1791343222.1754,R,B,,-71,,,
1791343222.2338,O,,,,0.12354,0.0282,0.0022
1791343222.2348,O,,,,0.12354,0.0324,0.0027
1791343222.2358,O,,,,0.12354,0.0361,0.0032
1791343222.2366,O,,,,0.12221,0.0401,0.0037
1791343222.2184,R,C,,-68,,,
1791343222.2189,R,B,,-67,,,
1791343222.2316,R,A,,-67,,,
1791343222.3091,O,,,,0.12354,0.0440,0.0042
1791343222.3104,O,,,,0.12354,0.0482,0.0047
1791343222.3112,O,,,,0.12221,0.0521,0.0052
1791343222.3120,O,,,,0.12221,0.0564,0.0057
1791343222.2626,R,A,,-65,,,
1791343222.2628,R,B,,-68,,,
1791343222.2634,R,C,,-63,,,
1791343222.3038,R,B,,-69,,,
1791343222.3039,R,C,,-74,,,
1791343222.3063,R,A,,-73,,,
1791343222.3797,O,,,,0.12089,0.0603,0.0062
1791343222.3808,O,,,,0.12089,0.0645,0.0067
1791343222.3816,O,,,,0.12089,0.0687,0.0072
1791343222.3633,R,A,,-63,,,
1791343222.3888,R,B,,-70,,,
1791343222.3933,R,C,,-68,,,
1791343222.4593,O,,,,0.11956,0.0726,0.0077
1791343222.4602,O,,,,0.12089,0.0766,0.0081
1791343222.4610,O,,,,0.12089,0.0808,0.0087
1791343222.4619,O,,,,0.12089,0.0850,0.0092
1791343222.4132,R,A,,-68,,,
1791343222.4363,R,B,,-69,,,
1791343222.4366,R,C,,-67,,,
1791343222.4430,R,A,,-68,,,
1791343222.4812,R,B,,-82,,,
1791343222.4933,R,C,,-71,,,
1791343222.5346,O,,,,0.11956,0.0889,0.0096
1791343222.5357,O,,,,0.11956,0.0931,0.0101
1791343222.5365,O,,,,0.11956,0.0974,0.0107
1791343222.5373,O,,,,0.11824,0.1013,0.0111
1791343222.5139,R,A,,-67,,,
1791343222.5264,R,C,,-67,,,
1791343222.5265,R,B,,-73,,,
1791343222.5454,R,A,,-70,,,
1791343222.5698,R,B,,-87,,,
1791343222.5758,R,C,,-68,,,
1791343222.5800,R,A,,-68,,,
1791343222.6144,O,,,,0.11956,0.1052,0.0116
1791343222.6155,O,,,,0.11956,0.1094,0.0121
1791343222.6163,O,,,,0.11956,0.1136,0.0126
1791343222.6171,O,,,,0.11824,0.1176,0.0131
1791343222.6382,R,B,,-73,,,
1791343222.6438,R,C,,-75,,,
1791343222.6534,R,A,,-77,,,
1791343222.6538,R,B,,-66,,,
1791343222.6540,R,C,,-81,,,
1791343222.6894,O,,,,0.11824,0.1218,0.0136
1791343222.6903,O,,,,0.11956,0.1257,0.0140
1791343222.6911,O,,,,0.11956,0.1299,0.0146
1791343222.6918,O,,,,0.11824,0.1339,0.0150
1791343222.7056,R,A,,-71,,,
1791343222.7063,R,C,,-68,,,
1791343222.7064,R,B,,-72,,,
1791343222.7439,R,B,,-73,,,
1791343222.7545,R,A,,-73,,,
1791343222.7695,O,,,,0.11824,0.1381,0.0155
1791343222.7704,O,,,,0.11824,0.1423,0.0160
1791343222.7712,O,,,,0.11824,0.1465,0.0165
1791343222.7720,O,,,,0.11956,0.1504,0.0170
1791343222.7843,R,C,,-79,,,
1791343222.7845,R,B,,-76,,,
1791343222.7920,R,A,,-71,,,
1791343222.8393,O,,,,0.11956,0.1547,0.0175
1791343222.8406,O,,,,0.11824,0.1586,0.0180
1791343222.8419,O,,,,0.11824,0.1628,0.0185
1791343222.8428,O,,,,0.11824,0.1670,0.0190
1791343222.8307,R,B,,-77,,,
1791343222.8432,R,A,,-77,,,
1791343222.8435,R,C,,-69,,,
1791343222.8715,R,C,,-70,,,
1791343222.8719,R,B,,-65,,,
1791343222.9142,O,,,,0.11824,0.1712,0.0195
1791343222.9155,O,,,,0.11824,0.1749,0.0199
1791343222.9167,O,,,,0.11824,0.1791,0.0204
1791343222.9128,R,A,,-70,,,
1791343222.9255,R,B,,-72,,,
1791343222.9263,R,C,,-70,,,
1791343222.9946,O,,,,0.11824,0.1833,0.0209
1791343222.9955,O,,,,0.11824,0.1875,0.0214
1791343222.9984,O,,,,0.11692,0.1915,0.0219
1791343222.9992,O,,,,0.11692,0.1957,0.0224
1791343222.9654,R,C,,-67,,,
1791343222.9656,R,B,,-69,,,
1791343223.0091,R,A,,-73,,,
1791343223.0095,R,B,,-62,,,
1791343223.0427,R,C,,-64,,,
1791343223.0587,R,C,,-68,,,
1791343223.0600,R,B,,-68,,,
1791343223.0742,O,,,,0.11824,0.1996,0.0228
1791343223.0754,O,,,,0.11824,0.2038,0.0233
1791343223.0763,O,,,,0.11824,0.2080,0.0238
1791343223.0771,O,,,,0.11956,0.2120,0.0243
1791343223.0623,R,A,,-77,,,
1791343223.0962,R,A,,-86,,,
1791343223.1492,O,,,,0.11824,0.2159,0.0248
1791343223.1501,O,,,,0.11824,0.2201,0.0253
1791343223.1510,O,,,,0.11956,0.2241,0.0257
1791343223.1518,O,,,,0.11956,0.2283,0.0262
1791343223.1326,R,C,,-73,,,
1791343223.1329,R,B,,-65,,,
1791343223.1402,R,C,,-71,,,
1791343223.1503,R,A,,-72,,,
1791343223.2328,O,,,,0.11824,0.2322,0.0267
1791343223.2338,O,,,,0.11824,0.2364,0.0272
1791343223.2346,O,,,,0.11956,0.2404,0.0277
1791343223.2354,O,,,,0.11956,0.2446,0.0282
1791343223.2126,R,A,,-70,,,
1791343223.2377,R,B,,-82,,,
1791343223.2395,R,C,,-68,,,
1791343223.2398,R,A,,-65,,,
1791343223.3042,O,,,,0.11956,0.2488,0.0287
1791343223.3052,O,,,,0.11956,0.2530,0.0292
1791343223.3060,O,,,,0.11956,0.2572,0.0297
1791343223.3067,O,,,,0.11956,0.2609,0.0302
1791343223.2695,R,A,,-64,,,
1791343223.2706,R,C,,-69,,,
1791343223.2707,R,B,,-79,,,
1791343223.3127,R,A,,-63,,,
1791343223.3376,R,B,,-67,,,
1791343223.3426,R,C,,-66,,,
1791343223.3574,R,B,,-75,,,
1791343223.3600,R,A,,-63,,,
1791343223.3768,O,,,,0.11956,0.2651,0.0307
1791343223.3777,O,,,,0.11956,0.2693,0.0312
1791343223.3787,O,,,,0.11956,0.2735,0.0317
1791343223.3729,R,C,,-66,,,
1791343223.4037,R,B,,-70,,,
1791343223.4544,O,,,,0.11956,0.2777,0.0322
1791343223.4553,O,,,,0.12089,0.2816,0.0326
1791343223.4561,O,,,,0.11956,0.2856,0.0331
1791343223.4568,O,,,,0.11956,0.2898,0.0336
1791343223.4527,R,A,,-62,,,
1791343223.4742,R,C,,-64,,,
1791343223.4748,R,B,,-77,,,
1791343223.4955,R,A,,-63,,,
1791343223.5346,O,,,,0.11956,0.2940,0.0341
1791343223.5355,O,,,,0.11956,0.2982,0.0346
1791343223.5364,O,,,,0.12089,0.3021,0.0351
1791343223.5372,O,,,,0.12089,0.3063,0.0356
1791343223.5144,R,B,,-73,,,
1791343223.5386,R,A,,-65,,,
1791343223.5426,R,C,,-74,,,
1791343223.6091,O,,,,0.11956,0.3103,0.0361
1791343223.6101,O,,,,0.11956,0.3145,0.0366
1791343223.6109,O,,,,0.11956,0.3187,0.0371
1791343223.6118,O,,,,0.11956,0.3229,0.0376
1791343223.5842,R,C,,-76,,,
1791343223.5843,R,B,,-63,,,
1791343223.5850,R,A,,-72,,,
1791343223.6293,R,B,,-62,,,
1791343223.6297,R,A,,-83,,,
1791343223.6423,R,C,,-67,,,
1791343223.6893,O,,,,0.11956,0.3271,0.0381
1791343223.6906,O,,,,0.11956,0.3308,0.0386
1791343223.6920,O,,,,0.11956,0.3350,0.0391
1791343223.6927,O,,,,0.11956,0.3392,0.0396
1791343223.6705,R,C,,-70,,,
1791343223.6710,R,A,,-73,,,
1791343223.6711,R,B,,-64,,,
1791343223.7187,R,B,,-63,,,
1791343223.7423,R,C,,-74,,,
1791343223.7664,O,,,,0.11956,0.3434,0.0401
1791343223.7674,O,,,,0.11956,0.3476,0.0406
1791343223.7683,O,,,,0.11956,0.3518,0.0411
1791343223.7690,O,,,,0.11956,0.3555,0.0415
1791343223.7629,R,A,,-76,,,
1791343223.7829,R,C,,-79,,,
1791343223.7829,R,B,,-66,,,
1791343223.8043,R,C,,-78,,,
1791343223.8044,R,B,,-73,,,
1791343223.8334,O,,,,0.11956,0.3597,0.0420
1791343223.8344,O,,,,0.11956,0.3639,0.0425
1791343223.8352,O,,,,0.11956,0.3681,0.0431
1791343223.8123,R,A,,-64,,,
1791343223.8627,R,A,,-63,,,
1791343223.8691,R,B,,-68,,,
1791343223.8692,R,C,,-68,,,
1791343223.8943,R,A,,-66,,,
1791343223.9035,R,B,,-71,,,
1791343223.9141,O,,,,0.11824,0.3720,0.0435
1791343223.9150,O,,,,0.11956,0.3760,0.0440
1791343223.9158,O,,,,0.11956,0.3802,0.0445
1791343223.9165,O,,,,0.11956,0.3844,0.0450
1791343223.9368,R,B,,-70,,,
1791343223.9374,R,C,,-75,,,
1791343223.9893,O,,,,0.11956,0.3886,0.0455
1791343223.9902,O,,,,0.11956,0.3928,0.0460
1791343223.9910,O,,,,0.11956,0.3965,0.0465
1791343223.9918,O,,,,0.11956,0.4007,0.0470
1791343223.9622,R,A,,-67,,,
1791343223.9802,R,C,,-72,,,
1791343223.9805,R,A,,-73,,,
1791343223.9872,R,B,,-72,,,
1791343224.0259,R,B,,-67,,,
1791343224.0267,R,A,,-75,,,
1791343224.0692,O,,,,0.11956,0.4049,0.0475
1791343224.0703,O,,,,0.11956,0.4091,0.0480
1791343224.0710,O,,,,0.11824,0.4130,0.0484
1791343224.0719,O,,,,0.11824,0.4172,0.0489
1791343224.0694,R,C,,-68,,,
1791343224.0697,R,B,,-71,,,
1791343224.0812,R,A,,-72,,,
1791343224.1493,O,,,,0.11956,0.4212,0.0494
1791343224.1501,O,,,,0.11956,0.4254,0.0499
1791343224.1509,O,,,,0.11956,0.4296,0.0504
1791343224.1517,O,,,,0.11956,0.4333,0.0509
1791343224.1127,R,B,,-85,,,
1791343224.1128,R,C,,-70,,,
1791343224.1626,R,A,,-69,,,
1791343224.1741,R,C,,-70,,,
1791343224.1746,R,B,,-76,,,
1791343224.2029,R,A,,-66,,,
1791343224.2051,R,C,,-67,,,
1791343224.2062,R,B,,-69,,,
1791343224.2247,O,,,,0.11956,0.4375,0.0514
1791343224.2256,O,,,,0.11956,0.4417,0.0519
1791343224.2264,O,,,,0.11956,0.4459,0.0524
1791343224.2272,O,,,,0.11956,0.4501,0.0529
1791343224.2451,R,A,,-64,,,
1791343224.3015,O,,,,0.12089,0.4540,0.0534
1791343224.3034,O,,,,0.11956,0.4580,0.0538
1791343224.3044,O,,,,0.11956,0.4622,0.0543
1791343224.3052,O,,,,0.11956,0.4664,0.0548
1791343224.2684,R,B,,-69,,,
1791343224.2919,R,C,,-72,,,
1791343224.2925,R,B,,-67,,,
1791343224.3089,R,A,,-70,,,
1791343224.3384,R,A,,-69,,,
1791343224.3418,R,C,,-80,,,
1791343224.3745,O,,,,0.12089,0.4703,0.0553
1791343224.3754,O,,,,0.12089,0.4745,0.0558
1791343224.3761,O,,,,0.11956,0.4785,0.0563
1791343224.3819,R,B,,-61,,,
1791343224.3821,R,C,,-70,,,
1791343224.4492,O,,,,0.11956,0.4827,0.0568
1791343224.4501,O,,,,0.11956,0.4869,0.0573
1791343224.4510,O,,,,0.11956,0.4911,0.0578
1791343224.4518,O,,,,0.11956,0.4953,0.0583
1791343224.4122,R,A,,-69,,,
1791343224.4207,R,B,,-62,,,
1791343224.4209,R,C,,-76,,,
1791343224.4216,R,A,,-76,,,
1791343224.4625,R,A,,-82,,,
1791343224.4626,R,C,,-68,,,
1791343224.4705,R,B,,-78,,,
1791343224.5109,R,A,,-69,,,
1791343224.5291,O,,,,0.11956,0.4990,0.0588
1791343224.5300,O,,,,0.11956,0.5032,0.0593
1791343224.5308,O,,,,0.11956,0.5074,0.0598
1791343224.5316,O,,,,0.11956,0.5116,0.0603
1791343224.5124,R,C,,-63,,,
1791343224.5125,R,B,,-69,,,
1791343224.6041,O,,,,0.11956,0.5153,0.0607
1791343224.6051,O,,,,0.11956,0.5195,0.0612
1791343224.6060,O,,,,0.11956,0.5237,0.0617
1791343224.6068,O,,,,0.11956,0.5274,0.0622
1791343224.5622,R,A,,-83,,,
1791343224.5770,R,B,,-63,,,
1791343224.5774,R,C,,-76,,,
1791343224.6086,R,C,,-68,,,
1791343224.6088,R,B,,-61,,,
1791343224.6123,R,A,,-73,,,
1791343224.6578,R,A,,-72,,,
1791343224.6842,O,,,,0.11956,0.5311,0.0626
1791343224.6853,O,,,,0.12089,0.5350,0.0631
1791343224.6861,O,,,,0.11956,0.5389,0.0636
1791343224.6869,O,,,,0.11956,0.5426,0.0640
1791343224.6726,R,B,,-64,,,
1791343224.6727,R,C,,-60,,,
1791343224.7122,R,A,,-64,,,
1791343224.7174,R,C,,-63,,,
1791343224.7178,R,B,,-61,,,
1791343224.7553,R,A,,-67,,,
1791343224.7556,R,B,,-68,,,
1791343224.7561,R,C,,-62,,,
1791343224.7666,O,,,,0.11956,0.5463,0.0645
1791343224.7675,O,,,,0.11956,0.5500,0.0649
1791343224.7684,O,,,,0.11956,0.5537,0.0653
1791343224.7692,O,,,,0.11956,0.5568,0.0657
1791343224.8296,O,,,,0.11956,0.5605,0.0662
1791343224.8307,O,,,,0.11956,0.5642,0.0666
1791343224.8315,O,,,,0.11956,0.5673,0.0670
1791343224.8123,R,A,,-68,,,
1791343224.8251,R,C,,-64,,,
1791343224.8253,R,B,,-61,,,
1791343224.8438,R,A,,-71,,,
1791343224.8478,R,B,,-64,,,
1791343224.9096,O,,,,0.11956,0.5710,0.0674
1791343224.9105,O,,,,0.11956,0.5742,0.0678
1791343224.9113,O,,,,0.11956,0.5773,0.0682
1791343224.9120,O,,,,0.12089,0.5802,0.0685
1791343224.8864,R,B,,-68,,,
1791343224.8874,R,A,,-73,,,
1791343224.8913,R,C,,-67,,,
1791343224.9311,R,B,,-78,,,
1791343224.9895,O,,,,0.11956,0.5831,0.0689
1791343224.9907,O,,,,0.11956,0.5863,0.0693
1791343224.9915,O,,,,0.11956,0.5889,0.0696
1791343224.9927,O,,,,0.12089,0.5918,0.0699
1791343224.9864,R,B,,-73,,,
1791343224.9919,R,C,,-63,,,
1791343224.9966,R,A,,-67,,,
1791343225.0133,R,B,,-70,,,
1791343225.0134,R,C,,-72,,,
1791343225.0580,R,C,,-64,,,
1791343225.0582,R,B,,-73,,,
1791343225.0645,O,,,,0.11956,0.5947,0.0703
1791343225.0659,O,,,,0.11956,0.5973,0.0706
1791343225.0675,O,,,,0.12089,0.6002,0.0709
1791343225.0684,O,,,,0.12089,0.6028,0.0713
1791343225.0623,R,A,,-71,,,
1791343225.1443,O,,,,0.12089,0.6054,0.0716
1791343225.1452,O,,,,0.12089,0.6081,0.0719
1791343225.1460,O,,,,0.12089,0.6107,0.0722
1791343225.1467,O,,,,0.12221,0.6131,0.0725
1791343225.1126,R,A,,-66,,,
1791343225.1362,R,B,,-64,,,
1791343225.1378,R,C,,-74,,,
1791343225.1525,R,B,,-77,,,
1791343225.1529,R,C,,-69,,,
1791343225.1622,R,A,,-71,,,
1791343225.2192,O,,,,0.12089,0.6154,0.0728
1791343225.2200,O,,,,0.12089,0.6175,0.0731
1791343225.2211,O,,,,0.12089,0.6202,0.0734
1791343225.2220,O,,,,0.12089,0.6223,0.0736
1791343225.2126,R,A,,-65,,,
1791343225.2361,R,B,,-66,,,
1791343225.2370,R,C,,-69,,,
1791343225.2395,R,C,,-69,,,
1791343225.2413,R,A,,-67,,,
1791343225.3016,O,,,,0.12221,0.6246,0.0739
1791343225.3029,O,,,,0.12221,0.6267,0.0742
1791343225.3037,O,,,,0.12221,0.6288,0.0744
1791343225.3046,O,,,,0.12221,0.6309,0.0747
1791343225.2812,R,C,,-75,,,
1791343225.2815,R,A,,-71,,,
1791343225.2867,R,B,,-69,,,
1791343225.3295,R,A,,-67,,,
1791343225.3297,R,C,,-73,,,
1791343225.3360,R,B,,-75,,,
1791343225.3692,O,,,,0.12221,0.6330,0.0750
1791343225.3701,O,,,,0.12221,0.6351,0.0752
1791343225.3709,O,,,,0.12221,0.6372,0.0755
1791343225.3777,R,B,,-66,,,
1791343225.4447,O,,,,0.12221,0.6388,0.0757
1791343225.4455,O,,,,0.12221,0.6409,0.0759
1791343225.4463,O,,,,0.12221,0.6425,0.0761
1791343225.4470,O,,,,0.12354,0.6443,0.0763
1791343225.4126,R,A,,-72,,,
1791343225.4724,R,C,,-68,,,
1791343225.4726,R,B,,-61,,,
1791343225.4761,R,A,,-72,,,
1791343225.5242,O,,,,0.12354,0.6459,0.0765
1791343225.5250,O,,,,0.12354,0.6475,0.0767
1791343225.5258,O,,,,0.12354,0.6491,0.0769
1791343225.5266,O,,,,0.12354,0.6501,0.0771
1791343225.5359,R,B,,-63,,,
1791343225.5392,R,C,,-67,,,
1791343225.5395,R,A,,-63,,,
1791343225.6108,O,,,,0.12354,0.6517,0.0773
1791343225.6118,O,,,,0.12354,0.6527,0.0774
1791343225.6129,O,,,,0.12354,0.6538,0.0775
1791343225.6051,R,B,,-63,,,
1791343225.6053,R,C,,-69,,,
1791343225.6067,R,A,,-61,,,
1791343225.6140,O,,,,0.12486,0.6551,0.0777
1791343225.6793,O,,,,0.12486,0.6561,0.0778
1791343225.6802,O,,,,0.12486,0.6572,0.0779
1791343225.6810,O,,,,0.12486,0.6583,0.0781
1791343225.6817,O,,,,0.12354,0.6590,0.0782
1791343225.6620,R,A,,-74,,,
1791343225.6669,R,C,,-72,,,
1791343225.6674,R,B,,-59,,,
1791343225.6959,R,A,,-70,,,
1791343225.7017,R,C,,-65,,,
1791343225.7018,R,B,,-66,,,
1791343225.7592,O,,,,0.12486,0.6598,0.0783
1791343225.7601,O,,,,0.12486,0.6609,0.0784
1791343225.7610,O,,,,0.12486,0.6614,0.0785
1791343225.7618,O,,,,0.12486,0.6619,0.0785
1791343225.7408,R,C,,-64,,,
1791343225.7427,R,A,,-61,,,
1791343225.7814,R,C,,-71,,,
1791343225.7815,R,A,,-64,,,
1791343225.7863,R,B,,-67,,,
1791343225.8299,O,,,,0.12486,0.6625,0.0786
1791343225.8311,O,,,,0.12486,0.6630,0.0787
1791343225.8320,O,,,,0.12486,0.6635,0.0787
1791343225.8357,R,B,,-59,,,
1791343225.9043,O,,,,0.12618,0.6638,0.0788
1791343225.9056,O,,,,0.12618,0.6638,0.0788
1791343225.9064,O,,,,0.12618,0.6638,0.0788
1791343225.9072,O,,,,0.12486,0.6640,0.0788
1791343225.8768,R,C,,-66,,,
1791343225.8857,R,B,,-67,,,
1791343225.9122,R,A,,-63,,,
1791343225.9164,R,B,,-71,,,
1791343225.9164,R,C,,-73,,,
1791343225.9441,R,A,,-64,,,
1791343225.9582,R,B,,-63,,,
1791343225.9584,R,C,,-74,,,
1791343225.9608,R,A,,-65,,,
1791343225.9845,O,,,,0.12486,0.6640,0.0788
1791343225.9855,O,,,,0.12486,0.6640,0.0788
1791343225.9863,O,,,,0.12486,0.6640,0.0788
1791343225.9870,O,,,,0.12486,0.6640,0.0788
1791343226.0081,R,A,,-80,,,
1791343226.0087,R,C,,-69,,,
1791343226.0355,R,B,,-77,,,
1791343226.0543,R,B,,-69,,,
1791343226.0567,R,A,,-64,,,
1791343226.0640,O,,,,0.12486,0.6640,0.0788
1791343226.0649,O,,,,0.12486,0.6640,0.0788
1791343226.0658,O,,,,0.12486,0.6640,0.0788
1791343226.0667,O,,,,0.12486,0.6640,0.0788
1791343226.0739,R,C,,-73,,,
1791343226.0961,R,A,,-70,,,
1791343226.0982,R,C,,-78,,,
1791343226.1061,R,B,,-65,,,
1791343226.1391,O,,,,0.12618,0.6638,0.0788
1791343226.1400,O,,,,0.12618,0.6638,0.0788
1791343226.1418,O,,,,0.12618,0.6638,0.0788
1791343226.1426,O,,,,0.12618,0.6638,0.0788
1791343226.1465,R,A,,-75,,,
1791343226.1474,R,B,,-67,,,
1791343226.1779,R,C,,-74,,,
1791343226.1994,R,C,,-71,,,
1791343226.2092,R,B,,-73,,,
1791343226.2103,R,A,,-67,,,
1791343226.2197,O,,,,0.12618,0.6638,0.0788
1791343226.2208,O,,,,0.12618,0.6638,0.0788
1791343226.2216,O,,,,0.12618,0.6638,0.0788
1791343226.2224,O,,,,0.12618,0.6638,0.0788
1791343226.2455,R,A,,-66,,,
1791343226.2457,R,B,,-68,,,
1791343226.2941,O,,,,0.12618,0.6638,0.0788
1791343226.2953,O,,,,0.12618,0.6638,0.0788
1791343226.2960,O,,,,0.12618,0.6638,0.0788
1791343226.2968,O,,,,0.12618,0.6638,0.0788
1791343226.2843,R,B,,-67,,,
1791343226.2852,R,A,,-66,,,
1791343226.2887,R,C,,-72,,,
1791343226.3254,R,B,,-69,,,
1791343226.3408,R,C,,-66,,,
1791343226.3433,R,A,,-69,,,
1791343226.3643,O,,,,0.12618,0.6638,0.0788
1791343226.3652,O,,,,0.12618,0.6638,0.0788
1791343226.3660,O,,,,0.12618,0.6638,0.0788
1791343226.3836,R,C,,-75,,,
1791343226.3837,R,B,,-68,,,
1791343226.3839,R,A,,-68,,,
1791343226.4442,O,,,,0.12618,0.6638,0.0788
1791343226.4451,O,,,,0.12618,0.6638,0.0788
1791343226.4459,O,,,,0.12618,0.6638,0.0788
1791343226.4466,O,,,,0.12618,0.6638,0.0788
1791343226.4192,R,B,,-64,,,
1791343226.4376,R,C,,-75,,,
1791343226.4603,R,A,,-75,,,
1791343226.4831,R,B,,-67,,,
1791343226.4834,R,C,,-64,,,
1791343226.4835,R,A,,-69,,,
1791343226.5196,O,,,,0.12618,0.6638,0.0788
1791343226.5206,O,,,,0.12618,0.6638,0.0788
1791343226.5213,O,,,,0.12618,0.6638,0.0788
1791343226.5220,O,,,,0.12618,0.6638,0.0788
1791343226.5122,R,C,,-71,,,
1791343226.5244,R,B,,-71,,,
1791343226.5606,R,A,,-68,,,
1791343226.5999,O,,,,0.12618,0.6638,0.0788
1791343226.6008,O,,,,0.12618,0.6638,0.0788
1791343226.6022,O,,,,0.12618,0.6638,0.0788
1791343226.6030,O,,,,0.12618,0.6638,0.0788
1791343226.5763,R,C,,-72,,,
1791343226.5858,R,B,,-63,,,
1791343226.6006,R,A,,-86,,,
1791343226.6010,R,B,,-65,,,
1791343226.6015,R,C,,-65,,,
1791343226.6484,R,B,,-66,,,
1791343226.6502,R,A,,-75,,,
1791343226.6559,R,C,,-70,,,
1791343226.6798,O,,,,0.12618,0.6638,0.0788
1791343226.6807,O,,,,0.12618,0.6638,0.0788
1791343226.6815,O,,,,0.12618,0.6638,0.0788
1791343226.6823,O,,,,0.12618,0.6638,0.0788
1791343226.6988,R,B,,-62,,,
1791343226.7546,O,,,,0.12618,0.6638,0.0788
1791343226.7556,O,,,,0.12618,0.6638,0.0788
1791343226.7564,O,,,,0.12618,0.6638,0.0788
1791343226.7571,O,,,,0.12618,0.6638,0.0788
1791343226.7200,R,C,,-69,,,
1791343226.7532,R,A,,-68,,,
1791343226.7538,R,C,,-68,,,
1791343226.7849,R,B,,-85,,,
1791343226.7933,R,B,,-65,,,
1791343226.7961,R,A,,-71,,,
1791343226.8240,O,,,,0.12618,0.6638,0.0788
1791343226.8250,O,,,,0.12618,0.6638,0.0788
1791343226.8258,O,,,,0.12618,0.6638,0.0788
1791343226.8404,R,A,,-69,,,
1791343226.8406,R,C,,-64,,,
1791343226.9048,O,,,,0.12618,0.6638,0.0788
1791343226.9057,O,,,,0.12618,0.6638,0.0788
1791343226.9066,O,,,,0.12618,0.6638,0.0788
1791343226.9075,O,,,,0.12618,0.6638,0.0788
1791343226.8838,R,B,,-68,,,
1791343226.8851,R,C,,-70,,,
1791343226.8865,R,B,,-68,,,
1791343226.9070,R,A,,-63,,,
1791343226.9319,R,A,,-71,,,
1791343226.9350,R,B,,-78,,,
1791343226.9400,R,C,,-73,,,
1791343226.9801,O,,,,0.12618,0.6638,0.0788
1791343226.9811,O,,,,0.12618,0.6638,0.0788
1791343226.9819,O,,,,0.12618,0.6638,0.0788
1791343226.9827,O,,,,0.12618,0.6638,0.0788
1791343226.9699,R,C,,-66,,,
1791343226.9702,R,A,,-65,,,
1791343226.9856,R,B,,-72,,,
1791343227.0596,O,,,,0.12618,0.6638,0.0788
1791343227.0605,O,,,,0.12618,0.6638,0.0788
1791343227.0613,O,,,,0.12618,0.6638,0.0788
1791343227.0620,O,,,,0.12618,0.6638,0.0788
1791343227.0128,R,B,,-71,,,
1791343227.0142,R,C,,-72,,,
1791343227.0192,R,A,,-64,,,
1791343227.0599,R,A,,-65,,,
1791343227.0621,R,C,,-68,,,
1791343227.0626,R,B,,-79,,,
1791343227.0989,R,B,,-70,,,
1791343227.0990,R,C,,-70,,,
1791343227.1006,R,A,,-69,,,
1791343227.1356,O,,,,0.12618,0.6638,0.0788
1791343227.1369,O,,,,0.12618,0.6638,0.0788
1791343227.1377,O,,,,0.12618,0.6638,0.0788
1791343227.1385,O,,,,0.12618,0.6638,0.0788
1791343227.1518,R,C,,-73,,,
1791343227.1519,R,B,,-74,,,
1791343227.1597,R,A,,-71,,,
1791343227.2037,R,B,,-63,,,
1791343227.2040,R,A,,-66,,,
1791343227.2042,R,C,,-77,,,
1791343227.2142,O,,,,0.12618,0.6638,0.0788
1791343227.2151,O,,,,0.12618,0.6638,0.0788
1791343227.2159,O,,,,0.12618,0.6638,0.0788
1791343227.2166,O,,,,0.12618,0.6638,0.0788
1791343227.2477,R,B,,-79,,,
1791343227.2605,R,A,,-70,,,
1791343227.2942,O,,,,0.12618,0.6638,0.0788
1791343227.2952,O,,,,0.12618,0.6638,0.0788
1791343227.2960,O,,,,0.12618,0.6638,0.0788
1791343227.2968,O,,,,0.12618,0.6638,0.0788
1791343227.2877,R,C,,-72,,,
1791343227.2931,R,A,,-67,,,
1791343227.2938,R,B,,-64,,,
1791343227.3595,O,,,,0.12618,0.6638,0.0788
1791343227.3604,O,,,,0.12618,0.6638,0.0788
1791343227.3611,O,,,,0.12618,0.6638,0.0788
1791343227.3383,R,A,,-72,,,
1791343227.3863,R,A,,-66,,,
1791343227.3866,R,C,,-72,,,
1791343227.4392,O,,,,0.12618,0.6638,0.0788
1791343227.4400,O,,,,0.12618,0.6638,0.0788
1791343227.4408,O,,,,0.12618,0.6638,0.0788
1791343227.4415,O,,,,0.12618,0.6638,0.0788
1791343227.4253,R,B,,-75,,,
1791343227.4357,R,A,,-65,,,
1791343227.4765,R,B,,-66,,,
1791343227.4768,R,A,,-67,,,
1791343227.4769,R,C,,-70,,,
1791343227.5199,O,,,,0.12618,0.6638,0.0788
1791343227.5210,O,,,,0.12618,0.6638,0.0788
1791343227.5218,O,,,,0.12618,0.6638,0.0788
1791343227.5226,O,,,,0.12618,0.6638,0.0788
1791343227.5235,R,C,,-66,,,
1791343227.5292,R,B,,-71,,,
1791343227.5293,R,A,,-60,,,
1791343227.5954,O,,,,0.12618,0.6638,0.0788
1791343227.5964,O,,,,0.12618,0.6638,0.0788
1791343227.5982,O,,,,0.12618,0.6638,0.0788
1791343227.5989,O,,,,0.12618,0.6638,0.0788
1791343227.5716,R,A,,-70,,,
1791343227.5719,R,B,,-63,,,
1791343227.5724,R,C,,-72,,,
1791343227.6176,R,A,,-62,,,
1791343227.6178,R,C,,-73,,,
1791343227.6179,R,B,,-62,,,
1791343227.6742,O,,,,0.12618,0.6638,0.0788
1791343227.6760,O,,,,0.12618,0.6638,0.0788
1791343227.6769,O,,,,0.12618,0.6638,0.0788
1791343227.6776,O,,,,0.12618,0.6638,0.0788
1791343227.6849,R,B,,-58,,,
1791343227.6894,R,C,,-64,,,
1791343227.7047,R,B,,-65,,,
1791343227.7048,R,C,,-71,,,
1791343227.7095,R,A,,-63,,,
1791343227.7496,O,,,,0.12618,0.6638,0.0788
1791343227.7506,O,,,,0.12618,0.6638,0.0788
1791343227.7514,O,,,,0.12618,0.6638,0.0788
1791343227.7522,O,,,,0.12618,0.6638,0.0788
1791343227.7485,R,A,,-62,,,
1791343227.7491,R,B,,-69,,,
1791343227.7492,R,C,,-68,,,
1791343227.8033,R,A,,-62,,,
1791343227.8038,R,B,,-65,,,
1791343227.8197,O,,,,0.12618,0.6638,0.0788
1791343227.8209,O,,,,0.12618,0.6638,0.0788
1791343227.8217,O,,,,0.12618,0.6638,0.0788
1791343227.8594,R,A,,-64,,,
1791343227.8997,O,,,,0.12618,0.6638,0.0788
1791343227.9007,O,,,,0.12618,0.6638,0.0788
1791343227.9015,O,,,,0.12618,0.6638,0.0788
1791343227.9022,O,,,,0.12618,0.6638,0.0788
1791343227.8873,R,A,,-67,,,
1791343227.8891,R,C,,-72,,,
1791343227.9365,R,A,,-61,,,
1791343227.9399,R,C,,-74,,,
1791343227.9805,O,,,,0.12618,0.6638,0.0788
1791343227.9815,O,,,,0.12618,0.6638,0.0788
1791343227.9824,O,,,,0.12618,0.6638,0.0788
1791343227.9831,O,,,,0.12618,0.6638,0.0788
1791343227.9787,R,B,,-64,,,
1791343227.9892,R,C,,-74,,,
1791343228.0090,R,A,,-65,,,
1791343228.0554,O,,,,0.12618,0.6638,0.0788
1791343228.0563,O,,,,0.12618,0.6638,0.0788
1791343228.0570,O,,,,0.12618,0.6638,0.0788
1791343228.0580,O,,,,0.12618,0.6638,0.0788
1791343228.0164,R,B,,-69,,,
1791343228.0180,R,C,,-77,,,
1791343228.0331,R,A,,-60,,,
1791343228.0679,R,C,,-76,,,
1791343228.0685,R,B,,-63,,,
1791343228.0811,R,A,,-64,,,
1791343228.1346,O,,,,0.12618,0.6638,0.0788
1791343228.1359,O,,,,0.12618,0.6638,0.0788
1791343228.1366,O,,,,0.12618,0.6638,0.0788
1791343228.1376,O,,,,0.12618,0.6638,0.0788
1791343228.1122,R,C,,-67,,,
1791343228.1341,R,B,,-58,,,
1791343228.1526,R,C,,-73,,,
1791343228.1531,R,B,,-67,,,
1791343228.1598,R,A,,-64,,,
1791343228.2096,O,,,,0.12618,0.6638,0.0788
1791343228.2107,O,,,,0.12618,0.6638,0.0788
1791343228.2116,O,,,,0.12618,0.6638,0.0788
1791343228.2126,O,,,,0.12618,0.6638,0.0788
1791343228.2014,R,A,,-66,,,
1791343228.2589,R,A,,-63,,,
1791343228.2795,O,,,,0.12618,0.6638,0.0788
1791343228.2804,O,,,,0.12618,0.6638,0.0788
1791343228.2812,O,,,,0.12618,0.6638,0.0788
1791343228.2649,R,B,,-60,,,
1791343228.2934,R,B,,-71,,,
1791343228.3080,R,A,,-72,,,
1791343228.3593,O,,,,0.12618,0.6638,0.0788
1791343228.3602,O,,,,0.12618,0.6638,0.0788
1791343228.3616,O,,,,0.12883,0.6638,0.0788
1791343228.3624,O,,,,0.13545,0.6640,0.0788
1791343228.3399,R,C,,-76,,,
1791343228.3577,R,B,,-66,,,
1791343228.3583,R,A,,-70,,,
1791343228.3838,R,B,,-64,,,
1791343228.3888,R,C,,-72,,,
1791343228.4089,R,A,,-67,,,
1791343228.4347,O,,,,0.14207,0.6638,0.0788
1791343228.4355,O,,,,0.15266,0.6638,0.0788
1791343228.4363,O,,,,0.16325,0.6638,0.0788
1791343228.4370,O,,,,0.17648,0.6638,0.0788
1791343228.4338,R,B,,-58,,,
1791343228.4387,R,C,,-66,,,
1791343228.4461,R,A,,-66,,,
1791343228.4640,R,C,,-75,,,
1791343228.4646,R,B,,-60,,,
1791343228.4677,R,A,,-66,,,
1791343228.5075,R,A,,-70,,,
1791343228.5203,O,,,,0.18972,0.6638,0.0788
1791343228.5214,O,,,,0.20428,0.6635,0.0787
1791343228.5223,O,,,,0.21752,0.6635,0.0787
1791343228.5230,O,,,,0.23208,0.6632,0.0787
1791343228.5595,R,A,,-65,,,
1791343228.5939,O,,,,0.24796,0.6632,0.0787
1791343228.5950,O,,,,0.26384,0.6632,0.0787
1791343228.5959,O,,,,0.27840,0.6630,0.0786
1791343228.5968,O,,,,0.29429,0.6630,0.0786
1791343228.5647,R,B,,-57,,,
1791343228.5798,R,C,,-75,,,
1791343228.6080,R,A,,-64,,,
1791343228.6249,R,B,,-62,,,
1791343228.6356,R,C,,-75,,,
1791343228.6515,R,A,,-65,,,
1791343228.6520,R,C,,-74,,,
1791343228.6525,R,B,,-56,,,
1791343228.6691,O,,,,0.31017,0.6630,0.0786
1791343228.6701,O,,,,0.32606,0.6630,0.0786
1791343228.6710,O,,,,0.34326,0.6632,0.0787
1791343228.6718,O,,,,0.36047,0.6630,0.0786
1791343228.6941,R,A,,-66,,,
1791343228.7494,O,,,,0.37635,0.6630,0.0786
1791343228.7538,O,,,,0.39224,0.6630,0.0786
1791343228.7547,O,,,,0.40945,0.6628,0.0785
1791343228.7554,O,,,,0.42533,0.6628,0.0785
1791343228.7177,R,B,,-58,,,
1791343228.7178,R,C,,-70,,,
1791343228.7590,R,A,,-67,,,
1791343228.7653,R,C,,-77,,,
1791343228.7654,R,B,,-60,,,
1791343228.7851,R,A,,-65,,,
1791343228.7887,R,C,,-76,,,
1791343228.8193,O,,,,0.44121,0.6628,0.0785
1791343228.8203,O,,,,0.45974,0.6628,0.0785
1791343228.8210,O,,,,0.47563,0.6628,0.0785
1791343228.8315,R,C,,-76,,,
1791343228.8316,R,B,,-64,,,
1791343228.8492,R,A,,-69,,,
1791343228.8943,O,,,,0.49151,0.6628,0.0785
1791343228.8953,O,,,,0.50872,0.6625,0.0784
1791343228.8962,O,,,,0.52593,0.6627,0.0785
1791343228.8969,O,,,,0.54181,0.6627,0.0785
1791343228.8788,R,C,,-72,,,
1791343228.8835,R,B,,-67,,,
1791343228.9084,R,A,,-74,,,
1791343228.9193,R,B,,-67,,,
1791343228.9194,R,C,,-80,,,
1791343228.9201,R,A,,-72,,,
1791343228.9741,O,,,,0.55902,0.6625,0.0783
1791343228.9750,O,,,,0.57490,0.6625,0.0783
1791343228.9759,O,,,,0.59211,0.6627,0.0785
1791343228.9767,O,,,,0.60932,0.6625,0.0783
1791343228.9674,R,B,,-78,,,
1791343228.9678,R,A,,-80,,,
1791343228.9678,R,C,,-69,,,
1791343229.0498,O,,,,0.62520,0.6625,0.0783
1791343229.0507,O,,,,0.64109,0.6625,0.0783
1791343229.0516,O,,,,0.65962,0.6625,0.0783
1791343229.0526,O,,,,0.67550,0.6625,0.0783
1791343229.0334,R,B,,-64,,,
1791343229.0385,R,C,,-74,,,
1791343229.0585,R,A,,-76,,,
1791343229.0839,R,B,,-80,,,
1791343229.0884,R,C,,-68,,,
1791343229.1048,R,A,,-77,,,
1791343229.1296,O,,,,0.69138,0.6625,0.0783
1791343229.1306,O,,,,0.70859,0.6627,0.0785
1791343229.1314,O,,,,0.72580,0.6625,0.0783
1791343229.1322,O,,,,0.74168,0.6625,0.0783
1791343229.1518,R,A,,-78,,,
1791343229.2097,O,,,,0.75757,0.6625,0.0783
1791343229.2107,O,,,,0.77610,0.6625,0.0783
1791343229.2118,O,,,,0.79198,0.6625,0.0783
1791343229.2130,O,,,,0.80787,0.6625,0.0783
1791343229.1801,R,C,,-75,,,
1791343229.1833,R,B,,-67,,,
1791343229.2083,R,A,,-69,,,
1791343229.2087,R,B,,-84,,,
1791343229.2574,R,A,,-78,,,
1791343229.2577,R,B,,-71,,,
1791343229.2750,O,,,,0.82640,0.6625,0.0783
1791343229.2760,O,,,,0.84228,0.6625,0.0783
1791343229.2768,O,,,,0.85817,0.6625,0.0783
1791343229.2859,R,C,,-86,,,
1791343229.2862,R,A,,-71,,,
1791343229.2886,R,B,,-78,,,
1791343229.3551,O,,,,0.87670,0.6625,0.0783
1791343229.3564,O,,,,0.89258,0.6625,0.0783
1791343229.3608,O,,,,0.90846,0.6625,0.0783
1791343229.3618,O,,,,0.92435,0.6625,0.0783
1791343229.3347,R,C,,-76,,,
1791343229.3589,R,A,,-68,,,
1791343229.3758,R,B,,-70,,,
1791343229.3761,R,A,,-76,,,
1791343229.3883,R,C,,-72,,,
1791343229.4344,O,,,,0.94288,0.6625,0.0783
1791343229.4352,O,,,,0.95876,0.6625,0.0783
1791343229.4359,O,,,,0.97465,0.6625,0.0783
1791343229.4367,O,,,,0.99318,0.6625,0.0783
1791343229.4188,R,B,,-72,,,
1791343229.4192,R,A,,-75,,,
1791343229.4237,R,C,,-75,,,
1791343229.5093,O,,,,1.00906,0.6625,0.0783
1791343229.5105,O,,,,1.02495,0.6625,0.0783
1791343229.5114,O,,,,1.04215,0.6627,0.0786
1791343229.5123,O,,,,1.05936,0.6625,0.0783
1791343229.4628,R,A,,-68,,,
1791343229.4630,R,C,,-67,,,
1791343229.4631,R,B,,-59,,,
1791343229.5167,R,C,,-75,,,
1791343229.5173,R,B,,-67,,,
1791343229.5583,R,A,,-76,,,
1791343229.5894,O,,,,1.07525,0.6625,0.0783
1791343229.5905,O,,,,1.09378,0.6625,0.0783
1791343229.5919,O,,,,1.10966,0.6625,0.0783
1791343229.5927,O,,,,1.12554,0.6625,0.0783
1791343229.5768,R,B,,-69,,,
1791343229.5881,R,C,,-73,,,
1791343229.6072,R,A,,-73,,,
1791343229.6191,R,B,,-61,,,
1791343229.6195,R,C,,-85,,,
1791343229.6471,R,A,,-72,,,
1791343229.6541,R,C,,-69,,,
1791343229.6737,O,,,,1.14143,0.6625,0.0783
1791343229.6747,O,,,,1.15864,0.6624,0.0781
1791343229.6756,O,,,,1.17584,0.6625,0.0783
1791343229.6765,O,,,,1.19305,0.6624,0.0781
1791343229.6650,R,B,,-75,,,
1791343229.6899,R,A,,-76,,,
1791343229.7461,O,,,,1.20894,0.6624,0.0781
1791343229.7471,O,,,,1.22614,0.6625,0.0783
1791343229.7481,O,,,,1.24203,0.6625,0.0783
1791343229.7488,O,,,,1.25923,0.6624,0.0781
1791343229.7379,R,C,,-67,,,
1791343229.7399,R,A,,-69,,,
1791343229.7833,R,B,,-57,,,
1791343229.7838,R,C,,-74,,,
1791343229.8081,R,A,,-76,,,
1791343229.8232,O,,,,1.27644,0.6625,0.0783
1791343229.8243,O,,,,1.29233,0.6625,0.0783
1791343229.8251,O,,,,1.30953,0.6624,0.0781
1791343229.8240,R,C,,-73,,,
1791343229.8241,R,B,,-61,,,
1791343229.8243,R,A,,-69,,,
1791343229.8909,O,,,,1.32542,0.6624,0.0781
1791343229.8918,O,,,,1.34130,0.6624,0.0781
1791343229.8926,O,,,,1.35851,0.6625,0.0783
1791343229.8933,O,,,,1.37439,0.6625,0.0783
1791343229.8626,R,C,,-67,,,
1791343229.8830,R,B,,-55,,,
1791343229.9289,R,B,,-51,,,
1791343229.9290,R,C,,-59,,,
1791343229.9514,R,B,,-54,,,
1791343229.9585,R,A,,-67,,,
1791343229.9684,O,,,,1.39160,0.6625,0.0781
1791343229.9694,O,,,,1.40881,0.6625,0.0783
1791343229.9702,O,,,,1.42469,0.6625,0.0783
1791343229.9710,O,,,,1.44190,0.6625,0.0781
1791343229.9872,R,C,,-65,,,
1791343229.9940,R,B,,-50,,,
1791343229.9986,R,C,,-60,,,
1791343230.0088,R,A,,-68,,,
1791343230.0493,O,,,,1.45911,0.6625,0.0783
1791343230.0504,O,,,,1.47499,0.6625,0.0783
1791343230.0512,O,,,,1.49087,0.6625,0.0783
1791343230.0520,O,,,,1.50941,0.6625,0.0783
1791343230.0350,R,C,,-61,,,
1791343230.0580,R,A,,-66,,,
1791343230.0829,R,B,,-56,,,
1791343230.0832,R,A,,-65,,,
1791343230.0879,R,C,,-61,,,
1791343230.1240,O,,,,1.52529,0.6625,0.0783
1791343230.1249,O,,,,1.54117,0.6625,0.0783
1791343230.1257,O,,,,1.55838,0.6625,0.0786
1791343230.1264,O,,,,1.57559,0.6625,0.0783
1791343230.1267,R,A,,-68,,,
1791343230.1307,R,C,,-58,,,
1791343230.1313,R,B,,-60,,,
1791343230.2042,O,,,,1.59147,0.6625,0.0783
1791343230.2050,O,,,,1.60868,0.6625,0.0786
1791343230.2059,O,,,,1.62589,0.6625,0.0783
1791343230.2066,O,,,,1.64177,0.6625,0.0783
1791343230.1825,R,B,,-59,,,
1791343230.1881,R,C,,-57,,,
1791343230.2041,R,A,,-68,,,
1791343230.2326,R,B,,-56,,,
1791343230.2367,R,C,,-51,,,
1791343230.2368,R,A,,-69,,,
1791343230.2743,O,,,,1.65766,0.6625,0.0783
1791343230.2751,O,,,,1.67486,0.6625,0.0786
1791343230.2759,O,,,,1.69207,0.6625,0.0783
1791343230.2709,R,C,,-68,,,
1791343230.2885,R,A,,-82,,,
1791343230.3494,O,,,,1.70795,0.6625,0.0783
1791343230.3505,O,,,,1.72384,0.6625,0.0783
1791343230.3514,O,,,,1.74237,0.6625,0.0783
1791343230.3521,O,,,,1.75825,0.6625,0.0783
1791343230.3188,R,B,,-67,,,
1791343230.3190,R,C,,-67,,,
1791343230.3412,R,A,,-80,,,
1791343230.3654,R,C,,-79,,,
1791343230.3826,R,B,,-65,,,
1791343230.4078,R,A,,-81,,,
1791343230.4086,R,C,,-63,,,
1791343230.4087,R,B,,-64,,,
1791343230.4296,O,,,,1.77546,0.6625,0.0786
1791343230.4307,O,,,,1.79267,0.6625,0.0783
1791343230.4315,O,,,,1.80855,0.6625,0.0783
1791343230.4323,O,,,,1.82444,0.6625,0.0783
1791343230.4583,R,A,,-73,,,
1791343230.5093,O,,,,1.84297,0.6625,0.0783
1791343230.5103,O,,,,1.85885,0.6625,0.0783
1791343230.5112,O,,,,1.87473,0.6625,0.0783
1791343230.5120,O,,,,1.89194,0.6624,0.0786
1791343230.4966,R,A,,-76,,,
1791343230.5331,R,B,,-62,,,
1791343230.5376,R,C,,-58,,,
1791343230.5462,R,C,,-61,,,
1791343230.5462,R,B,,-60,,,
1791343230.5478,R,A,,-77,,,
1791343230.5842,O,,,,1.90915,0.6625,0.0783
1791343230.5851,O,,,,1.92636,0.6624,0.0786
1791343230.5859,O,,,,1.94224,0.6624,0.0786
1791343230.5867,O,,,,1.95945,0.6625,0.0784
1791343230.5902,R,A,,-77,,,
1791343230.6078,R,B,,-57,,,
1791343230.6339,R,A,,-71,,,
1791343230.6373,R,C,,-66,,,
1791343230.6642,O,,,,1.97533,0.6625,0.0784
1791343230.6652,O,,,,1.99254,0.6624,0.0786
1791343230.6659,O,,,,2.00975,0.6625,0.0784
1791343230.6667,O,,,,2.02563,0.6625,0.0784
1791343230.6875,R,C,,-56,,,
1791343230.7080,R,A,,-69,,,
1791343230.7391,O,,,,2.04284,0.6624,0.0786
1791343230.7400,O,,,,2.06005,0.6625,0.0784
1791343230.7413,O,,,,2.07593,0.6625,0.0784
1791343230.7421,O,,,,2.09314,0.6627,0.0781
1791343230.7323,R,B,,-57,,,
1791343230.7325,R,C,,-64,,,
1791343230.7477,R,A,,-73,,,
1791343230.8091,O,,,,2.11035,0.6625,0.0784
1791343230.8100,O,,,,2.12623,0.6625,0.0784
1791343230.8108,O,,,,2.14211,0.6625,0.0784
1791343230.7734,R,B,,-54,,,
1791343230.7737,R,C,,-58,,,
1791343230.8070,R,A,,-72,,,
1791343230.8225,R,C,,-51,,,
1791343230.8227,R,A,,-69,,,
1791343230.8328,R,B,,-59,,,
1791343230.8902,O,,,,2.15932,0.6627,0.0781
1791343230.8911,O,,,,2.17653,0.6625,0.0783
1791343230.8919,O,,,,2.19241,0.6625,0.0783
1791343230.8927,O,,,,2.20962,0.6627,0.0781
1791343230.8652,R,C,,-64,,,
1791343230.8655,R,B,,-56,,,
1791343230.8784,R,A,,-67,,,
1791343230.9080,R,A,,-72,,,
1791343230.9251,R,B,,-52,,,
1791343230.9372,R,C,,-74,,,
1791343230.9524,R,B,,-57,,,
1791343230.9581,R,A,,-65,,,
1791343230.9643,O,,,,2.22683,0.6625,0.0783
1791343230.9654,O,,,,2.24271,0.6625,0.0783
1791343230.9662,O,,,,2.25860,0.6625,0.0783
1791343230.9669,O,,,,2.27713,0.6625,0.0783
1791343230.9871,R,C,,-64,,,
1791343230.9929,R,A,,-69,,,
1791343231.0002,R,B,,-65,,,
1791343231.0008,R,C,,-57,,,
1791343231.0444,O,,,,2.29301,0.6625,0.0783
1791343231.0461,O,,,,2.30889,0.6625,0.0783
1791343231.0469,O,,,,2.32610,0.6627,0.0782
1791343231.0476,O,,,,2.34331,0.6625,0.0783
1791343231.0380,R,C,,-58,,,
1791343231.0571,R,A,,-70,,,
1791343231.0737,R,B,,-66,,,
1791343231.0884,R,A,,-67,,,
1791343231.0908,R,B,,-82,,,
1791343231.1234,O,,,,2.35919,0.6625,0.0783
1791343231.1244,O,,,,2.37640,0.6627,0.0782
1791343231.1253,O,,,,2.39229,0.6627,0.0782
1791343231.1260,O,,,,2.40949,0.6625,0.0783
1791343231.1370,R,C,,-67,,,
1791343231.1576,R,A,,-69,,,
1791343231.1994,O,,,,2.42538,0.6625,0.0783
1791343231.2004,O,,,,2.44258,0.6627,0.0782
1791343231.2012,O,,,,2.45979,0.6625,0.0783
1791343231.2023,O,,,,2.47568,0.6625,0.0783
1791343231.1793,R,C,,-58,,,
1791343231.1812,R,B,,-63,,,
1791343231.2078,R,A,,-72,,,
1791343231.2306,R,C,,-57,,,
1791343231.2319,R,B,,-59,,,
1791343231.2585,R,A,,-67,,,
1791343231.2691,O,,,,2.49156,0.6625,0.0783
1791343231.2700,O,,,,2.51009,0.6625,0.0783
1791343231.2708,O,,,,2.52333,0.6625,0.0783
1791343231.2798,R,C,,-51,,,
1791343231.2799,R,B,,-56,,,
1791343231.2834,R,A,,-71,,,
1791343231.3501,O,,,,2.53789,0.6627,0.0782
1791343231.3511,O,,,,2.55112,0.6627,0.0782
1791343231.3519,O,,,,2.56304,0.6629,0.0780
1791343231.3526,O,,,,2.57363,0.6629,0.0780
1791343231.3322,R,B,,-69,,,
1791343231.3371,R,C,,-64,,,
1791343231.3573,R,A,,-77,,,
1791343231.3635,R,B,,-67,,,
1791343231.3637,R,A,,-72,,,
1791343231.3641,R,C,,-57,,,
1791343231.4037,R,B,,-65,,,
1791343231.4039,R,C,,-61,,,
1791343231.4072,R,A,,-76,,,
1791343231.4247,O,,,,2.58289,0.6632,0.0779
1791343231.4257,O,,,,2.59083,0.6632,0.0779
1791343231.4265,O,,,,2.59745,0.6634,0.0778
1791343231.4272,O,,,,2.60275,0.6634,0.0778
1791343231.4466,R,A,,-72,,,
1791343231.5041,O,,,,2.60539,0.6634,0.0778
1791343231.5050,O,,,,2.60936,0.6636,0.0776
1791343231.5058,O,,,,2.61069,0.6639,0.0775
1791343231.5065,O,,,,2.61201,0.6636,0.0776
1791343231.4817,R,B,,-70,,,
1791343231.4838,R,C,,-57,,,
1791343231.4894,R,B,,-61,,,
1791343231.5068,R,A,,-72,,,
1791343231.5322,R,B,,-61,,,
1791343231.5375,R,C,,-57,,,
1791343231.5549,R,A,,-76,,,
1791343231.5847,O,,,,2.61201,0.6636,0.0776
1791343231.5856,O,,,,2.61201,0.6636,0.0776
1791343231.5864,O,,,,2.61201,0.6636,0.0776
1791343231.5871,O,,,,2.61201,0.6636,0.0776
1791343231.5724,R,B,,-58,,,
1791343231.5726,R,C,,-56,,,
1791343231.6067,R,A,,-70,,,
1791343231.6599,O,,,,2.61201,0.6636,0.0776
1791343231.6610,O,,,,2.61201,0.6636,0.0776
1791343231.6618,O,,,,2.61069,0.6639,0.0775
1791343231.6625,O,,,,2.61069,0.6639,0.0775
1791343231.6137,R,C,,-55,,,
1791343231.6138,R,B,,-78,,,
1791343231.6328,R,A,,-71,,,
1791343231.6598,R,C,,-56,,,
1791343231.6600,R,B,,-67,,,
1791343231.6603,R,A,,-74,,,
1791343231.7399,O,,,,2.61069,0.6639,0.0775
1791343231.7408,O,,,,2.61069,0.6639,0.0775
1791343231.7416,O,,,,2.61069,0.6639,0.0775
1791343231.7423,O,,,,2.61069,0.6639,0.0775
1791343231.7316,R,B,,-58,,,
1791343231.7370,R,C,,-76,,,
1791343231.7559,R,B,,-71,,,
1791343231.7562,R,C,,-61,,,
1791343231.7566,R,A,,-72,,,
1791343231.8108,O,,,,2.61069,0.6639,0.0775
1791343231.8119,O,,,,2.61069,0.6639,0.0775
1791343231.8129,O,,,,2.61069,0.6639,0.0775
1791343231.8058,R,A,,-77,,,
1791343231.8061,R,C,,-60,,,
1791343231.8568,R,A,,-72,,,
1791343231.8602,R,B,,-62,,,
1791343231.8876,O,,,,2.61069,0.6639,0.0775
1791343231.8886,O,,,,2.61069,0.6639,0.0775
1791343231.8896,O,,,,2.61069,0.6639,0.0775
1791343231.8904,O,,,,2.61069,0.6639,0.0775
1791343231.8865,R,C,,-56,,,
1791343231.8976,R,B,,-66,,,
1791343231.8979,R,C,,-62,,,
1791343231.9072,R,A,,-73,,,
1791343231.9377,R,B,,-63,,,
1791343231.9644,O,,,,2.61201,0.6636,0.0776
1791343231.9653,O,,,,2.61731,0.6636,0.0776
1791343231.9662,O,,,,2.62525,0.6641,0.0774
1791343231.9670,O,,,,2.63716,0.6648,0.0770
1791343231.9830,R,C,,-58,,,
1791343232.0055,R,A,,-74,,,
1791343232.0393,O,,,,2.65040,0.6652,0.0767
1791343232.0404,O,,,,2.66628,0.6657,0.0765
1791343232.0412,O,,,,2.68217,0.6662,0.0762
1791343232.0420,O,,,,2.69673,0.6664,0.0761
1791343232.0305,R,C,,-61,,,
1791343232.0312,R,B,,-60,,,
1791343232.0565,R,A,,-80,,,
1791343232.0693,R,B,,-65,,,
1791343232.0864,R,C,,-69,,,
1791343232.0886,R,A,,-84,,,
1791343232.1192,O,,,,2.71261,0.6669,0.0759
1791343232.1201,O,,,,2.72849,0.6674,0.0757
1791343232.1210,O,,,,2.74305,0.6676,0.0756
1791343232.1218,O,,,,2.75894,0.6681,0.0754
1791343232.1196,R,C,,-62,,,
1791343232.1200,R,B,,-65,,,
1791343232.1201,R,A,,-79,,,
1791343232.1955,O,,,,2.77482,0.6681,0.0754
1791343232.1965,O,,,,2.78938,0.6684,0.0753
1791343232.1972,O,,,,2.80659,0.6686,0.0752
1791343232.1980,O,,,,2.82247,0.6686,0.0752
1791343232.1702,R,C,,-60,,,
1791343232.1704,R,B,,-62,,,
1791343232.2096,R,C,,-67,,,
1791343232.2106,R,B,,-64,,,
1791343232.2125,R,A,,-78,,,
1791343232.2642,O,,,,2.83836,0.6686,0.0752
1791343232.2651,O,,,,2.85557,0.6684,0.0753
1791343232.2659,O,,,,2.87277,0.6686,0.0752
1791343232.2621,R,B,,-62,,,
1791343232.2862,R,C,,-57,,,
1791343232.3063,R,A,,-77,,,
1791343232.3081,R,B,,-53,,,
1791343232.3442,O,,,,2.88866,0.6686,0.0752
1791343232.3451,O,,,,2.90454,0.6686,0.0752
1791343232.3459,O,,,,2.92175,0.6689,0.0751
1791343232.3467,O,,,,2.93763,0.6689,0.0751
1791343232.3234,R,C,,-51,,,
1791343232.3644,R,C,,-64,,,
1791343232.3714,R,B,,-74,,,
1791343232.4063,R,A,,-72,,,
1791343232.4248,O,,,,2.95352,0.6689,0.0751
1791343232.4258,O,,,,2.96940,0.6689,0.0751
1791343232.4267,O,,,,2.98793,0.6689,0.0751
1791343232.4276,O,,,,3.00381,0.6689,0.0751
1791343232.4266,R,B,,-62,,,
1791343232.4268,R,C,,-61,,,
1791343232.4475,R,A,,-71,,,
1791343232.4476,R,B,,-58,,,
1791343232.4990,O,,,,3.01970,0.6689,0.0751
1791343232.5001,O,,,,3.03823,0.6689,0.0751
1791343232.5010,O,,,,3.05411,0.6689,0.0751
1791343232.5018,O,,,,3.07000,0.6689,0.0751
1791343232.4861,R,C,,-54,,,
1791343232.4940,R,A,,-80,,,
1791343232.4997,R,B,,-74,,,
1791343232.5002,R,C,,-68,,,
1791343232.5407,R,A,,-67,,,
1791343232.5417,R,B,,-62,,,
1791343232.5796,O,,,,3.08853,0.6689,0.0751
1791343232.5807,O,,,,3.10441,0.6689,0.0751
1791343232.5815,O,,,,3.12030,0.6689,0.0751
1791343232.5822,O,,,,3.13750,0.6691,0.0751
1791343232.5805,R,C,,-61,,,
1791343232.5831,R,C,,-62,,,
1791343232.6070,R,A,,-68,,,
1791343232.6546,O,,,,-3.12847,0.6689,0.0751
1791343232.6555,O,,,,-3.11259,0.6689,0.0751
1791343232.6563,O,,,,-3.09671,0.6689,0.0751
1791343232.6570,O,,,,-3.07950,0.6691,0.0751
1791343232.6308,R,B,,-62,,,
1791343232.6316,R,C,,-56,,,
1791343232.6352,R,A,,-74,,,
1791343232.6780,R,C,,-65,,,
1791343232.6809,R,B,,-71,,,
1791343232.6961,R,A,,-69,,,
1791343232.7242,O,,,,-3.06229,0.6689,0.0751
1791343232.7250,O,,,,-3.04641,0.6689,0.0751
1791343232.7257,O,,,,-3.03052,0.6689,0.0751
1791343232.7265,O,,,,-3.01199,0.6689,0.0751
1791343232.7186,R,B,,-71,,,
1791343232.7188,R,A,,-69,,,
1791343232.7191,R,C,,-71,,,
1791343232.8042,O,,,,-2.99611,0.6689,0.0751
1791343232.8050,O,,,,-2.98022,0.6689,0.0751
1791343232.8058,O,,,,-2.96169,0.6689,0.0751
1791343232.8014,R,A,,-81,,,
1791343232.8039,R,B,,-82,,,
1791343232.8358,R,C,,-68,,,
1791343232.8489,R,A,,-73,,,
1791343232.8496,R,B,,-64,,,
1791343232.8497,R,C,,-87,,,
1791343232.8846,O,,,,-2.94581,0.6689,0.0751
1791343232.8856,O,,,,-2.92992,0.6689,0.0751
1791343232.8864,O,,,,-2.91272,0.6691,0.0752
1791343232.8872,O,,,,-2.89683,0.6691,0.0752
1791343232.8945,R,A,,-69,,,
1791343232.8951,R,C,,-58,,,
1791343232.9008,R,B,,-70,,,
1791343232.9592,O,,,,-2.88227,0.6689,0.0751
1791343232.9601,O,,,,-2.87036,0.6691,0.0752
1791343232.9610,O,,,,-2.85712,0.6691,0.0752
1791343232.9617,O,,,,-2.84653,0.6691,0.0752
1791343232.9328,R,C,,-56,,,
1791343232.9560,R,A,,-73,,,
1791343232.9803,R,C,,-65,,,
1791343232.9812,R,A,,-70,,,
1791343232.9814,R,B,,-68,,,
1791343233.0393,O,,,,-2.83727,0.6694,0.0753
1791343233.0404,O,,,,-2.82800,0.6696,0.0753
1791343233.0412,O,,,,-2.82006,0.6696,0.0753
1791343233.0419,O,,,,-2.81477,0.6701,0.0755
1791343233.0315,R,B,,-64,,,
1791343233.0347,R,A,,-71,,,
1791343233.0356,R,C,,-66,,,
1791343233.0755,R,C,,-57,,,
1791343233.0757,R,A,,-70,,,
1791343233.0796,R,B,,-68,,,
1791343233.1143,O,,,,-2.81080,0.6699,0.0754
1791343233.1153,O,,,,-2.80682,0.6701,0.0755
1791343233.1161,O,,,,-2.80418,0.6706,0.0757
1791343233.1169,O,,,,-2.80418,0.6706,0.0757
1791343233.1243,R,A,,-68,,,
1791343233.1246,R,B,,-67,,,
1791343233.1356,R,C,,-63,,,
1791343233.1956,O,,,,-2.80285,0.6709,0.0758
1791343233.1965,O,,,,-2.80285,0.6709,0.0758
1791343233.1974,O,,,,-2.80285,0.6709,0.0758
1791343233.1982,O,,,,-2.80285,0.6709,0.0758
1791343233.1705,R,B,,-62,,,
1791343233.1707,R,A,,-73,,,
1791343233.1709,R,C,,-63,,,
1791343233.2312,R,B,,-75,,,
1791343233.2357,R,C,,-58,,,
1791343233.2479,R,A,,-70,,,
1791343233.2571,R,B,,-66,,,
1791343233.2573,R,C,,-63,,,
1791343233.2643,O,,,,-2.80285,0.6709,0.0758
1791343233.2653,O,,,,-2.80285,0.6709,0.0758
1791343233.2663,O,,,,-2.80418,0.6706,0.0757
1791343233.3060,R,A,,-69,,,
1791343233.3092,R,B,,-63,,,
1791343233.3093,R,C,,-63,,,
1791343233.3399,O,,,,-2.80418,0.6706,0.0757
1791343233.3409,O,,,,-2.80418,0.6706,0.0757
1791343233.3418,O,,,,-2.80418,0.6706,0.0757
1791343233.3426,O,,,,-2.80418,0.6706,0.0757
1791343233.3440,R,A,,-72,,,
1791343233.3804,R,B,,-73,,,
1791343233.3823,R,C,,-58,,,
1791343233.3887,R,A,,-72,,,
1791343233.4190,O,,,,-2.80418,0.6706,0.0757
1791343233.4199,O,,,,-2.80418,0.6706,0.0757
1791343233.4208,O,,,,-2.80418,0.6706,0.0757
1791343233.4216,O,,,,-2.80418,0.6706,0.0757
1791343233.4303,R,B,,-68,,,
1791343233.4354,R,C,,-65,,,
1791343233.4556,R,A,,-70,,,
1791343233.4605,R,B,,-63,,,
1791343233.4991,O,,,,-2.80418,0.6706,0.0757
1791343233.5000,O,,,,-2.80418,0.6706,0.0757
1791343233.5008,O,,,,-2.80418,0.6706,0.0757
1791343233.5016,O,,,,-2.80418,0.6706,0.0757
1791343233.4835,R,C,,-63,,,
1791343233.4858,R,B,,-73,,,
1791343233.4862,R,A,,-71,,,
1791343233.5257,R,B,,-72,,,
1791343233.5260,R,C,,-56,,,
1791343233.5262,R,A,,-69,,,
1791343233.5743,O,,,,-2.80418,0.6706,0.0757
1791343233.5751,O,,,,-2.80418,0.6706,0.0757
1791343233.5759,O,,,,-2.80418,0.6706,0.0757
1791343233.5767,O,,,,-2.80418,0.6706,0.0757
1791343233.5648,R,B,,-68,,,
1791343233.5799,R,C,,-63,,,
1791343233.5801,R,A,,-69,,,
1791343233.6094,R,B,,-63,,,
1791343233.6099,R,C,,-64,,,
1791343233.6546,O,,,,-2.80418,0.6706,0.0757
1791343233.6565,O,,,,-2.80418,0.6706,0.0757
1791343233.6573,O,,,,-2.80418,0.6706,0.0757
1791343233.6581,O,,,,-2.80418,0.6706,0.0757
1791343233.6554,R,A,,-75,,,
1791343233.6586,R,B,,-75,,,
1791343233.6856,R,C,,-56,,,
1791343233.6938,R,A,,-67,,,
1791343233.7053,R,A,,-68,,,
1791343233.7245,O,,,,-2.80418,0.6706,0.0757
1791343233.7255,O,,,,-2.80418,0.6706,0.0757
1791343233.7263,O,,,,-2.80153,0.6711,0.0759
1791343233.7237,R,C,,-61,,,
1791343233.7302,R,B,,-68,,,
1791343233.7439,R,A,,-72,,,
1791343233.7462,R,B,,-64,,,
1791343233.8006,O,,,,-2.79888,0.6711,0.0759
1791343233.8020,O,,,,-2.79624,0.6716,0.0760
1791343233.8027,O,,,,-2.79226,0.6719,0.0761
1791343233.8035,O,,,,-2.78829,0.6721,0.0762
1791343233.7826,R,C,,-67,,,
1791343233.8014,R,C,,-52,,,
1791343233.8016,R,B,,-69,,,
1791343233.8308,R,B,,-69,,,
1791343233.8353,R,C,,-52,,,
1791343233.8526,R,A,,-67,,,
1791343233.8775,O,,,,-2.78300,0.6726,0.0764
1791343233.8786,O,,,,-2.77638,0.6729,0.0765
1791343233.8795,O,,,,-2.77109,0.6729,0.0765
1791343233.8803,O,,,,-2.76314,0.6734,0.0767
1791343233.8689,R,B,,-70,,,
1791343233.8693,R,C,,-63,,,
1791343233.8908,R,A,,-72,,,
1791343233.9545,O,,,,-2.75520,0.6734,0.0767
1791343233.9555,O,,,,-2.74594,0.6736,0.0768
1791343233.9563,O,,,,-2.73535,0.6736,0.0768
1791343233.9570,O,,,,-2.72476,0.6736,0.0768
1791343233.9170,R,C,,-66,,,
1791343233.9305,R,B,,-69,,,
1791343233.9558,R,A,,-71,,,
1791343233.9683,R,B,,-71,,,
1791343233.9852,R,C,,-55,,,
1791343234.0062,R,A,,-65,,,
1791343234.0342,O,,,,-2.71284,0.6739,0.0769
1791343234.0351,O,,,,-2.70093,0.6741,0.0770
1791343234.0360,O,,,,-2.68637,0.6743,0.0771
1791343234.0367,O,,,,-2.67181,0.6746,0.0772
1791343234.0128,R,C,,-60,,,
1791343234.0129,R,B,,-73,,,
1791343234.0130,R,A,,-68,,,
1791343234.0609,R,C,,-63,,,
1791343234.0623,R,B,,-66,,,
1791343234.0766,R,A,,-67,,,
1791343234.1051,R,A,,-68,,,
1791343234.1142,O,,,,-2.65725,0.6748,0.0774
1791343234.1223,O,,,,-2.64137,0.6748,0.0774
1791343234.1231,O,,,,-2.62681,0.6750,0.0775
1791343234.1238,O,,,,-2.61092,0.6750,0.0775
1791343234.1167,R,B,,-87,,,
1791343234.1171,R,C,,-57,,,
1791343234.1557,R,A,,-65,,,
1791343234.1587,R,B,,-70,,,
1791343234.1893,O,,,,-2.59504,0.6750,0.0775
1791343234.1904,O,,,,-2.57916,0.6750,0.0775
1791343234.1913,O,,,,-2.56327,0.6750,0.0775
1791343234.1921,O,,,,-2.54739,0.6750,0.0775
1791343234.1850,R,C,,-58,,,
1791343234.2060,R,A,,-68,,,
1791343234.2592,O,,,,-2.53150,0.6750,0.0775
1791343234.2601,O,,,,-2.51430,0.6753,0.0777
1791343234.2610,O,,,,-2.49841,0.6753,0.0777
1791343234.2190,R,C,,-58,,,
1791343234.2191,R,B,,-67,,,
1791343234.2551,R,A,,-68,,,
1791343234.2799,R,B,,-69,,,
1791343234.2849,R,C,,-56,,,
1791343234.3049,R,A,,-69,,,
1791343234.3446,O,,,,-2.48253,0.6753,0.0777
1791343234.3455,O,,,,-2.46400,0.6753,0.0777
1791343234.3463,O,,,,-2.44811,0.6753,0.0777
1791343234.3470,O,,,,-2.43223,0.6753,0.0777
1791343234.3181,R,B,,-74,,,
1791343234.3183,R,C,,-61,,,
1791343234.3349,R,C,,-61,,,
1791343234.3549,R,A,,-76,,,
1791343234.3798,R,B,,-72,,,
1791343234.3830,R,C,,-57,,,
1791343234.4006,R,B,,-74,,,
1791343234.4008,R,A,,-90,,,
1791343234.4144,O,,,,-2.41502,0.6751,0.0775
1791343234.4153,O,,,,-2.39781,0.6753,0.0777
1791343234.4160,O,,,,-2.38193,0.6753,0.0777
1791343234.4167,O,,,,-2.36605,0.6753,0.0777
1791343234.4281,R,C,,-52,,,
1791343234.4297,R,B,,-73,,,
1791343234.4312,R,A,,-72,,,
1791343234.4942,O,,,,-2.34752,0.6753,0.0777
1791343234.4959,O,,,,-2.33163,0.6753,0.0777
1791343234.4968,O,,,,-2.31575,0.6753,0.0777
1791343234.4976,O,,,,-2.29854,0.6751,0.0775
1791343234.4803,R,B,,-71,,,
1791343234.4849,R,C,,-62,,,
1791343234.5048,R,A,,-73,,,
1791343234.5706,O,,,,-2.28133,0.6752,0.0777
1791343234.5296,R,B,,-67,,,
1791343234.5346,R,C,,-58,,,
1791343234.5374,R,A,,-67,,,
1791343234.5600,R,B,,-69,,,
1791343234.5604,R,C,,-50,,,
1791343234.5716,O,,,,-2.26545,0.6752,0.0777
1791343234.5724,O,,,,-2.24956,0.6752,0.0777
1791343234.5731,O,,,,-2.23103,0.6752,0.0777
1791343234.6048,R,A,,-65,,,
1791343234.6085,R,C,,-64,,,
1791343234.6086,R,B,,-69,,,
1791343234.6497,O,,,,-2.21515,0.6752,0.0777
1791343234.6507,O,,,,-2.19927,0.6752,0.0777
1791343234.6516,O,,,,-2.18073,0.6752,0.0777
1791343234.6524,O,,,,-2.16485,0.6752,0.0777
1791343234.6152,R,A,,-67,,,
1791343234.6490,R,A,,-67,,,
1791343234.6971,R,A,,-64,,,
1791343234.7197,O,,,,-2.14897,0.6752,0.0777
1791343234.7207,O,,,,-2.13308,0.6752,0.0777
1791343234.7214,O,,,,-2.11455,0.6752,0.0777
1791343234.7295,R,B,,-71,,,
1791343234.7346,R,C,,-51,,,
1791343234.7488,R,B,,-75,,,
1791343234.7497,R,A,,-62,,,
1791343234.7994,O,,,,-2.09867,0.6752,0.0777
1791343234.8004,O,,,,-2.08278,0.6752,0.0777
1791343234.8014,O,,,,-2.06558,0.6751,0.0774
1791343234.8026,O,,,,-2.04837,0.6752,0.0777
1791343234.7815,R,A,,-68,,,
1791343234.7817,R,C,,-68,,,
1791343234.8294,R,B,,-69,,,
1791343234.8346,R,C,,-65,,,
1791343234.8505,R,A,,-63,,,
1791343234.8775,O,,,,-2.03116,0.6751,0.0774
1791343234.8799,O,,,,-2.01395,0.6752,0.0777
1791343234.8808,O,,,,-1.99807,0.6752,0.0777
1791343234.8816,O,,,,-1.98086,0.6751,0.0774
1791343234.8677,R,B,,-82,,,
1791343234.8687,R,A,,-63,,,
1791343234.8845,R,C,,-51,,,
1791343234.9535,O,,,,-1.96498,0.6751,0.0774
1791343234.9545,O,,,,-1.94777,0.6752,0.0777
1791343234.9555,O,,,,-1.93189,0.6752,0.0777
1791343234.9565,O,,,,-1.91468,0.6751,0.0774
1791343234.9123,R,B,,-70,,,
1791343234.9125,R,C,,-65,,,
1791343234.9126,R,A,,-66,,,
1791343234.9532,R,C,,-63,,,
1791343234.9546,R,A,,-65,,,
1791343234.9799,R,B,,-74,,,
1791343234.9961,R,C,,-51,,,
1791343235.0045,R,A,,-61,,,
1791343235.0291,O,,,,-1.89747,0.6752,0.0777
1791343235.0301,O,,,,-1.88159,0.6752,0.0777
1791343235.0310,O,,,,-1.86438,0.6751,0.0774
1791343235.0317,O,,,,-1.84717,0.6752,0.0777
1791343235.0293,R,B,,-73,,,
1791343235.0544,R,A,,-58,,,
1791343235.0561,R,B,,-86,,,
1791343235.0565,R,C,,-66,,,
1791343235.1093,O,,,,-1.83129,0.6752,0.0777
1791343235.1101,O,,,,-1.81408,0.6752,0.0774
1791343235.1109,O,,,,-1.79820,0.6752,0.0774
1791343235.1117,O,,,,-1.78231,0.6752,0.0774
1791343235.0846,R,C,,-69,,,
1791343235.1045,R,A,,-62,,,
1791343235.1062,R,B,,-74,,,
1791343235.1329,R,A,,-58,,,
1791343235.1343,R,C,,-69,,,
1791343235.1898,O,,,,-1.76643,0.6752,0.0774
1791343235.1916,O,,,,-1.74922,0.6752,0.0777
1791343235.1924,O,,,,-1.73201,0.6752,0.0774
1791343235.1932,O,,,,-1.71613,0.6752,0.0774
1791343235.1624,R,B,,-69,,,
1791343235.1773,R,C,,-59,,,
1791343235.1775,R,A,,-59,,,
1791343235.1791,R,B,,-69,,,
1791343235.2593,O,,,,-1.69892,0.6752,0.0777
1791343235.2602,O,,,,-1.68172,0.6752,0.0774
1791343235.2609,O,,,,-1.66583,0.6752,0.0774
1791343235.2226,R,B,,-70,,,
1791343235.2227,R,A,,-60,,,
1791343235.2230,R,C,,-71,,,
1791343235.2651,R,B,,-67,,,
1791343235.2689,R,C,,-67,,,
1791343235.2701,R,A,,-58,,,
1791343235.3352,O,,,,-1.64862,0.6752,0.0777
1791343235.3363,O,,,,-1.63274,0.6752,0.0777
1791343235.3371,O,,,,-1.61553,0.6752,0.0774
1791343235.3379,O,,,,-1.59833,0.6752,0.0777
1791343235.3122,R,C,,-68,,,
1791343235.3124,R,B,,-71,,,
1791343235.3543,R,A,,-64,,,
1791343235.4104,O,,,,-1.58244,0.6752,0.0777
1791343235.4115,O,,,,-1.56523,0.6752,0.0774
1791343235.4124,O,,,,-1.54803,0.6752,0.0777
1791343235.3741,R,C,,-64,,,
1791343235.3745,R,B,,-75,,,
1791343235.3968,R,C,,-63,,,
1791343235.3969,R,A,,-63,,,
1791343235.4040,R,B,,-77,,,
1791343235.4134,O,,,,-1.53214,0.6752,0.0777
1791343235.4545,R,A,,-64,,,
1791343235.4900,O,,,,-1.51493,0.6752,0.0774
1791343235.4908,O,,,,-1.49905,0.6752,0.0774
1791343235.4916,O,,,,-1.48184,0.6752,0.0777
1791343235.4923,O,,,,-1.46464,0.6752,0.0774
1791343235.4764,R,B,,-73,,,
1791343235.4768,R,C,,-59,,,
1791343235.4830,R,A,,-62,,,
1791343235.4841,R,C,,-57,,,
1791343235.5695,O,,,,-1.44875,0.6752,0.0774
1791343235.5268,R,A,,-65,,,
1791343235.5270,R,B,,-75,,,
1791343235.5335,R,C,,-58,,,
1791343235.5705,O,,,,-1.43154,0.6752,0.0777
1791343235.5713,O,,,,-1.41434,0.6752,0.0774
1791343235.5721,O,,,,-1.39845,0.6752,0.0774
1791343235.5790,R,C,,-54,,,
1791343235.6442,O,,,,-1.38125,0.6752,0.0777
1791343235.6452,O,,,,-1.36536,0.6752,0.0777
1791343235.6463,O,,,,-1.34815,0.6752,0.0774
1791343235.6471,O,,,,-1.33095,0.6751,0.0777
1791343235.6289,R,B,,-74,,,
1791343235.6340,R,C,,-52,,,
1791343235.6541,R,A,,-62,,,
1791343235.6640,R,B,,-78,,,
1791343235.6646,R,C,,-56,,,
1791343235.6653,R,A,,-63,,,
1791343235.7071,R,B,,-74,,,
1791343235.7143,O,,,,-1.31506,0.6751,0.0777
1791343235.7153,O,,,,-1.29785,0.6752,0.0774
1791343235.7160,O,,,,-1.28065,0.6751,0.0777
1791343235.7169,R,C,,-56,,,
1791343235.7542,R,A,,-61,,,
1791343235.7944,O,,,,-1.26476,0.6751,0.0777
1791343235.7954,O,,,,-1.24756,0.6752,0.0774
1791343235.7962,O,,,,-1.23035,0.6751,0.0777
1791343235.7969,O,,,,-1.21446,0.6751,0.0777
1791343235.7681,R,C,,-53,,,
1791343235.7794,R,B,,-66,,,
1791343235.7927,R,A,,-65,,,
1791343235.7928,R,C,,-58,,,
1791343235.7931,R,B,,-74,,,
1791343235.8368,R,A,,-62,,,
1791343235.8773,O,,,,-1.19726,0.6752,0.0774
1791343235.8784,O,,,,-1.18005,0.6751,0.0777
1791343235.8792,O,,,,-1.16417,0.6751,0.0777
1791343235.8800,O,,,,-1.14828,0.6751,0.0777
1791343235.8787,R,B,,-75,,,
1791343235.8838,R,C,,-60,,,
1791343235.8985,R,B,,-67,,,
1791343235.9040,R,A,,-60,,,
1791343235.9606,O,,,,-1.12975,0.6751,0.0777
1791343235.9614,O,,,,-1.11387,0.6751,0.0777
1791343235.9623,O,,,,-1.09798,0.6751,0.0777
1791343235.9327,R,A,,-65,,,
1791343235.9337,R,C,,-58,,,
1791343235.9632,O,,,,-1.08077,0.6753,0.0774
1791343235.9788,R,B,,-69,,,
1791343235.9838,R,C,,-62,,,
1791343235.9986,R,A,,-61,,,
1791343236.0291,O,,,,-1.06489,0.6753,0.0774
1791343236.0300,O,,,,-1.04768,0.6751,0.0777
1791343236.0308,O,,,,-1.03048,0.6753,0.0774
1791343236.0315,O,,,,-1.01459,0.6753,0.0774
1791343236.0209,R,C,,-60,,,
1791343236.0287,R,B,,-75,,,
1791343236.0538,R,A,,-59,,,
1791343236.1045,O,,,,-0.99738,0.6751,0.0777
1791343236.1054,O,,,,-0.98018,0.6753,0.0774
1791343236.1062,O,,,,-0.96429,0.6753,0.0774
1791343236.1069,O,,,,-0.94709,0.6751,0.0777
1791343236.0627,R,C,,-69,,,
1791343236.0788,R,B,,-64,,,
1791343236.1039,R,A,,-61,,,
1791343236.1169,R,B,,-71,,,
1791343236.1337,R,C,,-64,,,
1791343236.1354,R,A,,-61,,,
1791343236.1559,R,B,,-65,,,
1791343236.1845,O,,,,-0.93120,0.6751,0.0777
1791343236.1854,O,,,,-0.91399,0.6753,0.0774
1791343236.1862,O,,,,-0.89679,0.6751,0.0777
1791343236.1874,O,,,,-0.88090,0.6751,0.0777
1791343236.1837,R,C,,-60,,,
1791343236.1995,R,A,,-56,,,
1791343236.2027,R,B,,-64,,,
1791343236.2039,R,A,,-56,,,
1791343236.2045,R,C,,-69,,,
1791343236.2548,O,,,,-0.86237,0.6751,0.0777
1791343236.2558,O,,,,-0.84649,0.6751,0.0777
1791343236.2566,O,,,,-0.83060,0.6751,0.0777
1791343236.2499,R,A,,-56,,,
1791343236.2782,R,B,,-66,,,
1791343236.2826,R,C,,-57,,,
1791343236.3038,R,A,,-60,,,
1791343236.3296,O,,,,-0.81207,0.6751,0.0777
1791343236.3305,O,,,,-0.79619,0.6751,0.0777
1791343236.3313,O,,,,-0.78030,0.6751,0.0777
1791343236.3321,O,,,,-0.76177,0.6751,0.0777
1791343236.3124,R,C,,-59,,,
1791343236.3125,R,B,,-60,,,
1791343236.3370,R,A,,-60,,,
1791343236.3376,R,B,,-63,,,
1791343236.4102,O,,,,-0.74589,0.6751,0.0777
1791343236.4112,O,,,,-0.73001,0.6751,0.0777
1791343236.4124,O,,,,-0.71412,0.6751,0.0777
1791343236.3813,R,C,,-61,,,
1791343236.3839,R,C,,-58,,,
1791343236.4036,R,A,,-57,,,
1791343236.4135,O,,,,-0.69559,0.6751,0.0777
1791343236.4264,R,A,,-62,,,
1791343236.4266,R,C,,-63,,,
1791343236.4284,R,B,,-62,,,
1791343236.4892,O,,,,-0.67971,0.6751,0.0777
1791343236.4901,O,,,,-0.66382,0.6751,0.0777
1791343236.4909,O,,,,-0.64794,0.6751,0.0777
1791343236.4917,O,,,,-0.62941,0.6751,0.0777
1791343236.4716,R,B,,-64,,,
1791343236.4718,R,C,,-66,,,
1791343236.4723,R,A,,-61,,,
1791343236.5213,R,C,,-57,,,
1791343236.5215,R,B,,-58,,,
1791343236.5219,R,A,,-60,,,
1791343236.5590,R,B,,-62,,,
1791343236.5643,O,,,,-0.61352,0.6751,0.0777
1791343236.5652,O,,,,-0.59764,0.6751,0.0777
1791343236.5660,O,,,,-0.58043,0.6753,0.0775
1791343236.5668,O,,,,-0.56322,0.6751,0.0776
1791343236.5834,R,C,,-69,,,
1791343236.5917,R,A,,-65,,,
1791343236.6449,O,,,,-0.54734,0.6751,0.0776
1791343236.6459,O,,,,-0.53013,0.6753,0.0775
1791343236.6468,O,,,,-0.51293,0.6751,0.0776
1791343236.6476,O,,,,-0.49704,0.6751,0.0776
1791343236.6169,R,C,,-69,,,
1791343236.6252,R,B,,-67,,,
1791343236.6254,R,A,,-62,,,
1791343236.6531,R,A,,-62,,,
1791343236.6788,R,B,,-55,,,
1791343236.6834,R,C,,-57,,,
1791343236.7035,R,A,,-63,,,
1791343236.7144,O,,,,-0.48381,0.6751,0.0776
1791343236.7153,O,,,,-0.47057,0.6751,0.0776
1791343236.7165,O,,,,-0.45733,0.6751,0.0776
1791343236.7283,R,B,,-64,,,
1791343236.7294,R,C,,-66,,,
1791343236.7361,R,A,,-69,,,
1791343236.7418,R,C,,-80,,,
1791343236.7419,R,B,,-68,,,
1791343236.7895,O,,,,-0.44542,0.6749,0.0778
1791343236.7906,O,,,,-0.43615,0.6746,0.0779
1791343236.7914,O,,,,-0.42821,0.6746,0.0779
1791343236.7921,O,,,,-0.42027,0.6741,0.0781
1791343236.7830,R,A,,-64,,,
1791343236.7832,R,C,,-76,,,
1791343236.7835,R,B,,-55,,,
1791343236.8334,R,C,,-61,,,
1791343236.8534,R,A,,-64,,,
1791343236.8693,O,,,,-0.41498,0.6741,0.0781
1791343236.8702,O,,,,-0.40968,0.6741,0.0781
1791343236.8710,O,,,,-0.40571,0.6739,0.0782
1791343236.8718,O,,,,-0.40174,0.6737,0.0783
1791343236.8696,R,C,,-65,,,
1791343236.8697,R,B,,-63,,,
1791343236.8714,R,A,,-70,,,
1791343236.9448,O,,,,-0.39909,0.6737,0.0783
1791343236.9457,O,,,,-0.39909,0.6737,0.0783
1791343236.9465,O,,,,-0.39777,0.6734,0.0784
1791343236.9473,O,,,,-0.39777,0.6734,0.0784
1791343236.9191,R,B,,-69,,,
1791343236.9203,R,C,,-67,,,
1791343236.9236,R,A,,-66,,,
1791343236.9630,R,B,,-56,,,
1791343236.9833,R,C,,-61,,,
1791343237.0036,R,A,,-63,,,
1791343237.0250,O,,,,-0.39777,0.6734,0.0784
1791343237.0259,O,,,,-0.39777,0.6734,0.0784
1791343237.0267,O,,,,-0.39777,0.6734,0.0784
1791343237.0275,O,,,,-0.39777,0.6734,0.0784
1791343237.0142,R,B,,-62,,,
1791343237.0144,R,C,,-63,,,
1791343237.0498,R,A,,-68,,,
1791343237.0518,R,C,,-67,,,
1791343237.0520,R,B,,-67,,,
1791343237.1054,O,,,,-0.39777,0.6734,0.0784
1791343237.1063,O,,,,-0.39777,0.6734,0.0784
1791343237.1071,O,,,,-0.39777,0.6734,0.0784
1791343237.1078,O,,,,-0.39777,0.6734,0.0784
1791343237.1037,R,A,,-65,,,
1791343237.1287,R,B,,-56,,,
1791343237.1336,R,C,,-63,,,
1791343237.1487,R,C,,-62,,,
1791343237.1488,R,B,,-62,,,
1791343237.1532,R,A,,-62,,,
1791343237.1796,O,,,,-0.39777,0.6734,0.0784
1791343237.1806,O,,,,-0.39777,0.6734,0.0784
1791343237.1814,O,,,,-0.39644,0.6737,0.0783
1791343237.1822,O,,,,-0.39115,0.6737,0.0783
1791343237.1770,R,B,,-61,,,
1791343237.1778,R,A,,-68,,,
1791343237.1830,R,C,,-62,,,
1791343237.2492,O,,,,-0.38188,0.6734,0.0784
1791343237.2502,O,,,,-0.36997,0.6727,0.0787
1791343237.2510,O,,,,-0.35673,0.6722,0.0789
1791343237.2256,R,B,,-64,,,
1791343237.2331,R,C,,-63,,,
1791343237.2535,R,A,,-68,,,
1791343237.2766,R,C,,-70,,,
1791343237.2767,R,B,,-58,,,
1791343237.2776,R,A,,-64,,,
1791343237.3299,O,,,,-0.34085,0.6717,0.0791
1791343237.3308,O,,,,-0.32497,0.6712,0.0792
1791343237.3317,O,,,,-0.31041,0.6709,0.0793
1791343237.3324,O,,,,-0.29320,0.6707,0.0794
1791343237.3284,R,B,,-61,,,
1791343237.3335,R,C,,-69,,,
1791343237.3536,R,A,,-66,,,
1791343237.4044,O,,,,-0.27864,0.6704,0.0795
1791343237.4057,O,,,,-0.26143,0.6702,0.0795
1791343237.4069,O,,,,-0.24687,0.6699,0.0796
1791343237.4081,O,,,,-0.22966,0.6697,0.0797
1791343237.3703,R,C,,-66,,,
1791343237.3706,R,B,,-64,,,
1791343237.4031,R,A,,-68,,,
1791343237.4199,R,C,,-73,,,
1791343237.4200,R,B,,-63,,,
1791343237.4523,R,A,,-62,,,
1791343237.4548,R,A,,-62,,,
1791343237.4846,O,,,,-0.21510,0.6694,0.0797
1791343237.4856,O,,,,-0.19922,0.6694,0.0797
1791343237.4865,O,,,,-0.18201,0.6691,0.0798
1791343237.4873,O,,,,-0.16480,0.6694,0.0797
1791343237.4659,R,B,,-61,,,
1791343237.4660,R,C,,-67,,,
1791343237.5030,R,A,,-62,,,
1791343237.5593,O,,,,-0.14892,0.6694,0.0797
1791343237.5603,O,,,,-0.13304,0.6694,0.0797
1791343237.5612,O,,,,-0.11583,0.6691,0.0798
1791343237.5621,O,,,,-0.09994,0.6691,0.0798
1791343237.5468,R,A,,-63,,,
1791343237.5473,R,B,,-65,,,
1791343237.5474,R,C,,-64,,,
1791343237.5827,R,C,,-64,,,
1791343237.5829,R,A,,-61,,,
1791343237.6394,O,,,,-0.08406,0.6691,0.0798
1791343237.6403,O,,,,-0.06685,0.6689,0.0798
1791343237.6411,O,,,,-0.04965,0.6691,0.0798
1791343237.6426,O,,,,-0.03376,0.6691,0.0798
1791343237.6277,R,B,,-60,,,
1791343237.6303,R,C,,-70,,,
1791343237.6530,R,A,,-61,,,
1791343237.7093,O,,,,-0.01788,0.6691,0.0798
1791343237.7109,O,,,,0.00065,0.6691,0.0798
1791343237.7119,O,,,,0.01654,0.6691,0.0798
1791343237.6675,R,B,,-60,,,
1791343237.6777,R,B,,-59,,,
1791343237.6919,R,A,,-61,,,
1791343237.7148,R,B,,-70,,,
1791343237.7149,R,C,,-69,,,
1791343237.7528,R,A,,-65,,,
1791343237.7589,R,C,,-68,,,
1791343237.7593,R,B,,-64,,,
1791343237.7595,R,A,,-63,,,
1791343237.7851,O,,,,0.03242,0.6691,0.0798
1791343237.7860,O,,,,0.05095,0.6691,0.0798
1791343237.7869,O,,,,0.06684,0.6691,0.0798
1791343237.7876,O,,,,0.08272,0.6691,0.0798
1791343237.7998,R,B,,-58,,,
1791343237.8032,R,A,,-63,,,
1791343237.8122,R,C,,-69,,,
1791343237.8483,R,A,,-61,,,
1791343237.8706,O,,,,0.09860,0.6691,0.0798
1791343237.8716,O,,,,0.11714,0.6691,0.0798
1791343237.8724,O,,,,0.13302,0.6691,0.0798
1791343237.8733,O,,,,0.15023,0.6694,0.0798
1791343237.8781,R,B,,-58,,,
1791343237.8807,R,C,,-69,,,
1791343237.8958,R,C,,-78,,,
1791343237.8959,R,B,,-71,,,
1791343237.8975,R,A,,-66,,,
1791343237.9438,O,,,,0.16611,0.6694,0.0798
1791343237.9448,O,,,,0.18332,0.6691,0.0798
1791343237.9456,O,,,,0.19920,0.6691,0.0798
1791343237.9464,O,,,,0.21641,0.6694,0.0798
1791343237.9446,R,A,,-65,,,
1791343237.9707,R,B,,-65,,,
1791343237.9709,R,C,,-65,,,
1791343237.9949,R,C,,-66,,,
1791343237.9952,R,A,,-63,,,
1791343237.9953,R,B,,-60,,,
1791343238.0197,O,,,,0.23362,0.6691,0.0798
1791343238.0207,O,,,,0.24950,0.6691,0.0798
1791343238.0216,O,,,,0.26671,0.6694,0.0798
1791343238.0223,O,,,,0.28392,0.6691,0.0798
1791343238.0416,R,B,,-72,,,
1791343238.0530,R,A,,-70,,,
1791343238.0998,O,,,,0.29980,0.6691,0.0798
1791343238.1008,O,,,,0.31701,0.6694,0.0798
1791343238.1017,O,,,,0.33289,0.6694,0.0798
1791343238.1025,O,,,,0.35010,0.6691,0.0797
1791343238.0825,R,C,,-76,,,
1791343238.0890,R,A,,-68,,,
1791343238.0894,R,C,,-78,,,
1791343238.0896,R,B,,-63,,,
1791343238.1534,R,A,,-66,,,
1791343238.1696,O,,,,0.36598,0.6691,0.0797
1791343238.1710,O,,,,0.38319,0.6694,0.0798
1791343238.1722,O,,,,0.40040,0.6691,0.0797
1791343238.1764,R,B,,-66,,,
1791343238.1829,R,C,,-67,,,
1791343238.2027,R,A,,-72,,,
1791343238.2450,O,,,,0.41628,0.6691,0.0797
1791343238.2462,O,,,,0.43217,0.6691,0.0797
1791343238.2474,O,,,,0.45070,0.6691,0.0797
1791343238.2486,O,,,,0.46658,0.6691,0.0797
1791343238.2249,R,C,,-68,,,
1791343238.2252,R,B,,-67,,,
1791343238.2253,R,A,,-74,,,
1791343238.2627,R,B,,-63,,,
1791343238.2628,R,C,,-64,,,
1791343238.3029,R,A,,-82,,,
1791343238.3110,R,B,,-60,,,
1791343238.3241,O,,,,0.48246,0.6691,0.0797
1791343238.3249,O,,,,0.49835,0.6691,0.0797
1791343238.3256,O,,,,0.51688,0.6691,0.0797
1791343238.3264,O,,,,0.53276,0.6691,0.0797
1791343238.3124,R,C,,-63,,,
1791343238.3492,R,C,,-67,,,
1791343238.3519,R,A,,-80,,,
1791343238.3545,R,B,,-67,,,
1791343238.4041,O,,,,0.54865,0.6691,0.0797
1791343238.4051,O,,,,0.56718,0.6691,0.0797
1791343238.4059,O,,,,0.58306,0.6691,0.0797
1791343238.4066,O,,,,0.59895,0.6691,0.0797
1791343238.3972,R,C,,-76,,,
1791343238.3979,R,B,,-61,,,
1791343238.4026,R,A,,-82,,,
1791343238.4528,R,A,,-83,,,
1791343238.4793,O,,,,0.61748,0.6691,0.0797
1791343238.4802,O,,,,0.63336,0.6691,0.0797
1791343238.4809,O,,,,0.64925,0.6691,0.0797
1791343238.4817,O,,,,0.66645,0.6694,0.0799
1791343238.4775,R,B,,-53,,,
1791343238.4821,R,C,,-82,,,
1791343238.5024,R,A,,-77,,,
1791343238.5591,O,,,,0.68366,0.6691,0.0797
1791343238.5603,O,,,,0.69954,0.6691,0.0797
1791343238.5614,O,,,,0.71543,0.6691,0.0797
1791343238.5622,O,,,,0.73396,0.6691,0.0797
1791343238.5153,R,B,,-67,,,
1791343238.5154,R,C,,-70,,,
1791343238.5328,R,A,,-70,,,
1791343238.5329,R,C,,-68,,,
1791343238.5606,R,B,,-62,,,
1791343238.5789,R,A,,-83,,,
1791343238.5822,R,C,,-65,,,
1791343238.6349,O,,,,0.74984,0.6691,0.0797
1791343238.6361,O,,,,0.76573,0.6691,0.0797
1791343238.6374,O,,,,0.78294,0.6690,0.0796
1791343238.6385,O,,,,0.80014,0.6691,0.0797
1791343238.6294,R,A,,-79,,,
1791343238.7047,O,,,,0.81603,0.6691,0.0797
1791343238.7060,O,,,,0.83191,0.6691,0.0797
1791343238.7072,O,,,,0.85044,0.6691,0.0797
1791343238.6679,R,C,,-71,,,
1791343238.6774,R,B,,-70,,,
1791343238.7025,R,A,,-71,,,
1791343238.7278,R,B,,-61,,,
1791343238.7333,R,A,,-84,,,
1791343238.7334,R,C,,-71,,,
1791343238.7562,R,B,,-56,,,
1791343238.7852,O,,,,0.86633,0.6691,0.0797
1791343238.7865,O,,,,0.88221,0.6691,0.0797
1791343238.7877,O,,,,0.89942,0.6690,0.0795
1791343238.7886,O,,,,0.91662,0.6691,0.0797
1791343238.7830,R,C,,-69,,,
1791343238.7862,R,A,,-80,,,
1791343238.8036,R,B,,-69,,,
1791343238.8595,O,,,,0.93383,0.6690,0.0795
1791343238.8606,O,,,,0.95104,0.6691,0.0797
1791343238.8614,O,,,,0.96692,0.6691,0.0797
1791343238.8623,O,,,,0.98281,0.6691,0.0797
1791343238.8530,R,A,,-73,,,
1791343238.8985,R,C,,-73,,,
1791343238.8987,R,B,,-58,,,
1791343238.9032,R,A,,-78,,,
1791343238.9397,O,,,,0.99869,0.6691,0.0797
1791343238.9407,O,,,,1.01722,0.6691,0.0797
1791343238.9415,O,,,,1.03311,0.6691,0.0797
1791343238.9422,O,,,,1.04899,0.6691,0.0797
1791343238.9335,R,B,,-70,,,
1791343238.9352,R,A,,-67,,,
1791343238.9798,R,A,,-75,,,
1791343238.9802,R,C,,-70,,,
1791343239.0192,O,,,,1.06620,0.6690,0.0795
1791343239.0201,O,,,,1.08341,0.6691,0.0797
1791343239.0209,O,,,,1.10061,0.6690,0.0795
1791343239.0217,O,,,,1.11782,0.6691,0.0797
1791343239.0195,R,B,,-61,,,
1791343239.0222,R,B,,-62,,,
1791343239.0319,R,C,,-68,,,
1791343239.0405,R,A,,-76,,,
1791343239.0943,O,,,,1.13370,0.6691,0.0797
1791343239.0952,O,,,,1.14959,0.6691,0.0797
1791343239.0960,O,,,,1.16680,0.6690,0.0795
1791343239.0967,O,,,,1.18400,0.6691,0.0798
1791343239.0632,R,B,,-58,,,
1791343239.0633,R,C,,-73,,,
1791343239.0730,R,A,,-66,,,
1791343239.1029,R,A,,-66,,,
1791343239.1223,R,B,,-66,,,
1791343239.1223,R,C,,-68,,,
1791343239.1415,R,B,,-63,,,
1791343239.1424,R,A,,-72,,,
1791343239.1428,R,C,,-67,,,
1791343239.1642,O,,,,1.19989,0.6691,0.0798
1791343239.1652,O,,,,1.21709,0.6690,0.0795
1791343239.1660,O,,,,1.23430,0.6691,0.0798
1791343239.1968,R,A,,-72,,,
1791343239.1971,R,B,,-58,,,
1791343239.1973,R,C,,-65,,,
1791343239.2454,O,,,,1.25019,0.6691,0.0798
1791343239.2469,O,,,,1.26739,0.6690,0.0795
1791343239.2477,O,,,,1.28328,0.6690,0.0795
1791343239.2484,O,,,,1.30049,0.6691,0.0798
1791343239.2460,R,B,,-63,,,
1791343239.2469,R,A,,-71,,,
1791343239.2788,R,C,,-67,,,
1791343239.3020,R,A,,-68,,,
1791343239.3199,O,,,,1.31637,0.6691,0.0798
1791343239.3215,O,,,,1.33358,0.6690,0.0795
1791343239.3223,O,,,,1.35078,0.6691,0.0798
1791343239.3230,O,,,,1.36799,0.6691,0.0795
1791343239.3267,R,B,,-57,,,
1791343239.3318,R,C,,-66,,,
1791343239.3528,R,A,,-67,,,
1791343239.4056,O,,,,1.38388,0.6691,0.0795
1791343239.4064,O,,,,1.39976,0.6691,0.0795
1791343239.4072,O,,,,1.41697,0.6691,0.0798
1791343239.4080,O,,,,1.43285,0.6691,0.0798
1791343239.3767,R,B,,-59,,,
1791343239.3819,R,C,,-61,,,
1791343239.4033,R,A,,-75,,,
1791343239.4144,R,B,,-58,,,
1791343239.4144,R,C,,-65,,,
1791343239.4391,R,A,,-68,,,
1791343239.4744,O,,,,1.45006,0.6691,0.0795
1791343239.4755,O,,,,1.46727,0.6691,0.0798
1791343239.4763,O,,,,1.48315,0.6691,0.0798
1791343239.4771,O,,,,1.49903,0.6691,0.0798
1791343239.4788,R,C,,-61,,,
1791343239.5023,R,A,,-73,,,
1791343239.5544,O,,,,1.51757,0.6691,0.0798
1791343239.5557,O,,,,1.53345,0.6691,0.0798
1791343239.5578,O,,,,1.55066,0.6691,0.0795
1791343239.5586,O,,,,1.56786,0.6691,0.0798
1791343239.5265,R,B,,-56,,,
1791343239.5315,R,C,,-62,,,
1791343239.5519,R,A,,-79,,,
1791343239.5597,R,C,,-60,,,
1791343239.5604,R,B,,-58,,,
1791343239.5876,R,A,,-78,,,
1791343239.6346,O,,,,1.58375,0.6691,0.0798
1791343239.6356,O,,,,1.59963,0.6691,0.0798
1791343239.6363,O,,,,1.61684,0.6691,0.0795
1791343239.6371,O,,,,1.63405,0.6691,0.0798
1791343239.6265,R,B,,-57,,,
1791343239.6317,R,C,,-60,,,
1791343239.6518,R,A,,-73,,,
1791343239.6996,O,,,,1.64993,0.6691,0.0798
1791343239.7006,O,,,,1.66714,0.6691,0.0795
1791343239.7014,O,,,,1.68435,0.6691,0.0798
1791343239.6627,R,B,,-62,,,
1791343239.6762,R,B,,-64,,,
1791343239.6814,R,C,,-61,,,
1791343239.7017,R,A,,-73,,,
1791343239.7205,R,B,,-60,,,
1791343239.7215,R,A,,-70,,,
1791343239.7315,R,C,,-57,,,
1791343239.7793,O,,,,1.70023,0.6691,0.0798
1791343239.7801,O,,,,1.71744,0.6691,0.0795
1791343239.7809,O,,,,1.73332,0.6691,0.0795
1791343239.7817,O,,,,1.75053,0.6691,0.0798
1791343239.7713,R,C,,-57,,,
1791343239.7718,R,B,,-57,,,
1791343239.8010,R,A,,-67,,,
1791343239.8597,O,,,,1.76641,0.6691,0.0798
1791343239.8606,O,,,,1.78494,0.6691,0.0798
1791343239.8613,O,,,,1.80083,0.6691,0.0798
1791343239.8621,O,,,,1.81671,0.6691,0.0798
1791343239.8264,R,B,,-70,,,
1791343239.8317,R,C,,-62,,,
1791343239.8517,R,A,,-68,,,
1791343239.8765,R,B,,-61,,,
1791343239.8788,R,C,,-57,,,
1791343239.8923,R,B,,-61,,,
1791343239.9349,O,,,,1.83392,0.6691,0.0795
1791343239.9357,O,,,,1.85113,0.6691,0.0798
1791343239.9364,O,,,,1.86701,0.6691,0.0798
1791343239.9372,O,,,,1.88422,0.6691,0.0795
1791343239.9335,R,A,,-84,,,
1791343239.9483,R,B,,-69,,,
1791343239.9792,R,C,,-64,,,
1791343240.0142,O,,,,1.90143,0.6691,0.0798
1791343240.0150,O,,,,1.91731,0.6691,0.0798
1791343240.0159,O,,,,1.93319,0.6691,0.0798
1791343240.0167,O,,,,1.95040,0.6692,0.0795
1791343240.0268,R,B,,-64,,,
1791343240.0312,R,C,,-56,,,
1791343240.0514,R,A,,-73,,,
1791343240.0945,O,,,,1.96761,0.6691,0.0798
1791343240.0956,O,,,,1.98349,0.6691,0.0798
1791343240.0965,O,,,,1.99938,0.6691,0.0798
1791343240.0973,O,,,,2.01791,0.6691,0.0798
1791343240.0658,R,A,,-73,,,
1791343240.0763,R,B,,-63,,,
1791343240.0819,R,C,,-57,,,
1791343240.1591,O,,,,2.03379,0.6691,0.0798
1791343240.1600,O,,,,2.04968,0.6691,0.0798
1791343240.1608,O,,,,2.06821,0.6691,0.0798
1791343240.1125,R,B,,-75,,,
1791343240.1127,R,C,,-66,,,
1791343240.1514,R,A,,-85,,,
1791343240.1670,R,C,,-55,,,
1791343240.1673,R,B,,-71,,,
1791343240.1675,R,A,,-86,,,
1791343240.2051,R,C,,-57,,,
1791343240.2393,O,,,,2.08409,0.6691,0.0798
1791343240.2401,O,,,,2.09997,0.6691,0.0798
1791343240.2409,O,,,,2.11718,0.6689,0.0800
1791343240.2416,O,,,,2.13439,0.6691,0.0798
1791343240.2208,R,B,,-65,,,
1791343240.2331,R,A,,-80,,,
1791343240.2512,R,B,,-74,,,
1791343240.2514,R,A,,-74,,,
1791343240.2549,R,C,,-57,,,
1791343240.2969,R,C,,-54,,,
1791343240.2971,R,B,,-72,,,
1791343240.3017,R,A,,-70,,,
1791343240.3193,O,,,,2.15027,0.6691,0.0798
1791343240.3202,O,,,,2.16748,0.6689,0.0800
1791343240.3210,O,,,,2.18337,0.6689,0.0800
1791343240.3217,O,,,,2.20190,0.6689,0.0800
1791343240.3514,R,A,,-68,,,
1791343240.3946,O,,,,2.21778,0.6689,0.0800
1791343240.3956,O,,,,2.23366,0.6689,0.0800
1791343240.3964,O,,,,2.25087,0.6691,0.0798
1791343240.3971,O,,,,2.26808,0.6689,0.0800
1791343240.3763,R,B,,-65,,,
1791343240.3812,R,C,,-57,,,
1791343240.3850,R,C,,-60,,,
1791343240.4014,R,A,,-67,,,
1791343240.4021,R,B,,-81,,,
1791343240.4288,R,C,,-58,,,
1791343240.4484,R,A,,-68,,,
1791343240.4785,O,,,,2.28396,0.6689,0.0800
1791343240.4795,O,,,,2.30117,0.6691,0.0798
1791343240.4802,O,,,,2.31838,0.6689,0.0800
1791343240.4812,O,,,,2.33426,0.6689,0.0800
1791343240.4760,R,B,,-72,,,
1791343240.4809,R,C,,-56,,,
1791343240.5014,R,A,,-70,,,
1791343240.5491,O,,,,2.35147,0.6691,0.0798
1791343240.5500,O,,,,2.36735,0.6691,0.0798
1791343240.5509,O,,,,2.38456,0.6689,0.0800
1791343240.5517,O,,,,2.40177,0.6691,0.0798
1791343240.5214,R,A,,-74,,,
1791343240.5249,R,B,,-64,,,
1791343240.5250,R,C,,-58,,,
1791343240.5623,R,B,,-67,,,
1791343240.5629,R,C,,-66,,,
1791343240.6019,R,A,,-74,,,
1791343240.6295,O,,,,2.41765,0.6691,0.0798
1791343240.6306,O,,,,2.43486,0.6689,0.0800
1791343240.6314,O,,,,2.45207,0.6691,0.0798
1791343240.6322,O,,,,2.46928,0.6689,0.0800
1791343240.6166,R,B,,-63,,,
1791343240.6167,R,C,,-57,,,
1791343240.6171,R,A,,-77,,,
1791343240.6506,R,B,,-61,,,
1791343240.6508,R,A,,-72,,,
1791343240.6522,R,C,,-61,,,
1791343240.6997,O,,,,2.48516,0.6689,0.0800
1791343240.7007,O,,,,2.50104,0.6689,0.0800
1791343240.7016,O,,,,2.51693,0.6689,0.0800
1791343240.7013,R,A,,-68,,,
1791343240.7205,R,C,,-56,,,
1791343240.7207,R,B,,-63,,,
1791343240.7423,R,B,,-63,,,
1791343240.7443,R,A,,-69,,,
1791343240.7742,O,,,,2.53546,0.6689,0.0800
1791343240.7751,O,,,,2.55134,0.6689,0.0800
1791343240.7759,O,,,,2.56855,0.6691,0.0798
1791343240.7767,O,,,,2.58576,0.6689,0.0799
1791343240.7667,R,C,,-57,,,
1791343240.7933,R,A,,-73,,,
1791343240.8542,O,,,,2.60164,0.6689,0.0799
1791343240.8550,O,,,,2.61885,0.6691,0.0798
1791343240.8558,O,,,,2.63606,0.6689,0.0799
1791343240.8566,O,,,,2.65194,0.6689,0.0799
1791343240.8405,R,A,,-70,,,
1791343240.8409,R,B,,-61,,,
1791343240.8809,R,C,,-57,,,
1791343240.8934,R,B,,-61,,,
1791343240.9011,R,A,,-73,,,
1791343240.9346,O,,,,2.66782,0.6689,0.0799
1791343240.9355,O,,,,2.68503,0.6691,0.0798
1791343240.9362,O,,,,2.70092,0.6691,0.0798
1791343240.9369,O,,,,2.71812,0.6689,0.0799
1791343240.9179,R,C,,-57,,,
1791343240.9379,R,A,,-77,,,
1791343240.9387,R,B,,-60,,,
1791343240.9388,R,C,,-61,,,
1791343241.0091,O,,,,2.73533,0.6691,0.0798
1791343241.0100,O,,,,2.75121,0.6691,0.0798
1791343241.0108,O,,,,2.76842,0.6689,0.0799
1791343241.0115,O,,,,2.78563,0.6691,0.0798
1791343241.0010,R,A,,-83,,,
1791343241.0055,R,B,,-64,,,
1791343241.0059,R,C,,-54,,,
1791343241.0389,R,C,,-56,,,
1791343241.0392,R,A,,-78,,,
1791343241.0394,R,B,,-63,,,
1791343241.0890,O,,,,2.80284,0.6689,0.0799
1791343241.0898,O,,,,2.81872,0.6689,0.0799
1791343241.0906,O,,,,2.83460,0.6689,0.0799
1791343241.0913,O,,,,2.85181,0.6691,0.0798
1791343241.0809,R,C,,-55,,,
1791343241.0817,R,A,,-72,,,
1791343241.1596,O,,,,2.86902,0.6689,0.0799
1791343241.1606,O,,,,2.88490,0.6689,0.0799
1791343241.1613,O,,,,2.90079,0.6689,0.0799
1791343241.1260,R,B,,-60,,,
1791343241.1415,R,A,,-79,,,
1791343241.1418,R,B,,-63,,,
1791343241.1763,R,C,,-64,,,
1791343241.1765,R,B,,-63,,,
1791343241.2009,R,A,,-74,,,
1791343241.2344,O,,,,2.91800,0.6691,0.0799
1791343241.2353,O,,,,2.93520,0.6689,0.0799
1791343241.2361,O,,,,2.95109,0.6689,0.0799
1791343241.2368,O,,,,2.96829,0.6691,0.0799
1791343241.2157,R,B,,-63,,,
1791343241.2165,R,C,,-53,,,
1791343241.2478,R,A,,-70,,,
1791343241.2628,R,B,,-57,,,
1791343241.2775,R,A,,-83,,,
1791343241.2777,R,C,,-54,,,
1791343241.3143,O,,,,2.98550,0.6689,0.0799
1791343241.3152,O,,,,3.00139,0.6689,0.0799
1791343241.3159,O,,,,3.01859,0.6691,0.0799
1791343241.3166,O,,,,3.03580,0.6689,0.0799
1791343241.3265,R,B,,-72,,,
1791343241.3308,R,C,,-60,,,
1791343241.3508,R,A,,-68,,,
1791343241.3534,R,C,,-55,,,
1791343241.3537,R,B,,-65,,,
1791343241.3898,O,,,,3.05168,0.6689,0.0799
1791343241.3907,O,,,,3.06889,0.6691,0.0799
1791343241.3915,O,,,,3.08478,0.6691,0.0799
1791343241.3923,O,,,,3.10198,0.6689,0.0799
1791343241.4007,R,A,,-69,,,
1791343241.4255,R,B,,-61,,,
1791343241.4304,R,C,,-55,,,
1791343241.4516,R,A,,-68,,,
1791343241.4603,R,B,,-91,,,
1791343241.4604,R,C,,-62,,,
1791343241.4691,O,,,,3.11787,0.6689,0.0799
1791343241.4705,O,,,,3.13507,0.6691,0.0799
1791343241.4717,O,,,,-3.13090,0.6689,0.0799
1791343241.4726,O,,,,-3.11502,0.6689,0.0799
1791343241.4856,R,A,,-76,,,
1791343241.5498,O,,,,-3.09781,0.6691,0.0799
1791343241.5507,O,,,,-3.08193,0.6691,0.0799
1791343241.5522,O,,,,-3.06472,0.6689,0.0799
1791343241.5529,O,,,,-3.04884,0.6689,0.0799
1791343241.5231,R,B,,-63,,,
1791343241.5247,R,C,,-65,,,
1791343241.5257,R,B,,-63,,,
1791343241.5507,R,A,,-71,,,
1791343241.5685,R,A,,-71,,,
1791343241.5780,R,C,,-65,,,
1791343241.6250,O,,,,-3.03163,0.6691,0.0799
1791343241.6264,O,,,,-3.01442,0.6689,0.0799
1791343241.6273,O,,,,-2.99854,0.6689,0.0799
1791343241.6280,O,,,,-2.98133,0.6691,0.0799
1791343241.6152,R,C,,-64,,,
1791343241.6157,R,B,,-70,,,
1791343241.6509,R,A,,-75,,,
1791343241.6948,O,,,,-2.96412,0.6689,0.0799
1791343241.6963,O,,,,-2.94824,0.6689,0.0799
1791343241.6971,O,,,,-2.93103,0.6691,0.0799
1791343241.6709,R,C,,-70,,,
1791343241.6712,R,A,,-78,,,
1791343241.6713,R,B,,-66,,,
1791343241.7252,R,B,,-61,,,
1791343241.7307,R,C,,-85,,,
1791343241.7446,R,A,,-74,,,
1791343241.7473,R,A,,-72,,,
1791343241.7733,O,,,,-2.91515,0.6691,0.0799
1791343241.7746,O,,,,-2.89794,0.6689,0.0799
1791343241.7755,O,,,,-2.88206,0.6689,0.0799
1791343241.7763,O,,,,-2.86485,0.6691,0.0799
1791343241.7700,R,B,,-72,,,
1791343241.7708,R,C,,-58,,,
1791343241.8005,R,A,,-72,,,
1791343241.8021,R,B,,-66,,,
1791343241.8495,O,,,,-2.84764,0.6689,0.0799
1791343241.8508,O,,,,-2.83043,0.6691,0.0799
1791343241.8521,O,,,,-2.81455,0.6691,0.0799
1791343241.8531,O,,,,-2.79734,0.6689,0.0799
1791343241.8252,R,C,,-64,,,
1791343241.8393,R,A,,-70,,,
1791343241.8760,R,B,,-64,,,
1791343241.8805,R,C,,-67,,,
1791343241.8858,R,A,,-69,,,
1791343241.8874,R,B,,-68,,,
1791343241.8875,R,C,,-57,,,
1791343241.9298,O,,,,-2.78146,0.6689,0.0799
1791343241.9306,O,,,,-2.76425,0.6691,0.0800
1791343241.9314,O,,,,-2.74704,0.6689,0.0799
1791343241.9321,O,,,,-2.73116,0.6689,0.0799
1791343241.9376,R,A,,-66,,,
1791343242.0091,O,,,,-2.71395,0.6691,0.0800
1791343242.0100,O,,,,-2.69807,0.6691,0.0800
1791343242.0108,O,,,,-2.68086,0.6689,0.0798
1791343242.0115,O,,,,-2.66365,0.6691,0.0800
1791343241.9751,R,B,,-67,,,
1791343241.9769,R,C,,-61,,,
1791343241.9794,R,C,,-62,,,
1791343241.9882,R,A,,-67,,,
1791343241.9883,R,B,,-66,,,
1791343242.0287,R,C,,-64,,,
1791343242.0506,R,A,,-66,,,
1791343242.0847,O,,,,-2.64777,0.6691,0.0800
1791343242.0860,O,,,,-2.63056,0.6689,0.0798
1791343242.0872,O,,,,-2.61468,0.6689,0.0798
1791343242.0884,O,,,,-2.59747,0.6691,0.0800
1791343242.0685,R,B,,-69,,,
1791343242.0711,R,B,,-71,,,
1791343242.0805,R,C,,-56,,,
1791343242.1010,R,A,,-66,,,
1791343242.1545,O,,,,-2.58026,0.6689,0.0798
1791343242.1558,O,,,,-2.56438,0.6689,0.0798
1791343242.1570,O,,,,-2.54717,0.6691,0.0800
1791343242.1127,R,C,,-64,,,
1791343242.1129,R,A,,-68,,,
1791343242.1251,R,B,,-68,,,
1791343242.1582,R,B,,-68,,,
1791343242.1802,R,C,,-62,,,
1791343242.2009,R,A,,-67,,,
1791343242.2091,R,B,,-71,,,
1791343242.2351,O,,,,-2.53129,0.6691,0.0800
1791343242.2360,O,,,,-2.51408,0.6689,0.0798
1791343242.2368,O,,,,-2.49687,0.6691,0.0800
1791343242.2375,O,,,,-2.47966,0.6689,0.0798
1791343242.2308,R,C,,-57,,,
1791343242.2388,R,A,,-73,,,
1791343242.2568,R,B,,-70,,,
1791343242.2571,R,C,,-57,,,
1791343242.3093,O,,,,-2.46378,0.6689,0.0798
1791343242.3102,O,,,,-2.44790,0.6689,0.0798
1791343242.3109,O,,,,-2.42936,0.6689,0.0798
1791343242.3117,O,,,,-2.41348,0.6689,0.0798
1791343242.3002,R,A,,-76,,,
1791343242.3077,R,C,,-56,,,
1791343242.3248,R,B,,-68,,,
1791343242.3503,R,A,,-75,,,
1791343242.3892,O,,,,-2.39760,0.6689,0.0798
1791343242.3900,O,,,,-2.38039,0.6691,0.0800
1791343242.3909,O,,,,-2.36318,0.6689,0.0798
1791343242.3916,O,,,,-2.34730,0.6689,0.0798
1791343242.3749,R,B,,-69,,,
1791343242.3800,R,C,,-52,,,
1791343242.3860,R,A,,-82,,,
1791343242.3950,R,C,,-58,,,
1791343242.4001,R,A,,-77,,,
1791343242.4017,R,B,,-70,,,
1791343242.4392,R,A,,-72,,,
1791343242.4642,O,,,,-2.33009,0.6691,0.0800
1791343242.4650,O,,,,-2.31421,0.6691,0.0800
1791343242.4658,O,,,,-2.29700,0.6689,0.0798
1791343242.4667,O,,,,-2.28111,0.6689,0.0798
1791343242.4748,R,B,,-68,,,
1791343242.4805,R,C,,-58,,,
1791343242.5009,R,A,,-73,,,
1791343242.5081,R,C,,-51,,,
1791343242.5084,R,B,,-69,,,
1791343242.5444,O,,,,-2.26523,0.6689,0.0798
1791343242.5456,O,,,,-2.24935,0.6689,0.0798
1791343242.5468,O,,,,-2.23082,0.6689,0.0798
1791343242.5480,O,,,,-2.21493,0.6689,0.0798
1791343242.5263,R,A,,-67,,,
1791343242.5299,R,C,,-51,,,
1791343242.5747,R,B,,-71,,,
1791343242.5801,R,C,,-66,,,
1791343242.6000,R,A,,-69,,,
1791343242.6142,O,,,,-2.19905,0.6689,0.0798
1791343242.6150,O,,,,-2.18052,0.6689,0.0798
1791343242.6159,O,,,,-2.16463,0.6689,0.0798
1791343242.6167,O,,,,-2.14743,0.6691,0.0800
1791343242.6123,R,C,,-63,,,
1791343242.6126,R,A,,-69,,,
1791343242.6127,R,B,,-69,,,
1791343242.6591,R,C,,-55,,,
1791343242.6594,R,A,,-65,,,
1791343242.6595,R,B,,-66,,,
1791343242.6943,O,,,,-2.13022,0.6689,0.0798
1791343242.6952,O,,,,-2.11433,0.6689,0.0798
1791343242.6966,O,,,,-2.09845,0.6689,0.0798
1791343242.7008,R,A,,-65,,,
1791343242.7051,R,C,,-63,,,
1791343242.7095,R,B,,-70,,,
1791343242.7501,R,A,,-71,,,
1791343242.7692,O,,,,-2.07992,0.6689,0.0798
1791343242.7708,O,,,,-2.06403,0.6689,0.0798
1791343242.7716,O,,,,-2.04815,0.6689,0.0798
1791343242.7723,O,,,,-2.03094,0.6690,0.0800
1791343242.7683,R,C,,-61,,,
1791343242.7685,R,B,,-68,,,
1791343242.7892,R,A,,-68,,,
1791343242.7927,R,B,,-69,,,
1791343242.8566,O,,,,-2.01374,0.6689,0.0798
1791343242.8576,O,,,,-1.99785,0.6689,0.0798
1791343242.8585,O,,,,-1.98197,0.6689,0.0798
1791343242.8593,O,,,,-1.96476,0.6690,0.0800
1791343242.8171,R,C,,-66,,,
1791343242.8365,R,A,,-65,,,
1791343242.8407,R,C,,-61,,,
1791343242.8408,R,B,,-74,,,
1791343242.8747,R,B,,-79,,,
1791343242.8798,R,C,,-61,,,
1791343242.9000,R,A,,-68,,,
1791343242.9244,O,,,,-1.94755,0.6689,0.0798
1791343242.9253,O,,,,-1.93167,0.6689,0.0798
1791343242.9262,O,,,,-1.91579,0.6689,0.0798
1791343242.9269,O,,,,-1.89725,0.6689,0.0798
1791343242.9186,R,B,,-85,,,
1791343242.9202,R,A,,-64,,,
1791343242.9227,R,C,,-60,,,
1791343242.9595,R,B,,-69,,,
1791343243.0048,O,,,,-1.88137,0.6689,0.0798
1791343243.0062,O,,,,-1.86549,0.6689,0.0798
1791343243.0074,O,,,,-1.84828,0.6690,0.0801
1791343243.0083,O,,,,-1.83107,0.6689,0.0798
1791343242.9797,R,C,,-67,,,
1791343242.9980,R,C,,-65,,,
1791343242.9989,R,A,,-62,,,
1791343243.0016,R,A,,-61,,,
1791343243.0245,R,B,,-73,,,
1791343243.0499,R,A,,-66,,,
1791343243.0841,O,,,,-1.81519,0.6689,0.0798
1791343243.0850,O,,,,-1.79798,0.6690,0.0801
1791343243.0857,O,,,,-1.78077,0.6689,0.0798
1791343243.0865,O,,,,-1.76489,0.6689,0.0798
1791343243.0998,R,A,,-63,,,
1791343243.1491,O,,,,-1.74768,0.6690,0.0801
1791343243.1500,O,,,,-1.73047,0.6689,0.0798
1791343243.1508,O,,,,-1.71459,0.6689,0.0798
1791343243.1246,R,B,,-63,,,
1791343243.1295,R,C,,-69,,,
1791343243.1350,R,B,,-72,,,
1791343243.1358,R,A,,-61,,,
1791343243.1739,R,B,,-73,,,
1791343243.1740,R,C,,-77,,,
1791343243.1749,R,A,,-66,,,
1791343243.2293,O,,,,-1.69738,0.6690,0.0801
1791343243.2305,O,,,,-1.68017,0.6689,0.0798
1791343243.2317,O,,,,-1.66429,0.6689,0.0798
1791343243.2325,O,,,,-1.64841,0.6689,0.0798
1791343243.2229,R,B,,-83,,,
1791343243.2232,R,A,,-67,,,
1791343243.2295,R,C,,-70,,,
1791343243.3097,O,,,,-1.62988,0.6689,0.0798
1791343243.3108,O,,,,-1.61399,0.6689,0.0798
1791343243.3116,O,,,,-1.59811,0.6689,0.0798
1791343243.3124,O,,,,-1.57958,0.6689,0.0798
1791343243.2714,R,B,,-69,,,
1791343243.2720,R,C,,-54,,,
1791343243.2997,R,A,,-62,,,
1791343243.3155,R,B,,-73,,,
1791343243.3157,R,A,,-71,,,
1791343243.3159,R,C,,-58,,,
1791343243.3604,R,C,,-60,,,
1791343243.3605,R,B,,-76,,,
1791343243.3846,O,,,,-1.56369,0.6689,0.0798
1791343243.3856,O,,,,-1.54781,0.6689,0.0798
1791343243.3864,O,,,,-1.53192,0.6689,0.0798
1791343243.3873,O,,,,-1.51604,0.6689,0.0798
1791343243.3995,R,A,,-72,,,
1791343243.4243,R,B,,-67,,,
1791343243.4293,R,C,,-57,,,
1791343243.4394,R,A,,-61,,,
1791343243.4642,O,,,,-1.49751,0.6689,0.0798
1791343243.4651,O,,,,-1.48163,0.6689,0.0798
1791343243.4660,O,,,,-1.46574,0.6689,0.0798
1791343243.4670,O,,,,-1.44721,0.6689,0.0798
1791343243.4728,R,C,,-57,,,
1791343243.4739,R,A,,-68,,,
1791343243.4743,R,B,,-74,,,
1791343243.5079,R,C,,-57,,,
1791343243.5082,R,B,,-67,,,
1791343243.5393,O,,,,-1.43133,0.6689,0.0798
1791343243.5402,O,,,,-1.41544,0.6689,0.0798
1791343243.5411,O,,,,-1.39691,0.6689,0.0798
1791343243.5418,O,,,,-1.38103,0.6689,0.0798
1791343243.5497,R,A,,-67,,,
1791343243.5579,R,B,,-72,,,
1791343243.5583,R,A,,-64,,,
1791343243.5583,R,C,,-57,,,
1791343243.6096,O,,,,-1.36514,0.6689,0.0798
1791343243.6106,O,,,,-1.34661,0.6689,0.0798
1791343243.6113,O,,,,-1.33073,0.6689,0.0798
1791343243.5960,R,A,,-63,,,
1791343243.6240,R,B,,-74,,,
1791343243.6293,R,C,,-55,,,
1791343243.6498,R,A,,-68,,,
1791343243.6585,R,B,,-78,,,
1791343243.6894,O,,,,-1.31352,0.6690,0.0795
1791343243.6903,O,,,,-1.29631,0.6689,0.0798
1791343243.6911,O,,,,-1.28043,0.6689,0.0798
1791343243.6919,O,,,,-1.26455,0.6689,0.0798
1791343243.6743,R,C,,-57,,,
1791343243.6768,R,C,,-61,,,
1791343243.6997,R,A,,-66,,,
1791343243.7264,R,C,,-64,,,
1791343243.7268,R,A,,-72,,,
1791343243.7642,O,,,,-1.24601,0.6689,0.0798
1791343243.7652,O,,,,-1.23013,0.6689,0.0798
1791343243.7660,O,,,,-1.21425,0.6689,0.0798
1791343243.7668,O,,,,-1.19836,0.6689,0.0798
1791343243.7742,R,B,,-73,,,
1791343243.7792,R,C,,-68,,,
1791343243.7996,R,A,,-68,,,
1791343243.8444,O,,,,-1.17983,0.6689,0.0798
1791343243.8454,O,,,,-1.16395,0.6689,0.0798
1791343243.8462,O,,,,-1.14806,0.6689,0.0798
1791343243.8476,O,,,,-1.12953,0.6689,0.0798
1791343243.8482,R,A,,-65,,,
1791343243.8740,R,B,,-73,,,
1791343243.8742,R,A,,-79,,,
1791343243.8799,R,C,,-63,,,
1791343243.9242,O,,,,-1.11365,0.6689,0.0798
1791343243.9250,O,,,,-1.09776,0.6689,0.0798
1791343243.9259,O,,,,-1.07923,0.6689,0.0798
1791343243.9274,O,,,,-1.06335,0.6689,0.0798
1791343243.9149,R,C,,-66,,,
1791343243.9202,R,A,,-70,,,
1791343243.9206,R,B,,-77,,,
1791343244.0048,O,,,,-1.04747,0.6689,0.0798
1791343244.0056,O,,,,-1.03158,0.6689,0.0798
1791343244.0065,O,,,,-1.01305,0.6689,0.0798
1791343244.0072,O,,,,-0.99717,0.6689,0.0798
1791343243.9649,R,B,,-79,,,
1791343243.9748,R,A,,-67,,,
1791343243.9750,R,C,,-66,,,
1791343244.0103,R,C,,-65,,,
1791343244.0104,R,B,,-70,,,
1791343244.0496,R,A,,-71,,,
1791343244.0792,O,,,,-0.97996,0.6688,0.0800
1791343244.0802,O,,,,-0.96275,0.6689,0.0798
1791343244.0810,O,,,,-0.94687,0.6689,0.0798
1791343244.0818,O,,,,-0.93098,0.6689,0.0798
1791343244.0739,R,B,,-71,,,
1791343244.0791,R,C,,-60,,,
1791343244.0825,R,A,,-67,,,
1791343244.1068,R,B,,-69,,,
1791343244.1069,R,C,,-70,,,
1791343244.1505,O,,,,-0.91245,0.6689,0.0798
1791343244.1513,O,,,,-0.89657,0.6689,0.0798
1791343244.1520,O,,,,-0.88068,0.6689,0.0798
1791343244.1226,R,A,,-67,,,
1791343244.1740,R,B,,-64,,,
1791343244.1790,R,C,,-57,,,
1791343244.1880,R,A,,-64,,,
1791343244.1969,R,C,,-67,,,
1791343244.1970,R,B,,-69,,,
1791343244.1994,R,A,,-67,,,
1791343244.2247,O,,,,-0.86215,0.6689,0.0798
1791343244.2257,O,,,,-0.84627,0.6689,0.0798
1791343244.2265,O,,,,-0.83039,0.6689,0.0798
1791343244.2273,O,,,,-0.81185,0.6689,0.0798
1791343244.2457,R,A,,-64,,,
1791343244.3042,O,,,,-0.79597,0.6689,0.0798
1791343244.3052,O,,,,-0.78009,0.6689,0.0798
1791343244.3063,O,,,,-0.76420,0.6689,0.0798
1791343244.3078,O,,,,-0.74964,0.6687,0.0800
1791343244.2625,R,B,,-76,,,
1791343244.2865,R,A,,-61,,,
1791343244.2922,R,B,,-56,,,
1791343244.2932,R,C,,-60,,,
1791343244.3317,R,A,,-74,,,
1791343244.3349,R,B,,-70,,,
1791343244.3846,O,,,,-0.73641,0.6687,0.0800
1791343244.3855,O,,,,-0.72449,0.6685,0.0802
1791343244.3863,O,,,,-0.71390,0.6685,0.0802
1791343244.3871,O,,,,-0.70464,0.6683,0.0803
1791343244.3738,R,B,,-67,,,
1791343244.3745,R,C,,-66,,,
1791343244.3969,R,A,,-65,,,
1791343244.4596,O,,,,-0.69670,0.6683,0.0803
1791343244.4607,O,,,,-0.69008,0.6681,0.0805
1791343244.4616,O,,,,-0.68478,0.6681,0.0805
1791343244.4625,O,,,,-0.68081,0.6679,0.0807
1791343244.4214,R,C,,-60,,,
1791343244.4215,R,B,,-66,,,
1791343244.4491,R,A,,-63,,,
1791343244.4736,R,B,,-78,,,
1791343244.4779,R,C,,-66,,,
1791343244.4992,R,A,,-65,,,
1791343244.5091,R,B,,-63,,,
1791343244.5094,R,C,,-66,,,
1791343244.5095,R,A,,-68,,,
1791343244.5393,O,,,,-0.67817,0.6679,0.0807
1791343244.5409,O,,,,-0.67552,0.6679,0.0807
1791343244.5420,O,,,,-0.67419,0.6677,0.0808
1791343244.5427,O,,,,-0.67287,0.6679,0.0807
1791343244.5559,R,C,,-62,,,
1791343244.5561,R,B,,-59,,,
1791343244.6092,O,,,,-0.67287,0.6679,0.0807
1791343244.6101,O,,,,-0.67287,0.6679,0.0807
1791343244.6109,O,,,,-0.67287,0.6679,0.0807
1791343244.5697,R,A,,-65,,,
1791343244.6058,R,C,,-64,,,
1791343244.6059,R,B,,-63,,,
1791343244.6222,R,A,,-66,,,
1791343244.6463,R,C,,-64,,,
1791343244.6492,R,A,,-67,,,
1791343244.6848,O,,,,-0.67287,0.6679,0.0807
1791343244.6858,O,,,,-0.67287,0.6679,0.0807
1791343244.6867,O,,,,-0.67287,0.6679,0.0807
1791343244.6877,O,,,,-0.67287,0.6679,0.0807
1791343244.6722,R,B,,-66,,,
1791343244.6882,R,A,,-66,,,
1791343244.7237,R,B,,-60,,,
1791343244.7287,R,C,,-64,,,
1791343244.7489,R,A,,-65,,,
1791343244.7643,O,,,,-0.67287,0.6679,0.0807
1791343244.7651,O,,,,-0.67287,0.6679,0.0807
1791343244.7659,O,,,,-0.67287,0.6679,0.0807
1791343244.7667,O,,,,-0.67287,0.6679,0.0807
1791343244.7736,R,B,,-64,,,
1791343244.7787,R,C,,-64,,,
1791343244.7935,R,B,,-68,,,
1791343244.7957,R,A,,-66,,,
1791343244.8401,O,,,,-0.67287,0.6679,0.0807
1791343244.8412,O,,,,-0.67287,0.6679,0.0807
1791343244.8420,O,,,,-0.67287,0.6679,0.0807
1791343244.8428,O,,,,-0.67287,0.6679,0.0807
1791343244.8235,R,B,,-64,,,
1791343244.8239,R,C,,-66,,,
1791343244.8401,R,A,,-70,,,
1791343244.8723,R,B,,-67,,,
1791343244.8725,R,A,,-65,,,
1791343244.8787,R,C,,-68,,,
1791343244.9210,O,,,,-0.67287,0.6679,0.0807
1791343244.9223,O,,,,-0.67287,0.6679,0.0807
1791343244.9231,O,,,,-0.67287,0.6679,0.0807
1791343244.9240,O,,,,-0.67287,0.6679,0.0807
1791343244.9164,R,B,,-58,,,
1791343244.9293,R,C,,-65,,,
1791343244.9423,R,A,,-68,,,
1791343245.3558,O,,,,-0.67287,0.6679,0.0807
1791343244.9634,R,C,,-64,,,
1791343244.9735,R,B,,-63,,,
1791343244.9988,R,A,,-71,,,
1791343245.3580,O,,,,-0.67287,0.6679,0.0807
1791343245.0234,R,B,,-75,,,
1791343245.0291,R,C,,-72,,,
1791343245.0495,R,A,,-71,,,
1791343245.0545,R,B,,-66,,,
1791343245.0545,R,C,,-64,,,
1791343245.3613,O,,,,-0.67287,0.6679,0.0807
1791343245.0749,R,A,,-65,,,
1791343245.0999,R,C,,-64,,,
1791343245.1070,R,B,,-65,,,
1791343245.3631,O,,,,-0.67287,0.6679,0.0807
1791343245.1504,R,B,,-74,,,
1791343245.1525,R,C,,-78,,,
1791343245.3648,O,,,,-0.67287,0.6679,0.0807
1791343245.1914,R,C,,-58,,,
1791343245.1915,R,B,,-59,,,
1791343245.3659,O,,,,-0.67287,0.6679,0.0807
1791343245.2403,R,A,,-68,,,
1791343245.3671,O,,,,-0.67287,0.6679,0.0807
1791343245.2783,R,C,,-68,,,
1791343245.2993,R,A,,-75,,,
1791343245.3680,O,,,,-0.67287,0.6679,0.0807
1791343245.3223,R,B,,-64,,,
1791343245.3259,R,C,,-63,,,
1791343245.3284,R,C,,-61,,,
1791343245.3399,R,A,,-65,,,
1791343245.3400,R,B,,-64,,,
1791343245.3688,O,,,,-0.67287,0.6679,0.0807
1791343245.3696,O,,,,-0.67287,0.6679,0.0807
1791343245.3703,O,,,,-0.67287,0.6679,0.0807
1791343245.3710,O,,,,-0.67287,0.6679,0.0807
1791343245.3717,O,,,,-0.67287,0.6679,0.0807
1791343245.3724,O,,,,-0.67287,0.6679,0.0807
1791343245.3732,O,,,,-0.67287,0.6679,0.0807
1791343245.3739,O,,,,-0.67287,0.6679,0.0807
1791343245.3746,O,,,,-0.67287,0.6679,0.0807
1791343245.3763,O,,,,-0.67287,0.6679,0.0807
1791343245.3771,O,,,,-0.67287,0.6679,0.0807
1791343245.3848,O,,,,-0.67287,0.6679,0.0807
1791343245.3858,O,,,,-0.67287,0.6679,0.0807
1791343245.3867,O,,,,-0.67287,0.6679,0.0807
1791343245.3876,O,,,,-0.67287,0.6679,0.0807
1791343245.3710,R,A,,-64,,,
1791343245.3712,R,B,,-59,,,
1791343245.3758,R,C,,-60,,,
1791343245.4105,R,B,,-70,,,
1791343245.4593,O,,,,-0.67287,0.6679,0.0807
1791343245.4604,O,,,,-0.67287,0.6679,0.0807
1791343245.4613,O,,,,-0.67287,0.6679,0.0807
1791343245.4622,O,,,,-0.67287,0.6679,0.0807
1791343245.4204,R,A,,-61,,,
1791343245.4206,R,C,,-63,,,
1791343245.4597,R,C,,-64,,,
1791343245.4598,R,B,,-67,,,
1791343245.4837,R,A,,-62,,,
1791343245.5016,R,C,,-60,,,
1791343245.5030,R,B,,-58,,,
1791343245.5349,O,,,,-0.66890,0.6677,0.0808
1791343245.5362,O,,,,-0.66096,0.6677,0.0808
1791343245.5370,O,,,,-0.65169,0.6675,0.0810
1791343245.5378,O,,,,-0.63978,0.6669,0.0815
1791343245.5493,R,A,,-64,,,
1791343245.5552,R,B,,-67,,,
1791343245.5554,R,C,,-67,,,
1791343245.6047,O,,,,-0.62522,0.6667,0.0816
1791343245.6059,O,,,,-0.61066,0.6660,0.0821
1791343245.6067,O,,,,-0.59477,0.6656,0.0824
1791343245.5909,R,A,,-69,,,
1791343245.5914,R,B,,-67,,,
1791343245.6244,R,C,,-67,,,
1791343245.6387,R,A,,-81,,,
1791343245.6515,R,C,,-71,,,
1791343245.6517,R,B,,-71,,,
1791343245.6856,O,,,,-0.58021,0.6654,0.0825
1791343245.6867,O,,,,-0.56565,0.6651,0.0827
1791343245.6875,O,,,,-0.54845,0.6649,0.0828
1791343245.6882,O,,,,-0.53389,0.6647,0.0830
1791343245.6898,R,C,,-73,,,
1791343245.6900,R,B,,-73,,,
1791343245.6920,R,A,,-73,,,
1791343245.7594,O,,,,-0.51668,0.6645,0.0831
1791343245.7604,O,,,,-0.50212,0.6642,0.0832
1791343245.7612,O,,,,-0.48623,0.6642,0.0832
1791343245.7621,O,,,,-0.46903,0.6640,0.0833
1791343245.7485,R,A,,-77,,,
1791343245.7574,R,B,,-63,,,
1791343245.7578,R,C,,-64,,,
1791343245.7992,R,A,,-66,,,
1791343245.8403,O,,,,-0.45314,0.6640,0.0833
1791343245.8414,O,,,,-0.43726,0.6640,0.0833
1791343245.8422,O,,,,-0.42138,0.6640,0.0833
1791343245.8430,O,,,,-0.40549,0.6640,0.0833
1791343245.8229,R,B,,-68,,,
1791343245.8284,R,C,,-68,,,
1791343245.8494,R,A,,-70,,,
1791343245.8611,R,C,,-67,,,
1791343245.8633,R,B,,-72,,,
1791343245.8826,R,A,,-82,,,
1791343245.8893,R,B,,-69,,,
1791343245.8894,R,C,,-63,,,
1791343245.9145,O,,,,-0.38828,0.6638,0.0834
1791343245.9155,O,,,,-0.37240,0.6638,0.0834
1791343245.9164,O,,,,-0.35519,0.6640,0.0833
1791343245.9172,O,,,,-0.33931,0.6640,0.0833
1791343245.9483,R,A,,-72,,,
1791343245.9950,O,,,,-0.32210,0.6643,0.0833
1791343245.9961,O,,,,-0.30489,0.6640,0.0833
1791343245.9970,O,,,,-0.28901,0.6640,0.0833
1791343245.9977,O,,,,-0.27180,0.6643,0.0833
1791343245.9653,R,B,,-58,,,
1791343245.9784,R,C,,-68,,,
1791343245.9982,R,A,,-69,,,
1791343246.0124,R,C,,-78,,,
1791343246.0134,R,A,,-70,,,
1791343246.0229,R,B,,-87,,,
1791343246.0562,R,C,,-65,,,
1791343246.0566,R,B,,-67,,,
1791343246.0750,O,,,,-0.25459,0.6640,0.0833
1791343246.0761,O,,,,-0.23871,0.6640,0.0833
1791343246.0769,O,,,,-0.22283,0.6640,0.0833
1791343246.0780,O,,,,-0.20562,0.6637,0.0834
1791343246.0686,R,A,,-67,,,
1791343246.1400,O,,,,-0.18841,0.6640,0.0833
1791343246.1410,O,,,,-0.17253,0.6640,0.0833
1791343246.1418,O,,,,-0.15664,0.6640,0.0833
1791343246.1229,R,B,,-67,,,
1791343246.1285,R,C,,-61,,,
1791343246.1468,R,A,,-64,,,
1791343246.1493,R,A,,-65,,,
1791343246.1592,R,C,,-71,,,
1791343246.1594,R,B,,-67,,,
1791343246.1935,R,A,,-69,,,
1791343246.1943,R,B,,-61,,,
1791343246.2014,R,C,,-91,,,
1791343246.2200,O,,,,-0.13811,0.6640,0.0833
1791343246.2211,O,,,,-0.12223,0.6640,0.0833
1791343246.2219,O,,,,-0.10502,0.6637,0.0834
1791343246.2227,O,,,,-0.08914,0.6637,0.0834
1791343246.2408,R,A,,-67,,,
1791343246.2434,R,C,,-64,,,
1791343246.2437,R,B,,-63,,,
1791343246.2953,O,,,,-0.07193,0.6640,0.0834
1791343246.2963,O,,,,-0.05605,0.6640,0.0834
1791343246.2971,O,,,,-0.03884,0.6637,0.0834
1791343246.2979,O,,,,-0.02163,0.6640,0.0834
1791343246.2981,R,A,,-63,,,
1791343246.2994,R,B,,-65,,,
1791343246.2998,R,C,,-71,,,
1791343246.3484,R,A,,-65,,,
1791343246.3742,O,,,,-0.00575,0.6640,0.0834
1791343246.3752,O,,,,0.01146,0.6637,0.0834
1791343246.3762,O,,,,0.02867,0.6640,0.0834
1791343246.3769,O,,,,0.04455,0.6640,0.0834
1791343246.3727,R,B,,-73,,,
1791343246.3804,R,B,,-65,,,
1791343246.3980,R,A,,-62,,,
1791343246.4549,O,,,,0.06176,0.6637,0.0833
1791343246.4558,O,,,,0.07897,0.6640,0.0834
1791343246.4574,O,,,,0.09485,0.6640,0.0834
1791343246.4581,O,,,,0.11073,0.6640,0.0834
1791343246.4249,R,C,,-67,,,
1791343246.4390,R,A,,-67,,,
1791343246.4653,R,A,,-69,,,
1791343246.4727,R,B,,-69,,,
1791343246.4779,R,C,,-69,,,
1791343246.5345,O,,,,0.12927,0.6640,0.0834
1791343246.5356,O,,,,0.14515,0.6640,0.0834
1791343246.5365,O,,,,0.16103,0.6640,0.0834
1791343246.5373,O,,,,0.17824,0.6637,0.0833
1791343246.5141,R,C,,-89,,,
1791343246.5149,R,B,,-69,,,
1791343246.5480,R,A,,-65,,,
1791343246.5993,O,,,,0.19545,0.6640,0.0834
1791343246.6004,O,,,,0.21266,0.6637,0.0833
1791343246.6015,O,,,,0.22854,0.6637,0.0833
1791343246.5714,R,B,,-81,,,
1791343246.5717,R,C,,-65,,,
1791343246.5718,R,A,,-62,,,
1791343246.6078,R,A,,-68,,,
1791343246.6079,R,B,,-67,,,
1791343246.6081,R,C,,-67,,,
1791343246.6487,R,A,,-76,,,
1791343246.6784,O,,,,0.24575,0.6640,0.0834
1791343246.6793,O,,,,0.26163,0.6640,0.0834
1791343246.6802,O,,,,0.27884,0.6637,0.0833
1791343246.6810,O,,,,0.29472,0.6637,0.0833
1791343246.6724,R,B,,-84,,,
1791343246.6775,R,C,,-75,,,
1791343246.6987,R,C,,-73,,,
1791343246.6988,R,B,,-62,,,
1791343246.6990,R,A,,-68,,,
1791343246.7544,O,,,,0.31193,0.6640,0.0834
1791343246.7555,O,,,,0.32914,0.6637,0.0833
1791343246.7563,O,,,,0.34502,0.6637,0.0833
1791343246.7571,O,,,,0.36223,0.6640,0.0834
1791343246.7433,R,A,,-73,,,
1791343246.7728,R,B,,-79,,,
1791343246.7777,R,C,,-71,,,
1791343246.7981,R,A,,-74,,,
1791343246.8350,O,,,,0.37811,0.6640,0.0834
1791343246.8359,O,,,,0.39532,0.6637,0.0833
1791343246.8367,O,,,,0.41121,0.6637,0.0833
1791343246.8374,O,,,,0.42841,0.6640,0.0834
1791343246.8425,R,A,,-76,,,
1791343246.8433,R,B,,-64,,,
1791343246.8779,R,C,,-73,,,
1791343246.8937,R,C,,-63,,,
1791343246.8938,R,B,,-63,,,
1791343246.8959,R,A,,-79,,,
1791343246.9141,O,,,,0.44430,0.6640,0.0834
1791343246.9149,O,,,,0.46150,0.6638,0.0833
1791343246.9157,O,,,,0.47871,0.6640,0.0834
1791343246.9164,O,,,,0.49460,0.6640,0.0834
1791343246.9280,R,C,,-65,,,
1791343246.9423,R,A,,-84,,,
1791343246.9896,O,,,,0.51313,0.6640,0.0834
1791343246.9905,O,,,,0.52901,0.6640,0.0834
1791343246.9913,O,,,,0.54622,0.6638,0.0833
1791343246.9920,O,,,,0.56210,0.6638,0.0833
1791343246.9784,R,C,,-89,,,
1791343246.9847,R,A,,-73,,,
1791343247.0173,R,B,,-57,,,
1791343247.0175,R,A,,-77,,,
1791343247.0177,R,C,,-70,,,
1791343247.0691,O,,,,0.57931,0.6640,0.0834
1791343247.0701,O,,,,0.59519,0.6640,0.0834
1791343247.0710,O,,,,0.61240,0.6638,0.0833
1791343247.0718,O,,,,0.62961,0.6640,0.0834
1791343247.0668,R,A,,-89,,,
1791343247.0670,R,C,,-76,,,
1791343247.0723,R,B,,-72,,,
1791343247.1076,R,B,,-75,,,
1791343247.1391,O,,,,0.64682,0.6638,0.0833
1791343247.1402,O,,,,0.66270,0.6638,0.0833
1791343247.1410,O,,,,0.67991,0.6640,0.0834
1791343247.1129,R,C,,-71,,,
1791343247.1140,R,A,,-72,,,
1791343247.1723,R,B,,-69,,,
1791343247.1769,R,C,,-67,,,
1791343247.1978,R,A,,-75,,,
1791343247.2141,O,,,,0.69579,0.6640,0.0834
1791343247.2150,O,,,,0.71168,0.6640,0.0834
1791343247.2160,O,,,,0.72888,0.6638,0.0833
1791343247.2168,O,,,,0.74609,0.6640,0.0834
1791343247.2135,R,B,,-64,,,
1791343247.2137,R,C,,-73,,,
1791343247.2441,R,B,,-57,,,
1791343247.2444,R,C,,-69,,,
1791343247.2954,O,,,,0.76197,0.6640,0.0834
1791343247.2964,O,,,,0.77918,0.6638,0.0832
1791343247.2972,O,,,,0.79639,0.6640,0.0834
1791343247.2980,O,,,,0.81227,0.6640,0.0834
1791343247.2975,R,A,,-73,,,
1791343247.3226,R,B,,-60,,,
1791343247.3234,R,C,,-69,,,
1791343247.3327,R,A,,-70,,,
1791343247.3402,R,C,,-68,,,
1791343247.3410,R,B,,-63,,,
1791343247.3748,O,,,,0.82948,0.6638,0.0832
1791343247.3758,O,,,,0.84669,0.6640,0.0834
1791343247.3766,O,,,,0.86257,0.6640,0.0834
1791343247.3774,O,,,,0.87846,0.6640,0.0834
1791343247.3817,R,B,,-67,,,
1791343247.3832,R,A,,-72,,,
1791343247.3833,R,C,,-74,,,
1791343247.4497,O,,,,0.89699,0.6640,0.0834
1791343247.4508,O,,,,0.91287,0.6640,0.0834
1791343247.4516,O,,,,0.92876,0.6640,0.0834
1791343247.4525,O,,,,0.94464,0.6640,0.0834
1791343247.4300,R,B,,-66,,,
1791343247.4482,R,A,,-74,,,
1791343247.4772,R,C,,-66,,,
1791343247.4977,R,A,,-72,,,
1791343247.5295,O,,,,0.96317,0.6640,0.0834
1791343247.5306,O,,,,0.97905,0.6640,0.0834
1791343247.5315,O,,,,0.99626,0.6638,0.0832
1791343247.5323,O,,,,1.01347,0.6640,0.0834
1791343247.5164,R,C,,-78,,,
1791343247.5170,R,B,,-67,,,
1791343247.5174,R,A,,-73,,,
1791343247.5993,O,,,,1.02935,0.6640,0.0834
1791343247.6003,O,,,,1.04656,0.6638,0.0832
1791343247.6014,O,,,,1.06377,0.6640,0.0834
1791343247.5654,R,B,,-62,,,
1791343247.5656,R,C,,-71,,,
1791343247.5976,R,A,,-79,,,
1791343247.6132,R,C,,-68,,,
1791343247.6133,R,B,,-65,,,
1791343247.6365,R,A,,-76,,,
1791343247.6552,R,C,,-82,,,
1791343247.6750,O,,,,1.07965,0.6640,0.0834
1791343247.6766,O,,,,1.09686,0.6638,0.0832
1791343247.6774,O,,,,1.11407,0.6640,0.0834
1791343247.6781,O,,,,1.12995,0.6640,0.0834
1791343247.6717,R,A,,-81,,,
1791343247.6719,R,B,,-68,,,
1791343247.7595,O,,,,1.14584,0.6640,0.0834
1791343247.7607,O,,,,1.16304,0.6641,0.0837
1791343247.7616,O,,,,1.18025,0.6640,0.0834
1791343247.7624,O,,,,1.19613,0.6640,0.0834
1791343247.7219,R,B,,-65,,,
1791343247.7272,R,C,,-69,,,
1791343247.7415,R,A,,-71,,,
1791343247.7438,R,B,,-67,,,
1791343247.7443,R,C,,-78,,,
1791343247.7484,R,A,,-72,,,
1791343247.7908,R,C,,-69,,,
1791343247.7910,R,B,,-68,,,
1791343247.7926,R,A,,-72,,,
1791343247.8360,O,,,,1.21202,0.6640,0.0834
1791343247.8373,O,,,,1.23055,0.6640,0.0834
1791343247.8383,O,,,,1.24643,0.6640,0.0834
1791343247.8397,O,,,,1.26232,0.6640,0.0834
1791343247.8307,R,A,,-88,,,
1791343247.9105,O,,,,1.27952,0.6640,0.0837
1791343247.9116,O,,,,1.29541,0.6640,0.0837
1791343247.9124,O,,,,1.31262,0.6640,0.0834
1791343247.8628,R,C,,-69,,,
1791343247.8629,R,B,,-76,,,
1791343247.8723,R,B,,-68,,,
1791343247.8774,R,C,,-69,,,
1791343247.9134,O,,,,1.32982,0.6640,0.0837
1791343247.9133,R,B,,-60,,,
1791343247.9138,R,C,,-74,,,
1791343247.9214,R,A,,-81,,,
1791343247.9535,R,C,,-69,,,
1791343247.9891,O,,,,1.34571,0.6640,0.0837
1791343247.9901,O,,,,1.36292,0.6640,0.0834
1791343247.9910,O,,,,1.38012,0.6640,0.0837
1791343247.9917,O,,,,1.39601,0.6640,0.0837
1791343247.9625,R,B,,-66,,,
1791343247.9964,R,A,,-84,,,
1791343248.0592,O,,,,1.41321,0.6640,0.0834
1791343248.0601,O,,,,1.43042,0.6640,0.0837
1791343248.0609,O,,,,1.44631,0.6640,0.0837
1791343248.0217,R,B,,-59,,,
1791343248.0269,R,C,,-62,,,
1791343248.0475,R,C,,-59,,,
1791343248.0476,R,A,,-76,,,
1791343248.0481,R,B,,-56,,,
1791343248.0891,R,C,,-62,,,
1791343248.0981,R,A,,-74,,,
1791343248.1043,R,B,,-65,,,
1791343248.1352,O,,,,1.46484,0.6640,0.0837
1791343248.1360,O,,,,1.48072,0.6640,0.0837
1791343248.1368,O,,,,1.49660,0.6640,0.0837
1791343248.1376,O,,,,1.51249,0.6640,0.0837
1791343248.1476,R,A,,-77,,,
1791343248.1651,R,C,,-63,,,
1791343248.1653,R,B,,-63,,,
1791343248.1873,R,A,,-82,,,
1791343248.1953,R,C,,-51,,,
1791343248.1954,R,B,,-61,,,
1791343248.2142,O,,,,1.52837,0.6640,0.0837
1791343248.2151,O,,,,1.54690,0.6640,0.0837
1791343248.2159,O,,,,1.56279,0.6640,0.0837
1791343248.2166,O,,,,1.57867,0.6640,0.0837
1791343248.2461,R,B,,-61,,,
1791343248.2462,R,C,,-64,,,
1791343248.2478,R,A,,-74,,,
1791343248.2898,O,,,,1.59588,0.6640,0.0840
1791343248.2907,O,,,,1.61309,0.6640,0.0837
1791343248.2915,O,,,,1.62897,0.6640,0.0837
1791343248.2924,O,,,,1.64618,0.6640,0.0840
1791343248.2826,R,A,,-74,,,
1791343248.2915,R,B,,-49,,,
1791343248.3154,R,C,,-60,,,
1791343248.3302,R,A,,-67,,,
1791343248.3315,R,B,,-51,,,
1791343248.3699,O,,,,1.66206,0.6640,0.0840
1791343248.3712,O,,,,1.67927,0.6640,0.0837
1791343248.3724,O,,,,1.69648,0.6640,0.0840
1791343248.3735,O,,,,1.71236,0.6640,0.0840
1791343248.3734,R,C,,-56,,,
1791343248.3778,R,A,,-69,,,
1791343248.4449,O,,,,1.72957,0.6640,0.0837
1791343248.4462,O,,,,1.74545,0.6640,0.0837
1791343248.4482,O,,,,1.76398,0.6640,0.0837
1791343248.4491,O,,,,1.77987,0.6640,0.0837
1791343248.4171,R,C,,-60,,,
1791343248.4210,R,B,,-50,,,
1791343248.4447,R,A,,-73,,,
1791343248.4630,R,C,,-72,,,
1791343248.4718,R,B,,-58,,,
1791343248.4829,R,A,,-74,,,
1791343248.5082,R,C,,-58,,,
1791343248.5244,O,,,,1.79575,0.6640,0.0837
1791343248.5257,O,,,,1.81164,0.6640,0.0837
1791343248.5267,O,,,,1.82752,0.6640,0.0837
1791343248.5275,O,,,,1.84605,0.6640,0.0837
1791343248.5469,R,A,,-75,,,
1791343248.5944,O,,,,1.86193,0.6640,0.0837
1791343248.5952,O,,,,1.87782,0.6640,0.0837
1791343248.5959,O,,,,1.89635,0.6640,0.0837
1791343248.5716,R,B,,-62,,,
1791343248.5766,R,C,,-66,,,
1791343248.5828,R,A,,-73,,,
1791343248.6047,R,A,,-70,,,
1791343248.6133,R,B,,-54,,,
1791343248.6194,R,C,,-61,,,
1791343248.6549,R,C,,-52,,,
1791343248.6753,O,,,,1.91223,0.6640,0.0837
1791343248.6768,O,,,,1.92812,0.6640,0.0837
1791343248.6776,O,,,,1.94532,0.6641,0.0835
1791343248.6784,O,,,,1.96253,0.6640,0.0837
1791343248.6719,R,B,,-71,,,
1791343248.6846,R,A,,-72,,,
1791343248.6980,R,B,,-62,,,
1791343248.6985,R,C,,-64,,,
1791343248.7531,O,,,,1.97842,0.6640,0.0837
1791343248.7540,O,,,,1.99562,0.6641,0.0835
1791343248.7548,O,,,,2.01283,0.6640,0.0837
1791343248.7555,O,,,,2.02871,0.6640,0.0837
1791343248.7468,R,A,,-68,,,
1791343248.7713,R,B,,-65,,,
1791343248.7765,R,C,,-56,,,
1791343248.7916,R,A,,-64,,,
1791343248.7920,R,C,,-50,,,
1791343248.7975,R,B,,-56,,,
1791343248.8299,O,,,,2.04460,0.6640,0.0837
1791343248.8313,O,,,,2.06313,0.6640,0.0837
1791343248.8326,O,,,,2.07901,0.6640,0.0837
1791343248.8336,O,,,,2.09622,0.6642,0.0835
1791343248.8471,R,A,,-76,,,
1791343248.9045,O,,,,2.11343,0.6640,0.0837
1791343248.9054,O,,,,2.12931,0.6640,0.0837
1791343248.9062,O,,,,2.14520,0.6640,0.0837
1791343248.9069,O,,,,2.16240,0.6639,0.0839
1791343248.8631,R,B,,-63,,,
1791343248.8673,R,C,,-51,,,
1791343248.8727,R,B,,-63,,,
1791343248.8728,R,A,,-68,,,
1791343248.8768,R,C,,-61,,,
1791343248.9176,R,B,,-58,,,
1791343248.9266,R,C,,-52,,,
1791343248.9471,R,A,,-66,,,
1791343248.9842,O,,,,2.17961,0.6640,0.0837
1791343248.9850,O,,,,2.19550,0.6640,0.0837
1791343248.9858,O,,,,2.21138,0.6640,0.0837
1791343248.9865,O,,,,2.22991,0.6640,0.0837
1791343248.9713,R,B,,-64,,,
1791343248.9764,R,C,,-50,,,
1791343248.9959,R,A,,-65,,,
1791343249.0055,R,C,,-52,,,
1791343249.0056,R,B,,-63,,,
1791343249.0058,R,A,,-66,,,
1791343249.0541,O,,,,2.24579,0.6640,0.0837
1791343249.0550,O,,,,2.26168,0.6640,0.0837
1791343249.0559,O,,,,2.27889,0.6639,0.0839
1791343249.0470,R,A,,-70,,,
1791343249.0713,R,B,,-64,,,
1791343249.0770,R,C,,-53,,,
1791343249.0968,R,A,,-69,,,
1791343249.1066,R,C,,-55,,,
1791343249.1068,R,B,,-51,,,
1791343249.1297,O,,,,2.29609,0.6640,0.0837
1791343249.1306,O,,,,2.31198,0.6640,0.0837
1791343249.1314,O,,,,2.32919,0.6639,0.0839
1791343249.1322,O,,,,2.34639,0.6640,0.0837
1791343249.1365,R,B,,-62,,,
1791343249.1435,R,C,,-58,,,
1791343249.1467,R,A,,-79,,,
1791343249.2092,O,,,,2.36228,0.6640,0.0837
1791343249.2100,O,,,,2.37816,0.6640,0.0837
1791343249.2109,O,,,,2.39537,0.6639,0.0839
1791343249.2116,O,,,,2.41258,0.6640,0.0837
1791343249.1977,R,A,,-69,,,
1791343249.2265,R,C,,-59,,,
1791343249.2467,R,A,,-63,,,
1791343249.2897,O,,,,2.42846,0.6640,0.0837
1791343249.2905,O,,,,2.44567,0.6638,0.0839
1791343249.2913,O,,,,2.46287,0.6641,0.0837
1791343249.2920,O,,,,2.47876,0.6641,0.0837
1791343249.2667,R,B,,-57,,,
1791343249.2679,R,A,,-72,,,
1791343249.2683,R,C,,-63,,,
1791343249.2711,R,B,,-61,,,
1791343249.3155,R,A,,-84,,,
1791343249.3213,R,B,,-69,,,
1791343249.3263,R,C,,-71,,,
1791343249.3643,O,,,,2.49597,0.6638,0.0839
1791343249.3655,O,,,,2.51317,0.6641,0.0837
1791343249.3667,O,,,,2.52906,0.6641,0.0837
1791343249.3678,O,,,,2.54627,0.6638,0.0839
1791343249.3699,R,C,,-69,,,
1791343249.3710,R,B,,-65,,,
1791343249.3973,R,A,,-69,,,
1791343249.4444,O,,,,2.56347,0.6641,0.0837
1791343249.4458,O,,,,2.57936,0.6641,0.0837
1791343249.4470,O,,,,2.59656,0.6638,0.0839
1791343249.4482,O,,,,2.61377,0.6641,0.0837
1791343249.4155,R,C,,-73,,,
1791343249.4159,R,B,,-67,,,
1791343249.4465,R,A,,-65,,,
1791343249.4710,R,B,,-65,,,
1791343249.4972,R,A,,-76,,,
1791343249.5197,O,,,,2.62966,0.6641,0.0837
1791343249.5212,O,,,,2.64686,0.6638,0.0838
1791343249.5224,O,,,,2.66407,0.6641,0.0837
1791343249.5236,O,,,,2.67995,0.6641,0.0837
1791343249.5209,R,B,,-73,,,
1791343249.5241,R,C,,-62,,,
1791343249.5246,R,A,,-66,,,
1791343249.5496,R,C,,-55,,,
1791343249.5562,R,B,,-76,,,
1791343249.5897,O,,,,2.69584,0.6641,0.0837
1791343249.5907,O,,,,2.71305,0.6638,0.0838
1791343249.5914,O,,,,2.73025,0.6641,0.0837
1791343249.5967,R,A,,-64,,,
1791343249.6210,R,B,,-62,,,
1791343249.6267,R,C,,-56,,,
1791343249.6488,R,B,,-65,,,
1791343249.6692,O,,,,2.74614,0.6641,0.0837
1791343249.6700,O,,,,2.76334,0.6638,0.0838
1791343249.6708,O,,,,2.78055,0.6641,0.0837
1791343249.6716,O,,,,2.79644,0.6641,0.0837
1791343249.6761,R,C,,-59,,,
1791343249.7497,O,,,,2.81232,0.6641,0.0837
1791343249.7507,O,,,,2.82953,0.6643,0.0836
1791343249.7521,O,,,,2.84674,0.6641,0.0837
1791343249.7529,O,,,,2.86262,0.6641,0.0837
1791343249.7197,R,B,,-70,,,
1791343249.7198,R,C,,-54,,,
1791343249.7422,R,A,,-63,,,
1791343249.7623,R,B,,-61,,,
1791343249.7761,R,C,,-51,,,
1791343249.7964,R,A,,-59,,,
1791343249.8256,O,,,,2.87850,0.6641,0.0837
1791343249.8265,O,,,,2.89703,0.6641,0.0837
1791343249.8274,O,,,,2.91292,0.6641,0.0837
1791343249.8281,O,,,,2.92880,0.6641,0.0837
1791343249.8210,R,B,,-62,,,
1791343249.8258,R,C,,-52,,,
1791343249.8421,R,C,,-52,,,
1791343249.8423,R,A,,-62,,,
1791343249.9095,O,,,,2.94469,0.6641,0.0837
1791343249.9106,O,,,,2.96322,0.6641,0.0837
1791343249.9116,O,,,,2.97910,0.6641,0.0837
1791343249.9126,O,,,,2.99498,0.6641,0.0837
1791343249.8760,R,C,,-49,,,
1791343249.8965,R,A,,-61,,,
1791343249.9141,R,B,,-66,,,
1791343249.9261,R,C,,-56,,,
1791343249.9279,R,A,,-64,,,
1791343249.9578,R,C,,-62,,,
1791343249.9835,O,,,,3.01352,0.6641,0.0837
1791343249.9844,O,,,,3.02940,0.6641,0.0837
1791343249.9852,O,,,,3.04528,0.6641,0.0837
1791343249.9859,O,,,,3.06382,0.6641,0.0837
1791343249.9681,R,B,,-67,,,
1791343249.9880,R,A,,-68,,,
1791343250.0058,R,C,,-71,,,
1791343250.0554,O,,,,3.07970,0.6641,0.0837
1791343250.0564,O,,,,3.09691,0.6638,0.0837
1791343250.0574,O,,,,3.11411,0.6641,0.0837
1791343250.0490,R,C,,-60,,,
1791343250.0712,R,B,,-69,,,
1791343250.0918,R,A,,-63,,,
1791343250.0963,R,C,,-50,,,
1791343250.0965,R,B,,-62,,,
1791343250.1326,O,,,,3.13000,0.6641,0.0837
1791343250.1336,O,,,,-3.13730,0.6641,0.0837
1791343250.1349,O,,,,-3.11877,0.6641,0.0837
1791343250.1356,O,,,,-3.10289,0.6641,0.0837
1791343250.1513,R,B,,-58,,,
1791343250.1515,R,C,,-46,,,
1791343250.2046,O,,,,-3.08700,0.6641,0.0837
1791343250.2055,O,,,,-3.07112,0.6641,0.0837
1791343250.2063,O,,,,-3.05259,0.6641,0.0837
1791343250.2071,O,,,,-3.03671,0.6641,0.0837
1791343250.1880,R,A,,-70,,,
1791343250.2207,R,B,,-60,,,
1791343250.2257,R,C,,-52,,,
1791343250.2439,R,A,,-68,,,
1791343250.2445,R,C,,-58,,,
1791343250.2446,R,B,,-68,,,
1791343250.2841,O,,,,-3.02082,0.6641,0.0837
1791343250.2850,O,,,,-3.00361,0.6638,0.0837
1791343250.2858,O,,,,-2.98641,0.6641,0.0837
1791343250.2865,O,,,,-2.97052,0.6641,0.0837
1791343250.2811,R,A,,-64,,,
1791343250.2815,R,B,,-70,,,
1791343250.3098,R,C,,-49,,,
1791343250.3461,R,A,,-67,,,
1791343250.3567,R,B,,-67,,,
1791343250.3568,R,C,,-68,,,
1791343250.3649,O,,,,-2.95331,0.6638,0.0837
1791343250.3659,O,,,,-2.93611,0.6641,0.0837
1791343250.3667,O,,,,-2.92022,0.6641,0.0837
1791343250.3675,O,,,,-2.90434,0.6641,0.0837
1791343250.3780,R,B,,-62,,,
1791343250.3826,R,A,,-68,,,
1791343250.4395,O,,,,-2.88581,0.6641,0.0837
1791343250.4408,O,,,,-2.86992,0.6641,0.0837
1791343250.4420,O,,,,-2.85404,0.6641,0.0837
1791343250.4430,O,,,,-2.83816,0.6641,0.0837
1791343250.4256,R,C,,-56,,,
1791343250.4638,R,B,,-71,,,
1791343250.4648,R,C,,-56,,,
1791343250.4963,R,A,,-65,,,
1791343250.5067,R,B,,-84,,,
1791343250.5194,O,,,,-2.81963,0.6641,0.0837
1791343250.5205,O,,,,-2.80374,0.6641,0.0837
1791343250.5214,O,,,,-2.78786,0.6641,0.0837
1791343250.5222,O,,,,-2.77065,0.6638,0.0836
1791343250.5173,R,C,,-61,,,
1791343250.5175,R,A,,-63,,,
1791343250.5527,R,C,,-66,,,
1791343250.5892,O,,,,-2.75344,0.6641,0.0837
1791343250.5901,O,,,,-2.73624,0.6638,0.0836
1791343250.5909,O,,,,-2.71903,0.6641,0.0838
1791343250.5636,R,B,,-66,,,
1791343250.5638,R,A,,-62,,,
1791343250.5934,R,C,,-62,,,
1791343250.5936,R,B,,-78,,,
1791343250.5940,R,A,,-68,,,
1791343250.6444,R,B,,-68,,,
1791343250.6446,R,C,,-67,,,
1791343250.6464,R,A,,-80,,,
1791343250.6642,O,,,,-2.70314,0.6641,0.0838
1791343250.6654,O,,,,-2.68594,0.6638,0.0836
1791343250.6663,O,,,,-2.67005,0.6638,0.0836
1791343250.6679,O,,,,-2.65284,0.6641,0.0838
1791343250.6935,R,C,,-68,,,
1791343250.6965,R,A,,-65,,,
1791343250.7446,O,,,,-2.63564,0.6638,0.0836
1791343250.7457,O,,,,-2.61975,0.6638,0.0836
1791343250.7465,O,,,,-2.60255,0.6640,0.0838
1791343250.7473,O,,,,-2.58666,0.6640,0.0838
1791343250.7205,R,B,,-73,,,
1791343250.7458,R,A,,-70,,,
1791343250.7756,R,C,,-57,,,
1791343250.7820,R,B,,-71,,,
1791343250.7824,R,C,,-57,,,
1791343250.7836,R,A,,-58,,,
1791343250.8193,O,,,,-2.56945,0.6638,0.0836
1791343250.8202,O,,,,-2.55225,0.6640,0.0838
1791343250.8210,O,,,,-2.53636,0.6640,0.0838
1791343250.8217,O,,,,-2.51916,0.6638,0.0836
1791343250.8463,R,A,,-69,,,
1791343250.8998,O,,,,-2.50327,0.6638,0.0836
1791343250.9007,O,,,,-2.48606,0.6640,0.0838
1791343250.9015,O,,,,-2.47018,0.6640,0.0838
1791343250.9022,O,,,,-2.45297,0.6638,0.0836
1791343250.8693,R,B,,-79,,,
1791343250.8721,R,B,,-72,,,
1791343250.8760,R,C,,-67,,,
1791343250.8844,R,A,,-60,,,
1791343250.9189,R,C,,-69,,,
1791343250.9208,R,B,,-66,,,
1791343250.9457,R,A,,-58,,,
1791343250.9796,O,,,,-2.43576,0.6640,0.0838
1791343250.9807,O,,,,-2.41988,0.6640,0.0838
1791343250.9816,O,,,,-2.40267,0.6642,0.0840
1791343250.9823,O,,,,-2.38547,0.6640,0.0838
1791343250.9704,R,B,,-73,,,
1791343250.9757,R,C,,-70,,,
1791343250.9906,R,A,,-81,,,
1791343251.0453,O,,,,-2.36958,0.6640,0.0838
1791343251.0462,O,,,,-2.35237,0.6642,0.0840
1791343251.0470,O,,,,-2.33517,0.6640,0.0838
1791343251.0126,R,B,,-65,,,
1791343251.0458,R,A,,-63,,,
1791343251.0625,R,B,,-83,,,
1791343251.0628,R,A,,-72,,,
1791343251.0629,R,C,,-62,,,
1791343251.1241,O,,,,-2.31928,0.6640,0.0838
1791343251.1251,O,,,,-2.30208,0.6639,0.0836
1791343251.1260,O,,,,-2.28619,0.6639,0.0836
1791343251.1268,O,,,,-2.26898,0.6640,0.0838
1791343251.1145,R,C,,-83,,,
1791343251.1148,R,B,,-61,,,
1791343251.1457,R,A,,-64,,,
1791343251.2117,O,,,,-2.25310,0.6640,0.0838
1791343251.2127,O,,,,-2.23589,0.6639,0.0836
1791343251.1702,R,B,,-55,,,
1791343251.1883,R,A,,-65,,,
1791343251.1885,R,B,,-67,,,
1791343251.1990,R,C,,-64,,,
1791343251.2139,O,,,,-2.21868,0.6640,0.0838
1791343251.2148,O,,,,-2.20280,0.6640,0.0838
1791343251.2292,R,A,,-62,,,
1791343251.2842,O,,,,-2.18559,0.6639,0.0836
1791343251.2852,O,,,,-2.16839,0.6640,0.0838
1791343251.2860,O,,,,-2.15250,0.6640,0.0838
1791343251.2868,O,,,,-2.13529,0.6639,0.0836
1791343251.2707,R,B,,-63,,,
1791343251.2965,R,A,,-92,,,
1791343251.3011,R,B,,-64,,,
1791343251.3567,O,,,,-2.11809,0.6640,0.0838
1791343251.3576,O,,,,-2.10088,0.6639,0.0836
1791343251.3587,O,,,,-2.08500,0.6639,0.0836
1791343251.3595,O,,,,-2.06911,0.6639,0.0836
1791343251.3205,R,B,,-68,,,
1791343251.3207,R,C,,-68,,,
1791343251.3216,R,A,,-71,,,
1791343251.3703,R,B,,-67,,,
1791343251.3754,R,C,,-70,,,
1791343251.3956,R,A,,-64,,,
1791343251.4087,R,A,,-69,,,
1791343251.4089,R,B,,-70,,,
1791343251.4401,O,,,,-2.05190,0.6640,0.0838
1791343251.4412,O,,,,-2.03470,0.6639,0.0836
1791343251.4420,O,,,,-2.01881,0.6639,0.0836
1791343251.4427,O,,,,-2.00293,0.6639,0.0836
1791343251.4193,R,C,,-68,,,
1791343251.4663,R,B,,-67,,,
1791343251.4678,R,C,,-68,,,
1791343251.4680,R,A,,-74,,,
1791343251.4938,R,A,,-68,,,
1791343251.5141,O,,,,-1.98572,0.6640,0.0838
1791343251.5151,O,,,,-1.96851,0.6639,0.0836
1791343251.5160,O,,,,-1.95263,0.6639,0.0836
1791343251.5168,O,,,,-1.93675,0.6639,0.0836
1791343251.5199,R,B,,-56,,,
1791343251.5246,R,C,,-70,,,
1791343251.5371,R,B,,-64,,,
1791343251.5456,R,A,,-62,,,
1791343251.5848,O,,,,-1.91821,0.6639,0.0836
1791343251.5858,O,,,,-1.90233,0.6639,0.0836
1791343251.5867,O,,,,-1.88512,0.6640,0.0838
1791343251.5749,R,C,,-65,,,
1791343251.5955,R,A,,-67,,,
1791343251.6030,R,C,,-66,,,
1791343251.6031,R,B,,-57,,,
1791343251.6249,R,C,,-66,,,
1791343251.6457,R,A,,-64,,,
1791343251.6642,O,,,,-1.86924,0.6640,0.0838
1791343251.6653,O,,,,-1.85203,0.6639,0.0836
1791343251.6662,O,,,,-1.83615,0.6639,0.0836
1791343251.6670,O,,,,-1.81894,0.6640,0.0838
1791343251.6699,R,B,,-51,,,
1791343251.6760,R,C,,-74,,,
1791343251.6953,R,A,,-61,,,
1791343251.7392,O,,,,-1.80306,0.6640,0.0838
1791343251.7403,O,,,,-1.78585,0.6639,0.0836
1791343251.7411,O,,,,-1.76996,0.6639,0.0836
1791343251.7419,O,,,,-1.75276,0.6640,0.0838
1791343251.7199,R,B,,-62,,,
1791343251.7256,R,C,,-69,,,
1791343251.7260,R,A,,-73,,,
1791343251.7593,R,C,,-67,,,
1791343251.7698,R,B,,-57,,,
1791343251.7957,R,A,,-65,,,
1791343251.8193,O,,,,-1.73555,0.6639,0.0836
1791343251.8202,O,,,,-1.71967,0.6639,0.0836
1791343251.8211,O,,,,-1.70246,0.6640,0.0838
1791343251.8219,O,,,,-1.68657,0.6640,0.0838
1791343251.8198,R,B,,-59,,,
1791343251.8248,R,C,,-64,,,
1791343251.8331,R,A,,-64,,,
1791343251.8447,R,C,,-79,,,
1791343251.8451,R,B,,-60,,,
1791343251.8948,O,,,,-1.66937,0.6639,0.0835
1791343251.8958,O,,,,-1.65216,0.6640,0.0838
1791343251.8966,O,,,,-1.63628,0.6640,0.0838
1791343251.8973,O,,,,-1.61907,0.6639,0.0835
1791343251.8858,R,C,,-74,,,
1791343251.8955,R,A,,-71,,,
1791343251.9200,R,B,,-59,,,
1791343251.9315,R,A,,-63,,,
1791343251.9317,R,B,,-52,,,
1791343251.9318,R,C,,-70,,,
1791343251.9741,O,,,,-1.60318,0.6639,0.0835
1791343251.9749,O,,,,-1.58598,0.6639,0.0838
1791343251.9758,O,,,,-1.57009,0.6639,0.0838
1791343251.9767,O,,,,-1.55289,0.6639,0.0835
1791343251.9743,R,C,,-65,,,
1791343251.9961,R,A,,-62,,,
1791343252.0446,O,,,,-1.53568,0.6639,0.0838
1791343252.0456,O,,,,-1.51979,0.6639,0.0838
1791343252.0465,O,,,,-1.50259,0.6640,0.0835
1791343252.0127,R,B,,-62,,,
1791343252.0134,R,A,,-73,,,
1791343252.0146,R,C,,-72,,,
1791343252.0697,R,B,,-57,,,
1791343252.0748,R,C,,-69,,,
1791343252.0953,R,A,,-67,,,
1791343252.1196,O,,,,-1.48538,0.6639,0.0838
1791343252.1207,O,,,,-1.46949,0.6639,0.0838
1791343252.1216,O,,,,-1.45229,0.6640,0.0835
1791343252.1223,O,,,,-1.43640,0.6640,0.0835
1791343252.1196,R,B,,-57,,,
1791343252.1257,R,C,,-62,,,
1791343252.1399,R,A,,-64,,,
1791343252.1458,R,A,,-68,,,
1791343252.1492,R,B,,-64,,,
1791343252.1493,R,C,,-66,,,
1791343252.1993,O,,,,-1.41920,0.6639,0.0838
1791343252.2003,O,,,,-1.40199,0.6640,0.0836
1791343252.2021,O,,,,-1.38478,0.6639,0.0838
1791343252.2030,O,,,,-1.36890,0.6639,0.0838
1791343252.1925,R,C,,-71,,,
1791343252.1930,R,A,,-74,,,
1791343252.2196,R,B,,-65,,,
1791343252.2454,R,A,,-76,,,
1791343252.2476,R,B,,-68,,,
1791343252.2572,R,C,,-84,,,
1791343252.2792,O,,,,-1.35301,0.6639,0.0838
1791343252.2800,O,,,,-1.33581,0.6640,0.0836
1791343252.2808,O,,,,-1.31860,0.6639,0.0838
1791343252.2815,O,,,,-1.30271,0.6639,0.0838
1791343252.3554,O,,,,-1.28551,0.6640,0.0836
1791343252.3570,O,,,,-1.26830,0.6639,0.0838
1791343252.3578,O,,,,-1.25241,0.6639,0.0838
1791343252.3586,O,,,,-1.23653,0.6639,0.0838
1791343252.3197,R,B,,-72,,,
1791343252.3200,R,A,,-74,,,
1791343252.3201,R,C,,-63,,,
1791343252.3659,R,B,,-64,,,
1791343252.3746,R,C,,-62,,,
1791343252.3953,R,A,,-69,,,
1791343252.4335,O,,,,-1.21932,0.6640,0.0836
1791343252.4348,O,,,,-1.20212,0.6639,0.0838
1791343252.4361,O,,,,-1.18623,0.6639,0.0838
1791343252.4370,O,,,,-1.17035,0.6639,0.0838
1791343252.4202,R,B,,-59,,,
1791343252.4450,R,A,,-72,,,
1791343252.4597,R,C,,-79,,,
1791343252.4599,R,B,,-66,,,
1791343252.4607,R,A,,-69,,,
1791343252.5040,O,,,,-1.15182,0.6639,0.0838
1791343252.5051,O,,,,-1.13593,0.6639,0.0838
1791343252.5059,O,,,,-1.11873,0.6640,0.0836
1791343252.5067,O,,,,-1.10284,0.6640,0.0836
1791343252.5195,R,B,,-64,,,
1791343252.5246,R,C,,-68,,,
1791343252.5433,R,A,,-67,,,
1791343252.5528,R,B,,-58,,,
1791343252.5530,R,C,,-64,,,
1791343252.5795,O,,,,-1.08563,0.6639,0.0838
1791343252.5805,O,,,,-1.06843,0.6640,0.0836
1791343252.5813,O,,,,-1.05122,0.6639,0.0838
1791343252.5905,R,A,,-70,,,
1791343252.5908,R,B,,-67,,,
1791343252.6033,R,C,,-95,,,
1791343252.6595,O,,,,-1.03533,0.6639,0.0838
1791343252.6607,O,,,,-1.01945,0.6639,0.0838
1791343252.6619,O,,,,-1.00224,0.6640,0.0836
1791343252.6629,O,,,,-0.98504,0.6639,0.0838
1791343252.6450,R,A,,-70,,,
1791343252.6736,R,C,,-65,,,
1791343252.6785,R,A,,-70,,,
1791343252.7399,O,,,,-0.96915,0.6639,0.0838
1791343252.7409,O,,,,-0.95194,0.6640,0.0836
1791343252.7418,O,,,,-0.93474,0.6639,0.0838
1791343252.7426,O,,,,-0.91885,0.6639,0.0838
1791343252.7245,R,C,,-64,,,
1791343252.7452,R,A,,-71,,,
1791343252.7641,R,B,,-62,,,
1791343252.7744,R,C,,-72,,,
1791343252.7950,R,A,,-75,,,
1791343252.8096,R,B,,-56,,,
1791343252.8100,R,C,,-69,,,
1791343252.8102,R,A,,-71,,,
1791343252.8143,O,,,,-0.90165,0.6641,0.0836
1791343252.8155,O,,,,-0.88444,0.6639,0.0838
1791343252.8163,O,,,,-0.86855,0.6639,0.0838
1791343252.8171,O,,,,-0.85267,0.6639,0.0838
1791343252.8542,R,C,,-68,,,
1791343252.8543,R,B,,-55,,,
1791343252.8942,O,,,,-0.83546,0.6641,0.0836
1791343252.8952,O,,,,-0.81958,0.6641,0.0836
1791343252.8961,O,,,,-0.80369,0.6641,0.0836
1791343252.8969,O,,,,-0.78516,0.6641,0.0836
1791343252.8948,R,A,,-85,,,
1791343252.9016,R,B,,-62,,,
1791343252.9079,R,C,,-74,,,
1791343252.9080,R,A,,-78,,,
1791343252.9440,R,B,,-57,,,
1791343252.9446,R,C,,-68,,,
1791343252.9456,R,A,,-75,,,
1791343252.9692,O,,,,-0.76928,0.6641,0.0836
1791343252.9703,O,,,,-0.75340,0.6641,0.0836
1791343252.9712,O,,,,-0.73486,0.6641,0.0836
1791343252.9719,O,,,,-0.71898,0.6641,0.0836
1791343252.9934,R,A,,-72,,,
1791343252.9940,R,B,,-58,,,
1791343253.0395,O,,,,-0.70310,0.6641,0.0836
1791343253.0404,O,,,,-0.68457,0.6641,0.0836
1791343253.0412,O,,,,-0.66868,0.6641,0.0836
1791343253.0244,R,C,,-66,,,
1791343253.0448,R,A,,-69,,,
1791343253.0698,R,B,,-64,,,
1791343253.0744,R,C,,-69,,,
1791343253.0898,R,A,,-71,,,
1791343253.0912,R,B,,-61,,,
1791343253.1096,R,C,,-64,,,
1791343253.1191,O,,,,-0.65280,0.6641,0.0836
1791343253.1201,O,,,,-0.63427,0.6641,0.0836
1791343253.1210,O,,,,-0.61838,0.6641,0.0836
1791343253.1218,O,,,,-0.60250,0.6641,0.0836
1791343253.1286,R,A,,-74,,,
1791343253.1574,R,C,,-63,,,
1791343253.1942,O,,,,-0.58529,0.6638,0.0837
1791343253.1950,O,,,,-0.56808,0.6641,0.0836
1791343253.1960,O,,,,-0.55220,0.6641,0.0836
1791343253.1967,O,,,,-0.53632,0.6641,0.0836
1791343253.1692,R,B,,-58,,,
1791343253.1747,R,C,,-67,,,
1791343253.1954,R,A,,-70,,,
1791343253.2126,R,A,,-76,,,
1791343253.2194,R,B,,-67,,,
1791343253.2242,R,C,,-65,,,
1791343253.2576,R,B,,-62,,,
1791343253.2750,O,,,,-0.51911,0.6638,0.0837
1791343253.2762,O,,,,-0.50190,0.6641,0.0836
1791343253.2770,O,,,,-0.48602,0.6641,0.0836
1791343253.2778,O,,,,-0.46881,0.6638,0.0837
1791343253.2743,R,C,,-66,,,
1791343253.2947,R,A,,-78,,,
1791343253.3055,R,C,,-67,,,
1791343253.3057,R,A,,-77,,,
1791343253.3059,R,B,,-56,,,
1791343253.3550,O,,,,-0.45160,0.6641,0.0836
1791343253.3561,O,,,,-0.43704,0.6638,0.0837
1791343253.3569,O,,,,-0.42381,0.6638,0.0837
1791343253.3577,O,,,,-0.41057,0.6638,0.0837
1791343253.3497,R,C,,-67,,,
1791343253.3691,R,B,,-65,,,
1791343253.3807,R,A,,-75,,,
1791343253.3952,R,A,,-74,,,
1791343253.4099,R,C,,-66,,,
1791343253.4100,R,B,,-61,,,
1791343253.4293,O,,,,-0.39733,0.6638,0.0837
1791343253.4303,O,,,,-0.38674,0.6638,0.0837
1791343253.4311,O,,,,-0.37615,0.6638,0.0837
1791343253.4319,O,,,,-0.36556,0.6638,0.0837
1791343253.4454,R,A,,-73,,,
1791343253.4993,O,,,,-0.35762,0.6638,0.0837
1791343253.5009,O,,,,-0.35233,0.6638,0.0837
1791343253.5022,O,,,,-0.34571,0.6636,0.0838
1791343253.4659,R,C,,-65,,,
1791343253.4660,R,B,,-57,,,
1791343253.4882,R,C,,-67,,,
1791343253.4884,R,B,,-63,,,
1791343253.4956,R,A,,-78,,,
1791343253.5447,R,A,,-74,,,
1791343253.5796,O,,,,-0.34041,0.6636,0.0838
1791343253.5807,O,,,,-0.33644,0.6633,0.0839
1791343253.5815,O,,,,-0.33380,0.6633,0.0839
1791343253.5823,O,,,,-0.33115,0.6633,0.0839
1791343253.5690,R,B,,-61,,,
1791343253.5721,R,C,,-67,,,
1791343253.5745,R,C,,-68,,,
1791343253.5946,R,A,,-72,,,
1791343253.6546,O,,,,-0.32983,0.6631,0.0840
1791343253.6557,O,,,,-0.32983,0.6631,0.0840
1791343253.6566,O,,,,-0.32983,0.6631,0.0840
1791343253.6574,O,,,,-0.32983,0.6631,0.0840
1791343253.6139,R,B,,-58,,,
1791343253.6181,R,C,,-65,,,
1791343253.6185,R,A,,-78,,,
1791343253.6189,R,B,,-59,,,
1791343253.6644,R,C,,-69,,,
1791343253.6649,R,B,,-64,,,
1791343253.6945,R,A,,-74,,,
1791343253.7348,O,,,,-0.32983,0.6631,0.0840
1791343253.7360,O,,,,-0.32983,0.6631,0.0840
1791343253.7367,O,,,,-0.32983,0.6631,0.0840
1791343253.7376,O,,,,-0.32983,0.6631,0.0840
1791343253.7189,R,B,,-61,,,
1791343253.7217,R,A,,-73,,,
1791343253.7218,R,C,,-69,,,
1791343253.7574,R,B,,-58,,,
1791343253.7576,R,C,,-64,,,
1791343253.7947,R,A,,-76,,,
1791343253.8074,R,B,,-63,,,
1791343253.8077,R,C,,-68,,,
1791343253.8142,O,,,,-0.32983,0.6631,0.0840
1791343253.8151,O,,,,-0.32983,0.6631,0.0840
1791343253.8160,O,,,,-0.32983,0.6631,0.0840
1791343253.8168,O,,,,-0.32983,0.6631,0.0840
1791343253.8445,R,A,,-74,,,
1791343253.8529,R,B,,-60,,,
1791343253.8897,O,,,,-0.32983,0.6631,0.0840
1791343253.8907,O,,,,-0.32983,0.6631,0.0840
1791343253.8915,O,,,,-0.32983,0.6631,0.0840
1791343253.8923,O,,,,-0.32983,0.6631,0.0840
1791343253.8741,R,C,,-67,,,
1791343253.8945,R,A,,-73,,,
1791343253.9194,R,B,,-54,,,
1791343253.9239,R,C,,-63,,,
1791343253.9282,R,A,,-79,,,
1791343253.9417,R,B,,-58,,,
1791343253.9445,R,A,,-78,,,
1791343253.9697,O,,,,-0.32983,0.6631,0.0840
1791343253.9707,O,,,,-0.32983,0.6631,0.0840
1791343253.9715,O,,,,-0.32983,0.6631,0.0840
1791343253.9723,O,,,,-0.32983,0.6631,0.0840
1791343253.9747,R,C,,-65,,,
1791343253.9944,R,A,,-79,,,
1791343254.9931,O,,,,-0.32983,0.6631,0.0840
1791343254.0188,R,B,,-57,,,
1791343254.0246,R,C,,-67,,,
1791343254.0369,R,B,,-58,,,
1791343254.0371,R,C,,-67,,,
1791343254.9959,O,,,,-0.32983,0.6631,0.0840
1791343254.0956,R,A,,-81,,,
1791343254.9997,O,,,,-0.32983,0.6631,0.0840
1791343254.1169,R,C,,-76,,,
1791343254.1174,R,B,,-66,,,
1791343254.1334,R,A,,-71,,,
1791343254.1344,R,B,,-58,,,
1791343255.0025,O,,,,-0.32983,0.6631,0.0840
1791343254.1943,R,A,,-71,,,
1791343254.2001,R,B,,-56,,,
1791343254.2006,R,C,,-65,,,
1791343255.0053,O,,,,-0.32983,0.6631,0.0840
1791343254.2238,R,C,,-63,,,
1791343254.2370,R,A,,-75,,,
1791343255.0080,O,,,,-0.32983,0.6631,0.0840
1791343254.2622,R,B,,-58,,,
1791343254.2628,R,C,,-70,,,
1791343254.2630,R,A,,-71,,,
1791343254.3058,R,C,,-65,,,
1791343254.3062,R,A,,-82,,,
1791343254.3064,R,B,,-57,,,
1791343255.0109,O,,,,-0.32983,0.6631,0.0840
1791343254.3511,R,C,,-65,,,
1791343255.0121,O,,,,-0.32983,0.6631,0.0840
1791343254.3685,R,B,,-62,,,
1791343254.3920,R,A,,-84,,,
1791343254.3946,R,A,,-72,,,
1791343255.0136,O,,,,-0.32983,0.6631,0.0840
1791343254.4186,R,B,,-86,,,
1791343254.4237,R,C,,-65,,,
1791343254.4444,R,A,,-75,,,
1791343254.4529,R,C,,-78,,,
1791343254.4531,R,B,,-78,,,
1791343255.0151,O,,,,-0.32983,0.6631,0.0840
1791343254.4805,R,A,,-70,,,
1791343254.4809,R,B,,-68,,,
1791343254.4810,R,C,,-73,,,
1791343255.0164,O,,,,-0.32983,0.6631,0.0840
1791343254.5440,R,A,,-67,,,
1791343254.5521,R,B,,-69,,,
1791343254.5523,R,C,,-60,,,
1791343255.0177,O,,,,-0.32983,0.6631,0.0840
1791343254.5701,R,C,,-57,,,
1791343254.5703,R,A,,-72,,,
1791343255.0186,O,,,,-0.32983,0.6631,0.0840
1791343254.6184,R,B,,-61,,,
1791343254.6236,R,C,,-64,,,
1791343254.6441,R,A,,-70,,,
1791343255.0195,O,,,,-0.32983,0.6631,0.0840
1791343254.6671,R,C,,-64,,,
1791343254.6673,R,B,,-63,,,
1791343254.6947,R,A,,-75,,,
1791343255.0205,O,,,,-0.32983,0.6631,0.0840
1791343254.7183,R,B,,-73,,,
1791343254.7234,R,C,,-72,,,
1791343254.7449,R,A,,-83,,,
1791343254.7556,R,B,,-71,,,
1791343255.0214,O,,,,-0.32983,0.6631,0.0840
1791343254.7995,R,B,,-67,,,
1791343255.0223,O,,,,-0.32983,0.6631,0.0840
1791343254.8182,R,A,,-76,,,
1791343254.8185,R,C,,-67,,,
1791343254.8439,R,A,,-77,,,
1791343254.8465,R,B,,-73,,,
1791343254.8489,R,C,,-66,,,
1791343255.0232,O,,,,-0.32983,0.6631,0.0840
1791343254.8891,R,C,,-68,,,
1791343254.8892,R,B,,-66,,,
1791343254.8938,R,A,,-79,,,
1791343255.0241,O,,,,-0.32983,0.6631,0.0840
1791343254.9447,R,A,,-88,,,
1791343255.0250,O,,,,-0.32983,0.6631,0.0840
1791343254.9683,R,B,,-70,,,
1791343254.9733,R,C,,-69,,,
1791343254.9949,R,A,,-82,,,
1791343255.0258,O,,,,-0.32983,0.6631,0.0840
1791343255.0266,O,,,,-0.32983,0.6631,0.0840
1791343255.0273,O,,,,-0.32983,0.6631,0.0840
1791343255.0280,O,,,,-0.32983,0.6631,0.0840
1791343255.0288,O,,,,-0.32983,0.6631,0.0840
1791343255.0295,O,,,,-0.32983,0.6631,0.0840
1791343255.0303,O,,,,-0.32983,0.6631,0.0840
1791343255.0310,O,,,,-0.32983,0.6631,0.0840
1791343255.0317,O,,,,-0.32983,0.6631,0.0840
1791343255.0325,O,,,,-0.32983,0.6631,0.0840
1791343255.0332,O,,,,-0.32983,0.6631,0.0840
1791343255.0339,O,,,,-0.32983,0.6631,0.0840
1791343255.0347,O,,,,-0.32983,0.6631,0.0840
1791343255.0354,O,,,,-0.32983,0.6631,0.0840
1791343255.0361,O,,,,-0.32983,0.6631,0.0840
1791343255.0368,O,,,,-0.32983,0.6631,0.0840
1791343255.0376,O,,,,-0.32983,0.6631,0.0840
1791343255.0385,O,,,,-0.32983,0.6631,0.0840
1791343255.0392,O,,,,-0.32983,0.6631,0.0840
1791343255.0399,O,,,,-0.32983,0.6631,0.0840
1791343255.0406,O,,,,-0.32983,0.6631,0.0840
1791343255.0413,O,,,,-0.32983,0.6631,0.0840
1791343255.0421,O,,,,-0.32983,0.6631,0.0840
1791343255.0428,O,,,,-0.32983,0.6631,0.0840
1791343255.0435,O,,,,-0.32983,0.6631,0.0840
1791343255.0443,O,,,,-0.32983,0.6631,0.0840
1791343255.0450,O,,,,-0.32983,0.6631,0.0840
1791343255.0457,O,,,,-0.32983,0.6631,0.0840
1791343255.0464,O,,,,-0.32983,0.6631,0.0840
1791343255.0471,O,,,,-0.32983,0.6631,0.0840
1791343255.0478,O,,,,-0.32983,0.6631,0.0840
1791343255.0485,O,,,,-0.32983,0.6631,0.0840
1791343255.0493,O,,,,-0.32983,0.6631,0.0840
1791343255.0199,R,C,,-68,,,
1791343255.0226,R,C,,-68,,,
1791343255.0295,R,B,,-65,,,
1791343255.0438,R,A,,-83,,,
1791343255.0664,R,C,,-80,,,
1791343255.0682,R,B,,-65,,,
1791343255.0812,R,A,,-84,,,
1791343255.1144,O,,,,-0.32983,0.6631,0.0840
1791343255.1153,O,,,,-0.32983,0.6631,0.0840
1791343255.1162,O,,,,-0.32983,0.6631,0.0840
1791343255.1170,O,,,,-0.32983,0.6631,0.0840
1791343255.1162,R,B,,-66,,,
1791343255.1164,R,C,,-74,,,
1791343255.1182,R,A,,-79,,,
1791343255.1897,O,,,,-0.32983,0.6631,0.0840
1791343255.1907,O,,,,-0.32983,0.6631,0.0840
1791343255.1915,O,,,,-0.32983,0.6631,0.0840
1791343255.1923,O,,,,-0.32983,0.6631,0.0840
1791343255.1644,R,C,,-64,,,
1791343255.1645,R,B,,-75,,,
1791343255.1646,R,A,,-89,,,
1791343255.2078,R,C,,-63,,,
1791343255.2182,R,B,,-67,,,
1791343255.2440,R,A,,-80,,,
1791343255.2693,O,,,,-0.32983,0.6631,0.0840
1791343255.2702,O,,,,-0.32983,0.6631,0.0840
1791343255.2712,O,,,,-0.32983,0.6631,0.0840
1791343255.2721,O,,,,-0.32983,0.6631,0.0840
1791343255.2687,R,B,,-65,,,
1791343255.2733,R,C,,-57,,,
1791343255.2929,R,A,,-80,,,
1791343255.2957,R,A,,-76,,,
1791343255.3441,O,,,,-0.32983,0.6631,0.0840
1791343255.3451,O,,,,-0.32983,0.6631,0.0840
1791343255.3460,O,,,,-0.32983,0.6631,0.0840
1791343255.3470,O,,,,-0.33115,0.6628,0.0841
1791343255.3331,R,A,,-85,,,
1791343255.3653,R,B,,-64,,,
1791343255.3655,R,C,,-59,,,
1791343255.3838,R,A,,-83,,,
1791343255.3934,R,C,,-61,,,
1791343255.3935,R,B,,-65,,,
1791343255.4244,O,,,,-0.33247,0.6631,0.0840
1791343255.4253,O,,,,-0.33512,0.6631,0.0840
1791343255.4260,O,,,,-0.33909,0.6633,0.0839
1791343255.4270,O,,,,-0.34439,0.6633,0.0839
1791343255.4438,R,A,,-79,,,
1791343255.4589,R,C,,-60,,,
1791343255.4593,R,B,,-75,,,
1791343255.4947,O,,,,-0.35100,0.6631,0.0840
1791343255.4956,O,,,,-0.36027,0.6633,0.0839
1791343255.4963,O,,,,-0.36821,0.6633,0.0839
1791343255.4736,R,C,,-60,,,
1791343255.4847,R,B,,-69,,,
1791343255.4945,R,A,,-78,,,
1791343255.5176,R,B,,-69,,,
1791343255.5238,R,C,,-61,,,
1791343255.5446,R,A,,-77,,,
1791343255.5695,O,,,,-0.38012,0.6636,0.0838
1791343255.5708,O,,,,-0.39204,0.6633,0.0839
1791343255.5718,O,,,,-0.40395,0.6636,0.0838
1791343255.5727,O,,,,-0.41983,0.6636,0.0838
1791343255.5693,R,B,,-69,,,
1791343255.5731,R,C,,-56,,,
1791343255.5937,R,A,,-89,,,
1791343255.5989,R,C,,-62,,,
1791343255.5990,R,B,,-79,,,
1791343255.6041,R,A,,-81,,,
1791343255.6494,O,,,,-0.43307,0.6636,0.0838
1791343255.6504,O,,,,-0.44763,0.6638,0.0837
1791343255.6512,O,,,,-0.46351,0.6638,0.0837
1791343255.6520,O,,,,-0.47808,0.6641,0.0836
1791343255.7049,R,C,,-58,,,
1791343255.7051,R,A,,-77,,,
1791343255.7053,R,B,,-77,,,
1791343255.7291,O,,,,-0.49396,0.6641,0.0836
1791343255.7300,O,,,,-0.50984,0.6641,0.0836
1791343255.7311,O,,,,-0.52573,0.6641,0.0836
1791343255.7319,O,,,,-0.54161,0.6641,0.0836
1791343255.7453,R,C,,-62,,,
1791343255.7457,R,B,,-73,,,
1791343255.8121,O,,,,-0.55749,0.6641,0.0836
1791343255.8134,O,,,,-0.57470,0.6638,0.0837
1791343255.7909,R,C,,-65,,,
1791343255.7912,R,A,,-88,,,
1791343255.7913,R,B,,-63,,,
1791343255.8148,O,,,,-0.59191,0.6640,0.0836
1791343255.8156,O,,,,-0.60779,0.6640,0.0836
1791343255.8560,R,B,,-69,,,
1791343255.8562,R,C,,-66,,,
1791343255.8847,O,,,,-0.62368,0.6640,0.0836
1791343255.8861,O,,,,-0.64088,0.6643,0.0834
1791343255.8872,O,,,,-0.65677,0.6643,0.0834
1791343255.8880,O,,,,-0.67265,0.6643,0.0834
1791343255.8940,R,A,,-80,,,
1791343255.9035,R,B,,-66,,,
1791343255.9155,R,C,,-70,,,
1791343255.9157,R,A,,-82,,,
1791343255.9664,O,,,,-0.68986,0.6641,0.0836
1791343255.9673,O,,,,-0.70707,0.6643,0.0834
1791343255.9681,O,,,,-0.72295,0.6643,0.0834
1791343255.9688,O,,,,-0.73884,0.6643,0.0834
1791343255.9678,R,B,,-70,,,
1791343255.9731,R,C,,-72,,,
1791343255.9935,R,A,,-87,,,
1791343256.0350,O,,,,-0.75604,0.6645,0.0832
1791343256.0360,O,,,,-0.77193,0.6645,0.0832
1791343256.0368,O,,,,-0.78781,0.6645,0.0832
1791343256.0161,R,B,,-67,,,
1791343256.0162,R,C,,-64,,,
1791343256.0164,R,A,,-82,,,
1791343256.0544,R,A,,-79,,,
1791343256.1093,O,,,,-0.80502,0.6646,0.0830
1791343256.1106,O,,,,-0.81958,0.6648,0.0828
1791343256.1120,O,,,,-0.83414,0.6650,0.0826
1791343256.1132,O,,,,-0.84738,0.6654,0.0822
1791343256.0677,R,B,,-70,,,
1791343256.0728,R,C,,-72,,,
1791343256.1178,R,B,,-60,,,
1791343256.1197,R,C,,-73,,,
1791343256.1425,R,C,,-62,,,
1791343256.1426,R,B,,-62,,,
1791343256.1892,O,,,,-0.86061,0.6657,0.0818
1791343256.1901,O,,,,-0.87252,0.6662,0.0812
1791343256.1909,O,,,,-0.88576,0.6666,0.0808
1791343256.1916,O,,,,-0.89767,0.6671,0.0802
1791343256.1867,R,B,,-64,,,
1791343256.1867,R,C,,-67,,,
1791343256.1882,R,A,,-70,,,
1791343256.2351,R,C,,-65,,,
1791343256.2434,R,A,,-75,,,
1791343256.2642,O,,,,-0.90826,0.6677,0.0794
1791343256.2651,O,,,,-0.91885,0.6680,0.0790
1791343256.2659,O,,,,-0.92679,0.6687,0.0781
1791343256.2667,O,,,,-0.93738,0.6693,0.0773
1791343256.2675,R,B,,-61,,,
1791343256.2711,R,C,,-64,,,
1791343256.2712,R,B,,-60,,,
1791343256.2714,R,A,,-77,,,
1791343256.3442,O,,,,-0.94533,0.6699,0.0764
1791343256.3450,O,,,,-0.95194,0.6707,0.0753
1791343256.3458,O,,,,-0.95989,0.6713,0.0745
1791343256.3466,O,,,,-0.96650,0.6721,0.0734
1791343256.3202,R,A,,-74,,,
1791343256.3214,R,C,,-63,,,
1791343256.3676,R,B,,-63,,,
1791343256.3728,R,C,,-75,,,
1791343256.3937,R,A,,-80,,,
1791343256.4193,O,,,,-0.97312,0.6728,0.0723
1791343256.4206,O,,,,-0.98106,0.6737,0.0710
1791343256.4219,O,,,,-0.98768,0.6744,0.0699
1791343256.4246,O,,,,-0.99430,0.6754,0.0683
1791343256.4122,R,C,,-78,,,
1791343256.4177,R,B,,-65,,,
1791343256.4236,R,A,,-84,,,
1791343256.4582,R,B,,-78,,,
1791343256.4584,R,C,,-71,,,
1791343256.4893,O,,,,-1.00092,0.6765,0.0668
1791343256.4906,O,,,,-1.00754,0.6774,0.0652
1791343256.4914,O,,,,-1.01283,0.6786,0.0634
1791343256.4631,R,A,,-93,,,
1791343256.5013,R,B,,-77,,,
1791343256.5225,R,C,,-72,,,
1791343256.5264,R,A,,-77,,,
1791343256.5686,O,,,,-1.01548,0.6797,0.0616
1791343256.5698,O,,,,-1.01945,0.6809,0.0596
1791343256.5708,O,,,,-1.02342,0.6825,0.0571
1791343256.5717,O,,,,-1.02475,0.6840,0.0546
1791343256.5991,R,C,,-69,,,
1791343256.5994,R,B,,-71,,,
1791343256.6443,O,,,,-1.02607,0.6855,0.0521
1791343256.6457,O,,,,-1.02739,0.6870,0.0496
1791343256.6469,O,,,,-1.02739,0.6884,0.0474
1791343256.6481,O,,,,-1.02872,0.6901,0.0444
1791343256.6406,R,B,,-72,,,
1791343256.6407,R,C,,-76,,,
1791343256.6412,R,A,,-90,,,
1791343256.6439,R,A,,-84,,,
1791343256.6880,R,A,,-82,,,
1791343256.6885,R,B,,-66,,,
1791343256.7264,O,,,,-1.02872,0.6918,0.0417
1791343256.7272,O,,,,-1.02872,0.6934,0.0390
1791343256.7279,O,,,,-1.03004,0.6952,0.0360
1791343256.7287,O,,,,-1.02872,0.6970,0.0331
1791343256.7184,R,C,,-72,,,
1791343256.7375,R,B,,-62,,,
1791343256.7380,R,C,,-65,,,
1791343256.7393,R,A,,-84,,,
1791343256.8042,O,,,,-1.03004,0.6987,0.0301
1791343256.8052,O,,,,-1.03004,0.7006,0.0270
1791343256.8060,O,,,,-1.03136,0.7027,0.0236
1791343256.8068,O,,,,-1.03136,0.7046,0.0204
1791343256.7932,R,A,,-77,,,
1791343256.8173,R,B,,-62,,,
1791343256.8225,R,C,,-66,,,
1791343256.8401,R,C,,-66,,,
1791343256.8405,R,B,,-60,,,
1791343256.8438,R,A,,-81,,,
1791343256.8792,O,,,,-1.03004,0.7066,0.0170
1791343256.8805,O,,,,-1.03136,0.7087,0.0136
1791343256.8814,O,,,,-1.03136,0.7109,0.0099
1791343256.8822,O,,,,-1.03004,0.7129,0.0065
1791343256.8762,R,A,,-81,,,
1791343256.8918,R,B,,-66,,,
1791343256.9599,O,,,,-1.03136,0.7149,0.0031
1791343256.9609,O,,,,-1.03136,0.7171,-0.0005
1791343256.9623,O,,,,-1.03004,0.7192,-0.0039
1791343256.9193,R,C,,-68,,,
1791343256.9224,R,C,,-68,,,
1791343256.9431,R,A,,-79,,,
1791343256.9632,O,,,,-1.03004,0.7213,-0.0076
1791343256.9654,R,B,,-65,,,
1791343256.9659,R,C,,-68,,,
1791343256.9931,R,A,,-78,,,
1791343257.0301,O,,,,-1.03004,0.7232,-0.0107
1791343257.0309,O,,,,-1.03004,0.7254,-0.0144
1791343257.0317,O,,,,-1.03136,0.7275,-0.0178
1791343257.0139,R,C,,-68,,,
1791343257.0141,R,A,,-78,,,
1791343257.0144,R,B,,-63,,,
1791343257.0590,R,C,,-69,,,
1791343257.0592,R,B,,-58,,,
1791343257.1043,O,,,,-1.03136,0.7296,-0.0214
1791343257.1057,O,,,,-1.03136,0.7318,-0.0250
1791343257.1066,O,,,,-1.03269,0.7339,-0.0284
1791343257.1075,O,,,,-1.03269,0.7360,-0.0321
1791343257.1176,R,B,,-64,,,
1791343257.1202,R,C,,-70,,,
1791343257.1203,R,A,,-85,,,
1791343257.1575,R,B,,-69,,,
1791343257.1576,R,C,,-73,,,
1791343257.1845,O,,,,-1.03269,0.7382,-0.0357
1791343257.1855,O,,,,-1.03269,0.7404,-0.0394
1791343257.1863,O,,,,-1.03401,0.7424,-0.0428
1791343257.1871,O,,,,-1.03401,0.7446,-0.0464
1791343257.1900,R,A,,-75,,,
1791343257.1902,R,B,,-70,,,
1791343257.1905,R,C,,-70,,,
1791343257.2592,O,,,,-1.03401,0.7467,-0.0501
1791343257.2601,O,,,,-1.03401,0.7489,-0.0537
1791343257.2610,O,,,,-1.03401,0.7511,-0.0573
1791343257.2620,O,,,,-1.03401,0.7532,-0.0610
1791343257.2432,R,A,,-73,,,
1791343257.2548,R,C,,-65,,,
1791343257.2553,R,B,,-63,,,
1791343257.2824,R,B,,-57,,,
1791343257.2852,R,C,,-66,,,
1791343257.3393,O,,,,-1.03401,0.7554,-0.0646
1791343257.3402,O,,,,-1.03269,0.7574,-0.0680
1791343257.3411,O,,,,-1.03401,0.7595,-0.0714
1791343257.3419,O,,,,-1.03401,0.7616,-0.0751
1791343257.3428,R,A,,-75,,,
1791343257.3647,R,B,,-59,,,
1791343257.3676,R,B,,-59,,,
1791343257.3722,R,C,,-60,,,
1791343257.3929,R,A,,-71,,,
1791343257.4072,R,B,,-60,,,
1791343257.4073,R,C,,-66,,,
1791343257.4193,O,,,,-1.03401,0.7638,-0.0787
1791343257.4202,O,,,,-1.03401,0.7660,-0.0824
1791343257.4210,O,,,,-1.03401,0.7679,-0.0855
1791343257.4217,O,,,,-1.03401,0.7700,-0.0892
1791343257.4428,R,A,,-75,,,
1791343257.4893,O,,,,-1.03401,0.7722,-0.0928
1791343257.4903,O,,,,-1.03401,0.7744,-0.0965
1791343257.4910,O,,,,-1.03401,0.7765,-0.1001
1791343257.4663,R,A,,-77,,,
1791343257.4666,R,C,,-65,,,
1791343257.4667,R,B,,-57,,,
1791343257.4949,R,B,,-60,,,
1791343257.5003,R,C,,-61,,,
1791343257.5353,R,C,,-67,,,
1791343257.5354,R,B,,-65,,,
1791343257.5435,R,A,,-74,,,
1791343257.5692,O,,,,-1.03401,0.7784,-0.1033
1791343257.5702,O,,,,-1.03401,0.7806,-0.1069
1791343257.5711,O,,,,-1.03401,0.7827,-0.1106
1791343257.5719,O,,,,-1.03401,0.7849,-0.1142
1791343257.5828,R,C,,-67,,,
1791343257.5829,R,B,,-63,,,
1791343257.5927,R,A,,-75,,,
1791343257.6447,O,,,,-1.03401,0.7871,-0.1178
1791343257.6457,O,,,,-1.03401,0.7890,-0.1210
1791343257.6465,O,,,,-1.03401,0.7911,-0.1247
1791343257.6473,O,,,,-1.03401,0.7933,-0.1283
1791343257.6429,R,A,,-78,,,
1791343257.6670,R,B,,-62,,,
1791343257.6696,R,C,,-70,,,
1791343257.6723,R,C,,-66,,,
1791343257.6827,R,B,,-63,,,
1791343257.7195,O,,,,-1.03401,0.7955,-0.1319
1791343257.7208,O,,,,-1.03401,0.7976,-0.1356
1791343257.7216,O,,,,-1.03269,0.7997,-0.1390
1791343257.7224,O,,,,-1.03401,0.8017,-0.1424
1791343257.7169,R,C,,-63,,,
1791343257.7171,R,B,,-64,,,
1791343257.7427,R,A,,-78,,,
1791343257.7996,O,,,,-1.03401,0.8039,-0.1461
1791343257.8005,O,,,,-1.03401,0.8060,-0.1497
1791343257.8013,O,,,,-1.03401,0.8082,-0.1533
1791343257.8021,O,,,,-1.03401,0.8101,-0.1565
1791343257.7622,R,B,,-87,,,
1791343257.7721,R,C,,-64,,,
1791343257.7831,R,A,,-68,,,
1791343257.8072,R,C,,-75,,,
1791343257.8079,R,B,,-66,,,
1791343257.8083,R,A,,-81,,,
1791343257.8544,R,C,,-76,,,
1791343257.8551,R,B,,-66,,,
1791343257.8793,O,,,,-1.03401,0.8123,-0.1602
1791343257.8806,O,,,,-1.03401,0.8144,-0.1638
1791343257.8814,O,,,,-1.03401,0.8166,-0.1674
1791343257.8822,O,,,,-1.03401,0.8188,-0.1711
1791343257.8889,R,A,,-79,,,
1791343257.9023,R,B,,-64,,,
1791343257.9024,R,C,,-66,,,
1791343257.9442,O,,,,-1.03269,0.8208,-0.1745
1791343257.9452,O,,,,-1.03401,0.8228,-0.1779
1791343257.9460,O,,,,-1.03401,0.8250,-0.1815
1791343257.9366,R,A,,-78,,,
1791343257.9669,R,B,,-65,,,
1791343257.9723,R,C,,-67,,,
1791343257.9879,R,A,,-84,,,
1791343257.9904,R,A,,-85,,,
1791343257.9910,R,B,,-63,,,
1791343257.9911,R,C,,-67,,,
1791343258.0241,O,,,,-1.03401,0.8272,-0.1852
1791343258.0250,O,,,,-1.03401,0.8293,-0.1888
1791343258.0259,O,,,,-1.03269,0.8314,-0.1922
1791343258.0267,O,,,,-1.03401,0.8334,-0.1956
1791343258.0424,R,C,,-69,,,
1791343258.0426,R,A,,-78,,,
1791343258.0434,R,B,,-56,,,
1791343258.1045,O,,,,-1.03401,0.8356,-0.1993
1791343258.1062,O,,,,-1.03401,0.8377,-0.2029
1791343258.1070,O,,,,-1.03401,0.8399,-0.2066
1791343258.1078,O,,,,-1.03401,0.8421,-0.2102
1791343258.0782,R,A,,-75,,,
1791343258.0792,R,C,,-76,,,
1791343258.0915,R,B,,-59,,,
1791343258.1220,R,C,,-65,,,
1791343258.1792,O,,,,-1.03401,0.8440,-0.2134
1791343258.1802,O,,,,-1.03401,0.8461,-0.2170
1791343258.1810,O,,,,-1.03401,0.8483,-0.2207
1791343258.1818,O,,,,-1.03269,0.8503,-0.2241
1791343258.1668,R,B,,-61,,,
1791343258.1679,R,C,,-62,,,
1791343258.1927,R,A,,-89,,,
1791343258.2082,R,A,,-84,,,
1791343258.2098,R,C,,-61,,,
1791343258.2592,O,,,,-1.03401,0.8523,-0.2275
1791343258.2601,O,,,,-1.03401,0.8545,-0.2311
1791343258.2608,O,,,,-1.03401,0.8567,-0.2348
1791343258.2616,O,,,,-1.03401,0.8588,-0.2384
1791343258.2168,R,B,,-59,,,
1791343258.2667,R,B,,-57,,,
1791343258.2719,R,C,,-65,,,
1791343258.2771,R,A,,-78,,,
1791343258.2914,R,B,,-60,,,
1791343258.2916,R,C,,-62,,,
1791343258.3342,O,,,,-1.03533,0.8609,-0.2418
1791343258.3351,O,,,,-1.03401,0.8629,-0.2452
1791343258.3359,O,,,,-1.03401,0.8651,-0.2489
1791343258.3366,O,,,,-1.03401,0.8672,-0.2525
1791343258.3427,R,C,,-62,,,
1791343258.3429,R,A,,-79,,,
1791343258.3546,R,B,,-58,,,
1791343258.3926,R,A,,-80,,,
1791343258.4141,O,,,,-1.03401,0.8694,-0.2562
1791343258.4150,O,,,,-1.03401,0.8716,-0.2598
1791343258.4158,O,,,,-1.03401,0.8735,-0.2630
1791343258.4166,O,,,,-1.03401,0.8756,-0.2666
1791343258.4166,R,B,,-59,,,
1791343258.4193,R,C,,-64,,,
1791343258.4321,R,C,,-62,,,
1791343258.4424,R,A,,-83,,,
1791343258.4843,O,,,,-1.03401,0.8778,-0.2703
1791343258.4852,O,,,,-1.03401,0.8800,-0.2739
1791343258.4859,O,,,,-1.03269,0.8820,-0.2773
1791343258.4667,R,B,,-60,,,
1791343258.4901,R,A,,-74,,,
1791343258.4905,R,C,,-66,,,
1791343258.4906,R,B,,-62,,,
1791343258.5593,O,,,,-1.03401,0.8840,-0.2807
1791343258.5603,O,,,,-1.03401,0.8862,-0.2844
1791343258.5610,O,,,,-1.03401,0.8884,-0.2880
1791343258.5623,O,,,,-1.03401,0.8905,-0.2916
1791343258.5227,R,C,,-68,,,
1791343258.5228,R,A,,-81,,,
1791343258.5673,R,B,,-64,,,
1791343258.5923,R,A,,-78,,,
1791343258.5967,R,B,,-63,,,
1791343258.6393,O,,,,-1.03401,0.8927,-0.2953
1791343258.6401,O,,,,-1.03269,0.8947,-0.2987
1791343258.6409,O,,,,-1.03401,0.8968,-0.3021
1791343258.6440,O,,,,-1.03401,0.8989,-0.3057
1791343258.6166,R,B,,-62,,,
1791343258.6173,R,A,,-75,,,
1791343258.6205,R,C,,-66,,,
1791343258.6624,R,B,,-60,,,
1791343258.6717,R,C,,-67,,,
1791343258.6923,R,A,,-74,,,
1791343258.7195,O,,,,-1.03269,0.9010,-0.3092
1791343258.7204,O,,,,-1.03269,0.9031,-0.3128
1791343258.7212,O,,,,-1.03269,0.9053,-0.3164
1791343258.7219,O,,,,-1.03401,0.9073,-0.3198
1791343258.7169,R,B,,-62,,,
1791343258.7216,R,C,,-63,,,
1791343258.7423,R,A,,-82,,,
1791343258.7537,R,B,,-62,,,
1791343258.7564,R,A,,-78,,,
1791343258.7946,O,,,,-1.03269,0.9094,-0.3233
1791343258.7954,O,,,,-1.03269,0.9115,-0.3269
1791343258.7962,O,,,,-1.03269,0.9137,-0.3305
1791343258.7969,O,,,,-1.03401,0.9157,-0.3339
1791343258.8488,R,C,,-62,,,
1791343258.8741,O,,,,-1.03401,0.9179,-0.3376
1791343258.8749,O,,,,-1.03269,0.9199,-0.3410
1791343258.8757,O,,,,-1.03269,0.9221,-0.3446
1791343258.8764,O,,,,-1.03269,0.9243,-0.3483
1791343258.8665,R,B,,-58,,,
1791343258.8914,R,A,,-80,,,
1791343258.9010,R,B,,-59,,,
1791343258.9013,R,C,,-65,,,
1791343258.9017,R,A,,-77,,,
1791343258.9442,O,,,,-1.03269,0.9265,-0.3519
1791343258.9471,O,,,,-1.03401,0.9285,-0.3553
1791343258.9478,O,,,,-1.03269,0.9305,-0.3587
1791343258.9451,R,C,,-61,,,
1791343258.9457,R,B,,-52,,,
1791343258.9921,R,A,,-68,,,
1791343259.0193,O,,,,-1.03269,0.9327,-0.3624
1791343259.0203,O,,,,-1.03401,0.9347,-0.3658
1791343259.0210,O,,,,-1.03401,0.9369,-0.3694
1791343259.0218,O,,,,-1.03533,0.9389,-0.3728
1791343259.0164,R,B,,-55,,,
1791343259.0220,R,C,,-56,,,
1791343259.0284,R,B,,-58,,,
1791343259.0286,R,C,,-64,,,
1791343259.0301,R,A,,-68,,,
1791343259.1048,O,,,,-1.03533,0.9411,-0.3765
1791343259.1059,O,,,,-1.03533,0.9432,-0.3801
1791343259.1070,O,,,,-1.03533,0.9451,-0.3833
1791343259.1077,O,,,,-1.03533,0.9473,-0.3869
1791343259.0757,R,A,,-69,,,
1791343259.1166,R,B,,-57,,,
1791343259.1218,R,C,,-60,,,
1791343259.1423,R,A,,-72,,,
1791343259.1432,R,B,,-61,,,
1791343259.1792,O,,,,-1.03533,0.9495,-0.3906
1791343259.1800,O,,,,-1.03401,0.9515,-0.3940
1791343259.1810,O,,,,-1.03401,0.9536,-0.3976
1791343259.1817,O,,,,-1.03401,0.9558,-0.4013
1791343259.1714,R,C,,-64,,,
1791343259.1912,R,A,,-73,,,
1791343259.2541,O,,,,-1.03401,0.9580,-0.4049
1791343259.2554,O,,,,-1.03401,0.9601,-0.4086
1791343259.2562,O,,,,-1.03401,0.9623,-0.4122
1791343259.2570,O,,,,-1.03401,0.9645,-0.4158
1791343259.2133,R,B,,-62,,,
1791343259.2134,R,A,,-73,,,
1791343259.2221,R,C,,-66,,,
1791343259.2633,R,B,,-56,,,
1791343259.2634,R,C,,-66,,,
1791343259.2635,R,A,,-68,,,
1791343259.3077,R,C,,-59,,,
1791343259.3079,R,A,,-75,,,
1791343259.3342,O,,,,-1.03401,0.9666,-0.4195
1791343259.3350,O,,,,-1.03401,0.9685,-0.4227
1791343259.3358,O,,,,-1.03401,0.9707,-0.4263
1791343259.3366,O,,,,-1.03401,0.9729,-0.4299
1791343259.3164,R,B,,-61,,,
1791343259.3490,R,C,,-68,,,
1791343259.3491,R,B,,-64,,,
1791343259.3499,R,A,,-73,,,
1791343259.4092,O,,,,-1.03401,0.9750,-0.4336
1791343259.4100,O,,,,-1.03401,0.9769,-0.4368
1791343259.4109,O,,,,-1.03401,0.9791,-0.4404
1791343259.4119,O,,,,-1.03401,0.9813,-0.4440
1791343259.3910,R,C,,-64,,,
1791343259.3923,R,A,,-68,,,
1791343259.4168,R,B,,-58,,,
1791343259.4424,R,A,,-70,,,
1791343259.4496,R,B,,-59,,,
1791343259.4497,R,C,,-62,,,
1791343259.4793,O,,,,-1.03401,0.9834,-0.4477
1791343259.4806,O,,,,-1.03269,0.9855,-0.4511
1791343259.4814,O,,,,-1.03401,0.9875,-0.4545
1791343259.4779,R,A,,-68,,,
1791343259.4875,R,C,,-68,,,
1791343259.4876,R,B,,-64,,,
1791343259.5593,O,,,,-1.03401,0.9897,-0.4581
1791343259.5603,O,,,,-1.03401,0.9918,-0.4618
1791343259.5610,O,,,,-1.03401,0.9940,-0.4654
1791343259.5621,O,,,,-1.03269,0.9960,-0.4688
1791343259.5186,R,C,,-65,,,
1791343259.5419,R,A,,-66,,,
1791343259.5667,R,B,,-57,,,
1791343259.5714,R,C,,-64,,,
1791343259.5927,R,A,,-68,,,
1791343259.6385,O,,,,-1.03269,0.9982,-0.4725
1791343259.6397,O,,,,-1.03401,1.0002,-0.4759
1791343259.6406,O,,,,-1.03401,1.0024,-0.4795
1791343259.6414,O,,,,-1.03269,1.0044,-0.4829
1791343259.6163,R,B,,-55,,,
1791343259.6212,R,C,,-60,,,
1791343259.6429,R,A,,-69,,,
1791343259.6575,R,B,,-63,,,
1791343259.6577,R,C,,-62,,,
1791343259.6739,R,A,,-78,,,
1791343259.7036,R,B,,-68,,,
1791343259.7043,R,C,,-61,,,
1791343259.7047,R,A,,-74,,,
1791343259.7142,O,,,,-1.03401,1.0065,-0.4864
1791343259.7152,O,,,,-1.03401,1.0086,-0.4900
1791343259.7160,O,,,,-1.03401,1.0108,-0.4936
1791343259.7168,O,,,,-1.03401,1.0127,-0.4968
1791343259.7941,O,,,,-1.03401,1.0149,-0.5005
1791343259.7949,O,,,,-1.03401,1.0170,-0.5041
1791343259.7957,O,,,,-1.03401,1.0192,-0.5077
1791343259.7965,O,,,,-1.03401,1.0214,-0.5114
1791343259.7630,R,B,,-66,,,
1791343259.7634,R,C,,-59,,,
1791343259.7918,R,A,,-76,,,
1791343259.7928,R,C,,-63,,,
1791343259.8109,R,B,,-66,,,
1791343259.8410,R,C,,-60,,,
1791343259.8419,R,A,,-71,,,
1791343259.8420,R,B,,-60,,,
1791343259.8692,O,,,,-1.03401,1.0235,-0.5150
1791343259.8700,O,,,,-1.03269,1.0256,-0.5184
1791343259.8708,O,,,,-1.03269,1.0277,-0.5221
1791343259.8716,O,,,,-1.03136,1.0298,-0.5255
1791343259.9392,O,,,,-1.03004,1.0318,-0.5289
1791343259.9401,O,,,,-1.02739,1.0340,-0.5325
1791343259.9408,O,,,,-1.02739,1.0362,-0.5361
1791343259.9160,R,B,,-68,,,
1791343259.9211,R,C,,-61,,,
1791343259.9420,R,A,,-78,,,
1791343259.9481,R,C,,-63,,,
1791343259.9482,R,B,,-59,,,
1791343259.9708,R,A,,-72,,,
1791343259.9710,R,C,,-65,,,
1791343259.9726,R,B,,-49,,,
1791343260.0193,O,,,,-1.02475,1.0384,-0.5398
1791343260.0203,O,,,,-1.02342,1.0404,-0.5431
1791343260.0211,O,,,,-1.02077,1.0426,-0.5468
1791343260.0219,O,,,,-1.01945,1.0447,-0.5501
1791343260.0212,R,C,,-67,,,
1791343260.0418,R,A,,-82,,,
1791343260.0947,O,,,,-1.01680,1.0469,-0.5538
1791343260.0957,O,,,,-1.01416,1.0492,-0.5573
1791343260.0970,O,,,,-1.01283,1.0513,-0.5607
1791343260.0977,O,,,,-1.01019,1.0535,-0.5643
1791343260.0665,R,B,,-56,,,
1791343260.0710,R,C,,-62,,,
1791343260.1077,R,C,,-68,,,
1791343260.1079,R,B,,-58,,,
1791343260.1122,R,A,,-72,,,
1791343260.1735,O,,,,-1.00754,1.0558,-0.5679
1791343260.1744,O,,,,-1.00489,1.0581,-0.5715
1791343260.1752,O,,,,-1.00357,1.0602,-0.5748
1791343260.1759,O,,,,-1.00092,1.0625,-0.5784
1791343260.1658,R,B,,-56,,,
1791343260.1712,R,C,,-70,,,
1791343260.1992,R,B,,-53,,,
1791343260.1993,R,C,,-66,,,
1791343260.2504,O,,,,-0.99827,1.0648,-0.5820
1791343260.2513,O,,,,-0.99430,1.0669,-0.5853
1791343260.2520,O,,,,-0.99298,1.0691,-0.5886
1791343260.2528,O,,,,-0.99033,1.0714,-0.5922
1791343260.2427,R,A,,-72,,,
1791343260.2466,R,B,,-60,,,
1791343260.2523,R,A,,-74,,,
1791343260.2568,R,C,,-67,,,
1791343260.2939,R,C,,-65,,,
1791343260.3299,O,,,,-0.98768,1.0737,-0.5957
1791343260.3309,O,,,,-0.98504,1.0761,-0.5992
1791343260.3317,O,,,,-0.98239,1.0781,-0.6023
1791343260.3325,O,,,,-0.98106,1.0803,-0.6056
1791343260.3158,R,B,,-55,,,
1791343260.4092,O,,,,-0.97842,1.0827,-0.6091
1791343260.4101,O,,,,-0.97577,1.0850,-0.6126
1791343260.4109,O,,,,-0.97312,1.0871,-0.6157
1791343260.4119,O,,,,-0.97180,1.0894,-0.6190
1791343260.3659,R,B,,-52,,,
1791343260.3709,R,C,,-66,,,
1791343260.4159,R,B,,-55,,,
1791343260.4215,R,C,,-63,,,
1791343260.4416,R,A,,-76,,,
1791343260.4794,O,,,,-0.96915,1.0918,-0.6225
1791343260.4803,O,,,,-0.96783,1.0940,-0.6258
1791343260.4811,O,,,,-0.96518,1.0964,-0.6292
1791343260.4659,R,B,,-55,,,
1791343260.4708,R,C,,-65,,,
1791343260.4916,R,A,,-75,,,
1791343260.4933,R,B,,-56,,,
1791343260.4934,R,C,,-62,,,
1791343260.5543,O,,,,-0.96253,1.0988,-0.6327
1791343260.5554,O,,,,-0.95989,1.1013,-0.6362
1791343260.5562,O,,,,-0.95724,1.1037,-0.6397
1791343260.5570,O,,,,-0.95459,1.1061,-0.6431
1791343260.5258,R,C,,-64,,,
1791343260.5259,R,B,,-58,,,
1791343260.5283,R,A,,-75,,,
1791343260.5713,R,C,,-63,,,
1791343260.5920,R,A,,-72,,,
1791343260.6094,R,B,,-56,,,
1791343260.6097,R,A,,-72,,,
1791343260.6098,R,C,,-62,,,
1791343260.6394,O,,,,-0.95194,1.1083,-0.6461
1791343260.6403,O,,,,-0.94930,1.1107,-0.6496
1791343260.6410,O,,,,-0.94665,1.1132,-0.6530
1791343260.6418,O,,,,-0.94400,1.1157,-0.6565
1791343260.7094,O,,,,-0.94268,1.1180,-0.6597
1791343260.7104,O,,,,-0.94003,1.1205,-0.6631
1791343260.7112,O,,,,-0.93738,1.1230,-0.6665
1791343260.7119,O,,,,-0.93606,1.1254,-0.6697
1791343260.6658,R,B,,-60,,,
1791343260.6687,R,A,,-75,,,
1791343260.6690,R,C,,-64,,,
1791343260.7067,R,B,,-57,,,
1791343260.7072,R,C,,-62,,,
1791343260.7378,R,A,,-77,,,
1791343260.7382,R,B,,-50,,,
1791343260.7893,O,,,,-0.93474,1.1277,-0.6729
1791343260.7902,O,,,,-0.93474,1.1302,-0.6763
1791343260.7910,O,,,,-0.93341,1.1326,-0.6795
1791343260.7917,O,,,,-0.93341,1.1351,-0.6829
1791343260.7706,R,C,,-62,,,
1791343260.7914,R,A,,-74,,,
1791343260.8059,R,C,,-60,,,
1791343260.8068,R,B,,-59,,,
1791343260.8347,R,B,,-63,,,
1791343260.8416,R,A,,-73,,,
1791343260.8692,O,,,,-0.93209,1.1378,-0.6865
1791343260.8701,O,,,,-0.93077,1.1402,-0.6897
1791343260.8709,O,,,,-0.93077,1.1427,-0.6931
1791343260.8717,O,,,,-0.92944,1.1451,-0.6963
1791343260.8708,R,C,,-74,,,
1791343260.8914,R,A,,-79,,,
1791343260.9026,R,B,,-55,,,
1791343260.9341,O,,,,-0.92812,1.1475,-0.6995
1791343260.9350,O,,,,-0.92679,1.1498,-0.7027
1791343260.9357,O,,,,-0.92679,1.1521,-0.7056
1791343260.9122,R,C,,-63,,,
1791343260.9290,R,B,,-66,,,
1791343260.9292,R,C,,-76,,,
1791343260.9416,R,A,,-69,,,
1791343260.9916,R,A,,-76,,,
1791343261.0142,O,,,,-0.92679,1.1543,-0.7086
1791343261.0151,O,,,,-0.92547,1.1564,-0.7113
1791343261.0159,O,,,,-0.92547,1.1586,-0.7143
1791343261.0167,O,,,,-0.92547,1.1608,-0.7173
1791343261.0156,R,B,,-61,,,
1791343261.0202,R,C,,-64,,,
1791343261.0237,R,B,,-56,,,
1791343261.0239,R,A,,-78,,,
1791343261.0947,O,,,,-0.92415,1.1629,-0.7200
1791343261.0957,O,,,,-0.92415,1.1651,-0.7230
1791343261.0965,O,,,,-0.92415,1.1674,-0.7259
1791343261.0973,O,,,,-0.92415,1.1693,-0.7285
1791343261.0682,R,C,,-58,,,
1791343261.0793,R,A,,-77,,,
1791343261.0800,R,B,,-55,,,
1791343261.1175,R,C,,-57,,,
1791343261.1296,R,A,,-72,,,
1791343261.1704,O,,,,-0.92415,1.1715,-0.7314
1791343261.1713,O,,,,-0.92415,1.1734,-0.7340
1791343261.1720,O,,,,-0.92415,1.1753,-0.7365
1791343261.1728,O,,,,-0.92415,1.1772,-0.7390
1791343261.1623,R,C,,-74,,,
1791343261.1625,R,B,,-60,,,
1791343261.1913,R,A,,-69,,,
1791343261.2042,R,C,,-58,,,
1791343261.2491,O,,,,-0.92415,1.1792,-0.7416
1791343261.2500,O,,,,-0.92282,1.1809,-0.7439
1791343261.2508,O,,,,-0.92282,1.1828,-0.7464
1791343261.2515,O,,,,-0.92415,1.1846,-0.7487
1791343261.2140,R,A,,-80,,,
1791343261.2149,R,B,,-56,,,
1791343261.2468,R,B,,-49,,,
1791343261.2473,R,C,,-60,,,
1791343261.2920,R,A,,-72,,,
1791343261.3079,R,C,,-66,,,
1791343261.3084,R,B,,-57,,,
1791343261.3086,R,A,,-78,,,
1791343261.3293,O,,,,-0.92547,1.1863,-0.7511
1791343261.3302,O,,,,-0.92547,1.1879,-0.7532
1791343261.3309,O,,,,-0.92679,1.1897,-0.7555
1791343261.3317,O,,,,-0.92679,1.1913,-0.7576
1791343261.3436,R,C,,-55,,,
1791343261.3498,R,B,,-49,,,
1791343261.4043,O,,,,-0.92679,1.1929,-0.7597
1791343261.4052,O,,,,-0.92812,1.1946,-0.7621
1791343261.4060,O,,,,-0.92944,1.1960,-0.7640
1791343261.4068,O,,,,-0.93077,1.1975,-0.7659
1791343261.4155,R,B,,-49,,,
1791343261.4205,R,C,,-53,,,
1791343261.4417,R,A,,-76,,,
1791343261.4438,R,B,,-49,,,
1791343261.4439,R,C,,-57,,,
1791343261.4742,O,,,,-0.93341,1.1990,-0.7680
1791343261.4751,O,,,,-0.93606,1.2006,-0.7701
1791343261.4758,O,,,,-0.93871,1.2019,-0.7719
1791343261.4887,R,A,,-84,,,
1791343261.4897,R,C,,-62,,,
1791343261.5551,O,,,,-0.94268,1.2033,-0.7738
1791343261.5559,O,,,,-0.94665,1.2047,-0.7757
1791343261.5566,O,,,,-0.95062,1.2061,-0.7776
1791343261.5576,O,,,,-0.95459,1.2071,-0.7792
1791343261.5154,R,B,,-50,,,
1791343261.5411,R,A,,-73,,,
1791343261.5466,R,B,,-49,,,
1791343261.5467,R,C,,-60,,,
1791343261.6294,O,,,,-0.95856,1.2085,-0.7811
1791343261.6307,O,,,,-0.96386,1.2097,-0.7828
1791343261.6317,O,,,,-0.96915,1.2109,-0.7846
1791343261.6324,O,,,,-0.97445,1.2121,-0.7863
1791343261.6158,R,B,,-55,,,
1791343261.6195,R,C,,-61,,,
1791343261.6243,R,A,,-78,,,
1791343261.6254,R,B,,-49,,,
1791343261.7056,O,,,,-0.97842,1.2131,-0.7879
1791343261.7066,O,,,,-0.98371,1.2143,-0.7896
1791343261.7074,O,,,,-0.98901,1.2152,-0.7910
1791343261.7082,O,,,,-0.99430,1.2164,-0.7927
1791343261.6653,R,B,,-50,,,
1791343261.6704,R,C,,-59,,,
1791343261.6911,R,A,,-70,,,
1791343261.7165,R,B,,-49,,,
1791343261.7204,R,C,,-57,,,
1791343261.7410,R,A,,-75,,,
1791343261.7581,R,B,,-49,,,
1791343261.7591,R,C,,-58,,,
1791343261.7593,R,A,,-78,,,
1791343261.7846,O,,,,-0.99827,1.2174,-0.7943
1791343261.7856,O,,,,-1.00224,1.2181,-0.7954
1791343261.7864,O,,,,-1.00621,1.2191,-0.7970
1791343261.7871,O,,,,-1.01019,1.2198,-0.7981
1791343261.8157,R,B,,-50,,,
1791343261.8204,R,C,,-57,,,
1791343261.8421,R,A,,-76,,,
1791343261.8643,O,,,,-1.01283,1.2206,-0.7994
1791343261.8653,O,,,,-1.01813,1.2215,-0.8008
1791343261.8661,O,,,,-1.02210,1.2222,-0.8019
1791343261.8669,O,,,,-1.02739,1.2227,-0.8028
1791343261.8652,R,B,,-49,,,
1791343261.8693,R,C,,-55,,,
1791343261.8923,R,A,,-70,,,
1791343261.8941,R,B,,-51,,,
1791343261.8942,R,C,,-58,,,
1791343261.9345,O,,,,-1.03136,1.2234,-0.8039
1791343261.9355,O,,,,-1.03798,1.2241,-0.8051
1791343261.9367,O,,,,-1.04328,1.2246,-0.8060
1791343261.9388,R,C,,-59,,,
1791343261.9410,R,A,,-85,,,
1791343261.9549,R,B,,-53,,,
1791343262.0105,O,,,,-1.04857,1.2251,-0.8069
1791343262.0115,O,,,,-1.05519,1.2258,-0.8081
1791343262.0127,O,,,,-1.06048,1.2263,-0.8090
1791343261.9883,R,A,,-91,,,
1791343261.9896,R,C,,-62,,,
1791343261.9896,R,B,,-55,,,
1791343262.0136,O,,,,-1.06710,1.2270,-0.8101
1791343262.0327,R,B,,-57,,,
1791343262.0329,R,C,,-62,,,
1791343262.0342,R,A,,-74,,,
1791343262.0900,O,,,,-1.07240,1.2275,-0.8111
1791343262.0909,O,,,,-1.07637,1.2278,-0.8118
1791343262.0917,O,,,,-1.08299,1.2282,-0.8125
1791343262.0925,O,,,,-1.08828,1.2287,-0.8134
1791343262.0764,R,A,,-84,,,
1791343262.0830,R,B,,-54,,,
1791343262.0834,R,C,,-57,,,
1791343262.1408,R,A,,-78,,,
1791343262.1696,O,,,,-1.09358,1.2290,-0.8139
1791343262.1709,O,,,,-1.10019,1.2293,-0.8146
1791343262.1717,O,,,,-1.10681,1.2294,-0.8148
1791343262.1725,O,,,,-1.11343,1.2295,-0.8151
1791343262.1655,R,B,,-50,,,
1791343262.1683,R,C,,-58,,,
1791343262.1708,R,C,,-59,,,
1791343262.1913,R,A,,-71,,,
1791343262.2445,O,,,,-1.11873,1.2298,-0.8155
1791343262.2455,O,,,,-1.12534,1.2299,-0.8158
1791343262.2463,O,,,,-1.13196,1.2300,-0.8160
1791343262.2470,O,,,,-1.13726,1.2300,-0.8160
1791343262.2124,R,C,,-59,,,
1791343262.2154,R,B,,-49,,,
1791343262.2401,R,A,,-77,,,
1791343262.2650,R,B,,-49,,,
1791343262.2702,R,C,,-60,,,
1791343262.2838,R,A,,-79,,,
1791343262.3243,O,,,,-1.14255,1.2300,-0.8160
1791343262.3252,O,,,,-1.14785,1.2302,-0.8165
1791343262.3260,O,,,,-1.15314,1.2302,-0.8165
1791343262.3267,O,,,,-1.15844,1.2302,-0.8165
1791343262.3472,R,C,,-63,,,
1791343262.3943,O,,,,-1.16505,1.2303,-0.8167
1791343262.3952,O,,,,-1.17035,1.2303,-0.8167
1791343262.3960,O,,,,-1.17564,1.2303,-0.8167
1791343262.3968,O,,,,-1.18094,1.2303,-0.8167
1791343262.3651,R,B,,-55,,,
1791343262.3910,R,A,,-69,,,
1791343262.4053,R,B,,-48,,,
1791343262.4055,R,C,,-64,,,
1791343262.4408,R,A,,-79,,,
1791343262.4424,R,C,,-58,,,
1791343262.4520,R,B,,-50,,,
1791343262.4696,O,,,,-1.18623,1.2303,-0.8167
1791343262.4705,O,,,,-1.18888,1.2303,-0.8167
1791343262.4712,O,,,,-1.19417,1.2303,-0.8167
1791343262.4901,R,C,,-63,,,
1791343262.4910,R,A,,-72,,,
1791343262.5495,O,,,,-1.19947,1.2303,-0.8167
1791343262.5505,O,,,,-1.20344,1.2304,-0.8170
1791343262.5514,O,,,,-1.20741,1.2303,-0.8167
1791343262.5522,O,,,,-1.21271,1.2303,-0.8167
1791343262.5132,R,B,,-54,,,
1791343262.5367,R,A,,-72,,,
1791343262.5466,R,B,,-47,,,
1791343262.5704,R,C,,-63,,,
1791343262.5767,R,A,,-82,,,
1791343262.5777,R,B,,-50,,,
1791343262.5779,R,C,,-55,,,
1791343262.6293,O,,,,-1.21668,1.2302,-0.8165
1791343262.6303,O,,,,-1.22065,1.2303,-0.8167
1791343262.6313,O,,,,-1.22462,1.2302,-0.8165
1791343262.6320,O,,,,-1.22727,1.2302,-0.8165
1791343262.6182,R,C,,-55,,,
1791343262.6185,R,A,,-72,,,
1791343262.6568,R,C,,-58,,,
1791343262.7050,O,,,,-1.22991,1.2302,-0.8165
1791343262.7059,O,,,,-1.23124,1.2303,-0.8167
1791343262.7067,O,,,,-1.23256,1.2302,-0.8165
1791343262.7075,O,,,,-1.23521,1.2302,-0.8165
1791343262.6649,R,B,,-50,,,
1791343262.6909,R,A,,-75,,,
1791343262.7041,R,B,,-48,,,
1791343262.7056,R,C,,-58,,,
1791343262.7484,R,B,,-51,,,
1791343262.7498,R,C,,-52,,,
1791343262.7858,O,,,,-1.23521,1.2302,-0.8165
1791343262.7866,O,,,,-1.23653,1.2302,-0.8162
1791343262.7874,O,,,,-1.23653,1.2302,-0.8162
1791343262.7881,O,,,,-1.23653,1.2302,-0.8162
1791343262.7884,R,A,,-86,,,
1791343262.7915,R,A,,-91,,,
1791343262.8089,R,C,,-58,,,
1791343262.8595,O,,,,-1.23653,1.2302,-0.8162
1791343262.8605,O,,,,-1.23653,1.2302,-0.8162
1791343262.8613,O,,,,-1.23653,1.2302,-0.8162
1791343262.8620,O,,,,-1.23653,1.2302,-0.8162
1791343262.8154,R,B,,-56,,,
1791343262.8373,R,A,,-78,,,
1791343262.8452,R,C,,-58,,,
1791343262.8454,R,B,,-53,,,
1791343262.8796,R,A,,-79,,,
1791343262.9294,O,,,,-1.23653,1.2302,-0.8162
1791343262.9304,O,,,,-1.23653,1.2302,-0.8162
1791343262.9312,O,,,,-1.23653,1.2302,-0.8162
1791343262.9147,R,B,,-53,,,
1791343262.9203,R,C,,-51,,,
1791343262.9259,R,B,,-54,,,
1791343262.9260,R,C,,-57,,,
1791343262.9295,R,A,,-83,,,
1791343263.0100,O,,,,-1.23653,1.2302,-0.8162
1791343263.0113,O,,,,-1.23653,1.2302,-0.8162
1791343263.0122,O,,,,-1.23653,1.2302,-0.8162
1791343262.9769,R,A,,-75,,,
1791343262.9772,R,B,,-48,,,
1791343262.9862,R,C,,-60,,,
1791343263.0132,O,,,,-1.23653,1.2302,-0.8162
1791343263.0267,R,A,,-77,,,
1791343263.0334,R,B,,-52,,,
1791343263.0336,R,C,,-52,,,
1791343263.0845,O,,,,-1.23653,1.2302,-0.8162
1791343263.0855,O,,,,-1.23653,1.2302,-0.8162
1791343263.0888,O,,,,-1.23653,1.2302,-0.8162
1791343263.0897,O,,,,-1.23653,1.2302,-0.8162
1791343263.0905,R,A,,-72,,,
1791343263.1135,R,C,,-59,,,
1791343263.1136,R,B,,-50,,,
1791343263.1264,R,A,,-69,,,
1791343263.1398,R,B,,-48,,,
1791343263.1403,R,C,,-62,,,
1791343263.1643,O,,,,-1.23653,1.2302,-0.8162
1791343263.1652,O,,,,-1.23653,1.2302,-0.8162
1791343263.1660,O,,,,-1.23653,1.2302,-0.8162
1791343263.1668,O,,,,-1.23653,1.2302,-0.8162
1791343263.1909,R,A,,-75,,,
1791343263.2058,R,B,,-53,,,
1791343263.2446,O,,,,-1.23653,1.2302,-0.8162
1791343263.2457,O,,,,-1.23653,1.2302,-0.8162
1791343263.2465,O,,,,-1.23653,1.2302,-0.8162
1791343263.2472,O,,,,-1.23653,1.2302,-0.8162
1791343263.2164,R,C,,-54,,,
1791343263.2185,R,C,,-55,,,
1791343263.2420,R,A,,-73,,,
1791343263.2581,R,C,,-61,,,
1791343263.2648,R,B,,-50,,,
1791343263.2749,R,A,,-68,,,
1791343263.3018,R,C,,-60,,,
1791343263.3019,R,B,,-48,,,
1791343263.3202,O,,,,-1.23653,1.2302,-0.8162
1791343263.3212,O,,,,-1.23653,1.2302,-0.8162
1791343263.3219,O,,,,-1.23653,1.2302,-0.8162
1791343263.3227,O,,,,-1.23653,1.2302,-0.8162
1791343263.3404,R,A,,-74,,,
1791343263.3496,R,B,,-54,,,
1791343263.3499,R,A,,-73,,,
1791343263.3503,R,C,,-54,,,
1791343263.3905,O,,,,-1.23653,1.2302,-0.8162
1791343263.3913,O,,,,-1.23653,1.2302,-0.8162
1791343263.3921,O,,,,-1.23653,1.2302,-0.8162
1791343263.3854,R,C,,-62,,,
1791343263.3858,R,B,,-50,,,
1791343263.4407,R,A,,-69,,,
1791343263.4555,R,B,,-49,,,
1791343263.4556,R,C,,-61,,,
1791343263.4693,O,,,,-1.23653,1.2302,-0.8162
1791343263.4702,O,,,,-1.23653,1.2302,-0.8162
1791343263.4710,O,,,,-1.23653,1.2302,-0.8162
1791343263.4718,O,,,,-1.23653,1.2302,-0.8162
1791343263.4867,R,B,,-51,,,
1791343263.4911,R,A,,-72,,,
1791343263.4984,R,C,,-55,,,
1791343263.5443,O,,,,-1.23653,1.2302,-0.8162
1791343263.5453,O,,,,-1.23653,1.2302,-0.8162
1791343263.5462,O,,,,-1.23653,1.2302,-0.8162
1791343263.5470,O,,,,-1.23653,1.2302,-0.8162
1791343263.5172,R,C,,-55,,,
1791343263.5250,R,A,,-70,,,
1791343263.5603,R,C,,-60,,,
1791343263.5625,R,B,,-49,,,
1791343263.5626,R,A,,-70,,,
1791343263.6240,O,,,,-1.23653,1.2302,-0.8162
1791343263.6252,O,,,,-1.23653,1.2302,-0.8162
1791343263.6259,O,,,,-1.23653,1.2302,-0.8162
1791343263.6267,O,,,,-1.23653,1.2302,-0.8162
1791343263.6144,R,B,,-50,,,
1791343263.6194,R,C,,-62,,,
1791343263.6402,R,A,,-74,,,
1791343263.6576,R,B,,-53,,,
1791343263.6578,R,C,,-55,,,
1791343263.7008,O,,,,-1.23653,1.2302,-0.8162
1791343263.7019,O,,,,-1.23653,1.2302,-0.8162
1791343263.7027,O,,,,-1.23653,1.2302,-0.8162
1791343263.7035,O,,,,-1.23653,1.2302,-0.8162
1791343263.6713,R,A,,-71,,,
1791343263.6920,R,B,,-51,,,
1791343263.7195,R,C,,-61,,,
1791343263.7403,R,A,,-72,,,
1791343263.7796,O,,,,-1.23653,1.2302,-0.8162
1791343263.7806,O,,,,-1.23653,1.2302,-0.8162
1791343263.7813,O,,,,-1.23653,1.2302,-0.8162
1791343263.7821,O,,,,-1.23653,1.2302,-0.8162
1791343263.7634,R,B,,-49,,,
1791343263.7664,R,C,,-60,,,
1791343263.7785,R,B,,-57,,,
1791343263.7877,R,A,,-70,,,
1791343263.7882,R,C,,-56,,,
1791343263.8596,O,,,,-1.23653,1.2302,-0.8162
1791343263.8606,O,,,,-1.23653,1.2302,-0.8162
1791343263.8613,O,,,,-1.23653,1.2302,-0.8162
1791343263.8621,O,,,,-1.23653,1.2302,-0.8162
1791343263.8196,R,C,,-56,,,
1791343263.8207,R,A,,-69,,,
1791343263.8583,R,B,,-57,,,
1791343263.8644,R,B,,-60,,,
1791343263.8703,R,C,,-64,,,
1791343263.8902,R,A,,-73,,,
1791343263.9110,R,C,,-63,,,
1791343263.9296,O,,,,-1.23653,1.2302,-0.8162
1791343263.9305,O,,,,-1.23653,1.2302,-0.8162
1791343263.9315,O,,,,-1.23653,1.2302,-0.8162
1791343263.9124,R,B,,-56,,,
1791343263.9157,R,A,,-69,,,
1791343263.9555,R,C,,-68,,,
1791343263.9557,R,B,,-61,,,
1791343264.0042,O,,,,-1.23653,1.2302,-0.8162
1791343264.0050,O,,,,-1.23653,1.2302,-0.8162
1791343264.0058,O,,,,-1.23653,1.2302,-0.8162
1791343264.0066,O,,,,-1.23653,1.2302,-0.8162
1791343263.9904,R,A,,-67,,,
1791343264.0006,R,C,,-66,,,
1791343264.0010,R,B,,-64,,,
1791343264.0403,R,A,,-82,,,
1791343264.0583,R,C,,-62,,,
1791343264.0597,R,B,,-57,,,
1791343264.0842,O,,,,-1.23653,1.2302,-0.8162
1791343264.0852,O,,,,-1.23653,1.2302,-0.8162
1791343264.0860,O,,,,-1.23653,1.2302,-0.8162
1791343264.0867,O,,,,-1.23653,1.2302,-0.8162
1791343264.0900,R,B,,-60,,,
1791343264.0902,R,C,,-66,,,
1791343264.0904,R,A,,-73,,,
1791343264.1594,O,,,,-1.23653,1.2302,-0.8162
1791343264.1603,O,,,,-1.23653,1.2302,-0.8162
1791343264.1611,O,,,,-1.23653,1.2302,-0.8162
1791343264.1618,O,,,,-1.23653,1.2302,-0.8162
1791343264.1401,R,A,,-68,,,
1791343264.1642,R,B,,-65,,,
1791343264.1695,R,C,,-68,,,
1791343264.1861,R,A,,-72,,,
1791343264.1867,R,C,,-63,,,
1791343264.1882,R,B,,-53,,,
1791343264.2393,O,,,,-1.23653,1.2302,-0.8162
1791343264.2401,O,,,,-1.23653,1.2302,-0.8162
1791343264.2409,O,,,,-1.23653,1.2302,-0.8162
1791343264.2417,O,,,,-1.23653,1.2302,-0.8162
1791343264.2366,R,A,,-73,,,
1791343264.2643,R,B,,-56,,,
1791343264.2699,R,C,,-66,,,
1791343264.2853,R,B,,-58,,,
1791343264.2855,R,A,,-67,,,
1791343264.3191,O,,,,-1.23653,1.2302,-0.8162
1791343264.3202,O,,,,-1.23653,1.2302,-0.8162
1791343264.3211,O,,,,-1.23653,1.2302,-0.8162
1791343264.3218,O,,,,-1.23653,1.2302,-0.8162
1791343264.3200,R,C,,-66,,,
1791343264.3323,R,A,,-69,,,
1791343264.3328,R,C,,-63,,,
1791343264.3329,R,B,,-49,,,
1791343264.3849,O,,,,-1.23653,1.2302,-0.8162
1791343264.3857,O,,,,-1.23653,1.2302,-0.8162
1791343264.3865,O,,,,-1.23653,1.2302,-0.8162
1791343264.3755,R,A,,-73,,,
1791343264.3842,R,B,,-50,,,
1791343264.3844,R,C,,-63,,,
1791343264.4392,R,C,,-63,,,
1791343264.4400,R,A,,-67,,,
1791343264.4645,O,,,,-1.23653,1.2302,-0.8162
1791343264.4658,O,,,,-1.23653,1.2302,-0.8162
1791343264.4670,O,,,,-1.23653,1.2302,-0.8162
1791343264.4686,O,,,,-1.23653,1.2302,-0.8162
1791343264.4642,R,B,,-52,,,
1791343264.4697,R,C,,-62,,,
1791343264.4795,R,A,,-69,,,
1791343264.5090,R,C,,-62,,,
1791343264.5090,R,B,,-48,,,
1791343264.5446,O,,,,-1.23653,1.2302,-0.8162
1791343264.5456,O,,,,-1.23653,1.2302,-0.8162
1791343264.5464,O,,,,-1.23653,1.2302,-0.8162
1791343264.5473,O,,,,-1.23653,1.2302,-0.8162
1791343264.5399,R,A,,-71,,,
1791343264.5506,R,C,,-58,,,
1791343264.5642,R,B,,-51,,,
1791343264.5883,R,B,,-51,,,
1791343264.5884,R,C,,-61,,,
1791343264.5900,R,A,,-66,,,
1791343264.6201,O,,,,-1.23653,1.2302,-0.8162
1791343264.6211,O,,,,-1.23653,1.2302,-0.8162
1791343264.6219,O,,,,-1.23653,1.2302,-0.8162
1791343264.6227,O,,,,-1.23653,1.2302,-0.8162
1791343264.6334,R,A,,-68,,,
1791343264.6336,R,C,,-59,,,
1791343264.6551,R,B,,-48,,,
1791343264.6992,O,,,,-1.23653,1.2302,-0.8162
1791343264.7002,O,,,,-1.23653,1.2302,-0.8162
1791343264.7010,O,,,,-1.23653,1.2302,-0.8162
1791343264.7042,O,,,,-1.23653,1.2302,-0.8162
1791343264.6898,R,A,,-69,,,
1791343264.7139,R,B,,-49,,,
1791343264.7192,R,C,,-60,,,
1791343264.7254,R,C,,-60,,,
1791343264.7256,R,B,,-50,,,
1791343264.7398,R,A,,-66,,,
1791343264.7747,O,,,,-1.23653,1.2302,-0.8162
1791343264.7758,O,,,,-1.23653,1.2302,-0.8162
1791343264.7767,O,,,,-1.23653,1.2302,-0.8162
1791343264.7776,O,,,,-1.23653,1.2302,-0.8162
1791343264.7688,R,A,,-68,,,
1791343264.7692,R,C,,-60,,,
1791343264.8109,R,B,,-48,,,
1791343264.8544,O,,,,-1.23653,1.2302,-0.8162
1791343264.8554,O,,,,-1.23653,1.2302,-0.8162
1791343264.8563,O,,,,-1.23653,1.2302,-0.8162
1791343264.8571,O,,,,-1.23653,1.2302,-0.8162
1791343264.8125,R,C,,-60,,,
1791343264.8134,R,B,,-49,,,
1791343264.8324,R,A,,-70,,,
1791343264.8645,R,B,,-49,,,
1791343264.8690,R,C,,-58,,,
1791343264.8905,R,A,,-66,,,
1791343264.8947,R,C,,-61,,,
1791343264.9248,O,,,,-1.23653,1.2302,-0.8162
1791343264.9258,O,,,,-1.23653,1.2302,-0.8162
1791343264.9266,O,,,,-1.23653,1.2302,-0.8162
1791343264.9140,R,B,,-52,,,
1791343264.9207,R,A,,-68,,,
1791343264.9401,R,A,,-68,,,
1791343264.9404,R,B,,-49,,,
1791343265.0078,O,,,,-1.23653,1.2302,-0.8162
1791343265.0087,O,,,,-1.23653,1.2302,-0.8162
1791343265.0095,O,,,,-1.23653,1.2302,-0.8162
1791343265.0102,O,,,,-1.23653,1.2302,-0.8162
1791343264.9690,R,C,,-60,,,
1791343264.9897,R,A,,-68,,,
1791343265.0138,R,B,,-50,,,
1791343265.0190,R,C,,-60,,,
1791343265.0379,R,A,,-67,,,
1791343265.0809,O,,,,-1.23653,1.2302,-0.8162
1791343265.0818,O,,,,-1.23653,1.2302,-0.8162
1791343265.0826,O,,,,-1.23653,1.2302,-0.8162
1791343265.0834,O,,,,-1.23653,1.2302,-0.8162
1791343265.0640,R,B,,-55,,,
1791343265.0697,R,C,,-60,,,
1791343265.0904,R,A,,-69,,,
1791343265.1597,O,,,,-1.23653,1.2302,-0.8162
1791343265.1606,O,,,,-1.23653,1.2302,-0.8162
1791343265.1615,O,,,,-1.23653,1.2302,-0.8162
1791343265.1622,O,,,,-1.23653,1.2302,-0.8162
1791343265.1137,R,B,,-49,,,
1791343265.1190,R,C,,-60,,,
1791343265.1409,R,A,,-68,,,
1791343265.1432,R,C,,-60,,,
1791343265.1434,R,B,,-51,,,
1791343265.1828,R,B,,-55,,,
1791343265.1912,R,A,,-67,,,
1791343265.1990,R,C,,-60,,,
1791343265.2350,O,,,,-1.23653,1.2302,-0.8162
1791343265.2359,O,,,,-1.23653,1.2302,-0.8162
1791343265.2368,O,,,,-1.23653,1.2302,-0.8162
1791343265.2376,O,,,,-1.23653,1.2302,-0.8162
1791343265.2291,R,C,,-61,,,
1791343265.2403,R,A,,-69,,,
1791343265.2644,R,B,,-49,,,
1791343265.2689,R,C,,-61,,,
1791343265.2888,R,A,,-69,,,
1791343265.3143,O,,,,-1.23653,1.2302,-0.8162
1791343265.3153,O,,,,-1.23653,1.2302,-0.8162
1791343265.3163,O,,,,-1.23653,1.2302,-0.8162
1791343265.3171,O,,,,-1.23653,1.2302,-0.8162
1791343265.3138,R,B,,-54,,,
1791343265.3189,R,C,,-59,,,
1791343265.3397,R,A,,-67,,,
1791343265.3599,R,C,,-62,,,
1791343265.3854,O,,,,-1.23653,1.2302,-0.8162
1791343265.3863,O,,,,-1.23653,1.2302,-0.8162
1791343265.3871,O,,,,-1.23653,1.2302,-0.8162
1791343265.3637,R,B,,-55,,,
1791343265.3898,R,A,,-69,,,
1791343265.4099,R,C,,-61,,,
1791343265.4597,O,,,,-1.23653,1.2302,-0.8162
1791343265.4607,O,,,,-1.23653,1.2302,-0.8162
1791343265.4615,O,,,,-1.23653,1.2302,-0.8162
1791343265.4624,O,,,,-1.23653,1.2302,-0.8162
1791343265.4137,R,B,,-49,,,
1791343265.4168,R,A,,-69,,,
1791343265.4577,R,B,,-50,,,
1791343265.4581,R,C,,-59,,,
1791343265.4904,R,A,,-67,,,
1791343265.4981,R,B,,-54,,,
1791343265.5028,R,A,,-69,,,
1791343265.5402,O,,,,-1.23653,1.2302,-0.8162
1791343265.5413,O,,,,-1.23653,1.2302,-0.8162
1791343265.5421,O,,,,-1.23653,1.2302,-0.8162
1791343265.5429,O,,,,-1.23653,1.2302,-0.8162
1791343265.5188,R,C,,-61,,,
1791343265.5415,R,C,,-61,,,
1791343265.5417,R,B,,-49,,,
1791343265.5898,R,A,,-71,,,
1791343265.6004,R,C,,-58,,,
1791343265.6203,O,,,,-1.23653,1.2302,-0.8162
1791343265.6215,O,,,,-1.23653,1.2302,-0.8162
1791343265.6224,O,,,,-1.23653,1.2302,-0.8162
1791343265.6231,O,,,,-1.23653,1.2302,-0.8162
1791343265.6136,R,B,,-51,,,
1791343265.6395,R,A,,-67,,,
1791343265.6535,R,B,,-51,,,
1791343265.6537,R,C,,-61,,,
1791343265.6950,O,,,,-1.23653,1.2302,-0.8162
1791343265.6961,O,,,,-1.23653,1.2302,-0.8162
1791343265.6970,O,,,,-1.23653,1.2302,-0.8162
1791343265.6978,O,,,,-1.23653,1.2302,-0.8162
1791343265.6809,R,A,,-68,,,
1791343265.6811,R,B,,-49,,,
1791343265.6885,R,C,,-61,,,
1791343265.7395,R,A,,-73,,,
1791343265.7532,R,C,,-61,,,
1791343265.7536,R,B,,-49,,,
1791343265.7751,O,,,,-1.23653,1.2302,-0.8162
1791343265.7761,O,,,,-1.23653,1.2302,-0.8162
1791343265.7769,O,,,,-1.23653,1.2302,-0.8162
1791343265.7777,O,,,,-1.23653,1.2302,-0.8162
1791343265.7658,R,C,,-61,,,
1791343265.7907,R,A,,-67,,,
1791343265.8502,O,,,,-1.23653,1.2302,-0.8162
1791343265.8510,O,,,,-1.23653,1.2302,-0.8162
1791343265.8518,O,,,,-1.23653,1.2302,-0.8162
1791343265.8526,O,,,,-1.23653,1.2302,-0.8162
1791343265.8135,R,B,,-55,,,
1791343265.8193,R,C,,-61,,,
1791343265.8398,R,A,,-70,,,
1791343265.8636,R,B,,-49,,,
1791343265.8694,R,C,,-61,,,
1791343265.8896,R,A,,-74,,,
1791343265.8979,R,C,,-60,,,
1791343265.8981,R,B,,-52,,,
1791343265.9193,O,,,,-1.23653,1.2302,-0.8162
1791343265.9203,O,,,,-1.23653,1.2302,-0.8162
1791343265.9226,O,,,,-1.23653,1.2302,-0.8162
1791343265.9358,R,A,,-67,,,
1791343265.9385,R,A,,-67,,,
1791343265.9388,R,B,,-55,,,
1791343265.9389,R,C,,-62,,,
1791343266.0004,O,,,,-1.23653,1.2302,-0.8162
1791343266.0015,O,,,,-1.23653,1.2302,-0.8162
1791343266.0027,O,,,,-1.23653,1.2302,-0.8162
1791343266.0035,O,,,,-1.23653,1.2302,-0.8162
1791343265.9783,R,B,,-50,,,
1791343265.9893,R,A,,-70,,,
1791343266.0126,R,C,,-61,,,
1791343266.0292,R,C,,-62,,,
1791343266.0318,R,B,,-51,,,
1791343266.0322,R,A,,-78,,,
1791343266.0753,O,,,,-1.23653,1.2302,-0.8162
1791343266.0763,O,,,,-1.23653,1.2302,-0.8162
1791343266.0771,O,,,,-1.23653,1.2302,-0.8162
1791343266.0778,O,,,,-1.23653,1.2302,-0.8162
1791343266.0713,R,B,,-57,,,
1791343266.0784,R,A,,-68,,,
1791343266.1553,O,,,,-1.23653,1.2302,-0.8162
1791343266.1563,O,,,,-1.23653,1.2302,-0.8162
1791343266.1571,O,,,,-1.23653,1.2302,-0.8162
1791343266.1578,O,,,,-1.23653,1.2302,-0.8162
1791343266.1193,R,C,,-65,,,
1791343266.1394,R,A,,-71,,,
1791343266.1625,R,B,,-49,,,
1791343266.1644,R,B,,-50,,,
1791343266.1686,R,C,,-57,,,
1791343266.1895,R,A,,-84,,,
1791343266.2086,R,B,,-57,,,
1791343266.2090,R,C,,-62,,,
1791343266.2347,O,,,,-1.23653,1.2302,-0.8162
1791343266.2357,O,,,,-1.23653,1.2302,-0.8162
1791343266.2365,O,,,,-1.23653,1.2302,-0.8162
1791343266.2373,O,,,,-1.23653,1.2302,-0.8162
1791343266.2172,R,A,,-69,,,
1791343266.2530,R,B,,-64,,,
1791343266.3098,O,,,,-1.23653,1.2302,-0.8162
1791343266.3109,O,,,,-1.23653,1.2302,-0.8162
1791343266.3117,O,,,,-1.23653,1.2302,-0.8162
1791343266.3125,O,,,,-1.23653,1.2302,-0.8162
1791343266.2685,R,C,,-64,,,
1791343266.2847,R,A,,-73,,,
1791343266.3071,R,C,,-60,,,
1791343266.3075,R,B,,-56,,,
1791343266.3414,R,C,,-59,,,
1791343266.3485,R,B,,-56,,,
1791343266.3806,O,,,,-1.23653,1.2302,-0.8162
1791343266.3816,O,,,,-1.23653,1.2302,-0.8162
1791343266.3824,O,,,,-1.23653,1.2302,-0.8162
1791343266.3885,R,B,,-58,,,
1791343266.3886,R,C,,-59,,,
1791343266.4605,O,,,,-1.23653,1.2302,-0.8162
1791343266.4616,O,,,,-1.23653,1.2302,-0.8162
1791343266.4624,O,,,,-1.23653,1.2302,-0.8162
1791343266.4362,R,A,,-72,,,
1791343266.4634,O,,,,-1.23653,1.2302,-0.8162
1791343266.4634,R,B,,-49,,,
1791343266.4683,R,C,,-57,,,
1791343266.4858,R,A,,-81,,,
1791343266.4864,R,C,,-57,,,
1791343266.4865,R,B,,-51,,,
1791343266.5353,O,,,,-1.23653,1.2302,-0.8162
1791343266.5366,O,,,,-1.23653,1.2302,-0.8162
1791343266.5374,O,,,,-1.23653,1.2302,-0.8162
1791343266.5382,O,,,,-1.23653,1.2302,-0.8162
1791343266.5392,R,A,,-71,,,
1791343266.5491,R,B,,-57,,,
1791343266.5495,R,C,,-58,,,
1791343266.5849,R,A,,-76,,,
1791343266.5984,R,C,,-56,,,
1791343266.6143,O,,,,-1.23653,1.2302,-0.8162
1791343266.6151,O,,,,-1.23653,1.2302,-0.8162
1791343266.6159,O,,,,-1.23653,1.2302,-0.8162
1791343266.6166,O,,,,-1.23653,1.2302,-0.8162
1791343266.6261,R,B,,-56,,,
1791343266.6332,R,C,,-55,,,
1791343266.6907,O,,,,-1.23653,1.2302,-0.8162
1791343266.6916,O,,,,-1.23653,1.2302,-0.8162
1791343266.6924,O,,,,-1.23653,1.2302,-0.8162
1791343266.6932,O,,,,-1.23653,1.2302,-0.8162
1791343266.6893,R,A,,-77,,,
1791343266.6998,R,B,,-64,,,
1791343266.7558,R,B,,-58,,,
1791343266.7702,O,,,,-1.23653,1.2302,-0.8162
1791343266.7713,O,,,,-1.23653,1.2302,-0.8162
1791343266.7720,O,,,,-1.23653,1.2302,-0.8162
1791343266.7728,O,,,,-1.23653,1.2302,-0.8162
1791343266.7893,R,A,,-73,,,
1791343266.8069,R,C,,-54,,,
1791343266.8074,R,B,,-54,,,
1791343266.8505,O,,,,-1.23653,1.2302,-0.8162
1791343266.8515,O,,,,-1.23653,1.2302,-0.8162
1791343266.8523,O,,,,-1.23653,1.2302,-0.8162
1791343266.8530,O,,,,-1.23653,1.2302,-0.8162
1791343266.8182,R,A,,-84,,,
1791343266.8185,R,C,,-55,,,
1791343266.8599,R,C,,-57,,,
1791343266.8613,R,A,,-91,,,
1791343266.8634,R,B,,-58,,,
1791343266.9203,O,,,,-1.23653,1.2302,-0.8162
1791343266.9213,O,,,,-1.23653,1.2302,-0.8162
1791343266.9221,O,,,,-1.23653,1.2302,-0.8162
1791343266.9125,R,B,,-49,,,
1791343266.9128,R,C,,-56,,,
1791343266.9129,R,A,,-72,,,
1791343266.9484,R,B,,-50,,,
1791343266.9953,O,,,,-1.23653,1.2302,-0.8162
1791343266.9963,O,,,,-1.23653,1.2302,-0.8162
1791343266.9971,O,,,,-1.23653,1.2302,-0.8162
1791343266.9979,O,,,,-1.23653,1.2302,-0.8162
1791343266.9670,R,C,,-54,,,
1791343266.9890,R,A,,-77,,,
1791343267.0136,R,B,,-49,,,
1791343267.0185,R,C,,-56,,,
1791343267.0187,R,A,,-74,,,
1791343267.0378,R,A,,-71,,,
1791343267.0380,R,B,,-46,,,
1791343267.0753,O,,,,-1.23653,1.2302,-0.8162
1791343267.0768,O,,,,-1.23653,1.2302,-0.8162
1791343267.0780,O,,,,-1.23653,1.2302,-0.8162
1791343267.0790,O,,,,-1.23653,1.2302,-0.8162
1791343267.0683,R,C,,-56,,,
1791343267.0893,R,A,,-69,,,
1791343267.1501,O,,,,-1.23653,1.2302,-0.8162
1791343267.1511,O,,,,-1.23653,1.2302,-0.8162
1791343267.1519,O,,,,-1.23653,1.2302,-0.8162
1791343267.1527,O,,,,-1.23653,1.2302,-0.8162
1791343267.1131,R,B,,-48,,,
1791343267.1183,R,C,,-54,,,
1791343267.1282,R,B,,-48,,,
1791343267.1284,R,C,,-55,,,
1791343267.1290,R,A,,-77,,,
1791343267.1749,R,A,,-70,,,
1791343267.2302,O,,,,-1.23653,1.2302,-0.8162
1791343267.2313,O,,,,-1.23653,1.2302,-0.8162
1791343267.2345,O,,,,-1.23653,1.2302,-0.8162
1791343267.2354,O,,,,-1.23653,1.2302,-0.8162
1791343267.2130,R,B,,-45,,,
1791343267.2184,R,C,,-56,,,
1791343267.2296,R,B,,-47,,,
1791343267.2297,R,C,,-52,,,
1791343267.2390,R,A,,-72,,,
1791343267.3102,O,,,,-1.23653,1.2302,-0.8162
1791343267.3113,O,,,,-1.23653,1.2302,-0.8162
1791343267.3120,O,,,,-1.23653,1.2302,-0.8162
1791343267.2890,R,A,,-81,,,
1791343267.2934,R,B,,-49,,,
1791343267.3130,O,,,,-1.23653,1.2302,-0.8162
1791343267.3167,R,C,,-56,,,
1791343267.3288,R,B,,-46,,,
1791343267.3403,R,A,,-69,,,
1791343267.3749,O,,,,-1.23653,1.2302,-0.8162
1791343267.3758,O,,,,-1.23653,1.2302,-0.8162
1791343267.3766,O,,,,-1.23653,1.2302,-0.8162
1791343267.3629,R,B,,-46,,,
1791343267.3631,R,C,,-55,,,
1791343267.3889,R,A,,-72,,,
1791343267.4554,O,,,,-1.23653,1.2302,-0.8162
1791343267.4566,O,,,,-1.23653,1.2302,-0.8162
1791343267.4575,O,,,,-1.23653,1.2302,-0.8162
1791343267.4582,O,,,,-1.23653,1.2302,-0.8162
1791343267.4127,R,C,,-51,,,
1791343267.4128,R,B,,-47,,,
1791343267.4325,R,A,,-81,,,
1791343267.4553,R,B,,-48,,,
1791343267.4555,R,C,,-57,,,
1791343267.4889,R,A,,-70,,,
1791343267.5352,O,,,,-1.23653,1.2302,-0.8162
1791343267.5389,O,,,,-1.23653,1.2302,-0.8162
1791343267.5397,O,,,,-1.23653,1.2302,-0.8162
1791343267.5407,O,,,,-1.23653,1.2302,-0.8162
1791343267.5482,R,B,,-48,,,
1791343267.5484,R,C,,-56,,,
1791343267.5486,R,A,,-71,,,
1791343267.6122,O,,,,-1.23653,1.2302,-0.8162
1791343267.6136,O,,,,-1.23653,1.2302,-0.8162
1791343267.5926,R,C,,-60,,,
1791343267.6146,O,,,,-1.23653,1.2302,-0.8162
1791343267.6154,O,,,,-1.23653,1.2302,-0.8162
1791343267.6129,R,B,,-50,,,
1791343267.6392,R,A,,-72,,,
1791343267.6429,R,C,,-61,,,
1791343267.6468,R,B,,-48,,,
1791343267.6472,R,A,,-71,,,
1791343267.6899,O,,,,-1.23653,1.2302,-0.8162
1791343267.6909,O,,,,-1.23653,1.2302,-0.8162
1791343267.6917,O,,,,-1.23653,1.2302,-0.8162
1791343267.6925,O,,,,-1.23521,1.2302,-0.8165
1791343267.6915,R,C,,-57,,,
1791343267.7028,R,B,,-50,,,
1791343267.7322,R,A,,-74,,,
1791343267.7538,R,B,,-49,,,
1791343267.7539,R,C,,-58,,,
1791343267.7699,O,,,,-1.23521,1.2302,-0.8165
1791343267.7710,O,,,,-1.23521,1.2302,-0.8165
1791343267.7718,O,,,,-1.23388,1.2302,-0.8162
1791343267.7726,O,,,,-1.23388,1.2302,-0.8162
1791343267.7820,R,C,,-57,,,
1791343267.7823,R,B,,-48,,,
1791343267.7888,R,A,,-76,,,
1791343267.8350,O,,,,-1.23256,1.2301,-0.8160
1791343267.8361,O,,,,-1.22991,1.2301,-0.8160
1791343267.8368,O,,,,-1.22594,1.2300,-0.8157
1791343267.8386,R,A,,-71,,,
1791343267.8405,R,C,,-57,,,
1791343267.8407,R,B,,-50,,,
1791343267.8649,R,A,,-75,,,
1791343267.8679,R,C,,-58,,,
1791343267.9144,O,,,,-1.22197,1.2301,-0.8160
1791343267.9152,O,,,,-1.21535,1.2300,-0.8157
1791343267.9160,O,,,,-1.20873,1.2299,-0.8155
1791343267.9168,O,,,,-1.20079,1.2299,-0.8155
1791343267.9128,R,B,,-49,,,
1791343267.9178,R,C,,-60,,,
1791343267.9389,R,A,,-68,,,
1791343267.9950,O,,,,-1.19153,1.2298,-0.8152
1791343267.9962,O,,,,-1.18094,1.2298,-0.8152
1791343267.9970,O,,,,-1.17035,1.2298,-0.8152
1791343267.9978,O,,,,-1.15844,1.2297,-0.8150
1791343267.9627,R,B,,-44,,,
1791343267.9631,R,C,,-57,,,
1791343268.0127,R,B,,-49,,,
1791343268.0169,R,C,,-51,,,
1791343268.0389,R,A,,-70,,,
1791343268.0494,R,A,,-74,,,
1791343268.0497,R,C,,-56,,,
1791343268.0498,R,B,,-49,,,
1791343268.0701,O,,,,-1.14520,1.2297,-0.8150
1791343268.0709,O,,,,-1.13064,1.2296,-0.8148
1791343268.0717,O,,,,-1.11740,1.2296,-0.8148
1791343268.0724,O,,,,-1.10152,1.2296,-0.8148
1791343268.0940,R,B,,-47,,,
1791343268.1073,R,C,,-54,,,
1791343268.1081,R,A,,-66,,,
1791343268.1494,O,,,,-1.08696,1.2295,-0.8145
1791343268.1503,O,,,,-1.07107,1.2295,-0.8145
1791343268.1511,O,,,,-1.05519,1.2295,-0.8145
1791343268.1520,O,,,,-1.03931,1.2295,-0.8145
1791343268.1408,R,B,,-45,,,
1791343268.1679,R,C,,-49,,,
1791343268.1868,R,A,,-64,,,
1791343268.2256,O,,,,-1.02342,1.2292,-0.8141
1791343268.2265,O,,,,-1.00754,1.2292,-0.8141
1791343268.2273,O,,,,-0.99165,1.2292,-0.8141
1791343268.2280,O,,,,-0.97577,1.2292,-0.8141
1791343268.2126,R,B,,-49,,,
1791343268.2178,R,C,,-51,,,
1791343268.2386,R,A,,-68,,,
1791343268.2430,R,C,,-47,,,
1791343268.2434,R,B,,-48,,,
1791343268.3048,O,,,,-0.95989,1.2292,-0.8141
1791343268.3057,O,,,,-0.94400,1.2292,-0.8141
1791343268.3065,O,,,,-0.92679,1.2293,-0.8143
1791343268.3073,O,,,,-0.91091,1.2293,-0.8143
1791343268.2676,R,A,,-67,,,
1791343268.2685,R,C,,-48,,,
1791343268.2740,R,B,,-50,,,
1791343268.3128,R,A,,-69,,,
1791343268.3130,R,B,,-54,,,
1791343268.3180,R,C,,-56,,,
1791343268.3508,R,C,,-53,,,
1791343268.3752,O,,,,-0.89370,1.2292,-0.8141
1791343268.3760,O,,,,-0.87782,1.2292,-0.8141
1791343268.3768,O,,,,-0.86194,1.2292,-0.8141
1791343268.3630,R,B,,-49,,,
1791343268.3826,R,A,,-66,,,
1791343268.3992,R,B,,-47,,,
1791343268.4554,O,,,,-0.84738,1.2293,-0.8143
1791343268.4566,O,,,,-0.83149,1.2293,-0.8143
1791343268.4574,O,,,,-0.81561,1.2293,-0.8143
1791343268.4581,O,,,,-0.79972,1.2293,-0.8143
1791343268.4180,R,C,,-50,,,
1791343268.4387,R,A,,-63,,,
1791343268.4626,R,B,,-47,,,
1791343268.4683,R,C,,-47,,,
1791343268.4885,R,A,,-65,,,
1791343268.4910,R,B,,-50,,,
1791343268.4911,R,C,,-51,,,
1791343268.5301,O,,,,-0.78516,1.2295,-0.8145
1791343268.5312,O,,,,-0.76928,1.2295,-0.8145
1791343268.5321,O,,,,-0.75472,1.2297,-0.8146
1791343268.5329,O,,,,-0.73884,1.2297,-0.8146
1791343268.5319,R,C,,-49,,,
1791343268.5321,R,B,,-50,,,
1791343268.5388,R,A,,-68,,,
1791343268.6124,O,,,,-0.72295,1.2297,-0.8146
1791343268.6153,O,,,,-0.70839,1.2295,-0.8145
1791343268.5886,R,A,,-69,,,
1791343268.5940,R,C,,-50,,,
1791343268.5944,R,B,,-51,,,
1791343268.6163,O,,,,-0.69251,1.2295,-0.8145
1791343268.6171,O,,,,-0.67795,1.2297,-0.8146
1791343268.6276,R,B,,-56,,,
1791343268.6293,R,A,,-71,,,
1791343268.6407,R,C,,-50,,,
1791343268.6853,O,,,,-0.66206,1.2297,-0.8146
1791343268.6864,O,,,,-0.64618,1.2297,-0.8146
1791343268.6871,O,,,,-0.63162,1.2295,-0.8145
1791343268.6879,O,,,,-0.61574,1.2295,-0.8145
1791343268.6774,R,C,,-50,,,
1791343268.6966,R,B,,-50,,,
1791343268.7223,R,A,,-71,,,
1791343268.7645,O,,,,-0.59985,1.2295,-0.8145
1791343268.7654,O,,,,-0.58661,1.2295,-0.8145
1791343268.7663,O,,,,-0.57073,1.2295,-0.8145
1791343268.7670,O,,,,-0.55485,1.2295,-0.8145
1791343268.7628,R,B,,-51,,,
1791343268.7629,R,C,,-50,,,
1791343268.7652,R,C,,-51,,,
1791343268.7892,R,A,,-75,,,
1791343268.8357,O,,,,-0.54029,1.2293,-0.8143
1791343268.8366,O,,,,-0.52573,1.2295,-0.8145
1791343268.8374,O,,,,-0.50984,1.2295,-0.8145
1791343268.8126,R,B,,-68,,,
1791343268.8127,R,C,,-50,,,
1791343268.8397,R,A,,-73,,,
1791343268.8564,R,B,,-67,,,
1791343268.8567,R,C,,-50,,,
1791343268.8570,R,A,,-62,,,
1791343268.9097,O,,,,-0.49528,1.2293,-0.8143
1791343268.9107,O,,,,-0.47940,1.2293,-0.8143
1791343268.9115,O,,,,-0.46484,1.2295,-0.8145
1791343268.9123,O,,,,-0.45028,1.2293,-0.8144
1791343268.9079,R,B,,-52,,,
1791343268.9080,R,C,,-50,,,
1791343268.9082,R,A,,-68,,,
1791343268.9448,R,C,,-49,,,
1791343268.9897,O,,,,-0.43439,1.2293,-0.8144
1791343268.9907,O,,,,-0.41851,1.2293,-0.8144
1791343268.9915,O,,,,-0.40527,1.2293,-0.8144
1791343268.9923,O,,,,-0.38939,1.2293,-0.8144
1791343268.9630,R,B,,-52,,,
1791343268.9886,R,A,,-69,,,
1791343269.0062,R,C,,-48,,,
1791343269.0064,R,B,,-51,,,
1791343269.0383,R,A,,-72,,,
1791343269.0695,O,,,,-0.37351,1.2293,-0.8144
1791343269.0705,O,,,,-0.36027,1.2293,-0.8144
1791343269.0713,O,,,,-0.34439,1.2293,-0.8144
1791343269.0720,O,,,,-0.32850,1.2293,-0.8144
1791343269.0627,R,B,,-56,,,
1791343269.0628,R,C,,-49,,,
1791343269.0808,R,B,,-67,,,
1791343269.0886,R,A,,-65,,,
1791343269.1442,O,,,,-0.31262,1.2293,-0.8144
1791343269.1451,O,,,,-0.29938,1.2293,-0.8144
1791343269.1459,O,,,,-0.28614,1.2298,-0.8145
1791343269.1466,O,,,,-0.27158,1.2300,-0.8146
1791343269.1126,R,C,,-52,,,
1791343269.1384,R,A,,-68,,,
1791343269.1624,R,B,,-60,,,
1791343269.1674,R,C,,-48,,,
1791343269.1843,R,C,,-47,,,
1791343269.1846,R,A,,-67,,,
1791343269.1986,R,B,,-51,,,
1791343269.2246,O,,,,-0.25835,1.2300,-0.8146
1791343269.2255,O,,,,-0.24511,1.2306,-0.8147
1791343269.2263,O,,,,-0.23320,1.2308,-0.8148
1791343269.2271,O,,,,-0.21996,1.2313,-0.8149
1791343269.2214,R,B,,-58,,,
1791343269.2223,R,A,,-63,,,
1791343269.3029,O,,,,-0.20937,1.2318,-0.8150
1791343269.3041,O,,,,-0.19746,1.2321,-0.8151
1791343269.3050,O,,,,-0.18687,1.2331,-0.8153
1791343269.3059,O,,,,-0.17496,1.2339,-0.8154
1791343269.2673,R,C,,-48,,,
1791343269.2882,R,A,,-68,,,
1791343269.3127,R,B,,-57,,,
1791343269.3177,R,C,,-49,,,
1791343269.3226,R,A,,-64,,,
1791343269.3554,R,B,,-50,,,
1791343269.3733,O,,,,-0.16437,1.2350,-0.8156
1791343269.3743,O,,,,-0.15378,1.2360,-0.8157
1791343269.3752,O,,,,-0.14319,1.2371,-0.8159
1791343269.3673,R,C,,-49,,,
1791343269.3885,R,A,,-62,,,
1791343269.4492,O,,,,-0.13128,1.2384,-0.8161
1791343269.4510,O,,,,-0.12069,1.2400,-0.8163
1791343269.4518,O,,,,-0.10877,1.2413,-0.8164
1791343269.4528,O,,,,-0.09819,1.2434,-0.8167
1791343269.4122,R,B,,-57,,,
1791343269.4173,R,C,,-48,,,
1791343269.4270,R,A,,-66,,,
1791343269.4409,R,B,,-55,,,
1791343269.4414,R,C,,-51,,,
1791343269.4884,R,A,,-61,,,
1791343269.5292,O,,,,-0.08627,1.2452,-0.8168
1791343269.5301,O,,,,-0.07436,1.2471,-0.8170
1791343269.5309,O,,,,-0.06112,1.2492,-0.8171
1791343269.5317,O,,,,-0.05053,1.2513,-0.8172
1791343269.5126,R,B,,-51,,,
1791343269.5174,R,C,,-53,,,
1791343269.5295,R,C,,-49,,,
1791343269.5298,R,B,,-58,,,
1791343269.5313,R,A,,-63,,,
1791343269.6042,O,,,,-0.03730,1.2534,-0.8173
1791343269.6052,O,,,,-0.02538,1.2558,-0.8174
1791343269.6060,O,,,,-0.01347,1.2582,-0.8175
1791343269.6068,O,,,,-0.00156,1.2606,-0.8175
1791343269.5881,R,A,,-63,,,
1791343269.6030,R,B,,-50,,,
1791343269.6169,R,C,,-55,,,
1791343269.6178,R,A,,-62,,,
1791343269.6366,R,B,,-52,,,
1791343269.6848,O,,,,0.01035,1.2629,-0.8175
1791343269.6858,O,,,,0.02359,1.2656,-0.8174
1791343269.6866,O,,,,0.03550,1.2680,-0.8173
1791343269.6876,O,,,,0.04874,1.2706,-0.8172
1791343269.6622,R,B,,-49,,,
1791343269.6674,R,C,,-69,,,
1791343269.6879,R,A,,-65,,,
1791343269.7632,O,,,,0.06065,1.2730,-0.8171
1791343269.7122,R,B,,-58,,,
1791343269.7179,R,C,,-57,,,
1791343269.7380,R,A,,-64,,,
1791343269.7510,R,C,,-65,,,
1791343269.7514,R,B,,-56,,,
1791343269.7515,R,A,,-66,,,
1791343269.7642,O,,,,0.07389,1.2756,-0.8169
1791343269.7650,O,,,,0.08713,1.2783,-0.8167
1791343269.7658,O,,,,0.09904,1.2812,-0.8164
1791343269.7997,R,B,,-50,,,
1791343269.7998,R,C,,-61,,,
1791343269.8293,O,,,,0.10963,1.2843,-0.8161
1791343269.8304,O,,,,0.11889,1.2872,-0.8158
1791343269.8313,O,,,,0.12816,1.2906,-0.8154
1791343269.8381,R,A,,-65,,,
1791343269.8385,R,B,,-62,,,
1791343269.8485,R,C,,-68,,,
1791343269.9096,O,,,,0.13743,1.2941,-0.8149
1791343269.9108,O,,,,0.14537,1.2977,-0.8144
1791343269.9117,O,,,,0.15199,1.3016,-0.8138
1791343269.9126,O,,,,0.15860,1.3056,-0.8132
1791343269.8879,R,B,,-51,,,
1791343269.8883,R,A,,-65,,,
1791343269.8885,R,C,,-65,,,
1791343269.9305,R,A,,-64,,,
1791343269.9547,R,C,,-51,,,
1791343269.9551,R,B,,-51,,,
1791343269.9843,O,,,,0.16655,1.3092,-0.8126
1791343269.9855,O,,,,0.17316,1.3131,-0.8119
1791343269.9865,O,,,,0.17714,1.3171,-0.8112
1791343269.9873,O,,,,0.18375,1.3210,-0.8105
1791343269.9753,R,C,,-73,,,
1791343269.9755,R,B,,-62,,,
1791343269.9879,R,A,,-66,,,
1791343270.0667,O,,,,0.19037,1.3254,-0.8097
1791343270.0317,R,A,,-69,,,
1791343270.0678,O,,,,0.19699,1.3293,-0.8089
1791343270.0686,O,,,,0.20229,1.3334,-0.8081
1791343270.0694,O,,,,0.20626,1.3373,-0.8073
1791343270.0622,R,B,,-57,,,
1791343270.0661,R,C,,-61,,,
1791343270.0766,R,C,,-50,,,
1791343270.0767,R,B,,-55,,,
1791343270.0879,R,A,,-64,,,
1791343270.1444,O,,,,0.21155,1.3415,-0.8064
1791343270.1457,O,,,,0.21685,1.3456,-0.8055
1791343270.1469,O,,,,0.22214,1.3497,-0.8045
1791343270.1481,O,,,,0.22743,1.3539,-0.8036
1791343270.1385,R,A,,-63,,,
1791343270.1532,R,B,,-64,,,
1791343270.1536,R,C,,-73,,,
1791343270.1633,R,C,,-73,,,
1791343270.1639,R,A,,-66,,,
1791343270.2192,O,,,,0.23008,1.3580,-0.8026
1791343270.2203,O,,,,0.23273,1.3621,-0.8017
1791343270.2211,O,,,,0.23670,1.3660,-0.8008
1791343270.2219,O,,,,0.24067,1.3703,-0.7997
1791343270.2123,R,B,,-58,,,
1791343270.2169,R,C,,-58,,,
1791343270.2379,R,A,,-63,,,
1791343270.2993,O,,,,0.24199,1.3742,-0.7987
1791343270.3003,O,,,,0.24464,1.3783,-0.7977
1791343270.3010,O,,,,0.24729,1.3824,-0.7967
1791343270.3018,O,,,,0.24994,1.3865,-0.7956
1791343270.2623,R,B,,-53,,,
1791343270.2645,R,C,,-54,,,
1791343270.2648,R,A,,-63,,,
1791343270.2869,R,B,,-63,,,
1791343270.2928,R,C,,-67,,,
1791343270.3308,R,A,,-69,,,
1791343270.3316,R,B,,-57,,,
1791343270.3697,O,,,,0.25258,1.3906,-0.7946
1791343270.3711,O,,,,0.25391,1.3945,-0.7936
1791343270.3722,O,,,,0.25788,1.3983,-0.7926
1791343270.3653,R,C,,-61,,,
1791343270.3781,R,C,,-53,,,
1791343270.3885,R,A,,-64,,,
1791343270.4444,O,,,,0.25920,1.4022,-0.7916
1791343270.4453,O,,,,0.26185,1.4062,-0.7905
1791343270.4460,O,,,,0.26450,1.4103,-0.7894
1791343270.4468,O,,,,0.26847,1.4142,-0.7883
1791343270.4124,R,B,,-50,,,
1791343270.4321,R,B,,-65,,,
1791343270.4343,R,A,,-64,,,
1791343270.4607,R,C,,-71,,,
1791343270.4623,R,B,,-67,,,
1791343270.4749,R,A,,-66,,,
1791343270.5025,R,C,,-60,,,
1791343270.5027,R,B,,-59,,,
1791343270.5244,O,,,,0.26979,1.4180,-0.7873
1791343270.5253,O,,,,0.27244,1.4221,-0.7861
1791343270.5261,O,,,,0.27509,1.4262,-0.7850
1791343270.5268,O,,,,0.27773,1.4302,-0.7838
1791343270.5376,R,A,,-64,,,
1791343270.6042,O,,,,0.27906,1.4340,-0.7828
1791343270.6051,O,,,,0.28170,1.4381,-0.7816
1791343270.6059,O,,,,0.28435,1.4422,-0.7804
1791343270.6067,O,,,,0.28568,1.4460,-0.7793
1791343270.5967,R,B,,-66,,,
1791343270.6168,R,C,,-67,,,
1791343270.6381,R,A,,-62,,,
1791343270.6792,O,,,,0.28832,1.4501,-0.7781
1791343270.6811,O,,,,0.29097,1.4541,-0.7769
1791343270.6819,O,,,,0.29229,1.4579,-0.7757
1791343270.6827,O,,,,0.29494,1.4620,-0.7745
1791343270.6974,R,C,,-57,,,
1791343270.6979,R,B,,-54,,,
1791343270.6988,R,A,,-64,,,
1791343270.7593,O,,,,0.29759,1.4660,-0.7733
1791343270.7604,O,,,,0.30156,1.4698,-0.7721
1791343270.7613,O,,,,0.30553,1.4736,-0.7709
1791343270.7621,O,,,,0.30818,1.4776,-0.7696
1791343270.7591,R,C,,-63,,,
1791343270.7622,R,B,,-65,,,
1791343270.7851,R,A,,-63,,,
1791343270.7878,R,A,,-64,,,
1791343270.7902,R,B,,-83,,,
1791343270.7904,R,C,,-57,,,
1791343270.8296,O,,,,0.31347,1.4817,-0.7683
1791343270.8307,O,,,,0.31744,1.4860,-0.7669
1791343270.8315,O,,,,0.32274,1.4900,-0.7656
1791343270.8303,R,A,,-63,,,
1791343270.8535,R,B,,-59,,,
1791343270.9074,O,,,,0.32671,1.4937,-0.7643
1791343270.9089,O,,,,0.33200,1.4978,-0.7630
1791343270.9099,O,,,,0.33730,1.5018,-0.7616
1791343270.9108,O,,,,0.34127,1.5060,-0.7601
1791343270.8668,R,C,,-53,,,
1791343270.8876,R,A,,-65,,,
1791343270.8920,R,B,,-65,,,
1791343270.9096,R,C,,-61,,,
1791343270.9122,R,B,,-66,,,
1791343270.9125,R,A,,-66,,,
1791343270.9126,R,C,,-62,,,
1791343270.9549,R,B,,-68,,,
1791343270.9558,R,A,,-65,,,
1791343270.9844,O,,,,0.34524,1.5097,-0.7587
1791343270.9853,O,,,,0.34921,1.5140,-0.7572
1791343270.9861,O,,,,0.35318,1.5177,-0.7558
1791343270.9869,O,,,,0.35848,1.5217,-0.7544
1791343270.9674,R,C,,-59,,,
1791343270.9980,R,B,,-61,,,
1791343271.0012,R,C,,-55,,,
1791343271.0591,O,,,,0.36112,1.5256,-0.7529
1791343271.0608,O,,,,0.36642,1.5296,-0.7514
1791343271.0616,O,,,,0.37039,1.5333,-0.7499
1791343271.0624,O,,,,0.37436,1.5375,-0.7483
1791343271.0377,R,A,,-63,,,
1791343271.0622,R,B,,-68,,,
1791343271.0666,R,C,,-63,,,
1791343271.0793,R,C,,-60,,,
1791343271.0797,R,A,,-63,,,
1791343271.0804,R,B,,-70,,,
1791343271.1392,O,,,,0.37833,1.5412,-0.7468
1791343271.1401,O,,,,0.38098,1.5451,-0.7453
1791343271.1410,O,,,,0.38495,1.5488,-0.7438
1791343271.1417,O,,,,0.38892,1.5530,-0.7421
1791343271.1378,R,A,,-63,,,
1791343271.1622,R,B,,-65,,,
1791343271.1639,R,C,,-52,,,
1791343271.1665,R,C,,-54,,,
1791343271.1875,R,A,,-63,,,
1791343271.2057,R,C,,-64,,,
1791343271.2194,O,,,,0.39024,1.5566,-0.7406
1791343271.2212,O,,,,0.39422,1.5603,-0.7391
1791343271.2220,O,,,,0.39686,1.5642,-0.7374
1791343271.2228,O,,,,0.39951,1.5681,-0.7358
1791343271.2122,R,B,,-65,,,
1791343271.2153,R,A,,-64,,,
1791343271.2544,R,C,,-62,,,
1791343271.2547,R,A,,-62,,,
1791343271.2943,O,,,,0.40216,1.5720,-0.7341
1791343271.2953,O,,,,0.40348,1.5757,-0.7326
1791343271.2966,O,,,,0.40348,1.5796,-0.7309
1791343271.2974,O,,,,0.40613,1.5835,-0.7293
1791343271.2626,R,B,,-67,,,
1791343271.3130,R,B,,-65,,,
1791343271.3167,R,C,,-55,,,
1791343271.3375,R,A,,-62,,,
1791343271.3642,O,,,,0.40613,1.5874,-0.7276
1791343271.3649,O,,,,0.40745,1.5910,-0.7260
1791343271.3657,O,,,,0.40745,1.5949,-0.7243
1791343271.3623,R,B,,-63,,,
1791343271.3666,R,C,,-70,,,
1791343271.3689,R,A,,-68,,,
1791343271.4442,O,,,,0.40878,1.5985,-0.7228
1791343271.4451,O,,,,0.40878,1.6024,-0.7211
1791343271.4460,O,,,,0.41010,1.6061,-0.7195
1791343271.4468,O,,,,0.40878,1.6097,-0.7179
1791343271.4122,R,B,,-61,,,
1791343271.4173,R,C,,-71,,,
1791343271.4251,R,A,,-66,,,
1791343271.4435,R,B,,-60,,,
1791343271.4435,R,C,,-62,,,
1791343271.4877,R,A,,-61,,,
1791343271.5038,R,C,,-62,,,
1791343271.5039,R,B,,-63,,,
1791343271.5192,O,,,,0.40878,1.6136,-0.7162
1791343271.5202,O,,,,0.40878,1.6170,-0.7148
1791343271.5210,O,,,,0.40878,1.6209,-0.7131
1791343271.5218,O,,,,0.40878,1.6243,-0.7116
1791343271.5214,R,A,,-69,,,
1791343271.5335,R,A,,-68,,,
1791343271.5338,R,C,,-66,,,
1791343271.5344,R,B,,-57,,,
1791343271.5991,O,,,,0.40878,1.6277,-0.7101
1791343271.6003,O,,,,0.40878,1.6311,-0.7086
1791343271.6013,O,,,,0.40878,1.6345,-0.7072
1791343271.6021,O,,,,0.40878,1.6379,-0.7057
1791343271.5866,R,A,,-72,,,
1791343271.6122,R,B,,-56,,,
1791343271.6171,R,C,,-63,,,
1791343271.6360,R,C,,-59,,,
1791343271.6363,R,B,,-65,,,
1791343271.6373,R,A,,-64,,,
1791343271.6740,O,,,,0.40878,1.6413,-0.7042
1791343271.6748,O,,,,0.40878,1.6442,-0.7030
1791343271.6776,O,,,,0.41010,1.6474,-0.7016
1791343271.6784,O,,,,0.40878,1.6505,-0.7002
1791343271.6694,R,A,,-68,,,
1791343271.6945,R,B,,-59,,,
1791343271.7543,O,,,,0.40878,1.6534,-0.6990
1791343271.7554,O,,,,0.41010,1.6561,-0.6978
1791343271.7572,O,,,,0.41010,1.6590,-0.6965
1791343271.7580,O,,,,0.40878,1.6617,-0.6954
1791343271.7123,R,C,,-65,,,
1791343271.7376,R,A,,-70,,,
1791343271.7590,R,C,,-67,,,
1791343271.7594,R,B,,-53,,,
1791343271.7595,R,A,,-63,,,
1791343271.7987,R,A,,-68,,,
1791343271.7989,R,C,,-61,,,
1791343271.7990,R,B,,-64,,,
1791343271.8242,O,,,,0.41010,1.6644,-0.6942
1791343271.8252,O,,,,0.41010,1.6668,-0.6932
1791343271.8262,O,,,,0.41010,1.6692,-0.6921
1791343271.9048,O,,,,0.41010,1.6716,-0.6911
1791343271.9059,O,,,,0.41010,1.6741,-0.6900
1791343271.9067,O,,,,0.41010,1.6765,-0.6889
1791343271.9074,O,,,,0.41010,1.6789,-0.6879
1791343271.8625,R,B,,-61,,,
1791343271.8663,R,C,,-67,,,
1791343271.8872,R,A,,-66,,,
1791343271.9124,R,B,,-54,,,
1791343271.9139,R,C,,-66,,,
1791343271.9143,R,A,,-63,,,
1791343271.9359,R,C,,-62,,,
1791343271.9360,R,B,,-64,,,
1791343271.9388,R,A,,-64,,,
1791343271.9811,O,,,,0.41010,1.6814,-0.6868
1791343271.9819,O,,,,0.41010,1.6833,-0.6860
1791343271.9827,O,,,,0.40878,1.6850,-0.6852
1791343271.9837,O,,,,0.41010,1.6867,-0.6845
1791343271.9834,R,A,,-70,,,
1791343271.9835,R,C,,-68,,,
1791343271.9840,R,B,,-60,,,
1791343272.0598,O,,,,0.40878,1.6884,-0.6838
1791343272.0606,O,,,,0.40878,1.6899,-0.6831
1791343272.0614,O,,,,0.40878,1.6913,-0.6825
1791343272.0622,O,,,,0.40878,1.6923,-0.6821
1791343272.0374,R,A,,-65,,,
1791343272.0531,R,C,,-65,,,
1791343272.0622,R,B,,-55,,,
1791343272.0679,R,A,,-64,,,
1791343272.0680,R,B,,-63,,,
1791343272.1347,O,,,,0.40878,1.6933,-0.6817
1791343272.1357,O,,,,0.40745,1.6940,-0.6814
1791343272.1364,O,,,,0.40745,1.6945,-0.6811
1791343272.1372,O,,,,0.40745,1.6950,-0.6809
1791343272.1128,R,B,,-63,,,
1791343272.1168,R,C,,-65,,,
1791343272.1373,R,A,,-70,,,
1791343272.1545,R,C,,-68,,,
1791343272.1626,R,B,,-60,,,
1791343272.1881,R,A,,-65,,,
1791343272.1977,R,B,,-51,,,
1791343272.1987,R,A,,-64,,,
1791343272.2143,O,,,,0.40745,1.6954,-0.6807
1791343272.2153,O,,,,0.40745,1.6954,-0.6807
1791343272.2162,O,,,,0.40745,1.6954,-0.6807
1791343272.2170,O,,,,0.40745,1.6954,-0.6807
1791343272.2163,R,C,,-64,,,
1791343272.2841,O,,,,0.40745,1.6954,-0.6807
1791343272.2850,O,,,,0.40745,1.6954,-0.6807
1791343272.2858,O,,,,0.40745,1.6954,-0.6807
1791343272.2865,O,,,,0.40745,1.6954,-0.6807
1791343272.2624,R,B,,-64,,,
1791343272.2625,R,C,,-65,,,
1791343272.2875,R,A,,-71,,,
1791343272.3075,R,C,,-68,,,
1791343272.3077,R,B,,-60,,,
1791343272.3596,O,,,,0.40745,1.6954,-0.6807
1791343272.3605,O,,,,0.40745,1.6954,-0.6807
1791343272.3613,O,,,,0.40745,1.6954,-0.6807
1791343272.3251,R,A,,-64,,,
1791343272.3323,R,B,,-51,,,
1791343272.3324,R,C,,-63,,,
1791343272.3732,R,A,,-65,,,
1791343272.4440,O,,,,0.40745,1.6954,-0.6807
1791343272.4486,O,,,,0.40745,1.6954,-0.6807
1791343272.4498,O,,,,0.40745,1.6954,-0.6807
1791343272.4506,O,,,,0.40745,1.6954,-0.6807
1791343272.4123,R,B,,-63,,,
1791343272.4124,R,C,,-64,,,
1791343272.4140,R,C,,-65,,,
1791343272.4349,R,A,,-71,,,
1791343272.4630,R,C,,-68,,,
1791343272.4707,R,A,,-65,,,
1791343272.5111,R,B,,-55,,,
1791343272.5173,O,,,,0.40745,1.6954,-0.6807
1791343272.5185,O,,,,0.41275,1.6954,-0.6807
1791343272.5194,O,,,,0.41936,1.6957,-0.6806
1791343272.5202,O,,,,0.42598,1.6959,-0.6805
1791343272.5161,R,C,,-63,,,
1791343272.5373,R,A,,-64,,,
1791343272.5467,R,C,,-64,,,
1791343272.5470,R,A,,-69,,,
1791343272.5475,R,B,,-63,,,
1791343272.5953,O,,,,0.43525,1.6962,-0.6804
1791343272.5962,O,,,,0.44716,1.6964,-0.6803
1791343272.5970,O,,,,0.46040,1.6964,-0.6803
1791343272.5982,O,,,,0.47231,1.6966,-0.6802
1791343272.5870,R,A,,-69,,,
1791343272.5884,R,C,,-74,,,
1791343272.5889,R,B,,-61,,,
1791343272.6377,R,B,,-62,,,
1791343272.6382,R,A,,-63,,,
1791343272.6383,R,C,,-59,,,
1791343272.6746,O,,,,0.48820,1.6966,-0.6802
1791343272.6757,O,,,,0.50143,1.6966,-0.6802
1791343272.6765,O,,,,0.51599,1.6969,-0.6800
1791343272.6773,O,,,,0.53055,1.6966,-0.6802
1791343272.6792,R,C,,-64,,,
1791343272.6844,R,B,,-67,,,
1791343272.6867,R,A,,-61,,,
1791343272.7493,O,,,,0.54511,1.6969,-0.6800
1791343272.7502,O,,,,0.56100,1.6969,-0.6800
1791343272.7510,O,,,,0.57688,1.6969,-0.6800
1791343272.7518,O,,,,0.59276,1.6969,-0.6800
1791343272.7296,R,A,,-65,,,
1791343272.7299,R,C,,-67,,,
1791343272.7300,R,B,,-65,,,
1791343272.7741,R,A,,-62,,,
1791343272.7864,R,C,,-58,,,
1791343272.7864,R,B,,-57,,,
1791343272.8197,O,,,,0.60997,1.6971,-0.6799
1791343272.8207,O,,,,0.62718,1.6969,-0.6800
1791343272.8215,O,,,,0.64306,1.6969,-0.6800
1791343272.8372,R,A,,-58,,,
1791343272.8523,R,B,,-65,,,
1791343272.8525,R,C,,-64,,,
1791343272.8994,O,,,,0.65895,1.6969,-0.6800
1791343272.9004,O,,,,0.67615,1.6971,-0.6799
1791343272.9012,O,,,,0.69336,1.6969,-0.6800
1791343272.9020,O,,,,0.70925,1.6969,-0.6800
1791343272.8645,R,C,,-63,,,
1791343272.8647,R,A,,-65,,,
1791343272.8762,R,B,,-61,,,
1791343272.9160,R,C,,-60,,,
1791343272.9378,R,A,,-62,,,
1791343272.9559,R,B,,-69,,,
1791343272.9585,R,B,,-68,,,
1791343272.9747,O,,,,0.72513,1.6969,-0.6800
1791343272.9757,O,,,,0.74234,1.6967,-0.6802
1791343272.9765,O,,,,0.75954,1.6969,-0.6800
1791343272.9773,O,,,,0.77543,1.6969,-0.6800
1791343272.9660,R,C,,-51,,,
1791343272.9878,R,A,,-58,,,
1791343273.0051,R,A,,-65,,,
1791343273.0086,R,B,,-65,,,
1791343273.0087,R,C,,-58,,,
1791343273.0549,O,,,,0.79264,1.6967,-0.6802
1791343273.0559,O,,,,0.80852,1.6967,-0.6802
1791343273.0567,O,,,,0.82440,1.6967,-0.6802
1791343273.0574,O,,,,0.84294,1.6967,-0.6802
1791343273.0622,R,B,,-61,,,
1791343273.0660,R,C,,-54,,,
1791343273.0872,R,A,,-62,,,
1791343273.1058,R,C,,-49,,,
1791343273.1068,R,B,,-59,,,
1791343273.1352,O,,,,0.85882,1.6967,-0.6802
1791343273.1362,O,,,,0.87603,1.6965,-0.6804
1791343273.1370,O,,,,0.89323,1.6967,-0.6802
1791343273.1378,O,,,,0.90912,1.6967,-0.6802
1791343273.1333,R,A,,-59,,,
1791343273.1424,R,B,,-65,,,
1791343273.1426,R,C,,-55,,,
1791343273.2092,O,,,,0.92633,1.6965,-0.6804
1791343273.2101,O,,,,0.94221,1.6965,-0.6804
1791343273.2109,O,,,,0.95942,1.6967,-0.6802
1791343273.2118,O,,,,0.97662,1.6965,-0.6804
1791343273.1820,R,A,,-63,,,
1791343273.1910,R,C,,-54,,,
1791343273.1914,R,B,,-62,,,
1791343273.2370,R,A,,-61,,,
1791343273.2609,R,B,,-61,,,
1791343273.2798,O,,,,0.99251,1.6965,-0.6804
1791343273.2807,O,,,,1.00839,1.6965,-0.6804
1791343273.2816,O,,,,1.02560,1.6967,-0.6802
1791343273.2657,R,C,,-48,,,
1791343273.2741,R,A,,-59,,,
1791343273.2804,R,B,,-71,,,
1791343273.2806,R,C,,-56,,,
1791343273.3592,O,,,,1.04281,1.6965,-0.6804
1791343273.3603,O,,,,1.05869,1.6965,-0.6804
1791343273.3611,O,,,,1.07590,1.6967,-0.6802
1791343273.3619,O,,,,1.09178,1.6967,-0.6802
1791343273.3216,R,B,,-76,,,
1791343273.3370,R,A,,-62,,,
1791343273.3658,R,C,,-53,,,
1791343273.3812,R,A,,-60,,,
1791343273.4106,R,B,,-70,,,
1791343273.4350,O,,,,1.10767,1.6967,-0.6802
1791343273.4361,O,,,,1.12090,1.6967,-0.6802
1791343273.4369,O,,,,1.13282,1.6968,-0.6800
1791343273.4377,O,,,,1.14605,1.6968,-0.6800
1791343273.4147,R,C,,-48,,,
1791343273.4172,R,C,,-49,,,
1791343273.4186,R,A,,-57,,,
1791343273.4625,R,A,,-62,,,
1791343273.4631,R,C,,-57,,,
1791343273.5053,R,B,,-67,,,
1791343273.5142,O,,,,1.15664,1.6968,-0.6800
1791343273.5152,O,,,,1.16591,1.6969,-0.6797
1791343273.5160,O,,,,1.17385,1.6969,-0.6797
1791343273.5168,O,,,,1.18179,1.6969,-0.6797
1791343273.5158,R,C,,-52,,,
1791343273.5230,R,A,,-60,,,
1791343273.5545,R,B,,-62,,,
1791343273.5548,R,A,,-57,,,
1791343273.5550,R,C,,-49,,,
1791343273.5948,O,,,,1.18709,1.6971,-0.6792
1791343273.5962,O,,,,1.19238,1.6971,-0.6792
1791343273.5990,O,,,,1.19503,1.6971,-0.6792
1791343273.5998,O,,,,1.19635,1.6972,-0.6790
1791343273.5949,R,B,,-65,,,
1791343273.5953,R,C,,-57,,,
1791343273.6272,R,A,,-61,,,
1791343273.6343,R,C,,-53,,,
1791343273.6348,R,B,,-67,,,
1791343273.6381,R,A,,-62,,,
1791343273.6700,O,,,,1.19635,1.6972,-0.6790
1791343273.6715,O,,,,1.19635,1.6972,-0.6790
1791343273.6724,O,,,,1.19635,1.6972,-0.6790
1791343273.6732,O,,,,1.19635,1.6972,-0.6790
1791343273.6877,R,A,,-61,,,
1791343273.6931,R,B,,-62,,,
1791343273.6934,R,C,,-50,,,
1791343273.7500,O,,,,1.19635,1.6972,-0.6790
1791343273.7514,O,,,,1.19635,1.6972,-0.6790
1791343273.7526,O,,,,1.19635,1.6972,-0.6790
1791343273.7537,O,,,,1.19635,1.6972,-0.6790
1791343273.7272,R,A,,-57,,,
1791343273.7328,R,B,,-66,,,
1791343273.7330,R,C,,-57,,,
1791343273.7869,R,A,,-61,,,
1791343273.7897,R,C,,-52,,,
1791343273.7899,R,B,,-68,,,
1791343273.8196,O,,,,1.19635,1.6972,-0.6790
1791343273.8206,O,,,,1.19635,1.6972,-0.6790
1791343273.8214,O,,,,1.19370,1.6972,-0.6790
1791343273.8183,R,A,,-60,,,
1791343273.8261,R,B,,-62,,,
1791343273.8947,O,,,,1.19106,1.6972,-0.6790
1791343273.8956,O,,,,1.18973,1.6973,-0.6787
1791343273.8965,O,,,,1.18444,1.6973,-0.6787
1791343273.8973,O,,,,1.18047,1.6974,-0.6785
1791343273.8628,R,B,,-63,,,
1791343273.8629,R,A,,-58,,,
1791343273.8657,R,C,,-50,,,
1791343273.9097,R,C,,-55,,,
1791343273.9100,R,B,,-67,,,
1791343273.9373,R,A,,-61,,,
1791343273.9565,R,B,,-73,,,
1791343273.9571,R,C,,-51,,,
1791343273.9574,R,A,,-59,,,
1791343273.9747,O,,,,1.17253,1.6974,-0.6785
1791343273.9755,O,,,,1.16326,1.6975,-0.6783
1791343273.9763,O,,,,1.15532,1.6975,-0.6783
1791343273.9770,O,,,,1.14341,1.6976,-0.6780
1791343274.0075,R,B,,-66,,,
1791343274.0501,O,,,,1.13282,1.6976,-0.6780
1791343274.0510,O,,,,1.12090,1.6977,-0.6778
1791343274.0519,O,,,,1.10767,1.6977,-0.6778
1791343274.0529,O,,,,1.09178,1.6977,-0.6778
1791343274.0162,R,C,,-47,,,
1791343274.0368,R,A,,-58,,,
1791343274.0515,R,C,,-53,,,
1791343274.0517,R,A,,-61,,,
1791343274.0518,R,B,,-74,,,
1791343274.1025,R,C,,-51,,,
1791343274.1026,R,B,,-68,,,
1791343274.1031,R,A,,-60,,,
1791343274.1296,O,,,,1.07722,1.6978,-0.6775
1791343274.1309,O,,,,1.06399,1.6978,-0.6775
1791343274.1317,O,,,,1.04810,1.6978,-0.6775
1791343274.1325,O,,,,1.03222,1.6978,-0.6775
1791343274.1607,R,B,,-58,,,
1791343274.1622,R,C,,-47,,,
1791343274.1837,R,A,,-58,,,
1791343274.2107,R,B,,-66,,,
1791343274.2133,O,,,,1.01633,1.6978,-0.6775
1791343274.2143,O,,,,1.00177,1.6977,-0.6778
1791343274.2151,O,,,,0.98589,1.6977,-0.6778
1791343274.2158,O,,,,0.97133,1.6978,-0.6775
1791343274.2154,R,C,,-53,,,
1791343274.2367,R,A,,-63,,,
1791343274.2413,R,C,,-50,,,
1791343274.2414,R,B,,-63,,,
1791343274.2777,O,,,,0.95545,1.6978,-0.6775
1791343274.2786,O,,,,0.93956,1.6978,-0.6775
1791343274.2794,O,,,,0.92368,1.6978,-0.6775
1791343274.2710,R,A,,-62,,,
1791343274.2712,R,B,,-61,,,
1791343274.2773,R,C,,-49,,,
1791343274.3548,O,,,,0.90779,1.6978,-0.6775
1791343274.3558,O,,,,0.89191,1.6978,-0.6775
1791343274.3567,O,,,,0.87603,1.6978,-0.6775
1791343274.3575,O,,,,0.85882,1.6980,-0.6773
1791343274.3189,R,B,,-66,,,
1791343274.3201,R,A,,-58,,,
1791343274.3629,R,C,,-56,,,
1791343274.3639,R,A,,-65,,,
1791343274.4104,R,B,,-61,,,
1791343274.4350,O,,,,0.84294,1.6980,-0.6773
1791343274.4358,O,,,,0.82440,1.6980,-0.6773
1791343274.4366,O,,,,0.80852,1.6980,-0.6773
1791343274.4374,O,,,,0.79131,1.6982,-0.6771
1791343274.4162,R,C,,-56,,,
1791343274.4243,R,A,,-62,,,
1791343274.4609,R,B,,-62,,,
1791343274.5097,O,,,,0.77411,1.6980,-0.6773
1791343274.5111,O,,,,0.75690,1.6982,-0.6772
1791343274.5119,O,,,,0.74101,1.6982,-0.6772
1791343274.4663,R,C,,-51,,,
1791343274.4867,R,A,,-58,,,
1791343274.4941,R,B,,-64,,,
1791343274.4944,R,C,,-62,,,
1791343274.5129,O,,,,0.72381,1.6980,-0.6773
1791343274.5144,R,A,,-64,,,
1791343274.5366,R,A,,-65,,,
1791343274.5379,R,B,,-62,,,
1791343274.5490,R,C,,-61,,,
1791343274.5899,O,,,,0.70660,1.6982,-0.6772
1791343274.5908,O,,,,0.68939,1.6980,-0.6773
1791343274.5916,O,,,,0.67351,1.6980,-0.6773
1791343274.5924,O,,,,0.65762,1.6980,-0.6773
1791343274.5869,R,A,,-61,,,
1791343274.5887,R,C,,-56,,,
1791343274.5889,R,B,,-57,,,
1791343274.6234,R,B,,-69,,,
1791343274.6237,R,C,,-62,,,
1791343274.6264,R,A,,-58,,,
1791343274.6692,O,,,,0.63909,1.6980,-0.6773
1791343274.6702,O,,,,0.62321,1.6980,-0.6773
1791343274.6710,O,,,,0.60600,1.6978,-0.6775
1791343274.6721,O,,,,0.59012,1.6978,-0.6775
1791343274.6698,R,A,,-65,,,
1791343274.7107,R,C,,-60,,,
1791343274.7109,R,B,,-63,,,
1791343274.7457,O,,,,0.57291,1.6980,-0.6773
1791343274.7467,O,,,,0.55570,1.6978,-0.6775
1791343274.7476,O,,,,0.53982,1.6978,-0.6775
1791343274.7484,O,,,,0.52261,1.6980,-0.6773
1791343274.7126,R,C,,-60,,,
1791343274.7364,R,A,,-62,,,
1791343274.7604,R,B,,-55,,,
1791343274.7656,R,C,,-63,,,
1791343274.7837,R,A,,-61,,,
1791343274.7987,R,C,,-63,,,
1791343274.8102,R,B,,-60,,,
1791343274.8140,O,,,,0.50540,1.6978,-0.6775
1791343274.8148,O,,,,0.48952,1.6978,-0.6775
1791343274.8160,O,,,,0.47231,1.6975,-0.6776
1791343274.8268,R,A,,-68,,,
1791343274.8395,R,B,,-57,,,
1791343274.8401,R,C,,-66,,,
1791343274.8943,O,,,,0.45510,1.6978,-0.6775
1791343274.8953,O,,,,0.43922,1.6978,-0.6775
1791343274.8962,O,,,,0.42334,1.6978,-0.6775
1791343274.8970,O,,,,0.40613,1.6975,-0.6776
1791343274.8628,R,A,,-65,,,
1791343274.8868,R,A,,-66,,,
1791343274.8924,R,C,,-57,,,
1791343274.9109,R,B,,-51,,,
1791343274.9278,R,B,,-65,,,
1791343274.9280,R,C,,-74,,,
1791343274.9364,R,A,,-67,,,
1791343274.9700,O,,,,0.38892,1.6978,-0.6775
1791343274.9709,O,,,,0.37304,1.6978,-0.6775
1791343274.9717,O,,,,0.35583,1.6975,-0.6776
1791343274.9725,O,,,,0.33995,1.6975,-0.6776
1791343274.9865,R,A,,-86,,,
1791343275.0097,R,C,,-67,,,
1791343275.0100,R,B,,-58,,,
1791343275.0504,O,,,,0.32274,1.6978,-0.6775
1791343275.0514,O,,,,0.30553,1.6975,-0.6776
1791343275.0525,O,,,,0.28965,1.6975,-0.6776
1791343275.0532,O,,,,0.27376,1.6975,-0.6776
1791343275.0138,R,A,,-72,,,
1791343275.0155,R,C,,-67,,,
1791343275.0427,R,B,,-52,,,
1791343275.0607,R,C,,-64,,,
1791343275.0622,R,B,,-53,,,
1791343275.0624,R,A,,-70,,,
1791343275.1020,R,B,,-61,,,
1791343275.1023,R,A,,-77,,,
1791343275.1244,O,,,,0.25523,1.6975,-0.6776
1791343275.1252,O,,,,0.23935,1.6975,-0.6776
1791343275.1260,O,,,,0.22346,1.6975,-0.6776
1791343275.1267,O,,,,0.20758,1.6975,-0.6776
1791343275.1152,R,C,,-66,,,
1791343275.1484,R,B,,-61,,,
1791343275.2110,O,,,,0.18905,1.6975,-0.6776
1791343275.2120,O,,,,0.17316,1.6975,-0.6776
1791343275.1661,R,A,,-84,,,
1791343275.1663,R,C,,-71,,,
1791343275.1890,R,B,,-57,,,
1791343275.1898,R,C,,-56,,,
1791343275.2134,O,,,,0.15728,1.6975,-0.6776
1791343275.2148,O,,,,0.14007,1.6978,-0.6775
1791343275.2333,R,B,,-66,,,
1791343275.2366,R,A,,-69,,,
1791343275.2795,O,,,,0.12419,1.6978,-0.6775
1791343275.2809,O,,,,0.10698,1.6975,-0.6776
1791343275.2818,O,,,,0.08977,1.6978,-0.6775
1791343275.2651,R,C,,-65,,,
1791343275.2820,R,A,,-77,,,
1791343275.3101,R,B,,-59,,,
1791343275.3546,O,,,,0.07389,1.6978,-0.6775
1791343275.3555,O,,,,0.05668,1.6975,-0.6776
1791343275.3563,O,,,,0.03948,1.6978,-0.6775
1791343275.3570,O,,,,0.02359,1.6978,-0.6775
1791343275.3154,R,C,,-71,,,
1791343275.3257,R,A,,-71,,,
1791343275.3262,R,C,,-62,,,
1791343275.3263,R,B,,-50,,,
1791343275.3735,R,B,,-61,,,
1791343275.4293,O,,,,0.00771,1.6978,-0.6775
1791343275.4304,O,,,,-0.00950,1.6975,-0.6775
1791343275.4313,O,,,,-0.02671,1.6978,-0.6775
1791343275.4320,O,,,,-0.04259,1.6978,-0.6775
1791343275.4151,R,C,,-64,,,
1791343275.4249,R,A,,-68,,,
1791343275.4601,R,B,,-50,,,
1791343275.4606,R,C,,-72,,,
1791343275.5093,O,,,,-0.05980,1.6975,-0.6775
1791343275.5102,O,,,,-0.07701,1.6978,-0.6775
1791343275.5110,O,,,,-0.09289,1.6978,-0.6775
1791343275.5118,O,,,,-0.11010,1.6975,-0.6775
1791343275.4624,R,A,,-70,,,
1791343275.5054,R,C,,-61,,,
1791343275.5099,R,B,,-49,,,
1791343275.5363,R,A,,-75,,,
1791343275.5482,R,C,,-62,,,
1791343275.5486,R,B,,-51,,,
1791343275.5846,O,,,,-0.12598,1.6975,-0.6775
1791343275.5855,O,,,,-0.14319,1.6978,-0.6776
1791343275.5863,O,,,,-0.15907,1.6978,-0.6776
1791343275.5870,O,,,,-0.17628,1.6975,-0.6775
1791343275.5860,R,A,,-74,,,
1791343275.6308,R,A,,-71,,,
1791343275.6372,R,B,,-55,,,
1791343275.6373,R,C,,-64,,,
1791343275.6643,O,,,,-0.19349,1.6978,-0.6776
1791343275.6653,O,,,,-0.20937,1.6978,-0.6776
1791343275.6688,O,,,,-0.22658,1.6975,-0.6775
1791343275.6701,O,,,,-0.24246,1.6975,-0.6775
1791343275.6862,R,A,,-78,,,
1791343275.7046,R,B,,-58,,,
1791343275.7048,R,C,,-57,,,
1791343275.7449,O,,,,-0.25835,1.6975,-0.6775
1791343275.7462,O,,,,-0.27688,1.6975,-0.6775
1791343275.7472,O,,,,-0.29276,1.6975,-0.6775
1791343275.7484,O,,,,-0.30865,1.6975,-0.6775
1791343275.7144,R,C,,-57,,,
1791343275.7337,R,A,,-71,,,
1791343275.7342,R,B,,-59,,,
1791343275.7576,R,B,,-59,,,
1791343275.8118,O,,,,-0.32453,1.6975,-0.6775
1791343275.8129,O,,,,-0.34306,1.6975,-0.6775
1791343275.7651,R,C,,-56,,,
1791343275.7863,R,A,,-69,,,
1791343275.8030,R,B,,-50,,,
1791343275.8141,O,,,,-0.35895,1.6975,-0.6775
1791343275.8149,R,C,,-50,,,
1791343275.8359,R,A,,-69,,,
1791343275.8466,R,B,,-61,,,
1791343275.8469,R,C,,-55,,,
1791343275.8475,R,A,,-77,,,
1791343275.8893,O,,,,-0.37483,1.6975,-0.6775
1791343275.8902,O,,,,-0.39336,1.6975,-0.6775
1791343275.8911,O,,,,-0.40924,1.6975,-0.6775
1791343275.8919,O,,,,-0.42513,1.6975,-0.6775
1791343275.8857,R,A,,-80,,,
1791343275.8860,R,B,,-51,,,
1791343275.8861,R,C,,-54,,,
1791343275.9275,R,C,,-52,,,
1791343275.9300,R,B,,-50,,,
1791343275.9359,R,A,,-80,,,
1791343275.9720,O,,,,-0.44366,1.6975,-0.6775
1791343275.9728,O,,,,-0.45954,1.6975,-0.6775
1791343275.9736,O,,,,-0.47543,1.6975,-0.6775
1791343275.9744,O,,,,-0.49264,1.6973,-0.6774
1791343275.9767,R,B,,-58,,,
1791343275.9776,R,C,,-54,,,
1791343275.9798,R,A,,-72,,,
1791343276.0442,O,,,,-0.50984,1.6975,-0.6775
1791343276.0452,O,,,,-0.52573,1.6975,-0.6775
1791343276.0460,O,,,,-0.54293,1.6977,-0.6776
1791343276.0471,O,,,,-0.56014,1.6975,-0.6775
1791343276.0174,R,A,,-78,,,
1791343276.0190,R,B,,-49,,,
1791343276.0654,R,A,,-73,,,
1791343276.0656,R,C,,-54,,,
1791343276.0760,R,B,,-50,,,
1791343276.1246,O,,,,-0.57603,1.6975,-0.6775
1791343276.1255,O,,,,-0.59456,1.6975,-0.6775
1791343276.1264,O,,,,-0.61044,1.6975,-0.6775
1791343276.1271,O,,,,-0.62632,1.6975,-0.6775
1791343276.1156,R,C,,-79,,,
1791343276.1361,R,A,,-76,,,
1791343276.1551,R,B,,-56,,,
1791343276.1553,R,A,,-70,,,
1791343276.2000,O,,,,-0.64486,1.6975,-0.6775
1791343276.2010,O,,,,-0.66074,1.6975,-0.6775
1791343276.2024,O,,,,-0.67662,1.6975,-0.6775
1791343276.2032,O,,,,-0.69251,1.6975,-0.6775
1791343276.1646,R,C,,-56,,,
1791343276.2065,R,C,,-58,,,
1791343276.2099,R,B,,-52,,,
1791343276.2359,R,A,,-78,,,
1791343276.2486,R,C,,-56,,,
1791343276.2488,R,A,,-73,,,
1791343276.2603,R,B,,-48,,,
1791343276.2700,O,,,,-0.70839,1.6975,-0.6775
1791343276.2712,O,,,,-0.72692,1.6975,-0.6775
1791343276.2753,O,,,,-0.74281,1.6975,-0.6775
1791343276.2904,R,B,,-52,,,
1791343276.2905,R,C,,-58,,,
1791343276.3492,O,,,,-0.75869,1.6975,-0.6775
1791343276.3500,O,,,,-0.77722,1.6975,-0.6775
1791343276.3508,O,,,,-0.79311,1.6975,-0.6775
1791343276.3516,O,,,,-0.80899,1.6975,-0.6775
1791343276.3239,R,A,,-79,,,
1791343276.3379,R,B,,-48,,,
1791343276.3380,R,C,,-57,,,
1791343276.3855,R,B,,-51,,,
1791343276.3857,R,A,,-67,,,
1791343276.4294,O,,,,-0.82487,1.6975,-0.6775
1791343276.4310,O,,,,-0.84340,1.6975,-0.6775
1791343276.4323,O,,,,-0.85929,1.6975,-0.6775
1791343276.4333,O,,,,-0.87517,1.6975,-0.6775
1791343276.4149,R,C,,-57,,,
1791343276.4263,R,B,,-50,,,
1791343276.4279,R,A,,-71,,,
1791343276.4409,R,C,,-58,,,
1791343276.5046,O,,,,-0.89238,1.6977,-0.6777
1791343276.5060,O,,,,-0.90959,1.6975,-0.6775
1791343276.5072,O,,,,-0.92547,1.6975,-0.6775
1791343276.5083,O,,,,-0.94268,1.6977,-0.6777
1791343276.4724,R,A,,-71,,,
1791343276.4777,R,C,,-57,,,
1791343276.4783,R,B,,-53,,,
1791343276.5207,R,A,,-75,,,
1791343276.5232,R,C,,-57,,,
1791343276.5546,R,B,,-50,,,
1791343276.5842,O,,,,-0.95856,1.6977,-0.6777
1791343276.5852,O,,,,-0.97577,1.6975,-0.6775
1791343276.5860,O,,,,-0.99298,1.6977,-0.6777
1791343276.5868,O,,,,-1.00886,1.6977,-0.6777
1791343276.5733,R,A,,-63,,,
1791343276.5795,R,B,,-56,,,
1791343276.5796,R,C,,-61,,,
1791343276.6592,O,,,,-1.02739,1.6977,-0.6777
1791343276.6602,O,,,,-1.04328,1.6977,-0.6777
1791343276.6610,O,,,,-1.05916,1.6977,-0.6777
1791343276.6619,O,,,,-1.07504,1.6977,-0.6777
1791343276.6148,R,C,,-57,,,
1791343276.6357,R,A,,-65,,,
1791343276.6578,R,B,,-56,,,
1791343276.6580,R,C,,-58,,,
1791343276.6652,R,A,,-64,,,
1791343276.7095,R,B,,-49,,,
1791343276.7394,O,,,,-1.09093,1.6979,-0.6782
1791343276.7403,O,,,,-1.10681,1.6979,-0.6782
1791343276.7411,O,,,,-1.12137,1.6980,-0.6784
1791343276.7418,O,,,,-1.13461,1.6983,-0.6789
1791343276.7152,R,C,,-69,,,
1791343276.7358,R,A,,-60,,,
1791343276.7573,R,A,,-63,,,
1791343276.7575,R,B,,-61,,,
1791343276.8092,O,,,,-1.14917,1.6984,-0.6791
1791343276.8104,O,,,,-1.16241,1.6986,-0.6796
1791343276.8113,O,,,,-1.17300,1.6988,-0.6801
1791343276.7655,R,C,,-58,,,
1791343276.8016,R,C,,-61,,,
1791343276.8026,R,A,,-62,,,
1791343276.8095,R,B,,-54,,,
1791343276.8435,R,C,,-61,,,
1791343276.8436,R,B,,-50,,,
1791343276.8843,O,,,,-1.18491,1.6991,-0.6808
1791343276.8851,O,,,,-1.19550,1.6993,-0.6813
1791343276.8862,O,,,,-1.20741,1.6996,-0.6821
1791343276.8870,O,,,,-1.21668,1.6999,-0.6828
1791343276.8718,R,A,,-63,,,
1791343276.8875,R,C,,-64,,,
1791343276.8973,R,B,,-60,,,
1791343276.9280,R,A,,-65,,,
1791343276.9595,R,B,,-54,,,
1791343276.9655,O,,,,-1.22727,1.7000,-0.6833
1791343276.9669,O,,,,-1.23785,1.7004,-0.6843
1791343276.9679,O,,,,-1.24580,1.7007,-0.6853
1791343276.9688,O,,,,-1.25506,1.7010,-0.6861
1791343276.9628,R,C,,-65,,,
1791343276.9719,R,A,,-65,,,
1791343276.9722,R,B,,-50,,,
1791343276.9724,R,C,,-73,,,
1791343277.0444,O,,,,-1.26168,1.7012,-0.6868
1791343277.0454,O,,,,-1.26962,1.7016,-0.6878
1791343277.0462,O,,,,-1.27624,1.7019,-0.6891
1791343277.0470,O,,,,-1.28286,1.7022,-0.6899
1791343277.0323,R,B,,-61,,,
1791343277.0356,R,A,,-69,,,
1791343277.0555,R,C,,-67,,,
1791343277.0595,R,B,,-63,,,
1791343277.0627,R,A,,-67,,,
1791343277.0984,R,B,,-55,,,
1791343277.0985,R,C,,-65,,,
1791343277.1065,R,A,,-67,,,
1791343277.1192,O,,,,-1.28948,1.7024,-0.6906
1791343277.1203,O,,,,-1.29610,1.7028,-0.6919
1791343277.1211,O,,,,-1.30139,1.7030,-0.6929
1791343277.1234,O,,,,-1.30668,1.7033,-0.6939
1791343277.1595,R,B,,-49,,,
1791343277.1991,O,,,,-1.31198,1.7036,-0.6950
1791343277.2000,O,,,,-1.31727,1.7039,-0.6960
1791343277.2008,O,,,,-1.32257,1.7041,-0.6970
1791343277.2016,O,,,,-1.32654,1.7043,-0.6978
1791343277.1642,R,C,,-62,,,
1791343277.1855,R,A,,-72,,,
1791343277.1875,R,B,,-64,,,
1791343277.1877,R,C,,-67,,,
1791343277.2356,R,A,,-73,,,
1791343277.2383,R,C,,-63,,,
1791343277.2386,R,B,,-58,,,
1791343277.2693,O,,,,-1.33183,1.7046,-0.6988
1791343277.2705,O,,,,-1.33448,1.7047,-0.6993
1791343277.2718,O,,,,-1.33845,1.7049,-0.7001
1791343277.2863,R,A,,-72,,,
1791343277.3052,R,C,,-59,,,
1791343277.3053,R,B,,-52,,,
1791343277.3444,O,,,,-1.33978,1.7051,-0.7009
1791343277.3454,O,,,,-1.33978,1.7054,-0.7024
1791343277.3462,O,,,,-1.33581,1.7057,-0.7037
1791343277.3470,O,,,,-1.33051,1.7062,-0.7058
1791343277.3346,R,C,,-66,,,
1791343277.3347,R,B,,-64,,,
1791343277.3356,R,A,,-73,,,
1791343277.3763,R,C,,-62,,,
1791343277.3765,R,A,,-73,,,
1791343277.3767,R,B,,-56,,,
1791343277.4243,O,,,,-1.32257,1.7067,-0.7078
1791343277.4253,O,,,,-1.31463,1.7074,-0.7104
1791343277.4260,O,,,,-1.30536,1.7080,-0.7127
1791343277.4268,O,,,,-1.29610,1.7088,-0.7155
1791343277.4217,R,A,,-74,,,
1791343277.4221,R,C,,-61,,,
1791343277.4224,R,B,,-51,,,
1791343277.5060,O,,,,-1.28418,1.7096,-0.7183
1791343277.5070,O,,,,-1.27227,1.7104,-0.7211
1791343277.5078,O,,,,-1.25903,1.7114,-0.7241
1791343277.5085,O,,,,-1.24712,1.7125,-0.7274
1791343277.4833,R,C,,-60,,,
1791343277.4854,R,A,,-71,,,
1791343277.5067,R,B,,-59,,,
1791343277.5093,R,B,,-57,,,
1791343277.5104,R,A,,-67,,,
1791343277.5108,R,C,,-58,,,
1791343277.5507,R,B,,-54,,,
1791343277.5509,R,C,,-57,,,
1791343277.5792,O,,,,-1.23388,1.7135,-0.7304
1791343277.5802,O,,,,-1.22065,1.7146,-0.7334
1791343277.5811,O,,,,-1.20873,1.7156,-0.7361
1791343277.5818,O,,,,-1.19682,1.7166,-0.7388
1791343277.5754,R,A,,-63,,,
1791343277.5949,R,C,,-66,,,
1791343277.5952,R,B,,-50,,,
1791343277.6601,O,,,,-1.18358,1.7176,-0.7413
1791343277.6615,O,,,,-1.17167,1.7187,-0.7440
1791343277.6623,O,,,,-1.15976,1.7197,-0.7462
1791343277.6635,O,,,,-1.15049,1.7206,-0.7483
1791343277.6300,R,A,,-66,,,
1791343277.6337,R,C,,-58,,,
1791343277.6338,R,B,,-56,,,
1791343277.6356,R,A,,-64,,,
1791343277.6766,R,A,,-68,,,
1791343277.7093,R,B,,-53,,,
1791343277.7296,O,,,,-1.14123,1.7216,-0.7505
1791343277.7305,O,,,,-1.13196,1.7226,-0.7527
1791343277.7314,O,,,,-1.12137,1.7238,-0.7551
1791343277.7144,R,C,,-64,,,
1791343277.7329,R,A,,-64,,,
1791343277.7332,R,B,,-49,,,
1791343277.7337,R,C,,-69,,,
1791343277.8043,O,,,,-1.11211,1.7248,-0.7572
1791343277.8057,O,,,,-1.10284,1.7259,-0.7593
1791343277.8065,O,,,,-1.09225,1.7271,-0.7617
1791343277.8073,O,,,,-1.08034,1.7282,-0.7638
1791343277.7841,R,C,,-63,,,
1791343277.7842,R,B,,-62,,,
1791343277.7854,R,A,,-64,,,
1791343277.8353,R,A,,-76,,,
1791343277.8538,R,C,,-77,,,
1791343277.8540,R,B,,-56,,,
1791343277.8844,O,,,,-1.06710,1.7294,-0.7661
1791343277.8853,O,,,,-1.05387,1.7307,-0.7684
1791343277.8862,O,,,,-1.04195,1.7322,-0.7710
1791343277.8892,O,,,,-1.02872,1.7335,-0.7732
1791343277.8846,R,B,,-49,,,
1791343277.8852,R,A,,-75,,,
1791343277.9593,O,,,,-1.01680,1.7351,-0.7757
1791343277.9604,O,,,,-1.00489,1.7363,-0.7777
1791343277.9612,O,,,,-0.99298,1.7379,-0.7802
1791343277.9620,O,,,,-0.98106,1.7395,-0.7826
1791343277.9125,R,C,,-64,,,
1791343277.9216,R,A,,-77,,,
1791343277.9562,R,B,,-57,,,
1791343277.9565,R,A,,-67,,,
1791343277.9566,R,C,,-68,,,
1791343278.0032,R,C,,-72,,,
1791343278.0035,R,A,,-64,,,
1791343278.0036,R,B,,-49,,,
1791343278.0429,O,,,,-0.96915,1.7408,-0.7846
1791343278.0440,O,,,,-0.95724,1.7425,-0.7870
1791343278.0449,O,,,,-0.94665,1.7440,-0.7891
1791343278.0459,O,,,,-0.93606,1.7459,-0.7917
1791343278.0452,R,B,,-49,,,
1791343278.0460,R,C,,-58,,,
1791343278.0622,R,A,,-68,,,
1791343278.0903,R,B,,-58,,,
1791343278.1194,O,,,,-0.92547,1.7475,-0.7938
1791343278.1203,O,,,,-0.91621,1.7493,-0.7961
1791343278.1211,O,,,,-0.90694,1.7510,-0.7985
1791343278.1219,O,,,,-0.89635,1.7527,-0.8005
1791343278.1143,R,C,,-65,,,
1791343278.1323,R,A,,-75,,,
1791343278.1371,R,B,,-55,,,
1791343278.1372,R,C,,-78,,,
1791343278.1941,O,,,,-0.88709,1.7545,-0.8028
1791343278.1954,O,,,,-0.87782,1.7560,-0.8046
1791343278.1962,O,,,,-0.86855,1.7579,-0.8069
1791343278.1970,O,,,,-0.85929,1.7594,-0.8087
1791343278.1860,R,A,,-69,,,
1791343278.1945,R,B,,-50,,,
1791343278.1946,R,C,,-57,,,
1791343278.2314,R,A,,-66,,,
1791343278.2551,R,C,,-69,,,
1791343278.2556,R,B,,-57,,,
1791343278.2643,O,,,,-0.84870,1.7608,-0.8103
1791343278.2655,O,,,,-0.83811,1.7626,-0.8123
1791343278.2664,O,,,,-0.83149,1.7642,-0.8140
1791343278.2718,R,A,,-71,,,
1791343278.3089,R,B,,-51,,,
1791343278.3444,O,,,,-0.82223,1.7658,-0.8158
1791343278.3454,O,,,,-0.81428,1.7676,-0.8177
1791343278.3463,O,,,,-0.80502,1.7693,-0.8194
1791343278.3471,O,,,,-0.79708,1.7707,-0.8209
1791343278.3140,R,C,,-66,,,
1791343278.3274,R,A,,-76,,,
1791343278.3279,R,C,,-54,,,
1791343278.3279,R,B,,-51,,,
1791343278.3644,R,C,,-54,,,
1791343278.3815,R,B,,-60,,,
1791343278.3851,R,A,,-71,,,
1791343278.4193,O,,,,-0.78781,1.7724,-0.8226
1791343278.4202,O,,,,-0.78119,1.7741,-0.8243
1791343278.4209,O,,,,-0.77325,1.7756,-0.8258
1791343278.4217,O,,,,-0.76399,1.7773,-0.8275
1791343278.4149,R,C,,-67,,,
1791343278.4351,R,A,,-72,,,
1791343278.4589,R,B,,-57,,,
1791343278.4994,O,,,,-0.75737,1.7790,-0.8291
1791343278.5004,O,,,,-0.75075,1.7804,-0.8304
1791343278.5012,O,,,,-0.74413,1.7821,-0.8320
1791343278.5019,O,,,,-0.73619,1.7837,-0.8334
1791343278.4640,R,C,,-61,,,
1791343278.4676,R,A,,-76,,,
1791343278.5032,R,C,,-53,,,
1791343278.5095,R,B,,-50,,,
1791343278.5353,R,A,,-70,,,
1791343278.5481,R,C,,-63,,,
1791343278.5483,R,B,,-62,,,
1791343278.5794,O,,,,-0.72957,1.7855,-0.8350
1791343278.5803,O,,,,-0.72428,1.7871,-0.8364
1791343278.5812,O,,,,-0.71898,1.7886,-0.8378
1791343278.5820,O,,,,-0.71369,1.7902,-0.8392
1791343278.5842,R,A,,-75,,,
1791343278.6019,R,B,,-58,,,
1791343278.6020,R,C,,-59,,,
1791343278.6022,R,A,,-81,,,
1791343278.6549,O,,,,-0.70972,1.7916,-0.8404
1791343278.6562,O,,,,-0.70442,1.7929,-0.8415
1791343278.6569,O,,,,-0.70045,1.7939,-0.8423
1791343278.6577,O,,,,-0.69780,1.7951,-0.8433
1791343278.6562,R,C,,-52,,,
1791343278.6588,R,B,,-51,,,
1791343278.6790,R,B,,-67,,,
1791343278.6804,R,C,,-63,,,
1791343278.6851,R,A,,-69,,,
1791343278.7240,O,,,,-0.69515,1.7959,-0.8440
1791343278.7249,O,,,,-0.68986,1.7967,-0.8447
1791343278.7257,O,,,,-0.68854,1.7973,-0.8452
1791343278.7274,R,A,,-80,,,
1791343278.7276,R,C,,-59,,,
1791343278.7426,R,B,,-63,,,
1791343278.8041,O,,,,-0.68589,1.7977,-0.8455
1791343278.8052,O,,,,-0.68457,1.7983,-0.8460
1791343278.8074,O,,,,-0.68192,1.7988,-0.8464
1791343278.8082,O,,,,-0.68192,1.7988,-0.8464
1791343278.7722,R,A,,-84,,,
1791343278.7766,R,B,,-52,,,
1791343278.7777,R,C,,-55,,,
1791343278.8141,R,C,,-55,,,
1791343278.8351,R,A,,-70,,,
1791343278.8792,O,,,,-0.68059,1.7990,-0.8465
1791343278.8802,O,,,,-0.68059,1.7990,-0.8465
1791343278.8810,O,,,,-0.68059,1.7990,-0.8465
1791343278.8818,O,,,,-0.68059,1.7990,-0.8465
1791343278.8640,R,C,,-63,,,
1791343278.8659,R,A,,-78,,,
1791343278.9087,R,B,,-64,,,
1791343278.9594,O,,,,-0.68059,1.7990,-0.8465
1791343278.9603,O,,,,-0.68059,1.7990,-0.8465
1791343278.9613,O,,,,-0.68059,1.7990,-0.8465
1791343278.9621,O,,,,-0.68059,1.7990,-0.8465
1791343278.9147,R,C,,-60,,,
1791343278.9349,R,A,,-86,,,
1791343278.9588,R,B,,-52,,,
1791343278.9640,R,C,,-55,,,
1791343278.9658,R,A,,-69,,,
1791343279.0039,R,B,,-70,,,
1791343279.0044,R,C,,-63,,,
1791343279.0419,O,,,,-0.68192,1.7988,-0.8464
1791343279.0428,O,,,,-0.68192,1.7988,-0.8464
1791343279.0438,O,,,,-0.68192,1.7988,-0.8464
1791343279.0446,O,,,,-0.68192,1.7988,-0.8464
1791343279.0163,R,A,,-78,,,
1791343279.0524,R,B,,-63,,,
1791343279.0639,R,C,,-60,,,
1791343279.1008,R,B,,-54,,,
1791343279.1200,O,,,,-0.68192,1.7988,-0.8464
1791343279.1211,O,,,,-0.68192,1.7988,-0.8464
1791343279.1220,O,,,,-0.68192,1.7988,-0.8464
1791343279.1228,O,,,,-0.68192,1.7988,-0.8464
1791343279.1139,R,C,,-56,,,
1791343279.1354,R,A,,-69,,,
1791343279.1400,R,C,,-63,,,
1791343279.1524,R,B,,-71,,,
1791343279.1527,R,A,,-79,,,
1791343279.1942,O,,,,-0.68059,1.7990,-0.8465
1791343279.1952,O,,,,-0.68059,1.7990,-0.8465
1791343279.1962,O,,,,-0.67927,1.7992,-0.8467
1791343279.1969,O,,,,-0.67662,1.7996,-0.8470
1791343279.1852,R,A,,-80,,,
1791343279.1939,R,C,,-60,,,
1791343279.2093,R,B,,-65,,,
1791343279.2592,O,,,,-0.67398,1.8000,-0.8474
1791343279.2602,O,,,,-0.67001,1.8006,-0.8479
1791343279.2612,O,,,,-0.66736,1.8010,-0.8482
1791343279.2342,R,C,,-56,,,
1791343279.2345,R,B,,-51,,,
1791343279.2848,R,A,,-71,,,
1791343279.2866,R,C,,-63,,,
1791343279.2867,R,B,,-68,,,
1791343279.3394,O,,,,-0.66206,1.8019,-0.8488
1791343279.3404,O,,,,-0.65809,1.8025,-0.8493
1791343279.3415,O,,,,-0.65412,1.8031,-0.8498
1791343279.3424,O,,,,-0.65015,1.8042,-0.8506
1791343279.3133,R,C,,-62,,,
1791343279.3348,R,A,,-82,,,
1791343279.3537,R,B,,-75,,,
1791343279.3563,R,B,,-69,,,
1791343279.3638,R,C,,-58,,,
1791343279.3851,R,A,,-89,,,
1791343279.4027,R,B,,-56,,,
1791343279.4036,R,A,,-77,,,
1791343279.4194,O,,,,-0.64618,1.8052,-0.8514
1791343279.4203,O,,,,-0.64088,1.8061,-0.8521
1791343279.4212,O,,,,-0.63691,1.8071,-0.8528
1791343279.4219,O,,,,-0.63294,1.8082,-0.8536
1791343279.4144,R,C,,-62,,,
1791343279.4433,R,C,,-63,,,
1791343279.4438,R,B,,-62,,,
1791343279.4944,O,,,,-0.62897,1.8093,-0.8544
1791343279.4954,O,,,,-0.62500,1.8103,-0.8552
1791343279.4966,O,,,,-0.62103,1.8114,-0.8560
1791343279.4976,O,,,,-0.61706,1.8125,-0.8567
1791343279.4851,R,A,,-85,,,
1791343279.5032,R,C,,-58,,,
1791343279.5034,R,B,,-70,,,
1791343279.5048,R,A,,-79,,,
1791343279.5347,R,A,,-73,,,
1791343279.5585,R,B,,-64,,,
1791343279.5603,R,C,,-50,,,
1791343279.5771,O,,,,-0.61309,1.8136,-0.8575
1791343279.5784,O,,,,-0.61044,1.8149,-0.8584
1791343279.5797,O,,,,-0.60647,1.8160,-0.8592
1791343279.5809,O,,,,-0.60250,1.8171,-0.8599
1791343279.5782,R,A,,-79,,,
1791343279.6070,R,B,,-58,,,
1791343279.6075,R,C,,-51,,,
1791343279.6523,O,,,,-0.59720,1.8184,-0.8608
1791343279.6531,O,,,,-0.59588,1.8195,-0.8616
1791343279.6539,O,,,,-0.59191,1.8206,-0.8623
1791343279.6547,O,,,,-0.58794,1.8217,-0.8630
1791343279.6348,R,A,,-68,,,
1791343279.6591,R,B,,-53,,,
1791343279.6637,R,C,,-50,,,
1791343279.6854,R,A,,-66,,,
1791343279.6924,R,C,,-45,,,
1791343279.6926,R,B,,-58,,,
1791343279.7193,O,,,,-0.58529,1.8230,-0.8639
1791343279.7201,O,,,,-0.58132,1.8241,-0.8646
1791343279.7209,O,,,,-0.58000,1.8252,-0.8654
1791343279.7125,R,A,,-67,,,
1791343279.7137,R,C,,-47,,,
1791343279.7512,R,C,,-51,,,
1791343279.7514,R,B,,-56,,,
1791343279.7999,O,,,,-0.57603,1.8263,-0.8661
1791343279.8008,O,,,,-0.57338,1.8276,-0.8669
1791343279.8016,O,,,,-0.57073,1.8285,-0.8675
1791343279.8024,O,,,,-0.56808,1.8299,-0.8684
1791343279.7747,R,A,,-68,,,
1791343279.7987,R,C,,-50,,,
1791343279.7989,R,B,,-56,,,
1791343279.8229,R,A,,-67,,,
1791343279.8592,R,B,,-64,,,
1791343279.8793,O,,,,-0.56411,1.8310,-0.8691
1791343279.8809,O,,,,-0.56279,1.8321,-0.8698
1791343279.8817,O,,,,-0.55882,1.8332,-0.8705
1791343279.8827,O,,,,-0.55617,1.8346,-0.8713
1791343279.8636,R,C,,-49,,,
1791343279.8846,R,A,,-65,,,
1791343279.8904,R,C,,-51,,,
1791343279.9085,R,B,,-57,,,
1791343279.9544,O,,,,-0.55352,1.8355,-0.8719
1791343279.9554,O,,,,-0.55088,1.8368,-0.8727
1791343279.9563,O,,,,-0.54691,1.8379,-0.8734
1791343279.9571,O,,,,-0.54558,1.8391,-0.8741
1791343279.9275,R,A,,-67,,,
1791343279.9584,R,B,,-56,,,
1791343279.9604,R,C,,-53,,,
1791343279.9608,R,A,,-64,,,
1791343280.0013,R,B,,-58,,,
1791343280.0017,R,C,,-51,,,
1791343280.0350,O,,,,-0.54293,1.8404,-0.8749
1791343280.0360,O,,,,-0.54029,1.8413,-0.8755
1791343280.0368,O,,,,-0.53896,1.8425,-0.8762
1791343280.0375,O,,,,-0.53764,1.8436,-0.8768
1791343280.0278,R,A,,-66,,,
1791343280.0393,R,C,,-52,,,
1791343280.0394,R,B,,-57,,,
1791343280.0436,R,A,,-65,,,
1791343280.1146,O,,,,-0.53632,1.8448,-0.8775
1791343280.1007,R,C,,-51,,,
1791343280.1008,R,B,,-53,,,
1791343280.1157,O,,,,-0.53499,1.8459,-0.8782
1791343280.1165,O,,,,-0.53367,1.8470,-0.8789
1791343280.1172,O,,,,-0.53102,1.8479,-0.8794
1791343280.1331,R,B,,-53,,,
1791343280.1336,R,A,,-67,,,
1791343280.1337,R,C,,-53,,,
1791343280.1894,O,,,,-0.52705,1.8486,-0.8798
1791343280.1905,O,,,,-0.52440,1.8495,-0.8803
1791343280.1914,O,,,,-0.52176,1.8505,-0.8809
1791343280.1921,O,,,,-0.51778,1.8511,-0.8813
1791343280.1849,R,A,,-63,,,
1791343280.2084,R,B,,-59,,,
1791343280.2593,O,,,,-0.51646,1.8518,-0.8816
1791343280.2603,O,,,,-0.51381,1.8523,-0.8819
1791343280.2611,O,,,,-0.50984,1.8530,-0.8823
1791343280.2125,R,C,,-56,,,
1791343280.2342,R,B,,-57,,,
1791343280.2350,R,C,,-54,,,
1791343280.2352,R,A,,-70,,,
1791343280.2634,R,C,,-55,,,
1791343280.2639,R,A,,-69,,,
1791343280.3084,R,B,,-53,,,
1791343280.3341,O,,,,-0.50720,1.8535,-0.8826
1791343280.3398,O,,,,-0.50587,1.8541,-0.8829
1791343280.3406,O,,,,-0.50455,1.8548,-0.8833
1791343280.3414,O,,,,-0.50322,1.8555,-0.8837
1791343280.3135,R,C,,-56,,,
1791343280.3203,R,A,,-68,,,
1791343280.3602,R,A,,-72,,,
1791343280.3635,R,C,,-55,,,
1791343280.4084,R,B,,-59,,,
1791343280.4084,R,A,,-69,,,
1791343280.4139,O,,,,-0.49925,1.8562,-0.8841
1791343280.4148,O,,,,-0.49793,1.8569,-0.8845
1791343280.4155,O,,,,-0.49661,1.8576,-0.8848
1791343280.4162,O,,,,-0.49661,1.8586,-0.8854
1791343280.4142,R,C,,-59,,,
1791343280.4494,R,B,,-57,,,
1791343280.4495,R,C,,-56,,,
1791343280.4942,O,,,,-0.49528,1.8593,-0.8857
1791343280.4950,O,,,,-0.49528,1.8597,-0.8860
1791343280.4958,O,,,,-0.49396,1.8604,-0.8864
1791343280.4965,O,,,,-0.49264,1.8611,-0.8867
1791343280.4846,R,A,,-75,,,
1791343280.5084,R,B,,-56,,,
1791343280.5134,R,C,,-54,,,
1791343280.5174,R,A,,-78,,,
1791343280.5468,R,B,,-57,,,
1791343280.5470,R,C,,-58,,,
1791343280.5476,R,A,,-74,,,
1791343280.5758,O,,,,-0.49131,1.8618,-0.8871
1791343280.5768,O,,,,-0.49131,1.8623,-0.8874
1791343280.5776,O,,,,-0.48999,1.8630,-0.8877
1791343280.5786,O,,,,-0.48999,1.8639,-0.8882
1791343280.5961,R,C,,-51,,,
1791343280.5965,R,B,,-57,,,
1791343280.6492,O,,,,-0.48866,1.8646,-0.8886
1791343280.6501,O,,,,-0.48999,1.8653,-0.8890
1791343280.6509,O,,,,-0.48866,1.8660,-0.8894
1791343280.6517,O,,,,-0.48866,1.8665,-0.8896
1791343280.6343,R,A,,-76,,,
1791343280.6529,R,C,,-57,,,
1791343280.6531,R,B,,-61,,,
1791343280.6535,R,A,,-70,,,
1791343280.6835,R,C,,-57,,,
1791343280.6836,R,B,,-56,,,
1791343280.6847,R,A,,-70,,,
1791343280.7200,O,,,,-0.48866,1.8674,-0.8901
1791343280.7214,O,,,,-0.48734,1.8681,-0.8905
1791343280.7227,O,,,,-0.48866,1.8688,-0.8908
1791343280.7345,R,A,,-68,,,
1791343280.7572,R,B,,-56,,,
1791343280.7573,R,C,,-55,,,
1791343280.7943,O,,,,-0.48734,1.8695,-0.8912
1791343280.7952,O,,,,-0.48734,1.8700,-0.8915
1791343280.7960,O,,,,-0.48734,1.8709,-0.8920
1791343280.7967,O,,,,-0.48734,1.8714,-0.8922
1791343280.7757,R,C,,-57,,,
1791343280.7775,R,A,,-76,,,
1791343280.7887,R,B,,-56,,,
1791343280.8343,R,A,,-68,,,
1791343280.8552,R,B,,-53,,,
1791343280.8743,O,,,,-0.48734,1.8723,-0.8927
1791343280.8752,O,,,,-0.48602,1.8730,-0.8931
1791343280.8760,O,,,,-0.48734,1.8737,-0.8934
1791343280.8768,O,,,,-0.48602,1.8745,-0.8938
1791343280.8626,R,C,,-57,,,
1791343280.8757,R,A,,-68,,,
1791343280.8759,R,C,,-60,,,
1791343280.8760,R,B,,-50,,,
1791343280.9543,O,,,,-0.48734,1.8752,-0.8942
1791343280.9552,O,,,,-0.48734,1.8761,-0.8947
1791343280.9559,O,,,,-0.48734,1.8766,-0.8949
1791343280.9567,O,,,,-0.48734,1.8775,-0.8954
1791343280.9251,R,B,,-56,,,
1791343280.9268,R,A,,-72,,,
1791343280.9633,R,C,,-55,,,
1791343280.9844,R,A,,-77,,,
1791343281.0082,R,B,,-51,,,
1791343281.0108,R,C,,-56,,,
1791343281.0293,O,,,,-0.48734,1.8780,-0.8957
1791343281.0303,O,,,,-0.48734,1.8789,-0.8962
1791343281.0311,O,,,,-0.48734,1.8794,-0.8964
1791343281.0319,O,,,,-0.48734,1.8803,-0.8969
1791343281.0343,R,A,,-72,,,
1791343281.0514,R,B,,-50,,,
1791343281.0539,R,B,,-49,,,
1791343281.1092,O,,,,-0.48734,1.8808,-0.8972
1791343281.1103,O,,,,-0.48734,1.8817,-0.8977
1791343281.1111,O,,,,-0.48734,1.8822,-0.8979
1791343281.1120,O,,,,-0.48866,1.8829,-0.8983
1791343281.0632,R,C,,-56,,,
1791343281.0843,R,A,,-74,,,
1791343281.0961,R,B,,-58,,,
1791343281.0974,R,C,,-56,,,
1791343281.1239,R,A,,-75,,,
1791343281.1407,R,C,,-56,,,
1791343281.1563,R,B,,-60,,,
1791343281.1842,O,,,,-0.48734,1.8831,-0.8984
1791343281.1852,O,,,,-0.48734,1.8836,-0.8987
1791343281.1860,O,,,,-0.48734,1.8840,-0.8989
1791343281.1868,O,,,,-0.48734,1.8845,-0.8991
1791343281.1844,R,A,,-77,,,
1791343281.1889,R,B,,-58,,,
1791343281.1890,R,C,,-57,,,
1791343281.2033,R,A,,-82,,,
1791343281.2544,O,,,,-0.48866,1.8852,-0.8995
1791343281.2553,O,,,,-0.48734,1.8859,-0.8999
1791343281.2561,O,,,,-0.48734,1.8864,-0.9001
1791343281.2346,R,A,,-78,,,
1791343281.2494,R,B,,-63,,,
1791343281.2498,R,C,,-58,,,
1791343281.2809,R,B,,-61,,,
1791343281.2811,R,C,,-56,,,
1791343281.2843,R,A,,-78,,,
1791343281.3347,O,,,,-0.48734,1.8868,-0.9004
1791343281.3355,O,,,,-0.48734,1.8873,-0.9006
1791343281.3363,O,,,,-0.48734,1.8878,-0.9009
1791343281.3370,O,,,,-0.48602,1.8885,-0.9013
1791343281.3400,R,C,,-54,,,
1791343281.3405,R,B,,-57,,,
1791343281.4092,O,,,,-0.48734,1.8892,-0.9016
1791343281.4101,O,,,,-0.48734,1.8897,-0.9019
1791343281.4109,O,,,,-0.48734,1.8901,-0.9021
1791343281.4117,O,,,,-0.48734,1.8906,-0.9024
1791343281.3656,R,A,,-68,,,
1791343281.3862,R,B,,-60,,,
1791343281.4063,R,B,,-56,,,
1791343281.4064,R,C,,-57,,,
1791343281.4072,R,A,,-68,,,
1791343281.4544,R,B,,-49,,,
1791343281.4548,R,C,,-55,,,
1791343281.4893,O,,,,-0.48602,1.8908,-0.9025
1791343281.4903,O,,,,-0.48602,1.8913,-0.9027
1791343281.4910,O,,,,-0.48602,1.8918,-0.9030
1791343281.4918,O,,,,-0.48602,1.8918,-0.9030
1791343281.4787,R,A,,-70,,,
1791343281.5080,R,B,,-50,,,
1791343281.5131,R,C,,-56,,,
1791343281.5341,R,A,,-70,,,
1791343281.5399,R,C,,-55,,,
1791343281.5401,R,B,,-51,,,
1791343281.5691,O,,,,-0.48602,1.8918,-0.9030
1791343281.5700,O,,,,-0.48469,1.8920,-0.9031
1791343281.5709,O,,,,-0.48469,1.8920,-0.9031
1791343281.5717,O,,,,-0.48469,1.8920,-0.9031
1791343281.5843,R,A,,-67,,,
1791343281.5932,R,C,,-64,,,
1791343281.5955,R,A,,-77,,,
1791343281.5988,R,B,,-50,,,
1791343281.6446,O,,,,-0.48469,1.8920,-0.9031
1791343281.6457,O,,,,-0.48469,1.8920,-0.9031
1791343281.6465,O,,,,-0.48469,1.8920,-0.9031
1791343281.6472,O,,,,-0.48469,1.8920,-0.9031
1791343281.6366,R,B,,-59,,,
1791343281.6371,R,C,,-61,,,
1791343281.6846,R,A,,-64,,,
1791343281.7022,R,B,,-66,,,
1791343281.7025,R,C,,-63,,,
1791343281.7141,O,,,,-0.48602,1.8918,-0.9030
1791343281.7150,O,,,,-0.48602,1.8918,-0.9030
1791343281.7159,O,,,,-0.48602,1.8918,-0.9030
1791343281.7245,R,A,,-70,,,
1791343281.7585,R,B,,-58,,,
1791343281.7587,R,C,,-57,,,
1791343281.7948,O,,,,-0.48602,1.8918,-0.9030
1791343281.7958,O,,,,-0.48602,1.8918,-0.9030
1791343281.7966,O,,,,-0.48602,1.8918,-0.9030
1791343281.7973,O,,,,-0.48602,1.8918,-0.9030
1791343281.7698,R,A,,-74,,,
1791343281.8039,R,B,,-66,,,
1791343281.8130,R,C,,-51,,,
1791343281.8179,R,B,,-62,,,
1791343281.8341,R,A,,-64,,,
1791343281.8691,O,,,,-0.48602,1.8918,-0.9030
1791343281.8701,O,,,,-0.48602,1.8918,-0.9030
1791343281.8710,O,,,,-0.48602,1.8918,-0.9030
1791343281.8718,O,,,,-0.48602,1.8918,-0.9030
1791343281.8630,R,C,,-53,,,
1791343281.8841,R,A,,-66,,,
1791343281.8935,R,B,,-57,,,
1791343281.8937,R,C,,-50,,,
1791343281.9492,O,,,,-0.48602,1.8918,-0.9030
1791343281.9502,O,,,,-0.48602,1.8918,-0.9030
1791343281.9510,O,,,,-0.48602,1.8918,-0.9030
1791343281.9518,O,,,,-0.48602,1.8918,-0.9030
1791343281.9158,R,A,,-66,,,
1791343281.9371,R,B,,-63,,,
1791343281.9624,R,C,,-50,,,
1791343281.9640,R,A,,-74,,,
1791343281.9643,R,C,,-63,,,
1791343282.0046,R,C,,-77,,,
1791343282.0053,R,B,,-66,,,
1791343282.0078,R,A,,-70,,,
1791343282.0292,O,,,,-0.48602,1.8918,-0.9030
1791343282.0302,O,,,,-0.48602,1.8918,-0.9030
1791343282.0311,O,,,,-0.48602,1.8918,-0.9030
1791343282.0319,O,,,,-0.48602,1.8918,-0.9030
1791343282.0484,R,B,,-64,,,
1791343282.0485,R,C,,-65,,,
1791343282.1042,O,,,,-0.48602,1.8918,-0.9030
1791343282.1053,O,,,,-0.48602,1.8918,-0.9030
1791343282.1067,O,,,,-0.48602,1.8918,-0.9030
1791343282.1081,O,,,,-0.48602,1.8918,-0.9030
1791343282.0843,R,A,,-64,,,
1791343282.1078,R,B,,-71,,,
1791343282.1134,R,C,,-64,,,
1791343282.1189,R,A,,-74,,,
1791343282.1347,R,B,,-67,,,
1791343282.1349,R,C,,-72,,,
1791343282.1747,O,,,,-0.48602,1.8918,-0.9030
1791343282.1756,O,,,,-0.48602,1.8918,-0.9030
1791343282.1764,O,,,,-0.48602,1.8918,-0.9030
1791343282.1771,O,,,,-0.48602,1.8918,-0.9030
1791343282.1850,R,A,,-69,,,
1791343282.1856,R,B,,-66,,,
1791343282.2547,O,,,,-0.48602,1.8918,-0.9030
1791343282.2557,O,,,,-0.48602,1.8918,-0.9030
1791343282.2565,O,,,,-0.48602,1.8918,-0.9030
1791343282.2129,R,C,,-63,,,
1791343282.2840,R,A,,-65,,,
1791343282.3046,R,C,,-66,,,
1791343282.3047,R,B,,-67,,,
1791343282.3291,O,,,,-0.48602,1.8918,-0.9030
1791343282.3299,O,,,,-0.48602,1.8918,-0.9030
1791343282.3307,O,,,,-0.48602,1.8918,-0.9030
1791343282.3315,O,,,,-0.48602,1.8918,-0.9030
1791343282.3184,R,A,,-83,,,
1791343282.3337,R,B,,-61,,,
1791343282.3352,R,C,,-71,,,
1791343282.4094,O,,,,-0.48602,1.8918,-0.9030
1791343282.4104,O,,,,-0.48602,1.8918,-0.9030
1791343282.4112,O,,,,-0.48602,1.8918,-0.9030
1791343282.4120,O,,,,-0.48602,1.8918,-0.9030
1791343282.3839,R,A,,-67,,,
1791343282.4076,R,B,,-58,,,
1791343282.4133,R,C,,-84,,,
1791343282.4340,R,A,,-75,,,
1791343282.4596,R,A,,-84,,,
1791343282.4851,O,,,,-0.48602,1.8918,-0.9030
1791343282.4860,O,,,,-0.48602,1.8918,-0.9030
1791343282.4868,O,,,,-0.48602,1.8918,-0.9030
1791343282.4876,O,,,,-0.48602,1.8918,-0.9030
1791343282.4635,R,C,,-56,,,
1791343282.5088,R,C,,-57,,,
1791343282.5342,R,A,,-68,,,
1791343282.5549,R,A,,-70,,,
1791343282.5552,R,B,,-67,,,
1791343282.5640,O,,,,-0.48602,1.8918,-0.9030
1791343282.5648,O,,,,-0.48602,1.8918,-0.9030
1791343282.5656,O,,,,-0.48602,1.8918,-0.9030
1791343282.5664,O,,,,-0.48602,1.8918,-0.9030
1791343282.5627,R,C,,-62,,,
1791343282.6004,R,C,,-61,,,
1791343282.6007,R,B,,-52,,,
1791343282.6442,O,,,,-0.48602,1.8918,-0.9030
1791343282.6452,O,,,,-0.48602,1.8918,-0.9030
1791343282.6461,O,,,,-0.48602,1.8918,-0.9030
1791343282.6468,O,,,,-0.48602,1.8918,-0.9030
1791343282.6342,R,A,,-74,,,
1791343282.6465,R,C,,-62,,,
1791343282.6576,R,B,,-47,,,
1791343282.7095,O,,,,-0.48602,1.8918,-0.9030
1791343282.7113,O,,,,-0.48602,1.8918,-0.9030
1791343282.7122,O,,,,-0.48602,1.8918,-0.9030
1791343282.6829,R,A,,-74,,,
1791343282.7077,R,B,,-51,,,
1791343282.7127,R,C,,-61,,,
1791343282.7184,R,A,,-66,,,
1791343282.7330,R,B,,-49,,,
1791343282.7463,R,C,,-65,,,
1791343282.7894,O,,,,-0.48602,1.8918,-0.9030
1791343282.7904,O,,,,-0.48602,1.8918,-0.9030
1791343282.7912,O,,,,-0.48602,1.8918,-0.9030
1791343282.7920,O,,,,-0.48602,1.8918,-0.9030
1791343282.7842,R,A,,-69,,,
1791343282.8075,R,B,,-45,,,
1791343282.8080,R,C,,-59,,,
1791343282.8228,R,A,,-75,,,
1791343282.8478,R,B,,-41,,,
1791343282.8484,R,C,,-63,,,
1791343282.8692,O,,,,-0.48602,1.8918,-0.9030
1791343282.8700,O,,,,-0.48602,1.8918,-0.9030
1791343282.8709,O,,,,-0.48602,1.8918,-0.9030
1791343282.8716,O,,,,-0.48602,1.8918,-0.9030
1791343282.8769,R,B,,-45,,,
1791343282.8771,R,C,,-99,,,
1791343282.8840,R,A,,-66,,,
1791343282.9442,O,,,,-0.48602,1.8918,-0.9030
1791343282.9450,O,,,,-0.48602,1.8918,-0.9030
1791343282.9459,O,,,,-0.48602,1.8918,-0.9030
1791343282.9467,O,,,,-0.48602,1.8918,-0.9030
1791343282.9336,R,C,,-55,,,
1791343282.9338,R,A,,-65,,,
1791343282.9541,R,B,,-49,,,
1791343282.9624,R,A,,-63,,,
1791343282.9626,R,C,,-50,,,
1791343282.9928,R,B,,-54,,,
1791343283.0074,R,C,,-45,,,
1791343283.0076,R,B,,-49,,,
1791343283.0085,R,A,,-67,,,
1791343283.0247,O,,,,-0.48602,1.8918,-0.9030
1791343283.0257,O,,,,-0.48602,1.8918,-0.9030
1791343283.0265,O,,,,-0.48602,1.8918,-0.9030
1791343283.0274,O,,,,-0.48602,1.8918,-0.9030
1791343283.0458,R,B,,-50,,,
1791343283.0586,R,C,,-49,,,
1791343283.0589,R,A,,-73,,,
1791343283.1066,O,,,,-0.48602,1.8918,-0.9030
1791343283.1076,O,,,,-0.48602,1.8918,-0.9030
1791343283.1084,O,,,,-0.48602,1.8918,-0.9030
1791343283.1092,O,,,,-0.48602,1.8918,-0.9030
1791343283.0908,R,B,,-46,,,
1791343283.0909,R,C,,-51,,,
1791343283.0911,R,A,,-71,,,
1791343283.1365,R,B,,-43,,,
1791343283.1374,R,C,,-55,,,
1791343283.1708,O,,,,-0.48602,1.8918,-0.9030
1791343283.1721,O,,,,-0.48602,1.8918,-0.9030
1791343283.1739,O,,,,-0.48602,1.8918,-0.9030
1791343283.1623,R,A,,-76,,,
1791343283.1803,R,B,,-48,,,
1791343283.1839,R,A,,-75,,,
1791343283.2494,O,,,,-0.48602,1.8918,-0.9030
1791343283.2504,O,,,,-0.48602,1.8918,-0.9030
1791343283.2512,O,,,,-0.48602,1.8918,-0.9030
1791343283.2519,O,,,,-0.48602,1.8918,-0.9030
1791343283.2304,R,A,,-73,,,
1791343283.2481,R,C,,-56,,,
1791343283.2483,R,B,,-46,,,
1791343283.2763,R,C,,-50,,,
1791343283.2772,R,B,,-42,,,
1791343283.2839,R,A,,-69,,,
1791343283.3298,O,,,,-0.48602,1.8918,-0.9030
1791343283.3316,O,,,,-0.48602,1.8918,-0.9030
1791343283.3325,O,,,,-0.48602,1.8918,-0.9030
1791343283.3334,O,,,,-0.48602,1.8918,-0.9030
1791343283.3174,R,A,,-75,,,
1791343283.3239,R,B,,-47,,,
1791343283.4043,O,,,,-0.48602,1.8918,-0.9030
1791343283.4052,O,,,,-0.48602,1.8918,-0.9030
1791343283.4060,O,,,,-0.48602,1.8918,-0.9030
1791343283.4068,O,,,,-0.48602,1.8918,-0.9030
1791343283.3652,R,A,,-73,,,
1791343283.3714,R,B,,-45,,,
1791343283.4159,R,A,,-71,,,
1791343283.4575,R,B,,-44,,,
1791343283.4607,R,C,,-52,,,
1791343283.4843,O,,,,-0.48602,1.8918,-0.9030
1791343283.4852,O,,,,-0.48602,1.8918,-0.9030
1791343283.4861,O,,,,-0.48602,1.8918,-0.9030
1791343283.4868,O,,,,-0.48602,1.8918,-0.9030
1791343283.4838,R,A,,-72,,,
1791343283.5006,R,B,,-44,,,
1791343283.5012,R,C,,-55,,,
1791343283.5264,R,A,,-68,,,
1791343283.5574,R,B,,-42,,,
1791343283.5642,O,,,,-0.48602,1.8918,-0.9030
1791343283.5653,O,,,,-0.48602,1.8918,-0.9030
1791343283.5662,O,,,,-0.48602,1.8918,-0.9030
1791343283.5673,O,,,,-0.48602,1.8918,-0.9030
1791343283.5624,R,C,,-59,,,
1791343283.5641,R,A,,-68,,,
1791343283.5893,R,C,,-63,,,
1791343283.5895,R,B,,-42,,,
1791343283.6392,O,,,,-0.48602,1.8918,-0.9030
1791343283.6412,O,,,,-0.48602,1.8918,-0.9030
1791343283.6426,O,,,,-0.48602,1.8918,-0.9030
1791343283.6434,O,,,,-0.48602,1.8918,-0.9030
1791343283.6335,R,A,,-67,,,
1791343283.6585,R,B,,-44,,,
1791343283.6588,R,C,,-63,,,
1791343283.7096,O,,,,-0.48602,1.8918,-0.9030
1791343283.7106,O,,,,-0.48602,1.8918,-0.9030
1791343283.7113,O,,,,-0.48602,1.8918,-0.9030
1791343283.6827,R,A,,-65,,,
1791343283.6846,R,B,,-41,,,
1791343283.6851,R,C,,-66,,,
1791343283.7339,R,A,,-66,,,
1791343283.7574,R,B,,-43,,,
1791343283.7847,O,,,,-0.48602,1.8918,-0.9030
1791343283.7865,O,,,,-0.48602,1.8918,-0.9030
1791343283.7873,O,,,,-0.48602,1.8918,-0.9030
1791343283.7881,O,,,,-0.48602,1.8918,-0.9030
1791343283.7624,R,C,,-51,,,
1791343283.7734,R,C,,-62,,,
1791343283.7835,R,A,,-73,,,
1791343283.7916,R,B,,-48,,,
1791343283.8232,R,A,,-70,,,
1791343283.8304,R,B,,-47,,,
1791343283.8305,R,C,,-60,,,
1791343283.8644,O,,,,-0.48602,1.8918,-0.9030
1791343283.8654,O,,,,-0.48602,1.8918,-0.9030
1791343283.8662,O,,,,-0.48602,1.8918,-0.9030
1791343283.8671,O,,,,-0.48602,1.8918,-0.9030
1791343283.8720,R,C,,-55,,,
1791343283.8836,R,A,,-73,,,
1791343283.9076,R,B,,-49,,,
1791343283.9452,O,,,,-0.48602,1.8918,-0.9030
1791343283.9460,O,,,,-0.48602,1.8918,-0.9030
1791343283.9468,O,,,,-0.48602,1.8918,-0.9030
1791343283.9476,O,,,,-0.48602,1.8918,-0.9030
1791343283.9145,R,B,,-51,,,
1791343283.9161,R,A,,-83,,,
1791343283.9572,R,B,,-56,,,
1791343283.9574,R,C,,-61,,,
1791343283.9834,R,A,,-85,,,
1791343284.0192,O,,,,-0.48602,1.8918,-0.9030
1791343284.0201,O,,,,-0.48602,1.8918,-0.9030
1791343284.0212,O,,,,-0.48602,1.8918,-0.9030
1791343284.0222,O,,,,-0.48602,1.8918,-0.9030
1791343284.0462,R,B,,-57,,,
1791343284.0997,O,,,,-0.48602,1.8918,-0.9030
1791343284.1010,O,,,,-0.48602,1.8918,-0.9030
1791343284.1018,O,,,,-0.48602,1.8918,-0.9030
1791343284.1026,O,,,,-0.48602,1.8918,-0.9030
1791343284.0625,R,C,,-62,,,
1791343284.0697,R,A,,-72,,,
1791343284.1075,R,C,,-69,,,
1791343284.1078,R,A,,-75,,,
1791343284.1079,R,B,,-69,,,
1791343284.1564,R,B,,-61,,,
1791343284.1697,O,,,,-0.48602,1.8918,-0.9030
1791343284.1707,O,,,,-0.48602,1.8918,-0.9030
1791343284.1715,O,,,,-0.48602,1.8918,-0.9030
1791343284.1623,R,C,,-66,,,
1791343284.1835,R,A,,-73,,,
1791343284.1912,R,B,,-61,,,
1791343284.1915,R,C,,-63,,,
1791343284.2448,O,,,,-0.48602,1.8918,-0.9030
1791343284.2458,O,,,,-0.48602,1.8918,-0.9030
1791343284.2466,O,,,,-0.48602,1.8918,-0.9030
1791343284.2476,O,,,,-0.48602,1.8918,-0.9030
1791343284.2236,R,C,,-75,,,
1791343284.2238,R,B,,-68,,,
1791343284.2336,R,A,,-74,,,
1791343284.2835,R,A,,-79,,,
1791343284.3074,R,B,,-69,,,
1791343284.3247,O,,,,-0.48602,1.8918,-0.9030
1791343284.3258,O,,,,-0.48602,1.8918,-0.9030
1791343284.3272,O,,,,-0.48602,1.8918,-0.9030
1791343284.3289,O,,,,-0.48602,1.8918,-0.9030
1791343284.3122,R,C,,-71,,,
1791343284.3260,R,C,,-68,,,
1791343284.3265,R,A,,-73,,,
1791343284.3425,R,B,,-75,,,
1791343284.4042,O,,,,-0.48602,1.8918,-0.9030
1791343284.4051,O,,,,-0.48602,1.8918,-0.9030
1791343284.4059,O,,,,-0.48602,1.8918,-0.9030
1791343284.4067,O,,,,-0.48602,1.8918,-0.9030
1791343284.3707,R,A,,-72,,,
1791343284.3815,R,B,,-65,,,
1791343284.3816,R,C,,-73,,,
1791343284.4098,R,C,,-69,,,
1791343284.4335,R,A,,-79,,,
1791343284.4580,R,C,,-66,,,
1791343284.4791,O,,,,-0.48602,1.8918,-0.9030
1791343284.4801,O,,,,-0.48602,1.8918,-0.9030
1791343284.4809,O,,,,-0.48602,1.8918,-0.9030
1791343284.4817,O,,,,-0.48602,1.8918,-0.9030
1791343284.4641,R,A,,-73,,,
1791343284.5039,R,B,,-67,,,
1791343284.5602,O,,,,-0.48602,1.8918,-0.9030
1791343284.5612,O,,,,-0.48602,1.8918,-0.9030
1791343284.5621,O,,,,-0.48602,1.8918,-0.9030
1791343284.5126,R,C,,-61,,,
1791343284.5316,R,A,,-72,,,
1791343284.5523,R,B,,-62,,,
1791343284.5525,R,C,,-66,,,
1791343284.5630,O,,,,-0.48602,1.8918,-0.9030
1791343284.5836,R,A,,-82,,,
1791343284.6074,R,B,,-63,,,
1791343284.6346,O,,,,-0.48602,1.8918,-0.9030
1791343284.6356,O,,,,-0.48602,1.8918,-0.9030
1791343284.6364,O,,,,-0.48602,1.8918,-0.9030
1791343284.6372,O,,,,-0.48602,1.8918,-0.9030
1791343284.6126,R,C,,-64,,,
1791343284.6304,R,A,,-75,,,
1791343284.7042,O,,,,-0.48602,1.8918,-0.9030
1791343284.7051,O,,,,-0.48602,1.8918,-0.9030
1791343284.7059,O,,,,-0.48602,1.8918,-0.9030
1791343284.6914,R,A,,-77,,,
1791343284.6922,R,B,,-65,,,
1791343284.7075,R,C,,-65,,,
1791343284.7380,R,C,,-63,,,
1791343284.7382,R,B,,-66,,,
1791343284.7390,R,A,,-73,,,
1791343284.7847,O,,,,-0.48602,1.8918,-0.9030
1791343284.7857,O,,,,-0.48602,1.8918,-0.9030
1791343284.7867,O,,,,-0.48602,1.8918,-0.9030
1791343284.7875,O,,,,-0.48602,1.8918,-0.9030
1791343284.7830,R,A,,-74,,,
1791343284.8071,R,B,,-69,,,
1791343284.8121,R,C,,-61,,,
1791343284.8214,R,B,,-64,,,
1791343284.8339,R,A,,-72,,,
1791343284.8405,R,C,,-63,,,
1791343284.8642,O,,,,-0.48602,1.8918,-0.9030
1791343284.8652,O,,,,-0.48602,1.8918,-0.9030
1791343284.8660,O,,,,-0.48602,1.8918,-0.9030
1791343284.8670,O,,,,-0.48602,1.8918,-0.9030
