t_pc,kind,id,seq,rssi,yaw,x,y
1791257438.8769,R,B,,-43,,,
1791257438.8866,R,C,,-65,,,
1791257438.8868,R,A,,-78,,,
1791257438.9023,R,B,,-47,,,
1791257439.0598,O,,,,0.72029,-0.1412,0.2235
1791257438.9580,R,C,,-74,,,
1791257438.9609,R,A,,-76,,,
1791257439.0609,O,,,,0.72029,-0.1412,0.2235
1791257438.9782,R,B,,-44,,,
1791257438.9793,R,A,,-72,,,
1791257439.0087,R,C,,-83,,,
1791257439.0619,O,,,,0.72029,-0.1412,0.2235
1791257439.0626,O,,,,0.72029,-0.1412,0.2235
1791257439.0635,O,,,,0.72029,-0.1412,0.2235
1791257439.0645,O,,,,0.72029,-0.1412,0.2235
1791257439.0652,O,,,,0.72029,-0.1412,0.2235
1791257439.0660,O,,,,0.72029,-0.1412,0.2235
1791257439.0667,O,,,,0.72029,-0.1412,0.2235
1791257439.0675,O,,,,0.72029,-0.1412,0.2235
1791257439.0272,R,B,,-44,,,
1791257439.0586,R,C,,-69,,,
1791257439.0609,R,A,,-79,,,
1791257439.0747,R,C,,-74,,,
1791257439.0757,R,A,,-72,,,
1791257439.0798,R,B,,-49,,,
1791257439.1259,O,,,,0.72029,-0.1412,0.2235
1791257439.1268,O,,,,0.72029,-0.1412,0.2235
1791257439.1276,O,,,,0.72029,-0.1412,0.2235
1791257439.1284,O,,,,0.72029,-0.1412,0.2235
1791257439.1302,R,B,,-47,,,
1791257439.1578,R,C,,-76,,,
1791257439.1581,R,A,,-70,,,
1791257439.1654,R,B,,-47,,,
1791257439.2068,O,,,,0.72029,-0.1412,0.2235
1791257439.2082,O,,,,0.72029,-0.1412,0.2235
1791257439.2094,O,,,,0.72029,-0.1412,0.2235
1791257439.2106,O,,,,0.72029,-0.1412,0.2235
1791257439.2042,R,C,,-69,,,
1791257439.2044,R,A,,-79,,,
1791257439.2069,R,C,,-67,,,
1791257439.2072,R,A,,-79,,,
1791257439.2103,R,B,,-50,,,
1791257439.2580,R,C,,-72,,,
1791257439.2607,R,A,,-79,,,
1791257439.2812,O,,,,0.72029,-0.1412,0.2235
1791257439.2822,O,,,,0.72029,-0.1412,0.2235
1791257439.2830,O,,,,0.72029,-0.1412,0.2235
1791257439.2838,O,,,,0.72029,-0.1412,0.2235
1791257439.2797,R,B,,-47,,,
1791257439.2954,R,B,,-43,,,
1791257439.3086,R,C,,-72,,,
1791257439.3112,R,A,,-75,,,
1791257439.3612,O,,,,0.72029,-0.1412,0.2235
1791257439.3622,O,,,,0.72029,-0.1412,0.2235
1791257439.3631,O,,,,0.72029,-0.1412,0.2235
1791257439.3639,O,,,,0.72029,-0.1412,0.2235
1791257439.3411,R,C,,-69,,,
1791257439.3414,R,A,,-84,,,
1791257439.3775,R,B,,-48,,,
1791257439.3890,R,C,,-75,,,
1791257439.4112,R,A,,-86,,,
1791257439.4318,O,,,,0.72029,-0.1412,0.2235
1791257439.4327,O,,,,0.72029,-0.1412,0.2235
1791257439.4335,O,,,,0.72029,-0.1412,0.2235
1791257439.4261,R,B,,-46,,,
1791257439.4383,R,C,,-71,,,
1791257439.4392,R,B,,-45,,,
1791257439.4613,R,A,,-76,,,
1791257439.5067,O,,,,0.72029,-0.1412,0.2235
1791257439.5077,O,,,,0.72029,-0.1412,0.2235
1791257439.5085,O,,,,0.72029,-0.1412,0.2235
1791257439.5096,O,,,,0.72029,-0.1412,0.2235
1791257439.4778,R,B,,-48,,,
1791257439.5080,R,C,,-68,,,
1791257439.5114,R,A,,-87,,,
1791257439.5297,R,B,,-50,,,
1791257439.5338,R,C,,-75,,,
1791257439.5350,R,A,,-86,,,
1791257439.5683,R,B,,-49,,,
1791257439.8644,O,,,,0.72029,-0.1412,0.2235
1791257439.5956,R,C,,-77,,,
1791257439.6091,R,A,,-74,,,
1791257439.6114,R,A,,-74,,,
1791257439.8666,O,,,,0.72029,-0.1412,0.2235
1791257439.6299,R,B,,-54,,,
1791257439.6583,R,B,,-50,,,
1791257439.6604,R,A,,-85,,,
1791257439.8681,O,,,,0.72029,-0.1412,0.2235
1791257439.7067,R,B,,-54,,,
1791257439.7080,R,C,,-81,,,
1791257439.7113,R,A,,-77,,,
1791257439.8693,O,,,,0.72029,-0.1412,0.2235
1791257439.7485,R,B,,-51,,,
1791257439.7613,R,A,,-75,,,
1791257439.8700,O,,,,0.72029,-0.1412,0.2235
1791257439.7959,R,C,,-71,,,
1791257439.8112,R,A,,-87,,,
1791257439.8706,O,,,,0.72029,-0.1412,0.2235
1791257439.8298,R,B,,-50,,,
1791257439.8428,R,C,,-78,,,
1791257439.8431,R,A,,-75,,,
1791257439.8434,R,B,,-53,,,
1791257439.8713,O,,,,0.72029,-0.1412,0.2235
1791257439.8721,O,,,,0.72029,-0.1412,0.2235
1791257439.8731,O,,,,0.72029,-0.1412,0.2235
1791257439.8737,O,,,,0.72029,-0.1412,0.2235
1791257439.8742,O,,,,0.72029,-0.1412,0.2235
1791257439.8747,O,,,,0.72029,-0.1412,0.2235
1791257439.8752,O,,,,0.72029,-0.1412,0.2235
1791257439.8756,O,,,,0.72029,-0.1412,0.2235
1791257439.8761,O,,,,0.72029,-0.1412,0.2235
1791257439.8765,O,,,,0.72029,-0.1412,0.2235
1791257439.8911,O,,,,0.72029,-0.1412,0.2235
1791257439.8921,O,,,,0.72029,-0.1412,0.2235
1791257439.8929,O,,,,0.72029,-0.1412,0.2235
1791257439.8964,R,B,,-52,,,
1791257439.9078,R,C,,-72,,,
1791257439.9108,R,A,,-76,,,
1791257439.9662,O,,,,0.72029,-0.1412,0.2235
1791257439.9672,O,,,,0.72029,-0.1412,0.2235
1791257439.9681,O,,,,0.72029,-0.1412,0.2235
1791257439.9692,O,,,,0.72029,-0.1412,0.2235
1791257439.9454,R,B,,-54,,,
1791257439.9464,R,C,,-71,,,
1791257439.9467,R,A,,-89,,,
1791257439.9770,R,B,,-51,,,
1791257439.9831,R,C,,-72,,,
1791257439.9839,R,A,,-75,,,
1791257440.0461,O,,,,0.72029,-0.1412,0.2235
1791257440.0470,O,,,,0.72029,-0.1412,0.2235
1791257440.0480,O,,,,0.72029,-0.1412,0.2235
1791257440.0487,O,,,,0.72029,-0.1412,0.2235
1791257440.0245,R,C,,-70,,,
1791257440.0296,R,B,,-55,,,
1791257440.0547,R,A,,-73,,,
1791257440.0679,R,B,,-59,,,
1791257440.1074,R,A,,-76,,,
1791257440.1078,R,C,,-68,,,
1791257440.1101,R,A,,-75,,,
1791257440.1259,O,,,,0.72029,-0.1412,0.2235
1791257440.1269,O,,,,0.72029,-0.1412,0.2235
1791257440.1278,O,,,,0.72029,-0.1412,0.2235
1791257440.1286,O,,,,0.72029,-0.1412,0.2235
1791257440.1297,R,B,,-57,,,
1791257440.1504,R,A,,-75,,,
1791257440.1513,R,C,,-70,,,
1791257440.1529,R,B,,-56,,,
1791257440.2009,O,,,,0.72029,-0.1412,0.2235
1791257440.2018,O,,,,0.72029,-0.1412,0.2235
1791257440.2027,O,,,,0.72029,-0.1412,0.2235
1791257440.2034,O,,,,0.72029,-0.1412,0.2235
1791257440.2078,R,C,,-68,,,
1791257440.2107,R,A,,-68,,,
1791257440.2297,R,B,,-62,,,
1791257440.2512,R,B,,-60,,,
1791257440.2568,R,C,,-67,,,
1791257440.2577,R,A,,-73,,,
1791257440.2815,O,,,,0.72029,-0.1412,0.2235
1791257440.2824,O,,,,0.72029,-0.1412,0.2235
1791257440.2833,O,,,,0.72029,-0.1412,0.2235
1791257440.2841,O,,,,0.72029,-0.1412,0.2235
1791257440.2849,R,C,,-72,,,
1791257440.3111,R,A,,-71,,,
1791257440.3509,O,,,,0.72029,-0.1412,0.2235
1791257440.3518,O,,,,0.72029,-0.1412,0.2235
1791257440.3528,O,,,,0.72029,-0.1412,0.2235
1791257440.3535,O,,,,0.72029,-0.1412,0.2235
1791257440.3200,R,B,,-59,,,
1791257440.3286,R,C,,-69,,,
1791257440.3287,R,A,,-67,,,
1791257440.3296,R,B,,-59,,,
1791257440.3771,R,C,,-67,,,
1791257440.3773,R,A,,-71,,,
1791257440.3775,R,B,,-65,,,
1791257440.4162,R,B,,-61,,,
1791257440.4259,O,,,,0.72029,-0.1412,0.2235
1791257440.4268,O,,,,0.72029,-0.1412,0.2235
1791257440.4276,O,,,,0.72029,-0.1412,0.2235
1791257440.4416,R,C,,-72,,,
1791257440.4572,R,A,,-71,,,
1791257440.4578,R,C,,-73,,,
1791257440.4598,R,A,,-70,,,
1791257440.5062,O,,,,0.72029,-0.1412,0.2235
1791257440.5071,O,,,,0.72029,-0.1412,0.2235
1791257440.5079,O,,,,0.72029,-0.1412,0.2235
1791257440.5090,O,,,,0.72029,-0.1412,0.2235
1791257440.4796,R,B,,-61,,,
1791257440.5058,R,A,,-68,,,
1791257440.5066,R,B,,-69,,,
1791257440.5085,R,C,,-70,,,
1791257440.5550,R,B,,-64,,,
1791257440.5555,R,C,,-67,,,
1791257440.5575,R,A,,-72,,,
1791257440.5861,O,,,,0.72029,-0.1412,0.2235
1791257440.5871,O,,,,0.72029,-0.1412,0.2235
1791257440.5879,O,,,,0.72029,-0.1412,0.2235
1791257440.5887,O,,,,0.72029,-0.1412,0.2235
1791257440.6036,R,C,,-72,,,
1791257440.6107,R,A,,-70,,,
1791257440.6611,O,,,,0.72029,-0.1412,0.2235
1791257440.6621,O,,,,0.72029,-0.1412,0.2235
1791257440.6629,O,,,,0.72029,-0.1412,0.2235
1791257440.6637,O,,,,0.72029,-0.1412,0.2235
1791257440.6299,R,B,,-64,,,
1791257440.6445,R,C,,-71,,,
1791257440.6611,R,A,,-71,,,
1791257440.6803,R,B,,-70,,,
1791257440.6866,R,B,,-67,,,
1791257440.6870,R,C,,-69,,,
1791257440.6873,R,A,,-72,,,
1791257440.7415,O,,,,0.72029,-0.1412,0.2235
1791257440.7426,O,,,,0.72029,-0.1412,0.2235
1791257440.7434,O,,,,0.72029,-0.1412,0.2235
1791257440.7441,O,,,,0.72029,-0.1412,0.2235
1791257440.7464,R,C,,-69,,,
1791257440.7607,R,A,,-72,,,
1791257440.8167,O,,,,0.72029,-0.1412,0.2235
1791257440.8178,O,,,,0.72029,-0.1412,0.2235
1791257440.8186,O,,,,0.72029,-0.1412,0.2235
1791257440.8195,O,,,,0.72029,-0.1412,0.2235
1791257440.7934,R,A,,-76,,,
1791257440.8296,R,C,,-73,,,
1791257440.8299,R,A,,-75,,,
1791257440.8300,R,B,,-66,,,
1791257440.8688,R,C,,-65,,,
1791257440.8865,O,,,,0.72029,-0.1412,0.2235
1791257440.8875,O,,,,0.72029,-0.1412,0.2235
1791257440.8882,O,,,,0.72029,-0.1412,0.2235
1791257440.8784,R,B,,-78,,,
1791257440.8975,R,A,,-76,,,
1791257440.9661,O,,,,0.72029,-0.1412,0.2235
1791257440.9671,O,,,,0.72029,-0.1412,0.2235
1791257440.9679,O,,,,0.72029,-0.1412,0.2235
1791257440.9689,O,,,,0.72029,-0.1412,0.2235
1791257440.9203,R,B,,-72,,,
1791257440.9357,R,A,,-77,,,
1791257440.9548,R,C,,-62,,,
1791257440.9801,R,B,,-66,,,
1791257441.0017,R,A,,-65,,,
1791257441.0019,R,C,,-63,,,
1791257441.0099,R,B,,-67,,,
1791257441.0116,R,A,,-67,,,
1791257441.0409,O,,,,0.72029,-0.1412,0.2235
1791257441.0420,O,,,,0.72029,-0.1412,0.2235
1791257441.0431,O,,,,0.72029,-0.1412,0.2235
1791257441.0438,O,,,,0.72029,-0.1412,0.2235
1791257441.0579,R,C,,-71,,,
1791257441.0591,R,B,,-68,,,
1791257441.0612,R,A,,-73,,,
1791257441.1072,R,C,,-82,,,
1791257441.1074,R,A,,-78,,,
1791257441.1077,R,B,,-74,,,
1791257441.1210,O,,,,0.72029,-0.1412,0.2235
1791257441.1218,O,,,,0.72029,-0.1412,0.2235
1791257441.1227,O,,,,0.72029,-0.1412,0.2235
1791257441.1234,O,,,,0.72029,-0.1412,0.2235
1791257441.1580,R,C,,-65,,,
1791257441.1589,R,B,,-67,,,
1791257441.1608,R,A,,-73,,,
1791257441.2012,O,,,,0.72029,-0.1412,0.2235
1791257441.2023,O,,,,0.72029,-0.1412,0.2235
1791257441.2033,O,,,,0.72029,-0.1412,0.2235
1791257441.2043,O,,,,0.72029,-0.1412,0.2235
1791257441.1851,R,C,,-66,,,
1791257441.1901,R,B,,-66,,,
1791257441.2113,R,A,,-72,,,
1791257441.2278,R,C,,-63,,,
1791257441.2285,R,B,,-70,,,
1791257441.2613,R,A,,-78,,,
1791257441.2759,O,,,,0.72029,-0.1412,0.2235
1791257441.2769,O,,,,0.72029,-0.1412,0.2235
1791257441.2777,O,,,,0.72029,-0.1412,0.2235
1791257441.2785,O,,,,0.72029,-0.1412,0.2235
1791257441.2702,R,B,,-63,,,
1791257441.3078,R,C,,-63,,,
1791257441.3115,R,A,,-71,,,
1791257441.3167,R,C,,-58,,,
1791257441.3168,R,B,,-73,,,
1791257441.3176,R,A,,-70,,,
1791257441.3460,O,,,,0.72029,-0.1412,0.2235
1791257441.3469,O,,,,0.72029,-0.1412,0.2235
1791257441.3477,O,,,,0.72029,-0.1412,0.2235
1791257441.3581,R,C,,-64,,,
1791257441.3611,R,A,,-69,,,
1791257441.3797,R,B,,-76,,,
1791257441.4091,R,C,,-63,,,
1791257441.4114,R,A,,-69,,,
1791257441.4161,R,B,,-71,,,
1791257441.4266,O,,,,0.72029,-0.1412,0.2235
1791257441.4276,O,,,,0.72029,-0.1412,0.2235
1791257441.4284,O,,,,0.72029,-0.1412,0.2235
1791257441.4292,O,,,,0.72029,-0.1412,0.2235
1791257441.4558,R,B,,-73,,,
1791257441.4568,R,C,,-62,,,
1791257441.4571,R,A,,-80,,,
1791257441.5017,O,,,,0.72029,-0.1412,0.2235
1791257441.5027,O,,,,0.72029,-0.1412,0.2235
1791257441.5035,O,,,,0.72029,-0.1412,0.2235
1791257441.5043,O,,,,0.72029,-0.1412,0.2235
1791257441.4978,R,C,,-77,,,
1791257441.5112,R,A,,-74,,,
1791257441.5185,R,B,,-67,,,
1791257441.5462,R,C,,-73,,,
1791257441.5621,R,A,,-68,,,
1791257441.5817,O,,,,0.72029,-0.1412,0.2235
1791257441.5827,O,,,,0.72029,-0.1412,0.2235
1791257441.5836,O,,,,0.72029,-0.1412,0.2235
1791257441.5843,O,,,,0.72029,-0.1412,0.2235
1791257441.5801,R,B,,-65,,,
1791257441.5946,R,B,,-68,,,
1791257441.6082,R,C,,-61,,,
1791257441.6119,R,A,,-71,,,
1791257441.6616,O,,,,0.72029,-0.1412,0.2235
1791257441.6625,O,,,,0.72029,-0.1412,0.2235
1791257441.6633,O,,,,0.72029,-0.1412,0.2235
1791257441.6640,O,,,,0.72029,-0.1412,0.2235
1791257441.6386,R,A,,-72,,,
1791257441.6589,R,C,,-69,,,
1791257441.6739,R,B,,-66,,,
1791257441.6866,R,A,,-70,,,
1791257441.6871,R,B,,-70,,,
1791257441.7366,O,,,,0.72029,-0.1412,0.2235
1791257441.7376,O,,,,0.72029,-0.1412,0.2235
1791257441.7385,O,,,,0.72029,-0.1412,0.2235
1791257441.7392,O,,,,0.72029,-0.1412,0.2235
1791257441.7348,R,C,,-68,,,
1791257441.7349,R,A,,-83,,,
1791257441.8167,O,,,,0.72029,-0.1412,0.2235
1791257441.8178,O,,,,0.72029,-0.1412,0.2235
1791257441.8187,O,,,,0.72029,-0.1412,0.2235
1791257441.8194,O,,,,0.72029,-0.1412,0.2235
1791257441.7803,R,B,,-73,,,
1791257441.8031,R,C,,-77,,,
1791257441.8111,R,A,,-73,,,
1791257441.8305,R,B,,-65,,,
1791257441.8407,R,C,,-72,,,
1791257441.8616,R,A,,-77,,,
1791257441.8654,R,B,,-66,,,
1791257441.8870,O,,,,0.72029,-0.1412,0.2235
1791257441.8881,O,,,,0.72029,-0.1412,0.2235
1791257441.8889,O,,,,0.72029,-0.1412,0.2235
1791257441.9072,R,A,,-72,,,
1791257441.9115,R,A,,-72,,,
1791257441.9616,O,,,,0.72029,-0.1412,0.2235
1791257441.9627,O,,,,0.72029,-0.1412,0.2235
1791257441.9636,O,,,,0.72029,-0.1412,0.2235
1791257441.9649,O,,,,0.72029,-0.1412,0.2235
1791257441.9212,R,B,,-67,,,
1791257441.9593,R,A,,-76,,,
1791257441.9595,R,C,,-73,,,
1791257441.9802,R,B,,-67,,,
1791257442.0090,R,C,,-70,,,
1791257442.0114,R,A,,-69,,,
1791257442.0426,O,,,,0.72029,-0.1412,0.2235
1791257442.0438,O,,,,0.72029,-0.1412,0.2235
1791257442.0445,O,,,,0.72029,-0.1412,0.2235
1791257442.0455,O,,,,0.72029,-0.1412,0.2235
1791257442.0307,R,B,,-73,,,
1791257442.0506,R,A,,-87,,,
1791257442.0594,R,C,,-79,,,
1791257442.0976,R,A,,-72,,,
1791257442.1090,R,C,,-71,,,
1791257442.1102,R,B,,-74,,,
1791257442.1214,O,,,,0.72029,-0.1412,0.2235
1791257442.1223,O,,,,0.72029,-0.1412,0.2235
1791257442.1232,O,,,,0.72029,-0.1412,0.2235
1791257442.1240,O,,,,0.72029,-0.1412,0.2235
1791257442.1309,R,C,,-70,,,
1791257442.1366,R,A,,-76,,,
1791257442.1973,O,,,,0.72029,-0.1412,0.2235
1791257442.1981,O,,,,0.72029,-0.1412,0.2235
1791257442.1988,O,,,,0.72029,-0.1412,0.2235
1791257442.1995,O,,,,0.72029,-0.1412,0.2235
1791257442.1847,R,A,,-79,,,
1791257442.1850,R,C,,-64,,,
1791257442.2304,R,B,,-85,,,
1791257442.2767,O,,,,0.72029,-0.1412,0.2235
1791257442.2777,O,,,,0.72029,-0.1412,0.2235
1791257442.2785,O,,,,0.72029,-0.1412,0.2235
1791257442.2795,O,,,,0.72029,-0.1412,0.2235
1791257442.2713,R,B,,-82,,,
1791257442.3085,R,C,,-72,,,
1791257442.3122,R,A,,-74,,,
1791257442.3470,O,,,,0.72029,-0.1412,0.2235
1791257442.3482,O,,,,0.72029,-0.1412,0.2235
1791257442.3490,O,,,,0.72029,-0.1412,0.2235
1791257442.3304,R,B,,-75,,,
1791257442.3590,R,A,,-69,,,
1791257442.3593,R,C,,-63,,,
1791257442.3810,R,B,,-68,,,
1791257442.4094,R,C,,-67,,,
1791257442.4124,R,A,,-86,,,
1791257442.4212,O,,,,0.72029,-0.1412,0.2235
1791257442.4220,O,,,,0.72029,-0.1412,0.2235
1791257442.4227,O,,,,0.72029,-0.1412,0.2235
1791257442.4235,O,,,,0.72029,-0.1412,0.2235
1791257442.4309,R,B,,-67,,,
1791257442.4443,R,C,,-64,,,
1791257442.4551,R,A,,-80,,,
1791257442.4596,R,A,,-72,,,
1791257442.5016,O,,,,0.72029,-0.1412,0.2235
1791257442.5025,O,,,,0.72029,-0.1412,0.2235
1791257442.5034,O,,,,0.72029,-0.1412,0.2235
1791257442.5042,O,,,,0.72029,-0.1412,0.2235
1791257442.4810,R,B,,-61,,,
1791257442.5058,R,B,,-64,,,
1791257442.5076,R,A,,-83,,,
1791257442.5080,R,C,,-63,,,
1791257442.5460,R,C,,-64,,,
1791257442.5465,R,B,,-71,,,
1791257442.5623,R,A,,-72,,,
1791257442.5818,O,,,,0.72029,-0.1412,0.2235
1791257442.5829,O,,,,0.72029,-0.1412,0.2235
1791257442.5837,O,,,,0.72029,-0.1412,0.2235
1791257442.5845,O,,,,0.72029,-0.1412,0.2235
1791257442.6083,R,C,,-63,,,
1791257442.6122,R,A,,-82,,,
1791257442.6565,O,,,,0.72029,-0.1412,0.2235
1791257442.6573,O,,,,0.72029,-0.1412,0.2235
1791257442.6581,O,,,,0.72029,-0.1412,0.2235
1791257442.6588,O,,,,0.72029,-0.1412,0.2235
1791257442.6305,R,B,,-62,,,
1791257442.6564,R,B,,-62,,,
1791257442.6593,R,C,,-57,,,
1791257442.6629,R,A,,-73,,,
1791257442.6811,R,C,,-67,,,
1791257442.6947,R,A,,-82,,,
1791257442.7367,O,,,,0.72029,-0.1412,0.2235
1791257442.7377,O,,,,0.72029,-0.1412,0.2235
1791257442.7388,O,,,,0.72029,-0.1412,0.2235
1791257442.7396,O,,,,0.72029,-0.1412,0.2235
1791257442.7289,R,B,,-60,,,
1791257442.8117,O,,,,0.72029,-0.1412,0.2235
1791257442.8127,O,,,,0.72029,-0.1412,0.2235
1791257442.8134,O,,,,0.72029,-0.1412,0.2235
1791257442.8142,O,,,,0.72029,-0.1412,0.2235
1791257442.7772,R,B,,-58,,,
1791257442.7776,R,C,,-68,,,
1791257442.7777,R,A,,-79,,,
1791257442.8313,R,B,,-63,,,
1791257442.8589,R,C,,-64,,,
1791257442.8622,R,A,,-85,,,
1791257442.8646,R,B,,-62,,,
1791257442.8682,R,C,,-55,,,
1791257442.8818,O,,,,0.72029,-0.1412,0.2235
1791257442.8828,O,,,,0.72029,-0.1412,0.2235
1791257442.8835,O,,,,0.72029,-0.1412,0.2235
1791257442.9131,R,A,,-74,,,
1791257442.9618,O,,,,0.72029,-0.1412,0.2235
1791257442.9631,O,,,,0.72029,-0.1412,0.2235
1791257442.9641,O,,,,0.72029,-0.1412,0.2235
1791257442.9648,O,,,,0.72029,-0.1412,0.2235
1791257442.9307,R,B,,-52,,,
1791257442.9594,R,C,,-52,,,
1791257442.9626,R,A,,-74,,,
1791257442.9630,R,B,,-61,,,
1791257442.9994,R,A,,-73,,,
1791257443.0053,R,C,,-55,,,
1791257443.0055,R,B,,-61,,,
1791257443.0370,O,,,,0.72029,-0.1412,0.2235
1791257443.0381,O,,,,0.72029,-0.1412,0.2235
1791257443.0389,O,,,,0.72029,-0.1412,0.2235
1791257443.0397,O,,,,0.72029,-0.1412,0.2235
1791257443.0447,R,C,,-54,,,
1791257443.0604,R,B,,-56,,,
1791257443.0619,R,A,,-74,,,
1791257443.1168,O,,,,0.72029,-0.1412,0.2235
1791257443.1178,O,,,,0.72029,-0.1412,0.2235
1791257443.1186,O,,,,0.72029,-0.1412,0.2235
1791257443.1194,O,,,,0.72029,-0.1412,0.2235
1791257443.0949,R,C,,-55,,,
1791257443.0951,R,A,,-73,,,
1791257443.1308,R,B,,-62,,,
1791257443.1517,R,C,,-55,,,
1791257443.1527,R,B,,-57,,,
1791257443.1625,R,A,,-73,,,
1791257443.1968,O,,,,0.72029,-0.1412,0.2235
1791257443.1979,O,,,,0.72029,-0.1412,0.2235
1791257443.1987,O,,,,0.72029,-0.1412,0.2235
1791257443.1995,O,,,,0.72029,-0.1412,0.2235
1791257443.1789,R,A,,-75,,,
1791257443.1792,R,B,,-56,,,
1791257443.1910,R,C,,-56,,,
1791257443.2263,R,B,,-59,,,
1791257443.2595,R,C,,-55,,,
1791257443.2629,R,A,,-74,,,
1791257443.2719,O,,,,0.72029,-0.1412,0.2235
1791257443.2728,O,,,,0.72029,-0.1412,0.2235
1791257443.2735,O,,,,0.72029,-0.1412,0.2235
1791257443.2743,O,,,,0.72029,-0.1412,0.2235
1791257443.2735,R,B,,-60,,,
1791257443.2814,R,C,,-60,,,
1791257443.3105,R,A,,-73,,,
1791257443.3109,R,B,,-60,,,
1791257443.3417,O,,,,0.72029,-0.1412,0.2235
1791257443.3428,O,,,,0.72029,-0.1412,0.2235
1791257443.3436,O,,,,0.72029,-0.1412,0.2235
1791257443.3588,R,C,,-62,,,
1791257443.3593,R,A,,-71,,,
1791257443.3809,R,B,,-60,,,
1791257443.4028,R,B,,-60,,,
1791257443.4049,R,A,,-74,,,
1791257443.4097,R,C,,-58,,,
1791257443.4220,O,,,,0.72029,-0.1412,0.2235
1791257443.4229,O,,,,0.72029,-0.1412,0.2235
1791257443.4238,O,,,,0.72029,-0.1412,0.2235
1791257443.4246,O,,,,0.72029,-0.1412,0.2235
1791257443.4539,R,B,,-61,,,
1791257443.4541,R,C,,-59,,,
1791257443.4630,R,A,,-77,,,
1791257443.4969,O,,,,0.72029,-0.1412,0.2235
1791257443.4979,O,,,,0.72029,-0.1412,0.2235
1791257443.5008,O,,,,0.72029,-0.1412,0.2235
1791257443.5017,O,,,,0.72029,-0.1412,0.2235
1791257443.5004,R,C,,-58,,,
1791257443.5009,R,A,,-72,,,
1791257443.5009,R,B,,-58,,,
1791257443.5310,R,B,,-59,,,
1791257443.5550,R,C,,-55,,,
1791257443.5552,R,A,,-75,,,
1791257443.5767,O,,,,0.72029,-0.1412,0.2235
1791257443.5779,O,,,,0.72029,-0.1412,0.2235
1791257443.5787,O,,,,0.72029,-0.1412,0.2235
1791257443.5794,O,,,,0.72029,-0.1412,0.2235
1791257443.5735,R,C,,-57,,,
1791257443.5815,R,B,,-60,,,
1791257443.6127,R,A,,-75,,,
1791257443.6149,R,B,,-59,,,
1791257443.6572,O,,,,0.72029,-0.1412,0.2235
1791257443.6581,O,,,,0.72029,-0.1412,0.2235
1791257443.6589,O,,,,0.72029,-0.1412,0.2235
1791257443.6597,O,,,,0.72029,-0.1412,0.2235
1791257443.6534,R,C,,-57,,,
1791257443.6563,R,C,,-57,,,
1791257443.6628,R,A,,-76,,,
1791257443.6813,R,B,,-57,,,
1791257443.6950,R,B,,-61,,,
1791257443.7094,R,C,,-57,,,
1791257443.7130,R,A,,-75,,,
1791257443.7322,O,,,,0.72029,-0.1412,0.2235
1791257443.7330,O,,,,0.72029,-0.1412,0.2235
1791257443.7338,O,,,,0.72029,-0.1412,0.2235
1791257443.7345,O,,,,0.72029,-0.1412,0.2235
1791257443.7364,R,A,,-72,,,
1791257443.7602,R,C,,-58,,,
1791257443.8119,O,,,,0.72029,-0.1412,0.2235
1791257443.8129,O,,,,0.72029,-0.1412,0.2235
1791257443.8136,O,,,,0.72029,-0.1412,0.2235
1791257443.8144,O,,,,0.72029,-0.1412,0.2235
1791257443.7736,R,B,,-58,,,
1791257443.7880,R,A,,-75,,,
1791257443.8003,R,B,,-57,,,
1791257443.8101,R,C,,-58,,,
1791257443.8359,R,C,,-59,,,
1791257443.8361,R,A,,-82,,,
1791257443.8828,O,,,,0.72029,-0.1412,0.2235
1791257443.8836,O,,,,0.72029,-0.1412,0.2235
1791257443.8844,O,,,,0.72029,-0.1412,0.2235
1791257443.9093,R,C,,-58,,,
1791257443.9125,R,A,,-78,,,
1791257443.9620,O,,,,0.72029,-0.1412,0.2235
1791257443.9631,O,,,,0.72029,-0.1412,0.2235
1791257443.9640,O,,,,0.72029,-0.1412,0.2235
1791257443.9648,O,,,,0.72029,-0.1412,0.2235
1791257443.9313,R,B,,-58,,,
1791257443.9315,R,A,,-79,,,
1791257443.9317,R,C,,-60,,,
1791257443.9805,R,B,,-62,,,
1791257444.0096,R,C,,-61,,,
1791257444.0126,R,A,,-77,,,
1791257444.0368,O,,,,0.72029,-0.1412,0.2235
1791257444.0377,O,,,,0.72029,-0.1412,0.2235
1791257444.0385,O,,,,0.72029,-0.1412,0.2235
1791257444.0392,O,,,,0.72029,-0.1412,0.2235
1791257444.0255,R,A,,-75,,,
1791257444.0256,R,B,,-63,,,
1791257444.0603,R,C,,-61,,,
1791257444.1167,O,,,,0.72029,-0.1412,0.2235
1791257444.1178,O,,,,0.72029,-0.1412,0.2235
1791257444.1187,O,,,,0.72029,-0.1412,0.2235
1791257444.1194,O,,,,0.72029,-0.1412,0.2235
1791257444.0814,R,B,,-61,,,
1791257444.1093,R,C,,-61,,,
1791257444.1102,R,A,,-73,,,
1791257444.1229,R,B,,-61,,,
1791257444.1244,R,C,,-60,,,
1791257444.1583,R,A,,-79,,,
1791257444.1603,R,C,,-60,,,
1791257444.1673,R,B,,-63,,,
1791257444.1912,O,,,,0.72029,-0.1412,0.2235
1791257444.1920,O,,,,0.72029,-0.1412,0.2235
1791257444.1928,O,,,,0.72029,-0.1412,0.2235
1791257444.1935,O,,,,0.72029,-0.1412,0.2235
1791257444.2067,R,A,,-76,,,
1791257444.2073,R,B,,-61,,,
1791257444.2103,R,C,,-60,,,
1791257444.2508,R,A,,-78,,,
1791257444.2603,R,C,,-59,,,
1791257444.2717,O,,,,0.72029,-0.1412,0.2235
1791257444.2725,O,,,,0.72029,-0.1412,0.2235
1791257444.2733,O,,,,0.72029,-0.1412,0.2235
1791257444.2740,O,,,,0.72029,-0.1412,0.2235
1791257444.2815,R,B,,-59,,,
1791257444.3104,R,C,,-61,,,
1791257444.3129,R,A,,-77,,,
1791257444.3418,O,,,,0.72029,-0.1412,0.2235
1791257444.3429,O,,,,0.72029,-0.1412,0.2235
1791257444.3437,O,,,,0.72029,-0.1412,0.2235
1791257444.3319,R,B,,-62,,,
1791257444.3475,R,B,,-61,,,
1791257444.3477,R,A,,-76,,,
1791257444.3605,R,C,,-61,,,
1791257444.4164,O,,,,0.72029,-0.1412,0.2235
1791257444.4173,O,,,,0.72029,-0.1412,0.2235
1791257444.4183,O,,,,0.72029,-0.1412,0.2235
1791257444.4191,O,,,,0.72029,-0.1412,0.2235
1791257444.3972,R,C,,-56,,,
1791257444.3974,R,A,,-88,,,
1791257444.3978,R,B,,-60,,,
1791257444.4396,R,B,,-63,,,
1791257444.4478,R,C,,-58,,,
1791257444.4481,R,A,,-75,,,
1791257444.4965,O,,,,0.72029,-0.1412,0.2235
1791257444.4976,O,,,,0.72029,-0.1412,0.2235
1791257444.4987,O,,,,0.72029,-0.1412,0.2235
1791257444.4995,O,,,,0.72029,-0.1412,0.2235
1791257444.4793,R,B,,-63,,,
1791257444.4857,R,A,,-76,,,
1791257444.5097,R,C,,-58,,,
1791257444.5316,R,B,,-60,,,
1791257444.5386,R,A,,-83,,,
1791257444.5542,R,C,,-56,,,
1791257444.5678,R,B,,-61,,,
1791257444.5767,O,,,,0.72029,-0.1412,0.2235
1791257444.5776,O,,,,0.72029,-0.1412,0.2235
1791257444.5785,O,,,,0.72029,-0.1412,0.2235
1791257444.5792,O,,,,0.72029,-0.1412,0.2235
1791257444.6094,R,A,,-75,,,
1791257444.6095,R,C,,-60,,,
1791257444.6120,R,A,,-74,,,
1791257444.6121,R,C,,-60,,,
1791257444.6518,O,,,,0.72029,-0.1412,0.2235
1791257444.6528,O,,,,0.72029,-0.1412,0.2235
1791257444.6536,O,,,,0.72029,-0.1412,0.2235
1791257444.6543,O,,,,0.72029,-0.1412,0.2235
1791257444.6316,R,B,,-62,,,
1791257444.7043,R,A,,-77,,,
1791257444.7064,R,C,,-56,,,
1791257444.7074,R,B,,-61,,,
1791257444.7320,O,,,,0.72029,-0.1412,0.2235
1791257444.7328,O,,,,0.72029,-0.1412,0.2235
1791257444.7336,O,,,,0.72029,-0.1412,0.2235
1791257444.7343,O,,,,0.72029,-0.1412,0.2235
1791257444.7479,R,B,,-62,,,
1791257444.7602,R,C,,-60,,,
1791257444.7634,R,A,,-75,,,
1791257444.8115,O,,,,0.72029,-0.1412,0.2235
1791257444.8124,O,,,,0.72029,-0.1412,0.2235
1791257444.8133,O,,,,0.72029,-0.1412,0.2235
1791257444.8139,O,,,,0.72029,-0.1412,0.2235
1791257444.7840,R,C,,-59,,,
1791257444.8134,R,A,,-85,,,
1791257444.8317,R,B,,-62,,,
1791257444.8606,R,C,,-56,,,
1791257444.8638,R,A,,-75,,,
1791257444.8770,O,,,,0.72029,-0.1412,0.2235
1791257444.8780,O,,,,0.72029,-0.1412,0.2235
1791257444.8787,O,,,,0.72029,-0.1412,0.2235
1791257444.8710,R,B,,-63,,,
1791257444.8716,R,A,,-72,,,
1791257444.9149,R,B,,-64,,,
1791257444.9183,R,C,,-61,,,
1791257444.9567,O,,,,0.72029,-0.1412,0.2235
1791257444.9576,O,,,,0.72029,-0.1412,0.2235
1791257444.9585,O,,,,0.72029,-0.1412,0.2235
1791257444.9593,O,,,,0.72029,-0.1412,0.2235
1791257444.9579,R,C,,-61,,,
1791257444.9638,R,A,,-89,,,
1791257444.9775,R,B,,-63,,,
1791257444.9995,R,C,,-57,,,
1791257445.0031,R,B,,-63,,,
1791257445.0140,R,A,,-88,,,
1791257445.0367,O,,,,0.72029,-0.1412,0.2235
1791257445.0379,O,,,,0.72029,-0.1412,0.2235
1791257445.0387,O,,,,0.72029,-0.1412,0.2235
1791257445.0395,O,,,,0.72029,-0.1412,0.2235
1791257445.0601,R,C,,-62,,,
1791257445.0614,R,B,,-65,,,
1791257445.0635,R,A,,-72,,,
1791257445.1111,O,,,,0.72029,-0.1412,0.2235
1791257445.1120,O,,,,0.72029,-0.1412,0.2235
1791257445.1129,O,,,,0.72029,-0.1412,0.2235
1791257445.1137,O,,,,0.72029,-0.1412,0.2235
1791257445.1108,R,C,,-61,,,
1791257445.1138,R,A,,-81,,,
1791257445.1310,R,B,,-62,,,
1791257445.1609,R,C,,-58,,,
1791257445.1637,R,A,,-75,,,
1791257445.1922,O,,,,0.72029,-0.1412,0.2235
1791257445.1938,O,,,,0.72029,-0.1412,0.2235
1791257445.1949,O,,,,0.72029,-0.1412,0.2235
1791257445.1961,O,,,,0.72029,-0.1412,0.2235
1791257445.1792,R,B,,-58,,,
1791257445.1852,R,C,,-58,,,
1791257445.1854,R,A,,-69,,,
1791257445.2252,R,C,,-60,,,
1791257445.2255,R,A,,-86,,,
1791257445.2302,R,B,,-67,,,
1791257445.2718,O,,,,0.72029,-0.1412,0.2235
1791257445.2727,O,,,,0.72029,-0.1412,0.2235
1791257445.2735,O,,,,0.72029,-0.1412,0.2235
1791257445.2742,O,,,,0.72029,-0.1412,0.2235
1791257445.2832,R,B,,-69,,,
1791257445.2876,R,C,,-60,,,
1791257445.3137,R,A,,-76,,,
1791257445.3161,R,B,,-63,,,
1791257445.3370,O,,,,0.72029,-0.1412,0.2235
1791257445.3380,O,,,,0.72029,-0.1412,0.2235
1791257445.3389,O,,,,0.72029,-0.1412,0.2235
1791257445.3604,R,C,,-57,,,
1791257445.3638,R,A,,-71,,,
1791257445.4168,O,,,,0.72029,-0.1412,0.2235
1791257445.4178,O,,,,0.72029,-0.1412,0.2235
1791257445.4187,O,,,,0.72029,-0.1412,0.2235
1791257445.4195,O,,,,0.72029,-0.1412,0.2235
1791257445.3824,R,B,,-65,,,
1791257445.4128,R,A,,-72,,,
1791257445.4211,R,B,,-64,,,
1791257445.4575,R,A,,-73,,,
1791257445.4603,R,C,,-66,,,
1791257445.4607,R,B,,-60,,,
1791257445.4970,O,,,,0.72029,-0.1412,0.2235
1791257445.4981,O,,,,0.72029,-0.1412,0.2235
1791257445.4988,O,,,,0.72029,-0.1412,0.2235
1791257445.4995,O,,,,0.72029,-0.1412,0.2235
1791257445.4955,R,B,,-64,,,
1791257445.4969,R,A,,-76,,,
1791257445.4972,R,C,,-64,,,
1791257445.5604,R,C,,-65,,,
1791257445.5634,R,A,,-75,,,
1791257445.5719,O,,,,0.72029,-0.1412,0.2235
1791257445.5728,O,,,,0.72029,-0.1412,0.2235
1791257445.5736,O,,,,0.72029,-0.1412,0.2235
1791257445.5745,O,,,,0.72029,-0.1412,0.2235
1791257445.5802,R,B,,-63,,,
1791257445.5833,R,B,,-67,,,
1791257445.6112,R,C,,-67,,,
1791257445.6517,O,,,,0.72029,-0.1412,0.2235
1791257445.6528,O,,,,0.72029,-0.1412,0.2235
1791257445.6536,O,,,,0.72029,-0.1412,0.2235
1791257445.6544,O,,,,0.72029,-0.1412,0.2235
1791257445.6303,R,C,,-67,,,
1791257445.6304,R,B,,-64,,,
1791257445.6646,R,A,,-75,,,
1791257445.6827,R,B,,-67,,,
1791257445.6845,R,C,,-77,,,
1791257445.6987,R,A,,-75,,,
1791257445.7272,O,,,,0.72029,-0.1412,0.2235
1791257445.7285,O,,,,0.72029,-0.1412,0.2235
1791257445.7297,O,,,,0.72029,-0.1412,0.2235
1791257445.7308,O,,,,0.72029,-0.1412,0.2235
1791257445.7219,R,B,,-64,,,
1791257445.7221,R,A,,-73,,,
1791257445.7223,R,C,,-73,,,
1791257445.7970,O,,,,0.72029,-0.1412,0.2235
1791257445.7981,O,,,,0.72029,-0.1412,0.2235
1791257445.7988,O,,,,0.72029,-0.1412,0.2235
1791257445.7746,R,B,,-62,,,
1791257445.7748,R,C,,-85,,,
1791257445.8119,R,A,,-73,,,
1791257445.8210,R,B,,-69,,,
1791257445.8771,O,,,,0.72029,-0.1412,0.2235
1791257445.8783,O,,,,0.72029,-0.1412,0.2235
1791257445.8792,O,,,,0.72029,-0.1412,0.2235
1791257445.8799,O,,,,0.72029,-0.1412,0.2235
1791257445.8828,R,B,,-68,,,
1791257445.8929,R,B,,-60,,,
1791257445.9138,R,A,,-69,,,
1791257445.9566,O,,,,0.72029,-0.1412,0.2235
1791257445.9576,O,,,,0.72029,-0.1412,0.2235
1791257445.9585,O,,,,0.72029,-0.1412,0.2235
1791257445.9593,O,,,,0.72029,-0.1412,0.2235
1791257445.9384,R,C,,-70,,,
1791257445.9386,R,A,,-71,,,
1791257445.9510,R,B,,-62,,,
1791257445.9829,R,B,,-62,,,
1791257445.9861,R,C,,-78,,,
1791257445.9869,R,A,,-72,,,
1791257446.0318,O,,,,0.72029,-0.1412,0.2235
1791257446.0329,O,,,,0.72029,-0.1412,0.2235
1791257446.0338,O,,,,0.72029,-0.1412,0.2235
1791257446.0346,O,,,,0.72029,-0.1412,0.2235
1791257446.1113,O,,,,0.72029,-0.1412,0.2235
1791257446.1126,O,,,,0.72029,-0.1412,0.2235
1791257446.1137,O,,,,0.72029,-0.1412,0.2235
1791257446.1169,O,,,,0.72029,-0.1412,0.2235
1791257446.0772,R,B,,-63,,,
1791257446.1106,R,C,,-75,,,
1791257446.1140,R,A,,-69,,,
1791257446.1308,R,C,,-75,,,
1791257446.1310,R,B,,-65,,,
1791257446.1638,R,B,,-60,,,
1791257446.1639,R,A,,-76,,,
1791257446.1872,O,,,,0.72029,-0.1412,0.2235
1791257446.1881,O,,,,0.72029,-0.1412,0.2235
1791257446.1889,O,,,,0.72029,-0.1412,0.2235
1791257446.1896,O,,,,0.72029,-0.1412,0.2235
1791257446.2079,R,C,,-74,,,
1791257446.2104,R,A,,-76,,,
1791257446.2665,O,,,,0.72029,-0.1412,0.2235
1791257446.2675,O,,,,0.72029,-0.1412,0.2235
1791257446.2684,O,,,,0.72029,-0.1412,0.2235
1791257446.2692,O,,,,0.72029,-0.1412,0.2235
1791257446.2326,R,B,,-58,,,
1791257446.2573,R,B,,-66,,,
1791257446.2587,R,A,,-86,,,
1791257446.2609,R,C,,-73,,,
1791257446.3054,R,A,,-77,,,
1791257446.3371,O,,,,0.72029,-0.1412,0.2235
1791257446.3381,O,,,,0.72029,-0.1412,0.2235
1791257446.3388,O,,,,0.72029,-0.1412,0.2235
1791257446.3524,R,B,,-74,,,
1791257446.3614,R,C,,-73,,,
1791257446.3644,R,A,,-88,,,
1791257446.4123,O,,,,0.72029,-0.1412,0.2235
1791257446.4134,O,,,,0.72029,-0.1412,0.2235
1791257446.4143,O,,,,0.72029,-0.1412,0.2235
1791257446.4150,O,,,,0.72029,-0.1412,0.2235
1791257446.4063,R,B,,-73,,,
1791257446.4115,R,C,,-79,,,
1791257446.4143,R,A,,-80,,,
1791257446.4439,R,A,,-82,,,
1791257446.4440,R,B,,-68,,,
1791257446.4442,R,C,,-74,,,
1791257446.4911,O,,,,0.72029,-0.1412,0.2235
1791257446.4919,O,,,,0.72029,-0.1412,0.2235
1791257446.4927,O,,,,0.72029,-0.1412,0.2235
1791257446.4934,O,,,,0.72029,-0.1412,0.2235
1791257446.4823,R,B,,-72,,,
1791257446.5112,R,C,,-78,,,
1791257446.5144,R,A,,-78,,,
1791257446.5307,R,C,,-77,,,
1791257446.5310,R,A,,-74,,,
1791257446.5332,R,B,,-71,,,
1791257446.5716,O,,,,0.72029,-0.1412,0.2235
1791257446.5724,O,,,,0.72029,-0.1412,0.2235
1791257446.5732,O,,,,0.72029,-0.1412,0.2235
1791257446.5739,O,,,,0.72029,-0.1412,0.2235
1791257446.5836,R,B,,-67,,,
1791257446.5973,R,C,,-78,,,
1791257446.5991,R,A,,-78,,,
1791257446.6109,R,C,,-75,,,
1791257446.6120,R,B,,-68,,,
1791257446.6146,R,A,,-85,,,
1791257446.6468,O,,,,0.72029,-0.1412,0.2235
1791257446.6480,O,,,,0.72029,-0.1412,0.2235
1791257446.6488,O,,,,0.72029,-0.1412,0.2235
1791257446.6496,O,,,,0.72029,-0.1412,0.2235
1791257446.6579,R,A,,-78,,,
1791257446.6581,R,B,,-73,,,
1791257446.6620,R,C,,-86,,,
1791257446.7106,R,C,,-73,,,
1791257446.7136,R,B,,-71,,,
1791257446.7271,O,,,,0.72029,-0.1412,0.2235
1791257446.7281,O,,,,0.72029,-0.1412,0.2235
1791257446.7288,O,,,,0.72029,-0.1412,0.2235
1791257446.7295,O,,,,0.72029,-0.1412,0.2235
1791257446.7501,R,C,,-76,,,
1791257446.7617,R,B,,-71,,,
1791257446.7623,R,A,,-85,,,
1791257446.7971,O,,,,0.72029,-0.1412,0.2235
1791257446.7981,O,,,,0.72029,-0.1412,0.2235
1791257446.7988,O,,,,0.72029,-0.1412,0.2235
1791257446.8012,R,C,,-75,,,
1791257446.8015,R,A,,-77,,,
1791257446.8333,R,B,,-65,,,
1791257446.8468,R,C,,-73,,,
1791257446.8671,R,B,,-83,,,
1791257446.8770,O,,,,0.72029,-0.1412,0.2235
1791257446.8780,O,,,,0.72029,-0.1412,0.2235
1791257446.8788,O,,,,0.72029,-0.1412,0.2235
1791257446.8795,O,,,,0.72029,-0.1412,0.2235
1791257446.9112,R,C,,-86,,,
1791257446.9143,R,A,,-83,,,
1791257446.9518,O,,,,0.72029,-0.1412,0.2235
1791257446.9528,O,,,,0.72029,-0.1412,0.2235
1791257446.9536,O,,,,0.72029,-0.1412,0.2235
1791257446.9543,O,,,,0.72029,-0.1412,0.2235
1791257446.9306,R,B,,-71,,,
1791257446.9373,R,C,,-85,,,
1791257446.9375,R,A,,-79,,,
1791257446.9783,R,B,,-72,,,
1791257446.9868,R,C,,-70,,,
1791257446.9885,R,A,,-90,,,
1791257447.0317,O,,,,0.72029,-0.1412,0.2235
1791257447.0329,O,,,,0.72029,-0.1412,0.2235
1791257447.0337,O,,,,0.72029,-0.1412,0.2235
1791257447.0344,O,,,,0.72029,-0.1412,0.2235
1791257447.0330,R,B,,-76,,,
1791257447.0371,R,C,,-80,,,
1791257447.0503,R,A,,-81,,,
1791257447.1068,O,,,,0.72029,-0.1412,0.2235
1791257447.1079,O,,,,0.72029,-0.1412,0.2235
1791257447.1088,O,,,,0.72029,-0.1412,0.2235
1791257447.1100,O,,,,0.72029,-0.1412,0.2235
1791257447.0818,R,B,,-76,,,
1791257447.1113,R,C,,-74,,,
1791257447.1144,R,A,,-82,,,
1791257447.1334,R,B,,-70,,,
1791257447.1452,R,C,,-81,,,
1791257447.1637,R,B,,-75,,,
1791257447.1875,O,,,,0.72029,-0.1412,0.2235
1791257447.1886,O,,,,0.72029,-0.1412,0.2235
1791257447.1894,O,,,,0.72029,-0.1412,0.2235
1791257447.1901,O,,,,0.72029,-0.1412,0.2235
1791257447.2087,R,C,,-85,,,
1791257447.2089,R,A,,-79,,,
1791257447.2097,R,B,,-81,,,
1791257447.2664,O,,,,0.72029,-0.1412,0.2235
1791257447.2673,O,,,,0.72029,-0.1412,0.2235
1791257447.2681,O,,,,0.72029,-0.1412,0.2235
1791257447.2688,O,,,,0.72029,-0.1412,0.2235
1791257447.2563,R,B,,-78,,,
1791257447.2566,R,A,,-75,,,
1791257447.2614,R,C,,-75,,,
1791257447.3013,R,B,,-69,,,
1791257447.3032,R,C,,-72,,,
1791257447.3034,R,A,,-71,,,
1791257447.3367,O,,,,0.72029,-0.1412,0.2235
1791257447.3378,O,,,,0.72029,-0.1412,0.2235
1791257447.3388,O,,,,0.72029,-0.1412,0.2235
1791257447.3504,R,A,,-80,,,
1791257447.3517,R,C,,-71,,,
1791257447.4123,O,,,,0.72029,-0.1412,0.2235
1791257447.4136,O,,,,0.72029,-0.1412,0.2235
1791257447.4145,O,,,,0.72029,-0.1412,0.2235
1791257447.4152,O,,,,0.72029,-0.1412,0.2235
1791257447.3835,R,B,,-67,,,
1791257447.3997,R,C,,-77,,,
1791257447.3999,R,A,,-83,,,
1791257447.4007,R,B,,-71,,,
1791257447.4411,R,B,,-72,,,
1791257447.4425,R,C,,-82,,,
1791257447.4429,R,A,,-77,,,
1791257447.4911,O,,,,0.72029,-0.1412,0.2235
1791257447.4921,O,,,,0.72029,-0.1412,0.2235
1791257447.4929,O,,,,0.72029,-0.1412,0.2235
1791257447.4937,O,,,,0.72029,-0.1412,0.2235
1791257447.4900,R,C,,-74,,,
1791257447.4908,R,A,,-75,,,
1791257447.4939,R,B,,-69,,,
1791257447.5672,O,,,,0.72029,-0.1412,0.2235
1791257447.5683,O,,,,0.72029,-0.1412,0.2235
1791257447.5691,O,,,,0.72029,-0.1412,0.2235
1791257447.5698,O,,,,0.72029,-0.1412,0.2235
1791257447.5551,R,A,,-87,,,
1791257447.5614,R,C,,-76,,,
1791257447.5839,R,B,,-69,,,
1791257447.5952,R,C,,-77,,,
1791257447.6471,O,,,,0.72029,-0.1412,0.2235
1791257447.6481,O,,,,0.72029,-0.1412,0.2235
1791257447.6488,O,,,,0.72029,-0.1412,0.2235
1791257447.6495,O,,,,0.72029,-0.1412,0.2235
1791257447.6343,R,B,,-70,,,
1791257447.6479,R,C,,-78,,,
1791257447.6649,R,A,,-76,,,
1791257447.6838,R,B,,-66,,,
1791257447.7268,O,,,,0.72029,-0.1412,0.2235
1791257447.7280,O,,,,0.72029,-0.1412,0.2235
1791257447.7288,O,,,,0.72029,-0.1412,0.2235
1791257447.7296,O,,,,0.72029,-0.1412,0.2235
1791257447.7338,R,B,,-70,,,
1791257447.7588,R,C,,-76,,,
1791257447.7591,R,B,,-69,,,
1791257447.7612,R,C,,-75,,,
1791257447.7654,R,A,,-76,,,
1791257447.7917,O,,,,0.72029,-0.1412,0.2235
1791257447.7927,O,,,,0.72029,-0.1412,0.2235
1791257447.7935,O,,,,0.72029,-0.1412,0.2235
1791257447.8068,R,C,,-68,,,
1791257447.8073,R,B,,-73,,,
1791257447.8152,R,A,,-93,,,
1791257447.8617,R,C,,-66,,,
1791257447.8623,R,A,,-83,,,
1791257447.8720,O,,,,0.72029,-0.1412,0.2235
1791257447.8728,O,,,,0.72029,-0.1412,0.2235
1791257447.8737,O,,,,0.72029,-0.1412,0.2235
1791257447.8744,O,,,,0.72029,-0.1412,0.2235
1791257447.8835,R,B,,-67,,,
1791257447.8946,R,C,,-72,,,
1791257447.9080,R,B,,-71,,,
1791257447.9148,R,A,,-75,,,
1791257447.9521,O,,,,0.72029,-0.1412,0.2235
1791257447.9531,O,,,,0.72029,-0.1412,0.2235
1791257447.9539,O,,,,0.72029,-0.1412,0.2235
1791257447.9546,O,,,,0.72029,-0.1412,0.2235
1791257447.9534,R,A,,-74,,,
1791257447.9618,R,C,,-69,,,
1791257447.9665,R,B,,-68,,,
1791257447.9798,R,C,,-100,,,
1791257447.9799,R,B,,-70,,,
1791257447.9802,R,A,,-82,,,
1791257448.0267,O,,,,0.72029,-0.1412,0.2235
1791257448.0277,O,,,,0.72029,-0.1412,0.2235
1791257448.0286,O,,,,0.72029,-0.1412,0.2235
1791257448.0294,O,,,,0.72029,-0.1412,0.2235
1791257448.0281,R,B,,-69,,,
1791257448.0286,R,C,,-64,,,
1791257448.0651,R,A,,-75,,,
1791257448.1068,O,,,,0.72029,-0.1412,0.2235
1791257448.1078,O,,,,0.72029,-0.1412,0.2235
1791257448.1087,O,,,,0.72029,-0.1412,0.2235
1791257448.1099,O,,,,0.72029,-0.1412,0.2235
1791257448.0713,R,B,,-69,,,
1791257448.0994,R,C,,-75,,,
1791257448.0996,R,A,,-82,,,
1791257448.1117,R,C,,-71,,,
1791257448.1149,R,A,,-86,,,
1791257448.1215,R,B,,-69,,,
1791257448.1624,R,A,,-70,,,
1791257448.1626,R,B,,-68,,,
1791257448.1872,O,,,,0.72029,-0.1412,0.2235
1791257448.1880,O,,,,0.72029,-0.1412,0.2235
1791257448.1887,O,,,,0.72029,-0.1412,0.2235
1791257448.1895,O,,,,0.72029,-0.1412,0.2235
1791257448.2079,R,A,,-72,,,
1791257448.2081,R,C,,-86,,,
1791257448.2621,O,,,,0.72029,-0.1412,0.2235
1791257448.2631,O,,,,0.72029,-0.1412,0.2235
1791257448.2639,O,,,,0.72029,-0.1412,0.2235
1791257448.2653,O,,,,0.72029,-0.1412,0.2235
1791257448.2501,R,C,,-74,,,
1791257448.2503,R,A,,-82,,,
1791257448.2605,R,B,,-68,,,
1791257448.3123,R,C,,-77,,,
1791257448.3150,R,A,,-68,,,
1791257448.3317,O,,,,0.72029,-0.1412,0.2235
1791257448.3328,O,,,,0.72029,-0.1412,0.2235
1791257448.3336,O,,,,0.72029,-0.1412,0.2235
1791257448.3234,R,B,,-70,,,
1791257448.3414,R,C,,-72,,,
1791257448.3417,R,A,,-67,,,
1791257448.4123,O,,,,0.72029,-0.1412,0.2235
1791257448.4133,O,,,,0.72029,-0.1412,0.2235
1791257448.4140,O,,,,0.72029,-0.1412,0.2235
1791257448.4147,O,,,,0.72029,-0.1412,0.2235
1791257448.3801,R,B,,-71,,,
1791257448.3831,R,B,,-84,,,
1791257448.4119,R,C,,-81,,,
1791257448.4149,R,A,,-69,,,
1791257448.4218,R,C,,-74,,,
1791257448.4269,R,B,,-81,,,
1791257448.4272,R,A,,-72,,,
1791257448.4866,O,,,,0.72029,-0.1412,0.2235
1791257448.4877,O,,,,0.72029,-0.1412,0.2235
1791257448.4885,O,,,,0.72029,-0.1412,0.2235
1791257448.4893,O,,,,0.72029,-0.1412,0.2235
1791257448.4844,R,B,,-70,,,
1791257448.5123,R,C,,-71,,,
1791257448.5155,R,A,,-68,,,
1791257448.5174,R,B,,-69,,,
1791257448.5665,O,,,,0.72029,-0.1412,0.2235
1791257448.5673,O,,,,0.72029,-0.1412,0.2235
1791257448.5682,O,,,,0.72029,-0.1412,0.2235
1791257448.5689,O,,,,0.72029,-0.1412,0.2235
1791257448.5256,R,C,,-77,,,
1791257448.5622,R,C,,-77,,,
1791257448.5655,R,A,,-78,,,
1791257448.6130,R,C,,-78,,,
1791257448.6156,R,A,,-76,,,
1791257448.6460,O,,,,0.72029,-0.1412,0.2235
1791257448.6469,O,,,,0.72029,-0.1412,0.2235
1791257448.6478,O,,,,0.72029,-0.1412,0.2235
1791257448.6486,O,,,,0.72029,-0.1412,0.2235
1791257448.6342,R,B,,-67,,,
1791257448.6549,R,C,,-73,,,
1791257448.6551,R,A,,-73,,,
1791257448.6577,R,B,,-68,,,
1791257448.6994,R,A,,-74,,,
1791257448.6995,R,C,,-71,,,
1791257448.7142,R,B,,-71,,,
1791257448.7213,O,,,,0.72029,-0.1412,0.2235
1791257448.7221,O,,,,0.72029,-0.1412,0.2235
1791257448.7228,O,,,,0.72029,-0.1412,0.2235
1791257448.7235,O,,,,0.72029,-0.1412,0.2235
1791257448.7404,R,C,,-68,,,
1791257448.7437,R,A,,-71,,,
1791257448.7438,R,B,,-66,,,
1791257448.7919,O,,,,0.72029,-0.1412,0.2235
1791257448.7929,O,,,,0.72029,-0.1412,0.2235
1791257448.7936,O,,,,0.72029,-0.1412,0.2235
1791257448.8123,R,C,,-83,,,
1791257448.8149,R,A,,-69,,,
1791257448.8340,R,B,,-82,,,
1791257448.8423,R,C,,-70,,,
1791257448.8425,R,A,,-71,,,
1791257448.8712,O,,,,0.72029,-0.1412,0.2235
1791257448.8722,O,,,,0.72029,-0.1412,0.2235
1791257448.8730,O,,,,0.72029,-0.1412,0.2235
1791257448.8738,O,,,,0.72029,-0.1412,0.2235
1791257448.8733,R,B,,-68,,,
1791257448.8747,R,A,,-69,,,
1791257448.9135,R,C,,-71,,,
1791257448.9467,O,,,,0.72029,-0.1412,0.2235
1791257448.9485,O,,,,0.72029,-0.1412,0.2235
1791257448.9492,O,,,,0.72029,-0.1412,0.2235
1791257448.9499,O,,,,0.72029,-0.1412,0.2235
1791257448.9342,R,B,,-81,,,
1791257448.9503,R,C,,-72,,,
1791257448.9642,R,B,,-64,,,
1791257448.9661,R,A,,-69,,,
1791257449.0126,R,C,,-82,,,
1791257449.0155,R,A,,-66,,,
1791257449.0163,R,B,,-63,,,
1791257449.0271,O,,,,0.72029,-0.1412,0.2235
1791257449.0281,O,,,,0.72029,-0.1412,0.2235
1791257449.0289,O,,,,0.72029,-0.1412,0.2235
1791257449.0296,O,,,,0.72029,-0.1412,0.2235
1791257449.0539,R,C,,-72,,,
1791257449.0541,R,A,,-64,,,
1791257449.0543,R,B,,-71,,,
1791257449.1068,O,,,,0.72029,-0.1412,0.2235
1791257449.1078,O,,,,0.72029,-0.1412,0.2235
1791257449.1086,O,,,,0.72029,-0.1412,0.2235
1791257449.1096,O,,,,0.72029,-0.1412,0.2235
1791257449.0973,R,B,,-77,,,
1791257449.0989,R,C,,-74,,,
1791257449.0992,R,A,,-63,,,
1791257449.1512,R,C,,-70,,,
1791257449.1517,R,B,,-66,,,
1791257449.1656,R,A,,-67,,,
1791257449.1819,O,,,,0.72029,-0.1412,0.2235
1791257449.1828,O,,,,0.72029,-0.1412,0.2235
1791257449.1837,O,,,,0.72029,-0.1412,0.2235
1791257449.1844,O,,,,0.72029,-0.1412,0.2235
1791257449.2134,R,C,,-72,,,
1791257449.2161,R,A,,-66,,,
1791257449.2621,O,,,,0.72029,-0.1412,0.2235
1791257449.2632,O,,,,0.72029,-0.1412,0.2235
1791257449.2640,O,,,,0.72029,-0.1412,0.2235
1791257449.2648,O,,,,0.72029,-0.1412,0.2235
1791257449.2337,R,B,,-87,,,
1791257449.2385,R,C,,-67,,,
1791257449.2602,R,A,,-61,,,
1791257449.2710,R,B,,-68,,,
1791257449.2763,R,C,,-64,,,
1791257449.2793,R,A,,-69,,,
1791257449.3141,R,B,,-66,,,
1791257449.3156,R,A,,-67,,,
1791257449.3318,O,,,,0.72029,-0.1412,0.2235
1791257449.3328,O,,,,0.72029,-0.1412,0.2235
1791257449.3336,O,,,,0.72029,-0.1412,0.2235
1791257449.3629,R,C,,-65,,,
1791257449.3631,R,A,,-71,,,
1791257449.3659,R,B,,-63,,,
1791257449.4067,O,,,,0.72029,-0.1412,0.2235
1791257449.4078,O,,,,0.72029,-0.1412,0.2235
1791257449.4086,O,,,,0.72029,-0.1412,0.2235
1791257449.4094,O,,,,0.72029,-0.1412,0.2235
1791257449.4135,R,C,,-58,,,
1791257449.4157,R,A,,-79,,,
1791257449.4305,R,B,,-64,,,
1791257449.4632,R,C,,-69,,,
1791257449.4661,R,A,,-64,,,
1791257449.4668,R,B,,-67,,,
1791257449.4872,O,,,,0.72029,-0.1412,0.2235
1791257449.4882,O,,,,0.72029,-0.1412,0.2235
1791257449.4890,O,,,,0.72029,-0.1412,0.2235
1791257449.4900,O,,,,0.72029,-0.1412,0.2235
1791257449.4987,R,A,,-61,,,
1791257449.4989,R,C,,-66,,,
1791257449.5052,R,B,,-65,,,
1791257449.5622,O,,,,0.72029,-0.1412,0.2235
1791257449.5633,O,,,,0.72029,-0.1412,0.2235
1791257449.5642,O,,,,0.72029,-0.1412,0.2235
1791257449.5649,O,,,,0.72029,-0.1412,0.2235
1791257449.5624,R,C,,-67,,,
1791257449.5657,R,A,,-63,,,
1791257449.5763,R,B,,-75,,,
1791257449.5829,R,C,,-76,,,
1791257449.5848,R,B,,-68,,,
1791257449.5938,R,A,,-67,,,
1791257449.6421,O,,,,0.72029,-0.1412,0.2235
1791257449.6433,O,,,,0.72029,-0.1412,0.2235
1791257449.6440,O,,,,0.72029,-0.1412,0.2235
1791257449.6447,O,,,,0.72029,-0.1412,0.2235
1791257449.6328,R,B,,-62,,,
1791257449.6331,R,C,,-70,,,
1791257449.6459,R,A,,-67,,,
1791257449.6764,R,B,,-64,,,
1791257449.6785,R,C,,-64,,,
1791257449.6787,R,A,,-65,,,
1791257449.7217,O,,,,0.72029,-0.1412,0.2235
1791257449.7226,O,,,,0.72029,-0.1412,0.2235
1791257449.7235,O,,,,0.72029,-0.1412,0.2235
1791257449.7242,O,,,,0.72029,-0.1412,0.2235
1791257449.7219,R,B,,-63,,,
1791257449.7631,R,C,,-65,,,
1791257449.7658,R,A,,-74,,,
1791257449.7917,O,,,,0.72029,-0.1412,0.2235
1791257449.7928,O,,,,0.72029,-0.1412,0.2235
1791257449.7935,O,,,,0.72029,-0.1412,0.2235
1791257449.7837,R,C,,-64,,,
1791257449.7839,R,B,,-64,,,
1791257449.7843,R,A,,-67,,,
1791257449.8667,O,,,,0.72029,-0.1412,0.2235
1791257449.8677,O,,,,0.72029,-0.1412,0.2235
1791257449.8686,O,,,,0.72029,-0.1412,0.2235
1791257449.8694,O,,,,0.72029,-0.1412,0.2235
1791257449.8342,R,B,,-55,,,
1791257449.8628,R,C,,-69,,,
1791257449.8646,R,A,,-62,,,
1791257449.8671,R,A,,-63,,,
1791257449.8851,R,B,,-62,,,
1791257449.9084,R,C,,-75,,,
1791257449.9086,R,A,,-71,,,
1791257449.9125,R,B,,-59,,,
1791257449.9469,O,,,,0.72029,-0.1412,0.2235
1791257449.9480,O,,,,0.72029,-0.1412,0.2235
1791257449.9488,O,,,,0.72029,-0.1412,0.2235
1791257449.9495,O,,,,0.72029,-0.1412,0.2235
1791257449.9562,R,A,,-67,,,
1791257449.9573,R,B,,-57,,,
1791257449.9636,R,C,,-69,,,
1791257449.9984,R,B,,-65,,,
1791257450.0002,R,C,,-68,,,
1791257450.0008,R,A,,-62,,,
1791257450.0213,O,,,,0.72029,-0.1412,0.2235
1791257450.0221,O,,,,0.72029,-0.1412,0.2235
1791257450.0228,O,,,,0.72029,-0.1412,0.2235
1791257450.0235,O,,,,0.72029,-0.1412,0.2235
1791257450.0431,R,C,,-74,,,
1791257450.0434,R,A,,-69,,,
1791257450.0441,R,B,,-56,,,
1791257450.1019,O,,,,0.72029,-0.1412,0.2235
1791257450.1028,O,,,,0.72029,-0.1412,0.2235
1791257450.1036,O,,,,0.72029,-0.1412,0.2235
1791257450.1044,O,,,,0.72029,-0.1412,0.2235
1791257450.0946,R,A,,-66,,,
1791257450.0987,R,B,,-51,,,
1791257450.1134,R,C,,-67,,,
1791257450.1351,R,B,,-58,,,
1791257450.1636,R,C,,-67,,,
1791257450.1661,R,A,,-63,,,
1791257450.1812,O,,,,0.72029,-0.1412,0.2235
1791257450.1832,O,,,,0.72029,-0.1412,0.2235
1791257450.1840,O,,,,0.72029,-0.1412,0.2235
1791257450.1847,O,,,,0.72029,-0.1412,0.2235
1791257450.1782,R,C,,-74,,,
1791257450.1788,R,B,,-64,,,
1791257450.1925,R,A,,-72,,,
1791257450.2471,O,,,,0.72029,-0.1412,0.2235
1791257450.2482,O,,,,0.72029,-0.1412,0.2235
1791257450.2490,O,,,,0.72029,-0.1412,0.2235
1791257450.2497,O,,,,0.72029,-0.1412,0.2235
1791257450.2209,R,B,,-66,,,
1791257450.2635,R,C,,-67,,,
1791257450.2644,R,A,,-68,,,
1791257450.2652,R,B,,-57,,,
1791257450.2678,R,A,,-66,,,
1791257450.3115,R,C,,-61,,,
1791257450.3162,R,B,,-65,,,
1791257450.3164,R,A,,-65,,,
1791257450.3269,O,,,,0.72029,-0.1412,0.2235
1791257450.3279,O,,,,0.72029,-0.1412,0.2235
1791257450.3286,O,,,,0.72029,-0.1412,0.2235
1791257450.3609,R,B,,-60,,,
1791257450.3630,R,C,,-71,,,
1791257450.3668,R,A,,-70,,,
1791257450.4069,O,,,,0.72029,-0.1412,0.2235
1791257450.4079,O,,,,0.72029,-0.1412,0.2235
1791257450.4088,O,,,,0.72029,-0.1412,0.2235
1791257450.4095,O,,,,0.72029,-0.1412,0.2235
1791257450.4137,R,C,,-68,,,
1791257450.4155,R,A,,-68,,,
1791257450.4209,R,B,,-63,,,
1791257450.4464,R,B,,-67,,,
1791257450.4481,R,C,,-65,,,
1791257450.4665,R,A,,-66,,,
1791257450.4811,O,,,,0.72029,-0.1412,0.2235
1791257450.4822,O,,,,0.72029,-0.1412,0.2235
1791257450.4831,O,,,,0.72029,-0.1412,0.2235
1791257450.4838,O,,,,0.72029,-0.1412,0.2235
1791257450.5139,R,C,,-71,,,
1791257450.5167,R,A,,-66,,,
1791257450.5629,O,,,,0.72029,-0.1412,0.2235
1791257450.5645,O,,,,0.72029,-0.1412,0.2235
1791257450.5656,O,,,,0.72029,-0.1412,0.2235
1791257450.5667,O,,,,0.72029,-0.1412,0.2235
1791257450.5251,R,B,,-63,,,
1791257450.5395,R,A,,-64,,,
1791257450.5637,R,C,,-69,,,
1791257450.5793,R,B,,-60,,,
1791257450.5816,R,C,,-65,,,
1791257450.5821,R,B,,-60,,,
1791257450.6164,R,A,,-64,,,
1791257450.6416,O,,,,0.72293,-0.1412,0.2235
1791257450.6439,O,,,,0.72823,-0.1412,0.2235
1791257450.6454,O,,,,0.73485,-0.1414,0.2233
1791257450.6460,O,,,,0.74411,-0.1416,0.2231
1791257450.6305,R,B,,-64,,,
1791257450.6309,R,A,,-66,,,
1791257450.6663,R,A,,-67,,,
1791257450.7167,O,,,,0.75470,-0.1416,0.2231
1791257450.7184,O,,,,0.76662,-0.1418,0.2230
1791257450.7192,O,,,,0.77853,-0.1420,0.2228
1791257450.7199,O,,,,0.79309,-0.1422,0.2226
1791257450.6850,R,B,,-65,,,
1791257450.7107,R,B,,-60,,,
1791257450.7136,R,C,,-65,,,
1791257450.7152,R,A,,-67,,,
1791257450.7500,R,B,,-65,,,
1791257450.7638,R,C,,-61,,,
1791257450.7663,R,A,,-64,,,
1791257450.7880,O,,,,0.80765,-0.1424,0.2224
1791257450.7888,O,,,,0.82221,-0.1426,0.2222
1791257450.7896,O,,,,0.83545,-0.1426,0.2222
1791257450.8139,R,C,,-66,,,
1791257450.8170,R,A,,-64,,,
1791257450.8662,O,,,,0.85265,-0.1427,0.2220
1791257450.8672,O,,,,0.86721,-0.1426,0.2222
1791257450.8681,O,,,,0.88310,-0.1429,0.2218
1791257450.8688,O,,,,0.90031,-0.1427,0.2220
1791257450.8351,R,B,,-63,,,
1791257450.8458,R,C,,-66,,,
1791257450.8469,R,A,,-63,,,
1791257450.8854,R,B,,-56,,,
1791257450.9134,R,C,,-67,,,
1791257450.9164,R,A,,-66,,,
1791257450.9431,O,,,,0.91619,-0.1427,0.2220
1791257450.9440,O,,,,0.93207,-0.1427,0.2220
1791257450.9447,O,,,,0.94796,-0.1427,0.2220
1791257450.9455,O,,,,0.96384,-0.1427,0.2220
1791257450.9321,R,C,,-68,,,
1791257450.9323,R,A,,-67,,,
1791257450.9326,R,B,,-61,,,
1791257450.9851,R,B,,-61,,,
1791257451.0137,R,C,,-67,,,
1791257451.0164,R,A,,-67,,,
1791257451.0292,O,,,,0.98105,-0.1429,0.2218
1791257451.0304,O,,,,0.99693,-0.1429,0.2218
1791257451.0312,O,,,,1.01414,-0.1427,0.2220
1791257451.0320,O,,,,1.03135,-0.1429,0.2218
1791257451.0204,R,B,,-57,,,
1791257451.0205,R,C,,-66,,,
1791257451.0404,R,A,,-68,,,
1791257451.0615,R,B,,-62,,,
1791257451.0633,R,C,,-66,,,
1791257451.0673,R,A,,-66,,,
1791257451.1006,O,,,,1.04723,-0.1429,0.2218
1791257451.1017,O,,,,1.06444,-0.1428,0.2220
1791257451.1025,O,,,,1.08032,-0.1428,0.2220
1791257451.1033,O,,,,1.09753,-0.1429,0.2218
1791257451.1092,R,A,,-65,,,
1791257451.1147,R,C,,-75,,,
1791257451.1149,R,B,,-56,,,
1791257451.1500,R,A,,-64,,,
1791257451.1504,R,B,,-55,,,
1791257451.1640,R,C,,-68,,,
1791257451.1763,O,,,,1.11341,-0.1429,0.2218
1791257451.1776,O,,,,1.13062,-0.1428,0.2220
1791257451.1784,O,,,,1.14651,-0.1428,0.2220
1791257451.1792,O,,,,1.16239,-0.1428,0.2220
1791257451.2014,R,B,,-60,,,
1791257451.2145,R,C,,-74,,,
1791257451.2166,R,A,,-65,,,
1791257451.2460,O,,,,1.18092,-0.1428,0.2220
1791257451.2470,O,,,,1.19680,-0.1428,0.2220
1791257451.2479,O,,,,1.21269,-0.1428,0.2220
1791257451.2431,R,A,,-69,,,
1791257451.2434,R,B,,-59,,,
1791257451.2642,R,C,,-75,,,
1791257451.2934,R,C,,-71,,,
1791257451.2936,R,A,,-71,,,
1791257451.2950,R,B,,-58,,,
1791257451.3269,O,,,,1.23122,-0.1428,0.2220
1791257451.3280,O,,,,1.24710,-0.1428,0.2220
1791257451.3288,O,,,,1.26299,-0.1428,0.2220
1791257451.3296,O,,,,1.28019,-0.1427,0.2223
1791257451.3463,R,A,,-77,,,
1791257451.3541,R,C,,-77,,,
1791257451.4015,O,,,,1.29740,-0.1428,0.2220
1791257451.4026,O,,,,1.31329,-0.1428,0.2220
1791257451.4035,O,,,,1.33049,-0.1427,0.2223
1791257451.4043,O,,,,1.34770,-0.1428,0.2220
1791257451.3849,R,C,,-76,,,
1791257451.3852,R,B,,-68,,,
1791257451.3855,R,A,,-78,,,
1791257451.4287,R,B,,-60,,,
1791257451.4668,R,A,,-74,,,
1791257451.4811,O,,,,1.36359,-0.1428,0.2220
1791257451.4819,O,,,,1.37947,-0.1428,0.2220
1791257451.4829,O,,,,1.39800,-0.1428,0.2220
1791257451.4837,O,,,,1.41388,-0.1428,0.2220
1791257451.4719,R,B,,-57,,,
1791257451.4831,R,C,,-68,,,
1791257451.4833,R,A,,-75,,,
1791257451.5574,O,,,,1.42977,-0.1428,0.2220
1791257451.5584,O,,,,1.44830,-0.1428,0.2220
1791257451.5592,O,,,,1.46418,-0.1428,0.2220
1791257451.5600,O,,,,1.48007,-0.1428,0.2220
1791257451.5204,R,B,,-52,,,
1791257451.5213,R,C,,-65,,,
1791257451.6139,R,C,,-67,,,
1791257451.6169,R,A,,-68,,,
1791257451.6365,O,,,,1.49860,-0.1428,0.2220
1791257451.6375,O,,,,1.51448,-0.1428,0.2220
1791257451.6384,O,,,,1.53037,-0.1428,0.2220
1791257451.6392,O,,,,1.54890,-0.1428,0.2220
1791257451.6353,R,B,,-52,,,
1791257451.6604,R,B,,-52,,,
1791257451.6621,R,C,,-68,,,
1791257451.6628,R,A,,-74,,,
1791257451.7169,O,,,,1.56478,-0.1428,0.2220
1791257451.7181,O,,,,1.58067,-0.1428,0.2220
1791257451.7189,O,,,,1.59787,-0.1428,0.2223
1791257451.7198,O,,,,1.61508,-0.1427,0.2220
1791257451.7027,R,C,,-68,,,
1791257451.7168,R,A,,-73,,,
1791257451.7353,R,B,,-56,,,
1791257451.7604,R,C,,-71,,,
1791257451.7609,R,A,,-72,,,
1791257451.7609,R,B,,-59,,,
1791257451.7861,O,,,,1.63096,-0.1427,0.2220
1791257451.7869,O,,,,1.64685,-0.1427,0.2220
1791257451.7878,O,,,,1.66406,-0.1428,0.2223
1791257451.8137,R,C,,-73,,,
1791257451.8175,R,A,,-71,,,
1791257451.8617,O,,,,1.68126,-0.1427,0.2220
1791257451.8628,O,,,,1.69715,-0.1427,0.2220
1791257451.8636,O,,,,1.71568,-0.1427,0.2220
1791257451.8643,O,,,,1.73156,-0.1427,0.2220
1791257451.8242,R,B,,-62,,,
1791257451.8379,R,C,,-71,,,
1791257451.8379,R,A,,-72,,,
1791257451.8838,R,B,,-68,,,
1791257451.9138,R,C,,-69,,,
1791257451.9170,R,A,,-70,,,
1791257451.9420,O,,,,1.74745,-0.1427,0.2220
1791257451.9439,O,,,,1.76465,-0.1428,0.2223
1791257451.9447,O,,,,1.78186,-0.1427,0.2220
1791257451.9455,O,,,,1.79774,-0.1427,0.2220
1791257451.9354,R,B,,-61,,,
1791257451.9355,R,A,,-68,,,
1791257451.9649,R,C,,-72,,,
1791257451.9802,R,A,,-67,,,
1791257451.9804,R,C,,-66,,,
1791257451.9857,R,B,,-68,,,
1791257452.0280,O,,,,1.81363,-0.1427,0.2220
1791257452.0291,O,,,,1.83084,-0.1427,0.2218
1791257452.0301,O,,,,1.84804,-0.1427,0.2220
1791257452.0310,O,,,,1.86393,-0.1427,0.2220
1791257452.0363,R,B,,-61,,,
1791257452.0533,R,C,,-71,,,
1791257452.0539,R,A,,-72,,,
1791257452.0982,O,,,,1.87981,-0.1427,0.2220
1791257452.0992,O,,,,1.89834,-0.1427,0.2220
1791257452.1002,O,,,,1.91423,-0.1427,0.2220
1791257452.1010,O,,,,1.93011,-0.1427,0.2220
1791257452.0709,R,B,,-66,,,
1791257452.0737,R,A,,-75,,,
1791257452.0738,R,C,,-70,,,
1791257452.1171,R,B,,-61,,,
1791257452.1629,R,C,,-76,,,
1791257452.1634,R,B,,-62,,,
1791257452.1671,R,A,,-67,,,
1791257452.1765,O,,,,1.94732,-0.1426,0.2218
1791257452.1774,O,,,,1.96453,-0.1427,0.2220
1791257452.1781,O,,,,1.98041,-0.1427,0.2220
1791257452.1788,O,,,,1.99762,-0.1426,0.2218
1791257452.2048,R,C,,-81,,,
1791257452.2178,R,A,,-63,,,
1791257452.2429,O,,,,2.01482,-0.1427,0.2220
1791257452.2446,O,,,,2.03071,-0.1427,0.2220
1791257452.2456,O,,,,2.04659,-0.1427,0.2220
1791257452.2550,R,B,,-63,,,
1791257452.2648,R,C,,-70,,,
1791257452.2674,R,A,,-73,,,
1791257452.2940,R,C,,-77,,,
1791257452.2942,R,A,,-64,,,
1791257452.3214,O,,,,2.06512,-0.1427,0.2220
1791257452.3223,O,,,,2.08101,-0.1427,0.2220
1791257452.3231,O,,,,2.09689,-0.1427,0.2220
1791257452.3238,O,,,,2.11410,-0.1429,0.2222
1791257452.3251,R,B,,-63,,,
1791257452.3345,R,C,,-77,,,
1791257452.3348,R,A,,-65,,,
1791257452.3358,R,B,,-66,,,
1791257452.4023,O,,,,2.12998,-0.1429,0.2222
1791257452.4034,O,,,,2.14719,-0.1427,0.2220
1791257452.4043,O,,,,2.16307,-0.1427,0.2220
1791257452.4050,O,,,,2.18028,-0.1429,0.2222
1791257452.3843,R,B,,-66,,,
1791257452.3847,R,A,,-72,,,
1791257452.3847,R,C,,-70,,,
1791257452.4359,R,B,,-67,,,
1791257452.4629,R,C,,-71,,,
1791257452.4673,R,A,,-67,,,
1791257452.4826,O,,,,2.19749,-0.1427,0.2220
1791257452.4834,O,,,,2.21337,-0.1427,0.2220
1791257452.4842,O,,,,2.23058,-0.1429,0.2222
1791257452.4850,O,,,,2.24779,-0.1427,0.2220
1791257452.4749,R,C,,-72,,,
1791257452.4752,R,A,,-71,,,
1791257452.4864,R,B,,-73,,,
1791257452.5569,O,,,,2.26367,-0.1427,0.2220
1791257452.5580,O,,,,2.28220,-0.1427,0.2220
1791257452.5588,O,,,,2.29809,-0.1427,0.2220
1791257452.5595,O,,,,2.31397,-0.1427,0.2220
1791257452.5223,R,B,,-69,,,
1791257452.5645,R,C,,-69,,,
1791257452.5672,R,A,,-73,,,
1791257452.5690,R,B,,-72,,,
1791257452.5714,R,C,,-74,,,
1791257452.6370,O,,,,2.33118,-0.1429,0.2222
1791257452.6381,O,,,,2.34839,-0.1427,0.2220
1791257452.6388,O,,,,2.36427,-0.1427,0.2220
1791257452.6396,O,,,,2.38015,-0.1427,0.2220
1791257452.6218,R,B,,-61,,,
1791257452.6630,R,C,,-68,,,
1791257452.6671,R,A,,-81,,,
1791257452.6673,R,B,,-56,,,
1791257452.7111,O,,,,2.39736,-0.1429,0.2222
1791257452.7120,O,,,,2.41457,-0.1427,0.2220
1791257452.7128,O,,,,2.43045,-0.1427,0.2220
1791257452.7136,O,,,,2.44766,-0.1429,0.2222
1791257452.7102,R,B,,-61,,,
1791257452.7113,R,C,,-86,,,
1791257452.7122,R,A,,-84,,,
1791257452.7544,R,C,,-70,,,
1791257452.7545,R,A,,-68,,,
1791257452.7818,O,,,,2.46487,-0.1427,0.2220
1791257452.7828,O,,,,2.48075,-0.1427,0.2220
1791257452.7837,O,,,,2.49664,-0.1427,0.2220
1791257452.7860,R,B,,-67,,,
1791257452.8026,R,A,,-82,,,
1791257452.8030,R,C,,-67,,,
1791257452.8032,R,B,,-56,,,
1791257452.8621,O,,,,2.51384,-0.1429,0.2222
1791257452.8632,O,,,,2.53105,-0.1427,0.2220
1791257452.8647,O,,,,2.54694,-0.1427,0.2220
1791257452.8655,O,,,,2.56414,-0.1429,0.2222
1791257452.8642,R,C,,-64,,,
1791257452.8674,R,A,,-74,,,
1791257452.8862,R,B,,-60,,,
1791257452.9068,R,B,,-66,,,
1791257452.9178,R,A,,-79,,,
1791257452.9437,O,,,,2.58135,-0.1427,0.2220
1791257452.9447,O,,,,2.59723,-0.1427,0.2220
1791257452.9456,O,,,,2.61444,-0.1429,0.2222
1791257452.9464,O,,,,2.63165,-0.1427,0.2220
1791257452.9391,R,C,,-101,,,
1791257452.9404,R,A,,-74,,,
1791257453.0211,O,,,,2.64753,-0.1427,0.2220
1791257452.9812,R,B,,-63,,,
1791257453.0118,R,C,,-61,,,
1791257453.0120,R,A,,-73,,,
1791257453.0224,O,,,,2.66342,-0.1427,0.2220
1791257453.0233,O,,,,2.68195,-0.1427,0.2220
1791257453.0241,O,,,,2.69783,-0.1427,0.2220
1791257453.0362,R,B,,-69,,,
1791257453.0644,R,C,,-80,,,
1791257453.0650,R,A,,-68,,,
1791257453.0679,R,A,,-67,,,
1791257453.0932,O,,,,2.71372,-0.1427,0.2220
1791257453.0941,O,,,,2.72960,-0.1427,0.2220
1791257453.0950,O,,,,2.74681,-0.1425,0.2219
1791257453.0957,O,,,,2.76402,-0.1427,0.2220
1791257453.0865,R,B,,-57,,,
1791257453.1139,R,A,,-72,,,
1791257453.1151,R,C,,-70,,,
1791257453.1169,R,B,,-62,,,
1791257453.1595,R,B,,-75,,,
1791257453.1627,R,C,,-68,,,
1791257453.1678,R,A,,-72,,,
1791257453.1719,O,,,,2.77990,-0.1427,0.2220
1791257453.1729,O,,,,2.79578,-0.1427,0.2220
1791257453.1739,O,,,,2.81431,-0.1427,0.2220
1791257453.1749,O,,,,2.83020,-0.1427,0.2220
1791257453.2082,R,C,,-69,,,
1791257453.2095,R,A,,-71,,,
1791257453.2116,R,B,,-64,,,
1791257453.2427,O,,,,2.84741,-0.1430,0.2221
1791257453.2438,O,,,,2.86461,-0.1427,0.2220
1791257453.2446,O,,,,2.88050,-0.1427,0.2220
1791257453.2513,R,C,,-68,,,
1791257453.2517,R,A,,-77,,,
1791257453.2862,R,B,,-65,,,
1791257453.2997,R,B,,-91,,,
1791257453.3001,R,C,,-81,,,
1791257453.3179,R,A,,-73,,,
1791257453.3211,O,,,,2.89638,-0.1427,0.2220
1791257453.3219,O,,,,2.91491,-0.1427,0.2220
1791257453.3226,O,,,,2.93080,-0.1427,0.2220
1791257453.3234,O,,,,2.94668,-0.1427,0.2220
1791257453.3543,R,C,,-72,,,
1791257453.3682,R,A,,-70,,,
1791257453.3973,O,,,,2.96521,-0.1427,0.2220
1791257453.3982,O,,,,2.98109,-0.1427,0.2220
1791257453.3989,O,,,,2.99698,-0.1427,0.2220
1791257453.3997,O,,,,3.01551,-0.1427,0.2220
1791257453.3864,R,B,,-67,,,
1791257453.4149,R,C,,-68,,,
1791257453.4183,R,A,,-72,,,
1791257453.4361,R,C,,-65,,,
1791257453.4363,R,B,,-63,,,
1791257453.4365,R,A,,-69,,,
1791257453.4767,O,,,,3.03139,-0.1427,0.2220
1791257453.4777,O,,,,3.04728,-0.1427,0.2220
1791257453.4786,O,,,,3.06449,-0.1430,0.2221
1791257453.4795,O,,,,3.08169,-0.1427,0.2220
1791257453.4868,R,B,,-69,,,
1791257453.4909,R,C,,-63,,,
1791257453.4921,R,A,,-75,,,
1791257453.5564,O,,,,3.09758,-0.1427,0.2220
1791257453.5574,O,,,,3.11478,-0.1430,0.2221
1791257453.5583,O,,,,3.13067,-0.1430,0.2221
1791257453.5590,O,,,,-3.13531,-0.1427,0.2221
1791257453.5293,R,B,,-80,,,
1791257453.5341,R,C,,-62,,,
1791257453.5537,R,A,,-69,,,
1791257453.5765,R,B,,-65,,,
1791257453.6151,R,C,,-58,,,
1791257453.6182,R,A,,-68,,,
1791257453.6318,O,,,,-3.11810,-0.1430,0.2221
1791257453.6329,O,,,,-3.10222,-0.1430,0.2221
1791257453.6337,O,,,,-3.08501,-0.1427,0.2221
1791257453.6345,O,,,,-3.06780,-0.1430,0.2220
1791257453.6368,R,B,,-66,,,
1791257453.6429,R,C,,-57,,,
1791257453.7111,O,,,,-3.05192,-0.1430,0.2220
1791257453.7122,O,,,,-3.03471,-0.1427,0.2221
1791257453.7131,O,,,,-3.01750,-0.1430,0.2220
1791257453.7139,O,,,,-3.00162,-0.1430,0.2220
1791257453.6869,R,B,,-69,,,
1791257453.7147,R,C,,-55,,,
1791257453.7187,R,A,,-70,,,
1791257453.7371,R,B,,-61,,,
1791257453.7644,R,C,,-51,,,
1791257453.7646,R,A,,-67,,,
1791257453.7675,R,B,,-63,,,
1791257453.7809,O,,,,-2.98441,-0.1427,0.2221
1791257453.7817,O,,,,-2.96853,-0.1427,0.2221
1791257453.7828,O,,,,-2.95132,-0.1430,0.2220
1791257453.8052,R,C,,-55,,,
1791257453.8179,R,A,,-66,,,
1791257453.8609,O,,,,-2.93544,-0.1430,0.2220
1791257453.8618,O,,,,-2.91823,-0.1427,0.2221
1791257453.8626,O,,,,-2.90102,-0.1430,0.2220
1791257453.8634,O,,,,-2.88514,-0.1430,0.2220
1791257453.8204,R,B,,-66,,,
1791257453.8540,R,C,,-51,,,
1791257453.8552,R,B,,-58,,,
1791257453.8556,R,A,,-67,,,
1791257453.9139,R,C,,-50,,,
1791257453.9183,R,A,,-69,,,
1791257453.9363,O,,,,-2.86793,-0.1427,0.2221
1791257453.9374,O,,,,-2.85205,-0.1427,0.2221
1791257453.9383,O,,,,-2.83484,-0.1430,0.2220
1791257453.9390,O,,,,-2.81763,-0.1427,0.2221
1791257453.9366,R,B,,-66,,,
1791257453.9624,R,C,,-55,,,
1791257453.9626,R,A,,-68,,,
1791257453.9630,R,B,,-72,,,
1791257454.0163,O,,,,-2.80175,-0.1427,0.2221
1791257454.0174,O,,,,-2.78454,-0.1430,0.2220
1791257454.0182,O,,,,-2.76866,-0.1430,0.2220
1791257454.0189,O,,,,-2.75013,-0.1430,0.2220
1791257454.0299,R,B,,-66,,,
1791257454.0326,R,B,,-70,,,
1791257454.0396,R,C,,-55,,,
1791257454.0398,R,A,,-77,,,
1791257454.0913,O,,,,-2.73424,-0.1430,0.2220
1791257454.0922,O,,,,-2.71836,-0.1430,0.2220
1791257454.0929,O,,,,-2.70115,-0.1427,0.2221
1791257454.0937,O,,,,-2.68394,-0.1430,0.2220
1791257454.0760,R,B,,-69,,,
1791257454.0912,R,C,,-62,,,
1791257454.0914,R,A,,-75,,,
1791257454.1184,R,A,,-76,,,
1791257454.1367,R,B,,-68,,,
1791257454.1655,R,A,,-80,,,
1791257454.1656,R,C,,-59,,,
1791257454.1715,O,,,,-2.66806,-0.1430,0.2220
1791257454.1724,O,,,,-2.65085,-0.1427,0.2221
1791257454.1742,O,,,,-2.63364,-0.1430,0.2220
1791257454.1752,O,,,,-2.61776,-0.1430,0.2220
1791257454.1711,R,B,,-63,,,
1791257454.2037,R,B,,-79,,,
1791257454.2052,R,C,,-57,,,
1791257454.2055,R,A,,-88,,,
1791257454.2429,O,,,,-2.60188,-0.1430,0.2220
1791257454.2440,O,,,,-2.58467,-0.1432,0.2219
1791257454.2448,O,,,,-2.56746,-0.1430,0.2220
1791257454.2435,R,C,,-58,,,
1791257454.2437,R,A,,-76,,,
1791257454.3197,O,,,,-2.55158,-0.1430,0.2220
1791257454.3211,O,,,,-2.53569,-0.1430,0.2220
1791257454.2804,R,B,,-75,,,
1791257454.2948,R,A,,-75,,,
1791257454.2951,R,C,,-64,,,
1791257454.3128,R,B,,-73,,,
1791257454.3226,O,,,,-2.51716,-0.1430,0.2220
1791257454.3237,O,,,,-2.50128,-0.1430,0.2220
1791257454.3648,R,B,,-70,,,
1791257454.3651,R,C,,-81,,,
1791257454.3667,R,A,,-80,,,
1791257454.3977,O,,,,-2.48539,-0.1430,0.2220
1791257454.3986,O,,,,-2.46951,-0.1430,0.2220
1791257454.3996,O,,,,-2.45098,-0.1430,0.2220
1791257454.4004,O,,,,-2.43509,-0.1430,0.2220
1791257454.3894,R,A,,-73,,,
1791257454.4372,R,B,,-75,,,
1791257454.4583,R,C,,-56,,,
1791257454.4684,R,A,,-73,,,
1791257454.4767,O,,,,-2.41789,-0.1432,0.2218
1791257454.4778,O,,,,-2.40068,-0.1430,0.2220
1791257454.4786,O,,,,-2.38480,-0.1430,0.2220
1791257454.4794,O,,,,-2.36759,-0.1432,0.2218
1791257454.4874,R,B,,-68,,,
1791257454.4942,R,C,,-62,,,
1791257454.5158,R,A,,-68,,,
1791257454.5510,O,,,,-2.35170,-0.1432,0.2218
1791257454.5519,O,,,,-2.33450,-0.1430,0.2220
1791257454.5528,O,,,,-2.31729,-0.1432,0.2218
1791257454.5536,O,,,,-2.30141,-0.1432,0.2218
1791257454.5238,R,B,,-78,,,
1791257454.5652,R,C,,-56,,,
1791257454.5684,R,A,,-72,,,
1791257454.5871,R,B,,-68,,,
1791257454.6077,R,C,,-62,,,
1791257454.6110,R,A,,-67,,,
1791257454.6315,O,,,,-2.28420,-0.1430,0.2220
1791257454.6325,O,,,,-2.26699,-0.1432,0.2218
1791257454.6335,O,,,,-2.25111,-0.1432,0.2218
1791257454.6343,O,,,,-2.23522,-0.1432,0.2218
1791257454.6358,R,B,,-76,,,
1791257454.6512,R,A,,-66,,,
1791257454.6514,R,C,,-65,,,
1791257454.6619,R,B,,-70,,,
1791257454.7069,O,,,,-2.21801,-0.1433,0.2216
1791257454.7080,O,,,,-2.20081,-0.1432,0.2218
1791257454.7091,O,,,,-2.18492,-0.1432,0.2218
1791257454.7099,O,,,,-2.16904,-0.1432,0.2218
1791257454.7065,R,C,,-60,,,
1791257454.7067,R,A,,-68,,,
1791257454.7291,R,B,,-67,,,
1791257454.7368,R,C,,-61,,,
1791257454.7372,R,A,,-65,,,
1791257454.7373,R,B,,-67,,,
1791257454.7763,O,,,,-2.15051,-0.1432,0.2218
1791257454.7773,O,,,,-2.13462,-0.1432,0.2218
1791257454.7780,O,,,,-2.11874,-0.1432,0.2218
1791257454.7878,R,B,,-82,,,
1791257454.8088,R,C,,-62,,,
1791257454.8092,R,A,,-66,,,
1791257454.8568,O,,,,-2.10021,-0.1432,0.2218
1791257454.8580,O,,,,-2.08433,-0.1432,0.2218
1791257454.8588,O,,,,-2.06844,-0.1432,0.2218
1791257454.8597,O,,,,-2.04991,-0.1432,0.2218
1791257454.8233,R,B,,-75,,,
1791257454.8627,R,C,,-64,,,
1791257454.8630,R,A,,-67,,,
1791257454.8655,R,C,,-63,,,
1791257454.8658,R,A,,-67,,,
1791257454.8665,R,B,,-70,,,
1791257454.9142,R,B,,-73,,,
1791257454.9369,O,,,,-2.03403,-0.1432,0.2218
1791257454.9379,O,,,,-2.01814,-0.1432,0.2218
1791257454.9388,O,,,,-2.00226,-0.1432,0.2218
1791257454.9396,O,,,,-1.98637,-0.1432,0.2218
1791257454.9654,R,C,,-58,,,
1791257454.9685,R,A,,-74,,,
1791257455.0115,O,,,,-1.96917,-0.1431,0.2221
1791257455.0125,O,,,,-1.95196,-0.1432,0.2218
1791257455.0134,O,,,,-1.93608,-0.1432,0.2218
1791257455.0141,O,,,,-1.91754,-0.1432,0.2218
1791257454.9788,R,B,,-73,,,
1791257455.0103,R,C,,-60,,,
1791257455.0105,R,A,,-68,,,
1791257455.0109,R,B,,-77,,,
1791257455.0384,R,C,,-66,,,
1791257455.0912,O,,,,-1.90166,-0.1432,0.2218
1791257455.0921,O,,,,-1.88578,-0.1432,0.2218
1791257455.0929,O,,,,-1.86857,-0.1431,0.2221
1791257455.0937,O,,,,-1.85136,-0.1432,0.2218
1791257455.0705,R,A,,-72,,,
1791257455.0872,R,B,,-71,,,
1791257455.1153,R,C,,-61,,,
1791257455.1669,O,,,,-1.83548,-0.1432,0.2218
1791257455.1679,O,,,,-1.81827,-0.1431,0.2221
1791257455.1687,O,,,,-1.80106,-0.1432,0.2218
1791257455.1696,O,,,,-1.78518,-0.1432,0.2218
1791257455.1205,R,A,,-75,,,
1791257455.1208,R,B,,-68,,,
1791257455.1325,R,C,,-57,,,
1791257455.1656,R,C,,-57,,,
1791257455.1701,R,A,,-67,,,
1791257455.1765,R,B,,-66,,,
1791257455.2079,R,C,,-60,,,
1791257455.2083,R,A,,-68,,,
1791257455.2150,R,B,,-64,,,
1791257455.2361,O,,,,-1.76665,-0.1432,0.2218
1791257455.2370,O,,,,-1.75076,-0.1432,0.2218
1791257455.2377,O,,,,-1.73488,-0.1432,0.2218
1791257455.2495,R,C,,-61,,,
1791257455.2497,R,A,,-73,,,
1791257455.3166,O,,,,-1.71767,-0.1431,0.2221
1791257455.3176,O,,,,-1.70046,-0.1431,0.2218
1791257455.3183,O,,,,-1.68458,-0.1431,0.2218
1791257455.3191,O,,,,-1.66737,-0.1431,0.2221
1791257455.2873,R,B,,-70,,,
1791257455.3155,R,C,,-59,,,
1791257455.3202,R,A,,-69,,,
1791257455.3260,R,B,,-69,,,
1791257455.3435,R,A,,-70,,,
1791257455.3663,R,C,,-57,,,
1791257455.3964,O,,,,-1.65017,-0.1431,0.2218
1791257455.3981,O,,,,-1.63428,-0.1431,0.2218
1791257455.3989,O,,,,-1.61707,-0.1431,0.2221
1791257455.3996,O,,,,-1.60119,-0.1431,0.2221
1791257455.3874,R,B,,-66,,,
1791257455.4159,R,B,,-81,,,
1791257455.4163,R,C,,-55,,,
1791257455.4188,R,A,,-70,,,
1791257455.4418,R,C,,-62,,,
1791257455.4420,R,A,,-74,,,
1791257455.4432,R,B,,-67,,,
1791257455.4719,O,,,,-1.58398,-0.1431,0.2218
1791257455.4728,O,,,,-1.56810,-0.1431,0.2218
1791257455.4736,O,,,,-1.55089,-0.1431,0.2221
1791257455.4744,O,,,,-1.53501,-0.1431,0.2221
1791257455.5604,O,,,,-1.51780,-0.1431,0.2218
1791257455.5613,O,,,,-1.50059,-0.1431,0.2221
1791257455.5621,O,,,,-1.48471,-0.1431,0.2221
1791257455.5629,O,,,,-1.46750,-0.1431,0.2218
1791257455.5373,R,B,,-67,,,
1791257455.5379,R,A,,-65,,,
1791257455.5386,R,C,,-59,,,
1791257455.5781,R,B,,-78,,,
1791257455.6083,R,A,,-71,,,
1791257455.6156,R,C,,-65,,,
1791257455.6282,O,,,,-1.45029,-0.1431,0.2221
1791257455.6290,O,,,,-1.43441,-0.1431,0.2221
1791257455.6299,O,,,,-1.41720,-0.1431,0.2218
1791257455.6307,O,,,,-1.39999,-0.1431,0.2221
1791257455.6374,R,B,,-82,,,
1791257455.6397,R,C,,-64,,,
1791257455.6424,R,A,,-67,,,
1791257455.6999,O,,,,-1.38411,-0.1431,0.2221
1791257455.7014,O,,,,-1.36690,-0.1431,0.2218
1791257455.7025,O,,,,-1.34970,-0.1432,0.2221
1791257455.6705,R,A,,-66,,,
1791257455.6996,R,C,,-67,,,
1791257455.7122,R,B,,-70,,,
1791257455.7153,R,C,,-69,,,
1791257455.7202,R,A,,-62,,,
1791257455.7557,R,C,,-86,,,
1791257455.7559,R,A,,-66,,,
1791257455.7601,R,B,,-66,,,
1791257455.7763,O,,,,-1.33249,-0.1431,0.2218
1791257455.7775,O,,,,-1.31660,-0.1431,0.2218
1791257455.7784,O,,,,-1.30072,-0.1431,0.2218
1791257455.7792,O,,,,-1.28219,-0.1431,0.2218
1791257455.8560,O,,,,-1.26630,-0.1431,0.2218
1791257455.8568,O,,,,-1.24910,-0.1432,0.2221
1791257455.8577,O,,,,-1.23189,-0.1431,0.2218
1791257455.8584,O,,,,-1.21601,-0.1431,0.2218
1791257455.8376,R,B,,-71,,,
1791257455.8463,R,B,,-68,,,
1791257455.8479,R,C,,-71,,,
1791257455.8481,R,A,,-59,,,
1791257455.8892,R,C,,-85,,,
1791257455.9312,O,,,,-1.20012,-0.1431,0.2218
1791257455.9321,O,,,,-1.18291,-0.1432,0.2221
1791257455.9329,O,,,,-1.16571,-0.1431,0.2218
1791257455.9336,O,,,,-1.14982,-0.1431,0.2218
1791257455.9202,R,A,,-63,,,
1791257455.9375,R,B,,-67,,,
1791257455.9509,R,C,,-62,,,
1791257455.9523,R,A,,-63,,,
1791257456.0110,O,,,,-1.13129,-0.1431,0.2218
1791257456.0119,O,,,,-1.11541,-0.1431,0.2218
1791257456.0126,O,,,,-1.09952,-0.1431,0.2218
1791257456.0134,O,,,,-1.08099,-0.1431,0.2218
1791257455.9789,R,C,,-66,,,
1791257455.9799,R,A,,-61,,,
1791257455.9882,R,B,,-76,,,
1791257456.0356,R,B,,-74,,,
1791257456.0489,R,C,,-74,,,
1791257456.0642,R,A,,-61,,,
1791257456.0644,R,C,,-70,,,
1791257456.0647,R,B,,-71,,,
1791257456.0868,O,,,,-1.06511,-0.1431,0.2218
1791257456.0878,O,,,,-1.04922,-0.1431,0.2218
1791257456.0886,O,,,,-1.03202,-0.1432,0.2221
1791257456.0894,O,,,,-1.01613,-0.1432,0.2221
1791257456.1160,R,C,,-61,,,
1791257456.1662,O,,,,-0.99893,-0.1431,0.2218
1791257456.1672,O,,,,-0.98172,-0.1432,0.2221
1791257456.1680,O,,,,-0.96583,-0.1432,0.2221
1791257456.1687,O,,,,-0.94863,-0.1431,0.2218
1791257456.1207,R,A,,-64,,,
1791257456.1378,R,B,,-79,,,
1791257456.1553,R,B,,-78,,,
1791257456.1572,R,C,,-56,,,
1791257456.1573,R,A,,-62,,,
1791257456.2160,R,C,,-68,,,
1791257456.2359,O,,,,-0.93274,-0.1431,0.2218
1791257456.2367,O,,,,-0.91686,-0.1431,0.2218
1791257456.2375,O,,,,-0.89965,-0.1432,0.2220
1791257456.2201,R,A,,-62,,,
1791257456.2256,R,B,,-70,,,
1791257456.2420,R,C,,-59,,,
1791257456.2538,R,B,,-73,,,
1791257456.2542,R,A,,-62,,,
1791257456.3165,O,,,,-0.88244,-0.1431,0.2218
1791257456.3176,O,,,,-0.86656,-0.1431,0.2218
1791257456.3185,O,,,,-0.85068,-0.1431,0.2218
1791257456.3193,O,,,,-0.83215,-0.1431,0.2218
1791257456.2877,R,B,,-72,,,
1791257456.3164,R,C,,-61,,,
1791257456.3201,R,A,,-61,,,
1791257456.3309,R,B,,-71,,,
1791257456.3600,R,C,,-69,,,
1791257456.3602,R,A,,-61,,,
1791257456.3913,O,,,,-0.81626,-0.1431,0.2218
1791257456.3923,O,,,,-0.80038,-0.1431,0.2218
1791257456.3931,O,,,,-0.78185,-0.1431,0.2218
1791257456.3939,O,,,,-0.76596,-0.1431,0.2218
1791257456.3885,R,B,,-72,,,
1791257456.4061,R,A,,-62,,,
1791257456.4160,R,C,,-67,,,
1791257456.4388,R,B,,-75,,,
1791257456.4668,R,C,,-60,,,
1791257456.4689,R,A,,-65,,,
1791257456.4712,O,,,,-0.75008,-0.1431,0.2218
1791257456.4721,O,,,,-0.73287,-0.1429,0.2217
1791257456.4728,O,,,,-0.71566,-0.1431,0.2218
1791257456.4745,O,,,,-0.69978,-0.1431,0.2218
1791257456.4711,R,B,,-81,,,
1791257456.5167,R,C,,-70,,,
1791257456.5465,O,,,,-0.68125,-0.1431,0.2218
1791257456.5482,O,,,,-0.66536,-0.1431,0.2218
1791257456.5490,O,,,,-0.64948,-0.1431,0.2218
1791257456.5498,O,,,,-0.63227,-0.1429,0.2217
1791257456.5213,R,B,,-68,,,
1791257456.5271,R,C,,-70,,,
1791257456.5707,R,A,,-61,,,
1791257456.5771,R,B,,-71,,,
1791257456.5779,R,C,,-63,,,
1791257456.6129,R,A,,-65,,,
1791257456.6162,R,C,,-63,,,
1791257456.6282,O,,,,-0.61507,-0.1431,0.2218
1791257456.6292,O,,,,-0.59918,-0.1431,0.2218
1791257456.6300,O,,,,-0.58197,-0.1433,0.2220
1791257456.6307,O,,,,-0.56477,-0.1431,0.2218
1791257456.6385,R,B,,-67,,,
1791257456.6596,R,A,,-61,,,
1791257456.6667,R,C,,-77,,,
1791257456.7004,O,,,,-0.54888,-0.1431,0.2218
1791257456.7014,O,,,,-0.53300,-0.1431,0.2218
1791257456.7022,O,,,,-0.51447,-0.1431,0.2218
1791257456.6796,R,B,,-72,,,
1791257456.7007,R,C,,-73,,,
1791257456.7008,R,A,,-60,,,
1791257456.7320,R,B,,-67,,,
1791257456.7419,R,C,,-64,,,
1791257456.7759,O,,,,-0.49858,-0.1431,0.2218
1791257456.7768,O,,,,-0.48270,-0.1431,0.2218
1791257456.7775,O,,,,-0.46682,-0.1431,0.2218
1791257456.7783,O,,,,-0.45093,-0.1431,0.2218
1791257456.7701,R,A,,-63,,,
1791257456.7875,R,C,,-69,,,
1791257456.7880,R,B,,-68,,,
1791257456.7881,R,A,,-61,,,
1791257456.8518,O,,,,-0.43372,-0.1428,0.2217
1791257456.8528,O,,,,-0.41652,-0.1431,0.2218
1791257456.8536,O,,,,-0.40063,-0.1431,0.2218
1791257456.8544,O,,,,-0.38343,-0.1428,0.2217
1791257456.8294,R,B,,-74,,,
1791257456.8662,R,C,,-71,,,
1791257456.8686,R,A,,-61,,,
1791257456.8712,R,B,,-84,,,
1791257456.8714,R,A,,-60,,,
1791257456.8875,R,C,,-72,,,
1791257456.9145,R,A,,-63,,,
1791257456.9162,R,C,,-67,,,
1791257456.9312,O,,,,-0.36754,-0.1428,0.2217
1791257456.9322,O,,,,-0.35033,-0.1431,0.2218
1791257456.9330,O,,,,-0.33313,-0.1428,0.2217
1791257456.9338,O,,,,-0.31724,-0.1428,0.2217
1791257456.9291,R,B,,-70,,,
1791257456.9669,R,C,,-67,,,
1791257457.0059,O,,,,-0.30003,-0.1431,0.2218
1791257457.0069,O,,,,-0.28283,-0.1428,0.2217
1791257457.0078,O,,,,-0.26694,-0.1428,0.2217
1791257457.0086,O,,,,-0.25106,-0.1428,0.2217
1791257456.9704,R,A,,-60,,,
1791257456.9881,R,B,,-79,,,
1791257457.0029,R,C,,-71,,,
1791257457.0049,R,A,,-62,,,
1791257457.0669,R,C,,-72,,,
1791257457.0861,O,,,,-0.23253,-0.1428,0.2217
1791257457.0869,O,,,,-0.21664,-0.1428,0.2217
1791257457.0877,O,,,,-0.20076,-0.1428,0.2217
1791257457.0884,O,,,,-0.18223,-0.1428,0.2217
1791257457.0701,R,A,,-66,,,
1791257457.0713,R,B,,-73,,,
1791257457.0840,R,A,,-61,,,
1791257457.1661,O,,,,-0.16635,-0.1428,0.2217
1791257457.1669,O,,,,-0.14914,-0.1431,0.2218
1791257457.1678,O,,,,-0.13325,-0.1431,0.2218
1791257457.1685,O,,,,-0.11605,-0.1428,0.2217
1791257457.1281,R,B,,-67,,,
1791257457.1368,R,C,,-63,,,
1791257457.1881,R,B,,-63,,,
1791257457.2049,R,C,,-67,,,
1791257457.2051,R,A,,-66,,,
1791257457.2362,O,,,,-0.09884,-0.1431,0.2218
1791257457.2373,O,,,,-0.08295,-0.1431,0.2218
1791257457.2381,O,,,,-0.06575,-0.1428,0.2218
1791257457.2336,R,B,,-67,,,
1791257457.2342,R,C,,-74,,,
1791257457.3109,O,,,,-0.04986,-0.1428,0.2218
1791257457.3118,O,,,,-0.03266,-0.1431,0.2218
1791257457.3126,O,,,,-0.01545,-0.1428,0.2218
1791257457.3134,O,,,,0.00176,-0.1431,0.2218
1791257457.2702,R,A,,-62,,,
1791257457.3165,R,C,,-73,,,
1791257457.3174,R,B,,-62,,,
1791257457.3201,R,A,,-61,,,
1791257457.3672,R,C,,-67,,,
1791257457.3911,O,,,,0.01764,-0.1431,0.2218
1791257457.3920,O,,,,0.03485,-0.1428,0.2218
1791257457.3928,O,,,,0.05206,-0.1431,0.2218
1791257457.3936,O,,,,0.06794,-0.1431,0.2218
1791257457.3702,R,A,,-65,,,
1791257457.3873,R,B,,-63,,,
1791257457.4172,R,C,,-72,,,
1791257457.4659,O,,,,0.08383,-0.1431,0.2218
1791257457.4668,O,,,,0.10103,-0.1428,0.2218
1791257457.4676,O,,,,0.11824,-0.1431,0.2218
1791257457.4684,O,,,,0.13413,-0.1431,0.2218
1791257457.4201,R,B,,-61,,,
1791257457.4202,R,A,,-63,,,
1791257457.4449,R,C,,-67,,,
1791257457.4703,R,A,,-64,,,
1791257457.4884,R,B,,-65,,,
1791257457.4954,R,C,,-75,,,
1791257457.5469,O,,,,0.15266,-0.1431,0.2218
1791257457.5478,O,,,,0.16854,-0.1431,0.2218
1791257457.5497,O,,,,0.18442,-0.1431,0.2218
1791257457.5506,O,,,,0.20031,-0.1431,0.2218
1791257457.5202,R,A,,-71,,,
1791257457.5217,R,B,,-61,,,
1791257457.5383,R,B,,-60,,,
1791257457.5667,R,C,,-72,,,
1791257457.5705,R,A,,-63,,,
1791257457.5889,R,B,,-65,,,
1791257457.6174,R,C,,-68,,,
1791257457.6177,R,A,,-66,,,
1791257457.6259,O,,,,0.21884,-0.1431,0.2218
1791257457.6271,O,,,,0.23472,-0.1431,0.2218
1791257457.6279,O,,,,0.25061,-0.1431,0.2218
1791257457.6286,O,,,,0.26649,-0.1431,0.2218
1791257457.6315,R,C,,-63,,,
1791257457.6324,R,A,,-70,,,
1791257457.6388,R,B,,-64,,,
1791257457.6909,O,,,,0.28105,-0.1428,0.2218
1791257457.6917,O,,,,0.29429,-0.1433,0.2217
1791257457.6925,O,,,,0.30752,-0.1433,0.2217
1791257457.6795,R,A,,-65,,,
1791257457.6889,R,B,,-61,,,
1791257457.7202,R,A,,-66,,,
1791257457.7361,R,B,,-63,,,
1791257457.7665,R,C,,-68,,,
1791257457.7666,R,A,,-69,,,
1791257457.7713,O,,,,0.31944,-0.1431,0.2218
1791257457.7721,O,,,,0.32870,-0.1433,0.2217
1791257457.7728,O,,,,0.33929,-0.1433,0.2217
1791257457.7736,O,,,,0.34591,-0.1436,0.2216
1791257457.7888,R,B,,-65,,,
1791257457.8166,R,C,,-62,,,
1791257457.8510,O,,,,0.35253,-0.1433,0.2217
1791257457.8519,O,,,,0.35650,-0.1436,0.2216
1791257457.8527,O,,,,0.36179,-0.1436,0.2216
1791257457.8534,O,,,,0.36577,-0.1438,0.2215
1791257457.8206,R,A,,-71,,,
1791257457.8215,R,B,,-63,,,
1791257457.8543,R,C,,-62,,,
1791257457.8544,R,A,,-67,,,
1791257457.8549,R,B,,-62,,,
1791257457.9049,R,C,,-68,,,
1791257457.9057,R,B,,-65,,,
1791257457.9260,O,,,,0.36841,-0.1438,0.2215
1791257457.9269,O,,,,0.36974,-0.1441,0.2214
1791257457.9278,O,,,,0.37106,-0.1438,0.2215
1791257457.9286,O,,,,0.37106,-0.1438,0.2215
1791257457.9201,R,A,,-70,,,
1791257457.9523,R,B,,-64,,,
1791257457.9547,R,A,,-70,,,
1791257457.9548,R,C,,-62,,,
1791257458.0063,O,,,,0.37106,-0.1438,0.2215
1791257458.0073,O,,,,0.37106,-0.1438,0.2215
1791257458.0082,O,,,,0.37106,-0.1438,0.2215
1791257458.0089,O,,,,0.37106,-0.1438,0.2215
1791257458.0170,R,C,,-62,,,
1791257458.0205,R,A,,-67,,,
1791257458.0362,R,B,,-62,,,
1791257458.0394,R,B,,-62,,,
1791257458.0552,R,A,,-69,,,
1791257458.0591,R,C,,-70,,,
1791257458.0820,O,,,,0.37106,-0.1438,0.2215
1791257458.0829,O,,,,0.37106,-0.1438,0.2215
1791257458.0837,O,,,,0.37106,-0.1438,0.2215
1791257458.0845,O,,,,0.37106,-0.1438,0.2215
1791257458.0891,R,B,,-65,,,
1791257458.1141,R,C,,-62,,,
1791257458.1609,O,,,,0.37106,-0.1438,0.2215
1791257458.1617,O,,,,0.37106,-0.1438,0.2215
1791257458.1626,O,,,,0.37106,-0.1438,0.2215
1791257458.1634,O,,,,0.37106,-0.1438,0.2215
1791257458.1208,R,A,,-69,,,
1791257458.1293,R,B,,-64,,,
1791257458.1555,R,C,,-63,,,
1791257458.1560,R,A,,-67,,,
1791257458.1889,R,B,,-63,,,
1791257458.2112,R,C,,-69,,,
1791257458.2317,O,,,,0.37106,-0.1438,0.2215
1791257458.2325,O,,,,0.37106,-0.1438,0.2215
1791257458.2333,O,,,,0.37106,-0.1438,0.2215
1791257458.2203,R,A,,-71,,,
1791257458.2297,R,A,,-68,,,
1791257458.2298,R,C,,-64,,,
1791257458.2393,R,B,,-66,,,
1791257458.3110,O,,,,0.37106,-0.1438,0.2215
1791257458.3119,O,,,,0.37106,-0.1438,0.2215
1791257458.3128,O,,,,0.37106,-0.1438,0.2215
1791257458.3135,O,,,,0.37106,-0.1438,0.2215
1791257458.2743,R,B,,-65,,,
1791257458.2744,R,C,,-63,,,
1791257459.1979,O,,,,0.37106,-0.1438,0.2215
1791257458.3208,R,A,,-68,,,
1791257458.3219,R,A,,-69,,,
1791257458.3387,R,B,,-64,,,
1791257458.3645,R,C,,-69,,,
1791257458.3672,R,C,,-68,,,
1791257459.2015,O,,,,0.37106,-0.1438,0.2215
1791257458.3711,R,A,,-69,,,
1791257458.3795,R,B,,-66,,,
1791257458.4092,R,A,,-67,,,
1791257458.4093,R,C,,-64,,,
1791257459.2054,O,,,,0.37106,-0.1438,0.2215
1791257458.4209,R,B,,-65,,,
1791257458.4670,R,C,,-64,,,
1791257459.2087,O,,,,0.37106,-0.1438,0.2215
1791257458.4704,R,A,,-72,,,
1791257458.4847,R,B,,-63,,,
1791257458.5052,R,C,,-68,,,
1791257458.5056,R,A,,-67,,,
1791257459.2121,O,,,,0.37106,-0.1438,0.2215
1791257458.5388,R,B,,-66,,,
1791257458.5557,R,C,,-67,,,
1791257458.5626,R,B,,-65,,,
1791257459.2154,O,,,,0.37106,-0.1438,0.2215
1791257458.5701,R,A,,-67,,,
1791257458.6040,R,C,,-64,,,
1791257458.6043,R,A,,-71,,,
1791257459.2166,O,,,,0.37106,-0.1438,0.2215
1791257458.6389,R,B,,-63,,,
1791257458.6671,R,C,,-70,,,
1791257459.2179,O,,,,0.37106,-0.1438,0.2215
1791257458.6706,R,A,,-68,,,
1791257458.6895,R,B,,-67,,,
1791257458.6933,R,C,,-65,,,
1791257458.6937,R,A,,-72,,,
1791257459.2193,O,,,,0.37106,-0.1438,0.2215
1791257458.7342,R,C,,-63,,,
1791257458.7361,R,B,,-65,,,
1791257458.7402,R,A,,-74,,,
1791257459.2208,O,,,,0.37106,-0.1438,0.2215
1791257458.7890,R,B,,-63,,,
1791257458.8001,R,A,,-69,,,
1791257458.8003,R,C,,-68,,,
1791257458.8186,R,B,,-68,,,
1791257459.2223,O,,,,0.37106,-0.1438,0.2215
1791257458.8206,R,A,,-71,,,
1791257458.8674,R,C,,-67,,,
1791257459.2232,O,,,,0.37106,-0.1438,0.2215
1791257458.8714,R,A,,-69,,,
1791257458.8795,R,B,,-66,,,
1791257458.9073,R,C,,-64,,,
1791257458.9077,R,A,,-72,,,
1791257459.2243,O,,,,0.37106,-0.1438,0.2215
1791257458.9500,R,A,,-70,,,
1791257458.9673,R,C,,-69,,,
1791257459.2253,O,,,,0.37106,-0.1438,0.2215
1791257458.9891,R,B,,-68,,,
1791257458.9955,R,C,,-67,,,
1791257458.9957,R,A,,-66,,,
1791257458.9986,R,B,,-67,,,
1791257459.2262,O,,,,0.37106,-0.1438,0.2215
1791257459.0367,R,B,,-67,,,
1791257459.0491,R,C,,-66,,,
1791257459.2271,O,,,,0.37106,-0.1438,0.2215
1791257459.0706,R,A,,-74,,,
1791257459.0891,R,B,,-63,,,
1791257459.2280,O,,,,0.37106,-0.1438,0.2215
1791257459.1211,R,A,,-67,,,
1791257459.1307,R,B,,-68,,,
1791257459.1312,R,C,,-68,,,
1791257459.2289,O,,,,0.37106,-0.1438,0.2215
1791257459.1712,R,A,,-67,,,
1791257459.1878,R,B,,-69,,,
1791257459.2165,R,A,,-81,,,
1791257459.2173,R,C,,-68,,,
1791257459.2297,O,,,,0.37106,-0.1438,0.2215
1791257459.2304,O,,,,0.37106,-0.1438,0.2215
1791257459.2312,O,,,,0.37106,-0.1438,0.2215
1791257459.2321,O,,,,0.37106,-0.1438,0.2215
1791257459.2328,O,,,,0.37106,-0.1438,0.2215
1791257459.2335,O,,,,0.37106,-0.1438,0.2215
1791257459.2343,O,,,,0.37106,-0.1438,0.2215
1791257459.2350,O,,,,0.37106,-0.1438,0.2215
1791257459.2357,O,,,,0.37106,-0.1438,0.2215
1791257459.2366,O,,,,0.37106,-0.1438,0.2215
1791257459.2374,O,,,,0.37106,-0.1438,0.2215
1791257459.2381,O,,,,0.37106,-0.1438,0.2215
1791257459.2389,O,,,,0.37106,-0.1438,0.2215
1791257459.2396,O,,,,0.37106,-0.1438,0.2215
1791257459.2404,O,,,,0.37106,-0.1438,0.2215
1791257459.2416,O,,,,0.37106,-0.1438,0.2215
1791257459.2426,O,,,,0.37106,-0.1438,0.2215
1791257459.2434,O,,,,0.37106,-0.1438,0.2215
1791257459.2442,O,,,,0.37106,-0.1438,0.2215
1791257459.2448,O,,,,0.37106,-0.1438,0.2215
1791257459.2457,O,,,,0.37106,-0.1438,0.2215
1791257459.2465,O,,,,0.37106,-0.1438,0.2215
1791257459.2472,O,,,,0.37106,-0.1438,0.2215
1791257459.2479,O,,,,0.37106,-0.1438,0.2215
1791257459.2487,O,,,,0.37106,-0.1438,0.2215
1791257459.2495,O,,,,0.37106,-0.1438,0.2215
1791257459.2502,O,,,,0.37106,-0.1438,0.2215
1791257459.2509,O,,,,0.37106,-0.1438,0.2215
1791257459.2589,R,B,,-69,,,
1791257459.2664,R,A,,-71,,,
1791257459.3060,O,,,,0.37106,-0.1438,0.2215
1791257459.3069,O,,,,0.37106,-0.1438,0.2215
1791257459.3077,O,,,,0.37106,-0.1438,0.2215
1791257459.3085,O,,,,0.37106,-0.1438,0.2215
1791257459.3000,R,B,,-73,,,
1791257459.3181,R,C,,-66,,,
1791257459.3208,R,A,,-70,,,
1791257459.3402,R,A,,-83,,,
1791257459.3405,R,C,,-69,,,
1791257459.3859,O,,,,0.37106,-0.1438,0.2215
1791257459.3872,O,,,,0.37106,-0.1438,0.2215
1791257459.3879,O,,,,0.37106,-0.1438,0.2215
1791257459.3887,O,,,,0.37106,-0.1438,0.2215
1791257459.3894,R,B,,-61,,,
1791257459.4177,R,C,,-68,,,
1791257459.4611,O,,,,0.37106,-0.1438,0.2215
1791257459.4623,O,,,,0.37106,-0.1438,0.2215
1791257459.4632,O,,,,0.37106,-0.1438,0.2215
1791257459.4640,O,,,,0.37106,-0.1438,0.2215
1791257459.4216,R,A,,-71,,,
1791257459.4294,R,B,,-62,,,
1791257459.4303,R,C,,-65,,,
1791257459.4308,R,A,,-75,,,
1791257459.4787,R,C,,-65,,,
1791257459.4788,R,B,,-69,,,
1791257459.5089,R,A,,-81,,,
1791257459.5421,O,,,,0.37106,-0.1438,0.2215
1791257459.5432,O,,,,0.37106,-0.1438,0.2215
1791257459.5441,O,,,,0.37106,-0.1438,0.2215
1791257459.5449,O,,,,0.36841,-0.1433,0.2217
1791257459.5354,R,B,,-64,,,
1791257459.5356,R,A,,-71,,,
1791257459.5358,R,C,,-72,,,
1791257459.5894,R,B,,-65,,,
1791257459.6176,R,C,,-68,,,
1791257459.6210,O,,,,0.36709,-0.1431,0.2218
1791257459.6219,O,,,,0.36312,-0.1424,0.2221
1791257459.6228,O,,,,0.35915,-0.1416,0.2223
1791257459.6236,O,,,,0.35518,-0.1409,0.2226
1791257459.6364,R,B,,-68,,,
1791257459.6603,R,C,,-72,,,
1791257459.6604,R,A,,-72,,,
1791257459.6911,O,,,,0.35120,-0.1396,0.2231
1791257459.6921,O,,,,0.34591,-0.1386,0.2234
1791257459.6928,O,,,,0.34194,-0.1374,0.2239
1791257459.6894,R,B,,-56,,,
1791257459.7177,R,C,,-78,,,
1791257459.7659,O,,,,0.33664,-0.1359,0.2244
1791257459.7668,O,,,,0.33003,-0.1341,0.2250
1791257459.7677,O,,,,0.32606,-0.1324,0.2256
1791257459.7708,O,,,,0.32076,-0.1304,0.2263
1791257459.7216,R,A,,-78,,,
1791257459.7401,R,B,,-60,,,
1791257459.7596,R,B,,-62,,,
1791257459.7611,R,C,,-80,,,
1791257459.7616,R,A,,-68,,,
1791257459.8044,R,C,,-85,,,
1791257459.8168,R,A,,-72,,,
1791257459.8171,R,B,,-58,,,
1791257459.8460,O,,,,0.31547,-0.1284,0.2270
1791257459.8470,O,,,,0.31150,-0.1261,0.2277
1791257459.8478,O,,,,0.30488,-0.1238,0.2284
1791257459.8486,O,,,,0.29958,-0.1213,0.2292
1791257459.8497,R,C,,-62,,,
1791257459.8499,R,A,,-72,,,
1791257459.8504,R,B,,-62,,,
1791257459.9178,R,C,,-61,,,
1791257459.9209,O,,,,0.29693,-0.1188,0.2300
1791257459.9217,O,,,,0.29032,-0.1160,0.2308
1791257459.9225,O,,,,0.28502,-0.1129,0.2317
1791257459.9233,O,,,,0.27973,-0.1099,0.2326
1791257459.9211,R,A,,-71,,,
1791257459.9308,R,B,,-65,,,
1791257459.9311,R,C,,-62,,,
1791257459.9313,R,A,,-70,,,
1791257460.0010,O,,,,0.27576,-0.1066,0.2335
1791257460.0019,O,,,,0.26914,-0.1033,0.2345
1791257460.0033,O,,,,0.26384,-0.0997,0.2354
1791257460.0047,O,,,,0.25723,-0.0958,0.2365
1791257459.9749,R,B,,-61,,,
1791257460.0178,R,C,,-69,,,
1791257460.0212,R,A,,-71,,,
1791257460.0395,R,B,,-59,,,
1791257460.0449,R,C,,-62,,,
1791257460.0606,R,A,,-76,,,
1791257460.0801,O,,,,0.25193,-0.0923,0.2374
1791257460.0811,O,,,,0.24531,-0.0884,0.2384
1791257460.0820,O,,,,0.24002,-0.0843,0.2394
1791257460.0828,O,,,,0.23340,-0.0804,0.2403
1791257460.0712,R,A,,-75,,,
1791257460.0902,R,B,,-63,,,
1791257460.1115,R,C,,-69,,,
1791257460.1122,R,B,,-61,,,
1791257460.1479,O,,,,0.22943,-0.0766,0.2412
1791257460.1488,O,,,,0.22413,-0.0724,0.2422
1791257460.1496,O,,,,0.22016,-0.0686,0.2431
1791257460.1504,O,,,,0.21487,-0.0644,0.2440
1791257460.1217,R,A,,-66,,,
1791257460.1563,R,A,,-67,,,
1791257460.1572,R,B,,-62,,,
1791257460.1654,R,C,,-71,,,
1791257460.2179,R,C,,-61,,,
1791257460.2259,O,,,,0.20957,-0.0603,0.2449
1791257460.2269,O,,,,0.20428,-0.0561,0.2457
1791257460.2277,O,,,,0.20163,-0.0520,0.2466
1791257460.2220,R,A,,-70,,,
1791257460.2315,R,B,,-69,,,
1791257460.2464,R,C,,-75,,,
1791257460.2469,R,A,,-67,,,
1791257460.2668,R,B,,-82,,,
1791257460.3059,O,,,,0.19634,-0.0478,0.2474
1791257460.3068,O,,,,0.19237,-0.0440,0.2482
1791257460.3076,O,,,,0.18840,-0.0395,0.2491
1791257460.3084,O,,,,0.18310,-0.0354,0.2498
1791257460.3184,R,B,,-63,,,
1791257460.3681,R,C,,-62,,,
1791257460.3809,O,,,,0.17913,-0.0315,0.2506
1791257460.3819,O,,,,0.17383,-0.0273,0.2513
1791257460.3830,O,,,,0.16854,-0.0231,0.2520
1791257460.3839,O,,,,0.16457,-0.0187,0.2528
1791257460.3712,R,A,,-67,,,
1791257460.3879,R,C,,-69,,,
1791257460.3883,R,A,,-64,,,
1791257460.3884,R,B,,-67,,,
1791257460.4610,O,,,,0.16060,-0.0148,0.2534
1791257460.4622,O,,,,0.15530,-0.0106,0.2541
1791257460.4630,O,,,,0.15001,-0.0064,0.2547
1791257460.4638,O,,,,0.14604,-0.0025,0.2553
1791257460.4399,R,B,,-67,,,
1791257460.4680,R,C,,-68,,,
1791257460.4704,R,A,,-68,,,
1791257460.4771,R,B,,-69,,,
1791257460.5188,R,C,,-62,,,
1791257460.5470,O,,,,0.14074,0.0017,0.2559
1791257460.5479,O,,,,0.13413,0.0057,0.2565
1791257460.5487,O,,,,0.13148,0.0099,0.2570
1791257460.5497,O,,,,0.12618,0.0141,0.2576
1791257460.5202,R,A,,-70,,,
1791257460.5218,R,A,,-68,,,
1791257460.5398,R,B,,-68,,,
1791257460.5658,R,A,,-63,,,
1791257460.5688,R,C,,-64,,,
1791257460.6158,O,,,,0.12089,0.0183,0.2581
1791257460.6167,O,,,,0.11559,0.0225,0.2586
1791257460.6177,O,,,,0.11030,0.0267,0.2591
1791257460.6185,O,,,,0.10500,0.0309,0.2595
1791257460.5768,R,B,,-65,,,
1791257460.6132,R,A,,-61,,,
1791257460.6149,R,B,,-65,,,
1791257460.6188,R,C,,-63,,,
1791257460.6559,R,B,,-67,,,
1791257460.6575,R,C,,-62,,,
1791257460.6859,O,,,,0.09971,0.0351,0.2599
1791257460.6868,O,,,,0.09442,0.0393,0.2604
1791257460.6877,O,,,,0.08912,0.0435,0.2607
1791257460.6714,R,A,,-65,,,
1791257460.7002,R,C,,-62,,,
1791257460.7004,R,A,,-67,,,
1791257460.7659,O,,,,0.08383,0.0478,0.2611
1791257460.7669,O,,,,0.07853,0.0520,0.2615
1791257460.7677,O,,,,0.07456,0.0559,0.2618
1791257460.7685,O,,,,0.06794,0.0599,0.2620
1791257460.7398,R,B,,-67,,,
1791257460.7476,R,A,,-64,,,
1791257460.7482,R,B,,-68,,,
1791257460.7642,R,C,,-71,,,
1791257460.7916,R,C,,-73,,,
1791257460.7920,R,A,,-69,,,
1791257460.8413,O,,,,0.06397,0.0639,0.2623
1791257460.8429,O,,,,0.05735,0.0678,0.2625
1791257460.8442,O,,,,0.05471,0.0715,0.2627
1791257460.8449,O,,,,0.04941,0.0752,0.2629
1791257460.8400,R,B,,-88,,,
1791257460.8517,R,C,,-66,,,
1791257460.8555,R,A,,-63,,,
1791257460.8904,R,B,,-74,,,
1791257460.8946,R,A,,-57,,,
1791257460.9182,R,C,,-66,,,
1791257460.9210,O,,,,0.04676,0.0789,0.2631
1791257460.9223,O,,,,0.04147,0.0826,0.2633
1791257460.9235,O,,,,0.03750,0.0861,0.2634
1791257460.9247,O,,,,0.03485,0.0892,0.2635
1791257460.9303,R,B,,-71,,,
1791257460.9336,R,C,,-58,,,
1791257460.9339,R,A,,-54,,,
1791257461.0014,O,,,,0.03088,0.0922,0.2636
1791257461.0024,O,,,,0.02691,0.0951,0.2637
1791257461.0033,O,,,,0.02294,0.0980,0.2638
1791257461.0042,O,,,,0.02029,0.1006,0.2638
1791257460.9906,R,B,,-67,,,
1791257461.0027,R,C,,-65,,,
1791257461.0037,R,A,,-54,,,
1791257461.0243,R,B,,-67,,,
1791257461.0672,R,C,,-62,,,
1791257461.0759,O,,,,0.01632,0.1030,0.2639
1791257461.0768,O,,,,0.01367,0.1051,0.2639
1791257461.0778,O,,,,0.01102,0.1072,0.2639
1791257461.0786,O,,,,0.00838,0.1094,0.2640
1791257461.0702,R,C,,-65,,,
1791257461.0719,R,A,,-57,,,
1791257461.0902,R,B,,-64,,,
1791257461.1171,R,B,,-68,,,
1791257461.1465,O,,,,0.00705,0.1112,0.2640
1791257461.1476,O,,,,0.00441,0.1128,0.2640
1791257461.1484,O,,,,0.00176,0.1144,0.2640
1791257461.1206,R,C,,-59,,,
1791257461.1226,R,A,,-62,,,
1791257461.1683,R,C,,-64,,,
1791257461.1730,R,A,,-66,,,
1791257461.2087,R,A,,-66,,,
1791257461.2088,R,C,,-68,,,
1791257461.2091,R,B,,-70,,,
1791257461.2261,O,,,,0.00044,0.1157,0.2640
1791257461.2269,O,,,,-0.00089,0.1170,0.2640
1791257461.2278,O,,,,-0.00221,0.1184,0.2640
1791257461.2286,O,,,,-0.00354,0.1197,0.2640
1791257461.2572,R,C,,-70,,,
1791257461.2581,R,A,,-67,,,
1791257461.3018,O,,,,-0.00354,0.1207,0.2640
1791257461.3027,O,,,,-0.00354,0.1213,0.2640
1791257461.3034,O,,,,-0.00354,0.1223,0.2640
1791257461.3042,O,,,,-0.00354,0.1234,0.2640
1791257461.2901,R,B,,-77,,,
1791257461.3153,R,C,,-65,,,
1791257461.3165,R,A,,-62,,,
1791257461.3167,R,B,,-81,,,
1791257461.3688,R,C,,-66,,,
1791257461.3811,O,,,,-0.00354,0.1239,0.2640
1791257461.3821,O,,,,-0.00354,0.1244,0.2640
1791257461.3830,O,,,,-0.00221,0.1252,0.2640
1791257461.3879,O,,,,-0.00221,0.1258,0.2640
1791257461.3713,R,A,,-62,,,
1791257461.3903,R,B,,-77,,,
1791257461.3975,R,C,,-68,,,
1791257461.4610,O,,,,-0.00221,0.1263,0.2640
1791257461.4620,O,,,,-0.00221,0.1274,0.2640
1791257461.4628,O,,,,-0.00089,0.1282,0.2640
1791257461.4637,O,,,,-0.00221,0.1289,0.2640
1791257461.4206,R,A,,-64,,,
1791257461.4397,R,B,,-75,,,
1791257461.4684,R,C,,-76,,,
1791257461.4720,R,A,,-65,,,
1791257461.4807,R,A,,-70,,,
1791257461.4844,R,C,,-66,,,
1791257461.4850,R,B,,-74,,,
1791257461.5415,O,,,,-0.00089,0.1297,0.2640
1791257461.5425,O,,,,-0.00089,0.1308,0.2640
1791257461.5434,O,,,,-0.00089,0.1319,0.2640
1791257461.5444,O,,,,-0.00089,0.1329,0.2640
1791257461.5315,R,B,,-70,,,
1791257461.5687,R,C,,-73,,,
1791257461.6163,O,,,,-0.00089,0.1345,0.2640
1791257461.6176,O,,,,0.00044,0.1358,0.2640
1791257461.6184,O,,,,0.00176,0.1377,0.2640
1791257461.6193,O,,,,0.00441,0.1393,0.2640
1791257461.5703,R,A,,-70,,,
1791257461.5734,R,A,,-68,,,
1791257461.5797,R,B,,-84,,,
1791257461.6112,R,A,,-69,,,
1791257461.6203,R,C,,-66,,,
1791257461.6251,R,B,,-74,,,
1791257461.6612,R,C,,-76,,,
1791257461.6651,R,B,,-83,,,
1791257461.6890,O,,,,0.00573,0.1411,0.2640
1791257461.6898,O,,,,0.00705,0.1435,0.2640
1791257461.6909,O,,,,0.00970,0.1456,0.2640
1791257461.6722,R,A,,-71,,,
1791257461.7188,R,C,,-67,,,
1791257461.7610,O,,,,0.01102,0.1480,0.2640
1791257461.7620,O,,,,0.01367,0.1507,0.2641
1791257461.7628,O,,,,0.01500,0.1530,0.2641
1791257461.7636,O,,,,0.01897,0.1559,0.2641
1791257461.7224,R,A,,-80,,,
1791257461.7269,R,B,,-88,,,
1791257461.7468,R,C,,-75,,,
1791257461.7636,R,B,,-82,,,
1791257461.7640,R,A,,-67,,,
1791257461.7971,R,A,,-70,,,
1791257461.8187,R,C,,-77,,,
1791257461.8409,O,,,,0.02161,0.1586,0.2642
1791257461.8419,O,,,,0.02691,0.1618,0.2643
1791257461.8426,O,,,,0.03220,0.1649,0.2644
1791257461.8434,O,,,,0.03750,0.1681,0.2645
1791257461.8338,R,B,,-67,,,
1791257461.8705,R,C,,-64,,,
1791257461.8721,R,A,,-75,,,
1791257461.8905,R,B,,-87,,,
1791257461.9210,O,,,,0.04412,0.1716,0.2646
1791257461.9220,O,,,,0.04941,0.1753,0.2648
1791257461.9229,O,,,,0.05603,0.1787,0.2650
1791257461.9237,O,,,,0.06265,0.1827,0.2652
1791257461.9203,R,B,,-78,,,
1791257461.9204,R,C,,-66,,,
1791257461.9226,R,A,,-65,,,
1791257461.9621,R,A,,-61,,,
1791257461.9623,R,C,,-63,,,
1791257461.9960,O,,,,0.07191,0.1866,0.2655
1791257461.9972,O,,,,0.07986,0.1903,0.2658
1791257461.9981,O,,,,0.08780,0.1945,0.2661
1791257461.9988,O,,,,0.09574,0.1988,0.2665
1791257461.9905,R,B,,-69,,,
1791257462.0189,R,C,,-53,,,
1791257462.0204,R,B,,-70,,,
1791257462.0229,R,A,,-60,,,
1791257462.0547,R,A,,-61,,,
1791257462.0811,O,,,,0.10368,0.2024,0.2669
1791257462.0821,O,,,,0.11295,0.2064,0.2673
1791257462.0830,O,,,,0.12089,0.2106,0.2678
1791257462.0838,O,,,,0.12883,0.2148,0.2683
1791257462.0702,R,C,,-58,,,
1791257462.0904,R,B,,-72,,,
1791257462.1184,R,C,,-60,,,
1791257462.1463,O,,,,0.13810,0.2187,0.2689
1791257462.1474,O,,,,0.14604,0.2229,0.2695
1791257462.1482,O,,,,0.15663,0.2271,0.2701
1791257462.1225,R,A,,-60,,,
1791257462.1411,R,B,,-67,,,
1791257462.1469,R,B,,-68,,,
1791257462.1484,R,C,,-56,,,
1791257462.1486,R,A,,-57,,,
1791257462.1888,R,B,,-68,,,
1791257462.2034,R,C,,-63,,,
1791257462.2036,R,A,,-59,,,
1791257462.2212,O,,,,0.16457,0.2313,0.2708
1791257462.2222,O,,,,0.17383,0.2352,0.2714
1791257462.2230,O,,,,0.18310,0.2396,0.2722
1791257462.2238,O,,,,0.19237,0.2435,0.2730
1791257462.2342,R,B,,-61,,,
1791257462.2374,R,A,,-55,,,
1791257462.2375,R,C,,-67,,,
1791257462.3013,O,,,,0.20163,0.2480,0.2739
1791257462.3023,O,,,,0.21090,0.2518,0.2747
1791257462.3032,O,,,,0.21884,0.2560,0.2756
1791257462.3043,O,,,,0.22943,0.2601,0.2765
1791257462.2842,R,B,,-58,,,
1791257462.3171,R,C,,-70,,,
1791257462.3180,R,A,,-56,,,
1791257462.3226,R,B,,-64,,,
1791257462.3542,R,C,,-64,,,
1791257462.3634,R,C,,-62,,,
1791257462.3639,R,A,,-55,,,
1791257462.3759,O,,,,0.23869,0.2640,0.2774
1791257462.3772,O,,,,0.24664,0.2681,0.2785
1791257462.3781,O,,,,0.25723,0.2722,0.2795
1791257462.3788,O,,,,0.26517,0.2763,0.2806
1791257462.3907,R,B,,-65,,,
1791257462.4100,R,A,,-56,,,
1791257462.4101,R,C,,-60,,,
1791257462.4560,O,,,,0.27443,0.2801,0.2817
1791257462.4571,O,,,,0.28370,0.2844,0.2829
1791257462.4579,O,,,,0.29296,0.2882,0.2840
1791257462.4587,O,,,,0.30223,0.2925,0.2854
1791257462.4403,R,B,,-61,,,
1791257462.4661,R,B,,-72,,,
1791257462.4673,R,A,,-55,,,
1791257462.4674,R,C,,-78,,,
1791257462.4948,R,A,,-62,,,
1791257462.5369,O,,,,0.31017,0.2966,0.2866
1791257462.5379,O,,,,0.31944,0.3004,0.2879
1791257462.5387,O,,,,0.32738,0.3044,0.2892
1791257462.5395,O,,,,0.33532,0.3084,0.2906
1791257462.5201,R,C,,-63,,,
1791257462.6128,O,,,,0.34326,0.3124,0.2920
1791257462.6138,O,,,,0.35120,0.3164,0.2934
1791257462.6146,O,,,,0.36047,0.3206,0.2950
1791257462.6156,O,,,,0.36709,0.3243,0.2964
1791257462.5702,R,C,,-56,,,
1791257462.5726,R,A,,-61,,,
1791257462.5747,R,B,,-69,,,
1791257462.5849,R,C,,-57,,,
1791257462.5908,R,B,,-70,,,
1791257462.5944,R,A,,-57,,,
1791257462.6413,R,B,,-78,,,
1791257462.6678,R,C,,-64,,,
1791257462.6811,O,,,,0.37503,0.3282,0.2979
1791257462.6822,O,,,,0.38297,0.3322,0.2995
1791257462.6829,O,,,,0.38827,0.3361,0.3011
1791257462.6706,R,C,,-63,,,
1791257462.6715,R,A,,-63,,,
1791257462.6817,R,B,,-66,,,
1791257462.7125,R,A,,-61,,,
1791257462.7128,R,C,,-57,,,
1791257462.7610,O,,,,0.39621,0.3400,0.3027
1791257462.7623,O,,,,0.40415,0.3439,0.3044
1791257462.7632,O,,,,0.40945,0.3478,0.3061
1791257462.7639,O,,,,0.41606,0.3514,0.3076
1791257462.7409,R,B,,-65,,,
1791257462.7588,R,A,,-59,,,
1791257462.7614,R,B,,-70,,,
1791257462.7701,R,C,,-57,,,
1791257462.7989,R,A,,-63,,,
1791257462.8366,O,,,,0.42136,0.3553,0.3094
1791257462.8376,O,,,,0.42665,0.3592,0.3111
1791257462.8385,O,,,,0.43327,0.3628,0.3128
1791257462.8392,O,,,,0.43857,0.3666,0.3146
1791257462.8204,R,C,,-58,,,
1791257462.8409,R,B,,-67,,,
1791257462.8641,R,C,,-57,,,
1791257462.8650,R,A,,-62,,,
1791257462.8652,R,B,,-67,,,
1791257462.9160,O,,,,0.44518,0.3707,0.3165
1791257462.9173,O,,,,0.45048,0.3745,0.3183
1791257462.9182,O,,,,0.45445,0.3781,0.3201
1791257462.9189,O,,,,0.46107,0.3816,0.3218
1791257462.8973,R,C,,-58,,,
1791257462.8979,R,A,,-66,,,
1791257462.9634,R,C,,-62,,,
1791257462.9964,O,,,,0.46636,0.3854,0.3237
1791257462.9974,O,,,,0.47166,0.3892,0.3256
1791257462.9982,O,,,,0.47695,0.3930,0.3275
1791257463.0023,O,,,,0.48092,0.3970,0.3296
1791257462.9727,R,A,,-65,,,
1791257462.9825,R,B,,-69,,,
1791257463.0013,R,C,,-61,,,
1791257463.0015,R,A,,-65,,,
1791257463.0411,R,B,,-63,,,
1791257463.0781,O,,,,0.48622,0.4007,0.3316
1791257463.0791,O,,,,0.49151,0.4045,0.3336
1791257463.0799,O,,,,0.49681,0.4082,0.3356
1791257463.0808,O,,,,0.50210,0.4119,0.3376
1791257463.0701,R,C,,-61,,,
1791257463.0726,R,A,,-60,,,
1791257463.0915,R,B,,-67,,,
1791257463.1044,R,C,,-75,,,
1791257463.1456,O,,,,0.50740,0.4156,0.3397
1791257463.1468,O,,,,0.51269,0.4193,0.3417
1791257463.1476,O,,,,0.51799,0.4230,0.3438
1791257463.1205,R,A,,-62,,,
1791257463.1210,R,B,,-67,,,
1791257463.1690,R,C,,-62,,,
1791257463.1731,R,A,,-67,,,
1791257463.1911,R,B,,-65,,,
1791257463.2176,R,B,,-72,,,
1791257463.2211,O,,,,0.52196,0.4264,0.3458
1791257463.2220,O,,,,0.52858,0.4299,0.3478
1791257463.2228,O,,,,0.53387,0.4335,0.3499
1791257463.2236,O,,,,0.53916,0.4372,0.3521
1791257463.2203,R,C,,-60,,,
1791257463.2204,R,A,,-66,,,
1791257463.2660,R,C,,-62,,,
1791257463.2662,R,A,,-66,,,
1791257463.2959,O,,,,0.54446,0.4408,0.3543
1791257463.2968,O,,,,0.54975,0.4444,0.3565
1791257463.2977,O,,,,0.55505,0.4480,0.3587
1791257463.2985,O,,,,0.56034,0.4516,0.3610
1791257463.2911,R,B,,-74,,,
1791257463.3151,R,C,,-66,,,
1791257463.3154,R,A,,-65,,,
1791257463.3155,R,B,,-75,,,
1791257463.3759,O,,,,0.56564,0.4552,0.3632
1791257463.3768,O,,,,0.56961,0.4585,0.3653
1791257463.3776,O,,,,0.57490,0.4621,0.3676
1791257463.3787,O,,,,0.58020,0.4657,0.3700
1791257463.3702,R,C,,-67,,,
1791257463.3729,R,A,,-70,,,
1791257463.3912,R,B,,-78,,,
1791257463.4178,R,C,,-63,,,
1791257463.4188,R,B,,-68,,,
1791257463.4560,O,,,,0.58549,0.4692,0.3723
1791257463.4570,O,,,,0.59079,0.4727,0.3746
1791257463.4578,O,,,,0.59608,0.4762,0.3770
1791257463.4586,O,,,,0.60138,0.4797,0.3794
1791257463.4204,R,A,,-61,,,
1791257463.4546,R,C,,-57,,,
1791257463.4732,R,A,,-57,,,
1791257463.4912,R,B,,-58,,,
1791257463.5139,R,B,,-64,,,
1791257463.5311,O,,,,0.60535,0.4834,0.3819
1791257463.5321,O,,,,0.60932,0.4867,0.3842
1791257463.5330,O,,,,0.61461,0.4902,0.3866
1791257463.5338,O,,,,0.61858,0.4934,0.3889
1791257463.5204,R,C,,-57,,,
1791257463.5233,R,A,,-57,,,
1791257463.5434,R,C,,-59,,,
1791257463.6155,O,,,,0.62255,0.4971,0.3916
1791257463.6165,O,,,,0.62785,0.5005,0.3940
1791257463.6174,O,,,,0.63314,0.5039,0.3965
1791257463.6182,O,,,,0.63579,0.5073,0.3990
1791257463.5733,R,A,,-58,,,
1791257463.5902,R,B,,-61,,,
1791257463.6163,R,A,,-57,,,
1791257463.6200,R,C,,-55,,,
1791257463.6367,R,C,,-61,,,
1791257463.6369,R,A,,-57,,,
1791257463.6372,R,B,,-60,,,
1791257463.6815,O,,,,0.63976,0.5105,0.4014
1791257463.6828,O,,,,0.64373,0.5141,0.4041
1791257463.6836,O,,,,0.64770,0.5173,0.4065
1791257463.6838,R,A,,-66,,,
1791257463.6914,R,B,,-72,,,
1791257463.6970,R,C,,-63,,,
1791257463.7577,O,,,,0.65035,0.5207,0.4091
1791257463.7585,O,,,,0.65300,0.5240,0.4116
1791257463.7593,O,,,,0.65565,0.5274,0.4142
1791257463.7603,O,,,,0.65962,0.5305,0.4166
1791257463.7327,R,B,,-68,,,
1791257463.7422,R,C,,-69,,,
1791257463.7424,R,A,,-66,,,
1791257463.7914,R,B,,-59,,,
1791257463.8059,R,A,,-54,,,
1791257463.8179,R,C,,-60,,,
1791257463.8359,O,,,,0.66226,0.5339,0.4192
1791257463.8368,O,,,,0.66491,0.5372,0.4218
1791257463.8376,O,,,,0.66756,0.5406,0.4245
1791257463.8383,O,,,,0.66888,0.5437,0.4269
1791257463.8284,R,B,,-64,,,
1791257463.8317,R,C,,-59,,,
1791257463.8488,R,A,,-60,,,
1791257463.9159,O,,,,0.67153,0.5470,0.4295
1791257463.9168,O,,,,0.67418,0.5503,0.4322
1791257463.9177,O,,,,0.67815,0.5534,0.4347
1791257463.9184,O,,,,0.67947,0.5565,0.4372
1791257463.8751,R,B,,-62,,,
1791257463.9203,R,C,,-62,,,
1791257463.9207,R,A,,-62,,,
1791257463.9420,R,B,,-63,,,
1791257463.9626,R,B,,-67,,,
1791257463.9641,R,C,,-66,,,
1791257463.9911,O,,,,0.68212,0.5598,0.4398
1791257463.9922,O,,,,0.68477,0.5631,0.4425
1791257463.9931,O,,,,0.68609,0.5661,0.4450
1791257463.9939,O,,,,0.68874,0.5694,0.4477
1791257463.9738,R,A,,-65,,,
1791257464.0203,R,C,,-62,,,
1791257464.0235,R,A,,-69,,,
1791257464.0415,R,B,,-64,,,
1791257464.0618,R,C,,-65,,,
1791257464.0619,R,A,,-62,,,
1791257464.0622,R,B,,-61,,,
1791257464.0800,O,,,,0.69138,0.5727,0.4504
1791257464.0818,O,,,,0.69271,0.5757,0.4529
1791257464.0831,O,,,,0.69536,0.5790,0.4556
1791257464.0843,O,,,,0.69800,0.5822,0.4584
1791257464.1032,R,C,,-62,,,
1791257464.1511,O,,,,0.69933,0.5853,0.4609
1791257464.1521,O,,,,0.70197,0.5885,0.4636
1791257464.1529,O,,,,0.70462,0.5917,0.4664
1791257464.1231,R,A,,-63,,,
1791257464.1385,R,B,,-69,,,
1791257464.1622,R,C,,-64,,,
1791257464.1634,R,A,,-72,,,
1791257464.1641,R,B,,-66,,,
1791257464.2163,O,,,,0.70595,0.5948,0.4690
1791257464.2176,O,,,,0.70727,0.5978,0.4715
1791257464.2188,O,,,,0.70727,0.6010,0.4743
1791257464.2203,O,,,,0.70992,0.6042,0.4770
1791257464.1924,R,C,,-64,,,
1791257464.1926,R,A,,-65,,,
1791257464.1927,R,B,,-64,,,
1791257464.2416,R,B,,-65,,,
1791257464.2434,R,C,,-67,,,
1791257464.2961,O,,,,0.70992,0.6074,0.4798
1791257464.2978,O,,,,0.71124,0.6105,0.4824
1791257464.2991,O,,,,0.71124,0.6137,0.4852
1791257464.3003,O,,,,0.71124,0.6169,0.4879
1791257464.2727,R,A,,-63,,,
1791257464.2922,R,B,,-64,,,
1791257464.3204,R,C,,-61,,,
1791257464.3236,R,A,,-63,,,
1791257464.3422,R,B,,-60,,,
1791257464.3759,O,,,,0.71256,0.6199,0.4905
1791257464.3769,O,,,,0.71124,0.6229,0.4931
1791257464.3778,O,,,,0.71124,0.6261,0.4959
1791257464.3786,O,,,,0.71124,0.6293,0.4986
1791257464.3702,R,C,,-58,,,
1791257464.3728,R,A,,-55,,,
1791257464.3752,R,C,,-58,,,
1791257464.3922,R,B,,-57,,,
1791257464.4509,O,,,,0.71256,0.6323,0.5012
1791257464.4523,O,,,,0.71256,0.6355,0.5040
1791257464.4532,O,,,,0.71256,0.6387,0.5068
1791257464.4540,O,,,,0.71256,0.6419,0.5095
1791257464.4204,R,C,,-57,,,
1791257464.4234,R,A,,-53,,,
1791257464.4421,R,B,,-63,,,
1791257464.4705,R,C,,-58,,,
1791257464.4737,R,A,,-54,,,
1791257464.4752,R,B,,-61,,,
1791257464.5038,R,C,,-57,,,
1791257464.5040,R,A,,-56,,,
1791257464.5311,O,,,,0.71124,0.6449,0.5121
1791257464.5322,O,,,,0.71124,0.6481,0.5149
1791257464.5331,O,,,,0.71124,0.6513,0.5177
1791257464.5339,O,,,,0.71124,0.6542,0.5201
1791257464.5308,R,B,,-64,,,
1791257464.5470,R,C,,-63,,,
1791257464.6111,O,,,,0.71124,0.6574,0.5229
1791257464.6121,O,,,,0.71124,0.6606,0.5256
1791257464.6130,O,,,,0.71124,0.6638,0.5284
1791257464.6138,O,,,,0.71256,0.6668,0.5310
1791257464.5733,R,A,,-57,,,
1791257464.5844,R,B,,-67,,,
1791257464.5871,R,C,,-60,,,
1791257464.5878,R,A,,-63,,,
1791257464.5916,R,B,,-66,,,
1791257464.6396,R,A,,-60,,,
1791257464.6399,R,B,,-63,,,
1791257464.6400,R,C,,-67,,,
1791257464.6772,O,,,,0.71124,0.6698,0.5336
1791257464.6785,O,,,,0.71124,0.6730,0.5363
1791257464.6796,O,,,,0.71124,0.6762,0.5391
1791257464.6868,R,A,,-60,,,
1791257464.6876,R,B,,-65,,,
1791257464.6877,R,C,,-73,,,
1791257464.7561,O,,,,0.71124,0.6794,0.5419
1791257464.7571,O,,,,0.71124,0.6822,0.5443
1791257464.7579,O,,,,0.71124,0.6854,0.5471
1791257464.7587,O,,,,0.71124,0.6886,0.5498
1791257464.7204,R,C,,-68,,,
1791257464.7236,R,A,,-61,,,
1791257464.7418,R,B,,-62,,,
1791257464.7652,R,B,,-69,,,
1791257464.7708,R,C,,-65,,,
1791257464.7738,R,A,,-63,,,
1791257464.8097,R,C,,-61,,,
1791257464.8360,O,,,,0.71124,0.6919,0.5526
1791257464.8371,O,,,,0.71124,0.6951,0.5553
1791257464.8387,O,,,,0.71124,0.6979,0.5578
1791257464.8395,O,,,,0.71124,0.7011,0.5605
1791257464.8210,R,B,,-65,,,
1791257464.8239,R,A,,-59,,,
1791257464.9110,O,,,,0.71256,0.7041,0.5631
1791257464.9120,O,,,,0.71389,0.7071,0.5657
1791257464.9129,O,,,,0.71521,0.7101,0.5683
1791257464.9137,O,,,,0.71653,0.7131,0.5709
1791257464.8707,R,C,,-54,,,
1791257464.8741,R,A,,-58,,,
1791257464.8921,R,B,,-70,,,
1791257464.8997,R,C,,-64,,,
1791257464.9000,R,A,,-55,,,
1791257464.9003,R,B,,-62,,,
1791257464.9420,R,B,,-61,,,
1791257464.9911,O,,,,0.71786,0.7161,0.5735
1791257464.9921,O,,,,0.72051,0.7189,0.5760
1791257464.9929,O,,,,0.72448,0.7218,0.5786
1791257464.9937,O,,,,0.72845,0.7244,0.5809
1791257464.9703,R,C,,-60,,,
1791257464.9736,R,A,,-55,,,
1791257464.9925,R,B,,-61,,,
1791257465.0071,R,C,,-53,,,
1791257465.0242,R,A,,-56,,,
1791257465.0285,R,B,,-66,,,
1791257465.0743,O,,,,0.73242,0.7274,0.5835
1791257465.0756,O,,,,0.73639,0.7299,0.5859
1791257465.0769,O,,,,0.74036,0.7325,0.5882
1791257465.0780,O,,,,0.74433,0.7350,0.5905
1791257465.0708,R,C,,-60,,,
1791257465.0718,R,A,,-55,,,
1791257465.0746,R,A,,-54,,,
1791257465.0785,R,B,,-61,,,
1791257465.1122,R,C,,-59,,,
1791257465.1412,O,,,,0.74698,0.7381,0.5934
1791257465.1422,O,,,,0.74830,0.7406,0.5957
1791257465.1429,O,,,,0.75095,0.7434,0.5982
1791257465.1208,R,C,,-59,,,
1791257465.1238,R,A,,-54,,,
1791257465.1420,R,B,,-63,,,
1791257465.1614,R,B,,-68,,,
1791257465.2160,O,,,,0.75227,0.7463,0.6009
1791257465.2171,O,,,,0.75360,0.7492,0.6037
1791257465.2179,O,,,,0.75492,0.7520,0.6064
1791257465.2187,O,,,,0.75624,0.7549,0.6091
1791257465.1702,R,C,,-56,,,
1791257465.1741,R,A,,-57,,,
1791257465.2068,R,C,,-65,,,
1791257465.2154,R,B,,-62,,,
1791257465.2241,R,A,,-57,,,
1791257465.2574,R,A,,-63,,,
1791257465.2959,O,,,,0.75624,0.7580,0.6120
1791257465.2968,O,,,,0.75757,0.7609,0.6147
1791257465.2977,O,,,,0.75757,0.7640,0.6176
1791257465.2985,O,,,,0.75757,0.7671,0.6206
1791257465.2702,R,C,,-64,,,
1791257465.2926,R,B,,-64,,,
1791257465.3077,R,C,,-69,,,
1791257465.3182,R,B,,-69,,,
1791257465.3724,O,,,,0.75889,0.7699,0.6233
1791257465.3202,R,A,,-65,,,
1791257465.3422,R,B,,-67,,,
1791257465.3581,R,C,,-70,,,
1791257465.3734,O,,,,0.75757,0.7728,0.6260
1791257465.3742,O,,,,0.75889,0.7757,0.6287
1791257465.3749,O,,,,0.75889,0.7788,0.6317
1791257465.3741,R,A,,-66,,,
1791257465.3909,R,B,,-61,,,
1791257465.4162,R,A,,-62,,,
1791257465.4510,O,,,,0.75889,0.7819,0.6346
1791257465.4521,O,,,,0.76022,0.7847,0.6373
1791257465.4529,O,,,,0.76022,0.7878,0.6402
1791257465.4537,O,,,,0.75889,0.7907,0.6430
1791257465.4203,R,C,,-69,,,
1791257465.4338,R,B,,-61,,,
1791257465.4479,R,C,,-77,,,
1791257465.4738,R,A,,-67,,,
1791257465.4750,R,B,,-63,,,
1791257465.5172,R,C,,-75,,,
1791257465.5188,R,A,,-63,,,
1791257465.5260,O,,,,0.75889,0.7938,0.6459
1791257465.5270,O,,,,0.75889,0.7968,0.6488
1791257465.5278,O,,,,0.75889,0.7999,0.6517
1791257465.5286,O,,,,0.75889,0.8030,0.6546
1791257465.5202,R,C,,-84,,,
1791257465.5216,R,B,,-62,,,
1791257465.5960,O,,,,0.75889,0.8057,0.6572
1791257465.5969,O,,,,0.75889,0.8087,0.6601
1791257465.5980,O,,,,0.75889,0.8118,0.6630
1791257465.5705,R,C,,-74,,,
1791257465.5739,R,A,,-69,,,
1791257465.5922,R,B,,-65,,,
1791257465.6211,R,C,,-60,,,
1791257465.6248,R,B,,-66,,,
1791257465.6250,R,A,,-70,,,
1791257465.6606,R,C,,-65,,,
1791257465.6761,O,,,,0.75889,0.8149,0.6659
1791257465.6771,O,,,,0.75889,0.8176,0.6685
1791257465.6779,O,,,,0.75889,0.8207,0.6714
1791257465.6787,O,,,,0.75889,0.8237,0.6743
1791257465.6744,R,A,,-68,,,
1791257465.6922,R,B,,-66,,,
1791257465.7158,R,C,,-62,,,
1791257465.7511,O,,,,0.75889,0.8268,0.6772
1791257465.7521,O,,,,0.75889,0.8295,0.6798
1791257465.7529,O,,,,0.75889,0.8326,0.6827
1791257465.7536,O,,,,0.75889,0.8356,0.6856
1791257465.7234,R,A,,-63,,,
1791257465.7398,R,C,,-52,,,
1791257465.7399,R,B,,-64,,,
1791257465.7402,R,A,,-61,,,
1791257465.7887,R,B,,-65,,,
1791257465.8318,O,,,,0.75889,0.8387,0.6885
1791257465.8327,O,,,,0.75889,0.8418,0.6914
1791257465.8335,O,,,,0.75757,0.8447,0.6942
1791257465.8343,O,,,,0.75757,0.8477,0.6971
1791257465.8206,R,C,,-58,,,
1791257465.8240,R,A,,-61,,,
1791257465.8360,R,A,,-60,,,
1791257465.8361,R,B,,-75,,,
1791257465.8363,R,C,,-56,,,
1791257465.9110,O,,,,0.75889,0.8506,0.6998
1791257465.9120,O,,,,0.75889,0.8537,0.7027
1791257465.9128,O,,,,0.75889,0.8568,0.7056
1791257465.9136,O,,,,0.75757,0.8597,0.7084
1791257465.8798,R,C,,-54,,,
1791257465.8926,R,B,,-61,,,
1791257465.9240,R,A,,-63,,,
1791257465.9243,R,B,,-67,,,
1791257465.9386,R,C,,-56,,,
1791257465.9655,R,A,,-70,,,
1791257465.9862,O,,,,0.75889,0.8625,0.7111
1791257465.9876,O,,,,0.75889,0.8656,0.7140
1791257465.9889,O,,,,0.75889,0.8687,0.7169
1791257465.9900,O,,,,0.75889,0.8718,0.7198
1791257465.9706,R,C,,-56,,,
1791257465.9872,R,B,,-64,,,
1791257466.0157,R,A,,-67,,,
1791257466.0213,R,C,,-57,,,
1791257466.0425,R,B,,-61,,,
1791257466.0575,R,B,,-63,,,
1791257466.0583,R,C,,-57,,,
1791257466.0722,O,,,,0.75889,0.8744,0.7224
1791257466.0731,O,,,,0.75889,0.8775,0.7253
1791257466.0739,O,,,,0.75889,0.8806,0.7282
1791257466.0746,O,,,,0.75889,0.8837,0.7311
1791257466.0741,R,A,,-80,,,
1791257466.1396,O,,,,0.75757,0.8866,0.7339
1791257466.1407,O,,,,0.75757,0.8896,0.7368
1791257466.1419,O,,,,0.75889,0.8925,0.7395
1791257466.1207,R,C,,-65,,,
1791257466.1246,R,A,,-71,,,
1791257466.1424,R,B,,-65,,,
1791257466.1547,R,A,,-68,,,
1791257466.1549,R,C,,-68,,,
1791257466.1562,R,B,,-65,,,
1791257466.2109,O,,,,0.75757,0.8954,0.7422
1791257466.2120,O,,,,0.75889,0.8983,0.7450
1791257466.2128,O,,,,0.75889,0.9010,0.7475
1791257466.2136,O,,,,0.75889,0.9040,0.7504
1791257466.1923,R,C,,-76,,,
1791257466.2243,R,A,,-64,,,
1791257466.2424,R,B,,-61,,,
1791257466.2436,R,C,,-78,,,
1791257466.2438,R,A,,-62,,,
1791257466.2909,O,,,,0.75889,0.9067,0.7530
1791257466.2920,O,,,,0.75889,0.9094,0.7555
1791257466.2928,O,,,,0.75889,0.9121,0.7581
1791257466.2935,O,,,,0.75757,0.9150,0.7608
1791257466.3245,R,A,,-63,,,
1791257466.3431,R,B,,-61,,,
1791257466.3650,R,A,,-69,,,
1791257466.3651,R,C,,-62,,,
1791257466.3713,O,,,,0.75889,0.9179,0.7635
1791257466.3722,O,,,,0.75889,0.9206,0.7661
1791257466.3730,O,,,,0.75889,0.9233,0.7686
1791257466.3738,O,,,,0.75757,0.9261,0.7714
1791257466.3735,R,B,,-61,,,
1791257466.4460,O,,,,0.75889,0.9290,0.7741
1791257466.4470,O,,,,0.75889,0.9317,0.7766
1791257466.4478,O,,,,0.75889,0.9348,0.7796
1791257466.4487,O,,,,0.75757,0.9377,0.7823
1791257466.4208,R,C,,-67,,,
1791257466.4243,R,A,,-61,,,
1791257466.4322,R,B,,-62,,,
1791257466.4661,R,C,,-72,,,
1791257466.4666,R,B,,-62,,,
1791257466.4747,R,A,,-65,,,
1791257466.5260,O,,,,0.75757,0.9407,0.7852
1791257466.5270,O,,,,0.75889,0.9436,0.7879
1791257466.5278,O,,,,0.75889,0.9467,0.7908
1791257466.5285,O,,,,0.75757,0.9496,0.7936
1791257466.5209,R,C,,-78,,,
1791257466.5250,R,A,,-79,,,
1791257466.5339,R,B,,-65,,,
1791257466.5485,R,C,,-74,,,
1791257466.5622,R,A,,-66,,,
1791257466.5963,O,,,,0.75757,0.9527,0.7965
1791257466.5973,O,,,,0.75757,0.9557,0.7994
1791257466.5982,O,,,,0.75889,0.9586,0.8021
1791257466.5927,R,B,,-57,,,
1791257466.6214,R,C,,-74,,,
1791257466.6231,R,A,,-63,,,
1791257466.6403,R,B,,-63,,,
1791257466.6431,R,B,,-62,,,
1791257466.6741,O,,,,0.75757,0.9619,0.8052
1791257466.6754,O,,,,0.75624,0.9648,0.8079
1791257466.6767,O,,,,0.75492,0.9677,0.8107
1791257466.6778,O,,,,0.75360,0.9706,0.8134
1791257466.6717,R,C,,-68,,,
1791257466.6744,R,A,,-59,,,
1791257466.6897,R,C,,-69,,,
1791257466.6901,R,A,,-63,,,
1791257466.6902,R,B,,-65,,,
1791257466.7509,O,,,,0.75227,0.9738,0.8165
1791257466.7519,O,,,,0.75095,0.9767,0.8192
1791257466.7528,O,,,,0.74830,0.9798,0.8221
1791257466.7536,O,,,,0.74565,0.9830,0.8249
1791257466.7404,R,B,,-69,,,
1791257466.7405,R,C,,-70,,,
1791257466.7413,R,A,,-67,,,
1791257466.7885,R,B,,-64,,,
1791257466.7887,R,C,,-82,,,
1791257466.8313,O,,,,0.74433,0.9859,0.8276
1791257466.8322,O,,,,0.74301,0.9892,0.8307
1791257466.8330,O,,,,0.74036,0.9919,0.8332
1791257466.8342,O,,,,0.73771,0.9950,0.8360
1791257466.8248,R,A,,-65,,,
1791257466.8373,R,B,,-62,,,
1791257466.8376,R,A,,-65,,,
1791257466.8376,R,C,,-73,,,
1791257466.9059,O,,,,0.73507,0.9982,0.8389
1791257466.9068,O,,,,0.73374,1.0011,0.8415
1791257466.9076,O,,,,0.73109,1.0043,0.8444
1791257466.9084,O,,,,0.72845,1.0074,0.8472
1791257466.8746,R,A,,-64,,,
1791257466.8847,R,B,,-60,,,
1791257466.9210,R,C,,-69,,,
1791257466.9251,R,A,,-62,,,
1791257466.9429,R,B,,-57,,,
1791257466.9872,O,,,,0.72712,1.0104,0.8498
1791257466.9881,O,,,,0.72315,1.0134,0.8525
1791257466.9888,O,,,,0.72051,1.0166,0.8553
1791257466.9896,O,,,,0.71918,1.0195,0.8579
1791257466.9717,R,C,,-65,,,
1791257466.9750,R,A,,-64,,,
1791257466.9888,R,B,,-58,,,
1791257467.0162,R,C,,-85,,,
1791257467.0168,R,B,,-60,,,
1791257467.0611,O,,,,0.71653,1.0227,0.8607
1791257467.0621,O,,,,0.71389,1.0259,0.8635
1791257467.0629,O,,,,0.71124,1.0291,0.8662
1791257467.0636,O,,,,0.70992,1.0321,0.8688
1791257467.0250,R,A,,-63,,,
1791257467.0750,R,A,,-67,,,
1791257467.0811,R,B,,-58,,,
1791257467.1051,R,C,,-62,,,
1791257467.1054,R,A,,-73,,,
1791257467.1312,O,,,,0.70727,1.0354,0.8716
1791257467.1326,O,,,,0.70330,1.0384,0.8741
1791257467.1342,O,,,,0.70065,1.0416,0.8769
1791257467.1418,R,B,,-62,,,
1791257467.1526,R,A,,-68,,,
1791257467.2093,O,,,,0.69933,1.0447,0.8794
1791257467.2108,O,,,,0.69668,1.0479,0.8822
1791257467.2116,O,,,,0.69403,1.0512,0.8849
1791257467.2126,O,,,,0.69006,1.0542,0.8874
1791257467.1717,R,C,,-70,,,
1791257467.1929,R,B,,-64,,,
1791257467.2004,R,C,,-66,,,
1791257467.2015,R,A,,-81,,,
1791257467.2018,R,B,,-64,,,
1791257467.2463,R,C,,-58,,,
1791257467.2910,O,,,,0.68741,1.0575,0.8901
1791257467.2920,O,,,,0.68344,1.0606,0.8926
1791257467.2928,O,,,,0.67947,1.0641,0.8955
1791257467.2936,O,,,,0.67682,1.0673,0.8981
1791257467.2747,R,A,,-67,,,
1791257467.2869,R,C,,-64,,,
1791257467.2869,R,B,,-64,,,
1791257467.3068,R,A,,-76,,,
1791257467.3663,O,,,,0.67285,1.0704,0.9006
1791257467.3675,O,,,,0.67021,1.0738,0.9032
1791257467.3684,O,,,,0.66491,1.0771,0.9058
1791257467.3691,O,,,,0.66226,1.0804,0.9085
1791257467.3377,R,B,,-60,,,
1791257467.3555,R,A,,-69,,,
1791257467.3713,R,C,,-61,,,
1791257467.3929,R,B,,-63,,,
1791257467.4103,R,A,,-75,,,
1791257467.4105,R,C,,-61,,,
1791257467.4460,O,,,,0.65829,1.0836,0.9109
1791257467.4471,O,,,,0.65432,1.0871,0.9136
1791257467.4479,O,,,,0.65035,1.0903,0.9160
1791257467.4487,O,,,,0.64638,1.0939,0.9188
1791257467.4262,R,B,,-65,,,
1791257467.4650,R,C,,-64,,,
1791257467.4679,R,C,,-62,,,
1791257467.4748,R,A,,-65,,,
1791257467.4931,R,B,,-63,,,
1791257467.5160,R,B,,-65,,,
1791257467.5167,R,A,,-70,,,
1791257467.5169,R,C,,-64,,,
1791257467.5212,O,,,,0.64373,1.0973,0.9213
1791257467.5222,O,,,,0.63844,1.1007,0.9238
1791257467.5230,O,,,,0.63447,1.1038,0.9262
1791257467.5238,O,,,,0.62917,1.1073,0.9287
1791257467.5514,R,B,,-68,,,
1791257467.5533,R,C,,-69,,,
1791257467.5933,O,,,,0.62653,1.1107,0.9312
1791257467.5942,O,,,,0.62255,1.1139,0.9335
1791257467.5949,O,,,,0.61991,1.1174,0.9360
1791257467.5747,R,A,,-68,,,
1791257467.5924,R,B,,-69,,,
1791257467.6214,R,C,,-64,,,
1791257467.6256,R,A,,-74,,,
1791257467.6436,R,B,,-66,,,
1791257467.6710,O,,,,0.61858,1.1206,0.9383
1791257467.6719,O,,,,0.61594,1.1240,0.9407
1791257467.6726,O,,,,0.61461,1.1273,0.9430
1791257467.6733,O,,,,0.61329,1.1305,0.9453
1791257467.6719,R,C,,-63,,,
1791257467.6752,R,A,,-66,,,
1791257467.6935,R,B,,-67,,,
1791257467.7509,O,,,,0.61329,1.1340,0.9478
1791257467.7518,O,,,,0.61329,1.1370,0.9499
1791257467.7526,O,,,,0.61197,1.1403,0.9522
1791257467.7534,O,,,,0.60932,1.1437,0.9546
1791257467.7220,R,C,,-67,,,
1791257467.7253,R,A,,-73,,,
1791257467.7257,R,B,,-68,,,
1791257467.7259,R,C,,-70,,,
1791257467.7703,R,C,,-71,,,
1791257467.7744,R,A,,-67,,,
1791257467.7769,R,B,,-66,,,
1791257467.8157,R,A,,-65,,,
1791257467.8264,O,,,,0.60932,1.1468,0.9567
1791257467.8274,O,,,,0.60667,1.1503,0.9591
1791257467.8282,O,,,,0.60535,1.1535,0.9614
1791257467.8290,O,,,,0.60402,1.1568,0.9637
1791257467.8219,R,C,,-68,,,
1791257467.8269,R,B,,-80,,,
1791257467.8627,R,A,,-73,,,
1791257467.9066,O,,,,0.60138,1.1603,0.9661
1791257467.9077,O,,,,0.60005,1.1636,0.9683
1791257467.9085,O,,,,0.59741,1.1671,0.9707
1791257467.9095,O,,,,0.59608,1.1703,0.9729
1791257467.8722,R,C,,-69,,,
1791257467.8938,R,B,,-68,,,
1791257467.9047,R,C,,-71,,,
1791257467.9151,R,B,,-66,,,
1791257467.9250,R,A,,-66,,,
1791257467.9531,R,C,,-69,,,
1791257467.9541,R,A,,-64,,,
1791257467.9809,O,,,,0.59343,1.1739,0.9753
1791257467.9822,O,,,,0.58946,1.1771,0.9775
1791257467.9830,O,,,,0.58682,1.1807,0.9799
1791257467.9838,O,,,,0.58152,1.1842,0.9822
1791257467.9933,R,B,,-63,,,
1791257468.0611,O,,,,0.57887,1.1877,0.9845
1791257468.0622,O,,,,0.57490,1.1915,0.9870
1791257468.0632,O,,,,0.57226,1.1951,0.9893
1791257468.0645,O,,,,0.56828,1.1984,0.9914
1791257468.0215,R,C,,-69,,,
1791257468.0252,R,A,,-79,,,
1791257468.0438,R,B,,-64,,,
1791257468.0893,R,B,,-63,,,
1791257468.0952,R,C,,-70,,,
1791257468.0991,R,A,,-70,,,
1791257468.1389,O,,,,0.56564,1.2020,0.9937
1791257468.1400,O,,,,0.56034,1.2056,0.9960
1791257468.1408,O,,,,0.55505,1.2092,0.9982
1791257468.1331,R,B,,-65,,,
1791257468.1507,R,A,,-73,,,
1791257468.1509,R,C,,-62,,,
1791257468.2060,O,,,,0.55108,1.2125,1.0003
1791257468.2077,O,,,,0.54711,1.2164,1.0026
1791257468.2086,O,,,,0.54181,1.2200,1.0048
1791257468.2095,O,,,,0.53784,1.2234,1.0069
1791257468.1788,R,C,,-68,,,
1791257468.1789,R,B,,-63,,,
1791257468.2175,R,A,,-70,,,
1791257468.2203,R,A,,-66,,,
1791257468.2206,R,C,,-71,,,
1791257468.2435,R,B,,-63,,,
1791257468.2678,R,C,,-67,,,
1791257468.2867,O,,,,0.53255,1.2271,1.0090
1791257468.2877,O,,,,0.52990,1.2307,1.0112
1791257468.2886,O,,,,0.52593,1.2341,1.0132
1791257468.2895,O,,,,0.52196,1.2380,1.0154
1791257468.2751,R,A,,-66,,,
1791257468.2940,R,B,,-61,,,
1791257468.3660,O,,,,0.51666,1.2417,1.0175
1791257468.3671,O,,,,0.51137,1.2454,1.0196
1791257468.3680,O,,,,0.50872,1.2491,1.0217
1791257468.3687,O,,,,0.50343,1.2528,1.0237
1791257468.3217,R,C,,-64,,,
1791257468.3256,R,A,,-69,,,
1791257468.3439,R,B,,-61,,,
1791257468.3549,R,C,,-67,,,
1791257468.3562,R,A,,-64,,,
1791257468.3669,R,B,,-59,,,
1791257468.4413,O,,,,0.49813,1.2565,1.0258
1791257468.4423,O,,,,0.49416,1.2600,1.0277
1791257468.4431,O,,,,0.48887,1.2637,1.0297
1791257468.4440,O,,,,0.48622,1.2675,1.0316
1791257468.4218,R,C,,-63,,,
1791257468.4252,R,A,,-61,,,
1791257468.4436,R,B,,-58,,,
1791257468.4593,R,B,,-62,,,
1791257468.4604,R,C,,-61,,,
1791257468.4608,R,A,,-70,,,
1791257468.4899,R,B,,-64,,,
1791257468.4992,R,C,,-66,,,
1791257468.5221,O,,,,0.48225,1.2710,1.0335
1791257468.5230,O,,,,0.47828,1.2750,1.0356
1791257468.5238,O,,,,0.47431,1.2785,1.0374
1791257468.5246,O,,,,0.46901,1.2823,1.0393
1791257468.5252,R,A,,-63,,,
1791257468.5436,R,B,,-64,,,
1791257468.5562,R,A,,-65,,,
1791257468.5640,R,C,,-68,,,
1791257468.5911,O,,,,0.46636,1.2861,1.0412
1791257468.5921,O,,,,0.46107,1.2899,1.0431
1791257468.5929,O,,,,0.45842,1.2937,1.0450
1791257468.5757,R,A,,-70,,,
1791257468.5759,R,B,,-67,,,
1791257468.6660,O,,,,0.45445,1.2972,1.0467
1791257468.6668,O,,,,0.45048,1.3013,1.0487
1791257468.6676,O,,,,0.44783,1.3051,1.0506
1791257468.6683,O,,,,0.44518,1.3089,1.0524
1791257468.6219,R,C,,-64,,,
1791257468.6415,R,B,,-76,,,
1791257468.6724,R,C,,-77,,,
1791257468.6730,R,A,,-70,,,
1791257468.7463,O,,,,0.44254,1.3127,1.0542
1791257468.7473,O,,,,0.43857,1.3163,1.0559
1791257468.7482,O,,,,0.43592,1.3202,1.0577
1791257468.7491,O,,,,0.43460,1.3238,1.0594
1791257468.7224,R,C,,-74,,,
1791257468.7254,R,A,,-74,,,
1791257468.7439,R,B,,-64,,,
1791257468.7716,R,C,,-67,,,
1791257468.7749,R,A,,-65,,,
1791257468.7858,R,C,,-69,,,
1791257468.7860,R,A,,-72,,,
1791257468.7942,R,B,,-67,,,
1791257468.8263,O,,,,0.43195,1.3276,1.0611
1791257468.8273,O,,,,0.42930,1.3315,1.0629
1791257468.8281,O,,,,0.42798,1.3351,1.0646
1791257468.8288,O,,,,0.42401,1.3387,1.0662
1791257468.8441,R,B,,-65,,,
1791257468.9011,O,,,,0.42136,1.3426,1.0679
1791257468.9021,O,,,,0.42004,1.3462,1.0696
1791257468.9030,O,,,,0.41739,1.3500,1.0713
1791257468.9069,O,,,,0.41474,1.3539,1.0730
1791257468.8718,R,C,,-63,,,
1791257468.8755,R,A,,-67,,,
1791257468.8848,R,B,,-60,,,
1791257468.8853,R,C,,-63,,,
1791257468.9260,R,A,,-63,,,
1791257468.9396,R,C,,-64,,,
1791257468.9440,R,B,,-66,,,
1791257468.9811,O,,,,0.41342,1.3576,1.0746
1791257468.9825,O,,,,0.41077,1.3614,1.0763
1791257468.9834,O,,,,0.40680,1.3651,1.0779
1791257468.9842,O,,,,0.40547,1.3687,1.0794
1791257468.9761,R,A,,-63,,,
1791257468.9835,R,B,,-70,,,
1791257468.9836,R,C,,-71,,,
1791257468.9843,R,A,,-57,,,
1791257469.0611,O,,,,0.40283,1.3726,1.0811
1791257469.0622,O,,,,0.40018,1.3765,1.0828
1791257469.0632,O,,,,0.39886,1.3802,1.0843
1791257469.0643,O,,,,0.39621,1.3841,1.0859
1791257469.0250,R,A,,-56,,,
1791257469.0437,R,B,,-62,,,
1791257469.0720,R,C,,-54,,,
1791257469.0756,R,A,,-57,,,
1791257469.0873,R,B,,-67,,,
1791257469.1260,O,,,,0.39621,1.3880,1.0876
1791257469.1269,O,,,,0.39489,1.3917,1.0891
1791257469.1277,O,,,,0.39224,1.3956,1.0907
1791257469.1227,R,C,,-58,,,
1791257469.1261,R,A,,-61,,,
1791257469.1437,R,B,,-62,,,
1791257469.2114,O,,,,0.39091,1.3992,1.0922
1791257469.2123,O,,,,0.39091,1.4032,1.0939
1791257469.2130,O,,,,0.39091,1.4071,1.0955
1791257469.2138,O,,,,0.38959,1.4107,1.0970
1791257469.1727,R,C,,-58,,,
1791257469.1761,R,A,,-61,,,
1791257469.1881,R,B,,-58,,,
1791257469.2217,R,C,,-64,,,
1791257469.2245,R,B,,-65,,,
1791257469.2261,R,A,,-63,,,
1791257469.2580,R,B,,-62,,,
1791257469.2583,R,A,,-60,,,
1791257469.2863,O,,,,0.38959,1.4147,1.0986
1791257469.2874,O,,,,0.38959,1.4186,1.1002
1791257469.2883,O,,,,0.38959,1.4225,1.1018
1791257469.2892,O,,,,0.38959,1.4259,1.1032
1791257469.2728,R,C,,-58,,,
1791257469.3005,R,C,,-62,,,
1791257469.3609,O,,,,0.38959,1.4298,1.1048
1791257469.3620,O,,,,0.38959,1.4338,1.1064
1791257469.3629,O,,,,0.38827,1.4374,1.1079
1791257469.3637,O,,,,0.38827,1.4414,1.1095
1791257469.3257,R,A,,-64,,,
1791257469.3438,R,B,,-69,,,
1791257469.3523,R,C,,-64,,,
1791257469.3762,R,A,,-70,,,
1791257469.3869,R,B,,-70,,,
1791257469.4042,R,C,,-68,,,
1791257469.4043,R,A,,-69,,,
1791257469.4413,O,,,,0.38827,1.4453,1.1111
1791257469.4428,O,,,,0.38827,1.4492,1.1127
1791257469.4436,O,,,,0.38959,1.4529,1.1143
1791257469.4444,O,,,,0.38959,1.4568,1.1159
1791257469.4441,R,B,,-67,,,
1791257469.4635,R,A,,-66,,,
1791257469.4671,R,C,,-65,,,
1791257469.4730,R,A,,-63,,,
1791257469.4732,R,B,,-65,,,
1791257469.4733,R,C,,-63,,,
1791257469.5149,R,B,,-69,,,
1791257469.5167,R,A,,-57,,,
1791257469.5210,O,,,,0.38827,1.4605,1.1174
1791257469.5218,O,,,,0.38959,1.4641,1.1189
1791257469.5226,O,,,,0.39224,1.4681,1.1205
1791257469.5234,O,,,,0.39356,1.4717,1.1220
1791257469.5228,R,C,,-73,,,
1791257469.5862,O,,,,0.39356,1.4756,1.1236
1791257469.5871,O,,,,0.39621,1.4795,1.1253
1791257469.5879,O,,,,0.39886,1.4835,1.1269
1791257469.5728,R,C,,-65,,,
1791257469.5757,R,A,,-63,,,
1791257469.5939,R,B,,-65,,,
1791257469.6092,R,C,,-63,,,
1791257469.6096,R,A,,-62,,,
1791257469.6660,O,,,,0.40018,1.4871,1.1284
1791257469.6668,O,,,,0.40283,1.4910,1.1301
1791257469.6675,O,,,,0.40415,1.4947,1.1317
1791257469.6683,O,,,,0.40680,1.4986,1.1333
1791257469.6415,R,B,,-65,,,
1791257469.6729,R,C,,-66,,,
1791257469.6761,R,A,,-62,,,
1791257469.6946,R,B,,-67,,,
1791257469.7101,R,C,,-66,,,
1791257469.7103,R,A,,-63,,,
1791257469.7459,O,,,,0.40945,1.5024,1.1350
1791257469.7468,O,,,,0.41342,1.5061,1.1366
1791257469.7476,O,,,,0.41606,1.5100,1.1383
1791257469.7483,O,,,,0.42136,1.5138,1.1400
1791257469.7296,R,B,,-63,,,
1791257469.7372,R,C,,-67,,,
1791257469.7754,R,A,,-62,,,
1791257469.7795,R,A,,-62,,,
1791257469.7896,R,B,,-66,,,
1791257469.8154,R,C,,-64,,,
1791257469.8156,R,B,,-67,,,
1791257469.8176,R,A,,-62,,,
1791257469.8219,O,,,,0.42533,1.5174,1.1417
1791257469.8235,O,,,,0.43062,1.5213,1.1434
1791257469.8246,O,,,,0.43592,1.5251,1.1452
1791257469.8254,O,,,,0.43989,1.5287,1.1469
1791257469.8223,R,C,,-60,,,
1791257469.9013,O,,,,0.44518,1.5326,1.1487
1791257469.9027,O,,,,0.45048,1.5364,1.1505
1791257469.9039,O,,,,0.45577,1.5402,1.1524
1791257469.9050,O,,,,0.45974,1.5442,1.1544
1791257469.8730,R,C,,-68,,,
1791257469.8759,R,A,,-61,,,
1791257469.8944,R,B,,-70,,,
1791257469.9232,R,C,,-62,,,
1791257469.9234,R,A,,-60,,,
1791257469.9241,R,B,,-68,,,
1791257469.9606,R,B,,-68,,,
1791257469.9759,O,,,,0.46504,1.5480,1.1563
1791257469.9769,O,,,,0.47033,1.5518,1.1582
1791257469.9777,O,,,,0.47431,1.5553,1.1600
1791257469.9785,O,,,,0.47960,1.5591,1.1619
1791257469.9731,R,C,,-59,,,
1791257469.9758,R,A,,-58,,,
1791257470.0067,R,C,,-66,,,
1791257470.0074,R,B,,-68,,,
1791257470.0460,O,,,,0.48489,1.5629,1.1639
1791257470.0469,O,,,,0.49019,1.5666,1.1659
1791257470.0477,O,,,,0.49681,1.5701,1.1678
1791257470.0485,O,,,,0.50210,1.5738,1.1698
1791257470.0265,R,A,,-60,,,
1791257470.0447,R,C,,-76,,,
1791257470.0449,R,B,,-73,,,
1791257470.0456,R,A,,-64,,,
1791257470.1260,O,,,,0.50607,1.5778,1.1720
1791257470.1272,O,,,,0.51269,1.5812,1.1739
1791257470.1283,O,,,,0.51666,1.5851,1.1761
1791257470.1225,R,C,,-66,,,
1791257470.1261,R,A,,-64,,,
1791257470.1347,R,A,,-63,,,
1791257470.1348,R,C,,-65,,,
1791257470.1350,R,B,,-70,,,
1791257470.2081,O,,,,0.52196,1.5888,1.1782
1791257470.2093,O,,,,0.52725,1.5925,1.1803
1791257470.2101,O,,,,0.53122,1.5959,1.1823
1791257470.2109,O,,,,0.53652,1.5996,1.1845
1791257470.2352,R,B,,-63,,,
1791257470.2370,R,C,,-57,,,
1791257470.2815,O,,,,0.54181,1.6032,1.1867
1791257470.2823,O,,,,0.54711,1.6068,1.1889
1791257470.2831,O,,,,0.55240,1.6104,1.1911
1791257470.2838,O,,,,0.55770,1.6140,1.1933
1791257470.2760,R,A,,-54,,,
1791257470.2796,R,B,,-68,,,
1791257470.3610,O,,,,0.56167,1.6174,1.1954
1791257470.3619,O,,,,0.56564,1.6207,1.1975
1791257470.3627,O,,,,0.56961,1.6245,1.2000
1791257470.3634,O,,,,0.57358,1.6279,1.2021
1791257470.3204,R,A,,-56,,,
1791257470.3225,R,C,,-64,,,
1791257470.3415,R,B,,-74,,,
1791257470.3673,R,C,,-62,,,
1791257470.3768,R,A,,-55,,,
1791257470.3943,R,B,,-67,,,
1791257470.4359,O,,,,0.57887,1.6314,1.2044
1791257470.4367,O,,,,0.58152,1.6350,1.2067
1791257470.4376,O,,,,0.58682,1.6385,1.2091
1791257470.4383,O,,,,0.58946,1.6420,1.2114
1791257470.4226,R,C,,-58,,,
1791257470.4268,R,A,,-56,,,
1791257470.4448,R,B,,-64,,,
1791257470.4553,R,C,,-57,,,
1791257470.4557,R,A,,-57,,,
1791257470.4561,R,B,,-64,,,
1791257470.5160,O,,,,0.59343,1.6453,1.2136
1791257470.5170,O,,,,0.59741,1.6491,1.2162
1791257470.5178,O,,,,0.60138,1.6523,1.2184
1791257470.5186,O,,,,0.60535,1.6560,1.2210
1791257470.5226,R,C,,-57,,,
1791257470.5262,R,A,,-56,,,
1791257470.5443,R,B,,-68,,,
1791257470.5522,R,B,,-68,,,
1791257470.5538,R,C,,-60,,,
1791257470.5860,O,,,,0.61064,1.6595,1.2234
1791257470.5870,O,,,,0.61461,1.6628,1.2257
1791257470.5877,O,,,,0.61991,1.6662,1.2281
1791257470.5768,R,A,,-61,,,
1791257470.5965,R,C,,-67,,,
1791257470.6068,R,A,,-72,,,
1791257470.6660,O,,,,0.62520,1.6697,1.2306
1791257470.6670,O,,,,0.62917,1.6733,1.2332
1791257470.6678,O,,,,0.63447,1.6767,1.2357
1791257470.6686,O,,,,0.63976,1.6801,1.2382
1791257470.6450,R,B,,-73,,,
1791257470.6598,R,C,,-66,,,
1791257470.6602,R,A,,-73,,,
1791257470.6819,R,B,,-72,,,
1791257470.7406,O,,,,0.64373,1.6833,1.2406
1791257470.7418,O,,,,0.64903,1.6867,1.2432
1791257470.7430,O,,,,0.65432,1.6901,1.2457
1791257470.7439,O,,,,0.65962,1.6934,1.2483
1791257470.7212,R,C,,-65,,,
1791257470.7213,R,A,,-88,,,
1791257470.7239,R,C,,-64,,,
1791257470.7241,R,A,,-87,,,
1791257470.7445,R,B,,-74,,,
1791257470.8123,R,A,,-71,,,
1791257470.8214,O,,,,0.66491,1.6968,1.2509
1791257470.8252,O,,,,0.67021,1.7001,1.2535
1791257470.8260,O,,,,0.67550,1.7034,1.2562
1791257470.8267,O,,,,0.68080,1.7067,1.2588
1791257470.8233,R,C,,-66,,,
1791257470.8335,R,B,,-70,,,
1791257470.8563,R,C,,-62,,,
1791257470.8606,R,B,,-72,,,
1791257470.8964,O,,,,0.68609,1.7100,1.2615
1791257470.8975,O,,,,0.69006,1.7130,1.2640
1791257470.8983,O,,,,0.69536,1.7163,1.2667
1791257470.8990,O,,,,0.70197,1.7193,1.2693
1791257470.8765,R,A,,-78,,,
1791257470.8957,R,A,,-72,,,
1791257470.9202,R,C,,-66,,,
1791257470.9412,R,C,,-65,,,
1791257470.9447,R,B,,-73,,,
1791257470.9758,O,,,,0.70727,1.7222,1.2717
1791257470.9768,O,,,,0.71124,1.7252,1.2743
1791257470.9777,O,,,,0.71653,1.7280,1.2767
1791257470.9785,O,,,,0.72315,1.7310,1.2793
1791257470.9709,R,A,,-67,,,
1791257470.9856,R,B,,-66,,,
1791257471.0461,O,,,,0.72845,1.7337,1.2818
1791257471.0473,O,,,,0.73242,1.7363,1.2841
1791257471.0482,O,,,,0.73771,1.7391,1.2866
1791257471.0229,R,C,,-67,,,
1791257471.0265,R,A,,-62,,,
1791257471.0447,R,B,,-68,,,
1791257471.0737,R,C,,-75,,,
1791257471.0738,R,A,,-63,,,
1791257471.0761,R,B,,-68,,,
1791257471.0766,R,A,,-60,,,
1791257471.1210,O,,,,0.74301,1.7418,1.2891
1791257471.1219,O,,,,0.74963,1.7443,1.2914
1791257471.1228,O,,,,0.75492,1.7470,1.2939
1791257471.1236,O,,,,0.76154,1.7495,1.2963
1791257471.1225,R,B,,-77,,,
1791257471.1236,R,C,,-68,,,
1791257471.1250,R,A,,-57,,,
1791257471.1680,R,B,,-72,,,
1791257471.2062,O,,,,0.76551,1.7520,1.2987
1791257471.2077,O,,,,0.76948,1.7545,1.3011
1791257471.2086,O,,,,0.77345,1.7566,1.3031
1791257471.2094,O,,,,0.77742,1.7590,1.3055
1791257471.1735,R,C,,-71,,,
1791257471.1773,R,A,,-59,,,
1791257471.2111,R,A,,-59,,,
1791257471.2235,R,C,,-70,,,
1791257471.2447,R,B,,-72,,,
1791257471.2582,R,C,,-70,,,
1791257471.2596,R,B,,-72,,,
1791257471.2597,R,A,,-60,,,
1791257471.2809,O,,,,0.78272,1.7613,1.3078
1791257471.2819,O,,,,0.78669,1.7633,1.3098
1791257471.2828,O,,,,0.78934,1.7656,1.3121
1791257471.2837,O,,,,0.79331,1.7676,1.3141
1791257471.3011,R,A,,-59,,,
1791257471.3014,R,C,,-68,,,
1791257471.3155,R,B,,-81,,,
1791257471.3563,O,,,,0.79595,1.7695,1.3160
1791257471.3573,O,,,,0.79992,1.7715,1.3181
1791257471.3581,O,,,,0.80257,1.7734,1.3200
1791257471.3588,O,,,,0.80654,1.7754,1.3221
1791257471.3731,R,C,,-70,,,
1791257471.3766,R,A,,-61,,,
1791257471.3810,R,B,,-81,,,
1791257471.3947,R,B,,-78,,,
1791257471.4369,O,,,,0.81051,1.7774,1.3242
1791257471.4380,O,,,,0.81581,1.7792,1.3261
1791257471.4388,O,,,,0.81846,1.7810,1.3281
1791257471.4396,O,,,,0.82243,1.7830,1.3302
1791257471.4237,R,C,,-70,,,
1791257471.4273,R,A,,-62,,,
1791257471.4371,R,B,,-77,,,
1791257471.5162,O,,,,0.82507,1.7848,1.3321
1791257471.5177,O,,,,0.82905,1.7868,1.3343
1791257471.5190,O,,,,0.83169,1.7886,1.3362
1791257471.5201,O,,,,0.83434,1.7903,1.3382
1791257471.4737,R,C,,-70,,,
1791257471.4769,R,A,,-68,,,
1791257471.4928,R,B,,-70,,,
1791257471.4928,R,C,,-64,,,
1791257471.5272,R,A,,-73,,,
1791257471.5448,R,B,,-67,,,
1791257471.5809,O,,,,0.83699,1.7925,1.3406
1791257471.5820,O,,,,0.83963,1.7942,1.3425
1791257471.5828,O,,,,0.84361,1.7962,1.3447
1791257471.5733,R,C,,-62,,,
1791257471.5764,R,A,,-62,,,
1791257471.5766,R,B,,-69,,,
1791257471.5962,R,C,,-61,,,
1791257471.6610,O,,,,0.84625,1.7979,1.3467
1791257471.6620,O,,,,0.84890,1.7997,1.3487
1791257471.6629,O,,,,0.85155,1.8014,1.3506
1791257471.6641,O,,,,0.85419,1.8032,1.3526
1791257471.6231,R,C,,-63,,,
1791257471.6238,R,A,,-58,,,
1791257471.6455,R,B,,-68,,,
1791257471.6712,R,A,,-65,,,
1791257471.6714,R,B,,-68,,,
1791257471.6738,R,C,,-84,,,
1791257471.7414,O,,,,0.85684,1.8046,1.3542
1791257471.7425,O,,,,0.85949,1.8063,1.3562
1791257471.7434,O,,,,0.86214,1.8077,1.3578
1791257471.7441,O,,,,0.86478,1.8094,1.3599
1791257471.7204,R,A,,-63,,,
1791257471.7205,R,C,,-75,,,
1791257471.7449,R,B,,-67,,,
1791257471.8160,O,,,,0.86743,1.8108,1.3615
1791257471.8170,O,,,,0.87008,1.8121,1.3631
1791257471.8177,O,,,,0.87273,1.8135,1.3647
1791257471.8185,O,,,,0.87537,1.8149,1.3663
1791257471.7735,R,C,,-70,,,
1791257471.7766,R,A,,-67,,,
1791257471.7954,R,B,,-66,,,
1791257471.8093,R,A,,-70,,,
1791257471.8096,R,C,,-67,,,
1791257471.8097,R,B,,-66,,,
1791257471.8547,R,A,,-74,,,
1791257471.8961,O,,,,0.87934,1.8161,1.3678
1791257471.8970,O,,,,0.88199,1.8174,1.3694
1791257471.8977,O,,,,0.88464,1.8184,1.3706
1791257471.8985,O,,,,0.88993,1.8194,1.3719
1791257471.8738,R,C,,-62,,,
1791257471.9096,R,C,,-65,,,
1791257471.9268,R,A,,-65,,,
1791257471.9414,R,C,,-70,,,
1791257471.9423,R,A,,-65,,,
1791257471.9451,R,B,,-71,,,
1791257471.9764,O,,,,0.89523,1.8207,1.3735
1791257471.9774,O,,,,0.89920,1.8219,1.3750
1791257471.9782,O,,,,0.90449,1.8229,1.3762
1791257471.9789,O,,,,0.90979,1.8239,1.3774
1791257471.9955,R,B,,-69,,,
1791257472.0172,R,C,,-71,,,
1791257472.0175,R,A,,-62,,,
1791257472.0409,O,,,,0.91641,1.8250,1.3789
1791257472.0418,O,,,,0.92170,1.8260,1.3802
1791257472.0431,O,,,,0.92700,1.8269,1.3814
1791257472.0331,R,B,,-65,,,
1791257472.1203,O,,,,0.93229,1.8279,1.3827
1791257472.0734,R,C,,-74,,,
1791257472.0769,R,A,,-66,,,
1791257472.0952,R,B,,-75,,,
1791257472.1189,R,C,,-70,,,
1791257472.1217,O,,,,0.93759,1.8288,1.3840
1791257472.1225,O,,,,0.94156,1.8296,1.3851
1791257472.1233,O,,,,0.94553,1.8304,1.3861
1791257472.1217,R,C,,-67,,,
1791257472.1232,R,A,,-63,,,
1791257472.1456,R,B,,-69,,,
1791257472.1617,R,A,,-64,,,
1791257472.2011,O,,,,0.95215,1.8311,1.3872
1791257472.2020,O,,,,0.95479,1.8317,1.3881
1791257472.2028,O,,,,0.95876,1.8325,1.3892
1791257472.2036,O,,,,0.96406,1.8331,1.3900
1791257472.1732,R,C,,-69,,,
1791257472.1956,R,B,,-68,,,
1791257472.2073,R,B,,-67,,,
1791257472.2078,R,C,,-76,,,
1791257472.2089,R,A,,-63,,,
1791257472.2486,R,A,,-67,,,
1791257472.2592,R,C,,-69,,,
1791257472.2606,R,B,,-69,,,
1791257472.2759,O,,,,0.96935,1.8337,1.3909
1791257472.2769,O,,,,0.97332,1.8345,1.3920
1791257472.2776,O,,,,0.97730,1.8349,1.3926
1791257472.2784,O,,,,0.98259,1.8355,1.3935
1791257472.2951,R,B,,-68,,,
1791257472.3561,O,,,,0.98788,1.8361,1.3944
1791257472.3570,O,,,,0.99318,1.8367,1.3953
1791257472.3578,O,,,,0.99847,1.8372,1.3962
1791257472.3586,O,,,,1.00377,1.8378,1.3971
1791257472.3242,R,C,,-74,,,
1791257472.3271,R,A,,-67,,,
1791257472.3363,R,B,,-86,,,
1791257472.3365,R,C,,-63,,,
1791257472.3367,R,A,,-65,,,
1791257472.3953,R,B,,-73,,,
1791257472.4315,O,,,,1.00906,1.8384,1.3980
1791257472.4325,O,,,,1.01436,1.8389,1.3989
1791257472.4332,O,,,,1.01965,1.8395,1.3998
1791257472.4340,O,,,,1.02495,1.8401,1.4007
1791257472.4235,R,C,,-73,,,
1791257472.4275,R,A,,-69,,,
1791257472.5188,O,,,,1.03024,1.8406,1.4016
1791257472.5202,O,,,,1.03421,1.8410,1.4023
1791257472.4742,R,C,,-77,,,
1791257472.4776,R,A,,-67,,,
1791257472.4957,R,B,,-64,,,
1791257472.5174,R,B,,-69,,,
1791257472.5222,O,,,,1.03951,1.8415,1.4032
1791257472.5234,O,,,,1.04348,1.8419,1.4039
1791257472.5203,R,A,,-65,,,
1791257472.5242,R,C,,-74,,,
1791257472.5633,R,C,,-79,,,
1791257472.5635,R,A,,-86,,,
1791257472.5850,O,,,,1.04745,1.8423,1.4045
1791257472.5862,O,,,,1.05274,1.8426,1.4050
1791257472.5871,O,,,,1.05936,1.8430,1.4057
1791257472.6614,O,,,,1.06466,1.8433,1.4062
1791257472.6623,O,,,,1.07260,1.8435,1.4066
1791257472.6631,O,,,,1.08054,1.8435,1.4066
1791257472.6639,O,,,,1.08981,1.8436,1.4069
1791257472.6245,R,C,,-65,,,
1791257472.6279,R,A,,-76,,,
1791257472.6443,R,B,,-75,,,
1791257472.6513,R,B,,-75,,,
1791257472.6531,R,A,,-69,,,
1791257472.6534,R,C,,-64,,,
1791257472.7364,O,,,,1.09907,1.8438,1.4071
1791257472.7378,O,,,,1.10701,1.8438,1.4071
1791257472.7386,O,,,,1.11628,1.8439,1.4073
1791257472.7394,O,,,,1.12554,1.8440,1.4076
1791257472.7237,R,C,,-68,,,
1791257472.7274,R,A,,-72,,,
1791257472.7387,R,B,,-68,,,
1791257472.7415,R,B,,-73,,,
1791257472.7514,R,A,,-67,,,
1791257472.7575,R,C,,-70,,,
1791257472.8161,O,,,,1.13481,1.8441,1.4078
1791257472.8170,O,,,,1.14275,1.8441,1.4078
1791257472.8178,O,,,,1.15202,1.8440,1.4076
1791257472.8186,O,,,,1.15996,1.8440,1.4076
1791257472.7887,R,C,,-60,,,
1791257472.7889,R,B,,-65,,,
1791257472.7892,R,A,,-67,,,
1791257472.8454,R,B,,-71,,,
1791257472.8607,R,A,,-71,,,
1791257472.8618,R,C,,-64,,,
1791257472.8909,O,,,,1.16923,1.8441,1.4078
1791257472.8919,O,,,,1.17717,1.8441,1.4078
1791257472.8927,O,,,,1.18511,1.8441,1.4078
1791257472.8934,O,,,,1.19305,1.8441,1.4078
1791257472.8959,R,B,,-72,,,
1791257472.9238,R,C,,-60,,,
1791257472.9275,R,A,,-66,,,
1791257472.9295,R,B,,-71,,,
1791257472.9709,O,,,,1.20099,1.8441,1.4078
1791257472.9717,O,,,,1.20894,1.8441,1.4078
1791257472.9725,O,,,,1.21555,1.8442,1.4081
1791257472.9733,O,,,,1.22217,1.8441,1.4078
1791257472.9713,R,C,,-54,,,
1791257472.9732,R,B,,-68,,,
1791257472.9779,R,A,,-66,,,
1791257473.0411,O,,,,1.22879,1.8442,1.4081
1791257473.0421,O,,,,1.23408,1.8442,1.4081
1791257473.0428,O,,,,1.23938,1.8442,1.4081
1791257473.0226,R,C,,-65,,,
1791257473.0228,R,B,,-73,,,
1791257473.0278,R,A,,-60,,,
1791257473.0715,R,B,,-72,,,
1791257473.0738,R,C,,-60,,,
1791257473.0771,R,A,,-61,,,
1791257473.1114,R,B,,-82,,,
1791257473.1209,O,,,,1.24600,1.8441,1.4078
1791257473.1217,O,,,,1.25262,1.8442,1.4081
1791257473.1224,O,,,,1.25659,1.8443,1.4083
1791257473.1231,O,,,,1.26188,1.8443,1.4083
1791257473.1244,R,C,,-65,,,
1791257473.1276,R,A,,-59,,,
1791257473.1961,O,,,,1.26585,1.8443,1.4086
1791257473.1970,O,,,,1.26982,1.8444,1.4088
1791257473.1978,O,,,,1.27379,1.8445,1.4091
1791257473.1986,O,,,,1.27512,1.8446,1.4093
1791257473.1745,R,C,,-64,,,
1791257473.1779,R,A,,-60,,,
1791257473.1802,R,B,,-77,,,
1791257473.2094,R,A,,-60,,,
1791257473.2095,R,C,,-65,,,
1791257473.2328,R,B,,-70,,,
1791257473.2645,R,C,,-64,,,
1791257473.2812,O,,,,1.27909,1.8447,1.4096
1791257473.2821,O,,,,1.28174,1.8448,1.4101
1791257473.2829,O,,,,1.28438,1.8450,1.4106
1791257473.2836,O,,,,1.28835,1.8450,1.4108
1791257473.2778,R,A,,-61,,,
1791257473.2973,R,C,,-65,,,
1791257473.3112,R,A,,-57,,,
1791257473.3510,O,,,,1.29100,1.8452,1.4114
1791257473.3519,O,,,,1.29497,1.8454,1.4121
1791257473.3528,O,,,,1.29894,1.8456,1.4129
1791257473.3536,O,,,,1.30291,1.8458,1.4136
1791257473.3739,R,C,,-63,,,
1791257473.3774,R,A,,-59,,,
1791257473.3881,R,B,,-73,,,
1791257473.3885,R,C,,-65,,,
1791257473.3890,R,A,,-59,,,
1791257473.4309,O,,,,1.30689,1.8462,1.4149
1791257473.4319,O,,,,1.31086,1.8465,1.4162
1791257473.4328,O,,,,1.31350,1.8469,1.4177
1791257473.4336,O,,,,1.31748,1.8474,1.4195
1791257473.4326,R,B,,-74,,,
1791257473.5110,O,,,,1.32012,1.8479,1.4216
1791257473.5119,O,,,,1.32277,1.8484,1.4236
1791257473.5127,O,,,,1.32542,1.8491,1.4262
1791257473.5134,O,,,,1.32806,1.8497,1.4288
1791257473.4749,R,A,,-57,,,
1791257473.4751,R,C,,-62,,,
1791257473.4770,R,A,,-57,,,
1791257473.4904,R,B,,-68,,,
1791257473.5203,R,A,,-57,,,
1791257473.5204,R,C,,-63,,,
1791257473.5457,R,B,,-72,,,
1791257473.5809,O,,,,1.33204,1.8503,1.4311
1791257473.5819,O,,,,1.33468,1.8510,1.4342
1791257473.5827,O,,,,1.33865,1.8517,1.4370
1791257473.5740,R,C,,-62,,,
1791257473.5775,R,A,,-58,,,
1791257473.5916,R,B,,-77,,,
1791257473.6122,R,A,,-57,,,
1791257473.6137,R,C,,-57,,,
1791257473.6559,O,,,,1.34130,1.8524,1.4401
1791257473.6569,O,,,,1.34395,1.8532,1.4432
1791257473.6578,O,,,,1.34660,1.8540,1.4468
1791257473.6586,O,,,,1.35057,1.8548,1.4502
1791257473.6325,R,B,,-69,,,
1791257473.6571,R,C,,-60,,,
1791257473.6780,R,A,,-59,,,
1791257473.6957,R,B,,-68,,,
1791257473.7001,R,C,,-54,,,
1791257473.7012,R,A,,-58,,,
1791257473.7361,O,,,,1.35321,1.8556,1.4538
1791257473.7371,O,,,,1.35454,1.8564,1.4577
1791257473.7381,O,,,,1.35718,1.8572,1.4613
1791257473.7394,O,,,,1.36116,1.8580,1.4652
1791257473.7463,R,B,,-74,,,
1791257473.8144,O,,,,1.36248,1.8589,1.4690
1791257473.8157,O,,,,1.36513,1.8597,1.4732
1791257473.8165,O,,,,1.36645,1.8605,1.4771
1791257473.8173,O,,,,1.36910,1.8614,1.4812
1791257473.7741,R,C,,-58,,,
1791257473.7777,R,A,,-58,,,
1791257473.7871,R,A,,-59,,,
1791257473.7962,R,B,,-78,,,
1791257473.8049,R,C,,-58,,,
1791257473.8270,R,A,,-59,,,
1791257473.8274,R,B,,-64,,,
1791257473.8684,R,B,,-74,,,
1791257473.8686,R,A,,-61,,,
1791257473.8909,O,,,,1.37042,1.8622,1.4851
1791257473.8918,O,,,,1.37175,1.8630,1.4890
1791257473.8927,O,,,,1.37175,1.8638,1.4932
1791257473.8935,O,,,,1.37307,1.8646,1.4971
1791257473.8701,R,C,,-61,,,
1791257473.9176,R,B,,-67,,,
1791257473.9178,R,A,,-61,,,
1791257473.9246,R,C,,-71,,,
1791257473.9615,R,A,,-59,,,
1791257473.9709,O,,,,1.37307,1.8654,1.5012
1791257473.9718,O,,,,1.37307,1.8663,1.5054
1791257473.9726,O,,,,1.37439,1.8670,1.5093
1791257473.9734,O,,,,1.37439,1.8679,1.5134
1791257473.9748,R,C,,-64,,,
1791257473.9958,R,B,,-77,,,
1791257474.0169,R,B,,-65,,,
1791257474.0180,R,C,,-57,,,
1791257474.0360,O,,,,1.37439,1.8687,1.5176
1791257474.0372,O,,,,1.37572,1.8695,1.5215
1791257474.0380,O,,,,1.37439,1.8702,1.5254
1791257474.0278,R,A,,-59,,,
1791257474.0467,R,C,,-60,,,
1791257474.0614,R,A,,-56,,,
1791257474.1159,O,,,,1.37439,1.8711,1.5295
1791257474.1168,O,,,,1.37439,1.8719,1.5337
1791257474.1177,O,,,,1.37439,1.8727,1.5378
1791257474.1184,O,,,,1.37439,1.8734,1.5414
1791257474.1279,R,A,,-53,,,
1791257474.1427,R,B,,-76,,,
1791257474.1428,R,C,,-52,,,
1791257474.1431,R,A,,-51,,,
1791257474.1960,O,,,,1.37439,1.8743,1.5456
1791257474.1970,O,,,,1.37439,1.8751,1.5498
1791257474.1980,O,,,,1.37439,1.8759,1.5539
1791257474.1989,O,,,,1.37439,1.8767,1.5581
1791257474.1870,R,B,,-68,,,
1791257474.1875,R,C,,-56,,,
1791257474.2286,R,A,,-56,,,
1791257474.2352,R,B,,-69,,,
1791257474.2353,R,C,,-54,,,
1791257474.2495,R,A,,-56,,,
1791257474.2712,O,,,,1.37307,1.8775,1.5620
1791257474.2721,O,,,,1.37439,1.8783,1.5659
1791257474.2729,O,,,,1.37307,1.8791,1.5697
1791257474.2742,O,,,,1.37439,1.8799,1.5736
1791257474.2857,R,B,,-66,,,
1791257474.3504,O,,,,1.37439,1.8806,1.5773
1791257474.3518,O,,,,1.37439,1.8813,1.5809
1791257474.3530,O,,,,1.37439,1.8820,1.5845
1791257474.3541,O,,,,1.37439,1.8827,1.5882
1791257474.3242,R,C,,-55,,,
1791257474.3261,R,A,,-56,,,
1791257474.3290,R,A,,-58,,,
1791257474.3376,R,B,,-82,,,
1791257474.3749,R,C,,-58,,,
1791257474.3779,R,A,,-70,,,
1791257474.3966,R,B,,-65,,,
1791257474.4310,O,,,,1.37439,1.8835,1.5918
1791257474.4323,O,,,,1.37439,1.8842,1.5955
1791257474.4331,O,,,,1.37439,1.8849,1.5991
1791257474.4338,O,,,,1.37439,1.8855,1.6022
1791257474.4216,R,B,,-73,,,
1791257474.4249,R,C,,-57,,,
1791257474.4285,R,A,,-70,,,
1791257474.4677,R,C,,-54,,,
1791257474.5059,O,,,,1.37439,1.8863,1.6058
1791257474.5069,O,,,,1.37439,1.8869,1.6090
1791257474.5077,O,,,,1.37439,1.8876,1.6126
1791257474.5085,O,,,,1.37439,1.8882,1.6157
1791257474.4785,R,A,,-69,,,
1791257474.4961,R,B,,-68,,,
1791257474.5245,R,C,,-60,,,
1791257474.5251,R,B,,-66,,,
1791257474.5288,R,A,,-71,,,
1791257474.5571,R,C,,-57,,,
1791257474.5577,R,A,,-76,,,
1791257474.5579,R,B,,-72,,,
1791257474.5763,O,,,,1.37439,1.8888,1.6188
1791257474.5773,O,,,,1.37439,1.8895,1.6219
1791257474.5781,O,,,,1.37439,1.8901,1.6251
1791257474.6529,O,,,,1.37572,1.8906,1.6279
1791257474.6541,O,,,,1.37704,1.8913,1.6313
1791257474.6550,O,,,,1.37969,1.8919,1.6344
1791257474.6558,O,,,,1.38101,1.8925,1.6373
1791257474.6247,R,C,,-51,,,
1791257474.6289,R,A,,-70,,,
1791257474.6433,R,C,,-62,,,
1791257474.6462,R,B,,-63,,,
1791257474.6789,R,A,,-63,,,
1791257474.6874,R,B,,-61,,,
1791257474.6889,R,A,,-66,,,
1791257474.7315,O,,,,1.38366,1.8931,1.6404
1791257474.7324,O,,,,1.38763,1.8936,1.6432
1791257474.7332,O,,,,1.39160,1.8941,1.6461
1791257474.7339,O,,,,1.39557,1.8946,1.6490
1791257474.7244,R,C,,-61,,,
1791257474.7462,R,B,,-62,,,
1791257474.7612,R,A,,-71,,,
1791257474.8182,O,,,,1.40087,1.8952,1.6521
1791257474.8193,O,,,,1.40616,1.8956,1.6547
1791257474.8203,O,,,,1.41278,1.8961,1.6576
1791257474.7751,R,C,,-50,,,
1791257474.7802,R,B,,-70,,,
1791257474.7927,R,C,,-60,,,
1791257474.8215,O,,,,1.42072,1.8966,1.6607
1791257474.8463,R,B,,-81,,,
1791257474.8594,R,C,,-61,,,
1791257474.8910,O,,,,1.42866,1.8970,1.6639
1791257474.8919,O,,,,1.43660,1.8975,1.6670
1791257474.8927,O,,,,1.44587,1.8979,1.6699
1791257474.8935,O,,,,1.45514,1.8982,1.6728
1791257474.8795,R,B,,-70,,,
1791257474.9166,R,C,,-51,,,
1791257474.9673,O,,,,1.46308,1.8985,1.6754
1791257474.9681,O,,,,1.47102,1.8988,1.6781
1791257474.9688,O,,,,1.48028,1.8991,1.6810
1791257474.9696,O,,,,1.48690,1.8993,1.6833
1791257474.9271,R,B,,-65,,,
1791257474.9282,R,A,,-67,,,
1791257474.9746,R,C,,-62,,,
1791257474.9787,R,A,,-67,,,
1791257474.9964,R,B,,-66,,,
1791257475.0364,O,,,,1.49352,1.8995,1.6857
1791257475.0374,O,,,,1.50014,1.8996,1.6881
1791257475.0382,O,,,,1.50808,1.8998,1.6902
1791257475.0212,R,A,,-68,,,
1791257475.0215,R,C,,-63,,,
1791257475.0468,R,B,,-82,,,
1791257475.1201,O,,,,1.51338,1.8999,1.6923
1791257475.1212,O,,,,1.51999,1.9000,1.6942
1791257475.0712,R,B,,-66,,,
1791257475.0723,R,C,,-51,,,
1791257475.0732,R,A,,-70,,,
1791257475.1098,R,C,,-60,,,
1791257475.1226,O,,,,1.52529,1.9001,1.6957
1791257475.1234,O,,,,1.53058,1.9001,1.6973
1791257475.1218,R,A,,-66,,,
1791257475.1465,R,B,,-66,,,
1791257475.1909,O,,,,1.53323,1.9002,1.6989
1791257475.1919,O,,,,1.53720,1.9003,1.7002
1791257475.1928,O,,,,1.54117,1.9003,1.7016
1791257475.1936,O,,,,1.54382,1.9003,1.7026
1791257475.1733,R,B,,-71,,,
1791257475.1746,R,C,,-61,,,
1791257475.1783,R,A,,-67,,,
1791257475.2254,R,C,,-54,,,
1791257475.2292,R,A,,-65,,,
1791257475.2396,R,B,,-70,,,
1791257475.2514,R,A,,-66,,,
1791257475.2715,O,,,,1.54514,1.9004,1.7040
1791257475.2724,O,,,,1.54514,1.9004,1.7050
1791257475.2732,O,,,,1.54514,1.9004,1.7061
1791257475.2740,O,,,,1.54514,1.9004,1.7071
1791257475.2741,R,C,,-61,,,
1791257475.2775,R,B,,-70,,,
1791257475.2965,R,B,,-73,,,
1791257475.3511,O,,,,1.54250,1.9005,1.7082
1791257475.3519,O,,,,1.53985,1.9005,1.7092
1791257475.3527,O,,,,1.53720,1.9005,1.7098
1791257475.3535,O,,,,1.53323,1.9006,1.7111
1791257475.3258,R,C,,-62,,,
1791257475.3288,R,A,,-67,,,
1791257475.3469,R,B,,-69,,,
1791257475.3752,R,C,,-53,,,
1791257475.3789,R,A,,-65,,,
1791257475.3848,R,B,,-72,,,
1791257475.4264,O,,,,1.52926,1.9006,1.7119
1791257475.4277,O,,,,1.52529,1.9006,1.7127
1791257475.4290,O,,,,1.51999,1.9007,1.7137
1791257475.4298,O,,,,1.51602,1.9007,1.7145
1791257475.4254,R,C,,-60,,,
1791257475.4257,R,A,,-64,,,
1791257475.4285,R,A,,-64,,,
1791257475.4466,R,B,,-69,,,
1791257475.4963,O,,,,1.51073,1.9008,1.7156
1791257475.4973,O,,,,1.50543,1.9008,1.7166
1791257475.4981,O,,,,1.50014,1.9009,1.7177
1791257475.4753,R,C,,-60,,,
1791257475.4785,R,A,,-63,,,
1791257475.4969,R,B,,-69,,,
1791257475.5172,R,B,,-73,,,
1791257475.5177,R,C,,-52,,,
1791257475.5291,R,A,,-67,,,
1791257475.5664,R,A,,-69,,,
1791257475.5766,O,,,,1.49352,1.9010,1.7190
1791257475.5774,O,,,,1.48690,1.9011,1.7203
1791257475.5782,O,,,,1.47896,1.9013,1.7219
1791257475.5789,O,,,,1.47102,1.9014,1.7235
1791257475.5747,R,C,,-58,,,
1791257475.5966,R,B,,-72,,,
1791257475.6522,O,,,,1.46308,1.9015,1.7246
1791257475.6532,O,,,,1.45249,1.9017,1.7261
1791257475.6542,O,,,,1.44190,1.9018,1.7272
1791257475.6553,O,,,,1.42999,1.9019,1.7280
1791257475.6471,R,B,,-69,,,
1791257475.6756,R,C,,-53,,,
1791257475.6789,R,A,,-66,,,
1791257475.6882,R,B,,-83,,,
1791257475.7015,R,C,,-58,,,
1791257475.7024,R,A,,-66,,,
1791257475.7309,O,,,,1.41675,1.9020,1.7285
1791257475.7322,O,,,,1.40219,1.9021,1.7293
1791257475.7338,O,,,,1.38895,1.9022,1.7298
1791257475.7349,O,,,,1.37439,1.9023,1.7301
1791257475.7472,R,B,,-74,,,
1791257475.8067,O,,,,1.35983,1.9023,1.7303
1791257475.8077,O,,,,1.34395,1.9025,1.7308
1791257475.8086,O,,,,1.32806,1.9025,1.7308
1791257475.8094,O,,,,1.31350,1.9025,1.7311
1791257475.7749,R,C,,-54,,,
1791257475.7787,R,A,,-65,,,
1791257475.7920,R,C,,-57,,,
1791257475.7922,R,B,,-70,,,
1791257475.8290,R,A,,-66,,,
1791257475.8352,R,B,,-67,,,
1791257475.8866,O,,,,1.29762,1.9025,1.7311
1791257475.8876,O,,,,1.28041,1.9026,1.7314
1791257475.8884,O,,,,1.26453,1.9026,1.7314
1791257475.8894,O,,,,1.24864,1.9026,1.7314
1791257475.8751,R,C,,-53,,,
1791257475.8799,R,A,,-62,,,
1791257475.8977,R,A,,-60,,,
1791257475.8977,R,C,,-52,,,
1791257475.8979,R,B,,-70,,,
1791257475.9666,O,,,,1.23144,1.9027,1.7316
1791257475.9677,O,,,,1.21555,1.9027,1.7316
1791257475.9685,O,,,,1.19967,1.9027,1.7316
1791257475.9693,O,,,,1.18379,1.9027,1.7316
1791257475.9472,R,B,,-64,,,
1791257475.9688,R,C,,-52,,,
1791257475.9716,R,C,,-53,,,
1791257475.9786,R,A,,-65,,,
1791257475.9973,R,B,,-67,,,
1791257476.0159,R,C,,-57,,,
1791257476.0162,R,A,,-64,,,
1791257476.0359,O,,,,1.16658,1.9026,1.7314
1791257476.0368,O,,,,1.14937,1.9027,1.7316
1791257476.0379,O,,,,1.13349,1.9027,1.7316
1791257476.0628,R,C,,-62,,,
1791257476.1181,O,,,,1.11760,1.9027,1.7316
1791257476.1195,O,,,,1.10040,1.9026,1.7314
1791257476.1204,O,,,,1.08319,1.9027,1.7316
1791257476.0707,R,B,,-61,,,
1791257476.0795,R,A,,-58,,,
1791257476.1110,R,B,,-79,,,
1791257476.1126,R,C,,-57,,,
1791257476.1215,O,,,,1.06730,1.9027,1.7316
1791257476.1294,R,A,,-64,,,
1791257476.1909,O,,,,1.05010,1.9026,1.7314
1791257476.1919,O,,,,1.03421,1.9026,1.7314
1791257476.1927,O,,,,1.01833,1.9026,1.7314
1791257476.1935,O,,,,1.00112,1.9027,1.7316
1791257476.1722,R,C,,-63,,,
1791257476.1791,R,A,,-77,,,
1791257476.1968,R,B,,-68,,,
1791257476.2173,R,B,,-51,,,
1791257476.2662,O,,,,0.98391,1.9026,1.7314
1791257476.2670,O,,,,0.96803,1.9026,1.7314
1791257476.2679,O,,,,0.95082,1.9027,1.7316
1791257476.2686,O,,,,0.93361,1.9026,1.7314
1791257476.2251,R,C,,-60,,,
1791257476.2293,R,A,,-63,,,
1791257476.2642,R,B,,-65,,,
1791257476.2657,R,C,,-68,,,
1791257476.2755,R,A,,-67,,,
1791257476.3008,R,C,,-61,,,
1791257476.3010,R,A,,-73,,,
1791257476.3459,O,,,,0.91773,1.9026,1.7314
1791257476.3471,O,,,,0.90185,1.9026,1.7314
1791257476.3479,O,,,,0.88332,1.9026,1.7314
1791257476.3486,O,,,,0.86743,1.9026,1.7314
1791257476.3413,R,B,,-55,,,
1791257476.3863,R,B,,-66,,,
1791257476.4374,O,,,,0.85155,1.9026,1.7314
1791257476.4382,O,,,,0.83434,1.9024,1.7312
1791257476.4389,O,,,,0.81713,1.9026,1.7314
1791257476.4397,O,,,,0.80125,1.9026,1.7314
1791257476.4257,R,C,,-65,,,
1791257476.4263,R,A,,-69,,,
1791257476.4348,R,B,,-69,,,
1791257476.4911,O,,,,0.78536,1.9026,1.7314
1791257476.4921,O,,,,0.76683,1.9026,1.7314
1791257476.4929,O,,,,0.74963,1.9024,1.7312
1791257476.4754,R,A,,-67,,,
1791257476.4759,R,C,,-62,,,
1791257476.4786,R,A,,-66,,,
1791257476.4972,R,B,,-68,,,
1791257476.5291,R,A,,-67,,,
1791257476.5329,R,B,,-77,,,
1791257476.5711,O,,,,0.73374,1.9024,1.7312
1791257476.5721,O,,,,0.71521,1.9024,1.7312
1791257476.5728,O,,,,0.69933,1.9024,1.7312
1791257476.5736,O,,,,0.68344,1.9024,1.7312
1791257476.5760,R,C,,-61,,,
1791257476.5761,R,A,,-73,,,
1791257476.5941,R,B,,-67,,,
1791257476.6176,R,A,,-67,,,
1791257476.6185,R,B,,-63,,,
1791257476.6523,O,,,,0.66756,1.9024,1.7312
1791257476.6533,O,,,,0.65035,1.9026,1.7313
1791257476.6541,O,,,,0.63314,1.9024,1.7312
1791257476.6549,O,,,,0.61726,1.9024,1.7312
1791257476.6258,R,C,,-69,,,
1791257476.6759,R,C,,-68,,,
1791257476.6960,R,B,,-65,,,
1791257476.7085,R,B,,-60,,,
1791257476.7259,O,,,,0.60005,1.9026,1.7313
1791257476.7268,O,,,,0.58417,1.9026,1.7313
1791257476.7276,O,,,,0.56696,1.9024,1.7312
1791257476.7379,O,,,,0.54975,1.9026,1.7313
1791257476.7259,R,C,,-65,,,
1791257476.7293,R,A,,-69,,,
1791257476.7496,R,C,,-72,,,
1791257476.7497,R,A,,-69,,,
1791257476.8068,O,,,,0.53387,1.9026,1.7313
1791257476.8079,O,,,,0.51666,1.9028,1.7315
1791257476.8088,O,,,,0.49945,1.9026,1.7313
1791257476.8095,O,,,,0.48357,1.9026,1.7313
1791257476.7970,R,B,,-50,,,
1791257476.8476,R,B,,-57,,,
1791257476.8862,O,,,,0.46769,1.9026,1.7313
1791257476.8872,O,,,,0.45048,1.9023,1.7312
1791257476.8884,O,,,,0.43327,1.9026,1.7313
1791257476.8892,O,,,,0.41739,1.9026,1.7313
1791257476.8793,R,A,,-74,,,
1791257476.8867,R,C,,-67,,,
1791257476.8870,R,A,,-85,,,
1791257476.8872,R,B,,-52,,,
1791257476.9614,O,,,,0.40150,1.9026,1.7313
1791257476.9623,O,,,,0.38297,1.9026,1.7313
1791257476.9632,O,,,,0.36709,1.9026,1.7313
1791257476.9639,O,,,,0.35120,1.9026,1.7313
1791257476.9260,R,C,,-66,,,
1791257476.9294,R,A,,-74,,,
1791257476.9470,R,B,,-58,,,
1791257476.9745,R,B,,-58,,,
1791257476.9760,R,C,,-65,,,
1791257476.9786,R,A,,-69,,,
1791257477.0173,R,B,,-62,,,
1791257477.0387,O,,,,0.33267,1.9026,1.7313
1791257477.0396,O,,,,0.31679,1.9026,1.7313
1791257477.0403,O,,,,0.30091,1.9026,1.7313
1791257477.0261,R,C,,-66,,,
1791257477.0299,R,A,,-71,,,
1791257477.0656,R,C,,-68,,,
1791257477.0661,R,A,,-72,,,
1791257477.1177,O,,,,0.28237,1.9026,1.7313
1791257477.1187,O,,,,0.26649,1.9026,1.7313
1791257477.1195,O,,,,0.25061,1.9026,1.7313
1791257477.1203,O,,,,0.23472,1.9026,1.7313
1791257477.0977,R,B,,-53,,,
1791257477.1256,R,C,,-70,,,
1791257477.1293,R,A,,-68,,,
1791257477.1481,R,B,,-52,,,
1791257477.1864,O,,,,0.21619,1.9026,1.7313
1791257477.1875,O,,,,0.20031,1.9026,1.7313
1791257477.1883,O,,,,0.18442,1.9026,1.7313
1791257477.1892,O,,,,0.16589,1.9026,1.7313
1791257477.1762,R,C,,-56,,,
1791257477.1982,R,B,,-60,,,
1791257477.2026,R,C,,-64,,,
1791257477.2662,O,,,,0.15001,1.9026,1.7313
1791257477.2671,O,,,,0.13413,1.9026,1.7313
1791257477.2680,O,,,,0.11692,1.9028,1.7314
1791257477.2687,O,,,,0.09971,1.9026,1.7313
1791257477.2298,R,A,,-74,,,
1791257477.2481,R,B,,-56,,,
1791257477.2653,R,B,,-61,,,
1791257477.2755,R,C,,-59,,,
1791257477.2800,R,A,,-71,,,
1791257477.2947,R,B,,-61,,,
1791257477.3088,R,C,,-73,,,
1791257477.3465,O,,,,0.08383,1.9026,1.7313
1791257477.3476,O,,,,0.06794,1.9026,1.7313
1791257477.3484,O,,,,0.05073,1.9028,1.7314
1791257477.3493,O,,,,0.03353,1.9026,1.7313
1791257477.3298,R,A,,-72,,,
1791257477.3429,R,B,,-59,,,
1791257477.3434,R,C,,-68,,,
1791257477.3667,R,A,,-72,,,
1791257477.3884,R,B,,-60,,,
1791257477.4209,O,,,,0.01764,1.9026,1.7313
1791257477.4218,O,,,,0.00044,1.9028,1.7314
1791257477.4226,O,,,,-0.01677,1.9026,1.7314
1791257477.4235,O,,,,-0.03266,1.9026,1.7314
1791257477.4255,R,C,,-63,,,
1791257477.4295,R,A,,-70,,,
1791257477.4322,R,C,,-57,,,
1791257477.4473,R,B,,-57,,,
1791257477.4909,O,,,,-0.04986,1.9028,1.7313
1791257477.4918,O,,,,-0.06575,1.9028,1.7313
1791257477.4926,O,,,,-0.08295,1.9026,1.7314
1791257477.4772,R,B,,-61,,,
1791257477.4802,R,A,,-75,,,
1791257477.5184,R,B,,-69,,,
1791257477.5185,R,A,,-79,,,
1791257477.5256,R,C,,-64,,,
1791257477.5718,O,,,,-0.09884,1.9026,1.7314
1791257477.5728,O,,,,-0.11605,1.9028,1.7313
1791257477.5737,O,,,,-0.13325,1.9026,1.7314
1791257477.5749,O,,,,-0.15046,1.9028,1.7313
1791257477.5763,R,C,,-66,,,
1791257477.5769,R,B,,-64,,,
1791257477.5794,R,A,,-71,,,
1791257477.6146,R,B,,-61,,,
1791257477.6512,O,,,,-0.16635,1.9028,1.7313
1791257477.6522,O,,,,-0.18355,1.9026,1.7314
1791257477.6532,O,,,,-0.19944,1.9026,1.7314
1791257477.6539,O,,,,-0.21664,1.9028,1.7313
1791257477.6264,R,C,,-58,,,
1791257477.6299,R,A,,-71,,,
1791257477.6768,R,C,,-66,,,
1791257477.6800,R,A,,-70,,,
1791257477.7041,R,C,,-76,,,
1791257477.7140,R,A,,-66,,,
1791257477.7141,R,B,,-77,,,
1791257477.7259,O,,,,-0.23253,1.9028,1.7313
1791257477.7271,O,,,,-0.24974,1.9026,1.7314
1791257477.7281,O,,,,-0.26562,1.9026,1.7314
1791257477.7289,O,,,,-0.28283,1.9028,1.7313
1791257477.8060,O,,,,-0.30003,1.9026,1.7314
1791257477.8069,O,,,,-0.31724,1.9028,1.7313
1791257477.8077,O,,,,-0.33313,1.9028,1.7313
1791257477.8084,O,,,,-0.35033,1.9026,1.7314
1791257477.7758,R,C,,-70,,,
1791257477.7794,R,A,,-77,,,
1791257477.7924,R,C,,-81,,,
1791257477.7925,R,B,,-66,,,
1791257477.7934,R,A,,-67,,,
1791257477.8417,R,A,,-67,,,
1791257477.8474,R,B,,-64,,,
1791257477.8815,O,,,,-0.36754,1.9028,1.7313
1791257477.8823,O,,,,-0.38343,1.9028,1.7313
1791257477.8831,O,,,,-0.39931,1.9028,1.7313
1791257477.8838,O,,,,-0.41784,1.9028,1.7313
1791257477.8759,R,C,,-67,,,
1791257477.8909,R,C,,-68,,,
1791257477.8910,R,B,,-71,,,
1791257477.9610,O,,,,-0.43372,1.9028,1.7313
1791257477.9619,O,,,,-0.44961,1.9028,1.7313
1791257477.9629,O,,,,-0.46549,1.9028,1.7313
1791257477.9638,O,,,,-0.48402,1.9028,1.7313
1791257477.9266,R,B,,-61,,,
1791257477.9286,R,A,,-60,,,
1791257477.9759,R,C,,-75,,,
1791257477.9786,R,A,,-67,,,
1791257477.9891,R,B,,-56,,,
1791257478.0316,O,,,,-0.49991,1.9028,1.7313
1791257478.0325,O,,,,-0.51579,1.9028,1.7313
1791257478.0333,O,,,,-0.53167,1.9028,1.7313
1791257478.0234,R,C,,-68,,,
1791257478.0303,R,A,,-62,,,
1791257478.0476,R,B,,-64,,,
1791257478.1063,O,,,,-0.55021,1.9028,1.7313
1791257478.1074,O,,,,-0.56609,1.9028,1.7313
1791257478.1083,O,,,,-0.58197,1.9028,1.7313
1791257478.1092,O,,,,-0.59918,1.9026,1.7314
1791257478.0758,R,C,,-67,,,
1791257478.0804,R,A,,-59,,,
1791257478.0956,R,B,,-62,,,
1791257478.1037,R,C,,-70,,,
1791257478.1040,R,A,,-66,,,
1791257478.1476,R,B,,-65,,,
1791257478.1614,R,B,,-65,,,
1791257478.1838,O,,,,-0.61639,1.9028,1.7313
1791257478.1847,O,,,,-0.63227,1.9028,1.7313
1791257478.1856,O,,,,-0.64948,1.9026,1.7315
1791257478.1863,O,,,,-0.66669,1.9028,1.7313
1791257478.1758,R,C,,-81,,,
1791257478.1796,R,A,,-66,,,
1791257478.1977,R,B,,-63,,,
1791257478.1979,R,C,,-65,,,
1791257478.1981,R,A,,-68,,,
1791257478.2612,O,,,,-0.68257,1.9028,1.7313
1791257478.2623,O,,,,-0.69978,1.9030,1.7311
1791257478.2631,O,,,,-0.71566,1.9030,1.7311
1791257478.2642,O,,,,-0.73287,1.9028,1.7313
1791257478.2480,R,B,,-69,,,
1791257478.2762,R,C,,-74,,,
1791257478.2800,R,A,,-65,,,
1791257478.2888,R,A,,-70,,,
1791257478.2892,R,C,,-79,,,
1791257478.2893,R,B,,-63,,,
1791257478.3413,O,,,,-0.74875,1.9028,1.7313
1791257478.3428,O,,,,-0.76596,1.9030,1.7311
1791257478.3437,O,,,,-0.78317,1.9028,1.7313
1791257478.3446,O,,,,-0.79905,1.9028,1.7313
1791257478.3478,R,B,,-67,,,
1791257478.3707,R,C,,-69,,,
1791257478.3735,R,C,,-75,,,
1791257478.3801,R,A,,-64,,,
1791257478.3982,R,B,,-65,,,
1791257478.4129,R,C,,-66,,,
1791257478.4140,R,A,,-67,,,
1791257478.4210,O,,,,-0.81626,1.9030,1.7311
1791257478.4219,O,,,,-0.83347,1.9028,1.7313
1791257478.4228,O,,,,-0.84935,1.9028,1.7313
1791257478.4236,O,,,,-0.86524,1.9028,1.7313
1791257478.4231,R,B,,-60,,,
1791257478.4588,R,C,,-73,,,
1791257478.4917,O,,,,-0.88377,1.9028,1.7313
1791257478.4929,O,,,,-0.89965,1.9028,1.7313
1791257478.4941,O,,,,-0.91554,1.9028,1.7313
1791257478.4798,R,A,,-77,,,
1791257478.4982,R,B,,-58,,,
1791257478.5079,R,A,,-63,,,
1791257478.5666,O,,,,-0.93274,1.9030,1.7311
1791257478.5680,O,,,,-0.94995,1.9028,1.7313
1791257478.5692,O,,,,-0.96583,1.9028,1.7313
1791257478.5704,O,,,,-0.98304,1.9030,1.7311
1791257478.5262,R,C,,-70,,,
1791257478.5284,R,B,,-63,,,
1791257478.5480,R,C,,-68,,,
1791257478.5482,R,B,,-73,,,
1791257478.5797,R,A,,-68,,,
1791257478.5983,R,B,,-60,,,
1791257478.6028,R,A,,-60,,,
1791257478.6654,O,,,,-0.99893,1.9030,1.7311
1791257478.6663,O,,,,-1.01613,1.9029,1.7313
1791257478.6671,O,,,,-1.03334,1.9030,1.7311
1791257478.6678,O,,,,-1.04922,1.9030,1.7311
1791257478.6410,R,B,,-56,,,
1791257478.6762,R,C,,-63,,,
1791257478.6806,R,A,,-61,,,
1791257478.6848,R,B,,-49,,,
1791257478.7101,R,C,,-63,,,
1791257478.7106,R,A,,-65,,,
1791257478.7210,O,,,,-1.06643,1.9029,1.7313
1791257478.7218,O,,,,-1.08364,1.9030,1.7311
1791257478.7226,O,,,,-1.09952,1.9030,1.7311
1791257478.7233,O,,,,-1.11541,1.9030,1.7311
1791257478.7374,R,A,,-74,,,
1791257478.7479,R,B,,-49,,,
1791257478.8011,O,,,,-1.13394,1.9030,1.7311
1791257478.8024,O,,,,-1.14982,1.9030,1.7311
1791257478.8032,O,,,,-1.16571,1.9030,1.7311
1791257478.8039,O,,,,-1.18291,1.9029,1.7313
1791257478.7764,R,C,,-62,,,
1791257478.7800,R,A,,-67,,,
1791257478.7985,R,B,,-51,,,
1791257478.8015,R,C,,-62,,,
1791257478.8215,R,B,,-50,,,
1791257478.8262,R,C,,-62,,,
1791257478.8303,R,A,,-64,,,
1791257478.8801,O,,,,-1.20012,1.9030,1.7311
1791257478.8812,O,,,,-1.21601,1.9030,1.7311
1791257478.8820,O,,,,-1.23321,1.9029,1.7313
1791257478.8828,O,,,,-1.25042,1.9030,1.7311
1791257478.8772,R,C,,-71,,,
1791257478.8803,R,A,,-63,,,
1791257478.8979,R,B,,-49,,,
1791257478.9575,O,,,,-1.26498,1.9031,1.7308
1791257478.9583,O,,,,-1.27954,1.9031,1.7306
1791257478.9592,O,,,,-1.29675,1.9032,1.7303
1791257478.9599,O,,,,-1.31131,1.9033,1.7301
1791257478.9232,R,B,,-50,,,
1791257478.9268,R,C,,-66,,,
1791257478.9305,R,A,,-63,,,
1791257478.9674,R,B,,-61,,,
1791257478.9769,R,C,,-59,,,
1791257478.9794,R,A,,-62,,,
1791257478.9979,R,B,,-64,,,
1791257478.9983,R,C,,-62,,,
1791257479.0260,O,,,,-1.32587,1.9034,1.7298
1791257479.0272,O,,,,-1.33911,1.9034,1.7298
1791257479.0280,O,,,,-1.35234,1.9035,1.7293
1791257479.0282,R,A,,-64,,,
1791257479.0445,R,B,,-61,,,
1791257479.1067,O,,,,-1.36426,1.9036,1.7285
1791257479.1078,O,,,,-1.37617,1.9037,1.7283
1791257479.1086,O,,,,-1.38676,1.9038,1.7277
1791257479.1096,O,,,,-1.39735,1.9039,1.7272
1791257479.0771,R,C,,-65,,,
1791257479.0801,R,A,,-57,,,
1791257479.0937,R,B,,-52,,,
1791257479.0938,R,C,,-68,,,
1791257479.1304,R,A,,-58,,,
1791257479.1393,R,A,,-55,,,
1791257479.1394,R,B,,-61,,,
1791257479.1396,R,C,,-70,,,
1791257479.1811,O,,,,-1.40661,1.9040,1.7264
1791257479.1821,O,,,,-1.41720,1.9042,1.7254
1791257479.1828,O,,,,-1.42647,1.9043,1.7246
1791257479.1836,O,,,,-1.43573,1.9044,1.7238
1791257479.1981,R,B,,-62,,,
1791257479.2611,O,,,,-1.44500,1.9045,1.7230
1791257479.2620,O,,,,-1.45162,1.9046,1.7222
1791257479.2628,O,,,,-1.45824,1.9047,1.7215
1791257479.2636,O,,,,-1.46353,1.9048,1.7204
1791257479.2262,R,A,,-55,,,
1791257479.2264,R,C,,-75,,,
1791257479.2295,R,A,,-54,,,
1791257479.2415,R,B,,-61,,,
1791257479.2768,R,B,,-62,,,
1791257479.2784,R,A,,-57,,,
1791257479.3455,O,,,,-1.47015,1.9049,1.7196
1791257479.3468,O,,,,-1.47544,1.9050,1.7186
1791257479.3481,O,,,,-1.47941,1.9051,1.7178
1791257479.3492,O,,,,-1.48471,1.9052,1.7167
1791257479.3228,R,C,,-72,,,
1791257479.3307,R,A,,-57,,,
1791257479.3442,R,B,,-55,,,
1791257479.4161,O,,,,-1.49000,1.9053,1.7157
1791257479.4170,O,,,,-1.49397,1.9053,1.7149
1791257479.4178,O,,,,-1.49927,1.9054,1.7138
1791257479.4186,O,,,,-1.50324,1.9055,1.7130
1791257479.3717,R,B,,-53,,,
1791257479.3719,R,A,,-60,,,
1791257479.3770,R,C,,-64,,,
1791257479.4178,R,B,,-57,,,
1791257479.4262,R,C,,-69,,,
1791257479.4301,R,A,,-66,,,
1791257479.4616,R,C,,-64,,,
1791257479.4859,O,,,,-1.50721,1.9055,1.7122
1791257479.4868,O,,,,-1.51118,1.9056,1.7114
1791257479.4876,O,,,,-1.51648,1.9056,1.7104
1791257479.4807,R,A,,-63,,,
1791257479.4986,R,B,,-58,,,
1791257479.5055,R,B,,-63,,,
1791257479.5658,O,,,,-1.52045,1.9057,1.7096
1791257479.5668,O,,,,-1.52442,1.9057,1.7088
1791257479.5677,O,,,,-1.52971,1.9057,1.7077
1791257479.5684,O,,,,-1.53368,1.9058,1.7069
1791257479.5265,R,C,,-68,,,
1791257479.5307,R,A,,-61,,,
1791257479.5539,R,B,,-60,,,
1791257479.5545,R,C,,-69,,,
1791257479.5547,R,A,,-63,,,
1791257479.6415,O,,,,-1.53765,1.9058,1.7061
1791257479.6425,O,,,,-1.54295,1.9058,1.7051
1791257479.6433,O,,,,-1.54824,1.9059,1.7040
1791257479.6441,O,,,,-1.55089,1.9059,1.7030
1791257479.6267,R,C,,-69,,,
1791257479.6302,R,A,,-62,,,
1791257479.6507,R,A,,-59,,,
1791257479.6922,R,B,,-50,,,
1791257479.7209,O,,,,-1.55354,1.9059,1.7019
1791257479.7218,O,,,,-1.55751,1.9059,1.7006
1791257479.7226,O,,,,-1.55883,1.9059,1.6993
1791257479.7233,O,,,,-1.56280,1.9060,1.6979
1791257479.7272,R,C,,-69,,,
1791257479.7304,R,A,,-63,,,
1791257479.7483,R,B,,-61,,,
1791257479.7522,R,A,,-60,,,
1791257479.7523,R,C,,-67,,,
1791257479.8011,O,,,,-1.56413,1.9060,1.6961
1791257479.8024,O,,,,-1.56545,1.9060,1.6948
1791257479.8032,O,,,,-1.56810,1.9060,1.6932
1791257479.8039,O,,,,-1.57207,1.9060,1.6919
1791257479.7804,R,A,,-57,,,
1791257479.7805,R,B,,-59,,,
1791257479.8309,R,A,,-57,,,
1791257479.8483,R,B,,-55,,,
1791257479.8561,R,C,,-64,,,
1791257479.8823,O,,,,-1.57472,1.9060,1.6903
1791257479.8832,O,,,,-1.57736,1.9060,1.6887
1791257479.8840,O,,,,-1.57869,1.9060,1.6874
1791257479.8847,O,,,,-1.58266,1.9059,1.6860
1791257479.8781,R,B,,-58,,,
1791257479.8801,R,A,,-64,,,
1791257479.9477,O,,,,-1.58663,1.9059,1.6842
1791257479.9487,O,,,,-1.59060,1.9059,1.6829
1791257479.9496,O,,,,-1.59457,1.9059,1.6810
1791257479.9504,O,,,,-1.59987,1.9058,1.6794
1791257479.9267,R,C,,-77,,,
1791257479.9276,R,A,,-63,,,
1791257479.9482,R,B,,-58,,,
1791257479.9740,R,B,,-64,,,
1791257479.9768,R,A,,-63,,,
1791257479.9773,R,C,,-64,,,
1791257480.0261,O,,,,-1.60516,1.9058,1.6773
1791257480.0270,O,,,,-1.61310,1.9057,1.6752
1791257480.0278,O,,,,-1.62105,1.9055,1.6725
1791257480.0264,R,B,,-63,,,
1791257480.0272,R,C,,-64,,,
1791257480.0305,R,A,,-64,,,
1791257480.0625,R,C,,-65,,,
1791257480.0626,R,B,,-65,,,
1791257480.1012,O,,,,-1.62899,1.9054,1.6699
1791257480.1021,O,,,,-1.63825,1.9053,1.6675
1791257480.1028,O,,,,-1.64752,1.9050,1.6646
1791257480.1036,O,,,,-1.65811,1.9048,1.6620
1791257480.0808,R,A,,-61,,,
1791257480.1268,R,C,,-67,,,
1791257480.1310,R,A,,-65,,,
1791257480.1485,R,B,,-62,,,
1791257480.1676,R,B,,-63,,,
1791257480.1688,R,C,,-75,,,
1791257480.1697,R,A,,-61,,,
1791257480.1810,O,,,,-1.66870,1.9045,1.6588
1791257480.1821,O,,,,-1.68061,1.9042,1.6554
1791257480.1829,O,,,,-1.69385,1.9038,1.6522
1791257480.1837,O,,,,-1.70973,1.9034,1.6491
1791257480.1975,R,C,,-80,,,
1791257480.1977,R,A,,-71,,,
1791257480.1985,R,B,,-64,,,
1791257480.2612,O,,,,-1.72429,1.9029,1.6457
1791257480.2632,O,,,,-1.74017,1.9023,1.6420
1791257480.2672,O,,,,-1.75606,1.9016,1.6384
1791257480.2681,O,,,,-1.77194,1.9008,1.6342
1791257480.2489,R,B,,-64,,,
1791257480.2752,R,C,,-64,,,
1791257480.2761,R,A,,-64,,,
1791257480.2955,R,C,,-66,,,
1791257480.2991,R,B,,-57,,,
1791257480.3360,O,,,,-1.78783,1.9001,1.6306
1791257480.3369,O,,,,-1.80503,1.8992,1.6267
1791257480.3382,O,,,,-1.82092,1.8983,1.6231
1791257480.3390,O,,,,-1.83680,1.8972,1.6190
1791257480.3305,R,A,,-63,,,
1791257480.3407,R,B,,-67,,,
1791257480.4143,O,,,,-1.85269,1.8961,1.6149
1791257480.4153,O,,,,-1.86857,1.8950,1.6114
1791257480.4162,O,,,,-1.88445,1.8937,1.6074
1791257480.4171,O,,,,-1.89901,1.8925,1.6036
1791257480.3770,R,C,,-67,,,
1791257480.3810,R,A,,-65,,,
1791257480.3833,R,C,,-65,,,
1791257480.3902,R,B,,-68,,,
1791257480.4259,R,C,,-68,,,
1791257480.4261,R,A,,-72,,,
1791257480.4486,R,B,,-63,,,
1791257480.4669,R,B,,-63,,,
1791257480.4685,R,C,,-61,,,
1791257480.4687,R,A,,-64,,,
1791257480.4821,O,,,,-1.91490,1.8911,1.5996
1791257480.4831,O,,,,-1.92813,1.8896,1.5956
1791257480.4839,O,,,,-1.94402,1.8881,1.5916
1791257480.5090,R,C,,-71,,,
1791257480.5614,O,,,,-1.95725,1.8865,1.5877
1791257480.5623,O,,,,-1.97181,1.8850,1.5840
1791257480.5631,O,,,,-1.98505,1.8833,1.5802
1791257480.5638,O,,,,-1.99961,1.8815,1.5761
1791257480.5306,R,A,,-87,,,
1791257480.5491,R,B,,-61,,,
1791257480.5769,R,C,,-64,,,
1791257480.5811,R,A,,-64,,,
1791257480.5928,R,B,,-58,,,
1791257480.6017,R,C,,-63,,,
1791257480.6023,R,A,,-67,,,
1791257480.6412,O,,,,-2.01152,1.8798,1.5725
1791257480.6422,O,,,,-2.02608,1.8781,1.5689
1791257480.6431,O,,,,-2.03800,1.8761,1.5648
1791257480.6438,O,,,,-2.04991,1.8743,1.5613
1791257480.6485,R,B,,-64,,,
1791257480.6770,R,C,,-69,,,
1791257480.6808,R,A,,-69,,,
1791257480.6922,R,B,,-60,,,
1791257480.6923,R,C,,-70,,,
1791257480.6925,R,A,,-68,,,
1791257480.7212,O,,,,-2.06182,1.8722,1.5573
1791257480.7221,O,,,,-2.07374,1.8703,1.5538
1791257480.7228,O,,,,-2.08433,1.8682,1.5501
1791257480.7236,O,,,,-2.09756,1.8661,1.5465
1791257480.7374,R,B,,-67,,,
1791257480.7960,O,,,,-2.10815,1.8640,1.5428
1791257480.7970,O,,,,-2.11874,1.8618,1.5392
1791257480.7978,O,,,,-2.12933,1.8596,1.5356
1791257480.7986,O,,,,-2.13860,1.8574,1.5322
1791257480.7761,R,B,,-65,,,
1791257480.7770,R,C,,-84,,,
1791257480.7787,R,A,,-88,,,
1791257480.8215,R,C,,-69,,,
1791257480.8307,R,A,,-65,,,
1791257480.8488,R,B,,-61,,,
1791257480.8654,R,C,,-68,,,
1791257480.8843,O,,,,-2.14918,1.8551,1.5287
1791257480.8856,O,,,,-2.15845,1.8530,1.5253
1791257480.8869,O,,,,-2.16904,1.8506,1.5218
1791257480.8883,O,,,,-2.17830,1.8483,1.5186
1791257480.8816,R,A,,-61,,,
1791257480.8974,R,B,,-63,,,
1791257480.9155,R,A,,-58,,,
1791257480.9157,R,C,,-72,,,
1791257480.9528,O,,,,-2.18757,1.8458,1.5149
1791257480.9538,O,,,,-2.19684,1.8434,1.5117
1791257480.9546,O,,,,-2.20743,1.8409,1.5082
1791257480.9487,R,B,,-59,,,
1791257480.9553,R,B,,-62,,,
1791257480.9771,R,C,,-65,,,
1791257480.9809,R,A,,-83,,,
1791257481.0036,R,C,,-63,,,
1791257481.0039,R,A,,-66,,,
1791257481.0153,R,B,,-60,,,
1791257481.0215,O,,,,-2.21537,1.8384,1.5048
1791257481.0225,O,,,,-2.22596,1.8358,1.5015
1791257481.0234,O,,,,-2.23522,1.8334,1.4983
1791257481.0242,O,,,,-2.24316,1.8308,1.4950
1791257481.1011,O,,,,-2.25243,1.8280,1.4915
1791257481.1023,O,,,,-2.26037,1.8253,1.4882
1791257481.1036,O,,,,-2.26699,1.8228,1.4852
1791257481.1047,O,,,,-2.27493,1.8200,1.4819
1791257481.0772,R,C,,-65,,,
1791257481.0808,R,A,,-63,,,
1791257481.0912,R,B,,-63,,,
1791257481.0986,R,C,,-87,,,
1791257481.0989,R,A,,-62,,,
1791257481.1492,R,B,,-60,,,
1791257481.1760,O,,,,-2.28155,1.8174,1.4789
1791257481.1769,O,,,,-2.28817,1.8145,1.4755
1791257481.1777,O,,,,-2.29346,1.8117,1.4723
1791257481.1787,O,,,,-2.30008,1.8091,1.4693
1791257481.1755,R,C,,-66,,,
1791257481.1757,R,A,,-61,,,
1791257481.1783,R,C,,-62,,,
1791257481.1785,R,A,,-62,,,
1791257481.1993,R,B,,-58,,,
1791257481.2560,O,,,,-2.30538,1.8062,1.4662
1791257481.2570,O,,,,-2.31199,1.8036,1.4633
1791257481.2579,O,,,,-2.31729,1.8007,1.4601
1791257481.2587,O,,,,-2.32258,1.7978,1.4570
1791257481.2213,R,B,,-62,,,
1791257481.2226,R,C,,-66,,,
1791257481.2233,R,A,,-65,,,
1791257481.2995,R,B,,-61,,,
1791257481.3106,R,A,,-66,,,
1791257481.3125,R,B,,-63,,,
1791257481.3362,O,,,,-2.32920,1.7951,1.4541
1791257481.3374,O,,,,-2.33450,1.7922,1.4511
1791257481.3382,O,,,,-2.33979,1.7892,1.4480
1791257481.3393,O,,,,-2.34509,1.7863,1.4450
1791257481.3272,R,C,,-74,,,
1791257481.4208,O,,,,-2.35038,1.7833,1.4420
1791257481.3778,R,C,,-64,,,
1791257481.3811,R,A,,-74,,,
1791257481.3990,R,B,,-65,,,
1791257481.4008,R,C,,-69,,,
1791257481.4173,R,A,,-64,,,
1791257481.4222,O,,,,-2.35435,1.7805,1.4392
1791257481.4231,O,,,,-2.35832,1.7773,1.4360
1791257481.4237,O,,,,-2.36229,1.7745,1.4332
1791257481.4401,R,B,,-60,,,
1791257481.4878,O,,,,-2.36626,1.7713,1.4300
1791257481.4896,O,,,,-2.37156,1.7683,1.4271
1791257481.4909,O,,,,-2.37553,1.7654,1.4243
1791257481.4773,R,C,,-69,,,
1791257481.4810,R,A,,-62,,,
1791257481.4990,R,B,,-58,,,
1791257481.5616,O,,,,-2.37950,1.7622,1.4212
1791257481.5627,O,,,,-2.38347,1.7593,1.4185
1791257481.5640,O,,,,-2.38612,1.7562,1.4155
1791257481.5649,O,,,,-2.39009,1.7533,1.4128
1791257481.5231,R,C,,-63,,,
1791257481.5241,R,A,,-61,,,
1791257481.5269,R,B,,-62,,,
1791257481.5313,R,A,,-59,,,
1791257481.5740,R,A,,-62,,,
1791257481.5774,R,C,,-62,,,
1791257481.5866,R,B,,-59,,,
1791257481.6362,O,,,,-2.39274,1.7502,1.4099
1791257481.6372,O,,,,-2.39671,1.7469,1.4069
1791257481.6382,O,,,,-2.39936,1.7442,1.4044
1791257481.6391,O,,,,-2.40200,1.7411,1.4015
1791257481.6228,R,A,,-60,,,
1791257481.6229,R,C,,-60,,,
1791257481.6259,R,B,,-58,,,
1791257481.6631,R,B,,-63,,,
1791257481.7164,O,,,,-2.40465,1.7379,1.3987
1791257481.7175,O,,,,-2.40730,1.7348,1.3958
1791257481.7185,O,,,,-2.40995,1.7316,1.3930
1791257481.7194,O,,,,-2.41392,1.7287,1.3903
1791257481.6773,R,C,,-56,,,
1791257481.6810,R,A,,-58,,,
1791257481.7225,R,C,,-63,,,
1791257481.7316,R,A,,-62,,,
1791257481.7492,R,B,,-57,,,
1791257481.7966,O,,,,-2.41524,1.7257,1.3877
1791257481.7979,O,,,,-2.41789,1.7225,1.3849
1791257481.7988,O,,,,-2.42053,1.7194,1.3821
1791257481.7996,O,,,,-2.42186,1.7164,1.3795
1791257481.7775,R,C,,-57,,,
1791257481.7821,R,A,,-63,,,
1791257481.7986,R,B,,-58,,,
1791257481.8270,R,C,,-61,,,
1791257481.8278,R,A,,-58,,,
1791257481.8437,R,B,,-60,,,
1791257481.8442,R,C,,-57,,,
1791257481.8445,R,A,,-61,,,
1791257481.8724,O,,,,-2.42451,1.7132,1.3767
1791257481.8739,O,,,,-2.42715,1.7100,1.3739
1791257481.8752,O,,,,-2.42980,1.7068,1.3711
1791257481.8761,O,,,,-2.43245,1.7040,1.3687
1791257481.8992,R,B,,-58,,,
1791257481.9056,R,A,,-60,,,
1791257481.9415,O,,,,-2.43509,1.7008,1.3660
1791257481.9427,O,,,,-2.43774,1.6975,1.3632
1791257481.9440,O,,,,-2.43907,1.6945,1.3607
1791257481.9275,R,C,,-59,,,
1791257481.9418,R,B,,-58,,,
1791257481.9781,R,C,,-58,,,
1791257481.9813,R,A,,-61,,,
1791257481.9949,R,B,,-63,,,
1791257482.0214,O,,,,-2.44171,1.6913,1.3579
1791257482.0223,O,,,,-2.44304,1.6882,1.3554
1791257482.0232,O,,,,-2.44304,1.6850,1.3526
1791257482.0247,O,,,,-2.44436,1.6819,1.3501
1791257482.0281,R,C,,-63,,,
1791257482.0318,R,A,,-62,,,
1791257482.0362,R,C,,-58,,,
1791257482.0493,R,B,,-63,,,
1791257482.0963,O,,,,-2.44436,1.6787,1.3474
1791257482.0973,O,,,,-2.44568,1.6756,1.3448
1791257482.0981,O,,,,-2.44568,1.6724,1.3421
1791257482.0988,O,,,,-2.44701,1.6693,1.3396
1791257482.0808,R,A,,-64,,,
1791257482.0848,R,A,,-67,,,
1791257482.0997,R,B,,-63,,,
1791257482.1248,R,C,,-65,,,
1791257482.1270,R,B,,-66,,,
1791257482.1275,R,C,,-69,,,
1791257482.1318,R,A,,-67,,,
1791257482.1762,O,,,,-2.44701,1.6661,1.3369
1791257482.1778,O,,,,-2.44833,1.6630,1.3343
1791257482.1790,O,,,,-2.44833,1.6598,1.3316
1791257482.1803,O,,,,-2.44701,1.6567,1.3291
1791257482.1715,R,C,,-61,,,
1791257482.1718,R,A,,-68,,,
1791257482.1994,R,B,,-64,,,
1791257482.2156,R,B,,-68,,,
1791257482.2563,O,,,,-2.44701,1.6535,1.3264
1791257482.2573,O,,,,-2.44701,1.6502,1.3236
1791257482.2581,O,,,,-2.44701,1.6470,1.3209
1791257482.2589,O,,,,-2.44833,1.6439,1.3184
1791257482.2276,R,C,,-69,,,
1791257482.2314,R,A,,-70,,,
1791257482.2592,R,C,,-67,,,
1791257482.2595,R,A,,-68,,,
1791257482.2638,R,B,,-68,,,
1791257482.3001,R,A,,-69,,,
1791257482.3002,R,B,,-67,,,
1791257482.3004,R,C,,-69,,,
1791257482.3324,O,,,,-2.44833,1.6407,1.3157
1791257482.3338,O,,,,-2.44833,1.6374,1.3130
1791257482.3354,O,,,,-2.44701,1.6343,1.3104
1791257482.3365,O,,,,-2.44701,1.6311,1.3077
1791257482.3498,R,B,,-66,,,
1791257482.3503,R,C,,-75,,,
1791257482.3506,R,A,,-69,,,
1791257482.4116,O,,,,-2.44701,1.6278,1.3050
1791257482.4124,O,,,,-2.44833,1.6248,1.3025
1791257482.4135,O,,,,-2.44701,1.6217,1.2999
1791257482.4143,O,,,,-2.44701,1.6185,1.2972
1791257482.3999,R,B,,-67,,,
1791257482.4047,R,C,,-70,,,
1791257482.4051,R,A,,-67,,,
1791257482.4303,R,B,,-65,,,
1791257482.4865,O,,,,-2.44701,1.6152,1.2945
1791257482.4887,O,,,,-2.44833,1.6122,1.2920
1791257482.4893,O,,,,-2.44833,1.6089,1.2893
1791257482.4818,R,A,,-65,,,
1791257482.4994,R,B,,-65,,,
1791257482.5563,O,,,,-2.44833,1.6057,1.2866
1791257482.5573,O,,,,-2.44701,1.6026,1.2840
1791257482.5582,O,,,,-2.44701,1.5993,1.2813
1791257482.5590,O,,,,-2.44701,1.5961,1.2786
1791257482.5283,R,C,,-68,,,
1791257482.5318,R,A,,-64,,,
1791257482.5503,R,B,,-68,,,
1791257482.5724,R,B,,-62,,,
1791257482.5738,R,C,,-69,,,
1791257482.5740,R,A,,-63,,,
1791257482.6142,R,C,,-66,,,
1791257482.6362,O,,,,-2.44833,1.5930,1.2761
1791257482.6371,O,,,,-2.44833,1.5898,1.2734
1791257482.6380,O,,,,-2.44701,1.5867,1.2708
1791257482.6387,O,,,,-2.44701,1.5835,1.2681
1791257482.6316,R,A,,-61,,,
1791257482.6499,R,B,,-61,,,
1791257482.6637,R,C,,-65,,,
1791257482.6646,R,A,,-64,,,
1791257482.7162,O,,,,-2.44833,1.5804,1.2656
1791257482.7171,O,,,,-2.44833,1.5772,1.2629
1791257482.7179,O,,,,-2.44833,1.5739,1.2601
1791257482.7187,O,,,,-2.44701,1.5709,1.2576
1791257482.6772,R,B,,-59,,,
1791257482.7278,R,C,,-65,,,
1791257482.7316,R,A,,-59,,,
1791257482.7438,R,B,,-63,,,
1791257482.7483,R,C,,-63,,,
1791257482.7496,R,B,,-64,,,
1791257482.7911,O,,,,-2.44701,1.5676,1.2549
1791257482.7921,O,,,,-2.44833,1.5645,1.2524
1791257482.7929,O,,,,-2.44833,1.5613,1.2497
1791257482.7938,O,,,,-2.44833,1.5580,1.2469
1791257482.7822,R,A,,-61,,,
1791257482.7990,R,B,,-61,,,
1791257482.8125,R,C,,-69,,,
1791257482.8321,R,A,,-66,,,
1791257482.8424,R,B,,-58,,,
1791257482.8709,O,,,,-2.44701,1.5550,1.2444
1791257482.8716,O,,,,-2.44701,1.5517,1.2417
1791257482.8724,O,,,,-2.44701,1.5485,1.2390
1791257482.8729,O,,,,-2.44833,1.5454,1.2364
1791257482.8713,R,C,,-56,,,
1791257482.8714,R,A,,-64,,,
1791257482.8854,R,B,,-64,,,
1791257482.9029,R,C,,-75,,,
1791257482.9031,R,A,,-66,,,
1791257482.9414,O,,,,-2.44833,1.5422,1.2337
1791257482.9427,O,,,,-2.44833,1.5389,1.2310
1791257482.9437,O,,,,-2.44701,1.5358,1.2285
1791257482.9496,R,B,,-63,,,
1791257483.0191,O,,,,-2.44701,1.5326,1.2258
1791257483.0202,O,,,,-2.44833,1.5295,1.2232
1791257482.9762,R,C,,-63,,,
1791257482.9771,R,A,,-69,,,
1791257482.9827,R,B,,-61,,,
1791257483.0213,O,,,,-2.44833,1.5263,1.2205
1791257483.0221,O,,,,-2.44833,1.5230,1.2178
1791257483.0255,R,C,,-74,,,
1791257483.0284,R,C,,-69,,,
1791257483.0320,R,A,,-68,,,
1791257483.0496,R,B,,-67,,,
1791257483.0967,O,,,,-2.44701,1.5200,1.2153
1791257483.0978,O,,,,-2.44833,1.5169,1.2127
1791257483.0986,O,,,,-2.44833,1.5137,1.2100
1791257483.0995,O,,,,-2.44833,1.5104,1.2073
1791257483.0785,R,C,,-72,,,
1791257483.0812,R,A,,-61,,,
1791257483.1002,R,B,,-67,,,
1791257483.1209,R,B,,-63,,,
1791257483.1286,R,C,,-76,,,
1791257483.1322,R,A,,-59,,,
1791257483.1725,O,,,,-2.44701,1.5074,1.2048
1791257483.1733,O,,,,-2.44701,1.5041,1.2021
1791257483.1742,O,,,,-2.44833,1.5010,1.1995
1791257483.1749,O,,,,-2.44833,1.4978,1.1968
1791257483.1786,R,C,,-63,,,
1791257483.1822,R,A,,-58,,,
1791257483.1870,R,B,,-62,,,
1791257483.2120,R,C,,-67,,,
1791257483.2123,R,A,,-57,,,
1791257483.2512,O,,,,-2.44833,1.4945,1.1941
1791257483.2522,O,,,,-2.44701,1.4915,1.1916
1791257483.2530,O,,,,-2.44701,1.4882,1.1889
1791257483.2538,O,,,,-2.44701,1.4850,1.1862
1791257483.2498,R,B,,-60,,,
1791257483.2703,R,C,,-64,,,
1791257483.2819,R,A,,-57,,,
1791257483.2915,R,B,,-56,,,
1791257483.3094,R,B,,-62,,,
1791257483.3314,O,,,,-2.44833,1.4819,1.1836
1791257483.3325,O,,,,-2.44833,1.4787,1.1809
1791257483.3334,O,,,,-2.44833,1.4754,1.1782
1791257483.3342,O,,,,-2.44701,1.4723,1.1757
1791257483.3283,R,C,,-66,,,
1791257483.3325,R,A,,-55,,,
1791257483.3497,R,B,,-62,,,
1791257483.4066,O,,,,-2.44833,1.4689,1.1728
1791257483.4080,O,,,,-2.44833,1.4660,1.1704
1791257483.4093,O,,,,-2.44833,1.4628,1.1677
1791257483.4103,O,,,,-2.44833,1.4595,1.1650
1791257483.3786,R,C,,-70,,,
1791257483.3823,R,A,,-58,,,
1791257483.3982,R,A,,-57,,,
1791257483.3984,R,B,,-61,,,
1791257483.4289,R,C,,-67,,,
1791257483.4386,R,B,,-58,,,
1791257483.4759,O,,,,-2.44701,1.4565,1.1625
1791257483.4770,O,,,,-2.44701,1.4532,1.1598
1791257483.4778,O,,,,-2.44833,1.4502,1.1572
1791257483.4777,R,C,,-63,,,
1791257483.4802,R,B,,-65,,,
1791257483.4806,R,A,,-57,,,
1791257483.4835,R,A,,-59,,,
1791257483.5534,O,,,,-2.44833,1.4469,1.1545
1791257483.5543,O,,,,-2.44833,1.4436,1.1518
1791257483.5551,O,,,,-2.44833,1.4404,1.1491
1791257483.5559,O,,,,-2.44833,1.4371,1.1464
1791257483.5288,R,C,,-77,,,
1791257483.5325,R,A,,-61,,,
1791257483.5503,R,B,,-64,,,
1791257483.5788,R,C,,-70,,,
1791257483.5824,R,A,,-61,,,
1791257483.6002,R,B,,-68,,,
1791257483.6094,R,B,,-66,,,
1791257483.6101,R,C,,-71,,,
1791257483.6112,R,A,,-65,,,
1791257483.6327,O,,,,-2.44701,1.4341,1.1439
1791257483.6340,O,,,,-2.44833,1.4310,1.1413
1791257483.6352,O,,,,-2.44833,1.4278,1.1386
1791257483.6361,O,,,,-2.44833,1.4245,1.1359
1791257483.6461,R,B,,-67,,,
1791257483.6463,R,C,,-66,,,
1791257483.7113,O,,,,-2.44833,1.4212,1.1332
1791257483.7122,O,,,,-2.44833,1.4184,1.1308
1791257483.7129,O,,,,-2.44833,1.4151,1.1281
1791257483.7137,O,,,,-2.44833,1.4119,1.1254
1791257483.6759,R,A,,-64,,,
1791257483.6999,R,B,,-69,,,
1791257483.7103,R,C,,-72,,,
1791257483.7105,R,A,,-63,,,
1791257483.7356,R,B,,-67,,,
1791257483.7912,O,,,,-2.44701,1.4088,1.1229
1791257483.7922,O,,,,-2.44833,1.4058,1.1203
1791257483.7930,O,,,,-2.44833,1.4025,1.1176
1791257483.7938,O,,,,-2.44833,1.3993,1.1149
1791257483.7782,R,C,,-68,,,
1791257483.7819,R,A,,-66,,,
1791257483.7849,R,C,,-68,,,
1791257483.7853,R,B,,-67,,,
1791257483.8661,O,,,,-2.44833,1.3960,1.1122
1791257483.8671,O,,,,-2.44701,1.3930,1.1097
1791257483.8678,O,,,,-2.44701,1.3897,1.1070
1791257483.8687,O,,,,-2.44833,1.3866,1.1044
1791257483.8464,R,B,,-68,,,
1791257483.8667,R,C,,-72,,,
1791257483.8825,R,A,,-65,,,
1791257483.9001,R,B,,-68,,,
1791257483.9361,O,,,,-2.44833,1.3834,1.1017
1791257483.9373,O,,,,-2.44701,1.3803,1.0992
1791257483.9383,O,,,,-2.44701,1.3771,1.0965
1791257483.9212,R,B,,-80,,,
1791257483.9225,R,C,,-82,,,
1791257483.9328,R,A,,-72,,,
1791257484.0164,O,,,,-2.44833,1.3740,1.0939
1791257484.0173,O,,,,-2.44833,1.3708,1.0912
1791257484.0182,O,,,,-2.44833,1.3675,1.0885
1791257484.0189,O,,,,-2.44701,1.3645,1.0860
1791257483.9773,R,C,,-65,,,
1791257483.9824,R,A,,-69,,,
1791257483.9999,R,B,,-67,,,
1791257484.0284,R,C,,-64,,,
1791257484.0329,R,A,,-74,,,
1791257484.0413,R,B,,-63,,,
1791257484.0626,R,C,,-68,,,
1791257484.0909,O,,,,-2.44701,1.3612,1.0833
1791257484.0918,O,,,,-2.44701,1.3584,1.0809
1791257484.0925,O,,,,-2.44701,1.3555,1.0785
1791257484.0934,O,,,,-2.44701,1.3527,1.0761
1791257484.0817,R,A,,-80,,,
1791257484.1000,R,B,,-66,,,
1791257484.1283,R,C,,-66,,,
1791257484.1326,R,A,,-70,,,
1791257484.1385,R,C,,-71,,,
1791257484.1388,R,A,,-74,,,
1791257484.1505,R,B,,-71,,,
1791257484.1709,O,,,,-2.44833,1.3496,1.0736
1791257484.1721,O,,,,-2.44833,1.3468,1.0712
1791257484.1729,O,,,,-2.44833,1.3439,1.0689
1791257484.1737,O,,,,-2.44833,1.3411,1.0665
1791257484.2006,R,B,,-66,,,
1791257484.2532,O,,,,-2.44833,1.3382,1.0641
1791257484.2541,O,,,,-2.44701,1.3356,1.0619
1791257484.2548,O,,,,-2.44701,1.3331,1.0599
1791257484.2557,O,,,,-2.44701,1.3303,1.0575
1791257484.2290,R,C,,-70,,,
1791257484.2306,R,B,,-74,,,
1791257484.2309,R,A,,-76,,,
1791257484.2337,R,A,,-71,,,
1791257484.2719,R,C,,-77,,,
1791257484.2726,R,A,,-64,,,
1791257484.2856,R,B,,-71,,,
1791257484.3262,O,,,,-2.44701,1.3278,1.0555
1791257484.3272,O,,,,-2.44568,1.3256,1.0536
1791257484.3280,O,,,,-2.44701,1.3234,1.0518
1791257484.3287,O,,,,-2.44701,1.3209,1.0497
1791257484.3474,R,B,,-68,,,
1791257484.3659,R,C,,-59,,,
1791257484.4094,O,,,,-2.44701,1.3189,1.0480
1791257484.4108,O,,,,-2.44568,1.3166,1.0462
1791257484.4121,O,,,,-2.44568,1.3146,1.0445
1791257484.4133,O,,,,-2.44701,1.3124,1.0426
1791257484.3735,R,B,,-70,,,
1791257484.3823,R,A,,-79,,,
1791257484.4286,R,C,,-64,,,
1791257484.4328,R,A,,-64,,,
1791257484.4482,R,B,,-64,,,
1791257484.4495,R,C,,-64,,,
1791257484.4497,R,A,,-60,,,
1791257484.4507,R,B,,-62,,,
1791257484.4786,O,,,,-2.44701,1.3103,1.0409
1791257484.4799,O,,,,-2.44568,1.3085,1.0394
1791257484.4812,O,,,,-2.44568,1.3065,1.0377
1791257484.5003,R,B,,-63,,,
1791257484.5033,R,C,,-62,,,
1791257484.5510,O,,,,-2.44568,1.3049,1.0363
1791257484.5519,O,,,,-2.44568,1.3028,1.0346
1791257484.5528,O,,,,-2.44568,1.3012,1.0333
1791257484.5536,O,,,,-2.44568,1.2996,1.0319
1791257484.5324,R,A,,-59,,,
1791257484.5476,R,C,,-67,,,
1791257484.5477,R,B,,-72,,,
1791257484.5488,R,A,,-63,,,
1791257484.5784,R,C,,-65,,,
1791257484.5825,R,A,,-63,,,
1791257484.6002,R,B,,-64,,,
1791257484.6311,O,,,,-2.44568,1.2980,1.0306
1791257484.6325,O,,,,-2.44436,1.2961,1.0290
1791257484.6337,O,,,,-2.44436,1.2945,1.0277
1791257484.6349,O,,,,-2.44436,1.2929,1.0263
1791257484.6244,R,B,,-62,,,
1791257484.7112,O,,,,-2.44436,1.2913,1.0250
1791257484.7121,O,,,,-2.44436,1.2896,1.0236
1791257484.7129,O,,,,-2.44568,1.2878,1.0221
1791257484.7136,O,,,,-2.44568,1.2862,1.0207
1791257484.6701,R,B,,-67,,,
1791257484.6715,R,C,,-64,,,
1791257484.6718,R,A,,-63,,,
1791257484.7202,R,C,,-73,,,
1791257484.7325,R,A,,-71,,,
1791257484.7503,R,B,,-66,,,
1791257484.7616,R,A,,-63,,,
1791257484.7619,R,C,,-60,,,
1791257484.7620,R,B,,-61,,,
1791257484.7862,O,,,,-2.44436,1.2843,1.0192
1791257484.7875,O,,,,-2.44568,1.2825,1.0176
1791257484.7883,O,,,,-2.44436,1.2807,1.0161
1791257484.7891,O,,,,-2.44568,1.2789,1.0146
1791257484.8147,R,C,,-62,,,
1791257484.8150,R,A,,-64,,,
1791257484.8660,O,,,,-2.44568,1.2768,1.0129
1791257484.8670,O,,,,-2.44568,1.2748,1.0112
1791257484.8681,O,,,,-2.44436,1.2726,1.0093
1791257484.8691,O,,,,-2.44436,1.2705,1.0076
1791257484.8235,R,B,,-69,,,
1791257484.8674,R,A,,-75,,,
1791257484.8786,R,C,,-65,,,
1791257484.9009,R,C,,-70,,,
1791257484.9085,R,A,,-70,,,
1791257484.9362,O,,,,-2.44568,1.2683,1.0058
1791257484.9375,O,,,,-2.44568,1.2663,1.0041
1791257484.9392,O,,,,-2.44568,1.2638,1.0020
1791257485.0157,O,,,,-2.44568,1.2614,1.0000
1791257485.0171,O,,,,-2.44701,1.2592,0.9981
1791257485.0184,O,,,,-2.44568,1.2565,0.9959
1791257485.0196,O,,,,-2.44568,1.2541,0.9939
1791257484.9749,R,C,,-63,,,
1791257484.9825,R,A,,-66,,,
1791257485.0004,R,B,,-64,,,
1791257485.0289,R,C,,-72,,,
1791257485.0330,R,A,,-61,,,
1791257485.0509,R,B,,-61,,,
1791257485.0909,O,,,,-2.44701,1.2514,0.9917
1791257485.0918,O,,,,-2.44568,1.2488,0.9895
1791257485.0926,O,,,,-2.44701,1.2462,0.9873
1791257485.0934,O,,,,-2.44701,1.2433,0.9849
1791257485.0743,R,A,,-62,,,
1791257485.0793,R,C,,-66,,,
1791257485.0860,R,B,,-64,,,
1791257485.1293,R,C,,-65,,,
1791257485.1313,R,A,,-61,,,
1791257485.1341,R,A,,-65,,,
1791257485.1503,R,B,,-83,,,
1791257485.1713,O,,,,-2.44568,1.2407,0.9827
1791257485.1726,O,,,,-2.44701,1.2380,0.9805
1791257485.1738,O,,,,-2.44701,1.2352,0.9781
1791257485.1749,O,,,,-2.44701,1.2327,0.9761
1791257485.1738,R,C,,-67,,,
1791257485.1744,R,A,,-78,,,
1791257485.2009,R,B,,-74,,,
1791257485.2462,O,,,,-2.44701,1.2299,0.9737
1791257485.2475,O,,,,-2.44701,1.2270,0.9713
1791257485.2488,O,,,,-2.44833,1.2240,0.9688
1791257485.2498,O,,,,-2.44965,1.2209,0.9663
1791257485.2262,R,B,,-72,,,
1791257485.2292,R,C,,-67,,,
1791257485.2326,R,A,,-71,,,
1791257485.2793,R,B,,-72,,,
1791257485.2796,R,C,,-62,,,
1791257485.2830,R,A,,-84,,,
1791257485.3139,R,C,,-67,,,
1791257485.3141,R,A,,-74,,,
1791257485.3262,O,,,,-2.45098,1.2179,0.9637
1791257485.3276,O,,,,-2.45363,1.2146,0.9610
1791257485.3289,O,,,,-2.45495,1.2115,0.9585
1791257485.3301,O,,,,-2.45760,1.2083,0.9558
1791257485.3524,R,B,,-65,,,
1791257485.3960,O,,,,-2.45892,1.2052,0.9533
1791257485.3970,O,,,,-2.46157,1.2019,0.9507
1791257485.3980,O,,,,-2.46289,1.1988,0.9482
1791257485.3826,R,A,,-62,,,
1791257485.3853,R,B,,-68,,,
1791257485.4054,R,C,,-80,,,
1791257485.4331,R,A,,-68,,,
1791257485.4497,R,C,,-75,,,
1791257485.4505,R,B,,-65,,,
1791257485.4507,R,A,,-64,,,
1791257485.4710,O,,,,-2.46554,1.1955,0.9455
1791257485.4719,O,,,,-2.46819,1.1922,0.9429
1791257485.4732,O,,,,-2.46951,1.1891,0.9404
1791257485.4744,O,,,,-2.47216,1.1858,0.9378
1791257485.4937,R,C,,-81,,,
1791257485.4940,R,A,,-57,,,
1791257485.4977,R,B,,-63,,,
1791257485.5516,O,,,,-2.47613,1.1826,0.9353
1791257485.5529,O,,,,-2.47878,1.1793,0.9327
1791257485.5542,O,,,,-2.48010,1.1762,0.9302
1791257485.5554,O,,,,-2.48275,1.1728,0.9276
1791257485.5368,R,B,,-68,,,
1791257485.5775,R,C,,-66,,,
1791257485.5777,R,A,,-69,,,
1791257485.5802,R,C,,-67,,,
1791257485.5804,R,A,,-68,,,
1791257485.5923,R,B,,-65,,,
1791257485.6311,O,,,,-2.48539,1.1695,0.9251
1791257485.6321,O,,,,-2.48672,1.1663,0.9226
1791257485.6329,O,,,,-2.48936,1.1630,0.9201
1791257485.6337,O,,,,-2.49201,1.1596,0.9175
1791257485.6234,R,A,,-60,,,
1791257485.6292,R,C,,-67,,,
1791257485.6507,R,B,,-63,,,
1791257485.7060,O,,,,-2.49466,1.1562,0.9149
1791257485.7069,O,,,,-2.49731,1.1533,0.9127
1791257485.7077,O,,,,-2.49995,1.1499,0.9102
1791257485.7085,O,,,,-2.50260,1.1465,0.9076
1791257485.6795,R,C,,-75,,,
1791257485.6828,R,A,,-59,,,
1791257485.7011,R,B,,-63,,,
1791257485.7138,R,C,,-65,,,
1791257485.7148,R,A,,-62,,,
1791257485.7148,R,B,,-63,,,
1791257485.7673,R,B,,-63,,,
1791257485.7862,O,,,,-2.50392,1.1433,0.9053
1791257485.7876,O,,,,-2.50657,1.1399,0.9028
1791257485.7890,O,,,,-2.50790,1.1367,0.9004
1791257485.7902,O,,,,-2.50790,1.1333,0.8979
1791257485.7788,R,C,,-64,,,
1791257485.7831,R,A,,-60,,,
1791257485.8023,R,C,,-65,,,
1791257485.8610,O,,,,-2.50922,1.1301,0.8955
1791257485.8621,O,,,,-2.51054,1.1269,0.8932
1791257485.8629,O,,,,-2.51187,1.1232,0.8905
1791257485.8637,O,,,,-2.51187,1.1202,0.8884
1791257485.8334,R,A,,-59,,,
1791257485.8506,R,B,,-61,,,
1791257485.8795,R,C,,-67,,,
1791257485.8832,R,A,,-57,,,
1791257485.9001,R,B,,-66,,,
1791257485.9028,R,A,,-62,,,
1791257485.9030,R,C,,-68,,,
1791257485.9317,O,,,,-2.51187,1.1168,0.8859
1791257485.9326,O,,,,-2.51187,1.1134,0.8834
1791257485.9334,O,,,,-2.51187,1.1100,0.8809
1791257485.9512,R,B,,-61,,,
1791257485.9573,R,A,,-58,,,
1791257486.0132,O,,,,-2.51319,1.1067,0.8785
1791257486.0142,O,,,,-2.51319,1.1033,0.8761
1791257486.0149,O,,,,-2.51187,1.1001,0.8737
1791257486.0157,O,,,,-2.51319,1.0969,0.8714
1791257485.9791,R,C,,-65,,,
1791257485.9897,R,A,,-56,,,
1791257486.0012,R,B,,-58,,,
1791257486.0027,R,C,,-62,,,
1791257486.0306,R,B,,-67,,,
1791257486.0337,R,A,,-56,,,
1791257486.0861,O,,,,-2.51319,1.0935,0.8689
1791257486.0875,O,,,,-2.51319,1.0900,0.8664
1791257486.0890,O,,,,-2.51187,1.0868,0.8641
1791257486.0902,O,,,,-2.51187,1.0834,0.8616
1791257486.0781,R,C,,-63,,,
1791257486.0833,R,A,,-61,,,
1791257486.1007,R,B,,-62,,,
1791257486.1665,O,,,,-2.51187,1.0800,0.8591
1791257486.1675,O,,,,-2.51187,1.0766,0.8566
1791257486.1684,O,,,,-2.51319,1.0734,0.8542
1791257486.1691,O,,,,-2.51319,1.0699,0.8518
1791257486.1269,R,A,,-57,,,
1791257486.1293,R,C,,-63,,,
1791257486.1515,R,B,,-60,,,
1791257486.1797,R,C,,-64,,,
1791257486.1830,R,A,,-56,,,
1791257486.2014,R,B,,-64,,,
1791257486.2152,R,A,,-57,,,
1791257486.2164,R,C,,-62,,,
1791257486.2175,R,B,,-63,,,
1791257486.2461,O,,,,-2.51319,1.0665,0.8493
1791257486.2474,O,,,,-2.51319,1.0631,0.8468
1791257486.2486,O,,,,-2.51319,1.0596,0.8443
1791257486.2497,O,,,,-2.51187,1.0564,0.8420
1791257486.2678,R,B,,-61,,,
1791257486.3054,R,C,,-61,,,
1791257486.3211,O,,,,-2.51319,1.0532,0.8396
1791257486.3221,O,,,,-2.51319,1.0498,0.8371
1791257486.3230,O,,,,-2.51319,1.0464,0.8346
1791257486.3238,O,,,,-2.51451,1.0432,0.8323
1791257486.3209,R,A,,-60,,,
1791257486.3475,R,B,,-63,,,
1791257486.3910,O,,,,-2.51319,1.0399,0.8300
1791257486.3920,O,,,,-2.51319,1.0365,0.8275
1791257486.3928,O,,,,-2.51451,1.0333,0.8251
1791257486.3791,R,C,,-63,,,
1791257486.3832,R,A,,-60,,,
1791257486.4008,R,B,,-60,,,
1791257486.4240,R,C,,-61,,,
1791257486.4243,R,A,,-60,,,
1791257486.4492,R,B,,-59,,,
1791257486.4796,O,,,,-2.51319,1.0301,0.8228
1791257486.4806,O,,,,-2.51319,1.0267,0.8203
1791257486.4815,O,,,,-2.51319,1.0237,0.8181
1791257486.4823,O,,,,-2.51319,1.0202,0.8157
1791257486.4797,R,C,,-58,,,
1791257486.4832,R,A,,-62,,,
1791257486.5011,R,B,,-61,,,
1791257486.5472,O,,,,-2.51319,1.0172,0.8135
1791257486.5482,O,,,,-2.51319,1.0142,0.8113
1791257486.5491,O,,,,-2.51451,1.0110,0.8090
1791257486.5498,O,,,,-2.51451,1.0080,0.8068
1791257486.5299,R,C,,-64,,,
1791257486.5325,R,A,,-61,,,
1791257486.5378,R,C,,-63,,,
1791257486.5379,R,B,,-60,,,
1791257486.5818,R,A,,-57,,,
1791257486.5847,R,A,,-56,,,
1791257486.6009,R,B,,-57,,,
1791257486.6259,O,,,,-2.51319,1.0052,0.8048
1791257486.6272,O,,,,-2.51319,1.0022,0.8026
1791257486.6281,O,,,,-2.51319,0.9992,0.8004
1791257486.6288,O,,,,-2.51319,0.9967,0.7985
1791257486.6293,R,C,,-59,,,
1791257486.6301,R,B,,-61,,,
1791257486.6341,R,A,,-59,,,
1791257486.7063,O,,,,-2.51319,0.9937,0.7964
1791257486.7073,O,,,,-2.51319,0.9907,0.7942
1791257486.7082,O,,,,-2.51319,0.9881,0.7923
1791257486.7091,O,,,,-2.51319,0.9855,0.7905
1791257486.6764,R,C,,-66,,,
1791257486.6769,R,A,,-60,,,
1791257486.6966,R,B,,-62,,,
1791257486.7210,R,C,,-62,,,
1791257486.7333,R,A,,-58,,,
1791257486.7517,R,B,,-60,,,
1791257486.7809,O,,,,-2.51319,0.9830,0.7886
1791257486.7818,O,,,,-2.51319,0.9804,0.7867
1791257486.7827,O,,,,-2.51319,0.9778,0.7849
1791257486.7834,O,,,,-2.51319,0.9757,0.7833
1791257486.7799,R,C,,-57,,,
1791257486.7837,R,A,,-60,,,
1791257486.8015,R,B,,-65,,,
1791257486.8078,R,A,,-61,,,
1791257486.8094,R,C,,-64,,,
1791257486.8611,O,,,,-2.51319,0.9731,0.7814
1791257486.8620,O,,,,-2.51187,0.9708,0.7797
1791257486.8628,O,,,,-2.51187,0.9686,0.7782
1791257486.8635,O,,,,-2.51187,0.9665,0.7766
1791257486.8439,R,B,,-63,,,
1791257486.8477,R,C,,-65,,,
1791257486.8489,R,A,,-62,,,
1791257486.9001,R,B,,-61,,,
1791257486.9310,O,,,,-2.51187,0.9643,0.7750
1791257486.9319,O,,,,-2.51187,0.9622,0.7735
1791257486.9333,O,,,,-2.51187,0.9601,0.7719
1791257486.9293,R,C,,-62,,,
1791257486.9301,R,A,,-59,,,
1791257486.9329,R,A,,-62,,,
1791257486.9517,R,B,,-73,,,
1791257487.0105,O,,,,-2.51187,0.9579,0.7704
1791257487.0116,O,,,,-2.51054,0.9560,0.7690
1791257487.0125,O,,,,-2.51187,0.9541,0.7676
1791257487.0132,O,,,,-2.51054,0.9522,0.7661
1791257486.9729,R,C,,-78,,,
1791257486.9734,R,B,,-67,,,
1791257486.9834,R,A,,-65,,,
1791257487.0296,R,C,,-66,,,
1791257487.0338,R,A,,-67,,,
1791257487.0513,R,B,,-61,,,
1791257487.0611,R,B,,-66,,,
1791257487.0624,R,C,,-59,,,
1791257487.0627,R,A,,-70,,,
1791257487.0859,O,,,,-2.51054,0.9504,0.7649
1791257487.0867,O,,,,-2.51054,0.9487,0.7636
1791257487.0878,O,,,,-2.51054,0.9470,0.7624
1791257487.0888,O,,,,-2.51054,0.9453,0.7611
1791257487.1660,O,,,,-2.51054,0.9436,0.7599
1791257487.1671,O,,,,-2.51054,0.9419,0.7586
1791257487.1680,O,,,,-2.51054,0.9402,0.7574
1791257487.1688,O,,,,-2.51054,0.9385,0.7562
1791257487.1295,R,C,,-73,,,
1791257487.1331,R,A,,-67,,,
1791257487.1512,R,B,,-67,,,
1791257487.1652,R,A,,-66,,,
1791257487.1801,R,C,,-66,,,
1791257487.2018,R,B,,-68,,,
1791257487.2413,O,,,,-2.51187,0.9365,0.7547
1791257487.2427,O,,,,-2.51054,0.9346,0.7533
1791257487.2435,O,,,,-2.51054,0.9325,0.7518
1791257487.2443,O,,,,-2.51054,0.9308,0.7505
1791257487.2302,R,C,,-64,,,
1791257487.2336,R,A,,-71,,,
1791257487.2408,R,B,,-71,,,
1791257487.2705,R,C,,-69,,,
1791257487.2707,R,A,,-76,,,
1791257487.2875,R,B,,-62,,,
1791257487.2956,R,A,,-70,,,
1791257487.2958,R,C,,-65,,,
1791257487.3223,O,,,,-2.51054,0.9286,0.7490
1791257487.3235,O,,,,-2.51054,0.9265,0.7474
1791257487.3247,O,,,,-2.51187,0.9241,0.7457
1791257487.3257,O,,,,-2.51054,0.9218,0.7440
1791257487.3306,R,C,,-64,,,
1791257487.3343,R,A,,-63,,,
1791257487.3513,R,B,,-60,,,
1791257487.3910,O,,,,-2.51054,0.9197,0.7424
1791257487.3920,O,,,,-2.51054,0.9175,0.7408
1791257487.3927,O,,,,-2.51054,0.9154,0.7393
1791257487.3742,R,B,,-59,,,
1791257487.3762,R,A,,-57,,,
1791257487.3795,R,C,,-63,,,
1791257487.4660,O,,,,-2.51054,0.9132,0.7377
1791257487.4669,O,,,,-2.51187,0.9109,0.7360
1791257487.4682,O,,,,-2.51054,0.9085,0.7343
1791257487.4690,O,,,,-2.51054,0.9064,0.7327
1791257487.4304,R,C,,-75,,,
1791257487.4339,R,A,,-60,,,
1791257487.4374,R,B,,-58,,,
1791257487.4739,R,A,,-61,,,
1791257487.4746,R,B,,-64,,,
1791257487.5447,O,,,,-2.51054,0.9038,0.7309
1791257487.5457,O,,,,-2.51187,0.9011,0.7288
1791257487.5464,O,,,,-2.51187,0.8985,0.7270
1791257487.5472,O,,,,-2.51054,0.8957,0.7249
1791257487.5302,R,C,,-77,,,
1791257487.5335,R,A,,-68,,,
1791257487.5513,R,B,,-66,,,
1791257487.5648,R,A,,-63,,,
1791257487.5802,R,C,,-73,,,
1791257487.6018,R,B,,-60,,,
1791257487.6023,R,C,,-68,,,
1791257487.6173,R,A,,-59,,,
1791257487.6264,O,,,,-2.51187,0.8929,0.7229
1791257487.6276,O,,,,-2.51054,0.8902,0.7209
1791257487.6284,O,,,,-2.51187,0.8874,0.7188
1791257487.6292,O,,,,-2.51054,0.8846,0.7168
1791257487.6458,R,C,,-66,,,
1791257487.6459,R,B,,-57,,,
1791257487.6461,R,A,,-66,,,
1791257487.7012,O,,,,-2.51187,0.8818,0.7148
1791257487.7021,O,,,,-2.51187,0.8788,0.7126
1791257487.7030,O,,,,-2.51187,0.8758,0.7104
1791257487.7038,O,,,,-2.51187,0.8728,0.7082
1791257487.6913,R,C,,-69,,,
1791257487.6914,R,B,,-70,,,
1791257487.6917,R,A,,-66,,,
1791257487.7514,R,B,,-65,,,
1791257487.7548,R,A,,-63,,,
1791257487.7809,O,,,,-2.51187,0.8698,0.7061
1791257487.7819,O,,,,-2.51187,0.8668,0.7039
1791257487.7827,O,,,,-2.51319,0.8636,0.7015
1791257487.7835,O,,,,-2.51451,0.8604,0.6992
1791257487.7797,R,C,,-67,,,
1791257487.7839,R,A,,-60,,,
1791257487.7851,R,B,,-62,,,
1791257487.8019,R,C,,-72,,,
1791257487.8560,O,,,,-2.51584,0.8572,0.6969
1791257487.8570,O,,,,-2.51716,0.8540,0.6946
1791257487.8578,O,,,,-2.51981,0.8505,0.6921
1791257487.8586,O,,,,-2.52113,0.8473,0.6898
1791257487.8303,R,C,,-66,,,
1791257487.8342,R,A,,-62,,,
1791257487.8515,R,B,,-63,,,
1791257487.8804,R,C,,-68,,,
1791257487.8845,R,A,,-59,,,
1791257487.9009,R,B,,-65,,,
1791257487.9146,R,C,,-63,,,
1791257487.9261,O,,,,-2.52378,0.8439,0.6873
1791257487.9271,O,,,,-2.52643,0.8404,0.6849
1791257487.9279,O,,,,-2.52775,0.8372,0.6826
1791257487.9338,R,A,,-59,,,
1791257487.9524,R,B,,-67,,,
1791257487.9600,R,B,,-70,,,
1791257488.0124,O,,,,-2.53040,0.8337,0.6801
1791257488.0133,O,,,,-2.53172,0.8304,0.6779
1791257488.0143,O,,,,-2.53437,0.8270,0.6754
1791257488.0151,O,,,,-2.53702,0.8235,0.6730
1791257487.9798,R,C,,-64,,,
1791257487.9842,R,A,,-60,,,
1791257488.0016,R,B,,-71,,,
1791257488.0171,R,C,,-68,,,
1791257488.0174,R,A,,-64,,,
1791257488.0463,R,B,,-64,,,
1791257488.0867,O,,,,-2.53834,0.8202,0.6708
1791257488.0877,O,,,,-2.54099,0.8167,0.6684
1791257488.0905,O,,,,-2.54363,0.8132,0.6660
1791257488.0915,O,,,,-2.54628,0.8102,0.6639
1791257488.0798,R,C,,-63,,,
1791257488.0837,R,A,,-60,,,
1791257488.1018,R,B,,-66,,,
1791257488.1610,O,,,,-2.54893,0.8066,0.6615
1791257488.1619,O,,,,-2.55158,0.8031,0.6592
1791257488.1627,O,,,,-2.55290,0.7998,0.6570
1791257488.1635,O,,,,-2.55555,0.7963,0.6546
1791257488.1265,R,A,,-61,,,
1791257488.1267,R,C,,-63,,,
1791257488.1309,R,B,,-65,,,
1791257488.1335,R,A,,-61,,,
1791257488.1715,R,C,,-67,,,
1791257488.1720,R,A,,-59,,,
1791257488.1832,R,B,,-65,,,
1791257488.2415,O,,,,-2.55819,0.7928,0.6523
1791257488.2433,O,,,,-2.55952,0.7895,0.6501
1791257488.2446,O,,,,-2.56349,0.7861,0.6479
1791257488.2455,O,,,,-2.56614,0.7826,0.6456
1791257488.2299,R,C,,-68,,,
1791257488.2341,R,A,,-58,,,
1791257488.2345,R,B,,-64,,,
1791257488.2633,R,B,,-64,,,
1791257488.2636,R,C,,-62,,,
1791257488.2843,R,A,,-58,,,
1791257488.3063,R,C,,-82,,,
1791257488.3066,R,A,,-59,,,
1791257488.3067,R,B,,-64,,,
1791257488.3209,O,,,,-2.56878,0.7790,0.6433
1791257488.3217,O,,,,-2.57011,0.7757,0.6412
1791257488.3226,O,,,,-2.57275,0.7721,0.6389
1791257488.3234,O,,,,-2.57540,0.7685,0.6366
1791257488.3504,R,B,,-63,,,
1791257488.3506,R,A,,-57,,,
1791257488.3508,R,C,,-70,,,
1791257488.3859,O,,,,-2.57805,0.7650,0.6343
1791257488.3869,O,,,,-2.57937,0.7616,0.6322
1791257488.3877,O,,,,-2.58202,0.7580,0.6300
1791257488.4017,R,B,,-62,,,
1791257488.4660,O,,,,-2.58467,0.7544,0.6277
1791257488.4672,O,,,,-2.58732,0.7513,0.6258
1791257488.4680,O,,,,-2.58996,0.7477,0.6235
1791257488.4687,O,,,,-2.59261,0.7441,0.6213
1791257488.4235,R,C,,-63,,,
1791257488.4236,R,A,,-58,,,
1791257488.4471,R,C,,-70,,,
1791257488.4475,R,A,,-63,,,
1791257488.4521,R,B,,-65,,,
1791257488.4812,R,A,,-66,,,
1791257488.4816,R,B,,-64,,,
1791257488.5476,O,,,,-2.59526,0.7405,0.6191
1791257488.5490,O,,,,-2.59658,0.7371,0.6170
1791257488.5503,O,,,,-2.59923,0.7334,0.6149
1791257488.5515,O,,,,-2.60188,0.7298,0.6127
1791257488.5299,R,C,,-72,,,
1791257488.5340,R,A,,-62,,,
1791257488.5513,R,B,,-63,,,
1791257488.5714,R,A,,-62,,,
1791257488.5715,R,C,,-66,,,
1791257488.5717,R,B,,-63,,,
1791257488.6214,O,,,,-2.60320,0.7264,0.6106
1791257488.6223,O,,,,-2.60585,0.7228,0.6085
1791257488.6232,O,,,,-2.60849,0.7191,0.6063
1791257488.6239,O,,,,-2.61246,0.7157,0.6043
1791257488.6300,R,C,,-66,,,
1791257488.6348,R,A,,-62,,,
1791257488.6634,R,A,,-57,,,
1791257488.6636,R,C,,-67,,,
1791257488.7015,O,,,,-2.61379,0.7123,0.6023
1791257488.7025,O,,,,-2.61644,0.7086,0.6002
1791257488.7034,O,,,,-2.61908,0.7049,0.5981
1791257488.7042,O,,,,-2.62041,0.7015,0.5961
1791257488.6949,R,B,,-61,,,
1791257488.7302,R,B,,-64,,,
1791257488.7304,R,C,,-62,,,
1791257488.7318,R,A,,-57,,,
1791257488.7525,R,B,,-63,,,
1791257488.7550,R,A,,-56,,,
1791257488.7551,R,C,,-66,,,
1791257488.7762,O,,,,-2.62305,0.6978,0.5940
1791257488.7772,O,,,,-2.62570,0.6941,0.5919
1791257488.7780,O,,,,-2.62835,0.6904,0.5898
1791257488.7788,O,,,,-2.62967,0.6870,0.5878
1791257488.8000,R,A,,-55,,,
1791257488.8022,R,B,,-62,,,
1791257488.8561,O,,,,-2.63364,0.6835,0.5859
1791257488.8574,O,,,,-2.63629,0.6798,0.5838
1791257488.8582,O,,,,-2.63894,0.6761,0.5818
1791257488.8589,O,,,,-2.64026,0.6726,0.5799
1791257488.8302,R,C,,-63,,,
1791257488.8522,R,B,,-58,,,
1791257488.8807,R,C,,-64,,,
1791257488.8847,R,A,,-54,,,
1791257488.8906,R,B,,-64,,,
1791257488.9260,O,,,,-2.64291,0.6689,0.5779
1791257488.9270,O,,,,-2.64423,0.6654,0.5760
1791257488.9278,O,,,,-2.64423,0.6617,0.5739
1791257488.9307,R,C,,-62,,,
1791257488.9345,R,A,,-56,,,
1791257488.9525,R,B,,-63,,,
1791257488.9643,R,C,,-62,,,
1791257489.0016,O,,,,-2.64556,0.6582,0.5721
1791257489.0028,O,,,,-2.64556,0.6545,0.5700
1791257489.0035,O,,,,-2.64688,0.6510,0.5681
1791257489.0042,O,,,,-2.64688,0.6473,0.5661
1791257488.9848,R,A,,-55,,,
1791257489.0024,R,B,,-63,,,
1791257489.0258,R,C,,-72,,,
1791257489.0281,R,A,,-56,,,
1791257489.0285,R,C,,-70,,,
1791257489.0525,R,B,,-74,,,
1791257489.0801,O,,,,-2.64688,0.6435,0.5641
1791257489.0811,O,,,,-2.64688,0.6398,0.5621
1791257489.0819,O,,,,-2.64820,0.6363,0.5602
1791257489.0827,O,,,,-2.64820,0.6326,0.5582
1791257489.0731,R,C,,-60,,,
1791257489.0733,R,A,,-56,,,
1791257489.0738,R,B,,-70,,,
1791257489.1615,O,,,,-2.64820,0.6288,0.5562
1791257489.1625,O,,,,-2.64953,0.6253,0.5543
1791257489.1633,O,,,,-2.64820,0.6218,0.5525
1791257489.1641,O,,,,-2.64820,0.6181,0.5505
1791257489.1302,R,C,,-67,,,
1791257489.1332,R,A,,-56,,,
1791257489.1519,R,B,,-69,,,
1791257489.1773,R,B,,-69,,,
1791257489.1780,R,C,,-69,,,
1791257489.1789,R,A,,-57,,,
1791257489.2122,R,A,,-56,,,
1791257489.2360,O,,,,-2.64820,0.6144,0.5485
1791257489.2369,O,,,,-2.64688,0.6109,0.5466
1791257489.2377,O,,,,-2.64820,0.6074,0.5447
1791257489.2385,O,,,,-2.64820,0.6037,0.5427
1791257489.2303,R,C,,-63,,,
1791257489.2522,R,B,,-73,,,
1791257489.3159,O,,,,-2.64820,0.5999,0.5407
1791257489.3169,O,,,,-2.64688,0.5964,0.5388
1791257489.3177,O,,,,-2.64820,0.5929,0.5369
1791257489.3186,O,,,,-2.64820,0.5892,0.5349
1791257489.2777,R,A,,-57,,,
1791257489.2780,R,C,,-74,,,
1791257489.2782,R,B,,-67,,,
1791257489.3095,R,C,,-78,,,
1791257489.3096,R,A,,-58,,,
1791257489.3521,R,B,,-75,,,
1791257489.3669,R,A,,-58,,,
1791257489.3859,O,,,,-2.64820,0.5855,0.5329
1791257489.3869,O,,,,-2.64688,0.5820,0.5310
1791257489.3877,O,,,,-2.64820,0.5785,0.5291
1791257489.3775,R,C,,-78,,,
1791257489.4054,R,A,,-57,,,
1791257489.4610,O,,,,-2.64688,0.5750,0.5272
1791257489.4619,O,,,,-2.64688,0.5717,0.5255
1791257489.4631,O,,,,-2.64820,0.5682,0.5236
1791257489.4641,O,,,,-2.64820,0.5650,0.5218
1791257489.4281,R,C,,-72,,,
1791257489.4527,R,B,,-69,,,
1791257489.4803,R,C,,-68,,,
1791257489.4826,R,A,,-60,,,
1791257489.4895,R,B,,-68,,,
1791257489.5432,O,,,,-2.64688,0.5619,0.5202
1791257489.5443,O,,,,-2.64688,0.5587,0.5185
1791257489.5454,O,,,,-2.64820,0.5556,0.5168
1791257489.5463,O,,,,-2.64820,0.5528,0.5153
1791257489.5310,R,C,,-74,,,
1791257489.5344,R,A,,-57,,,
1791257489.5837,R,A,,-57,,,
1791257489.5883,R,B,,-68,,,
1791257489.5884,R,C,,-65,,,
1791257489.6213,O,,,,-2.64820,0.5500,0.5138
1791257489.6222,O,,,,-2.64820,0.5473,0.5123
1791257489.6231,O,,,,-2.64688,0.5447,0.5109
1791257489.6238,O,,,,-2.64820,0.5421,0.5095
1791257489.6296,R,C,,-67,,,
1791257489.6312,R,A,,-61,,,
1791257489.6429,R,B,,-67,,,
1791257489.6965,O,,,,-2.64820,0.5398,0.5083
1791257489.6977,O,,,,-2.64688,0.5372,0.5069
1791257489.6985,O,,,,-2.64688,0.5349,0.5057
1791257489.6993,O,,,,-2.64688,0.5326,0.5044
1791257489.6812,R,C,,-73,,,
1791257489.6849,R,A,,-83,,,
1791257489.6875,R,B,,-66,,,
1791257489.7147,R,C,,-69,,,
1791257489.7149,R,A,,-61,,,
1791257489.7337,R,B,,-67,,,
1791257489.7759,O,,,,-2.64820,0.5300,0.5030
1791257489.7772,O,,,,-2.64688,0.5274,0.5016
1791257489.7781,O,,,,-2.64688,0.5251,0.5004
1791257489.7788,O,,,,-2.64688,0.5228,0.4991
1791257489.7722,R,B,,-83,,,
1791257489.7739,R,C,,-70,,,
1791257489.7742,R,A,,-63,,,
1791257489.8111,R,A,,-59,,,
1791257489.8113,R,C,,-81,,,
1791257489.8461,O,,,,-2.64688,0.5205,0.4979
1791257489.8470,O,,,,-2.64688,0.5181,0.4966
1791257489.8478,O,,,,-2.64688,0.5158,0.4954
1791257489.8486,O,,,,-2.64688,0.5139,0.4943
1791257489.8254,R,B,,-67,,,
1791257489.8805,R,C,,-66,,,
1791257489.8844,R,A,,-62,,,
1791257489.9012,R,B,,-71,,,
1791257489.9013,R,C,,-74,,,
1791257489.9021,R,A,,-63,,,
1791257489.9210,O,,,,-2.64688,0.5116,0.4931
1791257489.9219,O,,,,-2.64688,0.5097,0.4921
1791257489.9227,O,,,,-2.64556,0.5076,0.4910
1791257489.9530,R,B,,-77,,,
1791257489.9608,R,A,,-58,,,
1791257490.0011,O,,,,-2.64688,0.5055,0.4898
1791257490.0022,O,,,,-2.64688,0.5037,0.4888
1791257490.0031,O,,,,-2.64688,0.5018,0.4878
1791257490.0038,O,,,,-2.64688,0.4999,0.4868
1791257489.9806,R,C,,-68,,,
1791257489.9972,R,B,,-74,,,
1791257490.0015,R,C,,-64,,,
1791257490.0017,R,A,,-57,,,
1791257490.0437,R,C,,-80,,,
1791257490.0438,R,B,,-69,,,
1791257490.0777,O,,,,-2.64556,0.4979,0.4857
1791257490.0791,O,,,,-2.64556,0.4960,0.4847
1791257490.0803,O,,,,-2.64556,0.4941,0.4837
1791257490.0814,O,,,,-2.64556,0.4927,0.4829
1791257490.0846,R,A,,-61,,,
1791257490.0961,R,B,,-72,,,
1791257490.1564,O,,,,-2.64556,0.4909,0.4819
1791257490.1578,O,,,,-2.64556,0.4895,0.4811
1791257490.1590,O,,,,-2.64556,0.4876,0.4801
1791257490.1607,O,,,,-2.64556,0.4862,0.4794
1791257490.1306,R,C,,-65,,,
1791257490.1310,R,B,,-67,,,
1791257490.1342,R,A,,-57,,,
1791257490.1813,R,C,,-66,,,
1791257490.1853,R,A,,-57,,,
1791257490.2033,R,B,,-68,,,
1791257490.2365,O,,,,-2.64556,0.4848,0.4786
1791257490.2379,O,,,,-2.64556,0.4834,0.4779
1791257490.2389,O,,,,-2.64423,0.4823,0.4772
1791257490.2398,O,,,,-2.64556,0.4811,0.4766
1791257490.2262,R,A,,-59,,,
1791257490.2313,R,C,,-72,,,
1791257490.2528,R,B,,-69,,,
1791257490.3202,O,,,,-2.64423,0.4799,0.4760
1791257490.2768,R,B,,-65,,,
1791257490.2777,R,A,,-57,,,
1791257490.2813,R,C,,-67,,,
1791257490.3157,R,B,,-68,,,
1791257490.3176,R,C,,-69,,,
1791257490.3181,R,A,,-59,,,
1791257490.3216,O,,,,-2.64423,0.4790,0.4755
1791257490.3229,O,,,,-2.64423,0.4781,0.4750
1791257490.3237,O,,,,-2.64423,0.4776,0.4747
1791257490.3810,O,,,,-2.64423,0.4767,0.4742
1791257490.3827,O,,,,-2.64423,0.4762,0.4739
1791257490.3838,O,,,,-2.64423,0.4753,0.4734
1791257490.3730,R,B,,-71,,,
1791257490.3739,R,C,,-67,,,
1791257490.3742,R,A,,-64,,,
1791257490.4101,R,C,,-67,,,
1791257490.4617,O,,,,-2.64423,0.4748,0.4732
1791257490.4626,O,,,,-2.64423,0.4743,0.4729
1791257490.4634,O,,,,-2.64423,0.4739,0.4727
1791257490.4642,O,,,,-2.64291,0.4736,0.4726
1791257490.4231,R,B,,-66,,,
1791257490.4232,R,A,,-62,,,
1791257490.4808,R,C,,-73,,,
1791257490.4849,R,A,,-68,,,
1791257490.5410,O,,,,-2.64423,0.4734,0.4724
1791257490.5424,O,,,,-2.64423,0.4734,0.4724
1791257490.5432,O,,,,-2.64291,0.4732,0.4723
1791257490.5439,O,,,,-2.64291,0.4732,0.4723
1791257490.5229,R,C,,-62,,,
1791257490.5230,R,A,,-69,,,
1791257490.5480,R,B,,-65,,,
1791257490.6159,O,,,,-2.64291,0.4732,0.4723
1791257490.6169,O,,,,-2.64291,0.4732,0.4723
1791257490.6177,O,,,,-2.64291,0.4732,0.4723
1791257490.6185,O,,,,-2.64291,0.4732,0.4723
1791257490.5808,R,C,,-66,,,
1791257490.5849,R,A,,-75,,,
1791257490.5910,R,B,,-65,,,
1791257490.6304,R,C,,-70,,,
1791257490.6321,R,A,,-70,,,
1791257490.6387,R,B,,-64,,,
1791257490.6465,R,C,,-61,,,
1791257490.6467,R,A,,-65,,,
1791257490.6963,O,,,,-2.64291,0.4732,0.4723
1791257490.6973,O,,,,-2.64423,0.4734,0.4724
1791257490.6981,O,,,,-2.64423,0.4734,0.4724
1791257490.6988,O,,,,-2.64423,0.4734,0.4724
1791257490.7026,R,B,,-76,,,
1791257490.7243,R,C,,-65,,,
1791257490.7265,R,A,,-62,,,
1791257490.7271,R,C,,-68,,,
1791257490.7339,R,B,,-85,,,
1791257490.7716,O,,,,-2.64423,0.4734,0.4724
1791257490.7729,O,,,,-2.64423,0.4734,0.4724
1791257490.7742,O,,,,-2.64423,0.4734,0.4724
1791257490.7751,O,,,,-2.64423,0.4734,0.4724
1791257490.8026,R,B,,-59,,,
1791257490.8108,R,C,,-64,,,
1791257490.8413,O,,,,-2.64423,0.4734,0.4724
1791257490.8425,O,,,,-2.64423,0.4734,0.4724
1791257490.8435,O,,,,-2.64423,0.4734,0.4724
1791257490.8349,R,A,,-75,,,
1791257490.8369,R,B,,-65,,,
1791257490.8522,R,A,,-67,,,
1791257490.8523,R,B,,-69,,,
1791257490.8555,R,C,,-63,,,
1791257490.9032,R,B,,-65,,,
1791257490.9212,O,,,,-2.64423,0.4734,0.4724
1791257490.9221,O,,,,-2.64423,0.4734,0.4724
1791257490.9232,O,,,,-2.64423,0.4734,0.4724
1791257490.9240,O,,,,-2.64423,0.4734,0.4724
1791257490.9223,R,C,,-62,,,
1791257490.9227,R,A,,-66,,,
1791257490.9395,R,C,,-60,,,
1791257490.9396,R,B,,-81,,,
1791257490.9966,O,,,,-2.64423,0.4734,0.4724
1791257490.9980,O,,,,-2.64423,0.4734,0.4724
1791257490.9992,O,,,,-2.64423,0.4734,0.4724
1791257491.0001,O,,,,-2.64423,0.4734,0.4724
1791257490.9793,R,A,,-68,,,
1791257490.9809,R,C,,-65,,,
1791257491.0028,R,B,,-73,,,
1791257491.0250,R,A,,-66,,,
1791257491.0316,R,C,,-68,,,
1791257491.0422,R,B,,-78,,,
1791257491.0678,R,C,,-71,,,
1791257491.0765,O,,,,-2.64423,0.4734,0.4724
1791257491.0777,O,,,,-2.64423,0.4734,0.4724
1791257491.0784,O,,,,-2.64423,0.4734,0.4724
1791257491.0794,O,,,,-2.64423,0.4734,0.4724
1791257491.0850,R,A,,-67,,,
1791257491.1031,R,B,,-70,,,
1791257491.1563,O,,,,-2.64423,0.4734,0.4724
1791257491.1572,O,,,,-2.64423,0.4734,0.4724
1791257491.1579,O,,,,-2.64423,0.4734,0.4724
1791257491.1587,O,,,,-2.64423,0.4734,0.4724
1791257491.1311,R,C,,-61,,,
1791257491.1345,R,A,,-67,,,
1791257491.1532,R,B,,-69,,,
1791257491.1585,R,A,,-62,,,
1791257491.1587,R,C,,-65,,,
1791257491.2035,R,C,,-64,,,
1791257491.2037,R,B,,-69,,,
1791257491.2309,O,,,,-2.64423,0.4734,0.4724
1791257491.2320,O,,,,-2.64423,0.4734,0.4724
1791257491.2329,O,,,,-2.64423,0.4734,0.4724
1791257491.2337,O,,,,-2.64423,0.4734,0.4724
1791257491.2350,R,A,,-59,,,
1791257491.2505,R,B,,-59,,,
1791257491.2552,R,C,,-77,,,
1791257491.2637,R,A,,-69,,,
1791257491.3177,O,,,,-2.64423,0.4734,0.4724
1791257491.3189,O,,,,-2.64423,0.4734,0.4724
1791257491.3233,O,,,,-2.64423,0.4734,0.4724
1791257491.2975,R,B,,-65,,,
1791257491.3004,R,C,,-63,,,
1791257491.3243,O,,,,-2.64556,0.4732,0.4723
1791257491.3354,R,A,,-60,,,
1791257491.3531,R,B,,-63,,,
1791257491.3634,R,C,,-67,,,
1791257491.3636,R,A,,-49,,,
1791257491.3843,O,,,,-2.64556,0.4732,0.4723
1791257491.3853,O,,,,-2.64688,0.4729,0.4722
1791257491.3862,O,,,,-2.64820,0.4727,0.4721
1791257491.3852,R,A,,-54,,,
1791257491.3854,R,B,,-65,,,
1791257491.4561,O,,,,-2.65085,0.4727,0.4721
1791257491.4571,O,,,,-2.65482,0.4725,0.4719
1791257491.4579,O,,,,-2.65879,0.4722,0.4718
1791257491.4588,O,,,,-2.66276,0.4720,0.4717
1791257491.4266,R,C,,-58,,,
1791257491.4295,R,C,,-63,,,
1791257491.4355,R,A,,-65,,,
1791257491.4666,R,A,,-56,,,
1791257491.4701,R,C,,-57,,,
1791257491.4703,R,B,,-67,,,
1791257491.5440,O,,,,-2.66806,0.4720,0.4717
1791257491.5449,O,,,,-2.67468,0.4718,0.4716
1791257491.5456,O,,,,-2.67997,0.4718,0.4716
1791257491.5464,O,,,,-2.68527,0.4718,0.4716
1791257491.5202,R,A,,-51,,,
1791257491.5312,R,C,,-60,,,
1791257491.5511,R,B,,-64,,,
1791257491.5538,R,B,,-59,,,
1791257491.6162,O,,,,-2.69188,0.4715,0.4714
1791257491.6171,O,,,,-2.69718,0.4715,0.4714
1791257491.6179,O,,,,-2.70247,0.4715,0.4714
1791257491.6186,O,,,,-2.70644,0.4713,0.4713
1791257491.5740,R,C,,-52,,,
1791257491.5742,R,A,,-57,,,
1791257491.5977,R,B,,-68,,,
1791257491.6302,R,C,,-64,,,
1791257491.6351,R,A,,-52,,,
1791257491.6527,R,B,,-65,,,
1791257491.6910,O,,,,-2.71174,0.4713,0.4713
1791257491.6918,O,,,,-2.71703,0.4713,0.4713
1791257491.6926,O,,,,-2.72100,0.4711,0.4712
1791257491.6935,O,,,,-2.72630,0.4711,0.4712
1791257491.6703,R,A,,-52,,,
1791257491.6819,R,C,,-63,,,
1791257491.6852,R,A,,-55,,,
1791257491.7035,R,B,,-66,,,
1791257491.7267,R,C,,-50,,,
1791257491.7294,R,C,,-50,,,
1791257491.7359,R,A,,-54,,,
1791257491.7538,R,B,,-68,,,
1791257491.7715,O,,,,-2.73159,0.4711,0.4712
1791257491.7728,O,,,,-2.73689,0.4711,0.4712
1791257491.7739,O,,,,-2.74483,0.4711,0.4712
1791257491.7750,O,,,,-2.75145,0.4708,0.4711
1791257491.7715,R,C,,-72,,,
1791257491.7854,R,A,,-51,,,
1791257491.8037,R,B,,-66,,,
1791257491.8412,O,,,,-2.75939,0.4708,0.4711
1791257491.8425,O,,,,-2.76866,0.4711,0.4712
1791257491.8443,O,,,,-2.77792,0.4708,0.4711
1791257491.8203,R,C,,-67,,,
1791257491.8357,R,A,,-54,,,
1791257491.8535,R,B,,-65,,,
1791257491.9185,O,,,,-2.78851,0.4708,0.4711
1791257491.9194,O,,,,-2.79910,0.4708,0.4711
1791257491.9203,O,,,,-2.80969,0.4708,0.4711
1791257491.8813,R,C,,-50,,,
1791257491.8857,R,A,,-52,,,
1791257491.8954,R,B,,-68,,,
1791257491.9117,R,C,,-77,,,
1791257491.9119,R,A,,-55,,,
1791257491.9214,O,,,,-2.82028,0.4708,0.4711
1791257491.9535,R,B,,-66,,,
1791257491.9963,O,,,,-2.82954,0.4706,0.4710
1791257491.9972,O,,,,-2.84013,0.4706,0.4710
1791257491.9981,O,,,,-2.84940,0.4708,0.4711
1791257491.9989,O,,,,-2.85999,0.4708,0.4711
1791257491.9823,R,C,,-71,,,
1791257491.9853,R,A,,-54,,,
1791257492.0051,R,C,,-51,,,
1791257492.0060,R,A,,-56,,,
1791257492.0453,R,B,,-67,,,
1791257492.0464,R,C,,-78,,,
1791257492.0582,R,A,,-55,,,
1791257492.0768,O,,,,-2.86925,0.4706,0.4710
1791257492.0778,O,,,,-2.87984,0.4706,0.4710
1791257492.0787,O,,,,-2.89043,0.4706,0.4710
1791257492.0794,O,,,,-2.89970,0.4708,0.4711
1791257492.0886,R,B,,-60,,,
1791257492.1061,R,C,,-64,,,
1791257492.1063,R,A,,-54,,,
1791257492.1514,O,,,,-2.91029,0.4708,0.4711
1791257492.1523,O,,,,-2.91823,0.4708,0.4711
1791257492.1532,O,,,,-2.92617,0.4708,0.4711
1791257492.1542,O,,,,-2.93544,0.4711,0.4712
1791257492.1314,R,B,,-62,,,
1791257492.1315,R,C,,-62,,,
1791257492.1345,R,A,,-54,,,
1791257492.1824,R,C,,-50,,,
1791257492.1859,R,A,,-56,,,
1791257492.2033,R,B,,-67,,,
1791257492.2177,R,B,,-67,,,
1791257492.2179,R,A,,-55,,,
1791257492.2321,O,,,,-2.94338,0.4711,0.4712
1791257492.2333,O,,,,-2.95132,0.4711,0.4712
1791257492.2346,O,,,,-2.95926,0.4711,0.4712
1791257492.2356,O,,,,-2.96720,0.4711,0.4712
1791257492.2321,R,C,,-60,,,
1791257492.3185,O,,,,-2.97515,0.4711,0.4712
1791257492.3199,O,,,,-2.98044,0.4711,0.4712
1791257492.3211,O,,,,-2.98706,0.4708,0.4711
1791257492.2705,R,A,,-70,,,
1791257492.2821,R,C,,-51,,,
1791257492.3035,R,B,,-63,,,
1791257492.3226,O,,,,-2.99368,0.4711,0.4712
1791257492.3321,R,C,,-51,,,
1791257492.3355,R,A,,-51,,,
1791257492.3498,R,B,,-73,,,
1791257492.3762,O,,,,-2.99897,0.4711,0.4712
1791257492.3772,O,,,,-3.00427,0.4711,0.4712
1791257492.3779,O,,,,-3.00956,0.4711,0.4712
1791257492.3747,R,A,,-51,,,
1791257492.3820,R,C,,-69,,,
1791257492.4037,R,B,,-73,,,
1791257492.4169,R,C,,-58,,,
1791257492.4176,R,A,,-59,,,
1791257492.4563,O,,,,-3.01486,0.4711,0.4712
1791257492.4573,O,,,,-3.02015,0.4711,0.4712
1791257492.4581,O,,,,-3.02412,0.4713,0.4712
1791257492.4589,O,,,,-3.02942,0.4713,0.4712
1791257492.4408,R,B,,-73,,,
1791257492.4815,R,C,,-55,,,
1791257492.4859,R,A,,-50,,,
1791257492.5360,O,,,,-3.03206,0.4713,0.4712
1791257492.5370,O,,,,-3.03736,0.4713,0.4712
1791257492.5379,O,,,,-3.04001,0.4713,0.4712
1791257492.5387,O,,,,-3.04265,0.4713,0.4712
1791257492.5272,R,A,,-55,,,
1791257492.5275,R,B,,-78,,,
1791257492.5276,R,C,,-63,,,
1791257492.6109,O,,,,-3.04398,0.4716,0.4712
1791257492.6123,O,,,,-3.04662,0.4716,0.4712
1791257492.6131,O,,,,-3.04927,0.4716,0.4712
1791257492.6140,O,,,,-3.05192,0.4716,0.4712
1791257492.5779,R,C,,-58,,,
1791257492.5801,R,B,,-58,,,
1791257492.6239,R,B,,-63,,,
1791257492.6274,R,C,,-56,,,
1791257492.6277,R,A,,-68,,,
1791257492.6909,O,,,,-3.05192,0.4716,0.4712
1791257492.6919,O,,,,-3.05192,0.4716,0.4712
1791257492.6928,O,,,,-3.05192,0.4716,0.4712
1791257492.6936,O,,,,-3.05192,0.4716,0.4712
1791257492.6810,R,B,,-60,,,
1791257492.6815,R,C,,-60,,,
1791257492.6857,R,A,,-68,,,
1791257492.7663,O,,,,-3.05192,0.4716,0.4712
1791257492.7674,O,,,,-3.05192,0.4716,0.4712
1791257492.7683,O,,,,-3.05192,0.4716,0.4712
1791257492.7691,O,,,,-3.05192,0.4716,0.4712
1791257492.7619,R,B,,-77,,,
1791257492.7641,R,C,,-62,,,
1791257492.7861,R,A,,-58,,,
1791257492.8036,R,A,,-57,,,
1791257492.8037,R,B,,-68,,,
1791257492.8382,O,,,,-3.05192,0.4716,0.4712
1791257492.8390,O,,,,-3.05192,0.4716,0.4712
1791257492.8398,O,,,,-3.05192,0.4716,0.4712
1791257492.8316,R,C,,-64,,,
1791257492.8518,R,A,,-56,,,
1791257492.8524,R,B,,-74,,,
1791257492.8525,R,C,,-74,,,
1791257492.9179,O,,,,-3.05192,0.4716,0.4712
1791257492.9189,O,,,,-3.05192,0.4716,0.4712
1791257492.9198,O,,,,-3.05192,0.4716,0.4712
1791257492.9037,R,B,,-65,,,
1791257492.9208,O,,,,-3.05192,0.4716,0.4712
1791257492.9317,R,C,,-80,,,
1791257492.9357,R,A,,-59,,,
1791257492.9457,R,C,,-64,,,
1791257492.9540,R,B,,-68,,,
1791257492.9916,O,,,,-3.05192,0.4716,0.4712
1791257492.9930,O,,,,-3.05192,0.4716,0.4712
1791257492.9937,O,,,,-3.05192,0.4716,0.4712
1791257492.9945,O,,,,-3.05060,0.4719,0.4712
1791257492.9835,R,A,,-72,,,
1791257493.0032,R,B,,-68,,,
1791257493.0317,R,C,,-65,,,
1791257493.0336,R,B,,-74,,,
1791257493.0356,R,A,,-53,,,
1791257493.0710,O,,,,-3.05060,0.4719,0.4712
1791257493.0719,O,,,,-3.04795,0.4719,0.4712
1791257493.0727,O,,,,-3.04795,0.4719,0.4712
1791257493.0735,O,,,,-3.04530,0.4719,0.4712
1791257493.0781,R,B,,-77,,,
1791257493.0800,R,A,,-57,,,
1791257493.0803,R,C,,-60,,,
1791257493.1511,O,,,,-3.04530,0.4719,0.4712
1791257493.1519,O,,,,-3.04133,0.4721,0.4713
1791257493.1528,O,,,,-3.03868,0.4721,0.4713
1791257493.1537,O,,,,-3.03604,0.4721,0.4713
1791257493.1207,R,C,,-62,,,
1791257493.1218,R,A,,-61,,,
1791257493.1534,R,B,,-68,,,
1791257493.1664,R,A,,-56,,,
1791257493.1821,R,C,,-61,,,
1791257493.2041,R,B,,-66,,,
1791257493.2265,O,,,,-3.03339,0.4721,0.4713
1791257493.2275,O,,,,-3.03074,0.4721,0.4713
1791257493.2284,O,,,,-3.02677,0.4724,0.4713
1791257493.2292,O,,,,-3.02412,0.4724,0.4713
1791257493.2324,R,C,,-53,,,
1791257493.2358,R,A,,-53,,,
1791257493.2422,R,B,,-70,,,
1791257493.2629,R,C,,-60,,,
1791257493.2630,R,A,,-60,,,
1791257493.2633,R,B,,-67,,,
1791257493.3069,O,,,,-3.02015,0.4721,0.4713
1791257493.3083,O,,,,-3.01618,0.4724,0.4713
1791257493.3099,O,,,,-3.01353,0.4724,0.4713
1791257493.3115,O,,,,-3.00824,0.4724,0.4713
1791257493.3118,R,B,,-74,,,
1791257493.3318,R,C,,-69,,,
1791257493.3358,R,A,,-61,,,
1791257493.3674,R,C,,-64,,,
1791257493.3675,R,A,,-58,,,
1791257493.3763,O,,,,-3.00427,0.4727,0.4713
1791257493.3778,O,,,,-3.00030,0.4724,0.4713
1791257493.3789,O,,,,-2.99500,0.4724,0.4713
1791257493.3986,R,B,,-65,,,
1791257493.4026,R,C,,-58,,,
1791257493.4028,R,A,,-57,,,
1791257493.4554,O,,,,-2.99103,0.4727,0.4713
1791257493.4568,O,,,,-2.98706,0.4724,0.4713
1791257493.4580,O,,,,-2.98309,0.4727,0.4713
1791257493.4593,O,,,,-2.97779,0.4727,0.4713
1791257493.4536,R,B,,-66,,,
1791257493.4818,R,C,,-59,,,
1791257493.4859,R,A,,-61,,,
1791257493.4949,R,B,,-68,,,
1791257493.5316,O,,,,-2.97250,0.4727,0.4713
1791257493.5326,O,,,,-2.96985,0.4727,0.4713
1791257493.5334,O,,,,-2.96456,0.4727,0.4713
1791257493.5346,O,,,,-2.96191,0.4727,0.4713
1791257493.5324,R,C,,-68,,,
1791257493.5363,R,A,,-63,,,
1791257493.5371,R,B,,-74,,,
1791257493.5660,R,C,,-70,,,
1791257493.6088,O,,,,-2.95662,0.4727,0.4713
1791257493.6103,O,,,,-2.95397,0.4727,0.4713
1791257493.6115,O,,,,-2.94867,0.4727,0.4713
1791257493.6127,O,,,,-2.94470,0.4724,0.4713
1791257493.5837,R,A,,-62,,,
1791257493.6036,R,B,,-67,,,
1791257493.6319,R,C,,-64,,,
1791257493.6360,R,A,,-60,,,
1791257493.6397,R,B,,-64,,,
1791257493.6864,O,,,,-2.94073,0.4721,0.4712
1791257493.6874,O,,,,-2.93808,0.4721,0.4712
1791257493.6883,O,,,,-2.93544,0.4716,0.4711
1791257493.6893,O,,,,-2.93279,0.4711,0.4710
1791257493.6801,R,B,,-66,,,
1791257493.6802,R,C,,-67,,,
1791257493.6812,R,A,,-58,,,
1791257493.7664,O,,,,-2.93147,0.4708,0.4710
1791257493.7673,O,,,,-2.92882,0.4703,0.4709
1791257493.7680,O,,,,-2.92750,0.4701,0.4708
1791257493.7687,O,,,,-2.92485,0.4695,0.4707
1791257493.7315,R,A,,-61,,,
1791257493.7319,R,C,,-60,,,
1791257493.7537,R,B,,-67,,,
1791257493.7827,R,C,,-56,,,
1791257493.7860,R,A,,-62,,,
1791257493.7897,R,B,,-58,,,
1791257493.8182,R,C,,-62,,,
1791257493.8184,R,A,,-59,,,
1791257493.8360,O,,,,-2.92220,0.4690,0.4706
1791257493.8374,O,,,,-2.92088,0.4683,0.4704
1791257493.8382,O,,,,-2.91955,0.4675,0.4702
1791257493.8536,R,B,,-61,,,
1791257493.9116,O,,,,-2.91691,0.4664,0.4700
1791257493.9129,O,,,,-2.91691,0.4654,0.4698
1791257493.9142,O,,,,-2.91558,0.4641,0.4695
1791257493.9153,O,,,,-2.91558,0.4626,0.4691
1791257493.8822,R,C,,-58,,,
1791257493.8861,R,A,,-58,,,
1791257493.9024,R,B,,-63,,,
1791257493.9041,R,C,,-59,,,
1791257493.9048,R,A,,-60,,,
1791257493.9052,R,B,,-62,,,
1791257493.9542,R,B,,-63,,,
1791257493.9569,R,A,,-62,,,
1791257493.9570,R,C,,-57,,,
1791257493.9913,O,,,,-2.91426,0.4608,0.4687
1791257493.9927,O,,,,-2.91426,0.4587,0.4682
1791257493.9935,O,,,,-2.91426,0.4566,0.4677
1791257493.9943,O,,,,-2.91426,0.4546,0.4673
1791257493.9898,R,B,,-64,,,
1791257494.0013,R,C,,-57,,,
1791257494.0014,R,A,,-62,,,
1791257494.0331,R,A,,-61,,,
1791257494.0538,R,B,,-62,,,
1791257494.0771,O,,,,-2.91426,0.4525,0.4668
1791257494.0781,O,,,,-2.91426,0.4499,0.4662
1791257494.0789,O,,,,-2.91426,0.4474,0.4656
1791257494.0797,O,,,,-2.91426,0.4443,0.4649
1791257494.0782,R,C,,-60,,,
1791257494.0787,R,B,,-63,,,
1791257494.0861,R,A,,-62,,,
1791257494.1458,O,,,,-2.91558,0.4414,0.4642
1791257494.1489,O,,,,-2.91558,0.4383,0.4635
1791257494.1497,O,,,,-2.91558,0.4352,0.4628
1791257494.1508,O,,,,-2.91558,0.4321,0.4621
1791257494.1242,R,B,,-70,,,
1791257494.1321,R,C,,-57,,,
1791257494.1366,R,A,,-59,,,
1791257494.1670,R,A,,-59,,,
1791257494.1827,R,C,,-67,,,
1791257494.2044,R,B,,-67,,,
1791257494.2093,R,B,,-65,,,
1791257494.2105,R,C,,-65,,,
1791257494.2109,R,A,,-61,,,
1791257494.2261,O,,,,-2.91558,0.4285,0.4612
1791257494.2270,O,,,,-2.91558,0.4249,0.4604
1791257494.2278,O,,,,-2.91558,0.4213,0.4596
1791257494.2286,O,,,,-2.91691,0.4174,0.4587
1791257494.2538,R,B,,-67,,,
1791257494.3066,O,,,,-2.91558,0.4136,0.4578
1791257494.3078,O,,,,-2.91691,0.4097,0.4569
1791257494.3087,O,,,,-2.91691,0.4056,0.4560
1791257494.3097,O,,,,-2.91558,0.4017,0.4551
1791257494.2822,R,C,,-62,,,
1791257494.2861,R,A,,-62,,,
1791257494.2968,R,C,,-65,,,
1791257494.2969,R,B,,-74,,,
1791257494.3129,R,A,,-60,,,
1791257494.3546,R,B,,-68,,,
1791257494.3721,O,,,,-2.91691,0.3978,0.4542
1791257494.3733,O,,,,-2.91558,0.3939,0.4533
1791257494.3746,O,,,,-2.91558,0.3898,0.4524
1791257494.3822,R,C,,-58,,,
1791257494.3869,R,A,,-59,,,
1791257494.4043,R,B,,-64,,,
1791257494.4155,R,C,,-57,,,
1791257494.4512,O,,,,-2.91558,0.3857,0.4514
1791257494.4522,O,,,,-2.91691,0.3818,0.4505
1791257494.4532,O,,,,-2.91558,0.3779,0.4496
1791257494.4539,O,,,,-2.91558,0.3738,0.4487
1791257494.4369,R,B,,-69,,,
1791257494.4826,R,C,,-58,,,
1791257494.4868,R,A,,-57,,,
1791257494.5021,R,B,,-67,,,
1791257494.5062,R,C,,-56,,,
1791257494.5317,O,,,,-2.91558,0.3697,0.4477
1791257494.5325,O,,,,-2.91558,0.3656,0.4468
1791257494.5334,O,,,,-2.91426,0.3617,0.4459
1791257494.5342,O,,,,-2.91558,0.3578,0.4450
1791257494.5302,R,C,,-57,,,
1791257494.5306,R,A,,-54,,,
1791257494.5309,R,B,,-65,,,
1791257494.6136,O,,,,-2.91558,0.3537,0.4441
1791257494.6146,O,,,,-2.91558,0.3496,0.4431
1791257494.6155,O,,,,-2.91558,0.3454,0.4422
1791257494.6162,O,,,,-2.91426,0.3416,0.4413
1791257494.5762,R,B,,-72,,,
1791257494.5822,R,C,,-57,,,
1791257494.5862,R,A,,-56,,,
1791257494.6283,R,A,,-57,,,
1791257494.6286,R,C,,-58,,,
1791257494.6286,R,B,,-66,,,
1791257494.6860,O,,,,-2.91426,0.3374,0.4403
1791257494.6871,O,,,,-2.91558,0.3336,0.4394
1791257494.6880,O,,,,-2.91558,0.3294,0.4385
1791257494.6889,O,,,,-2.91426,0.3256,0.4376
1791257494.6813,R,C,,-59,,,
1791257494.6863,R,A,,-57,,,
1791257494.7039,R,B,,-69,,,
1791257494.7659,O,,,,-2.91558,0.3217,0.4367
1791257494.7668,O,,,,-2.91558,0.3176,0.4357
1791257494.7677,O,,,,-2.91426,0.3137,0.4349
1791257494.7684,O,,,,-2.91426,0.3096,0.4339
1791257494.7271,R,B,,-69,,,
1791257494.7283,R,C,,-61,,,
1791257494.7284,R,A,,-61,,,
1791257494.7824,R,C,,-60,,,
1791257494.7832,R,A,,-61,,,
1791257494.8314,O,,,,-2.91426,0.3055,0.4329
1791257494.8327,O,,,,-2.91558,0.3016,0.4321
1791257494.8335,O,,,,-2.91558,0.2975,0.4311
1791257494.8308,R,C,,-61,,,
1791257494.8310,R,A,,-57,,,
1791257494.8541,R,B,,-68,,,
1791257494.8581,R,B,,-67,,,
1791257494.8595,R,C,,-57,,,
1791257494.8607,R,A,,-62,,,
1791257494.9110,O,,,,-2.91558,0.2933,0.4302
1791257494.9119,O,,,,-2.91426,0.2895,0.4293
1791257494.9127,O,,,,-2.91426,0.2853,0.4283
1791257494.9135,O,,,,-2.91426,0.2812,0.4274
1791257494.9216,R,A,,-60,,,
1791257494.9219,R,C,,-62,,,
1791257494.9326,R,B,,-61,,,
1791257494.9504,R,A,,-54,,,
1791257494.9541,R,B,,-59,,,
1791257494.9910,O,,,,-2.91558,0.2773,0.4265
1791257494.9921,O,,,,-2.91558,0.2732,0.4255
1791257494.9929,O,,,,-2.91426,0.2693,0.4246
1791257494.9937,O,,,,-2.91426,0.2652,0.4237
1791257494.9824,R,C,,-61,,,
1791257495.0046,R,B,,-63,,,
1791257495.0660,O,,,,-2.91426,0.2611,0.4227
1791257495.0668,O,,,,-2.91426,0.2570,0.4218
1791257495.0677,O,,,,-2.91426,0.2528,0.4208
1791257495.0685,O,,,,-2.91558,0.2490,0.4199
1791257495.0331,R,C,,-56,,,
1791257495.0364,R,A,,-60,,,
1791257495.0422,R,C,,-62,,,
1791257495.0535,R,B,,-65,,,
1791257495.0548,R,A,,-57,,,
1791257495.0852,R,B,,-57,,,
1791257495.0872,R,A,,-58,,,
1791257495.1494,O,,,,-2.91426,0.2451,0.4190
1791257495.1503,O,,,,-2.91426,0.2410,0.4181
1791257495.1512,O,,,,-2.91426,0.2368,0.4171
1791257495.1519,O,,,,-2.91426,0.2327,0.4161
1791257495.1292,R,C,,-58,,,
1791257495.1369,R,A,,-55,,,
1791257495.1390,R,B,,-61,,,
1791257495.1797,R,C,,-61,,,
1791257495.1860,R,A,,-57,,,
1791257495.2042,R,B,,-64,,,
1791257495.2212,O,,,,-2.91558,0.2288,0.4153
1791257495.2224,O,,,,-2.91558,0.2247,0.4143
1791257495.2233,O,,,,-2.91426,0.2209,0.4134
1791257495.2240,O,,,,-2.91426,0.2167,0.4125
1791257495.2326,R,C,,-60,,,
1791257495.2373,R,A,,-60,,,
1791257495.2404,R,B,,-58,,,
1791257495.2911,O,,,,-2.91426,0.2126,0.4115
1791257495.2919,O,,,,-2.91558,0.2087,0.4106
1791257495.2927,O,,,,-2.91426,0.2049,0.4097
1791257495.2711,R,C,,-59,,,
1791257495.2714,R,A,,-55,,,
1791257495.3042,R,B,,-63,,,
1791257495.3163,R,B,,-64,,,
1791257495.3182,R,A,,-56,,,
1791257495.3261,R,C,,-57,,,
1791257495.3628,R,C,,-61,,,
1791257495.3632,R,A,,-59,,,
1791257495.3709,O,,,,-2.91426,0.2007,0.4088
1791257495.3719,O,,,,-2.91426,0.1966,0.4078
1791257495.3728,O,,,,-2.91426,0.1925,0.4069
1791257495.3736,O,,,,-2.91558,0.1886,0.4060
1791257495.4041,R,B,,-61,,,
1791257495.4510,O,,,,-2.91426,0.1847,0.4051
1791257495.4525,O,,,,-2.91426,0.1806,0.4041
1791257495.4534,O,,,,-2.91426,0.1765,0.4032
1791257495.4542,O,,,,-2.91426,0.1724,0.4022
1791257495.4326,R,C,,-62,,,
1791257495.4370,R,A,,-55,,,
1791257495.4547,R,B,,-66,,,
1791257495.4559,R,C,,-59,,,
1791257495.4562,R,A,,-57,,,
1791257495.5048,R,B,,-72,,,
1791257495.5078,R,C,,-63,,,
1791257495.5260,O,,,,-2.91426,0.1687,0.4014
1791257495.5271,O,,,,-2.91426,0.1646,0.4004
1791257495.5279,O,,,,-2.91426,0.1605,0.3995
1791257495.5287,O,,,,-2.91426,0.1564,0.3985
1791257495.5227,R,A,,-61,,,
1791257495.5461,R,B,,-67,,,
1791257495.5512,R,A,,-58,,,
1791257495.5612,R,C,,-61,,,
1791257495.6137,O,,,,-2.91426,0.1522,0.3976
1791257495.6147,O,,,,-2.91293,0.1484,0.3967
1791257495.6155,O,,,,-2.91426,0.1445,0.3958
1791257495.6163,O,,,,-2.91426,0.1404,0.3948
1791257495.5870,R,B,,-68,,,
1791257495.5871,R,A,,-60,,,
1791257495.6095,R,C,,-65,,,
1791257495.6343,R,A,,-58,,,
1791257495.6543,R,B,,-71,,,
1791257495.6819,O,,,,-2.91426,0.1363,0.3939
1791257495.6828,O,,,,-2.91558,0.1324,0.3930
1791257495.6836,O,,,,-2.91426,0.1285,0.3921
1791257495.6845,O,,,,-2.91426,0.1244,0.3911
1791257495.6815,R,C,,-68,,,
1791257495.6821,R,A,,-66,,,
1791257495.6829,R,B,,-67,,,
1791257495.7610,O,,,,-2.91426,0.1203,0.3902
1791257495.7620,O,,,,-2.91426,0.1161,0.3892
1791257495.7629,O,,,,-2.91293,0.1123,0.3883
1791257495.7637,O,,,,-2.91426,0.1084,0.3874
1791257495.7332,R,C,,-68,,,
1791257495.7367,R,A,,-64,,,
1791257495.7543,R,B,,-67,,,
1791257495.7771,R,C,,-73,,,
1791257495.7872,R,A,,-63,,,
1791257495.8049,R,B,,-72,,,
1791257495.8312,O,,,,-2.91426,0.1043,0.3865
1791257495.8323,O,,,,-2.91426,0.1001,0.3855
1791257495.8331,O,,,,-2.91426,0.0960,0.3845
1791257495.8326,R,C,,-75,,,
1791257495.8372,R,A,,-67,,,
1791257495.8547,R,B,,-73,,,
1791257495.9067,O,,,,-2.91293,0.0921,0.3836
1791257495.9080,O,,,,-2.91293,0.0880,0.3827
1791257495.9088,O,,,,-2.91426,0.0842,0.3818
1791257495.9096,O,,,,-2.91293,0.0803,0.3809
1791257495.8740,R,B,,-68,,,
1791257495.8833,R,C,,-65,,,
1791257495.8872,R,A,,-66,,,
1791257495.9137,R,C,,-66,,,
1791257495.9373,R,A,,-66,,,
1791257495.9509,R,B,,-84,,,
1791257495.9520,R,C,,-73,,,
1791257495.9539,R,B,,-85,,,
1791257495.9859,O,,,,-2.91426,0.0764,0.3800
1791257495.9870,O,,,,-2.91293,0.0726,0.3791
1791257495.9878,O,,,,-2.91293,0.0689,0.3783
1791257495.9886,O,,,,-2.91293,0.0653,0.3774
1791257495.9747,R,A,,-67,,,
1791257496.0670,O,,,,-2.91293,0.0617,0.3766
1791257496.0683,O,,,,-2.91293,0.0581,0.3757
1791257496.0691,O,,,,-2.91293,0.0545,0.3749
1791257496.0698,O,,,,-2.91293,0.0514,0.3742
1791257496.0349,R,A,,-65,,,
1791257496.0534,R,B,,-71,,,
1791257496.0820,R,B,,-77,,,
1791257496.0837,R,A,,-64,,,
1791257496.1418,O,,,,-2.91293,0.0478,0.3733
1791257496.1429,O,,,,-2.91293,0.0447,0.3726
1791257496.1437,O,,,,-2.91161,0.0414,0.3718
1791257496.1444,O,,,,-2.91293,0.0385,0.3712
1791257496.1322,R,C,,-72,,,
1791257496.1326,R,B,,-77,,,
1791257496.1369,R,A,,-65,,,
1791257496.1828,R,A,,-62,,,
1791257496.1838,R,B,,-72,,,
1791257496.2209,O,,,,-2.91293,0.0354,0.3704
1791257496.2221,O,,,,-2.91161,0.0326,0.3698
1791257496.2229,O,,,,-2.91161,0.0300,0.3692
1791257496.2237,O,,,,-2.91161,0.0269,0.3685
1791257496.2368,R,A,,-65,,,
1791257496.2546,R,B,,-72,,,
1791257496.2909,O,,,,-2.91161,0.0243,0.3679
1791257496.2918,O,,,,-2.91161,0.0218,0.3673
1791257496.2926,O,,,,-2.91161,0.0192,0.3666
1791257496.2711,R,C,,-75,,,
1791257496.2717,R,B,,-71,,,
1791257496.2873,R,A,,-83,,,
1791257496.3172,R,C,,-71,,,
1791257496.3180,R,A,,-63,,,
1791257496.3663,O,,,,-2.91161,0.0166,0.3660
1791257496.3672,O,,,,-2.91161,0.0140,0.3654
1791257496.3680,O,,,,-2.91029,0.0117,0.3649
1791257496.3688,O,,,,-2.91161,0.0094,0.3644
1791257496.3364,R,B,,-73,,,
1791257496.3581,R,C,,-72,,,
1791257496.3869,R,A,,-64,,,
1791257496.4070,R,C,,-77,,,
1791257496.4072,R,A,,-64,,,
1791257496.4459,O,,,,-2.91029,0.0071,0.3638
1791257496.4469,O,,,,-2.91029,0.0050,0.3633
1791257496.4478,O,,,,-2.91029,0.0029,0.3628
1791257496.4488,O,,,,-2.91029,0.0009,0.3624
1791257496.4527,R,B,,-67,,,
1791257496.4871,R,A,,-65,,,
1791257496.5035,R,C,,-68,,,
1791257496.5038,R,A,,-64,,,
1791257496.5039,R,B,,-87,,,
1791257496.5260,O,,,,-2.91029,-0.0012,0.3619
1791257496.5269,O,,,,-2.91029,-0.0032,0.3614
1791257496.5277,O,,,,-2.91029,-0.0053,0.3609
1791257496.5284,O,,,,-2.91029,-0.0074,0.3604
1791257496.5472,R,B,,-66,,,
1791257496.5477,R,A,,-65,,,
1791257496.5478,R,C,,-84,,,
1791257496.6008,O,,,,-2.91029,-0.0094,0.3599
1791257496.6016,O,,,,-2.91161,-0.0112,0.3595
1791257496.6024,O,,,,-2.91161,-0.0133,0.3590
1791257496.6031,O,,,,-2.91029,-0.0151,0.3586
1791257496.5903,R,B,,-65,,,
1791257496.6037,R,A,,-63,,,
1791257496.6547,R,B,,-81,,,
1791257496.6810,O,,,,-2.91029,-0.0172,0.3581
1791257496.6822,O,,,,-2.91029,-0.0192,0.3576
1791257496.6831,O,,,,-2.91029,-0.0213,0.3571
1791257496.6839,O,,,,-2.91029,-0.0233,0.3567
1791257496.6819,R,C,,-68,,,
1791257496.6846,R,B,,-65,,,
1791257496.6851,R,A,,-63,,,
1791257496.6879,R,A,,-63,,,
1791257496.7616,O,,,,-2.91161,-0.0251,0.3562
1791257496.7626,O,,,,-2.91029,-0.0269,0.3558
1791257496.7635,O,,,,-2.91029,-0.0285,0.3554
1791257496.7643,O,,,,-2.91161,-0.0303,0.3550
1791257496.7352,R,B,,-66,,,
1791257496.7372,R,A,,-64,,,
1791257496.7766,R,C,,-73,,,
1791257496.7778,R,A,,-61,,,
1791257496.8048,R,B,,-80,,,
1791257496.8259,O,,,,-2.91161,-0.0318,0.3547
1791257496.8272,O,,,,-2.91029,-0.0331,0.3544
1791257496.8281,O,,,,-2.91161,-0.0344,0.3540
1791257496.8253,R,B,,-70,,,
1791257496.8266,R,C,,-69,,,
1791257496.8278,R,A,,-62,,,
1791257496.8673,R,A,,-63,,,
1791257496.8675,R,C,,-69,,,
1791257496.9066,O,,,,-2.91161,-0.0360,0.3537
1791257496.9077,O,,,,-2.91161,-0.0370,0.3534
1791257496.9086,O,,,,-2.91161,-0.0380,0.3532
1791257496.9094,O,,,,-2.91161,-0.0385,0.3531
1791257496.9047,R,B,,-74,,,
1791257496.9177,R,C,,-75,,,
1791257496.9184,R,B,,-70,,,
1791257496.9372,R,A,,-59,,,
1791257496.9548,R,B,,-71,,,
1791257496.9859,O,,,,-2.91161,-0.0396,0.3528
1791257496.9872,O,,,,-2.91161,-0.0401,0.3527
1791257496.9881,O,,,,-2.91161,-0.0406,0.3526
1791257496.9889,O,,,,-2.91029,-0.0409,0.3525
1791257496.9832,R,C,,-70,,,
1791257496.9877,R,A,,-61,,,
1791257496.9976,R,C,,-68,,,
1791257497.0054,R,B,,-83,,,
1791257497.0615,O,,,,-2.91161,-0.0411,0.3525
1791257497.0624,O,,,,-2.91029,-0.0414,0.3524
1791257497.0632,O,,,,-2.91029,-0.0414,0.3524
1791257497.0640,O,,,,-2.91029,-0.0414,0.3524
1791257497.0244,R,A,,-62,,,
1791257497.0475,R,B,,-73,,,
1791257497.0831,R,C,,-74,,,
1791257497.0873,R,A,,-57,,,
1791257497.1048,R,B,,-71,,,
1791257497.1409,O,,,,-2.91029,-0.0414,0.3524
1791257497.1418,O,,,,-2.91029,-0.0414,0.3524
1791257497.1426,O,,,,-2.91029,-0.0414,0.3524
1791257497.1433,O,,,,-2.91029,-0.0414,0.3524
1791257497.1276,R,C,,-71,,,
1791257497.1284,R,A,,-58,,,
1791257497.1397,R,B,,-74,,,
1791257497.2164,O,,,,-2.91029,-0.0414,0.3524
1791257497.2174,O,,,,-2.91029,-0.0414,0.3524
1791257497.2183,O,,,,-2.91029,-0.0414,0.3524
1791257497.2191,O,,,,-2.91029,-0.0414,0.3524
1791257497.1841,R,C,,-67,,,
1791257497.2051,R,B,,-72,,,
1791257497.2312,R,C,,-74,,,
1791257497.2363,R,A,,-59,,,
1791257497.2863,O,,,,-2.91029,-0.0414,0.3524
1791257497.2873,O,,,,-2.91029,-0.0414,0.3524
1791257497.2881,O,,,,-2.91029,-0.0414,0.3524
1791257497.2811,R,C,,-73,,,
1791257497.2814,R,A,,-60,,,
1791257497.3056,R,B,,-75,,,
1791257497.3666,O,,,,-2.91029,-0.0414,0.3524
1791257497.3676,O,,,,-2.91029,-0.0414,0.3524
1791257497.3684,O,,,,-2.91029,-0.0414,0.3524
1791257497.3691,O,,,,-2.91029,-0.0414,0.3524
1791257497.3272,R,B,,-73,,,
1791257497.3335,R,C,,-71,,,
1791257497.3376,R,A,,-62,,,
1791257497.3842,R,C,,-78,,,
1791257497.3883,R,A,,-60,,,
1791257497.4049,R,B,,-85,,,
1791257497.4459,O,,,,-2.91029,-0.0414,0.3524
1791257497.4469,O,,,,-2.91029,-0.0414,0.3524
1791257497.4488,O,,,,-2.91029,-0.0414,0.3524
1791257497.4496,O,,,,-2.91029,-0.0414,0.3524
1791257497.4213,R,B,,-72,,,
1791257497.4337,R,C,,-71,,,
1791257497.4378,R,A,,-62,,,
1791257497.4689,R,C,,-74,,,
1791257497.4879,R,A,,-63,,,
1791257497.5048,R,B,,-76,,,
1791257497.5155,R,A,,-61,,,
1791257497.5216,O,,,,-2.91029,-0.0414,0.3524
1791257497.5224,O,,,,-2.91029,-0.0414,0.3524
1791257497.5232,O,,,,-2.91029,-0.0414,0.3524
1791257497.5239,O,,,,-2.91029,-0.0414,0.3524
1791257497.5324,R,C,,-85,,,
1791257497.5330,R,B,,-78,,,
1791257497.5603,R,C,,-72,,,
1791257497.5666,R,B,,-69,,,
1791257497.6009,O,,,,-2.91029,-0.0414,0.3524
1791257497.6018,O,,,,-2.91029,-0.0414,0.3524
1791257497.6026,O,,,,-2.91029,-0.0414,0.3524
1791257497.6037,O,,,,-2.91029,-0.0414,0.3524
1791257497.5875,R,A,,-62,,,
1791257497.6088,R,C,,-79,,,
1791257497.6089,R,A,,-64,,,
1791257497.6477,R,B,,-76,,,
1791257497.6599,R,C,,-86,,,
1791257497.6769,O,,,,-2.91029,-0.0414,0.3524
1791257497.6780,O,,,,-2.91029,-0.0414,0.3524
1791257497.6789,O,,,,-2.91029,-0.0414,0.3524
1791257497.6797,O,,,,-2.91029,-0.0414,0.3524
1791257497.6874,R,A,,-63,,,
1791257497.7014,R,B,,-82,,,
1791257497.7042,R,B,,-88,,,
1791257497.7563,O,,,,-2.91029,-0.0414,0.3524
1791257497.7573,O,,,,-2.91029,-0.0414,0.3524
1791257497.7582,O,,,,-2.91029,-0.0414,0.3524
1791257497.7593,O,,,,-2.91029,-0.0414,0.3524
1791257497.7334,R,C,,-71,,,
1791257497.7385,R,A,,-64,,,
1791257497.7513,R,B,,-71,,,
1791257497.7514,R,C,,-87,,,
1791257497.7549,R,A,,-67,,,
1791257497.8029,R,C,,-75,,,
1791257497.8030,R,B,,-69,,,
1791257497.8264,O,,,,-2.91029,-0.0414,0.3524
1791257497.8274,O,,,,-2.91029,-0.0414,0.3524
1791257497.8283,O,,,,-2.91029,-0.0414,0.3524
1791257497.8375,R,A,,-67,,,
1791257497.8551,R,B,,-75,,,
1791257497.8560,R,C,,-69,,,
1791257497.9065,O,,,,-2.91029,-0.0414,0.3524
1791257497.9077,O,,,,-2.91029,-0.0414,0.3524
1791257497.9085,O,,,,-2.91029,-0.0414,0.3524
1791257497.9098,O,,,,-2.91029,-0.0414,0.3524
1791257497.8842,R,A,,-69,,,
1791257497.8869,R,A,,-69,,,
1791257497.9055,R,B,,-70,,,
1791257497.9247,R,A,,-69,,,
1791257497.9334,R,C,,-72,,,
1791257497.9821,O,,,,-2.91029,-0.0414,0.3524
1791257497.9831,O,,,,-2.91029,-0.0414,0.3524
1791257497.9840,O,,,,-2.91029,-0.0414,0.3524
1791257497.9848,O,,,,-2.91029,-0.0414,0.3524
1791257497.9708,R,C,,-70,,,
1791257497.9710,R,B,,-84,,,
1791257497.9875,R,A,,-68,,,
1791257498.0614,O,,,,-2.91029,-0.0414,0.3524
1791257498.0625,O,,,,-2.91029,-0.0414,0.3524
1791257498.0633,O,,,,-2.91029,-0.0414,0.3524
1791257498.0641,O,,,,-2.91029,-0.0414,0.3524
1791257498.0334,R,C,,-72,,,
1791257498.0382,R,A,,-66,,,
1791257498.0551,R,B,,-70,,,
1791257498.0645,R,C,,-75,,,
1791257498.0655,R,A,,-63,,,
1791257498.1053,R,B,,-68,,,
1791257498.1378,O,,,,-2.91029,-0.0414,0.3524
1791257498.1387,O,,,,-2.91029,-0.0414,0.3524
1791257498.1398,O,,,,-2.91029,-0.0414,0.3524
1791257498.1409,O,,,,-2.91029,-0.0414,0.3524
1791257498.1340,R,C,,-69,,,
1791257498.1376,R,A,,-62,,,
1791257498.1557,R,B,,-73,,,
1791257498.1621,R,B,,-71,,,
1791257498.1635,R,C,,-70,,,
1791257498.1638,R,A,,-73,,,
1791257498.2168,O,,,,-2.91029,-0.0414,0.3524
1791257498.2178,O,,,,-2.91029,-0.0414,0.3524
1791257498.2186,O,,,,-2.91029,-0.0414,0.3524
1791257498.2193,O,,,,-2.91029,-0.0414,0.3524
1791257498.2335,R,C,,-75,,,
1791257498.2369,R,A,,-68,,,
1791257498.2551,R,B,,-77,,,
1791257498.2664,R,C,,-67,,,
1791257498.2866,O,,,,-2.91029,-0.0414,0.3524
1791257498.2877,O,,,,-2.91029,-0.0414,0.3524
1791257498.2885,O,,,,-2.91029,-0.0414,0.3524
1791257498.2881,R,A,,-64,,,
1791257498.3042,R,B,,-67,,,
1791257498.3619,O,,,,-2.91029,-0.0414,0.3524
1791257498.3634,O,,,,-2.91029,-0.0414,0.3524
1791257498.3641,O,,,,-2.91029,-0.0414,0.3524
1791257498.3649,O,,,,-2.91029,-0.0414,0.3524
1791257498.3336,R,C,,-63,,,
1791257498.3381,R,A,,-58,,,
1791257498.3484,R,B,,-69,,,
1791257498.3538,R,C,,-72,,,
1791257498.3545,R,A,,-61,,,
1791257498.4054,R,B,,-65,,,
1791257498.4072,R,A,,-57,,,
1791257498.4424,O,,,,-2.91029,-0.0414,0.3524
1791257498.4437,O,,,,-2.91029,-0.0414,0.3524
1791257498.4444,O,,,,-2.91029,-0.0414,0.3524
1791257498.4452,O,,,,-2.91029,-0.0414,0.3524
1791257498.4263,R,C,,-69,,,
1791257498.4558,R,B,,-64,,,
1791257498.4720,R,C,,-63,,,
1791257498.4836,R,A,,-58,,,
1791257498.4838,R,C,,-62,,,
1791257498.5059,R,B,,-67,,,
1791257498.5217,O,,,,-2.91029,-0.0414,0.3524
1791257498.5224,O,,,,-2.91029,-0.0414,0.3524
1791257498.5232,O,,,,-2.91029,-0.0414,0.3524
1791257498.5239,O,,,,-2.91029,-0.0414,0.3524
1791257498.5350,R,C,,-71,,,
1791257498.5379,R,A,,-58,,,
1791257498.5558,R,B,,-62,,,
1791257498.5969,O,,,,-2.91029,-0.0414,0.3524
1791257498.5979,O,,,,-2.91029,-0.0414,0.3524
1791257498.5987,O,,,,-2.91029,-0.0414,0.3524
1791257498.5995,O,,,,-2.91029,-0.0414,0.3524
1791257498.5720,R,B,,-69,,,
1791257498.5722,R,C,,-62,,,
1791257498.5883,R,A,,-62,,,
1791257498.6135,R,B,,-67,,,
1791257498.6142,R,C,,-61,,,
1791257498.6258,R,A,,-61,,,
1791257498.6608,R,A,,-61,,,
1791257498.6771,O,,,,-2.91029,-0.0414,0.3524
1791257498.6780,O,,,,-2.91029,-0.0414,0.3524
1791257498.6788,O,,,,-2.91029,-0.0414,0.3524
1791257498.6796,O,,,,-2.91029,-0.0414,0.3524
1791257498.6759,R,B,,-62,,,
1791257498.6797,R,C,,-66,,,
1791257498.7047,R,C,,-63,,,
1791257498.7050,R,A,,-59,,,
1791257498.7054,R,B,,-62,,,
1791257498.7522,O,,,,-2.91029,-0.0414,0.3524
1791257498.7533,O,,,,-2.91029,-0.0414,0.3524
1791257498.7541,O,,,,-2.91029,-0.0414,0.3524
1791257498.7549,O,,,,-2.91029,-0.0414,0.3524
1791257498.7557,R,B,,-69,,,
1791257498.7837,R,C,,-64,,,
1791257498.7879,R,A,,-62,,,
1791257498.7959,R,C,,-67,,,
1791257498.8059,R,B,,-65,,,
1791257498.8213,O,,,,-2.91029,-0.0414,0.3524
1791257498.8223,O,,,,-2.91029,-0.0414,0.3524
1791257498.8231,O,,,,-2.91029,-0.0414,0.3524
1791257498.8373,R,A,,-59,,,
1791257498.8384,R,B,,-61,,,
1791257498.8401,R,A,,-57,,,
1791257498.8588,R,C,,-64,,,
1791257498.9011,O,,,,-2.91029,-0.0414,0.3524
1791257498.9022,O,,,,-2.91029,-0.0414,0.3524
1791257498.9030,O,,,,-2.91029,-0.0414,0.3524
1791257498.9038,O,,,,-2.91029,-0.0414,0.3524
1791257498.8806,R,C,,-65,,,
1791257498.8811,R,B,,-70,,,
1791257498.8886,R,A,,-56,,,
1791257498.9337,R,C,,-62,,,
1791257498.9383,R,A,,-56,,,
1791257498.9553,R,B,,-64,,,
1791257498.9679,R,A,,-57,,,
1791257498.9683,R,C,,-64,,,
1791257498.9869,O,,,,-2.90764,-0.0414,0.3524
1791257498.9877,O,,,,-2.90764,-0.0414,0.3524
1791257498.9885,O,,,,-2.90499,-0.0414,0.3524
1791257498.9893,O,,,,-2.90235,-0.0414,0.3524
1791257498.9958,R,B,,-64,,,
1791257499.0164,R,C,,-66,,,
1791257499.0569,O,,,,-2.89970,-0.0414,0.3524
1791257499.0579,O,,,,-2.89573,-0.0416,0.3524
1791257499.0588,O,,,,-2.89176,-0.0414,0.3524
1791257499.0596,O,,,,-2.88381,-0.0414,0.3524
1791257499.0237,R,A,,-60,,,
1791257499.0238,R,B,,-70,,,
1791257499.0842,R,C,,-60,,,
1791257499.0882,R,A,,-56,,,
1791257499.1046,R,A,,-61,,,
1791257499.1049,R,B,,-68,,,
1791257499.1366,O,,,,-2.87720,-0.0411,0.3525
1791257499.1380,O,,,,-2.87058,-0.0414,0.3524
1791257499.1388,O,,,,-2.86264,-0.0414,0.3524
1791257499.1395,O,,,,-2.85469,-0.0414,0.3524
1791257499.1351,R,C,,-67,,,
1791257499.1561,R,B,,-69,,,
1791257499.2111,O,,,,-2.84675,-0.0414,0.3524
1791257499.2121,O,,,,-2.83616,-0.0414,0.3524
1791257499.2130,O,,,,-2.82822,-0.0414,0.3524
1791257499.2138,O,,,,-2.81763,-0.0414,0.3524
1791257499.1775,R,C,,-69,,,
1791257499.1780,R,A,,-63,,,
1791257499.2053,R,B,,-74,,,
1791257499.2061,R,C,,-63,,,
1791257499.2063,R,A,,-64,,,
1791257499.2555,R,B,,-77,,,
1791257499.2813,O,,,,-2.80704,-0.0414,0.3524
1791257499.2822,O,,,,-2.79645,-0.0414,0.3524
1791257499.2830,O,,,,-2.78454,-0.0411,0.3525
1791257499.2840,R,C,,-70,,,
1791257499.2880,R,A,,-62,,,
1791257499.3031,R,B,,-72,,,
1791257499.3073,R,C,,-77,,,
1791257499.3082,R,A,,-57,,,
1791257499.3616,O,,,,-2.77263,-0.0414,0.3524
1791257499.3625,O,,,,-2.76071,-0.0411,0.3525
1791257499.3633,O,,,,-2.75013,-0.0411,0.3525
1791257499.3641,O,,,,-2.73821,-0.0414,0.3524
1791257499.3521,R,B,,-67,,,
1791257499.3839,R,C,,-78,,,
1791257499.3882,R,A,,-57,,,
1791257499.3998,R,B,,-75,,,
1791257499.4156,R,C,,-73,,,
1791257499.4159,R,A,,-59,,,
1791257499.4412,O,,,,-2.72630,-0.0411,0.3525
1791257499.4421,O,,,,-2.71836,-0.0411,0.3525
1791257499.4434,O,,,,-2.70777,-0.0411,0.3525
1791257499.4441,O,,,,-2.69718,-0.0411,0.3525
1791257499.4424,R,B,,-77,,,
1791257499.4509,R,A,,-63,,,
1791257499.4513,R,C,,-66,,,
1791257499.5192,O,,,,-2.68924,-0.0411,0.3525
1791257499.5207,O,,,,-2.67865,-0.0411,0.3525
1791257499.4884,R,A,,-66,,,
1791257499.5057,R,B,,-68,,,
1791257499.5218,O,,,,-2.67071,-0.0411,0.3525
1791257499.5226,O,,,,-2.66276,-0.0411,0.3525
1791257499.5339,R,B,,-65,,,
1791257499.5354,R,A,,-57,,,
1791257499.5961,O,,,,-2.65482,-0.0411,0.3525
1791257499.5970,O,,,,-2.64820,-0.0409,0.3526
1791257499.5978,O,,,,-2.64159,-0.0411,0.3525
1791257499.5986,O,,,,-2.63497,-0.0414,0.3524
1791257499.5839,R,C,,-62,,,
1791257499.5888,R,A,,-57,,,
1791257499.6222,R,C,,-68,,,
1791257499.6226,R,A,,-55,,,
1791257499.6228,R,B,,-63,,,
1791257499.6710,O,,,,-2.62835,-0.0411,0.3525
1791257499.6719,O,,,,-2.62305,-0.0411,0.3525
1791257499.6727,O,,,,-2.61776,-0.0411,0.3525
1791257499.6735,O,,,,-2.61246,-0.0411,0.3525
1791257499.6841,R,C,,-59,,,
1791257499.6882,R,A,,-60,,,
1791257499.7057,R,B,,-68,,,
1791257499.7412,O,,,,-2.60717,-0.0416,0.3522
1791257499.7424,O,,,,-2.60188,-0.0416,0.3522
1791257499.7434,O,,,,-2.59658,-0.0416,0.3522
1791257499.7442,O,,,,-2.59393,-0.0420,0.3520
1791257499.7836,R,C,,-62,,,
1791257499.7849,R,B,,-64,,,
1791257499.7886,R,A,,-63,,,
1791257499.8058,R,B,,-65,,,
1791257499.8214,O,,,,-2.58732,-0.0423,0.3518
1791257499.8223,O,,,,-2.58202,-0.0427,0.3516
1791257499.8231,O,,,,-2.57937,-0.0432,0.3513
1791257499.8214,R,A,,-62,,,
1791257499.8216,R,C,,-58,,,
1791257499.8512,R,B,,-73,,,
1791257499.8522,R,A,,-56,,,
1791257499.8653,R,C,,-66,,,
1791257499.9011,O,,,,-2.57408,-0.0436,0.3510
1791257499.9020,O,,,,-2.57011,-0.0443,0.3506
1791257499.9028,O,,,,-2.56481,-0.0447,0.3503
1791257499.9035,O,,,,-2.55952,-0.0456,0.3497
1791257499.8989,R,B,,-70,,,
1791257499.9233,R,C,,-63,,,
1791257499.9234,R,A,,-60,,,
1791257499.9452,R,B,,-75,,,
1791257499.9764,O,,,,-2.55555,-0.0463,0.3493
1791257499.9774,O,,,,-2.55025,-0.0472,0.3487
1791257499.9781,O,,,,-2.54363,-0.0478,0.3482
1791257499.9789,O,,,,-2.53834,-0.0487,0.3476
1791257499.9841,R,C,,-61,,,
1791257499.9884,R,A,,-62,,,
1791257499.9907,R,C,,-68,,,
1791257499.9986,R,B,,-71,,,
1791257500.0608,O,,,,-2.53305,-0.0496,0.3470
1791257500.0616,O,,,,-2.52907,-0.0506,0.3463
1791257500.0627,O,,,,-2.52378,-0.0515,0.3457
1791257500.0636,O,,,,-2.51981,-0.0526,0.3449
1791257500.0347,R,B,,-74,,,
1791257500.0349,R,C,,-73,,,
1791257500.0389,R,A,,-67,,,
1791257500.0836,R,C,,-67,,,
1791257500.0837,R,A,,-63,,,
1791257500.1054,R,B,,-76,,,
1791257500.1308,O,,,,-2.51584,-0.0537,0.3441
1791257500.1320,O,,,,-2.51054,-0.0549,0.3432
1791257500.1328,O,,,,-2.50657,-0.0564,0.3421
1791257500.1336,O,,,,-2.50128,-0.0577,0.3411
1791257500.1295,R,B,,-70,,,
1791257500.1342,R,C,,-66,,,
1791257500.1391,R,A,,-68,,,
1791257500.2109,O,,,,-2.49598,-0.0590,0.3402
1791257500.2121,O,,,,-2.49201,-0.0605,0.3391
1791257500.2130,O,,,,-2.48804,-0.0619,0.3379
1791257500.2138,O,,,,-2.48407,-0.0634,0.3368
1791257500.1728,R,C,,-69,,,
1791257500.1752,R,B,,-74,,,
1791257500.1888,R,A,,-65,,,
1791257500.2343,R,C,,-67,,,
1791257500.2388,R,A,,-64,,,
1791257500.2402,R,B,,-72,,,
1791257500.2630,R,C,,-62,,,
1791257500.2815,O,,,,-2.47745,-0.0649,0.3357
1791257500.2823,O,,,,-2.47216,-0.0661,0.3347
1791257500.2831,O,,,,-2.46422,-0.0674,0.3337
1791257500.2753,R,B,,-77,,,
1791257500.2758,R,A,,-65,,,
1791257500.3059,R,B,,-73,,,
1791257500.3180,R,A,,-62,,,
1791257500.3636,O,,,,-2.45892,-0.0686,0.3327
1791257500.3644,O,,,,-2.45230,-0.0696,0.3319
1791257500.3651,O,,,,-2.44568,-0.0710,0.3307
1791257500.3659,O,,,,-2.43774,-0.0719,0.3300
1791257500.3346,R,C,,-67,,,
1791257500.3532,R,B,,-73,,,
1791257500.3622,R,C,,-65,,,
1791257500.3664,R,A,,-61,,,
1791257500.4060,R,B,,-71,,,
1791257500.4362,O,,,,-2.42980,-0.0731,0.3290
1791257500.4372,O,,,,-2.42186,-0.0739,0.3283
1791257500.4380,O,,,,-2.41259,-0.0749,0.3274
1791257500.4388,O,,,,-2.40465,-0.0756,0.3267
1791257500.4346,R,C,,-63,,,
1791257500.4387,R,A,,-64,,,
1791257500.4447,R,B,,-76,,,
1791257500.4485,R,A,,-63,,,
1791257500.4496,R,C,,-79,,,
1791257500.5182,O,,,,-2.39406,-0.0764,0.3260
1791257500.5197,O,,,,-2.38347,-0.0768,0.3256
1791257500.5206,O,,,,-2.37156,-0.0774,0.3251
1791257500.4885,R,A,,-63,,,
1791257500.4890,R,B,,-71,,,
1791257500.5215,O,,,,-2.36097,-0.0778,0.3247
1791257500.5334,R,C,,-72,,,
1791257500.5362,R,C,,-69,,,
1791257500.5390,R,A,,-61,,,
1791257500.5481,R,B,,-69,,,
1791257500.5913,O,,,,-2.34906,-0.0779,0.3245
1791257500.5923,O,,,,-2.33582,-0.0779,0.3245
1791257500.5931,O,,,,-2.32258,-0.0783,0.3241
1791257500.5938,O,,,,-2.30935,-0.0783,0.3241
1791257500.5849,R,C,,-68,,,
1791257500.5896,R,A,,-59,,,
1791257500.5916,R,B,,-76,,,
1791257500.6204,R,A,,-62,,,
1791257500.6205,R,C,,-67,,,
1791257500.6560,R,B,,-67,,,
1791257500.6631,R,C,,-77,,,
1791257500.6635,R,A,,-66,,,
1791257500.6659,R,B,,-73,,,
1791257500.6713,O,,,,-2.29611,-0.0783,0.3241
1791257500.6722,O,,,,-2.28287,-0.0787,0.3237
1791257500.6731,O,,,,-2.26964,-0.0787,0.3237
1791257500.6738,O,,,,-2.25640,-0.0787,0.3237
1791257500.7416,O,,,,-2.24184,-0.0785,0.3239
1791257500.7431,O,,,,-2.22860,-0.0785,0.3239
1791257500.7440,O,,,,-2.21404,-0.0787,0.3237
1791257500.7349,R,C,,-58,,,
1791257500.7363,R,B,,-71,,,
1791257500.7387,R,A,,-61,,,
1791257500.8164,O,,,,-2.20081,-0.0787,0.3237
1791257500.8173,O,,,,-2.18757,-0.0790,0.3233
1791257500.8181,O,,,,-2.17433,-0.0790,0.3233
1791257500.8188,O,,,,-2.16242,-0.0791,0.3231
1791257500.7703,R,A,,-80,,,
1791257500.7705,R,C,,-64,,,
1791257500.8033,R,B,,-74,,,
1791257500.8062,R,B,,-72,,,
1791257500.8284,R,C,,-60,,,
1791257500.8293,R,A,,-60,,,
1791257500.8481,R,B,,-74,,,
1791257500.8964,O,,,,-2.14918,-0.0794,0.3226
1791257500.8975,O,,,,-2.13860,-0.0794,0.3226
1791257500.8983,O,,,,-2.12668,-0.0798,0.3219
1791257500.8991,O,,,,-2.11609,-0.0801,0.3215
1791257500.8712,R,A,,-65,,,
1791257500.8713,R,C,,-58,,,
1791257500.8894,R,A,,-67,,,
1791257500.9062,R,B,,-83,,,
1791257500.9299,R,C,,-63,,,
1791257500.9302,R,A,,-63,,,
1791257500.9306,R,B,,-68,,,
1791257500.9762,O,,,,-2.10418,-0.0805,0.3208
1791257500.9772,O,,,,-2.09227,-0.0809,0.3201
1791257500.9780,O,,,,-2.08168,-0.0814,0.3192
1791257500.9788,O,,,,-2.07109,-0.0819,0.3183
1791257500.9709,R,A,,-60,,,
1791257500.9712,R,C,,-64,,,
1791257500.9833,R,B,,-67,,,
1791257501.0511,O,,,,-2.05918,-0.0826,0.3171
1791257501.0522,O,,,,-2.04859,-0.0831,0.3162
1791257501.0531,O,,,,-2.03667,-0.0837,0.3150
1791257501.0539,O,,,,-2.02608,-0.0844,0.3136
1791257501.0237,R,B,,-84,,,
1791257501.0252,R,C,,-64,,,
1791257501.0398,R,A,,-69,,,
1791257501.0712,R,A,,-65,,,
1791257501.0881,R,B,,-81,,,
1791257501.1051,R,A,,-67,,,
1791257501.1310,O,,,,-2.01285,-0.0851,0.3121
1791257501.1325,O,,,,-2.00226,-0.0857,0.3107
1791257501.1339,O,,,,-1.99035,-0.0865,0.3090
1791257501.1346,O,,,,-1.97976,-0.0873,0.3071
1791257501.1562,R,B,,-76,,,
1791257501.2111,O,,,,-1.96784,-0.0881,0.3054
1791257501.2122,O,,,,-1.95593,-0.0888,0.3037
1791257501.2131,O,,,,-1.94534,-0.0896,0.3017
1791257501.2138,O,,,,-1.93210,-0.0903,0.2997
1791257501.1845,R,C,,-69,,,
1791257501.1885,R,B,,-72,,,
1791257501.1887,R,A,,-69,,,
1791257501.1943,R,C,,-71,,,
1791257501.2302,R,A,,-73,,,
1791257501.2311,R,B,,-84,,,
1791257501.2348,R,C,,-73,,,
1791257501.2851,O,,,,-1.92152,-0.0911,0.2977
1791257501.2862,O,,,,-1.90960,-0.0919,0.2955
1791257501.2870,O,,,,-1.89769,-0.0927,0.2932
1791257501.2852,R,C,,-75,,,
1791257501.2894,R,A,,-71,,,
1791257501.3062,R,B,,-77,,,
1791257501.3561,O,,,,-1.88578,-0.0934,0.2910
1791257501.3575,O,,,,-1.87254,-0.0942,0.2885
1791257501.3584,O,,,,-1.85930,-0.0950,0.2859
1791257501.3592,O,,,,-1.84607,-0.0957,0.2834
1791257501.3288,R,A,,-68,,,
1791257501.3314,R,C,,-72,,,
1791257501.3711,R,C,,-74,,,
1791257501.3766,R,B,,-80,,,
1791257501.3803,R,A,,-81,,,
1791257501.4176,R,C,,-65,,,
1791257501.4180,R,A,,-71,,,
1791257501.4366,O,,,,-1.83415,-0.0963,0.2811
1791257501.4376,O,,,,-1.82092,-0.0970,0.2785
1791257501.4384,O,,,,-1.80636,-0.0977,0.2757
1791257501.4392,O,,,,-1.79444,-0.0984,0.2729
1791257501.4563,R,B,,-72,,,
1791257501.5110,O,,,,-1.78253,-0.0990,0.2700
1791257501.5118,O,,,,-1.77194,-0.0997,0.2669
1791257501.5126,O,,,,-1.76003,-0.1002,0.2641
1791257501.5134,O,,,,-1.74944,-0.1008,0.2609
1791257501.4827,R,B,,-87,,,
1791257501.4848,R,C,,-71,,,
1791257501.4887,R,A,,-75,,,
1791257501.5111,R,C,,-67,,,
1791257501.5563,R,B,,-76,,,
1791257501.5911,O,,,,-1.73885,-0.1014,0.2578
1791257501.5920,O,,,,-1.72826,-0.1019,0.2547
1791257501.5927,O,,,,-1.71502,-0.1023,0.2515
1791257501.5935,O,,,,-1.70311,-0.1028,0.2481
1791257501.5847,R,C,,-67,,,
1791257501.5896,R,A,,-72,,,
1791257501.5994,R,B,,-74,,,
1791257501.6048,R,C,,-64,,,
1791257501.6054,R,A,,-64,,,
1791257501.6661,O,,,,-1.69120,-0.1033,0.2447
1791257501.6670,O,,,,-1.67929,-0.1036,0.2413
1791257501.6678,O,,,,-1.67002,-0.1040,0.2379
1791257501.6686,O,,,,-1.65943,-0.1044,0.2342
1791257501.6542,R,B,,-76,,,
1791257501.6543,R,C,,-72,,,
1791257501.6545,R,A,,-65,,,
1791257501.6892,R,A,,-64,,,
1791257501.7064,R,B,,-68,,,
1791257501.7447,O,,,,-1.65149,-0.1047,0.2305
1791257501.7455,O,,,,-1.64355,-0.1050,0.2268
1791257501.7463,O,,,,-1.63428,-0.1052,0.2228
1791257501.7328,R,C,,-73,,,
1791257501.7330,R,A,,-60,,,
1791257501.7568,R,B,,-79,,,
1791257501.8160,O,,,,-1.62766,-0.1055,0.2189
1791257501.8170,O,,,,-1.62105,-0.1057,0.2149
1791257501.8179,O,,,,-1.61575,-0.1059,0.2107
1791257501.8187,O,,,,-1.60913,-0.1060,0.2067
1791257501.7847,R,C,,-68,,,
1791257501.7897,R,A,,-62,,,
1791257501.7969,R,B,,-69,,,
1791257501.8188,R,A,,-55,,,
1791257501.8201,R,C,,-72,,,
1791257501.8667,R,C,,-57,,,
1791257501.8678,R,A,,-43,,,
1791257501.8964,O,,,,-1.60384,-0.1062,0.2025
1791257501.8973,O,,,,-1.59722,-0.1063,0.1985
1791257501.8981,O,,,,-1.59192,-0.1064,0.1943
1791257501.8988,O,,,,-1.58663,-0.1065,0.1900
1791257501.8915,R,B,,-62,,,
1791257501.9149,R,C,,-49,,,
1791257501.9152,R,A,,-43,,,
1791257501.9527,R,B,,-57,,,
1791257501.9708,O,,,,-1.57869,-0.1065,0.1858
1791257501.9716,O,,,,-1.57339,-0.1066,0.1815
1791257501.9724,O,,,,-1.56810,-0.1066,0.1773
1791257501.9731,O,,,,-1.56280,-0.1065,0.1731
1791257501.9847,R,C,,-57,,,
1791257501.9889,R,A,,-40,,,
1791257502.0064,R,B,,-69,,,
1791257502.0182,R,C,,-70,,,
1791257502.0188,R,A,,-63,,,
1791257502.0510,O,,,,-1.55883,-0.1065,0.1691
1791257502.0518,O,,,,-1.55354,-0.1064,0.1649
1791257502.0527,O,,,,-1.54824,-0.1064,0.1606
1791257502.0534,O,,,,-1.54295,-0.1062,0.1564
1791257502.0570,R,B,,-84,,,
1791257502.0849,R,C,,-82,,,
1791257502.0856,R,A,,-65,,,
1791257502.0885,R,A,,-67,,,
1791257502.1260,O,,,,-1.53765,-0.1061,0.1522
1791257502.1269,O,,,,-1.53104,-0.1060,0.1477
1791257502.1278,O,,,,-1.52442,-0.1058,0.1437
1791257502.1286,O,,,,-1.51912,-0.1056,0.1395
1791257502.1354,R,C,,-83,,,
1791257502.1392,R,A,,-63,,,
1791257502.2061,O,,,,-1.51251,-0.1054,0.1355
1791257502.2070,O,,,,-1.50589,-0.1051,0.1315
1791257502.2078,O,,,,-1.50059,-0.1049,0.1278
1791257502.2086,O,,,,-1.49397,-0.1046,0.1239
1791257502.1758,R,C,,-76,,,
1791257502.1765,R,B,,-70,,,
1791257502.1895,R,A,,-63,,,
1791257502.2245,R,A,,-67,,,
1791257502.2277,R,C,,-71,,,
1791257502.2636,R,A,,-64,,,
1791257502.2637,R,C,,-76,,,
1791257502.2758,O,,,,-1.48736,-0.1043,0.1199
1791257502.2769,O,,,,-1.48074,-0.1039,0.1160
1791257502.2780,O,,,,-1.47280,-0.1036,0.1123
1791257502.2874,R,B,,-73,,,
1791257502.3518,O,,,,-1.46485,-0.1032,0.1086
1791257502.3527,O,,,,-1.45691,-0.1028,0.1054
1791257502.3535,O,,,,-1.45029,-0.1024,0.1020
1791257502.3543,O,,,,-1.44235,-0.1020,0.0989
1791257502.3350,R,C,,-70,,,
1791257502.3368,R,A,,-65,,,
1791257502.3371,R,B,,-70,,,
1791257502.3548,R,B,,-71,,,
1791257502.3551,R,A,,-63,,,
1791257502.3854,R,C,,-62,,,
1791257502.3919,R,C,,-74,,,
1791257502.3920,R,B,,-81,,,
1791257502.4319,O,,,,-1.43441,-0.1016,0.0957
1791257502.4332,O,,,,-1.42514,-0.1012,0.0928
1791257502.4344,O,,,,-1.41720,-0.1007,0.0897
1791257502.4355,O,,,,-1.40794,-0.1003,0.0868
1791257502.4393,R,B,,-67,,,
1791257502.4395,R,A,,-74,,,
1791257502.5109,O,,,,-1.39867,-0.0998,0.0839
1791257502.5118,O,,,,-1.38940,-0.0993,0.0811
1791257502.5126,O,,,,-1.38279,-0.0987,0.0782
1791257502.5134,O,,,,-1.37220,-0.0982,0.0756
1791257502.4764,R,C,,-69,,,
1791257502.4848,R,C,,-73,,,
1791257502.4852,R,A,,-67,,,
1791257502.5066,R,B,,-73,,,
1791257502.5356,R,C,,-68,,,
1791257502.5392,R,A,,-63,,,
1791257502.5410,R,B,,-75,,,
1791257502.5912,O,,,,-1.36426,-0.0977,0.0730
1791257502.5925,O,,,,-1.35367,-0.0971,0.0704
1791257502.5941,O,,,,-1.34572,-0.0966,0.0679
1791257502.5954,O,,,,-1.33646,-0.0960,0.0655
1791257502.5717,R,C,,-67,,,
1791257502.5897,R,A,,-61,,,
1791257502.6067,R,B,,-65,,,
1791257502.6671,O,,,,-1.32587,-0.0954,0.0630
1791257502.6683,O,,,,-1.31660,-0.0948,0.0607
1791257502.6695,O,,,,-1.30734,-0.0942,0.0584
1791257502.6708,O,,,,-1.29675,-0.0936,0.0563
1791257502.6351,R,C,,-70,,,
1791257502.6397,R,A,,-61,,,
1791257502.6446,R,B,,-62,,,
1791257502.6648,R,B,,-66,,,
1791257502.6662,R,C,,-62,,,
1791257502.6666,R,A,,-57,,,
1791257502.7123,R,C,,-62,,,
1791257502.7125,R,A,,-59,,,
1791257502.7421,O,,,,-1.28748,-0.0930,0.0540
1791257502.7435,O,,,,-1.27557,-0.0923,0.0517
1791257502.7447,O,,,,-1.26498,-0.0917,0.0497
1791257502.7490,R,B,,-70,,,
1791257502.7565,R,B,,-68,,,
1791257502.8164,O,,,,-1.25439,-0.0910,0.0477
1791257502.8181,O,,,,-1.24248,-0.0903,0.0454
1791257502.8193,O,,,,-1.23189,-0.0896,0.0434
1791257502.8201,O,,,,-1.21998,-0.0888,0.0412
1791257502.7850,R,C,,-65,,,
1791257502.7896,R,A,,-58,,,
1791257502.8072,R,B,,-67,,,
1791257502.8357,R,C,,-61,,,
1791257502.8398,R,A,,-56,,,
1791257502.8511,R,B,,-74,,,
1791257502.8512,R,C,,-60,,,
1791257502.8908,O,,,,-1.20806,-0.0879,0.0390
1791257502.8917,O,,,,-1.19615,-0.0871,0.0367
1791257502.8925,O,,,,-1.18424,-0.0862,0.0345
1791257502.8933,O,,,,-1.17100,-0.0854,0.0326
1791257502.8846,R,C,,-59,,,
1791257502.8861,R,B,,-67,,,
1791257502.8898,R,A,,-67,,,
1791257502.9358,R,C,,-62,,,
1791257502.9398,R,A,,-65,,,
1791257502.9524,R,B,,-68,,,
1791257502.9714,O,,,,-1.15909,-0.0844,0.0304
1791257502.9722,O,,,,-1.14585,-0.0836,0.0284
1791257502.9730,O,,,,-1.13262,-0.0827,0.0265
1791257502.9738,O,,,,-1.11806,-0.0817,0.0244
1791257502.9704,R,B,,-82,,,
1791257502.9707,R,C,,-69,,,
1791257502.9898,R,A,,-62,,,
1791257503.0459,O,,,,-1.10482,-0.0807,0.0225
1791257503.0468,O,,,,-1.09158,-0.0798,0.0206
1791257503.0477,O,,,,-1.07702,-0.0789,0.0190
1791257503.0484,O,,,,-1.06379,-0.0779,0.0171
1791257503.0274,R,C,,-67,,,
1791257503.0275,R,A,,-63,,,
1791257503.0277,R,B,,-64,,,
1791257503.0681,R,C,,-62,,,
1791257503.0687,R,A,,-64,,,
1791257503.1073,R,B,,-69,,,
1791257503.1132,R,B,,-65,,,
1791257503.1144,R,C,,-70,,,
1791257503.1259,O,,,,-1.04922,-0.0767,0.0150
1791257503.1269,O,,,,-1.03466,-0.0758,0.0134
1791257503.1277,O,,,,-1.02143,-0.0747,0.0116
1791257503.1285,O,,,,-1.00952,-0.0737,0.0100
1791257503.1395,R,A,,-66,,,
1791257503.1590,R,A,,-59,,,
1791257503.2061,O,,,,-0.99495,-0.0727,0.0085
1791257503.2070,O,,,,-0.98172,-0.0715,0.0067
1791257503.2078,O,,,,-0.96716,-0.0705,0.0052
1791257503.2086,O,,,,-0.95525,-0.0694,0.0036
1791257503.1851,R,C,,-66,,,
1791257503.2067,R,B,,-67,,,
1791257503.2359,R,C,,-63,,,
1791257503.2395,R,A,,-57,,,
1791257503.2574,R,B,,-70,,,
1791257503.2611,R,C,,-64,,,
1791257503.2614,R,A,,-52,,,
1791257503.2712,O,,,,-0.94068,-0.0684,0.0021
1791257503.2721,O,,,,-0.92612,-0.0676,0.0011
1791257503.2729,O,,,,-0.91156,-0.0664,-0.0004
1791257503.3003,R,A,,-56,,,
1791257503.3006,R,B,,-69,,,
1791257503.3516,O,,,,-0.89700,-0.0656,-0.0014
1791257503.3526,O,,,,-0.88244,-0.0648,-0.0025
1791257503.3534,O,,,,-0.86656,-0.0641,-0.0033
1791257503.3542,O,,,,-0.85200,-0.0633,-0.0043
1791257503.3354,R,C,,-64,,,
1791257503.3859,R,C,,-67,,,
1791257503.3897,R,A,,-53,,,
1791257503.3909,R,B,,-63,,,
1791257503.4313,O,,,,-0.83612,-0.0625,-0.0051
1791257503.4327,O,,,,-0.81891,-0.0620,-0.0057
1791257503.4335,O,,,,-0.80435,-0.0615,-0.0062
1791257503.4343,O,,,,-0.78846,-0.0607,-0.0070
1791257503.4359,R,C,,-55,,,
1791257503.4569,R,B,,-69,,,
1791257503.4642,R,C,,-55,,,
1791257503.5063,O,,,,-0.77126,-0.0602,-0.0075
1791257503.5072,O,,,,-0.75670,-0.0600,-0.0077
1791257503.5080,O,,,,-0.74081,-0.0596,-0.0081
1791257503.5088,O,,,,-0.72493,-0.0592,-0.0084
1791257503.4851,R,A,,-57,,,
1791257503.4852,R,C,,-57,,,
1791257503.4854,R,B,,-64,,,
1791257503.5279,R,B,,-69,,,
1791257503.5358,R,C,,-55,,,
1791257503.5396,R,A,,-55,,,
1791257503.5854,O,,,,-0.70904,-0.0592,-0.0084
1791257503.5865,O,,,,-0.69448,-0.0590,-0.0086
1791257503.5874,O,,,,-0.67860,-0.0590,-0.0086
1791257503.5881,O,,,,-0.66404,-0.0588,-0.0088
1791257503.6181,R,B,,-64,,,
1791257503.6617,O,,,,-0.64816,-0.0588,-0.0088
1791257503.6627,O,,,,-0.63492,-0.0588,-0.0088
1791257503.6636,O,,,,-0.62036,-0.0586,-0.0089
1791257503.6644,O,,,,-0.60712,-0.0586,-0.0089
1791257503.6359,R,C,,-71,,,
1791257503.6401,R,A,,-55,,,
1791257503.6573,R,B,,-64,,,
1791257503.6788,R,C,,-60,,,
1791257503.6792,R,A,,-54,,,
1791257503.6987,R,B,,-63,,,
1791257503.7315,O,,,,-0.59389,-0.0586,-0.0089
1791257503.7323,O,,,,-0.58197,-0.0588,-0.0088
1791257503.7331,O,,,,-0.56874,-0.0588,-0.0088
1791257503.7353,R,C,,-58,,,
1791257503.7400,R,A,,-54,,,
1791257503.7416,R,B,,-70,,,
1791257503.7643,R,C,,-60,,,
1791257503.8113,O,,,,-0.55682,-0.0586,-0.0089
1791257503.8123,O,,,,-0.54359,-0.0586,-0.0089
1791257503.8131,O,,,,-0.53035,-0.0586,-0.0089
1791257503.8139,O,,,,-0.51711,-0.0586,-0.0089
1791257503.7824,R,C,,-58,,,
1791257503.7828,R,A,,-57,,,
1791257503.7835,R,B,,-66,,,
1791257503.8356,R,C,,-61,,,
1791257503.8399,R,A,,-55,,,
1791257503.8492,R,B,,-66,,,
1791257503.8909,O,,,,-0.50388,-0.0586,-0.0089
1791257503.8918,O,,,,-0.49064,-0.0586,-0.0089
1791257503.8926,O,,,,-0.47740,-0.0586,-0.0089
1791257503.8934,O,,,,-0.46549,-0.0588,-0.0088
1791257503.8706,R,C,,-60,,,
1791257503.8866,R,B,,-67,,,
1791257503.8901,R,A,,-55,,,
1791257503.9662,O,,,,-0.45226,-0.0588,-0.0088
1791257503.9672,O,,,,-0.43902,-0.0588,-0.0088
1791257503.9681,O,,,,-0.42711,-0.0586,-0.0089
1791257503.9688,O,,,,-0.41652,-0.0586,-0.0089
1791257503.9355,R,C,,-56,,,
1791257503.9403,R,A,,-54,,,
1791257503.9504,R,C,,-54,,,
1791257503.9576,R,B,,-74,,,
1791257503.9901,R,A,,-55,,,
1791257503.9986,R,C,,-53,,,
1791257503.9991,R,B,,-64,,,
1791257504.0523,O,,,,-0.40460,-0.0588,-0.0088
1791257504.0536,O,,,,-0.39269,-0.0586,-0.0089
1791257504.0545,O,,,,-0.37945,-0.0586,-0.0089
1791257504.0553,O,,,,-0.36754,-0.0588,-0.0088
1791257504.0403,R,A,,-52,,,
1791257504.0419,R,C,,-61,,,
1791257504.0575,R,B,,-70,,,
1791257504.0894,R,A,,-57,,,
1791257504.0970,R,B,,-70,,,
1791257504.0971,R,C,,-59,,,
1791257504.1209,O,,,,-0.35430,-0.0588,-0.0088
1791257504.1219,O,,,,-0.34239,-0.0586,-0.0089
1791257504.1228,O,,,,-0.33048,-0.0588,-0.0088
1791257504.1236,O,,,,-0.31857,-0.0586,-0.0089
1791257504.1341,R,A,,-54,,,
1791257504.1355,R,C,,-61,,,
1791257504.1571,R,B,,-63,,,
1791257504.2024,O,,,,-0.30533,-0.0586,-0.0089
1791257504.2033,O,,,,-0.29209,-0.0586,-0.0089
1791257504.2046,O,,,,-0.27886,-0.0586,-0.0089
1791257504.2054,O,,,,-0.26694,-0.0588,-0.0088
1791257504.1748,R,B,,-73,,,
1791257504.1861,R,C,,-62,,,
1791257504.1898,R,A,,-53,,,
1791257504.2163,R,A,,-56,,,
1791257504.2774,O,,,,-0.25238,-0.0591,-0.0088
1791257504.2787,O,,,,-0.23915,-0.0591,-0.0088
1791257504.2795,O,,,,-0.22591,-0.0591,-0.0088
1791257504.2862,R,C,,-56,,,
1791257504.3072,R,B,,-62,,,
1791257504.3131,R,A,,-56,,,
1791257504.3132,R,C,,-51,,,
1791257504.3513,O,,,,-0.21267,-0.0585,-0.0089
1791257504.3524,O,,,,-0.20076,-0.0583,-0.0089
1791257504.3533,O,,,,-0.18885,-0.0580,-0.0090
1791257504.3541,O,,,,-0.17693,-0.0578,-0.0090
1791257504.3515,R,B,,-72,,,
1791257504.3568,R,A,,-56,,,
1791257504.3575,R,C,,-57,,,
1791257504.4006,R,C,,-55,,,
1791257504.4008,R,B,,-68,,,
1791257504.4017,R,A,,-56,,,
1791257504.4264,O,,,,-0.16767,-0.0575,-0.0091
1791257504.4274,O,,,,-0.15576,-0.0572,-0.0091
1791257504.4283,O,,,,-0.14517,-0.0567,-0.0092
1791257504.4291,O,,,,-0.13590,-0.0559,-0.0093
1791257504.4572,R,B,,-64,,,
1791257504.5060,O,,,,-0.12531,-0.0554,-0.0094
1791257504.5068,O,,,,-0.11605,-0.0546,-0.0095
1791257504.5077,O,,,,-0.10546,-0.0536,-0.0096
1791257504.5085,O,,,,-0.09487,-0.0525,-0.0097
1791257504.4844,R,C,,-53,,,
1791257504.4846,R,A,,-56,,,
1791257504.4872,R,C,,-56,,,
1791257504.4873,R,A,,-53,,,
1791257504.5077,R,B,,-72,,,
1791257504.5335,R,C,,-55,,,
1791257504.5337,R,A,,-57,,,
1791257504.5579,R,B,,-80,,,
1791257504.5663,R,A,,-54,,,
1791257504.5859,O,,,,-0.08428,-0.0515,-0.0098
1791257504.5870,O,,,,-0.07369,-0.0504,-0.0099
1791257504.5879,O,,,,-0.06310,-0.0488,-0.0100
1791257504.5887,O,,,,-0.05383,-0.0475,-0.0101
1791257504.5855,R,C,,-52,,,
1791257504.6077,R,B,,-66,,,
1791257504.6611,O,,,,-0.04192,-0.0456,-0.0102
1791257504.6621,O,,,,-0.03133,-0.0441,-0.0102
1791257504.6632,O,,,,-0.01942,-0.0422,-0.0103
1791257504.6642,O,,,,-0.00883,-0.0406,-0.0103
1791257504.6331,R,C,,-55,,,
1791257504.6400,R,A,,-57,,,
1791257504.6579,R,C,,-60,,,
1791257504.6906,R,A,,-65,,,
1791257504.7078,R,B,,-76,,,
1791257504.7310,O,,,,0.00308,-0.0388,-0.0103
1791257504.7319,O,,,,0.01632,-0.0366,-0.0103
1791257504.7327,O,,,,0.02823,-0.0348,-0.0102
1791257504.7362,R,C,,-55,,,
1791257504.7407,R,A,,-60,,,
1791257504.7544,R,B,,-64,,,
1791257504.8094,O,,,,0.03882,-0.0327,-0.0102
1791257504.8104,O,,,,0.04941,-0.0306,-0.0101
1791257504.8113,O,,,,0.06132,-0.0287,-0.0100
1791257504.8121,O,,,,0.07191,-0.0266,-0.0098
1791257504.7864,R,C,,-57,,,
1791257504.7904,R,A,,-54,,,
1791257504.7954,R,B,,-71,,,
1791257504.8205,R,C,,-63,,,
1791257504.8377,R,A,,-58,,,
1791257504.8439,R,B,,-70,,,
1791257504.8480,R,C,,-54,,,
1791257504.8484,R,A,,-56,,,
1791257504.8861,O,,,,0.08250,-0.0245,-0.0097
1791257504.8869,O,,,,0.09309,-0.0224,-0.0095
1791257504.8879,O,,,,0.10368,-0.0203,-0.0093
1791257504.8889,O,,,,0.11295,-0.0184,-0.0091
1791257504.8891,R,A,,-54,,,
1791257504.8893,R,B,,-63,,,
1791257504.9662,O,,,,0.12354,-0.0163,-0.0088
1791257504.9672,O,,,,0.13280,-0.0145,-0.0086
1791257504.9681,O,,,,0.14339,-0.0124,-0.0083
1791257504.9689,O,,,,0.15266,-0.0106,-0.0080
1791257504.9347,R,C,,-54,,,
1791257504.9367,R,B,,-70,,,
1791257504.9404,R,A,,-51,,,
1791257504.9864,R,C,,-56,,,
1791257504.9904,R,A,,-52,,,
1791257505.0075,R,B,,-65,,,
1791257505.0412,O,,,,0.16192,-0.0087,-0.0077
1791257505.0421,O,,,,0.16986,-0.0072,-0.0075
1791257505.0429,O,,,,0.17913,-0.0053,-0.0071
1791257505.0436,O,,,,0.18707,-0.0038,-0.0068
1791257505.0252,R,A,,-51,,,
1791257505.0365,R,C,,-55,,,
1791257505.0530,R,B,,-65,,,
1791257505.0672,R,C,,-49,,,
1791257505.0900,R,A,,-51,,,
1791257505.1079,R,B,,-69,,,
1791257505.1211,O,,,,0.19501,-0.0017,-0.0064
1791257505.1220,O,,,,0.20296,-0.0001,-0.0061
1791257505.1228,O,,,,0.20957,0.0017,-0.0058
1791257505.1235,O,,,,0.21619,0.0035,-0.0054
1791257505.1359,R,C,,-52,,,
1791257505.1406,R,A,,-53,,,
1791257505.1513,R,B,,-66,,,
1791257505.1542,R,B,,-69,,,
1791257505.1544,R,C,,-56,,,
1791257505.1547,R,A,,-50,,,
1791257505.1910,O,,,,0.22149,0.0056,-0.0049
1791257505.1920,O,,,,0.22678,0.0076,-0.0044
1791257505.1927,O,,,,0.23340,0.0099,-0.0039
1791257505.2075,R,B,,-67,,,
1791257505.2669,O,,,,0.24002,0.0123,-0.0033
1791257505.2681,O,,,,0.24399,0.0146,-0.0028
1791257505.2688,O,,,,0.24928,0.0171,-0.0021
1791257505.2696,O,,,,0.25458,0.0197,-0.0014
1791257505.2331,R,C,,-52,,,
1791257505.2338,R,A,,-52,,,
1791257505.2343,R,B,,-72,,,
1791257505.2358,R,C,,-51,,,
1791257505.2404,R,A,,-52,,,
1791257505.2813,R,C,,-58,,,
1791257505.2817,R,A,,-54,,,
1791257505.3075,R,B,,-77,,,
1791257505.3460,O,,,,0.25723,0.0223,-0.0008
1791257505.3469,O,,,,0.26120,0.0251,-0.0000
1791257505.3478,O,,,,0.26384,0.0276,0.0007
1791257505.3487,O,,,,0.26781,0.0304,0.0014
1791257505.3358,R,C,,-58,,,
1791257505.3402,R,A,,-55,,,
1791257505.3419,R,B,,-70,,,
1791257505.3706,R,A,,-53,,,
1791257505.3707,R,B,,-83,,,
1791257505.3865,R,C,,-55,,,
1791257505.4258,O,,,,0.27046,0.0330,0.0021
1791257505.4268,O,,,,0.27576,0.0355,0.0028
1791257505.4277,O,,,,0.27840,0.0386,0.0037
1791257505.4285,O,,,,0.28105,0.0411,0.0044
1791257505.4365,R,C,,-56,,,
1791257505.4402,R,A,,-58,,,
1791257505.4631,R,C,,-52,,,
1791257505.4650,R,B,,-67,,,
1791257505.5014,O,,,,0.28502,0.0439,0.0052
1791257505.5023,O,,,,0.28767,0.0470,0.0061
1791257505.5031,O,,,,0.28899,0.0498,0.0070
1791257505.5039,O,,,,0.29164,0.0523,0.0077
1791257505.4906,R,A,,-53,,,
1791257505.5076,R,B,,-62,,,
1791257505.5140,R,C,,-50,,,
1791257505.5413,R,A,,-50,,,
1791257505.5532,R,B,,-64,,,
1791257505.5608,R,C,,-56,,,
1791257505.5818,O,,,,0.29429,0.0554,0.0087
1791257505.5826,O,,,,0.29693,0.0579,0.0094
1791257505.5837,O,,,,0.30091,0.0607,0.0103
1791257505.5845,O,,,,0.30223,0.0635,0.0111
1791257505.5743,R,A,,-55,,,
1791257505.6046,R,B,,-68,,,
1791257505.6613,O,,,,0.30620,0.0662,0.0120
1791257505.6626,O,,,,0.30752,0.0690,0.0129
1791257505.6639,O,,,,0.31150,0.0718,0.0138
1791257505.6652,O,,,,0.31414,0.0748,0.0148
1791257505.6359,R,C,,-53,,,
1791257505.6403,R,A,,-59,,,
1791257505.6576,R,B,,-74,,,
1791257505.6772,R,A,,-58,,,
1791257505.6774,R,C,,-61,,,
1791257505.6908,R,C,,-61,,,
1791257505.7082,R,B,,-73,,,
1791257505.7259,O,,,,0.31679,0.0778,0.0157
1791257505.7270,O,,,,0.31811,0.0811,0.0168
1791257505.7278,O,,,,0.32076,0.0841,0.0178
1791257505.7397,R,A,,-52,,,
1791257505.7402,R,B,,-63,,,
1791257505.7504,R,C,,-58,,,
1791257505.8101,O,,,,0.32208,0.0874,0.0189
1791257505.8113,O,,,,0.32473,0.0909,0.0201
1791257505.8121,O,,,,0.32738,0.0944,0.0213
1791257505.8129,O,,,,0.32870,0.0982,0.0225
1791257505.7815,R,C,,-58,,,
1791257505.7818,R,A,,-50,,,
1791257505.7923,R,B,,-66,,,
1791257505.8239,R,C,,-56,,,
1791257505.8404,R,A,,-51,,,
1791257505.8579,R,B,,-65,,,
1791257505.8859,O,,,,0.33135,0.1022,0.0239
1791257505.8869,O,,,,0.33400,0.1057,0.0251
1791257505.8878,O,,,,0.33664,0.1097,0.0265
1791257505.8885,O,,,,0.33797,0.1134,0.0278
1791257505.8833,R,C,,-58,,,
1791257505.8835,R,B,,-70,,,
1791257505.8838,R,A,,-58,,,
1791257505.9048,R,C,,-56,,,
1791257505.9050,R,B,,-70,,,
1791257505.9053,R,A,,-56,,,
1791257505.9610,O,,,,0.34062,0.1174,0.0293
1791257505.9620,O,,,,0.34194,0.1212,0.0306
1791257505.9628,O,,,,0.34591,0.1249,0.0319
1791257505.9636,O,,,,0.34723,0.1286,0.0333
1791257505.9578,R,B,,-64,,,
1791257505.9861,R,C,,-55,,,
1791257505.9904,R,A,,-56,,,
1791257506.0427,O,,,,0.34988,0.1326,0.0347
1791257506.0436,O,,,,0.35253,0.1366,0.0362
1791257506.0444,O,,,,0.35385,0.1403,0.0375
1791257506.0452,O,,,,0.35650,0.1443,0.0390
1791257506.0583,R,B,,-65,,,
1791257506.0648,R,C,,-58,,,
1791257506.0929,R,B,,-59,,,
1791257506.0933,R,C,,-60,,,
1791257506.1211,O,,,,0.35915,0.1482,0.0405
1791257506.1219,O,,,,0.36179,0.1522,0.0420
1791257506.1228,O,,,,0.36444,0.1562,0.0435
1791257506.1235,O,,,,0.36577,0.1599,0.0449
1791257506.1580,R,C,,-63,,,
1791257506.1581,R,B,,-76,,,
1791257506.1860,O,,,,0.36974,0.1636,0.0463
1791257506.1871,O,,,,0.37106,0.1673,0.0478
1791257506.1880,O,,,,0.37371,0.1712,0.0493
1791257506.1897,R,B,,-68,,,
1791257506.1912,R,A,,-58,,,
1791257506.1959,R,C,,-57,,,
1791257506.2660,O,,,,0.37635,0.1752,0.0509
1791257506.2671,O,,,,0.37768,0.1789,0.0523
1791257506.2684,O,,,,0.38033,0.1828,0.0539
1791257506.2692,O,,,,0.38297,0.1867,0.0555
1791257506.2578,R,B,,-64,,,
1791257506.2824,R,B,,-79,,,
1791257506.2837,R,C,,-57,,,
1791257506.2908,R,A,,-60,,,
1791257506.3436,O,,,,0.38430,0.1904,0.0570
1791257506.3447,O,,,,0.38694,0.1943,0.0586
1791257506.3456,O,,,,0.38959,0.1983,0.0602
1791257506.3464,O,,,,0.39091,0.2019,0.0617
1791257506.3287,R,C,,-56,,,
1791257506.3359,R,A,,-59,,,
1791257506.3367,R,B,,-68,,,
1791257506.4244,O,,,,0.39356,0.2058,0.0633
1791257506.3702,R,A,,-59,,,
1791257506.3863,R,C,,-57,,,
1791257506.4047,R,B,,-66,,,
1791257506.4170,R,C,,-52,,,
1791257506.4173,R,A,,-57,,,
1791257506.4259,O,,,,0.39753,0.2095,0.0648
1791257506.4268,O,,,,0.40018,0.2134,0.0665
1791257506.4276,O,,,,0.40150,0.2171,0.0680
1791257506.4579,R,B,,-69,,,
1791257506.5009,O,,,,0.40415,0.2210,0.0697
1791257506.5019,O,,,,0.40680,0.2249,0.0714
1791257506.5028,O,,,,0.40812,0.2285,0.0729
1791257506.5036,O,,,,0.41077,0.2324,0.0746
1791257506.4862,R,C,,-61,,,
1791257506.4913,R,A,,-56,,,
1791257506.5050,R,C,,-62,,,
1791257506.5060,R,B,,-81,,,
1791257506.5065,R,A,,-56,,,
1791257506.5514,R,B,,-76,,,
1791257506.5655,R,C,,-63,,,
1791257506.5813,O,,,,0.41342,0.2363,0.0763
1791257506.5823,O,,,,0.41474,0.2399,0.0779
1791257506.5832,O,,,,0.41871,0.2435,0.0795
1791257506.5840,O,,,,0.42136,0.2474,0.0812
1791257506.5906,R,A,,-61,,,
1791257506.6079,R,B,,-70,,,
1791257506.6083,R,A,,-61,,,
1791257506.6086,R,C,,-61,,,
1791257506.6561,O,,,,0.42401,0.2513,0.0830
1791257506.6571,O,,,,0.42533,0.2549,0.0846
1791257506.6579,O,,,,0.42798,0.2587,0.0864
1791257506.6587,O,,,,0.42930,0.2624,0.0880
1791257506.6432,R,B,,-63,,,
1791257506.6838,R,C,,-57,,,
1791257506.6864,R,C,,-57,,,
1791257506.6905,R,A,,-56,,,
1791257506.7080,R,B,,-63,,,
1791257506.7260,O,,,,0.43195,0.2662,0.0898
1791257506.7270,O,,,,0.43460,0.2700,0.0916
1791257506.7278,O,,,,0.43592,0.2736,0.0932
1791257506.7243,R,B,,-65,,,
1791257506.7260,R,A,,-58,,,
1791257506.7363,R,C,,-57,,,
1791257506.8084,O,,,,0.43857,0.2775,0.0950
1791257506.8094,O,,,,0.44121,0.2813,0.0968
1791257506.8103,O,,,,0.44386,0.2847,0.0984
1791257506.8111,O,,,,0.44651,0.2885,0.1002
1791257506.7870,R,C,,-68,,,
1791257506.7902,R,B,,-71,,,
1791257506.7914,R,A,,-62,,,
1791257506.8139,R,C,,-69,,,
1791257506.8225,R,A,,-63,,,
1791257506.8228,R,B,,-75,,,
1791257506.8580,R,B,,-67,,,
1791257506.8815,O,,,,0.44916,0.2923,0.1021
1791257506.8828,O,,,,0.45180,0.2961,0.1039
1791257506.8836,O,,,,0.45313,0.2997,0.1057
1791257506.8845,O,,,,0.45577,0.3035,0.1075
1791257506.8828,R,A,,-60,,,
1791257506.8830,R,C,,-57,,,
1791257506.9056,R,B,,-69,,,
1791257506.9613,O,,,,0.45842,0.3073,0.1094
1791257506.9628,O,,,,0.45974,0.3109,0.1111
1791257506.9636,O,,,,0.46239,0.3147,0.1130
1791257506.9643,O,,,,0.46504,0.3184,0.1149
1791257506.9256,R,C,,-60,,,
1791257506.9407,R,A,,-58,,,
1791257507.0033,R,B,,-64,,,
1791257507.0362,O,,,,0.46901,0.3220,0.1167
1791257507.0374,O,,,,0.47033,0.3255,0.1185
1791257507.0385,O,,,,0.47298,0.3293,0.1204
1791257507.0396,O,,,,0.47563,0.3331,0.1224
1791257507.0311,R,C,,-55,,,
1791257507.0313,R,A,,-58,,,
1791257507.0581,R,B,,-67,,,
1791257507.1160,O,,,,0.47828,0.3368,0.1243
1791257507.1169,O,,,,0.47960,0.3404,0.1261
1791257507.1177,O,,,,0.48225,0.3441,0.1281
1791257507.1185,O,,,,0.48489,0.3479,0.1301
1791257507.0721,R,C,,-58,,,
1791257507.0865,R,B,,-68,,,
1791257507.0867,R,C,,-60,,,
1791257507.0907,R,A,,-61,,,
1791257507.1336,R,C,,-58,,,
1791257507.1338,R,B,,-66,,,
1791257507.1341,R,A,,-63,,,
1791257507.1861,O,,,,0.48622,0.3514,0.1319
1791257507.1878,O,,,,0.49019,0.3549,0.1338
1791257507.1890,O,,,,0.49284,0.3586,0.1358
1791257507.1702,R,B,,-67,,,
1791257507.1708,R,C,,-57,,,
1791257507.1909,R,A,,-67,,,
1791257507.2182,R,C,,-60,,,
1791257507.2666,O,,,,0.49416,0.3621,0.1377
1791257507.2676,O,,,,0.49681,0.3658,0.1397
1791257507.2684,O,,,,0.49945,0.3696,0.1417
1791257507.2691,O,,,,0.50078,0.3730,0.1436
1791257507.2347,R,A,,-64,,,
1791257507.2354,R,B,,-65,,,
1791257507.3435,O,,,,0.50343,0.3768,0.1457
1791257507.3449,O,,,,0.50607,0.3805,0.1477
1791257507.3461,O,,,,0.50872,0.3837,0.1495
1791257507.3473,O,,,,0.51137,0.3874,0.1516
1791257507.3365,R,C,,-68,,,
1791257507.3396,R,A,,-69,,,
1791257507.3534,R,A,,-69,,,
1791257507.3536,R,B,,-68,,,
1791257507.3538,R,C,,-63,,,
1791257507.3996,R,B,,-63,,,
1791257507.4213,O,,,,0.51401,0.3911,0.1536
1791257507.4222,O,,,,0.51666,0.3948,0.1557
1791257507.4229,O,,,,0.51931,0.3985,0.1578
1791257507.4237,O,,,,0.52063,0.4019,0.1598
1791257507.4375,R,C,,-61,,,
1791257507.4416,R,A,,-66,,,
1791257507.4477,R,B,,-66,,,
1791257507.4482,R,A,,-66,,,
1791257507.4961,O,,,,0.52328,0.4056,0.1619
1791257507.4975,O,,,,0.52460,0.4090,0.1639
1791257507.4987,O,,,,0.52725,0.4127,0.1660
1791257507.4999,O,,,,0.53122,0.4161,0.1680
1791257507.5082,R,B,,-68,,,
1791257507.5373,R,C,,-64,,,
1791257507.5408,R,A,,-68,,,
1791257507.5513,R,B,,-68,,,
1791257507.5765,O,,,,0.53387,0.4198,0.1702
1791257507.5779,O,,,,0.53519,0.4232,0.1722
1791257507.5792,O,,,,0.53784,0.4268,0.1744
1791257507.5804,O,,,,0.54049,0.4304,0.1765
1791257507.5872,R,C,,-65,,,
1791257507.5913,R,A,,-67,,,
1791257507.6082,R,B,,-70,,,
1791257507.6561,O,,,,0.54314,0.4341,0.1787
1791257507.6576,O,,,,0.54446,0.4375,0.1808
1791257507.6588,O,,,,0.54711,0.4411,0.1830
1791257507.6600,O,,,,0.54975,0.4447,0.1852
1791257507.6327,R,B,,-68,,,
1791257507.6345,R,C,,-66,,,
1791257507.6415,R,A,,-69,,,
1791257507.6831,R,A,,-68,,,
1791257507.6866,R,C,,-65,,,
1791257507.7084,R,B,,-67,,,
1791257507.7215,O,,,,0.55108,0.4481,0.1873
1791257507.7224,O,,,,0.55505,0.4515,0.1894
1791257507.7231,O,,,,0.55770,0.4551,0.1916
1791257507.7278,R,C,,-66,,,
1791257507.7279,R,B,,-67,,,
1791257507.7283,R,A,,-69,,,
1791257507.8017,O,,,,0.56034,0.4587,0.1938
1791257507.8030,O,,,,0.56167,0.4620,0.1960
1791257507.8043,O,,,,0.56431,0.4656,0.1982
1791257507.8055,O,,,,0.56696,0.4692,0.2005
1791257507.7744,R,C,,-63,,,
1791257507.7747,R,A,,-66,,,
1791257507.8083,R,B,,-67,,,
1791257507.8213,R,B,,-72,,,
1791257507.8367,R,C,,-66,,,
1791257507.8410,R,A,,-70,,,
1791257507.8819,O,,,,0.56828,0.4725,0.2026
1791257507.8832,O,,,,0.57093,0.4761,0.2049
1791257507.8867,O,,,,0.57226,0.4794,0.2070
1791257507.8876,O,,,,0.57490,0.4830,0.2093
1791257507.8702,R,C,,-67,,,
1791257507.8879,R,A,,-74,,,
1791257507.9083,R,B,,-74,,,
1791257507.9559,O,,,,0.57755,0.4865,0.2117
1791257507.9568,O,,,,0.58152,0.4899,0.2138
1791257507.9576,O,,,,0.58285,0.4932,0.2160
1791257507.9583,O,,,,0.58549,0.4967,0.2184
1791257507.9345,R,B,,-68,,,
1791257507.9368,R,C,,-65,,,
1791257507.9410,R,A,,-69,,,
1791257507.9586,R,B,,-67,,,
1791257507.9602,R,C,,-67,,,
1791257507.9606,R,A,,-66,,,
1791257508.0030,R,A,,-74,,,
1791257508.0089,R,B,,-67,,,
1791257508.0359,O,,,,0.58814,0.5002,0.2207
1791257508.0370,O,,,,0.58946,0.5035,0.2229
1791257508.0378,O,,,,0.59211,0.5071,0.2253
1791257508.0387,O,,,,0.59211,0.5106,0.2276
1791257508.0373,R,C,,-65,,,
1791257508.0590,R,B,,-67,,,
1791257508.0679,R,C,,-65,,,
1791257508.1160,O,,,,0.59343,0.5139,0.2298
1791257508.1173,O,,,,0.59476,0.5172,0.2321
1791257508.1181,O,,,,0.59476,0.5207,0.2344
1791257508.1189,O,,,,0.59476,0.5242,0.2368
1791257508.0888,R,B,,-66,,,
1791257508.0889,R,A,,-65,,,
1791257508.0916,R,A,,-64,,,
1791257508.1367,R,C,,-69,,,
1791257508.1415,R,A,,-68,,,
1791257508.1546,R,B,,-65,,,
1791257508.1811,O,,,,0.59476,0.5277,0.2392
1791257508.1824,O,,,,0.59608,0.5310,0.2414
1791257508.1836,O,,,,0.59608,0.5345,0.2438
1791257508.1773,R,C,,-68,,,
1791257508.1781,R,B,,-67,,,
1791257508.1915,R,A,,-68,,,
1791257508.2611,O,,,,0.59608,0.5380,0.2462
1791257508.2621,O,,,,0.59741,0.5413,0.2484
1791257508.2629,O,,,,0.59741,0.5448,0.2508
1791257508.2637,O,,,,0.59741,0.5483,0.2532
1791257508.2369,R,C,,-66,,,
1791257508.2418,R,A,,-69,,,
1791257508.2585,R,B,,-66,,,
1791257508.2648,R,A,,-76,,,
1791257508.2667,R,C,,-70,,,
1791257508.3079,R,B,,-68,,,
1791257508.3411,O,,,,0.59608,0.5516,0.2554
1791257508.3426,O,,,,0.59741,0.5548,0.2576
1791257508.3434,O,,,,0.59741,0.5583,0.2600
1791257508.3442,O,,,,0.59741,0.5618,0.2624
1791257508.3369,R,C,,-69,,,
1791257508.3412,R,A,,-73,,,
1791257508.3592,R,B,,-67,,,
1791257508.4159,O,,,,0.59741,0.5654,0.2648
1791257508.4170,O,,,,0.59608,0.5686,0.2670
1791257508.4178,O,,,,0.59608,0.5721,0.2694
1791257508.4186,O,,,,0.59741,0.5754,0.2716
1791257508.3706,R,C,,-66,,,
1791257508.3709,R,A,,-73,,,
1791257508.4091,R,B,,-66,,,
1791257508.4236,R,C,,-69,,,
1791257508.4412,R,A,,-70,,,
1791257508.4959,O,,,,0.59741,0.5789,0.2740
1791257508.4968,O,,,,0.59608,0.5822,0.2762
1791257508.4976,O,,,,0.59608,0.5857,0.2786
1791257508.4985,O,,,,0.59741,0.5890,0.2808
1791257508.4964,R,B,,-74,,,
1791257508.5361,R,C,,-61,,,
1791257508.5366,R,A,,-68,,,
1791257508.5393,R,C,,-57,,,
1791257508.5398,R,A,,-66,,,
1791257508.5402,R,B,,-65,,,
1791257508.5709,O,,,,0.59741,0.5925,0.2832
1791257508.5717,O,,,,0.59608,0.5958,0.2855
1791257508.5725,O,,,,0.59608,0.5993,0.2878
1791257508.5733,O,,,,0.59608,0.6028,0.2902
1791257508.5812,R,C,,-61,,,
1791257508.5840,R,A,,-62,,,
1791257508.5842,R,B,,-62,,,
1791257508.6510,O,,,,0.59741,0.6061,0.2924
1791257508.6520,O,,,,0.59741,0.6096,0.2948
1791257508.6529,O,,,,0.59608,0.6129,0.2971
1791257508.6537,O,,,,0.59608,0.6164,0.2994
1791257508.6286,R,C,,-61,,,
1791257508.6413,R,A,,-67,,,
1791257508.6591,R,B,,-64,,,
1791257508.6669,R,C,,-56,,,
1791257508.6736,R,B,,-64,,,
1791257508.6875,R,A,,-60,,,
1791257508.7061,R,C,,-62,,,
1791257508.7086,R,B,,-64,,,
1791257508.7217,O,,,,0.59608,0.6199,0.3018
1791257508.7230,O,,,,0.59608,0.6234,0.3042
1791257508.7242,O,,,,0.59741,0.6267,0.3064
1791257508.7415,R,A,,-65,,,
1791257508.7519,R,A,,-65,,,
1791257508.7591,R,B,,-63,,,
1791257508.8011,O,,,,0.59608,0.6300,0.3087
1791257508.8020,O,,,,0.59608,0.6335,0.3110
1791257508.8028,O,,,,0.59608,0.6370,0.3134
1791257508.8035,O,,,,0.59608,0.6405,0.3158
1791257508.7876,R,C,,-62,,,
1791257508.7979,R,C,,-60,,,
1791257508.7981,R,B,,-67,,,
1791257508.7987,R,A,,-58,,,
1791257508.8385,R,B,,-64,,,
1791257508.8416,R,A,,-59,,,
1791257508.8759,O,,,,0.59476,0.6438,0.3180
1791257508.8773,O,,,,0.59608,0.6470,0.3202
1791257508.8786,O,,,,0.59608,0.6506,0.3226
1791257508.8798,O,,,,0.59608,0.6541,0.3250
1791257508.8887,R,A,,-64,,,
1791257508.8930,R,B,,-64,,,
1791257508.9561,O,,,,0.59608,0.6576,0.3274
1791257508.9573,O,,,,0.59476,0.6608,0.3296
1791257508.9581,O,,,,0.59476,0.6644,0.3320
1791257508.9589,O,,,,0.59608,0.6676,0.3342
1791257508.9587,R,B,,-61,,,
1791257508.9813,R,B,,-66,,,
1791257508.9827,R,C,,-59,,,
1791257508.9915,R,A,,-60,,,
1791257509.0313,O,,,,0.59608,0.6712,0.3366
1791257509.0321,O,,,,0.59608,0.6747,0.3390
1791257509.0330,O,,,,0.59476,0.6779,0.3412
1791257509.0338,O,,,,0.59476,0.6815,0.3436
1791257509.0310,R,A,,-62,,,
1791257509.0313,R,B,,-63,,,
1791257509.0376,R,C,,-60,,,
1791257509.1110,O,,,,0.59608,0.6847,0.3458
1791257509.1120,O,,,,0.59608,0.6882,0.3482
1791257509.1127,O,,,,0.59476,0.6915,0.3504
1791257509.1135,O,,,,0.59476,0.6950,0.3528
1791257509.0877,R,C,,-62,,,
1791257509.0915,R,A,,-60,,,
1791257509.0958,R,B,,-63,,,
1791257509.1219,R,A,,-61,,,
1791257509.1377,R,C,,-56,,,
1791257509.1588,R,B,,-67,,,
1791257509.1809,O,,,,0.59476,0.6985,0.3551
1791257509.1821,O,,,,0.59608,0.7018,0.3574
1791257509.1829,O,,,,0.59608,0.7053,0.3597
1791257509.1877,R,C,,-61,,,
1791257509.1918,R,A,,-63,,,
1791257509.2093,R,B,,-64,,,
1791257509.2188,R,C,,-59,,,
1791257509.2614,O,,,,0.59608,0.7088,0.3621
1791257509.2628,O,,,,0.59476,0.7121,0.3643
1791257509.2640,O,,,,0.59608,0.7154,0.3666
1791257509.2652,O,,,,0.59608,0.7189,0.3690
1791257509.2202,R,A,,-60,,,
1791257509.2593,R,B,,-59,,,
1791257509.2871,R,C,,-55,,,
1791257509.2916,R,A,,-66,,,
1791257509.3082,R,B,,-64,,,
1791257509.3361,O,,,,0.59608,0.7224,0.3713
1791257509.3373,O,,,,0.59608,0.7259,0.3737
1791257509.3383,O,,,,0.59476,0.7292,0.3759
1791257509.3391,O,,,,0.59476,0.7327,0.3783
1791257509.3378,R,C,,-60,,,
1791257509.3398,R,A,,-63,,,
1791257509.3403,R,B,,-61,,,
1791257509.4160,O,,,,0.59476,0.7362,0.3807
1791257509.4170,O,,,,0.59608,0.7395,0.3829
1791257509.4178,O,,,,0.59476,0.7433,0.3854
1791257509.4186,O,,,,0.59608,0.7465,0.3877
1791257509.3900,R,A,,-57,,,
1791257509.3904,R,B,,-62,,,
1791257509.4295,R,B,,-62,,,
1791257509.4310,R,C,,-56,,,
1791257509.4312,R,A,,-63,,,
1791257509.4909,O,,,,0.59476,0.7498,0.3899
1791257509.4919,O,,,,0.59476,0.7533,0.3923
1791257509.4928,O,,,,0.59608,0.7566,0.3945
1791257509.4936,O,,,,0.59608,0.7601,0.3969
1791257509.4745,R,C,,-58,,,
1791257509.4919,R,A,,-62,,,
1791257509.5088,R,B,,-58,,,
1791257509.5276,R,B,,-63,,,
1791257509.5372,R,C,,-60,,,
1791257509.5424,R,A,,-60,,,
1791257509.5673,R,C,,-56,,,
1791257509.5709,O,,,,0.59476,0.7634,0.3991
1791257509.5721,O,,,,0.59608,0.7667,0.4013
1791257509.5728,O,,,,0.59608,0.7702,0.4037
1791257509.5736,O,,,,0.59608,0.7737,0.4061
1791257509.5920,R,A,,-62,,,
1791257509.6090,R,B,,-63,,,
1791257509.6409,O,,,,0.59608,0.7772,0.4085
1791257509.6418,O,,,,0.59608,0.7803,0.4105
1791257509.6427,O,,,,0.59608,0.7838,0.4129
1791257509.6437,O,,,,0.59608,0.7873,0.4153
1791257509.6321,R,C,,-62,,,
1791257509.6326,R,B,,-57,,,
1791257509.6421,R,A,,-61,,,
1791257509.6610,R,A,,-62,,,
1791257509.7159,O,,,,0.59608,0.7908,0.4177
1791257509.7169,O,,,,0.59608,0.7943,0.4200
1791257509.7178,O,,,,0.59608,0.7974,0.4221
1791257509.6873,R,C,,-62,,,
1791257509.7379,R,C,,-58,,,
1791257509.7386,R,A,,-60,,,
1791257509.7523,R,B,,-62,,,
1791257509.7960,O,,,,0.59608,0.8009,0.4245
1791257509.7969,O,,,,0.59608,0.8044,0.4269
1791257509.7977,O,,,,0.59608,0.8079,0.4293
1791257509.7985,O,,,,0.59608,0.8114,0.4316
1791257509.7702,R,C,,-64,,,
1791257509.7917,R,A,,-61,,,
1791257509.7934,R,B,,-62,,,
1791257509.8352,R,C,,-64,,,
1791257509.8380,R,C,,-62,,,
1791257509.8422,R,A,,-61,,,
1791257509.8464,R,B,,-61,,,
1791257509.8841,O,,,,0.59608,0.8145,0.4337
1791257509.8852,O,,,,0.59608,0.8180,0.4361
1791257509.8860,O,,,,0.59608,0.8215,0.4385
1791257509.8867,O,,,,0.59608,0.8250,0.4409
1791257509.8824,R,B,,-64,,,
1791257509.8833,R,A,,-58,,,
1791257509.8836,R,C,,-56,,,
1791257509.9532,O,,,,0.59608,0.8285,0.4432
1791257509.9544,O,,,,0.59741,0.8318,0.4455
1791257509.9552,O,,,,0.59608,0.8351,0.4477
1791257509.9559,O,,,,0.59608,0.8386,0.4501
1791257509.9229,R,C,,-65,,,
1791257509.9283,R,A,,-63,,,
1791257509.9636,R,C,,-60,,,
1791257509.9638,R,A,,-62,,,
1791257510.0080,R,B,,-58,,,
1791257510.0108,R,B,,-57,,,
1791257510.0315,O,,,,0.59608,0.8421,0.4525
1791257510.0326,O,,,,0.59608,0.8456,0.4548
1791257510.0334,O,,,,0.59741,0.8489,0.4571
1791257510.0342,O,,,,0.59741,0.8524,0.4594
1791257510.0363,R,C,,-56,,,
1791257510.0425,R,A,,-58,,,
1791257510.0574,R,C,,-62,,,
1791257510.0578,R,A,,-62,,,
1791257510.0595,R,B,,-63,,,
1791257510.1109,O,,,,0.59608,0.8556,0.4617
1791257510.1121,O,,,,0.59608,0.8591,0.4641
1791257510.1129,O,,,,0.59608,0.8627,0.4664
1791257510.1137,O,,,,0.59741,0.8659,0.4687
1791257510.1029,R,C,,-61,,,
1791257510.1032,R,A,,-62,,,
1791257510.1094,R,B,,-64,,,
1791257510.1540,R,C,,-54,,,
1791257510.1545,R,B,,-56,,,
1791257510.1763,O,,,,0.59608,0.8692,0.4709
1791257510.1773,O,,,,0.59608,0.8727,0.4733
1791257510.1781,O,,,,0.59608,0.8762,0.4756
1791257510.1903,R,A,,-59,,,
1791257510.2019,R,B,,-67,,,
1791257510.2560,O,,,,0.59608,0.8797,0.4780
1791257510.2571,O,,,,0.59741,0.8830,0.4803
1791257510.2579,O,,,,0.59608,0.8863,0.4825
1791257510.2587,O,,,,0.59608,0.8898,0.4849
1791257510.2371,R,A,,-63,,,
1791257510.2372,R,C,,-63,,,
1791257510.2554,R,B,,-62,,,
1791257510.2874,R,C,,-57,,,
1791257510.2903,R,A,,-60,,,
1791257510.3081,R,B,,-61,,,
1791257510.3360,O,,,,0.59608,0.8933,0.4872
1791257510.3369,O,,,,0.59608,0.8968,0.4896
1791257510.3378,O,,,,0.59741,0.9001,0.4919
1791257510.3392,O,,,,0.59608,0.9034,0.4941
1791257510.3293,R,C,,-53,,,
1791257510.3419,R,A,,-62,,,
1791257510.3567,R,B,,-65,,,
1791257510.4143,O,,,,0.59608,0.9069,0.4965
1791257510.4153,O,,,,0.59608,0.9104,0.4988
1791257510.4161,O,,,,0.59608,0.9139,0.5012
1791257510.4169,O,,,,0.59741,0.9172,0.5035
1791257510.3751,R,A,,-63,,,
1791257510.3809,R,C,,-61,,,
1791257510.3811,R,B,,-64,,,
1791257510.4375,R,C,,-58,,,
1791257510.4404,R,A,,-59,,,
1791257510.4579,R,B,,-58,,,
1791257510.4909,O,,,,0.59608,0.9205,0.5057
1791257510.4919,O,,,,0.59608,0.9240,0.5081
1791257510.4930,O,,,,0.59608,0.9275,0.5104
1791257510.4938,O,,,,0.59608,0.9310,0.5128
1791257510.4732,R,B,,-64,,,
1791257510.4744,R,C,,-54,,,
1791257510.4747,R,A,,-64,,,
1791257510.5375,R,C,,-58,,,
1791257510.5426,R,A,,-62,,,
1791257510.5593,R,B,,-62,,,
1791257510.5668,R,C,,-59,,,
1791257510.5672,R,A,,-60,,,
1791257510.5673,R,B,,-58,,,
1791257510.5712,O,,,,0.59741,0.9343,0.5150
1791257510.5722,O,,,,0.59608,0.9376,0.5173
1791257510.5731,O,,,,0.59608,0.9411,0.5197
1791257510.5738,O,,,,0.59608,0.9446,0.5220
1791257510.6069,R,B,,-58,,,
1791257510.6364,O,,,,0.59608,0.9481,0.5244
1791257510.6374,O,,,,0.59608,0.9516,0.5268
1791257510.6381,O,,,,0.59476,0.9549,0.5290
1791257510.6336,R,C,,-56,,,
1791257510.6420,R,A,,-61,,,
1791257510.6449,R,B,,-68,,,
1791257510.6663,R,C,,-64,,,
1791257510.7159,O,,,,0.59608,0.9582,0.5312
1791257510.7167,O,,,,0.59608,0.9617,0.5336
1791257510.7176,O,,,,0.59608,0.9652,0.5360
1791257510.7183,O,,,,0.59608,0.9687,0.5384
1791257510.6858,R,A,,-61,,,
1791257510.6863,R,B,,-62,,,
1791257510.6876,R,C,,-64,,,
1791257510.7274,R,C,,-64,,,
1791257510.7421,R,A,,-62,,,
1791257510.7495,R,B,,-61,,,
1791257510.7962,O,,,,0.59608,0.9722,0.5408
1791257510.7976,O,,,,0.59476,0.9755,0.5430
1791257510.7989,O,,,,0.59608,0.9788,0.5452
1791257510.8001,O,,,,0.59608,0.9823,0.5476
1791257510.7708,R,B,,-65,,,
1791257510.7725,R,A,,-57,,,
1791257510.7875,R,C,,-55,,,
1791257510.8383,R,C,,-66,,,
1791257510.8426,R,A,,-62,,,
1791257510.8598,R,B,,-60,,,
1791257510.8711,O,,,,0.59608,0.9858,0.5500
1791257510.8728,O,,,,0.59741,0.9891,0.5522
1791257510.8736,O,,,,0.59873,0.9923,0.5544
1791257510.8743,O,,,,0.60005,0.9960,0.5570
1791257510.8883,R,C,,-62,,,
1791257510.8925,R,A,,-64,,,
1791257510.9077,R,C,,-58,,,
1791257510.9079,R,B,,-58,,,
1791257510.9484,O,,,,0.60138,0.9993,0.5592
1791257510.9494,O,,,,0.60270,1.0026,0.5615
1791257510.9504,O,,,,0.60535,1.0061,0.5639
1791257510.9512,O,,,,0.60535,1.0096,0.5663
1791257510.9426,R,A,,-57,,,
1791257510.9593,R,B,,-66,,,
1791257510.9788,R,C,,-78,,,
1791257510.9791,R,A,,-64,,,
1791257511.0097,R,B,,-63,,,
1791257511.0263,O,,,,0.60799,1.0130,0.5687
1791257511.0274,O,,,,0.60799,1.0165,0.5711
1791257511.0283,O,,,,0.60932,1.0198,0.5734
1791257511.0291,O,,,,0.60932,1.0233,0.5758
1791257511.0367,R,C,,-56,,,
1791257511.0412,R,A,,-67,,,
1791257511.0439,R,A,,-65,,,
1791257511.0598,R,B,,-57,,,
1791257511.1059,O,,,,0.61064,1.0265,0.5781
1791257511.1069,O,,,,0.61064,1.0300,0.5805
1791257511.1077,O,,,,0.61064,1.0334,0.5829
1791257511.1085,O,,,,0.61064,1.0365,0.5851
1791257511.0883,R,C,,-57,,,
1791257511.1098,R,B,,-66,,,
1791257511.1313,R,B,,-64,,,
1791257511.1383,R,C,,-58,,,
1791257511.1426,R,A,,-68,,,
1791257511.1759,O,,,,0.61064,1.0400,0.5875
1791257511.1769,O,,,,0.61064,1.0434,0.5899
1791257511.1776,O,,,,0.61197,1.0467,0.5922
1791257511.1859,R,C,,-57,,,
1791257511.1859,R,A,,-62,,,
1791257511.1867,R,B,,-57,,,
1791257511.2561,O,,,,0.61197,1.0501,0.5946
1791257511.2576,O,,,,0.61197,1.0536,0.5971
1791257511.2584,O,,,,0.61064,1.0569,0.5994
1791257511.2594,O,,,,0.61064,1.0603,0.6018
1791257511.2377,R,C,,-55,,,
1791257511.2425,R,A,,-64,,,
1791257511.2595,R,B,,-67,,,
1791257511.2720,R,C,,-59,,,
1791257511.2723,R,A,,-67,,,
1791257511.2875,R,B,,-62,,,
1791257511.3316,O,,,,0.61197,1.0636,0.6041
1791257511.3324,O,,,,0.61197,1.0671,0.6065
1791257511.3332,O,,,,0.61197,1.0705,0.6089
1791257511.3340,O,,,,0.61064,1.0738,0.6112
1791257511.3377,R,C,,-60,,,
1791257511.3422,R,A,,-60,,,
1791257511.3541,R,B,,-56,,,
1791257511.3568,R,B,,-58,,,
1791257511.3574,R,C,,-55,,,
1791257511.3577,R,A,,-63,,,
1791257511.4151,O,,,,0.61197,1.0770,0.6135
1791257511.4166,O,,,,0.61197,1.0805,0.6159
1791257511.4196,O,,,,0.61197,1.0840,0.6184
1791257511.4209,O,,,,0.61197,1.0874,0.6208
1791257511.4397,R,A,,-67,,,
1791257511.4423,R,A,,-68,,,
1791257511.4594,R,B,,-65,,,
1791257511.4861,O,,,,0.61064,1.0907,0.6231
1791257511.4875,O,,,,0.61197,1.0939,0.6253
1791257511.4888,O,,,,0.61197,1.0974,0.6278
1791257511.4902,O,,,,0.61197,1.1009,0.6302
1791257511.4883,R,C,,-60,,,
1791257511.4931,R,A,,-62,,,
1791257511.5025,R,B,,-59,,,
1791257511.5659,O,,,,0.61197,1.1043,0.6326
1791257511.5668,O,,,,0.61064,1.1076,0.6349
1791257511.5677,O,,,,0.61064,1.1111,0.6374
1791257511.5685,O,,,,0.61197,1.1143,0.6396
1791257511.5391,R,A,,-59,,,
1791257511.5595,R,B,,-72,,,
1791257511.5769,R,C,,-58,,,
1791257511.5773,R,A,,-64,,,
1791257511.6013,R,B,,-62,,,
1791257511.6363,O,,,,0.61197,1.1178,0.6421
1791257511.6373,O,,,,0.61197,1.1212,0.6445
1791257511.6381,O,,,,0.61064,1.1245,0.6468
1791257511.6232,R,C,,-58,,,
1791257511.6423,R,A,,-61,,,
1791257511.6595,R,B,,-59,,,
1791257511.7210,O,,,,0.61064,1.1280,0.6492
1791257511.6722,R,B,,-67,,,
1791257511.6878,R,C,,-59,,,
1791257511.6932,R,A,,-57,,,
1791257511.7134,R,C,,-64,,,
1791257511.7138,R,A,,-62,,,
1791257511.7220,O,,,,0.61197,1.1312,0.6515
1791257511.7227,O,,,,0.61197,1.1347,0.6539
1791257511.7235,O,,,,0.61197,1.1381,0.6564
1791257511.7287,R,B,,-61,,,
1791257511.7599,R,B,,-59,,,
1791257511.7912,O,,,,0.61197,1.1412,0.6585
1791257511.7927,O,,,,0.61329,1.1444,0.6608
1791257511.7940,O,,,,0.61461,1.1477,0.6631
1791257511.7953,O,,,,0.61594,1.1509,0.6653
1791257511.7879,R,C,,-62,,,
1791257511.7923,R,A,,-63,,,
1791257511.8100,R,B,,-60,,,
1791257511.8131,R,C,,-65,,,
1791257511.8405,R,A,,-56,,,
1791257511.8429,R,B,,-64,,,
1791257511.8433,R,A,,-57,,,
1791257511.8780,O,,,,0.61991,1.1542,0.6676
1791257511.8790,O,,,,0.62255,1.1572,0.6698
1791257511.8798,O,,,,0.62520,1.1602,0.6720
1791257511.8806,O,,,,0.62917,1.1634,0.6743
1791257511.8854,R,C,,-66,,,
1791257511.8926,R,A,,-62,,,
1791257511.9095,R,B,,-57,,,
1791257511.9481,O,,,,0.63447,1.1664,0.6765
1791257511.9492,O,,,,0.63844,1.1691,0.6785
1791257511.9501,O,,,,0.64241,1.1719,0.6806
1791257511.9511,O,,,,0.64506,1.1749,0.6828
1791257511.9342,R,C,,-63,,,
1791257511.9345,R,A,,-67,,,
1791257511.9350,R,B,,-58,,,
1791257511.9809,R,B,,-62,,,
1791257511.9880,R,C,,-56,,,
1791257511.9925,R,A,,-60,,,
1791257512.0259,O,,,,0.64770,1.1778,0.6850
1791257512.0269,O,,,,0.65035,1.1808,0.6873
1791257512.0277,O,,,,0.65168,1.1839,0.6897
1791257512.0286,O,,,,0.65432,1.1869,0.6919
1791257512.0269,R,A,,-66,,,
1791257512.0271,R,B,,-63,,,
1791257512.0274,R,C,,-63,,,
1791257512.1060,O,,,,0.65432,1.1898,0.6942
1791257512.1072,O,,,,0.65565,1.1930,0.6966
1791257512.1081,O,,,,0.65565,1.1963,0.6992
1791257512.1089,O,,,,0.65697,1.1995,0.7016
1791257512.0879,R,C,,-60,,,
1791257512.0925,R,A,,-66,,,
1791257512.1066,R,B,,-59,,,
1791257512.1155,R,C,,-57,,,
1791257512.1430,R,A,,-62,,,
1791257512.1458,R,B,,-64,,,
1791257512.1714,O,,,,0.65697,1.2028,0.7042
1791257512.1722,O,,,,0.65829,1.2060,0.7066
1791257512.1729,O,,,,0.65829,1.2093,0.7092
1791257512.1880,R,C,,-60,,,
1791257512.1929,R,A,,-68,,,
1791257512.2097,R,B,,-64,,,
1791257512.2512,O,,,,0.65962,1.2125,0.7117
1791257512.2526,O,,,,0.65962,1.2158,0.7143
1791257512.2538,O,,,,0.66094,1.2190,0.7167
1791257512.2552,O,,,,0.66094,1.2223,0.7193
1791257512.2389,R,C,,-63,,,
1791257512.2430,R,A,,-61,,,
1791257512.2452,R,B,,-58,,,
1791257512.2735,R,B,,-67,,,
1791257512.2747,R,A,,-61,,,
1791257512.2846,R,C,,-63,,,
1791257512.3310,O,,,,0.66094,1.2252,0.7216
1791257512.3319,O,,,,0.66094,1.2286,0.7242
1791257512.3329,O,,,,0.66226,1.2317,0.7266
1791257512.3337,O,,,,0.66226,1.2350,0.7292
1791257512.3380,R,C,,-62,,,
1791257512.3425,R,A,,-68,,,
1791257512.3451,R,B,,-63,,,
1791257512.3572,R,A,,-61,,,
1791257512.3574,R,C,,-71,,,
1791257512.3598,R,B,,-63,,,
1791257512.4126,O,,,,0.66226,1.2384,0.7318
1791257512.4136,O,,,,0.66226,1.2417,0.7344
1791257512.4146,O,,,,0.66226,1.2451,0.7370
1791257512.4154,O,,,,0.66094,1.2482,0.7395
1791257512.4011,R,C,,-65,,,
1791257512.4105,R,B,,-64,,,
1791257512.4425,R,A,,-62,,,
1791257512.4517,R,B,,-67,,,
1791257512.4522,R,C,,-72,,,
1791257512.4527,R,A,,-66,,,
1791257512.4859,O,,,,0.66094,1.2515,0.7421
1791257512.4869,O,,,,0.66094,1.2549,0.7447
1791257512.4877,O,,,,0.66094,1.2582,0.7473
1791257512.4887,O,,,,0.65962,1.2614,0.7497
1791257512.4918,R,A,,-65,,,
1791257512.5097,R,B,,-61,,,
1791257512.5661,O,,,,0.66094,1.2645,0.7521
1791257512.5669,O,,,,0.66094,1.2678,0.7547
1791257512.5678,O,,,,0.65962,1.2710,0.7572
1791257512.5685,O,,,,0.65962,1.2743,0.7598
1791257512.5431,R,A,,-60,,,
1791257512.5584,R,B,,-63,,,
1791257512.5871,R,C,,-58,,,
1791257512.5873,R,A,,-57,,,
1791257512.6099,R,B,,-67,,,
1791257512.6309,O,,,,0.65962,1.2777,0.7624
1791257512.6322,O,,,,0.66094,1.2808,0.7648
1791257512.6329,O,,,,0.65962,1.2839,0.7672
1791257512.6381,R,C,,-62,,,
1791257512.6427,R,A,,-61,,,
1791257512.6603,R,B,,-59,,,
1791257512.7109,O,,,,0.65962,1.2873,0.7698
1791257512.7118,O,,,,0.65962,1.2906,0.7724
1791257512.7127,O,,,,0.65962,1.2940,0.7750
1791257512.7134,O,,,,0.65962,1.2969,0.7773
1791257512.6889,R,C,,-58,,,
1791257512.6934,R,A,,-60,,,
1791257512.7103,R,B,,-62,,,
1791257512.7387,R,C,,-58,,,
1791257512.7434,R,A,,-57,,,
1791257512.7486,R,B,,-63,,,
1791257512.7648,R,A,,-61,,,
1791257512.7649,R,C,,-60,,,
1791257512.7655,R,B,,-61,,,
1791257512.7910,O,,,,0.65962,1.3003,0.7799
1791257512.7920,O,,,,0.65962,1.3036,0.7825
1791257512.7928,O,,,,0.65962,1.3070,0.7851
1791257512.7935,O,,,,0.65962,1.3103,0.7877
1791257512.8102,R,B,,-61,,,
1791257512.8660,O,,,,0.65829,1.3134,0.7901
1791257512.8669,O,,,,0.65829,1.3168,0.7927
1791257512.8678,O,,,,0.65962,1.3199,0.7951
1791257512.8685,O,,,,0.65962,1.3233,0.7977
1791257512.8383,R,C,,-63,,,
1791257512.8427,R,A,,-63,,,
1791257512.8604,R,B,,-60,,,
1791257512.8755,R,C,,-66,,,
1791257512.8757,R,A,,-61,,,
1791257512.8932,R,B,,-63,,,
1791257512.9077,R,C,,-64,,,
1791257512.9473,O,,,,0.65962,1.3266,0.8003
1791257512.9487,O,,,,0.65829,1.3298,0.8028
1791257512.9497,O,,,,0.65829,1.3331,0.8053
1791257512.9505,O,,,,0.65829,1.3365,0.8079
1791257512.9421,R,A,,-65,,,
1791257512.9437,R,B,,-62,,,
1791257512.9858,R,C,,-67,,,
1791257512.9866,R,B,,-58,,,
1791257512.9869,R,A,,-66,,,
1791257513.0209,O,,,,0.65962,1.3396,0.8104
1791257513.0217,O,,,,0.65829,1.3427,0.8128
1791257513.0225,O,,,,0.65829,1.3461,0.8154
1791257513.0233,O,,,,0.65829,1.3494,0.8180
1791257513.0385,R,C,,-69,,,
1791257513.0431,R,A,,-62,,,
1791257513.0598,R,B,,-63,,,
1791257513.1011,O,,,,0.65962,1.3526,0.8204
1791257513.1023,O,,,,0.65829,1.3557,0.8228
1791257513.1037,O,,,,0.65829,1.3591,0.8254
1791257513.1048,O,,,,0.65962,1.3622,0.8279
1791257513.0815,R,C,,-65,,,
1791257513.0827,R,A,,-69,,,
1791257513.0835,R,B,,-66,,,
1791257513.1383,R,C,,-66,,,
1791257513.1431,R,A,,-64,,,
1791257513.1600,R,B,,-64,,,
1791257513.1683,R,B,,-67,,,
1791257513.1716,O,,,,0.65962,1.3656,0.8305
1791257513.1725,O,,,,0.65962,1.3689,0.8331
1791257513.1733,O,,,,0.65829,1.3720,0.8355
1791257513.1836,R,C,,-76,,,
1791257513.1838,R,A,,-65,,,
1791257513.2509,O,,,,0.65829,1.3754,0.8381
1791257513.2519,O,,,,0.65962,1.3785,0.8405
1791257513.2527,O,,,,0.65962,1.3819,0.8431
1791257513.2538,O,,,,0.65962,1.3852,0.8457
1791257513.2203,R,C,,-63,,,
1791257513.2205,R,A,,-72,,,
1791257513.2883,R,C,,-65,,,
1791257513.2904,R,A,,-62,,,
1791257513.3054,R,B,,-62,,,
1791257513.3059,R,C,,-75,,,
1791257513.3260,O,,,,0.65829,1.3884,0.8481
1791257513.3270,O,,,,0.65962,1.3915,0.8506
1791257513.3279,O,,,,0.65962,1.3949,0.8532
1791257513.3287,O,,,,0.65962,1.3982,0.8558
1791257513.3430,R,A,,-62,,,
1791257513.3599,R,B,,-67,,,
1791257513.3612,R,C,,-67,,,
1791257513.3615,R,A,,-69,,,
1791257513.4065,O,,,,0.65962,1.4016,0.8584
1791257513.4075,O,,,,0.65829,1.4047,0.8608
1791257513.4083,O,,,,0.65962,1.4083,0.8635
1791257513.4090,O,,,,0.65962,1.4112,0.8658
1791257513.4106,R,B,,-67,,,
1791257513.4153,R,C,,-69,,,
1791257513.4154,R,A,,-63,,,
1791257513.4606,R,B,,-62,,,
1791257513.4832,O,,,,0.65962,1.4145,0.8684
1791257513.4841,O,,,,0.65962,1.4179,0.8710
1791257513.4848,O,,,,0.65829,1.4210,0.8734
1791257513.4856,O,,,,0.65829,1.4244,0.8760
1791257513.4883,R,C,,-63,,,
1791257513.4899,R,A,,-58,,,
1791257513.4920,R,B,,-74,,,
1791257513.4927,R,A,,-57,,,
1791257513.5610,O,,,,0.65962,1.4275,0.8785
1791257513.5618,O,,,,0.65962,1.4309,0.8810
1791257513.5627,O,,,,0.65962,1.4342,0.8836
1791257513.5634,O,,,,0.66094,1.4373,0.8861
1791257513.5316,R,A,,-66,,,
1791257513.5390,R,C,,-70,,,
1791257513.5601,R,B,,-63,,,
1791257513.5891,R,C,,-69,,,
1791257513.5930,R,A,,-66,,,
1791257513.6095,R,B,,-61,,,
1791257513.6322,O,,,,0.66094,1.4407,0.8887
1791257513.6334,O,,,,0.66094,1.4440,0.8913
1791257513.6343,O,,,,0.65962,1.4472,0.8937
1791257513.6269,R,C,,-61,,,
1791257513.6272,R,A,,-59,,,
1791257513.6601,R,B,,-75,,,
1791257513.7111,O,,,,0.65962,1.4505,0.8963
1791257513.7125,O,,,,0.65962,1.4539,0.8989
1791257513.7138,O,,,,0.65962,1.4572,0.9015
1791257513.7146,O,,,,0.65962,1.4601,0.9038
1791257513.6884,R,C,,-66,,,
1791257513.6928,R,A,,-66,,,
1791257513.7105,R,B,,-63,,,
1791257513.7181,R,B,,-58,,,
1791257513.7866,O,,,,0.65962,1.4635,0.9064
1791257513.7879,O,,,,0.65962,1.4668,0.9090
1791257513.7890,O,,,,0.65962,1.4702,0.9116
1791257513.7900,O,,,,0.65962,1.4735,0.9142
1791257513.7699,R,A,,-60,,,
1791257513.7702,R,C,,-60,,,
1791257513.8101,R,B,,-64,,,
1791257513.8661,O,,,,0.65962,1.4764,0.9164
1791257513.8670,O,,,,0.65962,1.4798,0.9190
1791257513.8679,O,,,,0.65962,1.4831,0.9216
1791257513.8687,O,,,,0.65962,1.4865,0.9242
1791257513.8215,R,C,,-61,,,
1791257513.8218,R,A,,-61,,,
1791257513.8573,R,B,,-61,,,
1791257513.8885,R,C,,-61,,,
1791257513.8937,R,A,,-57,,,
1791257513.9101,R,B,,-54,,,
1791257513.9457,O,,,,0.65962,1.4898,0.9268
1791257513.9467,O,,,,0.65829,1.4930,0.9292
1791257513.9476,O,,,,0.65962,1.4961,0.9317
1791257513.9483,O,,,,0.65962,1.4995,0.9343
1791257513.9253,R,C,,-61,,,
1791257513.9254,R,A,,-56,,,
1791257513.9438,R,B,,-58,,,
1791257513.9835,R,C,,-61,,,
1791257513.9863,R,C,,-60,,,
1791257513.9929,R,A,,-57,,,
1791257514.0102,R,B,,-59,,,
1791257514.0219,O,,,,0.65829,1.5026,0.9367
1791257514.0232,O,,,,0.65962,1.5057,0.9391
1791257514.0244,O,,,,0.65962,1.5091,0.9417
1791257514.0256,O,,,,0.65962,1.5124,0.9443
1791257514.0323,R,B,,-51,,,
1791257514.0387,R,C,,-61,,,
1791257514.0401,R,A,,-54,,,
1791257514.1011,O,,,,0.65962,1.5158,0.9469
1791257514.1025,O,,,,0.65829,1.5189,0.9494
1791257514.1038,O,,,,0.65829,1.5223,0.9519
1791257514.1049,O,,,,0.65829,1.5256,0.9545
1791257514.0882,R,C,,-68,,,
1791257514.0938,R,A,,-54,,,
1791257514.0997,R,B,,-57,,,
1791257514.1668,O,,,,0.65829,1.5290,0.9571
1791257514.1678,O,,,,0.65962,1.5321,0.9596
1791257514.1689,O,,,,0.65829,1.5353,0.9620
1791257514.1209,R,C,,-62,,,
1791257514.1372,R,B,,-57,,,
1791257514.1375,R,A,,-56,,,
1791257514.1892,R,C,,-65,,,
1791257514.1933,R,A,,-54,,,
1791257514.2101,R,B,,-56,,,
1791257514.2476,O,,,,0.65829,1.5386,0.9646
1791257514.2488,O,,,,0.65962,1.5417,0.9670
1791257514.2501,O,,,,0.65962,1.5451,0.9696
1791257514.2512,O,,,,0.65962,1.5484,0.9722
1791257514.2395,R,C,,-63,,,
1791257514.2436,R,A,,-54,,,
1791257514.2549,R,C,,-63,,,
1791257514.2607,R,B,,-61,,,
1791257514.2936,R,A,,-56,,,
1791257514.3108,R,B,,-57,,,
1791257514.3260,O,,,,0.65829,1.5516,0.9746
1791257514.3269,O,,,,0.65829,1.5549,0.9772
1791257514.3277,O,,,,0.65962,1.5581,0.9797
1791257514.3284,O,,,,0.65962,1.5614,0.9823
1791257514.3203,R,A,,-55,,,
1791257514.3367,R,C,,-65,,,
1791257514.3510,R,B,,-50,,,
1791257514.3511,R,C,,-63,,,
1791257514.4013,O,,,,0.65962,1.5648,0.9848
1791257514.4027,O,,,,0.65962,1.5681,0.9874
1791257514.4046,O,,,,0.65962,1.5715,0.9900
1791257514.4059,O,,,,0.65962,1.5744,0.9923
1791257514.3887,R,B,,-62,,,
1791257514.3888,R,C,,-64,,,
1791257514.3932,R,A,,-53,,,
1791257514.4266,R,A,,-59,,,
1791257514.4397,R,C,,-62,,,
1791257514.4584,R,B,,-57,,,
1791257514.4788,O,,,,0.65962,1.5777,0.9949
1791257514.4802,O,,,,0.65829,1.5809,0.9973
1791257514.4815,O,,,,0.65962,1.5840,0.9998
1791257514.4827,O,,,,0.65962,1.5869,1.0020
1791257514.4766,R,C,,-65,,,
1791257514.4774,R,A,,-57,,,
1791257514.5102,R,B,,-58,,,
1791257514.5613,O,,,,0.65962,1.5899,1.0043
1791257514.5626,O,,,,0.65829,1.5930,1.0067
1791257514.5635,O,,,,0.65829,1.5959,1.0090
1791257514.5643,O,,,,0.66094,1.5989,1.0113
1791257514.5387,R,C,,-62,,,
1791257514.5392,R,B,,-62,,,
1791257514.5426,R,A,,-56,,,
1791257514.5657,R,B,,-68,,,
1791257514.5665,R,A,,-58,,,
1791257514.6057,R,B,,-70,,,
1791257514.6259,O,,,,0.65962,1.6016,1.0134
1791257514.6271,O,,,,0.65962,1.6045,1.0157
1791257514.6279,O,,,,0.65962,1.6074,1.0179
1791257514.6394,R,C,,-81,,,
1791257514.6433,R,A,,-57,,,
1791257514.6509,R,C,,-64,,,
1791257514.6513,R,B,,-82,,,
1791257514.6682,R,A,,-60,,,
1791257514.7060,O,,,,0.66094,1.6102,1.0200
1791257514.7070,O,,,,0.65962,1.6129,1.0222
1791257514.7078,O,,,,0.66094,1.6156,1.0243
1791257514.7086,O,,,,0.65962,1.6183,1.0264
1791257514.6933,R,A,,-61,,,
1791257514.7104,R,B,,-68,,,
1791257514.7360,R,C,,-77,,,
1791257514.7366,R,A,,-58,,,
1791257514.7608,R,B,,-69,,,
1791257514.7860,O,,,,0.65962,1.6208,1.0283
1791257514.7873,O,,,,0.65962,1.6233,1.0303
1791257514.7881,O,,,,0.65962,1.6258,1.0322
1791257514.7888,O,,,,0.65962,1.6279,1.0338
1791257514.7807,R,A,,-60,,,
1791257514.7809,R,B,,-72,,,
1791257514.7887,R,C,,-74,,,
1791257514.8614,O,,,,0.65962,1.6305,1.0358
1791257514.8624,O,,,,0.66094,1.6328,1.0376
1791257514.8632,O,,,,0.66094,1.6348,1.0392
1791257514.8641,O,,,,0.66094,1.6369,1.0408
1791257514.8203,R,B,,-84,,,
1791257514.8397,R,C,,-68,,,
1791257514.8433,R,A,,-65,,,
1791257514.8611,R,B,,-84,,,
1791257514.8780,R,C,,-71,,,
1791257514.8783,R,A,,-61,,,
1791257514.9109,R,B,,-72,,,
1791257514.9111,R,C,,-74,,,
1791257514.9113,R,A,,-63,,,
1791257514.9426,O,,,,0.66094,1.6394,1.0428
1791257514.9437,O,,,,0.66226,1.6413,1.0442
1791257514.9446,O,,,,0.66094,1.6432,1.0457
1791257514.9454,O,,,,0.66094,1.6453,1.0473
1791257514.9610,R,B,,-72,,,
1791257515.0164,O,,,,0.65962,1.6472,1.0488
1791257515.0174,O,,,,0.66094,1.6491,1.0502
1791257515.0181,O,,,,0.66094,1.6507,1.0515
1791257515.0190,O,,,,0.66226,1.6526,1.0530
1791257514.9841,R,C,,-63,,,
1791257514.9845,R,A,,-66,,,
1791257514.9988,R,B,,-75,,,
1791257515.0226,R,C,,-73,,,
1791257515.0323,R,A,,-61,,,
1791257515.0434,R,A,,-61,,,
1791257515.0604,R,B,,-82,,,
1791257515.0864,O,,,,0.66226,1.6543,1.0543
1791257515.0873,O,,,,0.66094,1.6562,1.0558
1791257515.0882,O,,,,0.66094,1.6578,1.0571
1791257515.0852,R,B,,-67,,,
1791257515.0878,R,C,,-67,,,
1791257515.0938,R,A,,-62,,,
1791257515.1659,O,,,,0.66226,1.6593,1.0582
1791257515.1667,O,,,,0.66226,1.6610,1.0595
1791257515.1675,O,,,,0.66226,1.6626,1.0608
1791257515.1683,O,,,,0.66226,1.6643,1.0621
1791257515.1439,R,A,,-61,,,
1791257515.1525,R,B,,-76,,,
1791257515.1775,R,C,,-72,,,
1791257515.1938,R,A,,-61,,,
1791257515.1995,R,B,,-70,,,
1791257515.2513,O,,,,0.66094,1.6658,1.0633
1791257515.2523,O,,,,0.66094,1.6674,1.0646
1791257515.2555,O,,,,0.66226,1.6689,1.0657
1791257515.2563,O,,,,0.66226,1.6701,1.0667
1791257515.2341,R,A,,-62,,,
1791257515.2393,R,C,,-75,,,
1791257515.2605,R,B,,-75,,,
1791257515.2678,R,C,,-61,,,
1791257515.2934,R,A,,-59,,,
1791257515.2988,R,B,,-70,,,
1791257515.3059,R,C,,-73,,,
1791257515.3072,R,B,,-71,,,
1791257515.3073,R,A,,-64,,,
1791257515.3217,O,,,,0.66226,1.6718,1.0680
1791257515.3229,O,,,,0.66226,1.6731,1.0690
1791257515.3240,O,,,,0.66226,1.6743,1.0699
1791257515.3248,O,,,,0.66226,1.6756,1.0709
1791257515.3607,R,B,,-70,,,
1791257515.4011,O,,,,0.66359,1.6766,1.0717
1791257515.4024,O,,,,0.66226,1.6777,1.0725
1791257515.4036,O,,,,0.66226,1.6785,1.0732
1791257515.4048,O,,,,0.66359,1.6791,1.0737
1791257515.3709,R,C,,-66,,,
1791257515.3713,R,A,,-63,,,
1791257515.3942,R,B,,-76,,,
1791257515.4345,R,B,,-72,,,
1791257515.4346,R,C,,-57,,,
1791257515.4373,R,C,,-57,,,
1791257515.4434,R,A,,-61,,,
1791257515.4761,O,,,,0.66359,1.6800,1.0743
1791257515.4770,O,,,,0.66226,1.6806,1.0748
1791257515.4778,O,,,,0.66359,1.6812,1.0753
1791257515.4786,O,,,,0.66359,1.6816,1.0756
1791257515.4767,R,A,,-65,,,
1791257515.4770,R,C,,-73,,,
1791257515.4790,R,B,,-72,,,
1791257515.5596,O,,,,0.66359,1.6820,1.0760
1791257515.5604,O,,,,0.66359,1.6820,1.0760
1791257515.5612,O,,,,0.66359,1.6825,1.0763
1791257515.5619,O,,,,0.66359,1.6825,1.0763
1791257515.5210,R,B,,-74,,,
1791257515.5393,R,C,,-67,,,
1791257515.5429,R,A,,-64,,,
1791257515.5668,R,C,,-63,,,
1791257515.5795,R,B,,-73,,,
1791257515.5942,R,A,,-62,,,
1791257515.6107,R,B,,-69,,,
1791257515.6177,R,C,,-67,,,
1791257515.6181,R,A,,-59,,,
1791257515.6273,O,,,,0.66359,1.6825,1.0763
1791257515.6285,O,,,,0.66359,1.6825,1.0763
1791257515.6294,O,,,,0.66359,1.6825,1.0763
1791257515.6612,R,B,,-67,,,
1791257515.6685,R,A,,-56,,,
1791257515.7014,O,,,,0.66359,1.6825,1.0763
1791257515.7023,O,,,,0.66359,1.6825,1.0763
1791257515.7031,O,,,,0.66359,1.6825,1.0763
1791257515.7039,O,,,,0.66359,1.6825,1.0763
1791257515.7053,R,B,,-77,,,
1791257515.7148,R,C,,-75,,,
1791257515.7436,R,A,,-54,,,
1791257515.7470,R,B,,-68,,,
1791257515.7519,R,C,,-64,,,
1791257515.7809,O,,,,0.66359,1.6825,1.0763
1791257515.7828,O,,,,0.66359,1.6825,1.0763
1791257515.7840,O,,,,0.66359,1.6825,1.0763
1791257515.7848,O,,,,0.66359,1.6825,1.0763
1791257515.7920,R,A,,-62,,,
1791257515.7924,R,B,,-68,,,
1791257515.8636,O,,,,0.66359,1.6825,1.0763
1791257515.8644,O,,,,0.66359,1.6825,1.0763
1791257515.8652,O,,,,0.66359,1.6825,1.0763
1791257515.8659,O,,,,0.66359,1.6825,1.0763
1791257515.8387,R,C,,-68,,,
1791257515.8392,R,B,,-66,,,
1791257515.8397,R,A,,-60,,,
1791257515.8818,R,C,,-66,,,
1791257515.8825,R,B,,-69,,,
1791257515.8938,R,A,,-62,,,
1791257515.9359,O,,,,0.66359,1.6825,1.0763
1791257515.9369,O,,,,0.66359,1.6825,1.0763
1791257515.9378,O,,,,0.66359,1.6825,1.0763
1791257515.9386,O,,,,0.66359,1.6825,1.0763
1791257515.9242,R,C,,-64,,,
1791257515.9248,R,B,,-63,,,
1791257515.9442,R,A,,-67,,,
1791257516.0159,O,,,,0.66359,1.6825,1.0763
1791257516.0168,O,,,,0.66359,1.6825,1.0763
1791257516.0176,O,,,,0.66359,1.6825,1.0763
1791257516.0184,O,,,,0.66359,1.6825,1.0763
1791257515.9744,R,A,,-69,,,
1791257515.9748,R,C,,-60,,,
1791257515.9752,R,B,,-62,,,
1791257516.0202,R,C,,-57,,,
1791257516.0445,R,A,,-63,,,
1791257516.0641,R,A,,-67,,,
1791257516.0863,O,,,,0.66359,1.6825,1.0763
1791257516.0873,O,,,,0.66359,1.6825,1.0763
1791257516.0882,O,,,,0.66359,1.6825,1.0763
1791257516.0881,R,C,,-67,,,
1791257516.1042,R,B,,-70,,,
1791257516.1068,R,B,,-65,,,
1791257516.1671,O,,,,0.66359,1.6825,1.0763
1791257516.1679,O,,,,0.66359,1.6825,1.0763
1791257516.1687,O,,,,0.66359,1.6825,1.0763
1791257516.1696,O,,,,0.66359,1.6825,1.0763
1791257516.1381,R,A,,-65,,,
1791257516.1384,R,C,,-67,,,
1791257516.1614,R,B,,-64,,,
1791257516.1882,R,B,,-64,,,
1791257516.1886,R,C,,-79,,,
1791257516.1886,R,A,,-69,,,
1791257516.1908,R,C,,-73,,,
1791257516.1911,R,A,,-67,,,
1791257516.2414,O,,,,0.66359,1.6825,1.0763
1791257516.2424,O,,,,0.66359,1.6825,1.0763
1791257516.2438,O,,,,0.66359,1.6825,1.0763
1791257516.2446,O,,,,0.66359,1.6825,1.0763
1791257516.2345,R,C,,-68,,,
1791257516.2347,R,A,,-69,,,
1791257516.2449,R,B,,-63,,,
1791257516.3192,O,,,,0.66359,1.6825,1.0763
1791257516.3203,O,,,,0.66359,1.6825,1.0763
1791257516.2780,R,C,,-62,,,
1791257516.2782,R,B,,-62,,,
1791257516.2784,R,A,,-72,,,
1791257516.3213,O,,,,0.66359,1.6825,1.0763
1791257516.3221,O,,,,0.66359,1.6825,1.0763
1791257516.3285,R,B,,-63,,,
1791257516.3394,R,C,,-64,,,
1791257516.3441,R,A,,-67,,,
1791257516.3610,R,B,,-67,,,
1791257516.3963,O,,,,0.66359,1.6825,1.0763
1791257516.3976,O,,,,0.66359,1.6825,1.0763
1791257516.3985,O,,,,0.66359,1.6825,1.0763
1791257516.3993,O,,,,0.66359,1.6825,1.0763
1791257516.3900,R,C,,-64,,,
1791257516.3994,R,B,,-62,,,
1791257516.4443,R,A,,-69,,,
1791257516.4603,R,C,,-63,,,
1791257516.4605,R,B,,-62,,,
1791257516.4769,O,,,,0.66756,1.6823,1.0761
1791257516.4784,O,,,,0.67021,1.6823,1.0761
1791257516.4793,O,,,,0.67550,1.6823,1.0761
1791257516.4801,O,,,,0.68080,1.6823,1.0761
1791257516.4946,R,A,,-63,,,
1791257516.5110,R,B,,-67,,,
1791257516.5565,O,,,,0.68609,1.6823,1.0761
1791257516.5576,O,,,,0.69138,1.6823,1.0761
1791257516.5584,O,,,,0.69933,1.6823,1.0761
1791257516.5592,O,,,,0.70727,1.6823,1.0761
1791257516.5336,R,B,,-66,,,
1791257516.5401,R,C,,-66,,,
1791257516.5418,R,A,,-69,,,
1791257516.5739,R,B,,-66,,,
1791257516.5899,R,C,,-62,,,
1791257516.5941,R,A,,-71,,,
1791257516.6222,O,,,,0.71786,1.6823,1.0761
1791257516.6234,O,,,,0.72845,1.6823,1.0761
1791257516.6246,O,,,,0.73904,1.6823,1.0761
1791257516.6292,R,B,,-68,,,
1791257516.6400,R,C,,-56,,,
1791257516.6442,R,A,,-67,,,
1791257516.7013,O,,,,0.74963,1.6823,1.0761
1791257516.7023,O,,,,0.76286,1.6823,1.0761
1791257516.7031,O,,,,0.77610,1.6823,1.0761
1791257516.7038,O,,,,0.79066,1.6821,1.0759
1791257516.6899,R,C,,-60,,,
1791257516.7156,R,A,,-83,,,
1791257516.7401,R,C,,-57,,,
1791257516.7602,R,B,,-63,,,
1791257516.7628,R,B,,-69,,,
1791257516.7852,O,,,,0.80522,1.6822,1.0761
1791257516.7865,O,,,,0.81978,1.6821,1.0759
1791257516.7873,O,,,,0.83566,1.6821,1.0759
1791257516.7881,O,,,,0.85155,1.6821,1.0759
1791257516.7800,R,A,,-65,,,
1791257516.7803,R,C,,-60,,,
1791257516.8121,R,C,,-62,,,
1791257516.8132,R,A,,-67,,,
1791257516.8559,O,,,,0.86743,1.6821,1.0759
1791257516.8569,O,,,,0.88332,1.6821,1.0759
1791257516.8577,O,,,,0.90052,1.6819,1.0757
1791257516.8584,O,,,,0.91641,1.6819,1.0757
1791257516.8462,R,B,,-74,,,
1791257516.8863,R,C,,-59,,,
1791257516.8929,R,A,,-67,,,
1791257516.8930,R,B,,-68,,,
1791257516.9134,R,C,,-58,,,
1791257516.9435,O,,,,0.93361,1.6817,1.0755
1791257516.9445,O,,,,0.94950,1.6817,1.0755
1791257516.9454,O,,,,0.96538,1.6817,1.0755
1791257516.9463,O,,,,0.98259,1.6819,1.0757
1791257516.9394,R,B,,-72,,,
1791257516.9439,R,A,,-64,,,
1791257517.0114,O,,,,0.99847,1.6819,1.0757
1791257517.0127,O,,,,1.01568,1.6817,1.0755
1791257517.0135,O,,,,1.03156,1.6817,1.0755
1791257517.0143,O,,,,1.04745,1.6817,1.0755
1791257516.9812,R,C,,-63,,,
1791257516.9871,R,A,,-70,,,
1791257517.0346,R,A,,-67,,,
1791257517.0361,R,C,,-57,,,
1791257517.0611,R,B,,-58,,,
1791257517.0808,O,,,,1.06333,1.6820,1.0760
1791257517.0818,O,,,,1.07922,1.6820,1.0760
1791257517.0826,O,,,,1.09642,1.6821,1.0762
1791257517.0762,R,B,,-81,,,
1791257517.0776,R,C,,-57,,,
1791257517.0916,R,A,,-64,,,
1791257517.1179,R,A,,-69,,,
1791257517.1608,O,,,,1.11231,1.6821,1.0762
1791257517.1618,O,,,,1.12819,1.6821,1.0762
1791257517.1627,O,,,,1.14275,1.6822,1.0764
1791257517.1635,O,,,,1.15996,1.6824,1.0767
1791257517.1366,R,C,,-56,,,
1791257517.1610,R,B,,-68,,,
1791257517.1895,R,C,,-66,,,
1791257517.1940,R,A,,-71,,,
1791257517.2082,R,B,,-62,,,
1791257517.2093,R,C,,-57,,,
1791257517.2094,R,A,,-71,,,
1791257517.2109,R,B,,-65,,,
1791257517.2416,O,,,,1.17584,1.6824,1.0767
1791257517.2427,O,,,,1.19305,1.6825,1.0769
1791257517.2442,O,,,,1.20894,1.6825,1.0769
1791257517.2449,O,,,,1.22482,1.6825,1.0769
1791257517.2614,R,B,,-75,,,
1791257517.3185,O,,,,1.24335,1.6825,1.0769
1791257517.3196,O,,,,1.25923,1.6825,1.0769
1791257517.3205,O,,,,1.27512,1.6825,1.0769
1791257517.2900,R,C,,-59,,,
1791257517.2936,R,A,,-67,,,
1791257517.2964,R,A,,-66,,,
1791257517.3117,R,B,,-74,,,
1791257517.3133,R,C,,-54,,,
1791257517.3215,O,,,,1.29233,1.6825,1.0772
1791257517.3373,R,A,,-66,,,
1791257517.3399,R,C,,-56,,,
1791257517.3468,R,B,,-66,,,
1791257517.3959,O,,,,1.30953,1.6825,1.0769
1791257517.3969,O,,,,1.32542,1.6825,1.0769
1791257517.3977,O,,,,1.34262,1.6825,1.0772
1791257517.3986,O,,,,1.35851,1.6825,1.0772
1791257517.3823,R,B,,-70,,,
1791257517.3832,R,C,,-50,,,
1791257517.3941,R,A,,-66,,,
1791257517.4295,R,B,,-70,,,
1791257517.4297,R,C,,-57,,,
1791257517.4299,R,A,,-65,,,
1791257517.4710,O,,,,1.37572,1.6825,1.0769
1791257517.4723,O,,,,1.39160,1.6825,1.0769
1791257517.4736,O,,,,1.40748,1.6825,1.0769
1791257517.4748,O,,,,1.42601,1.6825,1.0769
1791257517.4896,R,C,,-56,,,
1791257517.4942,R,A,,-70,,,
1791257517.5113,R,B,,-66,,,
1791257517.5180,R,C,,-54,,,
1791257517.5511,O,,,,1.44190,1.6825,1.0769
1791257517.5528,O,,,,1.45778,1.6825,1.0769
1791257517.5540,O,,,,1.47631,1.6825,1.0769
1791257517.5550,O,,,,1.49220,1.6825,1.0769
1791257517.5445,R,A,,-71,,,
1791257517.5617,R,B,,-87,,,
1791257517.5702,R,C,,-57,,,
1791257517.5936,R,A,,-66,,,
1791257517.6209,O,,,,1.50808,1.6825,1.0769
1791257517.6218,O,,,,1.52661,1.6825,1.0769
1791257517.6225,O,,,,1.54250,1.6825,1.0769
1791257517.6471,R,B,,-81,,,
1791257517.6966,O,,,,1.55838,1.6825,1.0769
1791257517.6976,O,,,,1.57426,1.6825,1.0769
1791257517.6986,O,,,,1.59280,1.6825,1.0769
1791257517.6994,O,,,,1.60868,1.6825,1.0769
1791257517.6794,R,C,,-55,,,
1791257517.6949,R,A,,-74,,,
1791257517.7112,R,B,,-73,,,
1791257517.7397,R,C,,-61,,,
1791257517.7447,R,A,,-71,,,
1791257517.7763,O,,,,1.62456,1.6825,1.0769
1791257517.7772,O,,,,1.64045,1.6825,1.0769
1791257517.7841,O,,,,1.65766,1.6824,1.0772
1791257517.7849,O,,,,1.67354,1.6824,1.0772
1791257517.7812,R,C,,-61,,,
1791257517.7947,R,A,,-73,,,
1791257517.8118,R,B,,-86,,,
1791257517.8559,O,,,,1.68810,1.6825,1.0769
1791257517.8568,O,,,,1.70398,1.6825,1.0769
1791257517.8576,O,,,,1.71722,1.6825,1.0769
1791257517.8584,O,,,,1.73310,1.6825,1.0769
1791257517.8220,R,B,,-69,,,
1791257517.8398,R,C,,-55,,,
1791257517.8422,R,A,,-68,,,
1791257517.8903,R,C,,-58,,,
1791257517.8945,R,A,,-76,,,
1791257517.9096,R,B,,-74,,,
1791257517.9102,R,C,,-56,,,
1791257517.9125,R,B,,-73,,,
1791257517.9313,O,,,,1.74766,1.6824,1.0772
1791257517.9323,O,,,,1.76222,1.6825,1.0769
1791257517.9331,O,,,,1.77546,1.6825,1.0769
1791257517.9338,O,,,,1.79002,1.6824,1.0772
1791257517.9448,R,A,,-70,,,
1791257517.9559,R,B,,-68,,,
1791257517.9560,R,C,,-51,,,
1791257517.9566,R,A,,-77,,,
1791257518.0113,O,,,,1.80193,1.6825,1.0769
1791257518.0123,O,,,,1.81517,1.6825,1.0769
1791257518.0132,O,,,,1.83105,1.6825,1.0769
1791257518.0139,O,,,,1.84429,1.6825,1.0769
1791257517.9954,R,B,,-72,,,
1791257517.9976,R,C,,-56,,,
1791257518.0371,R,A,,-74,,,
1791257518.0402,R,C,,-59,,,
1791257518.0551,R,B,,-72,,,
1791257518.0878,O,,,,1.85885,1.6824,1.0772
1791257518.0889,O,,,,1.87341,1.6825,1.0769
1791257518.0899,O,,,,1.88930,1.6825,1.0769
1791257518.0821,R,A,,-66,,,
1791257518.0903,R,C,,-56,,,
1791257518.1114,R,B,,-79,,,
1791257518.1612,O,,,,1.90518,1.6825,1.0769
1791257518.1625,O,,,,1.92106,1.6825,1.0769
1791257518.1635,O,,,,1.93827,1.6826,1.0767
1791257518.1643,O,,,,1.95415,1.6826,1.0767
1791257518.1277,R,B,,-69,,,
1791257518.1395,R,C,,-50,,,
1791257518.1451,R,A,,-66,,,
1791257518.1710,R,C,,-54,,,
1791257518.1774,R,A,,-68,,,
1791257518.1982,R,B,,-79,,,
1791257518.2365,O,,,,1.97136,1.6825,1.0769
1791257518.2374,O,,,,1.98725,1.6825,1.0769
1791257518.2382,O,,,,2.00313,1.6825,1.0769
1791257518.2390,O,,,,2.01901,1.6825,1.0769
1791257518.2615,R,B,,-84,,,
1791257518.3183,O,,,,2.03490,1.6825,1.0769
1791257518.3196,O,,,,2.05343,1.6825,1.0769
1791257518.3207,O,,,,2.06931,1.6825,1.0769
1791257518.2704,R,C,,-57,,,
1791257518.2705,R,B,,-69,,,
1791257518.2946,R,A,,-63,,,
1791257518.3135,R,C,,-68,,,
1791257518.3163,R,A,,-71,,,
1791257518.3218,O,,,,2.08520,1.6825,1.0769
1791257518.3614,R,B,,-69,,,
1791257518.3911,O,,,,2.10108,1.6825,1.0769
1791257518.3920,O,,,,2.11961,1.6825,1.0769
1791257518.3928,O,,,,2.13550,1.6825,1.0769
1791257518.3937,O,,,,2.15138,1.6825,1.0769
1791257518.3705,R,A,,-63,,,
1791257518.3706,R,C,,-70,,,
1791257518.4044,R,C,,-64,,,
1791257518.4045,R,B,,-69,,,
1791257518.4443,R,A,,-65,,,
1791257518.4482,R,B,,-70,,,
1791257518.4517,R,C,,-56,,,
1791257518.4525,R,A,,-68,,,
1791257518.4709,O,,,,2.16726,1.6825,1.0769
1791257518.4717,O,,,,2.18579,1.6825,1.0769
1791257518.4725,O,,,,2.20168,1.6825,1.0769
1791257518.4732,O,,,,2.21756,1.6825,1.0769
1791257518.4899,R,C,,-56,,,
1791257518.4901,R,B,,-68,,,
1791257518.4903,R,A,,-66,,,
1791257518.5513,O,,,,2.23609,1.6825,1.0769
1791257518.5526,O,,,,2.25198,1.6825,1.0769
1791257518.5535,O,,,,2.26786,1.6825,1.0769
1791257518.5543,O,,,,2.28639,1.6825,1.0769
1791257518.5405,R,C,,-56,,,
1791257518.5447,R,A,,-64,,,
1791257518.5615,R,B,,-74,,,
1791257518.6171,O,,,,2.30228,1.6825,1.0769
1791257518.6180,O,,,,2.31816,1.6825,1.0769
1791257518.6189,O,,,,2.33537,1.6827,1.0767
1791257518.5824,R,C,,-62,,,
1791257518.5829,R,A,,-68,,,
1791257518.6233,R,A,,-65,,,
1791257518.6404,R,C,,-58,,,
1791257518.6622,R,B,,-74,,,
1791257518.6959,O,,,,2.35258,1.6825,1.0769
1791257518.6970,O,,,,2.36846,1.6825,1.0769
1791257518.6978,O,,,,2.38434,1.6825,1.0769
1791257518.6986,O,,,,2.40287,1.6825,1.0769
1791257518.7082,R,B,,-67,,,
1791257518.7249,R,C,,-58,,,
1791257518.7452,R,A,,-71,,,
1791257518.7616,R,B,,-75,,,
1791257518.7767,O,,,,2.41876,1.6825,1.0769
1791257518.7777,O,,,,2.43464,1.6825,1.0769
1791257518.7785,O,,,,2.45317,1.6825,1.0769
1791257518.7793,O,,,,2.46906,1.6825,1.0769
1791257518.7886,R,C,,-61,,,
1791257518.7935,R,A,,-67,,,
1791257518.7958,R,B,,-71,,,
1791257518.8518,O,,,,2.48626,1.6827,1.0768
1791257518.8528,O,,,,2.50215,1.6827,1.0768
1791257518.8537,O,,,,2.51936,1.6825,1.0769
1791257518.8545,O,,,,2.53656,1.6827,1.0768
1791257518.8368,R,C,,-66,,,
1791257518.8396,R,C,,-67,,,
1791257518.8445,R,A,,-73,,,
1791257518.8469,R,B,,-71,,,
1791257518.8832,R,B,,-69,,,
1791257518.8898,R,C,,-58,,,
1791257518.8950,R,A,,-68,,,
1791257518.9309,O,,,,2.55377,1.6825,1.0769
1791257518.9320,O,,,,2.56966,1.6825,1.0769
1791257518.9329,O,,,,2.58554,1.6825,1.0769
1791257518.9337,O,,,,2.60275,1.6822,1.0771
1791257518.9232,R,A,,-65,,,
1791257518.9236,R,B,,-72,,,
1791257518.9311,R,C,,-61,,,
1791257519.0114,O,,,,2.61995,1.6825,1.0769
1791257519.0125,O,,,,2.63584,1.6825,1.0769
1791257519.0133,O,,,,2.65305,1.6827,1.0768
1791257519.0141,O,,,,2.67025,1.6825,1.0769
1791257518.9707,R,A,,-67,,,
1791257518.9900,R,C,,-62,,,
1791257519.0121,R,B,,-69,,,
1791257519.0236,R,B,,-74,,,
1791257519.0408,R,C,,-57,,,
1791257519.0447,R,A,,-66,,,
1791257519.0617,R,B,,-74,,,
1791257519.0761,O,,,,2.68614,1.6825,1.0769
1791257519.0770,O,,,,2.70202,1.6825,1.0769
1791257519.0778,O,,,,2.71923,1.6827,1.0768
1791257519.0907,R,C,,-72,,,
1791257519.0953,R,A,,-64,,,
1791257519.1028,R,B,,-68,,,
1791257519.1149,R,A,,-66,,,
1791257519.1154,R,C,,-71,,,
1791257519.1564,O,,,,2.73644,1.6825,1.0769
1791257519.1573,O,,,,2.75232,1.6825,1.0769
1791257519.1581,O,,,,2.76820,1.6825,1.0769
1791257519.1595,O,,,,2.78674,1.6825,1.0769
1791257519.1485,R,B,,-59,,,
1791257519.1902,R,C,,-64,,,
1791257519.1938,R,A,,-63,,,
1791257519.1969,R,A,,-62,,,
1791257519.2119,R,B,,-85,,,
1791257519.2363,O,,,,2.80262,1.6825,1.0769
1791257519.2376,O,,,,2.81850,1.6825,1.0769
1791257519.2388,O,,,,2.83703,1.6825,1.0769
1791257519.2399,O,,,,2.85292,1.6825,1.0769
1791257519.2367,R,A,,-66,,,
1791257519.2407,R,C,,-66,,,
1791257519.2624,R,B,,-70,,,
1791257519.3183,O,,,,2.86880,1.6825,1.0769
1791257519.3192,O,,,,2.88601,1.6827,1.0768
1791257519.3200,O,,,,2.90322,1.6825,1.0769
1791257519.2831,R,C,,-67,,,
1791257519.2841,R,B,,-63,,,
1791257519.2847,R,A,,-64,,,
1791257519.3210,O,,,,2.91910,1.6825,1.0769
1791257519.3288,R,B,,-71,,,
1791257519.3303,R,C,,-64,,,
1791257519.3447,R,A,,-65,,,
1791257519.3909,O,,,,2.93498,1.6825,1.0769
1791257519.3918,O,,,,2.95219,1.6822,1.0770
1791257519.3927,O,,,,2.96940,1.6825,1.0769
1791257519.3935,O,,,,2.98528,1.6825,1.0769
1791257519.3714,R,C,,-64,,,
1791257519.3765,R,A,,-64,,,
1791257519.3771,R,B,,-71,,,
1791257519.4660,O,,,,3.00381,1.6825,1.0769
1791257519.4670,O,,,,3.01970,1.6825,1.0769
1791257519.4678,O,,,,3.03558,1.6825,1.0769
1791257519.4685,O,,,,3.05147,1.6819,1.0770
1791257519.4321,R,A,,-60,,,
1791257519.4382,R,C,,-68,,,
1791257519.4392,R,B,,-75,,,
1791257519.4754,R,B,,-76,,,
1791257519.4902,R,C,,-60,,,
1791257519.4948,R,A,,-67,,,
1791257519.5057,R,C,,-66,,,
1791257519.5117,R,B,,-76,,,
1791257519.5359,O,,,,3.06603,1.6817,1.0770
1791257519.5368,O,,,,3.08191,1.6817,1.0770
1791257519.5376,O,,,,3.09647,1.6809,1.0770
1791257519.5384,O,,,,3.11103,1.6806,1.0770
1791257519.5261,R,A,,-62,,,
1791257519.5616,R,C,,-69,,,
1791257519.6159,O,,,,3.12427,1.6801,1.0771
1791257519.6169,O,,,,3.13618,1.6793,1.0771
1791257519.6176,O,,,,-3.13244,1.6785,1.0771
1791257519.5879,R,C,,-68,,,
1791257519.5882,R,A,,-63,,,
1791257519.5885,R,B,,-65,,,
1791257519.6339,R,B,,-79,,,
1791257519.6348,R,C,,-60,,,
1791257519.6447,R,A,,-68,,,
1791257519.6959,O,,,,-3.12053,1.6777,1.0770
1791257519.6968,O,,,,-3.10729,1.6772,1.0770
1791257519.6976,O,,,,-3.09141,1.6766,1.0770
1791257519.6984,O,,,,-3.07685,1.6764,1.0770
1791257519.6747,R,B,,-72,,,
1791257519.6902,R,C,,-76,,,
1791257519.6955,R,A,,-68,,,
1791257519.7252,R,A,,-65,,,
1791257519.7407,R,C,,-74,,,
1791257519.7606,R,B,,-68,,,
1791257519.7715,O,,,,-3.06097,1.6759,1.0770
1791257519.7724,O,,,,-3.04641,1.6756,1.0769
1791257519.7732,O,,,,-3.03052,1.6751,1.0769
1791257519.7740,O,,,,-3.01596,1.6748,1.0768
1791257519.7719,R,B,,-75,,,
1791257519.7730,R,C,,-63,,,
1791257519.7733,R,A,,-66,,,
1791257519.8119,R,B,,-72,,,
1791257519.8527,O,,,,-3.00008,1.6743,1.0768
1791257519.8536,O,,,,-2.98552,1.6740,1.0767
1791257519.8546,O,,,,-2.97096,1.6732,1.0766
1791257519.8554,O,,,,-2.95507,1.6727,1.0765
1791257519.8212,R,A,,-68,,,
1791257519.8407,R,C,,-65,,,
1791257519.8623,R,B,,-60,,,
1791257519.8643,R,A,,-61,,,
1791257519.8644,R,C,,-61,,,
1791257519.9125,R,B,,-66,,,
1791257519.9259,O,,,,-2.94184,1.6722,1.0764
1791257519.9268,O,,,,-2.92728,1.6714,1.0762
1791257519.9276,O,,,,-2.91536,1.6706,1.0761
1791257519.9283,O,,,,-2.90080,1.6699,1.0759
1791257519.9403,R,C,,-69,,,
1791257519.9451,R,A,,-58,,,
1791257519.9503,R,C,,-70,,,
1791257519.9623,R,B,,-65,,,
1791257520.0058,O,,,,-2.88757,1.6688,1.0756
1791257520.0067,O,,,,-2.87433,1.6673,1.0752
1791257520.0074,O,,,,-2.86109,1.6663,1.0749
1791257520.0082,O,,,,-2.84918,1.6650,1.0746
1791257519.9817,R,A,,-63,,,
1791257520.0449,R,A,,-61,,,
1791257520.0624,R,B,,-68,,,
1791257520.0828,O,,,,-2.83595,1.6635,1.0741
1791257520.0838,O,,,,-2.82271,1.6620,1.0736
1791257520.0846,O,,,,-2.81080,1.6607,1.0732
1791257520.0904,R,C,,-57,,,
1791257520.0908,R,A,,-68,,,
1791257520.0939,R,B,,-71,,,
1791257520.1559,O,,,,-2.79888,1.6590,1.0726
1791257520.1570,O,,,,-2.78697,1.6572,1.0719
1791257520.1578,O,,,,-2.77373,1.6558,1.0714
1791257520.1586,O,,,,-2.76182,1.6535,1.0705
1791257520.1349,R,C,,-63,,,
1791257520.1451,R,A,,-67,,,
1791257520.1774,R,B,,-69,,,
1791257520.1829,R,C,,-58,,,
1791257520.1845,R,A,,-64,,,
1791257520.2314,O,,,,-2.74991,1.6518,1.0698
1791257520.2326,O,,,,-2.73667,1.6499,1.0690
1791257520.2336,O,,,,-2.72476,1.6482,1.0682
1791257520.2344,O,,,,-2.71284,1.6460,1.0673
1791257520.2258,R,C,,-56,,,
1791257520.2450,R,A,,-63,,,
1791257520.2535,R,B,,-60,,,
1791257520.3111,O,,,,-2.70093,1.6438,1.0663
1791257520.3121,O,,,,-2.68902,1.6417,1.0652
1791257520.3129,O,,,,-2.67711,1.6395,1.0642
1791257520.3137,O,,,,-2.66519,1.6374,1.0631
1791257520.2741,R,C,,-57,,,
1791257520.2743,R,A,,-60,,,
1791257520.3111,R,C,,-58,,,
1791257520.3119,R,B,,-60,,,
1791257520.3453,R,A,,-56,,,
1791257520.3626,R,B,,-58,,,
1791257520.3682,R,A,,-55,,,
1791257520.3683,R,C,,-59,,,
1791257520.3861,O,,,,-2.65328,1.6353,1.0620
1791257520.3870,O,,,,-2.64269,1.6334,1.0610
1791257520.3878,O,,,,-2.63078,1.6314,1.0598
1791257520.3886,O,,,,-2.61887,1.6293,1.0587
1791257520.3915,R,B,,-60,,,
1791257520.3937,R,A,,-54,,,
1791257520.4661,O,,,,-2.60695,1.6272,1.0575
1791257520.4674,O,,,,-2.59636,1.6250,1.0561
1791257520.4682,O,,,,-2.58710,1.6225,1.0546
1791257520.4690,O,,,,-2.58180,1.6198,1.0529
1791257520.4357,R,C,,-61,,,
1791257520.4359,R,A,,-56,,,
1791257520.4386,R,B,,-57,,,
1791257520.4862,R,B,,-57,,,
1791257520.5359,O,,,,-2.57386,1.6171,1.0512
1791257520.5370,O,,,,-2.56989,1.6142,1.0493
1791257520.5379,O,,,,-2.56592,1.6113,1.0475
1791257520.5256,R,B,,-60,,,
1791257520.5277,R,A,,-52,,,
1791257520.5280,R,C,,-58,,,
1791257520.5656,R,C,,-66,,,
1791257520.6144,O,,,,-2.56327,1.6082,1.0455
1791257520.6153,O,,,,-2.56195,1.6049,1.0433
1791257520.6161,O,,,,-2.55930,1.6018,1.0413
1791257520.6168,O,,,,-2.55665,1.5982,1.0389
1791257520.5943,R,B,,-57,,,
1791257520.5950,R,A,,-55,,,
1791257520.6063,R,C,,-58,,,
1791257520.6121,R,B,,-56,,,
1791257520.6203,R,A,,-54,,,
1791257520.6545,R,C,,-59,,,
1791257520.6546,R,B,,-57,,,
1791257520.6679,R,A,,-55,,,
1791257520.6908,O,,,,-2.55533,1.5949,1.0367
1791257520.6918,O,,,,-2.55401,1.5916,1.0345
1791257520.6929,O,,,,-2.55401,1.5881,1.0322
1791257520.6937,O,,,,-2.55268,1.5848,1.0300
1791257520.6938,R,B,,-57,,,
1791257520.6956,R,A,,-54,,,
1791257520.7456,R,A,,-83,,,
1791257520.7510,R,B,,-56,,,
1791257520.7713,O,,,,-2.55268,1.5813,1.0276
1791257520.7722,O,,,,-2.55401,1.5780,1.0254
1791257520.7731,O,,,,-2.55401,1.5745,1.0231
1791257520.7738,O,,,,-2.55665,1.5709,1.0207
1791257520.7910,R,C,,-66,,,
1791257520.7955,R,A,,-52,,,
1791257520.7984,R,B,,-54,,,
1791257520.8459,O,,,,-2.55798,1.5676,1.0185
1791257520.8469,O,,,,-2.56062,1.5641,1.0162
1791257520.8477,O,,,,-2.56327,1.5605,1.0139
1791257520.8485,O,,,,-2.56460,1.5572,1.0117
1791257520.8363,R,A,,-55,,,
1791257520.8912,R,C,,-63,,,
1791257520.8952,R,A,,-57,,,
1791257520.9260,O,,,,-2.56724,1.5537,1.0094
1791257520.9270,O,,,,-2.56857,1.5503,1.0073
1791257520.9278,O,,,,-2.57121,1.5468,1.0050
1791257520.9286,O,,,,-2.57121,1.5432,1.0027
1791257520.9302,R,C,,-60,,,
1791257520.9303,R,A,,-55,,,
1791257520.9308,R,B,,-56,,,
1791257521.0058,O,,,,-2.57254,1.5398,1.0005
1791257521.0068,O,,,,-2.57386,1.5365,0.9984
1791257521.0076,O,,,,-2.57386,1.5329,0.9961
1791257521.0084,O,,,,-2.57518,1.5296,0.9940
1791257520.9767,R,B,,-66,,,
1791257520.9906,R,C,,-56,,,
1791257520.9952,R,A,,-58,,,
1791257521.0256,R,C,,-59,,,
1791257521.0267,R,A,,-60,,,
1791257521.0627,R,B,,-58,,,
1791257521.0710,O,,,,-2.57518,1.5260,0.9917
1791257521.0718,O,,,,-2.57651,1.5226,0.9896
1791257521.0732,O,,,,-2.57518,1.5193,0.9875
1791257521.0762,R,C,,-69,,,
1791257521.0766,R,A,,-59,,,
1791257521.0771,R,B,,-58,,,
1791257521.1187,R,C,,-51,,,
1791257521.1508,O,,,,-2.57651,1.5159,0.9853
1791257521.1517,O,,,,-2.57651,1.5124,0.9831
1791257521.1526,O,,,,-2.57651,1.5088,0.9808
1791257521.1533,O,,,,-2.57651,1.5052,0.9785
1791257521.1452,R,A,,-58,,,
1791257521.1579,R,C,,-61,,,
1791257521.1582,R,A,,-63,,,
1791257521.1618,R,B,,-61,,,
1791257521.1983,R,B,,-64,,,
1791257521.2153,R,C,,-61,,,
1791257521.2315,O,,,,-2.57651,1.5016,0.9763
1791257521.2323,O,,,,-2.57783,1.4983,0.9741
1791257521.2333,O,,,,-2.57783,1.4947,0.9719
1791257521.2342,O,,,,-2.57916,1.4913,0.9697
1791257521.2413,R,C,,-56,,,
1791257521.2462,R,A,,-61,,,
1791257521.2622,R,B,,-59,,,
1791257521.3059,O,,,,-2.57916,1.4878,0.9675
1791257521.3068,O,,,,-2.58048,1.4844,0.9654
1791257521.3076,O,,,,-2.58313,1.4808,0.9631
1791257521.3085,O,,,,-2.58577,1.4772,0.9609
1791257521.2913,R,C,,-54,,,
1791257521.2958,R,A,,-58,,,
1791257521.2959,R,B,,-65,,,
1791257521.3283,R,B,,-62,,,
1791257521.3860,O,,,,-2.58842,1.4736,0.9587
1791257521.3871,O,,,,-2.59107,1.4700,0.9564
1791257521.3879,O,,,,-2.59636,1.4664,0.9542
1791257521.3887,O,,,,-2.59901,1.4628,0.9520
1791257521.3759,R,C,,-56,,,
1791257521.3764,R,A,,-59,,,
1791257521.3939,R,B,,-59,,,
1791257521.4659,O,,,,-2.60166,1.4591,0.9499
1791257521.4669,O,,,,-2.60563,1.4557,0.9478
1791257521.4679,O,,,,-2.60960,1.4519,0.9455
1791257521.4689,O,,,,-2.61357,1.4484,0.9435
1791257521.4326,R,C,,-61,,,
1791257521.4454,R,A,,-61,,,
1791257521.4623,R,B,,-64,,,
1791257521.4757,R,A,,-57,,,
1791257521.4854,R,C,,-66,,,
1791257521.5059,R,B,,-62,,,
1791257521.5311,O,,,,-2.61754,1.4445,0.9413
1791257521.5322,O,,,,-2.62151,1.4411,0.9393
1791257521.5330,O,,,,-2.62416,1.4374,0.9372
1791257521.5392,R,A,,-57,,,
1791257521.5406,R,C,,-74,,,
1791257521.5523,R,B,,-59,,,
1791257521.6126,O,,,,-2.62813,1.4340,0.9352
1791257521.6135,O,,,,-2.63078,1.4303,0.9331
1791257521.6144,O,,,,-2.63475,1.4268,0.9312
1791257521.6152,O,,,,-2.63607,1.4233,0.9293
1791257521.5914,R,C,,-65,,,
1791257521.5947,R,A,,-62,,,
1791257521.5974,R,A,,-62,,,
1791257521.6022,R,B,,-67,,,
1791257521.6349,R,C,,-68,,,
1791257521.6351,R,A,,-69,,,
1791257521.6355,R,B,,-73,,,
1791257521.6907,O,,,,-2.64004,1.4198,0.9274
1791257521.6916,O,,,,-2.64269,1.4166,0.9256
1791257521.6927,O,,,,-2.64534,1.4133,0.9238
1791257521.6935,O,,,,-2.64799,1.4101,0.9221
1791257521.6908,R,C,,-68,,,
1791257521.6954,R,A,,-62,,,
1791257521.7031,R,B,,-62,,,
1791257521.7676,O,,,,-2.65063,1.4068,0.9203
1791257521.7685,O,,,,-2.65196,1.4038,0.9187
1791257521.7693,O,,,,-2.65593,1.4007,0.9171
1791257521.7701,O,,,,-2.65725,1.3977,0.9155
1791257521.7413,R,C,,-60,,,
1791257521.7462,R,A,,-71,,,
1791257521.7485,R,B,,-69,,,
1791257521.7673,R,C,,-68,,,
1791257521.7957,R,A,,-71,,,
1791257521.8068,R,B,,-66,,,
1791257521.8093,R,B,,-64,,,
1791257521.8460,O,,,,-2.65990,1.3944,0.9138
1791257521.8469,O,,,,-2.66255,1.3916,0.9123
1791257521.8478,O,,,,-2.66387,1.3885,0.9107
1791257521.8486,O,,,,-2.66652,1.3857,0.9092
1791257521.8408,R,C,,-62,,,
1791257521.8459,R,A,,-72,,,
1791257521.8577,R,A,,-64,,,
1791257521.8581,R,C,,-63,,,
1791257521.8582,R,B,,-65,,,
1791257521.9211,O,,,,-2.66916,1.3829,0.9078
1791257521.8968,R,B,,-69,,,
1791257521.9222,O,,,,-2.67181,1.3801,0.9064
1791257521.9231,O,,,,-2.67578,1.3775,0.9050
1791257521.9239,O,,,,-2.67711,1.3749,0.9037
1791257521.9408,R,C,,-61,,,
1791257521.9457,R,A,,-64,,,
1791257521.9479,R,B,,-62,,,
1791257522.0077,O,,,,-2.67843,1.3722,0.9024
1791257522.0088,O,,,,-2.68108,1.3694,0.9010
1791257522.0096,O,,,,-2.68108,1.3670,0.8998
1791257522.0104,O,,,,-2.68240,1.3644,0.8985
1791257521.9752,R,C,,-61,,,
1791257521.9960,R,B,,-70,,,
1791257521.9963,R,A,,-61,,,
1791257522.0409,R,C,,-67,,,
1791257522.0452,R,A,,-68,,,
1791257522.0626,R,B,,-65,,,
1791257522.0761,O,,,,-2.68240,1.3621,0.8974
1791257522.0771,O,,,,-2.68372,1.3599,0.8963
1791257522.0779,O,,,,-2.68372,1.3575,0.8951
1791257522.0878,R,C,,-59,,,
1791257522.0880,R,A,,-62,,,
1791257522.0886,R,B,,-58,,,
1791257522.1516,O,,,,-2.68505,1.3554,0.8941
1791257522.1527,O,,,,-2.68505,1.3535,0.8932
1791257522.1535,O,,,,-2.68637,1.3514,0.8921
1791257522.1542,O,,,,-2.68637,1.3495,0.8912
1791257522.1411,R,B,,-63,,,
1791257522.1414,R,A,,-62,,,
1791257522.1415,R,C,,-64,,,
1791257522.1786,R,B,,-60,,,
1791257522.1915,R,C,,-61,,,
1791257522.1957,R,A,,-59,,,
1791257522.2259,O,,,,-2.68505,1.3473,0.8901
1791257522.2269,O,,,,-2.68505,1.3454,0.8892
1791257522.2277,O,,,,-2.68505,1.3435,0.8883
1791257522.2284,O,,,,-2.68637,1.3419,0.8875
1791257522.2405,R,C,,-64,,,
1791257522.2464,R,A,,-70,,,
1791257522.2626,R,B,,-65,,,
1791257522.2673,R,C,,-73,,,
1791257522.3066,O,,,,-2.68637,1.3400,0.8865
1791257522.3076,O,,,,-2.68637,1.3380,0.8856
1791257522.3085,O,,,,-2.68637,1.3361,0.8847
1791257522.3092,O,,,,-2.68637,1.3342,0.8837
1791257522.2871,R,A,,-63,,,
1791257522.2872,R,B,,-75,,,
1791257522.3184,R,A,,-56,,,
1791257522.3409,R,C,,-64,,,
1791257522.3587,R,B,,-71,,,
1791257522.3621,R,C,,-68,,,
1791257522.3626,R,B,,-66,,,
1791257522.3838,O,,,,-2.68637,1.3323,0.8828
1791257522.3849,O,,,,-2.68505,1.3307,0.8820
1791257522.3857,O,,,,-2.68505,1.3288,0.8810
1791257522.3865,O,,,,-2.68505,1.3274,0.8803
1791257522.3918,R,A,,-57,,,
1791257522.4112,R,B,,-67,,,
1791257522.4141,R,C,,-66,,,
1791257522.4142,R,A,,-55,,,
1791257522.4611,O,,,,-2.68505,1.3255,0.8794
1791257522.4624,O,,,,-2.68505,1.3240,0.8787
1791257522.4636,O,,,,-2.68505,1.3226,0.8780
1791257522.4648,O,,,,-2.68505,1.3212,0.8773
1791257522.4522,R,B,,-66,,,
1791257522.4910,R,C,,-49,,,
1791257522.4965,R,A,,-52,,,
1791257522.4998,R,C,,-56,,,
1791257522.5116,R,B,,-56,,,
1791257522.5152,R,A,,-62,,,
1791257522.5313,O,,,,-2.68505,1.3197,0.8766
1791257522.5324,O,,,,-2.68505,1.3183,0.8759
1791257522.5333,O,,,,-2.68505,1.3174,0.8754
1791257522.5633,R,B,,-50,,,
1791257522.6063,O,,,,-2.68505,1.3164,0.8750
1791257522.6074,O,,,,-2.68505,1.3155,0.8745
1791257522.6082,O,,,,-2.68505,1.3150,0.8743
1791257522.6090,O,,,,-2.68505,1.3140,0.8738
1791257522.5706,R,C,,-51,,,
1791257522.5892,R,A,,-63,,,
1791257522.5895,R,B,,-64,,,
1791257522.5924,R,C,,-58,,,
1791257522.6301,R,B,,-63,,,
1791257522.6319,R,C,,-67,,,
1791257522.6321,R,A,,-70,,,
1791257522.6862,O,,,,-2.68372,1.3133,0.8735
1791257522.6871,O,,,,-2.68372,1.3129,0.8732
1791257522.6879,O,,,,-2.68505,1.3121,0.8729
1791257522.6888,O,,,,-2.68505,1.3117,0.8726
1791257522.6910,R,C,,-67,,,
1791257522.6948,R,A,,-68,,,
1791257522.7001,R,B,,-64,,,
1791257522.7625,O,,,,-2.68372,1.3114,0.8725
1791257522.7639,O,,,,-2.68372,1.3110,0.8723
1791257522.7646,O,,,,-2.68505,1.3107,0.8722
1791257522.7654,O,,,,-2.68372,1.3105,0.8721
1791257522.7244,R,C,,-77,,,
1791257522.7255,R,A,,-70,,,
1791257522.7303,R,B,,-68,,,
1791257522.7858,R,B,,-70,,,
1791257522.7880,R,C,,-69,,,
1791257522.7962,R,A,,-79,,,
1791257522.8156,R,C,,-67,,,
1791257522.8158,R,A,,-72,,,
1791257522.8414,O,,,,-2.68372,1.3105,0.8721
1791257522.8428,O,,,,-2.68372,1.3105,0.8721
1791257522.8438,O,,,,-2.68372,1.3105,0.8721
1791257522.8446,O,,,,-2.68372,1.3105,0.8721
1791257522.8322,R,B,,-72,,,
1791257522.8912,R,C,,-73,,,
1791257522.8959,R,A,,-70,,,
1791257522.9127,R,B,,-74,,,
1791257522.9172,R,C,,-79,,,
1791257522.9175,R,A,,-67,,,
1791257522.9221,O,,,,-2.68372,1.3105,0.8721
1791257522.9229,O,,,,-2.68372,1.3105,0.8721
1791257522.9238,O,,,,-2.68372,1.3105,0.8721
1791257522.9246,O,,,,-2.68372,1.3105,0.8721
1791257522.9536,R,B,,-63,,,
1791257523.0018,O,,,,-2.68372,1.3105,0.8721
1791257523.0027,O,,,,-2.68372,1.3105,0.8721
1791257523.0035,O,,,,-2.68372,1.3105,0.8721
1791257523.0042,O,,,,-2.68372,1.3105,0.8721
1791257522.9711,R,C,,-65,,,
1791257522.9717,R,A,,-66,,,
1791257523.0046,R,B,,-81,,,
1791257523.0177,R,A,,-73,,,
1791257523.0178,R,C,,-66,,,
1791257523.0658,O,,,,-2.68372,1.3105,0.8721
1791257523.0667,O,,,,-2.68372,1.3105,0.8721
1791257523.0674,O,,,,-2.68372,1.3105,0.8721
1791257523.0552,R,B,,-76,,,
1791257523.0919,R,C,,-62,,,
1791257523.0958,R,A,,-70,,,
1791257523.1055,R,B,,-64,,,
1791257523.1057,R,A,,-69,,,
1791257523.1460,O,,,,-2.68372,1.3105,0.8721
1791257523.1469,O,,,,-2.68372,1.3105,0.8721
1791257523.1477,O,,,,-2.68372,1.3105,0.8721
1791257523.1484,O,,,,-2.68372,1.3105,0.8721
1791257523.1454,R,A,,-73,,,
1791257523.1457,R,B,,-68,,,
1791257523.1685,R,C,,-68,,,
1791257523.1912,R,C,,-69,,,
1791257523.1966,R,A,,-68,,,
1791257523.2128,R,B,,-66,,,
1791257523.2265,O,,,,-2.68372,1.3105,0.8721
1791257523.2277,O,,,,-2.68372,1.3105,0.8721
1791257523.2285,O,,,,-2.68372,1.3105,0.8721
1791257523.2293,O,,,,-2.68372,1.3105,0.8721
1791257523.2307,R,B,,-65,,,
1791257523.2319,R,C,,-80,,,
1791257523.2324,R,A,,-73,,,
1791257523.3012,O,,,,-2.68372,1.3105,0.8721
1791257523.3021,O,,,,-2.68372,1.3105,0.8721
1791257523.3028,O,,,,-2.68372,1.3105,0.8721
1791257523.3036,O,,,,-2.68372,1.3105,0.8721
1791257523.2914,R,C,,-78,,,
1791257523.2959,R,A,,-84,,,
1791257523.3282,R,B,,-68,,,
1791257523.3464,R,A,,-83,,,
1791257523.3821,O,,,,-2.68372,1.3105,0.8721
1791257523.3829,O,,,,-2.68372,1.3105,0.8721
1791257523.3837,O,,,,-2.68372,1.3105,0.8721
1791257523.3845,O,,,,-2.68372,1.3105,0.8721
1791257523.3768,R,B,,-69,,,
1791257523.3919,R,C,,-76,,,
1791257523.3964,R,A,,-73,,,
1791257523.4082,R,A,,-78,,,
1791257523.4083,R,C,,-83,,,
1791257523.4135,R,B,,-72,,,
1791257523.4561,O,,,,-2.68372,1.3105,0.8721
1791257523.4570,O,,,,-2.68372,1.3105,0.8721
1791257523.4579,O,,,,-2.68372,1.3105,0.8721
1791257523.4586,O,,,,-2.68372,1.3105,0.8721
1791257523.4633,R,B,,-70,,,
1791257523.4832,R,C,,-74,,,
1791257523.4935,R,A,,-72,,,
1791257523.4959,R,A,,-70,,,
1791257523.5124,R,B,,-79,,,
1791257523.5261,O,,,,-2.68372,1.3105,0.8721
1791257523.5271,O,,,,-2.68372,1.3105,0.8721
1791257523.5279,O,,,,-2.68505,1.3102,0.8719
1791257523.5423,R,A,,-74,,,
1791257523.5637,R,B,,-71,,,
1791257523.6105,O,,,,-2.68637,1.3100,0.8718
1791257523.6117,O,,,,-2.68505,1.3098,0.8717
1791257523.6126,O,,,,-2.68505,1.3093,0.8715
1791257523.6134,O,,,,-2.68637,1.3091,0.8714
1791257523.5886,R,A,,-70,,,
1791257523.5912,R,C,,-71,,,
1791257523.5944,R,B,,-70,,,
1791257523.6420,R,C,,-73,,,
1791257523.6452,R,A,,-67,,,
1791257523.6456,R,B,,-75,,,
1791257523.6859,O,,,,-2.68637,1.3086,0.8711
1791257523.6867,O,,,,-2.68505,1.3079,0.8708
1791257523.6875,O,,,,-2.68637,1.3072,0.8704
1791257523.6883,O,,,,-2.68637,1.3062,0.8700
1791257523.6702,R,B,,-70,,,
1791257523.6715,R,A,,-73,,,
1791257523.6923,R,C,,-83,,,
1791257523.7129,R,B,,-68,,,
1791257523.7614,O,,,,-2.68770,1.3050,0.8694
1791257523.7627,O,,,,-2.68637,1.3038,0.8688
1791257523.7635,O,,,,-2.68770,1.3026,0.8682
1791257523.7644,O,,,,-2.68770,1.3007,0.8673
1791257523.7422,R,C,,-69,,,
1791257523.7459,R,A,,-68,,,
1791257523.7608,R,B,,-61,,,
1791257523.7610,R,C,,-78,,,
1791257523.7913,R,A,,-63,,,
1791257523.8117,R,B,,-56,,,
1791257523.8415,O,,,,-2.68770,1.2993,0.8666
1791257523.8426,O,,,,-2.68902,1.2976,0.8658
1791257523.8434,O,,,,-2.68902,1.2957,0.8649
1791257523.8442,O,,,,-2.68902,1.2938,0.8639
1791257523.8414,R,C,,-73,,,
1791257523.8462,R,A,,-63,,,
1791257523.8586,R,A,,-55,,,
1791257523.8587,R,B,,-48,,,
1791257523.8684,R,C,,-51,,,
1791257523.9160,O,,,,-2.69034,1.2917,0.8629
1791257523.9169,O,,,,-2.69034,1.2893,0.8617
1791257523.9178,O,,,,-2.69034,1.2874,0.8608
1791257523.9185,O,,,,-2.69167,1.2848,0.8595
1791257523.9131,R,B,,-41,,,
1791257523.9261,R,C,,-51,,,
1791257523.9467,R,A,,-49,,,
1791257523.9470,R,B,,-46,,,
1791257523.9546,R,C,,-57,,,
1791257523.9960,O,,,,-2.69034,1.2826,0.8585
1791257523.9970,O,,,,-2.69167,1.2800,0.8572
1791257523.9978,O,,,,-2.69167,1.2776,0.8561
1791257523.9986,O,,,,-2.69167,1.2757,0.8552
1791257523.9871,R,A,,-49,,,
1791257523.9913,R,C,,-57,,,
1791257524.0130,R,B,,-45,,,
1791257524.0667,O,,,,-2.69167,1.2733,0.8540
1791257524.0678,O,,,,-2.69167,1.2710,0.8529
1791257524.0686,O,,,,-2.69299,1.2688,0.8518
1791257524.0421,R,C,,-48,,,
1791257524.0464,R,A,,-56,,,
1791257524.0635,R,B,,-42,,,
1791257524.0810,R,C,,-53,,,
1791257524.0966,R,A,,-57,,,
1791257524.0998,R,B,,-47,,,
1791257524.1443,O,,,,-2.69167,1.2667,0.8508
1791257524.1452,O,,,,-2.69299,1.2645,0.8498
1791257524.1461,O,,,,-2.69167,1.2624,0.8487
1791257524.1468,O,,,,-2.69167,1.2605,0.8478
1791257524.1380,R,C,,-56,,,
1791257524.1411,R,B,,-69,,,
1791257524.1466,R,A,,-63,,,
1791257524.1675,R,A,,-63,,,
1791257524.1676,R,C,,-54,,,
1791257524.2044,R,B,,-64,,,
1791257524.2132,R,B,,-62,,,
1791257524.2141,R,A,,-63,,,
1791257524.2215,O,,,,-2.69299,1.2583,0.8468
1791257524.2224,O,,,,-2.69299,1.2564,0.8458
1791257524.2233,O,,,,-2.69299,1.2545,0.8449
1791257524.2241,O,,,,-2.69299,1.2526,0.8440
1791257524.2415,R,C,,-54,,,
1791257524.2626,R,C,,-57,,,
1791257524.2628,R,B,,-56,,,
1791257524.3009,O,,,,-2.69299,1.2507,0.8431
1791257524.3018,O,,,,-2.69167,1.2490,0.8423
1791257524.3027,O,,,,-2.69299,1.2469,0.8413
1791257524.3035,O,,,,-2.69299,1.2450,0.8403
1791257524.2971,R,A,,-61,,,
1791257524.3137,R,B,,-70,,,
1791257524.3345,R,C,,-99,,,
1791257524.3398,R,A,,-58,,,
1791257524.3406,R,B,,-63,,,
1791257524.3418,R,C,,-61,,,
1791257524.3764,O,,,,-2.69167,1.2433,0.8395
1791257524.3772,O,,,,-2.69167,1.2414,0.8386
1791257524.3780,O,,,,-2.69167,1.2395,0.8377
1791257524.3787,O,,,,-2.69167,1.2376,0.8368
1791257524.3921,R,C,,-57,,,
1791257524.3962,R,A,,-53,,,
1791257524.4071,R,B,,-57,,,
1791257524.4559,O,,,,-2.69167,1.2361,0.8361
1791257524.4568,O,,,,-2.69167,1.2342,0.8352
1791257524.4576,O,,,,-2.69167,1.2328,0.8345
1791257524.4584,O,,,,-2.69299,1.2311,0.8337
1791257524.4308,R,B,,-74,,,
1791257524.4330,R,A,,-52,,,
1791257524.4331,R,C,,-56,,,
1791257524.4736,R,B,,-72,,,
1791257524.4921,R,C,,-63,,,
1791257524.4962,R,A,,-56,,,
1791257524.5260,O,,,,-2.69167,1.2295,0.8329
1791257524.5272,O,,,,-2.69167,1.2280,0.8322
1791257524.5280,O,,,,-2.69167,1.2271,0.8317
1791257524.5204,R,C,,-64,,,
1791257524.5207,R,A,,-56,,,
1791257524.5551,R,B,,-68,,,
1791257524.6009,O,,,,-2.69167,1.2256,0.8310
1791257524.6022,O,,,,-2.69167,1.2247,0.8305
1791257524.6030,O,,,,-2.69167,1.2237,0.8301
1791257524.6037,O,,,,-2.69167,1.2228,0.8296
1791257524.5712,R,C,,-58,,,
1791257524.5717,R,A,,-56,,,
1791257524.6106,R,C,,-69,,,
1791257524.6112,R,A,,-58,,,
1791257524.6136,R,B,,-72,,,
1791257524.6616,R,B,,-67,,,
1791257524.6619,R,A,,-56,,,
1791257524.6814,O,,,,-2.69034,1.2221,0.8293
1791257524.6822,O,,,,-2.69167,1.2214,0.8289
1791257524.6830,O,,,,-2.69167,1.2209,0.8287
1791257524.6838,O,,,,-2.69167,1.2204,0.8285
1791257524.6718,R,C,,-61,,,
1791257524.7119,R,B,,-63,,,
1791257524.7609,O,,,,-2.69167,1.2199,0.8282
1791257524.7622,O,,,,-2.69167,1.2194,0.8280
1791257524.7630,O,,,,-2.69034,1.2192,0.8279
1791257524.7640,O,,,,-2.69034,1.2187,0.8277
1791257524.7416,R,C,,-59,,,
1791257524.7435,R,A,,-56,,,
1791257524.7519,R,B,,-65,,,
1791257524.7529,R,A,,-63,,,
1791257524.7760,R,C,,-69,,,
1791257524.7926,R,A,,-62,,,
1791257524.7932,R,B,,-66,,,
1791257524.8364,O,,,,-2.69167,1.2180,0.8273
1791257524.8373,O,,,,-2.69167,1.2175,0.8271
1791257524.8381,O,,,,-2.69167,1.2171,0.8269
1791257524.8389,O,,,,-2.69299,1.2164,0.8265
1791257524.8421,R,C,,-66,,,
1791257524.8463,R,A,,-51,,,
1791257524.8638,R,B,,-64,,,
1791257524.9160,O,,,,-2.69299,1.2159,0.8263
1791257524.9170,O,,,,-2.69431,1.2152,0.8259
1791257524.9179,O,,,,-2.69564,1.2140,0.8254
1791257524.9187,O,,,,-2.69696,1.2132,0.8250
1791257524.8889,R,A,,-51,,,
1791257524.8922,R,C,,-54,,,
1791257524.9004,R,B,,-64,,,
1791257524.9325,R,C,,-62,,,
1791257524.9329,R,A,,-57,,,
1791257524.9373,R,B,,-76,,,
1791257524.9859,O,,,,-2.69828,1.2121,0.8245
1791257524.9872,O,,,,-2.70093,1.2111,0.8240
1791257524.9880,O,,,,-2.70358,1.2097,0.8233
1791257524.9921,R,B,,-61,,,
1791257525.0611,O,,,,-2.70490,1.2085,0.8228
1791257525.0621,O,,,,-2.70755,1.2065,0.8219
1791257525.0629,O,,,,-2.71020,1.2051,0.8212
1791257525.0637,O,,,,-2.71152,1.2034,0.8204
1791257525.0220,R,C,,-54,,,
1791257525.0222,R,A,,-61,,,
1791257525.0288,R,B,,-70,,,
1791257525.0665,R,A,,-55,,,
1791257525.0839,R,C,,-60,,,
1791257525.1169,R,A,,-59,,,
1791257525.1431,O,,,,-2.71417,1.2015,0.8196
1791257525.1441,O,,,,-2.71682,1.1996,0.8187
1791257525.1449,O,,,,-2.71814,1.1974,0.8177
1791257525.1456,O,,,,-2.72079,1.1955,0.8168
1791257525.1417,R,C,,-62,,,
1791257525.1538,R,B,,-67,,,
1791257525.1924,R,C,,-63,,,
1791257525.1964,R,A,,-58,,,
1791257525.2089,R,C,,-58,,,
1791257525.2093,R,A,,-60,,,
1791257525.2126,R,B,,-71,,,
1791257525.2209,O,,,,-2.72343,1.1930,0.8158
1791257525.2217,O,,,,-2.72608,1.1906,0.8147
1791257525.2224,O,,,,-2.73005,1.1879,0.8135
1791257525.2232,O,,,,-2.73270,1.1850,0.8122
1791257525.2562,R,A,,-60,,,
1791257525.2600,R,B,,-66,,,
1791257525.2603,R,C,,-61,,,
1791257525.2960,O,,,,-2.73667,1.1824,0.8111
1791257525.2969,O,,,,-2.73932,1.1794,0.8098
1791257525.3010,O,,,,-2.74064,1.1763,0.8085
1791257525.3018,O,,,,-2.74197,1.1731,0.8072
1791257525.3030,R,B,,-67,,,
1791257525.3138,R,C,,-58,,,
1791257525.3152,R,A,,-56,,,
1791257525.3461,R,A,,-57,,,
1791257525.3641,R,B,,-71,,,
1791257525.3759,O,,,,-2.74461,1.1697,0.8057
1791257525.3772,O,,,,-2.74461,1.1663,0.8043
1791257525.3781,O,,,,-2.74726,1.1628,0.8029
1791257525.3788,O,,,,-2.74858,1.1592,0.8013
1791257525.3916,R,C,,-62,,,
1791257525.3965,R,A,,-58,,,
1791257525.4559,O,,,,-2.74858,1.1558,0.7999
1791257525.4570,O,,,,-2.74858,1.1518,0.7983
1791257525.4579,O,,,,-2.74991,1.1482,0.7968
1791257525.4586,O,,,,-2.75123,1.1445,0.7953
1791257525.4383,R,C,,-61,,,
1791257525.4395,R,B,,-64,,,
1791257525.4469,R,A,,-56,,,
1791257525.4885,R,C,,-59,,,
1791257525.4914,R,B,,-68,,,
1791257525.4971,R,A,,-59,,,
1791257525.5211,O,,,,-2.74991,1.1408,0.7938
1791257525.5219,O,,,,-2.74991,1.1369,0.7921
1791257525.5229,O,,,,-2.75123,1.1332,0.7906
1791257525.5279,R,B,,-68,,,
1791257525.5281,R,C,,-62,,,
1791257525.5284,R,A,,-61,,,
1791257525.6026,O,,,,-2.75123,1.1293,0.7890
1791257525.6034,O,,,,-2.75123,1.1254,0.7874
1791257525.6044,O,,,,-2.75123,1.1220,0.7860
1791257525.6052,O,,,,-2.75123,1.1181,0.7844
1791257525.5720,R,C,,-60,,,
1791257525.5737,R,A,,-69,,,
1791257525.6136,R,B,,-65,,,
1791257525.6169,R,C,,-58,,,
1791257525.6179,R,A,,-58,,,
1791257525.6640,R,B,,-67,,,
1791257525.6820,O,,,,-2.75123,1.1142,0.7828
1791257525.6831,O,,,,-2.75123,1.1102,0.7812
1791257525.6839,O,,,,-2.75123,1.1063,0.7795
1791257525.6846,O,,,,-2.74991,1.1026,0.7780
1791257525.6770,R,A,,-58,,,
1791257525.6919,R,C,,-62,,,
1791257525.7036,R,B,,-63,,,
1791257525.7043,R,C,,-57,,,
1791257525.7047,R,A,,-57,,,
1791257525.7561,O,,,,-2.75123,1.0990,0.7765
1791257525.7578,O,,,,-2.75123,1.0951,0.7749
1791257525.7590,O,,,,-2.75123,1.0911,0.7733
1791257525.7600,O,,,,-2.75123,1.0872,0.7717
1791257525.7459,R,B,,-60,,,
1791257525.7463,R,A,,-58,,,
1791257525.7919,R,C,,-62,,,
1791257525.7971,R,A,,-61,,,
1791257525.8136,R,B,,-68,,,
1791257525.8367,O,,,,-2.74991,1.0836,0.7702
1791257525.8381,O,,,,-2.74991,1.0796,0.7685
1791257525.8393,O,,,,-2.75123,1.0760,0.7670
1791257525.8405,O,,,,-2.75123,1.0720,0.7654
1791257525.8304,R,C,,-63,,,
1791257525.8306,R,A,,-60,,,
1791257525.8438,R,B,,-66,,,
1791257525.9111,O,,,,-2.75123,1.0681,0.7638
1791257525.9123,O,,,,-2.75123,1.0647,0.7624
1791257525.9136,O,,,,-2.75123,1.0608,0.7608
1791257525.9148,O,,,,-2.75123,1.0569,0.7592
1791257525.8760,R,A,,-57,,,
1791257525.8862,R,C,,-61,,,
1791257525.8932,R,B,,-66,,,
1791257525.9312,R,B,,-63,,,
1791257525.9418,R,C,,-58,,,
1791257525.9475,R,A,,-57,,,
1791257525.9814,O,,,,-2.75123,1.0530,0.7576
1791257525.9824,O,,,,-2.75123,1.0495,0.7562
1791257525.9834,O,,,,-2.75123,1.0456,0.7545
1791257525.9716,R,C,,-62,,,
1791257525.9723,R,A,,-58,,,
1791257525.9758,R,B,,-65,,,
1791257526.0612,O,,,,-2.75123,1.0417,0.7529
1791257526.0621,O,,,,-2.75123,1.0378,0.7513
1791257526.0629,O,,,,-2.75123,1.0339,0.7497
1791257526.0636,O,,,,-2.74991,1.0302,0.7482
1791257526.0285,R,C,,-63,,,
1791257526.0292,R,B,,-64,,,
1791257526.0467,R,A,,-63,,,
1791257526.0662,R,C,,-62,,,
1791257526.0942,R,A,,-57,,,
1791257526.1060,R,C,,-65,,,
1791257526.1063,R,B,,-85,,,
1791257526.1436,O,,,,-2.75123,1.0265,0.7467
1791257526.1446,O,,,,-2.75123,1.0226,0.7451
1791257526.1455,O,,,,-2.75123,1.0187,0.7435
1791257526.1464,O,,,,-2.75123,1.0148,0.7418
1791257526.1468,R,A,,-63,,,
1791257526.1538,R,C,,-69,,,
1791257526.1539,R,A,,-63,,,
1791257526.1587,R,B,,-73,,,
1791257526.2160,O,,,,-2.75123,1.0108,0.7402
1791257526.2173,O,,,,-2.75123,1.0074,0.7388
1791257526.2181,O,,,,-2.75123,1.0035,0.7372
1791257526.2189,O,,,,-2.75123,0.9996,0.7356
1791257526.2087,R,B,,-74,,,
1791257526.2275,R,C,,-65,,,
1791257526.2420,R,C,,-66,,,
1791257526.2423,R,A,,-67,,,
1791257526.2476,R,B,,-75,,,
1791257526.2959,O,,,,-2.75123,0.9957,0.7340
1791257526.2968,O,,,,-2.75255,0.9920,0.7325
1791257526.2976,O,,,,-2.75123,0.9883,0.7310
1791257526.2984,O,,,,-2.75123,0.9844,0.7294
1791257526.2855,R,A,,-75,,,
1791257526.2862,R,B,,-88,,,
1791257526.2926,R,C,,-70,,,
1791257526.3259,R,C,,-67,,,
1791257526.3423,R,A,,-78,,,
1791257526.3429,R,B,,-67,,,
1791257526.3717,O,,,,-2.75123,0.9805,0.7277
1791257526.3729,O,,,,-2.75123,0.9766,0.7261
1791257526.3737,O,,,,-2.75123,0.9731,0.7247
1791257526.3744,O,,,,-2.75123,0.9692,0.7231
1791257526.4104,R,B,,-74,,,
1791257526.4510,O,,,,-2.75123,0.9653,0.7215
1791257526.4519,O,,,,-2.75123,0.9614,0.7199
1791257526.4527,O,,,,-2.75123,0.9575,0.7183
1791257526.4535,O,,,,-2.75123,0.9536,0.7167
1791257526.4283,R,C,,-64,,,
1791257526.4286,R,B,,-76,,,
1791257526.4292,R,A,,-72,,,
1791257526.4705,R,A,,-65,,,
1791257526.4719,R,C,,-64,,,
1791257526.4769,R,B,,-70,,,
1791257526.5210,O,,,,-2.75123,0.9501,0.7153
1791257526.5219,O,,,,-2.75123,0.9462,0.7136
1791257526.5226,O,,,,-2.75123,0.9423,0.7120
1791257526.5470,R,A,,-71,,,
1791257526.5666,R,C,,-68,,,
1791257526.5964,O,,,,-2.74991,0.9386,0.7105
1791257526.5976,O,,,,-2.75123,0.9350,0.7090
1791257526.5984,O,,,,-2.75123,0.9310,0.7074
1791257526.5992,O,,,,-2.75123,0.9271,0.7058
1791257526.5705,R,A,,-70,,,
1791257526.6138,R,B,,-74,,,
1791257526.6224,R,C,,-69,,,
1791257526.6230,R,A,,-71,,,
1791257526.6572,R,B,,-69,,,
1791257526.6783,O,,,,-2.75123,0.9232,0.7042
1791257526.6793,O,,,,-2.75123,0.9193,0.7026
1791257526.6802,O,,,,-2.75123,0.9154,0.7009
1791257526.6809,O,,,,-2.74991,0.9117,0.6994
1791257526.6821,R,C,,-68,,,
1791257526.6823,R,A,,-74,,,
1791257526.7056,R,A,,-71,,,
1791257526.7058,R,B,,-78,,,
1791257526.7060,R,C,,-69,,,
1791257526.7563,O,,,,-2.75123,0.9080,0.6979
1791257526.7573,O,,,,-2.75123,0.9041,0.6963
1791257526.7581,O,,,,-2.75123,0.9002,0.6947
1791257526.7588,O,,,,-2.74991,0.8965,0.6932
1791257526.7511,R,B,,-75,,,
1791257526.7708,R,C,,-68,,,
1791257526.7716,R,A,,-67,,,
1791257526.8012,R,B,,-70,,,
1791257526.8013,R,C,,-68,,,
1791257526.8313,O,,,,-2.75123,0.8928,0.6917
1791257526.8323,O,,,,-2.75123,0.8889,0.6901
1791257526.8331,O,,,,-2.75123,0.8850,0.6884
1791257526.8338,O,,,,-2.75123,0.8811,0.6868
1791257526.8456,R,A,,-69,,,
1791257526.8485,R,A,,-70,,,
1791257526.9110,O,,,,-2.75123,0.8772,0.6852
1791257526.9119,O,,,,-2.74991,0.8735,0.6837
1791257526.9128,O,,,,-2.75123,0.8698,0.6822
1791257526.9152,O,,,,-2.75123,0.8659,0.6806
1791257526.8943,R,A,,-72,,,
1791257526.8987,R,B,,-67,,,
1791257526.9432,R,C,,-70,,,
1791257526.9479,R,A,,-65,,,
1791257526.9562,R,B,,-68,,,
1791257526.9815,O,,,,-2.75123,0.8620,0.6790
1791257526.9824,O,,,,-2.74991,0.8583,0.6775
1791257526.9832,O,,,,-2.74991,0.8544,0.6758
1791257526.9855,R,B,,-71,,,
1791257526.9872,R,A,,-71,,,
1791257526.9928,R,C,,-69,,,
1791257527.0560,O,,,,-2.74991,0.8505,0.6742
1791257527.0569,O,,,,-2.75123,0.8468,0.6727
1791257527.0577,O,,,,-2.75123,0.8429,0.6711
1791257527.0585,O,,,,-2.74991,0.8392,0.6696
1791257527.0338,R,C,,-68,,,
1791257527.0342,R,A,,-68,,,
1791257527.0512,R,B,,-72,,,
1791257527.0767,R,C,,-71,,,
1791257527.0975,R,A,,-74,,,
1791257527.1361,O,,,,-2.74991,0.8353,0.6680
1791257527.1371,O,,,,-2.75123,0.8317,0.6665
1791257527.1384,O,,,,-2.75123,0.8277,0.6648
1791257527.1392,O,,,,-2.75123,0.8238,0.6632
1791257527.1206,R,C,,-68,,,
1791257527.1441,R,B,,-74,,,
1791257527.1478,R,A,,-69,,,
1791257527.1637,R,C,,-72,,,
1791257527.1639,R,B,,-71,,,
1791257527.2123,O,,,,-2.75123,0.8199,0.6616
1791257527.2136,O,,,,-2.75123,0.8165,0.6602
1791257527.2144,O,,,,-2.75123,0.8126,0.6586
1791257527.2152,O,,,,-2.75123,0.8086,0.6570
1791257527.1748,R,A,,-70,,,
1791257527.2143,R,B,,-67,,,
1791257527.2428,R,C,,-69,,,
1791257527.2465,R,A,,-75,,,
1791257527.2595,R,B,,-64,,,
1791257527.2608,R,C,,-69,,,
1791257527.2610,R,A,,-61,,,
1791257527.2912,O,,,,-2.75123,0.8047,0.6554
1791257527.2925,O,,,,-2.74991,0.8011,0.6539
1791257527.2937,O,,,,-2.75123,0.7974,0.6523
1791257527.2949,O,,,,-2.75123,0.7935,0.6507
1791257527.3092,R,C,,-71,,,
1791257527.3103,R,A,,-65,,,
1791257527.3134,R,B,,-69,,,
1791257527.3521,R,B,,-67,,,
1791257527.3710,O,,,,-2.75123,0.7896,0.6491
1791257527.3722,O,,,,-2.74991,0.7859,0.6476
1791257527.3729,O,,,,-2.75123,0.7822,0.6461
1791257527.3737,O,,,,-2.75123,0.7783,0.6445
1791257527.3788,R,C,,-67,,,
1791257527.3790,R,A,,-65,,,
1791257527.3971,R,A,,-71,,,
1791257527.3975,R,B,,-67,,,
1791257527.4127,R,C,,-65,,,
1791257527.4510,O,,,,-2.75123,0.7744,0.6429
1791257527.4523,O,,,,-2.75123,0.7705,0.6413
1791257527.4532,O,,,,-2.74991,0.7668,0.6397
1791257527.4540,O,,,,-2.74991,0.7629,0.6381
1791257527.4382,R,C,,-72,,,
1791257527.4475,R,B,,-73,,,
1791257527.4476,R,A,,-84,,,
1791257527.5161,O,,,,-2.75123,0.7592,0.6366
1791257527.5174,O,,,,-2.75123,0.7553,0.6350
1791257527.5187,O,,,,-2.75123,0.7514,0.6334
1791257527.4767,R,A,,-68,,,
1791257527.4818,R,B,,-71,,,
1791257527.4922,R,C,,-84,,,
1791257527.5190,R,C,,-81,,,
1791257527.5203,R,A,,-67,,,
1791257527.5211,R,B,,-76,,,
1791257527.5960,O,,,,-2.74991,0.7477,0.6319
1791257527.5970,O,,,,-2.74991,0.7438,0.6303
1791257527.5982,O,,,,-2.75123,0.7401,0.6288
1791257527.5990,O,,,,-2.75123,0.7362,0.6271
1791257527.5928,R,C,,-65,,,
1791257527.5980,R,A,,-67,,,
1791257527.6133,R,C,,-72,,,
1791257527.6135,R,B,,-73,,,
1791257527.6240,R,A,,-69,,,
1791257527.6644,R,B,,-72,,,
1791257527.6649,R,A,,-64,,,
1791257527.6753,O,,,,-2.75123,0.7323,0.6255
1791257527.6766,O,,,,-2.75123,0.7284,0.6239
1791257527.6778,O,,,,-2.75123,0.7244,0.6223
1791257527.6789,O,,,,-2.75123,0.7210,0.6209
1791257527.6866,R,C,,-64,,,
1791257527.7146,R,B,,-71,,,
1791257527.7159,R,C,,-66,,,
1791257527.7162,R,A,,-63,,,
1791257527.7511,O,,,,-2.75123,0.7171,0.6193
1791257527.7524,O,,,,-2.75123,0.7132,0.6177
1791257527.7536,O,,,,-2.75123,0.7093,0.6161
1791257527.7547,O,,,,-2.75123,0.7058,0.6146
1791257527.7602,R,C,,-68,,,
1791257527.7654,R,B,,-73,,,
1791257527.7971,R,A,,-64,,,
1791257527.8145,R,B,,-68,,,
1791257527.8310,O,,,,-2.75123,0.7019,0.6130
1791257527.8319,O,,,,-2.75123,0.6980,0.6114
1791257527.8327,O,,,,-2.75123,0.6941,0.6098
1791257527.8334,O,,,,-2.75123,0.6902,0.6082
1791257527.8211,R,C,,-68,,,
1791257527.8215,R,A,,-65,,,
1791257527.8646,R,B,,-63,,,
1791257527.9076,O,,,,-2.75123,0.6867,0.6068
1791257527.9091,O,,,,-2.75123,0.6828,0.6052
1791257527.9103,O,,,,-2.75123,0.6789,0.6036
1791257527.9111,O,,,,-2.75123,0.6750,0.6020
1791257527.8723,R,C,,-60,,,
1791257527.8973,R,A,,-60,,,
1791257527.9145,R,B,,-71,,,
1791257527.9282,R,C,,-63,,,
1791257527.9295,R,A,,-97,,,
1791257527.9541,R,B,,-72,,,
1791257527.9653,R,C,,-62,,,
1791257527.9759,O,,,,-2.75123,0.6711,0.6003
1791257527.9771,O,,,,-2.75123,0.6676,0.5989
1791257527.9779,O,,,,-2.75123,0.6637,0.5973
1791257527.9945,R,A,,-55,,,
1791257527.9972,R,A,,-62,,,
1791257528.0027,R,B,,-60,,,
1791257528.0075,R,C,,-57,,,
1791257528.0561,O,,,,-2.75123,0.6598,0.5957
1791257528.0574,O,,,,-2.75255,0.6561,0.5942
1791257528.0583,O,,,,-2.75255,0.6522,0.5926
1791257528.0590,O,,,,-2.75123,0.6485,0.5911
1791257528.0413,R,B,,-64,,,
1791257528.0431,R,C,,-57,,,
1791257528.0475,R,A,,-55,,,
1791257528.0916,R,B,,-59,,,
1791257528.0932,R,C,,-57,,,
1791257528.0977,R,A,,-56,,,
1791257528.1370,O,,,,-2.75123,0.6446,0.5895
1791257528.1389,O,,,,-2.75123,0.6407,0.5879
1791257528.1398,O,,,,-2.75123,0.6368,0.5863
1791257528.1405,O,,,,-2.75255,0.6331,0.5847
1791257528.1347,R,C,,-64,,,
1791257528.1349,R,A,,-56,,,
1791257528.1384,R,B,,-64,,,
1791257528.2127,O,,,,-2.75255,0.6292,0.5831
1791257528.2139,O,,,,-2.75123,0.6255,0.5816
1791257528.2152,O,,,,-2.75123,0.6216,0.5800
1791257528.2159,O,,,,-2.75255,0.6179,0.5785
1791257528.1811,R,B,,-85,,,
1791257528.1830,R,C,,-62,,,
1791257528.1976,R,A,,-57,,,
1791257528.2239,R,C,,-62,,,
1791257528.2250,R,A,,-55,,,
1791257528.2463,R,B,,-62,,,
1791257528.2910,O,,,,-2.75255,0.6140,0.5769
1791257528.2923,O,,,,-2.75123,0.6103,0.5754
1791257528.2935,O,,,,-2.75123,0.6064,0.5738
1791257528.2947,O,,,,-2.75123,0.6025,0.5722
1791257528.2720,R,A,,-62,,,
1791257528.2728,R,B,,-68,,,
1791257528.2903,R,C,,-71,,,
1791257528.3168,R,C,,-52,,,
1791257528.3665,O,,,,-2.75123,0.5986,0.5706
1791257528.3675,O,,,,-2.75255,0.5949,0.5690
1791257528.3683,O,,,,-2.75255,0.5910,0.5674
1791257528.3691,O,,,,-2.75255,0.5871,0.5658
1791257528.3475,R,A,,-57,,,
1791257528.3589,R,C,,-64,,,
1791257528.3594,R,A,,-54,,,
1791257528.3600,R,B,,-67,,,
1791257528.4088,R,C,,-73,,,
1791257528.4091,R,B,,-76,,,
1791257528.4098,R,A,,-61,,,
1791257528.4460,O,,,,-2.75123,0.5834,0.5643
1791257528.4469,O,,,,-2.75123,0.5795,0.5627
1791257528.4477,O,,,,-2.75255,0.5758,0.5612
1791257528.4485,O,,,,-2.75255,0.5719,0.5596
1791257528.4553,R,B,,-58,,,
1791257528.4578,R,A,,-59,,,
1791257528.4580,R,C,,-59,,,
1791257528.5162,O,,,,-2.75123,0.5682,0.5581
1791257528.5175,O,,,,-2.75123,0.5643,0.5565
1791257528.5187,O,,,,-2.75255,0.5606,0.5550
1791257528.5009,R,C,,-69,,,
1791257528.5023,R,B,,-68,,,
1791257528.5025,R,A,,-65,,,
1791257528.5429,R,C,,-64,,,
1791257528.5432,R,A,,-63,,,
1791257528.5433,R,B,,-67,,,
1791257528.5911,O,,,,-2.75255,0.5567,0.5534
1791257528.5922,O,,,,-2.75255,0.5528,0.5518
1791257528.5930,O,,,,-2.75255,0.5489,0.5501
1791257528.5938,O,,,,-2.75255,0.5454,0.5487
1791257528.5932,R,C,,-60,,,
1791257528.5976,R,A,,-60,,,
1791257528.6133,R,B,,-58,,,
1791257528.6393,R,B,,-67,,,
1791257528.6408,R,C,,-64,,,
1791257528.6411,R,A,,-58,,,
1791257528.6779,O,,,,-2.75255,0.5415,0.5471
1791257528.6791,O,,,,-2.75255,0.5376,0.5455
1791257528.6799,O,,,,-2.75255,0.5337,0.5439
1791257528.6833,O,,,,-2.75255,0.5298,0.5423
1791257528.6839,R,C,,-58,,,
1791257528.6842,R,A,,-61,,,
1791257528.6849,R,B,,-65,,,
1791257528.7510,O,,,,-2.75255,0.5263,0.5409
1791257528.7519,O,,,,-2.75255,0.5224,0.5393
1791257528.7527,O,,,,-2.75255,0.5185,0.5377
1791257528.7534,O,,,,-2.75255,0.5146,0.5361
1791257528.7318,R,C,,-59,,,
1791257528.7322,R,A,,-59,,,
1791257528.7453,R,B,,-66,,,
1791257528.7768,R,A,,-54,,,
1791257528.7779,R,C,,-56,,,
1791257528.7791,R,B,,-68,,,
1791257528.8259,O,,,,-2.75255,0.5112,0.5347
1791257528.8270,O,,,,-2.75255,0.5072,0.5331
1791257528.8278,O,,,,-2.75255,0.5033,0.5315
1791257528.8286,O,,,,-2.75255,0.4994,0.5299
1791257528.8244,R,A,,-57,,,
1791257528.8253,R,C,,-58,,,
1791257528.8268,R,B,,-95,,,
1791257528.9059,O,,,,-2.75255,0.4955,0.5283
1791257528.9073,O,,,,-2.75255,0.4920,0.5269
1791257528.9081,O,,,,-2.75255,0.4881,0.5252
1791257528.9089,O,,,,-2.75255,0.4842,0.5236
1791257528.8753,R,B,,-63,,,
1791257528.9226,R,B,,-65,,,
1791257528.9428,R,C,,-55,,,
1791257528.9476,R,A,,-52,,,
1791257528.9759,O,,,,-2.75255,0.4803,0.5220
1791257528.9769,O,,,,-2.75123,0.4766,0.5205
1791257528.9777,O,,,,-2.75255,0.4729,0.5190
1791257528.9748,R,C,,-60,,,
1791257528.9982,R,A,,-56,,,
1791257529.0144,R,B,,-65,,,
1791257529.0155,R,C,,-58,,,
1791257529.0156,R,A,,-54,,,
1791257529.0511,O,,,,-2.75255,0.4690,0.5174
1791257529.0521,O,,,,-2.75255,0.4651,0.5158
1791257529.0529,O,,,,-2.75255,0.4612,0.5142
1791257529.0536,O,,,,-2.75255,0.4573,0.5126
1791257529.0582,R,B,,-61,,,
1791257529.0795,R,C,,-52,,,
1791257529.0797,R,A,,-52,,,
1791257529.0989,R,B,,-67,,,
1791257529.0989,R,C,,-57,,,
1791257529.1311,O,,,,-2.75123,0.4536,0.5111
1791257529.1321,O,,,,-2.75255,0.4499,0.5096
1791257529.1328,O,,,,-2.75255,0.4460,0.5080
1791257529.1336,O,,,,-2.75255,0.4421,0.5064
1791257529.1463,R,A,,-55,,,
1791257529.1590,R,B,,-57,,,
1791257529.2126,O,,,,-2.75255,0.4382,0.5048
1791257529.2136,O,,,,-2.75123,0.4345,0.5032
1791257529.2144,O,,,,-2.75255,0.4308,0.5017
1791257529.2151,O,,,,-2.75255,0.4269,0.5001
1791257529.1846,R,C,,-57,,,
1791257529.1889,R,A,,-52,,,
1791257529.1927,R,C,,-57,,,
1791257529.2145,R,B,,-60,,,
1791257529.2279,R,B,,-62,,,
1791257529.2314,R,C,,-57,,,
1791257529.2319,R,A,,-51,,,
1791257529.2878,O,,,,-2.75255,0.4230,0.4985
1791257529.2888,O,,,,-2.75255,0.4191,0.4969
1791257529.2896,O,,,,-2.75255,0.4156,0.4955
1791257529.2903,O,,,,-2.75255,0.4117,0.4939
1791257529.2769,R,C,,-62,,,
1791257529.2779,R,B,,-58,,,
1791257529.2848,R,A,,-55,,,
1791257529.3667,O,,,,-2.75255,0.4078,0.4923
1791257529.3677,O,,,,-2.75255,0.4039,0.4907
1791257529.3685,O,,,,-2.75123,0.4002,0.4892
1791257529.3694,O,,,,-2.75255,0.3965,0.4877
1791257529.3217,R,A,,-52,,,
1791257529.3218,R,C,,-59,,,
1791257529.3648,R,B,,-60,,,
1791257529.4132,R,B,,-64,,,
1791257529.4137,R,A,,-58,,,
1791257529.4364,O,,,,-2.75255,0.3926,0.4861
1791257529.4378,O,,,,-2.75255,0.3887,0.4845
1791257529.4390,O,,,,-2.75255,0.3848,0.4829
1791257529.4403,O,,,,-2.75255,0.3809,0.4812
1791257529.4203,R,C,,-57,,,
1791257529.4533,R,B,,-60,,,
1791257529.4569,R,A,,-56,,,
1791257529.4625,R,C,,-60,,,
1791257529.5111,O,,,,-2.75255,0.3774,0.4798
1791257529.5121,O,,,,-2.75255,0.3735,0.4782
1791257529.5129,O,,,,-2.75255,0.3696,0.4766
1791257529.5002,R,C,,-52,,,
1791257529.5004,R,B,,-58,,,
1791257529.5430,R,C,,-53,,,
1791257529.5452,R,B,,-71,,,
1791257529.5477,R,A,,-56,,,
1791257529.5908,O,,,,-2.75123,0.3659,0.4751
1791257529.5916,O,,,,-2.75123,0.3620,0.4735
1791257529.5924,O,,,,-2.75255,0.3583,0.4720
1791257529.5932,O,,,,-2.75255,0.3544,0.4704
1791257529.5818,R,C,,-63,,,
1791257529.5829,R,A,,-63,,,
1791257529.6040,R,B,,-65,,,
1791257529.6305,R,A,,-60,,,
1791257529.6340,R,C,,-64,,,
1791257529.6343,R,B,,-63,,,
1791257529.6784,O,,,,-2.75255,0.3505,0.4688
1791257529.6794,O,,,,-2.75255,0.3466,0.4672
1791257529.6802,O,,,,-2.75255,0.3426,0.4656
1791257529.6810,O,,,,-2.75255,0.3387,0.4640
1791257529.6929,R,C,,-57,,,
1791257529.6977,R,A,,-54,,,
1791257529.7181,R,C,,-62,,,
1791257529.7464,O,,,,-2.75123,0.3351,0.4625
1791257529.7475,O,,,,-2.75255,0.3314,0.4609
1791257529.7484,O,,,,-2.75255,0.3275,0.4593
1791257529.7492,O,,,,-2.75255,0.3235,0.4577
1791257529.7395,R,A,,-58,,,
1791257529.7649,R,B,,-68,,,
1791257529.7705,R,C,,-60,,,
1791257529.7740,R,B,,-56,,,
1791257529.7742,R,A,,-57,,,
1791257529.8265,O,,,,-2.75123,0.3199,0.4562
1791257529.8276,O,,,,-2.75123,0.3159,0.4546
1791257529.8284,O,,,,-2.75255,0.3123,0.4531
1791257529.8292,O,,,,-2.75255,0.3084,0.4515
1791257529.8208,R,C,,-51,,,
1791257529.8221,R,B,,-65,,,
1791257529.8223,R,A,,-51,,,
1791257529.8645,R,B,,-67,,,
1791257529.9014,O,,,,-2.75255,0.3044,0.4499
1791257529.9025,O,,,,-2.75123,0.3008,0.4484
1791257529.9033,O,,,,-2.75255,0.2971,0.4469
1791257529.9041,O,,,,-2.75255,0.2932,0.4453
1791257529.8848,R,A,,-62,,,
1791257529.8849,R,C,,-66,,,
1791257529.9086,R,C,,-67,,,
1791257529.9088,R,B,,-69,,,
1791257529.9089,R,A,,-63,,,
1791257529.9592,R,C,,-58,,,
1791257529.9646,R,B,,-65,,,
1791257529.9708,O,,,,-2.75255,0.2893,0.4437
1791257529.9717,O,,,,-2.75255,0.2853,0.4421
1791257529.9724,O,,,,-2.75123,0.2817,0.4405
1791257529.9987,R,A,,-61,,,
1791257530.0150,R,B,,-65,,,
1791257530.0510,O,,,,-2.75123,0.2777,0.4389
1791257530.0524,O,,,,-2.75255,0.2741,0.4374
1791257530.0532,O,,,,-2.75255,0.2701,0.4358
1791257530.0539,O,,,,-2.75255,0.2662,0.4342
1791257530.0201,R,C,,-65,,,
1791257530.0414,R,C,,-62,,,
1791257530.0421,R,B,,-72,,,
1791257530.0478,R,A,,-60,,,
1791257530.0875,R,C,,-65,,,
1791257530.0879,R,A,,-61,,,
1791257530.0882,R,B,,-65,,,
1791257530.1317,O,,,,-2.75123,0.2626,0.4327
1791257530.1327,O,,,,-2.75123,0.2586,0.4311
1791257530.1335,O,,,,-2.75255,0.2550,0.4296
1791257530.1343,O,,,,-2.75255,0.2510,0.4280
1791257530.1338,R,C,,-57,,,
1791257530.1340,R,B,,-73,,,
1791257530.1413,R,A,,-57,,,
1791257530.2119,O,,,,-2.75255,0.2471,0.4264
1791257530.2131,O,,,,-2.75123,0.2435,0.4249
1791257530.2139,O,,,,-2.75123,0.2395,0.4233
1791257530.2147,O,,,,-2.75123,0.2356,0.4216
1791257530.1776,R,B,,-66,,,
1791257530.1779,R,A,,-61,,,
1791257530.1782,R,C,,-58,,,
1791257530.2272,R,C,,-58,,,
1791257530.2287,R,A,,-60,,,
1791257530.2382,R,B,,-72,,,
1791257530.2859,O,,,,-2.75255,0.2319,0.4201
1791257530.2869,O,,,,-2.75255,0.2280,0.4185
1791257530.2877,O,,,,-2.75123,0.2244,0.4170
1791257530.2886,O,,,,-2.75123,0.2204,0.4154
1791257530.2929,R,C,,-58,,,
1791257530.2952,R,B,,-71,,,
1791257530.2966,R,A,,-58,,,
1791257530.3610,O,,,,-2.75123,0.2165,0.4138
1791257530.3620,O,,,,-2.75255,0.2128,0.4123
1791257530.3628,O,,,,-2.75255,0.2089,0.4107
1791257530.3635,O,,,,-2.75255,0.2050,0.4091
1791257530.3671,R,A,,-63,,,
1791257530.3701,R,C,,-57,,,
1791257530.4115,R,B,,-66,,,
1791257530.4311,O,,,,-2.75123,0.2013,0.4076
1791257530.4325,O,,,,-2.75123,0.1974,0.4060
1791257530.4333,O,,,,-2.75255,0.1937,0.4044
1791257530.4404,R,C,,-55,,,
1791257530.4482,R,A,,-59,,,
1791257530.4537,R,A,,-63,,,
1791257530.4539,R,C,,-61,,,
1791257530.4542,R,B,,-78,,,
1791257530.5108,O,,,,-2.75255,0.1898,0.4028
1791257530.5117,O,,,,-2.75255,0.1859,0.4012
1791257530.5126,O,,,,-2.75255,0.1825,0.3998
1791257530.5133,O,,,,-2.75255,0.1786,0.3982
1791257530.4938,R,C,,-62,,,
1791257530.4941,R,A,,-61,,,
1791257530.5147,R,B,,-70,,,
1791257530.5347,R,C,,-60,,,
1791257530.5350,R,A,,-59,,,
1791257530.5574,R,B,,-72,,,
1791257530.5859,O,,,,-2.75255,0.1751,0.3968
1791257530.5868,O,,,,-2.75255,0.1712,0.3952
1791257530.5908,O,,,,-2.75255,0.1678,0.3938
1791257530.5917,O,,,,-2.75255,0.1639,0.3922
1791257530.5837,R,B,,-72,,,
1791257530.5853,R,C,,-58,,,
1791257530.5926,R,A,,-60,,,
1791257530.6660,O,,,,-2.75255,0.1599,0.3906
1791257530.6669,O,,,,-2.75123,0.1563,0.3891
1791257530.6677,O,,,,-2.75123,0.1524,0.3875
1791257530.6685,O,,,,-2.75255,0.1487,0.3860
1791257530.6324,R,B,,-76,,,
1791257530.6335,R,C,,-62,,,
1791257530.6415,R,A,,-64,,,
1791257530.6932,R,C,,-69,,,
1791257530.6977,R,A,,-62,,,
1791257530.6982,R,B,,-74,,,
1791257530.7436,O,,,,-2.75255,0.1448,0.3843
1791257530.7447,O,,,,-2.75123,0.1411,0.3828
1791257530.7455,O,,,,-2.75255,0.1374,0.3813
1791257530.7465,O,,,,-2.75123,0.1337,0.3798
1791257530.7301,R,B,,-75,,,
1791257530.7315,R,C,,-65,,,
1791257530.7319,R,A,,-64,,,
1791257530.7727,R,C,,-63,,,
1791257530.7736,R,A,,-69,,,
1791257530.7982,R,B,,-74,,,
1791257530.8127,R,C,,-63,,,
1791257530.8148,R,B,,-73,,,
1791257530.8209,O,,,,-2.75255,0.1301,0.3783
1791257530.8217,O,,,,-2.75123,0.1264,0.3768
1791257530.8225,O,,,,-2.75255,0.1227,0.3753
1791257530.8232,O,,,,-2.75123,0.1190,0.3738
1791257530.8481,R,A,,-67,,,
1791257530.8529,R,C,,-58,,,
1791257530.8531,R,B,,-84,,,
1791257530.9062,O,,,,-2.75123,0.1156,0.3724
1791257530.9070,O,,,,-2.75123,0.1122,0.3710
1791257530.9078,O,,,,-2.75123,0.1088,0.3696
1791257530.9085,O,,,,-2.75123,0.1053,0.3681
1791257530.8702,R,A,,-71,,,
1791257530.8966,R,B,,-76,,,
1791257530.8987,R,A,,-72,,,
1791257530.9393,R,C,,-73,,,
1791257530.9397,R,B,,-72,,,
1791257530.9489,R,A,,-72,,,
1791257530.9713,O,,,,-2.75123,0.1019,0.3667
1791257530.9722,O,,,,-2.75123,0.0990,0.3655
1791257530.9730,O,,,,-2.74991,0.0958,0.3642
1791257530.9845,R,C,,-66,,,
1791257530.9847,R,A,,-76,,,
1791257531.0531,O,,,,-2.74858,0.0926,0.3629
1791257531.0541,O,,,,-2.74594,0.0897,0.3617
1791257531.0550,O,,,,-2.74461,0.0865,0.3604
1791257531.0557,O,,,,-2.74197,0.0836,0.3591
1791257531.0239,R,C,,-64,,,
1791257531.0242,R,A,,-72,,,
1791257531.0503,R,B,,-79,,,
1791257531.0833,R,C,,-77,,,
1791257531.0879,R,A,,-70,,,
1791257531.0885,R,B,,-79,,,
1791257531.1261,O,,,,-2.73932,0.0811,0.3581
1791257531.1274,O,,,,-2.73799,0.0785,0.3569
1791257531.1286,O,,,,-2.73535,0.0760,0.3559
1791257531.1297,O,,,,-2.73270,0.0736,0.3549
1791257531.1222,R,A,,-68,,,
1791257531.1439,R,C,,-68,,,
1791257531.1620,R,B,,-81,,,
1791257531.2088,O,,,,-2.72873,0.0714,0.3539
1791257531.2099,O,,,,-2.72608,0.0690,0.3528
1791257531.2107,O,,,,-2.72211,0.0668,0.3519
1791257531.2115,O,,,,-2.71946,0.0649,0.3510
1791257531.1845,R,C,,-67,,,
1791257531.2091,R,C,,-72,,,
1791257531.2138,R,B,,-77,,,
1791257531.2140,R,A,,-72,,,
1791257531.2629,R,C,,-88,,,
1791257531.2632,R,B,,-71,,,
1791257531.2633,R,A,,-73,,,
1791257531.2813,O,,,,-2.71417,0.0629,0.3501
1791257531.2823,O,,,,-2.71020,0.0608,0.3491
1791257531.2831,O,,,,-2.70623,0.0591,0.3484
1791257531.2838,O,,,,-2.70093,0.0572,0.3475
1791257531.3006,R,B,,-74,,,
1791257531.3071,R,C,,-58,,,
1791257531.3615,O,,,,-2.69564,0.0553,0.3466
1791257531.3625,O,,,,-2.69034,0.0534,0.3456
1791257531.3633,O,,,,-2.68372,0.0517,0.3448
1791257531.3640,O,,,,-2.67711,0.0496,0.3438
1791257531.3438,R,A,,-76,,,
1791257531.3439,R,C,,-57,,,
1791257531.3592,R,B,,-69,,,
1791257531.3848,R,A,,-78,,,
1791257531.3849,R,C,,-68,,,
1791257531.4320,O,,,,-2.67049,0.0479,0.3429
1791257531.4329,O,,,,-2.66255,0.0460,0.3420
1791257531.4337,O,,,,-2.65593,0.0444,0.3411
1791257531.4252,R,C,,-71,,,
1791257531.4262,R,A,,-68,,,
1791257531.4285,R,B,,-89,,,
1791257531.5135,O,,,,-2.64799,0.0425,0.3401
1791257531.5148,O,,,,-2.64004,0.0411,0.3393
1791257531.5156,O,,,,-2.63343,0.0395,0.3384
1791257531.5164,O,,,,-2.62681,0.0379,0.3375
1791257531.4712,R,C,,-74,,,
1791257531.4753,R,B,,-70,,,
1791257531.4988,R,A,,-72,,,
1791257531.5099,R,B,,-72,,,
1791257531.5101,R,A,,-79,,,
1791257531.5152,R,C,,-69,,,
1791257531.5577,R,C,,-66,,,
1791257531.5578,R,A,,-69,,,
1791257531.5655,R,B,,-68,,,
1791257531.5844,O,,,,-2.61754,0.0363,0.3366
1791257531.5854,O,,,,-2.61092,0.0347,0.3357
1791257531.5863,O,,,,-2.60298,0.0333,0.3349
1791257531.5872,O,,,,-2.59372,0.0317,0.3339
1791257531.6032,R,B,,-67,,,
1791257531.6101,R,C,,-68,,,
1791257531.6664,O,,,,-2.58577,0.0304,0.3331
1791257531.6676,O,,,,-2.57651,0.0288,0.3321
1791257531.6688,O,,,,-2.56857,0.0275,0.3312
1791257531.6701,O,,,,-2.56062,0.0261,0.3304
1791257531.6261,R,A,,-69,,,
1791257531.6650,R,B,,-74,,,
1791257531.6701,R,C,,-63,,,
1791257531.6968,R,A,,-73,,,
1791257531.7091,R,B,,-72,,,
1791257531.7431,O,,,,-2.55136,0.0246,0.3294
1791257531.7444,O,,,,-2.54342,0.0233,0.3285
1791257531.7456,O,,,,-2.53547,0.0220,0.3276
1791257531.7467,O,,,,-2.52753,0.0207,0.3267
1791257531.7461,R,B,,-72,,,
1791257531.7484,R,A,,-66,,,
1791257531.7912,R,B,,-72,,,
1791257531.7927,R,C,,-56,,,
1791257531.7987,R,A,,-81,,,
1791257531.8216,O,,,,-2.51959,0.0194,0.3257
1791257531.8229,O,,,,-2.51033,0.0179,0.3247
1791257531.8239,O,,,,-2.50238,0.0166,0.3237
1791257531.8252,O,,,,-2.49444,0.0153,0.3228
1791257531.8436,R,C,,-59,,,
1791257531.8477,R,A,,-77,,,
1791257531.8532,R,B,,-71,,,
1791257531.8959,O,,,,-2.48518,0.0138,0.3216
1791257531.8968,O,,,,-2.47723,0.0126,0.3207
1791257531.8976,O,,,,-2.46664,0.0113,0.3197
1791257531.8984,O,,,,-2.45606,0.0105,0.3190
1791257531.8813,R,C,,-57,,,
1791257531.8823,R,A,,-89,,,
1791257531.8938,R,B,,-79,,,
1791257531.9659,O,,,,-2.44414,0.0095,0.3182
1791257531.9668,O,,,,-2.43091,0.0087,0.3175
1791257531.9676,O,,,,-2.41767,0.0079,0.3168
1791257531.9374,R,C,,-51,,,
1791257531.9377,R,A,,-67,,,
1791257531.9382,R,B,,-80,,,
1791257531.9648,R,C,,-58,,,
1791257531.9650,R,B,,-89,,,
1791257531.9653,R,A,,-68,,,
1791257532.0155,R,B,,-75,,,
1791257532.0460,O,,,,-2.40311,0.0073,0.3162
1791257532.0470,O,,,,-2.38855,0.0067,0.3157
1791257532.0478,O,,,,-2.37399,0.0061,0.3152
1791257532.0486,O,,,,-2.35943,0.0052,0.3142
1791257532.0396,R,A,,-66,,,
1791257532.0398,R,C,,-56,,,
1791257532.0657,R,B,,-76,,,
1791257532.0770,R,C,,-54,,,
1791257532.0919,R,B,,-73,,,
1791257532.0929,R,A,,-67,,,
1791257532.0935,R,C,,-56,,,
1791257532.0955,R,A,,-68,,,
1791257532.1261,O,,,,-2.34487,0.0046,0.3137
1791257532.1272,O,,,,-2.33031,0.0037,0.3127
1791257532.1282,O,,,,-2.31575,0.0032,0.3121
1791257532.1290,O,,,,-2.29854,0.0023,0.3112
1791257532.1424,R,C,,-60,,,
1791257532.1428,R,A,,-78,,,
1791257532.1430,R,B,,-70,,,
1791257532.2073,O,,,,-2.28266,0.0016,0.3104
1791257532.2082,O,,,,-2.26677,0.0006,0.3092
1791257532.2090,O,,,,-2.25089,-0.0005,0.3079
1791257532.2096,O,,,,-2.23500,-0.0014,0.3067
1791257532.1889,R,C,,-60,,,
1791257532.1891,R,A,,-69,,,
1791257532.1900,R,B,,-63,,,
1791257532.2297,R,B,,-73,,,
1791257532.2314,R,C,,-57,,,
1791257532.2485,R,A,,-75,,,
1791257532.2775,O,,,,-2.21912,-0.0024,0.3054
1791257532.2785,O,,,,-2.20324,-0.0034,0.3042
1791257532.2795,O,,,,-2.18603,-0.0044,0.3026
1791257532.2802,O,,,,-2.17015,-0.0057,0.3009
1791257532.2939,R,C,,-58,,,
1791257532.2942,R,A,,-69,,,
1791257532.3565,O,,,,-2.15426,-0.0068,0.2991
1791257532.3578,O,,,,-2.13838,-0.0080,0.2974
1791257532.3590,O,,,,-2.12249,-0.0091,0.2956
1791257532.3600,O,,,,-2.10529,-0.0103,0.2935
1791257532.3443,R,C,,-60,,,
1791257532.3484,R,A,,-67,,,
1791257532.3516,R,B,,-69,,,
1791257532.3758,R,C,,-59,,,
1791257532.3827,R,A,,-64,,,
1791257532.4185,R,A,,-63,,,
1791257532.4187,R,C,,-62,,,
1791257532.4260,O,,,,-2.09073,-0.0115,0.2915
1791257532.4272,O,,,,-2.07617,-0.0127,0.2894
1791257532.4281,O,,,,-2.06028,-0.0140,0.2871
1791257532.4652,R,B,,-67,,,
1791257532.5060,O,,,,-2.04440,-0.0152,0.2847
1791257532.5069,O,,,,-2.02984,-0.0163,0.2826
1791257532.5078,O,,,,-2.01395,-0.0174,0.2802
1791257532.5087,O,,,,-1.99939,-0.0187,0.2776
1791257532.4750,R,A,,-60,,,
1791257532.4935,R,C,,-59,,,
1791257532.5046,R,B,,-74,,,
1791257532.5137,R,A,,-57,,,
1791257532.5151,R,B,,-72,,,
1791257532.5157,R,C,,-56,,,
1791257532.5582,R,B,,-73,,,
1791257532.5644,R,C,,-59,,,
1791257532.5645,R,A,,-64,,,
1791257532.5861,O,,,,-1.98483,-0.0198,0.2749
1791257532.5875,O,,,,-1.96895,-0.0209,0.2725
1791257532.5884,O,,,,-1.95439,-0.0220,0.2698
1791257532.5892,O,,,,-1.93983,-0.0231,0.2671
1791257532.6153,R,B,,-63,,,
1791257532.6610,O,,,,-1.92527,-0.0241,0.2644
1791257532.6620,O,,,,-1.90938,-0.0252,0.2614
1791257532.6628,O,,,,-1.89482,-0.0261,0.2586
1791257532.6635,O,,,,-1.88026,-0.0270,0.2559
1791257532.6436,R,C,,-61,,,
1791257532.6485,R,A,,-55,,,
1791257532.6495,R,B,,-64,,,
1791257532.6572,R,C,,-54,,,
1791257532.6909,R,C,,-52,,,
1791257532.6949,R,B,,-67,,,
1791257532.6990,R,A,,-52,,,
1791257532.7468,O,,,,-1.86438,-0.0280,0.2528
1791257532.7477,O,,,,-1.84982,-0.0288,0.2500
1791257532.7485,O,,,,-1.83658,-0.0297,0.2470
1791257532.7494,O,,,,-1.82202,-0.0304,0.2442
1791257532.7367,R,B,,-61,,,
1791257532.7438,R,C,,-56,,,
1791257532.7493,R,A,,-57,,,
1791257532.8159,O,,,,-1.81143,-0.0312,0.2411
1791257532.8168,O,,,,-1.80084,-0.0320,0.2375
1791257532.8177,O,,,,-1.79158,-0.0328,0.2341
1791257532.8214,O,,,,-1.78231,-0.0335,0.2308
1791257532.7783,R,C,,-54,,,
1791257532.7818,R,A,,-54,,,
1791257532.7826,R,B,,-63,,,
1791257532.8443,R,C,,-57,,,
1791257532.8463,R,B,,-69,,,
1791257532.8478,R,A,,-52,,,
1791257532.8653,R,B,,-72,,,
1791257532.8959,O,,,,-1.77437,-0.0343,0.2271
1791257532.8969,O,,,,-1.76775,-0.0351,0.2232
1791257532.8977,O,,,,-1.75981,-0.0358,0.2196
1791257532.8985,O,,,,-1.75584,-0.0365,0.2157
1791257532.8783,R,C,,-57,,,
1791257532.8847,R,A,,-63,,,
1791257532.9135,R,B,,-77,,,
1791257532.9167,R,A,,-63,,,
1791257532.9670,O,,,,-1.74922,-0.0373,0.2118
1791257532.9685,O,,,,-1.74393,-0.0380,0.2076
1791257532.9693,O,,,,-1.73863,-0.0386,0.2040
1791257532.9543,R,C,,-61,,,
1791257532.9654,R,B,,-66,,,
1791257532.9746,R,A,,-60,,,
1791257532.9927,R,B,,-73,,,
1791257532.9936,R,C,,-58,,,
1791257532.9987,R,A,,-63,,,
1791257533.0413,O,,,,-1.73466,-0.0394,0.1995
1791257533.0422,O,,,,-1.73069,-0.0400,0.1956
1791257533.0431,O,,,,-1.72672,-0.0406,0.1917
1791257533.0439,O,,,,-1.72407,-0.0413,0.1875
1791257533.0423,R,C,,-63,,,
1791257533.0424,R,A,,-66,,,
1791257533.0517,R,B,,-76,,,
1791257533.1236,O,,,,-1.72143,-0.0419,0.1833
1791257533.0846,R,A,,-62,,,
1791257533.0908,R,C,,-67,,,
1791257533.1247,O,,,,-1.71878,-0.0426,0.1791
1791257533.1252,O,,,,-1.71745,-0.0431,0.1752
1791257533.1256,O,,,,-1.71481,-0.0438,0.1710
1791257533.1272,R,B,,-69,,,
1791257533.1441,R,C,,-56,,,
1791257533.1488,R,A,,-64,,,
1791257533.2010,O,,,,-1.71481,-0.0444,0.1668
1791257533.2020,O,,,,-1.71348,-0.0449,0.1629
1791257533.2035,O,,,,-1.71348,-0.0455,0.1587
1791257533.2042,O,,,,-1.71216,-0.0461,0.1548
1791257533.1709,R,A,,-79,,,
1791257533.1945,R,C,,-63,,,
1791257533.1947,R,B,,-72,,,
1791257533.2155,R,B,,-73,,,
1791257533.2224,R,A,,-67,,,
1791257533.2226,R,C,,-62,,,
1791257533.2584,R,B,,-67,,,
1791257533.2789,O,,,,-1.71216,-0.0467,0.1506
1791257533.2799,O,,,,-1.71216,-0.0473,0.1464
1791257533.2807,O,,,,-1.71216,-0.0478,0.1427
1791257533.2815,O,,,,-1.71216,-0.0484,0.1385
1791257533.2940,R,C,,-53,,,
1791257533.2987,R,A,,-59,,,
1791257533.3053,R,C,,-82,,,
1791257533.3054,R,B,,-80,,,
1791257533.3062,R,A,,-65,,,
1791257533.3561,O,,,,-1.71216,-0.0490,0.1343
1791257533.3578,O,,,,-1.71216,-0.0496,0.1301
1791257533.3591,O,,,,-1.71216,-0.0502,0.1259
1791257533.3601,O,,,,-1.71348,-0.0508,0.1220
1791257533.3555,R,C,,-56,,,
1791257533.3653,R,A,,-63,,,
1791257533.3989,R,A,,-68,,,
1791257533.4030,R,B,,-69,,,
1791257533.4124,R,C,,-62,,,
1791257533.4264,O,,,,-1.71216,-0.0513,0.1181
1791257533.4272,O,,,,-1.71216,-0.0519,0.1139
1791257533.4280,O,,,,-1.71216,-0.0525,0.1097
1791257533.4408,R,B,,-74,,,
1791257533.4423,R,C,,-58,,,
1791257533.4492,R,A,,-61,,,
1791257533.5010,O,,,,-1.71216,-0.0531,0.1055
1791257533.5019,O,,,,-1.71348,-0.0537,0.1016
1791257533.5027,O,,,,-1.71348,-0.0543,0.0974
1791257533.5035,O,,,,-1.71216,-0.0548,0.0934
1791257533.4861,R,A,,-71,,,
1791257533.4938,R,C,,-64,,,
1791257533.5160,R,B,,-72,,,
1791257533.5284,R,C,,-60,,,
1791257533.5287,R,A,,-65,,,
1791257533.5292,R,B,,-67,,,
1791257533.5810,O,,,,-1.71216,-0.0554,0.0892
1791257533.5821,O,,,,-1.71348,-0.0560,0.0853
1791257533.5829,O,,,,-1.71348,-0.0566,0.0811
1791257533.5837,O,,,,-1.71348,-0.0572,0.0769
1791257533.5728,R,B,,-73,,,
1791257533.5938,R,C,,-55,,,
1791257533.5988,R,A,,-62,,,
1791257533.6611,O,,,,-1.71216,-0.0578,0.0730
1791257533.6620,O,,,,-1.71216,-0.0584,0.0688
1791257533.6628,O,,,,-1.71348,-0.0589,0.0649
1791257533.6636,O,,,,-1.71348,-0.0595,0.0607
1791257533.6205,R,A,,-62,,,
1791257533.6622,R,B,,-62,,,
1791257533.6829,R,C,,-60,,,
1791257533.6991,R,A,,-60,,,
1791257533.7156,R,B,,-62,,,
1791257533.7439,O,,,,-1.71348,-0.0601,0.0565
1791257533.7449,O,,,,-1.71216,-0.0607,0.0526
1791257533.7458,O,,,,-1.71348,-0.0613,0.0486
1791257533.7466,O,,,,-1.71348,-0.0619,0.0444
1791257533.7211,R,C,,-66,,,
1791257533.7267,R,A,,-57,,,
1791257533.7555,R,C,,-66,,,
1791257533.7628,R,B,,-62,,,
1791257533.8160,O,,,,-1.71348,-0.0625,0.0402
1791257533.8169,O,,,,-1.71348,-0.0631,0.0360
1791257533.8178,O,,,,-1.71348,-0.0637,0.0319
1791257533.8186,O,,,,-1.71348,-0.0642,0.0282
1791257533.7804,R,A,,-59,,,
1791257533.8156,R,B,,-61,,,
1791257533.8172,R,C,,-70,,,
1791257533.8438,R,C,,-63,,,
1791257533.8488,R,A,,-60,,,
1791257533.8497,R,B,,-61,,,
1791257533.8909,O,,,,-1.71348,-0.0648,0.0240
1791257533.8920,O,,,,-1.71348,-0.0654,0.0198
1791257533.8932,O,,,,-1.71216,-0.0660,0.0159
1791257533.8940,O,,,,-1.71348,-0.0665,0.0119
1791257533.8917,R,B,,-62,,,
1791257533.8945,R,C,,-68,,,
1791257533.8998,R,A,,-58,,,
1791257533.9609,O,,,,-1.71348,-0.0671,0.0077
1791257533.9619,O,,,,-1.71348,-0.0677,0.0041
1791257533.9626,O,,,,-1.71348,-0.0682,0.0004
1791257533.9404,R,A,,-61,,,
1791257533.9407,R,C,,-69,,,
1791257533.9412,R,B,,-56,,,
1791257533.9939,R,C,,-74,,,
1791257533.9988,R,A,,-57,,,
1791257534.0111,R,B,,-61,,,
1791257534.0413,O,,,,-1.71348,-0.0687,-0.0033
1791257534.0423,O,,,,-1.71216,-0.0693,-0.0072
1791257534.0432,O,,,,-1.71348,-0.0698,-0.0106
1791257534.0440,O,,,,-1.71348,-0.0703,-0.0143
1791257534.0354,R,B,,-58,,,
1791257534.0358,R,C,,-58,,,
1791257534.0362,R,A,,-56,,,
1791257534.0758,R,B,,-57,,,
1791257534.0827,R,C,,-70,,,
1791257534.0941,R,A,,-55,,,
1791257534.1213,O,,,,-1.71216,-0.0708,-0.0177
1791257534.1223,O,,,,-1.71348,-0.0713,-0.0211
1791257534.1232,O,,,,-1.71348,-0.0717,-0.0242
1791257534.1240,O,,,,-1.71481,-0.0721,-0.0271
1791257534.1239,R,C,,-75,,,
1791257534.1248,R,B,,-57,,,
1791257534.1491,R,A,,-51,,,
1791257534.1960,O,,,,-1.71481,-0.0726,-0.0303
1791257534.1969,O,,,,-1.71613,-0.0730,-0.0331
1791257534.1978,O,,,,-1.71878,-0.0735,-0.0363
1791257534.1986,O,,,,-1.72010,-0.0739,-0.0392
1791257534.1732,R,B,,-56,,,
1791257534.1745,R,C,,-75,,,
1791257534.1747,R,A,,-53,,,
1791257534.2156,R,B,,-60,,,
1791257534.2252,R,C,,-77,,,
1791257534.2254,R,A,,-53,,,
1791257534.2587,R,B,,-57,,,
1791257534.2589,R,A,,-55,,,
1791257534.2769,O,,,,-1.72143,-0.0742,-0.0415
1791257534.2783,O,,,,-1.72143,-0.0746,-0.0441
1791257534.2791,O,,,,-1.72540,-0.0750,-0.0465
1791257534.2799,O,,,,-1.72672,-0.0754,-0.0488
1791257534.2827,R,C,,-72,,,
1791257534.3161,R,B,,-52,,,
1791257534.3510,O,,,,-1.72937,-0.0758,-0.0515
1791257534.3519,O,,,,-1.73201,-0.0761,-0.0535
1791257534.3527,O,,,,-1.73466,-0.0765,-0.0556
1791257534.3534,O,,,,-1.73863,-0.0769,-0.0580
1791257534.3441,R,C,,-71,,,
1791257534.3499,R,A,,-54,,,
1791257534.3582,R,B,,-60,,,
1791257534.3583,R,C,,-71,,,
1791257534.3585,R,A,,-57,,,
1791257534.3933,R,C,,-73,,,
1791257534.3992,R,A,,-60,,,
1791257534.4158,R,B,,-60,,,
1791257534.4212,O,,,,-1.74128,-0.0772,-0.0601
1791257534.4222,O,,,,-1.74393,-0.0776,-0.0622
1791257534.4230,O,,,,-1.74790,-0.0779,-0.0640
1791257534.4367,R,A,,-57,,,
1791257534.4370,R,C,,-70,,,
1791257534.4372,R,B,,-58,,,
1791257534.5027,O,,,,-1.75187,-0.0782,-0.0658
1791257534.5037,O,,,,-1.75584,-0.0786,-0.0676
1791257534.5046,O,,,,-1.76113,-0.0790,-0.0697
1791257534.5055,O,,,,-1.76511,-0.0793,-0.0715
1791257534.4838,R,C,,-62,,,
1791257534.4849,R,A,,-57,,,
1791257534.4926,R,B,,-61,,,
1791257534.5229,R,C,,-69,,,
1791257534.5400,R,A,,-64,,,
1791257534.5619,R,B,,-60,,,
1791257534.5766,O,,,,-1.77040,-0.0796,-0.0731
1791257534.5778,O,,,,-1.77305,-0.0800,-0.0746
1791257534.5786,O,,,,-1.77834,-0.0803,-0.0762
1791257534.5794,O,,,,-1.78364,-0.0806,-0.0778
1791257534.5744,R,A,,-61,,,
1791257534.5746,R,C,,-64,,,
1791257534.6095,R,B,,-60,,,
1791257534.6121,R,B,,-62,,,
1791257534.6562,O,,,,-1.78761,-0.0809,-0.0790
1791257534.6571,O,,,,-1.79290,-0.0812,-0.0806
1791257534.6579,O,,,,-1.79687,-0.0815,-0.0819
1791257534.6587,O,,,,-1.80349,-0.0818,-0.0832
1791257534.6441,R,C,,-65,,,
1791257534.6495,R,A,,-64,,,
1791257534.6658,R,B,,-66,,,
1791257534.6706,R,A,,-65,,,
1791257534.6707,R,C,,-64,,,
1791257534.7023,R,C,,-65,,,
1791257534.7025,R,B,,-60,,,
1791257534.7360,O,,,,-1.80746,-0.0821,-0.0845
1791257534.7369,O,,,,-1.81408,-0.0825,-0.0857
1791257534.7377,O,,,,-1.81938,-0.0828,-0.0873
1791257534.7385,O,,,,-1.82599,-0.0832,-0.0886
1791257534.7649,R,B,,-57,,,
1791257534.8114,O,,,,-1.83129,-0.0834,-0.0896
1791257534.8125,O,,,,-1.83791,-0.0838,-0.0909
1791257534.8133,O,,,,-1.84453,-0.0841,-0.0921
1791257534.8141,O,,,,-1.85114,-0.0845,-0.0934
1791257534.7761,R,C,,-67,,,
1791257534.7982,R,B,,-61,,,
1791257534.8128,R,C,,-62,,,
1791257534.8467,R,A,,-58,,,
1791257534.8472,R,B,,-62,,,
1791257534.8811,O,,,,-1.85644,-0.0849,-0.0949
1791257534.8821,O,,,,-1.86306,-0.0853,-0.0962
1791257534.8832,O,,,,-1.87100,-0.0858,-0.0977
1791257534.8901,R,A,,-60,,,
1791257534.8903,R,C,,-64,,,
1791257534.8908,R,B,,-56,,,
1791257534.9611,O,,,,-1.87762,-0.0862,-0.0990
1791257534.9624,O,,,,-1.88424,-0.0866,-0.1003
1791257534.9636,O,,,,-1.89218,-0.0871,-0.1018
1791257534.9648,O,,,,-1.90012,-0.0876,-0.1033
1791257534.9441,R,C,,-65,,,
1791257534.9495,R,A,,-60,,,
1791257534.9509,R,B,,-64,,,
1791257534.9856,R,C,,-73,,,
1791257535.0366,O,,,,-1.90806,-0.0881,-0.1048
1791257535.0376,O,,,,-1.91600,-0.0886,-0.1063
1791257535.0384,O,,,,-1.92527,-0.0893,-0.1080
1791257535.0392,O,,,,-1.93321,-0.0898,-0.1095
1791257535.0388,R,A,,-61,,,
1791257535.0441,R,C,,-64,,,
1791257535.0658,R,B,,-56,,,
1791257535.1184,O,,,,-1.94115,-0.0904,-0.1110
1791257535.1195,O,,,,-1.94909,-0.0910,-0.1125
1791257535.1204,O,,,,-1.95836,-0.0917,-0.1142
1791257535.0881,R,B,,-62,,,
1791257535.0895,R,A,,-57,,,
1791257535.0949,R,C,,-77,,,
1791257535.1214,O,,,,-1.96630,-0.0923,-0.1156
1791257535.1210,R,C,,-72,,,
1791257535.1212,R,A,,-60,,,
1791257535.1289,R,B,,-61,,,
1791257535.1684,R,A,,-59,,,
1791257535.1991,O,,,,-1.97557,-0.0928,-0.1169
1791257535.1999,O,,,,-1.98351,-0.0934,-0.1183
1791257535.2007,O,,,,-1.99542,-0.0940,-0.1195
1791257535.2015,O,,,,-2.00601,-0.0944,-0.1205
1791257535.1900,R,C,,-78,,,
1791257535.2401,R,C,,-64,,,
1791257535.2404,R,A,,-60,,,
1791257535.2625,R,B,,-50,,,
1791257535.2711,O,,,,-2.01792,-0.0947,-0.1212
1791257535.2724,O,,,,-2.03116,-0.0952,-0.1222
1791257535.2731,O,,,,-2.04440,-0.0954,-0.1226
1791257535.2739,O,,,,-2.05763,-0.0957,-0.1231
1791257535.2941,R,A,,-62,,,
1791257535.2943,R,C,,-74,,,
1791257535.3158,R,B,,-48,,,
1791257535.3511,O,,,,-2.07352,-0.0959,-0.1236
1791257535.3524,O,,,,-2.08808,-0.0961,-0.1238
1791257535.3536,O,,,,-2.10264,-0.0962,-0.1240
1791257535.3547,O,,,,-2.11985,-0.0963,-0.1243
1791257535.3450,R,C,,-69,,,
1791257535.3486,R,A,,-63,,,
1791257535.3665,R,B,,-50,,,
1791257535.3992,R,B,,-52,,,
1791257535.3993,R,C,,-75,,,
1791257535.4211,O,,,,-2.13441,-0.0965,-0.1245
1791257535.4219,O,,,,-2.15029,-0.0965,-0.1245
1791257535.4227,O,,,,-2.16617,-0.0965,-0.1245
1791257535.4464,R,A,,-64,,,
1791257535.4503,R,B,,-49,,,
1791257535.4997,O,,,,-2.18338,-0.0966,-0.1247
1791257535.5005,O,,,,-2.19794,-0.0968,-0.1249
1791257535.5015,O,,,,-2.21383,-0.0968,-0.1249
1791257535.5024,O,,,,-2.23103,-0.0966,-0.1247
1791257535.4956,R,C,,-73,,,
1791257535.4992,R,A,,-66,,,
1791257535.5017,R,B,,-51,,,
1791257535.5404,R,B,,-48,,,
1791257535.5411,R,C,,-68,,,
1791257535.5507,R,A,,-64,,,
1791257535.5758,O,,,,-2.24824,-0.0968,-0.1249
1791257535.5768,O,,,,-2.26412,-0.0968,-0.1249
1791257535.5777,O,,,,-2.28001,-0.0968,-0.1249
1791257535.5784,O,,,,-2.29722,-0.0966,-0.1247
1791257535.5944,R,C,,-71,,,
1791257535.5997,R,A,,-64,,,
1791257535.6088,R,B,,-48,,,
1791257535.6524,O,,,,-2.31442,-0.0968,-0.1249
1791257535.6533,O,,,,-2.33031,-0.0968,-0.1249
1791257535.6542,O,,,,-2.34619,-0.0968,-0.1249
1791257535.6549,O,,,,-2.36340,-0.0966,-0.1247
1791257535.6314,R,C,,-72,,,
1791257535.6353,R,B,,-50,,,
1791257535.6442,R,A,,-65,,,
1791257535.6798,R,B,,-54,,,
1791257535.6813,R,C,,-71,,,
1791257535.6996,R,A,,-62,,,
1791257535.7310,O,,,,-2.38061,-0.0968,-0.1249
1791257535.7320,O,,,,-2.39649,-0.0968,-0.1249
1791257535.7329,O,,,,-2.41237,-0.0968,-0.1249
1791257535.7336,O,,,,-2.42958,-0.0966,-0.1247
1791257535.7247,R,C,,-70,,,
1791257535.7257,R,A,,-64,,,
1791257535.7523,R,B,,-48,,,
1791257535.8115,O,,,,-2.44679,-0.0968,-0.1249
1791257535.8125,O,,,,-2.46267,-0.0968,-0.1249
1791257535.8133,O,,,,-2.47856,-0.0968,-0.1249
1791257535.8141,O,,,,-2.49576,-0.0966,-0.1247
1791257535.7771,R,C,,-68,,,
1791257535.7775,R,A,,-60,,,
1791257535.7777,R,B,,-48,,,
1791257535.8207,R,A,,-56,,,
1791257535.8629,R,B,,-50,,,
1791257535.8655,R,A,,-61,,,
1791257535.8816,O,,,,-2.51297,-0.0968,-0.1249
1791257535.8825,O,,,,-2.52886,-0.0968,-0.1249
1791257535.8835,O,,,,-2.54606,-0.0966,-0.1248
1791257535.8744,R,C,,-77,,,
1791257535.9157,R,C,,-71,,,
1791257535.9159,R,B,,-49,,,
1791257535.9172,R,A,,-59,,,
1791257535.9561,O,,,,-2.56195,-0.0966,-0.1248
1791257535.9574,O,,,,-2.57916,-0.0968,-0.1249
1791257535.9586,O,,,,-2.59636,-0.0966,-0.1248
1791257535.9598,O,,,,-2.61357,-0.0968,-0.1249
1791257535.9630,R,B,,-50,,,
1791257535.9944,R,C,,-87,,,
1791257535.9994,R,A,,-54,,,
1791257536.0022,R,C,,-65,,,
1791257536.0162,R,B,,-53,,,
1791257536.0360,O,,,,-2.63210,-0.0973,-0.1252
1791257536.0369,O,,,,-2.64931,-0.0975,-0.1253
1791257536.0378,O,,,,-2.66916,-0.0977,-0.1254
1791257536.0386,O,,,,-2.68770,-0.0982,-0.1256
1791257536.0437,R,A,,-58,,,
1791257536.0441,R,C,,-64,,,
1791257536.1159,O,,,,-2.70755,-0.0989,-0.1260
1791257536.1168,O,,,,-2.72608,-0.0994,-0.1262
1791257536.1177,O,,,,-2.74594,-0.1001,-0.1265
1791257536.1186,O,,,,-2.76447,-0.1011,-0.1269
1791257536.0903,R,C,,-62,,,
1791257536.0906,R,A,,-57,,,
1791257536.0931,R,B,,-56,,,
1791257536.1350,R,B,,-67,,,
1791257536.1356,R,C,,-78,,,
1791257536.1361,R,A,,-56,,,
1791257536.1911,O,,,,-2.78432,-0.1024,-0.1274
1791257536.1923,O,,,,-2.80418,-0.1031,-0.1277
1791257536.1933,O,,,,-2.82271,-0.1046,-0.1282
1791257536.1940,O,,,,-2.84256,-0.1059,-0.1286
1791257536.1736,R,A,,-58,,,
1791257536.1743,R,B,,-61,,,
1791257536.1868,R,C,,-61,,,
1791257536.2205,R,C,,-59,,,
1791257536.2206,R,A,,-57,,,
1791257536.2357,R,B,,-58,,,
1791257536.2661,R,B,,-57,,,
1791257536.2765,O,,,,-2.86242,-0.1071,-0.1289
1791257536.2778,O,,,,-2.88227,-0.1089,-0.1294
1791257536.2789,O,,,,-2.90213,-0.1107,-0.1299
1791257536.2798,O,,,,-2.92198,-0.1125,-0.1303
1791257536.2947,R,C,,-66,,,
1791257536.2997,R,A,,-55,,,
1791257536.3166,R,B,,-65,,,
1791257536.3462,O,,,,-2.94184,-0.1143,-0.1307
1791257536.3472,O,,,,-2.96302,-0.1164,-0.1311
1791257536.3481,O,,,,-2.98419,-0.1185,-0.1315
1791257536.3488,O,,,,-3.00273,-0.1206,-0.1318
1791257536.3214,R,C,,-61,,,
1791257536.3237,R,A,,-57,,,
1791257536.4164,O,,,,-3.02258,-0.1230,-0.1321
1791257536.4177,O,,,,-3.04376,-0.1251,-0.1323
1791257536.4189,O,,,,-3.06097,-0.1274,-0.1325
1791257536.3996,R,A,,-53,,,
1791257536.3998,R,B,,-58,,,
1791257536.4300,R,C,,-66,,,
1791257536.4453,R,A,,-56,,,
1791257536.4454,R,C,,-66,,,
1791257536.4628,R,B,,-65,,,
1791257536.4966,O,,,,-3.08082,-0.1298,-0.1327
1791257536.4976,O,,,,-3.09935,-0.1319,-0.1328
1791257536.4985,O,,,,-3.11656,-0.1343,-0.1329
1791257536.4994,O,,,,-3.13509,-0.1370,-0.1329
1791257536.4923,R,A,,-55,,,
1791257536.4930,R,B,,-57,,,
1791257536.4953,R,C,,-69,,,
1791257536.5442,R,C,,-69,,,
1791257536.5475,R,A,,-57,,,
1791257536.5478,R,B,,-50,,,
1791257536.5714,O,,,,3.13089,-0.1393,-0.1329
1791257536.5724,O,,,,3.11368,-0.1417,-0.1329
1791257536.5732,O,,,,3.09647,-0.1441,-0.1328
1791257536.5739,O,,,,3.07926,-0.1465,-0.1327
1791257536.5762,R,C,,-62,,,
1791257536.5964,R,B,,-60,,,
1791257536.6001,R,A,,-60,,,
1791257536.6510,O,,,,3.06073,-0.1486,-0.1325
1791257536.6527,O,,,,3.04352,-0.1510,-0.1323
1791257536.6535,O,,,,3.02499,-0.1531,-0.1321
1791257536.6544,O,,,,3.00779,-0.1554,-0.1318
1791257536.6249,R,C,,-86,,,
1791257536.6473,R,A,,-62,,,
1791257536.6540,R,B,,-58,,,
1791257536.6674,R,C,,-75,,,
1791257536.6678,R,A,,-58,,,
1791257536.7152,R,A,,-63,,,
1791257536.7154,R,C,,-72,,,
1791257536.7162,R,B,,-60,,,
1791257536.7314,O,,,,2.98925,-0.1575,-0.1315
1791257536.7325,O,,,,2.97072,-0.1601,-0.1310
1791257536.7333,O,,,,2.95219,-0.1622,-0.1307
1791257536.7340,O,,,,2.93366,-0.1643,-0.1302
1791257536.7570,R,A,,-63,,,
1791257536.7571,R,C,,-65,,,
1791257536.7574,R,B,,-64,,,
1791257536.8140,O,,,,2.91778,-0.1664,-0.1298
1791257536.8148,O,,,,2.89925,-0.1684,-0.1293
1791257536.8156,O,,,,2.88071,-0.1705,-0.1288
1791257536.8167,O,,,,2.86351,-0.1728,-0.1281
1791257536.8039,R,B,,-67,,,
1791257536.8447,R,C,,-73,,,
1791257536.8479,R,A,,-62,,,
1791257536.8488,R,B,,-62,,,
1791257536.8507,R,A,,-61,,,
1791257536.8566,R,C,,-69,,,
1791257536.8767,O,,,,2.84498,-0.1748,-0.1275
1791257536.8776,O,,,,2.82777,-0.1771,-0.1268
1791257536.8784,O,,,,2.80924,-0.1791,-0.1261
1791257536.8912,R,B,,-64,,,
1791257536.8931,R,A,,-58,,,
1791257536.8953,R,C,,-72,,,
1791257536.9559,O,,,,2.79203,-0.1808,-0.1255
1791257536.9568,O,,,,2.77482,-0.1831,-0.1247
1791257536.9576,O,,,,2.75629,-0.1850,-0.1239
1791257536.9584,O,,,,2.73908,-0.1868,-0.1232
1791257536.9384,R,A,,-60,,,
1791257536.9401,R,B,,-57,,,
1791257536.9454,R,C,,-72,,,
1791257536.9897,R,C,,-70,,,
1791257536.9901,R,A,,-56,,,
1791257537.0081,R,B,,-52,,,
1791257537.0318,O,,,,2.72188,-0.1885,-0.1225
1791257537.0332,O,,,,2.70467,-0.1901,-0.1217
1791257537.0344,O,,,,2.68746,-0.1923,-0.1207
1791257537.0353,O,,,,2.67025,-0.1939,-0.1198
1791257537.0398,R,B,,-64,,,
1791257537.0410,R,C,,-59,,,
1791257537.0421,R,A,,-55,,,
1791257537.1193,O,,,,2.65437,-0.1958,-0.1189
1791257537.1203,O,,,,2.63716,-0.1975,-0.1180
1791257537.0840,R,A,,-56,,,
1791257537.0842,R,C,,-72,,,
1791257537.0845,R,B,,-64,,,
1791257537.1213,O,,,,2.61995,-0.1991,-0.1171
1791257537.1221,O,,,,2.60407,-0.2009,-0.1160
1791257537.1254,R,A,,-54,,,
1791257537.1270,R,C,,-72,,,
1791257537.1444,R,B,,-60,,,
1791257537.1914,O,,,,2.58686,-0.2025,-0.1150
1791257537.1925,O,,,,2.56966,-0.2045,-0.1138
1791257537.1935,O,,,,2.55377,-0.2063,-0.1126
1791257537.1942,O,,,,2.53656,-0.2078,-0.1116
1791257537.1713,R,C,,-61,,,
1791257537.1744,R,A,,-57,,,
1791257537.2163,R,B,,-69,,,
1791257537.2662,O,,,,2.52068,-0.2095,-0.1103
1791257537.2671,O,,,,2.50347,-0.2110,-0.1093
1791257537.2682,O,,,,2.48626,-0.2125,-0.1081
1791257537.2690,O,,,,2.47038,-0.2138,-0.1072
1791257537.2404,R,C,,-67,,,
1791257537.2506,R,A,,-61,,,
1791257537.2588,R,C,,-68,,,
1791257537.2668,R,B,,-64,,,
1791257537.2767,R,A,,-66,,,
1791257537.3168,R,B,,-49,,,
1791257537.3460,O,,,,2.45317,-0.2152,-0.1060
1791257537.3473,O,,,,2.43597,-0.2162,-0.1051
1791257537.3485,O,,,,2.41876,-0.2172,-0.1043
1791257537.3495,O,,,,2.40155,-0.2182,-0.1034
1791257537.3448,R,C,,-63,,,
1791257537.3497,R,A,,-56,,,
1791257537.3557,R,B,,-62,,,
1791257537.3636,R,C,,-64,,,
1791257537.4189,O,,,,2.38567,-0.2190,-0.1027
1791257537.4198,O,,,,2.36846,-0.2196,-0.1021
1791257537.3878,R,A,,-57,,,
1791257537.3984,R,A,,-59,,,
1791257537.4136,R,C,,-65,,,
1791257537.4142,R,B,,-66,,,
1791257537.4208,O,,,,2.35258,-0.2203,-0.1014
1791257537.4413,R,A,,-63,,,
1791257537.4417,R,C,,-64,,,
1791257537.4420,R,B,,-65,,,
1791257537.4909,O,,,,2.33537,-0.2209,-0.1008
1791257537.4919,O,,,,2.31816,-0.2214,-0.1002
1791257537.4928,O,,,,2.30095,-0.2216,-0.1000
1791257537.4936,O,,,,2.28507,-0.2219,-0.0996
1791257537.4893,R,B,,-64,,,
1791257537.4895,R,C,,-63,,,
1791257537.4912,R,A,,-59,,,
1791257537.5308,R,A,,-62,,,
1791257537.5442,R,C,,-78,,,
1791257537.5529,R,B,,-62,,,
1791257537.5712,O,,,,2.26786,-0.2221,-0.0994
1791257537.5721,O,,,,2.25198,-0.2221,-0.0994
1791257537.5729,O,,,,2.23477,-0.2223,-0.0992
1791257537.5737,O,,,,2.22021,-0.2224,-0.0990
1791257537.5824,R,B,,-60,,,
1791257537.6515,O,,,,2.20300,-0.2226,-0.0988
1791257537.6526,O,,,,2.18579,-0.2224,-0.0990
1791257537.6535,O,,,,2.16859,-0.2226,-0.0988
1791257537.6544,O,,,,2.15270,-0.2226,-0.0988
1791257537.6344,R,B,,-67,,,
1791257537.6351,R,C,,-58,,,
1791257537.6354,R,A,,-61,,,
1791257537.7268,O,,,,2.13682,-0.2226,-0.0988
1791257537.6748,R,C,,-68,,,
1791257537.6753,R,A,,-64,,,
1791257537.6851,R,B,,-62,,,
1791257537.7169,R,B,,-62,,,
1791257537.7281,O,,,,2.12094,-0.2226,-0.0988
1791257537.7286,O,,,,2.10373,-0.2227,-0.0986
1791257537.7291,O,,,,2.08784,-0.2227,-0.0986
1791257537.7450,R,C,,-65,,,
1791257537.7501,R,A,,-56,,,
1791257537.7621,R,C,,-52,,,
1791257537.7622,R,B,,-67,,,
1791257537.7624,R,A,,-53,,,
1791257537.8064,O,,,,2.07196,-0.2227,-0.0986
1791257537.8075,O,,,,2.05608,-0.2227,-0.0986
1791257537.8083,O,,,,2.03887,-0.2226,-0.0988
1791257537.8091,O,,,,2.02431,-0.2227,-0.0986
1791257537.8062,R,C,,-61,,,
1791257537.8165,R,B,,-68,,,
1791257537.8207,R,A,,-54,,,
1791257537.8529,R,B,,-64,,,
1791257537.8759,O,,,,2.00842,-0.2227,-0.0986
1791257537.8771,O,,,,1.99386,-0.2226,-0.0988
1791257537.8779,O,,,,1.97930,-0.2227,-0.0986
1791257537.8893,R,C,,-62,,,
1791257537.9165,R,B,,-67,,,
1791257537.9515,O,,,,1.96342,-0.2227,-0.0986
1791257537.9528,O,,,,1.94754,-0.2227,-0.0986
1791257537.9541,O,,,,1.93430,-0.2227,-0.0986
1791257537.9552,O,,,,1.92106,-0.2227,-0.0986
1791257537.9406,R,C,,-61,,,
1791257537.9462,R,B,,-73,,,
1791257537.9498,R,A,,-51,,,
1791257537.9907,R,A,,-52,,,
1791257537.9951,R,C,,-62,,,
1791257538.0318,O,,,,1.90650,-0.2226,-0.0988
1791257538.0327,O,,,,1.89194,-0.2227,-0.0986
1791257538.0335,O,,,,1.87738,-0.2226,-0.0988
1791257538.0343,O,,,,1.86282,-0.2227,-0.0986
1791257538.0385,R,B,,-66,,,
1791257538.0455,R,C,,-60,,,
1791257538.0500,R,A,,-56,,,
1791257538.1190,O,,,,1.84826,-0.2226,-0.0988
1791257538.1202,O,,,,1.83370,-0.2227,-0.0986
1791257538.0833,R,B,,-75,,,
1791257538.0847,R,C,,-58,,,
1791257538.0849,R,A,,-55,,,
1791257538.1212,O,,,,1.81914,-0.2226,-0.0988
1791257538.1288,O,,,,1.80458,-0.2227,-0.0986
1791257538.1258,R,C,,-58,,,
1791257538.1503,R,A,,-57,,,
1791257538.1666,R,B,,-69,,,
1791257538.1847,O,,,,1.78870,-0.2227,-0.0986
1791257538.1859,O,,,,1.77414,-0.2226,-0.0988
1791257538.1868,O,,,,1.75825,-0.2226,-0.0988
1791257538.1876,O,,,,1.74237,-0.2226,-0.0988
1791257538.1949,R,C,,-73,,,
1791257538.1993,R,B,,-71,,,
1791257538.2004,R,A,,-63,,,
1791257538.2659,O,,,,1.72781,-0.2227,-0.0986
1791257538.2669,O,,,,1.71193,-0.2227,-0.0986
1791257538.2677,O,,,,1.69604,-0.2227,-0.0986
1791257538.2685,O,,,,1.68016,-0.2227,-0.0986
1791257538.2231,R,A,,-68,,,
1791257538.2311,R,B,,-76,,,
1791257538.2332,R,C,,-64,,,
1791257538.2669,R,B,,-71,,,
1791257538.2951,R,C,,-64,,,
1791257538.3002,R,A,,-67,,,
1791257538.3092,R,C,,-65,,,
1791257538.3097,R,B,,-66,,,
1791257538.3409,O,,,,1.66560,-0.2227,-0.0988
1791257538.3419,O,,,,1.64971,-0.2227,-0.0988
1791257538.3427,O,,,,1.63383,-0.2227,-0.0988
1791257538.3435,O,,,,1.61927,-0.2227,-0.0986
1791257538.3505,R,A,,-64,,,
1791257538.3570,R,B,,-70,,,
1791257538.4109,O,,,,1.60339,-0.2227,-0.0986
1791257538.4117,O,,,,1.58882,-0.2227,-0.0988
1791257538.4125,O,,,,1.57559,-0.2227,-0.0988
1791257538.3704,R,C,,-73,,,
1791257538.3974,R,A,,-63,,,
1791257538.4003,R,A,,-63,,,
1791257538.4082,R,B,,-71,,,
1791257538.4414,R,C,,-70,,,
1791257538.4501,R,A,,-60,,,
1791257538.4908,O,,,,1.56235,-0.2227,-0.0988
1791257538.4917,O,,,,1.55044,-0.2227,-0.0986
1791257538.4929,O,,,,1.53853,-0.2227,-0.0988
1791257538.4937,O,,,,1.52794,-0.2227,-0.0988
1791257538.4917,R,C,,-67,,,
1791257538.4919,R,A,,-56,,,
1791257538.5022,R,B,,-68,,,
1791257538.5339,R,A,,-54,,,
1791257538.5441,R,C,,-63,,,
1791257538.5716,O,,,,1.51602,-0.2227,-0.0991
1791257538.5727,O,,,,1.50543,-0.2227,-0.0991
1791257538.5735,O,,,,1.49220,-0.2227,-0.0991
1791257538.5743,O,,,,1.47896,-0.2227,-0.0991
1791257538.5886,R,C,,-66,,,
1791257538.5889,R,A,,-55,,,
1791257538.6111,R,B,,-64,,,
1791257538.6515,O,,,,1.46705,-0.2227,-0.0988
1791257538.6528,O,,,,1.45381,-0.2227,-0.0988
1791257538.6536,O,,,,1.44322,-0.2227,-0.0988
1791257538.6544,O,,,,1.42999,-0.2227,-0.0988
1791257538.6206,R,C,,-63,,,
1791257538.6218,R,A,,-54,,,
1791257538.6281,R,B,,-80,,,
1791257538.6671,R,B,,-68,,,
1791257538.6952,R,C,,-61,,,
1791257538.7003,R,A,,-52,,,
1791257538.7113,R,A,,-55,,,
1791257538.7172,R,B,,-62,,,
1791257538.7318,O,,,,1.41675,-0.2227,-0.0988
1791257538.7327,O,,,,1.40351,-0.2227,-0.0988
1791257538.7335,O,,,,1.39028,-0.2227,-0.0988
1791257538.7342,O,,,,1.37836,-0.2227,-0.0991
1791257538.7284,R,C,,-62,,,
1791257538.7502,R,A,,-56,,,
1791257538.7671,R,B,,-67,,,
1791257538.8009,O,,,,1.36513,-0.2227,-0.0991
1791257538.8017,O,,,,1.35321,-0.2227,-0.0988
1791257538.8025,O,,,,1.34130,-0.2227,-0.0991
1791257538.8033,O,,,,1.32939,-0.2226,-0.0988
1791257538.7897,R,C,,-63,,,
1791257538.7925,R,C,,-62,,,
1791257538.7938,R,A,,-57,,,
1791257538.7942,R,B,,-67,,,
1791257538.8400,R,B,,-66,,,
1791257538.8425,R,A,,-58,,,
1791257538.8427,R,C,,-61,,,
1791257538.8715,O,,,,1.31615,-0.2226,-0.0988
1791257538.8727,O,,,,1.30556,-0.2226,-0.0988
1791257538.8739,O,,,,1.29233,-0.2226,-0.0988
1791257538.8881,R,A,,-57,,,
1791257538.8953,R,C,,-68,,,
1791257538.9083,R,B,,-62,,,
1791257538.9516,O,,,,1.27909,-0.2226,-0.0988
1791257538.9529,O,,,,1.26453,-0.2227,-0.0991
1791257538.9542,O,,,,1.25262,-0.2226,-0.0988
1791257538.9553,O,,,,1.24070,-0.2227,-0.0991
1791257538.9353,R,A,,-54,,,
1791257538.9353,R,C,,-79,,,
1791257538.9496,R,B,,-62,,,
1791257538.9794,R,C,,-70,,,
1791257538.9904,R,B,,-57,,,
1791257538.9913,R,A,,-51,,,
1791257539.0267,O,,,,1.22879,-0.2226,-0.0988
1791257539.0280,O,,,,1.21688,-0.2227,-0.0991
1791257539.0289,O,,,,1.20629,-0.2227,-0.0991
1791257539.0335,O,,,,1.19570,-0.2227,-0.0991
1791257539.0286,R,B,,-59,,,
1791257539.0287,R,A,,-54,,,
1791257539.0288,R,C,,-68,,,
1791257539.1064,O,,,,1.18379,-0.2226,-0.0988
1791257539.1082,O,,,,1.17452,-0.2227,-0.0991
1791257539.1094,O,,,,1.16393,-0.2227,-0.0991
1791257539.1109,O,,,,1.15334,-0.2227,-0.0991
1791257539.0770,R,C,,-67,,,
1791257539.0771,R,A,,-51,,,
1791257539.1169,R,B,,-64,,,
1791257539.1289,R,B,,-64,,,
1791257539.1337,R,C,,-63,,,
1791257539.1342,R,A,,-49,,,
1791257539.1647,R,A,,-52,,,
1791257539.1669,R,B,,-60,,,
1791257539.1847,O,,,,1.14275,-0.2227,-0.0991
1791257539.1857,O,,,,1.13349,-0.2228,-0.0993
1791257539.1865,O,,,,1.12290,-0.2228,-0.0993
1791257539.1873,O,,,,1.11231,-0.2226,-0.0988
1791257539.1838,R,C,,-68,,,
1791257539.2067,R,B,,-62,,,
1791257539.2614,O,,,,1.10304,-0.2227,-0.0991
1791257539.2624,O,,,,1.09245,-0.2227,-0.0991
1791257539.2633,O,,,,1.08451,-0.2227,-0.0991
1791257539.2642,O,,,,1.07392,-0.2227,-0.0991
1791257539.2504,R,A,,-51,,,
1791257539.2598,R,B,,-73,,,
1791257539.2599,R,C,,-62,,,
1791257539.2942,R,B,,-67,,,
1791257539.2958,R,C,,-64,,,
1791257539.2961,R,A,,-56,,,
1791257539.3309,O,,,,1.06598,-0.2227,-0.0991
1791257539.3321,O,,,,1.05671,-0.2229,-0.0993
1791257539.3376,O,,,,1.04877,-0.2229,-0.0993
1791257539.3384,O,,,,1.03818,-0.2229,-0.0993
1791257539.3411,R,A,,-57,,,
1791257539.3413,R,B,,-58,,,
1791257539.3414,R,C,,-67,,,
1791257539.4111,O,,,,1.03024,-0.2229,-0.0993
1791257539.4121,O,,,,1.02098,-0.2230,-0.0995
1791257539.4129,O,,,,1.01303,-0.2230,-0.0995
1791257539.3825,R,C,,-63,,,
1791257539.4004,R,A,,-56,,,
1791257539.4053,R,B,,-55,,,
1791257539.4261,R,C,,-61,,,
1791257539.4414,R,B,,-73,,,
1791257539.4507,R,A,,-55,,,
1791257539.4860,O,,,,1.00509,-0.2230,-0.0995
1791257539.4869,O,,,,0.99715,-0.2230,-0.0995
1791257539.4877,O,,,,0.98921,-0.2230,-0.0995
1791257539.4885,O,,,,0.97994,-0.2229,-0.0993
1791257539.4723,R,C,,-67,,,
1791257539.5008,R,A,,-56,,,
1791257539.5170,R,B,,-68,,,
1791257539.5665,O,,,,0.97200,-0.2229,-0.0993
1791257539.5675,O,,,,0.96406,-0.2229,-0.0993
1791257539.5684,O,,,,0.95612,-0.2229,-0.0993
1791257539.5693,O,,,,0.94817,-0.2229,-0.0993
1791257539.6044,R,C,,-78,,,
1791257539.6176,R,B,,-62,,,
1791257539.6459,O,,,,0.94023,-0.2229,-0.0993
1791257539.6471,O,,,,0.93229,-0.2229,-0.0993
1791257539.6479,O,,,,0.92435,-0.2229,-0.0993
1791257539.6486,O,,,,0.91641,-0.2229,-0.0993
1791257539.6377,R,A,,-56,,,
1791257539.6588,R,B,,-60,,,
1791257539.6822,R,C,,-77,,,
1791257539.6999,R,B,,-62,,,
1791257539.7004,R,A,,-60,,,
1791257539.7168,R,C,,-72,,,
1791257539.7210,O,,,,0.90846,-0.2229,-0.0993
1791257539.7219,O,,,,0.90052,-0.2229,-0.0993
1791257539.7228,O,,,,0.89390,-0.2227,-0.0991
1791257539.7236,O,,,,0.88596,-0.2227,-0.0991
1791257539.7406,R,B,,-62,,,
1791257539.7420,R,C,,-69,,,
1791257539.7509,R,A,,-62,,,
1791257539.8113,O,,,,0.87934,-0.2225,-0.0989
1791257539.8123,O,,,,0.87273,-0.2223,-0.0987
1791257539.8132,O,,,,0.86478,-0.2220,-0.0983
1791257539.8140,O,,,,0.85817,-0.2218,-0.0981
1791257539.7881,R,C,,-66,,,
1791257539.7884,R,A,,-63,,,
1791257539.7904,R,B,,-61,,,
1791257539.8516,R,B,,-58,,,
1791257539.8753,O,,,,0.85022,-0.2215,-0.0977
1791257539.8762,O,,,,0.84361,-0.2210,-0.0971
1791257539.8770,O,,,,0.83699,-0.2204,-0.0965
1791257539.8853,R,C,,-61,,,
1791257539.8991,R,B,,-61,,,
1791257539.9001,R,A,,-58,,,
1791257539.9463,O,,,,0.83037,-0.2199,-0.0959
1791257539.9473,O,,,,0.82243,-0.2192,-0.0952
1791257539.9481,O,,,,0.81449,-0.2185,-0.0944
1791257539.9489,O,,,,0.80787,-0.2175,-0.0934
1791257539.9319,R,C,,-68,,,
1791257539.9504,R,A,,-64,,,
1791257539.9598,R,B,,-60,,,
1791257539.9772,R,A,,-62,,,
1791257539.9921,R,B,,-58,,,
1791257539.9954,R,C,,-75,,,
1791257540.0177,R,C,,-67,,,
1791257540.0178,R,A,,-65,,,
1791257540.0257,O,,,,0.79992,-0.2168,-0.0927
1791257540.0268,O,,,,0.79066,-0.2159,-0.0917
1791257540.0276,O,,,,0.78272,-0.2148,-0.0906
1791257540.0284,O,,,,0.77345,-0.2138,-0.0897
1791257540.0631,R,B,,-61,,,
1791257540.1017,O,,,,0.76419,-0.2125,-0.0884
1791257540.1027,O,,,,0.75624,-0.2113,-0.0873
1791257540.1036,O,,,,0.74565,-0.2102,-0.0862
1791257540.1044,O,,,,0.73507,-0.2086,-0.0848
1791257540.0858,R,C,,-65,,,
1791257540.1004,R,A,,-67,,,
1791257540.1140,R,B,,-64,,,
1791257540.1142,R,A,,-65,,,
1791257540.1333,R,C,,-62,,,
1791257540.1600,R,C,,-57,,,
1791257540.1603,R,B,,-59,,,
1791257540.1811,O,,,,0.72580,-0.2072,-0.0835
1791257540.1820,O,,,,0.71389,-0.2058,-0.0823
1791257540.1828,O,,,,0.70462,-0.2044,-0.0811
1791257540.1839,O,,,,0.69403,-0.2028,-0.0797
1791257540.2008,R,A,,-66,,,
1791257540.2051,R,B,,-69,,,
1791257540.2087,R,C,,-58,,,
1791257540.2612,O,,,,0.68212,-0.2010,-0.0782
1791257540.2620,O,,,,0.67153,-0.1993,-0.0769
1791257540.2628,O,,,,0.66094,-0.1977,-0.0756
1791257540.2636,O,,,,0.64903,-0.1958,-0.0741
1791257540.2454,R,C,,-62,,,
1791257540.2513,R,A,,-66,,,
1791257540.2929,R,C,,-66,,,
1791257540.2932,R,A,,-78,,,
1791257540.2947,R,B,,-69,,,
1791257540.3316,O,,,,0.63711,-0.1939,-0.0727
1791257540.3325,O,,,,0.62785,-0.1919,-0.0713
1791257540.3332,O,,,,0.61726,-0.1898,-0.0698
1791257540.3397,R,C,,-76,,,
1791257540.3399,R,A,,-63,,,
1791257540.3671,R,B,,-75,,,
1791257540.4108,O,,,,0.60932,-0.1876,-0.0682
1791257540.4121,O,,,,0.60138,-0.1850,-0.0664
1791257540.4129,O,,,,0.59608,-0.1824,-0.0646
1791257540.4137,O,,,,0.58946,-0.1795,-0.0627
1791257540.3841,R,A,,-69,,,
1791257540.3955,R,C,,-61,,,
1791257540.4175,R,B,,-68,,,
1791257540.4306,R,A,,-72,,,
1791257540.4463,R,C,,-64,,,
1791257540.4676,R,B,,-76,,,
1791257540.4860,O,,,,0.58549,-0.1767,-0.0608
1791257540.4873,O,,,,0.58020,-0.1736,-0.0588
1791257540.4887,O,,,,0.57755,-0.1705,-0.0567
1791257540.4896,O,,,,0.57490,-0.1674,-0.0547
1791257540.4963,R,C,,-64,,,
1791257540.4977,R,B,,-73,,,
1791257540.5008,R,A,,-71,,,
1791257540.5120,R,B,,-89,,,
1791257540.5123,R,A,,-67,,,
1791257540.5608,O,,,,0.57226,-0.1642,-0.0527
1791257540.5617,O,,,,0.57093,-0.1609,-0.0506
1791257540.5626,O,,,,0.56961,-0.1576,-0.0484
1791257540.5633,O,,,,0.56828,-0.1542,-0.0463
1791257540.5461,R,C,,-69,,,
1791257540.5598,R,C,,-62,,,
1791257540.5674,R,B,,-72,,,
1791257540.5705,R,A,,-62,,,
1791257540.6177,R,B,,-67,,,
1791257540.6183,R,C,,-63,,,
1791257540.6413,O,,,,0.56696,-0.1509,-0.0441
1791257540.6422,O,,,,0.56564,-0.1475,-0.0420
1791257540.6430,O,,,,0.56564,-0.1439,-0.0397
1791257540.6438,O,,,,0.56431,-0.1406,-0.0376
1791257540.6321,R,A,,-64,,,
1791257540.6475,R,B,,-68,,,
1791257540.6492,R,A,,-65,,,
1791257540.6943,R,C,,-61,,,
1791257540.6954,R,A,,-66,,,
1791257540.7173,R,B,,-70,,,
1791257540.7212,O,,,,0.56431,-0.1375,-0.0356
1791257540.7225,O,,,,0.56431,-0.1339,-0.0334
1791257540.7238,O,,,,0.56431,-0.1303,-0.0311
1791257540.7250,O,,,,0.56431,-0.1267,-0.0288
1791257540.7352,R,A,,-67,,,
1791257540.7353,R,C,,-64,,,
1791257540.7678,R,B,,-64,,,
1791257540.7962,O,,,,0.56431,-0.1231,-0.0266
1791257540.7979,O,,,,0.56431,-0.1200,-0.0246
1791257540.7992,O,,,,0.56431,-0.1164,-0.0223
1791257540.8007,O,,,,0.56431,-0.1129,-0.0201
1791257540.7791,R,B,,-73,,,
1791257540.7804,R,C,,-75,,,
1791257540.8007,R,A,,-68,,,
1791257540.8663,O,,,,0.56431,-0.1093,-0.0178
1791257540.8677,O,,,,0.56299,-0.1059,-0.0157
1791257540.8695,O,,,,0.56299,-0.1023,-0.0134
1791257540.8217,R,C,,-68,,,
1791257540.8219,R,A,,-67,,,
1791257540.8433,R,B,,-74,,,
1791257540.8956,R,C,,-67,,,
1791257540.9006,R,A,,-66,,,
1791257540.9110,R,C,,-59,,,
1791257540.9111,R,B,,-72,,,
1791257540.9121,R,A,,-67,,,
1791257540.9461,O,,,,0.56431,-0.0990,-0.0113
1791257540.9473,O,,,,0.56564,-0.0952,-0.0089
1791257540.9484,O,,,,0.56564,-0.0916,-0.0066
1791257540.9492,O,,,,0.56696,-0.0883,-0.0045
1791257540.9679,R,B,,-71,,,
1791257540.9956,R,C,,-65,,,
1791257540.9990,R,A,,-70,,,
1791257541.0177,R,B,,-68,,,
1791257541.0209,O,,,,0.56961,-0.0847,-0.0022
1791257541.0220,O,,,,0.57093,-0.0813,-0.0000
1791257541.0228,O,,,,0.57358,-0.0778,0.0022
1791257541.0236,O,,,,0.57490,-0.0744,0.0044
1791257541.0397,R,C,,-71,,,
1791257541.0452,R,A,,-72,,,
1791257541.0456,R,C,,-78,,,
1791257541.0468,R,B,,-76,,,
1791257541.1030,O,,,,0.57755,-0.0709,0.0067
1791257541.1043,O,,,,0.58020,-0.0673,0.0090
1791257541.1056,O,,,,0.58152,-0.0640,0.0112
1791257541.1065,O,,,,0.58417,-0.0605,0.0135
1791257541.0868,R,B,,-74,,,
1791257541.0885,R,A,,-68,,,
1791257541.0964,R,C,,-76,,,
1791257541.1463,R,C,,-77,,,
1791257541.1515,R,A,,-76,,,
1791257541.1569,R,B,,-71,,,
1791257541.1814,O,,,,0.58682,-0.0570,0.0159
1791257541.1823,O,,,,0.58946,-0.0534,0.0182
1791257541.1830,O,,,,0.59211,-0.0504,0.0203
1791257541.1838,O,,,,0.59476,-0.0468,0.0227
1791257541.1765,R,A,,-76,,,
1791257541.1813,R,C,,-70,,,
1791257541.2142,R,B,,-68,,,
1791257541.2182,R,C,,-68,,,
1791257541.2560,O,,,,0.59741,-0.0433,0.0250
1791257541.2569,O,,,,0.59873,-0.0401,0.0273
1791257541.2577,O,,,,0.60138,-0.0366,0.0297
1791257541.2585,O,,,,0.60402,-0.0331,0.0321
1791257541.2508,R,A,,-78,,,
1791257541.2566,R,B,,-71,,,
1791257541.2570,R,C,,-69,,,
1791257541.2598,R,A,,-76,,,
1791257541.3010,R,A,,-75,,,
1791257541.3172,R,B,,-69,,,
1791257541.3261,O,,,,0.60535,-0.0298,0.0343
1791257541.3270,O,,,,0.60932,-0.0265,0.0366
1791257541.3277,O,,,,0.61197,-0.0231,0.0390
1791257541.3250,R,C,,-71,,,
1791257541.3436,R,B,,-64,,,
1791257541.3438,R,A,,-67,,,
1791257541.3456,R,C,,-71,,,
1791257541.4104,O,,,,0.61329,-0.0198,0.0413
1791257541.4116,O,,,,0.61594,-0.0164,0.0437
1791257541.4120,O,,,,0.61858,-0.0129,0.0462
1791257541.4125,O,,,,0.62123,-0.0095,0.0487
1791257541.3924,R,C,,-62,,,
1791257541.4009,R,A,,-70,,,
1791257541.4173,R,B,,-71,,,
1791257541.4378,R,C,,-68,,,
1791257541.4484,R,A,,-69,,,
1791257541.4496,R,B,,-70,,,
1791257541.4817,O,,,,0.62255,-0.0062,0.0510
1791257541.4826,O,,,,0.62388,-0.0030,0.0533
1791257541.4834,O,,,,0.62388,0.0004,0.0558
1791257541.4842,O,,,,0.62520,0.0036,0.0581
1791257541.4799,R,C,,-65,,,
1791257541.4806,R,B,,-66,,,
1791257541.4840,R,A,,-68,,,
1791257541.5613,O,,,,0.62520,0.0071,0.0606
1791257541.5623,O,,,,0.62653,0.0103,0.0629
1791257541.5631,O,,,,0.62785,0.0139,0.0655
1791257541.5639,O,,,,0.62653,0.0172,0.0679
1791257541.5399,R,B,,-70,,,
1791257541.5456,R,C,,-65,,,
1791257541.5509,R,A,,-66,,,
1791257541.5685,R,B,,-69,,,
1791257541.5702,R,C,,-67,,,
1791257541.5794,R,A,,-73,,,
1791257541.6112,R,C,,-65,,,
1791257541.6179,R,B,,-70,,,
1791257541.6413,O,,,,0.62785,0.0204,0.0702
1791257541.6422,O,,,,0.62785,0.0238,0.0727
1791257541.6431,O,,,,0.62785,0.0272,0.0752
1791257541.6439,O,,,,0.62917,0.0304,0.0775
1791257541.6202,R,A,,-66,,,
1791257541.6558,R,B,,-70,,,
1791257541.7160,O,,,,0.62917,0.0339,0.0800
1791257541.7169,O,,,,0.62785,0.0371,0.0823
1791257541.7178,O,,,,0.62785,0.0405,0.0848
1791257541.7186,O,,,,0.62917,0.0437,0.0872
1791257541.6837,R,A,,-68,,,
1791257541.6839,R,C,,-64,,,
1791257541.7008,R,A,,-67,,,
1791257541.7180,R,B,,-69,,,
1791257541.7392,R,C,,-76,,,
1791257541.7394,R,A,,-76,,,
1791257541.7527,R,B,,-64,,,
1791257541.7961,O,,,,0.62917,0.0471,0.0896
1791257541.7972,O,,,,0.62917,0.0506,0.0921
1791257541.7983,O,,,,0.62785,0.0538,0.0945
1791257541.7992,O,,,,0.62785,0.0572,0.0970
1791257541.7884,R,A,,-67,,,
1791257541.7889,R,B,,-65,,,
1791257541.7958,R,C,,-60,,,
1791257541.8660,O,,,,0.62785,0.0606,0.0994
1791257541.8670,O,,,,0.62785,0.0641,0.1019
1791257541.8682,O,,,,0.62917,0.0673,0.1043
1791257541.8440,R,B,,-67,,,
1791257541.8464,R,C,,-66,,,
1791257541.8517,R,A,,-67,,,
1791257541.8785,R,C,,-68,,,
1791257541.8792,R,B,,-72,,,
1791257541.8861,R,A,,-71,,,
1791257541.9438,O,,,,0.62917,0.0707,0.1068
1791257541.9448,O,,,,0.62785,0.0739,0.1091
1791257541.9456,O,,,,0.62785,0.0773,0.1116
1791257541.9464,O,,,,0.62785,0.0808,0.1141
1791257541.9457,R,C,,-61,,,
1791257541.9511,R,A,,-62,,,
1791257541.9676,R,B,,-67,,,
1791257541.9878,R,C,,-74,,,
1791257541.9880,R,A,,-72,,,
1791257542.0075,R,B,,-68,,,
1791257542.0081,R,C,,-62,,,
1791257542.0107,R,A,,-68,,,
1791257542.0223,O,,,,0.62785,0.0842,0.1166
1791257542.0232,O,,,,0.62653,0.0874,0.1189
1791257542.0239,O,,,,0.62785,0.0906,0.1212
1791257542.0250,O,,,,0.62785,0.0941,0.1237
1791257542.0553,R,B,,-67,,,
1791257542.1011,O,,,,0.62785,0.0975,0.1262
1791257542.1020,O,,,,0.62785,0.1009,0.1287
1791257542.1028,O,,,,0.62785,0.1043,0.1312
1791257542.1038,O,,,,0.62785,0.1078,0.1337
1791257542.0943,R,C,,-66,,,
1791257542.0948,R,A,,-66,,,
1791257542.0968,R,B,,-64,,,
1791257542.0972,R,C,,-67,,,
1791257542.0976,R,A,,-77,,,
1791257542.1446,R,B,,-62,,,
1791257542.1458,R,C,,-57,,,
1791257542.1510,R,A,,-65,,,
1791257542.1759,O,,,,0.62785,0.1108,0.1358
1791257542.1767,O,,,,0.62785,0.1142,0.1383
1791257542.1776,O,,,,0.62785,0.1176,0.1408
1791257542.1784,O,,,,0.62785,0.1210,0.1433
1791257542.2560,O,,,,0.62785,0.1245,0.1458
1791257542.2568,O,,,,0.62785,0.1275,0.1480
1791257542.2576,O,,,,0.62785,0.1309,0.1505
1791257542.2584,O,,,,0.62785,0.1343,0.1529
1791257542.2465,R,C,,-72,,,
1791257542.2514,R,A,,-61,,,
1791257542.2601,R,B,,-56,,,
1791257542.2898,R,B,,-64,,,
1791257542.2909,R,C,,-62,,,
1791257542.2912,R,A,,-60,,,
1791257542.3259,O,,,,0.62785,0.1378,0.1554
1791257542.3269,O,,,,0.62785,0.1408,0.1576
1791257542.3277,O,,,,0.62785,0.1442,0.1601
1791257542.3461,R,C,,-69,,,
1791257542.3514,R,A,,-66,,,
1791257542.3663,R,B,,-63,,,
1791257542.4081,O,,,,0.62785,0.1476,0.1626
1791257542.4094,O,,,,0.62785,0.1510,0.1651
1791257542.4102,O,,,,0.62653,0.1543,0.1674
1791257542.4109,O,,,,0.62653,0.1577,0.1699
1791257542.3701,R,B,,-59,,,
1791257542.3966,R,C,,-69,,,
1791257542.4019,R,A,,-65,,,
1791257542.4133,R,B,,-60,,,
1791257542.4161,R,C,,-68,,,
1791257542.4164,R,A,,-57,,,
1791257542.4540,R,B,,-61,,,
1791257542.4816,O,,,,0.62653,0.1611,0.1724
1791257542.4825,O,,,,0.62785,0.1643,0.1747
1791257542.4833,O,,,,0.62653,0.1676,0.1770
1791257542.4840,O,,,,0.62785,0.1708,0.1794
1791257542.4940,R,C,,-73,,,
1791257542.4965,R,C,,-71,,,
1791257542.4991,R,A,,-64,,,
1791257542.5613,O,,,,0.62785,0.1742,0.1819
1791257542.5624,O,,,,0.62785,0.1776,0.1843
1791257542.5633,O,,,,0.62785,0.1810,0.1868
1791257542.5640,O,,,,0.62917,0.1843,0.1892
1791257542.5421,R,A,,-61,,,
1791257542.5432,R,B,,-62,,,
1791257542.5460,R,C,,-64,,,
1791257542.5832,R,B,,-70,,,
1791257542.5850,R,C,,-65,,,
1791257542.5852,R,A,,-64,,,
1791257542.6363,O,,,,0.62917,0.1877,0.1917
1791257542.6373,O,,,,0.63182,0.1911,0.1942
1791257542.6382,O,,,,0.63314,0.1943,0.1965
1791257542.6390,O,,,,0.63579,0.1977,0.1990
1791257542.6298,R,B,,-59,,,
1791257542.6300,R,A,,-60,,,
1791257542.7176,O,,,,0.63711,0.2009,0.2014
1791257542.7184,O,,,,0.63844,0.2045,0.2041
1791257542.7192,O,,,,0.63976,0.2077,0.2064
1791257542.7199,O,,,,0.63976,0.2111,0.2090
1791257542.6897,R,B,,-57,,,
1791257542.7012,R,A,,-56,,,
1791257542.7462,R,C,,-66,,,
1791257542.7519,R,A,,-57,,,
1791257542.7676,R,B,,-62,,,
1791257542.7910,O,,,,0.64109,0.2143,0.2113
1791257542.7920,O,,,,0.64109,0.2177,0.2139
1791257542.7928,O,,,,0.64241,0.2209,0.2162
1791257542.7936,O,,,,0.64241,0.2243,0.2188
1791257542.7967,R,C,,-75,,,
1791257542.7985,R,A,,-63,,,
1791257542.8111,R,B,,-62,,,
1791257542.8113,R,C,,-69,,,
1791257542.8611,O,,,,0.64241,0.2277,0.2213
1791257542.8624,O,,,,0.64373,0.2308,0.2237
1791257542.8632,O,,,,0.64373,0.2342,0.2262
1791257542.8202,R,A,,-67,,,
1791257542.8677,R,B,,-54,,,
1791257542.8961,R,C,,-69,,,
1791257542.9015,R,A,,-57,,,
1791257542.9182,R,B,,-58,,,
1791257542.9184,R,C,,-67,,,
1791257542.9185,R,A,,-61,,,
1791257542.9465,O,,,,0.64373,0.2376,0.2288
1791257542.9476,O,,,,0.64373,0.2410,0.2313
1791257542.9484,O,,,,0.64373,0.2444,0.2339
1791257542.9492,O,,,,0.64373,0.2474,0.2361
1791257542.9663,R,B,,-55,,,
1791257542.9665,R,C,,-62,,,
1791257543.0163,O,,,,0.64373,0.2507,0.2386
1791257543.0174,O,,,,0.64373,0.2541,0.2412
1791257543.0205,O,,,,0.64373,0.2575,0.2437
1791257542.9981,R,B,,-51,,,
1791257543.0014,R,A,,-61,,,
1791257543.0218,O,,,,0.64373,0.2609,0.2463
1791257543.0462,R,C,,-65,,,
1791257543.0520,R,A,,-66,,,
1791257543.0678,R,B,,-49,,,
1791257543.0960,O,,,,0.64373,0.2639,0.2485
1791257543.0969,O,,,,0.64373,0.2673,0.2510
1791257543.0977,O,,,,0.64373,0.2706,0.2536
1791257543.0985,O,,,,0.64373,0.2740,0.2561
1791257543.0834,R,A,,-62,,,
1791257543.0841,R,C,,-60,,,
1791257543.1182,R,B,,-49,,,
1791257543.1296,R,C,,-65,,,
1791257543.1301,R,A,,-61,,,
1791257543.1684,R,B,,-55,,,
1791257543.1762,O,,,,0.64506,0.2772,0.2585
1791257543.1773,O,,,,0.64373,0.2804,0.2609
1791257543.1781,O,,,,0.64373,0.2838,0.2634
1791257543.1789,O,,,,0.64373,0.2872,0.2660
1791257543.1760,R,B,,-51,,,
1791257543.2511,O,,,,0.64373,0.2905,0.2685
1791257543.2520,O,,,,0.64506,0.2937,0.2709
1791257543.2528,O,,,,0.64373,0.2969,0.2733
1791257543.2535,O,,,,0.64373,0.3003,0.2758
1791257543.2276,R,C,,-70,,,
1791257543.2279,R,A,,-66,,,
1791257543.2281,R,B,,-58,,,
1791257543.2731,R,C,,-67,,,
1791257543.2733,R,A,,-67,,,
1791257543.3178,R,B,,-72,,,
1791257543.3229,O,,,,0.64373,0.3037,0.2784
1791257543.3237,O,,,,0.64506,0.3068,0.2807
1791257543.3245,O,,,,0.64373,0.3100,0.2831
1791257543.3361,R,A,,-74,,,
1791257543.3363,R,C,,-67,,,
1791257543.3684,R,B,,-65,,,
1791257543.4011,O,,,,0.64373,0.3134,0.2857
1791257543.4021,O,,,,0.64373,0.3168,0.2882
1791257543.4030,O,,,,0.64373,0.3202,0.2908
1791257543.4038,O,,,,0.64506,0.3234,0.2931
1791257543.3963,R,C,,-70,,,
1791257543.3984,R,A,,-69,,,
1791257543.4126,R,B,,-63,,,
1791257543.4364,R,C,,-69,,,
1791257543.4366,R,A,,-68,,,
1791257543.4531,R,B,,-76,,,
1791257543.4801,O,,,,0.64373,0.3270,0.2958
1791257543.4811,O,,,,0.64373,0.3299,0.2981
1791257543.4820,O,,,,0.64373,0.3333,0.3006
1791257543.4828,O,,,,0.64373,0.3367,0.3032
1791257543.4922,R,C,,-70,,,
1791257543.4948,R,C,,-65,,,
1791257543.5013,R,A,,-67,,,
1791257543.5177,R,B,,-76,,,
1791257543.5561,O,,,,0.64373,0.3401,0.3057
1791257543.5574,O,,,,0.64506,0.3433,0.3081
1791257543.5587,O,,,,0.64373,0.3464,0.3105
1791257543.5599,O,,,,0.64373,0.3498,0.3130
1791257543.5353,R,C,,-62,,,
1791257543.5354,R,A,,-77,,,
1791257543.5359,R,B,,-57,,,
1791257543.5796,R,C,,-60,,,
1791257543.5801,R,A,,-75,,,
1791257543.6179,R,B,,-51,,,
1791257543.6341,O,,,,0.64373,0.3532,0.3155
1791257543.6351,O,,,,0.64373,0.3566,0.3181
1791257543.6359,O,,,,0.64506,0.3598,0.3205
1791257543.6366,O,,,,0.64373,0.3629,0.3229
1791257543.6217,R,C,,-74,,,
1791257543.6514,R,A,,-66,,,
1791257543.7111,O,,,,0.64373,0.3663,0.3254
1791257543.7124,O,,,,0.64373,0.3697,0.3279
1791257543.7136,O,,,,0.64241,0.3729,0.3303
1791257543.7148,O,,,,0.64109,0.3757,0.3324
1791257543.6733,R,C,,-71,,,
1791257543.6734,R,A,,-71,,,
1791257543.7464,R,C,,-65,,,
1791257543.7514,R,A,,-76,,,
1791257543.7605,R,C,,-61,,,
1791257543.7607,R,B,,-70,,,
1791257543.7912,O,,,,0.64241,0.3784,0.3344
1791257543.7926,O,,,,0.63976,0.3814,0.3367
1791257543.7938,O,,,,0.63976,0.3839,0.3386
1791257543.7947,O,,,,0.63844,0.3863,0.3403
1791257543.8019,R,A,,-66,,,
1791257543.8023,R,B,,-49,,,
1791257543.8085,R,C,,-66,,,
1791257543.8611,O,,,,0.63711,0.3886,0.3420
1791257543.8625,O,,,,0.63711,0.3907,0.3436
1791257543.8637,O,,,,0.63579,0.3927,0.3450
1791257543.8448,R,C,,-65,,,
1791257543.8452,R,A,,-70,,,
1791257543.8557,R,B,,-48,,,
1791257543.8922,R,C,,-62,,,
1791257543.8929,R,B,,-47,,,
1791257543.9022,R,A,,-63,,,
1791257543.9372,O,,,,0.63447,0.3941,0.3461
1791257543.9387,O,,,,0.63314,0.3956,0.3472
1791257543.9399,O,,,,0.63182,0.3971,0.3483
1791257543.9408,O,,,,0.63050,0.3982,0.3491
1791257543.9463,R,C,,-61,,,
1791257543.9491,R,B,,-55,,,
1791257543.9519,R,A,,-65,,,
1791257544.0163,O,,,,0.62917,0.3993,0.3499
1791257544.0174,O,,,,0.62917,0.4001,0.3505
1791257544.0183,O,,,,0.62653,0.4010,0.3511
1791257544.0193,O,,,,0.62653,0.4014,0.3514
1791257543.9802,R,A,,-69,,,
1791257543.9970,R,C,,-74,,,
1791257544.0180,R,B,,-52,,,
1791257544.0474,R,C,,-63,,,
1791257544.0515,R,A,,-67,,,
1791257544.0560,R,B,,-52,,,
1791257544.0656,R,A,,-70,,,
1791257544.0659,R,C,,-64,,,
1791257544.0660,R,B,,-59,,,
1791257544.0961,O,,,,0.62520,0.4021,0.3519
1791257544.0974,O,,,,0.62520,0.4025,0.3522
1791257544.0987,O,,,,0.62520,0.4025,0.3522
1791257544.0999,O,,,,0.62520,0.4029,0.3525
1791257544.1075,R,B,,-62,,,
1791257544.1463,R,C,,-67,,,
1791257544.1482,R,A,,-71,,,
1791257544.1509,R,A,,-74,,,
1791257544.1570,R,C,,-70,,,
1791257544.1574,R,B,,-59,,,
1791257544.1717,O,,,,0.62520,0.4029,0.3525
1791257544.1730,O,,,,0.62520,0.4029,0.3525
1791257544.1743,O,,,,0.62520,0.4029,0.3525
1791257544.1754,O,,,,0.62520,0.4029,0.3525
1791257544.1937,R,C,,-65,,,
1791257544.1949,R,B,,-58,,,
1791257544.2014,R,A,,-84,,,
1791257544.2512,O,,,,0.62520,0.4029,0.3525
1791257544.2526,O,,,,0.62520,0.4029,0.3525
1791257544.2538,O,,,,0.62520,0.4029,0.3525
1791257544.2551,O,,,,0.62255,0.4033,0.3528
1791257544.2385,R,B,,-61,,,
1791257544.2398,R,A,,-74,,,
1791257544.2400,R,C,,-59,,,
1791257544.2826,R,A,,-92,,,
1791257544.2831,R,B,,-53,,,
1791257544.2963,R,C,,-64,,,
1791257544.3213,O,,,,0.61991,0.4038,0.3531
1791257544.3221,O,,,,0.61726,0.4046,0.3537
1791257544.3228,O,,,,0.61329,0.4053,0.3542
1791257544.3335,R,B,,-50,,,
1791257544.3962,O,,,,0.61197,0.4059,0.3547
1791257544.3977,O,,,,0.60932,0.4068,0.3553
1791257544.3993,O,,,,0.60799,0.4079,0.3560
1791257544.4008,O,,,,0.60535,0.4088,0.3566
1791257544.3808,R,C,,-56,,,
1791257544.3811,R,A,,-72,,,
1791257544.4172,R,B,,-52,,,
1791257544.4238,R,A,,-81,,,
1791257544.4464,R,C,,-69,,,
1791257544.4648,R,B,,-54,,,
1791257544.4784,O,,,,0.60402,0.4099,0.3574
1791257544.4798,O,,,,0.60402,0.4107,0.3580
1791257544.4811,O,,,,0.60270,0.4118,0.3587
1791257544.4822,O,,,,0.60138,0.4133,0.3598
1791257544.4883,R,C,,-72,,,
1791257544.4918,R,A,,-85,,,
1791257544.5181,R,B,,-49,,,
1791257544.5512,O,,,,0.59873,0.4147,0.3607
1791257544.5535,O,,,,0.59873,0.4160,0.3616
1791257544.5547,O,,,,0.59741,0.4175,0.3626
1791257544.5559,O,,,,0.59741,0.4192,0.3638
1791257544.5465,R,C,,-61,,,
1791257544.5524,R,A,,-72,,,
1791257544.5685,R,B,,-58,,,
1791257544.5915,R,C,,-63,,,
1791257544.5921,R,A,,-82,,,
1791257544.6321,O,,,,0.59608,0.4212,0.3652
1791257544.6330,O,,,,0.59476,0.4232,0.3665
1791257544.6344,O,,,,0.59343,0.4252,0.3678
1791257544.6352,O,,,,0.59343,0.4274,0.3693
1791257544.6557,R,B,,-50,,,
1791257544.6558,R,C,,-60,,,
1791257544.7114,O,,,,0.59343,0.4296,0.3708
1791257544.7126,O,,,,0.59211,0.4320,0.3724
1791257544.7134,O,,,,0.59211,0.4346,0.3742
1791257544.7142,O,,,,0.59079,0.4370,0.3758
1791257544.6943,R,A,,-67,,,
1791257544.6950,R,B,,-64,,,
1791257544.6961,R,C,,-59,,,
1791257544.7017,R,A,,-67,,,
1791257544.7412,R,C,,-64,,,
1791257544.7521,R,A,,-79,,,
1791257544.7592,R,B,,-56,,,
1791257544.7812,O,,,,0.59079,0.4397,0.3776
1791257544.7835,O,,,,0.59079,0.4427,0.3796
1791257544.7843,O,,,,0.59079,0.4454,0.3814
1791257544.7917,R,B,,-50,,,
1791257544.7961,R,C,,-60,,,
1791257544.8562,O,,,,0.58946,0.4487,0.3836
1791257544.8577,O,,,,0.58946,0.4518,0.3857
1791257544.8590,O,,,,0.58946,0.4548,0.3877
1791257544.8602,O,,,,0.58814,0.4581,0.3899
1791257544.8465,R,C,,-59,,,
1791257544.8525,R,A,,-70,,,
1791257544.8680,R,B,,-58,,,
1791257544.8822,R,C,,-69,,,
1791257544.8831,R,B,,-57,,,
1791257544.8997,R,A,,-71,,,
1791257544.9368,O,,,,0.58946,0.4614,0.3921
1791257544.9381,O,,,,0.58814,0.4647,0.3944
1791257544.9389,O,,,,0.58946,0.4680,0.3966
1791257544.9404,O,,,,0.58946,0.4716,0.3989
1791257544.9312,R,C,,-61,,,
1791257544.9314,R,A,,-72,,,
1791257544.9656,R,B,,-55,,,
1791257545.0119,O,,,,0.58946,0.4746,0.4010
1791257545.0128,O,,,,0.58946,0.4782,0.4033
1791257545.0136,O,,,,0.58946,0.4817,0.4057
1791257545.0145,O,,,,0.58946,0.4852,0.4080
1791257544.9789,R,C,,-67,,,
1791257545.0001,R,B,,-53,,,
1791257545.0017,R,A,,-79,,,
1791257545.0247,R,A,,-79,,,
1791257545.0409,R,C,,-68,,,
1791257545.0416,R,B,,-49,,,
1791257545.0911,O,,,,0.58814,0.4885,0.4102
1791257545.0924,O,,,,0.58946,0.4918,0.4124
1791257545.0936,O,,,,0.58946,0.4953,0.4148
1791257545.0947,O,,,,0.58946,0.4989,0.4172
1791257545.0931,R,A,,-74,,,
1791257545.0972,R,C,,-62,,,
1791257545.1022,R,B,,-54,,,
1791257545.1222,R,C,,-64,,,
1791257545.1522,R,A,,-74,,,
1791257545.1670,R,C,,-63,,,
1791257545.1674,R,B,,-55,,,
1791257545.1675,R,A,,-78,,,
1791257545.1716,O,,,,0.58946,0.5024,0.4195
1791257545.1729,O,,,,0.58946,0.5059,0.4219
1791257545.1741,O,,,,0.59079,0.5092,0.4241
1791257545.1753,O,,,,0.58946,0.5125,0.4263
1791257545.2121,R,C,,-58,,,
1791257545.2123,R,B,,-51,,,
1791257545.2459,O,,,,0.58946,0.5160,0.4286
1791257545.2469,O,,,,0.58946,0.5195,0.4310
1791257545.2477,O,,,,0.58946,0.5231,0.4334
1791257545.2485,O,,,,0.58946,0.5261,0.4354
1791257545.2387,R,A,,-83,,,
1791257545.2528,R,B,,-55,,,
1791257545.3161,O,,,,0.58946,0.5297,0.4378
1791257545.3176,O,,,,0.58946,0.5332,0.4401
1791257545.3188,O,,,,0.58946,0.5367,0.4425
1791257545.2943,R,C,,-62,,,
1791257545.2971,R,C,,-64,,,
1791257545.3021,R,A,,-82,,,
1791257545.3078,R,B,,-68,,,
1791257545.3475,R,C,,-68,,,
1791257545.3526,R,A,,-75,,,
1791257545.3685,R,B,,-60,,,
1791257545.3960,O,,,,0.59079,0.5400,0.4447
1791257545.3969,O,,,,0.58946,0.5433,0.4469
1791257545.3978,O,,,,0.58946,0.5468,0.4493
1791257545.3986,O,,,,0.58946,0.5503,0.4516
1791257545.3973,R,C,,-72,,,
1791257545.4023,R,A,,-77,,,
1791257545.4166,R,B,,-67,,,
1791257545.4299,R,B,,-61,,,
1791257545.4319,R,C,,-69,,,
1791257545.4365,R,A,,-79,,,
1791257545.4778,O,,,,0.59079,0.5536,0.4538
1791257545.4791,O,,,,0.58946,0.5569,0.4560
1791257545.4800,O,,,,0.58946,0.5605,0.4584
1791257545.4808,O,,,,0.58946,0.5640,0.4607
1791257545.4785,R,A,,-76,,,
1791257545.4787,R,C,,-68,,,
1791257545.4953,R,B,,-61,,,
1791257545.5512,O,,,,0.58946,0.5675,0.4631
1791257545.5535,O,,,,0.59079,0.5708,0.4653
1791257545.5547,O,,,,0.59079,0.5743,0.4677
1791257545.5556,O,,,,0.58946,0.5776,0.4699
1791257545.5227,R,C,,-72,,,
1791257545.5527,R,A,,-77,,,
1791257545.5621,R,B,,-71,,,
1791257545.5648,R,B,,-61,,,
1791257545.5742,R,C,,-68,,,
1791257545.5747,R,A,,-81,,,
1791257545.6117,R,B,,-64,,,
1791257545.6317,O,,,,0.58946,0.5811,0.4722
1791257545.6326,O,,,,0.58946,0.5847,0.4746
1791257545.6333,O,,,,0.59079,0.5880,0.4768
1791257545.6342,O,,,,0.59079,0.5915,0.4791
1791257545.6466,R,C,,-68,,,
1791257545.6519,R,A,,-82,,,
1791257545.6540,R,B,,-65,,,
1791257545.7061,O,,,,0.58946,0.5948,0.4814
1791257545.7070,O,,,,0.58946,0.5983,0.4837
1791257545.7078,O,,,,0.59079,0.6016,0.4859
1791257545.7085,O,,,,0.59079,0.6051,0.4883
1791257545.6926,R,C,,-73,,,
1791257545.6955,R,C,,-74,,,
1791257545.7024,R,A,,-78,,,
1791257545.7047,R,B,,-62,,,
1791257545.7352,R,B,,-65,,,
1791257545.7356,R,C,,-72,,,
1791257545.7370,R,A,,-75,,,
1791257545.7759,O,,,,0.58946,0.6084,0.4905
1791257545.7768,O,,,,0.58946,0.6119,0.4928
1791257545.7776,O,,,,0.58946,0.6155,0.4952
1791257545.7844,R,C,,-70,,,
1791257545.7855,R,A,,-90,,,
1791257545.8561,O,,,,0.58946,0.6190,0.4976
1791257545.8570,O,,,,0.59079,0.6223,0.4998
1791257545.8577,O,,,,0.59079,0.6258,0.5021
1791257545.8585,O,,,,0.58946,0.6291,0.5043
1791257545.8201,R,B,,-72,,,
1791257545.8381,R,C,,-78,,,
1791257545.8384,R,A,,-81,,,
1791257545.8388,R,B,,-67,,,
1791257545.8973,R,C,,-82,,,
1791257545.9019,R,A,,-80,,,
1791257545.9321,O,,,,0.58946,0.6326,0.5067
1791257545.9334,O,,,,0.58946,0.6361,0.5090
1791257545.9347,O,,,,0.58946,0.6397,0.5114
1791257545.9365,O,,,,0.59079,0.6430,0.5136
1791257545.9382,R,C,,-71,,,
1791257545.9384,R,A,,-77,,,
1791257545.9609,R,B,,-71,,,
1791257546.0126,O,,,,0.58946,0.6463,0.5158
1791257546.0141,O,,,,0.58946,0.6498,0.5182
1791257546.0153,O,,,,0.58946,0.6533,0.5205
1791257546.0165,O,,,,0.59079,0.6566,0.5227
1791257545.9756,R,C,,-73,,,
1791257545.9766,R,A,,-99,,,
1791257546.0146,R,C,,-71,,,
1791257546.0147,R,B,,-65,,,
1791257546.0520,R,A,,-75,,,
1791257546.0683,R,B,,-63,,,
1791257546.0911,O,,,,0.59079,0.6601,0.5251
1791257546.0924,O,,,,0.58946,0.6634,0.5273
1791257546.0936,O,,,,0.58946,0.6669,0.5297
1791257546.0948,O,,,,0.58946,0.6705,0.5320
1791257546.0810,R,C,,-85,,,
1791257546.0990,R,A,,-91,,,
1791257546.1190,R,B,,-62,,,
1791257546.1667,O,,,,0.59079,0.6738,0.5342
1791257546.1692,O,,,,0.58946,0.6771,0.5364
1791257546.1704,O,,,,0.58946,0.6806,0.5388
1791257546.1462,R,A,,-84,,,
1791257546.1469,R,C,,-75,,,
1791257546.1480,R,B,,-58,,,
1791257546.1717,O,,,,0.58946,0.6841,0.5411
1791257546.1963,R,C,,-69,,,
1791257546.2020,R,A,,-76,,,
1791257546.2184,R,B,,-68,,,
1791257546.2461,O,,,,0.58946,0.6876,0.5435
1791257546.2475,O,,,,0.58946,0.6911,0.5459
1791257546.2495,O,,,,0.58946,0.6942,0.5479
1791257546.2507,O,,,,0.58946,0.6977,0.5503
1791257546.2467,R,C,,-86,,,
1791257546.2502,R,A,,-82,,,
1791257546.2507,R,B,,-61,,,
1791257546.3161,O,,,,0.58946,0.7013,0.5526
1791257546.3174,O,,,,0.59079,0.7046,0.5548
1791257546.3186,O,,,,0.59079,0.7081,0.5572
1791257546.2809,R,A,,-76,,,
1791257546.2893,R,B,,-59,,,
1791257546.3475,R,C,,-72,,,
1791257546.3615,R,B,,-70,,,
1791257546.3620,R,A,,-78,,,
1791257546.3622,R,C,,-76,,,
1791257546.3912,O,,,,0.58946,0.7114,0.5594
1791257546.3936,O,,,,0.58946,0.7149,0.5618
1791257546.3946,O,,,,0.58946,0.7184,0.5641
1791257546.3954,O,,,,0.58946,0.7219,0.5665
1791257546.4051,R,B,,-63,,,
1791257546.4589,R,B,,-67,,,
1791257546.4591,R,A,,-77,,,
1791257546.4788,O,,,,0.59079,0.7252,0.5687
1791257546.4802,O,,,,0.58946,0.7285,0.5709
1791257546.4815,O,,,,0.58946,0.7321,0.5732
1791257546.4825,O,,,,0.58946,0.7356,0.5756
1791257546.5021,R,A,,-76,,,
1791257546.5463,O,,,,0.58946,0.7391,0.5779
1791257546.5474,O,,,,0.59079,0.7424,0.5802
1791257546.5483,O,,,,0.58946,0.7457,0.5824
1791257546.5492,O,,,,0.58946,0.7492,0.5847
1791257546.5201,R,B,,-66,,,
1791257546.5441,R,B,,-63,,,
1791257546.5468,R,C,,-78,,,
1791257546.5531,R,A,,-89,,,
1791257546.5940,R,B,,-67,,,
1791257546.6263,O,,,,0.58946,0.7527,0.5871
1791257546.6274,O,,,,0.58946,0.7563,0.5894
1791257546.6283,O,,,,0.59079,0.7596,0.5916
1791257546.6291,O,,,,0.59079,0.7631,0.5940
1791257546.6475,R,C,,-74,,,
1791257546.6521,R,A,,-77,,,
1791257546.6626,R,B,,-68,,,
1791257546.7065,O,,,,0.58946,0.7664,0.5962
1791257546.7076,O,,,,0.58946,0.7699,0.5986
1791257546.7085,O,,,,0.59079,0.7732,0.6008
1791257546.7093,O,,,,0.59079,0.7767,0.6031
1791257546.6976,R,C,,-77,,,
1791257546.7029,R,A,,-79,,,
1791257546.7185,R,B,,-70,,,
1791257546.7761,O,,,,0.58946,0.7800,0.6053
1791257546.7771,O,,,,0.58946,0.7835,0.6077
1791257546.7780,O,,,,0.58946,0.7871,0.6101
1791257546.7700,R,B,,-66,,,
1791257546.7822,R,B,,-72,,,
1791257546.7837,R,C,,-70,,,
1791257546.7839,R,A,,-77,,,
1791257546.8512,O,,,,0.58946,0.7906,0.6124
1791257546.8522,O,,,,0.59079,0.7939,0.6146
1791257546.8532,O,,,,0.59079,0.7974,0.6170
1791257546.8546,O,,,,0.58946,0.8007,0.6192
1791257546.8292,R,C,,-72,,,
1791257546.8295,R,A,,-81,,,
1791257546.8579,R,B,,-75,,,
1791257546.9164,R,B,,-68,,,
1791257546.9320,O,,,,0.58946,0.8042,0.6215
1791257546.9334,O,,,,0.59079,0.8075,0.6238
1791257546.9346,O,,,,0.59079,0.8110,0.6261
1791257546.9358,O,,,,0.58946,0.8143,0.6283
1791257546.9310,R,A,,-82,,,
1791257546.9313,R,C,,-72,,,
1791257546.9688,R,B,,-76,,,
1791257547.0122,O,,,,0.58946,0.8179,0.6307
1791257547.0132,O,,,,0.58946,0.8214,0.6330
1791257547.0141,O,,,,0.59079,0.8247,0.6352
1791257547.0148,O,,,,0.59079,0.8282,0.6376
1791257546.9799,R,A,,-89,,,
1791257546.9801,R,C,,-83,,,
1791257547.0067,R,B,,-69,,,
1791257547.0561,R,B,,-67,,,
1791257547.0631,R,A,,-91,,,
1791257547.0859,O,,,,0.59079,0.8317,0.6400
1791257547.0869,O,,,,0.58946,0.8350,0.6422
1791257547.0878,O,,,,0.58946,0.8385,0.6445
1791257547.0887,O,,,,0.58946,0.8421,0.6469
1791257547.0988,R,B,,-82,,,
1791257547.1025,R,A,,-85,,,
1791257547.1659,O,,,,0.59079,0.8454,0.6491
1791257547.1675,O,,,,0.59079,0.8489,0.6514
1791257547.1684,O,,,,0.59079,0.8524,0.6538
1791257547.1693,O,,,,0.58946,0.8557,0.6560
1791257547.1442,R,A,,-86,,,
1791257547.1471,R,C,,-86,,,
1791257547.1685,R,B,,-65,,,
1791257547.1902,R,A,,-85,,,
1791257547.1909,R,C,,-72,,,
1791257547.1913,R,B,,-65,,,
1791257547.2414,O,,,,0.58946,0.8592,0.6584
1791257547.2424,O,,,,0.58946,0.8627,0.6607
1791257547.2433,O,,,,0.58946,0.8663,0.6631
1791257547.2440,O,,,,0.59079,0.8695,0.6653
1791257547.2469,R,C,,-74,,,
1791257547.2525,R,A,,-80,,,
1791257547.3109,O,,,,0.59079,0.8731,0.6676
1791257547.3119,O,,,,0.58946,0.8764,0.6699
1791257547.3127,O,,,,0.58946,0.8799,0.6722
1791257547.2701,R,B,,-72,,,
1791257547.2904,R,C,,-84,,,
1791257547.2907,R,A,,-82,,,
1791257547.2910,R,B,,-62,,,
1791257547.3310,R,C,,-73,,,
1791257547.3318,R,B,,-58,,,
1791257547.3321,R,A,,-97,,,
1791257547.3675,R,A,,-83,,,
1791257547.3676,R,B,,-61,,,
1791257547.3678,R,C,,-67,,,
1791257547.3911,O,,,,0.58946,0.8834,0.6746
1791257547.3929,O,,,,0.59079,0.8867,0.6768
1791257547.3937,O,,,,0.59079,0.8902,0.6791
1791257547.3945,O,,,,0.58946,0.8935,0.6813
1791257547.4191,R,B,,-64,,,
1791257547.4660,O,,,,0.58946,0.8970,0.6837
1791257547.4670,O,,,,0.58946,0.9006,0.6861
1791257547.4679,O,,,,0.59079,0.9039,0.6883
1791257547.4691,O,,,,0.58946,0.9072,0.6905
1791257547.4472,R,C,,-80,,,
1791257547.4507,R,A,,-81,,,
1791257547.4535,R,A,,-81,,,
1791257547.4676,R,C,,-67,,,
1791257547.4682,R,B,,-61,,,
1791257547.5026,R,A,,-91,,,
1791257547.5186,R,B,,-60,,,
1791257547.5452,O,,,,0.58946,0.9107,0.6928
1791257547.5462,O,,,,0.58946,0.9142,0.6952
1791257547.5471,O,,,,0.58946,0.9177,0.6975
1791257547.5479,O,,,,0.58946,0.9208,0.6996
1791257547.5416,R,C,,-67,,,
1791257547.5439,R,C,,-67,,,
1791257547.5531,R,A,,-84,,,
1791257547.5703,R,B,,-64,,,
1791257547.5976,R,C,,-65,,,
1791257547.6004,R,A,,-78,,,
1791257547.6006,R,B,,-68,,,
1791257547.6261,O,,,,0.58946,0.9243,0.7020
1791257547.6283,O,,,,0.58946,0.9279,0.7043
1791257547.6295,O,,,,0.59079,0.9312,0.7065
1791257547.6304,O,,,,0.59079,0.9347,0.7089
1791257547.6314,R,A,,-83,,,
1791257547.6466,R,C,,-70,,,
1791257547.6473,R,B,,-59,,,
1791257547.7013,O,,,,0.58946,0.9380,0.7111
1791257547.7025,O,,,,0.58946,0.9415,0.7134
1791257547.7038,O,,,,0.58946,0.9450,0.7158
1791257547.7049,O,,,,0.58946,0.9485,0.7182
1791257547.6802,R,C,,-66,,,
1791257547.7022,R,A,,-86,,,
1791257547.7042,R,B,,-68,,,
1791257547.7212,R,C,,-86,,,
1791257547.7368,R,A,,-76,,,
1791257547.7710,O,,,,0.59079,0.9518,0.7204
1791257547.7719,O,,,,0.58946,0.9551,0.7226
1791257547.7727,O,,,,0.58946,0.9586,0.7249
1791257547.7978,R,C,,-71,,,
1791257547.8031,R,A,,-76,,,
1791257547.8142,R,B,,-63,,,
1791257547.8143,R,C,,-65,,,
1791257547.8145,R,A,,-84,,,
1791257547.8511,O,,,,0.58946,0.9622,0.7273
1791257547.8521,O,,,,0.59079,0.9655,0.7295
1791257547.8529,O,,,,0.59079,0.9690,0.7318
1791257547.8537,O,,,,0.58946,0.9723,0.7341
1791257547.8526,R,A,,-84,,,
1791257547.8688,R,B,,-67,,,
1791257547.8768,R,C,,-70,,,
1791257547.8955,R,A,,-84,,,
1791257547.8966,R,B,,-67,,,
1791257547.8975,R,C,,-68,,,
1791257547.9261,O,,,,0.58946,0.9758,0.7364
1791257547.9271,O,,,,0.58946,0.9793,0.7388
1791257547.9280,O,,,,0.59079,0.9826,0.7410
1791257547.9288,O,,,,0.59079,0.9861,0.7433
1791257547.9479,R,C,,-66,,,
1791257547.9524,R,A,,-82,,,
1791257548.0101,O,,,,0.59079,0.9897,0.7457
1791257548.0111,O,,,,0.58946,0.9930,0.7479
1791257548.0121,O,,,,0.58946,0.9965,0.7503
1791257548.0128,O,,,,0.59079,0.9998,0.7525
1791257547.9702,R,B,,-64,,,
1791257547.9978,R,C,,-64,,,
1791257548.0029,R,A,,-82,,,
1791257548.0153,R,B,,-69,,,
1791257548.0258,R,B,,-65,,,
1791257548.0478,R,C,,-70,,,
1791257548.0531,R,A,,-76,,,
1791257548.0863,O,,,,0.59079,1.0033,0.7548
1791257548.0876,O,,,,0.59079,1.0068,0.7572
1791257548.0885,O,,,,0.59079,1.0103,0.7595
1791257548.0895,O,,,,0.58946,1.0136,0.7618
1791257548.0841,R,C,,-66,,,
1791257548.0843,R,A,,-78,,,
1791257548.1189,R,B,,-58,,,
1791257548.1611,O,,,,0.59079,1.0169,0.7640
1791257548.1621,O,,,,0.59079,1.0205,0.7663
1791257548.1629,O,,,,0.59079,1.0240,0.7687
1791257548.1637,O,,,,0.59079,1.0275,0.7710
1791257548.1279,R,C,,-63,,,
1791257548.1524,R,A,,-78,,,
1791257548.1576,R,B,,-65,,,
1791257548.1597,R,C,,-73,,,
1791257548.1952,R,A,,-85,,,
1791257548.2188,R,B,,-59,,,
1791257548.2413,O,,,,0.58946,1.0308,0.7733
1791257548.2423,O,,,,0.58946,1.0343,0.7756
1791257548.2431,O,,,,0.59079,1.0376,0.7778
1791257548.2439,O,,,,0.59079,1.0411,0.7802
1791257548.2458,R,B,,-60,,,
1791257548.2461,R,A,,-83,,,
1791257548.3114,O,,,,0.59079,1.0446,0.7825
1791257548.3127,O,,,,0.58946,1.0479,0.7847
1791257548.3139,O,,,,0.58946,1.0515,0.7871
1791257548.3473,R,C,,-72,,,
1791257548.3687,R,B,,-59,,,
1791257548.3860,O,,,,0.59079,1.0548,0.7893
1791257548.3870,O,,,,0.59079,1.0583,0.7917
1791257548.3877,O,,,,0.59079,1.0618,0.7940
1791257548.3885,O,,,,0.58946,1.0651,0.7962
1791257548.3979,R,C,,-74,,,
1791257548.4025,R,A,,-83,,,
1791257548.4660,O,,,,0.58946,1.0686,0.7986
1791257548.4671,O,,,,0.58946,1.0721,0.8010
1791257548.4679,O,,,,0.59079,1.0754,0.8032
1791257548.4687,O,,,,0.59079,1.0790,0.8055
1791257548.4204,R,B,,-61,,,
1791257548.4292,R,B,,-73,,,
1791257548.4306,R,C,,-65,,,
1791257548.4310,R,A,,-80,,,
1791257548.4663,R,B,,-67,,,
1791257548.4749,R,C,,-69,,,
1791257548.4751,R,A,,-89,,,
1791257548.5084,R,B,,-62,,,
1791257548.5408,O,,,,0.58946,1.0823,0.8077
1791257548.5417,O,,,,0.58946,1.0858,0.8101
1791257548.5426,O,,,,0.58946,1.0893,0.8124
1791257548.5434,O,,,,0.59079,1.0926,0.8146
1791257548.5438,R,C,,-65,,,
1791257548.5445,R,A,,-87,,,
1791257548.5504,R,B,,-59,,,
1791257548.5531,R,A,,-89,,,
1791257548.6216,O,,,,0.59079,1.0961,0.8170
1791257548.5912,R,C,,-60,,,
1791257548.5916,R,A,,-74,,,
1791257548.6226,O,,,,0.58946,1.0994,0.8192
1791257548.6234,O,,,,0.58946,1.1029,0.8216
1791257548.6242,O,,,,0.58946,1.1065,0.8239
1791257548.6203,R,B,,-67,,,
1791257548.6473,R,C,,-68,,,
1791257548.6476,R,A,,-94,,,
1791257548.6478,R,B,,-63,,,
1791257548.7008,O,,,,0.59079,1.1098,0.8261
1791257548.7018,O,,,,0.59079,1.1133,0.8285
1791257548.7027,O,,,,0.59079,1.1168,0.8309
1791257548.7034,O,,,,0.59211,1.1201,0.8331
1791257548.6974,R,C,,-68,,,
1791257548.7021,R,B,,-58,,,
1791257548.7212,R,C,,-73,,,
1791257548.7526,R,A,,-82,,,
1791257548.7634,R,B,,-74,,,
1791257548.7638,R,C,,-69,,,
1791257548.7647,R,A,,-83,,,
1791257548.7716,O,,,,0.59211,1.1232,0.8351
1791257548.7726,O,,,,0.59211,1.1267,0.8375
1791257548.7733,O,,,,0.59211,1.1302,0.8399
1791257548.8188,R,B,,-63,,,
1791257548.8459,O,,,,0.59211,1.1333,0.8419
1791257548.8469,O,,,,0.59211,1.1368,0.8443
1791257548.8477,O,,,,0.59211,1.1403,0.8467
1791257548.8485,O,,,,0.59211,1.1438,0.8490
1791257548.8474,R,C,,-69,,,
1791257548.8544,R,B,,-59,,,
1791257548.8561,R,C,,-64,,,
1791257548.8979,R,C,,-61,,,
1791257548.8980,R,A,,-84,,,
1791257548.9259,O,,,,0.59211,1.1473,0.8514
1791257548.9269,O,,,,0.59211,1.1508,0.8538
1791257548.9277,O,,,,0.59211,1.1544,0.8561
1791257548.9285,O,,,,0.59211,1.1579,0.8585
1791257548.9201,R,B,,-64,,,
1791257548.9480,R,C,,-75,,,
1791257548.9526,R,A,,-86,,,
1791257548.9613,R,B,,-64,,,
1791257549.0009,O,,,,0.59211,1.1614,0.8608
1791257549.0027,O,,,,0.59211,1.1649,0.8632
1791257549.0040,O,,,,0.59211,1.1684,0.8656
1791257549.0048,O,,,,0.59211,1.1715,0.8676
1791257548.9876,R,A,,-76,,,
1791257548.9882,R,B,,-60,,,
1791257548.9981,R,C,,-69,,,
1791257549.0323,R,C,,-64,,,
1791257549.0352,R,B,,-74,,,
1791257549.0806,O,,,,0.59211,1.1750,0.8700
1791257549.0816,O,,,,0.59211,1.1785,0.8724
1791257549.0826,O,,,,0.59079,1.1818,0.8746
1791257549.0835,O,,,,0.59079,1.1853,0.8769
1791257549.0772,R,C,,-70,,,
1791257549.0781,R,A,,-81,,,
1791257549.1618,O,,,,0.59211,1.1886,0.8792
1791257549.1634,O,,,,0.59079,1.1919,0.8814
1791257549.1643,O,,,,0.59079,1.1954,0.8837
1791257549.1651,O,,,,0.59079,1.1990,0.8861
1791257549.1251,R,C,,-73,,,
1791257549.1255,R,A,,-85,,,
1791257549.1703,R,B,,-65,,,
1791257549.2274,O,,,,0.58946,1.2023,0.8883
1791257549.2283,O,,,,0.59079,1.2060,0.8908
1791257549.2293,O,,,,0.58946,1.2093,0.8930
1791257549.2302,O,,,,0.59079,1.2126,0.8952
1791257549.2204,R,B,,-67,,,
1791257549.2471,R,A,,-87,,,
1791257549.2472,R,C,,-72,,,
1791257549.2599,R,B,,-64,,,
1791257549.3063,O,,,,0.59079,1.2161,0.8976
1791257549.3073,O,,,,0.58946,1.2194,0.8998
1791257549.3081,O,,,,0.59079,1.2227,0.9020
1791257549.2984,R,C,,-66,,,
1791257549.3046,R,B,,-74,,,
1791257549.3071,R,C,,-61,,,
1791257549.3500,R,A,,-84,,,
1791257549.3859,O,,,,0.59079,1.2262,0.9044
1791257549.3868,O,,,,0.59079,1.2293,0.9064
1791257549.3876,O,,,,0.59079,1.2324,0.9085
1791257549.3883,O,,,,0.59079,1.2355,0.9106
1791257549.3702,R,B,,-72,,,
1791257549.3968,R,B,,-62,,,
1791257549.3974,R,C,,-69,,,
1791257549.4028,R,A,,-75,,,
1791257549.4615,O,,,,0.59079,1.2385,0.9126
1791257549.4624,O,,,,0.59079,1.2416,0.9147
1791257549.4631,O,,,,0.59079,1.2443,0.9165
1791257549.4639,O,,,,0.59079,1.2473,0.9185
1791257549.4482,R,C,,-67,,,
1791257549.4536,R,A,,-83,,,
1791257549.4704,R,B,,-61,,,
1791257549.4808,R,B,,-72,,,
1791257549.4819,R,C,,-64,,,
1791257549.5035,R,A,,-81,,,
1791257549.5426,O,,,,0.59211,1.2498,0.9201
1791257549.5443,O,,,,0.59211,1.2524,0.9219
1791257549.5451,O,,,,0.59079,1.2548,0.9235
1791257549.5458,O,,,,0.59211,1.2572,0.9252
1791257549.5201,R,B,,-85,,,
1791257549.5214,R,C,,-72,,,
1791257549.5599,R,B,,-72,,,
1791257549.5656,R,C,,-67,,,
1791257549.5850,R,A,,-81,,,
1791257549.6075,R,B,,-68,,,
1791257549.6215,O,,,,0.59079,1.2596,0.9268
1791257549.6227,O,,,,0.59211,1.2621,0.9284
1791257549.6239,O,,,,0.59211,1.2643,0.9299
1791257549.6251,O,,,,0.59211,1.2665,0.9314
1791257549.6475,R,C,,-64,,,
1791257549.6488,R,A,,-83,,,
1791257549.6517,R,A,,-78,,,
1791257549.6544,R,B,,-82,,,
1791257549.6959,O,,,,0.59211,1.2687,0.9328
1791257549.6969,O,,,,0.59343,1.2706,0.9342
1791257549.6977,O,,,,0.59211,1.2726,0.9355
1791257549.6985,O,,,,0.59343,1.2746,0.9368
1791257549.6937,R,C,,-69,,,
1791257549.6980,R,A,,-81,,,
1791257549.6984,R,B,,-68,,,
1791257549.7662,O,,,,0.59343,1.2763,0.9380
1791257549.7674,O,,,,0.59211,1.2783,0.9394
1791257549.7686,O,,,,0.59343,1.2803,0.9407
1791257549.7535,R,A,,-78,,,
1791257549.7701,R,B,,-64,,,
1791257549.7900,R,B,,-72,,,
1791257549.7916,R,A,,-74,,,
1791257549.7917,R,C,,-61,,,
1791257549.8467,O,,,,0.59211,1.2818,0.9417
1791257549.8476,O,,,,0.59343,1.2834,0.9428
1791257549.8484,O,,,,0.59211,1.2849,0.9438
1791257549.8492,O,,,,0.59211,1.2862,0.9447
1791257549.8209,R,C,,-61,,,
1791257549.8214,R,A,,-75,,,
1791257549.8701,R,B,,-61,,,
1791257549.8977,R,C,,-59,,,
1791257549.9029,R,A,,-72,,,
1791257549.9209,O,,,,0.59211,1.2871,0.9453
1791257549.9217,O,,,,0.59079,1.2882,0.9460
1791257549.9225,O,,,,0.59079,1.2891,0.9466
1791257549.9233,O,,,,0.59079,1.2895,0.9469
1791257549.9545,R,B,,-67,,,
1791257550.0009,O,,,,0.59079,1.2904,0.9475
1791257550.0019,O,,,,0.58946,1.2906,0.9476
1791257550.0027,O,,,,0.58946,1.2911,0.9479
1791257550.0034,O,,,,0.58946,1.2911,0.9479
1791257549.9941,R,C,,-61,,,
1791257549.9969,R,C,,-63,,,
1791257550.0034,R,A,,-73,,,
1791257550.0202,R,B,,-64,,,
1791257550.0534,R,A,,-72,,,
1791257550.0769,O,,,,0.58946,1.2911,0.9479
1791257550.0781,O,,,,0.58946,1.2911,0.9479
1791257550.0789,O,,,,0.58946,1.2911,0.9479
1791257550.0797,O,,,,0.58946,1.2911,0.9479
1791257550.0702,R,B,,-58,,,
1791257550.0900,R,B,,-65,,,
1791257550.0942,R,A,,-83,,,
1791257550.0978,R,C,,-63,,,
1791257550.1562,O,,,,0.58946,1.2911,0.9479
1791257550.1575,O,,,,0.58946,1.2911,0.9479
1791257550.1587,O,,,,0.58946,1.2911,0.9479
1791257550.1598,O,,,,0.58946,1.2911,0.9479
1791257550.1403,R,C,,-69,,,
1791257550.1410,R,A,,-72,,,
1791257550.1703,R,B,,-61,,,
1791257550.2011,R,B,,-57,,,
1791257550.2263,O,,,,0.58946,1.2911,0.9479
1791257550.2276,O,,,,0.58946,1.2911,0.9479
1791257550.2288,O,,,,0.58946,1.2911,0.9479
1791257550.2316,R,C,,-60,,,
1791257550.2323,R,B,,-67,,,
1791257550.2324,R,A,,-75,,,
1791257550.3068,O,,,,0.58946,1.2911,0.9479
1791257550.3081,O,,,,0.58946,1.2911,0.9479
1791257550.3097,O,,,,0.58946,1.2911,0.9479
1791257550.3113,O,,,,0.58946,1.2911,0.9479
1791257550.2981,R,C,,-62,,,
1791257550.3034,R,A,,-74,,,
1791257550.3329,R,C,,-61,,,
1791257550.3331,R,B,,-58,,,
1791257550.3355,R,A,,-74,,,
1791257550.3667,R,B,,-62,,,
1791257550.3817,O,,,,0.59476,1.2911,0.9479
1791257550.3831,O,,,,0.60005,1.2911,0.9479
1791257550.3843,O,,,,0.60799,1.2911,0.9479
1791257550.3855,O,,,,0.61726,1.2913,0.9481
1791257550.3979,R,C,,-57,,,
1791257550.4031,R,A,,-78,,,
1791257550.4618,O,,,,0.62917,1.2915,0.9482
1791257550.4628,O,,,,0.64109,1.2913,0.9481
1791257550.4639,O,,,,0.65300,1.2915,0.9482
1791257550.4647,O,,,,0.66888,1.2915,0.9482
1791257550.4502,R,B,,-63,,,
1791257550.4534,R,A,,-77,,,
1791257550.4937,R,A,,-72,,,
1791257550.4988,R,C,,-60,,,
1791257550.5361,O,,,,0.68212,1.2915,0.9482
1791257550.5370,O,,,,0.69668,1.2917,0.9484
1791257550.5378,O,,,,0.71124,1.2915,0.9482
1791257550.5387,O,,,,0.72580,1.2917,0.9484
1791257550.5203,R,B,,-63,,,
1791257550.5468,R,B,,-63,,,
1791257550.5485,R,C,,-58,,,
1791257550.5533,R,A,,-72,,,
1791257550.6164,O,,,,0.74168,1.2917,0.9484
1791257550.6174,O,,,,0.75757,1.2917,0.9484
1791257550.6183,O,,,,0.77478,1.2915,0.9482
1791257550.6193,O,,,,0.79066,1.2915,0.9482
1791257550.5867,R,C,,-63,,,
1791257550.6039,R,A,,-78,,,
1791257550.6299,R,C,,-60,,,
1791257550.6536,R,A,,-66,,,
1791257550.6967,O,,,,0.80654,1.2915,0.9482
1791257550.6977,O,,,,0.82243,1.2915,0.9482
1791257550.6986,O,,,,0.84096,1.2915,0.9482
1791257550.7002,O,,,,0.85684,1.2915,0.9482
1791257550.6705,R,B,,-60,,,
1791257550.6721,R,C,,-62,,,
1791257550.6783,R,A,,-75,,,
1791257550.7168,R,B,,-63,,,
1791257550.7620,O,,,,0.87273,1.2915,0.9482
1791257550.7631,O,,,,0.88993,1.2913,0.9480
1791257550.7640,O,,,,0.90582,1.2913,0.9480
1791257550.7384,R,A,,-77,,,
1791257550.7386,R,C,,-58,,,
1791257550.7608,R,C,,-64,,,
1791257550.7611,R,A,,-71,,,
1791257550.7705,R,B,,-61,,,
1791257550.8033,R,A,,-72,,,
1791257550.8423,O,,,,0.92303,1.2915,0.9482
1791257550.8439,O,,,,0.94023,1.2913,0.9480
1791257550.8447,O,,,,0.95612,1.2913,0.9480
1791257550.8455,O,,,,0.97200,1.2913,0.9480
1791257550.8210,R,B,,-62,,,
1791257550.8467,R,C,,-69,,,
1791257550.8498,R,B,,-62,,,
1791257550.8535,R,A,,-72,,,
1791257550.9187,O,,,,0.99053,1.2913,0.9480
1791257550.9198,O,,,,1.00642,1.2913,0.9480
1791257550.8985,R,C,,-73,,,
1791257550.9041,R,A,,-71,,,
1791257550.9208,O,,,,1.02495,1.2913,0.9480
1791257550.9215,O,,,,1.04083,1.2913,0.9480
1791257550.9442,R,C,,-65,,,
1791257550.9539,R,A,,-79,,,
1791257550.9549,R,B,,-63,,,
1791257550.9968,O,,,,1.05671,1.2913,0.9480
1791257550.9979,O,,,,1.07392,1.2912,0.9478
1791257550.9987,O,,,,1.09113,1.2913,0.9480
1791257550.9996,O,,,,1.10701,1.2913,0.9480
1791257550.9934,R,C,,-55,,,
1791257551.0035,R,A,,-69,,,
1791257551.0114,R,B,,-63,,,
1791257551.0388,R,C,,-61,,,
1791257551.0390,R,A,,-75,,,
1791257551.0393,R,B,,-63,,,
1791257551.0761,O,,,,1.12290,1.2913,0.9480
1791257551.0774,O,,,,1.14010,1.2912,0.9478
1791257551.0786,O,,,,1.15731,1.2913,0.9480
1791257551.0795,O,,,,1.17452,1.2912,0.9478
1791257551.0852,R,C,,-60,,,
1791257551.0854,R,A,,-84,,,
1791257551.0859,R,B,,-62,,,
1791257551.1559,O,,,,1.19040,1.2912,0.9478
1791257551.1568,O,,,,1.20629,1.2912,0.9478
1791257551.1576,O,,,,1.22350,1.2913,0.9480
1791257551.1585,O,,,,1.23938,1.2913,0.9480
1791257551.1423,R,B,,-68,,,
1791257551.1440,R,A,,-82,,,
1791257551.1441,R,C,,-56,,,
1791257551.1789,R,C,,-57,,,
1791257551.2043,R,A,,-73,,,
1791257551.2210,O,,,,1.25659,1.2912,0.9478
1791257551.2219,O,,,,1.27379,1.2913,0.9480
1791257551.2227,O,,,,1.28835,1.2912,0.9478
1791257551.2202,R,B,,-64,,,
1791257551.2278,R,C,,-56,,,
1791257551.2282,R,A,,-73,,,
1791257551.2284,R,B,,-63,,,
1791257551.3013,O,,,,1.30424,1.2912,0.9478
1791257551.3022,O,,,,1.32145,1.2913,0.9480
1791257551.3030,O,,,,1.33733,1.2913,0.9480
1791257551.3040,O,,,,1.35454,1.2914,0.9483
1791257551.2795,R,B,,-58,,,
1791257551.2803,R,C,,-54,,,
1791257551.2807,R,A,,-72,,,
1791257551.3155,R,B,,-58,,,
1791257551.3485,R,C,,-55,,,
1791257551.3534,R,A,,-74,,,
1791257551.3809,O,,,,1.37175,1.2913,0.9480
1791257551.3818,O,,,,1.38895,1.2914,0.9483
1791257551.3826,O,,,,1.40616,1.2913,0.9480
1791257551.3835,O,,,,1.42204,1.2913,0.9480
1791257551.3701,R,B,,-58,,,
1791257551.3857,R,C,,-54,,,
1791257551.4038,R,A,,-71,,,
1791257551.4058,R,B,,-59,,,
1791257551.4143,R,C,,-51,,,
1791257551.4563,O,,,,1.44058,1.2913,0.9480
1791257551.4573,O,,,,1.45646,1.2913,0.9480
1791257551.4583,O,,,,1.47234,1.2913,0.9480
1791257551.4591,O,,,,1.49087,1.2913,0.9480
1791257551.4527,R,B,,-73,,,
1791257551.4871,R,C,,-56,,,
1791257551.4965,R,B,,-65,,,
1791257551.4970,R,A,,-89,,,
1791257551.4981,R,C,,-57,,,
1791257551.5367,O,,,,1.50676,1.2913,0.9480
1791257551.5377,O,,,,1.52397,1.2913,0.9478
1791257551.5385,O,,,,1.54117,1.2913,0.9480
1791257551.5393,O,,,,1.55706,1.2913,0.9480
1791257551.5428,R,C,,-56,,,
1791257551.5473,R,A,,-78,,,
1791257551.5478,R,B,,-66,,,
1791257551.6166,O,,,,1.57426,1.2913,0.9478
1791257551.6176,O,,,,1.59147,1.2913,0.9480
1791257551.6184,O,,,,1.60736,1.2913,0.9480
1791257551.6193,O,,,,1.62324,1.2913,0.9480
1791257551.5888,R,B,,-67,,,
1791257551.5896,R,C,,-69,,,
1791257551.5897,R,A,,-85,,,
1791257551.6289,R,C,,-57,,,
1791257551.6542,R,A,,-74,,,
1791257551.6909,O,,,,1.64045,1.2913,0.9478
1791257551.6919,O,,,,1.65766,1.2913,0.9480
1791257551.6928,O,,,,1.67486,1.2913,0.9478
1791257551.6936,O,,,,1.69207,1.2913,0.9480
1791257551.6703,R,B,,-61,,,
1791257551.6869,R,C,,-57,,,
1791257551.6871,R,A,,-75,,,
1791257551.7613,O,,,,1.70795,1.2913,0.9480
1791257551.7623,O,,,,1.72384,1.2913,0.9480
1791257551.7632,O,,,,1.74237,1.2913,0.9480
1791257551.7484,R,C,,-63,,,
1791257551.7544,R,A,,-70,,,
1791257551.7703,R,B,,-68,,,
1791257551.7802,R,A,,-70,,,
1791257551.7804,R,C,,-64,,,
1791257551.8112,R,C,,-62,,,
1791257551.8421,O,,,,1.75825,1.2913,0.9480
1791257551.8432,O,,,,1.77414,1.2913,0.9480
1791257551.8439,O,,,,1.79134,1.2913,0.9478
1791257551.8447,O,,,,1.80723,1.2913,0.9478
1791257551.8202,R,B,,-76,,,
1791257551.8233,R,A,,-71,,,
1791257551.8556,R,B,,-68,,,
1791257551.9170,O,,,,1.82444,1.2913,0.9480
1791257551.9179,O,,,,1.84032,1.2913,0.9480
1791257551.9188,O,,,,1.85753,1.2914,0.9478
1791257551.9196,O,,,,1.87473,1.2913,0.9480
1791257551.8983,R,C,,-58,,,
1791257551.9038,R,A,,-66,,,
1791257551.9064,R,B,,-85,,,
1791257551.9428,R,C,,-76,,,
1791257551.9537,R,A,,-68,,,
1791257551.9598,R,B,,-66,,,
1791257551.9961,O,,,,1.89062,1.2913,0.9480
1791257551.9972,O,,,,1.90783,1.2914,0.9478
1791257551.9982,O,,,,1.92503,1.2913,0.9480
1791257551.9990,O,,,,1.94092,1.2913,0.9480
1791257551.9849,R,C,,-56,,,
1791257551.9861,R,A,,-68,,,
1791257552.0202,R,B,,-66,,,
1791257552.0486,R,C,,-62,,,
1791257552.0535,R,A,,-66,,,
1791257552.0721,O,,,,1.95680,1.2913,0.9480
1791257552.0729,O,,,,1.97401,1.2914,0.9478
1791257552.0738,O,,,,1.99122,1.2913,0.9480
1791257552.0745,O,,,,2.00710,1.2913,0.9480
1791257552.0703,R,B,,-69,,,
1791257552.0809,R,C,,-58,,,
1791257552.0811,R,A,,-71,,,
1791257552.1537,O,,,,2.02298,1.2913,0.9480
1791257552.1545,O,,,,2.04152,1.2913,0.9480
1791257552.1553,O,,,,2.05740,1.2913,0.9480
1791257552.1567,O,,,,2.07461,1.2914,0.9478
1791257552.1482,R,C,,-59,,,
1791257552.1536,R,A,,-77,,,
1791257552.1702,R,B,,-67,,,
1791257552.1991,R,C,,-56,,,
1791257552.2043,R,A,,-73,,,
1791257552.2139,R,B,,-70,,,
1791257552.2174,R,B,,-74,,,
1791257552.2288,O,,,,2.09049,1.2914,0.9478
1791257552.2298,O,,,,2.10770,1.2913,0.9480
1791257552.2307,O,,,,2.12358,1.2913,0.9480
1791257552.2203,R,C,,-56,,,
1791257552.2205,R,A,,-75,,,
1791257552.2662,R,C,,-55,,,
1791257552.2663,R,B,,-68,,,
1791257552.3004,O,,,,2.14211,1.2913,0.9480
1791257552.3014,O,,,,2.15800,1.2913,0.9480
1791257552.3022,O,,,,2.17521,1.2914,0.9478
1791257552.3029,O,,,,2.19109,1.2914,0.9478
1791257552.3026,R,A,,-78,,,
1791257552.3205,R,B,,-71,,,
1791257552.3242,R,C,,-55,,,
1791257552.3244,R,A,,-72,,,
1791257552.3482,R,C,,-56,,,
1791257552.3535,R,A,,-72,,,
1791257552.3767,O,,,,2.20697,1.2914,0.9478
1791257552.3775,O,,,,2.22550,1.2914,0.9478
1791257552.3783,O,,,,2.24006,1.2912,0.9480
1791257552.3791,O,,,,2.25595,1.2912,0.9480
1791257552.3702,R,B,,-78,,,
1791257552.3941,R,A,,-73,,,
1791257552.3943,R,C,,-56,,,
1791257552.4566,O,,,,2.27183,1.2912,0.9480
1791257552.4576,O,,,,2.28772,1.2912,0.9480
1791257552.4584,O,,,,2.30492,1.2911,0.9482
1791257552.4597,O,,,,2.32081,1.2911,0.9482
1791257552.4413,R,C,,-55,,,
1791257552.4418,R,B,,-75,,,
1791257552.4422,R,A,,-84,,,
1791257552.4982,R,C,,-56,,,
1791257552.5036,R,A,,-69,,,
1791257552.5080,R,B,,-73,,,
1791257552.5317,O,,,,2.33802,1.2913,0.9480
1791257552.5328,O,,,,2.35522,1.2914,0.9478
1791257552.5336,O,,,,2.37243,1.2912,0.9480
1791257552.5345,O,,,,2.38964,1.2914,0.9478
1791257552.5332,R,C,,-53,,,
1791257552.5334,R,A,,-67,,,
1791257552.6111,O,,,,2.40685,1.2912,0.9480
1791257552.6121,O,,,,2.42405,1.2914,0.9478
1791257552.6129,O,,,,2.43994,1.2914,0.9478
1791257552.6138,O,,,,2.45847,1.2914,0.9478
1791257552.5985,R,C,,-51,,,
1791257552.6037,R,A,,-70,,,
1791257552.6102,R,B,,-67,,,
1791257552.6454,R,C,,-50,,,
1791257552.6465,R,A,,-69,,,
1791257552.6909,O,,,,2.47435,1.2914,0.9478
1791257552.6920,O,,,,2.49156,1.2917,0.9477
1791257552.6929,O,,,,2.50877,1.2914,0.9478
1791257552.6937,O,,,,2.52465,1.2914,0.9478
1791257552.6715,R,C,,-53,,,
1791257552.6794,R,A,,-65,,,
1791257552.7173,R,B,,-72,,,
1791257552.7563,O,,,,2.54186,1.2917,0.9477
1791257552.7572,O,,,,2.55907,1.2914,0.9478
1791257552.7581,O,,,,2.57495,1.2914,0.9478
1791257552.7490,R,C,,-53,,,
1791257552.7525,R,A,,-67,,,
1791257552.7581,R,C,,-49,,,
1791257552.7586,R,B,,-78,,,
1791257552.7873,R,A,,-76,,,
1791257552.8001,R,B,,-71,,,
1791257552.8040,R,A,,-78,,,
1791257552.8363,O,,,,2.59083,1.2914,0.9478
1791257552.8373,O,,,,2.60936,1.2914,0.9478
1791257552.8381,O,,,,2.62525,1.2914,0.9478
1791257552.8388,O,,,,2.64113,1.2914,0.9478
1791257552.8489,R,C,,-58,,,
1791257552.8543,R,A,,-68,,,
1791257552.8553,R,B,,-84,,,
1791257552.9165,O,,,,2.65834,1.2917,0.9477
1791257552.9176,O,,,,2.67555,1.2914,0.9478
1791257552.9185,O,,,,2.69143,1.2914,0.9478
1791257552.9194,O,,,,2.70864,1.2917,0.9477
1791257552.8916,R,A,,-70,,,
1791257552.8978,R,C,,-56,,,
1791257552.9198,R,B,,-70,,,
1791257552.9325,R,B,,-73,,,
1791257552.9333,R,C,,-50,,,
1791257552.9336,R,A,,-74,,,
1791257552.9910,O,,,,2.72585,1.2914,0.9478
1791257552.9919,O,,,,2.74173,1.2914,0.9478
1791257552.9928,O,,,,2.75761,1.2914,0.9478
1791257552.9937,O,,,,2.77615,1.2914,0.9478
1791257552.9740,R,A,,-68,,,
1791257552.9741,R,C,,-58,,,
1791257553.0135,R,B,,-71,,,
1791257553.0163,R,B,,-70,,,
1791257553.0407,R,A,,-67,,,
1791257553.0409,R,C,,-55,,,
1791257553.0714,O,,,,2.79203,1.2914,0.9478
1791257553.0730,O,,,,2.80791,1.2914,0.9478
1791257553.0738,O,,,,2.82512,1.2912,0.9479
1791257553.0745,O,,,,2.84233,1.2914,0.9478
1791257553.1509,O,,,,2.85821,1.2914,0.9478
1791257553.1519,O,,,,2.87410,1.2914,0.9478
1791257553.1529,O,,,,2.89263,1.2914,0.9478
1791257553.1537,O,,,,2.90851,1.2914,0.9478
1791257553.1203,R,B,,-85,,,
1791257553.1482,R,C,,-65,,,
1791257553.1491,R,A,,-65,,,
1791257553.1518,R,A,,-64,,,
1791257553.1566,R,B,,-68,,,
1791257553.2166,O,,,,2.92440,1.2914,0.9478
1791257553.2182,O,,,,2.94293,1.2914,0.9478
1791257553.2190,O,,,,2.95881,1.2914,0.9478
1791257553.1993,R,C,,-66,,,
1791257553.2033,R,B,,-71,,,
1791257553.2038,R,A,,-62,,,
1791257553.2385,R,C,,-72,,,
1791257553.2541,R,A,,-63,,,
1791257553.2999,O,,,,2.97469,1.2914,0.9478
1791257553.3008,O,,,,2.99190,1.2912,0.9479
1791257553.3017,O,,,,3.00911,1.2914,0.9478
1791257553.3027,O,,,,3.02499,1.2914,0.9478
1791257553.2701,R,B,,-73,,,
1791257553.2871,R,C,,-72,,,
1791257553.2875,R,B,,-67,,,
1791257553.3031,R,A,,-64,,,
1791257553.3484,R,C,,-67,,,
1791257553.3545,R,A,,-63,,,
1791257553.3671,R,B,,-71,,,
1791257553.3757,O,,,,3.04220,1.2912,0.9478
1791257553.3765,O,,,,3.05941,1.2914,0.9478
1791257553.3774,O,,,,3.07529,1.2914,0.9478
1791257553.3781,O,,,,3.09118,1.2914,0.9478
1791257553.3776,R,C,,-72,,,
1791257553.3783,R,B,,-71,,,
1791257553.3784,R,A,,-72,,,
1791257553.4513,O,,,,3.10838,1.2912,0.9478
1791257553.4523,O,,,,3.12559,1.2914,0.9478
1791257553.4533,O,,,,3.14148,1.2914,0.9478
1791257553.4542,O,,,,-3.12583,1.2914,0.9478
1791257553.4201,R,B,,-71,,,
1791257553.4354,R,C,,-67,,,
1791257553.4357,R,A,,-71,,,
1791257553.4703,R,B,,-76,,,
1791257553.4829,R,C,,-67,,,
1791257553.4831,R,A,,-73,,,
1791257553.5317,O,,,,-3.10862,1.2912,0.9478
1791257553.5326,O,,,,-3.09141,1.2914,0.9478
1791257553.5334,O,,,,-3.07553,1.2914,0.9478
1791257553.5342,O,,,,-3.05832,1.2912,0.9478
1791257553.5204,R,B,,-65,,,
1791257553.5489,R,C,,-56,,,
1791257553.5537,R,A,,-63,,,
1791257553.6109,O,,,,-3.04111,1.2914,0.9478
1791257553.6119,O,,,,-3.02523,1.2914,0.9478
1791257553.6128,O,,,,-3.00802,1.2912,0.9478
1791257553.6135,O,,,,-2.99081,1.2914,0.9478
1791257553.5705,R,B,,-78,,,
1791257553.5937,R,C,,-64,,,
1791257553.5958,R,C,,-69,,,
1791257553.6046,R,A,,-67,,,
1791257553.6354,R,C,,-65,,,
1791257553.6540,R,A,,-67,,,
1791257553.6861,O,,,,-2.97493,1.2914,0.9478
1791257553.6870,O,,,,-2.95772,1.2917,0.9479
1791257553.6878,O,,,,-2.94184,1.2917,0.9479
1791257553.6885,O,,,,-2.92463,1.2914,0.9478
1791257553.6706,R,B,,-67,,,
1791257553.6992,R,C,,-53,,,
1791257553.6995,R,B,,-74,,,
1791257553.7006,R,A,,-75,,,
1791257553.7560,O,,,,-2.90875,1.2914,0.9478
1791257553.7569,O,,,,-2.89154,1.2912,0.9478
1791257553.7577,O,,,,-2.87433,1.2914,0.9478
1791257553.7202,R,B,,-76,,,
1791257553.7496,R,C,,-60,,,
1791257553.7519,R,A,,-68,,,
1791257553.7994,R,C,,-60,,,
1791257553.8052,R,A,,-68,,,
1791257553.8096,R,B,,-70,,,
1791257553.8367,O,,,,-2.85845,1.2914,0.9478
1791257553.8380,O,,,,-2.84124,1.2912,0.9478
1791257553.8394,O,,,,-2.82403,1.2914,0.9478
1791257553.8403,O,,,,-2.80815,1.2914,0.9478
1791257553.8492,R,C,,-54,,,
1791257553.8546,R,A,,-73,,,
1791257553.9109,O,,,,-2.79094,1.2912,0.9477
1791257553.9118,O,,,,-2.77373,1.2914,0.9478
1791257553.9126,O,,,,-2.75785,1.2914,0.9478
1791257553.9134,O,,,,-2.74064,1.2912,0.9477
1791257553.8706,R,B,,-73,,,
1791257553.8829,R,C,,-68,,,
1791257553.9058,R,B,,-69,,,
1791257553.9481,R,C,,-62,,,
1791257553.9504,R,C,,-63,,,
1791257553.9544,R,A,,-79,,,
1791257553.9919,O,,,,-2.72343,1.2914,0.9478
1791257553.9928,O,,,,-2.70755,1.2914,0.9478
1791257553.9941,O,,,,-2.69034,1.2912,0.9477
1791257553.9949,O,,,,-2.67446,1.2912,0.9477
1791257553.9704,R,B,,-73,,,
1791257553.9913,R,B,,-74,,,
1791257553.9936,R,C,,-54,,,
1791257553.9938,R,A,,-68,,,
1791257554.0663,O,,,,-2.65725,1.2914,0.9479
1791257554.0676,O,,,,-2.64004,1.2912,0.9477
1791257554.0688,O,,,,-2.62416,1.2912,0.9477
1791257554.0700,O,,,,-2.60695,1.2914,0.9479
1791257554.0327,R,C,,-64,,,
1791257554.0542,R,A,,-68,,,
1791257554.0701,R,B,,-79,,,
1791257554.0963,R,A,,-75,,,
1791257554.0988,R,C,,-62,,,
1791257554.1171,R,B,,-78,,,
1791257554.1184,R,C,,-54,,,
1791257554.1460,O,,,,-2.58974,1.2912,0.9477
1791257554.1476,O,,,,-2.57386,1.2912,0.9477
1791257554.1484,O,,,,-2.55665,1.2914,0.9479
1791257554.1493,O,,,,-2.53945,1.2912,0.9477
1791257554.1201,R,B,,-73,,,
1791257554.1266,R,A,,-77,,,
1791257554.1674,R,B,,-69,,,
1791257554.1676,R,A,,-66,,,
1791257554.2164,O,,,,-2.52356,1.2912,0.9477
1791257554.2180,O,,,,-2.50635,1.2914,0.9479
1791257554.2188,O,,,,-2.49047,1.2914,0.9479
1791257554.1986,R,C,,-66,,,
1791257554.2200,R,B,,-68,,,
1791257554.2286,R,C,,-63,,,
1791257554.2289,R,A,,-66,,,
1791257554.3017,O,,,,-2.47326,1.2912,0.9477
1791257554.3026,O,,,,-2.45738,1.2912,0.9477
1791257554.3034,O,,,,-2.44017,1.2914,0.9479
1791257554.3042,O,,,,-2.42429,1.2914,0.9479
1791257554.2704,R,B,,-62,,,
1791257554.2936,R,A,,-68,,,
1791257554.2938,R,C,,-54,,,
1791257554.3011,R,B,,-74,,,
1791257554.3037,R,A,,-68,,,
1791257554.3507,R,A,,-63,,,
1791257554.3515,R,B,,-62,,,
1791257554.3723,O,,,,-2.40708,1.2912,0.9477
1791257554.3733,O,,,,-2.38987,1.2914,0.9479
1791257554.3742,O,,,,-2.37399,1.2914,0.9479
1791257554.3751,O,,,,-2.35810,1.2914,0.9479
1791257554.3988,R,C,,-64,,,
1791257554.4044,R,A,,-64,,,
1791257554.4518,O,,,,-2.34090,1.2912,0.9477
1791257554.4528,O,,,,-2.32369,1.2914,0.9479
1791257554.4536,O,,,,-2.30781,1.2914,0.9479
1791257554.4544,O,,,,-2.29192,1.2914,0.9479
1791257554.4202,R,B,,-72,,,
1791257554.4415,R,A,,-65,,,
1791257554.4447,R,C,,-56,,,
1791257554.4705,R,B,,-64,,,
1791257554.4985,R,C,,-74,,,
1791257554.5018,R,A,,-63,,,
1791257554.5030,R,B,,-67,,,
1791257554.5263,O,,,,-2.27339,1.2914,0.9479
1791257554.5273,O,,,,-2.25751,1.2914,0.9479
1791257554.5281,O,,,,-2.24162,1.2914,0.9479
1791257554.5288,O,,,,-2.22574,1.2914,0.9479
1791257554.5435,R,A,,-62,,,
1791257554.5492,R,C,,-72,,,
1791257554.6067,O,,,,-2.20721,1.2914,0.9479
1791257554.6077,O,,,,-2.19132,1.2914,0.9479
1791257554.6085,O,,,,-2.17544,1.2914,0.9479
1791257554.6092,O,,,,-2.15691,1.2914,0.9479
1791257554.5706,R,B,,-67,,,
1791257554.5767,R,A,,-58,,,
1791257554.5770,R,C,,-67,,,
1791257554.6143,R,B,,-74,,,
1791257554.6172,R,B,,-71,,,
1791257554.6486,R,C,,-74,,,
1791257554.6512,R,A,,-63,,,
1791257554.6759,O,,,,-2.14102,1.2914,0.9479
1791257554.6767,O,,,,-2.12514,1.2914,0.9479
1791257554.6775,O,,,,-2.10793,1.2913,0.9477
1791257554.6704,R,B,,-70,,,
1791257554.6868,R,C,,-66,,,
1791257554.7040,R,A,,-60,,,
1791257554.7509,O,,,,-2.09073,1.2914,0.9479
1791257554.7519,O,,,,-2.07484,1.2914,0.9479
1791257554.7528,O,,,,-2.05763,1.2913,0.9477
1791257554.7536,O,,,,-2.04043,1.2914,0.9479
1791257554.7526,R,B,,-68,,,
1791257554.7544,R,A,,-57,,,
1791257554.7930,R,A,,-61,,,
1791257554.7985,R,C,,-62,,,
1791257554.8316,O,,,,-2.02454,1.2914,0.9479
1791257554.8326,O,,,,-2.00734,1.2913,0.9477
1791257554.8335,O,,,,-1.99013,1.2914,0.9479
1791257554.8348,O,,,,-1.97424,1.2914,0.9479
1791257554.8202,R,B,,-66,,,
1791257554.8396,R,A,,-60,,,
1791257554.8493,R,C,,-71,,,
1791257554.8622,R,B,,-68,,,
1791257554.9109,O,,,,-1.95704,1.2913,0.9477
1791257554.9119,O,,,,-1.93983,1.2914,0.9479
1791257554.9127,O,,,,-1.92394,1.2914,0.9479
1791257554.9135,O,,,,-1.90674,1.2913,0.9476
1791257554.8849,R,C,,-63,,,
1791257554.8851,R,A,,-60,,,
1791257554.9208,R,B,,-65,,,
1791257554.9321,R,C,,-65,,,
1791257554.9541,R,A,,-61,,,
1791257554.9863,O,,,,-1.88953,1.2914,0.9479
1791257554.9873,O,,,,-1.87365,1.2914,0.9479
1791257554.9881,O,,,,-1.85776,1.2914,0.9479
1791257554.9889,O,,,,-1.83923,1.2914,0.9479
1791257554.9708,R,B,,-64,,,
1791257554.9993,R,C,,-68,,,
1791257555.0049,R,A,,-60,,,
1791257555.0661,O,,,,-1.82335,1.2914,0.9479
1791257555.0671,O,,,,-1.80746,1.2914,0.9479
1791257555.0680,O,,,,-1.78893,1.2914,0.9479
1791257555.0688,O,,,,-1.77305,1.2914,0.9479
1791257555.0207,R,B,,-60,,,
1791257555.0503,R,C,,-65,,,
1791257555.0546,R,A,,-62,,,
1791257555.0663,R,B,,-83,,,
1791257555.0746,R,C,,-70,,,
1791257555.0751,R,A,,-62,,,
1791257555.1100,R,C,,-68,,,
1791257555.1102,R,B,,-60,,,
1791257555.1472,O,,,,-1.75716,1.2914,0.9479
1791257555.1483,O,,,,-1.74128,1.2914,0.9479
1791257555.1493,O,,,,-1.72275,1.2914,0.9479
1791257555.1500,O,,,,-1.70686,1.2914,0.9479
1791257555.1545,R,A,,-60,,,
1791257555.2116,O,,,,-1.69098,1.2914,0.9479
1791257555.2126,O,,,,-1.67245,1.2914,0.9479
1791257555.2134,O,,,,-1.65657,1.2914,0.9479
1791257555.1709,R,B,,-57,,,
1791257555.1839,R,A,,-62,,,
1791257555.1840,R,C,,-59,,,
1791257555.1997,R,B,,-61,,,
1791257555.2042,R,A,,-62,,,
1791257555.2484,R,C,,-67,,,
1791257555.2486,R,A,,-62,,,
1791257555.2531,R,B,,-64,,,
1791257555.2914,O,,,,-1.64068,1.2914,0.9479
1791257555.2923,O,,,,-1.62215,1.2914,0.9479
1791257555.2932,O,,,,-1.60627,1.2914,0.9479
1791257555.2939,O,,,,-1.59038,1.2914,0.9479
1791257555.2974,R,B,,-60,,,
1791257555.2976,R,A,,-60,,,
1791257555.2992,R,C,,-74,,,
1791257555.3497,R,C,,-75,,,
1791257555.3545,R,A,,-61,,,
1791257555.3720,O,,,,-1.57185,1.2914,0.9479
1791257555.3735,O,,,,-1.55597,1.2914,0.9479
1791257555.3743,O,,,,-1.54008,1.2914,0.9479
1791257555.3754,O,,,,-1.52155,1.2914,0.9479
1791257555.3708,R,B,,-67,,,
1791257555.3848,R,C,,-68,,,
1791257555.3849,R,A,,-62,,,
1791257555.4522,O,,,,-1.50567,1.2914,0.9479
1791257555.4533,O,,,,-1.48979,1.2914,0.9479
1791257555.4541,O,,,,-1.47258,1.2914,0.9482
1791257555.4549,O,,,,-1.45537,1.2914,0.9479
1791257555.4209,R,B,,-64,,,
1791257555.4494,R,C,,-70,,,
1791257555.4541,R,A,,-62,,,
1791257555.4708,R,B,,-60,,,
1791257555.4889,R,C,,-66,,,
1791257555.4891,R,A,,-61,,,
1791257555.5104,R,B,,-67,,,
1791257555.5108,R,C,,-80,,,
1791257555.5168,R,A,,-62,,,
1791257555.5267,O,,,,-1.43949,1.2914,0.9479
1791257555.5277,O,,,,-1.42360,1.2914,0.9479
1791257555.5285,O,,,,-1.40507,1.2914,0.9479
1791257555.5292,O,,,,-1.38919,1.2914,0.9479
1791257555.6017,O,,,,-1.37330,1.2914,0.9479
1791257555.6026,O,,,,-1.35742,1.2914,0.9479
1791257555.6035,O,,,,-1.33889,1.2914,0.9479
1791257555.6042,O,,,,-1.32300,1.2914,0.9479
1791257555.5704,R,B,,-67,,,
1791257555.5975,R,C,,-70,,,
1791257555.5998,R,B,,-61,,,
1791257555.6001,R,C,,-70,,,
1791257555.6044,R,A,,-62,,,
1791257555.6445,R,B,,-67,,,
1791257555.6454,R,A,,-64,,,
1791257555.6494,R,C,,-64,,,
1791257555.6721,O,,,,-1.30712,1.2914,0.9479
1791257555.6730,O,,,,-1.28991,1.2913,0.9482
1791257555.6738,O,,,,-1.27271,1.2914,0.9479
1791257555.6988,R,A,,-62,,,
1791257555.6989,R,C,,-72,,,
1791257555.7516,O,,,,-1.25550,1.2913,0.9482
1791257555.7527,O,,,,-1.23961,1.2913,0.9482
1791257555.7537,O,,,,-1.22241,1.2914,0.9479
1791257555.7544,O,,,,-1.20652,1.2914,0.9479
1791257555.7207,R,B,,-62,,,
1791257555.7273,R,A,,-63,,,
1791257555.7492,R,C,,-79,,,
1791257555.7708,R,B,,-61,,,
1791257555.7727,R,C,,-68,,,
1791257555.7894,R,A,,-67,,,
1791257555.8138,R,C,,-74,,,
1791257555.8273,O,,,,-1.18931,1.2915,0.9477
1791257555.8286,O,,,,-1.17211,1.2914,0.9479
1791257555.8295,O,,,,-1.15622,1.2914,0.9479
1791257555.8303,O,,,,-1.14034,1.2914,0.9479
1791257555.8211,R,B,,-61,,,
1791257555.8547,R,A,,-63,,,
1791257555.9067,O,,,,-1.12313,1.2915,0.9477
1791257555.9077,O,,,,-1.10592,1.2914,0.9479
1791257555.9085,O,,,,-1.08872,1.2915,0.9477
1791257555.9094,O,,,,-1.07283,1.2915,0.9477
1791257555.8708,R,B,,-59,,,
1791257555.8930,R,A,,-65,,,
1791257555.8991,R,C,,-73,,,
1791257555.9046,R,A,,-66,,,
1791257555.9089,R,B,,-57,,,
1791257555.9479,R,B,,-61,,,
1791257555.9553,R,A,,-69,,,
1791257555.9867,O,,,,-1.05695,1.2915,0.9477
1791257555.9878,O,,,,-1.03842,1.2915,0.9477
1791257555.9886,O,,,,-1.02253,1.2915,0.9477
1791257555.9894,O,,,,-1.00665,1.2915,0.9477
1791257555.9987,R,C,,-76,,,
1791257556.0048,R,A,,-68,,,
1791257556.0110,R,B,,-56,,,
1791257556.0616,O,,,,-0.98812,1.2915,0.9477
1791257556.0625,O,,,,-0.97223,1.2915,0.9477
1791257556.0635,O,,,,-0.95635,1.2915,0.9477
1791257556.0643,O,,,,-0.94047,1.2915,0.9477
1791257556.0367,R,C,,-68,,,
1791257556.0374,R,A,,-69,,,
1791257556.0615,R,B,,-58,,,
1791257556.0772,R,C,,-69,,,
1791257556.0776,R,A,,-73,,,
1791257556.1154,R,B,,-60,,,
1791257556.1167,R,C,,-68,,,
1791257556.1170,R,A,,-73,,,
1791257556.1186,R,B,,-61,,,
1791257556.1417,O,,,,-0.92458,1.2915,0.9477
1791257556.1428,O,,,,-0.90870,1.2915,0.9477
1791257556.1436,O,,,,-0.89149,1.2913,0.9479
1791257556.1444,O,,,,-0.87561,1.2913,0.9479
1791257556.1597,R,B,,-58,,,
1791257556.2117,O,,,,-0.85972,1.2913,0.9479
1791257556.2128,O,,,,-0.84119,1.2913,0.9479
1791257556.2135,O,,,,-0.82399,1.2915,0.9477
1791257556.1937,R,C,,-68,,,
1791257556.1938,R,A,,-70,,,
1791257556.2057,R,A,,-71,,,
1791257556.2102,R,B,,-58,,,
1791257556.2107,R,C,,-71,,,
1791257556.2531,R,A,,-72,,,
1791257556.2869,O,,,,-0.80678,1.2913,0.9479
1791257556.2880,O,,,,-0.78957,1.2915,0.9477
1791257556.2889,O,,,,-0.77369,1.2915,0.9477
1791257556.2897,O,,,,-0.75516,1.2915,0.9477
1791257556.2705,R,B,,-67,,,
1791257556.2994,R,C,,-76,,,
1791257556.3046,R,A,,-70,,,
1791257556.3667,O,,,,-0.73927,1.2915,0.9477
1791257556.3681,O,,,,-0.72206,1.2913,0.9479
1791257556.3687,O,,,,-0.70486,1.2915,0.9477
1791257556.3692,O,,,,-0.68765,1.2913,0.9479
1791257556.3209,R,B,,-80,,,
1791257556.3412,R,A,,-73,,,
1791257556.3417,R,B,,-68,,,
1791257556.3502,R,C,,-65,,,
1791257556.3995,R,C,,-58,,,
1791257556.4044,R,A,,-75,,,
1791257556.4467,O,,,,-0.67044,1.2915,0.9477
1791257556.4477,O,,,,-0.65456,1.2915,0.9477
1791257556.4485,O,,,,-0.63735,1.2913,0.9478
1791257556.4496,O,,,,-0.62014,1.2915,0.9477
1791257556.4208,R,B,,-71,,,
1791257556.4341,R,A,,-69,,,
1791257556.4343,R,C,,-67,,,
1791257556.4344,R,B,,-67,,,
1791257556.4817,R,B,,-75,,,
1791257556.4911,R,C,,-69,,,
1791257556.4913,R,A,,-77,,,
1791257556.5214,O,,,,-0.60426,1.2915,0.9477
1791257556.5224,O,,,,-0.58705,1.2913,0.9478
1791257556.5233,O,,,,-0.57117,1.2913,0.9478
1791257556.5241,O,,,,-0.55528,1.2913,0.9478
1791257556.5316,R,C,,-65,,,
1791257556.5340,R,A,,-76,,,
1791257556.6016,O,,,,-0.53808,1.2915,0.9477
1791257556.6027,O,,,,-0.52087,1.2913,0.9478
1791257556.6046,O,,,,-0.50498,1.2913,0.9478
1791257556.6055,O,,,,-0.48910,1.2913,0.9478
1791257556.5706,R,B,,-63,,,
1791257556.5995,R,C,,-68,,,
1791257556.6043,R,A,,-69,,,
1791257556.6208,R,B,,-57,,,
1791257556.6391,R,C,,-61,,,
1791257556.6667,R,B,,-58,,,
1791257556.6727,O,,,,-0.47189,1.2915,0.9477
1791257556.6735,O,,,,-0.45468,1.2913,0.9478
1791257556.6743,O,,,,-0.43880,1.2913,0.9478
1791257556.6880,R,A,,-78,,,
1791257556.6886,R,C,,-59,,,
1791257556.7551,O,,,,-0.42027,1.2913,0.9478
1791257556.7560,O,,,,-0.40439,1.2913,0.9478
1791257556.7569,O,,,,-0.38850,1.2913,0.9478
1791257556.7584,O,,,,-0.37262,1.2913,0.9478
1791257556.7459,R,C,,-68,,,
1791257556.7465,R,B,,-55,,,
1791257556.7548,R,A,,-75,,,
1791257556.7994,R,C,,-66,,,
1791257556.8049,R,A,,-73,,,
1791257556.8321,O,,,,-0.35541,1.2916,0.9477
1791257556.8331,O,,,,-0.33820,1.2913,0.9478
1791257556.8339,O,,,,-0.32232,1.2913,0.9478
1791257556.8347,O,,,,-0.30511,1.2916,0.9477
1791257556.8205,R,B,,-55,,,
1791257556.8502,R,C,,-62,,,
1791257556.8517,R,B,,-57,,,
1791257556.8548,R,A,,-79,,,
1791257556.9032,O,,,,-0.28790,1.2913,0.9478
1791257556.9042,O,,,,-0.27202,1.2913,0.9478
1791257556.9050,O,,,,-0.25614,1.2913,0.9478
1791257556.9058,O,,,,-0.23760,1.2913,0.9478
1791257556.8852,R,C,,-67,,,
1791257556.8854,R,A,,-79,,,
1791257556.8857,R,B,,-58,,,
1791257556.9497,R,C,,-66,,,
1791257556.9536,R,B,,-52,,,
1791257556.9539,R,A,,-75,,,
1791257556.9817,O,,,,-0.22172,1.2913,0.9478
1791257556.9831,O,,,,-0.20584,1.2913,0.9478
1791257556.9844,O,,,,-0.18863,1.2916,0.9478
1791257556.9856,O,,,,-0.17142,1.2913,0.9478
1791257556.9784,R,C,,-63,,,
1791257557.0047,R,A,,-79,,,
1791257557.0127,R,B,,-60,,,
1791257557.0179,R,C,,-73,,,
1791257557.0185,R,B,,-61,,,
1791257557.0634,O,,,,-0.15554,1.2913,0.9478
1791257557.0646,O,,,,-0.13701,1.2913,0.9478
1791257557.0654,O,,,,-0.12112,1.2913,0.9478
1791257557.0662,O,,,,-0.10524,1.2913,0.9478
1791257557.0205,R,A,,-81,,,
1791257557.0671,R,B,,-56,,,
1791257557.0673,R,A,,-86,,,
1791257557.0744,R,C,,-61,,,
1791257557.1370,O,,,,-0.08803,1.2910,0.9478
1791257557.1381,O,,,,-0.07082,1.2913,0.9478
1791257557.1388,O,,,,-0.05494,1.2913,0.9478
1791257557.1396,O,,,,-0.03773,1.2910,0.9478
1791257557.1213,R,B,,-50,,,
1791257557.1252,R,C,,-56,,,
1791257557.1497,R,A,,-72,,,
1791257557.1604,R,B,,-60,,,
1791257557.1606,R,C,,-63,,,
1791257557.1609,R,A,,-84,,,
1791257557.2067,O,,,,-0.02185,1.2910,0.9478
1791257557.2077,O,,,,-0.00464,1.2913,0.9478
1791257557.2085,O,,,,0.01124,1.2913,0.9478
1791257557.2028,R,B,,-57,,,
1791257557.2046,R,A,,-84,,,
1791257557.2687,R,B,,-50,,,
1791257557.2869,O,,,,0.02845,1.2910,0.9478
1791257557.2884,O,,,,0.04566,1.2913,0.9478
1791257557.2896,O,,,,0.06154,1.2913,0.9478
1791257557.2908,O,,,,0.07875,1.2910,0.9478
1791257557.2939,R,B,,-63,,,
1791257557.2948,R,C,,-62,,,
1791257557.2962,R,A,,-79,,,
1791257557.3674,O,,,,0.09596,1.2913,0.9478
1791257557.3689,O,,,,0.11184,1.2913,0.9478
1791257557.3698,O,,,,0.12772,1.2908,0.9478
1791257557.3706,O,,,,0.14361,1.2908,0.9478
1791257557.3401,R,A,,-82,,,
1791257557.3402,R,C,,-65,,,
1791257557.3521,R,B,,-56,,,
1791257557.3859,R,C,,-69,,,
1791257557.3861,R,A,,-73,,,
1791257557.3867,R,B,,-55,,,
1791257557.4422,O,,,,0.15949,1.2908,0.9478
1791257557.4433,O,,,,0.17273,1.2908,0.9478
1791257557.4441,O,,,,0.18464,1.2910,0.9478
1791257557.4448,O,,,,0.19920,1.2913,0.9479
1791257557.4319,R,A,,-76,,,
1791257557.4324,R,C,,-61,,,
1791257557.4675,R,B,,-60,,,
1791257557.4839,R,C,,-70,,,
1791257557.4841,R,A,,-74,,,
1791257557.4844,R,B,,-56,,,
1791257557.5211,O,,,,0.21112,1.2910,0.9478
1791257557.5220,O,,,,0.22303,1.2913,0.9479
1791257557.5229,O,,,,0.23097,1.2913,0.9479
1791257557.5239,O,,,,0.24156,1.2913,0.9479
1791257557.5496,R,C,,-79,,,
1791257557.5543,R,B,,-56,,,
1791257557.5554,R,A,,-73,,,
1791257557.5680,R,B,,-56,,,
1791257557.5968,O,,,,0.24818,1.2916,0.9479
1791257557.5979,O,,,,0.25480,1.2913,0.9479
1791257557.5987,O,,,,0.26009,1.2913,0.9479
1791257557.5995,O,,,,0.26406,1.2910,0.9478
1791257557.5852,R,C,,-64,,,
1791257557.5854,R,A,,-74,,,
1791257557.6150,R,B,,-63,,,
1791257557.6664,O,,,,0.26803,1.2908,0.9477
1791257557.6674,O,,,,0.27068,1.2908,0.9477
1791257557.6683,O,,,,0.27068,1.2908,0.9477
1791257557.6497,R,C,,-71,,,
1791257557.6547,R,A,,-73,,,
1791257557.6616,R,B,,-58,,,
1791257557.6617,R,C,,-80,,,
1791257557.6998,R,C,,-74,,,
1791257557.7052,R,A,,-75,,,
1791257557.7471,O,,,,0.27200,1.2905,0.9477
1791257557.7481,O,,,,0.27200,1.2905,0.9477
1791257557.7489,O,,,,0.27200,1.2905,0.9477
1791257557.7496,O,,,,0.27200,1.2905,0.9477
1791257557.7208,R,B,,-55,,,
1791257557.7498,R,C,,-68,,,
1791257557.7552,R,A,,-79,,,
1791257557.7639,R,B,,-61,,,
1791257557.7826,R,C,,-68,,,
1791257557.7941,R,B,,-57,,,
1791257557.7943,R,A,,-73,,,
1791257557.8269,O,,,,0.27200,1.2905,0.9477
1791257557.8282,O,,,,0.27200,1.2905,0.9477
1791257557.8292,O,,,,0.27200,1.2905,0.9477
1791257557.8301,O,,,,0.27200,1.2905,0.9477
1791257557.8290,R,C,,-69,,,
1791257557.8304,R,A,,-75,,,
1791257557.8369,R,B,,-51,,,
1791257557.9011,O,,,,0.27200,1.2905,0.9477
1791257557.9019,O,,,,0.27200,1.2905,0.9477
1791257557.9027,O,,,,0.27200,1.2905,0.9477
1791257557.9035,O,,,,0.27200,1.2905,0.9477
1791257557.8959,R,A,,-78,,,
1791257557.9307,R,B,,-57,,,
1791257557.9502,R,C,,-69,,,
1791257557.9552,R,A,,-76,,,
1791257557.9819,O,,,,0.27200,1.2905,0.9477
1791257557.9830,O,,,,0.27200,1.2905,0.9477
1791257557.9839,O,,,,0.27200,1.2905,0.9477
1791257557.9847,O,,,,0.27200,1.2905,0.9477
1791257558.0002,R,C,,-66,,,
1791257558.0004,R,A,,-74,,,
1791257558.0167,R,B,,-50,,,
1791257558.0571,O,,,,0.27200,1.2905,0.9477
1791257558.0582,O,,,,0.27200,1.2905,0.9477
1791257558.0590,O,,,,0.27200,1.2905,0.9477
1791257558.0598,O,,,,0.27200,1.2905,0.9477
1791257558.0493,R,C,,-63,,,
1791257558.0552,R,A,,-77,,,
1791257558.4021,O,,,,0.27200,1.2905,0.9477
1791257558.0708,R,B,,-60,,,
1791257558.0902,R,C,,-67,,,
1791257558.0997,R,C,,-68,,,
1791257558.1003,R,A,,-73,,,
1791257558.1067,R,B,,-57,,,
1791257558.4044,O,,,,0.27200,1.2905,0.9477
1791257558.1499,R,C,,-66,,,
1791257558.1520,R,B,,-51,,,
1791257558.1548,R,A,,-74,,,
1791257558.4061,O,,,,0.27200,1.2905,0.9477
1791257558.1865,R,B,,-60,,,
1791257558.1999,R,C,,-65,,,
1791257558.2052,R,A,,-76,,,
1791257558.4077,O,,,,0.27200,1.2905,0.9477
1791257558.2278,R,A,,-75,,,
1791257558.2288,R,B,,-56,,,
1791257558.2498,R,C,,-68,,,
1791257558.4088,O,,,,0.27200,1.2905,0.9477
1791257558.2700,R,B,,-57,,,
1791257558.2999,R,C,,-67,,,
1791257558.3048,R,A,,-76,,,
1791257558.3113,R,C,,-64,,,
1791257558.3114,R,B,,-54,,,
1791257558.4100,O,,,,0.27200,1.2905,0.9477
1791257558.3552,R,A,,-80,,,
1791257558.3613,R,B,,-63,,,
1791257558.3614,R,C,,-69,,,
1791257558.3621,R,A,,-78,,,
1791257558.4109,O,,,,0.27200,1.2905,0.9477
1791257558.4116,O,,,,0.27200,1.2905,0.9477
1791257558.4124,O,,,,0.27200,1.2905,0.9477
1791257558.4131,O,,,,0.27200,1.2905,0.9477
1791257558.4138,O,,,,0.27200,1.2905,0.9477
1791257558.4145,O,,,,0.27200,1.2905,0.9477
1791257558.4153,O,,,,0.27200,1.2905,0.9477
1791257558.4160,O,,,,0.27200,1.2905,0.9477
1791257558.4167,O,,,,0.27200,1.2905,0.9477
1791257558.4141,R,A,,-86,,,
1791257558.4422,O,,,,0.27200,1.2905,0.9477
1791257558.4434,O,,,,0.27200,1.2905,0.9477
1791257558.4442,O,,,,0.27200,1.2905,0.9477
1791257558.4449,O,,,,0.27200,1.2905,0.9477
1791257558.4210,R,B,,-57,,,
1791257558.4500,R,C,,-71,,,
1791257558.4540,R,A,,-84,,,
1791257558.4656,R,B,,-58,,,
1791257558.5173,O,,,,0.27200,1.2905,0.9477
1791257558.5187,O,,,,0.27200,1.2905,0.9477
1791257558.5196,O,,,,0.27068,1.2908,0.9477
1791257558.5204,O,,,,0.26671,1.2910,0.9478
1791257558.4997,R,B,,-64,,,
1791257558.4999,R,C,,-67,,,
1791257558.5008,R,A,,-81,,,
1791257558.5329,R,C,,-69,,,
1791257558.5332,R,A,,-82,,,
1791257558.5972,O,,,,0.26274,1.2913,0.9479
1791257558.5982,O,,,,0.25612,1.2916,0.9479
1791257558.5992,O,,,,0.24685,1.2918,0.9480
1791257558.6000,O,,,,0.23759,1.2921,0.9481
1791257558.5710,R,B,,-57,,,
1791257558.5859,R,C,,-70,,,
1791257558.6049,R,A,,-84,,,
1791257558.6665,O,,,,0.22700,1.2926,0.9482
1791257558.6678,O,,,,0.21509,1.2928,0.9483
1791257558.6690,O,,,,0.20317,1.2931,0.9483
1791257558.6214,R,B,,-57,,,
1791257558.6729,R,A,,-91,,,
1791257558.6893,R,C,,-73,,,
1791257558.7423,O,,,,0.19126,1.2934,0.9484
1791257558.7434,O,,,,0.17802,1.2934,0.9484
1791257558.7442,O,,,,0.16346,1.2936,0.9484
1791257558.7449,O,,,,0.15023,1.2936,0.9484
1791257558.7207,R,B,,-55,,,
1791257558.7284,R,A,,-83,,,
1791257558.7286,R,C,,-69,,,
1791257558.7710,R,B,,-56,,,
1791257558.7742,R,C,,-75,,,
1791257558.7743,R,A,,-74,,,
1791257558.8219,O,,,,0.13699,1.2936,0.9484
1791257558.8232,O,,,,0.12375,1.2936,0.9484
1791257558.8255,O,,,,0.10919,1.2939,0.9484
1791257558.8265,O,,,,0.09463,1.2936,0.9484
1791257558.8214,R,B,,-63,,,
1791257558.8343,R,C,,-70,,,
1791257558.8350,R,A,,-75,,,
1791257558.8543,R,B,,-56,,,
1791257558.8552,R,A,,-71,,,
1791257558.9025,O,,,,0.08007,1.2939,0.9484
1791257558.9033,O,,,,0.06551,1.2936,0.9484
1791257558.9043,O,,,,0.05095,1.2934,0.9484
1791257558.9051,O,,,,0.03639,1.2936,0.9484
1791257558.8997,R,C,,-65,,,
1791257558.9054,R,A,,-74,,,
1791257558.9120,R,C,,-63,,,
1791257558.9122,R,B,,-58,,,
1791257558.9461,R,B,,-63,,,
1791257558.9480,R,A,,-73,,,
1791257558.9497,R,C,,-66,,,
1791257558.9836,O,,,,0.02183,1.2934,0.9484
1791257558.9853,O,,,,0.00860,1.2934,0.9484
1791257558.9862,O,,,,-0.00596,1.2931,0.9484
1791257558.9869,O,,,,-0.02053,1.2934,0.9484
1791257558.9898,R,C,,-71,,,
1791257559.0046,R,B,,-61,,,
1791257559.0049,R,A,,-85,,,
1791257559.0560,O,,,,-0.03376,1.2939,0.9484
1791257559.0574,O,,,,-0.04832,1.2942,0.9484
1791257559.0586,O,,,,-0.06421,1.2942,0.9484
1791257559.0599,O,,,,-0.07877,1.2944,0.9484
1791257559.0340,R,C,,-67,,,
1791257559.0420,R,B,,-76,,,
1791257559.0764,R,C,,-67,,,
1791257559.1054,R,A,,-73,,,
1791257559.1268,O,,,,-0.09465,1.2944,0.9484
1791257559.1278,O,,,,-0.10921,1.2947,0.9483
1791257559.1286,O,,,,-0.12509,1.2947,0.9483
1791257559.1293,O,,,,-0.14098,1.2947,0.9483
1791257559.1211,R,B,,-66,,,
1791257559.1221,R,C,,-75,,,
1791257559.1464,R,A,,-83,,,
1791257559.1662,R,B,,-63,,,
1791257559.2014,O,,,,-0.15554,1.2944,0.9484
1791257559.2026,O,,,,-0.17142,1.2944,0.9484
1791257559.2039,O,,,,-0.18731,1.2944,0.9484
1791257559.2053,R,A,,-73,,,
1791257559.2103,R,B,,-68,,,
1791257559.2107,R,C,,-70,,,
1791257559.2556,R,A,,-83,,,
1791257559.2820,O,,,,-0.20319,1.2944,0.9484
1791257559.2830,O,,,,-0.21775,1.2947,0.9483
1791257559.2838,O,,,,-0.23363,1.2947,0.9483
1791257559.2846,O,,,,-0.24952,1.2947,0.9483
1791257559.2714,R,B,,-83,,,
1791257559.2726,R,C,,-75,,,
1791257559.2997,R,C,,-69,,,
1791257559.3003,R,A,,-75,,,
1791257559.3655,O,,,,-0.26408,1.2944,0.9484
1791257559.3665,O,,,,-0.27996,1.2944,0.9484
1791257559.3673,O,,,,-0.29452,1.2947,0.9483
1791257559.3681,O,,,,-0.30908,1.2944,0.9484
1791257559.3217,R,B,,-66,,,
1791257559.3511,R,A,,-74,,,
1791257559.3517,R,B,,-64,,,
1791257559.4004,R,C,,-66,,,
1791257559.4049,R,A,,-80,,,
1791257559.4063,R,B,,-72,,,
1791257559.4368,O,,,,-0.32497,1.2944,0.9484
1791257559.4378,O,,,,-0.34085,1.2944,0.9484
1791257559.4387,O,,,,-0.35409,1.2944,0.9484
1791257559.4394,O,,,,-0.36997,1.2944,0.9484
1791257559.4430,R,C,,-71,,,
1791257559.4506,R,A,,-80,,,
1791257559.4509,R,B,,-60,,,
1791257559.5171,O,,,,-0.38453,1.2942,0.9485
1791257559.5181,O,,,,-0.40041,1.2942,0.9485
1791257559.5188,O,,,,-0.41498,1.2944,0.9484
1791257559.5196,O,,,,-0.42954,1.2942,0.9485
1791257559.5058,R,A,,-78,,,
1791257559.5211,R,B,,-61,,,
1791257559.5349,R,B,,-63,,,
1791257559.5356,R,C,,-61,,,
1791257559.5363,R,A,,-69,,,
1791257559.5923,O,,,,-0.44542,1.2942,0.9485
1791257559.5933,O,,,,-0.45998,1.2944,0.9484
1791257559.5941,O,,,,-0.47586,1.2944,0.9484
1791257559.5948,O,,,,-0.49042,1.2942,0.9485
1791257559.5804,R,A,,-85,,,
1791257559.5853,R,B,,-65,,,
1791257559.5854,R,C,,-69,,,
1791257559.6618,O,,,,-0.50631,1.2942,0.9485
1791257559.6628,O,,,,-0.52087,1.2944,0.9484
1791257559.6636,O,,,,-0.53543,1.2942,0.9485
1791257559.6289,R,C,,-69,,,
1791257559.6292,R,A,,-77,,,
1791257559.6711,R,B,,-77,,,
1791257559.6753,R,C,,-67,,,
1791257559.6756,R,A,,-68,,,
1791257559.7191,R,B,,-56,,,
1791257559.7417,O,,,,-0.55131,1.2942,0.9485
1791257559.7428,O,,,,-0.56455,1.2942,0.9485
1791257559.7437,O,,,,-0.58043,1.2942,0.9485
1791257559.7445,O,,,,-0.59632,1.2942,0.9485
1791257559.7206,R,A,,-69,,,
1791257559.7243,R,C,,-70,,,
1791257559.7649,R,C,,-66,,,
1791257559.7651,R,A,,-78,,,
1791257559.8167,O,,,,-0.61220,1.2942,0.9485
1791257559.8176,O,,,,-0.62544,1.2942,0.9485
1791257559.8184,O,,,,-0.64132,1.2942,0.9485
1791257559.8192,O,,,,-0.65720,1.2942,0.9485
1791257559.7714,R,B,,-55,,,
1791257559.8223,R,B,,-59,,,
1791257559.8501,R,C,,-57,,,
1791257559.8551,R,A,,-69,,,
1791257559.8623,R,C,,-68,,,
1791257559.8624,R,B,,-60,,,
1791257559.8962,O,,,,-0.67044,1.2942,0.9485
1791257559.8971,O,,,,-0.68632,1.2942,0.9485
1791257559.8980,O,,,,-0.70221,1.2942,0.9485
1791257559.8988,O,,,,-0.71677,1.2940,0.9487
1791257559.8809,R,A,,-69,,,
1791257559.9500,R,C,,-69,,,
1791257559.9559,R,A,,-68,,,
1791257559.9763,O,,,,-0.73133,1.2942,0.9485
1791257559.9782,O,,,,-0.74721,1.2942,0.9485
1791257559.9792,O,,,,-0.76310,1.2942,0.9485
1791257559.9800,O,,,,-0.77766,1.2944,0.9483
1791257559.9711,R,B,,-54,,,
1791257559.9898,R,C,,-68,,,
1791257559.9903,R,A,,-83,,,
1791257560.0093,R,B,,-61,,,
1791257560.0519,O,,,,-0.79222,1.2942,0.9485
1791257560.0536,O,,,,-0.80678,1.2940,0.9487
1791257560.0544,O,,,,-0.82134,1.2942,0.9485
1791257560.0552,O,,,,-0.83590,1.2940,0.9487
1791257560.0218,R,A,,-72,,,
1791257560.0353,R,C,,-71,,,
1791257560.0501,R,A,,-69,,,
1791257560.0502,R,C,,-69,,,
1791257560.0712,R,B,,-62,,,
1791257560.0970,R,A,,-65,,,
1791257560.0975,R,B,,-55,,,
1791257560.0996,R,C,,-79,,,
1791257560.1221,O,,,,-0.85046,1.2942,0.9485
1791257560.1231,O,,,,-0.86634,1.2942,0.9485
1791257560.1239,O,,,,-0.88223,1.2942,0.9485
1791257560.1389,R,C,,-62,,,
1791257560.1434,R,B,,-64,,,
1791257560.1554,R,A,,-69,,,
1791257560.2095,O,,,,-0.89679,1.2943,0.9483
1791257560.2104,O,,,,-0.91267,1.2943,0.9483
1791257560.2115,O,,,,-0.92855,1.2943,0.9483
1791257560.2124,O,,,,-0.94311,1.2942,0.9485
1791257560.1914,R,C,,-65,,,
1791257560.1916,R,A,,-70,,,
1791257560.1918,R,B,,-63,,,
1791257560.2344,R,B,,-67,,,
1791257560.2346,R,C,,-63,,,
1791257560.2348,R,A,,-67,,,
1791257560.2835,O,,,,-0.95767,1.2943,0.9483
1791257560.2845,O,,,,-0.97356,1.2943,0.9483
1791257560.2855,O,,,,-0.99077,1.2942,0.9485
1791257560.2862,O,,,,-1.00533,1.2941,0.9487
1791257560.2764,R,C,,-68,,,
1791257560.2766,R,A,,-69,,,
1791257560.3152,R,C,,-80,,,
1791257560.3155,R,A,,-73,,,
1791257560.3563,O,,,,-1.01989,1.2942,0.9485
1791257560.3573,O,,,,-1.03577,1.2942,0.9485
1791257560.3582,O,,,,-1.04901,1.2942,0.9485
1791257560.3590,O,,,,-1.06489,1.2942,0.9485
1791257560.3212,R,B,,-63,,,
1791257560.3596,R,B,,-63,,,
1791257560.3972,R,A,,-67,,,
1791257560.3998,R,C,,-66,,,
1791257560.4051,R,B,,-61,,,
1791257560.4054,R,A,,-67,,,
1791257560.4104,R,C,,-62,,,
1791257560.4371,O,,,,-1.08077,1.2942,0.9485
1791257560.4381,O,,,,-1.09401,1.2942,0.9485
1791257560.4389,O,,,,-1.10990,1.2942,0.9485
1791257560.4396,O,,,,-1.12313,1.2942,0.9485
1791257560.4484,R,A,,-72,,,
1791257560.4502,R,C,,-61,,,
1791257560.5111,O,,,,-1.13902,1.2942,0.9485
1791257560.5120,O,,,,-1.15490,1.2942,0.9485
1791257560.5128,O,,,,-1.16946,1.2943,0.9483
1791257560.5135,O,,,,-1.18402,1.2942,0.9485
1791257560.4713,R,B,,-52,,,
1791257560.5005,R,C,,-66,,,
1791257560.5018,R,A,,-72,,,
1791257560.5031,R,B,,-53,,,
1791257560.5350,R,A,,-67,,,
1791257560.5413,R,C,,-68,,,
1791257560.5419,R,B,,-55,,,
1791257560.5917,O,,,,-1.19858,1.2943,0.9483
1791257560.5928,O,,,,-1.21446,1.2943,0.9483
1791257560.5936,O,,,,-1.23035,1.2943,0.9483
1791257560.5943,O,,,,-1.24491,1.2942,0.9485
1791257560.5792,R,C,,-66,,,
1791257560.5795,R,A,,-69,,,
1791257560.5837,R,B,,-55,,,
1791257560.6623,O,,,,-1.25947,1.2943,0.9483
1791257560.6633,O,,,,-1.27535,1.2943,0.9483
1791257560.6640,O,,,,-1.28991,1.2942,0.9485
1791257560.6289,R,C,,-66,,,
1791257560.6713,R,B,,-54,,,
1791257560.6827,R,C,,-65,,,
1791257560.6829,R,A,,-64,,,
1791257560.7148,R,B,,-49,,,
1791257560.7152,R,A,,-65,,,
1791257560.7154,R,C,,-67,,,
1791257560.7371,O,,,,-1.30447,1.2943,0.9483
1791257560.7381,O,,,,-1.32036,1.2943,0.9483
1791257560.7389,O,,,,-1.33624,1.2943,0.9483
1791257560.7396,O,,,,-1.34948,1.2943,0.9483
1791257560.8172,O,,,,-1.36536,1.2943,0.9483
1791257560.8180,O,,,,-1.37992,1.2942,0.9485
1791257560.8188,O,,,,-1.39581,1.2942,0.9485
1791257560.8196,O,,,,-1.41037,1.2943,0.9483
1791257560.7712,R,B,,-52,,,
1791257560.7998,R,C,,-72,,,
1791257560.8061,R,A,,-65,,,
1791257560.8152,R,C,,-72,,,
1791257560.8156,R,B,,-54,,,
1791257560.8533,R,B,,-54,,,
1791257560.8556,R,A,,-60,,,
1791257560.8967,O,,,,-1.42493,1.2942,0.9485
1791257560.8978,O,,,,-1.44081,1.2942,0.9485
1791257560.8987,O,,,,-1.45537,1.2943,0.9482
1791257560.9002,O,,,,-1.46993,1.2942,0.9485
1791257560.9014,R,B,,-58,,,
1791257560.9058,R,A,,-60,,,
1791257560.9524,R,A,,-60,,,
1791257560.9542,R,B,,-55,,,
1791257560.9724,O,,,,-1.48581,1.2942,0.9485
1791257560.9734,O,,,,-1.50037,1.2943,0.9482
1791257560.9742,O,,,,-1.51493,1.2942,0.9485
1791257560.9753,O,,,,-1.53082,1.2942,0.9485
1791257560.9933,R,C,,-70,,,
1791257561.0058,R,A,,-56,,,
1791257561.0514,O,,,,-1.54538,1.2943,0.9482
1791257561.0526,O,,,,-1.55994,1.2942,0.9485
1791257561.0534,O,,,,-1.57582,1.2942,0.9485
1791257561.0542,O,,,,-1.59038,1.2942,0.9482
1791257561.0214,R,B,,-50,,,
1791257561.0423,R,B,,-61,,,
1791257561.0821,R,C,,-70,,,
1791257561.0823,R,A,,-58,,,
1791257561.0825,R,B,,-57,,,
1791257561.1216,O,,,,-1.60627,1.2942,0.9482
1791257561.1225,O,,,,-1.62083,1.2943,0.9485
1791257561.1232,O,,,,-1.63671,1.2943,0.9485
1791257561.1232,R,A,,-56,,,
1791257561.1338,R,C,,-70,,,
1791257561.1966,O,,,,-1.65127,1.2942,0.9482
1791257561.1976,O,,,,-1.66716,1.2942,0.9482
1791257561.1984,O,,,,-1.68172,1.2943,0.9485
1791257561.1992,O,,,,-1.69760,1.2943,0.9485
1791257561.1721,R,B,,-83,,,
1791257561.1777,R,C,,-69,,,
1791257561.2054,R,A,,-60,,,
1791257561.2152,R,B,,-68,,,
1791257561.2347,R,C,,-82,,,
1791257561.2352,R,A,,-59,,,
1791257561.2575,R,B,,-68,,,
1791257561.2758,O,,,,-1.71216,1.2942,0.9482
1791257561.2769,O,,,,-1.72672,1.2943,0.9485
1791257561.2777,O,,,,-1.74260,1.2943,0.9485
1791257561.2785,O,,,,-1.75584,1.2943,0.9485
1791257561.2999,R,C,,-78,,,
1791257561.3059,R,A,,-57,,,
1791257561.3562,O,,,,-1.77040,1.2942,0.9483
1791257561.3572,O,,,,-1.78496,1.2943,0.9485
1791257561.3581,O,,,,-1.79820,1.2943,0.9485
1791257561.3589,O,,,,-1.81143,1.2943,0.9485
1791257561.3214,R,B,,-58,,,
1791257561.3461,R,C,,-67,,,
1791257561.3523,R,B,,-68,,,
1791257561.3539,R,A,,-62,,,
1791257561.3967,R,B,,-66,,,
1791257561.4001,R,C,,-72,,,
1791257561.4057,R,A,,-61,,,
1791257561.4325,O,,,,-1.82467,1.2943,0.9485
1791257561.4334,O,,,,-1.83791,1.2943,0.9485
1791257561.4342,O,,,,-1.85114,1.2943,0.9485
1791257561.4349,O,,,,-1.86173,1.2943,0.9485
1791257561.4411,R,A,,-59,,,
1791257561.4561,R,B,,-64,,,
1791257561.5111,O,,,,-1.87365,1.2942,0.9483
1791257561.5120,O,,,,-1.88556,1.2943,0.9485
1791257561.5128,O,,,,-1.89615,1.2943,0.9485
1791257561.5135,O,,,,-1.90674,1.2943,0.9485
1791257561.4879,R,C,,-67,,,
1791257561.5052,R,A,,-61,,,
1791257561.5079,R,B,,-67,,,
1791257561.5283,R,C,,-81,,,
1791257561.5536,R,A,,-61,,,
1791257561.5682,R,B,,-68,,,
1791257561.5868,O,,,,-1.91600,1.2942,0.9483
1791257561.5877,O,,,,-1.92527,1.2943,0.9485
1791257561.5885,O,,,,-1.93586,1.2943,0.9485
1791257561.5894,O,,,,-1.94380,1.2943,0.9485
1791257561.5712,R,C,,-85,,,
1791257561.5713,R,B,,-69,,,
1791257561.6054,R,A,,-59,,,
1791257561.6565,O,,,,-1.95174,1.2943,0.9485
1791257561.6575,O,,,,-1.95968,1.2943,0.9485
1791257561.6583,O,,,,-1.96630,1.2944,0.9488
1791257561.6214,R,B,,-60,,,
1791257561.6448,R,A,,-60,,,
1791257561.6449,R,C,,-69,,,
1791257561.6624,R,C,,-78,,,
1791257561.6625,R,A,,-61,,,
1791257561.6723,R,B,,-62,,,
1791257561.7092,R,B,,-67,,,
1791257561.7371,O,,,,-1.97424,1.2944,0.9488
1791257561.7381,O,,,,-1.97954,1.2944,0.9488
1791257561.7389,O,,,,-1.98748,1.2944,0.9488
1791257561.7397,O,,,,-1.99278,1.2944,0.9488
1791257561.7563,R,A,,-59,,,
1791257561.7573,R,B,,-58,,,
1791257561.7608,R,C,,-81,,,
1791257561.8127,O,,,,-1.99807,1.2944,0.9488
1791257561.8136,O,,,,-2.00336,1.2944,0.9488
1791257561.8145,O,,,,-2.00866,1.2944,0.9488
1791257561.8152,O,,,,-2.01263,1.2945,0.9490
1791257561.8043,R,B,,-62,,,
1791257561.8059,R,A,,-59,,,
1791257561.8502,R,C,,-72,,,
1791257561.8559,R,A,,-61,,,
1791257561.8914,O,,,,-2.01660,1.2944,0.9488
1791257561.8923,O,,,,-2.02057,1.2945,0.9490
1791257561.8930,O,,,,-2.02454,1.2944,0.9488
1791257561.8938,O,,,,-2.02719,1.2944,0.9488
1791257561.8975,R,A,,-59,,,
1791257561.9161,R,B,,-59,,,
1791257561.9363,R,B,,-62,,,
1791257561.9380,R,C,,-74,,,
1791257561.9382,R,A,,-59,,,
1791257561.9715,O,,,,-2.02984,1.2944,0.9488
1791257561.9723,O,,,,-2.03116,1.2945,0.9490
1791257561.9731,O,,,,-2.03248,1.2944,0.9488
1791257561.9739,O,,,,-2.03381,1.2945,0.9490
1791257561.9783,R,A,,-61,,,
1791257562.0001,R,C,,-71,,,
1791257562.0162,R,B,,-64,,,
1791257562.0467,O,,,,-2.03513,1.2944,0.9488
1791257562.0479,O,,,,-2.03513,1.2944,0.9488
1791257562.0487,O,,,,-2.03513,1.2944,0.9488
1791257562.0494,O,,,,-2.03513,1.2944,0.9488
1791257562.0203,R,B,,-63,,,
1791257562.0505,R,C,,-84,,,
1791257562.0559,R,A,,-59,,,
1791257562.0658,R,C,,-72,,,
1791257562.1169,O,,,,-2.03513,1.2944,0.9488
1791257562.1179,O,,,,-2.03513,1.2944,0.9488
1791257562.1187,O,,,,-2.03513,1.2944,0.9488
1791257562.0716,R,B,,-59,,,
1791257562.0779,R,A,,-58,,,
1791257562.1133,R,C,,-72,,,
1791257562.1135,R,B,,-62,,,
1791257562.1525,R,A,,-61,,,
1791257562.1539,R,B,,-63,,,
1791257562.1547,R,A,,-61,,,
1791257562.1968,O,,,,-2.03513,1.2944,0.9488
1791257562.1978,O,,,,-2.03513,1.2944,0.9488
1791257562.1986,O,,,,-2.03513,1.2944,0.9488
1791257562.1994,O,,,,-2.03513,1.2944,0.9488
1791257562.2060,R,A,,-59,,,
1791257562.2215,R,B,,-59,,,
1791257562.2417,R,B,,-62,,,
1791257562.2564,R,A,,-58,,,
1791257562.2717,O,,,,-2.03513,1.2944,0.9488
1791257562.2726,O,,,,-2.03513,1.2944,0.9488
1791257562.2734,O,,,,-2.03513,1.2944,0.9488
1791257562.2742,O,,,,-2.03513,1.2944,0.9488
1791257562.2881,R,C,,-71,,,
1791257562.2908,R,B,,-65,,,
1791257562.3061,R,A,,-61,,,
1791257562.3521,O,,,,-2.03513,1.2944,0.9488
1791257562.3531,O,,,,-2.03513,1.2944,0.9488
1791257562.3539,O,,,,-2.03513,1.2944,0.9488
1791257562.3547,O,,,,-2.03513,1.2944,0.9488
1791257562.3378,R,B,,-59,,,
1791257562.3380,R,C,,-82,,,
1791257562.3562,R,A,,-60,,,
1791257562.3946,R,B,,-62,,,
1791257562.3953,R,C,,-72,,,
1791257562.3955,R,A,,-59,,,
1791257562.4321,O,,,,-2.03513,1.2944,0.9488
1791257562.4332,O,,,,-2.03513,1.2944,0.9488
1791257562.4339,O,,,,-2.03513,1.2944,0.9488
1791257562.4348,O,,,,-2.03513,1.2944,0.9488
1791257562.4229,R,B,,-62,,,
1791257562.4503,R,C,,-72,,,
1791257562.4558,R,A,,-61,,,
1791257562.5069,O,,,,-2.03513,1.2944,0.9488
1791257562.5080,O,,,,-2.03513,1.2944,0.9488
1791257562.5088,O,,,,-2.03513,1.2944,0.9488
1791257562.5099,O,,,,-2.03513,1.2944,0.9488
1791257562.4709,R,A,,-61,,,
1791257562.5173,R,C,,-70,,,
1791257562.5216,R,B,,-60,,,
1791257562.5559,R,A,,-62,,,
1791257562.5628,R,B,,-65,,,
1791257562.5630,R,C,,-66,,,
1791257562.5873,O,,,,-2.03513,1.2944,0.9488
1791257562.5881,O,,,,-2.03513,1.2944,0.9488
1791257562.5889,O,,,,-2.03513,1.2944,0.9488
1791257562.5897,O,,,,-2.03513,1.2944,0.9488
1791257562.6032,R,B,,-67,,,
1791257562.6033,R,A,,-67,,,
1791257562.6572,O,,,,-2.03513,1.2944,0.9488
1791257562.6582,O,,,,-2.03513,1.2944,0.9488
1791257562.6589,O,,,,-2.03513,1.2944,0.9488
1791257562.6526,R,A,,-71,,,
1791257562.6717,R,B,,-66,,,
1791257562.6949,R,B,,-66,,,
1791257562.7003,R,C,,-67,,,
1791257562.7057,R,A,,-65,,,
1791257562.7311,O,,,,-2.03513,1.2944,0.9488
1791257562.7322,O,,,,-2.03513,1.2944,0.9488
1791257562.7330,O,,,,-2.03513,1.2944,0.9488
1791257562.7338,O,,,,-2.03513,1.2944,0.9488
1791257563.2148,O,,,,-2.03513,1.2944,0.9488
1791257562.7444,R,A,,-68,,,
1791257562.7445,R,B,,-63,,,
1791257562.7468,R,C,,-72,,,
1791257563.2199,O,,,,-2.03513,1.2944,0.9488
1791257562.8001,R,C,,-74,,,
1791257562.8056,R,A,,-67,,,
1791257562.8141,R,B,,-64,,,
1791257563.2240,O,,,,-2.03513,1.2944,0.9488
1791257562.8315,R,C,,-80,,,
1791257562.8317,R,A,,-67,,,
1791257562.8383,R,B,,-75,,,
1791257563.2277,O,,,,-2.03513,1.2944,0.9488
1791257562.8759,R,C,,-73,,,
1791257562.8761,R,A,,-71,,,
1791257563.2322,O,,,,-2.03513,1.2944,0.9488
1791257562.9239,R,C,,-74,,,
1791257562.9248,R,A,,-67,,,
1791257563.2382,O,,,,-2.03513,1.2944,0.9488
1791257562.9716,R,B,,-88,,,
1791257563.0001,R,C,,-72,,,
1791257563.0019,R,A,,-72,,,
1791257563.0133,R,C,,-81,,,
1791257563.0136,R,A,,-72,,,
1791257563.0138,R,B,,-72,,,
1791257563.2397,O,,,,-2.03513,1.2944,0.9488
1791257563.0718,R,B,,-79,,,
1791257563.0739,R,C,,-69,,,
1791257563.0742,R,A,,-70,,,
1791257563.1093,R,C,,-64,,,
1791257563.1094,R,B,,-65,,,
1791257563.2413,O,,,,-2.03513,1.2944,0.9488
1791257563.1529,R,A,,-58,,,
1791257563.1561,R,B,,-68,,,
1791257563.2427,O,,,,-2.03513,1.2944,0.9488
1791257563.1992,R,C,,-61,,,
1791257563.2060,R,A,,-64,,,
1791257563.2437,O,,,,-2.03513,1.2944,0.9488
1791257563.2445,O,,,,-2.03513,1.2944,0.9488
1791257563.2453,O,,,,-2.03513,1.2944,0.9488
1791257563.2461,O,,,,-2.03513,1.2944,0.9488
1791257563.2468,O,,,,-2.03513,1.2944,0.9488
1791257563.2475,O,,,,-2.03513,1.2944,0.9488
1791257563.2482,O,,,,-2.03513,1.2944,0.9488
1791257563.2489,O,,,,-2.03513,1.2944,0.9488
1791257563.2497,O,,,,-2.03513,1.2944,0.9488
1791257563.2504,O,,,,-2.03513,1.2944,0.9488
1791257563.2511,O,,,,-2.03513,1.2944,0.9488
1791257563.2518,O,,,,-2.03513,1.2944,0.9488
1791257563.2526,O,,,,-2.03513,1.2944,0.9488
1791257563.2533,O,,,,-2.03513,1.2944,0.9488
1791257563.2223,R,B,,-62,,,
1791257563.2450,R,C,,-72,,,
1791257563.2454,R,B,,-61,,,
1791257563.2563,R,A,,-63,,,
1791257563.2719,O,,,,-2.03513,1.2944,0.9488
1791257563.2729,O,,,,-2.03513,1.2944,0.9488
1791257563.2737,O,,,,-2.03513,1.2944,0.9488
1791257563.2745,O,,,,-2.03513,1.2944,0.9488
1791257563.2904,R,B,,-72,,,
1791257563.2915,R,C,,-65,,,
1791257563.3063,R,A,,-80,,,
1791257563.3515,O,,,,-2.03513,1.2944,0.9488
1791257563.3523,O,,,,-2.03513,1.2944,0.9488
1791257563.3531,O,,,,-2.03513,1.2944,0.9488
1791257563.3539,O,,,,-2.03513,1.2944,0.9488
1791257563.3393,R,B,,-68,,,
1791257563.3433,R,C,,-75,,,
1791257563.3445,R,A,,-71,,,
1791257563.3836,R,A,,-86,,,
1791257563.3838,R,B,,-86,,,
1791257563.4003,R,C,,-67,,,
1791257563.4260,O,,,,-2.03513,1.2944,0.9488
1791257563.4269,O,,,,-2.03513,1.2944,0.9488
1791257563.4278,O,,,,-2.03513,1.2944,0.9488
1791257563.4286,O,,,,-2.03646,1.2943,0.9485
1791257563.4296,R,A,,-63,,,
1791257563.4298,R,C,,-60,,,
1791257563.4467,R,B,,-79,,,
1791257563.5067,O,,,,-2.03778,1.2941,0.9483
1791257563.5078,O,,,,-2.03910,1.2940,0.9480
1791257563.5086,O,,,,-2.04043,1.2939,0.9478
1791257563.5095,O,,,,-2.04307,1.2937,0.9473
1791257563.4772,R,C,,-64,,,
1791257563.4774,R,A,,-64,,,
1791257563.5131,R,B,,-66,,,
1791257563.5225,R,A,,-66,,,
1791257563.5814,O,,,,-2.04572,1.2932,0.9464
1791257563.5828,O,,,,-2.04969,1.2928,0.9457
1791257563.5836,O,,,,-2.05234,1.2923,0.9448
1791257563.5844,O,,,,-2.05499,1.2918,0.9438
1791257563.5743,R,C,,-58,,,
1791257563.6062,R,A,,-62,,,
1791257563.6531,O,,,,-2.06028,1.2913,0.9429
1791257563.6542,O,,,,-2.06425,1.2907,0.9417
1791257563.6552,O,,,,-2.06955,1.2900,0.9403
1791257563.6219,R,B,,-72,,,
1791257563.6505,R,C,,-65,,,
1791257563.6547,R,A,,-81,,,
1791257563.6653,R,B,,-70,,,
1791257563.6654,R,A,,-68,,,
1791257563.6949,R,C,,-66,,,
1791257563.7092,R,B,,-61,,,
1791257563.7325,O,,,,-2.07484,1.2892,0.9389
1791257563.7334,O,,,,-2.07881,1.2883,0.9373
1791257563.7341,O,,,,-2.08411,1.2875,0.9359
1791257563.7349,O,,,,-2.08940,1.2865,0.9341
1791257563.7504,R,C,,-63,,,
1791257563.7599,R,C,,-68,,,
1791257563.7633,R,B,,-66,,,
1791257563.8117,O,,,,-2.09470,1.2854,0.9322
1791257563.8127,O,,,,-2.09999,1.2844,0.9304
1791257563.8135,O,,,,-2.10529,1.2830,0.9281
1791257563.8148,O,,,,-2.11190,1.2818,0.9261
1791257563.8090,R,B,,-71,,,
1791257563.8092,R,C,,-66,,,
1791257563.8540,R,A,,-67,,,
1791257563.8542,R,B,,-76,,,
1791257563.8869,O,,,,-2.11720,1.2804,0.9238
1791257563.8884,O,,,,-2.12117,1.2789,0.9213
1791257563.8896,O,,,,-2.12779,1.2774,0.9188
1791257563.8906,O,,,,-2.13176,1.2758,0.9164
1791257563.8703,R,C,,-50,,,
1791257563.9015,R,A,,-66,,,
1791257563.9048,R,B,,-68,,,
1791257563.9669,O,,,,-2.13705,1.2741,0.9137
1791257563.9678,O,,,,-2.14102,1.2723,0.9108
1791257563.9689,O,,,,-2.14367,1.2706,0.9081
1791257563.9698,O,,,,-2.14632,1.2685,0.9050
1791257563.9423,R,B,,-82,,,
1791257563.9504,R,C,,-62,,,
1791257563.9561,R,A,,-68,,,
1791257563.9824,R,C,,-52,,,
1791257564.0068,R,A,,-63,,,
1791257564.0417,O,,,,-2.14764,1.2667,0.9021
1791257564.0431,O,,,,-2.14897,1.2648,0.8992
1791257564.0472,O,,,,-2.15029,1.2626,0.8959
1791257564.0481,O,,,,-2.15161,1.2604,0.8926
1791257564.0220,R,B,,-67,,,
1791257564.0504,R,C,,-50,,,
1791257564.0564,R,A,,-56,,,
1791257564.0616,R,B,,-80,,,
1791257564.1114,O,,,,-2.15161,1.2584,0.8895
1791257564.1126,O,,,,-2.15161,1.2561,0.8860
1791257564.1135,O,,,,-2.15161,1.2541,0.8829
1791257564.0718,R,B,,-83,,,
1791257564.0776,R,A,,-60,,,
1791257564.0778,R,C,,-55,,,
1791257564.1146,R,B,,-77,,,
1791257564.1427,R,A,,-56,,,
1791257564.1429,R,C,,-57,,,
1791257564.1916,O,,,,-2.15029,1.2519,0.8795
1791257564.1928,O,,,,-2.14897,1.2494,0.8758
1791257564.1937,O,,,,-2.14764,1.2472,0.8724
1791257564.1945,O,,,,-2.14632,1.2451,0.8691
1791257564.1720,R,B,,-62,,,
1791257564.1860,R,A,,-51,,,
1791257564.1888,R,C,,-52,,,
1791257564.2067,R,C,,-72,,,
1791257564.2664,O,,,,-2.14367,1.2428,0.8656
1791257564.2679,O,,,,-2.14102,1.2405,0.8620
1791257564.2687,O,,,,-2.13705,1.2384,0.8586
1791257564.2695,O,,,,-2.13441,1.2361,0.8551
1791257564.2226,R,B,,-68,,,
1791257564.2480,R,C,,-74,,,
1791257564.2493,R,A,,-83,,,
1791257564.2494,R,B,,-69,,,
1791257564.2977,R,B,,-62,,,
1791257564.2979,R,A,,-59,,,
1791257564.3005,R,C,,-67,,,
1791257564.3498,O,,,,-2.12911,1.2338,0.8515
1791257564.3509,O,,,,-2.12514,1.2317,0.8481
1791257564.3517,O,,,,-2.11985,1.2295,0.8445
1791257564.3525,O,,,,-2.11455,1.2273,0.8409
1791257564.3511,R,B,,-65,,,
1791257564.3512,R,C,,-58,,,
1791257564.3562,R,A,,-56,,,
1791257564.3852,R,A,,-58,,,
1791257564.3854,R,C,,-63,,,
1791257564.3944,R,B,,-65,,,
1791257564.4267,O,,,,-2.11058,1.2253,0.8375
1791257564.4278,O,,,,-2.10661,1.2232,0.8341
1791257564.4286,O,,,,-2.09999,1.2212,0.8306
1791257564.4294,O,,,,-2.09470,1.2194,0.8274
1791257564.4332,R,C,,-57,,,
1791257564.4562,R,A,,-54,,,
1791257564.4612,R,B,,-58,,,
1791257564.5022,O,,,,-2.09073,1.2174,0.8240
1791257564.5031,O,,,,-2.08411,1.2154,0.8205
1791257564.5039,O,,,,-2.08014,1.2137,0.8175
1791257564.5047,O,,,,-2.07352,1.2121,0.8145
1791257564.4746,R,C,,-54,,,
1791257564.4755,R,A,,-59,,,
1791257564.5212,R,C,,-58,,,
1791257564.5215,R,B,,-68,,,
1791257564.5447,R,A,,-60,,,
1791257564.5643,R,B,,-65,,,
1791257564.5719,O,,,,-2.06822,1.2103,0.8113
1791257564.5728,O,,,,-2.06293,1.2085,0.8080
1791257564.5737,O,,,,-2.05763,1.2070,0.8052
1791257564.6005,R,C,,-61,,,
1791257564.6047,R,A,,-60,,,
1791257564.6099,R,B,,-69,,,
1791257564.6105,R,C,,-63,,,
1791257564.6537,O,,,,-2.05234,1.2056,0.8024
1791257564.6546,O,,,,-2.04837,1.2040,0.7994
1791257564.6554,O,,,,-2.04307,1.2025,0.7965
1791257564.6562,O,,,,-2.03646,1.2010,0.7935
1791257564.6525,R,A,,-61,,,
1791257564.6553,R,A,,-61,,,
1791257564.6624,R,B,,-68,,,
1791257564.6952,R,A,,-64,,,
1791257564.7005,R,C,,-66,,,
1791257564.7046,R,B,,-70,,,
1791257564.7262,O,,,,-2.03248,1.1994,0.7904
1791257564.7274,O,,,,-2.02719,1.1980,0.7875
1791257564.7283,O,,,,-2.02190,1.1964,0.7842
1791257564.7291,O,,,,-2.01792,1.1949,0.7811
1791257564.7509,R,B,,-72,,,
1791257564.7511,R,C,,-61,,,
1791257564.7563,R,A,,-66,,,
1791257564.8062,O,,,,-2.01395,1.1934,0.7780
1791257564.8072,O,,,,-2.00998,1.1919,0.7749
1791257564.8081,O,,,,-2.00601,1.1905,0.7718
1791257564.8088,O,,,,-2.00336,1.1891,0.7689
1791257564.7898,R,B,,-75,,,
1791257564.7913,R,C,,-61,,,
1791257564.7918,R,A,,-67,,,
1791257564.8380,R,C,,-66,,,
1791257564.8382,R,A,,-64,,,
1791257564.8843,O,,,,-2.00072,1.1876,0.7655
1791257564.8853,O,,,,-1.99675,1.1862,0.7624
1791257564.8862,O,,,,-1.99410,1.1846,0.7590
1791257564.8870,O,,,,-1.99278,1.1832,0.7559
1791257564.8721,R,B,,-69,,,
1791257564.8960,R,C,,-70,,,
1791257564.8963,R,A,,-63,,,
1791257564.8968,R,B,,-66,,,
1791257564.9617,O,,,,-1.98748,1.1817,0.7525
1791257564.9629,O,,,,-1.98483,1.1802,0.7491
1791257564.9637,O,,,,-1.98351,1.1786,0.7455
1791257564.9645,O,,,,-1.98351,1.1771,0.7421
1791257564.9506,R,C,,-61,,,
1791257564.9567,R,A,,-59,,,
1791257564.9721,R,B,,-62,,,
1791257565.0013,R,C,,-62,,,
1791257565.0066,R,A,,-64,,,
1791257565.0159,R,B,,-61,,,
1791257565.0183,R,B,,-67,,,
1791257565.0418,O,,,,-1.98086,1.1757,0.7387
1791257565.0432,O,,,,-1.98086,1.1740,0.7348
1791257565.0440,O,,,,-1.97954,1.1724,0.7311
1791257565.0448,O,,,,-1.97821,1.1708,0.7275
1791257565.0206,R,C,,-75,,,
1791257565.0208,R,A,,-74,,,
1791257565.0641,R,B,,-63,,,
1791257565.1111,O,,,,-1.97821,1.1691,0.7236
1791257565.1120,O,,,,-1.97954,1.1676,0.7200
1791257565.1128,O,,,,-1.97821,1.1660,0.7163
1791257565.0899,R,C,,-67,,,
1791257565.0900,R,A,,-72,,,
1791257565.1064,R,B,,-62,,,
1791257565.1215,R,C,,-72,,,
1791257565.1522,R,B,,-58,,,
1791257565.1525,R,A,,-63,,,
1791257565.1862,O,,,,-1.97821,1.1643,0.7124
1791257565.1872,O,,,,-1.97821,1.1626,0.7085
1791257565.1881,O,,,,-1.97689,1.1611,0.7049
1791257565.1888,O,,,,-1.97689,1.1594,0.7010
1791257565.1984,R,A,,-64,,,
1791257565.2007,R,C,,-68,,,
1791257565.2662,O,,,,-1.97689,1.1577,0.6971
1791257565.2673,O,,,,-1.97821,1.1561,0.6935
1791257565.2682,O,,,,-1.97689,1.1546,0.6898
1791257565.2690,O,,,,-1.97689,1.1529,0.6859
1791257565.2377,R,B,,-64,,,
1791257565.2380,R,C,,-65,,,
1791257565.2397,R,A,,-62,,,
1791257565.2829,R,C,,-66,,,
1791257565.2926,R,A,,-59,,,
1791257565.2929,R,B,,-64,,,
1791257565.3549,O,,,,-1.97689,1.1512,0.6820
1791257565.3560,O,,,,-1.97821,1.1497,0.6784
1791257565.3568,O,,,,-1.97821,1.1480,0.6745
1791257565.3576,O,,,,-1.97689,1.1464,0.6708
1791257565.3290,R,C,,-65,,,
1791257565.3294,R,A,,-63,,,
1791257565.3296,R,B,,-65,,,
1791257565.3712,R,B,,-62,,,
1791257565.4006,R,C,,-71,,,
1791257565.4066,R,A,,-59,,,
1791257565.4225,O,,,,-1.97689,1.1447,0.6670
1791257565.4233,O,,,,-1.97821,1.1432,0.6633
1791257565.4241,O,,,,-1.97689,1.1416,0.6597
1791257565.4249,O,,,,-1.97689,1.1399,0.6558
1791257565.4205,R,B,,-58,,,
1791257565.4256,R,C,,-67,,,
1791257565.4258,R,A,,-59,,,
1791257565.4653,R,B,,-63,,,
1791257565.4655,R,C,,-63,,,
1791257565.4657,R,A,,-62,,,
1791257565.5012,O,,,,-1.97689,1.1382,0.6519
1791257565.5021,O,,,,-1.97689,1.1366,0.6480
1791257565.5029,O,,,,-1.97557,1.1350,0.6443
1791257565.5037,O,,,,-1.97689,1.1334,0.6407
1791257565.5223,R,B,,-75,,,
1791257565.5364,R,A,,-65,,,
1791257565.5376,R,C,,-57,,,
1791257565.5526,R,B,,-75,,,
1791257565.5574,R,A,,-66,,,
1791257565.5717,O,,,,-1.97689,1.1318,0.6368
1791257565.5725,O,,,,-1.97689,1.1301,0.6329
1791257565.5734,O,,,,-1.97821,1.1285,0.6293
1791257565.5991,R,C,,-62,,,
1791257565.5995,R,A,,-69,,,
1791257565.6001,R,B,,-65,,,
1791257565.6460,O,,,,-1.97821,1.1268,0.6254
1791257565.6472,O,,,,-1.98086,1.1252,0.6215
1791257565.6479,O,,,,-1.98219,1.1236,0.6178
1791257565.6487,O,,,,-1.98483,1.1219,0.6140
1791257565.6407,R,C,,-60,,,
1791257565.6563,R,A,,-63,,,
1791257565.6722,R,B,,-67,,,
1791257565.6932,R,B,,-65,,,
1791257565.6957,R,C,,-57,,,
1791257565.6960,R,A,,-57,,,
1791257565.7261,O,,,,-1.98748,1.1202,0.6101
1791257565.7272,O,,,,-1.98880,1.1186,0.6065
1791257565.7281,O,,,,-1.99145,1.1168,0.6026
1791257565.7289,O,,,,-1.99410,1.1153,0.5992
1791257565.7351,R,C,,-77,,,
1791257565.7357,R,B,,-62,,,
1791257565.7493,R,A,,-67,,,
1791257565.8011,O,,,,-1.99675,1.1136,0.5954
1791257565.8022,O,,,,-1.99939,1.1118,0.5915
1791257565.8030,O,,,,-1.99939,1.1100,0.5876
1791257565.8038,O,,,,-2.00204,1.1083,0.5838
1791257565.8006,R,C,,-62,,,
1791257565.8066,R,A,,-65,,,
1791257565.8224,R,B,,-61,,,
1791257565.8515,R,C,,-57,,,
1791257565.8555,R,A,,-58,,,
1791257565.8657,R,C,,-61,,,
1791257565.8660,R,B,,-62,,,
1791257565.8668,R,A,,-61,,,
1791257565.8894,O,,,,-2.00469,1.1065,0.5799
1791257565.8903,O,,,,-2.00601,1.1048,0.5763
1791257565.8912,O,,,,-2.00866,1.1030,0.5725
1791257565.8920,O,,,,-2.01263,1.1014,0.5689
1791257565.9062,R,A,,-62,,,
1791257565.9612,O,,,,-2.01528,1.0995,0.5651
1791257565.9624,O,,,,-2.02057,1.0977,0.5613
1791257565.9633,O,,,,-2.02322,1.0959,0.5575
1791257565.9642,O,,,,-2.02851,1.0940,0.5537
1791257565.9223,R,B,,-64,,,
1791257565.9456,R,C,,-59,,,
1791257565.9472,R,A,,-60,,,
1791257565.9484,R,C,,-61,,,
1791257565.9586,R,B,,-61,,,
1791257565.9933,R,C,,-58,,,
1791257565.9938,R,A,,-58,,,
1791257565.9991,R,B,,-59,,,
1791257566.0359,O,,,,-2.03248,1.0922,0.5501
1791257566.0369,O,,,,-2.03646,1.0902,0.5461
1791257566.0378,O,,,,-2.04175,1.0883,0.5423
1791257566.0386,O,,,,-2.04705,1.0864,0.5385
1791257566.0361,R,C,,-61,,,
1791257566.0566,R,A,,-65,,,
1791257566.0616,R,B,,-63,,,
1791257566.1059,O,,,,-2.05234,1.0844,0.5348
1791257566.1067,O,,,,-2.05631,1.0826,0.5312
1791257566.1075,O,,,,-2.06161,1.0806,0.5275
1791257566.0838,R,C,,-61,,,
1791257566.0842,R,A,,-64,,,
1791257566.1117,R,B,,-62,,,
1791257566.1329,R,B,,-66,,,
1791257566.1563,R,A,,-68,,,
1791257566.1860,O,,,,-2.06690,1.0786,0.5238
1791257566.1870,O,,,,-2.07219,1.0766,0.5201
1791257566.1879,O,,,,-2.07749,1.0745,0.5163
1791257566.1887,O,,,,-2.08278,1.0725,0.5126
1791257566.1822,R,A,,-76,,,
1791257566.2008,R,C,,-66,,,
1791257566.2610,O,,,,-2.08675,1.0705,0.5092
1791257566.2621,O,,,,-2.09205,1.0684,0.5055
1791257566.2629,O,,,,-2.09602,1.0662,0.5016
1791257566.2637,O,,,,-2.10131,1.0640,0.4980
1791257566.2223,R,B,,-66,,,
1791257566.2249,R,A,,-73,,,
1791257566.2251,R,C,,-68,,,
1791257566.3008,R,C,,-67,,,
1791257566.3066,R,A,,-66,,,
1791257566.3411,O,,,,-2.10661,1.0619,0.4943
1791257566.3422,O,,,,-2.11190,1.0597,0.4907
1791257566.3431,O,,,,-2.11720,1.0575,0.4870
1791257566.3444,O,,,,-2.12249,1.0553,0.4834
1791257566.3517,R,C,,-66,,,
1791257566.3568,R,A,,-65,,,
1791257566.3710,R,B,,-64,,,
1791257566.3742,R,C,,-62,,,
1791257566.3745,R,A,,-65,,,
1791257566.4224,O,,,,-2.12779,1.0531,0.4798
1791257566.4235,O,,,,-2.13308,1.0508,0.4762
1791257566.4244,O,,,,-2.13838,1.0485,0.4727
1791257566.4252,O,,,,-2.14367,1.0465,0.4695
1791257566.4223,R,B,,-72,,,
1791257566.4508,R,C,,-68,,,
1791257566.4572,R,A,,-72,,,
1791257566.4659,R,B,,-73,,,
1791257566.4963,O,,,,-2.15029,1.0444,0.4662
1791257566.4974,O,,,,-2.15691,1.0419,0.4625
1791257566.4982,O,,,,-2.16353,1.0397,0.4592
1791257566.4989,O,,,,-2.17015,1.0375,0.4559
1791257566.4831,R,A,,-72,,,
1791257566.4832,R,C,,-66,,,
1791257566.5057,R,A,,-67,,,
1791257566.5665,O,,,,-2.17544,1.0351,0.4524
1791257566.5674,O,,,,-2.18206,1.0325,0.4487
1791257566.5682,O,,,,-2.18868,1.0302,0.4454
1791257566.5223,R,B,,-61,,,
1791257566.5429,R,C,,-63,,,
1791257566.5514,R,C,,-69,,,
1791257566.5573,R,A,,-66,,,
1791257566.5733,R,B,,-61,,,
1791257566.5932,R,B,,-66,,,
1791257566.5952,R,C,,-64,,,
1791257566.5953,R,A,,-73,,,
1791257566.6460,O,,,,-2.19529,1.0276,0.4418
1791257566.6469,O,,,,-2.20059,1.0251,0.4383
1791257566.6478,O,,,,-2.20721,1.0224,0.4347
1791257566.6485,O,,,,-2.21250,1.0199,0.4313
1791257566.6367,R,C,,-64,,,
1791257566.6427,R,A,,-81,,,
1791257566.7227,O,,,,-2.21912,1.0175,0.4281
1791257566.6723,R,B,,-68,,,
1791257566.6824,R,C,,-60,,,
1791257566.6828,R,A,,-71,,,
1791257566.6837,R,B,,-62,,,
1791257566.7243,O,,,,-2.22442,1.0150,0.4248
1791257566.7254,O,,,,-2.23103,1.0122,0.4212
1791257566.7265,O,,,,-2.23500,1.0098,0.4181
1791257566.7325,R,C,,-55,,,
1791257566.7493,R,B,,-63,,,
1791257566.7566,R,A,,-68,,,
1791257566.8011,O,,,,-2.24162,1.0073,0.4150
1791257566.8021,O,,,,-2.24692,1.0047,0.4117
1791257566.8029,O,,,,-2.25221,1.0020,0.4084
1791257566.8036,O,,,,-2.25751,0.9993,0.4051
1791257566.7730,R,A,,-72,,,
1791257566.7733,R,C,,-63,,,
1791257566.7734,R,B,,-63,,,
1791257566.8187,R,C,,-63,,,
1791257566.8202,R,A,,-74,,,
1791257566.8210,R,B,,-61,,,
1791257566.8630,R,B,,-60,,,
1791257566.8891,O,,,,-2.26280,0.9966,0.4018
1791257566.8899,O,,,,-2.26810,0.9939,0.3985
1791257566.8907,O,,,,-2.27339,0.9912,0.3953
1791257566.8915,O,,,,-2.27869,0.9885,0.3921
1791257566.8976,R,A,,-70,,,
1791257566.8979,R,C,,-57,,,
1791257566.9028,R,B,,-67,,,
1791257566.9065,R,A,,-80,,,
1791257566.9548,O,,,,-2.28530,0.9859,0.3891
1791257566.9558,O,,,,-2.28927,0.9833,0.3861
1791257566.9566,O,,,,-2.29457,0.9805,0.3829
1791257566.9575,O,,,,-2.29854,0.9775,0.3795
1791257566.9518,R,C,,-73,,,
1791257566.9520,R,B,,-68,,,
1791257566.9570,R,A,,-66,,,
1791257566.9982,R,B,,-63,,,
1791257567.0016,R,A,,-64,,,
1791257567.0017,R,C,,-64,,,
1791257567.0361,O,,,,-2.30516,0.9748,0.3766
1791257567.0370,O,,,,-2.31045,0.9720,0.3734
1791257567.0377,O,,,,-2.31575,0.9691,0.3703
1791257567.0385,O,,,,-2.32104,0.9662,0.3672
1791257567.0434,R,B,,-65,,,
1791257567.0453,R,C,,-65,,,
1791257567.0572,R,A,,-62,,,
1791257567.1062,O,,,,-2.32634,0.9633,0.3641
1791257567.1072,O,,,,-2.33031,0.9602,0.3609
1791257567.1079,O,,,,-2.33693,0.9575,0.3580
1791257567.0910,R,C,,-60,,,
1791257567.0917,R,A,,-67,,,
1791257567.1415,R,C,,-60,,,
1791257567.1567,R,A,,-67,,,
1791257567.1812,O,,,,-2.34222,0.9546,0.3549
1791257567.1827,O,,,,-2.34752,0.9516,0.3519
1791257567.1839,O,,,,-2.35016,0.9486,0.3489
1791257567.1851,O,,,,-2.35546,0.9456,0.3459
1791257567.1723,R,B,,-66,,,
1791257567.1933,R,B,,-69,,,
1791257567.2014,R,C,,-64,,,
1791257567.2071,R,A,,-64,,,
1791257567.2613,O,,,,-2.35943,0.9428,0.3431
1791257567.2627,O,,,,-2.36208,0.9398,0.3401
1791257567.2641,O,,,,-2.36605,0.9366,0.3369
1791257567.2652,O,,,,-2.37002,0.9338,0.3342
1791257567.2358,R,C,,-62,,,
1791257567.2364,R,B,,-68,,,
1791257567.2368,R,A,,-80,,,
1791257567.3105,R,B,,-68,,,
1791257567.3409,O,,,,-2.37266,0.9307,0.3312
1791257567.3419,O,,,,-2.37531,0.9277,0.3283
1791257567.3427,O,,,,-2.37796,0.9246,0.3253
1791257567.3435,O,,,,-2.37928,0.9218,0.3226
1791257567.3449,R,B,,-67,,,
1791257567.3463,R,C,,-63,,,
1791257567.3468,R,A,,-67,,,
1791257567.4166,O,,,,-2.38325,0.9189,0.3199
1791257567.4175,O,,,,-2.38590,0.9158,0.3170
1791257567.4184,O,,,,-2.38855,0.9127,0.3141
1791257567.4191,O,,,,-2.38987,0.9098,0.3113
1791257567.4016,R,C,,-61,,,
1791257567.4067,R,A,,-66,,,
1791257567.4173,R,B,,-70,,,
1791257567.4261,R,C,,-59,,,
1791257567.4263,R,A,,-65,,,
1791257567.4669,R,B,,-62,,,
1791257567.4965,O,,,,-2.39252,0.9067,0.3085
1791257567.4978,O,,,,-2.39517,0.9036,0.3056
1791257567.4991,O,,,,-2.39914,0.9007,0.3029
1791257567.4999,O,,,,-2.40046,0.8978,0.3002
1791257567.4712,R,B,,-59,,,
1791257567.4865,R,C,,-56,,,
1791257567.4867,R,A,,-60,,,
1791257567.5090,R,B,,-63,,,
1791257567.5170,R,C,,-57,,,
1791257567.5618,O,,,,-2.40311,0.8946,0.2973
1791257567.5627,O,,,,-2.40576,0.8915,0.2945
1791257567.5635,O,,,,-2.40708,0.8885,0.2918
1791257567.5551,R,A,,-62,,,
1791257567.5707,R,B,,-59,,,
1791257567.5709,R,C,,-58,,,
1791257567.5959,R,C,,-61,,,
1791257567.5961,R,B,,-59,,,
1791257567.6053,R,A,,-61,,,
1791257567.6414,O,,,,-2.40973,0.8854,0.2890
1791257567.6422,O,,,,-2.41237,0.8822,0.2862
1791257567.6430,O,,,,-2.41370,0.8793,0.2835
1791257567.6437,O,,,,-2.41502,0.8763,0.2809
1791257567.6428,R,B,,-67,,,
1791257567.6510,R,C,,-57,,,
1791257567.6568,R,A,,-62,,,
1791257567.6858,R,A,,-68,,,
1791257567.7018,R,C,,-65,,,
1791257567.7214,O,,,,-2.41502,0.8732,0.2781
1791257567.7226,O,,,,-2.41635,0.8702,0.2754
1791257567.7237,O,,,,-2.41767,0.8668,0.2725
1791257567.7248,O,,,,-2.41899,0.8638,0.2698
1791257567.7225,R,B,,-66,,,
1791257567.7312,R,C,,-65,,,
1791257567.7316,R,A,,-64,,,
1791257567.7318,R,B,,-61,,,
1791257567.7685,R,A,,-63,,,
1791257567.7686,R,B,,-59,,,
1791257567.7687,R,C,,-62,,,
1791257567.7961,O,,,,-2.41899,0.8607,0.2670
1791257567.7971,O,,,,-2.41899,0.8575,0.2642
1791257567.7979,O,,,,-2.42032,0.8545,0.2616
1791257567.7986,O,,,,-2.41899,0.8515,0.2590
1791257567.8101,R,C,,-63,,,
1791257567.8225,R,B,,-63,,,
1791257567.8573,R,B,,-58,,,
1791257567.8760,O,,,,-2.41899,0.8483,0.2562
1791257567.8774,O,,,,-2.41899,0.8452,0.2534
1791257567.8784,O,,,,-2.42032,0.8422,0.2507
1791257567.8793,O,,,,-2.42032,0.8390,0.2480
1791257567.9010,R,C,,-58,,,
1791257567.9082,R,B,,-55,,,
1791257567.9544,O,,,,-2.41899,0.8360,0.2453
1791257567.9553,O,,,,-2.42032,0.8330,0.2427
1791257567.9561,O,,,,-2.42032,0.8299,0.2399
1791257567.9569,O,,,,-2.42032,0.8267,0.2371
1791257567.9405,R,C,,-56,,,
1791257567.9485,R,B,,-64,,,
1791257567.9502,R,A,,-61,,,
1791257567.9512,R,C,,-55,,,
1791257568.0017,R,C,,-68,,,
1791257568.0068,R,A,,-68,,,
1791257568.0342,O,,,,-2.42032,0.8235,0.2343
1791257568.0351,O,,,,-2.41899,0.8205,0.2317
1791257568.0359,O,,,,-2.41899,0.8173,0.2289
1791257568.0367,O,,,,-2.42032,0.8144,0.2263
1791257568.0399,R,C,,-65,,,
1791257568.0411,R,B,,-65,,,
1791257568.0412,R,A,,-64,,,
1791257568.1009,O,,,,-2.42032,0.8112,0.2235
1791257568.1020,O,,,,-2.42032,0.8080,0.2207
1791257568.1028,O,,,,-2.41899,0.8050,0.2180
1791257568.0861,R,C,,-65,,,
1791257568.1067,R,A,,-62,,,
1791257568.1226,R,B,,-61,,,
1791257568.1254,R,C,,-67,,,
1791257568.1264,R,A,,-64,,,
1791257568.1271,R,B,,-59,,,
1791257568.1807,O,,,,-2.41899,0.8018,0.2152
1791257568.1816,O,,,,-2.42032,0.7989,0.2126
1791257568.1824,O,,,,-2.42032,0.7957,0.2098
1791257568.1832,O,,,,-2.42032,0.7925,0.2070
1791257568.1704,R,C,,-70,,,
1791257568.1718,R,A,,-63,,,
1791257568.1722,R,B,,-63,,,
1791257568.2560,O,,,,-2.41899,0.7895,0.2044
1791257568.2573,O,,,,-2.42164,0.7863,0.2016
1791257568.2581,O,,,,-2.42164,0.7832,0.1988
1791257568.2589,O,,,,-2.42296,0.7802,0.1962
1791257568.2212,R,B,,-62,,,
1791257568.2511,R,C,,-70,,,
1791257568.2526,R,A,,-66,,,
1791257568.2555,R,A,,-64,,,
1791257568.2559,R,B,,-72,,,
1791257568.2948,R,A,,-65,,,
1791257568.2952,R,B,,-61,,,
1791257568.3007,R,C,,-80,,,
1791257568.3384,O,,,,-2.42429,0.7772,0.1936
1791257568.3392,O,,,,-2.42561,0.7738,0.1906
1791257568.3399,O,,,,-2.42693,0.7708,0.1880
1791257568.3407,O,,,,-2.42958,0.7676,0.1853
1791257568.3434,R,B,,-66,,,
1791257568.3477,R,A,,-64,,,
1791257568.3516,R,C,,-65,,,
1791257568.4183,O,,,,-2.43223,0.7644,0.1825
1791257568.4196,O,,,,-2.43355,0.7614,0.1799
1791257568.4204,O,,,,-2.43620,0.7581,0.1772
1791257568.3860,R,B,,-58,,,
1791257568.4017,R,C,,-58,,,
1791257568.4035,R,A,,-55,,,
1791257568.4213,O,,,,-2.43752,0.7551,0.1746
1791257568.4274,R,B,,-57,,,
1791257568.4296,R,A,,-59,,,
1791257568.4423,R,C,,-63,,,
1791257568.4909,O,,,,-2.44017,0.7519,0.1718
1791257568.4919,O,,,,-2.44282,0.7486,0.1691
1791257568.4926,O,,,,-2.44414,0.7456,0.1666
1791257568.4934,O,,,,-2.44679,0.7423,0.1638
1791257568.4701,R,B,,-55,,,
1791257568.4706,R,C,,-65,,,
1791257568.4708,R,A,,-57,,,
1791257568.5139,R,B,,-51,,,
1791257568.5609,O,,,,-2.44944,0.7391,0.1611
1791257568.5620,O,,,,-2.45208,0.7362,0.1588
1791257568.5628,O,,,,-2.45473,0.7330,0.1561
1791257568.5511,R,C,,-65,,,
1791257568.5559,R,A,,-56,,,
1791257568.5602,R,A,,-61,,,
1791257568.5614,R,C,,-66,,,
1791257568.5616,R,B,,-56,,,
1791257568.6074,R,A,,-63,,,
1791257568.6422,O,,,,-2.45606,0.7299,0.1536
1791257568.6435,O,,,,-2.45870,0.7266,0.1509
1791257568.6443,O,,,,-2.46135,0.7233,0.1482
1791257568.6451,O,,,,-2.46400,0.7200,0.1456
1791257568.6211,R,B,,-56,,,
1791257568.6249,R,C,,-68,,,
1791257568.6554,R,A,,-60,,,
1791257568.6562,R,B,,-49,,,
1791257568.7196,O,,,,-2.46532,0.7169,0.1431
1791257568.7206,O,,,,-2.46797,0.7136,0.1404
1791257568.6703,R,C,,-71,,,
1791257568.6988,R,C,,-66,,,
1791257568.7070,R,A,,-56,,,
1791257568.7168,R,B,,-57,,,
1791257568.7216,O,,,,-2.47062,0.7103,0.1378
1791257568.7223,O,,,,-2.47459,0.7072,0.1353
1791257568.7479,R,B,,-60,,,
1791257568.7480,R,A,,-57,,,
1791257568.7512,R,C,,-66,,,
1791257568.7961,O,,,,-2.47856,0.7041,0.1329
1791257568.7976,O,,,,-2.48120,0.7011,0.1306
1791257568.7985,O,,,,-2.48518,0.6980,0.1282
1791257568.7993,O,,,,-2.49047,0.6946,0.1256
1791257568.7967,R,A,,-56,,,
1791257568.7968,R,C,,-63,,,
1791257568.7974,R,B,,-52,,,
1791257568.8432,R,B,,-53,,,
1791257568.8512,R,C,,-62,,,
1791257568.8525,R,A,,-53,,,
1791257568.8825,O,,,,-2.49576,0.6917,0.1234
1791257568.8835,O,,,,-2.50238,0.6885,0.1210
1791257568.8843,O,,,,-2.50768,0.6855,0.1188
1791257568.8851,O,,,,-2.51430,0.6827,0.1167
1791257568.8889,R,B,,-55,,,
1791257568.9019,R,C,,-63,,,
1791257568.9073,R,A,,-55,,,
1791257568.9513,O,,,,-2.52224,0.6797,0.1146
1791257568.9524,O,,,,-2.53018,0.6767,0.1124
1791257568.9532,O,,,,-2.53547,0.6737,0.1103
1791257568.9540,O,,,,-2.54342,0.6706,0.1082
1791257568.9446,R,B,,-56,,,
1791257568.9447,R,C,,-65,,,
1791257568.9450,R,A,,-55,,,
1791257568.9879,R,A,,-57,,,
1791257568.9882,R,C,,-62,,,
1791257568.9945,R,B,,-63,,,
1791257569.0211,O,,,,-2.55003,0.6673,0.1060
1791257569.0220,O,,,,-2.55665,0.6645,0.1041
1791257569.0228,O,,,,-2.56460,0.6609,0.1018
1791257569.0236,O,,,,-2.57121,0.6576,0.0996
1791257569.0335,R,A,,-57,,,
1791257569.0336,R,C,,-70,,,
1791257569.1012,O,,,,-2.57916,0.6545,0.0976
1791257569.1022,O,,,,-2.58842,0.6511,0.0955
1791257569.1029,O,,,,-2.59769,0.6477,0.0934
1791257569.0719,R,B,,-62,,,
1791257569.0751,R,B,,-58,,,
1791257569.0929,R,C,,-64,,,
1791257569.0944,R,A,,-54,,,
1791257569.1170,R,B,,-50,,,
1791257569.1175,R,A,,-55,,,
1791257569.1222,R,C,,-69,,,
1791257569.1556,R,C,,-90,,,
1791257569.1559,R,B,,-64,,,
1791257569.1575,R,A,,-57,,,
1791257569.1759,O,,,,-2.60695,0.6443,0.0914
1791257569.1769,O,,,,-2.61622,0.6409,0.0894
1791257569.1777,O,,,,-2.62681,0.6377,0.0876
1791257569.1785,O,,,,-2.63872,0.6342,0.0856
1791257569.1991,R,C,,-78,,,
1791257569.1993,R,A,,-63,,,
1791257569.1998,R,B,,-65,,,
1791257569.2559,O,,,,-2.64931,0.6309,0.0839
1791257569.2569,O,,,,-2.65990,0.6277,0.0821
1791257569.2580,O,,,,-2.67314,0.6244,0.0804
1791257569.2588,O,,,,-2.68372,0.6210,0.0788
1791257569.2428,R,A,,-64,,,
1791257569.2437,R,B,,-64,,,
1791257569.2513,R,C,,-70,,,
1791257569.2929,R,C,,-67,,,
1791257569.2998,R,B,,-65,,,
1791257569.3013,R,A,,-58,,,
1791257569.3311,O,,,,-2.69564,0.6179,0.0773
1791257569.3322,O,,,,-2.70623,0.6146,0.0757
1791257569.3331,O,,,,-2.71814,0.6110,0.0740
1791257569.3339,O,,,,-2.72741,0.6074,0.0724
1791257569.3397,R,C,,-69,,,
1791257569.3493,R,A,,-62,,,
1791257569.3504,R,B,,-72,,,
1791257569.4120,O,,,,-2.74064,0.6040,0.0709
1791257569.4132,O,,,,-2.75123,0.6000,0.0693
1791257569.4141,O,,,,-2.76447,0.5961,0.0677
1791257569.4148,O,,,,-2.77638,0.5924,0.0663
1791257569.3828,R,C,,-67,,,
1791257569.3830,R,A,,-59,,,
1791257569.3897,R,B,,-56,,,
1791257569.4258,R,C,,-65,,,
1791257569.4266,R,A,,-59,,,
1791257569.4909,O,,,,-2.78829,0.5887,0.0649
1791257569.4919,O,,,,-2.80021,0.5845,0.0634
1791257569.4928,O,,,,-2.81212,0.5807,0.0621
1791257569.4935,O,,,,-2.82403,0.5770,0.0608
1791257569.5101,R,C,,-70,,,
1791257569.5611,O,,,,-2.83462,0.5729,0.0595
1791257569.5620,O,,,,-2.84389,0.5691,0.0583
1791257569.5628,O,,,,-2.85448,0.5651,0.0571
1791257569.5215,R,B,,-62,,,
1791257569.5561,R,A,,-72,,,
1791257569.5709,R,B,,-63,,,
1791257569.5920,R,B,,-62,,,
1791257569.6013,R,C,,-61,,,
1791257569.6077,R,A,,-65,,,
1791257569.6367,O,,,,-2.86507,0.5610,0.0559
1791257569.6377,O,,,,-2.87565,0.5569,0.0548
1791257569.6386,O,,,,-2.88624,0.5528,0.0537
1791257569.6395,O,,,,-2.89419,0.5487,0.0526
1791257569.6325,R,C,,-73,,,
1791257569.6565,R,A,,-66,,,
1791257569.6576,R,B,,-71,,,
1791257569.7159,O,,,,-2.90478,0.5446,0.0516
1791257569.7169,O,,,,-2.91404,0.5408,0.0507
1791257569.7178,O,,,,-2.92331,0.5364,0.0497
1791257569.7186,O,,,,-2.93390,0.5322,0.0488
1791257569.6784,R,C,,-66,,,
1791257569.6961,R,B,,-57,,,
1791257569.6987,R,A,,-58,,,
1791257569.7223,R,B,,-55,,,
1791257569.7514,R,C,,-65,,,
1791257569.7545,R,A,,-54,,,
1791257569.7681,R,B,,-61,,,
1791257569.7910,O,,,,-2.94448,0.5281,0.0480
1791257569.7920,O,,,,-2.95507,0.5239,0.0472
1791257569.7929,O,,,,-2.96566,0.5198,0.0464
1791257569.7937,O,,,,-2.97625,0.5156,0.0457
1791257569.7957,R,C,,-68,,,
1791257569.7962,R,A,,-55,,,
1791257569.8126,R,C,,-79,,,
1791257569.8229,R,B,,-55,,,
1791257569.8265,R,A,,-55,,,
1791257569.8615,R,C,,-61,,,
1791257569.8616,R,B,,-52,,,
1791257569.8786,O,,,,-2.98817,0.5117,0.0450
1791257569.8797,O,,,,-2.99875,0.5075,0.0444
1791257569.8805,O,,,,-3.00934,0.5033,0.0438
1791257569.8812,O,,,,-3.01993,0.4991,0.0433
1791257569.9072,R,A,,-56,,,
1791257569.9098,R,B,,-62,,,
1791257569.9143,R,C,,-74,,,
1791257569.9518,O,,,,-3.03052,0.4949,0.0428
1791257569.9527,O,,,,-3.04111,0.4907,0.0424
1791257569.9535,O,,,,-3.05302,0.4867,0.0420
1791257569.9543,O,,,,-3.06361,0.4825,0.0416
1791257569.9541,R,B,,-56,,,
1791257569.9543,R,A,,-59,,,
1791257570.0163,O,,,,-3.07420,0.4783,0.0413
1791257570.0176,O,,,,-3.08479,0.4740,0.0411
1791257570.0184,O,,,,-3.09538,0.4698,0.0408
1791257569.9951,R,C,,-65,,,
1791257569.9952,R,B,,-58,,,
1791257570.0072,R,A,,-57,,,
1791257570.0514,R,C,,-65,,,
1791257570.0563,R,B,,-66,,,
1791257570.0576,R,A,,-56,,,
1791257570.0963,O,,,,-3.10729,0.4658,0.0407
1791257570.0972,O,,,,-3.11788,0.4616,0.0406
1791257570.0981,O,,,,-3.12847,0.4574,0.0405
1791257570.0989,O,,,,-3.13906,0.4531,0.0404
1791257570.0846,R,C,,-69,,,
1791257570.1076,R,A,,-56,,,
1791257570.1230,R,B,,-64,,,
1791257570.1352,R,C,,-72,,,
1791257570.1354,R,B,,-66,,,
1791257570.1357,R,A,,-57,,,
1791257570.1765,O,,,,3.13221,0.4492,0.0405
1791257570.1779,O,,,,3.12162,0.4449,0.0405
1791257570.1787,O,,,,3.11103,0.4407,0.0406
1791257570.1795,O,,,,3.10044,0.4364,0.0408
1791257570.1825,R,C,,-59,,,
1791257570.1867,R,B,,-68,,,
1791257570.1894,R,A,,-57,,,
1791257570.2511,O,,,,3.08985,0.4322,0.0410
1791257570.2520,O,,,,3.07794,0.4283,0.0412
1791257570.2565,O,,,,3.06735,0.4240,0.0415
1791257570.2573,O,,,,3.05808,0.4201,0.0418
1791257570.2332,R,C,,-72,,,
1791257570.2335,R,A,,-60,,,
1791257570.2336,R,B,,-64,,,
1791257570.2893,R,C,,-66,,,
1791257570.2898,R,A,,-56,,,
1791257570.2903,R,B,,-66,,,
1791257570.3311,O,,,,3.04750,0.4159,0.0422
1791257570.3320,O,,,,3.03823,0.4119,0.0426
1791257570.3328,O,,,,3.02764,0.4077,0.0430
1791257570.3336,O,,,,3.01838,0.4032,0.0436
1791257570.3286,R,C,,-65,,,
1791257570.3351,R,B,,-64,,,
1791257570.3367,R,A,,-55,,,
1791257570.4117,O,,,,3.00911,0.3993,0.0441
1791257570.4129,O,,,,2.99852,0.3951,0.0447
1791257570.4138,O,,,,2.99058,0.3909,0.0453
1791257570.4146,O,,,,2.98131,0.3870,0.0459
1791257570.3737,R,B,,-65,,,
1791257570.3934,R,A,,-64,,,
1791257570.4015,R,C,,-75,,,
1791257570.4238,R,B,,-64,,,
1791257570.4267,R,A,,-61,,,
1791257570.4375,R,C,,-65,,,
1791257570.4860,O,,,,2.97205,0.3825,0.0466
1791257570.4869,O,,,,2.96146,0.3784,0.0474
1791257570.4877,O,,,,2.95352,0.3742,0.0481
1791257570.4885,O,,,,2.94425,0.3703,0.0489
1791257570.4735,R,B,,-58,,,
1791257570.4743,R,C,,-77,,,
1791257570.4747,R,A,,-58,,,
1791257570.5153,R,C,,-69,,,
1791257570.5159,R,B,,-59,,,
1791257570.5580,O,,,,2.93366,0.3662,0.0498
1791257570.5588,O,,,,2.92572,0.3620,0.0507
1791257570.5595,O,,,,2.91513,0.3579,0.0516
1791257570.5247,R,A,,-60,,,
1791257570.5553,R,A,,-60,,,
1791257570.5557,R,B,,-61,,,
1791257570.6016,R,C,,-74,,,
1791257570.6073,R,A,,-60,,,
1791257570.6114,R,C,,-66,,,
1791257570.6116,R,B,,-62,,,
1791257570.6363,O,,,,2.90719,0.3538,0.0525
1791257570.6374,O,,,,2.89792,0.3499,0.0535
1791257570.6383,O,,,,2.88998,0.3458,0.0545
1791257570.6391,O,,,,2.87939,0.3417,0.0556
1791257570.6485,R,B,,-57,,,
1791257570.6498,R,C,,-63,,,
1791257570.6577,R,A,,-61,,,
1791257570.7113,O,,,,2.87145,0.3376,0.0567
1791257570.7122,O,,,,2.86086,0.3335,0.0579
1791257570.7130,O,,,,2.85292,0.3295,0.0591
1791257570.7138,O,,,,2.84365,0.3257,0.0602
1791257570.6965,R,C,,-66,,,
1791257570.6969,R,A,,-62,,,
1791257570.7201,R,B,,-60,,,
1791257570.7410,R,C,,-65,,,
1791257570.7413,R,A,,-57,,,
1791257570.7443,R,B,,-64,,,
1791257570.7912,O,,,,2.83439,0.3214,0.0615
1791257570.7923,O,,,,2.82512,0.3171,0.0629
1791257570.7932,O,,,,2.81586,0.3133,0.0642
1791257570.7940,O,,,,2.80659,0.3096,0.0655
1791257570.7889,R,B,,-58,,,
1791257570.7898,R,C,,-68,,,
1791257570.7977,R,A,,-59,,,
1791257570.8481,R,B,,-61,,,
1791257570.8775,O,,,,2.79865,0.3056,0.0669
1791257570.8785,O,,,,2.78806,0.3016,0.0683
1791257570.8793,O,,,,2.78012,0.2976,0.0698
1791257570.8801,O,,,,2.76953,0.2937,0.0713
1791257570.8737,R,B,,-61,,,
1791257570.8821,R,C,,-93,,,
1791257570.8827,R,A,,-64,,,
1791257570.9181,R,C,,-69,,,
1791257570.9469,O,,,,2.76159,0.2897,0.0729
1791257570.9479,O,,,,2.75100,0.2858,0.0745
1791257570.9487,O,,,,2.74305,0.2819,0.0761
1791257570.9495,O,,,,2.73511,0.2780,0.0778
1791257570.9236,R,B,,-63,,,
1791257570.9523,R,A,,-62,,,
1791257571.0159,O,,,,2.72585,0.2743,0.0793
1791257571.0167,O,,,,2.71790,0.2705,0.0811
1791257571.0175,O,,,,2.70864,0.2669,0.0827
1791257570.9736,R,B,,-64,,,
1791257571.0016,R,C,,-76,,,
1791257571.0204,R,C,,-68,,,
1791257571.0205,R,B,,-59,,,
1791257571.0541,R,A,,-61,,,
1791257571.0543,R,B,,-67,,,
1791257571.0963,O,,,,2.69937,0.2633,0.0844
1791257571.0974,O,,,,2.69011,0.2597,0.0861
1791257571.0982,O,,,,2.68084,0.2561,0.0879
1791257571.0990,O,,,,2.67422,0.2526,0.0896
1791257571.1003,R,B,,-61,,,
1791257571.1017,R,C,,-68,,,
1791257571.1039,R,A,,-58,,,
1791257571.1708,O,,,,2.66628,0.2488,0.0916
1791257571.1721,O,,,,2.65834,0.2450,0.0935
1791257571.1729,O,,,,2.65040,0.2418,0.0953
1791257571.1738,O,,,,2.64378,0.2383,0.0971
1791257571.1731,R,B,,-61,,,
1791257571.2024,R,C,,-69,,,
1791257571.2083,R,A,,-58,,,
1791257571.2511,O,,,,2.63716,0.2348,0.0991
1791257571.2520,O,,,,2.63054,0.2309,0.1012
1791257571.2530,O,,,,2.62393,0.2274,0.1032
1791257571.2538,O,,,,2.61863,0.2237,0.1053
1791257571.2238,R,B,,-56,,,
1791257571.2522,R,C,,-67,,,
1791257571.2578,R,A,,-57,,,
1791257571.2655,R,B,,-60,,,
1791257571.2871,R,B,,-57,,,
1791257571.2955,R,A,,-56,,,
1791257571.2957,R,C,,-68,,,
1791257571.3260,O,,,,2.61201,0.2203,0.1073
1791257571.3271,O,,,,2.60672,0.2166,0.1094
1791257571.3279,O,,,,2.60010,0.2132,0.1115
1791257571.3287,O,,,,2.59480,0.2101,0.1134
1791257571.3486,R,A,,-55,,,
1791257571.3488,R,B,,-57,,,
1791257571.4102,O,,,,2.58951,0.2069,0.1153
1791257571.4112,O,,,,2.58554,0.2035,0.1174
1791257571.4121,O,,,,2.58024,0.2004,0.1194
1791257571.4129,O,,,,2.57627,0.1975,0.1212
1791257571.3714,R,B,,-57,,,
1791257571.3715,R,A,,-55,,,
1791257571.3761,R,C,,-64,,,
1791257571.4183,R,B,,-56,,,
1791257571.4185,R,C,,-72,,,
1791257571.4278,R,A,,-56,,,
1791257571.4613,R,B,,-52,,,
1791257571.4863,O,,,,2.57230,0.1946,0.1231
1791257571.4872,O,,,,2.56833,0.1917,0.1249
1791257571.4880,O,,,,2.56568,0.1890,0.1267
1791257571.4889,O,,,,2.56171,0.1861,0.1285
1791257571.4702,R,C,,-70,,,
1791257571.4704,R,A,,-55,,,
1791257571.5561,O,,,,2.55907,0.1839,0.1300
1791257571.5570,O,,,,2.55510,0.1815,0.1316
1791257571.5578,O,,,,2.55377,0.1791,0.1332
1791257571.5506,R,A,,-57,,,
1791257571.5515,R,C,,-68,,,
1791257571.5536,R,A,,-55,,,
1791257571.5636,R,B,,-58,,,
1791257571.5948,R,C,,-69,,,
1791257571.5952,R,A,,-69,,,
1791257571.6313,O,,,,2.55112,0.1769,0.1347
1791257571.6323,O,,,,2.54980,0.1744,0.1363
1791257571.6328,O,,,,2.54715,0.1722,0.1378
1791257571.6334,O,,,,2.54583,0.1703,0.1391
1791257571.6233,R,B,,-59,,,
1791257571.6392,R,A,,-58,,,
1791257571.6451,R,B,,-65,,,
1791257571.7176,O,,,,2.54318,0.1685,0.1403
1791257571.7189,O,,,,2.53921,0.1666,0.1417
1791257571.7203,O,,,,2.53656,0.1648,0.1429
1791257571.6879,R,B,,-67,,,
1791257571.6897,R,C,,-63,,,
1791257571.6899,R,A,,-52,,,
1791257571.7216,O,,,,2.53392,0.1631,0.1441
1791257571.7518,R,C,,-64,,,
1791257571.7578,R,A,,-59,,,
1791257571.7862,O,,,,2.53127,0.1613,0.1453
1791257571.7872,O,,,,2.52730,0.1598,0.1463
1791257571.7879,O,,,,2.52465,0.1581,0.1476
1791257571.7887,O,,,,2.52200,0.1568,0.1485
1791257571.7732,R,B,,-60,,,
1791257571.7864,R,C,,-69,,,
1791257571.7875,R,A,,-63,,,
1791257571.8660,O,,,,2.51671,0.1555,0.1494
1791257571.8669,O,,,,2.51274,0.1540,0.1505
1791257571.8732,O,,,,2.50877,0.1529,0.1513
1791257571.8242,R,B,,-63,,,
1791257571.8361,R,B,,-68,,,
1791257571.8382,R,C,,-63,,,
1791257571.8383,R,A,,-66,,,
1791257571.8742,O,,,,2.50480,0.1519,0.1521
1791257571.8813,R,C,,-58,,,
1791257571.8887,R,A,,-76,,,
1791257571.9460,O,,,,2.50083,0.1508,0.1529
1791257571.9470,O,,,,2.49685,0.1497,0.1537
1791257571.9478,O,,,,2.49024,0.1487,0.1544
1791257571.9486,O,,,,2.48494,0.1478,0.1551
1791257571.9249,R,C,,-62,,,
1791257571.9576,R,A,,-68,,,
1791257572.0112,O,,,,2.48097,0.1468,0.1559
1791257572.0122,O,,,,2.47568,0.1460,0.1566
1791257572.0133,O,,,,2.47038,0.1451,0.1572
1791257571.9733,R,B,,-63,,,
1791257571.9753,R,C,,-65,,,
1791257571.9756,R,A,,-62,,,
1791257572.0105,R,B,,-62,,,
1791257572.0523,R,C,,-66,,,
1791257572.0580,R,A,,-68,,,
1791257572.0910,O,,,,2.46641,0.1445,0.1577
1791257572.0919,O,,,,2.46112,0.1437,0.1584
1791257572.0928,O,,,,2.45582,0.1429,0.1590
1791257572.0936,O,,,,2.45053,0.1421,0.1597
1791257572.0733,R,B,,-60,,,
1791257572.0976,R,C,,-72,,,
1791257572.1002,R,C,,-71,,,
1791257572.1068,R,A,,-72,,,
1791257572.1075,R,B,,-68,,,
1791257572.1779,O,,,,2.44391,0.1414,0.1602
1791257572.1444,R,A,,-66,,,
1791257572.1518,R,C,,-64,,,
1791257572.1795,O,,,,2.43861,0.1410,0.1606
1791257572.1804,O,,,,2.43199,0.1404,0.1611
1791257572.1813,O,,,,2.42538,0.1398,0.1616
1791257572.1706,R,B,,-67,,,
1791257572.1894,R,A,,-69,,,
1791257572.1900,R,B,,-63,,,
1791257572.1938,R,C,,-72,,,
1791257572.2506,O,,,,2.41876,0.1396,0.1618
1791257572.2516,O,,,,2.41082,0.1392,0.1621
1791257572.2525,O,,,,2.40420,0.1390,0.1623
1791257572.2534,O,,,,2.39758,0.1388,0.1625
1791257572.2362,R,A,,-77,,,
1791257572.2495,R,C,,-78,,,
1791257572.2506,R,B,,-52,,,
1791257572.2927,R,B,,-63,,,
1791257572.3019,R,C,,-66,,,
1791257572.3078,R,A,,-69,,,
1791257572.3263,O,,,,2.38831,0.1387,0.1627
1791257572.3273,O,,,,2.38170,0.1385,0.1628
1791257572.3282,O,,,,2.37243,0.1383,0.1630
1791257572.3289,O,,,,2.36184,0.1383,0.1630
1791257572.3261,R,C,,-73,,,
1791257572.3263,R,A,,-79,,,
1791257572.3404,R,B,,-73,,,
1791257572.4017,O,,,,2.35390,0.1383,0.1630
1791257572.4029,O,,,,2.34463,0.1381,0.1632
1791257572.4037,O,,,,2.33404,0.1381,0.1632
1791257572.4045,O,,,,2.32610,0.1381,0.1632
1791257572.3733,R,B,,-69,,,
1791257572.3835,R,C,,-76,,,
1791257572.3837,R,A,,-85,,,
1791257572.4211,R,A,,-73,,,
1791257572.4243,R,B,,-61,,,
1791257572.4661,R,C,,-70,,,
1791257572.4663,R,B,,-62,,,
1791257572.4687,R,A,,-74,,,
1791257572.4864,O,,,,2.31816,0.1381,0.1632
1791257572.4877,O,,,,2.31022,0.1381,0.1632
1791257572.4886,O,,,,2.30228,0.1381,0.1632
1791257572.4895,O,,,,2.29301,0.1379,0.1634
1791257572.5076,R,A,,-78,,,
1791257572.5126,R,C,,-82,,,
1791257572.5127,R,B,,-62,,,
1791257572.5519,O,,,,2.28639,0.1381,0.1632
1791257572.5529,O,,,,2.27977,0.1379,0.1634
1791257572.5537,O,,,,2.27183,0.1379,0.1634
1791257572.5585,R,A,,-78,,,
1791257572.5739,R,B,,-62,,,
1791257572.5938,R,B,,-66,,,
1791257572.5952,R,C,,-64,,,
1791257572.5963,R,A,,-79,,,
1791257572.6323,O,,,,2.26521,0.1381,0.1632
1791257572.6333,O,,,,2.25992,0.1381,0.1632
1791257572.6342,O,,,,2.25330,0.1379,0.1634
1791257572.6350,O,,,,2.24668,0.1381,0.1632
1791257572.6388,R,A,,-67,,,
1791257572.6393,R,C,,-67,,,
1791257572.6401,R,B,,-65,,,
1791257572.7067,O,,,,2.24139,0.1381,0.1632
1791257572.7082,O,,,,2.23609,0.1381,0.1632
1791257572.7091,O,,,,2.23080,0.1381,0.1632
1791257572.7104,O,,,,2.22550,0.1381,0.1632
1791257572.7004,R,C,,-63,,,
1791257572.7007,R,A,,-62,,,
1791257572.7024,R,B,,-74,,,
1791257572.7422,R,B,,-84,,,
1791257572.7443,R,C,,-64,,,
1791257572.7445,R,A,,-60,,,
1791257572.7854,O,,,,2.22021,0.1381,0.1632
1791257572.7867,O,,,,2.21491,0.1381,0.1632
1791257572.7879,O,,,,2.21094,0.1382,0.1630
1791257572.7891,O,,,,2.20565,0.1382,0.1630
1791257572.7986,R,C,,-67,,,
1791257572.7987,R,A,,-63,,,
1791257572.7989,R,B,,-70,,,
1791257572.8614,O,,,,2.20035,0.1382,0.1630
1791257572.8623,O,,,,2.19771,0.1382,0.1630
1791257572.8631,O,,,,2.19241,0.1382,0.1630
1791257572.8638,O,,,,2.18712,0.1382,0.1630
1791257572.8296,R,C,,-64,,,
1791257572.8298,R,A,,-67,,,
1791257572.8378,R,B,,-63,,,
1791257572.9021,R,C,,-68,,,
1791257572.9077,R,A,,-70,,,
1791257572.9189,R,C,,-67,,,
1791257572.9413,O,,,,2.18447,0.1382,0.1630
1791257572.9426,O,,,,2.17918,0.1382,0.1630
1791257572.9434,O,,,,2.17653,0.1382,0.1630
1791257572.9443,O,,,,2.17123,0.1382,0.1630
1791257572.9202,R,B,,-59,,,
1791257572.9383,R,A,,-71,,,
1791257572.9591,R,B,,-50,,,
1791257573.0116,O,,,,2.16859,0.1382,0.1630
1791257573.0125,O,,,,2.16329,0.1382,0.1630
1791257573.0133,O,,,,2.15932,0.1381,0.1632
1791257572.9995,R,C,,-69,,,
1791257573.0024,R,C,,-67,,,
1791257573.0079,R,A,,-65,,,
1791257573.0203,R,B,,-47,,,
1791257573.0527,R,C,,-60,,,
1791257573.0585,R,A,,-69,,,
1791257573.0689,R,B,,-50,,,
1791257573.0908,O,,,,2.15535,0.1382,0.1630
1791257573.0917,O,,,,2.15006,0.1382,0.1630
1791257573.0926,O,,,,2.14476,0.1382,0.1630
1791257573.0934,O,,,,2.13682,0.1382,0.1630
1791257573.1028,R,C,,-68,,,
1791257573.1086,R,A,,-66,,,
1791257573.1130,R,B,,-47,,,
1791257573.1663,O,,,,2.12888,0.1382,0.1630
1791257573.1672,O,,,,2.12094,0.1382,0.1630
1791257573.1680,O,,,,2.11035,0.1382,0.1630
1791257573.1688,O,,,,2.10240,0.1382,0.1630
1791257573.1527,R,C,,-62,,,
1791257573.1529,R,B,,-51,,,
1791257573.1577,R,A,,-67,,,
1791257573.1958,R,B,,-57,,,
1791257573.1972,R,C,,-62,,,
1791257573.2075,R,A,,-76,,,
1791257573.2546,O,,,,2.09181,0.1382,0.1630
1791257573.2554,O,,,,2.07858,0.1382,0.1630
1791257573.2562,O,,,,2.06667,0.1381,0.1632
1791257573.2570,O,,,,2.05343,0.1381,0.1632
1791257573.2408,R,C,,-63,,,
1791257573.2577,R,A,,-74,,,
1791257573.2609,R,B,,-58,,,
1791257573.2873,R,C,,-65,,,
1791257573.2878,R,B,,-63,,,
1791257573.2945,R,A,,-68,,,
1791257573.3213,O,,,,2.03887,0.1382,0.1630
1791257573.3226,O,,,,2.02431,0.1381,0.1632
1791257573.3233,O,,,,2.00975,0.1380,0.1635
1791257573.3241,O,,,,1.99386,0.1380,0.1635
1791257573.3343,R,C,,-64,,,
1791257573.3384,R,B,,-58,,,
1791257573.3402,R,A,,-63,,,
1791257573.4014,O,,,,1.97798,0.1380,0.1635
1791257573.4025,O,,,,1.96210,0.1380,0.1635
1791257573.4033,O,,,,1.94621,0.1380,0.1635
1791257573.4043,O,,,,1.93033,0.1380,0.1635
1791257573.3728,R,B,,-61,,,
1791257573.4020,R,C,,-89,,,
1791257573.4084,R,A,,-63,,,
1791257573.4238,R,B,,-56,,,
1791257573.4421,R,C,,-75,,,
1791257573.4580,R,A,,-62,,,
1791257573.4660,R,C,,-59,,,
1791257573.4818,O,,,,1.91444,0.1380,0.1635
1791257573.4831,O,,,,1.89856,0.1380,0.1635
1791257573.4839,O,,,,1.88268,0.1380,0.1635
1791257573.4846,O,,,,1.86547,0.1381,0.1632
1791257573.4735,R,B,,-52,,,
1791257573.4737,R,A,,-57,,,
1791257573.5100,R,B,,-49,,,
1791257573.5466,O,,,,1.84826,0.1380,0.1635
1791257573.5477,O,,,,1.83238,0.1380,0.1635
1791257573.5485,O,,,,1.81649,0.1380,0.1635
1791257573.5497,R,C,,-63,,,
1791257573.5574,R,B,,-48,,,
1791257573.5587,R,A,,-61,,,
1791257573.5614,R,C,,-64,,,
1791257573.5985,R,A,,-62,,,
1791257573.6025,R,C,,-62,,,
1791257573.6106,R,B,,-48,,,
1791257573.6264,O,,,,1.79929,0.1381,0.1632
1791257573.6274,O,,,,1.78340,0.1381,0.1632
1791257573.6282,O,,,,1.76620,0.1380,0.1635
1791257573.6290,O,,,,1.75031,0.1380,0.1635
1791257573.6441,R,C,,-61,,,
1791257573.6583,R,A,,-57,,,
1791257573.6625,R,B,,-47,,,
1791257573.7059,O,,,,1.73310,0.1381,0.1632
1791257573.7072,O,,,,1.71722,0.1381,0.1632
1791257573.7080,O,,,,1.70001,0.1380,0.1635
1791257573.7091,O,,,,1.68280,0.1380,0.1632
1791257573.6847,R,C,,-66,,,
1791257573.6852,R,B,,-45,,,
1791257573.7086,R,A,,-58,,,
1791257573.7456,R,B,,-46,,,
1791257573.7835,O,,,,1.66692,0.1380,0.1632
1791257573.7844,O,,,,1.64971,0.1380,0.1635
1791257573.7853,O,,,,1.63383,0.1380,0.1635
1791257573.7862,O,,,,1.61530,0.1380,0.1635
1791257573.7747,R,C,,-66,,,
1791257573.7749,R,A,,-57,,,
1791257573.8610,O,,,,1.59941,0.1380,0.1635
1791257573.8620,O,,,,1.58353,0.1380,0.1635
1791257573.8629,O,,,,1.56500,0.1380,0.1635
1791257573.8636,O,,,,1.54912,0.1380,0.1635
1791257573.8202,R,C,,-72,,,
1791257573.8204,R,B,,-50,,,
1791257573.8206,R,A,,-63,,,
1791257573.8652,R,B,,-48,,,
1791257573.8829,R,C,,-64,,,
1791257573.8837,R,A,,-60,,,
1791257573.9111,R,B,,-52,,,
1791257573.9366,O,,,,1.53323,0.1380,0.1635
1791257573.9377,O,,,,1.51735,0.1380,0.1635
1791257573.9386,O,,,,1.49882,0.1380,0.1635
1791257573.9448,O,,,,1.48293,0.1380,0.1635
1791257573.9358,R,C,,-60,,,
1791257573.9557,R,A,,-57,,,
1791257573.9558,R,B,,-54,,,
1791257573.9590,R,A,,-57,,,
1791257574.0059,O,,,,1.46705,0.1380,0.1635
1791257574.0069,O,,,,1.44852,0.1380,0.1635
1791257574.0077,O,,,,1.43263,0.1380,0.1635
1791257573.9957,R,C,,-69,,,
1791257573.9960,R,A,,-57,,,
1791257573.9966,R,B,,-55,,,
1791257574.0423,R,B,,-53,,,
1791257574.0861,O,,,,1.41675,0.1380,0.1635
1791257574.0876,O,,,,1.40087,0.1380,0.1635
1791257574.0885,O,,,,1.38233,0.1380,0.1635
1791257574.0892,O,,,,1.36645,0.1380,0.1635
1791257574.0864,R,B,,-61,,,
1791257574.0939,R,A,,-56,,,
1791257574.0941,R,C,,-60,,,
1791257574.1665,O,,,,1.35057,0.1380,0.1635
1791257574.1675,O,,,,1.33468,0.1380,0.1635
1791257574.1683,O,,,,1.31615,0.1380,0.1635
1791257574.1690,O,,,,1.30027,0.1380,0.1635
1791257574.1313,R,C,,-69,,,
1791257574.1325,R,A,,-66,,,
1791257574.1509,R,B,,-59,,,
1791257574.1803,R,A,,-64,,,
1791257574.1804,R,C,,-68,,,
1791257574.2011,R,B,,-53,,,
1791257574.2462,O,,,,1.28438,0.1380,0.1635
1791257574.2471,O,,,,1.26718,0.1379,0.1632
1791257574.2478,O,,,,1.24997,0.1380,0.1635
1791257574.2486,O,,,,1.23408,0.1380,0.1635
1791257574.2528,R,C,,-62,,,
1791257574.2580,R,A,,-62,,,
1791257574.2737,R,B,,-63,,,
1791257574.2760,R,C,,-64,,,
1791257574.2761,R,A,,-61,,,
1791257574.3173,R,C,,-65,,,
1791257574.3207,O,,,,1.21820,0.1380,0.1635
1791257574.3212,O,,,,1.20099,0.1381,0.1637
1791257574.3218,O,,,,1.18379,0.1382,0.1640
1791257574.3223,O,,,,1.16658,0.1383,0.1642
1791257574.3241,R,B,,-65,,,
1791257574.3254,R,A,,-57,,,
1791257574.4016,O,,,,1.14937,0.1384,0.1645
1791257574.4027,O,,,,1.13084,0.1387,0.1649
1791257574.4035,O,,,,1.11363,0.1390,0.1656
1791257574.4043,O,,,,1.09642,0.1394,0.1664
1791257574.3736,R,C,,-68,,,
1791257574.3741,R,B,,-56,,,
1791257574.3945,R,A,,-60,,,
1791257574.4044,R,A,,-69,,,
1791257574.4057,R,B,,-58,,,
1791257574.4661,O,,,,1.07922,0.1397,0.1671
1791257574.4672,O,,,,1.06201,0.1401,0.1678
1791257574.4680,O,,,,1.04480,0.1405,0.1684
1791257574.4440,R,A,,-61,,,
1791257574.4442,R,B,,-52,,,
1791257574.4512,R,C,,-76,,,
1791257574.4943,R,B,,-56,,,
1791257574.5030,R,C,,-69,,,
1791257574.5083,R,A,,-65,,,
1791257574.5439,O,,,,1.02892,0.1410,0.1694
1791257574.5501,O,,,,1.01171,0.1417,0.1705
1791257574.5509,O,,,,0.99583,0.1423,0.1714
1791257574.5518,O,,,,0.97994,0.1432,0.1727
1791257574.5502,R,B,,-65,,,
1791257574.5529,R,C,,-66,,,
1791257574.5585,R,A,,-69,,,
1791257574.5768,R,C,,-74,,,
1791257574.5770,R,A,,-79,,,
1791257574.6257,O,,,,0.96406,0.1441,0.1740
1791257574.6263,O,,,,0.94817,0.1450,0.1753
1791257574.6269,O,,,,0.93229,0.1459,0.1766
1791257574.6274,O,,,,0.91641,0.1469,0.1779
1791257574.6205,R,B,,-64,,,
1791257574.6241,R,A,,-74,,,
1791257574.6243,R,B,,-65,,,
1791257574.7013,O,,,,0.90185,0.1480,0.1793
1791257574.7025,O,,,,0.88729,0.1492,0.1808
1791257574.7033,O,,,,0.87273,0.1504,0.1822
1791257574.7042,O,,,,0.85817,0.1516,0.1836
1791257574.6704,R,C,,-69,,,
1791257574.6705,R,B,,-63,,,
1791257574.6706,R,A,,-71,,,
1791257574.7082,R,A,,-70,,,
1791257574.7118,R,C,,-78,,,
1791257574.7237,R,B,,-66,,,
1791257574.7494,R,B,,-67,,,
1791257574.7522,R,C,,-76,,,
1791257574.7549,R,A,,-82,,,
1791257574.7809,O,,,,0.84493,0.1529,0.1852
1791257574.7818,O,,,,0.83037,0.1542,0.1866
1791257574.7826,O,,,,0.81713,0.1556,0.1881
1791257574.7833,O,,,,0.80257,0.1573,0.1899
1791257574.8561,O,,,,0.78801,0.1589,0.1916
1791257574.8575,O,,,,0.77345,0.1606,0.1932
1791257574.8588,O,,,,0.76022,0.1625,0.1951
1791257574.8599,O,,,,0.74433,0.1645,0.1969
1791257574.8236,R,B,,-62,,,
1791257574.8418,R,B,,-73,,,
1791257574.9082,R,A,,-77,,,
1791257574.9182,R,B,,-67,,,
1791257574.9363,O,,,,0.72977,0.1662,0.1985
1791257574.9378,O,,,,0.71653,0.1682,0.2002
1791257574.9397,O,,,,0.70330,0.1702,0.2020
1791257574.9408,O,,,,0.69006,0.1723,0.2037
1791257574.9303,R,C,,-73,,,
1791257574.9305,R,A,,-79,,,
1791257574.9374,R,B,,-69,,,
1791257575.0127,O,,,,0.67550,0.1741,0.2052
1791257575.0137,O,,,,0.66226,0.1762,0.2068
1791257575.0147,O,,,,0.65035,0.1781,0.2083
1791257574.9739,R,B,,-83,,,
1791257574.9772,R,C,,-69,,,
1791257574.9780,R,A,,-78,,,
1791257575.0158,R,C,,-71,,,
1791257575.0164,R,A,,-82,,,
1791257575.0243,R,B,,-79,,,
1791257575.0820,O,,,,0.63711,0.1802,0.2099
1791257575.0830,O,,,,0.62520,0.1821,0.2113
1791257575.0838,O,,,,0.61329,0.1841,0.2126
1791257575.0846,O,,,,0.60138,0.1860,0.2140
1791257575.1099,R,B,,-77,,,
1791257575.1613,O,,,,0.58946,0.1880,0.2153
1791257575.1626,O,,,,0.57755,0.1900,0.2167
1791257575.1633,O,,,,0.56564,0.1920,0.2179
1791257575.1641,O,,,,0.55372,0.1940,0.2192
1791257575.1445,R,B,,-78,,,
1791257575.1455,R,C,,-78,,,
1791257575.1461,R,A,,-77,,,
1791257575.1927,R,C,,-74,,,
1791257575.1930,R,A,,-86,,,
1791257575.1934,R,B,,-72,,,
1791257575.2409,O,,,,0.54314,0.1958,0.2203
1791257575.2418,O,,,,0.53255,0.1981,0.2217
1791257575.2426,O,,,,0.52460,0.2004,0.2230
1791257575.2434,O,,,,0.51534,0.2029,0.2244
1791257575.2393,R,A,,-84,,,
1791257575.2393,R,B,,-69,,,
1791257575.2475,R,C,,-87,,,
1791257575.3162,O,,,,0.50872,0.2054,0.2259
1791257575.3176,O,,,,0.50343,0.2082,0.2274
1791257575.3188,O,,,,0.49813,0.2110,0.2289
1791257575.3197,O,,,,0.49416,0.2140,0.2306
1791257575.3082,R,A,,-78,,,
1791257575.3238,R,B,,-76,,,
1791257575.3466,R,A,,-86,,,
1791257575.3468,R,C,,-74,,,
1791257575.3473,R,B,,-75,,,
1791257575.3960,O,,,,0.49151,0.2173,0.2323
1791257575.3973,O,,,,0.48887,0.2206,0.2341
1791257575.3981,O,,,,0.48622,0.2238,0.2358
1791257575.3989,O,,,,0.48357,0.2271,0.2375
1791257575.3764,R,C,,-76,,,
1791257575.3825,R,A,,-78,,,
1791257575.4661,O,,,,0.48357,0.2304,0.2393
1791257575.4671,O,,,,0.48225,0.2339,0.2411
1791257575.4679,O,,,,0.48225,0.2377,0.2431
1791257575.4245,R,B,,-77,,,
1791257575.4514,R,C,,-72,,,
1791257575.4574,R,B,,-76,,,
1791257575.4590,R,A,,-84,,,
1791257575.4615,R,C,,-79,,,
1791257575.4991,R,C,,-82,,,
1791257575.4994,R,B,,-86,,,
1791257575.5083,R,A,,-84,,,
1791257575.5463,O,,,,0.48357,0.2412,0.2449
1791257575.5474,O,,,,0.48357,0.2445,0.2466
1791257575.5482,O,,,,0.48489,0.2484,0.2487
1791257575.5491,O,,,,0.48622,0.2519,0.2506
1791257575.5447,R,C,,-76,,,
1791257575.5448,R,A,,-71,,,
1791257575.5638,R,B,,-72,,,
1791257575.5919,R,C,,-75,,,
1791257575.5938,R,B,,-74,,,
1791257575.5966,R,A,,-81,,,
1791257575.6217,O,,,,0.48887,0.2557,0.2526
1791257575.6230,O,,,,0.49019,0.2592,0.2544
1791257575.6239,O,,,,0.49284,0.2629,0.2564
1791257575.6247,O,,,,0.49416,0.2664,0.2583
1791257575.6493,R,A,,-75,,,
1791257575.6524,R,C,,-84,,,
1791257575.7013,O,,,,0.49681,0.2702,0.2603
1791257575.7025,O,,,,0.49813,0.2736,0.2622
1791257575.7037,O,,,,0.50078,0.2774,0.2643
1791257575.7047,O,,,,0.50343,0.2811,0.2663
1791257575.6746,R,C,,-63,,,
1791257575.6748,R,B,,-71,,,
1791257575.6951,R,A,,-75,,,
1791257575.7208,R,B,,-77,,,
1791257575.7212,R,C,,-62,,,
1791257575.7386,R,A,,-71,,,
1791257575.7646,R,A,,-69,,,
1791257575.7649,R,C,,-61,,,
1791257575.7650,R,B,,-71,,,
1791257575.7763,O,,,,0.50475,0.2846,0.2682
1791257575.7777,O,,,,0.50740,0.2883,0.2703
1791257575.7788,O,,,,0.51004,0.2920,0.2723
1791257575.7799,O,,,,0.51269,0.2952,0.2741
1791257575.8609,O,,,,0.51534,0.2989,0.2762
1791257575.8617,O,,,,0.51799,0.3026,0.2783
1791257575.8625,O,,,,0.51931,0.3060,0.2803
1791257575.8633,O,,,,0.52196,0.3097,0.2824
1791257575.8239,R,B,,-66,,,
1791257575.8523,R,C,,-63,,,
1791257575.9083,R,A,,-67,,,
1791257575.9359,O,,,,0.52460,0.3134,0.2845
1791257575.9366,O,,,,0.52858,0.3168,0.2865
1791257575.9374,O,,,,0.52990,0.3202,0.2885
1791257575.9383,O,,,,0.53255,0.3239,0.2907
1791257575.9214,R,B,,-71,,,
1791257575.9461,R,A,,-69,,,
1791257575.9463,R,C,,-66,,,
1791257576.0011,O,,,,0.53519,0.3275,0.2928
1791257576.0022,O,,,,0.53652,0.3309,0.2948
1791257576.0030,O,,,,0.54049,0.3343,0.2969
1791257575.9742,R,B,,-73,,,
1791257575.9869,R,B,,-74,,,
1791257576.0305,R,C,,-57,,,
1791257576.0308,R,A,,-65,,,
1791257576.0429,R,B,,-73,,,
1791257576.0811,O,,,,0.54314,0.3380,0.2991
1791257576.0820,O,,,,0.54578,0.3416,0.3013
1791257576.0828,O,,,,0.54711,0.3450,0.3033
1791257576.0835,O,,,,0.54975,0.3486,0.3055
1791257576.0702,R,B,,-73,,,
1791257576.0898,R,C,,-66,,,
1791257576.0986,R,A,,-69,,,
1791257576.1131,R,B,,-66,,,
1791257576.1624,O,,,,0.55240,0.3522,0.3077
1791257576.1632,O,,,,0.55505,0.3558,0.3100
1791257576.1640,O,,,,0.55637,0.3592,0.3121
1791257576.1647,O,,,,0.55902,0.3628,0.3143
1791257576.1529,R,C,,-65,,,
1791257576.1584,R,A,,-64,,,
1791257576.1742,R,B,,-68,,,
1791257576.1789,R,C,,-72,,,
1791257576.2025,R,B,,-79,,,
1791257576.2044,R,A,,-69,,,
1791257576.2364,O,,,,0.56299,0.3661,0.3164
1791257576.2377,O,,,,0.56431,0.3695,0.3185
1791257576.2386,O,,,,0.56696,0.3731,0.3208
1791257576.2396,O,,,,0.56961,0.3766,0.3231
1791257576.2506,R,C,,-62,,,
1791257576.2508,R,A,,-64,,,
1791257576.3159,O,,,,0.57093,0.3800,0.3252
1791257576.3168,O,,,,0.57358,0.3835,0.3275
1791257576.3176,O,,,,0.57490,0.3869,0.3297
1791257576.3184,O,,,,0.57623,0.3902,0.3318
1791257576.2740,R,B,,-67,,,
1791257576.3010,R,A,,-71,,,
1791257576.3012,R,C,,-68,,,
1791257576.3014,R,B,,-68,,,
1791257576.3475,R,B,,-67,,,
1791257576.3491,R,C,,-66,,,
1791257576.3587,R,A,,-68,,,
1791257576.3910,O,,,,0.57623,0.3938,0.3342
1791257576.3920,O,,,,0.57623,0.3973,0.3365
1791257576.3928,O,,,,0.57887,0.4009,0.3388
1791257576.3936,O,,,,0.57887,0.4044,0.3411
1791257576.3937,R,C,,-80,,,
1791257576.3943,R,B,,-72,,,
1791257576.4088,R,A,,-70,,,
1791257576.4611,O,,,,0.57887,0.4079,0.3434
1791257576.4621,O,,,,0.58020,0.4113,0.3456
1791257576.4652,O,,,,0.58020,0.4148,0.3479
1791257576.4365,R,C,,-81,,,
1791257576.4588,R,A,,-67,,,
1791257576.4590,R,B,,-81,,,
1791257576.5036,R,C,,-61,,,
1791257576.5083,R,B,,-67,,,
1791257576.5088,R,A,,-70,,,
1791257576.5475,O,,,,0.57887,0.4181,0.3501
1791257576.5487,O,,,,0.57887,0.4217,0.3524
1791257576.5496,O,,,,0.57887,0.4252,0.3547
1791257576.5503,O,,,,0.58020,0.4286,0.3569
1791257576.5264,R,C,,-63,,,
1791257576.5589,R,A,,-64,,,
1791257576.5748,R,C,,-57,,,
1791257576.5822,R,A,,-60,,,
1791257576.6208,O,,,,0.58020,0.4321,0.3592
1791257576.6220,O,,,,0.58020,0.4356,0.3615
1791257576.6229,O,,,,0.57887,0.4390,0.3637
1791257576.6237,O,,,,0.58020,0.4423,0.3659
1791257576.6258,R,C,,-53,,,
1791257576.6263,R,A,,-61,,,
1791257576.6958,O,,,,0.57887,0.4456,0.3681
1791257576.6968,O,,,,0.57887,0.4491,0.3704
1791257576.6977,O,,,,0.57887,0.4527,0.3727
1791257576.6985,O,,,,0.57887,0.4562,0.3750
1791257576.6741,R,B,,-67,,,
1791257576.6782,R,A,,-71,,,
1791257576.7007,R,C,,-66,,,
1791257576.7134,R,A,,-67,,,
1791257576.7138,R,B,,-62,,,
1791257576.7142,R,C,,-64,,,
1791257576.7758,O,,,,0.57887,0.4598,0.3773
1791257576.7768,O,,,,0.57887,0.4633,0.3796
1791257576.7776,O,,,,0.57887,0.4664,0.3817
1791257576.7784,O,,,,0.57887,0.4700,0.3840
1791257576.7742,R,B,,-57,,,
1791257576.8025,R,C,,-57,,,
1791257576.8043,R,B,,-61,,,
1791257576.8052,R,A,,-59,,,
1791257576.8080,R,A,,-57,,,
1791257576.8509,O,,,,0.57887,0.4735,0.3863
1791257576.8519,O,,,,0.57887,0.4771,0.3886
1791257576.8528,O,,,,0.57887,0.4802,0.3907
1791257576.8536,O,,,,0.57887,0.4837,0.3930
1791257576.8459,R,A,,-83,,,
1791257576.8462,R,C,,-62,,,
1791257576.8472,R,B,,-58,,,
1791257576.9029,R,C,,-65,,,
1791257576.9093,R,A,,-64,,,
1791257576.9316,O,,,,0.57887,0.4873,0.3953
1791257576.9324,O,,,,0.57887,0.4908,0.3976
1791257576.9334,O,,,,0.57887,0.4944,0.3999
1791257576.9342,O,,,,0.58020,0.4977,0.4021
1791257576.9236,R,B,,-61,,,
1791257576.9346,R,B,,-68,,,
1791257576.9586,R,A,,-64,,,
1791257577.0010,O,,,,0.57887,0.5010,0.4043
1791257577.0024,O,,,,0.57887,0.5045,0.4066
1791257577.0035,O,,,,0.57887,0.5081,0.4089
1791257577.0032,R,C,,-65,,,
1791257577.0078,R,A,,-62,,,
1791257577.0081,R,B,,-64,,,
1791257577.0203,R,C,,-65,,,
1791257577.0242,R,B,,-66,,,
1791257577.0276,R,A,,-62,,,
1791257577.0790,O,,,,0.57887,0.5116,0.4112
1791257577.0800,O,,,,0.57755,0.5150,0.4134
1791257577.0809,O,,,,0.57887,0.5183,0.4156
1791257577.0816,O,,,,0.57887,0.5218,0.4179
1791257577.0746,R,B,,-66,,,
1791257577.1029,R,C,,-61,,,
1791257577.1044,R,B,,-73,,,
1791257577.1086,R,A,,-65,,,
1791257577.1566,O,,,,0.57887,0.5254,0.4202
1791257577.1578,O,,,,0.57887,0.5289,0.4225
1791257577.1586,O,,,,0.58020,0.5322,0.4247
1791257577.1594,O,,,,0.57887,0.5356,0.4269
1791257577.1495,R,A,,-74,,,
1791257577.1534,R,C,,-75,,,
1791257577.1742,R,B,,-71,,,
1791257577.1939,R,C,,-68,,,
1791257577.1943,R,A,,-64,,,
1791257577.2363,O,,,,0.57887,0.5391,0.4292
1791257577.2374,O,,,,0.57887,0.5427,0.4315
1791257577.2383,O,,,,0.57887,0.5462,0.4338
1791257577.2390,O,,,,0.57887,0.5498,0.4361
1791257577.2247,R,B,,-67,,,
1791257577.2445,R,C,,-52,,,
1791257577.2449,R,A,,-63,,,
1791257577.3111,O,,,,0.57887,0.5529,0.4382
1791257577.3121,O,,,,0.57887,0.5564,0.4405
1791257577.3129,O,,,,0.57887,0.5599,0.4428
1791257577.3137,O,,,,0.57887,0.5635,0.4451
1791257577.2747,R,B,,-74,,,
1791257577.2867,R,C,,-65,,,
1791257577.2869,R,A,,-69,,,
1791257577.2916,R,B,,-67,,,
1791257577.3487,R,A,,-75,,,
1791257577.3488,R,C,,-65,,,
1791257577.3490,R,B,,-64,,,
1791257577.3907,O,,,,0.58020,0.5668,0.4473
1791257577.3913,O,,,,0.58020,0.5704,0.4496
1791257577.3920,O,,,,0.57887,0.5737,0.4518
1791257577.3925,O,,,,0.57887,0.5772,0.4541
1791257577.3934,R,C,,-57,,,
1791257577.3938,R,A,,-69,,,
1791257577.4609,O,,,,0.57887,0.5808,0.4564
1791257577.4619,O,,,,0.57887,0.5843,0.4587
1791257577.4627,O,,,,0.58020,0.5876,0.4609
1791257577.4233,R,C,,-66,,,
1791257577.4242,R,B,,-67,,,
1791257577.4507,R,A,,-79,,,
1791257577.4678,R,B,,-64,,,
1791257577.5016,R,C,,-77,,,
1791257577.5361,O,,,,0.57887,0.5910,0.4631
1791257577.5372,O,,,,0.57887,0.5945,0.4654
1791257577.5383,O,,,,0.57887,0.5981,0.4677
1791257577.5398,O,,,,0.57887,0.6016,0.4700
1791257577.5241,R,B,,-79,,,
1791257577.5373,R,C,,-64,,,
1791257577.5375,R,A,,-70,,,
1791257577.5635,R,B,,-69,,,
1791257577.5637,R,C,,-68,,,
1791257577.6174,O,,,,0.57887,0.6047,0.4721
1791257577.6185,O,,,,0.57887,0.6082,0.4744
1791257577.6193,O,,,,0.57887,0.6118,0.4767
1791257577.6202,O,,,,0.57887,0.6153,0.4790
1791257577.6062,R,A,,-69,,,
1791257577.6090,R,A,,-69,,,
1791257577.6243,R,B,,-71,,,
1791257577.6328,R,C,,-71,,,
1791257577.6562,R,A,,-68,,,
1791257577.6576,R,B,,-65,,,
1791257577.6635,R,C,,-68,,,
1791257577.6958,O,,,,0.57887,0.6189,0.4813
1791257577.6968,O,,,,0.58020,0.6222,0.4835
1791257577.6977,O,,,,0.57887,0.6255,0.4857
1791257577.6985,O,,,,0.57887,0.6291,0.4880
1791257577.7072,R,A,,-66,,,
1791257577.7242,R,B,,-69,,,
1791257577.7531,R,C,,-71,,,
1791257577.7590,R,A,,-68,,,
1791257577.7592,R,B,,-69,,,
1791257577.7718,O,,,,0.57887,0.6326,0.4903
1791257577.7728,O,,,,0.57887,0.6362,0.4926
1791257577.7737,O,,,,0.57887,0.6397,0.4950
1791257577.7770,O,,,,0.57887,0.6433,0.4973
1791257577.7933,R,C,,-68,,,
1791257577.8098,R,A,,-68,,,
1791257577.8510,O,,,,0.57887,0.6464,0.4993
1791257577.8520,O,,,,0.57887,0.6499,0.5016
1791257577.8528,O,,,,0.57887,0.6535,0.5039
1791257577.8535,O,,,,0.57887,0.6570,0.5062
1791257577.8207,R,B,,-68,,,
1791257577.8416,R,B,,-83,,,
1791257577.8433,R,C,,-61,,,
1791257577.8436,R,A,,-65,,,
1791257577.8891,R,C,,-65,,,
1791257577.8893,R,A,,-63,,,
1791257577.8897,R,B,,-69,,,
1791257577.9318,O,,,,0.57887,0.6605,0.5086
1791257577.9327,O,,,,0.58020,0.6639,0.5107
1791257577.9336,O,,,,0.58152,0.6672,0.5129
1791257577.9343,O,,,,0.58285,0.6705,0.5151
1791257577.9380,R,B,,-67,,,
1791257577.9527,R,C,,-60,,,
1791257577.9593,R,A,,-61,,,
1791257577.9960,O,,,,0.58549,0.6740,0.5174
1791257577.9971,O,,,,0.58549,0.6776,0.5198
1791257577.9978,O,,,,0.58814,0.6811,0.5221
1791257577.9907,R,B,,-77,,,
1791257577.9922,R,A,,-57,,,
1791257577.9924,R,C,,-56,,,
1791257578.0287,R,A,,-68,,,
1791257578.0526,R,C,,-63,,,
1791257578.0812,O,,,,0.58946,0.6844,0.5243
1791257578.0821,O,,,,0.59211,0.6879,0.5267
1791257578.0830,O,,,,0.59343,0.6912,0.5289
1791257578.0837,O,,,,0.59608,0.6947,0.5313
1791257578.0733,R,B,,-74,,,
1791257578.0761,R,B,,-71,,,
1791257578.0947,R,A,,-66,,,
1791257578.1034,R,C,,-58,,,
1791257578.1567,O,,,,0.59873,0.6982,0.5337
1791257578.1578,O,,,,0.60005,0.7015,0.5359
1791257578.1586,O,,,,0.60270,0.7050,0.5383
1791257578.1595,O,,,,0.60535,0.7080,0.5404
1791257578.1248,R,B,,-78,,,
1791257578.1300,R,C,,-57,,,
1791257578.1303,R,A,,-62,,,
1791257578.1616,R,B,,-75,,,
1791257578.1775,R,C,,-65,,,
1791257578.2088,R,A,,-65,,,
1791257578.2122,R,B,,-73,,,
1791257578.2316,O,,,,0.60799,0.7115,0.5428
1791257578.2325,O,,,,0.61064,0.7150,0.5452
1791257578.2333,O,,,,0.61329,0.7185,0.5477
1791257578.2340,O,,,,0.61594,0.7219,0.5501
1791257578.2260,R,C,,-62,,,
1791257578.2592,R,A,,-65,,,
1791257578.3197,O,,,,0.61858,0.7249,0.5523
1791257578.3207,O,,,,0.62123,0.7284,0.5547
1791257578.2995,R,B,,-71,,,
1791257578.3006,R,C,,-57,,,
1791257578.3008,R,A,,-68,,,
1791257578.3217,O,,,,0.62255,0.7316,0.5570
1791257578.3225,O,,,,0.62520,0.7351,0.5595
1791257578.3528,R,C,,-73,,,
1791257578.3588,R,A,,-75,,,
1791257578.3673,R,B,,-72,,,
1791257578.3858,O,,,,0.62785,0.7385,0.5620
1791257578.3868,O,,,,0.63050,0.7419,0.5645
1791257578.3877,O,,,,0.63182,0.7451,0.5668
1791257578.3885,O,,,,0.63579,0.7483,0.5692
1791257578.4034,R,C,,-65,,,
1791257578.4068,R,B,,-76,,,
1791257578.4073,R,A,,-75,,,
1791257578.4561,O,,,,0.63976,0.7515,0.5715
1791257578.4572,O,,,,0.64373,0.7547,0.5739
1791257578.4582,O,,,,0.64770,0.7579,0.5763
1791257578.4247,R,B,,-76,,,
1791257578.4249,R,C,,-59,,,
1791257578.4591,R,A,,-73,,,
1791257578.4749,R,B,,-74,,,
1791257578.4839,R,C,,-68,,,
1791257578.4842,R,A,,-73,,,
1791257578.5168,R,B,,-72,,,
1791257578.5362,O,,,,0.65168,0.7610,0.5787
1791257578.5373,O,,,,0.65565,0.7642,0.5811
1791257578.5385,O,,,,0.65962,0.7673,0.5836
1791257578.5394,O,,,,0.66226,0.7707,0.5862
1791257578.5529,R,C,,-64,,,
1791257578.5591,R,A,,-67,,,
1791257578.6133,O,,,,0.66888,0.7738,0.5886
1791257578.6142,O,,,,0.67285,0.7769,0.5911
1791257578.6150,O,,,,0.67682,0.7800,0.5936
1791257578.6158,O,,,,0.68212,0.7833,0.5962
1791257578.5744,R,B,,-79,,,
1791257578.6034,R,C,,-57,,,
1791257578.6043,R,A,,-58,,,
1791257578.6072,R,A,,-63,,,
1791257578.6093,R,B,,-80,,,
1791257578.6456,R,C,,-65,,,
1791257578.6463,R,B,,-71,,,
1791257578.6590,R,A,,-73,,,
1791257578.6913,O,,,,0.68741,0.7866,0.5989
1791257578.6923,O,,,,0.69138,0.7896,0.6014
1791257578.6931,O,,,,0.69668,0.7929,0.6041
1791257578.6938,O,,,,0.70197,0.7961,0.6069
1791257578.7031,R,C,,-67,,,
1791257578.7092,R,A,,-65,,,
1791257578.7215,R,B,,-74,,,
1791257578.7401,R,C,,-78,,,
1791257578.7403,R,A,,-65,,,
1791257578.7711,O,,,,0.70727,0.7994,0.6096
1791257578.7720,O,,,,0.71124,0.8028,0.6125
1791257578.7727,O,,,,0.71653,0.8060,0.6153
1791257578.7735,O,,,,0.72183,0.8092,0.6181
1791257578.7858,R,C,,-70,,,
1791257578.7872,R,B,,-73,,,
1791257578.8096,R,A,,-70,,,
1791257578.8460,O,,,,0.72580,0.8121,0.6207
1791257578.8469,O,,,,0.73109,0.8153,0.6236
1791257578.8477,O,,,,0.73639,0.8184,0.6264
1791257578.8488,O,,,,0.74168,0.8216,0.6292
1791257578.8293,R,C,,-68,,,
1791257578.8297,R,A,,-69,,,
1791257578.8491,R,B,,-70,,,
1791257578.9160,O,,,,0.74698,0.8247,0.6321
1791257578.9170,O,,,,0.75227,0.8278,0.6350
1791257578.9179,O,,,,0.75757,0.8309,0.6379
1791257578.9188,O,,,,0.76286,0.8339,0.6408
1791257578.9038,R,C,,-70,,,
1791257578.9067,R,A,,-66,,,
1791257578.9155,R,B,,-68,,,
1791257578.9235,R,C,,-66,,,
1791257578.9236,R,A,,-64,,,
1791257578.9672,R,C,,-68,,,
1791257578.9674,R,B,,-74,,,
1791257578.9683,R,A,,-66,,,
1791257578.9961,O,,,,0.76948,0.8368,0.6436
1791257578.9972,O,,,,0.77478,0.8398,0.6465
1791257578.9979,O,,,,0.78007,0.8429,0.6495
1791257579.0245,R,B,,-77,,,
1791257579.0300,R,C,,-70,,,
1791257579.0501,R,B,,-84,,,
1791257579.0524,R,A,,-79,,,
1791257579.0529,R,C,,-64,,,
1791257579.0712,O,,,,0.78404,0.8457,0.6523
1791257579.0725,O,,,,0.78801,0.8489,0.6555
1791257579.0733,O,,,,0.79463,0.8516,0.6583
1791257579.0740,O,,,,0.79992,0.8546,0.6613
1791257579.0900,R,A,,-69,,,
1791257579.0902,R,C,,-69,,,
1791257579.0909,R,B,,-72,,,
1791257579.1511,O,,,,0.80522,0.8576,0.6644
1791257579.1519,O,,,,0.81051,0.8605,0.6674
1791257579.1527,O,,,,0.81581,0.8634,0.6705
1791257579.1535,O,,,,0.82110,0.8663,0.6736
1791257579.1530,R,C,,-69,,,
1791257579.1592,R,A,,-82,,,
1791257579.1750,R,B,,-68,,,
1791257579.1792,R,C,,-73,,,
1791257579.1801,R,A,,-83,,,
1791257579.2317,O,,,,0.82640,0.8692,0.6767
1791257579.2326,O,,,,0.83169,0.8720,0.6798
1791257579.2337,O,,,,0.83699,0.8749,0.6830
1791257579.2345,O,,,,0.84228,0.8777,0.6861
1791257579.2249,R,B,,-78,,,
1791257579.2529,R,C,,-72,,,
1791257579.2589,R,A,,-68,,,
1791257579.3062,O,,,,0.84625,0.8803,0.6891
1791257579.3075,O,,,,0.85155,0.8831,0.6923
1791257579.3087,O,,,,0.85684,0.8859,0.6955
1791257579.3096,O,,,,0.86478,0.8887,0.6987
1791257579.2711,R,C,,-63,,,
1791257579.2751,R,B,,-71,,,
1791257579.3039,R,A,,-60,,,
1791257579.3122,R,B,,-68,,,
1791257579.3127,R,C,,-64,,,
1791257579.3569,R,B,,-79,,,
1791257579.3586,R,A,,-64,,,
1791257579.3856,O,,,,0.87140,0.8912,0.7017
1791257579.3863,O,,,,0.87934,0.8940,0.7050
1791257579.3869,O,,,,0.88464,0.8966,0.7082
1791257579.3875,O,,,,0.89258,0.8993,0.7115
1791257579.4030,R,C,,-71,,,
1791257579.4095,R,A,,-64,,,
1791257579.4560,O,,,,0.90185,0.9018,0.7146
1791257579.4570,O,,,,0.91111,0.9042,0.7178
1791257579.4578,O,,,,0.91773,0.9067,0.7209
1791257579.4251,R,B,,-70,,,
1791257579.4489,R,A,,-67,,,
1791257579.4491,R,C,,-68,,,
1791257579.4493,R,B,,-77,,,
1791257579.5036,R,C,,-62,,,
1791257579.5089,R,A,,-79,,,
1791257579.5309,O,,,,0.92567,0.9089,0.7239
1791257579.5319,O,,,,0.93494,0.9110,0.7266
1791257579.5327,O,,,,0.94288,0.9132,0.7296
1791257579.5335,O,,,,0.95082,0.9150,0.7322
1791257579.5245,R,B,,-83,,,
1791257579.5463,R,C,,-72,,,
1791257579.5473,R,A,,-67,,,
1791257579.5477,R,B,,-69,,,
1791257579.6113,O,,,,0.95876,0.9168,0.7348
1791257579.6123,O,,,,0.96671,0.9187,0.7374
1791257579.6131,O,,,,0.97730,0.9205,0.7400
1791257579.6139,O,,,,0.98391,0.9221,0.7424
1791257579.5859,R,C,,-68,,,
1791257579.5870,R,B,,-68,,,
1791257579.6009,R,A,,-71,,,
1791257579.6530,R,C,,-64,,,
1791257579.6571,R,B,,-68,,,
1791257579.6587,R,A,,-66,,,
1791257579.6917,O,,,,0.99318,0.9237,0.7449
1791257579.6927,O,,,,1.00244,0.9253,0.7473
1791257579.6973,O,,,,1.01171,0.9268,0.7498
1791257579.6981,O,,,,1.02230,0.9282,0.7520
1791257579.6841,R,C,,-70,,,
1791257579.6843,R,A,,-68,,,
1791257579.6845,R,B,,-69,,,
1791257579.7663,O,,,,1.03024,0.9296,0.7543
1791257579.7677,O,,,,1.04083,0.9309,0.7566
1791257579.7689,O,,,,1.05010,0.9321,0.7586
1791257579.7702,O,,,,1.05936,0.9333,0.7607
1791257579.7224,R,B,,-66,,,
1791257579.7237,R,A,,-62,,,
1791257579.7530,R,C,,-68,,,
1791257579.7682,R,B,,-77,,,
1791257579.7701,R,A,,-66,,,
1791257579.7941,R,C,,-71,,,
1791257579.8099,R,C,,-68,,,
1791257579.8517,O,,,,1.06863,0.9344,0.7628
1791257579.8527,O,,,,1.07789,0.9356,0.7649
1791257579.8536,O,,,,1.08583,0.9366,0.7667
1791257579.8544,O,,,,1.09510,0.9374,0.7684
1791257579.8245,R,B,,-70,,,
1791257579.8516,R,A,,-73,,,
1791257579.8516,R,C,,-68,,,
1791257579.8576,R,B,,-70,,,
1791257579.9189,O,,,,1.10304,0.9384,0.7703
1791257579.9199,O,,,,1.11098,0.9393,0.7722
1791257579.8959,R,A,,-63,,,
1791257579.8961,R,B,,-75,,,
1791257579.9034,R,C,,-68,,,
1791257579.9209,O,,,,1.11893,0.9400,0.7736
1791257579.9467,R,A,,-71,,,
1791257579.9536,R,C,,-63,,,
1791257579.9909,O,,,,1.12554,0.9406,0.7748
1791257579.9917,O,,,,1.13216,0.9414,0.7765
1791257579.9927,O,,,,1.13878,0.9420,0.7777
1791257579.9938,O,,,,1.14672,0.9426,0.7791
1791257579.9745,R,B,,-75,,,
1791257579.9963,R,B,,-68,,,
1791257580.0041,R,C,,-78,,,
1791257580.0094,R,A,,-72,,,
1791257580.0442,R,B,,-66,,,
1791257580.0716,O,,,,1.15334,0.9432,0.7803
1791257580.0725,O,,,,1.15996,0.9437,0.7815
1791257580.0732,O,,,,1.16790,0.9443,0.7830
1791257580.0740,O,,,,1.17452,0.9448,0.7842
1791257580.0899,R,B,,-73,,,
1791257580.0914,R,C,,-54,,,
1791257580.1094,R,A,,-67,,,
1791257580.1508,O,,,,1.18114,0.9454,0.7854
1791257580.1517,O,,,,1.18776,0.9459,0.7867
1791257580.1525,O,,,,1.19570,0.9464,0.7881
1791257580.1533,O,,,,1.20232,0.9469,0.7894
1791257580.1309,R,C,,-63,,,
1791257580.1311,R,A,,-75,,,
1791257580.1606,R,B,,-65,,,
1791257580.1916,R,B,,-64,,,
1791257580.2032,R,C,,-60,,,
1791257580.2268,O,,,,1.21026,0.9475,0.7908
1791257580.2279,O,,,,1.21820,0.9480,0.7923
1791257580.2287,O,,,,1.22482,0.9485,0.7936
1791257580.2295,O,,,,1.23276,0.9490,0.7951
1791257580.2252,R,B,,-70,,,
1791257580.2537,R,C,,-56,,,
1791257580.2589,R,A,,-65,,,
1791257580.2667,R,C,,-65,,,
1791257580.2668,R,B,,-77,,,
1791257580.3069,O,,,,1.23938,0.9495,0.7963
1791257580.3079,O,,,,1.24864,0.9499,0.7976
1791257580.3091,O,,,,1.25791,0.9503,0.7988
1791257580.3100,O,,,,1.26850,0.9506,0.7998
1791257580.3081,R,B,,-67,,,
1791257580.3095,R,A,,-68,,,
1791257580.3532,R,C,,-67,,,
1791257580.3598,R,A,,-66,,,
1791257580.3864,O,,,,1.27909,0.9509,0.8009
1791257580.3876,O,,,,1.29233,0.9511,0.8014
1791257580.3885,O,,,,1.30424,0.9513,0.8021
1791257580.3893,O,,,,1.31880,0.9514,0.8024
1791257580.3747,R,B,,-65,,,
1791257580.4039,R,C,,-61,,,
1791257580.4053,R,B,,-88,,,
1791257580.4069,R,A,,-64,,,
1791257580.4505,O,,,,1.33336,0.9514,0.8026
1791257580.4514,O,,,,1.34792,0.9515,0.8029
1791257580.4523,O,,,,1.36248,0.9515,0.8032
1791257580.4475,R,B,,-76,,,
1791257580.4479,R,A,,-66,,,
1791257580.4541,R,C,,-64,,,
1791257580.5041,R,B,,-63,,,
1791257580.5322,O,,,,1.37704,0.9516,0.8034
1791257580.5332,O,,,,1.39425,0.9516,0.8037
1791257580.5340,O,,,,1.41013,0.9516,0.8037
1791257580.5347,O,,,,1.42601,0.9516,0.8037
1791257580.5358,R,A,,-62,,,
1791257580.5528,R,C,,-53,,,
1791257580.5646,R,B,,-76,,,
1791257580.6108,O,,,,1.44190,0.9516,0.8037
1791257580.6119,O,,,,1.45778,0.9516,0.8037
1791257580.6128,O,,,,1.47367,0.9516,0.8037
1791257580.6136,O,,,,1.48955,0.9516,0.8037
1791257580.6037,R,C,,-59,,,
1791257580.6077,R,A,,-68,,,
1791257580.6247,R,B,,-77,,,
1791257580.6473,R,A,,-61,,,
1791257580.6475,R,C,,-62,,,
1791257580.6484,R,B,,-62,,,
1791257580.6863,O,,,,1.50543,0.9516,0.8037
1791257580.6873,O,,,,1.52264,0.9517,0.8039
1791257580.6881,O,,,,1.53985,0.9516,0.8037
1791257580.6891,O,,,,1.55573,0.9516,0.8037
1791257580.6818,R,C,,-63,,,
1791257580.6912,R,B,,-70,,,
1791257580.6932,R,A,,-65,,,
1791257580.7659,O,,,,1.57294,0.9516,0.8034
1791257580.7668,O,,,,1.59015,0.9516,0.8037
1791257580.7676,O,,,,1.60603,0.9516,0.8037
1791257580.7684,O,,,,1.62324,0.9517,0.8034
1791257580.7213,R,C,,-67,,,
1791257580.7215,R,A,,-63,,,
1791257580.7241,R,B,,-72,,,
1791257580.7677,R,C,,-61,,,
1791257580.7679,R,A,,-60,,,
1791257580.7751,R,B,,-78,,,
1791257580.8092,R,B,,-77,,,
1791257580.8094,R,A,,-61,,,
1791257580.8413,O,,,,1.64045,0.9516,0.8037
1791257580.8427,O,,,,1.65633,0.9516,0.8037
1791257580.8442,O,,,,1.67486,0.9516,0.8037
1791257580.8450,O,,,,1.69075,0.9516,0.8037
1791257580.8241,R,C,,-56,,,
1791257580.8546,R,B,,-72,,,
1791257580.8611,R,A,,-58,,,
1791257580.9115,O,,,,1.70663,0.9516,0.8037
1791257580.9127,O,,,,1.72384,0.9517,0.8034
1791257580.9135,O,,,,1.73972,0.9517,0.8034
1791257580.9000,R,C,,-62,,,
1791257580.9006,R,A,,-57,,,
1791257580.9247,R,B,,-73,,,
1791257580.9533,R,C,,-63,,,
1791257580.9594,R,A,,-65,,,
1791257580.9914,O,,,,1.75693,0.9516,0.8037
1791257580.9928,O,,,,1.77281,0.9516,0.8037
1791257580.9936,O,,,,1.78870,0.9516,0.8037
1791257580.9944,O,,,,1.80458,0.9516,0.8037
1791257580.9717,R,B,,-69,,,
1791257580.9981,R,B,,-75,,,
1791257580.9992,R,A,,-70,,,
1791257581.0038,R,C,,-52,,,
1791257581.0662,O,,,,1.81782,0.9516,0.8037
1791257581.0671,O,,,,1.83238,0.9517,0.8034
1791257581.0679,O,,,,1.84694,0.9516,0.8037
1791257581.0686,O,,,,1.86282,0.9516,0.8037
1791257581.0407,R,C,,-62,,,
1791257581.0409,R,B,,-79,,,
1791257581.0411,R,A,,-65,,,
1791257581.1037,R,C,,-62,,,
1791257581.1095,R,A,,-64,,,
1791257581.1463,O,,,,1.87871,0.9516,0.8037
1791257581.1474,O,,,,1.89194,0.9516,0.8037
1791257581.1482,O,,,,1.90783,0.9516,0.8037
1791257581.1489,O,,,,1.92371,0.9516,0.8037
1791257581.1246,R,B,,-72,,,
1791257581.1315,R,C,,-54,,,
1791257581.1318,R,A,,-64,,,
1791257581.1362,R,B,,-74,,,
1791257581.1966,R,C,,-59,,,
1791257581.2093,R,A,,-64,,,
1791257581.2266,O,,,,1.93959,0.9516,0.8037
1791257581.2276,O,,,,1.95548,0.9516,0.8037
1791257581.2284,O,,,,1.97269,0.9517,0.8034
1791257581.2293,O,,,,1.98989,0.9516,0.8037
1791257581.2253,R,B,,-83,,,
1791257581.2440,R,A,,-64,,,
1791257581.2476,R,C,,-58,,,
1791257581.2592,R,B,,-67,,,
1791257581.2599,R,A,,-66,,,
1791257581.2611,R,C,,-56,,,
1791257581.3009,O,,,,2.00578,0.9516,0.8037
1791257581.3018,O,,,,2.02166,0.9516,0.8037
1791257581.3027,O,,,,2.03887,0.9517,0.8034
1791257581.3035,O,,,,2.05608,0.9516,0.8037
1791257581.3032,R,C,,-55,,,
1791257581.3096,R,A,,-66,,,
1791257581.3248,R,B,,-74,,,
1791257581.3541,R,C,,-59,,,
1791257581.3595,R,A,,-68,,,
1791257581.3684,R,B,,-79,,,
1791257581.3874,O,,,,2.07196,0.9516,0.8037
1791257581.3886,O,,,,2.08784,0.9516,0.8037
1791257581.3894,O,,,,2.10638,0.9516,0.8037
1791257581.3902,O,,,,2.12226,0.9516,0.8037
1791257581.3942,R,C,,-61,,,
1791257581.3944,R,A,,-69,,,
1791257581.4547,O,,,,2.13814,0.9516,0.8037
1791257581.4556,O,,,,2.15403,0.9516,0.8037
1791257581.4563,O,,,,2.16991,0.9516,0.8037
1791257581.4248,R,B,,-74,,,
1791257581.4402,R,C,,-58,,,
1791257581.4549,R,B,,-82,,,
1791257581.4557,R,A,,-65,,,
1791257581.5265,O,,,,2.18315,0.9516,0.8037
1791257581.5275,O,,,,2.19771,0.9518,0.8035
1791257581.5283,O,,,,2.21094,0.9518,0.8035
1791257581.5291,O,,,,2.22418,0.9518,0.8035
1791257581.5270,R,C,,-65,,,
1791257581.5399,R,A,,-67,,,
1791257581.6074,O,,,,2.23742,0.9518,0.8035
1791257581.6085,O,,,,2.24801,0.9518,0.8035
1791257581.6093,O,,,,2.25992,0.9516,0.8037
1791257581.6101,O,,,,2.27183,0.9518,0.8035
1791257581.5731,R,C,,-61,,,
1791257581.5747,R,B,,-75,,,
1791257581.6076,R,A,,-72,,,
1791257581.6206,R,B,,-74,,,
1791257581.6532,R,C,,-64,,,
1791257581.6597,R,A,,-77,,,
1791257581.6648,R,C,,-61,,,
1791257581.6652,R,B,,-71,,,
1791257581.6659,R,A,,-68,,,
1791257581.6820,O,,,,2.28375,0.9516,0.8037
1791257581.6829,O,,,,2.29433,0.9516,0.8037
1791257581.6837,O,,,,2.30492,0.9516,0.8037
1791257581.6845,O,,,,2.31816,0.9516,0.8037
1791257581.7095,R,A,,-72,,,
1791257581.7613,O,,,,2.33140,0.9516,0.8037
1791257581.7626,O,,,,2.34463,0.9516,0.8037
1791257581.7634,O,,,,2.35655,0.9514,0.8038
1791257581.7641,O,,,,2.36978,0.9514,0.8038
1791257581.7232,R,B,,-82,,,
1791257581.7235,R,C,,-57,,,
1791257581.7505,R,A,,-69,,,
1791257581.7509,R,B,,-80,,,
1791257581.7535,R,C,,-55,,,
1791257581.7903,R,C,,-60,,,
1791257581.7905,R,A,,-78,,,
1791257581.7924,R,B,,-73,,,
1791257581.8419,O,,,,2.38302,0.9514,0.8038
1791257581.8432,O,,,,2.39626,0.9514,0.8038
1791257581.8440,O,,,,2.40685,0.9514,0.8038
1791257581.8447,O,,,,2.41743,0.9514,0.8038
1791257581.8365,R,C,,-59,,,
1791257581.8421,R,A,,-81,,,
1791257581.8423,R,B,,-71,,,
1791257581.9185,O,,,,2.42802,0.9514,0.8038
1791257581.9193,O,,,,2.43729,0.9512,0.8040
1791257581.9201,O,,,,2.44523,0.9512,0.8040
1791257581.8804,R,A,,-67,,,
1791257581.8903,R,B,,-73,,,
1791257581.8921,R,C,,-69,,,
1791257581.9251,R,B,,-72,,,
1791257581.9403,R,A,,-72,,,
1791257581.9405,R,C,,-64,,,
1791257581.9854,O,,,,2.45450,0.9510,0.8042
1791257581.9867,O,,,,2.46244,0.9510,0.8042
1791257581.9875,O,,,,2.47038,0.9510,0.8042
1791257581.9883,O,,,,2.47568,0.9510,0.8042
1791257581.9717,R,B,,-74,,,
1791257581.9832,R,C,,-69,,,
1791257581.9841,R,A,,-68,,,
1791257582.0172,R,B,,-87,,,
1791257582.0661,O,,,,2.48362,0.9510,0.8042
1791257582.0670,O,,,,2.48891,0.9510,0.8042
1791257582.0678,O,,,,2.49685,0.9510,0.8042
1791257582.0686,O,,,,2.50480,0.9510,0.8042
1791257582.0258,R,C,,-63,,,
1791257582.0261,R,A,,-63,,,
1791257582.0626,R,B,,-79,,,
1791257582.0672,R,C,,-60,,,
1791257582.1094,R,A,,-75,,,
1791257582.1420,O,,,,2.51274,0.9510,0.8042
1791257582.1429,O,,,,2.51803,0.9510,0.8042
1791257582.1437,O,,,,2.52597,0.9510,0.8042
1791257582.1445,O,,,,2.53524,0.9512,0.8040
1791257582.1249,R,B,,-84,,,
1791257582.1602,R,A,,-68,,,
1791257582.1649,R,B,,-79,,,
1791257582.1948,R,B,,-73,,,
1791257582.1956,R,C,,-63,,,
1791257582.1963,R,A,,-64,,,
1791257582.2211,O,,,,2.54451,0.9510,0.8042
1791257582.2225,O,,,,2.55377,0.9512,0.8040
1791257582.2234,O,,,,2.56701,0.9512,0.8040
1791257582.2242,O,,,,2.57760,0.9512,0.8040
1791257582.2504,R,B,,-85,,,
1791257582.2540,R,C,,-79,,,
1791257582.2598,R,A,,-68,,,
1791257582.3015,O,,,,2.58951,0.9515,0.8039
1791257582.3023,O,,,,2.60275,0.9515,0.8039
1791257582.3031,O,,,,2.61731,0.9512,0.8040
1791257582.3039,O,,,,2.63187,0.9515,0.8039
1791257582.2936,R,C,,-65,,,
1791257582.2941,R,A,,-68,,,
1791257582.2942,R,B,,-72,,,
1791257582.3363,R,C,,-62,,,
1791257582.3365,R,A,,-66,,,
1791257582.3379,R,B,,-68,,,
1791257582.3768,O,,,,2.64775,0.9515,0.8039
1791257582.3779,O,,,,2.66363,0.9515,0.8039
1791257582.3786,O,,,,2.67820,0.9517,0.8038
1791257582.3794,O,,,,2.69408,0.9517,0.8038
1791257582.3758,R,C,,-62,,,
1791257582.3771,R,A,,-71,,,
1791257582.4539,O,,,,2.71129,0.9519,0.8037
1791257582.4549,O,,,,2.72717,0.9519,0.8037
1791257582.4557,O,,,,2.74305,0.9519,0.8037
1791257582.4249,R,B,,-73,,,
1791257582.4412,R,A,,-66,,,
1791257582.4414,R,C,,-60,,,
1791257582.4597,R,A,,-66,,,
1791257582.4754,R,B,,-75,,,
1791257582.5014,R,C,,-62,,,
1791257582.5072,R,B,,-73,,,
1791257582.5092,R,A,,-68,,,
1791257582.5286,O,,,,2.76026,0.9517,0.8038
1791257582.5294,O,,,,2.77615,0.9517,0.8038
1791257582.5302,O,,,,2.79335,0.9519,0.8037
1791257582.5309,O,,,,2.80924,0.9519,0.8037
1791257582.5472,R,C,,-68,,,
1791257582.5496,R,C,,-68,,,
1791257582.5575,R,B,,-73,,,
1791257582.5576,R,A,,-69,,,
1791257582.6011,O,,,,2.82512,0.9519,0.8037
1791257582.6020,O,,,,2.83836,0.9519,0.8037
1791257582.6028,O,,,,2.85424,0.9519,0.8037
1791257582.6036,O,,,,2.86748,0.9519,0.8037
1791257582.6036,R,C,,-68,,,
1791257582.6037,R,A,,-67,,,
1791257582.6249,R,B,,-74,,,
1791257582.6407,R,A,,-67,,,
1791257582.6409,R,C,,-68,,,
1791257582.6516,R,B,,-74,,,
1791257582.6814,O,,,,2.88071,0.9519,0.8037
1791257582.6825,O,,,,2.89660,0.9519,0.8037
1791257582.6833,O,,,,2.90851,0.9517,0.8037
1791257582.6841,O,,,,2.92042,0.9514,0.8038
1791257582.6841,R,C,,-64,,,
1791257582.6844,R,A,,-70,,,
1791257582.7126,R,B,,-78,,,
1791257582.7616,O,,,,2.93101,0.9514,0.8038
1791257582.7626,O,,,,2.94160,0.9514,0.8038
1791257582.7634,O,,,,2.95219,0.9514,0.8038
1791257582.7642,O,,,,2.96278,0.9514,0.8038
1791257582.7293,R,A,,-71,,,
1791257582.7538,R,C,,-60,,,
1791257582.7562,R,B,,-70,,,
1791257582.7718,R,C,,-57,,,
1791257582.7755,R,B,,-69,,,
1791257582.8095,R,A,,-67,,,
1791257582.8364,O,,,,2.97337,0.9514,0.8038
1791257582.8374,O,,,,2.98131,0.9514,0.8038
1791257582.8383,O,,,,2.99190,0.9514,0.8038
1791257582.8390,O,,,,3.00249,0.9514,0.8038
1791257582.8206,R,C,,-66,,,
1791257582.8253,R,B,,-78,,,
1791257582.8525,R,A,,-71,,,
1791257582.9059,O,,,,3.01043,0.9514,0.8038
1791257582.9069,O,,,,3.02102,0.9514,0.8038
1791257582.9078,O,,,,3.02896,0.9514,0.8038
1791257582.8706,R,B,,-71,,,
1791257582.8805,R,A,,-65,,,
1791257582.8806,R,C,,-63,,,
1791257582.9141,R,C,,-58,,,
1791257582.9204,R,A,,-62,,,
1791257582.9206,R,B,,-71,,,
1791257582.9589,R,B,,-76,,,
1791257582.9859,O,,,,3.03691,0.9514,0.8038
1791257582.9873,O,,,,3.04485,0.9514,0.8038
1791257582.9881,O,,,,3.05279,0.9514,0.8038
1791257582.9889,O,,,,3.05941,0.9512,0.8038
1791257582.9928,R,C,,-64,,,
1791257583.0004,R,A,,-68,,,
1791257583.0008,R,B,,-79,,,
1791257583.0036,R,C,,-64,,,
1791257583.0616,O,,,,3.06603,0.9514,0.8038
1791257583.0626,O,,,,3.07132,0.9514,0.8038
1791257583.0635,O,,,,3.07529,0.9512,0.8038
1791257583.0643,O,,,,3.08059,0.9512,0.8038
1791257583.0506,R,C,,-62,,,
1791257583.0515,R,B,,-69,,,
1791257583.0598,R,A,,-64,,,
1791257583.0927,R,B,,-70,,,
1791257583.1036,R,C,,-58,,,
1791257583.1100,R,A,,-58,,,
1791257583.1423,O,,,,3.08588,0.9512,0.8038
1791257583.1432,O,,,,3.09118,0.9512,0.8038
1791257583.1439,O,,,,3.09515,0.9509,0.8038
1791257583.1454,O,,,,3.09912,0.9512,0.8038
1791257583.1414,R,A,,-67,,,
1791257583.1415,R,B,,-75,,,
1791257583.1518,R,C,,-63,,,
1791257583.1833,R,A,,-63,,,
1791257583.1835,R,C,,-66,,,
1791257583.2068,R,B,,-69,,,
1791257583.2212,O,,,,3.10309,0.9509,0.8038
1791257583.2225,O,,,,3.10574,0.9509,0.8038
1791257583.2237,O,,,,3.10838,0.9509,0.8038
1791257583.2247,O,,,,3.11103,0.9509,0.8038
1791257583.2324,R,B,,-69,,,
1791257583.2340,R,A,,-58,,,
1791257583.2379,R,C,,-56,,,
1791257583.2962,O,,,,3.11368,0.9509,0.8038
1791257583.2972,O,,,,3.11633,0.9509,0.8038
1791257583.2980,O,,,,3.11897,0.9509,0.8038
1791257583.2987,O,,,,3.12162,0.9509,0.8038
1791257583.3036,R,C,,-57,,,
1791257583.3104,R,A,,-63,,,
1791257583.3252,R,B,,-73,,,
1791257583.3297,R,C,,-58,,,
1791257583.3419,R,A,,-62,,,
1791257583.3842,O,,,,3.12427,0.9509,0.8038
1791257583.3852,O,,,,3.12692,0.9509,0.8038
1791257583.3859,O,,,,3.13221,0.9509,0.8038
1791257583.3867,O,,,,3.13486,0.9509,0.8038
1791257583.3726,R,B,,-72,,,
1791257583.3883,R,C,,-53,,,
1791257583.3886,R,A,,-57,,,
1791257583.4464,O,,,,3.14015,0.9509,0.8038
1791257583.4475,O,,,,-3.14039,0.9509,0.8038
1791257583.4484,O,,,,-3.13642,0.9506,0.8038
1791257583.4202,R,B,,-77,,,
1791257583.4474,R,A,,-71,,,
1791257583.4475,R,C,,-62,,,
1791257583.4704,R,B,,-71,,,
1791257583.4827,R,C,,-63,,,
1791257583.4837,R,A,,-70,,,
1791257583.5213,O,,,,-3.13509,0.9509,0.8038
1791257583.5227,O,,,,-3.13112,0.9506,0.8038
1791257583.5239,O,,,,-3.12847,0.9506,0.8038
1791257583.5248,O,,,,-3.12583,0.9506,0.8038
1791257583.5202,R,C,,-57,,,
1791257583.5257,R,B,,-67,,,
1791257583.5402,R,A,,-68,,,
1791257583.5594,R,C,,-65,,,
1791257583.5595,R,B,,-70,,,
1791257583.6014,O,,,,-3.12318,0.9506,0.8038
1791257583.6024,O,,,,-3.12053,0.9506,0.8038
1791257583.6031,O,,,,-3.12053,0.9506,0.8038
1791257583.6039,O,,,,-3.12053,0.9506,0.8038
1791257583.6096,R,A,,-68,,,
1791257583.6337,R,C,,-62,,,
1791257583.6534,R,A,,-64,,,
1791257583.6536,R,C,,-62,,,
1791257583.6539,R,B,,-70,,,
1791257583.6770,O,,,,-3.12053,0.9506,0.8038
1791257583.6784,O,,,,-3.12053,0.9506,0.8038
1791257583.6796,O,,,,-3.12053,0.9506,0.8038
1791257583.6807,O,,,,-3.12053,0.9506,0.8038
1791257583.7046,R,C,,-59,,,
1791257583.7098,R,A,,-62,,,
1791257583.7563,O,,,,-3.12053,0.9506,0.8038
1791257583.7573,O,,,,-3.12053,0.9506,0.8038
1791257583.7581,O,,,,-3.12053,0.9506,0.8038
1791257583.7589,O,,,,-3.12053,0.9506,0.8038
1791257583.7251,R,B,,-82,,,
1791257583.7400,R,C,,-64,,,
1791257583.7514,R,A,,-72,,,
1791257583.7516,R,B,,-74,,,
1791257583.8036,R,C,,-61,,,
1791257583.8096,R,A,,-71,,,
1791257583.8147,R,B,,-74,,,
1791257583.8371,O,,,,-3.12053,0.9506,0.8038
1791257583.8379,O,,,,-3.12053,0.9506,0.8038
1791257583.8387,O,,,,-3.12053,0.9506,0.8038
1791257583.8395,O,,,,-3.12053,0.9506,0.8038
1791257583.8312,R,B,,-78,,,
1791257583.8336,R,A,,-62,,,
1791257583.8544,R,C,,-57,,,
1791257583.9069,O,,,,-3.12053,0.9506,0.8038
1791257583.9079,O,,,,-3.12053,0.9506,0.8038
1791257583.9091,O,,,,-3.12053,0.9506,0.8038
1791257583.8800,R,C,,-68,,,
1791257583.9055,R,B,,-77,,,
1791257583.9096,R,A,,-69,,,
1791257583.9256,R,B,,-75,,,
1791257583.9318,R,A,,-64,,,
1791257583.9526,R,C,,-63,,,
1791257583.9819,O,,,,-3.12053,0.9506,0.8038
1791257583.9839,O,,,,-3.12053,0.9506,0.8038
1791257583.9847,O,,,,-3.12053,0.9506,0.8038
1791257583.9855,O,,,,-3.12053,0.9506,0.8038
1791257583.9707,R,B,,-67,,,
1791257583.9735,R,C,,-60,,,
1791257583.9738,R,A,,-60,,,
1791257584.0619,O,,,,-3.12053,0.9506,0.8038
1791257584.0629,O,,,,-3.12053,0.9506,0.8038
1791257584.0637,O,,,,-3.12053,0.9506,0.8038
1791257584.0645,O,,,,-3.12053,0.9506,0.8038
1791257584.0251,R,B,,-70,,,
1791257584.0505,R,C,,-66,,,
1791257584.0518,R,A,,-63,,,
1791257584.0525,R,B,,-68,,,
1791257584.0531,R,C,,-66,,,
1791257584.0937,R,C,,-71,,,
1791257584.0939,R,A,,-62,,,
1791257584.0948,R,B,,-69,,,
1791257584.1359,O,,,,-3.12053,0.9506,0.8038
1791257584.1368,O,,,,-3.12053,0.9506,0.8038
1791257584.1383,O,,,,-3.12053,0.9506,0.8038
1791257584.1392,O,,,,-3.12053,0.9506,0.8038
1791257584.1399,R,B,,-73,,,
1791257584.1414,R,C,,-64,,,
1791257584.1418,R,A,,-56,,,
1791257584.2169,O,,,,-3.12053,0.9506,0.8038
1791257584.2179,O,,,,-3.12053,0.9506,0.8038
1791257584.2188,O,,,,-3.12053,0.9506,0.8038
1791257584.2196,O,,,,-3.12053,0.9506,0.8038
1791257584.1860,R,A,,-65,,,
1791257584.2037,R,C,,-64,,,
1791257584.2236,R,B,,-69,,,
1791257584.2316,R,C,,-78,,,
1791257584.2318,R,A,,-71,,,
1791257584.2385,R,B,,-73,,,
1791257584.2964,O,,,,-3.12053,0.9506,0.8038
1791257584.2976,O,,,,-3.12053,0.9506,0.8038
1791257584.2984,O,,,,-3.12053,0.9506,0.8038
1791257584.2992,O,,,,-3.12053,0.9506,0.8038
1791257584.2780,R,C,,-71,,,
1791257584.2893,R,A,,-69,,,
1791257584.3620,O,,,,-3.12053,0.9506,0.8038
1791257584.3633,O,,,,-3.12053,0.9506,0.8038
1791257584.3645,O,,,,-3.12053,0.9506,0.8038
1791257584.3248,R,C,,-63,,,
1791257584.3253,R,A,,-64,,,
1791257584.3254,R,B,,-75,,,
1791257584.3757,R,B,,-69,,,
1791257584.3910,R,C,,-71,,,
1791257584.3913,R,A,,-59,,,
1791257584.4102,R,A,,-57,,,
1791257584.4104,R,B,,-68,,,
1791257584.4412,O,,,,-3.12053,0.9506,0.8038
1791257584.4423,O,,,,-3.12053,0.9506,0.8038
1791257584.4433,O,,,,-3.12053,0.9506,0.8038
1791257584.4441,O,,,,-3.12053,0.9506,0.8038
1791257584.4508,R,C,,-61,,,
1791257584.4537,R,C,,-59,,,
1791257584.4605,R,A,,-58,,,
1791257584.4633,R,B,,-72,,,
1791257584.4906,R,C,,-65,,,
1791257584.4909,R,A,,-64,,,
1791257584.4941,R,B,,-72,,,
1791257584.5209,O,,,,-3.12053,0.9506,0.8038
1791257584.5217,O,,,,-3.12053,0.9506,0.8038
1791257584.5225,O,,,,-3.12053,0.9506,0.8038
1791257584.5233,O,,,,-3.12053,0.9506,0.8038
1791257584.5542,R,B,,-72,,,
1791257584.5543,R,C,,-69,,,
1791257584.5603,R,A,,-64,,,
1791257584.5963,O,,,,-3.12053,0.9506,0.8038
1791257584.5974,O,,,,-3.12053,0.9506,0.8038
1791257584.5982,O,,,,-3.12053,0.9506,0.8038
1791257584.5990,O,,,,-3.12053,0.9506,0.8038
1791257584.5865,R,B,,-82,,,
1791257584.5881,R,A,,-65,,,
1791257584.5882,R,C,,-69,,,
1791257584.6285,R,C,,-72,,,
1791257584.6298,R,A,,-68,,,
1791257584.6768,O,,,,-3.12053,0.9506,0.8038
1791257584.6783,O,,,,-3.12053,0.9506,0.8038
1791257584.6795,O,,,,-3.12053,0.9506,0.8038
1791257584.6807,O,,,,-3.12053,0.9506,0.8038
1791257584.6705,R,B,,-85,,,
1791257584.7038,R,C,,-70,,,
1791257584.7098,R,A,,-66,,,
1791257584.7153,R,C,,-67,,,
1791257584.7562,O,,,,-3.12053,0.9506,0.8038
1791257584.7572,O,,,,-3.12053,0.9506,0.8038
1791257584.7582,O,,,,-3.12053,0.9506,0.8038
1791257584.7590,O,,,,-3.12053,0.9506,0.8038
1791257584.7256,R,B,,-83,,,
1791257584.7567,R,A,,-63,,,
1791257584.7579,R,B,,-74,,,
1791257584.7596,R,A,,-60,,,
1791257584.8040,R,C,,-68,,,
1791257584.8102,R,A,,-66,,,
1791257584.8319,O,,,,-3.12053,0.9506,0.8038
1791257584.8332,O,,,,-3.12053,0.9506,0.8038
1791257584.8344,O,,,,-3.12053,0.9506,0.8038
1791257584.8353,O,,,,-3.12053,0.9506,0.8038
1791257584.8435,R,A,,-64,,,
1791257584.8440,R,B,,-80,,,
1791257584.8545,R,C,,-67,,,
1791257584.9022,O,,,,-3.12053,0.9506,0.8038
1791257584.9031,O,,,,-3.12053,0.9506,0.8038
1791257584.9038,O,,,,-3.12053,0.9506,0.8038
1791257584.9028,R,B,,-76,,,
1791257584.9043,R,C,,-59,,,
1791257584.9047,R,A,,-59,,,
1791257584.9368,R,C,,-63,,,
1791257584.9371,R,B,,-71,,,
1791257584.9457,R,A,,-62,,,
1791257584.9814,O,,,,-3.12053,0.9506,0.8038
1791257584.9824,O,,,,-3.12053,0.9506,0.8038
1791257584.9832,O,,,,-3.12053,0.9506,0.8038
1791257584.9841,O,,,,-3.12053,0.9506,0.8038
1791257584.9818,R,A,,-58,,,
1791257585.0039,R,C,,-60,,,
1791257585.0563,O,,,,-3.12053,0.9506,0.8038
1791257585.0573,O,,,,-3.12053,0.9506,0.8038
1791257585.0583,O,,,,-3.12053,0.9506,0.8038
1791257585.0594,O,,,,-3.12053,0.9506,0.8038
1791257585.0234,R,B,,-68,,,
1791257585.0260,R,C,,-57,,,
1791257585.0399,R,A,,-56,,,
1791257585.0706,R,A,,-63,,,
1791257585.0707,R,C,,-67,,,
1791257585.0753,R,B,,-70,,,
1791257585.1367,O,,,,-3.12053,0.9506,0.8038
1791257585.1377,O,,,,-3.12053,0.9506,0.8038
1791257585.1386,O,,,,-3.12053,0.9506,0.8038
1791257585.1394,O,,,,-3.12053,0.9506,0.8038
1791257585.1218,R,B,,-77,,,
1791257585.1287,R,C,,-62,,,
1791257585.1557,R,B,,-64,,,
1791257585.1559,R,A,,-61,,,
1791257585.2117,O,,,,-3.12053,0.9506,0.8038
1791257585.2127,O,,,,-3.12053,0.9506,0.8038
1791257585.2135,O,,,,-3.12053,0.9506,0.8038
1791257585.2143,O,,,,-3.12053,0.9506,0.8038
1791257585.1966,R,C,,-64,,,
1791257585.2006,R,B,,-70,,,
1791257585.2102,R,A,,-56,,,
1791257585.2427,R,C,,-63,,,
1791257585.2435,R,B,,-70,,,
1791257585.2603,R,A,,-59,,,
1791257585.2910,O,,,,-3.12053,0.9506,0.8038
1791257585.2919,O,,,,-3.12053,0.9506,0.8038
1791257585.2927,O,,,,-3.12053,0.9506,0.8038
1791257585.2934,O,,,,-3.12053,0.9506,0.8038
1791257585.3002,R,C,,-62,,,
1791257585.3012,R,B,,-65,,,
1791257585.3103,R,A,,-61,,,
1791257585.3607,O,,,,-3.12053,0.9506,0.8038
1791257585.3616,O,,,,-3.12053,0.9506,0.8038
1791257585.3623,O,,,,-3.12053,0.9506,0.8038
1791257585.3384,R,B,,-73,,,
1791257585.3405,R,A,,-58,,,
1791257585.3537,R,C,,-56,,,
1791257585.3838,R,C,,-65,,,
1791257585.3842,R,A,,-71,,,
1791257585.4017,R,B,,-73,,,
1791257585.4420,O,,,,-3.12053,0.9506,0.8038
1791257585.4430,O,,,,-3.12053,0.9506,0.8038
1791257585.4438,O,,,,-3.12053,0.9506,0.8038
1791257585.4448,O,,,,-3.12053,0.9506,0.8038
1791257585.4337,R,C,,-71,,,
1791257585.4472,R,B,,-75,,,
1791257585.4487,R,A,,-74,,,
1791257585.5168,O,,,,-3.12053,0.9506,0.8038
1791257585.5179,O,,,,-3.12053,0.9506,0.8038
1791257585.5187,O,,,,-3.12053,0.9506,0.8038
1791257585.5195,O,,,,-3.12053,0.9506,0.8038
1791257585.5042,R,C,,-68,,,
1791257585.5098,R,A,,-79,,,
1791257585.5184,R,B,,-69,,,
1791257585.5487,R,A,,-66,,,
1791257585.5488,R,C,,-71,,,
1791257585.5610,R,B,,-66,,,
1791257585.5975,O,,,,-3.12053,0.9506,0.8038
1791257585.5983,O,,,,-3.12053,0.9506,0.8038
1791257585.5991,O,,,,-3.12053,0.9506,0.8038
1791257585.5998,O,,,,-3.12053,0.9506,0.8038
1791257585.5868,R,C,,-64,,,
1791257585.6082,R,A,,-63,,,
1791257585.6085,R,B,,-66,,,
1791257585.6477,R,C,,-60,,,
1791257585.6501,R,C,,-61,,,
1791257585.6602,R,A,,-60,,,
1791257585.6719,O,,,,-3.12053,0.9506,0.8038
1791257585.6727,O,,,,-3.12053,0.9506,0.8038
1791257585.6735,O,,,,-3.12053,0.9506,0.8038
1791257585.6743,O,,,,-3.12053,0.9506,0.8038
1791257585.6707,R,B,,-64,,,
1791257585.6917,R,B,,-62,,,
1791257585.7043,R,C,,-63,,,
1791257585.7104,R,A,,-61,,,
1791257585.7519,O,,,,-3.12053,0.9506,0.8038
1791257585.7529,O,,,,-3.12053,0.9506,0.8038
1791257585.7537,O,,,,-3.12053,0.9506,0.8038
1791257585.7552,O,,,,-3.12053,0.9506,0.8038
1791257585.7345,R,C,,-62,,,
1791257585.7347,R,A,,-60,,,
1791257585.7593,R,B,,-64,,,
1791257585.7755,R,B,,-64,,,
1791257585.7756,R,C,,-61,,,
1791257585.7952,R,A,,-59,,,
1791257585.8185,R,B,,-66,,,
1791257585.8321,O,,,,-3.12053,0.9506,0.8038
1791257585.8330,O,,,,-3.12053,0.9506,0.8038
1791257585.8337,O,,,,-3.12053,0.9506,0.8038
1791257585.8345,O,,,,-3.12053,0.9506,0.8038
1791257585.8205,R,C,,-64,,,
1791257585.8500,R,A,,-60,,,
1791257585.9015,O,,,,-3.12053,0.9506,0.8038
1791257585.9024,O,,,,-3.12053,0.9506,0.8038
1791257585.9032,O,,,,-3.12053,0.9506,0.8038
1791257585.8701,R,C,,-64,,,
1791257585.8755,R,B,,-62,,,
1791257585.9115,R,A,,-56,,,
1791257585.9142,R,C,,-58,,,
1791257585.9144,R,B,,-60,,,
1791257585.9145,R,A,,-56,,,
1791257585.9540,R,A,,-56,,,
1791257585.9558,R,B,,-64,,,
1791257585.9765,O,,,,-3.12053,0.9506,0.8038
1791257585.9774,O,,,,-3.12053,0.9506,0.8038
1791257585.9782,O,,,,-3.12053,0.9506,0.8038
1791257585.9789,O,,,,-3.12053,0.9506,0.8038
1791257586.0033,R,B,,-63,,,
1791257586.0047,R,C,,-63,,,
1791257586.0103,R,A,,-58,,,
1791257586.0565,O,,,,-3.12053,0.9506,0.8038
1791257586.0574,O,,,,-3.12053,0.9506,0.8038
1791257586.0589,O,,,,-3.12053,0.9506,0.8038
1791257586.0597,O,,,,-3.12053,0.9506,0.8038
1791257586.0506,R,B,,-63,,,
1791257586.0508,R,A,,-56,,,
1791257586.0546,R,C,,-63,,,
1791257586.0933,R,A,,-56,,,
1791257586.0936,R,C,,-59,,,
1791257586.1178,R,B,,-66,,,
1791257586.1319,O,,,,-3.12053,0.9506,0.8038
1791257586.1329,O,,,,-3.12053,0.9506,0.8038
1791257586.1337,O,,,,-3.12053,0.9506,0.8038
1791257586.1345,O,,,,-3.12053,0.9506,0.8038
1791257586.1350,R,C,,-64,,,
1791257586.1352,R,A,,-61,,,
1791257586.1506,R,B,,-66,,,
1791257586.2122,O,,,,-3.12053,0.9506,0.8038
1791257586.2133,O,,,,-3.12053,0.9506,0.8038
1791257586.2141,O,,,,-3.12053,0.9506,0.8038
1791257586.2148,O,,,,-3.12053,0.9506,0.8038
1791257586.1783,R,C,,-68,,,
1791257586.1785,R,A,,-63,,,
1791257586.2283,R,C,,-63,,,
1791257586.2323,R,A,,-62,,,
1791257586.2911,O,,,,-3.12053,0.9506,0.8038
1791257586.2921,O,,,,-3.12053,0.9506,0.8038
1791257586.2929,O,,,,-3.12053,0.9506,0.8038
1791257586.2937,O,,,,-3.12053,0.9506,0.8038
1791257586.3039,R,C,,-68,,,
1791257586.3101,R,A,,-67,,,
1791257586.3571,O,,,,-3.12053,0.9506,0.8038
1791257586.3581,O,,,,-3.12053,0.9506,0.8038
1791257586.3589,O,,,,-3.12053,0.9506,0.8038
1791257586.3256,R,B,,-72,,,
1791257586.3553,R,C,,-71,,,
1791257586.3605,R,A,,-70,,,
1791257586.3760,R,B,,-68,,,
1791257586.3846,R,A,,-66,,,
1791257586.3847,R,C,,-65,,,
1791257586.4368,O,,,,-3.12053,0.9506,0.8038
1791257586.4378,O,,,,-3.12053,0.9506,0.8038
1791257586.4386,O,,,,-3.12053,0.9506,0.8038
1791257586.4394,O,,,,-3.12053,0.9506,0.8038
1791257586.4253,R,B,,-69,,,
1791257586.4528,R,C,,-68,,,
1791257586.4557,R,C,,-68,,,
1791257586.4605,R,A,,-68,,,
1791257586.5171,O,,,,-3.12053,0.9506,0.8038
1791257586.5181,O,,,,-3.12053,0.9506,0.8038
1791257586.5189,O,,,,-3.12053,0.9506,0.8038
1791257586.5200,O,,,,-3.12053,0.9506,0.8038
1791257586.4761,R,B,,-73,,,
1791257586.4999,R,C,,-68,,,
1791257586.5079,R,A,,-63,,,
1791257586.5082,R,B,,-66,,,
1791257586.5477,R,B,,-69,,,
1791257586.5499,R,A,,-57,,,
1791257586.5500,R,C,,-58,,,
1791257586.5917,O,,,,-3.12053,0.9506,0.8038
1791257586.5927,O,,,,-3.12053,0.9506,0.8038
1791257586.5936,O,,,,-3.12053,0.9506,0.8038
1791257586.5944,O,,,,-3.12053,0.9506,0.8038
1791257586.5936,R,C,,-64,,,
1791257586.5938,R,A,,-60,,,
1791257586.5947,R,B,,-66,,,
1791257586.6358,R,C,,-62,,,
1791257586.6379,R,A,,-57,,,
1791257586.6380,R,B,,-63,,,
1791257586.6720,O,,,,-3.12053,0.9506,0.8038
1791257586.6729,O,,,,-3.12053,0.9506,0.8038
1791257586.6737,O,,,,-3.12053,0.9506,0.8038
1791257586.6744,O,,,,-3.12053,0.9506,0.8038
1791257586.6844,R,C,,-59,,,
1791257586.6953,R,B,,-67,,,
1791257586.6967,R,A,,-56,,,
1791257586.7521,O,,,,-3.12053,0.9506,0.8038
1791257586.7531,O,,,,-3.12053,0.9506,0.8038
1791257586.7539,O,,,,-3.12053,0.9506,0.8038
1791257586.7548,O,,,,-3.12053,0.9506,0.8038
1791257586.7256,R,B,,-67,,,
1791257586.7546,R,C,,-64,,,
1791257586.7550,R,A,,-59,,,
1791257586.7656,R,C,,-62,,,
1791257586.7679,R,B,,-66,,,
1791257586.7681,R,A,,-57,,,
1791257586.8269,O,,,,-3.12053,0.9506,0.8038
1791257586.8280,O,,,,-3.12053,0.9506,0.8038
1791257586.8288,O,,,,-3.12053,0.9506,0.8038
1791257586.8296,O,,,,-3.12053,0.9506,0.8038
1791257586.8251,R,B,,-65,,,
1791257586.8545,R,C,,-64,,,
1791257586.8603,R,A,,-56,,,
1791257586.8967,O,,,,-3.12053,0.9506,0.8038
1791257586.8978,O,,,,-3.12053,0.9506,0.8038
1791257586.8986,O,,,,-3.12053,0.9506,0.8038
1791257586.8735,R,B,,-68,,,
1791257586.9057,R,A,,-60,,,
1791257586.9527,R,A,,-57,,,
1791257586.9530,R,C,,-62,,,
1791257586.9627,R,B,,-63,,,
1791257586.9763,O,,,,-3.12053,0.9506,0.8038
1791257586.9772,O,,,,-3.12053,0.9506,0.8038
1791257586.9784,O,,,,-3.12053,0.9506,0.8038
1791257586.9792,O,,,,-3.12053,0.9506,0.8038
1791257586.9997,R,B,,-68,,,
1791257587.0000,R,A,,-56,,,
1791257587.0045,R,C,,-61,,,
1791257587.0517,O,,,,-3.12053,0.9506,0.8038
1791257587.0528,O,,,,-3.12053,0.9506,0.8038
1791257587.0536,O,,,,-3.12053,0.9506,0.8038
1791257587.0544,O,,,,-3.12053,0.9506,0.8038
1791257587.0423,R,C,,-63,,,
1791257587.0428,R,A,,-60,,,
1791257587.0557,R,B,,-65,,,
1791257587.0906,R,C,,-65,,,
1791257587.1103,R,A,,-61,,,
1791257587.1128,R,B,,-64,,,
1791257587.1323,O,,,,-3.12053,0.9506,0.8038
1791257587.1331,O,,,,-3.12053,0.9506,0.8038
1791257587.1339,O,,,,-3.12053,0.9506,0.8038
1791257587.1346,O,,,,-3.12053,0.9506,0.8038
1791257587.1387,R,A,,-64,,,
1791257587.1534,R,B,,-70,,,
1791257587.1535,R,C,,-65,,,
1791257587.2068,O,,,,-3.12053,0.9506,0.8038
1791257587.2078,O,,,,-3.12053,0.9506,0.8038
1791257587.2086,O,,,,-3.12053,0.9506,0.8038
1791257587.2094,O,,,,-3.12053,0.9506,0.8038
1791257587.1893,R,C,,-63,,,
1791257587.1905,R,B,,-64,,,
1791257587.1907,R,A,,-62,,,
1791257587.2249,R,A,,-60,,,
1791257587.2252,R,C,,-66,,,
1791257587.2254,R,B,,-64,,,
1791257587.2869,O,,,,-3.12053,0.9506,0.8038
1791257587.2881,O,,,,-3.12053,0.9506,0.8038
1791257587.2891,O,,,,-3.12053,0.9506,0.8038
1791257587.2901,O,,,,-3.12053,0.9506,0.8038
1791257587.2750,R,B,,-74,,,
1791257587.2984,R,A,,-64,,,
1791257587.2987,R,C,,-62,,,
1791257587.3570,O,,,,-3.12053,0.9506,0.8038
1791257587.3587,O,,,,-3.12053,0.9506,0.8038
1791257587.3595,O,,,,-3.12053,0.9506,0.8038
1791257587.3214,R,B,,-70,,,
1791257587.3219,R,C,,-69,,,
1791257587.3261,R,A,,-69,,,
1791257587.3648,R,B,,-71,,,
1791257587.3649,R,C,,-86,,,
1791257587.4097,R,A,,-69,,,
1791257587.4125,R,A,,-72,,,
1791257587.4371,O,,,,-3.12053,0.9506,0.8038
1791257587.4382,O,,,,-3.12053,0.9506,0.8038
1791257587.4389,O,,,,-3.12053,0.9506,0.8038
1791257587.4397,O,,,,-3.12053,0.9506,0.8038
1791257587.4257,R,B,,-67,,,
1791257587.4306,R,C,,-71,,,
1791257587.4562,R,B,,-68,,,
1791257587.4609,R,A,,-69,,,
1791257587.5113,O,,,,-3.12053,0.9506,0.8038
1791257587.5126,O,,,,-3.12053,0.9506,0.8038
1791257587.5138,O,,,,-3.12053,0.9506,0.8038
1791257587.5150,O,,,,-3.12053,0.9506,0.8038
1791257587.4963,R,C,,-74,,,
1791257587.5108,R,A,,-67,,,
1791257587.5259,R,B,,-69,,,
1791257587.5607,R,A,,-64,,,
1791257587.5919,O,,,,-3.12053,0.9506,0.8038
1791257587.5930,O,,,,-3.12053,0.9506,0.8038
1791257587.5940,O,,,,-3.12053,0.9506,0.8038
1791257587.5948,O,,,,-3.12053,0.9506,0.8038
1791257587.5846,R,B,,-73,,,
1791257587.5855,R,C,,-56,,,
1791257587.5940,R,A,,-59,,,
1791257587.6664,O,,,,-3.12053,0.9506,0.8038
1791257587.6673,O,,,,-3.12053,0.9506,0.8038
1791257587.6681,O,,,,-3.12053,0.9506,0.8038
1791257587.6688,O,,,,-3.12053,0.9506,0.8038
1791257587.6412,R,C,,-65,,,
1791257587.6414,R,A,,-66,,,
1791257587.6758,R,B,,-75,,,
1791257587.7047,R,C,,-64,,,
1791257587.7108,R,A,,-65,,,
1791257587.7467,O,,,,-3.12053,0.9506,0.8038
1791257587.7478,O,,,,-3.12053,0.9506,0.8038
1791257587.7486,O,,,,-3.12053,0.9506,0.8038
1791257587.7493,O,,,,-3.12053,0.9506,0.8038
1791257587.7229,R,C,,-58,,,
1791257587.7233,R,B,,-71,,,
1791257587.7320,R,A,,-61,,,
1791257587.7728,R,B,,-73,,,
1791257587.8046,R,C,,-64,,,
1791257587.8104,R,A,,-66,,,
1791257587.8157,R,B,,-74,,,
1791257587.8271,O,,,,-3.12053,0.9506,0.8038
1791257587.8281,O,,,,-3.12053,0.9506,0.8038
1791257587.8289,O,,,,-3.12053,0.9506,0.8038
1791257587.8296,O,,,,-3.12053,0.9506,0.8038
1791257587.8257,R,C,,-64,,,
1791257587.8552,R,A,,-63,,,
1791257587.8586,R,A,,-63,,,
1791257587.8969,O,,,,-3.12053,0.9506,0.8038
1791257587.8979,O,,,,-3.12053,0.9506,0.8038
1791257587.8987,O,,,,-3.12053,0.9506,0.8038
1791257587.8716,R,B,,-75,,,
1791257587.9044,R,C,,-58,,,
1791257587.9106,R,A,,-57,,,
1791257587.9263,R,B,,-71,,,
1791257587.9447,R,C,,-62,,,
1791257587.9452,R,B,,-65,,,
1791257587.9612,R,A,,-64,,,
1791257587.9720,O,,,,-3.12053,0.9506,0.8038
1791257587.9735,O,,,,-3.12053,0.9506,0.8038
1791257587.9743,O,,,,-3.12053,0.9506,0.8038
1791257587.9752,O,,,,-3.12053,0.9506,0.8038
1791257587.9922,R,B,,-65,,,
1791257588.0034,R,A,,-64,,,
1791257588.0039,R,C,,-75,,,
1791257588.0523,O,,,,-3.12053,0.9506,0.8038
1791257588.0534,O,,,,-3.12053,0.9506,0.8038
1791257588.0543,O,,,,-3.12053,0.9506,0.8038
1791257588.0552,O,,,,-3.12053,0.9506,0.8038
1791257588.0543,R,C,,-66,,,
1791257588.0604,R,A,,-68,,,
1791257588.0640,R,B,,-73,,,
1791257588.1050,R,C,,-66,,,
1791257588.1108,R,A,,-66,,,
1791257588.1268,O,,,,-3.12053,0.9506,0.8038
1791257588.1278,O,,,,-3.12053,0.9506,0.8038
1791257588.1286,O,,,,-3.12053,0.9506,0.8038
1791257588.1294,O,,,,-3.12053,0.9506,0.8038
1791257588.1258,R,B,,-67,,,
1791257588.1358,R,C,,-69,,,
1791257588.1361,R,A,,-67,,,
1791257588.2065,O,,,,-3.12053,0.9506,0.8038
1791257588.2074,O,,,,-3.12053,0.9506,0.8038
1791257588.2082,O,,,,-3.12053,0.9506,0.8038
1791257588.2090,O,,,,-3.12053,0.9506,0.8038
1791257588.1750,R,A,,-66,,,
1791257588.1762,R,B,,-67,,,
1791257588.1777,R,C,,-68,,,
1791257588.2151,R,B,,-68,,,
1791257588.2543,R,C,,-66,,,
1791257588.2604,R,A,,-69,,,
1791257588.2821,O,,,,-3.12053,0.9506,0.8038
1791257588.2832,O,,,,-3.12053,0.9506,0.8038
1791257588.2848,O,,,,-3.12053,0.9506,0.8038
1791257588.2856,O,,,,-3.12053,0.9506,0.8038
1791257588.2743,R,B,,-68,,,
1791257588.2745,R,C,,-71,,,
1791257588.2746,R,A,,-73,,,
1791257588.3081,R,C,,-59,,,
1791257588.3083,R,B,,-68,,,
1791257588.3106,R,A,,-71,,,
1791257588.3517,O,,,,-3.12053,0.9506,0.8038
1791257588.3527,O,,,,-3.12053,0.9506,0.8038
1791257588.3535,O,,,,-3.12053,0.9506,0.8038
1791257588.3544,R,C,,-57,,,
1791257588.3609,R,A,,-69,,,
1791257588.3758,R,B,,-70,,,
1791257588.3963,R,C,,-63,,,
1791257588.3970,R,B,,-69,,,
1791257588.4003,R,A,,-74,,,
1791257588.4317,O,,,,-3.12053,0.9506,0.8038
1791257588.4329,O,,,,-3.12053,0.9506,0.8038
1791257588.4338,O,,,,-3.12053,0.9506,0.8038
1791257588.4347,O,,,,-3.12053,0.9506,0.8038
1791257588.4479,R,C,,-63,,,
1791257588.4606,R,A,,-70,,,
1791257588.5118,O,,,,-3.12053,0.9506,0.8038
1791257588.5128,O,,,,-3.12053,0.9506,0.8038
1791257588.5136,O,,,,-3.12053,0.9506,0.8038
1791257588.5144,O,,,,-3.12053,0.9506,0.8038
1791257588.4759,R,B,,-70,,,
1791257588.4933,R,B,,-70,,,
1791257588.5006,R,C,,-57,,,
1791257588.5007,R,A,,-64,,,
1791257588.5427,R,C,,-64,,,
1791257588.5429,R,A,,-67,,,
1791257588.5432,R,B,,-69,,,
1791257588.5879,O,,,,-3.12053,0.9506,0.8038
1791257588.5894,O,,,,-3.12053,0.9506,0.8038
1791257588.5902,O,,,,-3.12053,0.9506,0.8038
1791257588.5911,O,,,,-3.12053,0.9506,0.8038
1791257588.6023,R,C,,-61,,,
1791257588.6027,R,B,,-70,,,
1791257588.6032,R,A,,-71,,,
1791257588.6667,O,,,,-3.12053,0.9506,0.8038
1791257588.6676,O,,,,-3.12053,0.9506,0.8038
1791257588.6684,O,,,,-3.12053,0.9506,0.8038
1791257588.6694,O,,,,-3.12053,0.9506,0.8038
1791257588.6544,R,C,,-61,,,
1791257588.6609,R,A,,-65,,,
1791257588.6703,R,A,,-68,,,
1791257588.6704,R,B,,-73,,,
1791257588.6707,R,C,,-69,,,
1791257588.7185,R,A,,-62,,,
1791257588.7418,O,,,,-3.11921,0.9504,0.8038
1791257588.7436,O,,,,-3.11259,0.9506,0.8038
1791257588.7444,O,,,,-3.10597,0.9509,0.8038
1791257588.7452,O,,,,-3.09803,0.9509,0.8038
1791257588.7259,R,B,,-68,,,
1791257588.7535,R,C,,-65,,,
1791257588.7561,R,C,,-61,,,
1791257588.7608,R,A,,-61,,,
1791257588.8127,O,,,,-3.08612,0.9512,0.8039
1791257588.8136,O,,,,-3.07420,0.9514,0.8039
1791257588.8144,O,,,,-3.05964,0.9517,0.8039
1791257588.8152,O,,,,-3.04508,0.9519,0.8039
1791257588.7764,R,B,,-65,,,
1791257588.7971,R,B,,-71,,,
1791257588.8050,R,C,,-60,,,
1791257588.8109,R,A,,-64,,,
1791257588.8389,R,A,,-75,,,
1791257588.8550,R,C,,-63,,,
1791257588.8922,O,,,,-3.03052,0.9522,0.8039
1791257588.8932,O,,,,-3.01464,0.9522,0.8039
1791257588.8939,O,,,,-3.00008,0.9525,0.8040
1791257588.8753,R,B,,-71,,,
1791257588.8847,R,C,,-59,,,
1791257588.9039,R,A,,-69,,,
1791257588.9048,R,B,,-74,,,
1791257588.9290,R,A,,-67,,,
1791257588.9452,R,C,,-58,,,
1791257588.9672,R,C,,-64,,,
1791257588.9711,O,,,,-2.98419,0.9525,0.8040
1791257588.9721,O,,,,-2.96963,0.9527,0.8040
1791257588.9729,O,,,,-2.95375,0.9527,0.8040
1791257588.9739,O,,,,-2.93787,0.9527,0.8040
1791257588.9759,R,B,,-72,,,
1791257588.9837,R,A,,-63,,,
1791257589.0159,R,B,,-68,,,
1791257589.0470,O,,,,-2.92198,0.9527,0.8040
1791257589.0485,O,,,,-2.90610,0.9527,0.8040
1791257589.0497,O,,,,-2.89021,0.9527,0.8040
1791257589.0509,O,,,,-2.87433,0.9527,0.8040
1791257589.0400,R,C,,-62,,,
1791257589.0606,R,A,,-57,,,
1791257589.0645,R,B,,-62,,,
1791257589.0931,R,C,,-57,,,
1791257589.0933,R,A,,-57,,,
1791257589.1107,R,A,,-63,,,
1791257589.1271,O,,,,-2.85712,0.9530,0.8041
1791257589.1286,O,,,,-2.84124,0.9530,0.8041
1791257589.1299,O,,,,-2.82403,0.9527,0.8040
1791257589.1307,O,,,,-2.80815,0.9527,0.8040
1791257589.1258,R,B,,-68,,,
1791257589.1484,R,C,,-63,,,
1791257589.1486,R,A,,-65,,,
1791257589.1576,R,B,,-75,,,
1791257589.2021,O,,,,-2.79094,0.9530,0.8041
1791257589.2031,O,,,,-2.77506,0.9530,0.8041
1791257589.2039,O,,,,-2.75653,0.9530,0.8041
1791257589.2047,O,,,,-2.74064,0.9530,0.8041
1791257589.1914,R,C,,-61,,,
1791257589.2113,R,A,,-60,,,
1791257589.2177,R,B,,-61,,,
1791257589.2405,R,B,,-63,,,
1791257589.2419,R,C,,-58,,,
1791257589.2607,R,A,,-62,,,
1791257589.2824,O,,,,-2.72476,0.9530,0.8041
1791257589.2835,O,,,,-2.70755,0.9532,0.8042
1791257589.2843,O,,,,-2.69034,0.9530,0.8041
1791257589.2851,O,,,,-2.67446,0.9530,0.8041
1791257589.2873,R,A,,-63,,,
1791257589.3040,R,C,,-73,,,
1791257589.3045,R,B,,-60,,,
1791257589.3520,O,,,,-2.65725,0.9532,0.8042
1791257589.3535,O,,,,-2.64137,0.9532,0.8042
1791257589.3547,O,,,,-2.62416,0.9530,0.8041
1791257589.3374,R,B,,-61,,,
1791257589.3545,R,C,,-65,,,
1791257589.3578,R,A,,-62,,,
1791257589.3792,R,C,,-74,,,
1791257589.3952,R,A,,-62,,,
1791257589.4312,O,,,,-2.60828,0.9530,0.8041
1791257589.4320,O,,,,-2.59239,0.9530,0.8041
1791257589.4328,O,,,,-2.57386,0.9530,0.8041
1791257589.4336,O,,,,-2.55798,0.9530,0.8041
1791257589.4399,R,C,,-72,,,
1791257589.4404,R,A,,-65,,,
1791257589.5068,O,,,,-2.54209,0.9530,0.8041
1791257589.5081,O,,,,-2.52356,0.9530,0.8041
1791257589.5089,O,,,,-2.50768,0.9530,0.8041
1791257589.5108,O,,,,-2.49179,0.9530,0.8041
1791257589.4762,R,C,,-67,,,
1791257589.4764,R,B,,-63,,,
1791257589.4766,R,A,,-69,,,
1791257589.5265,R,B,,-65,,,
1791257589.5357,R,A,,-64,,,
1791257589.5476,R,C,,-69,,,
1791257589.5868,O,,,,-2.47459,0.9528,0.8039
1791257589.5878,O,,,,-2.45738,0.9530,0.8041
1791257589.5886,O,,,,-2.44150,0.9530,0.8041
1791257589.5894,O,,,,-2.42561,0.9530,0.8041
1791257589.5704,R,C,,-68,,,
1791257589.5765,R,B,,-63,,,
1791257589.6114,R,A,,-66,,,
1791257589.6659,O,,,,-2.40840,0.9528,0.8039
1791257589.6667,O,,,,-2.39120,0.9530,0.8041
1791257589.6675,O,,,,-2.37531,0.9530,0.8041
1791257589.6683,O,,,,-2.35810,0.9528,0.8039
1791257589.6232,R,C,,-73,,,
1791257589.6234,R,A,,-66,,,
1791257589.6236,R,B,,-63,,,
1791257589.6600,R,A,,-66,,,
1791257589.6759,R,B,,-62,,,
1791257589.6992,R,C,,-61,,,
1791257589.7027,R,C,,-62,,,
1791257589.7065,R,B,,-65,,,
1791257589.7106,R,A,,-63,,,
1791257589.7441,O,,,,-2.34090,0.9530,0.8041
1791257589.7451,O,,,,-2.32501,0.9530,0.8041
1791257589.7459,O,,,,-2.30781,0.9528,0.8039
1791257589.7467,O,,,,-2.29192,0.9528,0.8039
1791257589.7391,R,C,,-71,,,
1791257589.7554,R,A,,-68,,,
1791257589.7565,R,B,,-64,,,
1791257589.8139,O,,,,-2.27471,0.9530,0.8041
1791257589.8149,O,,,,-2.25751,0.9528,0.8039
1791257589.8157,O,,,,-2.24162,0.9528,0.8039
1791257589.7863,R,C,,-65,,,
1791257589.8074,R,A,,-65,,,
1791257589.8077,R,B,,-65,,,
1791257589.8580,R,B,,-69,,,
1791257589.8601,R,A,,-63,,,
1791257589.8868,O,,,,-2.22442,0.9530,0.8041
1791257589.8878,O,,,,-2.20721,0.9528,0.8039
1791257589.8889,O,,,,-2.19132,0.9528,0.8039
1791257589.8898,O,,,,-2.17412,0.9530,0.8041
1791257589.8750,R,B,,-68,,,
1791257589.8768,R,A,,-70,,,
1791257589.8997,R,C,,-72,,,
1791257589.9663,O,,,,-2.15691,0.9528,0.8039
1791257589.9673,O,,,,-2.14102,0.9528,0.8039
1791257589.9682,O,,,,-2.12514,0.9528,0.8039
1791257589.9689,O,,,,-2.10793,0.9530,0.8041
1791257589.9767,R,B,,-66,,,
1791257589.9969,R,C,,-63,,,
1791257590.0075,R,B,,-65,,,
1791257590.0107,R,A,,-73,,,
1791257590.0467,O,,,,-2.09073,0.9528,0.8039
1791257590.0478,O,,,,-2.07352,0.9529,0.8041
1791257590.0486,O,,,,-2.05763,0.9529,0.8041
1791257590.0494,O,,,,-2.04175,0.9529,0.8041
1791257590.0500,R,C,,-77,,,
1791257590.0602,R,A,,-75,,,
1791257590.0762,R,B,,-69,,,
1791257590.0923,R,C,,-67,,,
1791257590.0925,R,A,,-66,,,
1791257590.0927,R,B,,-63,,,
1791257590.1213,O,,,,-2.02454,0.9528,0.8039
1791257590.1222,O,,,,-2.00866,0.9528,0.8039
1791257590.1229,O,,,,-1.99013,0.9528,0.8039
1791257590.1237,O,,,,-1.97424,0.9528,0.8039
1791257590.1343,R,C,,-69,,,
1791257590.1345,R,A,,-69,,,
1791257590.2022,O,,,,-1.95836,0.9528,0.8039
1791257590.2032,O,,,,-1.94115,0.9529,0.8041
1791257590.2040,O,,,,-1.92394,0.9528,0.8039
1791257590.2047,O,,,,-1.90674,0.9529,0.8041
1791257590.1727,R,B,,-64,,,
1791257590.1755,R,B,,-65,,,
1791257590.2039,R,A,,-82,,,
1791257590.2041,R,C,,-87,,,
1791257590.2260,R,B,,-71,,,
1791257590.2437,R,C,,-76,,,
1791257590.2607,R,A,,-65,,,
1791257590.2627,R,B,,-64,,,
1791257590.2823,O,,,,-1.89085,0.9529,0.8041
1791257590.2832,O,,,,-1.87497,0.9529,0.8041
1791257590.2839,O,,,,-1.85776,0.9530,0.8044
1791257590.2847,O,,,,-1.84055,0.9529,0.8041
1791257590.2843,R,C,,-77,,,
1791257590.3046,R,B,,-69,,,
1791257590.3065,R,A,,-63,,,
1791257590.3467,O,,,,-1.82467,0.9529,0.8041
1791257590.3478,O,,,,-1.80879,0.9529,0.8041
1791257590.3486,O,,,,-1.79026,0.9529,0.8041
1791257590.3525,R,C,,-73,,,
1791257590.3529,R,B,,-67,,,
1791257590.3608,R,A,,-67,,,
1791257590.4042,R,B,,-63,,,
1791257590.4047,R,C,,-71,,,
1791257590.4115,R,A,,-72,,,
1791257590.4272,O,,,,-1.77437,0.9529,0.8041
1791257590.4282,O,,,,-1.75849,0.9529,0.8041
1791257590.4289,O,,,,-1.74260,0.9529,0.8041
1791257590.4297,O,,,,-1.72407,0.9529,0.8041
1791257590.4467,R,B,,-67,,,
1791257590.4498,R,C,,-70,,,
1791257590.4501,R,A,,-72,,,
1791257590.5069,O,,,,-1.70819,0.9529,0.8041
1791257590.5080,O,,,,-1.69230,0.9529,0.8041
1791257590.5091,O,,,,-1.67510,0.9529,0.8039
1791257590.5106,O,,,,-1.65789,0.9529,0.8041
1791257590.5052,R,C,,-77,,,
1791257590.5111,R,A,,-64,,,
1791257590.5260,R,B,,-63,,,
1791257590.5427,R,B,,-61,,,
1791257590.5443,R,C,,-69,,,
1791257590.5613,R,A,,-62,,,
1791257590.5811,O,,,,-1.64201,0.9529,0.8041
1791257590.5821,O,,,,-1.62480,0.9529,0.8039
1791257590.5830,O,,,,-1.60759,0.9529,0.8041
1791257590.5838,O,,,,-1.59171,0.9529,0.8041
1791257590.5891,R,B,,-75,,,
1791257590.5909,R,A,,-68,,,
1791257590.5911,R,C,,-80,,,
1791257590.6621,O,,,,-1.57450,0.9529,0.8039
1791257590.6632,O,,,,-1.55729,0.9529,0.8041
1791257590.6641,O,,,,-1.54008,0.9529,0.8044
1791257590.6648,O,,,,-1.52288,0.9529,0.8041
1791257590.6414,R,A,,-73,,,
1791257590.6481,R,C,,-76,,,
1791257590.7018,R,C,,-73,,,
1791257590.7025,R,B,,-61,,,
1791257590.7032,R,A,,-68,,,
1791257590.7371,O,,,,-1.50699,0.9529,0.8041
1791257590.7382,O,,,,-1.48979,0.9529,0.8044
1791257590.7390,O,,,,-1.47390,0.9529,0.8044
1791257590.7398,O,,,,-1.45802,0.9529,0.8044
1791257590.7261,R,B,,-62,,,
1791257590.7268,R,C,,-82,,,
1791257590.7274,R,A,,-69,,,
1791257590.8068,O,,,,-1.44081,0.9529,0.8041
1791257590.8078,O,,,,-1.42493,0.9529,0.8041
1791257590.8086,O,,,,-1.40772,0.9529,0.8044
1791257590.7767,R,B,,-66,,,
1791257590.7846,R,C,,-79,,,
1791257590.7848,R,A,,-68,,,
1791257590.8102,R,A,,-68,,,
1791257590.8273,R,B,,-65,,,
1791257590.8491,R,C,,-71,,,
1791257590.8607,R,A,,-70,,,
1791257590.8609,R,B,,-71,,,
1791257590.8664,R,C,,-73,,,
1791257590.8868,O,,,,-1.39183,0.9529,0.8044
1791257590.8878,O,,,,-1.37463,0.9529,0.8041
1791257590.8886,O,,,,-1.35874,0.9529,0.8041
1791257590.8901,O,,,,-1.34286,0.9529,0.8041
1791257590.9098,R,B,,-67,,,
1791257590.9115,R,A,,-75,,,
1791257590.9621,O,,,,-1.32433,0.9529,0.8041
1791257590.9638,O,,,,-1.30844,0.9529,0.8041
1791257590.9646,O,,,,-1.29256,0.9529,0.8041
1791257590.9657,O,,,,-1.27535,0.9530,0.8039
1791257590.9525,R,A,,-82,,,
1791257590.9531,R,B,,-66,,,
1791257590.9546,R,C,,-84,,,
1791257591.0044,R,B,,-60,,,
1791257591.0053,R,C,,-67,,,
1791257591.0112,R,A,,-73,,,
1791257591.0440,O,,,,-1.25815,0.9529,0.8041
1791257591.0449,O,,,,-1.24226,0.9529,0.8041
1791257591.0457,O,,,,-1.22505,0.9530,0.8039
1791257591.0465,O,,,,-1.20785,0.9529,0.8041
1791257591.0484,R,B,,-64,,,
1791257591.0503,R,C,,-68,,,
1791257591.0505,R,A,,-78,,,
1791257591.0899,R,C,,-78,,,
1791257591.0905,R,A,,-85,,,
1791257591.0906,R,B,,-63,,,
1791257591.1215,O,,,,-1.19196,0.9529,0.8041
1791257591.1224,O,,,,-1.17475,0.9530,0.8039
1791257591.1232,O,,,,-1.15755,0.9529,0.8041
1791257591.1240,O,,,,-1.14166,0.9529,0.8041
1791257591.1374,R,C,,-68,,,
1791257591.1408,R,B,,-69,,,
1791257591.1973,O,,,,-1.12446,0.9530,0.8039
1791257591.1983,O,,,,-1.10725,0.9529,0.8041
1791257591.1990,O,,,,-1.09004,0.9528,0.8044
1791257591.1998,O,,,,-1.07283,0.9529,0.8041
1791257591.1879,R,C,,-72,,,
1791257591.1907,R,B,,-69,,,
1791257591.2092,R,A,,-74,,,
1791257591.2256,R,C,,-72,,,
1791257591.2258,R,A,,-92,,,
1791257591.2261,R,B,,-70,,,
1791257591.2770,O,,,,-1.05695,0.9529,0.8041
1791257591.2780,O,,,,-1.04107,0.9529,0.8041
1791257591.2790,O,,,,-1.02253,0.9529,0.8041
1791257591.2798,O,,,,-1.00665,0.9529,0.8041
1791257591.2708,R,B,,-68,,,
1791257591.2712,R,C,,-72,,,
1791257591.2712,R,A,,-77,,,
1791257591.3474,O,,,,-0.99077,0.9529,0.8041
1791257591.3485,O,,,,-0.97488,0.9529,0.8041
1791257591.3493,O,,,,-0.95635,0.9529,0.8041
1791257591.3236,R,B,,-61,,,
1791257591.3237,R,C,,-68,,,
1791257591.3239,R,A,,-78,,,
1791257591.3711,R,C,,-71,,,
1791257591.3761,R,B,,-69,,,
1791257591.4109,R,A,,-78,,,
1791257591.4162,R,C,,-64,,,
1791257591.4167,R,B,,-65,,,
1791257591.4224,O,,,,-0.94047,0.9529,0.8041
1791257591.4233,O,,,,-0.92458,0.9529,0.8041
1791257591.4241,O,,,,-0.90870,0.9529,0.8041
1791257591.4248,O,,,,-0.89149,0.9531,0.8039
1791257591.4560,R,A,,-82,,,
1791257591.4562,R,B,,-58,,,
1791257591.5011,O,,,,-0.87428,0.9529,0.8041
1791257591.5021,O,,,,-0.85708,0.9531,0.8039
1791257591.5030,O,,,,-0.84119,0.9531,0.8039
1791257591.5037,O,,,,-0.82399,0.9529,0.8041
1791257591.5011,R,C,,-65,,,
1791257591.5112,R,A,,-68,,,
1791257591.5261,R,B,,-67,,,
1791257591.5516,R,B,,-66,,,
1791257591.5547,R,C,,-71,,,
1791257591.5820,O,,,,-0.80810,0.9529,0.8041
1791257591.5831,O,,,,-0.79089,0.9527,0.8043
1791257591.5840,O,,,,-0.77501,0.9527,0.8043
1791257591.5848,O,,,,-0.75780,0.9529,0.8041
1791257591.5906,R,C,,-83,,,
1791257591.6113,R,A,,-81,,,
1791257591.6562,O,,,,-0.74059,0.9527,0.8043
1791257591.6572,O,,,,-0.72603,0.9525,0.8045
1791257591.6581,O,,,,-0.71015,0.9525,0.8045
1791257591.6588,O,,,,-0.69294,0.9527,0.8043
1791257591.6267,R,B,,-60,,,
1791257591.6444,R,B,,-65,,,
1791257591.6455,R,A,,-69,,,
1791257591.6456,R,C,,-62,,,
1791257591.6862,R,C,,-66,,,
1791257591.6873,R,B,,-61,,,
1791257591.6978,R,A,,-68,,,
1791257591.7374,O,,,,-0.67706,0.9527,0.8043
1791257591.7384,O,,,,-0.65985,0.9525,0.8045
1791257591.7392,O,,,,-0.64264,0.9527,0.8043
1791257591.7400,O,,,,-0.62544,0.9530,0.8042
1791257591.7360,R,A,,-71,,,
1791257591.7364,R,B,,-58,,,
1791257591.8071,O,,,,-0.60823,0.9527,0.8043
1791257591.8082,O,,,,-0.59102,0.9530,0.8042
1791257591.8090,O,,,,-0.57514,0.9530,0.8042
1791257591.8053,R,C,,-73,,,
1791257591.8074,R,A,,-69,,,
1791257591.8175,R,C,,-69,,,
1791257591.8180,R,A,,-69,,,
1791257591.8269,R,B,,-66,,,
1791257591.8585,R,B,,-68,,,
1791257591.8586,R,A,,-69,,,
1791257591.8823,O,,,,-0.55793,0.9532,0.8040
1791257591.8831,O,,,,-0.54072,0.9530,0.8042
1791257591.8839,O,,,,-0.52484,0.9530,0.8042
1791257591.8846,O,,,,-0.50895,0.9530,0.8042
1791257591.9043,R,C,,-70,,,
1791257591.9066,R,C,,-72,,,
1791257591.9109,R,A,,-72,,,
1791257591.9615,O,,,,-0.49042,0.9530,0.8042
1791257591.9625,O,,,,-0.47454,0.9530,0.8042
1791257591.9633,O,,,,-0.45866,0.9530,0.8042
1791257591.9641,O,,,,-0.44277,0.9530,0.8042
1791257591.9252,R,B,,-63,,,
1791257591.9556,R,C,,-70,,,
1791257591.9561,R,A,,-73,,,
1791257592.0055,R,C,,-72,,,
1791257592.0086,R,B,,-69,,,
1791257592.0118,R,A,,-71,,,
1791257592.0419,O,,,,-0.42424,0.9530,0.8042
1791257592.0429,O,,,,-0.40836,0.9530,0.8042
1791257592.0437,O,,,,-0.39115,0.9532,0.8041
1791257592.0445,O,,,,-0.37394,0.9529,0.8042
1791257592.0439,R,C,,-84,,,
1791257592.0442,R,A,,-76,,,
1791257592.0455,R,B,,-59,,,
1791257592.1166,O,,,,-0.35806,0.9529,0.8042
1791257592.1177,O,,,,-0.34085,0.9527,0.8043
1791257592.1185,O,,,,-0.32364,0.9530,0.8042
1791257592.1195,O,,,,-0.30776,0.9530,0.8042
1791257592.0907,R,B,,-63,,,
1791257592.0913,R,A,,-73,,,
1791257592.0924,R,C,,-66,,,
1791257592.1282,R,C,,-78,,,
1791257592.1611,R,A,,-81,,,
1791257592.1967,O,,,,-0.29187,0.9530,0.8042
1791257592.1985,O,,,,-0.27334,0.9530,0.8042
1791257592.1993,O,,,,-0.25614,0.9527,0.8042
1791257592.2000,O,,,,-0.23893,0.9524,0.8043
1791257592.2202,R,C,,-73,,,
1791257592.2204,R,B,,-54,,,
1791257592.2607,R,A,,-73,,,
1791257592.2652,R,C,,-68,,,
1791257592.2654,R,B,,-69,,,
1791257592.2843,O,,,,-0.22172,0.9527,0.8042
1791257592.2853,O,,,,-0.20584,0.9527,0.8042
1791257592.2861,O,,,,-0.18995,0.9527,0.8042
1791257592.2868,O,,,,-0.17407,0.9527,0.8042
1791257592.3063,R,B,,-79,,,
1791257592.3418,O,,,,-0.15554,0.9527,0.8042
1791257592.3436,O,,,,-0.13965,0.9527,0.8042
1791257592.3444,O,,,,-0.12377,0.9527,0.8042
1791257592.3653,R,B,,-62,,,
1791257592.3969,R,C,,-64,,,
1791257592.3980,R,B,,-63,,,
1791257592.4110,R,A,,-72,,,
1791257592.4308,O,,,,-0.10656,0.9530,0.8042
1791257592.4320,O,,,,-0.09068,0.9530,0.8042
1791257592.4335,O,,,,-0.07480,0.9530,0.8042
1791257592.4343,O,,,,-0.05759,0.9527,0.8042
1791257592.4451,R,C,,-68,,,
1791257592.4616,R,A,,-74,,,
1791257592.5014,O,,,,-0.04038,0.9530,0.8042
1791257592.5025,O,,,,-0.02450,0.9530,0.8042
1791257592.5033,O,,,,-0.00596,0.9530,0.8042
1791257592.5041,O,,,,0.00992,0.9530,0.8042
1791257592.4857,R,C,,-65,,,
1791257592.4859,R,A,,-89,,,
1791257592.4978,R,B,,-56,,,
1791257592.5302,R,A,,-70,,,
1791257592.5552,R,C,,-66,,,
1791257592.5756,O,,,,0.02580,0.9530,0.8042
1791257592.5767,O,,,,0.04433,0.9530,0.8042
1791257592.5775,O,,,,0.06022,0.9530,0.8042
1791257592.5782,O,,,,0.07610,0.9530,0.8042
1791257592.5741,R,B,,-56,,,
1791257592.5743,R,C,,-76,,,
1791257592.5770,R,A,,-74,,,
1791257592.6165,R,B,,-48,,,
1791257592.6569,O,,,,0.09331,0.9527,0.8042
1791257592.6580,O,,,,0.10919,0.9527,0.8042
1791257592.6588,O,,,,0.12640,0.9530,0.8042
1791257592.6596,O,,,,0.14228,0.9530,0.8042
1791257592.6550,R,C,,-60,,,
1791257592.6611,R,A,,-77,,,
1791257592.6765,R,B,,-49,,,
1791257592.6799,R,C,,-56,,,
1791257592.6800,R,A,,-82,,,
1791257592.7326,O,,,,0.15949,0.9527,0.8042
1791257592.7335,O,,,,0.17670,0.9530,0.8042
1791257592.7343,O,,,,0.19258,0.9530,0.8042
1791257592.7351,O,,,,0.20979,0.9527,0.8042
1791257592.7269,R,B,,-57,,,
1791257592.7377,R,C,,-61,,,
1791257592.7564,R,B,,-50,,,
1791257592.7611,R,A,,-78,,,
1791257592.8015,O,,,,0.22568,0.9527,0.8042
1791257592.8024,O,,,,0.24288,0.9530,0.8042
1791257592.8031,O,,,,0.26009,0.9527,0.8042
1791257592.8033,R,C,,-60,,,
1791257592.8035,R,A,,-89,,,
1791257592.8265,R,B,,-49,,,
1791257592.8549,R,C,,-53,,,
1791257592.8616,R,A,,-80,,,
1791257592.8823,O,,,,0.27597,0.9527,0.8042
1791257592.8832,O,,,,0.29186,0.9527,0.8042
1791257592.8839,O,,,,0.30774,0.9527,0.8042
1791257592.8849,O,,,,0.32495,0.9530,0.8043
1791257592.8770,R,B,,-63,,,
1791257592.8979,R,B,,-50,,,
1791257592.9024,R,C,,-60,,,
1791257592.9026,R,A,,-78,,,
1791257592.9569,O,,,,0.34216,0.9527,0.8042
1791257592.9581,O,,,,0.35936,0.9530,0.8043
1791257592.9590,O,,,,0.37525,0.9530,0.8043
1791257592.9599,O,,,,0.39378,0.9530,0.8043
1791257592.9551,R,C,,-60,,,
1791257592.9620,R,A,,-72,,,
1791257592.9771,R,B,,-55,,,
1791257592.9947,R,B,,-50,,,
1791257592.9959,R,A,,-77,,,
1791257592.9960,R,C,,-57,,,
1791257593.0369,O,,,,0.40966,0.9530,0.8043
1791257593.0379,O,,,,0.42819,0.9530,0.8043
1791257593.0389,O,,,,0.44408,0.9530,0.8043
1791257593.0398,O,,,,0.45996,0.9530,0.8043
1791257593.0349,R,C,,-56,,,
1791257593.0417,R,A,,-74,,,
1791257593.0422,R,B,,-50,,,
1791257593.1172,O,,,,0.47585,0.9530,0.8043
1791257593.1183,O,,,,0.49305,0.9527,0.8041
1791257593.1191,O,,,,0.51026,0.9529,0.8043
1791257593.1201,O,,,,0.52615,0.9529,0.8043
1791257593.0998,R,C,,-56,,,
1791257593.1094,R,A,,-71,,,
1791257593.1235,R,C,,-51,,,
1791257593.1265,R,B,,-50,,,
1791257593.1285,R,A,,-77,,,
1791257593.1918,O,,,,0.54468,0.9529,0.8043
1791257593.1929,O,,,,0.56056,0.9529,0.8043
1791257593.1938,O,,,,0.57644,0.9529,0.8043
1791257593.1945,O,,,,0.59233,0.9529,0.8043
1791257593.2204,R,C,,-56,,,
1791257593.2205,R,B,,-56,,,
1791257593.2520,R,A,,-70,,,
1791257593.2717,O,,,,0.60954,0.9527,0.8041
1791257593.2726,O,,,,0.62674,0.9529,0.8043
1791257593.2735,O,,,,0.64263,0.9529,0.8043
1791257593.2743,O,,,,0.65983,0.9527,0.8041
1791257593.2706,R,B,,-53,,,
1791257593.3052,R,C,,-54,,,
1791257593.3054,R,A,,-74,,,
1791257593.3121,R,A,,-72,,,
1791257593.3164,R,B,,-66,,,
1791257593.3165,R,C,,-56,,,
1791257593.3410,O,,,,0.67704,0.9529,0.8043
1791257593.3419,O,,,,0.69293,0.9529,0.8043
1791257593.3427,O,,,,0.71013,0.9527,0.8041
1791257593.3517,R,A,,-73,,,
1791257593.3546,R,B,,-61,,,
1791257593.3555,R,C,,-56,,,
1791257593.4168,O,,,,0.72734,0.9529,0.8043
1791257593.4179,O,,,,0.74323,0.9529,0.8043
1791257593.4188,O,,,,0.76043,0.9527,0.8041
1791257593.4196,O,,,,0.77764,0.9529,0.8043
1791257593.4004,R,B,,-58,,,
1791257593.4496,R,B,,-69,,,
1791257593.4508,R,A,,-69,,,
1791257593.4557,R,C,,-54,,,
1791257593.4968,O,,,,0.79352,0.9529,0.8043
1791257593.4980,O,,,,0.80941,0.9529,0.8043
1791257593.4988,O,,,,0.82794,0.9529,0.8043
1791257593.5003,O,,,,0.84382,0.9529,0.8043
1791257593.4910,R,A,,-72,,,
1791257593.4968,R,C,,-57,,,
1791257593.4979,R,B,,-66,,,
1791257593.5550,R,C,,-55,,,
1791257593.5613,R,A,,-71,,,
1791257593.5814,O,,,,0.85971,0.9529,0.8043
1791257593.5824,O,,,,0.87559,0.9529,0.8043
1791257593.5833,O,,,,0.89412,0.9529,0.8043
1791257593.5841,O,,,,0.91001,0.9529,0.8043
1791257593.5744,R,B,,-60,,,
1791257593.5805,R,C,,-53,,,
1791257593.5810,R,A,,-69,,,
1791257593.6529,O,,,,0.92589,0.9529,0.8043
1791257593.6540,O,,,,0.94442,0.9529,0.8043
1791257593.6548,O,,,,0.96031,0.9529,0.8043
1791257593.6556,O,,,,0.97619,0.9529,0.8043
1791257593.6205,R,C,,-57,,,
1791257593.6258,R,B,,-66,,,
1791257593.6346,R,A,,-73,,,
1791257593.6645,R,B,,-65,,,
1791257593.6708,R,C,,-56,,,
1791257593.7155,R,B,,-61,,,
1791257593.7320,O,,,,0.99472,0.9529,0.8043
1791257593.7330,O,,,,1.01060,0.9529,0.8043
1791257593.7338,O,,,,1.02649,0.9529,0.8043
1791257593.7346,O,,,,1.04237,0.9529,0.8043
1791257593.7303,R,C,,-58,,,
1791257593.7304,R,A,,-69,,,
1791257593.7554,R,B,,-66,,,
1791257593.7614,R,A,,-70,,,
1791257593.8024,O,,,,1.06090,0.9529,0.8043
1791257593.8034,O,,,,1.07679,0.9529,0.8043
1791257593.8042,O,,,,1.09399,0.9531,0.8045
1791257593.8053,R,B,,-63,,,
1791257593.8055,R,C,,-58,,,
1791257593.8117,R,A,,-77,,,
1791257593.8463,R,A,,-71,,,
1791257593.8469,R,B,,-61,,,
1791257593.8495,R,C,,-58,,,
1791257593.8767,O,,,,1.11120,0.9529,0.8043
1791257593.8779,O,,,,1.12709,0.9529,0.8043
1791257593.8787,O,,,,1.14297,0.9529,0.8043
1791257593.8795,O,,,,1.16150,0.9529,0.8043
1791257593.9052,R,C,,-53,,,
1791257593.9098,R,B,,-64,,,
1791257593.9127,R,A,,-72,,,
1791257593.9567,O,,,,1.17739,0.9529,0.8043
1791257593.9579,O,,,,1.19327,0.9529,0.8043
1791257593.9587,O,,,,1.21048,0.9530,0.8045
1791257593.9595,O,,,,1.22768,0.9529,0.8043
1791257593.9338,R,C,,-56,,,
1791257593.9407,R,A,,-71,,,
1791257593.9408,R,B,,-64,,,
1791257594.0053,R,C,,-56,,,
1791257594.0115,R,A,,-69,,,
1791257594.0369,O,,,,1.24357,0.9529,0.8043
1791257594.0380,O,,,,1.26078,0.9530,0.8045
1791257594.0388,O,,,,1.27798,0.9529,0.8043
1791257594.0396,O,,,,1.29387,0.9529,0.8043
1791257594.0267,R,B,,-61,,,
1791257594.0318,R,C,,-56,,,
1791257594.0419,R,B,,-61,,,
1791257594.0436,R,A,,-84,,,
1791257594.1111,O,,,,1.30975,0.9529,0.8043
1791257594.1120,O,,,,1.32696,0.9530,0.8045
1791257594.1128,O,,,,1.34417,0.9530,0.8043
1791257594.1136,O,,,,1.36005,0.9530,0.8043
1791257594.0739,R,B,,-62,,,
1791257594.0845,R,C,,-57,,,
1791257594.0854,R,A,,-69,,,
1791257594.1177,R,B,,-59,,,
1791257594.1450,R,A,,-69,,,
1791257594.1452,R,C,,-52,,,
1791257594.1625,R,B,,-60,,,
1791257594.1923,O,,,,1.37593,0.9530,0.8043
1791257594.1933,O,,,,1.39314,0.9530,0.8045
1791257594.1941,O,,,,1.40903,0.9530,0.8045
1791257594.1948,O,,,,1.42623,0.9530,0.8043
1791257594.2054,R,C,,-51,,,
1791257594.2083,R,A,,-74,,,
1791257594.2152,R,B,,-67,,,
1791257594.2623,O,,,,1.44344,0.9530,0.8045
1791257594.2634,O,,,,1.45932,0.9530,0.8045
1791257594.2642,O,,,,1.47786,0.9530,0.8045
1791257594.2557,R,C,,-55,,,
1791257594.2622,R,A,,-71,,,
1791257594.2766,R,B,,-66,,,
1791257594.3058,R,C,,-55,,,
1791257594.3118,R,A,,-70,,,
1791257594.3367,O,,,,1.49374,0.9530,0.8045
1791257594.3378,O,,,,1.51095,0.9530,0.8043
1791257594.3387,O,,,,1.52683,0.9530,0.8043
1791257594.3394,O,,,,1.54404,0.9530,0.8045
1791257594.3271,R,B,,-63,,,
1791257594.3546,R,A,,-68,,,
1791257594.3548,R,C,,-58,,,
1791257594.3563,R,B,,-68,,,
1791257594.4168,O,,,,1.55992,0.9530,0.8045
1791257594.4179,O,,,,1.57845,0.9530,0.8045
1791257594.4187,O,,,,1.59434,0.9530,0.8045
1791257594.4195,O,,,,1.61154,0.9530,0.8043
1791257594.3999,R,C,,-56,,,
1791257594.4000,R,A,,-71,,,
1791257594.4005,R,B,,-62,,,
1791257594.4512,R,B,,-62,,,
1791257594.4551,R,C,,-57,,,
1791257594.4618,R,A,,-67,,,
1791257594.4967,O,,,,1.62875,0.9530,0.8045
1791257594.4978,O,,,,1.64464,0.9530,0.8045
1791257594.4986,O,,,,1.66052,0.9530,0.8045
1791257594.4994,O,,,,1.67905,0.9530,0.8045
1791257594.4994,R,B,,-71,,,
1791257594.5006,R,C,,-58,,,
1791257594.5012,R,A,,-66,,,
1791257594.5465,R,A,,-99,,,
1791257594.5471,R,B,,-64,,,
1791257594.5552,R,C,,-59,,,
1791257594.5719,O,,,,1.69494,0.9530,0.8045
1791257594.5729,O,,,,1.71082,0.9530,0.8045
1791257594.5737,O,,,,1.72803,0.9530,0.8043
1791257594.5746,O,,,,1.74391,0.9530,0.8043
1791257594.6057,R,C,,-57,,,
1791257594.6116,R,A,,-66,,,
1791257594.6522,O,,,,1.76112,0.9530,0.8045
1791257594.6534,O,,,,1.77833,0.9530,0.8043
1791257594.6549,O,,,,1.79553,0.9530,0.8045
1791257594.6557,O,,,,1.81142,0.9530,0.8045
1791257594.6269,R,B,,-60,,,
1791257594.6348,R,B,,-75,,,
1791257594.6557,R,C,,-57,,,
1791257594.6619,R,A,,-68,,,
1791257594.6816,R,A,,-69,,,
1791257594.6852,R,C,,-63,,,
1791257594.7267,O,,,,1.82730,0.9530,0.8045
1791257594.7284,O,,,,1.84451,0.9530,0.8043
1791257594.7292,O,,,,1.86039,0.9530,0.8043
1791257594.7300,O,,,,1.87760,0.9530,0.8045
1791257594.7246,R,B,,-69,,,
1791257594.7272,R,B,,-70,,,
1791257594.7553,R,C,,-57,,,
1791257594.7615,R,A,,-68,,,
1791257594.7988,O,,,,1.89481,0.9530,0.8043
1791257594.7997,O,,,,1.91202,0.9530,0.8045
1791257594.8005,O,,,,1.92790,0.9530,0.8045
1791257594.7737,R,A,,-78,,,
1791257594.7738,R,C,,-55,,,
1791257594.7747,R,B,,-71,,,
1791257594.8211,R,B,,-76,,,
1791257594.8320,R,C,,-66,,,
1791257594.8602,R,A,,-73,,,
1791257594.8629,R,A,,-73,,,
1791257594.8826,O,,,,1.94511,0.9531,0.8043
1791257594.8836,O,,,,1.96231,0.9530,0.8045
1791257594.8845,O,,,,1.97820,0.9530,0.8045
1791257594.8853,O,,,,1.99541,0.9531,0.8043
1791257594.8739,R,B,,-72,,,
1791257594.8740,R,C,,-61,,,
1791257594.9112,R,A,,-74,,,
1791257594.9542,O,,,,2.01261,0.9530,0.8045
1791257594.9552,O,,,,2.02850,0.9530,0.8045
1791257594.9559,O,,,,2.04703,0.9530,0.8045
1791257594.9567,O,,,,2.06291,0.9530,0.8045
1791257594.9254,R,B,,-70,,,
1791257594.9255,R,C,,-53,,,
1791257594.9573,R,B,,-72,,,
1791257594.9617,R,A,,-88,,,
1791257595.0019,R,B,,-70,,,
1791257595.0022,R,C,,-63,,,
1791257595.0026,R,A,,-74,,,
1791257595.0307,O,,,,2.07880,0.9530,0.8045
1791257595.0318,O,,,,2.09600,0.9531,0.8043
1791257595.0327,O,,,,2.11189,0.9531,0.8043
1791257595.0335,O,,,,2.12777,0.9531,0.8043
1791257595.0499,R,B,,-73,,,
1791257595.0502,R,C,,-72,,,
1791257595.0503,R,A,,-72,,,
1791257595.1111,O,,,,2.14498,0.9529,0.8045
1791257595.1118,O,,,,2.16219,0.9531,0.8043
1791257595.1126,O,,,,2.17807,0.9531,0.8043
1791257595.1132,O,,,,2.19528,0.9529,0.8045
1791257595.0916,R,B,,-77,,,
1791257595.1052,R,C,,-68,,,
1791257595.1117,R,A,,-92,,,
1791257595.1317,R,C,,-57,,,
1791257595.1320,R,A,,-76,,,
1791257595.1498,R,B,,-82,,,
1791257595.1865,O,,,,2.21249,0.9531,0.8043
1791257595.1875,O,,,,2.22837,0.9531,0.8043
1791257595.1884,O,,,,2.24558,0.9529,0.8045
1791257595.1891,O,,,,2.26146,0.9529,0.8045
1791257595.1827,R,C,,-61,,,
1791257595.1833,R,A,,-74,,,
1791257595.1874,R,B,,-87,,,
1791257595.2572,O,,,,2.27867,0.9531,0.8043
1791257595.2583,O,,,,2.29588,0.9529,0.8045
1791257595.2591,O,,,,2.31308,0.9531,0.8043
1791257595.2554,R,C,,-58,,,
1791257595.2624,R,A,,-79,,,
1791257595.2767,R,B,,-71,,,
1791257595.2824,R,A,,-78,,,
1791257595.2826,R,C,,-56,,,
1791257595.3371,O,,,,2.33029,0.9529,0.8045
1791257595.3382,O,,,,2.34617,0.9529,0.8045
1791257595.3390,O,,,,2.36338,0.9531,0.8043
1791257595.3398,O,,,,2.37794,0.9529,0.8045
1791257595.3277,R,B,,-71,,,
1791257595.3418,R,A,,-90,,,
1791257595.3553,R,C,,-57,,,
1791257595.3677,R,B,,-71,,,
1791257595.4121,O,,,,2.39383,0.9529,0.8045
1791257595.4132,O,,,,2.40971,0.9529,0.8045
1791257595.4141,O,,,,2.42692,0.9527,0.8047
1791257595.4149,O,,,,2.44413,0.9529,0.8045
1791257595.3913,R,A,,-70,,,
1791257595.3914,R,C,,-57,,,
1791257595.4268,R,B,,-75,,,
1791257595.4512,R,A,,-69,,,
1791257595.4552,R,C,,-59,,,
1791257595.4617,R,A,,-70,,,
1791257595.4913,O,,,,2.46001,0.9529,0.8045
1791257595.4923,O,,,,2.47854,0.9529,0.8045
1791257595.4932,O,,,,2.49442,0.9529,0.8045
1791257595.4940,O,,,,2.51163,0.9531,0.8043
1791257595.4997,R,C,,-55,,,
1791257595.5010,R,B,,-89,,,
1791257595.5721,O,,,,2.52752,0.9531,0.8043
1791257595.5431,R,B,,-89,,,
1791257595.5433,R,C,,-56,,,
1791257595.5435,R,A,,-65,,,
1791257595.5732,O,,,,2.54472,0.9529,0.8045
1791257595.5742,O,,,,2.56193,0.9531,0.8043
1791257595.5751,O,,,,2.57782,0.9531,0.8043
1791257595.5885,R,C,,-60,,,
1791257595.5892,R,A,,-74,,,
1791257595.6467,O,,,,2.59370,0.9531,0.8043
1791257595.6477,O,,,,2.61223,0.9531,0.8043
1791257595.6486,O,,,,2.62811,0.9531,0.8043
1791257595.6494,O,,,,2.64532,0.9534,0.8042
1791257595.6301,R,C,,-58,,,
1791257595.6422,R,A,,-67,,,
1791257595.6432,R,B,,-74,,,
1791257595.6769,R,B,,-76,,,
1791257595.7041,R,C,,-60,,,
1791257595.7044,R,A,,-63,,,
1791257595.7184,R,B,,-76,,,
1791257595.7267,O,,,,2.66253,0.9531,0.8043
1791257595.7278,O,,,,2.67841,0.9531,0.8043
1791257595.7286,O,,,,2.69562,0.9534,0.8042
1791257595.7294,O,,,,2.71283,0.9531,0.8043
1791257595.7462,R,C,,-58,,,
1791257595.7464,R,A,,-71,,,
1791257595.7637,R,B,,-90,,,
1791257595.7641,R,C,,-57,,,
1791257595.7972,O,,,,2.72739,0.9534,0.8042
1791257595.7982,O,,,,2.74062,0.9534,0.8042
1791257595.7989,O,,,,2.75519,0.9531,0.8043
1791257595.8097,R,A,,-63,,,
1791257595.8120,R,B,,-83,,,
1791257595.8479,R,C,,-60,,,
1791257595.8501,R,B,,-78,,,
1791257595.8514,R,A,,-62,,,
1791257595.8554,R,C,,-59,,,
1791257595.8720,O,,,,2.76710,0.9534,0.8042
1791257595.8729,O,,,,2.78033,0.9534,0.8042
1791257595.8744,O,,,,2.79092,0.9534,0.8042
1791257595.8752,O,,,,2.80019,0.9531,0.8043
1791257595.8930,R,C,,-57,,,
1791257595.8932,R,A,,-64,,,
1791257595.8946,R,B,,-77,,,
1791257595.9517,O,,,,2.80946,0.9534,0.8042
1791257595.9528,O,,,,2.81607,0.9531,0.8043
1791257595.9536,O,,,,2.82402,0.9531,0.8043
1791257595.9544,O,,,,2.83063,0.9529,0.8044
1791257595.9392,R,A,,-61,,,
1791257595.9394,R,C,,-56,,,
1791257595.9768,R,B,,-74,,,
1791257596.0049,R,C,,-60,,,
1791257596.0127,R,A,,-61,,,
1791257596.0321,O,,,,2.83593,0.9529,0.8044
1791257596.0331,O,,,,2.84122,0.9524,0.8046
1791257596.0338,O,,,,2.84519,0.9521,0.8046
1791257596.0346,O,,,,2.84916,0.9519,0.8047
1791257596.0231,R,A,,-62,,,
1791257596.0291,R,B,,-81,,,
1791257596.0555,R,C,,-61,,,
1791257596.0675,R,A,,-57,,,
1791257596.1068,O,,,,2.85181,0.9519,0.8047
1791257596.1077,O,,,,2.85314,0.9516,0.8048
1791257596.1084,O,,,,2.85314,0.9516,0.8048
1791257596.1091,O,,,,2.85314,0.9516,0.8048
1791257596.0773,R,B,,-73,,,
1791257596.1060,R,C,,-62,,,
1791257596.1115,R,A,,-57,,,
1791257596.1242,R,B,,-76,,,
1791257596.1625,R,A,,-57,,,
1791257596.1871,O,,,,2.85314,0.9516,0.8048
1791257596.1881,O,,,,2.85314,0.9516,0.8048
1791257596.1888,O,,,,2.85314,0.9516,0.8048
1791257596.1896,O,,,,2.85314,0.9516,0.8048
1791257596.2061,R,C,,-62,,,
1791257596.2111,R,A,,-62,,,
1791257596.2154,R,B,,-73,,,
1791257596.2564,O,,,,2.85314,0.9516,0.8048
1791257596.2573,O,,,,2.85314,0.9516,0.8048
1791257596.2581,O,,,,2.85314,0.9516,0.8048
1791257596.2508,R,C,,-62,,,
1791257596.2510,R,A,,-58,,,
1791257596.2775,R,B,,-77,,,
1791257596.2982,R,C,,-63,,,
1791257596.3119,R,A,,-58,,,
1791257596.3178,R,B,,-78,,,
1791257596.3324,O,,,,2.85314,0.9516,0.8048
1791257596.3333,O,,,,2.85314,0.9516,0.8048
1791257596.3341,O,,,,2.85314,0.9516,0.8048
1791257596.3349,O,,,,2.85314,0.9516,0.8048
1791257596.3362,R,C,,-64,,,
1791257596.3364,R,A,,-61,,,
1791257596.3370,R,B,,-73,,,
1791257596.4121,O,,,,2.85314,0.9516,0.8048
1791257596.4131,O,,,,2.85314,0.9516,0.8048
1791257596.4139,O,,,,2.85314,0.9516,0.8048
1791257596.4146,O,,,,2.85314,0.9516,0.8048
1791257596.3833,R,C,,-64,,,
1791257596.3834,R,A,,-58,,,
1791257596.3992,R,B,,-76,,,
1791257596.7142,O,,,,2.85314,0.9516,0.8048
1791257596.4296,R,C,,-61,,,
1791257596.4301,R,A,,-57,,,
1791257596.7164,O,,,,2.85314,0.9516,0.8048
1791257596.4768,R,B,,-78,,,
1791257596.4873,R,C,,-63,,,
1791257596.4877,R,A,,-61,,,
1791257596.5094,R,B,,-74,,,
1791257596.5118,R,A,,-61,,,
1791257596.7197,O,,,,2.85314,0.9516,0.8048
1791257596.5268,R,C,,-63,,,
1791257596.5566,R,A,,-59,,,
1791257596.5571,R,B,,-77,,,
1791257596.7216,O,,,,2.85314,0.9516,0.8048
1791257596.5976,R,C,,-61,,,
1791257596.5977,R,A,,-57,,,
1791257596.6035,R,B,,-78,,,
1791257596.7229,O,,,,2.85314,0.9516,0.8048
1791257596.6355,R,C,,-63,,,
1791257596.6362,R,B,,-74,,,
1791257596.6452,R,A,,-62,,,
1791257596.7238,O,,,,2.85314,0.9516,0.8048
1791257596.7022,R,C,,-65,,,
1791257596.7026,R,A,,-60,,,
1791257596.7031,R,B,,-80,,,
1791257596.7248,O,,,,2.85314,0.9516,0.8048
1791257596.7255,O,,,,2.85314,0.9516,0.8048
1791257596.7263,O,,,,2.85314,0.9516,0.8048
1791257596.7270,O,,,,2.85314,0.9516,0.8048
1791257596.7277,O,,,,2.85314,0.9516,0.8048
1791257596.7285,O,,,,2.85314,0.9516,0.8048
1791257596.7292,O,,,,2.85314,0.9516,0.8048
1791257596.7299,O,,,,2.85314,0.9516,0.8048
1791257596.7306,O,,,,2.85314,0.9516,0.8048
1791257596.7313,O,,,,2.85314,0.9516,0.8048
1791257596.7256,R,B,,-79,,,
1791257596.7319,R,C,,-62,,,
1791257596.7482,R,A,,-59,,,
1791257596.7918,O,,,,2.85314,0.9516,0.8048
1791257596.7928,O,,,,2.85314,0.9516,0.8048
1791257596.7936,O,,,,2.85314,0.9516,0.8048
1791257596.7769,R,B,,-77,,,
1791257596.7930,R,C,,-66,,,
1791257596.8051,R,A,,-62,,,
1791257596.8054,R,C,,-66,,,
1791257596.8499,R,C,,-65,,,
1791257596.8517,R,B,,-78,,,
1791257596.8625,R,A,,-61,,,
1791257596.8716,O,,,,2.85314,0.9516,0.8048
1791257596.8725,O,,,,2.85314,0.9516,0.8048
1791257596.8734,O,,,,2.85843,0.9516,0.8048
1791257596.8742,O,,,,2.86637,0.9516,0.8048
1791257596.9056,R,C,,-62,,,
1791257596.9129,R,A,,-57,,,
1791257596.9150,R,B,,-79,,,
1791257596.9473,O,,,,2.87829,0.9519,0.8047
1791257596.9485,O,,,,2.89020,0.9521,0.8046
1791257596.9495,O,,,,2.90608,0.9526,0.8045
1791257596.9502,O,,,,2.92329,0.9529,0.8045
1791257596.9554,R,A,,-61,,,
1791257596.9555,R,C,,-68,,,
1791257596.9769,R,B,,-76,,,
1791257596.9881,R,C,,-76,,,
1791257596.9883,R,A,,-60,,,
1791257596.9901,R,B,,-76,,,
1791257597.0268,O,,,,2.93785,0.9531,0.8044
1791257597.0278,O,,,,2.95506,0.9534,0.8044
1791257597.0286,O,,,,2.97094,0.9534,0.8044
1791257597.0302,O,,,,2.98683,0.9539,0.8043
1791257597.0518,R,B,,-80,,,
1791257597.0555,R,C,,-73,,,
1791257597.0619,R,A,,-58,,,
1791257597.1116,O,,,,3.00403,0.9542,0.8042
1791257597.1129,O,,,,3.01992,0.9542,0.8042
1791257597.1141,O,,,,3.03580,0.9542,0.8042
1791257597.1153,O,,,,3.05168,0.9547,0.8042
1791257597.0819,R,C,,-69,,,
1791257597.0878,R,A,,-62,,,
1791257597.0883,R,B,,-81,,,
1791257597.1236,R,A,,-62,,,
1791257597.1239,R,B,,-88,,,
1791257597.1241,R,C,,-68,,,
1791257597.1819,O,,,,3.06757,0.9547,0.8042
1791257597.1831,O,,,,3.08478,0.9545,0.8042
1791257597.1839,O,,,,3.10066,0.9545,0.8042
1791257597.1847,O,,,,3.11919,0.9545,0.8042
1791257597.1774,R,B,,-80,,,
1791257597.1888,R,C,,-63,,,
1791257597.2106,R,A,,-63,,,
1791257597.2531,O,,,,3.13507,0.9545,0.8042
1791257597.2541,O,,,,-3.13223,0.9545,0.8042
1791257597.2549,O,,,,-3.11634,0.9545,0.8042
1791257597.2279,R,B,,-77,,,
1791257597.2502,R,C,,-72,,,
1791257597.2518,R,A,,-65,,,
1791257597.2525,R,C,,-79,,,
1791257597.2533,R,B,,-79,,,
1791257597.3003,R,C,,-76,,,
1791257597.3119,R,A,,-67,,,
1791257597.3322,O,,,,-3.09914,0.9547,0.8042
1791257597.3333,O,,,,-3.08325,0.9547,0.8042
1791257597.3341,O,,,,-3.06737,0.9547,0.8042
1791257597.3348,O,,,,-3.05016,0.9545,0.8042
1791257597.3277,R,B,,-75,,,
1791257597.3453,R,C,,-59,,,
1791257597.3455,R,A,,-77,,,
1791257597.4059,O,,,,-3.03295,0.9547,0.8042
1791257597.4068,O,,,,-3.01707,0.9547,0.8042
1791257597.4076,O,,,,-3.00118,0.9547,0.8042
1791257597.4084,O,,,,-2.98265,0.9547,0.8042
1791257597.3774,R,B,,-79,,,
1791257597.4275,R,B,,-80,,,
1791257597.4304,R,C,,-70,,,
1791257597.4872,O,,,,-2.96677,0.9547,0.8042
1791257597.4886,O,,,,-2.95089,0.9547,0.8042
1791257597.4897,O,,,,-2.93368,0.9550,0.8043
1791257597.4912,O,,,,-2.91647,0.9547,0.8042
1791257597.4748,R,B,,-71,,,
1791257597.4792,R,A,,-76,,,
1791257597.4794,R,C,,-62,,,
1791257597.5149,R,C,,-66,,,
1791257597.5666,O,,,,-2.90059,0.9547,0.8042
1791257597.5679,O,,,,-2.88206,0.9547,0.8042
1791257597.5691,O,,,,-2.86617,0.9547,0.8042
1791257597.5703,O,,,,-2.85029,0.9547,0.8042
1791257597.5230,R,B,,-68,,,
1791257597.5232,R,A,,-70,,,
1791257597.5627,R,C,,-66,,,
1791257597.5630,R,A,,-70,,,
1791257597.5750,R,B,,-66,,,
1791257597.6086,R,A,,-73,,,
1791257597.6088,R,B,,-70,,,
1791257597.6427,O,,,,-2.83308,0.9550,0.8043
1791257597.6438,O,,,,-2.81587,0.9547,0.8042
1791257597.6446,O,,,,-2.79999,0.9547,0.8042
1791257597.6454,O,,,,-2.78278,0.9550,0.8043
1791257597.6506,R,B,,-69,,,
1791257597.6562,R,A,,-73,,,
1791257597.6576,R,C,,-61,,,
1791257597.6965,R,B,,-73,,,
1791257597.6996,R,C,,-72,,,
1791257597.7121,R,A,,-68,,,
1791257597.7209,O,,,,-2.76690,0.9550,0.8043
1791257597.7217,O,,,,-2.75101,0.9550,0.8043
1791257597.7226,O,,,,-2.73248,0.9550,0.8043
1791257597.7233,O,,,,-2.71660,0.9550,0.8043
1791257597.7555,R,C,,-66,,,
1791257597.7623,R,A,,-69,,,
1791257597.7916,O,,,,-2.70071,0.9550,0.8043
1791257597.7926,O,,,,-2.68351,0.9547,0.8042
1791257597.7934,O,,,,-2.66630,0.9550,0.8043
1791257597.7771,R,B,,-74,,,
1791257597.7868,R,B,,-76,,,
1791257597.7889,R,C,,-64,,,
1791257597.7892,R,A,,-73,,,
1791257597.8667,O,,,,-2.65042,0.9550,0.8043
1791257597.8681,O,,,,-2.63453,0.9550,0.8043
1791257597.8693,O,,,,-2.61600,0.9550,0.8043
1791257597.8706,O,,,,-2.60012,0.9550,0.8043
1791257597.8546,R,C,,-77,,,
1791257597.8623,R,A,,-67,,,
1791257597.8772,R,B,,-68,,,
1791257597.9012,R,C,,-79,,,
1791257597.9014,R,A,,-68,,,
1791257597.9470,O,,,,-2.58291,0.9547,0.8042
1791257597.9481,O,,,,-2.56570,0.9550,0.8043
1791257597.9489,O,,,,-2.54982,0.9550,0.8043
1791257597.9497,O,,,,-2.53393,0.9550,0.8043
1791257597.9246,R,C,,-61,,,
1791257597.9250,R,A,,-71,,,
1791257597.9252,R,B,,-67,,,
1791257597.9775,R,B,,-69,,,
1791257598.0064,R,C,,-81,,,
1791257598.0098,R,A,,-67,,,
1791257598.0268,O,,,,-2.51540,0.9550,0.8043
1791257598.0279,O,,,,-2.49952,0.9550,0.8043
1791257598.0295,O,,,,-2.48363,0.9550,0.8043
1791257598.0304,O,,,,-2.46775,0.9550,0.8043
1791257598.0204,R,C,,-76,,,
1791257598.0275,R,B,,-67,,,
1791257598.0391,R,A,,-69,,,
1791257598.0689,R,B,,-63,,,
1791257598.1019,O,,,,-2.44922,0.9550,0.8043
1791257598.1029,O,,,,-2.43334,0.9550,0.8043
1791257598.1037,O,,,,-2.41613,0.9552,0.8045
1791257598.1045,O,,,,-2.39892,0.9550,0.8043
1791257598.0703,R,A,,-67,,,
1791257598.0801,R,C,,-70,,,
1791257598.1132,R,C,,-74,,,
1791257598.1148,R,B,,-68,,,
1791257598.1604,R,A,,-67,,,
1791257598.1833,O,,,,-2.38304,0.9550,0.8043
1791257598.1845,O,,,,-2.36715,0.9550,0.8043
1791257598.1854,O,,,,-2.34862,0.9550,0.8043
1791257598.1861,O,,,,-2.33274,0.9550,0.8043
1791257598.1772,R,B,,-62,,,
1791257598.2000,R,C,,-81,,,
1791257598.2012,R,A,,-70,,,
1791257598.2016,R,B,,-62,,,
1791257598.2023,R,C,,-73,,,
1791257598.2542,O,,,,-2.31685,0.9550,0.8043
1791257598.2553,O,,,,-2.29832,0.9550,0.8043
1791257598.2561,O,,,,-2.28244,0.9550,0.8043
1791257598.2555,R,C,,-62,,,
1791257598.2610,R,A,,-73,,,
1791257598.2766,R,B,,-65,,,
1791257598.2958,R,C,,-66,,,
1791257598.2961,R,A,,-68,,,
1791257598.3188,R,B,,-63,,,
1791257598.3283,O,,,,-2.26523,0.9551,0.8045
1791257598.3293,O,,,,-2.24802,0.9550,0.8043
1791257598.3302,O,,,,-2.23214,0.9550,0.8043
1791257598.3309,O,,,,-2.21626,0.9550,0.8043
1791257598.3419,R,C,,-63,,,
1791257598.3422,R,A,,-71,,,
1791257598.3574,R,B,,-64,,,
1791257598.4081,O,,,,-2.19772,0.9550,0.8043
1791257598.4092,O,,,,-2.18184,0.9550,0.8043
1791257598.4100,O,,,,-2.16596,0.9550,0.8043
1791257598.4107,O,,,,-2.14875,0.9551,0.8045
1791257598.3940,R,B,,-66,,,
1791257598.3958,R,C,,-61,,,
1791257598.3961,R,A,,-72,,,
1791257598.4391,R,A,,-69,,,
1791257598.4557,R,C,,-65,,,
1791257598.4821,O,,,,-2.13154,0.9550,0.8043
1791257598.4836,O,,,,-2.11566,0.9550,0.8043
1791257598.4846,O,,,,-2.09977,0.9550,0.8043
1791257598.4854,O,,,,-2.08124,0.9550,0.8043
1791257598.4727,R,B,,-61,,,
1791257598.4817,R,C,,-64,,,
1791257598.4821,R,A,,-74,,,
1791257598.5175,R,B,,-62,,,
1791257598.5617,O,,,,-2.06536,0.9550,0.8043
1791257598.5627,O,,,,-2.04947,0.9550,0.8043
1791257598.5635,O,,,,-2.03227,0.9549,0.8041
1791257598.5643,O,,,,-2.01506,0.9550,0.8043
1791257598.5243,R,B,,-64,,,
1791257598.5246,R,A,,-70,,,
1791257598.5248,R,C,,-62,,,
1791257598.5771,R,B,,-62,,,
1791257598.6056,R,C,,-66,,,
1791257598.6127,R,B,,-62,,,
1791257598.6129,R,A,,-74,,,
1791257598.6422,O,,,,-1.99785,0.9549,0.8041
1791257598.6434,O,,,,-1.98064,0.9550,0.8043
1791257598.6442,O,,,,-1.96476,0.9550,0.8043
1791257598.6449,O,,,,-1.94888,0.9550,0.8043
1791257598.6537,R,C,,-64,,,
1791257598.6539,R,A,,-71,,,
1791257598.7111,O,,,,-1.93299,0.9550,0.8043
1791257598.7119,O,,,,-1.91579,0.9551,0.8045
1791257598.7128,O,,,,-1.89858,0.9550,0.8043
1791257598.7135,O,,,,-1.88269,0.9550,0.8043
1791257598.6776,R,B,,-67,,,
1791257598.7057,R,C,,-67,,,
1791257598.7119,R,A,,-68,,,
1791257598.7280,R,B,,-64,,,
1791257598.7422,R,C,,-69,,,
1791257598.7425,R,A,,-77,,,
1791257598.7464,R,B,,-64,,,
1791257598.7872,O,,,,-1.86681,0.9550,0.8043
1791257598.7880,O,,,,-1.84828,0.9550,0.8043
1791257598.7888,O,,,,-1.83239,0.9550,0.8043
1791257598.7902,R,A,,-69,,,
1791257598.7983,R,C,,-69,,,
1791257598.7991,R,B,,-67,,,
1791257598.8665,O,,,,-1.81651,0.9550,0.8043
1791257598.8674,O,,,,-1.80063,0.9550,0.8043
1791257598.8683,O,,,,-1.78342,0.9549,0.8040
1791257598.8691,O,,,,-1.76621,0.9550,0.8043
1791257598.8378,R,B,,-65,,,
1791257598.8394,R,C,,-69,,,
1791257598.8626,R,A,,-65,,,
1791257598.8836,R,C,,-79,,,
1791257598.8849,R,A,,-75,,,
1791257598.8853,R,B,,-65,,,
1791257598.9417,O,,,,-1.74900,0.9549,0.8040
1791257598.9428,O,,,,-1.73312,0.9549,0.8040
1791257598.9437,O,,,,-1.71591,0.9550,0.8043
1791257598.9446,O,,,,-1.70003,0.9550,0.8043
1791257598.9396,R,B,,-65,,,
1791257598.9411,R,C,,-72,,,
1791257598.9422,R,A,,-69,,,
1791257598.9772,R,B,,-65,,,
1791257598.9975,R,C,,-67,,,
1791257599.0124,R,A,,-64,,,
1791257599.0176,R,C,,-72,,,
1791257599.0220,O,,,,-1.68282,0.9549,0.8040
1791257599.0229,O,,,,-1.66561,0.9550,0.8043
1791257599.0238,O,,,,-1.64973,0.9550,0.8043
1791257599.0245,O,,,,-1.63120,0.9550,0.8043
1791257599.0411,R,A,,-68,,,
1791257599.0603,R,B,,-71,,,
1791257599.0628,R,A,,-63,,,
1791257599.1017,O,,,,-1.61531,0.9550,0.8043
1791257599.1026,O,,,,-1.59811,0.9550,0.8046
1791257599.1042,O,,,,-1.58090,0.9550,0.8043
1791257599.1051,O,,,,-1.56502,0.9550,0.8043
1791257599.1022,R,C,,-70,,,
1791257599.1050,R,C,,-68,,,
1791257599.1126,R,A,,-61,,,
1791257599.1188,R,B,,-60,,,
1791257599.1482,R,C,,-62,,,
1791257599.1545,R,B,,-70,,,
1791257599.1578,R,A,,-59,,,
1791257599.1832,O,,,,-1.54781,0.9550,0.8046
1791257599.1843,O,,,,-1.53192,0.9550,0.8046
1791257599.1851,O,,,,-1.51472,0.9550,0.8043
1791257599.1858,O,,,,-1.49883,0.9550,0.8043
1791257599.1928,R,C,,-66,,,
1791257599.1930,R,A,,-57,,,
1791257599.1934,R,B,,-62,,,
1791257599.2532,O,,,,-1.48163,0.9549,0.8046
1791257599.2542,O,,,,-1.46442,0.9550,0.8043
1791257599.2550,O,,,,-1.44853,0.9550,0.8043
1791257599.2359,R,B,,-52,,,
1791257599.2803,R,A,,-57,,,
1791257599.3058,R,C,,-71,,,
1791257599.3271,O,,,,-1.43133,0.9549,0.8046
1791257599.3282,O,,,,-1.41412,0.9550,0.8043
1791257599.3290,O,,,,-1.39823,0.9550,0.8043
1791257599.3298,O,,,,-1.38235,0.9550,0.8043
1791257599.3211,R,B,,-61,,,
1791257599.3528,R,C,,-67,,,
1791257599.3535,R,A,,-59,,,
1791257599.4018,O,,,,-1.36514,0.9549,0.8046
1791257599.4028,O,,,,-1.34794,0.9550,0.8043
1791257599.4036,O,,,,-1.33205,0.9550,0.8043
1791257599.4044,O,,,,-1.31484,0.9549,0.8046
1791257599.3772,R,B,,-58,,,
1791257599.4057,R,C,,-65,,,
1791257599.4100,R,A,,-59,,,
1791257599.4127,R,C,,-67,,,
1791257599.4129,R,B,,-58,,,
1791257599.4131,R,A,,-62,,,
1791257599.4593,R,B,,-66,,,
1791257599.4607,R,C,,-68,,,
1791257599.4609,R,A,,-66,,,
1791257599.4819,O,,,,-1.29764,0.9550,0.8043
1791257599.4829,O,,,,-1.28175,0.9550,0.8043
1791257599.4837,O,,,,-1.26587,0.9550,0.8043
1791257599.4845,O,,,,-1.24734,0.9550,0.8043
1791257599.5020,R,A,,-71,,,
1791257599.5057,R,C,,-75,,,
1791257599.5622,O,,,,-1.23145,0.9550,0.8043
1791257599.5632,O,,,,-1.21557,0.9550,0.8043
1791257599.5639,O,,,,-1.19704,0.9550,0.8043
1791257599.5647,O,,,,-1.18116,0.9550,0.8043
1791257599.5274,R,B,,-64,,,
1791257599.5501,R,B,,-58,,,
1791257599.6053,R,B,,-64,,,
1791257599.6064,R,C,,-74,,,
1791257599.6082,R,A,,-71,,,
1791257599.6372,O,,,,-1.16395,0.9549,0.8045
1791257599.6382,O,,,,-1.14542,0.9549,0.8045
1791257599.6390,O,,,,-1.12953,0.9549,0.8045
1791257599.6398,O,,,,-1.11365,0.9549,0.8045
1791257599.6565,R,C,,-73,,,
1791257599.6625,R,A,,-74,,,
1791257599.7070,O,,,,-1.09776,0.9549,0.8045
1791257599.7081,O,,,,-1.08056,0.9550,0.8043
1791257599.7093,O,,,,-1.06467,0.9550,0.8043
1791257599.6708,R,B,,-62,,,
1791257599.6872,R,A,,-69,,,
1791257599.6874,R,C,,-68,,,
1791257599.7089,R,B,,-58,,,
1791257599.7279,R,C,,-73,,,
1791257599.7281,R,B,,-57,,,
1791257599.7283,R,A,,-70,,,
1791257599.7868,O,,,,-1.04747,0.9549,0.8045
1791257599.7880,O,,,,-1.03026,0.9550,0.8043
1791257599.7888,O,,,,-1.01437,0.9550,0.8043
1791257599.7896,O,,,,-0.99717,0.9552,0.8041
1791257599.7782,R,B,,-64,,,
1791257599.8058,R,C,,-70,,,
1791257599.8097,R,A,,-73,,,
1791257599.8153,R,C,,-65,,,
1791257599.8623,O,,,,-0.98128,0.9552,0.8041
1791257599.8633,O,,,,-0.96408,0.9550,0.8043
1791257599.8642,O,,,,-0.94687,0.9552,0.8041
1791257599.8649,O,,,,-0.93098,0.9552,0.8041
1791257599.8281,R,B,,-63,,,
1791257599.8662,R,B,,-65,,,
1791257599.8802,R,C,,-71,,,
1791257599.8804,R,A,,-74,,,
1791257599.9128,R,A,,-75,,,
1791257599.9182,R,B,,-63,,,
1791257599.9422,O,,,,-0.91245,0.9552,0.8041
1791257599.9433,O,,,,-0.89657,0.9552,0.8041
1791257599.9442,O,,,,-0.88068,0.9552,0.8041
1791257599.9449,O,,,,-0.86348,0.9550,0.8043
1791257599.9491,R,C,,-81,,,
1791257599.9494,R,B,,-65,,,
1791257599.9495,R,A,,-72,,,
1791257600.0168,O,,,,-0.84759,0.9550,0.8043
1791257600.0179,O,,,,-0.83171,0.9550,0.8043
1791257600.0188,O,,,,-0.81450,0.9548,0.8045
1791257600.0196,O,,,,-0.79862,0.9548,0.8045
1791257599.9905,R,C,,-74,,,
1791257600.0135,R,A,,-77,,,
1791257600.0139,R,B,,-66,,,
1791257600.0361,R,C,,-70,,,
1791257600.0630,R,A,,-78,,,
1791257600.0969,O,,,,-0.78273,0.9548,0.8045
1791257600.0980,O,,,,-0.76685,0.9548,0.8045
1791257600.0991,O,,,,-0.74964,0.9550,0.8043
1791257600.0999,O,,,,-0.73244,0.9548,0.8045
1791257600.0780,R,B,,-72,,,
1791257600.0828,R,C,,-82,,,
1791257600.0831,R,A,,-78,,,
1791257600.0839,R,B,,-77,,,
1791257600.1411,R,A,,-79,,,
1791257600.1560,R,C,,-72,,,
1791257600.1772,O,,,,-0.71523,0.9550,0.8043
1791257600.1780,O,,,,-0.69934,0.9550,0.8043
1791257600.1791,O,,,,-0.68081,0.9550,0.8043
1791257600.1798,O,,,,-0.66493,0.9550,0.8043
1791257600.1707,R,B,,-64,,,
1791257600.1773,R,B,,-69,,,
1791257600.1919,R,C,,-71,,,
1791257600.1922,R,A,,-77,,,
1791257600.2471,O,,,,-0.64772,0.9552,0.8041
1791257600.2488,O,,,,-0.63051,0.9550,0.8043
1791257600.2495,O,,,,-0.61463,0.9550,0.8043
1791257600.3214,O,,,,-0.59742,0.9548,0.8045
1791257600.2712,R,B,,-78,,,
1791257600.2900,R,A,,-73,,,
1791257600.2908,R,C,,-70,,,
1791257600.3225,O,,,,-0.58021,0.9550,0.8043
1791257600.3234,O,,,,-0.56433,0.9550,0.8043
1791257600.3242,O,,,,-0.54712,0.9552,0.8042
1791257600.3207,R,B,,-72,,,
1791257600.3350,R,C,,-67,,,
1791257600.3552,R,A,,-74,,,
1791257600.3597,R,B,,-75,,,
1791257600.3626,R,A,,-73,,,
1791257600.4004,O,,,,-0.52992,0.9550,0.8043
1791257600.4016,O,,,,-0.51403,0.9550,0.8043
1791257600.4024,O,,,,-0.49682,0.9552,0.8042
1791257600.4032,O,,,,-0.47962,0.9550,0.8043
1791257600.3713,R,C,,-72,,,
1791257600.4047,R,C,,-72,,,
1791257600.4049,R,A,,-72,,,
1791257600.4052,R,B,,-68,,,
1791257600.4503,R,C,,-72,,,
1791257600.4513,R,A,,-71,,,
1791257600.4515,R,B,,-60,,,
1791257600.4776,O,,,,-0.46373,0.9550,0.8043
1791257600.4787,O,,,,-0.44653,0.9552,0.8042
1791257600.4795,O,,,,-0.42932,0.9550,0.8043
1791257600.4802,O,,,,-0.41343,0.9550,0.8043
1791257600.4906,R,B,,-68,,,
1791257600.4926,R,A,,-74,,,
1791257600.4927,R,C,,-69,,,
1791257600.5568,O,,,,-0.39755,0.9550,0.8043
1791257600.5579,O,,,,-0.37902,0.9550,0.8043
1791257600.5586,O,,,,-0.36313,0.9550,0.8043
1791257600.5594,O,,,,-0.34593,0.9547,0.8044
1791257600.5353,R,C,,-72,,,
1791257600.5630,R,A,,-73,,,
1791257600.5801,R,C,,-75,,,
1791257600.6128,R,A,,-71,,,
1791257600.6367,O,,,,-0.32872,0.9550,0.8043
1791257600.6379,O,,,,-0.31151,0.9547,0.8044
1791257600.6387,O,,,,-0.29430,0.9545,0.8045
1791257600.6395,O,,,,-0.27842,0.9545,0.8045
1791257600.6202,R,B,,-55,,,
1791257600.6214,R,C,,-66,,,
1791257600.6217,R,A,,-72,,,
1791257600.6274,R,B,,-56,,,
1791257600.7019,O,,,,-0.26121,0.9547,0.8044
1791257600.7028,O,,,,-0.24533,0.9547,0.8044
1791257600.7037,O,,,,-0.22945,0.9547,0.8044
1791257600.6781,R,B,,-63,,,
1791257600.6856,R,C,,-71,,,
1791257600.6868,R,A,,-72,,,
1791257600.7124,R,B,,-64,,,
1791257600.7127,R,A,,-73,,,
1791257600.7204,R,C,,-71,,,
1791257600.7560,R,C,,-78,,,
1791257600.7629,R,A,,-74,,,
1791257600.7821,O,,,,-0.21224,0.9550,0.8043
1791257600.7832,O,,,,-0.19503,0.9547,0.8044
1791257600.7847,O,,,,-0.17915,0.9547,0.8044
1791257600.7856,O,,,,-0.16194,0.9550,0.8043
1791257600.7736,R,B,,-67,,,
1791257600.7988,R,B,,-64,,,
1791257600.8012,R,A,,-88,,,
1791257600.8047,R,C,,-66,,,
1791257600.8618,O,,,,-0.14605,0.9550,0.8043
1791257600.8633,O,,,,-0.13017,0.9550,0.8043
1791257600.8644,O,,,,-0.11429,0.9550,0.8043
1791257600.8656,O,,,,-0.09576,0.9550,0.8043
1791257600.8484,R,C,,-72,,,
1791257600.8491,R,B,,-58,,,
1791257600.8626,R,A,,-70,,,
1791257600.8966,R,C,,-66,,,
1791257600.8969,R,A,,-67,,,
1791257600.8975,R,B,,-55,,,
1791257600.9362,O,,,,-0.07987,0.9550,0.8043
1791257600.9372,O,,,,-0.06266,0.9553,0.8043
1791257600.9381,O,,,,-0.04678,0.9553,0.8043
1791257600.9388,O,,,,-0.02957,0.9550,0.8043
1791257600.9346,R,B,,-63,,,
1791257600.9560,R,C,,-61,,,
1791257600.9624,R,A,,-70,,,
1791257601.0171,O,,,,-0.01237,0.9553,0.8043
1791257601.0182,O,,,,0.00352,0.9553,0.8043
1791257601.0191,O,,,,0.02073,0.9550,0.8043
1791257601.0200,O,,,,0.03661,0.9550,0.8043
1791257600.9894,R,C,,-67,,,
1791257601.0130,R,A,,-69,,,
1791257601.0177,R,B,,-72,,,
1791257601.0376,R,C,,-66,,,
1791257601.0379,R,A,,-77,,,
1791257601.0969,O,,,,0.05382,0.9553,0.8043
1791257601.0984,O,,,,0.06970,0.9553,0.8043
1791257601.0996,O,,,,0.08691,0.9550,0.8043
1791257601.1009,O,,,,0.10279,0.9550,0.8043
1791257601.0775,R,B,,-59,,,
1791257601.0922,R,C,,-75,,,
1791257601.0929,R,A,,-73,,,
1791257601.1127,R,A,,-70,,,
1791257601.1129,R,B,,-58,,,
1791257601.1132,R,C,,-71,,,
1791257601.1498,R,B,,-57,,,
1791257601.1501,R,C,,-75,,,
1791257601.1503,R,A,,-83,,,
1791257601.1714,O,,,,0.12000,0.9553,0.8043
1791257601.1723,O,,,,0.13588,0.9553,0.8043
1791257601.1732,O,,,,0.15177,0.9553,0.8043
1791257601.1741,O,,,,0.16898,0.9550,0.8043
1791257601.2052,R,C,,-80,,,
1791257601.2055,R,A,,-81,,,
1791257601.2056,R,B,,-57,,,
1791257601.2426,O,,,,0.18486,0.9550,0.8043
1791257601.2442,O,,,,0.20207,0.9553,0.8044
1791257601.2453,O,,,,0.21927,0.9550,0.8043
1791257601.2327,R,C,,-73,,,
1791257601.2337,R,A,,-81,,,
1791257601.2711,R,B,,-58,,,
1791257601.2745,R,B,,-57,,,
1791257601.2927,R,A,,-71,,,
1791257601.2942,R,C,,-72,,,
1791257601.3215,O,,,,0.23516,0.9550,0.8043
1791257601.3223,O,,,,0.25104,0.9550,0.8043
1791257601.3232,O,,,,0.26693,0.9550,0.8043
1791257601.3249,O,,,,0.28546,0.9550,0.8043
1791257601.3274,R,B,,-59,,,
1791257601.3567,R,C,,-81,,,
1791257601.3571,R,B,,-61,,,
1791257601.3627,R,A,,-70,,,
1791257601.3974,O,,,,0.30134,0.9550,0.8043
1791257601.3992,O,,,,0.31855,0.9553,0.8044
1791257601.4000,O,,,,0.33443,0.9553,0.8044
1791257601.4007,O,,,,0.35164,0.9550,0.8043
1791257601.4019,R,B,,-61,,,
1791257601.4037,R,C,,-68,,,
1791257601.4039,R,A,,-79,,,
1791257601.4488,R,B,,-62,,,
1791257601.4834,O,,,,0.36885,0.9553,0.8044
1791257601.4842,O,,,,0.38473,0.9553,0.8044
1791257601.4850,O,,,,0.40194,0.9550,0.8043
1791257601.4864,O,,,,0.41915,0.9553,0.8044
1791257601.5066,R,C,,-62,,,
1791257601.5135,R,A,,-72,,,
1791257601.5570,O,,,,0.43635,0.9550,0.8043
1791257601.5579,O,,,,0.45224,0.9550,0.8043
1791257601.5587,O,,,,0.46945,0.9553,0.8044
1791257601.5595,O,,,,0.48665,0.9550,0.8043
1791257601.5279,R,B,,-67,,,
1791257601.5386,R,B,,-71,,,
1791257601.5399,R,C,,-60,,,
1791257601.5470,R,A,,-73,,,
1791257601.6015,R,C,,-64,,,
1791257601.6024,R,B,,-93,,,
1791257601.6128,R,A,,-77,,,
1791257601.6317,O,,,,0.50254,0.9550,0.8043
1791257601.6328,O,,,,0.51975,0.9552,0.8044
1791257601.6337,O,,,,0.53563,0.9552,0.8044
1791257601.6346,O,,,,0.55284,0.9550,0.8043
1791257601.6365,R,A,,-72,,,
1791257601.6367,R,B,,-68,,,
1791257601.6560,R,C,,-67,,,
1791257601.7017,O,,,,0.56872,0.9550,0.8043
1791257601.7026,O,,,,0.58460,0.9550,0.8043
1791257601.7035,O,,,,0.60181,0.9552,0.8044
1791257601.6807,R,C,,-58,,,
1791257601.7128,R,A,,-70,,,
1791257601.7281,R,B,,-68,,,
1791257601.7284,R,A,,-73,,,
1791257601.7285,R,C,,-71,,,
1791257601.7678,R,C,,-58,,,
1791257601.7683,R,B,,-81,,,
1791257601.7809,O,,,,0.61902,0.9550,0.8043
1791257601.7818,O,,,,0.63490,0.9550,0.8043
1791257601.7826,O,,,,0.65211,0.9552,0.8044
1791257601.7834,O,,,,0.66932,0.9550,0.8043
1791257601.8132,R,A,,-68,,,
1791257601.8165,R,B,,-64,,,
1791257601.8569,O,,,,0.68520,0.9550,0.8043
1791257601.8579,O,,,,0.70373,0.9550,0.8043
1791257601.8588,O,,,,0.71962,0.9550,0.8043
1791257601.8595,O,,,,0.73550,0.9550,0.8043
1791257601.8513,R,C,,-53,,,
1791257601.8515,R,A,,-66,,,
1791257601.8571,R,B,,-70,,,
1791257601.8632,R,A,,-66,,,
1791257601.9371,O,,,,0.75403,0.9550,0.8043
1791257601.9382,O,,,,0.76992,0.9550,0.8043
1791257601.9393,O,,,,0.78580,0.9550,0.8043
1791257601.9402,O,,,,0.80301,0.9552,0.8044
1791257601.9442,R,A,,-66,,,
1791257601.9444,R,C,,-62,,,
1791257601.9450,R,B,,-78,,,
1791257602.0123,O,,,,0.82022,0.9550,0.8043
1791257602.0137,O,,,,0.83610,0.9550,0.8043
1791257602.0146,O,,,,0.85198,0.9550,0.8043
1791257602.0154,O,,,,0.87051,0.9550,0.8043
1791257601.9873,R,C,,-51,,,
1791257601.9935,R,B,,-65,,,
1791257602.0054,R,A,,-66,,,
1791257602.0350,R,A,,-69,,,
1791257602.0351,R,C,,-60,,,
1791257602.0912,O,,,,0.88640,0.9550,0.8043
1791257602.0922,O,,,,0.90361,0.9552,0.8045
1791257602.0931,O,,,,0.91949,0.9552,0.8045
1791257602.0938,O,,,,0.93670,0.9550,0.8043
1791257602.0776,R,B,,-65,,,
1791257602.1256,R,B,,-71,,,
1791257602.1259,R,A,,-69,,,
1791257602.1261,R,C,,-52,,,
1791257602.1611,R,B,,-64,,,
1791257602.1716,O,,,,0.95390,0.9552,0.8045
1791257602.1726,O,,,,0.96979,0.9552,0.8045
1791257602.1735,O,,,,0.98567,0.9552,0.8045
1791257602.1743,O,,,,1.00288,0.9550,0.8042
1791257602.1800,R,C,,-61,,,
1791257602.2058,R,C,,-60,,,
1791257602.2066,R,A,,-69,,,
1791257602.2371,O,,,,1.02009,0.9552,0.8045
1791257602.2382,O,,,,1.03597,0.9552,0.8045
1791257602.2391,O,,,,1.05318,0.9551,0.8042
1791257602.2282,R,B,,-62,,,
1791257602.2536,R,C,,-56,,,
1791257602.2538,R,B,,-71,,,
1791257602.2632,R,A,,-67,,,
1791257602.3166,O,,,,1.06906,0.9551,0.8042
1791257602.3177,O,,,,1.08627,0.9552,0.8045
1791257602.3186,O,,,,1.10215,0.9552,0.8045
1791257602.3194,O,,,,1.11936,0.9551,0.8042
1791257602.2952,R,B,,-62,,,
1791257602.2966,R,C,,-55,,,
1791257602.3124,R,A,,-69,,,
1791257602.3562,R,C,,-57,,,
1791257602.3636,R,A,,-71,,,
1791257602.3967,O,,,,1.13525,0.9551,0.8042
1791257602.3978,O,,,,1.15245,0.9552,0.8045
1791257602.3986,O,,,,1.16834,0.9552,0.8045
1791257602.3994,O,,,,1.18554,0.9551,0.8042
1791257602.3779,R,B,,-58,,,
1791257602.3929,R,C,,-62,,,
1791257602.3933,R,A,,-67,,,
1791257602.3934,R,B,,-62,,,
1791257602.4558,R,B,,-64,,,
1791257602.4561,R,C,,-55,,,
1791257602.4588,R,A,,-78,,,
1791257602.4722,O,,,,1.20275,0.9552,0.8045
1791257602.4732,O,,,,1.21864,0.9552,0.8045
1791257602.4741,O,,,,1.23584,0.9551,0.8042
1791257602.4748,O,,,,1.25305,0.9552,0.8045
1791257602.4777,R,B,,-66,,,
1791257602.4806,R,C,,-68,,,
1791257602.4808,R,A,,-76,,,
1791257602.5187,R,C,,-62,,,
1791257602.5517,O,,,,1.26894,0.9552,0.8045
1791257602.5528,O,,,,1.28614,0.9551,0.8042
1791257602.5537,O,,,,1.30335,0.9552,0.8045
1791257602.5552,O,,,,1.31923,0.9552,0.8045
1791257602.5285,R,B,,-66,,,
1791257602.5406,R,A,,-75,,,
1791257602.5607,R,B,,-67,,,
1791257602.5634,R,A,,-78,,,
1791257602.6034,R,C,,-59,,,
1791257602.6039,R,B,,-83,,,
1791257602.6063,R,C,,-60,,,
1791257602.6064,R,A,,-83,,,
1791257602.6338,O,,,,1.33512,0.9552,0.8045
1791257602.6351,O,,,,1.35100,0.9552,0.8045
1791257602.6364,O,,,,1.36821,0.9552,0.8047
1791257602.6373,O,,,,1.38542,0.9552,0.8045
1791257602.6493,R,C,,-62,,,
1791257602.6974,O,,,,1.40262,0.9552,0.8047
1791257602.6985,O,,,,1.41983,0.9552,0.8045
1791257602.6993,O,,,,1.43572,0.9552,0.8045
1791257602.6778,R,B,,-71,,,
1791257602.6925,R,A,,-84,,,
1791257602.6927,R,C,,-65,,,
1791257602.6935,R,B,,-68,,,
1791257602.7398,R,A,,-86,,,
1791257602.7433,R,B,,-65,,,
1791257602.7452,R,C,,-55,,,
1791257602.7817,O,,,,1.45292,0.9552,0.8047
1791257602.7828,O,,,,1.47013,0.9552,0.8045
1791257602.7836,O,,,,1.48734,0.9552,0.8047
1791257602.7844,O,,,,1.50455,0.9552,0.8045
1791257602.7911,R,C,,-63,,,
1791257602.8110,R,A,,-82,,,
1791257602.8125,R,B,,-64,,,
1791257602.8551,O,,,,1.52175,0.9552,0.8047
1791257602.8561,O,,,,1.53764,0.9552,0.8047
1791257602.8570,O,,,,1.55485,0.9552,0.8045
1791257602.8577,O,,,,1.57205,0.9552,0.8047
1791257602.8252,R,B,,-65,,,
1791257602.8330,R,A,,-74,,,
1791257602.8561,R,C,,-61,,,
1791257602.8706,R,A,,-72,,,
1791257602.8709,R,B,,-66,,,
1791257602.8710,R,C,,-56,,,
1791257602.9122,R,B,,-65,,,
1791257602.9123,R,C,,-56,,,
1791257602.9317,O,,,,1.58794,0.9552,0.8047
1791257602.9328,O,,,,1.60514,0.9552,0.8045
1791257602.9336,O,,,,1.62103,0.9552,0.8045
1791257602.9345,O,,,,1.63691,0.9552,0.8045
1791257602.9602,R,A,,-73,,,
1791257603.0110,O,,,,1.65280,0.9552,0.8045
1791257603.0120,O,,,,1.67133,0.9552,0.8045
1791257603.0129,O,,,,1.68721,0.9552,0.8045
1791257603.0137,O,,,,1.70310,0.9552,0.8045
1791257602.9778,R,B,,-64,,,
1791257602.9842,R,C,,-56,,,
1791257603.0052,R,C,,-57,,,
1791257603.0060,R,B,,-66,,,
1791257603.0126,R,A,,-70,,,
1791257603.0485,R,C,,-63,,,
1791257603.0631,R,A,,-66,,,
1791257603.0885,O,,,,1.72030,0.9552,0.8047
1791257603.0895,O,,,,1.73751,0.9552,0.8045
1791257603.0905,O,,,,1.75339,0.9552,0.8045
1791257603.0912,O,,,,1.77193,0.9552,0.8045
1791257603.0782,R,B,,-66,,,
1791257603.0937,R,C,,-57,,,
1791257603.0939,R,A,,-71,,,
1791257603.0943,R,B,,-67,,,
1791257603.1671,O,,,,1.78781,0.9552,0.8045
1791257603.1681,O,,,,1.80369,0.9552,0.8045
1791257603.1690,O,,,,1.81958,0.9552,0.8045
1791257603.1698,O,,,,1.83811,0.9552,0.8045
1791257603.1444,R,C,,-60,,,
1791257603.1631,R,A,,-69,,,
1791257603.1767,R,B,,-63,,,
1791257603.2062,R,C,,-61,,,
1791257603.2107,R,B,,-68,,,
1791257603.2118,R,A,,-64,,,
1791257603.2371,O,,,,1.85399,0.9552,0.8045
1791257603.2382,O,,,,1.87120,0.9553,0.8042
1791257603.2391,O,,,,1.88841,0.9552,0.8045
1791257603.2252,R,A,,-69,,,
1791257603.2255,R,B,,-69,,,
1791257603.2277,R,C,,-60,,,
1791257603.3167,O,,,,1.90429,0.9552,0.8045
1791257603.3178,O,,,,1.92282,0.9552,0.8045
1791257603.3187,O,,,,1.93871,0.9552,0.8045
1791257603.3195,O,,,,1.95591,0.9551,0.8047
1791257603.2779,R,B,,-69,,,
1791257603.2808,R,C,,-58,,,
1791257603.3117,R,A,,-69,,,
1791257603.3202,R,B,,-70,,,
1791257603.3348,R,C,,-59,,,
1791257603.3352,R,A,,-65,,,
1791257603.3601,R,C,,-58,,,
1791257603.3604,R,B,,-68,,,
1791257603.3620,R,A,,-66,,,
1791257603.3913,O,,,,1.97180,0.9551,0.8047
1791257603.3922,O,,,,1.98901,0.9552,0.8045
1791257603.3929,O,,,,2.00489,0.9552,0.8045
1791257603.3937,O,,,,2.02077,0.9552,0.8045
1791257603.4128,R,A,,-69,,,
1791257603.4287,R,B,,-69,,,
1791257603.4399,R,C,,-61,,,
1791257603.4506,R,B,,-78,,,
1791257603.4564,R,C,,-62,,,
1791257603.4632,R,A,,-69,,,
1791257603.4720,O,,,,2.03798,0.9551,0.8047
1791257603.4729,O,,,,2.05519,0.9552,0.8045
1791257603.4737,O,,,,2.07107,0.9552,0.8045
1791257603.4745,O,,,,2.08696,0.9552,0.8045
1791257603.4912,R,B,,-68,,,
1791257603.5070,R,C,,-60,,,
1791257603.5136,R,A,,-71,,,
1791257603.5465,O,,,,2.10284,0.9552,0.8045
1791257603.5475,O,,,,2.12137,0.9552,0.8045
1791257603.5483,O,,,,2.13725,0.9552,0.8045
1791257603.5492,O,,,,2.15314,0.9552,0.8045
1791257603.5408,R,C,,-62,,,
1791257603.5410,R,A,,-71,,,
1791257603.5793,R,A,,-72,,,
1791257603.5795,R,C,,-63,,,
1791257603.6271,O,,,,2.16902,0.9552,0.8045
1791257603.6281,O,,,,2.18755,0.9552,0.8045
1791257603.6297,O,,,,2.20344,0.9552,0.8045
1791257603.6305,O,,,,2.22065,0.9550,0.8047
1791257603.6283,R,B,,-80,,,
1791257603.6313,R,C,,-63,,,
1791257603.6321,R,A,,-83,,,
1791257603.6971,O,,,,2.23785,0.9552,0.8045
1791257603.6988,O,,,,2.25506,0.9550,0.8047
1791257603.6996,O,,,,2.27094,0.9550,0.8047
1791257603.6738,R,B,,-73,,,
1791257603.6740,R,C,,-64,,,
1791257603.6742,R,A,,-75,,,
1791257603.7238,R,B,,-70,,,
1791257603.7242,R,C,,-62,,,
1791257603.7243,R,A,,-75,,,
1791257603.7829,O,,,,2.28815,0.9552,0.8045
1791257603.7844,O,,,,2.30404,0.9552,0.8045
1791257603.7856,O,,,,2.31860,0.9550,0.8047
1791257603.7868,O,,,,2.33580,0.9549,0.8049
1791257603.7720,R,C,,-66,,,
1791257603.7779,R,B,,-72,,,
1791257603.8531,O,,,,2.35169,0.9549,0.8049
1791257603.8542,O,,,,2.36889,0.9550,0.8047
1791257603.8550,O,,,,2.38478,0.9550,0.8047
1791257603.8558,O,,,,2.40331,0.9550,0.8047
1791257603.8286,R,B,,-71,,,
1791257603.8311,R,C,,-63,,,
1791257603.8313,R,A,,-77,,,
1791257603.9013,R,A,,-78,,,
1791257603.9021,R,C,,-61,,,
1791257603.9033,R,B,,-73,,,
1791257603.9326,O,,,,2.41919,0.9550,0.8047
1791257603.9335,O,,,,2.43640,0.9552,0.8045
1791257603.9343,O,,,,2.45361,0.9550,0.8047
1791257603.9351,O,,,,2.46817,0.9552,0.8045
1791257603.9490,R,B,,-70,,,
1791257603.9525,R,A,,-85,,,
1791257603.9528,R,C,,-57,,,
1791257604.0067,O,,,,2.48141,0.9552,0.8045
1791257604.0077,O,,,,2.49597,0.9555,0.8044
1791257604.0085,O,,,,2.50788,0.9557,0.8042
1791257604.0093,O,,,,2.51847,0.9557,0.8042
1791257603.9900,R,C,,-63,,,
1791257604.0127,R,A,,-95,,,
1791257604.0277,R,B,,-76,,,
1791257604.0415,R,C,,-62,,,
1791257604.0419,R,A,,-80,,,
1791257604.0430,R,B,,-76,,,
1791257604.0867,O,,,,2.52906,0.9557,0.8042
1791257604.0877,O,,,,2.53700,0.9557,0.8042
1791257604.0886,O,,,,2.54627,0.9559,0.8041
1791257604.0895,O,,,,2.55156,0.9559,0.8041
1791257604.1064,R,C,,-55,,,
1791257604.1113,R,B,,-67,,,
1791257604.1142,R,A,,-81,,,
1791257604.1565,O,,,,2.55818,0.9561,0.8039
1791257604.1574,O,,,,2.56347,0.9561,0.8039
1791257604.1583,O,,,,2.56612,0.9561,0.8039
1791257604.1253,R,B,,-67,,,
1791257604.1255,R,A,,-84,,,
1791257604.1571,R,C,,-60,,,
1791257604.1726,R,C,,-58,,,
1791257604.1727,R,B,,-70,,,
1791257604.1729,R,A,,-85,,,
1791257604.2149,R,B,,-71,,,
1791257604.2319,O,,,,2.57009,0.9563,0.8038
1791257604.2327,O,,,,2.57141,0.9566,0.8036
1791257604.2335,O,,,,2.57141,0.9566,0.8036
1791257604.2342,O,,,,2.57274,0.9568,0.8035
1791257604.2417,R,C,,-56,,,
1791257604.2630,R,B,,-65,,,
1791257604.3111,O,,,,2.57274,0.9568,0.8035
1791257604.3119,O,,,,2.57274,0.9568,0.8035
1791257604.3128,O,,,,2.57274,0.9568,0.8035
1791257604.3135,O,,,,2.57274,0.9568,0.8035
1791257604.2794,R,C,,-58,,,
1791257604.3113,R,A,,-76,,,
1791257604.3208,R,C,,-57,,,
1791257604.3210,R,B,,-69,,,
1791257604.3635,R,A,,-75,,,
1791257604.3919,O,,,,2.57274,0.9568,0.8035
1791257604.3934,O,,,,2.57274,0.9568,0.8035
1791257604.3946,O,,,,2.57274,0.9568,0.8035
1791257604.3958,O,,,,2.57274,0.9568,0.8035
1791257604.3784,R,B,,-70,,,
1791257604.4019,R,B,,-64,,,
1791257604.4036,R,A,,-78,,,
1791257604.4037,R,C,,-58,,,
1791257604.4665,O,,,,2.57274,0.9568,0.8035
1791257604.4674,O,,,,2.57274,0.9568,0.8035
1791257604.4683,O,,,,2.57274,0.9568,0.8035
1791257604.4691,O,,,,2.57274,0.9568,0.8035
1791257604.4481,R,C,,-58,,,
1791257604.4483,R,A,,-75,,,
1791257604.4486,R,B,,-69,,,
1791257604.4983,R,B,,-71,,,
1791257604.5050,R,A,,-73,,,
1791257604.5053,R,C,,-57,,,
1791257604.5463,O,,,,2.57274,0.9568,0.8035
1791257604.5473,O,,,,2.57274,0.9568,0.8035
1791257604.5482,O,,,,2.57274,0.9568,0.8035
1791257604.5490,O,,,,2.57274,0.9568,0.8035
1791257604.5565,R,C,,-57,,,
1791257604.5600,R,B,,-65,,,
1791257604.5627,R,A,,-75,,,
1791257604.5892,R,C,,-59,,,
1791257604.5942,R,A,,-73,,,
1791257604.5944,R,B,,-68,,,
1791257604.6263,O,,,,2.57274,0.9568,0.8035
1791257604.9561,O,,,,2.57274,0.9568,0.8035
1791257604.6563,R,C,,-57,,,
1791257604.6627,R,B,,-71,,,
1791257604.6629,R,A,,-75,,,
1791257604.9583,O,,,,2.57274,0.9568,0.8035
1791257604.6892,R,C,,-56,,,
1791257604.7001,R,B,,-65,,,
1791257604.7017,R,A,,-75,,,
1791257604.9617,O,,,,2.57274,0.9568,0.8035
1791257604.7365,R,C,,-60,,,
1791257604.7368,R,A,,-73,,,
1791257604.7379,R,B,,-68,,,
1791257604.9634,O,,,,2.57274,0.9568,0.8035
1791257604.7983,R,C,,-57,,,
1791257604.7995,R,B,,-70,,,
1791257604.7996,R,A,,-70,,,
1791257604.9646,O,,,,2.57274,0.9568,0.8035
1791257604.8285,R,C,,-55,,,
1791257604.8287,R,A,,-72,,,
1791257604.9657,O,,,,2.57274,0.9568,0.8035
1791257604.8739,R,C,,-60,,,
1791257604.8778,R,B,,-65,,,
1791257604.9131,R,A,,-71,,,
1791257604.9666,O,,,,2.57274,0.9568,0.8035
1791257604.9674,O,,,,2.57274,0.9568,0.8035
1791257604.9682,O,,,,2.57274,0.9568,0.8035
1791257604.9688,O,,,,2.57274,0.9568,0.8035
1791257604.9696,O,,,,2.57274,0.9568,0.8035
1791257604.9705,O,,,,2.57274,0.9568,0.8035
1791257604.9201,R,B,,-68,,,
1791257604.9290,R,C,,-57,,,
1791257604.9293,R,A,,-69,,,
1791257604.9714,O,,,,2.57274,0.9568,0.8035
1791257604.9722,O,,,,2.57274,0.9568,0.8035
1791257604.9729,O,,,,2.57274,0.9568,0.8035
1791257604.9737,O,,,,2.57274,0.9568,0.8035
1791257604.9745,O,,,,2.57274,0.9568,0.8035
1791257604.9764,O,,,,2.57274,0.9568,0.8035
1791257605.0068,O,,,,2.57274,0.9568,0.8035
1791257605.0079,O,,,,2.57274,0.9568,0.8035
1791257605.0087,O,,,,2.57274,0.9568,0.8035
1791257605.0095,O,,,,2.57274,0.9568,0.8035
1791257604.9778,R,B,,-69,,,
1791257604.9978,R,C,,-54,,,
1791257604.9981,R,A,,-71,,,
1791257605.0136,R,B,,-66,,,
1791257605.0210,R,C,,-62,,,
1791257605.0622,R,A,,-69,,,
1791257605.0624,R,B,,-67,,,
1791257605.0821,O,,,,2.57274,0.9568,0.8035
1791257605.0829,O,,,,2.57274,0.9568,0.8035
1791257605.0836,O,,,,2.57274,0.9568,0.8035
1791257605.0844,O,,,,2.57936,0.9566,0.8036
1791257605.0882,R,C,,-57,,,
1791257605.1094,R,A,,-67,,,
1791257605.1517,O,,,,2.58862,0.9568,0.8035
1791257605.1527,O,,,,2.60054,0.9570,0.8033
1791257605.1536,O,,,,2.61377,0.9575,0.8031
1791257605.1232,R,C,,-56,,,
1791257605.1233,R,B,,-64,,,
1791257605.1517,R,B,,-68,,,
1791257605.1528,R,C,,-57,,,
1791257605.1548,R,A,,-68,,,
1791257605.2068,R,C,,-63,,,
1791257605.2137,R,A,,-67,,,
1791257605.2138,R,B,,-68,,,
1791257605.2314,O,,,,2.63098,0.9577,0.8029
1791257605.2325,O,,,,2.64686,0.9582,0.8027
1791257605.2333,O,,,,2.66275,0.9582,0.8027
1791257605.2341,O,,,,2.67863,0.9586,0.8024
1791257605.2360,R,B,,-63,,,
1791257605.2365,R,A,,-64,,,
1791257605.2572,R,C,,-62,,,
1791257605.3110,O,,,,2.69451,0.9586,0.8024
1791257605.3120,O,,,,2.71172,0.9589,0.8023
1791257605.3129,O,,,,2.72761,0.9594,0.8021
1791257605.3137,O,,,,2.74349,0.9594,0.8021
1791257605.3072,R,C,,-60,,,
1791257605.3129,R,A,,-62,,,
1791257605.3208,R,B,,-67,,,
1791257605.3213,R,C,,-62,,,
1791257605.3407,R,A,,-63,,,
1791257605.3688,R,B,,-64,,,
1791257605.3860,O,,,,2.76070,0.9596,0.8020
1791257605.3870,O,,,,2.77658,0.9596,0.8020
1791257605.3879,O,,,,2.79247,0.9596,0.8020
1791257605.3887,O,,,,2.81100,0.9596,0.8020
1791257605.3962,R,C,,-64,,,
1791257605.4111,R,A,,-60,,,
1791257605.4138,R,A,,-59,,,
1791257605.4662,O,,,,2.82688,0.9596,0.8020
1791257605.4672,O,,,,2.84276,0.9596,0.8020
1791257605.4689,O,,,,2.85997,0.9593,0.8021
1791257605.4697,O,,,,2.87718,0.9596,0.8020
1791257605.4279,R,B,,-65,,,
1791257605.4453,R,C,,-59,,,
1791257605.4583,R,A,,-56,,,
1791257605.4784,R,B,,-70,,,
1791257605.4961,R,C,,-62,,,
1791257605.4963,R,A,,-61,,,
1791257605.5419,O,,,,2.89306,0.9596,0.8020
1791257605.5439,O,,,,2.90895,0.9596,0.8020
1791257605.5447,O,,,,2.92748,0.9596,0.8020
1791257605.5455,O,,,,2.94336,0.9596,0.8020
1791257605.5473,R,B,,-68,,,
1791257605.5526,R,C,,-61,,,
1791257605.5528,R,A,,-61,,,
1791257605.6071,R,C,,-62,,,
1791257605.6137,R,A,,-60,,,
1791257605.6215,O,,,,2.95925,0.9596,0.8020
1791257605.6227,O,,,,2.97513,0.9596,0.8020
1791257605.6235,O,,,,2.99101,0.9596,0.8020
1791257605.6244,O,,,,3.00822,0.9599,0.8020
1791257605.6287,R,B,,-90,,,
1791257605.6363,R,C,,-68,,,
1791257605.6367,R,A,,-66,,,
1791257605.6991,O,,,,3.02411,0.9599,0.8020
1791257605.7002,O,,,,3.04131,0.9596,0.8020
1791257605.7010,O,,,,3.05852,0.9599,0.8020
1791257605.6707,R,B,,-69,,,
1791257605.6709,R,C,,-68,,,
1791257605.7131,R,A,,-61,,,
1791257605.7286,R,B,,-71,,,
1791257605.7564,R,C,,-55,,,
1791257605.7635,R,A,,-57,,,
1791257605.7660,R,C,,-62,,,
1791257605.7662,R,B,,-78,,,
1791257605.7766,O,,,,3.07573,0.9596,0.8020
1791257605.7774,O,,,,3.09161,0.9596,0.8020
1791257605.7783,O,,,,3.10882,0.9599,0.8020
1791257605.7791,O,,,,3.12603,0.9596,0.8020
1791257605.8112,R,A,,-67,,,
1791257605.8471,O,,,,-3.14127,0.9596,0.8020
1791257605.8481,O,,,,-3.12407,0.9599,0.8020
1791257605.8489,O,,,,-3.10818,0.9599,0.8020
1791257605.8499,O,,,,-3.09098,0.9601,0.8020
1791257605.8288,R,B,,-75,,,
1791257605.8549,R,C,,-59,,,
1791257605.8582,R,C,,-64,,,
1791257605.8642,R,A,,-65,,,
1791257605.8734,R,B,,-78,,,
1791257605.8979,R,B,,-68,,,
1791257605.8989,R,C,,-56,,,
1791257605.9135,R,A,,-62,,,
1791257605.9271,O,,,,-3.07377,0.9599,0.8020
1791257605.9281,O,,,,-3.05788,0.9599,0.8020
1791257605.9289,O,,,,-3.04068,0.9596,0.8020
1791257605.9296,O,,,,-3.02479,0.9596,0.8020
1791257605.9452,R,C,,-68,,,
1791257605.9455,R,A,,-60,,,
1791257606.0018,O,,,,-3.00758,0.9599,0.8020
1791257606.0028,O,,,,-2.99170,0.9599,0.8020
1791257606.0036,O,,,,-2.97317,0.9599,0.8020
1791257606.0043,O,,,,-2.95729,0.9599,0.8020
1791257605.9852,R,A,,-62,,,
1791257606.0065,R,C,,-65,,,
1791257606.0078,R,B,,-65,,,
1791257606.0401,R,B,,-69,,,
1791257606.0416,R,C,,-55,,,
1791257606.0635,R,A,,-71,,,
1791257606.0817,O,,,,-2.94140,0.9599,0.8020
1791257606.0828,O,,,,-2.92287,0.9599,0.8020
1791257606.0836,O,,,,-2.90699,0.9599,0.8020
1791257606.0844,O,,,,-2.88978,0.9601,0.8021
1791257606.0740,R,B,,-71,,,
1791257606.0808,R,C,,-62,,,
1791257606.0825,R,A,,-65,,,
1791257606.1166,R,C,,-63,,,
1791257606.1521,O,,,,-2.87257,0.9599,0.8020
1791257606.1531,O,,,,-2.85669,0.9599,0.8020
1791257606.1540,O,,,,-2.83948,0.9601,0.8021
1791257606.1236,R,B,,-77,,,
1791257606.1238,R,A,,-65,,,
1791257606.1599,R,A,,-67,,,
1791257606.1784,R,B,,-65,,,
1791257606.1873,R,C,,-56,,,
1791257606.2038,R,B,,-73,,,
1791257606.2053,R,A,,-66,,,
1791257606.2075,R,C,,-55,,,
1791257606.2268,O,,,,-2.82360,0.9601,0.8021
1791257606.2279,O,,,,-2.80639,0.9599,0.8020
1791257606.2287,O,,,,-2.79051,0.9599,0.8020
1791257606.2295,O,,,,-2.77330,0.9601,0.8021
1791257606.2573,R,C,,-68,,,
1791257606.2634,R,A,,-66,,,
1791257606.3066,O,,,,-2.75741,0.9601,0.8021
1791257606.3075,O,,,,-2.74021,0.9599,0.8020
1791257606.3084,O,,,,-2.72432,0.9599,0.8020
1791257606.3094,O,,,,-2.70711,0.9601,0.8021
1791257606.2781,R,B,,-74,,,
1791257606.2953,R,A,,-67,,,
1791257606.2959,R,B,,-67,,,
1791257606.3073,R,C,,-65,,,
1791257606.3429,R,A,,-66,,,
1791257606.3530,R,B,,-70,,,
1791257606.3545,R,C,,-59,,,
1791257606.3876,O,,,,-2.69123,0.9601,0.8021
1791257606.3886,O,,,,-2.67402,0.9599,0.8020
1791257606.3895,O,,,,-2.65814,0.9599,0.8020
1791257606.3903,O,,,,-2.64093,0.9601,0.8021
1791257606.3882,R,C,,-61,,,
1791257606.3947,R,B,,-79,,,
1791257606.3949,R,A,,-63,,,
1791257606.4617,O,,,,-2.62372,0.9599,0.8020
1791257606.4628,O,,,,-2.60784,0.9599,0.8020
1791257606.4636,O,,,,-2.59196,0.9599,0.8020
1791257606.4644,O,,,,-2.57475,0.9601,0.8021
1791257606.4568,R,C,,-62,,,
1791257606.4632,R,A,,-61,,,
1791257606.4757,R,B,,-81,,,
1791257606.4788,R,B,,-73,,,
1791257606.4791,R,C,,-57,,,
1791257606.4793,R,A,,-61,,,
1791257606.5418,O,,,,-2.55754,0.9599,0.8020
1791257606.5428,O,,,,-2.54166,0.9599,0.8020
1791257606.5436,O,,,,-2.52445,0.9597,0.8018
1791257606.5443,O,,,,-2.50724,0.9599,0.8020
1791257606.5283,R,B,,-69,,,
1791257606.5300,R,C,,-61,,,
1791257606.5635,R,A,,-60,,,
1791257606.6171,O,,,,-2.49136,0.9599,0.8020
1791257606.6184,O,,,,-2.47547,0.9599,0.8020
1791257606.6197,O,,,,-2.45694,0.9599,0.8020
1791257606.6210,O,,,,-2.44106,0.9599,0.8020
1791257606.5788,R,B,,-69,,,
1791257606.5867,R,C,,-57,,,
1791257606.6289,R,B,,-64,,,
1791257606.6340,R,C,,-62,,,
1791257606.6554,R,B,,-64,,,
1791257606.6583,R,A,,-56,,,
1791257606.6869,O,,,,-2.42518,0.9599,0.8020
1791257606.6879,O,,,,-2.40664,0.9599,0.8020
1791257606.6886,O,,,,-2.39076,0.9599,0.8020
1791257606.7066,R,C,,-71,,,
1791257606.7113,R,A,,-62,,,
1791257606.7162,R,B,,-71,,,
1791257606.7663,O,,,,-2.37488,0.9599,0.8020
1791257606.7673,O,,,,-2.35635,0.9599,0.8020
1791257606.7682,O,,,,-2.34046,0.9599,0.8020
1791257606.7689,O,,,,-2.32325,0.9597,0.8018
1791257606.7501,R,C,,-74,,,
1791257606.7503,R,B,,-72,,,
1791257606.7580,R,A,,-61,,,
1791257606.7944,R,C,,-68,,,
1791257606.7946,R,A,,-58,,,
1791257606.7989,R,B,,-72,,,
1791257606.8430,O,,,,-2.30737,0.9597,0.8018
1791257606.8449,O,,,,-2.29149,0.9597,0.8018
1791257606.8457,O,,,,-2.27428,0.9599,0.8020
1791257606.8466,O,,,,-2.25707,0.9597,0.8018
1791257606.8375,R,C,,-70,,,
1791257606.8412,R,A,,-63,,,
1791257606.8413,R,B,,-66,,,
1791257606.9214,O,,,,-2.24119,0.9597,0.8018
1791257606.8796,R,C,,-67,,,
1791257606.8940,R,A,,-62,,,
1791257606.9227,O,,,,-2.22398,0.9599,0.8020
1791257606.9235,O,,,,-2.20677,0.9597,0.8018
1791257606.9243,O,,,,-2.19089,0.9597,0.8018
1791257606.9281,R,A,,-64,,,
1791257606.9284,R,C,,-63,,,
1791257606.9285,R,B,,-63,,,
1791257607.0085,O,,,,-2.17368,0.9598,0.8020
1791257607.0096,O,,,,-2.15780,0.9598,0.8020
1791257607.0104,O,,,,-2.14059,0.9597,0.8018
1791257607.0112,O,,,,-2.12338,0.9598,0.8020
1791257606.9719,R,C,,-76,,,
1791257606.9786,R,B,,-63,,,
1791257607.0107,R,A,,-64,,,
1791257607.0136,R,A,,-67,,,
1791257607.0255,R,B,,-60,,,
1791257607.0305,R,C,,-66,,,
1791257607.0637,R,A,,-66,,,
1791257607.0811,O,,,,-2.10750,0.9598,0.8020
1791257607.0822,O,,,,-2.09029,0.9597,0.8018
1791257607.0831,O,,,,-2.07308,0.9598,0.8020
1791257607.0838,O,,,,-2.05587,0.9597,0.8018
1791257607.1082,R,A,,-75,,,
1791257607.1545,O,,,,-2.03999,0.9597,0.8018
1791257607.1554,O,,,,-2.02278,0.9598,0.8020
1791257607.1561,O,,,,-2.00690,0.9598,0.8020
1791257607.1286,R,B,,-62,,,
1791257607.1551,R,B,,-57,,,
1791257607.1567,R,C,,-68,,,
1791257607.1634,R,A,,-72,,,
1791257607.2000,R,C,,-64,,,
1791257607.2003,R,B,,-55,,,
1791257607.2144,R,A,,-68,,,
1791257607.2287,O,,,,-1.99102,0.9598,0.8020
1791257607.2297,O,,,,-1.97381,0.9599,0.8022
1791257607.2308,O,,,,-1.95660,0.9598,0.8020
1791257607.2317,O,,,,-1.94072,0.9598,0.8020
1791257607.2575,R,C,,-62,,,
1791257607.2637,R,A,,-68,,,
1791257607.3015,O,,,,-1.92483,0.9598,0.8020
1791257607.3026,O,,,,-1.90630,0.9598,0.8020
1791257607.3035,O,,,,-1.89042,0.9598,0.8020
1791257607.3043,O,,,,-1.87453,0.9598,0.8020
1791257607.2772,R,B,,-60,,,
1791257607.3072,R,C,,-68,,,
1791257607.3090,R,A,,-70,,,
1791257607.3102,R,B,,-57,,,
1791257607.3332,R,C,,-63,,,
1791257607.3375,R,A,,-64,,,
1791257607.3378,R,B,,-53,,,
1791257607.3817,O,,,,-1.85600,0.9598,0.8020
1791257607.3828,O,,,,-1.84012,0.9598,0.8020
1791257607.3836,O,,,,-1.82423,0.9598,0.8020
1791257607.3844,O,,,,-1.80703,0.9599,0.8023
1791257607.3790,R,B,,-55,,,
1791257607.4067,R,C,,-58,,,
1791257607.4127,R,A,,-65,,,
1791257607.4621,O,,,,-1.78982,0.9598,0.8020
1791257607.4631,O,,,,-1.77394,0.9598,0.8020
1791257607.4640,O,,,,-1.75805,0.9598,0.8020
1791257607.4648,O,,,,-1.73952,0.9598,0.8020
1791257607.4203,R,C,,-63,,,
1791257607.4204,R,B,,-60,,,
1791257607.4363,R,A,,-67,,,
1791257607.4635,R,A,,-67,,,
1791257607.4785,R,B,,-60,,,
1791257607.5068,R,C,,-61,,,
1791257607.5138,R,A,,-63,,,
1791257607.5369,O,,,,-1.72364,0.9598,0.8020
1791257607.5379,O,,,,-1.70643,0.9599,0.8023
1791257607.5386,O,,,,-1.68922,0.9599,0.8025
1791257607.5394,O,,,,-1.67201,0.9599,0.8023
1791257607.5288,R,B,,-54,,,
1791257607.5539,R,C,,-61,,,
1791257607.5575,R,B,,-61,,,
1791257607.6167,O,,,,-1.65613,0.9599,0.8023
1791257607.6178,O,,,,-1.64025,0.9599,0.8023
1791257607.6187,O,,,,-1.62304,0.9599,0.8020
1791257607.6195,O,,,,-1.60583,0.9599,0.8023
1791257607.5988,R,C,,-74,,,
1791257607.5991,R,A,,-63,,,
1791257607.6286,R,B,,-59,,,
1791257607.6572,R,C,,-67,,,
1791257607.6604,R,B,,-51,,,
1791257607.6605,R,A,,-60,,,
1791257607.6867,O,,,,-1.58995,0.9599,0.8023
1791257607.6878,O,,,,-1.57406,0.9599,0.8023
1791257607.6886,O,,,,-1.55553,0.9599,0.8023
1791257607.6958,R,B,,-64,,,
1791257607.6979,R,C,,-67,,,
1791257607.7133,R,A,,-63,,,
1791257607.7618,O,,,,-1.53965,0.9599,0.8023
1791257607.7632,O,,,,-1.52376,0.9599,0.8023
1791257607.7645,O,,,,-1.50523,0.9599,0.8023
1791257607.7656,O,,,,-1.48935,0.9599,0.8023
1791257607.7575,R,C,,-77,,,
1791257607.7593,R,B,,-60,,,
1791257607.7603,R,A,,-61,,,
1791257607.7830,R,C,,-76,,,
1791257607.7831,R,A,,-61,,,
1791257607.7971,R,B,,-58,,,
1791257607.8423,O,,,,-1.47347,0.9599,0.8023
1791257607.8434,O,,,,-1.45626,0.9599,0.8020
1791257607.8441,O,,,,-1.43905,0.9599,0.8023
1791257607.8448,O,,,,-1.42317,0.9599,0.8023
1791257607.8287,R,B,,-60,,,
1791257607.8555,R,C,,-70,,,
1791257607.8559,R,A,,-61,,,
1791257607.8761,R,A,,-62,,,
1791257607.8764,R,B,,-62,,,
1791257607.9068,R,C,,-72,,,
1791257607.9214,O,,,,-1.40596,0.9599,0.8020
1791257607.9223,O,,,,-1.39008,0.9599,0.8020
1791257607.9233,O,,,,-1.37287,0.9599,0.8023
1791257607.9248,O,,,,-1.35566,0.9599,0.8020
1791257607.9252,R,B,,-61,,,
1791257607.9255,R,C,,-71,,,
1791257607.9256,R,A,,-61,,,
1791257607.9982,O,,,,-1.33978,0.9599,0.8020
1791257607.9992,O,,,,-1.32389,0.9599,0.8020
1791257608.0000,O,,,,-1.30668,0.9599,0.8023
1791257608.0008,O,,,,-1.28948,0.9599,0.8020
1791257607.9724,R,B,,-61,,,
1791257607.9726,R,C,,-70,,,
1791257607.9840,R,A,,-59,,,
1791257608.0131,R,B,,-65,,,
1791257608.0347,R,C,,-72,,,
1791257608.0602,R,A,,-62,,,
1791257608.0605,R,B,,-62,,,
1791257608.0834,O,,,,-1.27359,0.9599,0.8020
1791257608.0844,O,,,,-1.25639,0.9598,0.8023
1791257608.0853,O,,,,-1.23918,0.9599,0.8020
1791257608.0862,O,,,,-1.22329,0.9599,0.8020
1791257608.0744,R,C,,-68,,,
1791257608.1074,R,A,,-61,,,
1791257608.1076,R,C,,-69,,,
1791257608.1079,R,B,,-58,,,
1791257608.1550,O,,,,-1.20609,0.9598,0.8023
1791257608.1561,O,,,,-1.18756,0.9598,0.8023
1791257608.1568,O,,,,-1.17167,0.9598,0.8023
1791257608.1534,R,B,,-64,,,
1791257608.1564,R,C,,-83,,,
1791257608.1639,R,A,,-59,,,
1791257608.2074,R,C,,-70,,,
1791257608.2139,R,A,,-63,,,
1791257608.2286,O,,,,-1.15446,0.9597,0.8025
1791257608.2297,O,,,,-1.13858,0.9597,0.8025
1791257608.2305,O,,,,-1.12137,0.9598,0.8023
1791257608.2312,O,,,,-1.10549,0.9598,0.8023
1791257608.2515,R,B,,-56,,,
1791257608.2516,R,A,,-62,,,
1791257608.3025,O,,,,-1.08960,0.9598,0.8023
1791257608.3037,O,,,,-1.07107,0.9598,0.8023
1791257608.3048,O,,,,-1.05519,0.9598,0.8023
1791257608.3057,O,,,,-1.03931,0.9598,0.8023
1791257608.2892,R,C,,-71,,,
1791257608.2897,R,A,,-61,,,
1791257608.2989,R,B,,-62,,,
1791257608.3568,R,C,,-71,,,
1791257608.3634,R,A,,-66,,,
1791257608.3816,O,,,,-1.02210,0.9600,0.8020
1791257608.3829,O,,,,-1.00621,0.9600,0.8020
1791257608.3838,O,,,,-0.98901,0.9598,0.8023
1791257608.3847,O,,,,-0.97180,0.9600,0.8020
1791257608.3790,R,B,,-52,,,
1791257608.3876,R,C,,-62,,,
1791257608.3954,R,A,,-63,,,
1791257608.3965,R,B,,-56,,,
1791257608.4565,O,,,,-0.95592,0.9600,0.8020
1791257608.4575,O,,,,-0.93871,0.9598,0.8022
1791257608.4583,O,,,,-0.92282,0.9598,0.8022
1791257608.4592,O,,,,-0.90562,0.9597,0.8025
1791257608.4259,R,B,,-57,,,
1791257608.4568,R,C,,-90,,,
1791257608.4643,R,A,,-62,,,
1791257608.4787,R,B,,-56,,,
1791257608.4947,R,C,,-76,,,
1791257608.5143,R,A,,-68,,,
1791257608.5366,O,,,,-0.88973,0.9597,0.8025
1791257608.5378,O,,,,-0.87385,0.9597,0.8025
1791257608.5387,O,,,,-0.85664,0.9598,0.8023
1791257608.5395,O,,,,-0.83943,0.9597,0.8025
1791257608.5228,R,C,,-80,,,
1791257608.5229,R,B,,-59,,,
1791257608.5318,R,A,,-66,,,
1791257608.6111,O,,,,-0.82355,0.9597,0.8025
1791257608.6120,O,,,,-0.80634,0.9598,0.8023
1791257608.6129,O,,,,-0.78913,0.9597,0.8024
1791257608.6137,O,,,,-0.77193,0.9598,0.8023
1791257608.5794,R,B,,-58,,,
1791257608.6073,R,B,,-64,,,
1791257608.6076,R,C,,-68,,,
1791257608.6137,R,A,,-63,,,
1791257608.6566,R,B,,-58,,,
1791257608.6575,R,C,,-68,,,
1791257608.6638,R,A,,-78,,,
1791257608.6833,O,,,,-0.75604,0.9598,0.8023
1791257608.6842,O,,,,-0.73884,0.9597,0.8024
1791257608.6850,O,,,,-0.72163,0.9599,0.8023
1791257608.7049,R,A,,-70,,,
1791257608.7051,R,C,,-61,,,
1791257608.7623,O,,,,-0.70574,0.9599,0.8023
1791257608.7634,O,,,,-0.68854,0.9601,0.8021
1791257608.7643,O,,,,-0.67133,0.9598,0.8023
1791257608.7651,O,,,,-0.65545,0.9598,0.8023
1791257608.7284,R,B,,-62,,,
1791257608.7504,R,A,,-67,,,
1791257608.7506,R,C,,-63,,,
1791257608.7587,R,B,,-64,,,
1791257608.7961,R,C,,-64,,,
1791257608.7963,R,A,,-71,,,
1791257608.7967,R,B,,-62,,,
1791257608.8365,O,,,,-0.63956,0.9598,0.8023
1791257608.8374,O,,,,-0.62103,0.9598,0.8023
1791257608.8382,O,,,,-0.60515,0.9598,0.8023
1791257608.8390,O,,,,-0.58926,0.9598,0.8023
1791257608.8339,R,C,,-67,,,
1791257608.8343,R,A,,-97,,,
1791257608.8344,R,B,,-60,,,
1791257608.9168,O,,,,-0.57205,0.9596,0.8024
1791257608.9178,O,,,,-0.55485,0.9599,0.8023
1791257608.9186,O,,,,-0.53896,0.9599,0.8023
1791257608.9194,O,,,,-0.52176,0.9601,0.8021
1791257608.8802,R,A,,-79,,,
1791257608.8804,R,C,,-67,,,
1791257608.9202,R,C,,-69,,,
1791257608.9206,R,B,,-65,,,
1791257608.9359,R,A,,-67,,,
1791257608.9616,R,A,,-66,,,
1791257608.9970,O,,,,-0.50455,0.9598,0.8023
1791257608.9981,O,,,,-0.48866,0.9598,0.8023
1791257608.9989,O,,,,-0.47278,0.9598,0.8023
1791257608.9996,O,,,,-0.45425,0.9598,0.8023
1791257608.9783,R,B,,-62,,,
1791257609.0070,R,C,,-71,,,
1791257609.0139,R,A,,-70,,,
1791257609.0208,R,B,,-69,,,
1791257609.0462,R,C,,-72,,,
1791257609.0496,R,B,,-63,,,
1791257609.0518,R,A,,-74,,,
1791257609.0575,R,C,,-69,,,
1791257609.0717,O,,,,-0.43837,0.9598,0.8023
1791257609.0726,O,,,,-0.42248,0.9598,0.8023
1791257609.0735,O,,,,-0.40395,0.9598,0.8023
1791257609.0743,O,,,,-0.38807,0.9598,0.8023
1791257609.1055,R,A,,-66,,,
1791257609.1076,R,C,,-72,,,
1791257609.1134,R,B,,-66,,,
1791257609.1415,O,,,,-0.37218,0.9598,0.8023
1791257609.1424,O,,,,-0.35365,0.9598,0.8023
1791257609.1432,O,,,,-0.33777,0.9598,0.8023
1791257609.1387,R,C,,-63,,,
1791257609.1488,R,A,,-71,,,
1791257609.1489,R,B,,-63,,,
1791257609.1910,R,B,,-65,,,
1791257609.1934,R,C,,-64,,,
1791257609.2139,R,A,,-80,,,
1791257609.2214,O,,,,-0.32056,0.9596,0.8023
1791257609.2222,O,,,,-0.30468,0.9596,0.8023
1791257609.2232,O,,,,-0.28747,0.9599,0.8023
1791257609.2241,O,,,,-0.27158,0.9599,0.8023
1791257609.2346,R,B,,-61,,,
1791257609.2388,R,C,,-68,,,
1791257609.2413,R,A,,-71,,,
1791257609.2968,O,,,,-0.25438,0.9596,0.8023
1791257609.2978,O,,,,-0.23849,0.9596,0.8023
1791257609.2990,O,,,,-0.22129,0.9599,0.8023
1791257609.2998,O,,,,-0.20540,0.9599,0.8023
1791257609.2785,R,B,,-58,,,
1791257609.3069,R,C,,-72,,,
1791257609.3137,R,A,,-73,,,
1791257609.3280,R,B,,-61,,,
1791257609.3482,R,C,,-64,,,
1791257609.3545,R,A,,-71,,,
1791257609.3637,R,B,,-63,,,
1791257609.3771,O,,,,-0.18952,0.9599,0.8023
1791257609.3779,O,,,,-0.17099,0.9599,0.8023
1791257609.3787,O,,,,-0.15510,0.9599,0.8023
1791257609.3795,O,,,,-0.13789,0.9601,0.8022
1791257609.3752,R,C,,-84,,,
1791257609.4098,R,A,,-75,,,
1791257609.4648,O,,,,-0.12201,0.9601,0.8022
1791257609.4659,O,,,,-0.10613,0.9601,0.8022
1791257609.4669,O,,,,-0.08892,0.9599,0.8023
1791257609.4676,O,,,,-0.07171,0.9601,0.8022
1791257609.4286,R,B,,-57,,,
1791257609.4588,R,B,,-56,,,
1791257609.4635,R,A,,-77,,,
1791257609.5012,R,C,,-72,,,
1791257609.5014,R,A,,-68,,,
1791257609.5017,R,B,,-60,,,
1791257609.5316,O,,,,-0.05583,0.9601,0.8022
1791257609.5331,O,,,,-0.03862,0.9599,0.8023
1791257609.5352,O,,,,-0.02141,0.9601,0.8023
1791257609.5364,O,,,,-0.00553,0.9601,0.8023
1791257609.5537,R,A,,-70,,,
1791257609.5540,R,C,,-64,,,
1791257609.5541,R,B,,-56,,,
1791257609.6094,O,,,,0.01168,0.9599,0.8022
1791257609.6106,O,,,,0.02756,0.9599,0.8022
1791257609.6117,O,,,,0.04477,0.9601,0.8023
1791257609.5944,R,A,,-75,,,
1791257609.5947,R,B,,-56,,,
1791257609.5948,R,C,,-65,,,
1791257609.6419,R,B,,-58,,,
1791257609.6439,R,A,,-73,,,
1791257609.6558,R,C,,-65,,,
1791257609.6830,O,,,,0.06065,0.9601,0.8023
1791257609.6840,O,,,,0.07786,0.9599,0.8022
1791257609.6848,O,,,,0.09507,0.9601,0.8023
1791257609.6859,O,,,,0.11228,0.9599,0.8022
1791257609.6923,R,C,,-68,,,
1791257609.7058,R,A,,-66,,,
1791257609.7064,R,B,,-55,,,
1791257609.7587,O,,,,0.12816,0.9599,0.8022
1791257609.7596,O,,,,0.14404,0.9599,0.8022
1791257609.7604,O,,,,0.15993,0.9599,0.8022
1791257609.7612,O,,,,0.17714,0.9596,0.8022
1791257609.7576,R,C,,-64,,,
1791257609.7639,R,A,,-70,,,
1791257609.7684,R,B,,-50,,,
1791257609.8079,R,C,,-61,,,
1791257609.8144,R,A,,-80,,,
1791257609.8379,O,,,,0.19434,0.9599,0.8022
1791257609.8388,O,,,,0.21023,0.9599,0.8022
1791257609.8396,O,,,,0.22743,0.9601,0.8023
1791257609.8405,O,,,,0.24464,0.9599,0.8022
1791257609.8287,R,B,,-56,,,
1791257609.8310,R,C,,-65,,,
1791257609.8313,R,A,,-70,,,
1791257609.9167,O,,,,0.26185,0.9601,0.8023
1791257609.9178,O,,,,0.27773,0.9601,0.8023
1791257609.9187,O,,,,0.29494,0.9599,0.8022
1791257609.9195,O,,,,0.31082,0.9599,0.8022
1791257609.8709,R,B,,-49,,,
1791257609.8743,R,C,,-67,,,
1791257609.8784,R,B,,-53,,,
1791257609.9187,R,C,,-63,,,
1791257609.9279,R,B,,-52,,,
1791257609.9504,R,A,,-73,,,
1791257609.9585,R,B,,-57,,,
1791257609.9640,R,A,,-71,,,
1791257609.9924,O,,,,0.32803,0.9601,0.8023
1791257609.9935,O,,,,0.34524,0.9599,0.8022
1791257609.9943,O,,,,0.36112,0.9599,0.8022
1791257609.9950,O,,,,0.37833,0.9601,0.8023
1791257610.0063,R,A,,-70,,,
1791257610.0067,R,B,,-54,,,
1791257610.0070,R,C,,-62,,,
1791257610.0578,R,C,,-61,,,
1791257610.0583,R,A,,-68,,,
1791257610.0588,R,B,,-60,,,
1791257610.0711,O,,,,0.39554,0.9599,0.8022
1791257610.0719,O,,,,0.41142,0.9599,0.8022
1791257610.0727,O,,,,0.42863,0.9601,0.8023
1791257610.0735,O,,,,0.44451,0.9601,0.8023
1791257610.1076,R,C,,-63,,,
1791257610.1148,R,A,,-73,,,
1791257610.1413,O,,,,0.46172,0.9599,0.8022
1791257610.1423,O,,,,0.47893,0.9601,0.8023
1791257610.1431,O,,,,0.49481,0.9601,0.8023
1791257610.1294,R,B,,-61,,,
1791257610.1583,R,C,,-64,,,
1791257610.1646,R,A,,-69,,,
1791257610.2169,O,,,,0.51202,0.9599,0.8022
1791257610.2179,O,,,,0.52923,0.9601,0.8023
1791257610.2187,O,,,,0.54511,0.9601,0.8023
1791257610.2195,O,,,,0.56100,0.9601,0.8023
1791257610.1752,R,B,,-56,,,
1791257610.1978,R,C,,-59,,,
1791257610.1997,R,A,,-68,,,
1791257610.2068,R,B,,-61,,,
1791257610.2570,R,C,,-51,,,
1791257610.2587,R,B,,-63,,,
1791257610.2593,R,A,,-68,,,
1791257610.2968,O,,,,0.57820,0.9599,0.8022
1791257610.2981,O,,,,0.59541,0.9601,0.8023
1791257610.2989,O,,,,0.61130,0.9601,0.8023
1791257610.2997,O,,,,0.62850,0.9599,0.8022
1791257610.2852,R,C,,-57,,,
1791257610.2860,R,A,,-71,,,
1791257610.3054,R,B,,-60,,,
1791257610.3288,R,B,,-62,,,
1791257610.3289,R,C,,-54,,,
1791257610.3644,R,A,,-67,,,
1791257610.3765,O,,,,0.64439,0.9599,0.8022
1791257610.3776,O,,,,0.66159,0.9601,0.8023
1791257610.3784,O,,,,0.67880,0.9599,0.8022
1791257610.3792,O,,,,0.69469,0.9599,0.8022
1791257610.3792,R,B,,-74,,,
1791257610.3826,R,C,,-52,,,
1791257610.4142,R,A,,-64,,,
1791257610.4146,R,C,,-55,,,
1791257610.4147,R,B,,-67,,,
1791257610.4519,O,,,,0.71057,0.9599,0.8022
1791257610.4532,O,,,,0.72778,0.9601,0.8024
1791257610.4540,O,,,,0.74498,0.9599,0.8022
1791257610.4548,O,,,,0.76087,0.9599,0.8022
1791257610.4575,R,C,,-55,,,
1791257610.4579,R,B,,-64,,,
1791257610.4636,R,A,,-69,,,
1791257610.5064,R,B,,-62,,,
1791257610.5077,R,C,,-54,,,
1791257610.5146,R,A,,-67,,,
1791257610.5325,O,,,,0.77675,0.9599,0.8022
1791257610.5334,O,,,,0.79528,0.9599,0.8022
1791257610.5349,O,,,,0.81117,0.9599,0.8022
1791257610.5357,O,,,,0.82705,0.9599,0.8022
1791257610.5518,R,B,,-64,,,
1791257610.5536,R,C,,-52,,,
1791257610.5645,R,A,,-69,,,
1791257610.6022,O,,,,0.84558,0.9599,0.8022
1791257610.6039,O,,,,0.86147,0.9599,0.8022
1791257610.6047,O,,,,0.87735,0.9599,0.8022
1791257610.5989,R,C,,-56,,,
1791257610.6003,R,B,,-61,,,
1791257610.6139,R,A,,-70,,,
1791257610.6571,R,C,,-53,,,
1791257610.6641,R,A,,-67,,,
1791257610.6842,O,,,,0.89456,0.9601,0.8024
1791257610.6856,O,,,,0.91177,0.9599,0.8022
1791257610.6868,O,,,,0.92765,0.9599,0.8022
1791257610.6880,O,,,,0.94353,0.9599,0.8022
1791257610.6712,R,B,,-64,,,
1791257610.6863,R,C,,-51,,,
1791257610.6865,R,A,,-66,,,
1791257610.6891,R,B,,-66,,,
1791257610.7567,O,,,,0.96206,0.9599,0.8022
1791257610.7578,O,,,,0.97795,0.9599,0.8022
1791257610.7586,O,,,,0.99383,0.9599,0.8022
1791257610.7593,O,,,,1.01236,0.9599,0.8022
1791257610.7291,R,B,,-64,,,
1791257610.7296,R,C,,-54,,,
1791257610.7299,R,A,,-67,,,
1791257610.7790,R,B,,-62,,,
1791257610.7884,R,C,,-54,,,
1791257610.7888,R,A,,-67,,,
1791257610.8149,R,A,,-68,,,
1791257610.8319,O,,,,1.02825,0.9599,0.8022
1791257610.8329,O,,,,1.04413,0.9599,0.8022
1791257610.8337,O,,,,1.06266,0.9599,0.8022
1791257610.8345,O,,,,1.07855,0.9599,0.8022
1791257610.8292,R,B,,-59,,,
1791257610.8382,R,C,,-51,,,
1791257610.8610,R,B,,-61,,,
1791257610.8625,R,A,,-71,,,
1791257610.8629,R,C,,-57,,,
1791257610.9112,O,,,,1.09443,0.9599,0.8022
1791257610.9125,O,,,,1.11296,0.9599,0.8022
1791257610.9137,O,,,,1.12885,0.9599,0.8022
1791257610.9149,O,,,,1.14473,0.9599,0.8022
1791257610.9103,R,A,,-74,,,
1791257610.9575,R,C,,-55,,,
1791257610.9636,R,A,,-74,,,
1791257610.9922,O,,,,1.16194,0.9598,0.8019
1791257610.9932,O,,,,1.17914,0.9599,0.8022
1791257610.9939,O,,,,1.19503,0.9599,0.8022
1791257610.9947,O,,,,1.21224,0.9598,0.8019
1791257610.9792,R,B,,-57,,,
1791257610.9980,R,C,,-53,,,
1791257611.0105,R,B,,-63,,,
1791257611.0150,R,A,,-78,,,
1791257611.0668,O,,,,1.22812,0.9598,0.8019
1791257611.0678,O,,,,1.24533,0.9599,0.8022
1791257611.0685,O,,,,1.26253,0.9598,0.8019
1791257611.0693,O,,,,1.27710,0.9599,0.8022
1791257611.0545,R,C,,-56,,,
1791257611.0547,R,A,,-85,,,
1791257611.0790,R,B,,-63,,,
1791257611.1058,R,B,,-62,,,
1791257611.1060,R,A,,-73,,,
1791257611.1071,R,C,,-56,,,
1791257611.1368,O,,,,1.29563,0.9599,0.8022
1791257611.1378,O,,,,1.31151,0.9599,0.8022
1791257611.1386,O,,,,1.32872,0.9599,0.8024
1791257611.1582,R,C,,-52,,,
1791257611.1647,R,A,,-81,,,
1791257611.2171,O,,,,1.34593,0.9599,0.8022
1791257611.2182,O,,,,1.36181,0.9599,0.8022
1791257611.2190,O,,,,1.37902,0.9599,0.8024
1791257611.2198,O,,,,1.39622,0.9599,0.8022
1791257611.1788,R,B,,-77,,,
1791257611.2047,R,A,,-72,,,
1791257611.2068,R,C,,-66,,,
1791257611.2285,R,B,,-76,,,
1791257611.2454,R,C,,-57,,,
1791257611.2457,R,A,,-90,,,
1791257611.2458,R,B,,-62,,,
1791257611.2910,O,,,,1.41343,0.9599,0.8024
1791257611.2922,O,,,,1.42932,0.9599,0.8024
1791257611.2931,O,,,,1.44652,0.9599,0.8022
1791257611.2939,O,,,,1.46373,0.9599,0.8024
1791257611.2895,R,C,,-50,,,
1791257611.2898,R,A,,-75,,,
1791257611.3051,R,B,,-68,,,
1791257611.3340,R,C,,-60,,,
1791257611.3645,R,A,,-74,,,
1791257611.3709,O,,,,1.47961,0.9599,0.8024
1791257611.3715,O,,,,1.49682,0.9599,0.8022
1791257611.3723,O,,,,1.51403,0.9599,0.8024
1791257611.3727,O,,,,1.52991,0.9599,0.8024
1791257611.3775,R,B,,-64,,,
1791257611.3903,R,C,,-56,,,
1791257611.3905,R,A,,-75,,,
1791257611.3913,R,B,,-67,,,
1791257611.4534,O,,,,1.54712,0.9599,0.8022
1791257611.4542,O,,,,1.56301,0.9599,0.8022
1791257611.4547,O,,,,1.57889,0.9599,0.8022
1791257611.4553,O,,,,1.59610,0.9599,0.8024
1791257611.4328,R,C,,-52,,,
1791257611.4330,R,A,,-67,,,
1791257611.4751,R,B,,-65,,,
1791257611.5072,R,C,,-53,,,
1791257611.5097,R,A,,-73,,,
1791257611.5267,O,,,,1.61198,0.9599,0.8024
1791257611.5278,O,,,,1.62919,0.9599,0.8022
1791257611.5286,O,,,,1.64640,0.9599,0.8024
1791257611.5294,O,,,,1.66228,0.9599,0.8024
1791257611.5206,R,B,,-63,,,
1791257611.5207,R,C,,-55,,,
1791257611.5466,R,A,,-68,,,
1791257611.5648,R,A,,-68,,,
1791257611.5649,R,B,,-63,,,
1791257611.5657,R,C,,-53,,,
1791257611.5968,O,,,,1.67949,0.9599,0.8022
1791257611.5979,O,,,,1.69669,0.9599,0.8024
1791257611.5988,O,,,,1.71258,0.9599,0.8024
1791257611.6097,R,B,,-76,,,
1791257611.6149,R,A,,-64,,,
1791257611.6597,R,B,,-72,,,
1791257611.6644,R,A,,-68,,,
1791257611.6767,O,,,,1.72979,0.9599,0.8022
1791257611.6778,O,,,,1.74567,0.9599,0.8022
1791257611.6793,O,,,,1.76288,0.9599,0.8024
1791257611.6801,O,,,,1.78009,0.9599,0.8022
1791257611.6998,R,C,,-55,,,
1791257611.7002,R,A,,-67,,,
1791257611.7010,R,B,,-68,,,
1791257611.7517,O,,,,1.79597,0.9599,0.8022
1791257611.7535,O,,,,1.81318,0.9599,0.8024
1791257611.7542,O,,,,1.83038,0.9599,0.8022
1791257611.7550,O,,,,1.84627,0.9599,0.8022
1791257611.7501,R,B,,-78,,,
1791257611.7504,R,C,,-57,,,
1791257611.7505,R,A,,-65,,,
1791257611.8055,R,A,,-68,,,
1791257611.8071,R,C,,-58,,,
1791257611.8133,R,B,,-76,,,
1791257611.8318,O,,,,1.86348,0.9599,0.8024
1791257611.8328,O,,,,1.87936,0.9599,0.8024
1791257611.8336,O,,,,1.89789,0.9599,0.8024
1791257611.8344,O,,,,1.91377,0.9599,0.8024
1791257611.8411,R,C,,-57,,,
1791257611.8412,R,A,,-68,,,
1791257611.8416,R,B,,-68,,,
1791257611.9110,O,,,,1.93098,0.9598,0.8027
1791257611.9118,O,,,,1.94819,0.9599,0.8024
1791257611.9127,O,,,,1.96407,0.9599,0.8024
1791257611.9137,O,,,,1.97996,0.9599,0.8024
1791257611.8888,R,A,,-77,,,
1791257611.9072,R,C,,-57,,,
1791257611.9293,R,B,,-78,,,
1791257611.9404,R,C,,-56,,,
1791257611.9408,R,A,,-68,,,
1791257611.9868,O,,,,1.99584,0.9599,0.8024
1791257611.9879,O,,,,2.01437,0.9599,0.8024
1791257611.9886,O,,,,2.03026,0.9599,0.8024
1791257611.9894,O,,,,2.04614,0.9599,0.8024
1791257611.9948,R,C,,-55,,,
1791257611.9950,R,A,,-65,,,
1791257611.9953,R,B,,-69,,,
1791257612.0668,O,,,,2.06335,0.9600,0.8022
1791257612.0679,O,,,,2.08056,0.9599,0.8024
1791257612.0687,O,,,,2.09644,0.9599,0.8024
1791257612.0695,O,,,,2.11365,0.9600,0.8022
1791257612.0414,R,B,,-67,,,
1791257612.0451,R,A,,-63,,,
1791257612.0453,R,C,,-62,,,
1791257612.0827,R,A,,-61,,,
1791257612.0828,R,C,,-65,,,
1791257612.0842,R,B,,-64,,,
1791257612.1368,O,,,,2.13085,0.9599,0.8024
1791257612.1378,O,,,,2.14674,0.9599,0.8024
1791257612.1385,O,,,,2.16527,0.9599,0.8024
1791257612.1251,R,A,,-64,,,
1791257612.1289,R,B,,-65,,,
1791257612.1451,R,C,,-60,,,
1791257612.2115,O,,,,2.18115,0.9599,0.8024
1791257612.2124,O,,,,2.19704,0.9599,0.8024
1791257612.2133,O,,,,2.21160,0.9597,0.8026
1791257612.2141,O,,,,2.22351,0.9599,0.8024
1791257612.1793,R,B,,-65,,,
1791257612.2063,R,C,,-65,,,
1791257612.2137,R,A,,-71,,,
1791257612.2183,R,C,,-61,,,
1791257612.2296,R,B,,-66,,,
1791257612.2336,R,A,,-67,,,
1791257612.2663,R,B,,-78,,,
1791257612.2665,R,C,,-60,,,
1791257612.2911,O,,,,2.23410,0.9595,0.8029
1791257612.2919,O,,,,2.24601,0.9594,0.8031
1791257612.2927,O,,,,2.25395,0.9594,0.8031
1791257612.2935,O,,,,2.26322,0.9592,0.8033
1791257612.3139,R,A,,-74,,,
1791257612.3666,O,,,,2.26984,0.9590,0.8035
1791257612.3676,O,,,,2.27513,0.9590,0.8035
1791257612.3684,O,,,,2.28043,0.9590,0.8035
1791257612.3692,O,,,,2.28307,0.9590,0.8035
1791257612.3289,R,B,,-70,,,
1791257612.3498,R,C,,-74,,,
1791257612.3529,R,B,,-69,,,
1791257612.3547,R,A,,-87,,,
1791257612.3576,R,C,,-74,,,
1791257612.3972,R,A,,-75,,,
1791257612.3974,R,B,,-66,,,
1791257612.4080,R,C,,-54,,,
1791257612.4473,O,,,,2.28572,0.9590,0.8035
1791257612.4484,O,,,,2.28705,0.9589,0.8037
1791257612.4492,O,,,,2.28837,0.9590,0.8035
1791257612.4500,O,,,,2.28837,0.9590,0.8035
1791257612.4616,R,B,,-63,,,
1791257612.5271,O,,,,2.28837,0.9590,0.8035
1791257612.5283,O,,,,2.28837,0.9590,0.8035
1791257612.5292,O,,,,2.28837,0.9590,0.8035
1791257612.5299,O,,,,2.28837,0.9590,0.8035
1791257612.5584,R,C,,-57,,,
1791257612.5642,R,A,,-72,,,
1791257612.5968,O,,,,2.28837,0.9590,0.8035
1791257612.5979,O,,,,2.28837,0.9590,0.8035
1791257612.5987,O,,,,2.28837,0.9590,0.8035
1791257612.5830,R,C,,-62,,,
1791257612.5832,R,A,,-75,,,
1791257612.5838,R,B,,-70,,,
1791257612.6713,O,,,,2.28837,0.9590,0.8035
1791257612.6309,R,C,,-57,,,
1791257612.6310,R,A,,-73,,,
1791257612.6724,O,,,,2.28837,0.9590,0.8035
1791257612.6733,O,,,,2.28837,0.9590,0.8035
1791257612.6740,O,,,,2.28837,0.9590,0.8035
1791257612.6748,R,C,,-64,,,
1791257612.6756,R,A,,-85,,,
1791257612.6788,R,B,,-75,,,
1791257612.7518,O,,,,2.28837,0.9590,0.8035
1791257612.7529,O,,,,2.28837,0.9590,0.8035
1791257612.7537,O,,,,2.28837,0.9590,0.8035
1791257612.7545,O,,,,2.28837,0.9590,0.8035
1791257612.7258,R,C,,-56,,,
1791257612.7297,R,B,,-71,,,
1791257612.7736,R,C,,-54,,,
1791257612.7741,R,B,,-67,,,
1791257612.7963,R,A,,-83,,,
1791257612.8139,R,B,,-79,,,
1791257612.8268,O,,,,2.28837,0.9590,0.8035
1791257612.8279,O,,,,2.28837,0.9590,0.8035
1791257612.8287,O,,,,2.28837,0.9590,0.8035
1791257612.8295,O,,,,2.28837,0.9590,0.8035
1791257612.8401,R,C,,-58,,,
1791257612.8648,R,A,,-88,,,
1791257613.2656,O,,,,2.28837,0.9590,0.8035
1791257612.8941,R,C,,-57,,,
1791257613.2681,O,,,,2.28837,0.9590,0.8035
1791257612.9287,R,B,,-69,,,
1791257612.9477,R,C,,-52,,,
1791257612.9544,R,B,,-69,,,
1791257612.9573,R,C,,-52,,,
1791257612.9640,R,A,,-65,,,
1791257613.2699,O,,,,2.28837,0.9590,0.8035
1791257613.0080,R,C,,-57,,,
1791257613.0144,R,A,,-68,,,
1791257613.2716,O,,,,2.28837,0.9590,0.8035
1791257613.0432,R,A,,-63,,,
1791257613.0581,R,C,,-58,,,
1791257613.2727,O,,,,2.28837,0.9590,0.8035
1791257613.0787,R,B,,-83,,,
1791257613.0941,R,C,,-57,,,
1791257613.0950,R,A,,-62,,,
1791257613.2739,O,,,,2.28837,0.9590,0.8035
1791257613.1284,R,B,,-81,,,
1791257613.1414,R,A,,-66,,,
1791257613.1573,R,C,,-61,,,
1791257613.2751,O,,,,2.28837,0.9590,0.8035
1791257613.2212,R,B,,-87,,,
1791257613.2241,R,C,,-52,,,
1791257613.2242,R,A,,-62,,,
1791257613.2640,R,A,,-61,,,
1791257613.2764,O,,,,2.28837,0.9590,0.8035
1791257613.2772,O,,,,2.28837,0.9590,0.8035
1791257613.2779,O,,,,2.28837,0.9590,0.8035
1791257613.2787,O,,,,2.28837,0.9590,0.8035
1791257613.2794,O,,,,2.28837,0.9590,0.8035
1791257613.2801,O,,,,2.28837,0.9590,0.8035
1791257613.2809,O,,,,2.28837,0.9590,0.8035
1791257613.2816,O,,,,2.28837,0.9590,0.8035
1791257613.2824,O,,,,2.28837,0.9590,0.8035
1791257613.2831,O,,,,2.28837,0.9590,0.8035
1791257613.2838,O,,,,2.28837,0.9590,0.8035
1791257613.2845,O,,,,2.28837,0.9590,0.8035
1791257613.2857,O,,,,2.28837,0.9590,0.8035
1791257613.2864,O,,,,2.28837,0.9590,0.8035
1791257613.2872,O,,,,2.28837,0.9590,0.8035
1791257613.2879,O,,,,2.28837,0.9590,0.8035
1791257613.2787,R,B,,-74,,,
1791257613.3022,R,C,,-62,,,
1791257613.3031,R,A,,-60,,,
1791257613.3032,R,B,,-74,,,
1791257613.3662,O,,,,2.28837,0.9590,0.8035
1791257613.3671,O,,,,2.28837,0.9590,0.8035
1791257613.3679,O,,,,2.28837,0.9590,0.8035
1791257613.3687,O,,,,2.29102,0.9590,0.8035
1791257613.3452,R,A,,-58,,,
1791257613.3506,R,C,,-67,,,
1791257613.3792,R,B,,-72,,,
1791257613.4079,R,C,,-58,,,
1791257613.4140,R,A,,-56,,,
1791257613.4468,O,,,,2.29896,0.9590,0.8035
1791257613.4478,O,,,,2.30690,0.9590,0.8035
1791257613.4486,O,,,,2.31749,0.9590,0.8035
1791257613.4493,O,,,,2.33073,0.9590,0.8035
1791257613.4388,R,A,,-56,,,
1791257613.4390,R,C,,-65,,,
1791257613.4419,R,B,,-78,,,
1791257613.4885,R,A,,-56,,,
1791257613.4956,R,C,,-67,,,
1791257613.4968,R,B,,-77,,,
1791257613.5218,O,,,,2.34396,0.9590,0.8035
1791257613.5231,O,,,,2.35852,0.9592,0.8033
1791257613.5244,O,,,,2.37176,0.9592,0.8033
1791257613.5255,O,,,,2.38500,0.9592,0.8033
1791257613.5577,R,C,,-67,,,
1791257613.5609,R,B,,-86,,,
1791257613.5635,R,A,,-56,,,
1791257613.5916,O,,,,2.39956,0.9594,0.8031
1791257613.5926,O,,,,2.41279,0.9594,0.8031
1791257613.5933,O,,,,2.42603,0.9594,0.8031
1791257613.5765,R,C,,-58,,,
1791257613.5788,R,B,,-71,,,
1791257613.5814,R,A,,-61,,,
1791257613.6249,R,B,,-67,,,
1791257613.6311,R,C,,-56,,,
1791257613.6323,R,A,,-62,,,
1791257613.6719,O,,,,2.43927,0.9594,0.8031
1791257613.6727,O,,,,2.45515,0.9594,0.8031
1791257613.6734,O,,,,2.46971,0.9596,0.8029
1791257613.6742,O,,,,2.48427,0.9594,0.8031
1791257613.6708,R,B,,-60,,,
1791257613.6855,R,C,,-54,,,
1791257613.7173,R,C,,-63,,,
1791257613.7175,R,B,,-67,,,
1791257613.7467,O,,,,2.49883,0.9596,0.8029
1791257613.7477,O,,,,2.51472,0.9596,0.8029
1791257613.7485,O,,,,2.52795,0.9596,0.8029
1791257613.7493,O,,,,2.54384,0.9596,0.8029
1791257613.7793,R,B,,-65,,,
1791257613.7932,R,C,,-59,,,
1791257613.8079,R,C,,-60,,,
1791257613.8088,R,A,,-60,,,
1791257613.8098,R,B,,-63,,,
1791257613.8268,O,,,,2.55840,0.9594,0.8031
1791257613.8278,O,,,,2.57296,0.9596,0.8029
1791257613.8295,O,,,,2.58884,0.9596,0.8029
1791257613.8303,O,,,,2.60472,0.9596,0.8029
1791257613.8509,R,B,,-70,,,
1791257613.8519,R,C,,-58,,,
1791257613.8527,R,A,,-57,,,
1791257613.9027,O,,,,2.61796,0.9596,0.8029
1791257613.9036,O,,,,2.63384,0.9596,0.8029
1791257613.9043,O,,,,2.64973,0.9596,0.8029
1791257613.9051,O,,,,2.66296,0.9596,0.8029
1791257613.9002,R,A,,-63,,,
1791257613.9074,R,C,,-58,,,
1791257613.9291,R,B,,-69,,,
1791257613.9437,R,C,,-57,,,
1791257613.9439,R,A,,-60,,,
1791257613.9841,O,,,,2.67885,0.9596,0.8029
1791257613.9849,O,,,,2.69473,0.9596,0.8029
1791257613.9857,O,,,,2.71062,0.9596,0.8029
1791257613.9864,O,,,,2.72385,0.9596,0.8029
1791257613.9794,R,B,,-69,,,
1791257613.9963,R,B,,-73,,,
1791257613.9982,R,A,,-57,,,
1791257613.9984,R,C,,-55,,,
1791257614.0530,O,,,,2.73974,0.9596,0.8029
1791257614.0540,O,,,,2.75562,0.9596,0.8029
1791257614.0548,O,,,,2.77150,0.9596,0.8029
1791257614.0335,R,C,,-64,,,
1791257614.0381,R,A,,-64,,,
1791257614.0477,R,B,,-76,,,
1791257614.0785,R,C,,-62,,,
1791257614.0787,R,A,,-61,,,
1791257614.0795,R,B,,-74,,,
1791257614.1271,O,,,,2.78606,0.9594,0.8030
1791257614.1281,O,,,,2.80195,0.9594,0.8030
1791257614.1289,O,,,,2.81651,0.9596,0.8029
1791257614.1297,O,,,,2.83107,0.9594,0.8030
1791257614.1290,R,C,,-65,,,
1791257614.1292,R,B,,-69,,,
1791257614.1301,R,A,,-61,,,
1791257614.2083,O,,,,2.84695,0.9594,0.8030
1791257614.2097,O,,,,2.86019,0.9594,0.8030
1791257614.2108,O,,,,2.87607,0.9594,0.8030
1791257614.2119,O,,,,2.89063,0.9596,0.8030
1791257614.1766,R,B,,-77,,,
1791257614.1775,R,C,,-71,,,
1791257614.1776,R,A,,-66,,,
1791257614.2294,R,B,,-64,,,
1791257614.2578,R,C,,-70,,,
1791257614.2608,R,A,,-61,,,
1791257614.2628,R,B,,-63,,,
1791257614.2635,R,A,,-60,,,
1791257614.2667,R,C,,-62,,,
1791257614.2874,O,,,,2.90652,0.9596,0.8030
1791257614.2882,O,,,,2.91975,0.9596,0.8030
1791257614.2890,O,,,,2.93564,0.9596,0.8030
1791257614.2897,O,,,,2.95152,0.9596,0.8030
1791257614.3049,R,B,,-66,,,
1791257614.3057,R,C,,-60,,,
1791257614.3059,R,A,,-57,,,
1791257614.3623,O,,,,2.96608,0.9599,0.8029
1791257614.3633,O,,,,2.98064,0.9596,0.8030
1791257614.3643,O,,,,2.99653,0.9596,0.8030
1791257614.3652,O,,,,3.01241,0.9596,0.8030
1791257614.3501,R,A,,-64,,,
1791257614.3502,R,C,,-73,,,
1791257614.3504,R,B,,-62,,,
1791257614.4005,R,C,,-68,,,
1791257614.4007,R,A,,-60,,,
1791257614.4012,R,B,,-67,,,
1791257614.4426,O,,,,3.02697,0.9599,0.8029
1791257614.4438,O,,,,3.04153,0.9596,0.8030
1791257614.4445,O,,,,3.05741,0.9596,0.8030
1791257614.4453,O,,,,3.07197,0.9599,0.8029
1791257614.4405,R,C,,-62,,,
1791257614.4645,R,A,,-58,,,
1791257614.4728,R,B,,-71,,,
1791257614.4866,R,C,,-72,,,
1791257614.4873,R,B,,-65,,,
1791257614.5015,R,A,,-67,,,
1791257614.5215,O,,,,3.08654,0.9596,0.8030
1791257614.5224,O,,,,3.10110,0.9599,0.8029
1791257614.5232,O,,,,3.11698,0.9599,0.8029
1791257614.5240,O,,,,3.13154,0.9596,0.8029
1791257614.5359,R,C,,-67,,,
1791257614.5369,R,A,,-62,,,
1791257614.5401,R,B,,-63,,,
1791257614.5867,O,,,,-3.13576,0.9596,0.8029
1791257614.5878,O,,,,-3.11988,0.9596,0.8029
1791257614.5886,O,,,,-3.10664,0.9596,0.8029
1791257614.5804,R,A,,-62,,,
1791257614.5816,R,C,,-69,,,
1791257614.6664,O,,,,-3.09076,0.9596,0.8029
1791257614.6675,O,,,,-3.07487,0.9596,0.8029
1791257614.6684,O,,,,-3.06031,0.9599,0.8030
1791257614.6691,O,,,,-3.04575,0.9596,0.8029
1791257614.6280,R,C,,-74,,,
1791257614.6281,R,B,,-70,,,
1791257614.6304,R,A,,-75,,,
1791257614.6793,R,B,,-71,,,
1791257614.6797,R,A,,-67,,,
1791257614.7466,O,,,,-3.02987,0.9596,0.8029
1791257614.7480,O,,,,-3.01399,0.9596,0.8029
1791257614.7493,O,,,,-3.00075,0.9596,0.8029
1791257614.7513,O,,,,-2.98486,0.9596,0.8029
1791257614.7298,R,B,,-64,,,
1791257614.7579,R,C,,-68,,,
1791257614.7645,R,A,,-73,,,
1791257614.7798,R,B,,-69,,,
1791257614.8086,R,C,,-66,,,
1791257614.8147,R,A,,-68,,,
1791257614.8230,O,,,,-2.96898,0.9596,0.8029
1791257614.8239,O,,,,-2.95442,0.9599,0.8030
1791257614.8246,O,,,,-2.93854,0.9599,0.8030
1791257614.8254,O,,,,-2.92398,0.9596,0.8029
1791257614.8211,R,B,,-81,,,
1791257614.8586,R,C,,-64,,,
1791257614.8647,R,A,,-64,,,
1791257614.9009,O,,,,-2.90942,0.9599,0.8030
1791257614.9019,O,,,,-2.89353,0.9599,0.8030
1791257614.9028,O,,,,-2.88030,0.9599,0.8030
1791257614.9036,O,,,,-2.86441,0.9599,0.8030
1791257614.8796,R,B,,-65,,,
1791257614.9011,R,B,,-78,,,
1791257614.9017,R,C,,-68,,,
1791257614.9029,R,A,,-63,,,
1791257614.9451,R,B,,-72,,,
1791257614.9535,R,C,,-68,,,
1791257614.9538,R,A,,-65,,,
1791257614.9773,O,,,,-2.84853,0.9599,0.8030
1791257614.9786,O,,,,-2.83529,0.9599,0.8030
1791257614.9798,O,,,,-2.81941,0.9599,0.8030
1791257614.9807,O,,,,-2.80485,0.9596,0.8029
1791257615.0019,R,B,,-67,,,
1791257615.0076,R,C,,-64,,,
1791257615.0148,R,A,,-62,,,
1791257615.0470,O,,,,-2.78896,0.9596,0.8029
1791257615.0483,O,,,,-2.77440,0.9599,0.8030
1791257615.0491,O,,,,-2.75852,0.9599,0.8030
1791257615.0316,R,A,,-58,,,
1791257615.0318,R,C,,-71,,,
1791257615.0794,R,B,,-84,,,
1791257615.0947,R,C,,-68,,,
1791257615.0949,R,A,,-66,,,
1791257615.1137,R,B,,-86,,,
1791257615.1153,R,A,,-65,,,
1791257615.1269,O,,,,-2.74396,0.9596,0.8029
1791257615.1279,O,,,,-2.72940,0.9599,0.8030
1791257615.1287,O,,,,-2.71484,0.9597,0.8029
1791257615.1294,O,,,,-2.69895,0.9597,0.8029
1791257615.1346,R,C,,-67,,,
1791257615.1555,R,C,,-67,,,
1791257615.1575,R,A,,-61,,,
1791257615.1593,R,B,,-73,,,
1791257615.2072,O,,,,-2.68439,0.9599,0.8030
1791257615.2086,O,,,,-2.66851,0.9599,0.8030
1791257615.2099,O,,,,-2.65395,0.9597,0.8029
1791257615.2108,O,,,,-2.63807,0.9597,0.8029
1791257615.2076,R,C,,-61,,,
1791257615.2078,R,B,,-74,,,
1791257615.2090,R,A,,-57,,,
1791257615.2474,R,C,,-90,,,
1791257615.2488,R,B,,-69,,,
1791257615.2491,R,A,,-66,,,
1791257615.2817,O,,,,-2.62351,0.9599,0.8030
1791257615.2827,O,,,,-2.60762,0.9599,0.8030
1791257615.2836,O,,,,-2.59306,0.9597,0.8029
1791257615.2844,O,,,,-2.57850,0.9599,0.8030
1791257615.2962,R,C,,-64,,,
1791257615.2964,R,A,,-61,,,
1791257615.3109,R,B,,-68,,,
1791257615.3612,O,,,,-2.56262,0.9599,0.8030
1791257615.3621,O,,,,-2.54673,0.9599,0.8030
1791257615.3629,O,,,,-2.53217,0.9597,0.8029
1791257615.3636,O,,,,-2.51761,0.9599,0.8030
1791257615.3370,R,C,,-58,,,
1791257615.3419,R,B,,-65,,,
1791257615.3643,R,A,,-59,,,
1791257615.3832,R,C,,-66,,,
1791257615.3834,R,A,,-69,,,
1791257615.3889,R,B,,-66,,,
1791257615.4423,O,,,,-2.50305,0.9597,0.8029
1791257615.4434,O,,,,-2.48717,0.9597,0.8029
1791257615.4441,O,,,,-2.47261,0.9599,0.8030
1791257615.4449,O,,,,-2.45805,0.9597,0.8029
1791257615.4316,R,C,,-66,,,
1791257615.4412,R,A,,-66,,,
1791257615.5171,O,,,,-2.44349,0.9599,0.8030
1791257615.5181,O,,,,-2.42893,0.9597,0.8029
1791257615.5189,O,,,,-2.41569,0.9597,0.8029
1791257615.5196,O,,,,-2.40246,0.9597,0.8029
1791257615.4773,R,B,,-61,,,
1791257615.5045,R,A,,-65,,,
1791257615.5047,R,C,,-58,,,
1791257615.5163,R,B,,-62,,,
1791257615.5203,R,C,,-62,,,
1791257615.5589,R,C,,-61,,,
1791257615.5592,R,A,,-77,,,
1791257615.5870,O,,,,-2.38790,0.9599,0.8030
1791257615.5881,O,,,,-2.37598,0.9597,0.8029
1791257615.5889,O,,,,-2.36407,0.9599,0.8030
1791257615.5792,R,B,,-62,,,
1791257615.6088,R,C,,-65,,,
1791257615.6143,R,A,,-66,,,
1791257615.6621,O,,,,-2.35216,0.9597,0.8029
1791257615.6632,O,,,,-2.34024,0.9599,0.8030
1791257615.6640,O,,,,-2.32965,0.9599,0.8030
1791257615.6648,O,,,,-2.31907,0.9595,0.8027
1791257615.6284,R,B,,-58,,,
1791257615.6552,R,B,,-60,,,
1791257615.6571,R,A,,-63,,,
1791257615.6585,R,C,,-56,,,
1791257615.6998,R,C,,-62,,,
1791257615.6999,R,A,,-71,,,
1791257615.7001,R,B,,-60,,,
1791257615.7421,O,,,,-2.30848,0.9595,0.8027
1791257615.7432,O,,,,-2.29921,0.9597,0.8029
1791257615.7441,O,,,,-2.28994,0.9595,0.8027
1791257615.7448,O,,,,-2.28068,0.9597,0.8029
1791257615.7432,R,C,,-63,,,
1791257615.7512,R,A,,-62,,,
1791257615.7521,R,B,,-58,,,
1791257615.7852,R,A,,-59,,,
1791257615.7854,R,C,,-57,,,
1791257615.8220,O,,,,-2.27141,0.9595,0.8027
1791257615.8229,O,,,,-2.26347,0.9595,0.8027
1791257615.8245,O,,,,-2.25685,0.9597,0.8029
1791257615.8253,O,,,,-2.25023,0.9595,0.8027
1791257615.8226,R,B,,-61,,,
1791257615.8254,R,B,,-60,,,
1791257615.8322,R,C,,-62,,,
1791257615.8350,R,A,,-66,,,
1791257615.9029,O,,,,-2.24229,0.9595,0.8027
1791257615.9038,O,,,,-2.23700,0.9595,0.8027
1791257615.9052,O,,,,-2.22906,0.9595,0.8027
1791257615.9060,O,,,,-2.22376,0.9595,0.8027
1791257615.8710,R,C,,-61,,,
1791257615.8712,R,B,,-60,,,
1791257615.9150,R,A,,-60,,,
1791257615.9204,R,C,,-59,,,
1791257615.9207,R,B,,-60,,,
1791257615.9597,R,B,,-61,,,
1791257615.9648,R,A,,-55,,,
1791257615.9757,O,,,,-2.21847,0.9595,0.8027
1791257615.9768,O,,,,-2.21185,0.9593,0.8024
1791257615.9776,O,,,,-2.20655,0.9593,0.8024
1791257615.9783,O,,,,-2.20126,0.9593,0.8024
1791257616.0082,R,C,,-62,,,
1791257616.0149,R,A,,-63,,,
1791257616.0435,O,,,,-2.19596,0.9593,0.8024
1791257616.0445,O,,,,-2.19067,0.9593,0.8024
1791257616.0453,O,,,,-2.18538,0.9593,0.8024
1791257616.0292,R,B,,-61,,,
1791257616.0479,R,B,,-61,,,
1791257616.0482,R,C,,-60,,,
1791257616.0652,R,A,,-59,,,
1791257616.0893,R,B,,-64,,,
1791257616.1075,R,C,,-62,,,
1791257616.1148,R,A,,-54,,,
1791257616.1214,O,,,,-2.18008,0.9593,0.8024
1791257616.1224,O,,,,-2.17743,0.9593,0.8024
1791257616.1232,O,,,,-2.17214,0.9593,0.8024
1791257616.1240,O,,,,-2.16817,0.9592,0.8022
1791257616.1589,R,C,,-62,,,
1791257616.1592,R,A,,-62,,,
1791257616.2011,O,,,,-2.16287,0.9592,0.8022
1791257616.2021,O,,,,-2.15758,0.9592,0.8022
1791257616.2029,O,,,,-2.15361,0.9591,0.8020
1791257616.2038,O,,,,-2.15228,0.9589,0.8018
1791257616.1791,R,B,,-61,,,
1791257616.1797,R,A,,-59,,,
1791257616.1868,R,C,,-60,,,
1791257616.2231,R,B,,-62,,,
1791257616.2320,R,C,,-62,,,
1791257616.2323,R,A,,-54,,,
1791257616.2646,R,C,,-62,,,
1791257616.2656,R,B,,-63,,,
1791257616.2819,O,,,,-2.14964,0.9589,0.8018
1791257616.2830,O,,,,-2.14699,0.9589,0.8018
1791257616.2838,O,,,,-2.14699,0.9589,0.8018
1791257616.2845,O,,,,-2.14699,0.9589,0.8018
1791257616.3148,R,A,,-62,,,
1791257616.3568,O,,,,-2.14699,0.9589,0.8018
1791257616.3579,O,,,,-2.14699,0.9589,0.8018
1791257616.3587,O,,,,-2.14699,0.9589,0.8018
1791257616.3595,O,,,,-2.14699,0.9589,0.8018
1791257616.3211,R,B,,-61,,,
1791257616.3212,R,C,,-60,,,
1791257616.3652,R,A,,-59,,,
1791257616.3663,R,C,,-60,,,
1791257616.3665,R,B,,-63,,,
1791257616.4056,R,B,,-63,,,
1791257616.4077,R,C,,-61,,,
1791257616.4152,R,A,,-55,,,
1791257616.4374,O,,,,-2.14699,0.9589,0.8018
1791257616.4385,O,,,,-2.14699,0.9589,0.8018
1791257616.4393,O,,,,-2.14699,0.9589,0.8018
1791257616.4400,O,,,,-2.14699,0.9589,0.8018
1791257616.4477,R,C,,-62,,,
1791257616.4603,R,A,,-62,,,
1791257616.4611,R,B,,-63,,,
1791257616.5168,O,,,,-2.14699,0.9589,0.8018
1791257616.5178,O,,,,-2.14699,0.9589,0.8018
1791257616.5186,O,,,,-2.14699,0.9589,0.8018
1791257616.5194,O,,,,-2.14699,0.9589,0.8018
1791257616.5052,R,A,,-60,,,
1791257616.5077,R,C,,-60,,,
1791257616.5175,R,B,,-61,,,
1791257616.5353,R,B,,-64,,,
1791257616.5377,R,A,,-55,,,
1791257616.5452,R,C,,-61,,,
1791257616.5818,O,,,,-2.14699,0.9589,0.8018
1791257616.5829,O,,,,-2.14699,0.9589,0.8018
1791257616.5837,O,,,,-2.14699,0.9589,0.8018
1791257616.5746,R,A,,-62,,,
1791257616.5747,R,C,,-62,,,
1791257616.5795,R,B,,-63,,,
1791257616.6618,O,,,,-2.14699,0.9589,0.8018
1791257616.6628,O,,,,-2.14699,0.9589,0.8018
1791257616.6636,O,,,,-2.14699,0.9589,0.8018
1791257616.6647,O,,,,-2.14699,0.9589,0.8018
1791257616.6300,R,B,,-61,,,
1791257616.6582,R,C,,-60,,,
1791257616.6644,R,A,,-59,,,
1791257616.6787,R,B,,-62,,,
1791257616.6789,R,C,,-60,,,
1791257616.6795,R,A,,-53,,,
1791257616.7117,R,B,,-63,,,
1791257616.7148,R,A,,-54,,,
1791257616.7419,O,,,,-2.14699,0.9589,0.8018
1791257616.7429,O,,,,-2.14699,0.9589,0.8018
1791257616.7437,O,,,,-2.14699,0.9589,0.8018
1791257616.7445,O,,,,-2.14699,0.9589,0.8018
1791257616.7206,R,C,,-62,,,
1791257616.7578,R,C,,-61,,,
1791257616.7649,R,A,,-64,,,
1791257616.8161,O,,,,-2.14699,0.9589,0.8018
1791257616.8171,O,,,,-2.14699,0.9589,0.8018
1791257616.8179,O,,,,-2.14699,0.9589,0.8018
1791257616.8187,O,,,,-2.14699,0.9589,0.8018
1791257616.7800,R,B,,-62,,,
1791257616.8084,R,C,,-60,,,
1791257616.8149,R,A,,-61,,,
1791257616.8167,R,B,,-62,,,
1791257616.8383,R,B,,-62,,,
1791257616.8402,R,C,,-59,,,
1791257616.8405,R,A,,-56,,,
1791257616.8969,O,,,,-2.14699,0.9589,0.8018
1791257616.8980,O,,,,-2.14699,0.9589,0.8018
1791257616.8988,O,,,,-2.14699,0.9589,0.8018
1791257616.8995,O,,,,-2.14699,0.9589,0.8018
1791257616.8843,R,C,,-62,,,
1791257616.8844,R,A,,-65,,,
1791257616.8878,R,B,,-61,,,
1791257616.9299,R,B,,-60,,,
1791257616.9557,R,C,,-59,,,
1791257616.9559,R,A,,-62,,,
1791257616.9719,O,,,,-2.14699,0.9589,0.8018
1791257616.9727,O,,,,-2.14699,0.9589,0.8018
1791257616.9735,O,,,,-2.14699,0.9589,0.8018
1791257616.9743,O,,,,-2.14699,0.9589,0.8018
1791257616.9804,R,B,,-57,,,
1791257616.9926,R,C,,-58,,,
1791257616.9928,R,A,,-55,,,
1791257617.0145,R,A,,-54,,,
1791257617.0422,O,,,,-2.14699,0.9589,0.8018
1791257617.0433,O,,,,-2.14699,0.9589,0.8018
1791257617.0441,O,,,,-2.14699,0.9589,0.8018
1791257617.0303,R,B,,-61,,,
1791257617.0452,R,C,,-61,,,
1791257617.0583,R,C,,-62,,,
1791257617.0653,R,A,,-66,,,
1791257617.4916,O,,,,-2.14699,0.9589,0.8018
1791257617.0798,R,B,,-59,,,
1791257617.1084,R,C,,-59,,,
1791257617.1147,R,A,,-62,,,
1791257617.4948,O,,,,-2.14699,0.9589,0.8018
1791257617.1297,R,B,,-57,,,
1791257617.1480,R,B,,-61,,,
1791257617.1491,R,C,,-57,,,
1791257617.1495,R,A,,-53,,,
1791257617.4995,O,,,,-2.14699,0.9589,0.8018
1791257617.1960,R,A,,-64,,,
1791257617.1964,R,B,,-58,,,
1791257617.1995,R,C,,-63,,,
1791257617.5035,O,,,,-2.14699,0.9589,0.8018
1791257617.2414,R,C,,-58,,,
1791257617.2558,R,B,,-56,,,
1791257617.2559,R,A,,-63,,,
1791257617.5081,O,,,,-2.14699,0.9589,0.8018
1791257617.2876,R,B,,-58,,,
1791257617.2877,R,C,,-59,,,
1791257617.2897,R,A,,-57,,,
1791257617.5093,O,,,,-2.14699,0.9589,0.8018
1791257617.3292,R,B,,-60,,,
1791257617.3294,R,C,,-62,,,
1791257617.3296,R,A,,-83,,,
1791257617.5105,O,,,,-2.14699,0.9589,0.8018
1791257617.3733,R,B,,-64,,,
1791257617.3734,R,C,,-60,,,
1791257617.4075,R,A,,-69,,,
1791257617.4166,R,C,,-55,,,
1791257617.5120,O,,,,-2.14699,0.9589,0.8018
1791257617.4292,R,B,,-65,,,
1791257617.4650,R,B,,-69,,,
1791257617.4665,R,C,,-69,,,
1791257617.5129,O,,,,-2.14699,0.9589,0.8018
1791257617.5136,O,,,,-2.14699,0.9589,0.8018
1791257617.5144,O,,,,-2.14699,0.9589,0.8018
1791257617.5152,O,,,,-2.14699,0.9589,0.8018
1791257617.5159,O,,,,-2.14699,0.9589,0.8018
1791257617.5167,O,,,,-2.14699,0.9589,0.8018
1791257617.5174,O,,,,-2.14699,0.9589,0.8018
1791257617.5182,O,,,,-2.14699,0.9589,0.8018
1791257617.5189,O,,,,-2.14699,0.9589,0.8018
1791257617.5196,O,,,,-2.14699,0.9589,0.8018
1791257617.5204,O,,,,-2.14699,0.9589,0.8018
1791257617.5078,R,C,,-66,,,
1791257617.5152,R,A,,-65,,,
1791257617.5170,R,B,,-66,,,
1791257617.5254,O,,,,-2.14699,0.9589,0.8018
1791257617.5262,O,,,,-2.14699,0.9589,0.8018
1791257617.5270,O,,,,-2.14699,0.9589,0.8018
1791257617.5277,O,,,,-2.14699,0.9589,0.8018
1791257617.5285,O,,,,-2.14699,0.9589,0.8018
1791257617.5547,R,C,,-61,,,
1791257617.5617,R,A,,-62,,,
1791257617.5628,R,B,,-68,,,
1791257617.5874,O,,,,-2.14699,0.9589,0.8018
1791257617.5884,O,,,,-2.14699,0.9589,0.8018
1791257617.5892,O,,,,-2.14699,0.9589,0.8018
1791257617.6036,R,C,,-63,,,
1791257617.6152,R,A,,-65,,,
1791257617.6173,R,B,,-75,,,
1791257617.6567,O,,,,-2.14699,0.9589,0.8018
1791257617.6580,O,,,,-2.14699,0.9589,0.8018
1791257617.6592,O,,,,-2.14699,0.9589,0.8018
1791257617.6603,O,,,,-2.14699,0.9589,0.8018
1791257617.6412,R,A,,-68,,,
1791257617.6418,R,C,,-63,,,
1791257617.6425,R,B,,-63,,,
1791257617.6852,R,C,,-65,,,
1791257617.6891,R,B,,-67,,,
1791257617.6893,R,A,,-67,,,
1791257617.7367,O,,,,-2.14699,0.9589,0.8018
1791257617.7377,O,,,,-2.14699,0.9589,0.8018
1791257617.7385,O,,,,-2.14699,0.9589,0.8018
1791257617.7393,O,,,,-2.14964,0.9589,0.8018
1791257617.7347,R,C,,-65,,,
1791257617.7349,R,A,,-67,,,
1791257617.7549,R,B,,-92,,,
1791257617.8172,O,,,,-2.15096,0.9588,0.8016
1791257617.8182,O,,,,-2.15361,0.9588,0.8016
1791257617.8191,O,,,,-2.15626,0.9588,0.8016
1791257617.8203,O,,,,-2.16023,0.9586,0.8013
1791257617.7820,R,C,,-62,,,
1791257617.7856,R,A,,-60,,,
1791257617.7862,R,B,,-67,,,
1791257617.8246,R,B,,-64,,,
1791257617.8249,R,A,,-57,,,
1791257617.8252,R,C,,-66,,,
1791257617.8926,O,,,,-2.16552,0.9586,0.8013
1791257617.8938,O,,,,-2.17214,0.9585,0.8011
1791257617.8950,O,,,,-2.17876,0.9583,0.8009
1791257617.8962,O,,,,-2.18670,0.9583,0.8009
1791257617.8795,R,B,,-58,,,
1791257617.9078,R,C,,-66,,,
1791257617.9091,R,B,,-69,,,
1791257617.9119,R,A,,-63,,,
1791257617.9502,R,A,,-65,,,
1791257617.9589,R,C,,-73,,,
1791257617.9637,R,B,,-66,,,
1791257617.9721,O,,,,-2.19729,0.9583,0.8009
1791257617.9733,O,,,,-2.20920,0.9582,0.8007
1791257617.9741,O,,,,-2.21979,0.9582,0.8007
1791257617.9748,O,,,,-2.23170,0.9580,0.8005
1791257617.9942,R,C,,-83,,,
1791257617.9951,R,B,,-60,,,
1791257618.0153,R,A,,-62,,,
1791257618.0416,O,,,,-2.24494,0.9580,0.8005
1791257618.0425,O,,,,-2.25685,0.9582,0.8007
1791257618.0439,O,,,,-2.27009,0.9582,0.8007
1791257618.0415,R,B,,-76,,,
1791257618.0583,R,C,,-63,,,
1791257618.0651,R,A,,-65,,,
1791257618.0872,R,B,,-70,,,
1791257618.0952,R,C,,-66,,,
1791257618.0954,R,A,,-70,,,
1791257618.1221,O,,,,-2.28200,0.9580,0.8005
1791257618.1230,O,,,,-2.29259,0.9580,0.8005
1791257618.1238,O,,,,-2.30583,0.9580,0.8005
1791257618.1246,O,,,,-2.31774,0.9582,0.8007
1791257618.1293,R,B,,-68,,,
1791257618.1373,R,C,,-67,,,
1791257618.1654,R,A,,-65,,,
1791257618.1967,O,,,,-2.32833,0.9582,0.8007
1791257618.1978,O,,,,-2.33892,0.9582,0.8007
1791257618.1986,O,,,,-2.34819,0.9584,0.8009
1791257618.1993,O,,,,-2.35745,0.9582,0.8007
1791257618.1770,R,C,,-61,,,
1791257618.1800,R,B,,-75,,,
1791257618.1827,R,A,,-59,,,
1791257618.2297,R,B,,-83,,,
1791257618.2312,R,C,,-67,,,
1791257618.2559,R,C,,-68,,,
1791257618.2568,R,B,,-63,,,
1791257618.2647,R,A,,-65,,,
1791257618.2767,O,,,,-2.36539,0.9582,0.8007
1791257618.2779,O,,,,-2.37466,0.9584,0.8009
1791257618.2788,O,,,,-2.37995,0.9584,0.8009
1791257618.2797,O,,,,-2.38790,0.9584,0.8009
1791257618.3054,R,A,,-63,,,
1791257618.3078,R,C,,-64,,,
1791257618.3519,O,,,,-2.39451,0.9582,0.8007
1791257618.3531,O,,,,-2.39981,0.9582,0.8007
1791257618.3539,O,,,,-2.40510,0.9582,0.8007
1791257618.3547,O,,,,-2.41040,0.9582,0.8007
1791257618.3294,R,B,,-69,,,
1791257618.3474,R,B,,-73,,,
1791257618.3504,R,C,,-59,,,
1791257618.3512,R,A,,-61,,,
1791257618.3921,R,A,,-61,,,
1791257618.3924,R,B,,-64,,,
1791257618.4082,R,C,,-63,,,
1791257618.4341,O,,,,-2.41304,0.9582,0.8007
1791257618.4349,O,,,,-2.41834,0.9582,0.8007
1791257618.4357,O,,,,-2.42099,0.9582,0.8007
1791257618.4365,O,,,,-2.42363,0.9582,0.8007
1791257618.4503,R,C,,-61,,,
1791257618.4506,R,A,,-54,,,
1791257618.4510,R,B,,-62,,,
1791257618.5017,O,,,,-2.42496,0.9584,0.8009
1791257618.5028,O,,,,-2.42496,0.9584,0.8009
1791257618.5039,O,,,,-2.42496,0.9584,0.8009
1791257618.5048,O,,,,-2.42496,0.9584,0.8009
1791257618.4977,R,B,,-68,,,
1791257618.4998,R,C,,-58,,,
1791257618.4999,R,A,,-57,,,
1791257618.5348,R,C,,-67,,,
1791257618.5565,R,A,,-60,,,
1791257618.5767,O,,,,-2.42496,0.9584,0.8009
1791257618.5780,O,,,,-2.42496,0.9584,0.8009
1791257618.5788,O,,,,-2.42496,0.9584,0.8009
1791257618.5798,R,B,,-63,,,
1791257618.5855,R,B,,-65,,,
1791257618.6088,R,C,,-71,,,
1791257618.6155,R,A,,-63,,,
1791257618.6562,O,,,,-2.42231,0.9584,0.8009
1791257618.6573,O,,,,-2.42231,0.9584,0.8009
1791257618.6582,O,,,,-2.42099,0.9586,0.8010
1791257618.6590,O,,,,-2.41966,0.9584,0.8009
1791257618.6298,R,B,,-65,,,
1791257618.6323,R,C,,-70,,,
1791257618.6326,R,A,,-65,,,
1791257618.6802,R,B,,-74,,,
1791257618.6935,R,C,,-70,,,
1791257618.7148,R,A,,-63,,,
1791257618.7326,O,,,,-2.41834,0.9586,0.8010
1791257618.7337,O,,,,-2.41569,0.9586,0.8010
1791257618.7370,O,,,,-2.41304,0.9586,0.8010
1791257618.7379,O,,,,-2.41172,0.9588,0.8012
1791257618.7302,R,B,,-70,,,
1791257618.7314,R,C,,-64,,,
1791257618.7330,R,A,,-59,,,
1791257618.7622,R,A,,-59,,,
1791257618.7629,R,B,,-75,,,
1791257618.7647,R,C,,-67,,,
1791257618.8124,O,,,,-2.40907,0.9588,0.8012
1791257618.8138,O,,,,-2.40643,0.9588,0.8012
1791257618.8146,O,,,,-2.40378,0.9588,0.8012
1791257618.8154,O,,,,-2.40246,0.9590,0.8014
1791257618.8107,R,B,,-82,,,
1791257618.8155,R,A,,-59,,,
1791257618.8553,R,C,,-70,,,
1791257618.8591,R,A,,-63,,,
1791257618.8661,R,B,,-70,,,
1791257618.8920,O,,,,-2.39981,0.9590,0.8014
1791257618.8928,O,,,,-2.39451,0.9590,0.8014
1791257618.8936,O,,,,-2.39187,0.9590,0.8014
1791257618.8944,O,,,,-2.38922,0.9590,0.8014
1791257618.9668,O,,,,-2.38525,0.9591,0.8016
1791257618.9678,O,,,,-2.38260,0.9591,0.8016
1791257618.9686,O,,,,-2.37863,0.9590,0.8014
1791257618.9697,O,,,,-2.37598,0.9590,0.8014
1791257618.9298,R,B,,-75,,,
1791257618.9579,R,C,,-72,,,
1791257618.9649,R,A,,-64,,,
1791257618.9894,R,A,,-63,,,
1791257618.9896,R,C,,-74,,,
1791257618.9914,R,B,,-68,,,
1791257619.0368,O,,,,-2.37334,0.9590,0.8014
1791257619.0378,O,,,,-2.37069,0.9590,0.8014
1791257619.0408,O,,,,-2.37069,0.9590,0.8014
1791257619.0296,R,B,,-68,,,
1791257619.0306,R,A,,-61,,,
1791257619.0309,R,C,,-68,,,
1791257619.1163,O,,,,-2.36936,0.9588,0.8012
1791257619.1177,O,,,,-2.36936,0.9588,0.8012
1791257619.1185,O,,,,-2.36936,0.9588,0.8012
1791257619.1194,O,,,,-2.36936,0.9588,0.8012
1791257619.0774,R,B,,-71,,,
1791257619.0774,R,C,,-84,,,
1791257619.0776,R,A,,-60,,,
1791257619.1149,R,A,,-59,,,
1791257619.1652,R,A,,-60,,,
1791257619.1963,O,,,,-2.37069,0.9590,0.8014
1791257619.1974,O,,,,-2.37069,0.9590,0.8014
1791257619.1983,O,,,,-2.37069,0.9590,0.8014
1791257619.1992,O,,,,-2.37069,0.9590,0.8014
1791257619.1707,R,C,,-67,,,
1791257619.1708,R,B,,-69,,,
1791257619.2087,R,A,,-55,,,
1791257619.2091,R,B,,-78,,,
1791257619.2712,O,,,,-2.37069,0.9590,0.8014
1791257619.2534,R,C,,-65,,,
1791257619.2545,R,A,,-51,,,
1791257619.2642,R,B,,-77,,,
1791257619.2724,O,,,,-2.37069,0.9586,0.8010
1791257619.2732,O,,,,-2.37069,0.9586,0.8010
1791257619.2740,O,,,,-2.37069,0.9582,0.8007
1791257619.2921,R,C,,-66,,,
1791257619.2926,R,B,,-70,,,
1791257619.3022,R,A,,-55,,,
1791257619.3517,O,,,,-2.37069,0.9578,0.8003
1791257619.3528,O,,,,-2.37069,0.9574,0.7999
1791257619.3536,O,,,,-2.37069,0.9571,0.7995
1791257619.3544,O,,,,-2.37069,0.9563,0.7988
1791257619.3442,R,A,,-53,,,
1791257619.3489,R,B,,-76,,,
1791257619.3582,R,C,,-71,,,
1791257619.3794,R,B,,-79,,,
1791257619.3947,R,C,,-63,,,
1791257619.3951,R,A,,-51,,,
1791257619.4268,O,,,,-2.37069,0.9555,0.7981
1791257619.4279,O,,,,-2.37069,0.9548,0.7973
1791257619.4287,O,,,,-2.37069,0.9536,0.7962
1791257619.4295,O,,,,-2.37069,0.9525,0.7951
1791257619.4298,R,B,,-82,,,
1791257619.4417,R,C,,-65,,,
1791257619.4617,R,B,,-67,,,
1791257619.4621,R,A,,-55,,,
1791257619.4972,O,,,,-2.37069,0.9514,0.7940
1791257619.4985,O,,,,-2.37069,0.9502,0.7929
1791257619.4993,O,,,,-2.37069,0.9491,0.7918
1791257619.5099,R,B,,-68,,,
1791257619.5147,R,A,,-53,,,
1791257619.5612,R,B,,-70,,,
1791257619.5653,R,A,,-55,,,
1791257619.5759,O,,,,-2.37069,0.9476,0.7903
1791257619.5765,O,,,,-2.37069,0.9460,0.7888
1791257619.5771,O,,,,-2.37069,0.9449,0.7877
1791257619.5776,O,,,,-2.37069,0.9434,0.7863
1791257619.6071,R,A,,-58,,,
1791257619.6073,R,B,,-68,,,
1791257619.6079,R,C,,-64,,,
1791257619.6511,O,,,,-2.37069,0.9419,0.7848
1791257619.6520,O,,,,-2.37201,0.9405,0.7835
1791257619.6528,O,,,,-2.37201,0.9390,0.7820
1791257619.6536,O,,,,-2.37201,0.9375,0.7805
1791257619.6563,R,C,,-63,,,
1791257619.6572,R,A,,-56,,,
1791257619.6795,R,B,,-62,,,
1791257619.6997,R,A,,-55,,,
1791257619.6999,R,C,,-65,,,
1791257619.7088,R,B,,-75,,,
1791257619.7322,O,,,,-2.37201,0.9360,0.7791
1791257619.7331,O,,,,-2.37201,0.9345,0.7776
1791257619.7338,O,,,,-2.37201,0.9333,0.7765
1791257619.7349,O,,,,-2.37201,0.9318,0.7750
1791257619.7463,R,C,,-75,,,
1791257619.7648,R,A,,-64,,,
1791257619.8148,O,,,,-2.37201,0.9303,0.7735
1791257619.8158,O,,,,-2.37201,0.9287,0.7721
1791257619.8166,O,,,,-2.37201,0.9272,0.7706
1791257619.8174,O,,,,-2.37201,0.9257,0.7691
1791257619.7794,R,B,,-64,,,
1791257619.7955,R,B,,-62,,,
1791257619.8087,R,C,,-66,,,
1791257619.8153,R,A,,-63,,,
1791257619.8378,R,B,,-72,,,
1791257619.8381,R,C,,-61,,,
1791257619.8583,R,A,,-65,,,
1791257619.8868,O,,,,-2.37201,0.9246,0.7680
1791257619.8878,O,,,,-2.37201,0.9230,0.7665
1791257619.8886,O,,,,-2.37201,0.9219,0.7654
1791257619.8893,O,,,,-2.37069,0.9206,0.7642
1791257619.8781,R,C,,-65,,,
1791257619.8784,R,B,,-75,,,
1791257619.8785,R,A,,-64,,,
1791257619.9664,O,,,,-2.36936,0.9192,0.7629
1791257619.9673,O,,,,-2.36936,0.9181,0.7618
1791257619.9681,O,,,,-2.36936,0.9170,0.7606
1791257619.9688,O,,,,-2.36936,0.9162,0.7599
1791257619.9252,R,B,,-74,,,
1791257619.9376,R,A,,-60,,,
1791257619.9379,R,C,,-65,,,
1791257619.9711,R,B,,-62,,,
1791257619.9815,R,C,,-67,,,
1791257619.9816,R,A,,-57,,,
1791257620.0153,R,B,,-63,,,
1791257620.0367,O,,,,-2.36936,0.9155,0.7592
1791257620.0378,O,,,,-2.36936,0.9147,0.7584
1791257620.0386,O,,,,-2.36936,0.9139,0.7577
1791257620.0272,R,C,,-73,,,
1791257620.0612,R,B,,-58,,,
1791257620.0651,R,A,,-60,,,
1791257620.1114,O,,,,-2.37069,0.9134,0.7571
1791257620.1124,O,,,,-2.36936,0.9128,0.7566
1791257620.1131,O,,,,-2.37069,0.9122,0.7560
1791257620.1139,O,,,,-2.36936,0.9117,0.7555
1791257620.1067,R,C,,-63,,,
1791257620.1076,R,A,,-60,,,
1791257620.1135,R,B,,-57,,,
1791257620.1549,R,B,,-69,,,
1791257620.1569,R,A,,-58,,,
1791257620.1570,R,C,,-64,,,
1791257620.1913,O,,,,-2.36936,0.9113,0.7551
1791257620.1925,O,,,,-2.36936,0.9109,0.7547
1791257620.1933,O,,,,-2.36936,0.9105,0.7544
1791257620.1942,O,,,,-2.36936,0.9101,0.7540
1791257620.1947,R,C,,-65,,,
1791257620.1949,R,A,,-65,,,
1791257620.2037,R,B,,-65,,,
1791257620.2497,R,C,,-72,,,
1791257620.2507,R,A,,-65,,,
1791257620.2510,R,B,,-67,,,
1791257620.2714,O,,,,-2.36936,0.9101,0.7540
1791257620.2727,O,,,,-2.37069,0.9096,0.7534
1791257620.2737,O,,,,-2.37069,0.9092,0.7531
1791257620.2744,O,,,,-2.36936,0.9086,0.7525
1791257620.2850,R,B,,-66,,,
1791257620.2860,R,C,,-69,,,
1791257620.2949,R,A,,-61,,,
1791257620.3510,O,,,,-2.36936,0.9086,0.7525
1791257620.3519,O,,,,-2.37069,0.9081,0.7520
1791257620.3553,O,,,,-2.36936,0.9075,0.7514
1791257620.3562,O,,,,-2.36936,0.9071,0.7510
1791257620.3296,R,B,,-66,,,
1791257620.3429,R,C,,-66,,,
1791257620.3450,R,A,,-64,,,
1791257620.3788,R,B,,-58,,,
1791257620.3795,R,C,,-65,,,
1791257620.3800,R,A,,-56,,,
1791257620.4271,O,,,,-2.36936,0.9063,0.7503
1791257620.4282,O,,,,-2.37069,0.9058,0.7498
1791257620.4291,O,,,,-2.37069,0.9050,0.7490
1791257620.4298,O,,,,-2.36936,0.9041,0.7481
1791257620.4280,R,C,,-67,,,
1791257620.4294,R,B,,-61,,,
1791257620.4504,R,A,,-54,,,
1791257620.4967,O,,,,-2.36936,0.9033,0.7474
1791257620.4978,O,,,,-2.37069,0.9024,0.7464
1791257620.4986,O,,,,-2.37069,0.9016,0.7457
1791257620.4715,R,B,,-70,,,
1791257620.4905,R,C,,-75,,,
1791257620.4953,R,A,,-62,,,
1791257620.5265,R,B,,-66,,,
1791257620.5266,R,C,,-69,,,
1791257620.5268,R,A,,-62,,,
1791257620.5651,R,A,,-62,,,
1791257620.5711,O,,,,-2.36936,0.9007,0.7448
1791257620.5720,O,,,,-2.37069,0.8997,0.7438
1791257620.5729,O,,,,-2.37069,0.8989,0.7431
1791257620.5742,O,,,,-2.37069,0.8978,0.7420
1791257620.5794,R,B,,-53,,,
1791257620.6081,R,C,,-61,,,
1791257620.6154,R,A,,-54,,,
1791257620.6514,O,,,,-2.37069,0.8970,0.7413
1791257620.6528,O,,,,-2.37201,0.8961,0.7403
1791257620.6540,O,,,,-2.37201,0.8950,0.7392
1791257620.6551,O,,,,-2.37334,0.8940,0.7383
1791257620.6225,R,B,,-63,,,
1791257620.6389,R,C,,-68,,,
1791257620.6581,R,C,,-70,,,
1791257620.6583,R,A,,-57,,,
1791257620.6587,R,B,,-59,,,
1791257620.7062,R,C,,-68,,,
1791257620.7149,R,A,,-57,,,
1791257620.7324,O,,,,-2.37598,0.8929,0.7372
1791257620.7332,O,,,,-2.37598,0.8917,0.7361
1791257620.7342,O,,,,-2.37863,0.8902,0.7346
1791257620.7350,O,,,,-2.37995,0.8888,0.7334
1791257620.7295,R,B,,-54,,,
1791257620.7511,R,B,,-63,,,
1791257620.7580,R,C,,-66,,,
1791257620.7624,R,A,,-57,,,
1791257620.8131,O,,,,-2.38260,0.8873,0.7319
1791257620.8140,O,,,,-2.38392,0.8860,0.7306
1791257620.8148,O,,,,-2.38657,0.8840,0.7288
1791257620.8156,O,,,,-2.38922,0.8825,0.7274
1791257620.7976,R,A,,-63,,,
1791257620.8498,R,A,,-63,,,
1791257620.8501,R,B,,-60,,,
1791257620.8868,O,,,,-2.39187,0.8806,0.7256
1791257620.8878,O,,,,-2.39451,0.8786,0.7238
1791257620.8886,O,,,,-2.39716,0.8767,0.7220
1791257620.8893,O,,,,-2.39981,0.8747,0.7202
1791257620.8951,R,B,,-71,,,
1791257620.8964,R,C,,-68,,,
1791257620.8965,R,A,,-64,,,
1791257620.9616,O,,,,-2.40246,0.8728,0.7184
1791257620.9624,O,,,,-2.40510,0.8708,0.7166
1791257620.9636,O,,,,-2.40775,0.8689,0.7148
1791257620.9644,O,,,,-2.41040,0.8669,0.7131
1791257620.9391,R,C,,-73,,,
1791257620.9393,R,A,,-63,,,
1791257620.9708,R,B,,-67,,,
1791257620.9856,R,C,,-67,,,
1791257620.9867,R,A,,-59,,,
1791257621.0169,R,B,,-63,,,
1791257621.0318,O,,,,-2.41437,0.8651,0.7115
1791257621.0328,O,,,,-2.41569,0.8633,0.7099
1791257621.0335,O,,,,-2.41702,0.8615,0.7083
1791257621.0587,R,C,,-69,,,
1791257621.0651,R,A,,-58,,,
1791257621.1113,O,,,,-2.41834,0.8598,0.7067
1791257621.1124,O,,,,-2.41966,0.8580,0.7052
1791257621.1132,O,,,,-2.42099,0.8562,0.7036
1791257621.1140,O,,,,-2.42099,0.8546,0.7022
1791257621.0777,R,B,,-68,,,
1791257621.1089,R,C,,-69,,,
1791257621.1153,R,A,,-57,,,
1791257621.1296,R,B,,-65,,,
1791257621.1300,R,A,,-55,,,
1791257621.1378,R,C,,-65,,,
1791257621.1628,R,A,,-55,,,
1791257621.1632,R,B,,-63,,,
1791257621.1862,O,,,,-2.42099,0.8530,0.7008
1791257621.1871,O,,,,-2.42231,0.8516,0.6996
1791257621.1879,O,,,,-2.42231,0.8500,0.6982
1791257621.1886,O,,,,-2.42231,0.8484,0.6968
1791257621.1744,R,C,,-69,,,
1791257621.2103,R,A,,-56,,,
1791257621.2137,R,B,,-67,,,
1791257621.2662,O,,,,-2.42363,0.8470,0.6956
1791257621.2671,O,,,,-2.42231,0.8456,0.6943
1791257621.2679,O,,,,-2.42363,0.8442,0.6931
1791257621.2687,O,,,,-2.42363,0.8430,0.6921
1791257621.2584,R,C,,-69,,,
1791257621.2586,R,A,,-57,,,
1791257621.3019,R,C,,-72,,,
1791257621.3022,R,A,,-55,,,
1791257621.3025,R,B,,-64,,,
1791257621.3472,O,,,,-2.42231,0.8416,0.6908
1791257621.3482,O,,,,-2.42363,0.8402,0.6896
1791257621.3489,O,,,,-2.42363,0.8391,0.6886
1791257621.3497,O,,,,-2.42496,0.8381,0.6877
1791257621.3474,R,C,,-65,,,
1791257621.3476,R,B,,-69,,,
1791257621.3486,R,A,,-55,,,
1791257621.4088,R,C,,-69,,,
1791257621.4153,R,A,,-57,,,
1791257621.4210,O,,,,-2.42363,0.8371,0.6868
1791257621.4219,O,,,,-2.42363,0.8359,0.6858
1791257621.4226,O,,,,-2.42231,0.8349,0.6849
1791257621.4234,O,,,,-2.42363,0.8339,0.6841
1791257621.4304,R,B,,-64,,,
1791257621.4589,R,C,,-70,,,
1791257621.4658,R,A,,-55,,,
1791257621.4678,R,B,,-63,,,
1791257621.4913,O,,,,-2.42363,0.8331,0.6834
1791257621.4922,O,,,,-2.42363,0.8323,0.6827
1791257621.4930,O,,,,-2.42363,0.8315,0.6820
1791257621.4855,R,B,,-67,,,
1791257621.4954,R,A,,-55,,,
1791257621.5088,R,C,,-64,,,
1791257621.5592,R,C,,-67,,,
1791257621.5650,R,A,,-57,,,
1791257621.5709,O,,,,-2.42363,0.8307,0.6813
1791257621.5718,O,,,,-2.42231,0.8301,0.6807
1791257621.5725,O,,,,-2.42363,0.8295,0.6802
1791257621.5733,O,,,,-2.42231,0.8289,0.6797
1791257621.5789,R,B,,-64,,,
1791257621.5831,R,B,,-65,,,
1791257621.6002,R,C,,-67,,,
1791257621.6003,R,A,,-56,,,
1791257621.6460,O,,,,-2.42231,0.8281,0.6790
1791257621.6469,O,,,,-2.42231,0.8277,0.6787
1791257621.6477,O,,,,-2.42363,0.8275,0.6785
1791257621.6484,O,,,,-2.42231,0.8273,0.6783
1791257621.6320,R,A,,-54,,,
1791257621.6440,R,C,,-63,,,
1791257621.6704,R,C,,-67,,,
1791257621.6803,R,B,,-66,,,
1791257621.7006,R,A,,-57,,,
1791257621.7270,O,,,,-2.42231,0.8269,0.6780
1791257621.7279,O,,,,-2.42231,0.8269,0.6780
1791257621.7288,O,,,,-2.42231,0.8269,0.6780
1791257621.7296,O,,,,-2.42231,0.8269,0.6780
1791257621.7301,R,B,,-65,,,
1791257621.7448,R,A,,-55,,,
1791257621.7453,R,C,,-65,,,
1791257621.8071,O,,,,-2.42231,0.8269,0.6780
1791257621.8081,O,,,,-2.42231,0.8269,0.6780
1791257621.8088,O,,,,-2.42231,0.8269,0.6780
1791257621.8096,O,,,,-2.42231,0.8269,0.6780
1791257621.7704,R,C,,-61,,,
1791257621.7706,R,A,,-54,,,
1791257621.7708,R,B,,-62,,,
1791257621.8137,R,B,,-65,,,
1791257621.8163,R,A,,-54,,,
1791257621.8586,R,C,,-65,,,
1791257621.8638,R,A,,-57,,,
1791257621.8641,R,C,,-62,,,
1791257621.8647,R,B,,-64,,,
1791257621.8820,O,,,,-2.42231,0.8269,0.6780
1791257621.8835,O,,,,-2.42231,0.8269,0.6780
1791257621.8848,O,,,,-2.42231,0.8269,0.6780
1791257621.8859,O,,,,-2.42231,0.8269,0.6780
1791257621.9036,R,A,,-55,,,
1791257621.9041,R,B,,-62,,,
1791257621.9053,R,C,,-62,,,
1791257621.9628,O,,,,-2.42231,0.8269,0.6780
1791257621.9642,O,,,,-2.42231,0.8269,0.6780
1791257621.9655,O,,,,-2.42231,0.8269,0.6780
1791257621.9667,O,,,,-2.42231,0.8269,0.6780
1791257621.9586,R,C,,-61,,,
1791257621.9652,R,A,,-55,,,
1791257621.9802,R,B,,-65,,,
1791257621.9905,R,C,,-68,,,
1791257621.9912,R,B,,-63,,,
1791257621.9917,R,A,,-56,,,
1791257622.0321,O,,,,-2.42231,0.8269,0.6780
1791257622.0330,O,,,,-2.42231,0.8269,0.6780
1791257622.0338,O,,,,-2.42231,0.8269,0.6780
1791257622.0357,R,A,,-55,,,
1791257622.0389,R,C,,-65,,,
1791257622.0393,R,B,,-61,,,
1791257622.1063,O,,,,-2.42231,0.8269,0.6780
1791257622.1073,O,,,,-2.42231,0.8269,0.6780
1791257622.1083,O,,,,-2.42231,0.8269,0.6780
1791257622.1097,O,,,,-2.42231,0.8269,0.6780
1791257622.1071,R,B,,-65,,,
1791257622.1087,R,C,,-59,,,
1791257622.1091,R,A,,-55,,,
1791257622.1251,R,C,,-63,,,
1791257622.1260,R,A,,-57,,,
1791257622.1297,R,B,,-65,,,
1791257622.1876,O,,,,-2.42231,0.8269,0.6780
1791257622.1886,O,,,,-2.42231,0.8269,0.6780
1791257622.1894,O,,,,-2.42231,0.8269,0.6780
1791257622.1902,O,,,,-2.42231,0.8269,0.6780
1791257622.1735,R,B,,-67,,,
1791257622.1736,R,C,,-60,,,
1791257622.2154,R,A,,-55,,,
1791257622.2621,O,,,,-2.42231,0.8269,0.6780
1791257622.2637,O,,,,-2.42231,0.8269,0.6780
1791257622.2645,O,,,,-2.42231,0.8269,0.6780
1791257622.2654,O,,,,-2.42231,0.8269,0.6780
1791257622.2273,R,C,,-58,,,
1791257622.2276,R,B,,-64,,,
1791257622.2277,R,A,,-55,,,
1791257622.2653,R,C,,-63,,,
1791257622.2803,R,B,,-75,,,
1791257622.3092,R,A,,-63,,,
1791257622.3094,R,C,,-71,,,
1791257622.3097,R,B,,-67,,,
1791257622.3421,O,,,,-2.42231,0.8269,0.6780
1791257622.3433,O,,,,-2.42231,0.8269,0.6780
1791257622.3441,O,,,,-2.42231,0.8269,0.6780
1791257622.3449,O,,,,-2.42231,0.8269,0.6780
1791257622.3573,R,C,,-73,,,
1791257622.3654,R,A,,-56,,,
1791257622.3797,R,B,,-69,,,
1791257622.4092,R,C,,-69,,,
1791257622.4157,R,A,,-55,,,
1791257622.4217,O,,,,-2.42231,0.8269,0.6780
1791257622.4231,O,,,,-2.42231,0.8269,0.6780
1791257622.4239,O,,,,-2.42231,0.8269,0.6780
1791257622.4246,O,,,,-2.42231,0.8269,0.6780
1791257622.4218,R,B,,-72,,,
1791257622.4533,R,C,,-70,,,
1791257622.4655,R,A,,-57,,,
1791257622.4915,O,,,,-2.42231,0.8269,0.6780
1791257622.4925,O,,,,-2.42231,0.8269,0.6780
1791257622.4933,O,,,,-2.42231,0.8269,0.6780
1791257622.4722,R,B,,-63,,,
1791257622.5041,R,A,,-57,,,
1791257622.5044,R,B,,-71,,,
1791257622.5082,R,C,,-70,,,
1791257622.5665,O,,,,-2.42231,0.8269,0.6780
1791257622.5676,O,,,,-2.42231,0.8269,0.6780
1791257622.5685,O,,,,-2.42231,0.8269,0.6780
1791257622.5692,O,,,,-2.42231,0.8269,0.6780
1791257622.5478,R,B,,-79,,,
1791257622.5497,R,C,,-69,,,
1791257622.5504,R,A,,-59,,,
1791257622.5899,R,C,,-69,,,
1791257622.5902,R,B,,-71,,,
1791257622.5903,R,A,,-62,,,
1791257622.6460,O,,,,-2.42231,0.8269,0.6780
1791257622.6470,O,,,,-2.42231,0.8269,0.6780
1791257622.6479,O,,,,-2.42231,0.8269,0.6780
1791257622.6487,O,,,,-2.42231,0.8269,0.6780
1791257622.6420,R,C,,-64,,,
1791257622.6423,R,A,,-57,,,
1791257622.6425,R,B,,-61,,,
1791257622.6815,R,C,,-71,,,
1791257622.7046,R,A,,-59,,,
1791257622.7217,O,,,,-2.42231,0.8269,0.6780
1791257622.7226,O,,,,-2.42231,0.8269,0.6780
1791257622.7233,O,,,,-2.42231,0.8269,0.6780
1791257622.7240,O,,,,-2.42231,0.8269,0.6780
1791257622.7293,R,B,,-76,,,
1791257622.7503,R,A,,-63,,,
1791257622.7514,R,C,,-71,,,
1791257622.8020,O,,,,-2.42231,0.8269,0.6780
1791257622.8030,O,,,,-2.42231,0.8269,0.6780
1791257622.8038,O,,,,-2.42231,0.8269,0.6780
1791257622.8046,O,,,,-2.42231,0.8269,0.6780
1791257622.8268,R,C,,-64,,,
1791257622.8269,R,B,,-62,,,
1791257622.8271,R,A,,-62,,,
1791257622.8627,R,B,,-71,,,
1791257622.8654,R,A,,-62,,,
1791257622.8659,R,C,,-73,,,
1791257622.8810,O,,,,-2.42231,0.8269,0.6780
1791257622.8820,O,,,,-2.42231,0.8269,0.6780
1791257622.8852,O,,,,-2.42231,0.8269,0.6780
1791257622.8860,O,,,,-2.42231,0.8269,0.6780
1791257622.9047,R,C,,-77,,,
1791257622.9048,R,A,,-60,,,
1791257622.9050,R,B,,-67,,,
1791257622.9565,O,,,,-2.42231,0.8269,0.6780
1791257622.9574,O,,,,-2.42231,0.8269,0.6780
1791257622.9582,O,,,,-2.42231,0.8269,0.6780
1791257622.9590,O,,,,-2.42231,0.8269,0.6780
1791257622.9484,R,A,,-53,,,
1791257622.9485,R,C,,-66,,,
1791257622.9487,R,B,,-63,,,
1791257622.9943,R,C,,-59,,,
1791257622.9945,R,A,,-51,,,
1791257623.0271,O,,,,-2.42231,0.8269,0.6780
1791257623.0286,O,,,,-2.42231,0.8269,0.6780
1791257623.0295,O,,,,-2.42231,0.8269,0.6780
1791257623.0297,R,B,,-92,,,
1791257623.0588,R,C,,-64,,,
1791257623.0612,R,A,,-52,,,
1791257623.0675,R,B,,-77,,,
1791257623.1068,O,,,,-2.42231,0.8269,0.6780
1791257623.1079,O,,,,-2.42231,0.8269,0.6780
1791257623.1087,O,,,,-2.42231,0.8269,0.6780
1791257623.1095,O,,,,-2.42231,0.8269,0.6780
1791257623.0801,R,B,,-71,,,
1791257623.1089,R,C,,-60,,,
1791257623.1102,R,A,,-52,,,
1791257623.1303,R,B,,-71,,,
1791257623.1437,R,C,,-58,,,
1791257623.1445,R,A,,-52,,,
1791257623.1651,R,C,,-65,,,
1791257623.1819,O,,,,-2.42231,0.8269,0.6780
1791257623.1834,O,,,,-2.42231,0.8269,0.6780
1791257623.1847,O,,,,-2.42231,0.8269,0.6780
1791257623.1858,O,,,,-2.42231,0.8269,0.6780
1791257623.1803,R,B,,-81,,,
1791257623.2111,R,A,,-57,,,
1791257623.2618,O,,,,-2.42231,0.8269,0.6780
1791257623.2628,O,,,,-2.42231,0.8269,0.6780
1791257623.2637,O,,,,-2.42231,0.8269,0.6780
1791257623.2645,O,,,,-2.42231,0.8269,0.6780
1791257623.2304,R,B,,-66,,,
1791257623.2603,R,B,,-67,,,
1791257623.2653,R,A,,-57,,,
1791257623.3006,R,B,,-88,,,
1791257623.3053,R,C,,-63,,,
1791257623.3064,R,A,,-58,,,
1791257623.3414,O,,,,-2.42231,0.8269,0.6780
1791257623.3428,O,,,,-2.42231,0.8269,0.6780
1791257623.3440,O,,,,-2.42231,0.8269,0.6780
1791257623.3451,O,,,,-2.42231,0.8269,0.6780
1791257623.3492,R,C,,-64,,,
1791257623.3615,R,B,,-65,,,
1791257623.3654,R,A,,-57,,,
1791257623.4169,O,,,,-2.42231,0.8269,0.6780
1791257623.4183,O,,,,-2.42231,0.8269,0.6780
1791257623.4191,O,,,,-2.42231,0.8269,0.6780
1791257623.4200,O,,,,-2.42231,0.8269,0.6780
1791257623.4004,R,C,,-60,,,
1791257623.4157,R,B,,-68,,,
1791257623.4159,R,A,,-56,,,
1791257623.4415,R,C,,-64,,,
1791257623.4417,R,A,,-56,,,
1791257623.4515,R,B,,-76,,,
1791257623.4871,O,,,,-2.42231,0.8269,0.6780
1791257623.4882,O,,,,-2.42231,0.8269,0.6780
1791257623.4913,O,,,,-2.42231,0.8269,0.6780
1791257623.4866,R,C,,-65,,,
1791257623.4868,R,A,,-56,,,
1791257623.5665,O,,,,-2.42231,0.8269,0.6780
1791257623.5674,O,,,,-2.42231,0.8269,0.6780
1791257623.5682,O,,,,-2.42231,0.8269,0.6780
1791257623.5690,O,,,,-2.42231,0.8269,0.6780
1791257623.5257,R,B,,-68,,,
1791257623.5277,R,A,,-55,,,
1791257623.5284,R,B,,-78,,,
1791257623.5288,R,C,,-63,,,
1791257623.5703,R,B,,-65,,,
1791257623.5910,R,C,,-57,,,
1791257623.5912,R,A,,-52,,,
1791257623.6110,R,B,,-71,,,
1791257623.6152,R,A,,-53,,,
1791257623.6414,O,,,,-2.42231,0.8269,0.6780
1791257623.6429,O,,,,-2.42231,0.8269,0.6780
1791257623.6442,O,,,,-2.42231,0.8269,0.6780
1791257623.6450,O,,,,-2.42231,0.8269,0.6780
1791257623.6513,R,C,,-65,,,
1791257623.6542,R,C,,-63,,,
1791257623.6642,R,A,,-59,,,
1791257623.6644,R,B,,-67,,,
1791257623.7019,R,A,,-58,,,
1791257623.7083,R,C,,-61,,,
1791257623.7216,O,,,,-2.42231,0.8269,0.6780
1791257623.7224,O,,,,-2.42231,0.8269,0.6780
1791257623.7232,O,,,,-2.42231,0.8269,0.6780
1791257623.7240,O,,,,-2.42231,0.8269,0.6780
1791257623.7301,R,B,,-76,,,
1791257623.7434,R,B,,-79,,,
1791257623.7596,R,C,,-56,,,
1791257623.7654,R,A,,-57,,,
1791257623.8018,O,,,,-2.42231,0.8269,0.6780
1791257623.8032,O,,,,-2.42231,0.8269,0.6780
1791257623.8039,O,,,,-2.42231,0.8269,0.6780
1791257623.8047,O,,,,-2.42231,0.8269,0.6780
1791257623.7902,R,C,,-64,,,
1791257623.7904,R,A,,-62,,,
1791257623.7907,R,B,,-72,,,
1791257623.8589,R,C,,-65,,,
1791257623.8654,R,A,,-60,,,
1791257623.8760,O,,,,-2.42231,0.8269,0.6780
1791257623.8769,O,,,,-2.42231,0.8269,0.6780
1791257623.8778,O,,,,-2.42231,0.8269,0.6780
1791257623.8785,O,,,,-2.42231,0.8269,0.6780
1791257623.8799,R,B,,-71,,,
1791257623.8980,R,C,,-53,,,
1791257623.8997,R,A,,-56,,,
1791257623.9475,O,,,,-2.42231,0.8269,0.6780
1791257623.9485,O,,,,-2.42231,0.8269,0.6780
1791257623.9492,O,,,,-2.42231,0.8269,0.6780
1791257623.9208,R,B,,-72,,,
1791257623.9288,R,C,,-63,,,
1791257623.9290,R,A,,-59,,,
1791257623.9681,R,C,,-61,,,
1791257623.9720,R,B,,-69,,,
1791257624.0110,R,A,,-60,,,
1791257624.0121,R,B,,-69,,,
1791257624.0273,O,,,,-2.42231,0.8269,0.6780
1791257624.0284,O,,,,-2.42231,0.8269,0.6780
1791257624.0292,O,,,,-2.42231,0.8269,0.6780
1791257624.0299,O,,,,-2.42231,0.8269,0.6780
1791257624.0554,R,C,,-55,,,
1791257624.0556,R,A,,-56,,,
1791257624.0674,R,B,,-72,,,
1791257624.1025,O,,,,-2.42231,0.8269,0.6780
1791257624.1036,O,,,,-2.42231,0.8269,0.6780
1791257624.1044,O,,,,-2.42231,0.8269,0.6780
1791257624.1052,O,,,,-2.42231,0.8269,0.6780
1791257624.0960,R,C,,-64,,,
1791257624.1046,R,A,,-61,,,
1791257624.1299,R,B,,-69,,,
1791257624.1436,R,A,,-60,,,
1791257624.1438,R,C,,-62,,,
1791257624.1442,R,B,,-68,,,
1791257624.1816,O,,,,-2.42231,0.8269,0.6780
1791257624.1831,O,,,,-2.42231,0.8269,0.6780
1791257624.1839,O,,,,-2.42231,0.8269,0.6780
1791257624.1846,O,,,,-2.42231,0.8269,0.6780
1791257624.2009,R,C,,-55,,,
1791257624.2013,R,A,,-55,,,
1791257624.2565,O,,,,-2.42231,0.8269,0.6780
1791257624.2575,O,,,,-2.42231,0.8269,0.6780
1791257624.2584,O,,,,-2.42231,0.8269,0.6780
1791257624.2592,O,,,,-2.42231,0.8269,0.6780
1791257624.2303,R,B,,-78,,,
1791257624.2365,R,C,,-63,,,
1791257624.2367,R,A,,-59,,,
1791257624.2804,R,B,,-71,,,
1791257624.2986,R,C,,-63,,,
1791257624.3107,R,A,,-60,,,
1791257624.3371,O,,,,-2.42231,0.8269,0.6780
1791257624.3381,O,,,,-2.42231,0.8269,0.6780
1791257624.3389,O,,,,-2.42231,0.8269,0.6780
1791257624.3399,O,,,,-2.42231,0.8269,0.6780
1791257624.3303,R,B,,-75,,,
1791257624.3384,R,C,,-56,,,
1791257624.3386,R,A,,-56,,,
1791257624.3657,R,A,,-57,,,
1791257624.4173,O,,,,-2.42231,0.8269,0.6780
1791257624.4183,O,,,,-2.42231,0.8269,0.6780
1791257624.4191,O,,,,-2.42231,0.8269,0.6780
1791257624.4199,O,,,,-2.42231,0.8269,0.6780
1791257624.3805,R,B,,-89,,,
1791257624.3811,R,C,,-61,,,
1791257624.4068,R,A,,-64,,,
1791257624.4075,R,C,,-61,,,
1791257624.4128,R,B,,-75,,,
1791257624.4598,R,C,,-60,,,
1791257624.4654,R,A,,-60,,,
1791257624.4868,O,,,,-2.42231,0.8269,0.6780
1791257624.4878,O,,,,-2.42231,0.8269,0.6780
1791257624.4886,O,,,,-2.42231,0.8269,0.6780
1791257624.4707,R,B,,-70,,,
1791257624.4924,R,C,,-59,,,
1791257624.4941,R,A,,-62,,,
1791257624.5001,R,B,,-88,,,
1791257624.5617,O,,,,-2.42231,0.8269,0.6780
1791257624.5630,O,,,,-2.42231,0.8269,0.6780
1791257624.5638,O,,,,-2.42231,0.8269,0.6780
1791257624.5646,O,,,,-2.42231,0.8269,0.6780
1791257624.5492,R,C,,-64,,,
1791257624.5504,R,B,,-77,,,
1791257624.5592,R,A,,-69,,,
1791257624.5799,R,B,,-69,,,
1791257624.6091,R,C,,-62,,,
1791257624.6095,R,A,,-70,,,
1791257624.6415,O,,,,-2.42231,0.8269,0.6780
1791257624.6429,O,,,,-2.42231,0.8269,0.6780
1791257624.6439,O,,,,-2.42231,0.8269,0.6780
1791257624.6447,O,,,,-2.42231,0.8269,0.6780
1791257624.6215,R,B,,-60,,,
1791257624.6256,R,C,,-64,,,
1791257624.6258,R,A,,-74,,,
1791257624.6663,R,A,,-67,,,
1791257624.7166,O,,,,-2.42231,0.8269,0.6780
1791257624.7179,O,,,,-2.42231,0.8269,0.6780
1791257624.7187,O,,,,-2.42231,0.8269,0.6780
1791257624.7195,O,,,,-2.42231,0.8269,0.6780
1791257624.6802,R,B,,-70,,,
1791257624.6979,R,C,,-62,,,
1791257624.7141,R,A,,-76,,,
1791257624.7143,R,B,,-69,,,
1791257624.7453,R,C,,-57,,,
1791257624.7617,R,B,,-69,,,
1791257624.7656,R,A,,-67,,,
1791257624.7976,O,,,,-2.42231,0.8269,0.6780
1791257624.7986,O,,,,-2.42231,0.8269,0.6780
1791257624.7994,O,,,,-2.42231,0.8269,0.6780
1791257624.8002,O,,,,-2.42231,0.8269,0.6780
1791257624.8081,R,A,,-62,,,
1791257624.8083,R,C,,-58,,,
1791257624.8300,R,B,,-83,,,
1791257624.8502,R,A,,-62,,,
1791257624.8504,R,C,,-62,,,
1791257624.8506,R,B,,-84,,,
1791257624.8767,O,,,,-2.42231,0.8269,0.6780
1791257624.8778,O,,,,-2.42231,0.8269,0.6780
1791257624.8787,O,,,,-2.42231,0.8269,0.6780
1791257624.8794,O,,,,-2.42231,0.8269,0.6780
1791257624.8987,R,C,,-64,,,
1791257624.8993,R,B,,-70,,,
1791257624.8998,R,A,,-64,,,
1791257624.9421,O,,,,-2.42231,0.8269,0.6780
1791257624.9434,O,,,,-2.42231,0.8269,0.6780
1791257624.9444,O,,,,-2.42231,0.8269,0.6780
1791257624.9432,R,A,,-68,,,
1791257624.9434,R,C,,-65,,,
1791257624.9502,R,B,,-78,,,
1791257624.9816,R,C,,-69,,,
1791257624.9818,R,A,,-76,,,
1791257625.0217,O,,,,-2.42231,0.8269,0.6780
1791257625.0226,O,,,,-2.42231,0.8269,0.6780
1791257625.0233,O,,,,-2.42231,0.8269,0.6780
1791257625.0241,O,,,,-2.42231,0.8269,0.6780
1791257625.0236,R,B,,-77,,,
1791257625.0237,R,C,,-66,,,
1791257625.0565,R,A,,-76,,,
1791257625.1009,O,,,,-2.42231,0.8269,0.6780
1791257625.1019,O,,,,-2.42231,0.8269,0.6780
1791257625.1030,O,,,,-2.42231,0.8269,0.6780
1791257625.1038,O,,,,-2.42231,0.8269,0.6780
1791257625.0778,R,C,,-65,,,
1791257625.0779,R,B,,-75,,,
1791257625.1147,R,B,,-73,,,
1791257625.1436,R,C,,-64,,,
1791257625.1598,R,B,,-67,,,
1791257625.1656,R,A,,-66,,,
1791257625.1767,O,,,,-2.42231,0.8269,0.6780
1791257625.1775,O,,,,-2.42231,0.8269,0.6780
1791257625.1783,O,,,,-2.42231,0.8269,0.6780
1791257625.1792,O,,,,-2.42231,0.8269,0.6780
1791257625.2086,R,C,,-82,,,
1791257625.2158,R,A,,-65,,,
1791257625.2564,O,,,,-2.42231,0.8269,0.6780
1791257625.2573,O,,,,-2.42231,0.8269,0.6780
1791257625.2582,O,,,,-2.42231,0.8269,0.6780
1791257625.2589,O,,,,-2.42231,0.8269,0.6780
1791257625.2286,R,B,,-65,,,
1791257625.2448,R,C,,-71,,,
1791257625.2518,R,B,,-69,,,
1791257625.2534,R,A,,-64,,,
1791257625.3086,R,C,,-71,,,
1791257625.3158,R,A,,-78,,,
1791257625.3359,O,,,,-2.42231,0.8269,0.6780
1791257625.3366,O,,,,-2.42231,0.8269,0.6780
1791257625.3373,O,,,,-2.42231,0.8269,0.6780
1791257625.3379,O,,,,-2.42231,0.8269,0.6780
1791257625.3271,R,B,,-67,,,
1791257625.3292,R,A,,-67,,,
1791257625.3299,R,B,,-61,,,
1791257625.3496,R,C,,-62,,,
1791257625.4150,O,,,,-2.42231,0.8269,0.6780
1791257625.4158,O,,,,-2.42231,0.8269,0.6780
1791257625.4166,O,,,,-2.42231,0.8269,0.6780
1791257625.4176,O,,,,-2.42231,0.8269,0.6780
1791257625.3803,R,B,,-57,,,
1791257625.4075,R,C,,-62,,,
1791257625.4144,R,A,,-58,,,
1791257625.4172,R,A,,-56,,,
1791257625.4208,R,C,,-72,,,
1791257625.4210,R,B,,-64,,,
1791257625.4586,R,C,,-69,,,
1791257625.4591,R,A,,-63,,,
1791257625.4606,R,B,,-63,,,
1791257625.4825,O,,,,-2.42231,0.8269,0.6780
1791257625.4834,O,,,,-2.42231,0.8269,0.6780
1791257625.4841,O,,,,-2.42231,0.8269,0.6780
1791257625.5053,R,A,,-60,,,
1791257625.5094,R,C,,-66,,,
1791257625.5614,O,,,,-2.42231,0.8269,0.6780
1791257625.5623,O,,,,-2.42231,0.8269,0.6780
1791257625.5631,O,,,,-2.42231,0.8269,0.6780
1791257625.5639,O,,,,-2.42231,0.8269,0.6780
1791257625.5300,R,B,,-57,,,
1791257625.5593,R,C,,-66,,,
1791257625.5595,R,B,,-60,,,
1791257625.5614,R,A,,-58,,,
1791257625.5966,R,C,,-73,,,
1791257625.5973,R,B,,-64,,,
1791257625.6047,R,A,,-63,,,
1791257625.6369,O,,,,-2.42231,0.8269,0.6780
1791257625.6380,O,,,,-2.42231,0.8269,0.6780
1791257625.6389,O,,,,-2.42231,0.8269,0.6780
1791257625.6397,O,,,,-2.42231,0.8269,0.6780
1791257625.6403,R,C,,-67,,,
1791257625.6405,R,A,,-65,,,
1791257625.7165,O,,,,-2.42231,0.8269,0.6780
1791257625.7173,O,,,,-2.42363,0.8267,0.6778
1791257625.7182,O,,,,-2.42231,0.8265,0.6776
1791257625.7189,O,,,,-2.42363,0.8263,0.6774
1791257625.6767,R,B,,-66,,,
1791257625.6831,R,C,,-57,,,
1791257625.6843,R,A,,-66,,,
1791257625.7255,R,C,,-69,,,
1791257625.7257,R,A,,-65,,,
1791257625.7299,R,B,,-64,,,
1791257625.7963,O,,,,-2.42363,0.8259,0.6771
1791257625.7974,O,,,,-2.42496,0.8257,0.6769
1791257625.7983,O,,,,-2.42628,0.8251,0.6764
1791257625.7991,O,,,,-2.42760,0.8245,0.6759
1791257625.7804,R,B,,-61,,,
1791257625.7855,R,C,,-64,,,
1791257625.8246,R,B,,-66,,,
1791257625.8248,R,C,,-56,,,
1791257625.8656,R,B,,-64,,,
1791257625.8802,O,,,,-2.43025,0.8237,0.6752
1791257625.8816,O,,,,-2.43290,0.8229,0.6745
1791257625.8824,O,,,,-2.43422,0.8219,0.6736
1791257625.8832,O,,,,-2.43687,0.8207,0.6726
1791257625.8825,R,C,,-66,,,
1791257625.9119,R,A,,-62,,,
1791257625.9452,O,,,,-2.43952,0.8195,0.6716
1791257625.9464,O,,,,-2.44084,0.8181,0.6704
1791257625.9472,O,,,,-2.44217,0.8166,0.6692
1791257625.9301,R,B,,-61,,,
1791257625.9585,R,C,,-61,,,
1791257625.9626,R,A,,-65,,,
1791257625.9643,R,B,,-66,,,
1791257626.0208,O,,,,-2.44481,0.8150,0.6678
1791257625.9736,R,C,,-57,,,
1791257626.0054,R,C,,-59,,,
1791257626.0157,R,A,,-63,,,
1791257626.0219,O,,,,-2.44746,0.8134,0.6665
1791257626.0229,O,,,,-2.45143,0.8116,0.6649
1791257626.0237,O,,,,-2.45408,0.8095,0.6633
1791257626.0575,R,C,,-61,,,
1791257626.0578,R,A,,-62,,,
1791257626.0584,R,B,,-60,,,
1791257626.0968,O,,,,-2.45673,0.8075,0.6616
1791257626.0983,O,,,,-2.45937,0.8054,0.6599
1791257626.0992,O,,,,-2.46334,0.8031,0.6581
1791257626.0999,O,,,,-2.46467,0.8009,0.6563
1791257626.1027,R,C,,-61,,,
1791257626.1031,R,B,,-58,,,
1791257626.1032,R,A,,-64,,,
1791257626.1462,R,C,,-61,,,
1791257626.1566,R,B,,-68,,,
1791257626.1581,R,A,,-63,,,
1791257626.1766,O,,,,-2.46864,0.7986,0.6544
1791257626.1775,O,,,,-2.47129,0.7961,0.6525
1791257626.1786,O,,,,-2.47393,0.7932,0.6502
1791257626.1795,O,,,,-2.47790,0.7905,0.6480
1791257626.1925,R,A,,-63,,,
1791257626.1988,R,C,,-83,,,
1791257626.2119,R,B,,-62,,,
1791257626.2512,O,,,,-2.48055,0.7876,0.6458
1791257626.2521,O,,,,-2.48320,0.7846,0.6435
1791257626.2529,O,,,,-2.48585,0.7817,0.6412
1791257626.2536,O,,,,-2.48717,0.7786,0.6388
1791257626.2444,R,A,,-64,,,
1791257626.2445,R,C,,-63,,,
1791257626.2448,R,B,,-62,,,
1791257626.2949,R,B,,-66,,,
1791257626.2958,R,C,,-64,,,
1791257626.2975,R,A,,-62,,,
1791257626.3314,O,,,,-2.49114,0.7754,0.6364
1791257626.3324,O,,,,-2.49379,0.7720,0.6338
1791257626.3332,O,,,,-2.49644,0.7691,0.6316
1791257626.3340,O,,,,-2.49908,0.7657,0.6290
1791257626.3301,R,B,,-64,,,
1791257626.3591,R,C,,-66,,,
1791257626.3656,R,A,,-61,,,
1791257626.4175,O,,,,-2.50041,0.7625,0.6267
1791257626.4185,O,,,,-2.50173,0.7593,0.6243
1791257626.4193,O,,,,-2.50173,0.7559,0.6218
1791257626.4201,O,,,,-2.50305,0.7527,0.6194
1791257626.3796,R,A,,-60,,,
1791257626.3799,R,C,,-63,,,
1791257626.3800,R,B,,-62,,,
1791257626.4146,R,B,,-57,,,
1791257626.4148,R,C,,-56,,,
1791257626.4160,R,A,,-59,,,
1791257626.4660,R,A,,-58,,,
1791257626.4825,O,,,,-2.50305,0.7493,0.6169
1791257626.4836,O,,,,-2.50438,0.7461,0.6145
1791257626.4844,O,,,,-2.50438,0.7427,0.6120
1791257626.4803,R,B,,-61,,,
1791257626.5009,R,C,,-57,,,
1791257626.5042,R,C,,-56,,,
1791257626.5133,R,A,,-61,,,
1791257626.5137,R,B,,-60,,,
1791257626.5568,O,,,,-2.50570,0.7396,0.6096
1791257626.5579,O,,,,-2.50570,0.7361,0.6071
1791257626.5587,O,,,,-2.50570,0.7327,0.6046
1791257626.5595,O,,,,-2.50702,0.7295,0.6022
1791257626.5529,R,A,,-61,,,
1791257626.5532,R,C,,-61,,,
1791257626.5800,R,B,,-61,,,
1791257626.5934,R,B,,-65,,,
1791257626.5948,R,C,,-62,,,
1791257626.6158,R,A,,-61,,,
1791257626.6367,O,,,,-2.50702,0.7261,0.5997
1791257626.6378,O,,,,-2.50570,0.7229,0.5974
1791257626.6387,O,,,,-2.50570,0.7195,0.5949
1791257626.6395,O,,,,-2.50702,0.7163,0.5925
1791257626.6433,R,C,,-83,,,
1791257626.6493,R,B,,-62,,,
1791257626.6499,R,A,,-63,,,
1791257626.7117,O,,,,-2.50570,0.7131,0.5901
1791257626.7127,O,,,,-2.50570,0.7097,0.5876
1791257626.7135,O,,,,-2.50570,0.7063,0.5851
1791257626.7143,O,,,,-2.50570,0.7029,0.5826
1791257626.7069,R,C,,-61,,,
1791257626.7072,R,A,,-63,,,
1791257626.7074,R,B,,-62,,,
1791257626.7300,R,B,,-62,,,
1791257626.7396,R,C,,-56,,,
1791257626.7657,R,A,,-58,,,
1791257626.7913,O,,,,-2.50702,0.6997,0.5802
1791257626.7924,O,,,,-2.50702,0.6963,0.5777
1791257626.7932,O,,,,-2.50570,0.6931,0.5754
1791257626.7941,O,,,,-2.50570,0.6897,0.5729
1791257626.7747,R,A,,-62,,,
1791257626.7757,R,C,,-58,,,
1791257626.7759,R,B,,-61,,,
1791257626.8714,O,,,,-2.50570,0.6863,0.5703
1791257626.8252,R,C,,-57,,,
1791257626.8301,R,B,,-62,,,
1791257626.8661,R,A,,-62,,,
1791257626.8726,O,,,,-2.50702,0.6831,0.5680
1791257626.8735,O,,,,-2.50702,0.6797,0.5655
1791257626.8744,O,,,,-2.50570,0.6765,0.5631
1791257626.8771,R,B,,-56,,,
1791257626.8773,R,C,,-51,,,
1791257626.8948,R,A,,-56,,,
1791257626.9363,O,,,,-2.50570,0.6731,0.5606
1791257626.9374,O,,,,-2.50570,0.6697,0.5581
1791257626.9382,O,,,,-2.50702,0.6665,0.5557
1791257626.9203,R,B,,-65,,,
1791257626.9207,R,C,,-58,,,
1791257626.9210,R,A,,-62,,,
1791257626.9613,R,A,,-62,,,
1791257627.0183,O,,,,-2.50570,0.6633,0.5534
1791257627.0194,O,,,,-2.50570,0.6599,0.5509
1791257627.0202,O,,,,-2.50570,0.6565,0.5483
1791257626.9802,R,B,,-60,,,
1791257627.0036,R,B,,-57,,,
1791257627.0039,R,A,,-63,,,
1791257627.0086,R,C,,-57,,,
1791257627.0212,O,,,,-2.50570,0.6531,0.5458
1791257627.0594,R,C,,-55,,,
1791257627.0609,R,B,,-66,,,
1791257627.0634,R,A,,-61,,,
1791257627.0967,O,,,,-2.50570,0.6496,0.5433
1791257627.0983,O,,,,-2.50702,0.6464,0.5410
1791257627.0990,O,,,,-2.50570,0.6433,0.5386
1791257627.0998,O,,,,-2.50570,0.6398,0.5361
1791257627.1095,R,C,,-61,,,
1791257627.1156,R,A,,-64,,,
1791257627.1302,R,B,,-63,,,
1791257627.1597,R,C,,-60,,,
1791257627.1662,R,A,,-63,,,
1791257627.1719,O,,,,-2.50570,0.6364,0.5336
1791257627.1729,O,,,,-2.50570,0.6330,0.5311
1791257627.1737,O,,,,-2.50702,0.6298,0.5287
1791257627.1745,O,,,,-2.50570,0.6266,0.5263
1791257627.1805,R,B,,-67,,,
1791257627.1961,R,B,,-69,,,
1791257627.1977,R,C,,-54,,,
1791257627.1988,R,A,,-62,,,
1791257627.2510,O,,,,-2.50570,0.6232,0.5238
1791257627.2518,O,,,,-2.50702,0.6200,0.5215
1791257627.2524,O,,,,-2.50570,0.6168,0.5191
1791257627.2529,O,,,,-2.50570,0.6134,0.5166
1791257627.2275,R,B,,-76,,,
1791257627.2289,R,C,,-64,,,
1791257627.2480,R,A,,-66,,,
1791257627.2763,R,A,,-66,,,
1791257627.2764,R,C,,-60,,,
1791257627.2801,R,B,,-68,,,
1791257627.3167,R,B,,-69,,,
1791257627.3313,O,,,,-2.50570,0.6100,0.5141
1791257627.3325,O,,,,-2.50570,0.6066,0.5116
1791257627.3358,O,,,,-2.50570,0.6032,0.5091
1791257627.3367,O,,,,-2.50438,0.6000,0.5067
1791257627.3349,R,C,,-56,,,
1791257627.3575,R,C,,-58,,,
1791257627.3661,R,A,,-69,,,
1791257627.4060,O,,,,-2.50438,0.5966,0.5042
1791257627.4072,O,,,,-2.50438,0.5932,0.5017
1791257627.4080,O,,,,-2.50570,0.5900,0.4993
1791257627.4088,O,,,,-2.50570,0.5866,0.4968
1791257627.3765,R,B,,-73,,,
1791257627.3998,R,C,,-68,,,
1791257627.4001,R,A,,-84,,,
1791257627.4129,R,B,,-78,,,
1791257627.4470,R,C,,-67,,,
1791257627.4483,R,A,,-72,,,
1791257627.4488,R,B,,-79,,,
1791257627.4830,O,,,,-2.50438,0.5834,0.4944
1791257627.4844,O,,,,-2.50570,0.5802,0.4921
1791257627.4852,O,,,,-2.50570,0.5768,0.4895
1791257627.4897,R,C,,-62,,,
1791257627.4943,R,B,,-86,,,
1791257627.4961,R,A,,-66,,,
1791257627.5569,O,,,,-2.50570,0.5734,0.4870
1791257627.5579,O,,,,-2.50438,0.5702,0.4847
1791257627.5587,O,,,,-2.50438,0.5668,0.4821
1791257627.5595,O,,,,-2.50438,0.5634,0.4796
1791257627.5406,R,C,,-62,,,
1791257627.5422,R,A,,-63,,,
1791257627.5812,R,C,,-63,,,
1791257627.6105,R,A,,-57,,,
1791257627.6318,O,,,,-2.50570,0.5602,0.4773
1791257627.6328,O,,,,-2.50570,0.5568,0.4748
1791257627.6336,O,,,,-2.50438,0.5536,0.4724
1791257627.6344,O,,,,-2.50438,0.5502,0.4699
1791257627.6281,R,B,,-62,,,
1791257627.6283,R,C,,-58,,,
1791257627.6646,R,A,,-68,,,
1791257627.6657,R,B,,-71,,,
1791257627.6677,R,C,,-61,,,
1791257627.7204,O,,,,-2.50570,0.5470,0.4675
1791257627.7160,R,A,,-62,,,
1791257627.7216,O,,,,-2.50570,0.5436,0.4650
1791257627.7224,O,,,,-2.50570,0.5402,0.4625
1791257627.7231,O,,,,-2.50570,0.5368,0.4600
1791257627.7302,R,B,,-68,,,
1791257627.7449,R,C,,-61,,,
1791257627.7666,R,C,,-60,,,
1791257627.7667,R,A,,-62,,,
1791257627.7922,O,,,,-2.50570,0.5338,0.4578
1791257627.7933,O,,,,-2.50702,0.5306,0.4554
1791257627.7942,O,,,,-2.50835,0.5274,0.4531
1791257627.7949,O,,,,-2.50967,0.5242,0.4507
1791257627.8153,R,A,,-64,,,
1791257627.8156,R,B,,-68,,,
1791257627.8158,R,C,,-61,,,
1791257627.8663,O,,,,-2.51364,0.5210,0.4484
1791257627.8673,O,,,,-2.51761,0.5178,0.4460
1791257627.8685,O,,,,-2.52158,0.5145,0.4437
1791257627.8693,O,,,,-2.52688,0.5115,0.4416
1791257627.8552,R,A,,-67,,,
1791257627.8555,R,B,,-71,,,
1791257627.8587,R,C,,-59,,,
1791257627.9052,R,A,,-71,,,
1791257627.9056,R,B,,-68,,,
1791257627.9094,R,C,,-61,,,
1791257627.9364,O,,,,-2.53217,0.5081,0.4391
1791257627.9374,O,,,,-2.53879,0.5048,0.4369
1791257627.9382,O,,,,-2.54673,0.5017,0.4348
1791257627.9595,R,C,,-77,,,
1791257627.9658,R,A,,-61,,,
1791257627.9659,R,B,,-67,,,
1791257628.0184,O,,,,-2.55335,0.4984,0.4326
1791257628.0193,O,,,,-2.56129,0.4953,0.4305
1791257628.0202,O,,,,-2.56924,0.4922,0.4285
1791257627.9983,R,A,,-61,,,
1791257627.9985,R,C,,-62,,,
1791257627.9987,R,B,,-70,,,
1791257628.0212,O,,,,-2.57585,0.4889,0.4264
1791257628.0492,R,C,,-64,,,
1791257628.0665,R,A,,-61,,,
1791257628.0919,O,,,,-2.58247,0.4855,0.4243
1791257628.0932,O,,,,-2.58909,0.4822,0.4222
1791257628.0941,O,,,,-2.59439,0.4790,0.4202
1791257628.0949,O,,,,-2.59968,0.4754,0.4180
1791257628.0988,R,B,,-83,,,
1791257628.0997,R,C,,-58,,,
1791257628.0998,R,A,,-60,,,
1791257628.1537,R,C,,-64,,,
1791257628.1539,R,A,,-67,,,
1791257628.1543,R,B,,-76,,,
1791257628.1716,O,,,,-2.60630,0.4720,0.4160
1791257628.1724,O,,,,-2.61292,0.4685,0.4140
1791257628.1733,O,,,,-2.61821,0.4649,0.4119
1791257628.1741,O,,,,-2.62483,0.4614,0.4099
1791257628.1874,R,C,,-60,,,
1791257628.2084,R,B,,-78,,,
1791257628.2085,R,A,,-75,,,
1791257628.2461,O,,,,-2.63012,0.4577,0.4078
1791257628.2473,O,,,,-2.63674,0.4543,0.4059
1791257628.2481,O,,,,-2.64204,0.4506,0.4038
1791257628.2488,O,,,,-2.64866,0.4471,0.4019
1791257628.2588,R,C,,-63,,,
1791257628.2657,R,A,,-71,,,
1791257628.2789,R,B,,-82,,,
1791257628.2821,R,A,,-73,,,
1791257628.2927,R,C,,-66,,,
1791257628.3263,O,,,,-2.65527,0.4431,0.3998
1791257628.3273,O,,,,-2.66189,0.4396,0.3980
1791257628.3281,O,,,,-2.66719,0.4358,0.3960
1791257628.3288,O,,,,-2.67116,0.4323,0.3942
1791257628.3285,R,A,,-69,,,
1791257628.3302,R,B,,-73,,,
1791257628.3592,R,C,,-71,,,
1791257628.3963,O,,,,-2.67645,0.4285,0.3923
1791257628.3972,O,,,,-2.68175,0.4247,0.3904
1791257628.3981,O,,,,-2.68837,0.4207,0.3884
1791257628.3988,O,,,,-2.69234,0.4171,0.3867
1791257628.3806,R,B,,-66,,,
1791257628.3859,R,C,,-64,,,
1791257628.3867,R,A,,-66,,,
1791257628.4308,R,B,,-78,,,
1791257628.4416,R,C,,-72,,,
1791257628.4660,R,A,,-75,,,
1791257628.4711,O,,,,-2.69895,0.4135,0.3850
1791257628.4720,O,,,,-2.70293,0.4099,0.3833
1791257628.4728,O,,,,-2.70822,0.4066,0.3817
1791257628.4812,R,B,,-74,,,
1791257628.4931,R,C,,-67,,,
1791257628.5154,R,A,,-70,,,
1791257628.5518,O,,,,-2.71352,0.4027,0.3800
1791257628.5529,O,,,,-2.71881,0.3993,0.3784
1791257628.5537,O,,,,-2.72278,0.3957,0.3768
1791257628.5545,O,,,,-2.72675,0.3926,0.3754
1791257628.5591,R,C,,-72,,,
1791257628.6078,R,C,,-74,,,
1791257628.6080,R,A,,-76,,,
1791257628.6329,O,,,,-2.72940,0.3892,0.3739
1791257628.6337,O,,,,-2.73337,0.3860,0.3726
1791257628.6345,O,,,,-2.73602,0.3831,0.3713
1791257628.6353,O,,,,-2.73866,0.3802,0.3701
1791257628.6308,R,B,,-71,,,
1791257628.6487,R,C,,-71,,,
1791257628.6497,R,A,,-71,,,
1791257628.6499,R,B,,-65,,,
1791257628.7067,O,,,,-2.73999,0.3775,0.3689
1791257628.7078,O,,,,-2.74131,0.3748,0.3678
1791257628.7086,O,,,,-2.74264,0.3721,0.3666
1791257628.7094,O,,,,-2.74396,0.3695,0.3655
1791257628.6950,R,B,,-79,,,
1791257628.6952,R,C,,-76,,,
1791257628.6954,R,A,,-73,,,
1791257628.7342,R,C,,-65,,,
1791257628.7659,R,A,,-66,,,
1791257628.7862,O,,,,-2.74396,0.3670,0.3645
1791257628.7871,O,,,,-2.74396,0.3646,0.3635
1791257628.7879,O,,,,-2.74396,0.3621,0.3624
1791257628.7887,O,,,,-2.74396,0.3597,0.3614
1791257628.7777,R,B,,-81,,,
1791257628.7829,R,A,,-64,,,
1791257628.8008,R,C,,-68,,,
1791257628.8662,O,,,,-2.74264,0.3570,0.3603
1791257628.8671,O,,,,-2.74264,0.3546,0.3593
1791257628.8679,O,,,,-2.74264,0.3526,0.3584
1791257628.8686,O,,,,-2.74264,0.3502,0.3574
1791257628.8385,R,C,,-81,,,
1791257628.8388,R,A,,-72,,,
1791257628.8809,R,B,,-81,,,
1791257628.8831,R,C,,-69,,,
1791257628.8835,R,A,,-67,,,
1791257628.9157,R,B,,-79,,,
1791257628.9160,R,A,,-68,,,
1791257628.9313,O,,,,-2.74131,0.3480,0.3565
1791257628.9324,O,,,,-2.73999,0.3458,0.3556
1791257628.9332,O,,,,-2.73866,0.3436,0.3546
1791257628.9635,R,A,,-65,,,
1791257629.0192,O,,,,-2.73734,0.3414,0.3537
1791257629.0205,O,,,,-2.73602,0.3397,0.3530
1791257628.9779,R,B,,-70,,,
1791257628.9782,R,C,,-66,,,
1791257629.0062,R,A,,-69,,,
1791257629.0088,R,C,,-62,,,
1791257629.0134,R,B,,-79,,,
1791257629.0219,O,,,,-2.73337,0.3378,0.3521
1791257629.0230,O,,,,-2.73072,0.3358,0.3513
1791257629.0462,R,C,,-78,,,
1791257629.0469,R,B,,-78,,,
1791257629.0663,R,A,,-67,,,
1791257629.0912,O,,,,-2.72940,0.3341,0.3505
1791257629.0921,O,,,,-2.72675,0.3322,0.3497
1791257629.0929,O,,,,-2.72543,0.3305,0.3489
1791257629.0937,O,,,,-2.72278,0.3290,0.3483
1791257629.1096,R,A,,-64,,,
1791257629.1102,R,B,,-64,,,
1791257629.1665,O,,,,-2.72146,0.3273,0.3475
1791257629.1674,O,,,,-2.71881,0.3259,0.3469
1791257629.1683,O,,,,-2.71616,0.3244,0.3462
1791257629.1690,O,,,,-2.71352,0.3230,0.3456
1791257629.1415,R,C,,-66,,,
1791257629.1478,R,B,,-79,,,
1791257629.1606,R,A,,-66,,,
1791257629.1840,R,A,,-65,,,
1791257629.1842,R,C,,-72,,,
1791257629.2463,O,,,,-2.71087,0.3216,0.3449
1791257629.2474,O,,,,-2.70954,0.3204,0.3444
1791257629.2484,O,,,,-2.70690,0.3189,0.3437
1791257629.2492,O,,,,-2.70425,0.3175,0.3430
1791257629.2236,R,B,,-64,,,
1791257629.2468,R,A,,-64,,,
1791257629.2643,R,A,,-62,,,
1791257629.2774,R,C,,-58,,,
1791257629.2803,R,B,,-63,,,
1791257629.3093,R,B,,-78,,,
1791257629.3159,R,A,,-64,,,
1791257629.3213,O,,,,-2.70160,0.3165,0.3426
1791257629.3221,O,,,,-2.69895,0.3151,0.3419
1791257629.3229,O,,,,-2.69631,0.3141,0.3414
1791257629.3236,O,,,,-2.69498,0.3129,0.3409
1791257629.3523,R,A,,-63,,,
1791257629.3525,R,C,,-63,,,
1791257629.3532,R,B,,-65,,,
1791257629.3914,O,,,,-2.69234,0.3120,0.3404
1791257629.3923,O,,,,-2.69101,0.3108,0.3398
1791257629.3931,O,,,,-2.68837,0.3098,0.3394
1791257629.4094,R,C,,-62,,,
1791257629.4168,R,A,,-63,,,
1791257629.4279,R,B,,-63,,,
1791257629.4379,R,C,,-58,,,
1791257629.4383,R,A,,-65,,,
1791257629.4575,R,B,,-75,,,
1791257629.4712,O,,,,-2.68704,0.3091,0.3390
1791257629.4720,O,,,,-2.68439,0.3082,0.3386
1791257629.4728,O,,,,-2.68307,0.3074,0.3382
1791257629.4736,O,,,,-2.68175,0.3067,0.3379
1791257629.4855,R,C,,-62,,,
1791257629.5159,R,A,,-64,,,
1791257629.5510,O,,,,-2.68175,0.3063,0.3376
1791257629.5519,O,,,,-2.68175,0.3058,0.3374
1791257629.5527,O,,,,-2.68175,0.3053,0.3371
1791257629.5534,O,,,,-2.68042,0.3051,0.3370
1791257629.5205,R,B,,-65,,,
1791257629.5325,R,C,,-63,,,
1791257629.5338,R,A,,-64,,,
1791257629.5803,R,B,,-64,,,
1791257629.5810,R,C,,-58,,,
1791257629.6168,R,A,,-66,,,
1791257629.6268,O,,,,-2.68042,0.3046,0.3368
1791257629.6279,O,,,,-2.68042,0.3046,0.3368
1791257629.6287,O,,,,-2.68042,0.3046,0.3368
1791257629.6295,O,,,,-2.68042,0.3046,0.3368
1791257629.6309,R,B,,-72,,,
1791257629.6399,R,C,,-63,,,
1791257629.6400,R,A,,-68,,,
1791257629.6654,R,C,,-65,,,
1791257629.6661,R,A,,-69,,,
1791257629.7071,O,,,,-2.68042,0.3046,0.3368
1791257629.7082,O,,,,-2.68042,0.3046,0.3368
1791257629.7093,O,,,,-2.68042,0.3046,0.3368
1791257629.7101,O,,,,-2.68042,0.3046,0.3368
1791257629.6717,R,B,,-69,,,
1791257629.7165,R,A,,-65,,,
1791257629.7303,R,B,,-64,,,
1791257629.7509,R,B,,-74,,,
1791257629.7528,R,C,,-57,,,
1791257629.7596,R,A,,-66,,,
1791257629.7818,O,,,,-2.68042,0.3046,0.3368
1791257629.7828,O,,,,-2.68042,0.3046,0.3368
1791257629.7836,O,,,,-2.68042,0.3046,0.3368
1791257629.7843,O,,,,-2.68042,0.3046,0.3368
1791257629.7972,R,C,,-61,,,
1791257629.7989,R,B,,-68,,,
1791257629.7992,R,A,,-64,,,
1791257629.8613,O,,,,-2.68042,0.3046,0.3368
1791257629.8622,O,,,,-2.68042,0.3046,0.3368
1791257629.8631,O,,,,-2.68042,0.3046,0.3368
1791257629.8638,O,,,,-2.68042,0.3046,0.3368
1791257629.8512,R,A,,-61,,,
1791257629.8515,R,C,,-63,,,
1791257629.8516,R,B,,-65,,,
1791257629.8900,R,B,,-79,,,
1791257629.8909,R,C,,-56,,,
1791257629.8911,R,A,,-63,,,
1791257629.9322,O,,,,-2.68042,0.3046,0.3368
1791257629.9331,O,,,,-2.68042,0.3046,0.3368
1791257629.9338,O,,,,-2.68042,0.3046,0.3368
1791257629.9327,R,C,,-65,,,
1791257629.9337,R,A,,-62,,,
1791257630.0071,O,,,,-2.68042,0.3046,0.3368
1791257630.0081,O,,,,-2.68042,0.3046,0.3368
1791257630.0089,O,,,,-2.68042,0.3046,0.3368
1791257630.0099,O,,,,-2.68042,0.3046,0.3368
1791257629.9804,R,B,,-66,,,
1791257629.9984,R,A,,-62,,,
1791257629.9986,R,C,,-63,,,
1791257630.0250,R,B,,-66,,,
1791257630.0595,R,A,,-71,,,
1791257630.0596,R,C,,-57,,,
1791257630.0674,R,B,,-78,,,
1791257630.0861,O,,,,-2.68042,0.3046,0.3368
1791257630.0868,O,,,,-2.68042,0.3046,0.3368
1791257630.0877,O,,,,-2.68042,0.3046,0.3368
1791257630.0885,O,,,,-2.68042,0.3046,0.3368
1791257630.0728,R,C,,-64,,,
1791257630.1153,R,A,,-67,,,
1791257630.1154,R,B,,-63,,,
1791257630.1674,O,,,,-2.68042,0.3046,0.3368
1791257630.1684,O,,,,-2.68042,0.3046,0.3368
1791257630.1692,O,,,,-2.68042,0.3046,0.3368
1791257630.1700,O,,,,-2.68042,0.3046,0.3368
1791257630.1211,R,C,,-63,,,
1791257630.1572,R,C,,-66,,,
1791257630.1658,R,B,,-65,,,
1791257630.1662,R,A,,-65,,,
1791257630.2055,R,B,,-74,,,
1791257630.2066,R,C,,-64,,,
1791257630.2073,R,A,,-69,,,
1791257630.2426,O,,,,-2.68042,0.3046,0.3368
1791257630.2437,O,,,,-2.68042,0.3046,0.3368
1791257630.2445,O,,,,-2.68042,0.3046,0.3368
1791257630.2453,O,,,,-2.68042,0.3046,0.3368
1791257630.2475,R,A,,-61,,,
1791257630.2476,R,C,,-73,,,
1791257630.2478,R,B,,-68,,,
1791257630.2969,R,B,,-66,,,
1791257630.3089,R,C,,-67,,,
1791257630.3170,R,A,,-64,,,
1791257630.3215,O,,,,-2.68042,0.3046,0.3368
1791257630.3223,O,,,,-2.68042,0.3046,0.3368
1791257630.3231,O,,,,-2.68042,0.3046,0.3368
1791257630.3238,O,,,,-2.68042,0.3046,0.3368
1791257630.3448,R,B,,-68,,,
1791257630.3457,R,A,,-64,,,
1791257630.3458,R,C,,-57,,,
1791257630.3949,O,,,,-2.68042,0.3046,0.3368
1791257630.3969,O,,,,-2.68042,0.3046,0.3368
1791257630.3977,O,,,,-2.68042,0.3046,0.3368
1791257630.3861,R,A,,-75,,,
1791257630.3919,R,B,,-65,,,
1791257630.3933,R,C,,-71,,,
1791257630.4671,O,,,,-2.68042,0.3046,0.3368
1791257630.4678,O,,,,-2.68042,0.3046,0.3368
1791257630.4686,O,,,,-2.68042,0.3046,0.3368
1791257630.4694,O,,,,-2.68042,0.3046,0.3368
1791257630.4304,R,B,,-68,,,
1791257630.4594,R,C,,-67,,,
1791257630.4660,R,A,,-72,,,
1791257630.4783,R,B,,-65,,,
1791257630.5096,R,C,,-56,,,
1791257630.5127,R,A,,-69,,,
1791257630.5150,R,A,,-73,,,
1791257630.5467,O,,,,-2.68042,0.3046,0.3368
1791257630.5478,O,,,,-2.68042,0.3046,0.3368
1791257630.5486,O,,,,-2.68042,0.3046,0.3368
1791257630.5493,O,,,,-2.68042,0.3046,0.3368
1791257630.5306,R,B,,-68,,,
1791257630.5587,R,C,,-61,,,
1791257630.5612,R,B,,-64,,,
1791257630.5616,R,A,,-67,,,
1791257630.6027,R,C,,-59,,,
1791257630.6137,R,A,,-64,,,
1791257630.6141,R,B,,-64,,,
1791257630.6268,O,,,,-2.68042,0.3046,0.3368
1791257630.6279,O,,,,-2.68042,0.3046,0.3368
1791257630.6289,O,,,,-2.68042,0.3046,0.3368
1791257630.6298,O,,,,-2.68042,0.3046,0.3368
1791257630.6492,R,C,,-54,,,
1791257630.6663,R,A,,-61,,,
1791257630.7016,O,,,,-2.68042,0.3046,0.3368
1791257630.7029,O,,,,-2.68042,0.3046,0.3368
1791257630.7041,O,,,,-2.68042,0.3046,0.3368
1791257630.7053,O,,,,-2.67513,0.3046,0.3368
1791257630.6804,R,B,,-71,,,
1791257630.6880,R,A,,-65,,,
1791257630.6881,R,C,,-68,,,
1791257630.6889,R,B,,-69,,,
1791257630.7295,R,B,,-67,,,
1791257630.7302,R,C,,-63,,,
1791257630.7311,R,A,,-67,,,
1791257630.7819,O,,,,-2.66983,0.3046,0.3368
1791257630.7833,O,,,,-2.66189,0.3046,0.3368
1791257630.7841,O,,,,-2.65130,0.3046,0.3368
1791257630.7849,O,,,,-2.63939,0.3048,0.3369
1791257630.7740,R,B,,-56,,,
1791257630.7874,R,A,,-62,,,
1791257630.7877,R,C,,-56,,,
1791257630.8564,O,,,,-2.62615,0.3048,0.3369
1791257630.8573,O,,,,-2.61292,0.3048,0.3369
1791257630.8582,O,,,,-2.59968,0.3048,0.3369
1791257630.8589,O,,,,-2.58380,0.3048,0.3369
1791257630.8304,R,B,,-75,,,
1791257630.8337,R,C,,-65,,,
1791257630.8613,R,A,,-69,,,
1791257630.8629,R,B,,-65,,,
1791257630.8780,R,C,,-64,,,
1791257630.9027,R,C,,-69,,,
1791257630.9036,R,A,,-65,,,
1791257630.9075,R,B,,-68,,,
1791257630.9268,O,,,,-2.57056,0.3048,0.3369
1791257630.9278,O,,,,-2.55468,0.3048,0.3369
1791257630.9286,O,,,,-2.53879,0.3048,0.3369
1791257630.9454,R,B,,-84,,,
1791257630.9593,R,C,,-63,,,
1791257630.9666,R,A,,-72,,,
1791257631.0068,O,,,,-2.52291,0.3048,0.3369
1791257631.0078,O,,,,-2.50835,0.3050,0.3371
1791257631.0087,O,,,,-2.48982,0.3050,0.3371
1791257631.0094,O,,,,-2.47393,0.3050,0.3371
1791257630.9935,R,C,,-71,,,
1791257630.9939,R,A,,-69,,,
1791257630.9942,R,B,,-65,,,
1791257631.0597,R,C,,-75,,,
1791257631.0663,R,A,,-56,,,
1791257631.0820,O,,,,-2.45805,0.3050,0.3371
1791257631.0830,O,,,,-2.44084,0.3053,0.3372
1791257631.0838,O,,,,-2.42496,0.3053,0.3372
1791257631.0845,O,,,,-2.40907,0.3053,0.3372
1791257631.0803,R,B,,-58,,,
1791257631.0914,R,C,,-64,,,
1791257631.0917,R,A,,-56,,,
1791257631.0998,R,B,,-58,,,
1791257631.1623,O,,,,-2.39187,0.3054,0.3374
1791257631.1637,O,,,,-2.37598,0.3054,0.3374
1791257631.1647,O,,,,-2.35877,0.3053,0.3372
1791257631.1655,O,,,,-2.34157,0.3054,0.3374
1791257631.1495,R,C,,-69,,,
1791257631.1499,R,B,,-59,,,
1791257631.1501,R,A,,-64,,,
1791257631.1999,R,C,,-80,,,
1791257631.2003,R,A,,-67,,,
1791257631.2413,O,,,,-2.32568,0.3054,0.3374
1791257631.2432,O,,,,-2.30980,0.3054,0.3374
1791257631.2441,O,,,,-2.29259,0.3056,0.3376
1791257631.2449,O,,,,-2.27538,0.3054,0.3374
1791257631.2594,R,C,,-73,,,
1791257631.2663,R,A,,-62,,,
1791257631.3169,O,,,,-2.25950,0.3054,0.3374
1791257631.3186,O,,,,-2.24229,0.3056,0.3376
1791257631.3194,O,,,,-2.22509,0.3055,0.3374
1791257631.3204,O,,,,-2.20920,0.3055,0.3374
1791257631.2798,R,B,,-62,,,
1791257631.2826,R,C,,-76,,,
1791257631.2829,R,A,,-63,,,
1791257631.3303,R,C,,-70,,,
1791257631.3306,R,B,,-60,,,
1791257631.3664,R,A,,-57,,,
1791257631.3869,O,,,,-2.19199,0.3056,0.3376
1791257631.3889,O,,,,-2.17479,0.3055,0.3374
1791257631.3900,O,,,,-2.15890,0.3055,0.3374
1791257631.3811,R,B,,-50,,,
1791257631.3851,R,C,,-61,,,
1791257631.3852,R,A,,-52,,,
1791257631.4132,R,A,,-52,,,
1791257631.4135,R,B,,-58,,,
1791257631.4665,O,,,,-2.14169,0.3056,0.3376
1791257631.4674,O,,,,-2.12581,0.3056,0.3376
1791257631.4683,O,,,,-2.10860,0.3055,0.3374
1791257631.4691,O,,,,-2.09272,0.3055,0.3374
1791257631.4537,R,C,,-69,,,
1791257631.4538,R,A,,-56,,,
1791257631.4541,R,B,,-50,,,
1791257631.5041,R,B,,-48,,,
1791257631.5418,O,,,,-2.07551,0.3056,0.3376
1791257631.5436,O,,,,-2.05830,0.3055,0.3374
1791257631.5445,O,,,,-2.04242,0.3055,0.3374
1791257631.5453,O,,,,-2.02521,0.3056,0.3376
1791257631.5379,R,B,,-52,,,
1791257631.5401,R,C,,-64,,,
1791257631.5585,R,A,,-58,,,
1791257631.6096,R,C,,-68,,,
1791257631.6165,R,A,,-65,,,
1791257631.6258,O,,,,-2.00801,0.3055,0.3374
1791257631.6268,O,,,,-1.99212,0.3055,0.3374
1791257631.6277,O,,,,-1.97491,0.3056,0.3376
1791257631.6285,O,,,,-1.95903,0.3056,0.3376
1791257631.6309,R,C,,-72,,,
1791257631.6313,R,A,,-66,,,
1791257631.7015,O,,,,-1.94315,0.3056,0.3376
1791257631.7025,O,,,,-1.92594,0.3055,0.3374
1791257631.7033,O,,,,-1.91005,0.3055,0.3374
1791257631.7041,O,,,,-1.89285,0.3056,0.3377
1791257631.6827,R,A,,-64,,,
1791257631.6830,R,C,,-59,,,
1791257631.7248,R,B,,-57,,,
1791257631.7251,R,A,,-66,,,
1791257631.7253,R,C,,-72,,,
1791257631.7767,O,,,,-1.87564,0.3055,0.3374
1791257631.7776,O,,,,-1.85976,0.3055,0.3374
1791257631.7784,O,,,,-1.84255,0.3056,0.3377
1791257631.7792,O,,,,-1.82534,0.3055,0.3374
1791257631.7803,R,B,,-58,,,
1791257631.8095,R,C,,-68,,,
1791257631.8177,R,B,,-56,,,
1791257631.8179,R,A,,-67,,,
1791257631.8571,O,,,,-1.80813,0.3056,0.3377
1791257631.8581,O,,,,-1.79225,0.3056,0.3377
1791257631.8589,O,,,,-1.77504,0.3055,0.3374
1791257631.8597,O,,,,-1.75916,0.3055,0.3374
1791257631.8245,R,C,,-67,,,
1791257631.8655,R,B,,-69,,,
1791257631.8804,R,C,,-77,,,
1791257631.9097,R,C,,-74,,,
1791257631.9162,R,A,,-88,,,
1791257631.9271,O,,,,-1.74327,0.3055,0.3374
1791257631.9281,O,,,,-1.72607,0.3055,0.3377
1791257631.9289,O,,,,-1.70886,0.3055,0.3374
1791257631.9512,R,B,,-59,,,
1791257631.9598,R,C,,-74,,,
1791257631.9606,R,A,,-85,,,
1791257632.0018,O,,,,-1.69297,0.3055,0.3374
1791257632.0028,O,,,,-1.67709,0.3055,0.3374
1791257632.0036,O,,,,-1.65856,0.3055,0.3374
1791257632.0044,O,,,,-1.64268,0.3055,0.3374
1791257631.9940,R,B,,-66,,,
1791257632.0102,R,C,,-72,,,
1791257632.0165,R,A,,-73,,,
1791257632.0418,R,A,,-67,,,
1791257632.0423,R,B,,-64,,,
1791257632.0602,R,C,,-73,,,
1791257632.0823,O,,,,-1.62679,0.3055,0.3374
1791257632.0832,O,,,,-1.60826,0.3055,0.3374
1791257632.0839,O,,,,-1.59238,0.3055,0.3374
1791257632.0847,O,,,,-1.57649,0.3055,0.3374
1791257632.0902,R,C,,-76,,,
1791257632.0950,R,A,,-68,,,
1791257632.0954,R,B,,-67,,,
1791257632.1618,O,,,,-1.56061,0.3055,0.3374
1791257632.1629,O,,,,-1.54208,0.3055,0.3374
1791257632.1638,O,,,,-1.52619,0.3055,0.3374
1791257632.1648,O,,,,-1.51031,0.3055,0.3374
1791257632.1460,R,B,,-67,,,
1791257632.1503,R,C,,-68,,,
1791257632.1504,R,A,,-71,,,
1791257632.1806,R,B,,-64,,,
1791257632.1934,R,C,,-69,,,
1791257632.2137,R,A,,-69,,,
1791257632.2371,O,,,,-1.49178,0.3055,0.3374
1791257632.2381,O,,,,-1.47590,0.3055,0.3374
1791257632.2396,O,,,,-1.45869,0.3055,0.3377
1791257632.2404,O,,,,-1.44148,0.3055,0.3374
1791257632.2255,R,B,,-65,,,
1791257632.2256,R,C,,-66,,,
1791257632.2279,R,A,,-72,,,
1791257632.3197,O,,,,-1.42560,0.3055,0.3374
1791257632.3208,O,,,,-1.40971,0.3055,0.3374
1791257632.2751,R,B,,-58,,,
1791257632.2783,R,C,,-74,,,
1791257632.2784,R,A,,-72,,,
1791257632.3164,R,B,,-64,,,
1791257632.3218,O,,,,-1.39118,0.3055,0.3374
1791257632.3226,O,,,,-1.37530,0.3055,0.3374
1791257632.3596,R,C,,-70,,,
1791257632.3617,R,A,,-72,,,
1791257632.3623,R,B,,-60,,,
1791257632.3880,O,,,,-1.35941,0.3055,0.3374
1791257632.3889,O,,,,-1.34221,0.3056,0.3371
1791257632.3904,O,,,,-1.32500,0.3055,0.3374
1791257632.4128,R,A,,-82,,,
1791257632.4130,R,B,,-63,,,
1791257632.4646,O,,,,-1.30911,0.3055,0.3374
1791257632.4657,O,,,,-1.29191,0.3054,0.3377
1791257632.4666,O,,,,-1.27470,0.3055,0.3374
1791257632.4673,O,,,,-1.25882,0.3055,0.3374
1791257632.4343,R,C,,-63,,,
1791257632.4560,R,B,,-68,,,
1791257632.4598,R,C,,-64,,,
1791257632.4653,R,A,,-81,,,
1791257632.5028,R,A,,-69,,,
1791257632.5098,R,C,,-73,,,
1791257632.5169,R,B,,-62,,,
1791257632.5420,O,,,,-1.24293,0.3055,0.3374
1791257632.5431,O,,,,-1.22440,0.3055,0.3374
1791257632.5439,O,,,,-1.20852,0.3055,0.3374
1791257632.5447,O,,,,-1.19131,0.3054,0.3376
1791257632.5504,R,C,,-77,,,
1791257632.5673,R,A,,-79,,,
1791257632.5737,R,B,,-71,,,
1791257632.5925,R,C,,-60,,,
1791257632.5935,R,A,,-82,,,
1791257632.5996,R,B,,-67,,,
1791257632.6218,O,,,,-1.17410,0.3055,0.3374
1791257632.6227,O,,,,-1.15822,0.3055,0.3374
1791257632.6235,O,,,,-1.14101,0.3054,0.3376
1791257632.6243,O,,,,-1.12513,0.3054,0.3376
1791257632.6596,R,C,,-76,,,
1791257632.6666,R,A,,-69,,,
1791257632.6963,O,,,,-1.10792,0.3055,0.3374
1791257632.6971,O,,,,-1.09203,0.3055,0.3374
1791257632.6979,O,,,,-1.07483,0.3054,0.3376
1791257632.6986,O,,,,-1.05894,0.3054,0.3376
1791257632.6807,R,B,,-60,,,
1791257632.6848,R,C,,-72,,,
1791257632.6849,R,A,,-77,,,
1791257632.7310,R,B,,-57,,,
1791257632.7551,R,C,,-66,,,
1791257632.7553,R,A,,-83,,,
1791257632.7764,O,,,,-1.04174,0.3055,0.3374
1791257632.7773,O,,,,-1.02453,0.3054,0.3376
1791257632.7783,O,,,,-1.00864,0.3054,0.3376
1791257632.7790,O,,,,-0.99144,0.3055,0.3374
1791257632.7771,R,C,,-67,,,
1791257632.7800,R,B,,-62,,,
1791257632.7850,R,A,,-69,,,
1791257632.8519,O,,,,-0.97423,0.3054,0.3376
1791257632.8530,O,,,,-0.95834,0.3054,0.3376
1791257632.8539,O,,,,-0.94114,0.3055,0.3374
1791257632.8546,O,,,,-0.92525,0.3055,0.3374
1791257632.8786,R,A,,-72,,,
1791257632.8788,R,C,,-64,,,
1791257632.8791,R,B,,-70,,,
1791257632.9215,O,,,,-0.90805,0.3054,0.3376
1791257632.9224,O,,,,-0.89216,0.3054,0.3376
1791257632.9233,O,,,,-0.87495,0.3056,0.3374
1791257632.9204,R,B,,-61,,,
1791257632.9598,R,C,,-64,,,
1791257632.9654,R,A,,-72,,,
1791257632.9678,R,A,,-76,,,
1791257633.0017,O,,,,-0.85775,0.3054,0.3376
1791257633.0028,O,,,,-0.84186,0.3054,0.3376
1791257633.0037,O,,,,-0.82466,0.3056,0.3374
1791257633.0045,O,,,,-0.80745,0.3054,0.3376
1791257632.9702,R,B,,-55,,,
1791257633.0007,R,C,,-65,,,
1791257633.0171,R,A,,-70,,,
1791257633.0307,R,B,,-55,,,
1791257633.0375,R,C,,-64,,,
1791257633.0648,R,B,,-61,,,
1791257633.0670,R,A,,-73,,,
1791257633.0769,O,,,,-0.79156,0.3054,0.3376
1791257633.0780,O,,,,-0.77436,0.3056,0.3374
1791257633.0788,O,,,,-0.75847,0.3056,0.3374
1791257633.0796,O,,,,-0.74127,0.3054,0.3376
1791257633.1049,R,C,,-63,,,
1791257633.1075,R,A,,-71,,,
1791257633.1079,R,B,,-56,,,
1791257633.1092,R,C,,-64,,,
1791257633.1567,O,,,,-0.72538,0.3054,0.3376
1791257633.1577,O,,,,-0.70817,0.3056,0.3374
1791257633.1586,O,,,,-0.69229,0.3056,0.3374
1791257633.1595,O,,,,-0.67508,0.3054,0.3376
1791257633.1591,R,A,,-68,,,
1791257633.1598,R,C,,-71,,,
1791257633.1739,R,B,,-58,,,
1791257633.2064,R,B,,-62,,,
1791257633.2079,R,C,,-66,,,
1791257633.2081,R,A,,-69,,,
1791257633.2368,O,,,,-0.65920,0.3054,0.3376
1791257633.2379,O,,,,-0.64199,0.3056,0.3374
1791257633.2388,O,,,,-0.62611,0.3056,0.3374
1791257633.2396,O,,,,-0.61022,0.3056,0.3374
1791257633.2461,R,C,,-70,,,
1791257633.2464,R,A,,-75,,,
1791257633.2468,R,B,,-56,,,
1791257633.3111,O,,,,-0.59302,0.3058,0.3373
1791257633.3120,O,,,,-0.57581,0.3056,0.3374
1791257633.3129,O,,,,-0.55860,0.3058,0.3373
1791257633.3136,O,,,,-0.54139,0.3056,0.3374
1791257633.2947,R,B,,-59,,,
1791257633.3066,R,C,,-64,,,
1791257633.3069,R,A,,-76,,,
1791257633.3413,R,C,,-60,,,
1791257633.3559,R,B,,-63,,,
1791257633.3592,R,A,,-78,,,
1791257633.3818,O,,,,-0.52551,0.3056,0.3374
1791257633.3829,O,,,,-0.50830,0.3058,0.3373
1791257633.3837,O,,,,-0.49109,0.3056,0.3374
1791257633.3898,R,A,,-83,,,
1791257633.4076,R,B,,-58,,,
1791257633.4077,R,C,,-60,,,
1791257633.4618,O,,,,-0.47521,0.3056,0.3374
1791257633.4628,O,,,,-0.45933,0.3056,0.3374
1791257633.4645,O,,,,-0.44079,0.3056,0.3374
1791257633.4654,O,,,,-0.42491,0.3056,0.3374
1791257633.4497,R,C,,-61,,,
1791257633.4663,R,A,,-80,,,
1791257633.5367,O,,,,-0.40903,0.3056,0.3374
1791257633.5385,O,,,,-0.39182,0.3053,0.3375
1791257633.5393,O,,,,-0.37594,0.3053,0.3375
1791257633.5403,O,,,,-0.35873,0.3056,0.3374
1791257633.5307,R,B,,-68,,,
1791257633.5541,R,C,,-61,,,
1791257633.5671,R,A,,-74,,,
1791257633.6167,O,,,,-0.34152,0.3053,0.3375
1791257633.6176,O,,,,-0.32564,0.3053,0.3375
1791257633.6184,O,,,,-0.30843,0.3056,0.3375
1791257633.6191,O,,,,-0.29122,0.3053,0.3375
1791257633.5753,R,B,,-65,,,
1791257633.5756,R,A,,-73,,,
1791257633.5891,R,C,,-59,,,
1791257633.6593,R,C,,-58,,,
1791257633.6664,R,A,,-76,,,
1791257633.6968,O,,,,-0.27534,0.3053,0.3375
1791257633.6979,O,,,,-0.25813,0.3056,0.3375
1791257633.6987,O,,,,-0.24092,0.3053,0.3375
1791257633.6995,O,,,,-0.22504,0.3053,0.3375
1791257633.6807,R,B,,-69,,,
1791257633.7089,R,C,,-57,,,
1791257633.7157,R,B,,-78,,,
1791257633.7169,R,A,,-76,,,
1791257633.7205,R,C,,-54,,,
1791257633.7648,R,A,,-73,,,
1791257633.7651,R,B,,-66,,,
1791257633.7714,O,,,,-0.20783,0.3056,0.3375
1791257633.7723,O,,,,-0.19195,0.3056,0.3375
1791257633.7731,O,,,,-0.17474,0.3053,0.3375
1791257633.7739,O,,,,-0.15753,0.3056,0.3375
1791257633.8082,R,B,,-66,,,
1791257633.8099,R,C,,-49,,,
1791257633.8166,R,A,,-66,,,
1791257633.8425,O,,,,-0.14165,0.3056,0.3375
1791257633.8436,O,,,,-0.12444,0.3053,0.3375
1791257633.8444,O,,,,-0.10723,0.3056,0.3375
1791257633.8600,R,A,,-68,,,
1791257633.8602,R,C,,-53,,,
1791257633.8914,R,A,,-69,,,
1791257633.8918,R,C,,-53,,,
1791257633.8926,R,B,,-71,,,
1791257633.9218,O,,,,-0.09135,0.3056,0.3375
1791257633.9226,O,,,,-0.07414,0.3053,0.3375
1791257633.9235,O,,,,-0.05693,0.3056,0.3375
1791257633.9242,O,,,,-0.04105,0.3056,0.3375
1791257633.9403,R,B,,-63,,,
1791257633.9410,R,A,,-68,,,
1791257633.9412,R,C,,-50,,,
1791257633.9974,O,,,,-0.02517,0.3056,0.3375
1791257633.9985,O,,,,-0.00796,0.3053,0.3375
1791257633.9993,O,,,,0.00925,0.3056,0.3375
1791257634.0002,O,,,,0.02513,0.3056,0.3375
1791257633.9792,R,B,,-64,,,
1791257633.9793,R,C,,-55,,,
1791257633.9868,R,A,,-69,,,
1791257634.0307,R,B,,-63,,,
1791257634.0596,R,C,,-54,,,
1791257634.0666,R,A,,-70,,,
1791257634.0769,O,,,,0.04234,0.3053,0.3375
1791257634.0779,O,,,,0.05955,0.3056,0.3375
1791257634.0787,O,,,,0.07543,0.3056,0.3375
1791257634.0795,O,,,,0.09264,0.3053,0.3375
1791257634.0707,R,C,,-50,,,
1791257634.0708,R,B,,-67,,,
1791257634.0906,R,A,,-66,,,
1791257634.1091,R,B,,-66,,,
1791257634.1175,R,A,,-65,,,
1791257634.1565,O,,,,0.10985,0.3056,0.3375
1791257634.1574,O,,,,0.12573,0.3056,0.3375
1791257634.1583,O,,,,0.14294,0.3053,0.3375
1791257634.1591,O,,,,0.15882,0.3053,0.3375
1791257634.1499,R,A,,-67,,,
1791257634.1502,R,C,,-54,,,
1791257634.1503,R,B,,-59,,,
1791257634.1973,R,A,,-65,,,
1791257634.2095,R,C,,-51,,,
1791257634.2101,R,B,,-58,,,
1791257634.2318,O,,,,0.17603,0.3056,0.3375
1791257634.2330,O,,,,0.19324,0.3053,0.3375
1791257634.2338,O,,,,0.20912,0.3053,0.3375
1791257634.2346,O,,,,0.22633,0.3056,0.3375
1791257634.2548,R,B,,-62,,,
1791257634.2559,R,A,,-65,,,
1791257634.2562,R,C,,-50,,,
1791257634.3111,O,,,,0.24221,0.3056,0.3375
1791257634.3120,O,,,,0.25942,0.3053,0.3374
1791257634.3136,O,,,,0.27663,0.3056,0.3375
1791257634.3144,O,,,,0.29384,0.3053,0.3374
1791257634.2846,R,C,,-54,,,
1791257634.2848,R,A,,-73,,,
1791257634.3306,R,C,,-52,,,
1791257634.3309,R,B,,-65,,,
1791257634.3310,R,A,,-70,,,
1791257634.3821,O,,,,0.30972,0.3053,0.3374
1791257634.3832,O,,,,0.32693,0.3056,0.3375
1791257634.3840,O,,,,0.34281,0.3056,0.3375
1791257634.3708,R,C,,-51,,,
1791257634.3811,R,B,,-66,,,
1791257634.4171,R,C,,-58,,,
1791257634.4564,O,,,,0.36002,0.3053,0.3374
1791257634.4574,O,,,,0.37590,0.3053,0.3374
1791257634.4583,O,,,,0.39311,0.3056,0.3375
1791257634.4590,O,,,,0.40899,0.3056,0.3375
1791257634.4231,R,B,,-67,,,
1791257634.4666,R,A,,-80,,,
1791257634.5136,R,A,,-73,,,
1791257634.5368,O,,,,0.42620,0.3053,0.3374
1791257634.5379,O,,,,0.44208,0.3053,0.3374
1791257634.5388,O,,,,0.46062,0.3053,0.3374
1791257634.5395,O,,,,0.47650,0.3053,0.3374
1791257634.5308,R,B,,-74,,,
1791257634.5497,R,C,,-53,,,
1791257634.5566,R,B,,-74,,,
1791257634.5575,R,A,,-68,,,
1791257634.5593,R,C,,-52,,,
1791257634.6121,O,,,,0.49238,0.3053,0.3374
1791257634.6132,O,,,,0.50827,0.3053,0.3374
1791257634.6140,O,,,,0.52680,0.3053,0.3374
1791257634.6148,O,,,,0.54268,0.3053,0.3374
1791257634.5986,R,A,,-75,,,
1791257634.5988,R,C,,-56,,,
1791257634.6054,R,B,,-71,,,
1791257634.6595,R,C,,-56,,,
1791257634.6669,R,A,,-73,,,
1791257634.6917,O,,,,0.55857,0.3053,0.3374
1791257634.6926,O,,,,0.57710,0.3053,0.3374
1791257634.6934,O,,,,0.59298,0.3053,0.3374
1791257634.6941,O,,,,0.60887,0.3053,0.3374
1791257634.6814,R,B,,-72,,,
1791257634.6863,R,C,,-51,,,
1791257634.6866,R,A,,-71,,,
1791257634.6878,R,B,,-70,,,
1791257634.7357,R,C,,-57,,,
1791257634.7664,R,A,,-74,,,
1791257634.7757,O,,,,0.62740,0.3053,0.3374
1791257634.7768,O,,,,0.64328,0.3053,0.3374
1791257634.7776,O,,,,0.65916,0.3053,0.3374
1791257634.7784,O,,,,0.67770,0.3053,0.3374
1791257634.8173,R,A,,-69,,,
1791257634.8175,R,B,,-78,,,
1791257634.8177,R,C,,-55,,,
1791257634.8399,O,,,,0.69358,0.3053,0.3374
1791257634.8410,O,,,,0.70946,0.3053,0.3374
1791257634.8418,O,,,,0.72667,0.3051,0.3373
1791257634.8575,R,A,,-67,,,
1791257634.8576,R,C,,-55,,,
1791257634.9167,O,,,,0.74388,0.3053,0.3374
1791257634.9178,O,,,,0.75976,0.3053,0.3374
1791257634.9188,O,,,,0.77565,0.3053,0.3374
1791257634.9196,O,,,,0.79418,0.3053,0.3374
1791257634.8809,R,B,,-71,,,
1791257634.8957,R,C,,-57,,,
1791257634.8962,R,B,,-73,,,
1791257634.8966,R,A,,-70,,,
1791257634.9968,O,,,,0.81006,0.3053,0.3374
1791257634.9979,O,,,,0.82595,0.3053,0.3374
1791257634.9987,O,,,,0.84448,0.3053,0.3374
1791257634.9995,O,,,,0.86036,0.3053,0.3374
1791257634.9817,R,A,,-69,,,
1791257634.9914,R,C,,-54,,,
1791257635.0278,R,C,,-56,,,
1791257635.0307,R,B,,-72,,,
1791257635.0603,R,A,,-68,,,
1791257635.0719,O,,,,0.87624,0.3053,0.3374
1791257635.0728,O,,,,0.89345,0.3055,0.3376
1791257635.0736,O,,,,0.91066,0.3053,0.3374
1791257635.0744,O,,,,0.92654,0.3053,0.3374
1791257635.0770,R,B,,-73,,,
1791257635.0956,R,C,,-61,,,
1791257635.0957,R,A,,-69,,,
1791257635.1517,O,,,,0.94507,0.3053,0.3374
1791257635.1528,O,,,,0.96096,0.3053,0.3374
1791257635.1537,O,,,,0.97684,0.3053,0.3374
1791257635.1544,O,,,,0.99405,0.3055,0.3376
1791257635.1308,R,B,,-74,,,
1791257635.1595,R,C,,-55,,,
1791257635.1668,R,A,,-74,,,
1791257635.2076,R,B,,-79,,,
1791257635.2101,R,C,,-57,,,
1791257635.2170,R,A,,-70,,,
1791257635.2317,O,,,,1.00993,0.3055,0.3376
1791257635.2328,O,,,,1.02714,0.3053,0.3374
1791257635.2337,O,,,,1.04435,0.3055,0.3377
1791257635.2345,O,,,,1.06023,0.3055,0.3377
1791257635.2523,R,C,,-60,,,
1791257635.2527,R,A,,-68,,,
1791257635.2529,R,B,,-87,,,
1791257635.3072,O,,,,1.07744,0.3053,0.3374
1791257635.3083,O,,,,1.09332,0.3053,0.3374
1791257635.3095,O,,,,1.11053,0.3055,0.3377
1791257635.3102,O,,,,1.12774,0.3053,0.3374
1791257635.2946,R,B,,-71,,,
1791257635.2959,R,C,,-63,,,
1791257635.2962,R,A,,-82,,,
1791257635.3598,R,C,,-60,,,
1791257635.3664,R,A,,-69,,,
1791257635.3763,O,,,,1.14362,0.3053,0.3374
1791257635.3772,O,,,,1.16083,0.3055,0.3377
1791257635.3779,O,,,,1.17804,0.3054,0.3374
1791257635.3741,R,B,,-68,,,
1791257635.3858,R,C,,-62,,,
1791257635.3863,R,A,,-70,,,
1791257635.4120,R,B,,-67,,,
1791257635.4575,O,,,,1.19392,0.3054,0.3374
1791257635.4585,O,,,,1.20981,0.3054,0.3374
1791257635.4594,O,,,,1.22834,0.3054,0.3374
1791257635.4601,O,,,,1.24422,0.3054,0.3374
1791257635.4294,R,C,,-66,,,
1791257635.4296,R,A,,-83,,,
1791257635.4298,R,B,,-66,,,
1791257635.4706,R,B,,-77,,,
1791257635.4751,R,C,,-63,,,
1791257635.5168,R,A,,-69,,,
1791257635.5317,O,,,,1.26011,0.3054,0.3374
1791257635.5327,O,,,,1.27864,0.3054,0.3374
1791257635.5337,O,,,,1.29452,0.3054,0.3374
1791257635.5346,O,,,,1.31040,0.3054,0.3374
1791257635.5215,R,C,,-64,,,
1791257635.5217,R,B,,-72,,,
1791257635.5577,R,C,,-63,,,
1791257635.5585,R,A,,-71,,,
1791257635.6117,O,,,,1.32761,0.3054,0.3377
1791257635.6127,O,,,,1.34350,0.3054,0.3377
1791257635.6136,O,,,,1.36203,0.3054,0.3377
1791257635.6144,O,,,,1.37791,0.3054,0.3377
1791257635.5809,R,B,,-71,,,
1791257635.6098,R,C,,-64,,,
1791257635.6141,R,B,,-73,,,
1791257635.6158,R,A,,-79,,,
1791257635.6486,R,C,,-61,,,
1791257635.6490,R,A,,-72,,,
1791257635.6502,R,B,,-76,,,
1791257635.6913,O,,,,1.39379,0.3054,0.3377
1791257635.6922,O,,,,1.41100,0.3054,0.3374
1791257635.6931,O,,,,1.42689,0.3054,0.3374
1791257635.6938,O,,,,1.44409,0.3054,0.3377
1791257635.7094,R,C,,-63,,,
1791257635.7167,R,A,,-70,,,
1791257635.7667,O,,,,1.46130,0.3054,0.3374
1791257635.7678,O,,,,1.47719,0.3054,0.3374
1791257635.7687,O,,,,1.49439,0.3054,0.3377
1791257635.7695,O,,,,1.51160,0.3054,0.3374
1791257635.7202,R,B,,-66,,,
1791257635.7488,R,C,,-61,,,
1791257635.7489,R,A,,-84,,,
1791257635.7799,R,B,,-73,,,
1791257635.7897,R,A,,-77,,,
1791257635.7907,R,C,,-62,,,
1791257635.7916,R,B,,-76,,,
1791257635.8373,O,,,,1.52748,0.3054,0.3374
1791257635.8384,O,,,,1.54337,0.3054,0.3374
1791257635.8395,O,,,,1.56058,0.3054,0.3377
1791257635.8352,R,C,,-60,,,
1791257635.8354,R,A,,-74,,,
1791257635.9167,O,,,,1.57778,0.3054,0.3374
1791257635.9178,O,,,,1.59367,0.3054,0.3374
1791257635.9187,O,,,,1.60955,0.3054,0.3374
1791257635.9194,O,,,,1.62808,0.3054,0.3374
1791257635.8756,R,B,,-81,,,
1791257635.8790,R,B,,-68,,,
1791257635.8998,R,A,,-79,,,
1791257635.9005,R,C,,-57,,,
1791257635.9231,R,C,,-61,,,
1791257635.9232,R,B,,-74,,,
1791257635.9917,O,,,,1.64397,0.3054,0.3374
1791257635.9936,O,,,,1.65985,0.3054,0.3374
1791257635.9944,O,,,,1.67706,0.3054,0.3377
1791257635.9952,O,,,,1.69427,0.3054,0.3374
1791257635.9808,R,B,,-68,,,
1791257636.0096,R,C,,-56,,,
1791257636.0314,R,B,,-67,,,
1791257636.0316,R,C,,-55,,,
1791257636.0659,R,B,,-77,,,
1791257636.0668,R,A,,-65,,,
1791257636.0771,O,,,,1.71015,0.3054,0.3374
1791257636.0783,O,,,,1.72603,0.3054,0.3374
1791257636.0791,O,,,,1.74324,0.3053,0.3377
1791257636.0799,O,,,,1.76045,0.3054,0.3374
1791257636.1036,R,C,,-61,,,
1791257636.1177,R,A,,-71,,,
1791257636.1464,O,,,,1.77766,0.3053,0.3377
1791257636.1473,O,,,,1.79354,0.3053,0.3377
1791257636.1482,O,,,,1.81075,0.3054,0.3374
1791257636.1490,O,,,,1.82795,0.3053,0.3377
1791257636.1445,R,C,,-59,,,
1791257636.1447,R,A,,-66,,,
1791257636.1451,R,B,,-66,,,
1791257636.1943,R,A,,-57,,,
1791257636.1945,R,C,,-56,,,
1791257636.2270,O,,,,1.84384,0.3053,0.3377
1791257636.2281,O,,,,1.86105,0.3054,0.3374
1791257636.2289,O,,,,1.87825,0.3053,0.3377
1791257636.2297,O,,,,1.89414,0.3053,0.3377
1791257636.2307,R,B,,-69,,,
1791257636.2429,R,C,,-66,,,
1791257636.2431,R,A,,-62,,,
1791257636.2445,R,B,,-71,,,
1791257636.3071,O,,,,1.91002,0.3053,0.3377
1791257636.3082,O,,,,1.92723,0.3054,0.3374
1791257636.3095,O,,,,1.94444,0.3053,0.3377
1791257636.3102,O,,,,1.96032,0.3053,0.3377
1791257636.2838,R,C,,-71,,,
1791257636.2842,R,A,,-57,,,
1791257636.3248,R,B,,-74,,,
1791257636.3311,R,B,,-66,,,
1791257636.3315,R,A,,-55,,,
1791257636.3316,R,C,,-71,,,
1791257636.3764,O,,,,1.97620,0.3053,0.3377
1791257636.3775,O,,,,1.99474,0.3053,0.3377
1791257636.3783,O,,,,2.01062,0.3053,0.3377
1791257636.3704,R,B,,-69,,,
1791257636.3827,R,A,,-59,,,
1791257636.3830,R,C,,-70,,,
1791257636.4175,R,A,,-58,,,
1791257636.4544,O,,,,2.02650,0.3053,0.3377
1791257636.4553,O,,,,2.04371,0.3054,0.3374
1791257636.4561,O,,,,2.06092,0.3053,0.3377
1791257636.4568,O,,,,2.07680,0.3053,0.3377
1791257636.4298,R,C,,-66,,,
1791257636.4308,R,B,,-65,,,
1791257636.4593,R,C,,-62,,,
1791257636.4595,R,B,,-63,,,
1791257636.4597,R,A,,-59,,,
1791257636.5076,R,B,,-75,,,
1791257636.5093,R,A,,-59,,,
1791257636.5095,R,C,,-57,,,
1791257636.5322,O,,,,2.09269,0.3053,0.3377
1791257636.5331,O,,,,2.10857,0.3053,0.3377
1791257636.5339,O,,,,2.12710,0.3053,0.3377
1791257636.5347,O,,,,2.14299,0.3053,0.3377
1791257636.5562,R,C,,-62,,,
1791257636.5625,R,A,,-62,,,
1791257636.6071,O,,,,2.16152,0.3053,0.3377
1791257636.6083,O,,,,2.17740,0.3053,0.3377
1791257636.6092,O,,,,2.19461,0.3052,0.3379
1791257636.6099,O,,,,2.21049,0.3052,0.3379
1791257636.6057,R,A,,-62,,,
1791257636.6059,R,C,,-59,,,
1791257636.6066,R,B,,-74,,,
1791257636.6525,R,B,,-68,,,
1791257636.6529,R,C,,-54,,,
1791257636.6675,R,A,,-64,,,
1791257636.6872,O,,,,2.22770,0.3053,0.3377
1791257636.6883,O,,,,2.24358,0.3053,0.3377
1791257636.6891,O,,,,2.26079,0.3052,0.3379
1791257636.6899,O,,,,2.27800,0.3053,0.3377
1791257636.6986,R,C,,-61,,,
1791257636.6989,R,A,,-64,,,
1791257636.7026,R,B,,-74,,,
1791257636.7669,O,,,,2.29388,0.3053,0.3377
1791257636.7680,O,,,,2.30977,0.3053,0.3377
1791257636.7688,O,,,,2.32697,0.3052,0.3379
1791257636.7696,O,,,,2.34418,0.3053,0.3377
1791257636.7431,R,A,,-64,,,
1791257636.7433,R,C,,-58,,,
1791257636.7778,R,B,,-75,,,
1791257636.7903,R,C,,-54,,,
1791257636.7906,R,A,,-64,,,
1791257636.8322,O,,,,2.36006,0.3053,0.3377
1791257636.8331,O,,,,2.37595,0.3053,0.3377
1791257636.8339,O,,,,2.39448,0.3053,0.3377
1791257636.8309,R,B,,-69,,,
1791257636.8595,R,C,,-62,,,
1791257636.8622,R,A,,-63,,,
1791257636.8653,R,B,,-77,,,
1791257636.9111,O,,,,2.41036,0.3053,0.3377
1791257636.9120,O,,,,2.42625,0.3053,0.3377
1791257636.9129,O,,,,2.44346,0.3055,0.3375
1791257636.9137,O,,,,2.46066,0.3053,0.3377
1791257636.8897,R,C,,-60,,,
1791257636.8899,R,A,,-64,,,
1791257636.8903,R,B,,-70,,,
1791257636.9450,R,B,,-72,,,
1791257636.9472,R,C,,-56,,,
1791257636.9473,R,A,,-66,,,
1791257636.9918,O,,,,2.47655,0.3053,0.3377
1791257636.9930,O,,,,2.49375,0.3055,0.3375
1791257636.9938,O,,,,2.51096,0.3053,0.3377
1791257636.9946,O,,,,2.52685,0.3053,0.3377
1791257636.9812,R,B,,-77,,,
1791257636.9822,R,A,,-65,,,
1791257636.9823,R,C,,-66,,,
1791257637.0663,O,,,,2.54405,0.3056,0.3375
1791257637.0672,O,,,,2.56126,0.3053,0.3377
1791257637.0681,O,,,,2.57714,0.3053,0.3377
1791257637.0689,O,,,,2.59435,0.3056,0.3375
1791257637.0278,R,C,,-64,,,
1791257637.0313,R,B,,-69,,,
1791257637.0666,R,A,,-74,,,
1791257637.0814,R,B,,-66,,,
1791257637.0902,R,C,,-68,,,
1791257637.1176,R,A,,-68,,,
1791257637.1469,O,,,,2.61156,0.3053,0.3377
1791257637.1478,O,,,,2.62744,0.3053,0.3377
1791257637.1487,O,,,,2.64465,0.3056,0.3375
1791257637.1501,O,,,,2.66186,0.3053,0.3377
1791257637.1314,R,B,,-74,,,
1791257637.1619,R,A,,-70,,,
1791257637.1623,R,B,,-68,,,
1791257637.2135,R,B,,-75,,,
1791257637.2176,R,A,,-65,,,
1791257637.2178,R,C,,-60,,,
1791257637.2322,O,,,,2.67907,0.3056,0.3375
1791257637.2331,O,,,,2.69495,0.3056,0.3375
1791257637.2338,O,,,,2.71216,0.3053,0.3376
1791257637.2346,O,,,,2.72804,0.3053,0.3376
1791257637.2601,R,C,,-60,,,
1791257637.2677,R,A,,-61,,,
1791257637.3035,O,,,,2.74525,0.3056,0.3375
1791257637.3044,O,,,,2.76246,0.3053,0.3376
1791257637.3053,O,,,,2.77834,0.3053,0.3376
1791257637.3060,O,,,,2.79555,0.3056,0.3376
1791257637.2753,R,B,,-68,,,
1791257637.3012,R,A,,-65,,,
1791257637.3014,R,B,,-71,,,
1791257637.3035,R,C,,-63,,,
1791257637.3511,R,A,,-60,,,
1791257637.3516,R,B,,-62,,,
1791257637.3595,R,C,,-60,,,
1791257637.3717,O,,,,2.81276,0.3053,0.3376
1791257637.3727,O,,,,2.82864,0.3053,0.3376
1791257637.3735,O,,,,2.84585,0.3056,0.3376
1791257637.4065,R,B,,-64,,,
1791257637.4071,R,C,,-55,,,
1791257637.4087,R,A,,-57,,,
1791257637.4513,O,,,,2.86173,0.3056,0.3376
1791257637.4521,O,,,,2.87894,0.3053,0.3376
1791257637.4529,O,,,,2.89615,0.3056,0.3376
1791257637.4537,O,,,,2.91203,0.3056,0.3376
1791257637.4404,R,C,,-62,,,
1791257637.4420,R,A,,-62,,,
1791257637.4589,R,B,,-65,,,
1791257637.4842,R,C,,-62,,,
1791257637.4844,R,A,,-58,,,
1791257637.5073,R,B,,-61,,,
1791257637.5273,O,,,,2.92791,0.3056,0.3376
1791257637.5284,O,,,,2.94512,0.3053,0.3376
1791257637.5293,O,,,,2.96233,0.3056,0.3376
1791257637.5301,O,,,,2.97821,0.3056,0.3376
1791257637.5603,R,C,,-54,,,
1791257637.5605,R,A,,-58,,,
1791257637.6068,O,,,,2.99542,0.3053,0.3376
1791257637.6079,O,,,,3.01263,0.3056,0.3376
1791257637.6087,O,,,,3.02851,0.3056,0.3376
1791257637.6095,O,,,,3.04440,0.3056,0.3376
1791257637.5806,R,B,,-68,,,
1791257637.5810,R,C,,-60,,,
1791257637.5810,R,A,,-60,,,
1791257637.6259,R,C,,-62,,,
1791257637.6262,R,B,,-63,,,
1791257637.6672,R,A,,-56,,,
1791257637.6818,O,,,,3.06293,0.3056,0.3376
1791257637.6829,O,,,,3.07881,0.3056,0.3376
1791257637.6837,O,,,,3.09469,0.3056,0.3376
1791257637.6845,O,,,,3.11190,0.3053,0.3376
1791257637.6810,R,B,,-56,,,
1791257637.6929,R,C,,-52,,,
1791257637.6933,R,A,,-57,,,
1791257637.7132,R,A,,-57,,,
1791257637.7159,R,B,,-81,,,
1791257637.7619,O,,,,3.12911,0.3056,0.3376
1791257637.7630,O,,,,-3.13819,0.3056,0.3376
1791257637.7638,O,,,,-3.12098,0.3053,0.3376
1791257637.7646,O,,,,-3.10378,0.3056,0.3376
1791257637.7537,R,C,,-58,,,
1791257637.7544,R,B,,-60,,,
1791257637.7674,R,A,,-60,,,
1791257637.8098,R,C,,-66,,,
1791257637.8112,R,A,,-57,,,
1791257637.8125,R,B,,-53,,,
1791257637.8322,O,,,,-3.08789,0.3056,0.3376
1791257637.8331,O,,,,-3.07466,0.3056,0.3376
1791257637.8341,O,,,,-3.06274,0.3053,0.3376
1791257637.8452,R,A,,-58,,,
1791257637.8454,R,B,,-61,,,
1791257637.8473,R,C,,-59,,,
1791257637.9111,O,,,,-3.04951,0.3053,0.3376
1791257637.9121,O,,,,-3.03627,0.3053,0.3376
1791257637.9130,O,,,,-3.02700,0.3056,0.3376
1791257637.9138,O,,,,-3.01774,0.3053,0.3376
1791257637.8902,R,C,,-66,,,
1791257637.8904,R,B,,-60,,,
1791257637.9175,R,A,,-60,,,
1791257637.9602,R,C,,-76,,,
1791257637.9654,R,A,,-59,,,
1791257637.9658,R,B,,-55,,,
1791257637.9869,O,,,,-3.00847,0.3056,0.3376
1791257637.9878,O,,,,-3.00185,0.3053,0.3376
1791257637.9886,O,,,,-2.99656,0.3053,0.3376
1791257637.9894,O,,,,-2.99127,0.3053,0.3376
1791257637.9974,R,B,,-61,,,
1791257637.9988,R,A,,-58,,,
1791257637.9991,R,C,,-61,,,
1791257638.0671,O,,,,-2.98729,0.3056,0.3376
1791257638.0682,O,,,,-2.98465,0.3056,0.3376
1791257638.0690,O,,,,-2.98200,0.3056,0.3376
1791257638.0698,O,,,,-2.98200,0.3056,0.3376
1791257638.0311,R,B,,-62,,,
1791257638.0515,R,A,,-59,,,
1791257638.0814,R,B,,-61,,,
1791257638.1067,R,C,,-78,,,
1791257638.1070,R,A,,-60,,,
1791257638.1423,O,,,,-2.98068,0.3058,0.3376
1791257638.1434,O,,,,-2.98068,0.3058,0.3376
1791257638.1443,O,,,,-2.98068,0.3058,0.3376
1791257638.1450,O,,,,-2.98068,0.3058,0.3376
1791257638.1316,R,B,,-56,,,
1791257638.1377,R,C,,-63,,,
1791257638.1572,R,B,,-60,,,
1791257638.1597,R,A,,-58,,,
1791257638.1602,R,C,,-63,,,
1791257638.2063,R,A,,-61,,,
1791257638.2103,R,C,,-69,,,
1791257638.2216,O,,,,-2.98068,0.3058,0.3376
1791257638.2225,O,,,,-2.98068,0.3058,0.3376
1791257638.2235,O,,,,-2.98068,0.3058,0.3376
1791257638.2243,O,,,,-2.98068,0.3058,0.3376
1791257638.2310,R,B,,-60,,,
1791257638.2638,R,B,,-54,,,
1791257638.2913,O,,,,-2.98068,0.3058,0.3376
1791257638.2923,O,,,,-2.98068,0.3058,0.3376
1791257638.2932,O,,,,-2.98068,0.3058,0.3376
1791257638.2939,O,,,,-2.98068,0.3058,0.3376
1791257638.3003,R,B,,-61,,,
1791257638.3017,R,C,,-63,,,
1791257638.3170,R,A,,-58,,,
1791257638.3671,O,,,,-2.98068,0.3058,0.3376
1791257638.3681,O,,,,-2.98068,0.3058,0.3376
1791257638.3689,O,,,,-2.98068,0.3058,0.3376
1791257638.3495,R,A,,-62,,,
1791257638.3497,R,C,,-69,,,
1791257638.3498,R,B,,-60,,,
1791257638.3901,R,C,,-75,,,
1791257638.3903,R,A,,-60,,,
1791257638.3913,R,B,,-56,,,
1791257638.4468,O,,,,-2.98068,0.3058,0.3376
1791257638.4478,O,,,,-2.98068,0.3058,0.3376
1791257638.4487,O,,,,-2.98068,0.3058,0.3376
1791257638.4494,O,,,,-2.98068,0.3058,0.3376
1791257638.4323,R,C,,-62,,,
1791257638.4563,R,A,,-57,,,
1791257638.8161,O,,,,-2.98068,0.3058,0.3376
1791257638.4802,R,B,,-60,,,
1791257638.4889,R,C,,-68,,,
1791257638.5169,R,A,,-61,,,
1791257638.8183,O,,,,-2.98068,0.3058,0.3376
1791257638.5281,R,B,,-61,,,
1791257638.5282,R,C,,-75,,,
1791257638.5300,R,A,,-61,,,
1791257638.8215,O,,,,-2.98068,0.3058,0.3376
1791257638.5754,R,C,,-62,,,
1791257638.5761,R,B,,-55,,,
1791257638.6168,R,A,,-58,,,
1791257638.8233,O,,,,-2.98068,0.3058,0.3376
1791257638.6203,R,B,,-60,,,
1791257638.6505,R,C,,-68,,,
1791257638.6516,R,A,,-61,,,
1791257638.6645,R,A,,-61,,,
1791257638.8245,O,,,,-2.98068,0.3058,0.3376
1791257638.6809,R,B,,-59,,,
1791257638.7057,R,C,,-75,,,
1791257638.7057,R,C,,-74,,,
1791257638.7078,R,B,,-56,,,
1791257638.7170,R,A,,-60,,,
1791257638.8257,O,,,,-2.98068,0.3058,0.3376
1791257638.7596,R,C,,-62,,,
1791257638.7652,R,B,,-60,,,
1791257638.7673,R,A,,-57,,,
1791257638.8267,O,,,,-2.98068,0.3058,0.3376
1791257638.7992,R,C,,-68,,,
1791257638.8002,R,B,,-60,,,
1791257638.8101,R,A,,-62,,,
1791257638.8277,O,,,,-2.98068,0.3058,0.3376
1791257638.8285,O,,,,-2.98068,0.3058,0.3376
1791257638.8293,O,,,,-2.98068,0.3058,0.3376
1791257638.8300,O,,,,-2.98068,0.3058,0.3376
1791257638.8307,O,,,,-2.98068,0.3058,0.3376
1791257638.8315,O,,,,-2.98068,0.3058,0.3376
1791257638.8322,O,,,,-2.98068,0.3058,0.3376
1791257638.8329,O,,,,-2.98068,0.3058,0.3376
1791257638.8336,O,,,,-2.98068,0.3058,0.3376
1791257638.8344,O,,,,-2.98068,0.3058,0.3376
1791257638.8351,O,,,,-2.98068,0.3058,0.3376
1791257638.8367,O,,,,-2.98068,0.3058,0.3376
1791257638.8603,R,C,,-75,,,
1791257638.8669,R,A,,-62,,,
1791257638.8686,R,B,,-56,,,
1791257638.9072,O,,,,-2.98068,0.3058,0.3376
1791257638.9089,O,,,,-2.98068,0.3058,0.3376
1791257638.9102,O,,,,-2.98068,0.3058,0.3376
1791257638.9112,O,,,,-2.98068,0.3058,0.3376
1791257638.8939,R,B,,-60,,,
1791257638.8964,R,A,,-63,,,
1791257638.9052,R,C,,-65,,,
1791257638.9404,R,C,,-65,,,
1791257638.9406,R,A,,-67,,,
1791257638.9875,O,,,,-2.98068,0.3058,0.3376
1791257638.9889,O,,,,-2.97671,0.3056,0.3376
1791257638.9902,O,,,,-2.96744,0.3058,0.3376
1791257638.9914,O,,,,-2.95685,0.3058,0.3376
1791257638.9811,R,B,,-58,,,
1791257638.9887,R,A,,-64,,,
1791257638.9900,R,B,,-54,,,
1791257639.0098,R,C,,-71,,,
1791257639.0619,O,,,,-2.94361,0.3064,0.3377
1791257639.0633,O,,,,-2.92641,0.3066,0.3378
1791257639.0641,O,,,,-2.91052,0.3071,0.3379
1791257639.0649,O,,,,-2.89596,0.3074,0.3380
1791257639.0333,R,C,,-71,,,
1791257639.0593,R,A,,-57,,,
1791257639.0813,R,C,,-68,,,
1791257639.0816,R,B,,-60,,,
1791257639.0817,R,A,,-61,,,
1791257639.1418,O,,,,-2.87875,0.3076,0.3380
1791257639.1428,O,,,,-2.86419,0.3079,0.3381
1791257639.1436,O,,,,-2.84699,0.3082,0.3382
1791257639.1444,O,,,,-2.83110,0.3082,0.3382
1791257639.1254,R,B,,-58,,,
1791257639.1287,R,C,,-71,,,
1791257639.1297,R,A,,-62,,,
1791257639.1675,R,A,,-63,,,
1791257639.2168,O,,,,-2.81390,0.3084,0.3383
1791257639.2179,O,,,,-2.79801,0.3084,0.3383
1791257639.2187,O,,,,-2.78213,0.3084,0.3383
1791257639.2196,O,,,,-2.76492,0.3087,0.3384
1791257639.1761,R,C,,-68,,,
1791257639.1766,R,B,,-58,,,
1791257639.2053,R,B,,-63,,,
1791257639.2097,R,C,,-69,,,
1791257639.2173,R,A,,-62,,,
1791257639.2516,R,C,,-71,,,
1791257639.2518,R,A,,-68,,,
1791257639.2525,R,B,,-62,,,
1791257639.2862,O,,,,-2.74904,0.3087,0.3384
1791257639.2872,O,,,,-2.73315,0.3087,0.3384
1791257639.2881,O,,,,-2.71727,0.3087,0.3384
1791257639.3096,R,C,,-70,,,
1791257639.3162,R,A,,-72,,,
1791257639.3166,R,B,,-58,,,
1791257639.3665,O,,,,-2.69874,0.3087,0.3384
1791257639.3675,O,,,,-2.68285,0.3087,0.3384
1791257639.3683,O,,,,-2.66697,0.3087,0.3384
1791257639.3691,O,,,,-2.64976,0.3089,0.3385
1791257639.3402,R,A,,-66,,,
1791257639.3605,R,B,,-66,,,
1791257639.3606,R,C,,-66,,,
1791257639.3879,R,A,,-70,,,
1791257639.4104,R,C,,-70,,,
1791257639.4426,O,,,,-2.63388,0.3089,0.3385
1791257639.4437,O,,,,-2.61667,0.3087,0.3384
1791257639.4445,O,,,,-2.59946,0.3089,0.3385
1791257639.4452,O,,,,-2.58358,0.3089,0.3385
1791257639.4310,R,B,,-60,,,
1791257639.4604,R,C,,-71,,,
1791257639.4669,R,A,,-67,,,
1791257639.4686,R,B,,-66,,,
1791257639.4803,R,C,,-74,,,
1791257639.4811,R,B,,-63,,,
1791257639.4831,R,A,,-65,,,
1791257639.5217,O,,,,-2.56769,0.3089,0.3385
1791257639.5230,O,,,,-2.55049,0.3087,0.3383
1791257639.5242,O,,,,-2.53328,0.3089,0.3385
1791257639.5253,O,,,,-2.51740,0.3089,0.3385
1791257639.5368,R,A,,-64,,,
1791257639.5678,R,A,,-67,,,
1791257639.6022,O,,,,-2.50019,0.3087,0.3383
1791257639.6035,O,,,,-2.48298,0.3089,0.3385
1791257639.6047,O,,,,-2.46577,0.3087,0.3383
1791257639.6058,O,,,,-2.44989,0.3087,0.3383
1791257639.5816,R,B,,-63,,,
1791257639.5831,R,C,,-67,,,
1791257639.6074,R,A,,-69,,,
1791257639.6076,R,C,,-71,,,
1791257639.6081,R,B,,-59,,,
1791257639.6460,R,B,,-62,,,
1791257639.6480,R,C,,-68,,,
1791257639.6482,R,A,,-66,,,
1791257639.6776,O,,,,-2.43268,0.3089,0.3385
1791257639.6788,O,,,,-2.41680,0.3089,0.3385
1791257639.6800,O,,,,-2.40091,0.3089,0.3385
1791257639.6809,O,,,,-2.38371,0.3087,0.3383
1791257639.6897,R,C,,-72,,,
1791257639.6899,R,A,,-64,,,
1791257639.6905,R,B,,-60,,,
1791257639.7575,O,,,,-2.36650,0.3089,0.3385
1791257639.7586,O,,,,-2.35062,0.3089,0.3385
1791257639.7594,O,,,,-2.33341,0.3087,0.3383
1791257639.7602,O,,,,-2.31620,0.3089,0.3385
1791257639.7306,R,C,,-77,,,
1791257639.7326,R,A,,-64,,,
1791257639.7813,R,B,,-59,,,
1791257639.7947,R,A,,-67,,,
1791257639.8268,O,,,,-2.30032,0.3089,0.3385
1791257639.8279,O,,,,-2.28311,0.3087,0.3383
1791257639.8287,O,,,,-2.26590,0.3089,0.3385
1791257639.8267,R,B,,-64,,,
1791257639.8562,R,A,,-73,,,
1791257639.8602,R,C,,-71,,,
1791257639.9016,O,,,,-2.25002,0.3089,0.3385
1791257639.9027,O,,,,-2.23413,0.3089,0.3385
1791257639.9035,O,,,,-2.21693,0.3087,0.3383
1791257639.9044,O,,,,-2.19972,0.3089,0.3385
1791257639.8706,R,C,,-70,,,
1791257639.8746,R,B,,-67,,,
1791257639.9177,R,C,,-80,,,
1791257639.9179,R,A,,-66,,,
1791257639.9283,R,B,,-60,,,
1791257639.9663,R,A,,-65,,,
1791257639.9874,O,,,,-2.18251,0.3087,0.3383
1791257639.9885,O,,,,-2.16663,0.3087,0.3383
1791257639.9893,O,,,,-2.14942,0.3089,0.3385
1791257639.9901,O,,,,-2.13354,0.3089,0.3385
1791257639.9819,R,C,,-71,,,
1791257639.9821,R,B,,-67,,,
1791257640.0080,R,A,,-66,,,
1791257640.0085,R,C,,-74,,,
1791257640.0651,O,,,,-2.11633,0.3087,0.3383
1791257640.0661,O,,,,-2.09912,0.3088,0.3385
1791257640.0670,O,,,,-2.08324,0.3088,0.3385
1791257640.0678,O,,,,-2.06603,0.3087,0.3383
1791257640.0317,R,B,,-63,,,
1791257640.0599,R,C,,-70,,,
1791257640.0669,R,A,,-66,,,
1791257640.0816,R,B,,-58,,,
1791257640.1003,R,C,,-65,,,
1791257640.1011,R,A,,-66,,,
1791257640.1367,O,,,,-2.04882,0.3088,0.3385
1791257640.1378,O,,,,-2.03294,0.3088,0.3385
1791257640.1386,O,,,,-2.01573,0.3087,0.3383
1791257640.1394,O,,,,-1.99985,0.3087,0.3383
1791257640.1316,R,B,,-63,,,
1791257640.1445,R,A,,-65,,,
1791257640.1446,R,B,,-61,,,
1791257640.1597,R,C,,-69,,,
1791257640.2165,O,,,,-1.98264,0.3088,0.3385
1791257640.2174,O,,,,-1.96675,0.3088,0.3385
1791257640.2182,O,,,,-1.94955,0.3087,0.3383
1791257640.2190,O,,,,-1.93234,0.3088,0.3385
1791257640.1947,R,C,,-68,,,
1791257640.1949,R,A,,-63,,,
1791257640.1951,R,B,,-56,,,
1791257640.2602,R,C,,-69,,,
1791257640.2677,R,A,,-68,,,
1791257640.2862,O,,,,-1.91646,0.3088,0.3385
1791257640.2871,O,,,,-1.89925,0.3087,0.3383
1791257640.2879,O,,,,-1.88204,0.3088,0.3385
1791257640.2820,R,C,,-68,,,
1791257640.2824,R,A,,-65,,,
1791257640.3618,O,,,,-1.86616,0.3088,0.3385
1791257640.3629,O,,,,-1.84895,0.3088,0.3383
1791257640.3638,O,,,,-1.83174,0.3088,0.3385
1791257640.3645,O,,,,-1.81586,0.3088,0.3385
1791257640.3326,R,C,,-73,,,
1791257640.3353,R,A,,-61,,,
1791257640.3748,R,B,,-57,,,
1791257640.4101,R,C,,-76,,,
1791257640.4103,R,A,,-61,,,
1791257640.4423,O,,,,-1.79865,0.3088,0.3383
1791257640.4434,O,,,,-1.78277,0.3088,0.3383
1791257640.4441,O,,,,-1.76556,0.3088,0.3385
1791257640.4449,O,,,,-1.74967,0.3088,0.3385
1791257640.4234,R,B,,-67,,,
1791257640.4302,R,C,,-71,,,
1791257640.4311,R,A,,-66,,,
1791257640.4812,R,B,,-61,,,
1791257640.5098,R,C,,-73,,,
1791257640.5123,R,A,,-67,,,
1791257640.5216,O,,,,-1.73247,0.3088,0.3383
1791257640.5226,O,,,,-1.71526,0.3088,0.3385
1791257640.5234,O,,,,-1.69938,0.3088,0.3385
1791257640.5242,O,,,,-1.68217,0.3088,0.3383
1791257640.5211,R,B,,-52,,,
1791257640.5371,R,A,,-65,,,
1791257640.5373,R,C,,-83,,,
1791257640.5670,R,A,,-64,,,
1791257640.5680,R,C,,-76,,,
1791257640.5681,R,B,,-59,,,
1791257640.5966,O,,,,-1.66628,0.3088,0.3383
1791257640.5977,O,,,,-1.64908,0.3088,0.3385
1791257640.5985,O,,,,-1.63187,0.3088,0.3383
1791257640.5993,O,,,,-1.61598,0.3088,0.3383
1791257640.6179,R,A,,-68,,,
1791257640.6317,R,B,,-57,,,
1791257640.6601,R,C,,-72,,,
1791257640.6604,R,A,,-67,,,
1791257640.6608,R,B,,-51,,,
1791257640.6767,O,,,,-1.59878,0.3088,0.3385
1791257640.6778,O,,,,-1.58289,0.3088,0.3385
1791257640.6787,O,,,,-1.56569,0.3088,0.3383
1791257640.6794,O,,,,-1.54848,0.3088,0.3385
1791257640.7008,R,B,,-60,,,
1791257640.7104,R,C,,-67,,,
1791257640.7178,R,A,,-68,,,
1791257640.7518,O,,,,-1.53259,0.3088,0.3385
1791257640.7527,O,,,,-1.51539,0.3088,0.3383
1791257640.7536,O,,,,-1.49950,0.3088,0.3383
1791257640.7543,O,,,,-1.48230,0.3088,0.3385
1791257640.7469,R,C,,-75,,,
1791257640.7484,R,B,,-50,,,
1791257640.7521,R,A,,-71,,,
1791257640.8064,R,C,,-70,,,
1791257640.8065,R,A,,-69,,,
1791257640.8072,R,B,,-51,,,
1791257640.8216,O,,,,-1.46641,0.3088,0.3385
1791257640.8226,O,,,,-1.44920,0.3088,0.3383
1791257640.8234,O,,,,-1.43200,0.3088,0.3385
1791257640.8354,R,C,,-57,,,
1791257640.8356,R,A,,-68,,,
1791257640.9018,O,,,,-1.41611,0.3088,0.3385
1791257640.9029,O,,,,-1.39891,0.3088,0.3383
1791257640.9037,O,,,,-1.38170,0.3088,0.3385
1791257640.9045,O,,,,-1.36581,0.3088,0.3385
1791257640.8808,R,B,,-84,,,
1791257640.9071,R,A,,-69,,,
1791257640.9104,R,C,,-70,,,
1791257640.9266,R,B,,-56,,,
1791257640.9281,R,A,,-71,,,
1791257640.9284,R,C,,-67,,,
1791257640.9817,O,,,,-1.34861,0.3088,0.3383
1791257640.9836,O,,,,-1.33140,0.3088,0.3385
1791257640.9844,O,,,,-1.31551,0.3088,0.3385
1791257640.9852,O,,,,-1.29831,0.3088,0.3383
1791257640.9751,R,C,,-63,,,
1791257640.9812,R,B,,-57,,,
1791257641.0137,R,B,,-62,,,
1791257641.0144,R,A,,-71,,,
1791257641.0191,R,A,,-75,,,
1791257641.0656,O,,,,-1.28110,0.3088,0.3385
1791257641.0665,O,,,,-1.26522,0.3088,0.3385
1791257641.0673,O,,,,-1.24933,0.3088,0.3385
1791257641.0681,O,,,,-1.23080,0.3088,0.3385
1791257641.0415,R,C,,-68,,,
1791257641.0597,R,B,,-61,,,
1791257641.0598,R,C,,-72,,,
1791257641.0647,R,A,,-91,,,
1791257641.1065,R,C,,-73,,,
1791257641.1179,R,A,,-74,,,
1791257641.1435,O,,,,-1.21492,0.3088,0.3385
1791257641.1445,O,,,,-1.19903,0.3088,0.3385
1791257641.1454,O,,,,-1.18315,0.3088,0.3385
1791257641.1461,O,,,,-1.16462,0.3088,0.3385
1791257641.1317,R,B,,-58,,,
1791257641.1599,R,C,,-68,,,
1791257641.1667,R,B,,-67,,,
1791257641.1675,R,A,,-71,,,
1791257641.2187,O,,,,-1.14873,0.3088,0.3385
1791257641.2197,O,,,,-1.13285,0.3088,0.3385
1791257641.2206,O,,,,-1.11697,0.3088,0.3385
1791257641.1940,R,C,,-77,,,
1791257641.1946,R,B,,-68,,,
1791257641.2175,R,A,,-72,,,
1791257641.2215,O,,,,-1.09843,0.3088,0.3385
1791257641.2396,R,C,,-68,,,
1791257641.2398,R,A,,-74,,,
1791257641.2459,R,B,,-62,,,
1791257641.2829,O,,,,-1.08255,0.3088,0.3385
1791257641.2838,O,,,,-1.06667,0.3088,0.3385
1791257641.2846,O,,,,-1.04814,0.3088,0.3385
1791257641.3642,O,,,,-1.03225,0.3088,0.3385
1791257641.3651,O,,,,-1.01637,0.3088,0.3385
1791257641.3660,O,,,,-0.99784,0.3088,0.3385
1791257641.3668,O,,,,-0.98195,0.3088,0.3385
1791257641.3200,R,B,,-65,,,
1791257641.3247,R,C,,-71,,,
1791257641.3650,R,B,,-59,,,
1791257641.3672,R,A,,-70,,,
1791257641.3806,R,C,,-74,,,
1791257641.4368,O,,,,-0.96607,0.3088,0.3385
1791257641.4378,O,,,,-0.94754,0.3088,0.3385
1791257641.4387,O,,,,-0.93165,0.3088,0.3385
1791257641.4395,O,,,,-0.91577,0.3088,0.3385
1791257641.4279,R,B,,-61,,,
1791257641.4603,R,C,,-70,,,
1791257641.4684,R,A,,-84,,,
1791257641.5168,O,,,,-0.89724,0.3088,0.3385
1791257641.5179,O,,,,-0.88135,0.3088,0.3385
1791257641.5188,O,,,,-0.86547,0.3088,0.3385
1791257641.5196,O,,,,-0.84826,0.3089,0.3383
1791257641.4813,R,B,,-67,,,
1791257641.5036,R,B,,-70,,,
1791257641.5104,R,C,,-77,,,
1791257641.5176,R,A,,-79,,,
1791257641.5489,R,C,,-67,,,
1791257641.5497,R,A,,-81,,,
1791257641.5575,R,B,,-62,,,
1791257641.5973,O,,,,-0.83106,0.3088,0.3385
1791257641.5982,O,,,,-0.81517,0.3088,0.3385
1791257641.5991,O,,,,-0.79796,0.3086,0.3387
1791257641.5999,O,,,,-0.78076,0.3088,0.3385
1791257641.5912,R,B,,-67,,,
1791257641.6105,R,C,,-70,,,
1791257641.6175,R,A,,-75,,,
1791257641.6406,R,C,,-77,,,
1791257641.6408,R,A,,-75,,,
1791257641.6417,R,B,,-64,,,
1791257641.6719,O,,,,-0.76487,0.3088,0.3385
1791257641.6729,O,,,,-0.74899,0.3088,0.3385
1791257641.6737,O,,,,-0.73046,0.3088,0.3385
1791257641.6745,O,,,,-0.71457,0.3088,0.3385
1791257641.6815,R,B,,-59,,,
1791257641.6938,R,A,,-76,,,
1791257641.6939,R,C,,-71,,,
1791257641.7518,O,,,,-0.69869,0.3088,0.3385
1791257641.7528,O,,,,-0.68281,0.3088,0.3385
1791257641.7536,O,,,,-0.66560,0.3090,0.3384
1791257641.7544,O,,,,-0.64839,0.3088,0.3385
1791257641.7237,R,B,,-57,,,
1791257641.7291,R,C,,-72,,,
1791257641.7613,R,A,,-86,,,
1791257641.7684,R,A,,-77,,,
1791257641.7777,R,B,,-66,,,
1791257641.8074,R,B,,-62,,,
1791257641.8105,R,C,,-68,,,
1791257641.8182,R,A,,-72,,,
1791257641.8221,O,,,,-0.63251,0.3088,0.3385
1791257641.8230,O,,,,-0.61398,0.3088,0.3385
1791257641.8237,O,,,,-0.59809,0.3088,0.3385
1791257641.8509,R,C,,-62,,,
1791257641.8511,R,A,,-80,,,
1791257641.8517,R,B,,-62,,,
1791257641.8999,O,,,,-0.58088,0.3090,0.3384
1791257641.9011,O,,,,-0.56368,0.3088,0.3385
1791257641.9022,O,,,,-0.54779,0.3088,0.3385
1791257641.9030,O,,,,-0.53059,0.3090,0.3384
1791257641.8979,R,A,,-70,,,
1791257641.9100,R,C,,-67,,,
1791257641.9103,R,B,,-64,,,
1791257641.9435,R,B,,-58,,,
1791257641.9439,R,C,,-66,,,
1791257641.9684,R,A,,-75,,,
1791257641.9766,O,,,,-0.51338,0.3088,0.3385
1791257641.9778,O,,,,-0.49749,0.3088,0.3385
1791257641.9791,O,,,,-0.48029,0.3085,0.3387
1791257641.9802,O,,,,-0.46308,0.3088,0.3385
1791257641.9938,R,C,,-66,,,
1791257642.0007,R,A,,-77,,,
1791257642.0010,R,B,,-51,,,
1791257642.0562,O,,,,-0.44720,0.3088,0.3385
1791257642.0574,O,,,,-0.43131,0.3088,0.3385
1791257642.0583,O,,,,-0.41410,0.3085,0.3386
1791257642.0591,O,,,,-0.39822,0.3085,0.3386
1791257642.0376,R,C,,-61,,,
1791257642.0399,R,B,,-57,,,
1791257642.0403,R,A,,-68,,,
1791257642.0782,R,B,,-58,,,
1791257642.1100,R,C,,-70,,,
1791257642.1134,R,A,,-82,,,
1791257642.1315,O,,,,-0.38101,0.3088,0.3385
1791257642.1333,O,,,,-0.36380,0.3085,0.3386
1791257642.1341,O,,,,-0.34792,0.3085,0.3386
1791257642.1348,O,,,,-0.33071,0.3088,0.3385
1791257642.1283,R,B,,-55,,,
1791257642.1285,R,C,,-71,,,
1791257642.1291,R,A,,-69,,,
1791257642.2201,O,,,,-0.31483,0.3088,0.3385
1791257642.2214,O,,,,-0.29762,0.3085,0.3386
1791257642.1767,R,B,,-49,,,
1791257642.1893,R,C,,-60,,,
1791257642.2176,R,A,,-71,,,
1791257642.2224,O,,,,-0.28174,0.3085,0.3386
1791257642.2232,O,,,,-0.26453,0.3088,0.3386
1791257642.2203,R,B,,-55,,,
1791257642.2326,R,C,,-61,,,
1791257642.2614,R,B,,-57,,,
1791257642.2681,R,A,,-84,,,
1791257642.2832,O,,,,-0.24865,0.3088,0.3386
1791257642.2840,O,,,,-0.23144,0.3085,0.3386
1791257642.2848,O,,,,-0.21423,0.3088,0.3386
1791257642.3098,R,C,,-64,,,
1791257642.3652,O,,,,-0.19835,0.3088,0.3386
1791257642.3661,O,,,,-0.18114,0.3085,0.3386
1791257642.3668,O,,,,-0.16393,0.3088,0.3386
1791257642.3676,O,,,,-0.14805,0.3088,0.3386
1791257642.3312,R,B,,-54,,,
1791257642.3463,R,B,,-57,,,
1791257642.3488,R,A,,-76,,,
1791257642.3607,R,C,,-52,,,
1791257642.3932,R,C,,-61,,,
1791257642.3936,R,B,,-50,,,
1791257642.3939,R,A,,-78,,,
1791257642.4373,O,,,,-0.13084,0.3085,0.3386
1791257642.4383,O,,,,-0.11496,0.3085,0.3386
1791257642.4391,O,,,,-0.09775,0.3088,0.3386
1791257642.4398,O,,,,-0.08187,0.3088,0.3386
1791257642.4437,R,A,,-74,,,
1791257642.4439,R,B,,-54,,,
1791257642.4605,R,C,,-54,,,
1791257642.5167,O,,,,-0.06466,0.3085,0.3386
1791257642.5178,O,,,,-0.04877,0.3085,0.3386
1791257642.5186,O,,,,-0.03024,0.3085,0.3386
1791257642.5193,O,,,,-0.01436,0.3085,0.3386
1791257642.4939,R,C,,-55,,,
1791257642.4941,R,A,,-83,,,
1791257642.4949,R,B,,-57,,,
1791257642.5364,R,C,,-57,,,
1791257642.5369,R,A,,-73,,,
1791257642.5371,R,B,,-55,,,
1791257642.5918,O,,,,0.00152,0.3085,0.3386
1791257642.5928,O,,,,0.01873,0.3088,0.3386
1791257642.5936,O,,,,0.03594,0.3085,0.3386
1791257642.5944,O,,,,0.05182,0.3085,0.3386
1791257642.5933,R,C,,-56,,,
1791257642.5936,R,B,,-56,,,
1791257642.5939,R,A,,-68,,,
1791257642.6284,R,B,,-58,,,
1791257642.6400,R,C,,-50,,,
1791257642.6402,R,A,,-73,,,
1791257642.6715,O,,,,0.06903,0.3088,0.3386
1791257642.6724,O,,,,0.08624,0.3085,0.3386
1791257642.6732,O,,,,0.10212,0.3085,0.3386
1791257642.6740,O,,,,0.11801,0.3085,0.3386
1791257642.6736,R,C,,-57,,,
1791257642.6819,R,B,,-64,,,
1791257642.6847,R,A,,-74,,,
1791257642.7474,O,,,,0.13654,0.3085,0.3386
1791257642.7488,O,,,,0.15242,0.3085,0.3386
1791257642.7502,O,,,,0.16831,0.3085,0.3386
1791257642.7513,O,,,,0.18551,0.3088,0.3386
1791257642.7230,R,B,,-62,,,
1791257642.7264,R,C,,-55,,,
1791257642.7266,R,A,,-70,,,
1791257642.7635,R,B,,-65,,,
1791257642.7683,R,A,,-71,,,
1791257642.8162,O,,,,0.20272,0.3085,0.3386
1791257642.8171,O,,,,0.21860,0.3085,0.3386
1791257642.8178,O,,,,0.23581,0.3082,0.3385
1791257642.8036,R,C,,-51,,,
1791257642.8076,R,C,,-51,,,
1791257642.8176,R,A,,-68,,,
1791257642.8318,R,B,,-67,,,
1791257642.8602,R,C,,-56,,,
1791257642.8675,R,B,,-63,,,
1791257642.8973,O,,,,0.25302,0.3085,0.3386
1791257642.8987,O,,,,0.26890,0.3085,0.3386
1791257642.9000,O,,,,0.28479,0.3085,0.3386
1791257642.9012,O,,,,0.30332,0.3085,0.3386
1791257642.8935,R,C,,-56,,,
1791257642.9089,R,A,,-73,,,
1791257642.9090,R,B,,-62,,,
1791257642.9420,R,C,,-51,,,
1791257642.9423,R,A,,-69,,,
1791257642.9537,R,B,,-72,,,
1791257642.9720,O,,,,0.31920,0.3085,0.3386
1791257642.9730,O,,,,0.33509,0.3085,0.3386
1791257642.9738,O,,,,0.35229,0.3083,0.3385
1791257642.9748,O,,,,0.36950,0.3085,0.3386
1791257642.9862,R,C,,-55,,,
1791257642.9885,R,B,,-65,,,
1791257643.0029,R,A,,-73,,,
1791257643.0518,O,,,,0.38539,0.3085,0.3386
1791257643.0528,O,,,,0.40259,0.3083,0.3385
1791257643.0536,O,,,,0.41848,0.3083,0.3385
1791257643.0551,O,,,,0.43436,0.3083,0.3385
1791257643.0308,R,B,,-66,,,
1791257643.0606,R,C,,-53,,,
1791257643.0631,R,A,,-69,,,
1791257643.0774,R,C,,-51,,,
1791257643.0775,R,B,,-63,,,
1791257643.0876,R,A,,-64,,,
1791257643.1327,O,,,,0.45289,0.3083,0.3385
1791257643.1339,O,,,,0.46878,0.3083,0.3385
1791257643.1347,O,,,,0.48598,0.3085,0.3386
1791257643.1357,O,,,,0.50187,0.3085,0.3386
1791257643.1313,R,B,,-61,,,
1791257643.1391,R,C,,-51,,,
1791257643.1393,R,A,,-67,,,
1791257643.2068,O,,,,0.51775,0.3085,0.3386
1791257643.2085,O,,,,0.53628,0.3085,0.3386
1791257643.2093,O,,,,0.55217,0.3085,0.3386
1791257643.2102,O,,,,0.56805,0.3085,0.3386
1791257643.1818,R,B,,-61,,,
1791257643.1914,R,A,,-65,,,
1791257643.2077,R,C,,-51,,,
1791257643.2250,R,C,,-50,,,
1791257643.2253,R,B,,-61,,,
1791257643.2605,R,A,,-66,,,
1791257643.2776,O,,,,0.58658,0.3085,0.3386
1791257643.2793,O,,,,0.60247,0.3085,0.3386
1791257643.2801,O,,,,0.61835,0.3085,0.3386
1791257643.2736,R,B,,-62,,,
1791257643.2778,R,A,,-68,,,
1791257643.2780,R,C,,-52,,,
1791257643.3654,O,,,,0.63556,0.3087,0.3388
1791257643.3664,O,,,,0.65276,0.3085,0.3386
1791257643.3671,O,,,,0.66865,0.3085,0.3386
1791257643.3679,O,,,,0.68453,0.3085,0.3386
1791257643.3296,R,C,,-51,,,
1791257643.3297,R,B,,-60,,,
1791257643.3299,R,A,,-66,,,
1791257643.3677,R,A,,-66,,,
1791257643.3705,R,B,,-63,,,
1791257643.4099,R,C,,-51,,,
1791257643.4123,R,B,,-68,,,
1791257643.4173,R,A,,-68,,,
1791257643.4342,O,,,,0.70174,0.3087,0.3388
1791257643.4351,O,,,,0.71895,0.3085,0.3386
1791257643.4358,O,,,,0.73483,0.3085,0.3386
1791257643.4366,O,,,,0.75071,0.3085,0.3386
1791257643.4541,R,A,,-75,,,
1791257643.4550,R,B,,-65,,,
1791257643.4606,R,C,,-54,,,
1791257643.5111,O,,,,0.76925,0.3085,0.3386
1791257643.5120,O,,,,0.78513,0.3085,0.3386
1791257643.5127,O,,,,0.80101,0.3085,0.3386
1791257643.5135,O,,,,0.81822,0.3087,0.3388
1791257643.5013,R,B,,-64,,,
1791257643.5106,R,C,,-53,,,
1791257643.5177,R,A,,-69,,,
1791257643.5511,R,B,,-93,,,
1791257643.5532,R,C,,-51,,,
1791257643.5678,R,A,,-74,,,
1791257643.5917,O,,,,0.83411,0.3087,0.3388
1791257643.5927,O,,,,0.85131,0.3085,0.3386
1791257643.5936,O,,,,0.86852,0.3087,0.3388
1791257643.5945,O,,,,0.88440,0.3087,0.3388
1791257643.6010,R,B,,-67,,,
1791257643.6101,R,C,,-60,,,
1791257643.6186,R,A,,-79,,,
1791257643.6668,O,,,,0.90161,0.3085,0.3386
1791257643.6681,O,,,,0.91882,0.3087,0.3388
1791257643.6694,O,,,,0.93470,0.3087,0.3388
1791257643.6706,O,,,,0.95059,0.3087,0.3388
1791257643.6606,R,C,,-55,,,
1791257643.6680,R,A,,-73,,,
1791257643.6793,R,B,,-66,,,
1791257643.6795,R,C,,-55,,,
1791257643.6797,R,A,,-76,,,
1791257643.7367,O,,,,0.96912,0.3087,0.3388
1791257643.7376,O,,,,0.98500,0.3087,0.3388
1791257643.7384,O,,,,1.00089,0.3087,0.3388
1791257643.7231,R,C,,-63,,,
1791257643.7314,R,B,,-75,,,
1791257643.7652,R,A,,-71,,,
1791257643.8168,O,,,,1.01809,0.3085,0.3386
1791257643.8178,O,,,,1.03530,0.3087,0.3388
1791257643.8187,O,,,,1.05119,0.3087,0.3388
1791257643.8194,O,,,,1.06707,0.3087,0.3388
1791257643.8153,R,B,,-69,,,
1791257643.8173,R,A,,-70,,,
1791257643.8341,R,C,,-55,,,
1791257643.8683,R,A,,-73,,,
1791257643.8914,O,,,,1.08428,0.3085,0.3386
1791257643.8922,O,,,,1.10148,0.3087,0.3388
1791257643.8930,O,,,,1.11737,0.3087,0.3388
1791257643.8938,O,,,,1.13458,0.3086,0.3386
1791257643.8814,R,B,,-86,,,
1791257643.9039,R,C,,-60,,,
1791257643.9042,R,A,,-70,,,
1791257643.9233,R,B,,-69,,,
1791257643.9544,R,C,,-62,,,
1791257643.9550,R,A,,-68,,,
1791257643.9720,O,,,,1.15178,0.3087,0.3388
1791257643.9728,O,,,,1.16767,0.3087,0.3388
1791257643.9736,O,,,,1.18487,0.3086,0.3386
1791257643.9744,O,,,,1.20208,0.3087,0.3388
1791257643.9716,R,B,,-65,,,
1791257643.9950,R,B,,-72,,,
1791257644.0107,R,C,,-56,,,
1791257644.0181,R,A,,-68,,,
1791257644.0518,O,,,,1.21797,0.3087,0.3388
1791257644.0529,O,,,,1.23517,0.3086,0.3386
1791257644.0537,O,,,,1.25238,0.3087,0.3388
1791257644.0545,O,,,,1.26827,0.3087,0.3388
1791257644.0408,R,C,,-64,,,
1791257644.0552,R,B,,-65,,,
1791257644.0877,R,C,,-58,,,
1791257644.0879,R,A,,-68,,,
1791257644.0915,R,B,,-69,,,
1791257644.1274,O,,,,1.28680,0.3087,0.3388
1791257644.1284,O,,,,1.30268,0.3087,0.3388
1791257644.1300,O,,,,1.31856,0.3087,0.3388
1791257644.1307,O,,,,1.33710,0.3087,0.3388
1791257644.1314,R,B,,-68,,,
1791257644.1599,R,C,,-57,,,
1791257644.1601,R,A,,-68,,,
1791257644.2070,O,,,,1.35298,0.3087,0.3388
1791257644.2082,O,,,,1.36886,0.3087,0.3388
1791257644.2090,O,,,,1.38607,0.3086,0.3385
1791257644.2098,O,,,,1.40328,0.3086,0.3388
1791257644.1824,R,B,,-78,,,
1791257644.1899,R,C,,-59,,,
1791257644.1901,R,A,,-70,,,
1791257644.2319,R,B,,-70,,,
1791257644.2480,R,C,,-57,,,
1791257644.2483,R,A,,-67,,,
1791257644.2770,O,,,,1.42049,0.3086,0.3385
1791257644.2781,O,,,,1.43637,0.3086,0.3385
1791257644.2796,O,,,,1.45358,0.3086,0.3388
1791257644.2709,R,B,,-68,,,
1791257644.2751,R,C,,-58,,,
1791257644.3179,R,A,,-69,,,
1791257644.3518,O,,,,1.46946,0.3086,0.3388
1791257644.3535,O,,,,1.48667,0.3086,0.3385
1791257644.3542,O,,,,1.50255,0.3086,0.3385
1791257644.3551,O,,,,1.51976,0.3086,0.3388
1791257644.3302,R,B,,-73,,,
1791257644.3609,R,C,,-61,,,
1791257644.3611,R,B,,-69,,,
1791257644.3613,R,A,,-67,,,
1791257644.4060,R,C,,-60,,,
1791257644.4062,R,A,,-68,,,
1791257644.4072,R,B,,-66,,,
1791257644.4343,O,,,,1.53697,0.3086,0.3385
1791257644.4356,O,,,,1.55285,0.3086,0.3385
1791257644.4367,O,,,,1.57006,0.3086,0.3388
1791257644.4376,O,,,,1.58594,0.3086,0.3388
1791257644.4601,R,C,,-62,,,
1791257644.4679,R,A,,-69,,,
1791257644.5069,O,,,,1.60315,0.3086,0.3385
1791257644.5080,O,,,,1.62036,0.3086,0.3388
1791257644.5089,O,,,,1.63624,0.3086,0.3388
1791257644.5100,O,,,,1.65213,0.3086,0.3388
1791257644.4815,R,B,,-71,,,
1791257644.4987,R,C,,-61,,,
1791257644.5042,R,A,,-68,,,
1791257644.5256,R,B,,-69,,,
1791257644.5443,R,A,,-68,,,
1791257644.5602,R,C,,-59,,,
1791257644.5868,O,,,,1.66933,0.3086,0.3385
1791257644.5879,O,,,,1.68654,0.3086,0.3388
1791257644.5887,O,,,,1.70242,0.3086,0.3388
1791257644.5895,O,,,,1.71963,0.3086,0.3385
1791257644.5815,R,B,,-77,,,
1791257644.5900,R,B,,-71,,,
1791257644.5915,R,C,,-60,,,
1791257644.5918,R,A,,-71,,,
1791257644.6666,O,,,,1.73684,0.3086,0.3388
1791257644.6679,O,,,,1.75272,0.3086,0.3388
1791257644.6691,O,,,,1.76993,0.3087,0.3386
1791257644.6704,O,,,,1.78714,0.3086,0.3388
1791257644.6352,R,C,,-60,,,
1791257644.6603,R,B,,-68,,,
1791257644.6604,R,A,,-67,,,
1791257644.6826,R,A,,-69,,,
1791257644.7101,R,C,,-56,,,
1791257644.7388,O,,,,1.80302,0.3086,0.3388
1791257644.7399,O,,,,1.81891,0.3086,0.3388
1791257644.7407,O,,,,1.83611,0.3087,0.3386
1791257644.7242,R,B,,-65,,,
1791257644.7244,R,C,,-57,,,
1791257644.7530,R,A,,-73,,,
1791257644.8116,O,,,,1.85332,0.3086,0.3388
1791257644.8124,O,,,,1.86921,0.3086,0.3388
1791257644.8132,O,,,,1.88509,0.3086,0.3388
1791257644.8139,O,,,,1.90362,0.3086,0.3388
1791257644.7816,R,B,,-70,,,
1791257644.8102,R,C,,-62,,,
1791257644.8113,R,A,,-73,,,
1791257644.8117,R,B,,-72,,,
1791257644.8585,R,A,,-77,,,
1791257644.8587,R,C,,-63,,,
1791257644.8609,R,B,,-77,,,
1791257644.8912,O,,,,1.91950,0.3086,0.3388
1791257644.8920,O,,,,1.93539,0.3086,0.3388
1791257644.8929,O,,,,1.95260,0.3087,0.3386
1791257644.8937,O,,,,1.96980,0.3086,0.3388
1791257644.9107,R,C,,-62,,,
1791257644.9176,R,B,,-73,,,
1791257644.9178,R,A,,-78,,,
1791257644.9668,O,,,,1.98569,0.3086,0.3388
1791257644.9683,O,,,,2.00157,0.3086,0.3388
1791257644.9694,O,,,,2.02010,0.3086,0.3388
1791257644.9706,O,,,,2.03599,0.3086,0.3388
1791257644.9496,R,C,,-57,,,
1791257644.9679,R,A,,-87,,,
1791257644.9805,R,B,,-69,,,
1791257644.9900,R,A,,-68,,,
1791257644.9946,R,C,,-55,,,
1791257644.9957,R,B,,-67,,,
1791257645.0474,O,,,,2.05187,0.3086,0.3388
1791257645.0484,O,,,,2.07040,0.3086,0.3388
1791257645.0493,O,,,,2.08629,0.3086,0.3388
1791257645.0501,O,,,,2.10217,0.3086,0.3388
1791257645.0360,R,C,,-59,,,
1791257645.0677,R,A,,-69,,,
1791257645.0804,R,C,,-61,,,
1791257645.0806,R,B,,-67,,,
1791257645.0807,R,A,,-87,,,
1791257645.1272,O,,,,2.12070,0.3086,0.3388
1791257645.1284,O,,,,2.13658,0.3086,0.3388
1791257645.1295,O,,,,2.15247,0.3086,0.3388
1791257645.1303,O,,,,2.16835,0.3086,0.3388
1791257645.1260,R,C,,-56,,,
1791257645.1262,R,B,,-63,,,
1791257645.1312,R,A,,-66,,,
1791257645.2017,O,,,,2.18688,0.3086,0.3388
1791257645.2028,O,,,,2.20277,0.3086,0.3388
1791257645.2036,O,,,,2.21998,0.3088,0.3386
1791257645.2044,O,,,,2.23718,0.3086,0.3388
1791257645.1765,R,B,,-64,,,
1791257645.2054,R,A,,-56,,,
1791257645.2056,R,C,,-51,,,
1791257645.2219,R,B,,-85,,,
1791257645.2348,R,C,,-60,,,
1791257645.2354,R,A,,-64,,,
1791257645.2658,R,A,,-64,,,
1791257645.2719,O,,,,2.25307,0.3086,0.3388
1791257645.2728,O,,,,2.26895,0.3086,0.3388
1791257645.2737,O,,,,2.28616,0.3088,0.3386
1791257645.2815,R,B,,-73,,,
1791257645.3102,R,C,,-62,,,
1791257645.3179,R,A,,-63,,,
1791257645.3518,O,,,,2.30337,0.3086,0.3388
1791257645.3531,O,,,,2.31925,0.3086,0.3388
1791257645.3548,O,,,,2.33646,0.3088,0.3386
1791257645.3553,O,,,,2.35366,0.3086,0.3388
1791257645.3320,R,B,,-70,,,
1791257645.3543,R,A,,-62,,,
1791257645.3544,R,C,,-59,,,
1791257645.4102,R,C,,-70,,,
1791257645.4116,R,A,,-72,,,
1791257645.4268,O,,,,2.36955,0.3086,0.3388
1791257645.4284,O,,,,2.38676,0.3088,0.3386
1791257645.4293,O,,,,2.40264,0.3088,0.3386
1791257645.4301,O,,,,2.41985,0.3086,0.3388
1791257645.4320,R,B,,-74,,,
1791257645.4454,R,B,,-79,,,
1791257645.4493,R,C,,-75,,,
1791257645.4495,R,A,,-65,,,
1791257645.5117,O,,,,2.43573,0.3086,0.3388
1791257645.5127,O,,,,2.45162,0.3086,0.3388
1791257645.5134,O,,,,2.46882,0.3088,0.3386
1791257645.5142,O,,,,2.48603,0.3086,0.3388
1791257645.4908,R,B,,-76,,,
1791257645.5102,R,C,,-63,,,
1791257645.5183,R,A,,-64,,,
1791257645.5406,R,A,,-66,,,
1791257645.5505,R,C,,-69,,,
1791257645.5509,R,B,,-88,,,
1791257645.5871,O,,,,2.50324,0.3088,0.3386
1791257645.5879,O,,,,2.52045,0.3086,0.3388
1791257645.5887,O,,,,2.53633,0.3086,0.3388
1791257645.5895,O,,,,2.55221,0.3086,0.3388
1791257645.5896,R,A,,-64,,,
1791257645.5978,R,C,,-68,,,
1791257645.5980,R,B,,-72,,,
1791257645.6613,O,,,,2.56942,0.3088,0.3386
1791257645.6622,O,,,,2.58663,0.3086,0.3388
1791257645.6629,O,,,,2.60251,0.3086,0.3388
1791257645.6637,O,,,,2.61840,0.3086,0.3388
1791257645.6362,R,A,,-68,,,
1791257645.6599,R,C,,-55,,,
1791257645.6889,R,C,,-60,,,
1791257645.6892,R,A,,-67,,,
1791257645.7336,O,,,,2.63693,0.3086,0.3388
1791257645.7345,O,,,,2.65281,0.3086,0.3388
1791257645.7353,O,,,,2.67002,0.3088,0.3387
1791257645.7248,R,B,,-76,,,
1791257645.7323,R,A,,-69,,,
1791257645.7606,R,C,,-63,,,
1791257645.8092,O,,,,2.68723,0.3086,0.3388
1791257645.8101,O,,,,2.70311,0.3086,0.3388
1791257645.8109,O,,,,2.71899,0.3086,0.3388
1791257645.8117,O,,,,2.73620,0.3083,0.3389
1791257645.7733,R,C,,-69,,,
1791257645.7816,R,B,,-68,,,
1791257645.8180,R,A,,-63,,,
1791257645.8205,R,B,,-83,,,
1791257645.8308,R,C,,-72,,,
1791257645.8588,R,C,,-72,,,
1791257645.8603,R,A,,-68,,,
1791257645.8874,O,,,,2.75341,0.3086,0.3388
1791257645.8884,O,,,,2.76929,0.3086,0.3388
1791257645.8892,O,,,,2.78650,0.3083,0.3389
1791257645.8900,O,,,,2.80371,0.3086,0.3388
1791257645.8748,R,B,,-83,,,
1791257645.9078,R,C,,-64,,,
1791257645.9088,R,A,,-76,,,
1791257645.9665,O,,,,2.81959,0.3086,0.3388
1791257645.9674,O,,,,2.83680,0.3083,0.3389
1791257645.9682,O,,,,2.85401,0.3086,0.3388
1791257645.9690,O,,,,2.86989,0.3086,0.3388
1791257645.9208,R,B,,-77,,,
1791257645.9507,R,B,,-69,,,
1791257645.9517,R,C,,-66,,,
1791257645.9519,R,A,,-69,,,
1791257645.9956,R,B,,-70,,,
1791257646.0103,R,C,,-70,,,
1791257646.0182,R,A,,-77,,,
1791257646.0467,O,,,,2.88577,0.3086,0.3388
1791257646.0478,O,,,,2.90298,0.3083,0.3389
1791257646.0486,O,,,,2.91754,0.3086,0.3388
1791257646.0494,O,,,,2.93078,0.3086,0.3388
1791257646.0397,R,C,,-64,,,
1791257646.0399,R,A,,-69,,,
1791257646.0692,R,B,,-66,,,
1791257646.0913,R,A,,-62,,,
1791257646.1102,R,C,,-61,,,
1791257646.1218,O,,,,2.94534,0.3088,0.3387
1791257646.1231,O,,,,2.95725,0.3086,0.3388
1791257646.1243,O,,,,2.96784,0.3086,0.3388
1791257646.1254,O,,,,2.97711,0.3088,0.3387
1791257646.1245,R,B,,-83,,,
1791257646.1385,R,C,,-65,,,
1791257646.1387,R,A,,-64,,,
1791257646.2013,O,,,,2.98770,0.3088,0.3387
1791257646.2027,O,,,,2.99431,0.3091,0.3387
1791257646.2036,O,,,,3.00093,0.3088,0.3387
1791257646.2045,O,,,,3.00623,0.3088,0.3387
1791257646.2674,O,,,,3.01020,0.3091,0.3387
1791257646.2688,O,,,,3.01417,0.3088,0.3387
1791257646.2700,O,,,,3.01549,0.3091,0.3387
1791257646.2332,R,A,,-57,,,
1791257646.2334,R,C,,-60,,,
1791257646.2729,R,B,,-67,,,
1791257646.2730,R,C,,-62,,,
1791257646.2946,R,A,,-64,,,
1791257646.3180,R,A,,-63,,,
1791257646.3187,R,B,,-71,,,
1791257646.3474,O,,,,3.01814,0.3091,0.3387
1791257646.3484,O,,,,3.01814,0.3091,0.3387
1791257646.3493,O,,,,3.01814,0.3091,0.3387
1791257646.3501,O,,,,3.01814,0.3091,0.3387
1791257646.3534,R,C,,-61,,,
1791257646.3664,R,B,,-73,,,
1791257646.3685,R,A,,-56,,,
1791257646.4016,R,C,,-56,,,
1791257646.4053,R,B,,-68,,,
1791257646.4065,R,A,,-56,,,
1791257646.4102,R,C,,-57,,,
1791257646.4272,O,,,,3.01814,0.3091,0.3387
1791257646.4281,O,,,,3.01814,0.3091,0.3387
1791257646.4289,O,,,,3.01814,0.3091,0.3387
1791257646.4297,O,,,,3.01814,0.3091,0.3387
1791257646.4608,R,C,,-58,,,
1791257646.4681,R,A,,-58,,,
1791257646.5019,O,,,,3.01814,0.3091,0.3387
1791257646.5028,O,,,,3.01814,0.3091,0.3387
1791257646.5037,O,,,,3.01814,0.3091,0.3387
1791257646.5046,O,,,,3.01814,0.3091,0.3387
1791257646.4709,R,B,,-68,,,
1791257646.5038,R,A,,-58,,,
1791257646.5040,R,C,,-55,,,
1791257646.5065,R,B,,-68,,,
1791257646.5478,R,B,,-71,,,
1791257646.5497,R,C,,-51,,,
1791257646.5502,R,A,,-57,,,
1791257646.5825,O,,,,3.01814,0.3091,0.3387
1791257646.5836,O,,,,3.01814,0.3091,0.3387
1791257646.5844,O,,,,3.01814,0.3091,0.3387
1791257646.5851,O,,,,3.01814,0.3091,0.3387
1791257646.5932,R,A,,-64,,,
1791257646.6038,R,C,,-57,,,
1791257646.6047,R,B,,-88,,,
1791257646.6639,O,,,,3.01814,0.3091,0.3387
1791257646.6652,O,,,,3.01814,0.3091,0.3387
1791257646.6664,O,,,,3.01814,0.3091,0.3387
1791257646.6675,O,,,,3.01814,0.3091,0.3387
1791257646.6604,R,C,,-64,,,
1791257646.6675,R,A,,-64,,,
1791257646.6791,R,B,,-63,,,
1791257646.6848,R,C,,-59,,,
1791257646.6851,R,A,,-58,,,
1791257646.7272,O,,,,3.01814,0.3091,0.3387
1791257647.5228,O,,,,3.01814,0.3091,0.3387
1791257646.7280,R,C,,-70,,,
1791257646.7316,R,B,,-66,,,
1791257646.7684,R,A,,-62,,,
1791257647.5272,O,,,,3.01814,0.3091,0.3387
1791257646.7819,R,B,,-65,,,
1791257646.7971,R,A,,-61,,,
1791257646.8102,R,C,,-66,,,
1791257647.5311,O,,,,3.01814,0.3091,0.3387
1791257646.8275,R,A,,-59,,,
1791257646.8320,R,B,,-58,,,
1791257646.8551,R,C,,-57,,,
1791257647.5346,O,,,,3.01814,0.3091,0.3387
1791257646.8706,R,B,,-63,,,
1791257646.8731,R,C,,-68,,,
1791257646.9162,R,A,,-61,,,
1791257646.9167,R,B,,-60,,,
1791257647.5386,O,,,,3.01814,0.3091,0.3387
1791257646.9815,R,B,,-58,,,
1791257647.0031,R,C,,-57,,,
1791257647.0035,R,A,,-57,,,
1791257647.5445,O,,,,3.01814,0.3091,0.3387
1791257647.0510,R,B,,-60,,,
1791257647.0551,R,C,,-71,,,
1791257647.0553,R,A,,-62,,,
1791257647.5461,O,,,,3.01814,0.3091,0.3387
1791257647.0997,R,B,,-58,,,
1791257647.1107,R,C,,-73,,,
1791257647.1176,R,A,,-64,,,
1791257647.5476,O,,,,3.01814,0.3091,0.3387
1791257647.1482,R,C,,-62,,,
1791257647.1485,R,A,,-63,,,
1791257647.1626,R,B,,-67,,,
1791257647.5491,O,,,,3.01814,0.3091,0.3387
1791257647.1896,R,C,,-67,,,
1791257647.2176,R,A,,-62,,,
1791257647.5505,O,,,,3.01814,0.3091,0.3387
1791257647.2315,R,B,,-65,,,
1791257647.2680,R,A,,-61,,,
1791257647.5519,O,,,,3.01814,0.3091,0.3387
1791257647.2783,R,B,,-63,,,
1791257647.2787,R,C,,-64,,,
1791257647.2842,R,A,,-63,,,
1791257647.5529,O,,,,3.01814,0.3091,0.3387
1791257647.3285,R,B,,-71,,,
1791257647.3289,R,C,,-67,,,
1791257647.3295,R,A,,-67,,,
1791257647.5539,O,,,,3.01814,0.3091,0.3387
1791257647.4176,R,A,,-71,,,
1791257647.5548,O,,,,3.01814,0.3091,0.3387
1791257647.4317,R,B,,-66,,,
1791257647.4522,R,C,,-66,,,
1791257647.4591,R,B,,-67,,,
1791257647.4601,R,C,,-71,,,
1791257647.4607,R,A,,-65,,,
1791257647.5557,O,,,,3.01814,0.3091,0.3387
1791257647.5033,R,C,,-72,,,
1791257647.5175,R,A,,-65,,,
1791257647.5566,O,,,,3.01814,0.3091,0.3387
1791257647.5573,O,,,,3.01814,0.3091,0.3387
1791257647.5581,O,,,,3.01814,0.3091,0.3387
1791257647.5588,O,,,,3.01814,0.3091,0.3387
1791257647.5595,O,,,,3.01814,0.3091,0.3387
1791257647.5603,O,,,,3.01814,0.3091,0.3387
1791257647.5609,O,,,,3.01814,0.3091,0.3387
1791257647.5617,O,,,,3.01814,0.3091,0.3387
1791257647.5624,O,,,,3.01814,0.3091,0.3387
1791257647.5632,O,,,,3.01814,0.3091,0.3387
1791257647.5639,O,,,,3.01814,0.3091,0.3387
1791257647.5646,O,,,,3.01814,0.3091,0.3387
1791257647.5654,O,,,,3.01814,0.3091,0.3387
1791257647.5662,O,,,,3.01814,0.3091,0.3387
1791257647.5669,O,,,,3.01814,0.3091,0.3387
1791257647.5676,O,,,,3.01814,0.3091,0.3387
1791257647.5683,O,,,,3.01814,0.3091,0.3387
1791257647.5690,O,,,,3.01814,0.3091,0.3387
1791257647.5698,O,,,,3.01814,0.3091,0.3387
1791257647.5243,R,B,,-66,,,
1791257647.5454,R,C,,-72,,,
1791257647.5463,R,A,,-64,,,
1791257647.5478,R,B,,-62,,,
1791257647.5753,O,,,,3.01814,0.3091,0.3387
1791257647.5765,O,,,,3.01814,0.3091,0.3387
1791257647.5774,O,,,,3.01814,0.3091,0.3387
1791257647.5783,O,,,,3.01814,0.3091,0.3387
1791257647.5790,O,,,,3.01814,0.3091,0.3387
1791257647.5798,O,,,,3.01814,0.3091,0.3387
1791257647.5805,O,,,,3.01814,0.3091,0.3387
1791257647.5812,O,,,,3.01814,0.3091,0.3387
1791257647.5819,O,,,,3.01814,0.3091,0.3387
1791257647.5827,O,,,,3.01814,0.3091,0.3387
1791257647.5835,O,,,,3.01814,0.3091,0.3387
1791257647.6067,R,B,,-68,,,
1791257647.6084,R,C,,-67,,,
1791257647.6085,R,A,,-57,,,
1791257647.6562,O,,,,3.01814,0.3091,0.3387
1791257647.6572,O,,,,3.01814,0.3091,0.3387
1791257647.6580,O,,,,3.01814,0.3091,0.3387
1791257647.6588,O,,,,3.01814,0.3091,0.3387
1791257647.6421,R,C,,-77,,,
1791257647.6423,R,A,,-65,,,
1791257647.6807,R,C,,-66,,,
1791257647.6816,R,B,,-69,,,
1791257647.6955,R,A,,-65,,,
1791257647.7266,O,,,,3.01814,0.3091,0.3387
1791257647.7282,O,,,,3.01814,0.3091,0.3387
1791257647.7294,O,,,,3.01814,0.3091,0.3387
1791257647.7310,R,B,,-60,,,
1791257647.7417,R,C,,-68,,,
1791257647.7639,R,A,,-67,,,
1791257647.8113,O,,,,3.01814,0.3091,0.3387
1791257647.8122,O,,,,3.01946,0.3088,0.3387
1791257647.8129,O,,,,3.01946,0.3088,0.3387
1791257647.8137,O,,,,3.02079,0.3086,0.3388
1791257647.7723,R,C,,-79,,,
1791257647.7803,R,B,,-63,,,
1791257647.8179,R,A,,-69,,,
1791257647.8264,R,A,,-66,,,
1791257647.8266,R,C,,-88,,,
1791257647.8267,R,B,,-61,,,
1791257647.8679,R,A,,-67,,,
1791257647.8820,O,,,,3.02211,0.3083,0.3388
1791257647.8835,O,,,,3.02344,0.3080,0.3388
1791257647.8847,O,,,,3.02476,0.3078,0.3389
1791257647.8859,O,,,,3.02608,0.3075,0.3389
1791257647.8756,R,C,,-74,,,
1791257647.8760,R,B,,-63,,,
1791257647.9054,R,B,,-65,,,
1791257647.9102,R,C,,-77,,,
1791257647.9185,R,A,,-65,,,
1791257647.9622,O,,,,3.02873,0.3070,0.3390
1791257647.9636,O,,,,3.03005,0.3067,0.3390
1791257647.9648,O,,,,3.03138,0.3059,0.3391
1791257647.9661,O,,,,3.03270,0.3052,0.3392
1791257647.9551,R,C,,-78,,,
1791257647.9656,R,A,,-70,,,
1791257647.9659,R,B,,-64,,,
1791257647.9977,R,A,,-65,,,
1791257648.0104,R,C,,-72,,,
1791257648.0109,R,B,,-59,,,
1791257648.0371,O,,,,3.03270,0.3041,0.3393
1791257648.0381,O,,,,3.03402,0.3028,0.3394
1791257648.0388,O,,,,3.03535,0.3015,0.3396
1791257648.0400,O,,,,3.03535,0.2999,0.3397
1791257648.0451,R,C,,-66,,,
1791257648.0677,R,A,,-65,,,
1791257648.1164,O,,,,3.03667,0.2980,0.3399
1791257648.1178,O,,,,3.03667,0.2959,0.3401
1791257648.1191,O,,,,3.03667,0.2938,0.3404
1791257648.1204,O,,,,3.03667,0.2917,0.3406
1791257648.0821,R,B,,-63,,,
1791257648.1343,R,C,,-63,,,
1791257648.1346,R,A,,-63,,,
1791257648.1602,R,B,,-58,,,
1791257648.1861,O,,,,3.03800,0.2894,0.3408
1791257648.1870,O,,,,3.03667,0.2870,0.3411
1791257648.1879,O,,,,3.03535,0.2841,0.3414
1791257648.1887,O,,,,3.03270,0.2815,0.3417
1791257648.1826,R,C,,-64,,,
1791257648.1928,R,A,,-61,,,
1791257648.2662,O,,,,3.03138,0.2786,0.3420
1791257648.2672,O,,,,3.02873,0.2754,0.3424
1791257648.2686,O,,,,3.02741,0.2720,0.3427
1791257648.2300,R,A,,-66,,,
1791257648.2303,R,C,,-66,,,
1791257648.2321,R,B,,-60,,,
1791257648.2675,R,A,,-67,,,
1791257648.2826,R,B,,-58,,,
1791257648.2993,R,C,,-64,,,
1791257648.3184,R,A,,-65,,,
1791257648.3470,O,,,,3.02476,0.2688,0.3431
1791257648.3483,O,,,,3.02211,0.2652,0.3435
1791257648.3495,O,,,,3.02079,0.2617,0.3440
1791257648.3504,O,,,,3.01814,0.2581,0.3444
1791257648.3321,R,B,,-65,,,
1791257648.3635,R,A,,-62,,,
1791257648.3677,R,B,,-63,,,
1791257648.4104,R,C,,-73,,,
1791257648.4184,R,A,,-70,,,
1791257648.4214,O,,,,3.01417,0.2541,0.3449
1791257648.4227,O,,,,3.01020,0.2502,0.3454
1791257648.4235,O,,,,3.00623,0.2462,0.3459
1791257648.4243,O,,,,3.00358,0.2420,0.3465
1791257648.4326,R,B,,-60,,,
1791257648.4424,R,C,,-71,,,
1791257648.4426,R,A,,-63,,,
1791257648.4430,R,B,,-58,,,
1791257648.4968,O,,,,2.99829,0.2379,0.3471
1791257648.4979,O,,,,2.99299,0.2337,0.3477
1791257648.4989,O,,,,2.98770,0.2295,0.3484
1791257648.4997,O,,,,2.98108,0.2256,0.3490
1791257648.4849,R,C,,-63,,,
1791257648.4851,R,A,,-61,,,
1791257648.5317,R,B,,-66,,,
1791257648.5435,R,C,,-69,,,
1791257648.5645,R,A,,-70,,,
1791257648.5766,O,,,,2.97446,0.2211,0.3497
1791257648.5777,O,,,,2.96784,0.2172,0.3504
1791257648.5787,O,,,,2.95990,0.2130,0.3511
1791257648.5796,O,,,,2.95461,0.2089,0.3519
1791257648.5822,R,B,,-70,,,
1791257648.6031,R,C,,-66,,,
1791257648.6034,R,A,,-67,,,
1791257648.6562,O,,,,2.94666,0.2047,0.3527
1791257648.6571,O,,,,2.93872,0.2006,0.3536
1791257648.6579,O,,,,2.93078,0.1964,0.3544
1791257648.6587,O,,,,2.92284,0.1923,0.3553
1791257648.6264,R,C,,-69,,,
1791257648.6266,R,B,,-57,,,
1791257648.6507,R,A,,-63,,,
1791257648.6676,R,B,,-61,,,
1791257648.7103,R,C,,-85,,,
1791257648.7211,O,,,,2.91622,0.1884,0.3562
1791257648.7219,O,,,,2.90828,0.1843,0.3572
1791257648.7227,O,,,,2.90034,0.1802,0.3582
1791257648.7323,R,B,,-65,,,
1791257648.7684,R,A,,-67,,,
1791257648.8015,O,,,,2.89239,0.1760,0.3592
1791257648.8028,O,,,,2.88445,0.1719,0.3603
1791257648.8047,O,,,,2.87783,0.1681,0.3613
1791257648.8057,O,,,,2.87121,0.1638,0.3625
1791257648.7822,R,B,,-56,,,
1791257648.8037,R,B,,-58,,,
1791257648.8059,R,A,,-70,,,
1791257648.8062,R,C,,-69,,,
1791257648.8587,R,C,,-64,,,
1791257648.8589,R,A,,-67,,,
1791257648.8602,R,B,,-60,,,
1791257648.8799,O,,,,2.86327,0.1597,0.3636
1791257648.8813,O,,,,2.85665,0.1559,0.3647
1791257648.8821,O,,,,2.84871,0.1518,0.3659
1791257648.8828,O,,,,2.84342,0.1478,0.3672
1791257648.9104,R,C,,-69,,,
1791257648.9181,R,A,,-64,,,
1791257648.9186,R,B,,-61,,,
1791257648.9567,O,,,,2.83680,0.1440,0.3683
1791257648.9577,O,,,,2.83018,0.1397,0.3697
1791257648.9586,O,,,,2.82356,0.1359,0.3709
1791257648.9594,O,,,,2.81827,0.1319,0.3723
1791257648.9359,R,C,,-64,,,
1791257648.9371,R,A,,-63,,,
1791257648.9790,R,C,,-69,,,
1791257648.9797,R,B,,-63,,,
1791257648.9802,R,A,,-63,,,
1791257649.0367,O,,,,2.81297,0.1279,0.3736
1791257649.0381,O,,,,2.80768,0.1239,0.3750
1791257649.0389,O,,,,2.80106,0.1201,0.3763
1791257649.0397,O,,,,2.79577,0.1161,0.3777
1791257649.0250,R,B,,-64,,,
1791257649.0257,R,C,,-66,,,
1791257649.0259,R,A,,-61,,,
1791257649.1162,O,,,,2.79047,0.1122,0.3792
1791257649.1172,O,,,,2.78518,0.1082,0.3807
1791257649.1180,O,,,,2.77988,0.1042,0.3821
1791257649.1187,O,,,,2.77459,0.1003,0.3837
1791257649.0733,R,C,,-71,,,
1791257649.0823,R,B,,-59,,,
1791257649.1070,R,A,,-62,,,
1791257649.1264,R,C,,-73,,,
1791257649.1814,O,,,,2.76929,0.0963,0.3852
1791257649.1828,O,,,,2.76532,0.0926,0.3866
1791257649.1839,O,,,,2.76003,0.0887,0.3882
1791257649.1822,R,B,,-57,,,
1791257649.1870,R,C,,-66,,,
1791257649.2185,R,A,,-60,,,
1791257649.2613,O,,,,2.75738,0.0847,0.3898
1791257649.2624,O,,,,2.75341,0.0811,0.3913
1791257649.2633,O,,,,2.74944,0.0769,0.3930
1791257649.2642,O,,,,2.74414,0.0730,0.3946
1791257649.2318,R,C,,-62,,,
1791257649.2323,R,B,,-58,,,
1791257649.2683,R,A,,-58,,,
1791257649.2822,R,B,,-62,,,
1791257649.3092,R,C,,-64,,,
1791257649.3186,R,A,,-61,,,
1791257649.3469,O,,,,2.73885,0.0691,0.3963
1791257649.3479,O,,,,2.73620,0.0652,0.3979
1791257649.3487,O,,,,2.73223,0.0616,0.3995
1791257649.3497,O,,,,2.72958,0.0577,0.4012
1791257649.3322,R,B,,-62,,,
1791257649.3507,R,B,,-60,,,
1791257649.4164,O,,,,2.72561,0.0536,0.4030
1791257649.4174,O,,,,2.72296,0.0502,0.4045
1791257649.4182,O,,,,2.72032,0.0463,0.4062
1791257649.4189,O,,,,2.71767,0.0424,0.4080
1791257649.3982,R,B,,-69,,,
1791257649.4104,R,C,,-62,,,
1791257649.4178,R,A,,-60,,,
1791257649.4422,R,A,,-62,,,
1791257649.4424,R,C,,-64,,,
1791257649.4426,R,B,,-67,,,
1791257649.4960,O,,,,2.71502,0.0386,0.4097
1791257649.4970,O,,,,2.71238,0.0347,0.4115
1791257649.4979,O,,,,2.70840,0.0311,0.4131
1791257649.4986,O,,,,2.70708,0.0275,0.4148
1791257649.4835,R,A,,-59,,,
1791257649.5104,R,C,,-63,,,
1791257649.5318,R,B,,-67,,,
1791257649.5470,R,C,,-63,,,
1791257649.5484,R,A,,-58,,,
1791257649.5723,O,,,,2.70443,0.0237,0.4166
1791257649.5732,O,,,,2.70179,0.0198,0.4184
1791257649.5740,O,,,,2.69914,0.0160,0.4202
1791257649.5747,O,,,,2.69782,0.0124,0.4219
1791257649.5715,R,B,,-67,,,
1791257649.5718,R,A,,-66,,,
1791257649.5720,R,C,,-65,,,
1791257649.6513,O,,,,2.69517,0.0086,0.4237
1791257649.6524,O,,,,2.69120,0.0050,0.4255
1791257649.6533,O,,,,2.68987,0.0014,0.4272
1791257649.6541,O,,,,2.68723,-0.0024,0.4290
1791257649.6708,R,B,,-69,,,
1791257649.7104,R,C,,-62,,,
1791257649.7212,O,,,,2.68458,-0.0062,0.4309
1791257649.7220,O,,,,2.68458,-0.0100,0.4328
1791257649.7230,O,,,,2.68326,-0.0135,0.4345
1791257649.7592,R,C,,-67,,,
1791257649.7687,R,A,,-72,,,
1791257649.8011,O,,,,2.68193,-0.0171,0.4363
1791257649.8026,O,,,,2.68193,-0.0209,0.4382
1791257649.8037,O,,,,2.68061,-0.0244,0.4399
1791257649.8047,O,,,,2.68061,-0.0282,0.4418
1791257649.8104,R,C,,-66,,,
1791257649.8205,R,A,,-67,,,
1791257649.8230,R,B,,-75,,,
1791257649.8431,R,B,,-86,,,
1791257649.8451,R,A,,-68,,,
1791257649.8529,R,C,,-69,,,
1791257649.8805,O,,,,2.67928,-0.0323,0.4438
1791257649.8816,O,,,,2.68061,-0.0358,0.4456
1791257649.8825,O,,,,2.67928,-0.0394,0.4474
1791257649.8833,O,,,,2.67928,-0.0432,0.4492
1791257649.8879,R,A,,-70,,,
1791257649.8944,R,C,,-67,,,
1791257649.9567,O,,,,2.67928,-0.0470,0.4511
1791257649.9580,O,,,,2.67796,-0.0505,0.4529
1791257649.9589,O,,,,2.67928,-0.0541,0.4547
1791257649.9597,O,,,,2.67928,-0.0579,0.4566
1791257649.9302,R,B,,-81,,,
1791257649.9328,R,B,,-86,,,
1791257649.9448,R,C,,-67,,,
1791257649.9562,R,A,,-69,,,
1791257649.9799,R,C,,-63,,,
1791257649.9817,R,B,,-69,,,
1791257650.0189,R,A,,-67,,,
1791257650.0327,O,,,,2.67928,-0.0617,0.4585
1791257650.0336,O,,,,2.67796,-0.0652,0.4602
1791257650.0344,O,,,,2.67796,-0.0690,0.4621
1791257650.0352,O,,,,2.67796,-0.0728,0.4640
1791257650.0240,R,C,,-68,,,
1791257650.0242,R,B,,-77,,,
1791257650.0644,R,A,,-72,,,
1791257650.1114,O,,,,2.67796,-0.0766,0.4659
1791257650.1125,O,,,,2.67928,-0.0801,0.4677
1791257650.1133,O,,,,2.67928,-0.0839,0.4696
1791257650.1142,O,,,,2.67928,-0.0877,0.4715
1791257650.0733,R,C,,-67,,,
1791257650.0735,R,B,,-76,,,
1791257650.0811,R,A,,-68,,,
1791257650.1159,R,B,,-66,,,
1791257650.1166,R,A,,-62,,,
1791257650.1299,R,C,,-67,,,
1791257650.1617,R,B,,-74,,,
1791257650.1682,R,A,,-62,,,
1791257650.1815,O,,,,2.68193,-0.0915,0.4734
1791257650.1825,O,,,,2.68458,-0.0953,0.4752
1791257650.1833,O,,,,2.68855,-0.0989,0.4770
1791257650.2103,R,B,,-75,,,
1791257650.2105,R,C,,-67,,,
1791257650.2185,R,A,,-65,,,
1791257650.2563,O,,,,2.69120,-0.1027,0.4788
1791257650.2577,O,,,,2.69517,-0.1063,0.4805
1791257650.2585,O,,,,2.69914,-0.1098,0.4823
1791257650.2593,O,,,,2.70311,-0.1134,0.4839
1791257650.2555,R,C,,-67,,,
1791257650.2683,R,A,,-63,,,
1791257650.2739,R,B,,-73,,,
1791257650.2965,R,A,,-67,,,
1791257650.2968,R,C,,-62,,,
1791257650.3014,R,B,,-71,,,
1791257650.3453,O,,,,2.70840,-0.1173,0.4857
1791257650.3463,O,,,,2.71370,-0.1206,0.4873
1791257650.3472,O,,,,2.71899,-0.1240,0.4888
1791257650.3480,O,,,,2.72429,-0.1274,0.4903
1791257650.3421,R,C,,-74,,,
1791257650.3589,R,A,,-67,,,
1791257650.3659,R,B,,-67,,,
1791257650.4175,O,,,,2.72958,-0.1308,0.4918
1791257650.4185,O,,,,2.73355,-0.1339,0.4932
1791257650.4193,O,,,,2.73885,-0.1369,0.4944
1791257650.4201,O,,,,2.74547,-0.1400,0.4958
1791257650.3849,R,C,,-69,,,
1791257650.3851,R,A,,-63,,,
1791257650.4044,R,B,,-68,,,
1791257650.4321,R,A,,-62,,,
1791257650.4324,R,B,,-65,,,
1791257650.4326,R,C,,-71,,,
1791257650.4911,O,,,,2.75076,-0.1430,0.4970
1791257650.4921,O,,,,2.75870,-0.1459,0.4982
1791257650.4929,O,,,,2.76532,-0.1486,0.4993
1791257650.4937,O,,,,2.77194,-0.1513,0.5003
1791257650.4717,R,B,,-67,,,
1791257650.4805,R,C,,-64,,,
1791257650.4806,R,A,,-65,,,
1791257650.5182,R,A,,-66,,,
1791257650.5317,R,B,,-67,,,
1791257650.5612,R,C,,-67,,,
1791257650.5614,R,B,,-65,,,
1791257650.5617,R,A,,-62,,,
1791257650.5718,O,,,,2.77988,-0.1543,0.5015
1791257650.5727,O,,,,2.78650,-0.1570,0.5025
1791257650.5735,O,,,,2.79577,-0.1598,0.5035
1791257650.5745,O,,,,2.80503,-0.1625,0.5045
1791257650.6002,R,B,,-66,,,
1791257650.6018,R,C,,-67,,,
1791257650.6022,R,A,,-61,,,
1791257650.6539,O,,,,2.81430,-0.1653,0.5054
1791257650.6549,O,,,,2.82356,-0.1680,0.5063
1791257650.6558,O,,,,2.83415,-0.1705,0.5072
1791257650.6566,O,,,,2.84342,-0.1733,0.5080
1791257650.6432,R,A,,-64,,,
1791257650.6436,R,C,,-76,,,
1791257650.6441,R,B,,-67,,,
1791257650.6886,R,A,,-59,,,
1791257650.6902,R,B,,-58,,,
1791257650.7215,O,,,,2.85401,-0.1758,0.5088
1791257650.7224,O,,,,2.86327,-0.1781,0.5094
1791257650.7232,O,,,,2.87386,-0.1807,0.5102
1791257650.7549,R,B,,-72,,,
1791257650.7604,R,C,,-67,,,
1791257650.7973,O,,,,2.88445,-0.1832,0.5108
1791257650.7984,O,,,,2.89504,-0.1853,0.5114
1791257650.7992,O,,,,2.90563,-0.1874,0.5119
1791257650.8000,O,,,,2.91490,-0.1897,0.5124
1791257650.7704,R,A,,-56,,,
1791257650.7880,R,C,,-64,,,
1791257650.7885,R,A,,-65,,,
1791257650.8045,R,B,,-68,,,
1791257650.8347,R,C,,-72,,,
1791257650.8349,R,A,,-63,,,
1791257650.8773,O,,,,2.92548,-0.1917,0.5129
1791257650.8784,O,,,,2.93740,-0.1941,0.5134
1791257650.8792,O,,,,2.94799,-0.1961,0.5138
1791257650.8799,O,,,,2.95725,-0.1980,0.5142
1791257650.8785,R,B,,-69,,,
1791257650.9053,R,A,,-59,,,
1791257650.9055,R,C,,-71,,,
1791257650.9519,O,,,,2.96652,-0.1998,0.5145
1791257650.9531,O,,,,2.97578,-0.2016,0.5148
1791257650.9540,O,,,,2.98373,-0.2032,0.5151
1791257650.9547,O,,,,2.99299,-0.2050,0.5153
1791257650.9262,R,C,,-74,,,
1791257650.9264,R,B,,-78,,,
1791257650.9281,R,A,,-64,,,
1791257651.0096,R,A,,-61,,,
1791257651.0098,R,C,,-67,,,
1791257651.0185,R,A,,-62,,,
1791257651.0327,O,,,,3.00226,-0.2068,0.5156
1791257651.0338,O,,,,3.01020,-0.2084,0.5158
1791257651.0346,O,,,,3.01946,-0.2103,0.5161
1791257651.0353,O,,,,3.02741,-0.2118,0.5162
1791257651.0319,R,B,,-65,,,
1791257651.0498,R,C,,-60,,,
1791257651.0586,R,B,,-91,,,
1791257651.0601,R,A,,-61,,,
1791257651.0606,R,C,,-59,,,
1791257651.1067,O,,,,3.03535,-0.2134,0.5164
1791257651.1077,O,,,,3.04461,-0.2153,0.5166
1791257651.1156,O,,,,3.05388,-0.2166,0.5167
1791257651.1170,O,,,,3.06314,-0.2179,0.5168
1791257651.1034,R,C,,-65,,,
1791257651.1036,R,B,,-88,,,
1791257651.1039,R,A,,-63,,,
1791257651.1686,R,B,,-66,,,
1791257651.1771,O,,,,3.07506,-0.2192,0.5169
1791257651.1781,O,,,,3.08697,-0.2200,0.5170
1791257651.1789,O,,,,3.10021,-0.2211,0.5170
1791257651.2106,R,C,,-75,,,
1791257651.2126,R,B,,-78,,,
1791257651.2138,R,A,,-57,,,
1791257651.2550,O,,,,3.11344,-0.2216,0.5171
1791257651.2559,O,,,,3.12933,-0.2221,0.5171
1791257651.2567,O,,,,-3.13930,-0.2224,0.5171
1791257651.2574,O,,,,-3.12341,-0.2229,0.5171
1791257651.2264,R,C,,-69,,,
1791257651.2266,R,B,,-72,,,
1791257651.2395,R,A,,-62,,,
1791257651.2874,R,A,,-62,,,
1791257651.3179,R,B,,-69,,,
1791257651.3182,R,A,,-62,,,
1791257651.3371,O,,,,-3.10753,-0.2229,0.5171
1791257651.3382,O,,,,-3.09165,-0.2229,0.5171
1791257651.3391,O,,,,-3.07576,-0.2234,0.5170
1791257651.3399,O,,,,-3.05988,-0.2234,0.5170
1791257651.3229,R,C,,-59,,,
1791257651.3607,R,B,,-67,,,
1791257651.3688,R,A,,-57,,,
1791257651.4114,O,,,,-3.04399,-0.2234,0.5170
1791257651.4123,O,,,,-3.02811,-0.2234,0.5170
1791257651.4177,O,,,,-3.01223,-0.2234,0.5170
1791257651.4185,O,,,,-2.99502,-0.2237,0.5170
1791257651.4045,R,B,,-69,,,
1791257651.4077,R,C,,-89,,,
1791257651.4079,R,A,,-63,,,
1791257651.4472,R,A,,-57,,,
1791257651.4653,R,B,,-64,,,
1791257651.4911,O,,,,-2.97781,-0.2234,0.5170
1791257651.4921,O,,,,-2.96193,-0.2234,0.5170
1791257651.4930,O,,,,-2.94604,-0.2234,0.5170
1791257651.4937,O,,,,-2.93016,-0.2234,0.5170
1791257651.4907,R,C,,-66,,,
1791257651.5139,R,B,,-66,,,
1791257651.5160,R,A,,-62,,,
1791257651.5669,O,,,,-2.91163,-0.2234,0.5170
1791257651.5679,O,,,,-2.89574,-0.2234,0.5170
1791257651.5688,O,,,,-2.87854,-0.2232,0.5171
1791257651.5699,O,,,,-2.86265,-0.2232,0.5171
1791257651.5606,R,C,,-71,,,
1791257651.5683,R,A,,-68,,,
1791257651.5758,R,B,,-73,,,
1791257651.5929,R,A,,-62,,,
1791257651.5930,R,C,,-69,,,
1791257651.6178,R,B,,-75,,,
1791257651.6182,R,A,,-63,,,
1791257651.6529,O,,,,-2.84545,-0.2234,0.5170
1791257651.6540,O,,,,-2.82956,-0.2234,0.5170
1791257651.6548,O,,,,-2.81235,-0.2232,0.5171
1791257651.6556,O,,,,-2.79647,-0.2232,0.5171
1791257651.6382,R,C,,-64,,,
1791257651.6563,R,B,,-69,,,
1791257651.6582,R,C,,-68,,,
1791257651.6687,R,A,,-65,,,
1791257651.7221,O,,,,-2.78059,-0.2232,0.5171
1791257651.7051,R,C,,-76,,,
1791257651.7185,R,A,,-67,,,
1791257651.7231,O,,,,-2.76338,-0.2234,0.5170
1791257651.7239,O,,,,-2.74617,-0.2232,0.5171
1791257651.7319,R,B,,-84,,,
1791257651.7607,R,C,,-67,,,
1791257651.7653,R,A,,-68,,,
1791257651.7657,R,B,,-71,,,
1791257651.7914,O,,,,-2.73029,-0.2232,0.5171
1791257651.7928,O,,,,-2.71308,-0.2234,0.5170
1791257651.7936,O,,,,-2.69587,-0.2232,0.5171
1791257651.7944,O,,,,-2.67999,-0.2232,0.5171
1791257651.7953,R,B,,-70,,,
1791257651.7965,R,A,,-70,,,
1791257651.7967,R,C,,-62,,,
1791257651.8426,R,A,,-63,,,
1791257651.8427,R,C,,-65,,,
1791257651.8432,R,B,,-68,,,
1791257651.8758,O,,,,-2.66410,-0.2232,0.5171
1791257651.8768,O,,,,-2.64557,-0.2232,0.5171
1791257651.8776,O,,,,-2.62969,-0.2232,0.5171
1791257651.8784,O,,,,-2.61381,-0.2232,0.5171
1791257651.8866,R,C,,-66,,,
1791257651.8868,R,A,,-62,,,
1791257651.9518,O,,,,-2.59924,-0.2234,0.5170
1791257651.9532,O,,,,-2.58204,-0.2236,0.5168
1791257651.9540,O,,,,-2.56748,-0.2239,0.5167
1791257651.9547,O,,,,-2.55027,-0.2241,0.5166
1791257651.9289,R,B,,-74,,,
1791257651.9343,R,C,,-67,,,
1791257651.9352,R,A,,-63,,,
1791257651.9815,R,B,,-89,,,
1791257651.9976,R,C,,-72,,,
1791257651.9978,R,A,,-68,,,
1791257652.0267,O,,,,-2.53439,-0.2245,0.5163
1791257652.0278,O,,,,-2.51850,-0.2250,0.5159
1791257652.0286,O,,,,-2.50262,-0.2254,0.5156
1791257652.0294,O,,,,-2.48806,-0.2260,0.5152
1791257652.0223,R,C,,-65,,,
1791257652.0233,R,B,,-72,,,
1791257652.0502,R,A,,-69,,,
1791257652.1071,O,,,,-2.47350,-0.2267,0.5147
1791257652.1081,O,,,,-2.45894,-0.2273,0.5142
1791257652.1090,O,,,,-2.44305,-0.2281,0.5135
1791257652.1098,O,,,,-2.42982,-0.2289,0.5128
1791257652.0723,R,C,,-74,,,
1791257652.0724,R,B,,-67,,,
1791257652.1182,R,A,,-65,,,
1791257652.1212,R,B,,-76,,,
1791257652.1618,R,B,,-76,,,
1791257652.1766,O,,,,-2.41526,-0.2299,0.5119
1791257652.1779,O,,,,-2.40202,-0.2311,0.5109
1791257652.1787,O,,,,-2.38746,-0.2320,0.5100
1791257652.1706,R,A,,-67,,,
1791257652.2059,R,A,,-64,,,
1791257652.2513,O,,,,-2.37422,-0.2332,0.5089
1791257652.2523,O,,,,-2.35834,-0.2343,0.5078
1791257652.2532,O,,,,-2.34643,-0.2356,0.5065
1791257652.2540,O,,,,-2.33187,-0.2369,0.5051
1791257652.2273,R,B,,-72,,,
1791257652.2532,R,B,,-72,,,
1791257652.2606,R,C,,-79,,,
1791257652.2611,R,A,,-64,,,
1791257652.2996,R,C,,-86,,,
1791257652.2998,R,B,,-70,,,
1791257652.2999,R,A,,-68,,,
1791257652.3315,O,,,,-2.31995,-0.2382,0.5038
1791257652.3332,O,,,,-2.30539,-0.2394,0.5024
1791257652.3342,O,,,,-2.29216,-0.2409,0.5008
1791257652.3351,O,,,,-2.28024,-0.2424,0.4990
1791257652.3485,R,B,,-68,,,
1791257652.3528,R,A,,-78,,,
1791257652.3529,R,C,,-76,,,
1791257652.4144,O,,,,-2.26701,-0.2438,0.4974
1791257652.4155,O,,,,-2.25509,-0.2453,0.4956
1791257652.4163,O,,,,-2.24186,-0.2466,0.4939
1791257652.4171,O,,,,-2.22862,-0.2483,0.4918
1791257652.4134,R,B,,-83,,,
1791257652.4179,R,A,,-75,,,
1791257652.4604,R,C,,-69,,,
1791257652.4606,R,A,,-81,,,
1791257652.4611,R,B,,-79,,,
1791257652.4867,O,,,,-2.21671,-0.2497,0.4899
1791257652.4878,O,,,,-2.20347,-0.2513,0.4878
1791257652.4887,O,,,,-2.19023,-0.2528,0.4857
1791257652.4895,O,,,,-2.17832,-0.2542,0.4837
1791257652.4927,R,A,,-75,,,
1791257652.4930,R,C,,-67,,,
1791257652.5101,R,B,,-74,,,
1791257652.5674,O,,,,-2.16509,-0.2557,0.4815
1791257652.5689,O,,,,-2.15185,-0.2572,0.4793
1791257652.5698,O,,,,-2.13861,-0.2586,0.4771
1791257652.5707,O,,,,-2.12538,-0.2600,0.4749
1791257652.5598,R,C,,-63,,,
1791257652.5599,R,A,,-76,,,
1791257652.5807,R,C,,-69,,,
1791257652.5820,R,B,,-74,,,
1791257652.5953,R,A,,-68,,,
1791257652.6421,O,,,,-2.11346,-0.2613,0.4728
1791257652.6431,O,,,,-2.10155,-0.2625,0.4708
1791257652.6439,O,,,,-2.09096,-0.2638,0.4685
1791257652.6446,O,,,,-2.08169,-0.2652,0.4660
1791257652.6276,R,B,,-70,,,
1791257652.6288,R,A,,-67,,,
1791257652.6290,R,C,,-69,,,
1791257652.6685,R,A,,-66,,,
1791257652.7113,O,,,,-2.07111,-0.2665,0.4637
1791257652.7124,O,,,,-2.06449,-0.2679,0.4611
1791257652.7135,O,,,,-2.05787,-0.2693,0.4585
1791257652.6754,R,C,,-69,,,
1791257652.6756,R,B,,-73,,,
1791257652.7132,R,B,,-71,,,
1791257652.7138,R,A,,-66,,,
1791257652.7606,R,C,,-71,,,
1791257652.7684,R,A,,-67,,,
1791257652.7913,O,,,,-2.05257,-0.2708,0.4557
1791257652.7927,O,,,,-2.04728,-0.2722,0.4529
1791257652.7935,O,,,,-2.04198,-0.2737,0.4501
1791257652.7947,O,,,,-2.03537,-0.2752,0.4470
1791257652.7790,R,B,,-71,,,
1791257652.8012,R,A,,-65,,,
1791257652.8114,R,C,,-69,,,
1791257652.8319,R,B,,-64,,,
1791257652.8463,R,B,,-75,,,
1791257652.8613,R,C,,-67,,,
1791257652.8688,R,A,,-70,,,
1791257652.8776,O,,,,-2.03140,-0.2768,0.4439
1791257652.8787,O,,,,-2.02742,-0.2783,0.4408
1791257652.8796,O,,,,-2.02345,-0.2798,0.4377
1791257652.8803,O,,,,-2.01816,-0.2812,0.4349
1791257652.9185,R,A,,-64,,,
1791257652.9464,O,,,,-2.01419,-0.2827,0.4318
1791257652.9474,O,,,,-2.01022,-0.2841,0.4287
1791257652.9483,O,,,,-2.00492,-0.2855,0.4258
1791257652.9491,O,,,,-1.99963,-0.2868,0.4229
1791257652.9433,R,C,,-67,,,
1791257652.9435,R,A,,-63,,,
1791257652.9440,R,B,,-64,,,
1791257652.9909,R,C,,-57,,,
1791257652.9912,R,A,,-65,,,
1791257653.0268,O,,,,-1.99433,-0.2881,0.4200
1791257653.0279,O,,,,-1.99036,-0.2893,0.4174
1791257653.0287,O,,,,-1.98507,-0.2906,0.4144
1791257653.0295,O,,,,-1.97977,-0.2917,0.4120
1791257653.0329,R,C,,-64,,,
1791257653.0690,R,A,,-63,,,
1791257653.1015,O,,,,-1.97580,-0.2928,0.4093
1791257653.1025,O,,,,-1.96786,-0.2938,0.4069
1791257653.1034,O,,,,-1.96389,-0.2948,0.4047
1791257653.1041,O,,,,-1.95859,-0.2958,0.4023
1791257653.0789,R,C,,-64,,,
1791257653.0791,R,A,,-61,,,
1791257653.0819,R,B,,-78,,,
1791257653.1308,R,B,,-81,,,
1791257653.1382,R,C,,-57,,,
1791257653.1674,R,B,,-72,,,
1791257653.1716,O,,,,-1.95330,-0.2966,0.4003
1791257653.1726,O,,,,-1.94668,-0.2974,0.3981
1791257653.1734,O,,,,-1.94271,-0.2983,0.3959
1791257653.1706,R,C,,-66,,,
1791257653.2160,R,B,,-74,,,
1791257653.2178,R,A,,-66,,,
1791257653.2523,O,,,,-1.93874,-0.2990,0.3941
1791257653.2534,O,,,,-1.93345,-0.2997,0.3922
1791257653.2543,O,,,,-1.92815,-0.3003,0.3907
1791257653.2551,O,,,,-1.92418,-0.3009,0.3889
1791257653.2400,R,C,,-65,,,
1791257653.2601,R,A,,-64,,,
1791257653.2603,R,B,,-77,,,
1791257653.2606,R,C,,-65,,,
1791257653.3051,R,B,,-72,,,
1791257653.3112,R,C,,-57,,,
1791257653.3148,R,A,,-64,,,
1791257653.3324,O,,,,-1.91888,-0.3017,0.3870
1791257653.3337,O,,,,-1.91359,-0.3022,0.3855
1791257653.3345,O,,,,-1.90830,-0.3027,0.3840
1791257653.3352,O,,,,-1.90300,-0.3033,0.3825
1791257653.3501,R,C,,-67,,,
1791257653.3682,R,A,,-66,,,
1791257653.4068,O,,,,-1.89638,-0.3039,0.3807
1791257653.4079,O,,,,-1.89109,-0.3044,0.3792
1791257653.4088,O,,,,-1.88579,-0.3049,0.3777
1791257653.4096,O,,,,-1.87785,-0.3054,0.3762
1791257653.3731,R,B,,-67,,,
1791257653.4028,R,C,,-64,,,
1791257653.4031,R,A,,-65,,,
1791257653.4033,R,B,,-70,,,
1791257653.4389,R,C,,-69,,,
1791257653.4433,R,B,,-69,,,
1791257653.4688,R,A,,-64,,,
1791257653.4903,O,,,,-1.87256,-0.3058,0.3747
1791257653.4914,O,,,,-1.86594,-0.3062,0.3734
1791257653.4922,O,,,,-1.85932,-0.3068,0.3716
1791257653.4929,O,,,,-1.85270,-0.3071,0.3704
1791257653.4820,R,B,,-69,,,
1791257653.5035,R,C,,-70,,,
1791257653.5036,R,A,,-71,,,
1791257653.5618,O,,,,-1.84608,-0.3076,0.3686
1791257653.5629,O,,,,-1.83814,-0.3081,0.3670
1791257653.5637,O,,,,-1.83020,-0.3085,0.3655
1791257653.5645,O,,,,-1.82226,-0.3089,0.3640
1791257653.5214,R,C,,-64,,,
1791257653.5689,R,A,,-68,,,
1791257653.5827,R,B,,-65,,,
1791257653.6107,R,C,,-66,,,
1791257653.6124,R,B,,-71,,,
1791257653.6138,R,A,,-67,,,
1791257653.6317,O,,,,-1.81564,-0.3092,0.3627
1791257653.6327,O,,,,-1.80770,-0.3096,0.3611
1791257653.6335,O,,,,-1.79976,-0.3099,0.3596
1791257653.6614,R,C,,-68,,,
1791257653.6688,R,A,,-68,,,
1791257653.6747,R,B,,-74,,,
1791257653.7039,R,C,,-74,,,
1791257653.7041,R,A,,-67,,,
1791257653.7219,O,,,,-1.79181,-0.3103,0.3581
1791257653.7229,O,,,,-1.78387,-0.3106,0.3565
1791257653.7237,O,,,,-1.77461,-0.3110,0.3547
1791257653.7245,O,,,,-1.76666,-0.3113,0.3531
1791257653.7229,R,B,,-68,,,
1791257653.7487,R,C,,-65,,,
1791257653.7636,R,B,,-72,,,
1791257653.7682,R,A,,-65,,,
1791257653.7872,O,,,,-1.75872,-0.3116,0.3516
1791257653.7883,O,,,,-1.74946,-0.3119,0.3503
1791257653.7890,O,,,,-1.74019,-0.3121,0.3490
1791257653.7898,O,,,,-1.72828,-0.3123,0.3477
1791257653.7960,R,C,,-62,,,
1791257653.7962,R,A,,-70,,,
1791257653.8673,O,,,,-1.71769,-0.3125,0.3466
1791257653.8684,O,,,,-1.70313,-0.3126,0.3458
1791257653.8692,O,,,,-1.68989,-0.3127,0.3453
1791257653.8699,O,,,,-1.67666,-0.3127,0.3448
1791257653.8383,R,A,,-70,,,
1791257653.8607,R,C,,-63,,,
1791257653.8673,R,B,,-70,,,
1791257653.8791,R,B,,-68,,,
1791257653.9104,R,C,,-62,,,
1791257653.9106,R,A,,-67,,,
1791257653.9492,O,,,,-1.66210,-0.3128,0.3445
1791257653.9501,O,,,,-1.64489,-0.3128,0.3442
1791257653.9509,O,,,,-1.63033,-0.3128,0.3440
1791257653.9517,O,,,,-1.61312,-0.3128,0.3437
1791257653.9209,R,B,,-70,,,
1791257653.9215,R,C,,-67,,,
1791257653.9634,R,A,,-71,,,
1791257653.9825,R,B,,-85,,,
1791257654.0062,R,A,,-72,,,
1791257654.0064,R,B,,-70,,,
1791257654.0106,R,C,,-67,,,
1791257654.0221,O,,,,-1.59856,-0.3128,0.3435
1791257654.0230,O,,,,-1.58268,-0.3128,0.3435
1791257654.0238,O,,,,-1.56547,-0.3128,0.3432
1791257654.0246,O,,,,-1.54958,-0.3128,0.3432
1791257654.0557,R,B,,-69,,,
1791257654.0603,R,C,,-55,,,
1791257654.0685,R,A,,-69,,,
1791257654.1015,O,,,,-1.53238,-0.3128,0.3435
1791257654.1028,O,,,,-1.51649,-0.3128,0.3435
1791257654.1037,O,,,,-1.50061,-0.3128,0.3435
1791257654.1045,O,,,,-1.48340,-0.3128,0.3432
1791257654.1028,R,C,,-71,,,
1791257654.1032,R,A,,-68,,,
1791257654.1319,R,B,,-68,,,
1791257654.1492,R,C,,-72,,,
1791257654.1495,R,A,,-68,,,
1791257654.1564,R,B,,-69,,,
1791257654.1717,O,,,,-1.46619,-0.3128,0.3435
1791257654.1728,O,,,,-1.45031,-0.3128,0.3435
1791257654.1736,O,,,,-1.43443,-0.3128,0.3435
1791257654.1924,R,B,,-71,,,
1791257654.1963,R,C,,-57,,,
1791257654.1967,R,A,,-72,,,
1791257654.2541,O,,,,-1.41589,-0.3128,0.3435
1791257654.2549,O,,,,-1.40001,-0.3128,0.3435
1791257654.2557,O,,,,-1.38413,-0.3128,0.3435
1791257654.2565,O,,,,-1.36824,-0.3128,0.3435
1791257654.2335,R,C,,-66,,,
1791257654.2457,R,A,,-71,,,
1791257654.2843,R,A,,-72,,,
1791257654.2899,R,C,,-60,,,
1791257654.3272,O,,,,-1.35104,-0.3129,0.3437
1791257654.3286,O,,,,-1.33383,-0.3128,0.3435
1791257654.3295,O,,,,-1.31794,-0.3128,0.3435
1791257654.3302,O,,,,-1.30074,-0.3129,0.3437
1791257654.3254,R,B,,-77,,,
1791257654.3527,R,C,,-64,,,
1791257654.3528,R,A,,-69,,,
1791257654.3657,R,B,,-76,,,
1791257654.4075,O,,,,-1.28353,-0.3128,0.3435
1791257654.4086,O,,,,-1.26632,-0.3129,0.3437
1791257654.4095,O,,,,-1.25044,-0.3129,0.3437
1791257654.4102,O,,,,-1.23455,-0.3129,0.3437
1791257654.3706,R,A,,-66,,,
1791257654.3953,R,C,,-63,,,
1791257654.4093,R,A,,-66,,,
1791257654.4097,R,B,,-70,,,
1791257654.4106,R,C,,-61,,,
1791257654.4613,R,C,,-61,,,
1791257654.4616,R,A,,-68,,,
1791257654.4621,R,B,,-68,,,
1791257654.4824,O,,,,-1.21602,-0.3129,0.3437
1791257654.4833,O,,,,-1.20014,-0.3129,0.3437
1791257654.4842,O,,,,-1.18425,-0.3129,0.3437
1791257654.4850,O,,,,-1.16705,-0.3128,0.3435
1791257654.5045,R,B,,-75,,,
1791257654.5112,R,C,,-63,,,
1791257654.5186,R,A,,-73,,,
1791257654.5619,O,,,,-1.14984,-0.3129,0.3437
1791257654.5631,O,,,,-1.13396,-0.3129,0.3437
1791257654.5641,O,,,,-1.11675,-0.3128,0.3435
1791257654.5649,O,,,,-1.09954,-0.3129,0.3437
1791257654.5499,R,A,,-66,,,
1791257654.5502,R,B,,-78,,,
1791257654.5614,R,C,,-65,,,
1791257654.6005,R,B,,-81,,,
1791257654.6073,R,C,,-63,,,
1791257654.6182,R,A,,-66,,,
1791257654.6324,O,,,,-1.08366,-0.3129,0.3437
1791257654.6333,O,,,,-1.06910,-0.3128,0.3435
1791257654.6340,O,,,,-1.05321,-0.3128,0.3435
1791257654.6375,R,C,,-63,,,
1791257654.6377,R,A,,-65,,,
1791257654.7067,O,,,,-1.03733,-0.3128,0.3435
1791257654.7078,O,,,,-1.02144,-0.3128,0.3435
1791257654.7086,O,,,,-1.00424,-0.3129,0.3437
1791257654.7094,O,,,,-0.98835,-0.3129,0.3437
1791257654.6782,R,B,,-72,,,
1791257654.6784,R,C,,-60,,,
1791257654.6798,R,A,,-65,,,
1791257654.7190,R,A,,-65,,,
1791257654.7205,R,B,,-74,,,
1791257654.7585,R,C,,-62,,,
1791257654.7663,R,A,,-61,,,
1791257654.7866,O,,,,-0.97247,-0.3129,0.3437
1791257654.7876,O,,,,-0.95659,-0.3129,0.3437
1791257654.7884,O,,,,-0.94070,-0.3129,0.3437
1791257654.7892,O,,,,-0.92482,-0.3129,0.3437
1791257654.7760,R,C,,-58,,,
1791257654.7761,R,B,,-77,,,
1791257654.8054,R,B,,-69,,,
1791257654.8067,R,C,,-58,,,
1791257654.8638,O,,,,-0.91026,-0.3128,0.3435
1791257654.8647,O,,,,-0.89570,-0.3129,0.3437
1791257654.8655,O,,,,-0.87981,-0.3129,0.3437
1791257654.8663,O,,,,-0.86525,-0.3128,0.3435
1791257654.8206,R,A,,-63,,,
1791257654.8539,R,C,,-66,,,
1791257654.8542,R,A,,-62,,,
1791257654.8822,R,B,,-69,,,
1791257654.8986,R,C,,-64,,,
1791257654.8990,R,B,,-71,,,
1791257654.8991,R,A,,-62,,,
1791257654.9420,O,,,,-0.84937,-0.3128,0.3435
1791257654.9435,O,,,,-0.83349,-0.3128,0.3435
1791257654.9444,O,,,,-0.81893,-0.3129,0.3437
1791257654.9452,O,,,,-0.80437,-0.3127,0.3435
1791257654.9417,R,C,,-63,,,
1791257654.9499,R,B,,-75,,,
1791257654.9502,R,A,,-63,,,
1791257654.9938,R,C,,-66,,,
1791257654.9941,R,A,,-65,,,
1791257654.9943,R,B,,-74,,,
1791257655.0216,O,,,,-0.78980,-0.3129,0.3437
1791257655.0224,O,,,,-0.77524,-0.3127,0.3435
1791257655.0232,O,,,,-0.76201,-0.3127,0.3435
1791257655.0239,O,,,,-0.74612,-0.3127,0.3435
1791257655.0325,R,B,,-81,,,
1791257655.0464,R,C,,-71,,,
1791257655.0467,R,A,,-60,,,
1791257655.0968,O,,,,-0.73156,-0.3129,0.3437
1791257655.0982,O,,,,-0.71833,-0.3129,0.3437
1791257655.0995,O,,,,-0.70377,-0.3127,0.3435
1791257655.1006,O,,,,-0.69053,-0.3127,0.3435
1791257655.0721,R,B,,-71,,,
1791257655.0822,R,C,,-64,,,
1791257655.1002,R,A,,-61,,,
1791257655.1673,O,,,,-0.67729,-0.3127,0.3435
1791257655.1681,O,,,,-0.66406,-0.3127,0.3435
1791257655.1689,O,,,,-0.65214,-0.3129,0.3437
1791257655.1210,R,C,,-67,,,
1791257655.1211,R,B,,-83,,,
1791257655.1684,R,A,,-62,,,
1791257655.1822,R,B,,-81,,,
1791257655.2108,R,C,,-64,,,
1791257655.2192,R,A,,-62,,,
1791257655.2529,O,,,,-0.63891,-0.3129,0.3437
1791257655.2540,O,,,,-0.62699,-0.3127,0.3435
1791257655.2548,O,,,,-0.61376,-0.3127,0.3435
1791257655.2555,O,,,,-0.60052,-0.3127,0.3435
1791257655.2316,R,B,,-73,,,
1791257655.2497,R,B,,-98,,,
1791257655.2509,R,C,,-66,,,
1791257655.2680,R,A,,-61,,,
1791257655.3002,R,C,,-65,,,
1791257655.3005,R,B,,-72,,,
1791257655.3008,R,A,,-62,,,
1791257655.3214,O,,,,-0.58729,-0.3127,0.3435
1791257655.3223,O,,,,-0.57272,-0.3125,0.3434
1791257655.3231,O,,,,-0.55949,-0.3125,0.3434
1791257655.3238,O,,,,-0.54493,-0.3127,0.3435
1791257655.3416,R,A,,-63,,,
1791257655.3602,R,C,,-63,,,
1791257655.3610,R,B,,-64,,,
1791257655.4015,O,,,,-0.53169,-0.3127,0.3435
1791257655.4025,O,,,,-0.51845,-0.3127,0.3435
1791257655.4033,O,,,,-0.50522,-0.3127,0.3435
1791257655.4041,O,,,,-0.49198,-0.3127,0.3435
1791257655.3823,R,B,,-71,,,
1791257655.3826,R,A,,-65,,,
1791257655.4105,R,C,,-58,,,
1791257655.4292,R,C,,-77,,,
1791257655.4326,R,B,,-84,,,
1791257655.4542,R,A,,-62,,,
1791257655.4771,O,,,,-0.48007,-0.3130,0.3436
1791257655.4781,O,,,,-0.46683,-0.3130,0.3436
1791257655.4789,O,,,,-0.45492,-0.3127,0.3435
1791257655.4797,O,,,,-0.44301,-0.3130,0.3436
1791257655.4711,R,B,,-80,,,
1791257655.4852,R,C,,-69,,,
1791257655.5165,R,B,,-78,,,
1791257655.5167,R,A,,-61,,,
1791257655.5178,R,C,,-63,,,
1791257655.5564,O,,,,-0.42977,-0.3130,0.3436
1791257655.5574,O,,,,-0.41918,-0.3130,0.3436
1791257655.5583,O,,,,-0.40594,-0.3130,0.3436
1791257655.5591,O,,,,-0.39271,-0.3130,0.3436
1791257655.5685,R,A,,-59,,,
1791257655.5746,R,B,,-95,,,
1791257655.6090,R,A,,-61,,,
1791257655.6091,R,C,,-69,,,
1791257655.6267,O,,,,-0.38079,-0.3127,0.3435
1791257655.6278,O,,,,-0.37021,-0.3127,0.3435
1791257655.6286,O,,,,-0.35829,-0.3130,0.3436
1791257655.6530,R,C,,-70,,,
1791257655.6548,R,B,,-76,,,
1791257655.6683,R,A,,-62,,,
1791257655.7072,O,,,,-0.34638,-0.3127,0.3435
1791257655.7084,O,,,,-0.33579,-0.3127,0.3435
1791257655.7097,O,,,,-0.32255,-0.3127,0.3435
1791257655.7107,O,,,,-0.31196,-0.3127,0.3435
1791257655.6987,R,B,,-72,,,
1791257655.7003,R,C,,-68,,,
1791257655.7189,R,A,,-60,,,
1791257655.7388,R,C,,-71,,,
1791257655.7414,R,B,,-72,,,
1791257655.7688,R,A,,-60,,,
1791257655.7869,O,,,,-0.30138,-0.3127,0.3435
1791257655.7879,O,,,,-0.29079,-0.3127,0.3435
1791257655.7886,O,,,,-0.28020,-0.3127,0.3435
1791257655.7894,O,,,,-0.26961,-0.3127,0.3435
1791257655.8617,O,,,,-0.26034,-0.3125,0.3435
1791257655.8627,O,,,,-0.25108,-0.3127,0.3435
1791257655.8635,O,,,,-0.24181,-0.3125,0.3435
1791257655.8643,O,,,,-0.23254,-0.3127,0.3435
1791257655.8203,R,B,,-67,,,
1791257655.8287,R,C,,-70,,,
1791257655.8322,R,B,,-69,,,
1791257655.8491,R,A,,-65,,,
1791257655.8742,R,C,,-67,,,
1791257655.8832,R,B,,-76,,,
1791257655.9011,R,A,,-67,,,
1791257655.9175,R,B,,-72,,,
1791257655.9184,R,A,,-66,,,
1791257655.9367,O,,,,-0.22196,-0.3127,0.3435
1791257655.9382,O,,,,-0.21137,-0.3127,0.3435
1791257655.9390,O,,,,-0.20210,-0.3125,0.3435
1791257655.9398,O,,,,-0.19151,-0.3125,0.3435
1791257655.9203,R,C,,-65,,,
1791257655.9659,R,A,,-65,,,
1791257656.0171,O,,,,-0.18225,-0.3127,0.3435
1791257656.0182,O,,,,-0.17298,-0.3125,0.3435
1791257656.0191,O,,,,-0.16239,-0.3125,0.3435
1791257656.0199,O,,,,-0.15048,-0.3127,0.3435
1791257655.9711,R,B,,-73,,,
1791257655.9714,R,C,,-57,,,
1791257656.0112,R,C,,-56,,,
1791257656.0113,R,A,,-66,,,
1791257656.0241,R,B,,-82,,,
1791257656.0536,R,C,,-60,,,
1791257656.0687,R,A,,-67,,,
1791257656.0969,O,,,,-0.13989,-0.3127,0.3435
1791257656.0980,O,,,,-0.12798,-0.3125,0.3435
1791257656.0989,O,,,,-0.11739,-0.3125,0.3435
1791257656.0997,O,,,,-0.10547,-0.3127,0.3435
1791257656.0828,R,B,,-75,,,
1791257656.0963,R,C,,-57,,,
1791257656.0980,R,B,,-73,,,
1791257656.1043,R,A,,-64,,,
1791257656.1664,O,,,,-0.09488,-0.3127,0.3435
1791257656.1674,O,,,,-0.08297,-0.3125,0.3435
1791257656.1682,O,,,,-0.07238,-0.3125,0.3435
1791257656.1406,R,B,,-74,,,
1791257656.1427,R,C,,-67,,,
1791257656.1429,R,A,,-66,,,
1791257656.1886,R,C,,-61,,,
1791257656.2017,R,A,,-63,,,
1791257656.2024,R,B,,-69,,,
1791257656.2425,O,,,,-0.06179,-0.3125,0.3435
1791257656.2440,O,,,,-0.05120,-0.3125,0.3435
1791257656.2458,O,,,,-0.04194,-0.3127,0.3435
1791257656.2471,O,,,,-0.03267,-0.3125,0.3435
1791257656.2589,R,B,,-75,,,
1791257656.2608,R,C,,-64,,,
1791257656.2683,R,A,,-71,,,
1791257656.3203,O,,,,-0.02208,-0.3125,0.3435
1791257656.3213,O,,,,-0.01282,-0.3127,0.3435
1791257656.2855,R,A,,-66,,,
1791257656.2857,R,C,,-62,,,
1791257656.3223,O,,,,-0.00223,-0.3127,0.3435
1791257656.3231,O,,,,0.00836,-0.3127,0.3435
1791257656.3282,R,C,,-62,,,
1791257656.3327,R,B,,-79,,,
1791257656.3359,R,A,,-67,,,
1791257656.3967,O,,,,0.01895,-0.3127,0.3435
1791257656.3978,O,,,,0.02822,-0.3125,0.3435
1791257656.3986,O,,,,0.03748,-0.3127,0.3435
1791257656.3994,O,,,,0.04807,-0.3127,0.3435
1791257656.3707,R,B,,-74,,,
1791257656.3709,R,A,,-65,,,
1791257656.4052,R,C,,-66,,,
1791257656.4186,R,A,,-63,,,
1791257656.4187,R,C,,-62,,,
1791257656.4322,R,B,,-76,,,
1791257656.4648,R,B,,-80,,,
1791257656.4665,R,A,,-66,,,
1791257656.4800,O,,,,0.05866,-0.3127,0.3435
1791257656.4808,O,,,,0.06925,-0.3127,0.3435
1791257656.4817,O,,,,0.08116,-0.3125,0.3435
1791257656.4824,O,,,,0.09307,-0.3127,0.3435
1791257656.4709,R,C,,-67,,,
1791257656.5565,O,,,,0.10366,-0.3127,0.3435
1791257656.5574,O,,,,0.11425,-0.3127,0.3435
1791257656.5582,O,,,,0.12484,-0.3127,0.3435
1791257656.5589,O,,,,0.13543,-0.3127,0.3435
1791257656.5205,R,A,,-63,,,
1791257656.5323,R,B,,-67,,,
1791257656.5609,R,C,,-71,,,
1791257656.5705,R,A,,-67,,,
1791257656.5827,R,B,,-73,,,
1791257656.6084,R,B,,-75,,,
1791257656.6268,O,,,,0.14470,-0.3125,0.3435
1791257656.6279,O,,,,0.15661,-0.3127,0.3435
1791257656.6286,O,,,,0.16720,-0.3127,0.3435
1791257656.6207,R,A,,-59,,,
1791257656.6578,R,A,,-65,,,
1791257656.6581,R,C,,-65,,,
1791257656.6582,R,B,,-72,,,
1791257656.7020,O,,,,0.17779,-0.3127,0.3435
1791257656.7033,O,,,,0.18838,-0.3127,0.3435
1791257656.7045,O,,,,0.19897,-0.3127,0.3435
1791257656.7057,O,,,,0.20956,-0.3127,0.3435
1791257656.6960,R,B,,-69,,,
1791257656.7102,R,C,,-66,,,
1791257656.7112,R,A,,-68,,,
1791257656.7443,R,C,,-68,,,
1791257656.7568,R,B,,-74,,,
1791257656.7638,R,A,,-69,,,
1791257656.7854,O,,,,0.22147,-0.3125,0.3435
1791257656.7863,O,,,,0.22941,-0.3125,0.3435
1791257656.7872,O,,,,0.24000,-0.3125,0.3435
1791257656.7881,O,,,,0.24927,-0.3127,0.3435
1791257656.7896,R,C,,-69,,,
1791257656.8187,R,A,,-66,,,
1791257656.8563,O,,,,0.25853,-0.3125,0.3435
1791257656.8573,O,,,,0.26647,-0.3125,0.3435
1791257656.8581,O,,,,0.27574,-0.3122,0.3436
1791257656.8590,O,,,,0.28368,-0.3122,0.3436
1791257656.8387,R,B,,-76,,,
1791257656.8609,R,C,,-68,,,
1791257656.8684,R,A,,-69,,,
1791257656.8794,R,B,,-85,,,
1791257656.8795,R,C,,-69,,,
1791257656.9186,R,A,,-66,,,
1791257656.9371,O,,,,0.29030,-0.3125,0.3435
1791257656.9385,O,,,,0.29692,-0.3122,0.3436
1791257656.9393,O,,,,0.30486,-0.3122,0.3436
1791257656.9401,O,,,,0.31280,-0.3122,0.3436
1791257656.9320,R,C,,-69,,,
1791257656.9323,R,B,,-72,,,
1791257656.9536,R,A,,-64,,,
1791257657.0124,O,,,,0.32207,-0.3125,0.3435
1791257657.0134,O,,,,0.32869,-0.3122,0.3436
1791257657.0142,O,,,,0.33663,-0.3122,0.3436
1791257657.0149,O,,,,0.34457,-0.3122,0.3436
1791257656.9761,R,C,,-73,,,
1791257656.9764,R,B,,-79,,,
1791257656.9765,R,A,,-66,,,
1791257657.0188,R,A,,-65,,,
1791257657.0291,R,C,,-59,,,
1791257657.0322,R,B,,-73,,,
1791257657.0582,R,A,,-58,,,
1791257657.0583,R,C,,-64,,,
1791257657.0913,O,,,,0.35251,-0.3122,0.3436
1791257657.0924,O,,,,0.35913,-0.3125,0.3435
1791257657.0933,O,,,,0.36575,-0.3122,0.3436
1791257657.0941,O,,,,0.37369,-0.3122,0.3436
1791257657.0753,R,B,,-72,,,
1791257657.1036,R,B,,-83,,,
1791257657.1039,R,C,,-66,,,
1791257657.1058,R,A,,-69,,,
1791257657.1621,O,,,,0.37898,-0.3122,0.3436
1791257657.1635,O,,,,0.38693,-0.3122,0.3436
1791257657.1643,O,,,,0.39222,-0.3122,0.3436
1791257657.1456,R,C,,-65,,,
1791257657.1688,R,A,,-84,,,
1791257657.1829,R,B,,-66,,,
1791257657.1881,R,C,,-61,,,
1791257657.1982,R,B,,-90,,,
1791257657.2001,R,A,,-66,,,
1791257657.2416,O,,,,0.39884,-0.3120,0.3437
1791257657.2427,O,,,,0.40413,-0.3120,0.3437
1791257657.2441,O,,,,0.41075,-0.3122,0.3436
1791257657.2449,O,,,,0.41472,-0.3120,0.3437
1791257657.2379,R,A,,-64,,,
1791257657.2381,R,C,,-65,,,
1791257657.3213,O,,,,0.42002,-0.3120,0.3437
1791257657.2822,R,B,,-73,,,
1791257657.2850,R,C,,-61,,,
1791257657.2852,R,A,,-58,,,
1791257657.3227,O,,,,0.42531,-0.3120,0.3437
1791257657.3236,O,,,,0.42796,-0.3120,0.3437
1791257657.3243,O,,,,0.43325,-0.3120,0.3437
1791257657.3249,R,C,,-61,,,
1791257657.3254,R,A,,-62,,,
1791257657.3324,R,B,,-77,,,
1791257657.3964,O,,,,0.43723,-0.3122,0.3436
1791257657.3975,O,,,,0.44120,-0.3120,0.3437
1791257657.3984,O,,,,0.44517,-0.3122,0.3436
1791257657.3992,O,,,,0.44914,-0.3120,0.3437
1791257657.3717,R,B,,-73,,,
1791257657.3723,R,C,,-62,,,
1791257657.3759,R,A,,-59,,,
1791257657.4322,R,B,,-71,,,
1791257657.4421,R,C,,-56,,,
1791257657.4429,R,A,,-64,,,
1791257657.4842,O,,,,0.45046,-0.3122,0.3436
1791257657.4852,O,,,,0.45311,-0.3122,0.3436
1791257657.4861,O,,,,0.45443,-0.3120,0.3437
1791257657.4891,O,,,,0.45708,-0.3120,0.3437
1791257657.4705,R,C,,-68,,,
1791257657.4709,R,A,,-67,,,
1791257657.4709,R,B,,-75,,,
1791257657.5512,O,,,,0.45840,-0.3117,0.3438
1791257657.5525,O,,,,0.45973,-0.3115,0.3440
1791257657.5534,O,,,,0.46105,-0.3113,0.3441
1791257657.5542,O,,,,0.46238,-0.3110,0.3442
1791257657.5203,R,B,,-80,,,
1791257657.5205,R,C,,-68,,,
1791257657.5683,R,B,,-67,,,
1791257657.5690,R,A,,-68,,,
1791257657.5849,R,C,,-71,,,
1791257657.6219,O,,,,0.46370,-0.3108,0.3443
1791257657.6228,O,,,,0.46502,-0.3106,0.3444
1791257657.6237,O,,,,0.46635,-0.3098,0.3448
1791257657.6274,R,B,,-70,,,
1791257657.6493,R,B,,-66,,,
1791257657.6509,R,C,,-57,,,
1791257657.6511,R,A,,-57,,,
1791257657.7019,O,,,,0.46899,-0.3094,0.3450
1791257657.7031,O,,,,0.46899,-0.3089,0.3453
1791257657.7039,O,,,,0.47032,-0.3082,0.3456
1791257657.7047,O,,,,0.47164,-0.3070,0.3462
1791257657.7045,R,C,,-61,,,
1791257657.7046,R,A,,-61,,,
1791257657.7048,R,B,,-68,,,
1791257657.7455,R,C,,-62,,,
1791257657.7465,R,B,,-66,,,
1791257657.7686,R,A,,-58,,,
1791257657.7768,O,,,,0.47164,-0.3061,0.3467
1791257657.7779,O,,,,0.47164,-0.3047,0.3474
1791257657.7788,O,,,,0.47296,-0.3035,0.3480
1791257657.7796,O,,,,0.47164,-0.3018,0.3489
1791257657.7829,R,A,,-57,,,
1791257657.7830,R,B,,-64,,,
1791257657.8563,O,,,,0.47296,-0.3002,0.3497
1791257657.8572,O,,,,0.47429,-0.2985,0.3506
1791257657.8580,O,,,,0.47296,-0.2964,0.3516
1791257657.8588,O,,,,0.47296,-0.2945,0.3526
1791257657.8257,R,B,,-67,,,
1791257657.8512,R,C,,-61,,,
1791257657.8684,R,A,,-60,,,
1791257657.9314,O,,,,0.47429,-0.2924,0.3537
1791257657.9328,O,,,,0.47296,-0.2903,0.3548
1791257657.9346,O,,,,0.47429,-0.2882,0.3559
1791257657.9357,O,,,,0.47429,-0.2858,0.3571
1791257657.9610,R,C,,-62,,,
1791257657.9688,R,B,,-71,,,
1791257658.0122,O,,,,0.47429,-0.2835,0.3583
1791257658.0133,O,,,,0.47429,-0.2811,0.3595
1791257658.0141,O,,,,0.47429,-0.2787,0.3607
1791257658.0148,O,,,,0.47429,-0.2764,0.3619
1791257657.9704,R,A,,-59,,,
1791257657.9928,R,C,,-64,,,
1791257658.0207,R,A,,-68,,,
1791257658.0324,R,B,,-71,,,
1791257658.0385,R,C,,-67,,,
1791257658.0578,R,A,,-64,,,
1791257658.0579,R,B,,-63,,,
1791257658.0583,R,C,,-68,,,
1791257658.0823,O,,,,0.47429,-0.2740,0.3631
1791257658.0832,O,,,,0.47296,-0.2714,0.3645
1791257658.0839,O,,,,0.47296,-0.2691,0.3657
1791257658.0847,O,,,,0.47296,-0.2667,0.3669
1791257658.1041,R,A,,-58,,,
1791257658.1108,R,C,,-65,,,
1791257658.1622,O,,,,0.47296,-0.2644,0.3681
1791257658.1633,O,,,,0.47296,-0.2620,0.3693
1791257658.1642,O,,,,0.47032,-0.2597,0.3705
1791257658.1323,R,B,,-72,,,
1791257658.1446,R,A,,-66,,,
1791257658.1607,R,C,,-67,,,
1791257658.1625,R,B,,-61,,,
1791257658.1941,R,A,,-64,,,
1791257658.1945,R,B,,-61,,,
1791257658.2109,R,C,,-63,,,
1791257658.2371,O,,,,0.46899,-0.2575,0.3716
1791257658.2381,O,,,,0.46635,-0.2552,0.3728
1791257658.2389,O,,,,0.46370,-0.2528,0.3739
1791257658.2397,O,,,,0.46105,-0.2504,0.3751
1791257658.3204,O,,,,0.45708,-0.2483,0.3762
1791257658.2751,R,B,,-67,,,
1791257658.2808,R,C,,-64,,,
1791257658.2810,R,A,,-65,,,
1791257658.3222,O,,,,0.45311,-0.2462,0.3772
1791257658.3231,O,,,,0.44914,-0.2440,0.3783
1791257658.3239,O,,,,0.44517,-0.2423,0.3791
1791257658.3330,R,A,,-63,,,
1791257658.3333,R,B,,-62,,,
1791257658.3922,O,,,,0.44120,-0.2402,0.3801
1791257658.3932,O,,,,0.43855,-0.2388,0.3808
1791257658.3940,O,,,,0.43458,-0.2371,0.3815
1791257658.3948,O,,,,0.43061,-0.2354,0.3823
1791257658.3739,R,C,,-66,,,
1791257658.3781,R,B,,-57,,,
1791257658.4031,R,A,,-58,,,
1791257658.4217,R,C,,-72,,,
1791257658.4328,R,B,,-68,,,
1791257658.4417,R,A,,-62,,,
1791257658.4672,R,A,,-64,,,
1791257658.4679,R,B,,-65,,,
1791257658.4771,O,,,,0.42796,-0.2339,0.3830
1791257658.4783,O,,,,0.42531,-0.2330,0.3834
1791257658.4791,O,,,,0.42267,-0.2315,0.3841
1791257658.4802,O,,,,0.42134,-0.2308,0.3844
1791257658.5111,R,C,,-73,,,
1791257658.5185,R,A,,-69,,,
1791257658.5519,O,,,,0.41869,-0.2298,0.3848
1791257658.5534,O,,,,0.41737,-0.2291,0.3852
1791257658.5547,O,,,,0.41605,-0.2284,0.3855
1791257658.5559,O,,,,0.41472,-0.2277,0.3858
1791257658.5237,R,B,,-64,,,
1791257658.5463,R,B,,-74,,,
1791257658.5617,R,C,,-62,,,
1791257658.6166,O,,,,0.41208,-0.2272,0.3860
1791257658.6175,O,,,,0.41075,-0.2264,0.3863
1791257658.6183,O,,,,0.40811,-0.2260,0.3865
1791257658.5709,R,A,,-67,,,
1791257658.6063,R,C,,-72,,,
1791257658.6072,R,B,,-73,,,
1791257658.6074,R,A,,-75,,,
1791257658.6355,R,A,,-69,,,
1791257658.6437,R,B,,-62,,,
1791257658.6967,O,,,,0.40546,-0.2255,0.3867
1791257658.6977,O,,,,0.40281,-0.2250,0.3870
1791257658.6985,O,,,,0.39884,-0.2243,0.3873
1791257658.6993,O,,,,0.39619,-0.2238,0.3875
1791257658.6817,R,B,,-64,,,
1791257658.6952,R,C,,-69,,,
1791257658.7186,R,A,,-63,,,
1791257658.7323,R,B,,-67,,,
1791257658.7335,R,C,,-79,,,
1791257658.7375,R,A,,-63,,,
1791257658.7768,O,,,,0.39222,-0.2230,0.3878
1791257658.7783,O,,,,0.38825,-0.2218,0.3883
1791257658.7793,O,,,,0.38560,-0.2208,0.3887
1791257658.7802,O,,,,0.38296,-0.2199,0.3891
1791257658.7827,R,B,,-64,,,
1791257658.8513,O,,,,0.37898,-0.2186,0.3896
1791257658.8523,O,,,,0.37501,-0.2174,0.3901
1791257658.8531,O,,,,0.37104,-0.2162,0.3905
1791257658.8538,O,,,,0.36707,-0.2149,0.3910
1791257658.8207,R,A,,-63,,,
1791257658.8328,R,B,,-68,,,
1791257658.8513,R,C,,-68,,,
1791257658.8681,R,B,,-68,,,
1791257658.8773,R,C,,-70,,,
1791257658.9185,R,A,,-66,,,
1791257658.9321,O,,,,0.36310,-0.2132,0.3917
1791257658.9334,O,,,,0.36045,-0.2112,0.3924
1791257658.9342,O,,,,0.35781,-0.2097,0.3930
1791257658.9350,O,,,,0.35251,-0.2077,0.3937
1791257658.9323,R,B,,-65,,,
1791257658.9524,R,C,,-77,,,
1791257658.9617,R,A,,-71,,,
1791257658.9619,R,C,,-76,,,
1791257659.0085,O,,,,0.34854,-0.2060,0.3944
1791257659.0098,O,,,,0.34457,-0.2038,0.3952
1791257659.0110,O,,,,0.33928,-0.2013,0.3961
1791257659.0122,O,,,,0.33530,-0.1990,0.3968
1791257658.9745,R,B,,-73,,,
1791257659.0037,R,A,,-67,,,
1791257659.0094,R,B,,-70,,,
1791257659.0115,R,C,,-68,,,
1791257659.0412,R,C,,-69,,,
1791257659.0478,R,B,,-62,,,
1791257659.0574,R,A,,-65,,,
1791257659.0806,O,,,,0.33001,-0.1965,0.3977
1791257659.0819,O,,,,0.32472,-0.1940,0.3986
1791257659.0834,O,,,,0.31810,-0.1912,0.3995
1791257659.1099,R,C,,-67,,,
1791257659.1186,R,A,,-62,,,
1791257659.1571,O,,,,0.31413,-0.1885,0.4004
1791257659.1580,O,,,,0.30883,-0.1855,0.4014
1791257659.1588,O,,,,0.30354,-0.1824,0.4023
1791257659.1595,O,,,,0.29692,-0.1791,0.4033
1791257659.1275,R,B,,-60,,,
1791257659.1344,R,C,,-63,,,
1791257659.1347,R,A,,-62,,,
1791257659.1769,R,B,,-63,,,
1791257659.1823,R,C,,-68,,,
1791257659.1833,R,A,,-66,,,
1791257659.2371,O,,,,0.29162,-0.1761,0.4043
1791257659.2381,O,,,,0.28501,-0.1728,0.4052
1791257659.2389,O,,,,0.28103,-0.1695,0.4062
1791257659.2397,O,,,,0.27574,-0.1664,0.4071
1791257659.2208,R,B,,-61,,,
1791257659.2446,R,C,,-66,,,
1791257659.2616,R,C,,-62,,,
1791257659.2618,R,A,,-62,,,
1791257659.2620,R,B,,-63,,,
1791257659.3127,O,,,,0.27045,-0.1629,0.4081
1791257659.3136,O,,,,0.26647,-0.1596,0.4090
1791257659.3144,O,,,,0.26250,-0.1562,0.4099
1791257659.3151,O,,,,0.25853,-0.1524,0.4109
1791257659.3098,R,C,,-57,,,
1791257659.3101,R,A,,-65,,,
1791257659.3602,R,C,,-65,,,
1791257659.3649,R,A,,-71,,,
1791257659.3659,R,B,,-66,,,
1791257659.3913,O,,,,0.25324,-0.1488,0.4118
1791257659.3923,O,,,,0.24927,-0.1450,0.4128
1791257659.3931,O,,,,0.24397,-0.1414,0.4137
1791257659.3938,O,,,,0.24000,-0.1375,0.4147
1791257659.3994,R,C,,-61,,,
1791257659.3999,R,B,,-65,,,
1791257659.4187,R,A,,-71,,,
1791257659.4664,O,,,,0.23471,-0.1334,0.4157
1791257659.4678,O,,,,0.22941,-0.1293,0.4167
1791257659.4695,O,,,,0.22544,-0.1254,0.4175
1791257659.4709,O,,,,0.22279,-0.1213,0.4185
1791257659.4485,R,A,,-67,,,
1791257659.4598,R,B,,-67,,,
1791257659.4615,R,C,,-62,,,
1791257659.5117,R,C,,-63,,,
1791257659.5187,R,A,,-68,,,
1791257659.5461,O,,,,0.21882,-0.1174,0.4194
1791257659.5472,O,,,,0.21353,-0.1133,0.4203
1791257659.5481,O,,,,0.20823,-0.1091,0.4212
1791257659.5488,O,,,,0.20426,-0.1047,0.4221
1791257659.5285,R,B,,-65,,,
1791257659.5312,R,B,,-63,,,
1791257659.5609,R,C,,-63,,,
1791257659.5612,R,A,,-69,,,
1791257659.6217,O,,,,0.20029,-0.1008,0.4229
1791257659.5813,R,C,,-68,,,
1791257659.5817,R,B,,-65,,,
1791257659.6016,R,A,,-67,,,
1791257659.6180,R,B,,-66,,,
1791257659.6227,O,,,,0.19764,-0.0967,0.4237
1791257659.6233,O,,,,0.19367,-0.0928,0.4245
1791257659.6615,R,C,,-66,,,
1791257659.6688,R,A,,-65,,,
1791257659.6970,O,,,,0.19103,-0.0886,0.4253
1791257659.6984,O,,,,0.18838,-0.0845,0.4261
1791257659.6992,O,,,,0.18573,-0.0803,0.4269
1791257659.6999,O,,,,0.18176,-0.0764,0.4276
1791257659.6825,R,B,,-63,,,
1791257659.6951,R,C,,-64,,,
1791257659.7205,R,C,,-57,,,
1791257659.7208,R,B,,-57,,,
1791257659.7209,R,A,,-66,,,
1791257659.7682,R,A,,-64,,,
1791257659.7713,O,,,,0.17911,-0.0722,0.4284
1791257659.7721,O,,,,0.17647,-0.0681,0.4291
1791257659.7729,O,,,,0.17514,-0.0641,0.4298
1791257659.7736,O,,,,0.17249,-0.0600,0.4305
1791257659.7742,R,C,,-78,,,
1791257659.7743,R,B,,-67,,,
1791257659.8512,O,,,,0.16852,-0.0561,0.4312
1791257659.8522,O,,,,0.16588,-0.0519,0.4319
1791257659.8529,O,,,,0.16455,-0.0480,0.4326
1791257659.8539,O,,,,0.16191,-0.0438,0.4333
1791257659.8205,R,A,,-70,,,
1791257659.8323,R,B,,-64,,,
1791257659.8615,R,C,,-68,,,
1791257659.8646,R,B,,-61,,,
1791257659.8702,R,A,,-65,,,
1791257659.8949,R,C,,-61,,,
1791257659.9068,R,B,,-62,,,
1791257659.9087,R,A,,-60,,,
1791257659.9110,R,C,,-57,,,
1791257659.9262,O,,,,0.16058,-0.0399,0.4339
1791257659.9275,O,,,,0.15793,-0.0357,0.4346
1791257659.9285,O,,,,0.15529,-0.0315,0.4352
1791257659.9295,O,,,,0.15396,-0.0276,0.4358
1791257659.9544,R,C,,-67,,,
1791257659.9547,R,A,,-63,,,
1791257659.9551,R,B,,-62,,,
1791257660.0126,O,,,,0.14999,-0.0237,0.4364
1791257660.0136,O,,,,0.14734,-0.0195,0.4371
1791257660.0144,O,,,,0.14602,-0.0155,0.4377
1791257660.0174,O,,,,0.14337,-0.0113,0.4383
1791257660.0054,R,A,,-61,,,
1791257660.0100,R,B,,-60,,,
1791257660.0110,R,C,,-65,,,
1791257660.0514,R,B,,-62,,,
1791257660.0617,R,C,,-56,,,
1791257660.0763,O,,,,0.14073,-0.0072,0.4389
1791257660.0773,O,,,,0.13940,-0.0032,0.4394
1791257660.0780,O,,,,0.13676,0.0010,0.4400
1791257660.0703,R,A,,-60,,,
1791257660.0949,R,A,,-61,,,
1791257660.0995,R,C,,-66,,,
1791257660.1128,R,B,,-61,,,
1791257660.1516,O,,,,0.13411,0.0052,0.4406
1791257660.1526,O,,,,0.13146,0.0094,0.4411
1791257660.1537,O,,,,0.12881,0.0136,0.4417
1791257660.1545,O,,,,0.12749,0.0175,0.4422
1791257660.1612,R,C,,-61,,,
1791257660.1705,R,A,,-61,,,
1791257660.1823,R,B,,-60,,,
1791257660.2021,R,C,,-52,,,
1791257660.2023,R,A,,-60,,,
1791257660.2318,O,,,,0.12484,0.0217,0.4427
1791257660.2327,O,,,,0.12220,0.0254,0.4432
1791257660.2335,O,,,,0.11955,0.0296,0.4437
1791257660.2342,O,,,,0.11690,0.0338,0.4442
1791257660.2328,R,B,,-63,,,
1791257660.2473,R,C,,-60,,,
1791257660.2492,R,A,,-61,,,
1791257660.3113,O,,,,0.11558,0.0377,0.4446
1791257660.3123,O,,,,0.11293,0.0420,0.4451
1791257660.3131,O,,,,0.11028,0.0462,0.4456
1791257660.3139,O,,,,0.10764,0.0504,0.4461
1791257660.3189,R,A,,-61,,,
1791257660.3226,R,B,,-62,,,
1791257660.3228,R,C,,-56,,,
1791257660.3602,R,B,,-68,,,
1791257660.3614,R,A,,-61,,,
1791257660.3616,R,C,,-58,,,
1791257660.3863,O,,,,0.10631,0.0543,0.4465
1791257660.3874,O,,,,0.10234,0.0583,0.4469
1791257660.3883,O,,,,0.09969,0.0625,0.4473
1791257660.3892,O,,,,0.09837,0.0664,0.4477
1791257660.4098,R,C,,-64,,,
1791257660.4106,R,A,,-63,,,
1791257660.4666,O,,,,0.09572,0.0706,0.4481
1791257660.4675,O,,,,0.09440,0.0746,0.4485
1791257660.4683,O,,,,0.09175,0.0788,0.4489
1791257660.4691,O,,,,0.08910,0.0830,0.4493
1791257660.4324,R,B,,-68,,,
1791257660.4612,R,C,,-62,,,
1791257660.4686,R,A,,-64,,,
1791257660.4829,R,B,,-70,,,
1791257660.5117,R,C,,-57,,,
1791257660.5128,R,B,,-70,,,
1791257660.5142,R,A,,-59,,,
1791257660.5485,O,,,,0.08513,0.0870,0.4496
1791257660.5493,O,,,,0.08381,0.0910,0.4500
1791257660.5501,O,,,,0.08116,0.0952,0.4503
1791257660.5509,O,,,,0.07984,0.0991,0.4506
1791257660.5544,R,C,,-64,,,
1791257660.5546,R,A,,-62,,,
1791257660.5582,R,B,,-68,,,
1791257660.6122,O,,,,0.07851,0.1036,0.4510
1791257660.6133,O,,,,0.07719,0.1076,0.4513
1791257660.6141,O,,,,0.07587,0.1115,0.4516
1791257660.6111,R,C,,-60,,,
1791257660.6129,R,B,,-64,,,
1791257660.6133,R,A,,-61,,,
1791257660.6460,R,B,,-71,,,
1791257660.6470,R,C,,-55,,,
1791257660.6640,R,A,,-56,,,
1791257660.6912,O,,,,0.07587,0.1158,0.4519
1791257660.6921,O,,,,0.07587,0.1200,0.4522
1791257660.6928,O,,,,0.07454,0.1239,0.4525
1791257660.6936,O,,,,0.07454,0.1282,0.4529
1791257660.6853,R,A,,-63,,,
1791257660.6888,R,C,,-61,,,
1791257660.7324,R,B,,-70,,,
1791257660.7611,R,C,,-62,,,
1791257660.7687,R,A,,-61,,,
1791257660.7714,O,,,,0.07454,0.1324,0.4532
1791257660.7727,O,,,,0.07322,0.1363,0.4535
1791257660.7735,O,,,,0.07322,0.1406,0.4538
1791257660.7743,O,,,,0.07322,0.1448,0.4541
1791257660.7829,R,B,,-74,,,
1791257660.8065,R,A,,-60,,,
1791257660.8096,R,C,,-61,,,
1791257660.8464,O,,,,0.07322,0.1490,0.4544
1791257660.8474,O,,,,0.07322,0.1527,0.4547
1791257660.8483,O,,,,0.07322,0.1569,0.4550
1791257660.8491,O,,,,0.07322,0.1612,0.4553
1791257660.8286,R,B,,-71,,,
1791257660.8289,R,A,,-67,,,
1791257660.8291,R,C,,-65,,,
1791257660.8685,R,A,,-66,,,
1791257660.8826,R,B,,-67,,,
1791257660.8935,R,C,,-62,,,
1791257660.9126,R,B,,-66,,,
1791257660.9268,O,,,,0.07322,0.1654,0.4556
1791257660.9277,O,,,,0.07454,0.1694,0.4559
1791257660.9285,O,,,,0.07322,0.1733,0.4562
1791257660.9293,O,,,,0.07322,0.1775,0.4565
1791257660.9203,R,A,,-65,,,
1791257660.9558,R,B,,-70,,,
1791257660.9575,R,C,,-57,,,
1791257660.9591,R,A,,-61,,,
1791257661.0016,O,,,,0.07322,0.1818,0.4568
1791257661.0025,O,,,,0.07322,0.1860,0.4571
1791257661.0033,O,,,,0.07454,0.1899,0.4574
1791257661.0041,O,,,,0.07322,0.1939,0.4577
1791257661.0112,R,C,,-63,,,
1791257661.0208,R,A,,-67,,,
1791257661.0334,R,B,,-72,,,
1791257661.0465,R,B,,-64,,,
1791257661.0618,R,C,,-64,,,
1791257661.0765,O,,,,0.07322,0.1981,0.4580
1791257661.0775,O,,,,0.07322,0.2024,0.4583
1791257661.0786,O,,,,0.07322,0.2066,0.4586
1791257661.0703,R,A,,-63,,,
1791257661.0869,R,C,,-61,,,
1791257661.0871,R,A,,-56,,,
1791257661.1523,O,,,,0.07322,0.2108,0.4589
1791257661.1533,O,,,,0.07322,0.2145,0.4592
1791257661.1542,O,,,,0.07190,0.2190,0.4595
1791257661.1550,O,,,,0.07322,0.2229,0.4598
1791257661.1313,R,B,,-69,,,
1791257661.1410,R,C,,-63,,,
1791257661.1413,R,A,,-64,,,
1791257661.1824,R,B,,-67,,,
1791257661.2092,R,A,,-60,,,
1791257661.2111,R,C,,-60,,,
1791257661.2181,R,B,,-66,,,
1791257661.2272,O,,,,0.07322,0.2272,0.4601
1791257661.2308,O,,,,0.07322,0.2314,0.4604
1791257661.2317,O,,,,0.07454,0.2354,0.4607
1791257661.2327,O,,,,0.07322,0.2393,0.4610
1791257661.2208,R,A,,-57,,,
1791257661.2449,R,C,,-55,,,
1791257661.2596,R,C,,-55,,,
1791257661.2599,R,A,,-56,,,
1791257661.3074,O,,,,0.07322,0.2435,0.4613
1791257661.3085,O,,,,0.07322,0.2478,0.4616
1791257661.3095,O,,,,0.07454,0.2517,0.4619
1791257661.3103,O,,,,0.07454,0.2560,0.4623
1791257661.2822,R,B,,-67,,,
1791257661.3078,R,C,,-61,,,
1791257661.3079,R,A,,-59,,,
1791257661.3328,R,B,,-69,,,
1791257661.3612,R,C,,-61,,,
1791257661.3682,R,A,,-57,,,
1791257661.3861,O,,,,0.07322,0.2599,0.4626
1791257661.3870,O,,,,0.07322,0.2641,0.4629
1791257661.3880,O,,,,0.07322,0.2684,0.4632
1791257661.3887,O,,,,0.07454,0.2723,0.4635
1791257661.3805,R,B,,-70,,,
1791257661.4117,R,C,,-56,,,
1791257661.4612,O,,,,0.07454,0.2765,0.4638
1791257661.4621,O,,,,0.07587,0.2805,0.4641
1791257661.4629,O,,,,0.07587,0.2847,0.4644
1791257661.4641,O,,,,0.07719,0.2887,0.4647
1791257661.4202,R,A,,-56,,,
1791257661.4403,R,A,,-64,,,
1791257661.4471,R,C,,-67,,,
1791257661.4701,R,B,,-69,,,
1791257661.4889,R,C,,-62,,,
1791257661.4891,R,A,,-65,,,
1791257661.4896,R,B,,-67,,,
1791257661.5466,O,,,,0.07851,0.2926,0.4650
1791257661.5476,O,,,,0.08116,0.2969,0.4653
1791257661.5484,O,,,,0.08116,0.3011,0.4657
1791257661.5492,O,,,,0.08381,0.3053,0.4660
1791257661.5576,R,B,,-72,,,
1791257661.5588,R,C,,-64,,,
1791257661.6110,O,,,,0.08646,0.3095,0.4664
1791257661.6120,O,,,,0.08778,0.3135,0.4667
1791257661.6127,O,,,,0.09043,0.3177,0.4671
1791257661.5702,R,A,,-62,,,
1791257661.5819,R,C,,-72,,,
1791257661.5822,R,B,,-73,,,
1791257661.6110,R,A,,-69,,,
1791257661.6267,R,B,,-77,,,
1791257661.6406,R,C,,-67,,,
1791257661.6679,R,A,,-67,,,
1791257661.6864,O,,,,0.09307,0.3219,0.4675
1791257661.6878,O,,,,0.09440,0.3259,0.4679
1791257661.6887,O,,,,0.09572,0.3298,0.4683
1791257661.6895,O,,,,0.09572,0.3340,0.4687
1791257661.6707,R,A,,-66,,,
1791257661.6708,R,B,,-66,,,
1791257661.7111,R,C,,-64,,,
1791257661.7133,R,B,,-73,,,
1791257661.7663,O,,,,0.09572,0.3383,0.4691
1791257661.7673,O,,,,0.09440,0.3422,0.4694
1791257661.7681,O,,,,0.09440,0.3464,0.4698
1791257661.7689,O,,,,0.09175,0.3506,0.4702
1791257661.7203,R,A,,-64,,,
1791257661.7589,R,A,,-66,,,
1791257661.7593,R,C,,-65,,,
1791257661.7594,R,B,,-75,,,
1791257661.8038,R,C,,-72,,,
1791257661.8046,R,B,,-80,,,
1791257661.8539,O,,,,0.09175,0.3549,0.4706
1791257661.8548,O,,,,0.08910,0.3591,0.4710
1791257661.8555,O,,,,0.08646,0.3633,0.4714
1791257661.8563,O,,,,0.08381,0.3675,0.4717
1791257661.8206,R,A,,-66,,,
1791257661.8472,R,B,,-76,,,
1791257661.8612,R,C,,-68,,,
1791257661.8657,R,A,,-71,,,
1791257661.8869,R,C,,-64,,,
1791257661.9212,O,,,,0.08116,0.3717,0.4721
1791257661.9221,O,,,,0.07851,0.3760,0.4724
1791257661.9229,O,,,,0.07587,0.3802,0.4728
1791257661.9236,O,,,,0.07322,0.3844,0.4731
1791257661.9201,R,A,,-78,,,
1791257661.9324,R,B,,-69,,,
1791257661.9611,R,C,,-63,,,
1791257662.0013,O,,,,0.07057,0.3886,0.4734
1791257662.0024,O,,,,0.06793,0.3929,0.4737
1791257662.0032,O,,,,0.06395,0.3968,0.4739
1791257662.0040,O,,,,0.06263,0.4013,0.4742
1791257661.9703,R,A,,-69,,,
1791257661.9810,R,C,,-82,,,
1791257661.9811,R,B,,-70,,,
1791257662.0017,R,A,,-64,,,
1791257662.0233,R,B,,-79,,,
1791257662.0587,R,C,,-66,,,
1791257662.0619,R,A,,-67,,,
1791257662.0669,R,A,,-68,,,
1791257662.0710,O,,,,0.06131,0.4053,0.4745
1791257662.0723,O,,,,0.06131,0.4095,0.4747
1791257662.0732,O,,,,0.05998,0.4135,0.4750
1791257662.0740,R,B,,-71,,,
1791257662.1070,R,C,,-66,,,
1791257662.1087,R,A,,-67,,,
1791257662.1097,R,C,,-68,,,
1791257662.1184,R,B,,-71,,,
1791257662.1459,O,,,,0.06131,0.4180,0.4752
1791257662.1468,O,,,,0.06131,0.4222,0.4755
1791257662.1476,O,,,,0.06395,0.4264,0.4758
1791257662.1485,O,,,,0.06528,0.4304,0.4760
1791257662.1572,R,C,,-64,,,
1791257662.1689,R,A,,-63,,,
1791257662.1797,R,B,,-73,,,
1791257662.2043,R,B,,-69,,,
1791257662.2056,R,C,,-70,,,
1791257662.2072,R,A,,-64,,,
1791257662.2259,O,,,,0.06660,0.4349,0.4763
1791257662.2272,O,,,,0.06925,0.4386,0.4766
1791257662.2281,O,,,,0.07057,0.4425,0.4768
1791257662.2288,O,,,,0.07322,0.4468,0.4771
1791257662.2502,R,C,,-69,,,
1791257662.2507,R,A,,-102,,,
1791257662.2511,R,B,,-78,,,
1791257662.3073,O,,,,0.07587,0.4510,0.4775
1791257662.3083,O,,,,0.07984,0.4549,0.4778
1791257662.3094,O,,,,0.08381,0.4589,0.4781
1791257662.3105,O,,,,0.08910,0.4631,0.4785
1791257662.3110,R,B,,-66,,,
1791257662.3202,R,A,,-62,,,
1791257662.3464,R,C,,-73,,,
1791257662.3569,R,B,,-65,,,
1791257662.3809,O,,,,0.09440,0.4673,0.4788
1791257662.3819,O,,,,0.10102,0.4713,0.4792
1791257662.3827,O,,,,0.10499,0.4752,0.4796
1791257662.3837,O,,,,0.10896,0.4792,0.4801
1791257662.3878,R,C,,-70,,,
1791257662.3946,R,A,,-65,,,
1791257662.4610,O,,,,0.11293,0.4831,0.4805
1791257662.4623,O,,,,0.11690,0.4871,0.4810
1791257662.4632,O,,,,0.12087,0.4910,0.4814
1791257662.4639,O,,,,0.12220,0.4950,0.4819
1791257662.4315,R,B,,-72,,,
1791257662.4350,R,C,,-70,,,
1791257662.4362,R,A,,-65,,,
1791257662.4748,R,C,,-67,,,
1791257662.4788,R,B,,-68,,,
1791257662.4791,R,A,,-72,,,
1791257662.5366,O,,,,0.12617,0.4989,0.4824
1791257662.5377,O,,,,0.13014,0.5028,0.4829
1791257662.5387,O,,,,0.13278,0.5065,0.4834
1791257662.5395,O,,,,0.13543,0.5107,0.4840
1791257662.5202,R,A,,-86,,,
1791257662.5297,R,B,,-67,,,
1791257662.6065,O,,,,0.13808,0.5144,0.4845
1791257662.6075,O,,,,0.14073,0.5181,0.4850
1791257662.6084,O,,,,0.14205,0.5220,0.4855
1791257662.5706,R,A,,-69,,,
1791257662.5727,R,C,,-67,,,
1791257662.5727,R,B,,-65,,,
1791257662.6106,R,B,,-69,,,
1791257662.6205,R,A,,-63,,,
1791257662.6619,R,C,,-66,,,
1791257662.6870,O,,,,0.14337,0.5259,0.4861
1791257662.6884,O,,,,0.14337,0.5296,0.4866
1791257662.6894,O,,,,0.14205,0.5335,0.4872
1791257662.6904,O,,,,0.14073,0.5374,0.4878
1791257662.6704,R,A,,-71,,,
1791257662.6825,R,B,,-71,,,
1791257662.7040,R,B,,-67,,,
1791257662.7095,R,A,,-70,,,
1791257662.7118,R,C,,-73,,,
1791257662.7618,O,,,,0.13808,0.5411,0.4883
1791257662.7628,O,,,,0.13543,0.5448,0.4888
1791257662.7636,O,,,,0.13146,0.5487,0.4893
1791257662.7644,O,,,,0.12617,0.5524,0.4898
1791257662.7422,R,C,,-64,,,
1791257662.7564,R,B,,-70,,,
1791257662.7706,R,A,,-66,,,
1791257662.8054,R,C,,-66,,,
1791257662.8057,R,A,,-69,,,
1791257662.8420,O,,,,0.12087,0.5561,0.4902
1791257662.8431,O,,,,0.11558,0.5598,0.4907
1791257662.8503,O,,,,0.11028,0.5634,0.4911
1791257662.8511,O,,,,0.10499,0.5671,0.4915
1791257662.9208,O,,,,0.09837,0.5706,0.4918
1791257662.8830,R,B,,-79,,,
1791257662.8889,R,C,,-58,,,
1791257662.9225,O,,,,0.09307,0.5737,0.4922
1791257662.9233,O,,,,0.08778,0.5769,0.4924
1791257662.9241,O,,,,0.08381,0.5798,0.4927
1791257662.9203,R,A,,-61,,,
1791257662.9208,R,C,,-63,,,
1791257662.9336,R,B,,-79,,,
1791257662.9998,O,,,,0.07851,0.5829,0.4929
1791257663.0006,O,,,,0.07454,0.5853,0.4931
1791257663.0014,O,,,,0.07190,0.5880,0.4933
1791257663.0022,O,,,,0.06925,0.5906,0.4935
1791257662.9709,R,B,,-73,,,
1791257662.9712,R,A,,-56,,,
1791257662.9713,R,C,,-58,,,
1791257663.0674,O,,,,0.06660,0.5932,0.4937
1791257663.0687,O,,,,0.06528,0.5956,0.4938
1791257663.0699,O,,,,0.06528,0.5977,0.4940
1791257663.0236,R,C,,-56,,,
1791257663.0238,R,B,,-67,,,
1791257663.0611,R,C,,-57,,,
1791257663.0706,R,A,,-54,,,
1791257663.1003,R,B,,-68,,,
1791257663.1111,R,C,,-61,,,
1791257663.1470,O,,,,0.06395,0.6001,0.4941
1791257663.1484,O,,,,0.06528,0.6025,0.4943
1791257663.1564,O,,,,0.06660,0.6049,0.4944
1791257663.1572,O,,,,0.06793,0.6067,0.4946
1791257663.1211,R,A,,-63,,,
1791257663.1450,R,A,,-65,,,
1791257663.1608,R,C,,-58,,,
1791257663.1658,R,B,,-66,,,
1791257663.1946,R,C,,-53,,,
1791257663.2046,R,B,,-75,,,
1791257663.2061,R,A,,-64,,,
1791257663.2215,O,,,,0.07057,0.6088,0.4947
1791257663.2223,O,,,,0.07322,0.6109,0.4949
1791257663.2231,O,,,,0.07719,0.6133,0.4950
1791257663.2240,O,,,,0.08116,0.6152,0.4952
1791257663.2548,R,C,,-66,,,
1791257663.2550,R,A,,-65,,,
1791257663.3014,O,,,,0.08646,0.6173,0.4954
1791257663.3023,O,,,,0.09175,0.6194,0.4956
1791257663.3031,O,,,,0.09705,0.6215,0.4958
1791257663.3038,O,,,,0.10102,0.6233,0.4959
1791257663.2815,R,C,,-61,,,
1791257663.2826,R,B,,-62,,,
1791257663.2827,R,A,,-62,,,
1791257663.3856,O,,,,0.10764,0.6252,0.4961
1791257663.3866,O,,,,0.11293,0.6273,0.4964
1791257663.3874,O,,,,0.11955,0.6291,0.4966
1791257663.3883,O,,,,0.12484,0.6312,0.4968
1791257663.3759,R,B,,-73,,,
1791257663.3762,R,C,,-64,,,
1791257663.3939,R,A,,-67,,,
1791257663.4179,R,A,,-67,,,
1791257663.4571,O,,,,0.13146,0.6331,0.4971
1791257663.4580,O,,,,0.13940,0.6352,0.4974
1791257663.4588,O,,,,0.14602,0.6370,0.4976
1791257663.4595,O,,,,0.15396,0.6386,0.4979
1791257663.4322,R,B,,-65,,,
1791257663.4330,R,C,,-61,,,
1791257663.4641,R,A,,-65,,,
1791257663.4821,R,B,,-64,,,
1791257663.5115,R,B,,-71,,,
1791257663.5268,O,,,,0.16191,0.6407,0.4982
1791257663.5279,O,,,,0.16852,0.6425,0.4985
1791257663.5287,O,,,,0.17514,0.6443,0.4988
1791257663.5203,R,A,,-62,,,
1791257663.5583,R,C,,-61,,,
1791257663.5592,R,A,,-68,,,
1791257663.5595,R,B,,-67,,,
1791257663.6067,O,,,,0.18441,0.6461,0.4992
1791257663.6077,O,,,,0.19103,0.6480,0.4995
1791257663.6086,O,,,,0.19897,0.6495,0.4998
1791257663.6093,O,,,,0.20823,0.6513,0.5002
1791257663.6042,R,C,,-60,,,
1791257663.6044,R,A,,-67,,,
1791257663.6302,R,B,,-71,,,
1791257663.6504,R,B,,-73,,,
1791257663.6613,R,C,,-51,,,
1791257663.6632,R,A,,-63,,,
1791257663.6825,O,,,,0.21485,0.6531,0.5006
1791257663.6834,O,,,,0.22279,0.6547,0.5009
1791257663.6842,O,,,,0.23206,0.6565,0.5013
1791257663.6849,O,,,,0.24000,0.6580,0.5017
1791257663.6903,R,C,,-61,,,
1791257663.7135,R,A,,-73,,,
1791257663.7614,O,,,,0.24794,0.6596,0.5021
1791257663.7625,O,,,,0.25721,0.6614,0.5026
1791257663.7633,O,,,,0.26515,0.6629,0.5030
1791257663.7641,O,,,,0.27309,0.6644,0.5034
1791257663.7327,R,B,,-69,,,
1791257663.7460,R,B,,-69,,,
1791257663.7461,R,C,,-58,,,
1791257663.7707,R,A,,-78,,,
1791257663.7885,R,B,,-85,,,
1791257663.7948,R,C,,-50,,,
1791257663.7950,R,A,,-70,,,
1791257663.8418,O,,,,0.28103,0.6660,0.5038
1791257663.8432,O,,,,0.29030,0.6677,0.5043
1791257663.8445,O,,,,0.29824,0.6693,0.5048
1791257663.8452,O,,,,0.30618,0.6708,0.5053
1791257663.8326,R,B,,-78,,,
1791257663.8501,R,C,,-58,,,
1791257663.8515,R,A,,-81,,,
1791257663.9214,O,,,,0.31545,0.6726,0.5058
1791257663.8803,R,B,,-75,,,
1791257663.9107,R,C,,-55,,,
1791257663.9191,R,A,,-72,,,
1791257663.9225,O,,,,0.32339,0.6741,0.5063
1791257663.9232,O,,,,0.33133,0.6756,0.5069
1791257663.9240,O,,,,0.33928,0.6771,0.5074
1791257663.9331,R,B,,-80,,,
1791257663.9404,R,A,,-71,,,
1791257663.9406,R,C,,-52,,,
1791257663.9967,O,,,,0.34854,0.6788,0.5080
1791257663.9977,O,,,,0.35648,0.6803,0.5085
1791257663.9985,O,,,,0.36442,0.6818,0.5091
1791257663.9993,O,,,,0.37369,0.6835,0.5098
1791257663.9835,R,B,,-71,,,
1791257663.9888,R,C,,-57,,,
1791257664.0675,O,,,,0.38163,0.6850,0.5104
1791257664.0684,O,,,,0.38957,0.6865,0.5110
1791257664.0693,O,,,,0.39884,0.6882,0.5117
1791257664.0208,R,A,,-70,,,
1791257664.0330,R,B,,-79,,,
1791257664.0349,R,C,,-56,,,
1791257664.0629,R,B,,-78,,,
1791257664.1069,R,C,,-52,,,
1791257664.1079,R,A,,-83,,,
1791257664.1418,O,,,,0.40811,0.6894,0.5122
1791257664.1428,O,,,,0.41737,0.6906,0.5127
1791257664.1436,O,,,,0.42796,0.6920,0.5134
1791257664.1443,O,,,,0.43987,0.6928,0.5137
1791257664.1326,R,B,,-67,,,
1791257664.1532,R,B,,-68,,,
1791257664.1533,R,A,,-70,,,
1791257664.1536,R,C,,-62,,,
1791257664.1944,R,C,,-61,,,
1791257664.1946,R,A,,-68,,,
1791257664.2215,O,,,,0.45179,0.6935,0.5140
1791257664.2230,O,,,,0.46502,0.6944,0.5145
1791257664.2239,O,,,,0.47958,0.6947,0.5146
1791257664.2247,O,,,,0.49414,0.6954,0.5150
1791257664.2204,R,B,,-66,,,
1791257664.2401,R,C,,-54,,,
1791257664.2618,R,B,,-67,,,
1791257664.2974,O,,,,0.50870,0.6956,0.5151
1791257664.2987,O,,,,0.52459,0.6956,0.5151
1791257664.2998,O,,,,0.54047,0.6961,0.5154
1791257664.3007,O,,,,0.55636,0.6961,0.5154
1791257664.2703,R,A,,-73,,,
1791257664.2819,R,C,,-63,,,
1791257664.2822,R,B,,-68,,,
1791257664.2832,R,A,,-68,,,
1791257664.3264,R,B,,-65,,,
1791257664.3525,R,C,,-60,,,
1791257664.3526,R,A,,-67,,,
1791257664.3767,O,,,,0.57092,0.6963,0.5155
1791257664.3776,O,,,,0.58680,0.6963,0.5155
1791257664.3785,O,,,,0.60401,0.6965,0.5157
1791257664.3793,O,,,,0.61989,0.6965,0.5157
1791257664.3736,R,C,,-55,,,
1791257664.3829,R,B,,-65,,,
1791257664.3999,R,A,,-71,,,
1791257664.4538,O,,,,0.63577,0.6965,0.5157
1791257664.4552,O,,,,0.65298,0.6963,0.5155
1791257664.4559,O,,,,0.66887,0.6963,0.5155
1791257664.4567,O,,,,0.68607,0.6965,0.5157
1791257664.4321,R,B,,-77,,,
1791257664.4538,R,A,,-81,,,
1791257664.4540,R,C,,-66,,,
1791257664.4659,R,B,,-78,,,
1791257664.4702,R,A,,-76,,,
1791257664.4895,R,C,,-61,,,
1791257664.5148,R,A,,-68,,,
1791257664.5152,R,B,,-71,,,
1791257664.5261,O,,,,0.70328,0.6963,0.5155
1791257664.5271,O,,,,0.71917,0.6963,0.5155
1791257664.5278,O,,,,0.73505,0.6963,0.5155
1791257664.5590,R,B,,-82,,,
1791257664.5599,R,C,,-55,,,
1791257664.6014,O,,,,0.75226,0.6965,0.5157
1791257664.6023,O,,,,0.76814,0.6965,0.5157
1791257664.6031,O,,,,0.78402,0.6965,0.5157
1791257664.6039,O,,,,0.80123,0.6963,0.5155
1791257664.5703,R,A,,-65,,,
1791257664.5993,R,A,,-69,,,
1791257664.6113,R,C,,-61,,,
1791257664.6236,R,B,,-69,,,
1791257664.6428,R,A,,-63,,,
1791257664.6478,R,C,,-60,,,
1791257664.6481,R,B,,-74,,,
1791257664.6818,O,,,,0.81844,0.6965,0.5157
1791257664.6829,O,,,,0.83565,0.6963,0.5155
1791257664.6837,O,,,,0.85153,0.6963,0.5155
1791257664.6845,O,,,,0.86741,0.6963,0.5155
1791257664.6832,R,B,,-75,,,
1791257664.6841,R,C,,-54,,,
1791257664.6844,R,A,,-57,,,
1791257664.7566,O,,,,0.88595,0.6963,0.5155
1791257664.7576,O,,,,0.90183,0.6963,0.5155
1791257664.7586,O,,,,0.91771,0.6963,0.5155
1791257664.7595,O,,,,0.93624,0.6963,0.5155
1791257664.7309,R,B,,-77,,,
1791257664.7317,R,A,,-65,,,
1791257664.7603,R,C,,-64,,,
1791257664.7829,R,B,,-82,,,
1791257664.7876,R,A,,-61,,,
1791257664.7878,R,C,,-62,,,
1791257664.8368,O,,,,0.95213,0.6963,0.5155
1791257664.8381,O,,,,0.96934,0.6962,0.5153
1791257664.8389,O,,,,0.98522,0.6962,0.5153
1791257664.8399,O,,,,1.00243,0.6963,0.5155
1791257664.8306,R,B,,-72,,,
1791257664.8614,R,C,,-60,,,
1791257664.9198,O,,,,1.01964,0.6962,0.5153
1791257664.9208,O,,,,1.03552,0.6962,0.5153
1791257664.8709,R,A,,-56,,,
1791257664.8836,R,B,,-75,,,
1791257664.8839,R,C,,-66,,,
1791257664.9173,R,A,,-60,,,
1791257664.9218,O,,,,1.05273,0.6963,0.5155
1791257664.9226,O,,,,1.06993,0.6962,0.5153
1791257664.9266,R,C,,-61,,,
1791257664.9268,R,B,,-74,,,
1791257664.9666,R,B,,-73,,,
1791257664.9919,O,,,,1.08582,0.6962,0.5153
1791257664.9930,O,,,,1.10170,0.6962,0.5153
1791257664.9938,O,,,,1.11891,0.6963,0.5155
1791257664.9946,O,,,,1.13612,0.6962,0.5153
1791257664.9705,R,A,,-57,,,
1791257664.9719,R,C,,-58,,,
1791257665.0060,R,B,,-74,,,
1791257665.0080,R,A,,-61,,,
1791257665.0114,R,C,,-54,,,
1791257665.0618,O,,,,1.15200,0.6962,0.5153
1791257665.0631,O,,,,1.16921,0.6963,0.5155
1791257665.0639,O,,,,1.18642,0.6962,0.5153
1791257665.0556,R,C,,-64,,,
1791257665.0558,R,A,,-62,,,
1791257665.0828,R,B,,-69,,,
1791257665.1054,R,A,,-62,,,
1791257665.1090,R,B,,-67,,,
1791257665.1422,O,,,,1.20230,0.6962,0.5153
1791257665.1432,O,,,,1.21951,0.6963,0.5155
1791257665.1440,O,,,,1.23672,0.6962,0.5153
1791257665.1448,O,,,,1.25260,0.6962,0.5153
1791257665.1497,R,C,,-54,,,
1791257665.1624,R,B,,-85,,,
1791257665.1651,R,A,,-64,,,
1791257665.2167,O,,,,1.26848,0.6962,0.5153
1791257665.2178,O,,,,1.28569,0.6963,0.5155
1791257665.2186,O,,,,1.30290,0.6962,0.5153
1791257665.2193,O,,,,1.31878,0.6962,0.5153
1791257665.2104,R,C,,-58,,,
1791257665.2105,R,A,,-64,,,
1791257665.2327,R,B,,-86,,,
1791257665.2445,R,A,,-65,,,
1791257665.2614,R,C,,-55,,,
1791257665.2973,O,,,,1.33599,0.6962,0.5155
1791257665.2991,O,,,,1.35320,0.6962,0.5153
1791257665.2998,O,,,,1.36908,0.6962,0.5153
1791257665.3006,O,,,,1.38496,0.6962,0.5153
1791257665.2705,R,B,,-68,,,
1791257665.2882,R,C,,-53,,,
1791257665.2963,R,B,,-71,,,
1791257665.2978,R,A,,-63,,,
1791257665.3518,R,C,,-64,,,
1791257665.3646,R,A,,-69,,,
1791257665.3811,O,,,,1.40350,0.6962,0.5153
1791257665.3821,O,,,,1.41938,0.6962,0.5153
1791257665.3829,O,,,,1.43526,0.6962,0.5153
1791257665.3840,O,,,,1.45115,0.6962,0.5153
1791257665.3823,R,C,,-64,,,
1791257665.3826,R,B,,-72,,,
1791257665.3852,R,A,,-71,,,
1791257665.4517,O,,,,1.46968,0.6962,0.5153
1791257665.4532,O,,,,1.48556,0.6962,0.5153
1791257665.4541,O,,,,1.50145,0.6962,0.5153
1791257665.4548,O,,,,1.51865,0.6962,0.5156
1791257665.4308,R,C,,-58,,,
1791257665.4310,R,B,,-75,,,
1791257665.4319,R,A,,-61,,,
1791257665.4742,R,B,,-77,,,
1791257665.4850,R,C,,-76,,,
1791257665.4852,R,A,,-68,,,
1791257665.5219,O,,,,1.53586,0.6962,0.5153
1791257665.5228,O,,,,1.55175,0.6962,0.5153
1791257665.5236,O,,,,1.56895,0.6962,0.5156
1791257665.5205,R,B,,-77,,,
1791257665.5207,R,A,,-69,,,
1791257665.5209,R,C,,-70,,,
1791257665.5672,R,A,,-69,,,
1791257665.6021,O,,,,1.58484,0.6962,0.5156
1791257665.6032,O,,,,1.60072,0.6962,0.5156
1791257665.6041,O,,,,1.61925,0.6962,0.5156
1791257665.6049,O,,,,1.63514,0.6962,0.5156
1791257665.5710,R,B,,-79,,,
1791257665.5712,R,C,,-64,,,
1791257665.6060,R,B,,-75,,,
1791257665.6081,R,A,,-63,,,
1791257665.6082,R,C,,-66,,,
1791257665.6513,R,A,,-67,,,
1791257665.6614,R,C,,-71,,,
1791257665.6768,O,,,,1.65367,0.6962,0.5156
1791257665.6783,O,,,,1.66955,0.6962,0.5156
1791257665.6838,O,,,,1.68544,0.6962,0.5156
1791257665.6846,O,,,,1.70264,0.6962,0.5158
1791257665.6833,R,B,,-74,,,
1791257665.7065,R,B,,-68,,,
1791257665.7565,O,,,,1.71985,0.6962,0.5156
1791257665.7575,O,,,,1.73573,0.6962,0.5156
1791257665.7583,O,,,,1.75162,0.6962,0.5156
1791257665.7591,O,,,,1.77015,0.6962,0.5156
1791257665.7425,R,B,,-76,,,
1791257665.7433,R,A,,-67,,,
1791257665.7621,R,C,,-61,,,
1791257665.7827,R,B,,-78,,,
1791257665.7917,R,C,,-77,,,
1791257665.7934,R,A,,-67,,,
1791257665.8326,O,,,,1.78603,0.6962,0.5156
1791257665.8335,O,,,,1.80192,0.6962,0.5156
1791257665.8348,O,,,,1.82045,0.6962,0.5156
1791257665.8357,O,,,,1.83633,0.6962,0.5156
1791257665.8254,R,B,,-72,,,
1791257665.8434,R,A,,-63,,,
1791257665.8445,R,C,,-69,,,
1791257665.9195,O,,,,1.85354,0.6963,0.5153
1791257665.9206,O,,,,1.86942,0.6963,0.5153
1791257665.8828,R,B,,-65,,,
1791257665.9112,R,C,,-71,,,
1791257665.9217,O,,,,1.88663,0.6962,0.5156
1791257665.9224,O,,,,1.90252,0.6962,0.5156
1791257665.9203,R,A,,-61,,,
1791257665.9233,R,B,,-75,,,
1791257665.9324,R,C,,-70,,,
1791257665.9326,R,A,,-62,,,
1791257665.9919,O,,,,1.91972,0.6963,0.5153
1791257665.9930,O,,,,1.93693,0.6962,0.5156
1791257665.9937,O,,,,1.95414,0.6963,0.5153
1791257665.9945,O,,,,1.97135,0.6962,0.5156
1791257665.9734,R,B,,-70,,,
1791257665.9735,R,C,,-78,,,
1791257665.9854,R,A,,-61,,,
1791257666.0617,O,,,,1.98723,0.6962,0.5156
1791257666.0627,O,,,,2.00576,0.6962,0.5156
1791257666.0635,O,,,,2.02164,0.6962,0.5156
1791257666.0207,R,A,,-62,,,
1791257666.0327,R,B,,-68,,,
1791257666.0368,R,C,,-85,,,
1791257666.0678,R,B,,-73,,,
1791257666.0707,R,A,,-67,,,
1791257666.0852,R,C,,-74,,,
1791257666.1091,R,C,,-76,,,
1791257666.1368,O,,,,2.03885,0.6961,0.5158
1791257666.1378,O,,,,2.05474,0.6961,0.5158
1791257666.1387,O,,,,2.07194,0.6962,0.5156
1791257666.1395,O,,,,2.08650,0.6961,0.5158
1791257666.1212,R,A,,-66,,,
1791257666.1569,R,C,,-73,,,
1791257666.1576,R,B,,-70,,,
1791257666.2168,O,,,,2.10106,0.6962,0.5156
1791257666.2182,O,,,,2.11695,0.6962,0.5156
1791257666.2189,O,,,,2.13283,0.6962,0.5156
1791257666.2197,O,,,,2.15004,0.6963,0.5153
1791257666.1707,R,A,,-68,,,
1791257666.1987,R,B,,-105,,,
1791257666.2107,R,C,,-62,,,
1791257666.2111,R,A,,-67,,,
1791257666.2483,R,C,,-63,,,
1791257666.2485,R,A,,-62,,,
1791257666.2925,O,,,,2.16592,0.6963,0.5153
1791257666.2935,O,,,,2.18313,0.6962,0.5156
1791257666.2944,O,,,,2.19901,0.6962,0.5156
1791257666.2951,O,,,,2.21357,0.6960,0.5158
1791257666.3114,R,C,,-64,,,
1791257666.3203,R,A,,-64,,,
1791257666.3299,R,B,,-67,,,
1791257666.3327,R,B,,-70,,,
1791257666.3331,R,C,,-58,,,
1791257666.3333,R,A,,-63,,,
1791257666.3722,O,,,,2.22946,0.6960,0.5158
1791257666.3732,O,,,,2.24402,0.6962,0.5156
1791257666.3739,O,,,,2.25990,0.6962,0.5156
1791257666.3747,O,,,,2.27579,0.6962,0.5156
1791257666.3752,R,B,,-78,,,
1791257666.3912,R,C,,-64,,,
1791257666.3915,R,A,,-62,,,
1791257666.4535,O,,,,2.29167,0.6962,0.5156
1791257666.4545,O,,,,2.30491,0.6962,0.5156
1791257666.4553,O,,,,2.32079,0.6962,0.5156
1791257666.4561,O,,,,2.33403,0.6962,0.5156
1791257666.4338,R,B,,-67,,,
1791257666.4508,R,C,,-64,,,
1791257666.5185,O,,,,2.34726,0.6962,0.5156
1791257666.5195,O,,,,2.36050,0.6962,0.5156
1791257666.5203,O,,,,2.37109,0.6962,0.5156
1791257666.4707,R,A,,-62,,,
1791257666.4823,R,B,,-68,,,
1791257666.5114,R,C,,-63,,,
1791257666.5174,R,B,,-72,,,
1791257666.5175,R,C,,-69,,,
1791257666.5202,R,A,,-66,,,
1791257666.5596,R,C,,-68,,,
1791257666.5597,R,B,,-68,,,
1791257666.5599,R,A,,-63,,,
1791257666.5962,O,,,,2.38300,0.6960,0.5157
1791257666.5971,O,,,,2.39492,0.6962,0.5156
1791257666.5979,O,,,,2.40418,0.6960,0.5157
1791257666.5986,O,,,,2.41477,0.6960,0.5157
1791257666.6041,R,A,,-65,,,
1791257666.6043,R,C,,-64,,,
1791257666.6162,R,B,,-68,,,
1791257666.6497,R,A,,-61,,,
1791257666.6577,R,C,,-58,,,
1791257666.6613,R,B,,-69,,,
1791257666.6768,O,,,,2.42536,0.6960,0.5157
1791257666.6779,O,,,,2.43330,0.6960,0.5157
1791257666.6787,O,,,,2.44389,0.6960,0.5157
1791257666.6794,O,,,,2.45316,0.6958,0.5159
1791257666.6955,R,B,,-72,,,
1791257666.6959,R,A,,-68,,,
1791257666.7113,R,C,,-65,,,
1791257666.7518,O,,,,2.46242,0.6960,0.5157
1791257666.7528,O,,,,2.47169,0.6958,0.5159
1791257666.7536,O,,,,2.48095,0.6960,0.5157
1791257666.7544,O,,,,2.48890,0.6960,0.5157
1791257666.7647,R,B,,-65,,,
1791257666.7708,R,A,,-61,,,
1791257666.8129,R,C,,-57,,,
1791257666.8326,O,,,,2.49816,0.6958,0.5159
1791257666.8335,O,,,,2.50610,0.6958,0.5159
1791257666.8343,O,,,,2.51404,0.6958,0.5159
1791257666.8350,O,,,,2.52331,0.6956,0.5161
1791257666.8205,R,A,,-57,,,
1791257666.8305,R,B,,-67,,,
1791257666.8363,R,C,,-66,,,
1791257666.8365,R,A,,-57,,,
1791257666.9112,O,,,,2.53125,0.6956,0.5161
1791257666.9121,O,,,,2.53919,0.6956,0.5161
1791257666.9130,O,,,,2.54714,0.6956,0.5161
1791257666.9138,O,,,,2.55375,0.6954,0.5162
1791257666.8799,R,B,,-66,,,
1791257666.8819,R,C,,-65,,,
1791257666.8822,R,A,,-54,,,
1791257666.8830,R,B,,-66,,,
1791257666.9294,R,B,,-64,,,
1791257666.9296,R,C,,-64,,,
1791257666.9380,R,A,,-55,,,
1791257666.9651,R,B,,-69,,,
1791257666.9863,O,,,,2.56037,0.6951,0.5163
1791257666.9872,O,,,,2.56699,0.6949,0.5165
1791257666.9881,O,,,,2.57493,0.6945,0.5168
1791257666.9889,O,,,,2.58155,0.6942,0.5169
1791257666.9713,R,A,,-57,,,
1791257667.0054,R,C,,-69,,,
1791257667.0061,R,B,,-65,,,
1791257667.0562,O,,,,2.58685,0.6938,0.5172
1791257667.0571,O,,,,2.59346,0.6931,0.5176
1791257667.0579,O,,,,2.60008,0.6924,0.5180
1791257667.0209,R,A,,-60,,,
1791257667.0497,R,A,,-55,,,
1791257667.0500,R,B,,-62,,,
1791257667.0915,R,C,,-62,,,
1791257667.0956,R,B,,-66,,,
1791257667.0970,R,A,,-55,,,
1791257667.1451,O,,,,2.60670,0.6918,0.5184
1791257667.1462,O,,,,2.61332,0.6911,0.5188
1791257667.1469,O,,,,2.61994,0.6899,0.5195
1791257667.1477,O,,,,2.62788,0.6890,0.5200
1791257667.1409,R,C,,-62,,,
1791257667.1661,R,A,,-60,,,
1791257667.1663,R,B,,-62,,,
1791257667.2138,O,,,,2.63450,0.6879,0.5207
1791257667.2151,O,,,,2.64112,0.6867,0.5213
1791257667.2164,O,,,,2.64773,0.6855,0.5219
1791257667.2175,O,,,,2.65435,0.6844,0.5226
1791257667.1893,R,C,,-67,,,
1791257667.1895,R,A,,-59,,,
1791257667.2005,R,B,,-64,,,
1791257667.2615,R,C,,-65,,,
1791257667.2911,O,,,,2.66229,0.6830,0.5233
1791257667.2922,O,,,,2.67024,0.6815,0.5240
1791257667.2931,O,,,,2.67818,0.6801,0.5247
1791257667.2939,O,,,,2.68612,0.6782,0.5257
1791257667.2703,R,A,,-61,,,
1791257667.2828,R,B,,-67,,,
1791257667.2900,R,C,,-66,,,
1791257667.2903,R,A,,-63,,,
1791257667.3677,O,,,,2.69274,0.6766,0.5265
1791257667.3687,O,,,,2.70068,0.6746,0.5274
1791257667.3695,O,,,,2.70465,0.6725,0.5284
1791257667.3704,O,,,,2.70995,0.6701,0.5295
1791257667.3333,R,B,,-76,,,
1791257667.3390,R,C,,-62,,,
1791257667.3405,R,A,,-57,,,
1791257667.3773,R,B,,-65,,,
1791257667.3832,R,C,,-57,,,
1791257667.4084,R,A,,-58,,,
1791257667.4156,R,B,,-68,,,
1791257667.4463,O,,,,2.71392,0.6674,0.5307
1791257667.4476,O,,,,2.71789,0.6648,0.5319
1791257667.4485,O,,,,2.72186,0.6617,0.5334
1791257667.4493,O,,,,2.72583,0.6585,0.5348
1791257667.4208,R,A,,-58,,,
1791257667.4420,R,C,,-69,,,
1791257667.4597,R,C,,-71,,,
1791257667.4599,R,B,,-69,,,
1791257667.4687,R,A,,-64,,,
1791257667.5163,O,,,,2.72980,0.6554,0.5361
1791257667.5172,O,,,,2.73245,0.6520,0.5376
1791257667.5179,O,,,,2.73510,0.6486,0.5391
1791257667.5099,R,C,,-67,,,
1791257667.5108,R,A,,-63,,,
1791257667.5154,R,B,,-63,,,
1791257667.5602,R,B,,-67,,,
1791257667.5614,R,C,,-63,,,
1791257667.5964,O,,,,2.73907,0.6449,0.5406
1791257667.5974,O,,,,2.74171,0.6410,0.5423
1791257667.5982,O,,,,2.74436,0.6376,0.5437
1791257667.5990,O,,,,2.74701,0.6337,0.5454
1791257667.5706,R,A,,-56,,,
1791257667.5965,R,A,,-57,,,
1791257667.6126,R,C,,-64,,,
1791257667.6146,R,B,,-66,,,
1791257667.6470,R,C,,-63,,,
1791257667.6472,R,A,,-56,,,
1791257667.6481,R,B,,-66,,,
1791257667.6717,O,,,,2.75098,0.6300,0.5469
1791257667.6728,O,,,,2.75230,0.6263,0.5484
1791257667.6739,O,,,,2.75495,0.6224,0.5500
1791257667.6749,O,,,,2.75760,0.6185,0.5516
1791257667.7114,R,C,,-60,,,
1791257667.7512,O,,,,2.76025,0.6146,0.5532
1791257667.7522,O,,,,2.76289,0.6106,0.5548
1791257667.7532,O,,,,2.76422,0.6069,0.5562
1791257667.7540,O,,,,2.76686,0.6030,0.5578
1791257667.7203,R,A,,-56,,,
1791257667.7210,R,B,,-67,,,
1791257667.7398,R,C,,-66,,,
1791257667.7529,R,A,,-60,,,
1791257667.7817,R,C,,-66,,,
1791257667.7827,R,B,,-66,,,
1791257667.8267,O,,,,2.77083,0.5993,0.5592
1791257667.8278,O,,,,2.77216,0.5956,0.5607
1791257667.8287,O,,,,2.77481,0.5916,0.5622
1791257667.8295,O,,,,2.77613,0.5879,0.5636
1791257667.8203,R,A,,-60,,,
1791257667.8314,R,B,,-63,,,
1791257667.8316,R,C,,-61,,,
1791257667.8317,R,A,,-61,,,
1791257667.8688,R,C,,-69,,,
1791257667.9062,O,,,,2.77878,0.5840,0.5651
1791257667.9071,O,,,,2.78142,0.5800,0.5666
1791257667.9079,O,,,,2.78275,0.5763,0.5680
1791257667.9086,O,,,,2.78539,0.5723,0.5695
1791257667.8705,R,A,,-61,,,
1791257667.8787,R,B,,-70,,,
1791257667.9068,R,C,,-70,,,
1791257667.9204,R,A,,-64,,,
1791257667.9329,R,B,,-68,,,
1791257667.9555,R,C,,-64,,,
1791257667.9557,R,B,,-62,,,
1791257667.9766,O,,,,2.78672,0.5686,0.5709
1791257667.9777,O,,,,2.78937,0.5646,0.5723
1791257667.9785,O,,,,2.79201,0.5612,0.5736
1791257667.9792,O,,,,2.79466,0.5572,0.5751
1791257667.9706,R,A,,-60,,,
1791257668.0041,R,B,,-68,,,
1791257668.0058,R,A,,-56,,,
1791257668.0060,R,C,,-61,,,
1791257668.0562,O,,,,2.79731,0.5532,0.5765
1791257668.0573,O,,,,2.79995,0.5492,0.5779
1791257668.0581,O,,,,2.80128,0.5455,0.5792
1791257668.0512,R,B,,-68,,,
1791257668.0615,R,C,,-66,,,
1791257668.0703,R,A,,-57,,,
1791257668.1122,R,C,,-61,,,
1791257668.1314,O,,,,2.80393,0.5415,0.5807
1791257668.1325,O,,,,2.80657,0.5375,0.5820
1791257668.1334,O,,,,2.80922,0.5335,0.5834
1791257668.1342,O,,,,2.81054,0.5297,0.5847
1791257668.1206,R,A,,-55,,,
1791257668.1313,R,B,,-63,,,
1791257668.1464,R,B,,-68,,,
1791257668.1470,R,C,,-54,,,
1791257668.1480,R,A,,-53,,,
1791257668.2146,O,,,,2.81319,0.5257,0.5861
1791257668.2157,O,,,,2.81584,0.5217,0.5875
1791257668.2165,O,,,,2.81716,0.5179,0.5887
1791257668.2172,O,,,,2.81981,0.5139,0.5901
1791257668.1920,R,A,,-59,,,
1791257668.1929,R,B,,-62,,,
1791257668.2116,R,C,,-58,,,
1791257668.2485,R,C,,-60,,,
1791257668.2487,R,A,,-57,,,
1791257668.2869,O,,,,2.82246,0.5099,0.5914
1791257668.2883,O,,,,2.82378,0.5061,0.5927
1791257668.2891,O,,,,2.82643,0.5021,0.5940
1791257668.2899,O,,,,2.82908,0.4981,0.5953
1791257668.2984,R,C,,-57,,,
1791257668.2988,R,A,,-56,,,
1791257668.3671,O,,,,2.83172,0.4945,0.5964
1791257668.3681,O,,,,2.83437,0.4905,0.5977
1791257668.3689,O,,,,2.83702,0.4865,0.5990
1791257668.3696,O,,,,2.83834,0.4827,0.6002
1791257668.3328,R,B,,-65,,,
1791257668.3594,R,C,,-63,,,
1791257668.3599,R,A,,-58,,,
1791257668.3713,R,C,,-64,,,
1791257668.3833,R,B,,-64,,,
1791257668.4166,R,B,,-58,,,
1791257668.4167,R,C,,-62,,,
1791257668.4462,O,,,,2.84099,0.4786,0.6014
1791257668.4471,O,,,,2.84364,0.4746,0.6027
1791257668.4479,O,,,,2.84496,0.4708,0.6038
1791257668.4487,O,,,,2.84761,0.4667,0.6051
1791257668.4208,R,A,,-59,,,
1791257668.4605,R,B,,-67,,,
1791257668.4622,R,A,,-58,,,
1791257668.5140,O,,,,2.85025,0.4627,0.6063
1791257668.5148,O,,,,2.85158,0.4589,0.6074
1791257668.5156,O,,,,2.85290,0.4551,0.6086
1791257668.5043,R,A,,-62,,,
1791257668.5061,R,B,,-61,,,
1791257668.5120,R,C,,-61,,,
1791257668.5529,R,B,,-58,,,
1791257668.5532,R,C,,-61,,,
1791257668.5546,R,A,,-61,,,
1791257668.5913,O,,,,2.85290,0.4510,0.6098
1791257668.5923,O,,,,2.85555,0.4469,0.6110
1791257668.5932,O,,,,2.85555,0.4429,0.6122
1791257668.5940,O,,,,2.85687,0.4391,0.6133
1791257668.5913,R,B,,-67,,,
1791257668.6615,R,C,,-65,,,
1791257668.6718,O,,,,2.85820,0.4348,0.6145
1791257668.6738,O,,,,2.85687,0.4309,0.6157
1791257668.6747,O,,,,2.85820,0.4271,0.6168
1791257668.6756,O,,,,2.85820,0.4231,0.6180
1791257668.6705,R,A,,-63,,,
1791257668.6815,R,C,,-64,,,
1791257668.6818,R,B,,-66,,,
1791257668.7067,R,A,,-65,,,
1791257668.7497,O,,,,2.85952,0.4192,0.6191
1791257668.7507,O,,,,2.85952,0.4152,0.6202
1791257668.7515,O,,,,2.85952,0.4111,0.6214
1791257668.7523,O,,,,2.85952,0.4070,0.6226
1791257668.7248,R,B,,-64,,,
1791257668.7351,R,C,,-64,,,
1791257668.7354,R,A,,-61,,,
1791257668.7703,R,B,,-69,,,
1791257668.7705,R,C,,-66,,,
1791257668.8089,R,A,,-65,,,
1791257668.8117,R,C,,-67,,,
1791257668.8127,R,B,,-66,,,
1791257668.8267,O,,,,2.85952,0.4035,0.6236
1791257668.8277,O,,,,2.85952,0.3994,0.6248
1791257668.8285,O,,,,2.85952,0.3953,0.6260
1791257668.8294,O,,,,2.85952,0.3913,0.6272
1791257668.8622,R,C,,-65,,,
1791257668.9015,O,,,,2.85820,0.3875,0.6283
1791257668.9028,O,,,,2.85952,0.3837,0.6294
1791257668.9036,O,,,,2.85952,0.3796,0.6306
1791257668.9046,O,,,,2.85952,0.3755,0.6317
1791257668.8704,R,A,,-65,,,
1791257668.8744,R,B,,-67,,,
1791257668.9083,R,C,,-67,,,
1791257668.9087,R,A,,-58,,,
1791257668.9182,R,B,,-69,,,
1791257668.9495,R,C,,-69,,,
1791257668.9718,O,,,,2.85952,0.3714,0.6329
1791257668.9727,O,,,,2.85820,0.3676,0.6340
1791257668.9735,O,,,,2.85820,0.3636,0.6352
1791257668.9707,R,A,,-61,,,
1791257668.9781,R,B,,-63,,,
1791257669.0114,R,A,,-62,,,
1791257669.0116,R,C,,-65,,,
1791257669.0512,O,,,,2.85952,0.3598,0.6363
1791257669.0522,O,,,,2.85820,0.3559,0.6374
1791257669.0529,O,,,,2.85820,0.3519,0.6386
1791257669.0537,O,,,,2.85820,0.3478,0.6398
1791257669.0332,R,B,,-63,,,
1791257669.0622,R,C,,-62,,,
1791257669.0704,R,A,,-57,,,
1791257669.0834,R,B,,-68,,,
1791257669.0863,R,A,,-61,,,
1791257669.1010,R,C,,-67,,,
1791257669.1319,O,,,,2.85820,0.3437,0.6410
1791257669.1328,O,,,,2.85820,0.3402,0.6420
1791257669.1336,O,,,,2.85820,0.3361,0.6432
1791257669.1345,O,,,,2.85820,0.3320,0.6444
1791257669.1295,R,C,,-64,,,
1791257669.1301,R,A,,-61,,,
1791257669.1332,R,B,,-64,,,
1791257669.2142,O,,,,2.85820,0.3280,0.6456
1791257669.2153,O,,,,2.85820,0.3239,0.6468
1791257669.2161,O,,,,2.85820,0.3204,0.6478
1791257669.2168,O,,,,2.85820,0.3163,0.6490
1791257669.1833,R,B,,-62,,,
1791257669.1925,R,C,,-59,,,
1791257669.1929,R,A,,-57,,,
1791257669.2131,R,B,,-68,,,
1791257669.2204,R,A,,-58,,,
1791257669.2533,R,A,,-62,,,
1791257669.2543,R,B,,-66,,,
1791257669.2555,R,C,,-64,,,
1791257669.2878,O,,,,2.85820,0.3122,0.6502
1791257669.2893,O,,,,2.85820,0.3082,0.6513
1791257669.2901,O,,,,2.85820,0.3041,0.6525
1791257669.2909,O,,,,2.85687,0.3003,0.6536
1791257669.3015,R,B,,-64,,,
1791257669.3121,R,C,,-67,,,
1791257669.3612,O,,,,2.85687,0.2962,0.6548
1791257669.3620,O,,,,2.85820,0.2924,0.6559
1791257669.3628,O,,,,2.85820,0.2883,0.6571
1791257669.3635,O,,,,2.85820,0.2843,0.6583
1791257669.3202,R,A,,-63,,,
1791257669.3413,R,B,,-66,,,
1791257669.3431,R,C,,-64,,,
1791257669.3433,R,A,,-58,,,
1791257669.3814,R,C,,-68,,,
1791257669.3827,R,A,,-65,,,
1791257669.3830,R,B,,-66,,,
1791257669.4422,O,,,,2.85687,0.2805,0.6594
1791257669.4432,O,,,,2.85687,0.2764,0.6606
1791257669.4441,O,,,,2.85820,0.2726,0.6617
1791257669.4448,O,,,,2.85820,0.2685,0.6629
1791257669.4335,R,B,,-68,,,
1791257669.4522,R,A,,-65,,,
1791257669.4591,R,C,,-68,,,
1791257669.5123,O,,,,2.85687,0.2647,0.6640
1791257669.5135,O,,,,2.85687,0.2606,0.6652
1791257669.5146,O,,,,2.85687,0.2566,0.6664
1791257669.4758,R,B,,-64,,,
1791257669.5115,R,C,,-68,,,
1791257669.5138,R,A,,-62,,,
1791257669.5204,R,B,,-69,,,
1791257669.5239,R,C,,-69,,,
1791257669.5663,R,A,,-72,,,
1791257669.5914,O,,,,2.85687,0.2525,0.6676
1791257669.5924,O,,,,2.85820,0.2487,0.6687
1791257669.5932,O,,,,2.85687,0.2449,0.6698
1791257669.5939,O,,,,2.85687,0.2408,0.6710
1791257669.5799,R,C,,-67,,,
1791257669.5828,R,B,,-71,,,
1791257669.6121,R,A,,-63,,,
1791257669.6123,R,C,,-65,,,
1791257669.6124,R,B,,-71,,,
1791257669.6663,O,,,,2.85687,0.2367,0.6722
1791257669.6675,O,,,,2.85687,0.2327,0.6734
1791257669.6684,O,,,,2.85687,0.2291,0.6744
1791257669.6692,O,,,,2.85687,0.2251,0.6756
1791257669.6609,R,A,,-65,,,
1791257669.6705,R,B,,-67,,,
1791257669.7106,R,B,,-74,,,
1791257669.7108,R,A,,-66,,,
1791257669.7122,R,C,,-67,,,
1791257669.7483,O,,,,2.85687,0.2210,0.6768
1791257669.7493,O,,,,2.85687,0.2169,0.6780
1791257669.7505,O,,,,2.85820,0.2131,0.6791
1791257669.7513,O,,,,2.85820,0.2091,0.6803
1791257669.7534,R,C,,-68,,,
1791257669.7538,R,A,,-59,,,
1791257669.7827,R,B,,-69,,,
1791257669.8026,R,B,,-67,,,
1791257669.8119,R,C,,-73,,,
1791257669.8221,O,,,,2.85687,0.2052,0.6814
1791257669.8234,O,,,,2.85687,0.2012,0.6826
1791257669.8246,O,,,,2.85687,0.1971,0.6838
1791257669.8281,O,,,,2.85687,0.1930,0.6850
1791257669.8207,R,A,,-63,,,
1791257669.8471,R,A,,-62,,,
1791257669.8622,R,C,,-70,,,
1791257669.9014,O,,,,2.85820,0.1892,0.6861
1791257669.9027,O,,,,2.85820,0.1852,0.6873
1791257669.9035,O,,,,2.85687,0.1814,0.6884
1791257669.9042,O,,,,2.85687,0.1773,0.6896
1791257669.8829,R,B,,-70,,,
1791257669.9123,R,C,,-71,,,
1791257669.9204,R,A,,-59,,,
1791257669.9206,R,B,,-72,,,
1791257669.9406,R,B,,-71,,,
1791257669.9423,R,C,,-67,,,
1791257669.9435,R,A,,-58,,,
1791257669.9718,O,,,,2.85687,0.1732,0.6908
1791257669.9727,O,,,,2.85820,0.1694,0.6919
1791257669.9734,O,,,,2.85687,0.1656,0.6930
1791257669.9788,R,B,,-69,,,
1791257670.0120,R,C,,-64,,,
1791257670.0463,O,,,,2.85820,0.1618,0.6941
1791257670.0473,O,,,,2.85687,0.1580,0.6952
1791257670.0482,O,,,,2.85687,0.1544,0.6963
1791257670.0490,O,,,,2.85820,0.1506,0.6974
1791257670.0203,R,A,,-59,,,
1791257670.0319,R,B,,-68,,,
1791257670.0321,R,C,,-58,,,
1791257670.0491,R,A,,-60,,,
1791257670.0707,R,C,,-57,,,
1791257670.0793,R,B,,-67,,,
1791257670.1131,R,A,,-55,,,
1791257670.1263,O,,,,2.85820,0.1470,0.6984
1791257670.1277,O,,,,2.85687,0.1437,0.6994
1791257670.1341,O,,,,2.85820,0.1399,0.7005
1791257670.1354,O,,,,2.85820,0.1369,0.7014
1791257670.1329,R,B,,-67,,,
1791257670.1576,R,C,,-61,,,
1791257670.1585,R,B,,-67,,,
1791257670.2114,O,,,,2.85820,0.1338,0.7023
1791257670.2125,O,,,,2.85820,0.1308,0.7032
1791257670.2133,O,,,,2.85820,0.1277,0.7040
1791257670.2141,O,,,,2.85952,0.1249,0.7049
1791257670.1703,R,A,,-58,,,
1791257670.2005,R,C,,-61,,,
1791257670.2010,R,A,,-55,,,
1791257670.2017,R,B,,-64,,,
1791257670.2417,R,C,,-57,,,
1791257670.2545,R,B,,-67,,,
1791257670.2560,R,A,,-56,,,
1791257670.2820,O,,,,2.85820,0.1221,0.7057
1791257670.2828,O,,,,2.85820,0.1196,0.7064
1791257670.2840,O,,,,2.85952,0.1168,0.7072
1791257670.2848,O,,,,2.85952,0.1143,0.7080
1791257670.3044,R,C,,-62,,,
1791257670.3045,R,A,,-61,,,
1791257670.3053,R,B,,-69,,,
1791257670.3620,O,,,,2.85820,0.1115,0.7088
1791257670.3631,O,,,,2.85820,0.1089,0.7095
1791257670.3638,O,,,,2.85820,0.1064,0.7102
1791257670.3646,O,,,,2.85952,0.1041,0.7109
1791257670.3486,R,C,,-71,,,
1791257670.3488,R,A,,-69,,,
1791257670.3835,R,B,,-66,,,
1791257670.4126,R,C,,-66,,,
1791257670.4173,R,A,,-63,,,
1791257670.4176,R,B,,-73,,,
1791257670.4177,R,C,,-70,,,
1791257670.4418,O,,,,2.85952,0.1015,0.7116
1791257670.4428,O,,,,2.85952,0.0990,0.7124
1791257670.4442,O,,,,2.85952,0.0970,0.7130
1791257670.4450,O,,,,2.85952,0.0944,0.7137
1791257670.4211,R,A,,-64,,,
1791257670.4563,R,C,,-72,,,
1791257670.4680,R,A,,-65,,,
1791257670.4683,R,B,,-71,,,
1791257670.5068,O,,,,2.85952,0.0924,0.7143
1791257670.5078,O,,,,2.86084,0.0901,0.7150
1791257670.5086,O,,,,2.86084,0.0881,0.7155
1791257670.4993,R,C,,-68,,,
1791257670.4997,R,B,,-71,,,
1791257670.5202,R,A,,-62,,,
1791257670.5428,R,B,,-87,,,
1791257670.5446,R,A,,-62,,,
1791257670.5447,R,C,,-57,,,
1791257670.5863,O,,,,2.86217,0.0858,0.7162
1791257670.5873,O,,,,2.86349,0.0840,0.7167
1791257670.5882,O,,,,2.86614,0.0820,0.7173
1791257670.5892,O,,,,2.86879,0.0799,0.7179
1791257670.5925,R,C,,-65,,,
1791257670.6665,O,,,,2.87143,0.0779,0.7184
1791257670.6675,O,,,,2.87408,0.0758,0.7190
1791257670.6684,O,,,,2.87540,0.0741,0.7195
1791257670.6692,O,,,,2.87937,0.0723,0.7200
1791257670.6205,R,A,,-72,,,
1791257670.6295,R,B,,-77,,,
1791257670.6613,R,C,,-63,,,
1791257670.6622,R,B,,-67,,,
1791257670.6935,R,C,,-61,,,
1791257670.6938,R,A,,-65,,,
1791257670.7401,O,,,,2.88070,0.0705,0.7205
1791257670.7410,O,,,,2.88467,0.0687,0.7209
1791257670.7421,O,,,,2.88599,0.0674,0.7213
1791257670.7429,O,,,,2.88864,0.0659,0.7217
1791257670.7329,R,B,,-72,,,
1791257670.7417,R,C,,-63,,,
1791257670.7419,R,A,,-67,,,
1791257670.7423,R,B,,-67,,,
1791257670.7866,R,C,,-61,,,
1791257670.8216,O,,,,2.89129,0.0643,0.7221
1791257670.8228,O,,,,2.89393,0.0628,0.7224
1791257670.8236,O,,,,2.89658,0.0612,0.7228
1791257670.8246,O,,,,2.89923,0.0597,0.7232
1791257670.8205,R,A,,-63,,,
1791257670.8333,R,B,,-71,,,
1791257670.8616,R,C,,-61,,,
1791257670.8971,O,,,,2.90320,0.0584,0.7235
1791257670.8981,O,,,,2.90717,0.0571,0.7238
1791257670.8989,O,,,,2.91114,0.0553,0.7243
1791257670.8997,O,,,,2.91511,0.0540,0.7246
1791257670.8704,R,A,,-57,,,
1791257670.8847,R,B,,-66,,,
1791257670.8876,R,C,,-67,,,
1791257670.8969,R,A,,-62,,,
1791257670.9672,O,,,,2.92041,0.0525,0.7249
1791257670.9682,O,,,,2.92570,0.0509,0.7253
1791257670.9689,O,,,,2.93232,0.0496,0.7255
1791257670.9329,R,B,,-64,,,
1791257670.9833,R,B,,-68,,,
1791257670.9887,R,C,,-61,,,
1791257670.9954,R,A,,-59,,,
1791257671.0461,O,,,,2.93762,0.0481,0.7259
1791257671.0473,O,,,,2.94423,0.0463,0.7262
1791257671.0481,O,,,,2.95085,0.0445,0.7266
1791257671.0488,O,,,,2.95482,0.0426,0.7269
1791257671.0335,R,B,,-70,,,
1791257671.0395,R,C,,-64,,,
1791257671.0836,R,B,,-68,,,
1791257671.0987,R,C,,-63,,,
1791257671.1262,O,,,,2.96144,0.0408,0.7273
1791257671.1273,O,,,,2.96806,0.0390,0.7276
1791257671.1281,O,,,,2.97203,0.0372,0.7279
1791257671.1289,O,,,,2.97733,0.0356,0.7282
1791257671.1209,R,B,,-67,,,
1791257671.1385,R,C,,-60,,,
1791257671.1663,R,B,,-72,,,
1791257671.1679,R,A,,-55,,,
1791257671.2019,O,,,,2.98130,0.0338,0.7285
1791257671.2034,O,,,,2.98659,0.0322,0.7287
1791257671.2042,O,,,,2.98924,0.0306,0.7290
1791257671.2050,O,,,,2.99453,0.0291,0.7292
1791257671.1744,R,C,,-65,,,
1791257671.2163,R,A,,-62,,,
1791257671.2213,R,B,,-70,,,
1791257671.2563,R,C,,-64,,,
1791257671.2583,R,B,,-63,,,
1791257671.2591,R,C,,-62,,,
1791257671.2616,R,A,,-58,,,
1791257671.2782,O,,,,2.99850,0.0278,0.7294
1791257671.2792,O,,,,3.00247,0.0259,0.7297
1791257671.2801,O,,,,3.00645,0.0246,0.7299
1791257671.2809,O,,,,3.01042,0.0228,0.7301
1791257671.2983,R,B,,-80,,,
1791257671.2991,R,C,,-58,,,
1791257671.2999,R,A,,-54,,,
1791257671.3566,O,,,,3.01439,0.0209,0.7303
1791257671.3575,O,,,,3.01703,0.0194,0.7305
1791257671.3584,O,,,,3.02101,0.0175,0.7308
1791257671.3592,O,,,,3.02498,0.0157,0.7310
1791257671.3455,R,C,,-63,,,
1791257671.3719,R,A,,-60,,,
1791257671.3801,R,B,,-67,,,
1791257671.3896,R,C,,-61,,,
1791257671.3898,R,A,,-57,,,
1791257671.4021,R,B,,-62,,,
1791257671.4372,O,,,,3.02762,0.0136,0.7312
1791257671.4383,O,,,,3.03160,0.0117,0.7314
1791257671.4391,O,,,,3.03424,0.0096,0.7317
1791257671.4398,O,,,,3.03689,0.0075,0.7319
1791257671.4304,R,C,,-58,,,
1791257671.4313,R,B,,-62,,,
1791257671.4316,R,A,,-54,,,
1791257671.5069,O,,,,3.03954,0.0059,0.7321
1791257671.5080,O,,,,3.04218,0.0038,0.7323
1791257671.5088,O,,,,3.04483,0.0017,0.7325
1791257671.4830,R,B,,-69,,,
1791257671.4967,R,C,,-62,,,
1791257671.4976,R,A,,-60,,,
1791257671.5179,R,A,,-59,,,
1791257671.5333,R,B,,-64,,,
1791257671.5616,R,C,,-58,,,
1791257671.5679,R,A,,-59,,,
1791257671.5683,R,B,,-64,,,
1791257671.5684,R,C,,-59,,,
1791257671.5863,O,,,,3.04748,-0.0004,0.7327
1791257671.5878,O,,,,3.05013,-0.0025,0.7329
1791257671.5886,O,,,,3.05277,-0.0046,0.7331
1791257671.5894,O,,,,3.05410,-0.0064,0.7332
1791257671.6145,R,B,,-64,,,
1791257671.6614,O,,,,3.05674,-0.0086,0.7334
1791257671.6624,O,,,,3.05939,-0.0107,0.7336
1791257671.6633,O,,,,3.06204,-0.0128,0.7338
1791257671.6641,O,,,,3.06469,-0.0149,0.7339
1791257671.6208,R,A,,-52,,,
1791257671.6341,R,C,,-63,,,
1791257671.6603,R,C,,-64,,,
1791257671.6606,R,A,,-60,,,
1791257671.6839,R,B,,-66,,,
1791257671.7115,R,C,,-60,,,
1791257671.7427,O,,,,3.06733,-0.0170,0.7341
1791257671.7436,O,,,,3.06998,-0.0191,0.7342
1791257671.7444,O,,,,3.07130,-0.0210,0.7344
1791257671.7452,O,,,,3.07395,-0.0231,0.7345
1791257671.7205,R,A,,-59,,,
1791257671.7206,R,B,,-69,,,
1791257671.7477,R,B,,-67,,,
1791257671.7491,R,C,,-59,,,
1791257671.8163,O,,,,3.07660,-0.0252,0.7347
1791257671.8178,O,,,,3.07925,-0.0273,0.7348
1791257671.8188,O,,,,3.08057,-0.0291,0.7349
1791257671.8198,O,,,,3.08189,-0.0310,0.7350
1791257671.7705,R,A,,-54,,,
1791257671.8117,R,C,,-64,,,
1791257671.8202,R,A,,-61,,,
1791257671.8329,R,B,,-69,,,
1791257671.8442,R,C,,-63,,,
1791257671.8445,R,B,,-67,,,
1791257671.8537,R,A,,-59,,,
1791257671.8967,O,,,,3.08322,-0.0328,0.7351
1791257671.8978,O,,,,3.08586,-0.0344,0.7352
1791257671.8986,O,,,,3.08719,-0.0363,0.7353
1791257671.8994,O,,,,3.08719,-0.0379,0.7354
1791257671.8891,R,C,,-58,,,
1791257671.9671,O,,,,3.08984,-0.0395,0.7355
1791257671.9686,O,,,,3.09116,-0.0408,0.7356
1791257671.9698,O,,,,3.09248,-0.0421,0.7356
1791257671.9205,R,A,,-54,,,
1791257671.9303,R,B,,-74,,,
1791257671.9329,R,A,,-62,,,
1791257671.9330,R,B,,-79,,,
1791257671.9760,R,C,,-63,,,
1791257671.9761,R,B,,-70,,,
1791257672.0097,R,A,,-56,,,
1791257672.0417,O,,,,3.09248,-0.0432,0.7357
1791257672.0436,O,,,,3.09381,-0.0445,0.7357
1791257672.0454,O,,,,3.09381,-0.0455,0.7358
1791257672.0466,O,,,,3.09513,-0.0463,0.7358
1791257672.0277,R,B,,-64,,,
1791257672.0382,R,C,,-60,,,
1791257672.0386,R,A,,-55,,,
1791257672.1219,O,,,,3.09645,-0.0471,0.7359
1791257672.0753,R,C,,-63,,,
1791257672.0836,R,B,,-83,,,
1791257672.0926,R,A,,-62,,,
1791257672.1179,R,A,,-61,,,
1791257672.1183,R,B,,-69,,,
1791257672.1236,O,,,,3.09645,-0.0477,0.7359
1791257672.1248,O,,,,3.09645,-0.0482,0.7359
1791257672.1260,O,,,,3.09645,-0.0487,0.7359
1791257672.1611,R,C,,-63,,,
1791257672.1637,R,C,,-62,,,
1791257672.1972,O,,,,3.09778,-0.0490,0.7359
1791257672.1986,O,,,,3.09778,-0.0495,0.7360
1791257672.1998,O,,,,3.09778,-0.0495,0.7360
1791257672.2009,O,,,,3.09778,-0.0495,0.7360
1791257672.1706,R,A,,-56,,,
1791257672.1836,R,B,,-64,,,
1791257672.2117,R,C,,-58,,,
1791257672.2147,R,B,,-81,,,
1791257672.2162,R,A,,-53,,,
1791257672.2502,R,C,,-64,,,
1791257672.2511,R,A,,-62,,,
1791257672.2768,O,,,,3.09778,-0.0495,0.7360
1791257672.2778,O,,,,3.09778,-0.0495,0.7360
1791257672.2787,O,,,,3.09778,-0.0495,0.7360
1791257672.2795,O,,,,3.09778,-0.0495,0.7360
1791257672.2778,R,B,,-70,,,
1791257672.2953,R,A,,-57,,,
1791257672.3122,R,C,,-62,,,
1791257672.3573,O,,,,3.09778,-0.0495,0.7360
1791257672.3586,O,,,,3.09778,-0.0495,0.7360
1791257672.3598,O,,,,3.09778,-0.0495,0.7360
1791257672.3608,O,,,,3.09778,-0.0495,0.7360
1791257672.3331,R,B,,-63,,,
1791257672.3392,R,C,,-57,,,
1791257672.3511,R,B,,-84,,,
1791257672.3528,R,A,,-54,,,
1791257672.3775,R,C,,-62,,,
1791257672.3777,R,B,,-78,,,
1791257672.3845,R,A,,-62,,,
1791257672.4323,O,,,,3.09778,-0.0495,0.7360
1791257672.4331,O,,,,3.09778,-0.0495,0.7360
1791257672.4339,O,,,,3.09778,-0.0495,0.7360
1791257672.4346,O,,,,3.09778,-0.0495,0.7360
1791257672.4241,R,C,,-62,,,
1791257672.4336,R,B,,-68,,,
1791257672.4543,R,A,,-56,,,
1791257672.5016,O,,,,3.09778,-0.0495,0.7360
1791257672.5025,O,,,,3.09778,-0.0495,0.7360
1791257672.5034,O,,,,3.09778,-0.0495,0.7360
1791257672.4743,R,B,,-62,,,
1791257672.5117,R,C,,-57,,,
1791257672.5205,R,A,,-52,,,
1791257672.5335,R,B,,-75,,,
1791257672.5517,R,C,,-62,,,
1791257672.5817,O,,,,3.09778,-0.0495,0.7360
1791257672.5827,O,,,,3.09778,-0.0495,0.7360
1791257672.5835,O,,,,3.09778,-0.0495,0.7360
1791257672.5846,O,,,,3.09778,-0.0495,0.7360
1791257672.5705,R,A,,-61,,,
1791257672.6563,O,,,,3.09778,-0.0495,0.7360
1791257672.6573,O,,,,3.09778,-0.0495,0.7360
1791257672.6605,O,,,,3.09778,-0.0495,0.7360
1791257672.6613,O,,,,3.09778,-0.0495,0.7360
1791257672.6204,R,A,,-57,,,
1791257672.6325,R,B,,-62,,,
1791257672.6582,R,C,,-57,,,
1791257672.6614,R,B,,-75,,,
1791257672.6646,R,A,,-55,,,
1791257672.7072,R,C,,-61,,,
1791257672.7367,O,,,,3.09778,-0.0495,0.7360
1791257672.7379,O,,,,3.09778,-0.0495,0.7360
1791257672.7388,O,,,,3.09778,-0.0495,0.7360
1791257672.7395,O,,,,3.09778,-0.0495,0.7360
1791257672.7209,R,A,,-62,,,
1791257672.7329,R,B,,-66,,,
1791257672.7617,R,C,,-60,,,
1791257672.7658,R,B,,-62,,,
1791257672.8168,O,,,,3.09778,-0.0495,0.7360
1791257672.8184,O,,,,3.09778,-0.0495,0.7360
1791257672.8192,O,,,,3.09778,-0.0495,0.7360
1791257672.8201,O,,,,3.09778,-0.0495,0.7360
1791257672.7706,R,A,,-74,,,
1791257672.8005,R,C,,-58,,,
1791257672.8104,R,B,,-75,,,
1791257672.8129,R,A,,-55,,,
1791257672.8617,R,C,,-63,,,
1791257672.8911,O,,,,3.09778,-0.0495,0.7360
1791257672.8921,O,,,,3.09778,-0.0495,0.7360
1791257672.8931,O,,,,3.09778,-0.0495,0.7360
1791257672.8939,O,,,,3.09778,-0.0495,0.7360
1791257672.8706,R,B,,-67,,,
1791257672.8707,R,A,,-61,,,
1791257672.8929,R,A,,-57,,,
1791257672.8931,R,C,,-64,,,
1791257672.8935,R,B,,-62,,,
1791257672.9618,O,,,,3.09778,-0.0495,0.7360
1791257672.9629,O,,,,3.09778,-0.0495,0.7360
1791257672.9637,O,,,,3.09778,-0.0495,0.7360
1791257672.9348,R,C,,-61,,,
1791257672.9357,R,A,,-55,,,
1791257672.9774,R,A,,-63,,,
1791257672.9807,R,B,,-77,,,
1791257672.9809,R,C,,-63,,,
1791257673.0434,O,,,,3.09778,-0.0495,0.7360
1791257673.0448,O,,,,3.09778,-0.0495,0.7360
1791257673.0456,O,,,,3.09778,-0.0495,0.7360
1791257673.0463,O,,,,3.09778,-0.0495,0.7360
1791257673.0335,R,B,,-67,,,
1791257673.0564,R,C,,-62,,,
1791257673.0636,R,A,,-59,,,
1791257673.0640,R,B,,-63,,,
1791257673.1171,O,,,,3.09778,-0.0495,0.7360
1791257673.1182,O,,,,3.09778,-0.0495,0.7360
1791257673.1190,O,,,,3.09778,-0.0495,0.7360
1791257673.1198,O,,,,3.09778,-0.0495,0.7360
1791257673.1079,R,A,,-56,,,
1791257673.1116,R,C,,-58,,,
1791257673.1336,R,B,,-76,,,
1791257673.1541,R,C,,-64,,,
1791257673.1970,O,,,,3.09778,-0.0495,0.7360
1791257673.1981,O,,,,3.09778,-0.0495,0.7360
1791257673.1989,O,,,,3.09778,-0.0495,0.7360
1791257673.1996,O,,,,3.09778,-0.0495,0.7360
1791257673.1706,R,A,,-63,,,
1791257673.1798,R,B,,-68,,,
1791257673.1981,R,A,,-57,,,
1791257673.2064,R,C,,-62,,,
1791257673.2269,R,B,,-63,,,
1791257673.2407,R,C,,-59,,,
1791257673.2409,R,A,,-57,,,
1791257673.2447,R,B,,-75,,,
1791257673.2771,O,,,,3.09778,-0.0495,0.7360
1791257673.2781,O,,,,3.09778,-0.0495,0.7360
1791257673.2789,O,,,,3.09778,-0.0495,0.7360
1791257673.2799,O,,,,3.09778,-0.0495,0.7360
1791257673.2843,R,C,,-65,,,
1791257673.2845,R,A,,-64,,,
1791257673.3518,O,,,,3.09778,-0.0495,0.7360
1791257673.3528,O,,,,3.09778,-0.0495,0.7360
1791257673.3537,O,,,,3.09778,-0.0495,0.7360
1791257673.3544,O,,,,3.09778,-0.0495,0.7360
1791257673.3330,R,B,,-76,,,
1791257673.3616,R,C,,-62,,,
1791257673.3672,R,A,,-63,,,
1791257673.3763,R,C,,-62,,,
1791257673.3768,R,B,,-72,,,
1791257673.3907,R,A,,-68,,,
1791257673.4151,R,B,,-75,,,
1791257673.4211,O,,,,3.09778,-0.0495,0.7360
1791257673.4223,O,,,,3.09778,-0.0495,0.7360
1791257673.4231,O,,,,3.09778,-0.0495,0.7360
1791257673.4203,R,A,,-70,,,
1791257673.4595,R,A,,-68,,,
1791257673.4618,R,C,,-73,,,
1791257673.5014,O,,,,3.09778,-0.0495,0.7360
1791257673.5024,O,,,,3.09778,-0.0495,0.7360
1791257673.5033,O,,,,3.09778,-0.0495,0.7360
1791257673.5041,O,,,,3.09778,-0.0495,0.7360
1791257673.4830,R,B,,-71,,,
1791257673.5051,R,C,,-66,,,
1791257673.5061,R,A,,-70,,,
1791257673.5086,R,B,,-70,,,
1791257673.5531,R,A,,-65,,,
1791257673.5618,R,C,,-53,,,
1791257673.5683,R,B,,-72,,,
1791257673.5765,O,,,,3.09778,-0.0495,0.7360
1791257673.5776,O,,,,3.09778,-0.0495,0.7360
1791257673.5785,O,,,,3.09778,-0.0495,0.7360
1791257673.5792,O,,,,3.09778,-0.0495,0.7360
1791257673.6125,R,C,,-63,,,
1791257673.6564,O,,,,3.09778,-0.0495,0.7360
1791257673.6573,O,,,,3.09778,-0.0495,0.7360
1791257673.6581,O,,,,3.09778,-0.0495,0.7360
1791257673.6591,O,,,,3.09778,-0.0495,0.7360
1791257673.6210,R,A,,-68,,,
1791257673.6322,R,B,,-74,,,
1791257673.6996,R,B,,-72,,,
1791257673.7002,R,C,,-62,,,
1791257673.7362,O,,,,3.09778,-0.0495,0.7360
1791257673.7372,O,,,,3.09778,-0.0495,0.7360
1791257673.7381,O,,,,3.09778,-0.0495,0.7360
1791257673.7389,O,,,,3.09778,-0.0495,0.7360
1791257673.7202,R,A,,-60,,,
1791257673.7433,R,C,,-62,,,
1791257673.7584,R,A,,-62,,,
1791257673.8111,O,,,,3.09778,-0.0495,0.7360
1791257673.8125,O,,,,3.09778,-0.0495,0.7360
1791257673.8134,O,,,,3.09778,-0.0495,0.7360
1791257673.8142,O,,,,3.09778,-0.0495,0.7360
1791257673.7771,R,B,,-70,,,
1791257673.7775,R,C,,-59,,,
1791257673.7779,R,A,,-62,,,
1791257673.8259,R,B,,-80,,,
1791257673.8617,R,C,,-64,,,
1791257673.8910,O,,,,3.09778,-0.0495,0.7360
1791257673.8919,O,,,,3.09778,-0.0495,0.7360
1791257673.8927,O,,,,3.09778,-0.0495,0.7360
1791257673.8935,O,,,,3.09778,-0.0495,0.7360
1791257673.8703,R,A,,-62,,,
1791257673.8831,R,B,,-78,,,
1791257673.8850,R,C,,-73,,,
1791257673.9171,R,A,,-69,,,
1791257673.9175,R,B,,-68,,,
1791257673.9611,O,,,,3.09778,-0.0495,0.7360
1791257673.9621,O,,,,3.09778,-0.0495,0.7360
1791257673.9628,O,,,,3.09778,-0.0495,0.7360
1791257673.9701,R,A,,-61,,,
1791257673.9830,R,B,,-67,,,
1791257674.0110,R,C,,-77,,,
1791257674.0360,O,,,,3.09778,-0.0495,0.7360
1791257674.0369,O,,,,3.09778,-0.0495,0.7360
1791257674.0379,O,,,,3.09778,-0.0495,0.7360
1791257674.0386,O,,,,3.09778,-0.0495,0.7360
1791257674.0201,R,A,,-61,,,
1791257674.0214,R,B,,-75,,,
1791257674.0642,R,A,,-67,,,
1791257674.0674,R,B,,-75,,,
1791257674.1161,O,,,,3.09778,-0.0495,0.7360
1791257674.1171,O,,,,3.09778,-0.0495,0.7360
1791257674.1180,O,,,,3.09778,-0.0495,0.7360
1791257674.1188,O,,,,3.09778,-0.0495,0.7360
1791257674.1117,R,C,,-72,,,
1791257674.1131,R,A,,-60,,,
1791257674.1134,R,B,,-69,,,
1791257674.1485,R,B,,-69,,,
1791257674.1624,R,C,,-66,,,
1791257674.1962,O,,,,3.09778,-0.0495,0.7360
1791257674.1976,O,,,,3.09778,-0.0495,0.7360
1791257674.1984,O,,,,3.09778,-0.0495,0.7360
1791257674.1992,O,,,,3.09778,-0.0495,0.7360
1791257674.1702,R,A,,-58,,,
1791257674.1907,R,A,,-64,,,
1791257674.1909,R,C,,-84,,,
1791257674.1911,R,B,,-67,,,
1791257674.2378,R,C,,-71,,,
1791257674.2384,R,B,,-58,,,
1791257674.2712,O,,,,3.09778,-0.0495,0.7360
1791257674.2722,O,,,,3.09778,-0.0495,0.7360
1791257674.2731,O,,,,3.09778,-0.0495,0.7360
1791257674.2739,O,,,,3.09778,-0.0495,0.7360
1791257674.2706,R,A,,-61,,,
1791257674.2829,R,C,,-60,,,
1791257674.2831,R,B,,-61,,,
1791257674.3087,R,A,,-59,,,
1791257674.3512,O,,,,3.09778,-0.0495,0.7360
1791257674.3521,O,,,,3.09778,-0.0495,0.7360
1791257674.3529,O,,,,3.09778,-0.0495,0.7360
1791257674.3537,O,,,,3.09778,-0.0495,0.7360
1791257674.3283,R,C,,-64,,,
1791257674.3303,R,B,,-72,,,
1791257674.3305,R,A,,-64,,,
1791257674.3741,R,B,,-66,,,
1791257674.3902,R,C,,-61,,,
1791257674.4135,R,A,,-64,,,
1791257674.4153,R,B,,-63,,,
1791257674.4163,R,A,,-63,,,
1791257674.4210,O,,,,3.09778,-0.0495,0.7360
1791257674.4219,O,,,,3.09778,-0.0495,0.7360
1791257674.4226,O,,,,3.09778,-0.0495,0.7360
1791257674.4245,R,C,,-54,,,
1791257674.4630,R,A,,-61,,,
1791257674.4961,O,,,,3.09778,-0.0495,0.7360
1791257674.4980,O,,,,3.09778,-0.0495,0.7360
1791257674.4988,O,,,,3.09778,-0.0495,0.7360
1791257674.4996,O,,,,3.09778,-0.0495,0.7360
1791257674.4707,R,B,,-68,,,
1791257674.5043,R,C,,-66,,,
1791257674.5090,R,A,,-72,,,
1791257674.5461,R,C,,-63,,,
1791257674.5469,R,A,,-70,,,
1791257674.5809,O,,,,3.09778,-0.0495,0.7360
1791257674.5818,O,,,,3.09778,-0.0495,0.7360
1791257674.5827,O,,,,3.09778,-0.0495,0.7360
1791257674.5835,O,,,,3.09778,-0.0495,0.7360
1791257674.5830,R,B,,-65,,,
1791257674.5883,R,A,,-73,,,
1791257674.5890,R,C,,-53,,,
1791257674.6041,R,B,,-86,,,
1791257674.6509,O,,,,3.09910,-0.0492,0.7360
1791257674.6518,O,,,,3.10307,-0.0495,0.7360
1791257674.6523,O,,,,3.11101,-0.0495,0.7360
1791257674.6528,O,,,,3.11896,-0.0495,0.7360
1791257674.6314,R,C,,-63,,,
1791257674.6316,R,B,,-75,,,
1791257674.6705,R,A,,-72,,,
1791257674.6775,R,B,,-73,,,
1791257674.7117,R,C,,-59,,,
1791257674.7325,O,,,,3.12955,-0.0495,0.7360
1791257674.7333,O,,,,3.14146,-0.0492,0.7360
1791257674.7341,O,,,,-3.12981,-0.0495,0.7360
1791257674.7348,O,,,,-3.11922,-0.0495,0.7360
1791257674.7201,R,A,,-78,,,
1791257674.7218,R,A,,-78,,,
1791257674.7303,R,B,,-59,,,
1791257674.7307,R,C,,-52,,,
1791257674.8124,O,,,,-3.11128,-0.0495,0.7360
1791257674.8134,O,,,,-3.10202,-0.0498,0.7360
1791257674.8143,O,,,,-3.09408,-0.0498,0.7360
1791257674.8150,O,,,,-3.09010,-0.0500,0.7359
1791257674.7831,R,B,,-84,,,
1791257674.7960,R,C,,-57,,,
1791257674.8118,R,C,,-58,,,
1791257674.8204,R,A,,-69,,,
1791257674.8535,R,C,,-55,,,
1791257674.8538,R,A,,-69,,,
1791257674.8657,R,B,,-63,,,
1791257674.8863,O,,,,-3.08349,-0.0503,0.7359
1791257674.8873,O,,,,-3.08084,-0.0508,0.7359
1791257674.8881,O,,,,-3.07819,-0.0508,0.7359
1791257674.8891,O,,,,-3.07687,-0.0511,0.7359
1791257674.8990,R,B,,-69,,,
1791257674.9005,R,C,,-57,,,
1791257674.9569,O,,,,-3.07554,-0.0514,0.7359
1791257674.9578,O,,,,-3.07422,-0.0516,0.7358
1791257674.9586,O,,,,-3.07422,-0.0516,0.7358
1791257674.9206,R,A,,-65,,,
1791257674.9452,R,A,,-65,,,
1791257674.9620,R,C,,-58,,,
1791257674.9927,R,A,,-64,,,
1791257675.0028,R,C,,-57,,,
1791257675.0032,R,B,,-66,,,
1791257675.0367,O,,,,-3.07422,-0.0516,0.7358
1791257675.0376,O,,,,-3.07422,-0.0516,0.7358
1791257675.0384,O,,,,-3.07422,-0.0516,0.7358
1791257675.0392,O,,,,-3.07422,-0.0516,0.7358
1791257675.0357,R,C,,-55,,,
1791257675.1108,O,,,,-3.07422,-0.0516,0.7358
1791257675.1118,O,,,,-3.07422,-0.0516,0.7358
1791257675.1123,O,,,,-3.07422,-0.0516,0.7358
1791257675.1128,O,,,,-3.07422,-0.0516,0.7358
1791257675.0709,R,A,,-64,,,
1791257675.0828,R,C,,-62,,,
1791257675.0831,R,B,,-83,,,
1791257675.0957,R,A,,-68,,,
1791257675.1390,R,C,,-63,,,
1791257675.1401,R,A,,-74,,,
1791257675.1903,O,,,,-3.07422,-0.0516,0.7358
1791257675.1908,O,,,,-3.07422,-0.0516,0.7358
1791257675.1913,O,,,,-3.07422,-0.0516,0.7358
1791257675.1918,O,,,,-3.07422,-0.0516,0.7358
1791257675.1732,R,B,,-78,,,
1791257675.1781,R,C,,-56,,,
1791257675.1783,R,A,,-71,,,
1791257675.2727,O,,,,-3.07422,-0.0516,0.7358
1791257675.2204,R,A,,-62,,,
1791257675.2205,R,B,,-71,,,
1791257675.2604,R,A,,-63,,,
1791257675.2618,R,C,,-58,,,
1791257675.2739,O,,,,-3.07422,-0.0516,0.7358
1791257675.2747,O,,,,-3.07422,-0.0516,0.7358
1791257675.2757,O,,,,-3.07422,-0.0516,0.7358
1791257675.2813,R,B,,-66,,,
1791257675.3091,R,C,,-60,,,
1791257675.3100,R,A,,-65,,,
1791257675.3102,R,B,,-69,,,
1791257675.3459,O,,,,-3.07422,-0.0516,0.7358
1791257675.3468,O,,,,-3.07422,-0.0516,0.7358
1791257675.3476,O,,,,-3.07422,-0.0516,0.7358
1791257675.3483,O,,,,-3.07422,-0.0516,0.7358
1791257675.3553,R,B,,-76,,,
1791257675.3567,R,C,,-53,,,
1791257675.4168,O,,,,-3.07422,-0.0516,0.7358
1791257675.4180,O,,,,-3.07422,-0.0516,0.7358
1791257675.4188,O,,,,-3.07422,-0.0516,0.7358
1791257675.3702,R,A,,-68,,,
1791257675.4093,R,A,,-67,,,
1791257675.4094,R,C,,-56,,,
