t_pc,id,seq,ms,rssi,port
1790754263.0234,A,0,974,-85,/dev/serial/by-path/pci-0000:05:00.3-usb-0:2.1.1:1.0-port0
1790754263.0621,A,1,1012,-79,/dev/serial/by-path/pci-0000:05:00.3-usb-0:2.1.1:1.0-port0
1790754263.1072,A,2,1058,-84,/dev/serial/by-path/pci-0000:05:00.3-usb-0:2.1.1:1.0-port0
1790754263.1632,A,3,1114,-87,/dev/serial/by-path/pci-0000:05:00.3-usb-0:2.1.1:1.0-port0
1790754263.2076,A,4,1158,-79,/dev/serial/by-path/pci-0000:05:00.3-usb-0:2.1.1:1.0-port0
1790754263.2877,A,5,1238,-82,/dev/serial/by-path/pci-0000:05:00.3-usb-0:2.1.1:1.0-port0
1790754263.3354,A,6,1286,-86,/dev/serial/by-path/pci-0000:05:00.3-usb-0:2.1.1:1.0-port0
1790754263.3894,A,7,1340,-78,/dev/serial/by-path/pci-0000:05:00.3-usb-0:2.1.1:1.0-port0
1790754263.4255,B,0,1372,-67,/dev/serial/by-path/pci-0000:05:00.3-usb-0:2.1.2:1.0-port0
1790754263.4273,A,8,1378,-84,/dev/serial/by-path/pci-0000:05:00.3-usb-0:2.1.1:1.0-port0
1790754263.4702,B,1,1416,-68,/dev/serial/by-path/pci-0000:05:00.3-usb-0:2.1.2:1.0-port0
1790754263.4797,C,0,1424,-62,/dev/serial/by-path/pci-0000:05:00.3-usb-0:2.1.3:1.0-port0
1790754263.4824,A,9,1433,-84,/dev/serial/by-path/pci-0000:05:00.3-usb-0:2.1.1:1.0-port0
1790754263.5141,C,1,1459,-64,/dev/serial/by-path/pci-0000:05:00.3-usb-0:2.1.3:1.0-port0
1790754263.5351,A,10,1486,-78,/dev/serial/by-path/pci-0000:05:00.3-usb-0:2.1.1:1.0-port0
1790754263.5610,B,2,1506,-73,/dev/serial/by-path/pci-0000:05:00.3-usb-0:2.1.2:1.0-port0
1790754263.5610,B,3,1506,-72,/dev/serial/by-path/pci-0000:05:00.3-usb-0:2.1.2:1.0-port0
1790754263.5668,C,2,1512,-64,/dev/serial/by-path/pci-0000:05:00.3-usb-0:2.1.3:1.0-port0
1790754263.5686,A,11,1519,-82,/dev/serial/by-path/pci-0000:05:00.3-usb-0:2.1.1:1.0-port0
1790754263.6040,C,3,1549,-63,/dev/serial/by-path/pci-0000:05:00.3-usb-0:2.1.3:1.0-port0
1790754263.6045,B,4,1550,-67,/dev/serial/by-path/pci-0000:05:00.3-usb-0:2.1.2:1.0-port0
1790754263.6392,A,12,1590,-88,/dev/serial/by-path/pci-0000:05:00.3-usb-0:2.1.1:1.0-port0
1790754263.6963,A,13,1647,-86,/dev/serial/by-path/pci-0000:05:00.3-usb-0:2.1.1:1.0-port0
1790754263.6967,B,5,1642,-73,/dev/serial/by-path/pci-0000:05:00.3-usb-0:2.1.2:1.0-port0
1790754263.6968,C,4,1641,-65,/dev/serial/by-path/pci-0000:05:00.3-usb-0:2.1.3:1.0-port0
1790754263.7395,C,5,1683,-63,/dev/serial/by-path/pci-0000:05:00.3-usb-0:2.1.3:1.0-port0
1790754263.7398,A,14,1691,-83,/dev/serial/by-path/pci-0000:05:00.3-usb-0:2.1.1:1.0-port0
1790754263.7503,B,6,1696,-67,/dev/serial/by-path/pci-0000:05:00.3-usb-0:2.1.2:1.0-port0
1790754263.7832,A,15,1734,-86,/dev/serial/by-path/pci-0000:05:00.3-usb-0:2.1.1:1.0-port0
1790754263.8046,C,6,1750,-63,/dev/serial/by-path/pci-0000:05:00.3-usb-0:2.1.3:1.0-port0
1790754263.8050,B,7,1751,-67,/dev/serial/by-path/pci-0000:05:00.3-usb-0:2.1.2:1.0-port0
1790754263.8283,A,16,1779,-79,/dev/serial/by-path/pci-0000:05:00.3-usb-0:2.1.1:1.0-port0
1790754263.8287,C,7,1774,-64,/dev/serial/by-path/pci-0000:05:00.3-usb-0:2.1.3:1.0-port0
1790754263.8386,B,8,1785,-73,/dev/serial/by-path/pci-0000:05:00.3-usb-0:2.1.2:1.0-port0
1790754263.8795,C,8,1824,-64,/dev/serial/by-path/pci-0000:05:00.3-usb-0:2.1.3:1.0-port0
1790754263.8894,A,17,1840,-88,/dev/serial/by-path/pci-0000:05:00.3-usb-0:2.1.1:1.0-port0
1790754263.9040,B,9,1850,-67,/dev/serial/by-path/pci-0000:05:00.3-usb-0:2.1.2:1.0-port0
1790754263.9295,C,9,1874,-62,/dev/serial/by-path/pci-0000:05:00.3-usb-0:2.1.3:1.0-port0
1790754263.9624,C,10,1907,-64,/dev/serial/by-path/pci-0000:05:00.3-usb-0:2.1.3:1.0-port0
1790754263.9684,A,18,1919,-78,/dev/serial/by-path/pci-0000:05:00.3-usb-0:2.1.1:1.0-port0
1790754264.0094,C,11,1954,-65,/dev/serial/by-path/pci-0000:05:00.3-usb-0:2.1.3:1.0-port0
1790754264.0095,B,10,1955,-73,/dev/serial/by-path/pci-0000:05:00.3-usb-0:2.1.2:1.0-port0
1790754264.0113,A,19,1960,-83,/dev/serial/by-path/pci-0000:05:00.3-usb-0:2.1.1:1.0-port0
1790754264.0486,C,12,1993,-62,/dev/serial/by-path/pci-0000:05:00.3-usb-0:2.1.3:1.0-port0
1790754264.0490,B,11,1995,-67,/dev/serial/by-path/pci-0000:05:00.3-usb-0:2.1.2:1.0-port0
1790754264.0880,A,20,2039,-86,/dev/serial/by-path/pci-0000:05:00.3-usb-0:2.1.1:1.0-port0
1790754264.0880,A,21,2039,-87,/dev/serial/by-path/pci-0000:05:00.3-usb-0:2.1.1:1.0-port0
1790754264.0894,B,12,2035,-68,/dev/serial/by-path/pci-0000:05:00.3-usb-0:2.1.2:1.0-port0
1790754264.1122,C,13,2057,-64,/dev/serial/by-path/pci-0000:05:00.3-usb-0:2.1.3:1.0-port0
1790754264.1358,B,13,2082,-72,/dev/serial/by-path/pci-0000:05:00.3-usb-0:2.1.2:1.0-port0
1790754264.1394,A,22,2090,-80,/dev/serial/by-path/pci-0000:05:00.3-usb-0:2.1.1:1.0-port0
1790754264.1752,C,14,2120,-64,/dev/serial/by-path/pci-0000:05:00.3-usb-0:2.1.3:1.0-port0
1790754264.1752,C,15,2121,-64,/dev/serial/by-path/pci-0000:05:00.3-usb-0:2.1.3:1.0-port0
1790754264.1793,B,14,2125,-67,/dev/serial/by-path/pci-0000:05:00.3-usb-0:2.1.2:1.0-port0
1790754264.1873,A,23,2137,-85,/dev/serial/by-path/pci-0000:05:00.3-usb-0:2.1.1:1.0-port0
1790754264.2153,C,16,2160,-62,/dev/serial/by-path/pci-0000:05:00.3-usb-0:2.1.3:1.0-port0
1790754264.2159,B,15,2162,-67,/dev/serial/by-path/pci-0000:05:00.3-usb-0:2.1.2:1.0-port0
1790754264.2212,A,24,2172,-101,/dev/serial/by-path/pci-0000:05:00.3-usb-0:2.1.1:1.0-port0
1790754264.2691,C,17,2214,-64,/dev/serial/by-path/pci-0000:05:00.3-usb-0:2.1.3:1.0-port0
1790754264.2898,A,25,2240,-78,/dev/serial/by-path/pci-0000:05:00.3-usb-0:2.1.1:1.0-port0
1790754264.3199,A,26,2271,-85,/dev/serial/by-path/pci-0000:05:00.3-usb-0:2.1.1:1.0-port0
1790754264.3200,C,18,2264,-64,/dev/serial/by-path/pci-0000:05:00.3-usb-0:2.1.3:1.0-port0
1790754264.3503,B,16,2296,-67,/dev/serial/by-path/pci-0000:05:00.3-usb-0:2.1.2:1.0-port0
1790754264.3733,C,19,2318,-62,/dev/serial/by-path/pci-0000:05:00.3-usb-0:2.1.3:1.0-port0
1790754264.3886,A,27,2339,-87,/dev/serial/by-path/pci-0000:05:00.3-usb-0:2.1.1:1.0-port0
1790754264.3914,B,17,2337,-67,/dev/serial/by-path/pci-0000:05:00.3-usb-0:2.1.2:1.0-port0
1790754264.4292,C,20,2374,-64,/dev/serial/by-path/pci-0000:05:00.3-usb-0:2.1.3:1.0-port0
1790754264.4764,C,21,2421,-63,/dev/serial/by-path/pci-0000:05:00.3-usb-0:2.1.3:1.0-port0
1790754264.4765,A,28,2427,-86,/dev/serial/by-path/pci-0000:05:00.3-usb-0:2.1.1:1.0-port0
1790754264.5106,B,18,2456,-67,/dev/serial/by-path/pci-0000:05:00.3-usb-0:2.1.2:1.0-port0
1790754264.5291,C,22,2474,-63,/dev/serial/by-path/pci-0000:05:00.3-usb-0:2.1.3:1.0-port0
1790754264.5394,B,19,2485,-68,/dev/serial/by-path/pci-0000:05:00.3-usb-0:2.1.2:1.0-port0
1790754264.5398,A,29,2490,-87,/dev/serial/by-path/pci-0000:05:00.3-usb-0:2.1.1:1.0-port0
1790754264.5796,C,23,2524,-64,/dev/serial/by-path/pci-0000:05:00.3-usb-0:2.1.3:1.0-port0
1790754264.5896,A,30,2540,-80,/dev/serial/by-path/pci-0000:05:00.3-usb-0:2.1.1:1.0-port0
1790754264.5987,B,20,2545,-73,/dev/serial/by-path/pci-0000:05:00.3-usb-0:2.1.2:1.0-port0
1790754264.6083,A,31,2559,-84,/dev/serial/by-path/pci-0000:05:00.3-usb-0:2.1.1:1.0-port0
1790754264.6086,C,24,2553,-64,/dev/serial/by-path/pci-0000:05:00.3-usb-0:2.1.3:1.0-port0
1790754264.6104,B,21,2556,-72,/dev/serial/by-path/pci-0000:05:00.3-usb-0:2.1.2:1.0-port0
1790754264.6557,A,32,2606,-86,/dev/serial/by-path/pci-0000:05:00.3-usb-0:2.1.1:1.0-port0
1790754264.6602,C,25,2605,-63,/dev/serial/by-path/pci-0000:05:00.3-usb-0:2.1.3:1.0-port0
1790754264.6603,B,22,2606,-67,/dev/serial/by-path/pci-0000:05:00.3-usb-0:2.1.2:1.0-port0
1790754264.7008,C,26,2645,-64,/dev/serial/by-path/pci-0000:05:00.3-usb-0:2.1.3:1.0-port0
1790754264.7011,A,33,2651,-76,/dev/serial/by-path/pci-0000:05:00.3-usb-0:2.1.1:1.0-port0
1790754264.7026,B,23,2648,-67,/dev/serial/by-path/pci-0000:05:00.3-usb-0:2.1.2:1.0-port0
1790754264.7424,B,24,2688,-73,/dev/serial/by-path/pci-0000:05:00.3-usb-0:2.1.2:1.0-port0
1790754264.7524,C,27,2697,-64,/dev/serial/by-path/pci-0000:05:00.3-usb-0:2.1.3:1.0-port0
1790754264.7873,A,34,2738,-83,/dev/serial/by-path/pci-0000:05:00.3-usb-0:2.1.1:1.0-port0
1790754264.8092,C,28,2754,-63,/dev/serial/by-path/pci-0000:05:00.3-usb-0:2.1.3:1.0-port0
1790754264.8096,B,25,2756,-67,/dev/serial/by-path/pci-0000:05:00.3-usb-0:2.1.2:1.0-port0
1790754264.8264,A,35,2777,-86,/dev/serial/by-path/pci-0000:05:00.3-usb-0:2.1.1:1.0-port0
1790754264.8292,C,29,2774,-63,/dev/serial/by-path/pci-0000:05:00.3-usb-0:2.1.3:1.0-port0
1790754264.8595,B,26,2805,-68,/dev/serial/by-path/pci-0000:05:00.3-usb-0:2.1.2:1.0-port0
1790754264.8767,B,27,2823,-72,/dev/serial/by-path/pci-0000:05:00.3-usb-0:2.1.2:1.0-port0
1790754264.8896,A,36,2840,-79,/dev/serial/by-path/pci-0000:05:00.3-usb-0:2.1.1:1.0-port0
1790754264.9296,C,30,2874,-64,/dev/serial/by-path/pci-0000:05:00.3-usb-0:2.1.3:1.0-port0
1790754264.9372,B,28,2883,-67,/dev/serial/by-path/pci-0000:05:00.3-usb-0:2.1.2:1.0-port0
1790754264.9392,A,37,2890,-84,/dev/serial/by-path/pci-0000:05:00.3-usb-0:2.1.1:1.0-port0
1790754264.9673,A,38,2918,-86,/dev/serial/by-path/pci-0000:05:00.3-usb-0:2.1.1:1.0-port0
1790754264.9676,B,29,2914,-67,/dev/serial/by-path/pci-0000:05:00.3-usb-0:2.1.2:1.0-port0
1790754264.9677,C,31,2912,-62,/dev/serial/by-path/pci-0000:05:00.3-usb-0:2.1.3:1.0-port0
1790754265.0146,A,39,2964,-79,/dev/serial/by-path/pci-0000:05:00.3-usb-0:2.1.1:1.0-port0
1790754265.0176,C,32,2962,-64,/dev/serial/by-path/pci-0000:05:00.3-usb-0:2.1.3:1.0-port0
1790754265.0709,C,33,3016,-64,/dev/serial/by-path/pci-0000:05:00.3-usb-0:2.1.3:1.0-port0
1790754265.0712,A,40,3022,-84,/dev/serial/by-path/pci-0000:05:00.3-usb-0:2.1.1:1.0-port0
1790754265.1004,C,34,3045,-62,/dev/serial/by-path/pci-0000:05:00.3-usb-0:2.1.3:1.0-port0
1790754265.1005,B,30,3046,-101,/dev/serial/by-path/pci-0000:05:00.3-usb-0:2.1.2:1.0-port0
1790754265.1395,A,41,3090,-85,/dev/serial/by-path/pci-0000:05:00.3-usb-0:2.1.1:1.0-port0
1790754265.1455,B,31,3092,-67,/dev/serial/by-path/pci-0000:05:00.3-usb-0:2.1.2:1.0-port0
1790754265.1458,A,42,3096,-80,/dev/serial/by-path/pci-0000:05:00.3-usb-0:2.1.1:1.0-port0
1790754265.1724,C,35,3117,-65,/dev/serial/by-path/pci-0000:05:00.3-usb-0:2.1.3:1.0-port0
1790754265.1931,B,32,3139,-71,/dev/serial/by-path/pci-0000:05:00.3-usb-0:2.1.2:1.0-port0
1790754265.2109,C,36,3156,-64,/dev/serial/by-path/pci-0000:05:00.3-usb-0:2.1.3:1.0-port0
1790754265.2352,B,33,3181,-67,/dev/serial/by-path/pci-0000:05:00.3-usb-0:2.1.2:1.0-port0
1790754265.2358,A,43,3187,-84,/dev/serial/by-path/pci-0000:05:00.3-usb-0:2.1.1:1.0-port0
1790754265.2358,A,44,3187,-87,/dev/serial/by-path/pci-0000:05:00.3-usb-0:2.1.1:1.0-port0
1790754265.2656,C,37,3210,-63,/dev/serial/by-path/pci-0000:05:00.3-usb-0:2.1.3:1.0-port0
1790754265.2754,C,38,3220,-62,/dev/serial/by-path/pci-0000:05:00.3-usb-0:2.1.3:1.0-port0
1790754265.2756,B,34,3222,-67,/dev/serial/by-path/pci-0000:05:00.3-usb-0:2.1.2:1.0-port0
1790754265.2760,A,45,3226,-86,/dev/serial/by-path/pci-0000:05:00.3-usb-0:2.1.1:1.0-port0
1790754265.3603,B,35,3306,-73,/dev/serial/by-path/pci-0000:05:00.3-usb-0:2.1.2:1.0-port0
1790754265.3782,B,36,3324,-67,/dev/serial/by-path/pci-0000:05:00.3-usb-0:2.1.2:1.0-port0
1790754265.3795,C,39,3324,-65,/dev/serial/by-path/pci-0000:05:00.3-usb-0:2.1.3:1.0-port0
1790754265.4141,C,40,3359,-62,/dev/serial/by-path/pci-0000:05:00.3-usb-0:2.1.3:1.0-port0
1790754265.4202,A,46,3371,-86,/dev/serial/by-path/pci-0000:05:00.3-usb-0:2.1.1:1.0-port0
1790754265.4205,B,37,3367,-67,/dev/serial/by-path/pci-0000:05:00.3-usb-0:2.1.2:1.0-port0
1790754265.5124,A,47,3463,-88,/dev/serial/by-path/pci-0000:05:00.3-usb-0:2.1.1:1.0-port0
1790754265.5290,C,41,3474,-64,/dev/serial/by-path/pci-0000:05:00.3-usb-0:2.1.3:1.0-port0
1790754265.5537,B,38,3499,-67,/dev/serial/by-path/pci-0000:05:00.3-usb-0:2.1.2:1.0-port0
1790754265.5774,C,42,3522,-62,/dev/serial/by-path/pci-0000:05:00.3-usb-0:2.1.3:1.0-port0
1790754265.5845,A,48,3535,-87,/dev/serial/by-path/pci-0000:05:00.3-usb-0:2.1.1:1.0-port0
1790754265.5942,C,43,3539,-65,/dev/serial/by-path/pci-0000:05:00.3-usb-0:2.1.3:1.0-port0
1790754265.6102,B,39,3556,-67,/dev/serial/by-path/pci-0000:05:00.3-usb-0:2.1.2:1.0-port0
1790754265.6377,A,49,3589,-80,/dev/serial/by-path/pci-0000:05:00.3-usb-0:2.1.1:1.0-port0
1790754265.6377,A,50,3589,-80,/dev/serial/by-path/pci-0000:05:00.3-usb-0:2.1.1:1.0-port0
1790754265.6610,B,40,3607,-72,/dev/serial/by-path/pci-0000:05:00.3-usb-0:2.1.2:1.0-port0
1790754265.6852,B,41,3631,-67,/dev/serial/by-path/pci-0000:05:00.3-usb-0:2.1.2:1.0-port0
1790754265.6896,A,51,3640,-86,/dev/serial/by-path/pci-0000:05:00.3-usb-0:2.1.1:1.0-port0
1790754265.7215,C,44,3666,-63,/dev/serial/by-path/pci-0000:05:00.3-usb-0:2.1.3:1.0-port0
1790754265.7219,B,42,3668,-67,/dev/serial/by-path/pci-0000:05:00.3-usb-0:2.1.2:1.0-port0
1790754265.7237,A,52,3674,-87,/dev/serial/by-path/pci-0000:05:00.3-usb-0:2.1.1:1.0-port0
1790754265.7696,A,53,3720,-79,/dev/serial/by-path/pci-0000:05:00.3-usb-0:2.1.1:1.0-port0
1790754265.7797,C,45,3724,-64,/dev/serial/by-path/pci-0000:05:00.3-usb-0:2.1.3:1.0-port0
1790754265.7965,B,43,3743,-72,/dev/serial/by-path/pci-0000:05:00.3-usb-0:2.1.2:1.0-port0
1790754265.8295,C,46,3774,-64,/dev/serial/by-path/pci-0000:05:00.3-usb-0:2.1.3:1.0-port0
1790754265.8395,A,54,3790,-87,/dev/serial/by-path/pci-0000:05:00.3-usb-0:2.1.1:1.0-port0
1790754265.8592,B,44,3805,-67,/dev/serial/by-path/pci-0000:05:00.3-usb-0:2.1.2:1.0-port0
1790754265.8796,C,47,3824,-63,/dev/serial/by-path/pci-0000:05:00.3-usb-0:2.1.3:1.0-port0
1790754265.8897,A,55,3840,-86,/dev/serial/by-path/pci-0000:05:00.3-usb-0:2.1.1:1.0-port0
1790754265.8998,B,45,3846,-68,/dev/serial/by-path/pci-0000:05:00.3-usb-0:2.1.2:1.0-port0
1790754265.9002,A,56,3850,-79,/dev/serial/by-path/pci-0000:05:00.3-usb-0:2.1.1:1.0-port0
1790754265.9005,C,48,3844,-65,/dev/serial/by-path/pci-0000:05:00.3-usb-0:2.1.3:1.0-port0
1790754265.9608,B,46,3907,-73,/dev/serial/by-path/pci-0000:05:00.3-usb-0:2.1.2:1.0-port0
1790754265.9728,C,49,3918,-65,/dev/serial/by-path/pci-0000:05:00.3-usb-0:2.1.3:1.0-port0
1790754265.9853,B,47,3931,-67,/dev/serial/by-path/pci-0000:05:00.3-usb-0:2.1.2:1.0-port0
1790754265.9877,A,57,3938,-84,/dev/serial/by-path/pci-0000:05:00.3-usb-0:2.1.1:1.0-port0
1790754265.9960,C,50,3941,-63,/dev/serial/by-path/pci-0000:05:00.3-usb-0:2.1.3:1.0-port0
1790754266.0268,C,51,3971,-63,/dev/serial/by-path/pci-0000:05:00.3-usb-0:2.1.3:1.0-port0
1790754266.0278,A,58,3977,-86,/dev/serial/by-path/pci-0000:05:00.3-usb-0:2.1.1:1.0-port0
1790754266.0353,B,48,3981,-67,/dev/serial/by-path/pci-0000:05:00.3-usb-0:2.1.2:1.0-port0
1790754266.0774,C,52,4022,-63,/dev/serial/by-path/pci-0000:05:00.3-usb-0:2.1.3:1.0-port0
1790754266.1027,B,49,4049,-73,/dev/serial/by-path/pci-0000:05:00.3-usb-0:2.1.2:1.0-port0
1790754266.1246,A,59,4075,-84,/dev/serial/by-path/pci-0000:05:00.3-usb-0:2.1.1:1.0-port0
1790754266.1250,C,53,4069,-64,/dev/serial/by-path/pci-0000:05:00.3-usb-0:2.1.3:1.0-port0
1790754266.1323,B,50,4078,-66,/dev/serial/by-path/pci-0000:05:00.3-usb-0:2.1.2:1.0-port0
1790754266.1792,C,54,4124,-62,/dev/serial/by-path/pci-0000:05:00.3-usb-0:2.1.3:1.0-port0
1790754266.1895,A,60,4140,-87,/dev/serial/by-path/pci-0000:05:00.3-usb-0:2.1.1:1.0-port0
1790754266.2126,C,55,4158,-64,/dev/serial/by-path/pci-0000:05:00.3-usb-0:2.1.3:1.0-port0
1790754266.2129,A,61,4164,-80,/dev/serial/by-path/pci-0000:05:00.3-usb-0:2.1.1:1.0-port0
1790754266.2548,C,56,4199,-64,/dev/serial/by-path/pci-0000:05:00.3-usb-0:2.1.3:1.0-port0
1790754266.2551,B,51,4201,-73,/dev/serial/by-path/pci-0000:05:00.3-usb-0:2.1.2:1.0-port0
1790754266.2553,A,62,4206,-85,/dev/serial/by-path/pci-0000:05:00.3-usb-0:2.1.1:1.0-port0
1790754266.3057,A,63,4256,-86,/dev/serial/by-path/pci-0000:05:00.3-usb-0:2.1.1:1.0-port0
1790754266.3060,C,57,4250,-63,/dev/serial/by-path/pci-0000:05:00.3-usb-0:2.1.3:1.0-port0
1790754266.3063,B,52,4251,-67,/dev/serial/by-path/pci-0000:05:00.3-usb-0:2.1.2:1.0-port0
1790754266.3498,B,53,4296,-67,/dev/serial/by-path/pci-0000:05:00.3-usb-0:2.1.2:1.0-port0
1790754266.3766,C,58,4321,-64,/dev/serial/by-path/pci-0000:05:00.3-usb-0:2.1.3:1.0-port0
1790754266.3894,A,64,4340,-80,/dev/serial/by-path/pci-0000:05:00.3-usb-0:2.1.1:1.0-port0
1790754266.4103,B,54,4356,-72,/dev/serial/by-path/pci-0000:05:00.3-usb-0:2.1.2:1.0-port0
1790754266.4229,C,59,4368,-64,/dev/serial/by-path/pci-0000:05:00.3-usb-0:2.1.3:1.0-port0
1790754266.4358,A,65,4386,-86,/dev/serial/by-path/pci-0000:05:00.3-usb-0:2.1.1:1.0-port0
1790754266.4364,B,55,4383,-67,/dev/serial/by-path/pci-0000:05:00.3-usb-0:2.1.2:1.0-port0
1790754266.4509,C,60,4396,-63,/dev/serial/by-path/pci-0000:05:00.3-usb-0:2.1.3:1.0-port0
1790754266.4779,C,61,4421,-63,/dev/serial/by-path/pci-0000:05:00.3-usb-0:2.1.3:1.0-port0
1790754266.4783,B,56,4423,-67,/dev/serial/by-path/pci-0000:05:00.3-usb-0:2.1.2:1.0-port0
1790754266.4894,A,66,4440,-85,/dev/serial/by-path/pci-0000:05:00.3-usb-0:2.1.1:1.0-port0
1790754266.5243,C,62,4469,-64,/dev/serial/by-path/pci-0000:05:00.3-usb-0:2.1.3:1.0-port0
1790754266.5260,A,67,4477,-81,/dev/serial/by-path/pci-0000:05:00.3-usb-0:2.1.1:1.0-port0
1790754266.5263,B,57,4473,-73,/dev/serial/by-path/pci-0000:05:00.3-usb-0:2.1.2:1.0-port0
1790754266.5734,B,58,4519,-67,/dev/serial/by-path/pci-0000:05:00.3-usb-0:2.1.2:1.0-port0
1790754266.5790,C,63,4524,-64,/dev/serial/by-path/pci-0000:05:00.3-usb-0:2.1.3:1.0-port0
1790754266.5896,A,68,4540,-83,/dev/serial/by-path/pci-0000:05:00.3-usb-0:2.1.1:1.0-port0
1790754266.6140,C,64,4559,-63,/dev/serial/by-path/pci-0000:05:00.3-usb-0:2.1.3:1.0-port0
1790754266.6145,A,69,4565,-86,/dev/serial/by-path/pci-0000:05:00.3-usb-0:2.1.1:1.0-port0
1790754266.6161,B,59,4562,-67,/dev/serial/by-path/pci-0000:05:00.3-usb-0:2.1.2:1.0-port0
1790754266.7104,B,60,4656,-72,/dev/serial/by-path/pci-0000:05:00.3-usb-0:2.1.2:1.0-port0
1790754266.7291,C,65,4674,-63,/dev/serial/by-path/pci-0000:05:00.3-usb-0:2.1.3:1.0-port0
1790754266.7310,A,70,4682,-82,/dev/serial/by-path/pci-0000:05:00.3-usb-0:2.1.1:1.0-port0
1790754266.7518,C,66,4696,-63,/dev/serial/by-path/pci-0000:05:00.3-usb-0:2.1.3:1.0-port0
1790754266.7519,A,71,4702,-85,/dev/serial/by-path/pci-0000:05:00.3-usb-0:2.1.1:1.0-port0
1790754266.7602,B,61,4706,-66,/dev/serial/by-path/pci-0000:05:00.3-usb-0:2.1.2:1.0-port0
1790754266.7931,C,67,4738,-64,/dev/serial/by-path/pci-0000:05:00.3-usb-0:2.1.3:1.0-port0
1790754266.8105,B,62,4756,-67,/dev/serial/by-path/pci-0000:05:00.3-usb-0:2.1.2:1.0-port0
1790754266.8125,A,72,4763,-79,/dev/serial/by-path/pci-0000:05:00.3-usb-0:2.1.1:1.0-port0
1790754266.8405,C,68,4785,-63,/dev/serial/by-path/pci-0000:05:00.3-usb-0:2.1.3:1.0-port0
1790754266.8603,B,63,4806,-73,/dev/serial/by-path/pci-0000:05:00.3-usb-0:2.1.2:1.0-port0
1790754266.8851,B,64,4831,-67,/dev/serial/by-path/pci-0000:05:00.3-usb-0:2.1.2:1.0-port0
1790754266.8865,A,73,4837,-83,/dev/serial/by-path/pci-0000:05:00.3-usb-0:2.1.1:1.0-port0
1790754266.9292,C,69,4874,-62,/dev/serial/by-path/pci-0000:05:00.3-usb-0:2.1.3:1.0-port0
1790754266.9295,B,65,4875,-67,/dev/serial/by-path/pci-0000:05:00.3-usb-0:2.1.2:1.0-port0
1790754266.9397,A,74,4890,-86,/dev/serial/by-path/pci-0000:05:00.3-usb-0:2.1.1:1.0-port0
1790754266.9755,A,75,4926,-79,/dev/serial/by-path/pci-0000:05:00.3-usb-0:2.1.1:1.0-port0
1790754266.9758,C,70,4920,-62,/dev/serial/by-path/pci-0000:05:00.3-usb-0:2.1.3:1.0-port0
1790754267.0104,B,66,4956,-73,/dev/serial/by-path/pci-0000:05:00.3-usb-0:2.1.2:1.0-port0
1790754267.0291,C,71,4974,-63,/dev/serial/by-path/pci-0000:05:00.3-usb-0:2.1.3:1.0-port0
1790754267.0341,B,67,4980,-66,/dev/serial/by-path/pci-0000:05:00.3-usb-0:2.1.2:1.0-port0
1790754267.0408,A,76,4990,-82,/dev/serial/by-path/pci-0000:05:00.3-usb-0:2.1.1:1.0-port0
1790754267.0651,A,77,5015,-86,/dev/serial/by-path/pci-0000:05:00.3-usb-0:2.1.1:1.0-port0
1790754267.0702,C,72,5015,-62,/dev/serial/by-path/pci-0000:05:00.3-usb-0:2.1.3:1.0-port0
1790754267.1104,B,68,5056,-67,/dev/serial/by-path/pci-0000:05:00.3-usb-0:2.1.2:1.0-port0
1790754267.1291,C,73,5074,-64,/dev/serial/by-path/pci-0000:05:00.3-usb-0:2.1.3:1.0-port0
1790754267.1394,A,78,5090,-79,/dev/serial/by-path/pci-0000:05:00.3-usb-0:2.1.1:1.0-port0
1790754267.1486,B,69,5095,-72,/dev/serial/by-path/pci-0000:05:00.3-usb-0:2.1.2:1.0-port0
1790754267.1488,C,74,5093,-64,/dev/serial/by-path/pci-0000:05:00.3-usb-0:2.1.3:1.0-port0
1790754267.1558,A,79,5106,-85,/dev/serial/by-path/pci-0000:05:00.3-usb-0:2.1.1:1.0-port0
1790754267.1957,B,70,5142,-66,/dev/serial/by-path/pci-0000:05:00.3-usb-0:2.1.2:1.0-port0
1790754267.2033,C,75,5148,-63,/dev/serial/by-path/pci-0000:05:00.3-usb-0:2.1.3:1.0-port0
1790754267.2394,A,80,5190,-85,/dev/serial/by-path/pci-0000:05:00.3-usb-0:2.1.1:1.0-port0
1790754267.2790,C,76,5224,-64,/dev/serial/by-path/pci-0000:05:00.3-usb-0:2.1.3:1.0-port0
1790754267.2792,A,81,5229,-80,/dev/serial/by-path/pci-0000:05:00.3-usb-0:2.1.1:1.0-port0
1790754267.2795,B,71,5226,-74,/dev/serial/by-path/pci-0000:05:00.3-usb-0:2.1.2:1.0-port0
1790754267.3296,C,77,5274,-64,/dev/serial/by-path/pci-0000:05:00.3-usb-0:2.1.3:1.0-port0
1790754267.3396,A,82,5290,-83,/dev/serial/by-path/pci-0000:05:00.3-usb-0:2.1.1:1.0-port0
1790754267.3400,B,72,5286,-67,/dev/serial/by-path/pci-0000:05:00.3-usb-0:2.1.2:1.0-port0
1790754267.3672,C,78,5312,-62,/dev/serial/by-path/pci-0000:05:00.3-usb-0:2.1.3:1.0-port0
1790754267.3690,B,73,5315,-67,/dev/serial/by-path/pci-0000:05:00.3-usb-0:2.1.2:1.0-port0
1790754267.3693,A,83,5320,-86,/dev/serial/by-path/pci-0000:05:00.3-usb-0:2.1.1:1.0-port0
1790754267.4154,A,84,5366,-81,/dev/serial/by-path/pci-0000:05:00.3-usb-0:2.1.1:1.0-port0
1790754267.4155,B,74,5362,-73,/dev/serial/by-path/pci-0000:05:00.3-usb-0:2.1.2:1.0-port0
1790754267.4564,C,79,5401,-65,/dev/serial/by-path/pci-0000:05:00.3-usb-0:2.1.3:1.0-port0
1790754267.4565,B,75,5403,-73,/dev/serial/by-path/pci-0000:05:00.3-usb-0:2.1.2:1.0-port0
1790754267.4802,A,85,5430,-85,/dev/serial/by-path/pci-0000:05:00.3-usb-0:2.1.1:1.0-port0
1790754267.5104,B,76,5456,-66,/dev/serial/by-path/pci-0000:05:00.3-usb-0:2.1.2:1.0-port0
1790754267.5143,C,80,5459,-62,/dev/serial/by-path/pci-0000:05:00.3-usb-0:2.1.3:1.0-port0
1790754267.5178,A,86,5468,-86,/dev/serial/by-path/pci-0000:05:00.3-usb-0:2.1.1:1.0-port0
1790754267.5986,C,81,5543,-64,/dev/serial/by-path/pci-0000:05:00.3-usb-0:2.1.3:1.0-port0
1790754267.5989,B,77,5545,-74,/dev/serial/by-path/pci-0000:05:00.3-usb-0:2.1.2:1.0-port0
1790754267.6402,A,87,5591,-84,/dev/serial/by-path/pci-0000:05:00.3-usb-0:2.1.1:1.0-port0
1790754267.6458,B,78,5592,-66,/dev/serial/by-path/pci-0000:05:00.3-usb-0:2.1.2:1.0-port0
1790754267.6460,C,82,5591,-62,/dev/serial/by-path/pci-0000:05:00.3-usb-0:2.1.3:1.0-port0
1790754267.6464,A,88,5597,-86,/dev/serial/by-path/pci-0000:05:00.3-usb-0:2.1.1:1.0-port0
1790754267.7605,B,79,5706,-72,/dev/serial/by-path/pci-0000:05:00.3-usb-0:2.1.2:1.0-port0
1790754267.7791,C,83,5724,-64,/dev/serial/by-path/pci-0000:05:00.3-usb-0:2.1.3:1.0-port0
1790754267.7829,B,80,5729,-66,/dev/serial/by-path/pci-0000:05:00.3-usb-0:2.1.2:1.0-port0
1790754267.7896,A,89,5740,-85,/dev/serial/by-path/pci-0000:05:00.3-usb-0:2.1.1:1.0-port0
1790754267.7943,C,84,5739,-62,/dev/serial/by-path/pci-0000:05:00.3-usb-0:2.1.3:1.0-port0
1790754267.8292,A,90,5780,-84,/dev/serial/by-path/pci-0000:05:00.3-usb-0:2.1.1:1.0-port0
1790754267.8295,C,85,5774,-62,/dev/serial/by-path/pci-0000:05:00.3-usb-0:2.1.3:1.0-port0
1790754267.8312,B,81,5777,-68,/dev/serial/by-path/pci-0000:05:00.3-usb-0:2.1.2:1.0-port0
1790754267.8772,C,86,5822,-64,/dev/serial/by-path/pci-0000:05:00.3-usb-0:2.1.3:1.0-port0
1790754267.8894,A,91,5840,-80,/dev/serial/by-path/pci-0000:05:00.3-usb-0:2.1.1:1.0-port0
1790754267.9007,B,82,5847,-72,/dev/serial/by-path/pci-0000:05:00.3-usb-0:2.1.2:1.0-port0
1790754267.9183,B,83,5864,-67,/dev/serial/by-path/pci-0000:05:00.3-usb-0:2.1.2:1.0-port0
1790754267.9200,C,87,5865,-63,/dev/serial/by-path/pci-0000:05:00.3-usb-0:2.1.3:1.0-port0
1790754267.9204,A,92,5871,-83,/dev/serial/by-path/pci-0000:05:00.3-usb-0:2.1.1:1.0-port0
1790754267.9694,C,88,5914,-62,/dev/serial/by-path/pci-0000:05:00.3-usb-0:2.1.3:1.0-port0
1790754267.9698,A,93,5920,-85,/dev/serial/by-path/pci-0000:05:00.3-usb-0:2.1.1:1.0-port0
1790754268.0125,A,94,5963,-80,/dev/serial/by-path/pci-0000:05:00.3-usb-0:2.1.1:1.0-port0
1790754268.0288,C,89,5974,-64,/dev/serial/by-path/pci-0000:05:00.3-usb-0:2.1.3:1.0-port0
1790754268.0587,C,90,6003,-64,/dev/serial/by-path/pci-0000:05:00.3-usb-0:2.1.3:1.0-port0
1790754268.0610,B,84,6007,-72,/dev/serial/by-path/pci-0000:05:00.3-usb-0:2.1.2:1.0-port0
1790754268.0895,A,95,6040,-87,/dev/serial/by-path/pci-0000:05:00.3-usb-0:2.1.1:1.0-port0
1790754268.1103,B,85,6056,-66,/dev/serial/by-path/pci-0000:05:00.3-usb-0:2.1.2:1.0-port0
1790754268.1117,A,96,6062,-84,/dev/serial/by-path/pci-0000:05:00.3-usb-0:2.1.1:1.0-port0
1790754268.1291,C,91,6074,-62,/dev/serial/by-path/pci-0000:05:00.3-usb-0:2.1.3:1.0-port0
1790754268.1604,C,92,6106,-64,/dev/serial/by-path/pci-0000:05:00.3-usb-0:2.1.3:1.0-port0
1790754268.1607,B,86,6106,-67,/dev/serial/by-path/pci-0000:05:00.3-usb-0:2.1.2:1.0-port0
1790754268.1896,A,97,6140,-81,/dev/serial/by-path/pci-0000:05:00.3-usb-0:2.1.1:1.0-port0
1790754268.2023,C,93,6147,-64,/dev/serial/by-path/pci-0000:05:00.3-usb-0:2.1.3:1.0-port0
1790754268.2025,B,87,6148,-72,/dev/serial/by-path/pci-0000:05:00.3-usb-0:2.1.2:1.0-port0
1790754268.2029,A,98,6154,-88,/dev/serial/by-path/pci-0000:05:00.3-usb-0:2.1.1:1.0-port0
1790754268.2387,B,88,6185,-66,/dev/serial/by-path/pci-0000:05:00.3-usb-0:2.1.2:1.0-port0
1790754268.2390,C,94,6184,-62,/dev/serial/by-path/pci-0000:05:00.3-usb-0:2.1.3:1.0-port0
1790754268.2868,A,99,6237,-85,/dev/serial/by-path/pci-0000:05:00.3-usb-0:2.1.1:1.0-port0
1790754268.2870,B,89,6233,-67,/dev/serial/by-path/pci-0000:05:00.3-usb-0:2.1.2:1.0-port0
1790754268.3216,C,95,6266,-64,/dev/serial/by-path/pci-0000:05:00.3-usb-0:2.1.3:1.0-port0
1790754268.3290,B,90,6275,-73,/dev/serial/by-path/pci-0000:05:00.3-usb-0:2.1.2:1.0-port0
1790754268.3294,C,96,6274,-64,/dev/serial/by-path/pci-0000:05:00.3-usb-0:2.1.3:1.0-port0
1790754268.3296,A,100,6279,-81,/dev/serial/by-path/pci-0000:05:00.3-usb-0:2.1.1:1.0-port0
1790754268.3795,C,97,6324,-64,/dev/serial/by-path/pci-0000:05:00.3-usb-0:2.1.3:1.0-port0
1790754268.3874,B,91,6334,-66,/dev/serial/by-path/pci-0000:05:00.3-usb-0:2.1.2:1.0-port0
1790754268.3896,A,101,6340,-86,/dev/serial/by-path/pci-0000:05:00.3-usb-0:2.1.1:1.0-port0
1790754268.4228,C,98,6368,-62,/dev/serial/by-path/pci-0000:05:00.3-usb-0:2.1.3:1.0-port0
1790754268.4329,A,102,6383,-85,/dev/serial/by-path/pci-0000:05:00.3-usb-0:2.1.1:1.0-port0
1790754268.4332,B,92,6380,-67,/dev/serial/by-path/pci-0000:05:00.3-usb-0:2.1.2:1.0-port0
1790754268.4800,B,93,6426,-72,/dev/serial/by-path/pci-0000:05:00.3-usb-0:2.1.2:1.0-port0
1790754268.4802,A,103,6431,-79,/dev/serial/by-path/pci-0000:05:00.3-usb-0:2.1.1:1.0-port0
1790754268.5222,A,104,6472,-85,/dev/serial/by-path/pci-0000:05:00.3-usb-0:2.1.1:1.0-port0
1790754268.5242,B,94,6469,-67,/dev/serial/by-path/pci-0000:05:00.3-usb-0:2.1.2:1.0-port0
1790754268.5245,C,99,6469,-64,/dev/serial/by-path/pci-0000:05:00.3-usb-0:2.1.3:1.0-port0
1790754268.5617,C,100,6506,-62,/dev/serial/by-path/pci-0000:05:00.3-usb-0:2.1.3:1.0-port0
1790754268.5895,A,105,6540,-85,/dev/serial/by-path/pci-0000:05:00.3-usb-0:2.1.1:1.0-port0
1790754268.6526,B,95,6599,-72,/dev/serial/by-path/pci-0000:05:00.3-usb-0:2.1.2:1.0-port0
1790754268.6531,A,106,6603,-86,/dev/serial/by-path/pci-0000:05:00.3-usb-0:2.1.1:1.0-port0
1790754268.6531,C,101,6597,-63,/dev/serial/by-path/pci-0000:05:00.3-usb-0:2.1.3:1.0-port0
1790754268.6962,C,102,6641,-62,/dev/serial/by-path/pci-0000:05:00.3-usb-0:2.1.3:1.0-port0
1790754268.7103,B,96,6656,-67,/dev/serial/by-path/pci-0000:05:00.3-usb-0:2.1.2:1.0-port0
1790754268.7395,A,107,6690,-86,/dev/serial/by-path/pci-0000:05:00.3-usb-0:2.1.1:1.0-port0
1790754268.7453,B,97,6691,-67,/dev/serial/by-path/pci-0000:05:00.3-usb-0:2.1.2:1.0-port0
1790754268.7504,C,103,6695,-64,/dev/serial/by-path/pci-0000:05:00.3-usb-0:2.1.3:1.0-port0
1790754268.7596,A,108,6710,-79,/dev/serial/by-path/pci-0000:05:00.3-usb-0:2.1.1:1.0-port0
1790754268.7881,B,98,6734,-73,/dev/serial/by-path/pci-0000:05:00.3-usb-0:2.1.2:1.0-port0
1790754268.7884,C,104,6733,-64,/dev/serial/by-path/pci-0000:05:00.3-usb-0:2.1.3:1.0-port0
1790754268.8343,A,109,6785,-85,/dev/serial/by-path/pci-0000:05:00.3-usb-0:2.1.1:1.0-port0
1790754268.8498,C,105,6794,-62,/dev/serial/by-path/pci-0000:05:00.3-usb-0:2.1.3:1.0-port0
1790754268.8566,B,99,6803,-67,/dev/serial/by-path/pci-0000:05:00.3-usb-0:2.1.2:1.0-port0
1790754268.8781,A,110,6828,-86,/dev/serial/by-path/pci-0000:05:00.3-usb-0:2.1.1:1.0-port0
1790754268.8787,C,106,6824,-62,/dev/serial/by-path/pci-0000:05:00.3-usb-0:2.1.3:1.0-port0
1790754268.9104,B,100,6856,-67,/dev/serial/by-path/pci-0000:05:00.3-usb-0:2.1.2:1.0-port0
1790754268.9601,B,101,6906,-72,/dev/serial/by-path/pci-0000:05:00.3-usb-0:2.1.2:1.0-port0
1790754268.9647,C,107,6910,-64,/dev/serial/by-path/pci-0000:05:00.3-usb-0:2.1.3:1.0-port0
1790754268.9650,A,111,6916,-84,/dev/serial/by-path/pci-0000:05:00.3-usb-0:2.1.1:1.0-port0
1790754269.0136,C,108,6958,-62,/dev/serial/by-path/pci-0000:05:00.3-usb-0:2.1.3:1.0-port0
1790754269.0328,A,112,6983,-85,/dev/serial/by-path/pci-0000:05:00.3-usb-0:2.1.1:1.0-port0
1790754269.0332,B,102,6979,-71,/dev/serial/by-path/pci-0000:05:00.3-usb-0:2.1.2:1.0-port0
1790754269.0562,B,103,7002,-67,/dev/serial/by-path/pci-0000:05:00.3-usb-0:2.1.2:1.0-port0
1790754269.0566,A,113,7007,-78,/dev/serial/by-path/pci-0000:05:00.3-usb-0:2.1.1:1.0-port0
1790754269.0629,C,109,7007,-65,/dev/serial/by-path/pci-0000:05:00.3-usb-0:2.1.3:1.0-port0
1790754269.1012,C,110,7046,-64,/dev/serial/by-path/pci-0000:05:00.3-usb-0:2.1.3:1.0-port0
1790754269.1109,B,104,7056,-73,/dev/serial/by-path/pci-0000:05:00.3-usb-0:2.1.2:1.0-port0
1790754269.1397,A,114,7090,-87,/dev/serial/by-path/pci-0000:05:00.3-usb-0:2.1.1:1.0-port0
1790754269.1487,B,105,7095,-67,/dev/serial/by-path/pci-0000:05:00.3-usb-0:2.1.2:1.0-port0
1790754269.1680,C,111,7113,-62,/dev/serial/by-path/pci-0000:05:00.3-usb-0:2.1.3:1.0-port0
1790754269.1765,A,115,7127,-85,/dev/serial/by-path/pci-0000:05:00.3-usb-0:2.1.1:1.0-port0
1790754269.1956,B,106,7141,-67,/dev/serial/by-path/pci-0000:05:00.3-usb-0:2.1.2:1.0-port0
1790754269.2215,C,112,7166,-65,/dev/serial/by-path/pci-0000:05:00.3-usb-0:2.1.3:1.0-port0
1790754269.2341,A,116,7185,-78,/dev/serial/by-path/pci-0000:05:00.3-usb-0:2.1.1:1.0-port0
1790754269.2361,A,117,7185,-81,/dev/serial/by-path/pci-0000:05:00.3-usb-0:2.1.1:1.0-port0
1790754269.2602,B,107,7206,-72,/dev/serial/by-path/pci-0000:05:00.3-usb-0:2.1.2:1.0-port0
1790754269.2761,B,108,7222,-67,/dev/serial/by-path/pci-0000:05:00.3-usb-0:2.1.2:1.0-port0
1790754269.2765,C,113,7222,-64,/dev/serial/by-path/pci-0000:05:00.3-usb-0:2.1.3:1.0-port0
1790754269.2791,C,114,7222,-64,/dev/serial/by-path/pci-0000:05:00.3-usb-0:2.1.3:1.0-port0
1790754269.2837,A,118,7234,-86,/dev/serial/by-path/pci-0000:05:00.3-usb-0:2.1.1:1.0-port0
1790754269.3221,B,109,7268,-66,/dev/serial/by-path/pci-0000:05:00.3-usb-0:2.1.2:1.0-port0
1790754269.3224,A,119,7272,-89,/dev/serial/by-path/pci-0000:05:00.3-usb-0:2.1.1:1.0-port0
1790754269.3637,A,120,7314,-82,/dev/serial/by-path/pci-0000:05:00.3-usb-0:2.1.1:1.0-port0
1790754269.3762,C,115,7321,-64,/dev/serial/by-path/pci-0000:05:00.3-usb-0:2.1.3:1.0-port0
1790754269.3880,B,110,7334,-72,/dev/serial/by-path/pci-0000:05:00.3-usb-0:2.1.2:1.0-port0
1790754269.4136,C,116,7358,-64,/dev/serial/by-path/pci-0000:05:00.3-usb-0:2.1.3:1.0-port0
1790754269.4395,A,121,7390,-86,/dev/serial/by-path/pci-0000:05:00.3-usb-0:2.1.1:1.0-port0
1790754269.4604,B,111,7406,-67,/dev/serial/by-path/pci-0000:05:00.3-usb-0:2.1.2:1.0-port0
1790754269.4792,C,117,7424,-62,/dev/serial/by-path/pci-0000:05:00.3-usb-0:2.1.3:1.0-port0
1790754269.4896,A,122,7440,-91,/dev/serial/by-path/pci-0000:05:00.3-usb-0:2.1.1:1.0-port0
1790754269.4968,B,112,7443,-66,/dev/serial/by-path/pci-0000:05:00.3-usb-0:2.1.2:1.0-port0
1790754269.4971,A,123,7448,-81,/dev/serial/by-path/pci-0000:05:00.3-usb-0:2.1.1:1.0-port0
1790754269.5242,C,118,7468,-64,/dev/serial/by-path/pci-0000:05:00.3-usb-0:2.1.3:1.0-port0
1790754269.5474,B,113,7492,-74,/dev/serial/by-path/pci-0000:05:00.3-usb-0:2.1.2:1.0-port0
1790754269.5791,C,119,7524,-64,/dev/serial/by-path/pci-0000:05:00.3-usb-0:2.1.3:1.0-port0
1790754269.5805,A,124,7531,-92,/dev/serial/by-path/pci-0000:05:00.3-usb-0:2.1.1:1.0-port0
1790754269.5884,B,114,7534,-66,/dev/serial/by-path/pci-0000:05:00.3-usb-0:2.1.2:1.0-port0
1790754269.5894,C,120,7534,-62,/dev/serial/by-path/pci-0000:05:00.3-usb-0:2.1.3:1.0-port0
1790754269.6333,B,115,7579,-66,/dev/serial/by-path/pci-0000:05:00.3-usb-0:2.1.2:1.0-port0
1790754269.6372,C,121,7582,-65,/dev/serial/by-path/pci-0000:05:00.3-usb-0:2.1.3:1.0-port0
1790754269.6391,A,125,7590,-87,/dev/serial/by-path/pci-0000:05:00.3-usb-0:2.1.1:1.0-port0
1790754269.6897,A,126,7640,-80,/dev/serial/by-path/pci-0000:05:00.3-usb-0:2.1.1:1.0-port0
1790754269.7068,B,116,7653,-73,/dev/serial/by-path/pci-0000:05:00.3-usb-0:2.1.2:1.0-port0
1790754269.7272,A,127,7678,-87,/dev/serial/by-path/pci-0000:05:00.3-usb-0:2.1.1:1.0-port0
1790754269.7291,C,122,7674,-63,/dev/serial/by-path/pci-0000:05:00.3-usb-0:2.1.3:1.0-port0
1790754269.7403,B,117,7686,-67,/dev/serial/by-path/pci-0000:05:00.3-usb-0:2.1.2:1.0-port0
1790754269.7677,C,123,7712,-62,/dev/serial/by-path/pci-0000:05:00.3-usb-0:2.1.3:1.0-port0
1790754269.7897,A,128,7740,-89,/dev/serial/by-path/pci-0000:05:00.3-usb-0:2.1.1:1.0-port0
1790754269.8015,B,118,7748,-67,/dev/serial/by-path/pci-0000:05:00.3-usb-0:2.1.2:1.0-port0
1790754269.8222,C,124,7767,-65,/dev/serial/by-path/pci-0000:05:00.3-usb-0:2.1.3:1.0-port0
1790754269.8226,A,129,7773,-78,/dev/serial/by-path/pci-0000:05:00.3-usb-0:2.1.1:1.0-port0
1790754269.8592,B,119,7805,-72,/dev/serial/by-path/pci-0000:05:00.3-usb-0:2.1.2:1.0-port0
1790754269.8653,B,120,7811,-66,/dev/serial/by-path/pci-0000:05:00.3-usb-0:2.1.2:1.0-port0
1790754269.8668,C,125,7811,-63,/dev/serial/by-path/pci-0000:05:00.3-usb-0:2.1.3:1.0-port0
1790754269.9071,C,126,7852,-62,/dev/serial/by-path/pci-0000:05:00.3-usb-0:2.1.3:1.0-port0
1790754269.9075,A,130,7858,-91,/dev/serial/by-path/pci-0000:05:00.3-usb-0:2.1.1:1.0-port0
1790754269.9091,B,121,7855,-67,/dev/serial/by-path/pci-0000:05:00.3-usb-0:2.1.2:1.0-port0
1790754269.9720,A,131,7922,-83,/dev/serial/by-path/pci-0000:05:00.3-usb-0:2.1.1:1.0-port0
1790754269.9792,C,127,7924,-64,/dev/serial/by-path/pci-0000:05:00.3-usb-0:2.1.3:1.0-port0
1790754270.0105,B,122,7956,-73,/dev/serial/by-path/pci-0000:05:00.3-usb-0:2.1.2:1.0-port0
1790754270.0167,C,128,7961,-63,/dev/serial/by-path/pci-0000:05:00.3-usb-0:2.1.3:1.0-port0
1790754270.0170,A,132,7967,-86,/dev/serial/by-path/pci-0000:05:00.3-usb-0:2.1.1:1.0-port0
1790754270.0604,B,123,8006,-67,/dev/serial/by-path/pci-0000:05:00.3-usb-0:2.1.2:1.0-port0
1790754270.0897,A,133,8040,-94,/dev/serial/by-path/pci-0000:05:00.3-usb-0:2.1.1:1.0-port0
1790754270.1100,B,124,8056,-68,/dev/serial/by-path/pci-0000:05:00.3-usb-0:2.1.2:1.0-port0
1790754270.1214,C,129,8066,-64,/dev/serial/by-path/pci-0000:05:00.3-usb-0:2.1.3:1.0-port0
1790754270.1398,B,125,8086,-73,/dev/serial/by-path/pci-0000:05:00.3-usb-0:2.1.2:1.0-port0
1790754270.1413,A,134,8090,-78,/dev/serial/by-path/pci-0000:05:00.3-usb-0:2.1.1:1.0-port0
1790754270.1502,C,130,8095,-64,/dev/serial/by-path/pci-0000:05:00.3-usb-0:2.1.3:1.0-port0
1790754270.1899,A,135,8140,-86,/dev/serial/by-path/pci-0000:05:00.3-usb-0:2.1.1:1.0-port0
1790754270.2106,B,126,8156,-67,/dev/serial/by-path/pci-0000:05:00.3-usb-0:2.1.2:1.0-port0
1790754270.2238,C,131,8169,-62,/dev/serial/by-path/pci-0000:05:00.3-usb-0:2.1.3:1.0-port0
1790754270.2259,C,132,8169,-61,/dev/serial/by-path/pci-0000:05:00.3-usb-0:2.1.3:1.0-port0
1790754270.2796,C,133,8224,-66,/dev/serial/by-path/pci-0000:05:00.3-usb-0:2.1.3:1.0-port0
1790754270.2899,A,136,8240,-77,/dev/serial/by-path/pci-0000:05:00.3-usb-0:2.1.1:1.0-port0
1790754270.3104,B,127,8256,-73,/dev/serial/by-path/pci-0000:05:00.3-usb-0:2.1.2:1.0-port0
1790754270.3293,C,134,8274,-64,/dev/serial/by-path/pci-0000:05:00.3-usb-0:2.1.3:1.0-port0
1790754270.3295,B,128,8275,-67,/dev/serial/by-path/pci-0000:05:00.3-usb-0:2.1.2:1.0-port0
1790754270.3308,A,137,8281,-85,/dev/serial/by-path/pci-0000:05:00.3-usb-0:2.1.1:1.0-port0
1790754270.3602,B,129,8306,-67,/dev/serial/by-path/pci-0000:05:00.3-usb-0:2.1.2:1.0-port0
1790754270.3700,C,135,8315,-62,/dev/serial/by-path/pci-0000:05:00.3-usb-0:2.1.3:1.0-port0
1790754270.3901,A,138,8341,-88,/dev/serial/by-path/pci-0000:05:00.3-usb-0:2.1.1:1.0-port0
1790754270.3986,B,130,8345,-67,/dev/serial/by-path/pci-0000:05:00.3-usb-0:2.1.2:1.0-port0
1790754270.4042,C,136,8349,-65,/dev/serial/by-path/pci-0000:05:00.3-usb-0:2.1.3:1.0-port0
1790754270.4044,A,139,8355,-78,/dev/serial/by-path/pci-0000:05:00.3-usb-0:2.1.1:1.0-port0
1790754270.4457,B,131,8392,-74,/dev/serial/by-path/pci-0000:05:00.3-usb-0:2.1.2:1.0-port0
1790754270.4460,C,137,8391,-65,/dev/serial/by-path/pci-0000:05:00.3-usb-0:2.1.3:1.0-port0
1790754270.4897,A,140,8440,-86,/dev/serial/by-path/pci-0000:05:00.3-usb-0:2.1.1:1.0-port0
1790754270.4929,B,132,8439,-67,/dev/serial/by-path/pci-0000:05:00.3-usb-0:2.1.2:1.0-port0
1790754270.5302,C,138,8474,-63,/dev/serial/by-path/pci-0000:05:00.3-usb-0:2.1.3:1.0-port0
1790754270.5401,C,139,8485,-66,/dev/serial/by-path/pci-0000:05:00.3-usb-0:2.1.3:1.0-port0
1790754270.5404,B,133,8486,-68,/dev/serial/by-path/pci-0000:05:00.3-usb-0:2.1.2:1.0-port0
1790754270.5408,A,141,8490,-86,/dev/serial/by-path/pci-0000:05:00.3-usb-0:2.1.1:1.0-port0
1790754270.5899,A,142,8540,-79,/dev/serial/by-path/pci-0000:05:00.3-usb-0:2.1.1:1.0-port0
1790754270.6104,B,134,8556,-73,/dev/serial/by-path/pci-0000:05:00.3-usb-0:2.1.2:1.0-port0
1790754270.6287,C,140,8574,-64,/dev/serial/by-path/pci-0000:05:00.3-usb-0:2.1.3:1.0-port0
1790754270.6395,A,143,8590,-83,/dev/serial/by-path/pci-0000:05:00.3-usb-0:2.1.1:1.0-port0
1790754270.6476,B,135,8594,-67,/dev/serial/by-path/pci-0000:05:00.3-usb-0:2.1.2:1.0-port0
1790754270.6764,A,144,8627,-87,/dev/serial/by-path/pci-0000:05:00.3-usb-0:2.1.1:1.0-port0
1790754270.6781,C,141,8623,-63,/dev/serial/by-path/pci-0000:05:00.3-usb-0:2.1.3:1.0-port0
1790754270.6789,B,136,8625,-67,/dev/serial/by-path/pci-0000:05:00.3-usb-0:2.1.2:1.0-port0
1790754270.7266,B,137,8673,-73,/dev/serial/by-path/pci-0000:05:00.3-usb-0:2.1.2:1.0-port0
1790754270.7290,C,142,8674,-66,/dev/serial/by-path/pci-0000:05:00.3-usb-0:2.1.3:1.0-port0
1790754270.7396,A,145,8690,-81,/dev/serial/by-path/pci-0000:05:00.3-usb-0:2.1.1:1.0-port0
1790754270.7737,B,138,8720,-68,/dev/serial/by-path/pci-0000:05:00.3-usb-0:2.1.2:1.0-port0
1790754270.7794,C,143,8724,-65,/dev/serial/by-path/pci-0000:05:00.3-usb-0:2.1.3:1.0-port0
1790754270.7898,A,146,8740,-87,/dev/serial/by-path/pci-0000:05:00.3-usb-0:2.1.1:1.0-port0
1790754270.8096,C,144,8754,-63,/dev/serial/by-path/pci-0000:05:00.3-usb-0:2.1.3:1.0-port0
1790754270.8110,B,139,8757,-67,/dev/serial/by-path/pci-0000:05:00.3-usb-0:2.1.2:1.0-port0
1790754270.8125,A,147,8763,-86,/dev/serial/by-path/pci-0000:05:00.3-usb-0:2.1.1:1.0-port0
1790754270.9104,B,140,8856,-73,/dev/serial/by-path/pci-0000:05:00.3-usb-0:2.1.2:1.0-port0
1790754270.9291,C,145,8874,-64,/dev/serial/by-path/pci-0000:05:00.3-usb-0:2.1.3:1.0-port0
1790754270.9396,A,148,8890,-84,/dev/serial/by-path/pci-0000:05:00.3-usb-0:2.1.1:1.0-port0
1790754270.9531,C,146,8898,-65,/dev/serial/by-path/pci-0000:05:00.3-usb-0:2.1.3:1.0-port0
1790754270.9990,C,147,8944,-66,/dev/serial/by-path/pci-0000:05:00.3-usb-0:2.1.3:1.0-port0
1790754270.9993,A,149,8950,-79,/dev/serial/by-path/pci-0000:05:00.3-usb-0:2.1.1:1.0-port0
1790754271.0105,B,141,8957,-67,/dev/serial/by-path/pci-0000:05:00.3-usb-0:2.1.2:1.0-port0
1790754271.0604,B,142,9006,-73,/dev/serial/by-path/pci-0000:05:00.3-usb-0:2.1.2:1.0-port0
1790754271.0628,C,148,9008,-64,/dev/serial/by-path/pci-0000:05:00.3-usb-0:2.1.3:1.0-port0
1790754271.0632,A,150,9014,-84,/dev/serial/by-path/pci-0000:05:00.3-usb-0:2.1.1:1.0-port0
1790754271.0928,B,143,9039,-67,/dev/serial/by-path/pci-0000:05:00.3-usb-0:2.1.2:1.0-port0
1790754271.1127,C,149,9057,-64,/dev/serial/by-path/pci-0000:05:00.3-usb-0:2.1.3:1.0-port0
1790754271.1406,A,151,9090,-87,/dev/serial/by-path/pci-0000:05:00.3-usb-0:2.1.1:1.0-port0
1790754271.1641,A,152,9114,-79,/dev/serial/by-path/pci-0000:05:00.3-usb-0:2.1.1:1.0-port0
1790754271.1895,A,153,9140,-78,/dev/serial/by-path/pci-0000:05:00.3-usb-0:2.1.1:1.0-port0
1790754271.1899,B,144,9136,-72,/dev/serial/by-path/pci-0000:05:00.3-usb-0:2.1.2:1.0-port0
1790754271.2175,C,150,9162,-64,/dev/serial/by-path/pci-0000:05:00.3-usb-0:2.1.3:1.0-port0
1790754271.2294,B,145,9176,-67,/dev/serial/by-path/pci-0000:05:00.3-usb-0:2.1.2:1.0-port0
1790754271.2711,B,146,9217,-67,/dev/serial/by-path/pci-0000:05:00.3-usb-0:2.1.2:1.0-port0
1790754271.2781,C,151,9223,-65,/dev/serial/by-path/pci-0000:05:00.3-usb-0:2.1.3:1.0-port0
1790754271.2899,A,154,9240,-85,/dev/serial/by-path/pci-0000:05:00.3-usb-0:2.1.1:1.0-port0
1790754271.3199,C,152,9265,-66,/dev/serial/by-path/pci-0000:05:00.3-usb-0:2.1.3:1.0-port0
1790754271.3399,A,155,9290,-78,/dev/serial/by-path/pci-0000:05:00.3-usb-0:2.1.1:1.0-port0
1790754271.3602,B,147,9306,-75,/dev/serial/by-path/pci-0000:05:00.3-usb-0:2.1.2:1.0-port0
1790754271.3714,B,148,9318,-68,/dev/serial/by-path/pci-0000:05:00.3-usb-0:2.1.2:1.0-port0
1790754271.3719,C,153,9317,-64,/dev/serial/by-path/pci-0000:05:00.3-usb-0:2.1.3:1.0-port0
1790754271.3722,A,156,9323,-86,/dev/serial/by-path/pci-0000:05:00.3-usb-0:2.1.1:1.0-port0
1790754271.4170,C,154,9362,-65,/dev/serial/by-path/pci-0000:05:00.3-usb-0:2.1.3:1.0-port0
1790754271.4395,A,157,9390,-84,/dev/serial/by-path/pci-0000:05:00.3-usb-0:2.1.1:1.0-port0
1790754271.4568,B,149,9404,-67,/dev/serial/by-path/pci-0000:05:00.3-usb-0:2.1.2:1.0-port0
1790754271.4590,B,150,9404,-67,/dev/serial/by-path/pci-0000:05:00.3-usb-0:2.1.2:1.0-port0
1790754271.4738,C,155,9418,-66,/dev/serial/by-path/pci-0000:05:00.3-usb-0:2.1.3:1.0-port0
1790754271.4739,A,158,9424,-77,/dev/serial/by-path/pci-0000:05:00.3-usb-0:2.1.1:1.0-port0
1790754271.5082,B,151,9454,-73,/dev/serial/by-path/pci-0000:05:00.3-usb-0:2.1.2:1.0-port0
1790754271.5086,A,159,9459,-79,/dev/serial/by-path/pci-0000:05:00.3-usb-0:2.1.1:1.0-port0
1790754271.5305,C,156,9474,-65,/dev/serial/by-path/pci-0000:05:00.3-usb-0:2.1.3:1.0-port0
1790754271.5508,C,157,9496,-65,/dev/serial/by-path/pci-0000:05:00.3-usb-0:2.1.3:1.0-port0
1790754271.5608,B,152,9506,-68,/dev/serial/by-path/pci-0000:05:00.3-usb-0:2.1.2:1.0-port0
1790754271.5821,A,160,9532,-88,/dev/serial/by-path/pci-0000:05:00.3-usb-0:2.1.1:1.0-port0
1790754271.6012,B,153,9546,-67,/dev/serial/by-path/pci-0000:05:00.3-usb-0:2.1.2:1.0-port0
1790754271.6162,C,158,9561,-66,/dev/serial/by-path/pci-0000:05:00.3-usb-0:2.1.3:1.0-port0
1790754271.6396,A,161,9590,-82,/dev/serial/by-path/pci-0000:05:00.3-usb-0:2.1.1:1.0-port0
1790754271.6601,B,154,9606,-73,/dev/serial/by-path/pci-0000:05:00.3-usb-0:2.1.2:1.0-port0
1790754271.6791,C,159,9624,-63,/dev/serial/by-path/pci-0000:05:00.3-usb-0:2.1.3:1.0-port0
1790754271.6831,B,155,9629,-67,/dev/serial/by-path/pci-0000:05:00.3-usb-0:2.1.2:1.0-port0
1790754271.6849,A,162,9635,-86,/dev/serial/by-path/pci-0000:05:00.3-usb-0:2.1.1:1.0-port0
1790754271.7295,C,160,9674,-65,/dev/serial/by-path/pci-0000:05:00.3-usb-0:2.1.3:1.0-port0
1790754271.7299,B,156,9676,-67,/dev/serial/by-path/pci-0000:05:00.3-usb-0:2.1.2:1.0-port0
1790754271.7396,A,163,9690,-86,/dev/serial/by-path/pci-0000:05:00.3-usb-0:2.1.1:1.0-port0
1790754271.7788,C,161,9723,-66,/dev/serial/by-path/pci-0000:05:00.3-usb-0:2.1.3:1.0-port0
1790754271.7789,B,157,9725,-73,/dev/serial/by-path/pci-0000:05:00.3-usb-0:2.1.2:1.0-port0
1790754271.7793,A,164,9730,-81,/dev/serial/by-path/pci-0000:05:00.3-usb-0:2.1.1:1.0-port0
1790754271.8184,B,158,9764,-67,/dev/serial/by-path/pci-0000:05:00.3-usb-0:2.1.2:1.0-port0
1790754271.8202,A,165,9771,-81,/dev/serial/by-path/pci-0000:05:00.3-usb-0:2.1.1:1.0-port0
1790754271.8203,C,162,9765,-64,/dev/serial/by-path/pci-0000:05:00.3-usb-0:2.1.3:1.0-port0
1790754271.8705,A,166,9821,-85,/dev/serial/by-path/pci-0000:05:00.3-usb-0:2.1.1:1.0-port0
1790754271.8709,C,163,9815,-64,/dev/serial/by-path/pci-0000:05:00.3-usb-0:2.1.3:1.0-port0
1790754271.9001,B,159,9846,-67,/dev/serial/by-path/pci-0000:05:00.3-usb-0:2.1.2:1.0-port0
1790754271.9066,C,164,9851,-66,/dev/serial/by-path/pci-0000:05:00.3-usb-0:2.1.3:1.0-port0
1790754271.9604,B,160,9906,-75,/dev/serial/by-path/pci-0000:05:00.3-usb-0:2.1.2:1.0-port0
1790754271.9790,C,165,9924,-65,/dev/serial/by-path/pci-0000:05:00.3-usb-0:2.1.3:1.0-port0
1790754271.9895,A,167,9940,-87,/dev/serial/by-path/pci-0000:05:00.3-usb-0:2.1.1:1.0-port0
1790754272.0021,B,161,9948,-67,/dev/serial/by-path/pci-0000:05:00.3-usb-0:2.1.2:1.0-port0
1790754272.0066,A,168,9957,-85,/dev/serial/by-path/pci-0000:05:00.3-usb-0:2.1.1:1.0-port0
1790754272.0069,C,166,9951,-64,/dev/serial/by-path/pci-0000:05:00.3-usb-0:2.1.3:1.0-port0
1790754272.0462,B,162,9992,-68,/dev/serial/by-path/pci-0000:05:00.3-usb-0:2.1.2:1.0-port0
1790754272.0510,C,167,9996,-66,/dev/serial/by-path/pci-0000:05:00.3-usb-0:2.1.3:1.0-port0
1790754272.0525,A,169,10003,-78,/dev/serial/by-path/pci-0000:05:00.3-usb-0:2.1.1:1.0-port0
1790754272.0971,B,163,10043,-73,/dev/serial/by-path/pci-0000:05:00.3-usb-0:2.1.2:1.0-port0
1790754272.0973,C,168,10041,-65,/dev/serial/by-path/pci-0000:05:00.3-usb-0:2.1.3:1.0-port0
1790754272.0975,A,170,10047,-84,/dev/serial/by-path/pci-0000:05:00.3-usb-0:2.1.1:1.0-port0
1790754272.1433,B,164,10089,-67,/dev/serial/by-path/pci-0000:05:00.3-usb-0:2.1.2:1.0-port0
1790754272.1436,C,169,10088,-64,/dev/serial/by-path/pci-0000:05:00.3-usb-0:2.1.3:1.0-port0
1790754272.2104,B,165,10156,-68,/dev/serial/by-path/pci-0000:05:00.3-usb-0:2.1.2:1.0-port0
1790754272.2205,C,170,10165,-67,/dev/serial/by-path/pci-0000:05:00.3-usb-0:2.1.3:1.0-port0
1790754272.2392,A,171,10189,-78,/dev/serial/by-path/pci-0000:05:00.3-usb-0:2.1.1:1.0-port0
1790754272.2395,B,166,10185,-75,/dev/serial/by-path/pci-0000:05:00.3-usb-0:2.1.2:1.0-port0
1790754272.2791,C,171,10224,-64,/dev/serial/by-path/pci-0000:05:00.3-usb-0:2.1.3:1.0-port0
1790754272.2895,A,172,10240,-82,/dev/serial/by-path/pci-0000:05:00.3-usb-0:2.1.1:1.0-port0
1790754272.2969,C,172,10241,-64,/dev/serial/by-path/pci-0000:05:00.3-usb-0:2.1.3:1.0-port0
1790754272.2970,B,167,10243,-68,/dev/serial/by-path/pci-0000:05:00.3-usb-0:2.1.2:1.0-port0
1790754272.3292,C,173,10274,-65,/dev/serial/by-path/pci-0000:05:00.3-usb-0:2.1.3:1.0-port0
1790754272.3296,A,173,10280,-83,/dev/serial/by-path/pci-0000:05:00.3-usb-0:2.1.1:1.0-port0
1790754272.3297,B,168,10276,-67,/dev/serial/by-path/pci-0000:05:00.3-usb-0:2.1.2:1.0-port0
1790754272.3742,C,174,10319,-66,/dev/serial/by-path/pci-0000:05:00.3-usb-0:2.1.3:1.0-port0
1790754272.4234,B,169,10369,-68,/dev/serial/by-path/pci-0000:05:00.3-usb-0:2.1.2:1.0-port0
1790754272.4895,A,174,10440,-82,/dev/serial/by-path/pci-0000:05:00.3-usb-0:2.1.1:1.0-port0
1790754272.5086,B,170,10455,-68,/dev/serial/by-path/pci-0000:05:00.3-usb-0:2.1.2:1.0-port0
1790754272.5109,B,171,10456,-69,/dev/serial/by-path/pci-0000:05:00.3-usb-0:2.1.2:1.0-port0
1790754272.5271,A,175,10477,-78,/dev/serial/by-path/pci-0000:05:00.3-usb-0:2.1.1:1.0-port0
1790754272.5276,C,175,10471,-66,/dev/serial/by-path/pci-0000:05:00.3-usb-0:2.1.3:1.0-port0
1790754272.5581,C,176,10503,-65,/dev/serial/by-path/pci-0000:05:00.3-usb-0:2.1.3:1.0-port0
1790754272.5585,B,172,10505,-74,/dev/serial/by-path/pci-0000:05:00.3-usb-0:2.1.2:1.0-port0
1790754272.5722,A,176,10522,-83,/dev/serial/by-path/pci-0000:05:00.3-usb-0:2.1.1:1.0-port0
1790754272.6039,B,173,10551,-67,/dev/serial/by-path/pci-0000:05:00.3-usb-0:2.1.2:1.0-port0
1790754272.6053,C,177,10550,-64,/dev/serial/by-path/pci-0000:05:00.3-usb-0:2.1.3:1.0-port0
1790754272.6058,A,177,10555,-85,/dev/serial/by-path/pci-0000:05:00.3-usb-0:2.1.1:1.0-port0
1790754272.6474,A,178,10598,-77,/dev/serial/by-path/pci-0000:05:00.3-usb-0:2.1.1:1.0-port0
1790754272.6534,C,178,10598,-66,/dev/serial/by-path/pci-0000:05:00.3-usb-0:2.1.3:1.0-port0
1790754272.6536,B,174,10599,-68,/dev/serial/by-path/pci-0000:05:00.3-usb-0:2.1.2:1.0-port0
1790754272.6903,A,179,10641,-78,/dev/serial/by-path/pci-0000:05:00.3-usb-0:2.1.1:1.0-port0
1790754272.7103,B,175,10656,-76,/dev/serial/by-path/pci-0000:05:00.3-usb-0:2.1.2:1.0-port0
1790754272.7290,C,179,10674,-65,/dev/serial/by-path/pci-0000:05:00.3-usb-0:2.1.3:1.0-port0
1790754272.7343,B,176,10681,-67,/dev/serial/by-path/pci-0000:05:00.3-usb-0:2.1.2:1.0-port0
1790754272.7345,C,180,10679,-65,/dev/serial/by-path/pci-0000:05:00.3-usb-0:2.1.3:1.0-port0
1790754272.7367,A,180,10687,-81,/dev/serial/by-path/pci-0000:05:00.3-usb-0:2.1.1:1.0-port0
1790754272.7780,C,181,10723,-64,/dev/serial/by-path/pci-0000:05:00.3-usb-0:2.1.3:1.0-port0
1790754272.7809,B,177,10727,-68,/dev/serial/by-path/pci-0000:05:00.3-usb-0:2.1.2:1.0-port0
1790754272.7902,A,181,10740,-85,/dev/serial/by-path/pci-0000:05:00.3-usb-0:2.1.1:1.0-port0
1790754272.8270,A,182,10777,-82,/dev/serial/by-path/pci-0000:05:00.3-usb-0:2.1.1:1.0-port0
1790754272.8273,B,178,10773,-76,/dev/serial/by-path/pci-0000:05:00.3-usb-0:2.1.2:1.0-port0
1790754272.8288,C,182,10774,-65,/dev/serial/by-path/pci-0000:05:00.3-usb-0:2.1.3:1.0-port0
1790754272.8778,A,183,10828,-81,/dev/serial/by-path/pci-0000:05:00.3-usb-0:2.1.1:1.0-port0
1790754272.8781,C,183,10822,-64,/dev/serial/by-path/pci-0000:05:00.3-usb-0:2.1.3:1.0-port0
1790754272.8827,B,179,10828,-66,/dev/serial/by-path/pci-0000:05:00.3-usb-0:2.1.2:1.0-port0
1790754272.9180,C,184,10863,-64,/dev/serial/by-path/pci-0000:05:00.3-usb-0:2.1.3:1.0-port0
1790754272.9184,A,184,10869,-85,/dev/serial/by-path/pci-0000:05:00.3-usb-0:2.1.1:1.0-port0
1790754272.9259,B,180,10872,-67,/dev/serial/by-path/pci-0000:05:00.3-usb-0:2.1.2:1.0-port0
1790754272.9685,C,185,10913,-64,/dev/serial/by-path/pci-0000:05:00.3-usb-0:2.1.3:1.0-port0
1790754272.9901,A,185,10941,-81,/dev/serial/by-path/pci-0000:05:00.3-usb-0:2.1.1:1.0-port0
1790754273.0103,B,181,10956,-75,/dev/serial/by-path/pci-0000:05:00.3-usb-0:2.1.2:1.0-port0
1790754273.0233,B,182,10969,-67,/dev/serial/by-path/pci-0000:05:00.3-usb-0:2.1.2:1.0-port0
1790754273.0291,C,186,10974,-64,/dev/serial/by-path/pci-0000:05:00.3-usb-0:2.1.3:1.0-port0
1790754273.0401,A,186,10990,-85,/dev/serial/by-path/pci-0000:05:00.3-usb-0:2.1.1:1.0-port0
1790754273.0617,A,187,11012,-84,/dev/serial/by-path/pci-0000:05:00.3-usb-0:2.1.1:1.0-port0
1790754273.0637,C,187,11008,-63,/dev/serial/by-path/pci-0000:05:00.3-usb-0:2.1.3:1.0-port0
1790754273.1107,B,183,11057,-68,/dev/serial/by-path/pci-0000:05:00.3-usb-0:2.1.2:1.0-port0
1790754273.1292,C,188,11074,-64,/dev/serial/by-path/pci-0000:05:00.3-usb-0:2.1.3:1.0-port0
1790754273.1395,A,188,11090,-81,/dev/serial/by-path/pci-0000:05:00.3-usb-0:2.1.1:1.0-port0
1790754273.1604,B,184,11106,-75,/dev/serial/by-path/pci-0000:05:00.3-usb-0:2.1.2:1.0-port0
1790754273.1621,A,189,11113,-85,/dev/serial/by-path/pci-0000:05:00.3-usb-0:2.1.1:1.0-port0
1790754273.1626,C,189,11108,-63,/dev/serial/by-path/pci-0000:05:00.3-usb-0:2.1.3:1.0-port0
1790754273.2081,A,190,11158,-85,/dev/serial/by-path/pci-0000:05:00.3-usb-0:2.1.1:1.0-port0
1790754273.2104,B,185,11156,-68,/dev/serial/by-path/pci-0000:05:00.3-usb-0:2.1.2:1.0-port0
1790754273.2291,C,190,11174,-64,/dev/serial/by-path/pci-0000:05:00.3-usb-0:2.1.3:1.0-port0
1790754273.2525,B,186,11199,-67,/dev/serial/by-path/pci-0000:05:00.3-usb-0:2.1.2:1.0-port0
1790754273.2631,C,191,11208,-65,/dev/serial/by-path/pci-0000:05:00.3-usb-0:2.1.3:1.0-port0
1790754273.2634,A,191,11214,-80,/dev/serial/by-path/pci-0000:05:00.3-usb-0:2.1.1:1.0-port0
1790754273.2958,B,187,11242,-74,/dev/serial/by-path/pci-0000:05:00.3-usb-0:2.1.2:1.0-port0
1790754273.3292,C,192,11274,-64,/dev/serial/by-path/pci-0000:05:00.3-usb-0:2.1.3:1.0-port0
1790754273.3604,B,188,11306,-67,/dev/serial/by-path/pci-0000:05:00.3-usb-0:2.1.2:1.0-port0
1790754273.3715,A,192,11322,-82,/dev/serial/by-path/pci-0000:05:00.3-usb-0:2.1.1:1.0-port0
1790754273.3717,C,193,11316,-64,/dev/serial/by-path/pci-0000:05:00.3-usb-0:2.1.3:1.0-port0
1790754273.3858,A,193,11336,-83,/dev/serial/by-path/pci-0000:05:00.3-usb-0:2.1.1:1.0-port0
1790754273.3950,C,194,11339,-64,/dev/serial/by-path/pci-0000:05:00.3-usb-0:2.1.3:1.0-port0
1790754273.4358,B,189,11382,-74,/dev/serial/by-path/pci-0000:05:00.3-usb-0:2.1.2:1.0-port0
1790754273.4363,C,195,11380,-65,/dev/serial/by-path/pci-0000:05:00.3-usb-0:2.1.3:1.0-port0
1790754273.4365,A,194,11386,-78,/dev/serial/by-path/pci-0000:05:00.3-usb-0:2.1.1:1.0-port0
1790754273.4764,A,195,11427,-89,/dev/serial/by-path/pci-0000:05:00.3-usb-0:2.1.1:1.0-port0
1790754273.4792,C,196,11424,-65,/dev/serial/by-path/pci-0000:05:00.3-usb-0:2.1.3:1.0-port0
1790754273.4808,B,190,11427,-68,/dev/serial/by-path/pci-0000:05:00.3-usb-0:2.1.2:1.0-port0
1790754273.5296,C,197,11474,-63,/dev/serial/by-path/pci-0000:05:00.3-usb-0:2.1.3:1.0-port0
1790754273.5344,B,191,11480,-68,/dev/serial/by-path/pci-0000:05:00.3-usb-0:2.1.2:1.0-port0
1790754273.5396,A,196,11490,-84,/dev/serial/by-path/pci-0000:05:00.3-usb-0:2.1.1:1.0-port0
1790754273.5788,C,198,11524,-65,/dev/serial/by-path/pci-0000:05:00.3-usb-0:2.1.3:1.0-port0
1790754273.5828,B,192,11529,-74,/dev/serial/by-path/pci-0000:05:00.3-usb-0:2.1.2:1.0-port0
1790754273.5831,A,197,11533,-81,/dev/serial/by-path/pci-0000:05:00.3-usb-0:2.1.1:1.0-port0
1790754273.6101,B,193,11557,-73,/dev/serial/by-path/pci-0000:05:00.3-usb-0:2.1.2:1.0-port0
1790754273.6296,C,199,11574,-65,/dev/serial/by-path/pci-0000:05:00.3-usb-0:2.1.3:1.0-port0
1790754273.6542,B,194,11600,-67,/dev/serial/by-path/pci-0000:05:00.3-usb-0:2.1.2:1.0-port0
1790754273.6553,C,200,11599,-63,/dev/serial/by-path/pci-0000:05:00.3-usb-0:2.1.3:1.0-port0
1790754273.6554,A,198,11605,-84,/dev/serial/by-path/pci-0000:05:00.3-usb-0:2.1.1:1.0-port0
1790754273.6930,B,195,11639,-67,/dev/serial/by-path/pci-0000:05:00.3-usb-0:2.1.2:1.0-port0
1790754273.6934,C,201,11638,-64,/dev/serial/by-path/pci-0000:05:00.3-usb-0:2.1.3:1.0-port0
1790754273.6951,A,199,11645,-79,/dev/serial/by-path/pci-0000:05:00.3-usb-0:2.1.1:1.0-port0
1790754273.7348,B,196,11681,-74,/dev/serial/by-path/pci-0000:05:00.3-usb-0:2.1.2:1.0-port0
1790754273.7351,A,200,11686,-79,/dev/serial/by-path/pci-0000:05:00.3-usb-0:2.1.1:1.0-port0
1790754273.7442,C,202,11689,-65,/dev/serial/by-path/pci-0000:05:00.3-usb-0:2.1.3:1.0-port0
1790754273.7763,C,203,11721,-64,/dev/serial/by-path/pci-0000:05:00.3-usb-0:2.1.3:1.0-port0
1790754273.7874,B,197,11733,-67,/dev/serial/by-path/pci-0000:05:00.3-usb-0:2.1.2:1.0-port0
1790754273.7881,A,201,11739,-86,/dev/serial/by-path/pci-0000:05:00.3-usb-0:2.1.1:1.0-port0
1790754273.8249,C,204,11769,-63,/dev/serial/by-path/pci-0000:05:00.3-usb-0:2.1.3:1.0-port0
1790754273.8398,A,202,11790,-82,/dev/serial/by-path/pci-0000:05:00.3-usb-0:2.1.1:1.0-port0
1790754273.8722,C,205,11817,-64,/dev/serial/by-path/pci-0000:05:00.3-usb-0:2.1.3:1.0-port0
1790754273.8898,A,203,11840,-78,/dev/serial/by-path/pci-0000:05:00.3-usb-0:2.1.1:1.0-port0
1790754273.8902,B,198,11837,-74,/dev/serial/by-path/pci-0000:05:00.3-usb-0:2.1.2:1.0-port0
1790754273.9198,B,199,11866,-67,/dev/serial/by-path/pci-0000:05:00.3-usb-0:2.1.2:1.0-port0
1790754273.9292,C,206,11874,-64,/dev/serial/by-path/pci-0000:05:00.3-usb-0:2.1.3:1.0-port0
1790754273.9796,C,207,11924,-63,/dev/serial/by-path/pci-0000:05:00.3-usb-0:2.1.3:1.0-port0
1790754273.9896,B,200,11935,-67,/dev/serial/by-path/pci-0000:05:00.3-usb-0:2.1.2:1.0-port0
1790754273.9900,A,204,11940,-83,/dev/serial/by-path/pci-0000:05:00.3-usb-0:2.1.1:1.0-port0
1790754274.0137,C,208,11958,-64,/dev/serial/by-path/pci-0000:05:00.3-usb-0:2.1.3:1.0-port0
1790754274.0207,A,205,11971,-79,/dev/serial/by-path/pci-0000:05:00.3-usb-0:2.1.1:1.0-port0
1790754274.0208,B,201,11967,-73,/dev/serial/by-path/pci-0000:05:00.3-usb-0:2.1.2:1.0-port0
1790754274.0604,B,202,12006,-73,/dev/serial/by-path/pci-0000:05:00.3-usb-0:2.1.2:1.0-port0
1790754274.0791,C,209,12024,-64,/dev/serial/by-path/pci-0000:05:00.3-usb-0:2.1.3:1.0-port0
1790754274.0896,A,206,12040,-92,/dev/serial/by-path/pci-0000:05:00.3-usb-0:2.1.1:1.0-port0
1790754274.0991,C,210,12044,-63,/dev/serial/by-path/pci-0000:05:00.3-usb-0:2.1.3:1.0-port0
1790754274.1038,A,207,12054,-83,/dev/serial/by-path/pci-0000:05:00.3-usb-0:2.1.1:1.0-port0
1790754274.1039,B,203,12050,-67,/dev/serial/by-path/pci-0000:05:00.3-usb-0:2.1.2:1.0-port0
1790754274.1574,B,204,12104,-67,/dev/serial/by-path/pci-0000:05:00.3-usb-0:2.1.2:1.0-port0
1790754274.1578,A,208,12108,-77,/dev/serial/by-path/pci-0000:05:00.3-usb-0:2.1.1:1.0-port0
1790754274.1579,C,211,12102,-64,/dev/serial/by-path/pci-0000:05:00.3-usb-0:2.1.3:1.0-port0
1790754274.1889,A,209,12140,-77,/dev/serial/by-path/pci-0000:05:00.3-usb-0:2.1.1:1.0-port0
1790754274.1949,B,205,12141,-74,/dev/serial/by-path/pci-0000:05:00.3-usb-0:2.1.2:1.0-port0
1790754274.1953,C,212,12139,-64,/dev/serial/by-path/pci-0000:05:00.3-usb-0:2.1.3:1.0-port0
1790754274.2404,A,210,12191,-91,/dev/serial/by-path/pci-0000:05:00.3-usb-0:2.1.1:1.0-port0
1790754274.2433,B,206,12189,-67,/dev/serial/by-path/pci-0000:05:00.3-usb-0:2.1.2:1.0-port0
1790754274.2768,A,211,12227,-84,/dev/serial/by-path/pci-0000:05:00.3-usb-0:2.1.1:1.0-port0
1790754274.2772,B,207,12223,-68,/dev/serial/by-path/pci-0000:05:00.3-usb-0:2.1.2:1.0-port0
1790754274.2791,C,213,12224,-63,/dev/serial/by-path/pci-0000:05:00.3-usb-0:2.1.3:1.0-port0
1790754274.3295,C,214,12274,-64,/dev/serial/by-path/pci-0000:05:00.3-usb-0:2.1.3:1.0-port0
1790754274.3393,A,212,12290,-77,/dev/serial/by-path/pci-0000:05:00.3-usb-0:2.1.1:1.0-port0
1790754274.3604,B,208,12306,-74,/dev/serial/by-path/pci-0000:05:00.3-usb-0:2.1.2:1.0-port0
1790754274.3794,C,215,12324,-64,/dev/serial/by-path/pci-0000:05:00.3-usb-0:2.1.3:1.0-port0
1790754274.3900,A,213,12340,-86,/dev/serial/by-path/pci-0000:05:00.3-usb-0:2.1.1:1.0-port0
1790754274.4084,C,216,12353,-64,/dev/serial/by-path/pci-0000:05:00.3-usb-0:2.1.3:1.0-port0
1790754274.4103,B,209,12356,-67,/dev/serial/by-path/pci-0000:05:00.3-usb-0:2.1.2:1.0-port0
1790754274.4184,A,214,12369,-85,/dev/serial/by-path/pci-0000:05:00.3-usb-0:2.1.1:1.0-port0
1790754274.4511,B,210,12397,-68,/dev/serial/by-path/pci-0000:05:00.3-usb-0:2.1.2:1.0-port0
1790754274.4560,C,217,12400,-64,/dev/serial/by-path/pci-0000:05:00.3-usb-0:2.1.3:1.0-port0
1790754274.4663,A,215,12417,-79,/dev/serial/by-path/pci-0000:05:00.3-usb-0:2.1.1:1.0-port0
1790754274.4951,B,211,12441,-74,/dev/serial/by-path/pci-0000:05:00.3-usb-0:2.1.2:1.0-port0
1790754274.5256,C,218,12470,-64,/dev/serial/by-path/pci-0000:05:00.3-usb-0:2.1.3:1.0-port0
1790754274.5274,A,216,12477,-87,/dev/serial/by-path/pci-0000:05:00.3-usb-0:2.1.1:1.0-port0
1790754274.5386,C,219,12484,-62,/dev/serial/by-path/pci-0000:05:00.3-usb-0:2.1.3:1.0-port0
1790754274.5387,B,212,12485,-67,/dev/serial/by-path/pci-0000:05:00.3-usb-0:2.1.2:1.0-port0
1790754274.5393,A,217,12490,-84,/dev/serial/by-path/pci-0000:05:00.3-usb-0:2.1.1:1.0-port0
1790754274.5850,A,218,12535,-85,/dev/serial/by-path/pci-0000:05:00.3-usb-0:2.1.1:1.0-port0
1790754274.6104,B,213,12556,-68,/dev/serial/by-path/pci-0000:05:00.3-usb-0:2.1.2:1.0-port0
1790754274.6177,C,220,12562,-64,/dev/serial/by-path/pci-0000:05:00.3-usb-0:2.1.3:1.0-port0
1790754274.6300,A,219,12580,-77,/dev/serial/by-path/pci-0000:05:00.3-usb-0:2.1.1:1.0-port0
1790754274.6303,B,214,12577,-75,/dev/serial/by-path/pci-0000:05:00.3-usb-0:2.1.2:1.0-port0
1790754274.6792,B,215,12625,-67,/dev/serial/by-path/pci-0000:05:00.3-usb-0:2.1.2:1.0-port0
1790754274.6896,A,220,12640,-91,/dev/serial/by-path/pci-0000:05:00.3-usb-0:2.1.1:1.0-port0
1790754274.7287,C,221,12673,-63,/dev/serial/by-path/pci-0000:05:00.3-usb-0:2.1.3:1.0-port0
1790754274.7291,B,216,12675,-68,/dev/serial/by-path/pci-0000:05:00.3-usb-0:2.1.2:1.0-port0
1790754274.7331,A,221,12683,-84,/dev/serial/by-path/pci-0000:05:00.3-usb-0:2.1.1:1.0-port0
1790754274.7696,C,222,12715,-64,/dev/serial/by-path/pci-0000:05:00.3-usb-0:2.1.3:1.0-port0
1790754274.7896,A,222,12740,-77,/dev/serial/by-path/pci-0000:05:00.3-usb-0:2.1.1:1.0-port0
1790754274.8100,B,217,12756,-73,/dev/serial/by-path/pci-0000:05:00.3-usb-0:2.1.2:1.0-port0
1790754274.8190,A,223,12769,-89,/dev/serial/by-path/pci-0000:05:00.3-usb-0:2.1.1:1.0-port0
1790754274.8192,B,218,12766,-67,/dev/serial/by-path/pci-0000:05:00.3-usb-0:2.1.2:1.0-port0
1790754274.8205,C,223,12764,-64,/dev/serial/by-path/pci-0000:05:00.3-usb-0:2.1.3:1.0-port0
1790754274.8666,A,224,12817,-86,/dev/serial/by-path/pci-0000:05:00.3-usb-0:2.1.1:1.0-port0
1790754274.8718,C,224,12817,-63,/dev/serial/by-path/pci-0000:05:00.3-usb-0:2.1.3:1.0-port0
1790754274.8727,B,219,12819,-67,/dev/serial/by-path/pci-0000:05:00.3-usb-0:2.1.2:1.0-port0
1790754274.9135,C,225,12858,-64,/dev/serial/by-path/pci-0000:05:00.3-usb-0:2.1.3:1.0-port0
1790754274.9396,A,225,12890,-76,/dev/serial/by-path/pci-0000:05:00.3-usb-0:2.1.1:1.0-port0
1790754274.9402,B,220,12887,-74,/dev/serial/by-path/pci-0000:05:00.3-usb-0:2.1.2:1.0-port0
1790754274.9603,B,221,12906,-74,/dev/serial/by-path/pci-0000:05:00.3-usb-0:2.1.2:1.0-port0
1790754274.9786,C,226,12924,-64,/dev/serial/by-path/pci-0000:05:00.3-usb-0:2.1.3:1.0-port0
1790754274.9904,A,226,12941,-84,/dev/serial/by-path/pci-0000:05:00.3-usb-0:2.1.1:1.0-port0
1790754274.9965,C,227,12941,-62,/dev/serial/by-path/pci-0000:05:00.3-usb-0:2.1.3:1.0-port0
1790754274.9968,B,222,12943,-67,/dev/serial/by-path/pci-0000:05:00.3-usb-0:2.1.2:1.0-port0
1790754275.0065,A,227,12957,-87,/dev/serial/by-path/pci-0000:05:00.3-usb-0:2.1.1:1.0-port0
1790754275.0468,C,228,12991,-64,/dev/serial/by-path/pci-0000:05:00.3-usb-0:2.1.3:1.0-port0
1790754275.0471,B,223,12993,-67,/dev/serial/by-path/pci-0000:05:00.3-usb-0:2.1.2:1.0-port0
1790754275.0496,A,228,13000,-75,/dev/serial/by-path/pci-0000:05:00.3-usb-0:2.1.1:1.0-port0
1790754275.0944,B,224,13040,-73,/dev/serial/by-path/pci-0000:05:00.3-usb-0:2.1.2:1.0-port0
1790754275.0947,C,229,13039,-64,/dev/serial/by-path/pci-0000:05:00.3-usb-0:2.1.3:1.0-port0
1790754275.1185,A,229,13069,-85,/dev/serial/by-path/pci-0000:05:00.3-usb-0:2.1.1:1.0-port0
1790754275.1391,C,230,13084,-62,/dev/serial/by-path/pci-0000:05:00.3-usb-0:2.1.3:1.0-port0
1790754275.1496,B,225,13096,-67,/dev/serial/by-path/pci-0000:05:00.3-usb-0:2.1.2:1.0-port0
1790754275.1845,A,230,13135,-89,/dev/serial/by-path/pci-0000:05:00.3-usb-0:2.1.1:1.0-port0
1790754275.1848,B,226,13131,-67,/dev/serial/by-path/pci-0000:05:00.3-usb-0:2.1.2:1.0-port0
1790754275.1864,C,231,13131,-64,/dev/serial/by-path/pci-0000:05:00.3-usb-0:2.1.3:1.0-port0
1790754275.2296,C,232,13174,-64,/dev/serial/by-path/pci-0000:05:00.3-usb-0:2.1.3:1.0-port0
1790754275.2403,A,231,13191,-77,/dev/serial/by-path/pci-0000:05:00.3-usb-0:2.1.1:1.0-port0
1790754275.2568,B,227,13203,-73,/dev/serial/by-path/pci-0000:05:00.3-usb-0:2.1.2:1.0-port0
1790754275.2703,C,233,13215,-64,/dev/serial/by-path/pci-0000:05:00.3-usb-0:2.1.3:1.0-port0
1790754275.2705,A,232,13221,-88,/dev/serial/by-path/pci-0000:05:00.3-usb-0:2.1.1:1.0-port0
1790754275.2753,B,228,13221,-67,/dev/serial/by-path/pci-0000:05:00.3-usb-0:2.1.2:1.0-port0
1790754275.3110,C,234,13256,-63,/dev/serial/by-path/pci-0000:05:00.3-usb-0:2.1.3:1.0-port0
1790754275.3397,A,233,13290,-88,/dev/serial/by-path/pci-0000:05:00.3-usb-0:2.1.1:1.0-port0
1790754275.3588,A,234,13309,-80,/dev/serial/by-path/pci-0000:05:00.3-usb-0:2.1.1:1.0-port0
1790754275.4055,C,235,13350,-65,/dev/serial/by-path/pci-0000:05:00.3-usb-0:2.1.3:1.0-port0
1790754275.4058,B,229,13352,-73,/dev/serial/by-path/pci-0000:05:00.3-usb-0:2.1.2:1.0-port0
1790754275.4397,A,235,13390,-87,/dev/serial/by-path/pci-0000:05:00.3-usb-0:2.1.1:1.0-port0
1790754275.4540,B,230,13400,-67,/dev/serial/by-path/pci-0000:05:00.3-usb-0:2.1.2:1.0-port0
1790754275.4542,C,236,13399,-62,/dev/serial/by-path/pci-0000:05:00.3-usb-0:2.1.3:1.0-port0
1790754275.4690,A,236,13419,-91,/dev/serial/by-path/pci-0000:05:00.3-usb-0:2.1.1:1.0-port0
1790754275.5007,B,231,13447,-68,/dev/serial/by-path/pci-0000:05:00.3-usb-0:2.1.2:1.0-port0
1790754275.5008,C,237,13445,-63,/dev/serial/by-path/pci-0000:05:00.3-usb-0:2.1.3:1.0-port0
1790754275.5373,A,237,13488,-77,/dev/serial/by-path/pci-0000:05:00.3-usb-0:2.1.1:1.0-port0
1790754275.5395,A,238,13488,-78,/dev/serial/by-path/pci-0000:05:00.3-usb-0:2.1.1:1.0-port0
1790754275.5423,C,238,13487,-64,/dev/serial/by-path/pci-0000:05:00.3-usb-0:2.1.3:1.0-port0
1790754275.5427,B,232,13489,-73,/dev/serial/by-path/pci-0000:05:00.3-usb-0:2.1.2:1.0-port0
1790754275.5863,B,233,13532,-67,/dev/serial/by-path/pci-0000:05:00.3-usb-0:2.1.2:1.0-port0
1790754275.5984,C,239,13543,-63,/dev/serial/by-path/pci-0000:05:00.3-usb-0:2.1.3:1.0-port0
1790754275.6311,B,234,13578,-67,/dev/serial/by-path/pci-0000:05:00.3-usb-0:2.1.2:1.0-port0
1790754275.6336,A,239,13584,-90,/dev/serial/by-path/pci-0000:05:00.3-usb-0:2.1.1:1.0-port0
1790754275.6761,B,235,13622,-72,/dev/serial/by-path/pci-0000:05:00.3-usb-0:2.1.2:1.0-port0
1790754275.6785,C,240,13624,-64,/dev/serial/by-path/pci-0000:05:00.3-usb-0:2.1.3:1.0-port0
1790754275.6804,A,240,13631,-83,/dev/serial/by-path/pci-0000:05:00.3-usb-0:2.1.1:1.0-port0
1790754275.7180,C,241,13663,-65,/dev/serial/by-path/pci-0000:05:00.3-usb-0:2.1.3:1.0-port0
1790754275.7193,B,236,13665,-68,/dev/serial/by-path/pci-0000:05:00.3-usb-0:2.1.2:1.0-port0
1790754275.7403,A,241,13691,-83,/dev/serial/by-path/pci-0000:05:00.3-usb-0:2.1.1:1.0-port0
1790754275.7578,C,242,13703,-62,/dev/serial/by-path/pci-0000:05:00.3-usb-0:2.1.3:1.0-port0
1790754275.7604,B,237,13706,-67,/dev/serial/by-path/pci-0000:05:00.3-usb-0:2.1.2:1.0-port0
1790754275.7895,A,242,13740,-94,/dev/serial/by-path/pci-0000:05:00.3-usb-0:2.1.1:1.0-port0
1790754275.8055,B,238,13752,-67,/dev/serial/by-path/pci-0000:05:00.3-usb-0:2.1.2:1.0-port0
1790754275.8089,A,243,13759,-79,/dev/serial/by-path/pci-0000:05:00.3-usb-0:2.1.1:1.0-port0
1790754275.8091,C,243,13754,-64,/dev/serial/by-path/pci-0000:05:00.3-usb-0:2.1.3:1.0-port0
1790754275.8604,B,239,13806,-72,/dev/serial/by-path/pci-0000:05:00.3-usb-0:2.1.2:1.0-port0
1790754275.8790,C,244,13824,-66,/dev/serial/by-path/pci-0000:05:00.3-usb-0:2.1.3:1.0-port0
1790754275.8896,A,244,13840,-83,/dev/serial/by-path/pci-0000:05:00.3-usb-0:2.1.1:1.0-port0
1790754275.8987,C,245,13843,-63,/dev/serial/by-path/pci-0000:05:00.3-usb-0:2.1.3:1.0-port0
1790754275.8991,A,245,13849,-92,/dev/serial/by-path/pci-0000:05:00.3-usb-0:2.1.1:1.0-port0
1790754275.9076,B,240,13854,-67,/dev/serial/by-path/pci-0000:05:00.3-usb-0:2.1.2:1.0-port0
1790754275.9494,B,241,13895,-67,/dev/serial/by-path/pci-0000:05:00.3-usb-0:2.1.2:1.0-port0
1790754275.9495,C,246,13894,-64,/dev/serial/by-path/pci-0000:05:00.3-usb-0:2.1.3:1.0-port0
1790754275.9626,A,246,13913,-78,/dev/serial/by-path/pci-0000:05:00.3-usb-0:2.1.1:1.0-port0
1790754276.0015,C,247,13946,-65,/dev/serial/by-path/pci-0000:05:00.3-usb-0:2.1.3:1.0-port0
1790754276.0039,A,247,13954,-85,/dev/serial/by-path/pci-0000:05:00.3-usb-0:2.1.1:1.0-port0
1790754276.0042,B,242,13950,-73,/dev/serial/by-path/pci-0000:05:00.3-usb-0:2.1.2:1.0-port0
1790754276.0386,B,243,13985,-67,/dev/serial/by-path/pci-0000:05:00.3-usb-0:2.1.2:1.0-port0
1790754276.0387,C,248,13983,-63,/dev/serial/by-path/pci-0000:05:00.3-usb-0:2.1.3:1.0-port0
1790754276.0855,A,248,14036,-88,/dev/serial/by-path/pci-0000:05:00.3-usb-0:2.1.1:1.0-port0
1790754276.1094,C,249,14054,-64,/dev/serial/by-path/pci-0000:05:00.3-usb-0:2.1.3:1.0-port0
1790754276.1098,B,244,14055,-67,/dev/serial/by-path/pci-0000:05:00.3-usb-0:2.1.2:1.0-port0
1790754276.1397,A,249,14090,-75,/dev/serial/by-path/pci-0000:05:00.3-usb-0:2.1.1:1.0-port0
1790754276.1604,B,245,14106,-74,/dev/serial/by-path/pci-0000:05:00.3-usb-0:2.1.2:1.0-port0
1790754276.1791,B,246,14125,-67,/dev/serial/by-path/pci-0000:05:00.3-usb-0:2.1.2:1.0-port0
1790754276.1825,A,250,14133,-85,/dev/serial/by-path/pci-0000:05:00.3-usb-0:2.1.1:1.0-port0
1790754276.2243,C,250,14169,-63,/dev/serial/by-path/pci-0000:05:00.3-usb-0:2.1.3:1.0-port0
1790754276.2246,B,247,14171,-67,/dev/serial/by-path/pci-0000:05:00.3-usb-0:2.1.2:1.0-port0
1790754276.2391,A,251,14190,-84,/dev/serial/by-path/pci-0000:05:00.3-usb-0:2.1.1:1.0-port0
1790754276.2791,C,251,14224,-64,/dev/serial/by-path/pci-0000:05:00.3-usb-0:2.1.3:1.0-port0
1790754276.2896,A,252,14240,-75,/dev/serial/by-path/pci-0000:05:00.3-usb-0:2.1.1:1.0-port0
1790754276.3102,B,248,14256,-75,/dev/serial/by-path/pci-0000:05:00.3-usb-0:2.1.2:1.0-port0
1790754276.3152,C,252,14260,-65,/dev/serial/by-path/pci-0000:05:00.3-usb-0:2.1.3:1.0-port0
1790754276.3153,A,253,14265,-87,/dev/serial/by-path/pci-0000:05:00.3-usb-0:2.1.1:1.0-port0
1790754276.3622,A,254,14313,-85,/dev/serial/by-path/pci-0000:05:00.3-usb-0:2.1.1:1.0-port0
1790754276.3624,C,253,14307,-63,/dev/serial/by-path/pci-0000:05:00.3-usb-0:2.1.3:1.0-port0
1790754276.4092,B,249,14355,-67,/dev/serial/by-path/pci-0000:05:00.3-usb-0:2.1.2:1.0-port0
1790754276.4093,C,254,14354,-63,/dev/serial/by-path/pci-0000:05:00.3-usb-0:2.1.3:1.0-port0
1790754276.4149,A,255,14365,-77,/dev/serial/by-path/pci-0000:05:00.3-usb-0:2.1.1:1.0-port0
1790754276.4595,B,250,14405,-74,/dev/serial/by-path/pci-0000:05:00.3-usb-0:2.1.2:1.0-port0
1790754276.4598,C,255,14404,-64,/dev/serial/by-path/pci-0000:05:00.3-usb-0:2.1.3:1.0-port0
1790754276.4617,A,256,14412,-84,/dev/serial/by-path/pci-0000:05:00.3-usb-0:2.1.1:1.0-port0
1790754276.4987,B,251,14445,-68,/dev/serial/by-path/pci-0000:05:00.3-usb-0:2.1.2:1.0-port0
1790754276.4989,C,256,14443,-63,/dev/serial/by-path/pci-0000:05:00.3-usb-0:2.1.3:1.0-port0
1790754276.5186,A,257,14469,-83,/dev/serial/by-path/pci-0000:05:00.3-usb-0:2.1.1:1.0-port0
1790754276.5424,C,257,14487,-64,/dev/serial/by-path/pci-0000:05:00.3-usb-0:2.1.3:1.0-port0
1790754276.5604,B,252,14506,-67,/dev/serial/by-path/pci-0000:05:00.3-usb-0:2.1.2:1.0-port0
1790754276.6104,B,253,14556,-74,/dev/serial/by-path/pci-0000:05:00.3-usb-0:2.1.2:1.0-port0
1790754276.6256,C,258,14570,-66,/dev/serial/by-path/pci-0000:05:00.3-usb-0:2.1.3:1.0-port0
1790754276.6471,B,254,14594,-67,/dev/serial/by-path/pci-0000:05:00.3-usb-0:2.1.2:1.0-port0
1790754276.6748,B,255,14621,-67,/dev/serial/by-path/pci-0000:05:00.3-usb-0:2.1.2:1.0-port0
1790754276.6755,C,259,14621,-62,/dev/serial/by-path/pci-0000:05:00.3-usb-0:2.1.3:1.0-port0
1790754276.6896,A,258,14640,-84,/dev/serial/by-path/pci-0000:05:00.3-usb-0:2.1.1:1.0-port0
1790754276.7244,C,260,14669,-64,/dev/serial/by-path/pci-0000:05:00.3-usb-0:2.1.3:1.0-port0
1790754276.7320,B,256,14678,-74,/dev/serial/by-path/pci-0000:05:00.3-usb-0:2.1.2:1.0-port0
1790754276.7688,B,257,14715,-67,/dev/serial/by-path/pci-0000:05:00.3-usb-0:2.1.2:1.0-port0
1790754276.7689,C,261,14713,-65,/dev/serial/by-path/pci-0000:05:00.3-usb-0:2.1.3:1.0-port0
1790754276.7898,A,259,14740,-86,/dev/serial/by-path/pci-0000:05:00.3-usb-0:2.1.1:1.0-port0
1790754276.8102,C,262,14755,-63,/dev/serial/by-path/pci-0000:05:00.3-usb-0:2.1.3:1.0-port0
1790754276.8103,B,258,14756,-67,/dev/serial/by-path/pci-0000:05:00.3-usb-0:2.1.2:1.0-port0
1790754276.8216,A,260,14772,-84,/dev/serial/by-path/pci-0000:05:00.3-usb-0:2.1.1:1.0-port0
1790754276.8594,B,259,14805,-67,/dev/serial/by-path/pci-0000:05:00.3-usb-0:2.1.2:1.0-port0
1790754276.8790,C,263,14824,-63,/dev/serial/by-path/pci-0000:05:00.3-usb-0:2.1.3:1.0-port0
1790754276.8896,A,261,14840,-78,/dev/serial/by-path/pci-0000:05:00.3-usb-0:2.1.1:1.0-port0
1790754276.9083,B,260,14854,-74,/dev/serial/by-path/pci-0000:05:00.3-usb-0:2.1.2:1.0-port0
1790754276.9087,A,262,14859,-89,/dev/serial/by-path/pci-0000:05:00.3-usb-0:2.1.1:1.0-port0
1790754276.9090,C,264,14853,-65,/dev/serial/by-path/pci-0000:05:00.3-usb-0:2.1.3:1.0-port0
1790754276.9561,C,265,14901,-63,/dev/serial/by-path/pci-0000:05:00.3-usb-0:2.1.3:1.0-port0
1790754276.9565,A,263,14907,-85,/dev/serial/by-path/pci-0000:05:00.3-usb-0:2.1.1:1.0-port0
1790754276.9604,B,261,14906,-68,/dev/serial/by-path/pci-0000:05:00.3-usb-0:2.1.2:1.0-port0
1790754276.9982,B,262,14945,-67,/dev/serial/by-path/pci-0000:05:00.3-usb-0:2.1.2:1.0-port0
1790754276.9986,C,266,14943,-64,/dev/serial/by-path/pci-0000:05:00.3-usb-0:2.1.3:1.0-port0
1790754277.0051,A,264,14955,-78,/dev/serial/by-path/pci-0000:05:00.3-usb-0:2.1.1:1.0-port0
1790754277.0404,C,267,14985,-64,/dev/serial/by-path/pci-0000:05:00.3-usb-0:2.1.3:1.0-port0
1790754277.0408,B,263,14987,-73,/dev/serial/by-path/pci-0000:05:00.3-usb-0:2.1.2:1.0-port0
1790754277.0411,A,265,14990,-78,/dev/serial/by-path/pci-0000:05:00.3-usb-0:2.1.1:1.0-port0
1790754277.0797,B,264,15026,-67,/dev/serial/by-path/pci-0000:05:00.3-usb-0:2.1.2:1.0-port0
1790754277.1396,A,266,15090,-83,/dev/serial/by-path/pci-0000:05:00.3-usb-0:2.1.1:1.0-port0
1790754277.1598,B,265,15106,-67,/dev/serial/by-path/pci-0000:05:00.3-usb-0:2.1.2:1.0-port0
1790754277.1724,A,267,15123,-77,/dev/serial/by-path/pci-0000:05:00.3-usb-0:2.1.1:1.0-port0
1790754277.1728,C,268,15117,-64,/dev/serial/by-path/pci-0000:05:00.3-usb-0:2.1.3:1.0-port0
1790754277.2105,B,266,15156,-73,/dev/serial/by-path/pci-0000:05:00.3-usb-0:2.1.2:1.0-port0
1790754277.2291,C,269,15174,-64,/dev/serial/by-path/pci-0000:05:00.3-usb-0:2.1.3:1.0-port0
1790754277.2604,B,267,15206,-67,/dev/serial/by-path/pci-0000:05:00.3-usb-0:2.1.2:1.0-port0
1790754277.2658,A,268,15217,-82,/dev/serial/by-path/pci-0000:05:00.3-usb-0:2.1.1:1.0-port0
1790754277.2662,C,270,15211,-63,/dev/serial/by-path/pci-0000:05:00.3-usb-0:2.1.3:1.0-port0
1790754277.3087,B,268,15255,-67,/dev/serial/by-path/pci-0000:05:00.3-usb-0:2.1.2:1.0-port0
1790754277.3089,C,271,15254,-63,/dev/serial/by-path/pci-0000:05:00.3-usb-0:2.1.3:1.0-port0
1790754277.3393,A,269,15290,-78,/dev/serial/by-path/pci-0000:05:00.3-usb-0:2.1.1:1.0-port0
1790754277.3603,B,269,15306,-74,/dev/serial/by-path/pci-0000:05:00.3-usb-0:2.1.2:1.0-port0
1790754277.3743,C,272,15319,-65,/dev/serial/by-path/pci-0000:05:00.3-usb-0:2.1.3:1.0-port0
1790754277.3922,C,273,15337,-63,/dev/serial/by-path/pci-0000:05:00.3-usb-0:2.1.3:1.0-port0
1790754277.4025,B,270,15349,-67,/dev/serial/by-path/pci-0000:05:00.3-usb-0:2.1.2:1.0-port0
1790754277.4383,A,270,15388,-84,/dev/serial/by-path/pci-0000:05:00.3-usb-0:2.1.1:1.0-port0
1790754277.4853,B,271,15432,-74,/dev/serial/by-path/pci-0000:05:00.3-usb-0:2.1.2:1.0-port0
1790754277.4853,A,271,15435,-78,/dev/serial/by-path/pci-0000:05:00.3-usb-0:2.1.1:1.0-port0
1790754277.4897,C,274,15434,-65,/dev/serial/by-path/pci-0000:05:00.3-usb-0:2.1.3:1.0-port0
1790754277.5342,C,275,15479,-63,/dev/serial/by-path/pci-0000:05:00.3-usb-0:2.1.3:1.0-port0
1790754277.5344,B,272,15480,-67,/dev/serial/by-path/pci-0000:05:00.3-usb-0:2.1.2:1.0-port0
1790754277.5396,A,272,15490,-92,/dev/serial/by-path/pci-0000:05:00.3-usb-0:2.1.1:1.0-port0
1790754277.5790,C,276,15524,-62,/dev/serial/by-path/pci-0000:05:00.3-usb-0:2.1.3:1.0-port0
1790754277.5823,A,273,15532,-84,/dev/serial/by-path/pci-0000:05:00.3-usb-0:2.1.1:1.0-port0
1790754277.5826,B,273,15529,-67,/dev/serial/by-path/pci-0000:05:00.3-usb-0:2.1.2:1.0-port0
1790754277.6253,C,277,15571,-63,/dev/serial/by-path/pci-0000:05:00.3-usb-0:2.1.3:1.0-port0
1790754277.6267,A,274,15577,-77,/dev/serial/by-path/pci-0000:05:00.3-usb-0:2.1.1:1.0-port0
1790754277.6595,B,274,15606,-73,/dev/serial/by-path/pci-0000:05:00.3-usb-0:2.1.2:1.0-port0
1790754277.6789,C,278,15624,-64,/dev/serial/by-path/pci-0000:05:00.3-usb-0:2.1.3:1.0-port0
1790754277.6898,A,275,15640,-85,/dev/serial/by-path/pci-0000:05:00.3-usb-0:2.1.1:1.0-port0
1790754277.6901,B,275,15636,-67,/dev/serial/by-path/pci-0000:05:00.3-usb-0:2.1.2:1.0-port0
1790754277.7185,A,276,15669,-84,/dev/serial/by-path/pci-0000:05:00.3-usb-0:2.1.1:1.0-port0
1790754277.7188,B,276,15665,-67,/dev/serial/by-path/pci-0000:05:00.3-usb-0:2.1.2:1.0-port0
1790754277.7188,C,279,15663,-62,/dev/serial/by-path/pci-0000:05:00.3-usb-0:2.1.3:1.0-port0
1790754277.7652,A,277,15715,-77,/dev/serial/by-path/pci-0000:05:00.3-usb-0:2.1.1:1.0-port0
1790754277.7791,C,280,15724,-64,/dev/serial/by-path/pci-0000:05:00.3-usb-0:2.1.3:1.0-port0
1790754277.7979,B,277,15744,-73,/dev/serial/by-path/pci-0000:05:00.3-usb-0:2.1.2:1.0-port0
1790754277.8107,B,278,15756,-74,/dev/serial/by-path/pci-0000:05:00.3-usb-0:2.1.2:1.0-port0
1790754277.8291,C,281,15774,-65,/dev/serial/by-path/pci-0000:05:00.3-usb-0:2.1.3:1.0-port0
1790754277.8297,A,278,15780,-88,/dev/serial/by-path/pci-0000:05:00.3-usb-0:2.1.1:1.0-port0
1790754277.8602,B,279,15806,-67,/dev/serial/by-path/pci-0000:05:00.3-usb-0:2.1.2:1.0-port0
1790754277.8683,C,282,15813,-63,/dev/serial/by-path/pci-0000:05:00.3-usb-0:2.1.3:1.0-port0
1790754277.8687,A,279,15819,-84,/dev/serial/by-path/pci-0000:05:00.3-usb-0:2.1.1:1.0-port0
1790754277.9032,B,280,15849,-65,/dev/serial/by-path/pci-0000:05:00.3-usb-0:2.1.2:1.0-port0
1790754277.9036,A,280,15854,-78,/dev/serial/by-path/pci-0000:05:00.3-usb-0:2.1.1:1.0-port0
1790754277.9039,C,283,15847,-64,/dev/serial/by-path/pci-0000:05:00.3-usb-0:2.1.3:1.0-port0
1790754277.9604,B,281,15906,-71,/dev/serial/by-path/pci-0000:05:00.3-usb-0:2.1.2:1.0-port0
1790754277.9791,C,284,15924,-66,/dev/serial/by-path/pci-0000:05:00.3-usb-0:2.1.3:1.0-port0
1790754277.9866,A,281,15937,-85,/dev/serial/by-path/pci-0000:05:00.3-usb-0:2.1.1:1.0-port0
1790754277.9911,B,282,15937,-67,/dev/serial/by-path/pci-0000:05:00.3-usb-0:2.1.2:1.0-port0
1790754277.9912,C,285,15936,-62,/dev/serial/by-path/pci-0000:05:00.3-usb-0:2.1.3:1.0-port0
1790754278.0402,A,282,15990,-83,/dev/serial/by-path/pci-0000:05:00.3-usb-0:2.1.1:1.0-port0
1790754278.0904,A,283,16041,-77,/dev/serial/by-path/pci-0000:05:00.3-usb-0:2.1.1:1.0-port0
1790754278.1054,B,283,16052,-72,/dev/serial/by-path/pci-0000:05:00.3-usb-0:2.1.2:1.0-port0
1790754278.1056,C,286,16050,-65,/dev/serial/by-path/pci-0000:05:00.3-usb-0:2.1.3:1.0-port0
1790754278.1216,B,284,16068,-67,/dev/serial/by-path/pci-0000:05:00.3-usb-0:2.1.2:1.0-port0
1790754278.1235,A,284,16074,-83,/dev/serial/by-path/pci-0000:05:00.3-usb-0:2.1.1:1.0-port0
1790754278.1291,C,287,16074,-65,/dev/serial/by-path/pci-0000:05:00.3-usb-0:2.1.3:1.0-port0
1790754278.1671,C,288,16112,-63,/dev/serial/by-path/pci-0000:05:00.3-usb-0:2.1.3:1.0-port0
1790754278.1675,B,285,16114,-67,/dev/serial/by-path/pci-0000:05:00.3-usb-0:2.1.2:1.0-port0
1790754278.1898,A,285,16140,-82,/dev/serial/by-path/pci-0000:05:00.3-usb-0:2.1.1:1.0-port0
1790754278.2167,A,286,16167,-77,/dev/serial/by-path/pci-0000:05:00.3-usb-0:2.1.1:1.0-port0
1790754278.2199,C,289,16165,-64,/dev/serial/by-path/pci-0000:05:00.3-usb-0:2.1.3:1.0-port0
1790754278.2218,B,286,16168,-72,/dev/serial/by-path/pci-0000:05:00.3-usb-0:2.1.2:1.0-port0
1790754278.2639,A,287,16214,-80,/dev/serial/by-path/pci-0000:05:00.3-usb-0:2.1.1:1.0-port0
1790754278.2642,C,290,16208,-65,/dev/serial/by-path/pci-0000:05:00.3-usb-0:2.1.3:1.0-port0
1790754278.3104,B,287,16257,-68,/dev/serial/by-path/pci-0000:05:00.3-usb-0:2.1.2:1.0-port0
1790754278.3107,C,291,16255,-63,/dev/serial/by-path/pci-0000:05:00.3-usb-0:2.1.3:1.0-port0
1790754278.3230,A,288,16273,-84,/dev/serial/by-path/pci-0000:05:00.3-usb-0:2.1.1:1.0-port0
1790754278.3582,B,288,16304,-67,/dev/serial/by-path/pci-0000:05:00.3-usb-0:2.1.2:1.0-port0
1790754278.3584,C,292,16303,-64,/dev/serial/by-path/pci-0000:05:00.3-usb-0:2.1.3:1.0-port0
1790754278.3827,A,289,16333,-77,/dev/serial/by-path/pci-0000:05:00.3-usb-0:2.1.1:1.0-port0
1790754278.3946,C,293,16339,-64,/dev/serial/by-path/pci-0000:05:00.3-usb-0:2.1.3:1.0-port0
1790754278.3949,B,289,16340,-71,/dev/serial/by-path/pci-0000:05:00.3-usb-0:2.1.2:1.0-port0
1790754278.4245,A,290,16375,-80,/dev/serial/by-path/pci-0000:05:00.3-usb-0:2.1.1:1.0-port0
1790754278.4380,B,290,16384,-67,/dev/serial/by-path/pci-0000:05:00.3-usb-0:2.1.2:1.0-port0
1790754278.4383,C,294,16383,-63,/dev/serial/by-path/pci-0000:05:00.3-usb-0:2.1.3:1.0-port0
1790754278.4397,A,291,16390,-83,/dev/serial/by-path/pci-0000:05:00.3-usb-0:2.1.1:1.0-port0
1790754278.4904,A,292,16441,-84,/dev/serial/by-path/pci-0000:05:00.3-usb-0:2.1.1:1.0-port0
1790754278.5037,B,291,16450,-66,/dev/serial/by-path/pci-0000:05:00.3-usb-0:2.1.2:1.0-port0
1790754278.5040,C,295,16448,-64,/dev/serial/by-path/pci-0000:05:00.3-usb-0:2.1.3:1.0-port0
1790754278.5230,C,296,16468,-64,/dev/serial/by-path/pci-0000:05:00.3-usb-0:2.1.3:1.0-port0
1790754278.5234,B,292,16470,-73,/dev/serial/by-path/pci-0000:05:00.3-usb-0:2.1.2:1.0-port0
1790754278.5234,A,293,16474,-77,/dev/serial/by-path/pci-0000:05:00.3-usb-0:2.1.1:1.0-port0
1790754278.5656,A,294,16516,-83,/dev/serial/by-path/pci-0000:05:00.3-usb-0:2.1.1:1.0-port0
1790754278.5659,C,297,16510,-63,/dev/serial/by-path/pci-0000:05:00.3-usb-0:2.1.3:1.0-port0
1790754278.5714,B,293,16518,-66,/dev/serial/by-path/pci-0000:05:00.3-usb-0:2.1.2:1.0-port0
1790754278.6217,C,298,16566,-64,/dev/serial/by-path/pci-0000:05:00.3-usb-0:2.1.3:1.0-port0
1790754278.6310,A,295,16581,-83,/dev/serial/by-path/pci-0000:05:00.3-usb-0:2.1.1:1.0-port0
1790754278.6313,B,294,16578,-66,/dev/serial/by-path/pci-0000:05:00.3-usb-0:2.1.2:1.0-port0
1790754278.6580,C,299,16603,-65,/dev/serial/by-path/pci-0000:05:00.3-usb-0:2.1.3:1.0-port0
1790754278.6583,B,295,16605,-67,/dev/serial/by-path/pci-0000:05:00.3-usb-0:2.1.2:1.0-port0
1790754278.6585,A,296,16609,-77,/dev/serial/by-path/pci-0000:05:00.3-usb-0:2.1.1:1.0-port0
1790754278.7028,B,296,16650,-73,/dev/serial/by-path/pci-0000:05:00.3-usb-0:2.1.2:1.0-port0
1790754278.7031,C,300,16648,-64,/dev/serial/by-path/pci-0000:05:00.3-usb-0:2.1.3:1.0-port0
1790754278.7398,A,297,16690,-80,/dev/serial/by-path/pci-0000:05:00.3-usb-0:2.1.1:1.0-port0
1790754278.7518,B,297,16698,-67,/dev/serial/by-path/pci-0000:05:00.3-usb-0:2.1.2:1.0-port0
1790754278.7521,C,301,16696,-63,/dev/serial/by-path/pci-0000:05:00.3-usb-0:2.1.3:1.0-port0
1790754278.7544,A,298,16705,-85,/dev/serial/by-path/pci-0000:05:00.3-usb-0:2.1.1:1.0-port0
1790754278.8101,B,298,16756,-66,/dev/serial/by-path/pci-0000:05:00.3-usb-0:2.1.2:1.0-port0
1790754278.8290,C,302,16774,-65,/dev/serial/by-path/pci-0000:05:00.3-usb-0:2.1.3:1.0-port0
1790754278.8294,A,299,16780,-77,/dev/serial/by-path/pci-0000:05:00.3-usb-0:2.1.1:1.0-port0
1790754278.8396,A,300,16790,-78,/dev/serial/by-path/pci-0000:05:00.3-usb-0:2.1.1:1.0-port0
1790754278.8401,B,299,16787,-73,/dev/serial/by-path/pci-0000:05:00.3-usb-0:2.1.2:1.0-port0
1790754278.8412,C,303,16786,-64,/dev/serial/by-path/pci-0000:05:00.3-usb-0:2.1.3:1.0-port0
1790754278.8846,A,301,16835,-83,/dev/serial/by-path/pci-0000:05:00.3-usb-0:2.1.1:1.0-port0
1790754278.8897,B,300,16836,-66,/dev/serial/by-path/pci-0000:05:00.3-usb-0:2.1.2:1.0-port0
1790754278.9290,C,304,16874,-63,/dev/serial/by-path/pci-0000:05:00.3-usb-0:2.1.3:1.0-port0
1790754278.9351,A,302,16885,-86,/dev/serial/by-path/pci-0000:05:00.3-usb-0:2.1.1:1.0-port0
1790754278.9352,B,301,16881,-67,/dev/serial/by-path/pci-0000:05:00.3-usb-0:2.1.2:1.0-port0
1790754278.9756,B,302,16922,-73,/dev/serial/by-path/pci-0000:05:00.3-usb-0:2.1.2:1.0-port0
1790754278.9794,C,305,16924,-65,/dev/serial/by-path/pci-0000:05:00.3-usb-0:2.1.3:1.0-port0
1790754278.9896,A,303,16940,-77,/dev/serial/by-path/pci-0000:05:00.3-usb-0:2.1.1:1.0-port0
1790754279.0294,C,306,16974,-63,/dev/serial/by-path/pci-0000:05:00.3-usb-0:2.1.3:1.0-port0
1790754279.0400,A,304,16990,-80,/dev/serial/by-path/pci-0000:05:00.3-usb-0:2.1.1:1.0-port0
1790754279.0431,B,303,16989,-66,/dev/serial/by-path/pci-0000:05:00.3-usb-0:2.1.2:1.0-port0
1790754279.0643,C,307,17009,-63,/dev/serial/by-path/pci-0000:05:00.3-usb-0:2.1.3:1.0-port0
1790754279.0686,B,304,17015,-66,/dev/serial/by-path/pci-0000:05:00.3-usb-0:2.1.2:1.0-port0
1790754279.0687,A,305,17019,-85,/dev/serial/by-path/pci-0000:05:00.3-usb-0:2.1.1:1.0-port0
1790754279.1291,C,308,17074,-65,/dev/serial/by-path/pci-0000:05:00.3-usb-0:2.1.3:1.0-port0
1790754279.1398,A,306,17090,-76,/dev/serial/by-path/pci-0000:05:00.3-usb-0:2.1.1:1.0-port0
1790754279.1555,B,305,17102,-73,/dev/serial/by-path/pci-0000:05:00.3-usb-0:2.1.2:1.0-port0
1790754279.1557,A,307,17106,-81,/dev/serial/by-path/pci-0000:05:00.3-usb-0:2.1.1:1.0-port0
1790754279.1561,C,309,17100,-64,/dev/serial/by-path/pci-0000:05:00.3-usb-0:2.1.3:1.0-port0
1790754279.2005,B,306,17147,-66,/dev/serial/by-path/pci-0000:05:00.3-usb-0:2.1.2:1.0-port0
1790754279.2058,C,310,17151,-63,/dev/serial/by-path/pci-0000:05:00.3-usb-0:2.1.3:1.0-port0
1790754279.2118,A,308,17162,-85,/dev/serial/by-path/pci-0000:05:00.3-usb-0:2.1.1:1.0-port0
1790754279.2448,C,311,17189,-65,/dev/serial/by-path/pci-0000:05:00.3-usb-0:2.1.3:1.0-port0
1790754279.2564,A,309,17207,-76,/dev/serial/by-path/pci-0000:05:00.3-usb-0:2.1.1:1.0-port0
1790754279.2567,B,307,17203,-67,/dev/serial/by-path/pci-0000:05:00.3-usb-0:2.1.2:1.0-port0
1790754279.3104,B,308,17256,-74,/dev/serial/by-path/pci-0000:05:00.3-usb-0:2.1.2:1.0-port0
1790754279.3290,C,312,17274,-64,/dev/serial/by-path/pci-0000:05:00.3-usb-0:2.1.3:1.0-port0
1790754279.3295,A,310,17280,-82,/dev/serial/by-path/pci-0000:05:00.3-usb-0:2.1.1:1.0-port0
1790754279.3401,B,309,17286,-67,/dev/serial/by-path/pci-0000:05:00.3-usb-0:2.1.2:1.0-port0
1790754279.3483,C,313,17293,-63,/dev/serial/by-path/pci-0000:05:00.3-usb-0:2.1.3:1.0-port0
1790754279.3808,A,311,17331,-85,/dev/serial/by-path/pci-0000:05:00.3-usb-0:2.1.1:1.0-port0
1790754279.4263,A,312,17376,-76,/dev/serial/by-path/pci-0000:05:00.3-usb-0:2.1.1:1.0-port0
1790754279.4289,C,314,17374,-64,/dev/serial/by-path/pci-0000:05:00.3-usb-0:2.1.3:1.0-port0
1790754279.4605,B,310,17407,-73,/dev/serial/by-path/pci-0000:05:00.3-usb-0:2.1.2:1.0-port0
1790754279.4748,B,311,17421,-67,/dev/serial/by-path/pci-0000:05:00.3-usb-0:2.1.2:1.0-port0
1790754279.4762,C,315,17421,-64,/dev/serial/by-path/pci-0000:05:00.3-usb-0:2.1.3:1.0-port0
1790754279.4766,A,313,17427,-82,/dev/serial/by-path/pci-0000:05:00.3-usb-0:2.1.1:1.0-port0
1790754279.5252,A,314,17475,-85,/dev/serial/by-path/pci-0000:05:00.3-usb-0:2.1.1:1.0-port0
1790754279.5290,C,316,17474,-63,/dev/serial/by-path/pci-0000:05:00.3-usb-0:2.1.3:1.0-port0
1790754279.5461,B,312,17492,-67,/dev/serial/by-path/pci-0000:05:00.3-usb-0:2.1.2:1.0-port0
1790754279.5656,C,317,17510,-64,/dev/serial/by-path/pci-0000:05:00.3-usb-0:2.1.3:1.0-port0
1790754279.5659,A,315,17516,-76,/dev/serial/by-path/pci-0000:05:00.3-usb-0:2.1.1:1.0-port0
1790754279.5728,B,313,17519,-73,/dev/serial/by-path/pci-0000:05:00.3-usb-0:2.1.2:1.0-port0
1790754279.6095,B,314,17556,-73,/dev/serial/by-path/pci-0000:05:00.3-usb-0:2.1.2:1.0-port0
1790754279.6290,C,318,17574,-64,/dev/serial/by-path/pci-0000:05:00.3-usb-0:2.1.3:1.0-port0
1790754279.6396,A,316,17590,-85,/dev/serial/by-path/pci-0000:05:00.3-usb-0:2.1.1:1.0-port0
1790754279.6562,B,315,17603,-66,/dev/serial/by-path/pci-0000:05:00.3-usb-0:2.1.2:1.0-port0
1790754279.6713,C,319,17617,-63,/dev/serial/by-path/pci-0000:05:00.3-usb-0:2.1.3:1.0-port0
1790754279.6718,A,317,17622,-86,/dev/serial/by-path/pci-0000:05:00.3-usb-0:2.1.1:1.0-port0
1790754279.7604,B,316,17706,-73,/dev/serial/by-path/pci-0000:05:00.3-usb-0:2.1.2:1.0-port0
1790754279.7697,C,320,17714,-65,/dev/serial/by-path/pci-0000:05:00.3-usb-0:2.1.3:1.0-port0
1790754279.7702,A,318,17721,-84,/dev/serial/by-path/pci-0000:05:00.3-usb-0:2.1.1:1.0-port0
1790754279.7947,C,321,17739,-63,/dev/serial/by-path/pci-0000:05:00.3-usb-0:2.1.3:1.0-port0
1790754279.7950,B,317,17741,-66,/dev/serial/by-path/pci-0000:05:00.3-usb-0:2.1.2:1.0-port0
1790754279.8020,A,319,17752,-88,/dev/serial/by-path/pci-0000:05:00.3-usb-0:2.1.1:1.0-port0
1790754279.8430,B,318,17789,-67,/dev/serial/by-path/pci-0000:05:00.3-usb-0:2.1.2:1.0-port0
1790754279.8652,C,322,17810,-65,/dev/serial/by-path/pci-0000:05:00.3-usb-0:2.1.3:1.0-port0
1790754279.8898,A,320,17840,-78,/dev/serial/by-path/pci-0000:05:00.3-usb-0:2.1.1:1.0-port0
1790754279.9046,C,323,17849,-64,/dev/serial/by-path/pci-0000:05:00.3-usb-0:2.1.3:1.0-port0
1790754279.9103,B,319,17856,-73,/dev/serial/by-path/pci-0000:05:00.3-usb-0:2.1.2:1.0-port0
1790754279.9262,B,320,17872,-67,/dev/serial/by-path/pci-0000:05:00.3-usb-0:2.1.2:1.0-port0
1790754279.9277,A,321,17878,-83,/dev/serial/by-path/pci-0000:05:00.3-usb-0:2.1.1:1.0-port0
1790754279.9294,C,324,17874,-64,/dev/serial/by-path/pci-0000:05:00.3-usb-0:2.1.3:1.0-port0
1790754279.9661,C,325,17911,-63,/dev/serial/by-path/pci-0000:05:00.3-usb-0:2.1.3:1.0-port0
1790754279.9834,A,322,17934,-87,/dev/serial/by-path/pci-0000:05:00.3-usb-0:2.1.1:1.0-port0
1790754279.9835,B,321,17929,-67,/dev/serial/by-path/pci-0000:05:00.3-usb-0:2.1.2:1.0-port0
1790754280.0115,A,323,17962,-77,/dev/serial/by-path/pci-0000:05:00.3-usb-0:2.1.1:1.0-port0
1790754280.0291,C,326,17974,-65,/dev/serial/by-path/pci-0000:05:00.3-usb-0:2.1.3:1.0-port0
1790754280.0606,C,327,18005,-64,/dev/serial/by-path/pci-0000:05:00.3-usb-0:2.1.3:1.0-port0
1790754280.0610,B,322,18007,-80,/dev/serial/by-path/pci-0000:05:00.3-usb-0:2.1.2:1.0-port0
1790754280.0709,A,324,18021,-83,/dev/serial/by-path/pci-0000:05:00.3-usb-0:2.1.1:1.0-port0
1790754280.1082,C,328,18053,-64,/dev/serial/by-path/pci-0000:05:00.3-usb-0:2.1.3:1.0-port0
1790754280.1083,B,323,18054,-66,/dev/serial/by-path/pci-0000:05:00.3-usb-0:2.1.2:1.0-port0
1790754280.1102,A,325,18061,-88,/dev/serial/by-path/pci-0000:05:00.3-usb-0:2.1.1:1.0-port0
1790754280.1504,B,324,18097,-67,/dev/serial/by-path/pci-0000:05:00.3-usb-0:2.1.2:1.0-port0
1790754280.1790,C,329,18124,-66,/dev/serial/by-path/pci-0000:05:00.3-usb-0:2.1.3:1.0-port0
1790754280.1860,A,326,18136,-78,/dev/serial/by-path/pci-0000:05:00.3-usb-0:2.1.1:1.0-port0
1790754280.1950,C,330,18140,-63,/dev/serial/by-path/pci-0000:05:00.3-usb-0:2.1.3:1.0-port0
1790754280.2102,B,325,18156,-73,/dev/serial/by-path/pci-0000:05:00.3-usb-0:2.1.2:1.0-port0
1790754280.2156,A,327,18166,-85,/dev/serial/by-path/pci-0000:05:00.3-usb-0:2.1.1:1.0-port0
1790754280.2416,B,326,18188,-66,/dev/serial/by-path/pci-0000:05:00.3-usb-0:2.1.2:1.0-port0
1790754280.2418,C,331,18187,-64,/dev/serial/by-path/pci-0000:05:00.3-usb-0:2.1.3:1.0-port0
1790754280.2826,B,327,18229,-66,/dev/serial/by-path/pci-0000:05:00.3-usb-0:2.1.2:1.0-port0
1790754280.2895,A,328,18240,-88,/dev/serial/by-path/pci-0000:05:00.3-usb-0:2.1.1:1.0-port0
1790754280.3153,C,332,18260,-67,/dev/serial/by-path/pci-0000:05:00.3-usb-0:2.1.3:1.0-port0
1790754280.3288,C,333,18273,-65,/dev/serial/by-path/pci-0000:05:00.3-usb-0:2.1.3:1.0-port0
1790754280.3288,A,329,18279,-78,/dev/serial/by-path/pci-0000:05:00.3-usb-0:2.1.1:1.0-port0
1790754280.3292,B,328,18276,-72,/dev/serial/by-path/pci-0000:05:00.3-usb-0:2.1.2:1.0-port0
1790754280.3723,C,334,18317,-63,/dev/serial/by-path/pci-0000:05:00.3-usb-0:2.1.3:1.0-port0
1790754280.3800,B,329,18326,-66,/dev/serial/by-path/pci-0000:05:00.3-usb-0:2.1.2:1.0-port0
1790754280.3897,A,330,18340,-83,/dev/serial/by-path/pci-0000:05:00.3-usb-0:2.1.1:1.0-port0
1790754280.4181,B,330,18364,-67,/dev/serial/by-path/pci-0000:05:00.3-usb-0:2.1.2:1.0-port0
1790754280.4185,C,335,18364,-64,/dev/serial/by-path/pci-0000:05:00.3-usb-0:2.1.3:1.0-port0
1790754280.4401,A,331,18390,-86,/dev/serial/by-path/pci-0000:05:00.3-usb-0:2.1.1:1.0-port0
1790754280.4628,A,332,18413,-78,/dev/serial/by-path/pci-0000:05:00.3-usb-0:2.1.1:1.0-port0
1790754280.4791,C,336,18424,-67,/dev/serial/by-path/pci-0000:05:00.3-usb-0:2.1.3:1.0-port0
1790754280.5098,B,331,18456,-73,/dev/serial/by-path/pci-0000:05:00.3-usb-0:2.1.2:1.0-port0
1790754280.5101,A,333,18460,-84,/dev/serial/by-path/pci-0000:05:00.3-usb-0:2.1.1:1.0-port0
1790754280.5104,C,337,18455,-64,/dev/serial/by-path/pci-0000:05:00.3-usb-0:2.1.3:1.0-port0
1790754280.5432,C,338,18488,-64,/dev/serial/by-path/pci-0000:05:00.3-usb-0:2.1.3:1.0-port0
1790754280.5602,B,332,18506,-66,/dev/serial/by-path/pci-0000:05:00.3-usb-0:2.1.2:1.0-port0
1790754280.5840,A,334,18535,-87,/dev/serial/by-path/pci-0000:05:00.3-usb-0:2.1.1:1.0-port0
1790754280.5860,A,335,18535,-86,/dev/serial/by-path/pci-0000:05:00.3-usb-0:2.1.1:1.0-port0
1790754280.5978,B,333,18544,-66,/dev/serial/by-path/pci-0000:05:00.3-usb-0:2.1.2:1.0-port0
1790754280.5982,C,339,18543,-67,/dev/serial/by-path/pci-0000:05:00.3-usb-0:2.1.3:1.0-port0
1790754280.6287,A,336,18579,-77,/dev/serial/by-path/pci-0000:05:00.3-usb-0:2.1.1:1.0-port0
1790754280.6289,C,340,18574,-67,/dev/serial/by-path/pci-0000:05:00.3-usb-0:2.1.3:1.0-port0
1790754280.6603,B,334,18606,-73,/dev/serial/by-path/pci-0000:05:00.3-usb-0:2.1.2:1.0-port0
1790754280.6778,B,335,18624,-66,/dev/serial/by-path/pci-0000:05:00.3-usb-0:2.1.2:1.0-port0
1790754280.6782,C,341,18624,-66,/dev/serial/by-path/pci-0000:05:00.3-usb-0:2.1.3:1.0-port0
1790754280.6801,A,337,18630,-84,/dev/serial/by-path/pci-0000:05:00.3-usb-0:2.1.1:1.0-port0
1790754280.7198,C,342,18664,-64,/dev/serial/by-path/pci-0000:05:00.3-usb-0:2.1.3:1.0-port0
1790754280.7224,B,336,18669,-67,/dev/serial/by-path/pci-0000:05:00.3-usb-0:2.1.2:1.0-port0
1790754280.7227,A,338,18673,-88,/dev/serial/by-path/pci-0000:05:00.3-usb-0:2.1.1:1.0-port0
1790754280.7795,C,343,18724,-67,/dev/serial/by-path/pci-0000:05:00.3-usb-0:2.1.3:1.0-port0
1790754280.7896,A,339,18740,-79,/dev/serial/by-path/pci-0000:05:00.3-usb-0:2.1.1:1.0-port0
1790754280.8102,B,337,18756,-73,/dev/serial/by-path/pci-0000:05:00.3-usb-0:2.1.2:1.0-port0
1790754280.8188,B,338,18765,-67,/dev/serial/by-path/pci-0000:05:00.3-usb-0:2.1.2:1.0-port0
1790754280.8274,A,340,18778,-85,/dev/serial/by-path/pci-0000:05:00.3-usb-0:2.1.1:1.0-port0
1790754280.8275,C,344,18772,-64,/dev/serial/by-path/pci-0000:05:00.3-usb-0:2.1.3:1.0-port0
1790754280.8602,B,339,18806,-67,/dev/serial/by-path/pci-0000:05:00.3-usb-0:2.1.2:1.0-port0
1790754280.8683,C,345,18813,-64,/dev/serial/by-path/pci-0000:05:00.3-usb-0:2.1.3:1.0-port0
1790754280.8705,A,341,18821,-88,/dev/serial/by-path/pci-0000:05:00.3-usb-0:2.1.1:1.0-port0
1790754280.9029,B,340,18849,-67,/dev/serial/by-path/pci-0000:05:00.3-usb-0:2.1.2:1.0-port0
1790754280.9293,A,342,18880,-79,/dev/serial/by-path/pci-0000:05:00.3-usb-0:2.1.1:1.0-port0
1790754280.9294,C,346,18874,-67,/dev/serial/by-path/pci-0000:05:00.3-usb-0:2.1.3:1.0-port0
1790754280.9538,A,343,18904,-86,/dev/serial/by-path/pci-0000:05:00.3-usb-0:2.1.1:1.0-port0
1790754280.9540,C,347,18899,-64,/dev/serial/by-path/pci-0000:05:00.3-usb-0:2.1.3:1.0-port0
1790754280.9542,B,341,18900,-72,/dev/serial/by-path/pci-0000:05:00.3-usb-0:2.1.2:1.0-port0
1790754281.0103,B,342,18956,-67,/dev/serial/by-path/pci-0000:05:00.3-usb-0:2.1.2:1.0-port0
1790754281.0226,C,348,18967,-64,/dev/serial/by-path/pci-0000:05:00.3-usb-0:2.1.3:1.0-port0
1790754281.0317,A,344,18982,-86,/dev/serial/by-path/pci-0000:05:00.3-usb-0:2.1.1:1.0-port0
1790754281.0386,B,343,18985,-67,/dev/serial/by-path/pci-0000:05:00.3-usb-0:2.1.2:1.0-port0
1790754281.0401,A,345,18990,-85,/dev/serial/by-path/pci-0000:05:00.3-usb-0:2.1.1:1.0-port0
1790754281.0646,C,349,19009,-67,/dev/serial/by-path/pci-0000:05:00.3-usb-0:2.1.3:1.0-port0
1790754281.0810,A,346,19031,-78,/dev/serial/by-path/pci-0000:05:00.3-usb-0:2.1.1:1.0-port0
1790754281.0929,B,344,19039,-72,/dev/serial/by-path/pci-0000:05:00.3-usb-0:2.1.2:1.0-port0
1790754281.1268,B,345,19073,-68,/dev/serial/by-path/pci-0000:05:00.3-usb-0:2.1.2:1.0-port0
1790754281.1290,C,350,19074,-64,/dev/serial/by-path/pci-0000:05:00.3-usb-0:2.1.3:1.0-port0
1790754281.1392,A,347,19089,-91,/dev/serial/by-path/pci-0000:05:00.3-usb-0:2.1.1:1.0-port0
1790754281.1668,A,348,19117,-84,/dev/serial/by-path/pci-0000:05:00.3-usb-0:2.1.1:1.0-port0
1790754281.1691,C,351,19114,-64,/dev/serial/by-path/pci-0000:05:00.3-usb-0:2.1.3:1.0-port0
1790754281.1692,B,346,19116,-67,/dev/serial/by-path/pci-0000:05:00.3-usb-0:2.1.2:1.0-port0
1790754281.2525,C,352,19197,-65,/dev/serial/by-path/pci-0000:05:00.3-usb-0:2.1.3:1.0-port0
1790754281.2582,A,349,19208,-92,/dev/serial/by-path/pci-0000:05:00.3-usb-0:2.1.1:1.0-port0
1790754281.2603,B,347,19206,-73,/dev/serial/by-path/pci-0000:05:00.3-usb-0:2.1.2:1.0-port0
1790754281.2922,C,353,19237,-63,/dev/serial/by-path/pci-0000:05:00.3-usb-0:2.1.3:1.0-port0
1790754281.2925,B,348,19238,-67,/dev/serial/by-path/pci-0000:05:00.3-usb-0:2.1.2:1.0-port0
1790754281.3603,B,349,19306,-67,/dev/serial/by-path/pci-0000:05:00.3-usb-0:2.1.2:1.0-port0
1790754281.3790,C,354,19324,-67,/dev/serial/by-path/pci-0000:05:00.3-usb-0:2.1.3:1.0-port0
1790754281.3889,A,350,19340,-78,/dev/serial/by-path/pci-0000:05:00.3-usb-0:2.1.1:1.0-port0
1790754281.4109,B,350,19357,-72,/dev/serial/by-path/pci-0000:05:00.3-usb-0:2.1.2:1.0-port0
1790754281.4215,C,355,19366,-64,/dev/serial/by-path/pci-0000:05:00.3-usb-0:2.1.3:1.0-port0
1790754281.4266,B,351,19373,-67,/dev/serial/by-path/pci-0000:05:00.3-usb-0:2.1.2:1.0-port0
1790754281.4291,C,356,19374,-66,/dev/serial/by-path/pci-0000:05:00.3-usb-0:2.1.3:1.0-port0
1790754281.4730,A,351,19424,-87,/dev/serial/by-path/pci-0000:05:00.3-usb-0:2.1.1:1.0-port0
1790754281.4750,B,352,19421,-67,/dev/serial/by-path/pci-0000:05:00.3-usb-0:2.1.2:1.0-port0
1790754281.4799,C,357,19424,-64,/dev/serial/by-path/pci-0000:05:00.3-usb-0:2.1.3:1.0-port0
1790754281.5294,C,358,19474,-67,/dev/serial/by-path/pci-0000:05:00.3-usb-0:2.1.3:1.0-port0
1790754281.5397,A,352,19490,-77,/dev/serial/by-path/pci-0000:05:00.3-usb-0:2.1.1:1.0-port0
1790754281.5586,B,353,19505,-72,/dev/serial/by-path/pci-0000:05:00.3-usb-0:2.1.2:1.0-port0
1790754281.5679,B,354,19514,-68,/dev/serial/by-path/pci-0000:05:00.3-usb-0:2.1.2:1.0-port0
1790754281.5695,C,359,19515,-63,/dev/serial/by-path/pci-0000:05:00.3-usb-0:2.1.3:1.0-port0
1790754281.5699,A,353,19520,-90,/dev/serial/by-path/pci-0000:05:00.3-usb-0:2.1.1:1.0-port0
1790754281.6112,C,360,19556,-64,/dev/serial/by-path/pci-0000:05:00.3-usb-0:2.1.3:1.0-port0
1790754281.6402,A,354,19591,-85,/dev/serial/by-path/pci-0000:05:00.3-usb-0:2.1.1:1.0-port0
1790754281.6618,C,361,19607,-67,/dev/serial/by-path/pci-0000:05:00.3-usb-0:2.1.3:1.0-port0
1790754281.6623,A,355,19612,-78,/dev/serial/by-path/pci-0000:05:00.3-usb-0:2.1.1:1.0-port0
1790754281.7060,C,362,19651,-64,/dev/serial/by-path/pci-0000:05:00.3-usb-0:2.1.3:1.0-port0
1790754281.7063,B,355,19653,-73,/dev/serial/by-path/pci-0000:05:00.3-usb-0:2.1.2:1.0-port0
1790754281.7064,A,356,19657,-85,/dev/serial/by-path/pci-0000:05:00.3-usb-0:2.1.1:1.0-port0
1790754281.7527,B,356,19700,-67,/dev/serial/by-path/pci-0000:05:00.3-usb-0:2.1.2:1.0-port0
1790754281.7617,A,357,19712,-86,/dev/serial/by-path/pci-0000:05:00.3-usb-0:2.1.1:1.0-port0
1790754281.7621,C,363,19707,-64,/dev/serial/by-path/pci-0000:05:00.3-usb-0:2.1.3:1.0-port0
1790754281.8006,C,364,19745,-67,/dev/serial/by-path/pci-0000:05:00.3-usb-0:2.1.3:1.0-port0
1790754281.8098,B,357,19756,-67,/dev/serial/by-path/pci-0000:05:00.3-usb-0:2.1.2:1.0-port0
1790754281.8395,A,358,19790,-77,/dev/serial/by-path/pci-0000:05:00.3-usb-0:2.1.1:1.0-port0
1790754281.8602,B,358,19806,-72,/dev/serial/by-path/pci-0000:05:00.3-usb-0:2.1.2:1.0-port0
1790754281.8673,C,365,19812,-66,/dev/serial/by-path/pci-0000:05:00.3-usb-0:2.1.3:1.0-port0
1790754281.8683,A,359,19818,-83,/dev/serial/by-path/pci-0000:05:00.3-usb-0:2.1.1:1.0-port0
1790754281.8985,C,366,19843,-64,/dev/serial/by-path/pci-0000:05:00.3-usb-0:2.1.3:1.0-port0
1790754281.8986,B,359,19845,-67,/dev/serial/by-path/pci-0000:05:00.3-usb-0:2.1.2:1.0-port0
1790754281.9374,B,360,19884,-69,/dev/serial/by-path/pci-0000:05:00.3-usb-0:2.1.2:1.0-port0
1790754281.9397,A,360,19890,-87,/dev/serial/by-path/pci-0000:05:00.3-usb-0:2.1.1:1.0-port0
1790754281.9784,C,367,19924,-68,/dev/serial/by-path/pci-0000:05:00.3-usb-0:2.1.3:1.0-port0
1790754281.9807,C,368,19924,-66,/dev/serial/by-path/pci-0000:05:00.3-usb-0:2.1.3:1.0-port0
1790754281.9846,B,361,19931,-71,/dev/serial/by-path/pci-0000:05:00.3-usb-0:2.1.2:1.0-port0
1790754281.9850,A,361,19935,-78,/dev/serial/by-path/pci-0000:05:00.3-usb-0:2.1.1:1.0-port0
1790754282.0223,C,369,19967,-66,/dev/serial/by-path/pci-0000:05:00.3-usb-0:2.1.3:1.0-port0
1790754282.0242,B,362,19970,-68,/dev/serial/by-path/pci-0000:05:00.3-usb-0:2.1.2:1.0-port0
1790754282.0373,A,362,19988,-84,/dev/serial/by-path/pci-0000:05:00.3-usb-0:2.1.1:1.0-port0
1790754282.0616,C,370,20006,-65,/dev/serial/by-path/pci-0000:05:00.3-usb-0:2.1.3:1.0-port0
1790754282.0704,A,363,20020,-84,/dev/serial/by-path/pci-0000:05:00.3-usb-0:2.1.1:1.0-port0
1790754282.1398,A,364,20090,-81,/dev/serial/by-path/pci-0000:05:00.3-usb-0:2.1.1:1.0-port0
1790754282.1534,B,363,20099,-72,/dev/serial/by-path/pci-0000:05:00.3-usb-0:2.1.2:1.0-port0
1790754282.1697,C,371,20114,-66,/dev/serial/by-path/pci-0000:05:00.3-usb-0:2.1.3:1.0-port0
1790754282.1701,A,365,20120,-85,/dev/serial/by-path/pci-0000:05:00.3-usb-0:2.1.1:1.0-port0
1790754282.1948,B,364,20141,-67,/dev/serial/by-path/pci-0000:05:00.3-usb-0:2.1.2:1.0-port0
1790754282.2103,C,372,20155,-64,/dev/serial/by-path/pci-0000:05:00.3-usb-0:2.1.3:1.0-port0
1790754282.2396,A,366,20190,-84,/dev/serial/by-path/pci-0000:05:00.3-usb-0:2.1.1:1.0-port0
1790754282.2601,B,365,20206,-66,/dev/serial/by-path/pci-0000:05:00.3-usb-0:2.1.2:1.0-port0
1790754282.2900,A,367,20240,-78,/dev/serial/by-path/pci-0000:05:00.3-usb-0:2.1.1:1.0-port0
1790754282.2904,C,373,20235,-65,/dev/serial/by-path/pci-0000:05:00.3-usb-0:2.1.3:1.0-port0
1790754282.3100,B,366,20256,-71,/dev/serial/by-path/pci-0000:05:00.3-usb-0:2.1.2:1.0-port0
1790754282.3390,A,368,20289,-84,/dev/serial/by-path/pci-0000:05:00.3-usb-0:2.1.1:1.0-port0
1790754282.3598,B,367,20306,-66,/dev/serial/by-path/pci-0000:05:00.3-usb-0:2.1.2:1.0-port0
1790754282.3791,C,374,20324,-64,/dev/serial/by-path/pci-0000:05:00.3-usb-0:2.1.3:1.0-port0
1790754282.3831,A,369,20333,-82,/dev/serial/by-path/pci-0000:05:00.3-usb-0:2.1.1:1.0-port0
1790754282.3833,B,368,20329,-67,/dev/serial/by-path/pci-0000:05:00.3-usb-0:2.1.2:1.0-port0
1790754282.3835,C,375,20328,-66,/dev/serial/by-path/pci-0000:05:00.3-usb-0:2.1.3:1.0-port0
1790754282.4396,A,370,20390,-76,/dev/serial/by-path/pci-0000:05:00.3-usb-0:2.1.1:1.0-port0
1790754282.4603,B,369,20406,-71,/dev/serial/by-path/pci-0000:05:00.3-usb-0:2.1.2:1.0-port0
1790754282.4724,C,376,20418,-65,/dev/serial/by-path/pci-0000:05:00.3-usb-0:2.1.3:1.0-port0
1790754282.4726,B,370,20418,-67,/dev/serial/by-path/pci-0000:05:00.3-usb-0:2.1.2:1.0-port0
1790754282.4747,C,377,20418,-64,/dev/serial/by-path/pci-0000:05:00.3-usb-0:2.1.3:1.0-port0
1790754282.4899,A,371,20440,-87,/dev/serial/by-path/pci-0000:05:00.3-usb-0:2.1.1:1.0-port0
1790754282.5118,C,378,20456,-66,/dev/serial/by-path/pci-0000:05:00.3-usb-0:2.1.3:1.0-port0
1790754282.5142,A,372,20464,-82,/dev/serial/by-path/pci-0000:05:00.3-usb-0:2.1.1:1.0-port0
1790754282.5562,B,371,20503,-66,/dev/serial/by-path/pci-0000:05:00.3-usb-0:2.1.2:1.0-port0
1790754282.5563,A,373,20507,-76,/dev/serial/by-path/pci-0000:05:00.3-usb-0:2.1.1:1.0-port0
1790754282.5787,C,379,20524,-67,/dev/serial/by-path/pci-0000:05:00.3-usb-0:2.1.3:1.0-port0
1790754282.6058,A,374,20556,-87,/dev/serial/by-path/pci-0000:05:00.3-usb-0:2.1.1:1.0-port0
1790754282.6062,C,380,20550,-65,/dev/serial/by-path/pci-0000:05:00.3-usb-0:2.1.3:1.0-port0
1790754282.6103,B,372,20556,-71,/dev/serial/by-path/pci-0000:05:00.3-usb-0:2.1.2:1.0-port0
1790754282.6499,C,381,20595,-64,/dev/serial/by-path/pci-0000:05:00.3-usb-0:2.1.3:1.0-port0
1790754282.6503,B,373,20596,-66,/dev/serial/by-path/pci-0000:05:00.3-usb-0:2.1.2:1.0-port0
1790754282.6896,A,375,20640,-81,/dev/serial/by-path/pci-0000:05:00.3-usb-0:2.1.1:1.0-port0
1790754282.6955,A,376,20646,-77,/dev/serial/by-path/pci-0000:05:00.3-usb-0:2.1.1:1.0-port0
1790754282.6957,C,382,20640,-67,/dev/serial/by-path/pci-0000:05:00.3-usb-0:2.1.3:1.0-port0
1790754282.6962,B,374,20642,-67,/dev/serial/by-path/pci-0000:05:00.3-usb-0:2.1.2:1.0-port0
1790754282.7595,B,375,20706,-73,/dev/serial/by-path/pci-0000:05:00.3-usb-0:2.1.2:1.0-port0
1790754282.7791,C,383,20724,-65,/dev/serial/by-path/pci-0000:05:00.3-usb-0:2.1.3:1.0-port0
1790754282.7889,B,376,20735,-66,/dev/serial/by-path/pci-0000:05:00.3-usb-0:2.1.2:1.0-port0
1790754282.7894,A,377,20740,-83,/dev/serial/by-path/pci-0000:05:00.3-usb-0:2.1.1:1.0-port0
1790754282.7894,C,384,20734,-65,/dev/serial/by-path/pci-0000:05:00.3-usb-0:2.1.3:1.0-port0
1790754282.8376,A,378,20788,-82,/dev/serial/by-path/pci-0000:05:00.3-usb-0:2.1.1:1.0-port0
1790754282.8796,A,379,20830,-77,/dev/serial/by-path/pci-0000:05:00.3-usb-0:2.1.1:1.0-port0
1790754282.8798,C,385,20824,-67,/dev/serial/by-path/pci-0000:05:00.3-usb-0:2.1.3:1.0-port0
1790754282.9080,B,377,20854,-72,/dev/serial/by-path/pci-0000:05:00.3-usb-0:2.1.2:1.0-port0
1790754282.9292,C,386,20874,-65,/dev/serial/by-path/pci-0000:05:00.3-usb-0:2.1.3:1.0-port0
1790754282.9298,B,378,20876,-67,/dev/serial/by-path/pci-0000:05:00.3-usb-0:2.1.2:1.0-port0
1790754282.9397,A,380,20890,-85,/dev/serial/by-path/pci-0000:05:00.3-usb-0:2.1.1:1.0-port0
1790754282.9794,C,387,20924,-65,/dev/serial/by-path/pci-0000:05:00.3-usb-0:2.1.3:1.0-port0
1790754282.9900,A,381,20940,-82,/dev/serial/by-path/pci-0000:05:00.3-usb-0:2.1.1:1.0-port0
1790754283.0109,B,379,20957,-66,/dev/serial/by-path/pci-0000:05:00.3-usb-0:2.1.2:1.0-port0
1790754283.0164,A,382,20967,-77,/dev/serial/by-path/pci-0000:05:00.3-usb-0:2.1.1:1.0-port0
1790754283.0168,C,388,20961,-67,/dev/serial/by-path/pci-0000:05:00.3-usb-0:2.1.3:1.0-port0
1790754283.0539,B,380,21000,-72,/dev/serial/by-path/pci-0000:05:00.3-usb-0:2.1.2:1.0-port0
1790754283.0615,C,389,21006,-64,/dev/serial/by-path/pci-0000:05:00.3-usb-0:2.1.3:1.0-port0
1790754283.0621,A,383,21013,-86,/dev/serial/by-path/pci-0000:05:00.3-usb-0:2.1.1:1.0-port0
1790754283.0987,B,381,21045,-66,/dev/serial/by-path/pci-0000:05:00.3-usb-0:2.1.2:1.0-port0
1790754283.0989,C,390,21044,-64,/dev/serial/by-path/pci-0000:05:00.3-usb-0:2.1.3:1.0-port0
1790754283.0991,A,384,21049,-83,/dev/serial/by-path/pci-0000:05:00.3-usb-0:2.1.1:1.0-port0
1790754283.1443,C,391,21089,-67,/dev/serial/by-path/pci-0000:05:00.3-usb-0:2.1.3:1.0-port0
1790754283.1601,B,382,21106,-66,/dev/serial/by-path/pci-0000:05:00.3-usb-0:2.1.2:1.0-port0
1790754283.1896,A,385,21140,-76,/dev/serial/by-path/pci-0000:05:00.3-usb-0:2.1.1:1.0-port0
1790754283.2101,B,383,21156,-73,/dev/serial/by-path/pci-0000:05:00.3-usb-0:2.1.2:1.0-port0
1790754283.2267,C,392,21172,-66,/dev/serial/by-path/pci-0000:05:00.3-usb-0:2.1.3:1.0-port0
1790754283.2477,B,384,21194,-66,/dev/serial/by-path/pci-0000:05:00.3-usb-0:2.1.2:1.0-port0
1790754283.2753,C,393,21220,-64,/dev/serial/by-path/pci-0000:05:00.3-usb-0:2.1.3:1.0-port0
1790754283.2837,B,385,21230,-66,/dev/serial/by-path/pci-0000:05:00.3-usb-0:2.1.2:1.0-port0
1790754283.2898,A,386,21240,-83,/dev/serial/by-path/pci-0000:05:00.3-usb-0:2.1.1:1.0-port0
1790754283.3251,C,394,21271,-66,/dev/serial/by-path/pci-0000:05:00.3-usb-0:2.1.3:1.0-port0
1790754283.3275,A,387,21278,-75,/dev/serial/by-path/pci-0000:05:00.3-usb-0:2.1.1:1.0-port0
1790754283.3279,B,386,21274,-72,/dev/serial/by-path/pci-0000:05:00.3-usb-0:2.1.2:1.0-port0
1790754283.3282,C,395,21271,-66,/dev/serial/by-path/pci-0000:05:00.3-usb-0:2.1.3:1.0-port0
1790754283.3722,B,387,21318,-66,/dev/serial/by-path/pci-0000:05:00.3-usb-0:2.1.2:1.0-port0
1790754283.3792,C,396,21324,-65,/dev/serial/by-path/pci-0000:05:00.3-usb-0:2.1.3:1.0-port0
1790754283.3898,A,388,21340,-86,/dev/serial/by-path/pci-0000:05:00.3-usb-0:2.1.1:1.0-port0
1790754283.4141,A,389,21365,-84,/dev/serial/by-path/pci-0000:05:00.3-usb-0:2.1.1:1.0-port0
1790754283.4145,C,397,21359,-64,/dev/serial/by-path/pci-0000:05:00.3-usb-0:2.1.3:1.0-port0
1790754283.4305,B,388,21377,-66,/dev/serial/by-path/pci-0000:05:00.3-usb-0:2.1.2:1.0-port0
1790754283.4569,C,398,21402,-66,/dev/serial/by-path/pci-0000:05:00.3-usb-0:2.1.3:1.0-port0
1790754283.4571,B,389,21403,-66,/dev/serial/by-path/pci-0000:05:00.3-usb-0:2.1.2:1.0-port0
1790754283.4896,A,390,21440,-75,/dev/serial/by-path/pci-0000:05:00.3-usb-0:2.1.1:1.0-port0
1790754283.5102,B,390,21456,-71,/dev/serial/by-path/pci-0000:05:00.3-usb-0:2.1.2:1.0-port0
1790754283.5289,C,399,21474,-65,/dev/serial/by-path/pci-0000:05:00.3-usb-0:2.1.3:1.0-port0
1790754283.5358,A,391,21486,-83,/dev/serial/by-path/pci-0000:05:00.3-usb-0:2.1.1:1.0-port0
1790754283.5597,B,391,21506,-66,/dev/serial/by-path/pci-0000:05:00.3-usb-0:2.1.2:1.0-port0
1790754283.5598,C,400,21504,-64,/dev/serial/by-path/pci-0000:05:00.3-usb-0:2.1.3:1.0-port0
1790754283.5601,A,392,21511,-85,/dev/serial/by-path/pci-0000:05:00.3-usb-0:2.1.1:1.0-port0
1790754283.6078,B,392,21554,-66,/dev/serial/by-path/pci-0000:05:00.3-usb-0:2.1.2:1.0-port0
1790754283.6286,C,401,21574,-66,/dev/serial/by-path/pci-0000:05:00.3-usb-0:2.1.3:1.0-port0
1790754283.6405,A,393,21590,-78,/dev/serial/by-path/pci-0000:05:00.3-usb-0:2.1.1:1.0-port0
1790754283.6833,B,393,21630,-66,/dev/serial/by-path/pci-0000:05:00.3-usb-0:2.1.2:1.0-port0
1790754283.6850,A,394,21635,-81,/dev/serial/by-path/pci-0000:05:00.3-usb-0:2.1.1:1.0-port0
1790754283.6913,C,402,21636,-64,/dev/serial/by-path/pci-0000:05:00.3-usb-0:2.1.3:1.0-port0
1790754283.7316,B,394,21678,-66,/dev/serial/by-path/pci-0000:05:00.3-usb-0:2.1.2:1.0-port0
1790754283.7393,A,395,21690,-86,/dev/serial/by-path/pci-0000:05:00.3-usb-0:2.1.1:1.0-port0
1790754283.8108,B,395,21757,-71,/dev/serial/by-path/pci-0000:05:00.3-usb-0:2.1.2:1.0-port0
1790754283.8286,C,403,21774,-65,/dev/serial/by-path/pci-0000:05:00.3-usb-0:2.1.3:1.0-port0
1790754283.8352,B,396,21781,-67,/dev/serial/by-path/pci-0000:05:00.3-usb-0:2.1.2:1.0-port0
1790754283.8404,A,396,21791,-88,/dev/serial/by-path/pci-0000:05:00.3-usb-0:2.1.1:1.0-port0
1790754283.8795,C,404,21824,-63,/dev/serial/by-path/pci-0000:05:00.3-usb-0:2.1.3:1.0-port0
1790754283.8818,A,397,21832,-83,/dev/serial/by-path/pci-0000:05:00.3-usb-0:2.1.1:1.0-port0
1790754283.8958,B,397,21842,-66,/dev/serial/by-path/pci-0000:05:00.3-usb-0:2.1.2:1.0-port0
1790754283.9099,B,398,21856,-65,/dev/serial/by-path/pci-0000:05:00.3-usb-0:2.1.2:1.0-port0
1790754283.9293,C,405,21874,-66,/dev/serial/by-path/pci-0000:05:00.3-usb-0:2.1.3:1.0-port0
1790754283.9398,A,398,21890,-77,/dev/serial/by-path/pci-0000:05:00.3-usb-0:2.1.1:1.0-port0
1790754283.9451,C,406,21890,-65,/dev/serial/by-path/pci-0000:05:00.3-usb-0:2.1.3:1.0-port0
1790754283.9472,B,399,21893,-72,/dev/serial/by-path/pci-0000:05:00.3-usb-0:2.1.2:1.0-port0
1790754283.9476,A,399,21897,-85,/dev/serial/by-path/pci-0000:05:00.3-usb-0:2.1.1:1.0-port0
1790754283.9878,A,400,21938,-85,/dev/serial/by-path/pci-0000:05:00.3-usb-0:2.1.1:1.0-port0
1790754284.0102,B,400,21956,-66,/dev/serial/by-path/pci-0000:05:00.3-usb-0:2.1.2:1.0-port0
1790754284.0289,C,407,21974,-64,/dev/serial/by-path/pci-0000:05:00.3-usb-0:2.1.3:1.0-port0
1790754284.0396,A,401,21990,-84,/dev/serial/by-path/pci-0000:05:00.3-usb-0:2.1.1:1.0-port0
1790754284.0503,C,408,21995,-66,/dev/serial/by-path/pci-0000:05:00.3-usb-0:2.1.3:1.0-port0
1790754284.0504,B,401,21997,-66,/dev/serial/by-path/pci-0000:05:00.3-usb-0:2.1.2:1.0-port0
1790754284.0781,C,409,22023,-66,/dev/serial/by-path/pci-0000:05:00.3-usb-0:2.1.3:1.0-port0
1790754284.0902,A,402,22040,-78,/dev/serial/by-path/pci-0000:05:00.3-usb-0:2.1.1:1.0-port0
1790754284.1104,B,402,22056,-73,/dev/serial/by-path/pci-0000:05:00.3-usb-0:2.1.2:1.0-port0
1790754284.1290,C,410,22074,-65,/dev/serial/by-path/pci-0000:05:00.3-usb-0:2.1.3:1.0-port0
1790754284.1396,A,403,22090,-89,/dev/serial/by-path/pci-0000:05:00.3-usb-0:2.1.1:1.0-port0
1790754284.1503,B,403,22097,-67,/dev/serial/by-path/pci-0000:05:00.3-usb-0:2.1.2:1.0-port0
1790754284.1736,C,411,22118,-63,/dev/serial/by-path/pci-0000:05:00.3-usb-0:2.1.3:1.0-port0
1790754284.1740,A,404,22124,-84,/dev/serial/by-path/pci-0000:05:00.3-usb-0:2.1.1:1.0-port0
1790754284.1742,B,404,22121,-66,/dev/serial/by-path/pci-0000:05:00.3-usb-0:2.1.2:1.0-port0
1790754284.2152,C,412,22160,-66,/dev/serial/by-path/pci-0000:05:00.3-usb-0:2.1.3:1.0-port0
1790754284.2158,A,405,22166,-78,/dev/serial/by-path/pci-0000:05:00.3-usb-0:2.1.1:1.0-port0
1790754284.2617,C,413,22207,-65,/dev/serial/by-path/pci-0000:05:00.3-usb-0:2.1.3:1.0-port0
1790754284.2620,A,406,22212,-87,/dev/serial/by-path/pci-0000:05:00.3-usb-0:2.1.1:1.0-port0
1790754284.3054,C,414,22250,-64,/dev/serial/by-path/pci-0000:05:00.3-usb-0:2.1.3:1.0-port0
1790754284.3109,B,405,22257,-67,/dev/serial/by-path/pci-0000:05:00.3-usb-0:2.1.2:1.0-port0
1790754284.3397,A,407,22290,-86,/dev/serial/by-path/pci-0000:05:00.3-usb-0:2.1.1:1.0-port0
1790754284.3601,B,406,22306,-66,/dev/serial/by-path/pci-0000:05:00.3-usb-0:2.1.2:1.0-port0
1790754284.3665,A,408,22317,-77,/dev/serial/by-path/pci-0000:05:00.3-usb-0:2.1.1:1.0-port0
1790754284.3790,C,415,22324,-65,/dev/serial/by-path/pci-0000:05:00.3-usb-0:2.1.3:1.0-port0
1790754284.4033,B,407,22349,-71,/dev/serial/by-path/pci-0000:05:00.3-usb-0:2.1.2:1.0-port0
1790754284.4037,C,416,22348,-64,/dev/serial/by-path/pci-0000:05:00.3-usb-0:2.1.3:1.0-port0
1790754284.4395,A,409,22390,-83,/dev/serial/by-path/pci-0000:05:00.3-usb-0:2.1.1:1.0-port0
1790754284.4479,C,417,22393,-64,/dev/serial/by-path/pci-0000:05:00.3-usb-0:2.1.3:1.0-port0
1790754284.4600,B,408,22406,-67,/dev/serial/by-path/pci-0000:05:00.3-usb-0:2.1.2:1.0-port0
1790754284.4654,A,410,22416,-83,/dev/serial/by-path/pci-0000:05:00.3-usb-0:2.1.1:1.0-port0
1790754284.4902,A,411,22440,-85,/dev/serial/by-path/pci-0000:05:00.3-usb-0:2.1.1:1.0-port0
1790754284.5355,A,412,22486,-77,/dev/serial/by-path/pci-0000:05:00.3-usb-0:2.1.1:1.0-port0
1790754284.5603,B,409,22506,-71,/dev/serial/by-path/pci-0000:05:00.3-usb-0:2.1.2:1.0-port0
1790754284.5780,B,410,22524,-67,/dev/serial/by-path/pci-0000:05:00.3-usb-0:2.1.2:1.0-port0
1790754284.5783,C,418,22524,-66,/dev/serial/by-path/pci-0000:05:00.3-usb-0:2.1.3:1.0-port0
1790754284.5802,C,419,22524,-65,/dev/serial/by-path/pci-0000:05:00.3-usb-0:2.1.3:1.0-port0
1790754284.5834,A,413,22533,-82,/dev/serial/by-path/pci-0000:05:00.3-usb-0:2.1.1:1.0-port0
1790754284.6290,B,411,22575,-67,/dev/serial/by-path/pci-0000:05:00.3-usb-0:2.1.2:1.0-port0
1790754284.6294,C,420,22574,-65,/dev/serial/by-path/pci-0000:05:00.3-usb-0:2.1.3:1.0-port0
1790754284.6396,A,414,22590,-84,/dev/serial/by-path/pci-0000:05:00.3-usb-0:2.1.1:1.0-port0
1790754284.6642,C,421,22609,-66,/dev/serial/by-path/pci-0000:05:00.3-usb-0:2.1.3:1.0-port0
1790754284.6844,A,415,22635,-77,/dev/serial/by-path/pci-0000:05:00.3-usb-0:2.1.1:1.0-port0
1790754284.6850,B,412,22631,-71,/dev/serial/by-path/pci-0000:05:00.3-usb-0:2.1.2:1.0-port0
1790754284.7071,A,416,22657,-82,/dev/serial/by-path/pci-0000:05:00.3-usb-0:2.1.1:1.0-port0
1790754284.7100,B,413,22656,-71,/dev/serial/by-path/pci-0000:05:00.3-usb-0:2.1.2:1.0-port0
1790754284.7145,C,422,22659,-64,/dev/serial/by-path/pci-0000:05:00.3-usb-0:2.1.3:1.0-port0
1790754284.7480,C,423,22693,-65,/dev/serial/by-path/pci-0000:05:00.3-usb-0:2.1.3:1.0-port0
1790754284.7484,A,417,22698,-85,/dev/serial/by-path/pci-0000:05:00.3-usb-0:2.1.1:1.0-port0
1790754284.7489,B,414,22696,-67,/dev/serial/by-path/pci-0000:05:00.3-usb-0:2.1.2:1.0-port0
1790754284.7946,C,424,22740,-65,/dev/serial/by-path/pci-0000:05:00.3-usb-0:2.1.3:1.0-port0
1790754284.7948,B,415,22742,-67,/dev/serial/by-path/pci-0000:05:00.3-usb-0:2.1.2:1.0-port0
1790754284.7949,A,418,22745,-79,/dev/serial/by-path/pci-0000:05:00.3-usb-0:2.1.1:1.0-port0
1790754284.8396,A,419,22790,-78,/dev/serial/by-path/pci-0000:05:00.3-usb-0:2.1.1:1.0-port0
1790754284.8474,B,416,22794,-72,/dev/serial/by-path/pci-0000:05:00.3-usb-0:2.1.2:1.0-port0
1790754284.8477,C,425,22792,-64,/dev/serial/by-path/pci-0000:05:00.3-usb-0:2.1.3:1.0-port0
1790754284.8880,B,417,22834,-68,/dev/serial/by-path/pci-0000:05:00.3-usb-0:2.1.2:1.0-port0
1790754284.8905,A,420,22841,-89,/dev/serial/by-path/pci-0000:05:00.3-usb-0:2.1.1:1.0-port0
1790754284.8963,C,426,22841,-65,/dev/serial/by-path/pci-0000:05:00.3-usb-0:2.1.3:1.0-port0
1790754284.9360,A,421,22886,-86,/dev/serial/by-path/pci-0000:05:00.3-usb-0:2.1.1:1.0-port0
1790754284.9896,A,422,22940,-80,/dev/serial/by-path/pci-0000:05:00.3-usb-0:2.1.1:1.0-port0
1790754284.9902,C,427,22936,-65,/dev/serial/by-path/pci-0000:05:00.3-usb-0:2.1.3:1.0-port0
1790754284.9915,B,418,22937,-71,/dev/serial/by-path/pci-0000:05:00.3-usb-0:2.1.2:1.0-port0
1790754285.0321,A,423,22982,-84,/dev/serial/by-path/pci-0000:05:00.3-usb-0:2.1.1:1.0-port0
1790754285.0506,B,419,22997,-67,/dev/serial/by-path/pci-0000:05:00.3-usb-0:2.1.2:1.0-port0
1790754285.0830,B,420,23029,-66,/dev/serial/by-path/pci-0000:05:00.3-usb-0:2.1.2:1.0-port0
1790754285.0897,A,424,23040,-87,/dev/serial/by-path/pci-0000:05:00.3-usb-0:2.1.1:1.0-port0
1790754285.1294,C,428,23074,-64,/dev/serial/by-path/pci-0000:05:00.3-usb-0:2.1.3:1.0-port0
1790754285.1401,A,425,23090,-78,/dev/serial/by-path/pci-0000:05:00.3-usb-0:2.1.1:1.0-port0
1790754285.1607,B,421,23107,-71,/dev/serial/by-path/pci-0000:05:00.3-usb-0:2.1.2:1.0-port0
1790754285.1793,C,429,23124,-64,/dev/serial/by-path/pci-0000:05:00.3-usb-0:2.1.3:1.0-port0
1790754285.1896,A,426,23140,-84,/dev/serial/by-path/pci-0000:05:00.3-usb-0:2.1.1:1.0-port0
1790754285.2056,B,422,23152,-67,/dev/serial/by-path/pci-0000:05:00.3-usb-0:2.1.2:1.0-port0
1790754285.2078,A,427,23158,-84,/dev/serial/by-path/pci-0000:05:00.3-usb-0:2.1.1:1.0-port0
1790754285.2102,B,423,23156,-67,/dev/serial/by-path/pci-0000:05:00.3-usb-0:2.1.2:1.0-port0
1790754285.2166,C,430,23162,-64,/dev/serial/by-path/pci-0000:05:00.3-usb-0:2.1.3:1.0-port0
1790754285.2523,C,431,23197,-64,/dev/serial/by-path/pci-0000:05:00.3-usb-0:2.1.3:1.0-port0
1790754285.2601,B,424,23206,-67,/dev/serial/by-path/pci-0000:05:00.3-usb-0:2.1.2:1.0-port0
1790754285.2897,A,428,23240,-78,/dev/serial/by-path/pci-0000:05:00.3-usb-0:2.1.1:1.0-port0
1790754285.2946,A,429,23245,-84,/dev/serial/by-path/pci-0000:05:00.3-usb-0:2.1.1:1.0-port0
1790754285.2947,B,425,23241,-71,/dev/serial/by-path/pci-0000:05:00.3-usb-0:2.1.2:1.0-port0
1790754285.3221,C,432,23267,-63,/dev/serial/by-path/pci-0000:05:00.3-usb-0:2.1.3:1.0-port0
1790754285.3403,B,426,23287,-68,/dev/serial/by-path/pci-0000:05:00.3-usb-0:2.1.2:1.0-port0
1790754285.3404,A,430,23290,-84,/dev/serial/by-path/pci-0000:05:00.3-usb-0:2.1.1:1.0-port0
1790754285.3534,C,433,23298,-64,/dev/serial/by-path/pci-0000:05:00.3-usb-0:2.1.3:1.0-port0
1790754285.3786,C,434,23324,-64,/dev/serial/by-path/pci-0000:05:00.3-usb-0:2.1.3:1.0-port0
1790754285.3897,A,431,23340,-84,/dev/serial/by-path/pci-0000:05:00.3-usb-0:2.1.1:1.0-port0
1790754285.3937,B,427,23340,-67,/dev/serial/by-path/pci-0000:05:00.3-usb-0:2.1.2:1.0-port0
1790754285.4295,C,435,23374,-65,/dev/serial/by-path/pci-0000:05:00.3-usb-0:2.1.3:1.0-port0
1790754285.4296,A,432,23380,-78,/dev/serial/by-path/pci-0000:05:00.3-usb-0:2.1.1:1.0-port0
1790754285.4313,B,428,23377,-72,/dev/serial/by-path/pci-0000:05:00.3-usb-0:2.1.2:1.0-port0
1790754285.4897,A,433,23440,-84,/dev/serial/by-path/pci-0000:05:00.3-usb-0:2.1.1:1.0-port0
1790754285.5102,B,429,23456,-67,/dev/serial/by-path/pci-0000:05:00.3-usb-0:2.1.2:1.0-port0
1790754285.5274,B,430,23474,-67,/dev/serial/by-path/pci-0000:05:00.3-usb-0:2.1.2:1.0-port0
1790754285.5294,C,436,23474,-64,/dev/serial/by-path/pci-0000:05:00.3-usb-0:2.1.3:1.0-port0
1790754285.5359,A,434,23486,-83,/dev/serial/by-path/pci-0000:05:00.3-usb-0:2.1.1:1.0-port0
1790754285.5702,A,435,23520,-78,/dev/serial/by-path/pci-0000:05:00.3-usb-0:2.1.1:1.0-port0
1790754285.5706,B,431,23517,-72,/dev/serial/by-path/pci-0000:05:00.3-usb-0:2.1.2:1.0-port0
1790754285.5793,C,437,23524,-65,/dev/serial/by-path/pci-0000:05:00.3-usb-0:2.1.3:1.0-port0
1790754285.6293,C,438,23574,-64,/dev/serial/by-path/pci-0000:05:00.3-usb-0:2.1.3:1.0-port0
1790754285.6397,A,436,23590,-82,/dev/serial/by-path/pci-0000:05:00.3-usb-0:2.1.1:1.0-port0
1790754285.6437,B,432,23590,-69,/dev/serial/by-path/pci-0000:05:00.3-usb-0:2.1.2:1.0-port0
1790754285.6656,C,439,23611,-64,/dev/serial/by-path/pci-0000:05:00.3-usb-0:2.1.3:1.0-port0
1790754285.6658,A,437,23616,-85,/dev/serial/by-path/pci-0000:05:00.3-usb-0:2.1.1:1.0-port0
1790754285.6675,B,433,23614,-66,/dev/serial/by-path/pci-0000:05:00.3-usb-0:2.1.2:1.0-port0
1790754285.7290,C,440,23674,-65,/dev/serial/by-path/pci-0000:05:00.3-usb-0:2.1.3:1.0-port0
1790754285.7396,A,438,23690,-81,/dev/serial/by-path/pci-0000:05:00.3-usb-0:2.1.1:1.0-port0
1790754285.7547,B,434,23701,-72,/dev/serial/by-path/pci-0000:05:00.3-usb-0:2.1.2:1.0-port0
1790754285.7793,C,441,23724,-65,/dev/serial/by-path/pci-0000:05:00.3-usb-0:2.1.3:1.0-port0
1790754285.7897,A,439,23740,-85,/dev/serial/by-path/pci-0000:05:00.3-usb-0:2.1.1:1.0-port0
1790754285.8022,B,435,23749,-68,/dev/serial/by-path/pci-0000:05:00.3-usb-0:2.1.2:1.0-port0
1790754285.8125,C,442,23758,-64,/dev/serial/by-path/pci-0000:05:00.3-usb-0:2.1.3:1.0-port0
1790754285.8145,A,440,23764,-85,/dev/serial/by-path/pci-0000:05:00.3-usb-0:2.1.1:1.0-port0
1790754285.8526,B,436,23799,-67,/dev/serial/by-path/pci-0000:05:00.3-usb-0:2.1.2:1.0-port0
1790754285.8588,C,443,23804,-65,/dev/serial/by-path/pci-0000:05:00.3-usb-0:2.1.3:1.0-port0
1790754285.8590,A,441,23809,-81,/dev/serial/by-path/pci-0000:05:00.3-usb-0:2.1.1:1.0-port0
1790754285.8983,C,444,23843,-65,/dev/serial/by-path/pci-0000:05:00.3-usb-0:2.1.3:1.0-port0
1790754285.9104,B,437,23856,-71,/dev/serial/by-path/pci-0000:05:00.3-usb-0:2.1.2:1.0-port0
1790754285.9398,A,442,23890,-83,/dev/serial/by-path/pci-0000:05:00.3-usb-0:2.1.1:1.0-port0
1790754285.9462,B,438,23893,-67,/dev/serial/by-path/pci-0000:05:00.3-usb-0:2.1.2:1.0-port0
1790754285.9464,C,445,23891,-63,/dev/serial/by-path/pci-0000:05:00.3-usb-0:2.1.3:1.0-port0
1790754285.9653,A,443,23915,-84,/dev/serial/by-path/pci-0000:05:00.3-usb-0:2.1.1:1.0-port0
1790754285.9936,B,439,23940,-68,/dev/serial/by-path/pci-0000:05:00.3-usb-0:2.1.2:1.0-port0
1790754286.0290,C,446,23974,-66,/dev/serial/by-path/pci-0000:05:00.3-usb-0:2.1.3:1.0-port0
1790754286.0396,A,444,23990,-81,/dev/serial/by-path/pci-0000:05:00.3-usb-0:2.1.1:1.0-port0
1790754286.0600,B,440,24006,-71,/dev/serial/by-path/pci-0000:05:00.3-usb-0:2.1.2:1.0-port0
1790754286.0679,C,447,24013,-62,/dev/serial/by-path/pci-0000:05:00.3-usb-0:2.1.3:1.0-port0
1790754286.0883,B,441,24035,-67,/dev/serial/by-path/pci-0000:05:00.3-usb-0:2.1.2:1.0-port0
1790754286.0897,C,448,24034,-62,/dev/serial/by-path/pci-0000:05:00.3-usb-0:2.1.3:1.0-port0
1790754286.0899,A,445,24040,-85,/dev/serial/by-path/pci-0000:05:00.3-usb-0:2.1.1:1.0-port0
1790754286.1288,C,449,24074,-64,/dev/serial/by-path/pci-0000:05:00.3-usb-0:2.1.3:1.0-port0
1790754286.1395,A,446,24090,-87,/dev/serial/by-path/pci-0000:05:00.3-usb-0:2.1.1:1.0-port0
1790754286.1601,B,442,24106,-68,/dev/serial/by-path/pci-0000:05:00.3-usb-0:2.1.2:1.0-port0
1790754286.1721,A,447,24122,-81,/dev/serial/by-path/pci-0000:05:00.3-usb-0:2.1.1:1.0-port0
1790754286.1723,B,443,24119,-70,/dev/serial/by-path/pci-0000:05:00.3-usb-0:2.1.2:1.0-port0
1790754286.1725,C,450,24117,-66,/dev/serial/by-path/pci-0000:05:00.3-usb-0:2.1.3:1.0-port0
1790754286.2286,C,451,24174,-64,/dev/serial/by-path/pci-0000:05:00.3-usb-0:2.1.3:1.0-port0
1790754286.2396,A,448,24190,-88,/dev/serial/by-path/pci-0000:05:00.3-usb-0:2.1.1:1.0-port0
1790754286.2524,B,444,24199,-68,/dev/serial/by-path/pci-0000:05:00.3-usb-0:2.1.2:1.0-port0
1790754286.2751,C,452,24220,-63,/dev/serial/by-path/pci-0000:05:00.3-usb-0:2.1.3:1.0-port0
1790754286.2755,A,449,24226,-86,/dev/serial/by-path/pci-0000:05:00.3-usb-0:2.1.1:1.0-port0
1790754286.3599,B,445,24306,-72,/dev/serial/by-path/pci-0000:05:00.3-usb-0:2.1.2:1.0-port0
1790754286.3620,C,453,24307,-66,/dev/serial/by-path/pci-0000:05:00.3-usb-0:2.1.3:1.0-port0
1790754286.3623,A,450,24313,-85,/dev/serial/by-path/pci-0000:05:00.3-usb-0:2.1.1:1.0-port0
1790754286.3904,B,446,24337,-67,/dev/serial/by-path/pci-0000:05:00.3-usb-0:2.1.2:1.0-port0
1790754286.3974,C,454,24343,-63,/dev/serial/by-path/pci-0000:05:00.3-usb-0:2.1.3:1.0-port0
1790754286.4398,B,447,24386,-69,/dev/serial/by-path/pci-0000:05:00.3-usb-0:2.1.2:1.0-port0
1790754286.4401,A,451,24390,-85,/dev/serial/by-path/pci-0000:05:00.3-usb-0:2.1.1:1.0-port0
1790754286.4645,C,455,24409,-67,/dev/serial/by-path/pci-0000:05:00.3-usb-0:2.1.3:1.0-port0
1790754286.4825,A,452,24433,-79,/dev/serial/by-path/pci-0000:05:00.3-usb-0:2.1.1:1.0-port0
1790754286.4839,B,448,24430,-71,/dev/serial/by-path/pci-0000:05:00.3-usb-0:2.1.2:1.0-port0
1790754286.4979,C,456,24443,-65,/dev/serial/by-path/pci-0000:05:00.3-usb-0:2.1.3:1.0-port0
1790754286.5295,C,457,24474,-67,/dev/serial/by-path/pci-0000:05:00.3-usb-0:2.1.3:1.0-port0
1790754286.5397,A,453,24490,-84,/dev/serial/by-path/pci-0000:05:00.3-usb-0:2.1.1:1.0-port0
1790754286.5601,B,449,24506,-67,/dev/serial/by-path/pci-0000:05:00.3-usb-0:2.1.2:1.0-port0
1790754286.5722,C,458,24517,-63,/dev/serial/by-path/pci-0000:05:00.3-usb-0:2.1.3:1.0-port0
1790754286.5824,B,450,24529,-68,/dev/serial/by-path/pci-0000:05:00.3-usb-0:2.1.2:1.0-port0
1790754286.5827,A,454,24533,-85,/dev/serial/by-path/pci-0000:05:00.3-usb-0:2.1.1:1.0-port0
1790754286.6133,A,455,24563,-79,/dev/serial/by-path/pci-0000:05:00.3-usb-0:2.1.1:1.0-port0
1790754286.6138,C,459,24559,-65,/dev/serial/by-path/pci-0000:05:00.3-usb-0:2.1.3:1.0-port0
1790754286.6339,B,451,24580,-73,/dev/serial/by-path/pci-0000:05:00.3-usb-0:2.1.2:1.0-port0
1790754286.6608,B,452,24607,-72,/dev/serial/by-path/pci-0000:05:00.3-usb-0:2.1.2:1.0-port0
1790754286.6636,A,456,24613,-85,/dev/serial/by-path/pci-0000:05:00.3-usb-0:2.1.1:1.0-port0
1790754286.6639,C,460,24608,-65,/dev/serial/by-path/pci-0000:05:00.3-usb-0:2.1.3:1.0-port0
1790754286.7004,C,461,24645,-64,/dev/serial/by-path/pci-0000:05:00.3-usb-0:2.1.3:1.0-port0
1790754286.7071,B,453,24653,-67,/dev/serial/by-path/pci-0000:05:00.3-usb-0:2.1.2:1.0-port0
1790754286.7397,A,457,24690,-84,/dev/serial/by-path/pci-0000:05:00.3-usb-0:2.1.1:1.0-port0
1790754286.7454,B,454,24692,-67,/dev/serial/by-path/pci-0000:05:00.3-usb-0:2.1.2:1.0-port0
1790754286.7790,C,462,24724,-64,/dev/serial/by-path/pci-0000:05:00.3-usb-0:2.1.3:1.0-port0
1790754286.7895,A,458,24740,-78,/dev/serial/by-path/pci-0000:05:00.3-usb-0:2.1.1:1.0-port0
1790754286.7950,C,463,24740,-64,/dev/serial/by-path/pci-0000:05:00.3-usb-0:2.1.3:1.0-port0
1790754286.7951,B,455,24741,-73,/dev/serial/by-path/pci-0000:05:00.3-usb-0:2.1.2:1.0-port0
1790754286.7954,A,459,24746,-84,/dev/serial/by-path/pci-0000:05:00.3-usb-0:2.1.1:1.0-port0
1790754286.8464,B,456,24793,-68,/dev/serial/by-path/pci-0000:05:00.3-usb-0:2.1.2:1.0-port0
1790754286.8466,C,464,24792,-63,/dev/serial/by-path/pci-0000:05:00.3-usb-0:2.1.3:1.0-port0
1790754286.8826,A,460,24833,-87,/dev/serial/by-path/pci-0000:05:00.3-usb-0:2.1.1:1.0-port0
1790754286.9030,B,457,24850,-66,/dev/serial/by-path/pci-0000:05:00.3-usb-0:2.1.2:1.0-port0
1790754286.9034,C,465,24848,-64,/dev/serial/by-path/pci-0000:05:00.3-usb-0:2.1.3:1.0-port0
1790754286.9367,B,458,24883,-69,/dev/serial/by-path/pci-0000:05:00.3-usb-0:2.1.2:1.0-port0
1790754286.9371,A,461,24887,-79,/dev/serial/by-path/pci-0000:05:00.3-usb-0:2.1.1:1.0-port0
1790754286.9374,C,466,24882,-64,/dev/serial/by-path/pci-0000:05:00.3-usb-0:2.1.3:1.0-port0
1790754286.9799,B,459,24926,-68,/dev/serial/by-path/pci-0000:05:00.3-usb-0:2.1.2:1.0-port0
1790754286.9893,A,462,24940,-83,/dev/serial/by-path/pci-0000:05:00.3-usb-0:2.1.1:1.0-port0
1790754287.0245,A,463,24975,-85,/dev/serial/by-path/pci-0000:05:00.3-usb-0:2.1.1:1.0-port0
1790754287.0247,C,467,24970,-64,/dev/serial/by-path/pci-0000:05:00.3-usb-0:2.1.3:1.0-port0
1790754287.0275,B,460,24974,-68,/dev/serial/by-path/pci-0000:05:00.3-usb-0:2.1.2:1.0-port0
1790754287.0790,C,468,25024,-64,/dev/serial/by-path/pci-0000:05:00.3-usb-0:2.1.3:1.0-port0
1790754287.0905,A,464,25041,-79,/dev/serial/by-path/pci-0000:05:00.3-usb-0:2.1.1:1.0-port0
1790754287.1049,B,461,25051,-73,/dev/serial/by-path/pci-0000:05:00.3-usb-0:2.1.2:1.0-port0
1790754287.1135,C,469,25059,-63,/dev/serial/by-path/pci-0000:05:00.3-usb-0:2.1.3:1.0-port0
1790754287.1139,A,465,25064,-88,/dev/serial/by-path/pci-0000:05:00.3-usb-0:2.1.1:1.0-port0
1790754287.1602,B,462,25106,-66,/dev/serial/by-path/pci-0000:05:00.3-usb-0:2.1.2:1.0-port0
1790754287.1688,C,470,25114,-63,/dev/serial/by-path/pci-0000:05:00.3-usb-0:2.1.3:1.0-port0
1790754287.1718,A,466,25122,-83,/dev/serial/by-path/pci-0000:05:00.3-usb-0:2.1.1:1.0-port0
1790754287.2046,A,467,25155,-80,/dev/serial/by-path/pci-0000:05:00.3-usb-0:2.1.1:1.0-port0
1790754287.2047,B,463,25151,-66,/dev/serial/by-path/pci-0000:05:00.3-usb-0:2.1.2:1.0-port0
1790754287.2126,C,471,25157,-64,/dev/serial/by-path/pci-0000:05:00.3-usb-0:2.1.3:1.0-port0
1790754287.2424,B,464,25189,-71,/dev/serial/by-path/pci-0000:05:00.3-usb-0:2.1.2:1.0-port0
1790754287.2633,C,472,25208,-64,/dev/serial/by-path/pci-0000:05:00.3-usb-0:2.1.3:1.0-port0
1790754287.2881,B,465,25234,-69,/dev/serial/by-path/pci-0000:05:00.3-usb-0:2.1.2:1.0-port0
1790754287.2895,A,468,25240,-83,/dev/serial/by-path/pci-0000:05:00.3-usb-0:2.1.1:1.0-port0
1790754287.3068,C,473,25252,-63,/dev/serial/by-path/pci-0000:05:00.3-usb-0:2.1.3:1.0-port0
1790754287.3346,A,469,25285,-86,/dev/serial/by-path/pci-0000:05:00.3-usb-0:2.1.1:1.0-port0
1790754287.3456,B,466,25292,-71,/dev/serial/by-path/pci-0000:05:00.3-usb-0:2.1.2:1.0-port0
1790754287.3793,C,474,25324,-65,/dev/serial/by-path/pci-0000:05:00.3-usb-0:2.1.3:1.0-port0
1790754287.3849,A,470,25335,-78,/dev/serial/by-path/pci-0000:05:00.3-usb-0:2.1.1:1.0-port0
1790754287.4101,B,467,25356,-71,/dev/serial/by-path/pci-0000:05:00.3-usb-0:2.1.2:1.0-port0
1790754287.4118,C,475,25357,-65,/dev/serial/by-path/pci-0000:05:00.3-usb-0:2.1.3:1.0-port0
1790754287.4327,B,468,25379,-68,/dev/serial/by-path/pci-0000:05:00.3-usb-0:2.1.2:1.0-port0
1790754287.4341,A,471,25384,-87,/dev/serial/by-path/pci-0000:05:00.3-usb-0:2.1.1:1.0-port0
1790754287.4344,C,476,25379,-64,/dev/serial/by-path/pci-0000:05:00.3-usb-0:2.1.3:1.0-port0
1790754287.4794,C,477,25424,-63,/dev/serial/by-path/pci-0000:05:00.3-usb-0:2.1.3:1.0-port0
1790754287.4899,A,472,25440,-82,/dev/serial/by-path/pci-0000:05:00.3-usb-0:2.1.1:1.0-port0
1790754287.4926,B,469,25439,-68,/dev/serial/by-path/pci-0000:05:00.3-usb-0:2.1.2:1.0-port0
1790754287.5245,B,470,25471,-73,/dev/serial/by-path/pci-0000:05:00.3-usb-0:2.1.2:1.0-port0
1790754287.5293,C,478,25474,-65,/dev/serial/by-path/pci-0000:05:00.3-usb-0:2.1.3:1.0-port0
1790754287.5398,A,473,25490,-82,/dev/serial/by-path/pci-0000:05:00.3-usb-0:2.1.1:1.0-port0
1790754287.5699,B,471,25516,-68,/dev/serial/by-path/pci-0000:05:00.3-usb-0:2.1.2:1.0-port0
1790754287.5712,C,479,25516,-64,/dev/serial/by-path/pci-0000:05:00.3-usb-0:2.1.3:1.0-port0
1790754287.5715,A,474,25521,-84,/dev/serial/by-path/pci-0000:05:00.3-usb-0:2.1.1:1.0-port0
1790754287.6103,B,472,25556,-69,/dev/serial/by-path/pci-0000:05:00.3-usb-0:2.1.2:1.0-port0
1790754287.6238,C,480,25569,-64,/dev/serial/by-path/pci-0000:05:00.3-usb-0:2.1.3:1.0-port0
1790754287.6239,A,475,25574,-85,/dev/serial/by-path/pci-0000:05:00.3-usb-0:2.1.1:1.0-port0
1790754287.6511,B,473,25597,-68,/dev/serial/by-path/pci-0000:05:00.3-usb-0:2.1.2:1.0-port0
1790754287.6691,C,481,25614,-65,/dev/serial/by-path/pci-0000:05:00.3-usb-0:2.1.3:1.0-port0
1790754287.6898,A,476,25640,-83,/dev/serial/by-path/pci-0000:05:00.3-usb-0:2.1.1:1.0-port0
1790754287.7101,B,474,25656,-74,/dev/serial/by-path/pci-0000:05:00.3-usb-0:2.1.2:1.0-port0
1790754287.7204,C,482,25665,-65,/dev/serial/by-path/pci-0000:05:00.3-usb-0:2.1.3:1.0-port0
1790754287.7342,B,475,25680,-68,/dev/serial/by-path/pci-0000:05:00.3-usb-0:2.1.2:1.0-port0
1790754287.7345,C,483,25679,-63,/dev/serial/by-path/pci-0000:05:00.3-usb-0:2.1.3:1.0-port0
1790754287.7367,A,477,25687,-84,/dev/serial/by-path/pci-0000:05:00.3-usb-0:2.1.1:1.0-port0
1790754287.7799,A,478,25730,-83,/dev/serial/by-path/pci-0000:05:00.3-usb-0:2.1.1:1.0-port0
1790754287.7806,B,476,25727,-67,/dev/serial/by-path/pci-0000:05:00.3-usb-0:2.1.2:1.0-port0
1790754287.8378,A,479,25788,-78,/dev/serial/by-path/pci-0000:05:00.3-usb-0:2.1.1:1.0-port0
1790754287.8382,B,477,25784,-72,/dev/serial/by-path/pci-0000:05:00.3-usb-0:2.1.2:1.0-port0
1790754287.8699,C,484,25815,-64,/dev/serial/by-path/pci-0000:05:00.3-usb-0:2.1.3:1.0-port0
1790754287.8703,B,478,25818,-67,/dev/serial/by-path/pci-0000:05:00.3-usb-0:2.1.2:1.0-port0
1790754287.8897,A,480,25840,-84,/dev/serial/by-path/pci-0000:05:00.3-usb-0:2.1.1:1.0-port0
1790754287.9287,C,485,25874,-63,/dev/serial/by-path/pci-0000:05:00.3-usb-0:2.1.3:1.0-port0
1790754287.9398,A,481,25890,-83,/dev/serial/by-path/pci-0000:05:00.3-usb-0:2.1.1:1.0-port0
1790754287.9447,B,479,25891,-67,/dev/serial/by-path/pci-0000:05:00.3-usb-0:2.1.2:1.0-port0
1790754287.9544,C,486,25899,-64,/dev/serial/by-path/pci-0000:05:00.3-usb-0:2.1.3:1.0-port0
1790754287.9545,A,482,25905,-77,/dev/serial/by-path/pci-0000:05:00.3-usb-0:2.1.1:1.0-port0
1790754287.9607,B,480,25907,-67,/dev/serial/by-path/pci-0000:05:00.3-usb-0:2.1.2:1.0-port0
1790754287.9951,C,487,25940,-65,/dev/serial/by-path/pci-0000:05:00.3-usb-0:2.1.3:1.0-port0
1790754287.9952,B,481,25941,-72,/dev/serial/by-path/pci-0000:05:00.3-usb-0:2.1.2:1.0-port0
1790754287.9970,A,483,25947,-84,/dev/serial/by-path/pci-0000:05:00.3-usb-0:2.1.1:1.0-port0
1790754288.0375,C,488,25982,-62,/dev/serial/by-path/pci-0000:05:00.3-usb-0:2.1.3:1.0-port0
1790754288.0402,A,484,25990,-83,/dev/serial/by-path/pci-0000:05:00.3-usb-0:2.1.1:1.0-port0
1790754288.0459,B,482,25992,-67,/dev/serial/by-path/pci-0000:05:00.3-usb-0:2.1.2:1.0-port0
1790754288.0852,A,485,26035,-85,/dev/serial/by-path/pci-0000:05:00.3-usb-0:2.1.1:1.0-port0
1790754288.0856,B,483,26032,-67,/dev/serial/by-path/pci-0000:05:00.3-usb-0:2.1.2:1.0-port0
1790754288.0999,C,489,26045,-65,/dev/serial/by-path/pci-0000:05:00.3-usb-0:2.1.3:1.0-port0
1790754288.1398,A,486,26090,-83,/dev/serial/by-path/pci-0000:05:00.3-usb-0:2.1.1:1.0-port0
1790754288.1567,C,490,26102,-66,/dev/serial/by-path/pci-0000:05:00.3-usb-0:2.1.3:1.0-port0
1790754288.1570,B,484,26103,-70,/dev/serial/by-path/pci-0000:05:00.3-usb-0:2.1.2:1.0-port0
1790754288.1827,B,485,26129,-69,/dev/serial/by-path/pci-0000:05:00.3-usb-0:2.1.2:1.0-port0
1790754288.1904,A,487,26141,-83,/dev/serial/by-path/pci-0000:05:00.3-usb-0:2.1.1:1.0-port0
1790754288.2242,C,491,26169,-64,/dev/serial/by-path/pci-0000:05:00.3-usb-0:2.1.3:1.0-port0
1790754288.2402,A,488,26190,-87,/dev/serial/by-path/pci-0000:05:00.3-usb-0:2.1.1:1.0-port0
1790754288.2535,B,486,26200,-67,/dev/serial/by-path/pci-0000:05:00.3-usb-0:2.1.2:1.0-port0
1790754288.2696,A,489,26220,-78,/dev/serial/by-path/pci-0000:05:00.3-usb-0:2.1.1:1.0-port0
1790754288.2756,C,492,26221,-63,/dev/serial/by-path/pci-0000:05:00.3-usb-0:2.1.3:1.0-port0
1790754288.2764,B,487,26223,-69,/dev/serial/by-path/pci-0000:05:00.3-usb-0:2.1.2:1.0-port0
1790754288.3174,C,493,26262,-65,/dev/serial/by-path/pci-0000:05:00.3-usb-0:2.1.3:1.0-port0
1790754288.3197,B,488,26266,-68,/dev/serial/by-path/pci-0000:05:00.3-usb-0:2.1.2:1.0-port0
1790754288.3212,A,490,26271,-87,/dev/serial/by-path/pci-0000:05:00.3-usb-0:2.1.1:1.0-port0
1790754288.3601,B,489,26306,-68,/dev/serial/by-path/pci-0000:05:00.3-usb-0:2.1.2:1.0-port0
1790754288.3657,C,494,26310,-63,/dev/serial/by-path/pci-0000:05:00.3-usb-0:2.1.3:1.0-port0
1790754288.3660,A,491,26317,-86,/dev/serial/by-path/pci-0000:05:00.3-usb-0:2.1.1:1.0-port0
1790754288.4064,B,490,26353,-68,/dev/serial/by-path/pci-0000:05:00.3-usb-0:2.1.2:1.0-port0
1790754288.4067,C,495,26351,-64,/dev/serial/by-path/pci-0000:05:00.3-usb-0:2.1.3:1.0-port0
1790754288.4399,A,492,26390,-80,/dev/serial/by-path/pci-0000:05:00.3-usb-0:2.1.1:1.0-port0
1790754288.4505,C,496,26395,-66,/dev/serial/by-path/pci-0000:05:00.3-usb-0:2.1.3:1.0-port0
1790754288.4602,B,491,26406,-69,/dev/serial/by-path/pci-0000:05:00.3-usb-0:2.1.2:1.0-port0
1790754288.4725,A,493,26423,-85,/dev/serial/by-path/pci-0000:05:00.3-usb-0:2.1.1:1.0-port0
1790754288.5097,B,492,26456,-68,/dev/serial/by-path/pci-0000:05:00.3-usb-0:2.1.2:1.0-port0
1790754288.5240,A,494,26474,-88,/dev/serial/by-path/pci-0000:05:00.3-usb-0:2.1.1:1.0-port0
1790754288.5372,B,493,26484,-68,/dev/serial/by-path/pci-0000:05:00.3-usb-0:2.1.2:1.0-port0
1790754288.5397,A,495,26490,-86,/dev/serial/by-path/pci-0000:05:00.3-usb-0:2.1.1:1.0-port0
1790754288.5460,C,497,26491,-65,/dev/serial/by-path/pci-0000:05:00.3-usb-0:2.1.3:1.0-port0
1790754288.5773,C,498,26522,-66,/dev/serial/by-path/pci-0000:05:00.3-usb-0:2.1.3:1.0-port0
1790754288.5787,B,494,26525,-71,/dev/serial/by-path/pci-0000:05:00.3-usb-0:2.1.2:1.0-port0
1790754288.5898,A,496,26540,-80,/dev/serial/by-path/pci-0000:05:00.3-usb-0:2.1.1:1.0-port0
1790754288.6247,B,495,26571,-68,/dev/serial/by-path/pci-0000:05:00.3-usb-0:2.1.2:1.0-port0
1790754288.6262,C,499,26571,-68,/dev/serial/by-path/pci-0000:05:00.3-usb-0:2.1.3:1.0-port0
1790754288.6269,A,497,26577,-82,/dev/serial/by-path/pci-0000:05:00.3-usb-0:2.1.1:1.0-port0
1790754288.6689,C,500,26614,-62,/dev/serial/by-path/pci-0000:05:00.3-usb-0:2.1.3:1.0-port0
1790754288.6820,A,498,26632,-87,/dev/serial/by-path/pci-0000:05:00.3-usb-0:2.1.1:1.0-port0
1790754288.6907,B,496,26637,-67,/dev/serial/by-path/pci-0000:05:00.3-usb-0:2.1.2:1.0-port0
1790754288.7181,C,501,26663,-64,/dev/serial/by-path/pci-0000:05:00.3-usb-0:2.1.3:1.0-port0
1790754288.7187,A,499,26669,-77,/dev/serial/by-path/pci-0000:05:00.3-usb-0:2.1.1:1.0-port0
1790754288.7600,B,497,26706,-70,/dev/serial/by-path/pci-0000:05:00.3-usb-0:2.1.2:1.0-port0
1790754288.7671,B,498,26713,-68,/dev/serial/by-path/pci-0000:05:00.3-usb-0:2.1.2:1.0-port0
1790754288.7788,C,502,26724,-62,/dev/serial/by-path/pci-0000:05:00.3-usb-0:2.1.3:1.0-port0
1790754288.7881,A,500,26738,-82,/dev/serial/by-path/pci-0000:05:00.3-usb-0:2.1.1:1.0-port0
1790754288.8101,B,499,26756,-68,/dev/serial/by-path/pci-0000:05:00.3-usb-0:2.1.2:1.0-port0
1790754288.8104,A,501,26761,-86,/dev/serial/by-path/pci-0000:05:00.3-usb-0:2.1.1:1.0-port0
1790754288.8182,C,503,26763,-62,/dev/serial/by-path/pci-0000:05:00.3-usb-0:2.1.3:1.0-port0
1790754288.8532,B,500,26800,-68,/dev/serial/by-path/pci-0000:05:00.3-usb-0:2.1.2:1.0-port0
1790754288.8696,A,502,26820,-78,/dev/serial/by-path/pci-0000:05:00.3-usb-0:2.1.1:1.0-port0
1790754288.8781,C,504,26824,-68,/dev/serial/by-path/pci-0000:05:00.3-usb-0:2.1.3:1.0-port0
1790754288.8996,B,501,26847,-68,/dev/serial/by-path/pci-0000:05:00.3-usb-0:2.1.2:1.0-port0
1790754288.9292,C,505,26874,-65,/dev/serial/by-path/pci-0000:05:00.3-usb-0:2.1.3:1.0-port0
1790754288.9396,A,503,26890,-82,/dev/serial/by-path/pci-0000:05:00.3-usb-0:2.1.1:1.0-port0
1790754288.9601,B,502,26906,-68,/dev/serial/by-path/pci-0000:05:00.3-usb-0:2.1.2:1.0-port0
1790754288.9617,C,506,26907,-63,/dev/serial/by-path/pci-0000:05:00.3-usb-0:2.1.3:1.0-port0
1790754288.9826,A,504,26933,-84,/dev/serial/by-path/pci-0000:05:00.3-usb-0:2.1.1:1.0-port0
1790754288.9848,A,505,26934,-85,/dev/serial/by-path/pci-0000:05:00.3-usb-0:2.1.1:1.0-port0
1790754289.0398,A,506,26990,-78,/dev/serial/by-path/pci-0000:05:00.3-usb-0:2.1.1:1.0-port0
1790754289.0602,B,503,27006,-69,/dev/serial/by-path/pci-0000:05:00.3-usb-0:2.1.2:1.0-port0
1790754289.0735,C,507,27019,-66,/dev/serial/by-path/pci-0000:05:00.3-usb-0:2.1.3:1.0-port0
1790754289.0747,A,507,27025,-83,/dev/serial/by-path/pci-0000:05:00.3-usb-0:2.1.1:1.0-port0
1790754289.0888,B,504,27035,-67,/dev/serial/by-path/pci-0000:05:00.3-usb-0:2.1.2:1.0-port0
1790754289.1289,C,508,27074,-63,/dev/serial/by-path/pci-0000:05:00.3-usb-0:2.1.3:1.0-port0
1790754289.1370,B,505,27083,-67,/dev/serial/by-path/pci-0000:05:00.3-usb-0:2.1.2:1.0-port0
1790754289.1398,A,508,27090,-87,/dev/serial/by-path/pci-0000:05:00.3-usb-0:2.1.1:1.0-port0
1790754289.1656,A,509,27116,-78,/dev/serial/by-path/pci-0000:05:00.3-usb-0:2.1.1:1.0-port0
1790754289.1792,C,509,27124,-67,/dev/serial/by-path/pci-0000:05:00.3-usb-0:2.1.3:1.0-port0
1790754289.1908,B,506,27137,-70,/dev/serial/by-path/pci-0000:05:00.3-usb-0:2.1.2:1.0-port0
1790754289.2294,C,510,27174,-64,/dev/serial/by-path/pci-0000:05:00.3-usb-0:2.1.3:1.0-port0
1790754289.2396,A,510,27190,-80,/dev/serial/by-path/pci-0000:05:00.3-usb-0:2.1.1:1.0-port0
1790754289.2601,B,507,27206,-69,/dev/serial/by-path/pci-0000:05:00.3-usb-0:2.1.2:1.0-port0
1790754289.2603,C,511,27205,-64,/dev/serial/by-path/pci-0000:05:00.3-usb-0:2.1.3:1.0-port0
1790754289.2900,A,511,27240,-85,/dev/serial/by-path/pci-0000:05:00.3-usb-0:2.1.1:1.0-port0
1790754289.3061,A,512,27257,-82,/dev/serial/by-path/pci-0000:05:00.3-usb-0:2.1.1:1.0-port0
1790754289.3063,B,508,27252,-66,/dev/serial/by-path/pci-0000:05:00.3-usb-0:2.1.2:1.0-port0
1790754289.3287,C,512,27274,-67,/dev/serial/by-path/pci-0000:05:00.3-usb-0:2.1.3:1.0-port0
1790754289.3554,C,513,27300,-65,/dev/serial/by-path/pci-0000:05:00.3-usb-0:2.1.3:1.0-port0
1790754289.3558,B,509,27302,-68,/dev/serial/by-path/pci-0000:05:00.3-usb-0:2.1.2:1.0-port0
1790754289.3705,A,513,27321,-83,/dev/serial/by-path/pci-0000:05:00.3-usb-0:2.1.1:1.0-port0
1790754289.4022,B,510,27349,-68,/dev/serial/by-path/pci-0000:05:00.3-usb-0:2.1.2:1.0-port0
1790754289.4068,C,514,27352,-64,/dev/serial/by-path/pci-0000:05:00.3-usb-0:2.1.3:1.0-port0
1790754289.4079,A,514,27358,-84,/dev/serial/by-path/pci-0000:05:00.3-usb-0:2.1.1:1.0-port0
1790754289.4427,B,511,27389,-67,/dev/serial/by-path/pci-0000:05:00.3-usb-0:2.1.2:1.0-port0
1790754289.4783,C,515,27423,-65,/dev/serial/by-path/pci-0000:05:00.3-usb-0:2.1.3:1.0-port0
1790754289.4891,A,515,27440,-78,/dev/serial/by-path/pci-0000:05:00.3-usb-0:2.1.1:1.0-port0
1790754289.4912,A,516,27440,-76,/dev/serial/by-path/pci-0000:05:00.3-usb-0:2.1.1:1.0-port0
1790754289.5101,B,512,27456,-69,/dev/serial/by-path/pci-0000:05:00.3-usb-0:2.1.2:1.0-port0
1790754289.5123,C,516,27457,-65,/dev/serial/by-path/pci-0000:05:00.3-usb-0:2.1.3:1.0-port0
1790754289.5333,A,517,27484,-81,/dev/serial/by-path/pci-0000:05:00.3-usb-0:2.1.1:1.0-port0
1790754289.5487,C,517,27494,-63,/dev/serial/by-path/pci-0000:05:00.3-usb-0:2.1.3:1.0-port0
1790754289.5598,B,513,27506,-68,/dev/serial/by-path/pci-0000:05:00.3-usb-0:2.1.2:1.0-port0
1790754289.5822,A,518,27532,-86,/dev/serial/by-path/pci-0000:05:00.3-usb-0:2.1.1:1.0-port0
1790754289.6091,C,518,27554,-64,/dev/serial/by-path/pci-0000:05:00.3-usb-0:2.1.3:1.0-port0
1790754289.6094,B,514,27556,-67,/dev/serial/by-path/pci-0000:05:00.3-usb-0:2.1.2:1.0-port0
1790754289.6258,B,515,27572,-68,/dev/serial/by-path/pci-0000:05:00.3-usb-0:2.1.2:1.0-port0
1790754289.6261,A,519,27576,-77,/dev/serial/by-path/pci-0000:05:00.3-usb-0:2.1.1:1.0-port0
1790754289.6288,C,519,27574,-63,/dev/serial/by-path/pci-0000:05:00.3-usb-0:2.1.3:1.0-port0
1790754289.6725,C,520,27617,-64,/dev/serial/by-path/pci-0000:05:00.3-usb-0:2.1.3:1.0-port0
1790754289.6727,A,520,27623,-83,/dev/serial/by-path/pci-0000:05:00.3-usb-0:2.1.1:1.0-port0
1790754289.6955,B,516,27642,-67,/dev/serial/by-path/pci-0000:05:00.3-usb-0:2.1.2:1.0-port0
1790754289.7167,B,517,27663,-67,/dev/serial/by-path/pci-0000:05:00.3-usb-0:2.1.2:1.0-port0
1790754289.7204,C,521,27665,-63,/dev/serial/by-path/pci-0000:05:00.3-usb-0:2.1.3:1.0-port0
1790754289.7286,A,521,27679,-89,/dev/serial/by-path/pci-0000:05:00.3-usb-0:2.1.1:1.0-port0
1790754289.7661,C,522,27711,-64,/dev/serial/by-path/pci-0000:05:00.3-usb-0:2.1.3:1.0-port0
1790754289.7905,A,522,27741,-76,/dev/serial/by-path/pci-0000:05:00.3-usb-0:2.1.1:1.0-port0
1790754289.8098,B,518,27757,-68,/dev/serial/by-path/pci-0000:05:00.3-usb-0:2.1.2:1.0-port0
1790754289.8115,B,519,27757,-69,/dev/serial/by-path/pci-0000:05:00.3-usb-0:2.1.2:1.0-port0
1790754289.8211,A,523,27772,-84,/dev/serial/by-path/pci-0000:05:00.3-usb-0:2.1.1:1.0-port0
1790754289.8215,C,523,27766,-63,/dev/serial/by-path/pci-0000:05:00.3-usb-0:2.1.3:1.0-port0
1790754289.8586,B,520,27805,-67,/dev/serial/by-path/pci-0000:05:00.3-usb-0:2.1.2:1.0-port0
1790754289.8716,C,524,27816,-62,/dev/serial/by-path/pci-0000:05:00.3-usb-0:2.1.3:1.0-port0
1790754289.8792,A,524,27829,-85,/dev/serial/by-path/pci-0000:05:00.3-usb-0:2.1.1:1.0-port0
1790754289.9073,B,521,27854,-67,/dev/serial/by-path/pci-0000:05:00.3-usb-0:2.1.2:1.0-port0
1790754289.9248,C,525,27870,-65,/dev/serial/by-path/pci-0000:05:00.3-usb-0:2.1.3:1.0-port0
1790754289.9250,A,525,27875,-76,/dev/serial/by-path/pci-0000:05:00.3-usb-0:2.1.1:1.0-port0
1790754289.9596,B,522,27906,-70,/dev/serial/by-path/pci-0000:05:00.3-usb-0:2.1.2:1.0-port0
1790754289.9762,C,526,27921,-63,/dev/serial/by-path/pci-0000:05:00.3-usb-0:2.1.3:1.0-port0
1790754289.9765,A,526,27927,-82,/dev/serial/by-path/pci-0000:05:00.3-usb-0:2.1.1:1.0-port0
1790754290.0043,B,523,27951,-68,/dev/serial/by-path/pci-0000:05:00.3-usb-0:2.1.2:1.0-port0
1790754290.0217,C,527,27966,-63,/dev/serial/by-path/pci-0000:05:00.3-usb-0:2.1.3:1.0-port0
1790754290.0341,A,527,27984,-86,/dev/serial/by-path/pci-0000:05:00.3-usb-0:2.1.1:1.0-port0
1790754290.0513,B,524,27997,-67,/dev/serial/by-path/pci-0000:05:00.3-usb-0:2.1.2:1.0-port0
1790754290.0514,C,528,27996,-65,/dev/serial/by-path/pci-0000:05:00.3-usb-0:2.1.3:1.0-port0
1790754290.0887,A,528,28039,-76,/dev/serial/by-path/pci-0000:05:00.3-usb-0:2.1.1:1.0-port0
1790754290.1101,B,525,28056,-70,/dev/serial/by-path/pci-0000:05:00.3-usb-0:2.1.2:1.0-port0
1790754290.1288,C,529,28074,-63,/dev/serial/by-path/pci-0000:05:00.3-usb-0:2.1.3:1.0-port0
1790754290.1458,C,530,28091,-62,/dev/serial/by-path/pci-0000:05:00.3-usb-0:2.1.3:1.0-port0
1790754290.1461,B,526,28092,-68,/dev/serial/by-path/pci-0000:05:00.3-usb-0:2.1.2:1.0-port0
1790754290.1463,A,529,28097,-92,/dev/serial/by-path/pci-0000:05:00.3-usb-0:2.1.1:1.0-port0
1790754290.1880,B,527,28135,-67,/dev/serial/by-path/pci-0000:05:00.3-usb-0:2.1.2:1.0-port0
1790754290.1883,A,530,28138,-90,/dev/serial/by-path/pci-0000:05:00.3-usb-0:2.1.1:1.0-port0
1790754290.1884,C,531,28133,-66,/dev/serial/by-path/pci-0000:05:00.3-usb-0:2.1.3:1.0-port0
1790754290.2333,A,531,28183,-81,/dev/serial/by-path/pci-0000:05:00.3-usb-0:2.1.1:1.0-port0
1790754290.2383,C,532,28183,-61,/dev/serial/by-path/pci-0000:05:00.3-usb-0:2.1.3:1.0-port0
1790754290.2434,B,528,28190,-70,/dev/serial/by-path/pci-0000:05:00.3-usb-0:2.1.2:1.0-port0
1790754290.2722,B,529,28219,-67,/dev/serial/by-path/pci-0000:05:00.3-usb-0:2.1.2:1.0-port0
1790754290.2738,C,533,28219,-67,/dev/serial/by-path/pci-0000:05:00.3-usb-0:2.1.3:1.0-port0
1790754290.3165,C,534,28261,-62,/dev/serial/by-path/pci-0000:05:00.3-usb-0:2.1.3:1.0-port0
1790754290.3242,B,530,28270,-67,/dev/serial/by-path/pci-0000:05:00.3-usb-0:2.1.2:1.0-port0
1790754290.3395,A,532,28290,-83,/dev/serial/by-path/pci-0000:05:00.3-usb-0:2.1.1:1.0-port0
1790754290.3795,C,535,28324,-68,/dev/serial/by-path/pci-0000:05:00.3-usb-0:2.1.3:1.0-port0
1790754290.3901,A,533,28340,-82,/dev/serial/by-path/pci-0000:05:00.3-usb-0:2.1.1:1.0-port0
1790754290.4106,B,531,28357,-70,/dev/serial/by-path/pci-0000:05:00.3-usb-0:2.1.2:1.0-port0
1790754290.4140,C,536,28359,-64,/dev/serial/by-path/pci-0000:05:00.3-usb-0:2.1.3:1.0-port0
1790754290.4144,A,534,28364,-80,/dev/serial/by-path/pci-0000:05:00.3-usb-0:2.1.1:1.0-port0
1790754290.4575,A,535,28408,-91,/dev/serial/by-path/pci-0000:05:00.3-usb-0:2.1.1:1.0-port0
1790754290.4576,B,532,28404,-69,/dev/serial/by-path/pci-0000:05:00.3-usb-0:2.1.2:1.0-port0
1790754290.4593,C,537,28404,-62,/dev/serial/by-path/pci-0000:05:00.3-usb-0:2.1.3:1.0-port0
1790754290.5058,B,533,28452,-66,/dev/serial/by-path/pci-0000:05:00.3-usb-0:2.1.2:1.0-port0
1790754290.5286,C,538,28474,-67,/dev/serial/by-path/pci-0000:05:00.3-usb-0:2.1.3:1.0-port0
1790754290.5290,A,536,28479,-77,/dev/serial/by-path/pci-0000:05:00.3-usb-0:2.1.1:1.0-port0
1790754290.5557,A,537,28507,-86,/dev/serial/by-path/pci-0000:05:00.3-usb-0:2.1.1:1.0-port0
1790754290.5607,B,534,28507,-70,/dev/serial/by-path/pci-0000:05:00.3-usb-0:2.1.2:1.0-port0
1790754290.5792,C,539,28524,-66,/dev/serial/by-path/pci-0000:05:00.3-usb-0:2.1.3:1.0-port0
1790754290.5947,C,540,28540,-62,/dev/serial/by-path/pci-0000:05:00.3-usb-0:2.1.3:1.0-port0
1790754290.5950,B,535,28541,-69,/dev/serial/by-path/pci-0000:05:00.3-usb-0:2.1.2:1.0-port0
1790754290.6371,A,538,28588,-85,/dev/serial/by-path/pci-0000:05:00.3-usb-0:2.1.1:1.0-port0
1790754290.6391,A,539,28588,-86,/dev/serial/by-path/pci-0000:05:00.3-usb-0:2.1.1:1.0-port0
1790754290.6560,C,541,28601,-67,/dev/serial/by-path/pci-0000:05:00.3-usb-0:2.1.3:1.0-port0
1790754290.6562,B,536,28602,-67,/dev/serial/by-path/pci-0000:05:00.3-usb-0:2.1.2:1.0-port0
1790754290.6868,B,537,28633,-69,/dev/serial/by-path/pci-0000:05:00.3-usb-0:2.1.2:1.0-port0
1790754290.6871,A,540,28637,-84,/dev/serial/by-path/pci-0000:05:00.3-usb-0:2.1.1:1.0-port0
1790754290.6874,C,542,28632,-68,/dev/serial/by-path/pci-0000:05:00.3-usb-0:2.1.3:1.0-port0
1790754290.7400,A,541,28690,-83,/dev/serial/by-path/pci-0000:05:00.3-usb-0:2.1.1:1.0-port0
1790754290.7470,B,538,28693,-68,/dev/serial/by-path/pci-0000:05:00.3-usb-0:2.1.2:1.0-port0
1790754290.7471,C,543,28692,-63,/dev/serial/by-path/pci-0000:05:00.3-usb-0:2.1.3:1.0-port0
1790754290.7764,C,544,28721,-62,/dev/serial/by-path/pci-0000:05:00.3-usb-0:2.1.3:1.0-port0
1790754290.7767,B,539,28723,-67,/dev/serial/by-path/pci-0000:05:00.3-usb-0:2.1.2:1.0-port0
1790754290.7770,A,542,28726,-88,/dev/serial/by-path/pci-0000:05:00.3-usb-0:2.1.1:1.0-port0
1790754290.8208,A,543,28771,-82,/dev/serial/by-path/pci-0000:05:00.3-usb-0:2.1.1:1.0-port0
1790754290.8212,C,545,28766,-65,/dev/serial/by-path/pci-0000:05:00.3-usb-0:2.1.3:1.0-port0
1790754290.8563,B,540,28802,-70,/dev/serial/by-path/pci-0000:05:00.3-usb-0:2.1.2:1.0-port0
1790754290.8632,A,544,28813,-86,/dev/serial/by-path/pci-0000:05:00.3-usb-0:2.1.1:1.0-port0
1790754290.8676,C,546,28813,-63,/dev/serial/by-path/pci-0000:05:00.3-usb-0:2.1.3:1.0-port0
1790754290.9024,B,541,28849,-67,/dev/serial/by-path/pci-0000:05:00.3-usb-0:2.1.2:1.0-port0
1790754290.9025,C,547,28847,-62,/dev/serial/by-path/pci-0000:05:00.3-usb-0:2.1.3:1.0-port0
1790754290.9402,A,545,28890,-85,/dev/serial/by-path/pci-0000:05:00.3-usb-0:2.1.1:1.0-port0
1790754290.9491,C,548,28895,-65,/dev/serial/by-path/pci-0000:05:00.3-usb-0:2.1.3:1.0-port0
1790754290.9576,A,546,28908,-80,/dev/serial/by-path/pci-0000:05:00.3-usb-0:2.1.1:1.0-port0
1790754290.9577,B,542,28904,-67,/dev/serial/by-path/pci-0000:05:00.3-usb-0:2.1.2:1.0-port0
1790754290.9926,B,543,28939,-70,/dev/serial/by-path/pci-0000:05:00.3-usb-0:2.1.2:1.0-port0
1790754291.0212,C,549,28966,-64,/dev/serial/by-path/pci-0000:05:00.3-usb-0:2.1.3:1.0-port0
1790754291.0357,A,547,28986,-92,/dev/serial/by-path/pci-0000:05:00.3-usb-0:2.1.1:1.0-port0
1790754291.0514,C,550,28996,-62,/dev/serial/by-path/pci-0000:05:00.3-usb-0:2.1.3:1.0-port0
1790754291.0515,B,544,28998,-68,/dev/serial/by-path/pci-0000:05:00.3-usb-0:2.1.2:1.0-port0
1790754291.0788,C,551,29024,-62,/dev/serial/by-path/pci-0000:05:00.3-usb-0:2.1.3:1.0-port0
1790754291.0908,A,548,29040,-87,/dev/serial/by-path/pci-0000:05:00.3-usb-0:2.1.1:1.0-port0
1790754291.1001,B,545,29046,-68,/dev/serial/by-path/pci-0000:05:00.3-usb-0:2.1.2:1.0-port0
1790754291.1292,C,552,29074,-65,/dev/serial/by-path/pci-0000:05:00.3-usb-0:2.1.3:1.0-port0
1790754291.1398,A,549,29090,-78,/dev/serial/by-path/pci-0000:05:00.3-usb-0:2.1.1:1.0-port0
1790754291.1599,B,546,29106,-68,/dev/serial/by-path/pci-0000:05:00.3-usb-0:2.1.2:1.0-port0
1790754291.1721,B,547,29119,-68,/dev/serial/by-path/pci-0000:05:00.3-usb-0:2.1.2:1.0-port0
1790754291.1760,C,553,29121,-65,/dev/serial/by-path/pci-0000:05:00.3-usb-0:2.1.3:1.0-port0
1790754291.1770,A,550,29127,-84,/dev/serial/by-path/pci-0000:05:00.3-usb-0:2.1.1:1.0-port0
1790754291.2226,A,551,29173,-87,/dev/serial/by-path/pci-0000:05:00.3-usb-0:2.1.1:1.0-port0
1790754291.2288,C,554,29174,-63,/dev/serial/by-path/pci-0000:05:00.3-usb-0:2.1.3:1.0-port0
1790754291.2572,B,548,29203,-66,/dev/serial/by-path/pci-0000:05:00.3-usb-0:2.1.2:1.0-port0
1790754291.2720,C,555,29217,-65,/dev/serial/by-path/pci-0000:05:00.3-usb-0:2.1.3:1.0-port0
1790754291.2840,A,552,29234,-76,/dev/serial/by-path/pci-0000:05:00.3-usb-0:2.1.1:1.0-port0
1790754291.2844,B,549,29230,-69,/dev/serial/by-path/pci-0000:05:00.3-usb-0:2.1.2:1.0-port0
1790754291.3186,C,556,29264,-64,/dev/serial/by-path/pci-0000:05:00.3-usb-0:2.1.3:1.0-port0
1790754291.3189,A,553,29269,-86,/dev/serial/by-path/pci-0000:05:00.3-usb-0:2.1.1:1.0-port0
1790754291.3425,B,550,29289,-68,/dev/serial/by-path/pci-0000:05:00.3-usb-0:2.1.2:1.0-port0
1790754291.3572,B,551,29303,-68,/dev/serial/by-path/pci-0000:05:00.3-usb-0:2.1.2:1.0-port0
1790754291.3575,A,554,29307,-86,/dev/serial/by-path/pci-0000:05:00.3-usb-0:2.1.1:1.0-port0
1790754291.3576,C,557,29302,-62,/dev/serial/by-path/pci-0000:05:00.3-usb-0:2.1.3:1.0-port0
1790754291.4018,A,555,29352,-82,/dev/serial/by-path/pci-0000:05:00.3-usb-0:2.1.1:1.0-port0
1790754291.4021,B,552,29348,-66,/dev/serial/by-path/pci-0000:05:00.3-usb-0:2.1.2:1.0-port0
1790754291.4024,C,558,29347,-66,/dev/serial/by-path/pci-0000:05:00.3-usb-0:2.1.3:1.0-port0
1790754291.4601,B,553,29406,-68,/dev/serial/by-path/pci-0000:05:00.3-usb-0:2.1.2:1.0-port0
1790754291.4788,C,559,29424,-66,/dev/serial/by-path/pci-0000:05:00.3-usb-0:2.1.3:1.0-port0
1790754291.4882,A,556,29438,-83,/dev/serial/by-path/pci-0000:05:00.3-usb-0:2.1.1:1.0-port0
1790754291.5351,A,557,29486,-85,/dev/serial/by-path/pci-0000:05:00.3-usb-0:2.1.1:1.0-port0
1790754291.5374,A,558,29486,-85,/dev/serial/by-path/pci-0000:05:00.3-usb-0:2.1.1:1.0-port0
1790754291.5412,B,554,29487,-66,/dev/serial/by-path/pci-0000:05:00.3-usb-0:2.1.2:1.0-port0
1790754291.5753,C,560,29520,-104,/dev/serial/by-path/pci-0000:05:00.3-usb-0:2.1.3:1.0-port0
1790754291.5897,A,559,29540,-77,/dev/serial/by-path/pci-0000:05:00.3-usb-0:2.1.1:1.0-port0
1790754291.5960,C,561,29541,-66,/dev/serial/by-path/pci-0000:05:00.3-usb-0:2.1.3:1.0-port0
1790754291.6004,B,555,29547,-69,/dev/serial/by-path/pci-0000:05:00.3-usb-0:2.1.2:1.0-port0
1790754291.6383,C,562,29583,-62,/dev/serial/by-path/pci-0000:05:00.3-usb-0:2.1.3:1.0-port0
1790754291.6398,A,560,29590,-83,/dev/serial/by-path/pci-0000:05:00.3-usb-0:2.1.1:1.0-port0
1790754291.6485,B,556,29595,-68,/dev/serial/by-path/pci-0000:05:00.3-usb-0:2.1.2:1.0-port0
1790754291.6772,C,563,29622,-62,/dev/serial/by-path/pci-0000:05:00.3-usb-0:2.1.3:1.0-port0
1790754291.6774,B,557,29624,-65,/dev/serial/by-path/pci-0000:05:00.3-usb-0:2.1.2:1.0-port0
1790754291.6897,A,561,29640,-88,/dev/serial/by-path/pci-0000:05:00.3-usb-0:2.1.1:1.0-port0
1790754291.7204,A,562,29671,-81,/dev/serial/by-path/pci-0000:05:00.3-usb-0:2.1.1:1.0-port0
1790754291.7207,C,564,29665,-68,/dev/serial/by-path/pci-0000:05:00.3-usb-0:2.1.3:1.0-port0
1790754291.7597,B,558,29706,-70,/dev/serial/by-path/pci-0000:05:00.3-usb-0:2.1.2:1.0-port0
1790754291.7640,C,565,29709,-65,/dev/serial/by-path/pci-0000:05:00.3-usb-0:2.1.3:1.0-port0
1790754291.7644,A,563,29714,-80,/dev/serial/by-path/pci-0000:05:00.3-usb-0:2.1.1:1.0-port0
1790754291.8085,B,559,29755,-68,/dev/serial/by-path/pci-0000:05:00.3-usb-0:2.1.2:1.0-port0
1790754291.8088,C,566,29754,-68,/dev/serial/by-path/pci-0000:05:00.3-usb-0:2.1.3:1.0-port0
1790754291.8163,A,564,29767,-82,/dev/serial/by-path/pci-0000:05:00.3-usb-0:2.1.1:1.0-port0
1790754291.8541,B,560,29800,-68,/dev/serial/by-path/pci-0000:05:00.3-usb-0:2.1.2:1.0-port0
1790754291.8548,A,565,29805,-78,/dev/serial/by-path/pci-0000:05:00.3-usb-0:2.1.1:1.0-port0
1790754291.8789,C,567,29824,-63,/dev/serial/by-path/pci-0000:05:00.3-usb-0:2.1.3:1.0-port0
1790754291.8960,C,568,29841,-68,/dev/serial/by-path/pci-0000:05:00.3-usb-0:2.1.3:1.0-port0
1790754291.8963,B,561,29842,-69,/dev/serial/by-path/pci-0000:05:00.3-usb-0:2.1.2:1.0-port0
1790754291.9130,A,566,29863,-83,/dev/serial/by-path/pci-0000:05:00.3-usb-0:2.1.1:1.0-port0
1790754291.9364,A,567,29887,-82,/dev/serial/by-path/pci-0000:05:00.3-usb-0:2.1.1:1.0-port0
1790754291.9373,C,569,29883,-65,/dev/serial/by-path/pci-0000:05:00.3-usb-0:2.1.3:1.0-port0
1790754291.9377,B,562,29885,-67,/dev/serial/by-path/pci-0000:05:00.3-usb-0:2.1.2:1.0-port0
1790754291.9777,C,570,29924,-62,/dev/serial/by-path/pci-0000:05:00.3-usb-0:2.1.3:1.0-port0
1790754291.9901,A,568,29940,-88,/dev/serial/by-path/pci-0000:05:00.3-usb-0:2.1.1:1.0-port0
1790754292.0100,B,563,29956,-67,/dev/serial/by-path/pci-0000:05:00.3-usb-0:2.1.2:1.0-port0
1790754292.0407,A,569,29991,-80,/dev/serial/by-path/pci-0000:05:00.3-usb-0:2.1.1:1.0-port0
1790754292.0791,C,571,30024,-64,/dev/serial/by-path/pci-0000:05:00.3-usb-0:2.1.3:1.0-port0
1790754292.0899,A,570,30040,-84,/dev/serial/by-path/pci-0000:05:00.3-usb-0:2.1.1:1.0-port0
1790754292.1098,B,564,30056,-68,/dev/serial/by-path/pci-0000:05:00.3-usb-0:2.1.2:1.0-port0
1790754292.1138,C,572,30059,-62,/dev/serial/by-path/pci-0000:05:00.3-usb-0:2.1.3:1.0-port0
1790754292.1223,A,571,30072,-86,/dev/serial/by-path/pci-0000:05:00.3-usb-0:2.1.1:1.0-port0
1790754292.1224,B,565,30069,-68,/dev/serial/by-path/pci-0000:05:00.3-usb-0:2.1.2:1.0-port0
1790754292.1624,A,572,30113,-81,/dev/serial/by-path/pci-0000:05:00.3-usb-0:2.1.1:1.0-port0
1790754292.1773,C,573,30122,-63,/dev/serial/by-path/pci-0000:05:00.3-usb-0:2.1.3:1.0-port0
1790754292.2085,B,566,30155,-71,/dev/serial/by-path/pci-0000:05:00.3-usb-0:2.1.2:1.0-port0
1790754292.2086,A,573,30159,-81,/dev/serial/by-path/pci-0000:05:00.3-usb-0:2.1.1:1.0-port0
1790754292.2161,C,574,30161,-64,/dev/serial/by-path/pci-0000:05:00.3-usb-0:2.1.3:1.0-port0
1790754292.2497,C,575,30195,-63,/dev/serial/by-path/pci-0000:05:00.3-usb-0:2.1.3:1.0-port0
1790754292.2539,B,567,30200,-68,/dev/serial/by-path/pci-0000:05:00.3-usb-0:2.1.2:1.0-port0
1790754292.2900,A,574,30241,-87,/dev/serial/by-path/pci-0000:05:00.3-usb-0:2.1.1:1.0-port0
1790754292.2901,C,576,30235,-63,/dev/serial/by-path/pci-0000:05:00.3-usb-0:2.1.3:1.0-port0
1790754292.2922,A,575,30241,-86,/dev/serial/by-path/pci-0000:05:00.3-usb-0:2.1.1:1.0-port0
1790754292.3398,A,576,30290,-79,/dev/serial/by-path/pci-0000:05:00.3-usb-0:2.1.1:1.0-port0
1790754292.3763,C,577,30321,-64,/dev/serial/by-path/pci-0000:05:00.3-usb-0:2.1.3:1.0-port0
1790754292.3898,A,577,30340,-82,/dev/serial/by-path/pci-0000:05:00.3-usb-0:2.1.1:1.0-port0
1790754292.4050,B,568,30351,-68,/dev/serial/by-path/pci-0000:05:00.3-usb-0:2.1.2:1.0-port0
1790754292.4241,C,578,30369,-63,/dev/serial/by-path/pci-0000:05:00.3-usb-0:2.1.3:1.0-port0
1790754292.4245,A,578,30374,-87,/dev/serial/by-path/pci-0000:05:00.3-usb-0:2.1.1:1.0-port0
1790754292.4251,B,569,30372,-67,/dev/serial/by-path/pci-0000:05:00.3-usb-0:2.1.2:1.0-port0
1790754292.4701,A,579,30420,-80,/dev/serial/by-path/pci-0000:05:00.3-usb-0:2.1.1:1.0-port0
1790754292.4788,C,579,30424,-64,/dev/serial/by-path/pci-0000:05:00.3-usb-0:2.1.3:1.0-port0
1790754292.5102,B,570,30456,-70,/dev/serial/by-path/pci-0000:05:00.3-usb-0:2.1.2:1.0-port0
1790754292.5292,C,580,30474,-64,/dev/serial/by-path/pci-0000:05:00.3-usb-0:2.1.3:1.0-port0
1790754292.5397,A,580,30490,-83,/dev/serial/by-path/pci-0000:05:00.3-usb-0:2.1.1:1.0-port0
1790754292.5575,C,581,30502,-62,/dev/serial/by-path/pci-0000:05:00.3-usb-0:2.1.3:1.0-port0
1790754292.5576,A,581,30508,-86,/dev/serial/by-path/pci-0000:05:00.3-usb-0:2.1.1:1.0-port0
1790754292.5601,B,571,30506,-68,/dev/serial/by-path/pci-0000:05:00.3-usb-0:2.1.2:1.0-port0
1790754292.5987,A,582,30549,-80,/dev/serial/by-path/pci-0000:05:00.3-usb-0:2.1.1:1.0-port0
1790754292.5991,C,582,30544,-65,/dev/serial/by-path/pci-0000:05:00.3-usb-0:2.1.3:1.0-port0
1790754292.6096,B,572,30556,-67,/dev/serial/by-path/pci-0000:05:00.3-usb-0:2.1.2:1.0-port0
1790754292.6395,A,583,30590,-79,/dev/serial/by-path/pci-0000:05:00.3-usb-0:2.1.1:1.0-port0
1790754292.6427,C,583,30588,-65,/dev/serial/by-path/pci-0000:05:00.3-usb-0:2.1.3:1.0-port0
1790754292.6485,B,573,30595,-70,/dev/serial/by-path/pci-0000:05:00.3-usb-0:2.1.2:1.0-port0
1790754292.6864,C,584,30631,-63,/dev/serial/by-path/pci-0000:05:00.3-usb-0:2.1.3:1.0-port0
1790754292.6866,B,574,30633,-67,/dev/serial/by-path/pci-0000:05:00.3-usb-0:2.1.2:1.0-port0
1790754292.6889,A,584,30639,-84,/dev/serial/by-path/pci-0000:05:00.3-usb-0:2.1.1:1.0-port0
1790754292.7243,A,585,30674,-89,/dev/serial/by-path/pci-0000:05:00.3-usb-0:2.1.1:1.0-port0
1790754292.7692,C,585,30714,-65,/dev/serial/by-path/pci-0000:05:00.3-usb-0:2.1.3:1.0-port0
1790754292.7694,A,586,30720,-78,/dev/serial/by-path/pci-0000:05:00.3-usb-0:2.1.1:1.0-port0
1790754292.8100,B,575,30756,-69,/dev/serial/by-path/pci-0000:05:00.3-usb-0:2.1.2:1.0-port0
1790754292.8288,C,586,30774,-66,/dev/serial/by-path/pci-0000:05:00.3-usb-0:2.1.3:1.0-port0
1790754292.8395,A,587,30790,-85,/dev/serial/by-path/pci-0000:05:00.3-usb-0:2.1.1:1.0-port0
1790754292.8460,B,576,30792,-68,/dev/serial/by-path/pci-0000:05:00.3-usb-0:2.1.2:1.0-port0
1790754292.8592,A,588,30809,-86,/dev/serial/by-path/pci-0000:05:00.3-usb-0:2.1.1:1.0-port0
1790754292.8594,C,587,30804,-63,/dev/serial/by-path/pci-0000:05:00.3-usb-0:2.1.3:1.0-port0
1790754292.8608,B,577,30807,-68,/dev/serial/by-path/pci-0000:05:00.3-usb-0:2.1.2:1.0-port0
1790754292.9101,B,578,30856,-67,/dev/serial/by-path/pci-0000:05:00.3-usb-0:2.1.2:1.0-port0
1790754292.9141,A,589,30864,-80,/dev/serial/by-path/pci-0000:05:00.3-usb-0:2.1.1:1.0-port0
1790754292.9288,C,588,30874,-65,/dev/serial/by-path/pci-0000:05:00.3-usb-0:2.1.3:1.0-port0
1790754292.9567,C,589,30902,-64,/dev/serial/by-path/pci-0000:05:00.3-usb-0:2.1.3:1.0-port0
1790754292.9598,B,579,30906,-69,/dev/serial/by-path/pci-0000:05:00.3-usb-0:2.1.2:1.0-port0
1790754292.9606,A,590,30911,-87,/dev/serial/by-path/pci-0000:05:00.3-usb-0:2.1.1:1.0-port0
1790754293.0010,C,590,30947,-63,/dev/serial/by-path/pci-0000:05:00.3-usb-0:2.1.3:1.0-port0
1790754293.0106,B,580,30956,-68,/dev/serial/by-path/pci-0000:05:00.3-usb-0:2.1.2:1.0-port0
1790754293.0396,A,591,30990,-87,/dev/serial/by-path/pci-0000:05:00.3-usb-0:2.1.1:1.0-port0
1790754293.0453,C,591,30990,-68,/dev/serial/by-path/pci-0000:05:00.3-usb-0:2.1.3:1.0-port0
1790754293.0602,B,581,31006,-68,/dev/serial/by-path/pci-0000:05:00.3-usb-0:2.1.2:1.0-port0
1790754293.0637,A,592,31014,-80,/dev/serial/by-path/pci-0000:05:00.3-usb-0:2.1.1:1.0-port0
1790754293.0927,B,582,31040,-70,/dev/serial/by-path/pci-0000:05:00.3-usb-0:2.1.2:1.0-port0
1790754293.1196,C,592,31065,-66,/dev/serial/by-path/pci-0000:05:00.3-usb-0:2.1.3:1.0-port0
1790754293.1198,A,593,31070,-83,/dev/serial/by-path/pci-0000:05:00.3-usb-0:2.1.1:1.0-port0
1790754293.1381,B,583,31084,-68,/dev/serial/by-path/pci-0000:05:00.3-usb-0:2.1.2:1.0-port0
1790754293.1400,A,594,31090,-82,/dev/serial/by-path/pci-0000:05:00.3-usb-0:2.1.1:1.0-port0
1790754293.1651,C,593,31110,-62,/dev/serial/by-path/pci-0000:05:00.3-usb-0:2.1.3:1.0-port0
1790754293.1846,A,595,31135,-85,/dev/serial/by-path/pci-0000:05:00.3-usb-0:2.1.1:1.0-port0
1790754293.1851,B,584,31132,-67,/dev/serial/by-path/pci-0000:05:00.3-usb-0:2.1.2:1.0-port0
1790754293.1976,C,594,31143,-66,/dev/serial/by-path/pci-0000:05:00.3-usb-0:2.1.3:1.0-port0
1790754293.2274,C,595,31172,-66,/dev/serial/by-path/pci-0000:05:00.3-usb-0:2.1.3:1.0-port0
1790754293.2397,A,596,31190,-78,/dev/serial/by-path/pci-0000:05:00.3-usb-0:2.1.1:1.0-port0
1790754293.2452,B,585,31192,-70,/dev/serial/by-path/pci-0000:05:00.3-usb-0:2.1.2:1.0-port0
1790754293.2765,B,586,31223,-68,/dev/serial/by-path/pci-0000:05:00.3-usb-0:2.1.2:1.0-port0
1790754293.2774,C,596,31223,-65,/dev/serial/by-path/pci-0000:05:00.3-usb-0:2.1.3:1.0-port0
1790754293.2777,A,597,31228,-82,/dev/serial/by-path/pci-0000:05:00.3-usb-0:2.1.1:1.0-port0
1790754293.3060,C,597,31251,-63,/dev/serial/by-path/pci-0000:05:00.3-usb-0:2.1.3:1.0-port0
1790754293.3106,B,587,31257,-68,/dev/serial/by-path/pci-0000:05:00.3-usb-0:2.1.2:1.0-port0
1790754293.3405,A,598,31291,-87,/dev/serial/by-path/pci-0000:05:00.3-usb-0:2.1.1:1.0-port0
1790754293.3598,B,588,31306,-66,/dev/serial/by-path/pci-0000:05:00.3-usb-0:2.1.2:1.0-port0
1790754293.3787,C,598,31324,-66,/dev/serial/by-path/pci-0000:05:00.3-usb-0:2.1.3:1.0-port0
1790754293.3983,A,599,31348,-85,/dev/serial/by-path/pci-0000:05:00.3-usb-0:2.1.1:1.0-port0
1790754293.3986,C,599,31343,-65,/dev/serial/by-path/pci-0000:05:00.3-usb-0:2.1.3:1.0-port0
1790754293.4101,B,589,31356,-70,/dev/serial/by-path/pci-0000:05:00.3-usb-0:2.1.2:1.0-port0
1790754293.4553,B,590,31402,-68,/dev/serial/by-path/pci-0000:05:00.3-usb-0:2.1.2:1.0-port0
1790754293.4553,C,600,31400,-62,/dev/serial/by-path/pci-0000:05:00.3-usb-0:2.1.3:1.0-port0
1790754293.4874,B,591,31434,-67,/dev/serial/by-path/pci-0000:05:00.3-usb-0:2.1.2:1.0-port0
1790754293.4878,C,601,31432,-65,/dev/serial/by-path/pci-0000:05:00.3-usb-0:2.1.3:1.0-port0
1790754293.4897,A,600,31440,-87,/dev/serial/by-path/pci-0000:05:00.3-usb-0:2.1.1:1.0-port0
1790754293.5304,B,592,31477,-70,/dev/serial/by-path/pci-0000:05:00.3-usb-0:2.1.2:1.0-port0
1790754293.5729,B,593,31519,-68,/dev/serial/by-path/pci-0000:05:00.3-usb-0:2.1.2:1.0-port0
1790754293.5744,C,602,31519,-65,/dev/serial/by-path/pci-0000:05:00.3-usb-0:2.1.3:1.0-port0
1790754293.5890,A,601,31539,-86,/dev/serial/by-path/pci-0000:05:00.3-usb-0:2.1.1:1.0-port0
1790754293.6121,A,602,31563,-87,/dev/serial/by-path/pci-0000:05:00.3-usb-0:2.1.1:1.0-port0
1790754293.6288,C,603,31574,-63,/dev/serial/by-path/pci-0000:05:00.3-usb-0:2.1.3:1.0-port0
1790754293.6626,A,603,31613,-79,/dev/serial/by-path/pci-0000:05:00.3-usb-0:2.1.1:1.0-port0
1790754293.6628,C,604,31608,-66,/dev/serial/by-path/pci-0000:05:00.3-usb-0:2.1.3:1.0-port0
1790754293.7501,B,594,31697,-68,/dev/serial/by-path/pci-0000:05:00.3-usb-0:2.1.2:1.0-port0
1790754293.7784,C,605,31724,-64,/dev/serial/by-path/pci-0000:05:00.3-usb-0:2.1.3:1.0-port0
1790754293.7896,A,604,31740,-88,/dev/serial/by-path/pci-0000:05:00.3-usb-0:2.1.1:1.0-port0
1790754293.7996,B,595,31746,-68,/dev/serial/by-path/pci-0000:05:00.3-usb-0:2.1.2:1.0-port0
1790754293.7999,C,606,31745,-66,/dev/serial/by-path/pci-0000:05:00.3-usb-0:2.1.3:1.0-port0
1790754293.8482,C,607,31793,-64,/dev/serial/by-path/pci-0000:05:00.3-usb-0:2.1.3:1.0-port0
1790754293.8607,B,596,31806,-68,/dev/serial/by-path/pci-0000:05:00.3-usb-0:2.1.2:1.0-port0
1790754293.8832,B,597,31830,-68,/dev/serial/by-path/pci-0000:05:00.3-usb-0:2.1.2:1.0-port0
1790754293.8900,A,605,31840,-82,/dev/serial/by-path/pci-0000:05:00.3-usb-0:2.1.1:1.0-port0
1790754293.8933,C,608,31838,-63,/dev/serial/by-path/pci-0000:05:00.3-usb-0:2.1.3:1.0-port0
1790754293.9260,A,606,31876,-86,/dev/serial/by-path/pci-0000:05:00.3-usb-0:2.1.1:1.0-port0
1790754293.9291,C,609,31874,-63,/dev/serial/by-path/pci-0000:05:00.3-usb-0:2.1.3:1.0-port0
1790754293.9338,B,598,31880,-67,/dev/serial/by-path/pci-0000:05:00.3-usb-0:2.1.2:1.0-port0
1790754293.9730,C,610,31918,-65,/dev/serial/by-path/pci-0000:05:00.3-usb-0:2.1.3:1.0-port0
1790754293.9899,A,607,31940,-80,/dev/serial/by-path/pci-0000:05:00.3-usb-0:2.1.1:1.0-port0
1790754294.0099,B,599,31957,-70,/dev/serial/by-path/pci-0000:05:00.3-usb-0:2.1.2:1.0-port0
1790754294.0154,C,611,31961,-65,/dev/serial/by-path/pci-0000:05:00.3-usb-0:2.1.3:1.0-port0
1790754294.0160,A,608,31967,-85,/dev/serial/by-path/pci-0000:05:00.3-usb-0:2.1.1:1.0-port0
1790754294.0193,B,600,31966,-68,/dev/serial/by-path/pci-0000:05:00.3-usb-0:2.1.2:1.0-port0
1790754294.0601,C,612,32005,-63,/dev/serial/by-path/pci-0000:05:00.3-usb-0:2.1.3:1.0-port0
1790754294.0605,B,601,32006,-68,/dev/serial/by-path/pci-0000:05:00.3-usb-0:2.1.2:1.0-port0
1790754294.0741,A,609,32024,-90,/dev/serial/by-path/pci-0000:05:00.3-usb-0:2.1.1:1.0-port0
1790754294.1555,B,602,32102,-70,/dev/serial/by-path/pci-0000:05:00.3-usb-0:2.1.2:1.0-port0
1790754294.1784,C,613,32124,-66,/dev/serial/by-path/pci-0000:05:00.3-usb-0:2.1.3:1.0-port0
1790754294.1895,A,610,32140,-82,/dev/serial/by-path/pci-0000:05:00.3-usb-0:2.1.1:1.0-port0
1790754294.2040,B,603,32151,-68,/dev/serial/by-path/pci-0000:05:00.3-usb-0:2.1.2:1.0-port0
1790754294.2041,C,614,32149,-63,/dev/serial/by-path/pci-0000:05:00.3-usb-0:2.1.3:1.0-port0
1790754294.2042,A,611,32154,-85,/dev/serial/by-path/pci-0000:05:00.3-usb-0:2.1.1:1.0-port0
1790754294.2518,C,615,32197,-66,/dev/serial/by-path/pci-0000:05:00.3-usb-0:2.1.3:1.0-port0
1790754294.2599,B,604,32206,-67,/dev/serial/by-path/pci-0000:05:00.3-usb-0:2.1.2:1.0-port0
1790754294.2899,A,612,32241,-80,/dev/serial/by-path/pci-0000:05:00.3-usb-0:2.1.1:1.0-port0
1790754294.2923,A,613,32241,-79,/dev/serial/by-path/pci-0000:05:00.3-usb-0:2.1.1:1.0-port0
1790754294.3100,B,605,32256,-71,/dev/serial/by-path/pci-0000:05:00.3-usb-0:2.1.2:1.0-port0
1790754294.3202,C,616,32265,-64,/dev/serial/by-path/pci-0000:05:00.3-usb-0:2.1.3:1.0-port0
1790754294.3379,B,606,32284,-68,/dev/serial/by-path/pci-0000:05:00.3-usb-0:2.1.2:1.0-port0
1790754294.3395,A,614,32290,-85,/dev/serial/by-path/pci-0000:05:00.3-usb-0:2.1.1:1.0-port0
1790754294.3496,C,617,32295,-64,/dev/serial/by-path/pci-0000:05:00.3-usb-0:2.1.3:1.0-port0
1790754294.3901,A,615,32340,-88,/dev/serial/by-path/pci-0000:05:00.3-usb-0:2.1.1:1.0-port0
1790754294.4100,B,607,32356,-67,/dev/serial/by-path/pci-0000:05:00.3-usb-0:2.1.2:1.0-port0
1790754294.4222,A,616,32372,-80,/dev/serial/by-path/pci-0000:05:00.3-usb-0:2.1.1:1.0-port0
1790754294.4283,C,618,32374,-66,/dev/serial/by-path/pci-0000:05:00.3-usb-0:2.1.3:1.0-port0
1790754294.4374,B,608,32384,-70,/dev/serial/by-path/pci-0000:05:00.3-usb-0:2.1.2:1.0-port0
1790754294.4631,C,619,32408,-64,/dev/serial/by-path/pci-0000:05:00.3-usb-0:2.1.3:1.0-port0
1790754294.4821,A,617,32432,-83,/dev/serial/by-path/pci-0000:05:00.3-usb-0:2.1.1:1.0-port0
1790754294.5097,B,609,32456,-68,/dev/serial/by-path/pci-0000:05:00.3-usb-0:2.1.2:1.0-port0
1790754294.5265,C,620,32471,-63,/dev/serial/by-path/pci-0000:05:00.3-usb-0:2.1.3:1.0-port0
1790754294.5397,A,618,32490,-87,/dev/serial/by-path/pci-0000:05:00.3-usb-0:2.1.1:1.0-port0
1790754294.5532,B,610,32499,-68,/dev/serial/by-path/pci-0000:05:00.3-usb-0:2.1.2:1.0-port0
1790754294.5536,C,621,32498,-65,/dev/serial/by-path/pci-0000:05:00.3-usb-0:2.1.3:1.0-port0
1790754294.5901,A,619,32540,-79,/dev/serial/by-path/pci-0000:05:00.3-usb-0:2.1.1:1.0-port0
1790754294.6099,B,611,32556,-69,/dev/serial/by-path/pci-0000:05:00.3-usb-0:2.1.2:1.0-port0
1790754294.6226,C,622,32568,-63,/dev/serial/by-path/pci-0000:05:00.3-usb-0:2.1.3:1.0-port0
1790754294.6229,A,620,32573,-82,/dev/serial/by-path/pci-0000:05:00.3-usb-0:2.1.1:1.0-port0
1790754294.6459,B,612,32592,-68,/dev/serial/by-path/pci-0000:05:00.3-usb-0:2.1.2:1.0-port0
1790754294.6462,C,623,32591,-63,/dev/serial/by-path/pci-0000:05:00.3-usb-0:2.1.3:1.0-port0
1790754294.6478,A,621,32598,-87,/dev/serial/by-path/pci-0000:05:00.3-usb-0:2.1.1:1.0-port0
1790754294.6956,C,624,32640,-65,/dev/serial/by-path/pci-0000:05:00.3-usb-0:2.1.3:1.0-port0
1790754294.7101,B,613,32656,-67,/dev/serial/by-path/pci-0000:05:00.3-usb-0:2.1.2:1.0-port0
1790754294.7381,A,622,32689,-81,/dev/serial/by-path/pci-0000:05:00.3-usb-0:2.1.1:1.0-port0
1790754294.7399,C,625,32685,-64,/dev/serial/by-path/pci-0000:05:00.3-usb-0:2.1.3:1.0-port0
1790754294.7403,A,623,32690,-81,/dev/serial/by-path/pci-0000:05:00.3-usb-0:2.1.1:1.0-port0
1790754294.7561,B,614,32702,-69,/dev/serial/by-path/pci-0000:05:00.3-usb-0:2.1.2:1.0-port0
1790754294.7899,A,624,32740,-82,/dev/serial/by-path/pci-0000:05:00.3-usb-0:2.1.1:1.0-port0
1790754294.7934,C,626,32739,-62,/dev/serial/by-path/pci-0000:05:00.3-usb-0:2.1.3:1.0-port0
1790754294.8100,B,615,32756,-68,/dev/serial/by-path/pci-0000:05:00.3-usb-0:2.1.2:1.0-port0
1790754294.8290,C,627,32774,-63,/dev/serial/by-path/pci-0000:05:00.3-usb-0:2.1.3:1.0-port0
1790754294.8354,B,616,32782,-67,/dev/serial/by-path/pci-0000:05:00.3-usb-0:2.1.2:1.0-port0
1790754294.8397,A,625,32790,-88,/dev/serial/by-path/pci-0000:05:00.3-usb-0:2.1.1:1.0-port0
1790754294.8791,C,628,32824,-66,/dev/serial/by-path/pci-0000:05:00.3-usb-0:2.1.3:1.0-port0
1790754294.8903,A,626,32841,-79,/dev/serial/by-path/pci-0000:05:00.3-usb-0:2.1.1:1.0-port0
1790754294.9031,B,617,32849,-69,/dev/serial/by-path/pci-0000:05:00.3-usb-0:2.1.2:1.0-port0
1790754294.9289,C,629,32874,-64,/dev/serial/by-path/pci-0000:05:00.3-usb-0:2.1.3:1.0-port0
1790754294.9395,B,618,32886,-68,/dev/serial/by-path/pci-0000:05:00.3-usb-0:2.1.2:1.0-port0
1790754294.9396,A,627,32890,-82,/dev/serial/by-path/pci-0000:05:00.3-usb-0:2.1.1:1.0-port0
1790754294.9658,C,630,32911,-63,/dev/serial/by-path/pci-0000:05:00.3-usb-0:2.1.3:1.0-port0
1790754294.9689,A,628,32919,-87,/dev/serial/by-path/pci-0000:05:00.3-usb-0:2.1.1:1.0-port0
1790754295.0013,B,619,32948,-67,/dev/serial/by-path/pci-0000:05:00.3-usb-0:2.1.2:1.0-port0
1790754295.0111,C,631,32956,-65,/dev/serial/by-path/pci-0000:05:00.3-usb-0:2.1.3:1.0-port0
1790754295.0399,A,629,32990,-79,/dev/serial/by-path/pci-0000:05:00.3-usb-0:2.1.1:1.0-port0
1790754295.0561,C,632,33002,-64,/dev/serial/by-path/pci-0000:05:00.3-usb-0:2.1.3:1.0-port0
1790754295.0564,B,620,33003,-69,/dev/serial/by-path/pci-0000:05:00.3-usb-0:2.1.2:1.0-port0
1790754295.0567,A,630,33007,-82,/dev/serial/by-path/pci-0000:05:00.3-usb-0:2.1.1:1.0-port0
1790754295.1106,B,621,33057,-67,/dev/serial/by-path/pci-0000:05:00.3-usb-0:2.1.2:1.0-port0
1790754295.1288,C,633,33074,-62,/dev/serial/by-path/pci-0000:05:00.3-usb-0:2.1.3:1.0-port0
1790754295.1408,A,631,33091,-89,/dev/serial/by-path/pci-0000:05:00.3-usb-0:2.1.1:1.0-port0
1790754295.1555,B,622,33102,-67,/dev/serial/by-path/pci-0000:05:00.3-usb-0:2.1.2:1.0-port0
1790754295.1690,C,634,33114,-66,/dev/serial/by-path/pci-0000:05:00.3-usb-0:2.1.3:1.0-port0
1790754295.1792,A,632,33129,-78,/dev/serial/by-path/pci-0000:05:00.3-usb-0:2.1.1:1.0-port0
1790754295.1930,B,623,33139,-69,/dev/serial/by-path/pci-0000:05:00.3-usb-0:2.1.2:1.0-port0
1790754295.1931,C,635,33138,-65,/dev/serial/by-path/pci-0000:05:00.3-usb-0:2.1.3:1.0-port0
1790754295.2397,A,633,33190,-83,/dev/serial/by-path/pci-0000:05:00.3-usb-0:2.1.1:1.0-port0
1790754295.2601,B,624,33206,-67,/dev/serial/by-path/pci-0000:05:00.3-usb-0:2.1.2:1.0-port0
1790754295.2602,C,636,33205,-63,/dev/serial/by-path/pci-0000:05:00.3-usb-0:2.1.3:1.0-port0
1790754295.2892,C,637,33234,-66,/dev/serial/by-path/pci-0000:05:00.3-usb-0:2.1.3:1.0-port0
1790754295.2893,A,634,33239,-88,/dev/serial/by-path/pci-0000:05:00.3-usb-0:2.1.1:1.0-port0
1790754295.2953,B,625,33242,-68,/dev/serial/by-path/pci-0000:05:00.3-usb-0:2.1.2:1.0-port0
1790754295.3395,A,635,33290,-79,/dev/serial/by-path/pci-0000:05:00.3-usb-0:2.1.1:1.0-port0
1790754295.3601,B,626,33306,-69,/dev/serial/by-path/pci-0000:05:00.3-usb-0:2.1.2:1.0-port0
1790754295.3687,C,638,33314,-64,/dev/serial/by-path/pci-0000:05:00.3-usb-0:2.1.3:1.0-port0
1790754295.3786,C,639,33324,-64,/dev/serial/by-path/pci-0000:05:00.3-usb-0:2.1.3:1.0-port0
1790754295.3825,B,627,33329,-69,/dev/serial/by-path/pci-0000:05:00.3-usb-0:2.1.2:1.0-port0
1790754295.3845,A,636,33335,-82,/dev/serial/by-path/pci-0000:05:00.3-usb-0:2.1.1:1.0-port0
1790754295.4154,C,640,33360,-62,/dev/serial/by-path/pci-0000:05:00.3-usb-0:2.1.3:1.0-port0
1790754295.4189,B,628,33365,-67,/dev/serial/by-path/pci-0000:05:00.3-usb-0:2.1.2:1.0-port0
1790754295.4394,A,637,33390,-87,/dev/serial/by-path/pci-0000:05:00.3-usb-0:2.1.1:1.0-port0
1790754295.5026,B,629,33449,-69,/dev/serial/by-path/pci-0000:05:00.3-usb-0:2.1.2:1.0-port0
1790754295.5027,C,641,33448,-66,/dev/serial/by-path/pci-0000:05:00.3-usb-0:2.1.3:1.0-port0
1790754295.5400,A,638,33490,-85,/dev/serial/by-path/pci-0000:05:00.3-usb-0:2.1.1:1.0-port0
1790754295.5496,C,642,33495,-62,/dev/serial/by-path/pci-0000:05:00.3-usb-0:2.1.3:1.0-port0
1790754295.5599,B,630,33506,-68,/dev/serial/by-path/pci-0000:05:00.3-usb-0:2.1.2:1.0-port0
1790754295.5697,A,639,33520,-89,/dev/serial/by-path/pci-0000:05:00.3-usb-0:2.1.1:1.0-port0
1790754295.5980,B,631,33545,-69,/dev/serial/by-path/pci-0000:05:00.3-usb-0:2.1.2:1.0-port0
1790754295.6292,C,643,33574,-66,/dev/serial/by-path/pci-0000:05:00.3-usb-0:2.1.3:1.0-port0
1790754295.6309,A,640,33582,-78,/dev/serial/by-path/pci-0000:05:00.3-usb-0:2.1.1:1.0-port0
1790754295.6595,B,632,33606,-70,/dev/serial/by-path/pci-0000:05:00.3-usb-0:2.1.2:1.0-port0
1790754295.6788,C,644,33624,-63,/dev/serial/by-path/pci-0000:05:00.3-usb-0:2.1.3:1.0-port0
1790754295.6905,A,641,33641,-84,/dev/serial/by-path/pci-0000:05:00.3-usb-0:2.1.1:1.0-port0
1790754295.7391,A,642,33689,-90,/dev/serial/by-path/pci-0000:05:00.3-usb-0:2.1.1:1.0-port0
1790754295.7394,B,633,33685,-67,/dev/serial/by-path/pci-0000:05:00.3-usb-0:2.1.2:1.0-port0
1790754295.7396,C,645,33684,-66,/dev/serial/by-path/pci-0000:05:00.3-usb-0:2.1.3:1.0-port0
1790754295.8100,B,634,33756,-70,/dev/serial/by-path/pci-0000:05:00.3-usb-0:2.1.2:1.0-port0
1790754295.8240,C,646,33769,-64,/dev/serial/by-path/pci-0000:05:00.3-usb-0:2.1.3:1.0-port0
1790754295.8244,A,643,33774,-83,/dev/serial/by-path/pci-0000:05:00.3-usb-0:2.1.1:1.0-port0
1790754295.8399,B,635,33786,-68,/dev/serial/by-path/pci-0000:05:00.3-usb-0:2.1.2:1.0-port0
1790754295.8786,C,647,33824,-63,/dev/serial/by-path/pci-0000:05:00.3-usb-0:2.1.3:1.0-port0
1790754295.8895,B,636,33836,-67,/dev/serial/by-path/pci-0000:05:00.3-usb-0:2.1.2:1.0-port0
1790754295.8897,A,644,33840,-89,/dev/serial/by-path/pci-0000:05:00.3-usb-0:2.1.1:1.0-port0
1790754295.9111,C,648,33856,-66,/dev/serial/by-path/pci-0000:05:00.3-usb-0:2.1.3:1.0-port0
1790754295.9207,A,645,33871,-80,/dev/serial/by-path/pci-0000:05:00.3-usb-0:2.1.1:1.0-port0
1790754295.9591,B,637,33906,-70,/dev/serial/by-path/pci-0000:05:00.3-usb-0:2.1.2:1.0-port0
1790754295.9786,C,649,33924,-65,/dev/serial/by-path/pci-0000:05:00.3-usb-0:2.1.3:1.0-port0
1790754295.9903,A,646,33941,-84,/dev/serial/by-path/pci-0000:05:00.3-usb-0:2.1.1:1.0-port0
1790754296.0037,C,650,33949,-62,/dev/serial/by-path/pci-0000:05:00.3-usb-0:2.1.3:1.0-port0
1790754296.0042,B,638,33951,-69,/dev/serial/by-path/pci-0000:05:00.3-usb-0:2.1.2:1.0-port0
1790754296.0044,A,647,33955,-91,/dev/serial/by-path/pci-0000:05:00.3-usb-0:2.1.1:1.0-port0
1790754296.0559,B,639,34003,-67,/dev/serial/by-path/pci-0000:05:00.3-usb-0:2.1.2:1.0-port0
1790754296.0780,C,651,34024,-66,/dev/serial/by-path/pci-0000:05:00.3-usb-0:2.1.3:1.0-port0
1790754296.0876,A,648,34038,-78,/dev/serial/by-path/pci-0000:05:00.3-usb-0:2.1.1:1.0-port0
1790754296.0899,A,649,34039,-78,/dev/serial/by-path/pci-0000:05:00.3-usb-0:2.1.1:1.0-port0
1790754296.1099,B,640,34056,-69,/dev/serial/by-path/pci-0000:05:00.3-usb-0:2.1.2:1.0-port0
1790754296.1127,C,652,34058,-64,/dev/serial/by-path/pci-0000:05:00.3-usb-0:2.1.3:1.0-port0
1790754296.1315,B,641,34078,-68,/dev/serial/by-path/pci-0000:05:00.3-usb-0:2.1.2:1.0-port0
1790754296.1332,A,650,34083,-82,/dev/serial/by-path/pci-0000:05:00.3-usb-0:2.1.1:1.0-port0
1790754296.1786,C,653,34124,-62,/dev/serial/by-path/pci-0000:05:00.3-usb-0:2.1.3:1.0-port0
1790754296.1895,A,651,34140,-92,/dev/serial/by-path/pci-0000:05:00.3-usb-0:2.1.1:1.0-port0
1790754296.1995,B,642,34146,-67,/dev/serial/by-path/pci-0000:05:00.3-usb-0:2.1.2:1.0-port0
1790754296.2154,C,654,34160,-66,/dev/serial/by-path/pci-0000:05:00.3-usb-0:2.1.3:1.0-port0
1790754296.2159,A,652,34166,-79,/dev/serial/by-path/pci-0000:05:00.3-usb-0:2.1.1:1.0-port0
1790754296.2190,B,643,34165,-70,/dev/serial/by-path/pci-0000:05:00.3-usb-0:2.1.2:1.0-port0
1790754296.2642,C,655,34209,-64,/dev/serial/by-path/pci-0000:05:00.3-usb-0:2.1.3:1.0-port0
1790754296.2796,A,653,34230,-82,/dev/serial/by-path/pci-0000:05:00.3-usb-0:2.1.1:1.0-port0
1790754296.3066,C,656,34252,-63,/dev/serial/by-path/pci-0000:05:00.3-usb-0:2.1.3:1.0-port0
1790754296.3098,B,644,34256,-69,/dev/serial/by-path/pci-0000:05:00.3-usb-0:2.1.2:1.0-port0
1790754296.3344,A,654,34285,-89,/dev/serial/by-path/pci-0000:05:00.3-usb-0:2.1.1:1.0-port0
1790754296.3961,C,657,34341,-64,/dev/serial/by-path/pci-0000:05:00.3-usb-0:2.1.3:1.0-port0
1790754296.4100,B,645,34356,-69,/dev/serial/by-path/pci-0000:05:00.3-usb-0:2.1.2:1.0-port0
1790754296.4405,A,655,34391,-82,/dev/serial/by-path/pci-0000:05:00.3-usb-0:2.1.1:1.0-port0
1790754296.4422,B,646,34389,-68,/dev/serial/by-path/pci-0000:05:00.3-usb-0:2.1.2:1.0-port0
1790754296.4424,C,658,34388,-83,/dev/serial/by-path/pci-0000:05:00.3-usb-0:2.1.3:1.0-port0
1790754296.4848,A,656,34435,-92,/dev/serial/by-path/pci-0000:05:00.3-usb-0:2.1.1:1.0-port0
1790754296.5287,C,659,34474,-66,/dev/serial/by-path/pci-0000:05:00.3-usb-0:2.1.3:1.0-port0
1790754296.5388,A,657,34489,-79,/dev/serial/by-path/pci-0000:05:00.3-usb-0:2.1.1:1.0-port0
1790754296.5459,B,647,34492,-70,/dev/serial/by-path/pci-0000:05:00.3-usb-0:2.1.2:1.0-port0
1790754296.5711,B,648,34517,-68,/dev/serial/by-path/pci-0000:05:00.3-usb-0:2.1.2:1.0-port0
1790754296.5788,C,660,34524,-64,/dev/serial/by-path/pci-0000:05:00.3-usb-0:2.1.3:1.0-port0
1790754296.5895,A,658,34540,-82,/dev/serial/by-path/pci-0000:05:00.3-usb-0:2.1.1:1.0-port0
1790754296.6288,C,661,34574,-62,/dev/serial/by-path/pci-0000:05:00.3-usb-0:2.1.3:1.0-port0
1790754296.6391,A,659,34590,-92,/dev/serial/by-path/pci-0000:05:00.3-usb-0:2.1.1:1.0-port0
1790754296.6417,B,649,34588,-67,/dev/serial/by-path/pci-0000:05:00.3-usb-0:2.1.2:1.0-port0
1790754296.7105,B,650,34657,-70,/dev/serial/by-path/pci-0000:05:00.3-usb-0:2.1.2:1.0-port0
1790754296.7291,C,662,34674,-64,/dev/serial/by-path/pci-0000:05:00.3-usb-0:2.1.3:1.0-port0
1790754296.7397,A,660,34690,-84,/dev/serial/by-path/pci-0000:05:00.3-usb-0:2.1.1:1.0-port0
1790754296.7452,C,663,34690,-62,/dev/serial/by-path/pci-0000:05:00.3-usb-0:2.1.3:1.0-port0
1790754296.7455,B,651,34692,-68,/dev/serial/by-path/pci-0000:05:00.3-usb-0:2.1.2:1.0-port0
1790754296.7867,A,661,34737,-90,/dev/serial/by-path/pci-0000:05:00.3-usb-0:2.1.1:1.0-port0
1790754296.7870,C,664,34732,-65,/dev/serial/by-path/pci-0000:05:00.3-usb-0:2.1.3:1.0-port0
1790754296.8099,B,652,34756,-67,/dev/serial/by-path/pci-0000:05:00.3-usb-0:2.1.2:1.0-port0
1790754296.8295,C,665,34774,-66,/dev/serial/by-path/pci-0000:05:00.3-usb-0:2.1.3:1.0-port0
1790754296.8336,A,662,34784,-78,/dev/serial/by-path/pci-0000:05:00.3-usb-0:2.1.1:1.0-port0
1790754296.8337,B,653,34780,-70,/dev/serial/by-path/pci-0000:05:00.3-usb-0:2.1.2:1.0-port0
1790754296.8783,A,663,34828,-81,/dev/serial/by-path/pci-0000:05:00.3-usb-0:2.1.1:1.0-port0
1790754296.8786,B,654,34825,-69,/dev/serial/by-path/pci-0000:05:00.3-usb-0:2.1.2:1.0-port0
1790754296.8788,C,666,34824,-65,/dev/serial/by-path/pci-0000:05:00.3-usb-0:2.1.3:1.0-port0
1790754296.9223,B,655,34869,-67,/dev/serial/by-path/pci-0000:05:00.3-usb-0:2.1.2:1.0-port0
1790754296.9237,A,664,34874,-90,/dev/serial/by-path/pci-0000:05:00.3-usb-0:2.1.1:1.0-port0
1790754296.9239,C,667,34869,-63,/dev/serial/by-path/pci-0000:05:00.3-usb-0:2.1.3:1.0-port0
1790754296.9724,C,668,34917,-66,/dev/serial/by-path/pci-0000:05:00.3-usb-0:2.1.3:1.0-port0
1790754296.9727,A,665,34923,-81,/dev/serial/by-path/pci-0000:05:00.3-usb-0:2.1.1:1.0-port0
1790754296.9730,B,656,34919,-69,/dev/serial/by-path/pci-0000:05:00.3-usb-0:2.1.2:1.0-port0
1790754297.0212,B,657,34968,-67,/dev/serial/by-path/pci-0000:05:00.3-usb-0:2.1.2:1.0-port0
1790754297.0287,C,669,34974,-65,/dev/serial/by-path/pci-0000:05:00.3-usb-0:2.1.3:1.0-port0
1790754297.0398,A,666,34990,-86,/dev/serial/by-path/pci-0000:05:00.3-usb-0:2.1.1:1.0-port0
1790754297.0711,A,667,35021,-89,/dev/serial/by-path/pci-0000:05:00.3-usb-0:2.1.1:1.0-port0
1790754297.0712,B,658,35018,-67,/dev/serial/by-path/pci-0000:05:00.3-usb-0:2.1.2:1.0-port0
1790754297.0783,C,670,35024,-62,/dev/serial/by-path/pci-0000:05:00.3-usb-0:2.1.3:1.0-port0
1790754297.1187,A,668,35069,-80,/dev/serial/by-path/pci-0000:05:00.3-usb-0:2.1.1:1.0-port0
1790754297.1600,B,659,35106,-70,/dev/serial/by-path/pci-0000:05:00.3-usb-0:2.1.2:1.0-port0
1790754297.1672,B,660,35114,-69,/dev/serial/by-path/pci-0000:05:00.3-usb-0:2.1.2:1.0-port0
1790754297.1687,C,671,35114,-65,/dev/serial/by-path/pci-0000:05:00.3-usb-0:2.1.3:1.0-port0
1790754297.1689,A,669,35119,-83,/dev/serial/by-path/pci-0000:05:00.3-usb-0:2.1.1:1.0-port0
1790754297.2199,C,672,35165,-63,/dev/serial/by-path/pci-0000:05:00.3-usb-0:2.1.3:1.0-port0
1790754297.2202,B,661,35167,-67,/dev/serial/by-path/pci-0000:05:00.3-usb-0:2.1.2:1.0-port0
1790754297.2401,A,670,35190,-88,/dev/serial/by-path/pci-0000:05:00.3-usb-0:2.1.1:1.0-port0
1790754297.2788,C,673,35224,-66,/dev/serial/by-path/pci-0000:05:00.3-usb-0:2.1.3:1.0-port0
1790754297.2897,A,671,35240,-78,/dev/serial/by-path/pci-0000:05:00.3-usb-0:2.1.1:1.0-port0
1790754297.3291,C,674,35274,-64,/dev/serial/by-path/pci-0000:05:00.3-usb-0:2.1.3:1.0-port0
1790754297.3397,A,672,35290,-82,/dev/serial/by-path/pci-0000:05:00.3-usb-0:2.1.1:1.0-port0
1790754297.3515,C,675,35297,-62,/dev/serial/by-path/pci-0000:05:00.3-usb-0:2.1.3:1.0-port0
1790754297.3601,B,662,35306,-68,/dev/serial/by-path/pci-0000:05:00.3-usb-0:2.1.2:1.0-port0
1790754297.3816,A,673,35331,-87,/dev/serial/by-path/pci-0000:05:00.3-usb-0:2.1.1:1.0-port0
1790754297.4105,B,663,35357,-68,/dev/serial/by-path/pci-0000:05:00.3-usb-0:2.1.2:1.0-port0
1790754297.4109,C,676,35356,-66,/dev/serial/by-path/pci-0000:05:00.3-usb-0:2.1.3:1.0-port0
1790754297.4396,A,674,35390,-78,/dev/serial/by-path/pci-0000:05:00.3-usb-0:2.1.1:1.0-port0
1790754297.4424,C,677,35387,-64,/dev/serial/by-path/pci-0000:05:00.3-usb-0:2.1.3:1.0-port0
1790754297.4600,B,664,35406,-69,/dev/serial/by-path/pci-0000:05:00.3-usb-0:2.1.2:1.0-port0
1790754297.4901,A,675,35440,-85,/dev/serial/by-path/pci-0000:05:00.3-usb-0:2.1.1:1.0-port0
1790754297.5035,C,678,35449,-63,/dev/serial/by-path/pci-0000:05:00.3-usb-0:2.1.3:1.0-port0
1790754297.5099,B,665,35456,-68,/dev/serial/by-path/pci-0000:05:00.3-usb-0:2.1.2:1.0-port0
1790754297.5307,B,666,35477,-67,/dev/serial/by-path/pci-0000:05:00.3-usb-0:2.1.2:1.0-port0
1790754297.5398,A,676,35490,-87,/dev/serial/by-path/pci-0000:05:00.3-usb-0:2.1.1:1.0-port0
1790754297.5878,B,667,35534,-69,/dev/serial/by-path/pci-0000:05:00.3-usb-0:2.1.2:1.0-port0
1790754297.6229,A,677,35573,-82,/dev/serial/by-path/pci-0000:05:00.3-usb-0:2.1.1:1.0-port0
1790754297.6233,C,679,35568,-65,/dev/serial/by-path/pci-0000:05:00.3-usb-0:2.1.3:1.0-port0
1790754297.6384,B,668,35585,-68,/dev/serial/by-path/pci-0000:05:00.3-usb-0:2.1.2:1.0-port0
1790754297.6652,C,680,35610,-63,/dev/serial/by-path/pci-0000:05:00.3-usb-0:2.1.3:1.0-port0
1790754297.6658,B,669,35613,-67,/dev/serial/by-path/pci-0000:05:00.3-usb-0:2.1.2:1.0-port0
1790754297.6901,A,678,35640,-86,/dev/serial/by-path/pci-0000:05:00.3-usb-0:2.1.1:1.0-port0
1790754297.7118,A,679,35662,-81,/dev/serial/by-path/pci-0000:05:00.3-usb-0:2.1.1:1.0-port0
1790754297.7252,C,681,35670,-66,/dev/serial/by-path/pci-0000:05:00.3-usb-0:2.1.3:1.0-port0
1790754297.7525,B,670,35699,-70,/dev/serial/by-path/pci-0000:05:00.3-usb-0:2.1.2:1.0-port0
1790754297.7677,C,682,35713,-64,/dev/serial/by-path/pci-0000:05:00.3-usb-0:2.1.3:1.0-port0
1790754297.7894,A,680,35740,-85,/dev/serial/by-path/pci-0000:05:00.3-usb-0:2.1.1:1.0-port0
1790754297.8473,B,671,35794,-67,/dev/serial/by-path/pci-0000:05:00.3-usb-0:2.1.2:1.0-port0
1790754297.8476,C,683,35792,-65,/dev/serial/by-path/pci-0000:05:00.3-usb-0:2.1.3:1.0-port0
1790754297.8876,A,681,35838,-79,/dev/serial/by-path/pci-0000:05:00.3-usb-0:2.1.1:1.0-port0
1790754297.8893,A,682,35839,-80,/dev/serial/by-path/pci-0000:05:00.3-usb-0:2.1.1:1.0-port0
1790754297.9052,C,684,35850,-65,/dev/serial/by-path/pci-0000:05:00.3-usb-0:2.1.3:1.0-port0
1790754297.9053,B,672,35852,-71,/dev/serial/by-path/pci-0000:05:00.3-usb-0:2.1.2:1.0-port0
1790754297.9393,A,683,35890,-86,/dev/serial/by-path/pci-0000:05:00.3-usb-0:2.1.1:1.0-port0
1790754297.9408,B,673,35887,-68,/dev/serial/by-path/pci-0000:05:00.3-usb-0:2.1.2:1.0-port0
1790754297.9411,C,685,35887,-63,/dev/serial/by-path/pci-0000:05:00.3-usb-0:2.1.3:1.0-port0
1790754297.9860,B,674,35932,-67,/dev/serial/by-path/pci-0000:05:00.3-usb-0:2.1.2:1.0-port0
1790754297.9901,A,684,35940,-87,/dev/serial/by-path/pci-0000:05:00.3-usb-0:2.1.1:1.0-port0
1790754297.9927,C,686,35938,-66,/dev/serial/by-path/pci-0000:05:00.3-usb-0:2.1.3:1.0-port0
1790754298.0402,A,685,35990,-78,/dev/serial/by-path/pci-0000:05:00.3-usb-0:2.1.1:1.0-port0
1790754298.0600,B,675,36006,-70,/dev/serial/by-path/pci-0000:05:00.3-usb-0:2.1.2:1.0-port0
1790754298.0782,C,687,36024,-64,/dev/serial/by-path/pci-0000:05:00.3-usb-0:2.1.3:1.0-port0
1790754298.0814,B,676,36029,-67,/dev/serial/by-path/pci-0000:05:00.3-usb-0:2.1.2:1.0-port0
1790754298.0821,C,688,36027,-62,/dev/serial/by-path/pci-0000:05:00.3-usb-0:2.1.3:1.0-port0
1790754298.0900,A,686,36040,-83,/dev/serial/by-path/pci-0000:05:00.3-usb-0:2.1.1:1.0-port0
1790754298.1300,A,687,36080,-87,/dev/serial/by-path/pci-0000:05:00.3-usb-0:2.1.1:1.0-port0
1790754298.1368,B,677,36083,-67,/dev/serial/by-path/pci-0000:05:00.3-usb-0:2.1.2:1.0-port0
1790754298.1716,C,689,36117,-66,/dev/serial/by-path/pci-0000:05:00.3-usb-0:2.1.3:1.0-port0
1790754298.1898,A,688,36140,-79,/dev/serial/by-path/pci-0000:05:00.3-usb-0:2.1.1:1.0-port0
1790754298.2035,B,678,36150,-70,/dev/serial/by-path/pci-0000:05:00.3-usb-0:2.1.2:1.0-port0
1790754298.2165,B,679,36163,-67,/dev/serial/by-path/pci-0000:05:00.3-usb-0:2.1.2:1.0-port0
1790754298.2188,A,689,36169,-84,/dev/serial/by-path/pci-0000:05:00.3-usb-0:2.1.1:1.0-port0
1790754298.2205,C,690,36165,-63,/dev/serial/by-path/pci-0000:05:00.3-usb-0:2.1.3:1.0-port0
1790754298.2574,A,690,36208,-86,/dev/serial/by-path/pci-0000:05:00.3-usb-0:2.1.1:1.0-port0
1790754298.2574,B,680,36204,-68,/dev/serial/by-path/pci-0000:05:00.3-usb-0:2.1.2:1.0-port0
1790754298.2619,C,691,36207,-63,/dev/serial/by-path/pci-0000:05:00.3-usb-0:2.1.3:1.0-port0
1790754298.3099,B,681,36256,-67,/dev/serial/by-path/pci-0000:05:00.3-usb-0:2.1.2:1.0-port0
1790754298.3286,C,692,36274,-65,/dev/serial/by-path/pci-0000:05:00.3-usb-0:2.1.3:1.0-port0
1790754298.3309,A,691,36281,-80,/dev/serial/by-path/pci-0000:05:00.3-usb-0:2.1.1:1.0-port0
1790754298.3469,B,682,36293,-70,/dev/serial/by-path/pci-0000:05:00.3-usb-0:2.1.2:1.0-port0
1790754298.3472,C,693,36292,-64,/dev/serial/by-path/pci-0000:05:00.3-usb-0:2.1.3:1.0-port0
1790754298.3895,A,692,36340,-83,/dev/serial/by-path/pci-0000:05:00.3-usb-0:2.1.1:1.0-port0
1790754298.3935,B,683,36340,-68,/dev/serial/by-path/pci-0000:05:00.3-usb-0:2.1.2:1.0-port0
1790754298.3960,C,694,36341,-63,/dev/serial/by-path/pci-0000:05:00.3-usb-0:2.1.3:1.0-port0
1790754298.4331,A,693,36383,-86,/dev/serial/by-path/pci-0000:05:00.3-usb-0:2.1.1:1.0-port0
1790754298.4345,C,695,36380,-65,/dev/serial/by-path/pci-0000:05:00.3-usb-0:2.1.3:1.0-port0
1790754298.4347,B,684,36381,-68,/dev/serial/by-path/pci-0000:05:00.3-usb-0:2.1.2:1.0-port0
1790754298.4753,C,696,36420,-65,/dev/serial/by-path/pci-0000:05:00.3-usb-0:2.1.3:1.0-port0
1790754298.4754,A,694,36425,-79,/dev/serial/by-path/pci-0000:05:00.3-usb-0:2.1.1:1.0-port0
1790754298.4896,B,685,36436,-70,/dev/serial/by-path/pci-0000:05:00.3-usb-0:2.1.2:1.0-port0
1790754298.5200,A,695,36470,-84,/dev/serial/by-path/pci-0000:05:00.3-usb-0:2.1.1:1.0-port0
1790754298.5202,B,686,36467,-67,/dev/serial/by-path/pci-0000:05:00.3-usb-0:2.1.2:1.0-port0
1790754298.5218,C,697,36467,-81,/dev/serial/by-path/pci-0000:05:00.3-usb-0:2.1.3:1.0-port0
1790754298.5756,C,698,36521,-64,/dev/serial/by-path/pci-0000:05:00.3-usb-0:2.1.3:1.0-port0
1790754298.5894,A,696,36540,-85,/dev/serial/by-path/pci-0000:05:00.3-usb-0:2.1.1:1.0-port0
1790754298.5896,B,687,36536,-67,/dev/serial/by-path/pci-0000:05:00.3-usb-0:2.1.2:1.0-port0
1790754298.6377,B,688,36584,-69,/dev/serial/by-path/pci-0000:05:00.3-usb-0:2.1.2:1.0-port0
1790754298.6787,C,699,36624,-65,/dev/serial/by-path/pci-0000:05:00.3-usb-0:2.1.3:1.0-port0
1790754298.6892,A,697,36640,-85,/dev/serial/by-path/pci-0000:05:00.3-usb-0:2.1.1:1.0-port0
1790754298.7066,C,700,36652,-62,/dev/serial/by-path/pci-0000:05:00.3-usb-0:2.1.3:1.0-port0
1790754298.7069,B,689,36653,-67,/dev/serial/by-path/pci-0000:05:00.3-usb-0:2.1.2:1.0-port0
1790754298.7378,A,698,36688,-84,/dev/serial/by-path/pci-0000:05:00.3-usb-0:2.1.1:1.0-port0
1790754298.7499,C,701,36695,-65,/dev/serial/by-path/pci-0000:05:00.3-usb-0:2.1.3:1.0-port0
1790754298.7561,A,699,36706,-79,/dev/serial/by-path/pci-0000:05:00.3-usb-0:2.1.1:1.0-port0
1790754298.7565,B,690,36702,-67,/dev/serial/by-path/pci-0000:05:00.3-usb-0:2.1.2:1.0-port0
1790754298.8065,B,691,36753,-70,/dev/serial/by-path/pci-0000:05:00.3-usb-0:2.1.2:1.0-port0
1790754298.8069,C,702,36752,-64,/dev/serial/by-path/pci-0000:05:00.3-usb-0:2.1.3:1.0-port0
1790754298.8071,A,700,36757,-80,/dev/serial/by-path/pci-0000:05:00.3-usb-0:2.1.1:1.0-port0
1790754298.8398,C,703,36785,-63,/dev/serial/by-path/pci-0000:05:00.3-usb-0:2.1.3:1.0-port0
1790754298.8401,B,692,36786,-68,/dev/serial/by-path/pci-0000:05:00.3-usb-0:2.1.2:1.0-port0
1790754298.8882,A,701,36839,-85,/dev/serial/by-path/pci-0000:05:00.3-usb-0:2.1.1:1.0-port0
1790754298.8903,C,704,36835,-65,/dev/serial/by-path/pci-0000:05:00.3-usb-0:2.1.3:1.0-port0
1790754298.9099,B,693,36856,-67,/dev/serial/by-path/pci-0000:05:00.3-usb-0:2.1.2:1.0-port0
1790754298.9401,A,702,36891,-80,/dev/serial/by-path/pci-0000:05:00.3-usb-0:2.1.1:1.0-port0
1790754298.9425,B,694,36889,-70,/dev/serial/by-path/pci-0000:05:00.3-usb-0:2.1.2:1.0-port0
1790754298.9428,C,705,36888,-64,/dev/serial/by-path/pci-0000:05:00.3-usb-0:2.1.3:1.0-port0
1790754298.9778,B,695,36924,-68,/dev/serial/by-path/pci-0000:05:00.3-usb-0:2.1.2:1.0-port0
1790754298.9798,A,703,36930,-84,/dev/serial/by-path/pci-0000:05:00.3-usb-0:2.1.1:1.0-port0
1790754299.0398,A,704,36990,-88,/dev/serial/by-path/pci-0000:05:00.3-usb-0:2.1.1:1.0-port0
1790754299.0435,B,696,36990,-66,/dev/serial/by-path/pci-0000:05:00.3-usb-0:2.1.2:1.0-port0
1790754299.0762,A,705,37026,-81,/dev/serial/by-path/pci-0000:05:00.3-usb-0:2.1.1:1.0-port0
1790754299.0765,C,706,37021,-65,/dev/serial/by-path/pci-0000:05:00.3-usb-0:2.1.3:1.0-port0
1790754299.0768,B,697,37023,-70,/dev/serial/by-path/pci-0000:05:00.3-usb-0:2.1.2:1.0-port0
1790754299.1095,B,698,37056,-69,/dev/serial/by-path/pci-0000:05:00.3-usb-0:2.1.2:1.0-port0
1790754299.1287,C,707,37074,-64,/dev/serial/by-path/pci-0000:05:00.3-usb-0:2.1.3:1.0-port0
1790754299.1401,A,706,37090,-85,/dev/serial/by-path/pci-0000:05:00.3-usb-0:2.1.1:1.0-port0
1790754299.1490,B,699,37096,-67,/dev/serial/by-path/pci-0000:05:00.3-usb-0:2.1.2:1.0-port0
1790754299.1495,C,708,37094,-63,/dev/serial/by-path/pci-0000:05:00.3-usb-0:2.1.3:1.0-port0
1790754299.1497,A,707,37100,-84,/dev/serial/by-path/pci-0000:05:00.3-usb-0:2.1.1:1.0-port0
1790754299.2098,B,700,37156,-67,/dev/serial/by-path/pci-0000:05:00.3-usb-0:2.1.2:1.0-port0
1790754299.2243,C,709,37169,-64,/dev/serial/by-path/pci-0000:05:00.3-usb-0:2.1.3:1.0-port0
1790754299.2398,A,708,37190,-80,/dev/serial/by-path/pci-0000:05:00.3-usb-0:2.1.1:1.0-port0
1790754299.2504,A,709,37201,-81,/dev/serial/by-path/pci-0000:05:00.3-usb-0:2.1.1:1.0-port0
1790754299.2505,C,710,37195,-64,/dev/serial/by-path/pci-0000:05:00.3-usb-0:2.1.3:1.0-port0
1790754299.2508,B,701,37197,-71,/dev/serial/by-path/pci-0000:05:00.3-usb-0:2.1.2:1.0-port0
1790754299.2834,B,702,37230,-67,/dev/serial/by-path/pci-0000:05:00.3-usb-0:2.1.2:1.0-port0
1790754299.2896,A,710,37240,-84,/dev/serial/by-path/pci-0000:05:00.3-usb-0:2.1.1:1.0-port0
1790754299.3188,C,711,37264,-62,/dev/serial/by-path/pci-0000:05:00.3-usb-0:2.1.3:1.0-port0
1790754299.3285,C,712,37274,-63,/dev/serial/by-path/pci-0000:05:00.3-usb-0:2.1.3:1.0-port0
1790754299.3360,B,703,37282,-68,/dev/serial/by-path/pci-0000:05:00.3-usb-0:2.1.2:1.0-port0
1790754299.3406,A,711,37291,-85,/dev/serial/by-path/pci-0000:05:00.3-usb-0:2.1.1:1.0-port0
1790754299.3792,A,712,37329,-80,/dev/serial/by-path/pci-0000:05:00.3-usb-0:2.1.1:1.0-port0
1790754299.3792,C,713,37324,-66,/dev/serial/by-path/pci-0000:05:00.3-usb-0:2.1.3:1.0-port0
1790754299.4099,B,704,37356,-70,/dev/serial/by-path/pci-0000:05:00.3-usb-0:2.1.2:1.0-port0
1790754299.4286,B,705,37375,-69,/dev/serial/by-path/pci-0000:05:00.3-usb-0:2.1.2:1.0-port0
1790754299.4287,C,714,37374,-64,/dev/serial/by-path/pci-0000:05:00.3-usb-0:2.1.3:1.0-port0
1790754299.4395,A,713,37390,-84,/dev/serial/by-path/pci-0000:05:00.3-usb-0:2.1.1:1.0-port0
1790754299.4702,C,715,37415,-63,/dev/serial/by-path/pci-0000:05:00.3-usb-0:2.1.3:1.0-port0
1790754299.4704,A,714,37420,-85,/dev/serial/by-path/pci-0000:05:00.3-usb-0:2.1.1:1.0-port0
1790754299.4905,B,706,37437,-67,/dev/serial/by-path/pci-0000:05:00.3-usb-0:2.1.2:1.0-port0
1790754299.5205,A,715,37471,-80,/dev/serial/by-path/pci-0000:05:00.3-usb-0:2.1.1:1.0-port0
1790754299.5209,C,716,37466,-66,/dev/serial/by-path/pci-0000:05:00.3-usb-0:2.1.3:1.0-port0
1790754299.5600,B,707,37506,-70,/dev/serial/by-path/pci-0000:05:00.3-usb-0:2.1.2:1.0-port0
1790754299.5660,A,716,37516,-82,/dev/serial/by-path/pci-0000:05:00.3-usb-0:2.1.1:1.0-port0
1790754299.5663,C,717,37511,-64,/dev/serial/by-path/pci-0000:05:00.3-usb-0:2.1.3:1.0-port0
1790754299.6026,B,708,37549,-68,/dev/serial/by-path/pci-0000:05:00.3-usb-0:2.1.2:1.0-port0
1790754299.6027,C,718,37548,-63,/dev/serial/by-path/pci-0000:05:00.3-usb-0:2.1.3:1.0-port0
1790754299.6102,A,717,37560,-85,/dev/serial/by-path/pci-0000:05:00.3-usb-0:2.1.1:1.0-port0
1790754299.6512,C,719,37596,-66,/dev/serial/by-path/pci-0000:05:00.3-usb-0:2.1.3:1.0-port0
1790754299.6513,A,718,37601,-79,/dev/serial/by-path/pci-0000:05:00.3-usb-0:2.1.1:1.0-port0
1790754299.6600,B,709,37606,-66,/dev/serial/by-path/pci-0000:05:00.3-usb-0:2.1.2:1.0-port0
1790754299.6934,B,710,37640,-70,/dev/serial/by-path/pci-0000:05:00.3-usb-0:2.1.2:1.0-port0
1790754299.6976,C,720,37643,-65,/dev/serial/by-path/pci-0000:05:00.3-usb-0:2.1.3:1.0-port0
1790754299.7397,A,719,37690,-82,/dev/serial/by-path/pci-0000:05:00.3-usb-0:2.1.1:1.0-port0
1790754299.7552,C,721,37700,-63,/dev/serial/by-path/pci-0000:05:00.3-usb-0:2.1.3:1.0-port0
1790754299.7556,B,711,37702,-68,/dev/serial/by-path/pci-0000:05:00.3-usb-0:2.1.2:1.0-port0
1790754299.7905,A,720,37740,-86,/dev/serial/by-path/pci-0000:05:00.3-usb-0:2.1.1:1.0-port0
1790754299.8014,B,712,37748,-68,/dev/serial/by-path/pci-0000:05:00.3-usb-0:2.1.2:1.0-port0
1790754299.8286,C,722,37774,-66,/dev/serial/by-path/pci-0000:05:00.3-usb-0:2.1.3:1.0-port0
1790754299.8551,C,723,37800,-65,/dev/serial/by-path/pci-0000:05:00.3-usb-0:2.1.3:1.0-port0
1790754299.8599,B,713,37806,-70,/dev/serial/by-path/pci-0000:05:00.3-usb-0:2.1.2:1.0-port0
1790754299.8838,B,714,37831,-67,/dev/serial/by-path/pci-0000:05:00.3-usb-0:2.1.2:1.0-port0
1790754299.8900,A,721,37840,-85,/dev/serial/by-path/pci-0000:05:00.3-usb-0:2.1.1:1.0-port0
1790754299.9062,C,724,37851,-64,/dev/serial/by-path/pci-0000:05:00.3-usb-0:2.1.3:1.0-port0
1790754299.9282,C,725,37873,-63,/dev/serial/by-path/pci-0000:05:00.3-usb-0:2.1.3:1.0-port0
1790754299.9287,B,715,37876,-67,/dev/serial/by-path/pci-0000:05:00.3-usb-0:2.1.2:1.0-port0
1790754299.9400,A,722,37890,-87,/dev/serial/by-path/pci-0000:05:00.3-usb-0:2.1.1:1.0-port0
1790754299.9742,C,726,37919,-65,/dev/serial/by-path/pci-0000:05:00.3-usb-0:2.1.3:1.0-port0
1790754299.9876,A,723,37938,-79,/dev/serial/by-path/pci-0000:05:00.3-usb-0:2.1.1:1.0-port0
1790754299.9879,B,716,37934,-70,/dev/serial/by-path/pci-0000:05:00.3-usb-0:2.1.2:1.0-port0
1790754300.0185,B,717,37965,-68,/dev/serial/by-path/pci-0000:05:00.3-usb-0:2.1.2:1.0-port0
1790754300.0203,C,727,37965,-66,/dev/serial/by-path/pci-0000:05:00.3-usb-0:2.1.3:1.0-port0
1790754300.0398,A,724,37990,-83,/dev/serial/by-path/pci-0000:05:00.3-usb-0:2.1.1:1.0-port0
1790754300.0677,C,728,38013,-65,/dev/serial/by-path/pci-0000:05:00.3-usb-0:2.1.3:1.0-port0
1790754300.0745,B,718,38021,-68,/dev/serial/by-path/pci-0000:05:00.3-usb-0:2.1.2:1.0-port0
1790754300.0900,A,725,38040,-90,/dev/serial/by-path/pci-0000:05:00.3-usb-0:2.1.1:1.0-port0
1790754300.1233,C,729,38068,-67,/dev/serial/by-path/pci-0000:05:00.3-usb-0:2.1.3:1.0-port0
1790754300.1383,B,719,38085,-70,/dev/serial/by-path/pci-0000:05:00.3-usb-0:2.1.2:1.0-port0
1790754300.1387,A,726,38089,-80,/dev/serial/by-path/pci-0000:05:00.3-usb-0:2.1.1:1.0-port0
1790754300.1578,C,730,38104,-65,/dev/serial/by-path/pci-0000:05:00.3-usb-0:2.1.3:1.0-port0
1790754300.1600,B,720,38106,-70,/dev/serial/by-path/pci-0000:05:00.3-usb-0:2.1.2:1.0-port0
1790754300.1897,A,727,38140,-83,/dev/serial/by-path/pci-0000:05:00.3-usb-0:2.1.1:1.0-port0
1790754300.2046,A,728,38155,-87,/dev/serial/by-path/pci-0000:05:00.3-usb-0:2.1.1:1.0-port0
1790754300.2049,C,731,38150,-63,/dev/serial/by-path/pci-0000:05:00.3-usb-0:2.1.3:1.0-port0
1790754300.2099,B,721,38156,-67,/dev/serial/by-path/pci-0000:05:00.3-usb-0:2.1.2:1.0-port0
1790754300.2518,B,722,38198,-67,/dev/serial/by-path/pci-0000:05:00.3-usb-0:2.1.2:1.0-port0
1790754300.2725,C,732,38217,-66,/dev/serial/by-path/pci-0000:05:00.3-usb-0:2.1.3:1.0-port0
1790754300.2898,A,729,38240,-79,/dev/serial/by-path/pci-0000:05:00.3-usb-0:2.1.1:1.0-port0
1790754300.2996,C,733,38245,-65,/dev/serial/by-path/pci-0000:05:00.3-usb-0:2.1.3:1.0-port0
1790754300.2997,B,723,38246,-69,/dev/serial/by-path/pci-0000:05:00.3-usb-0:2.1.2:1.0-port0
1790754300.3003,A,730,38251,-82,/dev/serial/by-path/pci-0000:05:00.3-usb-0:2.1.1:1.0-port0
1790754300.3586,C,734,38304,-83,/dev/serial/by-path/pci-0000:05:00.3-usb-0:2.1.3:1.0-port0
1790754300.3605,B,724,38307,-68,/dev/serial/by-path/pci-0000:05:00.3-usb-0:2.1.2:1.0-port0
1790754300.3805,B,725,38327,-68,/dev/serial/by-path/pci-0000:05:00.3-usb-0:2.1.2:1.0-port0
1790754300.3902,A,731,38340,-85,/dev/serial/by-path/pci-0000:05:00.3-usb-0:2.1.1:1.0-port0
1790754300.4258,C,735,38371,-67,/dev/serial/by-path/pci-0000:05:00.3-usb-0:2.1.3:1.0-port0
1790754300.4262,B,726,38373,-69,/dev/serial/by-path/pci-0000:05:00.3-usb-0:2.1.2:1.0-port0
1790754300.4396,A,732,38390,-78,/dev/serial/by-path/pci-0000:05:00.3-usb-0:2.1.1:1.0-port0
1790754300.4727,B,727,38419,-68,/dev/serial/by-path/pci-0000:05:00.3-usb-0:2.1.2:1.0-port0
1790754300.4787,C,736,38424,-64,/dev/serial/by-path/pci-0000:05:00.3-usb-0:2.1.3:1.0-port0
1790754300.4901,A,733,38440,-86,/dev/serial/by-path/pci-0000:05:00.3-usb-0:2.1.1:1.0-port0
1790754300.5231,A,734,38473,-87,/dev/serial/by-path/pci-0000:05:00.3-usb-0:2.1.1:1.0-port0
1790754300.5253,C,737,38470,-63,/dev/serial/by-path/pci-0000:05:00.3-usb-0:2.1.3:1.0-port0
1790754300.5256,B,728,38472,-68,/dev/serial/by-path/pci-0000:05:00.3-usb-0:2.1.2:1.0-port0
1790754300.5712,C,738,38516,-65,/dev/serial/by-path/pci-0000:05:00.3-usb-0:2.1.3:1.0-port0
1790754300.5838,A,735,38534,-79,/dev/serial/by-path/pci-0000:05:00.3-usb-0:2.1.1:1.0-port0
1790754300.6096,B,729,38556,-70,/dev/serial/by-path/pci-0000:05:00.3-usb-0:2.1.2:1.0-port0
1790754300.6208,B,730,38568,-68,/dev/serial/by-path/pci-0000:05:00.3-usb-0:2.1.2:1.0-port0
1790754300.6210,A,736,38571,-81,/dev/serial/by-path/pci-0000:05:00.3-usb-0:2.1.1:1.0-port0
1790754300.6213,C,739,38566,-65,/dev/serial/by-path/pci-0000:05:00.3-usb-0:2.1.3:1.0-port0
1790754300.6723,C,740,38617,-63,/dev/serial/by-path/pci-0000:05:00.3-usb-0:2.1.3:1.0-port0
1790754300.6836,A,737,38634,-88,/dev/serial/by-path/pci-0000:05:00.3-usb-0:2.1.1:1.0-port0
1790754300.7069,A,738,38658,-78,/dev/serial/by-path/pci-0000:05:00.3-usb-0:2.1.1:1.0-port0
1790754300.7071,C,741,38652,-66,/dev/serial/by-path/pci-0000:05:00.3-usb-0:2.1.3:1.0-port0
1790754300.7091,B,731,38656,-67,/dev/serial/by-path/pci-0000:05:00.3-usb-0:2.1.2:1.0-port0
1790754300.7571,C,742,38703,-66,/dev/serial/by-path/pci-0000:05:00.3-usb-0:2.1.3:1.0-port0
1790754300.7598,B,732,38706,-69,/dev/serial/by-path/pci-0000:05:00.3-usb-0:2.1.2:1.0-port0
1790754300.7898,A,739,38740,-84,/dev/serial/by-path/pci-0000:05:00.3-usb-0:2.1.1:1.0-port0
1790754300.8099,B,733,38756,-67,/dev/serial/by-path/pci-0000:05:00.3-usb-0:2.1.2:1.0-port0
1790754300.8133,A,740,38763,-86,/dev/serial/by-path/pci-0000:05:00.3-usb-0:2.1.1:1.0-port0
1790754300.8134,C,743,38759,-62,/dev/serial/by-path/pci-0000:05:00.3-usb-0:2.1.3:1.0-port0
1790754300.8486,B,734,38795,-67,/dev/serial/by-path/pci-0000:05:00.3-usb-0:2.1.2:1.0-port0
1790754300.8698,C,744,38815,-66,/dev/serial/by-path/pci-0000:05:00.3-usb-0:2.1.3:1.0-port0
1790754300.8876,A,741,38837,-78,/dev/serial/by-path/pci-0000:05:00.3-usb-0:2.1.1:1.0-port0
1790754300.8917,C,745,38837,-65,/dev/serial/by-path/pci-0000:05:00.3-usb-0:2.1.3:1.0-port0
1790754300.8918,B,735,38839,-69,/dev/serial/by-path/pci-0000:05:00.3-usb-0:2.1.2:1.0-port0
1790754300.9383,C,746,38883,-63,/dev/serial/by-path/pci-0000:05:00.3-usb-0:2.1.3:1.0-port0
1790754300.9387,B,736,38885,-67,/dev/serial/by-path/pci-0000:05:00.3-usb-0:2.1.2:1.0-port0
1790754300.9405,A,742,38890,-86,/dev/serial/by-path/pci-0000:05:00.3-usb-0:2.1.1:1.0-port0
1790754300.9886,B,737,38936,-67,/dev/serial/by-path/pci-0000:05:00.3-usb-0:2.1.2:1.0-port0
1790754300.9887,A,743,38939,-87,/dev/serial/by-path/pci-0000:05:00.3-usb-0:2.1.1:1.0-port0
1790754300.9890,C,747,38935,-66,/dev/serial/by-path/pci-0000:05:00.3-usb-0:2.1.3:1.0-port0
1790754301.0301,B,738,38976,-69,/dev/serial/by-path/pci-0000:05:00.3-usb-0:2.1.2:1.0-port0
1790754301.0723,C,748,39017,-64,/dev/serial/by-path/pci-0000:05:00.3-usb-0:2.1.3:1.0-port0
1790754301.0793,B,739,39026,-68,/dev/serial/by-path/pci-0000:05:00.3-usb-0:2.1.2:1.0-port0
1790754301.0797,A,744,39030,-85,/dev/serial/by-path/pci-0000:05:00.3-usb-0:2.1.1:1.0-port0
1790754301.1186,C,749,39064,-63,/dev/serial/by-path/pci-0000:05:00.3-usb-0:2.1.3:1.0-port0
1790754301.1226,B,740,39069,-67,/dev/serial/by-path/pci-0000:05:00.3-usb-0:2.1.2:1.0-port0
1790754301.1308,A,745,39081,-86,/dev/serial/by-path/pci-0000:05:00.3-usb-0:2.1.1:1.0-port0
1790754301.1627,C,750,39109,-66,/dev/serial/by-path/pci-0000:05:00.3-usb-0:2.1.3:1.0-port0
1790754301.1905,A,746,39141,-78,/dev/serial/by-path/pci-0000:05:00.3-usb-0:2.1.1:1.0-port0
1790754301.2098,B,741,39156,-70,/dev/serial/by-path/pci-0000:05:00.3-usb-0:2.1.2:1.0-port0
1790754301.2291,C,751,39174,-65,/dev/serial/by-path/pci-0000:05:00.3-usb-0:2.1.3:1.0-port0
1790754301.2314,A,747,39182,-84,/dev/serial/by-path/pci-0000:05:00.3-usb-0:2.1.1:1.0-port0
1790754301.2599,B,742,39206,-68,/dev/serial/by-path/pci-0000:05:00.3-usb-0:2.1.2:1.0-port0
1790754301.2790,C,752,39224,-62,/dev/serial/by-path/pci-0000:05:00.3-usb-0:2.1.3:1.0-port0
1790754301.2896,A,748,39240,-89,/dev/serial/by-path/pci-0000:05:00.3-usb-0:2.1.1:1.0-port0
1790754301.3061,B,743,39253,-68,/dev/serial/by-path/pci-0000:05:00.3-usb-0:2.1.2:1.0-port0
1790754301.3126,C,753,39258,-66,/dev/serial/by-path/pci-0000:05:00.3-usb-0:2.1.3:1.0-port0
1790754301.3401,A,749,39290,-78,/dev/serial/by-path/pci-0000:05:00.3-usb-0:2.1.1:1.0-port0
1790754301.3600,B,744,39306,-69,/dev/serial/by-path/pci-0000:05:00.3-usb-0:2.1.2:1.0-port0
1790754301.3786,C,754,39324,-65,/dev/serial/by-path/pci-0000:05:00.3-usb-0:2.1.3:1.0-port0
1790754301.4022,C,755,39347,-63,/dev/serial/by-path/pci-0000:05:00.3-usb-0:2.1.3:1.0-port0
1790754301.4098,B,745,39356,-68,/dev/serial/by-path/pci-0000:05:00.3-usb-0:2.1.2:1.0-port0
1790754301.4401,A,750,39390,-86,/dev/serial/by-path/pci-0000:05:00.3-usb-0:2.1.1:1.0-port0
1790754301.4977,C,756,39443,-65,/dev/serial/by-path/pci-0000:05:00.3-usb-0:2.1.3:1.0-port0
1790754301.4983,B,746,39444,-69,/dev/serial/by-path/pci-0000:05:00.3-usb-0:2.1.2:1.0-port0
1790754301.4986,A,751,39448,-84,/dev/serial/by-path/pci-0000:05:00.3-usb-0:2.1.1:1.0-port0
1790754301.5371,B,747,39484,-68,/dev/serial/by-path/pci-0000:05:00.3-usb-0:2.1.2:1.0-port0
1790754301.5391,A,752,39489,-81,/dev/serial/by-path/pci-0000:05:00.3-usb-0:2.1.1:1.0-port0
1790754301.5498,C,757,39495,-63,/dev/serial/by-path/pci-0000:05:00.3-usb-0:2.1.3:1.0-port0
1790754301.5861,A,753,39536,-88,/dev/serial/by-path/pci-0000:05:00.3-usb-0:2.1.1:1.0-port0
1790754301.6298,B,748,39576,-70,/dev/serial/by-path/pci-0000:05:00.3-usb-0:2.1.2:1.0-port0
1790754301.6406,A,754,39591,-80,/dev/serial/by-path/pci-0000:05:00.3-usb-0:2.1.1:1.0-port0
1790754301.6748,B,749,39622,-69,/dev/serial/by-path/pci-0000:05:00.3-usb-0:2.1.2:1.0-port0
1790754301.6757,C,758,39621,-66,/dev/serial/by-path/pci-0000:05:00.3-usb-0:2.1.3:1.0-port0
1790754301.6895,A,755,39640,-84,/dev/serial/by-path/pci-0000:05:00.3-usb-0:2.1.1:1.0-port0
1790754301.7181,C,759,39663,-62,/dev/serial/by-path/pci-0000:05:00.3-usb-0:2.1.3:1.0-port0
1790754301.7294,B,750,39676,-67,/dev/serial/by-path/pci-0000:05:00.3-usb-0:2.1.2:1.0-port0
1790754301.7392,A,756,39690,-85,/dev/serial/by-path/pci-0000:05:00.3-usb-0:2.1.1:1.0-port0
1790754301.7574,B,751,39704,-66,/dev/serial/by-path/pci-0000:05:00.3-usb-0:2.1.2:1.0-port0
1790754301.7577,C,760,39702,-66,/dev/serial/by-path/pci-0000:05:00.3-usb-0:2.1.3:1.0-port0
1790754301.7594,A,757,39709,-78,/dev/serial/by-path/pci-0000:05:00.3-usb-0:2.1.1:1.0-port0
1790754301.8011,C,761,39746,-65,/dev/serial/by-path/pci-0000:05:00.3-usb-0:2.1.3:1.0-port0
1790754301.8015,A,758,39752,-85,/dev/serial/by-path/pci-0000:05:00.3-usb-0:2.1.1:1.0-port0
1790754301.8101,B,752,39756,-70,/dev/serial/by-path/pci-0000:05:00.3-usb-0:2.1.2:1.0-port0
1790754301.8498,C,762,39795,-62,/dev/serial/by-path/pci-0000:05:00.3-usb-0:2.1.3:1.0-port0
1790754301.8597,B,753,39806,-67,/dev/serial/by-path/pci-0000:05:00.3-usb-0:2.1.2:1.0-port0
1790754301.8600,A,759,39810,-84,/dev/serial/by-path/pci-0000:05:00.3-usb-0:2.1.1:1.0-port0
1790754301.9398,A,760,39890,-77,/dev/serial/by-path/pci-0000:05:00.3-usb-0:2.1.1:1.0-port0
1790754301.9600,B,754,39906,-70,/dev/serial/by-path/pci-0000:05:00.3-usb-0:2.1.2:1.0-port0
1790754301.9656,C,763,39911,-65,/dev/serial/by-path/pci-0000:05:00.3-usb-0:2.1.3:1.0-port0
1790754301.9796,B,755,39926,-67,/dev/serial/by-path/pci-0000:05:00.3-usb-0:2.1.2:1.0-port0
1790754301.9804,A,761,39931,-82,/dev/serial/by-path/pci-0000:05:00.3-usb-0:2.1.1:1.0-port0
1790754302.0287,C,764,39974,-62,/dev/serial/by-path/pci-0000:05:00.3-usb-0:2.1.3:1.0-port0
1790754302.0366,A,762,39987,-85,/dev/serial/by-path/pci-0000:05:00.3-usb-0:2.1.1:1.0-port0
1790754302.0395,B,756,39986,-67,/dev/serial/by-path/pci-0000:05:00.3-usb-0:2.1.2:1.0-port0
1790754302.0686,A,763,40018,-78,/dev/serial/by-path/pci-0000:05:00.3-usb-0:2.1.1:1.0-port0
1790754302.0688,B,757,40015,-69,/dev/serial/by-path/pci-0000:05:00.3-usb-0:2.1.2:1.0-port0
1790754302.0742,C,765,40019,-64,/dev/serial/by-path/pci-0000:05:00.3-usb-0:2.1.3:1.0-port0
1790754302.1091,B,758,40056,-69,/dev/serial/by-path/pci-0000:05:00.3-usb-0:2.1.2:1.0-port0
1790754302.1285,C,766,40074,-65,/dev/serial/by-path/pci-0000:05:00.3-usb-0:2.1.3:1.0-port0
1790754302.1395,A,764,40090,-80,/dev/serial/by-path/pci-0000:05:00.3-usb-0:2.1.1:1.0-port0
1790754302.1599,B,759,40106,-67,/dev/serial/by-path/pci-0000:05:00.3-usb-0:2.1.2:1.0-port0
1790754302.1654,C,767,40111,-63,/dev/serial/by-path/pci-0000:05:00.3-usb-0:2.1.3:1.0-port0
1790754302.1656,A,765,40116,-84,/dev/serial/by-path/pci-0000:05:00.3-usb-0:2.1.1:1.0-port0
1790754302.2067,B,760,40154,-68,/dev/serial/by-path/pci-0000:05:00.3-usb-0:2.1.2:1.0-port0
1790754302.2071,C,768,40152,-65,/dev/serial/by-path/pci-0000:05:00.3-usb-0:2.1.3:1.0-port0
1790754302.2166,A,766,40167,-81,/dev/serial/by-path/pci-0000:05:00.3-usb-0:2.1.1:1.0-port0
1790754302.2527,B,761,40199,-70,/dev/serial/by-path/pci-0000:05:00.3-usb-0:2.1.2:1.0-port0
1790754302.2785,C,769,40224,-65,/dev/serial/by-path/pci-0000:05:00.3-usb-0:2.1.3:1.0-port0
1790754302.2820,A,767,40232,-83,/dev/serial/by-path/pci-0000:05:00.3-usb-0:2.1.1:1.0-port0
1790754302.2999,B,762,40246,-67,/dev/serial/by-path/pci-0000:05:00.3-usb-0:2.1.2:1.0-port0
1790754302.3003,A,768,40250,-86,/dev/serial/by-path/pci-0000:05:00.3-usb-0:2.1.1:1.0-port0
1790754302.3007,C,770,40245,-63,/dev/serial/by-path/pci-0000:05:00.3-usb-0:2.1.3:1.0-port0
1790754302.3466,B,763,40293,-66,/dev/serial/by-path/pci-0000:05:00.3-usb-0:2.1.2:1.0-port0
1790754302.3468,C,771,40292,-67,/dev/serial/by-path/pci-0000:05:00.3-usb-0:2.1.3:1.0-port0
1790754302.3524,A,769,40302,-77,/dev/serial/by-path/pci-0000:05:00.3-usb-0:2.1.1:1.0-port0
1790754302.3893,C,772,40334,-65,/dev/serial/by-path/pci-0000:05:00.3-usb-0:2.1.3:1.0-port0
1790754302.3896,A,770,40340,-77,/dev/serial/by-path/pci-0000:05:00.3-usb-0:2.1.1:1.0-port0
1790754302.3898,B,764,40336,-71,/dev/serial/by-path/pci-0000:05:00.3-usb-0:2.1.2:1.0-port0
1790754302.4316,A,771,40382,-83,/dev/serial/by-path/pci-0000:05:00.3-usb-0:2.1.1:1.0-port0
1790754302.4454,B,765,40392,-67,/dev/serial/by-path/pci-0000:05:00.3-usb-0:2.1.2:1.0-port0
1790754302.4799,A,772,40430,-85,/dev/serial/by-path/pci-0000:05:00.3-usb-0:2.1.1:1.0-port0
1790754302.4803,B,766,40427,-64,/dev/serial/by-path/pci-0000:05:00.3-usb-0:2.1.2:1.0-port0
1790754302.5288,A,773,40479,-78,/dev/serial/by-path/pci-0000:05:00.3-usb-0:2.1.1:1.0-port0
1790754302.5291,C,773,40474,-65,/dev/serial/by-path/pci-0000:05:00.3-usb-0:2.1.3:1.0-port0
1790754302.5598,B,767,40506,-71,/dev/serial/by-path/pci-0000:05:00.3-usb-0:2.1.2:1.0-port0
1790754302.5731,B,768,40520,-68,/dev/serial/by-path/pci-0000:05:00.3-usb-0:2.1.2:1.0-port0
1790754302.5790,C,774,40524,-65,/dev/serial/by-path/pci-0000:05:00.3-usb-0:2.1.3:1.0-port0
1790754302.5836,A,774,40534,-83,/dev/serial/by-path/pci-0000:05:00.3-usb-0:2.1.1:1.0-port0
1790754302.6236,C,775,40569,-63,/dev/serial/by-path/pci-0000:05:00.3-usb-0:2.1.3:1.0-port0
1790754302.6238,A,775,40574,-87,/dev/serial/by-path/pci-0000:05:00.3-usb-0:2.1.1:1.0-port0
1790754302.6239,B,769,40571,-68,/dev/serial/by-path/pci-0000:05:00.3-usb-0:2.1.2:1.0-port0
1790754302.6773,C,776,40622,-66,/dev/serial/by-path/pci-0000:05:00.3-usb-0:2.1.3:1.0-port0
1790754302.6897,A,776,40640,-81,/dev/serial/by-path/pci-0000:05:00.3-usb-0:2.1.1:1.0-port0
1790754302.7066,B,770,40654,-68,/dev/serial/by-path/pci-0000:05:00.3-usb-0:2.1.2:1.0-port0
1790754302.7097,B,771,40654,-68,/dev/serial/by-path/pci-0000:05:00.3-usb-0:2.1.2:1.0-port0
1790754302.7100,A,777,40659,-83,/dev/serial/by-path/pci-0000:05:00.3-usb-0:2.1.1:1.0-port0
1790754302.7104,C,777,40654,-66,/dev/serial/by-path/pci-0000:05:00.3-usb-0:2.1.3:1.0-port0
1790754302.7527,C,778,40698,-63,/dev/serial/by-path/pci-0000:05:00.3-usb-0:2.1.3:1.0-port0
1790754302.7530,B,772,40700,-68,/dev/serial/by-path/pci-0000:05:00.3-usb-0:2.1.2:1.0-port0
1790754302.7898,A,778,40740,-88,/dev/serial/by-path/pci-0000:05:00.3-usb-0:2.1.1:1.0-port0
1790754302.8399,A,779,40790,-78,/dev/serial/by-path/pci-0000:05:00.3-usb-0:2.1.1:1.0-port0
1790754302.8542,C,779,40799,-65,/dev/serial/by-path/pci-0000:05:00.3-usb-0:2.1.3:1.0-port0
1790754302.8546,B,773,40801,-69,/dev/serial/by-path/pci-0000:05:00.3-usb-0:2.1.2:1.0-port0
1790754302.8549,A,780,40805,-85,/dev/serial/by-path/pci-0000:05:00.3-usb-0:2.1.1:1.0-port0
1790754302.8867,B,774,40833,-67,/dev/serial/by-path/pci-0000:05:00.3-usb-0:2.1.2:1.0-port0
1790754302.8872,C,780,40832,-63,/dev/serial/by-path/pci-0000:05:00.3-usb-0:2.1.3:1.0-port0
1790754302.9398,A,781,40890,-87,/dev/serial/by-path/pci-0000:05:00.3-usb-0:2.1.1:1.0-port0
1790754302.9525,C,781,40898,-66,/dev/serial/by-path/pci-0000:05:00.3-usb-0:2.1.3:1.0-port0
1790754302.9529,B,775,40900,-67,/dev/serial/by-path/pci-0000:05:00.3-usb-0:2.1.2:1.0-port0
1790754302.9767,C,782,40922,-65,/dev/serial/by-path/pci-0000:05:00.3-usb-0:2.1.3:1.0-port0
1790754302.9899,A,782,40940,-78,/dev/serial/by-path/pci-0000:05:00.3-usb-0:2.1.1:1.0-port0
1790754302.9903,B,776,40937,-70,/dev/serial/by-path/pci-0000:05:00.3-usb-0:2.1.2:1.0-port0
1790754303.0276,A,783,40978,-83,/dev/serial/by-path/pci-0000:05:00.3-usb-0:2.1.1:1.0-port0
1790754303.0279,C,783,40973,-64,/dev/serial/by-path/pci-0000:05:00.3-usb-0:2.1.3:1.0-port0
1790754303.0600,B,777,41006,-67,/dev/serial/by-path/pci-0000:05:00.3-usb-0:2.1.2:1.0-port0
1790754303.0748,C,784,41020,-63,/dev/serial/by-path/pci-0000:05:00.3-usb-0:2.1.3:1.0-port0
1790754303.0806,A,784,41031,-87,/dev/serial/by-path/pci-0000:05:00.3-usb-0:2.1.1:1.0-port0
1790754303.1228,B,778,41069,-69,/dev/serial/by-path/pci-0000:05:00.3-usb-0:2.1.2:1.0-port0
1790754303.1785,C,785,41124,-63,/dev/serial/by-path/pci-0000:05:00.3-usb-0:2.1.3:1.0-port0
1790754303.1806,A,785,41131,-84,/dev/serial/by-path/pci-0000:05:00.3-usb-0:2.1.1:1.0-port0
1790754303.1997,B,779,41146,-68,/dev/serial/by-path/pci-0000:05:00.3-usb-0:2.1.2:1.0-port0
1790754303.2003,C,786,41146,-63,/dev/serial/by-path/pci-0000:05:00.3-usb-0:2.1.3:1.0-port0
1790754303.2252,A,786,41175,-86,/dev/serial/by-path/pci-0000:05:00.3-usb-0:2.1.1:1.0-port0
1790754303.2904,A,787,41240,-79,/dev/serial/by-path/pci-0000:05:00.3-usb-0:2.1.1:1.0-port0
1790754303.2906,B,780,41237,-78,/dev/serial/by-path/pci-0000:05:00.3-usb-0:2.1.2:1.0-port0
1790754303.3286,C,787,41274,-66,/dev/serial/by-path/pci-0000:05:00.3-usb-0:2.1.3:1.0-port0
1790754303.3391,C,788,41284,-63,/dev/serial/by-path/pci-0000:05:00.3-usb-0:2.1.3:1.0-port0
1790754303.3586,B,781,41305,-68,/dev/serial/by-path/pci-0000:05:00.3-usb-0:2.1.2:1.0-port0
1790754303.3872,C,789,41333,-65,/dev/serial/by-path/pci-0000:05:00.3-usb-0:2.1.3:1.0-port0
1790754303.3900,A,788,41340,-85,/dev/serial/by-path/pci-0000:05:00.3-usb-0:2.1.1:1.0-port0
1790754303.3998,B,782,41346,-69,/dev/serial/by-path/pci-0000:05:00.3-usb-0:2.1.2:1.0-port0
1790754303.4435,B,783,41390,-73,/dev/serial/by-path/pci-0000:05:00.3-usb-0:2.1.2:1.0-port0
1790754303.4736,C,790,41419,-64,/dev/serial/by-path/pci-0000:05:00.3-usb-0:2.1.3:1.0-port0
1790754303.4750,A,789,41425,-80,/dev/serial/by-path/pci-0000:05:00.3-usb-0:2.1.1:1.0-port0
1790754303.4831,B,784,41429,-67,/dev/serial/by-path/pci-0000:05:00.3-usb-0:2.1.2:1.0-port0
1790754303.5168,C,791,41462,-63,/dev/serial/by-path/pci-0000:05:00.3-usb-0:2.1.3:1.0-port0
1790754303.5214,B,785,41468,-69,/dev/serial/by-path/pci-0000:05:00.3-usb-0:2.1.2:1.0-port0
1790754303.5398,A,790,41490,-83,/dev/serial/by-path/pci-0000:05:00.3-usb-0:2.1.1:1.0-port0
1790754303.5786,C,792,41524,-65,/dev/serial/by-path/pci-0000:05:00.3-usb-0:2.1.3:1.0-port0
1790754303.5897,A,791,41540,-80,/dev/serial/by-path/pci-0000:05:00.3-usb-0:2.1.1:1.0-port0
1790754303.6099,B,786,41556,-73,/dev/serial/by-path/pci-0000:05:00.3-usb-0:2.1.2:1.0-port0
1790754303.6239,B,787,41570,-67,/dev/serial/by-path/pci-0000:05:00.3-usb-0:2.1.2:1.0-port0
1790754303.6290,C,793,41574,-64,/dev/serial/by-path/pci-0000:05:00.3-usb-0:2.1.3:1.0-port0
1790754303.6401,A,792,41590,-84,/dev/serial/by-path/pci-0000:05:00.3-usb-0:2.1.1:1.0-port0
1790754303.6592,B,788,41606,-68,/dev/serial/by-path/pci-0000:05:00.3-usb-0:2.1.2:1.0-port0
1790754303.6596,C,794,41605,-63,/dev/serial/by-path/pci-0000:05:00.3-usb-0:2.1.3:1.0-port0
1790754303.6746,A,793,41625,-87,/dev/serial/by-path/pci-0000:05:00.3-usb-0:2.1.1:1.0-port0
1790754303.7084,B,789,41655,-69,/dev/serial/by-path/pci-0000:05:00.3-usb-0:2.1.2:1.0-port0
1790754303.7088,A,794,41659,-81,/dev/serial/by-path/pci-0000:05:00.3-usb-0:2.1.1:1.0-port0
1790754303.7238,C,795,41669,-66,/dev/serial/by-path/pci-0000:05:00.3-usb-0:2.1.3:1.0-port0
1790754303.7517,B,790,41698,-71,/dev/serial/by-path/pci-0000:05:00.3-usb-0:2.1.2:1.0-port0
1790754303.7612,A,795,41712,-83,/dev/serial/by-path/pci-0000:05:00.3-usb-0:2.1.1:1.0-port0
1790754303.7615,C,796,41707,-66,/dev/serial/by-path/pci-0000:05:00.3-usb-0:2.1.3:1.0-port0
1790754303.7969,C,797,41742,-64,/dev/serial/by-path/pci-0000:05:00.3-usb-0:2.1.3:1.0-port0
1790754303.8099,B,791,41756,-67,/dev/serial/by-path/pci-0000:05:00.3-usb-0:2.1.2:1.0-port0
1790754303.8251,A,796,41775,-86,/dev/serial/by-path/pci-0000:05:00.3-usb-0:2.1.1:1.0-port0
1790754303.8598,B,792,41806,-68,/dev/serial/by-path/pci-0000:05:00.3-usb-0:2.1.2:1.0-port0
1790754303.8672,C,798,41812,-65,/dev/serial/by-path/pci-0000:05:00.3-usb-0:2.1.3:1.0-port0
1790754303.8675,A,797,41818,-81,/dev/serial/by-path/pci-0000:05:00.3-usb-0:2.1.1:1.0-port0
1790754303.8882,B,793,41835,-70,/dev/serial/by-path/pci-0000:05:00.3-usb-0:2.1.2:1.0-port0
1790754303.8905,A,798,41841,-80,/dev/serial/by-path/pci-0000:05:00.3-usb-0:2.1.1:1.0-port0
1790754303.9285,C,799,41874,-64,/dev/serial/by-path/pci-0000:05:00.3-usb-0:2.1.3:1.0-port0
1790754303.9326,B,794,41879,-68,/dev/serial/by-path/pci-0000:05:00.3-usb-0:2.1.2:1.0-port0
1790754303.9399,A,799,41890,-83,/dev/serial/by-path/pci-0000:05:00.3-usb-0:2.1.1:1.0-port0
1790754303.9714,B,795,41918,-68,/dev/serial/by-path/pci-0000:05:00.3-usb-0:2.1.2:1.0-port0
1790754303.9715,A,800,41921,-88,/dev/serial/by-path/pci-0000:05:00.3-usb-0:2.1.1:1.0-port0
1790754303.9790,C,800,41924,-64,/dev/serial/by-path/pci-0000:05:00.3-usb-0:2.1.3:1.0-port0
1790754304.0161,C,801,41962,-66,/dev/serial/by-path/pci-0000:05:00.3-usb-0:2.1.3:1.0-port0
1790754304.0163,A,801,41966,-77,/dev/serial/by-path/pci-0000:05:00.3-usb-0:2.1.1:1.0-port0
1790754304.0599,B,796,42006,-72,/dev/serial/by-path/pci-0000:05:00.3-usb-0:2.1.2:1.0-port0
1790754304.0656,C,802,42011,-64,/dev/serial/by-path/pci-0000:05:00.3-usb-0:2.1.3:1.0-port0
1790754304.0780,B,797,42024,-68,/dev/serial/by-path/pci-0000:05:00.3-usb-0:2.1.2:1.0-port0
1790754304.0794,A,802,42029,-81,/dev/serial/by-path/pci-0000:05:00.3-usb-0:2.1.1:1.0-port0
1790754304.1082,C,803,42053,-63,/dev/serial/by-path/pci-0000:05:00.3-usb-0:2.1.3:1.0-port0
1790754304.1085,B,798,42055,-67,/dev/serial/by-path/pci-0000:05:00.3-usb-0:2.1.2:1.0-port0
1790754304.1090,A,803,42059,-85,/dev/serial/by-path/pci-0000:05:00.3-usb-0:2.1.1:1.0-port0
1790754304.1601,A,804,42110,-78,/dev/serial/by-path/pci-0000:05:00.3-usb-0:2.1.1:1.0-port0
1790754304.1605,B,799,42106,-69,/dev/serial/by-path/pci-0000:05:00.3-usb-0:2.1.2:1.0-port0
1790754304.1778,C,804,42124,-66,/dev/serial/by-path/pci-0000:05:00.3-usb-0:2.1.3:1.0-port0
1790754304.2055,A,805,42156,-83,/dev/serial/by-path/pci-0000:05:00.3-usb-0:2.1.1:1.0-port0
1790754304.2098,B,800,42156,-73,/dev/serial/by-path/pci-0000:05:00.3-usb-0:2.1.2:1.0-port0
1790754304.2134,C,805,42158,-64,/dev/serial/by-path/pci-0000:05:00.3-usb-0:2.1.3:1.0-port0
1790754304.2544,B,801,42202,-66,/dev/serial/by-path/pci-0000:05:00.3-usb-0:2.1.2:1.0-port0
1790754304.2761,C,806,42222,-63,/dev/serial/by-path/pci-0000:05:00.3-usb-0:2.1.3:1.0-port0
1790754304.2771,A,806,42227,-83,/dev/serial/by-path/pci-0000:05:00.3-usb-0:2.1.1:1.0-port0
1790754304.2922,B,802,42239,-67,/dev/serial/by-path/pci-0000:05:00.3-usb-0:2.1.2:1.0-port0
1790754304.2941,C,807,42239,-66,/dev/serial/by-path/pci-0000:05:00.3-usb-0:2.1.3:1.0-port0
1790754304.3352,A,807,42285,-79,/dev/serial/by-path/pci-0000:05:00.3-usb-0:2.1.1:1.0-port0
1790754304.3599,B,803,42306,-69,/dev/serial/by-path/pci-0000:05:00.3-usb-0:2.1.2:1.0-port0
1790754304.3768,C,808,42322,-64,/dev/serial/by-path/pci-0000:05:00.3-usb-0:2.1.3:1.0-port0
1790754304.3772,B,804,42324,-67,/dev/serial/by-path/pci-0000:05:00.3-usb-0:2.1.2:1.0-port0
1790754304.3793,A,808,42329,-84,/dev/serial/by-path/pci-0000:05:00.3-usb-0:2.1.1:1.0-port0
1790754304.4184,C,809,42364,-63,/dev/serial/by-path/pci-0000:05:00.3-usb-0:2.1.3:1.0-port0
1790754304.4186,A,809,42369,-84,/dev/serial/by-path/pci-0000:05:00.3-usb-0:2.1.1:1.0-port0
1790754304.4694,A,810,42419,-80,/dev/serial/by-path/pci-0000:05:00.3-usb-0:2.1.1:1.0-port0
1790754304.4696,B,805,42416,-71,/dev/serial/by-path/pci-0000:05:00.3-usb-0:2.1.2:1.0-port0
1790754304.5057,A,811,42456,-82,/dev/serial/by-path/pci-0000:05:00.3-usb-0:2.1.1:1.0-port0
1790754304.5100,B,806,42457,-69,/dev/serial/by-path/pci-0000:05:00.3-usb-0:2.1.2:1.0-port0
1790754304.5285,C,810,42474,-65,/dev/serial/by-path/pci-0000:05:00.3-usb-0:2.1.3:1.0-port0
1790754304.5553,C,811,42500,-63,/dev/serial/by-path/pci-0000:05:00.3-usb-0:2.1.3:1.0-port0
1790754304.5557,B,807,42502,-67,/dev/serial/by-path/pci-0000:05:00.3-usb-0:2.1.2:1.0-port0
1790754304.5894,A,812,42540,-86,/dev/serial/by-path/pci-0000:05:00.3-usb-0:2.1.1:1.0-port0
1790754304.5901,B,808,42537,-68,/dev/serial/by-path/pci-0000:05:00.3-usb-0:2.1.2:1.0-port0
1790754304.5904,C,812,42536,-66,/dev/serial/by-path/pci-0000:05:00.3-usb-0:2.1.3:1.0-port0
1790754304.5912,A,813,42540,-84,/dev/serial/by-path/pci-0000:05:00.3-usb-0:2.1.1:1.0-port0
1790754304.6322,A,814,42583,-78,/dev/serial/by-path/pci-0000:05:00.3-usb-0:2.1.1:1.0-port0
1790754304.6552,B,809,42602,-71,/dev/serial/by-path/pci-0000:05:00.3-usb-0:2.1.2:1.0-port0
1790754304.6553,C,813,42600,-65,/dev/serial/by-path/pci-0000:05:00.3-usb-0:2.1.3:1.0-port0
1790754304.6805,B,810,42627,-67,/dev/serial/by-path/pci-0000:05:00.3-usb-0:2.1.2:1.0-port0
1790754304.6820,A,815,42632,-85,/dev/serial/by-path/pci-0000:05:00.3-usb-0:2.1.1:1.0-port0
1790754304.7250,C,814,42670,-65,/dev/serial/by-path/pci-0000:05:00.3-usb-0:2.1.3:1.0-port0
1790754304.7398,A,816,42690,-86,/dev/serial/by-path/pci-0000:05:00.3-usb-0:2.1.1:1.0-port0
1790754304.7675,A,817,42718,-79,/dev/serial/by-path/pci-0000:05:00.3-usb-0:2.1.1:1.0-port0
1790754304.7785,C,815,42724,-66,/dev/serial/by-path/pci-0000:05:00.3-usb-0:2.1.3:1.0-port0
1790754304.8098,B,811,42756,-72,/dev/serial/by-path/pci-0000:05:00.3-usb-0:2.1.2:1.0-port0
1790754304.8172,C,816,42762,-65,/dev/serial/by-path/pci-0000:05:00.3-usb-0:2.1.3:1.0-port0
1790754304.8175,A,818,42768,-88,/dev/serial/by-path/pci-0000:05:00.3-usb-0:2.1.1:1.0-port0
1790754304.8577,C,817,42803,-64,/dev/serial/by-path/pci-0000:05:00.3-usb-0:2.1.3:1.0-port0
1790754304.8604,B,812,42807,-68,/dev/serial/by-path/pci-0000:05:00.3-usb-0:2.1.2:1.0-port0
1790754304.8897,A,819,42840,-88,/dev/serial/by-path/pci-0000:05:00.3-usb-0:2.1.1:1.0-port0
1790754304.9049,A,820,42855,-78,/dev/serial/by-path/pci-0000:05:00.3-usb-0:2.1.1:1.0-port0
1790754304.9053,B,813,42852,-67,/dev/serial/by-path/pci-0000:05:00.3-usb-0:2.1.2:1.0-port0
1790754304.9054,C,818,42850,-65,/dev/serial/by-path/pci-0000:05:00.3-usb-0:2.1.3:1.0-port0
1790754304.9595,B,814,42906,-70,/dev/serial/by-path/pci-0000:05:00.3-usb-0:2.1.2:1.0-port0
1790754304.9786,C,819,42924,-64,/dev/serial/by-path/pci-0000:05:00.3-usb-0:2.1.3:1.0-port0
1790754304.9895,A,821,42940,-84,/dev/serial/by-path/pci-0000:05:00.3-usb-0:2.1.1:1.0-port0
1790754305.0021,B,815,42949,-69,/dev/serial/by-path/pci-0000:05:00.3-usb-0:2.1.2:1.0-port0
1790754305.0073,A,822,42957,-85,/dev/serial/by-path/pci-0000:05:00.3-usb-0:2.1.1:1.0-port0
1790754305.0203,C,820,42966,-63,/dev/serial/by-path/pci-0000:05:00.3-usb-0:2.1.3:1.0-port0
1790754305.0460,B,816,42993,-69,/dev/serial/by-path/pci-0000:05:00.3-usb-0:2.1.2:1.0-port0
1790754305.0784,C,821,43024,-66,/dev/serial/by-path/pci-0000:05:00.3-usb-0:2.1.3:1.0-port0
1790754305.0895,A,823,43040,-77,/dev/serial/by-path/pci-0000:05:00.3-usb-0:2.1.1:1.0-port0
1790754305.0936,B,817,43040,-71,/dev/serial/by-path/pci-0000:05:00.3-usb-0:2.1.2:1.0-port0
1790754305.0938,C,822,43039,-64,/dev/serial/by-path/pci-0000:05:00.3-usb-0:2.1.3:1.0-port0
1790754305.1343,A,824,43084,-83,/dev/serial/by-path/pci-0000:05:00.3-usb-0:2.1.1:1.0-port0
1790754305.1398,B,818,43086,-68,/dev/serial/by-path/pci-0000:05:00.3-usb-0:2.1.2:1.0-port0
1790754305.1403,C,823,43085,-62,/dev/serial/by-path/pci-0000:05:00.3-usb-0:2.1.3:1.0-port0
1790754305.1885,C,824,43134,-66,/dev/serial/by-path/pci-0000:05:00.3-usb-0:2.1.3:1.0-port0
1790754305.1899,A,825,43140,-86,/dev/serial/by-path/pci-0000:05:00.3-usb-0:2.1.1:1.0-port0
1790754305.2073,B,819,43154,-67,/dev/serial/by-path/pci-0000:05:00.3-usb-0:2.1.2:1.0-port0
1790754305.2399,C,825,43185,-64,/dev/serial/by-path/pci-0000:05:00.3-usb-0:2.1.3:1.0-port0
1790754305.2402,A,826,43190,-78,/dev/serial/by-path/pci-0000:05:00.3-usb-0:2.1.1:1.0-port0
1790754305.2595,B,820,43206,-72,/dev/serial/by-path/pci-0000:05:00.3-usb-0:2.1.2:1.0-port0
1790754305.2885,B,821,43235,-68,/dev/serial/by-path/pci-0000:05:00.3-usb-0:2.1.2:1.0-port0
1790754305.2888,C,826,43234,-65,/dev/serial/by-path/pci-0000:05:00.3-usb-0:2.1.3:1.0-port0
1790754305.2902,A,827,43240,-84,/dev/serial/by-path/pci-0000:05:00.3-usb-0:2.1.1:1.0-port0
1790754305.3339,A,828,43284,-85,/dev/serial/by-path/pci-0000:05:00.3-usb-0:2.1.1:1.0-port0
1790754305.4097,B,822,43356,-70,/dev/serial/by-path/pci-0000:05:00.3-usb-0:2.1.2:1.0-port0
1790754305.4286,C,827,43374,-64,/dev/serial/by-path/pci-0000:05:00.3-usb-0:2.1.3:1.0-port0
1790754305.4382,A,829,43388,-84,/dev/serial/by-path/pci-0000:05:00.3-usb-0:2.1.1:1.0-port0
1790754305.4666,C,828,43412,-63,/dev/serial/by-path/pci-0000:05:00.3-usb-0:2.1.3:1.0-port0
1790754305.4898,A,830,43440,-86,/dev/serial/by-path/pci-0000:05:00.3-usb-0:2.1.1:1.0-port0
1790754305.5291,C,829,43474,-66,/dev/serial/by-path/pci-0000:05:00.3-usb-0:2.1.3:1.0-port0
1790754305.5355,B,823,43482,-71,/dev/serial/by-path/pci-0000:05:00.3-usb-0:2.1.2:1.0-port0
1790754305.5402,A,831,43491,-77,/dev/serial/by-path/pci-0000:05:00.3-usb-0:2.1.1:1.0-port0
1790754305.5621,C,830,43508,-65,/dev/serial/by-path/pci-0000:05:00.3-usb-0:2.1.3:1.0-port0
1790754305.5624,A,832,43513,-86,/dev/serial/by-path/pci-0000:05:00.3-usb-0:2.1.1:1.0-port0
1790754305.6073,C,831,43552,-64,/dev/serial/by-path/pci-0000:05:00.3-usb-0:2.1.3:1.0-port0
1790754305.6098,B,824,43556,-68,/dev/serial/by-path/pci-0000:05:00.3-usb-0:2.1.2:1.0-port0
1790754305.6376,A,833,43588,-84,/dev/serial/by-path/pci-0000:05:00.3-usb-0:2.1.1:1.0-port0
1790754305.6518,A,834,43602,-78,/dev/serial/by-path/pci-0000:05:00.3-usb-0:2.1.1:1.0-port0
1790754305.6522,C,832,43597,-65,/dev/serial/by-path/pci-0000:05:00.3-usb-0:2.1.3:1.0-port0
1790754305.6525,B,825,43598,-69,/dev/serial/by-path/pci-0000:05:00.3-usb-0:2.1.2:1.0-port0
1790754305.6976,C,833,43643,-64,/dev/serial/by-path/pci-0000:05:00.3-usb-0:2.1.3:1.0-port0
1790754305.7099,B,826,43657,-70,/dev/serial/by-path/pci-0000:05:00.3-usb-0:2.1.2:1.0-port0
1790754305.7400,A,835,43690,-80,/dev/serial/by-path/pci-0000:05:00.3-usb-0:2.1.1:1.0-port0
1790754305.7448,B,827,43691,-68,/dev/serial/by-path/pci-0000:05:00.3-usb-0:2.1.2:1.0-port0
1790754305.7455,A,836,43696,-87,/dev/serial/by-path/pci-0000:05:00.3-usb-0:2.1.1:1.0-port0
1790754305.7536,C,834,43699,-63,/dev/serial/by-path/pci-0000:05:00.3-usb-0:2.1.3:1.0-port0
1790754305.7891,A,837,43740,-88,/dev/serial/by-path/pci-0000:05:00.3-usb-0:2.1.1:1.0-port0
1790754305.8401,A,838,43790,-77,/dev/serial/by-path/pci-0000:05:00.3-usb-0:2.1.1:1.0-port0
1790754305.8406,C,835,43786,-67,/dev/serial/by-path/pci-0000:05:00.3-usb-0:2.1.3:1.0-port0
1790754305.8408,B,828,43788,-71,/dev/serial/by-path/pci-0000:05:00.3-usb-0:2.1.2:1.0-port0
1790754305.8900,A,839,43840,-87,/dev/serial/by-path/pci-0000:05:00.3-usb-0:2.1.1:1.0-port0
1790754305.9286,C,836,43874,-66,/dev/serial/by-path/pci-0000:05:00.3-usb-0:2.1.3:1.0-port0
1790754305.9396,A,840,43890,-85,/dev/serial/by-path/pci-0000:05:00.3-usb-0:2.1.1:1.0-port0
1790754305.9651,C,837,43911,-66,/dev/serial/by-path/pci-0000:05:00.3-usb-0:2.1.3:1.0-port0
1790754305.9664,B,829,43913,-73,/dev/serial/by-path/pci-0000:05:00.3-usb-0:2.1.2:1.0-port0
1790754305.9665,A,841,43917,-78,/dev/serial/by-path/pci-0000:05:00.3-usb-0:2.1.1:1.0-port0
1790754306.0286,C,838,43974,-67,/dev/serial/by-path/pci-0000:05:00.3-usb-0:2.1.3:1.0-port0
1790754306.0396,A,842,43990,-81,/dev/serial/by-path/pci-0000:05:00.3-usb-0:2.1.1:1.0-port0
1790754306.0625,A,843,44013,-87,/dev/serial/by-path/pci-0000:05:00.3-usb-0:2.1.1:1.0-port0
1790754306.0684,C,839,44014,-63,/dev/serial/by-path/pci-0000:05:00.3-usb-0:2.1.3:1.0-port0
1790754306.1075,A,844,44058,-78,/dev/serial/by-path/pci-0000:05:00.3-usb-0:2.1.1:1.0-port0
1790754306.1105,B,830,44057,-68,/dev/serial/by-path/pci-0000:05:00.3-usb-0:2.1.2:1.0-port0
1790754306.1106,C,840,44056,-67,/dev/serial/by-path/pci-0000:05:00.3-usb-0:2.1.3:1.0-port0
1790754306.1530,C,841,44098,-64,/dev/serial/by-path/pci-0000:05:00.3-usb-0:2.1.3:1.0-port0
1790754306.1533,B,831,44100,-72,/dev/serial/by-path/pci-0000:05:00.3-usb-0:2.1.2:1.0-port0
1790754306.1727,A,845,44123,-79,/dev/serial/by-path/pci-0000:05:00.3-usb-0:2.1.1:1.0-port0
1790754306.1959,B,832,44143,-68,/dev/serial/by-path/pci-0000:05:00.3-usb-0:2.1.2:1.0-port0
1790754306.2006,C,842,44146,-63,/dev/serial/by-path/pci-0000:05:00.3-usb-0:2.1.3:1.0-port0
1790754306.2151,A,846,44165,-87,/dev/serial/by-path/pci-0000:05:00.3-usb-0:2.1.1:1.0-port0
1790754306.2467,B,833,44193,-68,/dev/serial/by-path/pci-0000:05:00.3-usb-0:2.1.2:1.0-port0
1790754306.2470,C,843,44192,-66,/dev/serial/by-path/pci-0000:05:00.3-usb-0:2.1.3:1.0-port0
1790754306.2771,A,847,44228,-80,/dev/serial/by-path/pci-0000:05:00.3-usb-0:2.1.1:1.0-port0
1790754306.3098,B,834,44256,-71,/dev/serial/by-path/pci-0000:05:00.3-usb-0:2.1.2:1.0-port0
1790754306.3209,C,844,44266,-64,/dev/serial/by-path/pci-0000:05:00.3-usb-0:2.1.3:1.0-port0
1790754306.3213,A,848,44271,-85,/dev/serial/by-path/pci-0000:05:00.3-usb-0:2.1.1:1.0-port0
1790754306.3341,B,835,44281,-68,/dev/serial/by-path/pci-0000:05:00.3-usb-0:2.1.2:1.0-port0
1790754306.3400,A,849,44290,-86,/dev/serial/by-path/pci-0000:05:00.3-usb-0:2.1.1:1.0-port0
1790754306.3785,C,845,44324,-64,/dev/serial/by-path/pci-0000:05:00.3-usb-0:2.1.3:1.0-port0
1790754306.4196,B,836,44366,-72,/dev/serial/by-path/pci-0000:05:00.3-usb-0:2.1.2:1.0-port0
1790754306.4200,A,850,44370,-78,/dev/serial/by-path/pci-0000:05:00.3-usb-0:2.1.1:1.0-port0
1790754306.4201,C,846,44365,-67,/dev/serial/by-path/pci-0000:05:00.3-usb-0:2.1.3:1.0-port0
1790754306.4786,C,847,44424,-66,/dev/serial/by-path/pci-0000:05:00.3-usb-0:2.1.3:1.0-port0
1790754306.4790,A,851,44429,-84,/dev/serial/by-path/pci-0000:05:00.3-usb-0:2.1.1:1.0-port0
1790754306.5095,B,837,44456,-67,/dev/serial/by-path/pci-0000:05:00.3-usb-0:2.1.2:1.0-port0
1790754306.5245,C,848,44470,-61,/dev/serial/by-path/pci-0000:05:00.3-usb-0:2.1.3:1.0-port0
1790754306.5397,A,852,44490,-85,/dev/serial/by-path/pci-0000:05:00.3-usb-0:2.1.1:1.0-port0
1790754306.5480,B,838,44495,-67,/dev/serial/by-path/pci-0000:05:00.3-usb-0:2.1.2:1.0-port0
1790754306.5720,C,849,44517,-67,/dev/serial/by-path/pci-0000:05:00.3-usb-0:2.1.3:1.0-port0
1790754306.5818,A,853,44532,-81,/dev/serial/by-path/pci-0000:05:00.3-usb-0:2.1.1:1.0-port0
1790754306.5915,B,839,44538,-73,/dev/serial/by-path/pci-0000:05:00.3-usb-0:2.1.2:1.0-port0
1790754306.5917,C,850,44537,-64,/dev/serial/by-path/pci-0000:05:00.3-usb-0:2.1.3:1.0-port0
1790754306.6395,B,840,44586,-68,/dev/serial/by-path/pci-0000:05:00.3-usb-0:2.1.2:1.0-port0
1790754306.6477,C,851,44593,-63,/dev/serial/by-path/pci-0000:05:00.3-usb-0:2.1.3:1.0-port0
1790754306.6842,C,852,44629,-65,/dev/serial/by-path/pci-0000:05:00.3-usb-0:2.1.3:1.0-port0
1790754306.6843,B,841,44631,-68,/dev/serial/by-path/pci-0000:05:00.3-usb-0:2.1.2:1.0-port0
1790754306.6845,A,854,44635,-85,/dev/serial/by-path/pci-0000:05:00.3-usb-0:2.1.1:1.0-port0
1790754306.7321,A,855,44682,-78,/dev/serial/by-path/pci-0000:05:00.3-usb-0:2.1.1:1.0-port0
1790754306.7597,B,842,44706,-72,/dev/serial/by-path/pci-0000:05:00.3-usb-0:2.1.2:1.0-port0
1790754306.7772,B,843,44724,-67,/dev/serial/by-path/pci-0000:05:00.3-usb-0:2.1.2:1.0-port0
1790754306.7776,C,853,44724,-64,/dev/serial/by-path/pci-0000:05:00.3-usb-0:2.1.3:1.0-port0
1790754306.7804,C,854,44724,-64,/dev/serial/by-path/pci-0000:05:00.3-usb-0:2.1.3:1.0-port0
1790754306.7890,A,856,44740,-84,/dev/serial/by-path/pci-0000:05:00.3-usb-0:2.1.1:1.0-port0
1790754306.8288,C,855,44774,-62,/dev/serial/by-path/pci-0000:05:00.3-usb-0:2.1.3:1.0-port0
1790754306.8398,A,857,44790,-87,/dev/serial/by-path/pci-0000:05:00.3-usb-0:2.1.1:1.0-port0
1790754306.8603,B,844,44807,-68,/dev/serial/by-path/pci-0000:05:00.3-usb-0:2.1.2:1.0-port0
1790754306.8770,A,858,44827,-80,/dev/serial/by-path/pci-0000:05:00.3-usb-0:2.1.1:1.0-port0
1790754306.8789,C,856,44824,-67,/dev/serial/by-path/pci-0000:05:00.3-usb-0:2.1.3:1.0-port0
1790754306.9035,B,845,44850,-70,/dev/serial/by-path/pci-0000:05:00.3-usb-0:2.1.2:1.0-port0
1790754306.9202,C,857,44866,-64,/dev/serial/by-path/pci-0000:05:00.3-usb-0:2.1.3:1.0-port0
1790754306.9205,A,859,44871,-82,/dev/serial/by-path/pci-0000:05:00.3-usb-0:2.1.1:1.0-port0
1790754306.9514,B,846,44898,-67,/dev/serial/by-path/pci-0000:05:00.3-usb-0:2.1.2:1.0-port0
1790754306.9616,A,860,44912,-85,/dev/serial/by-path/pci-0000:05:00.3-usb-0:2.1.1:1.0-port0
1790754306.9618,C,858,44907,-63,/dev/serial/by-path/pci-0000:05:00.3-usb-0:2.1.3:1.0-port0
1790754306.9937,C,859,44939,-67,/dev/serial/by-path/pci-0000:05:00.3-usb-0:2.1.3:1.0-port0
1790754306.9942,B,847,44940,-69,/dev/serial/by-path/pci-0000:05:00.3-usb-0:2.1.2:1.0-port0
1790754306.9996,A,861,44950,-78,/dev/serial/by-path/pci-0000:05:00.3-usb-0:2.1.1:1.0-port0
1790754307.0601,B,848,45007,-71,/dev/serial/by-path/pci-0000:05:00.3-usb-0:2.1.2:1.0-port0
1790754307.0786,C,860,45024,-65,/dev/serial/by-path/pci-0000:05:00.3-usb-0:2.1.3:1.0-port0
1790754307.0807,B,849,45028,-68,/dev/serial/by-path/pci-0000:05:00.3-usb-0:2.1.2:1.0-port0
1790754307.0895,A,862,45040,-85,/dev/serial/by-path/pci-0000:05:00.3-usb-0:2.1.1:1.0-port0
1790754307.1232,C,861,45069,-66,/dev/serial/by-path/pci-0000:05:00.3-usb-0:2.1.3:1.0-port0
1790754307.1246,A,863,45075,-81,/dev/serial/by-path/pci-0000:05:00.3-usb-0:2.1.1:1.0-port0
1790754307.1706,A,864,45121,-75,/dev/serial/by-path/pci-0000:05:00.3-usb-0:2.1.1:1.0-port0
1790754307.1926,B,850,45139,-70,/dev/serial/by-path/pci-0000:05:00.3-usb-0:2.1.2:1.0-port0
1790754307.2286,C,862,45174,-64,/dev/serial/by-path/pci-0000:05:00.3-usb-0:2.1.3:1.0-port0
1790754307.2397,A,865,45190,-82,/dev/serial/by-path/pci-0000:05:00.3-usb-0:2.1.1:1.0-port0
1790754307.2585,B,851,45205,-69,/dev/serial/by-path/pci-0000:05:00.3-usb-0:2.1.2:1.0-port0
1790754307.2900,A,866,45240,-81,/dev/serial/by-path/pci-0000:05:00.3-usb-0:2.1.1:1.0-port0
1790754307.3080,B,852,45255,-68,/dev/serial/by-path/pci-0000:05:00.3-usb-0:2.1.2:1.0-port0
1790754307.3081,C,863,45253,-65,/dev/serial/by-path/pci-0000:05:00.3-usb-0:2.1.3:1.0-port0
1790754307.3084,A,867,45258,-79,/dev/serial/by-path/pci-0000:05:00.3-usb-0:2.1.1:1.0-port0
1790754307.3543,C,864,45299,-63,/dev/serial/by-path/pci-0000:05:00.3-usb-0:2.1.3:1.0-port0
1790754307.3598,B,853,45306,-71,/dev/serial/by-path/pci-0000:05:00.3-usb-0:2.1.2:1.0-port0
1790754307.3906,A,868,45341,-85,/dev/serial/by-path/pci-0000:05:00.3-usb-0:2.1.1:1.0-port0
1790754307.3971,B,854,45344,-68,/dev/serial/by-path/pci-0000:05:00.3-usb-0:2.1.2:1.0-port0
1790754307.4042,A,869,45354,-83,/dev/serial/by-path/pci-0000:05:00.3-usb-0:2.1.1:1.0-port0
1790754307.4046,C,865,45350,-64,/dev/serial/by-path/pci-0000:05:00.3-usb-0:2.1.3:1.0-port0
1790754307.4408,B,855,45388,-68,/dev/serial/by-path/pci-0000:05:00.3-usb-0:2.1.2:1.0-port0
1790754307.4785,C,866,45424,-66,/dev/serial/by-path/pci-0000:05:00.3-usb-0:2.1.3:1.0-port0
1790754307.4828,B,856,45429,-71,/dev/serial/by-path/pci-0000:05:00.3-usb-0:2.1.2:1.0-port0
1790754307.5131,C,867,45459,-66,/dev/serial/by-path/pci-0000:05:00.3-usb-0:2.1.3:1.0-port0
1790754307.5258,C,868,45471,-66,/dev/serial/by-path/pci-0000:05:00.3-usb-0:2.1.3:1.0-port0
1790754307.5259,A,870,45476,-81,/dev/serial/by-path/pci-0000:05:00.3-usb-0:2.1.1:1.0-port0
1790754307.5346,B,857,45481,-68,/dev/serial/by-path/pci-0000:05:00.3-usb-0:2.1.2:1.0-port0
1790754307.5690,C,869,45514,-62,/dev/serial/by-path/pci-0000:05:00.3-usb-0:2.1.3:1.0-port0
1790754307.5899,A,871,45540,-85,/dev/serial/by-path/pci-0000:05:00.3-usb-0:2.1.1:1.0-port0
1790754307.6097,B,858,45556,-67,/dev/serial/by-path/pci-0000:05:00.3-usb-0:2.1.2:1.0-port0
1790754307.6126,C,870,45558,-66,/dev/serial/by-path/pci-0000:05:00.3-usb-0:2.1.3:1.0-port0
1790754307.6128,A,872,45563,-79,/dev/serial/by-path/pci-0000:05:00.3-usb-0:2.1.1:1.0-port0
1790754307.6178,B,859,45564,-72,/dev/serial/by-path/pci-0000:05:00.3-usb-0:2.1.2:1.0-port0
1790754307.6785,C,871,45624,-66,/dev/serial/by-path/pci-0000:05:00.3-usb-0:2.1.3:1.0-port0
1790754307.6898,A,873,45640,-88,/dev/serial/by-path/pci-0000:05:00.3-usb-0:2.1.1:1.0-port0
1790754307.7027,C,872,45648,-63,/dev/serial/by-path/pci-0000:05:00.3-usb-0:2.1.3:1.0-port0
1790754307.7439,C,873,45689,-68,/dev/serial/by-path/pci-0000:05:00.3-usb-0:2.1.3:1.0-port0
1790754307.7893,A,874,45740,-81,/dev/serial/by-path/pci-0000:05:00.3-usb-0:2.1.1:1.0-port0
1790754307.7935,C,874,45739,-64,/dev/serial/by-path/pci-0000:05:00.3-usb-0:2.1.3:1.0-port0
1790754307.7938,B,860,45740,-71,/dev/serial/by-path/pci-0000:05:00.3-usb-0:2.1.2:1.0-port0
1790754307.8344,A,875,45784,-82,/dev/serial/by-path/pci-0000:05:00.3-usb-0:2.1.1:1.0-port0
1790754307.8372,B,861,45784,-68,/dev/serial/by-path/pci-0000:05:00.3-usb-0:2.1.2:1.0-port0
1790754307.8716,C,875,45818,-64,/dev/serial/by-path/pci-0000:05:00.3-usb-0:2.1.3:1.0-port0
1790754307.8738,C,876,45818,-63,/dev/serial/by-path/pci-0000:05:00.3-usb-0:2.1.3:1.0-port0
1790754307.8898,A,876,45840,-86,/dev/serial/by-path/pci-0000:05:00.3-usb-0:2.1.1:1.0-port0
1790754307.9213,A,877,45871,-77,/dev/serial/by-path/pci-0000:05:00.3-usb-0:2.1.1:1.0-port0
1790754307.9285,C,877,45874,-67,/dev/serial/by-path/pci-0000:05:00.3-usb-0:2.1.3:1.0-port0
1790754307.9371,B,862,45884,-73,/dev/serial/by-path/pci-0000:05:00.3-usb-0:2.1.2:1.0-port0
1790754307.9642,C,878,45909,-64,/dev/serial/by-path/pci-0000:05:00.3-usb-0:2.1.3:1.0-port0
1790754307.9841,A,878,45934,-87,/dev/serial/by-path/pci-0000:05:00.3-usb-0:2.1.1:1.0-port0
1790754308.0107,C,879,45956,-108,/dev/serial/by-path/pci-0000:05:00.3-usb-0:2.1.3:1.0-port0
1790754308.0110,A,879,45961,-82,/dev/serial/by-path/pci-0000:05:00.3-usb-0:2.1.1:1.0-port0
1790754308.1004,B,863,46047,-71,/dev/serial/by-path/pci-0000:05:00.3-usb-0:2.1.2:1.0-port0
1790754308.1284,C,880,46074,-64,/dev/serial/by-path/pci-0000:05:00.3-usb-0:2.1.3:1.0-port0
1790754308.1395,A,880,46090,-87,/dev/serial/by-path/pci-0000:05:00.3-usb-0:2.1.1:1.0-port0
1790754308.1522,B,864,46099,-68,/dev/serial/by-path/pci-0000:05:00.3-usb-0:2.1.2:1.0-port0
1790754308.1523,C,881,46097,-65,/dev/serial/by-path/pci-0000:05:00.3-usb-0:2.1.3:1.0-port0
1790754308.1529,A,881,46103,-82,/dev/serial/by-path/pci-0000:05:00.3-usb-0:2.1.1:1.0-port0
1790754308.1900,A,882,46140,-84,/dev/serial/by-path/pci-0000:05:00.3-usb-0:2.1.1:1.0-port0
1790754308.2097,B,865,46156,-67,/dev/serial/by-path/pci-0000:05:00.3-usb-0:2.1.2:1.0-port0
1790754308.2278,C,882,46174,-65,/dev/serial/by-path/pci-0000:05:00.3-usb-0:2.1.3:1.0-port0
1790754308.2346,B,866,46181,-71,/dev/serial/by-path/pci-0000:05:00.3-usb-0:2.1.2:1.0-port0
1790754308.2456,C,883,46191,-64,/dev/serial/by-path/pci-0000:05:00.3-usb-0:2.1.3:1.0-port0
1790754308.2786,B,867,46226,-67,/dev/serial/by-path/pci-0000:05:00.3-usb-0:2.1.2:1.0-port0
1790754308.2807,A,883,46231,-82,/dev/serial/by-path/pci-0000:05:00.3-usb-0:2.1.1:1.0-port0
1790754308.3257,C,884,46271,-62,/dev/serial/by-path/pci-0000:05:00.3-usb-0:2.1.3:1.0-port0
1790754308.3400,A,884,46290,-81,/dev/serial/by-path/pci-0000:05:00.3-usb-0:2.1.1:1.0-port0
1790754308.3728,C,885,46318,-62,/dev/serial/by-path/pci-0000:05:00.3-usb-0:2.1.3:1.0-port0
1790754308.3732,B,868,46320,-70,/dev/serial/by-path/pci-0000:05:00.3-usb-0:2.1.2:1.0-port0
1790754308.3904,A,885,46341,-79,/dev/serial/by-path/pci-0000:05:00.3-usb-0:2.1.1:1.0-port0
1790754308.4285,C,886,46374,-63,/dev/serial/by-path/pci-0000:05:00.3-usb-0:2.1.3:1.0-port0
1790754308.4404,A,886,46390,-84,/dev/serial/by-path/pci-0000:05:00.3-usb-0:2.1.1:1.0-port0
1790754308.4466,B,869,46393,-68,/dev/serial/by-path/pci-0000:05:00.3-usb-0:2.1.2:1.0-port0
1790754308.4578,A,887,46408,-81,/dev/serial/by-path/pci-0000:05:00.3-usb-0:2.1.1:1.0-port0
1790754308.4581,B,870,46405,-67,/dev/serial/by-path/pci-0000:05:00.3-usb-0:2.1.2:1.0-port0
1790754308.4666,C,887,46412,-62,/dev/serial/by-path/pci-0000:05:00.3-usb-0:2.1.3:1.0-port0
1790754308.4961,B,871,46443,-68,/dev/serial/by-path/pci-0000:05:00.3-usb-0:2.1.2:1.0-port0
1790754308.4978,C,888,46443,-64,/dev/serial/by-path/pci-0000:05:00.3-usb-0:2.1.3:1.0-port0
1790754308.5273,A,888,46477,-78,/dev/serial/by-path/pci-0000:05:00.3-usb-0:2.1.1:1.0-port0
1790754308.5447,C,889,46490,-62,/dev/serial/by-path/pci-0000:05:00.3-usb-0:2.1.3:1.0-port0
1790754308.5449,A,889,46495,-83,/dev/serial/by-path/pci-0000:05:00.3-usb-0:2.1.1:1.0-port0
1790754308.5597,B,872,46506,-73,/dev/serial/by-path/pci-0000:05:00.3-usb-0:2.1.2:1.0-port0
1790754308.5896,B,873,46536,-67,/dev/serial/by-path/pci-0000:05:00.3-usb-0:2.1.2:1.0-port0
1790754308.6055,C,890,46551,-64,/dev/serial/by-path/pci-0000:05:00.3-usb-0:2.1.3:1.0-port0
1790754308.6349,A,890,46585,-83,/dev/serial/by-path/pci-0000:05:00.3-usb-0:2.1.1:1.0-port0
1790754308.6785,C,891,46624,-67,/dev/serial/by-path/pci-0000:05:00.3-usb-0:2.1.3:1.0-port0
1790754308.6831,A,891,46633,-78,/dev/serial/by-path/pci-0000:05:00.3-usb-0:2.1.1:1.0-port0
1790754308.6834,B,874,46630,-71,/dev/serial/by-path/pci-0000:05:00.3-usb-0:2.1.2:1.0-port0
1790754308.7245,C,892,46670,-63,/dev/serial/by-path/pci-0000:05:00.3-usb-0:2.1.3:1.0-port0
1790754308.7287,C,893,46674,-63,/dev/serial/by-path/pci-0000:05:00.3-usb-0:2.1.3:1.0-port0
1790754308.7397,A,892,46690,-86,/dev/serial/by-path/pci-0000:05:00.3-usb-0:2.1.1:1.0-port0
1790754308.7597,B,875,46706,-67,/dev/serial/by-path/pci-0000:05:00.3-usb-0:2.1.2:1.0-port0
1790754308.7726,A,893,46723,-81,/dev/serial/by-path/pci-0000:05:00.3-usb-0:2.1.1:1.0-port0
1790754308.7730,C,894,46718,-65,/dev/serial/by-path/pci-0000:05:00.3-usb-0:2.1.3:1.0-port0
1790754308.8150,A,894,46766,-78,/dev/serial/by-path/pci-0000:05:00.3-usb-0:2.1.1:1.0-port0
1790754308.8172,C,895,46763,-65,/dev/serial/by-path/pci-0000:05:00.3-usb-0:2.1.3:1.0-port0
1790754308.8189,B,876,46765,-70,/dev/serial/by-path/pci-0000:05:00.3-usb-0:2.1.2:1.0-port0
1790754308.8598,B,877,46806,-70,/dev/serial/by-path/pci-0000:05:00.3-usb-0:2.1.2:1.0-port0
1790754308.8786,C,896,46824,-63,/dev/serial/by-path/pci-0000:05:00.3-usb-0:2.1.3:1.0-port0
1790754308.8891,A,895,46839,-82,/dev/serial/by-path/pci-0000:05:00.3-usb-0:2.1.1:1.0-port0
1790754308.9016,B,878,46848,-68,/dev/serial/by-path/pci-0000:05:00.3-usb-0:2.1.2:1.0-port0
1790754308.9082,A,896,46858,-82,/dev/serial/by-path/pci-0000:05:00.3-usb-0:2.1.1:1.0-port0
1790754308.9084,C,897,46853,-64,/dev/serial/by-path/pci-0000:05:00.3-usb-0:2.1.3:1.0-port0
1790754308.9786,C,898,46924,-67,/dev/serial/by-path/pci-0000:05:00.3-usb-0:2.1.3:1.0-port0
1790754308.9876,A,897,46937,-77,/dev/serial/by-path/pci-0000:05:00.3-usb-0:2.1.1:1.0-port0
1790754308.9994,C,899,46945,-63,/dev/serial/by-path/pci-0000:05:00.3-usb-0:2.1.3:1.0-port0
1790754308.9997,B,879,46946,-70,/dev/serial/by-path/pci-0000:05:00.3-usb-0:2.1.2:1.0-port0
1790754309.0387,C,900,46984,-64,/dev/serial/by-path/pci-0000:05:00.3-usb-0:2.1.3:1.0-port0
1790754309.0388,B,880,46986,-67,/dev/serial/by-path/pci-0000:05:00.3-usb-0:2.1.2:1.0-port0
1790754309.0398,A,898,46991,-85,/dev/serial/by-path/pci-0000:05:00.3-usb-0:2.1.1:1.0-port0
1790754309.0422,A,899,46991,-85,/dev/serial/by-path/pci-0000:05:00.3-usb-0:2.1.1:1.0-port0
1790754309.0898,A,900,47040,-88,/dev/serial/by-path/pci-0000:05:00.3-usb-0:2.1.1:1.0-port0
1790754309.1336,A,901,47084,-78,/dev/serial/by-path/pci-0000:05:00.3-usb-0:2.1.1:1.0-port0
1790754309.1597,B,881,47106,-70,/dev/serial/by-path/pci-0000:05:00.3-usb-0:2.1.2:1.0-port0
1790754309.1675,C,901,47113,-64,/dev/serial/by-path/pci-0000:05:00.3-usb-0:2.1.3:1.0-port0
1790754309.1841,A,902,47134,-84,/dev/serial/by-path/pci-0000:05:00.3-usb-0:2.1.1:1.0-port0
1790754309.1849,B,882,47132,-68,/dev/serial/by-path/pci-0000:05:00.3-usb-0:2.1.2:1.0-port0
1790754309.1992,C,902,47144,-65,/dev/serial/by-path/pci-0000:05:00.3-usb-0:2.1.3:1.0-port0
1790754309.2243,A,903,47174,-85,/dev/serial/by-path/pci-0000:05:00.3-usb-0:2.1.1:1.0-port0
1790754309.2283,C,903,47174,-64,/dev/serial/by-path/pci-0000:05:00.3-usb-0:2.1.3:1.0-port0
1790754309.2598,B,883,47206,-67,/dev/serial/by-path/pci-0000:05:00.3-usb-0:2.1.2:1.0-port0
1790754309.3083,B,884,47255,-70,/dev/serial/by-path/pci-0000:05:00.3-usb-0:2.1.2:1.0-port0
1790754309.3143,C,904,47260,-63,/dev/serial/by-path/pci-0000:05:00.3-usb-0:2.1.3:1.0-port0
1790754309.3394,A,904,47290,-82,/dev/serial/by-path/pci-0000:05:00.3-usb-0:2.1.1:1.0-port0
1790754309.3519,B,885,47299,-68,/dev/serial/by-path/pci-0000:05:00.3-usb-0:2.1.2:1.0-port0
1790754309.3527,A,905,47303,-84,/dev/serial/by-path/pci-0000:05:00.3-usb-0:2.1.1:1.0-port0
1790754309.3590,C,905,47304,-66,/dev/serial/by-path/pci-0000:05:00.3-usb-0:2.1.3:1.0-port0
1790754309.3982,B,886,47345,-67,/dev/serial/by-path/pci-0000:05:00.3-usb-0:2.1.2:1.0-port0
1790754309.4127,C,906,47358,-66,/dev/serial/by-path/pci-0000:05:00.3-usb-0:2.1.3:1.0-port0
1790754309.4129,A,906,47363,-80,/dev/serial/by-path/pci-0000:05:00.3-usb-0:2.1.1:1.0-port0
1790754309.4396,C,907,47385,-64,/dev/serial/by-path/pci-0000:05:00.3-usb-0:2.1.3:1.0-port0
1790754309.4399,A,907,47390,-79,/dev/serial/by-path/pci-0000:05:00.3-usb-0:2.1.1:1.0-port0
1790754309.4598,B,887,47406,-70,/dev/serial/by-path/pci-0000:05:00.3-usb-0:2.1.2:1.0-port0
1790754309.4902,A,908,47440,-84,/dev/serial/by-path/pci-0000:05:00.3-usb-0:2.1.1:1.0-port0
1790754309.4951,B,888,47442,-67,/dev/serial/by-path/pci-0000:05:00.3-usb-0:2.1.2:1.0-port0
1790754309.5220,A,909,47472,-84,/dev/serial/by-path/pci-0000:05:00.3-usb-0:2.1.1:1.0-port0
1790754309.5223,C,908,47467,-64,/dev/serial/by-path/pci-0000:05:00.3-usb-0:2.1.3:1.0-port0
1790754309.5898,A,910,47540,-77,/dev/serial/by-path/pci-0000:05:00.3-usb-0:2.1.1:1.0-port0
1790754309.6098,B,889,47556,-71,/dev/serial/by-path/pci-0000:05:00.3-usb-0:2.1.2:1.0-port0
1790754309.6285,C,909,47574,-64,/dev/serial/by-path/pci-0000:05:00.3-usb-0:2.1.3:1.0-port0
1790754309.6348,A,911,47585,-84,/dev/serial/by-path/pci-0000:05:00.3-usb-0:2.1.1:1.0-port0
1790754309.6526,C,910,47598,-64,/dev/serial/by-path/pci-0000:05:00.3-usb-0:2.1.3:1.0-port0
1790754309.6529,B,890,47600,-68,/dev/serial/by-path/pci-0000:05:00.3-usb-0:2.1.2:1.0-port0
1790754309.6899,A,912,47640,-83,/dev/serial/by-path/pci-0000:05:00.3-usb-0:2.1.1:1.0-port0
1790754309.6999,C,911,47645,-66,/dev/serial/by-path/pci-0000:05:00.3-usb-0:2.1.3:1.0-port0
1790754309.7096,B,891,47656,-67,/dev/serial/by-path/pci-0000:05:00.3-usb-0:2.1.2:1.0-port0
1790754309.7114,A,913,47662,-81,/dev/serial/by-path/pci-0000:05:00.3-usb-0:2.1.1:1.0-port0
1790754309.7437,B,892,47690,-71,/dev/serial/by-path/pci-0000:05:00.3-usb-0:2.1.2:1.0-port0
1790754309.7785,C,912,47724,-64,/dev/serial/by-path/pci-0000:05:00.3-usb-0:2.1.3:1.0-port0
1790754309.7874,B,893,47734,-67,/dev/serial/by-path/pci-0000:05:00.3-usb-0:2.1.2:1.0-port0
1790754309.7877,A,914,47738,-87,/dev/serial/by-path/pci-0000:05:00.3-usb-0:2.1.1:1.0-port0
1790754309.7880,C,913,47733,-64,/dev/serial/by-path/pci-0000:05:00.3-usb-0:2.1.3:1.0-port0
1790754309.7896,A,915,47739,-87,/dev/serial/by-path/pci-0000:05:00.3-usb-0:2.1.1:1.0-port0
1790754309.8315,A,916,47783,-85,/dev/serial/by-path/pci-0000:05:00.3-usb-0:2.1.1:1.0-port0
1790754309.8325,B,894,47780,-68,/dev/serial/by-path/pci-0000:05:00.3-usb-0:2.1.2:1.0-port0
1790754309.8755,C,914,47821,-65,/dev/serial/by-path/pci-0000:05:00.3-usb-0:2.1.3:1.0-port0
1790754309.8771,A,917,47827,-80,/dev/serial/by-path/pci-0000:05:00.3-usb-0:2.1.1:1.0-port0
1790754309.8774,C,915,47822,-65,/dev/serial/by-path/pci-0000:05:00.3-usb-0:2.1.3:1.0-port0
1790754309.9014,B,895,47848,-70,/dev/serial/by-path/pci-0000:05:00.3-usb-0:2.1.2:1.0-port0
1790754309.9227,B,896,47869,-68,/dev/serial/by-path/pci-0000:05:00.3-usb-0:2.1.2:1.0-port0
1790754309.9235,C,916,47869,-64,/dev/serial/by-path/pci-0000:05:00.3-usb-0:2.1.3:1.0-port0
1790754309.9238,A,918,47874,-84,/dev/serial/by-path/pci-0000:05:00.3-usb-0:2.1.1:1.0-port0
1790754309.9607,C,917,47906,-64,/dev/serial/by-path/pci-0000:05:00.3-usb-0:2.1.3:1.0-port0
1790754309.9898,A,919,47940,-86,/dev/serial/by-path/pci-0000:05:00.3-usb-0:2.1.1:1.0-port0
1790754310.0587,C,918,48004,-64,/dev/serial/by-path/pci-0000:05:00.3-usb-0:2.1.3:1.0-port0
1790754310.0590,B,897,48005,-69,/dev/serial/by-path/pci-0000:05:00.3-usb-0:2.1.2:1.0-port0
1790754310.1097,B,898,48056,-68,/dev/serial/by-path/pci-0000:05:00.3-usb-0:2.1.2:1.0-port0
1790754310.1143,C,919,48060,-66,/dev/serial/by-path/pci-0000:05:00.3-usb-0:2.1.3:1.0-port0
1790754310.1266,A,920,48077,-84,/dev/serial/by-path/pci-0000:05:00.3-usb-0:2.1.1:1.0-port0
1790754310.1466,B,899,48093,-67,/dev/serial/by-path/pci-0000:05:00.3-usb-0:2.1.2:1.0-port0
1790754310.1468,C,920,48092,-66,/dev/serial/by-path/pci-0000:05:00.3-usb-0:2.1.3:1.0-port0
1790754310.1470,A,921,48098,-78,/dev/serial/by-path/pci-0000:05:00.3-usb-0:2.1.1:1.0-port0
1790754310.2043,C,921,48149,-63,/dev/serial/by-path/pci-0000:05:00.3-usb-0:2.1.3:1.0-port0
1790754310.2097,B,900,48156,-70,/dev/serial/by-path/pci-0000:05:00.3-usb-0:2.1.2:1.0-port0
1790754310.2400,B,901,48187,-68,/dev/serial/by-path/pci-0000:05:00.3-usb-0:2.1.2:1.0-port0
1790754310.2401,A,922,48190,-83,/dev/serial/by-path/pci-0000:05:00.3-usb-0:2.1.1:1.0-port0
1790754310.2459,C,922,48192,-63,/dev/serial/by-path/pci-0000:05:00.3-usb-0:2.1.3:1.0-port0
1790754310.2817,B,902,48228,-67,/dev/serial/by-path/pci-0000:05:00.3-usb-0:2.1.2:1.0-port0
1790754310.2900,A,923,48240,-86,/dev/serial/by-path/pci-0000:05:00.3-usb-0:2.1.1:1.0-port0
1790754310.3522,B,903,48299,-70,/dev/serial/by-path/pci-0000:05:00.3-usb-0:2.1.2:1.0-port0
1790754310.3669,A,924,48317,-79,/dev/serial/by-path/pci-0000:05:00.3-usb-0:2.1.1:1.0-port0
1790754310.3673,C,923,48312,-63,/dev/serial/by-path/pci-0000:05:00.3-usb-0:2.1.3:1.0-port0
1790754310.3916,B,904,48338,-68,/dev/serial/by-path/pci-0000:05:00.3-usb-0:2.1.2:1.0-port0
1790754310.4095,B,905,48356,-67,/dev/serial/by-path/pci-0000:05:00.3-usb-0:2.1.2:1.0-port0
1790754310.4112,C,924,48356,-63,/dev/serial/by-path/pci-0000:05:00.3-usb-0:2.1.3:1.0-port0
1790754310.4407,A,925,48391,-87,/dev/serial/by-path/pci-0000:05:00.3-usb-0:2.1.1:1.0-port0
1790754310.4544,C,925,48400,-64,/dev/serial/by-path/pci-0000:05:00.3-usb-0:2.1.3:1.0-port0
1790754310.5096,B,906,48456,-72,/dev/serial/by-path/pci-0000:05:00.3-usb-0:2.1.2:1.0-port0
1790754310.5285,C,926,48474,-63,/dev/serial/by-path/pci-0000:05:00.3-usb-0:2.1.3:1.0-port0
1790754310.5395,A,926,48490,-82,/dev/serial/by-path/pci-0000:05:00.3-usb-0:2.1.1:1.0-port0
1790754310.5410,B,907,48488,-67,/dev/serial/by-path/pci-0000:05:00.3-usb-0:2.1.2:1.0-port0
1790754310.5415,C,927,48487,-63,/dev/serial/by-path/pci-0000:05:00.3-usb-0:2.1.3:1.0-port0
1790754310.5901,A,927,48540,-86,/dev/serial/by-path/pci-0000:05:00.3-usb-0:2.1.1:1.0-port0
1790754310.5916,B,908,48538,-68,/dev/serial/by-path/pci-0000:05:00.3-usb-0:2.1.2:1.0-port0
1790754310.5917,C,928,48537,-64,/dev/serial/by-path/pci-0000:05:00.3-usb-0:2.1.3:1.0-port0
1790754310.6285,C,929,48574,-64,/dev/serial/by-path/pci-0000:05:00.3-usb-0:2.1.3:1.0-port0
1790754310.6402,A,928,48590,-78,/dev/serial/by-path/pci-0000:05:00.3-usb-0:2.1.1:1.0-port0
1790754310.6597,B,909,48606,-71,/dev/serial/by-path/pci-0000:05:00.3-usb-0:2.1.2:1.0-port0
1790754310.6739,B,910,48621,-67,/dev/serial/by-path/pci-0000:05:00.3-usb-0:2.1.2:1.0-port0
1790754310.6790,C,930,48624,-63,/dev/serial/by-path/pci-0000:05:00.3-usb-0:2.1.3:1.0-port0
1790754310.6900,A,929,48640,-82,/dev/serial/by-path/pci-0000:05:00.3-usb-0:2.1.1:1.0-port0
1790754310.7208,A,930,48671,-81,/dev/serial/by-path/pci-0000:05:00.3-usb-0:2.1.1:1.0-port0
1790754310.7212,C,931,48666,-62,/dev/serial/by-path/pci-0000:05:00.3-usb-0:2.1.3:1.0-port0
1790754310.7214,B,911,48668,-68,/dev/serial/by-path/pci-0000:05:00.3-usb-0:2.1.2:1.0-port0
1790754310.7674,A,931,48718,-77,/dev/serial/by-path/pci-0000:05:00.3-usb-0:2.1.1:1.0-port0
1790754310.7720,B,912,48719,-71,/dev/serial/by-path/pci-0000:05:00.3-usb-0:2.1.2:1.0-port0
1790754310.8176,B,913,48764,-68,/dev/serial/by-path/pci-0000:05:00.3-usb-0:2.1.2:1.0-port0
1790754310.8181,C,932,48764,-63,/dev/serial/by-path/pci-0000:05:00.3-usb-0:2.1.3:1.0-port0
1790754310.8195,A,932,48769,-83,/dev/serial/by-path/pci-0000:05:00.3-usb-0:2.1.1:1.0-port0
1790754310.8618,A,933,48813,-82,/dev/serial/by-path/pci-0000:05:00.3-usb-0:2.1.1:1.0-port0
1790754310.8726,C,933,48818,-62,/dev/serial/by-path/pci-0000:05:00.3-usb-0:2.1.3:1.0-port0
1790754310.9055,B,914,48852,-68,/dev/serial/by-path/pci-0000:05:00.3-usb-0:2.1.2:1.0-port0
1790754310.9174,C,934,48863,-63,/dev/serial/by-path/pci-0000:05:00.3-usb-0:2.1.3:1.0-port0
1790754310.9177,A,934,48867,-76,/dev/serial/by-path/pci-0000:05:00.3-usb-0:2.1.1:1.0-port0
1790754310.9524,B,915,48899,-71,/dev/serial/by-path/pci-0000:05:00.3-usb-0:2.1.2:1.0-port0
1790754310.9742,A,935,48924,-83,/dev/serial/by-path/pci-0000:05:00.3-usb-0:2.1.1:1.0-port0
1790754310.9743,C,935,48919,-63,/dev/serial/by-path/pci-0000:05:00.3-usb-0:2.1.3:1.0-port0
1790754310.9969,C,936,48942,-62,/dev/serial/by-path/pci-0000:05:00.3-usb-0:2.1.3:1.0-port0
1790754310.9973,B,916,48944,-67,/dev/serial/by-path/pci-0000:05:00.3-usb-0:2.1.2:1.0-port0
1790754311.0028,A,936,48953,-84,/dev/serial/by-path/pci-0000:05:00.3-usb-0:2.1.1:1.0-port0
1790754311.0401,A,937,48990,-85,/dev/serial/by-path/pci-0000:05:00.3-usb-0:2.1.1:1.0-port0
1790754311.0443,B,917,48991,-68,/dev/serial/by-path/pci-0000:05:00.3-usb-0:2.1.2:1.0-port0
1790754311.0447,C,937,48990,-62,/dev/serial/by-path/pci-0000:05:00.3-usb-0:2.1.3:1.0-port0
1790754311.0875,A,938,49038,-76,/dev/serial/by-path/pci-0000:05:00.3-usb-0:2.1.1:1.0-port0
1790754311.0880,B,918,49035,-71,/dev/serial/by-path/pci-0000:05:00.3-usb-0:2.1.2:1.0-port0
1790754311.0935,C,938,49039,-63,/dev/serial/by-path/pci-0000:05:00.3-usb-0:2.1.3:1.0-port0
1790754311.1394,A,939,49090,-82,/dev/serial/by-path/pci-0000:05:00.3-usb-0:2.1.1:1.0-port0
1790754311.1505,C,939,49096,-63,/dev/serial/by-path/pci-0000:05:00.3-usb-0:2.1.3:1.0-port0
1790754311.1531,B,919,49100,-67,/dev/serial/by-path/pci-0000:05:00.3-usb-0:2.1.2:1.0-port0
1790754311.1900,A,940,49140,-83,/dev/serial/by-path/pci-0000:05:00.3-usb-0:2.1.1:1.0-port0
1790754311.2094,B,920,49156,-68,/dev/serial/by-path/pci-0000:05:00.3-usb-0:2.1.2:1.0-port0
1790754311.2281,C,940,49174,-63,/dev/serial/by-path/pci-0000:05:00.3-usb-0:2.1.3:1.0-port0
1790754311.2385,C,941,49184,-63,/dev/serial/by-path/pci-0000:05:00.3-usb-0:2.1.3:1.0-port0
1790754311.2405,A,941,49191,-75,/dev/serial/by-path/pci-0000:05:00.3-usb-0:2.1.1:1.0-port0
1790754311.2498,B,921,49197,-71,/dev/serial/by-path/pci-0000:05:00.3-usb-0:2.1.2:1.0-port0
1790754311.2800,B,922,49227,-68,/dev/serial/by-path/pci-0000:05:00.3-usb-0:2.1.2:1.0-port0
1790754311.2901,A,942,49240,-83,/dev/serial/by-path/pci-0000:05:00.3-usb-0:2.1.1:1.0-port0
1790754311.3284,C,942,49274,-63,/dev/serial/by-path/pci-0000:05:00.3-usb-0:2.1.3:1.0-port0
1790754311.3398,A,943,49290,-84,/dev/serial/by-path/pci-0000:05:00.3-usb-0:2.1.1:1.0-port0
1790754311.3699,A,944,49320,-76,/dev/serial/by-path/pci-0000:05:00.3-usb-0:2.1.1:1.0-port0
1790754311.3704,C,943,49315,-64,/dev/serial/by-path/pci-0000:05:00.3-usb-0:2.1.3:1.0-port0
1790754311.3706,B,923,49318,-71,/dev/serial/by-path/pci-0000:05:00.3-usb-0:2.1.2:1.0-port0
1790754311.4161,C,944,49361,-63,/dev/serial/by-path/pci-0000:05:00.3-usb-0:2.1.3:1.0-port0
1790754311.4399,A,945,49390,-84,/dev/serial/by-path/pci-0000:05:00.3-usb-0:2.1.1:1.0-port0
1790754311.4596,B,924,49406,-68,/dev/serial/by-path/pci-0000:05:00.3-usb-0:2.1.2:1.0-port0
1790754311.4685,B,925,49415,-68,/dev/serial/by-path/pci-0000:05:00.3-usb-0:2.1.2:1.0-port0
1790754311.4688,C,945,49414,-63,/dev/serial/by-path/pci-0000:05:00.3-usb-0:2.1.3:1.0-port0
1790754311.5533,B,926,49500,-71,/dev/serial/by-path/pci-0000:05:00.3-usb-0:2.1.2:1.0-port0
1790754311.5537,A,946,49504,-82,/dev/serial/by-path/pci-0000:05:00.3-usb-0:2.1.1:1.0-port0
1790754311.5539,C,946,49498,-62,/dev/serial/by-path/pci-0000:05:00.3-usb-0:2.1.3:1.0-port0
1790754311.5974,C,947,49542,-63,/dev/serial/by-path/pci-0000:05:00.3-usb-0:2.1.3:1.0-port0
1790754311.5975,B,927,49544,-67,/dev/serial/by-path/pci-0000:05:00.3-usb-0:2.1.2:1.0-port0
1790754311.6369,A,947,49588,-84,/dev/serial/by-path/pci-0000:05:00.3-usb-0:2.1.1:1.0-port0
1790754311.6392,A,948,49588,-84,/dev/serial/by-path/pci-0000:05:00.3-usb-0:2.1.1:1.0-port0
1790754311.6399,B,928,49587,-67,/dev/serial/by-path/pci-0000:05:00.3-usb-0:2.1.2:1.0-port0
1790754311.6402,C,948,49586,-63,/dev/serial/by-path/pci-0000:05:00.3-usb-0:2.1.3:1.0-port0
1790754311.6899,A,949,49640,-77,/dev/serial/by-path/pci-0000:05:00.3-usb-0:2.1.1:1.0-port0
1790754311.6968,B,929,49643,-71,/dev/serial/by-path/pci-0000:05:00.3-usb-0:2.1.2:1.0-port0
1790754311.6969,C,949,49642,-64,/dev/serial/by-path/pci-0000:05:00.3-usb-0:2.1.3:1.0-port0
1790754311.7314,B,930,49679,-67,/dev/serial/by-path/pci-0000:05:00.3-usb-0:2.1.2:1.0-port0
1790754311.7396,A,950,49690,-84,/dev/serial/by-path/pci-0000:05:00.3-usb-0:2.1.1:1.0-port0
1790754311.7821,B,931,49729,-68,/dev/serial/by-path/pci-0000:05:00.3-usb-0:2.1.2:1.0-port0
1790754311.7823,A,951,49732,-82,/dev/serial/by-path/pci-0000:05:00.3-usb-0:2.1.1:1.0-port0
1790754311.8012,C,950,49747,-63,/dev/serial/by-path/pci-0000:05:00.3-usb-0:2.1.3:1.0-port0
1790754311.8325,B,932,49780,-73,/dev/serial/by-path/pci-0000:05:00.3-usb-0:2.1.2:1.0-port0
1790754311.8329,A,952,49783,-76,/dev/serial/by-path/pci-0000:05:00.3-usb-0:2.1.1:1.0-port0
1790754311.8759,C,951,49822,-63,/dev/serial/by-path/pci-0000:05:00.3-usb-0:2.1.3:1.0-port0
1790754311.8763,B,933,49822,-68,/dev/serial/by-path/pci-0000:05:00.3-usb-0:2.1.2:1.0-port0
1790754311.8785,C,952,49822,-62,/dev/serial/by-path/pci-0000:05:00.3-usb-0:2.1.3:1.0-port0
1790754311.8898,A,953,49840,-88,/dev/serial/by-path/pci-0000:05:00.3-usb-0:2.1.1:1.0-port0
1790754311.9198,A,954,49870,-83,/dev/serial/by-path/pci-0000:05:00.3-usb-0:2.1.1:1.0-port0
1790754311.9285,C,953,49874,-63,/dev/serial/by-path/pci-0000:05:00.3-usb-0:2.1.3:1.0-port0
1790754311.9596,B,934,49906,-66,/dev/serial/by-path/pci-0000:05:00.3-usb-0:2.1.2:1.0-port0
1790754311.9789,C,954,49924,-65,/dev/serial/by-path/pci-0000:05:00.3-usb-0:2.1.3:1.0-port0
1790754311.9896,A,955,49940,-77,/dev/serial/by-path/pci-0000:05:00.3-usb-0:2.1.1:1.0-port0
1790754312.0084,B,935,49955,-71,/dev/serial/by-path/pci-0000:05:00.3-usb-0:2.1.2:1.0-port0
1790754312.0126,C,955,49958,-62,/dev/serial/by-path/pci-0000:05:00.3-usb-0:2.1.3:1.0-port0
1790754312.0135,A,956,49964,-84,/dev/serial/by-path/pci-0000:05:00.3-usb-0:2.1.1:1.0-port0
1790754312.0598,A,957,50010,-83,/dev/serial/by-path/pci-0000:05:00.3-usb-0:2.1.1:1.0-port0
1790754312.0601,C,956,50005,-63,/dev/serial/by-path/pci-0000:05:00.3-usb-0:2.1.3:1.0-port0
1790754312.0603,B,936,50006,-68,/dev/serial/by-path/pci-0000:05:00.3-usb-0:2.1.2:1.0-port0
1790754312.1286,C,957,50074,-64,/dev/serial/by-path/pci-0000:05:00.3-usb-0:2.1.3:1.0-port0
1790754312.1529,B,937,50100,-71,/dev/serial/by-path/pci-0000:05:00.3-usb-0:2.1.2:1.0-port0
1790754312.1789,C,958,50124,-63,/dev/serial/by-path/pci-0000:05:00.3-usb-0:2.1.3:1.0-port0
1790754312.1865,A,958,50136,-83,/dev/serial/by-path/pci-0000:05:00.3-usb-0:2.1.1:1.0-port0
1790754312.2044,C,959,50150,-63,/dev/serial/by-path/pci-0000:05:00.3-usb-0:2.1.3:1.0-port0
1790754312.2072,B,938,50154,-68,/dev/serial/by-path/pci-0000:05:00.3-usb-0:2.1.2:1.0-port0
1790754312.2353,A,959,50185,-84,/dev/serial/by-path/pci-0000:05:00.3-usb-0:2.1.1:1.0-port0
1790754312.2439,B,939,50191,-68,/dev/serial/by-path/pci-0000:05:00.3-usb-0:2.1.2:1.0-port0
1790754312.2745,C,960,50220,-64,/dev/serial/by-path/pci-0000:05:00.3-usb-0:2.1.3:1.0-port0
1790754312.2883,A,960,50239,-81,/dev/serial/by-path/pci-0000:05:00.3-usb-0:2.1.1:1.0-port0
1790754312.2907,A,961,50239,-78,/dev/serial/by-path/pci-0000:05:00.3-usb-0:2.1.1:1.0-port0
1790754312.3091,C,961,50255,-63,/dev/serial/by-path/pci-0000:05:00.3-usb-0:2.1.3:1.0-port0
1790754312.3094,B,940,50256,-71,/dev/serial/by-path/pci-0000:05:00.3-usb-0:2.1.2:1.0-port0
1790754312.3313,B,941,50278,-68,/dev/serial/by-path/pci-0000:05:00.3-usb-0:2.1.2:1.0-port0
1790754312.3709,C,962,50316,-62,/dev/serial/by-path/pci-0000:05:00.3-usb-0:2.1.3:1.0-port0
1790754312.3776,A,962,50328,-93,/dev/serial/by-path/pci-0000:05:00.3-usb-0:2.1.1:1.0-port0
1790754312.4327,B,942,50379,-70,/dev/serial/by-path/pci-0000:05:00.3-usb-0:2.1.2:1.0-port0
1790754312.4556,C,963,50401,-61,/dev/serial/by-path/pci-0000:05:00.3-usb-0:2.1.3:1.0-port0
1790754312.4594,B,943,50406,-72,/dev/serial/by-path/pci-0000:05:00.3-usb-0:2.1.2:1.0-port0
1790754312.4652,A,963,50415,-90,/dev/serial/by-path/pci-0000:05:00.3-usb-0:2.1.1:1.0-port0
1790754312.5003,B,944,50447,-68,/dev/serial/by-path/pci-0000:05:00.3-usb-0:2.1.2:1.0-port0
1790754312.5154,C,964,50461,-62,/dev/serial/by-path/pci-0000:05:00.3-usb-0:2.1.3:1.0-port0
1790754312.5363,A,964,50486,-81,/dev/serial/by-path/pci-0000:05:00.3-usb-0:2.1.1:1.0-port0
1790754312.5467,B,945,50493,-68,/dev/serial/by-path/pci-0000:05:00.3-usb-0:2.1.2:1.0-port0
1790754312.5791,C,965,50524,-64,/dev/serial/by-path/pci-0000:05:00.3-usb-0:2.1.3:1.0-port0
1790754312.5845,A,965,50535,-79,/dev/serial/by-path/pci-0000:05:00.3-usb-0:2.1.1:1.0-port0
1790754312.5864,A,966,50536,-76,/dev/serial/by-path/pci-0000:05:00.3-usb-0:2.1.1:1.0-port0
1790754312.6097,B,946,50556,-71,/dev/serial/by-path/pci-0000:05:00.3-usb-0:2.1.2:1.0-port0
1790754312.6315,B,947,50578,-67,/dev/serial/by-path/pci-0000:05:00.3-usb-0:2.1.2:1.0-port0
1790754312.6334,A,967,50583,-87,/dev/serial/by-path/pci-0000:05:00.3-usb-0:2.1.1:1.0-port0
1790754312.6788,C,966,50624,-62,/dev/serial/by-path/pci-0000:05:00.3-usb-0:2.1.3:1.0-port0
1790754312.6895,A,968,50640,-77,/dev/serial/by-path/pci-0000:05:00.3-usb-0:2.1.1:1.0-port0
1790754312.7094,B,948,50656,-68,/dev/serial/by-path/pci-0000:05:00.3-usb-0:2.1.2:1.0-port0
1790754312.7288,C,967,50674,-64,/dev/serial/by-path/pci-0000:05:00.3-usb-0:2.1.3:1.0-port0
1790754312.7347,B,949,50682,-72,/dev/serial/by-path/pci-0000:05:00.3-usb-0:2.1.2:1.0-port0
1790754312.7349,A,969,50685,-79,/dev/serial/by-path/pci-0000:05:00.3-usb-0:2.1.1:1.0-port0
1790754312.7626,A,970,50713,-85,/dev/serial/by-path/pci-0000:05:00.3-usb-0:2.1.1:1.0-port0
1790754312.7789,C,968,50724,-63,/dev/serial/by-path/pci-0000:05:00.3-usb-0:2.1.3:1.0-port0
1790754312.8097,B,950,50756,-67,/dev/serial/by-path/pci-0000:05:00.3-usb-0:2.1.2:1.0-port0
1790754312.8289,C,969,50774,-63,/dev/serial/by-path/pci-0000:05:00.3-usb-0:2.1.3:1.0-port0
1790754312.8406,A,971,50791,-88,/dev/serial/by-path/pci-0000:05:00.3-usb-0:2.1.1:1.0-port0
1790754312.8587,C,970,50804,-64,/dev/serial/by-path/pci-0000:05:00.3-usb-0:2.1.3:1.0-port0
1790754312.8593,B,951,50806,-68,/dev/serial/by-path/pci-0000:05:00.3-usb-0:2.1.2:1.0-port0
1790754312.8686,A,972,50819,-77,/dev/serial/by-path/pci-0000:05:00.3-usb-0:2.1.1:1.0-port0
1790754312.9023,B,952,50849,-71,/dev/serial/by-path/pci-0000:05:00.3-usb-0:2.1.2:1.0-port0
1790754312.9183,C,971,50864,-62,/dev/serial/by-path/pci-0000:05:00.3-usb-0:2.1.3:1.0-port0
1790754312.9201,A,973,50869,-85,/dev/serial/by-path/pci-0000:05:00.3-usb-0:2.1.1:1.0-port0
1790754312.9503,B,953,50897,-67,/dev/serial/by-path/pci-0000:05:00.3-usb-0:2.1.2:1.0-port0
1790754312.9534,C,972,50899,-64,/dev/serial/by-path/pci-0000:05:00.3-usb-0:2.1.3:1.0-port0
1790754312.9591,A,974,50909,-82,/dev/serial/by-path/pci-0000:05:00.3-usb-0:2.1.1:1.0-port0
1790754312.9939,B,954,50941,-68,/dev/serial/by-path/pci-0000:05:00.3-usb-0:2.1.2:1.0-port0
1790754313.0145,C,973,50960,-65,/dev/serial/by-path/pci-0000:05:00.3-usb-0:2.1.3:1.0-port0
1790754313.0151,A,975,50966,-76,/dev/serial/by-path/pci-0000:05:00.3-usb-0:2.1.1:1.0-port0
1790754313.0400,B,955,50987,-71,/dev/serial/by-path/pci-0000:05:00.3-usb-0:2.1.2:1.0-port0
1790754313.0401,A,976,50990,-78,/dev/serial/by-path/pci-0000:05:00.3-usb-0:2.1.1:1.0-port0
1790754313.0602,C,974,51006,-64,/dev/serial/by-path/pci-0000:05:00.3-usb-0:2.1.3:1.0-port0
1790754313.0865,B,956,51033,-68,/dev/serial/by-path/pci-0000:05:00.3-usb-0:2.1.2:1.0-port0
1790754313.0874,A,977,51038,-87,/dev/serial/by-path/pci-0000:05:00.3-usb-0:2.1.1:1.0-port0
1790754313.1165,C,975,51062,-63,/dev/serial/by-path/pci-0000:05:00.3-usb-0:2.1.3:1.0-port0
1790754313.1338,A,978,51084,-85,/dev/serial/by-path/pci-0000:05:00.3-usb-0:2.1.1:1.0-port0
1790754313.1341,B,957,51081,-68,/dev/serial/by-path/pci-0000:05:00.3-usb-0:2.1.2:1.0-port0
1790754313.1422,C,976,51087,-65,/dev/serial/by-path/pci-0000:05:00.3-usb-0:2.1.3:1.0-port0
1790754313.1783,C,977,51124,-65,/dev/serial/by-path/pci-0000:05:00.3-usb-0:2.1.3:1.0-port0
1790754313.1896,A,979,51140,-81,/dev/serial/by-path/pci-0000:05:00.3-usb-0:2.1.1:1.0-port0
1790754313.2093,B,958,51156,-70,/dev/serial/by-path/pci-0000:05:00.3-usb-0:2.1.2:1.0-port0
1790754313.2205,C,978,51166,-62,/dev/serial/by-path/pci-0000:05:00.3-usb-0:2.1.3:1.0-port0
1790754313.2210,A,980,51171,-83,/dev/serial/by-path/pci-0000:05:00.3-usb-0:2.1.1:1.0-port0
1790754313.2523,B,959,51199,-67,/dev/serial/by-path/pci-0000:05:00.3-usb-0:2.1.2:1.0-port0
1790754313.2685,A,981,51219,-85,/dev/serial/by-path/pci-0000:05:00.3-usb-0:2.1.1:1.0-port0
1790754313.2687,C,979,51214,-63,/dev/serial/by-path/pci-0000:05:00.3-usb-0:2.1.3:1.0-port0
1790754313.2690,B,960,51216,-68,/dev/serial/by-path/pci-0000:05:00.3-usb-0:2.1.2:1.0-port0
1790754313.3284,C,980,51274,-64,/dev/serial/by-path/pci-0000:05:00.3-usb-0:2.1.3:1.0-port0
1790754313.3400,A,982,51290,-77,/dev/serial/by-path/pci-0000:05:00.3-usb-0:2.1.1:1.0-port0
1790754313.3597,B,961,51306,-70,/dev/serial/by-path/pci-0000:05:00.3-usb-0:2.1.2:1.0-port0
1790754313.3703,A,983,51320,-86,/dev/serial/by-path/pci-0000:05:00.3-usb-0:2.1.1:1.0-port0
1790754313.3706,C,981,51315,-64,/dev/serial/by-path/pci-0000:05:00.3-usb-0:2.1.3:1.0-port0
1790754313.4067,B,962,51354,-68,/dev/serial/by-path/pci-0000:05:00.3-usb-0:2.1.2:1.0-port0
1790754313.4071,C,982,51353,-62,/dev/serial/by-path/pci-0000:05:00.3-usb-0:2.1.3:1.0-port0
1790754313.4084,A,984,51358,-83,/dev/serial/by-path/pci-0000:05:00.3-usb-0:2.1.1:1.0-port0
1790754313.4460,C,983,51391,-64,/dev/serial/by-path/pci-0000:05:00.3-usb-0:2.1.3:1.0-port0
1790754313.4592,B,963,51406,-67,/dev/serial/by-path/pci-0000:05:00.3-usb-0:2.1.2:1.0-port0
1790754313.4750,A,985,51425,-82,/dev/serial/by-path/pci-0000:05:00.3-usb-0:2.1.1:1.0-port0
1790754313.4891,B,964,51436,-70,/dev/serial/by-path/pci-0000:05:00.3-usb-0:2.1.2:1.0-port0
1790754313.4893,A,986,51439,-81,/dev/serial/by-path/pci-0000:05:00.3-usb-0:2.1.1:1.0-port0
1790754313.4896,C,984,51435,-65,/dev/serial/by-path/pci-0000:05:00.3-usb-0:2.1.3:1.0-port0
1790754313.5321,B,965,51479,-67,/dev/serial/by-path/pci-0000:05:00.3-usb-0:2.1.2:1.0-port0
1790754313.5398,A,987,51490,-82,/dev/serial/by-path/pci-0000:05:00.3-usb-0:2.1.1:1.0-port0
1790754313.5604,C,985,51506,-62,/dev/serial/by-path/pci-0000:05:00.3-usb-0:2.1.3:1.0-port0
1790754313.5741,C,986,51520,-62,/dev/serial/by-path/pci-0000:05:00.3-usb-0:2.1.3:1.0-port0
1790754313.5742,A,988,51525,-79,/dev/serial/by-path/pci-0000:05:00.3-usb-0:2.1.1:1.0-port0
1790754313.5748,B,966,51522,-67,/dev/serial/by-path/pci-0000:05:00.3-usb-0:2.1.2:1.0-port0
1790754313.6197,C,987,51565,-64,/dev/serial/by-path/pci-0000:05:00.3-usb-0:2.1.3:1.0-port0
1790754313.6402,A,989,51591,-80,/dev/serial/by-path/pci-0000:05:00.3-usb-0:2.1.1:1.0-port0
1790754313.6597,B,967,51606,-71,/dev/serial/by-path/pci-0000:05:00.3-usb-0:2.1.2:1.0-port0
1790754313.6694,B,968,51616,-67,/dev/serial/by-path/pci-0000:05:00.3-usb-0:2.1.2:1.0-port0
1790754313.6786,C,988,51624,-65,/dev/serial/by-path/pci-0000:05:00.3-usb-0:2.1.3:1.0-port0
1790754313.6898,A,990,51640,-84,/dev/serial/by-path/pci-0000:05:00.3-usb-0:2.1.1:1.0-port0
1790754313.7073,C,989,51652,-62,/dev/serial/by-path/pci-0000:05:00.3-usb-0:2.1.3:1.0-port0
1790754313.7098,B,969,51656,-67,/dev/serial/by-path/pci-0000:05:00.3-usb-0:2.1.2:1.0-port0
1790754313.7401,A,991,51690,-80,/dev/serial/by-path/pci-0000:05:00.3-usb-0:2.1.1:1.0-port0
1790754313.7536,C,990,51699,-65,/dev/serial/by-path/pci-0000:05:00.3-usb-0:2.1.3:1.0-port0
1790754313.7596,B,970,51706,-67,/dev/serial/by-path/pci-0000:05:00.3-usb-0:2.1.2:1.0-port0
1790754313.7633,A,992,51713,-78,/dev/serial/by-path/pci-0000:05:00.3-usb-0:2.1.1:1.0-port0
1790754313.7922,B,971,51739,-71,/dev/serial/by-path/pci-0000:05:00.3-usb-0:2.1.2:1.0-port0
1790754313.8285,C,991,51774,-66,/dev/serial/by-path/pci-0000:05:00.3-usb-0:2.1.3:1.0-port0
1790754313.8360,B,972,51783,-68,/dev/serial/by-path/pci-0000:05:00.3-usb-0:2.1.2:1.0-port0
1790754313.8376,A,993,51788,-78,/dev/serial/by-path/pci-0000:05:00.3-usb-0:2.1.1:1.0-port0
1790754313.8477,C,992,51793,-63,/dev/serial/by-path/pci-0000:05:00.3-usb-0:2.1.3:1.0-port0
1790754313.8774,A,994,51827,-82,/dev/serial/by-path/pci-0000:05:00.3-usb-0:2.1.1:1.0-port0
1790754313.8791,C,993,51824,-63,/dev/serial/by-path/pci-0000:05:00.3-usb-0:2.1.3:1.0-port0
1790754313.9269,C,994,51873,-66,/dev/serial/by-path/pci-0000:05:00.3-usb-0:2.1.3:1.0-port0
1790754313.9285,A,995,51878,-76,/dev/serial/by-path/pci-0000:05:00.3-usb-0:2.1.1:1.0-port0
1790754313.9474,B,973,51894,-71,/dev/serial/by-path/pci-0000:05:00.3-usb-0:2.1.2:1.0-port0
1790754313.9733,B,974,51920,-68,/dev/serial/by-path/pci-0000:05:00.3-usb-0:2.1.2:1.0-port0
1790754313.9735,C,995,51919,-64,/dev/serial/by-path/pci-0000:05:00.3-usb-0:2.1.3:1.0-port0
1790754313.9739,A,996,51924,-78,/dev/serial/by-path/pci-0000:05:00.3-usb-0:2.1.1:1.0-port0
1790754314.0170,A,997,51967,-77,/dev/serial/by-path/pci-0000:05:00.3-usb-0:2.1.1:1.0-port0
1790754314.0281,C,996,51974,-64,/dev/serial/by-path/pci-0000:05:00.3-usb-0:2.1.3:1.0-port0
1790754314.0596,B,975,52006,-67,/dev/serial/by-path/pci-0000:05:00.3-usb-0:2.1.2:1.0-port0
1790754314.0791,C,997,52024,-68,/dev/serial/by-path/pci-0000:05:00.3-usb-0:2.1.3:1.0-port0
1790754314.0896,A,998,52040,-76,/dev/serial/by-path/pci-0000:05:00.3-usb-0:2.1.1:1.0-port0
1790754314.1095,B,976,52056,-71,/dev/serial/by-path/pci-0000:05:00.3-usb-0:2.1.2:1.0-port0
1790754314.1122,C,998,52057,-63,/dev/serial/by-path/pci-0000:05:00.3-usb-0:2.1.3:1.0-port0
1790754314.1125,A,999,52062,-81,/dev/serial/by-path/pci-0000:05:00.3-usb-0:2.1.1:1.0-port0
1790754314.1552,B,977,52102,-68,/dev/serial/by-path/pci-0000:05:00.3-usb-0:2.1.2:1.0-port0
1790754314.1785,C,999,52124,-66,/dev/serial/by-path/pci-0000:05:00.3-usb-0:2.1.3:1.0-port0
1790754314.1896,A,1000,52140,-78,/dev/serial/by-path/pci-0000:05:00.3-usb-0:2.1.1:1.0-port0
1790754314.2061,B,978,52153,-68,/dev/serial/by-path/pci-0000:05:00.3-usb-0:2.1.2:1.0-port0
1790754314.2146,C,1000,52160,-67,/dev/serial/by-path/pci-0000:05:00.3-usb-0:2.1.3:1.0-port0
1790754314.2153,A,1001,52166,-79,/dev/serial/by-path/pci-0000:05:00.3-usb-0:2.1.1:1.0-port0
1790754314.2492,C,1001,52195,-63,/dev/serial/by-path/pci-0000:05:00.3-usb-0:2.1.3:1.0-port0
1790754314.2496,B,979,52196,-70,/dev/serial/by-path/pci-0000:05:00.3-usb-0:2.1.2:1.0-port0
1790754314.2895,A,1002,52240,-85,/dev/serial/by-path/pci-0000:05:00.3-usb-0:2.1.1:1.0-port0
1790754314.2969,A,1003,52247,-80,/dev/serial/by-path/pci-0000:05:00.3-usb-0:2.1.1:1.0-port0
1790754314.2972,C,1002,52242,-64,/dev/serial/by-path/pci-0000:05:00.3-usb-0:2.1.3:1.0-port0
1790754314.3037,B,980,52250,-67,/dev/serial/by-path/pci-0000:05:00.3-usb-0:2.1.2:1.0-port0
1790754314.3455,B,981,52293,-68,/dev/serial/by-path/pci-0000:05:00.3-usb-0:2.1.2:1.0-port0
1790754314.3751,C,1003,52320,-66,/dev/serial/by-path/pci-0000:05:00.3-usb-0:2.1.3:1.0-port0
1790754314.3898,A,1004,52340,-76,/dev/serial/by-path/pci-0000:05:00.3-usb-0:2.1.1:1.0-port0
1790754314.3993,C,1004,52345,-63,/dev/serial/by-path/pci-0000:05:00.3-usb-0:2.1.3:1.0-port0
1790754314.3997,B,982,52347,-69,/dev/serial/by-path/pci-0000:05:00.3-usb-0:2.1.2:1.0-port0
1790754314.4330,A,1005,52383,-80,/dev/serial/by-path/pci-0000:05:00.3-usb-0:2.1.1:1.0-port0
1790754314.4348,B,983,52382,-100,/dev/serial/by-path/pci-0000:05:00.3-usb-0:2.1.2:1.0-port0
1790754314.4402,A,1006,52390,-78,/dev/serial/by-path/pci-0000:05:00.3-usb-0:2.1.1:1.0-port0
1790754314.4786,C,1005,52424,-64,/dev/serial/by-path/pci-0000:05:00.3-usb-0:2.1.3:1.0-port0
1790754314.4813,A,1007,52431,-78,/dev/serial/by-path/pci-0000:05:00.3-usb-0:2.1.1:1.0-port0
1790754314.4817,B,984,52428,-67,/dev/serial/by-path/pci-0000:05:00.3-usb-0:2.1.2:1.0-port0
1790754314.5272,C,1006,52472,-64,/dev/serial/by-path/pci-0000:05:00.3-usb-0:2.1.3:1.0-port0
1790754314.5400,A,1008,52490,-76,/dev/serial/by-path/pci-0000:05:00.3-usb-0:2.1.1:1.0-port0
1790754314.5404,B,985,52488,-69,/dev/serial/by-path/pci-0000:05:00.3-usb-0:2.1.2:1.0-port0
1790754314.5786,C,1007,52524,-62,/dev/serial/by-path/pci-0000:05:00.3-usb-0:2.1.3:1.0-port0
1790754314.5855,B,986,52532,-67,/dev/serial/by-path/pci-0000:05:00.3-usb-0:2.1.2:1.0-port0
1790754314.5870,A,1009,52537,-79,/dev/serial/by-path/pci-0000:05:00.3-usb-0:2.1.1:1.0-port0
1790754314.6290,C,1008,52574,-63,/dev/serial/by-path/pci-0000:05:00.3-usb-0:2.1.3:1.0-port0
1790754314.6396,A,1010,52590,-78,/dev/serial/by-path/pci-0000:05:00.3-usb-0:2.1.1:1.0-port0
1790754314.6497,B,987,52596,-66,/dev/serial/by-path/pci-0000:05:00.3-usb-0:2.1.2:1.0-port0
1790754314.6731,B,988,52620,-69,/dev/serial/by-path/pci-0000:05:00.3-usb-0:2.1.2:1.0-port0
1790754314.7095,B,989,52656,-69,/dev/serial/by-path/pci-0000:05:00.3-usb-0:2.1.2:1.0-port0
1790754314.7103,A,1011,52661,-78,/dev/serial/by-path/pci-0000:05:00.3-usb-0:2.1.1:1.0-port0
1790754314.7288,C,1009,52674,-62,/dev/serial/by-path/pci-0000:05:00.3-usb-0:2.1.3:1.0-port0
1790754314.8398,A,1012,52790,-74,/dev/serial/by-path/pci-0000:05:00.3-usb-0:2.1.1:1.0-port0
1790754314.8601,B,990,52807,-71,/dev/serial/by-path/pci-0000:05:00.3-usb-0:2.1.2:1.0-port0
1790754314.8625,C,1010,52808,-63,/dev/serial/by-path/pci-0000:05:00.3-usb-0:2.1.3:1.0-port0
1790754314.8626,A,1013,52813,-78,/dev/serial/by-path/pci-0000:05:00.3-usb-0:2.1.1:1.0-port0
1790754314.8897,A,1014,52840,-81,/dev/serial/by-path/pci-0000:05:00.3-usb-0:2.1.1:1.0-port0
1790754314.9091,C,1011,52855,-64,/dev/serial/by-path/pci-0000:05:00.3-usb-0:2.1.3:1.0-port0
1790754314.9095,B,991,52856,-67,/dev/serial/by-path/pci-0000:05:00.3-usb-0:2.1.2:1.0-port0
1790754314.9361,C,1012,52881,-64,/dev/serial/by-path/pci-0000:05:00.3-usb-0:2.1.3:1.0-port0
1790754314.9413,A,1015,52890,-82,/dev/serial/by-path/pci-0000:05:00.3-usb-0:2.1.1:1.0-port0
1790754314.9488,B,992,52896,-67,/dev/serial/by-path/pci-0000:05:00.3-usb-0:2.1.2:1.0-port0
1790754314.9787,C,1013,52924,-64,/dev/serial/by-path/pci-0000:05:00.3-usb-0:2.1.3:1.0-port0
1790754314.9791,B,993,52926,-71,/dev/serial/by-path/pci-0000:05:00.3-usb-0:2.1.2:1.0-port0
1790754314.9901,A,1016,52940,-81,/dev/serial/by-path/pci-0000:05:00.3-usb-0:2.1.1:1.0-port0
1790754315.0270,C,1014,52972,-64,/dev/serial/by-path/pci-0000:05:00.3-usb-0:2.1.3:1.0-port0
1790754315.0457,B,994,52992,-68,/dev/serial/by-path/pci-0000:05:00.3-usb-0:2.1.2:1.0-port0
1790754315.0755,A,1017,53026,-81,/dev/serial/by-path/pci-0000:05:00.3-usb-0:2.1.1:1.0-port0
1790754315.0759,B,995,53023,-68,/dev/serial/by-path/pci-0000:05:00.3-usb-0:2.1.2:1.0-port0
1790754315.0763,C,1015,53021,-63,/dev/serial/by-path/pci-0000:05:00.3-usb-0:2.1.3:1.0-port0
1790754315.1250,B,996,53072,-72,/dev/serial/by-path/pci-0000:05:00.3-usb-0:2.1.2:1.0-port0
1790754315.1636,C,1016,53109,-64,/dev/serial/by-path/pci-0000:05:00.3-usb-0:2.1.3:1.0-port0
1790754315.1637,A,1018,53114,-81,/dev/serial/by-path/pci-0000:05:00.3-usb-0:2.1.1:1.0-port0
1790754315.2053,B,997,53152,-68,/dev/serial/by-path/pci-0000:05:00.3-usb-0:2.1.2:1.0-port0
1790754315.2166,C,1017,53162,-63,/dev/serial/by-path/pci-0000:05:00.3-usb-0:2.1.3:1.0-port0
1790754315.2215,A,1019,53171,-82,/dev/serial/by-path/pci-0000:05:00.3-usb-0:2.1.1:1.0-port0
1790754315.2583,C,1018,53204,-64,/dev/serial/by-path/pci-0000:05:00.3-usb-0:2.1.3:1.0-port0
1790754315.2597,B,998,53206,-68,/dev/serial/by-path/pci-0000:05:00.3-usb-0:2.1.2:1.0-port0
1790754315.2768,A,1020,53227,-82,/dev/serial/by-path/pci-0000:05:00.3-usb-0:2.1.1:1.0-port0
1790754315.3046,A,1021,53254,-87,/dev/serial/by-path/pci-0000:05:00.3-usb-0:2.1.1:1.0-port0
1790754315.3049,C,1019,53250,-63,/dev/serial/by-path/pci-0000:05:00.3-usb-0:2.1.3:1.0-port0
1790754315.3096,B,999,53256,-71,/dev/serial/by-path/pci-0000:05:00.3-usb-0:2.1.2:1.0-port0
1790754315.3499,B,1000,53297,-67,/dev/serial/by-path/pci-0000:05:00.3-usb-0:2.1.2:1.0-port0
1790754315.3785,C,1020,53324,-62,/dev/serial/by-path/pci-0000:05:00.3-usb-0:2.1.3:1.0-port0
1790754315.3819,A,1022,53332,-82,/dev/serial/by-path/pci-0000:05:00.3-usb-0:2.1.1:1.0-port0
1790754315.4398,A,1023,53390,-79,/dev/serial/by-path/pci-0000:05:00.3-usb-0:2.1.1:1.0-port0
1790754315.4439,B,1001,53391,-70,/dev/serial/by-path/pci-0000:05:00.3-usb-0:2.1.2:1.0-port0
1790754315.4790,C,1021,53424,-64,/dev/serial/by-path/pci-0000:05:00.3-usb-0:2.1.3:1.0-port0
1790754315.4853,B,1002,53432,-68,/dev/serial/by-path/pci-0000:05:00.3-usb-0:2.1.2:1.0-port0
1790754315.4875,A,1024,53438,-83,/dev/serial/by-path/pci-0000:05:00.3-usb-0:2.1.1:1.0-port0
1790754315.4881,C,1022,53434,-63,/dev/serial/by-path/pci-0000:05:00.3-usb-0:2.1.3:1.0-port0
1790754315.4898,A,1025,53438,-80,/dev/serial/by-path/pci-0000:05:00.3-usb-0:2.1.1:1.0-port0
1790754315.5300,A,1026,53480,-78,/dev/serial/by-path/pci-0000:05:00.3-usb-0:2.1.1:1.0-port0
1790754315.5497,B,1003,53497,-68,/dev/serial/by-path/pci-0000:05:00.3-usb-0:2.1.2:1.0-port0
1790754315.5781,C,1023,53524,-65,/dev/serial/by-path/pci-0000:05:00.3-usb-0:2.1.3:1.0-port0
1790754315.5784,B,1004,53525,-71,/dev/serial/by-path/pci-0000:05:00.3-usb-0:2.1.2:1.0-port0
1790754315.5901,A,1027,53540,-77,/dev/serial/by-path/pci-0000:05:00.3-usb-0:2.1.1:1.0-port0
1790754315.6251,C,1024,53570,-63,/dev/serial/by-path/pci-0000:05:00.3-usb-0:2.1.3:1.0-port0
1790754315.6252,A,1028,53575,-79,/dev/serial/by-path/pci-0000:05:00.3-usb-0:2.1.1:1.0-port0
1790754315.6489,B,1005,53595,-67,/dev/serial/by-path/pci-0000:05:00.3-usb-0:2.1.2:1.0-port0
1790754315.6663,B,1006,53613,-68,/dev/serial/by-path/pci-0000:05:00.3-usb-0:2.1.2:1.0-port0
1790754315.6667,A,1029,53616,-78,/dev/serial/by-path/pci-0000:05:00.3-usb-0:2.1.1:1.0-port0
1790754315.6785,C,1025,53624,-63,/dev/serial/by-path/pci-0000:05:00.3-usb-0:2.1.3:1.0-port0
1790754315.7597,B,1007,53706,-71,/dev/serial/by-path/pci-0000:05:00.3-usb-0:2.1.2:1.0-port0
1790754315.7680,B,1008,53715,-68,/dev/serial/by-path/pci-0000:05:00.3-usb-0:2.1.2:1.0-port0
1790754315.7702,C,1026,53715,-64,/dev/serial/by-path/pci-0000:05:00.3-usb-0:2.1.3:1.0-port0
1790754315.7900,A,1030,53740,-84,/dev/serial/by-path/pci-0000:05:00.3-usb-0:2.1.1:1.0-port0
1790754315.8086,C,1027,53754,-63,/dev/serial/by-path/pci-0000:05:00.3-usb-0:2.1.3:1.0-port0
1790754315.8091,A,1031,53759,-77,/dev/serial/by-path/pci-0000:05:00.3-usb-0:2.1.1:1.0-port0
1790754315.8095,B,1009,53755,-68,/dev/serial/by-path/pci-0000:05:00.3-usb-0:2.1.2:1.0-port0
1790754315.8603,B,1010,53807,-68,/dev/serial/by-path/pci-0000:05:00.3-usb-0:2.1.2:1.0-port0
1790754315.8619,C,1028,53807,-64,/dev/serial/by-path/pci-0000:05:00.3-usb-0:2.1.3:1.0-port0
1790754315.8900,A,1032,53840,-76,/dev/serial/by-path/pci-0000:05:00.3-usb-0:2.1.1:1.0-port0
1790754315.9054,A,1033,53855,-80,/dev/serial/by-path/pci-0000:05:00.3-usb-0:2.1.1:1.0-port0
1790754315.9056,B,1011,53852,-72,/dev/serial/by-path/pci-0000:05:00.3-usb-0:2.1.2:1.0-port0
1790754315.9285,C,1029,53874,-64,/dev/serial/by-path/pci-0000:05:00.3-usb-0:2.1.3:1.0-port0
1790754315.9412,B,1012,53888,-68,/dev/serial/by-path/pci-0000:05:00.3-usb-0:2.1.2:1.0-port0
1790754315.9474,C,1030,53893,-64,/dev/serial/by-path/pci-0000:05:00.3-usb-0:2.1.3:1.0-port0
1790754316.0377,A,1034,53988,-76,/dev/serial/by-path/pci-0000:05:00.3-usb-0:2.1.1:1.0-port0
1790754316.0441,C,1031,53990,-63,/dev/serial/by-path/pci-0000:05:00.3-usb-0:2.1.3:1.0-port0
1790754316.0444,B,1013,53991,-71,/dev/serial/by-path/pci-0000:05:00.3-usb-0:2.1.2:1.0-port0
1790754316.0764,B,1014,54023,-67,/dev/serial/by-path/pci-0000:05:00.3-usb-0:2.1.2:1.0-port0
1790754316.0781,A,1035,54028,-80,/dev/serial/by-path/pci-0000:05:00.3-usb-0:2.1.1:1.0-port0
1790754316.0785,C,1032,54024,-63,/dev/serial/by-path/pci-0000:05:00.3-usb-0:2.1.3:1.0-port0
1790754316.1288,C,1033,54074,-63,/dev/serial/by-path/pci-0000:05:00.3-usb-0:2.1.3:1.0-port0
1790754316.1397,A,1036,54090,-78,/dev/serial/by-path/pci-0000:05:00.3-usb-0:2.1.1:1.0-port0
1790754316.1642,C,1034,54109,-64,/dev/serial/by-path/pci-0000:05:00.3-usb-0:2.1.3:1.0-port0
1790754316.1901,A,1037,54140,-76,/dev/serial/by-path/pci-0000:05:00.3-usb-0:2.1.1:1.0-port0
1790754316.2102,B,1015,54157,-71,/dev/serial/by-path/pci-0000:05:00.3-usb-0:2.1.2:1.0-port0
1790754316.2170,A,1038,54167,-81,/dev/serial/by-path/pci-0000:05:00.3-usb-0:2.1.1:1.0-port0
1790754316.2285,C,1035,54174,-63,/dev/serial/by-path/pci-0000:05:00.3-usb-0:2.1.3:1.0-port0
1790754316.2580,A,1039,54208,-79,/dev/serial/by-path/pci-0000:05:00.3-usb-0:2.1.1:1.0-port0
1790754316.2581,C,1036,54204,-64,/dev/serial/by-path/pci-0000:05:00.3-usb-0:2.1.3:1.0-port0
1790754316.2595,B,1016,54206,-67,/dev/serial/by-path/pci-0000:05:00.3-usb-0:2.1.2:1.0-port0
1790754316.3088,C,1037,54254,-65,/dev/serial/by-path/pci-0000:05:00.3-usb-0:2.1.3:1.0-port0
1790754316.3104,B,1017,54257,-68,/dev/serial/by-path/pci-0000:05:00.3-usb-0:2.1.2:1.0-port0
1790754316.3177,A,1040,54268,-77,/dev/serial/by-path/pci-0000:05:00.3-usb-0:2.1.1:1.0-port0
1790754316.3599,B,1018,54306,-71,/dev/serial/by-path/pci-0000:05:00.3-usb-0:2.1.2:1.0-port0
1790754316.3710,C,1038,54316,-63,/dev/serial/by-path/pci-0000:05:00.3-usb-0:2.1.3:1.0-port0
1790754316.3715,A,1041,54322,-81,/dev/serial/by-path/pci-0000:05:00.3-usb-0:2.1.1:1.0-port0
1790754316.4607,B,1019,54406,-67,/dev/serial/by-path/pci-0000:05:00.3-usb-0:2.1.2:1.0-port0
1790754316.4785,C,1039,54424,-65,/dev/serial/by-path/pci-0000:05:00.3-usb-0:2.1.3:1.0-port0
1790754316.4896,A,1042,54440,-78,/dev/serial/by-path/pci-0000:05:00.3-usb-0:2.1.1:1.0-port0
1790754316.5096,B,1020,54456,-71,/dev/serial/by-path/pci-0000:05:00.3-usb-0:2.1.2:1.0-port0
1790754316.5137,A,1043,54464,-85,/dev/serial/by-path/pci-0000:05:00.3-usb-0:2.1.1:1.0-port0
1790754316.5140,C,1040,54459,-64,/dev/serial/by-path/pci-0000:05:00.3-usb-0:2.1.3:1.0-port0
1790754316.5404,B,1021,54487,-68,/dev/serial/by-path/pci-0000:05:00.3-usb-0:2.1.2:1.0-port0
1790754316.5785,C,1041,54524,-64,/dev/serial/by-path/pci-0000:05:00.3-usb-0:2.1.3:1.0-port0
1790754316.5881,A,1044,54538,-80,/dev/serial/by-path/pci-0000:05:00.3-usb-0:2.1.1:1.0-port0
1790754316.5883,B,1022,54535,-68,/dev/serial/by-path/pci-0000:05:00.3-usb-0:2.1.2:1.0-port0
1790754316.5951,C,1042,54540,-65,/dev/serial/by-path/pci-0000:05:00.3-usb-0:2.1.3:1.0-port0
1790754316.6352,B,1023,54582,-70,/dev/serial/by-path/pci-0000:05:00.3-usb-0:2.1.2:1.0-port0
1790754316.6435,C,1043,54589,-63,/dev/serial/by-path/pci-0000:05:00.3-usb-0:2.1.3:1.0-port0
1790754316.6785,C,1044,54624,-65,/dev/serial/by-path/pci-0000:05:00.3-usb-0:2.1.3:1.0-port0
1790754316.6793,A,1045,54629,-84,/dev/serial/by-path/pci-0000:05:00.3-usb-0:2.1.1:1.0-port0
1790754316.7102,B,1024,54657,-67,/dev/serial/by-path/pci-0000:05:00.3-usb-0:2.1.2:1.0-port0
1790754316.7289,C,1045,54674,-63,/dev/serial/by-path/pci-0000:05:00.3-usb-0:2.1.3:1.0-port0
1790754316.7404,A,1046,54690,-79,/dev/serial/by-path/pci-0000:05:00.3-usb-0:2.1.1:1.0-port0
1790754316.7436,B,1025,54690,-67,/dev/serial/by-path/pci-0000:05:00.3-usb-0:2.1.2:1.0-port0
1790754316.7674,A,1047,54718,-76,/dev/serial/by-path/pci-0000:05:00.3-usb-0:2.1.1:1.0-port0
1790754316.7675,C,1046,54713,-66,/dev/serial/by-path/pci-0000:05:00.3-usb-0:2.1.3:1.0-port0
1790754316.7872,B,1026,54734,-71,/dev/serial/by-path/pci-0000:05:00.3-usb-0:2.1.2:1.0-port0
1790754316.8096,B,1027,54756,-70,/dev/serial/by-path/pci-0000:05:00.3-usb-0:2.1.2:1.0-port0
1790754316.8285,C,1047,54774,-64,/dev/serial/by-path/pci-0000:05:00.3-usb-0:2.1.3:1.0-port0
1790754316.8396,A,1048,54790,-84,/dev/serial/by-path/pci-0000:05:00.3-usb-0:2.1.1:1.0-port0
1790754316.8531,A,1049,54803,-81,/dev/serial/by-path/pci-0000:05:00.3-usb-0:2.1.1:1.0-port0
1790754316.8534,C,1048,54798,-64,/dev/serial/by-path/pci-0000:05:00.3-usb-0:2.1.3:1.0-port0
1790754316.8538,B,1028,54800,-68,/dev/serial/by-path/pci-0000:05:00.3-usb-0:2.1.2:1.0-port0
1790754316.8967,B,1029,54843,-68,/dev/serial/by-path/pci-0000:05:00.3-usb-0:2.1.2:1.0-port0
1790754316.9164,A,1050,54866,-77,/dev/serial/by-path/pci-0000:05:00.3-usb-0:2.1.1:1.0-port0
1790754316.9282,C,1049,54874,-66,/dev/serial/by-path/pci-0000:05:00.3-usb-0:2.1.3:1.0-port0
1790754316.9523,C,1050,54897,-63,/dev/serial/by-path/pci-0000:05:00.3-usb-0:2.1.3:1.0-port0
1790754316.9524,A,1051,54903,-84,/dev/serial/by-path/pci-0000:05:00.3-usb-0:2.1.1:1.0-port0
1790754316.9527,B,1030,54899,-71,/dev/serial/by-path/pci-0000:05:00.3-usb-0:2.1.2:1.0-port0
1790754316.9962,C,1051,54942,-63,/dev/serial/by-path/pci-0000:05:00.3-usb-0:2.1.3:1.0-port0
1790754317.0098,B,1031,54956,-68,/dev/serial/by-path/pci-0000:05:00.3-usb-0:2.1.2:1.0-port0
1790754317.0319,A,1052,54982,-81,/dev/serial/by-path/pci-0000:05:00.3-usb-0:2.1.1:1.0-port0
1790754317.0324,B,1032,54979,-68,/dev/serial/by-path/pci-0000:05:00.3-usb-0:2.1.2:1.0-port0
1790754317.0714,C,1052,55017,-66,/dev/serial/by-path/pci-0000:05:00.3-usb-0:2.1.3:1.0-port0
1790754317.0737,B,1033,55021,-71,/dev/serial/by-path/pci-0000:05:00.3-usb-0:2.1.2:1.0-port0
1790754317.0793,C,1053,55024,-66,/dev/serial/by-path/pci-0000:05:00.3-usb-0:2.1.3:1.0-port0
1790754317.0900,A,1053,55040,-78,/dev/serial/by-path/pci-0000:05:00.3-usb-0:2.1.1:1.0-port0
1790754317.1291,C,1054,55074,-64,/dev/serial/by-path/pci-0000:05:00.3-usb-0:2.1.3:1.0-port0
1790754317.1295,B,1034,55076,-68,/dev/serial/by-path/pci-0000:05:00.3-usb-0:2.1.2:1.0-port0
1790754317.1299,A,1054,55080,-83,/dev/serial/by-path/pci-0000:05:00.3-usb-0:2.1.1:1.0-port0
1790754317.1790,C,1055,55124,-63,/dev/serial/by-path/pci-0000:05:00.3-usb-0:2.1.3:1.0-port0
1790754317.1899,A,1055,55140,-80,/dev/serial/by-path/pci-0000:05:00.3-usb-0:2.1.1:1.0-port0
1790754317.2066,B,1035,55153,-67,/dev/serial/by-path/pci-0000:05:00.3-usb-0:2.1.2:1.0-port0
1790754317.2288,C,1056,55174,-65,/dev/serial/by-path/pci-0000:05:00.3-usb-0:2.1.3:1.0-port0
1790754317.2401,A,1056,55190,-76,/dev/serial/by-path/pci-0000:05:00.3-usb-0:2.1.1:1.0-port0
1790754317.2598,B,1036,55206,-71,/dev/serial/by-path/pci-0000:05:00.3-usb-0:2.1.2:1.0-port0
1790754317.2654,A,1057,55215,-83,/dev/serial/by-path/pci-0000:05:00.3-usb-0:2.1.1:1.0-port0
1790754317.2657,C,1057,55211,-64,/dev/serial/by-path/pci-0000:05:00.3-usb-0:2.1.3:1.0-port0
1790754317.2886,B,1037,55235,-68,/dev/serial/by-path/pci-0000:05:00.3-usb-0:2.1.2:1.0-port0
1790754317.2901,A,1058,55240,-83,/dev/serial/by-path/pci-0000:05:00.3-usb-0:2.1.1:1.0-port0
1790754317.3011,C,1058,55247,-65,/dev/serial/by-path/pci-0000:05:00.3-usb-0:2.1.3:1.0-port0
1790754317.3343,A,1059,55284,-80,/dev/serial/by-path/pci-0000:05:00.3-usb-0:2.1.1:1.0-port0
1790754317.3593,B,1038,55306,-68,/dev/serial/by-path/pci-0000:05:00.3-usb-0:2.1.2:1.0-port0
1790754317.3718,C,1059,55318,-65,/dev/serial/by-path/pci-0000:05:00.3-usb-0:2.1.3:1.0-port0
1790754317.3777,B,1039,55325,-71,/dev/serial/by-path/pci-0000:05:00.3-usb-0:2.1.2:1.0-port0
1790754317.3778,A,1060,55328,-77,/dev/serial/by-path/pci-0000:05:00.3-usb-0:2.1.1:1.0-port0
1790754317.3782,C,1060,55324,-66,/dev/serial/by-path/pci-0000:05:00.3-usb-0:2.1.3:1.0-port0
1790754317.4249,B,1040,55372,-68,/dev/serial/by-path/pci-0000:05:00.3-usb-0:2.1.2:1.0-port0
1790754317.4266,A,1061,55377,-83,/dev/serial/by-path/pci-0000:05:00.3-usb-0:2.1.1:1.0-port0
1790754317.4269,C,1061,55372,-63,/dev/serial/by-path/pci-0000:05:00.3-usb-0:2.1.3:1.0-port0
1790754317.4737,A,1062,55424,-80,/dev/serial/by-path/pci-0000:05:00.3-usb-0:2.1.1:1.0-port0
1790754317.4785,C,1062,55424,-64,/dev/serial/by-path/pci-0000:05:00.3-usb-0:2.1.3:1.0-port0
1790754317.4815,B,1041,55428,-67,/dev/serial/by-path/pci-0000:05:00.3-usb-0:2.1.2:1.0-port0
1790754317.5166,C,1063,55462,-65,/dev/serial/by-path/pci-0000:05:00.3-usb-0:2.1.3:1.0-port0
1790754317.5592,B,1042,55506,-71,/dev/serial/by-path/pci-0000:05:00.3-usb-0:2.1.2:1.0-port0
1790754317.5784,C,1064,55524,-64,/dev/serial/by-path/pci-0000:05:00.3-usb-0:2.1.3:1.0-port0
1790754317.5879,A,1063,55538,-80,/dev/serial/by-path/pci-0000:05:00.3-usb-0:2.1.1:1.0-port0
1790754317.6037,B,1043,55550,-68,/dev/serial/by-path/pci-0000:05:00.3-usb-0:2.1.2:1.0-port0
1790754317.6040,C,1065,55549,-64,/dev/serial/by-path/pci-0000:05:00.3-usb-0:2.1.3:1.0-port0
1790754317.6122,A,1064,55563,-79,/dev/serial/by-path/pci-0000:05:00.3-usb-0:2.1.1:1.0-port0
1790754317.6528,C,1066,55598,-65,/dev/serial/by-path/pci-0000:05:00.3-usb-0:2.1.3:1.0-port0
1790754317.6531,B,1044,55600,-67,/dev/serial/by-path/pci-0000:05:00.3-usb-0:2.1.2:1.0-port0
1790754317.6869,A,1065,55637,-77,/dev/serial/by-path/pci-0000:05:00.3-usb-0:2.1.1:1.0-port0
1790754317.7098,B,1045,55656,-71,/dev/serial/by-path/pci-0000:05:00.3-usb-0:2.1.2:1.0-port0
1790754317.7235,C,1067,55669,-64,/dev/serial/by-path/pci-0000:05:00.3-usb-0:2.1.3:1.0-port0
1790754317.7353,C,1068,55681,-64,/dev/serial/by-path/pci-0000:05:00.3-usb-0:2.1.3:1.0-port0
1790754317.7354,A,1066,55685,-83,/dev/serial/by-path/pci-0000:05:00.3-usb-0:2.1.1:1.0-port0
1790754317.7596,B,1046,55706,-67,/dev/serial/by-path/pci-0000:05:00.3-usb-0:2.1.2:1.0-port0
1790754317.7805,B,1047,55727,-68,/dev/serial/by-path/pci-0000:05:00.3-usb-0:2.1.2:1.0-port0
1790754317.7888,A,1067,55739,-80,/dev/serial/by-path/pci-0000:05:00.3-usb-0:2.1.1:1.0-port0
1790754317.8406,A,1068,55790,-78,/dev/serial/by-path/pci-0000:05:00.3-usb-0:2.1.1:1.0-port0
1790754317.8593,B,1048,55806,-71,/dev/serial/by-path/pci-0000:05:00.3-usb-0:2.1.2:1.0-port0
1790754317.8789,C,1069,55824,-64,/dev/serial/by-path/pci-0000:05:00.3-usb-0:2.1.3:1.0-port0
1790754317.8901,A,1069,55840,-80,/dev/serial/by-path/pci-0000:05:00.3-usb-0:2.1.1:1.0-port0
1790754317.9097,B,1049,55856,-67,/dev/serial/by-path/pci-0000:05:00.3-usb-0:2.1.2:1.0-port0
1790754317.9288,C,1070,55874,-64,/dev/serial/by-path/pci-0000:05:00.3-usb-0:2.1.3:1.0-port0
1790754317.9302,A,1070,55880,-79,/dev/serial/by-path/pci-0000:05:00.3-usb-0:2.1.1:1.0-port0
1790754317.9581,B,1050,55905,-70,/dev/serial/by-path/pci-0000:05:00.3-usb-0:2.1.2:1.0-port0
1790754317.9949,B,1051,55942,-71,/dev/serial/by-path/pci-0000:05:00.3-usb-0:2.1.2:1.0-port0
1790754318.0031,A,1071,55954,-81,/dev/serial/by-path/pci-0000:05:00.3-usb-0:2.1.1:1.0-port0
1790754318.0035,C,1071,55949,-63,/dev/serial/by-path/pci-0000:05:00.3-usb-0:2.1.3:1.0-port0
1790754318.0082,B,1052,55955,-71,/dev/serial/by-path/pci-0000:05:00.3-usb-0:2.1.2:1.0-port0
1790754318.0522,C,1072,55998,-65,/dev/serial/by-path/pci-0000:05:00.3-usb-0:2.1.3:1.0-port0
1790754318.0595,B,1053,56006,-67,/dev/serial/by-path/pci-0000:05:00.3-usb-0:2.1.2:1.0-port0
1790754318.0896,A,1072,56040,-80,/dev/serial/by-path/pci-0000:05:00.3-usb-0:2.1.1:1.0-port0
1790754318.0985,B,1054,56045,-67,/dev/serial/by-path/pci-0000:05:00.3-usb-0:2.1.2:1.0-port0
1790754318.0992,A,1073,56050,-78,/dev/serial/by-path/pci-0000:05:00.3-usb-0:2.1.1:1.0-port0
1790754318.1285,C,1073,56074,-65,/dev/serial/by-path/pci-0000:05:00.3-usb-0:2.1.3:1.0-port0
1790754318.1596,B,1055,56106,-71,/dev/serial/by-path/pci-0000:05:00.3-usb-0:2.1.2:1.0-port0
1790754318.1833,B,1056,56130,-67,/dev/serial/by-path/pci-0000:05:00.3-usb-0:2.1.2:1.0-port0
1790754318.1848,A,1074,56134,-81,/dev/serial/by-path/pci-0000:05:00.3-usb-0:2.1.1:1.0-port0
1790754318.1874,C,1074,56133,-64,/dev/serial/by-path/pci-0000:05:00.3-usb-0:2.1.3:1.0-port0
1790754318.2288,A,1075,56179,-78,/dev/serial/by-path/pci-0000:05:00.3-usb-0:2.1.1:1.0-port0
1790754318.2290,C,1075,56174,-64,/dev/serial/by-path/pci-0000:05:00.3-usb-0:2.1.3:1.0-port0
1790754318.2357,B,1057,56182,-67,/dev/serial/by-path/pci-0000:05:00.3-usb-0:2.1.2:1.0-port0
1790754318.2735,C,1076,56219,-65,/dev/serial/by-path/pci-0000:05:00.3-usb-0:2.1.3:1.0-port0
1790754318.2739,A,1076,56224,-77,/dev/serial/by-path/pci-0000:05:00.3-usb-0:2.1.1:1.0-port0
1790754318.2789,B,1058,56226,-70,/dev/serial/by-path/pci-0000:05:00.3-usb-0:2.1.2:1.0-port0
1790754318.3214,B,1059,56268,-68,/dev/serial/by-path/pci-0000:05:00.3-usb-0:2.1.2:1.0-port0
1790754318.3231,C,1077,56268,-63,/dev/serial/by-path/pci-0000:05:00.3-usb-0:2.1.3:1.0-port0
1790754318.3233,A,1077,56273,-79,/dev/serial/by-path/pci-0000:05:00.3-usb-0:2.1.1:1.0-port0
1790754318.3667,A,1078,56317,-78,/dev/serial/by-path/pci-0000:05:00.3-usb-0:2.1.1:1.0-port0
1790754318.3671,C,1078,56312,-65,/dev/serial/by-path/pci-0000:05:00.3-usb-0:2.1.3:1.0-port0
1790754318.4151,C,1079,56361,-62,/dev/serial/by-path/pci-0000:05:00.3-usb-0:2.1.3:1.0-port0
1790754318.4186,A,1079,56367,-78,/dev/serial/by-path/pci-0000:05:00.3-usb-0:2.1.1:1.0-port0
1790754318.4187,B,1060,56364,-71,/dev/serial/by-path/pci-0000:05:00.3-usb-0:2.1.2:1.0-port0
1790754318.4668,C,1080,56412,-63,/dev/serial/by-path/pci-0000:05:00.3-usb-0:2.1.3:1.0-port0
1790754318.4671,A,1080,56417,-79,/dev/serial/by-path/pci-0000:05:00.3-usb-0:2.1.1:1.0-port0
1790754318.4970,B,1061,56444,-67,/dev/serial/by-path/pci-0000:05:00.3-usb-0:2.1.2:1.0-port0
1790754318.5542,C,1081,56500,-66,/dev/serial/by-path/pci-0000:05:00.3-usb-0:2.1.3:1.0-port0
1790754318.5546,A,1081,56504,-78,/dev/serial/by-path/pci-0000:05:00.3-usb-0:2.1.1:1.0-port0
1790754318.5574,B,1062,56504,-67,/dev/serial/by-path/pci-0000:05:00.3-usb-0:2.1.2:1.0-port0
1790754318.6096,B,1063,56556,-71,/dev/serial/by-path/pci-0000:05:00.3-usb-0:2.1.2:1.0-port0
1790754318.6244,C,1082,56570,-64,/dev/serial/by-path/pci-0000:05:00.3-usb-0:2.1.3:1.0-port0
1790754318.6324,A,1082,56582,-82,/dev/serial/by-path/pci-0000:05:00.3-usb-0:2.1.1:1.0-port0
1790754318.6384,B,1064,56585,-67,/dev/serial/by-path/pci-0000:05:00.3-usb-0:2.1.2:1.0-port0
1790754318.6630,C,1083,56608,-64,/dev/serial/by-path/pci-0000:05:00.3-usb-0:2.1.3:1.0-port0
1790754318.6822,A,1083,56632,-81,/dev/serial/by-path/pci-0000:05:00.3-usb-0:2.1.1:1.0-port0
1790754318.6825,B,1065,56629,-67,/dev/serial/by-path/pci-0000:05:00.3-usb-0:2.1.2:1.0-port0
1790754318.6913,C,1084,56637,-66,/dev/serial/by-path/pci-0000:05:00.3-usb-0:2.1.3:1.0-port0
1790754318.7305,A,1084,56681,-78,/dev/serial/by-path/pci-0000:05:00.3-usb-0:2.1.1:1.0-port0
1790754318.7307,B,1066,56678,-70,/dev/serial/by-path/pci-0000:05:00.3-usb-0:2.1.2:1.0-port0
1790754318.7774,B,1067,56724,-68,/dev/serial/by-path/pci-0000:05:00.3-usb-0:2.1.2:1.0-port0
1790754318.7867,A,1085,56737,-82,/dev/serial/by-path/pci-0000:05:00.3-usb-0:2.1.1:1.0-port0
1790754318.8175,A,1086,56767,-83,/dev/serial/by-path/pci-0000:05:00.3-usb-0:2.1.1:1.0-port0
1790754318.8191,B,1068,56766,-67,/dev/serial/by-path/pci-0000:05:00.3-usb-0:2.1.2:1.0-port0
1790754318.8264,C,1085,56772,-64,/dev/serial/by-path/pci-0000:05:00.3-usb-0:2.1.3:1.0-port0
1790754318.8672,C,1086,56812,-64,/dev/serial/by-path/pci-0000:05:00.3-usb-0:2.1.3:1.0-port0
1790754318.8722,A,1087,56822,-80,/dev/serial/by-path/pci-0000:05:00.3-usb-0:2.1.1:1.0-port0
1790754318.9080,B,1069,56856,-69,/dev/serial/by-path/pci-0000:05:00.3-usb-0:2.1.2:1.0-port0
1790754318.9105,B,1070,56856,-71,/dev/serial/by-path/pci-0000:05:00.3-usb-0:2.1.2:1.0-port0
1790754318.9284,C,1087,56874,-64,/dev/serial/by-path/pci-0000:05:00.3-usb-0:2.1.3:1.0-port0
1790754318.9343,A,1088,56884,-87,/dev/serial/by-path/pci-0000:05:00.3-usb-0:2.1.1:1.0-port0
1790754318.9529,B,1071,56900,-68,/dev/serial/by-path/pci-0000:05:00.3-usb-0:2.1.2:1.0-port0
1790754318.9533,A,1089,56904,-84,/dev/serial/by-path/pci-0000:05:00.3-usb-0:2.1.1:1.0-port0
1790754318.9714,C,1088,56917,-64,/dev/serial/by-path/pci-0000:05:00.3-usb-0:2.1.3:1.0-port0
1790754319.0477,A,1090,56998,-89,/dev/serial/by-path/pci-0000:05:00.3-usb-0:2.1.1:1.0-port0
1790754319.0481,B,1072,56995,-71,/dev/serial/by-path/pci-0000:05:00.3-usb-0:2.1.2:1.0-port0
1790754319.0484,C,1089,56993,-63,/dev/serial/by-path/pci-0000:05:00.3-usb-0:2.1.3:1.0-port0
1790754319.0957,B,1073,57042,-68,/dev/serial/by-path/pci-0000:05:00.3-usb-0:2.1.2:1.0-port0
1790754319.1290,C,1090,57074,-64,/dev/serial/by-path/pci-0000:05:00.3-usb-0:2.1.3:1.0-port0
1790754319.1295,A,1091,57080,-83,/dev/serial/by-path/pci-0000:05:00.3-usb-0:2.1.1:1.0-port0
1790754319.1432,B,1074,57090,-67,/dev/serial/by-path/pci-0000:05:00.3-usb-0:2.1.2:1.0-port0
1790754319.1505,C,1091,57096,-64,/dev/serial/by-path/pci-0000:05:00.3-usb-0:2.1.3:1.0-port0
1790754319.1507,A,1092,57100,-83,/dev/serial/by-path/pci-0000:05:00.3-usb-0:2.1.1:1.0-port0
1790754319.1901,A,1093,57140,-101,/dev/serial/by-path/pci-0000:05:00.3-usb-0:2.1.1:1.0-port0
1790754319.2097,B,1075,57156,-71,/dev/serial/by-path/pci-0000:05:00.3-usb-0:2.1.2:1.0-port0
1790754319.2285,C,1092,57174,-63,/dev/serial/by-path/pci-0000:05:00.3-usb-0:2.1.3:1.0-port0
1790754319.2329,B,1076,57180,-68,/dev/serial/by-path/pci-0000:05:00.3-usb-0:2.1.2:1.0-port0
1790754319.2401,A,1094,57190,-83,/dev/serial/by-path/pci-0000:05:00.3-usb-0:2.1.1:1.0-port0
1790754319.2760,C,1093,57221,-64,/dev/serial/by-path/pci-0000:05:00.3-usb-0:2.1.3:1.0-port0
1790754319.2815,A,1095,57231,-79,/dev/serial/by-path/pci-0000:05:00.3-usb-0:2.1.1:1.0-port0
1790754319.2817,B,1077,57229,-67,/dev/serial/by-path/pci-0000:05:00.3-usb-0:2.1.2:1.0-port0
1790754319.3283,A,1096,57278,-81,/dev/serial/by-path/pci-0000:05:00.3-usb-0:2.1.1:1.0-port0
1790754319.3284,C,1094,57274,-63,/dev/serial/by-path/pci-0000:05:00.3-usb-0:2.1.3:1.0-port0
1790754319.3286,B,1078,57276,-71,/dev/serial/by-path/pci-0000:05:00.3-usb-0:2.1.2:1.0-port0
1790754319.3788,C,1095,57324,-62,/dev/serial/by-path/pci-0000:05:00.3-usb-0:2.1.3:1.0-port0
1790754319.3835,B,1079,57330,-68,/dev/serial/by-path/pci-0000:05:00.3-usb-0:2.1.2:1.0-port0
1790754319.3905,A,1097,57340,-80,/dev/serial/by-path/pci-0000:05:00.3-usb-0:2.1.1:1.0-port0
1790754319.4280,C,1096,57374,-64,/dev/serial/by-path/pci-0000:05:00.3-usb-0:2.1.3:1.0-port0
1790754319.4400,A,1098,57390,-77,/dev/serial/by-path/pci-0000:05:00.3-usb-0:2.1.1:1.0-port0
1790754319.4402,B,1080,57387,-68,/dev/serial/by-path/pci-0000:05:00.3-usb-0:2.1.2:1.0-port0
1790754319.4645,C,1097,57410,-63,/dev/serial/by-path/pci-0000:05:00.3-usb-0:2.1.3:1.0-port0
1790754319.4902,A,1099,57440,-80,/dev/serial/by-path/pci-0000:05:00.3-usb-0:2.1.1:1.0-port0
1790754319.5086,B,1081,57456,-71,/dev/serial/by-path/pci-0000:05:00.3-usb-0:2.1.2:1.0-port0
1790754319.5288,C,1098,57474,-62,/dev/serial/by-path/pci-0000:05:00.3-usb-0:2.1.3:1.0-port0
1790754319.5316,A,1100,57482,-82,/dev/serial/by-path/pci-0000:05:00.3-usb-0:2.1.1:1.0-port0
1790754319.5536,C,1099,57499,-64,/dev/serial/by-path/pci-0000:05:00.3-usb-0:2.1.3:1.0-port0
1790754319.5597,B,1082,57506,-69,/dev/serial/by-path/pci-0000:05:00.3-usb-0:2.1.2:1.0-port0
1790754319.5688,A,1101,57519,-78,/dev/serial/by-path/pci-0000:05:00.3-usb-0:2.1.1:1.0-port0
1790754319.5987,B,1083,57545,-67,/dev/serial/by-path/pci-0000:05:00.3-usb-0:2.1.2:1.0-port0
1790754319.6271,C,1100,57573,-63,/dev/serial/by-path/pci-0000:05:00.3-usb-0:2.1.3:1.0-port0
1790754319.6272,A,1102,57577,-78,/dev/serial/by-path/pci-0000:05:00.3-usb-0:2.1.1:1.0-port0
1790754319.6411,B,1084,57588,-71,/dev/serial/by-path/pci-0000:05:00.3-usb-0:2.1.2:1.0-port0
1790754319.6728,C,1101,57618,-63,/dev/serial/by-path/pci-0000:05:00.3-usb-0:2.1.3:1.0-port0
1790754319.6898,B,1085,57637,-67,/dev/serial/by-path/pci-0000:05:00.3-usb-0:2.1.2:1.0-port0
1790754319.6987,C,1102,57644,-64,/dev/serial/by-path/pci-0000:05:00.3-usb-0:2.1.3:1.0-port0
1790754319.7315,A,1103,57681,-78,/dev/serial/by-path/pci-0000:05:00.3-usb-0:2.1.1:1.0-port0
1790754319.7344,B,1086,57681,-67,/dev/serial/by-path/pci-0000:05:00.3-usb-0:2.1.2:1.0-port0
1790754319.7720,C,1103,57718,-63,/dev/serial/by-path/pci-0000:05:00.3-usb-0:2.1.3:1.0-port0
1790754319.7744,C,1104,57718,-64,/dev/serial/by-path/pci-0000:05:00.3-usb-0:2.1.3:1.0-port0
1790754319.7786,A,1104,57729,-78,/dev/serial/by-path/pci-0000:05:00.3-usb-0:2.1.1:1.0-port0
1790754319.7790,B,1087,57726,-72,/dev/serial/by-path/pci-0000:05:00.3-usb-0:2.1.2:1.0-port0
1790754319.8145,A,1105,57765,-81,/dev/serial/by-path/pci-0000:05:00.3-usb-0:2.1.1:1.0-port0
1790754319.8149,C,1105,57760,-63,/dev/serial/by-path/pci-0000:05:00.3-usb-0:2.1.3:1.0-port0
1790754319.8596,B,1088,57806,-68,/dev/serial/by-path/pci-0000:05:00.3-usb-0:2.1.2:1.0-port0
1790754319.8675,C,1106,57813,-64,/dev/serial/by-path/pci-0000:05:00.3-usb-0:2.1.3:1.0-port0
1790754319.8854,A,1106,57835,-80,/dev/serial/by-path/pci-0000:05:00.3-usb-0:2.1.1:1.0-port0
1790754319.8961,B,1089,57843,-67,/dev/serial/by-path/pci-0000:05:00.3-usb-0:2.1.2:1.0-port0
1790754319.9026,C,1107,57848,-63,/dev/serial/by-path/pci-0000:05:00.3-usb-0:2.1.3:1.0-port0
1790754319.9030,A,1107,57853,-78,/dev/serial/by-path/pci-0000:05:00.3-usb-0:2.1.1:1.0-port0
1790754319.9402,A,1108,57890,-78,/dev/serial/by-path/pci-0000:05:00.3-usb-0:2.1.1:1.0-port0
1790754319.9595,B,1090,57906,-72,/dev/serial/by-path/pci-0000:05:00.3-usb-0:2.1.2:1.0-port0
1790754319.9764,B,1091,57923,-68,/dev/serial/by-path/pci-0000:05:00.3-usb-0:2.1.2:1.0-port0
1790754319.9767,C,1108,57922,-62,/dev/serial/by-path/pci-0000:05:00.3-usb-0:2.1.3:1.0-port0
1790754319.9787,C,1109,57923,-63,/dev/serial/by-path/pci-0000:05:00.3-usb-0:2.1.3:1.0-port0
1790754319.9901,A,1109,57940,-81,/dev/serial/by-path/pci-0000:05:00.3-usb-0:2.1.1:1.0-port0
1790754320.0229,A,1110,57974,-79,/dev/serial/by-path/pci-0000:05:00.3-usb-0:2.1.1:1.0-port0
1790754320.0284,C,1110,57974,-64,/dev/serial/by-path/pci-0000:05:00.3-usb-0:2.1.3:1.0-port0
1790754320.0693,C,1111,58015,-64,/dev/serial/by-path/pci-0000:05:00.3-usb-0:2.1.3:1.0-port0
1790754320.0805,B,1092,58027,-71,/dev/serial/by-path/pci-0000:05:00.3-usb-0:2.1.2:1.0-port0
1790754320.1110,C,1112,58056,-63,/dev/serial/by-path/pci-0000:05:00.3-usb-0:2.1.3:1.0-port0
1790754320.1116,A,1111,58062,-80,/dev/serial/by-path/pci-0000:05:00.3-usb-0:2.1.1:1.0-port0
1790754320.1557,B,1093,58102,-68,/dev/serial/by-path/pci-0000:05:00.3-usb-0:2.1.2:1.0-port0
1790754320.1645,C,1113,58110,-63,/dev/serial/by-path/pci-0000:05:00.3-usb-0:2.1.3:1.0-port0
1790754320.1646,A,1112,58114,-79,/dev/serial/by-path/pci-0000:05:00.3-usb-0:2.1.1:1.0-port0
1790754320.2097,B,1094,58156,-67,/dev/serial/by-path/pci-0000:05:00.3-usb-0:2.1.2:1.0-port0
1790754320.2574,B,1095,58204,-71,/dev/serial/by-path/pci-0000:05:00.3-usb-0:2.1.2:1.0-port0
1790754320.2577,A,1113,58208,-79,/dev/serial/by-path/pci-0000:05:00.3-usb-0:2.1.1:1.0-port0
1790754320.2581,C,1114,58203,-63,/dev/serial/by-path/pci-0000:05:00.3-usb-0:2.1.3:1.0-port0
1790754320.2911,B,1096,58238,-67,/dev/serial/by-path/pci-0000:05:00.3-usb-0:2.1.2:1.0-port0
1790754320.2925,C,1115,58238,-64,/dev/serial/by-path/pci-0000:05:00.3-usb-0:2.1.3:1.0-port0
1790754320.3326,B,1097,58279,-67,/dev/serial/by-path/pci-0000:05:00.3-usb-0:2.1.2:1.0-port0
1790754320.3400,A,1114,58290,-79,/dev/serial/by-path/pci-0000:05:00.3-usb-0:2.1.1:1.0-port0
1790754320.3433,C,1116,58289,-64,/dev/serial/by-path/pci-0000:05:00.3-usb-0:2.1.3:1.0-port0
1790754320.3906,A,1115,58341,-80,/dev/serial/by-path/pci-0000:05:00.3-usb-0:2.1.1:1.0-port0
1790754320.4016,B,1098,58348,-71,/dev/serial/by-path/pci-0000:05:00.3-usb-0:2.1.2:1.0-port0
1790754320.4280,B,1099,58375,-68,/dev/serial/by-path/pci-0000:05:00.3-usb-0:2.1.2:1.0-port0
1790754320.4303,A,1116,58380,-80,/dev/serial/by-path/pci-0000:05:00.3-usb-0:2.1.1:1.0-port0
1790754320.4745,C,1117,58420,-64,/dev/serial/by-path/pci-0000:05:00.3-usb-0:2.1.3:1.0-port0
1790754320.4763,B,1100,58423,-66,/dev/serial/by-path/pci-0000:05:00.3-usb-0:2.1.2:1.0-port0
1790754320.4900,A,1117,58440,-79,/dev/serial/by-path/pci-0000:05:00.3-usb-0:2.1.1:1.0-port0
1790754320.5156,C,1118,58461,-64,/dev/serial/by-path/pci-0000:05:00.3-usb-0:2.1.3:1.0-port0
1790754320.5157,A,1118,58466,-78,/dev/serial/by-path/pci-0000:05:00.3-usb-0:2.1.1:1.0-port0
1790754320.5596,B,1101,58506,-71,/dev/serial/by-path/pci-0000:05:00.3-usb-0:2.1.2:1.0-port0
1790754320.5665,B,1102,58513,-67,/dev/serial/by-path/pci-0000:05:00.3-usb-0:2.1.2:1.0-port0
1790754320.5676,C,1119,58513,-63,/dev/serial/by-path/pci-0000:05:00.3-usb-0:2.1.3:1.0-port0
1790754320.5900,A,1119,58540,-82,/dev/serial/by-path/pci-0000:05:00.3-usb-0:2.1.1:1.0-port0
1790754320.6484,C,1120,58594,-64,/dev/serial/by-path/pci-0000:05:00.3-usb-0:2.1.3:1.0-port0
1790754320.6596,B,1103,58606,-67,/dev/serial/by-path/pci-0000:05:00.3-usb-0:2.1.2:1.0-port0
1790754320.6903,A,1120,58640,-77,/dev/serial/by-path/pci-0000:05:00.3-usb-0:2.1.1:1.0-port0
1790754320.7097,B,1104,58656,-71,/dev/serial/by-path/pci-0000:05:00.3-usb-0:2.1.2:1.0-port0
1790754320.7114,A,1121,58662,-82,/dev/serial/by-path/pci-0000:05:00.3-usb-0:2.1.1:1.0-port0
1790754320.7116,C,1121,58657,-64,/dev/serial/by-path/pci-0000:05:00.3-usb-0:2.1.3:1.0-port0
1790754320.7341,B,1105,58681,-68,/dev/serial/by-path/pci-0000:05:00.3-usb-0:2.1.2:1.0-port0
1790754320.7399,A,1122,58690,-82,/dev/serial/by-path/pci-0000:05:00.3-usb-0:2.1.1:1.0-port0
1790754320.7767,C,1122,58723,-63,/dev/serial/by-path/pci-0000:05:00.3-usb-0:2.1.3:1.0-port0
1790754320.7792,C,1123,58723,-64,/dev/serial/by-path/pci-0000:05:00.3-usb-0:2.1.3:1.0-port0
1790754320.7901,A,1123,58740,-79,/dev/serial/by-path/pci-0000:05:00.3-usb-0:2.1.1:1.0-port0
1790754320.8094,B,1106,58756,-68,/dev/serial/by-path/pci-0000:05:00.3-usb-0:2.1.2:1.0-port0
1790754320.8285,C,1124,58774,-64,/dev/serial/by-path/pci-0000:05:00.3-usb-0:2.1.3:1.0-port0
1790754320.8287,A,1124,58779,-76,/dev/serial/by-path/pci-0000:05:00.3-usb-0:2.1.1:1.0-port0
1790754320.8291,B,1107,58776,-71,/dev/serial/by-path/pci-0000:05:00.3-usb-0:2.1.2:1.0-port0
1790754320.8787,C,1125,58824,-64,/dev/serial/by-path/pci-0000:05:00.3-usb-0:2.1.3:1.0-port0
1790754320.8904,A,1125,58841,-80,/dev/serial/by-path/pci-0000:05:00.3-usb-0:2.1.1:1.0-port0
1790754320.9025,B,1108,58849,-68,/dev/serial/by-path/pci-0000:05:00.3-usb-0:2.1.2:1.0-port0
1790754320.9193,B,1109,58866,-67,/dev/serial/by-path/pci-0000:05:00.3-usb-0:2.1.2:1.0-port0
1790754320.9271,C,1126,58872,-64,/dev/serial/by-path/pci-0000:05:00.3-usb-0:2.1.3:1.0-port0
1790754320.9400,A,1126,58890,-79,/dev/serial/by-path/pci-0000:05:00.3-usb-0:2.1.1:1.0-port0
1790754320.9902,A,1127,58940,-75,/dev/serial/by-path/pci-0000:05:00.3-usb-0:2.1.1:1.0-port0
1790754320.9963,B,1110,58943,-71,/dev/serial/by-path/pci-0000:05:00.3-usb-0:2.1.2:1.0-port0
1790754321.0093,B,1111,58956,-71,/dev/serial/by-path/pci-0000:05:00.3-usb-0:2.1.2:1.0-port0
1790754321.0242,A,1128,58975,-80,/dev/serial/by-path/pci-0000:05:00.3-usb-0:2.1.1:1.0-port0
1790754321.0244,C,1127,58970,-64,/dev/serial/by-path/pci-0000:05:00.3-usb-0:2.1.3:1.0-port0
1790754321.0485,B,1112,58995,-68,/dev/serial/by-path/pci-0000:05:00.3-usb-0:2.1.2:1.0-port0
1790754321.0489,C,1128,58994,-64,/dev/serial/by-path/pci-0000:05:00.3-usb-0:2.1.3:1.0-port0
1790754321.0492,A,1129,58999,-78,/dev/serial/by-path/pci-0000:05:00.3-usb-0:2.1.1:1.0-port0
1790754321.0917,B,1113,59039,-66,/dev/serial/by-path/pci-0000:05:00.3-usb-0:2.1.2:1.0-port0
1790754321.1284,C,1129,59074,-64,/dev/serial/by-path/pci-0000:05:00.3-usb-0:2.1.3:1.0-port0
1790754321.1354,C,1130,59081,-65,/dev/serial/by-path/pci-0000:05:00.3-usb-0:2.1.3:1.0-port0
1790754321.1399,A,1130,59090,-76,/dev/serial/by-path/pci-0000:05:00.3-usb-0:2.1.1:1.0-port0
1790754321.1602,B,1114,59107,-71,/dev/serial/by-path/pci-0000:05:00.3-usb-0:2.1.2:1.0-port0
1790754321.1796,B,1115,59126,-68,/dev/serial/by-path/pci-0000:05:00.3-usb-0:2.1.2:1.0-port0
1790754321.1810,A,1131,59131,-79,/dev/serial/by-path/pci-0000:05:00.3-usb-0:2.1.1:1.0-port0
1790754321.2284,C,1131,59174,-63,/dev/serial/by-path/pci-0000:05:00.3-usb-0:2.1.3:1.0-port0
1790754321.2325,A,1132,59182,-80,/dev/serial/by-path/pci-0000:05:00.3-usb-0:2.1.1:1.0-port0
1790754321.2755,C,1132,59221,-64,/dev/serial/by-path/pci-0000:05:00.3-usb-0:2.1.3:1.0-port0
1790754321.2757,B,1116,59223,-71,/dev/serial/by-path/pci-0000:05:00.3-usb-0:2.1.2:1.0-port0
1790754321.3190,C,1133,59264,-64,/dev/serial/by-path/pci-0000:05:00.3-usb-0:2.1.3:1.0-port0
1790754321.3366,B,1117,59283,-68,/dev/serial/by-path/pci-0000:05:00.3-usb-0:2.1.2:1.0-port0
1790754321.3381,A,1133,59288,-82,/dev/serial/by-path/pci-0000:05:00.3-usb-0:2.1.1:1.0-port0
1790754321.3671,C,1134,59313,-64,/dev/serial/by-path/pci-0000:05:00.3-usb-0:2.1.3:1.0-port0
1790754321.3748,B,1118,59322,-67,/dev/serial/by-path/pci-0000:05:00.3-usb-0:2.1.2:1.0-port0
1790754321.3898,A,1134,59340,-78,/dev/serial/by-path/pci-0000:05:00.3-usb-0:2.1.1:1.0-port0
1790754321.4285,C,1135,59374,-63,/dev/serial/by-path/pci-0000:05:00.3-usb-0:2.1.3:1.0-port0
1790754321.4403,A,1135,59390,-74,/dev/serial/by-path/pci-0000:05:00.3-usb-0:2.1.1:1.0-port0
1790754321.4551,C,1136,59402,-63,/dev/serial/by-path/pci-0000:05:00.3-usb-0:2.1.3:1.0-port0
1790754321.4557,B,1119,59403,-71,/dev/serial/by-path/pci-0000:05:00.3-usb-0:2.1.2:1.0-port0
1790754321.4559,A,1136,59406,-79,/dev/serial/by-path/pci-0000:05:00.3-usb-0:2.1.1:1.0-port0
1790754321.5046,B,1120,59451,-68,/dev/serial/by-path/pci-0000:05:00.3-usb-0:2.1.2:1.0-port0
1790754321.5050,C,1137,59451,-64,/dev/serial/by-path/pci-0000:05:00.3-usb-0:2.1.3:1.0-port0
1790754321.5391,A,1137,59489,-79,/dev/serial/by-path/pci-0000:05:00.3-usb-0:2.1.1:1.0-port0
1790754321.5452,B,1121,59493,-67,/dev/serial/by-path/pci-0000:05:00.3-usb-0:2.1.2:1.0-port0
1790754321.5484,C,1138,59494,-64,/dev/serial/by-path/pci-0000:05:00.3-usb-0:2.1.3:1.0-port0
1790754321.5491,A,1138,59499,-76,/dev/serial/by-path/pci-0000:05:00.3-usb-0:2.1.1:1.0-port0
1790754321.5904,A,1139,59540,-78,/dev/serial/by-path/pci-0000:05:00.3-usb-0:2.1.1:1.0-port0
