t_pc,id,seq,ms,rssi,port
1790755845.7047,A,0,963,-77,/dev/serial/by-path/pci-0000:05:00.3-usb-0:2.1.1:1.0-port0
1790755845.7541,A,1,1012,-77,/dev/serial/by-path/pci-0000:05:00.3-usb-0:2.1.1:1.0-port0
1790755845.8227,A,2,1081,-74,/dev/serial/by-path/pci-0000:05:00.3-usb-0:2.1.1:1.0-port0
1790755845.8686,A,3,1127,-76,/dev/serial/by-path/pci-0000:05:00.3-usb-0:2.1.1:1.0-port0
1790755845.9228,A,4,1181,-79,/dev/serial/by-path/pci-0000:05:00.3-usb-0:2.1.1:1.0-port0
1790755845.9314,A,5,1190,-73,/dev/serial/by-path/pci-0000:05:00.3-usb-0:2.1.1:1.0-port0
1790755845.9803,A,6,1238,-78,/dev/serial/by-path/pci-0000:05:00.3-usb-0:2.1.1:1.0-port0
1790755846.0727,A,7,1331,-76,/dev/serial/by-path/pci-0000:05:00.3-usb-0:2.1.1:1.0-port0
1790755846.1224,A,8,1381,-73,/dev/serial/by-path/pci-0000:05:00.3-usb-0:2.1.1:1.0-port0
1790755846.1658,B,0,1420,-77,/dev/serial/by-path/pci-0000:05:00.3-usb-0:2.1.2:1.0-port0
1790755846.1663,C,0,1418,-73,/dev/serial/by-path/pci-0000:05:00.3-usb-0:2.1.3:1.0-port0
1790755846.1694,A,9,1428,-77,/dev/serial/by-path/pci-0000:05:00.3-usb-0:2.1.1:1.0-port0
1790755846.2110,B,1,1465,-68,/dev/serial/by-path/pci-0000:05:00.3-usb-0:2.1.2:1.0-port0
1790755846.2231,A,10,1481,-77,/dev/serial/by-path/pci-0000:05:00.3-usb-0:2.1.1:1.0-port0
1790755846.2247,C,1,1477,-71,/dev/serial/by-path/pci-0000:05:00.3-usb-0:2.1.3:1.0-port0
1790755846.2543,A,11,1513,-75,/dev/serial/by-path/pci-0000:05:00.3-usb-0:2.1.1:1.0-port0
1790755846.2546,B,2,1508,-78,/dev/serial/by-path/pci-0000:05:00.3-usb-0:2.1.2:1.0-port0
1790755846.2756,C,2,1528,-81,/dev/serial/by-path/pci-0000:05:00.3-usb-0:2.1.3:1.0-port0
1790755846.2980,C,3,1550,-76,/dev/serial/by-path/pci-0000:05:00.3-usb-0:2.1.3:1.0-port0
1790755846.2981,A,12,1556,-80,/dev/serial/by-path/pci-0000:05:00.3-usb-0:2.1.1:1.0-port0
1790755846.3123,B,3,1566,-83,/dev/serial/by-path/pci-0000:05:00.3-usb-0:2.1.2:1.0-port0
1790755846.3446,A,13,1603,-81,/dev/serial/by-path/pci-0000:05:00.3-usb-0:2.1.1:1.0-port0
1790755846.3448,C,4,1597,-72,/dev/serial/by-path/pci-0000:05:00.3-usb-0:2.1.3:1.0-port0
1790755846.3538,B,4,1608,-71,/dev/serial/by-path/pci-0000:05:00.3-usb-0:2.1.2:1.0-port0
1790755846.4030,C,5,1656,-82,/dev/serial/by-path/pci-0000:05:00.3-usb-0:2.1.3:1.0-port0
1790755846.4077,B,5,1661,-78,/dev/serial/by-path/pci-0000:05:00.3-usb-0:2.1.2:1.0-port0
1790755846.4101,A,14,1666,-73,/dev/serial/by-path/pci-0000:05:00.3-usb-0:2.1.1:1.0-port0
1790755846.4306,B,6,1684,-81,/dev/serial/by-path/pci-0000:05:00.3-usb-0:2.1.2:1.0-port0
1790755846.4582,C,6,1711,-74,/dev/serial/by-path/pci-0000:05:00.3-usb-0:2.1.3:1.0-port0
1790755846.4586,A,15,1717,-80,/dev/serial/by-path/pci-0000:05:00.3-usb-0:2.1.1:1.0-port0
1790755846.4748,C,7,1727,-74,/dev/serial/by-path/pci-0000:05:00.3-usb-0:2.1.3:1.0-port0
1790755846.4892,B,7,1743,-72,/dev/serial/by-path/pci-0000:05:00.3-usb-0:2.1.2:1.0-port0
1790755846.5246,C,8,1777,-71,/dev/serial/by-path/pci-0000:05:00.3-usb-0:2.1.3:1.0-port0
1790755846.5644,B,8,1818,-82,/dev/serial/by-path/pci-0000:05:00.3-usb-0:2.1.2:1.0-port0
1790755846.5716,C,9,1824,-80,/dev/serial/by-path/pci-0000:05:00.3-usb-0:2.1.3:1.0-port0
1790755846.5719,B,9,1826,-85,/dev/serial/by-path/pci-0000:05:00.3-usb-0:2.1.2:1.0-port0
1790755846.5725,A,16,1830,-75,/dev/serial/by-path/pci-0000:05:00.3-usb-0:2.1.1:1.0-port0
1790755846.6105,B,10,1864,-83,/dev/serial/by-path/pci-0000:05:00.3-usb-0:2.1.2:1.0-port0
1790755846.6228,A,17,1881,-79,/dev/serial/by-path/pci-0000:05:00.3-usb-0:2.1.1:1.0-port0
1790755846.6250,C,10,1877,-75,/dev/serial/by-path/pci-0000:05:00.3-usb-0:2.1.3:1.0-port0
1790755846.6644,C,11,1917,-72,/dev/serial/by-path/pci-0000:05:00.3-usb-0:2.1.3:1.0-port0
1790755846.6648,B,11,1919,-74,/dev/serial/by-path/pci-0000:05:00.3-usb-0:2.1.2:1.0-port0
1790755846.7003,C,12,1953,-85,/dev/serial/by-path/pci-0000:05:00.3-usb-0:2.1.3:1.0-port0
1790755846.7151,B,12,1969,-83,/dev/serial/by-path/pci-0000:05:00.3-usb-0:2.1.2:1.0-port0
1790755846.7231,A,18,1981,-74,/dev/serial/by-path/pci-0000:05:00.3-usb-0:2.1.1:1.0-port0
1790755846.7355,B,13,1989,-80,/dev/serial/by-path/pci-0000:05:00.3-usb-0:2.1.2:1.0-port0
1790755846.7721,C,13,2025,-75,/dev/serial/by-path/pci-0000:05:00.3-usb-0:2.1.3:1.0-port0
1790755846.7733,A,19,2031,-79,/dev/serial/by-path/pci-0000:05:00.3-usb-0:2.1.1:1.0-port0
1790755846.8017,C,14,2054,-72,/dev/serial/by-path/pci-0000:05:00.3-usb-0:2.1.3:1.0-port0
1790755846.8021,A,20,2060,-82,/dev/serial/by-path/pci-0000:05:00.3-usb-0:2.1.1:1.0-port0
1790755846.8025,B,14,2056,-76,/dev/serial/by-path/pci-0000:05:00.3-usb-0:2.1.2:1.0-port0
1790755846.8223,A,21,2081,-80,/dev/serial/by-path/pci-0000:05:00.3-usb-0:2.1.1:1.0-port0
1790755846.8225,C,15,2075,-71,/dev/serial/by-path/pci-0000:05:00.3-usb-0:2.1.3:1.0-port0
1790755846.8658,B,15,2119,-86,/dev/serial/by-path/pci-0000:05:00.3-usb-0:2.1.2:1.0-port0
1790755846.8707,A,22,2129,-75,/dev/serial/by-path/pci-0000:05:00.3-usb-0:2.1.1:1.0-port0
1790755846.8745,B,16,2128,-78,/dev/serial/by-path/pci-0000:05:00.3-usb-0:2.1.2:1.0-port0
1790755846.8750,C,16,2128,-80,/dev/serial/by-path/pci-0000:05:00.3-usb-0:2.1.3:1.0-port0
1790755846.9115,B,17,2165,-80,/dev/serial/by-path/pci-0000:05:00.3-usb-0:2.1.2:1.0-port0
1790755846.9226,A,23,2181,-77,/dev/serial/by-path/pci-0000:05:00.3-usb-0:2.1.1:1.0-port0
1790755846.9249,C,17,2177,-72,/dev/serial/by-path/pci-0000:05:00.3-usb-0:2.1.3:1.0-port0
1790755847.0036,A,24,2262,-76,/dev/serial/by-path/pci-0000:05:00.3-usb-0:2.1.1:1.0-port0
1790755847.0158,B,18,2269,-96,/dev/serial/by-path/pci-0000:05:00.3-usb-0:2.1.2:1.0-port0
1790755847.0249,C,18,2277,-85,/dev/serial/by-path/pci-0000:05:00.3-usb-0:2.1.3:1.0-port0
1790755847.0474,C,19,2300,-74,/dev/serial/by-path/pci-0000:05:00.3-usb-0:2.1.3:1.0-port0
1790755847.0478,A,25,2305,-81,/dev/serial/by-path/pci-0000:05:00.3-usb-0:2.1.1:1.0-port0
1790755847.0481,B,19,2301,-85,/dev/serial/by-path/pci-0000:05:00.3-usb-0:2.1.2:1.0-port0
1790755847.0921,B,20,2346,-79,/dev/serial/by-path/pci-0000:05:00.3-usb-0:2.1.2:1.0-port0
1790755847.1411,C,20,2392,-83,/dev/serial/by-path/pci-0000:05:00.3-usb-0:2.1.3:1.0-port0
1790755847.1454,A,26,2403,-76,/dev/serial/by-path/pci-0000:05:00.3-usb-0:2.1.1:1.0-port0
1790755847.1817,C,21,2434,-76,/dev/serial/by-path/pci-0000:05:00.3-usb-0:2.1.3:1.0-port0
1790755847.1821,B,21,2435,-83,/dev/serial/by-path/pci-0000:05:00.3-usb-0:2.1.2:1.0-port0
1790755847.1823,A,27,2440,-82,/dev/serial/by-path/pci-0000:05:00.3-usb-0:2.1.1:1.0-port0
1790755847.2322,A,28,2490,-96,/dev/serial/by-path/pci-0000:05:00.3-usb-0:2.1.1:1.0-port0
1790755847.2476,B,22,2501,-84,/dev/serial/by-path/pci-0000:05:00.3-usb-0:2.1.2:1.0-port0
1790755847.2479,C,22,2500,-73,/dev/serial/by-path/pci-0000:05:00.3-usb-0:2.1.3:1.0-port0
1790755847.2751,C,23,2527,-74,/dev/serial/by-path/pci-0000:05:00.3-usb-0:2.1.3:1.0-port0
1790755847.2754,B,23,2530,-84,/dev/serial/by-path/pci-0000:05:00.3-usb-0:2.1.2:1.0-port0
1790755847.3025,A,29,2561,-77,/dev/serial/by-path/pci-0000:05:00.3-usb-0:2.1.1:1.0-port0
1790755847.3472,B,24,2601,-79,/dev/serial/by-path/pci-0000:05:00.3-usb-0:2.1.2:1.0-port0
1790755847.3690,C,24,2621,-75,/dev/serial/by-path/pci-0000:05:00.3-usb-0:2.1.3:1.0-port0
1790755847.3693,A,30,2627,-79,/dev/serial/by-path/pci-0000:05:00.3-usb-0:2.1.1:1.0-port0
1790755847.3903,B,25,2644,-83,/dev/serial/by-path/pci-0000:05:00.3-usb-0:2.1.2:1.0-port0
1790755847.4170,A,31,2675,-83,/dev/serial/by-path/pci-0000:05:00.3-usb-0:2.1.1:1.0-port0
1790755847.4233,C,25,2676,-75,/dev/serial/by-path/pci-0000:05:00.3-usb-0:2.1.3:1.0-port0
1790755847.4667,A,32,2725,-78,/dev/serial/by-path/pci-0000:05:00.3-usb-0:2.1.1:1.0-port0
1790755847.4670,C,26,2719,-75,/dev/serial/by-path/pci-0000:05:00.3-usb-0:2.1.3:1.0-port0
1790755847.5058,C,27,2758,-77,/dev/serial/by-path/pci-0000:05:00.3-usb-0:2.1.3:1.0-port0
1790755847.5065,A,33,2765,-82,/dev/serial/by-path/pci-0000:05:00.3-usb-0:2.1.1:1.0-port0
1790755847.5538,B,26,2808,-80,/dev/serial/by-path/pci-0000:05:00.3-usb-0:2.1.2:1.0-port0
1790755847.5542,C,28,2806,-73,/dev/serial/by-path/pci-0000:05:00.3-usb-0:2.1.3:1.0-port0
1790755847.5542,A,34,2812,-84,/dev/serial/by-path/pci-0000:05:00.3-usb-0:2.1.1:1.0-port0
1790755847.6110,A,35,2869,-77,/dev/serial/by-path/pci-0000:05:00.3-usb-0:2.1.1:1.0-port0
1790755847.6114,C,29,2863,-74,/dev/serial/by-path/pci-0000:05:00.3-usb-0:2.1.3:1.0-port0
1790755847.6118,B,27,2864,-79,/dev/serial/by-path/pci-0000:05:00.3-usb-0:2.1.2:1.0-port0
1790755847.6499,B,28,2904,-85,/dev/serial/by-path/pci-0000:05:00.3-usb-0:2.1.2:1.0-port0
1790755847.6504,C,30,2902,-74,/dev/serial/by-path/pci-0000:05:00.3-usb-0:2.1.3:1.0-port0
1790755847.6507,A,36,2909,-82,/dev/serial/by-path/pci-0000:05:00.3-usb-0:2.1.1:1.0-port0
1790755847.7425,C,31,2994,-74,/dev/serial/by-path/pci-0000:05:00.3-usb-0:2.1.3:1.0-port0
1790755847.7574,B,29,3011,-77,/dev/serial/by-path/pci-0000:05:00.3-usb-0:2.1.2:1.0-port0
1790755847.7597,A,37,3018,-77,/dev/serial/by-path/pci-0000:05:00.3-usb-0:2.1.1:1.0-port0
1790755847.7741,B,30,3028,-83,/dev/serial/by-path/pci-0000:05:00.3-usb-0:2.1.2:1.0-port0
1790755847.8180,C,32,3071,-72,/dev/serial/by-path/pci-0000:05:00.3-usb-0:2.1.3:1.0-port0
1790755847.8230,A,38,3081,-78,/dev/serial/by-path/pci-0000:05:00.3-usb-0:2.1.1:1.0-port0
1790755847.8661,B,31,3120,-88,/dev/serial/by-path/pci-0000:05:00.3-usb-0:2.1.2:1.0-port0
1790755847.8665,C,33,3118,-72,/dev/serial/by-path/pci-0000:05:00.3-usb-0:2.1.3:1.0-port0
1790755847.8668,A,39,3124,-84,/dev/serial/by-path/pci-0000:05:00.3-usb-0:2.1.1:1.0-port0
1790755847.9060,C,34,3158,-73,/dev/serial/by-path/pci-0000:05:00.3-usb-0:2.1.3:1.0-port0
1790755847.9108,A,40,3169,-78,/dev/serial/by-path/pci-0000:05:00.3-usb-0:2.1.1:1.0-port0
1790755847.9111,B,32,3164,-83,/dev/serial/by-path/pci-0000:05:00.3-usb-0:2.1.2:1.0-port0
1790755847.9547,C,35,3207,-73,/dev/serial/by-path/pci-0000:05:00.3-usb-0:2.1.3:1.0-port0
1790755847.9550,A,41,3212,-76,/dev/serial/by-path/pci-0000:05:00.3-usb-0:2.1.1:1.0-port0
1790755847.9552,B,33,3208,-80,/dev/serial/by-path/pci-0000:05:00.3-usb-0:2.1.2:1.0-port0
1790755848.0005,B,34,3254,-77,/dev/serial/by-path/pci-0000:05:00.3-usb-0:2.1.2:1.0-port0
1790755848.0082,C,36,3261,-72,/dev/serial/by-path/pci-0000:05:00.3-usb-0:2.1.3:1.0-port0
1790755848.0086,A,42,3267,-80,/dev/serial/by-path/pci-0000:05:00.3-usb-0:2.1.1:1.0-port0
1790755848.0432,A,43,3301,-80,/dev/serial/by-path/pci-0000:05:00.3-usb-0:2.1.1:1.0-port0
1790755848.0436,C,37,3296,-73,/dev/serial/by-path/pci-0000:05:00.3-usb-0:2.1.3:1.0-port0
1790755848.0437,B,35,3297,-84,/dev/serial/by-path/pci-0000:05:00.3-usb-0:2.1.2:1.0-port0
1790755848.1146,B,36,3368,-79,/dev/serial/by-path/pci-0000:05:00.3-usb-0:2.1.2:1.0-port0
1790755848.1230,A,44,3381,-76,/dev/serial/by-path/pci-0000:05:00.3-usb-0:2.1.1:1.0-port0
1790755848.1247,C,38,3377,-75,/dev/serial/by-path/pci-0000:05:00.3-usb-0:2.1.3:1.0-port0
1790755848.1323,A,45,3390,-80,/dev/serial/by-path/pci-0000:05:00.3-usb-0:2.1.1:1.0-port0
1790755848.1352,C,39,3388,-75,/dev/serial/by-path/pci-0000:05:00.3-usb-0:2.1.3:1.0-port0
1790755848.1710,A,46,3429,-81,/dev/serial/by-path/pci-0000:05:00.3-usb-0:2.1.1:1.0-port0
1790755848.1761,C,40,3427,-75,/dev/serial/by-path/pci-0000:05:00.3-usb-0:2.1.3:1.0-port0
1790755848.1815,B,37,3435,-89,/dev/serial/by-path/pci-0000:05:00.3-usb-0:2.1.2:1.0-port0
1790755848.2112,C,41,3464,-76,/dev/serial/by-path/pci-0000:05:00.3-usb-0:2.1.3:1.0-port0
1790755848.2158,B,38,3469,-88,/dev/serial/by-path/pci-0000:05:00.3-usb-0:2.1.2:1.0-port0
1790755848.2229,A,47,3481,-83,/dev/serial/by-path/pci-0000:05:00.3-usb-0:2.1.1:1.0-port0
1790755848.2524,C,42,3505,-76,/dev/serial/by-path/pci-0000:05:00.3-usb-0:2.1.3:1.0-port0
1790755848.2529,B,39,3507,-83,/dev/serial/by-path/pci-0000:05:00.3-usb-0:2.1.2:1.0-port0
1790755848.2532,A,48,3512,-75,/dev/serial/by-path/pci-0000:05:00.3-usb-0:2.1.1:1.0-port0
1790755848.2997,C,43,3552,-75,/dev/serial/by-path/pci-0000:05:00.3-usb-0:2.1.3:1.0-port0
1790755848.3004,B,40,3553,-73,/dev/serial/by-path/pci-0000:05:00.3-usb-0:2.1.2:1.0-port0
1790755848.3015,A,49,3558,-79,/dev/serial/by-path/pci-0000:05:00.3-usb-0:2.1.1:1.0-port0
1790755848.3405,C,44,3593,-77,/dev/serial/by-path/pci-0000:05:00.3-usb-0:2.1.3:1.0-port0
1790755848.3445,B,41,3598,-83,/dev/serial/by-path/pci-0000:05:00.3-usb-0:2.1.2:1.0-port0
1790755848.3450,A,50,3603,-81,/dev/serial/by-path/pci-0000:05:00.3-usb-0:2.1.1:1.0-port0
1790755848.3918,A,51,3650,-76,/dev/serial/by-path/pci-0000:05:00.3-usb-0:2.1.1:1.0-port0
1790755848.3922,C,45,3644,-75,/dev/serial/by-path/pci-0000:05:00.3-usb-0:2.1.3:1.0-port0
1790755848.4159,B,42,3669,-83,/dev/serial/by-path/pci-0000:05:00.3-usb-0:2.1.2:1.0-port0
1790755848.4485,A,52,3706,-81,/dev/serial/by-path/pci-0000:05:00.3-usb-0:2.1.1:1.0-port0
1790755848.4489,B,43,3702,-73,/dev/serial/by-path/pci-0000:05:00.3-usb-0:2.1.2:1.0-port0
1790755848.4577,C,46,3710,-75,/dev/serial/by-path/pci-0000:05:00.3-usb-0:2.1.3:1.0-port0
1790755848.4784,B,44,3732,-88,/dev/serial/by-path/pci-0000:05:00.3-usb-0:2.1.2:1.0-port0
1790755848.5184,A,53,3777,-82,/dev/serial/by-path/pci-0000:05:00.3-usb-0:2.1.1:1.0-port0
1790755848.5184,A,54,3777,-85,/dev/serial/by-path/pci-0000:05:00.3-usb-0:2.1.1:1.0-port0
1790755848.5250,C,47,3777,-75,/dev/serial/by-path/pci-0000:05:00.3-usb-0:2.1.3:1.0-port0
1790755848.5609,A,55,3819,-76,/dev/serial/by-path/pci-0000:05:00.3-usb-0:2.1.1:1.0-port0
1790755848.5659,B,45,3819,-83,/dev/serial/by-path/pci-0000:05:00.3-usb-0:2.1.2:1.0-port0
1790755848.5752,C,48,3827,-75,/dev/serial/by-path/pci-0000:05:00.3-usb-0:2.1.3:1.0-port0
1790755848.6018,A,56,3860,-79,/dev/serial/by-path/pci-0000:05:00.3-usb-0:2.1.1:1.0-port0
1790755848.6021,B,46,3855,-72,/dev/serial/by-path/pci-0000:05:00.3-usb-0:2.1.2:1.0-port0
1790755848.6251,C,49,3877,-75,/dev/serial/by-path/pci-0000:05:00.3-usb-0:2.1.3:1.0-port0
1790755848.6592,A,57,3917,-84,/dev/serial/by-path/pci-0000:05:00.3-usb-0:2.1.1:1.0-port0
1790755848.6594,C,50,3911,-77,/dev/serial/by-path/pci-0000:05:00.3-usb-0:2.1.3:1.0-port0
1790755848.6857,B,47,3939,-81,/dev/serial/by-path/pci-0000:05:00.3-usb-0:2.1.2:1.0-port0
1790755848.7034,C,51,3956,-78,/dev/serial/by-path/pci-0000:05:00.3-usb-0:2.1.3:1.0-port0
1790755848.7051,A,58,3962,-75,/dev/serial/by-path/pci-0000:05:00.3-usb-0:2.1.1:1.0-port0
1790755848.7351,C,52,3988,-76,/dev/serial/by-path/pci-0000:05:00.3-usb-0:2.1.3:1.0-port0
1790755848.7517,B,48,4005,-72,/dev/serial/by-path/pci-0000:05:00.3-usb-0:2.1.2:1.0-port0
1790755848.7651,A,59,4023,-79,/dev/serial/by-path/pci-0000:05:00.3-usb-0:2.1.1:1.0-port0
1790755848.7856,B,49,4039,-85,/dev/serial/by-path/pci-0000:05:00.3-usb-0:2.1.2:1.0-port0
1790755848.7862,A,60,4044,-85,/dev/serial/by-path/pci-0000:05:00.3-usb-0:2.1.1:1.0-port0
1790755848.7864,C,53,4038,-79,/dev/serial/by-path/pci-0000:05:00.3-usb-0:2.1.3:1.0-port0
1790755848.8464,A,61,4104,-75,/dev/serial/by-path/pci-0000:05:00.3-usb-0:2.1.1:1.0-port0
1790755848.8467,C,54,4098,-77,/dev/serial/by-path/pci-0000:05:00.3-usb-0:2.1.3:1.0-port0
1790755848.8469,B,50,4100,-83,/dev/serial/by-path/pci-0000:05:00.3-usb-0:2.1.2:1.0-port0
1790755848.8750,C,55,4127,-79,/dev/serial/by-path/pci-0000:05:00.3-usb-0:2.1.3:1.0-port0
1790755848.9022,B,51,4156,-74,/dev/serial/by-path/pci-0000:05:00.3-usb-0:2.1.2:1.0-port0
1790755848.9190,A,62,4177,-79,/dev/serial/by-path/pci-0000:05:00.3-usb-0:2.1.1:1.0-port0
1790755848.9250,C,56,4177,-77,/dev/serial/by-path/pci-0000:05:00.3-usb-0:2.1.3:1.0-port0
1790755848.9598,A,63,4218,-78,/dev/serial/by-path/pci-0000:05:00.3-usb-0:2.1.1:1.0-port0
1790755848.9752,C,57,4228,-78,/dev/serial/by-path/pci-0000:05:00.3-usb-0:2.1.3:1.0-port0
1790755849.0067,B,52,4260,-85,/dev/serial/by-path/pci-0000:05:00.3-usb-0:2.1.2:1.0-port0
1790755849.0071,C,58,4259,-77,/dev/serial/by-path/pci-0000:05:00.3-usb-0:2.1.3:1.0-port0
1790755849.0206,A,64,4278,-77,/dev/serial/by-path/pci-0000:05:00.3-usb-0:2.1.1:1.0-port0
1790755849.0609,C,59,4314,-79,/dev/serial/by-path/pci-0000:05:00.3-usb-0:2.1.3:1.0-port0
1790755849.0613,A,65,4319,-81,/dev/serial/by-path/pci-0000:05:00.3-usb-0:2.1.1:1.0-port0
1790755849.0654,B,53,4319,-72,/dev/serial/by-path/pci-0000:05:00.3-usb-0:2.1.2:1.0-port0
1790755849.0943,B,54,4348,-88,/dev/serial/by-path/pci-0000:05:00.3-usb-0:2.1.2:1.0-port0
1790755849.1000,A,66,4358,-82,/dev/serial/by-path/pci-0000:05:00.3-usb-0:2.1.1:1.0-port0
1790755849.1003,C,60,4352,-86,/dev/serial/by-path/pci-0000:05:00.3-usb-0:2.1.3:1.0-port0
1790755849.1374,B,55,4391,-84,/dev/serial/by-path/pci-0000:05:00.3-usb-0:2.1.2:1.0-port0
1790755849.1378,A,67,4396,-76,/dev/serial/by-path/pci-0000:05:00.3-usb-0:2.1.1:1.0-port0
1790755849.1738,C,61,4426,-78,/dev/serial/by-path/pci-0000:05:00.3-usb-0:2.1.3:1.0-port0
1790755849.1868,A,68,4445,-84,/dev/serial/by-path/pci-0000:05:00.3-usb-0:2.1.1:1.0-port0
1790755849.1873,B,56,4440,-75,/dev/serial/by-path/pci-0000:05:00.3-usb-0:2.1.2:1.0-port0
1790755849.1966,C,62,4448,-80,/dev/serial/by-path/pci-0000:05:00.3-usb-0:2.1.3:1.0-port0
1790755849.2545,B,57,4508,-85,/dev/serial/by-path/pci-0000:05:00.3-usb-0:2.1.2:1.0-port0
1790755849.2745,B,58,4528,-89,/dev/serial/by-path/pci-0000:05:00.3-usb-0:2.1.2:1.0-port0
1790755849.3230,A,69,4581,-80,/dev/serial/by-path/pci-0000:05:00.3-usb-0:2.1.1:1.0-port0
1790755849.3251,C,63,4577,-81,/dev/serial/by-path/pci-0000:05:00.3-usb-0:2.1.3:1.0-port0
1790755849.3418,B,59,4596,-78,/dev/serial/by-path/pci-0000:05:00.3-usb-0:2.1.2:1.0-port0
1790755849.3733,A,70,4631,-87,/dev/serial/by-path/pci-0000:05:00.3-usb-0:2.1.1:1.0-port0
1790755849.3751,C,64,4627,-83,/dev/serial/by-path/pci-0000:05:00.3-usb-0:2.1.3:1.0-port0
1790755849.3913,B,60,4645,-81,/dev/serial/by-path/pci-0000:05:00.3-usb-0:2.1.2:1.0-port0
1790755849.5009,B,61,4754,-80,/dev/serial/by-path/pci-0000:05:00.3-usb-0:2.1.2:1.0-port0
1790755849.5010,C,65,4753,-84,/dev/serial/by-path/pci-0000:05:00.3-usb-0:2.1.3:1.0-port0
1790755849.5044,A,71,4762,-81,/dev/serial/by-path/pci-0000:05:00.3-usb-0:2.1.1:1.0-port0
1790755849.5577,B,62,4811,-79,/dev/serial/by-path/pci-0000:05:00.3-usb-0:2.1.2:1.0-port0
1790755849.5730,A,72,4831,-83,/dev/serial/by-path/pci-0000:05:00.3-usb-0:2.1.1:1.0-port0
1790755849.6062,C,66,4858,-82,/dev/serial/by-path/pci-0000:05:00.3-usb-0:2.1.3:1.0-port0
1790755849.6065,B,63,4860,-81,/dev/serial/by-path/pci-0000:05:00.3-usb-0:2.1.2:1.0-port0
1790755849.6234,A,73,4881,-77,/dev/serial/by-path/pci-0000:05:00.3-usb-0:2.1.1:1.0-port0
1790755849.6424,C,67,4890,-87,/dev/serial/by-path/pci-0000:05:00.3-usb-0:2.1.3:1.0-port0
1790755849.6570,B,64,4911,-79,/dev/serial/by-path/pci-0000:05:00.3-usb-0:2.1.2:1.0-port0
1790755849.6571,A,74,4915,-83,/dev/serial/by-path/pci-0000:05:00.3-usb-0:2.1.1:1.0-port0
1790755849.7020,B,65,4956,-79,/dev/serial/by-path/pci-0000:05:00.3-usb-0:2.1.2:1.0-port0
1790755849.7051,C,68,4957,-77,/dev/serial/by-path/pci-0000:05:00.3-usb-0:2.1.3:1.0-port0
1790755849.7318,B,66,4985,-80,/dev/serial/by-path/pci-0000:05:00.3-usb-0:2.1.2:1.0-port0
1790755849.7323,C,69,4984,-83,/dev/serial/by-path/pci-0000:05:00.3-usb-0:2.1.3:1.0-port0
1790755849.7326,A,75,4991,-76,/dev/serial/by-path/pci-0000:05:00.3-usb-0:2.1.1:1.0-port0
1790755849.7734,A,76,5031,-75,/dev/serial/by-path/pci-0000:05:00.3-usb-0:2.1.1:1.0-port0
1790755849.8021,B,67,5056,-79,/dev/serial/by-path/pci-0000:05:00.3-usb-0:2.1.2:1.0-port0
1790755849.8630,B,68,5117,-80,/dev/serial/by-path/pci-0000:05:00.3-usb-0:2.1.2:1.0-port0
1790755849.8630,B,69,5118,-81,/dev/serial/by-path/pci-0000:05:00.3-usb-0:2.1.2:1.0-port0
1790755849.8640,C,70,5117,-76,/dev/serial/by-path/pci-0000:05:00.3-usb-0:2.1.3:1.0-port0
1790755849.9113,A,77,5169,-76,/dev/serial/by-path/pci-0000:05:00.3-usb-0:2.1.1:1.0-port0
1790755849.9115,B,70,5165,-77,/dev/serial/by-path/pci-0000:05:00.3-usb-0:2.1.2:1.0-port0
1790755849.9118,C,71,5163,-78,/dev/serial/by-path/pci-0000:05:00.3-usb-0:2.1.3:1.0-port0
1790755849.9995,C,72,5252,-75,/dev/serial/by-path/pci-0000:05:00.3-usb-0:2.1.3:1.0-port0
1790755850.0419,B,71,5295,-76,/dev/serial/by-path/pci-0000:05:00.3-usb-0:2.1.2:1.0-port0
1790755850.0453,C,73,5298,-77,/dev/serial/by-path/pci-0000:05:00.3-usb-0:2.1.3:1.0-port0
1790755850.0457,A,78,5304,-77,/dev/serial/by-path/pci-0000:05:00.3-usb-0:2.1.1:1.0-port0
1790755850.0923,B,72,5346,-78,/dev/serial/by-path/pci-0000:05:00.3-usb-0:2.1.2:1.0-port0
1790755850.1002,A,79,5358,-78,/dev/serial/by-path/pci-0000:05:00.3-usb-0:2.1.1:1.0-port0
1790755850.1655,B,73,5419,-79,/dev/serial/by-path/pci-0000:05:00.3-usb-0:2.1.2:1.0-port0
1790755850.1756,C,74,5428,-80,/dev/serial/by-path/pci-0000:05:00.3-usb-0:2.1.3:1.0-port0
1790755850.2142,A,80,5472,-78,/dev/serial/by-path/pci-0000:05:00.3-usb-0:2.1.1:1.0-port0
1790755850.2169,B,74,5469,-78,/dev/serial/by-path/pci-0000:05:00.3-usb-0:2.1.2:1.0-port0
1790755850.2263,C,75,5477,-87,/dev/serial/by-path/pci-0000:05:00.3-usb-0:2.1.3:1.0-port0
1790755850.3093,C,76,5561,-79,/dev/serial/by-path/pci-0000:05:00.3-usb-0:2.1.3:1.0-port0
1790755850.3513,A,81,5609,-77,/dev/serial/by-path/pci-0000:05:00.3-usb-0:2.1.1:1.0-port0
1790755850.3580,C,77,5610,-85,/dev/serial/by-path/pci-0000:05:00.3-usb-0:2.1.3:1.0-port0
1790755850.3656,B,75,5619,-82,/dev/serial/by-path/pci-0000:05:00.3-usb-0:2.1.2:1.0-port0
1790755850.4086,C,78,5661,-80,/dev/serial/by-path/pci-0000:05:00.3-usb-0:2.1.3:1.0-port0
1790755850.4089,A,82,5667,-78,/dev/serial/by-path/pci-0000:05:00.3-usb-0:2.1.1:1.0-port0
1790755850.4491,B,76,5703,-85,/dev/serial/by-path/pci-0000:05:00.3-usb-0:2.1.2:1.0-port0
1790755850.4493,C,79,5701,-76,/dev/serial/by-path/pci-0000:05:00.3-usb-0:2.1.3:1.0-port0
1790755850.4938,B,77,5747,-82,/dev/serial/by-path/pci-0000:05:00.3-usb-0:2.1.2:1.0-port0
1790755850.5091,C,80,5761,-83,/dev/serial/by-path/pci-0000:05:00.3-usb-0:2.1.3:1.0-port0
1790755850.5095,A,83,5767,-77,/dev/serial/by-path/pci-0000:05:00.3-usb-0:2.1.1:1.0-port0
1790755850.6294,B,78,5883,-82,/dev/serial/by-path/pci-0000:05:00.3-usb-0:2.1.2:1.0-port0
1790755850.6524,A,84,5910,-74,/dev/serial/by-path/pci-0000:05:00.3-usb-0:2.1.1:1.0-port0
1790755850.6525,C,81,5905,-76,/dev/serial/by-path/pci-0000:05:00.3-usb-0:2.1.3:1.0-port0
1790755850.6717,C,82,5924,-75,/dev/serial/by-path/pci-0000:05:00.3-usb-0:2.1.3:1.0-port0
1790755850.6734,A,85,5931,-74,/dev/serial/by-path/pci-0000:05:00.3-usb-0:2.1.1:1.0-port0
1790755850.6737,B,79,5927,-81,/dev/serial/by-path/pci-0000:05:00.3-usb-0:2.1.2:1.0-port0
1790755850.7221,C,83,5974,-75,/dev/serial/by-path/pci-0000:05:00.3-usb-0:2.1.3:1.0-port0
1790755850.7245,A,86,5981,-72,/dev/serial/by-path/pci-0000:05:00.3-usb-0:2.1.1:1.0-port0
1790755850.7733,A,87,6031,-83,/dev/serial/by-path/pci-0000:05:00.3-usb-0:2.1.1:1.0-port0
1790755850.7751,C,84,6027,-72,/dev/serial/by-path/pci-0000:05:00.3-usb-0:2.1.3:1.0-port0
1790755850.8096,B,80,6063,-78,/dev/serial/by-path/pci-0000:05:00.3-usb-0:2.1.2:1.0-port0
1790755850.8216,A,88,6079,-74,/dev/serial/by-path/pci-0000:05:00.3-usb-0:2.1.1:1.0-port0
1790755850.8251,C,85,6077,-76,/dev/serial/by-path/pci-0000:05:00.3-usb-0:2.1.3:1.0-port0
1790755850.8549,A,89,6113,-72,/dev/serial/by-path/pci-0000:05:00.3-usb-0:2.1.1:1.0-port0
1790755850.8554,C,86,6107,-76,/dev/serial/by-path/pci-0000:05:00.3-usb-0:2.1.3:1.0-port0
1790755850.8557,B,81,6110,-78,/dev/serial/by-path/pci-0000:05:00.3-usb-0:2.1.2:1.0-port0
1790755850.8985,A,90,6156,-79,/dev/serial/by-path/pci-0000:05:00.3-usb-0:2.1.1:1.0-port0
1790755850.8988,B,82,6152,-73,/dev/serial/by-path/pci-0000:05:00.3-usb-0:2.1.2:1.0-port0
1790755850.8992,C,87,6152,-72,/dev/serial/by-path/pci-0000:05:00.3-usb-0:2.1.3:1.0-port0
1790755850.9431,A,91,6201,-76,/dev/serial/by-path/pci-0000:05:00.3-usb-0:2.1.1:1.0-port0
1790755850.9575,C,88,6210,-76,/dev/serial/by-path/pci-0000:05:00.3-usb-0:2.1.3:1.0-port0
1790755850.9579,B,83,6211,-76,/dev/serial/by-path/pci-0000:05:00.3-usb-0:2.1.2:1.0-port0
1790755850.9908,B,84,6244,-77,/dev/serial/by-path/pci-0000:05:00.3-usb-0:2.1.2:1.0-port0
1790755851.0115,A,92,6270,-72,/dev/serial/by-path/pci-0000:05:00.3-usb-0:2.1.1:1.0-port0
1790755851.0120,C,89,6264,-78,/dev/serial/by-path/pci-0000:05:00.3-usb-0:2.1.3:1.0-port0
1790755851.0413,B,85,6295,-76,/dev/serial/by-path/pci-0000:05:00.3-usb-0:2.1.2:1.0-port0
1790755851.0414,C,90,6294,-72,/dev/serial/by-path/pci-0000:05:00.3-usb-0:2.1.3:1.0-port0
1790755851.0597,A,93,6317,-79,/dev/serial/by-path/pci-0000:05:00.3-usb-0:2.1.1:1.0-port0
1790755851.0882,C,91,6340,-78,/dev/serial/by-path/pci-0000:05:00.3-usb-0:2.1.3:1.0-port0
1790755851.0883,B,86,6342,-77,/dev/serial/by-path/pci-0000:05:00.3-usb-0:2.1.2:1.0-port0
1790755851.1231,A,94,6381,-80,/dev/serial/by-path/pci-0000:05:00.3-usb-0:2.1.1:1.0-port0
1790755851.1398,B,87,6393,-76,/dev/serial/by-path/pci-0000:05:00.3-usb-0:2.1.2:1.0-port0
1790755851.1423,A,95,6400,-74,/dev/serial/by-path/pci-0000:05:00.3-usb-0:2.1.1:1.0-port0
1790755851.1425,C,92,6395,-77,/dev/serial/by-path/pci-0000:05:00.3-usb-0:2.1.3:1.0-port0
1790755851.1931,C,93,6445,-76,/dev/serial/by-path/pci-0000:05:00.3-usb-0:2.1.3:1.0-port0
1790755851.1932,B,88,6446,-80,/dev/serial/by-path/pci-0000:05:00.3-usb-0:2.1.2:1.0-port0
1790755851.2161,A,96,6474,-77,/dev/serial/by-path/pci-0000:05:00.3-usb-0:2.1.1:1.0-port0
1790755851.2235,B,89,6476,-78,/dev/serial/by-path/pci-0000:05:00.3-usb-0:2.1.2:1.0-port0
1790755851.2238,A,97,6481,-75,/dev/serial/by-path/pci-0000:05:00.3-usb-0:2.1.1:1.0-port0
1790755851.2265,C,94,6477,-75,/dev/serial/by-path/pci-0000:05:00.3-usb-0:2.1.3:1.0-port0
1790755851.2620,A,98,6520,-85,/dev/serial/by-path/pci-0000:05:00.3-usb-0:2.1.1:1.0-port0
1790755851.2621,B,90,6515,-78,/dev/serial/by-path/pci-0000:05:00.3-usb-0:2.1.2:1.0-port0
1790755851.2655,C,95,6518,-77,/dev/serial/by-path/pci-0000:05:00.3-usb-0:2.1.3:1.0-port0
1790755851.3102,B,91,6564,-73,/dev/serial/by-path/pci-0000:05:00.3-usb-0:2.1.2:1.0-port0
1790755851.3104,C,96,6562,-78,/dev/serial/by-path/pci-0000:05:00.3-usb-0:2.1.3:1.0-port0
1790755851.3237,A,99,6582,-82,/dev/serial/by-path/pci-0000:05:00.3-usb-0:2.1.1:1.0-port0
1790755851.3531,C,97,6605,-78,/dev/serial/by-path/pci-0000:05:00.3-usb-0:2.1.3:1.0-port0
1790755851.3535,B,92,6607,-75,/dev/serial/by-path/pci-0000:05:00.3-usb-0:2.1.2:1.0-port0
1790755851.3738,A,100,6631,-74,/dev/serial/by-path/pci-0000:05:00.3-usb-0:2.1.1:1.0-port0
1790755851.4052,B,93,6659,-79,/dev/serial/by-path/pci-0000:05:00.3-usb-0:2.1.2:1.0-port0
1790755851.4252,C,98,6677,-74,/dev/serial/by-path/pci-0000:05:00.3-usb-0:2.1.3:1.0-port0
1790755851.4665,B,94,6720,-74,/dev/serial/by-path/pci-0000:05:00.3-usb-0:2.1.2:1.0-port0
1790755851.4735,A,101,6731,-81,/dev/serial/by-path/pci-0000:05:00.3-usb-0:2.1.1:1.0-port0
1790755851.4750,C,99,6727,-76,/dev/serial/by-path/pci-0000:05:00.3-usb-0:2.1.3:1.0-port0
1790755851.5548,B,95,6808,-78,/dev/serial/by-path/pci-0000:05:00.3-usb-0:2.1.2:1.0-port0
1790755851.5568,A,102,6815,-80,/dev/serial/by-path/pci-0000:05:00.3-usb-0:2.1.1:1.0-port0
1790755851.5640,C,100,6816,-75,/dev/serial/by-path/pci-0000:05:00.3-usb-0:2.1.3:1.0-port0
1790755851.5758,C,101,6828,-74,/dev/serial/by-path/pci-0000:05:00.3-usb-0:2.1.3:1.0-port0
1790755851.5877,B,96,6841,-75,/dev/serial/by-path/pci-0000:05:00.3-usb-0:2.1.2:1.0-port0
1790755851.5907,A,103,6848,-79,/dev/serial/by-path/pci-0000:05:00.3-usb-0:2.1.1:1.0-port0
1790755851.6171,C,102,6869,-74,/dev/serial/by-path/pci-0000:05:00.3-usb-0:2.1.3:1.0-port0
1790755851.6229,A,104,6881,-79,/dev/serial/by-path/pci-0000:05:00.3-usb-0:2.1.1:1.0-port0
1790755851.6631,C,103,6915,-80,/dev/serial/by-path/pci-0000:05:00.3-usb-0:2.1.3:1.0-port0
1790755851.6736,A,105,6931,-83,/dev/serial/by-path/pci-0000:05:00.3-usb-0:2.1.1:1.0-port0
1790755851.7080,A,106,6965,-78,/dev/serial/by-path/pci-0000:05:00.3-usb-0:2.1.1:1.0-port0
1790755851.7082,B,97,6961,-81,/dev/serial/by-path/pci-0000:05:00.3-usb-0:2.1.2:1.0-port0
1790755851.7252,C,104,6977,-72,/dev/serial/by-path/pci-0000:05:00.3-usb-0:2.1.3:1.0-port0
1790755851.7553,C,105,7008,-71,/dev/serial/by-path/pci-0000:05:00.3-usb-0:2.1.3:1.0-port0
1790755851.7557,B,98,7009,-78,/dev/serial/by-path/pci-0000:05:00.3-usb-0:2.1.2:1.0-port0
1790755851.7736,A,107,7031,-77,/dev/serial/by-path/pci-0000:05:00.3-usb-0:2.1.1:1.0-port0
1790755851.8011,B,99,7054,-87,/dev/serial/by-path/pci-0000:05:00.3-usb-0:2.1.2:1.0-port0
1790755851.8016,A,108,7059,-78,/dev/serial/by-path/pci-0000:05:00.3-usb-0:2.1.1:1.0-port0
1790755851.8254,C,106,7078,-78,/dev/serial/by-path/pci-0000:05:00.3-usb-0:2.1.3:1.0-port0
1790755851.8408,C,107,7093,-74,/dev/serial/by-path/pci-0000:05:00.3-usb-0:2.1.3:1.0-port0
1790755851.8417,A,109,7100,-77,/dev/serial/by-path/pci-0000:05:00.3-usb-0:2.1.1:1.0-port0
1790755851.8517,B,100,7105,-83,/dev/serial/by-path/pci-0000:05:00.3-usb-0:2.1.2:1.0-port0
1790755851.8883,C,108,7140,-107,/dev/serial/by-path/pci-0000:05:00.3-usb-0:2.1.3:1.0-port0
1790755851.8887,B,101,7142,-78,/dev/serial/by-path/pci-0000:05:00.3-usb-0:2.1.2:1.0-port0
1790755851.9231,A,110,7181,-76,/dev/serial/by-path/pci-0000:05:00.3-usb-0:2.1.1:1.0-port0
1790755852.0020,B,102,7255,-82,/dev/serial/by-path/pci-0000:05:00.3-usb-0:2.1.2:1.0-port0
1790755852.0239,C,109,7276,-72,/dev/serial/by-path/pci-0000:05:00.3-usb-0:2.1.3:1.0-port0
1790755852.0659,B,103,7319,-77,/dev/serial/by-path/pci-0000:05:00.3-usb-0:2.1.2:1.0-port0
1790755852.0737,A,111,7331,-75,/dev/serial/by-path/pci-0000:05:00.3-usb-0:2.1.1:1.0-port0
1790755852.0754,C,110,7327,-69,/dev/serial/by-path/pci-0000:05:00.3-usb-0:2.1.3:1.0-port0
1790755852.0786,B,104,7332,-87,/dev/serial/by-path/pci-0000:05:00.3-usb-0:2.1.2:1.0-port0
1790755852.1133,C,111,7365,-74,/dev/serial/by-path/pci-0000:05:00.3-usb-0:2.1.3:1.0-port0
1790755852.1158,B,105,7369,-83,/dev/serial/by-path/pci-0000:05:00.3-usb-0:2.1.2:1.0-port0
1790755852.1607,A,112,7418,-76,/dev/serial/by-path/pci-0000:05:00.3-usb-0:2.1.1:1.0-port0
1790755852.1609,C,112,7413,-71,/dev/serial/by-path/pci-0000:05:00.3-usb-0:2.1.3:1.0-port0
1790755852.2162,B,106,7469,-79,/dev/serial/by-path/pci-0000:05:00.3-usb-0:2.1.2:1.0-port0
1790755852.2184,C,113,7471,-70,/dev/serial/by-path/pci-0000:05:00.3-usb-0:2.1.3:1.0-port0
1790755852.2188,A,113,7476,-75,/dev/serial/by-path/pci-0000:05:00.3-usb-0:2.1.1:1.0-port0
1790755852.2572,A,114,7515,-79,/dev/serial/by-path/pci-0000:05:00.3-usb-0:2.1.1:1.0-port0
1790755852.2673,B,107,7519,-85,/dev/serial/by-path/pci-0000:05:00.3-usb-0:2.1.2:1.0-port0
1790755852.2754,C,114,7527,-73,/dev/serial/by-path/pci-0000:05:00.3-usb-0:2.1.3:1.0-port0
1790755852.3162,B,108,7569,-81,/dev/serial/by-path/pci-0000:05:00.3-usb-0:2.1.2:1.0-port0
1790755852.3195,C,115,7572,-70,/dev/serial/by-path/pci-0000:05:00.3-usb-0:2.1.3:1.0-port0
1790755852.3205,A,115,7578,-76,/dev/serial/by-path/pci-0000:05:00.3-usb-0:2.1.1:1.0-port0
1790755852.3422,C,116,7594,-70,/dev/serial/by-path/pci-0000:05:00.3-usb-0:2.1.3:1.0-port0
1790755852.3659,A,116,7623,-76,/dev/serial/by-path/pci-0000:05:00.3-usb-0:2.1.1:1.0-port0
1790755852.3897,A,117,7647,-78,/dev/serial/by-path/pci-0000:05:00.3-usb-0:2.1.1:1.0-port0
1790755852.3898,B,109,7643,-82,/dev/serial/by-path/pci-0000:05:00.3-usb-0:2.1.2:1.0-port0
1790755852.3957,C,117,7648,-72,/dev/serial/by-path/pci-0000:05:00.3-usb-0:2.1.3:1.0-port0
1790755852.4331,B,110,7686,-82,/dev/serial/by-path/pci-0000:05:00.3-usb-0:2.1.2:1.0-port0
1790755852.4734,A,118,7731,-77,/dev/serial/by-path/pci-0000:05:00.3-usb-0:2.1.1:1.0-port0
1790755852.4754,C,118,7727,-70,/dev/serial/by-path/pci-0000:05:00.3-usb-0:2.1.3:1.0-port0
1790755852.5013,B,111,7755,-79,/dev/serial/by-path/pci-0000:05:00.3-usb-0:2.1.2:1.0-port0
1790755852.5019,A,119,7760,-77,/dev/serial/by-path/pci-0000:05:00.3-usb-0:2.1.1:1.0-port0
1790755852.5234,A,120,7781,-77,/dev/serial/by-path/pci-0000:05:00.3-usb-0:2.1.1:1.0-port0
1790755852.5255,C,119,7777,-69,/dev/serial/by-path/pci-0000:05:00.3-usb-0:2.1.3:1.0-port0
1790755852.5323,B,112,7786,-84,/dev/serial/by-path/pci-0000:05:00.3-usb-0:2.1.2:1.0-port0
1790755852.5753,C,120,7827,-73,/dev/serial/by-path/pci-0000:05:00.3-usb-0:2.1.3:1.0-port0
1790755852.6016,B,113,7855,-83,/dev/serial/by-path/pci-0000:05:00.3-usb-0:2.1.2:1.0-port0
1790755852.6124,B,114,7866,-84,/dev/serial/by-path/pci-0000:05:00.3-usb-0:2.1.2:1.0-port0
1790755852.6128,A,121,7870,-77,/dev/serial/by-path/pci-0000:05:00.3-usb-0:2.1.1:1.0-port0
1790755852.6254,C,121,7877,-71,/dev/serial/by-path/pci-0000:05:00.3-usb-0:2.1.3:1.0-port0
1790755852.6595,C,122,7912,-70,/dev/serial/by-path/pci-0000:05:00.3-usb-0:2.1.3:1.0-port0
1790755852.6646,B,115,7918,-79,/dev/serial/by-path/pci-0000:05:00.3-usb-0:2.1.2:1.0-port0
1790755852.6735,A,122,7931,-77,/dev/serial/by-path/pci-0000:05:00.3-usb-0:2.1.1:1.0-port0
1790755852.7161,B,116,7969,-83,/dev/serial/by-path/pci-0000:05:00.3-usb-0:2.1.2:1.0-port0
1790755852.7241,A,123,7982,-83,/dev/serial/by-path/pci-0000:05:00.3-usb-0:2.1.1:1.0-port0
1790755852.7254,C,123,7977,-75,/dev/serial/by-path/pci-0000:05:00.3-usb-0:2.1.3:1.0-port0
1790755852.7620,C,124,8015,-73,/dev/serial/by-path/pci-0000:05:00.3-usb-0:2.1.3:1.0-port0
1790755852.7623,B,117,8015,-83,/dev/serial/by-path/pci-0000:05:00.3-usb-0:2.1.2:1.0-port0
1790755852.7631,A,124,8020,-77,/dev/serial/by-path/pci-0000:05:00.3-usb-0:2.1.1:1.0-port0
1790755852.7991,C,125,8051,-72,/dev/serial/by-path/pci-0000:05:00.3-usb-0:2.1.3:1.0-port0
1790755852.7995,A,125,8057,-78,/dev/serial/by-path/pci-0000:05:00.3-usb-0:2.1.1:1.0-port0
1790755852.7998,B,118,8053,-79,/dev/serial/by-path/pci-0000:05:00.3-usb-0:2.1.2:1.0-port0
1790755852.8505,B,119,8104,-81,/dev/serial/by-path/pci-0000:05:00.3-usb-0:2.1.2:1.0-port0
1790755852.8507,C,126,8103,-75,/dev/serial/by-path/pci-0000:05:00.3-usb-0:2.1.3:1.0-port0
1790755852.8511,A,126,8109,-83,/dev/serial/by-path/pci-0000:05:00.3-usb-0:2.1.1:1.0-port0
1790755852.8883,C,127,8140,-73,/dev/serial/by-path/pci-0000:05:00.3-usb-0:2.1.3:1.0-port0
1790755852.8886,A,127,8146,-77,/dev/serial/by-path/pci-0000:05:00.3-usb-0:2.1.1:1.0-port0
1790755852.9033,B,120,8157,-86,/dev/serial/by-path/pci-0000:05:00.3-usb-0:2.1.2:1.0-port0
1790755852.9352,B,121,8189,-85,/dev/serial/by-path/pci-0000:05:00.3-usb-0:2.1.2:1.0-port0
1790755852.9422,C,128,8194,-72,/dev/serial/by-path/pci-0000:05:00.3-usb-0:2.1.3:1.0-port0
1790755852.9425,A,128,8200,-77,/dev/serial/by-path/pci-0000:05:00.3-usb-0:2.1.1:1.0-port0
1790755853.0135,B,122,8267,-84,/dev/serial/by-path/pci-0000:05:00.3-usb-0:2.1.2:1.0-port0
1790755853.0139,C,129,8265,-76,/dev/serial/by-path/pci-0000:05:00.3-usb-0:2.1.3:1.0-port0
1790755853.0142,A,129,8272,-81,/dev/serial/by-path/pci-0000:05:00.3-usb-0:2.1.1:1.0-port0
1790755853.0416,B,123,8295,-87,/dev/serial/by-path/pci-0000:05:00.3-usb-0:2.1.2:1.0-port0
1790755853.0686,A,130,8326,-77,/dev/serial/by-path/pci-0000:05:00.3-usb-0:2.1.1:1.0-port0
1790755853.0687,C,130,8320,-73,/dev/serial/by-path/pci-0000:05:00.3-usb-0:2.1.3:1.0-port0
1790755853.1122,C,131,8364,-71,/dev/serial/by-path/pci-0000:05:00.3-usb-0:2.1.3:1.0-port0
1790755853.1127,B,124,8365,-85,/dev/serial/by-path/pci-0000:05:00.3-usb-0:2.1.2:1.0-port0
1790755853.1129,A,131,8370,-77,/dev/serial/by-path/pci-0000:05:00.3-usb-0:2.1.1:1.0-port0
1790755853.1605,C,132,8412,-75,/dev/serial/by-path/pci-0000:05:00.3-usb-0:2.1.3:1.0-port0
1790755853.1610,A,132,8419,-81,/dev/serial/by-path/pci-0000:05:00.3-usb-0:2.1.1:1.0-port0
1790755853.2130,B,125,8466,-88,/dev/serial/by-path/pci-0000:05:00.3-usb-0:2.1.2:1.0-port0
1790755853.2133,C,133,8465,-75,/dev/serial/by-path/pci-0000:05:00.3-usb-0:2.1.3:1.0-port0
1790755853.2137,A,133,8471,-79,/dev/serial/by-path/pci-0000:05:00.3-usb-0:2.1.1:1.0-port0
1790755853.2555,B,126,8509,-84,/dev/serial/by-path/pci-0000:05:00.3-usb-0:2.1.2:1.0-port0
1790755853.2559,A,134,8513,-80,/dev/serial/by-path/pci-0000:05:00.3-usb-0:2.1.1:1.0-port0
1790755853.2642,C,134,8516,-74,/dev/serial/by-path/pci-0000:05:00.3-usb-0:2.1.3:1.0-port0
1790755853.3055,A,135,8563,-83,/dev/serial/by-path/pci-0000:05:00.3-usb-0:2.1.1:1.0-port0
1790755853.3060,C,135,8556,-76,/dev/serial/by-path/pci-0000:05:00.3-usb-0:2.1.3:1.0-port0
1790755853.3061,B,127,8558,-85,/dev/serial/by-path/pci-0000:05:00.3-usb-0:2.1.2:1.0-port0
1790755853.3505,A,136,8608,-81,/dev/serial/by-path/pci-0000:05:00.3-usb-0:2.1.1:1.0-port0
1790755853.3547,C,136,8607,-76,/dev/serial/by-path/pci-0000:05:00.3-usb-0:2.1.3:1.0-port0
1790755853.3550,B,128,8608,-87,/dev/serial/by-path/pci-0000:05:00.3-usb-0:2.1.2:1.0-port0
1790755853.3977,B,129,8651,-84,/dev/serial/by-path/pci-0000:05:00.3-usb-0:2.1.2:1.0-port0
1790755853.3982,C,137,8651,-74,/dev/serial/by-path/pci-0000:05:00.3-usb-0:2.1.3:1.0-port0
1790755853.3988,A,137,8657,-79,/dev/serial/by-path/pci-0000:05:00.3-usb-0:2.1.1:1.0-port0
1790755853.4446,A,138,8702,-81,/dev/serial/by-path/pci-0000:05:00.3-usb-0:2.1.1:1.0-port0
1790755853.4633,C,138,8715,-75,/dev/serial/by-path/pci-0000:05:00.3-usb-0:2.1.3:1.0-port0
1790755853.4906,C,139,8743,-76,/dev/serial/by-path/pci-0000:05:00.3-usb-0:2.1.3:1.0-port0
1790755853.4911,A,139,8748,-80,/dev/serial/by-path/pci-0000:05:00.3-usb-0:2.1.1:1.0-port0
1790755853.5142,B,130,8767,-92,/dev/serial/by-path/pci-0000:05:00.3-usb-0:2.1.2:1.0-port0
1790755853.5495,C,140,8802,-74,/dev/serial/by-path/pci-0000:05:00.3-usb-0:2.1.3:1.0-port0
1790755853.5736,A,140,8831,-78,/dev/serial/by-path/pci-0000:05:00.3-usb-0:2.1.1:1.0-port0
1790755853.6117,C,141,8864,-79,/dev/serial/by-path/pci-0000:05:00.3-usb-0:2.1.3:1.0-port0
1790755853.6163,B,131,8869,-87,/dev/serial/by-path/pci-0000:05:00.3-usb-0:2.1.2:1.0-port0
1790755853.6242,A,141,8881,-81,/dev/serial/by-path/pci-0000:05:00.3-usb-0:2.1.1:1.0-port0
1790755853.6308,B,132,8884,-90,/dev/serial/by-path/pci-0000:05:00.3-usb-0:2.1.2:1.0-port0
1790755853.6471,C,142,8899,-84,/dev/serial/by-path/pci-0000:05:00.3-usb-0:2.1.3:1.0-port0
1790755853.6478,A,142,8905,-79,/dev/serial/by-path/pci-0000:05:00.3-usb-0:2.1.1:1.0-port0
1790755853.6782,B,133,8932,-85,/dev/serial/by-path/pci-0000:05:00.3-usb-0:2.1.2:1.0-port0
1790755853.6786,A,143,8936,-81,/dev/serial/by-path/pci-0000:05:00.3-usb-0:2.1.1:1.0-port0
1790755853.7237,C,143,8975,-76,/dev/serial/by-path/pci-0000:05:00.3-usb-0:2.1.3:1.0-port0
1790755853.7240,A,144,8981,-83,/dev/serial/by-path/pci-0000:05:00.3-usb-0:2.1.1:1.0-port0
1790755853.7300,B,134,8983,-83,/dev/serial/by-path/pci-0000:05:00.3-usb-0:2.1.2:1.0-port0
1790755853.7748,C,144,9027,-76,/dev/serial/by-path/pci-0000:05:00.3-usb-0:2.1.3:1.0-port0
1790755853.7821,B,135,9035,-97,/dev/serial/by-path/pci-0000:05:00.3-usb-0:2.1.2:1.0-port0
1790755853.8193,C,145,9072,-88,/dev/serial/by-path/pci-0000:05:00.3-usb-0:2.1.3:1.0-port0
1790755853.8238,A,145,9081,-83,/dev/serial/by-path/pci-0000:05:00.3-usb-0:2.1.1:1.0-port0
1790755853.8605,C,146,9113,-73,/dev/serial/by-path/pci-0000:05:00.3-usb-0:2.1.3:1.0-port0
1790755853.8609,A,146,9118,-82,/dev/serial/by-path/pci-0000:05:00.3-usb-0:2.1.1:1.0-port0
1790755853.9092,A,147,9167,-82,/dev/serial/by-path/pci-0000:05:00.3-usb-0:2.1.1:1.0-port0
1790755853.9114,C,147,9163,-77,/dev/serial/by-path/pci-0000:05:00.3-usb-0:2.1.3:1.0-port0
1790755853.9502,B,136,9203,-96,/dev/serial/by-path/pci-0000:05:00.3-usb-0:2.1.2:1.0-port0
1790755853.9641,C,148,9216,-83,/dev/serial/by-path/pci-0000:05:00.3-usb-0:2.1.3:1.0-port0
1790755853.9646,A,148,9222,-81,/dev/serial/by-path/pci-0000:05:00.3-usb-0:2.1.1:1.0-port0
1790755853.9996,C,149,9252,-73,/dev/serial/by-path/pci-0000:05:00.3-usb-0:2.1.3:1.0-port0
1790755854.0000,A,149,9257,-83,/dev/serial/by-path/pci-0000:05:00.3-usb-0:2.1.1:1.0-port0
1790755854.0468,A,150,9304,-82,/dev/serial/by-path/pci-0000:05:00.3-usb-0:2.1.1:1.0-port0
1790755854.0707,C,150,9323,-77,/dev/serial/by-path/pci-0000:05:00.3-usb-0:2.1.3:1.0-port0
1790755854.0940,C,151,9346,-82,/dev/serial/by-path/pci-0000:05:00.3-usb-0:2.1.3:1.0-port0
1790755854.0943,A,151,9351,-79,/dev/serial/by-path/pci-0000:05:00.3-usb-0:2.1.1:1.0-port0
1790755854.1403,C,152,9392,-73,/dev/serial/by-path/pci-0000:05:00.3-usb-0:2.1.3:1.0-port0
1790755854.1406,A,152,9397,-85,/dev/serial/by-path/pci-0000:05:00.3-usb-0:2.1.1:1.0-port0
1790755854.1723,C,153,9424,-72,/dev/serial/by-path/pci-0000:05:00.3-usb-0:2.1.3:1.0-port0
1790755854.1727,A,153,9430,-87,/dev/serial/by-path/pci-0000:05:00.3-usb-0:2.1.1:1.0-port0
1790755854.1730,B,137,9426,-87,/dev/serial/by-path/pci-0000:05:00.3-usb-0:2.1.2:1.0-port0
1790755854.2143,C,154,9466,-80,/dev/serial/by-path/pci-0000:05:00.3-usb-0:2.1.3:1.0-port0
1790755854.2147,A,154,9473,-85,/dev/serial/by-path/pci-0000:05:00.3-usb-0:2.1.1:1.0-port0
1790755854.2566,B,138,9510,-84,/dev/serial/by-path/pci-0000:05:00.3-usb-0:2.1.2:1.0-port0
1790755854.2734,A,155,9531,-78,/dev/serial/by-path/pci-0000:05:00.3-usb-0:2.1.1:1.0-port0
1790755854.2760,C,155,9528,-83,/dev/serial/by-path/pci-0000:05:00.3-usb-0:2.1.3:1.0-port0
1790755854.2982,A,156,9555,-84,/dev/serial/by-path/pci-0000:05:00.3-usb-0:2.1.1:1.0-port0
1790755854.3024,B,139,9556,-85,/dev/serial/by-path/pci-0000:05:00.3-usb-0:2.1.2:1.0-port0
1790755854.3026,C,156,9554,-73,/dev/serial/by-path/pci-0000:05:00.3-usb-0:2.1.3:1.0-port0
1790755854.3400,B,140,9592,-90,/dev/serial/by-path/pci-0000:05:00.3-usb-0:2.1.2:1.0-port0
1790755854.3747,C,157,9627,-78,/dev/serial/by-path/pci-0000:05:00.3-usb-0:2.1.3:1.0-port0
1790755854.3846,B,141,9638,-90,/dev/serial/by-path/pci-0000:05:00.3-usb-0:2.1.2:1.0-port0
1790755854.3850,A,157,9642,-84,/dev/serial/by-path/pci-0000:05:00.3-usb-0:2.1.1:1.0-port0
1790755854.3897,C,158,9642,-80,/dev/serial/by-path/pci-0000:05:00.3-usb-0:2.1.3:1.0-port0
1790755854.4254,C,159,9677,-85,/dev/serial/by-path/pci-0000:05:00.3-usb-0:2.1.3:1.0-port0
1790755854.4675,C,160,9720,-72,/dev/serial/by-path/pci-0000:05:00.3-usb-0:2.1.3:1.0-port0
1790755854.4735,A,158,9731,-80,/dev/serial/by-path/pci-0000:05:00.3-usb-0:2.1.1:1.0-port0
1790755854.5161,B,142,9769,-89,/dev/serial/by-path/pci-0000:05:00.3-usb-0:2.1.2:1.0-port0
1790755854.5165,C,161,9768,-75,/dev/serial/by-path/pci-0000:05:00.3-usb-0:2.1.3:1.0-port0
1790755854.5239,A,159,9781,-85,/dev/serial/by-path/pci-0000:05:00.3-usb-0:2.1.1:1.0-port0
1790755854.5646,C,162,9816,-75,/dev/serial/by-path/pci-0000:05:00.3-usb-0:2.1.3:1.0-port0
1790755854.5648,A,160,9822,-81,/dev/serial/by-path/pci-0000:05:00.3-usb-0:2.1.1:1.0-port0
1790755854.5665,B,143,9819,-87,/dev/serial/by-path/pci-0000:05:00.3-usb-0:2.1.2:1.0-port0
1790755854.6111,C,163,9863,-71,/dev/serial/by-path/pci-0000:05:00.3-usb-0:2.1.3:1.0-port0
1790755854.6115,B,144,9864,-80,/dev/serial/by-path/pci-0000:05:00.3-usb-0:2.1.2:1.0-port0
1790755854.6191,A,161,9876,-77,/dev/serial/by-path/pci-0000:05:00.3-usb-0:2.1.1:1.0-port0
1790755854.6556,B,145,9909,-87,/dev/serial/by-path/pci-0000:05:00.3-usb-0:2.1.2:1.0-port0
1790755854.6558,A,162,9913,-80,/dev/serial/by-path/pci-0000:05:00.3-usb-0:2.1.1:1.0-port0
1790755854.6707,C,164,9923,-74,/dev/serial/by-path/pci-0000:05:00.3-usb-0:2.1.3:1.0-port0
1790755854.7048,C,165,9956,-78,/dev/serial/by-path/pci-0000:05:00.3-usb-0:2.1.3:1.0-port0
1790755854.7053,A,163,9962,-81,/dev/serial/by-path/pci-0000:05:00.3-usb-0:2.1.1:1.0-port0
1790755854.7057,B,146,9958,-84,/dev/serial/by-path/pci-0000:05:00.3-usb-0:2.1.2:1.0-port0
1790755854.7392,C,166,9991,-75,/dev/serial/by-path/pci-0000:05:00.3-usb-0:2.1.3:1.0-port0
1790755854.7398,A,164,9998,-74,/dev/serial/by-path/pci-0000:05:00.3-usb-0:2.1.1:1.0-port0
1790755854.7664,B,147,10019,-85,/dev/serial/by-path/pci-0000:05:00.3-usb-0:2.1.2:1.0-port0
1790755854.8092,B,148,10063,-80,/dev/serial/by-path/pci-0000:05:00.3-usb-0:2.1.2:1.0-port0
1790755854.8211,A,165,10079,-78,/dev/serial/by-path/pci-0000:05:00.3-usb-0:2.1.1:1.0-port0
1790755854.8215,B,149,10075,-82,/dev/serial/by-path/pci-0000:05:00.3-usb-0:2.1.2:1.0-port0
1790755854.8237,A,166,10080,-79,/dev/serial/by-path/pci-0000:05:00.3-usb-0:2.1.1:1.0-port0
1790755854.8257,C,167,10077,-94,/dev/serial/by-path/pci-0000:05:00.3-usb-0:2.1.3:1.0-port0
1790755854.8648,B,150,10118,-78,/dev/serial/by-path/pci-0000:05:00.3-usb-0:2.1.2:1.0-port0
1790755854.8652,C,168,10117,-92,/dev/serial/by-path/pci-0000:05:00.3-usb-0:2.1.3:1.0-port0
1790755854.8737,A,167,10131,-76,/dev/serial/by-path/pci-0000:05:00.3-usb-0:2.1.1:1.0-port0
1790755854.9133,A,168,10170,-71,/dev/serial/by-path/pci-0000:05:00.3-usb-0:2.1.1:1.0-port0
1790755854.9163,B,151,10169,-81,/dev/serial/by-path/pci-0000:05:00.3-usb-0:2.1.2:1.0-port0
1790755854.9619,B,152,10215,-73,/dev/serial/by-path/pci-0000:05:00.3-usb-0:2.1.2:1.0-port0
1790755854.9736,A,169,10231,-77,/dev/serial/by-path/pci-0000:05:00.3-usb-0:2.1.1:1.0-port0
1790755854.9756,C,169,10227,-78,/dev/serial/by-path/pci-0000:05:00.3-usb-0:2.1.3:1.0-port0
1790755855.0073,B,153,10260,-76,/dev/serial/by-path/pci-0000:05:00.3-usb-0:2.1.2:1.0-port0
1790755855.0185,A,170,10276,-76,/dev/serial/by-path/pci-0000:05:00.3-usb-0:2.1.1:1.0-port0
1790755855.0190,C,170,10270,-86,/dev/serial/by-path/pci-0000:05:00.3-usb-0:2.1.3:1.0-port0
1790755855.0955,A,171,10353,-74,/dev/serial/by-path/pci-0000:05:00.3-usb-0:2.1.1:1.0-port0
1790755855.0960,C,171,10348,-76,/dev/serial/by-path/pci-0000:05:00.3-usb-0:2.1.3:1.0-port0
1790755855.0961,B,154,10349,-69,/dev/serial/by-path/pci-0000:05:00.3-usb-0:2.1.2:1.0-port0
1790755855.1372,B,155,10390,-73,/dev/serial/by-path/pci-0000:05:00.3-usb-0:2.1.2:1.0-port0
1790755855.1376,C,172,10389,-76,/dev/serial/by-path/pci-0000:05:00.3-usb-0:2.1.3:1.0-port0
1790755855.1532,A,172,10410,-72,/dev/serial/by-path/pci-0000:05:00.3-usb-0:2.1.1:1.0-port0
1790755855.1873,B,156,10440,-70,/dev/serial/by-path/pci-0000:05:00.3-usb-0:2.1.2:1.0-port0
1790755855.2000,C,173,10452,-75,/dev/serial/by-path/pci-0000:05:00.3-usb-0:2.1.3:1.0-port0
1790755855.2004,A,173,10457,-69,/dev/serial/by-path/pci-0000:05:00.3-usb-0:2.1.1:1.0-port0
1790755855.2478,C,174,10500,-72,/dev/serial/by-path/pci-0000:05:00.3-usb-0:2.1.3:1.0-port0
1790755855.2665,B,157,10519,-67,/dev/serial/by-path/pci-0000:05:00.3-usb-0:2.1.2:1.0-port0
1790755855.2686,A,174,10526,-75,/dev/serial/by-path/pci-0000:05:00.3-usb-0:2.1.1:1.0-port0
1790755855.3012,B,158,10554,-70,/dev/serial/by-path/pci-0000:05:00.3-usb-0:2.1.2:1.0-port0
1790755855.3186,C,175,10570,-74,/dev/serial/by-path/pci-0000:05:00.3-usb-0:2.1.3:1.0-port0
1790755855.3201,A,175,10577,-74,/dev/serial/by-path/pci-0000:05:00.3-usb-0:2.1.1:1.0-port0
1790755855.3630,C,176,10615,-73,/dev/serial/by-path/pci-0000:05:00.3-usb-0:2.1.3:1.0-port0
1790755855.3669,B,159,10620,-68,/dev/serial/by-path/pci-0000:05:00.3-usb-0:2.1.2:1.0-port0
1790755855.3736,A,176,10631,-70,/dev/serial/by-path/pci-0000:05:00.3-usb-0:2.1.1:1.0-port0
1790755855.4062,C,177,10658,-72,/dev/serial/by-path/pci-0000:05:00.3-usb-0:2.1.3:1.0-port0
1790755855.4066,A,177,10664,-75,/dev/serial/by-path/pci-0000:05:00.3-usb-0:2.1.1:1.0-port0
1790755855.4071,B,160,10661,-69,/dev/serial/by-path/pci-0000:05:00.3-usb-0:2.1.2:1.0-port0
1790755855.4532,A,178,10710,-76,/dev/serial/by-path/pci-0000:05:00.3-usb-0:2.1.1:1.0-port0
1790755855.4563,B,161,10709,-70,/dev/serial/by-path/pci-0000:05:00.3-usb-0:2.1.2:1.0-port0
1790755855.4664,C,178,10718,-73,/dev/serial/by-path/pci-0000:05:00.3-usb-0:2.1.3:1.0-port0
1790755855.4963,B,162,10750,-67,/dev/serial/by-path/pci-0000:05:00.3-usb-0:2.1.2:1.0-port0
1790755855.4967,A,179,10754,-71,/dev/serial/by-path/pci-0000:05:00.3-usb-0:2.1.1:1.0-port0
1790755855.5261,C,179,10778,-72,/dev/serial/by-path/pci-0000:05:00.3-usb-0:2.1.3:1.0-port0
1790755855.5420,C,180,10794,-71,/dev/serial/by-path/pci-0000:05:00.3-usb-0:2.1.3:1.0-port0
1790755855.5424,B,163,10795,-68,/dev/serial/by-path/pci-0000:05:00.3-usb-0:2.1.2:1.0-port0
1790755855.5665,A,180,10824,-72,/dev/serial/by-path/pci-0000:05:00.3-usb-0:2.1.1:1.0-port0
1790755855.5832,B,164,10837,-70,/dev/serial/by-path/pci-0000:05:00.3-usb-0:2.1.2:1.0-port0
1790755855.5835,C,181,10835,-71,/dev/serial/by-path/pci-0000:05:00.3-usb-0:2.1.3:1.0-port0
1790755855.5838,A,181,10840,-75,/dev/serial/by-path/pci-0000:05:00.3-usb-0:2.1.1:1.0-port0
1790755855.6311,B,165,10884,-67,/dev/serial/by-path/pci-0000:05:00.3-usb-0:2.1.2:1.0-port0
1790755855.6441,A,182,10901,-70,/dev/serial/by-path/pci-0000:05:00.3-usb-0:2.1.1:1.0-port0
1790755855.6442,C,182,10896,-72,/dev/serial/by-path/pci-0000:05:00.3-usb-0:2.1.3:1.0-port0
1790755855.6737,A,183,10931,-71,/dev/serial/by-path/pci-0000:05:00.3-usb-0:2.1.1:1.0-port0
1790755855.6741,C,183,10925,-73,/dev/serial/by-path/pci-0000:05:00.3-usb-0:2.1.3:1.0-port0
1790755855.6876,B,166,10941,-68,/dev/serial/by-path/pci-0000:05:00.3-usb-0:2.1.2:1.0-port0
1790755855.7236,C,184,10975,-73,/dev/serial/by-path/pci-0000:05:00.3-usb-0:2.1.3:1.0-port0
1790755855.7241,A,184,10981,-76,/dev/serial/by-path/pci-0000:05:00.3-usb-0:2.1.1:1.0-port0
1790755855.7648,A,185,11022,-78,/dev/serial/by-path/pci-0000:05:00.3-usb-0:2.1.1:1.0-port0
1790755855.7650,C,185,11017,-75,/dev/serial/by-path/pci-0000:05:00.3-usb-0:2.1.3:1.0-port0
1790755855.7668,B,167,11019,-70,/dev/serial/by-path/pci-0000:05:00.3-usb-0:2.1.2:1.0-port0
1790755855.8101,C,186,11062,-72,/dev/serial/by-path/pci-0000:05:00.3-usb-0:2.1.3:1.0-port0
1790755855.8104,A,186,11068,-72,/dev/serial/by-path/pci-0000:05:00.3-usb-0:2.1.1:1.0-port0
1790755855.8107,B,168,11063,-68,/dev/serial/by-path/pci-0000:05:00.3-usb-0:2.1.2:1.0-port0
1790755855.8666,B,169,11120,-68,/dev/serial/by-path/pci-0000:05:00.3-usb-0:2.1.2:1.0-port0
1790755855.8737,A,187,11131,-76,/dev/serial/by-path/pci-0000:05:00.3-usb-0:2.1.1:1.0-port0
1790755855.8752,C,187,11128,-72,/dev/serial/by-path/pci-0000:05:00.3-usb-0:2.1.3:1.0-port0
1790755855.9025,B,170,11155,-69,/dev/serial/by-path/pci-0000:05:00.3-usb-0:2.1.2:1.0-port0
1790755855.9029,A,188,11160,-77,/dev/serial/by-path/pci-0000:05:00.3-usb-0:2.1.1:1.0-port0
1790755855.9032,C,188,11154,-72,/dev/serial/by-path/pci-0000:05:00.3-usb-0:2.1.3:1.0-port0
1790755855.9511,C,189,11203,-75,/dev/serial/by-path/pci-0000:05:00.3-usb-0:2.1.3:1.0-port0
1790755855.9745,A,189,11231,-72,/dev/serial/by-path/pci-0000:05:00.3-usb-0:2.1.1:1.0-port0
1790755856.0420,A,190,11299,-78,/dev/serial/by-path/pci-0000:05:00.3-usb-0:2.1.1:1.0-port0
1790755856.0444,C,190,11296,-75,/dev/serial/by-path/pci-0000:05:00.3-usb-0:2.1.3:1.0-port0
1790755856.0597,B,171,11313,-69,/dev/serial/by-path/pci-0000:05:00.3-usb-0:2.1.2:1.0-port0
1790755856.0894,B,172,11342,-68,/dev/serial/by-path/pci-0000:05:00.3-usb-0:2.1.2:1.0-port0
1790755856.1004,C,191,11352,-74,/dev/serial/by-path/pci-0000:05:00.3-usb-0:2.1.3:1.0-port0
1790755856.1005,A,191,11358,-75,/dev/serial/by-path/pci-0000:05:00.3-usb-0:2.1.1:1.0-port0
1790755856.1583,C,192,11410,-75,/dev/serial/by-path/pci-0000:05:00.3-usb-0:2.1.3:1.0-port0
1790755856.1587,B,173,11411,-67,/dev/serial/by-path/pci-0000:05:00.3-usb-0:2.1.2:1.0-port0
1790755856.1736,A,192,11431,-74,/dev/serial/by-path/pci-0000:05:00.3-usb-0:2.1.1:1.0-port0
1790755856.1755,C,193,11427,-74,/dev/serial/by-path/pci-0000:05:00.3-usb-0:2.1.3:1.0-port0
1790755856.1949,B,174,11448,-69,/dev/serial/by-path/pci-0000:05:00.3-usb-0:2.1.2:1.0-port0
1790755856.2210,C,194,11473,-74,/dev/serial/by-path/pci-0000:05:00.3-usb-0:2.1.3:1.0-port0
1790755856.2214,A,193,11478,-79,/dev/serial/by-path/pci-0000:05:00.3-usb-0:2.1.1:1.0-port0
1790755856.2566,B,175,11510,-68,/dev/serial/by-path/pci-0000:05:00.3-usb-0:2.1.2:1.0-port0
1790755856.2643,C,195,11516,-75,/dev/serial/by-path/pci-0000:05:00.3-usb-0:2.1.3:1.0-port0
1790755856.2646,A,194,11522,-76,/dev/serial/by-path/pci-0000:05:00.3-usb-0:2.1.1:1.0-port0
1790755856.2649,B,176,11518,-69,/dev/serial/by-path/pci-0000:05:00.3-usb-0:2.1.2:1.0-port0
1790755856.3071,B,177,11560,-67,/dev/serial/by-path/pci-0000:05:00.3-usb-0:2.1.2:1.0-port0
1790755856.3089,C,196,11561,-75,/dev/serial/by-path/pci-0000:05:00.3-usb-0:2.1.3:1.0-port0
1790755856.3094,A,195,11567,-76,/dev/serial/by-path/pci-0000:05:00.3-usb-0:2.1.1:1.0-port0
1790755856.3526,C,197,11605,-74,/dev/serial/by-path/pci-0000:05:00.3-usb-0:2.1.3:1.0-port0
1790755856.3528,A,196,11610,-79,/dev/serial/by-path/pci-0000:05:00.3-usb-0:2.1.1:1.0-port0
1790755856.3539,B,178,11607,-69,/dev/serial/by-path/pci-0000:05:00.3-usb-0:2.1.2:1.0-port0
1790755856.3980,A,197,11655,-76,/dev/serial/by-path/pci-0000:05:00.3-usb-0:2.1.1:1.0-port0
1790755856.3981,B,179,11651,-70,/dev/serial/by-path/pci-0000:05:00.3-usb-0:2.1.2:1.0-port0
1790755856.4084,C,198,11660,-74,/dev/serial/by-path/pci-0000:05:00.3-usb-0:2.1.3:1.0-port0
1790755856.4584,C,199,11710,-74,/dev/serial/by-path/pci-0000:05:00.3-usb-0:2.1.3:1.0-port0
1790755856.4666,B,180,11719,-67,/dev/serial/by-path/pci-0000:05:00.3-usb-0:2.1.2:1.0-port0
1790755856.4737,A,198,11731,-75,/dev/serial/by-path/pci-0000:05:00.3-usb-0:2.1.1:1.0-port0
1790755856.4941,B,181,11747,-68,/dev/serial/by-path/pci-0000:05:00.3-usb-0:2.1.2:1.0-port0
1790755856.4945,A,199,11752,-77,/dev/serial/by-path/pci-0000:05:00.3-usb-0:2.1.1:1.0-port0
1790755856.5076,C,200,11759,-74,/dev/serial/by-path/pci-0000:05:00.3-usb-0:2.1.3:1.0-port0
1790755856.5407,C,201,11792,-76,/dev/serial/by-path/pci-0000:05:00.3-usb-0:2.1.3:1.0-port0
1790755856.5412,B,182,11794,-68,/dev/serial/by-path/pci-0000:05:00.3-usb-0:2.1.2:1.0-port0
1790755856.5414,A,200,11798,-74,/dev/serial/by-path/pci-0000:05:00.3-usb-0:2.1.1:1.0-port0
1790755856.5874,C,202,11839,-77,/dev/serial/by-path/pci-0000:05:00.3-usb-0:2.1.3:1.0-port0
1790755856.5879,B,183,11840,-68,/dev/serial/by-path/pci-0000:05:00.3-usb-0:2.1.2:1.0-port0
1790755856.5881,A,201,11845,-74,/dev/serial/by-path/pci-0000:05:00.3-usb-0:2.1.1:1.0-port0
1790755856.6337,B,184,11887,-69,/dev/serial/by-path/pci-0000:05:00.3-usb-0:2.1.2:1.0-port0
1790755856.6687,A,202,11926,-78,/dev/serial/by-path/pci-0000:05:00.3-usb-0:2.1.1:1.0-port0
1790755856.6703,C,203,11922,-82,/dev/serial/by-path/pci-0000:05:00.3-usb-0:2.1.3:1.0-port0
1790755856.7238,A,203,11981,-75,/dev/serial/by-path/pci-0000:05:00.3-usb-0:2.1.1:1.0-port0
1790755856.7253,C,204,11977,-81,/dev/serial/by-path/pci-0000:05:00.3-usb-0:2.1.3:1.0-port0
1790755856.7306,B,185,11983,-68,/dev/serial/by-path/pci-0000:05:00.3-usb-0:2.1.2:1.0-port0
1790755856.7742,A,204,12031,-74,/dev/serial/by-path/pci-0000:05:00.3-usb-0:2.1.1:1.0-port0
1790755856.7762,C,205,12028,-80,/dev/serial/by-path/pci-0000:05:00.3-usb-0:2.1.3:1.0-port0
1790755856.8183,A,205,12076,-78,/dev/serial/by-path/pci-0000:05:00.3-usb-0:2.1.1:1.0-port0
1790755856.8257,C,206,12077,-84,/dev/serial/by-path/pci-0000:05:00.3-usb-0:2.1.3:1.0-port0
1790755856.8621,C,207,12114,-76,/dev/serial/by-path/pci-0000:05:00.3-usb-0:2.1.3:1.0-port0
1790755856.8666,B,186,12120,-72,/dev/serial/by-path/pci-0000:05:00.3-usb-0:2.1.2:1.0-port0
1790755856.8677,A,206,12125,-75,/dev/serial/by-path/pci-0000:05:00.3-usb-0:2.1.1:1.0-port0
1790755856.9108,C,208,12162,-81,/dev/serial/by-path/pci-0000:05:00.3-usb-0:2.1.3:1.0-port0
1790755856.9111,B,187,12164,-68,/dev/serial/by-path/pci-0000:05:00.3-usb-0:2.1.2:1.0-port0
1790755856.9115,A,207,12169,-75,/dev/serial/by-path/pci-0000:05:00.3-usb-0:2.1.1:1.0-port0
1790755856.9526,C,209,12204,-79,/dev/serial/by-path/pci-0000:05:00.3-usb-0:2.1.3:1.0-port0
1790755856.9530,B,188,12205,-68,/dev/serial/by-path/pci-0000:05:00.3-usb-0:2.1.2:1.0-port0
1790755856.9533,A,208,12210,-79,/dev/serial/by-path/pci-0000:05:00.3-usb-0:2.1.1:1.0-port0
1790755857.0002,B,189,12253,-70,/dev/serial/by-path/pci-0000:05:00.3-usb-0:2.1.2:1.0-port0
1790755857.0005,C,210,12252,-75,/dev/serial/by-path/pci-0000:05:00.3-usb-0:2.1.3:1.0-port0
1790755857.0009,A,209,12257,-74,/dev/serial/by-path/pci-0000:05:00.3-usb-0:2.1.1:1.0-port0
1790755857.0452,A,210,12302,-74,/dev/serial/by-path/pci-0000:05:00.3-usb-0:2.1.1:1.0-port0
1790755857.0453,B,190,12298,-68,/dev/serial/by-path/pci-0000:05:00.3-usb-0:2.1.2:1.0-port0
1790755857.0682,C,211,12320,-78,/dev/serial/by-path/pci-0000:05:00.3-usb-0:2.1.3:1.0-port0
1790755857.1267,C,212,12378,-74,/dev/serial/by-path/pci-0000:05:00.3-usb-0:2.1.3:1.0-port0
1790755857.1414,B,191,12394,-70,/dev/serial/by-path/pci-0000:05:00.3-usb-0:2.1.2:1.0-port0
1790755857.1703,C,213,12422,-70,/dev/serial/by-path/pci-0000:05:00.3-usb-0:2.1.3:1.0-port0
1790755857.1739,A,211,12431,-73,/dev/serial/by-path/pci-0000:05:00.3-usb-0:2.1.1:1.0-port0
1790755857.2158,A,212,12473,-71,/dev/serial/by-path/pci-0000:05:00.3-usb-0:2.1.1:1.0-port0
1790755857.2163,B,192,12469,-65,/dev/serial/by-path/pci-0000:05:00.3-usb-0:2.1.2:1.0-port0
1790755857.2256,C,214,12477,-74,/dev/serial/by-path/pci-0000:05:00.3-usb-0:2.1.3:1.0-port0
1790755857.2637,B,193,12517,-66,/dev/serial/by-path/pci-0000:05:00.3-usb-0:2.1.2:1.0-port0
1790755857.2737,A,213,12531,-74,/dev/serial/by-path/pci-0000:05:00.3-usb-0:2.1.1:1.0-port0
1790755857.2757,C,215,12527,-76,/dev/serial/by-path/pci-0000:05:00.3-usb-0:2.1.3:1.0-port0
1790755857.3061,C,216,12558,-71,/dev/serial/by-path/pci-0000:05:00.3-usb-0:2.1.3:1.0-port0
1790755857.3139,B,194,12567,-68,/dev/serial/by-path/pci-0000:05:00.3-usb-0:2.1.2:1.0-port0
1790755857.3143,A,214,12572,-71,/dev/serial/by-path/pci-0000:05:00.3-usb-0:2.1.1:1.0-port0
1790755857.3582,B,195,12612,-65,/dev/serial/by-path/pci-0000:05:00.3-usb-0:2.1.2:1.0-port0
1790755857.3586,C,217,12611,-77,/dev/serial/by-path/pci-0000:05:00.3-usb-0:2.1.3:1.0-port0
1790755857.3591,A,215,12616,-72,/dev/serial/by-path/pci-0000:05:00.3-usb-0:2.1.1:1.0-port0
1790755857.3948,C,218,12646,-78,/dev/serial/by-path/pci-0000:05:00.3-usb-0:2.1.3:1.0-port0
1790755857.3952,A,216,12651,-73,/dev/serial/by-path/pci-0000:05:00.3-usb-0:2.1.1:1.0-port0
1790755857.4171,B,196,12670,-65,/dev/serial/by-path/pci-0000:05:00.3-usb-0:2.1.2:1.0-port0
1790755857.4366,C,219,12689,-72,/dev/serial/by-path/pci-0000:05:00.3-usb-0:2.1.3:1.0-port0
1790755857.4374,B,197,12691,-67,/dev/serial/by-path/pci-0000:05:00.3-usb-0:2.1.2:1.0-port0
1790755857.4375,A,217,12695,-71,/dev/serial/by-path/pci-0000:05:00.3-usb-0:2.1.1:1.0-port0
1790755857.4994,B,198,12752,-66,/dev/serial/by-path/pci-0000:05:00.3-usb-0:2.1.2:1.0-port0
1790755857.4995,C,220,12751,-77,/dev/serial/by-path/pci-0000:05:00.3-usb-0:2.1.3:1.0-port0
1790755857.5242,A,218,12781,-71,/dev/serial/by-path/pci-0000:05:00.3-usb-0:2.1.1:1.0-port0
1790755857.5299,A,219,12787,-73,/dev/serial/by-path/pci-0000:05:00.3-usb-0:2.1.1:1.0-port0
1790755857.5301,B,199,12783,-65,/dev/serial/by-path/pci-0000:05:00.3-usb-0:2.1.2:1.0-port0
1790755857.5728,C,221,12825,-83,/dev/serial/by-path/pci-0000:05:00.3-usb-0:2.1.3:1.0-port0
1790755857.5732,A,220,12831,-74,/dev/serial/by-path/pci-0000:05:00.3-usb-0:2.1.1:1.0-port0
1790755857.5749,B,200,12828,-68,/dev/serial/by-path/pci-0000:05:00.3-usb-0:2.1.2:1.0-port0
1790755857.6352,B,201,12888,-67,/dev/serial/by-path/pci-0000:05:00.3-usb-0:2.1.2:1.0-port0
1790755857.6712,C,222,12923,-75,/dev/serial/by-path/pci-0000:05:00.3-usb-0:2.1.3:1.0-port0
1790755857.7177,C,223,12969,-77,/dev/serial/by-path/pci-0000:05:00.3-usb-0:2.1.3:1.0-port0
1790755857.7242,A,221,12981,-76,/dev/serial/by-path/pci-0000:05:00.3-usb-0:2.1.1:1.0-port0
1790755857.7601,C,224,13012,-76,/dev/serial/by-path/pci-0000:05:00.3-usb-0:2.1.3:1.0-port0
1790755857.7605,A,222,13018,-77,/dev/serial/by-path/pci-0000:05:00.3-usb-0:2.1.1:1.0-port0
1790755857.7654,B,202,13019,-71,/dev/serial/by-path/pci-0000:05:00.3-usb-0:2.1.2:1.0-port0
1790755857.8014,A,223,13058,-73,/dev/serial/by-path/pci-0000:05:00.3-usb-0:2.1.1:1.0-port0
1790755857.8165,B,203,13069,-66,/dev/serial/by-path/pci-0000:05:00.3-usb-0:2.1.2:1.0-port0
1790755857.8200,C,225,13072,-75,/dev/serial/by-path/pci-0000:05:00.3-usb-0:2.1.3:1.0-port0
1790755857.8441,B,204,13097,-68,/dev/serial/by-path/pci-0000:05:00.3-usb-0:2.1.2:1.0-port0
1790755857.8444,A,224,13102,-77,/dev/serial/by-path/pci-0000:05:00.3-usb-0:2.1.1:1.0-port0
1790755857.8758,C,226,13127,-76,/dev/serial/by-path/pci-0000:05:00.3-usb-0:2.1.3:1.0-port0
1790755857.8878,B,205,13141,-69,/dev/serial/by-path/pci-0000:05:00.3-usb-0:2.1.2:1.0-port0
1790755857.8880,C,227,13139,-71,/dev/serial/by-path/pci-0000:05:00.3-usb-0:2.1.3:1.0-port0
1790755857.8884,A,225,13145,-76,/dev/serial/by-path/pci-0000:05:00.3-usb-0:2.1.1:1.0-port0
1790755857.9739,A,226,13231,-74,/dev/serial/by-path/pci-0000:05:00.3-usb-0:2.1.1:1.0-port0
1790755857.9741,C,228,13225,-73,/dev/serial/by-path/pci-0000:05:00.3-usb-0:2.1.3:1.0-port0
1790755857.9748,B,206,13228,-68,/dev/serial/by-path/pci-0000:05:00.3-usb-0:2.1.2:1.0-port0
1790755858.0207,A,227,13278,-74,/dev/serial/by-path/pci-0000:05:00.3-usb-0:2.1.1:1.0-port0
1790755858.0208,C,229,13272,-76,/dev/serial/by-path/pci-0000:05:00.3-usb-0:2.1.3:1.0-port0
1790755858.0389,B,207,13292,-70,/dev/serial/by-path/pci-0000:05:00.3-usb-0:2.1.2:1.0-port0
1790755858.0677,A,228,13325,-73,/dev/serial/by-path/pci-0000:05:00.3-usb-0:2.1.1:1.0-port0
1790755858.0681,C,230,13319,-73,/dev/serial/by-path/pci-0000:05:00.3-usb-0:2.1.3:1.0-port0
1790755858.1123,C,231,13364,-72,/dev/serial/by-path/pci-0000:05:00.3-usb-0:2.1.3:1.0-port0
1790755858.1126,A,229,13370,-75,/dev/serial/by-path/pci-0000:05:00.3-usb-0:2.1.1:1.0-port0
1790755858.1166,B,208,13370,-65,/dev/serial/by-path/pci-0000:05:00.3-usb-0:2.1.2:1.0-port0
1790755858.1594,B,209,13412,-69,/dev/serial/by-path/pci-0000:05:00.3-usb-0:2.1.2:1.0-port0
1790755858.1611,C,232,13413,-77,/dev/serial/by-path/pci-0000:05:00.3-usb-0:2.1.3:1.0-port0
1790755858.1614,A,230,13418,-72,/dev/serial/by-path/pci-0000:05:00.3-usb-0:2.1.1:1.0-port0
1790755858.2240,A,231,13481,-74,/dev/serial/by-path/pci-0000:05:00.3-usb-0:2.1.1:1.0-port0
1790755858.2542,B,210,13507,-65,/dev/serial/by-path/pci-0000:05:00.3-usb-0:2.1.2:1.0-port0
1790755858.2562,A,232,13513,-76,/dev/serial/by-path/pci-0000:05:00.3-usb-0:2.1.1:1.0-port0
1790755858.2758,C,233,13527,-76,/dev/serial/by-path/pci-0000:05:00.3-usb-0:2.1.3:1.0-port0
1790755858.3024,A,233,13559,-76,/dev/serial/by-path/pci-0000:05:00.3-usb-0:2.1.1:1.0-port0
1790755858.3079,B,211,13561,-69,/dev/serial/by-path/pci-0000:05:00.3-usb-0:2.1.2:1.0-port0
1790755858.3131,C,234,13565,-76,/dev/serial/by-path/pci-0000:05:00.3-usb-0:2.1.3:1.0-port0
1790755858.3660,B,212,13620,-70,/dev/serial/by-path/pci-0000:05:00.3-usb-0:2.1.2:1.0-port0
1790755858.3675,C,235,13620,-74,/dev/serial/by-path/pci-0000:05:00.3-usb-0:2.1.3:1.0-port0
1790755858.3679,A,234,13625,-75,/dev/serial/by-path/pci-0000:05:00.3-usb-0:2.1.1:1.0-port0
1790755858.4455,C,236,13698,-84,/dev/serial/by-path/pci-0000:05:00.3-usb-0:2.1.3:1.0-port0
1790755858.4465,B,213,13700,-68,/dev/serial/by-path/pci-0000:05:00.3-usb-0:2.1.2:1.0-port0
1790755858.4472,A,235,13704,-75,/dev/serial/by-path/pci-0000:05:00.3-usb-0:2.1.1:1.0-port0
1790755858.4826,C,237,13734,-75,/dev/serial/by-path/pci-0000:05:00.3-usb-0:2.1.3:1.0-port0
1790755858.4832,A,236,13740,-75,/dev/serial/by-path/pci-0000:05:00.3-usb-0:2.1.1:1.0-port0
1790755858.4992,B,214,13752,-67,/dev/serial/by-path/pci-0000:05:00.3-usb-0:2.1.2:1.0-port0
1790755858.5297,B,215,13783,-66,/dev/serial/by-path/pci-0000:05:00.3-usb-0:2.1.2:1.0-port0
1790755858.5627,A,237,13820,-78,/dev/serial/by-path/pci-0000:05:00.3-usb-0:2.1.1:1.0-port0
1790755858.5630,C,238,13814,-72,/dev/serial/by-path/pci-0000:05:00.3-usb-0:2.1.3:1.0-port0
1790755858.5738,A,238,13831,-78,/dev/serial/by-path/pci-0000:05:00.3-usb-0:2.1.1:1.0-port0
1790755858.5752,B,216,13828,-68,/dev/serial/by-path/pci-0000:05:00.3-usb-0:2.1.2:1.0-port0
1790755858.5756,C,239,13827,-73,/dev/serial/by-path/pci-0000:05:00.3-usb-0:2.1.3:1.0-port0
1790755858.6241,A,239,13881,-74,/dev/serial/by-path/pci-0000:05:00.3-usb-0:2.1.1:1.0-port0
1790755858.6257,C,240,13877,-76,/dev/serial/by-path/pci-0000:05:00.3-usb-0:2.1.3:1.0-port0
1790755858.6374,B,217,13891,-69,/dev/serial/by-path/pci-0000:05:00.3-usb-0:2.1.2:1.0-port0
1790755858.6632,B,218,13916,-68,/dev/serial/by-path/pci-0000:05:00.3-usb-0:2.1.2:1.0-port0
1790755858.6635,C,241,13915,-79,/dev/serial/by-path/pci-0000:05:00.3-usb-0:2.1.3:1.0-port0
1790755858.6742,A,240,13931,-78,/dev/serial/by-path/pci-0000:05:00.3-usb-0:2.1.1:1.0-port0
1790755858.7066,C,242,13959,-84,/dev/serial/by-path/pci-0000:05:00.3-usb-0:2.1.3:1.0-port0
1790755858.7069,B,219,13959,-66,/dev/serial/by-path/pci-0000:05:00.3-usb-0:2.1.2:1.0-port0
1790755858.7125,A,241,13969,-75,/dev/serial/by-path/pci-0000:05:00.3-usb-0:2.1.1:1.0-port0
1790755858.7552,B,220,14008,-67,/dev/serial/by-path/pci-0000:05:00.3-usb-0:2.1.2:1.0-port0
1790755858.7742,A,242,14031,-73,/dev/serial/by-path/pci-0000:05:00.3-usb-0:2.1.1:1.0-port0
1790755858.7758,C,243,14027,-76,/dev/serial/by-path/pci-0000:05:00.3-usb-0:2.1.3:1.0-port0
1790755858.8006,B,221,14053,-66,/dev/serial/by-path/pci-0000:05:00.3-usb-0:2.1.2:1.0-port0
1790755858.8009,A,243,14058,-80,/dev/serial/by-path/pci-0000:05:00.3-usb-0:2.1.1:1.0-port0
1790755858.8013,C,244,14052,-77,/dev/serial/by-path/pci-0000:05:00.3-usb-0:2.1.3:1.0-port0
1790755858.8471,B,222,14100,-66,/dev/serial/by-path/pci-0000:05:00.3-usb-0:2.1.2:1.0-port0
1790755858.8643,C,245,14116,-76,/dev/serial/by-path/pci-0000:05:00.3-usb-0:2.1.3:1.0-port0
1790755858.8740,A,244,14131,-78,/dev/serial/by-path/pci-0000:05:00.3-usb-0:2.1.1:1.0-port0
1790755858.8911,A,245,14148,-73,/dev/serial/by-path/pci-0000:05:00.3-usb-0:2.1.1:1.0-port0
1790755858.9166,B,223,14169,-69,/dev/serial/by-path/pci-0000:05:00.3-usb-0:2.1.2:1.0-port0
1790755858.9206,C,246,14172,-82,/dev/serial/by-path/pci-0000:05:00.3-usb-0:2.1.3:1.0-port0
1790755858.9965,B,224,14249,-70,/dev/serial/by-path/pci-0000:05:00.3-usb-0:2.1.2:1.0-port0
1790755858.9969,A,246,14254,-87,/dev/serial/by-path/pci-0000:05:00.3-usb-0:2.1.1:1.0-port0
1790755859.0245,B,225,14277,-76,/dev/serial/by-path/pci-0000:05:00.3-usb-0:2.1.2:1.0-port0
1790755859.0267,C,247,14278,-78,/dev/serial/by-path/pci-0000:05:00.3-usb-0:2.1.3:1.0-port0
1790755859.0690,C,248,14320,-76,/dev/serial/by-path/pci-0000:05:00.3-usb-0:2.1.3:1.0-port0
1790755859.0694,A,247,14326,-68,/dev/serial/by-path/pci-0000:05:00.3-usb-0:2.1.1:1.0-port0
1790755859.1166,B,226,14369,-72,/dev/serial/by-path/pci-0000:05:00.3-usb-0:2.1.2:1.0-port0
1790755859.1240,A,248,14381,-69,/dev/serial/by-path/pci-0000:05:00.3-usb-0:2.1.1:1.0-port0
1790755859.1258,C,249,14377,-81,/dev/serial/by-path/pci-0000:05:00.3-usb-0:2.1.3:1.0-port0
1790755859.1523,C,250,14404,-77,/dev/serial/by-path/pci-0000:05:00.3-usb-0:2.1.3:1.0-port0
1790755859.1527,A,249,14410,-86,/dev/serial/by-path/pci-0000:05:00.3-usb-0:2.1.1:1.0-port0
1790755859.1970,A,250,14454,-69,/dev/serial/by-path/pci-0000:05:00.3-usb-0:2.1.1:1.0-port0
1790755859.1974,B,227,14450,-74,/dev/serial/by-path/pci-0000:05:00.3-usb-0:2.1.2:1.0-port0
1790755859.1976,C,251,14448,-75,/dev/serial/by-path/pci-0000:05:00.3-usb-0:2.1.3:1.0-port0
1790755859.2342,B,228,14487,-72,/dev/serial/by-path/pci-0000:05:00.3-usb-0:2.1.2:1.0-port0
1790755859.2347,A,251,14491,-71,/dev/serial/by-path/pci-0000:05:00.3-usb-0:2.1.1:1.0-port0
1790755859.2763,C,252,14528,-73,/dev/serial/by-path/pci-0000:05:00.3-usb-0:2.1.3:1.0-port0
1790755859.3129,B,229,14566,-77,/dev/serial/by-path/pci-0000:05:00.3-usb-0:2.1.2:1.0-port0
1790755859.3260,C,253,14577,-68,/dev/serial/by-path/pci-0000:05:00.3-usb-0:2.1.3:1.0-port0
1790755859.3388,B,230,14592,-77,/dev/serial/by-path/pci-0000:05:00.3-usb-0:2.1.2:1.0-port0
1790755859.3661,B,231,14619,-80,/dev/serial/by-path/pci-0000:05:00.3-usb-0:2.1.2:1.0-port0
1790755859.3747,A,252,14632,-74,/dev/serial/by-path/pci-0000:05:00.3-usb-0:2.1.1:1.0-port0
1790755859.4063,B,232,14660,-78,/dev/serial/by-path/pci-0000:05:00.3-usb-0:2.1.2:1.0-port0
1790755859.4067,C,254,14659,-72,/dev/serial/by-path/pci-0000:05:00.3-usb-0:2.1.3:1.0-port0
1790755859.4071,A,253,14664,-75,/dev/serial/by-path/pci-0000:05:00.3-usb-0:2.1.1:1.0-port0
1790755859.4558,C,255,14708,-69,/dev/serial/by-path/pci-0000:05:00.3-usb-0:2.1.3:1.0-port0
1790755859.4667,B,233,14719,-74,/dev/serial/by-path/pci-0000:05:00.3-usb-0:2.1.2:1.0-port0
1790755859.4742,A,254,14731,-72,/dev/serial/by-path/pci-0000:05:00.3-usb-0:2.1.1:1.0-port0
1790755859.5091,B,234,14762,-81,/dev/serial/by-path/pci-0000:05:00.3-usb-0:2.1.2:1.0-port0
1790755859.5095,C,256,14761,-78,/dev/serial/by-path/pci-0000:05:00.3-usb-0:2.1.3:1.0-port0
1790755859.5666,B,235,14819,-85,/dev/serial/by-path/pci-0000:05:00.3-usb-0:2.1.2:1.0-port0
1790755859.5743,A,255,14831,-87,/dev/serial/by-path/pci-0000:05:00.3-usb-0:2.1.1:1.0-port0
1790755859.5758,C,257,14827,-72,/dev/serial/by-path/pci-0000:05:00.3-usb-0:2.1.3:1.0-port0
1790755859.5899,C,258,14842,-75,/dev/serial/by-path/pci-0000:05:00.3-usb-0:2.1.3:1.0-port0
1790755859.5911,A,256,14848,-68,/dev/serial/by-path/pci-0000:05:00.3-usb-0:2.1.1:1.0-port0
1790755859.6167,B,236,14869,-71,/dev/serial/by-path/pci-0000:05:00.3-usb-0:2.1.2:1.0-port0
1790755859.6356,B,237,14888,-71,/dev/serial/by-path/pci-0000:05:00.3-usb-0:2.1.2:1.0-port0
1790755859.6360,C,259,14887,-82,/dev/serial/by-path/pci-0000:05:00.3-usb-0:2.1.3:1.0-port0
1790755859.6361,A,257,14892,-75,/dev/serial/by-path/pci-0000:05:00.3-usb-0:2.1.1:1.0-port0
1790755859.7167,B,238,14969,-72,/dev/serial/by-path/pci-0000:05:00.3-usb-0:2.1.2:1.0-port0
1790755859.7226,A,258,14980,-90,/dev/serial/by-path/pci-0000:05:00.3-usb-0:2.1.1:1.0-port0
1790755859.7248,A,259,14980,-88,/dev/serial/by-path/pci-0000:05:00.3-usb-0:2.1.1:1.0-port0
1790755859.7362,B,239,14989,-73,/dev/serial/by-path/pci-0000:05:00.3-usb-0:2.1.2:1.0-port0
1790755859.7680,A,260,15025,-70,/dev/serial/by-path/pci-0000:05:00.3-usb-0:2.1.1:1.0-port0
1790755859.7760,C,260,15027,-76,/dev/serial/by-path/pci-0000:05:00.3-usb-0:2.1.3:1.0-port0
1790755859.8060,C,261,15058,-72,/dev/serial/by-path/pci-0000:05:00.3-usb-0:2.1.3:1.0-port0
1790755859.8064,A,261,15063,-80,/dev/serial/by-path/pci-0000:05:00.3-usb-0:2.1.1:1.0-port0
1790755859.8166,B,240,15069,-68,/dev/serial/by-path/pci-0000:05:00.3-usb-0:2.1.2:1.0-port0
1790755859.8496,C,262,15101,-83,/dev/serial/by-path/pci-0000:05:00.3-usb-0:2.1.3:1.0-port0
1790755859.8650,B,241,15118,-68,/dev/serial/by-path/pci-0000:05:00.3-usb-0:2.1.2:1.0-port0
1790755859.8654,A,262,15122,-85,/dev/serial/by-path/pci-0000:05:00.3-usb-0:2.1.1:1.0-port0
1790755859.9393,C,263,15191,-77,/dev/serial/by-path/pci-0000:05:00.3-usb-0:2.1.3:1.0-port0
1790755859.9424,B,242,15195,-70,/dev/serial/by-path/pci-0000:05:00.3-usb-0:2.1.2:1.0-port0
1790755859.9886,B,243,15241,-68,/dev/serial/by-path/pci-0000:05:00.3-usb-0:2.1.2:1.0-port0
1790755860.0245,A,263,15281,-75,/dev/serial/by-path/pci-0000:05:00.3-usb-0:2.1.1:1.0-port0
1790755860.0254,C,264,15277,-78,/dev/serial/by-path/pci-0000:05:00.3-usb-0:2.1.3:1.0-port0
1790755860.0511,B,244,15304,-74,/dev/serial/by-path/pci-0000:05:00.3-usb-0:2.1.2:1.0-port0
1790755860.0744,A,264,15331,-73,/dev/serial/by-path/pci-0000:05:00.3-usb-0:2.1.1:1.0-port0
1790755860.0760,C,265,15327,-83,/dev/serial/by-path/pci-0000:05:00.3-usb-0:2.1.3:1.0-port0
1790755860.0847,C,266,15337,-87,/dev/serial/by-path/pci-0000:05:00.3-usb-0:2.1.3:1.0-port0
1790755860.0865,A,265,15343,-79,/dev/serial/by-path/pci-0000:05:00.3-usb-0:2.1.1:1.0-port0
1790755860.0927,B,245,15346,-69,/dev/serial/by-path/pci-0000:05:00.3-usb-0:2.1.2:1.0-port0
1790755860.1596,A,266,15416,-77,/dev/serial/by-path/pci-0000:05:00.3-usb-0:2.1.1:1.0-port0
1790755860.1736,A,267,15430,-81,/dev/serial/by-path/pci-0000:05:00.3-usb-0:2.1.1:1.0-port0
1790755860.1764,C,267,15428,-82,/dev/serial/by-path/pci-0000:05:00.3-usb-0:2.1.3:1.0-port0
1790755860.1894,B,246,15442,-69,/dev/serial/by-path/pci-0000:05:00.3-usb-0:2.1.2:1.0-port0
1790755860.2156,C,268,15467,-77,/dev/serial/by-path/pci-0000:05:00.3-usb-0:2.1.3:1.0-port0
1790755860.2160,A,268,15472,-75,/dev/serial/by-path/pci-0000:05:00.3-usb-0:2.1.1:1.0-port0
1790755860.2163,B,247,15468,-70,/dev/serial/by-path/pci-0000:05:00.3-usb-0:2.1.2:1.0-port0
1790755860.2629,B,248,15515,-75,/dev/serial/by-path/pci-0000:05:00.3-usb-0:2.1.2:1.0-port0
1790755860.2759,C,269,15527,-73,/dev/serial/by-path/pci-0000:05:00.3-usb-0:2.1.3:1.0-port0
1790755860.3133,B,249,15566,-72,/dev/serial/by-path/pci-0000:05:00.3-usb-0:2.1.2:1.0-port0
1790755860.3136,A,269,15570,-77,/dev/serial/by-path/pci-0000:05:00.3-usb-0:2.1.1:1.0-port0
1790755860.3139,C,270,15565,-90,/dev/serial/by-path/pci-0000:05:00.3-usb-0:2.1.3:1.0-port0
1790755860.3652,B,250,15618,-72,/dev/serial/by-path/pci-0000:05:00.3-usb-0:2.1.2:1.0-port0
1790755860.3656,C,271,15617,-74,/dev/serial/by-path/pci-0000:05:00.3-usb-0:2.1.3:1.0-port0
1790755860.4161,B,251,15668,-76,/dev/serial/by-path/pci-0000:05:00.3-usb-0:2.1.2:1.0-port0
1790755860.4238,A,270,15681,-77,/dev/serial/by-path/pci-0000:05:00.3-usb-0:2.1.1:1.0-port0
1790755860.4260,C,272,15677,-72,/dev/serial/by-path/pci-0000:05:00.3-usb-0:2.1.3:1.0-port0
1790755860.4528,C,273,15705,-80,/dev/serial/by-path/pci-0000:05:00.3-usb-0:2.1.3:1.0-port0
1790755860.4564,B,252,15709,-76,/dev/serial/by-path/pci-0000:05:00.3-usb-0:2.1.2:1.0-port0
1790755860.4571,A,271,15714,-70,/dev/serial/by-path/pci-0000:05:00.3-usb-0:2.1.1:1.0-port0
1790755860.4979,C,274,15750,-70,/dev/serial/by-path/pci-0000:05:00.3-usb-0:2.1.3:1.0-port0
1790755860.4998,A,272,15756,-76,/dev/serial/by-path/pci-0000:05:00.3-usb-0:2.1.1:1.0-port0
1790755860.5002,B,253,15752,-71,/dev/serial/by-path/pci-0000:05:00.3-usb-0:2.1.2:1.0-port0
1790755860.5451,B,254,15798,-73,/dev/serial/by-path/pci-0000:05:00.3-usb-0:2.1.2:1.0-port0
1790755860.5455,C,275,15797,-68,/dev/serial/by-path/pci-0000:05:00.3-usb-0:2.1.3:1.0-port0
1790755860.5455,A,273,15802,-71,/dev/serial/by-path/pci-0000:05:00.3-usb-0:2.1.1:1.0-port0
1790755860.5901,A,274,15847,-71,/dev/serial/by-path/pci-0000:05:00.3-usb-0:2.1.1:1.0-port0
1790755860.5905,C,276,15842,-75,/dev/serial/by-path/pci-0000:05:00.3-usb-0:2.1.3:1.0-port0
1790755860.6025,B,255,15855,-75,/dev/serial/by-path/pci-0000:05:00.3-usb-0:2.1.2:1.0-port0
1790755860.6396,C,277,15891,-73,/dev/serial/by-path/pci-0000:05:00.3-usb-0:2.1.3:1.0-port0
1790755860.6483,B,256,15901,-69,/dev/serial/by-path/pci-0000:05:00.3-usb-0:2.1.2:1.0-port0
1790755860.6489,A,275,15906,-73,/dev/serial/by-path/pci-0000:05:00.3-usb-0:2.1.1:1.0-port0
1790755860.7579,B,257,16011,-72,/dev/serial/by-path/pci-0000:05:00.3-usb-0:2.1.2:1.0-port0
1790755860.7583,A,276,16015,-71,/dev/serial/by-path/pci-0000:05:00.3-usb-0:2.1.1:1.0-port0
1790755860.7720,A,277,16029,-73,/dev/serial/by-path/pci-0000:05:00.3-usb-0:2.1.1:1.0-port0
1790755860.7760,C,278,16027,-76,/dev/serial/by-path/pci-0000:05:00.3-usb-0:2.1.3:1.0-port0
1790755860.7812,B,258,16034,-69,/dev/serial/by-path/pci-0000:05:00.3-usb-0:2.1.2:1.0-port0
1790755860.8211,A,278,16078,-74,/dev/serial/by-path/pci-0000:05:00.3-usb-0:2.1.1:1.0-port0
1790755860.8255,C,279,16077,-76,/dev/serial/by-path/pci-0000:05:00.3-usb-0:2.1.3:1.0-port0
1790755860.8740,A,279,16131,-72,/dev/serial/by-path/pci-0000:05:00.3-usb-0:2.1.1:1.0-port0
1790755860.8764,C,280,16128,-72,/dev/serial/by-path/pci-0000:05:00.3-usb-0:2.1.3:1.0-port0
1790755860.9132,A,280,16170,-76,/dev/serial/by-path/pci-0000:05:00.3-usb-0:2.1.1:1.0-port0
1790755860.9165,B,259,16170,-76,/dev/serial/by-path/pci-0000:05:00.3-usb-0:2.1.2:1.0-port0
1790755860.9257,C,281,16177,-77,/dev/serial/by-path/pci-0000:05:00.3-usb-0:2.1.3:1.0-port0
1790755860.9567,C,282,16208,-77,/dev/serial/by-path/pci-0000:05:00.3-usb-0:2.1.3:1.0-port0
1790755860.9571,A,281,16214,-80,/dev/serial/by-path/pci-0000:05:00.3-usb-0:2.1.1:1.0-port0
1790755860.9666,B,260,16219,-71,/dev/serial/by-path/pci-0000:05:00.3-usb-0:2.1.2:1.0-port0
1790755861.0015,A,282,16259,-76,/dev/serial/by-path/pci-0000:05:00.3-usb-0:2.1.1:1.0-port0
1790755861.0018,C,283,16254,-74,/dev/serial/by-path/pci-0000:05:00.3-usb-0:2.1.3:1.0-port0
1790755861.0021,B,261,16254,-71,/dev/serial/by-path/pci-0000:05:00.3-usb-0:2.1.2:1.0-port0
1790755861.0668,B,262,16319,-72,/dev/serial/by-path/pci-0000:05:00.3-usb-0:2.1.2:1.0-port0
1790755861.0748,A,283,16331,-76,/dev/serial/by-path/pci-0000:05:00.3-usb-0:2.1.1:1.0-port0
1790755861.0755,C,284,16327,-79,/dev/serial/by-path/pci-0000:05:00.3-usb-0:2.1.3:1.0-port0
1790755861.0917,C,285,16344,-76,/dev/serial/by-path/pci-0000:05:00.3-usb-0:2.1.3:1.0-port0
1790755861.1167,B,263,16369,-70,/dev/serial/by-path/pci-0000:05:00.3-usb-0:2.1.2:1.0-port0
1790755861.1244,A,284,16381,-84,/dev/serial/by-path/pci-0000:05:00.3-usb-0:2.1.1:1.0-port0
1790755861.1381,B,264,16391,-70,/dev/serial/by-path/pci-0000:05:00.3-usb-0:2.1.2:1.0-port0
1790755861.1384,A,285,16395,-81,/dev/serial/by-path/pci-0000:05:00.3-usb-0:2.1.1:1.0-port0
1790755861.1387,C,286,16390,-76,/dev/serial/by-path/pci-0000:05:00.3-usb-0:2.1.3:1.0-port0
1790755861.1997,A,286,16457,-78,/dev/serial/by-path/pci-0000:05:00.3-usb-0:2.1.1:1.0-port0
1790755861.2001,B,265,16452,-69,/dev/serial/by-path/pci-0000:05:00.3-usb-0:2.1.2:1.0-port0
1790755861.2424,B,266,16495,-68,/dev/serial/by-path/pci-0000:05:00.3-usb-0:2.1.2:1.0-port0
1790755861.2663,C,287,16518,-75,/dev/serial/by-path/pci-0000:05:00.3-usb-0:2.1.3:1.0-port0
1790755861.2665,A,287,16523,-83,/dev/serial/by-path/pci-0000:05:00.3-usb-0:2.1.1:1.0-port0
1790755861.2669,B,267,16519,-68,/dev/serial/by-path/pci-0000:05:00.3-usb-0:2.1.2:1.0-port0
1790755861.3544,A,288,16611,-79,/dev/serial/by-path/pci-0000:05:00.3-usb-0:2.1.1:1.0-port0
1790755861.3668,B,268,16619,-70,/dev/serial/by-path/pci-0000:05:00.3-usb-0:2.1.2:1.0-port0
1790755861.3760,C,288,16627,-77,/dev/serial/by-path/pci-0000:05:00.3-usb-0:2.1.3:1.0-port0
1790755861.4161,B,269,16669,-69,/dev/serial/by-path/pci-0000:05:00.3-usb-0:2.1.2:1.0-port0
1790755861.4241,A,289,16681,-77,/dev/serial/by-path/pci-0000:05:00.3-usb-0:2.1.1:1.0-port0
1790755861.4257,C,289,16677,-79,/dev/serial/by-path/pci-0000:05:00.3-usb-0:2.1.3:1.0-port0
1790755861.4514,A,290,16708,-74,/dev/serial/by-path/pci-0000:05:00.3-usb-0:2.1.1:1.0-port0
1790755861.4517,C,290,16703,-73,/dev/serial/by-path/pci-0000:05:00.3-usb-0:2.1.3:1.0-port0
1790755861.4521,B,270,16704,-70,/dev/serial/by-path/pci-0000:05:00.3-usb-0:2.1.2:1.0-port0
1790755861.4900,B,271,16743,-72,/dev/serial/by-path/pci-0000:05:00.3-usb-0:2.1.2:1.0-port0
1790755861.5006,C,291,16753,-74,/dev/serial/by-path/pci-0000:05:00.3-usb-0:2.1.3:1.0-port0
1790755861.5243,A,291,16781,-77,/dev/serial/by-path/pci-0000:05:00.3-usb-0:2.1.1:1.0-port0
1790755861.5305,B,272,16783,-68,/dev/serial/by-path/pci-0000:05:00.3-usb-0:2.1.2:1.0-port0
1790755861.5547,A,292,16811,-75,/dev/serial/by-path/pci-0000:05:00.3-usb-0:2.1.1:1.0-port0
1790755861.5727,B,273,16826,-69,/dev/serial/by-path/pci-0000:05:00.3-usb-0:2.1.2:1.0-port0
1790755861.5746,C,292,16826,-88,/dev/serial/by-path/pci-0000:05:00.3-usb-0:2.1.3:1.0-port0
1790755861.6185,C,293,16870,-76,/dev/serial/by-path/pci-0000:05:00.3-usb-0:2.1.3:1.0-port0
1790755861.6242,A,293,16881,-72,/dev/serial/by-path/pci-0000:05:00.3-usb-0:2.1.1:1.0-port0
1790755861.6647,B,274,16918,-72,/dev/serial/by-path/pci-0000:05:00.3-usb-0:2.1.2:1.0-port0
1790755861.6651,C,294,16916,-74,/dev/serial/by-path/pci-0000:05:00.3-usb-0:2.1.3:1.0-port0
1790755861.6744,A,294,16931,-76,/dev/serial/by-path/pci-0000:05:00.3-usb-0:2.1.1:1.0-port0
1790755861.7172,B,275,16969,-69,/dev/serial/by-path/pci-0000:05:00.3-usb-0:2.1.2:1.0-port0
1790755861.7233,A,295,16980,-74,/dev/serial/by-path/pci-0000:05:00.3-usb-0:2.1.1:1.0-port0
1790755861.7622,A,296,17019,-72,/dev/serial/by-path/pci-0000:05:00.3-usb-0:2.1.1:1.0-port0
1790755861.7623,B,276,17015,-72,/dev/serial/by-path/pci-0000:05:00.3-usb-0:2.1.2:1.0-port0
1790755861.7761,C,295,17027,-76,/dev/serial/by-path/pci-0000:05:00.3-usb-0:2.1.3:1.0-port0
1790755861.8099,A,297,17066,-75,/dev/serial/by-path/pci-0000:05:00.3-usb-0:2.1.1:1.0-port0
1790755861.8174,B,277,17070,-74,/dev/serial/by-path/pci-0000:05:00.3-usb-0:2.1.2:1.0-port0
1790755861.8257,C,296,17077,-74,/dev/serial/by-path/pci-0000:05:00.3-usb-0:2.1.3:1.0-port0
1790755861.8534,C,297,17105,-96,/dev/serial/by-path/pci-0000:05:00.3-usb-0:2.1.3:1.0-port0
1790755861.8666,B,278,17119,-69,/dev/serial/by-path/pci-0000:05:00.3-usb-0:2.1.2:1.0-port0
1790755861.8701,A,298,17127,-74,/dev/serial/by-path/pci-0000:05:00.3-usb-0:2.1.1:1.0-port0
1790755861.8935,A,299,17150,-71,/dev/serial/by-path/pci-0000:05:00.3-usb-0:2.1.1:1.0-port0
1790755861.8937,B,279,17146,-71,/dev/serial/by-path/pci-0000:05:00.3-usb-0:2.1.2:1.0-port0
1790755861.9261,C,298,17177,-80,/dev/serial/by-path/pci-0000:05:00.3-usb-0:2.1.3:1.0-port0
1790755861.9369,B,280,17190,-74,/dev/serial/by-path/pci-0000:05:00.3-usb-0:2.1.2:1.0-port0
1790755861.9373,A,300,17194,-77,/dev/serial/by-path/pci-0000:05:00.3-usb-0:2.1.1:1.0-port0
1790755861.9723,C,299,17224,-76,/dev/serial/by-path/pci-0000:05:00.3-usb-0:2.1.3:1.0-port0
1790755861.9813,B,281,17234,-69,/dev/serial/by-path/pci-0000:05:00.3-usb-0:2.1.2:1.0-port0
1790755861.9823,C,300,17234,-88,/dev/serial/by-path/pci-0000:05:00.3-usb-0:2.1.3:1.0-port0
1790755862.0234,A,301,17281,-74,/dev/serial/by-path/pci-0000:05:00.3-usb-0:2.1.1:1.0-port0
1790755862.0258,A,302,17281,-76,/dev/serial/by-path/pci-0000:05:00.3-usb-0:2.1.1:1.0-port0
1790755862.0261,C,301,17277,-84,/dev/serial/by-path/pci-0000:05:00.3-usb-0:2.1.3:1.0-port0
1790755862.0264,B,282,17279,-72,/dev/serial/by-path/pci-0000:05:00.3-usb-0:2.1.2:1.0-port0
1790755862.0627,B,283,17316,-72,/dev/serial/by-path/pci-0000:05:00.3-usb-0:2.1.2:1.0-port0
1790755862.0727,C,302,17324,-84,/dev/serial/by-path/pci-0000:05:00.3-usb-0:2.1.3:1.0-port0
1790755862.0732,A,303,17330,-72,/dev/serial/by-path/pci-0000:05:00.3-usb-0:2.1.1:1.0-port0
1790755862.1078,A,304,17364,-75,/dev/serial/by-path/pci-0000:05:00.3-usb-0:2.1.1:1.0-port0
1790755862.1167,B,284,17369,-75,/dev/serial/by-path/pci-0000:05:00.3-usb-0:2.1.2:1.0-port0
1790755862.1174,C,303,17369,-74,/dev/serial/by-path/pci-0000:05:00.3-usb-0:2.1.3:1.0-port0
1790755862.1675,B,285,17420,-69,/dev/serial/by-path/pci-0000:05:00.3-usb-0:2.1.2:1.0-port0
1790755862.1743,A,305,17431,-76,/dev/serial/by-path/pci-0000:05:00.3-usb-0:2.1.1:1.0-port0
1790755862.1905,B,286,17443,-72,/dev/serial/by-path/pci-0000:05:00.3-usb-0:2.1.2:1.0-port0
1790755862.1908,A,306,17447,-71,/dev/serial/by-path/pci-0000:05:00.3-usb-0:2.1.1:1.0-port0
1790755862.1965,C,304,17448,-83,/dev/serial/by-path/pci-0000:05:00.3-usb-0:2.1.3:1.0-port0
1790755862.2894,A,307,17546,-78,/dev/serial/by-path/pci-0000:05:00.3-usb-0:2.1.1:1.0-port0
1790755862.2897,C,305,17541,-85,/dev/serial/by-path/pci-0000:05:00.3-usb-0:2.1.3:1.0-port0
1790755862.2901,B,287,17542,-69,/dev/serial/by-path/pci-0000:05:00.3-usb-0:2.1.2:1.0-port0
1790755862.3288,B,288,17581,-70,/dev/serial/by-path/pci-0000:05:00.3-usb-0:2.1.2:1.0-port0
1790755862.3345,A,308,17591,-73,/dev/serial/by-path/pci-0000:05:00.3-usb-0:2.1.1:1.0-port0
1790755862.3711,A,309,17628,-75,/dev/serial/by-path/pci-0000:05:00.3-usb-0:2.1.1:1.0-port0
1790755862.3761,C,306,17627,-85,/dev/serial/by-path/pci-0000:05:00.3-usb-0:2.1.3:1.0-port0
1790755862.3765,B,289,17629,-73,/dev/serial/by-path/pci-0000:05:00.3-usb-0:2.1.2:1.0-port0
1790755862.4216,C,307,17673,-81,/dev/serial/by-path/pci-0000:05:00.3-usb-0:2.1.3:1.0-port0
1790755862.4230,B,290,17677,-69,/dev/serial/by-path/pci-0000:05:00.3-usb-0:2.1.2:1.0-port0
1790755862.4240,A,310,17681,-76,/dev/serial/by-path/pci-0000:05:00.3-usb-0:2.1.1:1.0-port0
1790755862.4701,A,311,17727,-78,/dev/serial/by-path/pci-0000:05:00.3-usb-0:2.1.1:1.0-port0
1790755862.4760,C,308,17727,-76,/dev/serial/by-path/pci-0000:05:00.3-usb-0:2.1.3:1.0-port0
1790755862.5106,A,312,17767,-72,/dev/serial/by-path/pci-0000:05:00.3-usb-0:2.1.1:1.0-port0
1790755862.5165,B,291,17770,-71,/dev/serial/by-path/pci-0000:05:00.3-usb-0:2.1.2:1.0-port0
1790755862.5608,C,309,17812,-78,/dev/serial/by-path/pci-0000:05:00.3-usb-0:2.1.3:1.0-port0
1790755862.5643,B,292,17817,-73,/dev/serial/by-path/pci-0000:05:00.3-usb-0:2.1.2:1.0-port0
1790755862.5742,A,313,17831,-73,/dev/serial/by-path/pci-0000:05:00.3-usb-0:2.1.1:1.0-port0
1790755862.6084,B,293,17861,-69,/dev/serial/by-path/pci-0000:05:00.3-usb-0:2.1.2:1.0-port0
1790755862.6085,A,314,17865,-79,/dev/serial/by-path/pci-0000:05:00.3-usb-0:2.1.1:1.0-port0
1790755862.6164,C,310,17868,-73,/dev/serial/by-path/pci-0000:05:00.3-usb-0:2.1.3:1.0-port0
1790755862.6743,A,315,17931,-72,/dev/serial/by-path/pci-0000:05:00.3-usb-0:2.1.1:1.0-port0
1790755862.7024,B,294,17955,-75,/dev/serial/by-path/pci-0000:05:00.3-usb-0:2.1.2:1.0-port0
1790755862.7116,A,316,17968,-73,/dev/serial/by-path/pci-0000:05:00.3-usb-0:2.1.1:1.0-port0
1790755862.7120,C,311,17963,-80,/dev/serial/by-path/pci-0000:05:00.3-usb-0:2.1.3:1.0-port0
1790755862.7978,C,312,18049,-83,/dev/serial/by-path/pci-0000:05:00.3-usb-0:2.1.3:1.0-port0
1790755862.7980,B,295,18050,-71,/dev/serial/by-path/pci-0000:05:00.3-usb-0:2.1.2:1.0-port0
1790755862.8149,A,317,18071,-72,/dev/serial/by-path/pci-0000:05:00.3-usb-0:2.1.1:1.0-port0
1790755862.8313,B,296,18084,-75,/dev/serial/by-path/pci-0000:05:00.3-usb-0:2.1.2:1.0-port0
1790755862.8570,C,313,18108,-82,/dev/serial/by-path/pci-0000:05:00.3-usb-0:2.1.3:1.0-port0
1790755862.8574,A,318,18113,-73,/dev/serial/by-path/pci-0000:05:00.3-usb-0:2.1.1:1.0-port0
1790755862.8754,B,297,18128,-69,/dev/serial/by-path/pci-0000:05:00.3-usb-0:2.1.2:1.0-port0
1790755862.8758,C,314,18127,-77,/dev/serial/by-path/pci-0000:05:00.3-usb-0:2.1.3:1.0-port0
1790755862.9233,C,315,18175,-71,/dev/serial/by-path/pci-0000:05:00.3-usb-0:2.1.3:1.0-port0
1790755862.9238,A,319,18181,-77,/dev/serial/by-path/pci-0000:05:00.3-usb-0:2.1.1:1.0-port0
1790755862.9256,B,298,18177,-72,/dev/serial/by-path/pci-0000:05:00.3-usb-0:2.1.2:1.0-port0
1790755862.9636,B,299,18216,-73,/dev/serial/by-path/pci-0000:05:00.3-usb-0:2.1.2:1.0-port0
1790755862.9719,C,316,18223,-80,/dev/serial/by-path/pci-0000:05:00.3-usb-0:2.1.3:1.0-port0
1790755862.9743,A,320,18231,-73,/dev/serial/by-path/pci-0000:05:00.3-usb-0:2.1.1:1.0-port0
1790755863.0145,C,317,18266,-81,/dev/serial/by-path/pci-0000:05:00.3-usb-0:2.1.3:1.0-port0
1790755863.0155,A,321,18272,-76,/dev/serial/by-path/pci-0000:05:00.3-usb-0:2.1.1:1.0-port0
1790755863.0171,B,300,18269,-82,/dev/serial/by-path/pci-0000:05:00.3-usb-0:2.1.2:1.0-port0
1790755863.0676,B,301,18320,-73,/dev/serial/by-path/pci-0000:05:00.3-usb-0:2.1.2:1.0-port0
1790755863.0741,A,322,18331,-81,/dev/serial/by-path/pci-0000:05:00.3-usb-0:2.1.1:1.0-port0
1790755863.0766,C,318,18328,-74,/dev/serial/by-path/pci-0000:05:00.3-usb-0:2.1.3:1.0-port0
1790755863.0980,B,302,18351,-73,/dev/serial/by-path/pci-0000:05:00.3-usb-0:2.1.2:1.0-port0
1790755863.1222,C,319,18373,-84,/dev/serial/by-path/pci-0000:05:00.3-usb-0:2.1.3:1.0-port0
1790755863.1227,A,323,18379,-72,/dev/serial/by-path/pci-0000:05:00.3-usb-0:2.1.1:1.0-port0
1790755863.1423,C,320,18394,-82,/dev/serial/by-path/pci-0000:05:00.3-usb-0:2.1.3:1.0-port0
1790755863.1427,B,303,18395,-75,/dev/serial/by-path/pci-0000:05:00.3-usb-0:2.1.2:1.0-port0
1790755863.1743,A,324,18431,-71,/dev/serial/by-path/pci-0000:05:00.3-usb-0:2.1.1:1.0-port0
1790755863.1844,B,304,18437,-69,/dev/serial/by-path/pci-0000:05:00.3-usb-0:2.1.2:1.0-port0
1790755863.1966,C,321,18448,-71,/dev/serial/by-path/pci-0000:05:00.3-usb-0:2.1.3:1.0-port0
1790755863.2261,C,322,18477,-72,/dev/serial/by-path/pci-0000:05:00.3-usb-0:2.1.3:1.0-port0
1790755863.2277,B,305,18480,-72,/dev/serial/by-path/pci-0000:05:00.3-usb-0:2.1.2:1.0-port0
1790755863.2746,A,325,18531,-72,/dev/serial/by-path/pci-0000:05:00.3-usb-0:2.1.1:1.0-port0
1790755863.2856,B,306,18538,-75,/dev/serial/by-path/pci-0000:05:00.3-usb-0:2.1.2:1.0-port0
1790755863.3246,A,326,18581,-73,/dev/serial/by-path/pci-0000:05:00.3-usb-0:2.1.1:1.0-port0
1790755863.3261,C,323,18577,-86,/dev/serial/by-path/pci-0000:05:00.3-usb-0:2.1.3:1.0-port0
1790755863.3610,A,327,18618,-82,/dev/serial/by-path/pci-0000:05:00.3-usb-0:2.1.1:1.0-port0
1790755863.3613,B,307,18614,-73,/dev/serial/by-path/pci-0000:05:00.3-usb-0:2.1.2:1.0-port0
1790755863.3615,C,324,18613,-74,/dev/serial/by-path/pci-0000:05:00.3-usb-0:2.1.3:1.0-port0
1790755863.4074,A,328,18664,-73,/dev/serial/by-path/pci-0000:05:00.3-usb-0:2.1.1:1.0-port0
1790755863.4169,B,308,18669,-74,/dev/serial/by-path/pci-0000:05:00.3-usb-0:2.1.2:1.0-port0
1790755863.4258,C,325,18677,-85,/dev/serial/by-path/pci-0000:05:00.3-usb-0:2.1.3:1.0-port0
1790755863.4484,A,329,18705,-74,/dev/serial/by-path/pci-0000:05:00.3-usb-0:2.1.1:1.0-port0
1790755863.4523,B,309,18706,-76,/dev/serial/by-path/pci-0000:05:00.3-usb-0:2.1.2:1.0-port0
1790755863.4988,B,310,18751,-76,/dev/serial/by-path/pci-0000:05:00.3-usb-0:2.1.2:1.0-port0
1790755863.4990,C,326,18750,-76,/dev/serial/by-path/pci-0000:05:00.3-usb-0:2.1.3:1.0-port0
1790755863.5244,A,330,18781,-80,/dev/serial/by-path/pci-0000:05:00.3-usb-0:2.1.1:1.0-port0
1790755863.5419,B,311,18794,-78,/dev/serial/by-path/pci-0000:05:00.3-usb-0:2.1.2:1.0-port0
1790755863.5510,C,327,18803,-79,/dev/serial/by-path/pci-0000:05:00.3-usb-0:2.1.3:1.0-port0
1790755863.5514,A,331,18808,-72,/dev/serial/by-path/pci-0000:05:00.3-usb-0:2.1.1:1.0-port0
1790755863.5868,B,312,18839,-90,/dev/serial/by-path/pci-0000:05:00.3-usb-0:2.1.2:1.0-port0
1790755863.5899,C,328,18841,-82,/dev/serial/by-path/pci-0000:05:00.3-usb-0:2.1.3:1.0-port0
1790755863.5903,A,332,18847,-72,/dev/serial/by-path/pci-0000:05:00.3-usb-0:2.1.1:1.0-port0
1790755863.6434,C,329,18895,-92,/dev/serial/by-path/pci-0000:05:00.3-usb-0:2.1.3:1.0-port0
1790755863.6610,B,313,18914,-77,/dev/serial/by-path/pci-0000:05:00.3-usb-0:2.1.2:1.0-port0
1790755863.6614,A,333,18918,-79,/dev/serial/by-path/pci-0000:05:00.3-usb-0:2.1.1:1.0-port0
1790755863.6784,A,334,18935,-73,/dev/serial/by-path/pci-0000:05:00.3-usb-0:2.1.1:1.0-port0
1790755863.7184,C,330,18970,-83,/dev/serial/by-path/pci-0000:05:00.3-usb-0:2.1.3:1.0-port0
1790755863.7243,A,335,18981,-73,/dev/serial/by-path/pci-0000:05:00.3-usb-0:2.1.1:1.0-port0
1790755863.7617,B,314,19014,-80,/dev/serial/by-path/pci-0000:05:00.3-usb-0:2.1.2:1.0-port0
1790755863.7645,A,336,19021,-72,/dev/serial/by-path/pci-0000:05:00.3-usb-0:2.1.1:1.0-port0
1790755863.7699,C,331,19021,-76,/dev/serial/by-path/pci-0000:05:00.3-usb-0:2.1.3:1.0-port0
1790755863.8036,A,337,19060,-79,/dev/serial/by-path/pci-0000:05:00.3-usb-0:2.1.1:1.0-port0
1790755863.8166,B,315,19069,-79,/dev/serial/by-path/pci-0000:05:00.3-usb-0:2.1.2:1.0-port0
1790755863.8261,C,332,19077,-75,/dev/serial/by-path/pci-0000:05:00.3-usb-0:2.1.3:1.0-port0
1790755863.9168,C,333,19168,-73,/dev/serial/by-path/pci-0000:05:00.3-usb-0:2.1.3:1.0-port0
1790755863.9173,B,316,19169,-74,/dev/serial/by-path/pci-0000:05:00.3-usb-0:2.1.2:1.0-port0
1790755863.9236,A,338,19181,-70,/dev/serial/by-path/pci-0000:05:00.3-usb-0:2.1.1:1.0-port0
1790755863.9477,C,334,19199,-72,/dev/serial/by-path/pci-0000:05:00.3-usb-0:2.1.3:1.0-port0
1790755863.9478,A,339,19204,-83,/dev/serial/by-path/pci-0000:05:00.3-usb-0:2.1.1:1.0-port0
1790755863.9482,B,317,19200,-78,/dev/serial/by-path/pci-0000:05:00.3-usb-0:2.1.2:1.0-port0
1790755863.9906,B,318,19243,-83,/dev/serial/by-path/pci-0000:05:00.3-usb-0:2.1.2:1.0-port0
1790755864.0171,C,335,19268,-70,/dev/serial/by-path/pci-0000:05:00.3-usb-0:2.1.3:1.0-port0
1790755864.0177,A,340,19275,-71,/dev/serial/by-path/pci-0000:05:00.3-usb-0:2.1.1:1.0-port0
1790755864.0583,C,336,19310,-75,/dev/serial/by-path/pci-0000:05:00.3-usb-0:2.1.3:1.0-port0
1790755864.0664,B,319,19319,-76,/dev/serial/by-path/pci-0000:05:00.3-usb-0:2.1.2:1.0-port0
1790755864.0740,A,341,19331,-71,/dev/serial/by-path/pci-0000:05:00.3-usb-0:2.1.1:1.0-port0
1790755864.0815,B,320,19334,-74,/dev/serial/by-path/pci-0000:05:00.3-usb-0:2.1.2:1.0-port0
1790755864.0818,A,342,19339,-79,/dev/serial/by-path/pci-0000:05:00.3-usb-0:2.1.1:1.0-port0
1790755864.1203,C,337,19371,-74,/dev/serial/by-path/pci-0000:05:00.3-usb-0:2.1.3:1.0-port0
1790755864.1243,A,343,19381,-80,/dev/serial/by-path/pci-0000:05:00.3-usb-0:2.1.1:1.0-port0
1790755864.1635,B,321,19416,-85,/dev/serial/by-path/pci-0000:05:00.3-usb-0:2.1.2:1.0-port0
1790755864.1746,A,344,19431,-74,/dev/serial/by-path/pci-0000:05:00.3-usb-0:2.1.1:1.0-port0
1790755864.1762,C,338,19427,-74,/dev/serial/by-path/pci-0000:05:00.3-usb-0:2.1.3:1.0-port0
1790755864.2107,B,322,19463,-75,/dev/serial/by-path/pci-0000:05:00.3-usb-0:2.1.2:1.0-port0
1790755864.2108,A,345,19467,-76,/dev/serial/by-path/pci-0000:05:00.3-usb-0:2.1.1:1.0-port0
1790755864.2261,C,339,19477,-77,/dev/serial/by-path/pci-0000:05:00.3-usb-0:2.1.3:1.0-port0
1790755864.3018,B,323,19555,-78,/dev/serial/by-path/pci-0000:05:00.3-usb-0:2.1.2:1.0-port0
1790755864.3074,A,346,19564,-82,/dev/serial/by-path/pci-0000:05:00.3-usb-0:2.1.1:1.0-port0
1790755864.3430,C,340,19594,-86,/dev/serial/by-path/pci-0000:05:00.3-usb-0:2.1.3:1.0-port0
1790755864.3670,B,324,19620,-81,/dev/serial/by-path/pci-0000:05:00.3-usb-0:2.1.2:1.0-port0
1790755864.3744,A,347,19631,-83,/dev/serial/by-path/pci-0000:05:00.3-usb-0:2.1.1:1.0-port0
1790755864.3927,C,341,19644,-83,/dev/serial/by-path/pci-0000:05:00.3-usb-0:2.1.3:1.0-port0
1790755864.3932,B,325,19645,-86,/dev/serial/by-path/pci-0000:05:00.3-usb-0:2.1.2:1.0-port0
1790755864.3934,A,348,19649,-86,/dev/serial/by-path/pci-0000:05:00.3-usb-0:2.1.1:1.0-port0
1790755864.4311,B,326,19684,-89,/dev/serial/by-path/pci-0000:05:00.3-usb-0:2.1.2:1.0-port0
1790755864.4738,C,342,19725,-83,/dev/serial/by-path/pci-0000:05:00.3-usb-0:2.1.3:1.0-port0
1790755864.4751,A,349,19732,-88,/dev/serial/by-path/pci-0000:05:00.3-usb-0:2.1.1:1.0-port0
1790755864.4756,C,343,19727,-77,/dev/serial/by-path/pci-0000:05:00.3-usb-0:2.1.3:1.0-port0
1790755864.4935,B,327,19746,-83,/dev/serial/by-path/pci-0000:05:00.3-usb-0:2.1.2:1.0-port0
1790755864.5181,A,350,19775,-86,/dev/serial/by-path/pci-0000:05:00.3-usb-0:2.1.1:1.0-port0
1790755864.5656,A,351,19822,-82,/dev/serial/by-path/pci-0000:05:00.3-usb-0:2.1.1:1.0-port0
1790755864.6126,B,328,19865,-85,/dev/serial/by-path/pci-0000:05:00.3-usb-0:2.1.2:1.0-port0
1790755864.6487,C,344,19900,-85,/dev/serial/by-path/pci-0000:05:00.3-usb-0:2.1.3:1.0-port0
1790755864.7080,C,345,19959,-84,/dev/serial/by-path/pci-0000:05:00.3-usb-0:2.1.3:1.0-port0
1790755864.7084,B,329,19960,-74,/dev/serial/by-path/pci-0000:05:00.3-usb-0:2.1.2:1.0-port0
1790755864.7088,A,352,19965,-81,/dev/serial/by-path/pci-0000:05:00.3-usb-0:2.1.1:1.0-port0
1790755864.7672,B,330,20019,-78,/dev/serial/by-path/pci-0000:05:00.3-usb-0:2.1.2:1.0-port0
1790755864.7762,C,346,20027,-82,/dev/serial/by-path/pci-0000:05:00.3-usb-0:2.1.3:1.0-port0
1790755864.7864,B,331,20039,-75,/dev/serial/by-path/pci-0000:05:00.3-usb-0:2.1.2:1.0-port0
1790755864.7867,A,353,20044,-84,/dev/serial/by-path/pci-0000:05:00.3-usb-0:2.1.1:1.0-port0
1790755864.7877,C,347,20039,-74,/dev/serial/by-path/pci-0000:05:00.3-usb-0:2.1.3:1.0-port0
1790755864.8340,B,332,20086,-79,/dev/serial/by-path/pci-0000:05:00.3-usb-0:2.1.2:1.0-port0
1790755864.8342,C,348,20086,-88,/dev/serial/by-path/pci-0000:05:00.3-usb-0:2.1.3:1.0-port0
1790755864.8731,A,354,20130,-84,/dev/serial/by-path/pci-0000:05:00.3-usb-0:2.1.1:1.0-port0
1790755864.8848,B,333,20137,-82,/dev/serial/by-path/pci-0000:05:00.3-usb-0:2.1.2:1.0-port0
1790755864.9147,A,355,20171,-91,/dev/serial/by-path/pci-0000:05:00.3-usb-0:2.1.1:1.0-port0
1790755864.9152,C,349,20166,-87,/dev/serial/by-path/pci-0000:05:00.3-usb-0:2.1.3:1.0-port0
1790755864.9455,B,334,20198,-87,/dev/serial/by-path/pci-0000:05:00.3-usb-0:2.1.2:1.0-port0
1790755865.0158,B,335,20268,-83,/dev/serial/by-path/pci-0000:05:00.3-usb-0:2.1.2:1.0-port0
1790755865.0565,C,350,20308,-81,/dev/serial/by-path/pci-0000:05:00.3-usb-0:2.1.3:1.0-port0
1790755865.0567,B,336,20309,-82,/dev/serial/by-path/pci-0000:05:00.3-usb-0:2.1.2:1.0-port0
1790755865.0596,A,356,20316,-88,/dev/serial/by-path/pci-0000:05:00.3-usb-0:2.1.1:1.0-port0
1790755865.0988,C,351,20350,-83,/dev/serial/by-path/pci-0000:05:00.3-usb-0:2.1.3:1.0-port0
1790755865.0992,B,337,20352,-82,/dev/serial/by-path/pci-0000:05:00.3-usb-0:2.1.2:1.0-port0
1790755865.1011,A,357,20357,-84,/dev/serial/by-path/pci-0000:05:00.3-usb-0:2.1.1:1.0-port0
1790755865.1535,C,352,20405,-88,/dev/serial/by-path/pci-0000:05:00.3-usb-0:2.1.3:1.0-port0
1790755865.1671,B,338,20419,-83,/dev/serial/by-path/pci-0000:05:00.3-usb-0:2.1.2:1.0-port0
1790755865.1891,B,339,20442,-94,/dev/serial/by-path/pci-0000:05:00.3-usb-0:2.1.2:1.0-port0
1790755865.2263,C,353,20477,-93,/dev/serial/by-path/pci-0000:05:00.3-usb-0:2.1.3:1.0-port0
1790755865.2307,C,354,20482,-99,/dev/serial/by-path/pci-0000:05:00.3-usb-0:2.1.3:1.0-port0
1790755865.2314,A,358,20488,-95,/dev/serial/by-path/pci-0000:05:00.3-usb-0:2.1.1:1.0-port0
1790755865.2546,B,340,20507,-95,/dev/serial/by-path/pci-0000:05:00.3-usb-0:2.1.2:1.0-port0
1790755865.3171,B,341,20569,-84,/dev/serial/by-path/pci-0000:05:00.3-usb-0:2.1.2:1.0-port0
1790755865.3198,C,355,20572,-88,/dev/serial/by-path/pci-0000:05:00.3-usb-0:2.1.3:1.0-port0
1790755865.3223,C,356,20572,-88,/dev/serial/by-path/pci-0000:05:00.3-usb-0:2.1.3:1.0-port0
1790755865.3250,A,359,20581,-88,/dev/serial/by-path/pci-0000:05:00.3-usb-0:2.1.1:1.0-port0
1790755865.3633,C,357,20614,-81,/dev/serial/by-path/pci-0000:05:00.3-usb-0:2.1.3:1.0-port0
1790755865.3636,B,342,20616,-86,/dev/serial/by-path/pci-0000:05:00.3-usb-0:2.1.2:1.0-port0
1790755865.3640,A,360,20620,-98,/dev/serial/by-path/pci-0000:05:00.3-usb-0:2.1.1:1.0-port0
1790755865.4629,A,361,20719,-85,/dev/serial/by-path/pci-0000:05:00.3-usb-0:2.1.1:1.0-port0
1790755865.4632,C,358,20714,-89,/dev/serial/by-path/pci-0000:05:00.3-usb-0:2.1.3:1.0-port0
1790755865.4670,B,343,20719,-80,/dev/serial/by-path/pci-0000:05:00.3-usb-0:2.1.2:1.0-port0
1790755865.5026,C,359,20754,-81,/dev/serial/by-path/pci-0000:05:00.3-usb-0:2.1.3:1.0-port0
1790755865.5030,B,344,20756,-89,/dev/serial/by-path/pci-0000:05:00.3-usb-0:2.1.2:1.0-port0
1790755865.5033,A,362,20759,-97,/dev/serial/by-path/pci-0000:05:00.3-usb-0:2.1.1:1.0-port0
1790755865.6387,B,345,20891,-99,/dev/serial/by-path/pci-0000:05:00.3-usb-0:2.1.2:1.0-port0
1790755865.7171,B,346,20969,-96,/dev/serial/by-path/pci-0000:05:00.3-usb-0:2.1.2:1.0-port0
1790755865.7248,A,363,20981,-95,/dev/serial/by-path/pci-0000:05:00.3-usb-0:2.1.1:1.0-port0
1790755865.8104,A,364,21067,-89,/dev/serial/by-path/pci-0000:05:00.3-usb-0:2.1.1:1.0-port0
1790755865.8574,C,360,21108,-88,/dev/serial/by-path/pci-0000:05:00.3-usb-0:2.1.3:1.0-port0
1790755865.8579,A,365,21114,-91,/dev/serial/by-path/pci-0000:05:00.3-usb-0:2.1.1:1.0-port0
1790755865.8580,B,347,21110,-95,/dev/serial/by-path/pci-0000:05:00.3-usb-0:2.1.2:1.0-port0
1790755865.9503,C,361,21202,-92,/dev/serial/by-path/pci-0000:05:00.3-usb-0:2.1.3:1.0-port0
1790755865.9518,A,366,21208,-88,/dev/serial/by-path/pci-0000:05:00.3-usb-0:2.1.1:1.0-port0
1790755865.9671,B,348,21219,-96,/dev/serial/by-path/pci-0000:05:00.3-usb-0:2.1.2:1.0-port0
1790755866.0944,B,349,21347,-89,/dev/serial/by-path/pci-0000:05:00.3-usb-0:2.1.2:1.0-port0
1790755866.0945,C,362,21346,-89,/dev/serial/by-path/pci-0000:05:00.3-usb-0:2.1.3:1.0-port0
1790755866.1066,A,367,21363,-87,/dev/serial/by-path/pci-0000:05:00.3-usb-0:2.1.1:1.0-port0
1790755866.1751,A,368,21431,-86,/dev/serial/by-path/pci-0000:05:00.3-usb-0:2.1.1:1.0-port0
1790755866.1761,C,363,21427,-83,/dev/serial/by-path/pci-0000:05:00.3-usb-0:2.1.3:1.0-port0
1790755866.1802,B,350,21432,-87,/dev/serial/by-path/pci-0000:05:00.3-usb-0:2.1.2:1.0-port0
1790755866.2168,B,351,21470,-88,/dev/serial/by-path/pci-0000:05:00.3-usb-0:2.1.2:1.0-port0
1790755866.2582,B,352,21511,-87,/dev/serial/by-path/pci-0000:05:00.3-usb-0:2.1.2:1.0-port0
1790755866.2586,A,369,21515,-86,/dev/serial/by-path/pci-0000:05:00.3-usb-0:2.1.1:1.0-port0
1790755866.3003,C,364,21551,-84,/dev/serial/by-path/pci-0000:05:00.3-usb-0:2.1.3:1.0-port0
1790755866.3171,B,353,21570,-86,/dev/serial/by-path/pci-0000:05:00.3-usb-0:2.1.2:1.0-port0
1790755866.3464,C,365,21597,-89,/dev/serial/by-path/pci-0000:05:00.3-usb-0:2.1.3:1.0-port0
1790755866.3618,B,354,21614,-85,/dev/serial/by-path/pci-0000:05:00.3-usb-0:2.1.2:1.0-port0
1790755866.3956,B,355,21648,-90,/dev/serial/by-path/pci-0000:05:00.3-usb-0:2.1.2:1.0-port0
1790755866.4064,C,366,21657,-89,/dev/serial/by-path/pci-0000:05:00.3-usb-0:2.1.3:1.0-port0
1790755866.4130,A,370,21669,-87,/dev/serial/by-path/pci-0000:05:00.3-usb-0:2.1.1:1.0-port0
1790755866.4370,B,356,21689,-89,/dev/serial/by-path/pci-0000:05:00.3-usb-0:2.1.2:1.0-port0
1790755866.4371,A,371,21693,-91,/dev/serial/by-path/pci-0000:05:00.3-usb-0:2.1.1:1.0-port0
1790755866.4447,C,367,21696,-87,/dev/serial/by-path/pci-0000:05:00.3-usb-0:2.1.3:1.0-port0
1790755866.5603,B,357,21813,-98,/dev/serial/by-path/pci-0000:05:00.3-usb-0:2.1.2:1.0-port0
1790755866.5762,C,368,21827,-91,/dev/serial/by-path/pci-0000:05:00.3-usb-0:2.1.3:1.0-port0
1790755866.6250,A,372,21881,-92,/dev/serial/by-path/pci-0000:05:00.3-usb-0:2.1.1:1.0-port0
1790755866.6654,B,358,21918,-87,/dev/serial/by-path/pci-0000:05:00.3-usb-0:2.1.2:1.0-port0
1790755866.6658,C,369,21917,-91,/dev/serial/by-path/pci-0000:05:00.3-usb-0:2.1.3:1.0-port0
1790755866.6678,B,359,21919,-85,/dev/serial/by-path/pci-0000:05:00.3-usb-0:2.1.2:1.0-port0
1790755866.7141,B,360,21966,-95,/dev/serial/by-path/pci-0000:05:00.3-usb-0:2.1.2:1.0-port0
1790755866.7144,C,370,21965,-95,/dev/serial/by-path/pci-0000:05:00.3-usb-0:2.1.3:1.0-port0
1790755866.7147,A,373,21970,-96,/dev/serial/by-path/pci-0000:05:00.3-usb-0:2.1.1:1.0-port0
1790755866.7668,A,374,22023,-83,/dev/serial/by-path/pci-0000:05:00.3-usb-0:2.1.1:1.0-port0
1790755866.7671,C,371,22018,-84,/dev/serial/by-path/pci-0000:05:00.3-usb-0:2.1.3:1.0-port0
1790755866.8061,C,372,22057,-76,/dev/serial/by-path/pci-0000:05:00.3-usb-0:2.1.3:1.0-port0
1790755866.8064,B,361,22058,-83,/dev/serial/by-path/pci-0000:05:00.3-usb-0:2.1.2:1.0-port0
1790755866.8455,B,362,22098,-96,/dev/serial/by-path/pci-0000:05:00.3-usb-0:2.1.2:1.0-port0
1790755866.8462,A,375,22103,-84,/dev/serial/by-path/pci-0000:05:00.3-usb-0:2.1.1:1.0-port0
1790755866.9732,C,373,22225,-83,/dev/serial/by-path/pci-0000:05:00.3-usb-0:2.1.3:1.0-port0
1790755866.9918,B,363,22244,-87,/dev/serial/by-path/pci-0000:05:00.3-usb-0:2.1.2:1.0-port0
1790755866.9933,C,374,22245,-86,/dev/serial/by-path/pci-0000:05:00.3-usb-0:2.1.3:1.0-port0
1790755866.9937,A,376,22250,-91,/dev/serial/by-path/pci-0000:05:00.3-usb-0:2.1.1:1.0-port0
1790755867.0260,C,375,22277,-83,/dev/serial/by-path/pci-0000:05:00.3-usb-0:2.1.3:1.0-port0
1790755867.0793,B,364,22332,-89,/dev/serial/by-path/pci-0000:05:00.3-usb-0:2.1.2:1.0-port0
1790755867.2155,A,377,22472,-97,/dev/serial/by-path/pci-0000:05:00.3-usb-0:2.1.1:1.0-port0
1790755867.2159,C,376,22467,-93,/dev/serial/by-path/pci-0000:05:00.3-usb-0:2.1.3:1.0-port0
1790755867.4430,B,365,22695,-96,/dev/serial/by-path/pci-0000:05:00.3-usb-0:2.1.2:1.0-port0
1790755867.5204,C,377,22771,-93,/dev/serial/by-path/pci-0000:05:00.3-usb-0:2.1.3:1.0-port0
1790755867.6077,B,366,22860,-89,/dev/serial/by-path/pci-0000:05:00.3-usb-0:2.1.2:1.0-port0
1790755867.6242,A,378,22881,-93,/dev/serial/by-path/pci-0000:05:00.3-usb-0:2.1.1:1.0-port0
1790755867.7496,C,378,23001,-91,/dev/serial/by-path/pci-0000:05:00.3-usb-0:2.1.3:1.0-port0
1790755867.7502,B,367,23002,-88,/dev/serial/by-path/pci-0000:05:00.3-usb-0:2.1.2:1.0-port0
1790755867.7506,A,379,23006,-95,/dev/serial/by-path/pci-0000:05:00.3-usb-0:2.1.1:1.0-port0
1790755867.7842,B,368,23037,-90,/dev/serial/by-path/pci-0000:05:00.3-usb-0:2.1.2:1.0-port0
1790755867.8891,A,380,23145,-93,/dev/serial/by-path/pci-0000:05:00.3-usb-0:2.1.1:1.0-port0
1790755867.9178,B,369,23170,-89,/dev/serial/by-path/pci-0000:05:00.3-usb-0:2.1.2:1.0-port0
1790755868.0477,B,370,23300,-88,/dev/serial/by-path/pci-0000:05:00.3-usb-0:2.1.2:1.0-port0
1790755868.0481,A,381,23304,-95,/dev/serial/by-path/pci-0000:05:00.3-usb-0:2.1.1:1.0-port0
1790755868.0564,C,379,23307,-90,/dev/serial/by-path/pci-0000:05:00.3-usb-0:2.1.3:1.0-port0
1790755868.2073,C,380,23458,-91,/dev/serial/by-path/pci-0000:05:00.3-usb-0:2.1.3:1.0-port0
1790755868.2171,B,371,23469,-87,/dev/serial/by-path/pci-0000:05:00.3-usb-0:2.1.2:1.0-port0
1790755868.2247,A,382,23481,-94,/dev/serial/by-path/pci-0000:05:00.3-usb-0:2.1.1:1.0-port0
1790755868.2582,A,383,23514,-99,/dev/serial/by-path/pci-0000:05:00.3-usb-0:2.1.1:1.0-port0
1790755868.2671,B,372,23519,-90,/dev/serial/by-path/pci-0000:05:00.3-usb-0:2.1.2:1.0-port0
1790755868.2736,C,381,23525,-96,/dev/serial/by-path/pci-0000:05:00.3-usb-0:2.1.3:1.0-port0
1790755868.3424,B,373,23595,-87,/dev/serial/by-path/pci-0000:05:00.3-usb-0:2.1.2:1.0-port0
1790755868.3826,B,374,23635,-87,/dev/serial/by-path/pci-0000:05:00.3-usb-0:2.1.2:1.0-port0
1790755868.5113,B,375,23764,-90,/dev/serial/by-path/pci-0000:05:00.3-usb-0:2.1.2:1.0-port0
1790755868.6072,B,376,23860,-87,/dev/serial/by-path/pci-0000:05:00.3-usb-0:2.1.2:1.0-port0
1790755868.6193,C,382,23870,-82,/dev/serial/by-path/pci-0000:05:00.3-usb-0:2.1.3:1.0-port0
1790755868.6514,B,377,23904,-93,/dev/serial/by-path/pci-0000:05:00.3-usb-0:2.1.2:1.0-port0
1790755868.6966,C,383,23948,-83,/dev/serial/by-path/pci-0000:05:00.3-usb-0:2.1.3:1.0-port0
1790755868.6972,B,378,23950,-81,/dev/serial/by-path/pci-0000:05:00.3-usb-0:2.1.2:1.0-port0
1790755868.6973,A,384,23954,-88,/dev/serial/by-path/pci-0000:05:00.3-usb-0:2.1.1:1.0-port0
1790755868.7365,B,379,23989,-77,/dev/serial/by-path/pci-0000:05:00.3-usb-0:2.1.2:1.0-port0
1790755868.7606,C,384,24012,-83,/dev/serial/by-path/pci-0000:05:00.3-usb-0:2.1.3:1.0-port0
1790755868.7788,B,380,24031,-76,/dev/serial/by-path/pci-0000:05:00.3-usb-0:2.1.2:1.0-port0
1790755868.8042,A,385,24060,-84,/dev/serial/by-path/pci-0000:05:00.3-usb-0:2.1.1:1.0-port0
1790755868.8248,A,386,24081,-82,/dev/serial/by-path/pci-0000:05:00.3-usb-0:2.1.1:1.0-port0
1790755868.8263,C,385,24077,-75,/dev/serial/by-path/pci-0000:05:00.3-usb-0:2.1.3:1.0-port0
1790755868.8640,B,381,24117,-77,/dev/serial/by-path/pci-0000:05:00.3-usb-0:2.1.2:1.0-port0
1790755868.8645,C,386,24115,-77,/dev/serial/by-path/pci-0000:05:00.3-usb-0:2.1.3:1.0-port0
1790755868.8660,B,382,24117,-77,/dev/serial/by-path/pci-0000:05:00.3-usb-0:2.1.2:1.0-port0
1790755868.8747,A,387,24131,-82,/dev/serial/by-path/pci-0000:05:00.3-usb-0:2.1.1:1.0-port0
1790755868.9516,A,388,24208,-82,/dev/serial/by-path/pci-0000:05:00.3-usb-0:2.1.1:1.0-port0
1790755868.9672,B,383,24219,-76,/dev/serial/by-path/pci-0000:05:00.3-usb-0:2.1.2:1.0-port0
1790755868.9765,C,387,24227,-76,/dev/serial/by-path/pci-0000:05:00.3-usb-0:2.1.3:1.0-port0
1790755869.0517,C,388,24303,-78,/dev/serial/by-path/pci-0000:05:00.3-usb-0:2.1.3:1.0-port0
1790755869.0520,B,384,24304,-79,/dev/serial/by-path/pci-0000:05:00.3-usb-0:2.1.2:1.0-port0
1790755869.1001,B,385,24352,-77,/dev/serial/by-path/pci-0000:05:00.3-usb-0:2.1.2:1.0-port0
1790755869.1221,C,389,24373,-75,/dev/serial/by-path/pci-0000:05:00.3-usb-0:2.1.3:1.0-port0
1790755869.1224,A,389,24378,-83,/dev/serial/by-path/pci-0000:05:00.3-usb-0:2.1.1:1.0-port0
1790755869.1475,C,390,24398,-77,/dev/serial/by-path/pci-0000:05:00.3-usb-0:2.1.3:1.0-port0
1790755869.1480,B,386,24400,-77,/dev/serial/by-path/pci-0000:05:00.3-usb-0:2.1.2:1.0-port0
1790755869.1596,A,390,24416,-81,/dev/serial/by-path/pci-0000:05:00.3-usb-0:2.1.1:1.0-port0
1790755869.1890,C,391,24440,-78,/dev/serial/by-path/pci-0000:05:00.3-usb-0:2.1.3:1.0-port0
1790755869.2174,B,387,24470,-80,/dev/serial/by-path/pci-0000:05:00.3-usb-0:2.1.2:1.0-port0
1790755869.2310,B,388,24483,-76,/dev/serial/by-path/pci-0000:05:00.3-usb-0:2.1.2:1.0-port0
1790755869.2420,A,391,24498,-82,/dev/serial/by-path/pci-0000:05:00.3-usb-0:2.1.1:1.0-port0
1790755869.2423,C,392,24493,-72,/dev/serial/by-path/pci-0000:05:00.3-usb-0:2.1.3:1.0-port0
1790755869.3318,B,389,24584,-78,/dev/serial/by-path/pci-0000:05:00.3-usb-0:2.1.2:1.0-port0
1790755869.3723,C,393,24623,-75,/dev/serial/by-path/pci-0000:05:00.3-usb-0:2.1.3:1.0-port0
1790755869.3798,B,390,24632,-74,/dev/serial/by-path/pci-0000:05:00.3-usb-0:2.1.2:1.0-port0
1790755869.4242,A,392,24680,-82,/dev/serial/by-path/pci-0000:05:00.3-usb-0:2.1.1:1.0-port0
1790755869.4245,C,394,24675,-68,/dev/serial/by-path/pci-0000:05:00.3-usb-0:2.1.3:1.0-port0
1790755869.4650,A,393,24721,-78,/dev/serial/by-path/pci-0000:05:00.3-usb-0:2.1.1:1.0-port0
1790755869.4651,B,391,24717,-74,/dev/serial/by-path/pci-0000:05:00.3-usb-0:2.1.2:1.0-port0
1790755869.4688,C,395,24720,-75,/dev/serial/by-path/pci-0000:05:00.3-usb-0:2.1.3:1.0-port0
1790755869.5173,B,392,24769,-72,/dev/serial/by-path/pci-0000:05:00.3-usb-0:2.1.2:1.0-port0
1790755869.5253,C,396,24777,-73,/dev/serial/by-path/pci-0000:05:00.3-usb-0:2.1.3:1.0-port0
1790755869.5577,C,397,24809,-66,/dev/serial/by-path/pci-0000:05:00.3-usb-0:2.1.3:1.0-port0
1790755869.5583,A,394,24815,-79,/dev/serial/by-path/pci-0000:05:00.3-usb-0:2.1.1:1.0-port0
1790755869.5665,B,393,24819,-72,/dev/serial/by-path/pci-0000:05:00.3-usb-0:2.1.2:1.0-port0
1790755869.6480,C,398,24899,-72,/dev/serial/by-path/pci-0000:05:00.3-usb-0:2.1.3:1.0-port0
1790755869.6496,A,395,24905,-84,/dev/serial/by-path/pci-0000:05:00.3-usb-0:2.1.1:1.0-port0
1790755869.6497,B,394,24902,-70,/dev/serial/by-path/pci-0000:05:00.3-usb-0:2.1.2:1.0-port0
1790755869.6932,B,395,24945,-70,/dev/serial/by-path/pci-0000:05:00.3-usb-0:2.1.2:1.0-port0
1790755869.6933,C,399,24944,-65,/dev/serial/by-path/pci-0000:05:00.3-usb-0:2.1.3:1.0-port0
1790755869.6969,A,396,24953,-76,/dev/serial/by-path/pci-0000:05:00.3-usb-0:2.1.1:1.0-port0
1790755869.7557,A,397,25012,-76,/dev/serial/by-path/pci-0000:05:00.3-usb-0:2.1.1:1.0-port0
1790755869.7560,C,400,25007,-73,/dev/serial/by-path/pci-0000:05:00.3-usb-0:2.1.3:1.0-port0
1790755869.7562,B,396,25008,-71,/dev/serial/by-path/pci-0000:05:00.3-usb-0:2.1.2:1.0-port0
1790755869.7977,C,401,25049,-76,/dev/serial/by-path/pci-0000:05:00.3-usb-0:2.1.3:1.0-port0
1790755869.8022,B,397,25054,-69,/dev/serial/by-path/pci-0000:05:00.3-usb-0:2.1.2:1.0-port0
1790755869.8026,A,398,25058,-81,/dev/serial/by-path/pci-0000:05:00.3-usb-0:2.1.1:1.0-port0
1790755869.8389,B,398,25091,-71,/dev/serial/by-path/pci-0000:05:00.3-usb-0:2.1.2:1.0-port0
1790755869.8760,C,402,25127,-67,/dev/serial/by-path/pci-0000:05:00.3-usb-0:2.1.3:1.0-port0
1790755869.8805,B,399,25132,-71,/dev/serial/by-path/pci-0000:05:00.3-usb-0:2.1.2:1.0-port0
1790755869.9246,A,399,25181,-80,/dev/serial/by-path/pci-0000:05:00.3-usb-0:2.1.1:1.0-port0
1790755869.9247,C,403,25175,-78,/dev/serial/by-path/pci-0000:05:00.3-usb-0:2.1.3:1.0-port0
1790755869.9283,B,400,25180,-69,/dev/serial/by-path/pci-0000:05:00.3-usb-0:2.1.2:1.0-port0
1790755869.9655,B,401,25218,-69,/dev/serial/by-path/pci-0000:05:00.3-usb-0:2.1.2:1.0-port0
1790755869.9659,C,404,25217,-73,/dev/serial/by-path/pci-0000:05:00.3-usb-0:2.1.3:1.0-port0
1790755869.9751,A,400,25231,-77,/dev/serial/by-path/pci-0000:05:00.3-usb-0:2.1.1:1.0-port0
1790755870.0096,C,405,25260,-66,/dev/serial/by-path/pci-0000:05:00.3-usb-0:2.1.3:1.0-port0
1790755870.0097,B,402,25262,-70,/dev/serial/by-path/pci-0000:05:00.3-usb-0:2.1.2:1.0-port0
1790755870.0253,A,401,25281,-80,/dev/serial/by-path/pci-0000:05:00.3-usb-0:2.1.1:1.0-port0
1790755870.0531,B,403,25306,-73,/dev/serial/by-path/pci-0000:05:00.3-usb-0:2.1.2:1.0-port0
1790755870.0534,A,402,25310,-77,/dev/serial/by-path/pci-0000:05:00.3-usb-0:2.1.1:1.0-port0
1790755870.0690,C,406,25320,-82,/dev/serial/by-path/pci-0000:05:00.3-usb-0:2.1.3:1.0-port0
1790755870.0989,B,404,25351,-71,/dev/serial/by-path/pci-0000:05:00.3-usb-0:2.1.2:1.0-port0
1790755870.0993,C,407,25350,-74,/dev/serial/by-path/pci-0000:05:00.3-usb-0:2.1.3:1.0-port0
1790755870.1247,A,403,25381,-80,/dev/serial/by-path/pci-0000:05:00.3-usb-0:2.1.1:1.0-port0
1790755870.1543,B,405,25407,-74,/dev/serial/by-path/pci-0000:05:00.3-usb-0:2.1.2:1.0-port0
1790755870.1547,C,408,25405,-70,/dev/serial/by-path/pci-0000:05:00.3-usb-0:2.1.3:1.0-port0
1790755870.1596,A,404,25416,-85,/dev/serial/by-path/pci-0000:05:00.3-usb-0:2.1.1:1.0-port0
1790755870.2032,B,406,25456,-80,/dev/serial/by-path/pci-0000:05:00.3-usb-0:2.1.2:1.0-port0
1790755870.2051,A,405,25461,-88,/dev/serial/by-path/pci-0000:05:00.3-usb-0:2.1.1:1.0-port0
1790755870.2383,B,407,25490,-72,/dev/serial/by-path/pci-0000:05:00.3-usb-0:2.1.2:1.0-port0
1790755870.2388,A,406,25495,-84,/dev/serial/by-path/pci-0000:05:00.3-usb-0:2.1.1:1.0-port0
1790755870.2941,B,408,25546,-81,/dev/serial/by-path/pci-0000:05:00.3-usb-0:2.1.2:1.0-port0
1790755870.3071,A,407,25563,-95,/dev/serial/by-path/pci-0000:05:00.3-usb-0:2.1.1:1.0-port0
1790755870.3074,C,409,25558,-75,/dev/serial/by-path/pci-0000:05:00.3-usb-0:2.1.3:1.0-port0
1790755870.3604,A,408,25616,-88,/dev/serial/by-path/pci-0000:05:00.3-usb-0:2.1.1:1.0-port0
1790755870.3678,B,409,25620,-86,/dev/serial/by-path/pci-0000:05:00.3-usb-0:2.1.2:1.0-port0
1790755870.3756,B,410,25628,-79,/dev/serial/by-path/pci-0000:05:00.3-usb-0:2.1.2:1.0-port0
1790755870.4142,B,411,25666,-78,/dev/serial/by-path/pci-0000:05:00.3-usb-0:2.1.2:1.0-port0
1790755870.4148,A,409,25671,-85,/dev/serial/by-path/pci-0000:05:00.3-usb-0:2.1.1:1.0-port0
1790755870.4264,C,410,25677,-79,/dev/serial/by-path/pci-0000:05:00.3-usb-0:2.1.3:1.0-port0
1790755870.4655,B,412,25718,-81,/dev/serial/by-path/pci-0000:05:00.3-usb-0:2.1.2:1.0-port0
1790755870.4658,C,411,25717,-74,/dev/serial/by-path/pci-0000:05:00.3-usb-0:2.1.3:1.0-port0
1790755870.5053,C,412,25756,-82,/dev/serial/by-path/pci-0000:05:00.3-usb-0:2.1.3:1.0-port0
1790755870.5057,B,413,25757,-80,/dev/serial/by-path/pci-0000:05:00.3-usb-0:2.1.2:1.0-port0
1790755870.6178,B,414,25870,-79,/dev/serial/by-path/pci-0000:05:00.3-usb-0:2.1.2:1.0-port0
1790755870.6265,C,413,25877,-75,/dev/serial/by-path/pci-0000:05:00.3-usb-0:2.1.3:1.0-port0
1790755870.6459,A,410,25902,-84,/dev/serial/by-path/pci-0000:05:00.3-usb-0:2.1.1:1.0-port0
1790755870.6676,B,415,25920,-82,/dev/serial/by-path/pci-0000:05:00.3-usb-0:2.1.2:1.0-port0
1790755870.6769,C,414,25928,-85,/dev/serial/by-path/pci-0000:05:00.3-usb-0:2.1.3:1.0-port0
1790755870.6882,B,416,25940,-79,/dev/serial/by-path/pci-0000:05:00.3-usb-0:2.1.2:1.0-port0
1790755870.6883,A,411,25944,-87,/dev/serial/by-path/pci-0000:05:00.3-usb-0:2.1.1:1.0-port0
1790755870.7018,C,415,25953,-78,/dev/serial/by-path/pci-0000:05:00.3-usb-0:2.1.3:1.0-port0
1790755870.7444,B,417,25997,-81,/dev/serial/by-path/pci-0000:05:00.3-usb-0:2.1.2:1.0-port0
1790755870.7748,A,412,26031,-95,/dev/serial/by-path/pci-0000:05:00.3-usb-0:2.1.1:1.0-port0
1790755870.7788,B,418,26031,-82,/dev/serial/by-path/pci-0000:05:00.3-usb-0:2.1.2:1.0-port0
1790755870.7852,A,413,26041,-86,/dev/serial/by-path/pci-0000:05:00.3-usb-0:2.1.1:1.0-port0
1790755870.8241,C,416,26075,-83,/dev/serial/by-path/pci-0000:05:00.3-usb-0:2.1.3:1.0-port0
1790755870.8244,B,419,26077,-79,/dev/serial/by-path/pci-0000:05:00.3-usb-0:2.1.2:1.0-port0
1790755870.8246,A,414,26081,-87,/dev/serial/by-path/pci-0000:05:00.3-usb-0:2.1.1:1.0-port0
1790755870.8673,B,420,26119,-79,/dev/serial/by-path/pci-0000:05:00.3-usb-0:2.1.2:1.0-port0
1790755870.8752,A,415,26131,-87,/dev/serial/by-path/pci-0000:05:00.3-usb-0:2.1.1:1.0-port0
1790755870.8768,C,417,26127,-81,/dev/serial/by-path/pci-0000:05:00.3-usb-0:2.1.3:1.0-port0
1790755870.9143,C,418,26166,-74,/dev/serial/by-path/pci-0000:05:00.3-usb-0:2.1.3:1.0-port0
1790755870.9147,A,416,26171,-97,/dev/serial/by-path/pci-0000:05:00.3-usb-0:2.1.1:1.0-port0
1790755870.9157,B,421,26168,-79,/dev/serial/by-path/pci-0000:05:00.3-usb-0:2.1.2:1.0-port0
1790755870.9654,A,417,26221,-89,/dev/serial/by-path/pci-0000:05:00.3-usb-0:2.1.1:1.0-port0
1790755870.9658,B,422,26217,-81,/dev/serial/by-path/pci-0000:05:00.3-usb-0:2.1.2:1.0-port0
1790755870.9766,C,419,26227,-82,/dev/serial/by-path/pci-0000:05:00.3-usb-0:2.1.3:1.0-port0
1790755871.0086,B,423,26261,-78,/dev/serial/by-path/pci-0000:05:00.3-usb-0:2.1.2:1.0-port0
1790755871.0091,A,418,26265,-84,/dev/serial/by-path/pci-0000:05:00.3-usb-0:2.1.1:1.0-port0
1790755871.0265,C,420,26277,-80,/dev/serial/by-path/pci-0000:05:00.3-usb-0:2.1.3:1.0-port0
1790755871.0588,C,421,26310,-75,/dev/serial/by-path/pci-0000:05:00.3-usb-0:2.1.3:1.0-port0
1790755871.0594,B,424,26312,-79,/dev/serial/by-path/pci-0000:05:00.3-usb-0:2.1.2:1.0-port0
1790755871.1059,C,422,26357,-82,/dev/serial/by-path/pci-0000:05:00.3-usb-0:2.1.3:1.0-port0
1790755871.1063,B,425,26358,-81,/dev/serial/by-path/pci-0000:05:00.3-usb-0:2.1.2:1.0-port0
1790755871.1066,A,419,26362,-89,/dev/serial/by-path/pci-0000:05:00.3-usb-0:2.1.1:1.0-port0
1790755871.1678,B,426,26420,-77,/dev/serial/by-path/pci-0000:05:00.3-usb-0:2.1.2:1.0-port0
1790755871.1756,A,420,26431,-87,/dev/serial/by-path/pci-0000:05:00.3-usb-0:2.1.1:1.0-port0
1790755871.1761,C,423,26427,-78,/dev/serial/by-path/pci-0000:05:00.3-usb-0:2.1.3:1.0-port0
1790755871.2352,C,424,26486,-82,/dev/serial/by-path/pci-0000:05:00.3-usb-0:2.1.3:1.0-port0
1790755871.2678,B,427,26519,-81,/dev/serial/by-path/pci-0000:05:00.3-usb-0:2.1.2:1.0-port0
1790755871.2751,C,425,26526,-81,/dev/serial/by-path/pci-0000:05:00.3-usb-0:2.1.3:1.0-port0
1790755871.3171,B,428,26569,-80,/dev/serial/by-path/pci-0000:05:00.3-usb-0:2.1.2:1.0-port0
1790755871.3215,C,426,26572,-81,/dev/serial/by-path/pci-0000:05:00.3-usb-0:2.1.3:1.0-port0
1790755871.3232,A,421,26579,-88,/dev/serial/by-path/pci-0000:05:00.3-usb-0:2.1.1:1.0-port0
1790755871.3673,A,422,26623,-94,/dev/serial/by-path/pci-0000:05:00.3-usb-0:2.1.1:1.0-port0
1790755871.3676,C,427,26618,-75,/dev/serial/by-path/pci-0000:05:00.3-usb-0:2.1.3:1.0-port0
1790755871.3680,B,429,26620,-79,/dev/serial/by-path/pci-0000:05:00.3-usb-0:2.1.2:1.0-port0
1790755871.4091,B,430,26661,-82,/dev/serial/by-path/pci-0000:05:00.3-usb-0:2.1.2:1.0-port0
1790755871.4095,A,423,26666,-89,/dev/serial/by-path/pci-0000:05:00.3-usb-0:2.1.1:1.0-port0
1790755871.4100,C,428,26661,-82,/dev/serial/by-path/pci-0000:05:00.3-usb-0:2.1.3:1.0-port0
1790755871.4592,B,431,26711,-78,/dev/serial/by-path/pci-0000:05:00.3-usb-0:2.1.2:1.0-port0
1790755871.4598,A,424,26715,-88,/dev/serial/by-path/pci-0000:05:00.3-usb-0:2.1.1:1.0-port0
1790755871.4767,C,429,26727,-79,/dev/serial/by-path/pci-0000:05:00.3-usb-0:2.1.3:1.0-port0
1790755871.5008,A,425,26757,-93,/dev/serial/by-path/pci-0000:05:00.3-usb-0:2.1.1:1.0-port0
1790755871.5012,B,432,26753,-79,/dev/serial/by-path/pci-0000:05:00.3-usb-0:2.1.2:1.0-port0
1790755871.5057,C,430,26757,-75,/dev/serial/by-path/pci-0000:05:00.3-usb-0:2.1.3:1.0-port0
1790755871.5463,A,426,26802,-93,/dev/serial/by-path/pci-0000:05:00.3-usb-0:2.1.1:1.0-port0
1790755871.5466,B,433,26798,-82,/dev/serial/by-path/pci-0000:05:00.3-usb-0:2.1.2:1.0-port0
1790755871.5578,C,431,26809,-81,/dev/serial/by-path/pci-0000:05:00.3-usb-0:2.1.3:1.0-port0
1790755871.6832,A,427,26939,-91,/dev/serial/by-path/pci-0000:05:00.3-usb-0:2.1.1:1.0-port0
1790755871.6897,C,432,26941,-82,/dev/serial/by-path/pci-0000:05:00.3-usb-0:2.1.3:1.0-port0
1790755871.6901,B,434,26942,-82,/dev/serial/by-path/pci-0000:05:00.3-usb-0:2.1.2:1.0-port0
1790755871.7286,B,435,26981,-76,/dev/serial/by-path/pci-0000:05:00.3-usb-0:2.1.2:1.0-port0
1790755871.7298,A,428,26986,-85,/dev/serial/by-path/pci-0000:05:00.3-usb-0:2.1.1:1.0-port0
1790755871.7758,C,433,27027,-78,/dev/serial/by-path/pci-0000:05:00.3-usb-0:2.1.3:1.0-port0
1790755871.7761,B,436,27029,-80,/dev/serial/by-path/pci-0000:05:00.3-usb-0:2.1.2:1.0-port0
1790755871.8196,C,434,27070,-74,/dev/serial/by-path/pci-0000:05:00.3-usb-0:2.1.3:1.0-port0
1790755871.8628,B,437,27115,-82,/dev/serial/by-path/pci-0000:05:00.3-usb-0:2.1.2:1.0-port0
1790755871.8771,C,435,27128,-83,/dev/serial/by-path/pci-0000:05:00.3-usb-0:2.1.3:1.0-port0
1790755871.9171,B,438,27169,-77,/dev/serial/by-path/pci-0000:05:00.3-usb-0:2.1.2:1.0-port0
1790755871.9190,C,436,27170,-79,/dev/serial/by-path/pci-0000:05:00.3-usb-0:2.1.3:1.0-port0
1790755871.9228,A,429,27178,-83,/dev/serial/by-path/pci-0000:05:00.3-usb-0:2.1.1:1.0-port0
1790755871.9586,C,437,27209,-76,/dev/serial/by-path/pci-0000:05:00.3-usb-0:2.1.3:1.0-port0
1790755871.9588,B,439,27211,-80,/dev/serial/by-path/pci-0000:05:00.3-usb-0:2.1.2:1.0-port0
1790755871.9592,A,430,27215,-92,/dev/serial/by-path/pci-0000:05:00.3-usb-0:2.1.1:1.0-port0
1790755872.0174,B,440,27269,-85,/dev/serial/by-path/pci-0000:05:00.3-usb-0:2.1.2:1.0-port0
1790755872.0256,A,431,27281,-91,/dev/serial/by-path/pci-0000:05:00.3-usb-0:2.1.1:1.0-port0
1790755872.0273,C,438,27278,-86,/dev/serial/by-path/pci-0000:05:00.3-usb-0:2.1.3:1.0-port0
1790755872.0480,C,439,27299,-80,/dev/serial/by-path/pci-0000:05:00.3-usb-0:2.1.3:1.0-port0
1790755872.0534,B,441,27305,-78,/dev/serial/by-path/pci-0000:05:00.3-usb-0:2.1.2:1.0-port0
1790755872.0555,A,432,27311,-88,/dev/serial/by-path/pci-0000:05:00.3-usb-0:2.1.1:1.0-port0
1790755872.0916,B,442,27344,-83,/dev/serial/by-path/pci-0000:05:00.3-usb-0:2.1.2:1.0-port0
1790755872.1250,A,433,27381,-91,/dev/serial/by-path/pci-0000:05:00.3-usb-0:2.1.1:1.0-port0
1790755872.1266,C,440,27377,-78,/dev/serial/by-path/pci-0000:05:00.3-usb-0:2.1.3:1.0-port0
1790755872.1388,A,434,27395,-93,/dev/serial/by-path/pci-0000:05:00.3-usb-0:2.1.1:1.0-port0
1790755872.1390,B,443,27391,-85,/dev/serial/by-path/pci-0000:05:00.3-usb-0:2.1.2:1.0-port0
1790755872.1473,C,441,27398,-84,/dev/serial/by-path/pci-0000:05:00.3-usb-0:2.1.3:1.0-port0
1790755872.1941,B,444,27446,-78,/dev/serial/by-path/pci-0000:05:00.3-usb-0:2.1.2:1.0-port0
1790755872.1945,C,442,27445,-86,/dev/serial/by-path/pci-0000:05:00.3-usb-0:2.1.3:1.0-port0
1790755872.2420,B,445,27494,-81,/dev/serial/by-path/pci-0000:05:00.3-usb-0:2.1.2:1.0-port0
1790755872.2724,C,443,27523,-77,/dev/serial/by-path/pci-0000:05:00.3-usb-0:2.1.3:1.0-port0
1790755872.2752,A,435,27531,-89,/dev/serial/by-path/pci-0000:05:00.3-usb-0:2.1.1:1.0-port0
1790755872.2875,B,446,27540,-82,/dev/serial/by-path/pci-0000:05:00.3-usb-0:2.1.2:1.0-port0
1790755872.3161,C,444,27567,-82,/dev/serial/by-path/pci-0000:05:00.3-usb-0:2.1.3:1.0-port0
1790755872.3171,B,447,27569,-81,/dev/serial/by-path/pci-0000:05:00.3-usb-0:2.1.2:1.0-port0
1790755872.3186,A,436,27574,-84,/dev/serial/by-path/pci-0000:05:00.3-usb-0:2.1.1:1.0-port0
1790755872.3643,A,437,27620,-84,/dev/serial/by-path/pci-0000:05:00.3-usb-0:2.1.1:1.0-port0
1790755872.3670,B,448,27619,-75,/dev/serial/by-path/pci-0000:05:00.3-usb-0:2.1.2:1.0-port0
1790755872.3732,C,445,27624,-77,/dev/serial/by-path/pci-0000:05:00.3-usb-0:2.1.3:1.0-port0
1790755872.4082,B,449,27661,-81,/dev/serial/by-path/pci-0000:05:00.3-usb-0:2.1.2:1.0-port0
1790755872.4188,C,446,27670,-81,/dev/serial/by-path/pci-0000:05:00.3-usb-0:2.1.3:1.0-port0
1790755872.4192,A,438,27675,-90,/dev/serial/by-path/pci-0000:05:00.3-usb-0:2.1.1:1.0-port0
1790755872.4945,B,450,27746,-80,/dev/serial/by-path/pci-0000:05:00.3-usb-0:2.1.2:1.0-port0
1790755872.4947,A,439,27750,-85,/dev/serial/by-path/pci-0000:05:00.3-usb-0:2.1.1:1.0-port0
1790755872.5224,C,447,27773,-84,/dev/serial/by-path/pci-0000:05:00.3-usb-0:2.1.3:1.0-port0
1790755872.5365,B,451,27789,-86,/dev/serial/by-path/pci-0000:05:00.3-usb-0:2.1.2:1.0-port0
1790755872.5841,A,440,27840,-96,/dev/serial/by-path/pci-0000:05:00.3-usb-0:2.1.1:1.0-port0
1790755872.6718,C,448,27923,-89,/dev/serial/by-path/pci-0000:05:00.3-usb-0:2.1.3:1.0-port0
1790755872.6736,C,449,27924,-90,/dev/serial/by-path/pci-0000:05:00.3-usb-0:2.1.3:1.0-port0
1790755872.6772,B,452,27930,-91,/dev/serial/by-path/pci-0000:05:00.3-usb-0:2.1.2:1.0-port0
1790755872.7251,A,441,27981,-89,/dev/serial/by-path/pci-0000:05:00.3-usb-0:2.1.1:1.0-port0
1790755872.7266,C,450,27977,-96,/dev/serial/by-path/pci-0000:05:00.3-usb-0:2.1.3:1.0-port0
1790755872.8014,B,453,28054,-84,/dev/serial/by-path/pci-0000:05:00.3-usb-0:2.1.2:1.0-port0
1790755872.8018,C,451,28053,-89,/dev/serial/by-path/pci-0000:05:00.3-usb-0:2.1.3:1.0-port0
1790755872.8491,B,454,28101,-92,/dev/serial/by-path/pci-0000:05:00.3-usb-0:2.1.2:1.0-port0
1790755872.8767,C,452,28127,-83,/dev/serial/by-path/pci-0000:05:00.3-usb-0:2.1.3:1.0-port0
1790755873.1599,B,455,28412,-96,/dev/serial/by-path/pci-0000:05:00.3-usb-0:2.1.2:1.0-port0
1790755873.1603,C,453,28410,-89,/dev/serial/by-path/pci-0000:05:00.3-usb-0:2.1.3:1.0-port0
1790755873.2150,C,454,28466,-92,/dev/serial/by-path/pci-0000:05:00.3-usb-0:2.1.3:1.0-port0
1790755873.2522,B,456,28504,-89,/dev/serial/by-path/pci-0000:05:00.3-usb-0:2.1.2:1.0-port0
1790755873.3173,B,457,28569,-96,/dev/serial/by-path/pci-0000:05:00.3-usb-0:2.1.2:1.0-port0
1790755873.4675,B,458,28719,-94,/dev/serial/by-path/pci-0000:05:00.3-usb-0:2.1.2:1.0-port0
1790755873.4697,C,455,28720,-89,/dev/serial/by-path/pci-0000:05:00.3-usb-0:2.1.3:1.0-port0
1790755873.6175,B,459,28869,-94,/dev/serial/by-path/pci-0000:05:00.3-usb-0:2.1.2:1.0-port0
1790755873.6262,C,456,28877,-90,/dev/serial/by-path/pci-0000:05:00.3-usb-0:2.1.3:1.0-port0
1790755873.6767,C,457,28927,-94,/dev/serial/by-path/pci-0000:05:00.3-usb-0:2.1.3:1.0-port0
1790755873.7101,B,460,28963,-88,/dev/serial/by-path/pci-0000:05:00.3-usb-0:2.1.2:1.0-port0
1790755873.7456,B,461,28997,-82,/dev/serial/by-path/pci-0000:05:00.3-usb-0:2.1.2:1.0-port0
1790755873.7632,C,458,29014,-73,/dev/serial/by-path/pci-0000:05:00.3-usb-0:2.1.3:1.0-port0
1790755873.7636,A,442,29019,-84,/dev/serial/by-path/pci-0000:05:00.3-usb-0:2.1.1:1.0-port0
1790755873.8078,B,462,29060,-87,/dev/serial/by-path/pci-0000:05:00.3-usb-0:2.1.2:1.0-port0
1790755873.8368,C,459,29087,-91,/dev/serial/by-path/pci-0000:05:00.3-usb-0:2.1.3:1.0-port0
1790755873.8372,B,463,29089,-82,/dev/serial/by-path/pci-0000:05:00.3-usb-0:2.1.2:1.0-port0
1790755873.8372,A,443,29093,-91,/dev/serial/by-path/pci-0000:05:00.3-usb-0:2.1.1:1.0-port0
1790755873.8736,B,464,29126,-83,/dev/serial/by-path/pci-0000:05:00.3-usb-0:2.1.2:1.0-port0
1790755873.8758,A,444,29131,-86,/dev/serial/by-path/pci-0000:05:00.3-usb-0:2.1.1:1.0-port0
1790755873.8763,C,460,29127,-82,/dev/serial/by-path/pci-0000:05:00.3-usb-0:2.1.3:1.0-port0
1790755873.9155,B,465,29168,-88,/dev/serial/by-path/pci-0000:05:00.3-usb-0:2.1.2:1.0-port0
1790755873.9255,A,445,29181,-93,/dev/serial/by-path/pci-0000:05:00.3-usb-0:2.1.1:1.0-port0
1790755873.9680,B,466,29220,-79,/dev/serial/by-path/pci-0000:05:00.3-usb-0:2.1.2:1.0-port0
1790755873.9682,C,461,29219,-79,/dev/serial/by-path/pci-0000:05:00.3-usb-0:2.1.3:1.0-port0
1790755873.9759,A,446,29232,-84,/dev/serial/by-path/pci-0000:05:00.3-usb-0:2.1.1:1.0-port0
1790755873.9998,A,447,29255,-80,/dev/serial/by-path/pci-0000:05:00.3-usb-0:2.1.1:1.0-port0
1790755874.0030,C,462,29254,-77,/dev/serial/by-path/pci-0000:05:00.3-usb-0:2.1.3:1.0-port0
1790755874.0182,B,467,29270,-76,/dev/serial/by-path/pci-0000:05:00.3-usb-0:2.1.2:1.0-port0
1790755874.0452,C,463,29296,-76,/dev/serial/by-path/pci-0000:05:00.3-usb-0:2.1.3:1.0-port0
1790755874.0455,A,448,29301,-86,/dev/serial/by-path/pci-0000:05:00.3-usb-0:2.1.1:1.0-port0
1790755874.0457,B,468,29297,-81,/dev/serial/by-path/pci-0000:05:00.3-usb-0:2.1.2:1.0-port0
1790755874.1524,C,464,29403,-81,/dev/serial/by-path/pci-0000:05:00.3-usb-0:2.1.3:1.0-port0
1790755874.1527,A,449,29409,-81,/dev/serial/by-path/pci-0000:05:00.3-usb-0:2.1.1:1.0-port0
1790755874.1530,B,469,29404,-75,/dev/serial/by-path/pci-0000:05:00.3-usb-0:2.1.2:1.0-port0
1790755874.1893,B,470,29441,-81,/dev/serial/by-path/pci-0000:05:00.3-usb-0:2.1.2:1.0-port0
1790755874.1924,C,465,29443,-78,/dev/serial/by-path/pci-0000:05:00.3-usb-0:2.1.3:1.0-port0
1790755874.1928,A,450,29448,-92,/dev/serial/by-path/pci-0000:05:00.3-usb-0:2.1.1:1.0-port0
1790755874.2360,B,471,29488,-86,/dev/serial/by-path/pci-0000:05:00.3-usb-0:2.1.2:1.0-port0
1790755874.2751,A,451,29531,-86,/dev/serial/by-path/pci-0000:05:00.3-usb-0:2.1.1:1.0-port0
1790755874.3108,B,472,29563,-76,/dev/serial/by-path/pci-0000:05:00.3-usb-0:2.1.2:1.0-port0
1790755874.3112,C,466,29561,-81,/dev/serial/by-path/pci-0000:05:00.3-usb-0:2.1.3:1.0-port0
1790755874.3255,A,452,29581,-85,/dev/serial/by-path/pci-0000:05:00.3-usb-0:2.1.1:1.0-port0
1790755874.3541,B,473,29606,-82,/dev/serial/by-path/pci-0000:05:00.3-usb-0:2.1.2:1.0-port0
1790755874.3772,C,467,29628,-81,/dev/serial/by-path/pci-0000:05:00.3-usb-0:2.1.3:1.0-port0
1790755874.3845,B,474,29636,-88,/dev/serial/by-path/pci-0000:05:00.3-usb-0:2.1.2:1.0-port0
1790755874.4686,A,453,29724,-84,/dev/serial/by-path/pci-0000:05:00.3-usb-0:2.1.1:1.0-port0
1790755874.4767,C,468,29727,-77,/dev/serial/by-path/pci-0000:05:00.3-usb-0:2.1.3:1.0-port0
1790755874.5087,C,469,29759,-79,/dev/serial/by-path/pci-0000:05:00.3-usb-0:2.1.3:1.0-port0
1790755874.5091,B,475,29761,-100,/dev/serial/by-path/pci-0000:05:00.3-usb-0:2.1.2:1.0-port0
1790755874.5253,A,454,29781,-93,/dev/serial/by-path/pci-0000:05:00.3-usb-0:2.1.1:1.0-port0
1790755874.5531,A,455,29809,-87,/dev/serial/by-path/pci-0000:05:00.3-usb-0:2.1.1:1.0-port0
1790755874.5535,C,470,29804,-83,/dev/serial/by-path/pci-0000:05:00.3-usb-0:2.1.3:1.0-port0
1790755874.5642,B,476,29816,-83,/dev/serial/by-path/pci-0000:05:00.3-usb-0:2.1.2:1.0-port0
1790755874.5943,C,471,29845,-78,/dev/serial/by-path/pci-0000:05:00.3-usb-0:2.1.3:1.0-port0
1790755874.5948,B,477,29846,-79,/dev/serial/by-path/pci-0000:05:00.3-usb-0:2.1.2:1.0-port0
1790755874.6252,A,456,29881,-83,/dev/serial/by-path/pci-0000:05:00.3-usb-0:2.1.1:1.0-port0
1790755874.6393,B,478,29891,-84,/dev/serial/by-path/pci-0000:05:00.3-usb-0:2.1.2:1.0-port0
1790755874.6611,C,472,29912,-78,/dev/serial/by-path/pci-0000:05:00.3-usb-0:2.1.3:1.0-port0
1790755874.6615,A,457,29917,-91,/dev/serial/by-path/pci-0000:05:00.3-usb-0:2.1.1:1.0-port0
1790755874.6829,B,479,29935,-83,/dev/serial/by-path/pci-0000:05:00.3-usb-0:2.1.2:1.0-port0
1790755874.7093,C,473,29960,-80,/dev/serial/by-path/pci-0000:05:00.3-usb-0:2.1.3:1.0-port0
1790755874.7253,A,458,29981,-86,/dev/serial/by-path/pci-0000:05:00.3-usb-0:2.1.1:1.0-port0
1790755874.7358,C,474,29987,-75,/dev/serial/by-path/pci-0000:05:00.3-usb-0:2.1.3:1.0-port0
1790755874.7360,B,480,29988,-79,/dev/serial/by-path/pci-0000:05:00.3-usb-0:2.1.2:1.0-port0
1790755874.7364,A,459,29992,-82,/dev/serial/by-path/pci-0000:05:00.3-usb-0:2.1.1:1.0-port0
1790755874.7705,C,475,30021,-74,/dev/serial/by-path/pci-0000:05:00.3-usb-0:2.1.3:1.0-port0
1790755874.7754,A,460,30031,-81,/dev/serial/by-path/pci-0000:05:00.3-usb-0:2.1.1:1.0-port0
1790755874.8181,B,481,30070,-83,/dev/serial/by-path/pci-0000:05:00.3-usb-0:2.1.2:1.0-port0
1790755874.8267,C,476,30077,-80,/dev/serial/by-path/pci-0000:05:00.3-usb-0:2.1.3:1.0-port0
1790755874.8655,C,477,30116,-81,/dev/serial/by-path/pci-0000:05:00.3-usb-0:2.1.3:1.0-port0
1790755874.8658,A,461,30121,-90,/dev/serial/by-path/pci-0000:05:00.3-usb-0:2.1.1:1.0-port0
1790755874.8678,B,482,30119,-86,/dev/serial/by-path/pci-0000:05:00.3-usb-0:2.1.2:1.0-port0
1790755874.9150,B,483,30167,-78,/dev/serial/by-path/pci-0000:05:00.3-usb-0:2.1.2:1.0-port0
1790755874.9181,C,478,30169,-76,/dev/serial/by-path/pci-0000:05:00.3-usb-0:2.1.3:1.0-port0
1790755874.9254,A,462,30181,-84,/dev/serial/by-path/pci-0000:05:00.3-usb-0:2.1.1:1.0-port0
1790755874.9586,C,479,30209,-82,/dev/serial/by-path/pci-0000:05:00.3-usb-0:2.1.3:1.0-port0
1790755874.9594,A,463,30215,-92,/dev/serial/by-path/pci-0000:05:00.3-usb-0:2.1.1:1.0-port0
1790755874.9681,B,484,30220,-83,/dev/serial/by-path/pci-0000:05:00.3-usb-0:2.1.2:1.0-port0
1790755875.0027,B,485,30255,-85,/dev/serial/by-path/pci-0000:05:00.3-usb-0:2.1.2:1.0-port0
1790755875.0251,A,464,30281,-90,/dev/serial/by-path/pci-0000:05:00.3-usb-0:2.1.1:1.0-port0
1790755875.0515,C,480,30302,-76,/dev/serial/by-path/pci-0000:05:00.3-usb-0:2.1.3:1.0-port0
1790755875.0518,B,486,30303,-80,/dev/serial/by-path/pci-0000:05:00.3-usb-0:2.1.2:1.0-port0
1790755875.0521,A,465,30307,-85,/dev/serial/by-path/pci-0000:05:00.3-usb-0:2.1.1:1.0-port0
1790755875.1046,B,487,30356,-83,/dev/serial/by-path/pci-0000:05:00.3-usb-0:2.1.2:1.0-port0
1790755875.1182,C,481,30369,-80,/dev/serial/by-path/pci-0000:05:00.3-usb-0:2.1.3:1.0-port0
1790755875.1183,A,466,30374,-92,/dev/serial/by-path/pci-0000:05:00.3-usb-0:2.1.1:1.0-port0
1790755875.1451,B,488,30397,-84,/dev/serial/by-path/pci-0000:05:00.3-usb-0:2.1.2:1.0-port0
1790755875.1665,C,482,30417,-79,/dev/serial/by-path/pci-0000:05:00.3-usb-0:2.1.3:1.0-port0
1790755875.1744,A,467,30430,-92,/dev/serial/by-path/pci-0000:05:00.3-usb-0:2.1.1:1.0-port0
1790755875.1913,B,489,30443,-81,/dev/serial/by-path/pci-0000:05:00.3-usb-0:2.1.2:1.0-port0
1790755875.1917,A,468,30447,-85,/dev/serial/by-path/pci-0000:05:00.3-usb-0:2.1.1:1.0-port0
1790755875.2116,C,483,30462,-77,/dev/serial/by-path/pci-0000:05:00.3-usb-0:2.1.3:1.0-port0
1790755875.2371,B,490,30489,-78,/dev/serial/by-path/pci-0000:05:00.3-usb-0:2.1.2:1.0-port0
1790755875.2566,C,484,30507,-76,/dev/serial/by-path/pci-0000:05:00.3-usb-0:2.1.3:1.0-port0
1790755875.2568,A,469,30512,-92,/dev/serial/by-path/pci-0000:05:00.3-usb-0:2.1.1:1.0-port0
1790755875.2836,C,485,30534,-77,/dev/serial/by-path/pci-0000:05:00.3-usb-0:2.1.3:1.0-port0
1790755875.2837,B,491,30535,-79,/dev/serial/by-path/pci-0000:05:00.3-usb-0:2.1.2:1.0-port0
1790755875.2841,A,470,30540,-83,/dev/serial/by-path/pci-0000:05:00.3-usb-0:2.1.1:1.0-port0
1790755875.3335,C,486,30584,-73,/dev/serial/by-path/pci-0000:05:00.3-usb-0:2.1.3:1.0-port0
1790755875.3338,B,492,30586,-73,/dev/serial/by-path/pci-0000:05:00.3-usb-0:2.1.2:1.0-port0
1790755875.3542,A,471,30609,-81,/dev/serial/by-path/pci-0000:05:00.3-usb-0:2.1.1:1.0-port0
1790755875.3796,B,493,30632,-70,/dev/serial/by-path/pci-0000:05:00.3-usb-0:2.1.2:1.0-port0
1790755875.4264,C,487,30677,-66,/dev/serial/by-path/pci-0000:05:00.3-usb-0:2.1.3:1.0-port0
1790755875.4467,B,494,30698,-73,/dev/serial/by-path/pci-0000:05:00.3-usb-0:2.1.2:1.0-port0
1790755875.4670,C,488,30718,-70,/dev/serial/by-path/pci-0000:05:00.3-usb-0:2.1.3:1.0-port0
1790755875.4674,B,495,30719,-71,/dev/serial/by-path/pci-0000:05:00.3-usb-0:2.1.2:1.0-port0
1790755875.4677,A,472,30724,-73,/dev/serial/by-path/pci-0000:05:00.3-usb-0:2.1.1:1.0-port0
1790755875.5090,C,489,30759,-66,/dev/serial/by-path/pci-0000:05:00.3-usb-0:2.1.3:1.0-port0
1790755875.5177,B,496,30769,-68,/dev/serial/by-path/pci-0000:05:00.3-usb-0:2.1.2:1.0-port0
1790755875.5684,B,497,30820,-69,/dev/serial/by-path/pci-0000:05:00.3-usb-0:2.1.2:1.0-port0
1790755875.5752,A,473,30831,-75,/dev/serial/by-path/pci-0000:05:00.3-usb-0:2.1.1:1.0-port0
1790755875.5767,C,490,30827,-66,/dev/serial/by-path/pci-0000:05:00.3-usb-0:2.1.3:1.0-port0
1790755875.6021,B,498,30854,-65,/dev/serial/by-path/pci-0000:05:00.3-usb-0:2.1.2:1.0-port0
1790755875.6026,C,491,30853,-69,/dev/serial/by-path/pci-0000:05:00.3-usb-0:2.1.3:1.0-port0
1790755875.6029,A,474,30858,-75,/dev/serial/by-path/pci-0000:05:00.3-usb-0:2.1.1:1.0-port0
1790755875.6612,B,499,30913,-70,/dev/serial/by-path/pci-0000:05:00.3-usb-0:2.1.2:1.0-port0
1790755875.6616,C,492,30912,-71,/dev/serial/by-path/pci-0000:05:00.3-usb-0:2.1.3:1.0-port0
1790755875.6617,A,475,30917,-75,/dev/serial/by-path/pci-0000:05:00.3-usb-0:2.1.1:1.0-port0
1790755875.6986,A,476,30954,-69,/dev/serial/by-path/pci-0000:05:00.3-usb-0:2.1.1:1.0-port0
1790755875.7061,C,493,30957,-72,/dev/serial/by-path/pci-0000:05:00.3-usb-0:2.1.3:1.0-port0
1790755875.7064,B,500,30958,-68,/dev/serial/by-path/pci-0000:05:00.3-usb-0:2.1.2:1.0-port0
1790755875.7555,B,501,31008,-65,/dev/serial/by-path/pci-0000:05:00.3-usb-0:2.1.2:1.0-port0
1790755875.7561,A,477,31012,-70,/dev/serial/by-path/pci-0000:05:00.3-usb-0:2.1.1:1.0-port0
1790755875.7562,C,494,31007,-72,/dev/serial/by-path/pci-0000:05:00.3-usb-0:2.1.3:1.0-port0
1790755875.7910,C,495,31041,-70,/dev/serial/by-path/pci-0000:05:00.3-usb-0:2.1.3:1.0-port0
1790755875.8148,A,478,31070,-76,/dev/serial/by-path/pci-0000:05:00.3-usb-0:2.1.1:1.0-port0
1790755875.8152,B,502,31067,-75,/dev/serial/by-path/pci-0000:05:00.3-usb-0:2.1.2:1.0-port0
1790755875.8392,A,479,31095,-83,/dev/serial/by-path/pci-0000:05:00.3-usb-0:2.1.1:1.0-port0
1790755875.8420,B,503,31094,-70,/dev/serial/by-path/pci-0000:05:00.3-usb-0:2.1.2:1.0-port0
1790755875.8487,C,496,31099,-74,/dev/serial/by-path/pci-0000:05:00.3-usb-0:2.1.3:1.0-port0
1790755875.8913,C,497,31142,-75,/dev/serial/by-path/pci-0000:05:00.3-usb-0:2.1.3:1.0-port0
1790755875.8915,A,480,31147,-73,/dev/serial/by-path/pci-0000:05:00.3-usb-0:2.1.1:1.0-port0
1790755875.8947,B,504,31146,-66,/dev/serial/by-path/pci-0000:05:00.3-usb-0:2.1.2:1.0-port0
1790755875.9335,B,505,31185,-75,/dev/serial/by-path/pci-0000:05:00.3-usb-0:2.1.2:1.0-port0
1790755875.9752,A,481,31231,-87,/dev/serial/by-path/pci-0000:05:00.3-usb-0:2.1.1:1.0-port0
1790755875.9766,C,498,31227,-72,/dev/serial/by-path/pci-0000:05:00.3-usb-0:2.1.3:1.0-port0
1790755875.9886,A,482,31244,-73,/dev/serial/by-path/pci-0000:05:00.3-usb-0:2.1.1:1.0-port0
1790755875.9890,B,506,31240,-70,/dev/serial/by-path/pci-0000:05:00.3-usb-0:2.1.2:1.0-port0
1790755876.0446,A,483,31300,-75,/dev/serial/by-path/pci-0000:05:00.3-usb-0:2.1.1:1.0-port0
1790755876.0496,B,507,31302,-66,/dev/serial/by-path/pci-0000:05:00.3-usb-0:2.1.2:1.0-port0
1790755876.0735,A,484,31329,-76,/dev/serial/by-path/pci-0000:05:00.3-usb-0:2.1.1:1.0-port0
1790755876.0761,B,508,31328,-76,/dev/serial/by-path/pci-0000:05:00.3-usb-0:2.1.2:1.0-port0
1790755876.0765,C,499,31327,-73,/dev/serial/by-path/pci-0000:05:00.3-usb-0:2.1.3:1.0-port0
1790755876.1238,A,485,31379,-87,/dev/serial/by-path/pci-0000:05:00.3-usb-0:2.1.1:1.0-port0
1790755876.1675,B,509,31420,-70,/dev/serial/by-path/pci-0000:05:00.3-usb-0:2.1.2:1.0-port0
1790755876.1760,A,486,31431,-73,/dev/serial/by-path/pci-0000:05:00.3-usb-0:2.1.1:1.0-port0
1790755876.1764,C,500,31427,-78,/dev/serial/by-path/pci-0000:05:00.3-usb-0:2.1.3:1.0-port0
1790755876.1976,B,510,31449,-67,/dev/serial/by-path/pci-0000:05:00.3-usb-0:2.1.2:1.0-port0
1790755876.2186,A,487,31474,-76,/dev/serial/by-path/pci-0000:05:00.3-usb-0:2.1.1:1.0-port0
1790755876.2190,C,501,31469,-72,/dev/serial/by-path/pci-0000:05:00.3-usb-0:2.1.3:1.0-port0
1790755876.2637,C,502,31514,-80,/dev/serial/by-path/pci-0000:05:00.3-usb-0:2.1.3:1.0-port0
1790755876.2641,B,511,31516,-75,/dev/serial/by-path/pci-0000:05:00.3-usb-0:2.1.2:1.0-port0
1790755876.2644,A,488,31520,-82,/dev/serial/by-path/pci-0000:05:00.3-usb-0:2.1.1:1.0-port0
1790755876.3051,C,503,31556,-78,/dev/serial/by-path/pci-0000:05:00.3-usb-0:2.1.3:1.0-port0
1790755876.3055,A,489,31561,-73,/dev/serial/by-path/pci-0000:05:00.3-usb-0:2.1.1:1.0-port0
1790755876.3057,B,512,31557,-68,/dev/serial/by-path/pci-0000:05:00.3-usb-0:2.1.2:1.0-port0
1790755876.3583,A,490,31614,-76,/dev/serial/by-path/pci-0000:05:00.3-usb-0:2.1.1:1.0-port0
1790755876.3586,C,504,31609,-72,/dev/serial/by-path/pci-0000:05:00.3-usb-0:2.1.3:1.0-port0
1790755876.3677,B,513,31619,-67,/dev/serial/by-path/pci-0000:05:00.3-usb-0:2.1.2:1.0-port0
1790755876.3967,C,505,31647,-82,/dev/serial/by-path/pci-0000:05:00.3-usb-0:2.1.3:1.0-port0
1790755876.3968,B,514,31649,-74,/dev/serial/by-path/pci-0000:05:00.3-usb-0:2.1.2:1.0-port0
1790755876.4258,A,491,31681,-83,/dev/serial/by-path/pci-0000:05:00.3-usb-0:2.1.1:1.0-port0
1790755876.4417,B,515,31694,-69,/dev/serial/by-path/pci-0000:05:00.3-usb-0:2.1.2:1.0-port0
1790755876.4559,A,492,31711,-73,/dev/serial/by-path/pci-0000:05:00.3-usb-0:2.1.1:1.0-port0
1790755876.4589,C,506,31709,-81,/dev/serial/by-path/pci-0000:05:00.3-usb-0:2.1.3:1.0-port0
1790755876.4870,B,516,31739,-69,/dev/serial/by-path/pci-0000:05:00.3-usb-0:2.1.2:1.0-port0
1790755876.5253,A,493,31781,-76,/dev/serial/by-path/pci-0000:05:00.3-usb-0:2.1.1:1.0-port0
1790755876.5269,C,507,31777,-72,/dev/serial/by-path/pci-0000:05:00.3-usb-0:2.1.3:1.0-port0
1790755876.5340,B,517,31786,-72,/dev/serial/by-path/pci-0000:05:00.3-usb-0:2.1.2:1.0-port0
1790755876.5344,C,508,31785,-78,/dev/serial/by-path/pci-0000:05:00.3-usb-0:2.1.3:1.0-port0
1790755876.5347,A,494,31790,-87,/dev/serial/by-path/pci-0000:05:00.3-usb-0:2.1.1:1.0-port0
1790755876.5827,B,518,31834,-69,/dev/serial/by-path/pci-0000:05:00.3-usb-0:2.1.2:1.0-port0
1790755876.5943,C,509,31845,-81,/dev/serial/by-path/pci-0000:05:00.3-usb-0:2.1.3:1.0-port0
1790755876.5944,A,495,31850,-73,/dev/serial/by-path/pci-0000:05:00.3-usb-0:2.1.1:1.0-port0
1790755876.6317,B,519,31884,-69,/dev/serial/by-path/pci-0000:05:00.3-usb-0:2.1.2:1.0-port0
1790755876.6322,C,510,31883,-71,/dev/serial/by-path/pci-0000:05:00.3-usb-0:2.1.3:1.0-port0
1790755876.6323,A,496,31888,-73,/dev/serial/by-path/pci-0000:05:00.3-usb-0:2.1.1:1.0-port0
1790755876.6736,C,511,31924,-71,/dev/serial/by-path/pci-0000:05:00.3-usb-0:2.1.3:1.0-port0
1790755876.6740,A,497,31929,-74,/dev/serial/by-path/pci-0000:05:00.3-usb-0:2.1.1:1.0-port0
1790755876.6775,B,520,31929,-68,/dev/serial/by-path/pci-0000:05:00.3-usb-0:2.1.2:1.0-port0
1790755876.7185,A,498,31974,-86,/dev/serial/by-path/pci-0000:05:00.3-usb-0:2.1.1:1.0-port0
1790755876.7189,C,512,31969,-75,/dev/serial/by-path/pci-0000:05:00.3-usb-0:2.1.3:1.0-port0
1790755876.7596,B,521,32013,-70,/dev/serial/by-path/pci-0000:05:00.3-usb-0:2.1.2:1.0-port0
1790755876.7692,C,513,32020,-76,/dev/serial/by-path/pci-0000:05:00.3-usb-0:2.1.3:1.0-port0
1790755876.7758,A,499,32031,-74,/dev/serial/by-path/pci-0000:05:00.3-usb-0:2.1.1:1.0-port0
1790755876.8585,B,522,32110,-69,/dev/serial/by-path/pci-0000:05:00.3-usb-0:2.1.2:1.0-port0
1790755876.8586,A,500,32114,-79,/dev/serial/by-path/pci-0000:05:00.3-usb-0:2.1.1:1.0-port0
1790755876.8595,C,514,32111,-72,/dev/serial/by-path/pci-0000:05:00.3-usb-0:2.1.3:1.0-port0
1790755876.8987,B,523,32151,-70,/dev/serial/by-path/pci-0000:05:00.3-usb-0:2.1.2:1.0-port0
1790755876.9254,A,501,32181,-75,/dev/serial/by-path/pci-0000:05:00.3-usb-0:2.1.1:1.0-port0
1790755876.9268,C,515,32177,-72,/dev/serial/by-path/pci-0000:05:00.3-usb-0:2.1.3:1.0-port0
1790755876.9494,B,524,32201,-73,/dev/serial/by-path/pci-0000:05:00.3-usb-0:2.1.2:1.0-port0
1790755876.9497,C,516,32200,-73,/dev/serial/by-path/pci-0000:05:00.3-usb-0:2.1.3:1.0-port0
1790755876.9762,A,502,32232,-74,/dev/serial/by-path/pci-0000:05:00.3-usb-0:2.1.1:1.0-port0
1790755876.9985,B,525,32250,-70,/dev/serial/by-path/pci-0000:05:00.3-usb-0:2.1.2:1.0-port0
1790755876.9988,C,517,32249,-71,/dev/serial/by-path/pci-0000:05:00.3-usb-0:2.1.3:1.0-port0
1790755877.0080,A,503,32263,-78,/dev/serial/by-path/pci-0000:05:00.3-usb-0:2.1.1:1.0-port0
1790755877.0398,A,504,32295,-76,/dev/serial/by-path/pci-0000:05:00.3-usb-0:2.1.1:1.0-port0
1790755877.0461,B,526,32298,-72,/dev/serial/by-path/pci-0000:05:00.3-usb-0:2.1.2:1.0-port0
1790755877.0462,C,518,32297,-74,/dev/serial/by-path/pci-0000:05:00.3-usb-0:2.1.3:1.0-port0
1790755877.0907,C,519,32341,-73,/dev/serial/by-path/pci-0000:05:00.3-usb-0:2.1.3:1.0-port0
1790755877.0965,A,505,32352,-74,/dev/serial/by-path/pci-0000:05:00.3-usb-0:2.1.1:1.0-port0
1790755877.0966,B,527,32348,-74,/dev/serial/by-path/pci-0000:05:00.3-usb-0:2.1.2:1.0-port0
1790755877.1473,C,520,32398,-72,/dev/serial/by-path/pci-0000:05:00.3-usb-0:2.1.3:1.0-port0
1790755877.1474,B,528,32399,-72,/dev/serial/by-path/pci-0000:05:00.3-usb-0:2.1.2:1.0-port0
1790755877.1558,A,506,32411,-77,/dev/serial/by-path/pci-0000:05:00.3-usb-0:2.1.1:1.0-port0
1790755877.1874,B,529,32439,-74,/dev/serial/by-path/pci-0000:05:00.3-usb-0:2.1.2:1.0-port0
1790755877.2230,A,507,32478,-79,/dev/serial/by-path/pci-0000:05:00.3-usb-0:2.1.1:1.0-port0
1790755877.2271,C,521,32477,-81,/dev/serial/by-path/pci-0000:05:00.3-usb-0:2.1.3:1.0-port0
1790755877.2358,B,530,32487,-86,/dev/serial/by-path/pci-0000:05:00.3-usb-0:2.1.2:1.0-port0
1790755877.2646,B,531,32516,-85,/dev/serial/by-path/pci-0000:05:00.3-usb-0:2.1.2:1.0-port0
1790755877.2692,C,522,32520,-81,/dev/serial/by-path/pci-0000:05:00.3-usb-0:2.1.3:1.0-port0
1790755877.2755,A,508,32531,-77,/dev/serial/by-path/pci-0000:05:00.3-usb-0:2.1.1:1.0-port0
1790755877.3063,C,523,32557,-75,/dev/serial/by-path/pci-0000:05:00.3-usb-0:2.1.3:1.0-port0
1790755877.3177,B,532,32569,-70,/dev/serial/by-path/pci-0000:05:00.3-usb-0:2.1.2:1.0-port0
1790755877.3256,A,509,32581,-80,/dev/serial/by-path/pci-0000:05:00.3-usb-0:2.1.1:1.0-port0
1790755877.3612,B,533,32613,-75,/dev/serial/by-path/pci-0000:05:00.3-usb-0:2.1.2:1.0-port0
1790755877.3613,C,524,32612,-79,/dev/serial/by-path/pci-0000:05:00.3-usb-0:2.1.3:1.0-port0
1790755877.3635,A,510,32619,-78,/dev/serial/by-path/pci-0000:05:00.3-usb-0:2.1.1:1.0-port0
1790755877.3977,A,511,32653,-77,/dev/serial/by-path/pci-0000:05:00.3-usb-0:2.1.1:1.0-port0
1790755877.4150,C,525,32665,-79,/dev/serial/by-path/pci-0000:05:00.3-usb-0:2.1.3:1.0-port0
1790755877.4175,B,534,32669,-82,/dev/serial/by-path/pci-0000:05:00.3-usb-0:2.1.2:1.0-port0
1790755877.4483,C,526,32699,-72,/dev/serial/by-path/pci-0000:05:00.3-usb-0:2.1.3:1.0-port0
1790755877.4678,B,535,32719,-71,/dev/serial/by-path/pci-0000:05:00.3-usb-0:2.1.2:1.0-port0
1790755877.4731,A,512,32728,-78,/dev/serial/by-path/pci-0000:05:00.3-usb-0:2.1.1:1.0-port0
1790755877.4912,A,513,32747,-76,/dev/serial/by-path/pci-0000:05:00.3-usb-0:2.1.1:1.0-port0
1790755877.4946,C,527,32745,-78,/dev/serial/by-path/pci-0000:05:00.3-usb-0:2.1.3:1.0-port0
1790755877.4951,B,536,32747,-74,/dev/serial/by-path/pci-0000:05:00.3-usb-0:2.1.2:1.0-port0
1790755877.5326,B,537,32784,-77,/dev/serial/by-path/pci-0000:05:00.3-usb-0:2.1.2:1.0-port0
1790755877.5455,A,514,32801,-76,/dev/serial/by-path/pci-0000:05:00.3-usb-0:2.1.1:1.0-port0
1790755877.5636,C,528,32814,-77,/dev/serial/by-path/pci-0000:05:00.3-usb-0:2.1.3:1.0-port0
1790755877.5791,B,538,32831,-72,/dev/serial/by-path/pci-0000:05:00.3-usb-0:2.1.2:1.0-port0
1790755877.6175,B,539,32869,-72,/dev/serial/by-path/pci-0000:05:00.3-usb-0:2.1.2:1.0-port0
1790755877.6184,A,515,32874,-79,/dev/serial/by-path/pci-0000:05:00.3-usb-0:2.1.1:1.0-port0
1790755877.6270,C,529,32877,-77,/dev/serial/by-path/pci-0000:05:00.3-usb-0:2.1.3:1.0-port0
1790755877.6639,B,540,32916,-75,/dev/serial/by-path/pci-0000:05:00.3-usb-0:2.1.2:1.0-port0
1790755877.6756,A,516,32931,-76,/dev/serial/by-path/pci-0000:05:00.3-usb-0:2.1.1:1.0-port0
1790755877.6772,C,530,32927,-79,/dev/serial/by-path/pci-0000:05:00.3-usb-0:2.1.3:1.0-port0
1790755877.7124,B,541,32964,-81,/dev/serial/by-path/pci-0000:05:00.3-usb-0:2.1.2:1.0-port0
1790755877.7199,C,531,32970,-77,/dev/serial/by-path/pci-0000:05:00.3-usb-0:2.1.3:1.0-port0
1790755877.7203,A,517,32976,-78,/dev/serial/by-path/pci-0000:05:00.3-usb-0:2.1.1:1.0-port0
1790755877.7676,B,542,33019,-72,/dev/serial/by-path/pci-0000:05:00.3-usb-0:2.1.2:1.0-port0
1790755877.7762,A,518,33031,-80,/dev/serial/by-path/pci-0000:05:00.3-usb-0:2.1.1:1.0-port0
1790755877.7766,C,532,33027,-76,/dev/serial/by-path/pci-0000:05:00.3-usb-0:2.1.3:1.0-port0
1790755877.8070,C,533,33057,-79,/dev/serial/by-path/pci-0000:05:00.3-usb-0:2.1.3:1.0-port0
1790755877.8073,A,519,33062,-77,/dev/serial/by-path/pci-0000:05:00.3-usb-0:2.1.1:1.0-port0
1790755877.8105,B,543,33062,-75,/dev/serial/by-path/pci-0000:05:00.3-usb-0:2.1.2:1.0-port0
1790755877.8513,C,534,33102,-77,/dev/serial/by-path/pci-0000:05:00.3-usb-0:2.1.3:1.0-port0
1790755877.8517,A,520,33107,-77,/dev/serial/by-path/pci-0000:05:00.3-usb-0:2.1.1:1.0-port0
1790755877.8595,B,544,33111,-82,/dev/serial/by-path/pci-0000:05:00.3-usb-0:2.1.2:1.0-port0
1790755877.8996,B,545,33151,-72,/dev/serial/by-path/pci-0000:05:00.3-usb-0:2.1.2:1.0-port0
1790755877.8997,A,521,33155,-78,/dev/serial/by-path/pci-0000:05:00.3-usb-0:2.1.1:1.0-port0
1790755877.9034,C,535,33154,-73,/dev/serial/by-path/pci-0000:05:00.3-usb-0:2.1.3:1.0-port0
1790755877.9465,B,546,33198,-75,/dev/serial/by-path/pci-0000:05:00.3-usb-0:2.1.2:1.0-port0
1790755877.9706,A,522,33226,-77,/dev/serial/by-path/pci-0000:05:00.3-usb-0:2.1.1:1.0-port0
1790755877.9710,C,536,33221,-77,/dev/serial/by-path/pci-0000:05:00.3-usb-0:2.1.3:1.0-port0
1790755877.9928,A,523,33248,-76,/dev/serial/by-path/pci-0000:05:00.3-usb-0:2.1.1:1.0-port0
1790755878.0026,C,537,33253,-76,/dev/serial/by-path/pci-0000:05:00.3-usb-0:2.1.3:1.0-port0
1790755878.0030,B,547,33255,-80,/dev/serial/by-path/pci-0000:05:00.3-usb-0:2.1.2:1.0-port0
1790755878.0501,A,524,33305,-78,/dev/serial/by-path/pci-0000:05:00.3-usb-0:2.1.1:1.0-port0
1790755878.0504,B,548,33302,-73,/dev/serial/by-path/pci-0000:05:00.3-usb-0:2.1.2:1.0-port0
1790755878.0505,C,538,33300,-74,/dev/serial/by-path/pci-0000:05:00.3-usb-0:2.1.3:1.0-port0
1790755878.0914,C,539,33342,-75,/dev/serial/by-path/pci-0000:05:00.3-usb-0:2.1.3:1.0-port0
1790755878.0923,A,525,33348,-76,/dev/serial/by-path/pci-0000:05:00.3-usb-0:2.1.1:1.0-port0
1790755878.0988,B,549,33350,-74,/dev/serial/by-path/pci-0000:05:00.3-usb-0:2.1.2:1.0-port0
1790755878.2023,C,540,33453,-74,/dev/serial/by-path/pci-0000:05:00.3-usb-0:2.1.3:1.0-port0
1790755878.2027,B,550,33455,-72,/dev/serial/by-path/pci-0000:05:00.3-usb-0:2.1.2:1.0-port0
1790755878.2030,A,526,33458,-81,/dev/serial/by-path/pci-0000:05:00.3-usb-0:2.1.1:1.0-port0
1790755878.2400,B,551,33492,-72,/dev/serial/by-path/pci-0000:05:00.3-usb-0:2.1.2:1.0-port0
1790755878.2402,A,527,33496,-75,/dev/serial/by-path/pci-0000:05:00.3-usb-0:2.1.1:1.0-port0
1790755878.2507,C,541,33501,-76,/dev/serial/by-path/pci-0000:05:00.3-usb-0:2.1.3:1.0-port0
1790755878.2860,C,542,33536,-76,/dev/serial/by-path/pci-0000:05:00.3-usb-0:2.1.3:1.0-port0
1790755878.2944,B,552,33546,-75,/dev/serial/by-path/pci-0000:05:00.3-usb-0:2.1.2:1.0-port0
1790755878.2948,A,528,33550,-76,/dev/serial/by-path/pci-0000:05:00.3-usb-0:2.1.1:1.0-port0
1790755878.3502,B,553,33602,-72,/dev/serial/by-path/pci-0000:05:00.3-usb-0:2.1.2:1.0-port0
1790755878.3727,B,554,33624,-72,/dev/serial/by-path/pci-0000:05:00.3-usb-0:2.1.2:1.0-port0
1790755878.4144,C,543,33665,-75,/dev/serial/by-path/pci-0000:05:00.3-usb-0:2.1.3:1.0-port0
1790755878.4147,B,555,33666,-72,/dev/serial/by-path/pci-0000:05:00.3-usb-0:2.1.2:1.0-port0
1790755878.4257,A,529,33681,-73,/dev/serial/by-path/pci-0000:05:00.3-usb-0:2.1.1:1.0-port0
1790755878.5114,C,544,33762,-73,/dev/serial/by-path/pci-0000:05:00.3-usb-0:2.1.3:1.0-port0
1790755878.5174,B,556,33769,-71,/dev/serial/by-path/pci-0000:05:00.3-usb-0:2.1.2:1.0-port0
1790755878.5214,A,530,33777,-80,/dev/serial/by-path/pci-0000:05:00.3-usb-0:2.1.1:1.0-port0
1790755878.5677,B,557,33819,-71,/dev/serial/by-path/pci-0000:05:00.3-usb-0:2.1.2:1.0-port0
1790755878.5757,A,531,33831,-73,/dev/serial/by-path/pci-0000:05:00.3-usb-0:2.1.1:1.0-port0
1790755878.5767,C,545,33827,-75,/dev/serial/by-path/pci-0000:05:00.3-usb-0:2.1.3:1.0-port0
1790755878.6040,A,532,33859,-74,/dev/serial/by-path/pci-0000:05:00.3-usb-0:2.1.1:1.0-port0
1790755878.6042,C,546,33854,-72,/dev/serial/by-path/pci-0000:05:00.3-usb-0:2.1.3:1.0-port0
1790755878.6101,B,558,33862,-70,/dev/serial/by-path/pci-0000:05:00.3-usb-0:2.1.2:1.0-port0
1790755878.6431,C,547,33894,-80,/dev/serial/by-path/pci-0000:05:00.3-usb-0:2.1.3:1.0-port0
1790755878.6680,B,559,33919,-69,/dev/serial/by-path/pci-0000:05:00.3-usb-0:2.1.2:1.0-port0
1790755878.6755,A,533,33931,-79,/dev/serial/by-path/pci-0000:05:00.3-usb-0:2.1.1:1.0-port0
1790755878.7034,B,560,33955,-69,/dev/serial/by-path/pci-0000:05:00.3-usb-0:2.1.2:1.0-port0
1790755878.7188,C,548,33969,-77,/dev/serial/by-path/pci-0000:05:00.3-usb-0:2.1.3:1.0-port0
1790755878.7253,A,534,33981,-73,/dev/serial/by-path/pci-0000:05:00.3-usb-0:2.1.1:1.0-port0
1790755878.7380,C,549,33988,-75,/dev/serial/by-path/pci-0000:05:00.3-usb-0:2.1.3:1.0-port0
1790755878.7384,B,561,33990,-67,/dev/serial/by-path/pci-0000:05:00.3-usb-0:2.1.2:1.0-port0
1790755878.7691,A,535,34024,-75,/dev/serial/by-path/pci-0000:05:00.3-usb-0:2.1.1:1.0-port0
1790755878.7763,A,536,34032,-76,/dev/serial/by-path/pci-0000:05:00.3-usb-0:2.1.1:1.0-port0
1790755878.7766,C,550,34027,-75,/dev/serial/by-path/pci-0000:05:00.3-usb-0:2.1.3:1.0-port0
1790755878.7967,B,562,34048,-73,/dev/serial/by-path/pci-0000:05:00.3-usb-0:2.1.2:1.0-port0
1790755878.8220,C,551,34073,-81,/dev/serial/by-path/pci-0000:05:00.3-usb-0:2.1.3:1.0-port0
1790755878.8224,A,537,34078,-80,/dev/serial/by-path/pci-0000:05:00.3-usb-0:2.1.1:1.0-port0
1790755878.8659,B,563,34118,-67,/dev/serial/by-path/pci-0000:05:00.3-usb-0:2.1.2:1.0-port0
1790755878.8757,A,538,34131,-76,/dev/serial/by-path/pci-0000:05:00.3-usb-0:2.1.1:1.0-port0
1790755878.8767,C,552,34127,-81,/dev/serial/by-path/pci-0000:05:00.3-usb-0:2.1.3:1.0-port0
1790755878.9087,A,539,34164,-74,/dev/serial/by-path/pci-0000:05:00.3-usb-0:2.1.1:1.0-port0
1790755878.9179,B,564,34169,-67,/dev/serial/by-path/pci-0000:05:00.3-usb-0:2.1.2:1.0-port0
1790755878.9279,C,553,34177,-81,/dev/serial/by-path/pci-0000:05:00.3-usb-0:2.1.3:1.0-port0
1790755878.9984,B,565,34250,-68,/dev/serial/by-path/pci-0000:05:00.3-usb-0:2.1.2:1.0-port0
1790755878.9985,C,554,34249,-81,/dev/serial/by-path/pci-0000:05:00.3-usb-0:2.1.3:1.0-port0
1790755878.9989,A,540,34254,-76,/dev/serial/by-path/pci-0000:05:00.3-usb-0:2.1.1:1.0-port0
1790755879.0518,C,555,34302,-81,/dev/serial/by-path/pci-0000:05:00.3-usb-0:2.1.3:1.0-port0
1790755879.0520,B,566,34304,-66,/dev/serial/by-path/pci-0000:05:00.3-usb-0:2.1.2:1.0-port0
1790755879.0676,A,541,34323,-76,/dev/serial/by-path/pci-0000:05:00.3-usb-0:2.1.1:1.0-port0
1790755879.1178,B,567,34369,-77,/dev/serial/by-path/pci-0000:05:00.3-usb-0:2.1.2:1.0-port0
1790755879.1255,A,542,34381,-81,/dev/serial/by-path/pci-0000:05:00.3-usb-0:2.1.1:1.0-port0
1790755879.1351,B,568,34387,-68,/dev/serial/by-path/pci-0000:05:00.3-usb-0:2.1.2:1.0-port0
1790755879.1475,C,556,34398,-78,/dev/serial/by-path/pci-0000:05:00.3-usb-0:2.1.3:1.0-port0
1790755879.1478,A,543,34403,-76,/dev/serial/by-path/pci-0000:05:00.3-usb-0:2.1.1:1.0-port0
1790755879.1838,C,557,34434,-81,/dev/serial/by-path/pci-0000:05:00.3-usb-0:2.1.3:1.0-port0
1790755879.1840,B,569,34435,-67,/dev/serial/by-path/pci-0000:05:00.3-usb-0:2.1.2:1.0-port0
1790755879.2174,A,544,34473,-74,/dev/serial/by-path/pci-0000:05:00.3-usb-0:2.1.1:1.0-port0
1790755879.2214,C,558,34472,-80,/dev/serial/by-path/pci-0000:05:00.3-usb-0:2.1.3:1.0-port0
1790755879.2259,A,545,34481,-74,/dev/serial/by-path/pci-0000:05:00.3-usb-0:2.1.1:1.0-port0
1790755879.2517,B,570,34503,-78,/dev/serial/by-path/pci-0000:05:00.3-usb-0:2.1.2:1.0-port0
1790755879.2683,C,559,34519,-77,/dev/serial/by-path/pci-0000:05:00.3-usb-0:2.1.3:1.0-port0
1790755879.2686,A,546,34524,-85,/dev/serial/by-path/pci-0000:05:00.3-usb-0:2.1.1:1.0-port0
1790755879.3084,B,571,34560,-68,/dev/serial/by-path/pci-0000:05:00.3-usb-0:2.1.2:1.0-port0
1790755879.3102,A,547,34565,-76,/dev/serial/by-path/pci-0000:05:00.3-usb-0:2.1.1:1.0-port0
1790755879.3105,C,560,34561,-79,/dev/serial/by-path/pci-0000:05:00.3-usb-0:2.1.3:1.0-port0
1790755879.3490,B,572,34601,-66,/dev/serial/by-path/pci-0000:05:00.3-usb-0:2.1.2:1.0-port0
1790755879.3494,C,561,34599,-78,/dev/serial/by-path/pci-0000:05:00.3-usb-0:2.1.3:1.0-port0
1790755879.3524,A,548,34607,-75,/dev/serial/by-path/pci-0000:05:00.3-usb-0:2.1.1:1.0-port0
1790755879.4093,C,562,34660,-82,/dev/serial/by-path/pci-0000:05:00.3-usb-0:2.1.3:1.0-port0
1790755879.4178,B,573,34669,-76,/dev/serial/by-path/pci-0000:05:00.3-usb-0:2.1.2:1.0-port0
1790755879.4257,A,549,34681,-84,/dev/serial/by-path/pci-0000:05:00.3-usb-0:2.1.1:1.0-port0
1790755879.4410,B,574,34693,-67,/dev/serial/by-path/pci-0000:05:00.3-usb-0:2.1.2:1.0-port0
1790755879.4539,A,550,34709,-76,/dev/serial/by-path/pci-0000:05:00.3-usb-0:2.1.1:1.0-port0
1790755879.4542,C,563,34704,-75,/dev/serial/by-path/pci-0000:05:00.3-usb-0:2.1.3:1.0-port0
1790755879.4819,B,575,34734,-65,/dev/serial/by-path/pci-0000:05:00.3-usb-0:2.1.2:1.0-port0
1790755879.5057,C,564,34756,-79,/dev/serial/by-path/pci-0000:05:00.3-usb-0:2.1.3:1.0-port0
1790755879.5256,A,551,34781,-74,/dev/serial/by-path/pci-0000:05:00.3-usb-0:2.1.1:1.0-port0
1790755879.5356,C,565,34786,-79,/dev/serial/by-path/pci-0000:05:00.3-usb-0:2.1.3:1.0-port0
1790755879.5457,B,576,34797,-76,/dev/serial/by-path/pci-0000:05:00.3-usb-0:2.1.2:1.0-port0
1790755879.5724,C,566,34823,-74,/dev/serial/by-path/pci-0000:05:00.3-usb-0:2.1.3:1.0-port0
1790755879.6126,C,567,34863,-76,/dev/serial/by-path/pci-0000:05:00.3-usb-0:2.1.3:1.0-port0
1790755879.6129,B,577,34865,-67,/dev/serial/by-path/pci-0000:05:00.3-usb-0:2.1.2:1.0-port0
1790755879.6133,A,552,34868,-75,/dev/serial/by-path/pci-0000:05:00.3-usb-0:2.1.1:1.0-port0
1790755879.6574,B,578,34909,-67,/dev/serial/by-path/pci-0000:05:00.3-usb-0:2.1.2:1.0-port0
1790755879.6576,A,553,34913,-74,/dev/serial/by-path/pci-0000:05:00.3-usb-0:2.1.1:1.0-port0
1790755879.6578,C,568,34908,-83,/dev/serial/by-path/pci-0000:05:00.3-usb-0:2.1.3:1.0-port0
1790755879.7075,C,569,34958,-79,/dev/serial/by-path/pci-0000:05:00.3-usb-0:2.1.3:1.0-port0
1790755879.7079,B,579,34959,-76,/dev/serial/by-path/pci-0000:05:00.3-usb-0:2.1.2:1.0-port0
1790755879.7493,B,580,35001,-68,/dev/serial/by-path/pci-0000:05:00.3-usb-0:2.1.2:1.0-port0
1790755879.7495,C,570,34999,-76,/dev/serial/by-path/pci-0000:05:00.3-usb-0:2.1.3:1.0-port0
1790755879.7497,A,554,35004,-77,/dev/serial/by-path/pci-0000:05:00.3-usb-0:2.1.1:1.0-port0
1790755879.7936,B,581,35046,-66,/dev/serial/by-path/pci-0000:05:00.3-usb-0:2.1.2:1.0-port0
1790755879.7940,C,571,35045,-81,/dev/serial/by-path/pci-0000:05:00.3-usb-0:2.1.3:1.0-port0
1790755879.7943,A,555,35050,-75,/dev/serial/by-path/pci-0000:05:00.3-usb-0:2.1.1:1.0-port0
1790755879.8414,B,582,35093,-79,/dev/serial/by-path/pci-0000:05:00.3-usb-0:2.1.2:1.0-port0
1790755879.8415,C,572,35092,-80,/dev/serial/by-path/pci-0000:05:00.3-usb-0:2.1.3:1.0-port0
1790755879.8895,B,583,35142,-69,/dev/serial/by-path/pci-0000:05:00.3-usb-0:2.1.2:1.0-port0
1790755879.8898,C,573,35140,-78,/dev/serial/by-path/pci-0000:05:00.3-usb-0:2.1.3:1.0-port0
1790755879.8901,A,556,35145,-77,/dev/serial/by-path/pci-0000:05:00.3-usb-0:2.1.1:1.0-port0
1790755879.9806,B,584,35232,-82,/dev/serial/by-path/pci-0000:05:00.3-usb-0:2.1.2:1.0-port0
1790755879.9896,C,574,35240,-82,/dev/serial/by-path/pci-0000:05:00.3-usb-0:2.1.3:1.0-port0
1790755880.0206,C,575,35271,-82,/dev/serial/by-path/pci-0000:05:00.3-usb-0:2.1.3:1.0-port0
1790755880.0652,B,585,35317,-69,/dev/serial/by-path/pci-0000:05:00.3-usb-0:2.1.2:1.0-port0
1790755880.0756,A,557,35331,-77,/dev/serial/by-path/pci-0000:05:00.3-usb-0:2.1.1:1.0-port0
1790755880.0771,C,576,35327,-79,/dev/serial/by-path/pci-0000:05:00.3-usb-0:2.1.3:1.0-port0
1790755880.1133,A,558,35369,-76,/dev/serial/by-path/pci-0000:05:00.3-usb-0:2.1.1:1.0-port0
1790755880.1137,B,586,35365,-67,/dev/serial/by-path/pci-0000:05:00.3-usb-0:2.1.2:1.0-port0
1790755880.1271,C,577,35377,-81,/dev/serial/by-path/pci-0000:05:00.3-usb-0:2.1.3:1.0-port0
1790755880.1596,C,578,35410,-86,/dev/serial/by-path/pci-0000:05:00.3-usb-0:2.1.3:1.0-port0
1790755880.1684,B,587,35420,-82,/dev/serial/by-path/pci-0000:05:00.3-usb-0:2.1.2:1.0-port0
1790755880.1753,A,559,35431,-93,/dev/serial/by-path/pci-0000:05:00.3-usb-0:2.1.1:1.0-port0
1790755880.2036,C,579,35454,-77,/dev/serial/by-path/pci-0000:05:00.3-usb-0:2.1.3:1.0-port0
1790755880.2038,B,588,35455,-69,/dev/serial/by-path/pci-0000:05:00.3-usb-0:2.1.2:1.0-port0
1790755880.2041,A,560,35459,-77,/dev/serial/by-path/pci-0000:05:00.3-usb-0:2.1.1:1.0-port0
1790755880.2472,B,589,35499,-67,/dev/serial/by-path/pci-0000:05:00.3-usb-0:2.1.2:1.0-port0
1790755880.2475,C,580,35498,-86,/dev/serial/by-path/pci-0000:05:00.3-usb-0:2.1.3:1.0-port0
1790755880.2478,A,561,35503,-75,/dev/serial/by-path/pci-0000:05:00.3-usb-0:2.1.1:1.0-port0
1790755880.2980,C,581,35548,-83,/dev/serial/by-path/pci-0000:05:00.3-usb-0:2.1.3:1.0-port0
1790755880.3176,B,590,35569,-83,/dev/serial/by-path/pci-0000:05:00.3-usb-0:2.1.2:1.0-port0
1790755880.3417,B,591,35593,-68,/dev/serial/by-path/pci-0000:05:00.3-usb-0:2.1.2:1.0-port0
1790755880.3448,C,582,35595,-77,/dev/serial/by-path/pci-0000:05:00.3-usb-0:2.1.3:1.0-port0
1790755880.3524,A,562,35607,-77,/dev/serial/by-path/pci-0000:05:00.3-usb-0:2.1.1:1.0-port0
1790755880.3954,C,583,35646,-90,/dev/serial/by-path/pci-0000:05:00.3-usb-0:2.1.3:1.0-port0
1790755880.3957,B,592,35647,-66,/dev/serial/by-path/pci-0000:05:00.3-usb-0:2.1.2:1.0-port0
1790755880.3960,A,563,35651,-75,/dev/serial/by-path/pci-0000:05:00.3-usb-0:2.1.1:1.0-port0
1790755880.4732,A,564,35728,-90,/dev/serial/by-path/pci-0000:05:00.3-usb-0:2.1.1:1.0-port0
1790755880.4771,C,584,35727,-91,/dev/serial/by-path/pci-0000:05:00.3-usb-0:2.1.3:1.0-port0
1790755880.4912,B,593,35743,-69,/dev/serial/by-path/pci-0000:05:00.3-usb-0:2.1.2:1.0-port0
1790755880.5178,B,594,35770,-68,/dev/serial/by-path/pci-0000:05:00.3-usb-0:2.1.2:1.0-port0
1790755880.5186,A,565,35774,-78,/dev/serial/by-path/pci-0000:05:00.3-usb-0:2.1.1:1.0-port0
1790755880.5256,C,585,35776,-78,/dev/serial/by-path/pci-0000:05:00.3-usb-0:2.1.3:1.0-port0
1790755880.6163,A,566,35872,-91,/dev/serial/by-path/pci-0000:05:00.3-usb-0:2.1.1:1.0-port0
1790755880.6164,B,595,35868,-81,/dev/serial/by-path/pci-0000:05:00.3-usb-0:2.1.2:1.0-port0
1790755880.6268,C,586,35877,-90,/dev/serial/by-path/pci-0000:05:00.3-usb-0:2.1.3:1.0-port0
1790755880.6638,A,567,35919,-79,/dev/serial/by-path/pci-0000:05:00.3-usb-0:2.1.1:1.0-port0
1790755880.6678,B,596,35919,-68,/dev/serial/by-path/pci-0000:05:00.3-usb-0:2.1.2:1.0-port0
1790755880.6767,C,587,35927,-77,/dev/serial/by-path/pci-0000:05:00.3-usb-0:2.1.3:1.0-port0
1790755880.7553,B,597,36007,-81,/dev/serial/by-path/pci-0000:05:00.3-usb-0:2.1.2:1.0-port0
1790755880.7681,C,588,36019,-89,/dev/serial/by-path/pci-0000:05:00.3-usb-0:2.1.3:1.0-port0
1790755880.7933,B,598,36046,-68,/dev/serial/by-path/pci-0000:05:00.3-usb-0:2.1.2:1.0-port0
1790755880.8107,C,589,36061,-76,/dev/serial/by-path/pci-0000:05:00.3-usb-0:2.1.3:1.0-port0
1790755880.8111,A,568,36066,-78,/dev/serial/by-path/pci-0000:05:00.3-usb-0:2.1.1:1.0-port0
1790755880.8370,B,599,36089,-66,/dev/serial/by-path/pci-0000:05:00.3-usb-0:2.1.2:1.0-port0
1790755880.8374,A,569,36092,-76,/dev/serial/by-path/pci-0000:05:00.3-usb-0:2.1.1:1.0-port0
1790755880.8978,B,600,36149,-81,/dev/serial/by-path/pci-0000:05:00.3-usb-0:2.1.2:1.0-port0
1790755880.8983,A,570,36154,-83,/dev/serial/by-path/pci-0000:05:00.3-usb-0:2.1.1:1.0-port0
1790755880.9115,C,590,36162,-91,/dev/serial/by-path/pci-0000:05:00.3-usb-0:2.1.3:1.0-port0
1790755880.9261,A,571,36181,-82,/dev/serial/by-path/pci-0000:05:00.3-usb-0:2.1.1:1.0-port0
1790755880.9409,B,601,36193,-68,/dev/serial/by-path/pci-0000:05:00.3-usb-0:2.1.2:1.0-port0
1790755880.9727,C,591,36223,-76,/dev/serial/by-path/pci-0000:05:00.3-usb-0:2.1.3:1.0-port0
1790755880.9730,A,572,36228,-78,/dev/serial/by-path/pci-0000:05:00.3-usb-0:2.1.1:1.0-port0
1790755880.9740,B,602,36226,-66,/dev/serial/by-path/pci-0000:05:00.3-usb-0:2.1.2:1.0-port0
1790755881.0227,A,573,36278,-74,/dev/serial/by-path/pci-0000:05:00.3-usb-0:2.1.1:1.0-port0
1790755881.0230,C,592,36273,-88,/dev/serial/by-path/pci-0000:05:00.3-usb-0:2.1.3:1.0-port0
1790755881.0233,B,603,36275,-83,/dev/serial/by-path/pci-0000:05:00.3-usb-0:2.1.2:1.0-port0
1790755881.1256,A,574,36381,-77,/dev/serial/by-path/pci-0000:05:00.3-usb-0:2.1.1:1.0-port0
1790755881.1261,C,593,36377,-76,/dev/serial/by-path/pci-0000:05:00.3-usb-0:2.1.3:1.0-port0
1790755881.2016,C,594,36452,-88,/dev/serial/by-path/pci-0000:05:00.3-usb-0:2.1.3:1.0-port0
1790755881.2018,B,604,36453,-85,/dev/serial/by-path/pci-0000:05:00.3-usb-0:2.1.2:1.0-port0
1790755881.2022,A,575,36456,-87,/dev/serial/by-path/pci-0000:05:00.3-usb-0:2.1.1:1.0-port0
1790755881.2454,A,576,36501,-78,/dev/serial/by-path/pci-0000:05:00.3-usb-0:2.1.1:1.0-port0
1790755881.2459,C,595,36496,-77,/dev/serial/by-path/pci-0000:05:00.3-usb-0:2.1.3:1.0-port0
1790755881.2462,B,605,36497,-68,/dev/serial/by-path/pci-0000:05:00.3-usb-0:2.1.2:1.0-port0
1790755881.2929,A,577,36548,-74,/dev/serial/by-path/pci-0000:05:00.3-usb-0:2.1.1:1.0-port0
1790755881.2932,B,606,36544,-66,/dev/serial/by-path/pci-0000:05:00.3-usb-0:2.1.2:1.0-port0
1790755881.3444,A,578,36600,-84,/dev/serial/by-path/pci-0000:05:00.3-usb-0:2.1.1:1.0-port0
1790755881.3448,B,607,36596,-86,/dev/serial/by-path/pci-0000:05:00.3-usb-0:2.1.2:1.0-port0
1790755881.3819,B,608,36634,-68,/dev/serial/by-path/pci-0000:05:00.3-usb-0:2.1.2:1.0-port0
1790755881.4182,C,596,36668,-77,/dev/serial/by-path/pci-0000:05:00.3-usb-0:2.1.3:1.0-port0
1790755881.4243,A,579,36680,-77,/dev/serial/by-path/pci-0000:05:00.3-usb-0:2.1.1:1.0-port0
1790755881.4267,C,597,36677,-77,/dev/serial/by-path/pci-0000:05:00.3-usb-0:2.1.3:1.0-port0
1790755881.4270,A,580,36680,-77,/dev/serial/by-path/pci-0000:05:00.3-usb-0:2.1.1:1.0-port0
1790755881.4507,B,609,36702,-66,/dev/serial/by-path/pci-0000:05:00.3-usb-0:2.1.2:1.0-port0
1790755881.4735,C,598,36724,-91,/dev/serial/by-path/pci-0000:05:00.3-usb-0:2.1.3:1.0-port0
1790755881.4740,A,581,36728,-73,/dev/serial/by-path/pci-0000:05:00.3-usb-0:2.1.1:1.0-port0
1790755881.4744,B,610,36725,-82,/dev/serial/by-path/pci-0000:05:00.3-usb-0:2.1.2:1.0-port0
1790755881.5155,B,611,36767,-87,/dev/serial/by-path/pci-0000:05:00.3-usb-0:2.1.2:1.0-port0
1790755881.5259,A,582,36781,-86,/dev/serial/by-path/pci-0000:05:00.3-usb-0:2.1.1:1.0-port0
1790755881.5267,C,599,36777,-89,/dev/serial/by-path/pci-0000:05:00.3-usb-0:2.1.3:1.0-port0
1790755881.5574,B,612,36809,-69,/dev/serial/by-path/pci-0000:05:00.3-usb-0:2.1.2:1.0-port0
1790755881.5751,C,600,36825,-78,/dev/serial/by-path/pci-0000:05:00.3-usb-0:2.1.3:1.0-port0
1790755881.5757,A,583,36831,-77,/dev/serial/by-path/pci-0000:05:00.3-usb-0:2.1.1:1.0-port0
1790755881.6063,A,584,36861,-73,/dev/serial/by-path/pci-0000:05:00.3-usb-0:2.1.1:1.0-port0
1790755881.6064,B,613,36858,-65,/dev/serial/by-path/pci-0000:05:00.3-usb-0:2.1.2:1.0-port0
1790755881.6606,B,614,36912,-80,/dev/serial/by-path/pci-0000:05:00.3-usb-0:2.1.2:1.0-port0
1790755881.6610,C,601,36911,-90,/dev/serial/by-path/pci-0000:05:00.3-usb-0:2.1.3:1.0-port0
1790755881.6612,A,585,36916,-84,/dev/serial/by-path/pci-0000:05:00.3-usb-0:2.1.1:1.0-port0
1790755881.6998,B,615,36952,-68,/dev/serial/by-path/pci-0000:05:00.3-usb-0:2.1.2:1.0-port0
1790755881.7246,C,602,36975,-83,/dev/serial/by-path/pci-0000:05:00.3-usb-0:2.1.3:1.0-port0
1790755881.7264,A,586,36981,-76,/dev/serial/by-path/pci-0000:05:00.3-usb-0:2.1.1:1.0-port0
1790755881.7580,A,587,37013,-73,/dev/serial/by-path/pci-0000:05:00.3-usb-0:2.1.1:1.0-port0
1790755881.7670,C,603,37017,-91,/dev/serial/by-path/pci-0000:05:00.3-usb-0:2.1.3:1.0-port0
1790755881.7672,B,616,37019,-65,/dev/serial/by-path/pci-0000:05:00.3-usb-0:2.1.2:1.0-port0
1790755881.7892,B,617,37041,-79,/dev/serial/by-path/pci-0000:05:00.3-usb-0:2.1.2:1.0-port0
1790755881.7896,C,604,37040,-83,/dev/serial/by-path/pci-0000:05:00.3-usb-0:2.1.3:1.0-port0
1790755881.8094,A,588,37064,-85,/dev/serial/by-path/pci-0000:05:00.3-usb-0:2.1.1:1.0-port0
1790755881.8360,B,618,37088,-68,/dev/serial/by-path/pci-0000:05:00.3-usb-0:2.1.2:1.0-port0
1790755881.8364,C,605,37087,-85,/dev/serial/by-path/pci-0000:05:00.3-usb-0:2.1.3:1.0-port0
1790755881.8367,A,589,37092,-76,/dev/serial/by-path/pci-0000:05:00.3-usb-0:2.1.1:1.0-port0
1790755881.8844,C,606,37135,-92,/dev/serial/by-path/pci-0000:05:00.3-usb-0:2.1.3:1.0-port0
1790755881.8848,A,590,37139,-72,/dev/serial/by-path/pci-0000:05:00.3-usb-0:2.1.1:1.0-port0
1790755881.8945,B,619,37146,-65,/dev/serial/by-path/pci-0000:05:00.3-usb-0:2.1.2:1.0-port0
1790755881.9265,A,591,37182,-72,/dev/serial/by-path/pci-0000:05:00.3-usb-0:2.1.1:1.0-port0
1790755881.9270,B,620,37178,-74,/dev/serial/by-path/pci-0000:05:00.3-usb-0:2.1.2:1.0-port0
1790755881.9762,C,607,37227,-81,/dev/serial/by-path/pci-0000:05:00.3-usb-0:2.1.3:1.0-port0
1790755881.9880,B,621,37239,-69,/dev/serial/by-path/pci-0000:05:00.3-usb-0:2.1.2:1.0-port0
1790755882.0274,C,608,37277,-77,/dev/serial/by-path/pci-0000:05:00.3-usb-0:2.1.3:1.0-port0
1790755882.0617,B,622,37313,-66,/dev/serial/by-path/pci-0000:05:00.3-usb-0:2.1.2:1.0-port0
1790755882.0718,C,609,37322,-82,/dev/serial/by-path/pci-0000:05:00.3-usb-0:2.1.3:1.0-port0
1790755882.0722,A,592,37327,-76,/dev/serial/by-path/pci-0000:05:00.3-usb-0:2.1.1:1.0-port0
1790755882.1038,B,623,37355,-72,/dev/serial/by-path/pci-0000:05:00.3-usb-0:2.1.2:1.0-port0
1790755882.1271,C,610,37377,-76,/dev/serial/by-path/pci-0000:05:00.3-usb-0:2.1.3:1.0-port0
1790755882.1430,C,611,37393,-77,/dev/serial/by-path/pci-0000:05:00.3-usb-0:2.1.3:1.0-port0
1790755882.1434,A,593,37398,-73,/dev/serial/by-path/pci-0000:05:00.3-usb-0:2.1.1:1.0-port0
1790755882.1487,B,624,37401,-71,/dev/serial/by-path/pci-0000:05:00.3-usb-0:2.1.2:1.0-port0
1790755882.1851,B,625,37437,-66,/dev/serial/by-path/pci-0000:05:00.3-usb-0:2.1.2:1.0-port0
1790755882.1856,A,594,37440,-75,/dev/serial/by-path/pci-0000:05:00.3-usb-0:2.1.1:1.0-port0
1790755882.1973,C,612,37447,-75,/dev/serial/by-path/pci-0000:05:00.3-usb-0:2.1.3:1.0-port0
1790755882.2466,C,613,37497,-76,/dev/serial/by-path/pci-0000:05:00.3-usb-0:2.1.3:1.0-port0
1790755882.2680,B,626,37519,-73,/dev/serial/by-path/pci-0000:05:00.3-usb-0:2.1.2:1.0-port0
1790755882.2727,A,595,37528,-86,/dev/serial/by-path/pci-0000:05:00.3-usb-0:2.1.1:1.0-port0
1790755882.2752,C,614,37525,-77,/dev/serial/by-path/pci-0000:05:00.3-usb-0:2.1.3:1.0-port0
1790755882.2753,B,627,37526,-72,/dev/serial/by-path/pci-0000:05:00.3-usb-0:2.1.2:1.0-port0
1790755882.2756,A,596,37529,-88,/dev/serial/by-path/pci-0000:05:00.3-usb-0:2.1.1:1.0-port0
1790755882.3177,B,628,37569,-72,/dev/serial/by-path/pci-0000:05:00.3-usb-0:2.1.2:1.0-port0
1790755882.3179,A,597,37573,-72,/dev/serial/by-path/pci-0000:05:00.3-usb-0:2.1.1:1.0-port0
1790755882.3271,C,615,37577,-72,/dev/serial/by-path/pci-0000:05:00.3-usb-0:2.1.3:1.0-port0
1790755882.3758,A,598,37631,-75,/dev/serial/by-path/pci-0000:05:00.3-usb-0:2.1.1:1.0-port0
1790755882.4084,C,616,37659,-77,/dev/serial/by-path/pci-0000:05:00.3-usb-0:2.1.3:1.0-port0
1790755882.4089,A,599,37663,-84,/dev/serial/by-path/pci-0000:05:00.3-usb-0:2.1.1:1.0-port0
1790755882.4180,B,629,37669,-73,/dev/serial/by-path/pci-0000:05:00.3-usb-0:2.1.2:1.0-port0
1790755882.4521,B,630,37704,-72,/dev/serial/by-path/pci-0000:05:00.3-usb-0:2.1.2:1.0-port0
1790755882.4549,C,617,37706,-78,/dev/serial/by-path/pci-0000:05:00.3-usb-0:2.1.3:1.0-port0
1790755882.4567,A,600,37712,-73,/dev/serial/by-path/pci-0000:05:00.3-usb-0:2.1.1:1.0-port0
1790755882.4938,C,618,37744,-71,/dev/serial/by-path/pci-0000:05:00.3-usb-0:2.1.3:1.0-port0
1790755882.4943,B,631,37745,-68,/dev/serial/by-path/pci-0000:05:00.3-usb-0:2.1.2:1.0-port0
1790755882.4945,A,601,37749,-76,/dev/serial/by-path/pci-0000:05:00.3-usb-0:2.1.1:1.0-port0
1790755882.5407,B,632,37792,-72,/dev/serial/by-path/pci-0000:05:00.3-usb-0:2.1.2:1.0-port0
1790755882.5408,C,619,37791,-75,/dev/serial/by-path/pci-0000:05:00.3-usb-0:2.1.3:1.0-port0
1790755882.5468,A,602,37802,-75,/dev/serial/by-path/pci-0000:05:00.3-usb-0:2.1.1:1.0-port0
1790755882.5971,C,620,37847,-76,/dev/serial/by-path/pci-0000:05:00.3-usb-0:2.1.3:1.0-port0
1790755882.5976,A,603,37853,-76,/dev/serial/by-path/pci-0000:05:00.3-usb-0:2.1.1:1.0-port0
1790755882.5977,B,633,37849,-67,/dev/serial/by-path/pci-0000:05:00.3-usb-0:2.1.2:1.0-port0
1790755882.6334,A,604,37889,-74,/dev/serial/by-path/pci-0000:05:00.3-usb-0:2.1.1:1.0-port0
1790755882.6337,C,621,37884,-72,/dev/serial/by-path/pci-0000:05:00.3-usb-0:2.1.3:1.0-port0
1790755882.6341,B,634,37885,-65,/dev/serial/by-path/pci-0000:05:00.3-usb-0:2.1.2:1.0-port0
1790755882.6989,C,622,37949,-73,/dev/serial/by-path/pci-0000:05:00.3-usb-0:2.1.3:1.0-port0
1790755882.6994,B,635,37951,-68,/dev/serial/by-path/pci-0000:05:00.3-usb-0:2.1.2:1.0-port0
1790755882.6995,A,605,37954,-72,/dev/serial/by-path/pci-0000:05:00.3-usb-0:2.1.1:1.0-port0
1790755882.7244,A,606,37979,-72,/dev/serial/by-path/pci-0000:05:00.3-usb-0:2.1.1:1.0-port0
1790755882.7273,C,623,37977,-72,/dev/serial/by-path/pci-0000:05:00.3-usb-0:2.1.3:1.0-port0
1790755882.7314,B,636,37983,-69,/dev/serial/by-path/pci-0000:05:00.3-usb-0:2.1.2:1.0-port0
1790755882.7724,A,607,38027,-70,/dev/serial/by-path/pci-0000:05:00.3-usb-0:2.1.1:1.0-port0
1790755882.7754,C,624,38026,-69,/dev/serial/by-path/pci-0000:05:00.3-usb-0:2.1.3:1.0-port0
1790755882.8144,B,637,38066,-62,/dev/serial/by-path/pci-0000:05:00.3-usb-0:2.1.2:1.0-port0
1790755882.8145,A,608,38070,-72,/dev/serial/by-path/pci-0000:05:00.3-usb-0:2.1.1:1.0-port0
1790755882.8160,C,625,38066,-66,/dev/serial/by-path/pci-0000:05:00.3-usb-0:2.1.3:1.0-port0
1790755882.9042,B,638,38156,-66,/dev/serial/by-path/pci-0000:05:00.3-usb-0:2.1.2:1.0-port0
1790755882.9050,C,626,38155,-70,/dev/serial/by-path/pci-0000:05:00.3-usb-0:2.1.3:1.0-port0
1790755882.9100,A,609,38164,-72,/dev/serial/by-path/pci-0000:05:00.3-usb-0:2.1.1:1.0-port0
1790755882.9500,A,610,38205,-70,/dev/serial/by-path/pci-0000:05:00.3-usb-0:2.1.1:1.0-port0
1790755882.9505,B,639,38201,-61,/dev/serial/by-path/pci-0000:05:00.3-usb-0:2.1.2:1.0-port0
1790755882.9536,C,627,38204,-65,/dev/serial/by-path/pci-0000:05:00.3-usb-0:2.1.3:1.0-port0
1790755883.0183,B,640,38270,-71,/dev/serial/by-path/pci-0000:05:00.3-usb-0:2.1.2:1.0-port0
1790755883.0186,C,628,38268,-65,/dev/serial/by-path/pci-0000:05:00.3-usb-0:2.1.3:1.0-port0
1790755883.0190,A,611,38274,-76,/dev/serial/by-path/pci-0000:05:00.3-usb-0:2.1.1:1.0-port0
1790755883.0427,C,629,38293,-68,/dev/serial/by-path/pci-0000:05:00.3-usb-0:2.1.3:1.0-port0
1790755883.0429,A,612,38297,-70,/dev/serial/by-path/pci-0000:05:00.3-usb-0:2.1.1:1.0-port0
1790755883.0465,B,641,38298,-67,/dev/serial/by-path/pci-0000:05:00.3-usb-0:2.1.2:1.0-port0
1790755883.1179,B,642,38369,-61,/dev/serial/by-path/pci-0000:05:00.3-usb-0:2.1.2:1.0-port0
1790755883.1258,A,613,38381,-70,/dev/serial/by-path/pci-0000:05:00.3-usb-0:2.1.1:1.0-port0
1790755883.1274,C,630,38377,-64,/dev/serial/by-path/pci-0000:05:00.3-usb-0:2.1.3:1.0-port0
1790755883.1536,C,631,38404,-65,/dev/serial/by-path/pci-0000:05:00.3-usb-0:2.1.3:1.0-port0
1790755883.1540,B,643,38406,-67,/dev/serial/by-path/pci-0000:05:00.3-usb-0:2.1.2:1.0-port0
1790755883.1763,A,614,38431,-78,/dev/serial/by-path/pci-0000:05:00.3-usb-0:2.1.1:1.0-port0
1790755883.1866,A,615,38441,-69,/dev/serial/by-path/pci-0000:05:00.3-usb-0:2.1.1:1.0-port0
1790755883.1926,B,644,38444,-68,/dev/serial/by-path/pci-0000:05:00.3-usb-0:2.1.2:1.0-port0
1790755883.2056,C,632,38456,-67,/dev/serial/by-path/pci-0000:05:00.3-usb-0:2.1.3:1.0-port0
1790755883.2461,C,633,38496,-64,/dev/serial/by-path/pci-0000:05:00.3-usb-0:2.1.3:1.0-port0
1790755883.2464,A,616,38501,-68,/dev/serial/by-path/pci-0000:05:00.3-usb-0:2.1.1:1.0-port0
1790755883.2554,B,645,38507,-62,/dev/serial/by-path/pci-0000:05:00.3-usb-0:2.1.2:1.0-port0
1790755883.3709,A,617,38626,-72,/dev/serial/by-path/pci-0000:05:00.3-usb-0:2.1.1:1.0-port0
1790755883.3771,C,634,38627,-68,/dev/serial/by-path/pci-0000:05:00.3-usb-0:2.1.3:1.0-port0
1790755883.3862,B,646,38638,-68,/dev/serial/by-path/pci-0000:05:00.3-usb-0:2.1.2:1.0-port0
1790755883.4219,C,635,38672,-65,/dev/serial/by-path/pci-0000:05:00.3-usb-0:2.1.3:1.0-port0
1790755883.4255,A,618,38680,-68,/dev/serial/by-path/pci-0000:05:00.3-usb-0:2.1.1:1.0-port0
1790755883.4612,C,636,38711,-95,/dev/serial/by-path/pci-0000:05:00.3-usb-0:2.1.3:1.0-port0
1790755883.4616,B,647,38713,-64,/dev/serial/by-path/pci-0000:05:00.3-usb-0:2.1.2:1.0-port0
1790755883.4763,A,619,38731,-69,/dev/serial/by-path/pci-0000:05:00.3-usb-0:2.1.1:1.0-port0
1790755883.5040,B,648,38756,-67,/dev/serial/by-path/pci-0000:05:00.3-usb-0:2.1.2:1.0-port0
1790755883.5050,A,620,38760,-76,/dev/serial/by-path/pci-0000:05:00.3-usb-0:2.1.1:1.0-port0
1790755883.5272,C,637,38777,-70,/dev/serial/by-path/pci-0000:05:00.3-usb-0:2.1.3:1.0-port0
1790755883.5443,B,649,38796,-70,/dev/serial/by-path/pci-0000:05:00.3-usb-0:2.1.2:1.0-port0
1790755883.5678,C,638,38818,-65,/dev/serial/by-path/pci-0000:05:00.3-usb-0:2.1.3:1.0-port0
1790755883.5681,A,621,38823,-71,/dev/serial/by-path/pci-0000:05:00.3-usb-0:2.1.1:1.0-port0
1790755883.5855,B,650,38837,-66,/dev/serial/by-path/pci-0000:05:00.3-usb-0:2.1.2:1.0-port0
1790755883.6261,A,622,38881,-71,/dev/serial/by-path/pci-0000:05:00.3-usb-0:2.1.1:1.0-port0
1790755883.6271,C,639,38877,-76,/dev/serial/by-path/pci-0000:05:00.3-usb-0:2.1.3:1.0-port0
1790755883.6337,B,651,38885,-67,/dev/serial/by-path/pci-0000:05:00.3-usb-0:2.1.2:1.0-port0
1790755883.6753,C,640,38925,-70,/dev/serial/by-path/pci-0000:05:00.3-usb-0:2.1.3:1.0-port0
1790755883.6758,A,623,38930,-76,/dev/serial/by-path/pci-0000:05:00.3-usb-0:2.1.1:1.0-port0
1790755883.7762,A,624,39031,-70,/dev/serial/by-path/pci-0000:05:00.3-usb-0:2.1.1:1.0-port0
1790755883.7764,C,641,39026,-78,/dev/serial/by-path/pci-0000:05:00.3-usb-0:2.1.3:1.0-port0
1790755883.8149,C,642,39065,-69,/dev/serial/by-path/pci-0000:05:00.3-usb-0:2.1.3:1.0-port0
1790755883.8154,A,625,39070,-75,/dev/serial/by-path/pci-0000:05:00.3-usb-0:2.1.1:1.0-port0
1790755883.8157,B,652,39066,-67,/dev/serial/by-path/pci-0000:05:00.3-usb-0:2.1.2:1.0-port0
1790755883.8599,B,653,39111,-71,/dev/serial/by-path/pci-0000:05:00.3-usb-0:2.1.2:1.0-port0
1790755883.8664,A,626,39121,-69,/dev/serial/by-path/pci-0000:05:00.3-usb-0:2.1.1:1.0-port0
1790755883.8665,C,643,39116,-65,/dev/serial/by-path/pci-0000:05:00.3-usb-0:2.1.3:1.0-port0
1790755883.9095,C,644,39159,-80,/dev/serial/by-path/pci-0000:05:00.3-usb-0:2.1.3:1.0-port0
1790755883.9181,B,654,39169,-64,/dev/serial/by-path/pci-0000:05:00.3-usb-0:2.1.2:1.0-port0
1790755883.9267,A,627,39182,-71,/dev/serial/by-path/pci-0000:05:00.3-usb-0:2.1.1:1.0-port0
1790755883.9567,C,645,39207,-69,/dev/serial/by-path/pci-0000:05:00.3-usb-0:2.1.3:1.0-port0
1790755883.9572,A,628,39212,-75,/dev/serial/by-path/pci-0000:05:00.3-usb-0:2.1.1:1.0-port0
1790755883.9654,B,655,39217,-67,/dev/serial/by-path/pci-0000:05:00.3-usb-0:2.1.2:1.0-port0
1790755884.0015,B,656,39253,-72,/dev/serial/by-path/pci-0000:05:00.3-usb-0:2.1.2:1.0-port0
1790755884.0101,C,646,39260,-65,/dev/serial/by-path/pci-0000:05:00.3-usb-0:2.1.3:1.0-port0
1790755884.0202,A,629,39275,-70,/dev/serial/by-path/pci-0000:05:00.3-usb-0:2.1.1:1.0-port0
1790755884.0561,B,657,39307,-65,/dev/serial/by-path/pci-0000:05:00.3-usb-0:2.1.2:1.0-port0
1790755884.0565,C,647,39306,-79,/dev/serial/by-path/pci-0000:05:00.3-usb-0:2.1.3:1.0-port0
1790755884.0637,A,630,39318,-70,/dev/serial/by-path/pci-0000:05:00.3-usb-0:2.1.1:1.0-port0
1790755884.0923,B,658,39344,-67,/dev/serial/by-path/pci-0000:05:00.3-usb-0:2.1.2:1.0-port0
1790755884.0928,A,631,39348,-74,/dev/serial/by-path/pci-0000:05:00.3-usb-0:2.1.1:1.0-port0
1790755884.0930,C,648,39343,-69,/dev/serial/by-path/pci-0000:05:00.3-usb-0:2.1.3:1.0-port0
1790755884.1386,C,649,39389,-66,/dev/serial/by-path/pci-0000:05:00.3-usb-0:2.1.3:1.0-port0
1790755884.1387,B,659,39390,-71,/dev/serial/by-path/pci-0000:05:00.3-usb-0:2.1.2:1.0-port0
1790755884.1643,A,632,39419,-69,/dev/serial/by-path/pci-0000:05:00.3-usb-0:2.1.1:1.0-port0
1790755884.1898,A,633,39445,-69,/dev/serial/by-path/pci-0000:05:00.3-usb-0:2.1.1:1.0-port0
1790755884.1903,B,660,39441,-64,/dev/serial/by-path/pci-0000:05:00.3-usb-0:2.1.2:1.0-port0
1790755884.1952,C,650,39445,-81,/dev/serial/by-path/pci-0000:05:00.3-usb-0:2.1.3:1.0-port0
1790755884.2320,B,661,39483,-67,/dev/serial/by-path/pci-0000:05:00.3-usb-0:2.1.2:1.0-port0
1790755884.2493,A,634,39504,-75,/dev/serial/by-path/pci-0000:05:00.3-usb-0:2.1.1:1.0-port0
1790755884.2733,C,651,39523,-69,/dev/serial/by-path/pci-0000:05:00.3-usb-0:2.1.3:1.0-port0
