t_pc,id,seq,ms,rssi,port
1790754959.0081,A,0,947,-88,/dev/serial/by-path/pci-0000:05:00.3-usb-0:2.1.1:1.0-port0
1790754959.0784,A,1,1017,-79,/dev/serial/by-path/pci-0000:05:00.3-usb-0:2.1.1:1.0-port0
1790754959.0978,A,2,1036,-88,/dev/serial/by-path/pci-0000:05:00.3-usb-0:2.1.1:1.0-port0
1790754959.1538,A,3,1092,-88,/dev/serial/by-path/pci-0000:05:00.3-usb-0:2.1.1:1.0-port0
1790754959.1886,A,4,1127,-89,/dev/serial/by-path/pci-0000:05:00.3-usb-0:2.1.1:1.0-port0
1790754959.2284,A,5,1167,-79,/dev/serial/by-path/pci-0000:05:00.3-usb-0:2.1.1:1.0-port0
1790754959.2758,A,6,1215,-87,/dev/serial/by-path/pci-0000:05:00.3-usb-0:2.1.1:1.0-port0
1790754959.3883,A,7,1327,-80,/dev/serial/by-path/pci-0000:05:00.3-usb-0:2.1.1:1.0-port0
1790754959.4195,A,8,1358,-85,/dev/serial/by-path/pci-0000:05:00.3-usb-0:2.1.1:1.0-port0
1790754959.4667,B,0,1400,-71,/dev/serial/by-path/pci-0000:05:00.3-usb-0:2.1.2:1.0-port0
1790754959.4811,C,0,1413,-73,/dev/serial/by-path/pci-0000:05:00.3-usb-0:2.1.3:1.0-port0
1790754959.4814,A,9,1420,-88,/dev/serial/by-path/pci-0000:05:00.3-usb-0:2.1.1:1.0-port0
1790754959.5098,A,10,1448,-78,/dev/serial/by-path/pci-0000:05:00.3-usb-0:2.1.1:1.0-port0
1790754959.5512,C,1,1483,-81,/dev/serial/by-path/pci-0000:05:00.3-usb-0:2.1.3:1.0-port0
1790754959.5514,A,11,1490,-86,/dev/serial/by-path/pci-0000:05:00.3-usb-0:2.1.1:1.0-port0
1790754959.5518,B,1,1484,-80,/dev/serial/by-path/pci-0000:05:00.3-usb-0:2.1.2:1.0-port0
1790754959.5880,A,12,1527,-86,/dev/serial/by-path/pci-0000:05:00.3-usb-0:2.1.1:1.0-port0
1790754959.5899,B,2,1523,-80,/dev/serial/by-path/pci-0000:05:00.3-usb-0:2.1.2:1.0-port0
1790754959.6283,C,2,1560,-71,/dev/serial/by-path/pci-0000:05:00.3-usb-0:2.1.3:1.0-port0
1790754959.6295,A,13,1568,-90,/dev/serial/by-path/pci-0000:05:00.3-usb-0:2.1.1:1.0-port0
1790754959.6382,B,3,1571,-70,/dev/serial/by-path/pci-0000:05:00.3-usb-0:2.1.2:1.0-port0
1790754959.6774,C,3,1610,-72,/dev/serial/by-path/pci-0000:05:00.3-usb-0:2.1.3:1.0-port0
1790754959.6886,A,14,1627,-80,/dev/serial/by-path/pci-0000:05:00.3-usb-0:2.1.1:1.0-port0
1790754959.6902,B,4,1623,-72,/dev/serial/by-path/pci-0000:05:00.3-usb-0:2.1.2:1.0-port0
1790754959.7239,C,4,1656,-84,/dev/serial/by-path/pci-0000:05:00.3-usb-0:2.1.3:1.0-port0
1790754959.7244,B,5,1657,-80,/dev/serial/by-path/pci-0000:05:00.3-usb-0:2.1.2:1.0-port0
1790754959.7245,A,15,1662,-85,/dev/serial/by-path/pci-0000:05:00.3-usb-0:2.1.1:1.0-port0
1790754959.7652,B,6,1698,-70,/dev/serial/by-path/pci-0000:05:00.3-usb-0:2.1.2:1.0-port0
1790754959.7856,C,5,1718,-72,/dev/serial/by-path/pci-0000:05:00.3-usb-0:2.1.3:1.0-port0
1790754959.7892,A,16,1728,-90,/dev/serial/by-path/pci-0000:05:00.3-usb-0:2.1.1:1.0-port0
1790754959.8143,C,6,1746,-72,/dev/serial/by-path/pci-0000:05:00.3-usb-0:2.1.3:1.0-port0
1790754959.8148,B,7,1747,-73,/dev/serial/by-path/pci-0000:05:00.3-usb-0:2.1.2:1.0-port0
1790754959.8151,A,17,1753,-80,/dev/serial/by-path/pci-0000:05:00.3-usb-0:2.1.1:1.0-port0
1790754959.8638,C,7,1796,-83,/dev/serial/by-path/pci-0000:05:00.3-usb-0:2.1.3:1.0-port0
1790754959.8641,B,8,1797,-83,/dev/serial/by-path/pci-0000:05:00.3-usb-0:2.1.2:1.0-port0
1790754959.8884,A,18,1827,-85,/dev/serial/by-path/pci-0000:05:00.3-usb-0:2.1.1:1.0-port0
1790754959.9174,B,9,1851,-70,/dev/serial/by-path/pci-0000:05:00.3-usb-0:2.1.2:1.0-port0
1790754959.9192,A,19,1857,-91,/dev/serial/by-path/pci-0000:05:00.3-usb-0:2.1.1:1.0-port0
1790754959.9356,C,8,1868,-72,/dev/serial/by-path/pci-0000:05:00.3-usb-0:2.1.3:1.0-port0
1790754959.9476,C,9,1879,-72,/dev/serial/by-path/pci-0000:05:00.3-usb-0:2.1.3:1.0-port0
1790754959.9477,A,20,1886,-79,/dev/serial/by-path/pci-0000:05:00.3-usb-0:2.1.1:1.0-port0
1790754959.9495,B,10,1883,-73,/dev/serial/by-path/pci-0000:05:00.3-usb-0:2.1.2:1.0-port0
1790754960.0358,C,10,1968,-82,/dev/serial/by-path/pci-0000:05:00.3-usb-0:2.1.3:1.0-port0
1790754960.0362,A,21,1975,-87,/dev/serial/by-path/pci-0000:05:00.3-usb-0:2.1.1:1.0-port0
1790754960.0362,A,22,1976,-86,/dev/serial/by-path/pci-0000:05:00.3-usb-0:2.1.1:1.0-port0
1790754960.0403,B,11,1974,-83,/dev/serial/by-path/pci-0000:05:00.3-usb-0:2.1.2:1.0-port0
1790754960.0816,C,11,2014,-72,/dev/serial/by-path/pci-0000:05:00.3-usb-0:2.1.3:1.0-port0
1790754960.0892,A,23,2028,-91,/dev/serial/by-path/pci-0000:05:00.3-usb-0:2.1.1:1.0-port0
1790754960.0899,B,12,2023,-71,/dev/serial/by-path/pci-0000:05:00.3-usb-0:2.1.2:1.0-port0
1790754960.1224,B,13,2055,-73,/dev/serial/by-path/pci-0000:05:00.3-usb-0:2.1.2:1.0-port0
1790754960.1357,C,12,2068,-72,/dev/serial/by-path/pci-0000:05:00.3-usb-0:2.1.3:1.0-port0
1790754960.1386,A,24,2077,-79,/dev/serial/by-path/pci-0000:05:00.3-usb-0:2.1.1:1.0-port0
1790754960.1699,C,13,2102,-82,/dev/serial/by-path/pci-0000:05:00.3-usb-0:2.1.3:1.0-port0
1790754960.1703,A,25,2109,-86,/dev/serial/by-path/pci-0000:05:00.3-usb-0:2.1.1:1.0-port0
1790754960.1903,B,14,2123,-82,/dev/serial/by-path/pci-0000:05:00.3-usb-0:2.1.2:1.0-port0
1790754960.2180,A,26,2157,-88,/dev/serial/by-path/pci-0000:05:00.3-usb-0:2.1.1:1.0-port0
1790754960.2183,B,15,2152,-71,/dev/serial/by-path/pci-0000:05:00.3-usb-0:2.1.2:1.0-port0
1790754960.2187,C,14,2150,-72,/dev/serial/by-path/pci-0000:05:00.3-usb-0:2.1.3:1.0-port0
1790754960.2581,B,16,2191,-72,/dev/serial/by-path/pci-0000:05:00.3-usb-0:2.1.2:1.0-port0
1790754960.2582,C,15,2190,-73,/dev/serial/by-path/pci-0000:05:00.3-usb-0:2.1.3:1.0-port0
1790754960.2585,A,27,2197,-80,/dev/serial/by-path/pci-0000:05:00.3-usb-0:2.1.1:1.0-port0
1790754960.3357,C,16,2268,-81,/dev/serial/by-path/pci-0000:05:00.3-usb-0:2.1.3:1.0-port0
1790754960.3385,A,28,2277,-86,/dev/serial/by-path/pci-0000:05:00.3-usb-0:2.1.1:1.0-port0
1790754960.3403,B,17,2273,-81,/dev/serial/by-path/pci-0000:05:00.3-usb-0:2.1.2:1.0-port0
1790754960.3582,B,18,2291,-70,/dev/serial/by-path/pci-0000:05:00.3-usb-0:2.1.2:1.0-port0
1790754960.3614,A,29,2300,-88,/dev/serial/by-path/pci-0000:05:00.3-usb-0:2.1.1:1.0-port0
1790754960.3615,C,17,2293,-72,/dev/serial/by-path/pci-0000:05:00.3-usb-0:2.1.3:1.0-port0
1790754960.3896,B,19,2323,-70,/dev/serial/by-path/pci-0000:05:00.3-usb-0:2.1.2:1.0-port0
1790754960.4369,C,18,2368,-72,/dev/serial/by-path/pci-0000:05:00.3-usb-0:2.1.3:1.0-port0
1790754960.4384,A,30,2377,-79,/dev/serial/by-path/pci-0000:05:00.3-usb-0:2.1.1:1.0-port0
1790754960.4409,B,20,2374,-72,/dev/serial/by-path/pci-0000:05:00.3-usb-0:2.1.2:1.0-port0
1790754960.4713,C,19,2403,-82,/dev/serial/by-path/pci-0000:05:00.3-usb-0:2.1.3:1.0-port0
1790754960.4828,A,31,2421,-85,/dev/serial/by-path/pci-0000:05:00.3-usb-0:2.1.1:1.0-port0
1790754960.4859,C,20,2418,-81,/dev/serial/by-path/pci-0000:05:00.3-usb-0:2.1.3:1.0-port0
1790754960.4904,B,21,2423,-83,/dev/serial/by-path/pci-0000:05:00.3-usb-0:2.1.2:1.0-port0
1790754960.5314,A,32,2470,-88,/dev/serial/by-path/pci-0000:05:00.3-usb-0:2.1.1:1.0-port0
1790754960.5316,B,22,2464,-71,/dev/serial/by-path/pci-0000:05:00.3-usb-0:2.1.2:1.0-port0
1790754960.5364,C,21,2468,-72,/dev/serial/by-path/pci-0000:05:00.3-usb-0:2.1.3:1.0-port0
1790754960.5757,A,33,2514,-79,/dev/serial/by-path/pci-0000:05:00.3-usb-0:2.1.1:1.0-port0
1790754960.6361,C,22,2568,-81,/dev/serial/by-path/pci-0000:05:00.3-usb-0:2.1.3:1.0-port0
1790754960.6384,A,34,2577,-85,/dev/serial/by-path/pci-0000:05:00.3-usb-0:2.1.1:1.0-port0
1790754960.6403,B,23,2573,-82,/dev/serial/by-path/pci-0000:05:00.3-usb-0:2.1.2:1.0-port0
1790754960.6548,B,24,2588,-71,/dev/serial/by-path/pci-0000:05:00.3-usb-0:2.1.2:1.0-port0
1790754960.6550,C,23,2587,-72,/dev/serial/by-path/pci-0000:05:00.3-usb-0:2.1.3:1.0-port0
1790754960.6553,A,35,2594,-88,/dev/serial/by-path/pci-0000:05:00.3-usb-0:2.1.1:1.0-port0
1790754960.7358,C,24,2668,-72,/dev/serial/by-path/pci-0000:05:00.3-usb-0:2.1.3:1.0-port0
1790754960.7366,B,25,2670,-72,/dev/serial/by-path/pci-0000:05:00.3-usb-0:2.1.2:1.0-port0
1790754960.7369,A,36,2676,-80,/dev/serial/by-path/pci-0000:05:00.3-usb-0:2.1.1:1.0-port0
1790754960.7861,C,25,2718,-83,/dev/serial/by-path/pci-0000:05:00.3-usb-0:2.1.3:1.0-port0
1790754960.7883,A,37,2727,-85,/dev/serial/by-path/pci-0000:05:00.3-usb-0:2.1.1:1.0-port0
1790754960.7901,B,26,2723,-81,/dev/serial/by-path/pci-0000:05:00.3-usb-0:2.1.2:1.0-port0
1790754960.8025,A,38,2741,-90,/dev/serial/by-path/pci-0000:05:00.3-usb-0:2.1.1:1.0-port0
1790754960.8026,C,26,2734,-71,/dev/serial/by-path/pci-0000:05:00.3-usb-0:2.1.3:1.0-port0
1790754960.8027,B,27,2735,-71,/dev/serial/by-path/pci-0000:05:00.3-usb-0:2.1.2:1.0-port0
1790754960.8380,B,28,2771,-71,/dev/serial/by-path/pci-0000:05:00.3-usb-0:2.1.2:1.0-port0
1790754960.8383,A,39,2777,-87,/dev/serial/by-path/pci-0000:05:00.3-usb-0:2.1.1:1.0-port0
1790754960.8842,A,40,2823,-80,/dev/serial/by-path/pci-0000:05:00.3-usb-0:2.1.1:1.0-port0
1790754960.8846,B,29,2817,-73,/dev/serial/by-path/pci-0000:05:00.3-usb-0:2.1.2:1.0-port0
1790754960.8848,C,27,2816,-71,/dev/serial/by-path/pci-0000:05:00.3-usb-0:2.1.3:1.0-port0
1790754960.9358,C,28,2868,-80,/dev/serial/by-path/pci-0000:05:00.3-usb-0:2.1.3:1.0-port0
1790754960.9402,B,30,2873,-79,/dev/serial/by-path/pci-0000:05:00.3-usb-0:2.1.2:1.0-port0
1790754960.9864,B,31,2919,-71,/dev/serial/by-path/pci-0000:05:00.3-usb-0:2.1.2:1.0-port0
1790754960.9866,C,29,2918,-71,/dev/serial/by-path/pci-0000:05:00.3-usb-0:2.1.3:1.0-port0
1790754960.9885,A,41,2927,-87,/dev/serial/by-path/pci-0000:05:00.3-usb-0:2.1.1:1.0-port0
1790754961.0249,C,30,2957,-72,/dev/serial/by-path/pci-0000:05:00.3-usb-0:2.1.3:1.0-port0
1790754961.0399,A,42,2977,-79,/dev/serial/by-path/pci-0000:05:00.3-usb-0:2.1.1:1.0-port0
1790754961.0744,B,32,3007,-83,/dev/serial/by-path/pci-0000:05:00.3-usb-0:2.1.2:1.0-port0
1790754961.0799,A,43,3019,-89,/dev/serial/by-path/pci-0000:05:00.3-usb-0:2.1.1:1.0-port0
1790754961.0805,C,31,3012,-81,/dev/serial/by-path/pci-0000:05:00.3-usb-0:2.1.3:1.0-port0
1790754961.1166,C,32,3049,-72,/dev/serial/by-path/pci-0000:05:00.3-usb-0:2.1.3:1.0-port0
1790754961.1170,A,44,3055,-88,/dev/serial/by-path/pci-0000:05:00.3-usb-0:2.1.1:1.0-port0
1790754961.1172,B,33,3050,-71,/dev/serial/by-path/pci-0000:05:00.3-usb-0:2.1.2:1.0-port0
1790754961.1640,C,33,3096,-72,/dev/serial/by-path/pci-0000:05:00.3-usb-0:2.1.3:1.0-port0
1790754961.1643,B,34,3098,-71,/dev/serial/by-path/pci-0000:05:00.3-usb-0:2.1.2:1.0-port0
1790754961.1888,A,45,3128,-79,/dev/serial/by-path/pci-0000:05:00.3-usb-0:2.1.1:1.0-port0
1790754961.2081,B,35,3141,-82,/dev/serial/by-path/pci-0000:05:00.3-usb-0:2.1.2:1.0-port0
1790754961.2085,C,34,3140,-82,/dev/serial/by-path/pci-0000:05:00.3-usb-0:2.1.3:1.0-port0
1790754961.2234,A,46,3162,-85,/dev/serial/by-path/pci-0000:05:00.3-usb-0:2.1.1:1.0-port0
1790754961.2858,C,35,3218,-71,/dev/serial/by-path/pci-0000:05:00.3-usb-0:2.1.3:1.0-port0
1790754961.2885,A,47,3227,-89,/dev/serial/by-path/pci-0000:05:00.3-usb-0:2.1.1:1.0-port0
1790754961.2901,B,36,3223,-71,/dev/serial/by-path/pci-0000:05:00.3-usb-0:2.1.2:1.0-port0
1790754961.3028,C,36,3235,-73,/dev/serial/by-path/pci-0000:05:00.3-usb-0:2.1.3:1.0-port0
1790754961.3098,A,48,3248,-80,/dev/serial/by-path/pci-0000:05:00.3-usb-0:2.1.1:1.0-port0
1790754961.3392,A,49,3278,-79,/dev/serial/by-path/pci-0000:05:00.3-usb-0:2.1.1:1.0-port0
1790754961.3399,B,37,3273,-72,/dev/serial/by-path/pci-0000:05:00.3-usb-0:2.1.2:1.0-port0
1790754961.3559,C,37,3288,-83,/dev/serial/by-path/pci-0000:05:00.3-usb-0:2.1.3:1.0-port0
1790754961.3862,C,38,3318,-83,/dev/serial/by-path/pci-0000:05:00.3-usb-0:2.1.3:1.0-port0
1790754961.3885,A,50,3327,-85,/dev/serial/by-path/pci-0000:05:00.3-usb-0:2.1.1:1.0-port0
1790754961.3907,B,38,3323,-81,/dev/serial/by-path/pci-0000:05:00.3-usb-0:2.1.2:1.0-port0
1790754961.4275,C,39,3359,-71,/dev/serial/by-path/pci-0000:05:00.3-usb-0:2.1.3:1.0-port0
1790754961.4387,A,51,3377,-88,/dev/serial/by-path/pci-0000:05:00.3-usb-0:2.1.1:1.0-port0
1790754961.4416,B,39,3373,-71,/dev/serial/by-path/pci-0000:05:00.3-usb-0:2.1.2:1.0-port0
1790754961.4772,C,40,3408,-73,/dev/serial/by-path/pci-0000:05:00.3-usb-0:2.1.3:1.0-port0
1790754961.4885,A,52,3427,-80,/dev/serial/by-path/pci-0000:05:00.3-usb-0:2.1.1:1.0-port0
1790754961.4903,B,40,3423,-72,/dev/serial/by-path/pci-0000:05:00.3-usb-0:2.1.2:1.0-port0
1790754961.5170,B,41,3450,-83,/dev/serial/by-path/pci-0000:05:00.3-usb-0:2.1.2:1.0-port0
1790754961.5262,A,53,3464,-85,/dev/serial/by-path/pci-0000:05:00.3-usb-0:2.1.1:1.0-port0
1790754961.5264,C,41,3458,-81,/dev/serial/by-path/pci-0000:05:00.3-usb-0:2.1.3:1.0-port0
1790754961.5606,A,54,3499,-88,/dev/serial/by-path/pci-0000:05:00.3-usb-0:2.1.1:1.0-port0
1790754961.5857,C,42,3518,-71,/dev/serial/by-path/pci-0000:05:00.3-usb-0:2.1.3:1.0-port0
1790754961.5903,B,42,3523,-71,/dev/serial/by-path/pci-0000:05:00.3-usb-0:2.1.2:1.0-port0
1790754961.6206,A,55,3559,-80,/dev/serial/by-path/pci-0000:05:00.3-usb-0:2.1.1:1.0-port0
1790754961.6357,B,43,3569,-72,/dev/serial/by-path/pci-0000:05:00.3-usb-0:2.1.2:1.0-port0
1790754961.6361,C,43,3568,-72,/dev/serial/by-path/pci-0000:05:00.3-usb-0:2.1.3:1.0-port0
1790754961.6822,A,56,3621,-84,/dev/serial/by-path/pci-0000:05:00.3-usb-0:2.1.1:1.0-port0
1790754961.6824,C,44,3614,-79,/dev/serial/by-path/pci-0000:05:00.3-usb-0:2.1.3:1.0-port0
1790754961.6903,B,44,3623,-81,/dev/serial/by-path/pci-0000:05:00.3-usb-0:2.1.2:1.0-port0
1790754961.7006,B,45,3634,-71,/dev/serial/by-path/pci-0000:05:00.3-usb-0:2.1.2:1.0-port0
1790754961.7219,A,57,3660,-88,/dev/serial/by-path/pci-0000:05:00.3-usb-0:2.1.1:1.0-port0
1790754961.7357,C,45,3668,-72,/dev/serial/by-path/pci-0000:05:00.3-usb-0:2.1.3:1.0-port0
1790754961.7533,C,46,3685,-72,/dev/serial/by-path/pci-0000:05:00.3-usb-0:2.1.3:1.0-port0
1790754961.7886,A,58,3727,-79,/dev/serial/by-path/pci-0000:05:00.3-usb-0:2.1.1:1.0-port0
1790754961.7903,B,46,3723,-72,/dev/serial/by-path/pci-0000:05:00.3-usb-0:2.1.2:1.0-port0
1790754961.8296,B,47,3763,-81,/dev/serial/by-path/pci-0000:05:00.3-usb-0:2.1.2:1.0-port0
1790754961.8357,C,47,3768,-82,/dev/serial/by-path/pci-0000:05:00.3-usb-0:2.1.3:1.0-port0
1790754961.8385,A,59,3777,-87,/dev/serial/by-path/pci-0000:05:00.3-usb-0:2.1.1:1.0-port0
1790754961.8444,A,60,3783,-88,/dev/serial/by-path/pci-0000:05:00.3-usb-0:2.1.1:1.0-port0
1790754961.8446,C,48,3776,-71,/dev/serial/by-path/pci-0000:05:00.3-usb-0:2.1.3:1.0-port0
1790754961.8844,C,49,3816,-71,/dev/serial/by-path/pci-0000:05:00.3-usb-0:2.1.3:1.0-port0
1790754961.8848,A,61,3823,-90,/dev/serial/by-path/pci-0000:05:00.3-usb-0:2.1.1:1.0-port0
1790754961.8903,B,48,3823,-71,/dev/serial/by-path/pci-0000:05:00.3-usb-0:2.1.2:1.0-port0
1790754961.9312,C,50,3863,-72,/dev/serial/by-path/pci-0000:05:00.3-usb-0:2.1.3:1.0-port0
1790754961.9322,A,62,3871,-79,/dev/serial/by-path/pci-0000:05:00.3-usb-0:2.1.1:1.0-port0
1790754961.9411,B,49,3873,-72,/dev/serial/by-path/pci-0000:05:00.3-usb-0:2.1.2:1.0-port0
1790754961.9737,A,63,3913,-87,/dev/serial/by-path/pci-0000:05:00.3-usb-0:2.1.1:1.0-port0
1790754961.9742,C,51,3906,-83,/dev/serial/by-path/pci-0000:05:00.3-usb-0:2.1.3:1.0-port0
1790754961.9743,B,50,3907,-82,/dev/serial/by-path/pci-0000:05:00.3-usb-0:2.1.2:1.0-port0
1790754962.0217,A,64,3960,-89,/dev/serial/by-path/pci-0000:05:00.3-usb-0:2.1.1:1.0-port0
1790754962.0220,B,51,3955,-71,/dev/serial/by-path/pci-0000:05:00.3-usb-0:2.1.2:1.0-port0
1790754962.0225,C,52,3954,-72,/dev/serial/by-path/pci-0000:05:00.3-usb-0:2.1.3:1.0-port0
1790754962.0708,C,53,4003,-73,/dev/serial/by-path/pci-0000:05:00.3-usb-0:2.1.3:1.0-port0
1790754962.0884,A,65,4027,-80,/dev/serial/by-path/pci-0000:05:00.3-usb-0:2.1.1:1.0-port0
1790754962.0903,B,52,4023,-72,/dev/serial/by-path/pci-0000:05:00.3-usb-0:2.1.2:1.0-port0
1790754962.1340,C,54,4066,-83,/dev/serial/by-path/pci-0000:05:00.3-usb-0:2.1.3:1.0-port0
1790754962.1341,B,53,4068,-81,/dev/serial/by-path/pci-0000:05:00.3-usb-0:2.1.2:1.0-port0
1790754962.1345,A,66,4073,-85,/dev/serial/by-path/pci-0000:05:00.3-usb-0:2.1.1:1.0-port0
1790754962.1574,B,54,4091,-71,/dev/serial/by-path/pci-0000:05:00.3-usb-0:2.1.2:1.0-port0
1790754962.1578,A,67,4096,-88,/dev/serial/by-path/pci-0000:05:00.3-usb-0:2.1.1:1.0-port0
1790754962.1595,C,55,4091,-72,/dev/serial/by-path/pci-0000:05:00.3-usb-0:2.1.3:1.0-port0
1790754962.2332,C,56,4165,-72,/dev/serial/by-path/pci-0000:05:00.3-usb-0:2.1.3:1.0-port0
1790754962.2404,B,55,4173,-72,/dev/serial/by-path/pci-0000:05:00.3-usb-0:2.1.2:1.0-port0
1790754962.2475,B,56,4181,-80,/dev/serial/by-path/pci-0000:05:00.3-usb-0:2.1.2:1.0-port0
1790754962.2638,A,68,4202,-88,/dev/serial/by-path/pci-0000:05:00.3-usb-0:2.1.1:1.0-port0
1790754962.2641,C,57,4196,-79,/dev/serial/by-path/pci-0000:05:00.3-usb-0:2.1.3:1.0-port0
1790754962.2903,B,57,4223,-81,/dev/serial/by-path/pci-0000:05:00.3-usb-0:2.1.2:1.0-port0
1790754962.3081,C,58,4240,-73,/dev/serial/by-path/pci-0000:05:00.3-usb-0:2.1.3:1.0-port0
1790754962.3356,A,69,4274,-88,/dev/serial/by-path/pci-0000:05:00.3-usb-0:2.1.1:1.0-port0
1790754962.3361,C,59,4268,-72,/dev/serial/by-path/pci-0000:05:00.3-usb-0:2.1.3:1.0-port0
1790754962.3410,B,58,4274,-71,/dev/serial/by-path/pci-0000:05:00.3-usb-0:2.1.2:1.0-port0
1790754962.3862,C,60,4318,-73,/dev/serial/by-path/pci-0000:05:00.3-usb-0:2.1.3:1.0-port0
1790754962.4270,B,59,4360,-81,/dev/serial/by-path/pci-0000:05:00.3-usb-0:2.1.2:1.0-port0
1790754962.4274,A,70,4366,-89,/dev/serial/by-path/pci-0000:05:00.3-usb-0:2.1.1:1.0-port0
1790754962.4362,C,61,4368,-83,/dev/serial/by-path/pci-0000:05:00.3-usb-0:2.1.3:1.0-port0
1790754962.4671,C,62,4399,-71,/dev/serial/by-path/pci-0000:05:00.3-usb-0:2.1.3:1.0-port0
1790754962.4732,B,60,4406,-71,/dev/serial/by-path/pci-0000:05:00.3-usb-0:2.1.2:1.0-port0
1790754962.4761,A,71,4415,-88,/dev/serial/by-path/pci-0000:05:00.3-usb-0:2.1.1:1.0-port0
1790754962.5389,A,72,4477,-82,/dev/serial/by-path/pci-0000:05:00.3-usb-0:2.1.1:1.0-port0
1790754962.5565,B,61,4490,-84,/dev/serial/by-path/pci-0000:05:00.3-usb-0:2.1.2:1.0-port0
1790754962.6268,B,62,4560,-70,/dev/serial/by-path/pci-0000:05:00.3-usb-0:2.1.2:1.0-port0
1790754962.6320,A,73,4571,-89,/dev/serial/by-path/pci-0000:05:00.3-usb-0:2.1.1:1.0-port0
1790754962.6323,C,63,4564,-71,/dev/serial/by-path/pci-0000:05:00.3-usb-0:2.1.3:1.0-port0
1790754962.6483,A,74,4587,-78,/dev/serial/by-path/pci-0000:05:00.3-usb-0:2.1.1:1.0-port0
1790754962.6857,C,64,4618,-72,/dev/serial/by-path/pci-0000:05:00.3-usb-0:2.1.3:1.0-port0
1790754962.6902,B,63,4623,-72,/dev/serial/by-path/pci-0000:05:00.3-usb-0:2.1.2:1.0-port0
1790754962.6963,C,65,4628,-81,/dev/serial/by-path/pci-0000:05:00.3-usb-0:2.1.3:1.0-port0
1790754962.7335,B,64,4667,-82,/dev/serial/by-path/pci-0000:05:00.3-usb-0:2.1.2:1.0-port0
1790754962.7382,A,75,4677,-86,/dev/serial/by-path/pci-0000:05:00.3-usb-0:2.1.1:1.0-port0
1790754962.7382,A,76,4678,-87,/dev/serial/by-path/pci-0000:05:00.3-usb-0:2.1.1:1.0-port0
1790754962.7410,B,65,4674,-82,/dev/serial/by-path/pci-0000:05:00.3-usb-0:2.1.2:1.0-port0
1790754962.7798,B,66,4713,-70,/dev/serial/by-path/pci-0000:05:00.3-usb-0:2.1.2:1.0-port0
1790754962.7802,C,66,4712,-72,/dev/serial/by-path/pci-0000:05:00.3-usb-0:2.1.3:1.0-port0
1790754962.7887,A,77,4727,-88,/dev/serial/by-path/pci-0000:05:00.3-usb-0:2.1.1:1.0-port0
1790754962.8264,C,67,4758,-73,/dev/serial/by-path/pci-0000:05:00.3-usb-0:2.1.3:1.0-port0
1790754962.8266,A,78,4765,-79,/dev/serial/by-path/pci-0000:05:00.3-usb-0:2.1.1:1.0-port0
1790754962.8403,B,67,4773,-72,/dev/serial/by-path/pci-0000:05:00.3-usb-0:2.1.2:1.0-port0
1790754962.8718,C,68,4804,-83,/dev/serial/by-path/pci-0000:05:00.3-usb-0:2.1.3:1.0-port0
1790754962.8720,B,68,4805,-80,/dev/serial/by-path/pci-0000:05:00.3-usb-0:2.1.2:1.0-port0
1790754962.8887,A,79,4827,-85,/dev/serial/by-path/pci-0000:05:00.3-usb-0:2.1.1:1.0-port0
1790754962.9131,C,69,4845,-71,/dev/serial/by-path/pci-0000:05:00.3-usb-0:2.1.3:1.0-port0
1790754962.9136,A,80,4853,-88,/dev/serial/by-path/pci-0000:05:00.3-usb-0:2.1.1:1.0-port0
1790754962.9356,B,69,4869,-71,/dev/serial/by-path/pci-0000:05:00.3-usb-0:2.1.2:1.0-port0
1790754962.9632,C,70,4895,-72,/dev/serial/by-path/pci-0000:05:00.3-usb-0:2.1.3:1.0-port0
1790754962.9636,A,81,4902,-79,/dev/serial/by-path/pci-0000:05:00.3-usb-0:2.1.1:1.0-port0
1790754962.9678,B,70,4901,-83,/dev/serial/by-path/pci-0000:05:00.3-usb-0:2.1.2:1.0-port0
1790754963.0027,C,71,4935,-81,/dev/serial/by-path/pci-0000:05:00.3-usb-0:2.1.3:1.0-port0
1790754963.0031,B,71,4936,-82,/dev/serial/by-path/pci-0000:05:00.3-usb-0:2.1.2:1.0-port0
1790754963.0033,A,82,4941,-89,/dev/serial/by-path/pci-0000:05:00.3-usb-0:2.1.1:1.0-port0
1790754963.0710,C,72,5003,-71,/dev/serial/by-path/pci-0000:05:00.3-usb-0:2.1.3:1.0-port0
1790754963.0822,B,72,5015,-71,/dev/serial/by-path/pci-0000:05:00.3-usb-0:2.1.2:1.0-port0
1790754963.0839,A,83,5021,-90,/dev/serial/by-path/pci-0000:05:00.3-usb-0:2.1.1:1.0-port0
1790754963.0863,C,73,5018,-71,/dev/serial/by-path/pci-0000:05:00.3-usb-0:2.1.3:1.0-port0
1790754963.1361,C,74,5068,-72,/dev/serial/by-path/pci-0000:05:00.3-usb-0:2.1.3:1.0-port0
1790754963.1387,A,84,5077,-79,/dev/serial/by-path/pci-0000:05:00.3-usb-0:2.1.1:1.0-port0
1790754963.1736,B,73,5107,-83,/dev/serial/by-path/pci-0000:05:00.3-usb-0:2.1.2:1.0-port0
1790754963.1757,A,85,5114,-89,/dev/serial/by-path/pci-0000:05:00.3-usb-0:2.1.1:1.0-port0
1790754963.1758,C,75,5108,-84,/dev/serial/by-path/pci-0000:05:00.3-usb-0:2.1.3:1.0-port0
1790754963.2220,B,74,5155,-70,/dev/serial/by-path/pci-0000:05:00.3-usb-0:2.1.2:1.0-port0
1790754963.2358,C,76,5168,-71,/dev/serial/by-path/pci-0000:05:00.3-usb-0:2.1.3:1.0-port0
1790754963.2385,A,86,5177,-88,/dev/serial/by-path/pci-0000:05:00.3-usb-0:2.1.1:1.0-port0
1790754963.2723,A,87,5211,-79,/dev/serial/by-path/pci-0000:05:00.3-usb-0:2.1.1:1.0-port0
1790754963.2760,B,75,5209,-72,/dev/serial/by-path/pci-0000:05:00.3-usb-0:2.1.2:1.0-port0
1790754963.2862,C,77,5218,-72,/dev/serial/by-path/pci-0000:05:00.3-usb-0:2.1.3:1.0-port0
1790754963.3203,B,76,5254,-81,/dev/serial/by-path/pci-0000:05:00.3-usb-0:2.1.2:1.0-port0
1790754963.3207,A,88,5259,-84,/dev/serial/by-path/pci-0000:05:00.3-usb-0:2.1.1:1.0-port0
1790754963.3333,C,78,5265,-81,/dev/serial/by-path/pci-0000:05:00.3-usb-0:2.1.3:1.0-port0
1790754963.3802,B,77,5313,-71,/dev/serial/by-path/pci-0000:05:00.3-usb-0:2.1.2:1.0-port0
1790754963.3805,C,79,5313,-72,/dev/serial/by-path/pci-0000:05:00.3-usb-0:2.1.3:1.0-port0
1790754963.3807,A,89,5320,-87,/dev/serial/by-path/pci-0000:05:00.3-usb-0:2.1.1:1.0-port0
1790754963.4190,B,78,5352,-71,/dev/serial/by-path/pci-0000:05:00.3-usb-0:2.1.2:1.0-port0
1790754963.4195,A,90,5358,-79,/dev/serial/by-path/pci-0000:05:00.3-usb-0:2.1.1:1.0-port0
1790754963.4197,C,80,5351,-72,/dev/serial/by-path/pci-0000:05:00.3-usb-0:2.1.3:1.0-port0
1790754963.4818,A,91,5421,-88,/dev/serial/by-path/pci-0000:05:00.3-usb-0:2.1.1:1.0-port0
1790754963.4822,C,81,5414,-83,/dev/serial/by-path/pci-0000:05:00.3-usb-0:2.1.3:1.0-port0
1790754963.4826,B,79,5415,-81,/dev/serial/by-path/pci-0000:05:00.3-usb-0:2.1.2:1.0-port0
1790754963.5097,B,80,5443,-70,/dev/serial/by-path/pci-0000:05:00.3-usb-0:2.1.2:1.0-port0
1790754963.5214,A,92,5460,-89,/dev/serial/by-path/pci-0000:05:00.3-usb-0:2.1.1:1.0-port0
1790754963.5217,C,82,5453,-72,/dev/serial/by-path/pci-0000:05:00.3-usb-0:2.1.3:1.0-port0
1790754963.5513,B,81,5485,-72,/dev/serial/by-path/pci-0000:05:00.3-usb-0:2.1.2:1.0-port0
1790754963.5517,A,93,5490,-79,/dev/serial/by-path/pci-0000:05:00.3-usb-0:2.1.1:1.0-port0
1790754963.5562,C,83,5488,-72,/dev/serial/by-path/pci-0000:05:00.3-usb-0:2.1.3:1.0-port0
1790754963.5904,B,82,5523,-72,/dev/serial/by-path/pci-0000:05:00.3-usb-0:2.1.2:1.0-port0
1790754963.6286,C,84,5561,-83,/dev/serial/by-path/pci-0000:05:00.3-usb-0:2.1.3:1.0-port0
1790754963.6321,A,94,5571,-88,/dev/serial/by-path/pci-0000:05:00.3-usb-0:2.1.1:1.0-port0
1790754963.6357,C,85,5568,-83,/dev/serial/by-path/pci-0000:05:00.3-usb-0:2.1.3:1.0-port0
1790754963.6406,B,83,5573,-83,/dev/serial/by-path/pci-0000:05:00.3-usb-0:2.1.2:1.0-port0
1790754963.6722,A,95,5611,-90,/dev/serial/by-path/pci-0000:05:00.3-usb-0:2.1.1:1.0-port0
1790754963.6724,B,84,5606,-71,/dev/serial/by-path/pci-0000:05:00.3-usb-0:2.1.2:1.0-port0
1790754963.6727,C,86,5604,-71,/dev/serial/by-path/pci-0000:05:00.3-usb-0:2.1.3:1.0-port0
1790754963.7223,A,96,5661,-78,/dev/serial/by-path/pci-0000:05:00.3-usb-0:2.1.1:1.0-port0
1790754963.7225,C,87,5654,-72,/dev/serial/by-path/pci-0000:05:00.3-usb-0:2.1.3:1.0-port0
1790754963.7321,B,85,5665,-72,/dev/serial/by-path/pci-0000:05:00.3-usb-0:2.1.2:1.0-port0
1790754963.7687,C,88,5701,-81,/dev/serial/by-path/pci-0000:05:00.3-usb-0:2.1.3:1.0-port0
1790754963.7691,A,97,5708,-87,/dev/serial/by-path/pci-0000:05:00.3-usb-0:2.1.1:1.0-port0
1790754963.7694,B,86,5702,-82,/dev/serial/by-path/pci-0000:05:00.3-usb-0:2.1.2:1.0-port0
1790754963.8174,C,89,5749,-71,/dev/serial/by-path/pci-0000:05:00.3-usb-0:2.1.3:1.0-port0
1790754963.8176,B,87,5750,-71,/dev/serial/by-path/pci-0000:05:00.3-usb-0:2.1.2:1.0-port0
1790754963.8179,A,98,5756,-87,/dev/serial/by-path/pci-0000:05:00.3-usb-0:2.1.1:1.0-port0
1790754963.8864,C,90,5818,-72,/dev/serial/by-path/pci-0000:05:00.3-usb-0:2.1.3:1.0-port0
1790754963.8884,A,99,5827,-78,/dev/serial/by-path/pci-0000:05:00.3-usb-0:2.1.1:1.0-port0
1790754963.8903,B,88,5823,-72,/dev/serial/by-path/pci-0000:05:00.3-usb-0:2.1.2:1.0-port0
1790754963.9073,B,89,5840,-81,/dev/serial/by-path/pci-0000:05:00.3-usb-0:2.1.2:1.0-port0
1790754963.9360,C,91,5868,-81,/dev/serial/by-path/pci-0000:05:00.3-usb-0:2.1.3:1.0-port0
1790754963.9386,A,100,5877,-84,/dev/serial/by-path/pci-0000:05:00.3-usb-0:2.1.1:1.0-port0
1790754963.9491,C,92,5881,-71,/dev/serial/by-path/pci-0000:05:00.3-usb-0:2.1.3:1.0-port0
1790754963.9495,B,90,5882,-71,/dev/serial/by-path/pci-0000:05:00.3-usb-0:2.1.2:1.0-port0
1790754963.9498,A,101,5889,-88,/dev/serial/by-path/pci-0000:05:00.3-usb-0:2.1.1:1.0-port0
1790754964.0133,A,102,5952,-78,/dev/serial/by-path/pci-0000:05:00.3-usb-0:2.1.1:1.0-port0
1790754964.0266,B,91,5960,-72,/dev/serial/by-path/pci-0000:05:00.3-usb-0:2.1.2:1.0-port0
1790754964.0267,C,93,5958,-71,/dev/serial/by-path/pci-0000:05:00.3-usb-0:2.1.3:1.0-port0
1790754964.0498,C,94,5982,-79,/dev/serial/by-path/pci-0000:05:00.3-usb-0:2.1.3:1.0-port0
1790754964.0499,A,103,5988,-88,/dev/serial/by-path/pci-0000:05:00.3-usb-0:2.1.1:1.0-port0
1790754964.0533,B,92,5986,-81,/dev/serial/by-path/pci-0000:05:00.3-usb-0:2.1.2:1.0-port0
1790754964.0860,C,95,6018,-78,/dev/serial/by-path/pci-0000:05:00.3-usb-0:2.1.3:1.0-port0
1790754964.0879,A,104,6025,-85,/dev/serial/by-path/pci-0000:05:00.3-usb-0:2.1.1:1.0-port0
1790754964.0904,B,93,6023,-80,/dev/serial/by-path/pci-0000:05:00.3-usb-0:2.1.2:1.0-port0
1790754964.1339,A,105,6072,-89,/dev/serial/by-path/pci-0000:05:00.3-usb-0:2.1.1:1.0-port0
1790754964.1363,C,96,6068,-70,/dev/serial/by-path/pci-0000:05:00.3-usb-0:2.1.3:1.0-port0
1790754964.1409,B,94,6074,-71,/dev/serial/by-path/pci-0000:05:00.3-usb-0:2.1.2:1.0-port0
1790754964.1863,C,97,6118,-71,/dev/serial/by-path/pci-0000:05:00.3-usb-0:2.1.3:1.0-port0
1790754964.1886,A,106,6127,-79,/dev/serial/by-path/pci-0000:05:00.3-usb-0:2.1.1:1.0-port0
1790754964.1902,B,95,6123,-72,/dev/serial/by-path/pci-0000:05:00.3-usb-0:2.1.2:1.0-port0
1790754964.2223,B,96,6155,-82,/dev/serial/by-path/pci-0000:05:00.3-usb-0:2.1.2:1.0-port0
1790754964.2362,C,98,6168,-82,/dev/serial/by-path/pci-0000:05:00.3-usb-0:2.1.3:1.0-port0
1790754964.2386,A,107,6177,-84,/dev/serial/by-path/pci-0000:05:00.3-usb-0:2.1.1:1.0-port0
1790754964.2635,B,97,6197,-70,/dev/serial/by-path/pci-0000:05:00.3-usb-0:2.1.2:1.0-port0
1790754964.2653,C,99,6197,-70,/dev/serial/by-path/pci-0000:05:00.3-usb-0:2.1.3:1.0-port0
1790754964.3129,B,98,6246,-71,/dev/serial/by-path/pci-0000:05:00.3-usb-0:2.1.2:1.0-port0
1790754964.3628,C,100,6295,-82,/dev/serial/by-path/pci-0000:05:00.3-usb-0:2.1.3:1.0-port0
1790754964.3631,A,108,6302,-85,/dev/serial/by-path/pci-0000:05:00.3-usb-0:2.1.1:1.0-port0
1790754964.3707,B,99,6304,-83,/dev/serial/by-path/pci-0000:05:00.3-usb-0:2.1.2:1.0-port0
1790754964.4000,B,100,6333,-70,/dev/serial/by-path/pci-0000:05:00.3-usb-0:2.1.2:1.0-port0
1790754964.4273,C,101,6359,-71,/dev/serial/by-path/pci-0000:05:00.3-usb-0:2.1.3:1.0-port0
1790754964.4279,A,109,6367,-89,/dev/serial/by-path/pci-0000:05:00.3-usb-0:2.1.1:1.0-port0
1790754964.4736,C,102,6406,-72,/dev/serial/by-path/pci-0000:05:00.3-usb-0:2.1.3:1.0-port0
1790754964.4739,A,110,6413,-79,/dev/serial/by-path/pci-0000:05:00.3-usb-0:2.1.1:1.0-port0
1790754964.4871,B,101,6421,-71,/dev/serial/by-path/pci-0000:05:00.3-usb-0:2.1.2:1.0-port0
1790754964.4889,A,111,6427,-79,/dev/serial/by-path/pci-0000:05:00.3-usb-0:2.1.1:1.0-port0
1790754964.4907,B,102,6421,-72,/dev/serial/by-path/pci-0000:05:00.3-usb-0:2.1.2:1.0-port0
1790754964.5351,B,103,6468,-80,/dev/serial/by-path/pci-0000:05:00.3-usb-0:2.1.2:1.0-port0
1790754964.5355,C,103,6468,-81,/dev/serial/by-path/pci-0000:05:00.3-usb-0:2.1.3:1.0-port0
1790754964.5387,A,112,6477,-84,/dev/serial/by-path/pci-0000:05:00.3-usb-0:2.1.1:1.0-port0
1790754964.5818,C,104,6513,-71,/dev/serial/by-path/pci-0000:05:00.3-usb-0:2.1.3:1.0-port0
1790754964.5822,A,113,6521,-89,/dev/serial/by-path/pci-0000:05:00.3-usb-0:2.1.1:1.0-port0
1790754964.5824,B,104,6515,-70,/dev/serial/by-path/pci-0000:05:00.3-usb-0:2.1.2:1.0-port0
1790754964.6240,C,105,6556,-72,/dev/serial/by-path/pci-0000:05:00.3-usb-0:2.1.3:1.0-port0
1790754964.6243,A,114,6563,-79,/dev/serial/by-path/pci-0000:05:00.3-usb-0:2.1.1:1.0-port0
1790754964.6404,B,105,6573,-72,/dev/serial/by-path/pci-0000:05:00.3-usb-0:2.1.2:1.0-port0
1790754964.6693,A,115,6608,-88,/dev/serial/by-path/pci-0000:05:00.3-usb-0:2.1.1:1.0-port0
1790754964.6695,C,106,6601,-83,/dev/serial/by-path/pci-0000:05:00.3-usb-0:2.1.3:1.0-port0
1790754964.6865,B,106,6620,-81,/dev/serial/by-path/pci-0000:05:00.3-usb-0:2.1.2:1.0-port0
1790754964.7122,B,107,6645,-71,/dev/serial/by-path/pci-0000:05:00.3-usb-0:2.1.2:1.0-port0
1790754964.7358,C,107,6668,-71,/dev/serial/by-path/pci-0000:05:00.3-usb-0:2.1.3:1.0-port0
1790754964.7393,A,116,6678,-89,/dev/serial/by-path/pci-0000:05:00.3-usb-0:2.1.1:1.0-port0
1790754964.7604,C,108,6692,-72,/dev/serial/by-path/pci-0000:05:00.3-usb-0:2.1.3:1.0-port0
1790754964.7886,A,117,6727,-80,/dev/serial/by-path/pci-0000:05:00.3-usb-0:2.1.1:1.0-port0
1790754964.7904,B,108,6723,-71,/dev/serial/by-path/pci-0000:05:00.3-usb-0:2.1.2:1.0-port0
1790754964.8052,C,109,6737,-84,/dev/serial/by-path/pci-0000:05:00.3-usb-0:2.1.3:1.0-port0
1790754964.8056,A,118,6744,-85,/dev/serial/by-path/pci-0000:05:00.3-usb-0:2.1.1:1.0-port0
1790754964.8062,B,109,6740,-81,/dev/serial/by-path/pci-0000:05:00.3-usb-0:2.1.2:1.0-port0
1790754964.8530,A,119,6792,-90,/dev/serial/by-path/pci-0000:05:00.3-usb-0:2.1.1:1.0-port0
1790754964.8534,C,110,6785,-70,/dev/serial/by-path/pci-0000:05:00.3-usb-0:2.1.3:1.0-port0
1790754964.8622,B,110,6795,-70,/dev/serial/by-path/pci-0000:05:00.3-usb-0:2.1.2:1.0-port0
1790754964.8982,C,111,6830,-71,/dev/serial/by-path/pci-0000:05:00.3-usb-0:2.1.3:1.0-port0
1790754964.8987,A,120,6837,-78,/dev/serial/by-path/pci-0000:05:00.3-usb-0:2.1.1:1.0-port0
1790754964.9233,B,111,6857,-71,/dev/serial/by-path/pci-0000:05:00.3-usb-0:2.1.2:1.0-port0
1790754964.9492,B,112,6882,-80,/dev/serial/by-path/pci-0000:05:00.3-usb-0:2.1.2:1.0-port0
1790754964.9863,C,112,6918,-81,/dev/serial/by-path/pci-0000:05:00.3-usb-0:2.1.3:1.0-port0
1790754964.9884,A,121,6927,-88,/dev/serial/by-path/pci-0000:05:00.3-usb-0:2.1.1:1.0-port0
1790754964.9962,C,113,6928,-71,/dev/serial/by-path/pci-0000:05:00.3-usb-0:2.1.3:1.0-port0
1790754965.0348,B,113,6968,-70,/dev/serial/by-path/pci-0000:05:00.3-usb-0:2.1.2:1.0-port0
1790754965.0353,C,114,6967,-71,/dev/serial/by-path/pci-0000:05:00.3-usb-0:2.1.3:1.0-port0
1790754965.0387,A,122,6977,-91,/dev/serial/by-path/pci-0000:05:00.3-usb-0:2.1.1:1.0-port0
1790754965.0784,B,114,7012,-72,/dev/serial/by-path/pci-0000:05:00.3-usb-0:2.1.2:1.0-port0
1790754965.0787,A,123,7017,-78,/dev/serial/by-path/pci-0000:05:00.3-usb-0:2.1.1:1.0-port0
1790754965.1357,C,115,7068,-83,/dev/serial/by-path/pci-0000:05:00.3-usb-0:2.1.3:1.0-port0
1790754965.1390,A,124,7077,-85,/dev/serial/by-path/pci-0000:05:00.3-usb-0:2.1.1:1.0-port0
1790754965.1405,B,115,7074,-80,/dev/serial/by-path/pci-0000:05:00.3-usb-0:2.1.2:1.0-port0
1790754965.1680,C,116,7100,-70,/dev/serial/by-path/pci-0000:05:00.3-usb-0:2.1.3:1.0-port0
1790754965.1684,A,125,7107,-89,/dev/serial/by-path/pci-0000:05:00.3-usb-0:2.1.1:1.0-port0
1790754965.1684,B,116,7101,-70,/dev/serial/by-path/pci-0000:05:00.3-usb-0:2.1.2:1.0-port0
1790754965.2087,B,117,7142,-72,/dev/serial/by-path/pci-0000:05:00.3-usb-0:2.1.2:1.0-port0
1790754965.2124,A,126,7151,-79,/dev/serial/by-path/pci-0000:05:00.3-usb-0:2.1.1:1.0-port0
1790754965.2245,C,117,7156,-72,/dev/serial/by-path/pci-0000:05:00.3-usb-0:2.1.3:1.0-port0
1790754965.2635,B,118,7197,-81,/dev/serial/by-path/pci-0000:05:00.3-usb-0:2.1.2:1.0-port0
1790754965.2863,C,118,7218,-83,/dev/serial/by-path/pci-0000:05:00.3-usb-0:2.1.3:1.0-port0
1790754965.2886,A,127,7227,-87,/dev/serial/by-path/pci-0000:05:00.3-usb-0:2.1.1:1.0-port0
1790754965.2984,B,119,7232,-70,/dev/serial/by-path/pci-0000:05:00.3-usb-0:2.1.2:1.0-port0
1790754965.3054,C,119,7237,-71,/dev/serial/by-path/pci-0000:05:00.3-usb-0:2.1.3:1.0-port0
1790754965.3057,A,128,7244,-89,/dev/serial/by-path/pci-0000:05:00.3-usb-0:2.1.1:1.0-port0
1790754965.3405,B,120,7274,-71,/dev/serial/by-path/pci-0000:05:00.3-usb-0:2.1.2:1.0-port0
1790754965.3892,A,129,7327,-78,/dev/serial/by-path/pci-0000:05:00.3-usb-0:2.1.1:1.0-port0
1790754965.3900,B,121,7323,-72,/dev/serial/by-path/pci-0000:05:00.3-usb-0:2.1.2:1.0-port0
1790754965.4359,C,120,7368,-85,/dev/serial/by-path/pci-0000:05:00.3-usb-0:2.1.3:1.0-port0
1790754965.4363,A,130,7374,-86,/dev/serial/by-path/pci-0000:05:00.3-usb-0:2.1.1:1.0-port0
1790754965.4365,B,122,7369,-81,/dev/serial/by-path/pci-0000:05:00.3-usb-0:2.1.2:1.0-port0
1790754965.4752,B,123,7408,-70,/dev/serial/by-path/pci-0000:05:00.3-usb-0:2.1.2:1.0-port0
1790754965.4865,C,121,7418,-72,/dev/serial/by-path/pci-0000:05:00.3-usb-0:2.1.3:1.0-port0
1790754965.4884,A,131,7427,-88,/dev/serial/by-path/pci-0000:05:00.3-usb-0:2.1.1:1.0-port0
1790754965.5245,A,132,7463,-78,/dev/serial/by-path/pci-0000:05:00.3-usb-0:2.1.1:1.0-port0
1790754965.5252,C,122,7456,-72,/dev/serial/by-path/pci-0000:05:00.3-usb-0:2.1.3:1.0-port0
1790754965.5259,B,124,7458,-72,/dev/serial/by-path/pci-0000:05:00.3-usb-0:2.1.2:1.0-port0
1790754965.5657,B,125,7499,-77,/dev/serial/by-path/pci-0000:05:00.3-usb-0:2.1.2:1.0-port0
1790754965.5859,C,123,7518,-83,/dev/serial/by-path/pci-0000:05:00.3-usb-0:2.1.3:1.0-port0
1790754965.5892,A,133,7527,-85,/dev/serial/by-path/pci-0000:05:00.3-usb-0:2.1.1:1.0-port0
1790754965.6097,B,126,7543,-70,/dev/serial/by-path/pci-0000:05:00.3-usb-0:2.1.2:1.0-port0
1790754965.6123,C,124,7545,-71,/dev/serial/by-path/pci-0000:05:00.3-usb-0:2.1.3:1.0-port0
1790754965.6126,A,134,7552,-89,/dev/serial/by-path/pci-0000:05:00.3-usb-0:2.1.1:1.0-port0
1790754965.6864,C,125,7618,-72,/dev/serial/by-path/pci-0000:05:00.3-usb-0:2.1.3:1.0-port0
1790754965.6882,A,135,7627,-77,/dev/serial/by-path/pci-0000:05:00.3-usb-0:2.1.1:1.0-port0
1790754965.6892,B,127,7624,-72,/dev/serial/by-path/pci-0000:05:00.3-usb-0:2.1.2:1.0-port0
1790754965.6917,B,128,7624,-72,/dev/serial/by-path/pci-0000:05:00.3-usb-0:2.1.2:1.0-port0
1790754965.7234,C,126,7655,-85,/dev/serial/by-path/pci-0000:05:00.3-usb-0:2.1.3:1.0-port0
1790754965.7347,B,129,7668,-82,/dev/serial/by-path/pci-0000:05:00.3-usb-0:2.1.2:1.0-port0
1790754965.7351,A,136,7674,-89,/dev/serial/by-path/pci-0000:05:00.3-usb-0:2.1.1:1.0-port0
1790754965.7354,C,127,7668,-84,/dev/serial/by-path/pci-0000:05:00.3-usb-0:2.1.3:1.0-port0
1790754965.7803,B,130,7713,-71,/dev/serial/by-path/pci-0000:05:00.3-usb-0:2.1.2:1.0-port0
1790754965.7805,C,128,7712,-71,/dev/serial/by-path/pci-0000:05:00.3-usb-0:2.1.3:1.0-port0
1790754965.7810,A,137,7720,-89,/dev/serial/by-path/pci-0000:05:00.3-usb-0:2.1.1:1.0-port0
1790754965.8306,A,138,7769,-78,/dev/serial/by-path/pci-0000:05:00.3-usb-0:2.1.1:1.0-port0
1790754965.8356,C,129,7768,-72,/dev/serial/by-path/pci-0000:05:00.3-usb-0:2.1.3:1.0-port0
1790754965.8402,B,131,7774,-71,/dev/serial/by-path/pci-0000:05:00.3-usb-0:2.1.2:1.0-port0
1790754965.8860,C,130,7818,-82,/dev/serial/by-path/pci-0000:05:00.3-usb-0:2.1.3:1.0-port0
1790754965.8886,A,139,7827,-85,/dev/serial/by-path/pci-0000:05:00.3-usb-0:2.1.1:1.0-port0
1790754965.8901,B,132,7823,-79,/dev/serial/by-path/pci-0000:05:00.3-usb-0:2.1.2:1.0-port0
1790754965.9135,C,131,7845,-70,/dev/serial/by-path/pci-0000:05:00.3-usb-0:2.1.3:1.0-port0
1790754965.9147,A,140,7853,-91,/dev/serial/by-path/pci-0000:05:00.3-usb-0:2.1.1:1.0-port0
1790754965.9245,B,133,7857,-70,/dev/serial/by-path/pci-0000:05:00.3-usb-0:2.1.2:1.0-port0
1790754965.9629,C,132,7895,-72,/dev/serial/by-path/pci-0000:05:00.3-usb-0:2.1.3:1.0-port0
1790754965.9632,A,141,7901,-78,/dev/serial/by-path/pci-0000:05:00.3-usb-0:2.1.1:1.0-port0
1790754965.9647,B,134,7898,-71,/dev/serial/by-path/pci-0000:05:00.3-usb-0:2.1.2:1.0-port0
1790754966.0071,B,135,7940,-80,/dev/serial/by-path/pci-0000:05:00.3-usb-0:2.1.2:1.0-port0
1790754966.0136,C,133,7946,-83,/dev/serial/by-path/pci-0000:05:00.3-usb-0:2.1.3:1.0-port0
1790754966.0141,A,142,7952,-85,/dev/serial/by-path/pci-0000:05:00.3-usb-0:2.1.1:1.0-port0
1790754966.0855,C,134,8018,-71,/dev/serial/by-path/pci-0000:05:00.3-usb-0:2.1.3:1.0-port0
1790754966.0894,A,143,8028,-89,/dev/serial/by-path/pci-0000:05:00.3-usb-0:2.1.1:1.0-port0
1790754966.0900,B,136,8024,-71,/dev/serial/by-path/pci-0000:05:00.3-usb-0:2.1.2:1.0-port0
1790754966.1020,B,137,8035,-71,/dev/serial/by-path/pci-0000:05:00.3-usb-0:2.1.2:1.0-port0
1790754966.1023,A,144,8041,-78,/dev/serial/by-path/pci-0000:05:00.3-usb-0:2.1.1:1.0-port0
1790754966.1026,C,135,8034,-73,/dev/serial/by-path/pci-0000:05:00.3-usb-0:2.1.3:1.0-port0
1790754966.1365,C,136,8068,-72,/dev/serial/by-path/pci-0000:05:00.3-usb-0:2.1.3:1.0-port0
1790754966.1373,A,145,8075,-77,/dev/serial/by-path/pci-0000:05:00.3-usb-0:2.1.1:1.0-port0
1790754966.1404,B,138,8073,-71,/dev/serial/by-path/pci-0000:05:00.3-usb-0:2.1.2:1.0-port0
1790754966.1801,B,139,8113,-77,/dev/serial/by-path/pci-0000:05:00.3-usb-0:2.1.2:1.0-port0
1790754966.1863,C,137,8118,-83,/dev/serial/by-path/pci-0000:05:00.3-usb-0:2.1.3:1.0-port0
1790754966.2280,A,146,8167,-89,/dev/serial/by-path/pci-0000:05:00.3-usb-0:2.1.1:1.0-port0
1790754966.2280,B,140,8161,-71,/dev/serial/by-path/pci-0000:05:00.3-usb-0:2.1.2:1.0-port0
1790754966.2363,C,138,8168,-71,/dev/serial/by-path/pci-0000:05:00.3-usb-0:2.1.3:1.0-port0
1790754966.2863,C,139,8218,-71,/dev/serial/by-path/pci-0000:05:00.3-usb-0:2.1.3:1.0-port0
1790754966.2887,A,147,8227,-80,/dev/serial/by-path/pci-0000:05:00.3-usb-0:2.1.1:1.0-port0
1790754966.2902,B,141,8223,-71,/dev/serial/by-path/pci-0000:05:00.3-usb-0:2.1.2:1.0-port0
1790754966.3240,A,148,8262,-86,/dev/serial/by-path/pci-0000:05:00.3-usb-0:2.1.1:1.0-port0
1790754966.3363,C,140,8268,-82,/dev/serial/by-path/pci-0000:05:00.3-usb-0:2.1.3:1.0-port0
1790754966.3410,B,142,8273,-78,/dev/serial/by-path/pci-0000:05:00.3-usb-0:2.1.2:1.0-port0
1790754966.3694,B,143,8303,-71,/dev/serial/by-path/pci-0000:05:00.3-usb-0:2.1.2:1.0-port0
1790754966.3864,C,141,8318,-72,/dev/serial/by-path/pci-0000:05:00.3-usb-0:2.1.3:1.0-port0
1790754966.3890,A,149,8327,-88,/dev/serial/by-path/pci-0000:05:00.3-usb-0:2.1.1:1.0-port0
1790754966.4387,A,150,8377,-80,/dev/serial/by-path/pci-0000:05:00.3-usb-0:2.1.1:1.0-port0
1790754966.4697,B,144,8403,-77,/dev/serial/by-path/pci-0000:05:00.3-usb-0:2.1.2:1.0-port0
1790754966.4700,C,142,8401,-82,/dev/serial/by-path/pci-0000:05:00.3-usb-0:2.1.3:1.0-port0
1790754966.4703,A,151,8408,-84,/dev/serial/by-path/pci-0000:05:00.3-usb-0:2.1.1:1.0-port0
1790754966.5264,A,152,8465,-89,/dev/serial/by-path/pci-0000:05:00.3-usb-0:2.1.1:1.0-port0
1790754966.5270,B,145,8459,-70,/dev/serial/by-path/pci-0000:05:00.3-usb-0:2.1.2:1.0-port0
1790754966.5271,C,143,8458,-70,/dev/serial/by-path/pci-0000:05:00.3-usb-0:2.1.3:1.0-port0
1790754966.6323,B,146,8565,-78,/dev/serial/by-path/pci-0000:05:00.3-usb-0:2.1.2:1.0-port0
1790754966.6363,C,144,8568,-83,/dev/serial/by-path/pci-0000:05:00.3-usb-0:2.1.3:1.0-port0
1790754966.6386,A,153,8577,-88,/dev/serial/by-path/pci-0000:05:00.3-usb-0:2.1.1:1.0-port0
1790754966.6482,B,147,8581,-70,/dev/serial/by-path/pci-0000:05:00.3-usb-0:2.1.2:1.0-port0
1790754966.6663,C,145,8598,-72,/dev/serial/by-path/pci-0000:05:00.3-usb-0:2.1.3:1.0-port0
1790754966.6695,A,154,8608,-88,/dev/serial/by-path/pci-0000:05:00.3-usb-0:2.1.1:1.0-port0
1790754966.7252,C,146,8657,-72,/dev/serial/by-path/pci-0000:05:00.3-usb-0:2.1.3:1.0-port0
1790754966.7253,B,148,8659,-72,/dev/serial/by-path/pci-0000:05:00.3-usb-0:2.1.2:1.0-port0
1790754966.7267,A,155,8665,-79,/dev/serial/by-path/pci-0000:05:00.3-usb-0:2.1.1:1.0-port0
1790754966.7755,A,156,8714,-88,/dev/serial/by-path/pci-0000:05:00.3-usb-0:2.1.1:1.0-port0
1790754966.7759,C,147,8708,-76,/dev/serial/by-path/pci-0000:05:00.3-usb-0:2.1.3:1.0-port0
1790754966.7902,B,149,8723,-80,/dev/serial/by-path/pci-0000:05:00.3-usb-0:2.1.2:1.0-port0
1790754966.8330,C,148,8765,-70,/dev/serial/by-path/pci-0000:05:00.3-usb-0:2.1.3:1.0-port0
1790754966.8331,A,157,8772,-88,/dev/serial/by-path/pci-0000:05:00.3-usb-0:2.1.1:1.0-port0
1790754966.8406,B,150,8774,-71,/dev/serial/by-path/pci-0000:05:00.3-usb-0:2.1.2:1.0-port0
1790754966.8886,A,158,8827,-78,/dev/serial/by-path/pci-0000:05:00.3-usb-0:2.1.1:1.0-port0
1790754966.9355,C,149,8868,-77,/dev/serial/by-path/pci-0000:05:00.3-usb-0:2.1.3:1.0-port0
1790754966.9386,A,159,8877,-85,/dev/serial/by-path/pci-0000:05:00.3-usb-0:2.1.1:1.0-port0
1790754966.9403,B,151,8873,-79,/dev/serial/by-path/pci-0000:05:00.3-usb-0:2.1.2:1.0-port0
1790754966.9724,C,150,8904,-71,/dev/serial/by-path/pci-0000:05:00.3-usb-0:2.1.3:1.0-port0
1790754966.9725,A,160,8911,-88,/dev/serial/by-path/pci-0000:05:00.3-usb-0:2.1.1:1.0-port0
1790754966.9747,B,152,8907,-70,/dev/serial/by-path/pci-0000:05:00.3-usb-0:2.1.2:1.0-port0
1790754967.0357,C,151,8968,-72,/dev/serial/by-path/pci-0000:05:00.3-usb-0:2.1.3:1.0-port0
1790754967.0391,A,161,8977,-78,/dev/serial/by-path/pci-0000:05:00.3-usb-0:2.1.1:1.0-port0
1790754967.0401,B,153,8973,-71,/dev/serial/by-path/pci-0000:05:00.3-usb-0:2.1.2:1.0-port0
1790754967.0631,A,162,9002,-86,/dev/serial/by-path/pci-0000:05:00.3-usb-0:2.1.1:1.0-port0
1790754967.0634,C,152,8995,-77,/dev/serial/by-path/pci-0000:05:00.3-usb-0:2.1.3:1.0-port0
1790754967.0911,B,154,9024,-78,/dev/serial/by-path/pci-0000:05:00.3-usb-0:2.1.2:1.0-port0
1790754967.1093,A,163,9048,-89,/dev/serial/by-path/pci-0000:05:00.3-usb-0:2.1.1:1.0-port0
1790754967.1099,B,155,9043,-70,/dev/serial/by-path/pci-0000:05:00.3-usb-0:2.1.2:1.0-port0
1790754967.1100,C,153,9041,-72,/dev/serial/by-path/pci-0000:05:00.3-usb-0:2.1.3:1.0-port0
1790754967.1863,C,154,9118,-72,/dev/serial/by-path/pci-0000:05:00.3-usb-0:2.1.3:1.0-port0
1790754967.1884,A,164,9127,-80,/dev/serial/by-path/pci-0000:05:00.3-usb-0:2.1.1:1.0-port0
1790754967.1907,B,156,9123,-72,/dev/serial/by-path/pci-0000:05:00.3-usb-0:2.1.2:1.0-port0
1790754967.1985,B,157,9131,-78,/dev/serial/by-path/pci-0000:05:00.3-usb-0:2.1.2:1.0-port0
1790754967.1986,C,155,9130,-77,/dev/serial/by-path/pci-0000:05:00.3-usb-0:2.1.3:1.0-port0
1790754967.2586,C,156,9190,-70,/dev/serial/by-path/pci-0000:05:00.3-usb-0:2.1.3:1.0-port0
1790754967.2588,B,158,9192,-70,/dev/serial/by-path/pci-0000:05:00.3-usb-0:2.1.2:1.0-port0
1790754967.2592,A,165,9198,-88,/dev/serial/by-path/pci-0000:05:00.3-usb-0:2.1.1:1.0-port0
1790754967.2882,B,159,9221,-70,/dev/serial/by-path/pci-0000:05:00.3-usb-0:2.1.2:1.0-port0
1790754967.2886,A,166,9227,-87,/dev/serial/by-path/pci-0000:05:00.3-usb-0:2.1.1:1.0-port0
1790754967.3362,B,160,9269,-69,/dev/serial/by-path/pci-0000:05:00.3-usb-0:2.1.2:1.0-port0
1790754967.3366,A,167,9275,-78,/dev/serial/by-path/pci-0000:05:00.3-usb-0:2.1.1:1.0-port0
1790754967.3368,C,157,9269,-73,/dev/serial/by-path/pci-0000:05:00.3-usb-0:2.1.3:1.0-port0
1790754967.3841,C,158,9316,-79,/dev/serial/by-path/pci-0000:05:00.3-usb-0:2.1.3:1.0-port0
1790754967.3844,A,168,9322,-88,/dev/serial/by-path/pci-0000:05:00.3-usb-0:2.1.1:1.0-port0
1790754967.3845,B,161,9318,-77,/dev/serial/by-path/pci-0000:05:00.3-usb-0:2.1.2:1.0-port0
1790754967.4242,A,169,9362,-88,/dev/serial/by-path/pci-0000:05:00.3-usb-0:2.1.1:1.0-port0
1790754967.4284,C,159,9360,-72,/dev/serial/by-path/pci-0000:05:00.3-usb-0:2.1.3:1.0-port0
1790754967.4288,B,162,9361,-70,/dev/serial/by-path/pci-0000:05:00.3-usb-0:2.1.2:1.0-port0
1790754967.4782,A,170,9417,-81,/dev/serial/by-path/pci-0000:05:00.3-usb-0:2.1.1:1.0-port0
1790754967.5116,C,160,9443,-78,/dev/serial/by-path/pci-0000:05:00.3-usb-0:2.1.3:1.0-port0
1790754967.5118,A,171,9450,-88,/dev/serial/by-path/pci-0000:05:00.3-usb-0:2.1.1:1.0-port0
1790754967.5122,B,163,9445,-77,/dev/serial/by-path/pci-0000:05:00.3-usb-0:2.1.2:1.0-port0
1790754967.5594,B,164,9491,-70,/dev/serial/by-path/pci-0000:05:00.3-usb-0:2.1.2:1.0-port0
1790754967.5596,C,161,9490,-70,/dev/serial/by-path/pci-0000:05:00.3-usb-0:2.1.3:1.0-port0
1790754967.5836,A,172,9522,-88,/dev/serial/by-path/pci-0000:05:00.3-usb-0:2.1.1:1.0-port0
1790754967.6017,B,165,9535,-70,/dev/serial/by-path/pci-0000:05:00.3-usb-0:2.1.2:1.0-port0
1790754967.6083,C,162,9540,-71,/dev/serial/by-path/pci-0000:05:00.3-usb-0:2.1.3:1.0-port0
1790754967.6084,A,173,9546,-78,/dev/serial/by-path/pci-0000:05:00.3-usb-0:2.1.1:1.0-port0
1790754967.6654,B,166,9598,-78,/dev/serial/by-path/pci-0000:05:00.3-usb-0:2.1.2:1.0-port0
1790754967.6657,C,163,9597,-78,/dev/serial/by-path/pci-0000:05:00.3-usb-0:2.1.3:1.0-port0
1790754967.6659,A,174,9604,-92,/dev/serial/by-path/pci-0000:05:00.3-usb-0:2.1.1:1.0-port0
1790754967.6907,B,167,9624,-80,/dev/serial/by-path/pci-0000:05:00.3-usb-0:2.1.2:1.0-port0
1790754967.7292,C,164,9661,-71,/dev/serial/by-path/pci-0000:05:00.3-usb-0:2.1.3:1.0-port0
1790754967.7296,A,175,9668,-88,/dev/serial/by-path/pci-0000:05:00.3-usb-0:2.1.1:1.0-port0
1790754967.7404,B,168,9673,-70,/dev/serial/by-path/pci-0000:05:00.3-usb-0:2.1.2:1.0-port0
1790754967.7803,A,176,9719,-78,/dev/serial/by-path/pci-0000:05:00.3-usb-0:2.1.1:1.0-port0
1790754967.7804,C,165,9712,-72,/dev/serial/by-path/pci-0000:05:00.3-usb-0:2.1.3:1.0-port0
1790754967.7807,B,169,9713,-71,/dev/serial/by-path/pci-0000:05:00.3-usb-0:2.1.2:1.0-port0
1790754967.8234,C,166,9755,-78,/dev/serial/by-path/pci-0000:05:00.3-usb-0:2.1.3:1.0-port0
1790754967.8239,B,170,9757,-75,/dev/serial/by-path/pci-0000:05:00.3-usb-0:2.1.2:1.0-port0
1790754967.8240,A,177,9762,-90,/dev/serial/by-path/pci-0000:05:00.3-usb-0:2.1.1:1.0-port0
1790754967.8698,B,171,9803,-70,/dev/serial/by-path/pci-0000:05:00.3-usb-0:2.1.2:1.0-port0
1790754967.8704,A,178,9809,-89,/dev/serial/by-path/pci-0000:05:00.3-usb-0:2.1.1:1.0-port0
1790754967.8743,C,167,9806,-71,/dev/serial/by-path/pci-0000:05:00.3-usb-0:2.1.3:1.0-port0
1790754967.9358,C,168,9868,-72,/dev/serial/by-path/pci-0000:05:00.3-usb-0:2.1.3:1.0-port0
1790754967.9387,A,179,9877,-78,/dev/serial/by-path/pci-0000:05:00.3-usb-0:2.1.1:1.0-port0
1790754967.9403,B,172,9873,-70,/dev/serial/by-path/pci-0000:05:00.3-usb-0:2.1.2:1.0-port0
1790754967.9672,A,180,9905,-87,/dev/serial/by-path/pci-0000:05:00.3-usb-0:2.1.1:1.0-port0
1790754967.9676,C,169,9899,-79,/dev/serial/by-path/pci-0000:05:00.3-usb-0:2.1.3:1.0-port0
1790754967.9907,B,173,9924,-78,/dev/serial/by-path/pci-0000:05:00.3-usb-0:2.1.2:1.0-port0
1790754968.0110,C,170,9943,-70,/dev/serial/by-path/pci-0000:05:00.3-usb-0:2.1.3:1.0-port0
1790754968.0134,B,174,9947,-71,/dev/serial/by-path/pci-0000:05:00.3-usb-0:2.1.2:1.0-port0
1790754968.0141,A,181,9953,-91,/dev/serial/by-path/pci-0000:05:00.3-usb-0:2.1.1:1.0-port0
1790754968.1033,C,171,10035,-83,/dev/serial/by-path/pci-0000:05:00.3-usb-0:2.1.3:1.0-port0
1790754968.1117,B,175,10045,-78,/dev/serial/by-path/pci-0000:05:00.3-usb-0:2.1.2:1.0-port0
1790754968.1236,A,182,10062,-90,/dev/serial/by-path/pci-0000:05:00.3-usb-0:2.1.1:1.0-port0
1790754968.1494,C,172,10081,-70,/dev/serial/by-path/pci-0000:05:00.3-usb-0:2.1.3:1.0-port0
1790754968.1497,B,176,10083,-71,/dev/serial/by-path/pci-0000:05:00.3-usb-0:2.1.2:1.0-port0
1790754968.1500,A,183,10088,-87,/dev/serial/by-path/pci-0000:05:00.3-usb-0:2.1.1:1.0-port0
1790754968.2202,A,184,10158,-79,/dev/serial/by-path/pci-0000:05:00.3-usb-0:2.1.1:1.0-port0
1790754968.2205,C,173,10153,-83,/dev/serial/by-path/pci-0000:05:00.3-usb-0:2.1.3:1.0-port0
1790754968.2248,B,177,10158,-71,/dev/serial/by-path/pci-0000:05:00.3-usb-0:2.1.2:1.0-port0
1790754968.2561,C,174,10188,-78,/dev/serial/by-path/pci-0000:05:00.3-usb-0:2.1.3:1.0-port0
1790754968.2738,B,178,10207,-79,/dev/serial/by-path/pci-0000:05:00.3-usb-0:2.1.2:1.0-port0
1790754968.2740,A,185,10212,-86,/dev/serial/by-path/pci-0000:05:00.3-usb-0:2.1.1:1.0-port0
1790754968.3070,B,179,10240,-70,/dev/serial/by-path/pci-0000:05:00.3-usb-0:2.1.2:1.0-port0
1790754968.3074,C,175,10239,-71,/dev/serial/by-path/pci-0000:05:00.3-usb-0:2.1.3:1.0-port0
1790754968.3626,C,176,10295,-71,/dev/serial/by-path/pci-0000:05:00.3-usb-0:2.1.3:1.0-port0
1790754968.3628,A,186,10301,-79,/dev/serial/by-path/pci-0000:05:00.3-usb-0:2.1.1:1.0-port0
1790754968.3887,A,187,10327,-78,/dev/serial/by-path/pci-0000:05:00.3-usb-0:2.1.1:1.0-port0
1790754968.3910,B,180,10324,-72,/dev/serial/by-path/pci-0000:05:00.3-usb-0:2.1.2:1.0-port0
1790754968.4326,B,181,10366,-78,/dev/serial/by-path/pci-0000:05:00.3-usb-0:2.1.2:1.0-port0
1790754968.4332,A,188,10372,-85,/dev/serial/by-path/pci-0000:05:00.3-usb-0:2.1.1:1.0-port0
1790754968.4363,C,177,10368,-80,/dev/serial/by-path/pci-0000:05:00.3-usb-0:2.1.3:1.0-port0
1790754968.4736,C,178,10405,-72,/dev/serial/by-path/pci-0000:05:00.3-usb-0:2.1.3:1.0-port0
1790754968.4887,A,189,10427,-88,/dev/serial/by-path/pci-0000:05:00.3-usb-0:2.1.1:1.0-port0
1790754968.4890,B,182,10422,-70,/dev/serial/by-path/pci-0000:05:00.3-usb-0:2.1.2:1.0-port0
1790754968.5193,C,179,10451,-72,/dev/serial/by-path/pci-0000:05:00.3-usb-0:2.1.3:1.0-port0
1790754968.5197,A,190,10458,-79,/dev/serial/by-path/pci-0000:05:00.3-usb-0:2.1.1:1.0-port0
1790754968.5201,B,183,10453,-71,/dev/serial/by-path/pci-0000:05:00.3-usb-0:2.1.2:1.0-port0
1790754968.5613,C,180,10494,-81,/dev/serial/by-path/pci-0000:05:00.3-usb-0:2.1.3:1.0-port0
1790754968.5887,A,191,10527,-86,/dev/serial/by-path/pci-0000:05:00.3-usb-0:2.1.1:1.0-port0
1790754968.5903,B,184,10523,-79,/dev/serial/by-path/pci-0000:05:00.3-usb-0:2.1.2:1.0-port0
1790754968.6106,C,181,10543,-70,/dev/serial/by-path/pci-0000:05:00.3-usb-0:2.1.3:1.0-port0
1790754968.6108,B,185,10544,-70,/dev/serial/by-path/pci-0000:05:00.3-usb-0:2.1.2:1.0-port0
1790754968.6113,A,192,10550,-89,/dev/serial/by-path/pci-0000:05:00.3-usb-0:2.1.1:1.0-port0
1790754968.6910,B,186,10624,-71,/dev/serial/by-path/pci-0000:05:00.3-usb-0:2.1.2:1.0-port0
1790754968.6973,B,187,10630,-80,/dev/serial/by-path/pci-0000:05:00.3-usb-0:2.1.2:1.0-port0
1790754968.6977,C,182,10629,-81,/dev/serial/by-path/pci-0000:05:00.3-usb-0:2.1.3:1.0-port0
1790754968.7383,B,188,10671,-80,/dev/serial/by-path/pci-0000:05:00.3-usb-0:2.1.2:1.0-port0
1790754968.7386,A,193,10677,-91,/dev/serial/by-path/pci-0000:05:00.3-usb-0:2.1.1:1.0-port0
1790754968.7791,B,189,10712,-70,/dev/serial/by-path/pci-0000:05:00.3-usb-0:2.1.2:1.0-port0
1790754968.7832,C,183,10715,-72,/dev/serial/by-path/pci-0000:05:00.3-usb-0:2.1.3:1.0-port0
1790754968.7895,A,194,10728,-87,/dev/serial/by-path/pci-0000:05:00.3-usb-0:2.1.1:1.0-port0
1790754968.8363,C,184,10768,-72,/dev/serial/by-path/pci-0000:05:00.3-usb-0:2.1.3:1.0-port0
1790754968.8399,A,195,10777,-79,/dev/serial/by-path/pci-0000:05:00.3-usb-0:2.1.1:1.0-port0
1790754968.8402,B,190,10774,-71,/dev/serial/by-path/pci-0000:05:00.3-usb-0:2.1.2:1.0-port0
1790754968.8758,B,191,10808,-79,/dev/serial/by-path/pci-0000:05:00.3-usb-0:2.1.2:1.0-port0
1790754968.8763,C,185,10807,-80,/dev/serial/by-path/pci-0000:05:00.3-usb-0:2.1.3:1.0-port0
1790754968.8764,A,196,10814,-85,/dev/serial/by-path/pci-0000:05:00.3-usb-0:2.1.1:1.0-port0
1790754968.9532,A,197,10892,-81,/dev/serial/by-path/pci-0000:05:00.3-usb-0:2.1.1:1.0-port0
1790754968.9615,B,192,10894,-70,/dev/serial/by-path/pci-0000:05:00.3-usb-0:2.1.2:1.0-port0
1790754968.9618,C,186,10893,-72,/dev/serial/by-path/pci-0000:05:00.3-usb-0:2.1.3:1.0-port0
1790754969.0084,C,187,10940,-80,/dev/serial/by-path/pci-0000:05:00.3-usb-0:2.1.3:1.0-port0
1790754969.0085,A,198,10947,-86,/dev/serial/by-path/pci-0000:05:00.3-usb-0:2.1.1:1.0-port0
1790754969.0089,B,193,10942,-77,/dev/serial/by-path/pci-0000:05:00.3-usb-0:2.1.2:1.0-port0
1790754969.0438,A,199,10982,-88,/dev/serial/by-path/pci-0000:05:00.3-usb-0:2.1.1:1.0-port0
1790754969.0442,C,188,10975,-70,/dev/serial/by-path/pci-0000:05:00.3-usb-0:2.1.3:1.0-port0
1790754969.1364,C,189,11068,-73,/dev/serial/by-path/pci-0000:05:00.3-usb-0:2.1.3:1.0-port0
1790754969.1388,A,200,11077,-78,/dev/serial/by-path/pci-0000:05:00.3-usb-0:2.1.1:1.0-port0
1790754969.1405,B,194,11073,-70,/dev/serial/by-path/pci-0000:05:00.3-usb-0:2.1.2:1.0-port0
1790754969.1531,C,190,11085,-80,/dev/serial/by-path/pci-0000:05:00.3-usb-0:2.1.3:1.0-port0
1790754969.1822,C,191,11114,-81,/dev/serial/by-path/pci-0000:05:00.3-usb-0:2.1.3:1.0-port0
1790754969.1826,B,195,11115,-78,/dev/serial/by-path/pci-0000:05:00.3-usb-0:2.1.2:1.0-port0
1790754969.1876,A,201,11126,-86,/dev/serial/by-path/pci-0000:05:00.3-usb-0:2.1.1:1.0-port0
1790754969.2359,C,192,11168,-71,/dev/serial/by-path/pci-0000:05:00.3-usb-0:2.1.3:1.0-port0
1790754969.2404,B,196,11173,-70,/dev/serial/by-path/pci-0000:05:00.3-usb-0:2.1.2:1.0-port0
1790754969.2792,A,202,11217,-79,/dev/serial/by-path/pci-0000:05:00.3-usb-0:2.1.1:1.0-port0
1790754969.2822,C,193,11214,-72,/dev/serial/by-path/pci-0000:05:00.3-usb-0:2.1.3:1.0-port0
1790754969.2904,B,197,11223,-71,/dev/serial/by-path/pci-0000:05:00.3-usb-0:2.1.2:1.0-port0
1790754969.3270,C,194,11259,-82,/dev/serial/by-path/pci-0000:05:00.3-usb-0:2.1.3:1.0-port0
1790754969.3273,A,203,11265,-85,/dev/serial/by-path/pci-0000:05:00.3-usb-0:2.1.1:1.0-port0
1790754969.3410,B,198,11274,-78,/dev/serial/by-path/pci-0000:05:00.3-usb-0:2.1.2:1.0-port0
1790754969.3735,C,195,11306,-71,/dev/serial/by-path/pci-0000:05:00.3-usb-0:2.1.3:1.0-port0
1790754969.3743,A,204,11313,-90,/dev/serial/by-path/pci-0000:05:00.3-usb-0:2.1.1:1.0-port0
1790754969.3823,B,199,11315,-70,/dev/serial/by-path/pci-0000:05:00.3-usb-0:2.1.2:1.0-port0
1790754969.4262,B,200,11359,-71,/dev/serial/by-path/pci-0000:05:00.3-usb-0:2.1.2:1.0-port0
1790754969.4359,C,196,11368,-72,/dev/serial/by-path/pci-0000:05:00.3-usb-0:2.1.3:1.0-port0
1790754969.4388,A,205,11377,-80,/dev/serial/by-path/pci-0000:05:00.3-usb-0:2.1.1:1.0-port0
1790754969.4645,A,206,11403,-85,/dev/serial/by-path/pci-0000:05:00.3-usb-0:2.1.1:1.0-port0
1790754969.4866,C,197,11418,-82,/dev/serial/by-path/pci-0000:05:00.3-usb-0:2.1.3:1.0-port0
1790754969.4869,B,201,11420,-77,/dev/serial/by-path/pci-0000:05:00.3-usb-0:2.1.2:1.0-port0
1790754969.5115,C,198,11444,-71,/dev/serial/by-path/pci-0000:05:00.3-usb-0:2.1.3:1.0-port0
1790754969.5390,A,207,11477,-88,/dev/serial/by-path/pci-0000:05:00.3-usb-0:2.1.1:1.0-port0
1790754969.5406,B,202,11473,-70,/dev/serial/by-path/pci-0000:05:00.3-usb-0:2.1.2:1.0-port0
1790754969.5859,C,199,11518,-72,/dev/serial/by-path/pci-0000:05:00.3-usb-0:2.1.3:1.0-port0
1790754969.6060,B,203,11539,-78,/dev/serial/by-path/pci-0000:05:00.3-usb-0:2.1.2:1.0-port0
1790754969.6363,C,200,11568,-81,/dev/serial/by-path/pci-0000:05:00.3-usb-0:2.1.3:1.0-port0
1790754969.6393,A,208,11576,-85,/dev/serial/by-path/pci-0000:05:00.3-usb-0:2.1.1:1.0-port0
1790754969.6540,C,201,11586,-71,/dev/serial/by-path/pci-0000:05:00.3-usb-0:2.1.3:1.0-port0
1790754969.6686,B,204,11602,-69,/dev/serial/by-path/pci-0000:05:00.3-usb-0:2.1.2:1.0-port0
1790754969.6697,A,209,11608,-88,/dev/serial/by-path/pci-0000:05:00.3-usb-0:2.1.1:1.0-port0
1790754969.7508,C,202,11683,-79,/dev/serial/by-path/pci-0000:05:00.3-usb-0:2.1.3:1.0-port0
1790754969.7750,B,205,11708,-79,/dev/serial/by-path/pci-0000:05:00.3-usb-0:2.1.2:1.0-port0
1790754969.7886,A,210,11727,-90,/dev/serial/by-path/pci-0000:05:00.3-usb-0:2.1.1:1.0-port0
1790754969.7966,C,203,11729,-71,/dev/serial/by-path/pci-0000:05:00.3-usb-0:2.1.3:1.0-port0
1790754969.7971,A,211,11736,-89,/dev/serial/by-path/pci-0000:05:00.3-usb-0:2.1.1:1.0-port0
1790754969.7971,B,206,11731,-70,/dev/serial/by-path/pci-0000:05:00.3-usb-0:2.1.2:1.0-port0
1790754969.8890,B,207,11822,-70,/dev/serial/by-path/pci-0000:05:00.3-usb-0:2.1.2:1.0-port0
1790754969.8896,A,212,11828,-80,/dev/serial/by-path/pci-0000:05:00.3-usb-0:2.1.1:1.0-port0
1790754969.9122,C,204,11844,-80,/dev/serial/by-path/pci-0000:05:00.3-usb-0:2.1.3:1.0-port0
1790754969.9327,B,208,11866,-80,/dev/serial/by-path/pci-0000:05:00.3-usb-0:2.1.2:1.0-port0
1790754969.9329,A,213,11871,-90,/dev/serial/by-path/pci-0000:05:00.3-usb-0:2.1.1:1.0-port0
1790754969.9364,C,205,11868,-81,/dev/serial/by-path/pci-0000:05:00.3-usb-0:2.1.3:1.0-port0
1790754969.9713,C,206,11903,-71,/dev/serial/by-path/pci-0000:05:00.3-usb-0:2.1.3:1.0-port0
1790754969.9715,A,214,11910,-87,/dev/serial/by-path/pci-0000:05:00.3-usb-0:2.1.1:1.0-port0
1790754969.9718,B,209,11904,-70,/dev/serial/by-path/pci-0000:05:00.3-usb-0:2.1.2:1.0-port0
1790754970.0170,C,207,11949,-70,/dev/serial/by-path/pci-0000:05:00.3-usb-0:2.1.3:1.0-port0
1790754970.0175,B,210,11950,-72,/dev/serial/by-path/pci-0000:05:00.3-usb-0:2.1.2:1.0-port0
1790754970.0178,A,215,11955,-79,/dev/serial/by-path/pci-0000:05:00.3-usb-0:2.1.1:1.0-port0
1790754970.0859,C,208,12018,-78,/dev/serial/by-path/pci-0000:05:00.3-usb-0:2.1.3:1.0-port0
1790754970.0887,A,216,12027,-87,/dev/serial/by-path/pci-0000:05:00.3-usb-0:2.1.1:1.0-port0
1790754970.0904,B,211,12023,-78,/dev/serial/by-path/pci-0000:05:00.3-usb-0:2.1.2:1.0-port0
1790754970.1006,C,209,12032,-71,/dev/serial/by-path/pci-0000:05:00.3-usb-0:2.1.3:1.0-port0
1790754970.1008,B,212,12034,-70,/dev/serial/by-path/pci-0000:05:00.3-usb-0:2.1.2:1.0-port0
1790754970.1012,A,217,12040,-89,/dev/serial/by-path/pci-0000:05:00.3-usb-0:2.1.1:1.0-port0
1790754970.1410,B,213,12074,-70,/dev/serial/by-path/pci-0000:05:00.3-usb-0:2.1.2:1.0-port0
1790754970.1818,C,210,12115,-71,/dev/serial/by-path/pci-0000:05:00.3-usb-0:2.1.3:1.0-port0
1790754970.1845,C,211,12115,-72,/dev/serial/by-path/pci-0000:05:00.3-usb-0:2.1.3:1.0-port0
1790754970.1888,A,218,12127,-79,/dev/serial/by-path/pci-0000:05:00.3-usb-0:2.1.1:1.0-port0
1790754970.1905,B,214,12123,-70,/dev/serial/by-path/pci-0000:05:00.3-usb-0:2.1.2:1.0-port0
1790754970.2302,B,215,12163,-78,/dev/serial/by-path/pci-0000:05:00.3-usb-0:2.1.2:1.0-port0
1790754970.2306,A,219,12168,-85,/dev/serial/by-path/pci-0000:05:00.3-usb-0:2.1.1:1.0-port0
1790754970.2357,C,212,12168,-80,/dev/serial/by-path/pci-0000:05:00.3-usb-0:2.1.3:1.0-port0
1790754970.2712,A,220,12210,-88,/dev/serial/by-path/pci-0000:05:00.3-usb-0:2.1.1:1.0-port0
1790754970.2716,C,213,12203,-70,/dev/serial/by-path/pci-0000:05:00.3-usb-0:2.1.3:1.0-port0
1790754970.2718,B,216,12204,-70,/dev/serial/by-path/pci-0000:05:00.3-usb-0:2.1.2:1.0-port0
1790754970.3285,C,214,12260,-72,/dev/serial/by-path/pci-0000:05:00.3-usb-0:2.1.3:1.0-port0
1790754970.3289,A,221,12267,-81,/dev/serial/by-path/pci-0000:05:00.3-usb-0:2.1.1:1.0-port0
1790754970.3315,B,217,12265,-71,/dev/serial/by-path/pci-0000:05:00.3-usb-0:2.1.2:1.0-port0
1790754970.3656,C,215,12298,-78,/dev/serial/by-path/pci-0000:05:00.3-usb-0:2.1.3:1.0-port0
1790754970.3657,A,222,12304,-86,/dev/serial/by-path/pci-0000:05:00.3-usb-0:2.1.1:1.0-port0
1790754970.3904,B,218,12324,-78,/dev/serial/by-path/pci-0000:05:00.3-usb-0:2.1.2:1.0-port0
1790754970.4641,B,219,12397,-70,/dev/serial/by-path/pci-0000:05:00.3-usb-0:2.1.2:1.0-port0
1790754970.4686,C,216,12401,-71,/dev/serial/by-path/pci-0000:05:00.3-usb-0:2.1.3:1.0-port0
1790754970.4691,A,223,12408,-79,/dev/serial/by-path/pci-0000:05:00.3-usb-0:2.1.1:1.0-port0
1790754970.5034,C,217,12435,-82,/dev/serial/by-path/pci-0000:05:00.3-usb-0:2.1.3:1.0-port0
1790754970.5038,B,220,12436,-79,/dev/serial/by-path/pci-0000:05:00.3-usb-0:2.1.2:1.0-port0
1790754970.5041,A,224,12442,-88,/dev/serial/by-path/pci-0000:05:00.3-usb-0:2.1.1:1.0-port0
1790754970.5432,C,218,12475,-71,/dev/serial/by-path/pci-0000:05:00.3-usb-0:2.1.3:1.0-port0
1790754970.5647,A,225,12503,-89,/dev/serial/by-path/pci-0000:05:00.3-usb-0:2.1.1:1.0-port0
1790754970.6168,A,226,12555,-79,/dev/serial/by-path/pci-0000:05:00.3-usb-0:2.1.1:1.0-port0
1790754970.6169,B,221,12550,-70,/dev/serial/by-path/pci-0000:05:00.3-usb-0:2.1.2:1.0-port0
1790754970.6185,C,219,12550,-72,/dev/serial/by-path/pci-0000:05:00.3-usb-0:2.1.3:1.0-port0
1790754970.6404,B,222,12573,-71,/dev/serial/by-path/pci-0000:05:00.3-usb-0:2.1.2:1.0-port0
1790754970.6428,C,220,12575,-84,/dev/serial/by-path/pci-0000:05:00.3-usb-0:2.1.3:1.0-port0
1790754970.6840,C,221,12616,-83,/dev/serial/by-path/pci-0000:05:00.3-usb-0:2.1.3:1.0-port0
1790754970.6872,A,227,12626,-85,/dev/serial/by-path/pci-0000:05:00.3-usb-0:2.1.1:1.0-port0
1790754970.6876,B,223,12620,-77,/dev/serial/by-path/pci-0000:05:00.3-usb-0:2.1.2:1.0-port0
1790754970.7248,C,222,12657,-71,/dev/serial/by-path/pci-0000:05:00.3-usb-0:2.1.3:1.0-port0
1790754970.7252,A,228,12663,-88,/dev/serial/by-path/pci-0000:05:00.3-usb-0:2.1.1:1.0-port0
1790754970.7254,B,224,12658,-70,/dev/serial/by-path/pci-0000:05:00.3-usb-0:2.1.2:1.0-port0
1790754970.7749,C,223,12706,-73,/dev/serial/by-path/pci-0000:05:00.3-usb-0:2.1.3:1.0-port0
1790754970.7888,A,229,12727,-79,/dev/serial/by-path/pci-0000:05:00.3-usb-0:2.1.1:1.0-port0
1790754970.7904,B,225,12723,-71,/dev/serial/by-path/pci-0000:05:00.3-usb-0:2.1.2:1.0-port0
1790754970.8273,B,226,12760,-76,/dev/serial/by-path/pci-0000:05:00.3-usb-0:2.1.2:1.0-port0
1790754970.8333,A,230,12772,-86,/dev/serial/by-path/pci-0000:05:00.3-usb-0:2.1.1:1.0-port0
1790754970.8335,C,224,12765,-84,/dev/serial/by-path/pci-0000:05:00.3-usb-0:2.1.3:1.0-port0
1790754970.8665,A,231,12805,-86,/dev/serial/by-path/pci-0000:05:00.3-usb-0:2.1.1:1.0-port0
1790754970.8668,C,225,12799,-71,/dev/serial/by-path/pci-0000:05:00.3-usb-0:2.1.3:1.0-port0
1790754970.8714,B,227,12804,-70,/dev/serial/by-path/pci-0000:05:00.3-usb-0:2.1.2:1.0-port0
1790754970.9135,A,232,12852,-79,/dev/serial/by-path/pci-0000:05:00.3-usb-0:2.1.1:1.0-port0
1790754970.9136,C,226,12845,-73,/dev/serial/by-path/pci-0000:05:00.3-usb-0:2.1.3:1.0-port0
1790754970.9140,B,228,12846,-70,/dev/serial/by-path/pci-0000:05:00.3-usb-0:2.1.2:1.0-port0
1790754970.9580,B,229,12891,-79,/dev/serial/by-path/pci-0000:05:00.3-usb-0:2.1.2:1.0-port0
1790754970.9583,C,227,12890,-84,/dev/serial/by-path/pci-0000:05:00.3-usb-0:2.1.3:1.0-port0
1790754971.0047,B,230,12938,-70,/dev/serial/by-path/pci-0000:05:00.3-usb-0:2.1.2:1.0-port0
1790754971.0052,C,228,12937,-72,/dev/serial/by-path/pci-0000:05:00.3-usb-0:2.1.3:1.0-port0
1790754971.0325,A,233,12971,-86,/dev/serial/by-path/pci-0000:05:00.3-usb-0:2.1.1:1.0-port0
1790754971.1170,C,229,13049,-83,/dev/serial/by-path/pci-0000:05:00.3-usb-0:2.1.3:1.0-port0
1790754971.1173,B,231,13050,-78,/dev/serial/by-path/pci-0000:05:00.3-usb-0:2.1.2:1.0-port0
1790754971.1174,A,234,13056,-86,/dev/serial/by-path/pci-0000:05:00.3-usb-0:2.1.1:1.0-port0
1790754971.1400,B,232,13073,-77,/dev/serial/by-path/pci-0000:05:00.3-usb-0:2.1.2:1.0-port0
1790754971.1869,A,235,13125,-87,/dev/serial/by-path/pci-0000:05:00.3-usb-0:2.1.1:1.0-port0
1790754971.1877,B,233,13121,-70,/dev/serial/by-path/pci-0000:05:00.3-usb-0:2.1.2:1.0-port0
1790754971.2276,B,234,13161,-69,/dev/serial/by-path/pci-0000:05:00.3-usb-0:2.1.2:1.0-port0
1790754971.2304,A,236,13169,-80,/dev/serial/by-path/pci-0000:05:00.3-usb-0:2.1.1:1.0-port0
1790754971.2307,C,230,13162,-76,/dev/serial/by-path/pci-0000:05:00.3-usb-0:2.1.3:1.0-port0
1790754971.2717,A,237,13211,-85,/dev/serial/by-path/pci-0000:05:00.3-usb-0:2.1.1:1.0-port0
1790754971.2722,B,235,13205,-77,/dev/serial/by-path/pci-0000:05:00.3-usb-0:2.1.2:1.0-port0
1790754971.2860,C,231,13218,-78,/dev/serial/by-path/pci-0000:05:00.3-usb-0:2.1.3:1.0-port0
1790754971.3170,B,236,13250,-70,/dev/serial/by-path/pci-0000:05:00.3-usb-0:2.1.2:1.0-port0
1790754971.3174,A,238,13255,-88,/dev/serial/by-path/pci-0000:05:00.3-usb-0:2.1.1:1.0-port0
1790754971.3365,C,232,13268,-73,/dev/serial/by-path/pci-0000:05:00.3-usb-0:2.1.3:1.0-port0
1790754971.3607,B,237,13294,-71,/dev/serial/by-path/pci-0000:05:00.3-usb-0:2.1.2:1.0-port0
1790754971.3610,A,239,13299,-81,/dev/serial/by-path/pci-0000:05:00.3-usb-0:2.1.1:1.0-port0
1790754971.3697,C,233,13302,-75,/dev/serial/by-path/pci-0000:05:00.3-usb-0:2.1.3:1.0-port0
1790754971.4042,C,234,13336,-77,/dev/serial/by-path/pci-0000:05:00.3-usb-0:2.1.3:1.0-port0
1790754971.4045,B,238,13338,-77,/dev/serial/by-path/pci-0000:05:00.3-usb-0:2.1.2:1.0-port0
1790754971.4049,A,240,13343,-86,/dev/serial/by-path/pci-0000:05:00.3-usb-0:2.1.1:1.0-port0
1790754971.4511,C,235,13383,-73,/dev/serial/by-path/pci-0000:05:00.3-usb-0:2.1.3:1.0-port0
1790754971.4577,B,239,13391,-70,/dev/serial/by-path/pci-0000:05:00.3-usb-0:2.1.2:1.0-port0
1790754971.4578,A,241,13396,-90,/dev/serial/by-path/pci-0000:05:00.3-usb-0:2.1.1:1.0-port0
1790754971.4890,A,242,13427,-92,/dev/serial/by-path/pci-0000:05:00.3-usb-0:2.1.1:1.0-port0
1790754971.4891,B,240,13422,-70,/dev/serial/by-path/pci-0000:05:00.3-usb-0:2.1.2:1.0-port0
1790754971.4940,C,236,13426,-74,/dev/serial/by-path/pci-0000:05:00.3-usb-0:2.1.3:1.0-port0
1790754971.5395,A,243,13478,-82,/dev/serial/by-path/pci-0000:05:00.3-usb-0:2.1.1:1.0-port0
1790754971.5402,B,241,13473,-71,/dev/serial/by-path/pci-0000:05:00.3-usb-0:2.1.2:1.0-port0
1790754971.5804,C,237,13512,-78,/dev/serial/by-path/pci-0000:05:00.3-usb-0:2.1.3:1.0-port0
1790754971.5858,B,242,13519,-78,/dev/serial/by-path/pci-0000:05:00.3-usb-0:2.1.2:1.0-port0
1790754971.5862,C,238,13518,-79,/dev/serial/by-path/pci-0000:05:00.3-usb-0:2.1.3:1.0-port0
1790754971.6357,C,239,13568,-72,/dev/serial/by-path/pci-0000:05:00.3-usb-0:2.1.3:1.0-port0
1790754971.6405,B,243,13573,-70,/dev/serial/by-path/pci-0000:05:00.3-usb-0:2.1.2:1.0-port0
1790754971.6748,A,244,13613,-81,/dev/serial/by-path/pci-0000:05:00.3-usb-0:2.1.1:1.0-port0
1790754971.6751,C,240,13607,-73,/dev/serial/by-path/pci-0000:05:00.3-usb-0:2.1.3:1.0-port0
1790754971.6754,B,244,13608,-72,/dev/serial/by-path/pci-0000:05:00.3-usb-0:2.1.2:1.0-port0
1790754971.7173,C,241,13649,-79,/dev/serial/by-path/pci-0000:05:00.3-usb-0:2.1.3:1.0-port0
1790754971.7387,A,245,13677,-82,/dev/serial/by-path/pci-0000:05:00.3-usb-0:2.1.1:1.0-port0
1790754971.7404,B,245,13673,-76,/dev/serial/by-path/pci-0000:05:00.3-usb-0:2.1.2:1.0-port0
1790754971.7601,A,246,13698,-95,/dev/serial/by-path/pci-0000:05:00.3-usb-0:2.1.1:1.0-port0
1790754971.7603,C,242,13692,-71,/dev/serial/by-path/pci-0000:05:00.3-usb-0:2.1.3:1.0-port0
1790754971.7606,B,246,13693,-70,/dev/serial/by-path/pci-0000:05:00.3-usb-0:2.1.2:1.0-port0
1790754971.8060,A,247,13745,-82,/dev/serial/by-path/pci-0000:05:00.3-usb-0:2.1.1:1.0-port0
1790754971.8064,B,247,13740,-71,/dev/serial/by-path/pci-0000:05:00.3-usb-0:2.1.2:1.0-port0
1790754971.8358,C,243,13768,-74,/dev/serial/by-path/pci-0000:05:00.3-usb-0:2.1.3:1.0-port0
1790754971.8495,B,248,13782,-78,/dev/serial/by-path/pci-0000:05:00.3-usb-0:2.1.2:1.0-port0
1790754971.8496,C,244,13781,-79,/dev/serial/by-path/pci-0000:05:00.3-usb-0:2.1.3:1.0-port0
1790754971.8500,A,248,13788,-83,/dev/serial/by-path/pci-0000:05:00.3-usb-0:2.1.1:1.0-port0
1790754971.8914,C,245,13823,-72,/dev/serial/by-path/pci-0000:05:00.3-usb-0:2.1.3:1.0-port0
1790754971.9386,A,249,13877,-93,/dev/serial/by-path/pci-0000:05:00.3-usb-0:2.1.1:1.0-port0
1790754971.9405,B,249,13873,-70,/dev/serial/by-path/pci-0000:05:00.3-usb-0:2.1.2:1.0-port0
1790754971.9811,A,250,13919,-82,/dev/serial/by-path/pci-0000:05:00.3-usb-0:2.1.1:1.0-port0
1790754971.9859,C,246,13918,-73,/dev/serial/by-path/pci-0000:05:00.3-usb-0:2.1.3:1.0-port0
1790754971.9912,B,250,13924,-71,/dev/serial/by-path/pci-0000:05:00.3-usb-0:2.1.2:1.0-port0
1790754972.0227,A,251,13961,-83,/dev/serial/by-path/pci-0000:05:00.3-usb-0:2.1.1:1.0-port0
1790754972.0229,C,247,13955,-81,/dev/serial/by-path/pci-0000:05:00.3-usb-0:2.1.3:1.0-port0
1790754972.0232,B,251,13956,-77,/dev/serial/by-path/pci-0000:05:00.3-usb-0:2.1.2:1.0-port0
1790754972.0630,A,252,14001,-95,/dev/serial/by-path/pci-0000:05:00.3-usb-0:2.1.1:1.0-port0
1790754972.0634,B,252,13996,-69,/dev/serial/by-path/pci-0000:05:00.3-usb-0:2.1.2:1.0-port0
1790754972.0779,C,248,14010,-71,/dev/serial/by-path/pci-0000:05:00.3-usb-0:2.1.3:1.0-port0
1790754972.1141,A,253,14052,-82,/dev/serial/by-path/pci-0000:05:00.3-usb-0:2.1.1:1.0-port0
1790754972.1206,C,249,14053,-74,/dev/serial/by-path/pci-0000:05:00.3-usb-0:2.1.3:1.0-port0
1790754972.1211,B,253,14054,-71,/dev/serial/by-path/pci-0000:05:00.3-usb-0:2.1.2:1.0-port0
1790754972.1822,B,254,14116,-77,/dev/serial/by-path/pci-0000:05:00.3-usb-0:2.1.2:1.0-port0
1790754972.1859,C,250,14118,-82,/dev/serial/by-path/pci-0000:05:00.3-usb-0:2.1.3:1.0-port0
1790754972.1890,A,254,14127,-86,/dev/serial/by-path/pci-0000:05:00.3-usb-0:2.1.1:1.0-port0
1790754972.2051,B,255,14138,-70,/dev/serial/by-path/pci-0000:05:00.3-usb-0:2.1.2:1.0-port0
1790754972.2155,A,255,14154,-94,/dev/serial/by-path/pci-0000:05:00.3-usb-0:2.1.1:1.0-port0
1790754972.2159,C,251,14147,-72,/dev/serial/by-path/pci-0000:05:00.3-usb-0:2.1.3:1.0-port0
1790754972.2882,A,256,14227,-85,/dev/serial/by-path/pci-0000:05:00.3-usb-0:2.1.1:1.0-port0
1790754972.2905,B,256,14224,-71,/dev/serial/by-path/pci-0000:05:00.3-usb-0:2.1.2:1.0-port0
1790754972.3183,C,252,14250,-79,/dev/serial/by-path/pci-0000:05:00.3-usb-0:2.1.3:1.0-port0
1790754972.3357,C,253,14268,-81,/dev/serial/by-path/pci-0000:05:00.3-usb-0:2.1.3:1.0-port0
1790754972.3361,B,257,14269,-77,/dev/serial/by-path/pci-0000:05:00.3-usb-0:2.1.2:1.0-port0
1790754972.3391,A,257,14277,-88,/dev/serial/by-path/pci-0000:05:00.3-usb-0:2.1.1:1.0-port0
1790754972.3793,B,258,14312,-70,/dev/serial/by-path/pci-0000:05:00.3-usb-0:2.1.2:1.0-port0
1790754972.3864,C,254,14318,-72,/dev/serial/by-path/pci-0000:05:00.3-usb-0:2.1.3:1.0-port0
1790754972.3886,A,258,14327,-88,/dev/serial/by-path/pci-0000:05:00.3-usb-0:2.1.1:1.0-port0
1790754972.4864,C,255,14418,-82,/dev/serial/by-path/pci-0000:05:00.3-usb-0:2.1.3:1.0-port0
1790754972.4889,A,259,14427,-93,/dev/serial/by-path/pci-0000:05:00.3-usb-0:2.1.1:1.0-port0
1790754972.4910,B,259,14424,-77,/dev/serial/by-path/pci-0000:05:00.3-usb-0:2.1.2:1.0-port0
1790754972.5192,B,260,14452,-70,/dev/serial/by-path/pci-0000:05:00.3-usb-0:2.1.2:1.0-port0
1790754972.5199,A,260,14458,-86,/dev/serial/by-path/pci-0000:05:00.3-usb-0:2.1.1:1.0-port0
1790754972.5256,C,256,14457,-71,/dev/serial/by-path/pci-0000:05:00.3-usb-0:2.1.3:1.0-port0
1790754972.5689,A,261,14507,-81,/dev/serial/by-path/pci-0000:05:00.3-usb-0:2.1.1:1.0-port0
1790754972.5694,C,257,14501,-72,/dev/serial/by-path/pci-0000:05:00.3-usb-0:2.1.3:1.0-port0
1790754972.5697,B,261,14502,-71,/dev/serial/by-path/pci-0000:05:00.3-usb-0:2.1.2:1.0-port0
1790754972.6143,C,258,14546,-79,/dev/serial/by-path/pci-0000:05:00.3-usb-0:2.1.3:1.0-port0
1790754972.6146,A,262,14552,-90,/dev/serial/by-path/pci-0000:05:00.3-usb-0:2.1.1:1.0-port0
1790754972.6248,B,262,14557,-79,/dev/serial/by-path/pci-0000:05:00.3-usb-0:2.1.2:1.0-port0
1790754972.6640,B,263,14598,-69,/dev/serial/by-path/pci-0000:05:00.3-usb-0:2.1.2:1.0-port0
1790754972.6656,C,259,14597,-70,/dev/serial/by-path/pci-0000:05:00.3-usb-0:2.1.3:1.0-port0
1790754972.6662,A,263,14604,-85,/dev/serial/by-path/pci-0000:05:00.3-usb-0:2.1.1:1.0-port0
1790754972.7044,B,264,14637,-70,/dev/serial/by-path/pci-0000:05:00.3-usb-0:2.1.2:1.0-port0
1790754972.7045,C,260,14636,-72,/dev/serial/by-path/pci-0000:05:00.3-usb-0:2.1.3:1.0-port0
1790754972.7049,A,264,14643,-79,/dev/serial/by-path/pci-0000:05:00.3-usb-0:2.1.1:1.0-port0
1790754972.7441,C,261,14676,-77,/dev/serial/by-path/pci-0000:05:00.3-usb-0:2.1.3:1.0-port0
1790754972.7442,A,265,14682,-84,/dev/serial/by-path/pci-0000:05:00.3-usb-0:2.1.1:1.0-port0
1790754972.7702,B,265,14703,-78,/dev/serial/by-path/pci-0000:05:00.3-usb-0:2.1.2:1.0-port0
1790754972.7904,B,266,14723,-77,/dev/serial/by-path/pci-0000:05:00.3-usb-0:2.1.2:1.0-port0
1790754972.8313,B,267,14764,-70,/dev/serial/by-path/pci-0000:05:00.3-usb-0:2.1.2:1.0-port0
1790754972.8356,C,262,14768,-72,/dev/serial/by-path/pci-0000:05:00.3-usb-0:2.1.3:1.0-port0
1790754972.8734,C,263,14805,-74,/dev/serial/by-path/pci-0000:05:00.3-usb-0:2.1.3:1.0-port0
1790754972.8735,A,266,14812,-83,/dev/serial/by-path/pci-0000:05:00.3-usb-0:2.1.1:1.0-port0
1790754972.8757,B,268,14809,-70,/dev/serial/by-path/pci-0000:05:00.3-usb-0:2.1.2:1.0-port0
1790754972.9353,C,264,14867,-84,/dev/serial/by-path/pci-0000:05:00.3-usb-0:2.1.3:1.0-port0
1790754972.9354,B,269,14868,-78,/dev/serial/by-path/pci-0000:05:00.3-usb-0:2.1.2:1.0-port0
1790754972.9357,A,267,14873,-87,/dev/serial/by-path/pci-0000:05:00.3-usb-0:2.1.1:1.0-port0
1790754972.9702,B,270,14903,-70,/dev/serial/by-path/pci-0000:05:00.3-usb-0:2.1.2:1.0-port0
1790754972.9703,A,268,14909,-88,/dev/serial/by-path/pci-0000:05:00.3-usb-0:2.1.1:1.0-port0
1790754972.9864,C,265,14918,-71,/dev/serial/by-path/pci-0000:05:00.3-usb-0:2.1.3:1.0-port0
1790754973.0107,A,269,14949,-80,/dev/serial/by-path/pci-0000:05:00.3-usb-0:2.1.1:1.0-port0
1790754973.0363,C,266,14968,-73,/dev/serial/by-path/pci-0000:05:00.3-usb-0:2.1.3:1.0-port0
1790754973.0607,B,271,14994,-78,/dev/serial/by-path/pci-0000:05:00.3-usb-0:2.1.2:1.0-port0
1790754973.0609,A,270,14999,-83,/dev/serial/by-path/pci-0000:05:00.3-usb-0:2.1.1:1.0-port0
1790754973.0864,C,267,15018,-79,/dev/serial/by-path/pci-0000:05:00.3-usb-0:2.1.3:1.0-port0
1790754973.1058,B,272,15039,-70,/dev/serial/by-path/pci-0000:05:00.3-usb-0:2.1.2:1.0-port0
1790754973.1063,A,271,15044,-88,/dev/serial/by-path/pci-0000:05:00.3-usb-0:2.1.1:1.0-port0
1790754973.1066,C,268,15038,-72,/dev/serial/by-path/pci-0000:05:00.3-usb-0:2.1.3:1.0-port0
1790754973.1488,A,272,15087,-82,/dev/serial/by-path/pci-0000:05:00.3-usb-0:2.1.1:1.0-port0
1790754973.1493,C,269,15081,-73,/dev/serial/by-path/pci-0000:05:00.3-usb-0:2.1.3:1.0-port0
1790754973.1496,B,273,15082,-72,/dev/serial/by-path/pci-0000:05:00.3-usb-0:2.1.2:1.0-port0
1790754973.1904,B,274,15124,-71,/dev/serial/by-path/pci-0000:05:00.3-usb-0:2.1.2:1.0-port0
1790754973.1950,C,270,15127,-78,/dev/serial/by-path/pci-0000:05:00.3-usb-0:2.1.3:1.0-port0
1790754973.2387,A,273,15177,-83,/dev/serial/by-path/pci-0000:05:00.3-usb-0:2.1.1:1.0-port0
1790754973.2403,B,275,15173,-78,/dev/serial/by-path/pci-0000:05:00.3-usb-0:2.1.2:1.0-port0
1790754973.2822,A,274,15220,-91,/dev/serial/by-path/pci-0000:05:00.3-usb-0:2.1.1:1.0-port0
1790754973.2858,C,271,15218,-71,/dev/serial/by-path/pci-0000:05:00.3-usb-0:2.1.3:1.0-port0
1790754973.3863,C,272,15318,-84,/dev/serial/by-path/pci-0000:05:00.3-usb-0:2.1.3:1.0-port0
1790754973.3912,B,276,15323,-77,/dev/serial/by-path/pci-0000:05:00.3-usb-0:2.1.2:1.0-port0
1790754973.4215,B,277,15355,-70,/dev/serial/by-path/pci-0000:05:00.3-usb-0:2.1.2:1.0-port0
1790754973.4257,C,273,15358,-72,/dev/serial/by-path/pci-0000:05:00.3-usb-0:2.1.3:1.0-port0
1790754973.4264,A,275,15365,-85,/dev/serial/by-path/pci-0000:05:00.3-usb-0:2.1.1:1.0-port0
1790754973.4700,B,278,15403,-72,/dev/serial/by-path/pci-0000:05:00.3-usb-0:2.1.2:1.0-port0
1790754973.4701,A,276,15408,-85,/dev/serial/by-path/pci-0000:05:00.3-usb-0:2.1.1:1.0-port0
1790754973.4746,C,274,15406,-73,/dev/serial/by-path/pci-0000:05:00.3-usb-0:2.1.3:1.0-port0
1790754973.5358,C,275,15468,-81,/dev/serial/by-path/pci-0000:05:00.3-usb-0:2.1.3:1.0-port0
1790754973.5372,B,279,15470,-78,/dev/serial/by-path/pci-0000:05:00.3-usb-0:2.1.2:1.0-port0
1790754973.5560,A,277,15494,-86,/dev/serial/by-path/pci-0000:05:00.3-usb-0:2.1.1:1.0-port0
1790754973.5784,B,280,15511,-70,/dev/serial/by-path/pci-0000:05:00.3-usb-0:2.1.2:1.0-port0
1790754973.5785,C,276,15510,-71,/dev/serial/by-path/pci-0000:05:00.3-usb-0:2.1.3:1.0-port0
1790754973.6061,C,277,15538,-72,/dev/serial/by-path/pci-0000:05:00.3-usb-0:2.1.3:1.0-port0
1790754973.6389,A,278,15577,-86,/dev/serial/by-path/pci-0000:05:00.3-usb-0:2.1.1:1.0-port0
1790754973.6405,B,281,15573,-71,/dev/serial/by-path/pci-0000:05:00.3-usb-0:2.1.2:1.0-port0
1790754973.6532,C,278,15585,-78,/dev/serial/by-path/pci-0000:05:00.3-usb-0:2.1.3:1.0-port0
1790754973.6534,B,282,15586,-77,/dev/serial/by-path/pci-0000:05:00.3-usb-0:2.1.2:1.0-port0
1790754973.6632,A,279,15602,-84,/dev/serial/by-path/pci-0000:05:00.3-usb-0:2.1.1:1.0-port0
1790754973.6975,C,279,15630,-71,/dev/serial/by-path/pci-0000:05:00.3-usb-0:2.1.3:1.0-port0
1790754973.7387,B,283,15672,-70,/dev/serial/by-path/pci-0000:05:00.3-usb-0:2.1.2:1.0-port0
1790754973.7404,A,280,15678,-87,/dev/serial/by-path/pci-0000:05:00.3-usb-0:2.1.1:1.0-port0
1790754973.7847,B,284,15718,-71,/dev/serial/by-path/pci-0000:05:00.3-usb-0:2.1.2:1.0-port0
1790754973.7851,C,280,15717,-72,/dev/serial/by-path/pci-0000:05:00.3-usb-0:2.1.3:1.0-port0
1790754973.7852,A,281,15723,-83,/dev/serial/by-path/pci-0000:05:00.3-usb-0:2.1.1:1.0-port0
1790754973.8361,C,281,15768,-81,/dev/serial/by-path/pci-0000:05:00.3-usb-0:2.1.3:1.0-port0
1790754973.8409,B,285,15774,-77,/dev/serial/by-path/pci-0000:05:00.3-usb-0:2.1.2:1.0-port0
1790754973.8781,B,286,15811,-71,/dev/serial/by-path/pci-0000:05:00.3-usb-0:2.1.2:1.0-port0
1790754973.8860,C,282,15818,-73,/dev/serial/by-path/pci-0000:05:00.3-usb-0:2.1.3:1.0-port0
1790754973.9208,C,283,15852,-73,/dev/serial/by-path/pci-0000:05:00.3-usb-0:2.1.3:1.0-port0
1790754973.9392,A,282,15877,-78,/dev/serial/by-path/pci-0000:05:00.3-usb-0:2.1.1:1.0-port0
1790754973.9408,B,287,15874,-71,/dev/serial/by-path/pci-0000:05:00.3-usb-0:2.1.2:1.0-port0
1790754973.9688,B,288,15902,-79,/dev/serial/by-path/pci-0000:05:00.3-usb-0:2.1.2:1.0-port0
1790754973.9793,C,284,15911,-78,/dev/serial/by-path/pci-0000:05:00.3-usb-0:2.1.3:1.0-port0
1790754973.9797,A,283,15918,-84,/dev/serial/by-path/pci-0000:05:00.3-usb-0:2.1.1:1.0-port0
1790754974.0107,B,289,15944,-70,/dev/serial/by-path/pci-0000:05:00.3-usb-0:2.1.2:1.0-port0
1790754974.0111,C,285,15942,-70,/dev/serial/by-path/pci-0000:05:00.3-usb-0:2.1.3:1.0-port0
1790754974.0114,A,284,15949,-86,/dev/serial/by-path/pci-0000:05:00.3-usb-0:2.1.1:1.0-port0
1790754974.0593,B,290,15992,-72,/dev/serial/by-path/pci-0000:05:00.3-usb-0:2.1.2:1.0-port0
1790754974.0691,A,285,16007,-82,/dev/serial/by-path/pci-0000:05:00.3-usb-0:2.1.1:1.0-port0
1790754974.0860,C,286,16018,-74,/dev/serial/by-path/pci-0000:05:00.3-usb-0:2.1.3:1.0-port0
1790754974.1055,B,291,16038,-78,/dev/serial/by-path/pci-0000:05:00.3-usb-0:2.1.2:1.0-port0
1790754974.1057,C,287,16037,-80,/dev/serial/by-path/pci-0000:05:00.3-usb-0:2.1.3:1.0-port0
1790754974.1062,A,286,16044,-84,/dev/serial/by-path/pci-0000:05:00.3-usb-0:2.1.1:1.0-port0
1790754974.1420,C,288,16074,-72,/dev/serial/by-path/pci-0000:05:00.3-usb-0:2.1.3:1.0-port0
1790754974.1886,A,287,16127,-88,/dev/serial/by-path/pci-0000:05:00.3-usb-0:2.1.1:1.0-port0
1790754974.2352,C,289,16167,-71,/dev/serial/by-path/pci-0000:05:00.3-usb-0:2.1.3:1.0-port0
1790754974.2357,A,288,16174,-81,/dev/serial/by-path/pci-0000:05:00.3-usb-0:2.1.1:1.0-port0
1790754974.2405,B,292,16174,-71,/dev/serial/by-path/pci-0000:05:00.3-usb-0:2.1.2:1.0-port0
1790754974.2809,A,289,16219,-88,/dev/serial/by-path/pci-0000:05:00.3-usb-0:2.1.1:1.0-port0
1790754974.2810,B,293,16214,-76,/dev/serial/by-path/pci-0000:05:00.3-usb-0:2.1.2:1.0-port0
1790754974.2859,C,290,16218,-91,/dev/serial/by-path/pci-0000:05:00.3-usb-0:2.1.3:1.0-port0
1790754974.3281,C,291,16260,-73,/dev/serial/by-path/pci-0000:05:00.3-usb-0:2.1.3:1.0-port0
1790754974.3382,A,290,16277,-85,/dev/serial/by-path/pci-0000:05:00.3-usb-0:2.1.1:1.0-port0
1790754974.3405,B,294,16273,-71,/dev/serial/by-path/pci-0000:05:00.3-usb-0:2.1.2:1.0-port0
1790754974.4632,B,295,16396,-69,/dev/serial/by-path/pci-0000:05:00.3-usb-0:2.1.2:1.0-port0
1790754974.4635,A,291,16402,-84,/dev/serial/by-path/pci-0000:05:00.3-usb-0:2.1.1:1.0-port0
1790754974.4760,C,292,16408,-73,/dev/serial/by-path/pci-0000:05:00.3-usb-0:2.1.3:1.0-port0
1790754974.5102,A,292,16449,-84,/dev/serial/by-path/pci-0000:05:00.3-usb-0:2.1.1:1.0-port0
1790754974.5118,B,296,16445,-71,/dev/serial/by-path/pci-0000:05:00.3-usb-0:2.1.2:1.0-port0
1790754974.5206,C,293,16453,-71,/dev/serial/by-path/pci-0000:05:00.3-usb-0:2.1.3:1.0-port0
1790754974.5572,B,297,16490,-77,/dev/serial/by-path/pci-0000:05:00.3-usb-0:2.1.2:1.0-port0
1790754974.5575,A,293,16496,-90,/dev/serial/by-path/pci-0000:05:00.3-usb-0:2.1.1:1.0-port0
1790754974.5577,C,294,16489,-76,/dev/serial/by-path/pci-0000:05:00.3-usb-0:2.1.3:1.0-port0
1790754974.5964,C,295,16528,-72,/dev/serial/by-path/pci-0000:05:00.3-usb-0:2.1.3:1.0-port0
1790754974.6290,B,298,16562,-70,/dev/serial/by-path/pci-0000:05:00.3-usb-0:2.1.2:1.0-port0
1790754974.6375,A,294,16576,-87,/dev/serial/by-path/pci-0000:05:00.3-usb-0:2.1.1:1.0-port0
1790754974.6385,B,299,16572,-70,/dev/serial/by-path/pci-0000:05:00.3-usb-0:2.1.2:1.0-port0
1790754974.7332,B,300,16667,-78,/dev/serial/by-path/pci-0000:05:00.3-usb-0:2.1.2:1.0-port0
1790754974.7336,C,296,16666,-78,/dev/serial/by-path/pci-0000:05:00.3-usb-0:2.1.3:1.0-port0
1790754974.7345,A,295,16673,-90,/dev/serial/by-path/pci-0000:05:00.3-usb-0:2.1.1:1.0-port0
1790754974.7758,C,297,16707,-73,/dev/serial/by-path/pci-0000:05:00.3-usb-0:2.1.3:1.0-port0
1790754974.7764,A,296,16714,-87,/dev/serial/by-path/pci-0000:05:00.3-usb-0:2.1.1:1.0-port0
1790754974.7766,B,301,16709,-70,/dev/serial/by-path/pci-0000:05:00.3-usb-0:2.1.2:1.0-port0
1790754974.8165,B,302,16750,-71,/dev/serial/by-path/pci-0000:05:00.3-usb-0:2.1.2:1.0-port0
1790754974.8168,A,297,16755,-83,/dev/serial/by-path/pci-0000:05:00.3-usb-0:2.1.1:1.0-port0
1790754974.8170,C,298,16749,-73,/dev/serial/by-path/pci-0000:05:00.3-usb-0:2.1.3:1.0-port0
1790754974.8655,B,303,16799,-78,/dev/serial/by-path/pci-0000:05:00.3-usb-0:2.1.2:1.0-port0
1790754974.8658,A,298,16804,-85,/dev/serial/by-path/pci-0000:05:00.3-usb-0:2.1.1:1.0-port0
1790754974.8855,C,299,16818,-73,/dev/serial/by-path/pci-0000:05:00.3-usb-0:2.1.3:1.0-port0
1790754974.9183,A,299,16857,-87,/dev/serial/by-path/pci-0000:05:00.3-usb-0:2.1.1:1.0-port0
1790754974.9186,B,304,16852,-70,/dev/serial/by-path/pci-0000:05:00.3-usb-0:2.1.2:1.0-port0
1790754974.9188,C,300,16851,-75,/dev/serial/by-path/pci-0000:05:00.3-usb-0:2.1.3:1.0-port0
1790754974.9572,B,305,16890,-70,/dev/serial/by-path/pci-0000:05:00.3-usb-0:2.1.2:1.0-port0
1790754974.9573,C,301,16889,-74,/dev/serial/by-path/pci-0000:05:00.3-usb-0:2.1.3:1.0-port0
1790754974.9576,A,300,16896,-82,/dev/serial/by-path/pci-0000:05:00.3-usb-0:2.1.1:1.0-port0
1790754975.0111,C,302,16943,-79,/dev/serial/by-path/pci-0000:05:00.3-usb-0:2.1.3:1.0-port0
1790754975.0292,B,306,16962,-76,/dev/serial/by-path/pci-0000:05:00.3-usb-0:2.1.2:1.0-port0
1790754975.0391,A,301,16977,-84,/dev/serial/by-path/pci-0000:05:00.3-usb-0:2.1.1:1.0-port0
1790754975.0406,B,307,16974,-78,/dev/serial/by-path/pci-0000:05:00.3-usb-0:2.1.2:1.0-port0
1790754975.0914,C,303,17023,-74,/dev/serial/by-path/pci-0000:05:00.3-usb-0:2.1.3:1.0-port0
1790754975.1334,A,302,17072,-81,/dev/serial/by-path/pci-0000:05:00.3-usb-0:2.1.1:1.0-port0
1790754975.1336,B,308,17066,-72,/dev/serial/by-path/pci-0000:05:00.3-usb-0:2.1.2:1.0-port0
1790754975.1360,C,304,17068,-74,/dev/serial/by-path/pci-0000:05:00.3-usb-0:2.1.3:1.0-port0
1790754975.1783,C,305,17110,-79,/dev/serial/by-path/pci-0000:05:00.3-usb-0:2.1.3:1.0-port0
1790754975.1788,B,309,17112,-76,/dev/serial/by-path/pci-0000:05:00.3-usb-0:2.1.2:1.0-port0
1790754975.1789,A,303,17117,-90,/dev/serial/by-path/pci-0000:05:00.3-usb-0:2.1.1:1.0-port0
1790754975.2222,B,310,17155,-70,/dev/serial/by-path/pci-0000:05:00.3-usb-0:2.1.2:1.0-port0
1790754975.2223,A,304,17160,-87,/dev/serial/by-path/pci-0000:05:00.3-usb-0:2.1.1:1.0-port0
1790754975.2359,C,306,17168,-72,/dev/serial/by-path/pci-0000:05:00.3-usb-0:2.1.3:1.0-port0
1790754975.3135,B,311,17246,-76,/dev/serial/by-path/pci-0000:05:00.3-usb-0:2.1.2:1.0-port0
1790754975.3138,A,305,17252,-90,/dev/serial/by-path/pci-0000:05:00.3-usb-0:2.1.1:1.0-port0
1790754975.3140,C,307,17245,-85,/dev/serial/by-path/pci-0000:05:00.3-usb-0:2.1.3:1.0-port0
1790754975.3525,A,306,17292,-86,/dev/serial/by-path/pci-0000:05:00.3-usb-0:2.1.1:1.0-port0
1790754975.3528,B,312,17286,-70,/dev/serial/by-path/pci-0000:05:00.3-usb-0:2.1.2:1.0-port0
1790754975.3684,C,308,17300,-71,/dev/serial/by-path/pci-0000:05:00.3-usb-0:2.1.3:1.0-port0
1790754975.4034,B,313,17336,-72,/dev/serial/by-path/pci-0000:05:00.3-usb-0:2.1.2:1.0-port0
1790754975.4038,A,307,17342,-80,/dev/serial/by-path/pci-0000:05:00.3-usb-0:2.1.1:1.0-port0
1790754975.4041,C,309,17335,-72,/dev/serial/by-path/pci-0000:05:00.3-usb-0:2.1.3:1.0-port0
1790754975.4513,B,314,17384,-77,/dev/serial/by-path/pci-0000:05:00.3-usb-0:2.1.2:1.0-port0
1790754975.4515,C,310,17383,-79,/dev/serial/by-path/pci-0000:05:00.3-usb-0:2.1.3:1.0-port0
1790754975.4712,A,308,17409,-86,/dev/serial/by-path/pci-0000:05:00.3-usb-0:2.1.1:1.0-port0
1790754975.5075,B,315,17441,-70,/dev/serial/by-path/pci-0000:05:00.3-usb-0:2.1.2:1.0-port0
1790754975.5078,C,311,17440,-72,/dev/serial/by-path/pci-0000:05:00.3-usb-0:2.1.3:1.0-port0
1790754975.5082,A,309,17447,-87,/dev/serial/by-path/pci-0000:05:00.3-usb-0:2.1.1:1.0-port0
1790754975.5846,A,310,17523,-80,/dev/serial/by-path/pci-0000:05:00.3-usb-0:2.1.1:1.0-port0
1790754975.6359,C,312,17568,-79,/dev/serial/by-path/pci-0000:05:00.3-usb-0:2.1.3:1.0-port0
1790754975.6403,B,316,17573,-77,/dev/serial/by-path/pci-0000:05:00.3-usb-0:2.1.2:1.0-port0
1790754975.6721,B,317,17605,-70,/dev/serial/by-path/pci-0000:05:00.3-usb-0:2.1.2:1.0-port0
1790754975.6722,C,313,17604,-72,/dev/serial/by-path/pci-0000:05:00.3-usb-0:2.1.3:1.0-port0
1790754975.6814,A,311,17620,-88,/dev/serial/by-path/pci-0000:05:00.3-usb-0:2.1.1:1.0-port0
1790754975.7224,C,314,17654,-72,/dev/serial/by-path/pci-0000:05:00.3-usb-0:2.1.3:1.0-port0
1790754975.7387,B,318,17673,-70,/dev/serial/by-path/pci-0000:05:00.3-usb-0:2.1.2:1.0-port0
1790754975.7393,A,312,17678,-80,/dev/serial/by-path/pci-0000:05:00.3-usb-0:2.1.1:1.0-port0
1790754975.7662,C,315,17699,-77,/dev/serial/by-path/pci-0000:05:00.3-usb-0:2.1.3:1.0-port0
1790754975.7668,B,319,17700,-77,/dev/serial/by-path/pci-0000:05:00.3-usb-0:2.1.2:1.0-port0
1790754975.7884,A,313,17727,-84,/dev/serial/by-path/pci-0000:05:00.3-usb-0:2.1.1:1.0-port0
1790754975.8356,C,316,17768,-72,/dev/serial/by-path/pci-0000:05:00.3-usb-0:2.1.3:1.0-port0
1790754975.8388,A,314,17777,-87,/dev/serial/by-path/pci-0000:05:00.3-usb-0:2.1.1:1.0-port0
1790754975.8409,B,320,17774,-70,/dev/serial/by-path/pci-0000:05:00.3-usb-0:2.1.2:1.0-port0
1790754975.8556,B,321,17789,-72,/dev/serial/by-path/pci-0000:05:00.3-usb-0:2.1.2:1.0-port0
1790754975.8559,A,315,17794,-81,/dev/serial/by-path/pci-0000:05:00.3-usb-0:2.1.1:1.0-port0
1790754975.8863,C,317,17818,-72,/dev/serial/by-path/pci-0000:05:00.3-usb-0:2.1.3:1.0-port0
1790754975.9004,C,318,17832,-79,/dev/serial/by-path/pci-0000:05:00.3-usb-0:2.1.3:1.0-port0
1790754975.9005,A,316,17839,-84,/dev/serial/by-path/pci-0000:05:00.3-usb-0:2.1.1:1.0-port0
1790754975.9019,B,322,17835,-77,/dev/serial/by-path/pci-0000:05:00.3-usb-0:2.1.2:1.0-port0
1790754975.9438,C,319,17876,-72,/dev/serial/by-path/pci-0000:05:00.3-usb-0:2.1.3:1.0-port0
1790754975.9858,C,320,17918,-72,/dev/serial/by-path/pci-0000:05:00.3-usb-0:2.1.3:1.0-port0
1790754975.9861,B,323,17919,-71,/dev/serial/by-path/pci-0000:05:00.3-usb-0:2.1.2:1.0-port0
1790754975.9889,A,317,17927,-89,/dev/serial/by-path/pci-0000:05:00.3-usb-0:2.1.1:1.0-port0
1790754976.0274,B,324,17961,-72,/dev/serial/by-path/pci-0000:05:00.3-usb-0:2.1.2:1.0-port0
1790754976.0277,A,318,17966,-80,/dev/serial/by-path/pci-0000:05:00.3-usb-0:2.1.1:1.0-port0
1790754976.0308,C,321,17963,-72,/dev/serial/by-path/pci-0000:05:00.3-usb-0:2.1.3:1.0-port0
1790754976.0755,A,319,18013,-83,/dev/serial/by-path/pci-0000:05:00.3-usb-0:2.1.1:1.0-port0
1790754976.0757,C,322,18007,-81,/dev/serial/by-path/pci-0000:05:00.3-usb-0:2.1.3:1.0-port0
1790754976.0888,B,325,18022,-81,/dev/serial/by-path/pci-0000:05:00.3-usb-0:2.1.2:1.0-port0
1790754976.1228,C,323,18055,-73,/dev/serial/by-path/pci-0000:05:00.3-usb-0:2.1.3:1.0-port0
1790754976.1230,B,326,18057,-69,/dev/serial/by-path/pci-0000:05:00.3-usb-0:2.1.2:1.0-port0
1790754976.1239,A,320,18062,-88,/dev/serial/by-path/pci-0000:05:00.3-usb-0:2.1.1:1.0-port0
1790754976.1772,B,327,18110,-71,/dev/serial/by-path/pci-0000:05:00.3-usb-0:2.1.2:1.0-port0
1790754976.1775,A,321,18115,-81,/dev/serial/by-path/pci-0000:05:00.3-usb-0:2.1.1:1.0-port0
1790754976.1854,C,324,18118,-73,/dev/serial/by-path/pci-0000:05:00.3-usb-0:2.1.3:1.0-port0
1790754976.2191,A,322,18157,-86,/dev/serial/by-path/pci-0000:05:00.3-usb-0:2.1.1:1.0-port0
1790754976.2192,B,328,18152,-73,/dev/serial/by-path/pci-0000:05:00.3-usb-0:2.1.2:1.0-port0
1790754976.2363,C,325,18168,-80,/dev/serial/by-path/pci-0000:05:00.3-usb-0:2.1.3:1.0-port0
1790754976.2675,B,329,18201,-69,/dev/serial/by-path/pci-0000:05:00.3-usb-0:2.1.2:1.0-port0
1790754976.2776,A,323,18215,-86,/dev/serial/by-path/pci-0000:05:00.3-usb-0:2.1.1:1.0-port0
1790754976.2777,C,326,18209,-74,/dev/serial/by-path/pci-0000:05:00.3-usb-0:2.1.3:1.0-port0
1790754976.3149,C,327,18247,-70,/dev/serial/by-path/pci-0000:05:00.3-usb-0:2.1.3:1.0-port0
1790754976.3581,C,328,18290,-76,/dev/serial/by-path/pci-0000:05:00.3-usb-0:2.1.3:1.0-port0
1790754976.3583,A,324,18297,-87,/dev/serial/by-path/pci-0000:05:00.3-usb-0:2.1.1:1.0-port0
1790754976.3588,B,330,18291,-75,/dev/serial/by-path/pci-0000:05:00.3-usb-0:2.1.2:1.0-port0
1790754976.4073,B,331,18340,-70,/dev/serial/by-path/pci-0000:05:00.3-usb-0:2.1.2:1.0-port0
1790754976.4076,A,325,18346,-86,/dev/serial/by-path/pci-0000:05:00.3-usb-0:2.1.1:1.0-port0
1790754976.4077,C,329,18339,-72,/dev/serial/by-path/pci-0000:05:00.3-usb-0:2.1.3:1.0-port0
1790754976.4478,B,332,18381,-68,/dev/serial/by-path/pci-0000:05:00.3-usb-0:2.1.2:1.0-port0
1790754976.4481,A,326,18386,-82,/dev/serial/by-path/pci-0000:05:00.3-usb-0:2.1.1:1.0-port0
1790754976.4486,C,330,18380,-72,/dev/serial/by-path/pci-0000:05:00.3-usb-0:2.1.3:1.0-port0
1790754976.5020,C,331,18434,-78,/dev/serial/by-path/pci-0000:05:00.3-usb-0:2.1.3:1.0-port0
1790754976.5026,A,327,18441,-82,/dev/serial/by-path/pci-0000:05:00.3-usb-0:2.1.1:1.0-port0
1790754976.5689,C,332,18501,-72,/dev/serial/by-path/pci-0000:05:00.3-usb-0:2.1.3:1.0-port0
1790754976.5862,C,333,18518,-72,/dev/serial/by-path/pci-0000:05:00.3-usb-0:2.1.3:1.0-port0
1790754976.5866,A,328,18525,-90,/dev/serial/by-path/pci-0000:05:00.3-usb-0:2.1.1:1.0-port0
1790754976.5904,B,333,18523,-69,/dev/serial/by-path/pci-0000:05:00.3-usb-0:2.1.2:1.0-port0
1790754976.6736,B,334,18607,-78,/dev/serial/by-path/pci-0000:05:00.3-usb-0:2.1.2:1.0-port0
1790754976.6737,C,334,18606,-79,/dev/serial/by-path/pci-0000:05:00.3-usb-0:2.1.3:1.0-port0
1790754976.7583,B,335,18692,-71,/dev/serial/by-path/pci-0000:05:00.3-usb-0:2.1.2:1.0-port0
1790754976.7589,C,335,18691,-72,/dev/serial/by-path/pci-0000:05:00.3-usb-0:2.1.3:1.0-port0
1790754976.7888,A,329,18727,-83,/dev/serial/by-path/pci-0000:05:00.3-usb-0:2.1.1:1.0-port0
1790754976.8195,B,336,18753,-77,/dev/serial/by-path/pci-0000:05:00.3-usb-0:2.1.2:1.0-port0
1790754976.8199,A,330,18758,-84,/dev/serial/by-path/pci-0000:05:00.3-usb-0:2.1.1:1.0-port0
1790754976.8201,C,336,18751,-77,/dev/serial/by-path/pci-0000:05:00.3-usb-0:2.1.3:1.0-port0
1790754976.8860,C,337,18818,-72,/dev/serial/by-path/pci-0000:05:00.3-usb-0:2.1.3:1.0-port0
1790754976.8893,A,331,18827,-84,/dev/serial/by-path/pci-0000:05:00.3-usb-0:2.1.1:1.0-port0
1790754976.8904,B,337,18823,-75,/dev/serial/by-path/pci-0000:05:00.3-usb-0:2.1.2:1.0-port0
1790754976.8975,C,338,18829,-73,/dev/serial/by-path/pci-0000:05:00.3-usb-0:2.1.3:1.0-port0
1790754976.9024,B,338,18835,-74,/dev/serial/by-path/pci-0000:05:00.3-usb-0:2.1.2:1.0-port0
1790754976.9342,A,332,18872,-77,/dev/serial/by-path/pci-0000:05:00.3-usb-0:2.1.1:1.0-port0
1790754976.9792,B,339,18913,-83,/dev/serial/by-path/pci-0000:05:00.3-usb-0:2.1.2:1.0-port0
1790754976.9795,C,339,18912,-78,/dev/serial/by-path/pci-0000:05:00.3-usb-0:2.1.3:1.0-port0
1790754976.9799,A,333,18918,-81,/dev/serial/by-path/pci-0000:05:00.3-usb-0:2.1.1:1.0-port0
1790754976.9861,C,340,18918,-79,/dev/serial/by-path/pci-0000:05:00.3-usb-0:2.1.3:1.0-port0
1790754976.9864,B,340,18919,-82,/dev/serial/by-path/pci-0000:05:00.3-usb-0:2.1.2:1.0-port0
1790754976.9868,A,334,18924,-79,/dev/serial/by-path/pci-0000:05:00.3-usb-0:2.1.1:1.0-port0
1790754977.0767,C,341,19009,-72,/dev/serial/by-path/pci-0000:05:00.3-usb-0:2.1.3:1.0-port0
1790754977.0890,A,335,19027,-76,/dev/serial/by-path/pci-0000:05:00.3-usb-0:2.1.1:1.0-port0
1790754977.0905,B,341,19023,-75,/dev/serial/by-path/pci-0000:05:00.3-usb-0:2.1.2:1.0-port0
1790754977.1358,C,342,19068,-78,/dev/serial/by-path/pci-0000:05:00.3-usb-0:2.1.3:1.0-port0
1790754977.1383,B,342,19071,-83,/dev/serial/by-path/pci-0000:05:00.3-usb-0:2.1.2:1.0-port0
1790754977.1387,A,336,19077,-76,/dev/serial/by-path/pci-0000:05:00.3-usb-0:2.1.1:1.0-port0
1790754977.1725,B,343,19106,-77,/dev/serial/by-path/pci-0000:05:00.3-usb-0:2.1.2:1.0-port0
1790754977.1729,C,343,19105,-71,/dev/serial/by-path/pci-0000:05:00.3-usb-0:2.1.3:1.0-port0
1790754977.1735,A,337,19112,-83,/dev/serial/by-path/pci-0000:05:00.3-usb-0:2.1.1:1.0-port0
1790754977.2230,C,344,19155,-72,/dev/serial/by-path/pci-0000:05:00.3-usb-0:2.1.3:1.0-port0
1790754977.2235,B,344,19156,-76,/dev/serial/by-path/pci-0000:05:00.3-usb-0:2.1.2:1.0-port0
1790754977.2392,A,338,19177,-75,/dev/serial/by-path/pci-0000:05:00.3-usb-0:2.1.1:1.0-port0
1790754977.2549,A,339,19193,-75,/dev/serial/by-path/pci-0000:05:00.3-usb-0:2.1.1:1.0-port0
1790754977.2720,C,345,19204,-76,/dev/serial/by-path/pci-0000:05:00.3-usb-0:2.1.3:1.0-port0
1790754977.3028,A,340,19241,-83,/dev/serial/by-path/pci-0000:05:00.3-usb-0:2.1.1:1.0-port0
1790754977.3115,B,345,19245,-77,/dev/serial/by-path/pci-0000:05:00.3-usb-0:2.1.2:1.0-port0
1790754977.3195,C,346,19251,-70,/dev/serial/by-path/pci-0000:05:00.3-usb-0:2.1.3:1.0-port0
1790754977.4360,A,341,19375,-75,/dev/serial/by-path/pci-0000:05:00.3-usb-0:2.1.1:1.0-port0
1790754977.4362,B,346,19370,-82,/dev/serial/by-path/pci-0000:05:00.3-usb-0:2.1.2:1.0-port0
1790754977.4364,C,347,19368,-77,/dev/serial/by-path/pci-0000:05:00.3-usb-0:2.1.3:1.0-port0
1790754977.4377,B,347,19370,-82,/dev/serial/by-path/pci-0000:05:00.3-usb-0:2.1.2:1.0-port0
1790754977.4380,A,342,19375,-75,/dev/serial/by-path/pci-0000:05:00.3-usb-0:2.1.1:1.0-port0
1790754977.4826,B,348,19416,-78,/dev/serial/by-path/pci-0000:05:00.3-usb-0:2.1.2:1.0-port0
1790754977.4827,A,343,19421,-82,/dev/serial/by-path/pci-0000:05:00.3-usb-0:2.1.1:1.0-port0
1790754977.4863,C,348,19418,-70,/dev/serial/by-path/pci-0000:05:00.3-usb-0:2.1.3:1.0-port0
1790754977.5361,C,349,19468,-72,/dev/serial/by-path/pci-0000:05:00.3-usb-0:2.1.3:1.0-port0
1790754977.5388,A,344,19477,-74,/dev/serial/by-path/pci-0000:05:00.3-usb-0:2.1.1:1.0-port0
1790754977.5400,B,349,19473,-77,/dev/serial/by-path/pci-0000:05:00.3-usb-0:2.1.2:1.0-port0
1790754977.6146,C,350,19547,-70,/dev/serial/by-path/pci-0000:05:00.3-usb-0:2.1.3:1.0-port0
1790754977.6149,B,350,19548,-77,/dev/serial/by-path/pci-0000:05:00.3-usb-0:2.1.2:1.0-port0
1790754977.6153,A,345,19553,-82,/dev/serial/by-path/pci-0000:05:00.3-usb-0:2.1.1:1.0-port0
1790754977.6567,C,351,19589,-71,/dev/serial/by-path/pci-0000:05:00.3-usb-0:2.1.3:1.0-port0
1790754977.6585,A,346,19596,-76,/dev/serial/by-path/pci-0000:05:00.3-usb-0:2.1.1:1.0-port0
1790754977.6586,B,351,19591,-77,/dev/serial/by-path/pci-0000:05:00.3-usb-0:2.1.2:1.0-port0
1790754977.7267,B,352,19660,-81,/dev/serial/by-path/pci-0000:05:00.3-usb-0:2.1.2:1.0-port0
1790754977.7354,C,352,19668,-74,/dev/serial/by-path/pci-0000:05:00.3-usb-0:2.1.3:1.0-port0
1790754977.7388,A,347,19677,-75,/dev/serial/by-path/pci-0000:05:00.3-usb-0:2.1.1:1.0-port0
1790754977.7468,B,353,19680,-77,/dev/serial/by-path/pci-0000:05:00.3-usb-0:2.1.2:1.0-port0
1790754977.7571,C,353,19689,-70,/dev/serial/by-path/pci-0000:05:00.3-usb-0:2.1.3:1.0-port0
1790754977.7668,A,348,19705,-81,/dev/serial/by-path/pci-0000:05:00.3-usb-0:2.1.1:1.0-port0
1790754977.8734,B,354,19806,-82,/dev/serial/by-path/pci-0000:05:00.3-usb-0:2.1.2:1.0-port0
1790754977.8735,A,349,19811,-75,/dev/serial/by-path/pci-0000:05:00.3-usb-0:2.1.1:1.0-port0
1790754977.8859,C,354,19818,-75,/dev/serial/by-path/pci-0000:05:00.3-usb-0:2.1.3:1.0-port0
1790754977.9586,B,355,19892,-76,/dev/serial/by-path/pci-0000:05:00.3-usb-0:2.1.2:1.0-port0
1790754977.9713,A,350,19909,-75,/dev/serial/by-path/pci-0000:05:00.3-usb-0:2.1.1:1.0-port0
1790754977.9715,C,355,19903,-71,/dev/serial/by-path/pci-0000:05:00.3-usb-0:2.1.3:1.0-port0
1790754978.0005,B,356,19934,-81,/dev/serial/by-path/pci-0000:05:00.3-usb-0:2.1.2:1.0-port0
1790754978.0359,C,356,19968,-75,/dev/serial/by-path/pci-0000:05:00.3-usb-0:2.1.3:1.0-port0
1790754978.0392,A,351,19977,-75,/dev/serial/by-path/pci-0000:05:00.3-usb-0:2.1.1:1.0-port0
1790754978.0544,A,352,19992,-82,/dev/serial/by-path/pci-0000:05:00.3-usb-0:2.1.1:1.0-port0
1790754978.0547,C,357,19986,-70,/dev/serial/by-path/pci-0000:05:00.3-usb-0:2.1.3:1.0-port0
1790754978.0548,B,357,19987,-76,/dev/serial/by-path/pci-0000:05:00.3-usb-0:2.1.2:1.0-port0
1790754978.0959,B,358,20029,-76,/dev/serial/by-path/pci-0000:05:00.3-usb-0:2.1.2:1.0-port0
1790754978.0964,A,353,20035,-75,/dev/serial/by-path/pci-0000:05:00.3-usb-0:2.1.1:1.0-port0
1790754978.1745,C,358,20106,-74,/dev/serial/by-path/pci-0000:05:00.3-usb-0:2.1.3:1.0-port0
1790754978.1746,A,354,20113,-77,/dev/serial/by-path/pci-0000:05:00.3-usb-0:2.1.1:1.0-port0
1790754978.1844,C,359,20117,-77,/dev/serial/by-path/pci-0000:05:00.3-usb-0:2.1.3:1.0-port0
1790754978.1849,A,355,20123,-78,/dev/serial/by-path/pci-0000:05:00.3-usb-0:2.1.1:1.0-port0
1790754978.1902,B,359,20123,-80,/dev/serial/by-path/pci-0000:05:00.3-usb-0:2.1.2:1.0-port0
1790754978.2324,C,360,20164,-72,/dev/serial/by-path/pci-0000:05:00.3-usb-0:2.1.3:1.0-port0
1790754978.2387,A,356,20177,-87,/dev/serial/by-path/pci-0000:05:00.3-usb-0:2.1.1:1.0-port0
1790754978.2404,B,360,20173,-76,/dev/serial/by-path/pci-0000:05:00.3-usb-0:2.1.2:1.0-port0
1790754978.2768,B,361,20210,-76,/dev/serial/by-path/pci-0000:05:00.3-usb-0:2.1.2:1.0-port0
1790754978.2831,C,361,20215,-74,/dev/serial/by-path/pci-0000:05:00.3-usb-0:2.1.3:1.0-port0
1790754978.2836,A,357,20222,-82,/dev/serial/by-path/pci-0000:05:00.3-usb-0:2.1.1:1.0-port0
1790754978.3296,C,362,20261,-81,/dev/serial/by-path/pci-0000:05:00.3-usb-0:2.1.3:1.0-port0
1790754978.3297,B,362,20263,-83,/dev/serial/by-path/pci-0000:05:00.3-usb-0:2.1.2:1.0-port0
1790754978.3392,A,358,20277,-86,/dev/serial/by-path/pci-0000:05:00.3-usb-0:2.1.1:1.0-port0
1790754978.3682,C,363,20300,-76,/dev/serial/by-path/pci-0000:05:00.3-usb-0:2.1.3:1.0-port0
1790754978.3698,B,363,20303,-77,/dev/serial/by-path/pci-0000:05:00.3-usb-0:2.1.2:1.0-port0
1790754978.3839,A,359,20322,-94,/dev/serial/by-path/pci-0000:05:00.3-usb-0:2.1.1:1.0-port0
1790754978.4404,B,364,20373,-73,/dev/serial/by-path/pci-0000:05:00.3-usb-0:2.1.2:1.0-port0
1790754978.4658,C,364,20398,-86,/dev/serial/by-path/pci-0000:05:00.3-usb-0:2.1.3:1.0-port0
1790754978.4660,B,365,20399,-83,/dev/serial/by-path/pci-0000:05:00.3-usb-0:2.1.2:1.0-port0
1790754978.4663,A,360,20405,-87,/dev/serial/by-path/pci-0000:05:00.3-usb-0:2.1.1:1.0-port0
1790754978.5030,B,366,20436,-79,/dev/serial/by-path/pci-0000:05:00.3-usb-0:2.1.2:1.0-port0
1790754978.5031,A,361,20441,-96,/dev/serial/by-path/pci-0000:05:00.3-usb-0:2.1.1:1.0-port0
1790754978.5034,C,365,20434,-77,/dev/serial/by-path/pci-0000:05:00.3-usb-0:2.1.3:1.0-port0
1790754978.5453,C,366,20477,-80,/dev/serial/by-path/pci-0000:05:00.3-usb-0:2.1.3:1.0-port0
1790754978.5455,A,362,20483,-83,/dev/serial/by-path/pci-0000:05:00.3-usb-0:2.1.1:1.0-port0
1790754978.5733,B,367,20506,-76,/dev/serial/by-path/pci-0000:05:00.3-usb-0:2.1.2:1.0-port0
1790754978.6295,B,368,20563,-85,/dev/serial/by-path/pci-0000:05:00.3-usb-0:2.1.2:1.0-port0
1790754978.6358,C,367,20568,-88,/dev/serial/by-path/pci-0000:05:00.3-usb-0:2.1.3:1.0-port0
1790754978.6398,A,363,20578,-82,/dev/serial/by-path/pci-0000:05:00.3-usb-0:2.1.1:1.0-port0
1790754978.6742,B,369,20607,-77,/dev/serial/by-path/pci-0000:05:00.3-usb-0:2.1.2:1.0-port0
1790754978.6746,C,368,20606,-78,/dev/serial/by-path/pci-0000:05:00.3-usb-0:2.1.3:1.0-port0
1790754978.6892,A,364,20627,-93,/dev/serial/by-path/pci-0000:05:00.3-usb-0:2.1.1:1.0-port0
1790754978.7134,C,369,20645,-83,/dev/serial/by-path/pci-0000:05:00.3-usb-0:2.1.3:1.0-port0
1790754978.7137,A,365,20652,-79,/dev/serial/by-path/pci-0000:05:00.3-usb-0:2.1.1:1.0-port0
1790754978.7402,B,370,20673,-76,/dev/serial/by-path/pci-0000:05:00.3-usb-0:2.1.2:1.0-port0
1790754978.7796,B,371,20713,-81,/dev/serial/by-path/pci-0000:05:00.3-usb-0:2.1.2:1.0-port0
1790754978.7799,A,366,20718,-82,/dev/serial/by-path/pci-0000:05:00.3-usb-0:2.1.1:1.0-port0
1790754978.7997,B,372,20734,-77,/dev/serial/by-path/pci-0000:05:00.3-usb-0:2.1.2:1.0-port0
1790754978.8001,C,370,20732,-78,/dev/serial/by-path/pci-0000:05:00.3-usb-0:2.1.3:1.0-port0
1790754978.8685,A,367,20807,-81,/dev/serial/by-path/pci-0000:05:00.3-usb-0:2.1.1:1.0-port0
1790754978.8710,C,371,20804,-83,/dev/serial/by-path/pci-0000:05:00.3-usb-0:2.1.3:1.0-port0
1790754978.8713,B,373,20805,-75,/dev/serial/by-path/pci-0000:05:00.3-usb-0:2.1.2:1.0-port0
1790754978.8947,C,372,20826,-85,/dev/serial/by-path/pci-0000:05:00.3-usb-0:2.1.3:1.0-port0
1790754978.8952,B,374,20828,-80,/dev/serial/by-path/pci-0000:05:00.3-usb-0:2.1.2:1.0-port0
1790754978.8955,A,368,20833,-88,/dev/serial/by-path/pci-0000:05:00.3-usb-0:2.1.1:1.0-port0
1790754978.9398,C,373,20872,-78,/dev/serial/by-path/pci-0000:05:00.3-usb-0:2.1.3:1.0-port0
1790754978.9805,C,374,20912,-79,/dev/serial/by-path/pci-0000:05:00.3-usb-0:2.1.3:1.0-port0
1790754978.9807,A,369,20918,-95,/dev/serial/by-path/pci-0000:05:00.3-usb-0:2.1.1:1.0-port0
1790754978.9810,B,375,20914,-77,/dev/serial/by-path/pci-0000:05:00.3-usb-0:2.1.2:1.0-port0
1790754979.0310,A,370,20968,-82,/dev/serial/by-path/pci-0000:05:00.3-usb-0:2.1.1:1.0-port0
1790754979.0360,C,375,20968,-82,/dev/serial/by-path/pci-0000:05:00.3-usb-0:2.1.3:1.0-port0
1790754979.0405,B,376,20973,-73,/dev/serial/by-path/pci-0000:05:00.3-usb-0:2.1.2:1.0-port0
1790754979.0863,C,376,21018,-86,/dev/serial/by-path/pci-0000:05:00.3-usb-0:2.1.3:1.0-port0
1790754979.0889,A,371,21027,-89,/dev/serial/by-path/pci-0000:05:00.3-usb-0:2.1.1:1.0-port0
1790754979.0904,B,377,21023,-78,/dev/serial/by-path/pci-0000:05:00.3-usb-0:2.1.2:1.0-port0
1790754979.1183,B,378,21051,-75,/dev/serial/by-path/pci-0000:05:00.3-usb-0:2.1.2:1.0-port0
1790754979.1196,C,377,21051,-78,/dev/serial/by-path/pci-0000:05:00.3-usb-0:2.1.3:1.0-port0
1790754979.2095,B,379,21143,-84,/dev/serial/by-path/pci-0000:05:00.3-usb-0:2.1.2:1.0-port0
1790754979.2130,C,378,21145,-82,/dev/serial/by-path/pci-0000:05:00.3-usb-0:2.1.3:1.0-port0
1790754979.2131,A,372,21151,-83,/dev/serial/by-path/pci-0000:05:00.3-usb-0:2.1.1:1.0-port0
1790754979.2764,C,379,21208,-78,/dev/serial/by-path/pci-0000:05:00.3-usb-0:2.1.3:1.0-port0
1790754979.2904,B,380,21224,-77,/dev/serial/by-path/pci-0000:05:00.3-usb-0:2.1.2:1.0-port0
1790754979.3006,C,380,21233,-79,/dev/serial/by-path/pci-0000:05:00.3-usb-0:2.1.3:1.0-port0
1790754979.3264,B,381,21260,-71,/dev/serial/by-path/pci-0000:05:00.3-usb-0:2.1.2:1.0-port0
1790754979.3268,A,373,21265,-80,/dev/serial/by-path/pci-0000:05:00.3-usb-0:2.1.1:1.0-port0
1790754979.3404,B,382,21273,-74,/dev/serial/by-path/pci-0000:05:00.3-usb-0:2.1.2:1.0-port0
1790754979.3408,C,381,21273,-85,/dev/serial/by-path/pci-0000:05:00.3-usb-0:2.1.3:1.0-port0
1790754979.3847,C,382,21316,-84,/dev/serial/by-path/pci-0000:05:00.3-usb-0:2.1.3:1.0-port0
1790754979.3848,B,383,21318,-81,/dev/serial/by-path/pci-0000:05:00.3-usb-0:2.1.2:1.0-port0
1790754979.3852,A,374,21323,-84,/dev/serial/by-path/pci-0000:05:00.3-usb-0:2.1.1:1.0-port0
1790754979.4306,A,375,21369,-90,/dev/serial/by-path/pci-0000:05:00.3-usb-0:2.1.1:1.0-port0
1790754979.4311,C,383,21362,-75,/dev/serial/by-path/pci-0000:05:00.3-usb-0:2.1.3:1.0-port0
1790754979.4313,B,384,21364,-75,/dev/serial/by-path/pci-0000:05:00.3-usb-0:2.1.2:1.0-port0
1790754979.5341,B,385,21467,-87,/dev/serial/by-path/pci-0000:05:00.3-usb-0:2.1.2:1.0-port0
1790754979.5344,C,384,21466,-86,/dev/serial/by-path/pci-0000:05:00.3-usb-0:2.1.3:1.0-port0
1790754979.5346,A,376,21473,-85,/dev/serial/by-path/pci-0000:05:00.3-usb-0:2.1.1:1.0-port0
1790754979.5743,C,385,21506,-78,/dev/serial/by-path/pci-0000:05:00.3-usb-0:2.1.3:1.0-port0
1790754979.5744,A,377,21512,-90,/dev/serial/by-path/pci-0000:05:00.3-usb-0:2.1.1:1.0-port0
1790754979.5747,B,386,21507,-78,/dev/serial/by-path/pci-0000:05:00.3-usb-0:2.1.2:1.0-port0
1790754979.6125,C,386,21545,-82,/dev/serial/by-path/pci-0000:05:00.3-usb-0:2.1.3:1.0-port0
1790754979.6358,B,387,21569,-74,/dev/serial/by-path/pci-0000:05:00.3-usb-0:2.1.2:1.0-port0
1790754979.6361,A,378,21574,-81,/dev/serial/by-path/pci-0000:05:00.3-usb-0:2.1.1:1.0-port0
1790754979.6763,C,387,21608,-82,/dev/serial/by-path/pci-0000:05:00.3-usb-0:2.1.3:1.0-port0
1790754979.6766,A,379,21615,-85,/dev/serial/by-path/pci-0000:05:00.3-usb-0:2.1.1:1.0-port0
1790754979.7064,C,388,21638,-77,/dev/serial/by-path/pci-0000:05:00.3-usb-0:2.1.3:1.0-port0
1790754979.7127,B,388,21646,-76,/dev/serial/by-path/pci-0000:05:00.3-usb-0:2.1.2:1.0-port0
1790754979.7392,A,380,21677,-98,/dev/serial/by-path/pci-0000:05:00.3-usb-0:2.1.1:1.0-port0
1790754979.7498,C,389,21682,-79,/dev/serial/by-path/pci-0000:05:00.3-usb-0:2.1.3:1.0-port0
1790754979.7501,B,389,21684,-74,/dev/serial/by-path/pci-0000:05:00.3-usb-0:2.1.2:1.0-port0
1790754979.7507,A,381,21689,-80,/dev/serial/by-path/pci-0000:05:00.3-usb-0:2.1.1:1.0-port0
1790754979.8348,C,390,21767,-80,/dev/serial/by-path/pci-0000:05:00.3-usb-0:2.1.3:1.0-port0
1790754979.8352,A,382,21774,-82,/dev/serial/by-path/pci-0000:05:00.3-usb-0:2.1.1:1.0-port0
1790754979.8373,A,383,21774,-85,/dev/serial/by-path/pci-0000:05:00.3-usb-0:2.1.1:1.0-port0
1790754979.8375,C,391,21768,-82,/dev/serial/by-path/pci-0000:05:00.3-usb-0:2.1.3:1.0-port0
1790754979.8405,B,390,21773,-90,/dev/serial/by-path/pci-0000:05:00.3-usb-0:2.1.2:1.0-port0
1790754979.8737,C,392,21806,-78,/dev/serial/by-path/pci-0000:05:00.3-usb-0:2.1.3:1.0-port0
1790754979.8741,B,391,21808,-76,/dev/serial/by-path/pci-0000:05:00.3-usb-0:2.1.2:1.0-port0
1790754979.8890,A,384,21827,-90,/dev/serial/by-path/pci-0000:05:00.3-usb-0:2.1.1:1.0-port0
1790754979.9201,B,392,21854,-76,/dev/serial/by-path/pci-0000:05:00.3-usb-0:2.1.2:1.0-port0
1790754979.9204,A,385,21859,-79,/dev/serial/by-path/pci-0000:05:00.3-usb-0:2.1.1:1.0-port0
1790754979.9353,C,393,21868,-78,/dev/serial/by-path/pci-0000:05:00.3-usb-0:2.1.3:1.0-port0
1790754979.9771,B,393,21910,-86,/dev/serial/by-path/pci-0000:05:00.3-usb-0:2.1.2:1.0-port0
1790754979.9774,A,386,21915,-83,/dev/serial/by-path/pci-0000:05:00.3-usb-0:2.1.1:1.0-port0
1790754979.9778,C,394,21909,-85,/dev/serial/by-path/pci-0000:05:00.3-usb-0:2.1.3:1.0-port0
1790754980.0225,B,394,21956,-78,/dev/serial/by-path/pci-0000:05:00.3-usb-0:2.1.2:1.0-port0
1790754980.0228,C,395,21955,-77,/dev/serial/by-path/pci-0000:05:00.3-usb-0:2.1.3:1.0-port0
1790754980.0387,A,387,21977,-90,/dev/serial/by-path/pci-0000:05:00.3-usb-0:2.1.1:1.0-port0
1790754980.0667,A,388,22005,-84,/dev/serial/by-path/pci-0000:05:00.3-usb-0:2.1.1:1.0-port0
1790754980.1358,C,396,22068,-83,/dev/serial/by-path/pci-0000:05:00.3-usb-0:2.1.3:1.0-port0
1790754980.1391,A,389,22077,-85,/dev/serial/by-path/pci-0000:05:00.3-usb-0:2.1.1:1.0-port0
1790754980.1401,B,395,22073,-86,/dev/serial/by-path/pci-0000:05:00.3-usb-0:2.1.2:1.0-port0
1790754980.1632,C,397,22095,-77,/dev/serial/by-path/pci-0000:05:00.3-usb-0:2.1.3:1.0-port0
1790754980.1635,B,396,22096,-75,/dev/serial/by-path/pci-0000:05:00.3-usb-0:2.1.2:1.0-port0
1790754980.1638,A,390,22102,-93,/dev/serial/by-path/pci-0000:05:00.3-usb-0:2.1.1:1.0-port0
1790754980.2699,B,397,22203,-83,/dev/serial/by-path/pci-0000:05:00.3-usb-0:2.1.2:1.0-port0
1790754980.2701,A,391,22208,-85,/dev/serial/by-path/pci-0000:05:00.3-usb-0:2.1.1:1.0-port0
1790754980.2705,C,398,22202,-81,/dev/serial/by-path/pci-0000:05:00.3-usb-0:2.1.3:1.0-port0
1790754980.2903,B,398,22223,-83,/dev/serial/by-path/pci-0000:05:00.3-usb-0:2.1.2:1.0-port0
1790754980.3322,B,399,22265,-77,/dev/serial/by-path/pci-0000:05:00.3-usb-0:2.1.2:1.0-port0
1790754980.3358,C,399,22268,-77,/dev/serial/by-path/pci-0000:05:00.3-usb-0:2.1.3:1.0-port0
1790754980.3398,A,392,22278,-91,/dev/serial/by-path/pci-0000:05:00.3-usb-0:2.1.1:1.0-port0
1790754980.4363,C,400,22368,-86,/dev/serial/by-path/pci-0000:05:00.3-usb-0:2.1.3:1.0-port0
1790754980.4389,A,393,22377,-83,/dev/serial/by-path/pci-0000:05:00.3-usb-0:2.1.1:1.0-port0
1790754980.4404,B,400,22373,-82,/dev/serial/by-path/pci-0000:05:00.3-usb-0:2.1.2:1.0-port0
1790754980.4527,C,401,22385,-77,/dev/serial/by-path/pci-0000:05:00.3-usb-0:2.1.3:1.0-port0
1790754980.4627,B,401,22396,-76,/dev/serial/by-path/pci-0000:05:00.3-usb-0:2.1.2:1.0-port0
1790754980.5807,C,402,22513,-84,/dev/serial/by-path/pci-0000:05:00.3-usb-0:2.1.3:1.0-port0
1790754980.5811,A,394,22519,-85,/dev/serial/by-path/pci-0000:05:00.3-usb-0:2.1.1:1.0-port0
1790754980.5897,A,395,22528,-84,/dev/serial/by-path/pci-0000:05:00.3-usb-0:2.1.1:1.0-port0
1790754980.6392,A,396,22577,-96,/dev/serial/by-path/pci-0000:05:00.3-usb-0:2.1.1:1.0-port0
1790754980.6416,B,402,22573,-75,/dev/serial/by-path/pci-0000:05:00.3-usb-0:2.1.2:1.0-port0
1790754980.6823,A,397,22620,-79,/dev/serial/by-path/pci-0000:05:00.3-usb-0:2.1.1:1.0-port0
1790754980.6825,B,403,22615,-75,/dev/serial/by-path/pci-0000:05:00.3-usb-0:2.1.2:1.0-port0
1790754980.6859,C,403,22618,-82,/dev/serial/by-path/pci-0000:05:00.3-usb-0:2.1.3:1.0-port0
1790754980.7274,C,404,22659,-80,/dev/serial/by-path/pci-0000:05:00.3-usb-0:2.1.3:1.0-port0
1790754980.7352,A,398,22673,-82,/dev/serial/by-path/pci-0000:05:00.3-usb-0:2.1.1:1.0-port0
1790754980.7718,A,399,22710,-94,/dev/serial/by-path/pci-0000:05:00.3-usb-0:2.1.1:1.0-port0
1790754980.7846,B,404,22718,-75,/dev/serial/by-path/pci-0000:05:00.3-usb-0:2.1.2:1.0-port0
1790754980.7849,C,405,22717,-76,/dev/serial/by-path/pci-0000:05:00.3-usb-0:2.1.3:1.0-port0
1790754980.8648,B,405,22798,-85,/dev/serial/by-path/pci-0000:05:00.3-usb-0:2.1.2:1.0-port0
1790754980.8654,C,406,22798,-84,/dev/serial/by-path/pci-0000:05:00.3-usb-0:2.1.3:1.0-port0
1790754980.8657,A,400,22804,-84,/dev/serial/by-path/pci-0000:05:00.3-usb-0:2.1.1:1.0-port0
1790754980.9194,C,407,22851,-77,/dev/serial/by-path/pci-0000:05:00.3-usb-0:2.1.3:1.0-port0
1790754980.9196,B,406,22853,-75,/dev/serial/by-path/pci-0000:05:00.3-usb-0:2.1.2:1.0-port0
1790754980.9895,A,401,22927,-79,/dev/serial/by-path/pci-0000:05:00.3-usb-0:2.1.1:1.0-port0
1790754980.9974,C,408,22930,-86,/dev/serial/by-path/pci-0000:05:00.3-usb-0:2.1.3:1.0-port0
1790754980.9991,B,407,22932,-87,/dev/serial/by-path/pci-0000:05:00.3-usb-0:2.1.2:1.0-port0
1790754981.0010,A,402,22939,-88,/dev/serial/by-path/pci-0000:05:00.3-usb-0:2.1.1:1.0-port0
1790754981.0405,B,408,22973,-87,/dev/serial/by-path/pci-0000:05:00.3-usb-0:2.1.2:1.0-port0
1790754981.0864,A,403,23025,-93,/dev/serial/by-path/pci-0000:05:00.3-usb-0:2.1.1:1.0-port0
1790754981.0865,B,409,23019,-75,/dev/serial/by-path/pci-0000:05:00.3-usb-0:2.1.2:1.0-port0
1790754981.1397,A,404,23078,-80,/dev/serial/by-path/pci-0000:05:00.3-usb-0:2.1.1:1.0-port0
1790754981.1403,B,410,23074,-76,/dev/serial/by-path/pci-0000:05:00.3-usb-0:2.1.2:1.0-port0
1790754981.1803,B,411,23113,-90,/dev/serial/by-path/pci-0000:05:00.3-usb-0:2.1.2:1.0-port0
1790754981.1807,A,405,23119,-84,/dev/serial/by-path/pci-0000:05:00.3-usb-0:2.1.1:1.0-port0
1790754981.1858,C,409,23118,-83,/dev/serial/by-path/pci-0000:05:00.3-usb-0:2.1.3:1.0-port0
1790754981.2286,C,410,23161,-81,/dev/serial/by-path/pci-0000:05:00.3-usb-0:2.1.3:1.0-port0
1790754981.2290,B,412,23162,-75,/dev/serial/by-path/pci-0000:05:00.3-usb-0:2.1.2:1.0-port0
1790754981.2333,A,406,23171,-93,/dev/serial/by-path/pci-0000:05:00.3-usb-0:2.1.1:1.0-port0
1790754981.3165,C,411,23248,-82,/dev/serial/by-path/pci-0000:05:00.3-usb-0:2.1.3:1.0-port0
1790754981.3393,A,407,23277,-90,/dev/serial/by-path/pci-0000:05:00.3-usb-0:2.1.1:1.0-port0
1790754981.3401,B,413,23273,-88,/dev/serial/by-path/pci-0000:05:00.3-usb-0:2.1.2:1.0-port0
1790754981.3638,B,414,23297,-75,/dev/serial/by-path/pci-0000:05:00.3-usb-0:2.1.2:1.0-port0
1790754981.3863,C,412,23318,-78,/dev/serial/by-path/pci-0000:05:00.3-usb-0:2.1.3:1.0-port0
1790754981.4005,B,415,23334,-77,/dev/serial/by-path/pci-0000:05:00.3-usb-0:2.1.2:1.0-port0
1790754981.4064,A,408,23345,-81,/dev/serial/by-path/pci-0000:05:00.3-usb-0:2.1.1:1.0-port0
1790754981.4084,C,413,23340,-83,/dev/serial/by-path/pci-0000:05:00.3-usb-0:2.1.3:1.0-port0
1790754981.4620,C,414,23394,-81,/dev/serial/by-path/pci-0000:05:00.3-usb-0:2.1.3:1.0-port0
1790754981.4625,B,416,23395,-88,/dev/serial/by-path/pci-0000:05:00.3-usb-0:2.1.2:1.0-port0
1790754981.4627,A,409,23401,-88,/dev/serial/by-path/pci-0000:05:00.3-usb-0:2.1.1:1.0-port0
1790754981.5163,C,415,23448,-77,/dev/serial/by-path/pci-0000:05:00.3-usb-0:2.1.3:1.0-port0
1790754981.5323,C,416,23464,-81,/dev/serial/by-path/pci-0000:05:00.3-usb-0:2.1.3:1.0-port0
1790754981.5324,B,417,23466,-76,/dev/serial/by-path/pci-0000:05:00.3-usb-0:2.1.2:1.0-port0
1790754981.5767,A,410,23515,-81,/dev/serial/by-path/pci-0000:05:00.3-usb-0:2.1.1:1.0-port0
1790754981.5857,C,417,23518,-80,/dev/serial/by-path/pci-0000:05:00.3-usb-0:2.1.3:1.0-port0
1790754981.5903,B,418,23523,-78,/dev/serial/by-path/pci-0000:05:00.3-usb-0:2.1.2:1.0-port0
1790754981.6145,B,419,23548,-84,/dev/serial/by-path/pci-0000:05:00.3-usb-0:2.1.2:1.0-port0
1790754981.6150,C,418,23547,-79,/dev/serial/by-path/pci-0000:05:00.3-usb-0:2.1.3:1.0-port0
1790754981.6153,A,411,23553,-82,/dev/serial/by-path/pci-0000:05:00.3-usb-0:2.1.1:1.0-port0
1790754981.6525,B,420,23586,-76,/dev/serial/by-path/pci-0000:05:00.3-usb-0:2.1.2:1.0-port0
1790754981.6858,C,419,23618,-77,/dev/serial/by-path/pci-0000:05:00.3-usb-0:2.1.3:1.0-port0
1790754981.6891,A,412,23627,-95,/dev/serial/by-path/pci-0000:05:00.3-usb-0:2.1.1:1.0-port0
1790754981.6967,C,420,23629,-78,/dev/serial/by-path/pci-0000:05:00.3-usb-0:2.1.3:1.0-port0
1790754981.7355,A,413,23674,-82,/dev/serial/by-path/pci-0000:05:00.3-usb-0:2.1.1:1.0-port0
1790754981.7358,B,421,23669,-78,/dev/serial/by-path/pci-0000:05:00.3-usb-0:2.1.2:1.0-port0
1790754981.7424,C,421,23675,-83,/dev/serial/by-path/pci-0000:05:00.3-usb-0:2.1.3:1.0-port0
1790754981.7766,A,414,23715,-84,/dev/serial/by-path/pci-0000:05:00.3-usb-0:2.1.1:1.0-port0
1790754981.7893,A,415,23727,-81,/dev/serial/by-path/pci-0000:05:00.3-usb-0:2.1.1:1.0-port0
1790754981.7901,B,422,23724,-84,/dev/serial/by-path/pci-0000:05:00.3-usb-0:2.1.2:1.0-port0
1790754981.8326,B,423,23766,-76,/dev/serial/by-path/pci-0000:05:00.3-usb-0:2.1.2:1.0-port0
1790754981.8334,C,422,23765,-77,/dev/serial/by-path/pci-0000:05:00.3-usb-0:2.1.3:1.0-port0
1790754981.8892,A,416,23827,-82,/dev/serial/by-path/pci-0000:05:00.3-usb-0:2.1.1:1.0-port0
1790754981.9355,C,423,23868,-85,/dev/serial/by-path/pci-0000:05:00.3-usb-0:2.1.3:1.0-port0
1790754981.9360,B,424,23869,-86,/dev/serial/by-path/pci-0000:05:00.3-usb-0:2.1.2:1.0-port0
1790754981.9390,A,417,23877,-83,/dev/serial/by-path/pci-0000:05:00.3-usb-0:2.1.1:1.0-port0
1790754981.9668,A,418,23905,-89,/dev/serial/by-path/pci-0000:05:00.3-usb-0:2.1.1:1.0-port0
1790754981.9669,C,424,23899,-78,/dev/serial/by-path/pci-0000:05:00.3-usb-0:2.1.3:1.0-port0
1790754981.9691,B,425,23902,-75,/dev/serial/by-path/pci-0000:05:00.3-usb-0:2.1.2:1.0-port0
1790754982.0357,B,426,23969,-77,/dev/serial/by-path/pci-0000:05:00.3-usb-0:2.1.2:1.0-port0
1790754982.0362,C,425,23967,-82,/dev/serial/by-path/pci-0000:05:00.3-usb-0:2.1.3:1.0-port0
1790754982.0364,A,419,23974,-82,/dev/serial/by-path/pci-0000:05:00.3-usb-0:2.1.1:1.0-port0
1790754982.0552,A,420,23994,-83,/dev/serial/by-path/pci-0000:05:00.3-usb-0:2.1.1:1.0-port0
1790754982.0555,C,426,23987,-83,/dev/serial/by-path/pci-0000:05:00.3-usb-0:2.1.3:1.0-port0
1790754982.0902,B,427,24023,-86,/dev/serial/by-path/pci-0000:05:00.3-usb-0:2.1.2:1.0-port0
1790754982.1005,A,421,24039,-91,/dev/serial/by-path/pci-0000:05:00.3-usb-0:2.1.1:1.0-port0
1790754982.1015,C,427,24033,-76,/dev/serial/by-path/pci-0000:05:00.3-usb-0:2.1.3:1.0-port0
1790754982.1017,B,428,24035,-75,/dev/serial/by-path/pci-0000:05:00.3-usb-0:2.1.2:1.0-port0
1790754982.1512,A,422,24089,-81,/dev/serial/by-path/pci-0000:05:00.3-usb-0:2.1.1:1.0-port0
1790754982.2355,C,428,24168,-85,/dev/serial/by-path/pci-0000:05:00.3-usb-0:2.1.3:1.0-port0
1790754982.2364,B,429,24170,-84,/dev/serial/by-path/pci-0000:05:00.3-usb-0:2.1.2:1.0-port0
1790754982.2393,A,423,24177,-81,/dev/serial/by-path/pci-0000:05:00.3-usb-0:2.1.1:1.0-port0
1790754982.2418,C,429,24174,-74,/dev/serial/by-path/pci-0000:05:00.3-usb-0:2.1.3:1.0-port0
1790754982.2895,B,430,24223,-76,/dev/serial/by-path/pci-0000:05:00.3-usb-0:2.1.2:1.0-port0
1790754982.3122,C,430,24244,-82,/dev/serial/by-path/pci-0000:05:00.3-usb-0:2.1.3:1.0-port0
1790754982.3829,A,424,24321,-80,/dev/serial/by-path/pci-0000:05:00.3-usb-0:2.1.1:1.0-port0
1790754982.3831,C,431,24315,-81,/dev/serial/by-path/pci-0000:05:00.3-usb-0:2.1.3:1.0-port0
1790754982.3904,B,431,24323,-83,/dev/serial/by-path/pci-0000:05:00.3-usb-0:2.1.2:1.0-port0
1790754982.4303,A,425,24368,-89,/dev/serial/by-path/pci-0000:05:00.3-usb-0:2.1.1:1.0-port0
1790754982.4357,C,432,24368,-76,/dev/serial/by-path/pci-0000:05:00.3-usb-0:2.1.3:1.0-port0
1790754982.4404,B,432,24373,-77,/dev/serial/by-path/pci-0000:05:00.3-usb-0:2.1.2:1.0-port0
1790754982.4735,B,433,24407,-77,/dev/serial/by-path/pci-0000:05:00.3-usb-0:2.1.2:1.0-port0
1790754982.4738,A,426,24412,-82,/dev/serial/by-path/pci-0000:05:00.3-usb-0:2.1.1:1.0-port0
1790754982.4862,C,433,24418,-78,/dev/serial/by-path/pci-0000:05:00.3-usb-0:2.1.3:1.0-port0
1790754982.5216,A,427,24460,-81,/dev/serial/by-path/pci-0000:05:00.3-usb-0:2.1.1:1.0-port0
1790754982.5219,C,434,24454,-86,/dev/serial/by-path/pci-0000:05:00.3-usb-0:2.1.3:1.0-port0
1790754982.5404,B,434,24473,-87,/dev/serial/by-path/pci-0000:05:00.3-usb-0:2.1.2:1.0-port0
1790754982.5695,B,435,24503,-77,/dev/serial/by-path/pci-0000:05:00.3-usb-0:2.1.2:1.0-port0
1790754982.5701,C,435,24501,-77,/dev/serial/by-path/pci-0000:05:00.3-usb-0:2.1.3:1.0-port0
1790754982.5890,A,428,24527,-90,/dev/serial/by-path/pci-0000:05:00.3-usb-0:2.1.1:1.0-port0
1790754982.7352,B,436,24668,-76,/dev/serial/by-path/pci-0000:05:00.3-usb-0:2.1.2:1.0-port0
1790754982.7355,C,436,24668,-74,/dev/serial/by-path/pci-0000:05:00.3-usb-0:2.1.3:1.0-port0
1790754982.7394,A,429,24677,-90,/dev/serial/by-path/pci-0000:05:00.3-usb-0:2.1.1:1.0-port0
1790754982.8048,C,437,24736,-88,/dev/serial/by-path/pci-0000:05:00.3-usb-0:2.1.3:1.0-port0
1790754982.8387,A,430,24777,-85,/dev/serial/by-path/pci-0000:05:00.3-usb-0:2.1.1:1.0-port0
1790754982.8391,B,437,24772,-90,/dev/serial/by-path/pci-0000:05:00.3-usb-0:2.1.2:1.0-port0
1790754982.8813,C,438,24813,-77,/dev/serial/by-path/pci-0000:05:00.3-usb-0:2.1.3:1.0-port0
1790754982.8816,A,431,24820,-88,/dev/serial/by-path/pci-0000:05:00.3-usb-0:2.1.1:1.0-port0
1790754982.9283,A,432,24866,-83,/dev/serial/by-path/pci-0000:05:00.3-usb-0:2.1.1:1.0-port0
1790754982.9285,B,438,24861,-77,/dev/serial/by-path/pci-0000:05:00.3-usb-0:2.1.2:1.0-port0
1790754982.9289,C,439,24860,-80,/dev/serial/by-path/pci-0000:05:00.3-usb-0:2.1.3:1.0-port0
1790754982.9673,C,440,24900,-83,/dev/serial/by-path/pci-0000:05:00.3-usb-0:2.1.3:1.0-port0
1790754982.9677,B,439,24901,-87,/dev/serial/by-path/pci-0000:05:00.3-usb-0:2.1.2:1.0-port0
1790754982.9680,A,433,24906,-86,/dev/serial/by-path/pci-0000:05:00.3-usb-0:2.1.1:1.0-port0
1790754983.0317,C,441,24963,-77,/dev/serial/by-path/pci-0000:05:00.3-usb-0:2.1.3:1.0-port0
1790754983.0321,A,434,24970,-90,/dev/serial/by-path/pci-0000:05:00.3-usb-0:2.1.1:1.0-port0
1790754983.0321,B,440,24965,-76,/dev/serial/by-path/pci-0000:05:00.3-usb-0:2.1.2:1.0-port0
1790754983.0521,C,442,24984,-82,/dev/serial/by-path/pci-0000:05:00.3-usb-0:2.1.3:1.0-port0
1790754983.0604,B,441,24994,-79,/dev/serial/by-path/pci-0000:05:00.3-usb-0:2.1.2:1.0-port0
1790754983.0610,A,435,24999,-82,/dev/serial/by-path/pci-0000:05:00.3-usb-0:2.1.1:1.0-port0
1790754983.0956,C,443,25027,-83,/dev/serial/by-path/pci-0000:05:00.3-usb-0:2.1.3:1.0-port0
1790754983.0957,A,436,25034,-83,/dev/serial/by-path/pci-0000:05:00.3-usb-0:2.1.1:1.0-port0
1790754983.1212,B,442,25054,-84,/dev/serial/by-path/pci-0000:05:00.3-usb-0:2.1.2:1.0-port0
1790754983.1808,C,444,25113,-78,/dev/serial/by-path/pci-0000:05:00.3-usb-0:2.1.3:1.0-port0
1790754983.1846,B,443,25118,-76,/dev/serial/by-path/pci-0000:05:00.3-usb-0:2.1.2:1.0-port0
1790754983.1847,C,445,25116,-78,/dev/serial/by-path/pci-0000:05:00.3-usb-0:2.1.3:1.0-port0
1790754983.2331,A,437,25171,-82,/dev/serial/by-path/pci-0000:05:00.3-usb-0:2.1.1:1.0-port0
1790754983.2781,A,438,25216,-82,/dev/serial/by-path/pci-0000:05:00.3-usb-0:2.1.1:1.0-port0
1790754983.2783,B,444,25211,-85,/dev/serial/by-path/pci-0000:05:00.3-usb-0:2.1.2:1.0-port0
1790754983.2785,C,446,25210,-81,/dev/serial/by-path/pci-0000:05:00.3-usb-0:2.1.3:1.0-port0
1790754983.3177,C,447,25250,-79,/dev/serial/by-path/pci-0000:05:00.3-usb-0:2.1.3:1.0-port0
1790754983.3239,B,445,25257,-75,/dev/serial/by-path/pci-0000:05:00.3-usb-0:2.1.2:1.0-port0
1790754983.3683,C,448,25300,-82,/dev/serial/by-path/pci-0000:05:00.3-usb-0:2.1.3:1.0-port0
1790754983.3684,A,439,25307,-81,/dev/serial/by-path/pci-0000:05:00.3-usb-0:2.1.1:1.0-port0
1790754983.3902,B,446,25323,-77,/dev/serial/by-path/pci-0000:05:00.3-usb-0:2.1.2:1.0-port0
1790754983.4157,A,440,25354,-84,/dev/serial/by-path/pci-0000:05:00.3-usb-0:2.1.1:1.0-port0
1790754983.4410,B,447,25374,-86,/dev/serial/by-path/pci-0000:05:00.3-usb-0:2.1.2:1.0-port0
1790754983.4627,B,448,25396,-75,/dev/serial/by-path/pci-0000:05:00.3-usb-0:2.1.2:1.0-port0
1790754983.4628,C,449,25394,-77,/dev/serial/by-path/pci-0000:05:00.3-usb-0:2.1.3:1.0-port0
1790754983.4632,A,441,25402,-92,/dev/serial/by-path/pci-0000:05:00.3-usb-0:2.1.1:1.0-port0
1790754983.5886,A,442,25527,-85,/dev/serial/by-path/pci-0000:05:00.3-usb-0:2.1.1:1.0-port0
1790754983.5902,B,449,25523,-86,/dev/serial/by-path/pci-0000:05:00.3-usb-0:2.1.2:1.0-port0
1790754983.5958,C,450,25528,-76,/dev/serial/by-path/pci-0000:05:00.3-usb-0:2.1.3:1.0-port0
1790754983.5963,A,443,25534,-96,/dev/serial/by-path/pci-0000:05:00.3-usb-0:2.1.1:1.0-port0
1790754983.6396,B,450,25573,-75,/dev/serial/by-path/pci-0000:05:00.3-usb-0:2.1.2:1.0-port0
1790754983.6808,C,451,25613,-79,/dev/serial/by-path/pci-0000:05:00.3-usb-0:2.1.3:1.0-port0
1790754983.6832,C,452,25614,-80,/dev/serial/by-path/pci-0000:05:00.3-usb-0:2.1.3:1.0-port0
1790754983.6891,A,444,25627,-81,/dev/serial/by-path/pci-0000:05:00.3-usb-0:2.1.1:1.0-port0
1790754983.6906,B,451,25623,-76,/dev/serial/by-path/pci-0000:05:00.3-usb-0:2.1.2:1.0-port0
1790754983.7227,B,452,25656,-88,/dev/serial/by-path/pci-0000:05:00.3-usb-0:2.1.2:1.0-port0
1790754983.7357,C,453,25668,-83,/dev/serial/by-path/pci-0000:05:00.3-usb-0:2.1.3:1.0-port0
1790754983.7393,A,445,25677,-84,/dev/serial/by-path/pci-0000:05:00.3-usb-0:2.1.1:1.0-port0
1790754983.7764,B,453,25710,-75,/dev/serial/by-path/pci-0000:05:00.3-usb-0:2.1.2:1.0-port0
1790754983.7802,C,454,25713,-76,/dev/serial/by-path/pci-0000:05:00.3-usb-0:2.1.3:1.0-port0
1790754983.8065,A,446,25745,-79,/dev/serial/by-path/pci-0000:05:00.3-usb-0:2.1.1:1.0-port0
1790754983.8103,B,454,25744,-76,/dev/serial/by-path/pci-0000:05:00.3-usb-0:2.1.2:1.0-port0
1790754983.8107,C,455,25742,-82,/dev/serial/by-path/pci-0000:05:00.3-usb-0:2.1.3:1.0-port0
1790754983.8840,C,456,25816,-79,/dev/serial/by-path/pci-0000:05:00.3-usb-0:2.1.3:1.0-port0
1790754983.8844,A,447,25823,-82,/dev/serial/by-path/pci-0000:05:00.3-usb-0:2.1.1:1.0-port0
1790754983.9010,B,455,25835,-75,/dev/serial/by-path/pci-0000:05:00.3-usb-0:2.1.2:1.0-port0
1790754983.9117,C,457,25844,-76,/dev/serial/by-path/pci-0000:05:00.3-usb-0:2.1.3:1.0-port0
1790754983.9372,B,456,25870,-75,/dev/serial/by-path/pci-0000:05:00.3-usb-0:2.1.2:1.0-port0
1790754983.9839,C,458,25916,-85,/dev/serial/by-path/pci-0000:05:00.3-usb-0:2.1.3:1.0-port0
1790754983.9849,A,448,25923,-79,/dev/serial/by-path/pci-0000:05:00.3-usb-0:2.1.1:1.0-port0
1790754983.9857,B,457,25919,-76,/dev/serial/by-path/pci-0000:05:00.3-usb-0:2.1.2:1.0-port0
1790754984.0363,C,459,25968,-81,/dev/serial/by-path/pci-0000:05:00.3-usb-0:2.1.3:1.0-port0
1790754984.0392,A,449,25977,-82,/dev/serial/by-path/pci-0000:05:00.3-usb-0:2.1.1:1.0-port0
1790754984.0738,C,460,26006,-74,/dev/serial/by-path/pci-0000:05:00.3-usb-0:2.1.3:1.0-port0
1790754984.0747,A,450,26013,-93,/dev/serial/by-path/pci-0000:05:00.3-usb-0:2.1.1:1.0-port0
1790754984.0839,B,458,26017,-75,/dev/serial/by-path/pci-0000:05:00.3-usb-0:2.1.2:1.0-port0
1790754984.1251,A,451,26063,-81,/dev/serial/by-path/pci-0000:05:00.3-usb-0:2.1.1:1.0-port0
1790754984.1257,C,461,26058,-83,/dev/serial/by-path/pci-0000:05:00.3-usb-0:2.1.3:1.0-port0
1790754984.1258,B,459,26059,-78,/dev/serial/by-path/pci-0000:05:00.3-usb-0:2.1.2:1.0-port0
1790754984.1659,A,452,26104,-84,/dev/serial/by-path/pci-0000:05:00.3-usb-0:2.1.1:1.0-port0
1790754984.1857,C,462,26118,-79,/dev/serial/by-path/pci-0000:05:00.3-usb-0:2.1.3:1.0-port0
1790754984.2187,B,460,26152,-75,/dev/serial/by-path/pci-0000:05:00.3-usb-0:2.1.2:1.0-port0
1790754984.2189,C,463,26151,-75,/dev/serial/by-path/pci-0000:05:00.3-usb-0:2.1.3:1.0-port0
1790754984.2562,B,461,26189,-78,/dev/serial/by-path/pci-0000:05:00.3-usb-0:2.1.2:1.0-port0
1790754984.2566,A,453,26195,-83,/dev/serial/by-path/pci-0000:05:00.3-usb-0:2.1.1:1.0-port0
1790754984.2976,C,464,26229,-77,/dev/serial/by-path/pci-0000:05:00.3-usb-0:2.1.3:1.0-port0
1790754984.2979,A,454,26236,-87,/dev/serial/by-path/pci-0000:05:00.3-usb-0:2.1.1:1.0-port0
1790754984.3343,A,455,26272,-87,/dev/serial/by-path/pci-0000:05:00.3-usb-0:2.1.1:1.0-port0
1790754984.3347,B,462,26267,-87,/dev/serial/by-path/pci-0000:05:00.3-usb-0:2.1.2:1.0-port0
1790754984.3347,C,465,26266,-76,/dev/serial/by-path/pci-0000:05:00.3-usb-0:2.1.3:1.0-port0
1790754984.3794,B,463,26313,-75,/dev/serial/by-path/pci-0000:05:00.3-usb-0:2.1.2:1.0-port0
1790754984.3845,C,466,26316,-77,/dev/serial/by-path/pci-0000:05:00.3-usb-0:2.1.3:1.0-port0
1790754984.4305,B,464,26364,-77,/dev/serial/by-path/pci-0000:05:00.3-usb-0:2.1.2:1.0-port0
1790754984.4307,C,467,26362,-85,/dev/serial/by-path/pci-0000:05:00.3-usb-0:2.1.3:1.0-port0
1790754984.4311,A,456,26370,-81,/dev/serial/by-path/pci-0000:05:00.3-usb-0:2.1.1:1.0-port0
1790754984.4702,A,457,26408,-85,/dev/serial/by-path/pci-0000:05:00.3-usb-0:2.1.1:1.0-port0
1790754984.4854,C,468,26418,-85,/dev/serial/by-path/pci-0000:05:00.3-usb-0:2.1.3:1.0-port0
1790754984.5127,C,469,26444,-74,/dev/serial/by-path/pci-0000:05:00.3-usb-0:2.1.3:1.0-port0
1790754984.5128,B,465,26446,-74,/dev/serial/by-path/pci-0000:05:00.3-usb-0:2.1.2:1.0-port0
1790754984.5280,A,458,26466,-89,/dev/serial/by-path/pci-0000:05:00.3-usb-0:2.1.1:1.0-port0
1790754984.5621,C,470,26494,-77,/dev/serial/by-path/pci-0000:05:00.3-usb-0:2.1.3:1.0-port0
1790754984.5625,B,466,26495,-76,/dev/serial/by-path/pci-0000:05:00.3-usb-0:2.1.2:1.0-port0
1790754984.5688,A,459,26508,-80,/dev/serial/by-path/pci-0000:05:00.3-usb-0:2.1.1:1.0-port0
1790754984.6337,B,467,26567,-85,/dev/serial/by-path/pci-0000:05:00.3-usb-0:2.1.2:1.0-port0
1790754984.6355,C,471,26568,-82,/dev/serial/by-path/pci-0000:05:00.3-usb-0:2.1.3:1.0-port0
1790754984.6398,A,460,26578,-82,/dev/serial/by-path/pci-0000:05:00.3-usb-0:2.1.1:1.0-port0
1790754984.6603,A,461,26599,-89,/dev/serial/by-path/pci-0000:05:00.3-usb-0:2.1.1:1.0-port0
1790754984.6604,C,472,26592,-74,/dev/serial/by-path/pci-0000:05:00.3-usb-0:2.1.3:1.0-port0
1790754984.6687,B,468,26602,-74,/dev/serial/by-path/pci-0000:05:00.3-usb-0:2.1.2:1.0-port0
1790754984.7121,A,462,26650,-79,/dev/serial/by-path/pci-0000:05:00.3-usb-0:2.1.1:1.0-port0
1790754984.7140,B,469,26647,-76,/dev/serial/by-path/pci-0000:05:00.3-usb-0:2.1.2:1.0-port0
1790754984.7158,C,473,26648,-78,/dev/serial/by-path/pci-0000:05:00.3-usb-0:2.1.3:1.0-port0
1790754984.7494,B,470,26683,-86,/dev/serial/by-path/pci-0000:05:00.3-usb-0:2.1.2:1.0-port0
1790754984.7497,A,463,26688,-83,/dev/serial/by-path/pci-0000:05:00.3-usb-0:2.1.1:1.0-port0
1790754984.7499,C,474,26682,-83,/dev/serial/by-path/pci-0000:05:00.3-usb-0:2.1.3:1.0-port0
1790754984.7958,B,471,26729,-74,/dev/serial/by-path/pci-0000:05:00.3-usb-0:2.1.2:1.0-port0
1790754984.7962,C,475,26728,-73,/dev/serial/by-path/pci-0000:05:00.3-usb-0:2.1.3:1.0-port0
1790754984.7964,A,464,26735,-91,/dev/serial/by-path/pci-0000:05:00.3-usb-0:2.1.1:1.0-port0
1790754984.8387,A,465,26777,-91,/dev/serial/by-path/pci-0000:05:00.3-usb-0:2.1.1:1.0-port0
1790754984.8391,B,472,26772,-74,/dev/serial/by-path/pci-0000:05:00.3-usb-0:2.1.2:1.0-port0
1790754984.8854,A,466,26823,-80,/dev/serial/by-path/pci-0000:05:00.3-usb-0:2.1.1:1.0-port0
1790754984.9731,C,476,26905,-74,/dev/serial/by-path/pci-0000:05:00.3-usb-0:2.1.3:1.0-port0
1790754984.9735,B,473,26907,-74,/dev/serial/by-path/pci-0000:05:00.3-usb-0:2.1.2:1.0-port0
1790754984.9893,A,467,26927,-88,/dev/serial/by-path/pci-0000:05:00.3-usb-0:2.1.1:1.0-port0
1790754985.0585,B,474,26992,-84,/dev/serial/by-path/pci-0000:05:00.3-usb-0:2.1.2:1.0-port0
1790754985.0601,C,477,26992,-82,/dev/serial/by-path/pci-0000:05:00.3-usb-0:2.1.3:1.0-port0
1790754985.0604,A,468,26999,-81,/dev/serial/by-path/pci-0000:05:00.3-usb-0:2.1.1:1.0-port0
1790754985.1126,B,475,27046,-75,/dev/serial/by-path/pci-0000:05:00.3-usb-0:2.1.2:1.0-port0
1790754985.1133,C,478,27045,-77,/dev/serial/by-path/pci-0000:05:00.3-usb-0:2.1.3:1.0-port0
1790754985.1136,A,469,27051,-94,/dev/serial/by-path/pci-0000:05:00.3-usb-0:2.1.1:1.0-port0
1790754985.1608,A,470,27099,-78,/dev/serial/by-path/pci-0000:05:00.3-usb-0:2.1.1:1.0-port0
1790754985.2394,A,471,27177,-85,/dev/serial/by-path/pci-0000:05:00.3-usb-0:2.1.1:1.0-port0
1790754985.2820,A,472,27220,-93,/dev/serial/by-path/pci-0000:05:00.3-usb-0:2.1.1:1.0-port0
1790754985.2823,C,479,27214,-73,/dev/serial/by-path/pci-0000:05:00.3-usb-0:2.1.3:1.0-port0
1790754985.2827,B,476,27215,-76,/dev/serial/by-path/pci-0000:05:00.3-usb-0:2.1.2:1.0-port0
1790754985.3276,C,480,27260,-77,/dev/serial/by-path/pci-0000:05:00.3-usb-0:2.1.3:1.0-port0
1790754985.3278,B,477,27261,-77,/dev/serial/by-path/pci-0000:05:00.3-usb-0:2.1.2:1.0-port0
1790754985.3322,A,473,27270,-80,/dev/serial/by-path/pci-0000:05:00.3-usb-0:2.1.1:1.0-port0
1790754985.3787,A,474,27317,-83,/dev/serial/by-path/pci-0000:05:00.3-usb-0:2.1.1:1.0-port0
1790754985.3791,C,481,27311,-89,/dev/serial/by-path/pci-0000:05:00.3-usb-0:2.1.3:1.0-port0
1790754985.3865,B,478,27320,-87,/dev/serial/by-path/pci-0000:05:00.3-usb-0:2.1.2:1.0-port0
1790754985.4257,C,482,27358,-77,/dev/serial/by-path/pci-0000:05:00.3-usb-0:2.1.3:1.0-port0
1790754985.4405,B,479,27373,-77,/dev/serial/by-path/pci-0000:05:00.3-usb-0:2.1.2:1.0-port0
1790754985.4653,A,475,27403,-80,/dev/serial/by-path/pci-0000:05:00.3-usb-0:2.1.1:1.0-port0
1790754985.4656,C,483,27397,-82,/dev/serial/by-path/pci-0000:05:00.3-usb-0:2.1.3:1.0-port0
1790754985.5363,C,484,27468,-81,/dev/serial/by-path/pci-0000:05:00.3-usb-0:2.1.3:1.0-port0
1790754985.5367,B,480,27470,-86,/dev/serial/by-path/pci-0000:05:00.3-usb-0:2.1.2:1.0-port0
1790754985.5392,A,476,27477,-85,/dev/serial/by-path/pci-0000:05:00.3-usb-0:2.1.1:1.0-port0
1790754985.5607,A,477,27499,-90,/dev/serial/by-path/pci-0000:05:00.3-usb-0:2.1.1:1.0-port0
1790754985.5610,C,485,27492,-77,/dev/serial/by-path/pci-0000:05:00.3-usb-0:2.1.3:1.0-port0
1790754985.5704,B,481,27503,-76,/dev/serial/by-path/pci-0000:05:00.3-usb-0:2.1.2:1.0-port0
1790754985.6043,C,486,27536,-85,/dev/serial/by-path/pci-0000:05:00.3-usb-0:2.1.3:1.0-port0
1790754985.6045,B,482,27537,-79,/dev/serial/by-path/pci-0000:05:00.3-usb-0:2.1.2:1.0-port0
1790754985.6047,A,478,27543,-79,/dev/serial/by-path/pci-0000:05:00.3-usb-0:2.1.1:1.0-port0
1790754985.6617,B,483,27595,-88,/dev/serial/by-path/pci-0000:05:00.3-usb-0:2.1.2:1.0-port0
1790754985.6621,A,479,27600,-83,/dev/serial/by-path/pci-0000:05:00.3-usb-0:2.1.1:1.0-port0
1790754985.6623,C,487,27594,-81,/dev/serial/by-path/pci-0000:05:00.3-usb-0:2.1.3:1.0-port0
1790754985.7146,C,488,27646,-76,/dev/serial/by-path/pci-0000:05:00.3-usb-0:2.1.3:1.0-port0
1790754985.7364,A,480,27674,-90,/dev/serial/by-path/pci-0000:05:00.3-usb-0:2.1.1:1.0-port0
1790754985.7404,B,484,27673,-74,/dev/serial/by-path/pci-0000:05:00.3-usb-0:2.1.2:1.0-port0
1790754985.7850,A,481,27723,-81,/dev/serial/by-path/pci-0000:05:00.3-usb-0:2.1.1:1.0-port0
1790754985.7861,C,489,27718,-78,/dev/serial/by-path/pci-0000:05:00.3-usb-0:2.1.3:1.0-port0
1790754985.7899,B,485,27723,-75,/dev/serial/by-path/pci-0000:05:00.3-usb-0:2.1.2:1.0-port0
1790754985.8266,A,482,27765,-81,/dev/serial/by-path/pci-0000:05:00.3-usb-0:2.1.1:1.0-port0
1790754985.8365,C,490,27768,-83,/dev/serial/by-path/pci-0000:05:00.3-usb-0:2.1.3:1.0-port0
1790754985.8695,B,486,27803,-75,/dev/serial/by-path/pci-0000:05:00.3-usb-0:2.1.2:1.0-port0
1790754985.8696,C,491,27801,-75,/dev/serial/by-path/pci-0000:05:00.3-usb-0:2.1.3:1.0-port0
1790754985.8700,A,483,27808,-90,/dev/serial/by-path/pci-0000:05:00.3-usb-0:2.1.1:1.0-port0
1790754985.9074,B,487,27841,-76,/dev/serial/by-path/pci-0000:05:00.3-usb-0:2.1.2:1.0-port0
1790754985.9075,A,484,27846,-82,/dev/serial/by-path/pci-0000:05:00.3-usb-0:2.1.1:1.0-port0
1790754985.9076,C,492,27839,-78,/dev/serial/by-path/pci-0000:05:00.3-usb-0:2.1.3:1.0-port0
1790754985.9516,C,493,27884,-85,/dev/serial/by-path/pci-0000:05:00.3-usb-0:2.1.3:1.0-port0
1790754985.9882,B,488,27922,-87,/dev/serial/by-path/pci-0000:05:00.3-usb-0:2.1.2:1.0-port0
1790754985.9886,A,485,27927,-84,/dev/serial/by-path/pci-0000:05:00.3-usb-0:2.1.1:1.0-port0
1790754985.9942,A,486,27932,-90,/dev/serial/by-path/pci-0000:05:00.3-usb-0:2.1.1:1.0-port0
1790754985.9944,C,494,27926,-77,/dev/serial/by-path/pci-0000:05:00.3-usb-0:2.1.3:1.0-port0
1790754986.0377,B,489,27971,-76,/dev/serial/by-path/pci-0000:05:00.3-usb-0:2.1.2:1.0-port0
1790754986.0392,A,487,27977,-91,/dev/serial/by-path/pci-0000:05:00.3-usb-0:2.1.1:1.0-port0
1790754986.0798,A,488,28018,-82,/dev/serial/by-path/pci-0000:05:00.3-usb-0:2.1.1:1.0-port0
1790754986.0799,C,495,28011,-81,/dev/serial/by-path/pci-0000:05:00.3-usb-0:2.1.3:1.0-port0
1790754986.0880,B,490,28021,-75,/dev/serial/by-path/pci-0000:05:00.3-usb-0:2.1.2:1.0-port0
1790754986.1240,C,496,28056,-82,/dev/serial/by-path/pci-0000:05:00.3-usb-0:2.1.3:1.0-port0
1790754986.1859,C,497,28118,-79,/dev/serial/by-path/pci-0000:05:00.3-usb-0:2.1.3:1.0-port0
1790754986.1861,B,491,28120,-76,/dev/serial/by-path/pci-0000:05:00.3-usb-0:2.1.2:1.0-port0
1790754986.1892,A,489,28127,-92,/dev/serial/by-path/pci-0000:05:00.3-usb-0:2.1.1:1.0-port0
1790754986.2156,A,490,28153,-82,/dev/serial/by-path/pci-0000:05:00.3-usb-0:2.1.1:1.0-port0
1790754986.2359,C,498,28168,-81,/dev/serial/by-path/pci-0000:05:00.3-usb-0:2.1.3:1.0-port0
1790754986.2403,B,492,28173,-74,/dev/serial/by-path/pci-0000:05:00.3-usb-0:2.1.2:1.0-port0
1790754986.2834,B,493,28216,-93,/dev/serial/by-path/pci-0000:05:00.3-usb-0:2.1.2:1.0-port0
1790754986.2838,C,499,28215,-82,/dev/serial/by-path/pci-0000:05:00.3-usb-0:2.1.3:1.0-port0
1790754986.2842,A,491,28221,-87,/dev/serial/by-path/pci-0000:05:00.3-usb-0:2.1.1:1.0-port0
1790754986.3072,A,492,28245,-94,/dev/serial/by-path/pci-0000:05:00.3-usb-0:2.1.1:1.0-port0
1790754986.3076,C,500,28239,-79,/dev/serial/by-path/pci-0000:05:00.3-usb-0:2.1.3:1.0-port0
1790754986.3112,B,494,28244,-75,/dev/serial/by-path/pci-0000:05:00.3-usb-0:2.1.2:1.0-port0
1790754986.3562,A,493,28294,-83,/dev/serial/by-path/pci-0000:05:00.3-usb-0:2.1.1:1.0-port0
1790754986.3675,B,495,28300,-74,/dev/serial/by-path/pci-0000:05:00.3-usb-0:2.1.2:1.0-port0
1790754986.3677,C,501,28299,-81,/dev/serial/by-path/pci-0000:05:00.3-usb-0:2.1.3:1.0-port0
1790754986.3966,B,496,28330,-90,/dev/serial/by-path/pci-0000:05:00.3-usb-0:2.1.2:1.0-port0
1790754986.4062,C,502,28338,-79,/dev/serial/by-path/pci-0000:05:00.3-usb-0:2.1.3:1.0-port0
1790754986.4071,A,494,28345,-85,/dev/serial/by-path/pci-0000:05:00.3-usb-0:2.1.1:1.0-port0
1790754986.4901,B,497,28423,-76,/dev/serial/by-path/pci-0000:05:00.3-usb-0:2.1.2:1.0-port0
1790754986.4905,C,503,28423,-83,/dev/serial/by-path/pci-0000:05:00.3-usb-0:2.1.3:1.0-port0
1790754986.5358,C,504,28468,-82,/dev/serial/by-path/pci-0000:05:00.3-usb-0:2.1.3:1.0-port0
1790754986.5393,A,495,28477,-82,/dev/serial/by-path/pci-0000:05:00.3-usb-0:2.1.1:1.0-port0
1790754986.5398,B,498,28473,-75,/dev/serial/by-path/pci-0000:05:00.3-usb-0:2.1.2:1.0-port0
1790754986.5863,C,505,28518,-84,/dev/serial/by-path/pci-0000:05:00.3-usb-0:2.1.3:1.0-port0
1790754986.5891,A,496,28527,-83,/dev/serial/by-path/pci-0000:05:00.3-usb-0:2.1.1:1.0-port0
1790754986.6242,A,497,28563,-95,/dev/serial/by-path/pci-0000:05:00.3-usb-0:2.1.1:1.0-port0
1790754986.6243,C,506,28556,-78,/dev/serial/by-path/pci-0000:05:00.3-usb-0:2.1.3:1.0-port0
1790754986.6404,B,499,28573,-76,/dev/serial/by-path/pci-0000:05:00.3-usb-0:2.1.2:1.0-port0
1790754986.6681,A,498,28606,-83,/dev/serial/by-path/pci-0000:05:00.3-usb-0:2.1.1:1.0-port0
1790754986.6711,B,500,28604,-74,/dev/serial/by-path/pci-0000:05:00.3-usb-0:2.1.2:1.0-port0
1790754986.6713,C,507,28603,-88,/dev/serial/by-path/pci-0000:05:00.3-usb-0:2.1.3:1.0-port0
1790754986.7295,A,499,28667,-86,/dev/serial/by-path/pci-0000:05:00.3-usb-0:2.1.1:1.0-port0
1790754986.7297,C,508,28661,-82,/dev/serial/by-path/pci-0000:05:00.3-usb-0:2.1.3:1.0-port0
1790754986.7533,C,509,28685,-78,/dev/serial/by-path/pci-0000:05:00.3-usb-0:2.1.3:1.0-port0
1790754986.7534,A,500,28691,-97,/dev/serial/by-path/pci-0000:05:00.3-usb-0:2.1.1:1.0-port0
1790754986.7633,B,501,28696,-76,/dev/serial/by-path/pci-0000:05:00.3-usb-0:2.1.2:1.0-port0
1790754986.9274,B,502,28861,-75,/dev/serial/by-path/pci-0000:05:00.3-usb-0:2.1.2:1.0-port0
1790754986.9364,C,510,28868,-79,/dev/serial/by-path/pci-0000:05:00.3-usb-0:2.1.3:1.0-port0
1790754987.0250,B,503,28958,-89,/dev/serial/by-path/pci-0000:05:00.3-usb-0:2.1.2:1.0-port0
1790754987.0365,C,511,28968,-79,/dev/serial/by-path/pci-0000:05:00.3-usb-0:2.1.3:1.0-port0
1790754987.0391,A,501,28977,-84,/dev/serial/by-path/pci-0000:05:00.3-usb-0:2.1.1:1.0-port0
1790754987.0643,B,504,28997,-75,/dev/serial/by-path/pci-0000:05:00.3-usb-0:2.1.2:1.0-port0
1790754987.0687,C,512,29001,-77,/dev/serial/by-path/pci-0000:05:00.3-usb-0:2.1.3:1.0-port0
1790754987.1224,A,502,29060,-83,/dev/serial/by-path/pci-0000:05:00.3-usb-0:2.1.1:1.0-port0
1790754987.1225,B,505,29055,-75,/dev/serial/by-path/pci-0000:05:00.3-usb-0:2.1.2:1.0-port0
1790754987.1229,C,513,29054,-86,/dev/serial/by-path/pci-0000:05:00.3-usb-0:2.1.3:1.0-port0
1790754987.2012,C,514,29133,-78,/dev/serial/by-path/pci-0000:05:00.3-usb-0:2.1.3:1.0-port0
1790754987.2100,B,506,29143,-75,/dev/serial/by-path/pci-0000:05:00.3-usb-0:2.1.2:1.0-port0
1790754987.2507,B,507,29184,-76,/dev/serial/by-path/pci-0000:05:00.3-usb-0:2.1.2:1.0-port0
1790754987.2511,A,503,29189,-82,/dev/serial/by-path/pci-0000:05:00.3-usb-0:2.1.1:1.0-port0
1790754987.2894,A,504,29227,-81,/dev/serial/by-path/pci-0000:05:00.3-usb-0:2.1.1:1.0-port0
1790754987.2898,B,508,29223,-77,/dev/serial/by-path/pci-0000:05:00.3-usb-0:2.1.2:1.0-port0
1790754987.3332,C,515,29265,-79,/dev/serial/by-path/pci-0000:05:00.3-usb-0:2.1.3:1.0-port0
1790754987.3336,A,505,29271,-87,/dev/serial/by-path/pci-0000:05:00.3-usb-0:2.1.1:1.0-port0
1790754987.3733,C,516,29305,-78,/dev/serial/by-path/pci-0000:05:00.3-usb-0:2.1.3:1.0-port0
1790754987.3737,B,509,29307,-75,/dev/serial/by-path/pci-0000:05:00.3-usb-0:2.1.2:1.0-port0
1790754987.4196,B,510,29353,-76,/dev/serial/by-path/pci-0000:05:00.3-usb-0:2.1.2:1.0-port0
1790754987.4357,C,517,29368,-83,/dev/serial/by-path/pci-0000:05:00.3-usb-0:2.1.3:1.0-port0
1790754987.4392,A,506,29377,-82,/dev/serial/by-path/pci-0000:05:00.3-usb-0:2.1.1:1.0-port0
1790754987.4673,C,518,29399,-78,/dev/serial/by-path/pci-0000:05:00.3-usb-0:2.1.3:1.0-port0
1790754987.4681,A,507,29406,-84,/dev/serial/by-path/pci-0000:05:00.3-usb-0:2.1.1:1.0-port0
1790754987.4733,B,511,29406,-88,/dev/serial/by-path/pci-0000:05:00.3-usb-0:2.1.2:1.0-port0
1790754987.5175,B,512,29451,-75,/dev/serial/by-path/pci-0000:05:00.3-usb-0:2.1.2:1.0-port0
1790754987.5364,C,519,29468,-78,/dev/serial/by-path/pci-0000:05:00.3-usb-0:2.1.3:1.0-port0
1790754987.5682,A,508,29505,-81,/dev/serial/by-path/pci-0000:05:00.3-usb-0:2.1.1:1.0-port0
1790754987.6151,C,520,29547,-81,/dev/serial/by-path/pci-0000:05:00.3-usb-0:2.1.3:1.0-port0
1790754987.6385,A,509,29577,-85,/dev/serial/by-path/pci-0000:05:00.3-usb-0:2.1.1:1.0-port0
1790754987.6629,C,521,29595,-79,/dev/serial/by-path/pci-0000:05:00.3-usb-0:2.1.3:1.0-port0
1790754987.6632,B,513,29596,-75,/dev/serial/by-path/pci-0000:05:00.3-usb-0:2.1.2:1.0-port0
1790754987.7107,B,514,29644,-75,/dev/serial/by-path/pci-0000:05:00.3-usb-0:2.1.2:1.0-port0
1790754987.7111,A,510,29649,-83,/dev/serial/by-path/pci-0000:05:00.3-usb-0:2.1.1:1.0-port0
1790754987.7113,C,522,29643,-81,/dev/serial/by-path/pci-0000:05:00.3-usb-0:2.1.3:1.0-port0
1790754987.7522,B,515,29685,-87,/dev/serial/by-path/pci-0000:05:00.3-usb-0:2.1.2:1.0-port0
1790754987.7594,A,511,29697,-86,/dev/serial/by-path/pci-0000:05:00.3-usb-0:2.1.1:1.0-port0
1790754987.7597,C,523,29691,-79,/dev/serial/by-path/pci-0000:05:00.3-usb-0:2.1.3:1.0-port0
1790754987.7998,B,516,29733,-76,/dev/serial/by-path/pci-0000:05:00.3-usb-0:2.1.2:1.0-port0
1790754987.8000,C,524,29731,-78,/dev/serial/by-path/pci-0000:05:00.3-usb-0:2.1.3:1.0-port0
1790754987.8376,B,517,29771,-75,/dev/serial/by-path/pci-0000:05:00.3-usb-0:2.1.2:1.0-port0
1790754987.8845,C,525,29816,-79,/dev/serial/by-path/pci-0000:05:00.3-usb-0:2.1.3:1.0-port0
1790754987.8864,B,518,29820,-76,/dev/serial/by-path/pci-0000:05:00.3-usb-0:2.1.2:1.0-port0
1790754987.9702,C,526,29902,-77,/dev/serial/by-path/pci-0000:05:00.3-usb-0:2.1.3:1.0-port0
1790754987.9706,B,519,29904,-75,/dev/serial/by-path/pci-0000:05:00.3-usb-0:2.1.2:1.0-port0
1790754987.9709,A,512,29908,-95,/dev/serial/by-path/pci-0000:05:00.3-usb-0:2.1.1:1.0-port0
1790754988.0169,B,520,29951,-77,/dev/serial/by-path/pci-0000:05:00.3-usb-0:2.1.2:1.0-port0
1790754988.0183,C,527,29950,-79,/dev/serial/by-path/pci-0000:05:00.3-usb-0:2.1.3:1.0-port0
1790754988.0336,A,513,29972,-81,/dev/serial/by-path/pci-0000:05:00.3-usb-0:2.1.1:1.0-port0
1790754988.0621,B,521,29996,-85,/dev/serial/by-path/pci-0000:05:00.3-usb-0:2.1.2:1.0-port0
1790754988.0851,C,528,30018,-86,/dev/serial/by-path/pci-0000:05:00.3-usb-0:2.1.3:1.0-port0
1790754988.0867,A,514,30025,-87,/dev/serial/by-path/pci-0000:05:00.3-usb-0:2.1.1:1.0-port0
1790754988.1201,C,529,30052,-76,/dev/serial/by-path/pci-0000:05:00.3-usb-0:2.1.3:1.0-port0
1790754988.1204,B,522,30054,-75,/dev/serial/by-path/pci-0000:05:00.3-usb-0:2.1.2:1.0-port0
1790754988.1558,C,530,30088,-81,/dev/serial/by-path/pci-0000:05:00.3-usb-0:2.1.3:1.0-port0
1790754988.1642,A,515,30102,-82,/dev/serial/by-path/pci-0000:05:00.3-usb-0:2.1.1:1.0-port0
1790754988.1644,B,523,30097,-78,/dev/serial/by-path/pci-0000:05:00.3-usb-0:2.1.2:1.0-port0
1790754988.2035,B,524,30137,-94,/dev/serial/by-path/pci-0000:05:00.3-usb-0:2.1.2:1.0-port0
1790754988.2038,C,531,30135,-83,/dev/serial/by-path/pci-0000:05:00.3-usb-0:2.1.3:1.0-port0
1790754988.2041,A,516,30142,-86,/dev/serial/by-path/pci-0000:05:00.3-usb-0:2.1.1:1.0-port0
1790754988.2892,A,517,30227,-95,/dev/serial/by-path/pci-0000:05:00.3-usb-0:2.1.1:1.0-port0
1790754988.2893,B,525,30222,-75,/dev/serial/by-path/pci-0000:05:00.3-usb-0:2.1.2:1.0-port0
1790754988.3033,C,532,30235,-82,/dev/serial/by-path/pci-0000:05:00.3-usb-0:2.1.3:1.0-port0
1790754988.3391,A,518,30277,-81,/dev/serial/by-path/pci-0000:05:00.3-usb-0:2.1.1:1.0-port0
1790754988.3395,B,526,30272,-78,/dev/serial/by-path/pci-0000:05:00.3-usb-0:2.1.2:1.0-port0
1790754988.3412,C,533,30273,-77,/dev/serial/by-path/pci-0000:05:00.3-usb-0:2.1.3:1.0-port0
1790754988.3816,B,527,30315,-90,/dev/serial/by-path/pci-0000:05:00.3-usb-0:2.1.2:1.0-port0
1790754988.3859,C,534,30318,-78,/dev/serial/by-path/pci-0000:05:00.3-usb-0:2.1.3:1.0-port0
1790754988.3889,A,519,30327,-84,/dev/serial/by-path/pci-0000:05:00.3-usb-0:2.1.1:1.0-port0
1790754988.4202,C,535,30352,-78,/dev/serial/by-path/pci-0000:05:00.3-usb-0:2.1.3:1.0-port0
1790754988.4204,B,528,30353,-75,/dev/serial/by-path/pci-0000:05:00.3-usb-0:2.1.2:1.0-port0
1790754988.5114,B,529,30444,-95,/dev/serial/by-path/pci-0000:05:00.3-usb-0:2.1.2:1.0-port0
1790754988.5118,C,536,30443,-78,/dev/serial/by-path/pci-0000:05:00.3-usb-0:2.1.3:1.0-port0
1790754988.5121,A,520,30449,-88,/dev/serial/by-path/pci-0000:05:00.3-usb-0:2.1.1:1.0-port0
1790754988.5544,B,530,30488,-75,/dev/serial/by-path/pci-0000:05:00.3-usb-0:2.1.2:1.0-port0
1790754988.5547,C,537,30487,-78,/dev/serial/by-path/pci-0000:05:00.3-usb-0:2.1.3:1.0-port0
1790754988.6383,A,521,30577,-81,/dev/serial/by-path/pci-0000:05:00.3-usb-0:2.1.1:1.0-port0
1790754988.6494,C,538,30581,-79,/dev/serial/by-path/pci-0000:05:00.3-usb-0:2.1.3:1.0-port0
1790754988.6497,A,522,30588,-84,/dev/serial/by-path/pci-0000:05:00.3-usb-0:2.1.1:1.0-port0
1790754988.6956,B,531,30629,-75,/dev/serial/by-path/pci-0000:05:00.3-usb-0:2.1.2:1.0-port0
1790754988.7226,C,539,30655,-78,/dev/serial/by-path/pci-0000:05:00.3-usb-0:2.1.3:1.0-port0
1790754988.7835,C,540,30716,-84,/dev/serial/by-path/pci-0000:05:00.3-usb-0:2.1.3:1.0-port0
1790754988.7841,B,532,30718,-77,/dev/serial/by-path/pci-0000:05:00.3-usb-0:2.1.2:1.0-port0
1790754988.7844,A,523,30723,-82,/dev/serial/by-path/pci-0000:05:00.3-usb-0:2.1.1:1.0-port0
1790754988.7859,C,541,30716,-85,/dev/serial/by-path/pci-0000:05:00.3-usb-0:2.1.3:1.0-port0
1790754988.8310,C,542,30763,-79,/dev/serial/by-path/pci-0000:05:00.3-usb-0:2.1.3:1.0-port0
1790754988.8319,A,524,30770,-86,/dev/serial/by-path/pci-0000:05:00.3-usb-0:2.1.1:1.0-port0
1790754988.8706,C,543,30803,-78,/dev/serial/by-path/pci-0000:05:00.3-usb-0:2.1.3:1.0-port0
1790754988.8905,B,533,30823,-76,/dev/serial/by-path/pci-0000:05:00.3-usb-0:2.1.2:1.0-port0
1790754988.9329,B,534,30866,-78,/dev/serial/by-path/pci-0000:05:00.3-usb-0:2.1.2:1.0-port0
1790754988.9333,C,544,30865,-84,/dev/serial/by-path/pci-0000:05:00.3-usb-0:2.1.3:1.0-port0
1790754988.9335,A,525,30871,-82,/dev/serial/by-path/pci-0000:05:00.3-usb-0:2.1.1:1.0-port0
1790754988.9606,C,545,30892,-84,/dev/serial/by-path/pci-0000:05:00.3-usb-0:2.1.3:1.0-port0
1790754988.9609,B,535,30894,-89,/dev/serial/by-path/pci-0000:05:00.3-usb-0:2.1.2:1.0-port0
1790754988.9612,A,526,30899,-84,/dev/serial/by-path/pci-0000:05:00.3-usb-0:2.1.1:1.0-port0
1790754989.0065,B,536,30939,-75,/dev/serial/by-path/pci-0000:05:00.3-usb-0:2.1.2:1.0-port0
1790754989.0067,C,546,30938,-78,/dev/serial/by-path/pci-0000:05:00.3-usb-0:2.1.3:1.0-port0
1790754989.0495,B,537,30983,-76,/dev/serial/by-path/pci-0000:05:00.3-usb-0:2.1.2:1.0-port0
1790754989.0500,A,527,30988,-82,/dev/serial/by-path/pci-0000:05:00.3-usb-0:2.1.1:1.0-port0
1790754989.0504,C,547,30983,-82,/dev/serial/by-path/pci-0000:05:00.3-usb-0:2.1.3:1.0-port0
1790754989.1326,C,548,31065,-79,/dev/serial/by-path/pci-0000:05:00.3-usb-0:2.1.3:1.0-port0
1790754989.1392,A,528,31077,-85,/dev/serial/by-path/pci-0000:05:00.3-usb-0:2.1.1:1.0-port0
1790754989.1482,C,549,31080,-77,/dev/serial/by-path/pci-0000:05:00.3-usb-0:2.1.3:1.0-port0
1790754989.1898,B,538,31123,-75,/dev/serial/by-path/pci-0000:05:00.3-usb-0:2.1.2:1.0-port0
1790754989.2313,B,539,31164,-75,/dev/serial/by-path/pci-0000:05:00.3-usb-0:2.1.2:1.0-port0
1790754989.2316,A,529,31169,-82,/dev/serial/by-path/pci-0000:05:00.3-usb-0:2.1.1:1.0-port0
1790754989.2331,C,550,31165,-83,/dev/serial/by-path/pci-0000:05:00.3-usb-0:2.1.3:1.0-port0
1790754989.2722,B,540,31205,-86,/dev/serial/by-path/pci-0000:05:00.3-usb-0:2.1.2:1.0-port0
1790754989.2858,C,551,31218,-79,/dev/serial/by-path/pci-0000:05:00.3-usb-0:2.1.3:1.0-port0
1790754989.2895,A,530,31227,-89,/dev/serial/by-path/pci-0000:05:00.3-usb-0:2.1.1:1.0-port0
1790754989.3207,B,541,31254,-75,/dev/serial/by-path/pci-0000:05:00.3-usb-0:2.1.2:1.0-port0
1790754989.3274,C,552,31259,-78,/dev/serial/by-path/pci-0000:05:00.3-usb-0:2.1.3:1.0-port0
1790754989.4175,A,531,31355,-88,/dev/serial/by-path/pci-0000:05:00.3-usb-0:2.1.1:1.0-port0
1790754989.4297,B,542,31363,-84,/dev/serial/by-path/pci-0000:05:00.3-usb-0:2.1.2:1.0-port0
1790754989.4356,C,553,31368,-77,/dev/serial/by-path/pci-0000:05:00.3-usb-0:2.1.3:1.0-port0
1790754989.4576,C,554,31389,-78,/dev/serial/by-path/pci-0000:05:00.3-usb-0:2.1.3:1.0-port0
1790754989.4637,B,543,31397,-75,/dev/serial/by-path/pci-0000:05:00.3-usb-0:2.1.2:1.0-port0
1790754989.5255,A,532,31464,-82,/dev/serial/by-path/pci-0000:05:00.3-usb-0:2.1.1:1.0-port0
1790754989.5257,B,544,31459,-77,/dev/serial/by-path/pci-0000:05:00.3-usb-0:2.1.2:1.0-port0
1790754989.5260,C,555,31457,-84,/dev/serial/by-path/pci-0000:05:00.3-usb-0:2.1.3:1.0-port0
1790754989.5660,C,556,31498,-79,/dev/serial/by-path/pci-0000:05:00.3-usb-0:2.1.3:1.0-port0
1790754989.5662,B,545,31500,-87,/dev/serial/by-path/pci-0000:05:00.3-usb-0:2.1.2:1.0-port0
1790754989.5665,A,533,31504,-87,/dev/serial/by-path/pci-0000:05:00.3-usb-0:2.1.1:1.0-port0
1790754989.6357,C,557,31568,-76,/dev/serial/by-path/pci-0000:05:00.3-usb-0:2.1.3:1.0-port0
1790754989.6391,B,546,31572,-75,/dev/serial/by-path/pci-0000:05:00.3-usb-0:2.1.2:1.0-port0
1790754989.7363,C,558,31668,-78,/dev/serial/by-path/pci-0000:05:00.3-usb-0:2.1.3:1.0-port0
1790754989.7394,A,534,31677,-86,/dev/serial/by-path/pci-0000:05:00.3-usb-0:2.1.1:1.0-port0
1790754989.7399,B,547,31673,-87,/dev/serial/by-path/pci-0000:05:00.3-usb-0:2.1.2:1.0-port0
1790754989.7721,B,548,31705,-75,/dev/serial/by-path/pci-0000:05:00.3-usb-0:2.1.2:1.0-port0
1790754989.7812,C,559,31713,-78,/dev/serial/by-path/pci-0000:05:00.3-usb-0:2.1.3:1.0-port0
1790754989.8152,C,560,31747,-83,/dev/serial/by-path/pci-0000:05:00.3-usb-0:2.1.3:1.0-port0
1790754989.8153,B,549,31748,-77,/dev/serial/by-path/pci-0000:05:00.3-usb-0:2.1.2:1.0-port0
1790754989.8156,A,535,31753,-82,/dev/serial/by-path/pci-0000:05:00.3-usb-0:2.1.1:1.0-port0
1790754989.8606,C,561,31792,-77,/dev/serial/by-path/pci-0000:05:00.3-usb-0:2.1.3:1.0-port0
1790754989.8608,B,550,31794,-88,/dev/serial/by-path/pci-0000:05:00.3-usb-0:2.1.2:1.0-port0
1790754989.8864,A,536,31824,-85,/dev/serial/by-path/pci-0000:05:00.3-usb-0:2.1.1:1.0-port0
1790754989.9027,B,551,31836,-76,/dev/serial/by-path/pci-0000:05:00.3-usb-0:2.1.2:1.0-port0
1790754989.9359,C,562,31868,-78,/dev/serial/by-path/pci-0000:05:00.3-usb-0:2.1.3:1.0-port0
1790754989.9502,B,552,31883,-77,/dev/serial/by-path/pci-0000:05:00.3-usb-0:2.1.2:1.0-port0
1790754989.9506,C,563,31882,-84,/dev/serial/by-path/pci-0000:05:00.3-usb-0:2.1.3:1.0-port0
1790754989.9942,A,537,31932,-88,/dev/serial/by-path/pci-0000:05:00.3-usb-0:2.1.1:1.0-port0
1790754989.9943,C,564,31926,-79,/dev/serial/by-path/pci-0000:05:00.3-usb-0:2.1.3:1.0-port0
1790754990.0105,B,553,31944,-90,/dev/serial/by-path/pci-0000:05:00.3-usb-0:2.1.2:1.0-port0
1790754990.0354,C,565,31968,-78,/dev/serial/by-path/pci-0000:05:00.3-usb-0:2.1.3:1.0-port0
1790754990.0395,A,538,31977,-86,/dev/serial/by-path/pci-0000:05:00.3-usb-0:2.1.1:1.0-port0
1790754990.0399,B,554,31973,-90,/dev/serial/by-path/pci-0000:05:00.3-usb-0:2.1.2:1.0-port0
1790754990.0782,B,555,32012,-76,/dev/serial/by-path/pci-0000:05:00.3-usb-0:2.1.2:1.0-port0
1790754990.0786,C,566,32011,-78,/dev/serial/by-path/pci-0000:05:00.3-usb-0:2.1.3:1.0-port0
1790754990.1256,A,539,32064,-82,/dev/serial/by-path/pci-0000:05:00.3-usb-0:2.1.1:1.0-port0
1790754990.1271,C,567,32059,-81,/dev/serial/by-path/pci-0000:05:00.3-usb-0:2.1.3:1.0-port0
1790754990.1275,B,556,32061,-76,/dev/serial/by-path/pci-0000:05:00.3-usb-0:2.1.2:1.0-port0
1790754990.1856,C,568,32118,-78,/dev/serial/by-path/pci-0000:05:00.3-usb-0:2.1.3:1.0-port0
1790754990.1892,A,540,32127,-85,/dev/serial/by-path/pci-0000:05:00.3-usb-0:2.1.1:1.0-port0
1790754990.2233,C,569,32155,-76,/dev/serial/by-path/pci-0000:05:00.3-usb-0:2.1.3:1.0-port0
1790754990.2234,B,557,32156,-75,/dev/serial/by-path/pci-0000:05:00.3-usb-0:2.1.2:1.0-port0
1790754990.2681,A,541,32206,-82,/dev/serial/by-path/pci-0000:05:00.3-usb-0:2.1.1:1.0-port0
1790754990.2857,C,570,32218,-81,/dev/serial/by-path/pci-0000:05:00.3-usb-0:2.1.3:1.0-port0
1790754990.3363,C,571,32268,-78,/dev/serial/by-path/pci-0000:05:00.3-usb-0:2.1.3:1.0-port0
1790754990.3392,A,542,32277,-87,/dev/serial/by-path/pci-0000:05:00.3-usb-0:2.1.1:1.0-port0
1790754990.3637,B,558,32297,-75,/dev/serial/by-path/pci-0000:05:00.3-usb-0:2.1.2:1.0-port0
1790754990.3865,C,572,32318,-77,/dev/serial/by-path/pci-0000:05:00.3-usb-0:2.1.3:1.0-port0
1790754990.4026,B,559,32336,-76,/dev/serial/by-path/pci-0000:05:00.3-usb-0:2.1.2:1.0-port0
1790754990.4093,C,573,32341,-83,/dev/serial/by-path/pci-0000:05:00.3-usb-0:2.1.3:1.0-port0
1790754990.4097,A,543,32348,-82,/dev/serial/by-path/pci-0000:05:00.3-usb-0:2.1.1:1.0-port0
1790754990.4755,C,574,32407,-77,/dev/serial/by-path/pci-0000:05:00.3-usb-0:2.1.3:1.0-port0
1790754990.5030,B,560,32436,-75,/dev/serial/by-path/pci-0000:05:00.3-usb-0:2.1.2:1.0-port0
1790754990.5032,C,575,32435,-77,/dev/serial/by-path/pci-0000:05:00.3-usb-0:2.1.3:1.0-port0
1790754990.5733,A,544,32511,-81,/dev/serial/by-path/pci-0000:05:00.3-usb-0:2.1.1:1.0-port0
1790754990.6177,C,576,32550,-76,/dev/serial/by-path/pci-0000:05:00.3-usb-0:2.1.3:1.0-port0
1790754990.6181,A,545,32556,-84,/dev/serial/by-path/pci-0000:05:00.3-usb-0:2.1.1:1.0-port0
1790754990.6402,B,561,32573,-86,/dev/serial/by-path/pci-0000:05:00.3-usb-0:2.1.2:1.0-port0
1790754990.6903,B,562,32623,-76,/dev/serial/by-path/pci-0000:05:00.3-usb-0:2.1.2:1.0-port0
1790754990.8854,C,577,32818,-82,/dev/serial/by-path/pci-0000:05:00.3-usb-0:2.1.3:1.0-port0
1790754990.8889,A,546,32827,-82,/dev/serial/by-path/pci-0000:05:00.3-usb-0:2.1.1:1.0-port0
1790754990.8903,B,563,32823,-77,/dev/serial/by-path/pci-0000:05:00.3-usb-0:2.1.2:1.0-port0
1790754990.9226,A,547,32860,-85,/dev/serial/by-path/pci-0000:05:00.3-usb-0:2.1.1:1.0-port0
1790754990.9317,C,578,32863,-78,/dev/serial/by-path/pci-0000:05:00.3-usb-0:2.1.3:1.0-port0
1790754990.9318,B,564,32865,-84,/dev/serial/by-path/pci-0000:05:00.3-usb-0:2.1.2:1.0-port0
1790754990.9645,B,565,32898,-74,/dev/serial/by-path/pci-0000:05:00.3-usb-0:2.1.2:1.0-port0
1790754991.0096,A,548,32948,-83,/dev/serial/by-path/pci-0000:05:00.3-usb-0:2.1.1:1.0-port0
1790754991.0138,B,566,32947,-76,/dev/serial/by-path/pci-0000:05:00.3-usb-0:2.1.2:1.0-port0
1790754991.0547,C,579,32986,-78,/dev/serial/by-path/pci-0000:05:00.3-usb-0:2.1.3:1.0-port0
1790754991.0549,B,567,32988,-92,/dev/serial/by-path/pci-0000:05:00.3-usb-0:2.1.2:1.0-port0
1790754991.0892,A,549,33027,-83,/dev/serial/by-path/pci-0000:05:00.3-usb-0:2.1.1:1.0-port0
1790754991.1007,B,568,33035,-75,/dev/serial/by-path/pci-0000:05:00.3-usb-0:2.1.2:1.0-port0
1790754991.1011,C,580,33033,-78,/dev/serial/by-path/pci-0000:05:00.3-usb-0:2.1.3:1.0-port0
1790754991.1645,B,569,33098,-76,/dev/serial/by-path/pci-0000:05:00.3-usb-0:2.1.2:1.0-port0
1790754991.1650,C,581,33097,-82,/dev/serial/by-path/pci-0000:05:00.3-usb-0:2.1.3:1.0-port0
1790754991.1651,A,550,33103,-82,/dev/serial/by-path/pci-0000:05:00.3-usb-0:2.1.1:1.0-port0
1790754991.2344,A,551,33172,-84,/dev/serial/by-path/pci-0000:05:00.3-usb-0:2.1.1:1.0-port0
1790754991.2346,C,582,33166,-77,/dev/serial/by-path/pci-0000:05:00.3-usb-0:2.1.3:1.0-port0
1790754991.2808,C,583,33213,-78,/dev/serial/by-path/pci-0000:05:00.3-usb-0:2.1.3:1.0-port0
1790754991.2810,B,570,33214,-76,/dev/serial/by-path/pci-0000:05:00.3-usb-0:2.1.2:1.0-port0
1790754991.3714,C,584,33303,-78,/dev/serial/by-path/pci-0000:05:00.3-usb-0:2.1.3:1.0-port0
1790754991.3717,A,552,33310,-85,/dev/serial/by-path/pci-0000:05:00.3-usb-0:2.1.1:1.0-port0
1790754991.4356,C,585,33368,-80,/dev/serial/by-path/pci-0000:05:00.3-usb-0:2.1.3:1.0-port0
1790754991.4407,B,571,33374,-76,/dev/serial/by-path/pci-0000:05:00.3-usb-0:2.1.2:1.0-port0
1790754991.4622,A,553,33400,-82,/dev/serial/by-path/pci-0000:05:00.3-usb-0:2.1.1:1.0-port0
1790754991.4625,C,586,33394,-82,/dev/serial/by-path/pci-0000:05:00.3-usb-0:2.1.3:1.0-port0
1790754991.4628,B,572,33395,-77,/dev/serial/by-path/pci-0000:05:00.3-usb-0:2.1.2:1.0-port0
1790754991.5358,C,587,33468,-78,/dev/serial/by-path/pci-0000:05:00.3-usb-0:2.1.3:1.0-port0
1790754991.5392,A,554,33477,-85,/dev/serial/by-path/pci-0000:05:00.3-usb-0:2.1.1:1.0-port0
1790754991.5544,C,588,33486,-79,/dev/serial/by-path/pci-0000:05:00.3-usb-0:2.1.3:1.0-port0
1790754991.5547,B,573,33488,-76,/dev/serial/by-path/pci-0000:05:00.3-usb-0:2.1.2:1.0-port0
1790754991.6354,B,574,33569,-76,/dev/serial/by-path/pci-0000:05:00.3-usb-0:2.1.2:1.0-port0
1790754991.6613,C,589,33594,-79,/dev/serial/by-path/pci-0000:05:00.3-usb-0:2.1.3:1.0-port0
1790754991.6616,A,555,33600,-85,/dev/serial/by-path/pci-0000:05:00.3-usb-0:2.1.1:1.0-port0
1790754991.7326,C,590,33665,-78,/dev/serial/by-path/pci-0000:05:00.3-usb-0:2.1.3:1.0-port0
1790754991.7403,B,575,33673,-76,/dev/serial/by-path/pci-0000:05:00.3-usb-0:2.1.2:1.0-port0
1790754991.7737,A,556,33711,-82,/dev/serial/by-path/pci-0000:05:00.3-usb-0:2.1.1:1.0-port0
1790754991.7864,C,591,33718,-85,/dev/serial/by-path/pci-0000:05:00.3-usb-0:2.1.3:1.0-port0
1790754991.7912,B,576,33724,-76,/dev/serial/by-path/pci-0000:05:00.3-usb-0:2.1.2:1.0-port0
1790754991.8222,C,592,33754,-78,/dev/serial/by-path/pci-0000:05:00.3-usb-0:2.1.3:1.0-port0
1790754991.8234,A,557,33761,-84,/dev/serial/by-path/pci-0000:05:00.3-usb-0:2.1.1:1.0-port0
1790754991.8607,B,577,33794,-83,/dev/serial/by-path/pci-0000:05:00.3-usb-0:2.1.2:1.0-port0
1790754991.8682,C,593,33800,-80,/dev/serial/by-path/pci-0000:05:00.3-usb-0:2.1.3:1.0-port0
1790754991.9073,B,578,33840,-77,/dev/serial/by-path/pci-0000:05:00.3-usb-0:2.1.2:1.0-port0
1790754991.9076,C,594,33839,-85,/dev/serial/by-path/pci-0000:05:00.3-usb-0:2.1.3:1.0-port0
1790754991.9331,A,558,33871,-82,/dev/serial/by-path/pci-0000:05:00.3-usb-0:2.1.1:1.0-port0
1790754991.9558,C,595,33888,-79,/dev/serial/by-path/pci-0000:05:00.3-usb-0:2.1.3:1.0-port0
1790754991.9563,A,559,33895,-84,/dev/serial/by-path/pci-0000:05:00.3-usb-0:2.1.1:1.0-port0
1790754992.0051,B,579,33938,-76,/dev/serial/by-path/pci-0000:05:00.3-usb-0:2.1.2:1.0-port0
1790754992.0282,C,596,33960,-78,/dev/serial/by-path/pci-0000:05:00.3-usb-0:2.1.3:1.0-port0
1790754992.0700,C,597,34002,-84,/dev/serial/by-path/pci-0000:05:00.3-usb-0:2.1.3:1.0-port0
1790754992.0851,A,560,34023,-81,/dev/serial/by-path/pci-0000:05:00.3-usb-0:2.1.1:1.0-port0
1790754992.0903,B,580,34024,-77,/dev/serial/by-path/pci-0000:05:00.3-usb-0:2.1.2:1.0-port0
1790754992.1012,C,598,34033,-77,/dev/serial/by-path/pci-0000:05:00.3-usb-0:2.1.3:1.0-port0
1790754992.1013,A,561,34039,-83,/dev/serial/by-path/pci-0000:05:00.3-usb-0:2.1.1:1.0-port0
1790754992.1426,C,599,34074,-78,/dev/serial/by-path/pci-0000:05:00.3-usb-0:2.1.3:1.0-port0
1790754992.1839,B,581,34117,-76,/dev/serial/by-path/pci-0000:05:00.3-usb-0:2.1.2:1.0-port0
1790754992.1848,C,600,34118,-78,/dev/serial/by-path/pci-0000:05:00.3-usb-0:2.1.3:1.0-port0
1790754992.2391,A,562,34177,-81,/dev/serial/by-path/pci-0000:05:00.3-usb-0:2.1.1:1.0-port0
1790754992.2748,A,563,34213,-83,/dev/serial/by-path/pci-0000:05:00.3-usb-0:2.1.1:1.0-port0
1790754992.2749,C,601,34207,-79,/dev/serial/by-path/pci-0000:05:00.3-usb-0:2.1.3:1.0-port0
1790754992.3233,B,582,34257,-76,/dev/serial/by-path/pci-0000:05:00.3-usb-0:2.1.2:1.0-port0
1790754992.3358,C,602,34268,-79,/dev/serial/by-path/pci-0000:05:00.3-usb-0:2.1.3:1.0-port0
1790754992.3602,C,603,34292,-85,/dev/serial/by-path/pci-0000:05:00.3-usb-0:2.1.3:1.0-port0
1790754992.3606,A,564,34299,-81,/dev/serial/by-path/pci-0000:05:00.3-usb-0:2.1.1:1.0-port0
1790754992.3624,B,583,34296,-77,/dev/serial/by-path/pci-0000:05:00.3-usb-0:2.1.2:1.0-port0
1790754992.4047,C,604,34337,-79,/dev/serial/by-path/pci-0000:05:00.3-usb-0:2.1.3:1.0-port0
1790754992.4051,A,565,34343,-83,/dev/serial/by-path/pci-0000:05:00.3-usb-0:2.1.1:1.0-port0
1790754992.4499,B,584,34383,-76,/dev/serial/by-path/pci-0000:05:00.3-usb-0:2.1.2:1.0-port0
1790754992.4587,C,605,34390,-78,/dev/serial/by-path/pci-0000:05:00.3-usb-0:2.1.3:1.0-port0
1790754992.4984,C,606,34430,-85,/dev/serial/by-path/pci-0000:05:00.3-usb-0:2.1.3:1.0-port0
1790754992.4987,A,566,34436,-81,/dev/serial/by-path/pci-0000:05:00.3-usb-0:2.1.1:1.0-port0
1790754992.4990,B,585,34431,-76,/dev/serial/by-path/pci-0000:05:00.3-usb-0:2.1.2:1.0-port0
1790754992.5518,C,607,34484,-77,/dev/serial/by-path/pci-0000:05:00.3-usb-0:2.1.3:1.0-port0
1790754992.5521,A,567,34490,-83,/dev/serial/by-path/pci-0000:05:00.3-usb-0:2.1.1:1.0-port0
1790754992.6401,B,586,34573,-75,/dev/serial/by-path/pci-0000:05:00.3-usb-0:2.1.2:1.0-port0
1790754992.7212,A,568,34660,-84,/dev/serial/by-path/pci-0000:05:00.3-usb-0:2.1.1:1.0-port0
1790754992.7216,C,608,34653,-77,/dev/serial/by-path/pci-0000:05:00.3-usb-0:2.1.3:1.0-port0
1790754992.7668,C,609,34699,-79,/dev/serial/by-path/pci-0000:05:00.3-usb-0:2.1.3:1.0-port0
1790754992.7687,B,587,34702,-75,/dev/serial/by-path/pci-0000:05:00.3-usb-0:2.1.2:1.0-port0
1790754992.8165,A,569,34755,-81,/dev/serial/by-path/pci-0000:05:00.3-usb-0:2.1.1:1.0-port0
1790754992.8169,C,610,34748,-84,/dev/serial/by-path/pci-0000:05:00.3-usb-0:2.1.3:1.0-port0
1790754992.8225,B,588,34756,-76,/dev/serial/by-path/pci-0000:05:00.3-usb-0:2.1.2:1.0-port0
1790754992.8858,C,611,34818,-77,/dev/serial/by-path/pci-0000:05:00.3-usb-0:2.1.3:1.0-port0
1790754992.8892,A,570,34827,-82,/dev/serial/by-path/pci-0000:05:00.3-usb-0:2.1.1:1.0-port0
1790754992.9083,B,589,34841,-76,/dev/serial/by-path/pci-0000:05:00.3-usb-0:2.1.2:1.0-port0
1790754992.9091,C,612,34841,-79,/dev/serial/by-path/pci-0000:05:00.3-usb-0:2.1.3:1.0-port0
1790754993.0173,C,613,34949,-77,/dev/serial/by-path/pci-0000:05:00.3-usb-0:2.1.3:1.0-port0
1790754993.0395,A,571,34977,-83,/dev/serial/by-path/pci-0000:05:00.3-usb-0:2.1.1:1.0-port0
1790754993.0416,C,614,34973,-78,/dev/serial/by-path/pci-0000:05:00.3-usb-0:2.1.3:1.0-port0
1790754993.0845,C,615,35016,-78,/dev/serial/by-path/pci-0000:05:00.3-usb-0:2.1.3:1.0-port0
1790754993.0862,B,590,35019,-76,/dev/serial/by-path/pci-0000:05:00.3-usb-0:2.1.2:1.0-port0
1790754993.1308,B,591,35064,-76,/dev/serial/by-path/pci-0000:05:00.3-usb-0:2.1.2:1.0-port0
1790754993.1313,C,616,35063,-84,/dev/serial/by-path/pci-0000:05:00.3-usb-0:2.1.3:1.0-port0
1790754993.1392,A,572,35077,-82,/dev/serial/by-path/pci-0000:05:00.3-usb-0:2.1.1:1.0-port0
1790754993.1809,C,617,35113,-78,/dev/serial/by-path/pci-0000:05:00.3-usb-0:2.1.3:1.0-port0
1790754993.1817,A,573,35120,-83,/dev/serial/by-path/pci-0000:05:00.3-usb-0:2.1.1:1.0-port0
1790754993.2247,C,618,35158,-79,/dev/serial/by-path/pci-0000:05:00.3-usb-0:2.1.3:1.0-port0
1790754993.2254,B,592,35159,-76,/dev/serial/by-path/pci-0000:05:00.3-usb-0:2.1.2:1.0-port0
1790754993.3357,C,619,35268,-79,/dev/serial/by-path/pci-0000:05:00.3-usb-0:2.1.3:1.0-port0
1790754993.3392,A,574,35277,-82,/dev/serial/by-path/pci-0000:05:00.3-usb-0:2.1.1:1.0-port0
1790754993.3682,C,620,35300,-79,/dev/serial/by-path/pci-0000:05:00.3-usb-0:2.1.3:1.0-port0
1790754993.3761,B,593,35309,-76,/dev/serial/by-path/pci-0000:05:00.3-usb-0:2.1.2:1.0-port0
1790754993.4359,C,621,35368,-85,/dev/serial/by-path/pci-0000:05:00.3-usb-0:2.1.3:1.0-port0
1790754993.4394,A,575,35377,-82,/dev/serial/by-path/pci-0000:05:00.3-usb-0:2.1.1:1.0-port0
1790754993.4399,B,594,35373,-76,/dev/serial/by-path/pci-0000:05:00.3-usb-0:2.1.2:1.0-port0
1790754993.4502,A,576,35388,-82,/dev/serial/by-path/pci-0000:05:00.3-usb-0:2.1.1:1.0-port0
1790754993.4504,C,622,35382,-78,/dev/serial/by-path/pci-0000:05:00.3-usb-0:2.1.3:1.0-port0
1790754993.4955,B,595,35429,-76,/dev/serial/by-path/pci-0000:05:00.3-usb-0:2.1.2:1.0-port0
1790754993.4973,C,623,35429,-80,/dev/serial/by-path/pci-0000:05:00.3-usb-0:2.1.3:1.0-port0
1790754993.5389,B,596,35472,-76,/dev/serial/by-path/pci-0000:05:00.3-usb-0:2.1.2:1.0-port0
1790754993.5584,C,624,35490,-85,/dev/serial/by-path/pci-0000:05:00.3-usb-0:2.1.3:1.0-port0
1790754993.6295,C,625,35561,-79,/dev/serial/by-path/pci-0000:05:00.3-usb-0:2.1.3:1.0-port0
1790754993.6301,A,577,35568,-82,/dev/serial/by-path/pci-0000:05:00.3-usb-0:2.1.1:1.0-port0
1790754993.6797,B,597,35613,-76,/dev/serial/by-path/pci-0000:05:00.3-usb-0:2.1.2:1.0-port0
1790754993.6858,C,626,35618,-79,/dev/serial/by-path/pci-0000:05:00.3-usb-0:2.1.3:1.0-port0
1790754993.7137,A,578,35651,-83,/dev/serial/by-path/pci-0000:05:00.3-usb-0:2.1.1:1.0-port0
1790754993.7230,B,598,35656,-76,/dev/serial/by-path/pci-0000:05:00.3-usb-0:2.1.2:1.0-port0
1790754993.7234,C,627,35655,-86,/dev/serial/by-path/pci-0000:05:00.3-usb-0:2.1.3:1.0-port0
1790754993.7688,C,628,35701,-77,/dev/serial/by-path/pci-0000:05:00.3-usb-0:2.1.3:1.0-port0
1790754993.7689,A,579,35707,-84,/dev/serial/by-path/pci-0000:05:00.3-usb-0:2.1.1:1.0-port0
1790754993.8070,C,629,35739,-79,/dev/serial/by-path/pci-0000:05:00.3-usb-0:2.1.3:1.0-port0
1790754993.8124,B,599,35746,-76,/dev/serial/by-path/pci-0000:05:00.3-usb-0:2.1.2:1.0-port0
1790754993.9183,C,630,35850,-79,/dev/serial/by-path/pci-0000:05:00.3-usb-0:2.1.3:1.0-port0
1790754993.9184,A,580,35856,-85,/dev/serial/by-path/pci-0000:05:00.3-usb-0:2.1.1:1.0-port0
1790754993.9456,C,631,35877,-79,/dev/serial/by-path/pci-0000:05:00.3-usb-0:2.1.3:1.0-port0
1790754993.9804,C,632,35912,-79,/dev/serial/by-path/pci-0000:05:00.3-usb-0:2.1.3:1.0-port0
1790754993.9908,B,600,35924,-76,/dev/serial/by-path/pci-0000:05:00.3-usb-0:2.1.2:1.0-port0
1790754994.0296,B,601,35963,-76,/dev/serial/by-path/pci-0000:05:00.3-usb-0:2.1.2:1.0-port0
1790754994.0298,A,581,35968,-81,/dev/serial/by-path/pci-0000:05:00.3-usb-0:2.1.1:1.0-port0
1790754994.0300,C,633,35961,-85,/dev/serial/by-path/pci-0000:05:00.3-usb-0:2.1.3:1.0-port0
1790754994.0758,C,634,36008,-80,/dev/serial/by-path/pci-0000:05:00.3-usb-0:2.1.3:1.0-port0
1790754994.0762,A,582,36014,-85,/dev/serial/by-path/pci-0000:05:00.3-usb-0:2.1.1:1.0-port0
1790754994.1225,C,635,36055,-78,/dev/serial/by-path/pci-0000:05:00.3-usb-0:2.1.3:1.0-port0
1790754994.1226,B,602,36056,-75,/dev/serial/by-path/pci-0000:05:00.3-usb-0:2.1.2:1.0-port0
1790754994.1693,A,583,36107,-82,/dev/serial/by-path/pci-0000:05:00.3-usb-0:2.1.1:1.0-port0
1790754994.1858,C,636,36118,-84,/dev/serial/by-path/pci-0000:05:00.3-usb-0:2.1.3:1.0-port0
1790754994.1895,B,603,36123,-76,/dev/serial/by-path/pci-0000:05:00.3-usb-0:2.1.2:1.0-port0
1790754994.2323,C,637,36165,-78,/dev/serial/by-path/pci-0000:05:00.3-usb-0:2.1.3:1.0-port0
1790754994.2330,A,584,36171,-83,/dev/serial/by-path/pci-0000:05:00.3-usb-0:2.1.1:1.0-port0
1790754994.2606,B,604,36194,-75,/dev/serial/by-path/pci-0000:05:00.3-usb-0:2.1.2:1.0-port0
1790754994.2631,C,638,36195,-78,/dev/serial/by-path/pci-0000:05:00.3-usb-0:2.1.3:1.0-port0
1790754994.2998,B,605,36233,-76,/dev/serial/by-path/pci-0000:05:00.3-usb-0:2.1.2:1.0-port0
1790754994.3000,C,639,36232,-84,/dev/serial/by-path/pci-0000:05:00.3-usb-0:2.1.3:1.0-port0
1790754994.3003,A,585,36238,-81,/dev/serial/by-path/pci-0000:05:00.3-usb-0:2.1.1:1.0-port0
1790754994.3442,C,640,36276,-77,/dev/serial/by-path/pci-0000:05:00.3-usb-0:2.1.3:1.0-port0
1790754994.3838,A,586,36322,-82,/dev/serial/by-path/pci-0000:05:00.3-usb-0:2.1.1:1.0-port0
1790754994.3842,C,641,36316,-79,/dev/serial/by-path/pci-0000:05:00.3-usb-0:2.1.3:1.0-port0
1790754994.3861,A,587,36323,-81,/dev/serial/by-path/pci-0000:05:00.3-usb-0:2.1.1:1.0-port0
1790754994.4337,C,642,36366,-79,/dev/serial/by-path/pci-0000:05:00.3-usb-0:2.1.3:1.0-port0
1790754994.4339,B,606,36367,-76,/dev/serial/by-path/pci-0000:05:00.3-usb-0:2.1.2:1.0-port0
1790754994.4859,A,588,36424,-82,/dev/serial/by-path/pci-0000:05:00.3-usb-0:2.1.1:1.0-port0
1790754994.5131,C,643,36445,-79,/dev/serial/by-path/pci-0000:05:00.3-usb-0:2.1.3:1.0-port0
1790754994.5135,A,589,36451,-84,/dev/serial/by-path/pci-0000:05:00.3-usb-0:2.1.1:1.0-port0
1790754994.5723,B,607,36506,-76,/dev/serial/by-path/pci-0000:05:00.3-usb-0:2.1.2:1.0-port0
1790754994.5858,C,644,36518,-79,/dev/serial/by-path/pci-0000:05:00.3-usb-0:2.1.3:1.0-port0
1790754994.6078,B,608,36541,-75,/dev/serial/by-path/pci-0000:05:00.3-usb-0:2.1.2:1.0-port0
1790754994.6170,A,590,36555,-82,/dev/serial/by-path/pci-0000:05:00.3-usb-0:2.1.1:1.0-port0
1790754994.6173,C,645,36549,-85,/dev/serial/by-path/pci-0000:05:00.3-usb-0:2.1.3:1.0-port0
1790754994.6556,C,646,36588,-78,/dev/serial/by-path/pci-0000:05:00.3-usb-0:2.1.3:1.0-port0
1790754994.6897,A,591,36627,-83,/dev/serial/by-path/pci-0000:05:00.3-usb-0:2.1.1:1.0-port0
1790754994.7083,B,609,36641,-76,/dev/serial/by-path/pci-0000:05:00.3-usb-0:2.1.2:1.0-port0
1790754994.7084,C,647,36640,-78,/dev/serial/by-path/pci-0000:05:00.3-usb-0:2.1.3:1.0-port0
1790754994.7554,B,610,36689,-77,/dev/serial/by-path/pci-0000:05:00.3-usb-0:2.1.2:1.0-port0
1790754994.7558,A,592,36693,-82,/dev/serial/by-path/pci-0000:05:00.3-usb-0:2.1.1:1.0-port0
1790754994.7561,C,648,36687,-85,/dev/serial/by-path/pci-0000:05:00.3-usb-0:2.1.3:1.0-port0
1790754994.8038,A,593,36742,-82,/dev/serial/by-path/pci-0000:05:00.3-usb-0:2.1.1:1.0-port0
1790754994.8041,C,649,36736,-77,/dev/serial/by-path/pci-0000:05:00.3-usb-0:2.1.3:1.0-port0
1790754994.8500,B,611,36783,-75,/dev/serial/by-path/pci-0000:05:00.3-usb-0:2.1.2:1.0-port0
1790754994.8856,C,650,36818,-78,/dev/serial/by-path/pci-0000:05:00.3-usb-0:2.1.3:1.0-port0
1790754994.8904,B,612,36823,-75,/dev/serial/by-path/pci-0000:05:00.3-usb-0:2.1.2:1.0-port0
1790754994.9365,B,613,36870,-77,/dev/serial/by-path/pci-0000:05:00.3-usb-0:2.1.2:1.0-port0
1790754994.9369,C,651,36869,-86,/dev/serial/by-path/pci-0000:05:00.3-usb-0:2.1.3:1.0-port0
1790754994.9392,A,594,36877,-82,/dev/serial/by-path/pci-0000:05:00.3-usb-0:2.1.1:1.0-port0
1790754994.9816,C,652,36913,-79,/dev/serial/by-path/pci-0000:05:00.3-usb-0:2.1.3:1.0-port0
1790754994.9817,A,595,36919,-85,/dev/serial/by-path/pci-0000:05:00.3-usb-0:2.1.1:1.0-port0
1790754995.0268,C,653,36958,-78,/dev/serial/by-path/pci-0000:05:00.3-usb-0:2.1.3:1.0-port0
1790754995.0335,B,614,36967,-75,/dev/serial/by-path/pci-0000:05:00.3-usb-0:2.1.2:1.0-port0
1790754995.1096,C,654,37041,-79,/dev/serial/by-path/pci-0000:05:00.3-usb-0:2.1.3:1.0-port0
1790754995.1101,A,596,37048,-82,/dev/serial/by-path/pci-0000:05:00.3-usb-0:2.1.1:1.0-port0
1790754995.1668,C,655,37099,-79,/dev/serial/by-path/pci-0000:05:00.3-usb-0:2.1.3:1.0-port0
1790754995.1670,B,615,37100,-76,/dev/serial/by-path/pci-0000:05:00.3-usb-0:2.1.2:1.0-port0
1790754995.2326,B,616,37166,-74,/dev/serial/by-path/pci-0000:05:00.3-usb-0:2.1.2:1.0-port0
1790754995.2329,A,597,37170,-82,/dev/serial/by-path/pci-0000:05:00.3-usb-0:2.1.1:1.0-port0
1790754995.2333,C,656,37164,-86,/dev/serial/by-path/pci-0000:05:00.3-usb-0:2.1.3:1.0-port0
1790754995.2454,C,657,37178,-80,/dev/serial/by-path/pci-0000:05:00.3-usb-0:2.1.3:1.0-port0
1790754995.2658,A,598,37204,-86,/dev/serial/by-path/pci-0000:05:00.3-usb-0:2.1.1:1.0-port0
1790754995.2886,A,599,37226,-83,/dev/serial/by-path/pci-0000:05:00.3-usb-0:2.1.1:1.0-port0
1790754995.3284,B,617,37262,-75,/dev/serial/by-path/pci-0000:05:00.3-usb-0:2.1.2:1.0-port0
1790754995.3287,C,658,37260,-77,/dev/serial/by-path/pci-0000:05:00.3-usb-0:2.1.3:1.0-port0
1790754995.3781,A,600,37316,-82,/dev/serial/by-path/pci-0000:05:00.3-usb-0:2.1.1:1.0-port0
1790754995.3784,C,659,37310,-83,/dev/serial/by-path/pci-0000:05:00.3-usb-0:2.1.3:1.0-port0
1790754995.3811,B,618,37314,-75,/dev/serial/by-path/pci-0000:05:00.3-usb-0:2.1.2:1.0-port0
1790754995.4346,A,601,37372,-84,/dev/serial/by-path/pci-0000:05:00.3-usb-0:2.1.1:1.0-port0
1790754995.4351,C,660,37367,-78,/dev/serial/by-path/pci-0000:05:00.3-usb-0:2.1.3:1.0-port0
1790754995.4682,C,661,37400,-77,/dev/serial/by-path/pci-0000:05:00.3-usb-0:2.1.3:1.0-port0
1790754995.4887,B,619,37422,-75,/dev/serial/by-path/pci-0000:05:00.3-usb-0:2.1.2:1.0-port0
1790754995.5225,B,620,37456,-76,/dev/serial/by-path/pci-0000:05:00.3-usb-0:2.1.2:1.0-port0
1790754995.5298,A,602,37468,-82,/dev/serial/by-path/pci-0000:05:00.3-usb-0:2.1.1:1.0-port0
1790754995.5299,C,662,37461,-81,/dev/serial/by-path/pci-0000:05:00.3-usb-0:2.1.3:1.0-port0
1790754995.5570,A,603,37495,-83,/dev/serial/by-path/pci-0000:05:00.3-usb-0:2.1.1:1.0-port0
1790754995.5574,C,663,37489,-78,/dev/serial/by-path/pci-0000:05:00.3-usb-0:2.1.3:1.0-port0
1790754995.5996,C,664,37531,-75,/dev/serial/by-path/pci-0000:05:00.3-usb-0:2.1.3:1.0-port0
1790754995.6000,B,621,37533,-75,/dev/serial/by-path/pci-0000:05:00.3-usb-0:2.1.2:1.0-port0
1790754995.7393,A,604,37677,-84,/dev/serial/by-path/pci-0000:05:00.3-usb-0:2.1.1:1.0-port0
1790754995.7507,C,665,37683,-75,/dev/serial/by-path/pci-0000:05:00.3-usb-0:2.1.3:1.0-port0
1790754995.7511,A,605,37689,-98,/dev/serial/by-path/pci-0000:05:00.3-usb-0:2.1.1:1.0-port0
1790754995.7514,B,622,37684,-75,/dev/serial/by-path/pci-0000:05:00.3-usb-0:2.1.2:1.0-port0
1790754995.8038,A,606,37742,-79,/dev/serial/by-path/pci-0000:05:00.3-usb-0:2.1.1:1.0-port0
1790754995.8342,B,623,37768,-75,/dev/serial/by-path/pci-0000:05:00.3-usb-0:2.1.2:1.0-port0
1790754995.8343,C,666,37766,-78,/dev/serial/by-path/pci-0000:05:00.3-usb-0:2.1.3:1.0-port0
1790754995.8345,A,607,37772,-82,/dev/serial/by-path/pci-0000:05:00.3-usb-0:2.1.1:1.0-port0
1790754995.8857,C,667,37818,-85,/dev/serial/by-path/pci-0000:05:00.3-usb-0:2.1.3:1.0-port0
1790754995.8873,A,608,37825,-83,/dev/serial/by-path/pci-0000:05:00.3-usb-0:2.1.1:1.0-port0
1790754995.9257,B,624,37859,-75,/dev/serial/by-path/pci-0000:05:00.3-usb-0:2.1.2:1.0-port0
1790754995.9258,C,668,37858,-74,/dev/serial/by-path/pci-0000:05:00.3-usb-0:2.1.3:1.0-port0
1790754995.9747,B,625,37908,-76,/dev/serial/by-path/pci-0000:05:00.3-usb-0:2.1.2:1.0-port0
1790754995.9856,C,669,37918,-77,/dev/serial/by-path/pci-0000:05:00.3-usb-0:2.1.3:1.0-port0
1790754995.9893,A,609,37927,-81,/dev/serial/by-path/pci-0000:05:00.3-usb-0:2.1.1:1.0-port0
1790754996.0218,A,610,37960,-84,/dev/serial/by-path/pci-0000:05:00.3-usb-0:2.1.1:1.0-port0
1790754996.0361,C,670,37968,-84,/dev/serial/by-path/pci-0000:05:00.3-usb-0:2.1.3:1.0-port0
1790754996.0621,A,611,38000,-92,/dev/serial/by-path/pci-0000:05:00.3-usb-0:2.1.1:1.0-port0
1790754996.0623,C,671,37994,-75,/dev/serial/by-path/pci-0000:05:00.3-usb-0:2.1.3:1.0-port0
1790754996.0697,B,626,38003,-75,/dev/serial/by-path/pci-0000:05:00.3-usb-0:2.1.2:1.0-port0
1790754996.1099,C,672,38042,-78,/dev/serial/by-path/pci-0000:05:00.3-usb-0:2.1.3:1.0-port0
1790754996.1157,B,627,38049,-75,/dev/serial/by-path/pci-0000:05:00.3-usb-0:2.1.2:1.0-port0
1790754996.1160,A,612,38053,-82,/dev/serial/by-path/pci-0000:05:00.3-usb-0:2.1.1:1.0-port0
1790754996.1605,C,673,38092,-83,/dev/serial/by-path/pci-0000:05:00.3-usb-0:2.1.3:1.0-port0
1790754996.1608,A,613,38099,-82,/dev/serial/by-path/pci-0000:05:00.3-usb-0:2.1.1:1.0-port0
1790754996.2212,C,674,38153,-77,/dev/serial/by-path/pci-0000:05:00.3-usb-0:2.1.3:1.0-port0
1790754996.2216,A,614,38159,-90,/dev/serial/by-path/pci-0000:05:00.3-usb-0:2.1.1:1.0-port0
1790754996.2568,B,628,38191,-77,/dev/serial/by-path/pci-0000:05:00.3-usb-0:2.1.2:1.0-port0
1790754996.2696,C,675,38202,-81,/dev/serial/by-path/pci-0000:05:00.3-usb-0:2.1.3:1.0-port0
1790754996.2700,A,615,38208,-79,/dev/serial/by-path/pci-0000:05:00.3-usb-0:2.1.1:1.0-port0
1790754996.3357,C,676,38268,-81,/dev/serial/by-path/pci-0000:05:00.3-usb-0:2.1.3:1.0-port0
1790754996.3392,A,616,38277,-80,/dev/serial/by-path/pci-0000:05:00.3-usb-0:2.1.1:1.0-port0
1790754996.3762,A,617,38314,-88,/dev/serial/by-path/pci-0000:05:00.3-usb-0:2.1.1:1.0-port0
1790754996.3863,C,677,38318,-79,/dev/serial/by-path/pci-0000:05:00.3-usb-0:2.1.3:1.0-port0
1790754996.3864,B,629,38320,-76,/dev/serial/by-path/pci-0000:05:00.3-usb-0:2.1.2:1.0-port0
1790754996.4247,C,678,38357,-83,/dev/serial/by-path/pci-0000:05:00.3-usb-0:2.1.3:1.0-port0
1790754996.4251,B,630,38358,-78,/dev/serial/by-path/pci-0000:05:00.3-usb-0:2.1.2:1.0-port0
1790754996.4252,A,618,38363,-82,/dev/serial/by-path/pci-0000:05:00.3-usb-0:2.1.1:1.0-port0
1790754996.4858,C,679,38418,-81,/dev/serial/by-path/pci-0000:05:00.3-usb-0:2.1.3:1.0-port0
1790754996.4901,A,619,38428,-82,/dev/serial/by-path/pci-0000:05:00.3-usb-0:2.1.1:1.0-port0
1790754996.5090,C,680,38441,-77,/dev/serial/by-path/pci-0000:05:00.3-usb-0:2.1.3:1.0-port0
1790754996.5093,B,631,38442,-76,/dev/serial/by-path/pci-0000:05:00.3-usb-0:2.1.2:1.0-port0
1790754996.5094,A,620,38447,-90,/dev/serial/by-path/pci-0000:05:00.3-usb-0:2.1.1:1.0-port0
1790754996.5504,B,632,38483,-78,/dev/serial/by-path/pci-0000:05:00.3-usb-0:2.1.2:1.0-port0
1790754996.5863,C,681,38518,-82,/dev/serial/by-path/pci-0000:05:00.3-usb-0:2.1.3:1.0-port0
1790754996.5958,C,682,38528,-80,/dev/serial/by-path/pci-0000:05:00.3-usb-0:2.1.3:1.0-port0
1790754996.5959,A,621,38534,-84,/dev/serial/by-path/pci-0000:05:00.3-usb-0:2.1.1:1.0-port0
1790754996.6846,B,633,38618,-75,/dev/serial/by-path/pci-0000:05:00.3-usb-0:2.1.2:1.0-port0
1790754996.6862,C,683,38618,-77,/dev/serial/by-path/pci-0000:05:00.3-usb-0:2.1.3:1.0-port0
1790754996.7283,A,622,38666,-84,/dev/serial/by-path/pci-0000:05:00.3-usb-0:2.1.1:1.0-port0
1790754996.7864,C,684,38718,-81,/dev/serial/by-path/pci-0000:05:00.3-usb-0:2.1.3:1.0-port0
1790754996.7896,A,623,38727,-90,/dev/serial/by-path/pci-0000:05:00.3-usb-0:2.1.1:1.0-port0
1790754996.8147,C,685,38746,-77,/dev/serial/by-path/pci-0000:05:00.3-usb-0:2.1.3:1.0-port0
1790754996.8195,B,634,38753,-75,/dev/serial/by-path/pci-0000:05:00.3-usb-0:2.1.2:1.0-port0
1790754996.8584,B,635,38792,-76,/dev/serial/by-path/pci-0000:05:00.3-usb-0:2.1.2:1.0-port0
1790754996.8585,C,686,38790,-81,/dev/serial/by-path/pci-0000:05:00.3-usb-0:2.1.3:1.0-port0
1790754996.8893,A,624,38827,-83,/dev/serial/by-path/pci-0000:05:00.3-usb-0:2.1.1:1.0-port0
1790754996.9128,C,687,38845,-80,/dev/serial/by-path/pci-0000:05:00.3-usb-0:2.1.3:1.0-port0
1790754996.9132,A,625,38851,-84,/dev/serial/by-path/pci-0000:05:00.3-usb-0:2.1.1:1.0-port0
1790754996.9488,B,636,38882,-75,/dev/serial/by-path/pci-0000:05:00.3-usb-0:2.1.2:1.0-port0
1790754996.9489,C,688,38881,-77,/dev/serial/by-path/pci-0000:05:00.3-usb-0:2.1.3:1.0-port0
1790754996.9994,A,626,38937,-82,/dev/serial/by-path/pci-0000:05:00.3-usb-0:2.1.1:1.0-port0
1790754996.9997,C,689,38931,-82,/dev/serial/by-path/pci-0000:05:00.3-usb-0:2.1.3:1.0-port0
1790754996.9999,B,637,38933,-77,/dev/serial/by-path/pci-0000:05:00.3-usb-0:2.1.2:1.0-port0
1790754997.0857,C,690,39018,-80,/dev/serial/by-path/pci-0000:05:00.3-usb-0:2.1.3:1.0-port0
1790754997.0893,A,627,39027,-83,/dev/serial/by-path/pci-0000:05:00.3-usb-0:2.1.1:1.0-port0
1790754997.1593,A,628,39097,-81,/dev/serial/by-path/pci-0000:05:00.3-usb-0:2.1.1:1.0-port0
1790754997.1655,B,638,39099,-78,/dev/serial/by-path/pci-0000:05:00.3-usb-0:2.1.2:1.0-port0
1790754997.1862,C,691,39118,-82,/dev/serial/by-path/pci-0000:05:00.3-usb-0:2.1.3:1.0-port0
1790754997.2297,C,692,39161,-81,/dev/serial/by-path/pci-0000:05:00.3-usb-0:2.1.3:1.0-port0
1790754997.2298,B,639,39163,-92,/dev/serial/by-path/pci-0000:05:00.3-usb-0:2.1.2:1.0-port0
1790754997.2302,A,629,39167,-82,/dev/serial/by-path/pci-0000:05:00.3-usb-0:2.1.1:1.0-port0
1790754997.3149,C,693,39247,-83,/dev/serial/by-path/pci-0000:05:00.3-usb-0:2.1.3:1.0-port0
1790754997.3340,C,694,39266,-83,/dev/serial/by-path/pci-0000:05:00.3-usb-0:2.1.3:1.0-port0
1790754997.3394,A,630,39277,-81,/dev/serial/by-path/pci-0000:05:00.3-usb-0:2.1.1:1.0-port0
1790754997.3408,B,640,39274,-77,/dev/serial/by-path/pci-0000:05:00.3-usb-0:2.1.2:1.0-port0
1790754997.3846,C,695,39317,-78,/dev/serial/by-path/pci-0000:05:00.3-usb-0:2.1.3:1.0-port0
1790754997.3895,A,631,39327,-85,/dev/serial/by-path/pci-0000:05:00.3-usb-0:2.1.1:1.0-port0
1790754997.4283,B,641,39362,-75,/dev/serial/by-path/pci-0000:05:00.3-usb-0:2.1.2:1.0-port0
1790754997.4355,C,696,39368,-78,/dev/serial/by-path/pci-0000:05:00.3-usb-0:2.1.3:1.0-port0
1790754997.4743,C,697,39406,-82,/dev/serial/by-path/pci-0000:05:00.3-usb-0:2.1.3:1.0-port0
1790754997.4745,B,642,39407,-77,/dev/serial/by-path/pci-0000:05:00.3-usb-0:2.1.2:1.0-port0
1790754997.4746,A,632,39413,-81,/dev/serial/by-path/pci-0000:05:00.3-usb-0:2.1.1:1.0-port0
1790754997.5148,C,698,39447,-82,/dev/serial/by-path/pci-0000:05:00.3-usb-0:2.1.3:1.0-port0
1790754997.5152,A,633,39453,-84,/dev/serial/by-path/pci-0000:05:00.3-usb-0:2.1.1:1.0-port0
1790754997.5540,C,699,39486,-78,/dev/serial/by-path/pci-0000:05:00.3-usb-0:2.1.3:1.0-port0
1790754997.5542,A,634,39492,-93,/dev/serial/by-path/pci-0000:05:00.3-usb-0:2.1.1:1.0-port0
1790754997.5545,B,643,39487,-75,/dev/serial/by-path/pci-0000:05:00.3-usb-0:2.1.2:1.0-port0
1790754997.6213,B,644,39555,-77,/dev/serial/by-path/pci-0000:05:00.3-usb-0:2.1.2:1.0-port0
