t_pc,id,seq,ms,rssi,port
1790755276.1951,A,0,960,-81,/dev/serial/by-path/pci-0000:05:00.3-usb-0:2.1.1:1.0-port0
1790755276.2663,A,1,1031,-72,/dev/serial/by-path/pci-0000:05:00.3-usb-0:2.1.1:1.0-port0
1790755276.3340,A,2,1099,-84,/dev/serial/by-path/pci-0000:05:00.3-usb-0:2.1.1:1.0-port0
1790755276.3917,A,3,1156,-78,/dev/serial/by-path/pci-0000:05:00.3-usb-0:2.1.1:1.0-port0
1790755276.4345,A,4,1199,-75,/dev/serial/by-path/pci-0000:05:00.3-usb-0:2.1.1:1.0-port0
1790755276.4933,A,5,1258,-75,/dev/serial/by-path/pci-0000:05:00.3-usb-0:2.1.1:1.0-port0
1790755276.5634,A,6,1326,-73,/dev/serial/by-path/pci-0000:05:00.3-usb-0:2.1.1:1.0-port0
1790755276.5634,A,7,1327,-76,/dev/serial/by-path/pci-0000:05:00.3-usb-0:2.1.1:1.0-port0
1790755276.6040,A,8,1368,-75,/dev/serial/by-path/pci-0000:05:00.3-usb-0:2.1.1:1.0-port0
1790755276.6626,C,0,1422,-69,/dev/serial/by-path/pci-0000:05:00.3-usb-0:2.1.3:1.0-port0
1790755276.6628,B,0,1422,-83,/dev/serial/by-path/pci-0000:05:00.3-usb-0:2.1.2:1.0-port0
1790755276.6663,A,9,1431,-76,/dev/serial/by-path/pci-0000:05:00.3-usb-0:2.1.1:1.0-port0
1790755276.6858,A,10,1450,-72,/dev/serial/by-path/pci-0000:05:00.3-usb-0:2.1.1:1.0-port0
1790755276.7337,C,1,1493,-67,/dev/serial/by-path/pci-0000:05:00.3-usb-0:2.1.3:1.0-port0
1790755276.7626,B,1,1522,-74,/dev/serial/by-path/pci-0000:05:00.3-usb-0:2.1.2:1.0-port0
1790755276.7660,A,11,1531,-68,/dev/serial/by-path/pci-0000:05:00.3-usb-0:2.1.1:1.0-port0
1790755276.7705,B,2,1530,-85,/dev/serial/by-path/pci-0000:05:00.3-usb-0:2.1.2:1.0-port0
1790755276.7724,C,2,1531,-65,/dev/serial/by-path/pci-0000:05:00.3-usb-0:2.1.3:1.0-port0
1790755276.8166,A,12,1581,-72,/dev/serial/by-path/pci-0000:05:00.3-usb-0:2.1.1:1.0-port0
1790755276.8567,C,3,1616,-69,/dev/serial/by-path/pci-0000:05:00.3-usb-0:2.1.3:1.0-port0
1790755276.8570,B,3,1617,-81,/dev/serial/by-path/pci-0000:05:00.3-usb-0:2.1.2:1.0-port0
1790755276.8666,A,13,1631,-69,/dev/serial/by-path/pci-0000:05:00.3-usb-0:2.1.1:1.0-port0
1790755276.8980,B,4,1657,-72,/dev/serial/by-path/pci-0000:05:00.3-usb-0:2.1.2:1.0-port0
1790755276.9096,A,14,1674,-69,/dev/serial/by-path/pci-0000:05:00.3-usb-0:2.1.1:1.0-port0
1790755276.9102,C,4,1669,-67,/dev/serial/by-path/pci-0000:05:00.3-usb-0:2.1.3:1.0-port0
1790755276.9371,B,5,1696,-79,/dev/serial/by-path/pci-0000:05:00.3-usb-0:2.1.2:1.0-port0
1790755276.9387,A,15,1702,-70,/dev/serial/by-path/pci-0000:05:00.3-usb-0:2.1.1:1.0-port0
1790755276.9526,C,5,1712,-68,/dev/serial/by-path/pci-0000:05:00.3-usb-0:2.1.3:1.0-port0
1790755277.0273,C,6,1786,-65,/dev/serial/by-path/pci-0000:05:00.3-usb-0:2.1.3:1.0-port0
1790755277.0303,B,6,1790,-72,/dev/serial/by-path/pci-0000:05:00.3-usb-0:2.1.2:1.0-port0
1790755277.0310,A,16,1796,-68,/dev/serial/by-path/pci-0000:05:00.3-usb-0:2.1.1:1.0-port0
1790755277.0678,C,7,1827,-63,/dev/serial/by-path/pci-0000:05:00.3-usb-0:2.1.3:1.0-port0
1790755277.0747,B,7,1834,-73,/dev/serial/by-path/pci-0000:05:00.3-usb-0:2.1.2:1.0-port0
1790755277.1070,A,17,1872,-71,/dev/serial/by-path/pci-0000:05:00.3-usb-0:2.1.1:1.0-port0
1790755277.1074,B,8,1866,-72,/dev/serial/by-path/pci-0000:05:00.3-usb-0:2.1.2:1.0-port0
1790755277.1187,C,8,1878,-65,/dev/serial/by-path/pci-0000:05:00.3-usb-0:2.1.3:1.0-port0
1790755277.1625,B,9,1922,-66,/dev/serial/by-path/pci-0000:05:00.3-usb-0:2.1.2:1.0-port0
1790755277.1677,A,18,1931,-72,/dev/serial/by-path/pci-0000:05:00.3-usb-0:2.1.1:1.0-port0
1790755277.1838,C,9,1943,-65,/dev/serial/by-path/pci-0000:05:00.3-usb-0:2.1.3:1.0-port0
1790755277.2113,B,10,1971,-66,/dev/serial/by-path/pci-0000:05:00.3-usb-0:2.1.2:1.0-port0
1790755277.2171,A,19,1982,-71,/dev/serial/by-path/pci-0000:05:00.3-usb-0:2.1.1:1.0-port0
1790755277.2308,C,10,1990,-65,/dev/serial/by-path/pci-0000:05:00.3-usb-0:2.1.3:1.0-port0
1790755277.2477,B,11,2007,-68,/dev/serial/by-path/pci-0000:05:00.3-usb-0:2.1.2:1.0-port0
1790755277.2480,A,20,2013,-68,/dev/serial/by-path/pci-0000:05:00.3-usb-0:2.1.1:1.0-port0
1790755277.2515,C,11,2010,-67,/dev/serial/by-path/pci-0000:05:00.3-usb-0:2.1.3:1.0-port0
1790755277.3407,B,12,2100,-67,/dev/serial/by-path/pci-0000:05:00.3-usb-0:2.1.2:1.0-port0
1790755277.3449,A,21,2109,-68,/dev/serial/by-path/pci-0000:05:00.3-usb-0:2.1.1:1.0-port0
1790755277.3453,C,12,2104,-63,/dev/serial/by-path/pci-0000:05:00.3-usb-0:2.1.3:1.0-port0
1790755277.4463,C,13,2205,-68,/dev/serial/by-path/pci-0000:05:00.3-usb-0:2.1.3:1.0-port0
1790755277.4466,A,22,2211,-77,/dev/serial/by-path/pci-0000:05:00.3-usb-0:2.1.1:1.0-port0
1790755277.4469,B,13,2205,-66,/dev/serial/by-path/pci-0000:05:00.3-usb-0:2.1.2:1.0-port0
1790755277.4932,B,14,2253,-65,/dev/serial/by-path/pci-0000:05:00.3-usb-0:2.1.2:1.0-port0
1790755277.5163,A,23,2281,-72,/dev/serial/by-path/pci-0000:05:00.3-usb-0:2.1.1:1.0-port0
1790755277.5298,B,15,2289,-69,/dev/serial/by-path/pci-0000:05:00.3-usb-0:2.1.2:1.0-port0
1790755277.5301,A,24,2295,-84,/dev/serial/by-path/pci-0000:05:00.3-usb-0:2.1.1:1.0-port0
1790755277.5305,C,14,2290,-66,/dev/serial/by-path/pci-0000:05:00.3-usb-0:2.1.3:1.0-port0
1790755277.5305,C,15,2290,-67,/dev/serial/by-path/pci-0000:05:00.3-usb-0:2.1.3:1.0-port0
1790755277.5814,C,16,2340,-69,/dev/serial/by-path/pci-0000:05:00.3-usb-0:2.1.3:1.0-port0
1790755277.5817,A,25,2346,-77,/dev/serial/by-path/pci-0000:05:00.3-usb-0:2.1.1:1.0-port0
1790755277.5819,B,16,2341,-67,/dev/serial/by-path/pci-0000:05:00.3-usb-0:2.1.2:1.0-port0
1790755277.6338,C,17,2393,-72,/dev/serial/by-path/pci-0000:05:00.3-usb-0:2.1.3:1.0-port0
1790755277.6526,A,26,2417,-75,/dev/serial/by-path/pci-0000:05:00.3-usb-0:2.1.1:1.0-port0
1790755277.6530,B,17,2412,-68,/dev/serial/by-path/pci-0000:05:00.3-usb-0:2.1.2:1.0-port0
1790755277.6700,C,18,2429,-69,/dev/serial/by-path/pci-0000:05:00.3-usb-0:2.1.3:1.0-port0
1790755277.6915,B,18,2451,-75,/dev/serial/by-path/pci-0000:05:00.3-usb-0:2.1.2:1.0-port0
1790755277.7167,A,27,2481,-89,/dev/serial/by-path/pci-0000:05:00.3-usb-0:2.1.1:1.0-port0
1790755277.7241,C,19,2483,-73,/dev/serial/by-path/pci-0000:05:00.3-usb-0:2.1.3:1.0-port0
1790755277.7514,B,19,2511,-69,/dev/serial/by-path/pci-0000:05:00.3-usb-0:2.1.2:1.0-port0
1790755277.7649,A,28,2529,-81,/dev/serial/by-path/pci-0000:05:00.3-usb-0:2.1.1:1.0-port0
1790755277.7653,C,20,2524,-71,/dev/serial/by-path/pci-0000:05:00.3-usb-0:2.1.3:1.0-port0
1790755277.8071,A,29,2572,-76,/dev/serial/by-path/pci-0000:05:00.3-usb-0:2.1.1:1.0-port0
1790755277.8075,B,20,2566,-65,/dev/serial/by-path/pci-0000:05:00.3-usb-0:2.1.2:1.0-port0
1790755277.8078,C,21,2566,-73,/dev/serial/by-path/pci-0000:05:00.3-usb-0:2.1.3:1.0-port0
1790755277.8498,C,22,2609,-75,/dev/serial/by-path/pci-0000:05:00.3-usb-0:2.1.3:1.0-port0
1790755277.8500,B,21,2609,-71,/dev/serial/by-path/pci-0000:05:00.3-usb-0:2.1.2:1.0-port0
1790755277.8505,A,30,2615,-83,/dev/serial/by-path/pci-0000:05:00.3-usb-0:2.1.1:1.0-port0
1790755277.8955,A,31,2660,-79,/dev/serial/by-path/pci-0000:05:00.3-usb-0:2.1.1:1.0-port0
1790755277.9125,B,22,2672,-68,/dev/serial/by-path/pci-0000:05:00.3-usb-0:2.1.2:1.0-port0
1790755277.9337,C,23,2693,-72,/dev/serial/by-path/pci-0000:05:00.3-usb-0:2.1.3:1.0-port0
1790755277.9375,B,23,2697,-66,/dev/serial/by-path/pci-0000:05:00.3-usb-0:2.1.2:1.0-port0
1790755277.9443,C,24,2703,-70,/dev/serial/by-path/pci-0000:05:00.3-usb-0:2.1.3:1.0-port0
1790755277.9646,A,32,2729,-78,/dev/serial/by-path/pci-0000:05:00.3-usb-0:2.1.1:1.0-port0
1790755278.0127,B,24,2772,-68,/dev/serial/by-path/pci-0000:05:00.3-usb-0:2.1.2:1.0-port0
1790755278.0171,A,33,2782,-83,/dev/serial/by-path/pci-0000:05:00.3-usb-0:2.1.1:1.0-port0
1790755278.0325,C,25,2791,-71,/dev/serial/by-path/pci-0000:05:00.3-usb-0:2.1.3:1.0-port0
1790755278.0326,B,25,2792,-70,/dev/serial/by-path/pci-0000:05:00.3-usb-0:2.1.2:1.0-port0
1790755278.0667,A,34,2831,-76,/dev/serial/by-path/pci-0000:05:00.3-usb-0:2.1.1:1.0-port0
1790755278.0824,C,26,2841,-73,/dev/serial/by-path/pci-0000:05:00.3-usb-0:2.1.3:1.0-port0
1790755278.0830,A,35,2848,-77,/dev/serial/by-path/pci-0000:05:00.3-usb-0:2.1.1:1.0-port0
1790755278.0871,B,26,2846,-69,/dev/serial/by-path/pci-0000:05:00.3-usb-0:2.1.2:1.0-port0
1790755278.1313,A,36,2896,-79,/dev/serial/by-path/pci-0000:05:00.3-usb-0:2.1.1:1.0-port0
1790755278.1316,C,27,2891,-67,/dev/serial/by-path/pci-0000:05:00.3-usb-0:2.1.3:1.0-port0
1790755278.1317,B,27,2891,-72,/dev/serial/by-path/pci-0000:05:00.3-usb-0:2.1.2:1.0-port0
1790755278.1787,C,28,2938,-70,/dev/serial/by-path/pci-0000:05:00.3-usb-0:2.1.3:1.0-port0
1790755278.2111,B,28,2970,-75,/dev/serial/by-path/pci-0000:05:00.3-usb-0:2.1.2:1.0-port0
1790755278.2116,A,37,2977,-76,/dev/serial/by-path/pci-0000:05:00.3-usb-0:2.1.1:1.0-port0
1790755278.2181,C,29,2977,-69,/dev/serial/by-path/pci-0000:05:00.3-usb-0:2.1.3:1.0-port0
1790755278.2336,B,29,2993,-73,/dev/serial/by-path/pci-0000:05:00.3-usb-0:2.1.2:1.0-port0
1790755278.2679,C,30,3027,-66,/dev/serial/by-path/pci-0000:05:00.3-usb-0:2.1.3:1.0-port0
1790755278.2743,B,30,3034,-87,/dev/serial/by-path/pci-0000:05:00.3-usb-0:2.1.2:1.0-port0
1790755278.3068,A,38,3071,-78,/dev/serial/by-path/pci-0000:05:00.3-usb-0:2.1.1:1.0-port0
1790755278.3125,B,31,3072,-81,/dev/serial/by-path/pci-0000:05:00.3-usb-0:2.1.2:1.0-port0
1790755278.3185,C,31,3077,-67,/dev/serial/by-path/pci-0000:05:00.3-usb-0:2.1.3:1.0-port0
1790755278.3561,B,32,3115,-71,/dev/serial/by-path/pci-0000:05:00.3-usb-0:2.1.2:1.0-port0
1790755278.3667,A,39,3131,-73,/dev/serial/by-path/pci-0000:05:00.3-usb-0:2.1.1:1.0-port0
1790755278.3702,C,32,3129,-64,/dev/serial/by-path/pci-0000:05:00.3-usb-0:2.1.3:1.0-port0
1790755278.3988,C,33,3158,-63,/dev/serial/by-path/pci-0000:05:00.3-usb-0:2.1.3:1.0-port0
1790755278.3994,A,40,3163,-72,/dev/serial/by-path/pci-0000:05:00.3-usb-0:2.1.1:1.0-port0
1790755278.3997,B,33,3158,-73,/dev/serial/by-path/pci-0000:05:00.3-usb-0:2.1.2:1.0-port0
1790755278.4463,C,34,3205,-68,/dev/serial/by-path/pci-0000:05:00.3-usb-0:2.1.3:1.0-port0
1790755278.4625,B,34,3222,-79,/dev/serial/by-path/pci-0000:05:00.3-usb-0:2.1.2:1.0-port0
1790755278.4663,A,41,3231,-71,/dev/serial/by-path/pci-0000:05:00.3-usb-0:2.1.1:1.0-port0
1790755278.4893,A,42,3254,-73,/dev/serial/by-path/pci-0000:05:00.3-usb-0:2.1.1:1.0-port0
1790755278.5130,B,35,3272,-72,/dev/serial/by-path/pci-0000:05:00.3-usb-0:2.1.2:1.0-port0
1790755278.5233,C,35,3282,-68,/dev/serial/by-path/pci-0000:05:00.3-usb-0:2.1.3:1.0-port0
1790755278.5354,A,43,3300,-75,/dev/serial/by-path/pci-0000:05:00.3-usb-0:2.1.1:1.0-port0
1790755278.5358,B,36,3295,-73,/dev/serial/by-path/pci-0000:05:00.3-usb-0:2.1.2:1.0-port0
1790755278.5764,B,37,3336,-76,/dev/serial/by-path/pci-0000:05:00.3-usb-0:2.1.2:1.0-port0
1790755278.5844,C,36,3343,-68,/dev/serial/by-path/pci-0000:05:00.3-usb-0:2.1.3:1.0-port0
1790755278.5846,A,44,3349,-73,/dev/serial/by-path/pci-0000:05:00.3-usb-0:2.1.1:1.0-port0
1790755278.6229,C,37,3382,-69,/dev/serial/by-path/pci-0000:05:00.3-usb-0:2.1.3:1.0-port0
1790755278.6626,A,45,3427,-71,/dev/serial/by-path/pci-0000:05:00.3-usb-0:2.1.1:1.0-port0
1790755278.6641,B,38,3422,-74,/dev/serial/by-path/pci-0000:05:00.3-usb-0:2.1.2:1.0-port0
1790755278.7080,B,39,3467,-72,/dev/serial/by-path/pci-0000:05:00.3-usb-0:2.1.2:1.0-port0
1790755278.7085,C,38,3467,-64,/dev/serial/by-path/pci-0000:05:00.3-usb-0:2.1.3:1.0-port0
1790755278.7086,A,46,3473,-73,/dev/serial/by-path/pci-0000:05:00.3-usb-0:2.1.1:1.0-port0
1790755278.7566,B,40,3516,-76,/dev/serial/by-path/pci-0000:05:00.3-usb-0:2.1.2:1.0-port0
1790755278.7568,A,47,3521,-71,/dev/serial/by-path/pci-0000:05:00.3-usb-0:2.1.1:1.0-port0
1790755278.7780,C,39,3537,-66,/dev/serial/by-path/pci-0000:05:00.3-usb-0:2.1.3:1.0-port0
1790755278.7988,C,40,3558,-62,/dev/serial/by-path/pci-0000:05:00.3-usb-0:2.1.3:1.0-port0
1790755278.7992,B,41,3558,-67,/dev/serial/by-path/pci-0000:05:00.3-usb-0:2.1.2:1.0-port0
1790755278.8000,A,48,3565,-73,/dev/serial/by-path/pci-0000:05:00.3-usb-0:2.1.1:1.0-port0
1790755278.8623,B,42,3622,-70,/dev/serial/by-path/pci-0000:05:00.3-usb-0:2.1.2:1.0-port0
1790755278.8665,A,49,3631,-83,/dev/serial/by-path/pci-0000:05:00.3-usb-0:2.1.1:1.0-port0
1790755278.8837,C,41,3643,-63,/dev/serial/by-path/pci-0000:05:00.3-usb-0:2.1.3:1.0-port0
1790755278.8858,B,43,3645,-80,/dev/serial/by-path/pci-0000:05:00.3-usb-0:2.1.2:1.0-port0
1790755278.8917,A,50,3656,-71,/dev/serial/by-path/pci-0000:05:00.3-usb-0:2.1.1:1.0-port0
1790755278.9331,C,42,3692,-70,/dev/serial/by-path/pci-0000:05:00.3-usb-0:2.1.3:1.0-port0
1790755278.9334,A,51,3698,-70,/dev/serial/by-path/pci-0000:05:00.3-usb-0:2.1.1:1.0-port0
1790755278.9746,B,44,3734,-80,/dev/serial/by-path/pci-0000:05:00.3-usb-0:2.1.2:1.0-port0
1790755278.9833,C,43,3743,-70,/dev/serial/by-path/pci-0000:05:00.3-usb-0:2.1.3:1.0-port0
1790755279.0007,A,52,3765,-76,/dev/serial/by-path/pci-0000:05:00.3-usb-0:2.1.1:1.0-port0
1790755279.0172,C,44,3776,-67,/dev/serial/by-path/pci-0000:05:00.3-usb-0:2.1.3:1.0-port0
1790755279.0595,A,53,3824,-76,/dev/serial/by-path/pci-0000:05:00.3-usb-0:2.1.1:1.0-port0
1790755279.0626,B,45,3822,-70,/dev/serial/by-path/pci-0000:05:00.3-usb-0:2.1.2:1.0-port0
1790755279.0730,C,45,3832,-66,/dev/serial/by-path/pci-0000:05:00.3-usb-0:2.1.3:1.0-port0
1790755279.1528,B,46,3912,-69,/dev/serial/by-path/pci-0000:05:00.3-usb-0:2.1.2:1.0-port0
1790755279.1530,C,46,3912,-63,/dev/serial/by-path/pci-0000:05:00.3-usb-0:2.1.3:1.0-port0
1790755279.1532,A,54,3917,-71,/dev/serial/by-path/pci-0000:05:00.3-usb-0:2.1.1:1.0-port0
1790755279.2003,B,47,3959,-67,/dev/serial/by-path/pci-0000:05:00.3-usb-0:2.1.2:1.0-port0
1790755279.2019,A,55,3965,-77,/dev/serial/by-path/pci-0000:05:00.3-usb-0:2.1.1:1.0-port0
1790755279.2061,C,47,3965,-69,/dev/serial/by-path/pci-0000:05:00.3-usb-0:2.1.3:1.0-port0
1790755279.2626,B,48,4022,-68,/dev/serial/by-path/pci-0000:05:00.3-usb-0:2.1.2:1.0-port0
1790755279.2668,A,56,4031,-76,/dev/serial/by-path/pci-0000:05:00.3-usb-0:2.1.1:1.0-port0
1790755279.2806,C,48,4040,-68,/dev/serial/by-path/pci-0000:05:00.3-usb-0:2.1.3:1.0-port0
1790755279.2806,C,49,4040,-70,/dev/serial/by-path/pci-0000:05:00.3-usb-0:2.1.3:1.0-port0
1790755279.3107,B,49,4070,-70,/dev/serial/by-path/pci-0000:05:00.3-usb-0:2.1.2:1.0-port0
1790755279.3111,A,57,4075,-78,/dev/serial/by-path/pci-0000:05:00.3-usb-0:2.1.1:1.0-port0
1790755279.3335,C,50,4093,-71,/dev/serial/by-path/pci-0000:05:00.3-usb-0:2.1.3:1.0-port0
1790755279.3531,B,50,4112,-69,/dev/serial/by-path/pci-0000:05:00.3-usb-0:2.1.2:1.0-port0
1790755279.3534,A,58,4118,-86,/dev/serial/by-path/pci-0000:05:00.3-usb-0:2.1.1:1.0-port0
1790755279.3843,B,51,4143,-72,/dev/serial/by-path/pci-0000:05:00.3-usb-0:2.1.2:1.0-port0
1790755279.3851,C,51,4143,-69,/dev/serial/by-path/pci-0000:05:00.3-usb-0:2.1.3:1.0-port0
1790755279.4099,A,59,4174,-88,/dev/serial/by-path/pci-0000:05:00.3-usb-0:2.1.1:1.0-port0
1790755279.4246,C,52,4184,-73,/dev/serial/by-path/pci-0000:05:00.3-usb-0:2.1.3:1.0-port0
1790755279.4325,B,52,4192,-69,/dev/serial/by-path/pci-0000:05:00.3-usb-0:2.1.2:1.0-port0
1790755279.4667,C,53,4226,-76,/dev/serial/by-path/pci-0000:05:00.3-usb-0:2.1.3:1.0-port0
1790755279.5122,A,60,4277,-95,/dev/serial/by-path/pci-0000:05:00.3-usb-0:2.1.1:1.0-port0
1790755279.5124,C,54,4271,-71,/dev/serial/by-path/pci-0000:05:00.3-usb-0:2.1.3:1.0-port0
1790755279.5127,B,53,4272,-70,/dev/serial/by-path/pci-0000:05:00.3-usb-0:2.1.2:1.0-port0
1790755279.5629,B,54,4322,-72,/dev/serial/by-path/pci-0000:05:00.3-usb-0:2.1.2:1.0-port0
1790755279.5664,A,61,4331,-85,/dev/serial/by-path/pci-0000:05:00.3-usb-0:2.1.1:1.0-port0
1790755279.5843,C,55,4343,-73,/dev/serial/by-path/pci-0000:05:00.3-usb-0:2.1.3:1.0-port0
1790755279.6086,A,62,4373,-81,/dev/serial/by-path/pci-0000:05:00.3-usb-0:2.1.1:1.0-port0
1790755279.6127,B,55,4372,-76,/dev/serial/by-path/pci-0000:05:00.3-usb-0:2.1.2:1.0-port0
1790755279.6148,C,56,4374,-67,/dev/serial/by-path/pci-0000:05:00.3-usb-0:2.1.3:1.0-port0
1790755279.6512,B,56,4410,-71,/dev/serial/by-path/pci-0000:05:00.3-usb-0:2.1.2:1.0-port0
1790755279.6516,A,63,4416,-82,/dev/serial/by-path/pci-0000:05:00.3-usb-0:2.1.1:1.0-port0
1790755279.6592,C,57,4418,-70,/dev/serial/by-path/pci-0000:05:00.3-usb-0:2.1.3:1.0-port0
1790755279.7126,B,57,4472,-76,/dev/serial/by-path/pci-0000:05:00.3-usb-0:2.1.2:1.0-port0
1790755279.7142,C,58,4473,-70,/dev/serial/by-path/pci-0000:05:00.3-usb-0:2.1.3:1.0-port0
1790755279.7144,A,64,4479,-73,/dev/serial/by-path/pci-0000:05:00.3-usb-0:2.1.1:1.0-port0
1790755279.7421,C,59,4501,-66,/dev/serial/by-path/pci-0000:05:00.3-usb-0:2.1.3:1.0-port0
1790755279.7631,B,58,4522,-68,/dev/serial/by-path/pci-0000:05:00.3-usb-0:2.1.2:1.0-port0
1790755279.7662,A,65,4531,-74,/dev/serial/by-path/pci-0000:05:00.3-usb-0:2.1.1:1.0-port0
1790755279.7986,C,60,4558,-72,/dev/serial/by-path/pci-0000:05:00.3-usb-0:2.1.3:1.0-port0
1790755279.8129,B,59,4572,-78,/dev/serial/by-path/pci-0000:05:00.3-usb-0:2.1.2:1.0-port0
1790755279.8166,A,66,4581,-75,/dev/serial/by-path/pci-0000:05:00.3-usb-0:2.1.1:1.0-port0
1790755279.8475,B,60,4607,-88,/dev/serial/by-path/pci-0000:05:00.3-usb-0:2.1.2:1.0-port0
1790755279.8478,A,67,4612,-76,/dev/serial/by-path/pci-0000:05:00.3-usb-0:2.1.1:1.0-port0
1790755279.8800,C,61,4639,-64,/dev/serial/by-path/pci-0000:05:00.3-usb-0:2.1.3:1.0-port0
1790755279.8985,A,68,4663,-80,/dev/serial/by-path/pci-0000:05:00.3-usb-0:2.1.1:1.0-port0
1790755279.8986,B,61,4657,-74,/dev/serial/by-path/pci-0000:05:00.3-usb-0:2.1.2:1.0-port0
1790755279.9257,A,69,4690,-69,/dev/serial/by-path/pci-0000:05:00.3-usb-0:2.1.1:1.0-port0
1790755279.9259,B,62,4685,-75,/dev/serial/by-path/pci-0000:05:00.3-usb-0:2.1.2:1.0-port0
1790755279.9263,C,62,4686,-61,/dev/serial/by-path/pci-0000:05:00.3-usb-0:2.1.3:1.0-port0
1790755279.9726,C,63,4732,-67,/dev/serial/by-path/pci-0000:05:00.3-usb-0:2.1.3:1.0-port0
1790755279.9731,B,63,4733,-67,/dev/serial/by-path/pci-0000:05:00.3-usb-0:2.1.2:1.0-port0
1790755279.9840,A,70,4749,-67,/dev/serial/by-path/pci-0000:05:00.3-usb-0:2.1.1:1.0-port0
1790755280.0220,C,64,4781,-68,/dev/serial/by-path/pci-0000:05:00.3-usb-0:2.1.3:1.0-port0
1790755280.0280,B,64,4787,-85,/dev/serial/by-path/pci-0000:05:00.3-usb-0:2.1.2:1.0-port0
1790755280.0281,A,71,4793,-70,/dev/serial/by-path/pci-0000:05:00.3-usb-0:2.1.1:1.0-port0
1790755280.0643,C,65,4823,-65,/dev/serial/by-path/pci-0000:05:00.3-usb-0:2.1.3:1.0-port0
1790755280.0665,A,72,4831,-72,/dev/serial/by-path/pci-0000:05:00.3-usb-0:2.1.1:1.0-port0
1790755280.1064,B,65,4866,-73,/dev/serial/by-path/pci-0000:05:00.3-usb-0:2.1.2:1.0-port0
1790755280.1067,C,66,4865,-69,/dev/serial/by-path/pci-0000:05:00.3-usb-0:2.1.3:1.0-port0
1790755280.1113,A,73,4876,-72,/dev/serial/by-path/pci-0000:05:00.3-usb-0:2.1.1:1.0-port0
1790755280.1627,B,66,4922,-78,/dev/serial/by-path/pci-0000:05:00.3-usb-0:2.1.2:1.0-port0
1790755280.1665,A,74,4931,-69,/dev/serial/by-path/pci-0000:05:00.3-usb-0:2.1.1:1.0-port0
1790755280.1688,C,67,4928,-69,/dev/serial/by-path/pci-0000:05:00.3-usb-0:2.1.3:1.0-port0
1790755280.2033,B,67,4963,-76,/dev/serial/by-path/pci-0000:05:00.3-usb-0:2.1.2:1.0-port0
1790755280.2056,A,75,4969,-74,/dev/serial/by-path/pci-0000:05:00.3-usb-0:2.1.1:1.0-port0
1790755280.2326,C,68,4992,-67,/dev/serial/by-path/pci-0000:05:00.3-usb-0:2.1.3:1.0-port0
1790755280.2505,A,76,5015,-71,/dev/serial/by-path/pci-0000:05:00.3-usb-0:2.1.1:1.0-port0
1790755280.2588,C,69,5018,-68,/dev/serial/by-path/pci-0000:05:00.3-usb-0:2.1.3:1.0-port0
1790755280.2591,B,68,5018,-71,/dev/serial/by-path/pci-0000:05:00.3-usb-0:2.1.2:1.0-port0
1790755280.3002,C,70,5059,-68,/dev/serial/by-path/pci-0000:05:00.3-usb-0:2.1.3:1.0-port0
1790755280.3009,A,77,5066,-67,/dev/serial/by-path/pci-0000:05:00.3-usb-0:2.1.1:1.0-port0
1790755280.3126,B,69,5072,-71,/dev/serial/by-path/pci-0000:05:00.3-usb-0:2.1.2:1.0-port0
1790755280.3490,A,78,5113,-69,/dev/serial/by-path/pci-0000:05:00.3-usb-0:2.1.1:1.0-port0
1790755280.3632,B,70,5122,-74,/dev/serial/by-path/pci-0000:05:00.3-usb-0:2.1.2:1.0-port0
1790755280.3837,C,71,5143,-63,/dev/serial/by-path/pci-0000:05:00.3-usb-0:2.1.3:1.0-port0
1790755280.3888,A,79,5153,-69,/dev/serial/by-path/pci-0000:05:00.3-usb-0:2.1.1:1.0-port0
1790755280.3910,C,72,5150,-66,/dev/serial/by-path/pci-0000:05:00.3-usb-0:2.1.3:1.0-port0
1790755280.4332,A,80,5198,-71,/dev/serial/by-path/pci-0000:05:00.3-usb-0:2.1.1:1.0-port0
1790755280.4337,B,71,5193,-71,/dev/serial/by-path/pci-0000:05:00.3-usb-0:2.1.2:1.0-port0
1790755280.4341,C,73,5193,-67,/dev/serial/by-path/pci-0000:05:00.3-usb-0:2.1.3:1.0-port0
1790755280.4841,C,74,5243,-66,/dev/serial/by-path/pci-0000:05:00.3-usb-0:2.1.3:1.0-port0
1790755280.5125,B,72,5272,-69,/dev/serial/by-path/pci-0000:05:00.3-usb-0:2.1.2:1.0-port0
1790755280.5166,A,81,5281,-70,/dev/serial/by-path/pci-0000:05:00.3-usb-0:2.1.1:1.0-port0
1790755280.5303,B,73,5290,-68,/dev/serial/by-path/pci-0000:05:00.3-usb-0:2.1.2:1.0-port0
1790755280.5326,C,75,5291,-68,/dev/serial/by-path/pci-0000:05:00.3-usb-0:2.1.3:1.0-port0
1790755280.5358,A,82,5300,-68,/dev/serial/by-path/pci-0000:05:00.3-usb-0:2.1.1:1.0-port0
1790755280.5834,C,76,5343,-69,/dev/serial/by-path/pci-0000:05:00.3-usb-0:2.1.3:1.0-port0
1790755280.5879,A,83,5353,-67,/dev/serial/by-path/pci-0000:05:00.3-usb-0:2.1.1:1.0-port0
1790755280.6095,B,74,5369,-64,/dev/serial/by-path/pci-0000:05:00.3-usb-0:2.1.2:1.0-port0
1790755280.6240,C,77,5383,-66,/dev/serial/by-path/pci-0000:05:00.3-usb-0:2.1.3:1.0-port0
1790755280.6336,B,75,5393,-71,/dev/serial/by-path/pci-0000:05:00.3-usb-0:2.1.2:1.0-port0
1790755280.6425,A,84,5407,-71,/dev/serial/by-path/pci-0000:05:00.3-usb-0:2.1.1:1.0-port0
1790755280.6661,C,78,5425,-67,/dev/serial/by-path/pci-0000:05:00.3-usb-0:2.1.3:1.0-port0
1790755280.6676,A,85,5432,-71,/dev/serial/by-path/pci-0000:05:00.3-usb-0:2.1.1:1.0-port0
1790755280.7127,B,76,5471,-71,/dev/serial/by-path/pci-0000:05:00.3-usb-0:2.1.2:1.0-port0
1790755280.7133,A,86,5478,-75,/dev/serial/by-path/pci-0000:05:00.3-usb-0:2.1.1:1.0-port0
1790755280.7149,C,79,5473,-67,/dev/serial/by-path/pci-0000:05:00.3-usb-0:2.1.3:1.0-port0
1790755280.7615,C,80,5521,-69,/dev/serial/by-path/pci-0000:05:00.3-usb-0:2.1.3:1.0-port0
1790755280.7632,B,77,5522,-71,/dev/serial/by-path/pci-0000:05:00.3-usb-0:2.1.2:1.0-port0
1790755280.7662,A,87,5531,-73,/dev/serial/by-path/pci-0000:05:00.3-usb-0:2.1.1:1.0-port0
1790755280.8110,C,81,5570,-64,/dev/serial/by-path/pci-0000:05:00.3-usb-0:2.1.3:1.0-port0
1790755280.8112,A,88,5575,-77,/dev/serial/by-path/pci-0000:05:00.3-usb-0:2.1.1:1.0-port0
1790755280.8122,B,78,5570,-65,/dev/serial/by-path/pci-0000:05:00.3-usb-0:2.1.2:1.0-port0
1790755280.8429,B,79,5602,-70,/dev/serial/by-path/pci-0000:05:00.3-usb-0:2.1.2:1.0-port0
1790755280.8521,C,82,5611,-67,/dev/serial/by-path/pci-0000:05:00.3-usb-0:2.1.3:1.0-port0
1790755280.8524,A,89,5617,-75,/dev/serial/by-path/pci-0000:05:00.3-usb-0:2.1.1:1.0-port0
1790755280.9126,B,80,5672,-66,/dev/serial/by-path/pci-0000:05:00.3-usb-0:2.1.2:1.0-port0
1790755280.9165,A,90,5681,-74,/dev/serial/by-path/pci-0000:05:00.3-usb-0:2.1.1:1.0-port0
1790755280.9330,C,83,5692,-67,/dev/serial/by-path/pci-0000:05:00.3-usb-0:2.1.3:1.0-port0
1790755280.9336,B,81,5693,-63,/dev/serial/by-path/pci-0000:05:00.3-usb-0:2.1.2:1.0-port0
1790755280.9340,A,91,5699,-78,/dev/serial/by-path/pci-0000:05:00.3-usb-0:2.1.1:1.0-port0
1790755280.9776,C,84,5736,-62,/dev/serial/by-path/pci-0000:05:00.3-usb-0:2.1.3:1.0-port0
1790755280.9837,A,92,5748,-73,/dev/serial/by-path/pci-0000:05:00.3-usb-0:2.1.1:1.0-port0
1790755280.9838,B,82,5743,-68,/dev/serial/by-path/pci-0000:05:00.3-usb-0:2.1.2:1.0-port0
1790755281.0197,C,85,5779,-66,/dev/serial/by-path/pci-0000:05:00.3-usb-0:2.1.3:1.0-port0
1790755281.0594,B,83,5819,-67,/dev/serial/by-path/pci-0000:05:00.3-usb-0:2.1.2:1.0-port0
1790755281.0594,B,84,5819,-69,/dev/serial/by-path/pci-0000:05:00.3-usb-0:2.1.2:1.0-port0
1790755281.0601,A,93,5825,-73,/dev/serial/by-path/pci-0000:05:00.3-usb-0:2.1.1:1.0-port0
1790755281.0601,A,94,5826,-74,/dev/serial/by-path/pci-0000:05:00.3-usb-0:2.1.1:1.0-port0
1790755281.0628,C,86,5822,-67,/dev/serial/by-path/pci-0000:05:00.3-usb-0:2.1.3:1.0-port0
1790755281.1078,B,85,5867,-66,/dev/serial/by-path/pci-0000:05:00.3-usb-0:2.1.2:1.0-port0
1790755281.1080,A,95,5872,-76,/dev/serial/by-path/pci-0000:05:00.3-usb-0:2.1.1:1.0-port0
1790755281.1085,C,87,5866,-63,/dev/serial/by-path/pci-0000:05:00.3-usb-0:2.1.3:1.0-port0
1790755281.1500,B,86,5909,-72,/dev/serial/by-path/pci-0000:05:00.3-usb-0:2.1.2:1.0-port0
1790755281.1501,A,96,5915,-77,/dev/serial/by-path/pci-0000:05:00.3-usb-0:2.1.1:1.0-port0
1790755281.1662,C,88,5925,-69,/dev/serial/by-path/pci-0000:05:00.3-usb-0:2.1.3:1.0-port0
1790755281.1940,B,87,5953,-74,/dev/serial/by-path/pci-0000:05:00.3-usb-0:2.1.2:1.0-port0
1790755281.2022,C,89,5961,-71,/dev/serial/by-path/pci-0000:05:00.3-usb-0:2.1.3:1.0-port0
1790755281.2028,A,97,5968,-73,/dev/serial/by-path/pci-0000:05:00.3-usb-0:2.1.1:1.0-port0
1790755281.2433,C,90,6002,-71,/dev/serial/by-path/pci-0000:05:00.3-usb-0:2.1.3:1.0-port0
1790755281.2435,B,88,6003,-81,/dev/serial/by-path/pci-0000:05:00.3-usb-0:2.1.2:1.0-port0
1790755281.2451,A,98,6008,-79,/dev/serial/by-path/pci-0000:05:00.3-usb-0:2.1.1:1.0-port0
1790755281.2860,A,99,6051,-69,/dev/serial/by-path/pci-0000:05:00.3-usb-0:2.1.1:1.0-port0
1790755281.2861,B,89,6045,-68,/dev/serial/by-path/pci-0000:05:00.3-usb-0:2.1.2:1.0-port0
1790755281.3331,A,100,6097,-70,/dev/serial/by-path/pci-0000:05:00.3-usb-0:2.1.1:1.0-port0
1790755281.3335,C,91,6093,-66,/dev/serial/by-path/pci-0000:05:00.3-usb-0:2.1.3:1.0-port0
1790755281.3504,B,90,6110,-70,/dev/serial/by-path/pci-0000:05:00.3-usb-0:2.1.2:1.0-port0
1790755281.3759,C,92,6135,-68,/dev/serial/by-path/pci-0000:05:00.3-usb-0:2.1.3:1.0-port0
1790755281.3785,B,91,6138,-69,/dev/serial/by-path/pci-0000:05:00.3-usb-0:2.1.2:1.0-port0
1790755281.3792,A,101,6144,-73,/dev/serial/by-path/pci-0000:05:00.3-usb-0:2.1.1:1.0-port0
1790755281.4181,C,93,6177,-65,/dev/serial/by-path/pci-0000:05:00.3-usb-0:2.1.3:1.0-port0
1790755281.4333,B,92,6193,-73,/dev/serial/by-path/pci-0000:05:00.3-usb-0:2.1.2:1.0-port0
1790755281.4625,B,93,6222,-74,/dev/serial/by-path/pci-0000:05:00.3-usb-0:2.1.2:1.0-port0
1790755281.4651,A,102,6229,-76,/dev/serial/by-path/pci-0000:05:00.3-usb-0:2.1.1:1.0-port0
1790755281.4803,C,94,6239,-73,/dev/serial/by-path/pci-0000:05:00.3-usb-0:2.1.3:1.0-port0
1790755281.5033,A,103,6268,-73,/dev/serial/by-path/pci-0000:05:00.3-usb-0:2.1.1:1.0-port0
1790755281.5449,B,94,6304,-82,/dev/serial/by-path/pci-0000:05:00.3-usb-0:2.1.2:1.0-port0
1790755281.5450,A,104,6309,-73,/dev/serial/by-path/pci-0000:05:00.3-usb-0:2.1.1:1.0-port0
1790755281.5533,C,95,6312,-63,/dev/serial/by-path/pci-0000:05:00.3-usb-0:2.1.3:1.0-port0
1790755281.5837,A,105,6348,-69,/dev/serial/by-path/pci-0000:05:00.3-usb-0:2.1.1:1.0-port0
1790755281.5868,B,95,6346,-70,/dev/serial/by-path/pci-0000:05:00.3-usb-0:2.1.2:1.0-port0
1790755281.6271,C,96,6386,-67,/dev/serial/by-path/pci-0000:05:00.3-usb-0:2.1.3:1.0-port0
1790755281.6279,A,106,6393,-68,/dev/serial/by-path/pci-0000:05:00.3-usb-0:2.1.1:1.0-port0
1790755281.6435,B,96,6403,-73,/dev/serial/by-path/pci-0000:05:00.3-usb-0:2.1.2:1.0-port0
1790755281.6759,C,97,6435,-65,/dev/serial/by-path/pci-0000:05:00.3-usb-0:2.1.3:1.0-port0
1790755281.6784,B,97,6438,-70,/dev/serial/by-path/pci-0000:05:00.3-usb-0:2.1.2:1.0-port0
1790755281.6914,A,107,6456,-70,/dev/serial/by-path/pci-0000:05:00.3-usb-0:2.1.1:1.0-port0
1790755281.7205,C,98,6479,-66,/dev/serial/by-path/pci-0000:05:00.3-usb-0:2.1.3:1.0-port0
1790755281.7255,B,98,6484,-70,/dev/serial/by-path/pci-0000:05:00.3-usb-0:2.1.2:1.0-port0
1790755281.7629,B,99,6522,-69,/dev/serial/by-path/pci-0000:05:00.3-usb-0:2.1.2:1.0-port0
1790755281.7630,A,108,6527,-70,/dev/serial/by-path/pci-0000:05:00.3-usb-0:2.1.1:1.0-port0
1790755281.7774,C,99,6536,-67,/dev/serial/by-path/pci-0000:05:00.3-usb-0:2.1.3:1.0-port0
1790755281.8095,C,100,6568,-65,/dev/serial/by-path/pci-0000:05:00.3-usb-0:2.1.3:1.0-port0
1790755281.8096,A,109,6574,-67,/dev/serial/by-path/pci-0000:05:00.3-usb-0:2.1.1:1.0-port0
1790755281.8127,B,100,6572,-72,/dev/serial/by-path/pci-0000:05:00.3-usb-0:2.1.2:1.0-port0
1790755281.8494,B,101,6608,-72,/dev/serial/by-path/pci-0000:05:00.3-usb-0:2.1.2:1.0-port0
1790755281.8667,A,110,6631,-70,/dev/serial/by-path/pci-0000:05:00.3-usb-0:2.1.1:1.0-port0
1790755281.8698,C,101,6629,-64,/dev/serial/by-path/pci-0000:05:00.3-usb-0:2.1.3:1.0-port0
1790755281.8898,A,111,6654,-70,/dev/serial/by-path/pci-0000:05:00.3-usb-0:2.1.1:1.0-port0
1790755281.8900,B,102,6649,-69,/dev/serial/by-path/pci-0000:05:00.3-usb-0:2.1.2:1.0-port0
1790755281.8950,C,102,6653,-65,/dev/serial/by-path/pci-0000:05:00.3-usb-0:2.1.3:1.0-port0
1790755281.9367,B,103,6696,-68,/dev/serial/by-path/pci-0000:05:00.3-usb-0:2.1.2:1.0-port0
1790755281.9369,A,112,6701,-67,/dev/serial/by-path/pci-0000:05:00.3-usb-0:2.1.1:1.0-port0
1790755281.9771,C,103,6736,-62,/dev/serial/by-path/pci-0000:05:00.3-usb-0:2.1.3:1.0-port0
1790755281.9863,B,104,6745,-69,/dev/serial/by-path/pci-0000:05:00.3-usb-0:2.1.2:1.0-port0
1790755282.0091,A,113,6773,-71,/dev/serial/by-path/pci-0000:05:00.3-usb-0:2.1.1:1.0-port0
1790755282.0264,A,114,6790,-73,/dev/serial/by-path/pci-0000:05:00.3-usb-0:2.1.1:1.0-port0
1790755282.0267,B,105,6785,-71,/dev/serial/by-path/pci-0000:05:00.3-usb-0:2.1.2:1.0-port0
1790755282.0270,C,104,6786,-61,/dev/serial/by-path/pci-0000:05:00.3-usb-0:2.1.3:1.0-port0
1790755282.0669,A,115,6831,-73,/dev/serial/by-path/pci-0000:05:00.3-usb-0:2.1.1:1.0-port0
1790755282.0838,C,105,6843,-66,/dev/serial/by-path/pci-0000:05:00.3-usb-0:2.1.3:1.0-port0
1790755282.1114,B,106,6871,-71,/dev/serial/by-path/pci-0000:05:00.3-usb-0:2.1.2:1.0-port0
1790755282.1120,A,116,6877,-71,/dev/serial/by-path/pci-0000:05:00.3-usb-0:2.1.1:1.0-port0
1790755282.1137,B,107,6871,-65,/dev/serial/by-path/pci-0000:05:00.3-usb-0:2.1.2:1.0-port0
1790755282.1167,C,106,6876,-66,/dev/serial/by-path/pci-0000:05:00.3-usb-0:2.1.3:1.0-port0
1790755282.1607,B,108,6920,-70,/dev/serial/by-path/pci-0000:05:00.3-usb-0:2.1.2:1.0-port0
1790755282.1611,C,107,6920,-70,/dev/serial/by-path/pci-0000:05:00.3-usb-0:2.1.3:1.0-port0
1790755282.1613,A,117,6926,-72,/dev/serial/by-path/pci-0000:05:00.3-usb-0:2.1.1:1.0-port0
1790755282.2125,B,109,6972,-66,/dev/serial/by-path/pci-0000:05:00.3-usb-0:2.1.2:1.0-port0
1790755282.2162,A,118,6981,-71,/dev/serial/by-path/pci-0000:05:00.3-usb-0:2.1.1:1.0-port0
1790755282.2206,C,108,6980,-68,/dev/serial/by-path/pci-0000:05:00.3-usb-0:2.1.3:1.0-port0
1790755282.2631,B,110,7022,-68,/dev/serial/by-path/pci-0000:05:00.3-usb-0:2.1.2:1.0-port0
1790755282.2679,A,119,7031,-78,/dev/serial/by-path/pci-0000:05:00.3-usb-0:2.1.1:1.0-port0
1790755282.2776,C,109,7036,-67,/dev/serial/by-path/pci-0000:05:00.3-usb-0:2.1.3:1.0-port0
1790755282.2859,B,111,7045,-69,/dev/serial/by-path/pci-0000:05:00.3-usb-0:2.1.2:1.0-port0
1790755282.2861,A,120,7051,-75,/dev/serial/by-path/pci-0000:05:00.3-usb-0:2.1.1:1.0-port0
1790755282.3305,B,112,7090,-71,/dev/serial/by-path/pci-0000:05:00.3-usb-0:2.1.2:1.0-port0
1790755282.3306,A,121,7095,-86,/dev/serial/by-path/pci-0000:05:00.3-usb-0:2.1.1:1.0-port0
1790755282.3341,C,110,7093,-65,/dev/serial/by-path/pci-0000:05:00.3-usb-0:2.1.3:1.0-port0
1790755282.3792,C,111,7138,-70,/dev/serial/by-path/pci-0000:05:00.3-usb-0:2.1.3:1.0-port0
1790755282.4124,B,113,7172,-72,/dev/serial/by-path/pci-0000:05:00.3-usb-0:2.1.2:1.0-port0
1790755282.4162,A,122,7181,-76,/dev/serial/by-path/pci-0000:05:00.3-usb-0:2.1.1:1.0-port0
1790755282.4291,C,112,7187,-68,/dev/serial/by-path/pci-0000:05:00.3-usb-0:2.1.3:1.0-port0
1790755282.4293,A,123,7193,-85,/dev/serial/by-path/pci-0000:05:00.3-usb-0:2.1.1:1.0-port0
1790755282.4295,B,114,7188,-66,/dev/serial/by-path/pci-0000:05:00.3-usb-0:2.1.2:1.0-port0
1790755282.4711,C,113,7230,-62,/dev/serial/by-path/pci-0000:05:00.3-usb-0:2.1.3:1.0-port0
1790755282.4777,B,115,7237,-69,/dev/serial/by-path/pci-0000:05:00.3-usb-0:2.1.2:1.0-port0
1790755282.4778,A,124,7242,-76,/dev/serial/by-path/pci-0000:05:00.3-usb-0:2.1.1:1.0-port0
1790755282.5338,C,114,7293,-68,/dev/serial/by-path/pci-0000:05:00.3-usb-0:2.1.3:1.0-port0
1790755282.5379,B,116,7297,-65,/dev/serial/by-path/pci-0000:05:00.3-usb-0:2.1.2:1.0-port0
1790755282.5648,A,125,7329,-75,/dev/serial/by-path/pci-0000:05:00.3-usb-0:2.1.1:1.0-port0
1790755282.5652,C,115,7324,-68,/dev/serial/by-path/pci-0000:05:00.3-usb-0:2.1.3:1.0-port0
1790755282.6167,A,126,7381,-83,/dev/serial/by-path/pci-0000:05:00.3-usb-0:2.1.1:1.0-port0
1790755282.6337,C,116,7393,-63,/dev/serial/by-path/pci-0000:05:00.3-usb-0:2.1.3:1.0-port0
1790755282.6558,C,117,7415,-68,/dev/serial/by-path/pci-0000:05:00.3-usb-0:2.1.3:1.0-port0
1790755282.6626,B,117,7422,-70,/dev/serial/by-path/pci-0000:05:00.3-usb-0:2.1.2:1.0-port0
1790755282.6666,A,127,7431,-77,/dev/serial/by-path/pci-0000:05:00.3-usb-0:2.1.1:1.0-port0
1790755282.7122,A,128,7476,-75,/dev/serial/by-path/pci-0000:05:00.3-usb-0:2.1.1:1.0-port0
1790755282.7124,B,118,7471,-69,/dev/serial/by-path/pci-0000:05:00.3-usb-0:2.1.2:1.0-port0
1790755282.7124,C,118,7471,-68,/dev/serial/by-path/pci-0000:05:00.3-usb-0:2.1.3:1.0-port0
1790755282.7568,B,119,7515,-69,/dev/serial/by-path/pci-0000:05:00.3-usb-0:2.1.2:1.0-port0
1790755282.7589,C,119,7516,-65,/dev/serial/by-path/pci-0000:05:00.3-usb-0:2.1.3:1.0-port0
1790755282.8127,B,120,7572,-68,/dev/serial/by-path/pci-0000:05:00.3-usb-0:2.1.2:1.0-port0
1790755282.8163,A,129,7581,-75,/dev/serial/by-path/pci-0000:05:00.3-usb-0:2.1.1:1.0-port0
1790755282.8190,C,120,7578,-70,/dev/serial/by-path/pci-0000:05:00.3-usb-0:2.1.3:1.0-port0
1790755282.8545,A,130,7619,-68,/dev/serial/by-path/pci-0000:05:00.3-usb-0:2.1.1:1.0-port0
1790755282.8548,B,121,7614,-65,/dev/serial/by-path/pci-0000:05:00.3-usb-0:2.1.2:1.0-port0
1790755282.8551,C,121,7613,-66,/dev/serial/by-path/pci-0000:05:00.3-usb-0:2.1.3:1.0-port0
1790755282.9125,A,131,7677,-70,/dev/serial/by-path/pci-0000:05:00.3-usb-0:2.1.1:1.0-port0
1790755282.9126,C,122,7671,-68,/dev/serial/by-path/pci-0000:05:00.3-usb-0:2.1.3:1.0-port0
1790755282.9129,B,122,7672,-71,/dev/serial/by-path/pci-0000:05:00.3-usb-0:2.1.2:1.0-port0
1790755282.9388,A,132,7703,-71,/dev/serial/by-path/pci-0000:05:00.3-usb-0:2.1.1:1.0-port0
1790755282.9389,B,123,7698,-68,/dev/serial/by-path/pci-0000:05:00.3-usb-0:2.1.2:1.0-port0
1790755282.9566,C,123,7716,-65,/dev/serial/by-path/pci-0000:05:00.3-usb-0:2.1.3:1.0-port0
1790755282.9883,B,124,7747,-72,/dev/serial/by-path/pci-0000:05:00.3-usb-0:2.1.2:1.0-port0
1790755282.9887,A,133,7753,-71,/dev/serial/by-path/pci-0000:05:00.3-usb-0:2.1.1:1.0-port0
1790755283.0276,C,124,7786,-69,/dev/serial/by-path/pci-0000:05:00.3-usb-0:2.1.3:1.0-port0
1790755283.0322,A,134,7796,-76,/dev/serial/by-path/pci-0000:05:00.3-usb-0:2.1.1:1.0-port0
1790755283.0323,B,125,7791,-72,/dev/serial/by-path/pci-0000:05:00.3-usb-0:2.1.2:1.0-port0
1790755283.0338,C,125,7793,-68,/dev/serial/by-path/pci-0000:05:00.3-usb-0:2.1.3:1.0-port0
1790755283.0842,C,126,7843,-65,/dev/serial/by-path/pci-0000:05:00.3-usb-0:2.1.3:1.0-port0
1790755283.1124,B,126,7872,-76,/dev/serial/by-path/pci-0000:05:00.3-usb-0:2.1.2:1.0-port0
1790755283.1167,A,135,7881,-74,/dev/serial/by-path/pci-0000:05:00.3-usb-0:2.1.1:1.0-port0
1790755283.1255,B,127,7885,-79,/dev/serial/by-path/pci-0000:05:00.3-usb-0:2.1.2:1.0-port0
1790755283.1259,C,127,7884,-67,/dev/serial/by-path/pci-0000:05:00.3-usb-0:2.1.3:1.0-port0
1790755283.1330,A,136,7897,-68,/dev/serial/by-path/pci-0000:05:00.3-usb-0:2.1.1:1.0-port0
1790755283.1711,C,128,7930,-65,/dev/serial/by-path/pci-0000:05:00.3-usb-0:2.1.3:1.0-port0
1790755283.1714,B,128,7931,-76,/dev/serial/by-path/pci-0000:05:00.3-usb-0:2.1.2:1.0-port0
1790755283.1841,A,137,7948,-71,/dev/serial/by-path/pci-0000:05:00.3-usb-0:2.1.1:1.0-port0
1790755283.2338,C,129,7993,-64,/dev/serial/by-path/pci-0000:05:00.3-usb-0:2.1.3:1.0-port0
1790755283.2645,A,138,8029,-68,/dev/serial/by-path/pci-0000:05:00.3-usb-0:2.1.1:1.0-port0
1790755283.2698,C,130,8029,-66,/dev/serial/by-path/pci-0000:05:00.3-usb-0:2.1.3:1.0-port0
1790755283.3093,C,131,8068,-65,/dev/serial/by-path/pci-0000:05:00.3-usb-0:2.1.3:1.0-port0
1790755283.3094,B,129,8068,-75,/dev/serial/by-path/pci-0000:05:00.3-usb-0:2.1.2:1.0-port0
1790755283.3112,A,139,8074,-66,/dev/serial/by-path/pci-0000:05:00.3-usb-0:2.1.1:1.0-port0
1790755283.3635,A,140,8128,-71,/dev/serial/by-path/pci-0000:05:00.3-usb-0:2.1.1:1.0-port0
1790755283.3637,B,130,8122,-74,/dev/serial/by-path/pci-0000:05:00.3-usb-0:2.1.2:1.0-port0
1790755283.3640,C,132,8122,-63,/dev/serial/by-path/pci-0000:05:00.3-usb-0:2.1.3:1.0-port0
1790755283.3948,C,133,8154,-65,/dev/serial/by-path/pci-0000:05:00.3-usb-0:2.1.3:1.0-port0
1790755283.3958,B,131,8155,-69,/dev/serial/by-path/pci-0000:05:00.3-usb-0:2.1.2:1.0-port0
1790755283.4168,A,141,8181,-69,/dev/serial/by-path/pci-0000:05:00.3-usb-0:2.1.1:1.0-port0
1790755283.4400,B,132,8199,-70,/dev/serial/by-path/pci-0000:05:00.3-usb-0:2.1.2:1.0-port0
1790755283.4506,C,134,8210,-63,/dev/serial/by-path/pci-0000:05:00.3-usb-0:2.1.3:1.0-port0
1790755283.4510,A,142,8215,-67,/dev/serial/by-path/pci-0000:05:00.3-usb-0:2.1.1:1.0-port0
1790755283.5028,B,133,8262,-69,/dev/serial/by-path/pci-0000:05:00.3-usb-0:2.1.2:1.0-port0
1790755283.5165,A,143,8281,-70,/dev/serial/by-path/pci-0000:05:00.3-usb-0:2.1.1:1.0-port0
1790755283.5192,C,135,8278,-61,/dev/serial/by-path/pci-0000:05:00.3-usb-0:2.1.3:1.0-port0
1790755283.5291,B,134,8288,-72,/dev/serial/by-path/pci-0000:05:00.3-usb-0:2.1.2:1.0-port0
1790755283.5343,C,136,8293,-61,/dev/serial/by-path/pci-0000:05:00.3-usb-0:2.1.3:1.0-port0
1790755283.5425,A,144,8307,-72,/dev/serial/by-path/pci-0000:05:00.3-usb-0:2.1.1:1.0-port0
1790755283.5766,C,137,8336,-66,/dev/serial/by-path/pci-0000:05:00.3-usb-0:2.1.3:1.0-port0
1790755283.6049,B,135,8364,-68,/dev/serial/by-path/pci-0000:05:00.3-usb-0:2.1.2:1.0-port0
1790755283.6086,A,145,8373,-69,/dev/serial/by-path/pci-0000:05:00.3-usb-0:2.1.1:1.0-port0
1790755283.6231,C,138,8382,-64,/dev/serial/by-path/pci-0000:05:00.3-usb-0:2.1.3:1.0-port0
1790755283.6236,B,136,8383,-68,/dev/serial/by-path/pci-0000:05:00.3-usb-0:2.1.2:1.0-port0
1790755283.6655,A,146,8430,-69,/dev/serial/by-path/pci-0000:05:00.3-usb-0:2.1.1:1.0-port0
1790755283.6676,A,147,8431,-67,/dev/serial/by-path/pci-0000:05:00.3-usb-0:2.1.1:1.0-port0
1790755283.6841,C,139,8443,-63,/dev/serial/by-path/pci-0000:05:00.3-usb-0:2.1.3:1.0-port0
1790755283.7169,A,148,8481,-68,/dev/serial/by-path/pci-0000:05:00.3-usb-0:2.1.1:1.0-port0
1790755283.7227,C,140,8482,-65,/dev/serial/by-path/pci-0000:05:00.3-usb-0:2.1.3:1.0-port0
1790755283.7555,A,149,8520,-71,/dev/serial/by-path/pci-0000:05:00.3-usb-0:2.1.1:1.0-port0
1790755283.7636,C,141,8521,-75,/dev/serial/by-path/pci-0000:05:00.3-usb-0:2.1.3:1.0-port0
1790755283.7640,B,137,8522,-65,/dev/serial/by-path/pci-0000:05:00.3-usb-0:2.1.2:1.0-port0
1790755283.8017,B,138,8561,-67,/dev/serial/by-path/pci-0000:05:00.3-usb-0:2.1.2:1.0-port0
1790755283.8094,C,142,8568,-63,/dev/serial/by-path/pci-0000:05:00.3-usb-0:2.1.3:1.0-port0
1790755283.8108,A,150,8575,-74,/dev/serial/by-path/pci-0000:05:00.3-usb-0:2.1.1:1.0-port0
1790755283.8436,B,139,8603,-66,/dev/serial/by-path/pci-0000:05:00.3-usb-0:2.1.2:1.0-port0
1790755283.8467,C,143,8606,-65,/dev/serial/by-path/pci-0000:05:00.3-usb-0:2.1.3:1.0-port0
1790755283.8471,A,151,8611,-77,/dev/serial/by-path/pci-0000:05:00.3-usb-0:2.1.1:1.0-port0
1790755283.8950,C,144,8654,-65,/dev/serial/by-path/pci-0000:05:00.3-usb-0:2.1.3:1.0-port0
1790755283.8954,B,140,8654,-65,/dev/serial/by-path/pci-0000:05:00.3-usb-0:2.1.2:1.0-port0
1790755283.8955,A,152,8659,-74,/dev/serial/by-path/pci-0000:05:00.3-usb-0:2.1.1:1.0-port0
1790755283.9344,C,145,8693,-70,/dev/serial/by-path/pci-0000:05:00.3-usb-0:2.1.3:1.0-port0
1790755283.9465,A,153,8711,-85,/dev/serial/by-path/pci-0000:05:00.3-usb-0:2.1.1:1.0-port0
1790755283.9466,B,141,8706,-73,/dev/serial/by-path/pci-0000:05:00.3-usb-0:2.1.2:1.0-port0
1790755283.9756,C,146,8735,-71,/dev/serial/by-path/pci-0000:05:00.3-usb-0:2.1.3:1.0-port0
1790755283.9943,B,142,8753,-69,/dev/serial/by-path/pci-0000:05:00.3-usb-0:2.1.2:1.0-port0
1790755284.0092,A,154,8773,-87,/dev/serial/by-path/pci-0000:05:00.3-usb-0:2.1.1:1.0-port0
1790755284.0338,C,147,8793,-71,/dev/serial/by-path/pci-0000:05:00.3-usb-0:2.1.3:1.0-port0
1790755284.0553,B,143,8814,-66,/dev/serial/by-path/pci-0000:05:00.3-usb-0:2.1.2:1.0-port0
1790755284.0597,A,155,8824,-74,/dev/serial/by-path/pci-0000:05:00.3-usb-0:2.1.1:1.0-port0
1790755284.0601,C,148,8819,-75,/dev/serial/by-path/pci-0000:05:00.3-usb-0:2.1.3:1.0-port0
1790755284.0632,B,144,8822,-65,/dev/serial/by-path/pci-0000:05:00.3-usb-0:2.1.2:1.0-port0
1790755284.1075,B,145,8867,-65,/dev/serial/by-path/pci-0000:05:00.3-usb-0:2.1.2:1.0-port0
1790755284.1255,C,149,8884,-65,/dev/serial/by-path/pci-0000:05:00.3-usb-0:2.1.3:1.0-port0
1790755284.1403,C,150,8900,-69,/dev/serial/by-path/pci-0000:05:00.3-usb-0:2.1.3:1.0-port0
1790755284.1404,B,146,8899,-68,/dev/serial/by-path/pci-0000:05:00.3-usb-0:2.1.2:1.0-port0
1790755284.1674,A,156,8932,-77,/dev/serial/by-path/pci-0000:05:00.3-usb-0:2.1.1:1.0-port0
1790755284.1828,C,151,8942,-68,/dev/serial/by-path/pci-0000:05:00.3-usb-0:2.1.3:1.0-port0
1790755284.2041,A,157,8968,-73,/dev/serial/by-path/pci-0000:05:00.3-usb-0:2.1.1:1.0-port0
1790755284.2283,B,147,8988,-65,/dev/serial/by-path/pci-0000:05:00.3-usb-0:2.1.2:1.0-port0
1790755284.2337,C,152,8993,-71,/dev/serial/by-path/pci-0000:05:00.3-usb-0:2.1.3:1.0-port0
1790755284.2666,A,158,9031,-74,/dev/serial/by-path/pci-0000:05:00.3-usb-0:2.1.1:1.0-port0
1790755284.2774,B,148,9037,-69,/dev/serial/by-path/pci-0000:05:00.3-usb-0:2.1.2:1.0-port0
1790755284.2842,C,153,9043,-63,/dev/serial/by-path/pci-0000:05:00.3-usb-0:2.1.3:1.0-port0
1790755284.3491,A,159,9114,-75,/dev/serial/by-path/pci-0000:05:00.3-usb-0:2.1.1:1.0-port0
1790755284.3494,B,149,9108,-71,/dev/serial/by-path/pci-0000:05:00.3-usb-0:2.1.2:1.0-port0
1790755284.3524,C,154,9111,-67,/dev/serial/by-path/pci-0000:05:00.3-usb-0:2.1.3:1.0-port0
1790755284.4095,C,155,9168,-66,/dev/serial/by-path/pci-0000:05:00.3-usb-0:2.1.3:1.0-port0
1790755284.4096,B,150,9169,-71,/dev/serial/by-path/pci-0000:05:00.3-usb-0:2.1.2:1.0-port0
1790755284.4361,B,151,9195,-68,/dev/serial/by-path/pci-0000:05:00.3-usb-0:2.1.2:1.0-port0
1790755284.4666,A,160,9231,-75,/dev/serial/by-path/pci-0000:05:00.3-usb-0:2.1.1:1.0-port0
1790755284.4831,A,161,9247,-68,/dev/serial/by-path/pci-0000:05:00.3-usb-0:2.1.1:1.0-port0
1790755284.4835,C,156,9243,-67,/dev/serial/by-path/pci-0000:05:00.3-usb-0:2.1.3:1.0-port0
1790755284.5133,B,152,9272,-64,/dev/serial/by-path/pci-0000:05:00.3-usb-0:2.1.2:1.0-port0
1790755284.5317,C,157,9291,-64,/dev/serial/by-path/pci-0000:05:00.3-usb-0:2.1.3:1.0-port0
1790755284.5322,A,162,9297,-68,/dev/serial/by-path/pci-0000:05:00.3-usb-0:2.1.1:1.0-port0
1790755284.5626,B,153,9322,-69,/dev/serial/by-path/pci-0000:05:00.3-usb-0:2.1.2:1.0-port0
1790755284.5822,B,154,9341,-71,/dev/serial/by-path/pci-0000:05:00.3-usb-0:2.1.2:1.0-port0
1790755284.5840,C,158,9343,-66,/dev/serial/by-path/pci-0000:05:00.3-usb-0:2.1.3:1.0-port0
1790755284.5891,A,163,9353,-74,/dev/serial/by-path/pci-0000:05:00.3-usb-0:2.1.1:1.0-port0
1790755284.6208,C,159,9380,-63,/dev/serial/by-path/pci-0000:05:00.3-usb-0:2.1.3:1.0-port0
1790755284.6667,A,164,9431,-67,/dev/serial/by-path/pci-0000:05:00.3-usb-0:2.1.1:1.0-port0
1790755284.6668,C,160,9426,-64,/dev/serial/by-path/pci-0000:05:00.3-usb-0:2.1.3:1.0-port0
1790755284.6820,B,155,9441,-70,/dev/serial/by-path/pci-0000:05:00.3-usb-0:2.1.2:1.0-port0
1790755284.7172,A,165,9481,-73,/dev/serial/by-path/pci-0000:05:00.3-usb-0:2.1.1:1.0-port0
1790755284.7175,C,161,9476,-69,/dev/serial/by-path/pci-0000:05:00.3-usb-0:2.1.3:1.0-port0
1790755284.7646,B,156,9522,-71,/dev/serial/by-path/pci-0000:05:00.3-usb-0:2.1.2:1.0-port0
1790755284.7649,C,162,9522,-69,/dev/serial/by-path/pci-0000:05:00.3-usb-0:2.1.3:1.0-port0
1790755284.7654,A,166,9528,-68,/dev/serial/by-path/pci-0000:05:00.3-usb-0:2.1.1:1.0-port0
1790755284.8134,C,163,9572,-67,/dev/serial/by-path/pci-0000:05:00.3-usb-0:2.1.3:1.0-port0
1790755284.8138,A,167,9578,-67,/dev/serial/by-path/pci-0000:05:00.3-usb-0:2.1.1:1.0-port0
1790755284.8652,A,168,9629,-69,/dev/serial/by-path/pci-0000:05:00.3-usb-0:2.1.1:1.0-port0
1790755284.8655,C,164,9624,-68,/dev/serial/by-path/pci-0000:05:00.3-usb-0:2.1.3:1.0-port0
1790755284.9068,B,157,9666,-70,/dev/serial/by-path/pci-0000:05:00.3-usb-0:2.1.2:1.0-port0
1790755284.9167,A,169,9681,-67,/dev/serial/by-path/pci-0000:05:00.3-usb-0:2.1.1:1.0-port0
1790755284.9237,C,165,9683,-67,/dev/serial/by-path/pci-0000:05:00.3-usb-0:2.1.3:1.0-port0
1790755284.9561,A,170,9721,-66,/dev/serial/by-path/pci-0000:05:00.3-usb-0:2.1.1:1.0-port0
1790755284.9565,B,158,9715,-76,/dev/serial/by-path/pci-0000:05:00.3-usb-0:2.1.2:1.0-port0
1790755285.0126,B,159,9772,-72,/dev/serial/by-path/pci-0000:05:00.3-usb-0:2.1.2:1.0-port0
1790755285.0166,A,171,9781,-69,/dev/serial/by-path/pci-0000:05:00.3-usb-0:2.1.1:1.0-port0
1790755285.0338,C,166,9793,-67,/dev/serial/by-path/pci-0000:05:00.3-usb-0:2.1.3:1.0-port0
1790755285.0463,B,160,9806,-70,/dev/serial/by-path/pci-0000:05:00.3-usb-0:2.1.2:1.0-port0
1790755285.0466,C,167,9805,-68,/dev/serial/by-path/pci-0000:05:00.3-usb-0:2.1.3:1.0-port0
1790755285.0674,A,172,9832,-67,/dev/serial/by-path/pci-0000:05:00.3-usb-0:2.1.1:1.0-port0
1790755285.0838,C,168,9843,-69,/dev/serial/by-path/pci-0000:05:00.3-usb-0:2.1.3:1.0-port0
1790755285.1102,A,173,9874,-65,/dev/serial/by-path/pci-0000:05:00.3-usb-0:2.1.1:1.0-port0
1790755285.1105,B,161,9870,-73,/dev/serial/by-path/pci-0000:05:00.3-usb-0:2.1.2:1.0-port0
1790755285.1247,C,169,9884,-67,/dev/serial/by-path/pci-0000:05:00.3-usb-0:2.1.3:1.0-port0
1790755285.1332,A,174,9897,-71,/dev/serial/by-path/pci-0000:05:00.3-usb-0:2.1.1:1.0-port0
1790755285.1332,B,162,9892,-87,/dev/serial/by-path/pci-0000:05:00.3-usb-0:2.1.2:1.0-port0
1790755285.1838,C,170,9943,-68,/dev/serial/by-path/pci-0000:05:00.3-usb-0:2.1.3:1.0-port0
1790755285.1898,B,163,9949,-72,/dev/serial/by-path/pci-0000:05:00.3-usb-0:2.1.2:1.0-port0
1790755285.2155,C,171,9974,-82,/dev/serial/by-path/pci-0000:05:00.3-usb-0:2.1.3:1.0-port0
1790755285.2170,A,175,9981,-71,/dev/serial/by-path/pci-0000:05:00.3-usb-0:2.1.1:1.0-port0
1790755285.2631,B,164,10022,-70,/dev/serial/by-path/pci-0000:05:00.3-usb-0:2.1.2:1.0-port0
1790755285.2669,A,176,10031,-67,/dev/serial/by-path/pci-0000:05:00.3-usb-0:2.1.1:1.0-port0
1790755285.2709,C,172,10030,-73,/dev/serial/by-path/pci-0000:05:00.3-usb-0:2.1.3:1.0-port0
1790755285.3011,A,177,10066,-67,/dev/serial/by-path/pci-0000:05:00.3-usb-0:2.1.1:1.0-port0
1790755285.3015,B,165,10060,-70,/dev/serial/by-path/pci-0000:05:00.3-usb-0:2.1.2:1.0-port0
1790755285.3162,C,173,10075,-66,/dev/serial/by-path/pci-0000:05:00.3-usb-0:2.1.3:1.0-port0
1790755285.3397,B,166,10099,-72,/dev/serial/by-path/pci-0000:05:00.3-usb-0:2.1.2:1.0-port0
1790755285.3514,A,178,10116,-71,/dev/serial/by-path/pci-0000:05:00.3-usb-0:2.1.1:1.0-port0
1790755285.3515,C,174,10110,-64,/dev/serial/by-path/pci-0000:05:00.3-usb-0:2.1.3:1.0-port0
1790755285.4501,A,179,10214,-71,/dev/serial/by-path/pci-0000:05:00.3-usb-0:2.1.1:1.0-port0
1790755285.4502,B,167,10209,-69,/dev/serial/by-path/pci-0000:05:00.3-usb-0:2.1.2:1.0-port0
1790755285.4753,B,168,10235,-72,/dev/serial/by-path/pci-0000:05:00.3-usb-0:2.1.2:1.0-port0
1790755285.4754,A,180,10240,-75,/dev/serial/by-path/pci-0000:05:00.3-usb-0:2.1.1:1.0-port0
1790755285.4846,C,175,10243,-71,/dev/serial/by-path/pci-0000:05:00.3-usb-0:2.1.3:1.0-port0
1790755285.5155,A,181,10280,-73,/dev/serial/by-path/pci-0000:05:00.3-usb-0:2.1.1:1.0-port0
1790755285.5159,C,176,10274,-68,/dev/serial/by-path/pci-0000:05:00.3-usb-0:2.1.3:1.0-port0
1790755285.5667,A,182,10331,-73,/dev/serial/by-path/pci-0000:05:00.3-usb-0:2.1.1:1.0-port0
1790755285.5685,C,177,10328,-67,/dev/serial/by-path/pci-0000:05:00.3-usb-0:2.1.3:1.0-port0
1790755285.5689,B,169,10328,-70,/dev/serial/by-path/pci-0000:05:00.3-usb-0:2.1.2:1.0-port0
1790755285.6082,C,178,10367,-67,/dev/serial/by-path/pci-0000:05:00.3-usb-0:2.1.3:1.0-port0
1790755285.6086,A,183,10373,-73,/dev/serial/by-path/pci-0000:05:00.3-usb-0:2.1.1:1.0-port0
1790755285.6125,B,170,10372,-68,/dev/serial/by-path/pci-0000:05:00.3-usb-0:2.1.2:1.0-port0
1790755285.6510,A,184,10415,-71,/dev/serial/by-path/pci-0000:05:00.3-usb-0:2.1.1:1.0-port0
1790755285.6511,B,171,10410,-68,/dev/serial/by-path/pci-0000:05:00.3-usb-0:2.1.2:1.0-port0
1790755285.6695,C,179,10429,-66,/dev/serial/by-path/pci-0000:05:00.3-usb-0:2.1.3:1.0-port0
1790755285.6950,B,172,10454,-67,/dev/serial/by-path/pci-0000:05:00.3-usb-0:2.1.2:1.0-port0
1790755285.6954,A,185,10459,-71,/dev/serial/by-path/pci-0000:05:00.3-usb-0:2.1.1:1.0-port0
1790755285.7148,C,180,10474,-65,/dev/serial/by-path/pci-0000:05:00.3-usb-0:2.1.3:1.0-port0
1790755285.7383,B,173,10497,-68,/dev/serial/by-path/pci-0000:05:00.3-usb-0:2.1.2:1.0-port0
1790755285.7493,C,181,10508,-65,/dev/serial/by-path/pci-0000:05:00.3-usb-0:2.1.3:1.0-port0
1790755285.7666,A,186,10531,-70,/dev/serial/by-path/pci-0000:05:00.3-usb-0:2.1.1:1.0-port0
1790755285.7775,A,187,10542,-73,/dev/serial/by-path/pci-0000:05:00.3-usb-0:2.1.1:1.0-port0
1790755285.8208,C,182,10580,-65,/dev/serial/by-path/pci-0000:05:00.3-usb-0:2.1.3:1.0-port0
1790755285.8463,B,174,10605,-65,/dev/serial/by-path/pci-0000:05:00.3-usb-0:2.1.2:1.0-port0
1790755285.8465,A,188,10611,-71,/dev/serial/by-path/pci-0000:05:00.3-usb-0:2.1.1:1.0-port0
1790755285.8670,A,189,10631,-71,/dev/serial/by-path/pci-0000:05:00.3-usb-0:2.1.1:1.0-port0
1790755285.9087,C,183,10668,-65,/dev/serial/by-path/pci-0000:05:00.3-usb-0:2.1.3:1.0-port0
1790755285.9127,B,175,10672,-69,/dev/serial/by-path/pci-0000:05:00.3-usb-0:2.1.2:1.0-port0
1790755285.9166,A,190,10681,-70,/dev/serial/by-path/pci-0000:05:00.3-usb-0:2.1.1:1.0-port0
1790755285.9499,C,184,10709,-65,/dev/serial/by-path/pci-0000:05:00.3-usb-0:2.1.3:1.0-port0
1790755285.9542,B,176,10713,-67,/dev/serial/by-path/pci-0000:05:00.3-usb-0:2.1.2:1.0-port0
1790755285.9675,A,191,10732,-70,/dev/serial/by-path/pci-0000:05:00.3-usb-0:2.1.1:1.0-port0
1790755285.9971,A,192,10762,-74,/dev/serial/by-path/pci-0000:05:00.3-usb-0:2.1.1:1.0-port0
1790755286.0478,C,185,10807,-64,/dev/serial/by-path/pci-0000:05:00.3-usb-0:2.1.3:1.0-port0
1790755286.0481,A,193,10812,-72,/dev/serial/by-path/pci-0000:05:00.3-usb-0:2.1.1:1.0-port0
1790755286.0485,B,177,10807,-68,/dev/serial/by-path/pci-0000:05:00.3-usb-0:2.1.2:1.0-port0
1790755286.0916,B,178,10851,-73,/dev/serial/by-path/pci-0000:05:00.3-usb-0:2.1.2:1.0-port0
1790755286.0918,A,194,10856,-78,/dev/serial/by-path/pci-0000:05:00.3-usb-0:2.1.1:1.0-port0
1790755286.1272,C,186,10886,-70,/dev/serial/by-path/pci-0000:05:00.3-usb-0:2.1.3:1.0-port0
1790755286.1332,B,179,10892,-70,/dev/serial/by-path/pci-0000:05:00.3-usb-0:2.1.2:1.0-port0
1790755286.1336,A,195,10898,-77,/dev/serial/by-path/pci-0000:05:00.3-usb-0:2.1.1:1.0-port0
1790755286.1337,C,187,10893,-66,/dev/serial/by-path/pci-0000:05:00.3-usb-0:2.1.3:1.0-port0
1790755286.1729,C,188,10932,-64,/dev/serial/by-path/pci-0000:05:00.3-usb-0:2.1.3:1.0-port0
1790755286.1886,A,196,10953,-80,/dev/serial/by-path/pci-0000:05:00.3-usb-0:2.1.1:1.0-port0
1790755286.1889,B,180,10948,-68,/dev/serial/by-path/pci-0000:05:00.3-usb-0:2.1.2:1.0-port0
1790755286.2164,C,189,10975,-67,/dev/serial/by-path/pci-0000:05:00.3-usb-0:2.1.3:1.0-port0
1790755286.2165,A,197,10980,-83,/dev/serial/by-path/pci-0000:05:00.3-usb-0:2.1.1:1.0-port0
1790755286.2632,B,181,11022,-87,/dev/serial/by-path/pci-0000:05:00.3-usb-0:2.1.2:1.0-port0
1790755286.2664,C,190,11025,-70,/dev/serial/by-path/pci-0000:05:00.3-usb-0:2.1.3:1.0-port0
1790755286.2667,A,198,11031,-84,/dev/serial/by-path/pci-0000:05:00.3-usb-0:2.1.1:1.0-port0
1790755286.3035,A,199,11068,-72,/dev/serial/by-path/pci-0000:05:00.3-usb-0:2.1.1:1.0-port0
1790755286.3515,C,191,11110,-63,/dev/serial/by-path/pci-0000:05:00.3-usb-0:2.1.3:1.0-port0
1790755286.3518,B,182,11110,-78,/dev/serial/by-path/pci-0000:05:00.3-usb-0:2.1.2:1.0-port0
1790755286.3671,A,200,11131,-74,/dev/serial/by-path/pci-0000:05:00.3-usb-0:2.1.1:1.0-port0
1790755286.4002,A,201,11164,-72,/dev/serial/by-path/pci-0000:05:00.3-usb-0:2.1.1:1.0-port0
1790755286.4005,B,183,11159,-76,/dev/serial/by-path/pci-0000:05:00.3-usb-0:2.1.2:1.0-port0
1790755286.4007,C,192,11159,-67,/dev/serial/by-path/pci-0000:05:00.3-usb-0:2.1.3:1.0-port0
1790755286.4460,A,202,11210,-71,/dev/serial/by-path/pci-0000:05:00.3-usb-0:2.1.1:1.0-port0
1790755286.4466,C,193,11205,-66,/dev/serial/by-path/pci-0000:05:00.3-usb-0:2.1.3:1.0-port0
1790755286.4466,B,184,11205,-72,/dev/serial/by-path/pci-0000:05:00.3-usb-0:2.1.2:1.0-port0
1790755286.4834,C,194,11242,-66,/dev/serial/by-path/pci-0000:05:00.3-usb-0:2.1.3:1.0-port0
1790755286.4838,B,185,11243,-78,/dev/serial/by-path/pci-0000:05:00.3-usb-0:2.1.2:1.0-port0
1790755286.4855,A,203,11249,-73,/dev/serial/by-path/pci-0000:05:00.3-usb-0:2.1.1:1.0-port0
1790755286.5322,C,195,11291,-69,/dev/serial/by-path/pci-0000:05:00.3-usb-0:2.1.3:1.0-port0
1790755286.5326,A,204,11297,-72,/dev/serial/by-path/pci-0000:05:00.3-usb-0:2.1.1:1.0-port0
1790755286.5327,B,186,11292,-73,/dev/serial/by-path/pci-0000:05:00.3-usb-0:2.1.2:1.0-port0
1790755286.5656,C,196,11325,-68,/dev/serial/by-path/pci-0000:05:00.3-usb-0:2.1.3:1.0-port0
1790755286.5670,A,205,11331,-73,/dev/serial/by-path/pci-0000:05:00.3-usb-0:2.1.1:1.0-port0
1790755286.5832,B,187,11342,-70,/dev/serial/by-path/pci-0000:05:00.3-usb-0:2.1.2:1.0-port0
1790755286.6099,B,188,11369,-69,/dev/serial/by-path/pci-0000:05:00.3-usb-0:2.1.2:1.0-port0
1790755286.6104,C,197,11369,-67,/dev/serial/by-path/pci-0000:05:00.3-usb-0:2.1.3:1.0-port0
1790755286.6107,A,206,11375,-71,/dev/serial/by-path/pci-0000:05:00.3-usb-0:2.1.1:1.0-port0
1790755286.6590,B,189,11418,-78,/dev/serial/by-path/pci-0000:05:00.3-usb-0:2.1.2:1.0-port0
1790755286.6669,A,207,11431,-76,/dev/serial/by-path/pci-0000:05:00.3-usb-0:2.1.1:1.0-port0
1790755286.6769,C,198,11436,-69,/dev/serial/by-path/pci-0000:05:00.3-usb-0:2.1.3:1.0-port0
1790755286.7017,A,208,11466,-71,/dev/serial/by-path/pci-0000:05:00.3-usb-0:2.1.1:1.0-port0
1790755286.7018,B,190,11460,-71,/dev/serial/by-path/pci-0000:05:00.3-usb-0:2.1.2:1.0-port0
1790755286.7074,C,199,11466,-71,/dev/serial/by-path/pci-0000:05:00.3-usb-0:2.1.3:1.0-port0
1790755286.7495,C,200,11508,-67,/dev/serial/by-path/pci-0000:05:00.3-usb-0:2.1.3:1.0-port0
1790755286.7500,B,191,11509,-70,/dev/serial/by-path/pci-0000:05:00.3-usb-0:2.1.2:1.0-port0
1790755286.7502,A,209,11514,-69,/dev/serial/by-path/pci-0000:05:00.3-usb-0:2.1.1:1.0-port0
1790755286.7995,B,192,11559,-71,/dev/serial/by-path/pci-0000:05:00.3-usb-0:2.1.2:1.0-port0
1790755286.8161,C,201,11575,-64,/dev/serial/by-path/pci-0000:05:00.3-usb-0:2.1.3:1.0-port0
1790755286.8171,A,210,11582,-75,/dev/serial/by-path/pci-0000:05:00.3-usb-0:2.1.1:1.0-port0
1790755286.8457,B,193,11605,-79,/dev/serial/by-path/pci-0000:05:00.3-usb-0:2.1.2:1.0-port0
1790755286.8530,A,211,11617,-73,/dev/serial/by-path/pci-0000:05:00.3-usb-0:2.1.1:1.0-port0
1790755286.8531,C,202,11612,-66,/dev/serial/by-path/pci-0000:05:00.3-usb-0:2.1.3:1.0-port0
1790755286.8886,B,194,11648,-74,/dev/serial/by-path/pci-0000:05:00.3-usb-0:2.1.2:1.0-port0
1790755286.9157,C,203,11675,-100,/dev/serial/by-path/pci-0000:05:00.3-usb-0:2.1.3:1.0-port0
1790755286.9161,A,212,11680,-75,/dev/serial/by-path/pci-0000:05:00.3-usb-0:2.1.1:1.0-port0
1790755286.9393,A,213,11703,-73,/dev/serial/by-path/pci-0000:05:00.3-usb-0:2.1.1:1.0-port0
1790755286.9396,B,195,11698,-66,/dev/serial/by-path/pci-0000:05:00.3-usb-0:2.1.2:1.0-port0
1790755286.9400,C,204,11699,-68,/dev/serial/by-path/pci-0000:05:00.3-usb-0:2.1.3:1.0-port0
1790755286.9816,C,205,11740,-65,/dev/serial/by-path/pci-0000:05:00.3-usb-0:2.1.3:1.0-port0
1790755287.0034,B,196,11762,-68,/dev/serial/by-path/pci-0000:05:00.3-usb-0:2.1.2:1.0-port0
1790755287.0057,A,214,11770,-68,/dev/serial/by-path/pci-0000:05:00.3-usb-0:2.1.1:1.0-port0
1790755287.0233,C,206,11782,-64,/dev/serial/by-path/pci-0000:05:00.3-usb-0:2.1.3:1.0-port0
1790755287.0238,B,197,11783,-66,/dev/serial/by-path/pci-0000:05:00.3-usb-0:2.1.2:1.0-port0
1790755287.0241,A,215,11789,-67,/dev/serial/by-path/pci-0000:05:00.3-usb-0:2.1.1:1.0-port0
1790755287.0742,C,207,11833,-66,/dev/serial/by-path/pci-0000:05:00.3-usb-0:2.1.3:1.0-port0
1790755287.0748,B,198,11834,-68,/dev/serial/by-path/pci-0000:05:00.3-usb-0:2.1.2:1.0-port0
1790755287.0782,A,216,11843,-70,/dev/serial/by-path/pci-0000:05:00.3-usb-0:2.1.1:1.0-port0
1790755287.1312,B,199,11890,-68,/dev/serial/by-path/pci-0000:05:00.3-usb-0:2.1.2:1.0-port0
1790755287.1329,C,208,11892,-68,/dev/serial/by-path/pci-0000:05:00.3-usb-0:2.1.3:1.0-port0
1790755287.1629,C,209,11922,-68,/dev/serial/by-path/pci-0000:05:00.3-usb-0:2.1.3:1.0-port0
1790755287.1668,A,217,11931,-73,/dev/serial/by-path/pci-0000:05:00.3-usb-0:2.1.1:1.0-port0
1790755287.2118,A,218,11976,-74,/dev/serial/by-path/pci-0000:05:00.3-usb-0:2.1.1:1.0-port0
1790755287.2121,B,200,11972,-70,/dev/serial/by-path/pci-0000:05:00.3-usb-0:2.1.2:1.0-port0
1790755287.2173,C,210,11976,-66,/dev/serial/by-path/pci-0000:05:00.3-usb-0:2.1.3:1.0-port0
1790755287.3134,C,211,12072,-64,/dev/serial/by-path/pci-0000:05:00.3-usb-0:2.1.3:1.0-port0
1790755287.3138,B,201,12072,-67,/dev/serial/by-path/pci-0000:05:00.3-usb-0:2.1.2:1.0-port0
1790755287.3142,A,219,12078,-70,/dev/serial/by-path/pci-0000:05:00.3-usb-0:2.1.1:1.0-port0
1790755287.3506,C,212,12109,-64,/dev/serial/by-path/pci-0000:05:00.3-usb-0:2.1.3:1.0-port0
1790755287.3632,B,202,12122,-67,/dev/serial/by-path/pci-0000:05:00.3-usb-0:2.1.2:1.0-port0
1790755287.3666,A,220,12131,-75,/dev/serial/by-path/pci-0000:05:00.3-usb-0:2.1.1:1.0-port0
1790755287.3955,C,213,12154,-66,/dev/serial/by-path/pci-0000:05:00.3-usb-0:2.1.3:1.0-port0
1790755287.3957,A,221,12160,-73,/dev/serial/by-path/pci-0000:05:00.3-usb-0:2.1.1:1.0-port0
1790755287.4131,B,203,12172,-69,/dev/serial/by-path/pci-0000:05:00.3-usb-0:2.1.2:1.0-port0
1790755287.4446,C,214,12203,-66,/dev/serial/by-path/pci-0000:05:00.3-usb-0:2.1.3:1.0-port0
1790755287.4462,B,204,12205,-66,/dev/serial/by-path/pci-0000:05:00.3-usb-0:2.1.2:1.0-port0
1790755287.4464,A,222,12210,-73,/dev/serial/by-path/pci-0000:05:00.3-usb-0:2.1.1:1.0-port0
1790755287.4911,B,205,12250,-63,/dev/serial/by-path/pci-0000:05:00.3-usb-0:2.1.2:1.0-port0
1790755287.5360,B,206,12295,-67,/dev/serial/by-path/pci-0000:05:00.3-usb-0:2.1.2:1.0-port0
1790755287.5559,A,223,12320,-71,/dev/serial/by-path/pci-0000:05:00.3-usb-0:2.1.1:1.0-port0
1790755287.5836,B,207,12343,-67,/dev/serial/by-path/pci-0000:05:00.3-usb-0:2.1.2:1.0-port0
1790755287.5838,A,224,12348,-71,/dev/serial/by-path/pci-0000:05:00.3-usb-0:2.1.1:1.0-port0
1790755287.6318,C,215,12391,-63,/dev/serial/by-path/pci-0000:05:00.3-usb-0:2.1.3:1.0-port0
1790755287.6322,B,208,12391,-69,/dev/serial/by-path/pci-0000:05:00.3-usb-0:2.1.2:1.0-port0
1790755287.6324,A,225,12396,-75,/dev/serial/by-path/pci-0000:05:00.3-usb-0:2.1.1:1.0-port0
1790755287.6840,C,216,12443,-66,/dev/serial/by-path/pci-0000:05:00.3-usb-0:2.1.3:1.0-port0
1790755287.6882,B,209,12447,-68,/dev/serial/by-path/pci-0000:05:00.3-usb-0:2.1.2:1.0-port0
1790755287.6886,A,226,12453,-75,/dev/serial/by-path/pci-0000:05:00.3-usb-0:2.1.1:1.0-port0
1790755287.7268,C,217,12486,-67,/dev/serial/by-path/pci-0000:05:00.3-usb-0:2.1.3:1.0-port0
1790755287.7628,B,210,12522,-71,/dev/serial/by-path/pci-0000:05:00.3-usb-0:2.1.2:1.0-port0
1790755287.7667,A,227,12531,-77,/dev/serial/by-path/pci-0000:05:00.3-usb-0:2.1.1:1.0-port0
1790755287.7692,C,218,12528,-66,/dev/serial/by-path/pci-0000:05:00.3-usb-0:2.1.3:1.0-port0
1790755287.8170,C,219,12577,-65,/dev/serial/by-path/pci-0000:05:00.3-usb-0:2.1.3:1.0-port0
1790755287.8325,B,211,12592,-69,/dev/serial/by-path/pci-0000:05:00.3-usb-0:2.1.2:1.0-port0
1790755287.9074,B,212,12666,-79,/dev/serial/by-path/pci-0000:05:00.3-usb-0:2.1.2:1.0-port0
1790755287.9106,C,220,12669,-69,/dev/serial/by-path/pci-0000:05:00.3-usb-0:2.1.3:1.0-port0
1790755287.9107,A,228,12675,-74,/dev/serial/by-path/pci-0000:05:00.3-usb-0:2.1.1:1.0-port0
1790755287.9507,C,221,12709,-63,/dev/serial/by-path/pci-0000:05:00.3-usb-0:2.1.3:1.0-port0
1790755287.9512,A,229,12715,-70,/dev/serial/by-path/pci-0000:05:00.3-usb-0:2.1.1:1.0-port0
1790755287.9516,B,213,12710,-71,/dev/serial/by-path/pci-0000:05:00.3-usb-0:2.1.2:1.0-port0
1790755287.9947,B,214,12754,-73,/dev/serial/by-path/pci-0000:05:00.3-usb-0:2.1.2:1.0-port0
1790755287.9949,A,230,12759,-75,/dev/serial/by-path/pci-0000:05:00.3-usb-0:2.1.1:1.0-port0
1790755288.0185,C,222,12777,-62,/dev/serial/by-path/pci-0000:05:00.3-usb-0:2.1.3:1.0-port0
1790755288.0383,B,215,12798,-73,/dev/serial/by-path/pci-0000:05:00.3-usb-0:2.1.2:1.0-port0
1790755288.0505,C,223,12809,-65,/dev/serial/by-path/pci-0000:05:00.3-usb-0:2.1.3:1.0-port0
1790755288.0509,A,231,12815,-69,/dev/serial/by-path/pci-0000:05:00.3-usb-0:2.1.1:1.0-port0
1790755288.0838,C,224,12843,-68,/dev/serial/by-path/pci-0000:05:00.3-usb-0:2.1.3:1.0-port0
1790755288.0841,A,232,12849,-69,/dev/serial/by-path/pci-0000:05:00.3-usb-0:2.1.1:1.0-port0
1790755288.0974,B,216,12857,-72,/dev/serial/by-path/pci-0000:05:00.3-usb-0:2.1.2:1.0-port0
1790755288.1317,C,225,12891,-68,/dev/serial/by-path/pci-0000:05:00.3-usb-0:2.1.3:1.0-port0
1790755288.1351,B,217,12894,-79,/dev/serial/by-path/pci-0000:05:00.3-usb-0:2.1.2:1.0-port0
1790755288.1355,A,233,12900,-76,/dev/serial/by-path/pci-0000:05:00.3-usb-0:2.1.1:1.0-port0
1790755288.1814,B,218,12940,-73,/dev/serial/by-path/pci-0000:05:00.3-usb-0:2.1.2:1.0-port0
1790755288.1815,A,234,12945,-73,/dev/serial/by-path/pci-0000:05:00.3-usb-0:2.1.1:1.0-port0
1790755288.1838,C,226,12943,-69,/dev/serial/by-path/pci-0000:05:00.3-usb-0:2.1.3:1.0-port0
1790755288.2343,C,227,12993,-68,/dev/serial/by-path/pci-0000:05:00.3-usb-0:2.1.3:1.0-port0
1790755288.2493,A,235,13013,-70,/dev/serial/by-path/pci-0000:05:00.3-usb-0:2.1.1:1.0-port0
1790755288.2798,C,228,13039,-68,/dev/serial/by-path/pci-0000:05:00.3-usb-0:2.1.3:1.0-port0
1790755288.2822,A,236,13046,-76,/dev/serial/by-path/pci-0000:05:00.3-usb-0:2.1.1:1.0-port0
1790755288.3247,C,229,13084,-67,/dev/serial/by-path/pci-0000:05:00.3-usb-0:2.1.3:1.0-port0
1790755288.3347,B,219,13094,-72,/dev/serial/by-path/pci-0000:05:00.3-usb-0:2.1.2:1.0-port0
1790755288.3352,A,237,13100,-73,/dev/serial/by-path/pci-0000:05:00.3-usb-0:2.1.1:1.0-port0
1790755288.3635,C,230,13122,-69,/dev/serial/by-path/pci-0000:05:00.3-usb-0:2.1.3:1.0-port0
1790755288.3653,A,238,13130,-73,/dev/serial/by-path/pci-0000:05:00.3-usb-0:2.1.1:1.0-port0
1790755288.4141,C,231,13173,-74,/dev/serial/by-path/pci-0000:05:00.3-usb-0:2.1.3:1.0-port0
1790755288.4167,A,239,13181,-72,/dev/serial/by-path/pci-0000:05:00.3-usb-0:2.1.1:1.0-port0
1790755288.4646,A,240,13229,-77,/dev/serial/by-path/pci-0000:05:00.3-usb-0:2.1.1:1.0-port0
1790755288.4841,C,232,13243,-73,/dev/serial/by-path/pci-0000:05:00.3-usb-0:2.1.3:1.0-port0
1790755288.5063,B,220,13265,-73,/dev/serial/by-path/pci-0000:05:00.3-usb-0:2.1.2:1.0-port0
1790755288.5168,A,241,13281,-70,/dev/serial/by-path/pci-0000:05:00.3-usb-0:2.1.1:1.0-port0
1790755288.5234,C,233,13282,-67,/dev/serial/by-path/pci-0000:05:00.3-usb-0:2.1.3:1.0-port0
1790755288.5633,B,221,13322,-72,/dev/serial/by-path/pci-0000:05:00.3-usb-0:2.1.2:1.0-port0
1790755288.5673,A,242,13331,-69,/dev/serial/by-path/pci-0000:05:00.3-usb-0:2.1.1:1.0-port0
1790755288.5763,C,234,13335,-63,/dev/serial/by-path/pci-0000:05:00.3-usb-0:2.1.3:1.0-port0
1790755288.5973,A,243,13362,-73,/dev/serial/by-path/pci-0000:05:00.3-usb-0:2.1.1:1.0-port0
1790755288.5977,C,235,13356,-65,/dev/serial/by-path/pci-0000:05:00.3-usb-0:2.1.3:1.0-port0
1790755288.5981,B,222,13356,-75,/dev/serial/by-path/pci-0000:05:00.3-usb-0:2.1.2:1.0-port0
1790755288.6424,B,223,13401,-73,/dev/serial/by-path/pci-0000:05:00.3-usb-0:2.1.2:1.0-port0
1790755288.6431,A,244,13407,-75,/dev/serial/by-path/pci-0000:05:00.3-usb-0:2.1.1:1.0-port0
1790755288.6435,C,236,13403,-67,/dev/serial/by-path/pci-0000:05:00.3-usb-0:2.1.3:1.0-port0
1790755288.6901,A,245,13454,-75,/dev/serial/by-path/pci-0000:05:00.3-usb-0:2.1.1:1.0-port0
1790755288.7322,C,237,13491,-74,/dev/serial/by-path/pci-0000:05:00.3-usb-0:2.1.3:1.0-port0
1790755288.7346,B,224,13494,-71,/dev/serial/by-path/pci-0000:05:00.3-usb-0:2.1.2:1.0-port0
1790755288.7351,A,246,13499,-82,/dev/serial/by-path/pci-0000:05:00.3-usb-0:2.1.1:1.0-port0
1790755288.7840,C,238,13543,-69,/dev/serial/by-path/pci-0000:05:00.3-usb-0:2.1.3:1.0-port0
1790755288.7983,B,225,13558,-72,/dev/serial/by-path/pci-0000:05:00.3-usb-0:2.1.2:1.0-port0
1790755288.7986,A,247,13563,-74,/dev/serial/by-path/pci-0000:05:00.3-usb-0:2.1.1:1.0-port0
1790755288.8336,C,239,13593,-67,/dev/serial/by-path/pci-0000:05:00.3-usb-0:2.1.3:1.0-port0
1790755288.8529,A,248,13617,-76,/dev/serial/by-path/pci-0000:05:00.3-usb-0:2.1.1:1.0-port0
1790755288.8624,B,226,13622,-72,/dev/serial/by-path/pci-0000:05:00.3-usb-0:2.1.2:1.0-port0
1790755288.8752,C,240,13634,-66,/dev/serial/by-path/pci-0000:05:00.3-usb-0:2.1.3:1.0-port0
1790755288.8755,B,227,13635,-68,/dev/serial/by-path/pci-0000:05:00.3-usb-0:2.1.2:1.0-port0
1790755288.8758,A,249,13640,-76,/dev/serial/by-path/pci-0000:05:00.3-usb-0:2.1.1:1.0-port0
1790755288.9232,C,241,13682,-64,/dev/serial/by-path/pci-0000:05:00.3-usb-0:2.1.3:1.0-port0
1790755288.9463,B,228,13706,-70,/dev/serial/by-path/pci-0000:05:00.3-usb-0:2.1.2:1.0-port0
1790755288.9550,A,250,13720,-73,/dev/serial/by-path/pci-0000:05:00.3-usb-0:2.1.1:1.0-port0
1790755288.9606,B,229,13720,-67,/dev/serial/by-path/pci-0000:05:00.3-usb-0:2.1.2:1.0-port0
1790755288.9663,A,251,13731,-72,/dev/serial/by-path/pci-0000:05:00.3-usb-0:2.1.1:1.0-port0
1790755288.9840,C,242,13743,-64,/dev/serial/by-path/pci-0000:05:00.3-usb-0:2.1.3:1.0-port0
1790755289.0115,C,243,13771,-61,/dev/serial/by-path/pci-0000:05:00.3-usb-0:2.1.3:1.0-port0
1790755289.0131,B,230,13772,-65,/dev/serial/by-path/pci-0000:05:00.3-usb-0:2.1.2:1.0-port0
1790755289.0600,B,231,13819,-66,/dev/serial/by-path/pci-0000:05:00.3-usb-0:2.1.2:1.0-port0
1790755289.0605,A,252,13824,-72,/dev/serial/by-path/pci-0000:05:00.3-usb-0:2.1.1:1.0-port0
1790755289.0793,C,244,13838,-65,/dev/serial/by-path/pci-0000:05:00.3-usb-0:2.1.3:1.0-port0
1790755289.1043,A,253,13869,-73,/dev/serial/by-path/pci-0000:05:00.3-usb-0:2.1.1:1.0-port0
1790755289.1046,B,232,13863,-66,/dev/serial/by-path/pci-0000:05:00.3-usb-0:2.1.2:1.0-port0
1790755289.1132,C,245,13872,-65,/dev/serial/by-path/pci-0000:05:00.3-usb-0:2.1.3:1.0-port0
1790755289.1467,B,233,13906,-65,/dev/serial/by-path/pci-0000:05:00.3-usb-0:2.1.2:1.0-port0
1790755289.1468,C,246,13905,-63,/dev/serial/by-path/pci-0000:05:00.3-usb-0:2.1.3:1.0-port0
1790755289.1472,A,254,13911,-75,/dev/serial/by-path/pci-0000:05:00.3-usb-0:2.1.1:1.0-port0
1790755289.1949,A,255,13959,-74,/dev/serial/by-path/pci-0000:05:00.3-usb-0:2.1.1:1.0-port0
1790755289.2131,B,234,13972,-71,/dev/serial/by-path/pci-0000:05:00.3-usb-0:2.1.2:1.0-port0
1790755289.2244,C,247,13983,-67,/dev/serial/by-path/pci-0000:05:00.3-usb-0:2.1.3:1.0-port0
1790755289.2322,B,235,13991,-67,/dev/serial/by-path/pci-0000:05:00.3-usb-0:2.1.2:1.0-port0
1790755289.2338,C,248,13993,-67,/dev/serial/by-path/pci-0000:05:00.3-usb-0:2.1.3:1.0-port0
1790755289.2664,A,256,14031,-74,/dev/serial/by-path/pci-0000:05:00.3-usb-0:2.1.1:1.0-port0
1790755289.2764,C,249,14035,-99,/dev/serial/by-path/pci-0000:05:00.3-usb-0:2.1.3:1.0-port0
1790755289.2772,B,236,14037,-66,/dev/serial/by-path/pci-0000:05:00.3-usb-0:2.1.2:1.0-port0
1790755289.3167,A,257,14081,-75,/dev/serial/by-path/pci-0000:05:00.3-usb-0:2.1.1:1.0-port0
1790755289.3256,B,237,14085,-67,/dev/serial/by-path/pci-0000:05:00.3-usb-0:2.1.2:1.0-port0
1790755289.3338,C,250,14093,-62,/dev/serial/by-path/pci-0000:05:00.3-usb-0:2.1.3:1.0-port0
1790755289.3665,C,251,14126,-61,/dev/serial/by-path/pci-0000:05:00.3-usb-0:2.1.3:1.0-port0
1790755289.3682,A,258,14132,-71,/dev/serial/by-path/pci-0000:05:00.3-usb-0:2.1.1:1.0-port0
1790755289.4084,A,259,14173,-75,/dev/serial/by-path/pci-0000:05:00.3-usb-0:2.1.1:1.0-port0
1790755289.4127,B,238,14172,-70,/dev/serial/by-path/pci-0000:05:00.3-usb-0:2.1.2:1.0-port0
1790755289.4153,C,252,14174,-66,/dev/serial/by-path/pci-0000:05:00.3-usb-0:2.1.3:1.0-port0
1790755289.4543,C,253,14213,-68,/dev/serial/by-path/pci-0000:05:00.3-usb-0:2.1.3:1.0-port0
1790755289.4547,B,239,14213,-73,/dev/serial/by-path/pci-0000:05:00.3-usb-0:2.1.2:1.0-port0
1790755289.4670,A,260,14231,-85,/dev/serial/by-path/pci-0000:05:00.3-usb-0:2.1.1:1.0-port0
1790755289.5017,B,240,14261,-73,/dev/serial/by-path/pci-0000:05:00.3-usb-0:2.1.2:1.0-port0
1790755289.5021,C,254,14260,-69,/dev/serial/by-path/pci-0000:05:00.3-usb-0:2.1.3:1.0-port0
1790755289.5024,A,261,14267,-79,/dev/serial/by-path/pci-0000:05:00.3-usb-0:2.1.1:1.0-port0
1790755289.5521,B,241,14311,-70,/dev/serial/by-path/pci-0000:05:00.3-usb-0:2.1.2:1.0-port0
1790755289.5525,A,262,14316,-77,/dev/serial/by-path/pci-0000:05:00.3-usb-0:2.1.1:1.0-port0
1790755289.5937,C,255,14352,-66,/dev/serial/by-path/pci-0000:05:00.3-usb-0:2.1.3:1.0-port0
1790755289.5989,B,242,14358,-77,/dev/serial/by-path/pci-0000:05:00.3-usb-0:2.1.2:1.0-port0
1790755289.5990,A,263,14363,-79,/dev/serial/by-path/pci-0000:05:00.3-usb-0:2.1.1:1.0-port0
1790755289.6838,C,256,14443,-64,/dev/serial/by-path/pci-0000:05:00.3-usb-0:2.1.3:1.0-port0
1790755289.6882,A,264,14452,-83,/dev/serial/by-path/pci-0000:05:00.3-usb-0:2.1.1:1.0-port0
1790755289.7273,C,257,14486,-66,/dev/serial/by-path/pci-0000:05:00.3-usb-0:2.1.3:1.0-port0
1790755289.7277,B,243,14487,-80,/dev/serial/by-path/pci-0000:05:00.3-usb-0:2.1.2:1.0-port0
1790755289.7415,A,265,14506,-73,/dev/serial/by-path/pci-0000:05:00.3-usb-0:2.1.1:1.0-port0
1790755289.7675,C,258,14526,-63,/dev/serial/by-path/pci-0000:05:00.3-usb-0:2.1.3:1.0-port0
1790755289.7733,B,244,14532,-79,/dev/serial/by-path/pci-0000:05:00.3-usb-0:2.1.2:1.0-port0
1790755289.8121,A,266,14576,-71,/dev/serial/by-path/pci-0000:05:00.3-usb-0:2.1.1:1.0-port0
1790755289.8124,B,245,14572,-75,/dev/serial/by-path/pci-0000:05:00.3-usb-0:2.1.2:1.0-port0
1790755289.8257,C,259,14585,-63,/dev/serial/by-path/pci-0000:05:00.3-usb-0:2.1.3:1.0-port0
1790755289.8519,C,260,14612,-67,/dev/serial/by-path/pci-0000:05:00.3-usb-0:2.1.3:1.0-port0
1790755289.8535,A,267,14618,-70,/dev/serial/by-path/pci-0000:05:00.3-usb-0:2.1.1:1.0-port0
1790755289.8621,B,246,14622,-72,/dev/serial/by-path/pci-0000:05:00.3-usb-0:2.1.2:1.0-port0
1790755289.9021,C,261,14661,-65,/dev/serial/by-path/pci-0000:05:00.3-usb-0:2.1.3:1.0-port0
1790755289.9024,A,268,14666,-69,/dev/serial/by-path/pci-0000:05:00.3-usb-0:2.1.1:1.0-port0
1790755289.9027,B,247,14661,-70,/dev/serial/by-path/pci-0000:05:00.3-usb-0:2.1.2:1.0-port0
1790755289.9531,C,262,14712,-69,/dev/serial/by-path/pci-0000:05:00.3-usb-0:2.1.3:1.0-port0
1790755289.9536,B,248,14712,-73,/dev/serial/by-path/pci-0000:05:00.3-usb-0:2.1.2:1.0-port0
1790755289.9537,A,269,14717,-73,/dev/serial/by-path/pci-0000:05:00.3-usb-0:2.1.1:1.0-port0
1790755289.9859,B,249,14745,-71,/dev/serial/by-path/pci-0000:05:00.3-usb-0:2.1.2:1.0-port0
1790755289.9862,A,270,14750,-71,/dev/serial/by-path/pci-0000:05:00.3-usb-0:2.1.1:1.0-port0
1790755290.0870,B,250,14846,-73,/dev/serial/by-path/pci-0000:05:00.3-usb-0:2.1.2:1.0-port0
1790755290.0953,C,263,14854,-68,/dev/serial/by-path/pci-0000:05:00.3-usb-0:2.1.3:1.0-port0
1790755290.0954,A,271,14860,-73,/dev/serial/by-path/pci-0000:05:00.3-usb-0:2.1.1:1.0-port0
1790755290.1549,A,272,14919,-69,/dev/serial/by-path/pci-0000:05:00.3-usb-0:2.1.1:1.0-port0
1790755290.1627,B,251,14922,-71,/dev/serial/by-path/pci-0000:05:00.3-usb-0:2.1.2:1.0-port0
1790755290.1837,A,273,14948,-68,/dev/serial/by-path/pci-0000:05:00.3-usb-0:2.1.1:1.0-port0
1790755290.1838,B,252,14943,-69,/dev/serial/by-path/pci-0000:05:00.3-usb-0:2.1.2:1.0-port0
1790755290.1842,C,264,14943,-64,/dev/serial/by-path/pci-0000:05:00.3-usb-0:2.1.3:1.0-port0
1790755290.2343,C,265,14993,-62,/dev/serial/by-path/pci-0000:05:00.3-usb-0:2.1.3:1.0-port0
1790755290.2346,B,253,14994,-73,/dev/serial/by-path/pci-0000:05:00.3-usb-0:2.1.2:1.0-port0
1790755290.2365,A,274,15001,-71,/dev/serial/by-path/pci-0000:05:00.3-usb-0:2.1.1:1.0-port0
1790755290.2737,B,254,15033,-79,/dev/serial/by-path/pci-0000:05:00.3-usb-0:2.1.2:1.0-port0
1790755290.2843,C,266,15043,-63,/dev/serial/by-path/pci-0000:05:00.3-usb-0:2.1.3:1.0-port0
1790755290.3147,A,275,15079,-72,/dev/serial/by-path/pci-0000:05:00.3-usb-0:2.1.1:1.0-port0
1790755290.3162,C,267,15075,-66,/dev/serial/by-path/pci-0000:05:00.3-usb-0:2.1.3:1.0-port0
1790755290.3166,B,255,15076,-74,/dev/serial/by-path/pci-0000:05:00.3-usb-0:2.1.2:1.0-port0
1790755290.3168,A,276,15081,-75,/dev/serial/by-path/pci-0000:05:00.3-usb-0:2.1.1:1.0-port0
1790755290.4023,A,277,15166,-76,/dev/serial/by-path/pci-0000:05:00.3-usb-0:2.1.1:1.0-port0
1790755290.4126,B,256,15172,-70,/dev/serial/by-path/pci-0000:05:00.3-usb-0:2.1.2:1.0-port0
1790755290.4339,C,268,15193,-69,/dev/serial/by-path/pci-0000:05:00.3-usb-0:2.1.3:1.0-port0
1790755290.4461,B,257,15205,-72,/dev/serial/by-path/pci-0000:05:00.3-usb-0:2.1.2:1.0-port0
1790755290.4499,C,269,15209,-67,/dev/serial/by-path/pci-0000:05:00.3-usb-0:2.1.3:1.0-port0
1790755290.4669,A,278,15231,-77,/dev/serial/by-path/pci-0000:05:00.3-usb-0:2.1.1:1.0-port0
1790755290.4914,B,258,15250,-70,/dev/serial/by-path/pci-0000:05:00.3-usb-0:2.1.2:1.0-port0
1790755290.4918,A,279,15256,-76,/dev/serial/by-path/pci-0000:05:00.3-usb-0:2.1.1:1.0-port0
1790755290.5206,C,270,15279,-64,/dev/serial/by-path/pci-0000:05:00.3-usb-0:2.1.3:1.0-port0
1790755290.5411,A,280,15305,-72,/dev/serial/by-path/pci-0000:05:00.3-usb-0:2.1.1:1.0-port0
1790755290.5413,C,271,15300,-61,/dev/serial/by-path/pci-0000:05:00.3-usb-0:2.1.3:1.0-port0
1790755290.5417,B,259,15301,-64,/dev/serial/by-path/pci-0000:05:00.3-usb-0:2.1.2:1.0-port0
1790755290.5894,B,260,15348,-66,/dev/serial/by-path/pci-0000:05:00.3-usb-0:2.1.2:1.0-port0
1790755290.5895,A,281,15354,-71,/dev/serial/by-path/pci-0000:05:00.3-usb-0:2.1.1:1.0-port0
1790755290.5913,C,272,15350,-63,/dev/serial/by-path/pci-0000:05:00.3-usb-0:2.1.3:1.0-port0
1790755290.6755,C,273,15434,-64,/dev/serial/by-path/pci-0000:05:00.3-usb-0:2.1.3:1.0-port0
1790755290.6858,A,282,15450,-73,/dev/serial/by-path/pci-0000:05:00.3-usb-0:2.1.1:1.0-port0
1790755290.6861,B,261,15445,-67,/dev/serial/by-path/pci-0000:05:00.3-usb-0:2.1.2:1.0-port0
1790755290.7218,B,262,15481,-65,/dev/serial/by-path/pci-0000:05:00.3-usb-0:2.1.2:1.0-port0
1790755290.7338,C,274,15493,-68,/dev/serial/by-path/pci-0000:05:00.3-usb-0:2.1.3:1.0-port0
1790755290.7342,A,283,15499,-82,/dev/serial/by-path/pci-0000:05:00.3-usb-0:2.1.1:1.0-port0
1790755290.7702,C,275,15529,-69,/dev/serial/by-path/pci-0000:05:00.3-usb-0:2.1.3:1.0-port0
1790755290.7778,B,263,15537,-64,/dev/serial/by-path/pci-0000:05:00.3-usb-0:2.1.2:1.0-port0
1790755290.7781,A,284,15542,-81,/dev/serial/by-path/pci-0000:05:00.3-usb-0:2.1.1:1.0-port0
1790755290.8340,C,276,15593,-68,/dev/serial/by-path/pci-0000:05:00.3-usb-0:2.1.3:1.0-port0
1790755290.8622,B,264,15622,-78,/dev/serial/by-path/pci-0000:05:00.3-usb-0:2.1.2:1.0-port0
1790755290.8835,C,277,15643,-67,/dev/serial/by-path/pci-0000:05:00.3-usb-0:2.1.3:1.0-port0
1790755290.9047,B,265,15664,-69,/dev/serial/by-path/pci-0000:05:00.3-usb-0:2.1.2:1.0-port0
1790755290.9052,A,285,15669,-88,/dev/serial/by-path/pci-0000:05:00.3-usb-0:2.1.1:1.0-port0
1790755290.9094,C,278,15668,-71,/dev/serial/by-path/pci-0000:05:00.3-usb-0:2.1.3:1.0-port0
1790755290.9454,B,266,15705,-68,/dev/serial/by-path/pci-0000:05:00.3-usb-0:2.1.2:1.0-port0
1790755290.9459,A,286,15711,-77,/dev/serial/by-path/pci-0000:05:00.3-usb-0:2.1.1:1.0-port0
1790755290.9462,C,279,15705,-68,/dev/serial/by-path/pci-0000:05:00.3-usb-0:2.1.3:1.0-port0
1790755290.9976,B,267,15757,-78,/dev/serial/by-path/pci-0000:05:00.3-usb-0:2.1.2:1.0-port0
1790755290.9981,A,287,15762,-82,/dev/serial/by-path/pci-0000:05:00.3-usb-0:2.1.1:1.0-port0
1790755290.9981,C,280,15756,-66,/dev/serial/by-path/pci-0000:05:00.3-usb-0:2.1.3:1.0-port0
1790755291.0284,B,268,15788,-69,/dev/serial/by-path/pci-0000:05:00.3-usb-0:2.1.2:1.0-port0
1790755291.0288,C,281,15788,-67,/dev/serial/by-path/pci-0000:05:00.3-usb-0:2.1.3:1.0-port0
1790755291.0401,A,288,15805,-92,/dev/serial/by-path/pci-0000:05:00.3-usb-0:2.1.1:1.0-port0
1790755291.1230,C,282,15882,-65,/dev/serial/by-path/pci-0000:05:00.3-usb-0:2.1.3:1.0-port0
1790755291.1382,B,269,15897,-69,/dev/serial/by-path/pci-0000:05:00.3-usb-0:2.1.2:1.0-port0
1790755291.1385,A,289,15902,-76,/dev/serial/by-path/pci-0000:05:00.3-usb-0:2.1.1:1.0-port0
1790755291.1697,B,270,15929,-65,/dev/serial/by-path/pci-0000:05:00.3-usb-0:2.1.2:1.0-port0
1790755291.1800,A,290,15944,-72,/dev/serial/by-path/pci-0000:05:00.3-usb-0:2.1.1:1.0-port0
1790755291.1843,C,283,15943,-64,/dev/serial/by-path/pci-0000:05:00.3-usb-0:2.1.3:1.0-port0
1790755291.2190,C,284,15978,-66,/dev/serial/by-path/pci-0000:05:00.3-usb-0:2.1.3:1.0-port0
1790755291.2509,B,271,16010,-63,/dev/serial/by-path/pci-0000:05:00.3-usb-0:2.1.2:1.0-port0
1790755291.2629,B,272,16022,-63,/dev/serial/by-path/pci-0000:05:00.3-usb-0:2.1.2:1.0-port0
1790755291.2644,A,291,16029,-69,/dev/serial/by-path/pci-0000:05:00.3-usb-0:2.1.1:1.0-port0
1790755291.3070,C,285,16066,-66,/dev/serial/by-path/pci-0000:05:00.3-usb-0:2.1.3:1.0-port0
1790755291.3132,B,273,16072,-69,/dev/serial/by-path/pci-0000:05:00.3-usb-0:2.1.2:1.0-port0
1790755291.3167,A,292,16081,-73,/dev/serial/by-path/pci-0000:05:00.3-usb-0:2.1.1:1.0-port0
1790755291.3516,B,274,16111,-69,/dev/serial/by-path/pci-0000:05:00.3-usb-0:2.1.2:1.0-port0
1790755291.3591,C,286,16118,-65,/dev/serial/by-path/pci-0000:05:00.3-usb-0:2.1.3:1.0-port0
1790755291.3662,A,293,16131,-72,/dev/serial/by-path/pci-0000:05:00.3-usb-0:2.1.1:1.0-port0
1790755291.3959,B,275,16155,-68,/dev/serial/by-path/pci-0000:05:00.3-usb-0:2.1.2:1.0-port0
1790755291.4100,A,294,16174,-71,/dev/serial/by-path/pci-0000:05:00.3-usb-0:2.1.1:1.0-port0
1790755291.4147,C,287,16174,-68,/dev/serial/by-path/pci-0000:05:00.3-usb-0:2.1.3:1.0-port0
1790755291.4464,B,276,16206,-69,/dev/serial/by-path/pci-0000:05:00.3-usb-0:2.1.2:1.0-port0
1790755291.4587,A,295,16223,-81,/dev/serial/by-path/pci-0000:05:00.3-usb-0:2.1.1:1.0-port0
1790755291.4845,B,277,16244,-71,/dev/serial/by-path/pci-0000:05:00.3-usb-0:2.1.2:1.0-port0
1790755291.5169,A,296,16281,-74,/dev/serial/by-path/pci-0000:05:00.3-usb-0:2.1.1:1.0-port0
1790755291.5339,C,288,16293,-73,/dev/serial/by-path/pci-0000:05:00.3-usb-0:2.1.3:1.0-port0
1790755291.5341,B,278,16293,-71,/dev/serial/by-path/pci-0000:05:00.3-usb-0:2.1.2:1.0-port0
1790755291.5588,A,297,16323,-71,/dev/serial/by-path/pci-0000:05:00.3-usb-0:2.1.1:1.0-port0
1790755291.5767,C,289,16336,-71,/dev/serial/by-path/pci-0000:05:00.3-usb-0:2.1.3:1.0-port0
1790755291.5786,B,279,16337,-74,/dev/serial/by-path/pci-0000:05:00.3-usb-0:2.1.2:1.0-port0
1790755291.5787,A,298,16343,-85,/dev/serial/by-path/pci-0000:05:00.3-usb-0:2.1.1:1.0-port0
1790755291.6225,C,290,16382,-79,/dev/serial/by-path/pci-0000:05:00.3-usb-0:2.1.3:1.0-port0
1790755291.6240,B,280,16383,-73,/dev/serial/by-path/pci-0000:05:00.3-usb-0:2.1.2:1.0-port0
1790755291.6246,A,299,16389,-74,/dev/serial/by-path/pci-0000:05:00.3-usb-0:2.1.1:1.0-port0
1790755291.6822,B,281,16442,-72,/dev/serial/by-path/pci-0000:05:00.3-usb-0:2.1.2:1.0-port0
1790755291.6823,C,291,16441,-73,/dev/serial/by-path/pci-0000:05:00.3-usb-0:2.1.3:1.0-port0
1790755291.6828,A,300,16447,-73,/dev/serial/by-path/pci-0000:05:00.3-usb-0:2.1.1:1.0-port0
1790755291.7275,C,292,16486,-72,/dev/serial/by-path/pci-0000:05:00.3-usb-0:2.1.3:1.0-port0
1790755291.7278,B,282,16487,-72,/dev/serial/by-path/pci-0000:05:00.3-usb-0:2.1.2:1.0-port0
1790755291.7683,C,293,16527,-76,/dev/serial/by-path/pci-0000:05:00.3-usb-0:2.1.3:1.0-port0
1790755291.7691,B,283,16528,-71,/dev/serial/by-path/pci-0000:05:00.3-usb-0:2.1.2:1.0-port0
1790755291.8566,B,284,16616,-71,/dev/serial/by-path/pci-0000:05:00.3-usb-0:2.1.2:1.0-port0
1790755291.8569,A,301,16621,-71,/dev/serial/by-path/pci-0000:05:00.3-usb-0:2.1.1:1.0-port0
1790755291.8783,C,294,16637,-68,/dev/serial/by-path/pci-0000:05:00.3-usb-0:2.1.3:1.0-port0
1790755291.8974,B,285,16657,-74,/dev/serial/by-path/pci-0000:05:00.3-usb-0:2.1.2:1.0-port0
1790755291.9171,A,302,16681,-73,/dev/serial/by-path/pci-0000:05:00.3-usb-0:2.1.1:1.0-port0
1790755291.9343,C,295,16693,-64,/dev/serial/by-path/pci-0000:05:00.3-usb-0:2.1.3:1.0-port0
1790755291.9416,A,303,16706,-76,/dev/serial/by-path/pci-0000:05:00.3-usb-0:2.1.1:1.0-port0
1790755291.9420,B,286,16701,-75,/dev/serial/by-path/pci-0000:05:00.3-usb-0:2.1.2:1.0-port0
1790755291.9517,C,296,16711,-64,/dev/serial/by-path/pci-0000:05:00.3-usb-0:2.1.3:1.0-port0
1790755291.9868,B,287,16746,-76,/dev/serial/by-path/pci-0000:05:00.3-usb-0:2.1.2:1.0-port0
1790755292.0093,A,304,16773,-81,/dev/serial/by-path/pci-0000:05:00.3-usb-0:2.1.1:1.0-port0
1790755292.0399,A,305,16804,-78,/dev/serial/by-path/pci-0000:05:00.3-usb-0:2.1.1:1.0-port0
1790755292.0400,B,288,16799,-70,/dev/serial/by-path/pci-0000:05:00.3-usb-0:2.1.2:1.0-port0
1790755292.0819,B,289,16841,-71,/dev/serial/by-path/pci-0000:05:00.3-usb-0:2.1.2:1.0-port0
1790755292.0840,C,297,16843,-71,/dev/serial/by-path/pci-0000:05:00.3-usb-0:2.1.3:1.0-port0
1790755292.1062,A,306,16870,-74,/dev/serial/by-path/pci-0000:05:00.3-usb-0:2.1.1:1.0-port0
1790755292.1291,C,298,16888,-69,/dev/serial/by-path/pci-0000:05:00.3-usb-0:2.1.3:1.0-port0
1790755292.1294,B,290,16889,-71,/dev/serial/by-path/pci-0000:05:00.3-usb-0:2.1.2:1.0-port0
1790755292.1466,A,307,16911,-76,/dev/serial/by-path/pci-0000:05:00.3-usb-0:2.1.1:1.0-port0
1790755292.1792,B,291,16938,-69,/dev/serial/by-path/pci-0000:05:00.3-usb-0:2.1.2:1.0-port0
1790755292.1806,A,308,16944,-80,/dev/serial/by-path/pci-0000:05:00.3-usb-0:2.1.1:1.0-port0
1790755292.1844,C,299,16943,-68,/dev/serial/by-path/pci-0000:05:00.3-usb-0:2.1.3:1.0-port0
1790755292.2344,C,300,16993,-68,/dev/serial/by-path/pci-0000:05:00.3-usb-0:2.1.3:1.0-port0
1790755292.2354,B,292,16995,-71,/dev/serial/by-path/pci-0000:05:00.3-usb-0:2.1.2:1.0-port0
1790755292.2356,A,309,17000,-74,/dev/serial/by-path/pci-0000:05:00.3-usb-0:2.1.1:1.0-port0
1790755292.2644,C,301,17023,-67,/dev/serial/by-path/pci-0000:05:00.3-usb-0:2.1.3:1.0-port0
1790755292.2646,A,310,17029,-73,/dev/serial/by-path/pci-0000:05:00.3-usb-0:2.1.1:1.0-port0
1790755292.3113,B,293,17070,-66,/dev/serial/by-path/pci-0000:05:00.3-usb-0:2.1.2:1.0-port0
1790755292.3338,C,302,17093,-68,/dev/serial/by-path/pci-0000:05:00.3-usb-0:2.1.3:1.0-port0
1790755292.4022,A,311,17167,-76,/dev/serial/by-path/pci-0000:05:00.3-usb-0:2.1.1:1.0-port0
1790755292.4128,C,303,17172,-68,/dev/serial/by-path/pci-0000:05:00.3-usb-0:2.1.3:1.0-port0
1790755292.4131,B,294,17172,-66,/dev/serial/by-path/pci-0000:05:00.3-usb-0:2.1.2:1.0-port0
1790755292.4476,A,312,17212,-75,/dev/serial/by-path/pci-0000:05:00.3-usb-0:2.1.1:1.0-port0
1790755292.4480,B,295,17207,-64,/dev/serial/by-path/pci-0000:05:00.3-usb-0:2.1.2:1.0-port0
1790755292.4599,C,304,17219,-67,/dev/serial/by-path/pci-0000:05:00.3-usb-0:2.1.3:1.0-port0
1790755292.4964,B,296,17255,-70,/dev/serial/by-path/pci-0000:05:00.3-usb-0:2.1.2:1.0-port0
1790755292.5387,B,297,17298,-68,/dev/serial/by-path/pci-0000:05:00.3-usb-0:2.1.2:1.0-port0
1790755292.5389,A,313,17303,-75,/dev/serial/by-path/pci-0000:05:00.3-usb-0:2.1.1:1.0-port0
1790755292.5517,C,305,17311,-67,/dev/serial/by-path/pci-0000:05:00.3-usb-0:2.1.3:1.0-port0
1790755292.5824,C,306,17341,-66,/dev/serial/by-path/pci-0000:05:00.3-usb-0:2.1.3:1.0-port0
1790755292.5900,B,298,17349,-67,/dev/serial/by-path/pci-0000:05:00.3-usb-0:2.1.2:1.0-port0
1790755292.6060,A,314,17370,-74,/dev/serial/by-path/pci-0000:05:00.3-usb-0:2.1.1:1.0-port0
1790755292.6333,C,307,17392,-62,/dev/serial/by-path/pci-0000:05:00.3-usb-0:2.1.3:1.0-port0
1790755292.6475,A,315,17411,-74,/dev/serial/by-path/pci-0000:05:00.3-usb-0:2.1.1:1.0-port0
1790755292.6479,B,299,17406,-67,/dev/serial/by-path/pci-0000:05:00.3-usb-0:2.1.2:1.0-port0
1790755292.6840,A,316,17448,-72,/dev/serial/by-path/pci-0000:05:00.3-usb-0:2.1.1:1.0-port0
1790755292.6843,C,308,17443,-63,/dev/serial/by-path/pci-0000:05:00.3-usb-0:2.1.3:1.0-port0
1790755292.6846,B,300,17444,-67,/dev/serial/by-path/pci-0000:05:00.3-usb-0:2.1.2:1.0-port0
1790755292.7292,C,309,17488,-65,/dev/serial/by-path/pci-0000:05:00.3-usb-0:2.1.3:1.0-port0
1790755292.7496,B,301,17509,-66,/dev/serial/by-path/pci-0000:05:00.3-usb-0:2.1.2:1.0-port0
1790755292.7502,A,317,17515,-72,/dev/serial/by-path/pci-0000:05:00.3-usb-0:2.1.1:1.0-port0
1790755292.7796,C,310,17538,-65,/dev/serial/by-path/pci-0000:05:00.3-usb-0:2.1.3:1.0-port0
1790755292.7801,B,302,17539,-66,/dev/serial/by-path/pci-0000:05:00.3-usb-0:2.1.2:1.0-port0
1790755292.7804,A,318,17544,-72,/dev/serial/by-path/pci-0000:05:00.3-usb-0:2.1.1:1.0-port0
1790755292.8235,C,311,17582,-66,/dev/serial/by-path/pci-0000:05:00.3-usb-0:2.1.3:1.0-port0
1790755292.8262,B,303,17585,-71,/dev/serial/by-path/pci-0000:05:00.3-usb-0:2.1.2:1.0-port0
1790755292.8293,A,319,17593,-76,/dev/serial/by-path/pci-0000:05:00.3-usb-0:2.1.1:1.0-port0
1790755292.8694,C,312,17629,-65,/dev/serial/by-path/pci-0000:05:00.3-usb-0:2.1.3:1.0-port0
1790755292.8741,B,304,17634,-68,/dev/serial/by-path/pci-0000:05:00.3-usb-0:2.1.2:1.0-port0
1790755292.8753,A,320,17640,-74,/dev/serial/by-path/pci-0000:05:00.3-usb-0:2.1.1:1.0-port0
1790755292.9098,B,305,17670,-69,/dev/serial/by-path/pci-0000:05:00.3-usb-0:2.1.2:1.0-port0
1790755292.9111,A,321,17675,-71,/dev/serial/by-path/pci-0000:05:00.3-usb-0:2.1.1:1.0-port0
1790755292.9113,C,313,17670,-62,/dev/serial/by-path/pci-0000:05:00.3-usb-0:2.1.3:1.0-port0
1790755292.9597,C,314,17719,-68,/dev/serial/by-path/pci-0000:05:00.3-usb-0:2.1.3:1.0-port0
1790755292.9615,B,306,17720,-71,/dev/serial/by-path/pci-0000:05:00.3-usb-0:2.1.2:1.0-port0
1790755292.9671,A,322,17731,-72,/dev/serial/by-path/pci-0000:05:00.3-usb-0:2.1.1:1.0-port0
1790755292.9989,C,315,17758,-69,/dev/serial/by-path/pci-0000:05:00.3-usb-0:2.1.3:1.0-port0
1790755292.9993,A,323,17764,-69,/dev/serial/by-path/pci-0000:05:00.3-usb-0:2.1.1:1.0-port0
1790755292.9993,B,307,17758,-70,/dev/serial/by-path/pci-0000:05:00.3-usb-0:2.1.2:1.0-port0
1790755293.0606,B,308,17819,-69,/dev/serial/by-path/pci-0000:05:00.3-usb-0:2.1.2:1.0-port0
1790755293.0608,C,316,17819,-73,/dev/serial/by-path/pci-0000:05:00.3-usb-0:2.1.3:1.0-port0
1790755293.0612,A,324,17825,-70,/dev/serial/by-path/pci-0000:05:00.3-usb-0:2.1.1:1.0-port0
1790755293.0844,C,317,17843,-78,/dev/serial/by-path/pci-0000:05:00.3-usb-0:2.1.3:1.0-port0
1790755293.0866,A,325,17851,-82,/dev/serial/by-path/pci-0000:05:00.3-usb-0:2.1.1:1.0-port0
1790755293.0869,B,309,17846,-72,/dev/serial/by-path/pci-0000:05:00.3-usb-0:2.1.2:1.0-port0
1790755293.1251,B,310,17884,-72,/dev/serial/by-path/pci-0000:05:00.3-usb-0:2.1.2:1.0-port0
1790755293.1344,C,318,17893,-72,/dev/serial/by-path/pci-0000:05:00.3-usb-0:2.1.3:1.0-port0
1790755293.1671,A,326,17931,-74,/dev/serial/by-path/pci-0000:05:00.3-usb-0:2.1.1:1.0-port0
1790755293.1844,C,319,17943,-71,/dev/serial/by-path/pci-0000:05:00.3-usb-0:2.1.3:1.0-port0
1790755293.2171,A,327,17981,-72,/dev/serial/by-path/pci-0000:05:00.3-usb-0:2.1.1:1.0-port0
1790755293.2226,C,320,17981,-68,/dev/serial/by-path/pci-0000:05:00.3-usb-0:2.1.3:1.0-port0
1790755293.2670,A,328,18031,-82,/dev/serial/by-path/pci-0000:05:00.3-usb-0:2.1.1:1.0-port0
1790755293.2842,C,321,18043,-68,/dev/serial/by-path/pci-0000:05:00.3-usb-0:2.1.3:1.0-port0
1790755293.3019,A,329,18066,-73,/dev/serial/by-path/pci-0000:05:00.3-usb-0:2.1.1:1.0-port0
1790755293.3021,C,322,18061,-69,/dev/serial/by-path/pci-0000:05:00.3-usb-0:2.1.3:1.0-port0
1790755293.3084,B,311,18068,-74,/dev/serial/by-path/pci-0000:05:00.3-usb-0:2.1.2:1.0-port0
1790755293.3431,B,312,18102,-73,/dev/serial/by-path/pci-0000:05:00.3-usb-0:2.1.2:1.0-port0
1790755293.3906,B,313,18150,-91,/dev/serial/by-path/pci-0000:05:00.3-usb-0:2.1.2:1.0-port0
1790755293.3909,A,330,18155,-81,/dev/serial/by-path/pci-0000:05:00.3-usb-0:2.1.1:1.0-port0
1790755293.4012,C,323,18160,-67,/dev/serial/by-path/pci-0000:05:00.3-usb-0:2.1.3:1.0-port0
1790755293.4338,B,314,18193,-74,/dev/serial/by-path/pci-0000:05:00.3-usb-0:2.1.2:1.0-port0
1790755293.4340,C,324,18193,-69,/dev/serial/by-path/pci-0000:05:00.3-usb-0:2.1.3:1.0-port0
1790755293.4638,A,331,18228,-75,/dev/serial/by-path/pci-0000:05:00.3-usb-0:2.1.1:1.0-port0
1790755293.4754,B,315,18235,-72,/dev/serial/by-path/pci-0000:05:00.3-usb-0:2.1.2:1.0-port0
1790755293.4843,C,325,18243,-73,/dev/serial/by-path/pci-0000:05:00.3-usb-0:2.1.3:1.0-port0
1790755293.5017,A,332,18266,-72,/dev/serial/by-path/pci-0000:05:00.3-usb-0:2.1.1:1.0-port0
1790755293.5244,C,326,18283,-73,/dev/serial/by-path/pci-0000:05:00.3-usb-0:2.1.3:1.0-port0
1790755293.5350,B,316,18294,-72,/dev/serial/by-path/pci-0000:05:00.3-usb-0:2.1.2:1.0-port0
1790755293.5393,A,333,18303,-79,/dev/serial/by-path/pci-0000:05:00.3-usb-0:2.1.1:1.0-port0
1790755293.5687,C,327,18327,-68,/dev/serial/by-path/pci-0000:05:00.3-usb-0:2.1.3:1.0-port0
1790755293.6061,B,317,18366,-75,/dev/serial/by-path/pci-0000:05:00.3-usb-0:2.1.2:1.0-port0
1790755293.6133,C,328,18373,-68,/dev/serial/by-path/pci-0000:05:00.3-usb-0:2.1.3:1.0-port0
1790755293.6137,A,334,18378,-71,/dev/serial/by-path/pci-0000:05:00.3-usb-0:2.1.1:1.0-port0
1790755293.6551,A,335,18419,-70,/dev/serial/by-path/pci-0000:05:00.3-usb-0:2.1.1:1.0-port0
1790755293.6627,B,318,18422,-70,/dev/serial/by-path/pci-0000:05:00.3-usb-0:2.1.2:1.0-port0
1790755293.7061,A,336,18470,-70,/dev/serial/by-path/pci-0000:05:00.3-usb-0:2.1.1:1.0-port0
1790755293.7066,B,319,18465,-72,/dev/serial/by-path/pci-0000:05:00.3-usb-0:2.1.2:1.0-port0
1790755293.7068,C,329,18465,-68,/dev/serial/by-path/pci-0000:05:00.3-usb-0:2.1.3:1.0-port0
1790755293.7484,B,320,18508,-72,/dev/serial/by-path/pci-0000:05:00.3-usb-0:2.1.2:1.0-port0
1790755293.7487,A,337,18513,-74,/dev/serial/by-path/pci-0000:05:00.3-usb-0:2.1.1:1.0-port0
1790755293.7490,C,330,18508,-68,/dev/serial/by-path/pci-0000:05:00.3-usb-0:2.1.3:1.0-port0
1790755293.8127,B,321,18572,-68,/dev/serial/by-path/pci-0000:05:00.3-usb-0:2.1.2:1.0-port0
1790755293.8163,C,331,18575,-66,/dev/serial/by-path/pci-0000:05:00.3-usb-0:2.1.3:1.0-port0
1790755293.8166,A,338,18581,-81,/dev/serial/by-path/pci-0000:05:00.3-usb-0:2.1.1:1.0-port0
1790755293.8395,B,322,18599,-67,/dev/serial/by-path/pci-0000:05:00.3-usb-0:2.1.2:1.0-port0
1790755293.8668,A,339,18631,-77,/dev/serial/by-path/pci-0000:05:00.3-usb-0:2.1.1:1.0-port0
1790755293.8816,B,323,18641,-70,/dev/serial/by-path/pci-0000:05:00.3-usb-0:2.1.2:1.0-port0
1790755293.8822,C,332,18642,-66,/dev/serial/by-path/pci-0000:05:00.3-usb-0:2.1.3:1.0-port0
1790755293.8848,C,333,18642,-68,/dev/serial/by-path/pci-0000:05:00.3-usb-0:2.1.3:1.0-port0
1790755293.8960,A,340,18660,-75,/dev/serial/by-path/pci-0000:05:00.3-usb-0:2.1.1:1.0-port0
1790755293.9236,B,324,18684,-67,/dev/serial/by-path/pci-0000:05:00.3-usb-0:2.1.2:1.0-port0
1790755293.9243,A,341,18689,-78,/dev/serial/by-path/pci-0000:05:00.3-usb-0:2.1.1:1.0-port0
1790755293.9344,C,334,18693,-71,/dev/serial/by-path/pci-0000:05:00.3-usb-0:2.1.3:1.0-port0
1790755293.9836,C,335,18743,-72,/dev/serial/by-path/pci-0000:05:00.3-usb-0:2.1.3:1.0-port0
1790755294.0095,B,325,18769,-66,/dev/serial/by-path/pci-0000:05:00.3-usb-0:2.1.2:1.0-port0
1790755294.0118,B,326,18770,-67,/dev/serial/by-path/pci-0000:05:00.3-usb-0:2.1.2:1.0-port0
1790755294.0122,C,336,18771,-76,/dev/serial/by-path/pci-0000:05:00.3-usb-0:2.1.3:1.0-port0
1790755294.0125,A,342,18777,-76,/dev/serial/by-path/pci-0000:05:00.3-usb-0:2.1.1:1.0-port0
1790755294.0542,A,343,18818,-88,/dev/serial/by-path/pci-0000:05:00.3-usb-0:2.1.1:1.0-port0
1790755294.0628,B,327,18822,-69,/dev/serial/by-path/pci-0000:05:00.3-usb-0:2.1.2:1.0-port0
1790755294.0772,C,337,18836,-74,/dev/serial/by-path/pci-0000:05:00.3-usb-0:2.1.3:1.0-port0
1790755294.0974,C,338,18856,-78,/dev/serial/by-path/pci-0000:05:00.3-usb-0:2.1.3:1.0-port0
1790755294.0978,B,328,18857,-68,/dev/serial/by-path/pci-0000:05:00.3-usb-0:2.1.2:1.0-port0
1790755294.0981,A,344,18862,-92,/dev/serial/by-path/pci-0000:05:00.3-usb-0:2.1.1:1.0-port0
1790755294.1402,B,329,18899,-72,/dev/serial/by-path/pci-0000:05:00.3-usb-0:2.1.2:1.0-port0
1790755294.1723,C,339,18931,-83,/dev/serial/by-path/pci-0000:05:00.3-usb-0:2.1.3:1.0-port0
1790755294.1806,B,330,18940,-69,/dev/serial/by-path/pci-0000:05:00.3-usb-0:2.1.2:1.0-port0
1790755294.1808,A,345,18945,-87,/dev/serial/by-path/pci-0000:05:00.3-usb-0:2.1.1:1.0-port0
1790755294.2235,B,331,18983,-68,/dev/serial/by-path/pci-0000:05:00.3-usb-0:2.1.2:1.0-port0
1790755294.2301,C,340,18989,-76,/dev/serial/by-path/pci-0000:05:00.3-usb-0:2.1.3:1.0-port0
1790755294.2309,A,346,18995,-85,/dev/serial/by-path/pci-0000:05:00.3-usb-0:2.1.1:1.0-port0
1790755294.2685,C,341,19027,-70,/dev/serial/by-path/pci-0000:05:00.3-usb-0:2.1.3:1.0-port0
1790755294.2787,B,332,19038,-71,/dev/serial/by-path/pci-0000:05:00.3-usb-0:2.1.2:1.0-port0
1790755294.3112,C,342,19070,-71,/dev/serial/by-path/pci-0000:05:00.3-usb-0:2.1.3:1.0-port0
1790755294.3126,B,333,19072,-70,/dev/serial/by-path/pci-0000:05:00.3-usb-0:2.1.2:1.0-port0
1790755294.3168,A,347,19081,-76,/dev/serial/by-path/pci-0000:05:00.3-usb-0:2.1.1:1.0-port0
1790755294.3592,C,343,19118,-69,/dev/serial/by-path/pci-0000:05:00.3-usb-0:2.1.3:1.0-port0
1790755294.3596,A,348,19124,-75,/dev/serial/by-path/pci-0000:05:00.3-usb-0:2.1.1:1.0-port0
1790755294.3631,B,334,19122,-69,/dev/serial/by-path/pci-0000:05:00.3-usb-0:2.1.2:1.0-port0
1790755294.4025,C,344,19161,-66,/dev/serial/by-path/pci-0000:05:00.3-usb-0:2.1.3:1.0-port0
1790755294.4122,A,349,19176,-75,/dev/serial/by-path/pci-0000:05:00.3-usb-0:2.1.1:1.0-port0
1790755294.4125,B,335,19171,-68,/dev/serial/by-path/pci-0000:05:00.3-usb-0:2.1.2:1.0-port0
1790755294.4500,A,350,19215,-71,/dev/serial/by-path/pci-0000:05:00.3-usb-0:2.1.1:1.0-port0
1790755294.4511,B,336,19210,-68,/dev/serial/by-path/pci-0000:05:00.3-usb-0:2.1.2:1.0-port0
1790755294.4513,C,345,19210,-63,/dev/serial/by-path/pci-0000:05:00.3-usb-0:2.1.3:1.0-port0
1790755294.4926,B,337,19252,-69,/dev/serial/by-path/pci-0000:05:00.3-usb-0:2.1.2:1.0-port0
1790755294.4928,C,346,19251,-69,/dev/serial/by-path/pci-0000:05:00.3-usb-0:2.1.3:1.0-port0
1790755294.5176,A,351,19282,-71,/dev/serial/by-path/pci-0000:05:00.3-usb-0:2.1.1:1.0-port0
1790755294.5450,B,338,19304,-69,/dev/serial/by-path/pci-0000:05:00.3-usb-0:2.1.2:1.0-port0
1790755294.5452,A,352,19310,-71,/dev/serial/by-path/pci-0000:05:00.3-usb-0:2.1.1:1.0-port0
1790755294.5455,C,347,19304,-66,/dev/serial/by-path/pci-0000:05:00.3-usb-0:2.1.3:1.0-port0
1790755294.5817,A,353,19346,-70,/dev/serial/by-path/pci-0000:05:00.3-usb-0:2.1.1:1.0-port0
1790755294.5819,B,339,19341,-78,/dev/serial/by-path/pci-0000:05:00.3-usb-0:2.1.2:1.0-port0
1790755294.5840,C,348,19343,-63,/dev/serial/by-path/pci-0000:05:00.3-usb-0:2.1.3:1.0-port0
1790755294.6283,C,349,19387,-65,/dev/serial/by-path/pci-0000:05:00.3-usb-0:2.1.3:1.0-port0
1790755294.6434,A,354,19408,-69,/dev/serial/by-path/pci-0000:05:00.3-usb-0:2.1.1:1.0-port0
1790755294.6437,B,340,19403,-72,/dev/serial/by-path/pci-0000:05:00.3-usb-0:2.1.2:1.0-port0
1790755294.6693,B,341,19428,-67,/dev/serial/by-path/pci-0000:05:00.3-usb-0:2.1.2:1.0-port0
1790755294.6840,C,350,19443,-65,/dev/serial/by-path/pci-0000:05:00.3-usb-0:2.1.3:1.0-port0
1790755294.7168,C,351,19476,-65,/dev/serial/by-path/pci-0000:05:00.3-usb-0:2.1.3:1.0-port0
1790755294.7171,A,355,19481,-68,/dev/serial/by-path/pci-0000:05:00.3-usb-0:2.1.1:1.0-port0
1790755294.7373,B,342,19497,-70,/dev/serial/by-path/pci-0000:05:00.3-usb-0:2.1.2:1.0-port0
1790755294.7627,B,343,19522,-72,/dev/serial/by-path/pci-0000:05:00.3-usb-0:2.1.2:1.0-port0
1790755294.7672,A,356,19531,-71,/dev/serial/by-path/pci-0000:05:00.3-usb-0:2.1.1:1.0-port0
1790755294.7838,C,352,19543,-67,/dev/serial/by-path/pci-0000:05:00.3-usb-0:2.1.3:1.0-port0
1790755294.8110,C,353,19570,-68,/dev/serial/by-path/pci-0000:05:00.3-usb-0:2.1.3:1.0-port0
1790755294.8128,B,344,19572,-72,/dev/serial/by-path/pci-0000:05:00.3-usb-0:2.1.2:1.0-port0
1790755294.8171,A,357,19581,-71,/dev/serial/by-path/pci-0000:05:00.3-usb-0:2.1.1:1.0-port0
1790755294.8559,C,354,19615,-65,/dev/serial/by-path/pci-0000:05:00.3-usb-0:2.1.3:1.0-port0
1790755294.8561,A,358,19620,-71,/dev/serial/by-path/pci-0000:05:00.3-usb-0:2.1.1:1.0-port0
1790755294.8568,B,345,19616,-71,/dev/serial/by-path/pci-0000:05:00.3-usb-0:2.1.2:1.0-port0
1790755294.8991,B,346,19658,-74,/dev/serial/by-path/pci-0000:05:00.3-usb-0:2.1.2:1.0-port0
1790755294.9170,A,359,19681,-71,/dev/serial/by-path/pci-0000:05:00.3-usb-0:2.1.1:1.0-port0
1790755294.9340,C,355,19693,-68,/dev/serial/by-path/pci-0000:05:00.3-usb-0:2.1.3:1.0-port0
1790755294.9580,C,356,19717,-67,/dev/serial/by-path/pci-0000:05:00.3-usb-0:2.1.3:1.0-port0
1790755294.9582,A,360,19723,-71,/dev/serial/by-path/pci-0000:05:00.3-usb-0:2.1.1:1.0-port0
1790755294.9585,B,347,19717,-70,/dev/serial/by-path/pci-0000:05:00.3-usb-0:2.1.2:1.0-port0
1790755294.9893,B,348,19749,-70,/dev/serial/by-path/pci-0000:05:00.3-usb-0:2.1.2:1.0-port0
1790755294.9896,C,357,19750,-66,/dev/serial/by-path/pci-0000:05:00.3-usb-0:2.1.3:1.0-port0
1790755294.9909,A,361,19755,-70,/dev/serial/by-path/pci-0000:05:00.3-usb-0:2.1.1:1.0-port0
1790755295.0308,C,358,19790,-67,/dev/serial/by-path/pci-0000:05:00.3-usb-0:2.1.3:1.0-port0
1790755295.0447,B,349,19804,-71,/dev/serial/by-path/pci-0000:05:00.3-usb-0:2.1.2:1.0-port0
1790755295.0453,A,362,19810,-77,/dev/serial/by-path/pci-0000:05:00.3-usb-0:2.1.1:1.0-port0
1790755295.0748,B,350,19834,-70,/dev/serial/by-path/pci-0000:05:00.3-usb-0:2.1.2:1.0-port0
1790755295.0763,C,359,19835,-73,/dev/serial/by-path/pci-0000:05:00.3-usb-0:2.1.3:1.0-port0
1790755295.1139,A,363,19878,-73,/dev/serial/by-path/pci-0000:05:00.3-usb-0:2.1.1:1.0-port0
1790755295.1205,C,360,19879,-72,/dev/serial/by-path/pci-0000:05:00.3-usb-0:2.1.3:1.0-port0
1790755295.1295,B,351,19889,-66,/dev/serial/by-path/pci-0000:05:00.3-usb-0:2.1.2:1.0-port0
1790755295.1296,A,364,19893,-69,/dev/serial/by-path/pci-0000:05:00.3-usb-0:2.1.1:1.0-port0
1790755295.1751,B,352,19934,-69,/dev/serial/by-path/pci-0000:05:00.3-usb-0:2.1.2:1.0-port0
1790755295.1755,A,365,19939,-71,/dev/serial/by-path/pci-0000:05:00.3-usb-0:2.1.1:1.0-port0
1790755295.2165,C,361,19976,-68,/dev/serial/by-path/pci-0000:05:00.3-usb-0:2.1.3:1.0-port0
1790755295.2169,A,366,19981,-68,/dev/serial/by-path/pci-0000:05:00.3-usb-0:2.1.1:1.0-port0
1790755295.2605,A,367,20025,-68,/dev/serial/by-path/pci-0000:05:00.3-usb-0:2.1.1:1.0-port0
1790755295.2607,B,353,20020,-67,/dev/serial/by-path/pci-0000:05:00.3-usb-0:2.1.2:1.0-port0
1790755295.2611,C,362,20019,-67,/dev/serial/by-path/pci-0000:05:00.3-usb-0:2.1.3:1.0-port0
1790755295.3042,A,368,20068,-66,/dev/serial/by-path/pci-0000:05:00.3-usb-0:2.1.1:1.0-port0
1790755295.3128,B,354,20072,-64,/dev/serial/by-path/pci-0000:05:00.3-usb-0:2.1.2:1.0-port0
1790755295.3215,C,363,20080,-67,/dev/serial/by-path/pci-0000:05:00.3-usb-0:2.1.3:1.0-port0
1790755295.3633,A,369,20128,-73,/dev/serial/by-path/pci-0000:05:00.3-usb-0:2.1.1:1.0-port0
1790755295.3635,C,364,20122,-66,/dev/serial/by-path/pci-0000:05:00.3-usb-0:2.1.3:1.0-port0
1790755295.3639,B,355,20122,-69,/dev/serial/by-path/pci-0000:05:00.3-usb-0:2.1.2:1.0-port0
1790755295.3917,C,365,20151,-71,/dev/serial/by-path/pci-0000:05:00.3-usb-0:2.1.3:1.0-port0
1790755295.3920,B,356,20151,-69,/dev/serial/by-path/pci-0000:05:00.3-usb-0:2.1.2:1.0-port0
1790755295.3945,A,370,20159,-74,/dev/serial/by-path/pci-0000:05:00.3-usb-0:2.1.1:1.0-port0
1790755295.4344,C,366,20193,-73,/dev/serial/by-path/pci-0000:05:00.3-usb-0:2.1.3:1.0-port0
1790755295.4442,A,371,20208,-72,/dev/serial/by-path/pci-0000:05:00.3-usb-0:2.1.1:1.0-port0
1790755295.4626,B,357,20222,-71,/dev/serial/by-path/pci-0000:05:00.3-usb-0:2.1.2:1.0-port0
1790755295.4842,C,367,20243,-74,/dev/serial/by-path/pci-0000:05:00.3-usb-0:2.1.3:1.0-port0
1790755295.4902,A,372,20255,-76,/dev/serial/by-path/pci-0000:05:00.3-usb-0:2.1.1:1.0-port0
1790755295.4904,B,358,20250,-66,/dev/serial/by-path/pci-0000:05:00.3-usb-0:2.1.2:1.0-port0
1790755295.5294,B,359,20288,-67,/dev/serial/by-path/pci-0000:05:00.3-usb-0:2.1.2:1.0-port0
1790755295.5339,A,373,20298,-77,/dev/serial/by-path/pci-0000:05:00.3-usb-0:2.1.1:1.0-port0
1790755295.5343,C,368,20293,-63,/dev/serial/by-path/pci-0000:05:00.3-usb-0:2.1.3:1.0-port0
1790755295.5774,C,369,20336,-68,/dev/serial/by-path/pci-0000:05:00.3-usb-0:2.1.3:1.0-port0
1790755295.5862,A,374,20350,-75,/dev/serial/by-path/pci-0000:05:00.3-usb-0:2.1.1:1.0-port0
1790755295.5898,B,360,20349,-63,/dev/serial/by-path/pci-0000:05:00.3-usb-0:2.1.2:1.0-port0
1790755295.6272,C,370,20386,-68,/dev/serial/by-path/pci-0000:05:00.3-usb-0:2.1.3:1.0-port0
1790755295.6338,B,361,20393,-63,/dev/serial/by-path/pci-0000:05:00.3-usb-0:2.1.2:1.0-port0
1790755295.6574,A,375,20422,-75,/dev/serial/by-path/pci-0000:05:00.3-usb-0:2.1.1:1.0-port0
1790755295.6690,C,371,20428,-63,/dev/serial/by-path/pci-0000:05:00.3-usb-0:2.1.3:1.0-port0
1790755295.6758,B,362,20435,-64,/dev/serial/by-path/pci-0000:05:00.3-usb-0:2.1.2:1.0-port0
1790755295.7115,C,372,20470,-68,/dev/serial/by-path/pci-0000:05:00.3-usb-0:2.1.3:1.0-port0
1790755295.7118,B,363,20471,-64,/dev/serial/by-path/pci-0000:05:00.3-usb-0:2.1.2:1.0-port0
1790755295.7169,A,376,20481,-76,/dev/serial/by-path/pci-0000:05:00.3-usb-0:2.1.1:1.0-port0
1790755295.7533,A,377,20517,-76,/dev/serial/by-path/pci-0000:05:00.3-usb-0:2.1.1:1.0-port0
1790755295.7537,B,364,20512,-64,/dev/serial/by-path/pci-0000:05:00.3-usb-0:2.1.2:1.0-port0
1790755295.7538,C,373,20512,-68,/dev/serial/by-path/pci-0000:05:00.3-usb-0:2.1.3:1.0-port0
1790755295.8042,A,378,20568,-78,/dev/serial/by-path/pci-0000:05:00.3-usb-0:2.1.1:1.0-port0
1790755295.8045,B,365,20563,-65,/dev/serial/by-path/pci-0000:05:00.3-usb-0:2.1.2:1.0-port0
1790755295.8049,C,374,20563,-67,/dev/serial/by-path/pci-0000:05:00.3-usb-0:2.1.3:1.0-port0
1790755295.8483,B,366,20608,-67,/dev/serial/by-path/pci-0000:05:00.3-usb-0:2.1.2:1.0-port0
1790755295.8488,C,375,20608,-73,/dev/serial/by-path/pci-0000:05:00.3-usb-0:2.1.3:1.0-port0
1790755295.8492,A,379,20614,-77,/dev/serial/by-path/pci-0000:05:00.3-usb-0:2.1.1:1.0-port0
1790755295.8929,B,367,20652,-65,/dev/serial/by-path/pci-0000:05:00.3-usb-0:2.1.2:1.0-port0
1790755295.8998,A,380,20664,-77,/dev/serial/by-path/pci-0000:05:00.3-usb-0:2.1.1:1.0-port0
1790755295.9001,C,376,20659,-74,/dev/serial/by-path/pci-0000:05:00.3-usb-0:2.1.3:1.0-port0
1790755295.9827,C,377,20742,-64,/dev/serial/by-path/pci-0000:05:00.3-usb-0:2.1.3:1.0-port0
1790755295.9947,B,368,20753,-69,/dev/serial/by-path/pci-0000:05:00.3-usb-0:2.1.2:1.0-port0
1790755296.0172,A,381,20781,-77,/dev/serial/by-path/pci-0000:05:00.3-usb-0:2.1.1:1.0-port0
1790755296.0211,C,378,20781,-72,/dev/serial/by-path/pci-0000:05:00.3-usb-0:2.1.3:1.0-port0
1790755296.0227,B,369,20782,-68,/dev/serial/by-path/pci-0000:05:00.3-usb-0:2.1.2:1.0-port0
1790755296.0233,A,382,20788,-74,/dev/serial/by-path/pci-0000:05:00.3-usb-0:2.1.1:1.0-port0
1790755296.0831,B,370,20842,-63,/dev/serial/by-path/pci-0000:05:00.3-usb-0:2.1.2:1.0-port0
1790755296.0836,A,383,20847,-70,/dev/serial/by-path/pci-0000:05:00.3-usb-0:2.1.1:1.0-port0
1790755296.0837,C,379,20843,-66,/dev/serial/by-path/pci-0000:05:00.3-usb-0:2.1.3:1.0-port0
1790755296.1123,B,371,20871,-65,/dev/serial/by-path/pci-0000:05:00.3-usb-0:2.1.2:1.0-port0
1790755296.1130,C,380,20871,-61,/dev/serial/by-path/pci-0000:05:00.3-usb-0:2.1.3:1.0-port0
1790755296.1130,A,384,20876,-71,/dev/serial/by-path/pci-0000:05:00.3-usb-0:2.1.1:1.0-port0
1790755296.1537,B,372,20913,-69,/dev/serial/by-path/pci-0000:05:00.3-usb-0:2.1.2:1.0-port0
1790755296.1580,C,381,20917,-67,/dev/serial/by-path/pci-0000:05:00.3-usb-0:2.1.3:1.0-port0
1790755296.1628,A,385,20927,-70,/dev/serial/by-path/pci-0000:05:00.3-usb-0:2.1.1:1.0-port0
1790755296.2400,B,373,20999,-68,/dev/serial/by-path/pci-0000:05:00.3-usb-0:2.1.2:1.0-port0
1790755296.2402,A,386,21004,-70,/dev/serial/by-path/pci-0000:05:00.3-usb-0:2.1.1:1.0-port0
1790755296.2837,C,382,21043,-63,/dev/serial/by-path/pci-0000:05:00.3-usb-0:2.1.3:1.0-port0
1790755296.3047,B,374,21064,-67,/dev/serial/by-path/pci-0000:05:00.3-usb-0:2.1.2:1.0-port0
1790755296.3050,A,387,21069,-68,/dev/serial/by-path/pci-0000:05:00.3-usb-0:2.1.1:1.0-port0
1790755296.3364,B,375,21095,-65,/dev/serial/by-path/pci-0000:05:00.3-usb-0:2.1.2:1.0-port0
1790755296.3371,A,388,21101,-66,/dev/serial/by-path/pci-0000:05:00.3-usb-0:2.1.1:1.0-port0
1790755296.3870,B,376,21146,-75,/dev/serial/by-path/pci-0000:05:00.3-usb-0:2.1.2:1.0-port0
1790755296.4171,A,389,21181,-68,/dev/serial/by-path/pci-0000:05:00.3-usb-0:2.1.1:1.0-port0
1790755296.4337,B,377,21193,-68,/dev/serial/by-path/pci-0000:05:00.3-usb-0:2.1.2:1.0-port0
1790755296.4385,A,390,21202,-68,/dev/serial/by-path/pci-0000:05:00.3-usb-0:2.1.1:1.0-port0
1790755296.4802,C,383,21239,-68,/dev/serial/by-path/pci-0000:05:00.3-usb-0:2.1.3:1.0-port0
1790755296.4855,A,391,21249,-66,/dev/serial/by-path/pci-0000:05:00.3-usb-0:2.1.1:1.0-port0
1790755296.5304,C,384,21289,-63,/dev/serial/by-path/pci-0000:05:00.3-usb-0:2.1.3:1.0-port0
1790755296.5331,A,392,21298,-68,/dev/serial/by-path/pci-0000:05:00.3-usb-0:2.1.1:1.0-port0
1790755296.5336,B,378,21293,-73,/dev/serial/by-path/pci-0000:05:00.3-usb-0:2.1.2:1.0-port0
1790755296.5722,C,385,21331,-61,/dev/serial/by-path/pci-0000:05:00.3-usb-0:2.1.3:1.0-port0
1790755296.5723,B,379,21331,-70,/dev/serial/by-path/pci-0000:05:00.3-usb-0:2.1.2:1.0-port0
1790755296.5777,A,393,21342,-69,/dev/serial/by-path/pci-0000:05:00.3-usb-0:2.1.1:1.0-port0
1790755296.6166,A,394,21381,-69,/dev/serial/by-path/pci-0000:05:00.3-usb-0:2.1.1:1.0-port0
1790755296.6233,C,386,21382,-67,/dev/serial/by-path/pci-0000:05:00.3-usb-0:2.1.3:1.0-port0
1790755296.6670,A,395,21431,-68,/dev/serial/by-path/pci-0000:05:00.3-usb-0:2.1.1:1.0-port0
1790755296.6844,C,387,21443,-62,/dev/serial/by-path/pci-0000:05:00.3-usb-0:2.1.3:1.0-port0
1790755296.6851,B,380,21445,-72,/dev/serial/by-path/pci-0000:05:00.3-usb-0:2.1.2:1.0-port0
1790755296.7126,B,381,21472,-71,/dev/serial/by-path/pci-0000:05:00.3-usb-0:2.1.2:1.0-port0
1790755296.7172,A,396,21481,-73,/dev/serial/by-path/pci-0000:05:00.3-usb-0:2.1.1:1.0-port0
1790755296.7342,C,388,21493,-59,/dev/serial/by-path/pci-0000:05:00.3-usb-0:2.1.3:1.0-port0
1790755296.7544,B,382,21514,-71,/dev/serial/by-path/pci-0000:05:00.3-usb-0:2.1.2:1.0-port0
1790755296.7547,C,389,21513,-64,/dev/serial/by-path/pci-0000:05:00.3-usb-0:2.1.3:1.0-port0
1790755296.7606,A,397,21525,-74,/dev/serial/by-path/pci-0000:05:00.3-usb-0:2.1.1:1.0-port0
1790755296.8132,C,390,21572,-62,/dev/serial/by-path/pci-0000:05:00.3-usb-0:2.1.3:1.0-port0
1790755296.8170,A,398,21581,-75,/dev/serial/by-path/pci-0000:05:00.3-usb-0:2.1.1:1.0-port0
1790755296.8505,C,391,21610,-63,/dev/serial/by-path/pci-0000:05:00.3-usb-0:2.1.3:1.0-port0
1790755296.8509,A,399,21615,-76,/dev/serial/by-path/pci-0000:05:00.3-usb-0:2.1.1:1.0-port0
1790755296.8512,B,383,21610,-71,/dev/serial/by-path/pci-0000:05:00.3-usb-0:2.1.2:1.0-port0
1790755296.9068,B,384,21666,-67,/dev/serial/by-path/pci-0000:05:00.3-usb-0:2.1.2:1.0-port0
1790755296.9071,C,392,21666,-68,/dev/serial/by-path/pci-0000:05:00.3-usb-0:2.1.3:1.0-port0
1790755296.9072,A,400,21671,-82,/dev/serial/by-path/pci-0000:05:00.3-usb-0:2.1.1:1.0-port0
1790755296.9731,C,393,21732,-66,/dev/serial/by-path/pci-0000:05:00.3-usb-0:2.1.3:1.0-port0
1790755296.9858,A,401,21750,-82,/dev/serial/by-path/pci-0000:05:00.3-usb-0:2.1.1:1.0-port0
1790755296.9860,B,385,21745,-64,/dev/serial/by-path/pci-0000:05:00.3-usb-0:2.1.2:1.0-port0
1790755297.0322,B,386,21792,-69,/dev/serial/by-path/pci-0000:05:00.3-usb-0:2.1.2:1.0-port0
1790755297.0380,A,402,21802,-88,/dev/serial/by-path/pci-0000:05:00.3-usb-0:2.1.1:1.0-port0
1790755297.0803,C,394,21839,-69,/dev/serial/by-path/pci-0000:05:00.3-usb-0:2.1.3:1.0-port0
1790755297.0807,B,387,21840,-69,/dev/serial/by-path/pci-0000:05:00.3-usb-0:2.1.2:1.0-port0
1790755297.0812,A,403,21846,-82,/dev/serial/by-path/pci-0000:05:00.3-usb-0:2.1.1:1.0-port0
1790755297.1338,C,395,21893,-69,/dev/serial/by-path/pci-0000:05:00.3-usb-0:2.1.3:1.0-port0
1790755297.1513,B,388,21910,-72,/dev/serial/by-path/pci-0000:05:00.3-usb-0:2.1.2:1.0-port0
1790755297.1517,A,404,21915,-86,/dev/serial/by-path/pci-0000:05:00.3-usb-0:2.1.1:1.0-port0
1790755297.1642,C,396,21923,-63,/dev/serial/by-path/pci-0000:05:00.3-usb-0:2.1.3:1.0-port0
1790755297.1672,A,405,21931,-79,/dev/serial/by-path/pci-0000:05:00.3-usb-0:2.1.1:1.0-port0
1790755297.2025,A,406,21966,-81,/dev/serial/by-path/pci-0000:05:00.3-usb-0:2.1.1:1.0-port0
1790755297.2051,B,389,21964,-70,/dev/serial/by-path/pci-0000:05:00.3-usb-0:2.1.2:1.0-port0
1790755297.2074,C,397,21966,-70,/dev/serial/by-path/pci-0000:05:00.3-usb-0:2.1.3:1.0-port0
1790755297.2546,B,390,22014,-64,/dev/serial/by-path/pci-0000:05:00.3-usb-0:2.1.2:1.0-port0
1790755297.2547,C,398,22013,-74,/dev/serial/by-path/pci-0000:05:00.3-usb-0:2.1.3:1.0-port0
1790755297.2552,A,407,22020,-88,/dev/serial/by-path/pci-0000:05:00.3-usb-0:2.1.1:1.0-port0
1790755297.3308,C,399,22090,-65,/dev/serial/by-path/pci-0000:05:00.3-usb-0:2.1.3:1.0-port0
1790755297.3597,B,391,22119,-70,/dev/serial/by-path/pci-0000:05:00.3-usb-0:2.1.2:1.0-port0
1790755297.3669,A,408,22131,-82,/dev/serial/by-path/pci-0000:05:00.3-usb-0:2.1.1:1.0-port0
1790755297.3762,C,400,22135,-70,/dev/serial/by-path/pci-0000:05:00.3-usb-0:2.1.3:1.0-port0
1790755297.3833,B,392,22143,-65,/dev/serial/by-path/pci-0000:05:00.3-usb-0:2.1.2:1.0-port0
1790755297.3850,A,409,22149,-77,/dev/serial/by-path/pci-0000:05:00.3-usb-0:2.1.1:1.0-port0
1790755297.4278,C,401,22187,-74,/dev/serial/by-path/pci-0000:05:00.3-usb-0:2.1.3:1.0-port0
1790755297.4281,B,393,22188,-64,/dev/serial/by-path/pci-0000:05:00.3-usb-0:2.1.2:1.0-port0
1790755297.4283,A,410,22193,-79,/dev/serial/by-path/pci-0000:05:00.3-usb-0:2.1.1:1.0-port0
1790755297.4709,C,402,22230,-66,/dev/serial/by-path/pci-0000:05:00.3-usb-0:2.1.3:1.0-port0
1790755297.4903,B,394,22250,-69,/dev/serial/by-path/pci-0000:05:00.3-usb-0:2.1.2:1.0-port0
1790755297.5234,C,403,22282,-70,/dev/serial/by-path/pci-0000:05:00.3-usb-0:2.1.3:1.0-port0
1790755297.5431,A,411,22308,-88,/dev/serial/by-path/pci-0000:05:00.3-usb-0:2.1.1:1.0-port0
1790755297.5434,B,395,22303,-63,/dev/serial/by-path/pci-0000:05:00.3-usb-0:2.1.2:1.0-port0
1790755297.5605,B,396,22320,-62,/dev/serial/by-path/pci-0000:05:00.3-usb-0:2.1.2:1.0-port0
1790755297.5838,C,404,22343,-70,/dev/serial/by-path/pci-0000:05:00.3-usb-0:2.1.3:1.0-port0
1790755297.6121,B,397,22371,-67,/dev/serial/by-path/pci-0000:05:00.3-usb-0:2.1.2:1.0-port0
1790755297.6344,C,405,22393,-62,/dev/serial/by-path/pci-0000:05:00.3-usb-0:2.1.3:1.0-port0
1790755297.6524,A,412,22417,-90,/dev/serial/by-path/pci-0000:05:00.3-usb-0:2.1.1:1.0-port0
1790755297.6620,C,406,22421,-66,/dev/serial/by-path/pci-0000:05:00.3-usb-0:2.1.3:1.0-port0
1790755297.6624,B,398,22421,-68,/dev/serial/by-path/pci-0000:05:00.3-usb-0:2.1.2:1.0-port0
1790755297.7004,C,407,22459,-63,/dev/serial/by-path/pci-0000:05:00.3-usb-0:2.1.3:1.0-port0
1790755297.7009,B,399,22459,-67,/dev/serial/by-path/pci-0000:05:00.3-usb-0:2.1.2:1.0-port0
1790755297.7011,A,413,22464,-81,/dev/serial/by-path/pci-0000:05:00.3-usb-0:2.1.1:1.0-port0
1790755297.7511,A,414,22514,-87,/dev/serial/by-path/pci-0000:05:00.3-usb-0:2.1.1:1.0-port0
1790755297.7627,B,400,22522,-65,/dev/serial/by-path/pci-0000:05:00.3-usb-0:2.1.2:1.0-port0
1790755297.7843,C,408,22543,-58,/dev/serial/by-path/pci-0000:05:00.3-usb-0:2.1.3:1.0-port0
1790755297.7953,B,401,22554,-67,/dev/serial/by-path/pci-0000:05:00.3-usb-0:2.1.2:1.0-port0
1790755297.8027,C,409,22562,-64,/dev/serial/by-path/pci-0000:05:00.3-usb-0:2.1.3:1.0-port0
1790755297.8030,A,415,22567,-79,/dev/serial/by-path/pci-0000:05:00.3-usb-0:2.1.1:1.0-port0
1790755297.8386,A,416,22603,-78,/dev/serial/by-path/pci-0000:05:00.3-usb-0:2.1.1:1.0-port0
1790755297.8623,C,410,22622,-60,/dev/serial/by-path/pci-0000:05:00.3-usb-0:2.1.3:1.0-port0
1790755297.8839,C,411,22643,-62,/dev/serial/by-path/pci-0000:05:00.3-usb-0:2.1.3:1.0-port0
1790755297.9126,A,417,22677,-79,/dev/serial/by-path/pci-0000:05:00.3-usb-0:2.1.1:1.0-port0
1790755297.9262,C,412,22685,-59,/dev/serial/by-path/pci-0000:05:00.3-usb-0:2.1.3:1.0-port0
1790755297.9424,B,402,22702,-71,/dev/serial/by-path/pci-0000:05:00.3-usb-0:2.1.2:1.0-port0
1790755297.9432,A,418,22707,-76,/dev/serial/by-path/pci-0000:05:00.3-usb-0:2.1.1:1.0-port0
1790755297.9681,C,413,22727,-64,/dev/serial/by-path/pci-0000:05:00.3-usb-0:2.1.3:1.0-port0
1790755297.9698,B,403,22729,-66,/dev/serial/by-path/pci-0000:05:00.3-usb-0:2.1.2:1.0-port0
1790755298.0144,A,419,22779,-70,/dev/serial/by-path/pci-0000:05:00.3-usb-0:2.1.1:1.0-port0
1790755298.0145,C,414,22773,-61,/dev/serial/by-path/pci-0000:05:00.3-usb-0:2.1.3:1.0-port0
1790755298.0546,B,404,22815,-71,/dev/serial/by-path/pci-0000:05:00.3-usb-0:2.1.2:1.0-port0
1790755298.0549,C,415,22815,-61,/dev/serial/by-path/pci-0000:05:00.3-usb-0:2.1.3:1.0-port0
1790755298.0670,A,420,22831,-73,/dev/serial/by-path/pci-0000:05:00.3-usb-0:2.1.1:1.0-port0
1790755298.0949,B,405,22854,-70,/dev/serial/by-path/pci-0000:05:00.3-usb-0:2.1.2:1.0-port0
1790755298.0953,A,421,22859,-71,/dev/serial/by-path/pci-0000:05:00.3-usb-0:2.1.1:1.0-port0
1790755298.1030,C,416,22862,-66,/dev/serial/by-path/pci-0000:05:00.3-usb-0:2.1.3:1.0-port0
1790755298.1955,B,406,22955,-74,/dev/serial/by-path/pci-0000:05:00.3-usb-0:2.1.2:1.0-port0
1790755298.1957,A,422,22959,-72,/dev/serial/by-path/pci-0000:05:00.3-usb-0:2.1.1:1.0-port0
1790755298.2276,B,407,22987,-71,/dev/serial/by-path/pci-0000:05:00.3-usb-0:2.1.2:1.0-port0
1790755298.2280,A,423,22992,-73,/dev/serial/by-path/pci-0000:05:00.3-usb-0:2.1.1:1.0-port0
1790755298.2287,C,417,22988,-62,/dev/serial/by-path/pci-0000:05:00.3-usb-0:2.1.3:1.0-port0
1790755298.2756,C,418,23034,-66,/dev/serial/by-path/pci-0000:05:00.3-usb-0:2.1.3:1.0-port0
1790755298.2804,A,424,23045,-71,/dev/serial/by-path/pci-0000:05:00.3-usb-0:2.1.1:1.0-port0
1790755298.2809,B,408,23039,-66,/dev/serial/by-path/pci-0000:05:00.3-usb-0:2.1.2:1.0-port0
1790755298.3231,C,419,23082,-63,/dev/serial/by-path/pci-0000:05:00.3-usb-0:2.1.3:1.0-port0
1790755298.3282,A,425,23092,-74,/dev/serial/by-path/pci-0000:05:00.3-usb-0:2.1.1:1.0-port0
1790755298.3283,B,409,23087,-72,/dev/serial/by-path/pci-0000:05:00.3-usb-0:2.1.2:1.0-port0
1790755298.3713,B,410,23130,-71,/dev/serial/by-path/pci-0000:05:00.3-usb-0:2.1.2:1.0-port0
1790755298.3797,A,426,23144,-74,/dev/serial/by-path/pci-0000:05:00.3-usb-0:2.1.1:1.0-port0
1790755298.3813,C,420,23140,-60,/dev/serial/by-path/pci-0000:05:00.3-usb-0:2.1.3:1.0-port0
1790755298.4182,C,421,23177,-64,/dev/serial/by-path/pci-0000:05:00.3-usb-0:2.1.3:1.0-port0
1790755298.4684,B,411,23227,-66,/dev/serial/by-path/pci-0000:05:00.3-usb-0:2.1.2:1.0-port0
1790755298.5168,A,427,23281,-80,/dev/serial/by-path/pci-0000:05:00.3-usb-0:2.1.1:1.0-port0
1790755298.5184,C,422,23277,-61,/dev/serial/by-path/pci-0000:05:00.3-usb-0:2.1.3:1.0-port0
1790755298.5585,C,423,23317,-63,/dev/serial/by-path/pci-0000:05:00.3-usb-0:2.1.3:1.0-port0
1790755298.5588,B,412,23318,-68,/dev/serial/by-path/pci-0000:05:00.3-usb-0:2.1.2:1.0-port0
1790755298.5664,A,428,23331,-78,/dev/serial/by-path/pci-0000:05:00.3-usb-0:2.1.1:1.0-port0
1790755298.6037,C,424,23363,-64,/dev/serial/by-path/pci-0000:05:00.3-usb-0:2.1.3:1.0-port0
1790755298.6043,A,429,23369,-82,/dev/serial/by-path/pci-0000:05:00.3-usb-0:2.1.1:1.0-port0
1790755298.6107,B,413,23370,-66,/dev/serial/by-path/pci-0000:05:00.3-usb-0:2.1.2:1.0-port0
1790755298.6482,C,425,23407,-57,/dev/serial/by-path/pci-0000:05:00.3-usb-0:2.1.3:1.0-port0
1790755298.6624,B,414,23422,-66,/dev/serial/by-path/pci-0000:05:00.3-usb-0:2.1.2:1.0-port0
1790755298.6967,C,426,23456,-67,/dev/serial/by-path/pci-0000:05:00.3-usb-0:2.1.3:1.0-port0
1790755298.6971,A,430,23461,-95,/dev/serial/by-path/pci-0000:05:00.3-usb-0:2.1.1:1.0-port0
1790755298.7132,B,415,23472,-69,/dev/serial/by-path/pci-0000:05:00.3-usb-0:2.1.2:1.0-port0
1790755298.7471,A,431,23511,-87,/dev/serial/by-path/pci-0000:05:00.3-usb-0:2.1.1:1.0-port0
1790755298.7475,B,416,23506,-67,/dev/serial/by-path/pci-0000:05:00.3-usb-0:2.1.2:1.0-port0
1790755298.7478,C,427,23506,-68,/dev/serial/by-path/pci-0000:05:00.3-usb-0:2.1.3:1.0-port0
1790755298.7923,A,432,23556,-79,/dev/serial/by-path/pci-0000:05:00.3-usb-0:2.1.1:1.0-port0
1790755298.8121,C,428,23571,-62,/dev/serial/by-path/pci-0000:05:00.3-usb-0:2.1.3:1.0-port0
1790755298.8122,B,417,23571,-66,/dev/serial/by-path/pci-0000:05:00.3-usb-0:2.1.2:1.0-port0
1790755298.8359,A,433,23600,-85,/dev/serial/by-path/pci-0000:05:00.3-usb-0:2.1.1:1.0-port0
1790755298.8842,C,429,23643,-68,/dev/serial/by-path/pci-0000:05:00.3-usb-0:2.1.3:1.0-port0
1790755298.9012,B,418,23660,-64,/dev/serial/by-path/pci-0000:05:00.3-usb-0:2.1.2:1.0-port0
1790755298.9277,B,419,23687,-62,/dev/serial/by-path/pci-0000:05:00.3-usb-0:2.1.2:1.0-port0
1790755298.9342,C,430,23693,-69,/dev/serial/by-path/pci-0000:05:00.3-usb-0:2.1.3:1.0-port0
1790755298.9591,A,434,23723,-87,/dev/serial/by-path/pci-0000:05:00.3-usb-0:2.1.1:1.0-port0
1790755298.9681,C,431,23727,-62,/dev/serial/by-path/pci-0000:05:00.3-usb-0:2.1.3:1.0-port0
1790755298.9838,B,420,23743,-70,/dev/serial/by-path/pci-0000:05:00.3-usb-0:2.1.2:1.0-port0
1790755299.0113,B,421,23770,-70,/dev/serial/by-path/pci-0000:05:00.3-usb-0:2.1.2:1.0-port0
1790755299.0114,C,432,23770,-67,/dev/serial/by-path/pci-0000:05:00.3-usb-0:2.1.3:1.0-port0
1790755299.0119,A,435,23775,-85,/dev/serial/by-path/pci-0000:05:00.3-usb-0:2.1.1:1.0-port0
1790755299.0581,B,422,23818,-65,/dev/serial/by-path/pci-0000:05:00.3-usb-0:2.1.2:1.0-port0
1790755299.0673,C,433,23826,-69,/dev/serial/by-path/pci-0000:05:00.3-usb-0:2.1.3:1.0-port0
1790755299.0674,A,436,23831,-72,/dev/serial/by-path/pci-0000:05:00.3-usb-0:2.1.1:1.0-port0
1790755299.1004,B,423,23859,-63,/dev/serial/by-path/pci-0000:05:00.3-usb-0:2.1.2:1.0-port0
1790755299.1062,C,434,23865,-62,/dev/serial/by-path/pci-0000:05:00.3-usb-0:2.1.3:1.0-port0
1790755299.1066,A,437,23870,-79,/dev/serial/by-path/pci-0000:05:00.3-usb-0:2.1.1:1.0-port0
1790755299.1458,A,438,23910,-85,/dev/serial/by-path/pci-0000:05:00.3-usb-0:2.1.1:1.0-port0
1790755299.1462,C,435,23905,-66,/dev/serial/by-path/pci-0000:05:00.3-usb-0:2.1.3:1.0-port0
1790755299.1466,B,424,23905,-66,/dev/serial/by-path/pci-0000:05:00.3-usb-0:2.1.2:1.0-port0
1790755299.1829,C,436,23942,-67,/dev/serial/by-path/pci-0000:05:00.3-usb-0:2.1.3:1.0-port0
1790755299.1831,B,425,23943,-61,/dev/serial/by-path/pci-0000:05:00.3-usb-0:2.1.2:1.0-port0
1790755299.1917,A,439,23956,-89,/dev/serial/by-path/pci-0000:05:00.3-usb-0:2.1.1:1.0-port0
1790755299.2242,C,437,23983,-65,/dev/serial/by-path/pci-0000:05:00.3-usb-0:2.1.3:1.0-port0
1790755299.2379,B,426,23997,-65,/dev/serial/by-path/pci-0000:05:00.3-usb-0:2.1.2:1.0-port0
1790755299.2383,A,440,24002,-86,/dev/serial/by-path/pci-0000:05:00.3-usb-0:2.1.1:1.0-port0
1790755299.2730,B,427,24032,-66,/dev/serial/by-path/pci-0000:05:00.3-usb-0:2.1.2:1.0-port0
1790755299.2748,C,438,24034,-60,/dev/serial/by-path/pci-0000:05:00.3-usb-0:2.1.3:1.0-port0
1790755299.3061,A,441,24070,-80,/dev/serial/by-path/pci-0000:05:00.3-usb-0:2.1.1:1.0-port0
1790755299.3170,A,442,24081,-76,/dev/serial/by-path/pci-0000:05:00.3-usb-0:2.1.1:1.0-port0
1790755299.3295,C,439,24088,-64,/dev/serial/by-path/pci-0000:05:00.3-usb-0:2.1.3:1.0-port0
1790755299.3613,B,428,24121,-68,/dev/serial/by-path/pci-0000:05:00.3-usb-0:2.1.2:1.0-port0
1790755299.3615,C,440,24120,-62,/dev/serial/by-path/pci-0000:05:00.3-usb-0:2.1.3:1.0-port0
1790755299.3619,A,443,24126,-75,/dev/serial/by-path/pci-0000:05:00.3-usb-0:2.1.1:1.0-port0
1790755299.4078,A,444,24172,-74,/dev/serial/by-path/pci-0000:05:00.3-usb-0:2.1.1:1.0-port0
1790755299.4079,B,429,24167,-65,/dev/serial/by-path/pci-0000:05:00.3-usb-0:2.1.2:1.0-port0
1790755299.4338,C,441,24193,-58,/dev/serial/by-path/pci-0000:05:00.3-usb-0:2.1.3:1.0-port0
1790755299.4518,C,442,24211,-64,/dev/serial/by-path/pci-0000:05:00.3-usb-0:2.1.3:1.0-port0
1790755299.4522,A,445,24216,-74,/dev/serial/by-path/pci-0000:05:00.3-usb-0:2.1.1:1.0-port0
1790755299.4613,B,430,24220,-69,/dev/serial/by-path/pci-0000:05:00.3-usb-0:2.1.2:1.0-port0
1790755299.5126,B,431,24272,-71,/dev/serial/by-path/pci-0000:05:00.3-usb-0:2.1.2:1.0-port0
1790755299.5153,A,446,24279,-72,/dev/serial/by-path/pci-0000:05:00.3-usb-0:2.1.1:1.0-port0
1790755299.5156,C,443,24274,-62,/dev/serial/by-path/pci-0000:05:00.3-usb-0:2.1.3:1.0-port0
1790755299.5476,B,432,24307,-69,/dev/serial/by-path/pci-0000:05:00.3-usb-0:2.1.2:1.0-port0
1790755299.5484,A,447,24313,-76,/dev/serial/by-path/pci-0000:05:00.3-usb-0:2.1.1:1.0-port0
1790755299.5838,C,444,24343,-61,/dev/serial/by-path/pci-0000:05:00.3-usb-0:2.1.3:1.0-port0
1790755299.5932,C,445,24352,-65,/dev/serial/by-path/pci-0000:05:00.3-usb-0:2.1.3:1.0-port0
1790755299.5935,B,433,24352,-69,/dev/serial/by-path/pci-0000:05:00.3-usb-0:2.1.2:1.0-port0
1790755299.5937,A,448,24358,-73,/dev/serial/by-path/pci-0000:05:00.3-usb-0:2.1.1:1.0-port0
1790755299.6377,A,449,24402,-70,/dev/serial/by-path/pci-0000:05:00.3-usb-0:2.1.1:1.0-port0
1790755299.6379,B,434,24397,-65,/dev/serial/by-path/pci-0000:05:00.3-usb-0:2.1.2:1.0-port0
1790755299.6598,C,446,24419,-62,/dev/serial/by-path/pci-0000:05:00.3-usb-0:2.1.3:1.0-port0
1790755299.6839,C,447,24443,-63,/dev/serial/by-path/pci-0000:05:00.3-usb-0:2.1.3:1.0-port0
1790755299.6842,A,450,24448,-73,/dev/serial/by-path/pci-0000:05:00.3-usb-0:2.1.1:1.0-port0
1790755299.6973,B,435,24457,-70,/dev/serial/by-path/pci-0000:05:00.3-usb-0:2.1.2:1.0-port0
1790755299.7233,A,451,24487,-76,/dev/serial/by-path/pci-0000:05:00.3-usb-0:2.1.1:1.0-port0
1790755299.7234,B,436,24482,-68,/dev/serial/by-path/pci-0000:05:00.3-usb-0:2.1.2:1.0-port0
1790755299.7341,C,448,24493,-61,/dev/serial/by-path/pci-0000:05:00.3-usb-0:2.1.3:1.0-port0
1790755299.7738,C,449,24533,-66,/dev/serial/by-path/pci-0000:05:00.3-usb-0:2.1.3:1.0-port0
1790755299.7742,B,437,24533,-66,/dev/serial/by-path/pci-0000:05:00.3-usb-0:2.1.2:1.0-port0
1790755299.7942,A,452,24558,-72,/dev/serial/by-path/pci-0000:05:00.3-usb-0:2.1.1:1.0-port0
1790755299.8203,B,438,24579,-70,/dev/serial/by-path/pci-0000:05:00.3-usb-0:2.1.2:1.0-port0
1790755299.8337,C,450,24593,-63,/dev/serial/by-path/pci-0000:05:00.3-usb-0:2.1.3:1.0-port0
1790755299.8508,A,453,24615,-75,/dev/serial/by-path/pci-0000:05:00.3-usb-0:2.1.1:1.0-port0
1790755299.8693,C,451,24628,-61,/dev/serial/by-path/pci-0000:05:00.3-usb-0:2.1.3:1.0-port0
1790755299.8727,B,439,24631,-68,/dev/serial/by-path/pci-0000:05:00.3-usb-0:2.1.2:1.0-port0
1790755299.9220,B,440,24681,-67,/dev/serial/by-path/pci-0000:05:00.3-usb-0:2.1.2:1.0-port0
1790755299.9272,C,452,24686,-64,/dev/serial/by-path/pci-0000:05:00.3-usb-0:2.1.3:1.0-port0
1790755299.9638,C,453,24723,-62,/dev/serial/by-path/pci-0000:05:00.3-usb-0:2.1.3:1.0-port0
1790755299.9671,A,454,24731,-81,/dev/serial/by-path/pci-0000:05:00.3-usb-0:2.1.1:1.0-port0
1790755300.0075,B,441,24766,-70,/dev/serial/by-path/pci-0000:05:00.3-usb-0:2.1.2:1.0-port0
1790755300.0076,C,454,24766,-61,/dev/serial/by-path/pci-0000:05:00.3-usb-0:2.1.3:1.0-port0
1790755300.0080,A,455,24771,-81,/dev/serial/by-path/pci-0000:05:00.3-usb-0:2.1.1:1.0-port0
1790755300.0511,C,455,24810,-65,/dev/serial/by-path/pci-0000:05:00.3-usb-0:2.1.3:1.0-port0
1790755300.0617,B,442,24822,-68,/dev/serial/by-path/pci-0000:05:00.3-usb-0:2.1.2:1.0-port0
1790755300.0682,A,456,24832,-76,/dev/serial/by-path/pci-0000:05:00.3-usb-0:2.1.1:1.0-port0
1790755300.0893,B,443,24848,-68,/dev/serial/by-path/pci-0000:05:00.3-usb-0:2.1.2:1.0-port0
1790755300.1368,A,457,24901,-80,/dev/serial/by-path/pci-0000:05:00.3-usb-0:2.1.1:1.0-port0
1790755300.1472,B,444,24906,-75,/dev/serial/by-path/pci-0000:05:00.3-usb-0:2.1.2:1.0-port0
1790755300.1846,B,445,24944,-70,/dev/serial/by-path/pci-0000:05:00.3-usb-0:2.1.2:1.0-port0
1790755300.1951,A,458,24959,-79,/dev/serial/by-path/pci-0000:05:00.3-usb-0:2.1.1:1.0-port0
1790755300.2332,A,459,24997,-76,/dev/serial/by-path/pci-0000:05:00.3-usb-0:2.1.1:1.0-port0
1790755300.2337,C,456,24993,-67,/dev/serial/by-path/pci-0000:05:00.3-usb-0:2.1.3:1.0-port0
1790755300.2337,B,446,24993,-72,/dev/serial/by-path/pci-0000:05:00.3-usb-0:2.1.2:1.0-port0
1790755300.3171,A,460,25081,-69,/dev/serial/by-path/pci-0000:05:00.3-usb-0:2.1.1:1.0-port0
1790755300.3287,B,447,25088,-67,/dev/serial/by-path/pci-0000:05:00.3-usb-0:2.1.2:1.0-port0
1790755300.3288,A,461,25093,-81,/dev/serial/by-path/pci-0000:05:00.3-usb-0:2.1.1:1.0-port0
1790755300.3304,C,457,25089,-61,/dev/serial/by-path/pci-0000:05:00.3-usb-0:2.1.3:1.0-port0
1790755300.3742,C,458,25133,-70,/dev/serial/by-path/pci-0000:05:00.3-usb-0:2.1.3:1.0-port0
1790755300.4127,B,448,25172,-65,/dev/serial/by-path/pci-0000:05:00.3-usb-0:2.1.2:1.0-port0
1790755300.4177,A,462,25182,-82,/dev/serial/by-path/pci-0000:05:00.3-usb-0:2.1.1:1.0-port0
1790755300.4216,C,459,25181,-71,/dev/serial/by-path/pci-0000:05:00.3-usb-0:2.1.3:1.0-port0
1790755300.4231,B,449,25182,-65,/dev/serial/by-path/pci-0000:05:00.3-usb-0:2.1.2:1.0-port0
1790755300.4626,B,450,25222,-64,/dev/serial/by-path/pci-0000:05:00.3-usb-0:2.1.2:1.0-port0
1790755300.4672,A,463,25231,-85,/dev/serial/by-path/pci-0000:05:00.3-usb-0:2.1.1:1.0-port0
1790755300.4808,C,460,25240,-60,/dev/serial/by-path/pci-0000:05:00.3-usb-0:2.1.3:1.0-port0
1790755300.5063,B,451,25265,-65,/dev/serial/by-path/pci-0000:05:00.3-usb-0:2.1.2:1.0-port0
1790755300.5066,C,461,25265,-69,/dev/serial/by-path/pci-0000:05:00.3-usb-0:2.1.3:1.0-port0
1790755300.5171,A,464,25281,-77,/dev/serial/by-path/pci-0000:05:00.3-usb-0:2.1.1:1.0-port0
1790755300.5544,B,452,25314,-63,/dev/serial/by-path/pci-0000:05:00.3-usb-0:2.1.2:1.0-port0
1790755300.5549,C,462,25314,-69,/dev/serial/by-path/pci-0000:05:00.3-usb-0:2.1.3:1.0-port0
1790755300.5565,A,465,25320,-74,/dev/serial/by-path/pci-0000:05:00.3-usb-0:2.1.1:1.0-port0
1790755300.6074,C,463,25366,-62,/dev/serial/by-path/pci-0000:05:00.3-usb-0:2.1.3:1.0-port0
1790755300.6124,B,453,25372,-63,/dev/serial/by-path/pci-0000:05:00.3-usb-0:2.1.2:1.0-port0
1790755300.6174,A,466,25381,-83,/dev/serial/by-path/pci-0000:05:00.3-usb-0:2.1.1:1.0-port0
1790755300.6839,C,464,25443,-70,/dev/serial/by-path/pci-0000:05:00.3-usb-0:2.1.3:1.0-port0
1790755300.6941,A,467,25458,-76,/dev/serial/by-path/pci-0000:05:00.3-usb-0:2.1.1:1.0-port0
1790755300.6944,B,454,25453,-65,/dev/serial/by-path/pci-0000:05:00.3-usb-0:2.1.2:1.0-port0
1790755300.7339,B,455,25493,-62,/dev/serial/by-path/pci-0000:05:00.3-usb-0:2.1.2:1.0-port0
1790755300.7342,C,465,25493,-70,/dev/serial/by-path/pci-0000:05:00.3-usb-0:2.1.3:1.0-port0
1790755300.7504,A,468,25514,-78,/dev/serial/by-path/pci-0000:05:00.3-usb-0:2.1.1:1.0-port0
1790755300.7793,B,456,25538,-65,/dev/serial/by-path/pci-0000:05:00.3-usb-0:2.1.2:1.0-port0
1790755300.7796,A,469,25544,-77,/dev/serial/by-path/pci-0000:05:00.3-usb-0:2.1.1:1.0-port0
1790755300.7841,C,466,25543,-60,/dev/serial/by-path/pci-0000:05:00.3-usb-0:2.1.3:1.0-port0
1790755300.8272,C,467,25586,-70,/dev/serial/by-path/pci-0000:05:00.3-usb-0:2.1.3:1.0-port0
1790755300.8282,A,470,25593,-81,/dev/serial/by-path/pci-0000:05:00.3-usb-0:2.1.1:1.0-port0
1790755300.8285,B,457,25588,-65,/dev/serial/by-path/pci-0000:05:00.3-usb-0:2.1.2:1.0-port0
1790755300.8726,C,468,25631,-68,/dev/serial/by-path/pci-0000:05:00.3-usb-0:2.1.3:1.0-port0
1790755300.8826,B,458,25642,-68,/dev/serial/by-path/pci-0000:05:00.3-usb-0:2.1.2:1.0-port0
1790755300.8829,A,471,25647,-70,/dev/serial/by-path/pci-0000:05:00.3-usb-0:2.1.1:1.0-port0
1790755300.9339,C,469,25693,-62,/dev/serial/by-path/pci-0000:05:00.3-usb-0:2.1.3:1.0-port0
1790755300.9590,A,472,25723,-73,/dev/serial/by-path/pci-0000:05:00.3-usb-0:2.1.1:1.0-port0
1790755300.9595,B,459,25718,-67,/dev/serial/by-path/pci-0000:05:00.3-usb-0:2.1.2:1.0-port0
1790755300.9662,C,470,25725,-67,/dev/serial/by-path/pci-0000:05:00.3-usb-0:2.1.3:1.0-port0
1790755301.0549,B,460,25814,-67,/dev/serial/by-path/pci-0000:05:00.3-usb-0:2.1.2:1.0-port0
1790755301.0587,C,471,25818,-63,/dev/serial/by-path/pci-0000:05:00.3-usb-0:2.1.3:1.0-port0
1790755301.0592,A,473,25824,-68,/dev/serial/by-path/pci-0000:05:00.3-usb-0:2.1.1:1.0-port0
1790755301.0982,B,461,25858,-67,/dev/serial/by-path/pci-0000:05:00.3-usb-0:2.1.2:1.0-port0
1790755301.0986,C,472,25858,-65,/dev/serial/by-path/pci-0000:05:00.3-usb-0:2.1.3:1.0-port0
1790755301.0993,A,474,25863,-70,/dev/serial/by-path/pci-0000:05:00.3-usb-0:2.1.1:1.0-port0
1790755301.1607,A,475,25925,-68,/dev/serial/by-path/pci-0000:05:00.3-usb-0:2.1.1:1.0-port0
1790755301.1644,C,473,25923,-67,/dev/serial/by-path/pci-0000:05:00.3-usb-0:2.1.3:1.0-port0
1790755301.1875,B,462,25947,-62,/dev/serial/by-path/pci-0000:05:00.3-usb-0:2.1.2:1.0-port0
1790755301.1878,A,476,25951,-70,/dev/serial/by-path/pci-0000:05:00.3-usb-0:2.1.1:1.0-port0
1790755301.1915,C,474,25950,-64,/dev/serial/by-path/pci-0000:05:00.3-usb-0:2.1.3:1.0-port0
1790755301.2319,B,463,25991,-67,/dev/serial/by-path/pci-0000:05:00.3-usb-0:2.1.2:1.0-port0
1790755301.2337,C,475,25993,-67,/dev/serial/by-path/pci-0000:05:00.3-usb-0:2.1.3:1.0-port0
1790755301.2646,A,477,26029,-75,/dev/serial/by-path/pci-0000:05:00.3-usb-0:2.1.1:1.0-port0
1790755301.2798,C,476,26039,-67,/dev/serial/by-path/pci-0000:05:00.3-usb-0:2.1.3:1.0-port0
1790755301.2903,A,478,26054,-71,/dev/serial/by-path/pci-0000:05:00.3-usb-0:2.1.1:1.0-port0
1790755301.3127,B,464,26072,-65,/dev/serial/by-path/pci-0000:05:00.3-usb-0:2.1.2:1.0-port0
1790755301.3317,A,479,26096,-74,/dev/serial/by-path/pci-0000:05:00.3-usb-0:2.1.1:1.0-port0
1790755301.3321,B,465,26091,-69,/dev/serial/by-path/pci-0000:05:00.3-usb-0:2.1.2:1.0-port0
1790755301.3340,C,477,26093,-66,/dev/serial/by-path/pci-0000:05:00.3-usb-0:2.1.3:1.0-port0
1790755301.3720,B,466,26131,-68,/dev/serial/by-path/pci-0000:05:00.3-usb-0:2.1.2:1.0-port0
1790755301.3843,C,478,26143,-64,/dev/serial/by-path/pci-0000:05:00.3-usb-0:2.1.3:1.0-port0
1790755301.4173,A,480,26181,-74,/dev/serial/by-path/pci-0000:05:00.3-usb-0:2.1.1:1.0-port0
1790755301.4177,C,479,26177,-65,/dev/serial/by-path/pci-0000:05:00.3-usb-0:2.1.3:1.0-port0
1790755301.4680,C,480,26227,-67,/dev/serial/by-path/pci-0000:05:00.3-usb-0:2.1.3:1.0-port0
1790755301.4713,B,467,26230,-69,/dev/serial/by-path/pci-0000:05:00.3-usb-0:2.1.2:1.0-port0
1790755301.5112,B,468,26270,-66,/dev/serial/by-path/pci-0000:05:00.3-usb-0:2.1.2:1.0-port0
1790755301.5115,A,481,26275,-72,/dev/serial/by-path/pci-0000:05:00.3-usb-0:2.1.1:1.0-port0
1790755301.5119,C,481,26270,-64,/dev/serial/by-path/pci-0000:05:00.3-usb-0:2.1.3:1.0-port0
1790755301.5594,C,482,26318,-66,/dev/serial/by-path/pci-0000:05:00.3-usb-0:2.1.3:1.0-port0
1790755301.5627,B,469,26322,-68,/dev/serial/by-path/pci-0000:05:00.3-usb-0:2.1.2:1.0-port0
1790755301.5667,A,482,26331,-77,/dev/serial/by-path/pci-0000:05:00.3-usb-0:2.1.1:1.0-port0
1790755301.6045,A,483,26368,-71,/dev/serial/by-path/pci-0000:05:00.3-usb-0:2.1.1:1.0-port0
1790755301.6095,B,470,26368,-67,/dev/serial/by-path/pci-0000:05:00.3-usb-0:2.1.2:1.0-port0
1790755301.6096,C,483,26368,-67,/dev/serial/by-path/pci-0000:05:00.3-usb-0:2.1.3:1.0-port0
1790755301.6546,B,471,26414,-66,/dev/serial/by-path/pci-0000:05:00.3-usb-0:2.1.2:1.0-port0
1790755301.6552,C,484,26414,-63,/dev/serial/by-path/pci-0000:05:00.3-usb-0:2.1.3:1.0-port0
1790755301.6565,A,484,26420,-72,/dev/serial/by-path/pci-0000:05:00.3-usb-0:2.1.1:1.0-port0
1790755301.7123,C,485,26471,-66,/dev/serial/by-path/pci-0000:05:00.3-usb-0:2.1.3:1.0-port0
1790755301.7126,B,472,26471,-65,/dev/serial/by-path/pci-0000:05:00.3-usb-0:2.1.2:1.0-port0
1790755301.7129,A,485,26476,-72,/dev/serial/by-path/pci-0000:05:00.3-usb-0:2.1.1:1.0-port0
1790755301.7452,B,473,26504,-62,/dev/serial/by-path/pci-0000:05:00.3-usb-0:2.1.2:1.0-port0
1790755301.7671,A,486,26531,-75,/dev/serial/by-path/pci-0000:05:00.3-usb-0:2.1.1:1.0-port0
1790755301.7868,A,487,26551,-72,/dev/serial/by-path/pci-0000:05:00.3-usb-0:2.1.1:1.0-port0
1790755301.7901,B,474,26549,-67,/dev/serial/by-path/pci-0000:05:00.3-usb-0:2.1.2:1.0-port0
1790755301.8286,B,475,26588,-66,/dev/serial/by-path/pci-0000:05:00.3-usb-0:2.1.2:1.0-port0
1790755301.8290,A,488,26593,-77,/dev/serial/by-path/pci-0000:05:00.3-usb-0:2.1.1:1.0-port0
1790755301.8307,C,486,26590,-65,/dev/serial/by-path/pci-0000:05:00.3-usb-0:2.1.3:1.0-port0
1790755301.8766,C,487,26635,-67,/dev/serial/by-path/pci-0000:05:00.3-usb-0:2.1.3:1.0-port0
1790755301.9262,C,488,26685,-67,/dev/serial/by-path/pci-0000:05:00.3-usb-0:2.1.3:1.0-port0
1790755301.9622,B,476,26722,-66,/dev/serial/by-path/pci-0000:05:00.3-usb-0:2.1.2:1.0-port0
1790755301.9667,A,489,26731,-71,/dev/serial/by-path/pci-0000:05:00.3-usb-0:2.1.1:1.0-port0
1790755301.9735,B,477,26733,-67,/dev/serial/by-path/pci-0000:05:00.3-usb-0:2.1.2:1.0-port0
1790755301.9840,C,489,26743,-64,/dev/serial/by-path/pci-0000:05:00.3-usb-0:2.1.3:1.0-port0
1790755301.9896,A,490,26754,-83,/dev/serial/by-path/pci-0000:05:00.3-usb-0:2.1.1:1.0-port0
1790755302.0220,C,490,26781,-74,/dev/serial/by-path/pci-0000:05:00.3-usb-0:2.1.3:1.0-port0
1790755302.0432,B,478,26802,-70,/dev/serial/by-path/pci-0000:05:00.3-usb-0:2.1.2:1.0-port0
1790755302.0436,A,491,26808,-80,/dev/serial/by-path/pci-0000:05:00.3-usb-0:2.1.1:1.0-port0
1790755302.0641,A,492,26828,-84,/dev/serial/by-path/pci-0000:05:00.3-usb-0:2.1.1:1.0-port0
1790755302.0838,C,491,26843,-75,/dev/serial/by-path/pci-0000:05:00.3-usb-0:2.1.3:1.0-port0
1790755302.1045,B,479,26864,-60,/dev/serial/by-path/pci-0000:05:00.3-usb-0:2.1.2:1.0-port0
1790755302.1048,C,492,26864,-63,/dev/serial/by-path/pci-0000:05:00.3-usb-0:2.1.3:1.0-port0
1790755302.1051,A,493,26869,-83,/dev/serial/by-path/pci-0000:05:00.3-usb-0:2.1.1:1.0-port0
1790755302.1992,B,480,26958,-65,/dev/serial/by-path/pci-0000:05:00.3-usb-0:2.1.2:1.0-port0
1790755302.2627,A,494,27026,-80,/dev/serial/by-path/pci-0000:05:00.3-usb-0:2.1.1:1.0-port0
1790755302.2630,C,493,27021,-64,/dev/serial/by-path/pci-0000:05:00.3-usb-0:2.1.3:1.0-port0
1790755302.2632,B,481,27022,-60,/dev/serial/by-path/pci-0000:05:00.3-usb-0:2.1.2:1.0-port0
1790755302.2795,B,482,27039,-69,/dev/serial/by-path/pci-0000:05:00.3-usb-0:2.1.2:1.0-port0
1790755302.2987,A,495,27062,-86,/dev/serial/by-path/pci-0000:05:00.3-usb-0:2.1.1:1.0-port0
1790755302.3248,C,494,27084,-69,/dev/serial/by-path/pci-0000:05:00.3-usb-0:2.1.3:1.0-port0
1790755302.3736,B,483,27133,-58,/dev/serial/by-path/pci-0000:05:00.3-usb-0:2.1.2:1.0-port0
1790755302.3839,C,495,27143,-70,/dev/serial/by-path/pci-0000:05:00.3-usb-0:2.1.3:1.0-port0
1790755302.4151,A,496,27179,-84,/dev/serial/by-path/pci-0000:05:00.3-usb-0:2.1.1:1.0-port0
1790755302.4206,B,484,27180,-66,/dev/serial/by-path/pci-0000:05:00.3-usb-0:2.1.2:1.0-port0
1790755302.4330,C,496,27192,-61,/dev/serial/by-path/pci-0000:05:00.3-usb-0:2.1.3:1.0-port0
1790755302.4673,A,497,27231,-87,/dev/serial/by-path/pci-0000:05:00.3-usb-0:2.1.1:1.0-port0
1790755302.4838,C,497,27243,-67,/dev/serial/by-path/pci-0000:05:00.3-usb-0:2.1.3:1.0-port0
1790755302.5127,B,485,27272,-64,/dev/serial/by-path/pci-0000:05:00.3-usb-0:2.1.2:1.0-port0
1790755302.5175,A,498,27281,-77,/dev/serial/by-path/pci-0000:05:00.3-usb-0:2.1.1:1.0-port0
1790755302.5201,C,498,27279,-66,/dev/serial/by-path/pci-0000:05:00.3-usb-0:2.1.3:1.0-port0
1790755302.5540,C,499,27313,-58,/dev/serial/by-path/pci-0000:05:00.3-usb-0:2.1.3:1.0-port0
1790755302.5549,A,499,27319,-73,/dev/serial/by-path/pci-0000:05:00.3-usb-0:2.1.1:1.0-port0
1790755302.5575,B,486,27317,-65,/dev/serial/by-path/pci-0000:05:00.3-usb-0:2.1.2:1.0-port0
1790755302.6007,A,500,27364,-77,/dev/serial/by-path/pci-0000:05:00.3-usb-0:2.1.1:1.0-port0
1790755302.6120,B,487,27371,-69,/dev/serial/by-path/pci-0000:05:00.3-usb-0:2.1.2:1.0-port0
1790755302.6140,C,500,27373,-67,/dev/serial/by-path/pci-0000:05:00.3-usb-0:2.1.3:1.0-port0
1790755302.6627,B,488,27422,-68,/dev/serial/by-path/pci-0000:05:00.3-usb-0:2.1.2:1.0-port0
1790755302.6907,C,501,27450,-62,/dev/serial/by-path/pci-0000:05:00.3-usb-0:2.1.3:1.0-port0
1790755302.6911,A,501,27455,-72,/dev/serial/by-path/pci-0000:05:00.3-usb-0:2.1.1:1.0-port0
1790755302.6912,B,489,27450,-71,/dev/serial/by-path/pci-0000:05:00.3-usb-0:2.1.2:1.0-port0
1790755302.7372,B,490,27497,-66,/dev/serial/by-path/pci-0000:05:00.3-usb-0:2.1.2:1.0-port0
1790755302.7672,A,502,27531,-70,/dev/serial/by-path/pci-0000:05:00.3-usb-0:2.1.1:1.0-port0
1790755302.7783,B,491,27537,-68,/dev/serial/by-path/pci-0000:05:00.3-usb-0:2.1.2:1.0-port0
1790755302.7783,A,503,27542,-70,/dev/serial/by-path/pci-0000:05:00.3-usb-0:2.1.1:1.0-port0
1790755302.7837,C,502,27543,-66,/dev/serial/by-path/pci-0000:05:00.3-usb-0:2.1.3:1.0-port0
1790755302.8402,B,492,27599,-65,/dev/serial/by-path/pci-0000:05:00.3-usb-0:2.1.2:1.0-port0
1790755302.8405,A,504,27605,-72,/dev/serial/by-path/pci-0000:05:00.3-usb-0:2.1.1:1.0-port0
1790755302.8843,C,503,27643,-64,/dev/serial/by-path/pci-0000:05:00.3-usb-0:2.1.3:1.0-port0
1790755302.8945,B,493,27653,-68,/dev/serial/by-path/pci-0000:05:00.3-usb-0:2.1.2:1.0-port0
1790755302.9173,A,505,27681,-74,/dev/serial/by-path/pci-0000:05:00.3-usb-0:2.1.1:1.0-port0
1790755302.9181,C,504,27677,-66,/dev/serial/by-path/pci-0000:05:00.3-usb-0:2.1.3:1.0-port0
1790755302.9258,B,494,27685,-65,/dev/serial/by-path/pci-0000:05:00.3-usb-0:2.1.2:1.0-port0
1790755302.9620,B,495,27721,-65,/dev/serial/by-path/pci-0000:05:00.3-usb-0:2.1.2:1.0-port0
1790755302.9623,A,506,27726,-71,/dev/serial/by-path/pci-0000:05:00.3-usb-0:2.1.1:1.0-port0
1790755302.9625,C,505,27721,-67,/dev/serial/by-path/pci-0000:05:00.3-usb-0:2.1.3:1.0-port0
1790755303.0173,A,507,27781,-67,/dev/serial/by-path/pci-0000:05:00.3-usb-0:2.1.1:1.0-port0
1790755303.0448,B,496,27804,-66,/dev/serial/by-path/pci-0000:05:00.3-usb-0:2.1.2:1.0-port0
1790755303.0452,C,506,27804,-64,/dev/serial/by-path/pci-0000:05:00.3-usb-0:2.1.3:1.0-port0
1790755303.0478,A,508,27812,-76,/dev/serial/by-path/pci-0000:05:00.3-usb-0:2.1.1:1.0-port0
1790755303.0960,A,509,27860,-72,/dev/serial/by-path/pci-0000:05:00.3-usb-0:2.1.1:1.0-port0
1790755303.0961,C,507,27854,-65,/dev/serial/by-path/pci-0000:05:00.3-usb-0:2.1.3:1.0-port0
1790755303.0965,B,497,27855,-66,/dev/serial/by-path/pci-0000:05:00.3-usb-0:2.1.2:1.0-port0
1790755303.1384,B,498,27898,-69,/dev/serial/by-path/pci-0000:05:00.3-usb-0:2.1.2:1.0-port0
1790755303.1391,A,510,27903,-72,/dev/serial/by-path/pci-0000:05:00.3-usb-0:2.1.1:1.0-port0
1790755303.1521,C,508,27911,-64,/dev/serial/by-path/pci-0000:05:00.3-usb-0:2.1.3:1.0-port0
1790755303.1837,B,499,27943,-68,/dev/serial/by-path/pci-0000:05:00.3-usb-0:2.1.2:1.0-port0
1790755303.1893,A,511,27952,-76,/dev/serial/by-path/pci-0000:05:00.3-usb-0:2.1.1:1.0-port0
1790755303.2307,C,509,27990,-66,/dev/serial/by-path/pci-0000:05:00.3-usb-0:2.1.3:1.0-port0
1790755303.2312,A,512,27995,-74,/dev/serial/by-path/pci-0000:05:00.3-usb-0:2.1.1:1.0-port0
1790755303.2313,B,500,27990,-66,/dev/serial/by-path/pci-0000:05:00.3-usb-0:2.1.2:1.0-port0
1790755303.2757,C,510,28035,-64,/dev/serial/by-path/pci-0000:05:00.3-usb-0:2.1.3:1.0-port0
1790755303.3126,B,501,28072,-65,/dev/serial/by-path/pci-0000:05:00.3-usb-0:2.1.2:1.0-port0
1790755303.3166,A,513,28081,-73,/dev/serial/by-path/pci-0000:05:00.3-usb-0:2.1.1:1.0-port0
1790755303.3190,A,514,28082,-72,/dev/serial/by-path/pci-0000:05:00.3-usb-0:2.1.1:1.0-port0
1790755303.3194,C,511,28078,-62,/dev/serial/by-path/pci-0000:05:00.3-usb-0:2.1.3:1.0-port0
1790755303.4019,B,502,28161,-64,/dev/serial/by-path/pci-0000:05:00.3-usb-0:2.1.2:1.0-port0
1790755303.4023,A,515,28166,-74,/dev/serial/by-path/pci-0000:05:00.3-usb-0:2.1.1:1.0-port0
1790755303.4045,C,512,28163,-66,/dev/serial/by-path/pci-0000:05:00.3-usb-0:2.1.3:1.0-port0
1790755303.4627,B,503,28221,-69,/dev/serial/by-path/pci-0000:05:00.3-usb-0:2.1.2:1.0-port0
1790755303.4628,C,513,28221,-64,/dev/serial/by-path/pci-0000:05:00.3-usb-0:2.1.3:1.0-port0
1790755303.4632,A,516,28226,-76,/dev/serial/by-path/pci-0000:05:00.3-usb-0:2.1.1:1.0-port0
1790755303.4837,B,504,28243,-69,/dev/serial/by-path/pci-0000:05:00.3-usb-0:2.1.2:1.0-port0
1790755303.4924,A,517,28256,-84,/dev/serial/by-path/pci-0000:05:00.3-usb-0:2.1.1:1.0-port0
1790755303.6171,C,514,28376,-65,/dev/serial/by-path/pci-0000:05:00.3-usb-0:2.1.3:1.0-port0
1790755303.6596,B,505,28419,-72,/dev/serial/by-path/pci-0000:05:00.3-usb-0:2.1.2:1.0-port0
1790755303.7106,C,515,28469,-74,/dev/serial/by-path/pci-0000:05:00.3-usb-0:2.1.3:1.0-port0
1790755303.7127,B,506,28472,-69,/dev/serial/by-path/pci-0000:05:00.3-usb-0:2.1.2:1.0-port0
1790755303.7171,A,518,28481,-85,/dev/serial/by-path/pci-0000:05:00.3-usb-0:2.1.1:1.0-port0
1790755303.7628,B,507,28522,-63,/dev/serial/by-path/pci-0000:05:00.3-usb-0:2.1.2:1.0-port0
1790755303.7629,C,516,28522,-66,/dev/serial/by-path/pci-0000:05:00.3-usb-0:2.1.3:1.0-port0
1790755303.7633,A,519,28528,-81,/dev/serial/by-path/pci-0000:05:00.3-usb-0:2.1.1:1.0-port0
1790755303.8025,B,508,28562,-69,/dev/serial/by-path/pci-0000:05:00.3-usb-0:2.1.2:1.0-port0
1790755303.8185,C,517,28577,-72,/dev/serial/by-path/pci-0000:05:00.3-usb-0:2.1.3:1.0-port0
1790755303.8623,B,509,28622,-71,/dev/serial/by-path/pci-0000:05:00.3-usb-0:2.1.2:1.0-port0
1790755303.8667,A,520,28631,-79,/dev/serial/by-path/pci-0000:05:00.3-usb-0:2.1.1:1.0-port0
1790755303.8782,C,518,28637,-73,/dev/serial/by-path/pci-0000:05:00.3-usb-0:2.1.3:1.0-port0
1790755303.8951,B,510,28654,-66,/dev/serial/by-path/pci-0000:05:00.3-usb-0:2.1.2:1.0-port0
1790755303.9049,C,519,28664,-67,/dev/serial/by-path/pci-0000:05:00.3-usb-0:2.1.3:1.0-port0
1790755303.9064,A,521,28670,-80,/dev/serial/by-path/pci-0000:05:00.3-usb-0:2.1.1:1.0-port0
1790755303.9326,A,522,28696,-92,/dev/serial/by-path/pci-0000:05:00.3-usb-0:2.1.1:1.0-port0
1790755303.9337,C,520,28693,-67,/dev/serial/by-path/pci-0000:05:00.3-usb-0:2.1.3:1.0-port0
1790755303.9630,B,511,28722,-68,/dev/serial/by-path/pci-0000:05:00.3-usb-0:2.1.2:1.0-port0
1790755303.9773,C,521,28736,-74,/dev/serial/by-path/pci-0000:05:00.3-usb-0:2.1.3:1.0-port0
1790755304.0193,C,522,28778,-73,/dev/serial/by-path/pci-0000:05:00.3-usb-0:2.1.3:1.0-port0
1790755304.0353,B,512,28794,-61,/dev/serial/by-path/pci-0000:05:00.3-usb-0:2.1.2:1.0-port0
1790755304.0356,A,523,28799,-81,/dev/serial/by-path/pci-0000:05:00.3-usb-0:2.1.1:1.0-port0
1790755304.0691,B,513,28828,-69,/dev/serial/by-path/pci-0000:05:00.3-usb-0:2.1.2:1.0-port0
1790755304.0705,C,523,28829,-62,/dev/serial/by-path/pci-0000:05:00.3-usb-0:2.1.3:1.0-port0
1790755304.1156,A,524,28879,-88,/dev/serial/by-path/pci-0000:05:00.3-usb-0:2.1.1:1.0-port0
1790755304.1185,C,524,28878,-71,/dev/serial/by-path/pci-0000:05:00.3-usb-0:2.1.3:1.0-port0
1790755304.1670,A,525,28931,-85,/dev/serial/by-path/pci-0000:05:00.3-usb-0:2.1.1:1.0-port0
1790755304.1756,C,525,28935,-68,/dev/serial/by-path/pci-0000:05:00.3-usb-0:2.1.3:1.0-port0
1790755304.2127,C,526,28972,-62,/dev/serial/by-path/pci-0000:05:00.3-usb-0:2.1.3:1.0-port0
1790755304.2131,B,514,28972,-67,/dev/serial/by-path/pci-0000:05:00.3-usb-0:2.1.2:1.0-port0
1790755304.2169,A,526,28981,-73,/dev/serial/by-path/pci-0000:05:00.3-usb-0:2.1.1:1.0-port0
1790755304.2586,B,515,29018,-67,/dev/serial/by-path/pci-0000:05:00.3-usb-0:2.1.2:1.0-port0
1790755304.2634,C,527,29022,-66,/dev/serial/by-path/pci-0000:05:00.3-usb-0:2.1.3:1.0-port0
1790755304.2641,A,527,29028,-73,/dev/serial/by-path/pci-0000:05:00.3-usb-0:2.1.1:1.0-port0
1790755304.3927,B,516,29152,-67,/dev/serial/by-path/pci-0000:05:00.3-usb-0:2.1.2:1.0-port0
1790755304.3955,C,528,29155,-64,/dev/serial/by-path/pci-0000:05:00.3-usb-0:2.1.3:1.0-port0
1790755304.4007,A,528,29165,-69,/dev/serial/by-path/pci-0000:05:00.3-usb-0:2.1.1:1.0-port0
1790755304.4427,A,529,29207,-67,/dev/serial/by-path/pci-0000:05:00.3-usb-0:2.1.1:1.0-port0
1790755304.4545,C,529,29214,-66,/dev/serial/by-path/pci-0000:05:00.3-usb-0:2.1.3:1.0-port0
1790755304.4549,B,517,29214,-67,/dev/serial/by-path/pci-0000:05:00.3-usb-0:2.1.2:1.0-port0
1790755304.5560,B,518,29315,-68,/dev/serial/by-path/pci-0000:05:00.3-usb-0:2.1.2:1.0-port0
1790755304.5669,A,530,29331,-71,/dev/serial/by-path/pci-0000:05:00.3-usb-0:2.1.1:1.0-port0
1790755304.5829,C,530,29342,-69,/dev/serial/by-path/pci-0000:05:00.3-usb-0:2.1.3:1.0-port0
1790755304.6051,B,519,29364,-64,/dev/serial/by-path/pci-0000:05:00.3-usb-0:2.1.2:1.0-port0
1790755304.6142,A,531,29378,-69,/dev/serial/by-path/pci-0000:05:00.3-usb-0:2.1.1:1.0-port0
1790755304.6327,A,532,29397,-71,/dev/serial/by-path/pci-0000:05:00.3-usb-0:2.1.1:1.0-port0
1790755304.6329,B,520,29392,-65,/dev/serial/by-path/pci-0000:05:00.3-usb-0:2.1.2:1.0-port0
1790755304.6335,C,531,29393,-69,/dev/serial/by-path/pci-0000:05:00.3-usb-0:2.1.3:1.0-port0
1790755304.6838,C,532,29443,-70,/dev/serial/by-path/pci-0000:05:00.3-usb-0:2.1.3:1.0-port0
1790755304.7122,B,521,29472,-66,/dev/serial/by-path/pci-0000:05:00.3-usb-0:2.1.2:1.0-port0
1790755304.7158,A,533,29481,-73,/dev/serial/by-path/pci-0000:05:00.3-usb-0:2.1.1:1.0-port0
1790755304.7221,B,522,29482,-64,/dev/serial/by-path/pci-0000:05:00.3-usb-0:2.1.2:1.0-port0
1790755304.7233,C,533,29483,-69,/dev/serial/by-path/pci-0000:05:00.3-usb-0:2.1.3:1.0-port0
1790755304.7270,A,534,29491,-68,/dev/serial/by-path/pci-0000:05:00.3-usb-0:2.1.1:1.0-port0
1790755304.7663,C,534,29525,-68,/dev/serial/by-path/pci-0000:05:00.3-usb-0:2.1.3:1.0-port0
1790755304.7674,A,535,29532,-69,/dev/serial/by-path/pci-0000:05:00.3-usb-0:2.1.1:1.0-port0
1790755304.7681,B,523,29528,-65,/dev/serial/by-path/pci-0000:05:00.3-usb-0:2.1.2:1.0-port0
1790755304.8172,A,536,29581,-70,/dev/serial/by-path/pci-0000:05:00.3-usb-0:2.1.1:1.0-port0
1790755304.8252,C,535,29585,-69,/dev/serial/by-path/pci-0000:05:00.3-usb-0:2.1.3:1.0-port0
1790755304.8616,B,524,29621,-68,/dev/serial/by-path/pci-0000:05:00.3-usb-0:2.1.2:1.0-port0
1790755304.8620,C,536,29621,-67,/dev/serial/by-path/pci-0000:05:00.3-usb-0:2.1.3:1.0-port0
1790755304.8668,A,537,29631,-69,/dev/serial/by-path/pci-0000:05:00.3-usb-0:2.1.1:1.0-port0
1790755304.9122,B,525,29672,-66,/dev/serial/by-path/pci-0000:05:00.3-usb-0:2.1.2:1.0-port0
1790755304.9126,C,537,29671,-64,/dev/serial/by-path/pci-0000:05:00.3-usb-0:2.1.3:1.0-port0
1790755304.9129,A,538,29677,-67,/dev/serial/by-path/pci-0000:05:00.3-usb-0:2.1.1:1.0-port0
1790755304.9591,A,539,29723,-68,/dev/serial/by-path/pci-0000:05:00.3-usb-0:2.1.1:1.0-port0
1790755304.9627,B,526,29722,-67,/dev/serial/by-path/pci-0000:05:00.3-usb-0:2.1.2:1.0-port0
1790755304.9786,C,538,29738,-65,/dev/serial/by-path/pci-0000:05:00.3-usb-0:2.1.3:1.0-port0
1790755305.0030,A,540,29767,-70,/dev/serial/by-path/pci-0000:05:00.3-usb-0:2.1.1:1.0-port0
1790755305.0053,C,539,29764,-66,/dev/serial/by-path/pci-0000:05:00.3-usb-0:2.1.3:1.0-port0
1790755305.0057,B,527,29765,-68,/dev/serial/by-path/pci-0000:05:00.3-usb-0:2.1.2:1.0-port0
1790755305.0507,B,528,29810,-65,/dev/serial/by-path/pci-0000:05:00.3-usb-0:2.1.2:1.0-port0
1790755305.0680,A,541,29832,-69,/dev/serial/by-path/pci-0000:05:00.3-usb-0:2.1.1:1.0-port0
1790755305.0837,C,540,29843,-66,/dev/serial/by-path/pci-0000:05:00.3-usb-0:2.1.3:1.0-port0
1790755305.0961,B,529,29856,-67,/dev/serial/by-path/pci-0000:05:00.3-usb-0:2.1.2:1.0-port0
1790755305.1176,A,542,29881,-70,/dev/serial/by-path/pci-0000:05:00.3-usb-0:2.1.1:1.0-port0
1790755305.1227,C,541,29881,-63,/dev/serial/by-path/pci-0000:05:00.3-usb-0:2.1.3:1.0-port0
1790755305.1413,C,542,29900,-66,/dev/serial/by-path/pci-0000:05:00.3-usb-0:2.1.3:1.0-port0
1790755305.1577,B,530,29917,-66,/dev/serial/by-path/pci-0000:05:00.3-usb-0:2.1.2:1.0-port0
1790755305.1674,A,543,29931,-73,/dev/serial/by-path/pci-0000:05:00.3-usb-0:2.1.1:1.0-port0
1790755305.1840,C,543,29943,-67,/dev/serial/by-path/pci-0000:05:00.3-usb-0:2.1.3:1.0-port0
1790755305.1982,B,531,29958,-69,/dev/serial/by-path/pci-0000:05:00.3-usb-0:2.1.2:1.0-port0
1790755305.2173,A,544,29981,-74,/dev/serial/by-path/pci-0000:05:00.3-usb-0:2.1.1:1.0-port0
1790755305.2490,A,545,30013,-71,/dev/serial/by-path/pci-0000:05:00.3-usb-0:2.1.1:1.0-port0
1790755305.2493,B,532,30008,-68,/dev/serial/by-path/pci-0000:05:00.3-usb-0:2.1.2:1.0-port0
1790755305.2784,C,544,30037,-64,/dev/serial/by-path/pci-0000:05:00.3-usb-0:2.1.3:1.0-port0
1790755305.2806,B,533,30040,-67,/dev/serial/by-path/pci-0000:05:00.3-usb-0:2.1.2:1.0-port0
1790755305.2807,A,546,30044,-83,/dev/serial/by-path/pci-0000:05:00.3-usb-0:2.1.1:1.0-port0
1790755305.3253,C,545,30084,-70,/dev/serial/by-path/pci-0000:05:00.3-usb-0:2.1.3:1.0-port0
1790755305.3757,C,546,30135,-76,/dev/serial/by-path/pci-0000:05:00.3-usb-0:2.1.3:1.0-port0
1790755305.3761,B,534,30136,-63,/dev/serial/by-path/pci-0000:05:00.3-usb-0:2.1.2:1.0-port0
1790755305.3962,A,547,30160,-86,/dev/serial/by-path/pci-0000:05:00.3-usb-0:2.1.1:1.0-port0
1790755305.4283,B,535,30187,-68,/dev/serial/by-path/pci-0000:05:00.3-usb-0:2.1.2:1.0-port0
1790755305.4340,C,547,30193,-62,/dev/serial/by-path/pci-0000:05:00.3-usb-0:2.1.3:1.0-port0
1790755305.4606,A,548,30224,-84,/dev/serial/by-path/pci-0000:05:00.3-usb-0:2.1.1:1.0-port0
1790755305.4626,B,536,30222,-67,/dev/serial/by-path/pci-0000:05:00.3-usb-0:2.1.2:1.0-port0
1790755305.4843,C,548,30243,-72,/dev/serial/by-path/pci-0000:05:00.3-usb-0:2.1.3:1.0-port0
1790755305.5096,C,549,30268,-73,/dev/serial/by-path/pci-0000:05:00.3-usb-0:2.1.3:1.0-port0
1790755305.5100,A,549,30274,-80,/dev/serial/by-path/pci-0000:05:00.3-usb-0:2.1.1:1.0-port0
1790755305.5132,B,537,30272,-64,/dev/serial/by-path/pci-0000:05:00.3-usb-0:2.1.2:1.0-port0
1790755305.5494,B,538,30308,-60,/dev/serial/by-path/pci-0000:05:00.3-usb-0:2.1.2:1.0-port0
1790755305.5498,A,550,30314,-77,/dev/serial/by-path/pci-0000:05:00.3-usb-0:2.1.1:1.0-port0
1790755305.5607,C,550,30320,-63,/dev/serial/by-path/pci-0000:05:00.3-usb-0:2.1.3:1.0-port0
1790755305.5876,B,539,30347,-66,/dev/serial/by-path/pci-0000:05:00.3-usb-0:2.1.2:1.0-port0
1790755305.6087,C,551,30367,-71,/dev/serial/by-path/pci-0000:05:00.3-usb-0:2.1.3:1.0-port0
1790755305.6090,A,551,30372,-81,/dev/serial/by-path/pci-0000:05:00.3-usb-0:2.1.1:1.0-port0
1790755305.6339,C,552,30393,-71,/dev/serial/by-path/pci-0000:05:00.3-usb-0:2.1.3:1.0-port0
1790755305.6342,B,540,30394,-64,/dev/serial/by-path/pci-0000:05:00.3-usb-0:2.1.2:1.0-port0
1790755305.6640,A,552,30428,-77,/dev/serial/by-path/pci-0000:05:00.3-usb-0:2.1.1:1.0-port0
1790755305.6814,A,553,30445,-77,/dev/serial/by-path/pci-0000:05:00.3-usb-0:2.1.1:1.0-port0
1790755305.6884,B,541,30448,-59,/dev/serial/by-path/pci-0000:05:00.3-usb-0:2.1.2:1.0-port0
1790755305.7254,C,553,30484,-61,/dev/serial/by-path/pci-0000:05:00.3-usb-0:2.1.3:1.0-port0
1790755305.7297,B,542,30489,-64,/dev/serial/by-path/pci-0000:05:00.3-usb-0:2.1.2:1.0-port0
1790755305.7674,A,554,30531,-76,/dev/serial/by-path/pci-0000:05:00.3-usb-0:2.1.1:1.0-port0
1790755305.7690,C,554,30528,-69,/dev/serial/by-path/pci-0000:05:00.3-usb-0:2.1.3:1.0-port0
1790755305.7694,B,543,30529,-61,/dev/serial/by-path/pci-0000:05:00.3-usb-0:2.1.2:1.0-port0
1790755305.8179,A,555,30582,-76,/dev/serial/by-path/pci-0000:05:00.3-usb-0:2.1.1:1.0-port0
1790755305.8339,C,555,30593,-71,/dev/serial/by-path/pci-0000:05:00.3-usb-0:2.1.3:1.0-port0
1790755305.8372,B,544,30596,-61,/dev/serial/by-path/pci-0000:05:00.3-usb-0:2.1.2:1.0-port0
1790755305.8594,C,556,30618,-60,/dev/serial/by-path/pci-0000:05:00.3-usb-0:2.1.3:1.0-port0
1790755305.8595,A,556,30623,-75,/dev/serial/by-path/pci-0000:05:00.3-usb-0:2.1.1:1.0-port0
1790755305.8624,B,545,30622,-62,/dev/serial/by-path/pci-0000:05:00.3-usb-0:2.1.2:1.0-port0
1790755305.9060,C,557,30665,-68,/dev/serial/by-path/pci-0000:05:00.3-usb-0:2.1.3:1.0-port0
1790755305.9063,A,557,30670,-74,/dev/serial/by-path/pci-0000:05:00.3-usb-0:2.1.1:1.0-port0
1790755305.9125,B,546,30672,-64,/dev/serial/by-path/pci-0000:05:00.3-usb-0:2.1.2:1.0-port0
1790755305.9632,B,547,30722,-62,/dev/serial/by-path/pci-0000:05:00.3-usb-0:2.1.2:1.0-port0
1790755305.9675,A,558,30732,-73,/dev/serial/by-path/pci-0000:05:00.3-usb-0:2.1.1:1.0-port0
1790755305.9806,C,558,30740,-65,/dev/serial/by-path/pci-0000:05:00.3-usb-0:2.1.3:1.0-port0
1790755305.9925,B,548,30752,-62,/dev/serial/by-path/pci-0000:05:00.3-usb-0:2.1.2:1.0-port0
1790755305.9930,A,559,30757,-75,/dev/serial/by-path/pci-0000:05:00.3-usb-0:2.1.1:1.0-port0
1790755305.9979,C,559,30757,-58,/dev/serial/by-path/pci-0000:05:00.3-usb-0:2.1.3:1.0-port0
1790755306.0337,C,560,30793,-57,/dev/serial/by-path/pci-0000:05:00.3-usb-0:2.1.3:1.0-port0
1790755306.0361,B,549,30795,-67,/dev/serial/by-path/pci-0000:05:00.3-usb-0:2.1.2:1.0-port0
1790755306.0671,A,560,30831,-74,/dev/serial/by-path/pci-0000:05:00.3-usb-0:2.1.1:1.0-port0
1790755306.0777,C,561,30836,-64,/dev/serial/by-path/pci-0000:05:00.3-usb-0:2.1.3:1.0-port0
1790755306.0861,A,561,30850,-74,/dev/serial/by-path/pci-0000:05:00.3-usb-0:2.1.1:1.0-port0
1790755306.0994,B,550,30859,-67,/dev/serial/by-path/pci-0000:05:00.3-usb-0:2.1.2:1.0-port0
1790755306.1182,C,562,30877,-63,/dev/serial/by-path/pci-0000:05:00.3-usb-0:2.1.3:1.0-port0
1790755306.1186,B,551,30878,-67,/dev/serial/by-path/pci-0000:05:00.3-usb-0:2.1.2:1.0-port0
1790755306.1675,A,562,30931,-79,/dev/serial/by-path/pci-0000:05:00.3-usb-0:2.1.1:1.0-port0
1790755306.1841,C,563,30943,-61,/dev/serial/by-path/pci-0000:05:00.3-usb-0:2.1.3:1.0-port0
1790755306.2082,B,552,30968,-72,/dev/serial/by-path/pci-0000:05:00.3-usb-0:2.1.2:1.0-port0
1790755306.2087,A,563,30973,-73,/dev/serial/by-path/pci-0000:05:00.3-usb-0:2.1.1:1.0-port0
1790755306.2088,C,564,30968,-63,/dev/serial/by-path/pci-0000:05:00.3-usb-0:2.1.3:1.0-port0
1790755306.2612,A,564,31025,-73,/dev/serial/by-path/pci-0000:05:00.3-usb-0:2.1.1:1.0-port0
1790755306.2627,B,553,31022,-68,/dev/serial/by-path/pci-0000:05:00.3-usb-0:2.1.2:1.0-port0
1790755306.2838,C,565,31043,-61,/dev/serial/by-path/pci-0000:05:00.3-usb-0:2.1.3:1.0-port0
1790755306.3079,C,566,31067,-59,/dev/serial/by-path/pci-0000:05:00.3-usb-0:2.1.3:1.0-port0
1790755306.3083,B,554,31067,-71,/dev/serial/by-path/pci-0000:05:00.3-usb-0:2.1.2:1.0-port0
1790755306.3087,A,565,31073,-76,/dev/serial/by-path/pci-0000:05:00.3-usb-0:2.1.1:1.0-port0
1790755306.3489,B,555,31108,-69,/dev/serial/by-path/pci-0000:05:00.3-usb-0:2.1.2:1.0-port0
1790755306.3671,A,566,31131,-73,/dev/serial/by-path/pci-0000:05:00.3-usb-0:2.1.1:1.0-port0
1790755306.3690,C,567,31128,-66,/dev/serial/by-path/pci-0000:05:00.3-usb-0:2.1.3:1.0-port0
1790755306.4022,A,567,31166,-72,/dev/serial/by-path/pci-0000:05:00.3-usb-0:2.1.1:1.0-port0
1790755306.4077,B,556,31167,-67,/dev/serial/by-path/pci-0000:05:00.3-usb-0:2.1.2:1.0-port0
1790755306.4081,C,568,31167,-62,/dev/serial/by-path/pci-0000:05:00.3-usb-0:2.1.3:1.0-port0
1790755306.4391,B,557,31198,-75,/dev/serial/by-path/pci-0000:05:00.3-usb-0:2.1.2:1.0-port0
1790755306.4672,A,568,31231,-73,/dev/serial/by-path/pci-0000:05:00.3-usb-0:2.1.1:1.0-port0
1790755306.4701,C,569,31229,-62,/dev/serial/by-path/pci-0000:05:00.3-usb-0:2.1.3:1.0-port0
1790755306.4814,C,570,31240,-63,/dev/serial/by-path/pci-0000:05:00.3-usb-0:2.1.3:1.0-port0
1790755306.4936,B,558,31253,-69,/dev/serial/by-path/pci-0000:05:00.3-usb-0:2.1.2:1.0-port0
1790755306.5121,A,569,31276,-73,/dev/serial/by-path/pci-0000:05:00.3-usb-0:2.1.1:1.0-port0
1790755306.5198,C,571,31279,-69,/dev/serial/by-path/pci-0000:05:00.3-usb-0:2.1.3:1.0-port0
1790755306.5267,A,570,31291,-73,/dev/serial/by-path/pci-0000:05:00.3-usb-0:2.1.1:1.0-port0
1790755306.5271,B,559,31286,-66,/dev/serial/by-path/pci-0000:05:00.3-usb-0:2.1.2:1.0-port0
1790755306.5682,C,572,31327,-63,/dev/serial/by-path/pci-0000:05:00.3-usb-0:2.1.3:1.0-port0
1790755306.6125,B,560,31372,-71,/dev/serial/by-path/pci-0000:05:00.3-usb-0:2.1.2:1.0-port0
1790755306.6188,C,573,31378,-62,/dev/serial/by-path/pci-0000:05:00.3-usb-0:2.1.3:1.0-port0
1790755306.6263,B,561,31385,-68,/dev/serial/by-path/pci-0000:05:00.3-usb-0:2.1.2:1.0-port0
1790755306.6571,C,574,31416,-65,/dev/serial/by-path/pci-0000:05:00.3-usb-0:2.1.3:1.0-port0
1790755306.6630,B,562,31422,-68,/dev/serial/by-path/pci-0000:05:00.3-usb-0:2.1.2:1.0-port0
1790755306.6632,A,571,31427,-98,/dev/serial/by-path/pci-0000:05:00.3-usb-0:2.1.1:1.0-port0
1790755306.6983,B,563,31457,-67,/dev/serial/by-path/pci-0000:05:00.3-usb-0:2.1.2:1.0-port0
1790755306.7174,A,572,31481,-71,/dev/serial/by-path/pci-0000:05:00.3-usb-0:2.1.1:1.0-port0
1790755306.7215,C,575,31480,-62,/dev/serial/by-path/pci-0000:05:00.3-usb-0:2.1.3:1.0-port0
1790755306.7524,B,564,31512,-66,/dev/serial/by-path/pci-0000:05:00.3-usb-0:2.1.2:1.0-port0
1790755306.7666,A,573,31531,-71,/dev/serial/by-path/pci-0000:05:00.3-usb-0:2.1.1:1.0-port0
1790755306.7812,C,576,31541,-62,/dev/serial/by-path/pci-0000:05:00.3-usb-0:2.1.3:1.0-port0
1790755306.7832,C,577,31541,-61,/dev/serial/by-path/pci-0000:05:00.3-usb-0:2.1.3:1.0-port0
1790755306.7984,A,574,31562,-72,/dev/serial/by-path/pci-0000:05:00.3-usb-0:2.1.1:1.0-port0
1790755306.7987,B,565,31558,-67,/dev/serial/by-path/pci-0000:05:00.3-usb-0:2.1.2:1.0-port0
1790755306.8313,A,575,31595,-71,/dev/serial/by-path/pci-0000:05:00.3-usb-0:2.1.1:1.0-port0
1790755306.8339,C,578,31593,-68,/dev/serial/by-path/pci-0000:05:00.3-usb-0:2.1.3:1.0-port0
1790755306.8759,C,579,31635,-65,/dev/serial/by-path/pci-0000:05:00.3-usb-0:2.1.3:1.0-port0
1790755306.8766,B,566,31636,-67,/dev/serial/by-path/pci-0000:05:00.3-usb-0:2.1.2:1.0-port0
1790755306.9077,A,576,31671,-72,/dev/serial/by-path/pci-0000:05:00.3-usb-0:2.1.1:1.0-port0
1790755306.9264,C,580,31685,-61,/dev/serial/by-path/pci-0000:05:00.3-usb-0:2.1.3:1.0-port0
1790755306.9290,B,567,31688,-68,/dev/serial/by-path/pci-0000:05:00.3-usb-0:2.1.2:1.0-port0
1790755306.9295,A,577,31693,-74,/dev/serial/by-path/pci-0000:05:00.3-usb-0:2.1.1:1.0-port0
1790755306.9840,C,581,31743,-69,/dev/serial/by-path/pci-0000:05:00.3-usb-0:2.1.3:1.0-port0
1790755307.0047,A,578,31769,-74,/dev/serial/by-path/pci-0000:05:00.3-usb-0:2.1.1:1.0-port0
1790755307.0048,B,568,31764,-65,/dev/serial/by-path/pci-0000:05:00.3-usb-0:2.1.2:1.0-port0
1790755307.0325,B,569,31792,-68,/dev/serial/by-path/pci-0000:05:00.3-usb-0:2.1.2:1.0-port0
1790755307.0327,A,579,31797,-73,/dev/serial/by-path/pci-0000:05:00.3-usb-0:2.1.1:1.0-port0
1790755307.1166,C,582,31876,-71,/dev/serial/by-path/pci-0000:05:00.3-usb-0:2.1.3:1.0-port0
1790755307.1169,A,580,31881,-82,/dev/serial/by-path/pci-0000:05:00.3-usb-0:2.1.1:1.0-port0
1790755307.1203,B,570,31879,-62,/dev/serial/by-path/pci-0000:05:00.3-usb-0:2.1.2:1.0-port0
1790755307.1649,A,581,31929,-77,/dev/serial/by-path/pci-0000:05:00.3-usb-0:2.1.1:1.0-port0
1790755307.1837,C,583,31943,-72,/dev/serial/by-path/pci-0000:05:00.3-usb-0:2.1.3:1.0-port0
1790755307.2105,C,584,31969,-63,/dev/serial/by-path/pci-0000:05:00.3-usb-0:2.1.3:1.0-port0
1790755307.2115,B,571,31971,-61,/dev/serial/by-path/pci-0000:05:00.3-usb-0:2.1.2:1.0-port0
1790755307.2124,A,582,31976,-80,/dev/serial/by-path/pci-0000:05:00.3-usb-0:2.1.1:1.0-port0
1790755307.2490,C,585,32008,-71,/dev/serial/by-path/pci-0000:05:00.3-usb-0:2.1.3:1.0-port0
1790755307.2494,B,572,32008,-66,/dev/serial/by-path/pci-0000:05:00.3-usb-0:2.1.2:1.0-port0
1790755307.2954,A,583,32059,-81,/dev/serial/by-path/pci-0000:05:00.3-usb-0:2.1.1:1.0-port0
1790755307.2957,B,573,32054,-63,/dev/serial/by-path/pci-0000:05:00.3-usb-0:2.1.2:1.0-port0
1790755307.3339,C,586,32093,-71,/dev/serial/by-path/pci-0000:05:00.3-usb-0:2.1.3:1.0-port0
1790755307.3410,B,574,32100,-61,/dev/serial/by-path/pci-0000:05:00.3-usb-0:2.1.2:1.0-port0
1790755307.3413,A,584,32105,-81,/dev/serial/by-path/pci-0000:05:00.3-usb-0:2.1.1:1.0-port0
1790755307.3417,C,587,32100,-61,/dev/serial/by-path/pci-0000:05:00.3-usb-0:2.1.3:1.0-port0
1790755307.3839,C,588,32143,-62,/dev/serial/by-path/pci-0000:05:00.3-usb-0:2.1.3:1.0-port0
1790755307.3976,B,575,32157,-66,/dev/serial/by-path/pci-0000:05:00.3-usb-0:2.1.2:1.0-port0
1790755307.4124,A,585,32176,-87,/dev/serial/by-path/pci-0000:05:00.3-usb-0:2.1.1:1.0-port0
1790755307.4279,C,589,32187,-71,/dev/serial/by-path/pci-0000:05:00.3-usb-0:2.1.3:1.0-port0
1790755307.4784,C,590,32237,-71,/dev/serial/by-path/pci-0000:05:00.3-usb-0:2.1.3:1.0-port0
1790755307.4788,B,576,32238,-69,/dev/serial/by-path/pci-0000:05:00.3-usb-0:2.1.2:1.0-port0
1790755307.5243,B,577,32283,-67,/dev/serial/by-path/pci-0000:05:00.3-usb-0:2.1.2:1.0-port0
1790755307.5338,C,591,32293,-63,/dev/serial/by-path/pci-0000:05:00.3-usb-0:2.1.3:1.0-port0
1790755307.5391,A,586,32303,-85,/dev/serial/by-path/pci-0000:05:00.3-usb-0:2.1.1:1.0-port0
1790755307.5647,A,587,32329,-89,/dev/serial/by-path/pci-0000:05:00.3-usb-0:2.1.1:1.0-port0
1790755307.5739,C,592,32333,-68,/dev/serial/by-path/pci-0000:05:00.3-usb-0:2.1.3:1.0-port0
1790755307.6101,B,578,32369,-67,/dev/serial/by-path/pci-0000:05:00.3-usb-0:2.1.2:1.0-port0
1790755307.6172,A,588,32381,-74,/dev/serial/by-path/pci-0000:05:00.3-usb-0:2.1.1:1.0-port0
1790755307.6175,C,593,32376,-63,/dev/serial/by-path/pci-0000:05:00.3-usb-0:2.1.3:1.0-port0
1790755307.6522,B,579,32411,-67,/dev/serial/by-path/pci-0000:05:00.3-usb-0:2.1.2:1.0-port0
1790755307.6581,C,594,32417,-60,/dev/serial/by-path/pci-0000:05:00.3-usb-0:2.1.3:1.0-port0
1790755307.6598,A,589,32423,-78,/dev/serial/by-path/pci-0000:05:00.3-usb-0:2.1.1:1.0-port0
1790755307.6983,B,580,32458,-69,/dev/serial/by-path/pci-0000:05:00.3-usb-0:2.1.2:1.0-port0
1790755307.7170,A,590,32481,-86,/dev/serial/by-path/pci-0000:05:00.3-usb-0:2.1.1:1.0-port0
1790755307.7276,C,595,32487,-67,/dev/serial/by-path/pci-0000:05:00.3-usb-0:2.1.3:1.0-port0
1790755307.7628,B,581,32522,-69,/dev/serial/by-path/pci-0000:05:00.3-usb-0:2.1.2:1.0-port0
1790755307.7723,C,596,32531,-66,/dev/serial/by-path/pci-0000:05:00.3-usb-0:2.1.3:1.0-port0
1790755307.7937,B,582,32553,-69,/dev/serial/by-path/pci-0000:05:00.3-usb-0:2.1.2:1.0-port0
1790755307.7942,A,591,32558,-83,/dev/serial/by-path/pci-0000:05:00.3-usb-0:2.1.1:1.0-port0
1790755307.8016,C,597,32561,-61,/dev/serial/by-path/pci-0000:05:00.3-usb-0:2.1.3:1.0-port0
1790755307.8624,B,583,32622,-71,/dev/serial/by-path/pci-0000:05:00.3-usb-0:2.1.2:1.0-port0
1790755307.8673,A,592,32631,-86,/dev/serial/by-path/pci-0000:05:00.3-usb-0:2.1.1:1.0-port0
1790755307.9315,C,598,32690,-65,/dev/serial/by-path/pci-0000:05:00.3-usb-0:2.1.3:1.0-port0
1790755307.9631,B,584,32722,-65,/dev/serial/by-path/pci-0000:05:00.3-usb-0:2.1.2:1.0-port0
1790755307.9677,A,593,32731,-70,/dev/serial/by-path/pci-0000:05:00.3-usb-0:2.1.1:1.0-port0
1790755307.9764,B,585,32736,-65,/dev/serial/by-path/pci-0000:05:00.3-usb-0:2.1.2:1.0-port0
1790755307.9906,A,594,32754,-76,/dev/serial/by-path/pci-0000:05:00.3-usb-0:2.1.1:1.0-port0
1790755308.0256,B,586,32785,-65,/dev/serial/by-path/pci-0000:05:00.3-usb-0:2.1.2:1.0-port0
1790755308.0257,A,595,32789,-72,/dev/serial/by-path/pci-0000:05:00.3-usb-0:2.1.1:1.0-port0
1790755308.0342,C,599,32793,-67,/dev/serial/by-path/pci-0000:05:00.3-usb-0:2.1.3:1.0-port0
1790755308.0711,C,600,32830,-65,/dev/serial/by-path/pci-0000:05:00.3-usb-0:2.1.3:1.0-port0
1790755308.0762,A,596,32840,-76,/dev/serial/by-path/pci-0000:05:00.3-usb-0:2.1.1:1.0-port0
1790755308.0765,B,587,32835,-68,/dev/serial/by-path/pci-0000:05:00.3-usb-0:2.1.2:1.0-port0
1790755308.1136,A,597,32878,-79,/dev/serial/by-path/pci-0000:05:00.3-usb-0:2.1.1:1.0-port0
1790755308.1321,C,601,32891,-61,/dev/serial/by-path/pci-0000:05:00.3-usb-0:2.1.3:1.0-port0
1790755308.1521,B,588,32911,-68,/dev/serial/by-path/pci-0000:05:00.3-usb-0:2.1.2:1.0-port0
1790755308.1542,A,598,32918,-83,/dev/serial/by-path/pci-0000:05:00.3-usb-0:2.1.1:1.0-port0
1790755308.1544,C,602,32913,-68,/dev/serial/by-path/pci-0000:05:00.3-usb-0:2.1.3:1.0-port0
1790755308.2011,B,589,32960,-66,/dev/serial/by-path/pci-0000:05:00.3-usb-0:2.1.2:1.0-port0
1790755308.2012,A,599,32965,-76,/dev/serial/by-path/pci-0000:05:00.3-usb-0:2.1.1:1.0-port0
1790755308.2031,C,603,32962,-63,/dev/serial/by-path/pci-0000:05:00.3-usb-0:2.1.3:1.0-port0
1790755308.2406,B,590,33000,-70,/dev/serial/by-path/pci-0000:05:00.3-usb-0:2.1.2:1.0-port0
1790755308.2677,A,600,33032,-77,/dev/serial/by-path/pci-0000:05:00.3-usb-0:2.1.1:1.0-port0
1790755308.2830,C,604,33042,-63,/dev/serial/by-path/pci-0000:05:00.3-usb-0:2.1.3:1.0-port0
1790755308.2898,C,605,33048,-67,/dev/serial/by-path/pci-0000:05:00.3-usb-0:2.1.3:1.0-port0
1790755308.2903,A,601,33054,-83,/dev/serial/by-path/pci-0000:05:00.3-usb-0:2.1.1:1.0-port0
1790755308.2906,B,591,33049,-67,/dev/serial/by-path/pci-0000:05:00.3-usb-0:2.1.2:1.0-port0
1790755308.3542,B,592,33113,-65,/dev/serial/by-path/pci-0000:05:00.3-usb-0:2.1.2:1.0-port0
1790755308.3545,A,602,33118,-71,/dev/serial/by-path/pci-0000:05:00.3-usb-0:2.1.1:1.0-port0
1790755308.3549,C,606,33113,-64,/dev/serial/by-path/pci-0000:05:00.3-usb-0:2.1.3:1.0-port0
1790755308.3923,B,593,33152,-66,/dev/serial/by-path/pci-0000:05:00.3-usb-0:2.1.2:1.0-port0
1790755308.3931,A,603,33157,-71,/dev/serial/by-path/pci-0000:05:00.3-usb-0:2.1.1:1.0-port0
1790755308.4340,A,604,33198,-73,/dev/serial/by-path/pci-0000:05:00.3-usb-0:2.1.1:1.0-port0
1790755308.4344,B,594,33193,-67,/dev/serial/by-path/pci-0000:05:00.3-usb-0:2.1.2:1.0-port0
1790755308.4747,B,595,33234,-66,/dev/serial/by-path/pci-0000:05:00.3-usb-0:2.1.2:1.0-port0
1790755308.4835,C,607,33243,-66,/dev/serial/by-path/pci-0000:05:00.3-usb-0:2.1.3:1.0-port0
1790755308.4992,A,605,33263,-73,/dev/serial/by-path/pci-0000:05:00.3-usb-0:2.1.1:1.0-port0
1790755308.5154,A,606,33279,-76,/dev/serial/by-path/pci-0000:05:00.3-usb-0:2.1.1:1.0-port0
1790755308.5155,C,608,33274,-65,/dev/serial/by-path/pci-0000:05:00.3-usb-0:2.1.3:1.0-port0
1790755308.5613,C,609,33320,-61,/dev/serial/by-path/pci-0000:05:00.3-usb-0:2.1.3:1.0-port0
1790755308.5615,B,596,33320,-66,/dev/serial/by-path/pci-0000:05:00.3-usb-0:2.1.2:1.0-port0
1790755308.5672,A,607,33331,-75,/dev/serial/by-path/pci-0000:05:00.3-usb-0:2.1.1:1.0-port0
1790755308.6017,A,608,33365,-81,/dev/serial/by-path/pci-0000:05:00.3-usb-0:2.1.1:1.0-port0
1790755308.6022,C,610,33361,-67,/dev/serial/by-path/pci-0000:05:00.3-usb-0:2.1.3:1.0-port0
1790755308.6025,B,597,33362,-67,/dev/serial/by-path/pci-0000:05:00.3-usb-0:2.1.2:1.0-port0
1790755308.6459,B,598,33405,-66,/dev/serial/by-path/pci-0000:05:00.3-usb-0:2.1.2:1.0-port0
1790755308.6673,A,609,33431,-78,/dev/serial/by-path/pci-0000:05:00.3-usb-0:2.1.1:1.0-port0
1790755308.6836,C,611,33443,-65,/dev/serial/by-path/pci-0000:05:00.3-usb-0:2.1.3:1.0-port0
1790755308.7022,B,599,33461,-64,/dev/serial/by-path/pci-0000:05:00.3-usb-0:2.1.2:1.0-port0
1790755308.7027,C,612,33461,-61,/dev/serial/by-path/pci-0000:05:00.3-usb-0:2.1.3:1.0-port0
1790755308.7090,A,610,33473,-73,/dev/serial/by-path/pci-0000:05:00.3-usb-0:2.1.1:1.0-port0
1790755308.7396,B,600,33499,-66,/dev/serial/by-path/pci-0000:05:00.3-usb-0:2.1.2:1.0-port0
1790755308.7398,A,611,33503,-89,/dev/serial/by-path/pci-0000:05:00.3-usb-0:2.1.1:1.0-port0
1790755308.7608,C,613,33520,-68,/dev/serial/by-path/pci-0000:05:00.3-usb-0:2.1.3:1.0-port0
1790755308.8393,B,601,33598,-63,/dev/serial/by-path/pci-0000:05:00.3-usb-0:2.1.2:1.0-port0
1790755308.8394,A,612,33603,-77,/dev/serial/by-path/pci-0000:05:00.3-usb-0:2.1.1:1.0-port0
1790755308.8555,C,614,33614,-63,/dev/serial/by-path/pci-0000:05:00.3-usb-0:2.1.3:1.0-port0
1790755308.8916,B,602,33651,-69,/dev/serial/by-path/pci-0000:05:00.3-usb-0:2.1.2:1.0-port0
1790755308.8938,A,613,33658,-89,/dev/serial/by-path/pci-0000:05:00.3-usb-0:2.1.1:1.0-port0
1790755308.9322,A,614,33696,-83,/dev/serial/by-path/pci-0000:05:00.3-usb-0:2.1.1:1.0-port0
1790755308.9324,B,603,33691,-65,/dev/serial/by-path/pci-0000:05:00.3-usb-0:2.1.2:1.0-port0
1790755308.9334,C,615,33693,-71,/dev/serial/by-path/pci-0000:05:00.3-usb-0:2.1.3:1.0-port0
1790755308.9787,B,604,33738,-62,/dev/serial/by-path/pci-0000:05:00.3-usb-0:2.1.2:1.0-port0
1790755308.9846,C,616,33743,-76,/dev/serial/by-path/pci-0000:05:00.3-usb-0:2.1.3:1.0-port0
1790755308.9946,A,615,33759,-73,/dev/serial/by-path/pci-0000:05:00.3-usb-0:2.1.1:1.0-port0
1790755309.0295,B,605,33789,-71,/dev/serial/by-path/pci-0000:05:00.3-usb-0:2.1.2:1.0-port0
1790755309.0307,C,617,33790,-65,/dev/serial/by-path/pci-0000:05:00.3-usb-0:2.1.3:1.0-port0
1790755309.0665,A,616,33830,-82,/dev/serial/by-path/pci-0000:05:00.3-usb-0:2.1.1:1.0-port0
1790755309.0838,C,618,33843,-72,/dev/serial/by-path/pci-0000:05:00.3-usb-0:2.1.3:1.0-port0
1790755309.0842,B,606,33844,-64,/dev/serial/by-path/pci-0000:05:00.3-usb-0:2.1.2:1.0-port0
1790755309.1067,A,617,33870,-83,/dev/serial/by-path/pci-0000:05:00.3-usb-0:2.1.1:1.0-port0
1790755309.1070,B,607,33866,-64,/dev/serial/by-path/pci-0000:05:00.3-usb-0:2.1.2:1.0-port0
1790755309.1302,C,619,33889,-75,/dev/serial/by-path/pci-0000:05:00.3-usb-0:2.1.3:1.0-port0
1790755309.1505,C,620,33909,-64,/dev/serial/by-path/pci-0000:05:00.3-usb-0:2.1.3:1.0-port0
1790755309.1506,B,608,33910,-67,/dev/serial/by-path/pci-0000:05:00.3-usb-0:2.1.2:1.0-port0
1790755309.1674,A,618,33931,-84,/dev/serial/by-path/pci-0000:05:00.3-usb-0:2.1.1:1.0-port0
1790755309.1961,C,621,33955,-68,/dev/serial/by-path/pci-0000:05:00.3-usb-0:2.1.3:1.0-port0
1790755309.1965,A,619,33960,-88,/dev/serial/by-path/pci-0000:05:00.3-usb-0:2.1.1:1.0-port0
1790755309.1968,B,609,33955,-67,/dev/serial/by-path/pci-0000:05:00.3-usb-0:2.1.2:1.0-port0
1790755309.2386,A,620,34002,-77,/dev/serial/by-path/pci-0000:05:00.3-usb-0:2.1.1:1.0-port0
1790755309.2390,B,610,33998,-64,/dev/serial/by-path/pci-0000:05:00.3-usb-0:2.1.2:1.0-port0
1790755309.2449,C,622,34004,-63,/dev/serial/by-path/pci-0000:05:00.3-usb-0:2.1.3:1.0-port0
1790755309.2840,C,623,34043,-64,/dev/serial/by-path/pci-0000:05:00.3-usb-0:2.1.3:1.0-port0
1790755309.3074,A,621,34071,-83,/dev/serial/by-path/pci-0000:05:00.3-usb-0:2.1.1:1.0-port0
1790755309.3278,C,624,34087,-59,/dev/serial/by-path/pci-0000:05:00.3-usb-0:2.1.3:1.0-port0
1790755309.3415,B,611,34101,-68,/dev/serial/by-path/pci-0000:05:00.3-usb-0:2.1.2:1.0-port0
1790755309.3420,A,622,34106,-86,/dev/serial/by-path/pci-0000:05:00.3-usb-0:2.1.1:1.0-port0
1790755309.3819,C,625,34141,-67,/dev/serial/by-path/pci-0000:05:00.3-usb-0:2.1.3:1.0-port0
1790755309.4339,C,626,34193,-65,/dev/serial/by-path/pci-0000:05:00.3-usb-0:2.1.3:1.0-port0
1790755309.4573,C,627,34216,-62,/dev/serial/by-path/pci-0000:05:00.3-usb-0:2.1.3:1.0-port0
1790755309.4576,B,612,34217,-70,/dev/serial/by-path/pci-0000:05:00.3-usb-0:2.1.2:1.0-port0
1790755309.4673,A,623,34231,-77,/dev/serial/by-path/pci-0000:05:00.3-usb-0:2.1.1:1.0-port0
1790755309.5023,B,613,34261,-71,/dev/serial/by-path/pci-0000:05:00.3-usb-0:2.1.2:1.0-port0
1790755309.5024,C,628,34261,-94,/dev/serial/by-path/pci-0000:05:00.3-usb-0:2.1.3:1.0-port0
1790755309.5174,A,624,34281,-77,/dev/serial/by-path/pci-0000:05:00.3-usb-0:2.1.1:1.0-port0
1790755309.5464,A,625,34310,-70,/dev/serial/by-path/pci-0000:05:00.3-usb-0:2.1.1:1.0-port0
1790755309.5508,B,614,34310,-65,/dev/serial/by-path/pci-0000:05:00.3-usb-0:2.1.2:1.0-port0
1790755309.5512,C,629,34310,-63,/dev/serial/by-path/pci-0000:05:00.3-usb-0:2.1.3:1.0-port0
1790755309.5956,B,615,34355,-67,/dev/serial/by-path/pci-0000:05:00.3-usb-0:2.1.2:1.0-port0
1790755309.6176,A,626,34382,-70,/dev/serial/by-path/pci-0000:05:00.3-usb-0:2.1.1:1.0-port0
1790755309.6338,C,630,34393,-63,/dev/serial/by-path/pci-0000:05:00.3-usb-0:2.1.3:1.0-port0
1790755309.6566,B,616,34416,-67,/dev/serial/by-path/pci-0000:05:00.3-usb-0:2.1.2:1.0-port0
1790755309.6585,A,627,34422,-77,/dev/serial/by-path/pci-0000:05:00.3-usb-0:2.1.1:1.0-port0
1790755309.6750,C,631,34434,-68,/dev/serial/by-path/pci-0000:05:00.3-usb-0:2.1.3:1.0-port0
1790755309.7023,A,628,34466,-72,/dev/serial/by-path/pci-0000:05:00.3-usb-0:2.1.1:1.0-port0
1790755309.7337,C,632,34493,-65,/dev/serial/by-path/pci-0000:05:00.3-usb-0:2.1.3:1.0-port0
1790755309.7605,B,617,34520,-68,/dev/serial/by-path/pci-0000:05:00.3-usb-0:2.1.2:1.0-port0
1790755309.7606,A,629,34525,-78,/dev/serial/by-path/pci-0000:05:00.3-usb-0:2.1.1:1.0-port0
1790755309.7627,B,618,34521,-68,/dev/serial/by-path/pci-0000:05:00.3-usb-0:2.1.2:1.0-port0
1790755309.7631,A,630,34525,-76,/dev/serial/by-path/pci-0000:05:00.3-usb-0:2.1.1:1.0-port0
1790755309.7657,C,633,34525,-61,/dev/serial/by-path/pci-0000:05:00.3-usb-0:2.1.3:1.0-port0
1790755309.8004,B,619,34560,-68,/dev/serial/by-path/pci-0000:05:00.3-usb-0:2.1.2:1.0-port0
1790755309.8007,A,631,34565,-83,/dev/serial/by-path/pci-0000:05:00.3-usb-0:2.1.1:1.0-port0
1790755309.8338,C,634,34593,-67,/dev/serial/by-path/pci-0000:05:00.3-usb-0:2.1.3:1.0-port0
1790755309.8467,B,620,34606,-67,/dev/serial/by-path/pci-0000:05:00.3-usb-0:2.1.2:1.0-port0
1790755309.8664,C,635,34625,-64,/dev/serial/by-path/pci-0000:05:00.3-usb-0:2.1.3:1.0-port0
1790755309.8666,A,632,34631,-74,/dev/serial/by-path/pci-0000:05:00.3-usb-0:2.1.1:1.0-port0
1790755309.9125,B,621,34672,-69,/dev/serial/by-path/pci-0000:05:00.3-usb-0:2.1.2:1.0-port0
1790755309.9178,A,633,34681,-74,/dev/serial/by-path/pci-0000:05:00.3-usb-0:2.1.1:1.0-port0
1790755309.9325,C,636,34691,-63,/dev/serial/by-path/pci-0000:05:00.3-usb-0:2.1.3:1.0-port0
1790755309.9394,B,622,34699,-67,/dev/serial/by-path/pci-0000:05:00.3-usb-0:2.1.2:1.0-port0
1790755309.9397,A,634,34704,-79,/dev/serial/by-path/pci-0000:05:00.3-usb-0:2.1.1:1.0-port0
1790755309.9419,C,637,34701,-68,/dev/serial/by-path/pci-0000:05:00.3-usb-0:2.1.3:1.0-port0
1790755309.9826,C,638,34741,-66,/dev/serial/by-path/pci-0000:05:00.3-usb-0:2.1.3:1.0-port0
1790755309.9831,A,635,34747,-74,/dev/serial/by-path/pci-0000:05:00.3-usb-0:2.1.1:1.0-port0
1790755310.0127,B,623,34772,-65,/dev/serial/by-path/pci-0000:05:00.3-usb-0:2.1.2:1.0-port0
1790755310.0260,C,639,34785,-62,/dev/serial/by-path/pci-0000:05:00.3-usb-0:2.1.3:1.0-port0
1790755310.0632,B,624,34822,-67,/dev/serial/by-path/pci-0000:05:00.3-usb-0:2.1.2:1.0-port0
1790755310.0672,A,636,34831,-73,/dev/serial/by-path/pci-0000:05:00.3-usb-0:2.1.1:1.0-port0
1790755310.0731,C,640,34832,-62,/dev/serial/by-path/pci-0000:05:00.3-usb-0:2.1.3:1.0-port0
1790755310.0760,B,625,34835,-68,/dev/serial/by-path/pci-0000:05:00.3-usb-0:2.1.2:1.0-port0
1790755310.0763,A,637,34840,-74,/dev/serial/by-path/pci-0000:05:00.3-usb-0:2.1.1:1.0-port0
1790755310.1345,C,641,34893,-66,/dev/serial/by-path/pci-0000:05:00.3-usb-0:2.1.3:1.0-port0
1790755310.1797,C,642,34938,-66,/dev/serial/by-path/pci-0000:05:00.3-usb-0:2.1.3:1.0-port0
1790755310.1844,B,626,34944,-68,/dev/serial/by-path/pci-0000:05:00.3-usb-0:2.1.2:1.0-port0
1790755310.2154,C,643,34974,-62,/dev/serial/by-path/pci-0000:05:00.3-usb-0:2.1.3:1.0-port0
1790755310.2161,A,638,34980,-77,/dev/serial/by-path/pci-0000:05:00.3-usb-0:2.1.1:1.0-port0
1790755310.2588,C,644,35018,-67,/dev/serial/by-path/pci-0000:05:00.3-usb-0:2.1.3:1.0-port0
1790755310.2633,B,627,35022,-67,/dev/serial/by-path/pci-0000:05:00.3-usb-0:2.1.2:1.0-port0
1790755310.2673,A,639,35031,-82,/dev/serial/by-path/pci-0000:05:00.3-usb-0:2.1.1:1.0-port0
1790755310.3012,B,628,35061,-64,/dev/serial/by-path/pci-0000:05:00.3-usb-0:2.1.2:1.0-port0
1790755310.3017,C,645,35061,-65,/dev/serial/by-path/pci-0000:05:00.3-usb-0:2.1.3:1.0-port0
1790755310.3021,A,640,35066,-78,/dev/serial/by-path/pci-0000:05:00.3-usb-0:2.1.1:1.0-port0
1790755310.3428,C,646,35102,-64,/dev/serial/by-path/pci-0000:05:00.3-usb-0:2.1.3:1.0-port0
1790755310.3433,B,629,35102,-65,/dev/serial/by-path/pci-0000:05:00.3-usb-0:2.1.2:1.0-port0
1790755310.3680,A,641,35132,-76,/dev/serial/by-path/pci-0000:05:00.3-usb-0:2.1.1:1.0-port0
1790755310.3899,C,647,35149,-68,/dev/serial/by-path/pci-0000:05:00.3-usb-0:2.1.3:1.0-port0
1790755310.3903,A,642,35154,-89,/dev/serial/by-path/pci-0000:05:00.3-usb-0:2.1.1:1.0-port0
1790755310.3981,B,630,35157,-68,/dev/serial/by-path/pci-0000:05:00.3-usb-0:2.1.2:1.0-port0
1790755310.4327,C,648,35191,-70,/dev/serial/by-path/pci-0000:05:00.3-usb-0:2.1.3:1.0-port0
1790755310.4628,B,631,35222,-65,/dev/serial/by-path/pci-0000:05:00.3-usb-0:2.1.2:1.0-port0
1790755310.4812,B,632,35240,-64,/dev/serial/by-path/pci-0000:05:00.3-usb-0:2.1.2:1.0-port0
1790755310.4839,C,649,35243,-71,/dev/serial/by-path/pci-0000:05:00.3-usb-0:2.1.3:1.0-port0
1790755310.4961,A,643,35260,-79,/dev/serial/by-path/pci-0000:05:00.3-usb-0:2.1.1:1.0-port0
1790755310.5232,B,633,35282,-72,/dev/serial/by-path/pci-0000:05:00.3-usb-0:2.1.2:1.0-port0
1790755310.5344,C,650,35293,-64,/dev/serial/by-path/pci-0000:05:00.3-usb-0:2.1.3:1.0-port0
1790755310.5671,A,644,35331,-77,/dev/serial/by-path/pci-0000:05:00.3-usb-0:2.1.1:1.0-port0
1790755310.5701,C,651,35329,-71,/dev/serial/by-path/pci-0000:05:00.3-usb-0:2.1.3:1.0-port0
1790755310.5705,B,634,35330,-64,/dev/serial/by-path/pci-0000:05:00.3-usb-0:2.1.2:1.0-port0
1790755310.6050,A,645,35369,-82,/dev/serial/by-path/pci-0000:05:00.3-usb-0:2.1.1:1.0-port0
1790755310.6175,A,646,35381,-82,/dev/serial/by-path/pci-0000:05:00.3-usb-0:2.1.1:1.0-port0
1790755310.6339,C,652,35393,-73,/dev/serial/by-path/pci-0000:05:00.3-usb-0:2.1.3:1.0-port0
1790755310.6628,B,635,35422,-64,/dev/serial/by-path/pci-0000:05:00.3-usb-0:2.1.2:1.0-port0
1790755310.7064,B,636,35466,-72,/dev/serial/by-path/pci-0000:05:00.3-usb-0:2.1.2:1.0-port0
1790755310.7110,C,653,35470,-70,/dev/serial/by-path/pci-0000:05:00.3-usb-0:2.1.3:1.0-port0
1790755310.7113,A,647,35475,-77,/dev/serial/by-path/pci-0000:05:00.3-usb-0:2.1.1:1.0-port0
1790755310.7566,C,654,35516,-70,/dev/serial/by-path/pci-0000:05:00.3-usb-0:2.1.3:1.0-port0
1790755310.7571,B,637,35516,-67,/dev/serial/by-path/pci-0000:05:00.3-usb-0:2.1.2:1.0-port0
1790755310.8117,C,655,35571,-65,/dev/serial/by-path/pci-0000:05:00.3-usb-0:2.1.3:1.0-port0
1790755310.8126,B,638,35572,-69,/dev/serial/by-path/pci-0000:05:00.3-usb-0:2.1.2:1.0-port0
1790755310.8130,A,648,35577,-84,/dev/serial/by-path/pci-0000:05:00.3-usb-0:2.1.1:1.0-port0
1790755310.8546,C,656,35613,-69,/dev/serial/by-path/pci-0000:05:00.3-usb-0:2.1.3:1.0-port0
1790755310.8632,B,639,35622,-67,/dev/serial/by-path/pci-0000:05:00.3-usb-0:2.1.2:1.0-port0
1790755310.8672,A,649,35631,-83,/dev/serial/by-path/pci-0000:05:00.3-usb-0:2.1.1:1.0-port0
1790755310.9131,B,640,35672,-66,/dev/serial/by-path/pci-0000:05:00.3-usb-0:2.1.2:1.0-port0
1790755310.9154,C,657,35674,-63,/dev/serial/by-path/pci-0000:05:00.3-usb-0:2.1.3:1.0-port0
1790755310.9158,A,650,35679,-87,/dev/serial/by-path/pci-0000:05:00.3-usb-0:2.1.1:1.0-port0
1790755310.9316,C,658,35690,-64,/dev/serial/by-path/pci-0000:05:00.3-usb-0:2.1.3:1.0-port0
1790755310.9320,B,641,35691,-67,/dev/serial/by-path/pci-0000:05:00.3-usb-0:2.1.2:1.0-port0
1790755310.9823,C,659,35741,-61,/dev/serial/by-path/pci-0000:05:00.3-usb-0:2.1.3:1.0-port0
1790755311.0128,B,642,35772,-68,/dev/serial/by-path/pci-0000:05:00.3-usb-0:2.1.2:1.0-port0
1790755311.0167,A,651,35781,-89,/dev/serial/by-path/pci-0000:05:00.3-usb-0:2.1.1:1.0-port0
1790755311.0209,C,660,35780,-67,/dev/serial/by-path/pci-0000:05:00.3-usb-0:2.1.3:1.0-port0
1790755311.0216,B,643,35781,-68,/dev/serial/by-path/pci-0000:05:00.3-usb-0:2.1.2:1.0-port0
1790755311.0238,A,652,35787,-78,/dev/serial/by-path/pci-0000:05:00.3-usb-0:2.1.1:1.0-port0
1790755311.0639,C,661,35823,-64,/dev/serial/by-path/pci-0000:05:00.3-usb-0:2.1.3:1.0-port0
1790755311.0674,A,653,35831,-78,/dev/serial/by-path/pci-0000:05:00.3-usb-0:2.1.1:1.0-port0
1790755311.1257,C,662,35885,-66,/dev/serial/by-path/pci-0000:05:00.3-usb-0:2.1.3:1.0-port0
1790755311.1585,B,644,35918,-69,/dev/serial/by-path/pci-0000:05:00.3-usb-0:2.1.2:1.0-port0
1790755311.1588,A,654,35922,-86,/dev/serial/by-path/pci-0000:05:00.3-usb-0:2.1.1:1.0-port0
1790755311.1591,C,663,35918,-64,/dev/serial/by-path/pci-0000:05:00.3-usb-0:2.1.3:1.0-port0
1790755311.2127,B,645,35972,-68,/dev/serial/by-path/pci-0000:05:00.3-usb-0:2.1.2:1.0-port0
1790755311.2284,C,664,35987,-63,/dev/serial/by-path/pci-0000:05:00.3-usb-0:2.1.3:1.0-port0
1790755311.2522,A,655,36016,-80,/dev/serial/by-path/pci-0000:05:00.3-usb-0:2.1.1:1.0-port0
1790755311.2627,B,646,36022,-69,/dev/serial/by-path/pci-0000:05:00.3-usb-0:2.1.2:1.0-port0
1790755311.2836,C,665,36043,-63,/dev/serial/by-path/pci-0000:05:00.3-usb-0:2.1.3:1.0-port0
1790755311.2935,C,666,36052,-65,/dev/serial/by-path/pci-0000:05:00.3-usb-0:2.1.3:1.0-port0
1790755311.2941,B,647,36054,-70,/dev/serial/by-path/pci-0000:05:00.3-usb-0:2.1.2:1.0-port0
1790755311.3120,A,656,36076,-78,/dev/serial/by-path/pci-0000:05:00.3-usb-0:2.1.1:1.0-port0
1790755311.3385,C,667,36097,-63,/dev/serial/by-path/pci-0000:05:00.3-usb-0:2.1.3:1.0-port0
1790755311.3606,B,648,36120,-64,/dev/serial/by-path/pci-0000:05:00.3-usb-0:2.1.2:1.0-port0
1790755311.4126,B,649,36172,-67,/dev/serial/by-path/pci-0000:05:00.3-usb-0:2.1.2:1.0-port0
1790755311.4171,A,657,36181,-85,/dev/serial/by-path/pci-0000:05:00.3-usb-0:2.1.1:1.0-port0
1790755311.4233,C,668,36183,-63,/dev/serial/by-path/pci-0000:05:00.3-usb-0:2.1.3:1.0-port0
1790755311.4371,A,658,36201,-75,/dev/serial/by-path/pci-0000:05:00.3-usb-0:2.1.1:1.0-port0
1790755311.4415,B,650,36201,-69,/dev/serial/by-path/pci-0000:05:00.3-usb-0:2.1.2:1.0-port0
1790755311.4802,C,669,36239,-68,/dev/serial/by-path/pci-0000:05:00.3-usb-0:2.1.3:1.0-port0
1790755311.5128,B,651,36272,-66,/dev/serial/by-path/pci-0000:05:00.3-usb-0:2.1.2:1.0-port0
1790755311.5172,A,659,36281,-75,/dev/serial/by-path/pci-0000:05:00.3-usb-0:2.1.1:1.0-port0
1790755311.5338,C,670,36293,-65,/dev/serial/by-path/pci-0000:05:00.3-usb-0:2.1.3:1.0-port0
1790755311.5668,C,671,36326,-64,/dev/serial/by-path/pci-0000:05:00.3-usb-0:2.1.3:1.0-port0
1790755311.5673,A,660,36331,-79,/dev/serial/by-path/pci-0000:05:00.3-usb-0:2.1.1:1.0-port0
1790755311.6102,C,672,36369,-67,/dev/serial/by-path/pci-0000:05:00.3-usb-0:2.1.3:1.0-port0
1790755311.6130,B,652,36372,-69,/dev/serial/by-path/pci-0000:05:00.3-usb-0:2.1.2:1.0-port0
1790755311.6153,A,661,36379,-75,/dev/serial/by-path/pci-0000:05:00.3-usb-0:2.1.1:1.0-port0
1790755311.6581,C,673,36417,-65,/dev/serial/by-path/pci-0000:05:00.3-usb-0:2.1.3:1.0-port0
1790755311.7083,C,674,36467,-63,/dev/serial/by-path/pci-0000:05:00.3-usb-0:2.1.3:1.0-port0
1790755311.7085,A,662,36472,-76,/dev/serial/by-path/pci-0000:05:00.3-usb-0:2.1.1:1.0-port0
1790755311.7130,B,653,36472,-70,/dev/serial/by-path/pci-0000:05:00.3-usb-0:2.1.2:1.0-port0
1790755311.7531,C,675,36512,-64,/dev/serial/by-path/pci-0000:05:00.3-usb-0:2.1.3:1.0-port0
1790755311.7552,B,654,36514,-70,/dev/serial/by-path/pci-0000:05:00.3-usb-0:2.1.2:1.0-port0
1790755311.7557,A,663,36520,-87,/dev/serial/by-path/pci-0000:05:00.3-usb-0:2.1.1:1.0-port0
1790755311.7937,A,664,36557,-77,/dev/serial/by-path/pci-0000:05:00.3-usb-0:2.1.1:1.0-port0
1790755311.8129,B,655,36572,-69,/dev/serial/by-path/pci-0000:05:00.3-usb-0:2.1.2:1.0-port0
1790755311.8324,C,676,36592,-63,/dev/serial/by-path/pci-0000:05:00.3-usb-0:2.1.3:1.0-port0
1790755311.8333,A,665,36598,-78,/dev/serial/by-path/pci-0000:05:00.3-usb-0:2.1.1:1.0-port0
1790755311.8337,B,656,36593,-65,/dev/serial/by-path/pci-0000:05:00.3-usb-0:2.1.2:1.0-port0
1790755311.8341,C,677,36592,-65,/dev/serial/by-path/pci-0000:05:00.3-usb-0:2.1.3:1.0-port0
1790755311.8788,B,657,36638,-68,/dev/serial/by-path/pci-0000:05:00.3-usb-0:2.1.2:1.0-port0
1790755311.8836,C,678,36643,-63,/dev/serial/by-path/pci-0000:05:00.3-usb-0:2.1.3:1.0-port0
1790755311.8951,A,666,36659,-94,/dev/serial/by-path/pci-0000:05:00.3-usb-0:2.1.1:1.0-port0
1790755311.9342,C,679,36693,-66,/dev/serial/by-path/pci-0000:05:00.3-usb-0:2.1.3:1.0-port0
1790755311.9699,C,680,36729,-64,/dev/serial/by-path/pci-0000:05:00.3-usb-0:2.1.3:1.0-port0
1790755311.9706,B,658,36730,-71,/dev/serial/by-path/pci-0000:05:00.3-usb-0:2.1.2:1.0-port0
1790755312.0162,C,681,36775,-65,/dev/serial/by-path/pci-0000:05:00.3-usb-0:2.1.3:1.0-port0
1790755312.0166,A,667,36781,-80,/dev/serial/by-path/pci-0000:05:00.3-usb-0:2.1.1:1.0-port0
1790755312.0608,C,682,36820,-67,/dev/serial/by-path/pci-0000:05:00.3-usb-0:2.1.3:1.0-port0
1790755312.0627,B,659,36822,-66,/dev/serial/by-path/pci-0000:05:00.3-usb-0:2.1.2:1.0-port0
1790755312.1019,A,668,36866,-81,/dev/serial/by-path/pci-0000:05:00.3-usb-0:2.1.1:1.0-port0
1790755312.1247,C,683,36884,-66,/dev/serial/by-path/pci-0000:05:00.3-usb-0:2.1.3:1.0-port0
1790755312.1445,B,660,36904,-63,/dev/serial/by-path/pci-0000:05:00.3-usb-0:2.1.2:1.0-port0
1790755312.1447,A,669,36908,-82,/dev/serial/by-path/pci-0000:05:00.3-usb-0:2.1.1:1.0-port0
1790755312.1452,C,684,36905,-65,/dev/serial/by-path/pci-0000:05:00.3-usb-0:2.1.3:1.0-port0
1790755312.1832,B,661,36943,-70,/dev/serial/by-path/pci-0000:05:00.3-usb-0:2.1.2:1.0-port0
1790755312.1835,A,670,36947,-84,/dev/serial/by-path/pci-0000:05:00.3-usb-0:2.1.1:1.0-port0
1790755312.1840,C,685,36943,-65,/dev/serial/by-path/pci-0000:05:00.3-usb-0:2.1.3:1.0-port0
1790755312.2286,C,686,36988,-71,/dev/serial/by-path/pci-0000:05:00.3-usb-0:2.1.3:1.0-port0
1790755312.2303,B,662,36989,-67,/dev/serial/by-path/pci-0000:05:00.3-usb-0:2.1.2:1.0-port0
1790755312.2840,C,687,37043,-71,/dev/serial/by-path/pci-0000:05:00.3-usb-0:2.1.3:1.0-port0
1790755312.2859,B,663,37045,-63,/dev/serial/by-path/pci-0000:05:00.3-usb-0:2.1.2:1.0-port0
1790755312.2861,A,671,37050,-83,/dev/serial/by-path/pci-0000:05:00.3-usb-0:2.1.1:1.0-port0
1790755312.3171,C,688,37076,-66,/dev/serial/by-path/pci-0000:05:00.3-usb-0:2.1.3:1.0-port0
1790755312.3176,A,672,37081,-86,/dev/serial/by-path/pci-0000:05:00.3-usb-0:2.1.1:1.0-port0
1790755312.3594,B,664,37119,-78,/dev/serial/by-path/pci-0000:05:00.3-usb-0:2.1.2:1.0-port0
1790755312.3675,A,673,37131,-78,/dev/serial/by-path/pci-0000:05:00.3-usb-0:2.1.1:1.0-port0
1790755312.3839,C,689,37143,-75,/dev/serial/by-path/pci-0000:05:00.3-usb-0:2.1.3:1.0-port0
1790755312.4134,B,665,37172,-66,/dev/serial/by-path/pci-0000:05:00.3-usb-0:2.1.2:1.0-port0
1790755312.4335,C,690,37193,-74,/dev/serial/by-path/pci-0000:05:00.3-usb-0:2.1.3:1.0-port0
1790755312.4547,B,666,37214,-64,/dev/serial/by-path/pci-0000:05:00.3-usb-0:2.1.2:1.0-port0
1790755312.4552,C,691,37213,-65,/dev/serial/by-path/pci-0000:05:00.3-usb-0:2.1.3:1.0-port0
1790755312.4556,A,674,37218,-82,/dev/serial/by-path/pci-0000:05:00.3-usb-0:2.1.1:1.0-port0
1790755312.5461,B,667,37305,-65,/dev/serial/by-path/pci-0000:05:00.3-usb-0:2.1.2:1.0-port0
1790755312.5838,C,692,37343,-67,/dev/serial/by-path/pci-0000:05:00.3-usb-0:2.1.3:1.0-port0
1790755312.5908,B,668,37350,-68,/dev/serial/by-path/pci-0000:05:00.3-usb-0:2.1.2:1.0-port0
1790755312.5909,C,693,37350,-64,/dev/serial/by-path/pci-0000:05:00.3-usb-0:2.1.3:1.0-port0
1790755312.6008,A,675,37365,-76,/dev/serial/by-path/pci-0000:05:00.3-usb-0:2.1.1:1.0-port0
1790755312.6321,C,694,37391,-63,/dev/serial/by-path/pci-0000:05:00.3-usb-0:2.1.3:1.0-port0
1790755312.6376,B,669,37397,-68,/dev/serial/by-path/pci-0000:05:00.3-usb-0:2.1.2:1.0-port0
1790755312.6609,A,676,37425,-89,/dev/serial/by-path/pci-0000:05:00.3-usb-0:2.1.1:1.0-port0
1790755312.6840,C,695,37443,-68,/dev/serial/by-path/pci-0000:05:00.3-usb-0:2.1.3:1.0-port0
1790755312.7248,A,677,37489,-75,/dev/serial/by-path/pci-0000:05:00.3-usb-0:2.1.1:1.0-port0
1790755312.7343,C,696,37493,-69,/dev/serial/by-path/pci-0000:05:00.3-usb-0:2.1.3:1.0-port0
1790755312.7628,B,670,37522,-69,/dev/serial/by-path/pci-0000:05:00.3-usb-0:2.1.2:1.0-port0
1790755312.7675,A,678,37531,-73,/dev/serial/by-path/pci-0000:05:00.3-usb-0:2.1.1:1.0-port0
1790755312.7842,C,697,37543,-63,/dev/serial/by-path/pci-0000:05:00.3-usb-0:2.1.3:1.0-port0
1790755312.8038,C,698,37563,-64,/dev/serial/by-path/pci-0000:05:00.3-usb-0:2.1.3:1.0-port0
1790755312.8041,A,679,37568,-74,/dev/serial/by-path/pci-0000:05:00.3-usb-0:2.1.1:1.0-port0
1790755312.8126,B,671,37571,-65,/dev/serial/by-path/pci-0000:05:00.3-usb-0:2.1.2:1.0-port0
1790755312.8658,C,699,37625,-63,/dev/serial/by-path/pci-0000:05:00.3-usb-0:2.1.3:1.0-port0
1790755312.8677,A,680,37631,-73,/dev/serial/by-path/pci-0000:05:00.3-usb-0:2.1.1:1.0-port0
1790755312.9130,B,672,37672,-65,/dev/serial/by-path/pci-0000:05:00.3-usb-0:2.1.2:1.0-port0
1790755312.9175,A,681,37681,-72,/dev/serial/by-path/pci-0000:05:00.3-usb-0:2.1.1:1.0-port0
1790755312.9221,C,700,37681,-63,/dev/serial/by-path/pci-0000:05:00.3-usb-0:2.1.3:1.0-port0
1790755312.9355,A,682,37699,-86,/dev/serial/by-path/pci-0000:05:00.3-usb-0:2.1.1:1.0-port0
1790755312.9631,B,673,37722,-68,/dev/serial/by-path/pci-0000:05:00.3-usb-0:2.1.2:1.0-port0
1790755313.0019,B,674,37761,-66,/dev/serial/by-path/pci-0000:05:00.3-usb-0:2.1.2:1.0-port0
1790755313.0172,A,683,37781,-74,/dev/serial/by-path/pci-0000:05:00.3-usb-0:2.1.1:1.0-port0
1790755313.0258,B,675,37785,-71,/dev/serial/by-path/pci-0000:05:00.3-usb-0:2.1.2:1.0-port0
1790755313.0264,A,684,37791,-77,/dev/serial/by-path/pci-0000:05:00.3-usb-0:2.1.1:1.0-port0
1790755313.0662,C,701,37825,-61,/dev/serial/by-path/pci-0000:05:00.3-usb-0:2.1.3:1.0-port0
1790755313.0676,A,685,37831,-75,/dev/serial/by-path/pci-0000:05:00.3-usb-0:2.1.1:1.0-port0
1790755313.1048,A,686,37868,-78,/dev/serial/by-path/pci-0000:05:00.3-usb-0:2.1.1:1.0-port0
1790755313.1098,B,676,37869,-70,/dev/serial/by-path/pci-0000:05:00.3-usb-0:2.1.2:1.0-port0
1790755313.1293,C,702,37888,-67,/dev/serial/by-path/pci-0000:05:00.3-usb-0:2.1.3:1.0-port0
1790755313.1838,C,703,37943,-65,/dev/serial/by-path/pci-0000:05:00.3-usb-0:2.1.3:1.0-port0
1790755313.2026,C,704,37962,-60,/dev/serial/by-path/pci-0000:05:00.3-usb-0:2.1.3:1.0-port0
1790755313.2028,B,677,37962,-70,/dev/serial/by-path/pci-0000:05:00.3-usb-0:2.1.2:1.0-port0
1790755313.2033,A,687,37967,-73,/dev/serial/by-path/pci-0000:05:00.3-usb-0:2.1.1:1.0-port0
1790755313.2474,B,678,38007,-70,/dev/serial/by-path/pci-0000:05:00.3-usb-0:2.1.2:1.0-port0
1790755313.2478,A,688,38012,-78,/dev/serial/by-path/pci-0000:05:00.3-usb-0:2.1.1:1.0-port0
1790755313.2501,C,705,38009,-67,/dev/serial/by-path/pci-0000:05:00.3-usb-0:2.1.3:1.0-port0
1790755313.3336,C,706,38093,-65,/dev/serial/by-path/pci-0000:05:00.3-usb-0:2.1.3:1.0-port0
1790755313.3413,B,679,38100,-70,/dev/serial/by-path/pci-0000:05:00.3-usb-0:2.1.2:1.0-port0
1790755313.3466,A,689,38110,-80,/dev/serial/by-path/pci-0000:05:00.3-usb-0:2.1.1:1.0-port0
1790755313.3843,C,707,38143,-65,/dev/serial/by-path/pci-0000:05:00.3-usb-0:2.1.3:1.0-port0
1790755313.3982,B,680,38158,-67,/dev/serial/by-path/pci-0000:05:00.3-usb-0:2.1.2:1.0-port0
1790755313.4175,A,690,38181,-85,/dev/serial/by-path/pci-0000:05:00.3-usb-0:2.1.1:1.0-port0
1790755313.4302,C,708,38189,-66,/dev/serial/by-path/pci-0000:05:00.3-usb-0:2.1.3:1.0-port0
1790755313.4307,B,681,38190,-63,/dev/serial/by-path/pci-0000:05:00.3-usb-0:2.1.2:1.0-port0
1790755313.4309,A,691,38195,-74,/dev/serial/by-path/pci-0000:05:00.3-usb-0:2.1.1:1.0-port0
1790755313.4788,C,709,38238,-65,/dev/serial/by-path/pci-0000:05:00.3-usb-0:2.1.3:1.0-port0
1790755313.4961,B,682,38255,-65,/dev/serial/by-path/pci-0000:05:00.3-usb-0:2.1.2:1.0-port0
1790755313.4965,A,692,38260,-72,/dev/serial/by-path/pci-0000:05:00.3-usb-0:2.1.1:1.0-port0
1790755313.5258,B,683,38285,-68,/dev/serial/by-path/pci-0000:05:00.3-usb-0:2.1.2:1.0-port0
1790755313.5339,C,710,38293,-64,/dev/serial/by-path/pci-0000:05:00.3-usb-0:2.1.3:1.0-port0
1790755313.5689,C,711,38328,-65,/dev/serial/by-path/pci-0000:05:00.3-usb-0:2.1.3:1.0-port0
1790755313.6117,B,684,38372,-65,/dev/serial/by-path/pci-0000:05:00.3-usb-0:2.1.2:1.0-port0
1790755313.6139,B,685,38372,-68,/dev/serial/by-path/pci-0000:05:00.3-usb-0:2.1.2:1.0-port0
1790755313.6164,C,712,38375,-66,/dev/serial/by-path/pci-0000:05:00.3-usb-0:2.1.3:1.0-port0
1790755313.6169,A,693,38381,-80,/dev/serial/by-path/pci-0000:05:00.3-usb-0:2.1.1:1.0-port0
1790755313.6635,C,713,38422,-62,/dev/serial/by-path/pci-0000:05:00.3-usb-0:2.1.3:1.0-port0
1790755313.6641,A,694,38428,-77,/dev/serial/by-path/pci-0000:05:00.3-usb-0:2.1.1:1.0-port0
1790755313.7108,B,686,38470,-68,/dev/serial/by-path/pci-0000:05:00.3-usb-0:2.1.2:1.0-port0
1790755313.7174,A,695,38481,-85,/dev/serial/by-path/pci-0000:05:00.3-usb-0:2.1.1:1.0-port0
1790755313.7233,C,714,38482,-71,/dev/serial/by-path/pci-0000:05:00.3-usb-0:2.1.3:1.0-port0
1790755313.7612,B,687,38520,-67,/dev/serial/by-path/pci-0000:05:00.3-usb-0:2.1.2:1.0-port0
1790755313.7616,C,715,38520,-69,/dev/serial/by-path/pci-0000:05:00.3-usb-0:2.1.3:1.0-port0
1790755313.8132,B,688,38572,-63,/dev/serial/by-path/pci-0000:05:00.3-usb-0:2.1.2:1.0-port0
1790755313.8171,A,696,38581,-82,/dev/serial/by-path/pci-0000:05:00.3-usb-0:2.1.1:1.0-port0
1790755313.8261,C,716,38585,-64,/dev/serial/by-path/pci-0000:05:00.3-usb-0:2.1.3:1.0-port0
1790755313.8496,A,697,38613,-90,/dev/serial/by-path/pci-0000:05:00.3-usb-0:2.1.1:1.0-port0
1790755313.8585,B,689,38618,-75,/dev/serial/by-path/pci-0000:05:00.3-usb-0:2.1.2:1.0-port0
1790755313.8677,C,717,38627,-80,/dev/serial/by-path/pci-0000:05:00.3-usb-0:2.1.3:1.0-port0
1790755313.8953,B,690,38654,-71,/dev/serial/by-path/pci-0000:05:00.3-usb-0:2.1.2:1.0-port0
1790755313.9338,C,718,38693,-72,/dev/serial/by-path/pci-0000:05:00.3-usb-0:2.1.3:1.0-port0
1790755313.9627,B,691,38722,-65,/dev/serial/by-path/pci-0000:05:00.3-usb-0:2.1.2:1.0-port0
1790755313.9674,C,719,38726,-65,/dev/serial/by-path/pci-0000:05:00.3-usb-0:2.1.3:1.0-port0
1790755313.9678,A,698,38732,-80,/dev/serial/by-path/pci-0000:05:00.3-usb-0:2.1.1:1.0-port0
1790755313.9847,C,720,38743,-64,/dev/serial/by-path/pci-0000:05:00.3-usb-0:2.1.3:1.0-port0
1790755314.0052,B,692,38764,-69,/dev/serial/by-path/pci-0000:05:00.3-usb-0:2.1.2:1.0-port0
1790755314.0156,A,699,38780,-82,/dev/serial/by-path/pci-0000:05:00.3-usb-0:2.1.1:1.0-port0
1790755314.0340,C,721,38793,-70,/dev/serial/by-path/pci-0000:05:00.3-usb-0:2.1.3:1.0-port0
1790755314.0625,B,693,38822,-70,/dev/serial/by-path/pci-0000:05:00.3-usb-0:2.1.2:1.0-port0
1790755314.0673,A,700,38831,-74,/dev/serial/by-path/pci-0000:05:00.3-usb-0:2.1.1:1.0-port0
1790755314.0764,C,722,38835,-67,/dev/serial/by-path/pci-0000:05:00.3-usb-0:2.1.3:1.0-port0
1790755314.0770,B,694,38835,-68,/dev/serial/by-path/pci-0000:05:00.3-usb-0:2.1.2:1.0-port0
1790755314.1177,C,723,38876,-65,/dev/serial/by-path/pci-0000:05:00.3-usb-0:2.1.3:1.0-port0
1790755314.1595,C,724,38919,-69,/dev/serial/by-path/pci-0000:05:00.3-usb-0:2.1.3:1.0-port0
1790755314.1610,A,701,38924,-75,/dev/serial/by-path/pci-0000:05:00.3-usb-0:2.1.1:1.0-port0
1790755314.1629,B,695,38922,-69,/dev/serial/by-path/pci-0000:05:00.3-usb-0:2.1.2:1.0-port0
1790755314.2010,B,696,38960,-69,/dev/serial/by-path/pci-0000:05:00.3-usb-0:2.1.2:1.0-port0
1790755314.2014,A,702,38965,-73,/dev/serial/by-path/pci-0000:05:00.3-usb-0:2.1.1:1.0-port0
1790755314.2145,C,725,38973,-66,/dev/serial/by-path/pci-0000:05:00.3-usb-0:2.1.3:1.0-port0
1790755314.2425,B,697,39002,-63,/dev/serial/by-path/pci-0000:05:00.3-usb-0:2.1.2:1.0-port0
1790755314.2671,A,703,39031,-86,/dev/serial/by-path/pci-0000:05:00.3-usb-0:2.1.1:1.0-port0
1790755314.2826,C,726,39041,-63,/dev/serial/by-path/pci-0000:05:00.3-usb-0:2.1.3:1.0-port0
1790755314.2873,A,704,39051,-79,/dev/serial/by-path/pci-0000:05:00.3-usb-0:2.1.1:1.0-port0
1790755314.2877,B,698,39046,-65,/dev/serial/by-path/pci-0000:05:00.3-usb-0:2.1.2:1.0-port0
1790755314.3281,C,727,39087,-69,/dev/serial/by-path/pci-0000:05:00.3-usb-0:2.1.3:1.0-port0
1790755314.3623,B,699,39122,-63,/dev/serial/by-path/pci-0000:05:00.3-usb-0:2.1.2:1.0-port0
1790755314.3681,A,705,39132,-85,/dev/serial/by-path/pci-0000:05:00.3-usb-0:2.1.1:1.0-port0
1790755314.3726,B,700,39132,-68,/dev/serial/by-path/pci-0000:05:00.3-usb-0:2.1.2:1.0-port0
1790755314.3839,C,728,39143,-64,/dev/serial/by-path/pci-0000:05:00.3-usb-0:2.1.3:1.0-port0
1790755314.4141,C,729,39173,-62,/dev/serial/by-path/pci-0000:05:00.3-usb-0:2.1.3:1.0-port0
1790755314.4552,C,730,39214,-64,/dev/serial/by-path/pci-0000:05:00.3-usb-0:2.1.3:1.0-port0
1790755314.4556,B,701,39214,-67,/dev/serial/by-path/pci-0000:05:00.3-usb-0:2.1.2:1.0-port0
1790755314.4674,A,706,39231,-78,/dev/serial/by-path/pci-0000:05:00.3-usb-0:2.1.1:1.0-port0
1790755314.4983,C,731,39258,-64,/dev/serial/by-path/pci-0000:05:00.3-usb-0:2.1.3:1.0-port0
1790755314.4987,B,702,39258,-68,/dev/serial/by-path/pci-0000:05:00.3-usb-0:2.1.2:1.0-port0
1790755314.4990,A,707,39263,-74,/dev/serial/by-path/pci-0000:05:00.3-usb-0:2.1.1:1.0-port0
1790755314.5570,B,703,39316,-66,/dev/serial/by-path/pci-0000:05:00.3-usb-0:2.1.2:1.0-port0
1790755314.5576,A,708,39321,-78,/dev/serial/by-path/pci-0000:05:00.3-usb-0:2.1.1:1.0-port0
1790755314.5580,C,732,39316,-62,/dev/serial/by-path/pci-0000:05:00.3-usb-0:2.1.3:1.0-port0
1790755314.5807,B,704,39340,-71,/dev/serial/by-path/pci-0000:05:00.3-usb-0:2.1.2:1.0-port0
1790755314.5833,C,733,39342,-64,/dev/serial/by-path/pci-0000:05:00.3-usb-0:2.1.3:1.0-port0
1790755314.6003,A,709,39364,-78,/dev/serial/by-path/pci-0000:05:00.3-usb-0:2.1.1:1.0-port0
1790755314.6271,C,734,39386,-65,/dev/serial/by-path/pci-0000:05:00.3-usb-0:2.1.3:1.0-port0
1790755314.6801,B,705,39439,-75,/dev/serial/by-path/pci-0000:05:00.3-usb-0:2.1.2:1.0-port0
1790755314.6839,C,735,39443,-63,/dev/serial/by-path/pci-0000:05:00.3-usb-0:2.1.3:1.0-port0
1790755314.7025,A,710,39466,-75,/dev/serial/by-path/pci-0000:05:00.3-usb-0:2.1.1:1.0-port0
1790755314.7226,B,706,39482,-68,/dev/serial/by-path/pci-0000:05:00.3-usb-0:2.1.2:1.0-port0
1790755314.7227,C,736,39482,-62,/dev/serial/by-path/pci-0000:05:00.3-usb-0:2.1.3:1.0-port0
1790755314.7676,A,711,39531,-75,/dev/serial/by-path/pci-0000:05:00.3-usb-0:2.1.1:1.0-port0
