t_pc,id,seq,ms,rssi,port
1790755090.6648,A,0,951,-66,/dev/serial/by-path/pci-0000:05:00.3-usb-0:2.1.1:1.0-port0
1790755090.7459,A,1,1031,-62,/dev/serial/by-path/pci-0000:05:00.3-usb-0:2.1.1:1.0-port0
1790755090.7459,A,2,1031,-61,/dev/serial/by-path/pci-0000:05:00.3-usb-0:2.1.1:1.0-port0
1790755090.7936,A,3,1080,-63,/dev/serial/by-path/pci-0000:05:00.3-usb-0:2.1.1:1.0-port0
1790755090.8347,A,4,1121,-66,/dev/serial/by-path/pci-0000:05:00.3-usb-0:2.1.1:1.0-port0
1790755090.9456,A,5,1232,-64,/dev/serial/by-path/pci-0000:05:00.3-usb-0:2.1.1:1.0-port0
1790755090.9659,A,6,1253,-66,/dev/serial/by-path/pci-0000:05:00.3-usb-0:2.1.1:1.0-port0
1790755091.0455,A,7,1332,-63,/dev/serial/by-path/pci-0000:05:00.3-usb-0:2.1.1:1.0-port0
1790755091.0726,A,8,1359,-64,/dev/serial/by-path/pci-0000:05:00.3-usb-0:2.1.1:1.0-port0
1790755091.1374,A,9,1424,-66,/dev/serial/by-path/pci-0000:05:00.3-usb-0:2.1.1:1.0-port0
1790755091.1377,B,0,1419,-63,/dev/serial/by-path/pci-0000:05:00.3-usb-0:2.1.2:1.0-port0
1790755091.1381,C,0,1417,-67,/dev/serial/by-path/pci-0000:05:00.3-usb-0:2.1.3:1.0-port0
1790755091.1494,C,1,1429,-67,/dev/serial/by-path/pci-0000:05:00.3-usb-0:2.1.3:1.0-port0
1790755091.1496,B,1,1430,-64,/dev/serial/by-path/pci-0000:05:00.3-usb-0:2.1.2:1.0-port0
1790755091.1748,A,10,1461,-63,/dev/serial/by-path/pci-0000:05:00.3-usb-0:2.1.1:1.0-port0
1790755091.1904,B,2,1471,-65,/dev/serial/by-path/pci-0000:05:00.3-usb-0:2.1.2:1.0-port0
1790755091.1921,C,2,1472,-65,/dev/serial/by-path/pci-0000:05:00.3-usb-0:2.1.3:1.0-port0
1790755091.1957,A,11,1482,-62,/dev/serial/by-path/pci-0000:05:00.3-usb-0:2.1.1:1.0-port0
1790755091.2351,B,3,1516,-70,/dev/serial/by-path/pci-0000:05:00.3-usb-0:2.1.2:1.0-port0
1790755091.2427,C,3,1522,-67,/dev/serial/by-path/pci-0000:05:00.3-usb-0:2.1.3:1.0-port0
1790755091.2453,A,12,1532,-64,/dev/serial/by-path/pci-0000:05:00.3-usb-0:2.1.1:1.0-port0
1790755091.2787,B,4,1560,-62,/dev/serial/by-path/pci-0000:05:00.3-usb-0:2.1.2:1.0-port0
1790755091.2925,C,4,1572,-66,/dev/serial/by-path/pci-0000:05:00.3-usb-0:2.1.3:1.0-port0
1790755091.2955,A,13,1582,-66,/dev/serial/by-path/pci-0000:05:00.3-usb-0:2.1.1:1.0-port0
1790755091.3403,B,5,1621,-63,/dev/serial/by-path/pci-0000:05:00.3-usb-0:2.1.2:1.0-port0
1790755091.3424,C,5,1622,-66,/dev/serial/by-path/pci-0000:05:00.3-usb-0:2.1.3:1.0-port0
1790755091.3471,A,14,1632,-62,/dev/serial/by-path/pci-0000:05:00.3-usb-0:2.1.1:1.0-port0
1790755091.3753,B,6,1656,-68,/dev/serial/by-path/pci-0000:05:00.3-usb-0:2.1.2:1.0-port0
1790755091.4113,C,6,1691,-66,/dev/serial/by-path/pci-0000:05:00.3-usb-0:2.1.3:1.0-port0
1790755091.4116,B,7,1692,-62,/dev/serial/by-path/pci-0000:05:00.3-usb-0:2.1.2:1.0-port0
1790755091.4457,A,15,1732,-66,/dev/serial/by-path/pci-0000:05:00.3-usb-0:2.1.1:1.0-port0
1790755091.4559,B,8,1737,-62,/dev/serial/by-path/pci-0000:05:00.3-usb-0:2.1.2:1.0-port0
1790755091.4562,A,16,1743,-63,/dev/serial/by-path/pci-0000:05:00.3-usb-0:2.1.1:1.0-port0
1790755091.4565,C,7,1736,-64,/dev/serial/by-path/pci-0000:05:00.3-usb-0:2.1.3:1.0-port0
1790755091.5395,B,9,1819,-67,/dev/serial/by-path/pci-0000:05:00.3-usb-0:2.1.2:1.0-port0
1790755091.5395,B,10,1819,-67,/dev/serial/by-path/pci-0000:05:00.3-usb-0:2.1.2:1.0-port0
1790755091.5396,C,8,1818,-66,/dev/serial/by-path/pci-0000:05:00.3-usb-0:2.1.3:1.0-port0
1790755091.5396,C,9,1818,-67,/dev/serial/by-path/pci-0000:05:00.3-usb-0:2.1.3:1.0-port0
1790755091.5454,A,17,1832,-65,/dev/serial/by-path/pci-0000:05:00.3-usb-0:2.1.1:1.0-port0
1790755091.5790,C,10,1858,-64,/dev/serial/by-path/pci-0000:05:00.3-usb-0:2.1.3:1.0-port0
1790755091.5793,A,18,1866,-66,/dev/serial/by-path/pci-0000:05:00.3-usb-0:2.1.1:1.0-port0
1790755091.5796,B,11,1860,-61,/dev/serial/by-path/pci-0000:05:00.3-usb-0:2.1.2:1.0-port0
1790755091.6358,B,12,1917,-63,/dev/serial/by-path/pci-0000:05:00.3-usb-0:2.1.2:1.0-port0
1790755091.6422,C,11,1922,-64,/dev/serial/by-path/pci-0000:05:00.3-usb-0:2.1.3:1.0-port0
1790755091.6468,A,19,1932,-63,/dev/serial/by-path/pci-0000:05:00.3-usb-0:2.1.1:1.0-port0
1790755091.6785,B,13,1959,-68,/dev/serial/by-path/pci-0000:05:00.3-usb-0:2.1.2:1.0-port0
1790755091.6814,A,20,1968,-65,/dev/serial/by-path/pci-0000:05:00.3-usb-0:2.1.1:1.0-port0
1790755091.6815,C,12,1961,-68,/dev/serial/by-path/pci-0000:05:00.3-usb-0:2.1.3:1.0-port0
1790755091.7422,C,13,2022,-63,/dev/serial/by-path/pci-0000:05:00.3-usb-0:2.1.3:1.0-port0
1790755091.7454,A,21,2032,-66,/dev/serial/by-path/pci-0000:05:00.3-usb-0:2.1.1:1.0-port0
1790755091.7646,B,14,2045,-64,/dev/serial/by-path/pci-0000:05:00.3-usb-0:2.1.2:1.0-port0
1790755091.7650,C,14,2044,-64,/dev/serial/by-path/pci-0000:05:00.3-usb-0:2.1.3:1.0-port0
1790755091.7653,A,22,2051,-63,/dev/serial/by-path/pci-0000:05:00.3-usb-0:2.1.1:1.0-port0
1790755091.8028,C,15,2082,-68,/dev/serial/by-path/pci-0000:05:00.3-usb-0:2.1.3:1.0-port0
1790755091.8032,B,15,2084,-69,/dev/serial/by-path/pci-0000:05:00.3-usb-0:2.1.2:1.0-port0
1790755091.8033,A,23,2090,-64,/dev/serial/by-path/pci-0000:05:00.3-usb-0:2.1.1:1.0-port0
1790755091.8847,B,16,2166,-62,/dev/serial/by-path/pci-0000:05:00.3-usb-0:2.1.2:1.0-port0
1790755091.8849,C,16,2164,-63,/dev/serial/by-path/pci-0000:05:00.3-usb-0:2.1.3:1.0-port0
1790755091.8853,A,24,2171,-66,/dev/serial/by-path/pci-0000:05:00.3-usb-0:2.1.1:1.0-port0
1790755091.8954,A,25,2182,-66,/dev/serial/by-path/pci-0000:05:00.3-usb-0:2.1.1:1.0-port0
1790755091.9031,B,17,2184,-63,/dev/serial/by-path/pci-0000:05:00.3-usb-0:2.1.2:1.0-port0
1790755091.9388,C,17,2218,-81,/dev/serial/by-path/pci-0000:05:00.3-usb-0:2.1.3:1.0-port0
1790755091.9391,A,26,2226,-63,/dev/serial/by-path/pci-0000:05:00.3-usb-0:2.1.1:1.0-port0
1790755091.9403,B,18,2221,-63,/dev/serial/by-path/pci-0000:05:00.3-usb-0:2.1.2:1.0-port0
1790755091.9904,B,19,2271,-69,/dev/serial/by-path/pci-0000:05:00.3-usb-0:2.1.2:1.0-port0
1790755091.9922,C,18,2272,-73,/dev/serial/by-path/pci-0000:05:00.3-usb-0:2.1.3:1.0-port0
1790755091.9961,A,27,2283,-64,/dev/serial/by-path/pci-0000:05:00.3-usb-0:2.1.1:1.0-port0
1790755092.0242,A,28,2311,-66,/dev/serial/by-path/pci-0000:05:00.3-usb-0:2.1.1:1.0-port0
1790755092.0292,B,20,2310,-61,/dev/serial/by-path/pci-0000:05:00.3-usb-0:2.1.2:1.0-port0
1790755092.0425,C,19,2322,-63,/dev/serial/by-path/pci-0000:05:00.3-usb-0:2.1.3:1.0-port0
1790755092.0912,B,21,2371,-63,/dev/serial/by-path/pci-0000:05:00.3-usb-0:2.1.2:1.0-port0
1790755092.0937,C,20,2372,-81,/dev/serial/by-path/pci-0000:05:00.3-usb-0:2.1.3:1.0-port0
1790755092.0954,A,29,2382,-62,/dev/serial/by-path/pci-0000:05:00.3-usb-0:2.1.1:1.0-port0
1790755092.1222,A,30,2409,-65,/dev/serial/by-path/pci-0000:05:00.3-usb-0:2.1.1:1.0-port0
1790755092.1226,C,21,2402,-70,/dev/serial/by-path/pci-0000:05:00.3-usb-0:2.1.3:1.0-port0
1790755092.1402,B,22,2421,-69,/dev/serial/by-path/pci-0000:05:00.3-usb-0:2.1.2:1.0-port0
1790755092.1626,C,22,2442,-63,/dev/serial/by-path/pci-0000:05:00.3-usb-0:2.1.3:1.0-port0
1790755092.1627,B,23,2443,-61,/dev/serial/by-path/pci-0000:05:00.3-usb-0:2.1.2:1.0-port0
1790755092.1631,A,31,2450,-66,/dev/serial/by-path/pci-0000:05:00.3-usb-0:2.1.1:1.0-port0
1790755092.2405,B,24,2521,-63,/dev/serial/by-path/pci-0000:05:00.3-usb-0:2.1.2:1.0-port0
1790755092.2427,C,23,2522,-62,/dev/serial/by-path/pci-0000:05:00.3-usb-0:2.1.3:1.0-port0
1790755092.2453,A,32,2532,-62,/dev/serial/by-path/pci-0000:05:00.3-usb-0:2.1.1:1.0-port0
1790755092.2905,B,25,2571,-69,/dev/serial/by-path/pci-0000:05:00.3-usb-0:2.1.2:1.0-port0
1790755092.2924,C,24,2572,-69,/dev/serial/by-path/pci-0000:05:00.3-usb-0:2.1.3:1.0-port0
1790755092.2956,A,33,2582,-65,/dev/serial/by-path/pci-0000:05:00.3-usb-0:2.1.1:1.0-port0
1790755092.3022,C,25,2582,-63,/dev/serial/by-path/pci-0000:05:00.3-usb-0:2.1.3:1.0-port0
1790755092.3081,B,26,2589,-61,/dev/serial/by-path/pci-0000:05:00.3-usb-0:2.1.2:1.0-port0
1790755092.3084,A,34,2595,-66,/dev/serial/by-path/pci-0000:05:00.3-usb-0:2.1.1:1.0-port0
1790755092.3436,A,35,2630,-66,/dev/serial/by-path/pci-0000:05:00.3-usb-0:2.1.1:1.0-port0
1790755092.3842,B,27,2665,-62,/dev/serial/by-path/pci-0000:05:00.3-usb-0:2.1.2:1.0-port0
1790755092.3842,B,28,2666,-65,/dev/serial/by-path/pci-0000:05:00.3-usb-0:2.1.2:1.0-port0
1790755092.3921,C,26,2672,-62,/dev/serial/by-path/pci-0000:05:00.3-usb-0:2.1.3:1.0-port0
1790755092.3961,A,36,2683,-63,/dev/serial/by-path/pci-0000:05:00.3-usb-0:2.1.1:1.0-port0
1790755092.4285,B,29,2710,-67,/dev/serial/by-path/pci-0000:05:00.3-usb-0:2.1.2:1.0-port0
1790755092.4287,C,27,2709,-67,/dev/serial/by-path/pci-0000:05:00.3-usb-0:2.1.3:1.0-port0
1790755092.4290,A,37,2715,-65,/dev/serial/by-path/pci-0000:05:00.3-usb-0:2.1.1:1.0-port0
1790755092.4745,B,30,2756,-61,/dev/serial/by-path/pci-0000:05:00.3-usb-0:2.1.2:1.0-port0
1790755092.4747,C,28,2754,-64,/dev/serial/by-path/pci-0000:05:00.3-usb-0:2.1.3:1.0-port0
1790755092.4749,A,38,2761,-66,/dev/serial/by-path/pci-0000:05:00.3-usb-0:2.1.1:1.0-port0
1790755092.5411,B,31,2822,-63,/dev/serial/by-path/pci-0000:05:00.3-usb-0:2.1.2:1.0-port0
1790755092.5418,C,29,2822,-63,/dev/serial/by-path/pci-0000:05:00.3-usb-0:2.1.3:1.0-port0
1790755092.5455,A,39,2832,-62,/dev/serial/by-path/pci-0000:05:00.3-usb-0:2.1.1:1.0-port0
1790755092.5627,B,32,2844,-68,/dev/serial/by-path/pci-0000:05:00.3-usb-0:2.1.2:1.0-port0
1790755092.5925,C,30,2872,-67,/dev/serial/by-path/pci-0000:05:00.3-usb-0:2.1.3:1.0-port0
1790755092.5956,A,40,2882,-65,/dev/serial/by-path/pci-0000:05:00.3-usb-0:2.1.1:1.0-port0
1790755092.6109,B,33,2892,-61,/dev/serial/by-path/pci-0000:05:00.3-usb-0:2.1.2:1.0-port0
1790755092.6113,C,31,2891,-65,/dev/serial/by-path/pci-0000:05:00.3-usb-0:2.1.3:1.0-port0
1790755092.6116,A,41,2898,-66,/dev/serial/by-path/pci-0000:05:00.3-usb-0:2.1.1:1.0-port0
1790755092.6904,B,34,2971,-62,/dev/serial/by-path/pci-0000:05:00.3-usb-0:2.1.2:1.0-port0
1790755092.6921,C,32,2972,-65,/dev/serial/by-path/pci-0000:05:00.3-usb-0:2.1.3:1.0-port0
1790755092.6952,A,42,2982,-63,/dev/serial/by-path/pci-0000:05:00.3-usb-0:2.1.1:1.0-port0
1790755092.7064,C,33,2986,-66,/dev/serial/by-path/pci-0000:05:00.3-usb-0:2.1.3:1.0-port0
1790755092.7066,B,35,2988,-66,/dev/serial/by-path/pci-0000:05:00.3-usb-0:2.1.2:1.0-port0
1790755092.7067,A,43,2993,-65,/dev/serial/by-path/pci-0000:05:00.3-usb-0:2.1.1:1.0-port0
1790755092.7548,B,36,3036,-61,/dev/serial/by-path/pci-0000:05:00.3-usb-0:2.1.2:1.0-port0
1790755092.7650,C,34,3045,-64,/dev/serial/by-path/pci-0000:05:00.3-usb-0:2.1.3:1.0-port0
1790755092.7957,A,44,3083,-66,/dev/serial/by-path/pci-0000:05:00.3-usb-0:2.1.1:1.0-port0
1790755092.8354,B,37,3117,-62,/dev/serial/by-path/pci-0000:05:00.3-usb-0:2.1.2:1.0-port0
1790755092.8354,B,38,3117,-62,/dev/serial/by-path/pci-0000:05:00.3-usb-0:2.1.2:1.0-port0
1790755092.8423,C,35,3122,-64,/dev/serial/by-path/pci-0000:05:00.3-usb-0:2.1.3:1.0-port0
1790755092.8455,A,45,3132,-64,/dev/serial/by-path/pci-0000:05:00.3-usb-0:2.1.1:1.0-port0
1790755092.8803,C,36,3160,-65,/dev/serial/by-path/pci-0000:05:00.3-usb-0:2.1.3:1.0-port0
1790755092.8807,B,39,3161,-66,/dev/serial/by-path/pci-0000:05:00.3-usb-0:2.1.2:1.0-port0
1790755092.8955,A,46,3182,-66,/dev/serial/by-path/pci-0000:05:00.3-usb-0:2.1.1:1.0-port0
1790755092.9264,A,47,3213,-66,/dev/serial/by-path/pci-0000:05:00.3-usb-0:2.1.1:1.0-port0
1790755092.9265,B,40,3207,-61,/dev/serial/by-path/pci-0000:05:00.3-usb-0:2.1.2:1.0-port0
1790755092.9267,C,37,3206,-66,/dev/serial/by-path/pci-0000:05:00.3-usb-0:2.1.3:1.0-port0
1790755092.9708,B,41,3252,-65,/dev/serial/by-path/pci-0000:05:00.3-usb-0:2.1.2:1.0-port0
1790755092.9711,A,48,3258,-62,/dev/serial/by-path/pci-0000:05:00.3-usb-0:2.1.1:1.0-port0
1790755092.9712,C,38,3250,-63,/dev/serial/by-path/pci-0000:05:00.3-usb-0:2.1.3:1.0-port0
1790755093.0249,C,39,3304,-66,/dev/serial/by-path/pci-0000:05:00.3-usb-0:2.1.3:1.0-port0
1790755093.0252,B,42,3306,-66,/dev/serial/by-path/pci-0000:05:00.3-usb-0:2.1.2:1.0-port0
1790755093.0256,A,49,3311,-65,/dev/serial/by-path/pci-0000:05:00.3-usb-0:2.1.1:1.0-port0
1790755093.0615,B,43,3342,-61,/dev/serial/by-path/pci-0000:05:00.3-usb-0:2.1.2:1.0-port0
1790755093.0616,C,40,3341,-65,/dev/serial/by-path/pci-0000:05:00.3-usb-0:2.1.3:1.0-port0
1790755093.0622,A,50,3349,-66,/dev/serial/by-path/pci-0000:05:00.3-usb-0:2.1.1:1.0-port0
1790755093.1044,C,41,3383,-64,/dev/serial/by-path/pci-0000:05:00.3-usb-0:2.1.3:1.0-port0
1790755093.1270,A,51,3414,-63,/dev/serial/by-path/pci-0000:05:00.3-usb-0:2.1.1:1.0-port0
1790755093.1274,B,44,3408,-63,/dev/serial/by-path/pci-0000:05:00.3-usb-0:2.1.2:1.0-port0
1790755093.1544,A,52,3441,-65,/dev/serial/by-path/pci-0000:05:00.3-usb-0:2.1.1:1.0-port0
1790755093.1549,C,42,3434,-65,/dev/serial/by-path/pci-0000:05:00.3-usb-0:2.1.3:1.0-port0
1790755093.1550,B,45,3436,-66,/dev/serial/by-path/pci-0000:05:00.3-usb-0:2.1.2:1.0-port0
1790755093.1963,B,46,3477,-61,/dev/serial/by-path/pci-0000:05:00.3-usb-0:2.1.2:1.0-port0
1790755093.2357,C,43,3515,-65,/dev/serial/by-path/pci-0000:05:00.3-usb-0:2.1.3:1.0-port0
1790755093.2386,B,47,3520,-61,/dev/serial/by-path/pci-0000:05:00.3-usb-0:2.1.2:1.0-port0
1790755093.2390,A,53,3526,-67,/dev/serial/by-path/pci-0000:05:00.3-usb-0:2.1.1:1.0-port0
1790755093.2422,C,44,3522,-65,/dev/serial/by-path/pci-0000:05:00.3-usb-0:2.1.3:1.0-port0
1790755093.2846,B,48,3565,-65,/dev/serial/by-path/pci-0000:05:00.3-usb-0:2.1.2:1.0-port0
1790755093.2924,C,45,3572,-64,/dev/serial/by-path/pci-0000:05:00.3-usb-0:2.1.3:1.0-port0
1790755093.2959,A,54,3583,-63,/dev/serial/by-path/pci-0000:05:00.3-usb-0:2.1.1:1.0-port0
1790755093.3404,B,49,3621,-65,/dev/serial/by-path/pci-0000:05:00.3-usb-0:2.1.2:1.0-port0
1790755093.3424,C,46,3622,-65,/dev/serial/by-path/pci-0000:05:00.3-usb-0:2.1.3:1.0-port0
1790755093.3458,A,55,3632,-65,/dev/serial/by-path/pci-0000:05:00.3-usb-0:2.1.1:1.0-port0
1790755093.3796,B,50,3660,-60,/dev/serial/by-path/pci-0000:05:00.3-usb-0:2.1.2:1.0-port0
1790755093.3924,C,47,3672,-65,/dev/serial/by-path/pci-0000:05:00.3-usb-0:2.1.3:1.0-port0
1790755093.3956,A,56,3682,-67,/dev/serial/by-path/pci-0000:05:00.3-usb-0:2.1.1:1.0-port0
1790755093.4404,B,51,3721,-63,/dev/serial/by-path/pci-0000:05:00.3-usb-0:2.1.2:1.0-port0
1790755093.4424,C,48,3722,-64,/dev/serial/by-path/pci-0000:05:00.3-usb-0:2.1.3:1.0-port0
1790755093.4456,A,57,3732,-63,/dev/serial/by-path/pci-0000:05:00.3-usb-0:2.1.1:1.0-port0
1790755093.4794,C,49,3759,-66,/dev/serial/by-path/pci-0000:05:00.3-usb-0:2.1.3:1.0-port0
1790755093.4799,A,58,3766,-65,/dev/serial/by-path/pci-0000:05:00.3-usb-0:2.1.1:1.0-port0
1790755093.4802,B,52,3760,-66,/dev/serial/by-path/pci-0000:05:00.3-usb-0:2.1.2:1.0-port0
1790755093.5156,C,50,3795,-66,/dev/serial/by-path/pci-0000:05:00.3-usb-0:2.1.3:1.0-port0
1790755093.5158,B,53,3797,-61,/dev/serial/by-path/pci-0000:05:00.3-usb-0:2.1.2:1.0-port0
1790755093.5182,A,59,3805,-67,/dev/serial/by-path/pci-0000:05:00.3-usb-0:2.1.1:1.0-port0
1790755093.5752,C,51,3855,-65,/dev/serial/by-path/pci-0000:05:00.3-usb-0:2.1.3:1.0-port0
1790755093.5816,A,60,3868,-65,/dev/serial/by-path/pci-0000:05:00.3-usb-0:2.1.1:1.0-port0
1790755093.5817,B,54,3862,-64,/dev/serial/by-path/pci-0000:05:00.3-usb-0:2.1.2:1.0-port0
1790755093.6258,B,55,3907,-67,/dev/serial/by-path/pci-0000:05:00.3-usb-0:2.1.2:1.0-port0
1790755093.6421,C,52,3922,-66,/dev/serial/by-path/pci-0000:05:00.3-usb-0:2.1.3:1.0-port0
1790755093.6454,A,61,3932,-65,/dev/serial/by-path/pci-0000:05:00.3-usb-0:2.1.1:1.0-port0
1790755093.6591,B,56,3940,-61,/dev/serial/by-path/pci-0000:05:00.3-usb-0:2.1.2:1.0-port0
1790755093.6593,C,53,3938,-66,/dev/serial/by-path/pci-0000:05:00.3-usb-0:2.1.3:1.0-port0
1790755093.6686,A,62,3954,-67,/dev/serial/by-path/pci-0000:05:00.3-usb-0:2.1.1:1.0-port0
1790755093.7284,C,54,4008,-67,/dev/serial/by-path/pci-0000:05:00.3-usb-0:2.1.3:1.0-port0
1790755093.7404,B,57,4021,-64,/dev/serial/by-path/pci-0000:05:00.3-usb-0:2.1.2:1.0-port0
1790755093.7455,A,63,4032,-63,/dev/serial/by-path/pci-0000:05:00.3-usb-0:2.1.1:1.0-port0
1790755093.7702,B,58,4051,-67,/dev/serial/by-path/pci-0000:05:00.3-usb-0:2.1.2:1.0-port0
1790755093.7865,A,64,4073,-65,/dev/serial/by-path/pci-0000:05:00.3-usb-0:2.1.1:1.0-port0
1790755093.7868,C,55,4066,-67,/dev/serial/by-path/pci-0000:05:00.3-usb-0:2.1.3:1.0-port0
1790755093.7959,A,65,4083,-65,/dev/serial/by-path/pci-0000:05:00.3-usb-0:2.1.1:1.0-port0
1790755093.8374,B,59,4118,-61,/dev/serial/by-path/pci-0000:05:00.3-usb-0:2.1.2:1.0-port0
1790755093.8376,A,66,4124,-67,/dev/serial/by-path/pci-0000:05:00.3-usb-0:2.1.1:1.0-port0
1790755093.8421,C,56,4122,-67,/dev/serial/by-path/pci-0000:05:00.3-usb-0:2.1.3:1.0-port0
1790755093.8778,B,60,4159,-64,/dev/serial/by-path/pci-0000:05:00.3-usb-0:2.1.2:1.0-port0
1790755093.8783,A,67,4165,-64,/dev/serial/by-path/pci-0000:05:00.3-usb-0:2.1.1:1.0-port0
1790755093.8925,C,57,4172,-66,/dev/serial/by-path/pci-0000:05:00.3-usb-0:2.1.3:1.0-port0
1790755093.9226,A,68,4209,-65,/dev/serial/by-path/pci-0000:05:00.3-usb-0:2.1.1:1.0-port0
1790755093.9404,B,61,4221,-67,/dev/serial/by-path/pci-0000:05:00.3-usb-0:2.1.2:1.0-port0
1790755093.9425,C,58,4222,-68,/dev/serial/by-path/pci-0000:05:00.3-usb-0:2.1.3:1.0-port0
1790755093.9688,B,62,4250,-61,/dev/serial/by-path/pci-0000:05:00.3-usb-0:2.1.2:1.0-port0
1790755093.9714,C,59,4251,-67,/dev/serial/by-path/pci-0000:05:00.3-usb-0:2.1.3:1.0-port0
1790755093.9716,A,69,4258,-67,/dev/serial/by-path/pci-0000:05:00.3-usb-0:2.1.1:1.0-port0
1790755094.0178,B,63,4299,-64,/dev/serial/by-path/pci-0000:05:00.3-usb-0:2.1.2:1.0-port0
1790755094.0179,A,70,4304,-62,/dev/serial/by-path/pci-0000:05:00.3-usb-0:2.1.1:1.0-port0
1790755094.0422,C,60,4322,-66,/dev/serial/by-path/pci-0000:05:00.3-usb-0:2.1.3:1.0-port0
1790755094.0657,C,61,4345,-67,/dev/serial/by-path/pci-0000:05:00.3-usb-0:2.1.3:1.0-port0
1790755094.0661,B,64,4346,-67,/dev/serial/by-path/pci-0000:05:00.3-usb-0:2.1.2:1.0-port0
1790755094.0664,A,71,4352,-64,/dev/serial/by-path/pci-0000:05:00.3-usb-0:2.1.1:1.0-port0
1790755094.1126,A,72,4399,-67,/dev/serial/by-path/pci-0000:05:00.3-usb-0:2.1.1:1.0-port0
1790755094.1143,B,65,4394,-62,/dev/serial/by-path/pci-0000:05:00.3-usb-0:2.1.2:1.0-port0
1790755094.1147,C,62,4392,-67,/dev/serial/by-path/pci-0000:05:00.3-usb-0:2.1.3:1.0-port0
1790755094.1602,B,66,4441,-65,/dev/serial/by-path/pci-0000:05:00.3-usb-0:2.1.2:1.0-port0
1790755094.1787,A,73,4465,-63,/dev/serial/by-path/pci-0000:05:00.3-usb-0:2.1.1:1.0-port0
1790755094.1925,C,63,4472,-68,/dev/serial/by-path/pci-0000:05:00.3-usb-0:2.1.3:1.0-port0
1790755094.2073,A,74,4494,-64,/dev/serial/by-path/pci-0000:05:00.3-usb-0:2.1.1:1.0-port0
1790755094.2074,C,64,4487,-67,/dev/serial/by-path/pci-0000:05:00.3-usb-0:2.1.3:1.0-port0
1790755094.2076,B,67,4488,-69,/dev/serial/by-path/pci-0000:05:00.3-usb-0:2.1.2:1.0-port0
1790755094.2847,C,65,4564,-67,/dev/serial/by-path/pci-0000:05:00.3-usb-0:2.1.3:1.0-port0
1790755094.2863,B,68,4567,-62,/dev/serial/by-path/pci-0000:05:00.3-usb-0:2.1.2:1.0-port0
1790755094.2952,A,75,4581,-66,/dev/serial/by-path/pci-0000:05:00.3-usb-0:2.1.1:1.0-port0
1790755094.3114,B,69,4592,-65,/dev/serial/by-path/pci-0000:05:00.3-usb-0:2.1.2:1.0-port0
1790755094.3457,A,76,4632,-63,/dev/serial/by-path/pci-0000:05:00.3-usb-0:2.1.1:1.0-port0
1790755094.3905,B,70,4671,-68,/dev/serial/by-path/pci-0000:05:00.3-usb-0:2.1.2:1.0-port0
1790755094.3924,A,77,4679,-64,/dev/serial/by-path/pci-0000:05:00.3-usb-0:2.1.1:1.0-port0
1790755094.4394,A,78,4726,-67,/dev/serial/by-path/pci-0000:05:00.3-usb-0:2.1.1:1.0-port0
1790755094.4803,B,71,4761,-64,/dev/serial/by-path/pci-0000:05:00.3-usb-0:2.1.2:1.0-port0
1790755094.4920,C,66,4772,-69,/dev/serial/by-path/pci-0000:05:00.3-usb-0:2.1.3:1.0-port0
1790755094.4957,A,79,4782,-64,/dev/serial/by-path/pci-0000:05:00.3-usb-0:2.1.1:1.0-port0
1790755094.5287,B,72,4809,-68,/dev/serial/by-path/pci-0000:05:00.3-usb-0:2.1.2:1.0-port0
1790755094.5288,C,67,4808,-67,/dev/serial/by-path/pci-0000:05:00.3-usb-0:2.1.3:1.0-port0
1790755094.5452,A,80,4832,-64,/dev/serial/by-path/pci-0000:05:00.3-usb-0:2.1.1:1.0-port0
1790755094.5904,B,73,4871,-63,/dev/serial/by-path/pci-0000:05:00.3-usb-0:2.1.2:1.0-port0
1790755094.5927,A,81,4879,-67,/dev/serial/by-path/pci-0000:05:00.3-usb-0:2.1.1:1.0-port0
1790755094.5928,C,68,4872,-67,/dev/serial/by-path/pci-0000:05:00.3-usb-0:2.1.3:1.0-port0
1790755094.6282,A,82,4915,-62,/dev/serial/by-path/pci-0000:05:00.3-usb-0:2.1.1:1.0-port0
1790755094.6310,B,74,4912,-65,/dev/serial/by-path/pci-0000:05:00.3-usb-0:2.1.2:1.0-port0
1790755094.6314,C,69,4911,-70,/dev/serial/by-path/pci-0000:05:00.3-usb-0:2.1.3:1.0-port0
1790755094.6754,B,75,4956,-70,/dev/serial/by-path/pci-0000:05:00.3-usb-0:2.1.2:1.0-port0
1790755094.6925,C,70,4972,-66,/dev/serial/by-path/pci-0000:05:00.3-usb-0:2.1.3:1.0-port0
1790755094.6955,A,83,4982,-63,/dev/serial/by-path/pci-0000:05:00.3-usb-0:2.1.1:1.0-port0
1790755094.7197,C,71,4999,-66,/dev/serial/by-path/pci-0000:05:00.3-usb-0:2.1.3:1.0-port0
1790755094.7202,A,84,5006,-66,/dev/serial/by-path/pci-0000:05:00.3-usb-0:2.1.1:1.0-port0
1790755094.7271,B,76,5008,-62,/dev/serial/by-path/pci-0000:05:00.3-usb-0:2.1.2:1.0-port0
1790755094.7684,B,77,5049,-65,/dev/serial/by-path/pci-0000:05:00.3-usb-0:2.1.2:1.0-port0
1790755094.7922,C,72,5072,-68,/dev/serial/by-path/pci-0000:05:00.3-usb-0:2.1.3:1.0-port0
1790755094.7956,A,85,5082,-62,/dev/serial/by-path/pci-0000:05:00.3-usb-0:2.1.1:1.0-port0
1790755094.8130,B,78,5094,-70,/dev/serial/by-path/pci-0000:05:00.3-usb-0:2.1.2:1.0-port0
1790755094.8305,C,73,5110,-66,/dev/serial/by-path/pci-0000:05:00.3-usb-0:2.1.3:1.0-port0
1790755094.8319,A,86,5118,-64,/dev/serial/by-path/pci-0000:05:00.3-usb-0:2.1.1:1.0-port0
1790755094.8578,B,79,5139,-62,/dev/serial/by-path/pci-0000:05:00.3-usb-0:2.1.2:1.0-port0
1790755094.8599,A,87,5146,-66,/dev/serial/by-path/pci-0000:05:00.3-usb-0:2.1.1:1.0-port0
1790755094.8601,C,74,5139,-65,/dev/serial/by-path/pci-0000:05:00.3-usb-0:2.1.3:1.0-port0
1790755094.9205,A,88,5207,-62,/dev/serial/by-path/pci-0000:05:00.3-usb-0:2.1.1:1.0-port0
1790755094.9229,C,75,5203,-67,/dev/serial/by-path/pci-0000:05:00.3-usb-0:2.1.3:1.0-port0
1790755094.9905,B,80,5271,-70,/dev/serial/by-path/pci-0000:05:00.3-usb-0:2.1.2:1.0-port0
1790755094.9922,C,76,5272,-65,/dev/serial/by-path/pci-0000:05:00.3-usb-0:2.1.3:1.0-port0
1790755094.9942,A,89,5281,-63,/dev/serial/by-path/pci-0000:05:00.3-usb-0:2.1.1:1.0-port0
1790755095.0225,C,77,5302,-65,/dev/serial/by-path/pci-0000:05:00.3-usb-0:2.1.3:1.0-port0
1790755095.0264,B,81,5307,-62,/dev/serial/by-path/pci-0000:05:00.3-usb-0:2.1.2:1.0-port0
1790755095.0671,C,78,5347,-67,/dev/serial/by-path/pci-0000:05:00.3-usb-0:2.1.3:1.0-port0
1790755095.0679,B,82,5349,-65,/dev/serial/by-path/pci-0000:05:00.3-usb-0:2.1.2:1.0-port0
1790755095.0957,A,90,5382,-63,/dev/serial/by-path/pci-0000:05:00.3-usb-0:2.1.1:1.0-port0
1790755095.1281,B,83,5409,-70,/dev/serial/by-path/pci-0000:05:00.3-usb-0:2.1.2:1.0-port0
1790755095.1418,C,79,5421,-64,/dev/serial/by-path/pci-0000:05:00.3-usb-0:2.1.3:1.0-port0
1790755095.1422,A,91,5428,-64,/dev/serial/by-path/pci-0000:05:00.3-usb-0:2.1.1:1.0-port0
1790755095.1845,C,80,5464,-63,/dev/serial/by-path/pci-0000:05:00.3-usb-0:2.1.3:1.0-port0
1790755095.1909,B,84,5472,-62,/dev/serial/by-path/pci-0000:05:00.3-usb-0:2.1.2:1.0-port0
1790755095.1954,A,92,5482,-66,/dev/serial/by-path/pci-0000:05:00.3-usb-0:2.1.1:1.0-port0
1790755095.2363,B,85,5517,-65,/dev/serial/by-path/pci-0000:05:00.3-usb-0:2.1.2:1.0-port0
1790755095.2366,C,81,5516,-66,/dev/serial/by-path/pci-0000:05:00.3-usb-0:2.1.3:1.0-port0
1790755095.2368,A,93,5524,-63,/dev/serial/by-path/pci-0000:05:00.3-usb-0:2.1.1:1.0-port0
1790755095.2746,B,86,5556,-70,/dev/serial/by-path/pci-0000:05:00.3-usb-0:2.1.2:1.0-port0
1790755095.2750,C,82,5554,-65,/dev/serial/by-path/pci-0000:05:00.3-usb-0:2.1.3:1.0-port0
1790755095.2936,A,94,5580,-64,/dev/serial/by-path/pci-0000:05:00.3-usb-0:2.1.1:1.0-port0
1790755095.3403,B,87,5621,-62,/dev/serial/by-path/pci-0000:05:00.3-usb-0:2.1.2:1.0-port0
1790755095.3457,A,95,5632,-66,/dev/serial/by-path/pci-0000:05:00.3-usb-0:2.1.1:1.0-port0
1790755095.3667,B,88,5648,-64,/dev/serial/by-path/pci-0000:05:00.3-usb-0:2.1.2:1.0-port0
1790755095.3902,C,83,5670,-65,/dev/serial/by-path/pci-0000:05:00.3-usb-0:2.1.3:1.0-port0
1790755095.3956,A,96,5682,-62,/dev/serial/by-path/pci-0000:05:00.3-usb-0:2.1.1:1.0-port0
1790755095.4173,C,84,5697,-64,/dev/serial/by-path/pci-0000:05:00.3-usb-0:2.1.3:1.0-port0
1790755095.4181,A,97,5705,-63,/dev/serial/by-path/pci-0000:05:00.3-usb-0:2.1.1:1.0-port0
1790755095.4404,B,89,5721,-70,/dev/serial/by-path/pci-0000:05:00.3-usb-0:2.1.2:1.0-port0
1790755095.4861,C,85,5766,-64,/dev/serial/by-path/pci-0000:05:00.3-usb-0:2.1.3:1.0-port0
1790755095.4863,A,98,5773,-66,/dev/serial/by-path/pci-0000:05:00.3-usb-0:2.1.1:1.0-port0
1790755095.4867,B,90,5767,-62,/dev/serial/by-path/pci-0000:05:00.3-usb-0:2.1.2:1.0-port0
1790755095.5029,B,91,5784,-64,/dev/serial/by-path/pci-0000:05:00.3-usb-0:2.1.2:1.0-port0
1790755095.5454,A,99,5832,-63,/dev/serial/by-path/pci-0000:05:00.3-usb-0:2.1.1:1.0-port0
1790755095.5521,B,92,5833,-68,/dev/serial/by-path/pci-0000:05:00.3-usb-0:2.1.2:1.0-port0
1790755095.5575,C,86,5837,-64,/dev/serial/by-path/pci-0000:05:00.3-usb-0:2.1.3:1.0-port0
1790755095.5576,A,100,5844,-64,/dev/serial/by-path/pci-0000:05:00.3-usb-0:2.1.1:1.0-port0
1790755095.6095,C,87,5889,-63,/dev/serial/by-path/pci-0000:05:00.3-usb-0:2.1.3:1.0-port0
1790755095.6096,B,93,5890,-62,/dev/serial/by-path/pci-0000:05:00.3-usb-0:2.1.2:1.0-port0
1790755095.6594,B,94,5940,-64,/dev/serial/by-path/pci-0000:05:00.3-usb-0:2.1.2:1.0-port0
1790755095.6598,C,88,5940,-65,/dev/serial/by-path/pci-0000:05:00.3-usb-0:2.1.3:1.0-port0
1790755095.6963,B,95,5977,-69,/dev/serial/by-path/pci-0000:05:00.3-usb-0:2.1.2:1.0-port0
1790755095.7394,C,89,6020,-64,/dev/serial/by-path/pci-0000:05:00.3-usb-0:2.1.3:1.0-port0
1790755095.7394,C,90,6020,-64,/dev/serial/by-path/pci-0000:05:00.3-usb-0:2.1.3:1.0-port0
1790755095.7400,B,96,6021,-69,/dev/serial/by-path/pci-0000:05:00.3-usb-0:2.1.2:1.0-port0
1790755095.7455,A,101,6032,-63,/dev/serial/by-path/pci-0000:05:00.3-usb-0:2.1.1:1.0-port0
1790755095.7873,A,102,6074,-66,/dev/serial/by-path/pci-0000:05:00.3-usb-0:2.1.1:1.0-port0
1790755095.7875,C,91,6067,-63,/dev/serial/by-path/pci-0000:05:00.3-usb-0:2.1.3:1.0-port0
1790755095.7878,B,97,6068,-62,/dev/serial/by-path/pci-0000:05:00.3-usb-0:2.1.2:1.0-port0
1790755095.8336,B,98,6115,-63,/dev/serial/by-path/pci-0000:05:00.3-usb-0:2.1.2:1.0-port0
1790755095.8417,C,92,6122,-79,/dev/serial/by-path/pci-0000:05:00.3-usb-0:2.1.3:1.0-port0
1790755095.8452,A,103,6132,-63,/dev/serial/by-path/pci-0000:05:00.3-usb-0:2.1.1:1.0-port0
1790755095.8760,A,104,6163,-64,/dev/serial/by-path/pci-0000:05:00.3-usb-0:2.1.1:1.0-port0
1790755095.8764,C,93,6156,-64,/dev/serial/by-path/pci-0000:05:00.3-usb-0:2.1.3:1.0-port0
1790755095.8904,B,99,6171,-67,/dev/serial/by-path/pci-0000:05:00.3-usb-0:2.1.2:1.0-port0
1790755095.9405,C,94,6220,-62,/dev/serial/by-path/pci-0000:05:00.3-usb-0:2.1.3:1.0-port0
1790755095.9409,B,100,6221,-62,/dev/serial/by-path/pci-0000:05:00.3-usb-0:2.1.2:1.0-port0
1790755095.9417,A,105,6228,-66,/dev/serial/by-path/pci-0000:05:00.3-usb-0:2.1.1:1.0-port0
1790755095.9625,A,106,6249,-63,/dev/serial/by-path/pci-0000:05:00.3-usb-0:2.1.1:1.0-port0
1790755095.9626,B,101,6243,-63,/dev/serial/by-path/pci-0000:05:00.3-usb-0:2.1.2:1.0-port0
1790755095.9628,C,95,6242,-64,/dev/serial/by-path/pci-0000:05:00.3-usb-0:2.1.3:1.0-port0
1790755096.0410,B,102,6322,-69,/dev/serial/by-path/pci-0000:05:00.3-usb-0:2.1.2:1.0-port0
1790755096.0429,C,96,6322,-64,/dev/serial/by-path/pci-0000:05:00.3-usb-0:2.1.3:1.0-port0
1790755096.0456,A,107,6332,-64,/dev/serial/by-path/pci-0000:05:00.3-usb-0:2.1.1:1.0-port0
1790755096.0697,C,97,6349,-63,/dev/serial/by-path/pci-0000:05:00.3-usb-0:2.1.3:1.0-port0
1790755096.0701,B,103,6351,-62,/dev/serial/by-path/pci-0000:05:00.3-usb-0:2.1.2:1.0-port0
1790755096.0958,A,108,6382,-65,/dev/serial/by-path/pci-0000:05:00.3-usb-0:2.1.1:1.0-port0
1790755096.1379,B,104,6419,-64,/dev/serial/by-path/pci-0000:05:00.3-usb-0:2.1.2:1.0-port0
1790755096.1385,C,98,6419,-64,/dev/serial/by-path/pci-0000:05:00.3-usb-0:2.1.3:1.0-port0
1790755096.1401,B,105,6420,-64,/dev/serial/by-path/pci-0000:05:00.3-usb-0:2.1.2:1.0-port0
1790755096.1457,A,109,6432,-62,/dev/serial/by-path/pci-0000:05:00.3-usb-0:2.1.1:1.0-port0
1790755096.1867,C,99,6466,-63,/dev/serial/by-path/pci-0000:05:00.3-usb-0:2.1.3:1.0-port0
1790755096.1871,B,106,6468,-68,/dev/serial/by-path/pci-0000:05:00.3-usb-0:2.1.2:1.0-port0
1790755096.1958,A,110,6482,-63,/dev/serial/by-path/pci-0000:05:00.3-usb-0:2.1.1:1.0-port0
1790755096.2303,C,100,6510,-63,/dev/serial/by-path/pci-0000:05:00.3-usb-0:2.1.3:1.0-port0
1790755096.2307,B,107,6511,-62,/dev/serial/by-path/pci-0000:05:00.3-usb-0:2.1.2:1.0-port0
1790755096.2307,A,111,6517,-66,/dev/serial/by-path/pci-0000:05:00.3-usb-0:2.1.1:1.0-port0
1790755096.2827,C,101,6562,-63,/dev/serial/by-path/pci-0000:05:00.3-usb-0:2.1.3:1.0-port0
1790755096.2878,B,108,6569,-63,/dev/serial/by-path/pci-0000:05:00.3-usb-0:2.1.2:1.0-port0
1790755096.2885,A,112,6575,-62,/dev/serial/by-path/pci-0000:05:00.3-usb-0:2.1.1:1.0-port0
1790755096.3222,C,102,6602,-63,/dev/serial/by-path/pci-0000:05:00.3-usb-0:2.1.3:1.0-port0
1790755096.3227,B,109,6604,-68,/dev/serial/by-path/pci-0000:05:00.3-usb-0:2.1.2:1.0-port0
1790755096.3227,A,113,6609,-65,/dev/serial/by-path/pci-0000:05:00.3-usb-0:2.1.1:1.0-port0
1790755096.3604,C,103,6640,-63,/dev/serial/by-path/pci-0000:05:00.3-usb-0:2.1.3:1.0-port0
1790755096.3608,B,110,6641,-61,/dev/serial/by-path/pci-0000:05:00.3-usb-0:2.1.2:1.0-port0
1790755096.3859,A,114,6672,-65,/dev/serial/by-path/pci-0000:05:00.3-usb-0:2.1.1:1.0-port0
1790755096.4369,A,115,6722,-63,/dev/serial/by-path/pci-0000:05:00.3-usb-0:2.1.1:1.0-port0
1790755096.4424,C,104,6722,-63,/dev/serial/by-path/pci-0000:05:00.3-usb-0:2.1.3:1.0-port0
1790755096.4906,B,111,6771,-67,/dev/serial/by-path/pci-0000:05:00.3-usb-0:2.1.2:1.0-port0
1790755096.4925,C,105,6772,-63,/dev/serial/by-path/pci-0000:05:00.3-usb-0:2.1.3:1.0-port0
1790755096.4942,A,116,6781,-64,/dev/serial/by-path/pci-0000:05:00.3-usb-0:2.1.1:1.0-port0
1790755096.5036,B,112,6785,-61,/dev/serial/by-path/pci-0000:05:00.3-usb-0:2.1.2:1.0-port0
1790755096.5037,A,117,6790,-66,/dev/serial/by-path/pci-0000:05:00.3-usb-0:2.1.1:1.0-port0
1790755096.5041,C,106,6783,-64,/dev/serial/by-path/pci-0000:05:00.3-usb-0:2.1.3:1.0-port0
1790755096.5557,B,113,6837,-63,/dev/serial/by-path/pci-0000:05:00.3-usb-0:2.1.2:1.0-port0
1790755096.5738,A,118,6860,-63,/dev/serial/by-path/pci-0000:05:00.3-usb-0:2.1.1:1.0-port0
1790755096.5958,A,119,6882,-62,/dev/serial/by-path/pci-0000:05:00.3-usb-0:2.1.1:1.0-port0
1790755096.5962,B,114,6877,-67,/dev/serial/by-path/pci-0000:05:00.3-usb-0:2.1.2:1.0-port0
1790755096.6401,C,107,6920,-64,/dev/serial/by-path/pci-0000:05:00.3-usb-0:2.1.3:1.0-port0
1790755096.6422,C,108,6920,-64,/dev/serial/by-path/pci-0000:05:00.3-usb-0:2.1.3:1.0-port0
1790755096.6458,A,120,6932,-64,/dev/serial/by-path/pci-0000:05:00.3-usb-0:2.1.1:1.0-port0
1790755096.6873,B,115,6968,-62,/dev/serial/by-path/pci-0000:05:00.3-usb-0:2.1.2:1.0-port0
1790755096.6874,C,109,6967,-64,/dev/serial/by-path/pci-0000:05:00.3-usb-0:2.1.3:1.0-port0
1790755096.6957,A,121,6982,-67,/dev/serial/by-path/pci-0000:05:00.3-usb-0:2.1.1:1.0-port0
1790755096.7295,C,110,7009,-65,/dev/serial/by-path/pci-0000:05:00.3-usb-0:2.1.3:1.0-port0
1790755096.7317,B,116,7012,-63,/dev/serial/by-path/pci-0000:05:00.3-usb-0:2.1.2:1.0-port0
1790755096.7334,A,122,7018,-63,/dev/serial/by-path/pci-0000:05:00.3-usb-0:2.1.1:1.0-port0
1790755096.7731,C,111,7052,-64,/dev/serial/by-path/pci-0000:05:00.3-usb-0:2.1.3:1.0-port0
1790755096.7735,A,123,7060,-64,/dev/serial/by-path/pci-0000:05:00.3-usb-0:2.1.1:1.0-port0
1790755096.7739,B,117,7054,-67,/dev/serial/by-path/pci-0000:05:00.3-usb-0:2.1.2:1.0-port0
1790755096.8130,C,112,7093,-65,/dev/serial/by-path/pci-0000:05:00.3-usb-0:2.1.3:1.0-port0
1790755096.8132,B,118,7094,-61,/dev/serial/by-path/pci-0000:05:00.3-usb-0:2.1.2:1.0-port0
1790755096.8136,A,124,7100,-66,/dev/serial/by-path/pci-0000:05:00.3-usb-0:2.1.1:1.0-port0
1790755096.8646,C,113,7144,-65,/dev/serial/by-path/pci-0000:05:00.3-usb-0:2.1.3:1.0-port0
1790755096.8667,B,119,7148,-63,/dev/serial/by-path/pci-0000:05:00.3-usb-0:2.1.2:1.0-port0
1790755096.8673,A,125,7154,-63,/dev/serial/by-path/pci-0000:05:00.3-usb-0:2.1.1:1.0-port0
1790755096.9090,B,120,7190,-68,/dev/serial/by-path/pci-0000:05:00.3-usb-0:2.1.2:1.0-port0
1790755096.9094,C,114,7188,-64,/dev/serial/by-path/pci-0000:05:00.3-usb-0:2.1.3:1.0-port0
1790755096.9097,A,126,7195,-64,/dev/serial/by-path/pci-0000:05:00.3-usb-0:2.1.1:1.0-port0
1790755096.9455,A,127,7232,-64,/dev/serial/by-path/pci-0000:05:00.3-usb-0:2.1.1:1.0-port0
1790755096.9904,B,121,7271,-62,/dev/serial/by-path/pci-0000:05:00.3-usb-0:2.1.2:1.0-port0
1790755096.9923,C,115,7272,-64,/dev/serial/by-path/pci-0000:05:00.3-usb-0:2.1.3:1.0-port0
1790755096.9954,A,128,7282,-67,/dev/serial/by-path/pci-0000:05:00.3-usb-0:2.1.1:1.0-port0
1790755097.0306,B,122,7311,-64,/dev/serial/by-path/pci-0000:05:00.3-usb-0:2.1.2:1.0-port0
1790755097.0317,A,129,7318,-63,/dev/serial/by-path/pci-0000:05:00.3-usb-0:2.1.1:1.0-port0
1790755097.0319,C,116,7311,-65,/dev/serial/by-path/pci-0000:05:00.3-usb-0:2.1.3:1.0-port0
1790755097.0905,B,123,7371,-67,/dev/serial/by-path/pci-0000:05:00.3-usb-0:2.1.2:1.0-port0
1790755097.0922,C,117,7372,-64,/dev/serial/by-path/pci-0000:05:00.3-usb-0:2.1.3:1.0-port0
1790755097.0954,A,130,7382,-64,/dev/serial/by-path/pci-0000:05:00.3-usb-0:2.1.1:1.0-port0
1790755097.1200,A,131,7406,-67,/dev/serial/by-path/pci-0000:05:00.3-usb-0:2.1.1:1.0-port0
1790755097.1205,B,124,7400,-62,/dev/serial/by-path/pci-0000:05:00.3-usb-0:2.1.2:1.0-port0
1790755097.1208,C,118,7399,-64,/dev/serial/by-path/pci-0000:05:00.3-usb-0:2.1.3:1.0-port0
1790755097.1729,C,119,7453,-65,/dev/serial/by-path/pci-0000:05:00.3-usb-0:2.1.3:1.0-port0
1790755097.1894,B,125,7470,-64,/dev/serial/by-path/pci-0000:05:00.3-usb-0:2.1.2:1.0-port0
1790755097.1956,A,132,7482,-62,/dev/serial/by-path/pci-0000:05:00.3-usb-0:2.1.1:1.0-port0
1790755097.2061,B,126,7487,-68,/dev/serial/by-path/pci-0000:05:00.3-usb-0:2.1.2:1.0-port0
1790755097.2202,C,120,7500,-64,/dev/serial/by-path/pci-0000:05:00.3-usb-0:2.1.3:1.0-port0
1790755097.2207,A,133,7508,-65,/dev/serial/by-path/pci-0000:05:00.3-usb-0:2.1.1:1.0-port0
1790755097.2618,B,127,7543,-62,/dev/serial/by-path/pci-0000:05:00.3-usb-0:2.1.2:1.0-port0
1790755097.2933,A,134,7580,-67,/dev/serial/by-path/pci-0000:05:00.3-usb-0:2.1.1:1.0-port0
1790755097.3036,B,128,7584,-64,/dev/serial/by-path/pci-0000:05:00.3-usb-0:2.1.2:1.0-port0
1790755097.3925,C,121,7672,-64,/dev/serial/by-path/pci-0000:05:00.3-usb-0:2.1.3:1.0-port0
1790755097.3960,A,135,7682,-64,/dev/serial/by-path/pci-0000:05:00.3-usb-0:2.1.1:1.0-port0
1790755097.4349,A,136,7721,-66,/dev/serial/by-path/pci-0000:05:00.3-usb-0:2.1.1:1.0-port0
1790755097.4391,B,129,7720,-62,/dev/serial/by-path/pci-0000:05:00.3-usb-0:2.1.2:1.0-port0
1790755097.4395,C,122,7719,-64,/dev/serial/by-path/pci-0000:05:00.3-usb-0:2.1.3:1.0-port0
1790755097.4777,C,123,7757,-65,/dev/serial/by-path/pci-0000:05:00.3-usb-0:2.1.3:1.0-port0
1790755097.4780,B,130,7758,-64,/dev/serial/by-path/pci-0000:05:00.3-usb-0:2.1.2:1.0-port0
1790755097.4784,A,137,7764,-63,/dev/serial/by-path/pci-0000:05:00.3-usb-0:2.1.1:1.0-port0
1790755097.5197,C,124,7799,-64,/dev/serial/by-path/pci-0000:05:00.3-usb-0:2.1.3:1.0-port0
1790755097.5200,B,131,7800,-67,/dev/serial/by-path/pci-0000:05:00.3-usb-0:2.1.2:1.0-port0
1790755097.5204,A,138,7806,-64,/dev/serial/by-path/pci-0000:05:00.3-usb-0:2.1.1:1.0-port0
1790755097.5717,A,139,7858,-66,/dev/serial/by-path/pci-0000:05:00.3-usb-0:2.1.1:1.0-port0
1790755097.6092,C,125,7889,-66,/dev/serial/by-path/pci-0000:05:00.3-usb-0:2.1.3:1.0-port0
1790755097.6095,B,132,7890,-65,/dev/serial/by-path/pci-0000:05:00.3-usb-0:2.1.2:1.0-port0
1790755097.6097,A,140,7896,-63,/dev/serial/by-path/pci-0000:05:00.3-usb-0:2.1.1:1.0-port0
1790755097.6532,C,126,7933,-65,/dev/serial/by-path/pci-0000:05:00.3-usb-0:2.1.3:1.0-port0
1790755097.6533,B,133,7934,-67,/dev/serial/by-path/pci-0000:05:00.3-usb-0:2.1.2:1.0-port0
1790755097.6723,A,141,7959,-64,/dev/serial/by-path/pci-0000:05:00.3-usb-0:2.1.1:1.0-port0
1790755097.7062,B,134,7987,-62,/dev/serial/by-path/pci-0000:05:00.3-usb-0:2.1.2:1.0-port0
1790755097.7376,C,127,8017,-64,/dev/serial/by-path/pci-0000:05:00.3-usb-0:2.1.3:1.0-port0
1790755097.7381,B,135,8019,-61,/dev/serial/by-path/pci-0000:05:00.3-usb-0:2.1.2:1.0-port0
1790755097.7469,A,142,8032,-67,/dev/serial/by-path/pci-0000:05:00.3-usb-0:2.1.1:1.0-port0
1790755097.7865,C,128,8066,-64,/dev/serial/by-path/pci-0000:05:00.3-usb-0:2.1.3:1.0-port0
1790755097.7869,A,143,8073,-62,/dev/serial/by-path/pci-0000:05:00.3-usb-0:2.1.1:1.0-port0
1790755097.7905,B,136,8071,-64,/dev/serial/by-path/pci-0000:05:00.3-usb-0:2.1.2:1.0-port0
1790755097.8402,B,137,8121,-67,/dev/serial/by-path/pci-0000:05:00.3-usb-0:2.1.2:1.0-port0
1790755097.8423,C,129,8122,-64,/dev/serial/by-path/pci-0000:05:00.3-usb-0:2.1.3:1.0-port0
1790755097.8458,A,144,8132,-65,/dev/serial/by-path/pci-0000:05:00.3-usb-0:2.1.1:1.0-port0
1790755097.8784,C,130,8158,-65,/dev/serial/by-path/pci-0000:05:00.3-usb-0:2.1.3:1.0-port0
1790755097.8905,B,138,8171,-61,/dev/serial/by-path/pci-0000:05:00.3-usb-0:2.1.2:1.0-port0
1790755097.8958,A,145,8182,-66,/dev/serial/by-path/pci-0000:05:00.3-usb-0:2.1.1:1.0-port0
1790755097.9404,B,139,8221,-64,/dev/serial/by-path/pci-0000:05:00.3-usb-0:2.1.2:1.0-port0
1790755097.9430,C,131,8222,-65,/dev/serial/by-path/pci-0000:05:00.3-usb-0:2.1.3:1.0-port0
1790755097.9457,A,146,8232,-63,/dev/serial/by-path/pci-0000:05:00.3-usb-0:2.1.1:1.0-port0
1790755097.9706,C,132,8250,-65,/dev/serial/by-path/pci-0000:05:00.3-usb-0:2.1.3:1.0-port0
1790755097.9712,A,147,8258,-65,/dev/serial/by-path/pci-0000:05:00.3-usb-0:2.1.1:1.0-port0
1790755098.0097,B,140,8290,-62,/dev/serial/by-path/pci-0000:05:00.3-usb-0:2.1.2:1.0-port0
1790755098.0422,C,133,8322,-66,/dev/serial/by-path/pci-0000:05:00.3-usb-0:2.1.3:1.0-port0
1790755098.0457,A,148,8332,-67,/dev/serial/by-path/pci-0000:05:00.3-usb-0:2.1.1:1.0-port0
1790755098.0666,A,149,8353,-62,/dev/serial/by-path/pci-0000:05:00.3-usb-0:2.1.1:1.0-port0
1790755098.0671,B,141,8348,-67,/dev/serial/by-path/pci-0000:05:00.3-usb-0:2.1.2:1.0-port0
1790755098.0674,C,134,8346,-63,/dev/serial/by-path/pci-0000:05:00.3-usb-0:2.1.3:1.0-port0
1790755098.0986,B,142,8379,-68,/dev/serial/by-path/pci-0000:05:00.3-usb-0:2.1.2:1.0-port0
1790755098.1166,C,135,8396,-65,/dev/serial/by-path/pci-0000:05:00.3-usb-0:2.1.3:1.0-port0
1790755098.1419,A,150,8428,-65,/dev/serial/by-path/pci-0000:05:00.3-usb-0:2.1.1:1.0-port0
1790755098.1436,C,136,8422,-65,/dev/serial/by-path/pci-0000:05:00.3-usb-0:2.1.3:1.0-port0
1790755098.1875,B,143,8468,-62,/dev/serial/by-path/pci-0000:05:00.3-usb-0:2.1.2:1.0-port0
1790755098.1879,A,151,8474,-66,/dev/serial/by-path/pci-0000:05:00.3-usb-0:2.1.1:1.0-port0
1790755098.1925,C,137,8472,-64,/dev/serial/by-path/pci-0000:05:00.3-usb-0:2.1.3:1.0-port0
1790755098.2393,C,138,8519,-65,/dev/serial/by-path/pci-0000:05:00.3-usb-0:2.1.3:1.0-port0
1790755098.2397,A,152,8526,-63,/dev/serial/by-path/pci-0000:05:00.3-usb-0:2.1.1:1.0-port0
1790755098.2399,B,144,8521,-65,/dev/serial/by-path/pci-0000:05:00.3-usb-0:2.1.2:1.0-port0
1790755098.2926,C,139,8572,-66,/dev/serial/by-path/pci-0000:05:00.3-usb-0:2.1.3:1.0-port0
1790755098.3263,B,145,8607,-62,/dev/serial/by-path/pci-0000:05:00.3-usb-0:2.1.2:1.0-port0
1790755098.3425,C,140,8622,-65,/dev/serial/by-path/pci-0000:05:00.3-usb-0:2.1.3:1.0-port0
1790755098.3456,A,153,8632,-67,/dev/serial/by-path/pci-0000:05:00.3-usb-0:2.1.1:1.0-port0
1790755098.3733,B,146,8654,-83,/dev/serial/by-path/pci-0000:05:00.3-usb-0:2.1.2:1.0-port0
1790755098.3735,A,154,8660,-63,/dev/serial/by-path/pci-0000:05:00.3-usb-0:2.1.1:1.0-port0
1790755098.3753,C,141,8655,-65,/dev/serial/by-path/pci-0000:05:00.3-usb-0:2.1.3:1.0-port0
1790755098.4155,A,155,8702,-64,/dev/serial/by-path/pci-0000:05:00.3-usb-0:2.1.1:1.0-port0
1790755098.4158,B,147,8696,-67,/dev/serial/by-path/pci-0000:05:00.3-usb-0:2.1.2:1.0-port0
1790755098.4160,C,142,8695,-65,/dev/serial/by-path/pci-0000:05:00.3-usb-0:2.1.3:1.0-port0
1790755098.4906,A,156,8777,-67,/dev/serial/by-path/pci-0000:05:00.3-usb-0:2.1.1:1.0-port0
1790755098.5085,B,148,8789,-64,/dev/serial/by-path/pci-0000:05:00.3-usb-0:2.1.2:1.0-port0
1790755098.5334,A,157,8820,-63,/dev/serial/by-path/pci-0000:05:00.3-usb-0:2.1.1:1.0-port0
1790755098.5424,C,143,8822,-65,/dev/serial/by-path/pci-0000:05:00.3-usb-0:2.1.3:1.0-port0
1790755098.5572,B,149,8838,-69,/dev/serial/by-path/pci-0000:05:00.3-usb-0:2.1.2:1.0-port0
1790755098.5923,C,144,8872,-64,/dev/serial/by-path/pci-0000:05:00.3-usb-0:2.1.3:1.0-port0
1790755098.5938,A,158,8880,-64,/dev/serial/by-path/pci-0000:05:00.3-usb-0:2.1.1:1.0-port0
1790755098.6025,C,145,8882,-66,/dev/serial/by-path/pci-0000:05:00.3-usb-0:2.1.3:1.0-port0
1790755098.6029,B,150,8883,-62,/dev/serial/by-path/pci-0000:05:00.3-usb-0:2.1.2:1.0-port0
1790755098.6460,A,159,8932,-66,/dev/serial/by-path/pci-0000:05:00.3-usb-0:2.1.1:1.0-port0
1790755098.6506,B,151,8931,-64,/dev/serial/by-path/pci-0000:05:00.3-usb-0:2.1.2:1.0-port0
1790755098.6515,C,146,8930,-65,/dev/serial/by-path/pci-0000:05:00.3-usb-0:2.1.3:1.0-port0
1790755098.6926,A,160,8979,-63,/dev/serial/by-path/pci-0000:05:00.3-usb-0:2.1.1:1.0-port0
1790755098.6929,C,147,8972,-65,/dev/serial/by-path/pci-0000:05:00.3-usb-0:2.1.3:1.0-port0
1790755098.7425,C,148,9022,-65,/dev/serial/by-path/pci-0000:05:00.3-usb-0:2.1.3:1.0-port0
1790755098.7469,A,161,9032,-64,/dev/serial/by-path/pci-0000:05:00.3-usb-0:2.1.1:1.0-port0
1790755098.7876,B,152,9068,-62,/dev/serial/by-path/pci-0000:05:00.3-usb-0:2.1.2:1.0-port0
1790755098.7925,C,149,9072,-66,/dev/serial/by-path/pci-0000:05:00.3-usb-0:2.1.3:1.0-port0
1790755098.7960,A,162,9082,-66,/dev/serial/by-path/pci-0000:05:00.3-usb-0:2.1.1:1.0-port0
1790755098.8350,A,163,9121,-63,/dev/serial/by-path/pci-0000:05:00.3-usb-0:2.1.1:1.0-port0
1790755098.8355,B,153,9116,-64,/dev/serial/by-path/pci-0000:05:00.3-usb-0:2.1.2:1.0-port0
1790755098.8356,C,150,9114,-65,/dev/serial/by-path/pci-0000:05:00.3-usb-0:2.1.3:1.0-port0
1790755098.8797,B,154,9161,-69,/dev/serial/by-path/pci-0000:05:00.3-usb-0:2.1.2:1.0-port0
1790755098.8800,C,151,9159,-65,/dev/serial/by-path/pci-0000:05:00.3-usb-0:2.1.3:1.0-port0
1790755098.8956,A,164,9182,-64,/dev/serial/by-path/pci-0000:05:00.3-usb-0:2.1.1:1.0-port0
1790755098.9361,C,152,9216,-67,/dev/serial/by-path/pci-0000:05:00.3-usb-0:2.1.3:1.0-port0
1790755098.9363,B,155,9217,-62,/dev/serial/by-path/pci-0000:05:00.3-usb-0:2.1.2:1.0-port0
1790755098.9366,A,165,9223,-66,/dev/serial/by-path/pci-0000:05:00.3-usb-0:2.1.1:1.0-port0
1790755098.9905,B,156,9271,-64,/dev/serial/by-path/pci-0000:05:00.3-usb-0:2.1.2:1.0-port0
1790755098.9924,C,153,9272,-66,/dev/serial/by-path/pci-0000:05:00.3-usb-0:2.1.3:1.0-port0
1790755098.9961,A,166,9282,-62,/dev/serial/by-path/pci-0000:05:00.3-usb-0:2.1.1:1.0-port0
1790755099.0211,B,157,9302,-69,/dev/serial/by-path/pci-0000:05:00.3-usb-0:2.1.2:1.0-port0
1790755099.0260,C,154,9305,-66,/dev/serial/by-path/pci-0000:05:00.3-usb-0:2.1.3:1.0-port0
1790755099.0263,A,167,9312,-64,/dev/serial/by-path/pci-0000:05:00.3-usb-0:2.1.1:1.0-port0
1790755099.0602,B,158,9341,-62,/dev/serial/by-path/pci-0000:05:00.3-usb-0:2.1.2:1.0-port0
1790755099.0929,C,155,9372,-67,/dev/serial/by-path/pci-0000:05:00.3-usb-0:2.1.3:1.0-port0
1790755099.0956,A,168,9382,-66,/dev/serial/by-path/pci-0000:05:00.3-usb-0:2.1.1:1.0-port0
1790755099.1073,C,156,9387,-66,/dev/serial/by-path/pci-0000:05:00.3-usb-0:2.1.3:1.0-port0
1790755099.1074,B,159,9388,-65,/dev/serial/by-path/pci-0000:05:00.3-usb-0:2.1.2:1.0-port0
1790755099.1144,A,169,9400,-63,/dev/serial/by-path/pci-0000:05:00.3-usb-0:2.1.1:1.0-port0
1790755099.1499,B,160,9430,-70,/dev/serial/by-path/pci-0000:05:00.3-usb-0:2.1.2:1.0-port0
1790755099.1504,C,157,9428,-65,/dev/serial/by-path/pci-0000:05:00.3-usb-0:2.1.3:1.0-port0
1790755099.1958,A,170,9482,-64,/dev/serial/by-path/pci-0000:05:00.3-usb-0:2.1.1:1.0-port0
1790755099.1977,B,161,9478,-62,/dev/serial/by-path/pci-0000:05:00.3-usb-0:2.1.2:1.0-port0
1790755099.2460,A,171,9532,-65,/dev/serial/by-path/pci-0000:05:00.3-usb-0:2.1.1:1.0-port0
1790755099.2593,B,162,9540,-65,/dev/serial/by-path/pci-0000:05:00.3-usb-0:2.1.2:1.0-port0
1790755099.2923,C,158,9572,-65,/dev/serial/by-path/pci-0000:05:00.3-usb-0:2.1.3:1.0-port0
1790755099.2953,A,172,9582,-62,/dev/serial/by-path/pci-0000:05:00.3-usb-0:2.1.1:1.0-port0
1790755099.3385,C,159,9618,-66,/dev/serial/by-path/pci-0000:05:00.3-usb-0:2.1.3:1.0-port0
1790755099.3391,B,163,9620,-72,/dev/serial/by-path/pci-0000:05:00.3-usb-0:2.1.2:1.0-port0
1790755099.3394,A,173,9625,-64,/dev/serial/by-path/pci-0000:05:00.3-usb-0:2.1.1:1.0-port0
1790755099.3812,B,164,9662,-62,/dev/serial/by-path/pci-0000:05:00.3-usb-0:2.1.2:1.0-port0
1790755099.3924,C,160,9672,-67,/dev/serial/by-path/pci-0000:05:00.3-usb-0:2.1.3:1.0-port0
1790755099.3959,A,174,9682,-81,/dev/serial/by-path/pci-0000:05:00.3-usb-0:2.1.1:1.0-port0
1790755099.4211,B,165,9702,-64,/dev/serial/by-path/pci-0000:05:00.3-usb-0:2.1.2:1.0-port0
1790755099.4219,A,175,9709,-62,/dev/serial/by-path/pci-0000:05:00.3-usb-0:2.1.1:1.0-port0
1790755099.4352,C,161,9715,-67,/dev/serial/by-path/pci-0000:05:00.3-usb-0:2.1.3:1.0-port0
1790755099.4668,C,162,9746,-66,/dev/serial/by-path/pci-0000:05:00.3-usb-0:2.1.3:1.0-port0
1790755099.4671,A,176,9753,-64,/dev/serial/by-path/pci-0000:05:00.3-usb-0:2.1.1:1.0-port0
1790755099.4672,B,166,9747,-71,/dev/serial/by-path/pci-0000:05:00.3-usb-0:2.1.2:1.0-port0
1790755099.5127,B,167,9794,-63,/dev/serial/by-path/pci-0000:05:00.3-usb-0:2.1.2:1.0-port0
1790755099.5133,C,163,9792,-67,/dev/serial/by-path/pci-0000:05:00.3-usb-0:2.1.3:1.0-port0
1790755099.5390,A,177,9825,-65,/dev/serial/by-path/pci-0000:05:00.3-usb-0:2.1.1:1.0-port0
1790755099.5648,B,168,9845,-65,/dev/serial/by-path/pci-0000:05:00.3-usb-0:2.1.2:1.0-port0
1790755099.5652,A,178,9851,-62,/dev/serial/by-path/pci-0000:05:00.3-usb-0:2.1.1:1.0-port0
1790755099.5654,C,164,9844,-67,/dev/serial/by-path/pci-0000:05:00.3-usb-0:2.1.3:1.0-port0
1790755099.6404,B,169,9921,-72,/dev/serial/by-path/pci-0000:05:00.3-usb-0:2.1.2:1.0-port0
1790755099.6422,C,165,9922,-67,/dev/serial/by-path/pci-0000:05:00.3-usb-0:2.1.3:1.0-port0
1790755099.6457,A,179,9932,-63,/dev/serial/by-path/pci-0000:05:00.3-usb-0:2.1.1:1.0-port0
1790755099.6516,C,166,9931,-67,/dev/serial/by-path/pci-0000:05:00.3-usb-0:2.1.3:1.0-port0
1790755099.6521,B,170,9933,-63,/dev/serial/by-path/pci-0000:05:00.3-usb-0:2.1.2:1.0-port0
1790755099.6530,A,180,9939,-65,/dev/serial/by-path/pci-0000:05:00.3-usb-0:2.1.1:1.0-port0
1790755099.7223,A,181,10009,-62,/dev/serial/by-path/pci-0000:05:00.3-usb-0:2.1.1:1.0-port0
1790755099.7225,B,171,10003,-65,/dev/serial/by-path/pci-0000:05:00.3-usb-0:2.1.2:1.0-port0
1790755099.7229,C,167,10002,-67,/dev/serial/by-path/pci-0000:05:00.3-usb-0:2.1.3:1.0-port0
1790755099.7424,C,168,10022,-67,/dev/serial/by-path/pci-0000:05:00.3-usb-0:2.1.3:1.0-port0
1790755099.7451,A,182,10032,-62,/dev/serial/by-path/pci-0000:05:00.3-usb-0:2.1.1:1.0-port0
1790755099.7896,A,183,10076,-64,/dev/serial/by-path/pci-0000:05:00.3-usb-0:2.1.1:1.0-port0
1790755099.7897,C,169,10069,-68,/dev/serial/by-path/pci-0000:05:00.3-usb-0:2.1.3:1.0-port0
1790755099.7902,B,172,10071,-73,/dev/serial/by-path/pci-0000:05:00.3-usb-0:2.1.2:1.0-port0
1790755099.8375,B,173,10118,-63,/dev/serial/by-path/pci-0000:05:00.3-usb-0:2.1.2:1.0-port0
1790755099.8423,C,170,10122,-67,/dev/serial/by-path/pci-0000:05:00.3-usb-0:2.1.3:1.0-port0
1790755099.8464,A,184,10133,-65,/dev/serial/by-path/pci-0000:05:00.3-usb-0:2.1.1:1.0-port0
1790755099.8747,C,171,10154,-66,/dev/serial/by-path/pci-0000:05:00.3-usb-0:2.1.3:1.0-port0
1790755099.8751,A,185,10161,-62,/dev/serial/by-path/pci-0000:05:00.3-usb-0:2.1.1:1.0-port0
1790755099.8904,B,174,10171,-65,/dev/serial/by-path/pci-0000:05:00.3-usb-0:2.1.2:1.0-port0
1790755099.9405,B,175,10221,-74,/dev/serial/by-path/pci-0000:05:00.3-usb-0:2.1.2:1.0-port0
1790755099.9426,C,172,10222,-67,/dev/serial/by-path/pci-0000:05:00.3-usb-0:2.1.3:1.0-port0
1790755099.9454,A,186,10232,-64,/dev/serial/by-path/pci-0000:05:00.3-usb-0:2.1.1:1.0-port0
1790755099.9623,A,187,10249,-65,/dev/serial/by-path/pci-0000:05:00.3-usb-0:2.1.1:1.0-port0
1790755099.9625,C,173,10242,-66,/dev/serial/by-path/pci-0000:05:00.3-usb-0:2.1.3:1.0-port0
1790755099.9649,B,176,10246,-63,/dev/serial/by-path/pci-0000:05:00.3-usb-0:2.1.2:1.0-port0
1790755100.0058,B,177,10287,-65,/dev/serial/by-path/pci-0000:05:00.3-usb-0:2.1.2:1.0-port0
1790755100.0366,A,188,10323,-63,/dev/serial/by-path/pci-0000:05:00.3-usb-0:2.1.1:1.0-port0
1790755100.0386,C,174,10318,-65,/dev/serial/by-path/pci-0000:05:00.3-usb-0:2.1.3:1.0-port0
1790755100.0624,B,178,10343,-75,/dev/serial/by-path/pci-0000:05:00.3-usb-0:2.1.2:1.0-port0
1790755100.0703,A,189,10357,-64,/dev/serial/by-path/pci-0000:05:00.3-usb-0:2.1.1:1.0-port0
1790755100.0707,C,175,10350,-68,/dev/serial/by-path/pci-0000:05:00.3-usb-0:2.1.3:1.0-port0
1790755100.1121,B,179,10392,-63,/dev/serial/by-path/pci-0000:05:00.3-usb-0:2.1.2:1.0-port0
1790755100.1423,C,176,10422,-67,/dev/serial/by-path/pci-0000:05:00.3-usb-0:2.1.3:1.0-port0
1790755100.1428,A,190,10430,-65,/dev/serial/by-path/pci-0000:05:00.3-usb-0:2.1.1:1.0-port0
1790755100.1456,A,191,10430,-65,/dev/serial/by-path/pci-0000:05:00.3-usb-0:2.1.1:1.0-port0
1790755100.1557,B,180,10437,-65,/dev/serial/by-path/pci-0000:05:00.3-usb-0:2.1.2:1.0-port0
1790755100.1896,C,177,10470,-67,/dev/serial/by-path/pci-0000:05:00.3-usb-0:2.1.3:1.0-port0
1790755100.1901,B,181,10471,-66,/dev/serial/by-path/pci-0000:05:00.3-usb-0:2.1.2:1.0-port0
1790755100.1920,A,192,10477,-62,/dev/serial/by-path/pci-0000:05:00.3-usb-0:2.1.1:1.0-port0
1790755100.2354,B,182,10516,-75,/dev/serial/by-path/pci-0000:05:00.3-usb-0:2.1.2:1.0-port0
1790755100.2358,C,178,10515,-67,/dev/serial/by-path/pci-0000:05:00.3-usb-0:2.1.3:1.0-port0
1790755100.2460,A,193,10532,-63,/dev/serial/by-path/pci-0000:05:00.3-usb-0:2.1.1:1.0-port0
1790755100.3195,B,183,10600,-65,/dev/serial/by-path/pci-0000:05:00.3-usb-0:2.1.2:1.0-port0
1790755100.3196,A,194,10606,-63,/dev/serial/by-path/pci-0000:05:00.3-usb-0:2.1.1:1.0-port0
1790755100.3424,C,179,10622,-68,/dev/serial/by-path/pci-0000:05:00.3-usb-0:2.1.3:1.0-port0
1790755100.3646,C,180,10644,-67,/dev/serial/by-path/pci-0000:05:00.3-usb-0:2.1.3:1.0-port0
1790755100.3651,A,195,10651,-63,/dev/serial/by-path/pci-0000:05:00.3-usb-0:2.1.1:1.0-port0
1790755100.3654,B,184,10646,-75,/dev/serial/by-path/pci-0000:05:00.3-usb-0:2.1.2:1.0-port0
1790755100.4134,C,181,10693,-67,/dev/serial/by-path/pci-0000:05:00.3-usb-0:2.1.3:1.0-port0
1790755100.4231,B,185,10704,-63,/dev/serial/by-path/pci-0000:05:00.3-usb-0:2.1.2:1.0-port0
1790755100.4240,A,196,10710,-65,/dev/serial/by-path/pci-0000:05:00.3-usb-0:2.1.1:1.0-port0
1790755100.4577,B,186,10738,-66,/dev/serial/by-path/pci-0000:05:00.3-usb-0:2.1.2:1.0-port0
1790755100.4816,A,197,10768,-62,/dev/serial/by-path/pci-0000:05:00.3-usb-0:2.1.1:1.0-port0
1790755100.4922,C,182,10772,-67,/dev/serial/by-path/pci-0000:05:00.3-usb-0:2.1.3:1.0-port0
1790755100.5123,A,198,10799,-64,/dev/serial/by-path/pci-0000:05:00.3-usb-0:2.1.1:1.0-port0
1790755100.5126,C,183,10792,-67,/dev/serial/by-path/pci-0000:05:00.3-usb-0:2.1.3:1.0-port0
1790755100.5131,B,187,10793,-74,/dev/serial/by-path/pci-0000:05:00.3-usb-0:2.1.2:1.0-port0
1790755100.5400,B,188,10821,-74,/dev/serial/by-path/pci-0000:05:00.3-usb-0:2.1.2:1.0-port0
1790755100.5428,C,184,10822,-67,/dev/serial/by-path/pci-0000:05:00.3-usb-0:2.1.3:1.0-port0
1790755100.5466,A,199,10833,-63,/dev/serial/by-path/pci-0000:05:00.3-usb-0:2.1.1:1.0-port0
1790755100.5835,B,189,10864,-63,/dev/serial/by-path/pci-0000:05:00.3-usb-0:2.1.2:1.0-port0
1790755100.5887,C,185,10868,-67,/dev/serial/by-path/pci-0000:05:00.3-usb-0:2.1.3:1.0-port0
1790755100.5890,A,200,10875,-65,/dev/serial/by-path/pci-0000:05:00.3-usb-0:2.1.1:1.0-port0
1790755100.6305,C,186,10910,-67,/dev/serial/by-path/pci-0000:05:00.3-usb-0:2.1.3:1.0-port0
1790755100.6406,B,190,10921,-65,/dev/serial/by-path/pci-0000:05:00.3-usb-0:2.1.2:1.0-port0
1790755100.6456,A,201,10932,-62,/dev/serial/by-path/pci-0000:05:00.3-usb-0:2.1.1:1.0-port0
1790755100.6766,A,202,10963,-63,/dev/serial/by-path/pci-0000:05:00.3-usb-0:2.1.1:1.0-port0
1790755100.6767,C,187,10956,-67,/dev/serial/by-path/pci-0000:05:00.3-usb-0:2.1.3:1.0-port0
1790755100.6906,B,191,10971,-75,/dev/serial/by-path/pci-0000:05:00.3-usb-0:2.1.2:1.0-port0
1790755100.7411,B,192,11022,-63,/dev/serial/by-path/pci-0000:05:00.3-usb-0:2.1.2:1.0-port0
1790755100.7420,C,188,11022,-67,/dev/serial/by-path/pci-0000:05:00.3-usb-0:2.1.3:1.0-port0
1790755100.7446,A,203,11032,-65,/dev/serial/by-path/pci-0000:05:00.3-usb-0:2.1.1:1.0-port0
1790755100.7613,B,193,11042,-66,/dev/serial/by-path/pci-0000:05:00.3-usb-0:2.1.2:1.0-port0
1790755100.7618,C,189,11041,-67,/dev/serial/by-path/pci-0000:05:00.3-usb-0:2.1.3:1.0-port0
1790755100.7619,A,204,11048,-63,/dev/serial/by-path/pci-0000:05:00.3-usb-0:2.1.1:1.0-port0
1790755100.8075,B,194,11088,-75,/dev/serial/by-path/pci-0000:05:00.3-usb-0:2.1.2:1.0-port0
1790755100.8256,C,190,11105,-68,/dev/serial/by-path/pci-0000:05:00.3-usb-0:2.1.3:1.0-port0
1790755100.8260,A,205,11112,-64,/dev/serial/by-path/pci-0000:05:00.3-usb-0:2.1.1:1.0-port0
1790755100.8593,B,195,11140,-64,/dev/serial/by-path/pci-0000:05:00.3-usb-0:2.1.2:1.0-port0
1790755100.8898,C,191,11170,-68,/dev/serial/by-path/pci-0000:05:00.3-usb-0:2.1.3:1.0-port0
1790755100.8918,B,196,11172,-63,/dev/serial/by-path/pci-0000:05:00.3-usb-0:2.1.2:1.0-port0
1790755100.8919,C,192,11170,-67,/dev/serial/by-path/pci-0000:05:00.3-usb-0:2.1.3:1.0-port0
1790755100.8957,A,206,11182,-65,/dev/serial/by-path/pci-0000:05:00.3-usb-0:2.1.1:1.0-port0
1790755100.9400,B,197,11221,-66,/dev/serial/by-path/pci-0000:05:00.3-usb-0:2.1.2:1.0-port0
1790755100.9403,A,207,11227,-63,/dev/serial/by-path/pci-0000:05:00.3-usb-0:2.1.1:1.0-port0
1790755100.9423,C,193,11222,-66,/dev/serial/by-path/pci-0000:05:00.3-usb-0:2.1.3:1.0-port0
1790755100.9906,B,198,11271,-76,/dev/serial/by-path/pci-0000:05:00.3-usb-0:2.1.2:1.0-port0
1790755100.9963,A,208,11282,-63,/dev/serial/by-path/pci-0000:05:00.3-usb-0:2.1.1:1.0-port0
1790755101.0311,C,194,11311,-67,/dev/serial/by-path/pci-0000:05:00.3-usb-0:2.1.3:1.0-port0
1790755101.0313,B,199,11312,-64,/dev/serial/by-path/pci-0000:05:00.3-usb-0:2.1.2:1.0-port0
1790755101.0460,A,209,11332,-66,/dev/serial/by-path/pci-0000:05:00.3-usb-0:2.1.1:1.0-port0
1790755101.0790,B,200,11359,-66,/dev/serial/by-path/pci-0000:05:00.3-usb-0:2.1.2:1.0-port0
1790755101.0793,A,210,11365,-62,/dev/serial/by-path/pci-0000:05:00.3-usb-0:2.1.1:1.0-port0
1790755101.0797,C,195,11358,-66,/dev/serial/by-path/pci-0000:05:00.3-usb-0:2.1.3:1.0-port0
1790755101.1281,B,201,11409,-80,/dev/serial/by-path/pci-0000:05:00.3-usb-0:2.1.2:1.0-port0
1790755101.1425,C,196,11422,-68,/dev/serial/by-path/pci-0000:05:00.3-usb-0:2.1.3:1.0-port0
1790755101.1462,A,211,11432,-64,/dev/serial/by-path/pci-0000:05:00.3-usb-0:2.1.1:1.0-port0
1790755101.1682,C,197,11447,-67,/dev/serial/by-path/pci-0000:05:00.3-usb-0:2.1.3:1.0-port0
1790755101.1684,B,202,11450,-64,/dev/serial/by-path/pci-0000:05:00.3-usb-0:2.1.2:1.0-port0
1790755101.1688,A,212,11454,-65,/dev/serial/by-path/pci-0000:05:00.3-usb-0:2.1.1:1.0-port0
1790755101.2189,C,198,11497,-67,/dev/serial/by-path/pci-0000:05:00.3-usb-0:2.1.3:1.0-port0
1790755101.2373,B,203,11518,-66,/dev/serial/by-path/pci-0000:05:00.3-usb-0:2.1.2:1.0-port0
1790755101.2377,A,213,11524,-62,/dev/serial/by-path/pci-0000:05:00.3-usb-0:2.1.1:1.0-port0
1790755101.2905,B,204,11571,-75,/dev/serial/by-path/pci-0000:05:00.3-usb-0:2.1.2:1.0-port0
1790755101.2924,C,199,11572,-68,/dev/serial/by-path/pci-0000:05:00.3-usb-0:2.1.3:1.0-port0
1790755101.2955,A,214,11582,-63,/dev/serial/by-path/pci-0000:05:00.3-usb-0:2.1.1:1.0-port0
1790755101.3067,B,205,11587,-63,/dev/serial/by-path/pci-0000:05:00.3-usb-0:2.1.2:1.0-port0
1790755101.3071,C,200,11586,-67,/dev/serial/by-path/pci-0000:05:00.3-usb-0:2.1.3:1.0-port0
1790755101.3074,A,215,11593,-65,/dev/serial/by-path/pci-0000:05:00.3-usb-0:2.1.1:1.0-port0
1790755101.3911,B,206,11672,-66,/dev/serial/by-path/pci-0000:05:00.3-usb-0:2.1.2:1.0-port0
1790755101.3918,C,201,11672,-67,/dev/serial/by-path/pci-0000:05:00.3-usb-0:2.1.3:1.0-port0
1790755101.3921,A,216,11679,-62,/dev/serial/by-path/pci-0000:05:00.3-usb-0:2.1.1:1.0-port0
1790755101.3947,B,207,11676,-75,/dev/serial/by-path/pci-0000:05:00.3-usb-0:2.1.2:1.0-port0
1790755101.3962,A,217,11682,-62,/dev/serial/by-path/pci-0000:05:00.3-usb-0:2.1.1:1.0-port0
1790755101.4427,A,218,11729,-64,/dev/serial/by-path/pci-0000:05:00.3-usb-0:2.1.1:1.0-port0
1790755101.4428,C,202,11722,-69,/dev/serial/by-path/pci-0000:05:00.3-usb-0:2.1.3:1.0-port0
1790755101.4912,B,208,11772,-63,/dev/serial/by-path/pci-0000:05:00.3-usb-0:2.1.2:1.0-port0
1790755101.4927,C,203,11772,-65,/dev/serial/by-path/pci-0000:05:00.3-usb-0:2.1.3:1.0-port0
1790755101.4954,A,219,11782,-64,/dev/serial/by-path/pci-0000:05:00.3-usb-0:2.1.1:1.0-port0
1790755101.5799,C,204,11859,-67,/dev/serial/by-path/pci-0000:05:00.3-usb-0:2.1.3:1.0-port0
1790755101.5801,A,220,11866,-64,/dev/serial/by-path/pci-0000:05:00.3-usb-0:2.1.1:1.0-port0
1790755101.5805,B,209,11861,-74,/dev/serial/by-path/pci-0000:05:00.3-usb-0:2.1.2:1.0-port0
1790755101.6291,B,210,11910,-63,/dev/serial/by-path/pci-0000:05:00.3-usb-0:2.1.2:1.0-port0
1790755101.6462,A,221,11932,-65,/dev/serial/by-path/pci-0000:05:00.3-usb-0:2.1.1:1.0-port0
1790755101.6905,B,211,11971,-65,/dev/serial/by-path/pci-0000:05:00.3-usb-0:2.1.2:1.0-port0
1790755101.6924,C,205,11972,-67,/dev/serial/by-path/pci-0000:05:00.3-usb-0:2.1.3:1.0-port0
1790755101.6959,A,222,11982,-62,/dev/serial/by-path/pci-0000:05:00.3-usb-0:2.1.1:1.0-port0
1790755101.7200,B,212,12001,-75,/dev/serial/by-path/pci-0000:05:00.3-usb-0:2.1.2:1.0-port0
1790755101.7204,A,223,12006,-64,/dev/serial/by-path/pci-0000:05:00.3-usb-0:2.1.1:1.0-port0
1790755101.7207,C,206,11999,-67,/dev/serial/by-path/pci-0000:05:00.3-usb-0:2.1.3:1.0-port0
1790755101.7611,C,207,12040,-66,/dev/serial/by-path/pci-0000:05:00.3-usb-0:2.1.3:1.0-port0
1790755101.7615,B,213,12042,-63,/dev/serial/by-path/pci-0000:05:00.3-usb-0:2.1.2:1.0-port0
1790755101.7958,A,224,12082,-65,/dev/serial/by-path/pci-0000:05:00.3-usb-0:2.1.1:1.0-port0
1790755101.8100,A,225,12096,-62,/dev/serial/by-path/pci-0000:05:00.3-usb-0:2.1.1:1.0-port0
1790755101.8104,B,214,12091,-66,/dev/serial/by-path/pci-0000:05:00.3-usb-0:2.1.2:1.0-port0
1790755101.8424,C,208,12122,-66,/dev/serial/by-path/pci-0000:05:00.3-usb-0:2.1.3:1.0-port0
1790755101.8660,B,215,12147,-76,/dev/serial/by-path/pci-0000:05:00.3-usb-0:2.1.2:1.0-port0
1790755101.8664,C,209,12146,-68,/dev/serial/by-path/pci-0000:05:00.3-usb-0:2.1.3:1.0-port0
1790755101.8667,A,226,12153,-65,/dev/serial/by-path/pci-0000:05:00.3-usb-0:2.1.1:1.0-port0
1790755101.9175,B,216,12198,-63,/dev/serial/by-path/pci-0000:05:00.3-usb-0:2.1.2:1.0-port0
1790755101.9368,C,210,12217,-66,/dev/serial/by-path/pci-0000:05:00.3-usb-0:2.1.3:1.0-port0
1790755101.9465,A,227,12233,-65,/dev/serial/by-path/pci-0000:05:00.3-usb-0:2.1.1:1.0-port0
1790755101.9493,C,211,12229,-67,/dev/serial/by-path/pci-0000:05:00.3-usb-0:2.1.3:1.0-port0
1790755101.9494,B,217,12230,-65,/dev/serial/by-path/pci-0000:05:00.3-usb-0:2.1.2:1.0-port0
1790755101.9908,A,228,12277,-62,/dev/serial/by-path/pci-0000:05:00.3-usb-0:2.1.1:1.0-port0
1790755102.0357,C,212,12315,-66,/dev/serial/by-path/pci-0000:05:00.3-usb-0:2.1.3:1.0-port0
1790755102.0362,B,218,12316,-74,/dev/serial/by-path/pci-0000:05:00.3-usb-0:2.1.2:1.0-port0
1790755102.0363,A,229,12322,-64,/dev/serial/by-path/pci-0000:05:00.3-usb-0:2.1.1:1.0-port0
1790755102.0787,C,213,12359,-65,/dev/serial/by-path/pci-0000:05:00.3-usb-0:2.1.3:1.0-port0
1790755102.0905,B,219,12371,-63,/dev/serial/by-path/pci-0000:05:00.3-usb-0:2.1.2:1.0-port0
1790755102.0913,A,230,12378,-65,/dev/serial/by-path/pci-0000:05:00.3-usb-0:2.1.1:1.0-port0
1790755102.1404,B,220,12421,-65,/dev/serial/by-path/pci-0000:05:00.3-usb-0:2.1.2:1.0-port0
1790755102.1423,C,214,12422,-68,/dev/serial/by-path/pci-0000:05:00.3-usb-0:2.1.3:1.0-port0
1790755102.1458,A,231,12432,-63,/dev/serial/by-path/pci-0000:05:00.3-usb-0:2.1.1:1.0-port0
1790755102.2131,B,221,12494,-63,/dev/serial/by-path/pci-0000:05:00.3-usb-0:2.1.2:1.0-port0
1790755102.2418,C,215,12522,-66,/dev/serial/by-path/pci-0000:05:00.3-usb-0:2.1.3:1.0-port0
1790755102.2459,A,232,12532,-64,/dev/serial/by-path/pci-0000:05:00.3-usb-0:2.1.1:1.0-port0
1790755102.2631,A,233,12549,-62,/dev/serial/by-path/pci-0000:05:00.3-usb-0:2.1.1:1.0-port0
1790755102.2660,C,216,12545,-69,/dev/serial/by-path/pci-0000:05:00.3-usb-0:2.1.3:1.0-port0
1790755102.2662,B,222,12547,-65,/dev/serial/by-path/pci-0000:05:00.3-usb-0:2.1.2:1.0-port0
1790755102.3406,B,223,12621,-76,/dev/serial/by-path/pci-0000:05:00.3-usb-0:2.1.2:1.0-port0
1790755102.3424,C,217,12622,-66,/dev/serial/by-path/pci-0000:05:00.3-usb-0:2.1.3:1.0-port0
1790755102.3464,B,224,12627,-63,/dev/serial/by-path/pci-0000:05:00.3-usb-0:2.1.2:1.0-port0
1790755102.3467,A,234,12633,-64,/dev/serial/by-path/pci-0000:05:00.3-usb-0:2.1.1:1.0-port0
1790755102.3886,B,225,12669,-62,/dev/serial/by-path/pci-0000:05:00.3-usb-0:2.1.2:1.0-port0
1790755102.3888,C,218,12669,-64,/dev/serial/by-path/pci-0000:05:00.3-usb-0:2.1.3:1.0-port0
1790755102.3958,A,235,12682,-65,/dev/serial/by-path/pci-0000:05:00.3-usb-0:2.1.1:1.0-port0
1790755102.4406,B,226,12721,-64,/dev/serial/by-path/pci-0000:05:00.3-usb-0:2.1.2:1.0-port0
1790755102.4424,C,219,12722,-68,/dev/serial/by-path/pci-0000:05:00.3-usb-0:2.1.3:1.0-port0
1790755102.4461,A,236,12732,-61,/dev/serial/by-path/pci-0000:05:00.3-usb-0:2.1.1:1.0-port0
1790755102.4736,B,227,12754,-73,/dev/serial/by-path/pci-0000:05:00.3-usb-0:2.1.2:1.0-port0
1790755102.4797,A,237,12766,-63,/dev/serial/by-path/pci-0000:05:00.3-usb-0:2.1.1:1.0-port0
1790755102.4800,C,220,12759,-65,/dev/serial/by-path/pci-0000:05:00.3-usb-0:2.1.3:1.0-port0
1790755102.5402,B,228,12821,-62,/dev/serial/by-path/pci-0000:05:00.3-usb-0:2.1.2:1.0-port0
1790755102.5424,C,221,12822,-64,/dev/serial/by-path/pci-0000:05:00.3-usb-0:2.1.3:1.0-port0
1790755102.5458,A,238,12832,-64,/dev/serial/by-path/pci-0000:05:00.3-usb-0:2.1.1:1.0-port0
1790755102.5647,B,229,12845,-64,/dev/serial/by-path/pci-0000:05:00.3-usb-0:2.1.2:1.0-port0
1790755102.5652,C,222,12845,-67,/dev/serial/by-path/pci-0000:05:00.3-usb-0:2.1.3:1.0-port0
1790755102.5655,A,239,12852,-61,/dev/serial/by-path/pci-0000:05:00.3-usb-0:2.1.1:1.0-port0
1790755102.6404,B,230,12921,-71,/dev/serial/by-path/pci-0000:05:00.3-usb-0:2.1.2:1.0-port0
1790755102.6424,C,223,12922,-65,/dev/serial/by-path/pci-0000:05:00.3-usb-0:2.1.3:1.0-port0
1790755102.6458,A,240,12932,-64,/dev/serial/by-path/pci-0000:05:00.3-usb-0:2.1.1:1.0-port0
1790755102.6509,C,224,12930,-65,/dev/serial/by-path/pci-0000:05:00.3-usb-0:2.1.3:1.0-port0
1790755102.6512,B,231,12932,-62,/dev/serial/by-path/pci-0000:05:00.3-usb-0:2.1.2:1.0-port0
1790755102.6982,B,232,12979,-64,/dev/serial/by-path/pci-0000:05:00.3-usb-0:2.1.2:1.0-port0
1790755102.6985,C,225,12978,-66,/dev/serial/by-path/pci-0000:05:00.3-usb-0:2.1.3:1.0-port0
1790755102.7381,A,241,13025,-62,/dev/serial/by-path/pci-0000:05:00.3-usb-0:2.1.1:1.0-port0
1790755102.7384,C,226,13017,-67,/dev/serial/by-path/pci-0000:05:00.3-usb-0:2.1.3:1.0-port0
1790755102.7411,B,233,13022,-64,/dev/serial/by-path/pci-0000:05:00.3-usb-0:2.1.2:1.0-port0
1790755102.7887,B,234,13070,-71,/dev/serial/by-path/pci-0000:05:00.3-usb-0:2.1.2:1.0-port0
1790755102.7901,A,242,13077,-64,/dev/serial/by-path/pci-0000:05:00.3-usb-0:2.1.1:1.0-port0
1790755102.7904,C,227,13070,-64,/dev/serial/by-path/pci-0000:05:00.3-usb-0:2.1.3:1.0-port0
1790755102.8317,B,235,13112,-62,/dev/serial/by-path/pci-0000:05:00.3-usb-0:2.1.2:1.0-port0
1790755102.8429,C,228,13122,-65,/dev/serial/by-path/pci-0000:05:00.3-usb-0:2.1.3:1.0-port0
1790755102.8457,A,243,13132,-65,/dev/serial/by-path/pci-0000:05:00.3-usb-0:2.1.1:1.0-port0
1790755102.8773,B,236,13158,-64,/dev/serial/by-path/pci-0000:05:00.3-usb-0:2.1.2:1.0-port0
1790755102.8837,C,229,13163,-66,/dev/serial/by-path/pci-0000:05:00.3-usb-0:2.1.3:1.0-port0
1790755102.8840,A,244,13170,-62,/dev/serial/by-path/pci-0000:05:00.3-usb-0:2.1.1:1.0-port0
1790755102.9219,B,237,13203,-70,/dev/serial/by-path/pci-0000:05:00.3-usb-0:2.1.2:1.0-port0
1790755102.9423,C,230,13222,-65,/dev/serial/by-path/pci-0000:05:00.3-usb-0:2.1.3:1.0-port0
1790755102.9457,A,245,13232,-65,/dev/serial/by-path/pci-0000:05:00.3-usb-0:2.1.1:1.0-port0
1790755102.9686,B,238,13249,-63,/dev/serial/by-path/pci-0000:05:00.3-usb-0:2.1.2:1.0-port0
1790755102.9689,A,246,13255,-65,/dev/serial/by-path/pci-0000:05:00.3-usb-0:2.1.1:1.0-port0
1790755102.9693,C,231,13248,-65,/dev/serial/by-path/pci-0000:05:00.3-usb-0:2.1.3:1.0-port0
1790755103.0100,A,247,13296,-62,/dev/serial/by-path/pci-0000:05:00.3-usb-0:2.1.1:1.0-port0
1790755103.0105,C,232,13289,-65,/dev/serial/by-path/pci-0000:05:00.3-usb-0:2.1.3:1.0-port0
1790755103.0374,B,239,13318,-64,/dev/serial/by-path/pci-0000:05:00.3-usb-0:2.1.2:1.0-port0
1790755103.0551,B,240,13336,-71,/dev/serial/by-path/pci-0000:05:00.3-usb-0:2.1.2:1.0-port0
1790755103.0916,A,248,13378,-65,/dev/serial/by-path/pci-0000:05:00.3-usb-0:2.1.1:1.0-port0
1790755103.0921,C,233,13372,-65,/dev/serial/by-path/pci-0000:05:00.3-usb-0:2.1.3:1.0-port0
1790755103.0938,A,249,13379,-65,/dev/serial/by-path/pci-0000:05:00.3-usb-0:2.1.1:1.0-port0
1790755103.0941,C,234,13372,-66,/dev/serial/by-path/pci-0000:05:00.3-usb-0:2.1.3:1.0-port0
1790755103.1414,C,235,13421,-65,/dev/serial/by-path/pci-0000:05:00.3-usb-0:2.1.3:1.0-port0
1790755103.1418,B,241,13422,-62,/dev/serial/by-path/pci-0000:05:00.3-usb-0:2.1.2:1.0-port0
1790755103.1460,A,250,13432,-65,/dev/serial/by-path/pci-0000:05:00.3-usb-0:2.1.1:1.0-port0
1790755103.1847,A,251,13471,-62,/dev/serial/by-path/pci-0000:05:00.3-usb-0:2.1.1:1.0-port0
1790755103.1849,C,236,13464,-66,/dev/serial/by-path/pci-0000:05:00.3-usb-0:2.1.3:1.0-port0
1790755103.1852,B,242,13466,-65,/dev/serial/by-path/pci-0000:05:00.3-usb-0:2.1.2:1.0-port0
1790755103.2295,B,243,13511,-73,/dev/serial/by-path/pci-0000:05:00.3-usb-0:2.1.2:1.0-port0
1790755103.2299,A,252,13516,-65,/dev/serial/by-path/pci-0000:05:00.3-usb-0:2.1.1:1.0-port0
1790755103.2398,C,237,13519,-66,/dev/serial/by-path/pci-0000:05:00.3-usb-0:2.1.3:1.0-port0
1790755103.2695,C,238,13550,-65,/dev/serial/by-path/pci-0000:05:00.3-usb-0:2.1.3:1.0-port0
1790755103.2698,A,253,13556,-65,/dev/serial/by-path/pci-0000:05:00.3-usb-0:2.1.1:1.0-port0
1790755103.2701,B,244,13550,-63,/dev/serial/by-path/pci-0000:05:00.3-usb-0:2.1.2:1.0-port0
1790755103.3207,A,254,13607,-62,/dev/serial/by-path/pci-0000:05:00.3-usb-0:2.1.1:1.0-port0
1790755103.3208,C,239,13599,-64,/dev/serial/by-path/pci-0000:05:00.3-usb-0:2.1.3:1.0-port0
1790755103.3321,B,245,13613,-65,/dev/serial/by-path/pci-0000:05:00.3-usb-0:2.1.2:1.0-port0
1790755103.3904,B,246,13671,-73,/dev/serial/by-path/pci-0000:05:00.3-usb-0:2.1.2:1.0-port0
1790755103.3924,C,240,13672,-67,/dev/serial/by-path/pci-0000:05:00.3-usb-0:2.1.3:1.0-port0
1790755103.3958,A,255,13682,-65,/dev/serial/by-path/pci-0000:05:00.3-usb-0:2.1.1:1.0-port0
1790755103.4099,A,256,13696,-65,/dev/serial/by-path/pci-0000:05:00.3-usb-0:2.1.1:1.0-port0
1790755103.4103,B,247,13691,-63,/dev/serial/by-path/pci-0000:05:00.3-usb-0:2.1.2:1.0-port0
1790755103.4105,C,241,13689,-64,/dev/serial/by-path/pci-0000:05:00.3-usb-0:2.1.3:1.0-port0
1790755103.4527,B,248,13733,-65,/dev/serial/by-path/pci-0000:05:00.3-usb-0:2.1.2:1.0-port0
1790755103.4923,C,242,13772,-66,/dev/serial/by-path/pci-0000:05:00.3-usb-0:2.1.3:1.0-port0
1790755103.4957,A,257,13782,-62,/dev/serial/by-path/pci-0000:05:00.3-usb-0:2.1.1:1.0-port0
1790755103.5021,C,243,13782,-66,/dev/serial/by-path/pci-0000:05:00.3-usb-0:2.1.3:1.0-port0
1790755103.5025,B,249,13783,-76,/dev/serial/by-path/pci-0000:05:00.3-usb-0:2.1.2:1.0-port0
1790755103.5027,A,258,13789,-64,/dev/serial/by-path/pci-0000:05:00.3-usb-0:2.1.1:1.0-port0
1790755103.5480,B,250,13829,-63,/dev/serial/by-path/pci-0000:05:00.3-usb-0:2.1.2:1.0-port0
1790755103.5484,C,244,13827,-65,/dev/serial/by-path/pci-0000:05:00.3-usb-0:2.1.3:1.0-port0
1790755103.5958,A,259,13882,-65,/dev/serial/by-path/pci-0000:05:00.3-usb-0:2.1.1:1.0-port0
1790755103.5975,C,245,13877,-66,/dev/serial/by-path/pci-0000:05:00.3-usb-0:2.1.3:1.0-port0
1790755103.6158,B,251,13897,-66,/dev/serial/by-path/pci-0000:05:00.3-usb-0:2.1.2:1.0-port0
1790755103.6432,A,260,13929,-62,/dev/serial/by-path/pci-0000:05:00.3-usb-0:2.1.1:1.0-port0
1790755103.6922,A,261,13978,-64,/dev/serial/by-path/pci-0000:05:00.3-usb-0:2.1.1:1.0-port0
1790755103.6925,C,246,13972,-68,/dev/serial/by-path/pci-0000:05:00.3-usb-0:2.1.3:1.0-port0
1790755103.7404,B,252,14021,-64,/dev/serial/by-path/pci-0000:05:00.3-usb-0:2.1.2:1.0-port0
1790755103.7426,C,247,14022,-64,/dev/serial/by-path/pci-0000:05:00.3-usb-0:2.1.3:1.0-port0
1790755103.7465,A,262,14033,-65,/dev/serial/by-path/pci-0000:05:00.3-usb-0:2.1.1:1.0-port0
1790755103.7818,C,248,14061,-66,/dev/serial/by-path/pci-0000:05:00.3-usb-0:2.1.3:1.0-port0
1790755103.7821,A,263,14068,-62,/dev/serial/by-path/pci-0000:05:00.3-usb-0:2.1.1:1.0-port0
1790755103.7822,B,253,14062,-66,/dev/serial/by-path/pci-0000:05:00.3-usb-0:2.1.2:1.0-port0
1790755103.8233,A,264,14110,-64,/dev/serial/by-path/pci-0000:05:00.3-usb-0:2.1.1:1.0-port0
1790755103.8261,B,254,14107,-76,/dev/serial/by-path/pci-0000:05:00.3-usb-0:2.1.2:1.0-port0
1790755103.8298,C,249,14109,-67,/dev/serial/by-path/pci-0000:05:00.3-usb-0:2.1.3:1.0-port0
1790755103.8866,B,255,14167,-101,/dev/serial/by-path/pci-0000:05:00.3-usb-0:2.1.2:1.0-port0
1790755103.8925,C,250,14172,-65,/dev/serial/by-path/pci-0000:05:00.3-usb-0:2.1.3:1.0-port0
1790755103.8957,A,265,14182,-64,/dev/serial/by-path/pci-0000:05:00.3-usb-0:2.1.1:1.0-port0
1790755103.9254,C,251,14205,-65,/dev/serial/by-path/pci-0000:05:00.3-usb-0:2.1.3:1.0-port0
1790755103.9258,B,256,14206,-66,/dev/serial/by-path/pci-0000:05:00.3-usb-0:2.1.2:1.0-port0
1790755103.9261,A,266,14212,-62,/dev/serial/by-path/pci-0000:05:00.3-usb-0:2.1.1:1.0-port0
1790755103.9873,B,257,14268,-74,/dev/serial/by-path/pci-0000:05:00.3-usb-0:2.1.2:1.0-port0
1790755103.9874,C,252,14267,-67,/dev/serial/by-path/pci-0000:05:00.3-usb-0:2.1.3:1.0-port0
1790755103.9879,A,267,14274,-64,/dev/serial/by-path/pci-0000:05:00.3-usb-0:2.1.1:1.0-port0
1790755104.0100,B,258,14291,-63,/dev/serial/by-path/pci-0000:05:00.3-usb-0:2.1.2:1.0-port0
1790755104.0191,C,253,14299,-65,/dev/serial/by-path/pci-0000:05:00.3-usb-0:2.1.3:1.0-port0
1790755104.0257,A,268,14312,-64,/dev/serial/by-path/pci-0000:05:00.3-usb-0:2.1.1:1.0-port0
1790755104.0425,C,254,14322,-64,/dev/serial/by-path/pci-0000:05:00.3-usb-0:2.1.3:1.0-port0
1790755104.0460,A,269,14332,-65,/dev/serial/by-path/pci-0000:05:00.3-usb-0:2.1.1:1.0-port0
1790755104.0823,C,255,14362,-66,/dev/serial/by-path/pci-0000:05:00.3-usb-0:2.1.3:1.0-port0
1790755104.0905,B,259,14371,-66,/dev/serial/by-path/pci-0000:05:00.3-usb-0:2.1.2:1.0-port0
1790755104.0937,A,270,14380,-62,/dev/serial/by-path/pci-0000:05:00.3-usb-0:2.1.1:1.0-port0
1790755104.1273,B,260,14408,-74,/dev/serial/by-path/pci-0000:05:00.3-usb-0:2.1.2:1.0-port0
1790755104.1352,C,256,14415,-66,/dev/serial/by-path/pci-0000:05:00.3-usb-0:2.1.3:1.0-port0
1790755104.1359,A,271,14422,-64,/dev/serial/by-path/pci-0000:05:00.3-usb-0:2.1.1:1.0-port0
1790755104.1705,B,261,14451,-63,/dev/serial/by-path/pci-0000:05:00.3-usb-0:2.1.2:1.0-port0
1790755104.1824,C,257,14462,-66,/dev/serial/by-path/pci-0000:05:00.3-usb-0:2.1.3:1.0-port0
1790755104.1827,A,272,14469,-65,/dev/serial/by-path/pci-0000:05:00.3-usb-0:2.1.1:1.0-port0
1790755104.2277,B,262,14508,-65,/dev/serial/by-path/pci-0000:05:00.3-usb-0:2.1.2:1.0-port0
1790755104.2301,A,273,14516,-62,/dev/serial/by-path/pci-0000:05:00.3-usb-0:2.1.1:1.0-port0
1790755104.2303,C,258,14510,-66,/dev/serial/by-path/pci-0000:05:00.3-usb-0:2.1.3:1.0-port0
1790755104.2905,B,263,14571,-76,/dev/serial/by-path/pci-0000:05:00.3-usb-0:2.1.2:1.0-port0
1790755104.2924,C,259,14572,-66,/dev/serial/by-path/pci-0000:05:00.3-usb-0:2.1.3:1.0-port0
1790755104.2957,A,274,14582,-64,/dev/serial/by-path/pci-0000:05:00.3-usb-0:2.1.1:1.0-port0
1790755104.3207,B,264,14601,-64,/dev/serial/by-path/pci-0000:05:00.3-usb-0:2.1.2:1.0-port0
1790755104.3249,A,275,14611,-65,/dev/serial/by-path/pci-0000:05:00.3-usb-0:2.1.1:1.0-port0
1790755104.3250,C,260,14604,-66,/dev/serial/by-path/pci-0000:05:00.3-usb-0:2.1.3:1.0-port0
1790755104.3498,B,265,14630,-66,/dev/serial/by-path/pci-0000:05:00.3-usb-0:2.1.2:1.0-port0
1790755104.3894,C,261,14669,-65,/dev/serial/by-path/pci-0000:05:00.3-usb-0:2.1.3:1.0-port0
1790755104.3897,A,276,14676,-63,/dev/serial/by-path/pci-0000:05:00.3-usb-0:2.1.1:1.0-port0
1790755104.4393,B,266,14720,-77,/dev/serial/by-path/pci-0000:05:00.3-usb-0:2.1.2:1.0-port0
1790755104.4429,C,262,14722,-65,/dev/serial/by-path/pci-0000:05:00.3-usb-0:2.1.3:1.0-port0
1790755104.4466,B,267,14727,-63,/dev/serial/by-path/pci-0000:05:00.3-usb-0:2.1.2:1.0-port0
1790755104.4933,A,277,14779,-65,/dev/serial/by-path/pci-0000:05:00.3-usb-0:2.1.1:1.0-port0
1790755104.5345,C,263,14813,-65,/dev/serial/by-path/pci-0000:05:00.3-usb-0:2.1.3:1.0-port0
1790755104.5346,A,278,14820,-62,/dev/serial/by-path/pci-0000:05:00.3-usb-0:2.1.1:1.0-port0
1790755104.5823,C,264,14862,-65,/dev/serial/by-path/pci-0000:05:00.3-usb-0:2.1.3:1.0-port0
1790755104.5827,B,268,14863,-77,/dev/serial/by-path/pci-0000:05:00.3-usb-0:2.1.2:1.0-port0
1790755104.5837,A,279,14870,-63,/dev/serial/by-path/pci-0000:05:00.3-usb-0:2.1.1:1.0-port0
1790755104.6303,B,269,14911,-63,/dev/serial/by-path/pci-0000:05:00.3-usb-0:2.1.2:1.0-port0
1790755104.6424,C,265,14922,-67,/dev/serial/by-path/pci-0000:05:00.3-usb-0:2.1.3:1.0-port0
1790755104.6463,A,280,14932,-65,/dev/serial/by-path/pci-0000:05:00.3-usb-0:2.1.1:1.0-port0
1790755104.6765,A,281,14963,-62,/dev/serial/by-path/pci-0000:05:00.3-usb-0:2.1.1:1.0-port0
1790755104.6766,C,266,14956,-66,/dev/serial/by-path/pci-0000:05:00.3-usb-0:2.1.3:1.0-port0
1790755104.6912,B,270,14972,-66,/dev/serial/by-path/pci-0000:05:00.3-usb-0:2.1.2:1.0-port0
1790755104.7188,C,267,14998,-65,/dev/serial/by-path/pci-0000:05:00.3-usb-0:2.1.3:1.0-port0
1790755104.7191,A,282,15005,-63,/dev/serial/by-path/pci-0000:05:00.3-usb-0:2.1.1:1.0-port0
1790755104.7405,B,271,15021,-83,/dev/serial/by-path/pci-0000:05:00.3-usb-0:2.1.2:1.0-port0
1790755104.7659,C,268,15046,-68,/dev/serial/by-path/pci-0000:05:00.3-usb-0:2.1.3:1.0-port0
1790755104.7664,B,272,15047,-64,/dev/serial/by-path/pci-0000:05:00.3-usb-0:2.1.2:1.0-port0
1790755104.7666,A,283,15052,-64,/dev/serial/by-path/pci-0000:05:00.3-usb-0:2.1.1:1.0-port0
1790755104.8402,B,273,15121,-66,/dev/serial/by-path/pci-0000:05:00.3-usb-0:2.1.2:1.0-port0
1790755104.8423,C,269,15122,-68,/dev/serial/by-path/pci-0000:05:00.3-usb-0:2.1.3:1.0-port0
1790755104.8458,A,284,15133,-62,/dev/serial/by-path/pci-0000:05:00.3-usb-0:2.1.1:1.0-port0
1790755104.8680,A,285,15154,-63,/dev/serial/by-path/pci-0000:05:00.3-usb-0:2.1.1:1.0-port0
1790755104.8681,B,274,15149,-77,/dev/serial/by-path/pci-0000:05:00.3-usb-0:2.1.2:1.0-port0
1790755104.8924,C,270,15172,-65,/dev/serial/by-path/pci-0000:05:00.3-usb-0:2.1.3:1.0-port0
1790755104.9091,B,275,15190,-64,/dev/serial/by-path/pci-0000:05:00.3-usb-0:2.1.2:1.0-port0
1790755104.9309,A,286,15217,-65,/dev/serial/by-path/pci-0000:05:00.3-usb-0:2.1.1:1.0-port0
1790755104.9312,C,271,15210,-68,/dev/serial/by-path/pci-0000:05:00.3-usb-0:2.1.3:1.0-port0
1790755104.9651,A,287,15251,-63,/dev/serial/by-path/pci-0000:05:00.3-usb-0:2.1.1:1.0-port0
1790755104.9652,B,276,15245,-68,/dev/serial/by-path/pci-0000:05:00.3-usb-0:2.1.2:1.0-port0
1790755104.9657,C,272,15244,-65,/dev/serial/by-path/pci-0000:05:00.3-usb-0:2.1.3:1.0-port0
1790755105.0007,B,277,15281,-82,/dev/serial/by-path/pci-0000:05:00.3-usb-0:2.1.2:1.0-port0
1790755105.0412,C,273,15322,-66,/dev/serial/by-path/pci-0000:05:00.3-usb-0:2.1.3:1.0-port0
1790755105.0414,A,288,15329,-64,/dev/serial/by-path/pci-0000:05:00.3-usb-0:2.1.1:1.0-port0
1790755105.0437,C,274,15322,-66,/dev/serial/by-path/pci-0000:05:00.3-usb-0:2.1.3:1.0-port0
1790755105.0440,A,289,15329,-64,/dev/serial/by-path/pci-0000:05:00.3-usb-0:2.1.1:1.0-port0
1790755105.0893,C,275,15369,-68,/dev/serial/by-path/pci-0000:05:00.3-usb-0:2.1.3:1.0-port0
1790755105.0913,B,278,15372,-64,/dev/serial/by-path/pci-0000:05:00.3-usb-0:2.1.2:1.0-port0
1790755105.0958,A,290,15382,-65,/dev/serial/by-path/pci-0000:05:00.3-usb-0:2.1.1:1.0-port0
1790755105.1391,C,276,15418,-66,/dev/serial/by-path/pci-0000:05:00.3-usb-0:2.1.3:1.0-port0
1790755105.1393,A,291,15425,-62,/dev/serial/by-path/pci-0000:05:00.3-usb-0:2.1.1:1.0-port0
1790755105.1395,B,279,15420,-66,/dev/serial/by-path/pci-0000:05:00.3-usb-0:2.1.2:1.0-port0
1790755105.1850,B,280,15466,-84,/dev/serial/by-path/pci-0000:05:00.3-usb-0:2.1.2:1.0-port0
1790755105.1923,C,277,15472,-67,/dev/serial/by-path/pci-0000:05:00.3-usb-0:2.1.3:1.0-port0
1790755105.1966,A,292,15483,-64,/dev/serial/by-path/pci-0000:05:00.3-usb-0:2.1.1:1.0-port0
1790755105.2405,B,281,15521,-64,/dev/serial/by-path/pci-0000:05:00.3-usb-0:2.1.2:1.0-port0
1790755105.2427,C,278,15522,-67,/dev/serial/by-path/pci-0000:05:00.3-usb-0:2.1.3:1.0-port0
1790755105.2438,A,293,15530,-64,/dev/serial/by-path/pci-0000:05:00.3-usb-0:2.1.1:1.0-port0
1790755105.2905,A,294,15577,-62,/dev/serial/by-path/pci-0000:05:00.3-usb-0:2.1.1:1.0-port0
1790755105.2911,B,282,15572,-66,/dev/serial/by-path/pci-0000:05:00.3-usb-0:2.1.2:1.0-port0
1790755105.2914,C,279,15572,-67,/dev/serial/by-path/pci-0000:05:00.3-usb-0:2.1.3:1.0-port0
1790755105.3298,B,283,15611,-84,/dev/serial/by-path/pci-0000:05:00.3-usb-0:2.1.2:1.0-port0
1790755105.3300,A,295,15616,-64,/dev/serial/by-path/pci-0000:05:00.3-usb-0:2.1.1:1.0-port0
1790755105.3302,C,280,15609,-67,/dev/serial/by-path/pci-0000:05:00.3-usb-0:2.1.3:1.0-port0
1790755105.3791,B,284,15660,-65,/dev/serial/by-path/pci-0000:05:00.3-usb-0:2.1.2:1.0-port0
1790755105.3795,C,281,15659,-68,/dev/serial/by-path/pci-0000:05:00.3-usb-0:2.1.3:1.0-port0
1790755105.3798,A,296,15666,-65,/dev/serial/by-path/pci-0000:05:00.3-usb-0:2.1.1:1.0-port0
1790755105.4123,B,285,15693,-66,/dev/serial/by-path/pci-0000:05:00.3-usb-0:2.1.2:1.0-port0
1790755105.4126,A,297,15699,-62,/dev/serial/by-path/pci-0000:05:00.3-usb-0:2.1.1:1.0-port0
1790755105.4423,C,282,15722,-68,/dev/serial/by-path/pci-0000:05:00.3-usb-0:2.1.3:1.0-port0
1790755105.4856,A,298,15772,-63,/dev/serial/by-path/pci-0000:05:00.3-usb-0:2.1.1:1.0-port0
1790755105.4860,B,286,15766,-86,/dev/serial/by-path/pci-0000:05:00.3-usb-0:2.1.2:1.0-port0
1790755105.4860,C,283,15765,-66,/dev/serial/by-path/pci-0000:05:00.3-usb-0:2.1.3:1.0-port0
1790755105.5036,C,284,15783,-68,/dev/serial/by-path/pci-0000:05:00.3-usb-0:2.1.3:1.0-port0
1790755105.5037,B,287,15784,-65,/dev/serial/by-path/pci-0000:05:00.3-usb-0:2.1.2:1.0-port0
1790755105.5396,C,285,15819,-67,/dev/serial/by-path/pci-0000:05:00.3-usb-0:2.1.3:1.0-port0
1790755105.5401,B,288,15821,-65,/dev/serial/by-path/pci-0000:05:00.3-usb-0:2.1.2:1.0-port0
1790755105.5456,A,299,15832,-65,/dev/serial/by-path/pci-0000:05:00.3-usb-0:2.1.1:1.0-port0
1790755105.5892,B,289,15870,-65,/dev/serial/by-path/pci-0000:05:00.3-usb-0:2.1.2:1.0-port0
1790755105.5962,A,300,15882,-62,/dev/serial/by-path/pci-0000:05:00.3-usb-0:2.1.1:1.0-port0
1790755105.6334,B,290,15914,-84,/dev/serial/by-path/pci-0000:05:00.3-usb-0:2.1.2:1.0-port0
1790755105.6420,C,286,15922,-67,/dev/serial/by-path/pci-0000:05:00.3-usb-0:2.1.3:1.0-port0
1790755105.6456,A,301,15932,-64,/dev/serial/by-path/pci-0000:05:00.3-usb-0:2.1.1:1.0-port0
1790755105.6804,A,302,15967,-65,/dev/serial/by-path/pci-0000:05:00.3-usb-0:2.1.1:1.0-port0
1790755105.6807,B,291,15961,-64,/dev/serial/by-path/pci-0000:05:00.3-usb-0:2.1.2:1.0-port0
1790755105.6810,C,287,15960,-68,/dev/serial/by-path/pci-0000:05:00.3-usb-0:2.1.3:1.0-port0
1790755105.7255,C,288,16005,-67,/dev/serial/by-path/pci-0000:05:00.3-usb-0:2.1.3:1.0-port0
1790755105.7259,A,303,16012,-63,/dev/serial/by-path/pci-0000:05:00.3-usb-0:2.1.1:1.0-port0
1790755105.7262,B,292,16006,-66,/dev/serial/by-path/pci-0000:05:00.3-usb-0:2.1.2:1.0-port0
1790755105.7905,B,293,16071,-82,/dev/serial/by-path/pci-0000:05:00.3-usb-0:2.1.2:1.0-port0
1790755105.7923,C,289,16072,-67,/dev/serial/by-path/pci-0000:05:00.3-usb-0:2.1.3:1.0-port0
1790755105.7958,A,304,16082,-64,/dev/serial/by-path/pci-0000:05:00.3-usb-0:2.1.1:1.0-port0
1790755105.8755,B,294,16157,-66,/dev/serial/by-path/pci-0000:05:00.3-usb-0:2.1.2:1.0-port0
1790755105.8756,A,305,16162,-62,/dev/serial/by-path/pci-0000:05:00.3-usb-0:2.1.1:1.0-port0
1790755105.8758,C,290,16155,-67,/dev/serial/by-path/pci-0000:05:00.3-usb-0:2.1.3:1.0-port0
1790755105.9069,A,306,16193,-63,/dev/serial/by-path/pci-0000:05:00.3-usb-0:2.1.1:1.0-port0
1790755105.9074,C,291,16187,-67,/dev/serial/by-path/pci-0000:05:00.3-usb-0:2.1.3:1.0-port0
1790755105.9074,B,295,16188,-84,/dev/serial/by-path/pci-0000:05:00.3-usb-0:2.1.2:1.0-port0
1790755105.9547,C,292,16234,-68,/dev/serial/by-path/pci-0000:05:00.3-usb-0:2.1.3:1.0-port0
1790755105.9635,B,296,16244,-65,/dev/serial/by-path/pci-0000:05:00.3-usb-0:2.1.2:1.0-port0
1790755105.9636,A,307,16250,-65,/dev/serial/by-path/pci-0000:05:00.3-usb-0:2.1.1:1.0-port0
1790755106.0092,B,297,16290,-66,/dev/serial/by-path/pci-0000:05:00.3-usb-0:2.1.2:1.0-port0
1790755106.0126,A,308,16299,-62,/dev/serial/by-path/pci-0000:05:00.3-usb-0:2.1.1:1.0-port0
1790755106.0350,C,293,16314,-69,/dev/serial/by-path/pci-0000:05:00.3-usb-0:2.1.3:1.0-port0
1790755106.0456,A,309,16332,-62,/dev/serial/by-path/pci-0000:05:00.3-usb-0:2.1.1:1.0-port0
1790755106.0848,B,298,16366,-89,/dev/serial/by-path/pci-0000:05:00.3-usb-0:2.1.2:1.0-port0
1790755106.0924,C,294,16372,-67,/dev/serial/by-path/pci-0000:05:00.3-usb-0:2.1.3:1.0-port0
1790755106.0958,A,310,16382,-64,/dev/serial/by-path/pci-0000:05:00.3-usb-0:2.1.1:1.0-port0
1790755106.1855,C,295,16465,-67,/dev/serial/by-path/pci-0000:05:00.3-usb-0:2.1.3:1.0-port0
1790755106.1856,B,299,16466,-65,/dev/serial/by-path/pci-0000:05:00.3-usb-0:2.1.2:1.0-port0
1790755106.1860,A,311,16472,-62,/dev/serial/by-path/pci-0000:05:00.3-usb-0:2.1.1:1.0-port0
1790755106.2225,B,300,16503,-84,/dev/serial/by-path/pci-0000:05:00.3-usb-0:2.1.2:1.0-port0
1790755106.2420,C,296,16522,-67,/dev/serial/by-path/pci-0000:05:00.3-usb-0:2.1.3:1.0-port0
1790755106.2459,A,312,16532,-64,/dev/serial/by-path/pci-0000:05:00.3-usb-0:2.1.1:1.0-port0
1790755106.2705,B,301,16551,-65,/dev/serial/by-path/pci-0000:05:00.3-usb-0:2.1.2:1.0-port0
1790755106.2769,C,297,16557,-68,/dev/serial/by-path/pci-0000:05:00.3-usb-0:2.1.3:1.0-port0
1790755106.2774,A,313,16564,-64,/dev/serial/by-path/pci-0000:05:00.3-usb-0:2.1.1:1.0-port0
1790755106.3217,A,314,16608,-62,/dev/serial/by-path/pci-0000:05:00.3-usb-0:2.1.1:1.0-port0
1790755106.3409,B,302,16622,-66,/dev/serial/by-path/pci-0000:05:00.3-usb-0:2.1.2:1.0-port0
1790755106.3429,C,298,16622,-68,/dev/serial/by-path/pci-0000:05:00.3-usb-0:2.1.3:1.0-port0
1790755106.3705,C,299,16650,-67,/dev/serial/by-path/pci-0000:05:00.3-usb-0:2.1.3:1.0-port0
1790755106.3757,B,303,16657,-86,/dev/serial/by-path/pci-0000:05:00.3-usb-0:2.1.2:1.0-port0
1790755106.3958,A,315,16682,-63,/dev/serial/by-path/pci-0000:05:00.3-usb-0:2.1.1:1.0-port0
1790755106.4166,B,304,16697,-64,/dev/serial/by-path/pci-0000:05:00.3-usb-0:2.1.2:1.0-port0
1790755106.4212,C,300,16701,-67,/dev/serial/by-path/pci-0000:05:00.3-usb-0:2.1.3:1.0-port0
1790755106.4216,A,316,16708,-65,/dev/serial/by-path/pci-0000:05:00.3-usb-0:2.1.1:1.0-port0
1790755106.4664,A,317,16752,-62,/dev/serial/by-path/pci-0000:05:00.3-usb-0:2.1.1:1.0-port0
1790755106.4667,C,301,16746,-68,/dev/serial/by-path/pci-0000:05:00.3-usb-0:2.1.3:1.0-port0
1790755106.4671,B,305,16747,-66,/dev/serial/by-path/pci-0000:05:00.3-usb-0:2.1.2:1.0-port0
1790755106.5132,B,306,16794,-86,/dev/serial/by-path/pci-0000:05:00.3-usb-0:2.1.2:1.0-port0
1790755106.5135,A,318,16799,-64,/dev/serial/by-path/pci-0000:05:00.3-usb-0:2.1.1:1.0-port0
1790755106.5139,C,302,16793,-67,/dev/serial/by-path/pci-0000:05:00.3-usb-0:2.1.3:1.0-port0
1790755106.5612,B,307,16842,-64,/dev/serial/by-path/pci-0000:05:00.3-usb-0:2.1.2:1.0-port0
1790755106.5614,C,303,16841,-70,/dev/serial/by-path/pci-0000:05:00.3-usb-0:2.1.3:1.0-port0
1790755106.5618,A,319,16848,-65,/dev/serial/by-path/pci-0000:05:00.3-usb-0:2.1.1:1.0-port0
1790755106.6322,C,304,16912,-67,/dev/serial/by-path/pci-0000:05:00.3-usb-0:2.1.3:1.0-port0
1790755106.6328,B,308,16914,-67,/dev/serial/by-path/pci-0000:05:00.3-usb-0:2.1.2:1.0-port0
1790755106.6330,A,320,16919,-62,/dev/serial/by-path/pci-0000:05:00.3-usb-0:2.1.1:1.0-port0
1790755106.6544,B,309,16935,-82,/dev/serial/by-path/pci-0000:05:00.3-usb-0:2.1.2:1.0-port0
1790755106.6698,A,321,16956,-63,/dev/serial/by-path/pci-0000:05:00.3-usb-0:2.1.1:1.0-port0
1790755106.6701,C,305,16949,-66,/dev/serial/by-path/pci-0000:05:00.3-usb-0:2.1.3:1.0-port0
1790755106.7163,B,310,16997,-65,/dev/serial/by-path/pci-0000:05:00.3-usb-0:2.1.2:1.0-port0
1790755106.7411,C,306,17021,-67,/dev/serial/by-path/pci-0000:05:00.3-usb-0:2.1.3:1.0-port0
1790755106.7459,A,322,17032,-65,/dev/serial/by-path/pci-0000:05:00.3-usb-0:2.1.1:1.0-port0
1790755106.7832,C,307,17063,-67,/dev/serial/by-path/pci-0000:05:00.3-usb-0:2.1.3:1.0-port0
1790755106.7906,B,311,17071,-66,/dev/serial/by-path/pci-0000:05:00.3-usb-0:2.1.2:1.0-port0
1790755106.7962,A,323,17082,-62,/dev/serial/by-path/pci-0000:05:00.3-usb-0:2.1.1:1.0-port0
1790755106.8290,B,312,17109,-84,/dev/serial/by-path/pci-0000:05:00.3-usb-0:2.1.2:1.0-port0
1790755106.8291,C,308,17108,-65,/dev/serial/by-path/pci-0000:05:00.3-usb-0:2.1.3:1.0-port0
1790755106.8293,A,324,17115,-63,/dev/serial/by-path/pci-0000:05:00.3-usb-0:2.1.1:1.0-port0
1790755106.9191,B,313,17200,-66,/dev/serial/by-path/pci-0000:05:00.3-usb-0:2.1.2:1.0-port0
1790755106.9194,C,309,17199,-67,/dev/serial/by-path/pci-0000:05:00.3-usb-0:2.1.3:1.0-port0
1790755106.9198,A,325,17205,-63,/dev/serial/by-path/pci-0000:05:00.3-usb-0:2.1.1:1.0-port0
1790755106.9923,C,310,17272,-66,/dev/serial/by-path/pci-0000:05:00.3-usb-0:2.1.3:1.0-port0
1790755106.9958,A,326,17282,-64,/dev/serial/by-path/pci-0000:05:00.3-usb-0:2.1.1:1.0-port0
1790755107.0264,C,311,17306,-69,/dev/serial/by-path/pci-0000:05:00.3-usb-0:2.1.3:1.0-port0
1790755107.0265,B,314,17307,-64,/dev/serial/by-path/pci-0000:05:00.3-usb-0:2.1.2:1.0-port0
1790755107.0270,A,327,17314,-65,/dev/serial/by-path/pci-0000:05:00.3-usb-0:2.1.1:1.0-port0
1790755107.0482,B,315,17329,-66,/dev/serial/by-path/pci-0000:05:00.3-usb-0:2.1.2:1.0-port0
1790755107.0485,C,312,17328,-68,/dev/serial/by-path/pci-0000:05:00.3-usb-0:2.1.3:1.0-port0
1790755107.0961,A,328,17382,-62,/dev/serial/by-path/pci-0000:05:00.3-usb-0:2.1.1:1.0-port0
1790755107.1372,B,316,17419,-89,/dev/serial/by-path/pci-0000:05:00.3-usb-0:2.1.2:1.0-port0
1790755107.1398,B,317,17419,-86,/dev/serial/by-path/pci-0000:05:00.3-usb-0:2.1.2:1.0-port0
1790755107.1427,C,313,17422,-68,/dev/serial/by-path/pci-0000:05:00.3-usb-0:2.1.3:1.0-port0
1790755107.1460,A,329,17432,-63,/dev/serial/by-path/pci-0000:05:00.3-usb-0:2.1.1:1.0-port0
1790755107.1796,B,318,17461,-64,/dev/serial/by-path/pci-0000:05:00.3-usb-0:2.1.2:1.0-port0
1790755107.1799,C,314,17459,-68,/dev/serial/by-path/pci-0000:05:00.3-usb-0:2.1.3:1.0-port0
1790755107.1915,A,330,17477,-65,/dev/serial/by-path/pci-0000:05:00.3-usb-0:2.1.1:1.0-port0
1790755107.2220,B,319,17503,-65,/dev/serial/by-path/pci-0000:05:00.3-usb-0:2.1.2:1.0-port0
1790755107.2223,A,331,17508,-62,/dev/serial/by-path/pci-0000:05:00.3-usb-0:2.1.1:1.0-port0
1790755107.2299,C,315,17509,-67,/dev/serial/by-path/pci-0000:05:00.3-usb-0:2.1.3:1.0-port0
1790755107.2714,C,316,17551,-66,/dev/serial/by-path/pci-0000:05:00.3-usb-0:2.1.3:1.0-port0
1790755107.2717,A,332,17558,-63,/dev/serial/by-path/pci-0000:05:00.3-usb-0:2.1.1:1.0-port0
1790755107.2720,B,320,17553,-84,/dev/serial/by-path/pci-0000:05:00.3-usb-0:2.1.2:1.0-port0
1790755107.3132,A,333,17599,-65,/dev/serial/by-path/pci-0000:05:00.3-usb-0:2.1.1:1.0-port0
1790755107.3343,C,317,17615,-68,/dev/serial/by-path/pci-0000:05:00.3-usb-0:2.1.3:1.0-port0
1790755107.3351,B,321,17616,-64,/dev/serial/by-path/pci-0000:05:00.3-usb-0:2.1.2:1.0-port0
1790755107.3621,B,322,17643,-66,/dev/serial/by-path/pci-0000:05:00.3-usb-0:2.1.2:1.0-port0
1790755107.3876,C,318,17667,-68,/dev/serial/by-path/pci-0000:05:00.3-usb-0:2.1.3:1.0-port0
1790755107.3877,A,334,17674,-62,/dev/serial/by-path/pci-0000:05:00.3-usb-0:2.1.1:1.0-port0
1790755107.4423,C,319,17722,-66,/dev/serial/by-path/pci-0000:05:00.3-usb-0:2.1.3:1.0-port0
1790755107.4459,A,335,17732,-63,/dev/serial/by-path/pci-0000:05:00.3-usb-0:2.1.1:1.0-port0
1790755107.4692,C,320,17749,-69,/dev/serial/by-path/pci-0000:05:00.3-usb-0:2.1.3:1.0-port0
1790755107.4693,B,323,17750,-64,/dev/serial/by-path/pci-0000:05:00.3-usb-0:2.1.2:1.0-port0
1790755107.4946,A,336,17781,-65,/dev/serial/by-path/pci-0000:05:00.3-usb-0:2.1.1:1.0-port0
1790755107.5206,B,324,17801,-66,/dev/serial/by-path/pci-0000:05:00.3-usb-0:2.1.2:1.0-port0
1790755107.5463,A,337,17832,-62,/dev/serial/by-path/pci-0000:05:00.3-usb-0:2.1.1:1.0-port0
1790755107.5921,C,321,17872,-66,/dev/serial/by-path/pci-0000:05:00.3-usb-0:2.1.3:1.0-port0
1790755107.5961,A,338,17882,-64,/dev/serial/by-path/pci-0000:05:00.3-usb-0:2.1.1:1.0-port0
1790755107.6398,C,322,17919,-68,/dev/serial/by-path/pci-0000:05:00.3-usb-0:2.1.3:1.0-port0
1790755107.6402,B,325,17921,-64,/dev/serial/by-path/pci-0000:05:00.3-usb-0:2.1.2:1.0-port0
1790755107.6462,A,339,17932,-65,/dev/serial/by-path/pci-0000:05:00.3-usb-0:2.1.1:1.0-port0
1790755107.6876,B,326,17968,-65,/dev/serial/by-path/pci-0000:05:00.3-usb-0:2.1.2:1.0-port0
1790755107.6877,C,323,17967,-65,/dev/serial/by-path/pci-0000:05:00.3-usb-0:2.1.3:1.0-port0
1790755107.6882,A,340,17975,-63,/dev/serial/by-path/pci-0000:05:00.3-usb-0:2.1.1:1.0-port0
1790755107.7357,B,327,18016,-86,/dev/serial/by-path/pci-0000:05:00.3-usb-0:2.1.2:1.0-port0
1790755107.7421,C,324,18022,-66,/dev/serial/by-path/pci-0000:05:00.3-usb-0:2.1.3:1.0-port0
1790755107.7464,A,341,18032,-64,/dev/serial/by-path/pci-0000:05:00.3-usb-0:2.1.1:1.0-port0
1790755107.7753,C,325,18055,-67,/dev/serial/by-path/pci-0000:05:00.3-usb-0:2.1.3:1.0-port0
1790755107.7793,B,328,18060,-64,/dev/serial/by-path/pci-0000:05:00.3-usb-0:2.1.2:1.0-port0
1790755107.7900,A,342,18076,-65,/dev/serial/by-path/pci-0000:05:00.3-usb-0:2.1.1:1.0-port0
1790755107.8243,A,343,18110,-62,/dev/serial/by-path/pci-0000:05:00.3-usb-0:2.1.1:1.0-port0
1790755107.8244,B,329,18105,-66,/dev/serial/by-path/pci-0000:05:00.3-usb-0:2.1.2:1.0-port0
1790755107.8373,C,326,18117,-68,/dev/serial/by-path/pci-0000:05:00.3-usb-0:2.1.3:1.0-port0
1790755107.8656,C,327,18145,-69,/dev/serial/by-path/pci-0000:05:00.3-usb-0:2.1.3:1.0-port0
1790755107.8661,B,330,18147,-85,/dev/serial/by-path/pci-0000:05:00.3-usb-0:2.1.2:1.0-port0
1790755107.8960,A,344,18183,-63,/dev/serial/by-path/pci-0000:05:00.3-usb-0:2.1.1:1.0-port0
1790755107.9100,C,328,18189,-68,/dev/serial/by-path/pci-0000:05:00.3-usb-0:2.1.3:1.0-port0
1790755107.9103,A,345,18196,-64,/dev/serial/by-path/pci-0000:05:00.3-usb-0:2.1.1:1.0-port0
1790755107.9104,B,331,18191,-64,/dev/serial/by-path/pci-0000:05:00.3-usb-0:2.1.2:1.0-port0
1790755107.9563,A,346,18242,-62,/dev/serial/by-path/pci-0000:05:00.3-usb-0:2.1.1:1.0-port0
1790755107.9566,C,329,18236,-67,/dev/serial/by-path/pci-0000:05:00.3-usb-0:2.1.3:1.0-port0
1790755107.9568,B,332,18237,-65,/dev/serial/by-path/pci-0000:05:00.3-usb-0:2.1.2:1.0-port0
1790755108.0037,C,330,18283,-70,/dev/serial/by-path/pci-0000:05:00.3-usb-0:2.1.3:1.0-port0
1790755108.0041,A,347,18290,-64,/dev/serial/by-path/pci-0000:05:00.3-usb-0:2.1.1:1.0-port0
1790755108.0042,B,333,18285,-86,/dev/serial/by-path/pci-0000:05:00.3-usb-0:2.1.2:1.0-port0
1790755108.0424,C,331,18322,-68,/dev/serial/by-path/pci-0000:05:00.3-usb-0:2.1.3:1.0-port0
1790755108.0461,A,348,18332,-64,/dev/serial/by-path/pci-0000:05:00.3-usb-0:2.1.1:1.0-port0
1790755108.0847,B,334,18365,-65,/dev/serial/by-path/pci-0000:05:00.3-usb-0:2.1.2:1.0-port0
1790755108.0850,C,332,18364,-68,/dev/serial/by-path/pci-0000:05:00.3-usb-0:2.1.3:1.0-port0
1790755108.0853,A,349,18372,-65,/dev/serial/by-path/pci-0000:05:00.3-usb-0:2.1.1:1.0-port0
1790755108.1318,B,335,18413,-67,/dev/serial/by-path/pci-0000:05:00.3-usb-0:2.1.2:1.0-port0
1790755108.1321,A,350,18418,-62,/dev/serial/by-path/pci-0000:05:00.3-usb-0:2.1.1:1.0-port0
1790755108.1423,C,333,18422,-69,/dev/serial/by-path/pci-0000:05:00.3-usb-0:2.1.3:1.0-port0
1790755108.1827,A,351,18469,-64,/dev/serial/by-path/pci-0000:05:00.3-usb-0:2.1.1:1.0-port0
1790755108.1828,C,334,18462,-69,/dev/serial/by-path/pci-0000:05:00.3-usb-0:2.1.3:1.0-port0
1790755108.1906,B,336,18471,-83,/dev/serial/by-path/pci-0000:05:00.3-usb-0:2.1.2:1.0-port0
1790755108.2221,A,352,18508,-64,/dev/serial/by-path/pci-0000:05:00.3-usb-0:2.1.1:1.0-port0
1790755108.2404,B,337,18521,-65,/dev/serial/by-path/pci-0000:05:00.3-usb-0:2.1.2:1.0-port0
1790755108.2424,C,335,18522,-70,/dev/serial/by-path/pci-0000:05:00.3-usb-0:2.1.3:1.0-port0
1790755108.2907,B,338,18571,-66,/dev/serial/by-path/pci-0000:05:00.3-usb-0:2.1.2:1.0-port0
1790755108.2930,C,336,18572,-68,/dev/serial/by-path/pci-0000:05:00.3-usb-0:2.1.3:1.0-port0
1790755108.2959,A,353,18582,-62,/dev/serial/by-path/pci-0000:05:00.3-usb-0:2.1.1:1.0-port0
1790755108.3187,C,337,18598,-69,/dev/serial/by-path/pci-0000:05:00.3-usb-0:2.1.3:1.0-port0
1790755108.3191,B,339,18599,-85,/dev/serial/by-path/pci-0000:05:00.3-usb-0:2.1.2:1.0-port0
1790755108.3194,A,354,18605,-64,/dev/serial/by-path/pci-0000:05:00.3-usb-0:2.1.1:1.0-port0
1790755108.3571,C,338,18637,-68,/dev/serial/by-path/pci-0000:05:00.3-usb-0:2.1.3:1.0-port0
1790755108.3605,B,340,18642,-64,/dev/serial/by-path/pci-0000:05:00.3-usb-0:2.1.2:1.0-port0
1790755108.3771,A,355,18663,-65,/dev/serial/by-path/pci-0000:05:00.3-usb-0:2.1.1:1.0-port0
1790755108.4154,B,341,18696,-66,/dev/serial/by-path/pci-0000:05:00.3-usb-0:2.1.2:1.0-port0
1790755108.4160,A,356,18702,-63,/dev/serial/by-path/pci-0000:05:00.3-usb-0:2.1.1:1.0-port0
1790755108.4423,C,339,18722,-67,/dev/serial/by-path/pci-0000:05:00.3-usb-0:2.1.3:1.0-port0
1790755108.4612,B,342,18742,-89,/dev/serial/by-path/pci-0000:05:00.3-usb-0:2.1.2:1.0-port0
1790755108.4926,C,340,18772,-68,/dev/serial/by-path/pci-0000:05:00.3-usb-0:2.1.3:1.0-port0
1790755108.4933,A,357,18780,-63,/dev/serial/by-path/pci-0000:05:00.3-usb-0:2.1.1:1.0-port0
1790755108.4959,A,358,18781,-64,/dev/serial/by-path/pci-0000:05:00.3-usb-0:2.1.1:1.0-port0
1790755108.5432,A,359,18829,-64,/dev/serial/by-path/pci-0000:05:00.3-usb-0:2.1.1:1.0-port0
1790755108.5868,C,341,18866,-68,/dev/serial/by-path/pci-0000:05:00.3-usb-0:2.1.3:1.0-port0
1790755108.5871,A,360,18873,-62,/dev/serial/by-path/pci-0000:05:00.3-usb-0:2.1.1:1.0-port0
1790755108.5912,B,343,18872,-66,/dev/serial/by-path/pci-0000:05:00.3-usb-0:2.1.2:1.0-port0
1790755108.6425,C,342,18922,-68,/dev/serial/by-path/pci-0000:05:00.3-usb-0:2.1.3:1.0-port0
1790755108.6471,A,361,18933,-63,/dev/serial/by-path/pci-0000:05:00.3-usb-0:2.1.1:1.0-port0
1790755108.7192,C,343,18998,-67,/dev/serial/by-path/pci-0000:05:00.3-usb-0:2.1.3:1.0-port0
1790755108.7317,B,344,19013,-67,/dev/serial/by-path/pci-0000:05:00.3-usb-0:2.1.2:1.0-port0
1790755108.7320,A,362,19019,-62,/dev/serial/by-path/pci-0000:05:00.3-usb-0:2.1.1:1.0-port0
1790755108.7924,C,344,19072,-68,/dev/serial/by-path/pci-0000:05:00.3-usb-0:2.1.3:1.0-port0
1790755108.7959,A,363,19082,-64,/dev/serial/by-path/pci-0000:05:00.3-usb-0:2.1.1:1.0-port0
1790755108.8174,B,345,19098,-64,/dev/serial/by-path/pci-0000:05:00.3-usb-0:2.1.2:1.0-port0
1790755108.8401,C,345,19120,-67,/dev/serial/by-path/pci-0000:05:00.3-usb-0:2.1.3:1.0-port0
1790755108.8403,A,364,19127,-65,/dev/serial/by-path/pci-0000:05:00.3-usb-0:2.1.1:1.0-port0
1790755108.8489,B,346,19130,-65,/dev/serial/by-path/pci-0000:05:00.3-usb-0:2.1.2:1.0-port0
1790755108.8784,C,346,19158,-68,/dev/serial/by-path/pci-0000:05:00.3-usb-0:2.1.3:1.0-port0
1790755108.8827,A,365,19169,-63,/dev/serial/by-path/pci-0000:05:00.3-usb-0:2.1.1:1.0-port0
1790755108.8963,A,366,19182,-63,/dev/serial/by-path/pci-0000:05:00.3-usb-0:2.1.1:1.0-port0
1790755108.9218,B,347,19202,-92,/dev/serial/by-path/pci-0000:05:00.3-usb-0:2.1.2:1.0-port0
1790755108.9391,A,367,19226,-63,/dev/serial/by-path/pci-0000:05:00.3-usb-0:2.1.1:1.0-port0
1790755108.9396,C,347,19219,-67,/dev/serial/by-path/pci-0000:05:00.3-usb-0:2.1.3:1.0-port0
1790755108.9402,B,348,19221,-96,/dev/serial/by-path/pci-0000:05:00.3-usb-0:2.1.2:1.0-port0
1790755108.9779,B,349,19259,-64,/dev/serial/by-path/pci-0000:05:00.3-usb-0:2.1.2:1.0-port0
1790755108.9780,C,348,19257,-67,/dev/serial/by-path/pci-0000:05:00.3-usb-0:2.1.3:1.0-port0
1790755108.9862,A,368,19272,-65,/dev/serial/by-path/pci-0000:05:00.3-usb-0:2.1.1:1.0-port0
1790755109.0405,B,350,19321,-65,/dev/serial/by-path/pci-0000:05:00.3-usb-0:2.1.2:1.0-port0
1790755109.0427,C,349,19322,-68,/dev/serial/by-path/pci-0000:05:00.3-usb-0:2.1.3:1.0-port0
1790755109.0459,A,369,19332,-63,/dev/serial/by-path/pci-0000:05:00.3-usb-0:2.1.1:1.0-port0
1790755109.0702,B,351,19351,-94,/dev/serial/by-path/pci-0000:05:00.3-usb-0:2.1.2:1.0-port0
1790755109.0705,A,370,19356,-63,/dev/serial/by-path/pci-0000:05:00.3-usb-0:2.1.1:1.0-port0
1790755109.0708,C,350,19350,-66,/dev/serial/by-path/pci-0000:05:00.3-usb-0:2.1.3:1.0-port0
1790755109.1140,B,352,19395,-65,/dev/serial/by-path/pci-0000:05:00.3-usb-0:2.1.2:1.0-port0
1790755109.1425,C,351,19422,-67,/dev/serial/by-path/pci-0000:05:00.3-usb-0:2.1.3:1.0-port0
1790755109.1467,A,371,19433,-65,/dev/serial/by-path/pci-0000:05:00.3-usb-0:2.1.1:1.0-port0
1790755109.1580,A,372,19444,-63,/dev/serial/by-path/pci-0000:05:00.3-usb-0:2.1.1:1.0-port0
1790755109.1583,B,353,19439,-65,/dev/serial/by-path/pci-0000:05:00.3-usb-0:2.1.2:1.0-port0
1790755109.2014,B,354,19482,-92,/dev/serial/by-path/pci-0000:05:00.3-usb-0:2.1.2:1.0-port0
1790755109.2018,C,352,19481,-66,/dev/serial/by-path/pci-0000:05:00.3-usb-0:2.1.3:1.0-port0
1790755109.2424,A,373,19529,-63,/dev/serial/by-path/pci-0000:05:00.3-usb-0:2.1.1:1.0-port0
1790755109.2448,A,374,19529,-63,/dev/serial/by-path/pci-0000:05:00.3-usb-0:2.1.1:1.0-port0
1790755109.2851,A,375,19571,-65,/dev/serial/by-path/pci-0000:05:00.3-usb-0:2.1.1:1.0-port0
1790755109.2852,C,353,19564,-67,/dev/serial/by-path/pci-0000:05:00.3-usb-0:2.1.3:1.0-port0
1790755109.2906,B,355,19571,-64,/dev/serial/by-path/pci-0000:05:00.3-usb-0:2.1.2:1.0-port0
1790755109.3405,B,356,19621,-65,/dev/serial/by-path/pci-0000:05:00.3-usb-0:2.1.2:1.0-port0
1790755109.3420,C,354,19622,-68,/dev/serial/by-path/pci-0000:05:00.3-usb-0:2.1.3:1.0-port0
1790755109.3458,A,376,19632,-63,/dev/serial/by-path/pci-0000:05:00.3-usb-0:2.1.1:1.0-port0
1790755109.3885,B,357,19670,-89,/dev/serial/by-path/pci-0000:05:00.3-usb-0:2.1.2:1.0-port0
1790755109.3961,A,377,19682,-63,/dev/serial/by-path/pci-0000:05:00.3-usb-0:2.1.1:1.0-port0
1790755109.4233,C,355,19703,-67,/dev/serial/by-path/pci-0000:05:00.3-usb-0:2.1.3:1.0-port0
1790755109.4236,A,378,19709,-65,/dev/serial/by-path/pci-0000:05:00.3-usb-0:2.1.1:1.0-port0
1790755109.4335,B,358,19714,-64,/dev/serial/by-path/pci-0000:05:00.3-usb-0:2.1.2:1.0-port0
1790755109.4655,A,379,19752,-62,/dev/serial/by-path/pci-0000:05:00.3-usb-0:2.1.1:1.0-port0
1790755109.4656,C,356,19745,-67,/dev/serial/by-path/pci-0000:05:00.3-usb-0:2.1.3:1.0-port0
1790755109.4799,B,359,19760,-65,/dev/serial/by-path/pci-0000:05:00.3-usb-0:2.1.2:1.0-port0
1790755109.5153,B,360,19796,-85,/dev/serial/by-path/pci-0000:05:00.3-usb-0:2.1.2:1.0-port0
1790755109.5247,C,357,19804,-66,/dev/serial/by-path/pci-0000:05:00.3-usb-0:2.1.3:1.0-port0
1790755109.5257,A,380,19812,-63,/dev/serial/by-path/pci-0000:05:00.3-usb-0:2.1.1:1.0-port0
1790755109.5596,B,361,19840,-64,/dev/serial/by-path/pci-0000:05:00.3-usb-0:2.1.2:1.0-port0
1790755109.5819,A,381,19868,-65,/dev/serial/by-path/pci-0000:05:00.3-usb-0:2.1.1:1.0-port0
1790755109.5823,C,358,19862,-66,/dev/serial/by-path/pci-0000:05:00.3-usb-0:2.1.3:1.0-port0
1790755109.6060,C,359,19886,-68,/dev/serial/by-path/pci-0000:05:00.3-usb-0:2.1.3:1.0-port0
1790755109.6137,B,362,19895,-65,/dev/serial/by-path/pci-0000:05:00.3-usb-0:2.1.2:1.0-port0
1790755109.6140,A,382,19900,-62,/dev/serial/by-path/pci-0000:05:00.3-usb-0:2.1.1:1.0-port0
1790755109.6575,C,360,19937,-67,/dev/serial/by-path/pci-0000:05:00.3-usb-0:2.1.3:1.0-port0
1790755109.6576,B,363,19938,-82,/dev/serial/by-path/pci-0000:05:00.3-usb-0:2.1.2:1.0-port0
1790755109.7273,C,361,20007,-66,/dev/serial/by-path/pci-0000:05:00.3-usb-0:2.1.3:1.0-port0
1790755109.7343,A,383,20021,-65,/dev/serial/by-path/pci-0000:05:00.3-usb-0:2.1.1:1.0-port0
1790755109.7345,B,364,20015,-64,/dev/serial/by-path/pci-0000:05:00.3-usb-0:2.1.2:1.0-port0
1790755109.7848,B,365,20065,-65,/dev/serial/by-path/pci-0000:05:00.3-usb-0:2.1.2:1.0-port0
1790755109.7853,A,384,20072,-62,/dev/serial/by-path/pci-0000:05:00.3-usb-0:2.1.1:1.0-port0
1790755109.7905,C,362,20070,-69,/dev/serial/by-path/pci-0000:05:00.3-usb-0:2.1.3:1.0-port0
1790755109.8248,C,363,20104,-68,/dev/serial/by-path/pci-0000:05:00.3-usb-0:2.1.3:1.0-port0
1790755109.8250,A,385,20111,-63,/dev/serial/by-path/pci-0000:05:00.3-usb-0:2.1.1:1.0-port0
1790755109.8251,B,366,20105,-82,/dev/serial/by-path/pci-0000:05:00.3-usb-0:2.1.2:1.0-port0
1790755109.8706,B,367,20151,-64,/dev/serial/by-path/pci-0000:05:00.3-usb-0:2.1.2:1.0-port0
1790755109.8909,C,364,20171,-66,/dev/serial/by-path/pci-0000:05:00.3-usb-0:2.1.3:1.0-port0
1790755109.8910,A,386,20177,-65,/dev/serial/by-path/pci-0000:05:00.3-usb-0:2.1.1:1.0-port0
1790755109.9406,B,368,20221,-65,/dev/serial/by-path/pci-0000:05:00.3-usb-0:2.1.2:1.0-port0
1790755109.9425,C,365,20222,-69,/dev/serial/by-path/pci-0000:05:00.3-usb-0:2.1.3:1.0-port0
1790755109.9459,A,387,20232,-62,/dev/serial/by-path/pci-0000:05:00.3-usb-0:2.1.1:1.0-port0
1790755109.9835,B,369,20264,-85,/dev/serial/by-path/pci-0000:05:00.3-usb-0:2.1.2:1.0-port0
1790755109.9839,C,366,20263,-69,/dev/serial/by-path/pci-0000:05:00.3-usb-0:2.1.3:1.0-port0
1790755109.9844,A,388,20270,-63,/dev/serial/by-path/pci-0000:05:00.3-usb-0:2.1.1:1.0-port0
1790755110.0051,C,367,20285,-67,/dev/serial/by-path/pci-0000:05:00.3-usb-0:2.1.3:1.0-port0
1790755110.0054,B,370,20286,-64,/dev/serial/by-path/pci-0000:05:00.3-usb-0:2.1.2:1.0-port0
1790755110.0662,B,371,20347,-65,/dev/serial/by-path/pci-0000:05:00.3-usb-0:2.1.2:1.0-port0
1790755110.0665,A,389,20352,-62,/dev/serial/by-path/pci-0000:05:00.3-usb-0:2.1.1:1.0-port0
1790755110.0667,C,368,20346,-70,/dev/serial/by-path/pci-0000:05:00.3-usb-0:2.1.3:1.0-port0
1790755110.0995,B,372,20380,-84,/dev/serial/by-path/pci-0000:05:00.3-usb-0:2.1.2:1.0-port0
1790755110.0996,C,369,20379,-69,/dev/serial/by-path/pci-0000:05:00.3-usb-0:2.1.3:1.0-port0
1790755110.1361,A,390,20422,-63,/dev/serial/by-path/pci-0000:05:00.3-usb-0:2.1.1:1.0-port0
1790755110.1463,A,391,20432,-63,/dev/serial/by-path/pci-0000:05:00.3-usb-0:2.1.1:1.0-port0
1790755110.1861,B,373,20467,-63,/dev/serial/by-path/pci-0000:05:00.3-usb-0:2.1.2:1.0-port0
1790755110.1960,A,392,20482,-64,/dev/serial/by-path/pci-0000:05:00.3-usb-0:2.1.1:1.0-port0
1790755110.2165,B,374,20497,-64,/dev/serial/by-path/pci-0000:05:00.3-usb-0:2.1.2:1.0-port0
1790755110.2405,C,370,20520,-70,/dev/serial/by-path/pci-0000:05:00.3-usb-0:2.1.3:1.0-port0
1790755110.2888,A,393,20575,-63,/dev/serial/by-path/pci-0000:05:00.3-usb-0:2.1.1:1.0-port0
1790755110.2891,C,371,20568,-68,/dev/serial/by-path/pci-0000:05:00.3-usb-0:2.1.3:1.0-port0
1790755110.2893,B,375,20570,-78,/dev/serial/by-path/pci-0000:05:00.3-usb-0:2.1.2:1.0-port0
1790755110.3348,B,376,20616,-64,/dev/serial/by-path/pci-0000:05:00.3-usb-0:2.1.2:1.0-port0
1790755110.3351,C,372,20614,-67,/dev/serial/by-path/pci-0000:05:00.3-usb-0:2.1.3:1.0-port0
1790755110.3353,A,394,20621,-65,/dev/serial/by-path/pci-0000:05:00.3-usb-0:2.1.1:1.0-port0
1790755110.3817,A,395,20668,-62,/dev/serial/by-path/pci-0000:05:00.3-usb-0:2.1.1:1.0-port0
1790755110.3820,C,373,20661,-70,/dev/serial/by-path/pci-0000:05:00.3-usb-0:2.1.3:1.0-port0
1790755110.3824,B,377,20663,-65,/dev/serial/by-path/pci-0000:05:00.3-usb-0:2.1.2:1.0-port0
1790755110.4727,C,374,20753,-67,/dev/serial/by-path/pci-0000:05:00.3-usb-0:2.1.3:1.0-port0
1790755110.4730,A,396,20759,-65,/dev/serial/by-path/pci-0000:05:00.3-usb-0:2.1.1:1.0-port0
1790755110.4902,B,378,20771,-63,/dev/serial/by-path/pci-0000:05:00.3-usb-0:2.1.2:1.0-port0
1790755110.5211,C,375,20801,-71,/dev/serial/by-path/pci-0000:05:00.3-usb-0:2.1.3:1.0-port0
1790755110.5212,A,397,20807,-62,/dev/serial/by-path/pci-0000:05:00.3-usb-0:2.1.1:1.0-port0
1790755110.5411,B,379,20822,-65,/dev/serial/by-path/pci-0000:05:00.3-usb-0:2.1.2:1.0-port0
1790755110.5651,A,398,20851,-63,/dev/serial/by-path/pci-0000:05:00.3-usb-0:2.1.1:1.0-port0
1790755110.5655,B,380,20846,-76,/dev/serial/by-path/pci-0000:05:00.3-usb-0:2.1.2:1.0-port0
1790755110.5659,C,376,20845,-69,/dev/serial/by-path/pci-0000:05:00.3-usb-0:2.1.3:1.0-port0
1790755110.6705,B,381,20951,-65,/dev/serial/by-path/pci-0000:05:00.3-usb-0:2.1.2:1.0-port0
1790755110.6706,A,399,20957,-62,/dev/serial/by-path/pci-0000:05:00.3-usb-0:2.1.1:1.0-port0
1790755110.6772,C,377,20957,-71,/dev/serial/by-path/pci-0000:05:00.3-usb-0:2.1.3:1.0-port0
1790755110.6953,A,400,20981,-61,/dev/serial/by-path/pci-0000:05:00.3-usb-0:2.1.1:1.0-port0
1790755110.6961,B,382,20977,-76,/dev/serial/by-path/pci-0000:05:00.3-usb-0:2.1.2:1.0-port0
1790755110.7448,A,401,21031,-63,/dev/serial/by-path/pci-0000:05:00.3-usb-0:2.1.1:1.0-port0
1790755110.7902,C,378,21069,-67,/dev/serial/by-path/pci-0000:05:00.3-usb-0:2.1.3:1.0-port0
1790755110.7906,A,402,21076,-65,/dev/serial/by-path/pci-0000:05:00.3-usb-0:2.1.1:1.0-port0
1790755110.7910,B,383,21071,-63,/dev/serial/by-path/pci-0000:05:00.3-usb-0:2.1.2:1.0-port0
1790755110.8390,A,403,21125,-62,/dev/serial/by-path/pci-0000:05:00.3-usb-0:2.1.1:1.0-port0
1790755110.8391,B,384,21120,-64,/dev/serial/by-path/pci-0000:05:00.3-usb-0:2.1.2:1.0-port0
1790755110.8424,C,379,21122,-72,/dev/serial/by-path/pci-0000:05:00.3-usb-0:2.1.3:1.0-port0
1790755110.8876,B,385,21168,-76,/dev/serial/by-path/pci-0000:05:00.3-usb-0:2.1.2:1.0-port0
1790755110.8926,C,380,21172,-69,/dev/serial/by-path/pci-0000:05:00.3-usb-0:2.1.3:1.0-port0
1790755110.8957,A,404,21182,-62,/dev/serial/by-path/pci-0000:05:00.3-usb-0:2.1.1:1.0-port0
1790755110.9266,B,386,21207,-63,/dev/serial/by-path/pci-0000:05:00.3-usb-0:2.1.2:1.0-port0
1790755110.9316,C,381,21211,-69,/dev/serial/by-path/pci-0000:05:00.3-usb-0:2.1.3:1.0-port0
1790755110.9319,A,405,21218,-65,/dev/serial/by-path/pci-0000:05:00.3-usb-0:2.1.1:1.0-port0
1790755110.9885,B,387,21269,-64,/dev/serial/by-path/pci-0000:05:00.3-usb-0:2.1.2:1.0-port0
1790755110.9888,A,406,21275,-62,/dev/serial/by-path/pci-0000:05:00.3-usb-0:2.1.1:1.0-port0
1790755110.9924,C,382,21272,-71,/dev/serial/by-path/pci-0000:05:00.3-usb-0:2.1.3:1.0-port0
1790755111.0383,B,388,21319,-76,/dev/serial/by-path/pci-0000:05:00.3-usb-0:2.1.2:1.0-port0
1790755111.0397,A,407,21326,-63,/dev/serial/by-path/pci-0000:05:00.3-usb-0:2.1.1:1.0-port0
1790755111.0401,C,383,21319,-68,/dev/serial/by-path/pci-0000:05:00.3-usb-0:2.1.3:1.0-port0
1790755111.0797,A,408,21366,-65,/dev/serial/by-path/pci-0000:05:00.3-usb-0:2.1.1:1.0-port0
1790755111.0800,C,384,21360,-67,/dev/serial/by-path/pci-0000:05:00.3-usb-0:2.1.3:1.0-port0
1790755111.0802,B,389,21360,-63,/dev/serial/by-path/pci-0000:05:00.3-usb-0:2.1.2:1.0-port0
1790755111.1095,B,390,21391,-65,/dev/serial/by-path/pci-0000:05:00.3-usb-0:2.1.2:1.0-port0
1790755111.1098,C,385,21389,-73,/dev/serial/by-path/pci-0000:05:00.3-usb-0:2.1.3:1.0-port0
1790755111.1101,A,409,21396,-62,/dev/serial/by-path/pci-0000:05:00.3-usb-0:2.1.1:1.0-port0
1790755111.1698,B,391,21451,-74,/dev/serial/by-path/pci-0000:05:00.3-usb-0:2.1.2:1.0-port0
1790755111.1703,C,386,21449,-69,/dev/serial/by-path/pci-0000:05:00.3-usb-0:2.1.3:1.0-port0
1790755111.1705,A,410,21456,-63,/dev/serial/by-path/pci-0000:05:00.3-usb-0:2.1.1:1.0-port0
1790755111.2137,B,392,21495,-63,/dev/serial/by-path/pci-0000:05:00.3-usb-0:2.1.2:1.0-port0
1790755111.2399,A,411,21526,-65,/dev/serial/by-path/pci-0000:05:00.3-usb-0:2.1.1:1.0-port0
1790755111.2400,C,387,21520,-68,/dev/serial/by-path/pci-0000:05:00.3-usb-0:2.1.3:1.0-port0
1790755111.2903,B,393,21571,-65,/dev/serial/by-path/pci-0000:05:00.3-usb-0:2.1.2:1.0-port0
1790755111.2922,C,388,21572,-71,/dev/serial/by-path/pci-0000:05:00.3-usb-0:2.1.3:1.0-port0
1790755111.2992,B,394,21580,-74,/dev/serial/by-path/pci-0000:05:00.3-usb-0:2.1.2:1.0-port0
1790755111.3246,C,389,21604,-68,/dev/serial/by-path/pci-0000:05:00.3-usb-0:2.1.3:1.0-port0
1790755111.3405,B,395,21621,-74,/dev/serial/by-path/pci-0000:05:00.3-usb-0:2.1.2:1.0-port0
1790755111.3406,A,412,21626,-63,/dev/serial/by-path/pci-0000:05:00.3-usb-0:2.1.1:1.0-port0
1790755111.3419,C,390,21622,-69,/dev/serial/by-path/pci-0000:05:00.3-usb-0:2.1.3:1.0-port0
1790755111.3877,B,396,21669,-63,/dev/serial/by-path/pci-0000:05:00.3-usb-0:2.1.2:1.0-port0
1790755111.3880,A,413,21674,-65,/dev/serial/by-path/pci-0000:05:00.3-usb-0:2.1.1:1.0-port0
1790755111.3922,C,391,21672,-67,/dev/serial/by-path/pci-0000:05:00.3-usb-0:2.1.3:1.0-port0
1790755111.4362,C,392,21717,-71,/dev/serial/by-path/pci-0000:05:00.3-usb-0:2.1.3:1.0-port0
1790755111.4365,A,414,21723,-63,/dev/serial/by-path/pci-0000:05:00.3-usb-0:2.1.1:1.0-port0
1790755111.4366,B,397,21717,-65,/dev/serial/by-path/pci-0000:05:00.3-usb-0:2.1.2:1.0-port0
1790755111.4817,C,393,21762,-69,/dev/serial/by-path/pci-0000:05:00.3-usb-0:2.1.3:1.0-port0
1790755111.4818,B,398,21763,-74,/dev/serial/by-path/pci-0000:05:00.3-usb-0:2.1.2:1.0-port0
1790755111.4821,A,415,21768,-63,/dev/serial/by-path/pci-0000:05:00.3-usb-0:2.1.1:1.0-port0
1790755111.5218,A,416,21808,-66,/dev/serial/by-path/pci-0000:05:00.3-usb-0:2.1.1:1.0-port0
1790755111.5222,C,394,21801,-68,/dev/serial/by-path/pci-0000:05:00.3-usb-0:2.1.3:1.0-port0
1790755111.5295,B,399,21810,-63,/dev/serial/by-path/pci-0000:05:00.3-usb-0:2.1.2:1.0-port0
1790755111.6136,B,400,21894,-72,/dev/serial/by-path/pci-0000:05:00.3-usb-0:2.1.2:1.0-port0
1790755111.6396,A,417,21925,-63,/dev/serial/by-path/pci-0000:05:00.3-usb-0:2.1.1:1.0-port0
1790755111.6400,C,395,21919,-69,/dev/serial/by-path/pci-0000:05:00.3-usb-0:2.1.3:1.0-port0
1790755111.6539,B,401,21935,-63,/dev/serial/by-path/pci-0000:05:00.3-usb-0:2.1.2:1.0-port0
1790755111.6587,C,396,21939,-68,/dev/serial/by-path/pci-0000:05:00.3-usb-0:2.1.3:1.0-port0
1790755111.6945,A,418,21980,-66,/dev/serial/by-path/pci-0000:05:00.3-usb-0:2.1.1:1.0-port0
1790755111.7122,B,402,21993,-65,/dev/serial/by-path/pci-0000:05:00.3-usb-0:2.1.2:1.0-port0
1790755111.7393,B,403,22020,-65,/dev/serial/by-path/pci-0000:05:00.3-usb-0:2.1.2:1.0-port0
1790755111.7462,A,419,22032,-62,/dev/serial/by-path/pci-0000:05:00.3-usb-0:2.1.1:1.0-port0
1790755111.7812,A,420,22067,-63,/dev/serial/by-path/pci-0000:05:00.3-usb-0:2.1.1:1.0-port0
1790755111.7815,B,404,22062,-73,/dev/serial/by-path/pci-0000:05:00.3-usb-0:2.1.2:1.0-port0
1790755111.7817,C,397,22061,-68,/dev/serial/by-path/pci-0000:05:00.3-usb-0:2.1.3:1.0-port0
1790755111.8231,B,405,22104,-62,/dev/serial/by-path/pci-0000:05:00.3-usb-0:2.1.2:1.0-port0
1790755111.8236,C,398,22103,-66,/dev/serial/by-path/pci-0000:05:00.3-usb-0:2.1.3:1.0-port0
1790755111.8237,A,421,22110,-66,/dev/serial/by-path/pci-0000:05:00.3-usb-0:2.1.1:1.0-port0
1790755111.8702,B,406,22151,-65,/dev/serial/by-path/pci-0000:05:00.3-usb-0:2.1.2:1.0-port0
1790755111.8923,C,399,22172,-69,/dev/serial/by-path/pci-0000:05:00.3-usb-0:2.1.3:1.0-port0
1790755111.8960,A,422,22182,-62,/dev/serial/by-path/pci-0000:05:00.3-usb-0:2.1.1:1.0-port0
1790755111.9185,C,400,22198,-67,/dev/serial/by-path/pci-0000:05:00.3-usb-0:2.1.3:1.0-port0
1790755111.9199,A,423,22206,-63,/dev/serial/by-path/pci-0000:05:00.3-usb-0:2.1.1:1.0-port0
1790755111.9405,B,407,22221,-73,/dev/serial/by-path/pci-0000:05:00.3-usb-0:2.1.2:1.0-port0
1790755111.9632,C,401,22243,-66,/dev/serial/by-path/pci-0000:05:00.3-usb-0:2.1.3:1.0-port0
1790755111.9737,B,408,22255,-63,/dev/serial/by-path/pci-0000:05:00.3-usb-0:2.1.2:1.0-port0
1790755111.9813,A,424,22268,-66,/dev/serial/by-path/pci-0000:05:00.3-usb-0:2.1.1:1.0-port0
1790755112.0203,B,409,22301,-65,/dev/serial/by-path/pci-0000:05:00.3-usb-0:2.1.2:1.0-port0
1790755112.0264,C,402,22306,-68,/dev/serial/by-path/pci-0000:05:00.3-usb-0:2.1.3:1.0-port0
1790755112.0266,A,425,22312,-62,/dev/serial/by-path/pci-0000:05:00.3-usb-0:2.1.1:1.0-port0
1790755112.0778,B,410,22359,-74,/dev/serial/by-path/pci-0000:05:00.3-usb-0:2.1.2:1.0-port0
1790755112.0782,C,403,22357,-68,/dev/serial/by-path/pci-0000:05:00.3-usb-0:2.1.3:1.0-port0
1790755112.1267,B,411,22407,-63,/dev/serial/by-path/pci-0000:05:00.3-usb-0:2.1.2:1.0-port0
1790755112.1453,A,426,22431,-65,/dev/serial/by-path/pci-0000:05:00.3-usb-0:2.1.1:1.0-port0
1790755112.1784,B,412,22459,-67,/dev/serial/by-path/pci-0000:05:00.3-usb-0:2.1.2:1.0-port0
1790755112.1919,C,404,22471,-65,/dev/serial/by-path/pci-0000:05:00.3-usb-0:2.1.3:1.0-port0
1790755112.1963,A,427,22482,-62,/dev/serial/by-path/pci-0000:05:00.3-usb-0:2.1.1:1.0-port0
1790755112.2370,A,428,22523,-63,/dev/serial/by-path/pci-0000:05:00.3-usb-0:2.1.1:1.0-port0
1790755112.2372,B,413,22518,-74,/dev/serial/by-path/pci-0000:05:00.3-usb-0:2.1.2:1.0-port0
1790755112.2426,C,405,22522,-68,/dev/serial/by-path/pci-0000:05:00.3-usb-0:2.1.3:1.0-port0
1790755112.2798,A,429,22566,-65,/dev/serial/by-path/pci-0000:05:00.3-usb-0:2.1.1:1.0-port0
1790755112.2803,C,406,22559,-66,/dev/serial/by-path/pci-0000:05:00.3-usb-0:2.1.3:1.0-port0
1790755112.2874,B,414,22568,-63,/dev/serial/by-path/pci-0000:05:00.3-usb-0:2.1.2:1.0-port0
1790755112.3404,B,415,22621,-65,/dev/serial/by-path/pci-0000:05:00.3-usb-0:2.1.2:1.0-port0
1790755112.3423,C,407,22622,-66,/dev/serial/by-path/pci-0000:05:00.3-usb-0:2.1.3:1.0-port0
1790755112.3450,A,430,22631,-62,/dev/serial/by-path/pci-0000:05:00.3-usb-0:2.1.1:1.0-port0
1790755112.3904,B,416,22671,-73,/dev/serial/by-path/pci-0000:05:00.3-usb-0:2.1.2:1.0-port0
1790755112.3926,C,408,22672,-67,/dev/serial/by-path/pci-0000:05:00.3-usb-0:2.1.3:1.0-port0
1790755112.3937,A,431,22680,-63,/dev/serial/by-path/pci-0000:05:00.3-usb-0:2.1.1:1.0-port0
1790755112.4273,C,409,22707,-66,/dev/serial/by-path/pci-0000:05:00.3-usb-0:2.1.3:1.0-port0
1790755112.4278,A,432,22714,-65,/dev/serial/by-path/pci-0000:05:00.3-usb-0:2.1.1:1.0-port0
1790755112.4279,B,417,22709,-62,/dev/serial/by-path/pci-0000:05:00.3-usb-0:2.1.2:1.0-port0
1790755112.4524,C,410,22733,-66,/dev/serial/by-path/pci-0000:05:00.3-usb-0:2.1.3:1.0-port0
1790755112.4529,B,418,22734,-65,/dev/serial/by-path/pci-0000:05:00.3-usb-0:2.1.2:1.0-port0
1790755112.4532,A,433,22739,-62,/dev/serial/by-path/pci-0000:05:00.3-usb-0:2.1.1:1.0-port0
1790755112.4941,A,434,22780,-61,/dev/serial/by-path/pci-0000:05:00.3-usb-0:2.1.1:1.0-port0
1790755112.4970,B,419,22778,-73,/dev/serial/by-path/pci-0000:05:00.3-usb-0:2.1.2:1.0-port0
1790755112.5344,B,420,22815,-73,/dev/serial/by-path/pci-0000:05:00.3-usb-0:2.1.2:1.0-port0
1790755112.5348,A,435,22821,-64,/dev/serial/by-path/pci-0000:05:00.3-usb-0:2.1.1:1.0-port0
1790755112.5423,C,411,22822,-66,/dev/serial/by-path/pci-0000:05:00.3-usb-0:2.1.3:1.0-port0
1790755112.5875,B,421,22868,-63,/dev/serial/by-path/pci-0000:05:00.3-usb-0:2.1.2:1.0-port0
1790755112.5877,C,412,22867,-67,/dev/serial/by-path/pci-0000:05:00.3-usb-0:2.1.3:1.0-port0
1790755112.5878,A,436,22874,-65,/dev/serial/by-path/pci-0000:05:00.3-usb-0:2.1.1:1.0-port0
1790755112.6200,B,422,22901,-65,/dev/serial/by-path/pci-0000:05:00.3-usb-0:2.1.2:1.0-port0
1790755112.6204,C,413,22900,-64,/dev/serial/by-path/pci-0000:05:00.3-usb-0:2.1.3:1.0-port0
1790755112.6460,A,437,22932,-62,/dev/serial/by-path/pci-0000:05:00.3-usb-0:2.1.1:1.0-port0
1790755112.6650,B,423,22946,-72,/dev/serial/by-path/pci-0000:05:00.3-usb-0:2.1.2:1.0-port0
1790755112.6923,C,414,22972,-65,/dev/serial/by-path/pci-0000:05:00.3-usb-0:2.1.3:1.0-port0
1790755112.6962,A,438,22982,-64,/dev/serial/by-path/pci-0000:05:00.3-usb-0:2.1.1:1.0-port0
1790755112.7121,A,439,22998,-64,/dev/serial/by-path/pci-0000:05:00.3-usb-0:2.1.1:1.0-port0
1790755112.7217,C,415,23001,-66,/dev/serial/by-path/pci-0000:05:00.3-usb-0:2.1.3:1.0-port0
1790755112.7877,C,416,23067,-65,/dev/serial/by-path/pci-0000:05:00.3-usb-0:2.1.3:1.0-port0
1790755112.7881,B,424,23068,-65,/dev/serial/by-path/pci-0000:05:00.3-usb-0:2.1.2:1.0-port0
1790755112.7883,A,440,23075,-61,/dev/serial/by-path/pci-0000:05:00.3-usb-0:2.1.1:1.0-port0
1790755112.8526,B,425,23133,-62,/dev/serial/by-path/pci-0000:05:00.3-usb-0:2.1.2:1.0-port0
1790755112.8527,C,417,23132,-68,/dev/serial/by-path/pci-0000:05:00.3-usb-0:2.1.3:1.0-port0
1790755112.8947,A,441,23181,-65,/dev/serial/by-path/pci-0000:05:00.3-usb-0:2.1.1:1.0-port0
1790755112.8969,A,442,23182,-65,/dev/serial/by-path/pci-0000:05:00.3-usb-0:2.1.1:1.0-port0
1790755112.9117,C,418,23191,-66,/dev/serial/by-path/pci-0000:05:00.3-usb-0:2.1.3:1.0-port0
1790755112.9364,B,426,23218,-65,/dev/serial/by-path/pci-0000:05:00.3-usb-0:2.1.2:1.0-port0
1790755112.9377,A,443,23224,-62,/dev/serial/by-path/pci-0000:05:00.3-usb-0:2.1.1:1.0-port0
1790755112.9383,B,427,23218,-64,/dev/serial/by-path/pci-0000:05:00.3-usb-0:2.1.2:1.0-port0
1790755112.9424,C,419,23222,-66,/dev/serial/by-path/pci-0000:05:00.3-usb-0:2.1.3:1.0-port0
1790755112.9871,B,428,23268,-73,/dev/serial/by-path/pci-0000:05:00.3-usb-0:2.1.2:1.0-port0
1790755112.9923,C,420,23272,-68,/dev/serial/by-path/pci-0000:05:00.3-usb-0:2.1.3:1.0-port0
1790755112.9965,A,444,23283,-63,/dev/serial/by-path/pci-0000:05:00.3-usb-0:2.1.1:1.0-port0
1790755113.0361,A,445,23322,-65,/dev/serial/by-path/pci-0000:05:00.3-usb-0:2.1.1:1.0-port0
1790755113.0362,B,429,23317,-62,/dev/serial/by-path/pci-0000:05:00.3-usb-0:2.1.2:1.0-port0
1790755113.0364,C,421,23316,-69,/dev/serial/by-path/pci-0000:05:00.3-usb-0:2.1.3:1.0-port0
1790755113.0775,C,422,23357,-66,/dev/serial/by-path/pci-0000:05:00.3-usb-0:2.1.3:1.0-port0
1790755113.0905,B,430,23371,-65,/dev/serial/by-path/pci-0000:05:00.3-usb-0:2.1.2:1.0-port0
1790755113.0963,A,446,23382,-62,/dev/serial/by-path/pci-0000:05:00.3-usb-0:2.1.1:1.0-port0
1790755113.1278,C,423,23407,-66,/dev/serial/by-path/pci-0000:05:00.3-usb-0:2.1.3:1.0-port0
1790755113.1279,B,431,23408,-72,/dev/serial/by-path/pci-0000:05:00.3-usb-0:2.1.2:1.0-port0
1790755113.1283,A,447,23414,-63,/dev/serial/by-path/pci-0000:05:00.3-usb-0:2.1.1:1.0-port0
1790755113.1687,A,448,23455,-65,/dev/serial/by-path/pci-0000:05:00.3-usb-0:2.1.1:1.0-port0
1790755113.1691,C,424,23449,-70,/dev/serial/by-path/pci-0000:05:00.3-usb-0:2.1.3:1.0-port0
1790755113.1755,B,432,23456,-63,/dev/serial/by-path/pci-0000:05:00.3-usb-0:2.1.2:1.0-port0
1790755113.2198,C,425,23499,-66,/dev/serial/by-path/pci-0000:05:00.3-usb-0:2.1.3:1.0-port0
1790755113.2232,A,449,23509,-62,/dev/serial/by-path/pci-0000:05:00.3-usb-0:2.1.1:1.0-port0
1790755113.2405,B,433,23521,-65,/dev/serial/by-path/pci-0000:05:00.3-usb-0:2.1.2:1.0-port0
1790755113.2693,A,450,23555,-63,/dev/serial/by-path/pci-0000:05:00.3-usb-0:2.1.1:1.0-port0
1790755113.2696,C,426,23549,-68,/dev/serial/by-path/pci-0000:05:00.3-usb-0:2.1.3:1.0-port0
1790755113.2698,B,434,23550,-73,/dev/serial/by-path/pci-0000:05:00.3-usb-0:2.1.2:1.0-port0
1790755113.3040,B,435,23585,-64,/dev/serial/by-path/pci-0000:05:00.3-usb-0:2.1.2:1.0-port0
1790755113.3247,A,451,23611,-65,/dev/serial/by-path/pci-0000:05:00.3-usb-0:2.1.1:1.0-port0
1790755113.3252,C,427,23604,-71,/dev/serial/by-path/pci-0000:05:00.3-usb-0:2.1.3:1.0-port0
1790755113.3410,B,436,23622,-65,/dev/serial/by-path/pci-0000:05:00.3-usb-0:2.1.2:1.0-port0
1790755113.3419,C,428,23622,-71,/dev/serial/by-path/pci-0000:05:00.3-usb-0:2.1.3:1.0-port0
1790755113.3460,A,452,23632,-65,/dev/serial/by-path/pci-0000:05:00.3-usb-0:2.1.1:1.0-port0
1790755113.3823,A,453,23668,-62,/dev/serial/by-path/pci-0000:05:00.3-usb-0:2.1.1:1.0-port0
1790755113.3826,C,429,23662,-64,/dev/serial/by-path/pci-0000:05:00.3-usb-0:2.1.3:1.0-port0
1790755113.3907,B,437,23671,-65,/dev/serial/by-path/pci-0000:05:00.3-usb-0:2.1.2:1.0-port0
1790755113.4272,A,454,23713,-63,/dev/serial/by-path/pci-0000:05:00.3-usb-0:2.1.1:1.0-port0
1790755113.4276,C,430,23707,-65,/dev/serial/by-path/pci-0000:05:00.3-usb-0:2.1.3:1.0-port0
1790755113.4278,B,438,23708,-78,/dev/serial/by-path/pci-0000:05:00.3-usb-0:2.1.2:1.0-port0
1790755113.4812,A,455,23767,-64,/dev/serial/by-path/pci-0000:05:00.3-usb-0:2.1.1:1.0-port0
1790755113.4815,C,431,23761,-66,/dev/serial/by-path/pci-0000:05:00.3-usb-0:2.1.3:1.0-port0
1790755113.4818,B,439,23762,-65,/dev/serial/by-path/pci-0000:05:00.3-usb-0:2.1.2:1.0-port0
1790755113.5052,B,440,23786,-65,/dev/serial/by-path/pci-0000:05:00.3-usb-0:2.1.2:1.0-port0
1790755113.5281,C,432,23807,-62,/dev/serial/by-path/pci-0000:05:00.3-usb-0:2.1.3:1.0-port0
1790755113.5282,A,456,23814,-61,/dev/serial/by-path/pci-0000:05:00.3-usb-0:2.1.1:1.0-port0
1790755113.5463,A,457,23832,-61,/dev/serial/by-path/pci-0000:05:00.3-usb-0:2.1.1:1.0-port0
1790755113.5861,B,441,23867,-82,/dev/serial/by-path/pci-0000:05:00.3-usb-0:2.1.2:1.0-port0
1790755113.5925,C,433,23872,-63,/dev/serial/by-path/pci-0000:05:00.3-usb-0:2.1.3:1.0-port0
1790755113.5962,A,458,23882,-63,/dev/serial/by-path/pci-0000:05:00.3-usb-0:2.1.1:1.0-port0
1790755113.6363,C,434,23916,-64,/dev/serial/by-path/pci-0000:05:00.3-usb-0:2.1.3:1.0-port0
1790755113.6401,B,442,23921,-64,/dev/serial/by-path/pci-0000:05:00.3-usb-0:2.1.2:1.0-port0
1790755113.6456,A,459,23932,-63,/dev/serial/by-path/pci-0000:05:00.3-usb-0:2.1.1:1.0-port0
1790755113.6811,B,443,23962,-65,/dev/serial/by-path/pci-0000:05:00.3-usb-0:2.1.2:1.0-port0
1790755113.6923,C,435,23972,-62,/dev/serial/by-path/pci-0000:05:00.3-usb-0:2.1.3:1.0-port0
1790755113.6964,A,460,23982,-61,/dev/serial/by-path/pci-0000:05:00.3-usb-0:2.1.1:1.0-port0
1790755113.7347,C,436,24014,-63,/dev/serial/by-path/pci-0000:05:00.3-usb-0:2.1.3:1.0-port0
1790755113.7348,B,444,24015,-89,/dev/serial/by-path/pci-0000:05:00.3-usb-0:2.1.2:1.0-port0
1790755113.7353,A,461,24022,-63,/dev/serial/by-path/pci-0000:05:00.3-usb-0:2.1.1:1.0-port0
1790755113.7962,A,462,24082,-63,/dev/serial/by-path/pci-0000:05:00.3-usb-0:2.1.1:1.0-port0
1790755113.8157,A,463,24102,-62,/dev/serial/by-path/pci-0000:05:00.3-usb-0:2.1.1:1.0-port0
1790755113.8307,B,445,24112,-65,/dev/serial/by-path/pci-0000:05:00.3-usb-0:2.1.2:1.0-port0
1790755113.8383,C,437,24118,-61,/dev/serial/by-path/pci-0000:05:00.3-usb-0:2.1.3:1.0-port0
1790755113.8652,B,446,24146,-90,/dev/serial/by-path/pci-0000:05:00.3-usb-0:2.1.2:1.0-port0
1790755113.8655,C,438,24145,-63,/dev/serial/by-path/pci-0000:05:00.3-usb-0:2.1.3:1.0-port0
1790755113.8969,A,464,24183,-63,/dev/serial/by-path/pci-0000:05:00.3-usb-0:2.1.1:1.0-port0
1790755113.9108,A,465,24197,-63,/dev/serial/by-path/pci-0000:05:00.3-usb-0:2.1.1:1.0-port0
1790755113.9112,B,447,24192,-66,/dev/serial/by-path/pci-0000:05:00.3-usb-0:2.1.2:1.0-port0
1790755113.9212,C,439,24201,-64,/dev/serial/by-path/pci-0000:05:00.3-usb-0:2.1.3:1.0-port0
1790755113.9518,C,440,24231,-63,/dev/serial/by-path/pci-0000:05:00.3-usb-0:2.1.3:1.0-port0
1790755113.9521,B,448,24233,-65,/dev/serial/by-path/pci-0000:05:00.3-usb-0:2.1.2:1.0-port0
1790755113.9915,A,466,24278,-61,/dev/serial/by-path/pci-0000:05:00.3-usb-0:2.1.1:1.0-port0
1790755113.9921,C,441,24272,-62,/dev/serial/by-path/pci-0000:05:00.3-usb-0:2.1.3:1.0-port0
1790755113.9952,A,467,24278,-62,/dev/serial/by-path/pci-0000:05:00.3-usb-0:2.1.1:1.0-port0
1790755114.0421,C,442,24322,-64,/dev/serial/by-path/pci-0000:05:00.3-usb-0:2.1.3:1.0-port0
1790755114.0422,A,468,24328,-64,/dev/serial/by-path/pci-0000:05:00.3-usb-0:2.1.1:1.0-port0
1790755114.0905,B,449,24371,-66,/dev/serial/by-path/pci-0000:05:00.3-usb-0:2.1.2:1.0-port0
1790755114.0926,C,443,24372,-64,/dev/serial/by-path/pci-0000:05:00.3-usb-0:2.1.3:1.0-port0
1790755114.0963,A,469,24382,-62,/dev/serial/by-path/pci-0000:05:00.3-usb-0:2.1.1:1.0-port0
1790755114.1333,A,470,24419,-62,/dev/serial/by-path/pci-0000:05:00.3-usb-0:2.1.1:1.0-port0
1790755114.1334,B,450,24414,-65,/dev/serial/by-path/pci-0000:05:00.3-usb-0:2.1.2:1.0-port0
1790755114.1426,C,444,24422,-62,/dev/serial/by-path/pci-0000:05:00.3-usb-0:2.1.3:1.0-port0
1790755114.1807,C,445,24460,-63,/dev/serial/by-path/pci-0000:05:00.3-usb-0:2.1.3:1.0-port0
1790755114.1810,B,451,24462,-89,/dev/serial/by-path/pci-0000:05:00.3-usb-0:2.1.2:1.0-port0
1790755114.1961,A,471,24482,-63,/dev/serial/by-path/pci-0000:05:00.3-usb-0:2.1.1:1.0-port0
1790755114.2405,B,452,24521,-66,/dev/serial/by-path/pci-0000:05:00.3-usb-0:2.1.2:1.0-port0
1790755114.2415,C,446,24521,-64,/dev/serial/by-path/pci-0000:05:00.3-usb-0:2.1.3:1.0-port0
1790755114.2417,A,472,24528,-62,/dev/serial/by-path/pci-0000:05:00.3-usb-0:2.1.1:1.0-port0
1790755114.2707,C,447,24550,-61,/dev/serial/by-path/pci-0000:05:00.3-usb-0:2.1.3:1.0-port0
1790755114.2711,A,473,24557,-61,/dev/serial/by-path/pci-0000:05:00.3-usb-0:2.1.1:1.0-port0
1790755114.3213,B,453,24602,-84,/dev/serial/by-path/pci-0000:05:00.3-usb-0:2.1.2:1.0-port0
1790755114.3409,C,448,24621,-63,/dev/serial/by-path/pci-0000:05:00.3-usb-0:2.1.3:1.0-port0
1790755114.3414,A,474,24627,-63,/dev/serial/by-path/pci-0000:05:00.3-usb-0:2.1.1:1.0-port0
1790755114.3678,B,454,24649,-67,/dev/serial/by-path/pci-0000:05:00.3-usb-0:2.1.2:1.0-port0
1790755114.3682,C,449,24647,-65,/dev/serial/by-path/pci-0000:05:00.3-usb-0:2.1.3:1.0-port0
1790755114.3749,A,475,24661,-63,/dev/serial/by-path/pci-0000:05:00.3-usb-0:2.1.1:1.0-port0
1790755114.4282,A,476,24714,-62,/dev/serial/by-path/pci-0000:05:00.3-usb-0:2.1.1:1.0-port0
1790755114.4284,B,455,24709,-65,/dev/serial/by-path/pci-0000:05:00.3-usb-0:2.1.2:1.0-port0
1790755114.4424,C,450,24722,-63,/dev/serial/by-path/pci-0000:05:00.3-usb-0:2.1.3:1.0-port0
1790755114.4575,B,456,24738,-82,/dev/serial/by-path/pci-0000:05:00.3-usb-0:2.1.2:1.0-port0
1790755114.4581,C,451,24738,-64,/dev/serial/by-path/pci-0000:05:00.3-usb-0:2.1.3:1.0-port0
1790755114.4863,A,477,24772,-63,/dev/serial/by-path/pci-0000:05:00.3-usb-0:2.1.1:1.0-port0
1790755114.4968,B,457,24779,-67,/dev/serial/by-path/pci-0000:05:00.3-usb-0:2.1.2:1.0-port0
1790755114.5333,C,452,24813,-65,/dev/serial/by-path/pci-0000:05:00.3-usb-0:2.1.3:1.0-port0
1790755114.5401,A,478,24826,-62,/dev/serial/by-path/pci-0000:05:00.3-usb-0:2.1.1:1.0-port0
1790755114.5405,B,458,24821,-67,/dev/serial/by-path/pci-0000:05:00.3-usb-0:2.1.2:1.0-port0
1790755114.5424,C,453,24822,-65,/dev/serial/by-path/pci-0000:05:00.3-usb-0:2.1.3:1.0-port0
1790755114.5875,A,479,24874,-63,/dev/serial/by-path/pci-0000:05:00.3-usb-0:2.1.1:1.0-port0
1790755114.5880,C,454,24867,-63,/dev/serial/by-path/pci-0000:05:00.3-usb-0:2.1.3:1.0-port0
1790755114.5904,B,459,24871,-65,/dev/serial/by-path/pci-0000:05:00.3-usb-0:2.1.2:1.0-port0
1790755114.6321,A,480,24918,-64,/dev/serial/by-path/pci-0000:05:00.3-usb-0:2.1.1:1.0-port0
1790755114.6323,C,455,24912,-65,/dev/serial/by-path/pci-0000:05:00.3-usb-0:2.1.3:1.0-port0
1790755114.6405,B,460,24921,-78,/dev/serial/by-path/pci-0000:05:00.3-usb-0:2.1.2:1.0-port0
1790755114.6726,B,461,24953,-66,/dev/serial/by-path/pci-0000:05:00.3-usb-0:2.1.2:1.0-port0
1790755114.6918,A,481,24978,-63,/dev/serial/by-path/pci-0000:05:00.3-usb-0:2.1.1:1.0-port0
1790755114.6923,C,456,24971,-65,/dev/serial/by-path/pci-0000:05:00.3-usb-0:2.1.3:1.0-port0
1790755114.7423,C,457,25022,-63,/dev/serial/by-path/pci-0000:05:00.3-usb-0:2.1.3:1.0-port0
1790755114.7468,A,482,25033,-62,/dev/serial/by-path/pci-0000:05:00.3-usb-0:2.1.1:1.0-port0
1790755114.7657,B,462,25047,-77,/dev/serial/by-path/pci-0000:05:00.3-usb-0:2.1.2:1.0-port0
1790755114.7812,A,483,25067,-64,/dev/serial/by-path/pci-0000:05:00.3-usb-0:2.1.1:1.0-port0
1790755114.7815,C,458,25061,-64,/dev/serial/by-path/pci-0000:05:00.3-usb-0:2.1.3:1.0-port0
1790755114.8102,B,463,25091,-66,/dev/serial/by-path/pci-0000:05:00.3-usb-0:2.1.2:1.0-port0
1790755114.8135,C,459,25093,-65,/dev/serial/by-path/pci-0000:05:00.3-usb-0:2.1.3:1.0-port0
1790755114.8136,A,484,25100,-63,/dev/serial/by-path/pci-0000:05:00.3-usb-0:2.1.1:1.0-port0
1790755114.8827,B,464,25163,-65,/dev/serial/by-path/pci-0000:05:00.3-usb-0:2.1.2:1.0-port0
1790755114.8831,C,460,25162,-64,/dev/serial/by-path/pci-0000:05:00.3-usb-0:2.1.3:1.0-port0
1790755114.8833,A,485,25169,-63,/dev/serial/by-path/pci-0000:05:00.3-usb-0:2.1.1:1.0-port0
1790755114.9087,B,465,25190,-78,/dev/serial/by-path/pci-0000:05:00.3-usb-0:2.1.2:1.0-port0
1790755114.9088,C,461,25188,-64,/dev/serial/by-path/pci-0000:05:00.3-usb-0:2.1.3:1.0-port0
1790755114.9465,A,486,25232,-64,/dev/serial/by-path/pci-0000:05:00.3-usb-0:2.1.1:1.0-port0
1790755114.9597,C,462,25239,-66,/dev/serial/by-path/pci-0000:05:00.3-usb-0:2.1.3:1.0-port0
1790755114.9600,B,466,25241,-65,/dev/serial/by-path/pci-0000:05:00.3-usb-0:2.1.2:1.0-port0
1790755114.9603,A,487,25246,-63,/dev/serial/by-path/pci-0000:05:00.3-usb-0:2.1.1:1.0-port0
1790755115.0044,A,488,25291,-62,/dev/serial/by-path/pci-0000:05:00.3-usb-0:2.1.1:1.0-port0
1790755115.0272,C,463,25307,-64,/dev/serial/by-path/pci-0000:05:00.3-usb-0:2.1.3:1.0-port0
1790755115.0276,B,467,25308,-64,/dev/serial/by-path/pci-0000:05:00.3-usb-0:2.1.2:1.0-port0
1790755115.0612,B,468,25342,-72,/dev/serial/by-path/pci-0000:05:00.3-usb-0:2.1.2:1.0-port0
1790755115.0924,C,464,25372,-63,/dev/serial/by-path/pci-0000:05:00.3-usb-0:2.1.3:1.0-port0
1790755115.0961,A,489,25382,-63,/dev/serial/by-path/pci-0000:05:00.3-usb-0:2.1.1:1.0-port0
1790755115.1005,C,465,25380,-65,/dev/serial/by-path/pci-0000:05:00.3-usb-0:2.1.3:1.0-port0
1790755115.1008,A,490,25387,-63,/dev/serial/by-path/pci-0000:05:00.3-usb-0:2.1.1:1.0-port0
1790755115.1012,B,469,25381,-63,/dev/serial/by-path/pci-0000:05:00.3-usb-0:2.1.2:1.0-port0
1790755115.1488,C,466,25428,-65,/dev/serial/by-path/pci-0000:05:00.3-usb-0:2.1.3:1.0-port0
1790755115.1492,B,470,25430,-64,/dev/serial/by-path/pci-0000:05:00.3-usb-0:2.1.2:1.0-port0
1790755115.1881,C,467,25468,-66,/dev/serial/by-path/pci-0000:05:00.3-usb-0:2.1.3:1.0-port0
1790755115.1885,B,471,25469,-63,/dev/serial/by-path/pci-0000:05:00.3-usb-0:2.1.2:1.0-port0
1790755115.1964,A,491,25482,-61,/dev/serial/by-path/pci-0000:05:00.3-usb-0:2.1.1:1.0-port0
1790755115.2309,A,492,25517,-63,/dev/serial/by-path/pci-0000:05:00.3-usb-0:2.1.1:1.0-port0
1790755115.2314,C,468,25510,-63,/dev/serial/by-path/pci-0000:05:00.3-usb-0:2.1.3:1.0-port0
1790755115.2316,B,472,25512,-69,/dev/serial/by-path/pci-0000:05:00.3-usb-0:2.1.2:1.0-port0
1790755115.2784,B,473,25559,-62,/dev/serial/by-path/pci-0000:05:00.3-usb-0:2.1.2:1.0-port0
1790755115.2924,C,469,25572,-66,/dev/serial/by-path/pci-0000:05:00.3-usb-0:2.1.3:1.0-port0
1790755115.2960,A,493,25582,-63,/dev/serial/by-path/pci-0000:05:00.3-usb-0:2.1.1:1.0-port0
1790755115.3288,C,470,25608,-65,/dev/serial/by-path/pci-0000:05:00.3-usb-0:2.1.3:1.0-port0
1790755115.3404,B,474,25621,-64,/dev/serial/by-path/pci-0000:05:00.3-usb-0:2.1.2:1.0-port0
1790755115.3462,A,494,25632,-60,/dev/serial/by-path/pci-0000:05:00.3-usb-0:2.1.1:1.0-port0
1790755115.3922,C,471,25672,-65,/dev/serial/by-path/pci-0000:05:00.3-usb-0:2.1.3:1.0-port0
1790755115.4174,B,475,25698,-62,/dev/serial/by-path/pci-0000:05:00.3-usb-0:2.1.2:1.0-port0
1790755115.4175,C,472,25697,-66,/dev/serial/by-path/pci-0000:05:00.3-usb-0:2.1.3:1.0-port0
1790755115.4179,A,495,25704,-64,/dev/serial/by-path/pci-0000:05:00.3-usb-0:2.1.1:1.0-port0
1790755115.4769,B,476,25758,-63,/dev/serial/by-path/pci-0000:05:00.3-usb-0:2.1.2:1.0-port0
1790755115.4772,A,496,25763,-62,/dev/serial/by-path/pci-0000:05:00.3-usb-0:2.1.1:1.0-port0
1790755115.4923,C,473,25772,-65,/dev/serial/by-path/pci-0000:05:00.3-usb-0:2.1.3:1.0-port0
1790755115.5183,C,474,25799,-64,/dev/serial/by-path/pci-0000:05:00.3-usb-0:2.1.3:1.0-port0
1790755115.5187,B,477,25800,-67,/dev/serial/by-path/pci-0000:05:00.3-usb-0:2.1.2:1.0-port0
1790755115.5189,A,497,25805,-63,/dev/serial/by-path/pci-0000:05:00.3-usb-0:2.1.1:1.0-port0
1790755115.5526,A,498,25839,-64,/dev/serial/by-path/pci-0000:05:00.3-usb-0:2.1.1:1.0-port0
1790755115.5774,C,475,25857,-66,/dev/serial/by-path/pci-0000:05:00.3-usb-0:2.1.3:1.0-port0
1790755115.5777,B,478,25858,-61,/dev/serial/by-path/pci-0000:05:00.3-usb-0:2.1.2:1.0-port0
1790755115.6164,B,479,25897,-63,/dev/serial/by-path/pci-0000:05:00.3-usb-0:2.1.2:1.0-port0
1790755115.6273,A,499,25913,-61,/dev/serial/by-path/pci-0000:05:00.3-usb-0:2.1.1:1.0-port0
1790755115.6276,C,476,25907,-66,/dev/serial/by-path/pci-0000:05:00.3-usb-0:2.1.3:1.0-port0
1790755115.6423,C,477,25922,-66,/dev/serial/by-path/pci-0000:05:00.3-usb-0:2.1.3:1.0-port0
1790755115.6462,A,500,25932,-61,/dev/serial/by-path/pci-0000:05:00.3-usb-0:2.1.1:1.0-port0
1790755115.6904,B,480,25971,-67,/dev/serial/by-path/pci-0000:05:00.3-usb-0:2.1.2:1.0-port0
1790755115.6926,C,478,25972,-64,/dev/serial/by-path/pci-0000:05:00.3-usb-0:2.1.3:1.0-port0
1790755115.6960,A,501,25982,-64,/dev/serial/by-path/pci-0000:05:00.3-usb-0:2.1.1:1.0-port0
1790755115.7231,C,479,26003,-66,/dev/serial/by-path/pci-0000:05:00.3-usb-0:2.1.3:1.0-port0
1790755115.7234,B,481,26004,-61,/dev/serial/by-path/pci-0000:05:00.3-usb-0:2.1.2:1.0-port0
1790755115.7363,A,502,26022,-65,/dev/serial/by-path/pci-0000:05:00.3-usb-0:2.1.1:1.0-port0
1790755115.7891,B,482,26070,-62,/dev/serial/by-path/pci-0000:05:00.3-usb-0:2.1.2:1.0-port0
1790755115.7904,A,503,26076,-61,/dev/serial/by-path/pci-0000:05:00.3-usb-0:2.1.1:1.0-port0
1790755115.7925,C,480,26072,-65,/dev/serial/by-path/pci-0000:05:00.3-usb-0:2.1.3:1.0-port0
1790755115.8173,C,481,26097,-64,/dev/serial/by-path/pci-0000:05:00.3-usb-0:2.1.3:1.0-port0
1790755115.8177,B,483,26098,-66,/dev/serial/by-path/pci-0000:05:00.3-usb-0:2.1.2:1.0-port0
1790755115.8179,A,504,26103,-63,/dev/serial/by-path/pci-0000:05:00.3-usb-0:2.1.1:1.0-port0
1790755115.8905,B,484,26171,-61,/dev/serial/by-path/pci-0000:05:00.3-usb-0:2.1.2:1.0-port0
1790755115.8908,C,482,26171,-65,/dev/serial/by-path/pci-0000:05:00.3-usb-0:2.1.3:1.0-port0
1790755115.8912,A,505,26177,-65,/dev/serial/by-path/pci-0000:05:00.3-usb-0:2.1.1:1.0-port0
1790755115.9037,A,506,26190,-61,/dev/serial/by-path/pci-0000:05:00.3-usb-0:2.1.1:1.0-port0
1790755115.9334,B,485,26214,-63,/dev/serial/by-path/pci-0000:05:00.3-usb-0:2.1.2:1.0-port0
1790755115.9415,C,483,26221,-64,/dev/serial/by-path/pci-0000:05:00.3-usb-0:2.1.3:1.0-port0
1790755115.9442,A,507,26230,-61,/dev/serial/by-path/pci-0000:05:00.3-usb-0:2.1.1:1.0-port0
1790755115.9628,B,486,26244,-66,/dev/serial/by-path/pci-0000:05:00.3-usb-0:2.1.2:1.0-port0
1790755115.9961,A,508,26282,-64,/dev/serial/by-path/pci-0000:05:00.3-usb-0:2.1.1:1.0-port0
1790755116.0453,A,509,26332,-65,/dev/serial/by-path/pci-0000:05:00.3-usb-0:2.1.1:1.0-port0
1790755116.0813,A,510,26367,-62,/dev/serial/by-path/pci-0000:05:00.3-usb-0:2.1.1:1.0-port0
1790755116.0815,C,484,26361,-64,/dev/serial/by-path/pci-0000:05:00.3-usb-0:2.1.3:1.0-port0
1790755116.0905,B,487,26371,-62,/dev/serial/by-path/pci-0000:05:00.3-usb-0:2.1.2:1.0-port0
1790755116.1247,C,485,26404,-64,/dev/serial/by-path/pci-0000:05:00.3-usb-0:2.1.3:1.0-port0
1790755116.1284,A,511,26414,-63,/dev/serial/by-path/pci-0000:05:00.3-usb-0:2.1.1:1.0-port0
1790755116.1405,B,488,26421,-65,/dev/serial/by-path/pci-0000:05:00.3-usb-0:2.1.2:1.0-port0
1790755116.1687,A,512,26455,-65,/dev/serial/by-path/pci-0000:05:00.3-usb-0:2.1.1:1.0-port0
1790755116.1905,B,489,26471,-61,/dev/serial/by-path/pci-0000:05:00.3-usb-0:2.1.2:1.0-port0
1790755116.1922,C,486,26472,-65,/dev/serial/by-path/pci-0000:05:00.3-usb-0:2.1.3:1.0-port0
1790755116.2183,C,487,26498,-64,/dev/serial/by-path/pci-0000:05:00.3-usb-0:2.1.3:1.0-port0
1790755116.2186,B,490,26499,-62,/dev/serial/by-path/pci-0000:05:00.3-usb-0:2.1.2:1.0-port0
1790755116.2189,A,513,26504,-61,/dev/serial/by-path/pci-0000:05:00.3-usb-0:2.1.1:1.0-port0
1790755116.2959,A,514,26582,-63,/dev/serial/by-path/pci-0000:05:00.3-usb-0:2.1.1:1.0-port0
1790755116.3022,B,491,26583,-61,/dev/serial/by-path/pci-0000:05:00.3-usb-0:2.1.2:1.0-port0
1790755116.3368,C,488,26616,-64,/dev/serial/by-path/pci-0000:05:00.3-usb-0:2.1.3:1.0-port0
1790755116.3373,A,515,26624,-65,/dev/serial/by-path/pci-0000:05:00.3-usb-0:2.1.1:1.0-port0
1790755116.3404,B,492,26621,-61,/dev/serial/by-path/pci-0000:05:00.3-usb-0:2.1.2:1.0-port0
1790755116.3856,B,493,26666,-62,/dev/serial/by-path/pci-0000:05:00.3-usb-0:2.1.2:1.0-port0
1790755116.3857,A,516,26672,-61,/dev/serial/by-path/pci-0000:05:00.3-usb-0:2.1.1:1.0-port0
1790755116.3923,C,489,26672,-63,/dev/serial/by-path/pci-0000:05:00.3-usb-0:2.1.3:1.0-port0
1790755116.4404,B,494,26721,-65,/dev/serial/by-path/pci-0000:05:00.3-usb-0:2.1.2:1.0-port0
1790755116.4425,C,490,26722,-64,/dev/serial/by-path/pci-0000:05:00.3-usb-0:2.1.3:1.0-port0
1790755116.4460,A,517,26732,-63,/dev/serial/by-path/pci-0000:05:00.3-usb-0:2.1.1:1.0-port0
1790755116.4720,B,495,26753,-61,/dev/serial/by-path/pci-0000:05:00.3-usb-0:2.1.2:1.0-port0
1790755116.4926,C,491,26772,-65,/dev/serial/by-path/pci-0000:05:00.3-usb-0:2.1.3:1.0-port0
1790755116.4963,A,518,26782,-66,/dev/serial/by-path/pci-0000:05:00.3-usb-0:2.1.1:1.0-port0
1790755116.5205,C,492,26801,-63,/dev/serial/by-path/pci-0000:05:00.3-usb-0:2.1.3:1.0-port0
1790755116.5208,B,496,26802,-62,/dev/serial/by-path/pci-0000:05:00.3-usb-0:2.1.2:1.0-port0
1790755116.5213,A,519,26808,-61,/dev/serial/by-path/pci-0000:05:00.3-usb-0:2.1.1:1.0-port0
1790755116.5710,C,493,26850,-63,/dev/serial/by-path/pci-0000:05:00.3-usb-0:2.1.3:1.0-port0
1790755116.5713,B,497,26852,-64,/dev/serial/by-path/pci-0000:05:00.3-usb-0:2.1.2:1.0-port0
1790755116.5715,A,520,26857,-64,/dev/serial/by-path/pci-0000:05:00.3-usb-0:2.1.1:1.0-port0
1790755116.6167,A,521,26903,-66,/dev/serial/by-path/pci-0000:05:00.3-usb-0:2.1.1:1.0-port0
1790755116.6171,B,498,26898,-60,/dev/serial/by-path/pci-0000:05:00.3-usb-0:2.1.2:1.0-port0
1790755116.6172,C,494,26896,-64,/dev/serial/by-path/pci-0000:05:00.3-usb-0:2.1.3:1.0-port0
1790755116.6791,B,499,26960,-62,/dev/serial/by-path/pci-0000:05:00.3-usb-0:2.1.2:1.0-port0
1790755116.6793,C,495,26959,-63,/dev/serial/by-path/pci-0000:05:00.3-usb-0:2.1.3:1.0-port0
1790755116.6797,A,522,26966,-61,/dev/serial/by-path/pci-0000:05:00.3-usb-0:2.1.1:1.0-port0
1790755116.7037,C,496,26983,-64,/dev/serial/by-path/pci-0000:05:00.3-usb-0:2.1.3:1.0-port0
1790755116.7040,B,500,26985,-65,/dev/serial/by-path/pci-0000:05:00.3-usb-0:2.1.2:1.0-port0
1790755116.7449,A,523,27032,-63,/dev/serial/by-path/pci-0000:05:00.3-usb-0:2.1.1:1.0-port0
1790755116.7472,A,524,27032,-63,/dev/serial/by-path/pci-0000:05:00.3-usb-0:2.1.1:1.0-port0
1790755116.7521,B,501,27033,-61,/dev/serial/by-path/pci-0000:05:00.3-usb-0:2.1.2:1.0-port0
1790755116.7862,B,502,27067,-60,/dev/serial/by-path/pci-0000:05:00.3-usb-0:2.1.2:1.0-port0
1790755116.7922,C,497,27072,-64,/dev/serial/by-path/pci-0000:05:00.3-usb-0:2.1.3:1.0-port0
1790755116.7962,A,525,27082,-65,/dev/serial/by-path/pci-0000:05:00.3-usb-0:2.1.1:1.0-port0
1790755116.8362,B,503,27117,-61,/dev/serial/by-path/pci-0000:05:00.3-usb-0:2.1.2:1.0-port0
1790755116.8366,C,498,27116,-62,/dev/serial/by-path/pci-0000:05:00.3-usb-0:2.1.3:1.0-port0
1790755116.8367,A,526,27123,-61,/dev/serial/by-path/pci-0000:05:00.3-usb-0:2.1.1:1.0-port0
1790755116.8850,B,504,27165,-66,/dev/serial/by-path/pci-0000:05:00.3-usb-0:2.1.2:1.0-port0
1790755116.8852,C,499,27164,-64,/dev/serial/by-path/pci-0000:05:00.3-usb-0:2.1.3:1.0-port0
1790755116.8855,A,527,27172,-64,/dev/serial/by-path/pci-0000:05:00.3-usb-0:2.1.1:1.0-port0
1790755116.9224,B,505,27203,-60,/dev/serial/by-path/pci-0000:05:00.3-usb-0:2.1.2:1.0-port0
1790755116.9226,A,528,27209,-65,/dev/serial/by-path/pci-0000:05:00.3-usb-0:2.1.1:1.0-port0
1790755116.9324,C,500,27212,-63,/dev/serial/by-path/pci-0000:05:00.3-usb-0:2.1.3:1.0-port0
1790755116.9771,C,501,27257,-62,/dev/serial/by-path/pci-0000:05:00.3-usb-0:2.1.3:1.0-port0
1790755116.9774,B,506,27258,-61,/dev/serial/by-path/pci-0000:05:00.3-usb-0:2.1.2:1.0-port0
1790755116.9776,A,529,27263,-61,/dev/serial/by-path/pci-0000:05:00.3-usb-0:2.1.1:1.0-port0
1790755117.0176,A,530,27304,-62,/dev/serial/by-path/pci-0000:05:00.3-usb-0:2.1.1:1.0-port0
1790755117.0406,B,507,27321,-65,/dev/serial/by-path/pci-0000:05:00.3-usb-0:2.1.2:1.0-port0
1790755117.0424,C,502,27322,-64,/dev/serial/by-path/pci-0000:05:00.3-usb-0:2.1.3:1.0-port0
1790755117.0652,B,508,27346,-98,/dev/serial/by-path/pci-0000:05:00.3-usb-0:2.1.2:1.0-port0
1790755117.0745,C,503,27354,-64,/dev/serial/by-path/pci-0000:05:00.3-usb-0:2.1.3:1.0-port0
1790755117.0752,A,531,27362,-65,/dev/serial/by-path/pci-0000:05:00.3-usb-0:2.1.1:1.0-port0
1790755117.1358,B,509,27417,-60,/dev/serial/by-path/pci-0000:05:00.3-usb-0:2.1.2:1.0-port0
1790755117.1424,C,504,27422,-65,/dev/serial/by-path/pci-0000:05:00.3-usb-0:2.1.3:1.0-port0
1790755117.1445,A,532,27430,-62,/dev/serial/by-path/pci-0000:05:00.3-usb-0:2.1.1:1.0-port0
1790755117.1524,B,510,27433,-65,/dev/serial/by-path/pci-0000:05:00.3-usb-0:2.1.2:1.0-port0
1790755117.1711,A,533,27457,-63,/dev/serial/by-path/pci-0000:05:00.3-usb-0:2.1.1:1.0-port0
1790755117.1714,C,505,27450,-65,/dev/serial/by-path/pci-0000:05:00.3-usb-0:2.1.3:1.0-port0
1790755117.2006,B,511,27481,-60,/dev/serial/by-path/pci-0000:05:00.3-usb-0:2.1.2:1.0-port0
1790755117.2385,C,506,27518,-66,/dev/serial/by-path/pci-0000:05:00.3-usb-0:2.1.3:1.0-port0
1790755117.2388,A,534,27525,-65,/dev/serial/by-path/pci-0000:05:00.3-usb-0:2.1.1:1.0-port0
1790755117.2517,B,512,27533,-61,/dev/serial/by-path/pci-0000:05:00.3-usb-0:2.1.2:1.0-port0
1790755117.2923,C,507,27572,-65,/dev/serial/by-path/pci-0000:05:00.3-usb-0:2.1.3:1.0-port0
1790755117.2961,A,535,27582,-60,/dev/serial/by-path/pci-0000:05:00.3-usb-0:2.1.1:1.0-port0
1790755117.3345,C,508,27614,-64,/dev/serial/by-path/pci-0000:05:00.3-usb-0:2.1.3:1.0-port0
1790755117.3404,B,513,27621,-65,/dev/serial/by-path/pci-0000:05:00.3-usb-0:2.1.2:1.0-port0
1790755117.3465,A,536,27632,-62,/dev/serial/by-path/pci-0000:05:00.3-usb-0:2.1.1:1.0-port0
1790755117.3769,C,509,27656,-68,/dev/serial/by-path/pci-0000:05:00.3-usb-0:2.1.3:1.0-port0
1790755117.3774,A,537,27664,-65,/dev/serial/by-path/pci-0000:05:00.3-usb-0:2.1.1:1.0-port0
1790755117.3776,B,514,27659,-61,/dev/serial/by-path/pci-0000:05:00.3-usb-0:2.1.2:1.0-port0
1790755117.4248,B,515,27706,-61,/dev/serial/by-path/pci-0000:05:00.3-usb-0:2.1.2:1.0-port0
1790755117.4251,A,538,27711,-61,/dev/serial/by-path/pci-0000:05:00.3-usb-0:2.1.1:1.0-port0
1790755117.4254,C,510,27705,-65,/dev/serial/by-path/pci-0000:05:00.3-usb-0:2.1.3:1.0-port0
1790755117.4742,B,516,27755,-66,/dev/serial/by-path/pci-0000:05:00.3-usb-0:2.1.2:1.0-port0
1790755117.4922,C,511,27772,-62,/dev/serial/by-path/pci-0000:05:00.3-usb-0:2.1.3:1.0-port0
1790755117.4961,A,539,27782,-63,/dev/serial/by-path/pci-0000:05:00.3-usb-0:2.1.1:1.0-port0
1790755117.5169,C,512,27796,-66,/dev/serial/by-path/pci-0000:05:00.3-usb-0:2.1.3:1.0-port0
1790755117.5174,B,517,27798,-61,/dev/serial/by-path/pci-0000:05:00.3-usb-0:2.1.2:1.0-port0
1790755117.5177,A,540,27803,-64,/dev/serial/by-path/pci-0000:05:00.3-usb-0:2.1.1:1.0-port0
1790755117.5612,A,541,27847,-61,/dev/serial/by-path/pci-0000:05:00.3-usb-0:2.1.1:1.0-port0
1790755117.5820,B,518,27863,-62,/dev/serial/by-path/pci-0000:05:00.3-usb-0:2.1.2:1.0-port0
1790755117.5923,C,513,27872,-64,/dev/serial/by-path/pci-0000:05:00.3-usb-0:2.1.3:1.0-port0
1790755117.6133,A,542,27900,-63,/dev/serial/by-path/pci-0000:05:00.3-usb-0:2.1.1:1.0-port0
1790755117.6136,C,514,27893,-63,/dev/serial/by-path/pci-0000:05:00.3-usb-0:2.1.3:1.0-port0
1790755117.6137,B,519,27895,-67,/dev/serial/by-path/pci-0000:05:00.3-usb-0:2.1.2:1.0-port0
1790755117.6650,C,515,27944,-66,/dev/serial/by-path/pci-0000:05:00.3-usb-0:2.1.3:1.0-port0
1790755117.6652,B,520,27946,-61,/dev/serial/by-path/pci-0000:05:00.3-usb-0:2.1.2:1.0-port0
1790755117.6958,A,543,27982,-64,/dev/serial/by-path/pci-0000:05:00.3-usb-0:2.1.1:1.0-port0
1790755117.7083,A,544,27994,-60,/dev/serial/by-path/pci-0000:05:00.3-usb-0:2.1.1:1.0-port0
1790755117.7087,B,521,27989,-61,/dev/serial/by-path/pci-0000:05:00.3-usb-0:2.1.2:1.0-port0
1790755117.7091,C,516,27988,-64,/dev/serial/by-path/pci-0000:05:00.3-usb-0:2.1.3:1.0-port0
1790755117.7678,B,522,28049,-65,/dev/serial/by-path/pci-0000:05:00.3-usb-0:2.1.2:1.0-port0
1790755117.7923,C,517,28072,-61,/dev/serial/by-path/pci-0000:05:00.3-usb-0:2.1.3:1.0-port0
1790755117.7961,A,545,28082,-62,/dev/serial/by-path/pci-0000:05:00.3-usb-0:2.1.1:1.0-port0
1790755117.8444,A,546,28130,-64,/dev/serial/by-path/pci-0000:05:00.3-usb-0:2.1.1:1.0-port0
1790755117.8515,B,523,28132,-61,/dev/serial/by-path/pci-0000:05:00.3-usb-0:2.1.2:1.0-port0
1790755117.8913,B,524,28172,-61,/dev/serial/by-path/pci-0000:05:00.3-usb-0:2.1.2:1.0-port0
1790755117.8928,C,518,28172,-65,/dev/serial/by-path/pci-0000:05:00.3-usb-0:2.1.3:1.0-port0
1790755117.8952,A,547,28181,-61,/dev/serial/by-path/pci-0000:05:00.3-usb-0:2.1.1:1.0-port0
1790755117.9315,B,525,28212,-65,/dev/serial/by-path/pci-0000:05:00.3-usb-0:2.1.2:1.0-port0
1790755117.9348,C,519,28214,-65,/dev/serial/by-path/pci-0000:05:00.3-usb-0:2.1.3:1.0-port0
1790755117.9349,A,548,28221,-62,/dev/serial/by-path/pci-0000:05:00.3-usb-0:2.1.1:1.0-port0
1790755117.9706,C,520,28250,-66,/dev/serial/by-path/pci-0000:05:00.3-usb-0:2.1.3:1.0-port0
1790755117.9707,A,549,28257,-64,/dev/serial/by-path/pci-0000:05:00.3-usb-0:2.1.1:1.0-port0
1790755117.9824,B,526,28263,-61,/dev/serial/by-path/pci-0000:05:00.3-usb-0:2.1.2:1.0-port0
1790755118.0207,C,521,28300,-62,/dev/serial/by-path/pci-0000:05:00.3-usb-0:2.1.3:1.0-port0
1790755118.0211,B,527,28301,-61,/dev/serial/by-path/pci-0000:05:00.3-usb-0:2.1.2:1.0-port0
1790755118.0214,A,550,28307,-61,/dev/serial/by-path/pci-0000:05:00.3-usb-0:2.1.1:1.0-port0
1790755118.0848,B,528,28366,-65,/dev/serial/by-path/pci-0000:05:00.3-usb-0:2.1.2:1.0-port0
1790755118.0923,C,522,28372,-61,/dev/serial/by-path/pci-0000:05:00.3-usb-0:2.1.3:1.0-port0
1790755118.0964,A,551,28382,-63,/dev/serial/by-path/pci-0000:05:00.3-usb-0:2.1.1:1.0-port0
1790755118.1115,B,529,28392,-61,/dev/serial/by-path/pci-0000:05:00.3-usb-0:2.1.2:1.0-port0
1790755118.1154,C,523,28395,-64,/dev/serial/by-path/pci-0000:05:00.3-usb-0:2.1.3:1.0-port0
1790755118.1155,A,552,28402,-64,/dev/serial/by-path/pci-0000:05:00.3-usb-0:2.1.1:1.0-port0
1790755118.1634,B,530,28444,-62,/dev/serial/by-path/pci-0000:05:00.3-usb-0:2.1.2:1.0-port0
1790755118.1637,C,524,28443,-64,/dev/serial/by-path/pci-0000:05:00.3-usb-0:2.1.3:1.0-port0
1790755118.1637,A,553,28449,-60,/dev/serial/by-path/pci-0000:05:00.3-usb-0:2.1.1:1.0-port0
1790755118.2273,C,525,28507,-62,/dev/serial/by-path/pci-0000:05:00.3-usb-0:2.1.3:1.0-port0
1790755118.2275,B,531,28508,-66,/dev/serial/by-path/pci-0000:05:00.3-usb-0:2.1.2:1.0-port0
1790755118.2278,A,554,28514,-62,/dev/serial/by-path/pci-0000:05:00.3-usb-0:2.1.1:1.0-port0
1790755118.2466,A,555,28532,-63,/dev/serial/by-path/pci-0000:05:00.3-usb-0:2.1.1:1.0-port0
1790755118.2924,C,526,28572,-65,/dev/serial/by-path/pci-0000:05:00.3-usb-0:2.1.3:1.0-port0
1790755118.2962,A,556,28582,-64,/dev/serial/by-path/pci-0000:05:00.3-usb-0:2.1.1:1.0-port0
1790755118.3410,B,532,28622,-61,/dev/serial/by-path/pci-0000:05:00.3-usb-0:2.1.2:1.0-port0
1790755118.3425,C,527,28622,-64,/dev/serial/by-path/pci-0000:05:00.3-usb-0:2.1.3:1.0-port0
1790755118.3462,A,557,28632,-61,/dev/serial/by-path/pci-0000:05:00.3-usb-0:2.1.1:1.0-port0
1790755118.3823,B,533,28663,-67,/dev/serial/by-path/pci-0000:05:00.3-usb-0:2.1.2:1.0-port0
1790755118.3826,A,558,28668,-63,/dev/serial/by-path/pci-0000:05:00.3-usb-0:2.1.1:1.0-port0
1790755118.3828,C,528,28662,-63,/dev/serial/by-path/pci-0000:05:00.3-usb-0:2.1.3:1.0-port0
1790755118.4219,B,534,28703,-61,/dev/serial/by-path/pci-0000:05:00.3-usb-0:2.1.2:1.0-port0
1790755118.4312,C,529,28710,-65,/dev/serial/by-path/pci-0000:05:00.3-usb-0:2.1.3:1.0-port0
1790755118.4318,A,559,28718,-64,/dev/serial/by-path/pci-0000:05:00.3-usb-0:2.1.1:1.0-port0
1790755118.4725,C,530,28752,-64,/dev/serial/by-path/pci-0000:05:00.3-usb-0:2.1.3:1.0-port0
1790755118.4728,B,535,28754,-62,/dev/serial/by-path/pci-0000:05:00.3-usb-0:2.1.2:1.0-port0
1790755118.4730,A,560,28759,-60,/dev/serial/by-path/pci-0000:05:00.3-usb-0:2.1.1:1.0-port0
1790755118.5404,B,536,28821,-66,/dev/serial/by-path/pci-0000:05:00.3-usb-0:2.1.2:1.0-port0
1790755118.5422,C,531,28822,-63,/dev/serial/by-path/pci-0000:05:00.3-usb-0:2.1.3:1.0-port0
1790755118.5461,A,561,28832,-63,/dev/serial/by-path/pci-0000:05:00.3-usb-0:2.1.1:1.0-port0
1790755118.5610,A,562,28847,-65,/dev/serial/by-path/pci-0000:05:00.3-usb-0:2.1.1:1.0-port0
1790755118.5613,B,537,28842,-60,/dev/serial/by-path/pci-0000:05:00.3-usb-0:2.1.2:1.0-port0
1790755118.5617,C,532,28841,-65,/dev/serial/by-path/pci-0000:05:00.3-usb-0:2.1.3:1.0-port0
1790755118.6061,B,538,28888,-62,/dev/serial/by-path/pci-0000:05:00.3-usb-0:2.1.2:1.0-port0
1790755118.6064,C,533,28886,-64,/dev/serial/by-path/pci-0000:05:00.3-usb-0:2.1.3:1.0-port0
1790755118.6067,A,563,28893,-61,/dev/serial/by-path/pci-0000:05:00.3-usb-0:2.1.1:1.0-port0
1790755118.6526,B,539,28933,-65,/dev/serial/by-path/pci-0000:05:00.3-usb-0:2.1.2:1.0-port0
1790755118.6531,C,534,28932,-63,/dev/serial/by-path/pci-0000:05:00.3-usb-0:2.1.3:1.0-port0
1790755118.6532,A,564,28939,-63,/dev/serial/by-path/pci-0000:05:00.3-usb-0:2.1.1:1.0-port0
1790755118.7100,B,540,28991,-60,/dev/serial/by-path/pci-0000:05:00.3-usb-0:2.1.2:1.0-port0
1790755118.7103,C,535,28990,-67,/dev/serial/by-path/pci-0000:05:00.3-usb-0:2.1.3:1.0-port0
1790755118.7654,C,536,29045,-65,/dev/serial/by-path/pci-0000:05:00.3-usb-0:2.1.3:1.0-port0
1790755118.7658,A,565,29051,-61,/dev/serial/by-path/pci-0000:05:00.3-usb-0:2.1.1:1.0-port0
1790755118.7660,B,541,29046,-62,/dev/serial/by-path/pci-0000:05:00.3-usb-0:2.1.2:1.0-port0
1790755118.7900,B,542,29071,-62,/dev/serial/by-path/pci-0000:05:00.3-usb-0:2.1.2:1.0-port0
1790755118.7903,C,537,29069,-64,/dev/serial/by-path/pci-0000:05:00.3-usb-0:2.1.3:1.0-port0
1790755118.7905,A,566,29077,-61,/dev/serial/by-path/pci-0000:05:00.3-usb-0:2.1.1:1.0-port0
1790755118.8379,B,543,29119,-65,/dev/serial/by-path/pci-0000:05:00.3-usb-0:2.1.2:1.0-port0
1790755118.8399,C,538,29119,-63,/dev/serial/by-path/pci-0000:05:00.3-usb-0:2.1.3:1.0-port0
1790755118.8462,A,567,29132,-63,/dev/serial/by-path/pci-0000:05:00.3-usb-0:2.1.1:1.0-port0
1790755118.8905,B,544,29171,-61,/dev/serial/by-path/pci-0000:05:00.3-usb-0:2.1.2:1.0-port0
1790755118.8924,C,539,29172,-63,/dev/serial/by-path/pci-0000:05:00.3-usb-0:2.1.3:1.0-port0
1790755118.8963,A,568,29182,-64,/dev/serial/by-path/pci-0000:05:00.3-usb-0:2.1.1:1.0-port0
1790755118.9282,B,545,29209,-61,/dev/serial/by-path/pci-0000:05:00.3-usb-0:2.1.2:1.0-port0
1790755118.9289,A,569,29215,-61,/dev/serial/by-path/pci-0000:05:00.3-usb-0:2.1.1:1.0-port0
1790755118.9426,C,540,29222,-63,/dev/serial/by-path/pci-0000:05:00.3-usb-0:2.1.3:1.0-port0
1790755118.9697,A,570,29256,-64,/dev/serial/by-path/pci-0000:05:00.3-usb-0:2.1.1:1.0-port0
1790755118.9699,B,546,29251,-64,/dev/serial/by-path/pci-0000:05:00.3-usb-0:2.1.2:1.0-port0
1790755118.9701,C,541,29249,-62,/dev/serial/by-path/pci-0000:05:00.3-usb-0:2.1.3:1.0-port0
1790755119.0148,B,547,29296,-61,/dev/serial/by-path/pci-0000:05:00.3-usb-0:2.1.2:1.0-port0
1790755119.0195,A,571,29305,-64,/dev/serial/by-path/pci-0000:05:00.3-usb-0:2.1.1:1.0-port0
1790755119.0196,C,542,29299,-97,/dev/serial/by-path/pci-0000:05:00.3-usb-0:2.1.3:1.0-port0
1790755119.0645,A,572,29351,-61,/dev/serial/by-path/pci-0000:05:00.3-usb-0:2.1.1:1.0-port0
1790755119.0649,B,548,29345,-62,/dev/serial/by-path/pci-0000:05:00.3-usb-0:2.1.2:1.0-port0
1790755119.0778,C,543,29357,-63,/dev/serial/by-path/pci-0000:05:00.3-usb-0:2.1.3:1.0-port0
1790755119.1096,A,573,29396,-64,/dev/serial/by-path/pci-0000:05:00.3-usb-0:2.1.1:1.0-port0
1790755119.1101,C,544,29389,-64,/dev/serial/by-path/pci-0000:05:00.3-usb-0:2.1.3:1.0-port0
1790755119.1102,B,549,29391,-65,/dev/serial/by-path/pci-0000:05:00.3-usb-0:2.1.2:1.0-port0
1790755119.1691,C,545,29449,-63,/dev/serial/by-path/pci-0000:05:00.3-usb-0:2.1.3:1.0-port0
1790755119.1696,B,550,29450,-61,/dev/serial/by-path/pci-0000:05:00.3-usb-0:2.1.2:1.0-port0
1790755119.1704,A,574,29457,-65,/dev/serial/by-path/pci-0000:05:00.3-usb-0:2.1.1:1.0-port0
1790755119.2163,B,551,29497,-62,/dev/serial/by-path/pci-0000:05:00.3-usb-0:2.1.2:1.0-port0
1790755119.2164,C,546,29496,-64,/dev/serial/by-path/pci-0000:05:00.3-usb-0:2.1.3:1.0-port0
1790755119.2391,A,575,29525,-62,/dev/serial/by-path/pci-0000:05:00.3-usb-0:2.1.1:1.0-port0
1790755119.2404,B,552,29521,-61,/dev/serial/by-path/pci-0000:05:00.3-usb-0:2.1.2:1.0-port0
1790755119.2422,C,547,29522,-64,/dev/serial/by-path/pci-0000:05:00.3-usb-0:2.1.3:1.0-port0
1790755119.2806,B,553,29562,-65,/dev/serial/by-path/pci-0000:05:00.3-usb-0:2.1.2:1.0-port0
1790755119.2858,C,548,29565,-66,/dev/serial/by-path/pci-0000:05:00.3-usb-0:2.1.3:1.0-port0
1790755119.2864,A,576,29573,-65,/dev/serial/by-path/pci-0000:05:00.3-usb-0:2.1.1:1.0-port0
1790755119.3281,B,554,29609,-61,/dev/serial/by-path/pci-0000:05:00.3-usb-0:2.1.2:1.0-port0
1790755119.3399,A,577,29626,-64,/dev/serial/by-path/pci-0000:05:00.3-usb-0:2.1.1:1.0-port0
1790755119.3402,C,549,29619,-63,/dev/serial/by-path/pci-0000:05:00.3-usb-0:2.1.3:1.0-port0
1790755119.4196,A,578,29706,-64,/dev/serial/by-path/pci-0000:05:00.3-usb-0:2.1.1:1.0-port0
1790755119.4199,C,550,29699,-63,/dev/serial/by-path/pci-0000:05:00.3-usb-0:2.1.3:1.0-port0
1790755119.4208,B,555,29700,-65,/dev/serial/by-path/pci-0000:05:00.3-usb-0:2.1.2:1.0-port0
1790755119.4646,C,551,29744,-64,/dev/serial/by-path/pci-0000:05:00.3-usb-0:2.1.3:1.0-port0
1790755119.4965,A,579,29783,-64,/dev/serial/by-path/pci-0000:05:00.3-usb-0:2.1.1:1.0-port0
1790755119.5123,A,580,29799,-60,/dev/serial/by-path/pci-0000:05:00.3-usb-0:2.1.1:1.0-port0
1790755119.5128,C,552,29792,-65,/dev/serial/by-path/pci-0000:05:00.3-usb-0:2.1.3:1.0-port0
1790755119.5256,B,556,29807,-62,/dev/serial/by-path/pci-0000:05:00.3-usb-0:2.1.2:1.0-port0
1790755119.5560,A,581,29842,-62,/dev/serial/by-path/pci-0000:05:00.3-usb-0:2.1.1:1.0-port0
1790755119.5563,B,557,29836,-66,/dev/serial/by-path/pci-0000:05:00.3-usb-0:2.1.2:1.0-port0
1790755119.5564,C,553,29836,-67,/dev/serial/by-path/pci-0000:05:00.3-usb-0:2.1.3:1.0-port0
1790755119.5963,A,582,29882,-63,/dev/serial/by-path/pci-0000:05:00.3-usb-0:2.1.1:1.0-port0
1790755119.6009,B,558,29882,-61,/dev/serial/by-path/pci-0000:05:00.3-usb-0:2.1.2:1.0-port0
1790755119.6374,B,559,29919,-60,/dev/serial/by-path/pci-0000:05:00.3-usb-0:2.1.2:1.0-port0
1790755119.6423,C,554,29922,-64,/dev/serial/by-path/pci-0000:05:00.3-usb-0:2.1.3:1.0-port0
1790755119.6462,A,583,29932,-65,/dev/serial/by-path/pci-0000:05:00.3-usb-0:2.1.1:1.0-port0
1790755119.6883,C,555,29968,-63,/dev/serial/by-path/pci-0000:05:00.3-usb-0:2.1.3:1.0-port0
1790755119.6887,B,560,29970,-62,/dev/serial/by-path/pci-0000:05:00.3-usb-0:2.1.2:1.0-port0
1790755119.6888,A,584,29975,-62,/dev/serial/by-path/pci-0000:05:00.3-usb-0:2.1.1:1.0-port0
1790755119.7253,B,561,30006,-65,/dev/serial/by-path/pci-0000:05:00.3-usb-0:2.1.2:1.0-port0
1790755119.7257,A,585,30011,-64,/dev/serial/by-path/pci-0000:05:00.3-usb-0:2.1.1:1.0-port0
1790755119.7347,C,556,30014,-63,/dev/serial/by-path/pci-0000:05:00.3-usb-0:2.1.3:1.0-port0
1790755119.7904,B,562,30071,-61,/dev/serial/by-path/pci-0000:05:00.3-usb-0:2.1.2:1.0-port0
1790755119.7921,C,557,30072,-63,/dev/serial/by-path/pci-0000:05:00.3-usb-0:2.1.3:1.0-port0
1790755119.7959,A,586,30082,-64,/dev/serial/by-path/pci-0000:05:00.3-usb-0:2.1.1:1.0-port0
1790755119.8080,B,563,30089,-62,/dev/serial/by-path/pci-0000:05:00.3-usb-0:2.1.2:1.0-port0
1790755119.8210,A,587,30107,-60,/dev/serial/by-path/pci-0000:05:00.3-usb-0:2.1.1:1.0-port0
1790755119.8311,C,558,30111,-63,/dev/serial/by-path/pci-0000:05:00.3-usb-0:2.1.3:1.0-port0
1790755119.8544,B,564,30135,-65,/dev/serial/by-path/pci-0000:05:00.3-usb-0:2.1.2:1.0-port0
1790755119.8923,C,559,30172,-61,/dev/serial/by-path/pci-0000:05:00.3-usb-0:2.1.3:1.0-port0
1790755119.8964,A,588,30182,-63,/dev/serial/by-path/pci-0000:05:00.3-usb-0:2.1.1:1.0-port0
1790755119.9034,C,560,30183,-64,/dev/serial/by-path/pci-0000:05:00.3-usb-0:2.1.3:1.0-port0
1790755119.9038,B,565,30184,-60,/dev/serial/by-path/pci-0000:05:00.3-usb-0:2.1.2:1.0-port0
1790755119.9041,A,589,30189,-63,/dev/serial/by-path/pci-0000:05:00.3-usb-0:2.1.1:1.0-port0
1790755119.9463,A,590,30232,-64,/dev/serial/by-path/pci-0000:05:00.3-usb-0:2.1.1:1.0-port0
1790755119.9839,B,566,30265,-62,/dev/serial/by-path/pci-0000:05:00.3-usb-0:2.1.2:1.0-port0
1790755119.9863,B,567,30266,-62,/dev/serial/by-path/pci-0000:05:00.3-usb-0:2.1.2:1.0-port0
1790755119.9924,C,561,30272,-64,/dev/serial/by-path/pci-0000:05:00.3-usb-0:2.1.3:1.0-port0
1790755119.9960,A,591,30282,-61,/dev/serial/by-path/pci-0000:05:00.3-usb-0:2.1.1:1.0-port0
1790755120.0304,C,562,30310,-62,/dev/serial/by-path/pci-0000:05:00.3-usb-0:2.1.3:1.0-port0
1790755120.0305,B,568,30311,-67,/dev/serial/by-path/pci-0000:05:00.3-usb-0:2.1.2:1.0-port0
1790755120.0308,A,592,30317,-62,/dev/serial/by-path/pci-0000:05:00.3-usb-0:2.1.1:1.0-port0
1790755120.1397,A,593,30426,-61,/dev/serial/by-path/pci-0000:05:00.3-usb-0:2.1.1:1.0-port0
1790755120.1402,B,569,30421,-62,/dev/serial/by-path/pci-0000:05:00.3-usb-0:2.1.2:1.0-port0
1790755120.1405,C,563,30419,-65,/dev/serial/by-path/pci-0000:05:00.3-usb-0:2.1.3:1.0-port0
1790755120.1758,B,570,30457,-66,/dev/serial/by-path/pci-0000:05:00.3-usb-0:2.1.2:1.0-port0
1790755120.1930,C,564,30472,-62,/dev/serial/by-path/pci-0000:05:00.3-usb-0:2.1.3:1.0-port0
1790755120.1960,A,594,30482,-61,/dev/serial/by-path/pci-0000:05:00.3-usb-0:2.1.1:1.0-port0
1790755120.2205,A,595,30507,-63,/dev/serial/by-path/pci-0000:05:00.3-usb-0:2.1.1:1.0-port0
1790755120.2209,B,571,30501,-61,/dev/serial/by-path/pci-0000:05:00.3-usb-0:2.1.2:1.0-port0
1790755120.2269,C,565,30506,-65,/dev/serial/by-path/pci-0000:05:00.3-usb-0:2.1.3:1.0-port0
1790755120.2668,C,566,30546,-66,/dev/serial/by-path/pci-0000:05:00.3-usb-0:2.1.3:1.0-port0
1790755120.2764,A,596,30563,-61,/dev/serial/by-path/pci-0000:05:00.3-usb-0:2.1.1:1.0-port0
1790755120.2766,B,572,30557,-62,/dev/serial/by-path/pci-0000:05:00.3-usb-0:2.1.2:1.0-port0
1790755120.3234,B,573,30604,-66,/dev/serial/by-path/pci-0000:05:00.3-usb-0:2.1.2:1.0-port0
1790755120.3238,A,597,30609,-61,/dev/serial/by-path/pci-0000:05:00.3-usb-0:2.1.1:1.0-port0
1790755120.3241,C,567,30603,-64,/dev/serial/by-path/pci-0000:05:00.3-usb-0:2.1.3:1.0-port0
1790755120.3557,C,568,30635,-64,/dev/serial/by-path/pci-0000:05:00.3-usb-0:2.1.3:1.0-port0
1790755120.3561,B,574,30636,-61,/dev/serial/by-path/pci-0000:05:00.3-usb-0:2.1.2:1.0-port0
1790755120.3563,A,598,30642,-63,/dev/serial/by-path/pci-0000:05:00.3-usb-0:2.1.1:1.0-port0
1790755120.4013,B,575,30682,-62,/dev/serial/by-path/pci-0000:05:00.3-usb-0:2.1.2:1.0-port0
1790755120.4118,A,599,30698,-60,/dev/serial/by-path/pci-0000:05:00.3-usb-0:2.1.1:1.0-port0
1790755120.4423,C,569,30722,-63,/dev/serial/by-path/pci-0000:05:00.3-usb-0:2.1.3:1.0-port0
1790755120.4465,A,600,30732,-61,/dev/serial/by-path/pci-0000:05:00.3-usb-0:2.1.1:1.0-port0
1790755120.4513,B,576,30732,-66,/dev/serial/by-path/pci-0000:05:00.3-usb-0:2.1.2:1.0-port0
1790755120.4905,B,577,30771,-66,/dev/serial/by-path/pci-0000:05:00.3-usb-0:2.1.2:1.0-port0
1790755120.4923,C,570,30772,-62,/dev/serial/by-path/pci-0000:05:00.3-usb-0:2.1.3:1.0-port0
1790755120.4963,A,601,30782,-62,/dev/serial/by-path/pci-0000:05:00.3-usb-0:2.1.1:1.0-port0
1790755120.5276,B,578,30809,-61,/dev/serial/by-path/pci-0000:05:00.3-usb-0:2.1.2:1.0-port0
1790755120.5426,C,571,30822,-64,/dev/serial/by-path/pci-0000:05:00.3-usb-0:2.1.3:1.0-port0
1790755120.5462,A,602,30832,-64,/dev/serial/by-path/pci-0000:05:00.3-usb-0:2.1.1:1.0-port0
1790755120.5716,A,603,30857,-62,/dev/serial/by-path/pci-0000:05:00.3-usb-0:2.1.1:1.0-port0
1790755120.5902,B,579,30871,-62,/dev/serial/by-path/pci-0000:05:00.3-usb-0:2.1.2:1.0-port0
1790755120.5925,C,572,30872,-65,/dev/serial/by-path/pci-0000:05:00.3-usb-0:2.1.3:1.0-port0
1790755120.6149,B,580,30896,-66,/dev/serial/by-path/pci-0000:05:00.3-usb-0:2.1.2:1.0-port0
1790755120.6418,C,573,30922,-63,/dev/serial/by-path/pci-0000:05:00.3-usb-0:2.1.3:1.0-port0
1790755120.6468,A,604,30933,-62,/dev/serial/by-path/pci-0000:05:00.3-usb-0:2.1.1:1.0-port0
1790755120.6526,B,581,30935,-61,/dev/serial/by-path/pci-0000:05:00.3-usb-0:2.1.2:1.0-port0
1790755120.6604,C,574,30940,-64,/dev/serial/by-path/pci-0000:05:00.3-usb-0:2.1.3:1.0-port0
1790755120.6607,A,605,30947,-64,/dev/serial/by-path/pci-0000:05:00.3-usb-0:2.1.1:1.0-port0
1790755120.6994,C,575,30979,-65,/dev/serial/by-path/pci-0000:05:00.3-usb-0:2.1.3:1.0-port0
1790755120.6996,B,582,30980,-62,/dev/serial/by-path/pci-0000:05:00.3-usb-0:2.1.2:1.0-port0
1790755120.7457,A,606,31032,-61,/dev/serial/by-path/pci-0000:05:00.3-usb-0:2.1.1:1.0-port0
1790755120.7462,B,583,31027,-67,/dev/serial/by-path/pci-0000:05:00.3-usb-0:2.1.2:1.0-port0
1790755120.7903,B,584,31071,-67,/dev/serial/by-path/pci-0000:05:00.3-usb-0:2.1.2:1.0-port0
1790755120.7904,C,576,31070,-63,/dev/serial/by-path/pci-0000:05:00.3-usb-0:2.1.3:1.0-port0
1790755120.7962,A,607,31082,-61,/dev/serial/by-path/pci-0000:05:00.3-usb-0:2.1.1:1.0-port0
1790755120.8362,B,585,31117,-61,/dev/serial/by-path/pci-0000:05:00.3-usb-0:2.1.2:1.0-port0
1790755120.8424,C,577,31122,-65,/dev/serial/by-path/pci-0000:05:00.3-usb-0:2.1.3:1.0-port0
1790755120.8463,A,608,31132,-64,/dev/serial/by-path/pci-0000:05:00.3-usb-0:2.1.1:1.0-port0
1790755120.9281,A,609,31214,-61,/dev/serial/by-path/pci-0000:05:00.3-usb-0:2.1.1:1.0-port0
1790755120.9284,C,578,31207,-63,/dev/serial/by-path/pci-0000:05:00.3-usb-0:2.1.3:1.0-port0
1790755120.9287,B,586,31209,-67,/dev/serial/by-path/pci-0000:05:00.3-usb-0:2.1.2:1.0-port0
1790755120.9737,C,579,31253,-64,/dev/serial/by-path/pci-0000:05:00.3-usb-0:2.1.3:1.0-port0
1790755120.9738,B,587,31255,-60,/dev/serial/by-path/pci-0000:05:00.3-usb-0:2.1.2:1.0-port0
1790755120.9942,A,610,31280,-64,/dev/serial/by-path/pci-0000:05:00.3-usb-0:2.1.1:1.0-port0
1790755121.0198,B,588,31301,-61,/dev/serial/by-path/pci-0000:05:00.3-usb-0:2.1.2:1.0-port0
1790755121.0221,A,611,31308,-60,/dev/serial/by-path/pci-0000:05:00.3-usb-0:2.1.1:1.0-port0
1790755121.0239,C,580,31303,-65,/dev/serial/by-path/pci-0000:05:00.3-usb-0:2.1.3:1.0-port0
1790755121.0690,C,581,31349,-63,/dev/serial/by-path/pci-0000:05:00.3-usb-0:2.1.3:1.0-port0
1790755121.0756,A,612,31361,-62,/dev/serial/by-path/pci-0000:05:00.3-usb-0:2.1.1:1.0-port0
1790755121.0759,B,589,31357,-68,/dev/serial/by-path/pci-0000:05:00.3-usb-0:2.1.2:1.0-port0
1790755121.1099,C,582,31389,-64,/dev/serial/by-path/pci-0000:05:00.3-usb-0:2.1.3:1.0-port0
1790755121.1102,B,590,31391,-61,/dev/serial/by-path/pci-0000:05:00.3-usb-0:2.1.2:1.0-port0
1790755121.1104,A,613,31397,-63,/dev/serial/by-path/pci-0000:05:00.3-usb-0:2.1.1:1.0-port0
1790755121.1831,A,614,31469,-61,/dev/serial/by-path/pci-0000:05:00.3-usb-0:2.1.1:1.0-port0
1790755121.1836,C,583,31462,-65,/dev/serial/by-path/pci-0000:05:00.3-usb-0:2.1.3:1.0-port0
1790755121.1837,B,591,31464,-62,/dev/serial/by-path/pci-0000:05:00.3-usb-0:2.1.2:1.0-port0
1790755121.2185,B,592,31499,-68,/dev/serial/by-path/pci-0000:05:00.3-usb-0:2.1.2:1.0-port0
1790755121.2188,C,584,31498,-62,/dev/serial/by-path/pci-0000:05:00.3-usb-0:2.1.3:1.0-port0
1790755121.2462,A,615,31532,-61,/dev/serial/by-path/pci-0000:05:00.3-usb-0:2.1.1:1.0-port0
1790755121.2517,B,593,31533,-60,/dev/serial/by-path/pci-0000:05:00.3-usb-0:2.1.2:1.0-port0
1790755121.2848,A,616,31571,-64,/dev/serial/by-path/pci-0000:05:00.3-usb-0:2.1.1:1.0-port0
1790755121.2850,C,585,31564,-64,/dev/serial/by-path/pci-0000:05:00.3-usb-0:2.1.3:1.0-port0
1790755121.3031,A,617,31589,-61,/dev/serial/by-path/pci-0000:05:00.3-usb-0:2.1.1:1.0-port0
1790755121.3032,C,586,31582,-65,/dev/serial/by-path/pci-0000:05:00.3-usb-0:2.1.3:1.0-port0
1790755121.3242,B,594,31605,-61,/dev/serial/by-path/pci-0000:05:00.3-usb-0:2.1.2:1.0-port0
1790755121.3648,B,595,31646,-69,/dev/serial/by-path/pci-0000:05:00.3-usb-0:2.1.2:1.0-port0
1790755121.3651,C,587,31645,-62,/dev/serial/by-path/pci-0000:05:00.3-usb-0:2.1.3:1.0-port0
1790755121.3920,C,588,31672,-62,/dev/serial/by-path/pci-0000:05:00.3-usb-0:2.1.3:1.0-port0
1790755121.3938,A,618,31680,-62,/dev/serial/by-path/pci-0000:05:00.3-usb-0:2.1.1:1.0-port0
1790755121.4426,C,589,31722,-63,/dev/serial/by-path/pci-0000:05:00.3-usb-0:2.1.3:1.0-port0
1790755121.4457,A,619,31732,-64,/dev/serial/by-path/pci-0000:05:00.3-usb-0:2.1.1:1.0-port0
1790755121.4899,C,590,31769,-65,/dev/serial/by-path/pci-0000:05:00.3-usb-0:2.1.3:1.0-port0
1790755121.4902,B,596,31771,-61,/dev/serial/by-path/pci-0000:05:00.3-usb-0:2.1.2:1.0-port0
1790755121.4964,A,620,31782,-61,/dev/serial/by-path/pci-0000:05:00.3-usb-0:2.1.1:1.0-port0
1790755121.5350,A,621,31821,-61,/dev/serial/by-path/pci-0000:05:00.3-usb-0:2.1.1:1.0-port0
1790755121.5357,B,597,31817,-69,/dev/serial/by-path/pci-0000:05:00.3-usb-0:2.1.2:1.0-port0
1790755121.5360,C,591,31816,-62,/dev/serial/by-path/pci-0000:05:00.3-usb-0:2.1.3:1.0-port0
1790755121.5776,C,592,31857,-64,/dev/serial/by-path/pci-0000:05:00.3-usb-0:2.1.3:1.0-port0
1790755121.5777,B,598,31859,-61,/dev/serial/by-path/pci-0000:05:00.3-usb-0:2.1.2:1.0-port0
1790755121.5781,A,622,31864,-63,/dev/serial/by-path/pci-0000:05:00.3-usb-0:2.1.1:1.0-port0
1790755121.6227,C,593,31902,-65,/dev/serial/by-path/pci-0000:05:00.3-usb-0:2.1.3:1.0-port0
1790755121.6228,A,623,31909,-62,/dev/serial/by-path/pci-0000:05:00.3-usb-0:2.1.1:1.0-port0
1790755121.6327,B,599,31913,-61,/dev/serial/by-path/pci-0000:05:00.3-usb-0:2.1.2:1.0-port0
1790755121.6735,A,624,31959,-63,/dev/serial/by-path/pci-0000:05:00.3-usb-0:2.1.1:1.0-port0
1790755121.6739,C,594,31952,-61,/dev/serial/by-path/pci-0000:05:00.3-usb-0:2.1.3:1.0-port0
1790755121.6905,B,600,31971,-69,/dev/serial/by-path/pci-0000:05:00.3-usb-0:2.1.2:1.0-port0
1790755121.7212,C,595,32001,-64,/dev/serial/by-path/pci-0000:05:00.3-usb-0:2.1.3:1.0-port0
1790755121.7219,A,625,32008,-64,/dev/serial/by-path/pci-0000:05:00.3-usb-0:2.1.1:1.0-port0
1790755121.7365,B,601,32018,-60,/dev/serial/by-path/pci-0000:05:00.3-usb-0:2.1.2:1.0-port0
1790755121.7904,B,602,32071,-61,/dev/serial/by-path/pci-0000:05:00.3-usb-0:2.1.2:1.0-port0
1790755121.7922,C,596,32072,-72,/dev/serial/by-path/pci-0000:05:00.3-usb-0:2.1.3:1.0-port0
1790755121.7962,A,626,32082,-61,/dev/serial/by-path/pci-0000:05:00.3-usb-0:2.1.1:1.0-port0
1790755121.8177,A,627,32104,-61,/dev/serial/by-path/pci-0000:05:00.3-usb-0:2.1.1:1.0-port0
1790755121.8179,B,603,32098,-68,/dev/serial/by-path/pci-0000:05:00.3-usb-0:2.1.2:1.0-port0
1790755121.8182,C,597,32097,-63,/dev/serial/by-path/pci-0000:05:00.3-usb-0:2.1.3:1.0-port0
1790755121.8634,A,628,32149,-64,/dev/serial/by-path/pci-0000:05:00.3-usb-0:2.1.1:1.0-port0
1790755121.8638,C,598,32143,-65,/dev/serial/by-path/pci-0000:05:00.3-usb-0:2.1.3:1.0-port0
1790755121.8903,B,604,32171,-60,/dev/serial/by-path/pci-0000:05:00.3-usb-0:2.1.2:1.0-port0
1790755121.9147,C,599,32194,-70,/dev/serial/by-path/pci-0000:05:00.3-usb-0:2.1.3:1.0-port0
1790755121.9557,A,629,32242,-62,/dev/serial/by-path/pci-0000:05:00.3-usb-0:2.1.1:1.0-port0
1790755121.9598,B,605,32241,-69,/dev/serial/by-path/pci-0000:05:00.3-usb-0:2.1.2:1.0-port0
1790755121.9601,C,600,32239,-64,/dev/serial/by-path/pci-0000:05:00.3-usb-0:2.1.3:1.0-port0
1790755121.9997,B,606,32281,-60,/dev/serial/by-path/pci-0000:05:00.3-usb-0:2.1.2:1.0-port0
1790755122.0232,A,630,32309,-63,/dev/serial/by-path/pci-0000:05:00.3-usb-0:2.1.1:1.0-port0
1790755122.0233,C,601,32303,-66,/dev/serial/by-path/pci-0000:05:00.3-usb-0:2.1.3:1.0-port0
1790755122.0459,A,631,32332,-64,/dev/serial/by-path/pci-0000:05:00.3-usb-0:2.1.1:1.0-port0
1790755122.0510,B,607,32332,-61,/dev/serial/by-path/pci-0000:05:00.3-usb-0:2.1.2:1.0-port0
1790755122.0514,C,602,32331,-67,/dev/serial/by-path/pci-0000:05:00.3-usb-0:2.1.3:1.0-port0
1790755122.0963,A,632,32382,-61,/dev/serial/by-path/pci-0000:05:00.3-usb-0:2.1.1:1.0-port0
1790755122.1342,B,608,32415,-69,/dev/serial/by-path/pci-0000:05:00.3-usb-0:2.1.2:1.0-port0
1790755122.1389,C,603,32418,-64,/dev/serial/by-path/pci-0000:05:00.3-usb-0:2.1.3:1.0-port0
1790755122.1396,A,633,32426,-63,/dev/serial/by-path/pci-0000:05:00.3-usb-0:2.1.1:1.0-port0
1790755122.1400,B,609,32421,-69,/dev/serial/by-path/pci-0000:05:00.3-usb-0:2.1.2:1.0-port0
1790755122.1849,C,604,32464,-65,/dev/serial/by-path/pci-0000:05:00.3-usb-0:2.1.3:1.0-port0
1790755122.1900,B,610,32471,-61,/dev/serial/by-path/pci-0000:05:00.3-usb-0:2.1.2:1.0-port0
1790755122.1959,A,634,32482,-64,/dev/serial/by-path/pci-0000:05:00.3-usb-0:2.1.1:1.0-port0
1790755122.2373,B,611,32518,-61,/dev/serial/by-path/pci-0000:05:00.3-usb-0:2.1.2:1.0-port0
1790755122.2377,C,605,32517,-68,/dev/serial/by-path/pci-0000:05:00.3-usb-0:2.1.3:1.0-port0
1790755122.2378,A,635,32523,-61,/dev/serial/by-path/pci-0000:05:00.3-usb-0:2.1.1:1.0-port0
1790755122.2783,B,612,32559,-68,/dev/serial/by-path/pci-0000:05:00.3-usb-0:2.1.2:1.0-port0
1790755122.2923,C,606,32572,-64,/dev/serial/by-path/pci-0000:05:00.3-usb-0:2.1.3:1.0-port0
1790755122.2962,A,636,32582,-63,/dev/serial/by-path/pci-0000:05:00.3-usb-0:2.1.1:1.0-port0
1790755122.3232,B,613,32604,-61,/dev/serial/by-path/pci-0000:05:00.3-usb-0:2.1.2:1.0-port0
1790755122.3427,C,607,32622,-65,/dev/serial/by-path/pci-0000:05:00.3-usb-0:2.1.3:1.0-port0
1790755122.3463,A,637,32632,-63,/dev/serial/by-path/pci-0000:05:00.3-usb-0:2.1.1:1.0-port0
1790755122.3708,C,608,32650,-68,/dev/serial/by-path/pci-0000:05:00.3-usb-0:2.1.3:1.0-port0
1790755122.3709,B,614,32652,-61,/dev/serial/by-path/pci-0000:05:00.3-usb-0:2.1.2:1.0-port0
1790755122.3964,A,638,32682,-61,/dev/serial/by-path/pci-0000:05:00.3-usb-0:2.1.1:1.0-port0
1790755122.4405,B,615,32721,-69,/dev/serial/by-path/pci-0000:05:00.3-usb-0:2.1.2:1.0-port0
1790755122.4415,A,639,32728,-63,/dev/serial/by-path/pci-0000:05:00.3-usb-0:2.1.1:1.0-port0
1790755122.4418,C,609,32721,-64,/dev/serial/by-path/pci-0000:05:00.3-usb-0:2.1.3:1.0-port0
1790755122.4562,B,616,32737,-61,/dev/serial/by-path/pci-0000:05:00.3-usb-0:2.1.2:1.0-port0
1790755122.4565,A,640,32742,-63,/dev/serial/by-path/pci-0000:05:00.3-usb-0:2.1.1:1.0-port0
1790755122.4642,C,610,32744,-64,/dev/serial/by-path/pci-0000:05:00.3-usb-0:2.1.3:1.0-port0
1790755122.5406,B,617,32821,-63,/dev/serial/by-path/pci-0000:05:00.3-usb-0:2.1.2:1.0-port0
1790755122.5461,A,641,32832,-61,/dev/serial/by-path/pci-0000:05:00.3-usb-0:2.1.1:1.0-port0
1790755122.5598,B,618,32841,-69,/dev/serial/by-path/pci-0000:05:00.3-usb-0:2.1.2:1.0-port0
1790755122.5601,C,611,32839,-67,/dev/serial/by-path/pci-0000:05:00.3-usb-0:2.1.3:1.0-port0
1790755122.5905,B,619,32871,-70,/dev/serial/by-path/pci-0000:05:00.3-usb-0:2.1.2:1.0-port0
1790755122.5907,A,642,32877,-62,/dev/serial/by-path/pci-0000:05:00.3-usb-0:2.1.1:1.0-port0
1790755122.5923,C,612,32872,-65,/dev/serial/by-path/pci-0000:05:00.3-usb-0:2.1.3:1.0-port0
1790755122.6300,C,613,32909,-64,/dev/serial/by-path/pci-0000:05:00.3-usb-0:2.1.3:1.0-port0
1790755122.6468,A,643,32933,-64,/dev/serial/by-path/pci-0000:05:00.3-usb-0:2.1.1:1.0-port0
1790755122.6821,C,614,32962,-69,/dev/serial/by-path/pci-0000:05:00.3-usb-0:2.1.3:1.0-port0
1790755122.6826,B,620,32963,-61,/dev/serial/by-path/pci-0000:05:00.3-usb-0:2.1.2:1.0-port0
1790755122.6965,A,644,32982,-60,/dev/serial/by-path/pci-0000:05:00.3-usb-0:2.1.1:1.0-port0
1790755122.7174,B,621,32999,-70,/dev/serial/by-path/pci-0000:05:00.3-usb-0:2.1.2:1.0-port0
1790755122.7180,A,645,33004,-61,/dev/serial/by-path/pci-0000:05:00.3-usb-0:2.1.1:1.0-port0
1790755122.7183,C,615,32998,-65,/dev/serial/by-path/pci-0000:05:00.3-usb-0:2.1.3:1.0-port0
1790755122.7573,C,616,33037,-66,/dev/serial/by-path/pci-0000:05:00.3-usb-0:2.1.3:1.0-port0
1790755122.7575,B,622,33038,-60,/dev/serial/by-path/pci-0000:05:00.3-usb-0:2.1.2:1.0-port0
1790755122.7577,A,646,33043,-64,/dev/serial/by-path/pci-0000:05:00.3-usb-0:2.1.1:1.0-port0
1790755122.8082,B,623,33089,-61,/dev/serial/by-path/pci-0000:05:00.3-usb-0:2.1.2:1.0-port0
1790755122.8422,C,617,33122,-69,/dev/serial/by-path/pci-0000:05:00.3-usb-0:2.1.3:1.0-port0
1790755122.8468,A,647,33133,-61,/dev/serial/by-path/pci-0000:05:00.3-usb-0:2.1.1:1.0-port0
1790755122.8717,C,618,33151,-67,/dev/serial/by-path/pci-0000:05:00.3-usb-0:2.1.3:1.0-port0
1790755122.8719,B,624,33152,-69,/dev/serial/by-path/pci-0000:05:00.3-usb-0:2.1.2:1.0-port0
1790755122.8986,B,625,33179,-61,/dev/serial/by-path/pci-0000:05:00.3-usb-0:2.1.2:1.0-port0
1790755122.9370,C,619,33217,-65,/dev/serial/by-path/pci-0000:05:00.3-usb-0:2.1.3:1.0-port0
1790755122.9392,C,620,33217,-65,/dev/serial/by-path/pci-0000:05:00.3-usb-0:2.1.3:1.0-port0
1790755122.9400,B,626,33221,-61,/dev/serial/by-path/pci-0000:05:00.3-usb-0:2.1.2:1.0-port0
1790755122.9461,A,648,33232,-63,/dev/serial/by-path/pci-0000:05:00.3-usb-0:2.1.1:1.0-port0
1790755122.9865,A,649,33272,-62,/dev/serial/by-path/pci-0000:05:00.3-usb-0:2.1.1:1.0-port0
1790755122.9868,B,627,33268,-61,/dev/serial/by-path/pci-0000:05:00.3-usb-0:2.1.2:1.0-port0
1790755122.9928,C,621,33272,-70,/dev/serial/by-path/pci-0000:05:00.3-usb-0:2.1.3:1.0-port0
1790755123.0289,A,650,33315,-62,/dev/serial/by-path/pci-0000:05:00.3-usb-0:2.1.1:1.0-port0
1790755123.0292,B,628,33310,-71,/dev/serial/by-path/pci-0000:05:00.3-usb-0:2.1.2:1.0-port0
1790755123.0423,C,622,33322,-66,/dev/serial/by-path/pci-0000:05:00.3-usb-0:2.1.3:1.0-port0
1790755123.0729,B,629,33354,-61,/dev/serial/by-path/pci-0000:05:00.3-usb-0:2.1.2:1.0-port0
1790755123.0734,C,623,33353,-65,/dev/serial/by-path/pci-0000:05:00.3-usb-0:2.1.3:1.0-port0
1790755123.0735,A,651,33359,-63,/dev/serial/by-path/pci-0000:05:00.3-usb-0:2.1.1:1.0-port0
1790755123.1170,C,624,33396,-68,/dev/serial/by-path/pci-0000:05:00.3-usb-0:2.1.3:1.0-port0
1790755123.1171,A,652,33403,-61,/dev/serial/by-path/pci-0000:05:00.3-usb-0:2.1.1:1.0-port0
1790755123.1174,B,630,33398,-61,/dev/serial/by-path/pci-0000:05:00.3-usb-0:2.1.2:1.0-port0
1790755123.1640,C,625,33444,-65,/dev/serial/by-path/pci-0000:05:00.3-usb-0:2.1.3:1.0-port0
1790755123.1641,A,653,33450,-62,/dev/serial/by-path/pci-0000:05:00.3-usb-0:2.1.1:1.0-port0
1790755123.1643,B,631,33445,-70,/dev/serial/by-path/pci-0000:05:00.3-usb-0:2.1.2:1.0-port0
1790755123.2110,C,626,33491,-63,/dev/serial/by-path/pci-0000:05:00.3-usb-0:2.1.3:1.0-port0
1790755123.2113,A,654,33497,-63,/dev/serial/by-path/pci-0000:05:00.3-usb-0:2.1.1:1.0-port0
1790755123.2114,B,632,33492,-61,/dev/serial/by-path/pci-0000:05:00.3-usb-0:2.1.2:1.0-port0
1790755123.2601,B,633,33541,-61,/dev/serial/by-path/pci-0000:05:00.3-usb-0:2.1.2:1.0-port0
1790755123.2605,C,627,33540,-69,/dev/serial/by-path/pci-0000:05:00.3-usb-0:2.1.3:1.0-port0
1790755123.2609,A,655,33547,-61,/dev/serial/by-path/pci-0000:05:00.3-usb-0:2.1.1:1.0-port0
1790755123.3198,B,634,33601,-71,/dev/serial/by-path/pci-0000:05:00.3-usb-0:2.1.2:1.0-port0
1790755123.3430,C,628,33622,-65,/dev/serial/by-path/pci-0000:05:00.3-usb-0:2.1.3:1.0-port0
1790755123.3461,A,656,33632,-63,/dev/serial/by-path/pci-0000:05:00.3-usb-0:2.1.1:1.0-port0
1790755123.3567,B,635,33638,-61,/dev/serial/by-path/pci-0000:05:00.3-usb-0:2.1.2:1.0-port0
1790755123.3860,C,629,33665,-64,/dev/serial/by-path/pci-0000:05:00.3-usb-0:2.1.3:1.0-port0
1790755123.4409,B,636,33722,-61,/dev/serial/by-path/pci-0000:05:00.3-usb-0:2.1.2:1.0-port0
1790755123.4421,C,630,33722,-70,/dev/serial/by-path/pci-0000:05:00.3-usb-0:2.1.3:1.0-port0
1790755123.4461,A,657,33732,-61,/dev/serial/by-path/pci-0000:05:00.3-usb-0:2.1.1:1.0-port0
1790755123.4897,B,637,33771,-71,/dev/serial/by-path/pci-0000:05:00.3-usb-0:2.1.2:1.0-port0
1790755123.4900,A,658,33776,-62,/dev/serial/by-path/pci-0000:05:00.3-usb-0:2.1.1:1.0-port0
1790755123.4903,C,631,33769,-64,/dev/serial/by-path/pci-0000:05:00.3-usb-0:2.1.3:1.0-port0
1790755123.5308,C,632,33810,-63,/dev/serial/by-path/pci-0000:05:00.3-usb-0:2.1.3:1.0-port0
1790755123.5311,B,638,33811,-61,/dev/serial/by-path/pci-0000:05:00.3-usb-0:2.1.2:1.0-port0
1790755123.5465,A,659,33832,-63,/dev/serial/by-path/pci-0000:05:00.3-usb-0:2.1.1:1.0-port0
1790755123.5718,B,639,33853,-61,/dev/serial/by-path/pci-0000:05:00.3-usb-0:2.1.2:1.0-port0
1790755123.5726,A,660,33859,-61,/dev/serial/by-path/pci-0000:05:00.3-usb-0:2.1.1:1.0-port0
1790755123.5727,C,633,33853,-67,/dev/serial/by-path/pci-0000:05:00.3-usb-0:2.1.3:1.0-port0
1790755123.6138,C,634,33893,-62,/dev/serial/by-path/pci-0000:05:00.3-usb-0:2.1.3:1.0-port0
1790755123.6141,B,640,33895,-71,/dev/serial/by-path/pci-0000:05:00.3-usb-0:2.1.2:1.0-port0
1790755123.6461,A,661,33932,-62,/dev/serial/by-path/pci-0000:05:00.3-usb-0:2.1.1:1.0-port0
1790755123.6625,B,641,33943,-61,/dev/serial/by-path/pci-0000:05:00.3-usb-0:2.1.2:1.0-port0
1790755123.6788,A,662,33965,-63,/dev/serial/by-path/pci-0000:05:00.3-usb-0:2.1.1:1.0-port0
1790755123.6916,C,635,33972,-64,/dev/serial/by-path/pci-0000:05:00.3-usb-0:2.1.3:1.0-port0
1790755123.7077,B,642,33988,-61,/dev/serial/by-path/pci-0000:05:00.3-usb-0:2.1.2:1.0-port0
1790755123.7080,C,636,33987,-65,/dev/serial/by-path/pci-0000:05:00.3-usb-0:2.1.3:1.0-port0
1790755123.7081,A,663,33994,-61,/dev/serial/by-path/pci-0000:05:00.3-usb-0:2.1.1:1.0-port0
1790755123.7895,C,637,34069,-64,/dev/serial/by-path/pci-0000:05:00.3-usb-0:2.1.3:1.0-port0
1790755123.7899,B,643,34071,-71,/dev/serial/by-path/pci-0000:05:00.3-usb-0:2.1.2:1.0-port0
1790755123.7903,A,664,34076,-63,/dev/serial/by-path/pci-0000:05:00.3-usb-0:2.1.1:1.0-port0
1790755123.7971,B,644,34078,-61,/dev/serial/by-path/pci-0000:05:00.3-usb-0:2.1.2:1.0-port0
1790755123.7974,C,638,34077,-62,/dev/serial/by-path/pci-0000:05:00.3-usb-0:2.1.3:1.0-port0
1790755123.8381,B,645,34119,-60,/dev/serial/by-path/pci-0000:05:00.3-usb-0:2.1.2:1.0-port0
1790755123.8422,C,639,34122,-61,/dev/serial/by-path/pci-0000:05:00.3-usb-0:2.1.3:1.0-port0
1790755123.8462,A,665,34132,-64,/dev/serial/by-path/pci-0000:05:00.3-usb-0:2.1.1:1.0-port0
1790755123.8802,A,666,34166,-61,/dev/serial/by-path/pci-0000:05:00.3-usb-0:2.1.1:1.0-port0
1790755123.8894,B,646,34170,-61,/dev/serial/by-path/pci-0000:05:00.3-usb-0:2.1.2:1.0-port0
1790755123.8926,C,640,34172,-66,/dev/serial/by-path/pci-0000:05:00.3-usb-0:2.1.3:1.0-port0
1790755123.9213,B,647,34202,-72,/dev/serial/by-path/pci-0000:05:00.3-usb-0:2.1.2:1.0-port0
1790755123.9214,C,641,34200,-65,/dev/serial/by-path/pci-0000:05:00.3-usb-0:2.1.3:1.0-port0
1790755123.9218,A,667,34208,-62,/dev/serial/by-path/pci-0000:05:00.3-usb-0:2.1.1:1.0-port0
1790755123.9667,C,642,34246,-61,/dev/serial/by-path/pci-0000:05:00.3-usb-0:2.1.3:1.0-port0
1790755123.9669,B,648,34248,-61,/dev/serial/by-path/pci-0000:05:00.3-usb-0:2.1.2:1.0-port0
1790755123.9963,A,668,34282,-63,/dev/serial/by-path/pci-0000:05:00.3-usb-0:2.1.1:1.0-port0
1790755124.0079,A,669,34294,-61,/dev/serial/by-path/pci-0000:05:00.3-usb-0:2.1.1:1.0-port0
1790755124.0174,B,649,34297,-62,/dev/serial/by-path/pci-0000:05:00.3-usb-0:2.1.2:1.0-port0
1790755124.0175,C,643,34297,-64,/dev/serial/by-path/pci-0000:05:00.3-usb-0:2.1.3:1.0-port0
1790755124.0502,B,650,34331,-71,/dev/serial/by-path/pci-0000:05:00.3-usb-0:2.1.2:1.0-port0
1790755124.0633,C,644,34343,-64,/dev/serial/by-path/pci-0000:05:00.3-usb-0:2.1.3:1.0-port0
1790755124.0636,A,670,34349,-63,/dev/serial/by-path/pci-0000:05:00.3-usb-0:2.1.1:1.0-port0
1790755124.0912,B,651,34372,-71,/dev/serial/by-path/pci-0000:05:00.3-usb-0:2.1.2:1.0-port0
1790755124.0925,C,645,34372,-63,/dev/serial/by-path/pci-0000:05:00.3-usb-0:2.1.3:1.0-port0
1790755124.0962,A,671,34382,-61,/dev/serial/by-path/pci-0000:05:00.3-usb-0:2.1.1:1.0-port0
1790755124.1405,B,652,34421,-60,/dev/serial/by-path/pci-0000:05:00.3-usb-0:2.1.2:1.0-port0
1790755124.1425,C,646,34422,-62,/dev/serial/by-path/pci-0000:05:00.3-usb-0:2.1.3:1.0-port0
1790755124.1464,A,672,34432,-64,/dev/serial/by-path/pci-0000:05:00.3-usb-0:2.1.1:1.0-port0
1790755124.1781,A,673,34464,-61,/dev/serial/by-path/pci-0000:05:00.3-usb-0:2.1.1:1.0-port0
1790755124.1785,B,653,34459,-61,/dev/serial/by-path/pci-0000:05:00.3-usb-0:2.1.2:1.0-port0
1790755124.1928,C,647,34472,-63,/dev/serial/by-path/pci-0000:05:00.3-usb-0:2.1.3:1.0-port0
1790755124.2197,A,674,34506,-63,/dev/serial/by-path/pci-0000:05:00.3-usb-0:2.1.1:1.0-port0
1790755124.2200,C,648,34500,-63,/dev/serial/by-path/pci-0000:05:00.3-usb-0:2.1.3:1.0-port0
1790755124.2404,B,654,34521,-72,/dev/serial/by-path/pci-0000:05:00.3-usb-0:2.1.2:1.0-port0
1790755124.2658,B,655,34547,-61,/dev/serial/by-path/pci-0000:05:00.3-usb-0:2.1.2:1.0-port0
1790755124.2662,C,649,34546,-61,/dev/serial/by-path/pci-0000:05:00.3-usb-0:2.1.3:1.0-port0
1790755124.2962,A,675,34582,-64,/dev/serial/by-path/pci-0000:05:00.3-usb-0:2.1.1:1.0-port0
1790755124.3267,B,656,34607,-60,/dev/serial/by-path/pci-0000:05:00.3-usb-0:2.1.2:1.0-port0
1790755124.3271,C,650,34606,-64,/dev/serial/by-path/pci-0000:05:00.3-usb-0:2.1.3:1.0-port0
1790755124.3274,A,676,34613,-61,/dev/serial/by-path/pci-0000:05:00.3-usb-0:2.1.1:1.0-port0
1790755124.3663,B,657,34647,-70,/dev/serial/by-path/pci-0000:05:00.3-usb-0:2.1.2:1.0-port0
1790755124.3924,C,651,34672,-64,/dev/serial/by-path/pci-0000:05:00.3-usb-0:2.1.3:1.0-port0
1790755124.3962,A,677,34682,-63,/dev/serial/by-path/pci-0000:05:00.3-usb-0:2.1.1:1.0-port0
1790755124.4077,B,658,34688,-60,/dev/serial/by-path/pci-0000:05:00.3-usb-0:2.1.2:1.0-port0
1790755124.4160,C,652,34695,-62,/dev/serial/by-path/pci-0000:05:00.3-usb-0:2.1.3:1.0-port0
1790755124.4164,A,678,34702,-63,/dev/serial/by-path/pci-0000:05:00.3-usb-0:2.1.1:1.0-port0
1790755124.4763,C,653,34756,-65,/dev/serial/by-path/pci-0000:05:00.3-usb-0:2.1.3:1.0-port0
1790755124.4836,A,679,34770,-61,/dev/serial/by-path/pci-0000:05:00.3-usb-0:2.1.1:1.0-port0
1790755124.4837,B,659,34765,-60,/dev/serial/by-path/pci-0000:05:00.3-usb-0:2.1.2:1.0-port0
1790755124.4962,A,680,34782,-61,/dev/serial/by-path/pci-0000:05:00.3-usb-0:2.1.1:1.0-port0
1790755124.5347,B,660,34816,-70,/dev/serial/by-path/pci-0000:05:00.3-usb-0:2.1.2:1.0-port0
1790755124.5350,C,654,34815,-63,/dev/serial/by-path/pci-0000:05:00.3-usb-0:2.1.3:1.0-port0
1790755124.5370,B,661,34817,-71,/dev/serial/by-path/pci-0000:05:00.3-usb-0:2.1.2:1.0-port0
1790755124.5372,C,655,34816,-64,/dev/serial/by-path/pci-0000:05:00.3-usb-0:2.1.3:1.0-port0
1790755124.5372,A,681,34823,-62,/dev/serial/by-path/pci-0000:05:00.3-usb-0:2.1.1:1.0-port0
1790755124.5762,B,662,34857,-61,/dev/serial/by-path/pci-0000:05:00.3-usb-0:2.1.2:1.0-port0
1790755124.5765,A,682,34862,-63,/dev/serial/by-path/pci-0000:05:00.3-usb-0:2.1.1:1.0-port0
1790755124.5767,C,656,34856,-63,/dev/serial/by-path/pci-0000:05:00.3-usb-0:2.1.3:1.0-port0
1790755124.6221,C,657,34901,-65,/dev/serial/by-path/pci-0000:05:00.3-usb-0:2.1.3:1.0-port0
1790755124.6224,A,683,34908,-61,/dev/serial/by-path/pci-0000:05:00.3-usb-0:2.1.1:1.0-port0
1790755124.6227,B,663,34903,-61,/dev/serial/by-path/pci-0000:05:00.3-usb-0:2.1.2:1.0-port0
1790755124.6674,C,658,34947,-64,/dev/serial/by-path/pci-0000:05:00.3-usb-0:2.1.3:1.0-port0
1790755124.6799,B,664,34961,-70,/dev/serial/by-path/pci-0000:05:00.3-usb-0:2.1.2:1.0-port0
1790755124.6965,A,684,34982,-62,/dev/serial/by-path/pci-0000:05:00.3-usb-0:2.1.1:1.0-port0
1790755124.7242,B,665,35005,-61,/dev/serial/by-path/pci-0000:05:00.3-usb-0:2.1.2:1.0-port0
1790755124.7334,A,685,35019,-64,/dev/serial/by-path/pci-0000:05:00.3-usb-0:2.1.1:1.0-port0
1790755124.7336,C,659,35013,-64,/dev/serial/by-path/pci-0000:05:00.3-usb-0:2.1.3:1.0-port0
1790755124.7483,C,660,35028,-66,/dev/serial/by-path/pci-0000:05:00.3-usb-0:2.1.3:1.0-port0
1790755124.7486,B,666,35030,-61,/dev/serial/by-path/pci-0000:05:00.3-usb-0:2.1.2:1.0-port0
1790755124.7956,A,686,35081,-61,/dev/serial/by-path/pci-0000:05:00.3-usb-0:2.1.1:1.0-port0
1790755124.8033,C,661,35083,-64,/dev/serial/by-path/pci-0000:05:00.3-usb-0:2.1.3:1.0-port0
1790755124.8352,B,667,35117,-70,/dev/serial/by-path/pci-0000:05:00.3-usb-0:2.1.2:1.0-port0
1790755124.8366,C,662,35116,-63,/dev/serial/by-path/pci-0000:05:00.3-usb-0:2.1.3:1.0-port0
1790755124.8371,B,668,35117,-70,/dev/serial/by-path/pci-0000:05:00.3-usb-0:2.1.2:1.0-port0
1790755124.8466,A,687,35133,-62,/dev/serial/by-path/pci-0000:05:00.3-usb-0:2.1.1:1.0-port0
1790755124.8751,C,663,35155,-66,/dev/serial/by-path/pci-0000:05:00.3-usb-0:2.1.3:1.0-port0
1790755124.8754,B,669,35156,-61,/dev/serial/by-path/pci-0000:05:00.3-usb-0:2.1.2:1.0-port0
1790755124.8812,A,688,35167,-64,/dev/serial/by-path/pci-0000:05:00.3-usb-0:2.1.1:1.0-port0
1790755124.9199,C,664,35199,-68,/dev/serial/by-path/pci-0000:05:00.3-usb-0:2.1.3:1.0-port0
1790755124.9201,B,670,35201,-61,/dev/serial/by-path/pci-0000:05:00.3-usb-0:2.1.2:1.0-port0
1790755124.9462,A,689,35232,-61,/dev/serial/by-path/pci-0000:05:00.3-usb-0:2.1.1:1.0-port0
1790755124.9635,A,690,35249,-62,/dev/serial/by-path/pci-0000:05:00.3-usb-0:2.1.1:1.0-port0
1790755124.9904,B,671,35271,-69,/dev/serial/by-path/pci-0000:05:00.3-usb-0:2.1.2:1.0-port0
1790755124.9923,C,665,35272,-65,/dev/serial/by-path/pci-0000:05:00.3-usb-0:2.1.3:1.0-port0
1790755125.0296,B,672,35310,-61,/dev/serial/by-path/pci-0000:05:00.3-usb-0:2.1.2:1.0-port0
1790755125.0297,C,666,35309,-65,/dev/serial/by-path/pci-0000:05:00.3-usb-0:2.1.3:1.0-port0
1790755125.0303,A,691,35316,-65,/dev/serial/by-path/pci-0000:05:00.3-usb-0:2.1.1:1.0-port0
1790755125.0562,C,667,35336,-69,/dev/serial/by-path/pci-0000:05:00.3-usb-0:2.1.3:1.0-port0
1790755125.0565,A,692,35342,-61,/dev/serial/by-path/pci-0000:05:00.3-usb-0:2.1.1:1.0-port0
1790755125.0566,B,673,35337,-61,/dev/serial/by-path/pci-0000:05:00.3-usb-0:2.1.2:1.0-port0
1790755125.1011,B,674,35382,-69,/dev/serial/by-path/pci-0000:05:00.3-usb-0:2.1.2:1.0-port0
1790755125.1168,C,668,35397,-63,/dev/serial/by-path/pci-0000:05:00.3-usb-0:2.1.3:1.0-port0
1790755125.1172,A,693,35403,-61,/dev/serial/by-path/pci-0000:05:00.3-usb-0:2.1.1:1.0-port0
1790755125.1539,B,675,35435,-61,/dev/serial/by-path/pci-0000:05:00.3-usb-0:2.1.2:1.0-port0
1790755125.1543,C,669,35434,-64,/dev/serial/by-path/pci-0000:05:00.3-usb-0:2.1.3:1.0-port0
1790755125.1961,A,694,35482,-64,/dev/serial/by-path/pci-0000:05:00.3-usb-0:2.1.1:1.0-port0
1790755125.2055,C,670,35485,-67,/dev/serial/by-path/pci-0000:05:00.3-usb-0:2.1.3:1.0-port0
1790755125.2059,B,676,35487,-61,/dev/serial/by-path/pci-0000:05:00.3-usb-0:2.1.2:1.0-port0
1790755125.2476,A,695,35532,-61,/dev/serial/by-path/pci-0000:05:00.3-usb-0:2.1.1:1.0-port0
1790755125.2646,B,677,35546,-69,/dev/serial/by-path/pci-0000:05:00.3-usb-0:2.1.2:1.0-port0
1790755125.2864,B,678,35567,-68,/dev/serial/by-path/pci-0000:05:00.3-usb-0:2.1.2:1.0-port0
1790755125.2924,C,671,35572,-64,/dev/serial/by-path/pci-0000:05:00.3-usb-0:2.1.3:1.0-port0
1790755125.2963,A,696,35582,-63,/dev/serial/by-path/pci-0000:05:00.3-usb-0:2.1.1:1.0-port0
1790755125.3321,A,697,35618,-64,/dev/serial/by-path/pci-0000:05:00.3-usb-0:2.1.1:1.0-port0
1790755125.3404,B,679,35621,-61,/dev/serial/by-path/pci-0000:05:00.3-usb-0:2.1.2:1.0-port0
1790755125.3426,C,672,35622,-64,/dev/serial/by-path/pci-0000:05:00.3-usb-0:2.1.3:1.0-port0
1790755125.3802,C,673,35660,-67,/dev/serial/by-path/pci-0000:05:00.3-usb-0:2.1.3:1.0-port0
1790755125.3904,B,680,35671,-61,/dev/serial/by-path/pci-0000:05:00.3-usb-0:2.1.2:1.0-port0
1790755125.3963,A,698,35682,-61,/dev/serial/by-path/pci-0000:05:00.3-usb-0:2.1.1:1.0-port0
1790755125.4231,B,681,35704,-69,/dev/serial/by-path/pci-0000:05:00.3-usb-0:2.1.2:1.0-port0
1790755125.4273,C,674,35707,-66,/dev/serial/by-path/pci-0000:05:00.3-usb-0:2.1.3:1.0-port0
1790755125.4286,A,699,35714,-62,/dev/serial/by-path/pci-0000:05:00.3-usb-0:2.1.1:1.0-port0
1790755125.4626,B,682,35744,-61,/dev/serial/by-path/pci-0000:05:00.3-usb-0:2.1.2:1.0-port0
1790755125.4785,C,675,35758,-67,/dev/serial/by-path/pci-0000:05:00.3-usb-0:2.1.3:1.0-port0
1790755125.4789,A,700,35765,-64,/dev/serial/by-path/pci-0000:05:00.3-usb-0:2.1.1:1.0-port0
1790755125.5192,B,683,35800,-64,/dev/serial/by-path/pci-0000:05:00.3-usb-0:2.1.2:1.0-port0
1790755125.5194,A,701,35805,-61,/dev/serial/by-path/pci-0000:05:00.3-usb-0:2.1.1:1.0-port0
1790755125.5757,B,684,35857,-68,/dev/serial/by-path/pci-0000:05:00.3-usb-0:2.1.2:1.0-port0
1790755125.5759,C,676,35856,-64,/dev/serial/by-path/pci-0000:05:00.3-usb-0:2.1.3:1.0-port0
1790755125.5824,A,702,35868,-62,/dev/serial/by-path/pci-0000:05:00.3-usb-0:2.1.1:1.0-port0
1790755125.6249,B,685,35906,-61,/dev/serial/by-path/pci-0000:05:00.3-usb-0:2.1.2:1.0-port0
1790755125.6250,C,677,35904,-65,/dev/serial/by-path/pci-0000:05:00.3-usb-0:2.1.3:1.0-port0
1790755125.6254,A,703,35912,-63,/dev/serial/by-path/pci-0000:05:00.3-usb-0:2.1.1:1.0-port0
1790755125.6845,A,704,35971,-61,/dev/serial/by-path/pci-0000:05:00.3-usb-0:2.1.1:1.0-port0
1790755125.6847,B,686,35965,-62,/dev/serial/by-path/pci-0000:05:00.3-usb-0:2.1.2:1.0-port0
1790755125.6850,C,678,35964,-64,/dev/serial/by-path/pci-0000:05:00.3-usb-0:2.1.3:1.0-port0
1790755125.6964,A,705,35982,-61,/dev/serial/by-path/pci-0000:05:00.3-usb-0:2.1.1:1.0-port0
1790755125.7336,B,687,36014,-68,/dev/serial/by-path/pci-0000:05:00.3-usb-0:2.1.2:1.0-port0
1790755125.7396,C,679,36020,-65,/dev/serial/by-path/pci-0000:05:00.3-usb-0:2.1.3:1.0-port0
1790755125.7400,B,688,36021,-68,/dev/serial/by-path/pci-0000:05:00.3-usb-0:2.1.2:1.0-port0
1790755125.7418,C,680,36020,-64,/dev/serial/by-path/pci-0000:05:00.3-usb-0:2.1.3:1.0-port0
1790755125.7464,A,706,36032,-62,/dev/serial/by-path/pci-0000:05:00.3-usb-0:2.1.1:1.0-port0
1790755125.7878,C,681,36068,-63,/dev/serial/by-path/pci-0000:05:00.3-usb-0:2.1.3:1.0-port0
1790755125.7881,A,707,36074,-63,/dev/serial/by-path/pci-0000:05:00.3-usb-0:2.1.1:1.0-port0
1790755125.7906,B,689,36071,-61,/dev/serial/by-path/pci-0000:05:00.3-usb-0:2.1.2:1.0-port0
1790755125.8399,B,690,36121,-61,/dev/serial/by-path/pci-0000:05:00.3-usb-0:2.1.2:1.0-port0
1790755125.8406,A,708,36127,-61,/dev/serial/by-path/pci-0000:05:00.3-usb-0:2.1.1:1.0-port0
1790755125.8419,C,682,36122,-66,/dev/serial/by-path/pci-0000:05:00.3-usb-0:2.1.3:1.0-port0
1790755125.8812,B,691,36162,-68,/dev/serial/by-path/pci-0000:05:00.3-usb-0:2.1.2:1.0-port0
1790755125.8925,C,683,36172,-64,/dev/serial/by-path/pci-0000:05:00.3-usb-0:2.1.3:1.0-port0
1790755125.8950,A,709,36181,-64,/dev/serial/by-path/pci-0000:05:00.3-usb-0:2.1.1:1.0-port0
1790755125.9377,B,692,36218,-60,/dev/serial/by-path/pci-0000:05:00.3-usb-0:2.1.2:1.0-port0
1790755125.9379,C,684,36217,-64,/dev/serial/by-path/pci-0000:05:00.3-usb-0:2.1.3:1.0-port0
1790755125.9461,A,710,36232,-63,/dev/serial/by-path/pci-0000:05:00.3-usb-0:2.1.1:1.0-port0
1790755125.9905,B,693,36271,-61,/dev/serial/by-path/pci-0000:05:00.3-usb-0:2.1.2:1.0-port0
1790755125.9922,C,685,36272,-66,/dev/serial/by-path/pci-0000:05:00.3-usb-0:2.1.3:1.0-port0
1790755125.9944,A,711,36280,-61,/dev/serial/by-path/pci-0000:05:00.3-usb-0:2.1.1:1.0-port0
1790755126.0258,B,694,36307,-69,/dev/serial/by-path/pci-0000:05:00.3-usb-0:2.1.2:1.0-port0
1790755126.0426,C,686,36322,-64,/dev/serial/by-path/pci-0000:05:00.3-usb-0:2.1.3:1.0-port0
1790755126.0466,A,712,36333,-63,/dev/serial/by-path/pci-0000:05:00.3-usb-0:2.1.1:1.0-port0
1790755126.0713,A,713,36357,-64,/dev/serial/by-path/pci-0000:05:00.3-usb-0:2.1.1:1.0-port0
1790755126.0716,C,687,36351,-64,/dev/serial/by-path/pci-0000:05:00.3-usb-0:2.1.3:1.0-port0
1790755126.0792,B,695,36360,-60,/dev/serial/by-path/pci-0000:05:00.3-usb-0:2.1.2:1.0-port0
1790755126.1165,C,688,36396,-68,/dev/serial/by-path/pci-0000:05:00.3-usb-0:2.1.3:1.0-port0
1790755126.1167,A,714,36402,-61,/dev/serial/by-path/pci-0000:05:00.3-usb-0:2.1.1:1.0-port0
1790755126.1275,B,696,36408,-61,/dev/serial/by-path/pci-0000:05:00.3-usb-0:2.1.2:1.0-port0
1790755126.1636,B,697,36444,-68,/dev/serial/by-path/pci-0000:05:00.3-usb-0:2.1.2:1.0-port0
1790755126.1923,C,689,36472,-62,/dev/serial/by-path/pci-0000:05:00.3-usb-0:2.1.3:1.0-port0
1790755126.1969,A,715,36483,-62,/dev/serial/by-path/pci-0000:05:00.3-usb-0:2.1.1:1.0-port0
1790755126.2032,B,698,36484,-60,/dev/serial/by-path/pci-0000:05:00.3-usb-0:2.1.2:1.0-port0
1790755126.2034,C,690,36483,-66,/dev/serial/by-path/pci-0000:05:00.3-usb-0:2.1.3:1.0-port0
1790755126.2066,A,716,36492,-64,/dev/serial/by-path/pci-0000:05:00.3-usb-0:2.1.1:1.0-port0
1790755126.2707,B,699,36552,-60,/dev/serial/by-path/pci-0000:05:00.3-usb-0:2.1.2:1.0-port0
1790755126.2710,C,691,36551,-71,/dev/serial/by-path/pci-0000:05:00.3-usb-0:2.1.3:1.0-port0
1790755126.3155,B,700,36596,-68,/dev/serial/by-path/pci-0000:05:00.3-usb-0:2.1.2:1.0-port0
1790755126.3403,A,717,36626,-63,/dev/serial/by-path/pci-0000:05:00.3-usb-0:2.1.1:1.0-port0
1790755126.3408,B,701,36621,-68,/dev/serial/by-path/pci-0000:05:00.3-usb-0:2.1.2:1.0-port0
1790755126.3410,C,692,36620,-62,/dev/serial/by-path/pci-0000:05:00.3-usb-0:2.1.3:1.0-port0
1790755126.3803,B,702,36661,-60,/dev/serial/by-path/pci-0000:05:00.3-usb-0:2.1.2:1.0-port0
1790755126.3806,C,693,36660,-66,/dev/serial/by-path/pci-0000:05:00.3-usb-0:2.1.3:1.0-port0
1790755126.3813,A,718,36667,-64,/dev/serial/by-path/pci-0000:05:00.3-usb-0:2.1.1:1.0-port0
1790755126.4233,A,719,36709,-62,/dev/serial/by-path/pci-0000:05:00.3-usb-0:2.1.1:1.0-port0
1790755126.4237,C,694,36703,-70,/dev/serial/by-path/pci-0000:05:00.3-usb-0:2.1.3:1.0-port0
1790755126.4410,B,703,36722,-60,/dev/serial/by-path/pci-0000:05:00.3-usb-0:2.1.2:1.0-port0
1790755126.4850,C,695,36764,-65,/dev/serial/by-path/pci-0000:05:00.3-usb-0:2.1.3:1.0-port0
1790755126.4851,B,704,36766,-68,/dev/serial/by-path/pci-0000:05:00.3-usb-0:2.1.2:1.0-port0
1790755126.4854,A,720,36771,-63,/dev/serial/by-path/pci-0000:05:00.3-usb-0:2.1.1:1.0-port0
1790755126.5103,C,696,36790,-67,/dev/serial/by-path/pci-0000:05:00.3-usb-0:2.1.3:1.0-port0
1790755126.5107,A,721,36796,-65,/dev/serial/by-path/pci-0000:05:00.3-usb-0:2.1.1:1.0-port0
1790755126.5268,B,705,36808,-61,/dev/serial/by-path/pci-0000:05:00.3-usb-0:2.1.2:1.0-port0
1790755126.5582,B,706,36839,-62,/dev/serial/by-path/pci-0000:05:00.3-usb-0:2.1.2:1.0-port0
1790755126.5854,C,697,36865,-69,/dev/serial/by-path/pci-0000:05:00.3-usb-0:2.1.3:1.0-port0
1790755126.5862,A,722,36872,-62,/dev/serial/by-path/pci-0000:05:00.3-usb-0:2.1.1:1.0-port0
1790755126.6334,A,723,36919,-63,/dev/serial/by-path/pci-0000:05:00.3-usb-0:2.1.1:1.0-port0
1790755126.6338,C,698,36913,-64,/dev/serial/by-path/pci-0000:05:00.3-usb-0:2.1.3:1.0-port0
1790755126.6340,B,707,36914,-67,/dev/serial/by-path/pci-0000:05:00.3-usb-0:2.1.2:1.0-port0
1790755126.6765,B,708,36958,-62,/dev/serial/by-path/pci-0000:05:00.3-usb-0:2.1.2:1.0-port0
1790755126.6922,C,699,36972,-68,/dev/serial/by-path/pci-0000:05:00.3-usb-0:2.1.3:1.0-port0
1790755126.6975,B,709,36978,-62,/dev/serial/by-path/pci-0000:05:00.3-usb-0:2.1.2:1.0-port0
1790755126.7036,C,700,36983,-70,/dev/serial/by-path/pci-0000:05:00.3-usb-0:2.1.3:1.0-port0
1790755126.7373,C,701,37018,-71,/dev/serial/by-path/pci-0000:05:00.3-usb-0:2.1.3:1.0-port0
1790755126.7380,B,710,37019,-62,/dev/serial/by-path/pci-0000:05:00.3-usb-0:2.1.2:1.0-port0
1790755126.7463,A,724,37032,-62,/dev/serial/by-path/pci-0000:05:00.3-usb-0:2.1.1:1.0-port0
1790755126.7890,C,702,37068,-66,/dev/serial/by-path/pci-0000:05:00.3-usb-0:2.1.3:1.0-port0
1790755126.7893,A,725,37075,-63,/dev/serial/by-path/pci-0000:05:00.3-usb-0:2.1.1:1.0-port0
1790755126.7902,B,711,37071,-67,/dev/serial/by-path/pci-0000:05:00.3-usb-0:2.1.2:1.0-port0
1790755126.8366,B,712,37118,-62,/dev/serial/by-path/pci-0000:05:00.3-usb-0:2.1.2:1.0-port0
1790755126.8369,C,703,37116,-67,/dev/serial/by-path/pci-0000:05:00.3-usb-0:2.1.3:1.0-port0
1790755126.8372,A,726,37123,-66,/dev/serial/by-path/pci-0000:05:00.3-usb-0:2.1.1:1.0-port0
1790755126.8906,B,713,37172,-61,/dev/serial/by-path/pci-0000:05:00.3-usb-0:2.1.2:1.0-port0
1790755126.8964,A,727,37182,-63,/dev/serial/by-path/pci-0000:05:00.3-usb-0:2.1.1:1.0-port0
1790755126.9296,B,714,37211,-66,/dev/serial/by-path/pci-0000:05:00.3-usb-0:2.1.2:1.0-port0
1790755126.9423,C,704,37222,-64,/dev/serial/by-path/pci-0000:05:00.3-usb-0:2.1.3:1.0-port0
1790755126.9464,A,728,37232,-64,/dev/serial/by-path/pci-0000:05:00.3-usb-0:2.1.1:1.0-port0
1790755126.9694,A,729,37255,-65,/dev/serial/by-path/pci-0000:05:00.3-usb-0:2.1.1:1.0-port0
1790755126.9698,C,705,37249,-66,/dev/serial/by-path/pci-0000:05:00.3-usb-0:2.1.3:1.0-port0
1790755126.9702,B,715,37250,-61,/dev/serial/by-path/pci-0000:05:00.3-usb-0:2.1.2:1.0-port0
1790755127.0404,B,716,37321,-62,/dev/serial/by-path/pci-0000:05:00.3-usb-0:2.1.2:1.0-port0
1790755127.0424,A,730,37328,-61,/dev/serial/by-path/pci-0000:05:00.3-usb-0:2.1.1:1.0-port0
1790755127.0578,C,706,37337,-68,/dev/serial/by-path/pci-0000:05:00.3-usb-0:2.1.3:1.0-port0
1790755127.0583,A,731,37344,-63,/dev/serial/by-path/pci-0000:05:00.3-usb-0:2.1.1:1.0-port0
1790755127.0762,B,717,37357,-67,/dev/serial/by-path/pci-0000:05:00.3-usb-0:2.1.2:1.0-port0
1790755127.1525,C,707,37432,-69,/dev/serial/by-path/pci-0000:05:00.3-usb-0:2.1.3:1.0-port0
1790755127.1528,B,718,37433,-61,/dev/serial/by-path/pci-0000:05:00.3-usb-0:2.1.2:1.0-port0
1790755127.1530,A,732,37438,-62,/dev/serial/by-path/pci-0000:05:00.3-usb-0:2.1.1:1.0-port0
1790755127.1956,A,733,37481,-62,/dev/serial/by-path/pci-0000:05:00.3-usb-0:2.1.1:1.0-port0
1790755127.2178,B,719,37499,-66,/dev/serial/by-path/pci-0000:05:00.3-usb-0:2.1.2:1.0-port0
1790755127.2423,C,708,37523,-64,/dev/serial/by-path/pci-0000:05:00.3-usb-0:2.1.3:1.0-port0
1790755127.2446,C,709,37523,-66,/dev/serial/by-path/pci-0000:05:00.3-usb-0:2.1.3:1.0-port0
1790755127.2462,A,734,37532,-63,/dev/serial/by-path/pci-0000:05:00.3-usb-0:2.1.1:1.0-port0
1790755127.2822,B,720,37563,-61,/dev/serial/by-path/pci-0000:05:00.3-usb-0:2.1.2:1.0-port0
1790755127.2824,A,735,37568,-66,/dev/serial/by-path/pci-0000:05:00.3-usb-0:2.1.1:1.0-port0
1790755127.2826,C,710,37562,-68,/dev/serial/by-path/pci-0000:05:00.3-usb-0:2.1.3:1.0-port0
1790755127.3274,B,721,37608,-61,/dev/serial/by-path/pci-0000:05:00.3-usb-0:2.1.2:1.0-port0
1790755127.3275,C,711,37607,-70,/dev/serial/by-path/pci-0000:05:00.3-usb-0:2.1.3:1.0-port0
1790755127.3296,A,736,37616,-61,/dev/serial/by-path/pci-0000:05:00.3-usb-0:2.1.1:1.0-port0
1790755127.3775,B,722,37658,-66,/dev/serial/by-path/pci-0000:05:00.3-usb-0:2.1.2:1.0-port0
1790755127.3778,A,737,37663,-64,/dev/serial/by-path/pci-0000:05:00.3-usb-0:2.1.1:1.0-port0
1790755127.3780,C,712,37657,-66,/dev/serial/by-path/pci-0000:05:00.3-usb-0:2.1.3:1.0-port0
1790755127.4220,B,723,37703,-61,/dev/serial/by-path/pci-0000:05:00.3-usb-0:2.1.2:1.0-port0
1790755127.4221,C,713,37701,-67,/dev/serial/by-path/pci-0000:05:00.3-usb-0:2.1.3:1.0-port0
1790755127.4462,A,738,37732,-65,/dev/serial/by-path/pci-0000:05:00.3-usb-0:2.1.1:1.0-port0
1790755127.4704,A,739,37756,-62,/dev/serial/by-path/pci-0000:05:00.3-usb-0:2.1.1:1.0-port0
1790755127.4711,B,724,37751,-61,/dev/serial/by-path/pci-0000:05:00.3-usb-0:2.1.2:1.0-port0
1790755127.4712,C,714,37750,-69,/dev/serial/by-path/pci-0000:05:00.3-usb-0:2.1.3:1.0-port0
1790755127.5170,C,715,37797,-65,/dev/serial/by-path/pci-0000:05:00.3-usb-0:2.1.3:1.0-port0
1790755127.5174,B,725,37798,-65,/dev/serial/by-path/pci-0000:05:00.3-usb-0:2.1.2:1.0-port0
1790755127.5464,A,740,37832,-64,/dev/serial/by-path/pci-0000:05:00.3-usb-0:2.1.1:1.0-port0
1790755127.5714,B,726,37853,-61,/dev/serial/by-path/pci-0000:05:00.3-usb-0:2.1.2:1.0-port0
1790755127.5780,A,741,37863,-65,/dev/serial/by-path/pci-0000:05:00.3-usb-0:2.1.1:1.0-port0
1790755127.5783,C,716,37857,-67,/dev/serial/by-path/pci-0000:05:00.3-usb-0:2.1.3:1.0-port0
1790755127.6232,A,742,37909,-62,/dev/serial/by-path/pci-0000:05:00.3-usb-0:2.1.1:1.0-port0
1790755127.6233,C,717,37902,-68,/dev/serial/by-path/pci-0000:05:00.3-usb-0:2.1.3:1.0-port0
1790755127.6237,B,727,37904,-61,/dev/serial/by-path/pci-0000:05:00.3-usb-0:2.1.2:1.0-port0
1790755127.6464,A,743,37932,-62,/dev/serial/by-path/pci-0000:05:00.3-usb-0:2.1.1:1.0-port0
1790755127.6821,B,728,37963,-65,/dev/serial/by-path/pci-0000:05:00.3-usb-0:2.1.2:1.0-port0
1790755127.6976,A,744,37983,-64,/dev/serial/by-path/pci-0000:05:00.3-usb-0:2.1.1:1.0-port0
1790755127.7300,B,729,38011,-61,/dev/serial/by-path/pci-0000:05:00.3-usb-0:2.1.2:1.0-port0
1790755127.7462,A,745,38032,-65,/dev/serial/by-path/pci-0000:05:00.3-usb-0:2.1.1:1.0-port0
1790755127.7871,B,730,38068,-61,/dev/serial/by-path/pci-0000:05:00.3-usb-0:2.1.2:1.0-port0
1790755127.7923,C,718,38072,-65,/dev/serial/by-path/pci-0000:05:00.3-usb-0:2.1.3:1.0-port0
1790755127.7963,A,746,38082,-62,/dev/serial/by-path/pci-0000:05:00.3-usb-0:2.1.1:1.0-port0
1790755127.8365,B,731,38117,-65,/dev/serial/by-path/pci-0000:05:00.3-usb-0:2.1.2:1.0-port0
1790755127.8425,C,719,38122,-66,/dev/serial/by-path/pci-0000:05:00.3-usb-0:2.1.3:1.0-port0
1790755127.8464,A,747,38132,-65,/dev/serial/by-path/pci-0000:05:00.3-usb-0:2.1.1:1.0-port0
1790755127.8799,A,748,38166,-65,/dev/serial/by-path/pci-0000:05:00.3-usb-0:2.1.1:1.0-port0
1790755127.8803,B,732,38161,-61,/dev/serial/by-path/pci-0000:05:00.3-usb-0:2.1.2:1.0-port0
1790755127.8804,C,720,38160,-66,/dev/serial/by-path/pci-0000:05:00.3-usb-0:2.1.3:1.0-port0
1790755127.9405,B,733,38221,-62,/dev/serial/by-path/pci-0000:05:00.3-usb-0:2.1.2:1.0-port0
1790755127.9428,C,721,38222,-68,/dev/serial/by-path/pci-0000:05:00.3-usb-0:2.1.3:1.0-port0
1790755127.9463,A,749,38232,-62,/dev/serial/by-path/pci-0000:05:00.3-usb-0:2.1.1:1.0-port0
1790755127.9911,B,734,38272,-65,/dev/serial/by-path/pci-0000:05:00.3-usb-0:2.1.2:1.0-port0
1790755127.9925,C,722,38272,-67,/dev/serial/by-path/pci-0000:05:00.3-usb-0:2.1.3:1.0-port0
1790755127.9953,A,750,38281,-65,/dev/serial/by-path/pci-0000:05:00.3-usb-0:2.1.1:1.0-port0
1790755128.0362,C,723,38316,-66,/dev/serial/by-path/pci-0000:05:00.3-usb-0:2.1.3:1.0-port0
1790755128.0364,B,735,38317,-61,/dev/serial/by-path/pci-0000:05:00.3-usb-0:2.1.2:1.0-port0
1790755128.0367,A,751,38322,-65,/dev/serial/by-path/pci-0000:05:00.3-usb-0:2.1.1:1.0-port0
1790755128.0962,A,752,38382,-62,/dev/serial/by-path/pci-0000:05:00.3-usb-0:2.1.1:1.0-port0
1790755128.0986,B,736,38379,-66,/dev/serial/by-path/pci-0000:05:00.3-usb-0:2.1.2:1.0-port0
1790755128.0990,C,724,38378,-66,/dev/serial/by-path/pci-0000:05:00.3-usb-0:2.1.3:1.0-port0
1790755128.1463,A,753,38432,-64,/dev/serial/by-path/pci-0000:05:00.3-usb-0:2.1.1:1.0-port0
1790755128.1854,B,737,38466,-61,/dev/serial/by-path/pci-0000:05:00.3-usb-0:2.1.2:1.0-port0
1790755128.1874,C,725,38467,-66,/dev/serial/by-path/pci-0000:05:00.3-usb-0:2.1.3:1.0-port0
1790755128.1904,B,738,38471,-60,/dev/serial/by-path/pci-0000:05:00.3-usb-0:2.1.2:1.0-port0
1790755128.1967,A,754,38483,-67,/dev/serial/by-path/pci-0000:05:00.3-usb-0:2.1.1:1.0-port0
1790755128.2309,C,726,38510,-67,/dev/serial/by-path/pci-0000:05:00.3-usb-0:2.1.3:1.0-port0
1790755128.2313,B,739,38512,-62,/dev/serial/by-path/pci-0000:05:00.3-usb-0:2.1.2:1.0-port0
1790755128.2316,A,755,38517,-62,/dev/serial/by-path/pci-0000:05:00.3-usb-0:2.1.1:1.0-port0
1790755128.2766,C,727,38556,-66,/dev/serial/by-path/pci-0000:05:00.3-usb-0:2.1.3:1.0-port0
1790755128.2796,A,756,38565,-64,/dev/serial/by-path/pci-0000:05:00.3-usb-0:2.1.1:1.0-port0
1790755128.2798,B,740,38560,-65,/dev/serial/by-path/pci-0000:05:00.3-usb-0:2.1.2:1.0-port0
1790755128.3251,A,757,38612,-66,/dev/serial/by-path/pci-0000:05:00.3-usb-0:2.1.1:1.0-port0
1790755128.3256,C,728,38606,-66,/dev/serial/by-path/pci-0000:05:00.3-usb-0:2.1.3:1.0-port0
1790755128.3365,B,741,38617,-61,/dev/serial/by-path/pci-0000:05:00.3-usb-0:2.1.2:1.0-port0
1790755128.3746,A,758,38660,-62,/dev/serial/by-path/pci-0000:05:00.3-usb-0:2.1.1:1.0-port0
1790755128.3748,B,742,38655,-83,/dev/serial/by-path/pci-0000:05:00.3-usb-0:2.1.2:1.0-port0
1790755128.3922,C,729,38672,-66,/dev/serial/by-path/pci-0000:05:00.3-usb-0:2.1.3:1.0-port0
1790755128.4172,C,730,38697,-66,/dev/serial/by-path/pci-0000:05:00.3-usb-0:2.1.3:1.0-port0
1790755128.4177,A,759,38704,-64,/dev/serial/by-path/pci-0000:05:00.3-usb-0:2.1.1:1.0-port0
1790755128.4404,B,743,38721,-65,/dev/serial/by-path/pci-0000:05:00.3-usb-0:2.1.2:1.0-port0
1790755128.4647,A,760,38751,-66,/dev/serial/by-path/pci-0000:05:00.3-usb-0:2.1.1:1.0-port0
1790755128.4651,C,731,38744,-65,/dev/serial/by-path/pci-0000:05:00.3-usb-0:2.1.3:1.0-port0
1790755128.4651,B,744,38746,-61,/dev/serial/by-path/pci-0000:05:00.3-usb-0:2.1.2:1.0-port0
1790755128.5136,B,745,38794,-62,/dev/serial/by-path/pci-0000:05:00.3-usb-0:2.1.2:1.0-port0
1790755128.5140,C,732,38793,-66,/dev/serial/by-path/pci-0000:05:00.3-usb-0:2.1.3:1.0-port0
1790755128.5143,A,761,38799,-62,/dev/serial/by-path/pci-0000:05:00.3-usb-0:2.1.1:1.0-port0
1790755128.5711,B,746,38852,-66,/dev/serial/by-path/pci-0000:05:00.3-usb-0:2.1.2:1.0-port0
1790755128.5922,C,733,38872,-68,/dev/serial/by-path/pci-0000:05:00.3-usb-0:2.1.3:1.0-port0
1790755128.5947,A,762,38880,-64,/dev/serial/by-path/pci-0000:05:00.3-usb-0:2.1.1:1.0-port0
1790755128.6091,B,747,38890,-61,/dev/serial/by-path/pci-0000:05:00.3-usb-0:2.1.2:1.0-port0
1790755128.6125,C,734,38893,-66,/dev/serial/by-path/pci-0000:05:00.3-usb-0:2.1.3:1.0-port0
1790755128.6682,C,735,38948,-67,/dev/serial/by-path/pci-0000:05:00.3-usb-0:2.1.3:1.0-port0
1790755128.6785,B,748,38959,-62,/dev/serial/by-path/pci-0000:05:00.3-usb-0:2.1.2:1.0-port0
1790755128.6975,A,763,38983,-63,/dev/serial/by-path/pci-0000:05:00.3-usb-0:2.1.1:1.0-port0
1790755128.7210,C,736,39000,-67,/dev/serial/by-path/pci-0000:05:00.3-usb-0:2.1.3:1.0-port0
1790755128.7214,B,749,39002,-65,/dev/serial/by-path/pci-0000:05:00.3-usb-0:2.1.2:1.0-port0
1790755128.7451,A,764,39031,-64,/dev/serial/by-path/pci-0000:05:00.3-usb-0:2.1.1:1.0-port0
1790755128.7916,C,737,39072,-66,/dev/serial/by-path/pci-0000:05:00.3-usb-0:2.1.3:1.0-port0
1790755128.7930,A,765,39078,-66,/dev/serial/by-path/pci-0000:05:00.3-usb-0:2.1.1:1.0-port0
1790755128.8415,A,766,39127,-62,/dev/serial/by-path/pci-0000:05:00.3-usb-0:2.1.1:1.0-port0
1790755128.8418,C,738,39121,-67,/dev/serial/by-path/pci-0000:05:00.3-usb-0:2.1.3:1.0-port0
1790755128.8906,B,750,39171,-66,/dev/serial/by-path/pci-0000:05:00.3-usb-0:2.1.2:1.0-port0
1790755128.8922,C,739,39172,-67,/dev/serial/by-path/pci-0000:05:00.3-usb-0:2.1.3:1.0-port0
1790755128.8961,A,767,39182,-64,/dev/serial/by-path/pci-0000:05:00.3-usb-0:2.1.1:1.0-port0
1790755128.9248,C,740,39204,-66,/dev/serial/by-path/pci-0000:05:00.3-usb-0:2.1.3:1.0-port0
1790755128.9254,A,768,39212,-66,/dev/serial/by-path/pci-0000:05:00.3-usb-0:2.1.1:1.0-port0
1790755128.9274,B,751,39208,-61,/dev/serial/by-path/pci-0000:05:00.3-usb-0:2.1.2:1.0-port0
1790755129.0329,C,741,39312,-67,/dev/serial/by-path/pci-0000:05:00.3-usb-0:2.1.3:1.0-port0
1790755129.0330,A,769,39319,-64,/dev/serial/by-path/pci-0000:05:00.3-usb-0:2.1.1:1.0-port0
1790755129.0404,B,752,39321,-65,/dev/serial/by-path/pci-0000:05:00.3-usb-0:2.1.2:1.0-port0
1790755129.0662,B,753,39347,-61,/dev/serial/by-path/pci-0000:05:00.3-usb-0:2.1.2:1.0-port0
1790755129.0666,C,742,39346,-66,/dev/serial/by-path/pci-0000:05:00.3-usb-0:2.1.3:1.0-port0
1790755129.0668,A,770,39353,-66,/dev/serial/by-path/pci-0000:05:00.3-usb-0:2.1.1:1.0-port0
1790755129.1139,C,743,39394,-68,/dev/serial/by-path/pci-0000:05:00.3-usb-0:2.1.3:1.0-port0
1790755129.1199,B,754,39401,-62,/dev/serial/by-path/pci-0000:05:00.3-usb-0:2.1.2:1.0-port0
1790755129.1215,A,771,39407,-62,/dev/serial/by-path/pci-0000:05:00.3-usb-0:2.1.1:1.0-port0
1790755129.1565,A,772,39442,-64,/dev/serial/by-path/pci-0000:05:00.3-usb-0:2.1.1:1.0-port0
1790755129.1569,B,755,39437,-66,/dev/serial/by-path/pci-0000:05:00.3-usb-0:2.1.2:1.0-port0
1790755129.1573,C,744,39436,-67,/dev/serial/by-path/pci-0000:05:00.3-usb-0:2.1.3:1.0-port0
1790755129.1994,B,756,39480,-61,/dev/serial/by-path/pci-0000:05:00.3-usb-0:2.1.2:1.0-port0
1790755129.1995,C,745,39479,-66,/dev/serial/by-path/pci-0000:05:00.3-usb-0:2.1.3:1.0-port0
1790755129.2057,A,773,39491,-66,/dev/serial/by-path/pci-0000:05:00.3-usb-0:2.1.1:1.0-port0
1790755129.2402,B,757,39521,-60,/dev/serial/by-path/pci-0000:05:00.3-usb-0:2.1.2:1.0-port0
