t_pc,id,seq,ms,rssi,port
1790755163.4966,A,0,960,-72,/dev/serial/by-path/pci-0000:05:00.3-usb-0:2.1.1:1.0-port0
1790755163.5621,A,1,1026,-71,/dev/serial/by-path/pci-0000:05:00.3-usb-0:2.1.1:1.0-port0
1790755163.5967,A,2,1061,-75,/dev/serial/by-path/pci-0000:05:00.3-usb-0:2.1.1:1.0-port0
1790755163.6721,A,3,1136,-73,/dev/serial/by-path/pci-0000:05:00.3-usb-0:2.1.1:1.0-port0
1790755163.7221,A,4,1186,-72,/dev/serial/by-path/pci-0000:05:00.3-usb-0:2.1.1:1.0-port0
1790755163.7721,A,5,1236,-74,/dev/serial/by-path/pci-0000:05:00.3-usb-0:2.1.1:1.0-port0
1790755163.8221,A,6,1286,-74,/dev/serial/by-path/pci-0000:05:00.3-usb-0:2.1.1:1.0-port0
1790755163.8608,A,7,1325,-74,/dev/serial/by-path/pci-0000:05:00.3-usb-0:2.1.1:1.0-port0
1790755163.9030,B,0,1363,-74,/dev/serial/by-path/pci-0000:05:00.3-usb-0:2.1.2:1.0-port0
1790755163.9108,A,8,1374,-75,/dev/serial/by-path/pci-0000:05:00.3-usb-0:2.1.1:1.0-port0
1790755163.9485,A,9,1412,-75,/dev/serial/by-path/pci-0000:05:00.3-usb-0:2.1.1:1.0-port0
1790755163.9572,C,0,1415,-65,/dev/serial/by-path/pci-0000:05:00.3-usb-0:2.1.3:1.0-port0
1790755163.9912,B,1,1451,-66,/dev/serial/by-path/pci-0000:05:00.3-usb-0:2.1.2:1.0-port0
1790755163.9991,B,2,1459,-65,/dev/serial/by-path/pci-0000:05:00.3-usb-0:2.1.2:1.0-port0
1790755164.0418,B,3,1501,-65,/dev/serial/by-path/pci-0000:05:00.3-usb-0:2.1.2:1.0-port0
1790755164.0479,C,1,1506,-77,/dev/serial/by-path/pci-0000:05:00.3-usb-0:2.1.3:1.0-port0
1790755164.0485,A,10,1512,-76,/dev/serial/by-path/pci-0000:05:00.3-usb-0:2.1.1:1.0-port0
1790755164.0862,C,2,1544,-66,/dev/serial/by-path/pci-0000:05:00.3-usb-0:2.1.3:1.0-port0
1790755164.1033,A,11,1567,-73,/dev/serial/by-path/pci-0000:05:00.3-usb-0:2.1.1:1.0-port0
1790755164.1340,B,4,1594,-67,/dev/serial/by-path/pci-0000:05:00.3-usb-0:2.1.2:1.0-port0
1790755164.1403,C,3,1598,-70,/dev/serial/by-path/pci-0000:05:00.3-usb-0:2.1.3:1.0-port0
1790755164.1407,A,12,1604,-71,/dev/serial/by-path/pci-0000:05:00.3-usb-0:2.1.1:1.0-port0
1790755164.1792,B,5,1639,-66,/dev/serial/by-path/pci-0000:05:00.3-usb-0:2.1.2:1.0-port0
1790755164.2146,C,4,1673,-73,/dev/serial/by-path/pci-0000:05:00.3-usb-0:2.1.3:1.0-port0
1790755164.2225,A,13,1686,-74,/dev/serial/by-path/pci-0000:05:00.3-usb-0:2.1.1:1.0-port0
1790755164.2264,C,5,1684,-66,/dev/serial/by-path/pci-0000:05:00.3-usb-0:2.1.3:1.0-port0
1790755164.2268,B,6,1686,-77,/dev/serial/by-path/pci-0000:05:00.3-usb-0:2.1.2:1.0-port0
1790755164.2656,A,14,1727,-73,/dev/serial/by-path/pci-0000:05:00.3-usb-0:2.1.1:1.0-port0
1790755164.2733,B,7,1733,-66,/dev/serial/by-path/pci-0000:05:00.3-usb-0:2.1.2:1.0-port0
1790755164.2782,C,6,1736,-69,/dev/serial/by-path/pci-0000:05:00.3-usb-0:2.1.3:1.0-port0
1790755164.3206,A,15,1784,-70,/dev/serial/by-path/pci-0000:05:00.3-usb-0:2.1.1:1.0-port0
1790755164.3656,B,8,1825,-76,/dev/serial/by-path/pci-0000:05:00.3-usb-0:2.1.2:1.0-port0
1790755164.3675,A,16,1831,-73,/dev/serial/by-path/pci-0000:05:00.3-usb-0:2.1.1:1.0-port0
1790755164.4145,C,7,1873,-64,/dev/serial/by-path/pci-0000:05:00.3-usb-0:2.1.3:1.0-port0
1790755164.4220,A,17,1886,-75,/dev/serial/by-path/pci-0000:05:00.3-usb-0:2.1.1:1.0-port0
1790755164.4648,C,8,1923,-69,/dev/serial/by-path/pci-0000:05:00.3-usb-0:2.1.3:1.0-port0
1790755164.4715,B,9,1931,-65,/dev/serial/by-path/pci-0000:05:00.3-usb-0:2.1.2:1.0-port0
1790755164.4733,A,18,1936,-72,/dev/serial/by-path/pci-0000:05:00.3-usb-0:2.1.1:1.0-port0
1790755164.5042,C,9,1962,-68,/dev/serial/by-path/pci-0000:05:00.3-usb-0:2.1.3:1.0-port0
1790755164.5221,A,19,1986,-72,/dev/serial/by-path/pci-0000:05:00.3-usb-0:2.1.1:1.0-port0
1790755164.5262,B,10,1986,-74,/dev/serial/by-path/pci-0000:05:00.3-usb-0:2.1.2:1.0-port0
1790755164.5912,B,11,2051,-66,/dev/serial/by-path/pci-0000:05:00.3-usb-0:2.1.2:1.0-port0
1790755164.5942,C,10,2052,-71,/dev/serial/by-path/pci-0000:05:00.3-usb-0:2.1.3:1.0-port0
1790755164.5943,A,20,2058,-75,/dev/serial/by-path/pci-0000:05:00.3-usb-0:2.1.1:1.0-port0
1790755164.6354,C,11,2093,-70,/dev/serial/by-path/pci-0000:05:00.3-usb-0:2.1.3:1.0-port0
1790755164.6355,A,21,2099,-74,/dev/serial/by-path/pci-0000:05:00.3-usb-0:2.1.1:1.0-port0
1790755164.6415,B,12,2101,-66,/dev/serial/by-path/pci-0000:05:00.3-usb-0:2.1.2:1.0-port0
1790755164.6784,B,13,2138,-76,/dev/serial/by-path/pci-0000:05:00.3-usb-0:2.1.2:1.0-port0
1790755164.6809,A,22,2145,-78,/dev/serial/by-path/pci-0000:05:00.3-usb-0:2.1.1:1.0-port0
1790755164.6810,C,12,2139,-65,/dev/serial/by-path/pci-0000:05:00.3-usb-0:2.1.3:1.0-port0
1790755164.7220,A,23,2186,-78,/dev/serial/by-path/pci-0000:05:00.3-usb-0:2.1.1:1.0-port0
1790755164.7414,B,14,2201,-68,/dev/serial/by-path/pci-0000:05:00.3-usb-0:2.1.2:1.0-port0
1790755164.7515,C,13,2210,-73,/dev/serial/by-path/pci-0000:05:00.3-usb-0:2.1.3:1.0-port0
1790755164.7648,A,24,2229,-78,/dev/serial/by-path/pci-0000:05:00.3-usb-0:2.1.1:1.0-port0
1790755164.7648,C,14,2223,-74,/dev/serial/by-path/pci-0000:05:00.3-usb-0:2.1.3:1.0-port0
1790755164.7897,B,15,2249,-67,/dev/serial/by-path/pci-0000:05:00.3-usb-0:2.1.2:1.0-port0
1790755164.8055,B,16,2265,-76,/dev/serial/by-path/pci-0000:05:00.3-usb-0:2.1.2:1.0-port0
1790755164.8057,A,25,2270,-77,/dev/serial/by-path/pci-0000:05:00.3-usb-0:2.1.1:1.0-port0
1790755164.8059,C,15,2263,-72,/dev/serial/by-path/pci-0000:05:00.3-usb-0:2.1.3:1.0-port0
1790755164.8646,C,16,2323,-67,/dev/serial/by-path/pci-0000:05:00.3-usb-0:2.1.3:1.0-port0
1790755164.8718,A,26,2336,-79,/dev/serial/by-path/pci-0000:05:00.3-usb-0:2.1.1:1.0-port0
1790755164.9413,B,17,2401,-68,/dev/serial/by-path/pci-0000:05:00.3-usb-0:2.1.2:1.0-port0
1790755164.9416,C,17,2400,-76,/dev/serial/by-path/pci-0000:05:00.3-usb-0:2.1.3:1.0-port0
1790755164.9424,A,27,2406,-76,/dev/serial/by-path/pci-0000:05:00.3-usb-0:2.1.1:1.0-port0
1790755164.9807,B,18,2440,-78,/dev/serial/by-path/pci-0000:05:00.3-usb-0:2.1.2:1.0-port0
1790755164.9859,C,18,2444,-65,/dev/serial/by-path/pci-0000:05:00.3-usb-0:2.1.3:1.0-port0
1790755164.9890,A,28,2453,-80,/dev/serial/by-path/pci-0000:05:00.3-usb-0:2.1.1:1.0-port0
1790755165.0229,B,19,2482,-71,/dev/serial/by-path/pci-0000:05:00.3-usb-0:2.1.2:1.0-port0
1790755165.0305,C,19,2489,-74,/dev/serial/by-path/pci-0000:05:00.3-usb-0:2.1.3:1.0-port0
1790755165.0717,A,29,2536,-77,/dev/serial/by-path/pci-0000:05:00.3-usb-0:2.1.1:1.0-port0
1790755165.0911,B,20,2551,-68,/dev/serial/by-path/pci-0000:05:00.3-usb-0:2.1.2:1.0-port0
1790755165.1061,C,20,2564,-75,/dev/serial/by-path/pci-0000:05:00.3-usb-0:2.1.3:1.0-port0
1790755165.1064,A,30,2570,-77,/dev/serial/by-path/pci-0000:05:00.3-usb-0:2.1.1:1.0-port0
1790755165.1232,B,21,2583,-80,/dev/serial/by-path/pci-0000:05:00.3-usb-0:2.1.2:1.0-port0
1790755165.1551,B,22,2615,-70,/dev/serial/by-path/pci-0000:05:00.3-usb-0:2.1.2:1.0-port0
1790755165.1553,A,31,2619,-81,/dev/serial/by-path/pci-0000:05:00.3-usb-0:2.1.1:1.0-port0
1790755165.1646,C,21,2623,-65,/dev/serial/by-path/pci-0000:05:00.3-usb-0:2.1.3:1.0-port0
1790755165.2001,A,32,2664,-75,/dev/serial/by-path/pci-0000:05:00.3-usb-0:2.1.1:1.0-port0
1790755165.2048,C,22,2663,-71,/dev/serial/by-path/pci-0000:05:00.3-usb-0:2.1.3:1.0-port0
1790755165.2051,B,23,2665,-68,/dev/serial/by-path/pci-0000:05:00.3-usb-0:2.1.2:1.0-port0
1790755165.2651,C,23,2723,-75,/dev/serial/by-path/pci-0000:05:00.3-usb-0:2.1.3:1.0-port0
1790755165.2717,A,33,2736,-78,/dev/serial/by-path/pci-0000:05:00.3-usb-0:2.1.1:1.0-port0
1790755165.2844,B,24,2744,-80,/dev/serial/by-path/pci-0000:05:00.3-usb-0:2.1.2:1.0-port0
1790755165.3106,C,24,2769,-64,/dev/serial/by-path/pci-0000:05:00.3-usb-0:2.1.3:1.0-port0
1790755165.3110,A,34,2775,-82,/dev/serial/by-path/pci-0000:05:00.3-usb-0:2.1.1:1.0-port0
1790755165.3346,B,25,2794,-71,/dev/serial/by-path/pci-0000:05:00.3-usb-0:2.1.2:1.0-port0
1790755165.3645,C,25,2823,-73,/dev/serial/by-path/pci-0000:05:00.3-usb-0:2.1.3:1.0-port0
1790755165.3689,A,35,2833,-76,/dev/serial/by-path/pci-0000:05:00.3-usb-0:2.1.1:1.0-port0
1790755165.3849,B,26,2844,-68,/dev/serial/by-path/pci-0000:05:00.3-usb-0:2.1.2:1.0-port0
1790755165.4140,C,26,2872,-75,/dev/serial/by-path/pci-0000:05:00.3-usb-0:2.1.3:1.0-port0
1790755165.4142,A,36,2878,-77,/dev/serial/by-path/pci-0000:05:00.3-usb-0:2.1.1:1.0-port0
1790755165.4327,C,27,2891,-64,/dev/serial/by-path/pci-0000:05:00.3-usb-0:2.1.3:1.0-port0
1790755165.4413,B,27,2901,-80,/dev/serial/by-path/pci-0000:05:00.3-usb-0:2.1.2:1.0-port0
1790755165.4474,A,37,2911,-86,/dev/serial/by-path/pci-0000:05:00.3-usb-0:2.1.1:1.0-port0
1790755165.4843,C,28,2943,-77,/dev/serial/by-path/pci-0000:05:00.3-usb-0:2.1.3:1.0-port0
1790755165.4844,B,28,2944,-74,/dev/serial/by-path/pci-0000:05:00.3-usb-0:2.1.2:1.0-port0
1790755165.4863,A,38,2949,-81,/dev/serial/by-path/pci-0000:05:00.3-usb-0:2.1.1:1.0-port0
1790755165.5283,A,39,2992,-79,/dev/serial/by-path/pci-0000:05:00.3-usb-0:2.1.1:1.0-port0
1790755165.5285,B,29,2988,-69,/dev/serial/by-path/pci-0000:05:00.3-usb-0:2.1.2:1.0-port0
1790755165.5288,C,29,2986,-78,/dev/serial/by-path/pci-0000:05:00.3-usb-0:2.1.3:1.0-port0
1790755165.5712,B,30,3031,-81,/dev/serial/by-path/pci-0000:05:00.3-usb-0:2.1.2:1.0-port0
1790755165.5713,A,40,3035,-78,/dev/serial/by-path/pci-0000:05:00.3-usb-0:2.1.1:1.0-port0
1790755165.6082,C,30,3066,-65,/dev/serial/by-path/pci-0000:05:00.3-usb-0:2.1.3:1.0-port0
1790755165.6217,A,41,3086,-86,/dev/serial/by-path/pci-0000:05:00.3-usb-0:2.1.1:1.0-port0
1790755165.6315,B,31,3091,-73,/dev/serial/by-path/pci-0000:05:00.3-usb-0:2.1.2:1.0-port0
1790755165.6595,B,32,3119,-69,/dev/serial/by-path/pci-0000:05:00.3-usb-0:2.1.2:1.0-port0
1790755165.6648,C,31,3123,-79,/dev/serial/by-path/pci-0000:05:00.3-usb-0:2.1.3:1.0-port0
1790755165.6719,A,42,3136,-84,/dev/serial/by-path/pci-0000:05:00.3-usb-0:2.1.1:1.0-port0
1790755165.6912,B,33,3151,-69,/dev/serial/by-path/pci-0000:05:00.3-usb-0:2.1.2:1.0-port0
1790755165.6916,C,32,3150,-80,/dev/serial/by-path/pci-0000:05:00.3-usb-0:2.1.3:1.0-port0
1790755165.7226,A,43,3186,-78,/dev/serial/by-path/pci-0000:05:00.3-usb-0:2.1.1:1.0-port0
1790755165.7317,A,44,3196,-86,/dev/serial/by-path/pci-0000:05:00.3-usb-0:2.1.1:1.0-port0
1790755165.7391,C,33,3197,-64,/dev/serial/by-path/pci-0000:05:00.3-usb-0:2.1.3:1.0-port0
1790755165.7395,B,34,3199,-81,/dev/serial/by-path/pci-0000:05:00.3-usb-0:2.1.2:1.0-port0
1790755165.7828,B,35,3242,-72,/dev/serial/by-path/pci-0000:05:00.3-usb-0:2.1.2:1.0-port0
1790755165.7830,C,34,3241,-77,/dev/serial/by-path/pci-0000:05:00.3-usb-0:2.1.3:1.0-port0
1790755165.8178,A,45,3282,-81,/dev/serial/by-path/pci-0000:05:00.3-usb-0:2.1.1:1.0-port0
1790755165.8413,B,36,3301,-69,/dev/serial/by-path/pci-0000:05:00.3-usb-0:2.1.2:1.0-port0
1790755165.8477,C,35,3306,-81,/dev/serial/by-path/pci-0000:05:00.3-usb-0:2.1.3:1.0-port0
1790755165.8624,B,37,3322,-80,/dev/serial/by-path/pci-0000:05:00.3-usb-0:2.1.2:1.0-port0
1790755165.8647,A,46,3328,-78,/dev/serial/by-path/pci-0000:05:00.3-usb-0:2.1.1:1.0-port0
1790755165.8650,C,36,3323,-84,/dev/serial/by-path/pci-0000:05:00.3-usb-0:2.1.3:1.0-port0
1790755165.9163,C,37,3373,-65,/dev/serial/by-path/pci-0000:05:00.3-usb-0:2.1.3:1.0-port0
1790755165.9214,A,47,3386,-86,/dev/serial/by-path/pci-0000:05:00.3-usb-0:2.1.1:1.0-port0
1790755165.9412,B,38,3401,-72,/dev/serial/by-path/pci-0000:05:00.3-usb-0:2.1.2:1.0-port0
1790755165.9528,C,38,3411,-76,/dev/serial/by-path/pci-0000:05:00.3-usb-0:2.1.3:1.0-port0
1790755165.9542,A,48,3418,-79,/dev/serial/by-path/pci-0000:05:00.3-usb-0:2.1.1:1.0-port0
1790755165.9585,B,39,3418,-70,/dev/serial/by-path/pci-0000:05:00.3-usb-0:2.1.2:1.0-port0
1790755165.9970,A,49,3461,-81,/dev/serial/by-path/pci-0000:05:00.3-usb-0:2.1.1:1.0-port0
1790755166.0096,B,40,3469,-81,/dev/serial/by-path/pci-0000:05:00.3-usb-0:2.1.2:1.0-port0
1790755166.0145,C,39,3473,-85,/dev/serial/by-path/pci-0000:05:00.3-usb-0:2.1.3:1.0-port0
1790755166.0372,A,50,3501,-90,/dev/serial/by-path/pci-0000:05:00.3-usb-0:2.1.1:1.0-port0
1790755166.0374,B,41,3497,-79,/dev/serial/by-path/pci-0000:05:00.3-usb-0:2.1.2:1.0-port0
1790755166.0592,C,40,3517,-65,/dev/serial/by-path/pci-0000:05:00.3-usb-0:2.1.3:1.0-port0
1790755166.0864,B,42,3546,-72,/dev/serial/by-path/pci-0000:05:00.3-usb-0:2.1.2:1.0-port0
1790755166.1145,C,41,3573,-74,/dev/serial/by-path/pci-0000:05:00.3-usb-0:2.1.3:1.0-port0
1790755166.1217,A,51,3586,-77,/dev/serial/by-path/pci-0000:05:00.3-usb-0:2.1.1:1.0-port0
1790755166.1413,B,43,3601,-71,/dev/serial/by-path/pci-0000:05:00.3-usb-0:2.1.2:1.0-port0
1790755166.1626,C,42,3621,-81,/dev/serial/by-path/pci-0000:05:00.3-usb-0:2.1.3:1.0-port0
1790755166.1635,A,52,3628,-84,/dev/serial/by-path/pci-0000:05:00.3-usb-0:2.1.1:1.0-port0
1790755166.1813,B,44,3641,-78,/dev/serial/by-path/pci-0000:05:00.3-usb-0:2.1.2:1.0-port0
1790755166.1817,C,43,3640,-66,/dev/serial/by-path/pci-0000:05:00.3-usb-0:2.1.3:1.0-port0
1790755166.2202,B,45,3680,-73,/dev/serial/by-path/pci-0000:05:00.3-usb-0:2.1.2:1.0-port0
1790755166.2218,A,53,3686,-90,/dev/serial/by-path/pci-0000:05:00.3-usb-0:2.1.1:1.0-port0
1790755166.2613,C,44,3720,-76,/dev/serial/by-path/pci-0000:05:00.3-usb-0:2.1.3:1.0-port0
1790755166.3547,C,45,3813,-66,/dev/serial/by-path/pci-0000:05:00.3-usb-0:2.1.3:1.0-port0
1790755166.3550,B,46,3815,-72,/dev/serial/by-path/pci-0000:05:00.3-usb-0:2.1.2:1.0-port0
1790755166.3722,A,54,3836,-85,/dev/serial/by-path/pci-0000:05:00.3-usb-0:2.1.1:1.0-port0
1790755166.4057,A,55,3869,-78,/dev/serial/by-path/pci-0000:05:00.3-usb-0:2.1.1:1.0-port0
1790755166.4072,B,47,3867,-70,/dev/serial/by-path/pci-0000:05:00.3-usb-0:2.1.2:1.0-port0
1790755166.4145,C,46,3873,-77,/dev/serial/by-path/pci-0000:05:00.3-usb-0:2.1.3:1.0-port0
1790755166.4546,B,48,3914,-80,/dev/serial/by-path/pci-0000:05:00.3-usb-0:2.1.2:1.0-port0
1790755166.4564,C,47,3914,-77,/dev/serial/by-path/pci-0000:05:00.3-usb-0:2.1.3:1.0-port0
1790755166.4568,A,56,3921,-85,/dev/serial/by-path/pci-0000:05:00.3-usb-0:2.1.1:1.0-port0
1790755166.4982,C,48,3956,-66,/dev/serial/by-path/pci-0000:05:00.3-usb-0:2.1.3:1.0-port0
1790755166.4996,A,57,3962,-86,/dev/serial/by-path/pci-0000:05:00.3-usb-0:2.1.1:1.0-port0
1790755166.5854,A,58,4049,-84,/dev/serial/by-path/pci-0000:05:00.3-usb-0:2.1.1:1.0-port0
1790755166.5855,C,49,4043,-77,/dev/serial/by-path/pci-0000:05:00.3-usb-0:2.1.3:1.0-port0
1790755166.5888,B,49,4049,-72,/dev/serial/by-path/pci-0000:05:00.3-usb-0:2.1.2:1.0-port0
1790755166.6332,B,50,4093,-79,/dev/serial/by-path/pci-0000:05:00.3-usb-0:2.1.2:1.0-port0
1790755166.6646,C,50,4123,-66,/dev/serial/by-path/pci-0000:05:00.3-usb-0:2.1.3:1.0-port0
1790755166.6718,A,59,4136,-86,/dev/serial/by-path/pci-0000:05:00.3-usb-0:2.1.1:1.0-port0
1790755166.6878,C,51,4146,-77,/dev/serial/by-path/pci-0000:05:00.3-usb-0:2.1.3:1.0-port0
1790755166.6881,A,60,4152,-81,/dev/serial/by-path/pci-0000:05:00.3-usb-0:2.1.1:1.0-port0
1790755166.6886,B,51,4148,-72,/dev/serial/by-path/pci-0000:05:00.3-usb-0:2.1.2:1.0-port0
1790755166.7415,B,52,4201,-71,/dev/serial/by-path/pci-0000:05:00.3-usb-0:2.1.2:1.0-port0
1790755166.7512,C,52,4209,-76,/dev/serial/by-path/pci-0000:05:00.3-usb-0:2.1.3:1.0-port0
1790755166.7513,A,61,4215,-85,/dev/serial/by-path/pci-0000:05:00.3-usb-0:2.1.1:1.0-port0
1790755166.7722,A,62,4236,-88,/dev/serial/by-path/pci-0000:05:00.3-usb-0:2.1.1:1.0-port0
1790755166.7880,B,53,4248,-79,/dev/serial/by-path/pci-0000:05:00.3-usb-0:2.1.2:1.0-port0
1790755166.7884,C,53,4246,-66,/dev/serial/by-path/pci-0000:05:00.3-usb-0:2.1.3:1.0-port0
1790755166.8168,A,63,4281,-86,/dev/serial/by-path/pci-0000:05:00.3-usb-0:2.1.1:1.0-port0
1790755166.8169,B,54,4277,-72,/dev/serial/by-path/pci-0000:05:00.3-usb-0:2.1.2:1.0-port0
1790755166.8676,A,64,4331,-81,/dev/serial/by-path/pci-0000:05:00.3-usb-0:2.1.1:1.0-port0
1790755166.8677,C,54,4326,-76,/dev/serial/by-path/pci-0000:05:00.3-usb-0:2.1.3:1.0-port0
1790755166.8681,B,55,4328,-72,/dev/serial/by-path/pci-0000:05:00.3-usb-0:2.1.2:1.0-port0
1790755166.9226,A,65,4386,-89,/dev/serial/by-path/pci-0000:05:00.3-usb-0:2.1.1:1.0-port0
1790755166.9647,C,55,4423,-67,/dev/serial/by-path/pci-0000:05:00.3-usb-0:2.1.3:1.0-port0
1790755166.9722,A,66,4436,-84,/dev/serial/by-path/pci-0000:05:00.3-usb-0:2.1.1:1.0-port0
1790755166.9912,B,56,4451,-71,/dev/serial/by-path/pci-0000:05:00.3-usb-0:2.1.2:1.0-port0
1790755167.0067,B,57,4466,-71,/dev/serial/by-path/pci-0000:05:00.3-usb-0:2.1.2:1.0-port0
1790755167.0152,C,56,4473,-78,/dev/serial/by-path/pci-0000:05:00.3-usb-0:2.1.3:1.0-port0
1790755167.0223,A,67,4486,-78,/dev/serial/by-path/pci-0000:05:00.3-usb-0:2.1.1:1.0-port0
1790755167.0525,C,57,4511,-74,/dev/serial/by-path/pci-0000:05:00.3-usb-0:2.1.3:1.0-port0
1790755167.0657,B,58,4525,-80,/dev/serial/by-path/pci-0000:05:00.3-usb-0:2.1.2:1.0-port0
1790755167.0665,A,68,4531,-83,/dev/serial/by-path/pci-0000:05:00.3-usb-0:2.1.1:1.0-port0
1790755167.1027,C,58,4560,-67,/dev/serial/by-path/pci-0000:05:00.3-usb-0:2.1.3:1.0-port0
1790755167.1031,A,69,4567,-85,/dev/serial/by-path/pci-0000:05:00.3-usb-0:2.1.1:1.0-port0
1790755167.1034,B,59,4562,-71,/dev/serial/by-path/pci-0000:05:00.3-usb-0:2.1.2:1.0-port0
1790755167.1471,A,70,4611,-80,/dev/serial/by-path/pci-0000:05:00.3-usb-0:2.1.1:1.0-port0
1790755167.1474,C,59,4605,-77,/dev/serial/by-path/pci-0000:05:00.3-usb-0:2.1.3:1.0-port0
1790755167.1908,B,60,4651,-72,/dev/serial/by-path/pci-0000:05:00.3-usb-0:2.1.2:1.0-port0
1790755167.1908,B,61,4651,-72,/dev/serial/by-path/pci-0000:05:00.3-usb-0:2.1.2:1.0-port0
1790755167.2096,C,60,4668,-74,/dev/serial/by-path/pci-0000:05:00.3-usb-0:2.1.3:1.0-port0
1790755167.2097,A,71,4673,-84,/dev/serial/by-path/pci-0000:05:00.3-usb-0:2.1.1:1.0-port0
1790755167.2316,B,62,4691,-78,/dev/serial/by-path/pci-0000:05:00.3-usb-0:2.1.2:1.0-port0
1790755167.2602,C,61,4718,-66,/dev/serial/by-path/pci-0000:05:00.3-usb-0:2.1.3:1.0-port0
1790755167.2606,A,72,4724,-90,/dev/serial/by-path/pci-0000:05:00.3-usb-0:2.1.1:1.0-port0
1790755167.3407,C,62,4799,-73,/dev/serial/by-path/pci-0000:05:00.3-usb-0:2.1.3:1.0-port0
1790755167.3410,B,63,4800,-71,/dev/serial/by-path/pci-0000:05:00.3-usb-0:2.1.2:1.0-port0
1790755167.3694,B,64,4829,-78,/dev/serial/by-path/pci-0000:05:00.3-usb-0:2.1.2:1.0-port0
1790755167.3719,A,73,4836,-92,/dev/serial/by-path/pci-0000:05:00.3-usb-0:2.1.1:1.0-port0
1790755167.4147,C,63,4873,-67,/dev/serial/by-path/pci-0000:05:00.3-usb-0:2.1.3:1.0-port0
1790755167.4655,C,64,4923,-78,/dev/serial/by-path/pci-0000:05:00.3-usb-0:2.1.3:1.0-port0
1790755167.4678,A,74,4932,-90,/dev/serial/by-path/pci-0000:05:00.3-usb-0:2.1.1:1.0-port0
1790755167.4913,B,65,4951,-73,/dev/serial/by-path/pci-0000:05:00.3-usb-0:2.1.2:1.0-port0
1790755167.5046,C,65,4963,-75,/dev/serial/by-path/pci-0000:05:00.3-usb-0:2.1.3:1.0-port0
1790755167.5236,B,66,4983,-77,/dev/serial/by-path/pci-0000:05:00.3-usb-0:2.1.2:1.0-port0
1790755167.5645,C,66,5023,-67,/dev/serial/by-path/pci-0000:05:00.3-usb-0:2.1.3:1.0-port0
1790755167.5852,B,67,5045,-73,/dev/serial/by-path/pci-0000:05:00.3-usb-0:2.1.2:1.0-port0
1790755167.6090,B,68,5068,-73,/dev/serial/by-path/pci-0000:05:00.3-usb-0:2.1.2:1.0-port0
1790755167.6150,C,67,5073,-78,/dev/serial/by-path/pci-0000:05:00.3-usb-0:2.1.3:1.0-port0
1790755167.6489,C,68,5107,-74,/dev/serial/by-path/pci-0000:05:00.3-usb-0:2.1.3:1.0-port0
1790755167.6906,B,69,5151,-75,/dev/serial/by-path/pci-0000:05:00.3-usb-0:2.1.2:1.0-port0
1790755167.6906,B,70,5151,-76,/dev/serial/by-path/pci-0000:05:00.3-usb-0:2.1.2:1.0-port0
1790755167.6921,C,69,5150,-67,/dev/serial/by-path/pci-0000:05:00.3-usb-0:2.1.3:1.0-port0
1790755167.7916,B,71,5251,-72,/dev/serial/by-path/pci-0000:05:00.3-usb-0:2.1.2:1.0-port0
1790755167.8146,C,70,5273,-75,/dev/serial/by-path/pci-0000:05:00.3-usb-0:2.1.3:1.0-port0
1790755167.8333,C,71,5291,-67,/dev/serial/by-path/pci-0000:05:00.3-usb-0:2.1.3:1.0-port0
1790755167.8334,B,72,5293,-75,/dev/serial/by-path/pci-0000:05:00.3-usb-0:2.1.2:1.0-port0
1790755167.8782,C,72,5336,-81,/dev/serial/by-path/pci-0000:05:00.3-usb-0:2.1.3:1.0-port0
1790755167.8913,B,73,5351,-74,/dev/serial/by-path/pci-0000:05:00.3-usb-0:2.1.2:1.0-port0
1790755167.8992,A,75,5363,-88,/dev/serial/by-path/pci-0000:05:00.3-usb-0:2.1.1:1.0-port0
1790755167.9297,B,74,5388,-74,/dev/serial/by-path/pci-0000:05:00.3-usb-0:2.1.2:1.0-port0
1790755167.9516,C,73,5410,-75,/dev/serial/by-path/pci-0000:05:00.3-usb-0:2.1.3:1.0-port0
1790755167.9707,C,74,5429,-67,/dev/serial/by-path/pci-0000:05:00.3-usb-0:2.1.3:1.0-port0
1790755167.9917,B,75,5451,-75,/dev/serial/by-path/pci-0000:05:00.3-usb-0:2.1.2:1.0-port0
1790755168.0205,A,76,5484,-93,/dev/serial/by-path/pci-0000:05:00.3-usb-0:2.1.1:1.0-port0
1790755168.0416,B,76,5501,-74,/dev/serial/by-path/pci-0000:05:00.3-usb-0:2.1.2:1.0-port0
1790755168.0641,C,75,5523,-79,/dev/serial/by-path/pci-0000:05:00.3-usb-0:2.1.3:1.0-port0
1790755168.0688,B,77,5529,-71,/dev/serial/by-path/pci-0000:05:00.3-usb-0:2.1.2:1.0-port0
1790755168.0953,C,76,5553,-75,/dev/serial/by-path/pci-0000:05:00.3-usb-0:2.1.3:1.0-port0
1790755168.1178,B,78,5577,-75,/dev/serial/by-path/pci-0000:05:00.3-usb-0:2.1.2:1.0-port0
1790755168.1636,C,77,5622,-66,/dev/serial/by-path/pci-0000:05:00.3-usb-0:2.1.3:1.0-port0
1790755168.2412,B,79,5701,-74,/dev/serial/by-path/pci-0000:05:00.3-usb-0:2.1.2:1.0-port0
1790755168.2560,B,80,5715,-74,/dev/serial/by-path/pci-0000:05:00.3-usb-0:2.1.2:1.0-port0
1790755168.2568,C,78,5715,-75,/dev/serial/by-path/pci-0000:05:00.3-usb-0:2.1.3:1.0-port0
1790755168.3146,C,79,5773,-67,/dev/serial/by-path/pci-0000:05:00.3-usb-0:2.1.3:1.0-port0
1790755168.3729,B,81,5832,-73,/dev/serial/by-path/pci-0000:05:00.3-usb-0:2.1.2:1.0-port0
1790755168.3872,C,80,5845,-75,/dev/serial/by-path/pci-0000:05:00.3-usb-0:2.1.3:1.0-port0
1790755168.3913,B,82,5851,-73,/dev/serial/by-path/pci-0000:05:00.3-usb-0:2.1.2:1.0-port0
1790755168.4324,C,81,5891,-67,/dev/serial/by-path/pci-0000:05:00.3-usb-0:2.1.3:1.0-port0
1790755168.4344,B,83,5894,-73,/dev/serial/by-path/pci-0000:05:00.3-usb-0:2.1.2:1.0-port0
1790755168.5146,C,82,5973,-81,/dev/serial/by-path/pci-0000:05:00.3-usb-0:2.1.3:1.0-port0
1790755168.5223,A,77,5986,-81,/dev/serial/by-path/pci-0000:05:00.3-usb-0:2.1.1:1.0-port0
1790755168.5413,B,84,6001,-74,/dev/serial/by-path/pci-0000:05:00.3-usb-0:2.1.2:1.0-port0
1790755168.5525,C,83,6010,-75,/dev/serial/by-path/pci-0000:05:00.3-usb-0:2.1.3:1.0-port0
1790755168.5762,C,84,6034,-66,/dev/serial/by-path/pci-0000:05:00.3-usb-0:2.1.3:1.0-port0
1790755168.5785,B,85,6038,-72,/dev/serial/by-path/pci-0000:05:00.3-usb-0:2.1.2:1.0-port0
1790755168.5822,A,78,6046,-91,/dev/serial/by-path/pci-0000:05:00.3-usb-0:2.1.1:1.0-port0
1790755168.6222,A,79,6086,-90,/dev/serial/by-path/pci-0000:05:00.3-usb-0:2.1.1:1.0-port0
1790755168.6660,A,80,6130,-72,/dev/serial/by-path/pci-0000:05:00.3-usb-0:2.1.1:1.0-port0
1790755168.6771,B,86,6137,-82,/dev/serial/by-path/pci-0000:05:00.3-usb-0:2.1.2:1.0-port0
1790755168.7147,C,85,6173,-78,/dev/serial/by-path/pci-0000:05:00.3-usb-0:2.1.3:1.0-port0
1790755168.7211,B,87,6181,-72,/dev/serial/by-path/pci-0000:05:00.3-usb-0:2.1.2:1.0-port0
1790755168.7596,C,86,6217,-68,/dev/serial/by-path/pci-0000:05:00.3-usb-0:2.1.3:1.0-port0
1790755168.7598,A,81,6224,-93,/dev/serial/by-path/pci-0000:05:00.3-usb-0:2.1.1:1.0-port0
1790755168.8219,A,82,6286,-69,/dev/serial/by-path/pci-0000:05:00.3-usb-0:2.1.1:1.0-port0
1790755168.8482,B,88,6308,-72,/dev/serial/by-path/pci-0000:05:00.3-usb-0:2.1.2:1.0-port0
1790755168.8651,C,87,6323,-83,/dev/serial/by-path/pci-0000:05:00.3-usb-0:2.1.3:1.0-port0
1790755168.8725,A,83,6336,-88,/dev/serial/by-path/pci-0000:05:00.3-usb-0:2.1.1:1.0-port0
1790755168.8913,C,88,6349,-68,/dev/serial/by-path/pci-0000:05:00.3-usb-0:2.1.3:1.0-port0
1790755168.8915,B,89,6351,-72,/dev/serial/by-path/pci-0000:05:00.3-usb-0:2.1.2:1.0-port0
1790755168.8918,A,84,6356,-95,/dev/serial/by-path/pci-0000:05:00.3-usb-0:2.1.1:1.0-port0
1790755168.9534,C,89,6411,-77,/dev/serial/by-path/pci-0000:05:00.3-usb-0:2.1.3:1.0-port0
1790755168.9611,A,85,6425,-72,/dev/serial/by-path/pci-0000:05:00.3-usb-0:2.1.1:1.0-port0
1790755168.9840,B,90,6444,-88,/dev/serial/by-path/pci-0000:05:00.3-usb-0:2.1.2:1.0-port0
1790755168.9923,C,90,6450,-83,/dev/serial/by-path/pci-0000:05:00.3-usb-0:2.1.3:1.0-port0
1790755169.0413,B,91,6501,-71,/dev/serial/by-path/pci-0000:05:00.3-usb-0:2.1.2:1.0-port0
1790755169.0416,A,86,6506,-88,/dev/serial/by-path/pci-0000:05:00.3-usb-0:2.1.1:1.0-port0
1790755169.0419,C,91,6500,-68,/dev/serial/by-path/pci-0000:05:00.3-usb-0:2.1.3:1.0-port0
1790755169.0746,C,92,6533,-74,/dev/serial/by-path/pci-0000:05:00.3-usb-0:2.1.3:1.0-port0
1790755169.1185,B,92,6578,-83,/dev/serial/by-path/pci-0000:05:00.3-usb-0:2.1.2:1.0-port0
1790755169.1431,C,93,6601,-85,/dev/serial/by-path/pci-0000:05:00.3-usb-0:2.1.3:1.0-port0
1790755169.1621,B,93,6622,-71,/dev/serial/by-path/pci-0000:05:00.3-usb-0:2.1.2:1.0-port0
1790755169.1645,C,94,6623,-84,/dev/serial/by-path/pci-0000:05:00.3-usb-0:2.1.3:1.0-port0
1790755169.1725,A,87,6636,-94,/dev/serial/by-path/pci-0000:05:00.3-usb-0:2.1.1:1.0-port0
1790755169.2053,C,95,6663,-68,/dev/serial/by-path/pci-0000:05:00.3-usb-0:2.1.3:1.0-port0
1790755169.2073,A,88,6671,-90,/dev/serial/by-path/pci-0000:05:00.3-usb-0:2.1.1:1.0-port0
1790755169.2545,A,89,6718,-71,/dev/serial/by-path/pci-0000:05:00.3-usb-0:2.1.1:1.0-port0
1790755169.2548,C,96,6713,-75,/dev/serial/by-path/pci-0000:05:00.3-usb-0:2.1.3:1.0-port0
1790755169.2687,B,94,6728,-76,/dev/serial/by-path/pci-0000:05:00.3-usb-0:2.1.2:1.0-port0
1790755169.2970,A,90,6761,-83,/dev/serial/by-path/pci-0000:05:00.3-usb-0:2.1.1:1.0-port0
1790755169.3063,B,95,6766,-70,/dev/serial/by-path/pci-0000:05:00.3-usb-0:2.1.2:1.0-port0
1790755169.3068,C,97,6765,-85,/dev/serial/by-path/pci-0000:05:00.3-usb-0:2.1.3:1.0-port0
1790755169.3615,C,98,6820,-67,/dev/serial/by-path/pci-0000:05:00.3-usb-0:2.1.3:1.0-port0
1790755169.3618,A,91,6826,-92,/dev/serial/by-path/pci-0000:05:00.3-usb-0:2.1.1:1.0-port0
1790755169.3912,B,96,6851,-82,/dev/serial/by-path/pci-0000:05:00.3-usb-0:2.1.2:1.0-port0
1790755169.4127,C,99,6871,-75,/dev/serial/by-path/pci-0000:05:00.3-usb-0:2.1.3:1.0-port0
1790755169.4222,A,92,6886,-70,/dev/serial/by-path/pci-0000:05:00.3-usb-0:2.1.1:1.0-port0
1790755169.4658,B,97,6925,-71,/dev/serial/by-path/pci-0000:05:00.3-usb-0:2.1.2:1.0-port0
1790755169.4675,A,93,6931,-82,/dev/serial/by-path/pci-0000:05:00.3-usb-0:2.1.1:1.0-port0
1790755169.5062,B,98,6966,-75,/dev/serial/by-path/pci-0000:05:00.3-usb-0:2.1.2:1.0-port0
1790755169.5065,A,94,6970,-93,/dev/serial/by-path/pci-0000:05:00.3-usb-0:2.1.1:1.0-port0
1790755169.5125,C,100,6970,-67,/dev/serial/by-path/pci-0000:05:00.3-usb-0:2.1.3:1.0-port0
1790755169.5516,A,95,7014,-69,/dev/serial/by-path/pci-0000:05:00.3-usb-0:2.1.1:1.0-port0
1790755169.5646,C,101,7023,-77,/dev/serial/by-path/pci-0000:05:00.3-usb-0:2.1.3:1.0-port0
1790755169.5853,B,99,7045,-71,/dev/serial/by-path/pci-0000:05:00.3-usb-0:2.1.2:1.0-port0
1790755169.6093,B,100,7069,-72,/dev/serial/by-path/pci-0000:05:00.3-usb-0:2.1.2:1.0-port0
1790755169.6153,C,102,7073,-76,/dev/serial/by-path/pci-0000:05:00.3-usb-0:2.1.3:1.0-port0
1790755169.6176,A,96,7081,-82,/dev/serial/by-path/pci-0000:05:00.3-usb-0:2.1.1:1.0-port0
1790755169.6407,B,101,7101,-71,/dev/serial/by-path/pci-0000:05:00.3-usb-0:2.1.2:1.0-port0
1790755169.6653,C,103,7123,-68,/dev/serial/by-path/pci-0000:05:00.3-usb-0:2.1.3:1.0-port0
1790755169.6671,A,97,7131,-86,/dev/serial/by-path/pci-0000:05:00.3-usb-0:2.1.1:1.0-port0
1790755169.7311,C,104,7189,-78,/dev/serial/by-path/pci-0000:05:00.3-usb-0:2.1.3:1.0-port0
1790755169.7336,B,102,7193,-74,/dev/serial/by-path/pci-0000:05:00.3-usb-0:2.1.2:1.0-port0
1790755169.7682,A,98,7232,-83,/dev/serial/by-path/pci-0000:05:00.3-usb-0:2.1.1:1.0-port0
1790755169.7772,B,103,7237,-71,/dev/serial/by-path/pci-0000:05:00.3-usb-0:2.1.2:1.0-port0
1790755169.8145,C,105,7273,-68,/dev/serial/by-path/pci-0000:05:00.3-usb-0:2.1.3:1.0-port0
1790755169.8185,A,99,7282,-86,/dev/serial/by-path/pci-0000:05:00.3-usb-0:2.1.1:1.0-port0
1790755169.8215,C,106,7279,-74,/dev/serial/by-path/pci-0000:05:00.3-usb-0:2.1.3:1.0-port0
1790755169.8218,B,104,7282,-83,/dev/serial/by-path/pci-0000:05:00.3-usb-0:2.1.2:1.0-port0
1790755169.8222,A,100,7286,-85,/dev/serial/by-path/pci-0000:05:00.3-usb-0:2.1.1:1.0-port0
1790755169.8727,A,101,7336,-70,/dev/serial/by-path/pci-0000:05:00.3-usb-0:2.1.1:1.0-port0
1790755169.8913,B,105,7351,-72,/dev/serial/by-path/pci-0000:05:00.3-usb-0:2.1.2:1.0-port0
1790755169.9148,C,107,7373,-75,/dev/serial/by-path/pci-0000:05:00.3-usb-0:2.1.3:1.0-port0
1790755169.9225,A,102,7386,-79,/dev/serial/by-path/pci-0000:05:00.3-usb-0:2.1.1:1.0-port0
1790755169.9271,B,106,7386,-70,/dev/serial/by-path/pci-0000:05:00.3-usb-0:2.1.2:1.0-port0
1790755169.9335,C,108,7391,-68,/dev/serial/by-path/pci-0000:05:00.3-usb-0:2.1.3:1.0-port0
1790755169.9660,A,103,7430,-86,/dev/serial/by-path/pci-0000:05:00.3-usb-0:2.1.1:1.0-port0
1790755169.9913,B,107,7451,-82,/dev/serial/by-path/pci-0000:05:00.3-usb-0:2.1.2:1.0-port0
1790755170.0093,A,104,7473,-71,/dev/serial/by-path/pci-0000:05:00.3-usb-0:2.1.1:1.0-port0
1790755170.0147,C,109,7473,-73,/dev/serial/by-path/pci-0000:05:00.3-usb-0:2.1.3:1.0-port0
1790755170.0367,B,108,7496,-73,/dev/serial/by-path/pci-0000:05:00.3-usb-0:2.1.2:1.0-port0
1790755170.0502,B,109,7510,-71,/dev/serial/by-path/pci-0000:05:00.3-usb-0:2.1.2:1.0-port0
1790755170.0519,C,110,7510,-74,/dev/serial/by-path/pci-0000:05:00.3-usb-0:2.1.3:1.0-port0
1790755170.0686,A,105,7533,-77,/dev/serial/by-path/pci-0000:05:00.3-usb-0:2.1.1:1.0-port0
1790755170.1134,C,111,7571,-68,/dev/serial/by-path/pci-0000:05:00.3-usb-0:2.1.3:1.0-port0
1790755170.1218,A,106,7586,-89,/dev/serial/by-path/pci-0000:05:00.3-usb-0:2.1.1:1.0-port0
1790755170.1914,B,110,7651,-74,/dev/serial/by-path/pci-0000:05:00.3-usb-0:2.1.2:1.0-port0
1790755170.2147,C,112,7673,-72,/dev/serial/by-path/pci-0000:05:00.3-usb-0:2.1.3:1.0-port0
1790755170.2224,A,107,7686,-78,/dev/serial/by-path/pci-0000:05:00.3-usb-0:2.1.1:1.0-port0
1790755170.2544,C,113,7712,-67,/dev/serial/by-path/pci-0000:05:00.3-usb-0:2.1.3:1.0-port0
1790755170.2641,A,108,7727,-93,/dev/serial/by-path/pci-0000:05:00.3-usb-0:2.1.1:1.0-port0
1790755170.2643,C,114,7723,-67,/dev/serial/by-path/pci-0000:05:00.3-usb-0:2.1.3:1.0-port0
1790755170.3416,B,111,7801,-76,/dev/serial/by-path/pci-0000:05:00.3-usb-0:2.1.2:1.0-port0
1790755170.3579,B,112,7817,-73,/dev/serial/by-path/pci-0000:05:00.3-usb-0:2.1.2:1.0-port0
1790755170.3595,A,109,7823,-78,/dev/serial/by-path/pci-0000:05:00.3-usb-0:2.1.1:1.0-port0
1790755170.3598,C,115,7818,-70,/dev/serial/by-path/pci-0000:05:00.3-usb-0:2.1.3:1.0-port0
1790755170.4035,A,110,7867,-86,/dev/serial/by-path/pci-0000:05:00.3-usb-0:2.1.1:1.0-port0
1790755170.4145,C,116,7873,-68,/dev/serial/by-path/pci-0000:05:00.3-usb-0:2.1.3:1.0-port0
1790755170.4241,B,113,7884,-75,/dev/serial/by-path/pci-0000:05:00.3-usb-0:2.1.2:1.0-port0
1790755170.4586,C,117,7917,-68,/dev/serial/by-path/pci-0000:05:00.3-usb-0:2.1.3:1.0-port0
1790755170.4590,B,114,7919,-69,/dev/serial/by-path/pci-0000:05:00.3-usb-0:2.1.2:1.0-port0
1790755170.5146,C,118,7973,-70,/dev/serial/by-path/pci-0000:05:00.3-usb-0:2.1.3:1.0-port0
1790755170.5221,A,111,7986,-87,/dev/serial/by-path/pci-0000:05:00.3-usb-0:2.1.1:1.0-port0
1790755170.5389,C,119,7997,-67,/dev/serial/by-path/pci-0000:05:00.3-usb-0:2.1.3:1.0-port0
1790755170.5393,A,112,8003,-80,/dev/serial/by-path/pci-0000:05:00.3-usb-0:2.1.1:1.0-port0
1790755170.5412,B,115,8001,-73,/dev/serial/by-path/pci-0000:05:00.3-usb-0:2.1.2:1.0-port0
1790755170.5886,B,116,8048,-71,/dev/serial/by-path/pci-0000:05:00.3-usb-0:2.1.2:1.0-port0
1790755170.6146,C,120,8073,-72,/dev/serial/by-path/pci-0000:05:00.3-usb-0:2.1.3:1.0-port0
1790755170.6219,A,113,8086,-84,/dev/serial/by-path/pci-0000:05:00.3-usb-0:2.1.1:1.0-port0
1790755170.6335,C,121,8091,-71,/dev/serial/by-path/pci-0000:05:00.3-usb-0:2.1.3:1.0-port0
1790755170.6397,B,117,8099,-68,/dev/serial/by-path/pci-0000:05:00.3-usb-0:2.1.2:1.0-port0
1790755170.6835,B,118,8143,-73,/dev/serial/by-path/pci-0000:05:00.3-usb-0:2.1.2:1.0-port0
1790755170.7055,C,122,8163,-67,/dev/serial/by-path/pci-0000:05:00.3-usb-0:2.1.3:1.0-port0
1790755170.7122,C,123,8170,-67,/dev/serial/by-path/pci-0000:05:00.3-usb-0:2.1.3:1.0-port0
1790755170.7226,A,114,8186,-82,/dev/serial/by-path/pci-0000:05:00.3-usb-0:2.1.1:1.0-port0
1790755170.7287,B,119,8188,-71,/dev/serial/by-path/pci-0000:05:00.3-usb-0:2.1.2:1.0-port0
1790755170.7875,B,120,8247,-70,/dev/serial/by-path/pci-0000:05:00.3-usb-0:2.1.2:1.0-port0
1790755170.8126,B,121,8272,-73,/dev/serial/by-path/pci-0000:05:00.3-usb-0:2.1.2:1.0-port0
1790755170.8147,C,124,8273,-66,/dev/serial/by-path/pci-0000:05:00.3-usb-0:2.1.3:1.0-port0
1790755170.8223,A,115,8286,-81,/dev/serial/by-path/pci-0000:05:00.3-usb-0:2.1.1:1.0-port0
1790755170.8478,A,116,8312,-91,/dev/serial/by-path/pci-0000:05:00.3-usb-0:2.1.1:1.0-port0
1790755170.8482,C,125,8306,-66,/dev/serial/by-path/pci-0000:05:00.3-usb-0:2.1.3:1.0-port0
1790755170.8965,A,117,8360,-81,/dev/serial/by-path/pci-0000:05:00.3-usb-0:2.1.1:1.0-port0
1790755170.8968,C,126,8355,-68,/dev/serial/by-path/pci-0000:05:00.3-usb-0:2.1.3:1.0-port0
1790755170.9184,B,122,8378,-74,/dev/serial/by-path/pci-0000:05:00.3-usb-0:2.1.2:1.0-port0
1790755170.9401,B,123,8400,-74,/dev/serial/by-path/pci-0000:05:00.3-usb-0:2.1.2:1.0-port0
1790755170.9404,A,118,8404,-81,/dev/serial/by-path/pci-0000:05:00.3-usb-0:2.1.1:1.0-port0
1790755170.9646,C,127,8423,-68,/dev/serial/by-path/pci-0000:05:00.3-usb-0:2.1.3:1.0-port0
1790755170.9897,C,128,8446,-66,/dev/serial/by-path/pci-0000:05:00.3-usb-0:2.1.3:1.0-port0
1790755170.9905,B,124,8449,-74,/dev/serial/by-path/pci-0000:05:00.3-usb-0:2.1.2:1.0-port0
1790755170.9906,A,119,8454,-90,/dev/serial/by-path/pci-0000:05:00.3-usb-0:2.1.1:1.0-port0
1790755171.0413,B,125,8501,-73,/dev/serial/by-path/pci-0000:05:00.3-usb-0:2.1.2:1.0-port0
1790755171.0646,C,129,8523,-67,/dev/serial/by-path/pci-0000:05:00.3-usb-0:2.1.3:1.0-port0
1790755171.0725,A,120,8536,-80,/dev/serial/by-path/pci-0000:05:00.3-usb-0:2.1.1:1.0-port0
1790755171.0786,A,121,8543,-78,/dev/serial/by-path/pci-0000:05:00.3-usb-0:2.1.1:1.0-port0
1790755171.0790,B,126,8538,-73,/dev/serial/by-path/pci-0000:05:00.3-usb-0:2.1.2:1.0-port0
1790755171.0791,C,130,8537,-69,/dev/serial/by-path/pci-0000:05:00.3-usb-0:2.1.3:1.0-port0
1790755171.1264,B,127,8586,-78,/dev/serial/by-path/pci-0000:05:00.3-usb-0:2.1.2:1.0-port0
1790755171.1347,C,131,8593,-66,/dev/serial/by-path/pci-0000:05:00.3-usb-0:2.1.3:1.0-port0
1790755171.1503,A,122,8614,-82,/dev/serial/by-path/pci-0000:05:00.3-usb-0:2.1.1:1.0-port0
1790755171.1704,B,128,8630,-68,/dev/serial/by-path/pci-0000:05:00.3-usb-0:2.1.2:1.0-port0
1790755171.1725,A,123,8636,-77,/dev/serial/by-path/pci-0000:05:00.3-usb-0:2.1.1:1.0-port0
1790755171.1800,C,132,8638,-66,/dev/serial/by-path/pci-0000:05:00.3-usb-0:2.1.3:1.0-port0
1790755171.2191,B,129,8679,-68,/dev/serial/by-path/pci-0000:05:00.3-usb-0:2.1.2:1.0-port0
1790755171.2225,A,124,8686,-80,/dev/serial/by-path/pci-0000:05:00.3-usb-0:2.1.1:1.0-port0
1790755171.2515,C,133,8710,-67,/dev/serial/by-path/pci-0000:05:00.3-usb-0:2.1.3:1.0-port0
1790755171.2641,B,130,8724,-86,/dev/serial/by-path/pci-0000:05:00.3-usb-0:2.1.2:1.0-port0
1790755171.2646,C,134,8723,-68,/dev/serial/by-path/pci-0000:05:00.3-usb-0:2.1.3:1.0-port0
1790755171.2724,A,125,8736,-85,/dev/serial/by-path/pci-0000:05:00.3-usb-0:2.1.1:1.0-port0
1790755171.3126,C,135,8771,-83,/dev/serial/by-path/pci-0000:05:00.3-usb-0:2.1.3:1.0-port0
1790755171.3216,B,131,8781,-67,/dev/serial/by-path/pci-0000:05:00.3-usb-0:2.1.2:1.0-port0
1790755171.3220,A,126,8786,-74,/dev/serial/by-path/pci-0000:05:00.3-usb-0:2.1.1:1.0-port0
1790755171.3647,C,136,8823,-68,/dev/serial/by-path/pci-0000:05:00.3-usb-0:2.1.3:1.0-port0
1790755171.3726,A,127,8836,-79,/dev/serial/by-path/pci-0000:05:00.3-usb-0:2.1.1:1.0-port0
1790755171.3800,B,132,8839,-67,/dev/serial/by-path/pci-0000:05:00.3-usb-0:2.1.2:1.0-port0
1790755171.4061,B,133,8865,-84,/dev/serial/by-path/pci-0000:05:00.3-usb-0:2.1.2:1.0-port0
1790755171.4153,C,137,8873,-67,/dev/serial/by-path/pci-0000:05:00.3-usb-0:2.1.3:1.0-port0
1790755171.4652,C,138,8923,-66,/dev/serial/by-path/pci-0000:05:00.3-usb-0:2.1.3:1.0-port0
1790755171.4713,A,128,8935,-74,/dev/serial/by-path/pci-0000:05:00.3-usb-0:2.1.1:1.0-port0
1790755171.4793,B,134,8939,-68,/dev/serial/by-path/pci-0000:05:00.3-usb-0:2.1.2:1.0-port0
1790755171.4986,C,139,8956,-68,/dev/serial/by-path/pci-0000:05:00.3-usb-0:2.1.3:1.0-port0
1790755171.5531,B,135,9013,-82,/dev/serial/by-path/pci-0000:05:00.3-usb-0:2.1.2:1.0-port0
1790755171.5646,C,140,9023,-67,/dev/serial/by-path/pci-0000:05:00.3-usb-0:2.1.3:1.0-port0
1790755171.5914,B,136,9051,-82,/dev/serial/by-path/pci-0000:05:00.3-usb-0:2.1.2:1.0-port0
1790755171.6022,C,141,9060,-67,/dev/serial/by-path/pci-0000:05:00.3-usb-0:2.1.3:1.0-port0
1790755171.6039,A,129,9067,-74,/dev/serial/by-path/pci-0000:05:00.3-usb-0:2.1.1:1.0-port0
1790755171.6361,B,137,9096,-66,/dev/serial/by-path/pci-0000:05:00.3-usb-0:2.1.2:1.0-port0
1790755171.6646,C,142,9123,-70,/dev/serial/by-path/pci-0000:05:00.3-usb-0:2.1.3:1.0-port0
1790755171.6847,B,138,9144,-66,/dev/serial/by-path/pci-0000:05:00.3-usb-0:2.1.2:1.0-port0
1790755171.7040,C,143,9162,-66,/dev/serial/by-path/pci-0000:05:00.3-usb-0:2.1.3:1.0-port0
1790755171.7099,A,130,9174,-89,/dev/serial/by-path/pci-0000:05:00.3-usb-0:2.1.1:1.0-port0
1790755171.7424,C,144,9200,-66,/dev/serial/by-path/pci-0000:05:00.3-usb-0:2.1.3:1.0-port0
1790755171.7426,A,131,9206,-75,/dev/serial/by-path/pci-0000:05:00.3-usb-0:2.1.1:1.0-port0
1790755171.7721,A,132,9236,-73,/dev/serial/by-path/pci-0000:05:00.3-usb-0:2.1.1:1.0-port0
1790755171.7918,B,139,9251,-64,/dev/serial/by-path/pci-0000:05:00.3-usb-0:2.1.2:1.0-port0
1790755171.8076,C,145,9266,-66,/dev/serial/by-path/pci-0000:05:00.3-usb-0:2.1.3:1.0-port0
1790755171.8096,C,146,9266,-66,/dev/serial/by-path/pci-0000:05:00.3-usb-0:2.1.3:1.0-port0
1790755171.8113,A,133,9275,-78,/dev/serial/by-path/pci-0000:05:00.3-usb-0:2.1.1:1.0-port0
1790755171.8115,B,140,9271,-66,/dev/serial/by-path/pci-0000:05:00.3-usb-0:2.1.2:1.0-port0
1790755171.8652,C,147,9323,-66,/dev/serial/by-path/pci-0000:05:00.3-usb-0:2.1.3:1.0-port0
1790755171.8722,A,134,9336,-81,/dev/serial/by-path/pci-0000:05:00.3-usb-0:2.1.1:1.0-port0
1790755171.8804,B,141,9340,-82,/dev/serial/by-path/pci-0000:05:00.3-usb-0:2.1.2:1.0-port0
1790755171.9152,C,148,9373,-65,/dev/serial/by-path/pci-0000:05:00.3-usb-0:2.1.3:1.0-port0
1790755171.9167,A,135,9380,-73,/dev/serial/by-path/pci-0000:05:00.3-usb-0:2.1.1:1.0-port0
1790755171.9171,B,142,9376,-65,/dev/serial/by-path/pci-0000:05:00.3-usb-0:2.1.2:1.0-port0
1790755171.9463,C,149,9404,-66,/dev/serial/by-path/pci-0000:05:00.3-usb-0:2.1.3:1.0-port0
1790755171.9493,A,136,9413,-75,/dev/serial/by-path/pci-0000:05:00.3-usb-0:2.1.1:1.0-port0
1790755171.9926,B,143,9451,-68,/dev/serial/by-path/pci-0000:05:00.3-usb-0:2.1.2:1.0-port0
1790755172.0137,B,144,9473,-82,/dev/serial/by-path/pci-0000:05:00.3-usb-0:2.1.2:1.0-port0
1790755172.0141,C,150,9473,-68,/dev/serial/by-path/pci-0000:05:00.3-usb-0:2.1.3:1.0-port0
1790755172.0153,A,137,9479,-83,/dev/serial/by-path/pci-0000:05:00.3-usb-0:2.1.1:1.0-port0
1790755172.0385,C,151,9496,-64,/dev/serial/by-path/pci-0000:05:00.3-usb-0:2.1.3:1.0-port0
1790755172.0390,A,138,9503,-72,/dev/serial/by-path/pci-0000:05:00.3-usb-0:2.1.1:1.0-port0
1790755172.0912,B,145,9551,-64,/dev/serial/by-path/pci-0000:05:00.3-usb-0:2.1.2:1.0-port0
1790755172.1135,C,152,9571,-65,/dev/serial/by-path/pci-0000:05:00.3-usb-0:2.1.3:1.0-port0
1790755172.1356,C,153,9594,-67,/dev/serial/by-path/pci-0000:05:00.3-usb-0:2.1.3:1.0-port0
1790755172.1361,B,146,9595,-68,/dev/serial/by-path/pci-0000:05:00.3-usb-0:2.1.2:1.0-port0
1790755172.1364,A,139,9599,-86,/dev/serial/by-path/pci-0000:05:00.3-usb-0:2.1.1:1.0-port0
1790755172.1797,B,147,9639,-85,/dev/serial/by-path/pci-0000:05:00.3-usb-0:2.1.2:1.0-port0
1790755172.1881,A,140,9652,-73,/dev/serial/by-path/pci-0000:05:00.3-usb-0:2.1.1:1.0-port0
1790755172.1883,C,154,9646,-65,/dev/serial/by-path/pci-0000:05:00.3-usb-0:2.1.3:1.0-port0
1790755172.2286,B,148,9688,-65,/dev/serial/by-path/pci-0000:05:00.3-usb-0:2.1.2:1.0-port0
1790755172.2337,A,141,9698,-75,/dev/serial/by-path/pci-0000:05:00.3-usb-0:2.1.1:1.0-port0
1790755172.2338,C,155,9692,-67,/dev/serial/by-path/pci-0000:05:00.3-usb-0:2.1.3:1.0-port0
1790755172.2859,B,149,9746,-67,/dev/serial/by-path/pci-0000:05:00.3-usb-0:2.1.2:1.0-port0
1790755172.2863,C,156,9745,-68,/dev/serial/by-path/pci-0000:05:00.3-usb-0:2.1.3:1.0-port0
1790755172.2867,A,142,9751,-84,/dev/serial/by-path/pci-0000:05:00.3-usb-0:2.1.1:1.0-port0
1790755172.3183,B,150,9778,-86,/dev/serial/by-path/pci-0000:05:00.3-usb-0:2.1.2:1.0-port0
1790755172.3227,A,143,9786,-83,/dev/serial/by-path/pci-0000:05:00.3-usb-0:2.1.1:1.0-port0
1790755172.3618,C,157,9820,-65,/dev/serial/by-path/pci-0000:05:00.3-usb-0:2.1.3:1.0-port0
1790755172.3723,A,144,9836,-73,/dev/serial/by-path/pci-0000:05:00.3-usb-0:2.1.1:1.0-port0
1790755172.3725,B,151,9832,-68,/dev/serial/by-path/pci-0000:05:00.3-usb-0:2.1.2:1.0-port0
1790755172.4144,C,158,9873,-66,/dev/serial/by-path/pci-0000:05:00.3-usb-0:2.1.3:1.0-port0
1790755172.4223,A,145,9886,-75,/dev/serial/by-path/pci-0000:05:00.3-usb-0:2.1.1:1.0-port0
1790755172.4293,B,152,9889,-67,/dev/serial/by-path/pci-0000:05:00.3-usb-0:2.1.2:1.0-port0
1790755172.4567,B,153,9916,-85,/dev/serial/by-path/pci-0000:05:00.3-usb-0:2.1.2:1.0-port0
1790755172.4642,C,159,9922,-66,/dev/serial/by-path/pci-0000:05:00.3-usb-0:2.1.3:1.0-port0
1790755172.5117,B,154,9971,-66,/dev/serial/by-path/pci-0000:05:00.3-usb-0:2.1.2:1.0-port0
1790755172.5147,C,160,9973,-64,/dev/serial/by-path/pci-0000:05:00.3-usb-0:2.1.3:1.0-port0
1790755172.5225,A,146,9986,-72,/dev/serial/by-path/pci-0000:05:00.3-usb-0:2.1.1:1.0-port0
1790755172.5543,C,161,10012,-66,/dev/serial/by-path/pci-0000:05:00.3-usb-0:2.1.3:1.0-port0
1790755172.5552,A,147,10019,-76,/dev/serial/by-path/pci-0000:05:00.3-usb-0:2.1.1:1.0-port0
1790755172.5851,C,162,10043,-67,/dev/serial/by-path/pci-0000:05:00.3-usb-0:2.1.3:1.0-port0
1790755172.5853,B,155,10044,-66,/dev/serial/by-path/pci-0000:05:00.3-usb-0:2.1.2:1.0-port0
1790755172.6415,B,156,10101,-87,/dev/serial/by-path/pci-0000:05:00.3-usb-0:2.1.2:1.0-port0
1790755172.6557,C,163,10113,-65,/dev/serial/by-path/pci-0000:05:00.3-usb-0:2.1.3:1.0-port0
1790755172.6562,A,148,10119,-72,/dev/serial/by-path/pci-0000:05:00.3-usb-0:2.1.1:1.0-port0
1790755172.6723,A,149,10136,-72,/dev/serial/by-path/pci-0000:05:00.3-usb-0:2.1.1:1.0-port0
1790755172.6726,B,157,10133,-66,/dev/serial/by-path/pci-0000:05:00.3-usb-0:2.1.2:1.0-port0
1790755172.7124,C,164,10171,-65,/dev/serial/by-path/pci-0000:05:00.3-usb-0:2.1.3:1.0-port0
1790755172.7147,C,165,10171,-68,/dev/serial/by-path/pci-0000:05:00.3-usb-0:2.1.3:1.0-port0
1790755172.7382,B,158,10197,-66,/dev/serial/by-path/pci-0000:05:00.3-usb-0:2.1.2:1.0-port0
1790755172.7545,C,166,10212,-65,/dev/serial/by-path/pci-0000:05:00.3-usb-0:2.1.3:1.0-port0
1790755172.7547,A,150,10218,-88,/dev/serial/by-path/pci-0000:05:00.3-usb-0:2.1.1:1.0-port0
1790755172.7646,B,159,10224,-87,/dev/serial/by-path/pci-0000:05:00.3-usb-0:2.1.2:1.0-port0
1790755172.7961,A,151,10259,-72,/dev/serial/by-path/pci-0000:05:00.3-usb-0:2.1.1:1.0-port0
1790755172.8147,C,167,10273,-66,/dev/serial/by-path/pci-0000:05:00.3-usb-0:2.1.3:1.0-port0
1790755172.8423,C,168,10300,-67,/dev/serial/by-path/pci-0000:05:00.3-usb-0:2.1.3:1.0-port0
1790755172.8830,B,160,10343,-65,/dev/serial/by-path/pci-0000:05:00.3-usb-0:2.1.2:1.0-port0
1790755172.8834,C,169,10341,-64,/dev/serial/by-path/pci-0000:05:00.3-usb-0:2.1.3:1.0-port0
1790755172.9221,A,152,10386,-90,/dev/serial/by-path/pci-0000:05:00.3-usb-0:2.1.1:1.0-port0
1790755172.9420,B,161,10401,-84,/dev/serial/by-path/pci-0000:05:00.3-usb-0:2.1.2:1.0-port0
1790755172.9643,C,170,10423,-65,/dev/serial/by-path/pci-0000:05:00.3-usb-0:2.1.3:1.0-port0
1790755172.9712,A,153,10435,-72,/dev/serial/by-path/pci-0000:05:00.3-usb-0:2.1.1:1.0-port0
1790755172.9806,B,162,10440,-66,/dev/serial/by-path/pci-0000:05:00.3-usb-0:2.1.2:1.0-port0
1790755172.9810,C,171,10439,-67,/dev/serial/by-path/pci-0000:05:00.3-usb-0:2.1.3:1.0-port0
1790755172.9894,A,154,10453,-78,/dev/serial/by-path/pci-0000:05:00.3-usb-0:2.1.1:1.0-port0
1790755173.0267,B,163,10487,-66,/dev/serial/by-path/pci-0000:05:00.3-usb-0:2.1.2:1.0-port0
1790755173.0579,C,172,10516,-65,/dev/serial/by-path/pci-0000:05:00.3-usb-0:2.1.3:1.0-port0
1790755173.0712,B,164,10531,-82,/dev/serial/by-path/pci-0000:05:00.3-usb-0:2.1.2:1.0-port0
1790755173.1175,B,165,10577,-66,/dev/serial/by-path/pci-0000:05:00.3-usb-0:2.1.2:1.0-port0
1790755173.1221,A,155,10586,-74,/dev/serial/by-path/pci-0000:05:00.3-usb-0:2.1.1:1.0-port0
1790755173.1577,A,156,10621,-82,/dev/serial/by-path/pci-0000:05:00.3-usb-0:2.1.1:1.0-port0
1790755173.1578,B,166,10617,-65,/dev/serial/by-path/pci-0000:05:00.3-usb-0:2.1.2:1.0-port0
1790755173.1581,C,173,10616,-66,/dev/serial/by-path/pci-0000:05:00.3-usb-0:2.1.3:1.0-port0
1790755173.2021,C,174,10660,-65,/dev/serial/by-path/pci-0000:05:00.3-usb-0:2.1.3:1.0-port0
1790755173.2222,A,157,10686,-87,/dev/serial/by-path/pci-0000:05:00.3-usb-0:2.1.1:1.0-port0
1790755173.2649,C,175,10723,-65,/dev/serial/by-path/pci-0000:05:00.3-usb-0:2.1.3:1.0-port0
1790755173.2728,A,158,10736,-74,/dev/serial/by-path/pci-0000:05:00.3-usb-0:2.1.1:1.0-port0
1790755173.2732,B,167,10733,-65,/dev/serial/by-path/pci-0000:05:00.3-usb-0:2.1.2:1.0-port0
1790755173.2992,B,168,10759,-66,/dev/serial/by-path/pci-0000:05:00.3-usb-0:2.1.2:1.0-port0
1790755173.3152,C,176,10773,-67,/dev/serial/by-path/pci-0000:05:00.3-usb-0:2.1.3:1.0-port0
1790755173.3652,C,177,10823,-64,/dev/serial/by-path/pci-0000:05:00.3-usb-0:2.1.3:1.0-port0
1790755173.3896,B,169,10849,-77,/dev/serial/by-path/pci-0000:05:00.3-usb-0:2.1.2:1.0-port0
1790755173.3899,C,178,10848,-65,/dev/serial/by-path/pci-0000:05:00.3-usb-0:2.1.3:1.0-port0
1790755173.4040,A,159,10867,-76,/dev/serial/by-path/pci-0000:05:00.3-usb-0:2.1.1:1.0-port0
1790755173.4413,B,170,10901,-64,/dev/serial/by-path/pci-0000:05:00.3-usb-0:2.1.2:1.0-port0
1790755173.4605,C,179,10918,-66,/dev/serial/by-path/pci-0000:05:00.3-usb-0:2.1.3:1.0-port0
1790755173.4799,B,171,10939,-66,/dev/serial/by-path/pci-0000:05:00.3-usb-0:2.1.2:1.0-port0
1790755173.4884,C,180,10946,-65,/dev/serial/by-path/pci-0000:05:00.3-usb-0:2.1.3:1.0-port0
1790755173.5191,B,172,10979,-78,/dev/serial/by-path/pci-0000:05:00.3-usb-0:2.1.2:1.0-port0
1790755173.5318,C,181,10990,-65,/dev/serial/by-path/pci-0000:05:00.3-usb-0:2.1.3:1.0-port0
1790755173.5593,C,182,11017,-65,/dev/serial/by-path/pci-0000:05:00.3-usb-0:2.1.3:1.0-port0
1790755173.5596,B,173,11019,-68,/dev/serial/by-path/pci-0000:05:00.3-usb-0:2.1.2:1.0-port0
1790755173.5726,A,160,11036,-76,/dev/serial/by-path/pci-0000:05:00.3-usb-0:2.1.1:1.0-port0
1790755173.6066,A,161,11071,-82,/dev/serial/by-path/pci-0000:05:00.3-usb-0:2.1.1:1.0-port0
1790755173.6138,B,174,11074,-66,/dev/serial/by-path/pci-0000:05:00.3-usb-0:2.1.2:1.0-port0
1790755173.6142,C,183,11073,-66,/dev/serial/by-path/pci-0000:05:00.3-usb-0:2.1.3:1.0-port0
1790755173.6481,B,175,11108,-80,/dev/serial/by-path/pci-0000:05:00.3-usb-0:2.1.2:1.0-port0
1790755173.6642,C,184,11122,-67,/dev/serial/by-path/pci-0000:05:00.3-usb-0:2.1.3:1.0-port0
1790755173.7004,C,185,11158,-67,/dev/serial/by-path/pci-0000:05:00.3-usb-0:2.1.3:1.0-port0
1790755173.7008,A,162,11164,-76,/dev/serial/by-path/pci-0000:05:00.3-usb-0:2.1.1:1.0-port0
1790755173.7413,B,176,11201,-70,/dev/serial/by-path/pci-0000:05:00.3-usb-0:2.1.2:1.0-port0
1790755173.7881,C,186,11246,-80,/dev/serial/by-path/pci-0000:05:00.3-usb-0:2.1.3:1.0-port0
1790755173.7883,B,177,11248,-67,/dev/serial/by-path/pci-0000:05:00.3-usb-0:2.1.2:1.0-port0
1790755173.7887,A,163,11253,-85,/dev/serial/by-path/pci-0000:05:00.3-usb-0:2.1.1:1.0-port0
1790755173.8292,C,187,11287,-66,/dev/serial/by-path/pci-0000:05:00.3-usb-0:2.1.3:1.0-port0
1790755173.8295,B,178,11289,-77,/dev/serial/by-path/pci-0000:05:00.3-usb-0:2.1.2:1.0-port0
1790755173.8479,A,164,11312,-78,/dev/serial/by-path/pci-0000:05:00.3-usb-0:2.1.1:1.0-port0
1790755173.8915,B,179,11351,-70,/dev/serial/by-path/pci-0000:05:00.3-usb-0:2.1.2:1.0-port0
1790755173.9148,C,188,11373,-67,/dev/serial/by-path/pci-0000:05:00.3-usb-0:2.1.3:1.0-port0
1790755173.9222,A,165,11386,-89,/dev/serial/by-path/pci-0000:05:00.3-usb-0:2.1.1:1.0-port0
1790755173.9304,C,189,11388,-71,/dev/serial/by-path/pci-0000:05:00.3-usb-0:2.1.3:1.0-port0
1790755173.9309,B,180,11390,-69,/dev/serial/by-path/pci-0000:05:00.3-usb-0:2.1.2:1.0-port0
1790755173.9309,A,166,11394,-83,/dev/serial/by-path/pci-0000:05:00.3-usb-0:2.1.1:1.0-port0
1790755173.9744,B,181,11434,-76,/dev/serial/by-path/pci-0000:05:00.3-usb-0:2.1.2:1.0-port0
1790755174.0005,C,190,11458,-67,/dev/serial/by-path/pci-0000:05:00.3-usb-0:2.1.3:1.0-port0
1790755174.0195,A,167,11483,-81,/dev/serial/by-path/pci-0000:05:00.3-usb-0:2.1.1:1.0-port0
1790755174.0196,B,182,11479,-71,/dev/serial/by-path/pci-0000:05:00.3-usb-0:2.1.2:1.0-port0
1790755174.0641,C,191,11523,-67,/dev/serial/by-path/pci-0000:05:00.3-usb-0:2.1.3:1.0-port0
1790755174.0667,C,192,11523,-67,/dev/serial/by-path/pci-0000:05:00.3-usb-0:2.1.3:1.0-port0
1790755174.0722,A,168,11536,-85,/dev/serial/by-path/pci-0000:05:00.3-usb-0:2.1.1:1.0-port0
1790755174.0847,B,183,11544,-69,/dev/serial/by-path/pci-0000:05:00.3-usb-0:2.1.2:1.0-port0
1790755174.1147,B,184,11574,-77,/dev/serial/by-path/pci-0000:05:00.3-usb-0:2.1.2:1.0-port0
1790755174.1216,A,169,11585,-80,/dev/serial/by-path/pci-0000:05:00.3-usb-0:2.1.1:1.0-port0
1790755174.1652,C,193,11623,-67,/dev/serial/by-path/pci-0000:05:00.3-usb-0:2.1.3:1.0-port0
1790755174.1722,A,170,11636,-83,/dev/serial/by-path/pci-0000:05:00.3-usb-0:2.1.1:1.0-port0
1790755174.1911,B,185,11651,-70,/dev/serial/by-path/pci-0000:05:00.3-usb-0:2.1.2:1.0-port0
1790755174.2142,C,194,11672,-67,/dev/serial/by-path/pci-0000:05:00.3-usb-0:2.1.3:1.0-port0
1790755174.2146,B,186,11674,-71,/dev/serial/by-path/pci-0000:05:00.3-usb-0:2.1.2:1.0-port0
1790755174.2148,A,171,11679,-85,/dev/serial/by-path/pci-0000:05:00.3-usb-0:2.1.1:1.0-port0
1790755174.2448,C,195,11703,-68,/dev/serial/by-path/pci-0000:05:00.3-usb-0:2.1.3:1.0-port0
1790755174.2721,A,172,11736,-81,/dev/serial/by-path/pci-0000:05:00.3-usb-0:2.1.1:1.0-port0
1790755174.3153,C,196,11773,-65,/dev/serial/by-path/pci-0000:05:00.3-usb-0:2.1.3:1.0-port0
1790755174.3172,A,173,11781,-83,/dev/serial/by-path/pci-0000:05:00.3-usb-0:2.1.1:1.0-port0
1790755174.3332,C,197,11791,-67,/dev/serial/by-path/pci-0000:05:00.3-usb-0:2.1.3:1.0-port0
1790755174.3415,B,187,11801,-70,/dev/serial/by-path/pci-0000:05:00.3-usb-0:2.1.2:1.0-port0
1790755174.3572,A,174,11821,-82,/dev/serial/by-path/pci-0000:05:00.3-usb-0:2.1.1:1.0-port0
1790755174.3917,B,188,11851,-69,/dev/serial/by-path/pci-0000:05:00.3-usb-0:2.1.2:1.0-port0
1790755174.4148,C,198,11873,-70,/dev/serial/by-path/pci-0000:05:00.3-usb-0:2.1.3:1.0-port0
1790755174.4197,B,189,11879,-76,/dev/serial/by-path/pci-0000:05:00.3-usb-0:2.1.2:1.0-port0
1790755174.4199,A,175,11884,-80,/dev/serial/by-path/pci-0000:05:00.3-usb-0:2.1.1:1.0-port0
1790755174.4221,A,176,11884,-80,/dev/serial/by-path/pci-0000:05:00.3-usb-0:2.1.1:1.0-port0
1790755174.4306,C,199,11889,-66,/dev/serial/by-path/pci-0000:05:00.3-usb-0:2.1.3:1.0-port0
1790755174.4647,C,200,11923,-66,/dev/serial/by-path/pci-0000:05:00.3-usb-0:2.1.3:1.0-port0
1790755174.4725,A,177,11936,-84,/dev/serial/by-path/pci-0000:05:00.3-usb-0:2.1.1:1.0-port0
1790755174.5318,B,190,11991,-69,/dev/serial/by-path/pci-0000:05:00.3-usb-0:2.1.2:1.0-port0
1790755174.5447,C,201,12003,-68,/dev/serial/by-path/pci-0000:05:00.3-usb-0:2.1.3:1.0-port0
1790755174.5449,A,178,12008,-79,/dev/serial/by-path/pci-0000:05:00.3-usb-0:2.1.1:1.0-port0
1790755174.5954,A,179,12059,-87,/dev/serial/by-path/pci-0000:05:00.3-usb-0:2.1.1:1.0-port0
1790755174.6148,C,202,12073,-67,/dev/serial/by-path/pci-0000:05:00.3-usb-0:2.1.3:1.0-port0
1790755174.6438,A,180,12108,-78,/dev/serial/by-path/pci-0000:05:00.3-usb-0:2.1.1:1.0-port0
1790755174.6442,C,203,12102,-65,/dev/serial/by-path/pci-0000:05:00.3-usb-0:2.1.3:1.0-port0
1790755174.7147,C,204,12173,-70,/dev/serial/by-path/pci-0000:05:00.3-usb-0:2.1.3:1.0-port0
1790755174.7218,A,181,12186,-81,/dev/serial/by-path/pci-0000:05:00.3-usb-0:2.1.1:1.0-port0
1790755174.7410,C,205,12199,-66,/dev/serial/by-path/pci-0000:05:00.3-usb-0:2.1.3:1.0-port0
1790755174.7414,A,182,12205,-87,/dev/serial/by-path/pci-0000:05:00.3-usb-0:2.1.1:1.0-port0
1790755174.7417,B,191,12202,-75,/dev/serial/by-path/pci-0000:05:00.3-usb-0:2.1.2:1.0-port0
1790755174.7902,C,206,12248,-67,/dev/serial/by-path/pci-0000:05:00.3-usb-0:2.1.3:1.0-port0
1790755174.7910,B,192,12251,-74,/dev/serial/by-path/pci-0000:05:00.3-usb-0:2.1.2:1.0-port0
1790755174.8032,A,183,12267,-78,/dev/serial/by-path/pci-0000:05:00.3-usb-0:2.1.1:1.0-port0
1790755174.8417,B,193,12301,-73,/dev/serial/by-path/pci-0000:05:00.3-usb-0:2.1.2:1.0-port0
1790755174.8520,C,207,12310,-69,/dev/serial/by-path/pci-0000:05:00.3-usb-0:2.1.3:1.0-port0
1790755174.8523,A,184,12316,-80,/dev/serial/by-path/pci-0000:05:00.3-usb-0:2.1.1:1.0-port0
1790755174.8728,A,185,12336,-81,/dev/serial/by-path/pci-0000:05:00.3-usb-0:2.1.1:1.0-port0
1790755174.8737,B,194,12334,-73,/dev/serial/by-path/pci-0000:05:00.3-usb-0:2.1.2:1.0-port0
1790755174.8740,C,208,12332,-67,/dev/serial/by-path/pci-0000:05:00.3-usb-0:2.1.3:1.0-port0
1790755174.9213,B,195,12381,-76,/dev/serial/by-path/pci-0000:05:00.3-usb-0:2.1.2:1.0-port0
1790755174.9216,A,186,12386,-90,/dev/serial/by-path/pci-0000:05:00.3-usb-0:2.1.1:1.0-port0
1790755174.9586,C,209,12417,-67,/dev/serial/by-path/pci-0000:05:00.3-usb-0:2.1.3:1.0-port0
1790755174.9704,A,187,12434,-74,/dev/serial/by-path/pci-0000:05:00.3-usb-0:2.1.1:1.0-port0
1790755174.9713,B,196,12431,-76,/dev/serial/by-path/pci-0000:05:00.3-usb-0:2.1.2:1.0-port0
1790755175.0102,C,210,12469,-73,/dev/serial/by-path/pci-0000:05:00.3-usb-0:2.1.3:1.0-port0
1790755175.0125,C,211,12469,-73,/dev/serial/by-path/pci-0000:05:00.3-usb-0:2.1.3:1.0-port0
1790755175.0128,B,197,12472,-73,/dev/serial/by-path/pci-0000:05:00.3-usb-0:2.1.2:1.0-port0
1790755175.0222,A,188,12486,-82,/dev/serial/by-path/pci-0000:05:00.3-usb-0:2.1.1:1.0-port0
1790755175.0639,C,212,12522,-67,/dev/serial/by-path/pci-0000:05:00.3-usb-0:2.1.3:1.0-port0
1790755175.0645,A,189,12528,-89,/dev/serial/by-path/pci-0000:05:00.3-usb-0:2.1.1:1.0-port0
1790755175.1083,C,213,12566,-70,/dev/serial/by-path/pci-0000:05:00.3-usb-0:2.1.3:1.0-port0
1790755175.1084,A,190,12572,-73,/dev/serial/by-path/pci-0000:05:00.3-usb-0:2.1.1:1.0-port0
1790755175.1420,B,198,12601,-76,/dev/serial/by-path/pci-0000:05:00.3-usb-0:2.1.2:1.0-port0
1790755175.1500,B,199,12609,-72,/dev/serial/by-path/pci-0000:05:00.3-usb-0:2.1.2:1.0-port0
1790755175.1549,C,214,12612,-71,/dev/serial/by-path/pci-0000:05:00.3-usb-0:2.1.3:1.0-port0
1790755175.1693,A,191,12633,-84,/dev/serial/by-path/pci-0000:05:00.3-usb-0:2.1.1:1.0-port0
1790755175.1924,C,215,12650,-68,/dev/serial/by-path/pci-0000:05:00.3-usb-0:2.1.3:1.0-port0
1790755175.1970,A,192,12660,-86,/dev/serial/by-path/pci-0000:05:00.3-usb-0:2.1.1:1.0-port0
1790755175.2414,B,200,12701,-77,/dev/serial/by-path/pci-0000:05:00.3-usb-0:2.1.2:1.0-port0
1790755175.2649,A,193,12729,-72,/dev/serial/by-path/pci-0000:05:00.3-usb-0:2.1.1:1.0-port0
1790755175.2653,C,216,12723,-71,/dev/serial/by-path/pci-0000:05:00.3-usb-0:2.1.3:1.0-port0
1790755175.2832,C,217,12741,-71,/dev/serial/by-path/pci-0000:05:00.3-usb-0:2.1.3:1.0-port0
1790755175.2834,B,201,12743,-73,/dev/serial/by-path/pci-0000:05:00.3-usb-0:2.1.2:1.0-port0
1790755175.3273,B,202,12787,-72,/dev/serial/by-path/pci-0000:05:00.3-usb-0:2.1.2:1.0-port0
1790755175.3652,C,218,12823,-68,/dev/serial/by-path/pci-0000:05:00.3-usb-0:2.1.3:1.0-port0
1790755175.3721,A,194,12836,-84,/dev/serial/by-path/pci-0000:05:00.3-usb-0:2.1.1:1.0-port0
1790755175.3761,B,203,12836,-75,/dev/serial/by-path/pci-0000:05:00.3-usb-0:2.1.2:1.0-port0
1790755175.3803,C,219,12838,-70,/dev/serial/by-path/pci-0000:05:00.3-usb-0:2.1.3:1.0-port0
1790755175.3804,A,195,12844,-72,/dev/serial/by-path/pci-0000:05:00.3-usb-0:2.1.1:1.0-port0
1790755175.4241,C,220,12882,-71,/dev/serial/by-path/pci-0000:05:00.3-usb-0:2.1.3:1.0-port0
1790755175.4372,B,204,12897,-72,/dev/serial/by-path/pci-0000:05:00.3-usb-0:2.1.2:1.0-port0
1790755175.4647,C,221,12922,-71,/dev/serial/by-path/pci-0000:05:00.3-usb-0:2.1.3:1.0-port0
1790755175.4649,A,196,12928,-92,/dev/serial/by-path/pci-0000:05:00.3-usb-0:2.1.1:1.0-port0
1790755175.4701,B,205,12930,-71,/dev/serial/by-path/pci-0000:05:00.3-usb-0:2.1.2:1.0-port0
1790755175.5100,A,197,12974,-84,/dev/serial/by-path/pci-0000:05:00.3-usb-0:2.1.1:1.0-port0
1790755175.5103,C,222,12968,-68,/dev/serial/by-path/pci-0000:05:00.3-usb-0:2.1.3:1.0-port0
1790755175.5415,B,206,13001,-75,/dev/serial/by-path/pci-0000:05:00.3-usb-0:2.1.2:1.0-port0
1790755175.5644,C,223,13023,-70,/dev/serial/by-path/pci-0000:05:00.3-usb-0:2.1.3:1.0-port0
1790755175.5722,A,198,13036,-72,/dev/serial/by-path/pci-0000:05:00.3-usb-0:2.1.1:1.0-port0
1790755175.5834,B,207,13043,-73,/dev/serial/by-path/pci-0000:05:00.3-usb-0:2.1.2:1.0-port0
1790755175.6154,C,224,13073,-71,/dev/serial/by-path/pci-0000:05:00.3-usb-0:2.1.3:1.0-port0
1790755175.6226,A,199,13086,-88,/dev/serial/by-path/pci-0000:05:00.3-usb-0:2.1.1:1.0-port0
1790755175.6231,B,208,13083,-71,/dev/serial/by-path/pci-0000:05:00.3-usb-0:2.1.2:1.0-port0
1790755175.6533,A,200,13118,-83,/dev/serial/by-path/pci-0000:05:00.3-usb-0:2.1.1:1.0-port0
1790755175.6888,B,209,13148,-75,/dev/serial/by-path/pci-0000:05:00.3-usb-0:2.1.2:1.0-port0
1790755175.6982,C,225,13156,-69,/dev/serial/by-path/pci-0000:05:00.3-usb-0:2.1.3:1.0-port0
1790755175.6987,A,201,13162,-72,/dev/serial/by-path/pci-0000:05:00.3-usb-0:2.1.1:1.0-port0
1790755175.7109,B,210,13170,-72,/dev/serial/by-path/pci-0000:05:00.3-usb-0:2.1.2:1.0-port0
1790755175.7398,C,226,13198,-71,/dev/serial/by-path/pci-0000:05:00.3-usb-0:2.1.3:1.0-port0
1790755175.7414,B,211,13201,-73,/dev/serial/by-path/pci-0000:05:00.3-usb-0:2.1.2:1.0-port0
1790755175.7916,B,212,13251,-72,/dev/serial/by-path/pci-0000:05:00.3-usb-0:2.1.2:1.0-port0
1790755175.7956,C,227,13254,-67,/dev/serial/by-path/pci-0000:05:00.3-usb-0:2.1.3:1.0-port0
1790755175.7963,A,202,13260,-83,/dev/serial/by-path/pci-0000:05:00.3-usb-0:2.1.1:1.0-port0
1790755175.8319,B,213,13291,-75,/dev/serial/by-path/pci-0000:05:00.3-usb-0:2.1.2:1.0-port0
1790755175.8632,C,228,13321,-68,/dev/serial/by-path/pci-0000:05:00.3-usb-0:2.1.3:1.0-port0
1790755175.8634,A,203,13327,-72,/dev/serial/by-path/pci-0000:05:00.3-usb-0:2.1.1:1.0-port0
1790755175.8793,B,214,13339,-73,/dev/serial/by-path/pci-0000:05:00.3-usb-0:2.1.2:1.0-port0
1790755175.8971,A,204,13361,-85,/dev/serial/by-path/pci-0000:05:00.3-usb-0:2.1.1:1.0-port0
1790755175.8975,C,229,13355,-70,/dev/serial/by-path/pci-0000:05:00.3-usb-0:2.1.3:1.0-port0
1790755175.9221,B,215,13382,-71,/dev/serial/by-path/pci-0000:05:00.3-usb-0:2.1.2:1.0-port0
1790755175.9647,C,230,13423,-67,/dev/serial/by-path/pci-0000:05:00.3-usb-0:2.1.3:1.0-port0
1790755175.9682,A,205,13431,-85,/dev/serial/by-path/pci-0000:05:00.3-usb-0:2.1.1:1.0-port0
1790755175.9826,C,231,13441,-68,/dev/serial/by-path/pci-0000:05:00.3-usb-0:2.1.3:1.0-port0
1790755175.9830,B,216,13442,-80,/dev/serial/by-path/pci-0000:05:00.3-usb-0:2.1.2:1.0-port0
1790755176.0168,B,217,13476,-73,/dev/serial/by-path/pci-0000:05:00.3-usb-0:2.1.2:1.0-port0
1790755176.0225,A,206,13486,-72,/dev/serial/by-path/pci-0000:05:00.3-usb-0:2.1.1:1.0-port0
1790755176.0567,B,218,13516,-72,/dev/serial/by-path/pci-0000:05:00.3-usb-0:2.1.2:1.0-port0
1790755176.1029,C,232,13561,-68,/dev/serial/by-path/pci-0000:05:00.3-usb-0:2.1.3:1.0-port0
1790755176.1097,A,207,13573,-84,/dev/serial/by-path/pci-0000:05:00.3-usb-0:2.1.1:1.0-port0
1790755176.1098,B,219,13569,-82,/dev/serial/by-path/pci-0000:05:00.3-usb-0:2.1.2:1.0-port0
1790755176.1447,C,233,13603,-70,/dev/serial/by-path/pci-0000:05:00.3-usb-0:2.1.3:1.0-port0
1790755176.1616,B,220,13621,-75,/dev/serial/by-path/pci-0000:05:00.3-usb-0:2.1.2:1.0-port0
1790755176.1642,A,208,13628,-72,/dev/serial/by-path/pci-0000:05:00.3-usb-0:2.1.1:1.0-port0
1790755176.1914,B,221,13651,-74,/dev/serial/by-path/pci-0000:05:00.3-usb-0:2.1.2:1.0-port0
1790755176.2079,C,234,13666,-72,/dev/serial/by-path/pci-0000:05:00.3-usb-0:2.1.3:1.0-port0
1790755176.2082,A,209,13672,-83,/dev/serial/by-path/pci-0000:05:00.3-usb-0:2.1.1:1.0-port0
1790755176.2273,B,222,13687,-74,/dev/serial/by-path/pci-0000:05:00.3-usb-0:2.1.2:1.0-port0
1790755176.2360,A,210,13699,-83,/dev/serial/by-path/pci-0000:05:00.3-usb-0:2.1.1:1.0-port0
1790755176.2528,C,235,13711,-66,/dev/serial/by-path/pci-0000:05:00.3-usb-0:2.1.3:1.0-port0
1790755176.2686,A,211,13732,-82,/dev/serial/by-path/pci-0000:05:00.3-usb-0:2.1.1:1.0-port0
1790755176.3173,B,223,13777,-76,/dev/serial/by-path/pci-0000:05:00.3-usb-0:2.1.2:1.0-port0
1790755176.3177,A,212,13781,-72,/dev/serial/by-path/pci-0000:05:00.3-usb-0:2.1.1:1.0-port0
1790755176.3644,C,236,13823,-71,/dev/serial/by-path/pci-0000:05:00.3-usb-0:2.1.3:1.0-port0
1790755176.3672,A,213,13831,-85,/dev/serial/by-path/pci-0000:05:00.3-usb-0:2.1.1:1.0-port0
1790755176.4154,C,237,13873,-67,/dev/serial/by-path/pci-0000:05:00.3-usb-0:2.1.3:1.0-port0
1790755176.4157,A,214,13879,-82,/dev/serial/by-path/pci-0000:05:00.3-usb-0:2.1.1:1.0-port0
1790755176.4521,A,215,13915,-73,/dev/serial/by-path/pci-0000:05:00.3-usb-0:2.1.1:1.0-port0
1790755176.5153,C,238,13973,-71,/dev/serial/by-path/pci-0000:05:00.3-usb-0:2.1.3:1.0-port0
1790755176.5175,A,216,13981,-85,/dev/serial/by-path/pci-0000:05:00.3-usb-0:2.1.1:1.0-port0
1790755176.5337,A,217,13997,-85,/dev/serial/by-path/pci-0000:05:00.3-usb-0:2.1.1:1.0-port0
1790755176.5340,C,239,13991,-66,/dev/serial/by-path/pci-0000:05:00.3-usb-0:2.1.3:1.0-port0
1790755176.5344,B,224,13993,-74,/dev/serial/by-path/pci-0000:05:00.3-usb-0:2.1.2:1.0-port0
1790755176.5915,B,225,14051,-85,/dev/serial/by-path/pci-0000:05:00.3-usb-0:2.1.2:1.0-port0
1790755176.6148,C,240,14073,-68,/dev/serial/by-path/pci-0000:05:00.3-usb-0:2.1.3:1.0-port0
1790755176.6222,A,218,14086,-74,/dev/serial/by-path/pci-0000:05:00.3-usb-0:2.1.1:1.0-port0
1790755176.6274,C,241,14085,-72,/dev/serial/by-path/pci-0000:05:00.3-usb-0:2.1.3:1.0-port0
1790755176.6278,B,226,14087,-77,/dev/serial/by-path/pci-0000:05:00.3-usb-0:2.1.2:1.0-port0
1790755176.6700,A,219,14134,-82,/dev/serial/by-path/pci-0000:05:00.3-usb-0:2.1.1:1.0-port0
1790755176.6736,A,220,14134,-84,/dev/serial/by-path/pci-0000:05:00.3-usb-0:2.1.1:1.0-port0
1790755176.6891,B,227,14149,-74,/dev/serial/by-path/pci-0000:05:00.3-usb-0:2.1.2:1.0-port0
1790755176.6905,C,242,14148,-66,/dev/serial/by-path/pci-0000:05:00.3-usb-0:2.1.3:1.0-port0
1790755176.7101,A,221,14174,-83,/dev/serial/by-path/pci-0000:05:00.3-usb-0:2.1.1:1.0-port0
1790755176.7147,C,243,14173,-66,/dev/serial/by-path/pci-0000:05:00.3-usb-0:2.1.3:1.0-port0
1790755176.7600,B,228,14219,-77,/dev/serial/by-path/pci-0000:05:00.3-usb-0:2.1.2:1.0-port0
1790755176.7654,C,244,14223,-67,/dev/serial/by-path/pci-0000:05:00.3-usb-0:2.1.3:1.0-port0
1790755176.7722,A,222,14236,-74,/dev/serial/by-path/pci-0000:05:00.3-usb-0:2.1.1:1.0-port0
1790755176.7975,B,229,14257,-73,/dev/serial/by-path/pci-0000:05:00.3-usb-0:2.1.2:1.0-port0
1790755176.7991,C,245,14257,-71,/dev/serial/by-path/pci-0000:05:00.3-usb-0:2.1.3:1.0-port0
1790755176.7995,A,223,14263,-81,/dev/serial/by-path/pci-0000:05:00.3-usb-0:2.1.1:1.0-port0
1790755176.8646,C,246,14323,-66,/dev/serial/by-path/pci-0000:05:00.3-usb-0:2.1.3:1.0-port0
1790755176.8722,A,224,14336,-83,/dev/serial/by-path/pci-0000:05:00.3-usb-0:2.1.1:1.0-port0
1790755176.9154,C,247,14373,-67,/dev/serial/by-path/pci-0000:05:00.3-usb-0:2.1.3:1.0-port0
1790755176.9227,A,225,14386,-75,/dev/serial/by-path/pci-0000:05:00.3-usb-0:2.1.1:1.0-port0
1790755176.9382,A,226,14402,-81,/dev/serial/by-path/pci-0000:05:00.3-usb-0:2.1.1:1.0-port0
1790755176.9411,B,230,14401,-84,/dev/serial/by-path/pci-0000:05:00.3-usb-0:2.1.2:1.0-port0
1790755176.9643,C,248,14422,-69,/dev/serial/by-path/pci-0000:05:00.3-usb-0:2.1.3:1.0-port0
1790755176.9917,B,231,14451,-74,/dev/serial/by-path/pci-0000:05:00.3-usb-0:2.1.2:1.0-port0
1790755176.9955,C,249,14453,-66,/dev/serial/by-path/pci-0000:05:00.3-usb-0:2.1.3:1.0-port0
1790755176.9959,A,227,14459,-86,/dev/serial/by-path/pci-0000:05:00.3-usb-0:2.1.1:1.0-port0
1790755177.0848,C,250,14543,-70,/dev/serial/by-path/pci-0000:05:00.3-usb-0:2.1.3:1.0-port0
1790755177.0852,B,232,14545,-75,/dev/serial/by-path/pci-0000:05:00.3-usb-0:2.1.2:1.0-port0
1790755177.1222,A,228,14586,-86,/dev/serial/by-path/pci-0000:05:00.3-usb-0:2.1.1:1.0-port0
1790755177.1343,B,233,14594,-73,/dev/serial/by-path/pci-0000:05:00.3-usb-0:2.1.2:1.0-port0
1790755177.1647,C,251,14623,-67,/dev/serial/by-path/pci-0000:05:00.3-usb-0:2.1.3:1.0-port0
1790755177.1727,A,229,14636,-86,/dev/serial/by-path/pci-0000:05:00.3-usb-0:2.1.1:1.0-port0
1790755177.2226,A,230,14686,-72,/dev/serial/by-path/pci-0000:05:00.3-usb-0:2.1.1:1.0-port0
1790755177.2370,B,234,14697,-76,/dev/serial/by-path/pci-0000:05:00.3-usb-0:2.1.2:1.0-port0
1790755177.2652,C,252,14723,-71,/dev/serial/by-path/pci-0000:05:00.3-usb-0:2.1.3:1.0-port0
1790755177.2667,B,235,14726,-74,/dev/serial/by-path/pci-0000:05:00.3-usb-0:2.1.2:1.0-port0
1790755177.2726,A,231,14736,-87,/dev/serial/by-path/pci-0000:05:00.3-usb-0:2.1.1:1.0-port0
1790755177.2995,C,253,14757,-68,/dev/serial/by-path/pci-0000:05:00.3-usb-0:2.1.3:1.0-port0
1790755177.3183,A,232,14782,-90,/dev/serial/by-path/pci-0000:05:00.3-usb-0:2.1.1:1.0-port0
1790755177.3863,B,236,14846,-80,/dev/serial/by-path/pci-0000:05:00.3-usb-0:2.1.2:1.0-port0
1790755177.4080,C,254,14866,-72,/dev/serial/by-path/pci-0000:05:00.3-usb-0:2.1.3:1.0-port0
1790755177.4083,A,233,14872,-81,/dev/serial/by-path/pci-0000:05:00.3-usb-0:2.1.1:1.0-port0
1790755177.4413,B,237,14901,-73,/dev/serial/by-path/pci-0000:05:00.3-usb-0:2.1.2:1.0-port0
1790755177.4506,C,255,14909,-69,/dev/serial/by-path/pci-0000:05:00.3-usb-0:2.1.3:1.0-port0
1790755177.4509,A,234,14914,-88,/dev/serial/by-path/pci-0000:05:00.3-usb-0:2.1.1:1.0-port0
1790755177.4835,C,256,14941,-68,/dev/serial/by-path/pci-0000:05:00.3-usb-0:2.1.3:1.0-port0
1790755177.4839,A,235,14947,-74,/dev/serial/by-path/pci-0000:05:00.3-usb-0:2.1.1:1.0-port0
1790755177.4916,B,238,14951,-82,/dev/serial/by-path/pci-0000:05:00.3-usb-0:2.1.2:1.0-port0
1790755177.5283,B,239,14988,-75,/dev/serial/by-path/pci-0000:05:00.3-usb-0:2.1.2:1.0-port0
1790755177.5541,A,236,15018,-79,/dev/serial/by-path/pci-0000:05:00.3-usb-0:2.1.1:1.0-port0
1790755177.5545,C,257,15012,-70,/dev/serial/by-path/pci-0000:05:00.3-usb-0:2.1.3:1.0-port0
1790755177.5688,B,240,15028,-73,/dev/serial/by-path/pci-0000:05:00.3-usb-0:2.1.2:1.0-port0
1790755177.5703,A,237,15034,-78,/dev/serial/by-path/pci-0000:05:00.3-usb-0:2.1.1:1.0-port0
1790755177.6133,C,258,15072,-67,/dev/serial/by-path/pci-0000:05:00.3-usb-0:2.1.3:1.0-port0
1790755177.6156,C,259,15072,-83,/dev/serial/by-path/pci-0000:05:00.3-usb-0:2.1.3:1.0-port0
1790755177.6223,A,238,15086,-89,/dev/serial/by-path/pci-0000:05:00.3-usb-0:2.1.1:1.0-port0
1790755177.6640,B,241,15123,-69,/dev/serial/by-path/pci-0000:05:00.3-usb-0:2.1.2:1.0-port0
1790755177.6644,C,260,15123,-68,/dev/serial/by-path/pci-0000:05:00.3-usb-0:2.1.3:1.0-port0
1790755177.6735,A,239,15136,-87,/dev/serial/by-path/pci-0000:05:00.3-usb-0:2.1.1:1.0-port0
1790755177.7205,B,242,15180,-75,/dev/serial/by-path/pci-0000:05:00.3-usb-0:2.1.2:1.0-port0
1790755177.7638,C,261,15222,-67,/dev/serial/by-path/pci-0000:05:00.3-usb-0:2.1.3:1.0-port0
1790755177.7643,A,240,15227,-87,/dev/serial/by-path/pci-0000:05:00.3-usb-0:2.1.1:1.0-port0
1790755177.7645,B,243,15223,-81,/dev/serial/by-path/pci-0000:05:00.3-usb-0:2.1.2:1.0-port0
1790755177.8025,B,244,15262,-71,/dev/serial/by-path/pci-0000:05:00.3-usb-0:2.1.2:1.0-port0
1790755177.8147,C,262,15273,-66,/dev/serial/by-path/pci-0000:05:00.3-usb-0:2.1.3:1.0-port0
1790755177.8222,A,241,15286,-89,/dev/serial/by-path/pci-0000:05:00.3-usb-0:2.1.1:1.0-port0
1790755177.8414,B,245,15301,-72,/dev/serial/by-path/pci-0000:05:00.3-usb-0:2.1.2:1.0-port0
1790755177.8653,C,263,15323,-67,/dev/serial/by-path/pci-0000:05:00.3-usb-0:2.1.3:1.0-port0
1790755177.8684,A,242,15332,-85,/dev/serial/by-path/pci-0000:05:00.3-usb-0:2.1.1:1.0-port0
1790755177.8882,C,264,15346,-67,/dev/serial/by-path/pci-0000:05:00.3-usb-0:2.1.3:1.0-port0
1790755177.8887,B,246,15348,-74,/dev/serial/by-path/pci-0000:05:00.3-usb-0:2.1.2:1.0-port0
1790755177.8914,A,243,15355,-86,/dev/serial/by-path/pci-0000:05:00.3-usb-0:2.1.1:1.0-port0
1790755177.9344,B,247,15394,-84,/dev/serial/by-path/pci-0000:05:00.3-usb-0:2.1.2:1.0-port0
1790755177.9646,C,265,15423,-68,/dev/serial/by-path/pci-0000:05:00.3-usb-0:2.1.3:1.0-port0
1790755177.9653,A,244,15429,-82,/dev/serial/by-path/pci-0000:05:00.3-usb-0:2.1.1:1.0-port0
1790755177.9816,B,248,15441,-74,/dev/serial/by-path/pci-0000:05:00.3-usb-0:2.1.2:1.0-port0
1790755177.9819,C,266,15440,-67,/dev/serial/by-path/pci-0000:05:00.3-usb-0:2.1.3:1.0-port0
1790755178.0222,A,245,15486,-83,/dev/serial/by-path/pci-0000:05:00.3-usb-0:2.1.1:1.0-port0
1790755178.0300,B,249,15489,-74,/dev/serial/by-path/pci-0000:05:00.3-usb-0:2.1.2:1.0-port0
1790755178.0654,C,267,15523,-68,/dev/serial/by-path/pci-0000:05:00.3-usb-0:2.1.3:1.0-port0
1790755178.0727,A,246,15536,-87,/dev/serial/by-path/pci-0000:05:00.3-usb-0:2.1.1:1.0-port0
1790755178.0761,B,250,15535,-83,/dev/serial/by-path/pci-0000:05:00.3-usb-0:2.1.2:1.0-port0
1790755178.0796,A,247,15543,-85,/dev/serial/by-path/pci-0000:05:00.3-usb-0:2.1.1:1.0-port0
1790755178.0800,C,268,15537,-68,/dev/serial/by-path/pci-0000:05:00.3-usb-0:2.1.3:1.0-port0
1790755178.1182,B,251,15578,-72,/dev/serial/by-path/pci-0000:05:00.3-usb-0:2.1.2:1.0-port0
1790755178.1568,B,252,15616,-74,/dev/serial/by-path/pci-0000:05:00.3-usb-0:2.1.2:1.0-port0
1790755178.1570,C,269,15616,-67,/dev/serial/by-path/pci-0000:05:00.3-usb-0:2.1.3:1.0-port0
1790755178.1587,A,248,15623,-84,/dev/serial/by-path/pci-0000:05:00.3-usb-0:2.1.1:1.0-port0
1790755178.1588,C,270,15616,-66,/dev/serial/by-path/pci-0000:05:00.3-usb-0:2.1.3:1.0-port0
1790755178.2147,C,271,15673,-67,/dev/serial/by-path/pci-0000:05:00.3-usb-0:2.1.3:1.0-port0
1790755178.2225,A,249,15686,-85,/dev/serial/by-path/pci-0000:05:00.3-usb-0:2.1.1:1.0-port0
1790755178.2414,B,253,15701,-82,/dev/serial/by-path/pci-0000:05:00.3-usb-0:2.1.2:1.0-port0
1790755178.2650,C,272,15723,-68,/dev/serial/by-path/pci-0000:05:00.3-usb-0:2.1.3:1.0-port0
1790755178.2653,B,254,15725,-72,/dev/serial/by-path/pci-0000:05:00.3-usb-0:2.1.2:1.0-port0
1790755178.2943,C,273,15752,-67,/dev/serial/by-path/pci-0000:05:00.3-usb-0:2.1.3:1.0-port0
1790755178.3355,B,255,15795,-74,/dev/serial/by-path/pci-0000:05:00.3-usb-0:2.1.2:1.0-port0
1790755178.3415,C,274,15800,-66,/dev/serial/by-path/pci-0000:05:00.3-usb-0:2.1.3:1.0-port0
1790755178.3419,A,250,15805,-85,/dev/serial/by-path/pci-0000:05:00.3-usb-0:2.1.1:1.0-port0
1790755178.3868,C,275,15845,-65,/dev/serial/by-path/pci-0000:05:00.3-usb-0:2.1.3:1.0-port0
1790755178.4200,C,276,15878,-69,/dev/serial/by-path/pci-0000:05:00.3-usb-0:2.1.3:1.0-port0
1790755178.4204,B,256,15880,-74,/dev/serial/by-path/pci-0000:05:00.3-usb-0:2.1.2:1.0-port0
1790755178.4582,C,277,15916,-69,/dev/serial/by-path/pci-0000:05:00.3-usb-0:2.1.3:1.0-port0
1790755178.4731,B,257,15932,-73,/dev/serial/by-path/pci-0000:05:00.3-usb-0:2.1.2:1.0-port0
1790755178.5002,A,251,15963,-88,/dev/serial/by-path/pci-0000:05:00.3-usb-0:2.1.1:1.0-port0
1790755178.5004,C,278,15958,-66,/dev/serial/by-path/pci-0000:05:00.3-usb-0:2.1.3:1.0-port0
1790755178.5005,B,258,15959,-85,/dev/serial/by-path/pci-0000:05:00.3-usb-0:2.1.2:1.0-port0
1790755178.5833,B,259,16043,-75,/dev/serial/by-path/pci-0000:05:00.3-usb-0:2.1.2:1.0-port0
1790755178.5834,C,279,16041,-68,/dev/serial/by-path/pci-0000:05:00.3-usb-0:2.1.3:1.0-port0
1790755178.6414,B,260,16101,-73,/dev/serial/by-path/pci-0000:05:00.3-usb-0:2.1.2:1.0-port0
1790755178.6419,C,280,16100,-67,/dev/serial/by-path/pci-0000:05:00.3-usb-0:2.1.3:1.0-port0
1790755178.6421,A,252,16106,-89,/dev/serial/by-path/pci-0000:05:00.3-usb-0:2.1.1:1.0-port0
1790755178.6691,A,253,16133,-88,/dev/serial/by-path/pci-0000:05:00.3-usb-0:2.1.1:1.0-port0
1790755178.6907,C,281,16149,-67,/dev/serial/by-path/pci-0000:05:00.3-usb-0:2.1.3:1.0-port0
1790755178.6909,B,261,16150,-85,/dev/serial/by-path/pci-0000:05:00.3-usb-0:2.1.2:1.0-port0
1790755178.7115,A,254,16176,-89,/dev/serial/by-path/pci-0000:05:00.3-usb-0:2.1.1:1.0-port0
1790755178.7124,B,262,16172,-74,/dev/serial/by-path/pci-0000:05:00.3-usb-0:2.1.2:1.0-port0
1790755178.7148,C,282,16173,-67,/dev/serial/by-path/pci-0000:05:00.3-usb-0:2.1.3:1.0-port0
1790755178.7541,B,263,16214,-74,/dev/serial/by-path/pci-0000:05:00.3-usb-0:2.1.2:1.0-port0
1790755178.7557,C,283,16214,-68,/dev/serial/by-path/pci-0000:05:00.3-usb-0:2.1.3:1.0-port0
1790755178.8047,B,264,16264,-83,/dev/serial/by-path/pci-0000:05:00.3-usb-0:2.1.2:1.0-port0
1790755178.8048,C,284,16262,-67,/dev/serial/by-path/pci-0000:05:00.3-usb-0:2.1.3:1.0-port0
1790755178.8051,A,255,16268,-92,/dev/serial/by-path/pci-0000:05:00.3-usb-0:2.1.1:1.0-port0
1790755178.8415,B,265,16301,-82,/dev/serial/by-path/pci-0000:05:00.3-usb-0:2.1.2:1.0-port0
1790755178.8420,A,256,16306,-97,/dev/serial/by-path/pci-0000:05:00.3-usb-0:2.1.1:1.0-port0
1790755178.8556,C,285,16313,-70,/dev/serial/by-path/pci-0000:05:00.3-usb-0:2.1.3:1.0-port0
1790755178.9340,C,286,16392,-67,/dev/serial/by-path/pci-0000:05:00.3-usb-0:2.1.3:1.0-port0
1790755178.9344,B,266,16394,-74,/dev/serial/by-path/pci-0000:05:00.3-usb-0:2.1.2:1.0-port0
1790755178.9575,A,257,16421,-88,/dev/serial/by-path/pci-0000:05:00.3-usb-0:2.1.1:1.0-port0
1790755178.9915,B,267,16451,-81,/dev/serial/by-path/pci-0000:05:00.3-usb-0:2.1.2:1.0-port0
1790755179.0136,C,287,16471,-69,/dev/serial/by-path/pci-0000:05:00.3-usb-0:2.1.3:1.0-port0
1790755179.0270,B,268,16486,-74,/dev/serial/by-path/pci-0000:05:00.3-usb-0:2.1.2:1.0-port0
1790755179.0474,C,288,16505,-68,/dev/serial/by-path/pci-0000:05:00.3-usb-0:2.1.3:1.0-port0
1790755179.0713,B,269,16531,-75,/dev/serial/by-path/pci-0000:05:00.3-usb-0:2.1.2:1.0-port0
1790755179.0716,C,289,16529,-67,/dev/serial/by-path/pci-0000:05:00.3-usb-0:2.1.3:1.0-port0
1790755179.1201,A,258,16584,-86,/dev/serial/by-path/pci-0000:05:00.3-usb-0:2.1.1:1.0-port0
1790755179.1620,B,270,16622,-74,/dev/serial/by-path/pci-0000:05:00.3-usb-0:2.1.2:1.0-port0
1790755179.1622,A,259,16626,-91,/dev/serial/by-path/pci-0000:05:00.3-usb-0:2.1.1:1.0-port0
1790755179.1635,C,290,16623,-70,/dev/serial/by-path/pci-0000:05:00.3-usb-0:2.1.3:1.0-port0
1790755179.2055,B,271,16665,-75,/dev/serial/by-path/pci-0000:05:00.3-usb-0:2.1.2:1.0-port0
1790755179.2153,C,291,16673,-68,/dev/serial/by-path/pci-0000:05:00.3-usb-0:2.1.3:1.0-port0
1790755179.2515,C,292,16709,-67,/dev/serial/by-path/pci-0000:05:00.3-usb-0:2.1.3:1.0-port0
1790755179.2517,A,260,16715,-85,/dev/serial/by-path/pci-0000:05:00.3-usb-0:2.1.1:1.0-port0
1790755179.2918,B,272,16751,-77,/dev/serial/by-path/pci-0000:05:00.3-usb-0:2.1.2:1.0-port0
1790755179.2933,A,261,16756,-86,/dev/serial/by-path/pci-0000:05:00.3-usb-0:2.1.1:1.0-port0
1790755179.2940,C,293,16752,-72,/dev/serial/by-path/pci-0000:05:00.3-usb-0:2.1.3:1.0-port0
1790755179.3351,B,273,16795,-73,/dev/serial/by-path/pci-0000:05:00.3-usb-0:2.1.2:1.0-port0
1790755179.3355,C,294,16793,-68,/dev/serial/by-path/pci-0000:05:00.3-usb-0:2.1.3:1.0-port0
1790755179.3798,B,274,16839,-76,/dev/serial/by-path/pci-0000:05:00.3-usb-0:2.1.2:1.0-port0
1790755179.3801,A,262,16843,-85,/dev/serial/by-path/pci-0000:05:00.3-usb-0:2.1.1:1.0-port0
1790755179.3804,C,295,16838,-69,/dev/serial/by-path/pci-0000:05:00.3-usb-0:2.1.3:1.0-port0
1790755179.4723,A,263,16936,-81,/dev/serial/by-path/pci-0000:05:00.3-usb-0:2.1.1:1.0-port0
1790755179.4890,B,275,16948,-72,/dev/serial/by-path/pci-0000:05:00.3-usb-0:2.1.2:1.0-port0
1790755179.5146,C,296,16973,-69,/dev/serial/by-path/pci-0000:05:00.3-usb-0:2.1.3:1.0-port0
1790755179.5161,B,276,16975,-78,/dev/serial/by-path/pci-0000:05:00.3-usb-0:2.1.2:1.0-port0
1790755179.5170,A,264,16981,-87,/dev/serial/by-path/pci-0000:05:00.3-usb-0:2.1.1:1.0-port0
1790755179.5577,A,265,17021,-83,/dev/serial/by-path/pci-0000:05:00.3-usb-0:2.1.1:1.0-port0
1790755179.5654,C,297,17023,-67,/dev/serial/by-path/pci-0000:05:00.3-usb-0:2.1.3:1.0-port0
1790755179.5889,B,277,17049,-75,/dev/serial/by-path/pci-0000:05:00.3-usb-0:2.1.2:1.0-port0
1790755179.6075,B,278,17067,-72,/dev/serial/by-path/pci-0000:05:00.3-usb-0:2.1.2:1.0-port0
1790755179.6096,C,298,17068,-72,/dev/serial/by-path/pci-0000:05:00.3-usb-0:2.1.3:1.0-port0
1790755179.6100,A,266,17073,-81,/dev/serial/by-path/pci-0000:05:00.3-usb-0:2.1.1:1.0-port0
1790755179.6465,A,267,17110,-87,/dev/serial/by-path/pci-0000:05:00.3-usb-0:2.1.1:1.0-port0
1790755179.6648,C,299,17123,-68,/dev/serial/by-path/pci-0000:05:00.3-usb-0:2.1.3:1.0-port0
1790755179.6891,C,300,17147,-68,/dev/serial/by-path/pci-0000:05:00.3-usb-0:2.1.3:1.0-port0
1790755179.6895,A,268,17153,-85,/dev/serial/by-path/pci-0000:05:00.3-usb-0:2.1.1:1.0-port0
1790755179.6913,B,279,17151,-78,/dev/serial/by-path/pci-0000:05:00.3-usb-0:2.1.2:1.0-port0
1790755179.7336,A,269,17198,-82,/dev/serial/by-path/pci-0000:05:00.3-usb-0:2.1.1:1.0-port0
1790755179.7342,B,280,17193,-75,/dev/serial/by-path/pci-0000:05:00.3-usb-0:2.1.2:1.0-port0
1790755179.7343,C,301,17192,-70,/dev/serial/by-path/pci-0000:05:00.3-usb-0:2.1.3:1.0-port0
1790755179.7787,C,302,17237,-68,/dev/serial/by-path/pci-0000:05:00.3-usb-0:2.1.3:1.0-port0
1790755179.7914,B,281,17251,-72,/dev/serial/by-path/pci-0000:05:00.3-usb-0:2.1.2:1.0-port0
1790755179.8170,B,282,17276,-78,/dev/serial/by-path/pci-0000:05:00.3-usb-0:2.1.2:1.0-port0
1790755179.8175,A,270,17281,-86,/dev/serial/by-path/pci-0000:05:00.3-usb-0:2.1.1:1.0-port0
1790755179.8197,A,271,17282,-90,/dev/serial/by-path/pci-0000:05:00.3-usb-0:2.1.1:1.0-port0
1790755179.9112,A,272,17375,-87,/dev/serial/by-path/pci-0000:05:00.3-usb-0:2.1.1:1.0-port0
1790755179.9115,B,283,17371,-72,/dev/serial/by-path/pci-0000:05:00.3-usb-0:2.1.2:1.0-port0
1790755179.9147,C,303,17373,-68,/dev/serial/by-path/pci-0000:05:00.3-usb-0:2.1.3:1.0-port0
1790755179.9520,C,304,17410,-69,/dev/serial/by-path/pci-0000:05:00.3-usb-0:2.1.3:1.0-port0
1790755179.9564,B,284,17416,-78,/dev/serial/by-path/pci-0000:05:00.3-usb-0:2.1.2:1.0-port0
1790755180.0003,B,285,17460,-77,/dev/serial/by-path/pci-0000:05:00.3-usb-0:2.1.2:1.0-port0
1790755180.0148,C,305,17473,-67,/dev/serial/by-path/pci-0000:05:00.3-usb-0:2.1.3:1.0-port0
1790755180.0223,A,273,17486,-88,/dev/serial/by-path/pci-0000:05:00.3-usb-0:2.1.1:1.0-port0
1790755180.0453,A,274,17509,-86,/dev/serial/by-path/pci-0000:05:00.3-usb-0:2.1.1:1.0-port0
1790755180.0456,C,306,17503,-68,/dev/serial/by-path/pci-0000:05:00.3-usb-0:2.1.3:1.0-port0
1790755180.0856,C,307,17543,-70,/dev/serial/by-path/pci-0000:05:00.3-usb-0:2.1.3:1.0-port0
1790755180.0915,B,286,17551,-72,/dev/serial/by-path/pci-0000:05:00.3-usb-0:2.1.2:1.0-port0
1790755180.1339,C,308,17592,-67,/dev/serial/by-path/pci-0000:05:00.3-usb-0:2.1.3:1.0-port0
1790755180.1343,A,275,17598,-86,/dev/serial/by-path/pci-0000:05:00.3-usb-0:2.1.1:1.0-port0
1790755180.1344,B,287,17594,-78,/dev/serial/by-path/pci-0000:05:00.3-usb-0:2.1.2:1.0-port0
1790755180.1851,C,309,17643,-69,/dev/serial/by-path/pci-0000:05:00.3-usb-0:2.1.3:1.0-port0
1790755180.1914,B,288,17651,-77,/dev/serial/by-path/pci-0000:05:00.3-usb-0:2.1.2:1.0-port0
1790755180.2083,A,276,17672,-87,/dev/serial/by-path/pci-0000:05:00.3-usb-0:2.1.1:1.0-port0
1790755180.2414,B,289,17701,-72,/dev/serial/by-path/pci-0000:05:00.3-usb-0:2.1.2:1.0-port0
1790755180.2588,C,310,17717,-69,/dev/serial/by-path/pci-0000:05:00.3-usb-0:2.1.3:1.0-port0
1790755180.2592,A,277,17722,-87,/dev/serial/by-path/pci-0000:05:00.3-usb-0:2.1.1:1.0-port0
1790755180.2754,B,290,17736,-77,/dev/serial/by-path/pci-0000:05:00.3-usb-0:2.1.2:1.0-port0
1790755180.2758,C,311,17734,-67,/dev/serial/by-path/pci-0000:05:00.3-usb-0:2.1.3:1.0-port0
1790755180.2761,A,278,17740,-89,/dev/serial/by-path/pci-0000:05:00.3-usb-0:2.1.1:1.0-port0
1790755180.3309,C,312,17789,-69,/dev/serial/by-path/pci-0000:05:00.3-usb-0:2.1.3:1.0-port0
1790755180.3331,B,291,17792,-77,/dev/serial/by-path/pci-0000:05:00.3-usb-0:2.1.2:1.0-port0
1790755180.3801,B,292,17839,-74,/dev/serial/by-path/pci-0000:05:00.3-usb-0:2.1.2:1.0-port0
1790755180.3804,C,313,17838,-69,/dev/serial/by-path/pci-0000:05:00.3-usb-0:2.1.3:1.0-port0
1790755180.4166,A,279,17880,-90,/dev/serial/by-path/pci-0000:05:00.3-usb-0:2.1.1:1.0-port0
1790755180.4363,B,293,17896,-76,/dev/serial/by-path/pci-0000:05:00.3-usb-0:2.1.2:1.0-port0
1790755180.4569,C,314,17915,-67,/dev/serial/by-path/pci-0000:05:00.3-usb-0:2.1.3:1.0-port0
1790755180.4570,A,280,17920,-89,/dev/serial/by-path/pci-0000:05:00.3-usb-0:2.1.1:1.0-port0
1790755180.5316,B,294,17991,-75,/dev/serial/by-path/pci-0000:05:00.3-usb-0:2.1.2:1.0-port0
1790755180.5474,C,315,18005,-70,/dev/serial/by-path/pci-0000:05:00.3-usb-0:2.1.3:1.0-port0
1790755180.5579,B,295,18017,-76,/dev/serial/by-path/pci-0000:05:00.3-usb-0:2.1.2:1.0-port0
1790755180.5924,C,316,18050,-67,/dev/serial/by-path/pci-0000:05:00.3-usb-0:2.1.3:1.0-port0
1790755180.5931,A,281,18057,-88,/dev/serial/by-path/pci-0000:05:00.3-usb-0:2.1.1:1.0-port0
1790755180.6338,C,317,18091,-70,/dev/serial/by-path/pci-0000:05:00.3-usb-0:2.1.3:1.0-port0
1790755180.6342,B,296,18093,-79,/dev/serial/by-path/pci-0000:05:00.3-usb-0:2.1.2:1.0-port0
1790755180.6921,B,297,18151,-75,/dev/serial/by-path/pci-0000:05:00.3-usb-0:2.1.2:1.0-port0
1790755180.6953,A,282,18159,-90,/dev/serial/by-path/pci-0000:05:00.3-usb-0:2.1.1:1.0-port0
1790755180.6957,C,318,18153,-70,/dev/serial/by-path/pci-0000:05:00.3-usb-0:2.1.3:1.0-port0
1790755180.7415,B,298,18201,-76,/dev/serial/by-path/pci-0000:05:00.3-usb-0:2.1.2:1.0-port0
1790755180.7451,C,319,18203,-66,/dev/serial/by-path/pci-0000:05:00.3-usb-0:2.1.3:1.0-port0
1790755180.7673,B,299,18227,-77,/dev/serial/by-path/pci-0000:05:00.3-usb-0:2.1.2:1.0-port0
1790755180.7722,A,283,18236,-88,/dev/serial/by-path/pci-0000:05:00.3-usb-0:2.1.1:1.0-port0
1790755180.8106,C,320,18268,-71,/dev/serial/by-path/pci-0000:05:00.3-usb-0:2.1.3:1.0-port0
1790755180.8121,A,284,18275,-88,/dev/serial/by-path/pci-0000:05:00.3-usb-0:2.1.1:1.0-port0
1790755180.8578,C,321,18316,-68,/dev/serial/by-path/pci-0000:05:00.3-usb-0:2.1.3:1.0-port0
1790755180.8582,A,285,18322,-86,/dev/serial/by-path/pci-0000:05:00.3-usb-0:2.1.1:1.0-port0
1790755180.8942,C,322,18352,-67,/dev/serial/by-path/pci-0000:05:00.3-usb-0:2.1.3:1.0-port0
1790755180.9087,A,286,18372,-86,/dev/serial/by-path/pci-0000:05:00.3-usb-0:2.1.1:1.0-port0
1790755180.9373,B,300,18397,-77,/dev/serial/by-path/pci-0000:05:00.3-usb-0:2.1.2:1.0-port0
1790755180.9419,C,323,18400,-71,/dev/serial/by-path/pci-0000:05:00.3-usb-0:2.1.3:1.0-port0
1790755180.9421,A,287,18405,-89,/dev/serial/by-path/pci-0000:05:00.3-usb-0:2.1.1:1.0-port0
1790755180.9874,B,301,18447,-74,/dev/serial/by-path/pci-0000:05:00.3-usb-0:2.1.2:1.0-port0
1790755181.0147,C,324,18473,-68,/dev/serial/by-path/pci-0000:05:00.3-usb-0:2.1.3:1.0-port0
1790755181.0356,C,325,18493,-66,/dev/serial/by-path/pci-0000:05:00.3-usb-0:2.1.3:1.0-port0
1790755181.0361,A,288,18500,-86,/dev/serial/by-path/pci-0000:05:00.3-usb-0:2.1.1:1.0-port0
1790755181.0362,B,302,18495,-76,/dev/serial/by-path/pci-0000:05:00.3-usb-0:2.1.2:1.0-port0
1790755181.1702,B,303,18630,-76,/dev/serial/by-path/pci-0000:05:00.3-usb-0:2.1.2:1.0-port0
1790755181.1703,C,326,18628,-66,/dev/serial/by-path/pci-0000:05:00.3-usb-0:2.1.3:1.0-port0
1790755181.2140,C,327,18673,-67,/dev/serial/by-path/pci-0000:05:00.3-usb-0:2.1.3:1.0-port0
1790755181.2164,A,289,18679,-83,/dev/serial/by-path/pci-0000:05:00.3-usb-0:2.1.1:1.0-port0
1790755181.2633,B,304,18723,-74,/dev/serial/by-path/pci-0000:05:00.3-usb-0:2.1.2:1.0-port0
1790755181.3147,C,328,18773,-69,/dev/serial/by-path/pci-0000:05:00.3-usb-0:2.1.3:1.0-port0
1790755181.3164,B,305,18776,-76,/dev/serial/by-path/pci-0000:05:00.3-usb-0:2.1.2:1.0-port0
1790755181.3562,C,329,18814,-66,/dev/serial/by-path/pci-0000:05:00.3-usb-0:2.1.3:1.0-port0
1790755181.3566,B,306,18816,-74,/dev/serial/by-path/pci-0000:05:00.3-usb-0:2.1.2:1.0-port0
1790755181.3569,A,290,18821,-83,/dev/serial/by-path/pci-0000:05:00.3-usb-0:2.1.1:1.0-port0
1790755181.4446,C,330,18902,-68,/dev/serial/by-path/pci-0000:05:00.3-usb-0:2.1.3:1.0-port0
1790755181.4914,B,307,18951,-76,/dev/serial/by-path/pci-0000:05:00.3-usb-0:2.1.2:1.0-port0
1790755181.4920,C,331,18950,-66,/dev/serial/by-path/pci-0000:05:00.3-usb-0:2.1.3:1.0-port0
1790755181.5223,A,291,18986,-83,/dev/serial/by-path/pci-0000:05:00.3-usb-0:2.1.1:1.0-port0
1790755181.5796,C,332,19037,-69,/dev/serial/by-path/pci-0000:05:00.3-usb-0:2.1.3:1.0-port0
1790755181.5799,B,308,19039,-73,/dev/serial/by-path/pci-0000:05:00.3-usb-0:2.1.2:1.0-port0
1790755181.6277,C,333,19085,-67,/dev/serial/by-path/pci-0000:05:00.3-usb-0:2.1.3:1.0-port0
1790755181.6307,B,309,19090,-76,/dev/serial/by-path/pci-0000:05:00.3-usb-0:2.1.2:1.0-port0
1790755181.6662,B,310,19126,-74,/dev/serial/by-path/pci-0000:05:00.3-usb-0:2.1.2:1.0-port0
1790755181.6714,A,292,19135,-85,/dev/serial/by-path/pci-0000:05:00.3-usb-0:2.1.1:1.0-port0
1790755181.7132,C,334,19171,-71,/dev/serial/by-path/pci-0000:05:00.3-usb-0:2.1.3:1.0-port0
1790755181.7223,A,293,19186,-94,/dev/serial/by-path/pci-0000:05:00.3-usb-0:2.1.1:1.0-port0
1790755181.7328,B,311,19192,-75,/dev/serial/by-path/pci-0000:05:00.3-usb-0:2.1.2:1.0-port0
1790755181.7612,B,312,19221,-76,/dev/serial/by-path/pci-0000:05:00.3-usb-0:2.1.2:1.0-port0
1790755181.7647,C,335,19223,-68,/dev/serial/by-path/pci-0000:05:00.3-usb-0:2.1.3:1.0-port0
1790755181.8000,C,336,19258,-67,/dev/serial/by-path/pci-0000:05:00.3-usb-0:2.1.3:1.0-port0
1790755181.8001,A,294,19263,-82,/dev/serial/by-path/pci-0000:05:00.3-usb-0:2.1.1:1.0-port0
1790755181.8217,B,313,19281,-74,/dev/serial/by-path/pci-0000:05:00.3-usb-0:2.1.2:1.0-port0
1790755181.8416,B,314,19301,-75,/dev/serial/by-path/pci-0000:05:00.3-usb-0:2.1.2:1.0-port0
1790755181.8417,C,337,19300,-71,/dev/serial/by-path/pci-0000:05:00.3-usb-0:2.1.3:1.0-port0
1790755181.8917,B,315,19351,-74,/dev/serial/by-path/pci-0000:05:00.3-usb-0:2.1.2:1.0-port0
1790755181.8991,C,338,19357,-69,/dev/serial/by-path/pci-0000:05:00.3-usb-0:2.1.3:1.0-port0
1790755181.9405,B,316,19399,-76,/dev/serial/by-path/pci-0000:05:00.3-usb-0:2.1.2:1.0-port0
1790755181.9425,C,339,19401,-67,/dev/serial/by-path/pci-0000:05:00.3-usb-0:2.1.3:1.0-port0
1790755181.9428,A,295,19406,-83,/dev/serial/by-path/pci-0000:05:00.3-usb-0:2.1.1:1.0-port0
1790755181.9871,B,317,19447,-75,/dev/serial/by-path/pci-0000:05:00.3-usb-0:2.1.2:1.0-port0
1790755182.0056,C,340,19463,-72,/dev/serial/by-path/pci-0000:05:00.3-usb-0:2.1.3:1.0-port0
1790755182.0233,A,296,19486,-96,/dev/serial/by-path/pci-0000:05:00.3-usb-0:2.1.1:1.0-port0
1790755182.0295,B,318,19489,-75,/dev/serial/by-path/pci-0000:05:00.3-usb-0:2.1.2:1.0-port0
1790755182.0462,C,341,19504,-69,/dev/serial/by-path/pci-0000:05:00.3-usb-0:2.1.3:1.0-port0
1790755182.0913,B,319,19551,-75,/dev/serial/by-path/pci-0000:05:00.3-usb-0:2.1.2:1.0-port0
1790755182.1138,C,342,19572,-68,/dev/serial/by-path/pci-0000:05:00.3-usb-0:2.1.3:1.0-port0
1790755182.1161,C,343,19573,-67,/dev/serial/by-path/pci-0000:05:00.3-usb-0:2.1.3:1.0-port0
1790755182.1223,A,297,19586,-83,/dev/serial/by-path/pci-0000:05:00.3-usb-0:2.1.1:1.0-port0
1790755182.1604,C,344,19618,-72,/dev/serial/by-path/pci-0000:05:00.3-usb-0:2.1.3:1.0-port0
1790755182.2103,B,320,19670,-76,/dev/serial/by-path/pci-0000:05:00.3-usb-0:2.1.2:1.0-port0
1790755182.2565,C,345,19715,-68,/dev/serial/by-path/pci-0000:05:00.3-usb-0:2.1.3:1.0-port0
1790755182.2582,B,321,19718,-75,/dev/serial/by-path/pci-0000:05:00.3-usb-0:2.1.2:1.0-port0
1790755182.2587,A,298,19722,-82,/dev/serial/by-path/pci-0000:05:00.3-usb-0:2.1.1:1.0-port0
1790755182.3014,B,322,19761,-76,/dev/serial/by-path/pci-0000:05:00.3-usb-0:2.1.2:1.0-port0
1790755182.3031,C,346,19761,-73,/dev/serial/by-path/pci-0000:05:00.3-usb-0:2.1.3:1.0-port0
1790755182.3603,C,347,19818,-70,/dev/serial/by-path/pci-0000:05:00.3-usb-0:2.1.3:1.0-port0
1790755182.3898,B,323,19849,-75,/dev/serial/by-path/pci-0000:05:00.3-usb-0:2.1.2:1.0-port0
1790755182.4124,C,348,19870,-68,/dev/serial/by-path/pci-0000:05:00.3-usb-0:2.1.3:1.0-port0
1790755182.4202,A,299,19883,-83,/dev/serial/by-path/pci-0000:05:00.3-usb-0:2.1.1:1.0-port0
1790755182.4801,B,324,19940,-75,/dev/serial/by-path/pci-0000:05:00.3-usb-0:2.1.2:1.0-port0
1790755182.5146,C,349,19973,-70,/dev/serial/by-path/pci-0000:05:00.3-usb-0:2.1.3:1.0-port0
1790755182.5242,B,325,19984,-74,/dev/serial/by-path/pci-0000:05:00.3-usb-0:2.1.2:1.0-port0
1790755182.5271,C,350,19985,-68,/dev/serial/by-path/pci-0000:05:00.3-usb-0:2.1.3:1.0-port0
1790755182.5637,A,300,20027,-84,/dev/serial/by-path/pci-0000:05:00.3-usb-0:2.1.1:1.0-port0
1790755182.5642,C,351,20023,-68,/dev/serial/by-path/pci-0000:05:00.3-usb-0:2.1.3:1.0-port0
1790755182.6087,C,352,20066,-73,/dev/serial/by-path/pci-0000:05:00.3-usb-0:2.1.3:1.0-port0
1790755182.6104,B,326,20070,-75,/dev/serial/by-path/pci-0000:05:00.3-usb-0:2.1.2:1.0-port0
1790755182.6223,A,301,20086,-87,/dev/serial/by-path/pci-0000:05:00.3-usb-0:2.1.1:1.0-port0
1790755182.6588,B,327,20118,-74,/dev/serial/by-path/pci-0000:05:00.3-usb-0:2.1.2:1.0-port0
1790755182.6612,C,353,20119,-70,/dev/serial/by-path/pci-0000:05:00.3-usb-0:2.1.3:1.0-port0
1790755182.7148,C,354,20173,-67,/dev/serial/by-path/pci-0000:05:00.3-usb-0:2.1.3:1.0-port0
1790755182.7222,A,302,20185,-84,/dev/serial/by-path/pci-0000:05:00.3-usb-0:2.1.1:1.0-port0
1790755182.7515,B,328,20211,-80,/dev/serial/by-path/pci-0000:05:00.3-usb-0:2.1.2:1.0-port0
1790755182.7895,B,329,20249,-78,/dev/serial/by-path/pci-0000:05:00.3-usb-0:2.1.2:1.0-port0
1790755182.8153,C,355,20273,-68,/dev/serial/by-path/pci-0000:05:00.3-usb-0:2.1.3:1.0-port0
1790755182.8418,B,330,20301,-74,/dev/serial/by-path/pci-0000:05:00.3-usb-0:2.1.2:1.0-port0
1790755182.8653,C,356,20323,-68,/dev/serial/by-path/pci-0000:05:00.3-usb-0:2.1.3:1.0-port0
1790755182.8674,A,303,20331,-83,/dev/serial/by-path/pci-0000:05:00.3-usb-0:2.1.1:1.0-port0
1790755182.8792,B,331,20339,-80,/dev/serial/by-path/pci-0000:05:00.3-usb-0:2.1.2:1.0-port0
1790755182.9153,C,357,20373,-74,/dev/serial/by-path/pci-0000:05:00.3-usb-0:2.1.3:1.0-port0
1790755182.9222,A,304,20386,-81,/dev/serial/by-path/pci-0000:05:00.3-usb-0:2.1.1:1.0-port0
1790755182.9280,B,332,20387,-76,/dev/serial/by-path/pci-0000:05:00.3-usb-0:2.1.2:1.0-port0
1790755182.9282,C,358,20386,-71,/dev/serial/by-path/pci-0000:05:00.3-usb-0:2.1.3:1.0-port0
1790755182.9656,B,333,20425,-73,/dev/serial/by-path/pci-0000:05:00.3-usb-0:2.1.2:1.0-port0
1790755183.0160,A,305,20479,-84,/dev/serial/by-path/pci-0000:05:00.3-usb-0:2.1.1:1.0-port0
1790755183.0606,C,359,20518,-76,/dev/serial/by-path/pci-0000:05:00.3-usb-0:2.1.3:1.0-port0
1790755183.0724,A,306,20536,-80,/dev/serial/by-path/pci-0000:05:00.3-usb-0:2.1.1:1.0-port0
1790755183.1078,B,334,20567,-72,/dev/serial/by-path/pci-0000:05:00.3-usb-0:2.1.2:1.0-port0
1790755183.1146,C,360,20573,-72,/dev/serial/by-path/pci-0000:05:00.3-usb-0:2.1.3:1.0-port0
1790755183.1541,B,335,20614,-77,/dev/serial/by-path/pci-0000:05:00.3-usb-0:2.1.2:1.0-port0
1790755183.1575,A,307,20621,-83,/dev/serial/by-path/pci-0000:05:00.3-usb-0:2.1.1:1.0-port0
1790755183.1603,C,361,20618,-67,/dev/serial/by-path/pci-0000:05:00.3-usb-0:2.1.3:1.0-port0
1790755183.1954,C,362,20653,-74,/dev/serial/by-path/pci-0000:05:00.3-usb-0:2.1.3:1.0-port0
1790755183.1958,A,308,20659,-78,/dev/serial/by-path/pci-0000:05:00.3-usb-0:2.1.1:1.0-port0
1790755183.2366,B,336,20696,-77,/dev/serial/by-path/pci-0000:05:00.3-usb-0:2.1.2:1.0-port0
1790755183.2387,C,363,20697,-71,/dev/serial/by-path/pci-0000:05:00.3-usb-0:2.1.3:1.0-port0
1790755183.2391,A,309,20703,-93,/dev/serial/by-path/pci-0000:05:00.3-usb-0:2.1.1:1.0-port0
1790755183.2416,B,337,20701,-78,/dev/serial/by-path/pci-0000:05:00.3-usb-0:2.1.2:1.0-port0
1790755183.2813,C,364,20740,-67,/dev/serial/by-path/pci-0000:05:00.3-usb-0:2.1.3:1.0-port0
1790755183.2828,A,310,20746,-84,/dev/serial/by-path/pci-0000:05:00.3-usb-0:2.1.1:1.0-port0
1790755183.2847,B,338,20744,-72,/dev/serial/by-path/pci-0000:05:00.3-usb-0:2.1.2:1.0-port0
1790755183.3713,A,311,20835,-77,/dev/serial/by-path/pci-0000:05:00.3-usb-0:2.1.1:1.0-port0
1790755183.3735,A,312,20836,-73,/dev/serial/by-path/pci-0000:05:00.3-usb-0:2.1.1:1.0-port0
1790755183.3914,B,339,20851,-80,/dev/serial/by-path/pci-0000:05:00.3-usb-0:2.1.2:1.0-port0
1790755183.3964,C,365,20854,-72,/dev/serial/by-path/pci-0000:05:00.3-usb-0:2.1.3:1.0-port0
1790755183.4104,B,340,20870,-72,/dev/serial/by-path/pci-0000:05:00.3-usb-0:2.1.2:1.0-port0
1790755183.4146,C,366,20873,-71,/dev/serial/by-path/pci-0000:05:00.3-usb-0:2.1.3:1.0-port0
1790755183.4228,A,313,20886,-84,/dev/serial/by-path/pci-0000:05:00.3-usb-0:2.1.1:1.0-port0
1790755183.4605,C,367,20919,-67,/dev/serial/by-path/pci-0000:05:00.3-usb-0:2.1.3:1.0-port0
1790755183.4678,A,314,20931,-85,/dev/serial/by-path/pci-0000:05:00.3-usb-0:2.1.1:1.0-port0
1790755183.4703,B,341,20930,-83,/dev/serial/by-path/pci-0000:05:00.3-usb-0:2.1.2:1.0-port0
1790755183.5056,A,315,20969,-73,/dev/serial/by-path/pci-0000:05:00.3-usb-0:2.1.1:1.0-port0
1790755183.5061,B,342,20966,-83,/dev/serial/by-path/pci-0000:05:00.3-usb-0:2.1.2:1.0-port0
1790755183.5152,C,368,20973,-73,/dev/serial/by-path/pci-0000:05:00.3-usb-0:2.1.3:1.0-port0
1790755183.5468,B,343,21006,-71,/dev/serial/by-path/pci-0000:05:00.3-usb-0:2.1.2:1.0-port0
1790755183.5482,C,369,21006,-70,/dev/serial/by-path/pci-0000:05:00.3-usb-0:2.1.3:1.0-port0
1790755183.5485,A,316,21012,-84,/dev/serial/by-path/pci-0000:05:00.3-usb-0:2.1.1:1.0-port0
1790755183.5906,A,317,21054,-84,/dev/serial/by-path/pci-0000:05:00.3-usb-0:2.1.1:1.0-port0
1790755183.5908,C,370,21048,-67,/dev/serial/by-path/pci-0000:05:00.3-usb-0:2.1.3:1.0-port0
1790755183.5911,B,344,21051,-71,/dev/serial/by-path/pci-0000:05:00.3-usb-0:2.1.2:1.0-port0
1790755183.6375,A,318,21101,-72,/dev/serial/by-path/pci-0000:05:00.3-usb-0:2.1.1:1.0-port0
1790755183.6379,C,371,21096,-73,/dev/serial/by-path/pci-0000:05:00.3-usb-0:2.1.3:1.0-port0
1790755183.6382,B,345,21097,-87,/dev/serial/by-path/pci-0000:05:00.3-usb-0:2.1.2:1.0-port0
1790755183.6862,B,346,21146,-81,/dev/serial/by-path/pci-0000:05:00.3-usb-0:2.1.2:1.0-port0
1790755183.7109,C,372,21169,-70,/dev/serial/by-path/pci-0000:05:00.3-usb-0:2.1.3:1.0-port0
1790755183.7113,A,319,21175,-84,/dev/serial/by-path/pci-0000:05:00.3-usb-0:2.1.1:1.0-port0
1790755183.7224,B,347,21182,-71,/dev/serial/by-path/pci-0000:05:00.3-usb-0:2.1.2:1.0-port0
1790755183.7461,C,373,21204,-68,/dev/serial/by-path/pci-0000:05:00.3-usb-0:2.1.3:1.0-port0
1790755183.7669,A,320,21230,-89,/dev/serial/by-path/pci-0000:05:00.3-usb-0:2.1.1:1.0-port0
1790755183.8122,A,321,21275,-70,/dev/serial/by-path/pci-0000:05:00.3-usb-0:2.1.1:1.0-port0
1790755183.8155,B,348,21275,-77,/dev/serial/by-path/pci-0000:05:00.3-usb-0:2.1.2:1.0-port0
1790755183.8550,B,349,21315,-72,/dev/serial/by-path/pci-0000:05:00.3-usb-0:2.1.2:1.0-port0
1790755183.8565,C,374,21314,-70,/dev/serial/by-path/pci-0000:05:00.3-usb-0:2.1.3:1.0-port0
1790755183.8729,A,322,21336,-84,/dev/serial/by-path/pci-0000:05:00.3-usb-0:2.1.1:1.0-port0
1790755183.8981,C,375,21356,-67,/dev/serial/by-path/pci-0000:05:00.3-usb-0:2.1.3:1.0-port0
1790755183.9390,B,350,21399,-85,/dev/serial/by-path/pci-0000:05:00.3-usb-0:2.1.2:1.0-port0
1790755183.9482,C,376,21406,-72,/dev/serial/by-path/pci-0000:05:00.3-usb-0:2.1.3:1.0-port0
1790755183.9485,A,323,21412,-72,/dev/serial/by-path/pci-0000:05:00.3-usb-0:2.1.1:1.0-port0
1790755183.9913,B,351,21451,-76,/dev/serial/by-path/pci-0000:05:00.3-usb-0:2.1.2:1.0-port0
1790755183.9961,B,352,21456,-72,/dev/serial/by-path/pci-0000:05:00.3-usb-0:2.1.2:1.0-port0
1790755184.0147,C,377,21473,-70,/dev/serial/by-path/pci-0000:05:00.3-usb-0:2.1.3:1.0-port0
1790755184.0222,A,324,21486,-84,/dev/serial/by-path/pci-0000:05:00.3-usb-0:2.1.1:1.0-port0
1790755184.0411,C,378,21499,-67,/dev/serial/by-path/pci-0000:05:00.3-usb-0:2.1.3:1.0-port0
1790755184.0414,B,353,21501,-71,/dev/serial/by-path/pci-0000:05:00.3-usb-0:2.1.2:1.0-port0
1790755184.0723,A,325,21536,-94,/dev/serial/by-path/pci-0000:05:00.3-usb-0:2.1.1:1.0-port0
1790755184.0915,A,326,21555,-71,/dev/serial/by-path/pci-0000:05:00.3-usb-0:2.1.1:1.0-port0
1790755184.1337,C,379,21591,-69,/dev/serial/by-path/pci-0000:05:00.3-usb-0:2.1.3:1.0-port0
1790755184.1341,A,327,21597,-82,/dev/serial/by-path/pci-0000:05:00.3-usb-0:2.1.1:1.0-port0
1790755184.1345,B,354,21593,-73,/dev/serial/by-path/pci-0000:05:00.3-usb-0:2.1.2:1.0-port0
1790755184.1701,B,355,21630,-72,/dev/serial/by-path/pci-0000:05:00.3-usb-0:2.1.2:1.0-port0
1790755184.1725,A,328,21636,-83,/dev/serial/by-path/pci-0000:05:00.3-usb-0:2.1.1:1.0-port0
1790755184.1854,C,380,21643,-68,/dev/serial/by-path/pci-0000:05:00.3-usb-0:2.1.3:1.0-port0
1790755184.2165,A,329,21680,-87,/dev/serial/by-path/pci-0000:05:00.3-usb-0:2.1.1:1.0-port0
1790755184.2416,B,356,21701,-80,/dev/serial/by-path/pci-0000:05:00.3-usb-0:2.1.2:1.0-port0
1790755184.2652,A,330,21729,-72,/dev/serial/by-path/pci-0000:05:00.3-usb-0:2.1.1:1.0-port0
1790755184.2917,B,357,21751,-71,/dev/serial/by-path/pci-0000:05:00.3-usb-0:2.1.2:1.0-port0
1790755184.3075,B,358,21767,-73,/dev/serial/by-path/pci-0000:05:00.3-usb-0:2.1.2:1.0-port0
1790755184.3148,C,381,21773,-69,/dev/serial/by-path/pci-0000:05:00.3-usb-0:2.1.3:1.0-port0
1790755184.3224,A,331,21786,-76,/dev/serial/by-path/pci-0000:05:00.3-usb-0:2.1.1:1.0-port0
1790755184.3644,A,332,21828,-81,/dev/serial/by-path/pci-0000:05:00.3-usb-0:2.1.1:1.0-port0
1790755184.3645,C,382,21822,-68,/dev/serial/by-path/pci-0000:05:00.3-usb-0:2.1.3:1.0-port0
1790755184.3648,B,359,21825,-84,/dev/serial/by-path/pci-0000:05:00.3-usb-0:2.1.2:1.0-port0
1790755184.4129,C,383,21871,-71,/dev/serial/by-path/pci-0000:05:00.3-usb-0:2.1.3:1.0-port0
1790755184.4132,A,333,21876,-71,/dev/serial/by-path/pci-0000:05:00.3-usb-0:2.1.1:1.0-port0
1790755184.4191,B,360,21879,-69,/dev/serial/by-path/pci-0000:05:00.3-usb-0:2.1.2:1.0-port0
1790755184.4436,C,384,21901,-68,/dev/serial/by-path/pci-0000:05:00.3-usb-0:2.1.3:1.0-port0
1790755184.4546,A,334,21918,-78,/dev/serial/by-path/pci-0000:05:00.3-usb-0:2.1.1:1.0-port0
1790755184.4816,B,361,21941,-75,/dev/serial/by-path/pci-0000:05:00.3-usb-0:2.1.2:1.0-port0
1790755184.5030,C,385,21961,-68,/dev/serial/by-path/pci-0000:05:00.3-usb-0:2.1.3:1.0-port0
1790755184.5035,A,335,21967,-79,/dev/serial/by-path/pci-0000:05:00.3-usb-0:2.1.1:1.0-port0
1790755184.5418,B,362,22001,-74,/dev/serial/by-path/pci-0000:05:00.3-usb-0:2.1.2:1.0-port0
1790755184.5600,A,336,22023,-70,/dev/serial/by-path/pci-0000:05:00.3-usb-0:2.1.1:1.0-port0
1790755184.5653,C,386,22023,-69,/dev/serial/by-path/pci-0000:05:00.3-usb-0:2.1.3:1.0-port0
1790755184.5777,C,387,22036,-68,/dev/serial/by-path/pci-0000:05:00.3-usb-0:2.1.3:1.0-port0
1790755184.5783,B,363,22038,-67,/dev/serial/by-path/pci-0000:05:00.3-usb-0:2.1.2:1.0-port0
1790755184.5785,A,337,22042,-79,/dev/serial/by-path/pci-0000:05:00.3-usb-0:2.1.1:1.0-port0
1790755184.6324,C,388,22090,-70,/dev/serial/by-path/pci-0000:05:00.3-usb-0:2.1.3:1.0-port0
1790755184.6325,B,364,22092,-74,/dev/serial/by-path/pci-0000:05:00.3-usb-0:2.1.2:1.0-port0
1790755184.7149,C,389,22173,-69,/dev/serial/by-path/pci-0000:05:00.3-usb-0:2.1.3:1.0-port0
1790755184.7223,A,338,22186,-71,/dev/serial/by-path/pci-0000:05:00.3-usb-0:2.1.1:1.0-port0
1790755184.7371,B,365,22197,-66,/dev/serial/by-path/pci-0000:05:00.3-usb-0:2.1.2:1.0-port0
1790755184.7507,B,366,22210,-75,/dev/serial/by-path/pci-0000:05:00.3-usb-0:2.1.2:1.0-port0
1790755184.8145,C,390,22272,-68,/dev/serial/by-path/pci-0000:05:00.3-usb-0:2.1.3:1.0-port0
1790755184.8149,A,339,22279,-77,/dev/serial/by-path/pci-0000:05:00.3-usb-0:2.1.1:1.0-port0
1790755184.8380,B,367,22297,-73,/dev/serial/by-path/pci-0000:05:00.3-usb-0:2.1.2:1.0-port0
1790755184.8436,C,391,22302,-69,/dev/serial/by-path/pci-0000:05:00.3-usb-0:2.1.3:1.0-port0
1790755184.8724,A,340,22336,-70,/dev/serial/by-path/pci-0000:05:00.3-usb-0:2.1.1:1.0-port0
1790755184.9044,C,392,22362,-66,/dev/serial/by-path/pci-0000:05:00.3-usb-0:2.1.3:1.0-port0
1790755184.9047,A,341,22368,-79,/dev/serial/by-path/pci-0000:05:00.3-usb-0:2.1.1:1.0-port0
1790755184.9396,C,393,22398,-68,/dev/serial/by-path/pci-0000:05:00.3-usb-0:2.1.3:1.0-port0
1790755184.9410,B,368,22401,-73,/dev/serial/by-path/pci-0000:05:00.3-usb-0:2.1.2:1.0-port0
1790755184.9456,A,342,22408,-79,/dev/serial/by-path/pci-0000:05:00.3-usb-0:2.1.1:1.0-port0
1790755184.9861,A,343,22449,-70,/dev/serial/by-path/pci-0000:05:00.3-usb-0:2.1.1:1.0-port0
1790755184.9915,B,369,22451,-76,/dev/serial/by-path/pci-0000:05:00.3-usb-0:2.1.2:1.0-port0
1790755185.0147,C,394,22473,-68,/dev/serial/by-path/pci-0000:05:00.3-usb-0:2.1.3:1.0-port0
1790755185.0416,B,370,22501,-71,/dev/serial/by-path/pci-0000:05:00.3-usb-0:2.1.2:1.0-port0
1790755185.0649,C,395,22523,-67,/dev/serial/by-path/pci-0000:05:00.3-usb-0:2.1.3:1.0-port0
1790755185.0723,A,344,22536,-82,/dev/serial/by-path/pci-0000:05:00.3-usb-0:2.1.1:1.0-port0
1790755185.0834,A,345,22547,-81,/dev/serial/by-path/pci-0000:05:00.3-usb-0:2.1.1:1.0-port0
1790755185.0837,C,396,22541,-69,/dev/serial/by-path/pci-0000:05:00.3-usb-0:2.1.3:1.0-port0
1790755185.0840,B,371,22543,-73,/dev/serial/by-path/pci-0000:05:00.3-usb-0:2.1.2:1.0-port0
1790755185.1225,A,346,22586,-81,/dev/serial/by-path/pci-0000:05:00.3-usb-0:2.1.1:1.0-port0
1790755185.1414,B,372,22601,-78,/dev/serial/by-path/pci-0000:05:00.3-usb-0:2.1.2:1.0-port0
1790755185.1632,C,397,22622,-68,/dev/serial/by-path/pci-0000:05:00.3-usb-0:2.1.3:1.0-port0
1790755185.1637,A,347,22627,-72,/dev/serial/by-path/pci-0000:05:00.3-usb-0:2.1.1:1.0-port0
1790755185.1655,C,398,22622,-68,/dev/serial/by-path/pci-0000:05:00.3-usb-0:2.1.3:1.0-port0
1790755185.1706,B,373,22630,-72,/dev/serial/by-path/pci-0000:05:00.3-usb-0:2.1.2:1.0-port0
1790755185.2122,B,374,22672,-73,/dev/serial/by-path/pci-0000:05:00.3-usb-0:2.1.2:1.0-port0
1790755185.2147,C,399,22673,-68,/dev/serial/by-path/pci-0000:05:00.3-usb-0:2.1.3:1.0-port0
1790755185.2223,A,348,22686,-78,/dev/serial/by-path/pci-0000:05:00.3-usb-0:2.1.1:1.0-port0
1790755185.2508,A,349,22714,-84,/dev/serial/by-path/pci-0000:05:00.3-usb-0:2.1.1:1.0-port0
1790755185.2512,B,375,22711,-81,/dev/serial/by-path/pci-0000:05:00.3-usb-0:2.1.2:1.0-port0
1790755185.2598,C,400,22718,-68,/dev/serial/by-path/pci-0000:05:00.3-usb-0:2.1.3:1.0-port0
1790755185.2988,C,401,22757,-68,/dev/serial/by-path/pci-0000:05:00.3-usb-0:2.1.3:1.0-port0
1790755185.3002,A,350,22763,-72,/dev/serial/by-path/pci-0000:05:00.3-usb-0:2.1.1:1.0-port0
1790755185.3414,B,376,22801,-71,/dev/serial/by-path/pci-0000:05:00.3-usb-0:2.1.2:1.0-port0
1790755185.3577,B,377,22817,-73,/dev/serial/by-path/pci-0000:05:00.3-usb-0:2.1.2:1.0-port0
1790755185.3645,C,402,22823,-69,/dev/serial/by-path/pci-0000:05:00.3-usb-0:2.1.3:1.0-port0
1790755185.3723,A,351,22836,-78,/dev/serial/by-path/pci-0000:05:00.3-usb-0:2.1.1:1.0-port0
1790755185.3901,B,378,22850,-72,/dev/serial/by-path/pci-0000:05:00.3-usb-0:2.1.2:1.0-port0
1790755185.3960,A,352,22859,-87,/dev/serial/by-path/pci-0000:05:00.3-usb-0:2.1.1:1.0-port0
1790755185.3962,C,403,22854,-68,/dev/serial/by-path/pci-0000:05:00.3-usb-0:2.1.3:1.0-port0
1790755185.4405,C,404,22899,-70,/dev/serial/by-path/pci-0000:05:00.3-usb-0:2.1.3:1.0-port0
1790755185.4788,C,405,22937,-72,/dev/serial/by-path/pci-0000:05:00.3-usb-0:2.1.3:1.0-port0
1790755185.4792,B,379,22939,-72,/dev/serial/by-path/pci-0000:05:00.3-usb-0:2.1.2:1.0-port0
1790755185.5053,A,353,22969,-77,/dev/serial/by-path/pci-0000:05:00.3-usb-0:2.1.1:1.0-port0
1790755185.5262,C,406,22984,-69,/dev/serial/by-path/pci-0000:05:00.3-usb-0:2.1.3:1.0-port0
1790755185.5315,B,380,22991,-73,/dev/serial/by-path/pci-0000:05:00.3-usb-0:2.1.2:1.0-port0
1790755185.5668,A,354,23031,-90,/dev/serial/by-path/pci-0000:05:00.3-usb-0:2.1.1:1.0-port0
1790755185.5687,A,355,23031,-90,/dev/serial/by-path/pci-0000:05:00.3-usb-0:2.1.1:1.0-port0
1790755185.5913,B,381,23051,-82,/dev/serial/by-path/pci-0000:05:00.3-usb-0:2.1.2:1.0-port0
1790755185.6146,C,407,23073,-67,/dev/serial/by-path/pci-0000:05:00.3-usb-0:2.1.3:1.0-port0
1790755185.6153,B,382,23075,-75,/dev/serial/by-path/pci-0000:05:00.3-usb-0:2.1.2:1.0-port0
1790755185.6650,C,408,23123,-70,/dev/serial/by-path/pci-0000:05:00.3-usb-0:2.1.3:1.0-port0
1790755185.6722,A,356,23135,-78,/dev/serial/by-path/pci-0000:05:00.3-usb-0:2.1.1:1.0-port0
1790755185.6726,B,383,23132,-73,/dev/serial/by-path/pci-0000:05:00.3-usb-0:2.1.2:1.0-port0
1790755185.7128,B,384,23173,-84,/dev/serial/by-path/pci-0000:05:00.3-usb-0:2.1.2:1.0-port0
1790755185.7132,A,357,23176,-84,/dev/serial/by-path/pci-0000:05:00.3-usb-0:2.1.1:1.0-port0
1790755185.7151,C,409,23173,-73,/dev/serial/by-path/pci-0000:05:00.3-usb-0:2.1.3:1.0-port0
1790755185.7568,C,410,23215,-72,/dev/serial/by-path/pci-0000:05:00.3-usb-0:2.1.3:1.0-port0
1790755185.7607,A,358,23224,-73,/dev/serial/by-path/pci-0000:05:00.3-usb-0:2.1.1:1.0-port0
1790755185.7899,B,385,23249,-81,/dev/serial/by-path/pci-0000:05:00.3-usb-0:2.1.2:1.0-port0
1790755185.8133,B,386,23273,-72,/dev/serial/by-path/pci-0000:05:00.3-usb-0:2.1.2:1.0-port0
1790755185.8143,C,411,23273,-69,/dev/serial/by-path/pci-0000:05:00.3-usb-0:2.1.3:1.0-port0
1790755185.8217,A,359,23285,-84,/dev/serial/by-path/pci-0000:05:00.3-usb-0:2.1.1:1.0-port0
1790755185.8455,C,412,23303,-74,/dev/serial/by-path/pci-0000:05:00.3-usb-0:2.1.3:1.0-port0
1790755185.8729,A,360,23336,-84,/dev/serial/by-path/pci-0000:05:00.3-usb-0:2.1.1:1.0-port0
1790755185.8978,B,387,23357,-64,/dev/serial/by-path/pci-0000:05:00.3-usb-0:2.1.2:1.0-port0
1790755185.9145,C,413,23373,-73,/dev/serial/by-path/pci-0000:05:00.3-usb-0:2.1.3:1.0-port0
1790755185.9182,A,361,23381,-76,/dev/serial/by-path/pci-0000:05:00.3-usb-0:2.1.1:1.0-port0
1790755185.9451,C,414,23403,-69,/dev/serial/by-path/pci-0000:05:00.3-usb-0:2.1.3:1.0-port0
1790755185.9723,A,362,23436,-77,/dev/serial/by-path/pci-0000:05:00.3-usb-0:2.1.1:1.0-port0
1790755185.9868,B,388,23446,-69,/dev/serial/by-path/pci-0000:05:00.3-usb-0:2.1.2:1.0-port0
1790755186.0300,C,415,23488,-72,/dev/serial/by-path/pci-0000:05:00.3-usb-0:2.1.3:1.0-port0
1790755186.0315,A,363,23495,-76,/dev/serial/by-path/pci-0000:05:00.3-usb-0:2.1.1:1.0-port0
1790755186.0316,B,389,23491,-77,/dev/serial/by-path/pci-0000:05:00.3-usb-0:2.1.2:1.0-port0
1790755186.0797,A,364,23543,-78,/dev/serial/by-path/pci-0000:05:00.3-usb-0:2.1.1:1.0-port0
1790755186.0799,B,390,23539,-68,/dev/serial/by-path/pci-0000:05:00.3-usb-0:2.1.2:1.0-port0
1790755186.0802,C,416,23537,-70,/dev/serial/by-path/pci-0000:05:00.3-usb-0:2.1.3:1.0-port0
1790755186.1249,B,391,23584,-71,/dev/serial/by-path/pci-0000:05:00.3-usb-0:2.1.2:1.0-port0
1790755186.1312,C,417,23589,-78,/dev/serial/by-path/pci-0000:05:00.3-usb-0:2.1.3:1.0-port0
1790755186.1692,A,365,23632,-88,/dev/serial/by-path/pci-0000:05:00.3-usb-0:2.1.1:1.0-port0
1790755186.1913,B,392,23651,-76,/dev/serial/by-path/pci-0000:05:00.3-usb-0:2.1.2:1.0-port0
1790755186.2104,C,418,23668,-74,/dev/serial/by-path/pci-0000:05:00.3-usb-0:2.1.3:1.0-port0
1790755186.2188,B,393,23678,-73,/dev/serial/by-path/pci-0000:05:00.3-usb-0:2.1.2:1.0-port0
1790755186.2327,C,419,23691,-77,/dev/serial/by-path/pci-0000:05:00.3-usb-0:2.1.3:1.0-port0
1790755186.2592,B,394,23719,-72,/dev/serial/by-path/pci-0000:05:00.3-usb-0:2.1.2:1.0-port0
1790755186.2613,C,420,23719,-83,/dev/serial/by-path/pci-0000:05:00.3-usb-0:2.1.3:1.0-port0
1790755186.2724,A,366,23736,-74,/dev/serial/by-path/pci-0000:05:00.3-usb-0:2.1.1:1.0-port0
1790755186.3053,C,421,23764,-91,/dev/serial/by-path/pci-0000:05:00.3-usb-0:2.1.3:1.0-port0
1790755186.3058,B,395,23766,-72,/dev/serial/by-path/pci-0000:05:00.3-usb-0:2.1.2:1.0-port0
1790755186.3058,A,367,23769,-82,/dev/serial/by-path/pci-0000:05:00.3-usb-0:2.1.1:1.0-port0
1790755186.3545,C,422,23812,-83,/dev/serial/by-path/pci-0000:05:00.3-usb-0:2.1.3:1.0-port0
1790755186.3549,B,396,23815,-79,/dev/serial/by-path/pci-0000:05:00.3-usb-0:2.1.2:1.0-port0
1790755186.3554,A,368,23819,-82,/dev/serial/by-path/pci-0000:05:00.3-usb-0:2.1.1:1.0-port0
1790755186.4149,C,423,23873,-77,/dev/serial/by-path/pci-0000:05:00.3-usb-0:2.1.3:1.0-port0
1790755186.4224,A,369,23886,-73,/dev/serial/by-path/pci-0000:05:00.3-usb-0:2.1.1:1.0-port0
1790755186.4232,B,397,23883,-73,/dev/serial/by-path/pci-0000:05:00.3-usb-0:2.1.2:1.0-port0
1790755186.4490,A,370,23912,-80,/dev/serial/by-path/pci-0000:05:00.3-usb-0:2.1.1:1.0-port0
1790755186.4653,C,424,23923,-84,/dev/serial/by-path/pci-0000:05:00.3-usb-0:2.1.3:1.0-port0
1790755186.4993,C,425,23957,-87,/dev/serial/by-path/pci-0000:05:00.3-usb-0:2.1.3:1.0-port0
1790755186.5083,A,371,23972,-78,/dev/serial/by-path/pci-0000:05:00.3-usb-0:2.1.1:1.0-port0
1790755186.5206,B,398,23980,-87,/dev/serial/by-path/pci-0000:05:00.3-usb-0:2.1.2:1.0-port0
1790755186.5493,C,426,24007,-76,/dev/serial/by-path/pci-0000:05:00.3-usb-0:2.1.3:1.0-port0
1790755186.5518,A,372,24015,-72,/dev/serial/by-path/pci-0000:05:00.3-usb-0:2.1.1:1.0-port0
1790755186.6146,C,427,24073,-84,/dev/serial/by-path/pci-0000:05:00.3-usb-0:2.1.3:1.0-port0
1790755186.6198,A,373,24083,-82,/dev/serial/by-path/pci-0000:05:00.3-usb-0:2.1.1:1.0-port0
1790755186.7070,A,374,24170,-73,/dev/serial/by-path/pci-0000:05:00.3-usb-0:2.1.1:1.0-port0
1790755186.7072,C,428,24165,-79,/dev/serial/by-path/pci-0000:05:00.3-usb-0:2.1.3:1.0-port0
1790755186.7387,A,375,24202,-81,/dev/serial/by-path/pci-0000:05:00.3-usb-0:2.1.1:1.0-port0
1790755186.7391,B,399,24198,-74,/dev/serial/by-path/pci-0000:05:00.3-usb-0:2.1.2:1.0-port0
1790755186.7825,C,429,24240,-86,/dev/serial/by-path/pci-0000:05:00.3-usb-0:2.1.3:1.0-port0
1790755186.7832,A,376,24247,-80,/dev/serial/by-path/pci-0000:05:00.3-usb-0:2.1.1:1.0-port0
1790755186.7894,B,400,24249,-73,/dev/serial/by-path/pci-0000:05:00.3-usb-0:2.1.2:1.0-port0
1790755186.8587,C,430,24317,-78,/dev/serial/by-path/pci-0000:05:00.3-usb-0:2.1.3:1.0-port0
1790755186.8617,B,401,24321,-74,/dev/serial/by-path/pci-0000:05:00.3-usb-0:2.1.2:1.0-port0
1790755186.8633,A,377,24327,-73,/dev/serial/by-path/pci-0000:05:00.3-usb-0:2.1.1:1.0-port0
1790755186.8645,C,431,24323,-78,/dev/serial/by-path/pci-0000:05:00.3-usb-0:2.1.3:1.0-port0
1790755186.9153,C,432,24373,-87,/dev/serial/by-path/pci-0000:05:00.3-usb-0:2.1.3:1.0-port0
1790755186.9224,A,378,24386,-82,/dev/serial/by-path/pci-0000:05:00.3-usb-0:2.1.1:1.0-port0
1790755186.9413,B,402,24401,-70,/dev/serial/by-path/pci-0000:05:00.3-usb-0:2.1.2:1.0-port0
1790755186.9547,A,379,24418,-79,/dev/serial/by-path/pci-0000:05:00.3-usb-0:2.1.1:1.0-port0
1790755186.9552,B,403,24415,-93,/dev/serial/by-path/pci-0000:05:00.3-usb-0:2.1.2:1.0-port0
1790755186.9653,C,433,24423,-85,/dev/serial/by-path/pci-0000:05:00.3-usb-0:2.1.3:1.0-port0
1790755187.0008,B,404,24460,-73,/dev/serial/by-path/pci-0000:05:00.3-usb-0:2.1.2:1.0-port0
1790755187.0022,C,434,24460,-80,/dev/serial/by-path/pci-0000:05:00.3-usb-0:2.1.3:1.0-port0
1790755187.0226,A,380,24486,-72,/dev/serial/by-path/pci-0000:05:00.3-usb-0:2.1.1:1.0-port0
1790755187.0573,C,435,24515,-87,/dev/serial/by-path/pci-0000:05:00.3-usb-0:2.1.3:1.0-port0
1790755187.0575,A,381,24521,-84,/dev/serial/by-path/pci-0000:05:00.3-usb-0:2.1.1:1.0-port0
1790755187.0607,B,405,24520,-70,/dev/serial/by-path/pci-0000:05:00.3-usb-0:2.1.2:1.0-port0
1790755187.1146,C,436,24573,-80,/dev/serial/by-path/pci-0000:05:00.3-usb-0:2.1.3:1.0-port0
1790755187.1223,A,382,24586,-83,/dev/serial/by-path/pci-0000:05:00.3-usb-0:2.1.1:1.0-port0
1790755187.1382,B,406,24598,-88,/dev/serial/by-path/pci-0000:05:00.3-usb-0:2.1.2:1.0-port0
1790755187.1396,A,383,24603,-74,/dev/serial/by-path/pci-0000:05:00.3-usb-0:2.1.1:1.0-port0
1790755187.1401,B,407,24599,-85,/dev/serial/by-path/pci-0000:05:00.3-usb-0:2.1.2:1.0-port0
1790755187.1401,C,437,24597,-81,/dev/serial/by-path/pci-0000:05:00.3-usb-0:2.1.3:1.0-port0
1790755187.1807,B,408,24640,-74,/dev/serial/by-path/pci-0000:05:00.3-usb-0:2.1.2:1.0-port0
1790755187.2147,C,438,24673,-84,/dev/serial/by-path/pci-0000:05:00.3-usb-0:2.1.3:1.0-port0
1790755187.2832,B,409,24743,-75,/dev/serial/by-path/pci-0000:05:00.3-usb-0:2.1.2:1.0-port0
1790755187.2836,C,439,24741,-80,/dev/serial/by-path/pci-0000:05:00.3-usb-0:2.1.3:1.0-port0
1790755187.3188,A,384,24782,-77,/dev/serial/by-path/pci-0000:05:00.3-usb-0:2.1.1:1.0-port0
1790755187.3217,B,410,24781,-73,/dev/serial/by-path/pci-0000:05:00.3-usb-0:2.1.2:1.0-port0
1790755187.3725,A,385,24836,-84,/dev/serial/by-path/pci-0000:05:00.3-usb-0:2.1.1:1.0-port0
1790755187.3908,B,411,24850,-74,/dev/serial/by-path/pci-0000:05:00.3-usb-0:2.1.2:1.0-port0
1790755187.4137,C,440,24871,-81,/dev/serial/by-path/pci-0000:05:00.3-usb-0:2.1.3:1.0-port0
1790755187.4138,A,386,24877,-88,/dev/serial/by-path/pci-0000:05:00.3-usb-0:2.1.1:1.0-port0
1790755187.4142,B,412,24874,-71,/dev/serial/by-path/pci-0000:05:00.3-usb-0:2.1.2:1.0-port0
1790755187.4648,B,413,24924,-73,/dev/serial/by-path/pci-0000:05:00.3-usb-0:2.1.2:1.0-port0
1790755187.4650,C,441,24923,-87,/dev/serial/by-path/pci-0000:05:00.3-usb-0:2.1.3:1.0-port0
1790755187.4723,A,387,24936,-77,/dev/serial/by-path/pci-0000:05:00.3-usb-0:2.1.1:1.0-port0
1790755187.5044,C,442,24962,-77,/dev/serial/by-path/pci-0000:05:00.3-usb-0:2.1.3:1.0-port0
1790755187.5047,B,414,24965,-75,/dev/serial/by-path/pci-0000:05:00.3-usb-0:2.1.2:1.0-port0
1790755187.5052,A,388,24969,-85,/dev/serial/by-path/pci-0000:05:00.3-usb-0:2.1.1:1.0-port0
1790755187.5710,B,415,25031,-70,/dev/serial/by-path/pci-0000:05:00.3-usb-0:2.1.2:1.0-port0
1790755187.5948,C,443,25053,-76,/dev/serial/by-path/pci-0000:05:00.3-usb-0:2.1.3:1.0-port0
1790755187.5963,A,389,25060,-81,/dev/serial/by-path/pci-0000:05:00.3-usb-0:2.1.1:1.0-port0
1790755187.6382,C,444,25096,-76,/dev/serial/by-path/pci-0000:05:00.3-usb-0:2.1.3:1.0-port0
1790755187.6413,B,416,25101,-74,/dev/serial/by-path/pci-0000:05:00.3-usb-0:2.1.2:1.0-port0
1790755187.6725,A,390,25136,-84,/dev/serial/by-path/pci-0000:05:00.3-usb-0:2.1.1:1.0-port0
1790755187.7274,C,445,25185,-80,/dev/serial/by-path/pci-0000:05:00.3-usb-0:2.1.3:1.0-port0
1790755187.7277,A,391,25191,-78,/dev/serial/by-path/pci-0000:05:00.3-usb-0:2.1.1:1.0-port0
1790755187.7415,B,417,25201,-73,/dev/serial/by-path/pci-0000:05:00.3-usb-0:2.1.2:1.0-port0
1790755187.7710,A,392,25234,-82,/dev/serial/by-path/pci-0000:05:00.3-usb-0:2.1.1:1.0-port0
1790755187.7828,B,418,25242,-75,/dev/serial/by-path/pci-0000:05:00.3-usb-0:2.1.2:1.0-port0
1790755187.8128,C,446,25271,-75,/dev/serial/by-path/pci-0000:05:00.3-usb-0:2.1.3:1.0-port0
1790755187.8622,C,447,25320,-78,/dev/serial/by-path/pci-0000:05:00.3-usb-0:2.1.3:1.0-port0
1790755187.8626,A,393,25326,-84,/dev/serial/by-path/pci-0000:05:00.3-usb-0:2.1.1:1.0-port0
1790755187.8628,B,419,25323,-76,/dev/serial/by-path/pci-0000:05:00.3-usb-0:2.1.2:1.0-port0
1790755187.9151,C,448,25373,-76,/dev/serial/by-path/pci-0000:05:00.3-usb-0:2.1.3:1.0-port0
1790755187.9176,B,420,25377,-77,/dev/serial/by-path/pci-0000:05:00.3-usb-0:2.1.2:1.0-port0
1790755187.9192,A,394,25383,-84,/dev/serial/by-path/pci-0000:05:00.3-usb-0:2.1.1:1.0-port0
1790755187.9656,C,449,25423,-77,/dev/serial/by-path/pci-0000:05:00.3-usb-0:2.1.3:1.0-port0
1790755187.9659,A,395,25428,-80,/dev/serial/by-path/pci-0000:05:00.3-usb-0:2.1.1:1.0-port0
1790755187.9958,C,450,25454,-77,/dev/serial/by-path/pci-0000:05:00.3-usb-0:2.1.3:1.0-port0
1790755188.0224,A,396,25486,-82,/dev/serial/by-path/pci-0000:05:00.3-usb-0:2.1.1:1.0-port0
1790755188.0239,B,421,25484,-73,/dev/serial/by-path/pci-0000:05:00.3-usb-0:2.1.2:1.0-port0
1790755188.0450,C,451,25503,-77,/dev/serial/by-path/pci-0000:05:00.3-usb-0:2.1.3:1.0-port0
1790755188.0454,A,397,25508,-83,/dev/serial/by-path/pci-0000:05:00.3-usb-0:2.1.1:1.0-port0
1790755188.1147,C,452,25573,-75,/dev/serial/by-path/pci-0000:05:00.3-usb-0:2.1.3:1.0-port0
1790755188.1226,A,398,25586,-78,/dev/serial/by-path/pci-0000:05:00.3-usb-0:2.1.1:1.0-port0
1790755188.1890,B,422,25648,-71,/dev/serial/by-path/pci-0000:05:00.3-usb-0:2.1.2:1.0-port0
1790755188.2055,A,399,25669,-87,/dev/serial/by-path/pci-0000:05:00.3-usb-0:2.1.1:1.0-port0
1790755188.2056,C,453,25663,-77,/dev/serial/by-path/pci-0000:05:00.3-usb-0:2.1.3:1.0-port0
1790755188.2300,B,423,25689,-82,/dev/serial/by-path/pci-0000:05:00.3-usb-0:2.1.2:1.0-port0
1790755188.2312,C,454,25689,-76,/dev/serial/by-path/pci-0000:05:00.3-usb-0:2.1.3:1.0-port0
1790755188.2320,A,400,25696,-81,/dev/serial/by-path/pci-0000:05:00.3-usb-0:2.1.1:1.0-port0
1790755188.2728,A,401,25736,-81,/dev/serial/by-path/pci-0000:05:00.3-usb-0:2.1.1:1.0-port0
1790755188.3228,A,402,25786,-83,/dev/serial/by-path/pci-0000:05:00.3-usb-0:2.1.1:1.0-port0
1790755188.3643,B,424,25824,-80,/dev/serial/by-path/pci-0000:05:00.3-usb-0:2.1.2:1.0-port0
1790755188.3727,A,403,25836,-84,/dev/serial/by-path/pci-0000:05:00.3-usb-0:2.1.1:1.0-port0
1790755188.4102,A,404,25873,-82,/dev/serial/by-path/pci-0000:05:00.3-usb-0:2.1.1:1.0-port0
1790755188.4106,C,455,25868,-76,/dev/serial/by-path/pci-0000:05:00.3-usb-0:2.1.3:1.0-port0
1790755188.4529,C,456,25911,-75,/dev/serial/by-path/pci-0000:05:00.3-usb-0:2.1.3:1.0-port0
1790755188.4537,B,425,25913,-73,/dev/serial/by-path/pci-0000:05:00.3-usb-0:2.1.2:1.0-port0
1790755188.4541,A,405,25918,-82,/dev/serial/by-path/pci-0000:05:00.3-usb-0:2.1.1:1.0-port0
1790755188.5102,B,426,25970,-79,/dev/serial/by-path/pci-0000:05:00.3-usb-0:2.1.2:1.0-port0
1790755188.5124,C,457,25971,-77,/dev/serial/by-path/pci-0000:05:00.3-usb-0:2.1.3:1.0-port0
1790755188.5127,A,406,25976,-83,/dev/serial/by-path/pci-0000:05:00.3-usb-0:2.1.1:1.0-port0
1790755188.5451,C,458,26003,-76,/dev/serial/by-path/pci-0000:05:00.3-usb-0:2.1.3:1.0-port0
1790755188.5455,A,407,26009,-83,/dev/serial/by-path/pci-0000:05:00.3-usb-0:2.1.1:1.0-port0
1790755188.5899,C,459,26048,-77,/dev/serial/by-path/pci-0000:05:00.3-usb-0:2.1.3:1.0-port0
1790755188.5904,A,408,26053,-85,/dev/serial/by-path/pci-0000:05:00.3-usb-0:2.1.1:1.0-port0
1790755188.5907,B,427,26049,-76,/dev/serial/by-path/pci-0000:05:00.3-usb-0:2.1.2:1.0-port0
1790755188.6348,B,428,26095,-74,/dev/serial/by-path/pci-0000:05:00.3-usb-0:2.1.2:1.0-port0
1790755188.6349,C,460,26093,-81,/dev/serial/by-path/pci-0000:05:00.3-usb-0:2.1.3:1.0-port0
1790755188.6408,A,409,26104,-83,/dev/serial/by-path/pci-0000:05:00.3-usb-0:2.1.1:1.0-port0
1790755188.6815,A,410,26145,-86,/dev/serial/by-path/pci-0000:05:00.3-usb-0:2.1.1:1.0-port0
1790755188.6913,B,429,26151,-76,/dev/serial/by-path/pci-0000:05:00.3-usb-0:2.1.2:1.0-port0
1790755188.7153,C,461,26173,-78,/dev/serial/by-path/pci-0000:05:00.3-usb-0:2.1.3:1.0-port0
1790755188.7418,B,430,26201,-76,/dev/serial/by-path/pci-0000:05:00.3-usb-0:2.1.2:1.0-port0
1790755188.7452,C,462,26203,-79,/dev/serial/by-path/pci-0000:05:00.3-usb-0:2.1.3:1.0-port0
1790755188.7456,A,411,26209,-86,/dev/serial/by-path/pci-0000:05:00.3-usb-0:2.1.1:1.0-port0
1790755188.7752,B,431,26235,-75,/dev/serial/by-path/pci-0000:05:00.3-usb-0:2.1.2:1.0-port0
1790755188.7886,C,463,26247,-83,/dev/serial/by-path/pci-0000:05:00.3-usb-0:2.1.3:1.0-port0
1790755188.8155,A,412,26279,-76,/dev/serial/by-path/pci-0000:05:00.3-usb-0:2.1.1:1.0-port0
1790755188.8243,B,432,26284,-76,/dev/serial/by-path/pci-0000:05:00.3-usb-0:2.1.2:1.0-port0
1790755188.8586,B,433,26318,-75,/dev/serial/by-path/pci-0000:05:00.3-usb-0:2.1.2:1.0-port0
1790755188.8590,A,413,26322,-86,/dev/serial/by-path/pci-0000:05:00.3-usb-0:2.1.1:1.0-port0
1790755188.8648,C,464,26323,-81,/dev/serial/by-path/pci-0000:05:00.3-usb-0:2.1.3:1.0-port0
1790755188.9117,B,434,26371,-77,/dev/serial/by-path/pci-0000:05:00.3-usb-0:2.1.2:1.0-port0
1790755188.9153,C,465,26373,-80,/dev/serial/by-path/pci-0000:05:00.3-usb-0:2.1.3:1.0-port0
1790755188.9217,A,414,26386,-87,/dev/serial/by-path/pci-0000:05:00.3-usb-0:2.1.1:1.0-port0
1790755188.9655,C,466,26423,-79,/dev/serial/by-path/pci-0000:05:00.3-usb-0:2.1.3:1.0-port0
1790755188.9682,B,435,26428,-76,/dev/serial/by-path/pci-0000:05:00.3-usb-0:2.1.2:1.0-port0
1790755188.9732,A,415,26436,-76,/dev/serial/by-path/pci-0000:05:00.3-usb-0:2.1.1:1.0-port0
1790755189.0002,A,416,26463,-85,/dev/serial/by-path/pci-0000:05:00.3-usb-0:2.1.1:1.0-port0
1790755189.0155,C,467,26473,-79,/dev/serial/by-path/pci-0000:05:00.3-usb-0:2.1.3:1.0-port0
1790755189.0531,B,436,26512,-73,/dev/serial/by-path/pci-0000:05:00.3-usb-0:2.1.2:1.0-port0
1790755189.0945,C,468,26552,-80,/dev/serial/by-path/pci-0000:05:00.3-usb-0:2.1.3:1.0-port0
1790755189.1229,A,417,26586,-77,/dev/serial/by-path/pci-0000:05:00.3-usb-0:2.1.1:1.0-port0
1790755189.1382,B,437,26598,-75,/dev/serial/by-path/pci-0000:05:00.3-usb-0:2.1.2:1.0-port0
1790755189.1418,C,469,26600,-80,/dev/serial/by-path/pci-0000:05:00.3-usb-0:2.1.3:1.0-port0
1790755189.1538,A,418,26617,-85,/dev/serial/by-path/pci-0000:05:00.3-usb-0:2.1.1:1.0-port0
1790755189.1814,B,438,26641,-74,/dev/serial/by-path/pci-0000:05:00.3-usb-0:2.1.2:1.0-port0
1790755189.2148,C,470,26673,-77,/dev/serial/by-path/pci-0000:05:00.3-usb-0:2.1.3:1.0-port0
1790755189.2177,A,419,26681,-89,/dev/serial/by-path/pci-0000:05:00.3-usb-0:2.1.1:1.0-port0
1790755189.2413,B,439,26701,-73,/dev/serial/by-path/pci-0000:05:00.3-usb-0:2.1.2:1.0-port0
1790755189.2612,C,471,26719,-78,/dev/serial/by-path/pci-0000:05:00.3-usb-0:2.1.3:1.0-port0
1790755189.2615,A,420,26725,-80,/dev/serial/by-path/pci-0000:05:00.3-usb-0:2.1.1:1.0-port0
1790755189.2761,B,440,26735,-76,/dev/serial/by-path/pci-0000:05:00.3-usb-0:2.1.2:1.0-port0
1790755189.2899,C,472,26748,-77,/dev/serial/by-path/pci-0000:05:00.3-usb-0:2.1.3:1.0-port0
1790755189.3223,A,421,26786,-92,/dev/serial/by-path/pci-0000:05:00.3-usb-0:2.1.1:1.0-port0
1790755189.3688,B,441,26828,-74,/dev/serial/by-path/pci-0000:05:00.3-usb-0:2.1.2:1.0-port0
1790755189.3705,C,473,26828,-76,/dev/serial/by-path/pci-0000:05:00.3-usb-0:2.1.3:1.0-port0
1790755189.3707,A,422,26834,-89,/dev/serial/by-path/pci-0000:05:00.3-usb-0:2.1.1:1.0-port0
1790755189.4088,B,442,26868,-75,/dev/serial/by-path/pci-0000:05:00.3-usb-0:2.1.2:1.0-port0
1790755189.4091,C,474,26868,-75,/dev/serial/by-path/pci-0000:05:00.3-usb-0:2.1.3:1.0-port0
1790755189.4106,A,423,26874,-83,/dev/serial/by-path/pci-0000:05:00.3-usb-0:2.1.1:1.0-port0
1790755189.4588,A,424,26922,-94,/dev/serial/by-path/pci-0000:05:00.3-usb-0:2.1.1:1.0-port0
1790755189.4604,C,475,26918,-77,/dev/serial/by-path/pci-0000:05:00.3-usb-0:2.1.3:1.0-port0
1790755189.5148,C,476,26973,-73,/dev/serial/by-path/pci-0000:05:00.3-usb-0:2.1.3:1.0-port0
1790755189.5228,A,425,26986,-90,/dev/serial/by-path/pci-0000:05:00.3-usb-0:2.1.1:1.0-port0
1790755189.5405,B,443,27001,-74,/dev/serial/by-path/pci-0000:05:00.3-usb-0:2.1.2:1.0-port0
1790755189.5480,A,426,27011,-78,/dev/serial/by-path/pci-0000:05:00.3-usb-0:2.1.1:1.0-port0
1790755189.5483,C,477,27006,-76,/dev/serial/by-path/pci-0000:05:00.3-usb-0:2.1.3:1.0-port0
1790755189.5863,A,427,27049,-95,/dev/serial/by-path/pci-0000:05:00.3-usb-0:2.1.1:1.0-port0
1790755189.5864,B,444,27046,-75,/dev/serial/by-path/pci-0000:05:00.3-usb-0:2.1.2:1.0-port0
1790755189.6064,C,478,27064,-76,/dev/serial/by-path/pci-0000:05:00.3-usb-0:2.1.3:1.0-port0
1790755189.6320,B,445,27091,-74,/dev/serial/by-path/pci-0000:05:00.3-usb-0:2.1.2:1.0-port0
1790755189.6651,C,479,27123,-73,/dev/serial/by-path/pci-0000:05:00.3-usb-0:2.1.3:1.0-port0
1790755189.6724,A,428,27136,-97,/dev/serial/by-path/pci-0000:05:00.3-usb-0:2.1.1:1.0-port0
1790755189.6755,B,446,27135,-74,/dev/serial/by-path/pci-0000:05:00.3-usb-0:2.1.2:1.0-port0
1790755189.6921,C,480,27150,-77,/dev/serial/by-path/pci-0000:05:00.3-usb-0:2.1.3:1.0-port0
1790755189.6924,A,429,27156,-78,/dev/serial/by-path/pci-0000:05:00.3-usb-0:2.1.1:1.0-port0
1790755189.7163,B,447,27176,-76,/dev/serial/by-path/pci-0000:05:00.3-usb-0:2.1.2:1.0-port0
1790755189.7229,A,430,27186,-78,/dev/serial/by-path/pci-0000:05:00.3-usb-0:2.1.1:1.0-port0
1790755189.7630,C,481,27221,-77,/dev/serial/by-path/pci-0000:05:00.3-usb-0:2.1.3:1.0-port0
1790755189.7635,B,448,27223,-73,/dev/serial/by-path/pci-0000:05:00.3-usb-0:2.1.2:1.0-port0
1790755189.7702,A,431,27233,-89,/dev/serial/by-path/pci-0000:05:00.3-usb-0:2.1.1:1.0-port0
1790755189.8052,B,449,27265,-75,/dev/serial/by-path/pci-0000:05:00.3-usb-0:2.1.2:1.0-port0
1790755189.8643,C,482,27323,-74,/dev/serial/by-path/pci-0000:05:00.3-usb-0:2.1.3:1.0-port0
1790755189.8645,B,450,27324,-75,/dev/serial/by-path/pci-0000:05:00.3-usb-0:2.1.2:1.0-port0
1790755189.8724,A,432,27336,-80,/dev/serial/by-path/pci-0000:05:00.3-usb-0:2.1.1:1.0-port0
1790755189.8949,A,433,27358,-89,/dev/serial/by-path/pci-0000:05:00.3-usb-0:2.1.1:1.0-port0
1790755189.8952,C,483,27353,-76,/dev/serial/by-path/pci-0000:05:00.3-usb-0:2.1.3:1.0-port0
1790755189.9436,C,484,27402,-74,/dev/serial/by-path/pci-0000:05:00.3-usb-0:2.1.3:1.0-port0
1790755189.9676,A,434,27431,-95,/dev/serial/by-path/pci-0000:05:00.3-usb-0:2.1.1:1.0-port0
1790755189.9914,B,451,27451,-75,/dev/serial/by-path/pci-0000:05:00.3-usb-0:2.1.2:1.0-port0
1790755190.0083,C,485,27466,-75,/dev/serial/by-path/pci-0000:05:00.3-usb-0:2.1.3:1.0-port0
1790755190.0084,A,435,27472,-78,/dev/serial/by-path/pci-0000:05:00.3-usb-0:2.1.1:1.0-port0
1790755190.0382,C,486,27496,-76,/dev/serial/by-path/pci-0000:05:00.3-usb-0:2.1.3:1.0-port0
1790755190.0384,B,452,27498,-76,/dev/serial/by-path/pci-0000:05:00.3-usb-0:2.1.2:1.0-port0
1790755190.0389,A,436,27502,-92,/dev/serial/by-path/pci-0000:05:00.3-usb-0:2.1.1:1.0-port0
1790755190.1411,B,453,27601,-73,/dev/serial/by-path/pci-0000:05:00.3-usb-0:2.1.2:1.0-port0
1790755190.1648,C,487,27623,-75,/dev/serial/by-path/pci-0000:05:00.3-usb-0:2.1.3:1.0-port0
1790755190.1652,A,437,27629,-81,/dev/serial/by-path/pci-0000:05:00.3-usb-0:2.1.1:1.0-port0
1790755190.1744,C,488,27632,-76,/dev/serial/by-path/pci-0000:05:00.3-usb-0:2.1.3:1.0-port0
1790755190.1745,B,454,27634,-75,/dev/serial/by-path/pci-0000:05:00.3-usb-0:2.1.2:1.0-port0
1790755190.2214,B,455,27681,-74,/dev/serial/by-path/pci-0000:05:00.3-usb-0:2.1.2:1.0-port0
1790755190.2228,A,438,27686,-86,/dev/serial/by-path/pci-0000:05:00.3-usb-0:2.1.1:1.0-port0
1790755190.2437,C,489,27702,-74,/dev/serial/by-path/pci-0000:05:00.3-usb-0:2.1.3:1.0-port0
1790755190.2647,C,490,27723,-75,/dev/serial/by-path/pci-0000:05:00.3-usb-0:2.1.3:1.0-port0
1790755190.2725,A,439,27736,-91,/dev/serial/by-path/pci-0000:05:00.3-usb-0:2.1.1:1.0-port0
1790755190.2913,B,456,27751,-73,/dev/serial/by-path/pci-0000:05:00.3-usb-0:2.1.2:1.0-port0
1790755190.3076,B,457,27767,-76,/dev/serial/by-path/pci-0000:05:00.3-usb-0:2.1.2:1.0-port0
1790755190.3098,A,440,27773,-82,/dev/serial/by-path/pci-0000:05:00.3-usb-0:2.1.1:1.0-port0
1790755190.3102,C,491,27768,-74,/dev/serial/by-path/pci-0000:05:00.3-usb-0:2.1.3:1.0-port0
1790755190.3646,C,492,27823,-77,/dev/serial/by-path/pci-0000:05:00.3-usb-0:2.1.3:1.0-port0
1790755190.3705,B,458,27830,-73,/dev/serial/by-path/pci-0000:05:00.3-usb-0:2.1.2:1.0-port0
1790755190.3727,A,441,27836,-87,/dev/serial/by-path/pci-0000:05:00.3-usb-0:2.1.1:1.0-port0
1790755190.4023,B,459,27862,-74,/dev/serial/by-path/pci-0000:05:00.3-usb-0:2.1.2:1.0-port0
1790755190.4393,C,493,27897,-77,/dev/serial/by-path/pci-0000:05:00.3-usb-0:2.1.3:1.0-port0
1790755190.4397,B,460,27899,-74,/dev/serial/by-path/pci-0000:05:00.3-usb-0:2.1.2:1.0-port0
1790755190.4400,A,442,27903,-78,/dev/serial/by-path/pci-0000:05:00.3-usb-0:2.1.1:1.0-port0
1790755190.4906,C,494,27949,-77,/dev/serial/by-path/pci-0000:05:00.3-usb-0:2.1.3:1.0-port0
1790755190.4908,A,443,27954,-89,/dev/serial/by-path/pci-0000:05:00.3-usb-0:2.1.1:1.0-port0
1790755190.4912,B,461,27950,-76,/dev/serial/by-path/pci-0000:05:00.3-usb-0:2.1.2:1.0-port0
1790755190.5238,B,462,27983,-73,/dev/serial/by-path/pci-0000:05:00.3-usb-0:2.1.2:1.0-port0
1790755190.5344,C,495,27992,-73,/dev/serial/by-path/pci-0000:05:00.3-usb-0:2.1.3:1.0-port0
1790755190.5801,B,463,28040,-74,/dev/serial/by-path/pci-0000:05:00.3-usb-0:2.1.2:1.0-port0
1790755190.5804,C,496,28038,-76,/dev/serial/by-path/pci-0000:05:00.3-usb-0:2.1.3:1.0-port0
1790755190.6232,A,444,28086,-77,/dev/serial/by-path/pci-0000:05:00.3-usb-0:2.1.1:1.0-port0
1790755190.6396,B,464,28099,-75,/dev/serial/by-path/pci-0000:05:00.3-usb-0:2.1.2:1.0-port0
1790755190.6626,A,445,28126,-90,/dev/serial/by-path/pci-0000:05:00.3-usb-0:2.1.1:1.0-port0
1790755190.6629,B,465,28123,-74,/dev/serial/by-path/pci-0000:05:00.3-usb-0:2.1.2:1.0-port0
1790755190.6646,C,497,28123,-76,/dev/serial/by-path/pci-0000:05:00.3-usb-0:2.1.3:1.0-port0
1790755190.7152,C,498,28173,-72,/dev/serial/by-path/pci-0000:05:00.3-usb-0:2.1.3:1.0-port0
1790755190.7203,B,466,28180,-74,/dev/serial/by-path/pci-0000:05:00.3-usb-0:2.1.2:1.0-port0
1790755190.7224,A,446,28186,-97,/dev/serial/by-path/pci-0000:05:00.3-usb-0:2.1.1:1.0-port0
1790755190.7567,C,499,28215,-77,/dev/serial/by-path/pci-0000:05:00.3-usb-0:2.1.3:1.0-port0
1790755190.7726,A,447,28236,-78,/dev/serial/by-path/pci-0000:05:00.3-usb-0:2.1.1:1.0-port0
1790755190.7882,B,467,28247,-75,/dev/serial/by-path/pci-0000:05:00.3-usb-0:2.1.2:1.0-port0
1790755190.8412,B,468,28301,-72,/dev/serial/by-path/pci-0000:05:00.3-usb-0:2.1.2:1.0-port0
1790755190.8916,B,469,28351,-74,/dev/serial/by-path/pci-0000:05:00.3-usb-0:2.1.2:1.0-port0
1790755190.9146,C,500,28373,-76,/dev/serial/by-path/pci-0000:05:00.3-usb-0:2.1.3:1.0-port0
1790755190.9232,A,448,28386,-80,/dev/serial/by-path/pci-0000:05:00.3-usb-0:2.1.1:1.0-port0
1790755190.9256,B,470,28385,-75,/dev/serial/by-path/pci-0000:05:00.3-usb-0:2.1.2:1.0-port0
1790755190.9327,A,449,28396,-90,/dev/serial/by-path/pci-0000:05:00.3-usb-0:2.1.1:1.0-port0
1790755190.9520,C,501,28410,-74,/dev/serial/by-path/pci-0000:05:00.3-usb-0:2.1.3:1.0-port0
1790755190.9768,C,502,28435,-72,/dev/serial/by-path/pci-0000:05:00.3-usb-0:2.1.3:1.0-port0
1790755190.9913,B,471,28451,-73,/dev/serial/by-path/pci-0000:05:00.3-usb-0:2.1.2:1.0-port0
1790755191.0365,B,472,28496,-73,/dev/serial/by-path/pci-0000:05:00.3-usb-0:2.1.2:1.0-port0
1790755191.0369,C,503,28494,-77,/dev/serial/by-path/pci-0000:05:00.3-usb-0:2.1.3:1.0-port0
1790755191.0667,B,473,28526,-76,/dev/serial/by-path/pci-0000:05:00.3-usb-0:2.1.2:1.0-port0
1790755191.0672,A,450,28530,-82,/dev/serial/by-path/pci-0000:05:00.3-usb-0:2.1.1:1.0-port0
1790755191.1141,A,451,28577,-90,/dev/serial/by-path/pci-0000:05:00.3-usb-0:2.1.1:1.0-port0
1790755191.1142,C,504,28572,-74,/dev/serial/by-path/pci-0000:05:00.3-usb-0:2.1.3:1.0-port0
1790755191.1145,B,474,28574,-73,/dev/serial/by-path/pci-0000:05:00.3-usb-0:2.1.2:1.0-port0
1790755191.1592,C,505,28617,-72,/dev/serial/by-path/pci-0000:05:00.3-usb-0:2.1.3:1.0-port0
1790755191.1594,A,452,28622,-102,/dev/serial/by-path/pci-0000:05:00.3-usb-0:2.1.1:1.0-port0
1790755191.1597,B,475,28619,-72,/dev/serial/by-path/pci-0000:05:00.3-usb-0:2.1.2:1.0-port0
1790755191.1948,A,453,28658,-82,/dev/serial/by-path/pci-0000:05:00.3-usb-0:2.1.1:1.0-port0
1790755191.1991,C,506,28657,-74,/dev/serial/by-path/pci-0000:05:00.3-usb-0:2.1.3:1.0-port0
1790755191.2415,B,476,28701,-77,/dev/serial/by-path/pci-0000:05:00.3-usb-0:2.1.2:1.0-port0
1790755191.2502,A,454,28713,-91,/dev/serial/by-path/pci-0000:05:00.3-usb-0:2.1.1:1.0-port0
1790755191.2647,C,507,28723,-74,/dev/serial/by-path/pci-0000:05:00.3-usb-0:2.1.3:1.0-port0
1790755191.2863,C,508,28744,-72,/dev/serial/by-path/pci-0000:05:00.3-usb-0:2.1.3:1.0-port0
1790755191.2866,B,477,28746,-75,/dev/serial/by-path/pci-0000:05:00.3-usb-0:2.1.2:1.0-port0
1790755191.2871,A,455,28750,-88,/dev/serial/by-path/pci-0000:05:00.3-usb-0:2.1.1:1.0-port0
1790755191.3418,B,478,28801,-73,/dev/serial/by-path/pci-0000:05:00.3-usb-0:2.1.2:1.0-port0
1790755191.3566,C,509,28814,-74,/dev/serial/by-path/pci-0000:05:00.3-usb-0:2.1.3:1.0-port0
1790755191.3571,A,456,28821,-83,/dev/serial/by-path/pci-0000:05:00.3-usb-0:2.1.1:1.0-port0
1790755191.3758,B,479,28835,-79,/dev/serial/by-path/pci-0000:05:00.3-usb-0:2.1.2:1.0-port0
1790755191.3761,C,510,28834,-75,/dev/serial/by-path/pci-0000:05:00.3-usb-0:2.1.3:1.0-port0
1790755191.3855,A,457,28849,-91,/dev/serial/by-path/pci-0000:05:00.3-usb-0:2.1.1:1.0-port0
1790755191.4197,A,458,28883,-93,/dev/serial/by-path/pci-0000:05:00.3-usb-0:2.1.1:1.0-port0
1790755191.4200,B,480,28879,-74,/dev/serial/by-path/pci-0000:05:00.3-usb-0:2.1.2:1.0-port0
1790755191.4433,C,511,28901,-73,/dev/serial/by-path/pci-0000:05:00.3-usb-0:2.1.3:1.0-port0
1790755191.4627,C,512,28921,-73,/dev/serial/by-path/pci-0000:05:00.3-usb-0:2.1.3:1.0-port0
1790755191.4629,B,481,28923,-72,/dev/serial/by-path/pci-0000:05:00.3-usb-0:2.1.2:1.0-port0
1790755191.4723,A,459,28936,-89,/dev/serial/by-path/pci-0000:05:00.3-usb-0:2.1.1:1.0-port0
1790755191.5131,C,513,28971,-76,/dev/serial/by-path/pci-0000:05:00.3-usb-0:2.1.3:1.0-port0
1790755191.5139,A,460,28978,-82,/dev/serial/by-path/pci-0000:05:00.3-usb-0:2.1.1:1.0-port0
1790755191.5593,C,514,29017,-75,/dev/serial/by-path/pci-0000:05:00.3-usb-0:2.1.3:1.0-port0
1790755191.5596,A,461,29023,-94,/dev/serial/by-path/pci-0000:05:00.3-usb-0:2.1.1:1.0-port0
1790755191.6022,A,462,29065,-97,/dev/serial/by-path/pci-0000:05:00.3-usb-0:2.1.1:1.0-port0
1790755191.6147,C,515,29073,-73,/dev/serial/by-path/pci-0000:05:00.3-usb-0:2.1.3:1.0-port0
1790755191.6411,B,482,29101,-73,/dev/serial/by-path/pci-0000:05:00.3-usb-0:2.1.2:1.0-port0
1790755191.6605,A,463,29124,-84,/dev/serial/by-path/pci-0000:05:00.3-usb-0:2.1.1:1.0-port0
1790755191.6651,C,516,29123,-77,/dev/serial/by-path/pci-0000:05:00.3-usb-0:2.1.3:1.0-port0
1790755191.6910,B,483,29150,-78,/dev/serial/by-path/pci-0000:05:00.3-usb-0:2.1.2:1.0-port0
1790755191.6934,C,517,29151,-76,/dev/serial/by-path/pci-0000:05:00.3-usb-0:2.1.3:1.0-port0
1790755191.7417,B,484,29201,-73,/dev/serial/by-path/pci-0000:05:00.3-usb-0:2.1.2:1.0-port0
1790755191.7572,C,518,29215,-72,/dev/serial/by-path/pci-0000:05:00.3-usb-0:2.1.3:1.0-port0
1790755191.7756,B,485,29235,-74,/dev/serial/by-path/pci-0000:05:00.3-usb-0:2.1.2:1.0-port0
1790755191.7919,C,519,29250,-76,/dev/serial/by-path/pci-0000:05:00.3-usb-0:2.1.3:1.0-port0
1790755191.7922,A,464,29255,-83,/dev/serial/by-path/pci-0000:05:00.3-usb-0:2.1.1:1.0-port0
1790755191.8164,B,486,29276,-76,/dev/serial/by-path/pci-0000:05:00.3-usb-0:2.1.2:1.0-port0
1790755191.8225,A,465,29286,-82,/dev/serial/by-path/pci-0000:05:00.3-usb-0:2.1.1:1.0-port0
1790755191.8648,C,520,29323,-75,/dev/serial/by-path/pci-0000:05:00.3-usb-0:2.1.3:1.0-port0
1790755191.8889,B,487,29349,-73,/dev/serial/by-path/pci-0000:05:00.3-usb-0:2.1.2:1.0-port0
1790755191.9152,C,521,29373,-71,/dev/serial/by-path/pci-0000:05:00.3-usb-0:2.1.3:1.0-port0
1790755191.9178,B,488,29377,-74,/dev/serial/by-path/pci-0000:05:00.3-usb-0:2.1.2:1.0-port0
1790755191.9438,A,466,29407,-80,/dev/serial/by-path/pci-0000:05:00.3-usb-0:2.1.1:1.0-port0
1790755191.9649,C,522,29423,-79,/dev/serial/by-path/pci-0000:05:00.3-usb-0:2.1.3:1.0-port0
1790755191.9830,B,489,29443,-76,/dev/serial/by-path/pci-0000:05:00.3-usb-0:2.1.2:1.0-port0
1790755191.9871,C,523,29445,-75,/dev/serial/by-path/pci-0000:05:00.3-usb-0:2.1.3:1.0-port0
1790755192.0353,A,467,29499,-96,/dev/serial/by-path/pci-0000:05:00.3-usb-0:2.1.1:1.0-port0
1790755192.0356,B,490,29495,-73,/dev/serial/by-path/pci-0000:05:00.3-usb-0:2.1.2:1.0-port0
1790755192.0359,C,524,29493,-71,/dev/serial/by-path/pci-0000:05:00.3-usb-0:2.1.3:1.0-port0
1790755192.0977,A,468,29561,-79,/dev/serial/by-path/pci-0000:05:00.3-usb-0:2.1.1:1.0-port0
1790755192.1228,A,469,29586,-81,/dev/serial/by-path/pci-0000:05:00.3-usb-0:2.1.1:1.0-port0
1790755192.1272,B,491,29587,-76,/dev/serial/by-path/pci-0000:05:00.3-usb-0:2.1.2:1.0-port0
1790755192.1276,C,525,29585,-74,/dev/serial/by-path/pci-0000:05:00.3-usb-0:2.1.3:1.0-port0
1790755192.1633,A,470,29627,-92,/dev/serial/by-path/pci-0000:05:00.3-usb-0:2.1.1:1.0-port0
1790755192.1634,C,526,29621,-75,/dev/serial/by-path/pci-0000:05:00.3-usb-0:2.1.3:1.0-port0
1790755192.2056,C,527,29664,-72,/dev/serial/by-path/pci-0000:05:00.3-usb-0:2.1.3:1.0-port0
1790755192.2411,B,492,29701,-74,/dev/serial/by-path/pci-0000:05:00.3-usb-0:2.1.2:1.0-port0
1790755192.2592,B,493,29719,-75,/dev/serial/by-path/pci-0000:05:00.3-usb-0:2.1.2:1.0-port0
1790755192.2643,C,528,29723,-76,/dev/serial/by-path/pci-0000:05:00.3-usb-0:2.1.3:1.0-port0
1790755192.2724,A,471,29736,-84,/dev/serial/by-path/pci-0000:05:00.3-usb-0:2.1.1:1.0-port0
1790755192.3100,A,472,29773,-94,/dev/serial/by-path/pci-0000:05:00.3-usb-0:2.1.1:1.0-port0
1790755192.3121,C,529,29770,-75,/dev/serial/by-path/pci-0000:05:00.3-usb-0:2.1.3:1.0-port0
1790755192.3855,C,530,29844,-76,/dev/serial/by-path/pci-0000:05:00.3-usb-0:2.1.3:1.0-port0
1790755192.3858,B,494,29845,-74,/dev/serial/by-path/pci-0000:05:00.3-usb-0:2.1.2:1.0-port0
1790755192.3862,A,473,29849,-81,/dev/serial/by-path/pci-0000:05:00.3-usb-0:2.1.1:1.0-port0
1790755192.4202,B,495,29880,-75,/dev/serial/by-path/pci-0000:05:00.3-usb-0:2.1.2:1.0-port0
1790755192.4206,A,474,29884,-83,/dev/serial/by-path/pci-0000:05:00.3-usb-0:2.1.1:1.0-port0
1790755192.4208,C,531,29878,-74,/dev/serial/by-path/pci-0000:05:00.3-usb-0:2.1.3:1.0-port0
1790755192.4639,C,532,29922,-75,/dev/serial/by-path/pci-0000:05:00.3-usb-0:2.1.3:1.0-port0
1790755192.4644,A,475,29928,-92,/dev/serial/by-path/pci-0000:05:00.3-usb-0:2.1.1:1.0-port0
1790755192.4910,B,496,29951,-74,/dev/serial/by-path/pci-0000:05:00.3-usb-0:2.1.2:1.0-port0
1790755192.5172,B,497,29977,-75,/dev/serial/by-path/pci-0000:05:00.3-usb-0:2.1.2:1.0-port0
1790755192.5598,C,533,30018,-77,/dev/serial/by-path/pci-0000:05:00.3-usb-0:2.1.3:1.0-port0
1790755192.5725,A,476,30036,-83,/dev/serial/by-path/pci-0000:05:00.3-usb-0:2.1.1:1.0-port0
1790755192.5805,B,498,30040,-76,/dev/serial/by-path/pci-0000:05:00.3-usb-0:2.1.2:1.0-port0
1790755192.6006,B,499,30060,-73,/dev/serial/by-path/pci-0000:05:00.3-usb-0:2.1.2:1.0-port0
1790755192.6440,C,534,30102,-72,/dev/serial/by-path/pci-0000:05:00.3-usb-0:2.1.3:1.0-port0
1790755192.6445,A,477,30108,-103,/dev/serial/by-path/pci-0000:05:00.3-usb-0:2.1.1:1.0-port0
1790755192.6665,B,500,30126,-75,/dev/serial/by-path/pci-0000:05:00.3-usb-0:2.1.2:1.0-port0
1790755192.6911,B,501,30151,-75,/dev/serial/by-path/pci-0000:05:00.3-usb-0:2.1.2:1.0-port0
1790755192.7027,A,478,30166,-78,/dev/serial/by-path/pci-0000:05:00.3-usb-0:2.1.1:1.0-port0
1790755192.7028,C,535,30161,-76,/dev/serial/by-path/pci-0000:05:00.3-usb-0:2.1.3:1.0-port0
1790755192.7344,C,536,30192,-75,/dev/serial/by-path/pci-0000:05:00.3-usb-0:2.1.3:1.0-port0
1790755192.7372,B,502,30197,-77,/dev/serial/by-path/pci-0000:05:00.3-usb-0:2.1.2:1.0-port0
1790755192.7913,B,503,30251,-73,/dev/serial/by-path/pci-0000:05:00.3-usb-0:2.1.2:1.0-port0
1790755192.8147,C,537,30273,-71,/dev/serial/by-path/pci-0000:05:00.3-usb-0:2.1.3:1.0-port0
1790755192.8224,A,479,30286,-95,/dev/serial/by-path/pci-0000:05:00.3-usb-0:2.1.1:1.0-port0
1790755192.8280,B,504,30288,-75,/dev/serial/by-path/pci-0000:05:00.3-usb-0:2.1.2:1.0-port0
1790755192.8337,A,480,30297,-79,/dev/serial/by-path/pci-0000:05:00.3-usb-0:2.1.1:1.0-port0
1790755192.8339,C,538,30292,-77,/dev/serial/by-path/pci-0000:05:00.3-usb-0:2.1.3:1.0-port0
1790755192.8750,C,539,30333,-73,/dev/serial/by-path/pci-0000:05:00.3-usb-0:2.1.3:1.0-port0
1790755192.8785,B,505,30338,-77,/dev/serial/by-path/pci-0000:05:00.3-usb-0:2.1.2:1.0-port0
1790755192.9225,A,481,30386,-93,/dev/serial/by-path/pci-0000:05:00.3-usb-0:2.1.1:1.0-port0
1790755192.9381,C,540,30396,-70,/dev/serial/by-path/pci-0000:05:00.3-usb-0:2.1.3:1.0-port0
1790755192.9385,B,506,30398,-73,/dev/serial/by-path/pci-0000:05:00.3-usb-0:2.1.2:1.0-port0
1790755192.9692,A,482,30432,-94,/dev/serial/by-path/pci-0000:05:00.3-usb-0:2.1.1:1.0-port0
1790755192.9913,B,507,30451,-75,/dev/serial/by-path/pci-0000:05:00.3-usb-0:2.1.2:1.0-port0
1790755193.0124,C,541,30469,-75,/dev/serial/by-path/pci-0000:05:00.3-usb-0:2.1.3:1.0-port0
1790755193.0133,A,483,30477,-79,/dev/serial/by-path/pci-0000:05:00.3-usb-0:2.1.1:1.0-port0
1790755193.0148,C,542,30473,-75,/dev/serial/by-path/pci-0000:05:00.3-usb-0:2.1.3:1.0-port0
1790755193.0197,B,508,30479,-76,/dev/serial/by-path/pci-0000:05:00.3-usb-0:2.1.2:1.0-port0
1790755193.0608,C,543,30519,-72,/dev/serial/by-path/pci-0000:05:00.3-usb-0:2.1.3:1.0-port0
1790755193.0724,A,484,30536,-95,/dev/serial/by-path/pci-0000:05:00.3-usb-0:2.1.1:1.0-port0
1790755193.1122,B,509,30572,-74,/dev/serial/by-path/pci-0000:05:00.3-usb-0:2.1.2:1.0-port0
1790755193.1147,C,544,30573,-70,/dev/serial/by-path/pci-0000:05:00.3-usb-0:2.1.3:1.0-port0
1790755193.1228,A,485,30586,-93,/dev/serial/by-path/pci-0000:05:00.3-usb-0:2.1.1:1.0-port0
1790755193.1621,A,486,30625,-77,/dev/serial/by-path/pci-0000:05:00.3-usb-0:2.1.1:1.0-port0
1790755193.1624,C,545,30620,-74,/dev/serial/by-path/pci-0000:05:00.3-usb-0:2.1.3:1.0-port0
1790755193.1781,B,510,30637,-76,/dev/serial/by-path/pci-0000:05:00.3-usb-0:2.1.2:1.0-port0
1790755193.2033,A,487,30666,-93,/dev/serial/by-path/pci-0000:05:00.3-usb-0:2.1.1:1.0-port0
1790755193.2146,C,546,30673,-73,/dev/serial/by-path/pci-0000:05:00.3-usb-0:2.1.3:1.0-port0
1790755193.2505,C,547,30708,-71,/dev/serial/by-path/pci-0000:05:00.3-usb-0:2.1.3:1.0-port0
1790755193.2508,B,511,30711,-77,/dev/serial/by-path/pci-0000:05:00.3-usb-0:2.1.2:1.0-port0
1790755193.2953,C,548,30753,-75,/dev/serial/by-path/pci-0000:05:00.3-usb-0:2.1.3:1.0-port0
1790755193.2956,A,488,30759,-79,/dev/serial/by-path/pci-0000:05:00.3-usb-0:2.1.1:1.0-port0
1790755193.3342,B,512,30794,-75,/dev/serial/by-path/pci-0000:05:00.3-usb-0:2.1.2:1.0-port0
1790755193.3344,C,549,30792,-73,/dev/serial/by-path/pci-0000:05:00.3-usb-0:2.1.3:1.0-port0
1790755193.3347,A,489,30797,-94,/dev/serial/by-path/pci-0000:05:00.3-usb-0:2.1.1:1.0-port0
1790755193.4270,B,513,30887,-75,/dev/serial/by-path/pci-0000:05:00.3-usb-0:2.1.2:1.0-port0
1790755193.4644,C,550,30923,-75,/dev/serial/by-path/pci-0000:05:00.3-usb-0:2.1.3:1.0-port0
1790755193.4707,A,490,30934,-81,/dev/serial/by-path/pci-0000:05:00.3-usb-0:2.1.1:1.0-port0
1790755193.4756,C,551,30934,-73,/dev/serial/by-path/pci-0000:05:00.3-usb-0:2.1.3:1.0-port0
1790755193.4760,B,514,30936,-76,/dev/serial/by-path/pci-0000:05:00.3-usb-0:2.1.2:1.0-port0
1790755193.5166,B,515,30976,-72,/dev/serial/by-path/pci-0000:05:00.3-usb-0:2.1.2:1.0-port0
1790755193.5711,B,516,31031,-75,/dev/serial/by-path/pci-0000:05:00.3-usb-0:2.1.2:1.0-port0
1790755193.6090,B,517,31068,-101,/dev/serial/by-path/pci-0000:05:00.3-usb-0:2.1.2:1.0-port0
1790755193.6104,C,552,31068,-75,/dev/serial/by-path/pci-0000:05:00.3-usb-0:2.1.3:1.0-port0
1790755193.6225,A,491,31086,-82,/dev/serial/by-path/pci-0000:05:00.3-usb-0:2.1.1:1.0-port0
1790755193.6557,C,553,31113,-74,/dev/serial/by-path/pci-0000:05:00.3-usb-0:2.1.3:1.0-port0
1790755193.6574,B,518,31118,-72,/dev/serial/by-path/pci-0000:05:00.3-usb-0:2.1.2:1.0-port0
1790755193.7147,C,554,31173,-71,/dev/serial/by-path/pci-0000:05:00.3-usb-0:2.1.3:1.0-port0
1790755193.7196,B,519,31179,-75,/dev/serial/by-path/pci-0000:05:00.3-usb-0:2.1.2:1.0-port0
1790755193.7231,A,492,31186,-92,/dev/serial/by-path/pci-0000:05:00.3-usb-0:2.1.1:1.0-port0
1790755193.7650,C,555,31223,-74,/dev/serial/by-path/pci-0000:05:00.3-usb-0:2.1.3:1.0-port0
1790755193.7730,A,493,31236,-83,/dev/serial/by-path/pci-0000:05:00.3-usb-0:2.1.1:1.0-port0
1790755193.7836,C,556,31242,-73,/dev/serial/by-path/pci-0000:05:00.3-usb-0:2.1.3:1.0-port0
1790755193.7912,B,520,31251,-78,/dev/serial/by-path/pci-0000:05:00.3-usb-0:2.1.2:1.0-port0
1790755193.8748,B,521,31334,-73,/dev/serial/by-path/pci-0000:05:00.3-usb-0:2.1.2:1.0-port0
1790755193.8852,C,557,31343,-74,/dev/serial/by-path/pci-0000:05:00.3-usb-0:2.1.3:1.0-port0
1790755193.9220,B,522,31381,-78,/dev/serial/by-path/pci-0000:05:00.3-usb-0:2.1.2:1.0-port0
1790755193.9489,C,558,31407,-74,/dev/serial/by-path/pci-0000:05:00.3-usb-0:2.1.3:1.0-port0
1790755194.0184,A,494,31482,-90,/dev/serial/by-path/pci-0000:05:00.3-usb-0:2.1.1:1.0-port0
1790755194.0415,B,523,31501,-74,/dev/serial/by-path/pci-0000:05:00.3-usb-0:2.1.2:1.0-port0
1790755194.0537,C,559,31512,-74,/dev/serial/by-path/pci-0000:05:00.3-usb-0:2.1.3:1.0-port0
1790755194.0607,A,495,31524,-81,/dev/serial/by-path/pci-0000:05:00.3-usb-0:2.1.1:1.0-port0
1790755194.0657,C,560,31523,-74,/dev/serial/by-path/pci-0000:05:00.3-usb-0:2.1.3:1.0-port0
1790755194.0749,B,524,31534,-77,/dev/serial/by-path/pci-0000:05:00.3-usb-0:2.1.2:1.0-port0
1790755194.1153,C,561,31573,-73,/dev/serial/by-path/pci-0000:05:00.3-usb-0:2.1.3:1.0-port0
1790755194.1823,B,525,31642,-74,/dev/serial/by-path/pci-0000:05:00.3-usb-0:2.1.2:1.0-port0
1790755194.2013,A,496,31665,-80,/dev/serial/by-path/pci-0000:05:00.3-usb-0:2.1.1:1.0-port0
1790755194.2015,C,562,31659,-75,/dev/serial/by-path/pci-0000:05:00.3-usb-0:2.1.3:1.0-port0
1790755194.2363,C,563,31694,-74,/dev/serial/by-path/pci-0000:05:00.3-usb-0:2.1.3:1.0-port0
1790755194.2366,B,526,31696,-77,/dev/serial/by-path/pci-0000:05:00.3-usb-0:2.1.2:1.0-port0
1790755194.3261,B,527,31785,-75,/dev/serial/by-path/pci-0000:05:00.3-usb-0:2.1.2:1.0-port0
1790755194.3297,C,564,31788,-76,/dev/serial/by-path/pci-0000:05:00.3-usb-0:2.1.3:1.0-port0
1790755194.3300,A,497,31793,-78,/dev/serial/by-path/pci-0000:05:00.3-usb-0:2.1.1:1.0-port0
1790755194.3655,B,528,31825,-76,/dev/serial/by-path/pci-0000:05:00.3-usb-0:2.1.2:1.0-port0
1790755194.3668,A,498,31830,-80,/dev/serial/by-path/pci-0000:05:00.3-usb-0:2.1.1:1.0-port0
1790755194.4147,C,565,31873,-74,/dev/serial/by-path/pci-0000:05:00.3-usb-0:2.1.3:1.0-port0
1790755194.4154,B,529,31875,-72,/dev/serial/by-path/pci-0000:05:00.3-usb-0:2.1.2:1.0-port0
1790755194.4645,C,566,31923,-72,/dev/serial/by-path/pci-0000:05:00.3-usb-0:2.1.3:1.0-port0
1790755194.4723,A,499,31936,-90,/dev/serial/by-path/pci-0000:05:00.3-usb-0:2.1.1:1.0-port0
1790755194.4913,B,530,31951,-76,/dev/serial/by-path/pci-0000:05:00.3-usb-0:2.1.2:1.0-port0
1790755194.5145,B,531,31974,-76,/dev/serial/by-path/pci-0000:05:00.3-usb-0:2.1.2:1.0-port0
1790755194.5148,C,567,31973,-75,/dev/serial/by-path/pci-0000:05:00.3-usb-0:2.1.3:1.0-port0
1790755194.5218,A,500,31985,-78,/dev/serial/by-path/pci-0000:05:00.3-usb-0:2.1.1:1.0-port0
1790755194.5652,C,568,32023,-74,/dev/serial/by-path/pci-0000:05:00.3-usb-0:2.1.3:1.0-port0
1790755194.5990,C,569,32057,-72,/dev/serial/by-path/pci-0000:05:00.3-usb-0:2.1.3:1.0-port0
1790755194.6000,B,532,32060,-74,/dev/serial/by-path/pci-0000:05:00.3-usb-0:2.1.2:1.0-port0
1790755194.6004,A,501,32063,-90,/dev/serial/by-path/pci-0000:05:00.3-usb-0:2.1.1:1.0-port0
1790755194.6390,B,533,32098,-75,/dev/serial/by-path/pci-0000:05:00.3-usb-0:2.1.2:1.0-port0
1790755194.6649,C,570,32123,-75,/dev/serial/by-path/pci-0000:05:00.3-usb-0:2.1.3:1.0-port0
1790755194.6725,A,502,32136,-82,/dev/serial/by-path/pci-0000:05:00.3-usb-0:2.1.1:1.0-port0
1790755194.6781,B,534,32138,-75,/dev/serial/by-path/pci-0000:05:00.3-usb-0:2.1.2:1.0-port0
1790755194.6932,C,571,32151,-74,/dev/serial/by-path/pci-0000:05:00.3-usb-0:2.1.3:1.0-port0
1790755194.7223,A,503,32186,-91,/dev/serial/by-path/pci-0000:05:00.3-usb-0:2.1.1:1.0-port0
1790755194.7230,B,535,32183,-72,/dev/serial/by-path/pci-0000:05:00.3-usb-0:2.1.2:1.0-port0
1790755194.7247,A,504,32186,-90,/dev/serial/by-path/pci-0000:05:00.3-usb-0:2.1.1:1.0-port0
1790755194.7358,C,572,32194,-72,/dev/serial/by-path/pci-0000:05:00.3-usb-0:2.1.3:1.0-port0
1790755194.7669,A,505,32230,-85,/dev/serial/by-path/pci-0000:05:00.3-usb-0:2.1.1:1.0-port0
1790755194.7794,B,536,32239,-75,/dev/serial/by-path/pci-0000:05:00.3-usb-0:2.1.2:1.0-port0
1790755194.8075,B,537,32267,-74,/dev/serial/by-path/pci-0000:05:00.3-usb-0:2.1.2:1.0-port0
1790755194.8148,C,573,32273,-74,/dev/serial/by-path/pci-0000:05:00.3-usb-0:2.1.3:1.0-port0
1790755194.8228,A,506,32286,-78,/dev/serial/by-path/pci-0000:05:00.3-usb-0:2.1.1:1.0-port0
1790755194.8575,C,574,32315,-75,/dev/serial/by-path/pci-0000:05:00.3-usb-0:2.1.3:1.0-port0
1790755194.8731,A,507,32336,-89,/dev/serial/by-path/pci-0000:05:00.3-usb-0:2.1.1:1.0-port0
1790755194.8757,B,538,32335,-72,/dev/serial/by-path/pci-0000:05:00.3-usb-0:2.1.2:1.0-port0
1790755194.9000,B,539,32359,-74,/dev/serial/by-path/pci-0000:05:00.3-usb-0:2.1.2:1.0-port0
1790755194.9498,A,508,32413,-77,/dev/serial/by-path/pci-0000:05:00.3-usb-0:2.1.1:1.0-port0
1790755194.9501,C,575,32408,-75,/dev/serial/by-path/pci-0000:05:00.3-usb-0:2.1.3:1.0-port0
1790755194.9535,B,540,32413,-74,/dev/serial/by-path/pci-0000:05:00.3-usb-0:2.1.2:1.0-port0
1790755194.9914,B,541,32451,-74,/dev/serial/by-path/pci-0000:05:00.3-usb-0:2.1.2:1.0-port0
1790755194.9914,C,576,32449,-74,/dev/serial/by-path/pci-0000:05:00.3-usb-0:2.1.3:1.0-port0
1790755195.0178,A,509,32481,-89,/dev/serial/by-path/pci-0000:05:00.3-usb-0:2.1.1:1.0-port0
1790755195.0915,B,542,32551,-74,/dev/serial/by-path/pci-0000:05:00.3-usb-0:2.1.2:1.0-port0
1790755195.1148,C,577,32573,-76,/dev/serial/by-path/pci-0000:05:00.3-usb-0:2.1.3:1.0-port0
1790755195.1181,A,510,32582,-79,/dev/serial/by-path/pci-0000:05:00.3-usb-0:2.1.1:1.0-port0
1790755195.1203,A,511,32582,-76,/dev/serial/by-path/pci-0000:05:00.3-usb-0:2.1.1:1.0-port0
1790755195.1264,B,543,32586,-73,/dev/serial/by-path/pci-0000:05:00.3-usb-0:2.1.2:1.0-port0
1790755195.1583,C,578,32616,-73,/dev/serial/by-path/pci-0000:05:00.3-usb-0:2.1.3:1.0-port0
1790755195.1610,B,544,32620,-73,/dev/serial/by-path/pci-0000:05:00.3-usb-0:2.1.2:1.0-port0
1790755195.1658,A,512,32629,-86,/dev/serial/by-path/pci-0000:05:00.3-usb-0:2.1.1:1.0-port0
1790755195.2032,B,545,32663,-75,/dev/serial/by-path/pci-0000:05:00.3-usb-0:2.1.2:1.0-port0
1790755195.2594,B,546,32719,-73,/dev/serial/by-path/pci-0000:05:00.3-usb-0:2.1.2:1.0-port0
1790755195.2611,A,513,32724,-77,/dev/serial/by-path/pci-0000:05:00.3-usb-0:2.1.1:1.0-port0
1790755195.2613,C,579,32719,-77,/dev/serial/by-path/pci-0000:05:00.3-usb-0:2.1.3:1.0-port0
1790755195.2926,C,580,32750,-74,/dev/serial/by-path/pci-0000:05:00.3-usb-0:2.1.3:1.0-port0
1790755195.2981,A,514,32761,-86,/dev/serial/by-path/pci-0000:05:00.3-usb-0:2.1.1:1.0-port0
1790755195.3795,B,547,32839,-77,/dev/serial/by-path/pci-0000:05:00.3-usb-0:2.1.2:1.0-port0
1790755195.3852,C,581,32843,-75,/dev/serial/by-path/pci-0000:05:00.3-usb-0:2.1.3:1.0-port0
1790755195.3857,A,515,32849,-74,/dev/serial/by-path/pci-0000:05:00.3-usb-0:2.1.1:1.0-port0
1790755195.4208,B,548,32880,-72,/dev/serial/by-path/pci-0000:05:00.3-usb-0:2.1.2:1.0-port0
1790755195.4228,A,516,32886,-76,/dev/serial/by-path/pci-0000:05:00.3-usb-0:2.1.1:1.0-port0
1790755195.4392,C,582,32897,-73,/dev/serial/by-path/pci-0000:05:00.3-usb-0:2.1.3:1.0-port0
1790755195.4641,C,583,32923,-73,/dev/serial/by-path/pci-0000:05:00.3-usb-0:2.1.3:1.0-port0
1790755195.4662,A,517,32929,-87,/dev/serial/by-path/pci-0000:05:00.3-usb-0:2.1.1:1.0-port0
1790755195.5412,B,549,33001,-76,/dev/serial/by-path/pci-0000:05:00.3-usb-0:2.1.2:1.0-port0
1790755195.5530,B,550,33013,-73,/dev/serial/by-path/pci-0000:05:00.3-usb-0:2.1.2:1.0-port0
1790755195.5546,C,584,33012,-72,/dev/serial/by-path/pci-0000:05:00.3-usb-0:2.1.3:1.0-port0
1790755195.5551,A,518,33019,-77,/dev/serial/by-path/pci-0000:05:00.3-usb-0:2.1.1:1.0-port0
1790755195.5994,C,585,33057,-72,/dev/serial/by-path/pci-0000:05:00.3-usb-0:2.1.3:1.0-port0
1790755195.6158,B,551,33075,-73,/dev/serial/by-path/pci-0000:05:00.3-usb-0:2.1.2:1.0-port0
1790755195.6225,A,519,33086,-90,/dev/serial/by-path/pci-0000:05:00.3-usb-0:2.1.1:1.0-port0
1790755195.6518,C,586,33110,-71,/dev/serial/by-path/pci-0000:05:00.3-usb-0:2.1.3:1.0-port0
1790755195.6523,B,552,33112,-78,/dev/serial/by-path/pci-0000:05:00.3-usb-0:2.1.2:1.0-port0
1790755195.6526,A,520,33115,-81,/dev/serial/by-path/pci-0000:05:00.3-usb-0:2.1.1:1.0-port0
1790755195.6943,C,587,33153,-74,/dev/serial/by-path/pci-0000:05:00.3-usb-0:2.1.3:1.0-port0
1790755195.6946,A,521,33158,-74,/dev/serial/by-path/pci-0000:05:00.3-usb-0:2.1.1:1.0-port0
1790755195.7646,C,588,33223,-71,/dev/serial/by-path/pci-0000:05:00.3-usb-0:2.1.3:1.0-port0
1790755195.7728,A,522,33236,-98,/dev/serial/by-path/pci-0000:05:00.3-usb-0:2.1.1:1.0-port0
1790755195.8412,B,553,33301,-84,/dev/serial/by-path/pci-0000:05:00.3-usb-0:2.1.2:1.0-port0
1790755195.8651,C,589,33323,-77,/dev/serial/by-path/pci-0000:05:00.3-usb-0:2.1.3:1.0-port0
1790755195.8685,A,523,33333,-75,/dev/serial/by-path/pci-0000:05:00.3-usb-0:2.1.1:1.0-port0
1790755195.8710,A,524,33333,-74,/dev/serial/by-path/pci-0000:05:00.3-usb-0:2.1.1:1.0-port0
1790755195.8809,B,554,33340,-73,/dev/serial/by-path/pci-0000:05:00.3-usb-0:2.1.2:1.0-port0
1790755195.9180,A,525,33381,-87,/dev/serial/by-path/pci-0000:05:00.3-usb-0:2.1.1:1.0-port0
1790755195.9651,C,590,33423,-71,/dev/serial/by-path/pci-0000:05:00.3-usb-0:2.1.3:1.0-port0
1790755195.9688,A,526,33432,-77,/dev/serial/by-path/pci-0000:05:00.3-usb-0:2.1.1:1.0-port0
1790755195.9692,B,555,33429,-82,/dev/serial/by-path/pci-0000:05:00.3-usb-0:2.1.2:1.0-port0
1790755196.0153,C,591,33473,-78,/dev/serial/by-path/pci-0000:05:00.3-usb-0:2.1.3:1.0-port0
1790755196.0226,A,527,33486,-73,/dev/serial/by-path/pci-0000:05:00.3-usb-0:2.1.1:1.0-port0
1790755196.0521,C,592,33510,-72,/dev/serial/by-path/pci-0000:05:00.3-usb-0:2.1.3:1.0-port0
1790755196.0741,A,528,33536,-87,/dev/serial/by-path/pci-0000:05:00.3-usb-0:2.1.1:1.0-port0
1790755196.0875,B,556,33547,-72,/dev/serial/by-path/pci-0000:05:00.3-usb-0:2.1.2:1.0-port0
1790755196.0994,A,529,33563,-76,/dev/serial/by-path/pci-0000:05:00.3-usb-0:2.1.1:1.0-port0
1790755196.1147,C,593,33573,-71,/dev/serial/by-path/pci-0000:05:00.3-usb-0:2.1.3:1.0-port0
1790755196.1385,B,557,33599,-84,/dev/serial/by-path/pci-0000:05:00.3-usb-0:2.1.2:1.0-port0
1790755196.1408,B,558,33599,-82,/dev/serial/by-path/pci-0000:05:00.3-usb-0:2.1.2:1.0-port0
1790755196.1649,C,594,33623,-76,/dev/serial/by-path/pci-0000:05:00.3-usb-0:2.1.3:1.0-port0
1790755196.1726,A,530,33636,-76,/dev/serial/by-path/pci-0000:05:00.3-usb-0:2.1.1:1.0-port0
1790755196.1847,C,595,33643,-72,/dev/serial/by-path/pci-0000:05:00.3-usb-0:2.1.3:1.0-port0
1790755196.1850,A,531,33648,-90,/dev/serial/by-path/pci-0000:05:00.3-usb-0:2.1.1:1.0-port0
1790755196.1853,B,559,33645,-72,/dev/serial/by-path/pci-0000:05:00.3-usb-0:2.1.2:1.0-port0
1790755196.2743,B,560,33734,-82,/dev/serial/by-path/pci-0000:05:00.3-usb-0:2.1.2:1.0-port0
1790755196.2976,C,596,33755,-77,/dev/serial/by-path/pci-0000:05:00.3-usb-0:2.1.3:1.0-port0
1790755196.3127,B,561,33772,-72,/dev/serial/by-path/pci-0000:05:00.3-usb-0:2.1.2:1.0-port0
1790755196.3144,C,597,33773,-75,/dev/serial/by-path/pci-0000:05:00.3-usb-0:2.1.3:1.0-port0
1790755196.3146,A,532,33777,-74,/dev/serial/by-path/pci-0000:05:00.3-usb-0:2.1.1:1.0-port0
1790755196.3555,C,598,33813,-71,/dev/serial/by-path/pci-0000:05:00.3-usb-0:2.1.3:1.0-port0
1790755196.3725,A,533,33836,-90,/dev/serial/by-path/pci-0000:05:00.3-usb-0:2.1.1:1.0-port0
1790755196.3835,B,562,33843,-72,/dev/serial/by-path/pci-0000:05:00.3-usb-0:2.1.2:1.0-port0
1790755196.4638,C,599,33923,-75,/dev/serial/by-path/pci-0000:05:00.3-usb-0:2.1.3:1.0-port0
1790755196.4729,A,534,33936,-74,/dev/serial/by-path/pci-0000:05:00.3-usb-0:2.1.1:1.0-port0
1790755196.4754,B,563,33935,-72,/dev/serial/by-path/pci-0000:05:00.3-usb-0:2.1.2:1.0-port0
1790755196.4908,B,564,33950,-71,/dev/serial/by-path/pci-0000:05:00.3-usb-0:2.1.2:1.0-port0
1790755196.5114,C,600,33969,-72,/dev/serial/by-path/pci-0000:05:00.3-usb-0:2.1.3:1.0-port0
1790755196.5777,B,565,34037,-79,/dev/serial/by-path/pci-0000:05:00.3-usb-0:2.1.2:1.0-port0
1790755196.6124,C,601,34071,-77,/dev/serial/by-path/pci-0000:05:00.3-usb-0:2.1.3:1.0-port0
1790755196.6142,A,535,34077,-75,/dev/serial/by-path/pci-0000:05:00.3-usb-0:2.1.1:1.0-port0
1790755196.6243,C,602,34082,-71,/dev/serial/by-path/pci-0000:05:00.3-usb-0:2.1.3:1.0-port0
1790755196.6245,B,566,34084,-72,/dev/serial/by-path/pci-0000:05:00.3-usb-0:2.1.2:1.0-port0
1790755196.6752,B,567,34135,-71,/dev/serial/by-path/pci-0000:05:00.3-usb-0:2.1.2:1.0-port0
1790755196.7154,C,603,34173,-70,/dev/serial/by-path/pci-0000:05:00.3-usb-0:2.1.3:1.0-port0
1790755196.7227,A,536,34186,-78,/dev/serial/by-path/pci-0000:05:00.3-usb-0:2.1.1:1.0-port0
1790755196.7228,B,568,34183,-78,/dev/serial/by-path/pci-0000:05:00.3-usb-0:2.1.2:1.0-port0
1790755196.7250,C,604,34182,-77,/dev/serial/by-path/pci-0000:05:00.3-usb-0:2.1.3:1.0-port0
1790755196.7708,B,569,34230,-72,/dev/serial/by-path/pci-0000:05:00.3-usb-0:2.1.2:1.0-port0
1790755196.7730,A,537,34236,-76,/dev/serial/by-path/pci-0000:05:00.3-usb-0:2.1.1:1.0-port0
1790755196.7910,C,605,34249,-71,/dev/serial/by-path/pci-0000:05:00.3-usb-0:2.1.3:1.0-port0
1790755196.8124,C,606,34270,-71,/dev/serial/by-path/pci-0000:05:00.3-usb-0:2.1.3:1.0-port0
1790755196.8140,B,570,34273,-71,/dev/serial/by-path/pci-0000:05:00.3-usb-0:2.1.2:1.0-port0
1790755196.8231,A,538,34286,-94,/dev/serial/by-path/pci-0000:05:00.3-usb-0:2.1.1:1.0-port0
1790755196.8563,C,607,34314,-70,/dev/serial/by-path/pci-0000:05:00.3-usb-0:2.1.3:1.0-port0
1790755196.8731,A,539,34336,-77,/dev/serial/by-path/pci-0000:05:00.3-usb-0:2.1.1:1.0-port0
1790755196.8914,B,571,34351,-75,/dev/serial/by-path/pci-0000:05:00.3-usb-0:2.1.2:1.0-port0
1790755196.9145,C,608,34373,-76,/dev/serial/by-path/pci-0000:05:00.3-usb-0:2.1.3:1.0-port0
1790755196.9232,A,540,34386,-76,/dev/serial/by-path/pci-0000:05:00.3-usb-0:2.1.1:1.0-port0
1790755196.9315,B,572,34391,-71,/dev/serial/by-path/pci-0000:05:00.3-usb-0:2.1.2:1.0-port0
1790755196.9402,C,609,34398,-70,/dev/serial/by-path/pci-0000:05:00.3-usb-0:2.1.3:1.0-port0
1790755196.9412,B,573,34401,-72,/dev/serial/by-path/pci-0000:05:00.3-usb-0:2.1.2:1.0-port0
1790755196.9915,B,574,34451,-75,/dev/serial/by-path/pci-0000:05:00.3-usb-0:2.1.2:1.0-port0
1790755197.0028,A,541,34466,-77,/dev/serial/by-path/pci-0000:05:00.3-usb-0:2.1.1:1.0-port0
1790755197.0029,C,610,34461,-69,/dev/serial/by-path/pci-0000:05:00.3-usb-0:2.1.3:1.0-port0
1790755197.0347,B,575,34494,-75,/dev/serial/by-path/pci-0000:05:00.3-usb-0:2.1.2:1.0-port0
1790755197.0817,C,611,34540,-69,/dev/serial/by-path/pci-0000:05:00.3-usb-0:2.1.3:1.0-port0
1790755197.0913,B,576,34551,-73,/dev/serial/by-path/pci-0000:05:00.3-usb-0:2.1.2:1.0-port0
1790755197.1724,B,577,34632,-72,/dev/serial/by-path/pci-0000:05:00.3-usb-0:2.1.2:1.0-port0
1790755197.1728,A,542,34636,-78,/dev/serial/by-path/pci-0000:05:00.3-usb-0:2.1.1:1.0-port0
1790755197.1951,C,612,34653,-74,/dev/serial/by-path/pci-0000:05:00.3-usb-0:2.1.3:1.0-port0
1790755197.2141,C,613,34672,-73,/dev/serial/by-path/pci-0000:05:00.3-usb-0:2.1.3:1.0-port0
1790755197.2227,A,543,34686,-84,/dev/serial/by-path/pci-0000:05:00.3-usb-0:2.1.1:1.0-port0
1790755197.2418,B,578,34701,-72,/dev/serial/by-path/pci-0000:05:00.3-usb-0:2.1.2:1.0-port0
1790755197.2576,C,614,34715,-70,/dev/serial/by-path/pci-0000:05:00.3-usb-0:2.1.3:1.0-port0
1790755197.2804,B,579,34740,-75,/dev/serial/by-path/pci-0000:05:00.3-usb-0:2.1.2:1.0-port0
1790755197.3056,C,615,34763,-67,/dev/serial/by-path/pci-0000:05:00.3-usb-0:2.1.3:1.0-port0
1790755197.3149,B,580,34774,-71,/dev/serial/by-path/pci-0000:05:00.3-usb-0:2.1.2:1.0-port0
1790755197.3231,A,544,34786,-78,/dev/serial/by-path/pci-0000:05:00.3-usb-0:2.1.1:1.0-port0
1790755197.3456,B,581,34805,-72,/dev/serial/by-path/pci-0000:05:00.3-usb-0:2.1.2:1.0-port0
1790755197.3472,C,616,34805,-73,/dev/serial/by-path/pci-0000:05:00.3-usb-0:2.1.3:1.0-port0
1790755197.4147,C,617,34873,-70,/dev/serial/by-path/pci-0000:05:00.3-usb-0:2.1.3:1.0-port0
1790755197.4214,A,545,34884,-93,/dev/serial/by-path/pci-0000:05:00.3-usb-0:2.1.1:1.0-port0
1790755197.4344,C,618,34892,-68,/dev/serial/by-path/pci-0000:05:00.3-usb-0:2.1.3:1.0-port0
1790755197.4381,B,582,34897,-74,/dev/serial/by-path/pci-0000:05:00.3-usb-0:2.1.2:1.0-port0
1790755197.4384,A,546,34901,-78,/dev/serial/by-path/pci-0000:05:00.3-usb-0:2.1.1:1.0-port0
1790755197.5065,C,619,34964,-72,/dev/serial/by-path/pci-0000:05:00.3-usb-0:2.1.3:1.0-port0
1790755197.5067,A,547,34970,-79,/dev/serial/by-path/pci-0000:05:00.3-usb-0:2.1.1:1.0-port0
1790755197.5204,B,583,34980,-72,/dev/serial/by-path/pci-0000:05:00.3-usb-0:2.1.2:1.0-port0
1790755197.5233,A,548,34986,-80,/dev/serial/by-path/pci-0000:05:00.3-usb-0:2.1.1:1.0-port0
1790755197.5595,C,620,35018,-70,/dev/serial/by-path/pci-0000:05:00.3-usb-0:2.1.3:1.0-port0
1790755197.5611,A,549,35024,-94,/dev/serial/by-path/pci-0000:05:00.3-usb-0:2.1.1:1.0-port0
1790755197.5615,C,621,35018,-70,/dev/serial/by-path/pci-0000:05:00.3-usb-0:2.1.3:1.0-port0
1790755197.5676,B,584,35027,-73,/dev/serial/by-path/pci-0000:05:00.3-usb-0:2.1.2:1.0-port0
1790755197.6083,C,622,35066,-68,/dev/serial/by-path/pci-0000:05:00.3-usb-0:2.1.3:1.0-port0
1790755197.6085,A,550,35072,-79,/dev/serial/by-path/pci-0000:05:00.3-usb-0:2.1.1:1.0-port0
1790755197.6088,B,585,35069,-74,/dev/serial/by-path/pci-0000:05:00.3-usb-0:2.1.2:1.0-port0
1790755197.6495,C,623,35107,-72,/dev/serial/by-path/pci-0000:05:00.3-usb-0:2.1.3:1.0-port0
1790755197.6668,A,551,35130,-78,/dev/serial/by-path/pci-0000:05:00.3-usb-0:2.1.1:1.0-port0
1790755197.6703,B,586,35130,-71,/dev/serial/by-path/pci-0000:05:00.3-usb-0:2.1.2:1.0-port0
1790755197.6909,C,624,35149,-68,/dev/serial/by-path/pci-0000:05:00.3-usb-0:2.1.3:1.0-port0
1790755197.6914,B,587,35151,-71,/dev/serial/by-path/pci-0000:05:00.3-usb-0:2.1.2:1.0-port0
1790755197.7229,A,552,35186,-94,/dev/serial/by-path/pci-0000:05:00.3-usb-0:2.1.1:1.0-port0
1790755197.7391,C,625,35197,-68,/dev/serial/by-path/pci-0000:05:00.3-usb-0:2.1.3:1.0-port0
1790755197.7410,B,588,35201,-73,/dev/serial/by-path/pci-0000:05:00.3-usb-0:2.1.2:1.0-port0
1790755197.7557,A,553,35219,-79,/dev/serial/by-path/pci-0000:05:00.3-usb-0:2.1.1:1.0-port0
1790755197.7824,A,554,35246,-78,/dev/serial/by-path/pci-0000:05:00.3-usb-0:2.1.1:1.0-port0
1790755197.7917,B,589,35251,-73,/dev/serial/by-path/pci-0000:05:00.3-usb-0:2.1.2:1.0-port0
1790755197.8148,C,626,35273,-72,/dev/serial/by-path/pci-0000:05:00.3-usb-0:2.1.3:1.0-port0
1790755197.8279,C,627,35285,-69,/dev/serial/by-path/pci-0000:05:00.3-usb-0:2.1.3:1.0-port0
1790755197.8281,B,590,35288,-70,/dev/serial/by-path/pci-0000:05:00.3-usb-0:2.1.2:1.0-port0
1790755197.9208,A,555,35384,-76,/dev/serial/by-path/pci-0000:05:00.3-usb-0:2.1.1:1.0-port0
1790755197.9213,B,591,35380,-76,/dev/serial/by-path/pci-0000:05:00.3-usb-0:2.1.2:1.0-port0
1790755197.9608,C,628,35420,-73,/dev/serial/by-path/pci-0000:05:00.3-usb-0:2.1.3:1.0-port0
1790755197.9612,B,592,35420,-71,/dev/serial/by-path/pci-0000:05:00.3-usb-0:2.1.2:1.0-port0
1790755197.9629,C,629,35420,-74,/dev/serial/by-path/pci-0000:05:00.3-usb-0:2.1.3:1.0-port0
1790755197.9726,A,556,35436,-76,/dev/serial/by-path/pci-0000:05:00.3-usb-0:2.1.1:1.0-port0
1790755198.0051,C,630,35463,-71,/dev/serial/by-path/pci-0000:05:00.3-usb-0:2.1.3:1.0-port0
1790755198.0232,A,557,35486,-92,/dev/serial/by-path/pci-0000:05:00.3-usb-0:2.1.1:1.0-port0
1790755198.0414,B,593,35501,-72,/dev/serial/by-path/pci-0000:05:00.3-usb-0:2.1.2:1.0-port0
1790755198.0560,B,594,35516,-76,/dev/serial/by-path/pci-0000:05:00.3-usb-0:2.1.2:1.0-port0
1790755198.0978,C,631,35556,-74,/dev/serial/by-path/pci-0000:05:00.3-usb-0:2.1.3:1.0-port0
1790755198.0982,A,558,35561,-79,/dev/serial/by-path/pci-0000:05:00.3-usb-0:2.1.1:1.0-port0
1790755198.1066,B,595,35566,-71,/dev/serial/by-path/pci-0000:05:00.3-usb-0:2.1.2:1.0-port0
1790755198.1454,A,559,35609,-87,/dev/serial/by-path/pci-0000:05:00.3-usb-0:2.1.1:1.0-port0
1790755198.1456,C,632,35604,-70,/dev/serial/by-path/pci-0000:05:00.3-usb-0:2.1.3:1.0-port0
1790755198.1875,C,633,35645,-68,/dev/serial/by-path/pci-0000:05:00.3-usb-0:2.1.3:1.0-port0
1790755198.1914,B,596,35651,-74,/dev/serial/by-path/pci-0000:05:00.3-usb-0:2.1.2:1.0-port0
1790755198.1942,A,560,35657,-82,/dev/serial/by-path/pci-0000:05:00.3-usb-0:2.1.1:1.0-port0
1790755198.2333,B,597,35693,-73,/dev/serial/by-path/pci-0000:05:00.3-usb-0:2.1.2:1.0-port0
1790755198.2646,C,634,35723,-72,/dev/serial/by-path/pci-0000:05:00.3-usb-0:2.1.3:1.0-port0
1790755198.2913,B,598,35751,-71,/dev/serial/by-path/pci-0000:05:00.3-usb-0:2.1.2:1.0-port0
1790755198.2933,C,635,35751,-69,/dev/serial/by-path/pci-0000:05:00.3-usb-0:2.1.3:1.0-port0
1790755198.2936,A,561,35757,-84,/dev/serial/by-path/pci-0000:05:00.3-usb-0:2.1.1:1.0-port0
1790755198.3416,B,599,35801,-73,/dev/serial/by-path/pci-0000:05:00.3-usb-0:2.1.2:1.0-port0
1790755198.3646,C,636,35823,-68,/dev/serial/by-path/pci-0000:05:00.3-usb-0:2.1.3:1.0-port0
1790755198.3721,A,562,35836,-84,/dev/serial/by-path/pci-0000:05:00.3-usb-0:2.1.1:1.0-port0
1790755198.3726,B,600,35832,-74,/dev/serial/by-path/pci-0000:05:00.3-usb-0:2.1.2:1.0-port0
1790755198.3752,A,563,35836,-84,/dev/serial/by-path/pci-0000:05:00.3-usb-0:2.1.1:1.0-port0
1790755198.3986,C,637,35857,-74,/dev/serial/by-path/pci-0000:05:00.3-usb-0:2.1.3:1.0-port0
1790755198.4196,B,601,35879,-71,/dev/serial/by-path/pci-0000:05:00.3-usb-0:2.1.2:1.0-port0
1790755198.4198,C,638,35878,-73,/dev/serial/by-path/pci-0000:05:00.3-usb-0:2.1.3:1.0-port0
1790755198.4217,A,564,35885,-76,/dev/serial/by-path/pci-0000:05:00.3-usb-0:2.1.1:1.0-port0
1790755198.4647,C,639,35923,-73,/dev/serial/by-path/pci-0000:05:00.3-usb-0:2.1.3:1.0-port0
1790755198.4650,A,565,35928,-86,/dev/serial/by-path/pci-0000:05:00.3-usb-0:2.1.1:1.0-port0
1790755198.4792,B,602,35939,-71,/dev/serial/by-path/pci-0000:05:00.3-usb-0:2.1.2:1.0-port0
1790755198.5147,C,640,35973,-71,/dev/serial/by-path/pci-0000:05:00.3-usb-0:2.1.3:1.0-port0
1790755198.5150,B,603,35974,-74,/dev/serial/by-path/pci-0000:05:00.3-usb-0:2.1.2:1.0-port0
1790755198.5227,A,566,35986,-83,/dev/serial/by-path/pci-0000:05:00.3-usb-0:2.1.1:1.0-port0
1790755198.5615,B,604,36021,-72,/dev/serial/by-path/pci-0000:05:00.3-usb-0:2.1.2:1.0-port0
1790755198.5654,C,641,36023,-77,/dev/serial/by-path/pci-0000:05:00.3-usb-0:2.1.3:1.0-port0
1790755198.5729,A,567,36036,-76,/dev/serial/by-path/pci-0000:05:00.3-usb-0:2.1.1:1.0-port0
1790755198.6040,B,605,36064,-73,/dev/serial/by-path/pci-0000:05:00.3-usb-0:2.1.2:1.0-port0
1790755198.6044,C,642,36062,-73,/dev/serial/by-path/pci-0000:05:00.3-usb-0:2.1.3:1.0-port0
1790755198.6648,C,643,36123,-72,/dev/serial/by-path/pci-0000:05:00.3-usb-0:2.1.3:1.0-port0
1790755198.6732,A,568,36136,-84,/dev/serial/by-path/pci-0000:05:00.3-usb-0:2.1.1:1.0-port0
1790755198.6913,B,606,36151,-74,/dev/serial/by-path/pci-0000:05:00.3-usb-0:2.1.2:1.0-port0
1790755198.6918,A,569,36155,-79,/dev/serial/by-path/pci-0000:05:00.3-usb-0:2.1.1:1.0-port0
1790755198.6978,C,644,36156,-77,/dev/serial/by-path/pci-0000:05:00.3-usb-0:2.1.3:1.0-port0
1790755198.7408,B,607,36201,-72,/dev/serial/by-path/pci-0000:05:00.3-usb-0:2.1.2:1.0-port0
1790755198.7431,C,645,36201,-74,/dev/serial/by-path/pci-0000:05:00.3-usb-0:2.1.3:1.0-port0
1790755198.7730,A,570,36236,-94,/dev/serial/by-path/pci-0000:05:00.3-usb-0:2.1.1:1.0-port0
1790755198.7764,C,646,36234,-70,/dev/serial/by-path/pci-0000:05:00.3-usb-0:2.1.3:1.0-port0
1790755198.7768,B,608,36236,-74,/dev/serial/by-path/pci-0000:05:00.3-usb-0:2.1.2:1.0-port0
1790755198.8160,A,571,36279,-82,/dev/serial/by-path/pci-0000:05:00.3-usb-0:2.1.1:1.0-port0
1790755198.8218,B,609,36282,-73,/dev/serial/by-path/pci-0000:05:00.3-usb-0:2.1.2:1.0-port0
1790755198.8222,A,572,36286,-81,/dev/serial/by-path/pci-0000:05:00.3-usb-0:2.1.1:1.0-port0
1790755198.8565,C,647,36315,-76,/dev/serial/by-path/pci-0000:05:00.3-usb-0:2.1.3:1.0-port0
1790755198.8712,B,610,36331,-72,/dev/serial/by-path/pci-0000:05:00.3-usb-0:2.1.2:1.0-port0
1790755198.9121,C,648,36371,-72,/dev/serial/by-path/pci-0000:05:00.3-usb-0:2.1.3:1.0-port0
1790755198.9145,C,649,36371,-72,/dev/serial/by-path/pci-0000:05:00.3-usb-0:2.1.3:1.0-port0
1790755198.9616,A,573,36425,-80,/dev/serial/by-path/pci-0000:05:00.3-usb-0:2.1.1:1.0-port0
1790755198.9647,C,650,36423,-70,/dev/serial/by-path/pci-0000:05:00.3-usb-0:2.1.3:1.0-port0
1790755199.0101,C,651,36468,-76,/dev/serial/by-path/pci-0000:05:00.3-usb-0:2.1.3:1.0-port0
1790755199.0111,A,574,36474,-78,/dev/serial/by-path/pci-0000:05:00.3-usb-0:2.1.1:1.0-port0
1790755199.0113,B,611,36471,-72,/dev/serial/by-path/pci-0000:05:00.3-usb-0:2.1.2:1.0-port0
1790755199.0646,C,652,36523,-71,/dev/serial/by-path/pci-0000:05:00.3-usb-0:2.1.3:1.0-port0
1790755199.0727,A,575,36536,-94,/dev/serial/by-path/pci-0000:05:00.3-usb-0:2.1.1:1.0-port0
1790755199.0820,B,612,36542,-75,/dev/serial/by-path/pci-0000:05:00.3-usb-0:2.1.2:1.0-port0
1790755199.1039,C,653,36562,-70,/dev/serial/by-path/pci-0000:05:00.3-usb-0:2.1.3:1.0-port0
1790755199.1043,A,576,36567,-81,/dev/serial/by-path/pci-0000:05:00.3-usb-0:2.1.1:1.0-port0
1790755199.1045,B,613,36564,-72,/dev/serial/by-path/pci-0000:05:00.3-usb-0:2.1.2:1.0-port0
1790755199.1450,A,577,36609,-80,/dev/serial/by-path/pci-0000:05:00.3-usb-0:2.1.1:1.0-port0
1790755199.1454,C,654,36604,-77,/dev/serial/by-path/pci-0000:05:00.3-usb-0:2.1.3:1.0-port0
1790755199.1876,B,614,36647,-72,/dev/serial/by-path/pci-0000:05:00.3-usb-0:2.1.2:1.0-port0
1790755199.2056,C,655,36663,-72,/dev/serial/by-path/pci-0000:05:00.3-usb-0:2.1.3:1.0-port0
1790755199.2061,A,578,36669,-96,/dev/serial/by-path/pci-0000:05:00.3-usb-0:2.1.1:1.0-port0
1790755199.2803,B,615,36740,-72,/dev/serial/by-path/pci-0000:05:00.3-usb-0:2.1.2:1.0-port0
1790755199.2805,C,656,36738,-78,/dev/serial/by-path/pci-0000:05:00.3-usb-0:2.1.3:1.0-port0
1790755199.3194,A,579,36783,-81,/dev/serial/by-path/pci-0000:05:00.3-usb-0:2.1.1:1.0-port0
1790755199.3217,A,580,36783,-80,/dev/serial/by-path/pci-0000:05:00.3-usb-0:2.1.1:1.0-port0
1790755199.3341,C,657,36792,-73,/dev/serial/by-path/pci-0000:05:00.3-usb-0:2.1.3:1.0-port0
1790755199.3344,B,616,36794,-73,/dev/serial/by-path/pci-0000:05:00.3-usb-0:2.1.2:1.0-port0
1790755199.3611,A,581,36824,-93,/dev/serial/by-path/pci-0000:05:00.3-usb-0:2.1.1:1.0-port0
1790755199.3648,C,658,36823,-74,/dev/serial/by-path/pci-0000:05:00.3-usb-0:2.1.3:1.0-port0
1790755199.3912,B,617,36851,-75,/dev/serial/by-path/pci-0000:05:00.3-usb-0:2.1.2:1.0-port0
1790755199.4217,B,618,36881,-72,/dev/serial/by-path/pci-0000:05:00.3-usb-0:2.1.2:1.0-port0
1790755199.4651,C,659,36923,-75,/dev/serial/by-path/pci-0000:05:00.3-usb-0:2.1.3:1.0-port0
1790755199.4673,B,619,36927,-74,/dev/serial/by-path/pci-0000:05:00.3-usb-0:2.1.2:1.0-port0
1790755199.4732,A,582,36936,-82,/dev/serial/by-path/pci-0000:05:00.3-usb-0:2.1.1:1.0-port0
1790755199.5027,C,660,36961,-73,/dev/serial/by-path/pci-0000:05:00.3-usb-0:2.1.3:1.0-port0
1790755199.5031,A,583,36966,-90,/dev/serial/by-path/pci-0000:05:00.3-usb-0:2.1.1:1.0-port0
1790755199.5368,B,620,36998,-76,/dev/serial/by-path/pci-0000:05:00.3-usb-0:2.1.2:1.0-port0
1790755199.5376,C,661,36997,-71,/dev/serial/by-path/pci-0000:05:00.3-usb-0:2.1.3:1.0-port0
1790755199.5387,A,584,37002,-85,/dev/serial/by-path/pci-0000:05:00.3-usb-0:2.1.1:1.0-port0
1790755199.5391,B,621,36998,-76,/dev/serial/by-path/pci-0000:05:00.3-usb-0:2.1.2:1.0-port0
1790755199.5911,B,622,37051,-70,/dev/serial/by-path/pci-0000:05:00.3-usb-0:2.1.2:1.0-port0
1790755199.6152,C,662,37073,-75,/dev/serial/by-path/pci-0000:05:00.3-usb-0:2.1.3:1.0-port0
1790755199.6226,A,585,37086,-83,/dev/serial/by-path/pci-0000:05:00.3-usb-0:2.1.1:1.0-port0
1790755199.6271,C,663,37085,-74,/dev/serial/by-path/pci-0000:05:00.3-usb-0:2.1.3:1.0-port0
1790755199.6375,B,623,37097,-74,/dev/serial/by-path/pci-0000:05:00.3-usb-0:2.1.2:1.0-port0
1790755199.6379,A,586,37101,-92,/dev/serial/by-path/pci-0000:05:00.3-usb-0:2.1.1:1.0-port0
1790755199.6911,B,624,37151,-74,/dev/serial/by-path/pci-0000:05:00.3-usb-0:2.1.2:1.0-port0
1790755199.7146,C,664,37173,-72,/dev/serial/by-path/pci-0000:05:00.3-usb-0:2.1.3:1.0-port0
1790755199.7220,A,587,37186,-87,/dev/serial/by-path/pci-0000:05:00.3-usb-0:2.1.1:1.0-port0
1790755199.7236,B,625,37183,-71,/dev/serial/by-path/pci-0000:05:00.3-usb-0:2.1.2:1.0-port0
1790755199.7241,A,588,37186,-84,/dev/serial/by-path/pci-0000:05:00.3-usb-0:2.1.1:1.0-port0
1790755199.7482,C,665,37206,-75,/dev/serial/by-path/pci-0000:05:00.3-usb-0:2.1.3:1.0-port0
1790755199.7670,B,626,37228,-75,/dev/serial/by-path/pci-0000:05:00.3-usb-0:2.1.2:1.0-port0
1790755199.7695,A,589,37232,-87,/dev/serial/by-path/pci-0000:05:00.3-usb-0:2.1.1:1.0-port0
1790755199.8121,C,666,37270,-74,/dev/serial/by-path/pci-0000:05:00.3-usb-0:2.1.3:1.0-port0
1790755199.8123,B,627,37272,-76,/dev/serial/by-path/pci-0000:05:00.3-usb-0:2.1.2:1.0-port0
1790755199.8611,C,667,37319,-71,/dev/serial/by-path/pci-0000:05:00.3-usb-0:2.1.3:1.0-port0
1790755199.8615,A,590,37325,-86,/dev/serial/by-path/pci-0000:05:00.3-usb-0:2.1.1:1.0-port0
1790755199.8911,B,628,37351,-71,/dev/serial/by-path/pci-0000:05:00.3-usb-0:2.1.2:1.0-port0
1790755199.9145,C,668,37373,-75,/dev/serial/by-path/pci-0000:05:00.3-usb-0:2.1.3:1.0-port0
1790755199.9402,B,629,37400,-75,/dev/serial/by-path/pci-0000:05:00.3-usb-0:2.1.2:1.0-port0
1790755199.9517,C,669,37410,-74,/dev/serial/by-path/pci-0000:05:00.3-usb-0:2.1.3:1.0-port0
1790755199.9521,B,630,37412,-76,/dev/serial/by-path/pci-0000:05:00.3-usb-0:2.1.2:1.0-port0
1790755199.9912,B,631,37451,-75,/dev/serial/by-path/pci-0000:05:00.3-usb-0:2.1.2:1.0-port0
1790755200.0150,C,670,37473,-70,/dev/serial/by-path/pci-0000:05:00.3-usb-0:2.1.3:1.0-port0
1790755200.0225,A,591,37486,-90,/dev/serial/by-path/pci-0000:05:00.3-usb-0:2.1.1:1.0-port0
1790755200.0359,C,671,37494,-73,/dev/serial/by-path/pci-0000:05:00.3-usb-0:2.1.3:1.0-port0
1790755200.0408,B,632,37500,-70,/dev/serial/by-path/pci-0000:05:00.3-usb-0:2.1.2:1.0-port0
1790755200.0827,B,633,37542,-76,/dev/serial/by-path/pci-0000:05:00.3-usb-0:2.1.2:1.0-port0
1790755200.0844,A,592,37547,-92,/dev/serial/by-path/pci-0000:05:00.3-usb-0:2.1.1:1.0-port0
1790755200.0847,C,672,37542,-74,/dev/serial/by-path/pci-0000:05:00.3-usb-0:2.1.3:1.0-port0
1790755200.1412,B,634,37601,-79,/dev/serial/by-path/pci-0000:05:00.3-usb-0:2.1.2:1.0-port0
1790755200.1586,C,673,37617,-71,/dev/serial/by-path/pci-0000:05:00.3-usb-0:2.1.3:1.0-port0
1790755200.1588,A,593,37622,-88,/dev/serial/by-path/pci-0000:05:00.3-usb-0:2.1.1:1.0-port0
1790755200.1915,B,635,37651,-71,/dev/serial/by-path/pci-0000:05:00.3-usb-0:2.1.2:1.0-port0
1790755200.2147,C,674,37673,-74,/dev/serial/by-path/pci-0000:05:00.3-usb-0:2.1.3:1.0-port0
1790755200.2149,B,636,37675,-79,/dev/serial/by-path/pci-0000:05:00.3-usb-0:2.1.2:1.0-port0
1790755200.2227,A,594,37686,-92,/dev/serial/by-path/pci-0000:05:00.3-usb-0:2.1.1:1.0-port0
1790755200.2641,A,595,37727,-91,/dev/serial/by-path/pci-0000:05:00.3-usb-0:2.1.1:1.0-port0
1790755200.2650,C,675,37723,-73,/dev/serial/by-path/pci-0000:05:00.3-usb-0:2.1.3:1.0-port0
1790755200.2913,B,637,37751,-85,/dev/serial/by-path/pci-0000:05:00.3-usb-0:2.1.2:1.0-port0
1790755200.3092,A,596,37772,-86,/dev/serial/by-path/pci-0000:05:00.3-usb-0:2.1.1:1.0-port0
1790755200.3093,C,676,37767,-71,/dev/serial/by-path/pci-0000:05:00.3-usb-0:2.1.3:1.0-port0
1790755200.3096,B,638,37770,-71,/dev/serial/by-path/pci-0000:05:00.3-usb-0:2.1.2:1.0-port0
1790755200.3488,B,639,37808,-79,/dev/serial/by-path/pci-0000:05:00.3-usb-0:2.1.2:1.0-port0
1790755200.3502,C,677,37808,-73,/dev/serial/by-path/pci-0000:05:00.3-usb-0:2.1.3:1.0-port0
1790755200.4142,C,678,37872,-75,/dev/serial/by-path/pci-0000:05:00.3-usb-0:2.1.3:1.0-port0
1790755200.4237,A,597,37886,-91,/dev/serial/by-path/pci-0000:05:00.3-usb-0:2.1.1:1.0-port0
1790755200.4406,C,679,37899,-71,/dev/serial/by-path/pci-0000:05:00.3-usb-0:2.1.3:1.0-port0
1790755200.4411,B,640,37901,-80,/dev/serial/by-path/pci-0000:05:00.3-usb-0:2.1.2:1.0-port0
1790755200.4682,A,598,37931,-84,/dev/serial/by-path/pci-0000:05:00.3-usb-0:2.1.1:1.0-port0
1790755200.4850,C,680,37943,-72,/dev/serial/by-path/pci-0000:05:00.3-usb-0:2.1.3:1.0-port0
1790755200.4854,B,641,37944,-72,/dev/serial/by-path/pci-0000:05:00.3-usb-0:2.1.2:1.0-port0
1790755200.5413,B,642,38001,-82,/dev/serial/by-path/pci-0000:05:00.3-usb-0:2.1.2:1.0-port0
1790755200.5639,C,681,38023,-74,/dev/serial/by-path/pci-0000:05:00.3-usb-0:2.1.3:1.0-port0
1790755200.5656,A,599,38029,-90,/dev/serial/by-path/pci-0000:05:00.3-usb-0:2.1.1:1.0-port0
1790755200.5672,B,643,38027,-80,/dev/serial/by-path/pci-0000:05:00.3-usb-0:2.1.2:1.0-port0
1790755200.5675,A,600,38029,-89,/dev/serial/by-path/pci-0000:05:00.3-usb-0:2.1.1:1.0-port0
1790755200.6121,A,601,38075,-84,/dev/serial/by-path/pci-0000:05:00.3-usb-0:2.1.1:1.0-port0
1790755200.6153,C,682,38073,-70,/dev/serial/by-path/pci-0000:05:00.3-usb-0:2.1.3:1.0-port0
1790755200.6252,B,644,38085,-74,/dev/serial/by-path/pci-0000:05:00.3-usb-0:2.1.2:1.0-port0
1790755200.6587,B,645,38118,-84,/dev/serial/by-path/pci-0000:05:00.3-usb-0:2.1.2:1.0-port0
1790755200.6603,C,683,38118,-76,/dev/serial/by-path/pci-0000:05:00.3-usb-0:2.1.3:1.0-port0
1790755200.7014,C,684,38159,-75,/dev/serial/by-path/pci-0000:05:00.3-usb-0:2.1.3:1.0-port0
1790755200.7018,B,646,38162,-78,/dev/serial/by-path/pci-0000:05:00.3-usb-0:2.1.2:1.0-port0
1790755200.7226,A,602,38186,-87,/dev/serial/by-path/pci-0000:05:00.3-usb-0:2.1.1:1.0-port0
1790755200.7503,B,647,38210,-74,/dev/serial/by-path/pci-0000:05:00.3-usb-0:2.1.2:1.0-port0
1790755200.7945,C,685,38252,-74,/dev/serial/by-path/pci-0000:05:00.3-usb-0:2.1.3:1.0-port0
1790755200.8353,B,648,38295,-81,/dev/serial/by-path/pci-0000:05:00.3-usb-0:2.1.2:1.0-port0
1790755200.8372,C,686,38295,-77,/dev/serial/by-path/pci-0000:05:00.3-usb-0:2.1.3:1.0-port0
1790755200.8467,A,603,38310,-93,/dev/serial/by-path/pci-0000:05:00.3-usb-0:2.1.1:1.0-port0
1790755200.8833,C,687,38341,-72,/dev/serial/by-path/pci-0000:05:00.3-usb-0:2.1.3:1.0-port0
1790755200.8837,B,649,38343,-74,/dev/serial/by-path/pci-0000:05:00.3-usb-0:2.1.2:1.0-port0
1790755200.8839,A,604,38347,-87,/dev/serial/by-path/pci-0000:05:00.3-usb-0:2.1.1:1.0-port0
1790755200.9413,B,650,38401,-73,/dev/serial/by-path/pci-0000:05:00.3-usb-0:2.1.2:1.0-port0
1790755200.9646,C,688,38423,-74,/dev/serial/by-path/pci-0000:05:00.3-usb-0:2.1.3:1.0-port0
1790755200.9727,A,605,38436,-87,/dev/serial/by-path/pci-0000:05:00.3-usb-0:2.1.1:1.0-port0
1790755200.9802,C,689,38438,-75,/dev/serial/by-path/pci-0000:05:00.3-usb-0:2.1.3:1.0-port0
1790755200.9806,B,651,38440,-79,/dev/serial/by-path/pci-0000:05:00.3-usb-0:2.1.2:1.0-port0
1790755201.0412,B,652,38501,-75,/dev/serial/by-path/pci-0000:05:00.3-usb-0:2.1.2:1.0-port0
1790755201.0579,C,690,38516,-72,/dev/serial/by-path/pci-0000:05:00.3-usb-0:2.1.3:1.0-port0
1790755201.0582,A,606,38521,-88,/dev/serial/by-path/pci-0000:05:00.3-usb-0:2.1.1:1.0-port0
1790755201.0733,A,607,38536,-87,/dev/serial/by-path/pci-0000:05:00.3-usb-0:2.1.1:1.0-port0
1790755201.0913,B,653,38551,-75,/dev/serial/by-path/pci-0000:05:00.3-usb-0:2.1.2:1.0-port0
1790755201.0916,C,691,38549,-75,/dev/serial/by-path/pci-0000:05:00.3-usb-0:2.1.3:1.0-port0
1790755201.1225,C,692,38580,-74,/dev/serial/by-path/pci-0000:05:00.3-usb-0:2.1.3:1.0-port0
1790755201.1372,B,654,38597,-78,/dev/serial/by-path/pci-0000:05:00.3-usb-0:2.1.2:1.0-port0
1790755201.1704,A,608,38634,-92,/dev/serial/by-path/pci-0000:05:00.3-usb-0:2.1.1:1.0-port0
1790755201.1779,C,693,38636,-73,/dev/serial/by-path/pci-0000:05:00.3-usb-0:2.1.3:1.0-port0
1790755201.1781,B,655,38637,-74,/dev/serial/by-path/pci-0000:05:00.3-usb-0:2.1.2:1.0-port0
1790755201.2106,C,694,38669,-73,/dev/serial/by-path/pci-0000:05:00.3-usb-0:2.1.3:1.0-port0
1790755201.2110,B,656,38671,-75,/dev/serial/by-path/pci-0000:05:00.3-usb-0:2.1.2:1.0-port0
1790755201.2226,A,609,38686,-86,/dev/serial/by-path/pci-0000:05:00.3-usb-0:2.1.1:1.0-port0
1790755201.2551,B,657,38715,-76,/dev/serial/by-path/pci-0000:05:00.3-usb-0:2.1.2:1.0-port0
1790755201.2572,C,695,38715,-74,/dev/serial/by-path/pci-0000:05:00.3-usb-0:2.1.3:1.0-port0
1790755201.2732,A,610,38736,-84,/dev/serial/by-path/pci-0000:05:00.3-usb-0:2.1.1:1.0-port0
1790755201.3014,B,658,38761,-73,/dev/serial/by-path/pci-0000:05:00.3-usb-0:2.1.2:1.0-port0
1790755201.3146,C,696,38773,-74,/dev/serial/by-path/pci-0000:05:00.3-usb-0:2.1.3:1.0-port0
1790755201.3652,C,697,38823,-72,/dev/serial/by-path/pci-0000:05:00.3-usb-0:2.1.3:1.0-port0
1790755201.3733,A,611,38836,-82,/dev/serial/by-path/pci-0000:05:00.3-usb-0:2.1.1:1.0-port0
1790755201.3786,B,659,38838,-74,/dev/serial/by-path/pci-0000:05:00.3-usb-0:2.1.2:1.0-port0
1790755201.3990,B,660,38859,-73,/dev/serial/by-path/pci-0000:05:00.3-usb-0:2.1.2:1.0-port0
1790755201.4403,B,661,38900,-74,/dev/serial/by-path/pci-0000:05:00.3-usb-0:2.1.2:1.0-port0
1790755201.4407,A,612,38903,-93,/dev/serial/by-path/pci-0000:05:00.3-usb-0:2.1.1:1.0-port0
1790755201.4460,C,698,38904,-72,/dev/serial/by-path/pci-0000:05:00.3-usb-0:2.1.3:1.0-port0
1790755201.5341,B,662,38994,-75,/dev/serial/by-path/pci-0000:05:00.3-usb-0:2.1.2:1.0-port0
1790755201.5639,C,699,39023,-73,/dev/serial/by-path/pci-0000:05:00.3-usb-0:2.1.3:1.0-port0
1790755201.5723,A,613,39036,-82,/dev/serial/by-path/pci-0000:05:00.3-usb-0:2.1.1:1.0-port0
1790755201.5820,B,663,39042,-73,/dev/serial/by-path/pci-0000:05:00.3-usb-0:2.1.2:1.0-port0
1790755201.6080,C,700,39066,-73,/dev/serial/by-path/pci-0000:05:00.3-usb-0:2.1.3:1.0-port0
1790755201.6094,A,614,39072,-93,/dev/serial/by-path/pci-0000:05:00.3-usb-0:2.1.1:1.0-port0
1790755201.6744,B,664,39134,-74,/dev/serial/by-path/pci-0000:05:00.3-usb-0:2.1.2:1.0-port0
1790755201.7017,C,701,39159,-73,/dev/serial/by-path/pci-0000:05:00.3-usb-0:2.1.3:1.0-port0
1790755201.7151,B,665,39175,-75,/dev/serial/by-path/pci-0000:05:00.3-usb-0:2.1.2:1.0-port0
1790755201.7168,A,615,39180,-79,/dev/serial/by-path/pci-0000:05:00.3-usb-0:2.1.1:1.0-port0
1790755201.7657,B,666,39225,-76,/dev/serial/by-path/pci-0000:05:00.3-usb-0:2.1.2:1.0-port0
1790755201.8181,B,667,39278,-73,/dev/serial/by-path/pci-0000:05:00.3-usb-0:2.1.2:1.0-port0
1790755201.8593,B,668,39319,-75,/dev/serial/by-path/pci-0000:05:00.3-usb-0:2.1.2:1.0-port0
1790755201.8611,C,702,39319,-74,/dev/serial/by-path/pci-0000:05:00.3-usb-0:2.1.3:1.0-port0
1790755201.8656,A,616,39329,-82,/dev/serial/by-path/pci-0000:05:00.3-usb-0:2.1.1:1.0-port0
1790755201.9147,C,703,39373,-75,/dev/serial/by-path/pci-0000:05:00.3-usb-0:2.1.3:1.0-port0
1790755201.9227,A,617,39386,-91,/dev/serial/by-path/pci-0000:05:00.3-usb-0:2.1.1:1.0-port0
1790755201.9665,B,669,39426,-73,/dev/serial/by-path/pci-0000:05:00.3-usb-0:2.1.2:1.0-port0
1790755202.0151,C,704,39473,-74,/dev/serial/by-path/pci-0000:05:00.3-usb-0:2.1.3:1.0-port0
1790755202.0176,A,618,39481,-81,/dev/serial/by-path/pci-0000:05:00.3-usb-0:2.1.1:1.0-port0
1790755202.0325,C,705,39490,-75,/dev/serial/by-path/pci-0000:05:00.3-usb-0:2.1.3:1.0-port0
1790755202.0326,B,670,39492,-76,/dev/serial/by-path/pci-0000:05:00.3-usb-0:2.1.2:1.0-port0
1790755202.0329,A,619,39495,-91,/dev/serial/by-path/pci-0000:05:00.3-usb-0:2.1.1:1.0-port0
1790755202.1322,B,671,39592,-72,/dev/serial/by-path/pci-0000:05:00.3-usb-0:2.1.2:1.0-port0
