t_pc,id,seq,ms,rssi,port
1790755646.7206,A,0,985,-72,/dev/serial/by-path/pci-0000:05:00.3-usb-0:2.1.1:1.0-port0
1790755646.7655,A,1,1030,-65,/dev/serial/by-path/pci-0000:05:00.3-usb-0:2.1.1:1.0-port0
1790755646.8100,A,2,1075,-67,/dev/serial/by-path/pci-0000:05:00.3-usb-0:2.1.1:1.0-port0
1790755646.8686,A,3,1133,-66,/dev/serial/by-path/pci-0000:05:00.3-usb-0:2.1.1:1.0-port0
1790755646.9412,A,4,1206,-62,/dev/serial/by-path/pci-0000:05:00.3-usb-0:2.1.1:1.0-port0
1790755646.9662,A,5,1231,-62,/dev/serial/by-path/pci-0000:05:00.3-usb-0:2.1.1:1.0-port0
1790755647.1302,A,6,1395,-58,/dev/serial/by-path/pci-0000:05:00.3-usb-0:2.1.1:1.0-port0
1790755647.1554,C,0,1414,-68,/dev/serial/by-path/pci-0000:05:00.3-usb-0:2.1.3:1.0-port0
1790755647.1555,B,0,1415,-67,/dev/serial/by-path/pci-0000:05:00.3-usb-0:2.1.2:1.0-port0
1790755647.1739,C,1,1433,-68,/dev/serial/by-path/pci-0000:05:00.3-usb-0:2.1.3:1.0-port0
1790755647.1744,A,7,1438,-62,/dev/serial/by-path/pci-0000:05:00.3-usb-0:2.1.1:1.0-port0
1790755647.2134,B,1,1473,-62,/dev/serial/by-path/pci-0000:05:00.3-usb-0:2.1.2:1.0-port0
1790755647.2160,A,8,1481,-57,/dev/serial/by-path/pci-0000:05:00.3-usb-0:2.1.1:1.0-port0
1790755647.2164,C,2,1476,-68,/dev/serial/by-path/pci-0000:05:00.3-usb-0:2.1.3:1.0-port0
1790755647.2617,A,9,1526,-59,/dev/serial/by-path/pci-0000:05:00.3-usb-0:2.1.1:1.0-port0
1790755647.3009,B,2,1561,-68,/dev/serial/by-path/pci-0000:05:00.3-usb-0:2.1.2:1.0-port0
1790755647.3055,C,3,1564,-67,/dev/serial/by-path/pci-0000:05:00.3-usb-0:2.1.3:1.0-port0
1790755647.3057,A,10,1570,-61,/dev/serial/by-path/pci-0000:05:00.3-usb-0:2.1.1:1.0-port0
1790755647.3498,C,4,1609,-72,/dev/serial/by-path/pci-0000:05:00.3-usb-0:2.1.3:1.0-port0
1790755647.3501,B,3,1610,-62,/dev/serial/by-path/pci-0000:05:00.3-usb-0:2.1.2:1.0-port0
1790755647.3507,A,11,1616,-59,/dev/serial/by-path/pci-0000:05:00.3-usb-0:2.1.1:1.0-port0
1790755647.3961,B,4,1656,-67,/dev/serial/by-path/pci-0000:05:00.3-usb-0:2.1.2:1.0-port0
1790755647.4167,C,5,1676,-70,/dev/serial/by-path/pci-0000:05:00.3-usb-0:2.1.3:1.0-port0
1790755647.4405,C,6,1699,-68,/dev/serial/by-path/pci-0000:05:00.3-usb-0:2.1.3:1.0-port0
1790755647.4409,A,12,1706,-61,/dev/serial/by-path/pci-0000:05:00.3-usb-0:2.1.1:1.0-port0
1790755647.4871,A,13,1752,-64,/dev/serial/by-path/pci-0000:05:00.3-usb-0:2.1.1:1.0-port0
1790755647.4876,C,7,1746,-67,/dev/serial/by-path/pci-0000:05:00.3-usb-0:2.1.3:1.0-port0
1790755647.4878,B,5,1748,-66,/dev/serial/by-path/pci-0000:05:00.3-usb-0:2.1.2:1.0-port0
1790755647.5377,A,14,1802,-62,/dev/serial/by-path/pci-0000:05:00.3-usb-0:2.1.1:1.0-port0
1790755647.5634,B,6,1823,-69,/dev/serial/by-path/pci-0000:05:00.3-usb-0:2.1.2:1.0-port0
1790755647.5674,C,8,1826,-67,/dev/serial/by-path/pci-0000:05:00.3-usb-0:2.1.3:1.0-port0
1790755647.5853,B,7,1845,-69,/dev/serial/by-path/pci-0000:05:00.3-usb-0:2.1.2:1.0-port0
1790755647.5855,C,9,1844,-67,/dev/serial/by-path/pci-0000:05:00.3-usb-0:2.1.3:1.0-port0
1790755647.5872,A,15,1851,-61,/dev/serial/by-path/pci-0000:05:00.3-usb-0:2.1.1:1.0-port0
1790755647.6288,C,10,1887,-71,/dev/serial/by-path/pci-0000:05:00.3-usb-0:2.1.3:1.0-port0
1790755647.6291,B,8,1889,-67,/dev/serial/by-path/pci-0000:05:00.3-usb-0:2.1.2:1.0-port0
1790755647.6347,A,16,1899,-64,/dev/serial/by-path/pci-0000:05:00.3-usb-0:2.1.1:1.0-port0
1790755647.6818,B,9,1941,-70,/dev/serial/by-path/pci-0000:05:00.3-usb-0:2.1.2:1.0-port0
1790755647.6819,C,11,1940,-67,/dev/serial/by-path/pci-0000:05:00.3-usb-0:2.1.3:1.0-port0
1790755647.6894,A,17,1953,-66,/dev/serial/by-path/pci-0000:05:00.3-usb-0:2.1.1:1.0-port0
1790755647.7168,C,12,1976,-68,/dev/serial/by-path/pci-0000:05:00.3-usb-0:2.1.3:1.0-port0
1790755647.7253,A,18,1990,-64,/dev/serial/by-path/pci-0000:05:00.3-usb-0:2.1.1:1.0-port0
1790755647.7634,B,10,2023,-69,/dev/serial/by-path/pci-0000:05:00.3-usb-0:2.1.2:1.0-port0
1790755647.7675,C,13,2026,-70,/dev/serial/by-path/pci-0000:05:00.3-usb-0:2.1.3:1.0-port0
1790755647.7744,A,19,2039,-67,/dev/serial/by-path/pci-0000:05:00.3-usb-0:2.1.1:1.0-port0
1790755647.8037,B,11,2064,-67,/dev/serial/by-path/pci-0000:05:00.3-usb-0:2.1.2:1.0-port0
1790755647.8042,C,14,2063,-77,/dev/serial/by-path/pci-0000:05:00.3-usb-0:2.1.3:1.0-port0
1790755647.8045,A,20,2068,-66,/dev/serial/by-path/pci-0000:05:00.3-usb-0:2.1.1:1.0-port0
1790755647.8508,C,15,2109,-69,/dev/serial/by-path/pci-0000:05:00.3-usb-0:2.1.3:1.0-port0
1790755647.8512,A,21,2116,-65,/dev/serial/by-path/pci-0000:05:00.3-usb-0:2.1.1:1.0-port0
1790755647.8636,B,12,2123,-74,/dev/serial/by-path/pci-0000:05:00.3-usb-0:2.1.2:1.0-port0
1790755647.9329,A,22,2197,-68,/dev/serial/by-path/pci-0000:05:00.3-usb-0:2.1.1:1.0-port0
1790755647.9334,B,13,2193,-66,/dev/serial/by-path/pci-0000:05:00.3-usb-0:2.1.2:1.0-port0
1790755647.9337,C,16,2192,-84,/dev/serial/by-path/pci-0000:05:00.3-usb-0:2.1.3:1.0-port0
1790755647.9797,B,14,2240,-74,/dev/serial/by-path/pci-0000:05:00.3-usb-0:2.1.2:1.0-port0
1790755647.9924,C,17,2251,-70,/dev/serial/by-path/pci-0000:05:00.3-usb-0:2.1.3:1.0-port0
1790755648.0232,A,23,2287,-62,/dev/serial/by-path/pci-0000:05:00.3-usb-0:2.1.1:1.0-port0
1790755648.0329,C,18,2291,-73,/dev/serial/by-path/pci-0000:05:00.3-usb-0:2.1.3:1.0-port0
1790755648.0454,B,15,2305,-69,/dev/serial/by-path/pci-0000:05:00.3-usb-0:2.1.2:1.0-port0
1790755648.0650,C,19,2324,-72,/dev/serial/by-path/pci-0000:05:00.3-usb-0:2.1.3:1.0-port0
1790755648.0654,A,24,2330,-66,/dev/serial/by-path/pci-0000:05:00.3-usb-0:2.1.1:1.0-port0
1790755648.1117,A,25,2376,-66,/dev/serial/by-path/pci-0000:05:00.3-usb-0:2.1.1:1.0-port0
1790755648.1153,B,16,2374,-68,/dev/serial/by-path/pci-0000:05:00.3-usb-0:2.1.2:1.0-port0
1790755648.1164,C,20,2376,-72,/dev/serial/by-path/pci-0000:05:00.3-usb-0:2.1.3:1.0-port0
1790755648.1552,B,17,2415,-88,/dev/serial/by-path/pci-0000:05:00.3-usb-0:2.1.2:1.0-port0
1790755648.1554,C,21,2414,-76,/dev/serial/by-path/pci-0000:05:00.3-usb-0:2.1.3:1.0-port0
1790755648.1558,A,26,2420,-62,/dev/serial/by-path/pci-0000:05:00.3-usb-0:2.1.1:1.0-port0
1790755648.1984,B,18,2458,-70,/dev/serial/by-path/pci-0000:05:00.3-usb-0:2.1.2:1.0-port0
1790755648.1987,C,22,2458,-73,/dev/serial/by-path/pci-0000:05:00.3-usb-0:2.1.3:1.0-port0
1790755648.2013,A,27,2466,-66,/dev/serial/by-path/pci-0000:05:00.3-usb-0:2.1.1:1.0-port0
1790755648.2495,C,23,2508,-73,/dev/serial/by-path/pci-0000:05:00.3-usb-0:2.1.3:1.0-port0
1790755648.2558,A,28,2520,-68,/dev/serial/by-path/pci-0000:05:00.3-usb-0:2.1.1:1.0-port0
1790755648.2636,B,19,2524,-66,/dev/serial/by-path/pci-0000:05:00.3-usb-0:2.1.2:1.0-port0
1790755648.2914,A,29,2556,-68,/dev/serial/by-path/pci-0000:05:00.3-usb-0:2.1.1:1.0-port0
1790755648.3077,C,24,2566,-71,/dev/serial/by-path/pci-0000:05:00.3-usb-0:2.1.3:1.0-port0
1790755648.3383,C,25,2597,-77,/dev/serial/by-path/pci-0000:05:00.3-usb-0:2.1.3:1.0-port0
1790755648.3413,A,30,2606,-61,/dev/serial/by-path/pci-0000:05:00.3-usb-0:2.1.1:1.0-port0
1790755648.3527,B,20,2613,-69,/dev/serial/by-path/pci-0000:05:00.3-usb-0:2.1.2:1.0-port0
1790755648.3876,C,26,2646,-72,/dev/serial/by-path/pci-0000:05:00.3-usb-0:2.1.3:1.0-port0
1790755648.3880,B,21,2648,-65,/dev/serial/by-path/pci-0000:05:00.3-usb-0:2.1.2:1.0-port0
1790755648.3918,A,31,2656,-67,/dev/serial/by-path/pci-0000:05:00.3-usb-0:2.1.1:1.0-port0
1790755648.4337,A,32,2698,-67,/dev/serial/by-path/pci-0000:05:00.3-usb-0:2.1.1:1.0-port0
1790755648.4533,C,27,2712,-71,/dev/serial/by-path/pci-0000:05:00.3-usb-0:2.1.3:1.0-port0
1790755648.4600,B,22,2720,-86,/dev/serial/by-path/pci-0000:05:00.3-usb-0:2.1.2:1.0-port0
1790755648.4808,B,23,2741,-67,/dev/serial/by-path/pci-0000:05:00.3-usb-0:2.1.2:1.0-port0
1790755648.4809,C,28,2739,-81,/dev/serial/by-path/pci-0000:05:00.3-usb-0:2.1.3:1.0-port0
1790755648.4838,A,33,2747,-59,/dev/serial/by-path/pci-0000:05:00.3-usb-0:2.1.1:1.0-port0
1790755648.5242,A,34,2788,-68,/dev/serial/by-path/pci-0000:05:00.3-usb-0:2.1.1:1.0-port0
1790755648.5400,B,24,2800,-63,/dev/serial/by-path/pci-0000:05:00.3-usb-0:2.1.2:1.0-port0
1790755648.5404,C,29,2799,-69,/dev/serial/by-path/pci-0000:05:00.3-usb-0:2.1.3:1.0-port0
1790755648.5892,C,30,2848,-68,/dev/serial/by-path/pci-0000:05:00.3-usb-0:2.1.3:1.0-port0
1790755648.5896,B,25,2849,-76,/dev/serial/by-path/pci-0000:05:00.3-usb-0:2.1.2:1.0-port0
1790755648.5916,A,35,2856,-63,/dev/serial/by-path/pci-0000:05:00.3-usb-0:2.1.1:1.0-port0
1790755648.6116,B,26,2872,-78,/dev/serial/by-path/pci-0000:05:00.3-usb-0:2.1.2:1.0-port0
1790755648.6121,A,36,2876,-57,/dev/serial/by-path/pci-0000:05:00.3-usb-0:2.1.1:1.0-port0
1790755648.6123,C,31,2870,-68,/dev/serial/by-path/pci-0000:05:00.3-usb-0:2.1.3:1.0-port0
1790755648.6513,B,27,2911,-66,/dev/serial/by-path/pci-0000:05:00.3-usb-0:2.1.2:1.0-port0
1790755648.6637,A,37,2928,-66,/dev/serial/by-path/pci-0000:05:00.3-usb-0:2.1.1:1.0-port0
1790755648.6641,C,32,2922,-73,/dev/serial/by-path/pci-0000:05:00.3-usb-0:2.1.3:1.0-port0
1790755648.6928,A,38,2956,-66,/dev/serial/by-path/pci-0000:05:00.3-usb-0:2.1.1:1.0-port0
1790755648.7136,B,28,2973,-66,/dev/serial/by-path/pci-0000:05:00.3-usb-0:2.1.2:1.0-port0
1790755648.7386,B,29,2998,-77,/dev/serial/by-path/pci-0000:05:00.3-usb-0:2.1.2:1.0-port0
1790755648.7418,A,39,3006,-62,/dev/serial/by-path/pci-0000:05:00.3-usb-0:2.1.1:1.0-port0
1790755648.7484,C,33,3007,-70,/dev/serial/by-path/pci-0000:05:00.3-usb-0:2.1.3:1.0-port0
1790755648.7814,C,34,3040,-72,/dev/serial/by-path/pci-0000:05:00.3-usb-0:2.1.3:1.0-port0
1790755648.7815,B,30,3041,-66,/dev/serial/by-path/pci-0000:05:00.3-usb-0:2.1.2:1.0-port0
1790755648.7820,A,40,3046,-56,/dev/serial/by-path/pci-0000:05:00.3-usb-0:2.1.1:1.0-port0
1790755648.8422,A,41,3106,-67,/dev/serial/by-path/pci-0000:05:00.3-usb-0:2.1.1:1.0-port0
1790755648.8632,B,31,3123,-64,/dev/serial/by-path/pci-0000:05:00.3-usb-0:2.1.2:1.0-port0
1790755648.8765,A,42,3141,-63,/dev/serial/by-path/pci-0000:05:00.3-usb-0:2.1.1:1.0-port0
1790755648.8771,B,32,3137,-82,/dev/serial/by-path/pci-0000:05:00.3-usb-0:2.1.2:1.0-port0
1790755648.8772,C,35,3136,-71,/dev/serial/by-path/pci-0000:05:00.3-usb-0:2.1.3:1.0-port0
1790755648.9230,A,43,3187,-57,/dev/serial/by-path/pci-0000:05:00.3-usb-0:2.1.1:1.0-port0
1790755648.9287,C,36,3187,-77,/dev/serial/by-path/pci-0000:05:00.3-usb-0:2.1.3:1.0-port0
1790755648.9291,B,33,3188,-67,/dev/serial/by-path/pci-0000:05:00.3-usb-0:2.1.2:1.0-port0
1790755648.9636,B,34,3223,-67,/dev/serial/by-path/pci-0000:05:00.3-usb-0:2.1.2:1.0-port0
1790755648.9668,C,37,3226,-78,/dev/serial/by-path/pci-0000:05:00.3-usb-0:2.1.3:1.0-port0
1790755648.9742,A,44,3238,-68,/dev/serial/by-path/pci-0000:05:00.3-usb-0:2.1.1:1.0-port0
1790755649.0067,A,45,3271,-62,/dev/serial/by-path/pci-0000:05:00.3-usb-0:2.1.1:1.0-port0
1790755649.0516,C,38,3310,-71,/dev/serial/by-path/pci-0000:05:00.3-usb-0:2.1.3:1.0-port0
1790755649.0520,B,35,3312,-82,/dev/serial/by-path/pci-0000:05:00.3-usb-0:2.1.2:1.0-port0
1790755649.0916,C,39,3350,-87,/dev/serial/by-path/pci-0000:05:00.3-usb-0:2.1.3:1.0-port0
1790755649.0918,A,46,3356,-57,/dev/serial/by-path/pci-0000:05:00.3-usb-0:2.1.1:1.0-port0
1790755649.0922,B,36,3352,-68,/dev/serial/by-path/pci-0000:05:00.3-usb-0:2.1.2:1.0-port0
1790755649.1375,B,37,3396,-68,/dev/serial/by-path/pci-0000:05:00.3-usb-0:2.1.2:1.0-port0
1790755649.1736,A,47,3438,-65,/dev/serial/by-path/pci-0000:05:00.3-usb-0:2.1.1:1.0-port0
1790755649.2201,A,48,3484,-58,/dev/serial/by-path/pci-0000:05:00.3-usb-0:2.1.1:1.0-port0
1790755649.2377,B,38,3498,-68,/dev/serial/by-path/pci-0000:05:00.3-usb-0:2.1.2:1.0-port0
1790755649.2627,C,40,3521,-92,/dev/serial/by-path/pci-0000:05:00.3-usb-0:2.1.3:1.0-port0
1790755649.2638,B,39,3524,-68,/dev/serial/by-path/pci-0000:05:00.3-usb-0:2.1.2:1.0-port0
1790755649.2708,A,49,3535,-71,/dev/serial/by-path/pci-0000:05:00.3-usb-0:2.1.1:1.0-port0
1790755649.3486,C,41,3607,-69,/dev/serial/by-path/pci-0000:05:00.3-usb-0:2.1.3:1.0-port0
1790755649.3897,A,50,3654,-57,/dev/serial/by-path/pci-0000:05:00.3-usb-0:2.1.1:1.0-port0
1790755649.3897,A,51,3655,-58,/dev/serial/by-path/pci-0000:05:00.3-usb-0:2.1.1:1.0-port0
1790755649.3927,B,40,3653,-69,/dev/serial/by-path/pci-0000:05:00.3-usb-0:2.1.2:1.0-port0
1790755649.4372,A,52,3701,-71,/dev/serial/by-path/pci-0000:05:00.3-usb-0:2.1.1:1.0-port0
1790755649.4565,B,41,3717,-67,/dev/serial/by-path/pci-0000:05:00.3-usb-0:2.1.2:1.0-port0
1790755649.4581,C,42,3717,-74,/dev/serial/by-path/pci-0000:05:00.3-usb-0:2.1.3:1.0-port0
1790755649.4838,A,53,3748,-65,/dev/serial/by-path/pci-0000:05:00.3-usb-0:2.1.1:1.0-port0
1790755649.5108,B,42,3771,-93,/dev/serial/by-path/pci-0000:05:00.3-usb-0:2.1.2:1.0-port0
1790755649.5176,C,43,3776,-69,/dev/serial/by-path/pci-0000:05:00.3-usb-0:2.1.3:1.0-port0
1790755649.5415,A,54,3806,-58,/dev/serial/by-path/pci-0000:05:00.3-usb-0:2.1.1:1.0-port0
1790755649.5433,B,43,3803,-71,/dev/serial/by-path/pci-0000:05:00.3-usb-0:2.1.2:1.0-port0
1790755649.5615,C,44,3820,-82,/dev/serial/by-path/pci-0000:05:00.3-usb-0:2.1.3:1.0-port0
1790755649.5617,B,44,3821,-71,/dev/serial/by-path/pci-0000:05:00.3-usb-0:2.1.2:1.0-port0
1790755649.5621,A,55,3827,-70,/dev/serial/by-path/pci-0000:05:00.3-usb-0:2.1.1:1.0-port0
1790755649.6095,B,45,3869,-68,/dev/serial/by-path/pci-0000:05:00.3-usb-0:2.1.2:1.0-port0
1790755649.6170,C,45,3876,-76,/dev/serial/by-path/pci-0000:05:00.3-usb-0:2.1.3:1.0-port0
1790755649.6189,A,56,3883,-66,/dev/serial/by-path/pci-0000:05:00.3-usb-0:2.1.1:1.0-port0
1790755649.6601,C,46,3919,-69,/dev/serial/by-path/pci-0000:05:00.3-usb-0:2.1.3:1.0-port0
1790755649.6928,A,57,3956,-60,/dev/serial/by-path/pci-0000:05:00.3-usb-0:2.1.1:1.0-port0
1790755649.6992,A,58,3963,-69,/dev/serial/by-path/pci-0000:05:00.3-usb-0:2.1.1:1.0-port0
1790755649.6995,B,46,3959,-72,/dev/serial/by-path/pci-0000:05:00.3-usb-0:2.1.2:1.0-port0
1790755649.6996,C,47,3957,-77,/dev/serial/by-path/pci-0000:05:00.3-usb-0:2.1.3:1.0-port0
1790755649.7392,A,59,4003,-68,/dev/serial/by-path/pci-0000:05:00.3-usb-0:2.1.1:1.0-port0
1790755649.7542,B,47,4014,-69,/dev/serial/by-path/pci-0000:05:00.3-usb-0:2.1.2:1.0-port0
1790755649.7546,C,48,4013,-73,/dev/serial/by-path/pci-0000:05:00.3-usb-0:2.1.3:1.0-port0
1790755649.7814,A,60,4045,-67,/dev/serial/by-path/pci-0000:05:00.3-usb-0:2.1.1:1.0-port0
1790755649.7815,C,49,4040,-71,/dev/serial/by-path/pci-0000:05:00.3-usb-0:2.1.3:1.0-port0
1790755649.8247,C,50,4083,-74,/dev/serial/by-path/pci-0000:05:00.3-usb-0:2.1.3:1.0-port0
1790755649.8268,B,48,4087,-72,/dev/serial/by-path/pci-0000:05:00.3-usb-0:2.1.2:1.0-port0
1790755649.8415,A,61,4106,-59,/dev/serial/by-path/pci-0000:05:00.3-usb-0:2.1.1:1.0-port0
1790755649.8707,B,49,4131,-70,/dev/serial/by-path/pci-0000:05:00.3-usb-0:2.1.2:1.0-port0
1790755649.8712,A,62,4135,-67,/dev/serial/by-path/pci-0000:05:00.3-usb-0:2.1.1:1.0-port0
1790755649.8731,C,51,4132,-72,/dev/serial/by-path/pci-0000:05:00.3-usb-0:2.1.3:1.0-port0
1790755649.9130,B,50,4173,-71,/dev/serial/by-path/pci-0000:05:00.3-usb-0:2.1.2:1.0-port0
1790755649.9172,C,52,4176,-73,/dev/serial/by-path/pci-0000:05:00.3-usb-0:2.1.3:1.0-port0
1790755649.9303,A,63,4195,-65,/dev/serial/by-path/pci-0000:05:00.3-usb-0:2.1.1:1.0-port0
1790755649.9656,A,64,4230,-61,/dev/serial/by-path/pci-0000:05:00.3-usb-0:2.1.1:1.0-port0
1790755650.0138,B,51,4274,-70,/dev/serial/by-path/pci-0000:05:00.3-usb-0:2.1.2:1.0-port0
1790755650.0177,C,53,4276,-70,/dev/serial/by-path/pci-0000:05:00.3-usb-0:2.1.3:1.0-port0
1790755650.0386,A,65,4303,-65,/dev/serial/by-path/pci-0000:05:00.3-usb-0:2.1.1:1.0-port0
1790755650.0480,C,54,4306,-69,/dev/serial/by-path/pci-0000:05:00.3-usb-0:2.1.3:1.0-port0
1790755650.0499,B,52,4310,-72,/dev/serial/by-path/pci-0000:05:00.3-usb-0:2.1.2:1.0-port0
1790755650.0510,A,66,4315,-63,/dev/serial/by-path/pci-0000:05:00.3-usb-0:2.1.1:1.0-port0
1790755650.0901,A,67,4354,-63,/dev/serial/by-path/pci-0000:05:00.3-usb-0:2.1.1:1.0-port0
1790755650.0986,B,53,4358,-86,/dev/serial/by-path/pci-0000:05:00.3-usb-0:2.1.2:1.0-port0
1790755650.0991,C,55,4357,-83,/dev/serial/by-path/pci-0000:05:00.3-usb-0:2.1.3:1.0-port0
1790755650.1382,C,56,4397,-67,/dev/serial/by-path/pci-0000:05:00.3-usb-0:2.1.3:1.0-port0
1790755650.1386,B,54,4397,-69,/dev/serial/by-path/pci-0000:05:00.3-usb-0:2.1.2:1.0-port0
1790755650.1414,A,68,4406,-61,/dev/serial/by-path/pci-0000:05:00.3-usb-0:2.1.1:1.0-port0
1790755650.1823,C,57,4439,-67,/dev/serial/by-path/pci-0000:05:00.3-usb-0:2.1.3:1.0-port0
1790755650.1921,A,69,4456,-64,/dev/serial/by-path/pci-0000:05:00.3-usb-0:2.1.1:1.0-port0
1790755650.2000,B,55,4460,-72,/dev/serial/by-path/pci-0000:05:00.3-usb-0:2.1.2:1.0-port0
1790755650.2213,A,70,4485,-65,/dev/serial/by-path/pci-0000:05:00.3-usb-0:2.1.1:1.0-port0
1790755650.2401,C,58,4498,-84,/dev/serial/by-path/pci-0000:05:00.3-usb-0:2.1.3:1.0-port0
1790755650.2642,C,59,4523,-86,/dev/serial/by-path/pci-0000:05:00.3-usb-0:2.1.3:1.0-port0
1790755650.2643,B,56,4524,-82,/dev/serial/by-path/pci-0000:05:00.3-usb-0:2.1.2:1.0-port0
1790755650.2659,A,71,4530,-62,/dev/serial/by-path/pci-0000:05:00.3-usb-0:2.1.1:1.0-port0
1790755650.3029,A,72,4567,-65,/dev/serial/by-path/pci-0000:05:00.3-usb-0:2.1.1:1.0-port0
1790755650.3033,B,57,4563,-69,/dev/serial/by-path/pci-0000:05:00.3-usb-0:2.1.2:1.0-port0
1790755650.3086,C,60,4567,-66,/dev/serial/by-path/pci-0000:05:00.3-usb-0:2.1.3:1.0-port0
1790755650.3465,C,61,4605,-68,/dev/serial/by-path/pci-0000:05:00.3-usb-0:2.1.3:1.0-port0
1790755650.3504,A,73,4615,-67,/dev/serial/by-path/pci-0000:05:00.3-usb-0:2.1.1:1.0-port0
1790755650.3637,B,58,4623,-83,/dev/serial/by-path/pci-0000:05:00.3-usb-0:2.1.2:1.0-port0
1790755650.3955,B,59,4655,-77,/dev/serial/by-path/pci-0000:05:00.3-usb-0:2.1.2:1.0-port0
1790755650.4171,C,62,4676,-73,/dev/serial/by-path/pci-0000:05:00.3-usb-0:2.1.3:1.0-port0
1790755650.4331,A,74,4697,-61,/dev/serial/by-path/pci-0000:05:00.3-usb-0:2.1.1:1.0-port0
1790755650.4405,B,60,4700,-69,/dev/serial/by-path/pci-0000:05:00.3-usb-0:2.1.2:1.0-port0
1790755650.4407,C,63,4699,-68,/dev/serial/by-path/pci-0000:05:00.3-usb-0:2.1.3:1.0-port0
1790755650.4425,A,75,4706,-60,/dev/serial/by-path/pci-0000:05:00.3-usb-0:2.1.1:1.0-port0
1790755650.4836,B,61,4743,-68,/dev/serial/by-path/pci-0000:05:00.3-usb-0:2.1.2:1.0-port0
1790755650.4840,C,64,4742,-71,/dev/serial/by-path/pci-0000:05:00.3-usb-0:2.1.3:1.0-port0
1790755650.4915,A,76,4756,-69,/dev/serial/by-path/pci-0000:05:00.3-usb-0:2.1.1:1.0-port0
1790755650.5286,A,77,4793,-67,/dev/serial/by-path/pci-0000:05:00.3-usb-0:2.1.1:1.0-port0
1790755650.5289,B,62,4788,-77,/dev/serial/by-path/pci-0000:05:00.3-usb-0:2.1.2:1.0-port0
1790755650.5293,C,65,4787,-74,/dev/serial/by-path/pci-0000:05:00.3-usb-0:2.1.3:1.0-port0
1790755650.5726,A,78,4837,-59,/dev/serial/by-path/pci-0000:05:00.3-usb-0:2.1.1:1.0-port0
1790755650.5775,C,66,4836,-66,/dev/serial/by-path/pci-0000:05:00.3-usb-0:2.1.3:1.0-port0
1790755650.6138,C,67,4872,-66,/dev/serial/by-path/pci-0000:05:00.3-usb-0:2.1.3:1.0-port0
1790755650.6142,B,63,4874,-66,/dev/serial/by-path/pci-0000:05:00.3-usb-0:2.1.2:1.0-port0
1790755650.6319,A,79,4896,-65,/dev/serial/by-path/pci-0000:05:00.3-usb-0:2.1.1:1.0-port0
1790755650.6592,B,64,4919,-69,/dev/serial/by-path/pci-0000:05:00.3-usb-0:2.1.2:1.0-port0
1790755650.6669,C,68,4926,-70,/dev/serial/by-path/pci-0000:05:00.3-usb-0:2.1.3:1.0-port0
1790755650.6675,A,80,4932,-64,/dev/serial/by-path/pci-0000:05:00.3-usb-0:2.1.1:1.0-port0
1790755650.7021,B,65,4962,-80,/dev/serial/by-path/pci-0000:05:00.3-usb-0:2.1.2:1.0-port0
1790755650.7025,C,69,4961,-77,/dev/serial/by-path/pci-0000:05:00.3-usb-0:2.1.3:1.0-port0
1790755650.7416,A,81,5006,-59,/dev/serial/by-path/pci-0000:05:00.3-usb-0:2.1.1:1.0-port0
1790755650.7638,B,66,5023,-65,/dev/serial/by-path/pci-0000:05:00.3-usb-0:2.1.2:1.0-port0
1790755650.7672,C,70,5026,-66,/dev/serial/by-path/pci-0000:05:00.3-usb-0:2.1.3:1.0-port0
1790755650.7856,B,67,5045,-73,/dev/serial/by-path/pci-0000:05:00.3-usb-0:2.1.2:1.0-port0
1790755650.8390,B,68,5099,-81,/dev/serial/by-path/pci-0000:05:00.3-usb-0:2.1.2:1.0-port0
1790755650.8395,C,71,5097,-78,/dev/serial/by-path/pci-0000:05:00.3-usb-0:2.1.3:1.0-port0
1790755650.8413,A,82,5105,-64,/dev/serial/by-path/pci-0000:05:00.3-usb-0:2.1.1:1.0-port0
1790755650.8764,B,69,5136,-64,/dev/serial/by-path/pci-0000:05:00.3-usb-0:2.1.2:1.0-port0
1790755650.8864,A,83,5151,-58,/dev/serial/by-path/pci-0000:05:00.3-usb-0:2.1.1:1.0-port0
1790755650.9114,C,72,5170,-64,/dev/serial/by-path/pci-0000:05:00.3-usb-0:2.1.3:1.0-port0
1790755650.9243,A,84,5188,-63,/dev/serial/by-path/pci-0000:05:00.3-usb-0:2.1.1:1.0-port0
1790755650.9259,B,70,5185,-68,/dev/serial/by-path/pci-0000:05:00.3-usb-0:2.1.2:1.0-port0
1790755650.9513,C,73,5210,-66,/dev/serial/by-path/pci-0000:05:00.3-usb-0:2.1.3:1.0-port0
1790755650.9743,A,85,5238,-62,/dev/serial/by-path/pci-0000:05:00.3-usb-0:2.1.1:1.0-port0
1790755650.9857,B,71,5246,-84,/dev/serial/by-path/pci-0000:05:00.3-usb-0:2.1.2:1.0-port0
1790755650.9862,C,74,5245,-84,/dev/serial/by-path/pci-0000:05:00.3-usb-0:2.1.3:1.0-port0
1790755651.0124,C,75,5271,-79,/dev/serial/by-path/pci-0000:05:00.3-usb-0:2.1.3:1.0-port0
1790755651.0128,B,72,5273,-85,/dev/serial/by-path/pci-0000:05:00.3-usb-0:2.1.2:1.0-port0
1790755651.0131,A,86,5278,-58,/dev/serial/by-path/pci-0000:05:00.3-usb-0:2.1.1:1.0-port0
1790755651.0591,A,87,5323,-63,/dev/serial/by-path/pci-0000:05:00.3-usb-0:2.1.1:1.0-port0
1790755651.0593,B,73,5318,-65,/dev/serial/by-path/pci-0000:05:00.3-usb-0:2.1.2:1.0-port0
1790755651.0672,C,76,5326,-64,/dev/serial/by-path/pci-0000:05:00.3-usb-0:2.1.3:1.0-port0
1790755651.1068,A,88,5371,-62,/dev/serial/by-path/pci-0000:05:00.3-usb-0:2.1.1:1.0-port0
1790755651.1072,B,74,5366,-67,/dev/serial/by-path/pci-0000:05:00.3-usb-0:2.1.2:1.0-port0
1790755651.1175,C,77,5376,-65,/dev/serial/by-path/pci-0000:05:00.3-usb-0:2.1.3:1.0-port0
1790755651.1506,C,78,5409,-71,/dev/serial/by-path/pci-0000:05:00.3-usb-0:2.1.3:1.0-port0
1790755651.1510,A,89,5415,-58,/dev/serial/by-path/pci-0000:05:00.3-usb-0:2.1.1:1.0-port0
1790755651.1513,B,75,5410,-84,/dev/serial/by-path/pci-0000:05:00.3-usb-0:2.1.2:1.0-port0
1790755651.1914,C,79,5449,-65,/dev/serial/by-path/pci-0000:05:00.3-usb-0:2.1.3:1.0-port0
1790755651.1918,A,90,5456,-57,/dev/serial/by-path/pci-0000:05:00.3-usb-0:2.1.1:1.0-port0
1790755651.1983,B,76,5458,-67,/dev/serial/by-path/pci-0000:05:00.3-usb-0:2.1.2:1.0-port0
1790755651.2313,A,91,5495,-63,/dev/serial/by-path/pci-0000:05:00.3-usb-0:2.1.1:1.0-port0
1790755651.2634,B,77,5523,-67,/dev/serial/by-path/pci-0000:05:00.3-usb-0:2.1.2:1.0-port0
1790755651.2667,C,80,5526,-65,/dev/serial/by-path/pci-0000:05:00.3-usb-0:2.1.3:1.0-port0
1790755651.2770,A,92,5541,-61,/dev/serial/by-path/pci-0000:05:00.3-usb-0:2.1.1:1.0-port0
1790755651.2774,C,81,5536,-72,/dev/serial/by-path/pci-0000:05:00.3-usb-0:2.1.3:1.0-port0
1790755651.3082,B,78,5568,-78,/dev/serial/by-path/pci-0000:05:00.3-usb-0:2.1.2:1.0-port0
1790755651.3157,C,82,5574,-72,/dev/serial/by-path/pci-0000:05:00.3-usb-0:2.1.3:1.0-port0
1790755651.3417,A,93,5606,-58,/dev/serial/by-path/pci-0000:05:00.3-usb-0:2.1.1:1.0-port0
1790755651.3636,C,83,5622,-67,/dev/serial/by-path/pci-0000:05:00.3-usb-0:2.1.3:1.0-port0
1790755651.3639,B,79,5623,-67,/dev/serial/by-path/pci-0000:05:00.3-usb-0:2.1.2:1.0-port0
1790755651.3838,A,94,5648,-62,/dev/serial/by-path/pci-0000:05:00.3-usb-0:2.1.1:1.0-port0
1790755651.4096,B,80,5670,-67,/dev/serial/by-path/pci-0000:05:00.3-usb-0:2.1.2:1.0-port0
1790755651.4152,A,95,5679,-61,/dev/serial/by-path/pci-0000:05:00.3-usb-0:2.1.1:1.0-port0
1790755651.4156,C,84,5674,-66,/dev/serial/by-path/pci-0000:05:00.3-usb-0:2.1.3:1.0-port0
1790755651.4584,C,85,5717,-72,/dev/serial/by-path/pci-0000:05:00.3-usb-0:2.1.3:1.0-port0
1790755651.4638,B,81,5723,-75,/dev/serial/by-path/pci-0000:05:00.3-usb-0:2.1.2:1.0-port0
1790755651.4683,A,96,5732,-58,/dev/serial/by-path/pci-0000:05:00.3-usb-0:2.1.1:1.0-port0
1790755651.5066,B,82,5766,-69,/dev/serial/by-path/pci-0000:05:00.3-usb-0:2.1.2:1.0-port0
1790755651.5160,C,86,5774,-96,/dev/serial/by-path/pci-0000:05:00.3-usb-0:2.1.3:1.0-port0
1790755651.5164,A,97,5780,-63,/dev/serial/by-path/pci-0000:05:00.3-usb-0:2.1.1:1.0-port0
1790755651.6041,A,98,5868,-58,/dev/serial/by-path/pci-0000:05:00.3-usb-0:2.1.1:1.0-port0
1790755651.6042,C,87,5862,-74,/dev/serial/by-path/pci-0000:05:00.3-usb-0:2.1.3:1.0-port0
1790755651.6046,B,83,5864,-71,/dev/serial/by-path/pci-0000:05:00.3-usb-0:2.1.2:1.0-port0
1790755651.6913,A,99,5956,-64,/dev/serial/by-path/pci-0000:05:00.3-usb-0:2.1.1:1.0-port0
1790755651.7061,B,84,5966,-67,/dev/serial/by-path/pci-0000:05:00.3-usb-0:2.1.2:1.0-port0
1790755651.7066,C,88,5965,-71,/dev/serial/by-path/pci-0000:05:00.3-usb-0:2.1.3:1.0-port0
1790755651.7369,B,85,5996,-70,/dev/serial/by-path/pci-0000:05:00.3-usb-0:2.1.2:1.0-port0
1790755651.7374,C,89,5995,-75,/dev/serial/by-path/pci-0000:05:00.3-usb-0:2.1.3:1.0-port0
1790755651.7378,A,100,5999,-62,/dev/serial/by-path/pci-0000:05:00.3-usb-0:2.1.1:1.0-port0
1790755651.7922,A,101,6056,-61,/dev/serial/by-path/pci-0000:05:00.3-usb-0:2.1.1:1.0-port0
1790755651.8015,C,90,6060,-72,/dev/serial/by-path/pci-0000:05:00.3-usb-0:2.1.3:1.0-port0
1790755651.8017,B,86,6061,-71,/dev/serial/by-path/pci-0000:05:00.3-usb-0:2.1.2:1.0-port0
1790755651.8313,C,91,6090,-72,/dev/serial/by-path/pci-0000:05:00.3-usb-0:2.1.3:1.0-port0
1790755651.8317,A,102,6095,-64,/dev/serial/by-path/pci-0000:05:00.3-usb-0:2.1.1:1.0-port0
1790755651.8399,B,87,6100,-67,/dev/serial/by-path/pci-0000:05:00.3-usb-0:2.1.2:1.0-port0
1790755651.8755,A,103,6140,-62,/dev/serial/by-path/pci-0000:05:00.3-usb-0:2.1.1:1.0-port0
1790755651.8798,B,88,6139,-68,/dev/serial/by-path/pci-0000:05:00.3-usb-0:2.1.2:1.0-port0
1790755651.9363,B,89,6196,-72,/dev/serial/by-path/pci-0000:05:00.3-usb-0:2.1.2:1.0-port0
1790755651.9364,C,92,6194,-72,/dev/serial/by-path/pci-0000:05:00.3-usb-0:2.1.3:1.0-port0
1790755651.9420,A,104,6206,-62,/dev/serial/by-path/pci-0000:05:00.3-usb-0:2.1.1:1.0-port0
1790755651.9922,A,105,6256,-64,/dev/serial/by-path/pci-0000:05:00.3-usb-0:2.1.1:1.0-port0
1790755652.0214,C,93,6280,-82,/dev/serial/by-path/pci-0000:05:00.3-usb-0:2.1.3:1.0-port0
1790755652.0424,A,106,6306,-61,/dev/serial/by-path/pci-0000:05:00.3-usb-0:2.1.1:1.0-port0
1790755652.0425,B,90,6302,-69,/dev/serial/by-path/pci-0000:05:00.3-usb-0:2.1.2:1.0-port0
1790755652.0683,A,107,6332,-62,/dev/serial/by-path/pci-0000:05:00.3-usb-0:2.1.1:1.0-port0
1790755652.1060,B,91,6366,-71,/dev/serial/by-path/pci-0000:05:00.3-usb-0:2.1.2:1.0-port0
1790755652.1065,A,108,6370,-65,/dev/serial/by-path/pci-0000:05:00.3-usb-0:2.1.1:1.0-port0
1790755652.1068,C,94,6365,-75,/dev/serial/by-path/pci-0000:05:00.3-usb-0:2.1.3:1.0-port0
1790755652.1493,B,92,6409,-67,/dev/serial/by-path/pci-0000:05:00.3-usb-0:2.1.2:1.0-port0
1790755652.1498,C,95,6408,-73,/dev/serial/by-path/pci-0000:05:00.3-usb-0:2.1.3:1.0-port0
1790755652.1559,A,109,6420,-62,/dev/serial/by-path/pci-0000:05:00.3-usb-0:2.1.1:1.0-port0
1790755652.2136,B,93,6474,-67,/dev/serial/by-path/pci-0000:05:00.3-usb-0:2.1.2:1.0-port0
1790755652.2179,C,96,6476,-85,/dev/serial/by-path/pci-0000:05:00.3-usb-0:2.1.3:1.0-port0
1790755652.2405,C,97,6499,-75,/dev/serial/by-path/pci-0000:05:00.3-usb-0:2.1.3:1.0-port0
1790755652.2410,B,94,6501,-73,/dev/serial/by-path/pci-0000:05:00.3-usb-0:2.1.2:1.0-port0
1790755652.2419,A,110,6507,-62,/dev/serial/by-path/pci-0000:05:00.3-usb-0:2.1.1:1.0-port0
1790755652.2443,A,111,6507,-63,/dev/serial/by-path/pci-0000:05:00.3-usb-0:2.1.1:1.0-port0
1790755652.2868,A,112,6551,-66,/dev/serial/by-path/pci-0000:05:00.3-usb-0:2.1.1:1.0-port0
1790755652.3331,C,98,6591,-85,/dev/serial/by-path/pci-0000:05:00.3-usb-0:2.1.3:1.0-port0
1790755652.3335,B,95,6593,-68,/dev/serial/by-path/pci-0000:05:00.3-usb-0:2.1.2:1.0-port0
1790755652.3420,A,113,6606,-62,/dev/serial/by-path/pci-0000:05:00.3-usb-0:2.1.1:1.0-port0
1790755652.3785,B,96,6638,-75,/dev/serial/by-path/pci-0000:05:00.3-usb-0:2.1.2:1.0-port0
1790755652.3813,A,114,6645,-64,/dev/serial/by-path/pci-0000:05:00.3-usb-0:2.1.1:1.0-port0
1790755652.4176,C,99,6676,-73,/dev/serial/by-path/pci-0000:05:00.3-usb-0:2.1.3:1.0-port0
1790755652.4251,B,97,6685,-68,/dev/serial/by-path/pci-0000:05:00.3-usb-0:2.1.2:1.0-port0
1790755652.4254,C,100,6684,-79,/dev/serial/by-path/pci-0000:05:00.3-usb-0:2.1.3:1.0-port0
1790755652.4258,A,115,6689,-67,/dev/serial/by-path/pci-0000:05:00.3-usb-0:2.1.1:1.0-port0
1790755652.4729,B,98,6733,-69,/dev/serial/by-path/pci-0000:05:00.3-usb-0:2.1.2:1.0-port0
1790755652.4880,A,116,6752,-63,/dev/serial/by-path/pci-0000:05:00.3-usb-0:2.1.1:1.0-port0
1790755652.5419,A,117,6806,-64,/dev/serial/by-path/pci-0000:05:00.3-usb-0:2.1.1:1.0-port0
1790755652.5524,B,99,6812,-75,/dev/serial/by-path/pci-0000:05:00.3-usb-0:2.1.2:1.0-port0
1790755652.5637,B,100,6824,-74,/dev/serial/by-path/pci-0000:05:00.3-usb-0:2.1.2:1.0-port0
1790755652.5641,A,118,6827,-67,/dev/serial/by-path/pci-0000:05:00.3-usb-0:2.1.1:1.0-port0
1790755652.5661,C,101,6824,-73,/dev/serial/by-path/pci-0000:05:00.3-usb-0:2.1.3:1.0-port0
1790755652.6103,C,102,6869,-77,/dev/serial/by-path/pci-0000:05:00.3-usb-0:2.1.3:1.0-port0
1790755652.6105,B,101,6870,-69,/dev/serial/by-path/pci-0000:05:00.3-usb-0:2.1.2:1.0-port0
1790755652.6385,A,119,6902,-63,/dev/serial/by-path/pci-0000:05:00.3-usb-0:2.1.1:1.0-port0
1790755652.6587,B,102,6918,-68,/dev/serial/by-path/pci-0000:05:00.3-usb-0:2.1.2:1.0-port0
1790755652.6810,A,120,6945,-64,/dev/serial/by-path/pci-0000:05:00.3-usb-0:2.1.1:1.0-port0
1790755652.7033,B,103,6963,-75,/dev/serial/by-path/pci-0000:05:00.3-usb-0:2.1.2:1.0-port0
1790755652.7175,C,103,6976,-74,/dev/serial/by-path/pci-0000:05:00.3-usb-0:2.1.3:1.0-port0
1790755652.7312,A,121,6995,-67,/dev/serial/by-path/pci-0000:05:00.3-usb-0:2.1.1:1.0-port0
1790755652.7641,B,104,7023,-70,/dev/serial/by-path/pci-0000:05:00.3-usb-0:2.1.2:1.0-port0
1790755652.7681,C,104,7026,-79,/dev/serial/by-path/pci-0000:05:00.3-usb-0:2.1.3:1.0-port0
1790755652.7825,A,122,7046,-63,/dev/serial/by-path/pci-0000:05:00.3-usb-0:2.1.1:1.0-port0
1790755652.7957,C,105,7054,-82,/dev/serial/by-path/pci-0000:05:00.3-usb-0:2.1.3:1.0-port0
1790755652.7959,B,105,7055,-69,/dev/serial/by-path/pci-0000:05:00.3-usb-0:2.1.2:1.0-port0
1790755652.8286,A,123,7092,-66,/dev/serial/by-path/pci-0000:05:00.3-usb-0:2.1.1:1.0-port0
1790755652.8367,C,106,7095,-76,/dev/serial/by-path/pci-0000:05:00.3-usb-0:2.1.3:1.0-port0
1790755652.8372,B,106,7097,-79,/dev/serial/by-path/pci-0000:05:00.3-usb-0:2.1.2:1.0-port0
1790755652.8423,A,124,7106,-66,/dev/serial/by-path/pci-0000:05:00.3-usb-0:2.1.1:1.0-port0
1790755652.8862,C,107,7144,-84,/dev/serial/by-path/pci-0000:05:00.3-usb-0:2.1.3:1.0-port0
1790755652.8869,A,125,7151,-69,/dev/serial/by-path/pci-0000:05:00.3-usb-0:2.1.1:1.0-port0
1790755652.8874,B,107,7147,-69,/dev/serial/by-path/pci-0000:05:00.3-usb-0:2.1.2:1.0-port0
1790755652.9310,A,126,7195,-65,/dev/serial/by-path/pci-0000:05:00.3-usb-0:2.1.1:1.0-port0
1790755652.9637,B,108,7223,-69,/dev/serial/by-path/pci-0000:05:00.3-usb-0:2.1.2:1.0-port0
1790755652.9642,C,108,7223,-78,/dev/serial/by-path/pci-0000:05:00.3-usb-0:2.1.3:1.0-port0
1790755652.9710,B,109,7230,-82,/dev/serial/by-path/pci-0000:05:00.3-usb-0:2.1.2:1.0-port0
1790755652.9736,A,127,7237,-67,/dev/serial/by-path/pci-0000:05:00.3-usb-0:2.1.1:1.0-port0
1790755653.0137,C,109,7272,-76,/dev/serial/by-path/pci-0000:05:00.3-usb-0:2.1.3:1.0-port0
1790755653.0141,B,110,7274,-81,/dev/serial/by-path/pci-0000:05:00.3-usb-0:2.1.2:1.0-port0
1790755653.0420,A,128,7306,-69,/dev/serial/by-path/pci-0000:05:00.3-usb-0:2.1.1:1.0-port0
1790755653.0641,B,111,7323,-69,/dev/serial/by-path/pci-0000:05:00.3-usb-0:2.1.2:1.0-port0
1790755653.0660,C,110,7324,-85,/dev/serial/by-path/pci-0000:05:00.3-usb-0:2.1.3:1.0-port0
1790755653.0856,A,129,7349,-65,/dev/serial/by-path/pci-0000:05:00.3-usb-0:2.1.1:1.0-port0
1790755653.1079,A,130,7372,-66,/dev/serial/by-path/pci-0000:05:00.3-usb-0:2.1.1:1.0-port0
1790755653.1083,B,112,7368,-70,/dev/serial/by-path/pci-0000:05:00.3-usb-0:2.1.2:1.0-port0
1790755653.1543,C,111,7412,-76,/dev/serial/by-path/pci-0000:05:00.3-usb-0:2.1.3:1.0-port0
1790755653.1641,B,113,7424,-79,/dev/serial/by-path/pci-0000:05:00.3-usb-0:2.1.2:1.0-port0
1790755653.1877,A,131,7451,-68,/dev/serial/by-path/pci-0000:05:00.3-usb-0:2.1.1:1.0-port0
1790755653.2454,B,114,7505,-69,/dev/serial/by-path/pci-0000:05:00.3-usb-0:2.1.2:1.0-port0
1790755653.2456,C,112,7504,-82,/dev/serial/by-path/pci-0000:05:00.3-usb-0:2.1.3:1.0-port0
1790755653.2753,A,132,7539,-66,/dev/serial/by-path/pci-0000:05:00.3-usb-0:2.1.1:1.0-port0
1790755653.3023,B,115,7562,-82,/dev/serial/by-path/pci-0000:05:00.3-usb-0:2.1.2:1.0-port0
1790755653.3024,C,113,7560,-77,/dev/serial/by-path/pci-0000:05:00.3-usb-0:2.1.3:1.0-port0
1790755653.3414,C,114,7600,-77,/dev/serial/by-path/pci-0000:05:00.3-usb-0:2.1.3:1.0-port0
1790755653.3416,B,116,7601,-68,/dev/serial/by-path/pci-0000:05:00.3-usb-0:2.1.2:1.0-port0
1790755653.3420,A,133,7606,-68,/dev/serial/by-path/pci-0000:05:00.3-usb-0:2.1.1:1.0-port0
1790755653.3897,C,115,7648,-79,/dev/serial/by-path/pci-0000:05:00.3-usb-0:2.1.3:1.0-port0
1790755653.3923,A,134,7656,-64,/dev/serial/by-path/pci-0000:05:00.3-usb-0:2.1.1:1.0-port0
1790755653.3942,B,117,7654,-69,/dev/serial/by-path/pci-0000:05:00.3-usb-0:2.1.2:1.0-port0
1790755653.4368,B,118,7696,-82,/dev/serial/by-path/pci-0000:05:00.3-usb-0:2.1.2:1.0-port0
1790755653.4371,A,135,7700,-66,/dev/serial/by-path/pci-0000:05:00.3-usb-0:2.1.1:1.0-port0
1790755653.4431,C,116,7701,-78,/dev/serial/by-path/pci-0000:05:00.3-usb-0:2.1.3:1.0-port0
1790755653.4926,A,136,7756,-68,/dev/serial/by-path/pci-0000:05:00.3-usb-0:2.1.1:1.0-port0
1790755653.4993,C,117,7757,-76,/dev/serial/by-path/pci-0000:05:00.3-usb-0:2.1.3:1.0-port0
1790755653.5140,B,119,7773,-68,/dev/serial/by-path/pci-0000:05:00.3-usb-0:2.1.2:1.0-port0
1790755653.5422,A,137,7806,-64,/dev/serial/by-path/pci-0000:05:00.3-usb-0:2.1.1:1.0-port0
1790755653.5612,C,118,7819,-81,/dev/serial/by-path/pci-0000:05:00.3-usb-0:2.1.3:1.0-port0
1790755653.5641,B,120,7823,-69,/dev/serial/by-path/pci-0000:05:00.3-usb-0:2.1.2:1.0-port0
1790755653.5675,C,119,7826,-83,/dev/serial/by-path/pci-0000:05:00.3-usb-0:2.1.3:1.0-port0
1790755653.5679,A,138,7832,-67,/dev/serial/by-path/pci-0000:05:00.3-usb-0:2.1.1:1.0-port0
1790755653.6647,B,121,7923,-70,/dev/serial/by-path/pci-0000:05:00.3-usb-0:2.1.2:1.0-port0
1790755653.6651,A,139,7928,-64,/dev/serial/by-path/pci-0000:05:00.3-usb-0:2.1.1:1.0-port0
1790755653.6677,C,120,7926,-78,/dev/serial/by-path/pci-0000:05:00.3-usb-0:2.1.3:1.0-port0
1790755653.7147,B,122,7973,-67,/dev/serial/by-path/pci-0000:05:00.3-usb-0:2.1.2:1.0-port0
1790755653.7181,C,121,7976,-83,/dev/serial/by-path/pci-0000:05:00.3-usb-0:2.1.3:1.0-port0
1790755653.7218,A,140,7986,-66,/dev/serial/by-path/pci-0000:05:00.3-usb-0:2.1.1:1.0-port0
1790755653.7626,B,123,8022,-81,/dev/serial/by-path/pci-0000:05:00.3-usb-0:2.1.2:1.0-port0
1790755653.7630,C,122,8021,-77,/dev/serial/by-path/pci-0000:05:00.3-usb-0:2.1.3:1.0-port0
1790755653.7635,A,141,8027,-68,/dev/serial/by-path/pci-0000:05:00.3-usb-0:2.1.1:1.0-port0
1790755653.8033,B,124,8063,-69,/dev/serial/by-path/pci-0000:05:00.3-usb-0:2.1.2:1.0-port0
1790755653.8246,A,142,8088,-64,/dev/serial/by-path/pci-0000:05:00.3-usb-0:2.1.1:1.0-port0
1790755653.8472,C,123,8105,-82,/dev/serial/by-path/pci-0000:05:00.3-usb-0:2.1.3:1.0-port0
1790755653.8641,B,125,8124,-68,/dev/serial/by-path/pci-0000:05:00.3-usb-0:2.1.2:1.0-port0
1790755653.8862,C,124,8144,-76,/dev/serial/by-path/pci-0000:05:00.3-usb-0:2.1.3:1.0-port0
1790755653.8877,A,143,8152,-66,/dev/serial/by-path/pci-0000:05:00.3-usb-0:2.1.1:1.0-port0
1790755653.8900,A,144,8152,-66,/dev/serial/by-path/pci-0000:05:00.3-usb-0:2.1.1:1.0-port0
1790755653.9061,B,126,8166,-81,/dev/serial/by-path/pci-0000:05:00.3-usb-0:2.1.2:1.0-port0
1790755653.9294,B,127,8189,-69,/dev/serial/by-path/pci-0000:05:00.3-usb-0:2.1.2:1.0-port0
1790755653.9336,C,125,8192,-76,/dev/serial/by-path/pci-0000:05:00.3-usb-0:2.1.3:1.0-port0
1790755653.9912,A,145,8255,-63,/dev/serial/by-path/pci-0000:05:00.3-usb-0:2.1.1:1.0-port0
1790755653.9916,B,128,8251,-69,/dev/serial/by-path/pci-0000:05:00.3-usb-0:2.1.2:1.0-port0
1790755654.0168,A,146,8280,-64,/dev/serial/by-path/pci-0000:05:00.3-usb-0:2.1.1:1.0-port0
1790755654.0561,B,129,8316,-76,/dev/serial/by-path/pci-0000:05:00.3-usb-0:2.1.2:1.0-port0
1790755654.0571,A,147,8321,-66,/dev/serial/by-path/pci-0000:05:00.3-usb-0:2.1.1:1.0-port0
1790755654.0598,C,126,8318,-73,/dev/serial/by-path/pci-0000:05:00.3-usb-0:2.1.3:1.0-port0
1790755654.1075,B,130,8367,-69,/dev/serial/by-path/pci-0000:05:00.3-usb-0:2.1.2:1.0-port0
1790755654.1176,C,127,8376,-77,/dev/serial/by-path/pci-0000:05:00.3-usb-0:2.1.3:1.0-port0
1790755654.1422,A,148,8406,-63,/dev/serial/by-path/pci-0000:05:00.3-usb-0:2.1.1:1.0-port0
1790755654.1554,A,149,8419,-64,/dev/serial/by-path/pci-0000:05:00.3-usb-0:2.1.1:1.0-port0
1790755654.1557,B,131,8415,-68,/dev/serial/by-path/pci-0000:05:00.3-usb-0:2.1.2:1.0-port0
1790755654.2030,B,132,8462,-78,/dev/serial/by-path/pci-0000:05:00.3-usb-0:2.1.2:1.0-port0
1790755654.2031,C,128,8461,-72,/dev/serial/by-path/pci-0000:05:00.3-usb-0:2.1.3:1.0-port0
1790755654.2425,A,150,8506,-67,/dev/serial/by-path/pci-0000:05:00.3-usb-0:2.1.1:1.0-port0
1790755654.2544,C,129,8511,-77,/dev/serial/by-path/pci-0000:05:00.3-usb-0:2.1.3:1.0-port0
1790755654.2642,B,133,8524,-68,/dev/serial/by-path/pci-0000:05:00.3-usb-0:2.1.2:1.0-port0
1790755654.2892,A,151,8553,-64,/dev/serial/by-path/pci-0000:05:00.3-usb-0:2.1.1:1.0-port0
1790755654.2966,C,130,8555,-84,/dev/serial/by-path/pci-0000:05:00.3-usb-0:2.1.3:1.0-port0
1790755654.3055,B,134,8565,-68,/dev/serial/by-path/pci-0000:05:00.3-usb-0:2.1.2:1.0-port0
1790755654.3056,A,152,8569,-65,/dev/serial/by-path/pci-0000:05:00.3-usb-0:2.1.1:1.0-port0
1790755654.3392,C,131,8597,-71,/dev/serial/by-path/pci-0000:05:00.3-usb-0:2.1.3:1.0-port0
1790755654.3413,A,153,8605,-64,/dev/serial/by-path/pci-0000:05:00.3-usb-0:2.1.1:1.0-port0
1790755654.3518,B,135,8611,-84,/dev/serial/by-path/pci-0000:05:00.3-usb-0:2.1.2:1.0-port0
1790755654.3848,A,154,8648,-67,/dev/serial/by-path/pci-0000:05:00.3-usb-0:2.1.1:1.0-port0
1790755654.3853,C,132,8643,-83,/dev/serial/by-path/pci-0000:05:00.3-usb-0:2.1.3:1.0-port0
1790755654.3938,B,136,8653,-68,/dev/serial/by-path/pci-0000:05:00.3-usb-0:2.1.2:1.0-port0
1790755654.4600,B,137,8719,-72,/dev/serial/by-path/pci-0000:05:00.3-usb-0:2.1.2:1.0-port0
1790755654.4604,C,133,8719,-81,/dev/serial/by-path/pci-0000:05:00.3-usb-0:2.1.3:1.0-port0
1790755654.4803,C,134,8738,-73,/dev/serial/by-path/pci-0000:05:00.3-usb-0:2.1.3:1.0-port0
1790755654.4843,B,138,8744,-83,/dev/serial/by-path/pci-0000:05:00.3-usb-0:2.1.2:1.0-port0
1790755654.4928,A,155,8757,-65,/dev/serial/by-path/pci-0000:05:00.3-usb-0:2.1.1:1.0-port0
1790755654.5237,A,156,8787,-67,/dev/serial/by-path/pci-0000:05:00.3-usb-0:2.1.1:1.0-port0
1790755654.5332,B,139,8792,-66,/dev/serial/by-path/pci-0000:05:00.3-usb-0:2.1.2:1.0-port0
1790755654.5642,B,140,8823,-67,/dev/serial/by-path/pci-0000:05:00.3-usb-0:2.1.2:1.0-port0
1790755654.5650,C,135,8823,-81,/dev/serial/by-path/pci-0000:05:00.3-usb-0:2.1.3:1.0-port0
1790755654.5654,A,157,8829,-63,/dev/serial/by-path/pci-0000:05:00.3-usb-0:2.1.1:1.0-port0
1790755654.6016,B,141,8861,-71,/dev/serial/by-path/pci-0000:05:00.3-usb-0:2.1.2:1.0-port0
1790755654.6021,C,136,8861,-77,/dev/serial/by-path/pci-0000:05:00.3-usb-0:2.1.3:1.0-port0
1790755654.6024,A,158,8866,-64,/dev/serial/by-path/pci-0000:05:00.3-usb-0:2.1.1:1.0-port0
1790755654.6487,B,142,8908,-79,/dev/serial/by-path/pci-0000:05:00.3-usb-0:2.1.2:1.0-port0
1790755654.6677,C,137,8926,-72,/dev/serial/by-path/pci-0000:05:00.3-usb-0:2.1.3:1.0-port0
1790755654.6922,A,159,8956,-66,/dev/serial/by-path/pci-0000:05:00.3-usb-0:2.1.1:1.0-port0
1790755654.7142,B,143,8974,-67,/dev/serial/by-path/pci-0000:05:00.3-usb-0:2.1.2:1.0-port0
1790755654.7429,A,160,9006,-63,/dev/serial/by-path/pci-0000:05:00.3-usb-0:2.1.1:1.0-port0
1790755654.7478,B,144,9007,-70,/dev/serial/by-path/pci-0000:05:00.3-usb-0:2.1.2:1.0-port0
1790755654.7495,C,138,9008,-78,/dev/serial/by-path/pci-0000:05:00.3-usb-0:2.1.3:1.0-port0
1790755654.7859,A,161,9049,-63,/dev/serial/by-path/pci-0000:05:00.3-usb-0:2.1.1:1.0-port0
1790755654.8000,B,145,9059,-78,/dev/serial/by-path/pci-0000:05:00.3-usb-0:2.1.2:1.0-port0
1790755654.8067,C,139,9065,-70,/dev/serial/by-path/pci-0000:05:00.3-usb-0:2.1.3:1.0-port0
1790755654.8417,A,162,9106,-66,/dev/serial/by-path/pci-0000:05:00.3-usb-0:2.1.1:1.0-port0
1790755654.8498,B,146,9109,-66,/dev/serial/by-path/pci-0000:05:00.3-usb-0:2.1.2:1.0-port0
1790755654.8532,C,140,9111,-81,/dev/serial/by-path/pci-0000:05:00.3-usb-0:2.1.3:1.0-port0
1790755654.8769,B,147,9137,-69,/dev/serial/by-path/pci-0000:05:00.3-usb-0:2.1.2:1.0-port0
1790755654.8774,C,141,9136,-79,/dev/serial/by-path/pci-0000:05:00.3-usb-0:2.1.3:1.0-port0
1790755654.9176,C,142,9176,-77,/dev/serial/by-path/pci-0000:05:00.3-usb-0:2.1.3:1.0-port0
1790755654.9433,A,163,9207,-63,/dev/serial/by-path/pci-0000:05:00.3-usb-0:2.1.1:1.0-port0
1790755654.9669,C,143,9225,-71,/dev/serial/by-path/pci-0000:05:00.3-usb-0:2.1.3:1.0-port0
1790755654.9765,A,164,9240,-66,/dev/serial/by-path/pci-0000:05:00.3-usb-0:2.1.1:1.0-port0
1790755655.0142,B,148,9273,-67,/dev/serial/by-path/pci-0000:05:00.3-usb-0:2.1.2:1.0-port0
1790755655.0146,A,165,9278,-63,/dev/serial/by-path/pci-0000:05:00.3-usb-0:2.1.1:1.0-port0
1790755655.0182,C,144,9276,-79,/dev/serial/by-path/pci-0000:05:00.3-usb-0:2.1.3:1.0-port0
1790755655.0587,B,149,9318,-69,/dev/serial/by-path/pci-0000:05:00.3-usb-0:2.1.2:1.0-port0
1790755655.0682,C,145,9326,-82,/dev/serial/by-path/pci-0000:05:00.3-usb-0:2.1.3:1.0-port0
1790755655.0868,A,166,9350,-64,/dev/serial/by-path/pci-0000:05:00.3-usb-0:2.1.1:1.0-port0
1790755655.1066,B,150,9366,-82,/dev/serial/by-path/pci-0000:05:00.3-usb-0:2.1.2:1.0-port0
1790755655.1067,C,146,9364,-72,/dev/serial/by-path/pci-0000:05:00.3-usb-0:2.1.3:1.0-port0
1790755655.1071,A,167,9371,-66,/dev/serial/by-path/pci-0000:05:00.3-usb-0:2.1.1:1.0-port0
1790755655.1916,A,168,9455,-63,/dev/serial/by-path/pci-0000:05:00.3-usb-0:2.1.1:1.0-port0
1790755655.1931,B,151,9452,-69,/dev/serial/by-path/pci-0000:05:00.3-usb-0:2.1.2:1.0-port0
1790755655.2383,C,147,9496,-71,/dev/serial/by-path/pci-0000:05:00.3-usb-0:2.1.3:1.0-port0
1790755655.2412,B,152,9501,-83,/dev/serial/by-path/pci-0000:05:00.3-usb-0:2.1.2:1.0-port0
1790755655.2417,A,169,9506,-64,/dev/serial/by-path/pci-0000:05:00.3-usb-0:2.1.1:1.0-port0
1790755655.2854,B,153,9544,-83,/dev/serial/by-path/pci-0000:05:00.3-usb-0:2.1.2:1.0-port0
1790755655.2857,C,148,9542,-80,/dev/serial/by-path/pci-0000:05:00.3-usb-0:2.1.3:1.0-port0
1790755655.2923,A,170,9556,-66,/dev/serial/by-path/pci-0000:05:00.3-usb-0:2.1.1:1.0-port0
1790755655.3267,B,154,9586,-69,/dev/serial/by-path/pci-0000:05:00.3-usb-0:2.1.2:1.0-port0
1790755655.3273,C,149,9585,-80,/dev/serial/by-path/pci-0000:05:00.3-usb-0:2.1.3:1.0-port0
1790755655.3296,A,171,9593,-63,/dev/serial/by-path/pci-0000:05:00.3-usb-0:2.1.1:1.0-port0
1790755655.3755,A,172,9639,-64,/dev/serial/by-path/pci-0000:05:00.3-usb-0:2.1.1:1.0-port0
1790755655.3805,C,150,9638,-73,/dev/serial/by-path/pci-0000:05:00.3-usb-0:2.1.3:1.0-port0
1790755655.3958,B,155,9655,-83,/dev/serial/by-path/pci-0000:05:00.3-usb-0:2.1.2:1.0-port0
1790755655.4233,B,156,9683,-69,/dev/serial/by-path/pci-0000:05:00.3-usb-0:2.1.2:1.0-port0
1790755655.4236,A,173,9687,-67,/dev/serial/by-path/pci-0000:05:00.3-usb-0:2.1.1:1.0-port0
1790755655.4475,C,151,9705,-77,/dev/serial/by-path/pci-0000:05:00.3-usb-0:2.1.3:1.0-port0
1790755655.4857,A,174,9749,-64,/dev/serial/by-path/pci-0000:05:00.3-usb-0:2.1.1:1.0-port0
1790755655.4862,C,152,9744,-85,/dev/serial/by-path/pci-0000:05:00.3-usb-0:2.1.3:1.0-port0
1790755655.4863,B,157,9746,-68,/dev/serial/by-path/pci-0000:05:00.3-usb-0:2.1.2:1.0-port0
1790755655.5147,C,153,9773,-90,/dev/serial/by-path/pci-0000:05:00.3-usb-0:2.1.3:1.0-port0
1790755655.5186,A,175,9782,-64,/dev/serial/by-path/pci-0000:05:00.3-usb-0:2.1.1:1.0-port0
1790755655.5534,B,158,9813,-80,/dev/serial/by-path/pci-0000:05:00.3-usb-0:2.1.2:1.0-port0
1790755655.5544,C,154,9813,-73,/dev/serial/by-path/pci-0000:05:00.3-usb-0:2.1.3:1.0-port0
1790755655.5546,A,176,9819,-66,/dev/serial/by-path/pci-0000:05:00.3-usb-0:2.1.1:1.0-port0
1790755655.5982,B,159,9857,-67,/dev/serial/by-path/pci-0000:05:00.3-usb-0:2.1.2:1.0-port0
1790755655.6080,C,155,9866,-77,/dev/serial/by-path/pci-0000:05:00.3-usb-0:2.1.3:1.0-port0
1790755655.6084,A,177,9872,-63,/dev/serial/by-path/pci-0000:05:00.3-usb-0:2.1.1:1.0-port0
1790755655.6638,B,160,9924,-69,/dev/serial/by-path/pci-0000:05:00.3-usb-0:2.1.2:1.0-port0
1790755655.6650,C,156,9923,-83,/dev/serial/by-path/pci-0000:05:00.3-usb-0:2.1.3:1.0-port0
1790755655.6653,A,178,9929,-64,/dev/serial/by-path/pci-0000:05:00.3-usb-0:2.1.1:1.0-port0
1790755655.6843,C,157,9942,-72,/dev/serial/by-path/pci-0000:05:00.3-usb-0:2.1.3:1.0-port0
1790755655.6844,B,161,9943,-80,/dev/serial/by-path/pci-0000:05:00.3-usb-0:2.1.2:1.0-port0
1790755655.6924,A,179,9956,-63,/dev/serial/by-path/pci-0000:05:00.3-usb-0:2.1.1:1.0-port0
1790755655.7311,B,162,9990,-67,/dev/serial/by-path/pci-0000:05:00.3-usb-0:2.1.2:1.0-port0
1790755655.7927,A,180,10056,-63,/dev/serial/by-path/pci-0000:05:00.3-usb-0:2.1.1:1.0-port0
1790755655.8069,B,163,10066,-69,/dev/serial/by-path/pci-0000:05:00.3-usb-0:2.1.2:1.0-port0
1790755655.8291,A,181,10093,-64,/dev/serial/by-path/pci-0000:05:00.3-usb-0:2.1.1:1.0-port0
1790755655.8573,A,182,10121,-66,/dev/serial/by-path/pci-0000:05:00.3-usb-0:2.1.1:1.0-port0
1790755655.8643,B,164,10123,-82,/dev/serial/by-path/pci-0000:05:00.3-usb-0:2.1.2:1.0-port0
1790755655.8678,C,158,10126,-76,/dev/serial/by-path/pci-0000:05:00.3-usb-0:2.1.3:1.0-port0
1790755655.9091,B,165,10168,-67,/dev/serial/by-path/pci-0000:05:00.3-usb-0:2.1.2:1.0-port0
1790755655.9183,C,159,10176,-76,/dev/serial/by-path/pci-0000:05:00.3-usb-0:2.1.3:1.0-port0
1790755655.9423,A,183,10206,-63,/dev/serial/by-path/pci-0000:05:00.3-usb-0:2.1.1:1.0-port0
1790755655.9537,B,166,10213,-68,/dev/serial/by-path/pci-0000:05:00.3-usb-0:2.1.2:1.0-port0
1790755655.9544,A,184,10218,-64,/dev/serial/by-path/pci-0000:05:00.3-usb-0:2.1.1:1.0-port0
1790755655.9660,C,160,10224,-92,/dev/serial/by-path/pci-0000:05:00.3-usb-0:2.1.3:1.0-port0
1790755656.0012,C,161,10259,-78,/dev/serial/by-path/pci-0000:05:00.3-usb-0:2.1.3:1.0-port0
1790755656.0143,B,167,10274,-81,/dev/serial/by-path/pci-0000:05:00.3-usb-0:2.1.2:1.0-port0
1790755656.0413,A,185,10305,-67,/dev/serial/by-path/pci-0000:05:00.3-usb-0:2.1.1:1.0-port0
1790755656.0418,C,162,10300,-77,/dev/serial/by-path/pci-0000:05:00.3-usb-0:2.1.3:1.0-port0
1790755656.0436,A,186,10306,-67,/dev/serial/by-path/pci-0000:05:00.3-usb-0:2.1.1:1.0-port0
1790755656.0471,B,168,10306,-69,/dev/serial/by-path/pci-0000:05:00.3-usb-0:2.1.2:1.0-port0
1790755656.0904,A,187,10353,-63,/dev/serial/by-path/pci-0000:05:00.3-usb-0:2.1.1:1.0-port0
1790755656.0906,C,163,10348,-81,/dev/serial/by-path/pci-0000:05:00.3-usb-0:2.1.3:1.0-port0
1790755656.0910,B,169,10350,-68,/dev/serial/by-path/pci-0000:05:00.3-usb-0:2.1.2:1.0-port0
1790755656.1426,A,188,10406,-64,/dev/serial/by-path/pci-0000:05:00.3-usb-0:2.1.1:1.0-port0
1790755656.1467,B,170,10406,-83,/dev/serial/by-path/pci-0000:05:00.3-usb-0:2.1.2:1.0-port0
1790755656.1468,C,164,10405,-76,/dev/serial/by-path/pci-0000:05:00.3-usb-0:2.1.3:1.0-port0
1790755656.1927,A,189,10456,-66,/dev/serial/by-path/pci-0000:05:00.3-usb-0:2.1.1:1.0-port0
1790755656.2178,C,165,10475,-75,/dev/serial/by-path/pci-0000:05:00.3-usb-0:2.1.3:1.0-port0
1790755656.2181,A,190,10481,-64,/dev/serial/by-path/pci-0000:05:00.3-usb-0:2.1.1:1.0-port0
1790755656.2321,B,171,10491,-69,/dev/serial/by-path/pci-0000:05:00.3-usb-0:2.1.2:1.0-port0
1790755656.2585,B,172,10518,-98,/dev/serial/by-path/pci-0000:05:00.3-usb-0:2.1.2:1.0-port0
1790755656.2589,C,166,10516,-84,/dev/serial/by-path/pci-0000:05:00.3-usb-0:2.1.3:1.0-port0
1790755656.2609,A,191,10524,-65,/dev/serial/by-path/pci-0000:05:00.3-usb-0:2.1.1:1.0-port0
1790755656.3028,C,167,10561,-76,/dev/serial/by-path/pci-0000:05:00.3-usb-0:2.1.3:1.0-port0
1790755656.3032,B,173,10563,-82,/dev/serial/by-path/pci-0000:05:00.3-usb-0:2.1.2:1.0-port0
1790755656.3255,A,192,10589,-67,/dev/serial/by-path/pci-0000:05:00.3-usb-0:2.1.1:1.0-port0
1790755656.3544,B,174,10613,-68,/dev/serial/by-path/pci-0000:05:00.3-usb-0:2.1.2:1.0-port0
1790755656.3545,C,168,10612,-77,/dev/serial/by-path/pci-0000:05:00.3-usb-0:2.1.3:1.0-port0
1790755656.3612,A,193,10624,-107,/dev/serial/by-path/pci-0000:05:00.3-usb-0:2.1.1:1.0-port0
1790755656.4040,C,169,10662,-87,/dev/serial/by-path/pci-0000:05:00.3-usb-0:2.1.3:1.0-port0
1790755656.4143,B,175,10673,-68,/dev/serial/by-path/pci-0000:05:00.3-usb-0:2.1.2:1.0-port0
1790755656.4226,A,194,10686,-64,/dev/serial/by-path/pci-0000:05:00.3-usb-0:2.1.1:1.0-port0
1790755656.4630,A,195,10726,-68,/dev/serial/by-path/pci-0000:05:00.3-usb-0:2.1.1:1.0-port0
1790755656.4944,C,170,10752,-78,/dev/serial/by-path/pci-0000:05:00.3-usb-0:2.1.3:1.0-port0
1790755656.4974,B,176,10756,-68,/dev/serial/by-path/pci-0000:05:00.3-usb-0:2.1.2:1.0-port0
1790755656.5425,A,196,10806,-63,/dev/serial/by-path/pci-0000:05:00.3-usb-0:2.1.1:1.0-port0
1790755656.5639,B,177,10823,-70,/dev/serial/by-path/pci-0000:05:00.3-usb-0:2.1.2:1.0-port0
1790755656.5666,C,171,10824,-83,/dev/serial/by-path/pci-0000:05:00.3-usb-0:2.1.3:1.0-port0
1790755656.5863,C,172,10844,-78,/dev/serial/by-path/pci-0000:05:00.3-usb-0:2.1.3:1.0-port0
1790755656.5864,B,178,10845,-82,/dev/serial/by-path/pci-0000:05:00.3-usb-0:2.1.2:1.0-port0
1790755656.5928,A,197,10856,-64,/dev/serial/by-path/pci-0000:05:00.3-usb-0:2.1.1:1.0-port0
1790755656.6378,A,198,10901,-67,/dev/serial/by-path/pci-0000:05:00.3-usb-0:2.1.1:1.0-port0
1790755656.6382,B,179,10897,-67,/dev/serial/by-path/pci-0000:05:00.3-usb-0:2.1.2:1.0-port0
1790755656.6464,C,173,10904,-77,/dev/serial/by-path/pci-0000:05:00.3-usb-0:2.1.3:1.0-port0
1790755656.6781,C,174,10936,-82,/dev/serial/by-path/pci-0000:05:00.3-usb-0:2.1.3:1.0-port0
1790755656.6856,B,180,10945,-71,/dev/serial/by-path/pci-0000:05:00.3-usb-0:2.1.2:1.0-port0
1790755656.6874,A,199,10950,-64,/dev/serial/by-path/pci-0000:05:00.3-usb-0:2.1.1:1.0-port0
1790755656.7433,A,200,11006,-65,/dev/serial/by-path/pci-0000:05:00.3-usb-0:2.1.1:1.0-port0
1790755656.7591,A,201,11022,-67,/dev/serial/by-path/pci-0000:05:00.3-usb-0:2.1.1:1.0-port0
1790755656.7592,C,175,11017,-77,/dev/serial/by-path/pci-0000:05:00.3-usb-0:2.1.3:1.0-port0
1790755656.7644,B,181,11024,-87,/dev/serial/by-path/pci-0000:05:00.3-usb-0:2.1.2:1.0-port0
1790755656.8007,C,176,11058,-83,/dev/serial/by-path/pci-0000:05:00.3-usb-0:2.1.3:1.0-port0
1790755656.8113,A,202,11075,-64,/dev/serial/by-path/pci-0000:05:00.3-usb-0:2.1.1:1.0-port0
1790755656.8114,B,182,11070,-68,/dev/serial/by-path/pci-0000:05:00.3-usb-0:2.1.2:1.0-port0
1790755656.8646,B,183,11124,-69,/dev/serial/by-path/pci-0000:05:00.3-usb-0:2.1.2:1.0-port0
1790755656.8677,C,177,11126,-76,/dev/serial/by-path/pci-0000:05:00.3-usb-0:2.1.3:1.0-port0
1790755656.8879,C,178,11146,-79,/dev/serial/by-path/pci-0000:05:00.3-usb-0:2.1.3:1.0-port0
1790755656.8882,A,203,11153,-64,/dev/serial/by-path/pci-0000:05:00.3-usb-0:2.1.1:1.0-port0
1790755656.8903,A,204,11153,-64,/dev/serial/by-path/pci-0000:05:00.3-usb-0:2.1.1:1.0-port0
1790755656.8924,B,184,11152,-86,/dev/serial/by-path/pci-0000:05:00.3-usb-0:2.1.2:1.0-port0
1790755656.9285,C,179,11186,-80,/dev/serial/by-path/pci-0000:05:00.3-usb-0:2.1.3:1.0-port0
1790755656.9289,B,185,11188,-68,/dev/serial/by-path/pci-0000:05:00.3-usb-0:2.1.2:1.0-port0
1790755656.9292,A,205,11192,-66,/dev/serial/by-path/pci-0000:05:00.3-usb-0:2.1.1:1.0-port0
1790755656.9849,A,206,11248,-63,/dev/serial/by-path/pci-0000:05:00.3-usb-0:2.1.1:1.0-port0
1790755656.9853,B,186,11245,-70,/dev/serial/by-path/pci-0000:05:00.3-usb-0:2.1.2:1.0-port0
1790755657.0001,C,180,11258,-75,/dev/serial/by-path/pci-0000:05:00.3-usb-0:2.1.3:1.0-port0
1790755657.0177,A,207,11281,-64,/dev/serial/by-path/pci-0000:05:00.3-usb-0:2.1.1:1.0-port0
1790755657.0182,C,181,11276,-74,/dev/serial/by-path/pci-0000:05:00.3-usb-0:2.1.3:1.0-port0
1790755657.0569,B,187,11316,-83,/dev/serial/by-path/pci-0000:05:00.3-usb-0:2.1.2:1.0-port0
1790755657.0584,A,208,11322,-67,/dev/serial/by-path/pci-0000:05:00.3-usb-0:2.1.1:1.0-port0
1790755657.0585,C,182,11316,-85,/dev/serial/by-path/pci-0000:05:00.3-usb-0:2.1.3:1.0-port0
1790755657.1073,C,183,11365,-76,/dev/serial/by-path/pci-0000:05:00.3-usb-0:2.1.3:1.0-port0
1790755657.1089,A,209,11372,-64,/dev/serial/by-path/pci-0000:05:00.3-usb-0:2.1.1:1.0-port0
1790755657.1091,B,188,11368,-67,/dev/serial/by-path/pci-0000:05:00.3-usb-0:2.1.2:1.0-port0
1790755657.1573,A,210,11421,-64,/dev/serial/by-path/pci-0000:05:00.3-usb-0:2.1.1:1.0-port0
1790755657.1574,C,184,11415,-73,/dev/serial/by-path/pci-0000:05:00.3-usb-0:2.1.3:1.0-port0
1790755657.1575,B,189,11416,-69,/dev/serial/by-path/pci-0000:05:00.3-usb-0:2.1.2:1.0-port0
1790755657.2033,A,211,11467,-66,/dev/serial/by-path/pci-0000:05:00.3-usb-0:2.1.1:1.0-port0
1790755657.2034,C,185,11461,-76,/dev/serial/by-path/pci-0000:05:00.3-usb-0:2.1.3:1.0-port0
1790755657.2108,B,190,11470,-81,/dev/serial/by-path/pci-0000:05:00.3-usb-0:2.1.2:1.0-port0
1790755657.2536,B,191,11513,-67,/dev/serial/by-path/pci-0000:05:00.3-usb-0:2.1.2:1.0-port0
1790755657.2678,C,186,11525,-81,/dev/serial/by-path/pci-0000:05:00.3-usb-0:2.1.3:1.0-port0
1790755657.2891,A,212,11552,-63,/dev/serial/by-path/pci-0000:05:00.3-usb-0:2.1.1:1.0-port0
1790755657.2932,C,187,11551,-74,/dev/serial/by-path/pci-0000:05:00.3-usb-0:2.1.3:1.0-port0
1790755657.2935,B,192,11553,-71,/dev/serial/by-path/pci-0000:05:00.3-usb-0:2.1.2:1.0-port0
1790755657.3338,B,193,11594,-82,/dev/serial/by-path/pci-0000:05:00.3-usb-0:2.1.2:1.0-port0
1790755657.3346,C,188,11593,-77,/dev/serial/by-path/pci-0000:05:00.3-usb-0:2.1.3:1.0-port0
1790755657.3426,A,213,11606,-64,/dev/serial/by-path/pci-0000:05:00.3-usb-0:2.1.1:1.0-port0
1790755657.3830,A,214,11646,-67,/dev/serial/by-path/pci-0000:05:00.3-usb-0:2.1.1:1.0-port0
1790755657.3834,C,189,11641,-84,/dev/serial/by-path/pci-0000:05:00.3-usb-0:2.1.3:1.0-port0
1790755657.3837,B,194,11643,-68,/dev/serial/by-path/pci-0000:05:00.3-usb-0:2.1.2:1.0-port0
1790755657.4306,B,195,11690,-71,/dev/serial/by-path/pci-0000:05:00.3-usb-0:2.1.2:1.0-port0
1790755657.4310,C,190,11688,-74,/dev/serial/by-path/pci-0000:05:00.3-usb-0:2.1.3:1.0-port0
1790755657.4426,A,215,11706,-64,/dev/serial/by-path/pci-0000:05:00.3-usb-0:2.1.1:1.0-port0
1790755657.4747,C,191,11732,-79,/dev/serial/by-path/pci-0000:05:00.3-usb-0:2.1.3:1.0-port0
1790755657.4921,B,196,11751,-84,/dev/serial/by-path/pci-0000:05:00.3-usb-0:2.1.2:1.0-port0
1790755657.4925,A,216,11756,-64,/dev/serial/by-path/pci-0000:05:00.3-usb-0:2.1.1:1.0-port0
1790755657.5157,B,197,11775,-83,/dev/serial/by-path/pci-0000:05:00.3-usb-0:2.1.2:1.0-port0
1790755657.5162,C,192,11773,-81,/dev/serial/by-path/pci-0000:05:00.3-usb-0:2.1.3:1.0-port0
1790755657.5165,A,217,11779,-68,/dev/serial/by-path/pci-0000:05:00.3-usb-0:2.1.1:1.0-port0
1790755657.5642,B,198,11823,-67,/dev/serial/by-path/pci-0000:05:00.3-usb-0:2.1.2:1.0-port0
1790755657.5679,C,193,11826,-82,/dev/serial/by-path/pci-0000:05:00.3-usb-0:2.1.3:1.0-port0
1790755657.5853,A,218,11848,-64,/dev/serial/by-path/pci-0000:05:00.3-usb-0:2.1.1:1.0-port0
1790755657.6023,C,194,11860,-82,/dev/serial/by-path/pci-0000:05:00.3-usb-0:2.1.3:1.0-port0
1790755657.6027,B,199,11861,-70,/dev/serial/by-path/pci-0000:05:00.3-usb-0:2.1.2:1.0-port0
1790755657.6225,A,219,11886,-64,/dev/serial/by-path/pci-0000:05:00.3-usb-0:2.1.1:1.0-port0
1790755657.6450,C,195,11903,-79,/dev/serial/by-path/pci-0000:05:00.3-usb-0:2.1.3:1.0-port0
1790755657.6455,B,200,11904,-79,/dev/serial/by-path/pci-0000:05:00.3-usb-0:2.1.2:1.0-port0
1790755657.6926,A,220,11956,-67,/dev/serial/by-path/pci-0000:05:00.3-usb-0:2.1.1:1.0-port0
1790755657.6954,C,196,11953,-79,/dev/serial/by-path/pci-0000:05:00.3-usb-0:2.1.3:1.0-port0
1790755657.7145,B,201,11974,-67,/dev/serial/by-path/pci-0000:05:00.3-usb-0:2.1.2:1.0-port0
1790755657.7389,C,197,11996,-74,/dev/serial/by-path/pci-0000:05:00.3-usb-0:2.1.3:1.0-port0
1790755657.7393,B,202,11998,-73,/dev/serial/by-path/pci-0000:05:00.3-usb-0:2.1.2:1.0-port0
1790755657.7428,A,221,12006,-64,/dev/serial/by-path/pci-0000:05:00.3-usb-0:2.1.1:1.0-port0
1790755657.7828,C,198,12041,-72,/dev/serial/by-path/pci-0000:05:00.3-usb-0:2.1.3:1.0-port0
1790755657.7832,B,203,12042,-81,/dev/serial/by-path/pci-0000:05:00.3-usb-0:2.1.2:1.0-port0
1790755657.7836,A,222,12047,-66,/dev/serial/by-path/pci-0000:05:00.3-usb-0:2.1.1:1.0-port0
1790755657.8256,B,204,12085,-67,/dev/serial/by-path/pci-0000:05:00.3-usb-0:2.1.2:1.0-port0
1790755657.8306,A,223,12094,-68,/dev/serial/by-path/pci-0000:05:00.3-usb-0:2.1.1:1.0-port0
1790755657.8388,C,199,12096,-90,/dev/serial/by-path/pci-0000:05:00.3-usb-0:2.1.3:1.0-port0
1790755657.8675,A,224,12131,-64,/dev/serial/by-path/pci-0000:05:00.3-usb-0:2.1.1:1.0-port0
1790755657.9060,B,205,12165,-73,/dev/serial/by-path/pci-0000:05:00.3-usb-0:2.1.2:1.0-port0
1790755657.9146,B,206,12173,-72,/dev/serial/by-path/pci-0000:05:00.3-usb-0:2.1.2:1.0-port0
1790755657.9147,C,200,12172,-73,/dev/serial/by-path/pci-0000:05:00.3-usb-0:2.1.3:1.0-port0
1790755657.9151,A,225,12178,-65,/dev/serial/by-path/pci-0000:05:00.3-usb-0:2.1.1:1.0-port0
1790755657.9652,B,207,12223,-86,/dev/serial/by-path/pci-0000:05:00.3-usb-0:2.1.2:1.0-port0
1790755657.9679,C,201,12226,-71,/dev/serial/by-path/pci-0000:05:00.3-usb-0:2.1.3:1.0-port0
1790755657.9922,A,226,12256,-67,/dev/serial/by-path/pci-0000:05:00.3-usb-0:2.1.1:1.0-port0
1790755658.0056,C,202,12263,-78,/dev/serial/by-path/pci-0000:05:00.3-usb-0:2.1.3:1.0-port0
1790755658.0057,B,208,12264,-67,/dev/serial/by-path/pci-0000:05:00.3-usb-0:2.1.2:1.0-port0
1790755658.0060,A,227,12269,-65,/dev/serial/by-path/pci-0000:05:00.3-usb-0:2.1.1:1.0-port0
1790755658.0906,C,203,12348,-76,/dev/serial/by-path/pci-0000:05:00.3-usb-0:2.1.3:1.0-port0
1790755658.0907,B,209,12349,-82,/dev/serial/by-path/pci-0000:05:00.3-usb-0:2.1.2:1.0-port0
1790755658.0914,A,228,12355,-64,/dev/serial/by-path/pci-0000:05:00.3-usb-0:2.1.1:1.0-port0
1790755658.1407,A,229,12404,-67,/dev/serial/by-path/pci-0000:05:00.3-usb-0:2.1.1:1.0-port0
1790755658.1412,C,204,12398,-73,/dev/serial/by-path/pci-0000:05:00.3-usb-0:2.1.3:1.0-port0
1790755658.1473,B,210,12406,-67,/dev/serial/by-path/pci-0000:05:00.3-usb-0:2.1.2:1.0-port0
1790755658.1866,A,230,12450,-64,/dev/serial/by-path/pci-0000:05:00.3-usb-0:2.1.1:1.0-port0
1790755658.1871,B,211,12446,-71,/dev/serial/by-path/pci-0000:05:00.3-usb-0:2.1.2:1.0-port0
1790755658.2182,C,205,12476,-81,/dev/serial/by-path/pci-0000:05:00.3-usb-0:2.1.3:1.0-port0
1790755658.2328,C,206,12490,-81,/dev/serial/by-path/pci-0000:05:00.3-usb-0:2.1.3:1.0-port0
1790755658.2361,B,212,12495,-80,/dev/serial/by-path/pci-0000:05:00.3-usb-0:2.1.2:1.0-port0
1790755658.2421,A,231,12506,-65,/dev/serial/by-path/pci-0000:05:00.3-usb-0:2.1.1:1.0-port0
1790755658.2832,B,213,12542,-66,/dev/serial/by-path/pci-0000:05:00.3-usb-0:2.1.2:1.0-port0
1790755658.2930,A,232,12556,-67,/dev/serial/by-path/pci-0000:05:00.3-usb-0:2.1.1:1.0-port0
1790755658.3179,C,207,12575,-74,/dev/serial/by-path/pci-0000:05:00.3-usb-0:2.1.3:1.0-port0
1790755658.3284,B,214,12587,-72,/dev/serial/by-path/pci-0000:05:00.3-usb-0:2.1.2:1.0-port0
1790755658.3285,C,208,12586,-81,/dev/serial/by-path/pci-0000:05:00.3-usb-0:2.1.3:1.0-port0
1790755658.3428,A,233,12606,-64,/dev/serial/by-path/pci-0000:05:00.3-usb-0:2.1.1:1.0-port0
1790755658.3730,A,234,12636,-65,/dev/serial/by-path/pci-0000:05:00.3-usb-0:2.1.1:1.0-port0
1790755658.3891,B,215,12648,-80,/dev/serial/by-path/pci-0000:05:00.3-usb-0:2.1.2:1.0-port0
1790755658.4425,A,235,12706,-67,/dev/serial/by-path/pci-0000:05:00.3-usb-0:2.1.1:1.0-port0
1790755658.4601,A,236,12724,-63,/dev/serial/by-path/pci-0000:05:00.3-usb-0:2.1.1:1.0-port0
1790755658.4618,B,216,12720,-67,/dev/serial/by-path/pci-0000:05:00.3-usb-0:2.1.2:1.0-port0
1790755658.4622,C,209,12719,-76,/dev/serial/by-path/pci-0000:05:00.3-usb-0:2.1.3:1.0-port0
1790755658.5042,C,210,12762,-77,/dev/serial/by-path/pci-0000:05:00.3-usb-0:2.1.3:1.0-port0
1790755658.5128,B,217,12772,-73,/dev/serial/by-path/pci-0000:05:00.3-usb-0:2.1.2:1.0-port0
1790755658.5133,A,237,12776,-66,/dev/serial/by-path/pci-0000:05:00.3-usb-0:2.1.1:1.0-port0
1790755658.5471,C,211,12805,-76,/dev/serial/by-path/pci-0000:05:00.3-usb-0:2.1.3:1.0-port0
1790755658.5587,B,218,12818,-81,/dev/serial/by-path/pci-0000:05:00.3-usb-0:2.1.2:1.0-port0
1790755658.5658,A,238,12829,-67,/dev/serial/by-path/pci-0000:05:00.3-usb-0:2.1.1:1.0-port0
1790755658.5928,A,239,12856,-68,/dev/serial/by-path/pci-0000:05:00.3-usb-0:2.1.1:1.0-port0
1790755658.5951,C,212,12852,-76,/dev/serial/by-path/pci-0000:05:00.3-usb-0:2.1.3:1.0-port0
1790755658.6151,B,219,12874,-67,/dev/serial/by-path/pci-0000:05:00.3-usb-0:2.1.2:1.0-port0
1790755658.6404,C,213,12898,-77,/dev/serial/by-path/pci-0000:05:00.3-usb-0:2.1.3:1.0-port0
1790755658.6407,A,240,12903,-64,/dev/serial/by-path/pci-0000:05:00.3-usb-0:2.1.1:1.0-port0
1790755658.6409,B,220,12900,-74,/dev/serial/by-path/pci-0000:05:00.3-usb-0:2.1.2:1.0-port0
1790755658.6825,C,214,12940,-77,/dev/serial/by-path/pci-0000:05:00.3-usb-0:2.1.3:1.0-port0
1790755658.6826,B,221,12941,-83,/dev/serial/by-path/pci-0000:05:00.3-usb-0:2.1.2:1.0-port0
1790755658.6842,A,241,12947,-65,/dev/serial/by-path/pci-0000:05:00.3-usb-0:2.1.1:1.0-port0
1790755658.7372,A,242,13000,-68,/dev/serial/by-path/pci-0000:05:00.3-usb-0:2.1.1:1.0-port0
1790755658.7764,A,243,13039,-64,/dev/serial/by-path/pci-0000:05:00.3-usb-0:2.1.1:1.0-port0
1790755658.7765,B,222,13036,-74,/dev/serial/by-path/pci-0000:05:00.3-usb-0:2.1.2:1.0-port0
1790755658.8121,C,215,13070,-78,/dev/serial/by-path/pci-0000:05:00.3-usb-0:2.1.3:1.0-port0
1790755658.8427,A,244,13106,-65,/dev/serial/by-path/pci-0000:05:00.3-usb-0:2.1.1:1.0-port0
1790755658.8645,C,216,13123,-77,/dev/serial/by-path/pci-0000:05:00.3-usb-0:2.1.3:1.0-port0
1790755658.8648,B,223,13124,-83,/dev/serial/by-path/pci-0000:05:00.3-usb-0:2.1.2:1.0-port0
1790755658.8668,C,217,13123,-78,/dev/serial/by-path/pci-0000:05:00.3-usb-0:2.1.3:1.0-port0
1790755658.8808,A,245,13145,-68,/dev/serial/by-path/pci-0000:05:00.3-usb-0:2.1.1:1.0-port0
1790755658.9177,C,218,13175,-72,/dev/serial/by-path/pci-0000:05:00.3-usb-0:2.1.3:1.0-port0
1790755658.9422,A,246,13205,-64,/dev/serial/by-path/pci-0000:05:00.3-usb-0:2.1.1:1.0-port0
1790755658.9580,B,224,13217,-72,/dev/serial/by-path/pci-0000:05:00.3-usb-0:2.1.2:1.0-port0
1790755658.9584,A,247,13221,-65,/dev/serial/by-path/pci-0000:05:00.3-usb-0:2.1.1:1.0-port0
1790755658.9971,C,219,13254,-74,/dev/serial/by-path/pci-0000:05:00.3-usb-0:2.1.3:1.0-port0
1790755659.0146,B,225,13273,-87,/dev/serial/by-path/pci-0000:05:00.3-usb-0:2.1.2:1.0-port0
1790755659.0393,A,248,13303,-67,/dev/serial/by-path/pci-0000:05:00.3-usb-0:2.1.1:1.0-port0
1790755659.0405,C,220,13298,-70,/dev/serial/by-path/pci-0000:05:00.3-usb-0:2.1.3:1.0-port0
1790755659.0412,A,249,13303,-68,/dev/serial/by-path/pci-0000:05:00.3-usb-0:2.1.1:1.0-port0
1790755659.0556,B,226,13315,-67,/dev/serial/by-path/pci-0000:05:00.3-usb-0:2.1.2:1.0-port0
1790755659.0860,B,227,13345,-71,/dev/serial/by-path/pci-0000:05:00.3-usb-0:2.1.2:1.0-port0
1790755659.0864,A,250,13349,-64,/dev/serial/by-path/pci-0000:05:00.3-usb-0:2.1.1:1.0-port0
1790755659.1261,B,228,13385,-90,/dev/serial/by-path/pci-0000:05:00.3-usb-0:2.1.2:1.0-port0
1790755659.1265,C,221,13384,-73,/dev/serial/by-path/pci-0000:05:00.3-usb-0:2.1.3:1.0-port0
1790755659.1426,A,251,13406,-66,/dev/serial/by-path/pci-0000:05:00.3-usb-0:2.1.1:1.0-port0
1790755659.1914,A,252,13454,-67,/dev/serial/by-path/pci-0000:05:00.3-usb-0:2.1.1:1.0-port0
1790755659.1971,B,229,13456,-68,/dev/serial/by-path/pci-0000:05:00.3-usb-0:2.1.2:1.0-port0
1790755659.1972,C,222,13455,-69,/dev/serial/by-path/pci-0000:05:00.3-usb-0:2.1.3:1.0-port0
1790755659.2171,C,223,13475,-70,/dev/serial/by-path/pci-0000:05:00.3-usb-0:2.1.3:1.0-port0
1790755659.2428,A,253,13506,-64,/dev/serial/by-path/pci-0000:05:00.3-usb-0:2.1.1:1.0-port0
1790755659.2612,A,254,13525,-65,/dev/serial/by-path/pci-0000:05:00.3-usb-0:2.1.1:1.0-port0
1790755659.2616,C,224,13519,-88,/dev/serial/by-path/pci-0000:05:00.3-usb-0:2.1.3:1.0-port0
1790755659.2646,B,230,13524,-72,/dev/serial/by-path/pci-0000:05:00.3-usb-0:2.1.2:1.0-port0
1790755659.3011,B,231,13560,-85,/dev/serial/by-path/pci-0000:05:00.3-usb-0:2.1.2:1.0-port0
1790755659.3075,A,255,13571,-68,/dev/serial/by-path/pci-0000:05:00.3-usb-0:2.1.1:1.0-port0
1790755659.3079,C,225,13566,-78,/dev/serial/by-path/pci-0000:05:00.3-usb-0:2.1.3:1.0-port0
1790755659.3483,B,232,13608,-68,/dev/serial/by-path/pci-0000:05:00.3-usb-0:2.1.2:1.0-port0
1790755659.3487,C,226,13606,-73,/dev/serial/by-path/pci-0000:05:00.3-usb-0:2.1.3:1.0-port0
1790755659.3576,A,256,13621,-64,/dev/serial/by-path/pci-0000:05:00.3-usb-0:2.1.1:1.0-port0
1790755659.3976,B,233,13657,-70,/dev/serial/by-path/pci-0000:05:00.3-usb-0:2.1.2:1.0-port0
1790755659.4165,C,227,13674,-85,/dev/serial/by-path/pci-0000:05:00.3-usb-0:2.1.3:1.0-port0
1790755659.4166,A,257,13680,-65,/dev/serial/by-path/pci-0000:05:00.3-usb-0:2.1.1:1.0-port0
1790755659.4634,C,228,13721,-91,/dev/serial/by-path/pci-0000:05:00.3-usb-0:2.1.3:1.0-port0
1790755659.4642,B,234,13723,-80,/dev/serial/by-path/pci-0000:05:00.3-usb-0:2.1.2:1.0-port0
1790755659.4912,B,235,13750,-67,/dev/serial/by-path/pci-0000:05:00.3-usb-0:2.1.2:1.0-port0
1790755659.4915,A,258,13754,-67,/dev/serial/by-path/pci-0000:05:00.3-usb-0:2.1.1:1.0-port0
1790755659.4918,C,229,13749,-73,/dev/serial/by-path/pci-0000:05:00.3-usb-0:2.1.3:1.0-port0
1790755659.5372,A,259,13800,-64,/dev/serial/by-path/pci-0000:05:00.3-usb-0:2.1.1:1.0-port0
1790755659.5376,C,230,13795,-83,/dev/serial/by-path/pci-0000:05:00.3-usb-0:2.1.3:1.0-port0
1790755659.5379,B,236,13796,-70,/dev/serial/by-path/pci-0000:05:00.3-usb-0:2.1.2:1.0-port0
1790755659.5977,C,231,13855,-80,/dev/serial/by-path/pci-0000:05:00.3-usb-0:2.1.3:1.0-port0
1790755659.6031,B,237,13862,-79,/dev/serial/by-path/pci-0000:05:00.3-usb-0:2.1.2:1.0-port0
1790755659.6334,B,238,13893,-68,/dev/serial/by-path/pci-0000:05:00.3-usb-0:2.1.2:1.0-port0
1790755659.6428,A,260,13906,-66,/dev/serial/by-path/pci-0000:05:00.3-usb-0:2.1.1:1.0-port0
1790755659.6604,C,232,13918,-75,/dev/serial/by-path/pci-0000:05:00.3-usb-0:2.1.3:1.0-port0
1790755659.6834,A,261,13946,-64,/dev/serial/by-path/pci-0000:05:00.3-usb-0:2.1.1:1.0-port0
1790755659.6854,B,239,13944,-71,/dev/serial/by-path/pci-0000:05:00.3-usb-0:2.1.2:1.0-port0
1790755659.7179,C,233,13976,-82,/dev/serial/by-path/pci-0000:05:00.3-usb-0:2.1.3:1.0-port0
1790755659.7343,A,262,13997,-66,/dev/serial/by-path/pci-0000:05:00.3-usb-0:2.1.1:1.0-port0
1790755659.7756,A,263,14039,-67,/dev/serial/by-path/pci-0000:05:00.3-usb-0:2.1.1:1.0-port0
1790755659.8146,B,240,14073,-68,/dev/serial/by-path/pci-0000:05:00.3-usb-0:2.1.2:1.0-port0
1790755659.8187,C,234,14076,-74,/dev/serial/by-path/pci-0000:05:00.3-usb-0:2.1.3:1.0-port0
1790755659.8258,A,264,14089,-64,/dev/serial/by-path/pci-0000:05:00.3-usb-0:2.1.1:1.0-port0
1790755659.8261,B,241,14085,-71,/dev/serial/by-path/pci-0000:05:00.3-usb-0:2.1.2:1.0-port0
1790755659.8762,A,265,14139,-66,/dev/serial/by-path/pci-0000:05:00.3-usb-0:2.1.1:1.0-port0
1790755659.8967,C,235,14154,-72,/dev/serial/by-path/pci-0000:05:00.3-usb-0:2.1.3:1.0-port0
1790755659.8968,B,242,14155,-81,/dev/serial/by-path/pci-0000:05:00.3-usb-0:2.1.2:1.0-port0
1790755659.9168,C,236,14174,-71,/dev/serial/by-path/pci-0000:05:00.3-usb-0:2.1.3:1.0-port0
1790755659.9169,A,266,14180,-67,/dev/serial/by-path/pci-0000:05:00.3-usb-0:2.1.1:1.0-port0
1790755659.9379,B,243,14197,-68,/dev/serial/by-path/pci-0000:05:00.3-usb-0:2.1.2:1.0-port0
1790755659.9632,C,237,14221,-70,/dev/serial/by-path/pci-0000:05:00.3-usb-0:2.1.3:1.0-port0
1790755659.9636,A,267,14227,-64,/dev/serial/by-path/pci-0000:05:00.3-usb-0:2.1.1:1.0-port0
1790755659.9642,B,244,14224,-68,/dev/serial/by-path/pci-0000:05:00.3-usb-0:2.1.2:1.0-port0
1790755660.0111,B,245,14270,-71,/dev/serial/by-path/pci-0000:05:00.3-usb-0:2.1.2:1.0-port0
1790755660.0112,C,238,14269,-76,/dev/serial/by-path/pci-0000:05:00.3-usb-0:2.1.3:1.0-port0
1790755660.0428,A,268,14306,-66,/dev/serial/by-path/pci-0000:05:00.3-usb-0:2.1.1:1.0-port0
1790755660.0523,C,239,14310,-70,/dev/serial/by-path/pci-0000:05:00.3-usb-0:2.1.3:1.0-port0
1790755660.0531,A,269,14316,-67,/dev/serial/by-path/pci-0000:05:00.3-usb-0:2.1.1:1.0-port0
1790755660.0635,B,246,14322,-82,/dev/serial/by-path/pci-0000:05:00.3-usb-0:2.1.2:1.0-port0
1790755660.1146,B,247,14374,-67,/dev/serial/by-path/pci-0000:05:00.3-usb-0:2.1.2:1.0-port0
1790755660.1178,C,240,14376,-68,/dev/serial/by-path/pci-0000:05:00.3-usb-0:2.1.3:1.0-port0
1790755660.1406,A,270,14404,-63,/dev/serial/by-path/pci-0000:05:00.3-usb-0:2.1.1:1.0-port0
1790755660.1429,A,271,14405,-64,/dev/serial/by-path/pci-0000:05:00.3-usb-0:2.1.1:1.0-port0
1790755660.1473,B,248,14406,-71,/dev/serial/by-path/pci-0000:05:00.3-usb-0:2.1.2:1.0-port0
1790755660.1477,C,241,14405,-75,/dev/serial/by-path/pci-0000:05:00.3-usb-0:2.1.3:1.0-port0
1790755660.1905,C,242,14448,-69,/dev/serial/by-path/pci-0000:05:00.3-usb-0:2.1.3:1.0-port0
1790755660.1908,B,249,14449,-82,/dev/serial/by-path/pci-0000:05:00.3-usb-0:2.1.2:1.0-port0
1790755660.1930,A,272,14456,-66,/dev/serial/by-path/pci-0000:05:00.3-usb-0:2.1.1:1.0-port0
1790755660.2395,B,250,14498,-68,/dev/serial/by-path/pci-0000:05:00.3-usb-0:2.1.2:1.0-port0
1790755660.2431,A,273,14506,-67,/dev/serial/by-path/pci-0000:05:00.3-usb-0:2.1.1:1.0-port0
1790755660.2484,C,243,14506,-69,/dev/serial/by-path/pci-0000:05:00.3-usb-0:2.1.3:1.0-port0
1790755660.2855,A,274,14548,-63,/dev/serial/by-path/pci-0000:05:00.3-usb-0:2.1.1:1.0-port0
1790755660.3145,B,251,14573,-71,/dev/serial/by-path/pci-0000:05:00.3-usb-0:2.1.2:1.0-port0
1790755660.3158,C,244,14573,-75,/dev/serial/by-path/pci-0000:05:00.3-usb-0:2.1.3:1.0-port0
1790755660.3263,C,245,14584,-69,/dev/serial/by-path/pci-0000:05:00.3-usb-0:2.1.3:1.0-port0
1790755660.3268,B,252,14585,-82,/dev/serial/by-path/pci-0000:05:00.3-usb-0:2.1.2:1.0-port0
1790755660.3430,A,275,14606,-65,/dev/serial/by-path/pci-0000:05:00.3-usb-0:2.1.1:1.0-port0
1790755660.3691,A,276,14632,-67,/dev/serial/by-path/pci-0000:05:00.3-usb-0:2.1.1:1.0-port0
1790755660.3748,B,253,14634,-68,/dev/serial/by-path/pci-0000:05:00.3-usb-0:2.1.2:1.0-port0
1790755660.4139,B,254,14673,-68,/dev/serial/by-path/pci-0000:05:00.3-usb-0:2.1.2:1.0-port0
1790755660.4175,C,246,14676,-68,/dev/serial/by-path/pci-0000:05:00.3-usb-0:2.1.3:1.0-port0
1790755660.4432,A,277,14706,-64,/dev/serial/by-path/pci-0000:05:00.3-usb-0:2.1.1:1.0-port0
1790755660.4529,C,247,14710,-80,/dev/serial/by-path/pci-0000:05:00.3-usb-0:2.1.3:1.0-port0
1790755660.4534,A,278,14716,-67,/dev/serial/by-path/pci-0000:05:00.3-usb-0:2.1.1:1.0-port0
1790755660.4538,B,255,14713,-73,/dev/serial/by-path/pci-0000:05:00.3-usb-0:2.1.2:1.0-port0
1790755660.5010,C,248,14759,-69,/dev/serial/by-path/pci-0000:05:00.3-usb-0:2.1.3:1.0-port0
1790755660.5031,B,256,14762,-83,/dev/serial/by-path/pci-0000:05:00.3-usb-0:2.1.2:1.0-port0
1790755660.5036,A,279,14766,-67,/dev/serial/by-path/pci-0000:05:00.3-usb-0:2.1.1:1.0-port0
1790755660.5517,C,249,14809,-68,/dev/serial/by-path/pci-0000:05:00.3-usb-0:2.1.3:1.0-port0
1790755660.5518,B,257,14810,-68,/dev/serial/by-path/pci-0000:05:00.3-usb-0:2.1.2:1.0-port0
1790755660.5642,A,280,14827,-64,/dev/serial/by-path/pci-0000:05:00.3-usb-0:2.1.1:1.0-port0
1790755660.5949,C,250,14852,-77,/dev/serial/by-path/pci-0000:05:00.3-usb-0:2.1.3:1.0-port0
1790755660.5953,B,258,14854,-71,/dev/serial/by-path/pci-0000:05:00.3-usb-0:2.1.2:1.0-port0
1790755660.6390,B,259,14898,-82,/dev/serial/by-path/pci-0000:05:00.3-usb-0:2.1.2:1.0-port0
1790755660.6391,C,251,14897,-70,/dev/serial/by-path/pci-0000:05:00.3-usb-0:2.1.3:1.0-port0
1790755660.6431,A,281,14906,-66,/dev/serial/by-path/pci-0000:05:00.3-usb-0:2.1.1:1.0-port0
1790755660.6845,C,252,14942,-68,/dev/serial/by-path/pci-0000:05:00.3-usb-0:2.1.3:1.0-port0
1790755660.6851,B,260,14943,-67,/dev/serial/by-path/pci-0000:05:00.3-usb-0:2.1.2:1.0-port0
1790755660.6892,A,282,14952,-67,/dev/serial/by-path/pci-0000:05:00.3-usb-0:2.1.1:1.0-port0
1790755660.7347,C,253,14992,-74,/dev/serial/by-path/pci-0000:05:00.3-usb-0:2.1.3:1.0-port0
1790755660.7350,B,261,14994,-72,/dev/serial/by-path/pci-0000:05:00.3-usb-0:2.1.2:1.0-port0
1790755660.7412,A,283,15004,-64,/dev/serial/by-path/pci-0000:05:00.3-usb-0:2.1.1:1.0-port0
1790755660.7761,C,254,15034,-70,/dev/serial/by-path/pci-0000:05:00.3-usb-0:2.1.3:1.0-port0
1790755660.7802,A,284,15043,-65,/dev/serial/by-path/pci-0000:05:00.3-usb-0:2.1.1:1.0-port0
1790755660.7855,B,262,15044,-81,/dev/serial/by-path/pci-0000:05:00.3-usb-0:2.1.2:1.0-port0
1790755660.8179,A,285,15081,-67,/dev/serial/by-path/pci-0000:05:00.3-usb-0:2.1.1:1.0-port0
1790755660.8182,C,255,15075,-69,/dev/serial/by-path/pci-0000:05:00.3-usb-0:2.1.3:1.0-port0
1790755660.8646,B,263,15123,-68,/dev/serial/by-path/pci-0000:05:00.3-usb-0:2.1.2:1.0-port0
1790755660.8688,C,256,15126,-68,/dev/serial/by-path/pci-0000:05:00.3-usb-0:2.1.3:1.0-port0
1790755660.8926,A,286,15156,-64,/dev/serial/by-path/pci-0000:05:00.3-usb-0:2.1.1:1.0-port0
1790755660.8945,B,264,15153,-72,/dev/serial/by-path/pci-0000:05:00.3-usb-0:2.1.2:1.0-port0
1790755660.9176,C,257,15175,-76,/dev/serial/by-path/pci-0000:05:00.3-usb-0:2.1.3:1.0-port0
1790755660.9274,A,287,15191,-64,/dev/serial/by-path/pci-0000:05:00.3-usb-0:2.1.1:1.0-port0
1790755660.9646,B,265,15223,-80,/dev/serial/by-path/pci-0000:05:00.3-usb-0:2.1.2:1.0-port0
1790755660.9687,C,258,15226,-69,/dev/serial/by-path/pci-0000:05:00.3-usb-0:2.1.3:1.0-port0
1790755660.9922,A,288,15255,-67,/dev/serial/by-path/pci-0000:05:00.3-usb-0:2.1.1:1.0-port0
1790755661.0115,C,259,15269,-69,/dev/serial/by-path/pci-0000:05:00.3-usb-0:2.1.3:1.0-port0
1790755661.0152,B,266,15274,-67,/dev/serial/by-path/pci-0000:05:00.3-usb-0:2.1.2:1.0-port0
1790755661.0430,A,289,15306,-64,/dev/serial/by-path/pci-0000:05:00.3-usb-0:2.1.1:1.0-port0
1790755661.0546,B,267,15314,-72,/dev/serial/by-path/pci-0000:05:00.3-usb-0:2.1.2:1.0-port0
1790755661.0681,C,260,15326,-76,/dev/serial/by-path/pci-0000:05:00.3-usb-0:2.1.3:1.0-port0
1790755661.0929,A,290,15356,-64,/dev/serial/by-path/pci-0000:05:00.3-usb-0:2.1.1:1.0-port0
1790755661.0952,C,261,15353,-70,/dev/serial/by-path/pci-0000:05:00.3-usb-0:2.1.3:1.0-port0
1790755661.0953,B,268,15354,-81,/dev/serial/by-path/pci-0000:05:00.3-usb-0:2.1.2:1.0-port0
1790755661.1427,C,262,15400,-69,/dev/serial/by-path/pci-0000:05:00.3-usb-0:2.1.3:1.0-port0
1790755661.1428,B,269,15401,-67,/dev/serial/by-path/pci-0000:05:00.3-usb-0:2.1.2:1.0-port0
1790755661.1433,A,291,15406,-67,/dev/serial/by-path/pci-0000:05:00.3-usb-0:2.1.1:1.0-port0
1790755661.1866,B,270,15445,-72,/dev/serial/by-path/pci-0000:05:00.3-usb-0:2.1.2:1.0-port0
1790755661.2284,A,292,15491,-64,/dev/serial/by-path/pci-0000:05:00.3-usb-0:2.1.1:1.0-port0
1790755661.2488,B,271,15507,-82,/dev/serial/by-path/pci-0000:05:00.3-usb-0:2.1.2:1.0-port0
1790755661.2489,C,263,15506,-70,/dev/serial/by-path/pci-0000:05:00.3-usb-0:2.1.3:1.0-port0
1790755661.2680,A,293,15531,-67,/dev/serial/by-path/pci-0000:05:00.3-usb-0:2.1.1:1.0-port0
1790755661.2684,C,264,15525,-70,/dev/serial/by-path/pci-0000:05:00.3-usb-0:2.1.3:1.0-port0
1790755661.3125,B,272,15571,-67,/dev/serial/by-path/pci-0000:05:00.3-usb-0:2.1.2:1.0-port0
1790755661.3126,C,265,15570,-70,/dev/serial/by-path/pci-0000:05:00.3-usb-0:2.1.3:1.0-port0
1790755661.3137,A,294,15576,-64,/dev/serial/by-path/pci-0000:05:00.3-usb-0:2.1.1:1.0-port0
1790755661.3615,B,273,15620,-73,/dev/serial/by-path/pci-0000:05:00.3-usb-0:2.1.2:1.0-port0
1790755661.3682,C,266,15626,-75,/dev/serial/by-path/pci-0000:05:00.3-usb-0:2.1.3:1.0-port0
1790755661.3924,A,295,15656,-64,/dev/serial/by-path/pci-0000:05:00.3-usb-0:2.1.1:1.0-port0
1790755661.3997,C,267,15657,-71,/dev/serial/by-path/pci-0000:05:00.3-usb-0:2.1.3:1.0-port0
1790755661.4086,B,274,15667,-84,/dev/serial/by-path/pci-0000:05:00.3-usb-0:2.1.2:1.0-port0
1790755661.4090,A,296,15671,-67,/dev/serial/by-path/pci-0000:05:00.3-usb-0:2.1.1:1.0-port0
1790755661.4458,B,275,15705,-67,/dev/serial/by-path/pci-0000:05:00.3-usb-0:2.1.2:1.0-port0
1790755661.4664,A,297,15729,-63,/dev/serial/by-path/pci-0000:05:00.3-usb-0:2.1.1:1.0-port0
1790755661.4682,C,268,15726,-71,/dev/serial/by-path/pci-0000:05:00.3-usb-0:2.1.3:1.0-port0
1790755661.4878,B,276,15747,-72,/dev/serial/by-path/pci-0000:05:00.3-usb-0:2.1.2:1.0-port0
1790755661.4882,A,298,15751,-63,/dev/serial/by-path/pci-0000:05:00.3-usb-0:2.1.1:1.0-port0
1790755661.4883,C,269,15746,-74,/dev/serial/by-path/pci-0000:05:00.3-usb-0:2.1.3:1.0-port0
1790755661.5278,B,277,15786,-84,/dev/serial/by-path/pci-0000:05:00.3-usb-0:2.1.2:1.0-port0
1790755661.5279,C,270,15785,-72,/dev/serial/by-path/pci-0000:05:00.3-usb-0:2.1.3:1.0-port0
1790755661.5295,A,299,15792,-65,/dev/serial/by-path/pci-0000:05:00.3-usb-0:2.1.1:1.0-port0
1790755661.5757,A,300,15838,-67,/dev/serial/by-path/pci-0000:05:00.3-usb-0:2.1.1:1.0-port0
1790755661.6092,C,271,15867,-72,/dev/serial/by-path/pci-0000:05:00.3-usb-0:2.1.3:1.0-port0
1790755661.6123,B,278,15872,-67,/dev/serial/by-path/pci-0000:05:00.3-usb-0:2.1.2:1.0-port0
1790755661.6242,A,301,15887,-63,/dev/serial/by-path/pci-0000:05:00.3-usb-0:2.1.1:1.0-port0
1790755661.6246,B,279,15884,-73,/dev/serial/by-path/pci-0000:05:00.3-usb-0:2.1.2:1.0-port0
1790755661.6387,C,272,15896,-76,/dev/serial/by-path/pci-0000:05:00.3-usb-0:2.1.3:1.0-port0
1790755661.6678,C,273,15925,-77,/dev/serial/by-path/pci-0000:05:00.3-usb-0:2.1.3:1.0-port0
1790755661.6834,A,302,15946,-65,/dev/serial/by-path/pci-0000:05:00.3-usb-0:2.1.1:1.0-port0
1790755661.7112,C,274,15968,-73,/dev/serial/by-path/pci-0000:05:00.3-usb-0:2.1.3:1.0-port0
1790755661.7132,B,280,15972,-83,/dev/serial/by-path/pci-0000:05:00.3-usb-0:2.1.2:1.0-port0
1790755661.7253,A,303,15988,-66,/dev/serial/by-path/pci-0000:05:00.3-usb-0:2.1.1:1.0-port0
1790755661.7606,C,275,16018,-73,/dev/serial/by-path/pci-0000:05:00.3-usb-0:2.1.3:1.0-port0
1790755661.7607,B,281,16019,-67,/dev/serial/by-path/pci-0000:05:00.3-usb-0:2.1.2:1.0-port0
1790755661.7929,A,304,16056,-64,/dev/serial/by-path/pci-0000:05:00.3-usb-0:2.1.1:1.0-port0
1790755661.8080,C,276,16065,-76,/dev/serial/by-path/pci-0000:05:00.3-usb-0:2.1.3:1.0-port0
1790755661.8145,B,282,16073,-73,/dev/serial/by-path/pci-0000:05:00.3-usb-0:2.1.2:1.0-port0
1790755661.8198,A,305,16083,-64,/dev/serial/by-path/pci-0000:05:00.3-usb-0:2.1.1:1.0-port0
1790755661.8540,B,283,16113,-83,/dev/serial/by-path/pci-0000:05:00.3-usb-0:2.1.2:1.0-port0
1790755661.8541,C,277,16111,-76,/dev/serial/by-path/pci-0000:05:00.3-usb-0:2.1.3:1.0-port0
1790755661.8929,A,306,16156,-67,/dev/serial/by-path/pci-0000:05:00.3-usb-0:2.1.1:1.0-port0
1790755661.9538,A,307,16217,-65,/dev/serial/by-path/pci-0000:05:00.3-usb-0:2.1.1:1.0-port0
1790755661.9541,C,278,16211,-77,/dev/serial/by-path/pci-0000:05:00.3-usb-0:2.1.3:1.0-port0
1790755661.9545,B,284,16212,-71,/dev/serial/by-path/pci-0000:05:00.3-usb-0:2.1.2:1.0-port0
1790755661.9933,A,308,16256,-65,/dev/serial/by-path/pci-0000:05:00.3-usb-0:2.1.1:1.0-port0
1790755661.9979,B,285,16257,-81,/dev/serial/by-path/pci-0000:05:00.3-usb-0:2.1.2:1.0-port0
1790755662.0432,A,309,16306,-66,/dev/serial/by-path/pci-0000:05:00.3-usb-0:2.1.1:1.0-port0
1790755662.0648,B,286,16323,-68,/dev/serial/by-path/pci-0000:05:00.3-usb-0:2.1.2:1.0-port0
1790755662.0682,C,279,16326,-79,/dev/serial/by-path/pci-0000:05:00.3-usb-0:2.1.3:1.0-port0
1790755662.0938,C,280,16351,-81,/dev/serial/by-path/pci-0000:05:00.3-usb-0:2.1.3:1.0-port0
1790755662.0940,B,287,16352,-71,/dev/serial/by-path/pci-0000:05:00.3-usb-0:2.1.2:1.0-port0
1790755662.1281,B,288,16387,-81,/dev/serial/by-path/pci-0000:05:00.3-usb-0:2.1.2:1.0-port0
1790755662.1285,C,281,16386,-75,/dev/serial/by-path/pci-0000:05:00.3-usb-0:2.1.3:1.0-port0
1790755662.1355,A,310,16398,-65,/dev/serial/by-path/pci-0000:05:00.3-usb-0:2.1.1:1.0-port0
1790755662.1927,A,311,16456,-67,/dev/serial/by-path/pci-0000:05:00.3-usb-0:2.1.1:1.0-port0
1790755662.2321,B,289,16491,-70,/dev/serial/by-path/pci-0000:05:00.3-usb-0:2.1.2:1.0-port0
1790755662.2323,C,282,16489,-76,/dev/serial/by-path/pci-0000:05:00.3-usb-0:2.1.3:1.0-port0
1790755662.2701,A,312,16533,-63,/dev/serial/by-path/pci-0000:05:00.3-usb-0:2.1.1:1.0-port0
1790755662.3121,B,290,16571,-80,/dev/serial/by-path/pci-0000:05:00.3-usb-0:2.1.2:1.0-port0
1790755662.3183,C,283,16576,-78,/dev/serial/by-path/pci-0000:05:00.3-usb-0:2.1.3:1.0-port0
1790755662.3396,A,313,16602,-65,/dev/serial/by-path/pci-0000:05:00.3-usb-0:2.1.1:1.0-port0
1790755662.3580,B,291,16617,-67,/dev/serial/by-path/pci-0000:05:00.3-usb-0:2.1.2:1.0-port0
1790755662.3581,A,314,16621,-62,/dev/serial/by-path/pci-0000:05:00.3-usb-0:2.1.1:1.0-port0
1790755662.3585,C,284,16616,-77,/dev/serial/by-path/pci-0000:05:00.3-usb-0:2.1.3:1.0-port0
1790755662.4026,C,285,16660,-76,/dev/serial/by-path/pci-0000:05:00.3-usb-0:2.1.3:1.0-port0
1790755662.4151,B,292,16674,-69,/dev/serial/by-path/pci-0000:05:00.3-usb-0:2.1.2:1.0-port0
1790755662.4378,A,315,16701,-63,/dev/serial/by-path/pci-0000:05:00.3-usb-0:2.1.1:1.0-port0
1790755662.4461,B,293,16705,-77,/dev/serial/by-path/pci-0000:05:00.3-usb-0:2.1.2:1.0-port0
1790755662.4841,A,316,16747,-64,/dev/serial/by-path/pci-0000:05:00.3-usb-0:2.1.1:1.0-port0
1790755662.5013,C,286,16758,-75,/dev/serial/by-path/pci-0000:05:00.3-usb-0:2.1.3:1.0-port0
1790755662.5014,B,294,16760,-68,/dev/serial/by-path/pci-0000:05:00.3-usb-0:2.1.2:1.0-port0
1790755662.5349,B,295,16793,-70,/dev/serial/by-path/pci-0000:05:00.3-usb-0:2.1.2:1.0-port0
1790755662.5433,A,317,16806,-60,/dev/serial/by-path/pci-0000:05:00.3-usb-0:2.1.1:1.0-port0
1790755662.5480,C,287,16805,-74,/dev/serial/by-path/pci-0000:05:00.3-usb-0:2.1.3:1.0-port0
1790755662.5820,C,288,16839,-78,/dev/serial/by-path/pci-0000:05:00.3-usb-0:2.1.3:1.0-port0
1790755662.5840,A,318,16847,-62,/dev/serial/by-path/pci-0000:05:00.3-usb-0:2.1.1:1.0-port0
1790755662.5877,B,296,16846,-81,/dev/serial/by-path/pci-0000:05:00.3-usb-0:2.1.2:1.0-port0
1790755662.6306,C,289,16888,-72,/dev/serial/by-path/pci-0000:05:00.3-usb-0:2.1.3:1.0-port0
1790755662.6309,A,319,16894,-64,/dev/serial/by-path/pci-0000:05:00.3-usb-0:2.1.1:1.0-port0
1790755662.6313,B,297,16890,-67,/dev/serial/by-path/pci-0000:05:00.3-usb-0:2.1.2:1.0-port0
1790755662.6762,B,298,16935,-71,/dev/serial/by-path/pci-0000:05:00.3-usb-0:2.1.2:1.0-port0
1790755662.6767,C,290,16934,-74,/dev/serial/by-path/pci-0000:05:00.3-usb-0:2.1.3:1.0-port0
1790755662.6771,A,320,16939,-61,/dev/serial/by-path/pci-0000:05:00.3-usb-0:2.1.1:1.0-port0
1790755662.7407,B,299,16999,-82,/dev/serial/by-path/pci-0000:05:00.3-usb-0:2.1.2:1.0-port0
1790755662.7411,C,291,16998,-76,/dev/serial/by-path/pci-0000:05:00.3-usb-0:2.1.3:1.0-port0
1790755662.7430,A,321,17006,-62,/dev/serial/by-path/pci-0000:05:00.3-usb-0:2.1.1:1.0-port0
1790755662.7688,C,292,17026,-76,/dev/serial/by-path/pci-0000:05:00.3-usb-0:2.1.3:1.0-port0
1790755662.7732,B,300,17032,-67,/dev/serial/by-path/pci-0000:05:00.3-usb-0:2.1.2:1.0-port0
1790755662.7734,A,322,17036,-64,/dev/serial/by-path/pci-0000:05:00.3-usb-0:2.1.1:1.0-port0
1790755662.8124,C,293,17070,-73,/dev/serial/by-path/pci-0000:05:00.3-usb-0:2.1.3:1.0-port0
1790755662.8147,B,301,17074,-68,/dev/serial/by-path/pci-0000:05:00.3-usb-0:2.1.2:1.0-port0
1790755662.8433,A,323,17106,-61,/dev/serial/by-path/pci-0000:05:00.3-usb-0:2.1.1:1.0-port0
1790755662.8593,C,294,17117,-74,/dev/serial/by-path/pci-0000:05:00.3-usb-0:2.1.3:1.0-port0
1790755662.8623,B,302,17120,-71,/dev/serial/by-path/pci-0000:05:00.3-usb-0:2.1.2:1.0-port0
1790755662.8627,A,324,17125,-62,/dev/serial/by-path/pci-0000:05:00.3-usb-0:2.1.1:1.0-port0
1790755662.9011,B,303,17160,-78,/dev/serial/by-path/pci-0000:05:00.3-usb-0:2.1.2:1.0-port0
1790755662.9012,C,295,17158,-75,/dev/serial/by-path/pci-0000:05:00.3-usb-0:2.1.3:1.0-port0
1790755662.9030,A,325,17166,-63,/dev/serial/by-path/pci-0000:05:00.3-usb-0:2.1.1:1.0-port0
1790755662.9478,C,296,17205,-72,/dev/serial/by-path/pci-0000:05:00.3-usb-0:2.1.3:1.0-port0
1790755662.9638,B,304,17222,-66,/dev/serial/by-path/pci-0000:05:00.3-usb-0:2.1.2:1.0-port0
1790755662.9642,A,326,17227,-60,/dev/serial/by-path/pci-0000:05:00.3-usb-0:2.1.1:1.0-port0
1790755662.9949,B,305,17254,-72,/dev/serial/by-path/pci-0000:05:00.3-usb-0:2.1.2:1.0-port0
1790755663.0183,C,297,17276,-71,/dev/serial/by-path/pci-0000:05:00.3-usb-0:2.1.3:1.0-port0
1790755663.0386,B,306,17297,-76,/dev/serial/by-path/pci-0000:05:00.3-usb-0:2.1.2:1.0-port0
1790755663.0405,C,298,17298,-73,/dev/serial/by-path/pci-0000:05:00.3-usb-0:2.1.3:1.0-port0
1790755663.0427,A,327,17305,-58,/dev/serial/by-path/pci-0000:05:00.3-usb-0:2.1.1:1.0-port0
1790755663.0788,A,328,17342,-62,/dev/serial/by-path/pci-0000:05:00.3-usb-0:2.1.1:1.0-port0
1790755663.0794,B,307,17338,-66,/dev/serial/by-path/pci-0000:05:00.3-usb-0:2.1.2:1.0-port0
1790755663.1062,C,299,17363,-66,/dev/serial/by-path/pci-0000:05:00.3-usb-0:2.1.3:1.0-port0
1790755663.1227,A,329,17385,-59,/dev/serial/by-path/pci-0000:05:00.3-usb-0:2.1.1:1.0-port0
1790755663.1518,C,300,17409,-68,/dev/serial/by-path/pci-0000:05:00.3-usb-0:2.1.3:1.0-port0
1790755663.1648,B,308,17423,-74,/dev/serial/by-path/pci-0000:05:00.3-usb-0:2.1.2:1.0-port0
1790755663.1683,C,301,17426,-69,/dev/serial/by-path/pci-0000:05:00.3-usb-0:2.1.3:1.0-port0
1790755663.1689,A,330,17432,-58,/dev/serial/by-path/pci-0000:05:00.3-usb-0:2.1.1:1.0-port0
1790755663.2111,B,309,17470,-73,/dev/serial/by-path/pci-0000:05:00.3-usb-0:2.1.2:1.0-port0
1790755663.2143,A,331,17477,-61,/dev/serial/by-path/pci-0000:05:00.3-usb-0:2.1.1:1.0-port0
1790755663.2159,C,302,17473,-72,/dev/serial/by-path/pci-0000:05:00.3-usb-0:2.1.3:1.0-port0
1790755663.2573,A,332,17520,-58,/dev/serial/by-path/pci-0000:05:00.3-usb-0:2.1.1:1.0-port0
1790755663.2646,B,310,17523,-66,/dev/serial/by-path/pci-0000:05:00.3-usb-0:2.1.2:1.0-port0
1790755663.2680,C,303,17526,-67,/dev/serial/by-path/pci-0000:05:00.3-usb-0:2.1.3:1.0-port0
1790755663.3067,B,311,17565,-73,/dev/serial/by-path/pci-0000:05:00.3-usb-0:2.1.2:1.0-port0
1790755663.3111,C,304,17568,-69,/dev/serial/by-path/pci-0000:05:00.3-usb-0:2.1.3:1.0-port0
1790755663.3117,A,333,17575,-57,/dev/serial/by-path/pci-0000:05:00.3-usb-0:2.1.1:1.0-port0
1790755663.3550,C,305,17613,-73,/dev/serial/by-path/pci-0000:05:00.3-usb-0:2.1.3:1.0-port0
1790755663.3551,B,312,17613,-73,/dev/serial/by-path/pci-0000:05:00.3-usb-0:2.1.2:1.0-port0
1790755663.3816,A,334,17644,-62,/dev/serial/by-path/pci-0000:05:00.3-usb-0:2.1.1:1.0-port0
1790755663.4096,B,313,17668,-66,/dev/serial/by-path/pci-0000:05:00.3-usb-0:2.1.2:1.0-port0
1790755663.4183,C,306,17676,-67,/dev/serial/by-path/pci-0000:05:00.3-usb-0:2.1.3:1.0-port0
1790755663.4408,A,335,17704,-59,/dev/serial/by-path/pci-0000:05:00.3-usb-0:2.1.1:1.0-port0
1790755663.4911,B,314,17750,-75,/dev/serial/by-path/pci-0000:05:00.3-usb-0:2.1.2:1.0-port0
1790755663.4935,A,336,17756,-57,/dev/serial/by-path/pci-0000:05:00.3-usb-0:2.1.1:1.0-port0
1790755663.4955,C,307,17753,-73,/dev/serial/by-path/pci-0000:05:00.3-usb-0:2.1.3:1.0-port0
1790755663.5345,A,337,17797,-63,/dev/serial/by-path/pci-0000:05:00.3-usb-0:2.1.1:1.0-port0
1790755663.5793,A,338,17842,-62,/dev/serial/by-path/pci-0000:05:00.3-usb-0:2.1.1:1.0-port0
1790755663.5801,B,315,17839,-82,/dev/serial/by-path/pci-0000:05:00.3-usb-0:2.1.2:1.0-port0
1790755663.5867,C,308,17844,-70,/dev/serial/by-path/pci-0000:05:00.3-usb-0:2.1.3:1.0-port0
1790755663.6275,C,309,17885,-77,/dev/serial/by-path/pci-0000:05:00.3-usb-0:2.1.3:1.0-port0
1790755663.6280,B,316,17887,-79,/dev/serial/by-path/pci-0000:05:00.3-usb-0:2.1.2:1.0-port0
1790755663.6297,A,339,17892,-62,/dev/serial/by-path/pci-0000:05:00.3-usb-0:2.1.1:1.0-port0
1790755663.6740,B,317,17932,-68,/dev/serial/by-path/pci-0000:05:00.3-usb-0:2.1.2:1.0-port0
1790755663.6873,A,340,17950,-67,/dev/serial/by-path/pci-0000:05:00.3-usb-0:2.1.1:1.0-port0
1790755663.7184,C,310,17975,-84,/dev/serial/by-path/pci-0000:05:00.3-usb-0:2.1.3:1.0-port0
1790755663.7239,B,318,17982,-75,/dev/serial/by-path/pci-0000:05:00.3-usb-0:2.1.2:1.0-port0
1790755663.7372,A,341,18000,-64,/dev/serial/by-path/pci-0000:05:00.3-usb-0:2.1.1:1.0-port0
1790755663.7631,C,311,18021,-75,/dev/serial/by-path/pci-0000:05:00.3-usb-0:2.1.3:1.0-port0
1790755663.7650,B,319,18024,-73,/dev/serial/by-path/pci-0000:05:00.3-usb-0:2.1.2:1.0-port0
1790755663.7739,A,342,18037,-65,/dev/serial/by-path/pci-0000:05:00.3-usb-0:2.1.1:1.0-port0
1790755663.8071,A,343,18070,-65,/dev/serial/by-path/pci-0000:05:00.3-usb-0:2.1.1:1.0-port0
1790755663.8089,B,320,18067,-70,/dev/serial/by-path/pci-0000:05:00.3-usb-0:2.1.2:1.0-port0
1790755663.8116,C,312,18069,-72,/dev/serial/by-path/pci-0000:05:00.3-usb-0:2.1.3:1.0-port0
1790755663.8936,A,344,18156,-60,/dev/serial/by-path/pci-0000:05:00.3-usb-0:2.1.1:1.0-port0
1790755663.9103,B,321,18169,-67,/dev/serial/by-path/pci-0000:05:00.3-usb-0:2.1.2:1.0-port0
1790755663.9104,C,313,18168,-71,/dev/serial/by-path/pci-0000:05:00.3-usb-0:2.1.3:1.0-port0
1790755663.9365,A,345,18199,-59,/dev/serial/by-path/pci-0000:05:00.3-usb-0:2.1.1:1.0-port0
1790755663.9439,B,322,18203,-65,/dev/serial/by-path/pci-0000:05:00.3-usb-0:2.1.2:1.0-port0
1790755663.9443,C,314,18202,-69,/dev/serial/by-path/pci-0000:05:00.3-usb-0:2.1.3:1.0-port0
1790755663.9854,C,315,18242,-86,/dev/serial/by-path/pci-0000:05:00.3-usb-0:2.1.3:1.0-port0
1790755663.9855,B,323,18244,-63,/dev/serial/by-path/pci-0000:05:00.3-usb-0:2.1.2:1.0-port0
1790755663.9913,A,346,18254,-61,/dev/serial/by-path/pci-0000:05:00.3-usb-0:2.1.1:1.0-port0
1790755664.0315,A,347,18294,-58,/dev/serial/by-path/pci-0000:05:00.3-usb-0:2.1.1:1.0-port0
1790755664.0358,C,316,18293,-69,/dev/serial/by-path/pci-0000:05:00.3-usb-0:2.1.3:1.0-port0
1790755664.0651,B,324,18324,-65,/dev/serial/by-path/pci-0000:05:00.3-usb-0:2.1.2:1.0-port0
1790755664.0791,A,348,18342,-57,/dev/serial/by-path/pci-0000:05:00.3-usb-0:2.1.1:1.0-port0
1790755664.0872,B,325,18346,-64,/dev/serial/by-path/pci-0000:05:00.3-usb-0:2.1.2:1.0-port0
1790755664.0952,C,317,18352,-67,/dev/serial/by-path/pci-0000:05:00.3-usb-0:2.1.3:1.0-port0
1790755664.1192,A,349,18382,-60,/dev/serial/by-path/pci-0000:05:00.3-usb-0:2.1.1:1.0-port0
1790755664.1195,C,318,18376,-68,/dev/serial/by-path/pci-0000:05:00.3-usb-0:2.1.3:1.0-port0
1790755664.1212,B,326,18380,-62,/dev/serial/by-path/pci-0000:05:00.3-usb-0:2.1.2:1.0-port0
1790755664.1692,C,319,18426,-82,/dev/serial/by-path/pci-0000:05:00.3-usb-0:2.1.3:1.0-port0
1790755664.1718,A,350,18434,-60,/dev/serial/by-path/pci-0000:05:00.3-usb-0:2.1.1:1.0-port0
1790755664.2191,C,320,18476,-77,/dev/serial/by-path/pci-0000:05:00.3-usb-0:2.1.3:1.0-port0
1790755664.2307,A,351,18493,-62,/dev/serial/by-path/pci-0000:05:00.3-usb-0:2.1.1:1.0-port0
1790755664.2614,B,327,18520,-67,/dev/serial/by-path/pci-0000:05:00.3-usb-0:2.1.2:1.0-port0
1790755664.2616,C,321,18519,-71,/dev/serial/by-path/pci-0000:05:00.3-usb-0:2.1.3:1.0-port0
1790755664.2621,A,352,18524,-63,/dev/serial/by-path/pci-0000:05:00.3-usb-0:2.1.1:1.0-port0
1790755664.3057,C,322,18563,-69,/dev/serial/by-path/pci-0000:05:00.3-usb-0:2.1.3:1.0-port0
1790755664.3060,B,328,18565,-63,/dev/serial/by-path/pci-0000:05:00.3-usb-0:2.1.2:1.0-port0
1790755664.3064,A,353,18568,-65,/dev/serial/by-path/pci-0000:05:00.3-usb-0:2.1.1:1.0-port0
1790755664.3547,B,329,18613,-69,/dev/serial/by-path/pci-0000:05:00.3-usb-0:2.1.2:1.0-port0
1790755664.3551,C,323,18612,-74,/dev/serial/by-path/pci-0000:05:00.3-usb-0:2.1.3:1.0-port0
1790755664.3900,A,354,18652,-64,/dev/serial/by-path/pci-0000:05:00.3-usb-0:2.1.1:1.0-port0
1790755664.3983,B,330,18657,-80,/dev/serial/by-path/pci-0000:05:00.3-usb-0:2.1.2:1.0-port0
1790755664.4007,A,355,18663,-68,/dev/serial/by-path/pci-0000:05:00.3-usb-0:2.1.1:1.0-port0
1790755664.4432,A,356,18706,-68,/dev/serial/by-path/pci-0000:05:00.3-usb-0:2.1.1:1.0-port0
1790755664.4503,B,331,18709,-68,/dev/serial/by-path/pci-0000:05:00.3-usb-0:2.1.2:1.0-port0
1790755664.4677,C,324,18726,-72,/dev/serial/by-path/pci-0000:05:00.3-usb-0:2.1.3:1.0-port0
1790755664.4912,B,332,18750,-67,/dev/serial/by-path/pci-0000:05:00.3-usb-0:2.1.2:1.0-port0
1790755664.4916,C,325,18749,-76,/dev/serial/by-path/pci-0000:05:00.3-usb-0:2.1.3:1.0-port0
1790755664.4937,A,357,18756,-67,/dev/serial/by-path/pci-0000:05:00.3-usb-0:2.1.1:1.0-port0
1790755664.5312,B,333,18790,-66,/dev/serial/by-path/pci-0000:05:00.3-usb-0:2.1.2:1.0-port0
1790755664.5398,C,326,18797,-72,/dev/serial/by-path/pci-0000:05:00.3-usb-0:2.1.3:1.0-port0
1790755664.5404,A,358,18803,-63,/dev/serial/by-path/pci-0000:05:00.3-usb-0:2.1.1:1.0-port0
1790755664.5808,A,359,18843,-62,/dev/serial/by-path/pci-0000:05:00.3-usb-0:2.1.1:1.0-port0
1790755664.5812,C,327,18839,-69,/dev/serial/by-path/pci-0000:05:00.3-usb-0:2.1.3:1.0-port0
1790755664.5912,B,334,18850,-63,/dev/serial/by-path/pci-0000:05:00.3-usb-0:2.1.2:1.0-port0
1790755664.6231,A,360,18886,-60,/dev/serial/by-path/pci-0000:05:00.3-usb-0:2.1.1:1.0-port0
1790755664.6234,B,335,18882,-65,/dev/serial/by-path/pci-0000:05:00.3-usb-0:2.1.2:1.0-port0
1790755664.6330,C,328,18890,-72,/dev/serial/by-path/pci-0000:05:00.3-usb-0:2.1.3:1.0-port0
1790755664.6709,B,336,18929,-65,/dev/serial/by-path/pci-0000:05:00.3-usb-0:2.1.2:1.0-port0
1790755664.6728,A,361,18935,-61,/dev/serial/by-path/pci-0000:05:00.3-usb-0:2.1.1:1.0-port0
1790755664.7183,C,329,18976,-68,/dev/serial/by-path/pci-0000:05:00.3-usb-0:2.1.3:1.0-port0
1790755664.7187,A,362,18981,-61,/dev/serial/by-path/pci-0000:05:00.3-usb-0:2.1.1:1.0-port0
1790755664.7445,B,337,19003,-63,/dev/serial/by-path/pci-0000:05:00.3-usb-0:2.1.2:1.0-port0
1790755664.7596,A,363,19022,-59,/dev/serial/by-path/pci-0000:05:00.3-usb-0:2.1.1:1.0-port0
1790755664.7599,C,330,19017,-72,/dev/serial/by-path/pci-0000:05:00.3-usb-0:2.1.3:1.0-port0
1790755664.7648,B,338,19024,-65,/dev/serial/by-path/pci-0000:05:00.3-usb-0:2.1.2:1.0-port0
1790755664.8156,B,339,19074,-67,/dev/serial/by-path/pci-0000:05:00.3-usb-0:2.1.2:1.0-port0
1790755664.8191,C,331,19076,-73,/dev/serial/by-path/pci-0000:05:00.3-usb-0:2.1.3:1.0-port0
1790755664.8398,C,332,19097,-65,/dev/serial/by-path/pci-0000:05:00.3-usb-0:2.1.3:1.0-port0
1790755664.8403,A,364,19104,-58,/dev/serial/by-path/pci-0000:05:00.3-usb-0:2.1.1:1.0-port0
1790755664.8428,A,365,19104,-58,/dev/serial/by-path/pci-0000:05:00.3-usb-0:2.1.1:1.0-port0
1790755664.8541,B,340,19113,-70,/dev/serial/by-path/pci-0000:05:00.3-usb-0:2.1.2:1.0-port0
1790755664.8907,C,333,19148,-74,/dev/serial/by-path/pci-0000:05:00.3-usb-0:2.1.3:1.0-port0
1790755664.8911,B,341,19149,-64,/dev/serial/by-path/pci-0000:05:00.3-usb-0:2.1.2:1.0-port0
1790755664.8935,A,366,19156,-61,/dev/serial/by-path/pci-0000:05:00.3-usb-0:2.1.1:1.0-port0
1790755664.9344,C,334,19192,-73,/dev/serial/by-path/pci-0000:05:00.3-usb-0:2.1.3:1.0-port0
1790755664.9348,B,342,19193,-65,/dev/serial/by-path/pci-0000:05:00.3-usb-0:2.1.2:1.0-port0
1790755664.9352,A,367,19197,-56,/dev/serial/by-path/pci-0000:05:00.3-usb-0:2.1.1:1.0-port0
1790755664.9748,A,368,19237,-58,/dev/serial/by-path/pci-0000:05:00.3-usb-0:2.1.1:1.0-port0
1790755664.9771,B,343,19235,-68,/dev/serial/by-path/pci-0000:05:00.3-usb-0:2.1.2:1.0-port0
1790755664.9937,C,335,19251,-66,/dev/serial/by-path/pci-0000:05:00.3-usb-0:2.1.3:1.0-port0
1790755665.0184,C,336,19276,-67,/dev/serial/by-path/pci-0000:05:00.3-usb-0:2.1.3:1.0-port0
1790755665.0353,B,344,19294,-64,/dev/serial/by-path/pci-0000:05:00.3-usb-0:2.1.2:1.0-port0
1790755665.0368,A,369,19299,-60,/dev/serial/by-path/pci-0000:05:00.3-usb-0:2.1.1:1.0-port0
1790755665.0664,C,337,19323,-76,/dev/serial/by-path/pci-0000:05:00.3-usb-0:2.1.3:1.0-port0
1790755665.0668,A,370,19329,-56,/dev/serial/by-path/pci-0000:05:00.3-usb-0:2.1.1:1.0-port0
1790755665.1073,B,345,19366,-65,/dev/serial/by-path/pci-0000:05:00.3-usb-0:2.1.2:1.0-port0
1790755665.1184,C,338,19376,-76,/dev/serial/by-path/pci-0000:05:00.3-usb-0:2.1.3:1.0-port0
1790755665.1434,A,371,19406,-58,/dev/serial/by-path/pci-0000:05:00.3-usb-0:2.1.1:1.0-port0
1790755665.1585,B,346,19417,-71,/dev/serial/by-path/pci-0000:05:00.3-usb-0:2.1.2:1.0-port0
1790755665.1608,A,372,19423,-60,/dev/serial/by-path/pci-0000:05:00.3-usb-0:2.1.1:1.0-port0
1790755665.1611,C,339,19418,-67,/dev/serial/by-path/pci-0000:05:00.3-usb-0:2.1.3:1.0-port0
1790755665.1997,B,347,19458,-66,/dev/serial/by-path/pci-0000:05:00.3-usb-0:2.1.2:1.0-port0
1790755665.2013,A,373,19463,-57,/dev/serial/by-path/pci-0000:05:00.3-usb-0:2.1.1:1.0-port0
1790755665.2451,B,348,19504,-66,/dev/serial/by-path/pci-0000:05:00.3-usb-0:2.1.2:1.0-port0
1790755665.2618,C,340,19519,-75,/dev/serial/by-path/pci-0000:05:00.3-usb-0:2.1.3:1.0-port0
1790755665.2862,B,349,19545,-69,/dev/serial/by-path/pci-0000:05:00.3-usb-0:2.1.2:1.0-port0
1790755665.2863,C,341,19543,-67,/dev/serial/by-path/pci-0000:05:00.3-usb-0:2.1.3:1.0-port0
1790755665.2882,A,374,19550,-58,/dev/serial/by-path/pci-0000:05:00.3-usb-0:2.1.1:1.0-port0
1790755665.3433,A,375,19606,-62,/dev/serial/by-path/pci-0000:05:00.3-usb-0:2.1.1:1.0-port0
1790755665.3456,C,342,19603,-73,/dev/serial/by-path/pci-0000:05:00.3-usb-0:2.1.3:1.0-port0
1790755665.3461,B,350,19604,-68,/dev/serial/by-path/pci-0000:05:00.3-usb-0:2.1.2:1.0-port0
1790755665.3772,A,376,19640,-59,/dev/serial/by-path/pci-0000:05:00.3-usb-0:2.1.1:1.0-port0
1790755665.3838,B,351,19642,-66,/dev/serial/by-path/pci-0000:05:00.3-usb-0:2.1.2:1.0-port0
1790755665.3844,C,343,19641,-72,/dev/serial/by-path/pci-0000:05:00.3-usb-0:2.1.3:1.0-port0
1790755665.4242,B,352,19683,-71,/dev/serial/by-path/pci-0000:05:00.3-usb-0:2.1.2:1.0-port0
1790755665.4364,C,344,19693,-67,/dev/serial/by-path/pci-0000:05:00.3-usb-0:2.1.3:1.0-port0
1790755665.4433,A,377,19706,-61,/dev/serial/by-path/pci-0000:05:00.3-usb-0:2.1.1:1.0-port0
1790755665.5168,A,378,19779,-60,/dev/serial/by-path/pci-0000:05:00.3-usb-0:2.1.1:1.0-port0
1790755665.5185,C,345,19776,-70,/dev/serial/by-path/pci-0000:05:00.3-usb-0:2.1.3:1.0-port0
1790755665.5656,B,353,19824,-67,/dev/serial/by-path/pci-0000:05:00.3-usb-0:2.1.2:1.0-port0
1790755665.5692,C,346,19826,-73,/dev/serial/by-path/pci-0000:05:00.3-usb-0:2.1.3:1.0-port0
1790755665.5819,A,379,19844,-62,/dev/serial/by-path/pci-0000:05:00.3-usb-0:2.1.1:1.0-port0
1790755665.6016,C,347,19858,-69,/dev/serial/by-path/pci-0000:05:00.3-usb-0:2.1.3:1.0-port0
1790755665.6019,B,354,19860,-72,/dev/serial/by-path/pci-0000:05:00.3-usb-0:2.1.2:1.0-port0
1790755665.6020,A,380,19864,-65,/dev/serial/by-path/pci-0000:05:00.3-usb-0:2.1.1:1.0-port0
1790755665.6430,C,348,19900,-70,/dev/serial/by-path/pci-0000:05:00.3-usb-0:2.1.3:1.0-port0
1790755665.6433,B,355,19902,-72,/dev/serial/by-path/pci-0000:05:00.3-usb-0:2.1.2:1.0-port0
1790755665.6437,A,381,19906,-65,/dev/serial/by-path/pci-0000:05:00.3-usb-0:2.1.1:1.0-port0
1790755665.6881,C,349,19945,-73,/dev/serial/by-path/pci-0000:05:00.3-usb-0:2.1.3:1.0-port0
1790755665.6932,A,382,19956,-60,/dev/serial/by-path/pci-0000:05:00.3-usb-0:2.1.1:1.0-port0
1790755665.6960,B,356,19954,-66,/dev/serial/by-path/pci-0000:05:00.3-usb-0:2.1.2:1.0-port0
1790755665.7308,A,383,19994,-61,/dev/serial/by-path/pci-0000:05:00.3-usb-0:2.1.1:1.0-port0
1790755665.7413,B,357,20000,-71,/dev/serial/by-path/pci-0000:05:00.3-usb-0:2.1.2:1.0-port0
1790755665.7417,C,350,19998,-69,/dev/serial/by-path/pci-0000:05:00.3-usb-0:2.1.3:1.0-port0
1790755665.7793,B,358,20038,-71,/dev/serial/by-path/pci-0000:05:00.3-usb-0:2.1.2:1.0-port0
1790755665.7941,A,384,20056,-65,/dev/serial/by-path/pci-0000:05:00.3-usb-0:2.1.1:1.0-port0
1790755665.8133,C,351,20070,-69,/dev/serial/by-path/pci-0000:05:00.3-usb-0:2.1.3:1.0-port0
1790755665.8211,A,385,20084,-61,/dev/serial/by-path/pci-0000:05:00.3-usb-0:2.1.1:1.0-port0
1790755665.8653,B,359,20123,-65,/dev/serial/by-path/pci-0000:05:00.3-usb-0:2.1.2:1.0-port0
1790755665.8681,C,352,20125,-73,/dev/serial/by-path/pci-0000:05:00.3-usb-0:2.1.3:1.0-port0
1790755665.8772,A,386,20140,-62,/dev/serial/by-path/pci-0000:05:00.3-usb-0:2.1.1:1.0-port0
1790755665.9158,B,360,20174,-73,/dev/serial/by-path/pci-0000:05:00.3-usb-0:2.1.2:1.0-port0
1790755665.9186,C,353,20176,-74,/dev/serial/by-path/pci-0000:05:00.3-usb-0:2.1.3:1.0-port0
1790755665.9231,A,387,20185,-67,/dev/serial/by-path/pci-0000:05:00.3-usb-0:2.1.1:1.0-port0
1790755665.9640,C,354,20221,-70,/dev/serial/by-path/pci-0000:05:00.3-usb-0:2.1.3:1.0-port0
1790755665.9936,A,388,20256,-62,/dev/serial/by-path/pci-0000:05:00.3-usb-0:2.1.1:1.0-port0
1790755666.0120,A,389,20274,-63,/dev/serial/by-path/pci-0000:05:00.3-usb-0:2.1.1:1.0-port0
1790755666.0151,B,361,20273,-66,/dev/serial/by-path/pci-0000:05:00.3-usb-0:2.1.2:1.0-port0
1790755666.0172,C,355,20274,-71,/dev/serial/by-path/pci-0000:05:00.3-usb-0:2.1.3:1.0-port0
1790755666.0580,B,362,20316,-75,/dev/serial/by-path/pci-0000:05:00.3-usb-0:2.1.2:1.0-port0
1790755666.0630,C,356,20320,-85,/dev/serial/by-path/pci-0000:05:00.3-usb-0:2.1.3:1.0-port0
1790755666.0631,A,390,20325,-67,/dev/serial/by-path/pci-0000:05:00.3-usb-0:2.1.1:1.0-port0
1790755666.1151,B,363,20373,-76,/dev/serial/by-path/pci-0000:05:00.3-usb-0:2.1.2:1.0-port0
1790755666.1182,C,357,20376,-69,/dev/serial/by-path/pci-0000:05:00.3-usb-0:2.1.3:1.0-port0
1790755666.1300,A,391,20392,-63,/dev/serial/by-path/pci-0000:05:00.3-usb-0:2.1.1:1.0-port0
1790755666.1507,C,358,20407,-72,/dev/serial/by-path/pci-0000:05:00.3-usb-0:2.1.3:1.0-port0
1790755666.1511,A,392,20413,-63,/dev/serial/by-path/pci-0000:05:00.3-usb-0:2.1.1:1.0-port0
1790755666.1657,B,364,20423,-67,/dev/serial/by-path/pci-0000:05:00.3-usb-0:2.1.2:1.0-port0
1790755666.1911,C,359,20448,-90,/dev/serial/by-path/pci-0000:05:00.3-usb-0:2.1.3:1.0-port0
1790755666.1935,A,393,20456,-64,/dev/serial/by-path/pci-0000:05:00.3-usb-0:2.1.1:1.0-port0
1790755666.1962,B,365,20454,-74,/dev/serial/by-path/pci-0000:05:00.3-usb-0:2.1.2:1.0-port0
1790755666.2353,B,366,20494,-76,/dev/serial/by-path/pci-0000:05:00.3-usb-0:2.1.2:1.0-port0
1790755666.2357,C,360,20493,-68,/dev/serial/by-path/pci-0000:05:00.3-usb-0:2.1.3:1.0-port0
1790755666.2377,A,394,20500,-67,/dev/serial/by-path/pci-0000:05:00.3-usb-0:2.1.1:1.0-port0
1790755666.2858,B,367,20544,-65,/dev/serial/by-path/pci-0000:05:00.3-usb-0:2.1.2:1.0-port0
1790755666.2863,A,395,20549,-62,/dev/serial/by-path/pci-0000:05:00.3-usb-0:2.1.1:1.0-port0
1790755666.2870,C,361,20544,-70,/dev/serial/by-path/pci-0000:05:00.3-usb-0:2.1.3:1.0-port0
1790755666.3347,B,368,20593,-75,/dev/serial/by-path/pci-0000:05:00.3-usb-0:2.1.2:1.0-port0
1790755666.3413,C,362,20598,-87,/dev/serial/by-path/pci-0000:05:00.3-usb-0:2.1.3:1.0-port0
1790755666.3438,A,396,20606,-63,/dev/serial/by-path/pci-0000:05:00.3-usb-0:2.1.1:1.0-port0
1790755666.3717,A,397,20634,-66,/dev/serial/by-path/pci-0000:05:00.3-usb-0:2.1.1:1.0-port0
1790755666.4122,B,369,20671,-75,/dev/serial/by-path/pci-0000:05:00.3-usb-0:2.1.2:1.0-port0
1790755666.4126,C,363,20670,-69,/dev/serial/by-path/pci-0000:05:00.3-usb-0:2.1.3:1.0-port0
1790755666.4145,B,370,20671,-73,/dev/serial/by-path/pci-0000:05:00.3-usb-0:2.1.2:1.0-port0
1790755666.4149,C,364,20671,-69,/dev/serial/by-path/pci-0000:05:00.3-usb-0:2.1.3:1.0-port0
1790755666.4229,A,398,20685,-61,/dev/serial/by-path/pci-0000:05:00.3-usb-0:2.1.1:1.0-port0
1790755666.4643,C,365,20721,-70,/dev/serial/by-path/pci-0000:05:00.3-usb-0:2.1.3:1.0-port0
1790755666.4647,B,371,20724,-65,/dev/serial/by-path/pci-0000:05:00.3-usb-0:2.1.2:1.0-port0
1790755666.4770,A,399,20739,-62,/dev/serial/by-path/pci-0000:05:00.3-usb-0:2.1.1:1.0-port0
1790755666.5112,A,400,20774,-66,/dev/serial/by-path/pci-0000:05:00.3-usb-0:2.1.1:1.0-port0
1790755666.5145,B,372,20773,-76,/dev/serial/by-path/pci-0000:05:00.3-usb-0:2.1.2:1.0-port0
1790755666.5185,C,366,20776,-78,/dev/serial/by-path/pci-0000:05:00.3-usb-0:2.1.3:1.0-port0
1790755666.5546,B,373,20814,-76,/dev/serial/by-path/pci-0000:05:00.3-usb-0:2.1.2:1.0-port0
1790755666.5549,C,367,20812,-70,/dev/serial/by-path/pci-0000:05:00.3-usb-0:2.1.3:1.0-port0
1790755666.5593,A,401,20822,-61,/dev/serial/by-path/pci-0000:05:00.3-usb-0:2.1.1:1.0-port0
1790755666.6040,C,368,20861,-69,/dev/serial/by-path/pci-0000:05:00.3-usb-0:2.1.3:1.0-port0
1790755666.6045,A,402,20867,-61,/dev/serial/by-path/pci-0000:05:00.3-usb-0:2.1.1:1.0-port0
1790755666.6048,B,374,20863,-66,/dev/serial/by-path/pci-0000:05:00.3-usb-0:2.1.2:1.0-port0
1790755666.6444,C,369,20901,-81,/dev/serial/by-path/pci-0000:05:00.3-usb-0:2.1.3:1.0-port0
1790755666.6472,B,375,20906,-75,/dev/serial/by-path/pci-0000:05:00.3-usb-0:2.1.2:1.0-port0
1790755666.6914,B,376,20950,-74,/dev/serial/by-path/pci-0000:05:00.3-usb-0:2.1.2:1.0-port0
1790755666.6936,A,403,20956,-65,/dev/serial/by-path/pci-0000:05:00.3-usb-0:2.1.1:1.0-port0
1790755666.7187,C,370,20976,-71,/dev/serial/by-path/pci-0000:05:00.3-usb-0:2.1.3:1.0-port0
1790755666.7406,A,404,21003,-60,/dev/serial/by-path/pci-0000:05:00.3-usb-0:2.1.1:1.0-port0
1790755666.7508,C,371,21008,-68,/dev/serial/by-path/pci-0000:05:00.3-usb-0:2.1.3:1.0-port0
1790755666.7513,B,377,21009,-68,/dev/serial/by-path/pci-0000:05:00.3-usb-0:2.1.2:1.0-port0
1790755666.7897,B,378,21048,-78,/dev/serial/by-path/pci-0000:05:00.3-usb-0:2.1.2:1.0-port0
1790755666.7934,A,405,21056,-61,/dev/serial/by-path/pci-0000:05:00.3-usb-0:2.1.1:1.0-port0
1790755666.7942,C,372,21052,-78,/dev/serial/by-path/pci-0000:05:00.3-usb-0:2.1.3:1.0-port0
1790755666.8375,A,406,21100,-64,/dev/serial/by-path/pci-0000:05:00.3-usb-0:2.1.1:1.0-port0
1790755666.8381,C,373,21095,-70,/dev/serial/by-path/pci-0000:05:00.3-usb-0:2.1.3:1.0-port0
1790755666.8382,B,379,21096,-73,/dev/serial/by-path/pci-0000:05:00.3-usb-0:2.1.2:1.0-port0
1790755666.8782,A,407,21140,-59,/dev/serial/by-path/pci-0000:05:00.3-usb-0:2.1.1:1.0-port0
1790755666.9151,B,380,21173,-69,/dev/serial/by-path/pci-0000:05:00.3-usb-0:2.1.2:1.0-port0
1790755666.9182,C,374,21176,-70,/dev/serial/by-path/pci-0000:05:00.3-usb-0:2.1.3:1.0-port0
1790755666.9309,B,381,21189,-77,/dev/serial/by-path/pci-0000:05:00.3-usb-0:2.1.2:1.0-port0
1790755666.9432,A,408,21206,-60,/dev/serial/by-path/pci-0000:05:00.3-usb-0:2.1.1:1.0-port0
1790755666.9701,A,409,21233,-63,/dev/serial/by-path/pci-0000:05:00.3-usb-0:2.1.1:1.0-port0
1790755666.9960,B,382,21254,-68,/dev/serial/by-path/pci-0000:05:00.3-usb-0:2.1.2:1.0-port0
1790755667.0206,A,410,21283,-59,/dev/serial/by-path/pci-0000:05:00.3-usb-0:2.1.1:1.0-port0
1790755667.0651,B,383,21323,-69,/dev/serial/by-path/pci-0000:05:00.3-usb-0:2.1.2:1.0-port0
1790755667.0667,A,411,21330,-60,/dev/serial/by-path/pci-0000:05:00.3-usb-0:2.1.1:1.0-port0
1790755667.0674,C,375,21325,-69,/dev/serial/by-path/pci-0000:05:00.3-usb-0:2.1.3:1.0-port0
1790755667.1159,B,384,21374,-76,/dev/serial/by-path/pci-0000:05:00.3-usb-0:2.1.2:1.0-port0
1790755667.1187,C,376,21376,-68,/dev/serial/by-path/pci-0000:05:00.3-usb-0:2.1.3:1.0-port0
1790755667.1433,A,412,21406,-64,/dev/serial/by-path/pci-0000:05:00.3-usb-0:2.1.1:1.0-port0
1790755667.1546,A,413,21417,-60,/dev/serial/by-path/pci-0000:05:00.3-usb-0:2.1.1:1.0-port0
1790755667.1553,C,377,21412,-71,/dev/serial/by-path/pci-0000:05:00.3-usb-0:2.1.3:1.0-port0
1790755667.1555,B,385,21414,-70,/dev/serial/by-path/pci-0000:05:00.3-usb-0:2.1.2:1.0-port0
1790755667.2387,C,378,21495,-67,/dev/serial/by-path/pci-0000:05:00.3-usb-0:2.1.3:1.0-port0
1790755667.2411,A,414,21503,-60,/dev/serial/by-path/pci-0000:05:00.3-usb-0:2.1.1:1.0-port0
1790755667.2475,B,386,21506,-78,/dev/serial/by-path/pci-0000:05:00.3-usb-0:2.1.2:1.0-port0
1790755667.2803,B,387,21539,-73,/dev/serial/by-path/pci-0000:05:00.3-usb-0:2.1.2:1.0-port0
1790755667.2807,C,379,21537,-69,/dev/serial/by-path/pci-0000:05:00.3-usb-0:2.1.3:1.0-port0
1790755667.2934,A,415,21556,-64,/dev/serial/by-path/pci-0000:05:00.3-usb-0:2.1.1:1.0-port0
1790755667.3217,A,416,21584,-60,/dev/serial/by-path/pci-0000:05:00.3-usb-0:2.1.1:1.0-port0
1790755667.3601,B,388,21618,-71,/dev/serial/by-path/pci-0000:05:00.3-usb-0:2.1.2:1.0-port0
1790755667.3657,C,380,21622,-70,/dev/serial/by-path/pci-0000:05:00.3-usb-0:2.1.3:1.0-port0
1790755667.3692,C,381,21626,-69,/dev/serial/by-path/pci-0000:05:00.3-usb-0:2.1.3:1.0-port0
1790755667.3697,A,417,21632,-60,/dev/serial/by-path/pci-0000:05:00.3-usb-0:2.1.1:1.0-port0
1790755667.4119,C,382,21669,-68,/dev/serial/by-path/pci-0000:05:00.3-usb-0:2.1.3:1.0-port0
1790755667.4147,B,389,21673,-82,/dev/serial/by-path/pci-0000:05:00.3-usb-0:2.1.2:1.0-port0
1790755667.4336,A,418,21696,-64,/dev/serial/by-path/pci-0000:05:00.3-usb-0:2.1.1:1.0-port0
1790755667.4526,C,383,21710,-68,/dev/serial/by-path/pci-0000:05:00.3-usb-0:2.1.3:1.0-port0
1790755667.4528,B,390,21711,-74,/dev/serial/by-path/pci-0000:05:00.3-usb-0:2.1.2:1.0-port0
1790755667.4932,A,419,21756,-59,/dev/serial/by-path/pci-0000:05:00.3-usb-0:2.1.1:1.0-port0
1790755667.5003,A,420,21762,-60,/dev/serial/by-path/pci-0000:05:00.3-usb-0:2.1.1:1.0-port0
1790755667.5152,B,391,21774,-69,/dev/serial/by-path/pci-0000:05:00.3-usb-0:2.1.2:1.0-port0
1790755667.5177,C,384,21776,-65,/dev/serial/by-path/pci-0000:05:00.3-usb-0:2.1.3:1.0-port0
1790755667.5475,C,385,21804,-70,/dev/serial/by-path/pci-0000:05:00.3-usb-0:2.1.3:1.0-port0
1790755667.5479,B,392,21806,-80,/dev/serial/by-path/pci-0000:05:00.3-usb-0:2.1.2:1.0-port0
1790755667.5513,A,421,21814,-63,/dev/serial/by-path/pci-0000:05:00.3-usb-0:2.1.1:1.0-port0
1790755667.5952,C,386,21852,-72,/dev/serial/by-path/pci-0000:05:00.3-usb-0:2.1.3:1.0-port0
1790755667.6152,B,393,21873,-77,/dev/serial/by-path/pci-0000:05:00.3-usb-0:2.1.2:1.0-port0
1790755667.6452,C,387,21902,-68,/dev/serial/by-path/pci-0000:05:00.3-usb-0:2.1.3:1.0-port0
1790755667.6558,B,394,21914,-73,/dev/serial/by-path/pci-0000:05:00.3-usb-0:2.1.2:1.0-port0
1790755667.6877,C,388,21945,-69,/dev/serial/by-path/pci-0000:05:00.3-usb-0:2.1.3:1.0-port0
1790755667.6923,B,395,21951,-81,/dev/serial/by-path/pci-0000:05:00.3-usb-0:2.1.2:1.0-port0
1790755667.6933,A,422,21956,-59,/dev/serial/by-path/pci-0000:05:00.3-usb-0:2.1.1:1.0-port0
1790755667.7435,A,423,22006,-64,/dev/serial/by-path/pci-0000:05:00.3-usb-0:2.1.1:1.0-port0
1790755667.7652,B,396,22023,-83,/dev/serial/by-path/pci-0000:05:00.3-usb-0:2.1.2:1.0-port0
1790755667.7674,C,389,22024,-67,/dev/serial/by-path/pci-0000:05:00.3-usb-0:2.1.3:1.0-port0
1790755667.7845,A,424,22047,-59,/dev/serial/by-path/pci-0000:05:00.3-usb-0:2.1.1:1.0-port0
1790755667.7989,C,390,22056,-67,/dev/serial/by-path/pci-0000:05:00.3-usb-0:2.1.3:1.0-port0
1790755667.7990,B,397,22057,-79,/dev/serial/by-path/pci-0000:05:00.3-usb-0:2.1.2:1.0-port0
1790755667.8443,A,425,22106,-60,/dev/serial/by-path/pci-0000:05:00.3-usb-0:2.1.1:1.0-port0
1790755667.8547,B,398,22113,-80,/dev/serial/by-path/pci-0000:05:00.3-usb-0:2.1.2:1.0-port0
1790755667.8687,C,391,22126,-70,/dev/serial/by-path/pci-0000:05:00.3-usb-0:2.1.3:1.0-port0
1790755667.8792,A,426,22141,-83,/dev/serial/by-path/pci-0000:05:00.3-usb-0:2.1.1:1.0-port0
1790755667.9110,B,399,22170,-77,/dev/serial/by-path/pci-0000:05:00.3-usb-0:2.1.2:1.0-port0
1790755667.9115,A,427,22173,-59,/dev/serial/by-path/pci-0000:05:00.3-usb-0:2.1.1:1.0-port0
1790755667.9118,C,392,22168,-74,/dev/serial/by-path/pci-0000:05:00.3-usb-0:2.1.3:1.0-port0
1790755667.9574,C,393,22214,-70,/dev/serial/by-path/pci-0000:05:00.3-usb-0:2.1.3:1.0-port0
1790755667.9652,B,400,22223,-71,/dev/serial/by-path/pci-0000:05:00.3-usb-0:2.1.2:1.0-port0
1790755667.9943,A,428,22256,-59,/dev/serial/by-path/pci-0000:05:00.3-usb-0:2.1.1:1.0-port0
1790755668.0083,C,394,22265,-72,/dev/serial/by-path/pci-0000:05:00.3-usb-0:2.1.3:1.0-port0
1790755668.0112,B,401,22269,-96,/dev/serial/by-path/pci-0000:05:00.3-usb-0:2.1.2:1.0-port0
1790755668.0113,A,429,22274,-63,/dev/serial/by-path/pci-0000:05:00.3-usb-0:2.1.1:1.0-port0
1790755668.0925,A,430,22355,-60,/dev/serial/by-path/pci-0000:05:00.3-usb-0:2.1.1:1.0-port0
1790755668.0930,C,395,22350,-68,/dev/serial/by-path/pci-0000:05:00.3-usb-0:2.1.3:1.0-port0
1790755668.1153,B,402,22373,-73,/dev/serial/by-path/pci-0000:05:00.3-usb-0:2.1.2:1.0-port0
1790755668.1415,B,403,22400,-77,/dev/serial/by-path/pci-0000:05:00.3-usb-0:2.1.2:1.0-port0
1790755668.1438,A,431,22405,-60,/dev/serial/by-path/pci-0000:05:00.3-usb-0:2.1.1:1.0-port0
1790755668.1572,C,396,22414,-90,/dev/serial/by-path/pci-0000:05:00.3-usb-0:2.1.3:1.0-port0
1790755668.1872,A,432,22449,-65,/dev/serial/by-path/pci-0000:05:00.3-usb-0:2.1.1:1.0-port0
1790755668.2277,A,433,22490,-60,/dev/serial/by-path/pci-0000:05:00.3-usb-0:2.1.1:1.0-port0
1790755668.2278,B,404,22486,-74,/dev/serial/by-path/pci-0000:05:00.3-usb-0:2.1.2:1.0-port0
1790755668.2283,C,397,22485,-66,/dev/serial/by-path/pci-0000:05:00.3-usb-0:2.1.3:1.0-port0
1790755668.2686,C,398,22526,-67,/dev/serial/by-path/pci-0000:05:00.3-usb-0:2.1.3:1.0-port0
1790755668.2815,A,434,22544,-58,/dev/serial/by-path/pci-0000:05:00.3-usb-0:2.1.1:1.0-port0
1790755668.3152,A,435,22577,-63,/dev/serial/by-path/pci-0000:05:00.3-usb-0:2.1.1:1.0-port0
1790755668.3156,B,405,22574,-84,/dev/serial/by-path/pci-0000:05:00.3-usb-0:2.1.2:1.0-port0
1790755668.3193,C,399,22576,-77,/dev/serial/by-path/pci-0000:05:00.3-usb-0:2.1.3:1.0-port0
1790755668.3624,B,406,22620,-75,/dev/serial/by-path/pci-0000:05:00.3-usb-0:2.1.2:1.0-port0
1790755668.3627,C,400,22619,-80,/dev/serial/by-path/pci-0000:05:00.3-usb-0:2.1.3:1.0-port0
1790755668.3935,A,436,22656,-60,/dev/serial/by-path/pci-0000:05:00.3-usb-0:2.1.1:1.0-port0
1790755668.4113,B,407,22669,-72,/dev/serial/by-path/pci-0000:05:00.3-usb-0:2.1.2:1.0-port0
1790755668.4116,A,437,22673,-56,/dev/serial/by-path/pci-0000:05:00.3-usb-0:2.1.1:1.0-port0
1790755668.4188,C,401,22676,-65,/dev/serial/by-path/pci-0000:05:00.3-usb-0:2.1.3:1.0-port0
1790755668.4590,C,402,22716,-69,/dev/serial/by-path/pci-0000:05:00.3-usb-0:2.1.3:1.0-port0
1790755668.4594,B,408,22717,-77,/dev/serial/by-path/pci-0000:05:00.3-usb-0:2.1.2:1.0-port0
1790755668.4598,A,438,22721,-61,/dev/serial/by-path/pci-0000:05:00.3-usb-0:2.1.1:1.0-port0
1790755668.5060,C,403,22763,-78,/dev/serial/by-path/pci-0000:05:00.3-usb-0:2.1.3:1.0-port0
1790755668.5150,B,409,22773,-70,/dev/serial/by-path/pci-0000:05:00.3-usb-0:2.1.2:1.0-port0
1790755668.5482,C,404,22806,-66,/dev/serial/by-path/pci-0000:05:00.3-usb-0:2.1.3:1.0-port0
1790755668.5487,B,410,22807,-68,/dev/serial/by-path/pci-0000:05:00.3-usb-0:2.1.2:1.0-port0
1790755668.5721,A,439,22834,-56,/dev/serial/by-path/pci-0000:05:00.3-usb-0:2.1.1:1.0-port0
1790755668.5922,C,405,22849,-67,/dev/serial/by-path/pci-0000:05:00.3-usb-0:2.1.3:1.0-port0
1790755668.5926,B,411,22850,-71,/dev/serial/by-path/pci-0000:05:00.3-usb-0:2.1.2:1.0-port0
1790755668.5936,A,440,22856,-55,/dev/serial/by-path/pci-0000:05:00.3-usb-0:2.1.1:1.0-port0
1790755668.6366,A,441,22899,-60,/dev/serial/by-path/pci-0000:05:00.3-usb-0:2.1.1:1.0-port0
1790755668.6372,B,412,22895,-67,/dev/serial/by-path/pci-0000:05:00.3-usb-0:2.1.2:1.0-port0
1790755668.6375,C,406,22894,-73,/dev/serial/by-path/pci-0000:05:00.3-usb-0:2.1.3:1.0-port0
1790755668.6784,B,413,22937,-67,/dev/serial/by-path/pci-0000:05:00.3-usb-0:2.1.2:1.0-port0
1790755668.6788,A,442,22941,-59,/dev/serial/by-path/pci-0000:05:00.3-usb-0:2.1.1:1.0-port0
1790755668.7188,C,407,22975,-66,/dev/serial/by-path/pci-0000:05:00.3-usb-0:2.1.3:1.0-port0
1790755668.7294,A,443,22991,-56,/dev/serial/by-path/pci-0000:05:00.3-usb-0:2.1.1:1.0-port0
1790755668.7358,C,408,22993,-67,/dev/serial/by-path/pci-0000:05:00.3-usb-0:2.1.3:1.0-port0
1790755668.7359,B,414,22994,-67,/dev/serial/by-path/pci-0000:05:00.3-usb-0:2.1.2:1.0-port0
1790755668.7688,C,409,23025,-67,/dev/serial/by-path/pci-0000:05:00.3-usb-0:2.1.3:1.0-port0
1790755668.7937,A,444,23056,-61,/dev/serial/by-path/pci-0000:05:00.3-usb-0:2.1.1:1.0-port0
1790755668.8182,A,445,23080,-60,/dev/serial/by-path/pci-0000:05:00.3-usb-0:2.1.1:1.0-port0
1790755668.8189,C,410,23076,-71,/dev/serial/by-path/pci-0000:05:00.3-usb-0:2.1.3:1.0-port0
1790755668.8217,B,415,23080,-66,/dev/serial/by-path/pci-0000:05:00.3-usb-0:2.1.2:1.0-port0
1790755668.8687,A,446,23131,-58,/dev/serial/by-path/pci-0000:05:00.3-usb-0:2.1.1:1.0-port0
1790755668.9087,A,447,23171,-63,/dev/serial/by-path/pci-0000:05:00.3-usb-0:2.1.1:1.0-port0
1790755668.9155,B,416,23174,-65,/dev/serial/by-path/pci-0000:05:00.3-usb-0:2.1.2:1.0-port0
1790755668.9159,C,411,23173,-64,/dev/serial/by-path/pci-0000:05:00.3-usb-0:2.1.3:1.0-port0
1790755668.9566,A,448,23219,-62,/dev/serial/by-path/pci-0000:05:00.3-usb-0:2.1.1:1.0-port0
1790755669.0077,B,417,23266,-63,/dev/serial/by-path/pci-0000:05:00.3-usb-0:2.1.2:1.0-port0
1790755669.0187,C,412,23276,-79,/dev/serial/by-path/pci-0000:05:00.3-usb-0:2.1.3:1.0-port0
1790755669.0444,A,449,23306,-58,/dev/serial/by-path/pci-0000:05:00.3-usb-0:2.1.1:1.0-port0
1790755669.0478,C,413,23305,-61,/dev/serial/by-path/pci-0000:05:00.3-usb-0:2.1.3:1.0-port0
1790755669.0542,B,418,23312,-66,/dev/serial/by-path/pci-0000:05:00.3-usb-0:2.1.2:1.0-port0
1790755669.0547,A,450,23317,-64,/dev/serial/by-path/pci-0000:05:00.3-usb-0:2.1.1:1.0-port0
1790755669.1094,C,414,23366,-65,/dev/serial/by-path/pci-0000:05:00.3-usb-0:2.1.3:1.0-port0
1790755669.1098,A,451,23371,-63,/dev/serial/by-path/pci-0000:05:00.3-usb-0:2.1.1:1.0-port0
1790755669.1102,B,419,23367,-69,/dev/serial/by-path/pci-0000:05:00.3-usb-0:2.1.2:1.0-port0
1790755669.1381,A,452,23400,-64,/dev/serial/by-path/pci-0000:05:00.3-usb-0:2.1.1:1.0-port0
1790755669.1385,C,415,23395,-71,/dev/serial/by-path/pci-0000:05:00.3-usb-0:2.1.3:1.0-port0
1790755669.1388,B,420,23397,-63,/dev/serial/by-path/pci-0000:05:00.3-usb-0:2.1.2:1.0-port0
1790755669.1820,C,416,23439,-62,/dev/serial/by-path/pci-0000:05:00.3-usb-0:2.1.3:1.0-port0
1790755669.1846,A,453,23447,-60,/dev/serial/by-path/pci-0000:05:00.3-usb-0:2.1.1:1.0-port0
1790755669.2152,B,421,23473,-67,/dev/serial/by-path/pci-0000:05:00.3-usb-0:2.1.2:1.0-port0
1790755669.2256,A,454,23488,-64,/dev/serial/by-path/pci-0000:05:00.3-usb-0:2.1.1:1.0-port0
1790755669.2259,C,417,23483,-67,/dev/serial/by-path/pci-0000:05:00.3-usb-0:2.1.3:1.0-port0
1790755669.2263,B,422,23484,-70,/dev/serial/by-path/pci-0000:05:00.3-usb-0:2.1.2:1.0-port0
1790755669.2642,A,455,23526,-63,/dev/serial/by-path/pci-0000:05:00.3-usb-0:2.1.1:1.0-port0
1790755669.2649,B,423,23524,-70,/dev/serial/by-path/pci-0000:05:00.3-usb-0:2.1.2:1.0-port0
1790755669.2666,C,418,23523,-68,/dev/serial/by-path/pci-0000:05:00.3-usb-0:2.1.3:1.0-port0
1790755669.3131,C,419,23570,-73,/dev/serial/by-path/pci-0000:05:00.3-usb-0:2.1.3:1.0-port0
1790755669.3157,B,424,23574,-62,/dev/serial/by-path/pci-0000:05:00.3-usb-0:2.1.2:1.0-port0
1790755669.3433,A,456,23606,-58,/dev/serial/by-path/pci-0000:05:00.3-usb-0:2.1.1:1.0-port0
1790755669.3562,B,425,23614,-68,/dev/serial/by-path/pci-0000:05:00.3-usb-0:2.1.2:1.0-port0
1790755669.3563,C,420,23613,-65,/dev/serial/by-path/pci-0000:05:00.3-usb-0:2.1.3:1.0-port0
1790755669.3652,A,457,23627,-64,/dev/serial/by-path/pci-0000:05:00.3-usb-0:2.1.1:1.0-port0
1790755669.3971,B,426,23655,-68,/dev/serial/by-path/pci-0000:05:00.3-usb-0:2.1.2:1.0-port0
1790755669.4136,C,421,23670,-69,/dev/serial/by-path/pci-0000:05:00.3-usb-0:2.1.3:1.0-port0
1790755669.4368,A,458,23699,-61,/dev/serial/by-path/pci-0000:05:00.3-usb-0:2.1.1:1.0-port0
1790755669.4373,C,422,23694,-67,/dev/serial/by-path/pci-0000:05:00.3-usb-0:2.1.3:1.0-port0
1790755669.4648,B,427,23723,-63,/dev/serial/by-path/pci-0000:05:00.3-usb-0:2.1.2:1.0-port0
1790755669.4789,C,423,23736,-66,/dev/serial/by-path/pci-0000:05:00.3-usb-0:2.1.3:1.0-port0
1790755669.4802,A,459,23742,-62,/dev/serial/by-path/pci-0000:05:00.3-usb-0:2.1.1:1.0-port0
1790755669.4805,B,428,23739,-69,/dev/serial/by-path/pci-0000:05:00.3-usb-0:2.1.2:1.0-port0
1790755669.5304,C,424,23787,-71,/dev/serial/by-path/pci-0000:05:00.3-usb-0:2.1.3:1.0-port0
1790755669.5308,A,460,23792,-60,/dev/serial/by-path/pci-0000:05:00.3-usb-0:2.1.1:1.0-port0
1790755669.5311,B,429,23789,-73,/dev/serial/by-path/pci-0000:05:00.3-usb-0:2.1.2:1.0-port0
1790755669.5890,C,425,23846,-68,/dev/serial/by-path/pci-0000:05:00.3-usb-0:2.1.3:1.0-port0
1790755669.5892,B,430,23848,-64,/dev/serial/by-path/pci-0000:05:00.3-usb-0:2.1.2:1.0-port0
1790755669.5893,A,461,23851,-57,/dev/serial/by-path/pci-0000:05:00.3-usb-0:2.1.1:1.0-port0
1790755669.6195,C,426,23876,-68,/dev/serial/by-path/pci-0000:05:00.3-usb-0:2.1.3:1.0-port0
1790755669.6439,A,462,23906,-57,/dev/serial/by-path/pci-0000:05:00.3-usb-0:2.1.1:1.0-port0
1790755669.6592,C,427,23916,-65,/dev/serial/by-path/pci-0000:05:00.3-usb-0:2.1.3:1.0-port0
1790755669.6593,B,431,23917,-71,/dev/serial/by-path/pci-0000:05:00.3-usb-0:2.1.2:1.0-port0
1790755669.6597,A,463,23922,-60,/dev/serial/by-path/pci-0000:05:00.3-usb-0:2.1.1:1.0-port0
1790755669.7645,C,428,24021,-67,/dev/serial/by-path/pci-0000:05:00.3-usb-0:2.1.3:1.0-port0
1790755669.7646,A,464,24027,-58,/dev/serial/by-path/pci-0000:05:00.3-usb-0:2.1.1:1.0-port0
1790755669.7651,B,432,24022,-62,/dev/serial/by-path/pci-0000:05:00.3-usb-0:2.1.2:1.0-port0
1790755669.7999,B,433,24058,-69,/dev/serial/by-path/pci-0000:05:00.3-usb-0:2.1.2:1.0-port0
1790755669.8051,A,465,24067,-61,/dev/serial/by-path/pci-0000:05:00.3-usb-0:2.1.1:1.0-port0
1790755669.8053,C,429,24062,-69,/dev/serial/by-path/pci-0000:05:00.3-usb-0:2.1.3:1.0-port0
1790755669.8435,B,434,24102,-63,/dev/serial/by-path/pci-0000:05:00.3-usb-0:2.1.2:1.0-port0
1790755669.8440,A,466,24106,-60,/dev/serial/by-path/pci-0000:05:00.3-usb-0:2.1.1:1.0-port0
1790755669.8470,C,430,24104,-71,/dev/serial/by-path/pci-0000:05:00.3-usb-0:2.1.3:1.0-port0
1790755669.8942,A,467,24156,-59,/dev/serial/by-path/pci-0000:05:00.3-usb-0:2.1.1:1.0-port0
1790755669.8986,B,435,24157,-65,/dev/serial/by-path/pci-0000:05:00.3-usb-0:2.1.2:1.0-port0
1790755669.9428,B,436,24201,-69,/dev/serial/by-path/pci-0000:05:00.3-usb-0:2.1.2:1.0-port0
1790755669.9431,C,431,24199,-72,/dev/serial/by-path/pci-0000:05:00.3-usb-0:2.1.3:1.0-port0
1790755669.9438,A,468,24206,-57,/dev/serial/by-path/pci-0000:05:00.3-usb-0:2.1.1:1.0-port0
1790755669.9871,B,437,24245,-63,/dev/serial/by-path/pci-0000:05:00.3-usb-0:2.1.2:1.0-port0
1790755669.9941,A,469,24256,-60,/dev/serial/by-path/pci-0000:05:00.3-usb-0:2.1.1:1.0-port0
1790755669.9966,C,432,24253,-75,/dev/serial/by-path/pci-0000:05:00.3-usb-0:2.1.3:1.0-port0
1790755670.0662,B,438,24324,-67,/dev/serial/by-path/pci-0000:05:00.3-usb-0:2.1.2:1.0-port0
1790755670.0665,C,433,24324,-65,/dev/serial/by-path/pci-0000:05:00.3-usb-0:2.1.3:1.0-port0
1790755670.0747,C,434,24331,-72,/dev/serial/by-path/pci-0000:05:00.3-usb-0:2.1.3:1.0-port0
1790755670.0748,B,439,24333,-67,/dev/serial/by-path/pci-0000:05:00.3-usb-0:2.1.2:1.0-port0
1790755670.0767,A,470,24339,-59,/dev/serial/by-path/pci-0000:05:00.3-usb-0:2.1.1:1.0-port0
1790755670.1244,A,471,24387,-63,/dev/serial/by-path/pci-0000:05:00.3-usb-0:2.1.1:1.0-port0
1790755670.1359,C,435,24393,-78,/dev/serial/by-path/pci-0000:05:00.3-usb-0:2.1.3:1.0-port0
1790755670.1654,B,440,24423,-65,/dev/serial/by-path/pci-0000:05:00.3-usb-0:2.1.2:1.0-port0
1790755670.1726,A,472,24435,-62,/dev/serial/by-path/pci-0000:05:00.3-usb-0:2.1.1:1.0-port0
1790755670.1904,C,436,24447,-66,/dev/serial/by-path/pci-0000:05:00.3-usb-0:2.1.3:1.0-port0
1790755670.1905,B,441,24449,-67,/dev/serial/by-path/pci-0000:05:00.3-usb-0:2.1.2:1.0-port0
1790755670.2144,C,437,24471,-65,/dev/serial/by-path/pci-0000:05:00.3-usb-0:2.1.3:1.0-port0
1790755670.2153,B,442,24474,-66,/dev/serial/by-path/pci-0000:05:00.3-usb-0:2.1.2:1.0-port0
1790755670.2159,A,473,24478,-58,/dev/serial/by-path/pci-0000:05:00.3-usb-0:2.1.1:1.0-port0
1790755670.2638,B,443,24522,-66,/dev/serial/by-path/pci-0000:05:00.3-usb-0:2.1.2:1.0-port0
1790755670.2642,C,438,24521,-66,/dev/serial/by-path/pci-0000:05:00.3-usb-0:2.1.3:1.0-port0
1790755670.2678,A,474,24530,-61,/dev/serial/by-path/pci-0000:05:00.3-usb-0:2.1.1:1.0-port0
1790755670.3081,C,439,24565,-70,/dev/serial/by-path/pci-0000:05:00.3-usb-0:2.1.3:1.0-port0
1790755670.3083,B,444,24566,-64,/dev/serial/by-path/pci-0000:05:00.3-usb-0:2.1.2:1.0-port0
1790755670.3357,B,445,24594,-67,/dev/serial/by-path/pci-0000:05:00.3-usb-0:2.1.2:1.0-port0
1790755670.3392,A,475,24601,-62,/dev/serial/by-path/pci-0000:05:00.3-usb-0:2.1.1:1.0-port0
1790755670.3541,C,440,24611,-66,/dev/serial/by-path/pci-0000:05:00.3-usb-0:2.1.3:1.0-port0
1790755670.3824,C,441,24639,-67,/dev/serial/by-path/pci-0000:05:00.3-usb-0:2.1.3:1.0-port0
1790755670.3825,B,446,24640,-66,/dev/serial/by-path/pci-0000:05:00.3-usb-0:2.1.2:1.0-port0
1790755670.3851,A,476,24647,-57,/dev/serial/by-path/pci-0000:05:00.3-usb-0:2.1.1:1.0-port0
1790755670.4326,A,477,24695,-63,/dev/serial/by-path/pci-0000:05:00.3-usb-0:2.1.1:1.0-port0
1790755670.4652,B,447,24723,-64,/dev/serial/by-path/pci-0000:05:00.3-usb-0:2.1.2:1.0-port0
1790755670.4688,C,442,24726,-72,/dev/serial/by-path/pci-0000:05:00.3-usb-0:2.1.3:1.0-port0
1790755670.4860,A,478,24748,-61,/dev/serial/by-path/pci-0000:05:00.3-usb-0:2.1.1:1.0-port0
1790755670.4863,B,448,24745,-65,/dev/serial/by-path/pci-0000:05:00.3-usb-0:2.1.2:1.0-port0
1790755670.4866,C,443,24744,-65,/dev/serial/by-path/pci-0000:05:00.3-usb-0:2.1.3:1.0-port0
1790755670.5266,B,449,24785,-65,/dev/serial/by-path/pci-0000:05:00.3-usb-0:2.1.2:1.0-port0
1790755670.5298,C,444,24787,-67,/dev/serial/by-path/pci-0000:05:00.3-usb-0:2.1.3:1.0-port0
1790755670.5320,A,479,24794,-56,/dev/serial/by-path/pci-0000:05:00.3-usb-0:2.1.1:1.0-port0
1790755670.5757,A,480,24838,-63,/dev/serial/by-path/pci-0000:05:00.3-usb-0:2.1.1:1.0-port0
1790755670.6045,C,445,24861,-76,/dev/serial/by-path/pci-0000:05:00.3-usb-0:2.1.3:1.0-port0
1790755670.6154,B,450,24873,-63,/dev/serial/by-path/pci-0000:05:00.3-usb-0:2.1.2:1.0-port0
1790755670.6170,C,446,24873,-73,/dev/serial/by-path/pci-0000:05:00.3-usb-0:2.1.3:1.0-port0
1790755670.6435,A,481,24906,-61,/dev/serial/by-path/pci-0000:05:00.3-usb-0:2.1.1:1.0-port0
1790755670.6591,B,451,24918,-64,/dev/serial/by-path/pci-0000:05:00.3-usb-0:2.1.2:1.0-port0
1790755670.6688,C,447,24926,-70,/dev/serial/by-path/pci-0000:05:00.3-usb-0:2.1.3:1.0-port0
1790755670.6704,A,482,24932,-57,/dev/serial/by-path/pci-0000:05:00.3-usb-0:2.1.1:1.0-port0
1790755670.7058,B,452,24964,-65,/dev/serial/by-path/pci-0000:05:00.3-usb-0:2.1.2:1.0-port0
1790755670.7166,C,448,24973,-66,/dev/serial/by-path/pci-0000:05:00.3-usb-0:2.1.3:1.0-port0
1790755670.7366,A,483,24998,-63,/dev/serial/by-path/pci-0000:05:00.3-usb-0:2.1.1:1.0-port0
1790755670.7509,B,453,25009,-62,/dev/serial/by-path/pci-0000:05:00.3-usb-0:2.1.2:1.0-port0
1790755670.7608,C,449,25017,-71,/dev/serial/by-path/pci-0000:05:00.3-usb-0:2.1.3:1.0-port0
1790755670.7609,A,484,25023,-61,/dev/serial/by-path/pci-0000:05:00.3-usb-0:2.1.1:1.0-port0
1790755670.7964,B,454,25054,-63,/dev/serial/by-path/pci-0000:05:00.3-usb-0:2.1.2:1.0-port0
1790755670.8189,C,450,25076,-68,/dev/serial/by-path/pci-0000:05:00.3-usb-0:2.1.3:1.0-port0
1790755670.8926,A,485,25155,-64,/dev/serial/by-path/pci-0000:05:00.3-usb-0:2.1.1:1.0-port0
1790755670.8929,C,451,25150,-71,/dev/serial/by-path/pci-0000:05:00.3-usb-0:2.1.3:1.0-port0
1790755670.8933,B,455,25152,-63,/dev/serial/by-path/pci-0000:05:00.3-usb-0:2.1.2:1.0-port0
1790755670.9401,B,456,25198,-62,/dev/serial/by-path/pci-0000:05:00.3-usb-0:2.1.2:1.0-port0
1790755670.9406,A,486,25202,-64,/dev/serial/by-path/pci-0000:05:00.3-usb-0:2.1.1:1.0-port0
1790755670.9518,C,452,25208,-65,/dev/serial/by-path/pci-0000:05:00.3-usb-0:2.1.3:1.0-port0
1790755670.9856,B,457,25244,-65,/dev/serial/by-path/pci-0000:05:00.3-usb-0:2.1.2:1.0-port0
1790755670.9861,A,487,25248,-58,/dev/serial/by-path/pci-0000:05:00.3-usb-0:2.1.1:1.0-port0
1790755671.0269,C,453,25283,-69,/dev/serial/by-path/pci-0000:05:00.3-usb-0:2.1.3:1.0-port0
1790755671.0273,B,458,25285,-63,/dev/serial/by-path/pci-0000:05:00.3-usb-0:2.1.2:1.0-port0
1790755671.0291,A,488,25291,-64,/dev/serial/by-path/pci-0000:05:00.3-usb-0:2.1.1:1.0-port0
1790755671.0753,A,489,25337,-63,/dev/serial/by-path/pci-0000:05:00.3-usb-0:2.1.1:1.0-port0
1790755671.1156,B,459,25373,-63,/dev/serial/by-path/pci-0000:05:00.3-usb-0:2.1.2:1.0-port0
1790755671.1188,C,454,25376,-65,/dev/serial/by-path/pci-0000:05:00.3-usb-0:2.1.3:1.0-port0
1790755671.1445,A,490,25406,-58,/dev/serial/by-path/pci-0000:05:00.3-usb-0:2.1.1:1.0-port0
1790755671.1471,B,460,25405,-66,/dev/serial/by-path/pci-0000:05:00.3-usb-0:2.1.2:1.0-port0
1790755671.1556,C,455,25412,-66,/dev/serial/by-path/pci-0000:05:00.3-usb-0:2.1.3:1.0-port0
1790755671.1681,A,491,25430,-64,/dev/serial/by-path/pci-0000:05:00.3-usb-0:2.1.1:1.0-port0
1790755671.1686,C,456,25426,-67,/dev/serial/by-path/pci-0000:05:00.3-usb-0:2.1.3:1.0-port0
1790755671.2696,C,457,25526,-65,/dev/serial/by-path/pci-0000:05:00.3-usb-0:2.1.3:1.0-port0
1790755671.2703,A,492,25533,-58,/dev/serial/by-path/pci-0000:05:00.3-usb-0:2.1.1:1.0-port0
1790755671.3147,A,493,25577,-64,/dev/serial/by-path/pci-0000:05:00.3-usb-0:2.1.1:1.0-port0
1790755671.3149,B,461,25572,-66,/dev/serial/by-path/pci-0000:05:00.3-usb-0:2.1.2:1.0-port0
1790755671.3155,C,458,25571,-69,/dev/serial/by-path/pci-0000:05:00.3-usb-0:2.1.3:1.0-port0
1790755671.3565,A,494,25618,-63,/dev/serial/by-path/pci-0000:05:00.3-usb-0:2.1.1:1.0-port0
1790755671.3656,B,462,25624,-62,/dev/serial/by-path/pci-0000:05:00.3-usb-0:2.1.2:1.0-port0
1790755671.3691,C,459,25626,-71,/dev/serial/by-path/pci-0000:05:00.3-usb-0:2.1.3:1.0-port0
1790755671.4022,B,463,25660,-62,/dev/serial/by-path/pci-0000:05:00.3-usb-0:2.1.2:1.0-port0
1790755671.4047,C,460,25661,-65,/dev/serial/by-path/pci-0000:05:00.3-usb-0:2.1.3:1.0-port0
1790755671.4051,A,495,25667,-59,/dev/serial/by-path/pci-0000:05:00.3-usb-0:2.1.1:1.0-port0
1790755671.4471,B,464,25705,-65,/dev/serial/by-path/pci-0000:05:00.3-usb-0:2.1.2:1.0-port0
1790755671.4485,C,461,25706,-66,/dev/serial/by-path/pci-0000:05:00.3-usb-0:2.1.3:1.0-port0
1790755671.4867,A,496,25749,-63,/dev/serial/by-path/pci-0000:05:00.3-usb-0:2.1.1:1.0-port0
1790755671.4872,C,462,25744,-69,/dev/serial/by-path/pci-0000:05:00.3-usb-0:2.1.3:1.0-port0
1790755671.4971,B,465,25755,-62,/dev/serial/by-path/pci-0000:05:00.3-usb-0:2.1.2:1.0-port0
1790755671.5327,C,463,25789,-67,/dev/serial/by-path/pci-0000:05:00.3-usb-0:2.1.3:1.0-port0
1790755671.5329,B,466,25791,-63,/dev/serial/by-path/pci-0000:05:00.3-usb-0:2.1.2:1.0-port0
1790755671.5437,A,497,25806,-63,/dev/serial/by-path/pci-0000:05:00.3-usb-0:2.1.1:1.0-port0
1790755671.5748,B,467,25833,-66,/dev/serial/by-path/pci-0000:05:00.3-usb-0:2.1.2:1.0-port0
1790755671.5765,A,498,25839,-58,/dev/serial/by-path/pci-0000:05:00.3-usb-0:2.1.1:1.0-port0
1790755671.5777,C,464,25835,-67,/dev/serial/by-path/pci-0000:05:00.3-usb-0:2.1.3:1.0-port0
1790755671.6152,B,468,25873,-66,/dev/serial/by-path/pci-0000:05:00.3-usb-0:2.1.2:1.0-port0
1790755671.6155,A,499,25878,-64,/dev/serial/by-path/pci-0000:05:00.3-usb-0:2.1.1:1.0-port0
1790755671.6182,C,465,25876,-67,/dev/serial/by-path/pci-0000:05:00.3-usb-0:2.1.3:1.0-port0
1790755671.6939,A,500,25956,-63,/dev/serial/by-path/pci-0000:05:00.3-usb-0:2.1.1:1.0-port0
1790755671.7100,C,466,25966,-68,/dev/serial/by-path/pci-0000:05:00.3-usb-0:2.1.3:1.0-port0
1790755671.7104,A,501,25972,-58,/dev/serial/by-path/pci-0000:05:00.3-usb-0:2.1.1:1.0-port0
1790755671.7106,B,469,25967,-63,/dev/serial/by-path/pci-0000:05:00.3-usb-0:2.1.2:1.0-port0
1790755671.7488,C,467,26005,-70,/dev/serial/by-path/pci-0000:05:00.3-usb-0:2.1.3:1.0-port0
1790755671.7490,B,470,26007,-83,/dev/serial/by-path/pci-0000:05:00.3-usb-0:2.1.2:1.0-port0
1790755671.7738,A,502,26036,-63,/dev/serial/by-path/pci-0000:05:00.3-usb-0:2.1.1:1.0-port0
1790755671.7978,B,471,26056,-62,/dev/serial/by-path/pci-0000:05:00.3-usb-0:2.1.2:1.0-port0
1790755671.7982,C,468,26054,-75,/dev/serial/by-path/pci-0000:05:00.3-usb-0:2.1.3:1.0-port0
1790755671.8003,A,503,26062,-63,/dev/serial/by-path/pci-0000:05:00.3-usb-0:2.1.1:1.0-port0
1790755671.8393,B,472,26097,-63,/dev/serial/by-path/pci-0000:05:00.3-usb-0:2.1.2:1.0-port0
1790755671.8411,C,469,26097,-69,/dev/serial/by-path/pci-0000:05:00.3-usb-0:2.1.3:1.0-port0
1790755671.8438,A,504,26106,-62,/dev/serial/by-path/pci-0000:05:00.3-usb-0:2.1.1:1.0-port0
1790755671.8892,C,470,26146,-69,/dev/serial/by-path/pci-0000:05:00.3-usb-0:2.1.3:1.0-port0
1790755671.8895,A,505,26152,-59,/dev/serial/by-path/pci-0000:05:00.3-usb-0:2.1.1:1.0-port0
1790755671.8898,B,473,26148,-67,/dev/serial/by-path/pci-0000:05:00.3-usb-0:2.1.2:1.0-port0
1790755671.9246,A,506,26186,-63,/dev/serial/by-path/pci-0000:05:00.3-usb-0:2.1.1:1.0-port0
1790755671.9250,B,474,26183,-62,/dev/serial/by-path/pci-0000:05:00.3-usb-0:2.1.2:1.0-port0
1790755671.9762,A,507,26238,-63,/dev/serial/by-path/pci-0000:05:00.3-usb-0:2.1.1:1.0-port0
1790755671.9765,B,475,26235,-63,/dev/serial/by-path/pci-0000:05:00.3-usb-0:2.1.2:1.0-port0
1790755672.0146,C,471,26271,-69,/dev/serial/by-path/pci-0000:05:00.3-usb-0:2.1.3:1.0-port0
1790755672.0152,B,476,26273,-63,/dev/serial/by-path/pci-0000:05:00.3-usb-0:2.1.2:1.0-port0
1790755672.0152,A,508,26277,-57,/dev/serial/by-path/pci-0000:05:00.3-usb-0:2.1.1:1.0-port0
1790755672.0552,B,477,26313,-66,/dev/serial/by-path/pci-0000:05:00.3-usb-0:2.1.2:1.0-port0
1790755672.0686,C,472,26326,-70,/dev/serial/by-path/pci-0000:05:00.3-usb-0:2.1.3:1.0-port0
1790755672.0942,A,509,26356,-63,/dev/serial/by-path/pci-0000:05:00.3-usb-0:2.1.1:1.0-port0
1790755672.1085,B,478,26366,-61,/dev/serial/by-path/pci-0000:05:00.3-usb-0:2.1.2:1.0-port0
1790755672.1086,C,473,26365,-72,/dev/serial/by-path/pci-0000:05:00.3-usb-0:2.1.3:1.0-port0
1790755672.1424,A,510,26405,-63,/dev/serial/by-path/pci-0000:05:00.3-usb-0:2.1.1:1.0-port0
1790755672.1656,B,479,26423,-63,/dev/serial/by-path/pci-0000:05:00.3-usb-0:2.1.2:1.0-port0
1790755672.1689,C,474,26426,-69,/dev/serial/by-path/pci-0000:05:00.3-usb-0:2.1.3:1.0-port0
1790755672.1940,A,511,26456,-57,/dev/serial/by-path/pci-0000:05:00.3-usb-0:2.1.1:1.0-port0
1790755672.2038,B,480,26462,-67,/dev/serial/by-path/pci-0000:05:00.3-usb-0:2.1.2:1.0-port0
1790755672.2058,C,475,26462,-70,/dev/serial/by-path/pci-0000:05:00.3-usb-0:2.1.3:1.0-port0
1790755672.2357,B,481,26494,-62,/dev/serial/by-path/pci-0000:05:00.3-usb-0:2.1.2:1.0-port0
1790755672.2418,A,512,26504,-63,/dev/serial/by-path/pci-0000:05:00.3-usb-0:2.1.1:1.0-port0
1790755672.2422,C,476,26499,-72,/dev/serial/by-path/pci-0000:05:00.3-usb-0:2.1.3:1.0-port0
1790755672.2895,C,477,26546,-68,/dev/serial/by-path/pci-0000:05:00.3-usb-0:2.1.3:1.0-port0
1790755672.2898,B,482,26548,-63,/dev/serial/by-path/pci-0000:05:00.3-usb-0:2.1.2:1.0-port0
1790755672.2936,A,513,26556,-62,/dev/serial/by-path/pci-0000:05:00.3-usb-0:2.1.1:1.0-port0
1790755672.3215,B,483,26579,-67,/dev/serial/by-path/pci-0000:05:00.3-usb-0:2.1.2:1.0-port0
1790755672.3440,A,514,26606,-57,/dev/serial/by-path/pci-0000:05:00.3-usb-0:2.1.1:1.0-port0
1790755672.3620,C,478,26619,-67,/dev/serial/by-path/pci-0000:05:00.3-usb-0:2.1.3:1.0-port0
1790755672.3624,B,484,26620,-67,/dev/serial/by-path/pci-0000:05:00.3-usb-0:2.1.2:1.0-port0
1790755672.3658,A,515,26628,-62,/dev/serial/by-path/pci-0000:05:00.3-usb-0:2.1.1:1.0-port0
1790755672.4116,C,479,26668,-70,/dev/serial/by-path/pci-0000:05:00.3-usb-0:2.1.3:1.0-port0
1790755672.4117,B,485,26670,-62,/dev/serial/by-path/pci-0000:05:00.3-usb-0:2.1.2:1.0-port0
1790755672.4242,A,516,26686,-62,/dev/serial/by-path/pci-0000:05:00.3-usb-0:2.1.1:1.0-port0
1790755672.4561,C,480,26713,-67,/dev/serial/by-path/pci-0000:05:00.3-usb-0:2.1.3:1.0-port0
1790755672.4654,B,486,26723,-63,/dev/serial/by-path/pci-0000:05:00.3-usb-0:2.1.2:1.0-port0
1790755672.4938,A,517,26756,-57,/dev/serial/by-path/pci-0000:05:00.3-usb-0:2.1.1:1.0-port0
1790755672.5091,B,487,26767,-67,/dev/serial/by-path/pci-0000:05:00.3-usb-0:2.1.2:1.0-port0
1790755672.5095,A,518,26771,-63,/dev/serial/by-path/pci-0000:05:00.3-usb-0:2.1.1:1.0-port0
1790755672.5191,C,481,26776,-69,/dev/serial/by-path/pci-0000:05:00.3-usb-0:2.1.3:1.0-port0
1790755672.5485,B,488,26807,-62,/dev/serial/by-path/pci-0000:05:00.3-usb-0:2.1.2:1.0-port0
1790755672.5489,C,482,26805,-71,/dev/serial/by-path/pci-0000:05:00.3-usb-0:2.1.3:1.0-port0
1790755672.5582,A,519,26820,-62,/dev/serial/by-path/pci-0000:05:00.3-usb-0:2.1.1:1.0-port0
1790755672.5952,B,489,26853,-63,/dev/serial/by-path/pci-0000:05:00.3-usb-0:2.1.2:1.0-port0
1790755672.6076,C,483,26864,-68,/dev/serial/by-path/pci-0000:05:00.3-usb-0:2.1.3:1.0-port0
1790755672.6376,C,484,26895,-68,/dev/serial/by-path/pci-0000:05:00.3-usb-0:2.1.3:1.0-port0
1790755672.6380,B,490,26895,-67,/dev/serial/by-path/pci-0000:05:00.3-usb-0:2.1.2:1.0-port0
1790755672.6401,A,520,26901,-57,/dev/serial/by-path/pci-0000:05:00.3-usb-0:2.1.1:1.0-port0
1790755672.6885,B,491,26946,-62,/dev/serial/by-path/pci-0000:05:00.3-usb-0:2.1.2:1.0-port0
1790755672.6891,C,485,26945,-72,/dev/serial/by-path/pci-0000:05:00.3-usb-0:2.1.3:1.0-port0
1790755672.6895,A,521,26951,-62,/dev/serial/by-path/pci-0000:05:00.3-usb-0:2.1.1:1.0-port0
1790755672.7351,A,522,26997,-62,/dev/serial/by-path/pci-0000:05:00.3-usb-0:2.1.1:1.0-port0
1790755672.7354,B,492,26993,-63,/dev/serial/by-path/pci-0000:05:00.3-usb-0:2.1.2:1.0-port0
1790755672.7358,C,486,26992,-68,/dev/serial/by-path/pci-0000:05:00.3-usb-0:2.1.3:1.0-port0
1790755672.7802,B,493,27038,-66,/dev/serial/by-path/pci-0000:05:00.3-usb-0:2.1.2:1.0-port0
1790755672.7894,C,487,27046,-69,/dev/serial/by-path/pci-0000:05:00.3-usb-0:2.1.3:1.0-port0
1790755672.7942,A,523,27056,-57,/dev/serial/by-path/pci-0000:05:00.3-usb-0:2.1.1:1.0-port0
1790755672.8251,B,494,27083,-62,/dev/serial/by-path/pci-0000:05:00.3-usb-0:2.1.2:1.0-port0
1790755672.8357,C,488,27092,-71,/dev/serial/by-path/pci-0000:05:00.3-usb-0:2.1.3:1.0-port0
1790755672.8443,A,524,27106,-63,/dev/serial/by-path/pci-0000:05:00.3-usb-0:2.1.1:1.0-port0
1790755672.8944,A,525,27156,-63,/dev/serial/by-path/pci-0000:05:00.3-usb-0:2.1.1:1.0-port0
1790755672.9078,C,489,27164,-68,/dev/serial/by-path/pci-0000:05:00.3-usb-0:2.1.3:1.0-port0
1790755672.9083,B,495,27166,-64,/dev/serial/by-path/pci-0000:05:00.3-usb-0:2.1.2:1.0-port0
1790755672.9185,A,526,27180,-57,/dev/serial/by-path/pci-0000:05:00.3-usb-0:2.1.1:1.0-port0
1790755672.9189,C,490,27176,-69,/dev/serial/by-path/pci-0000:05:00.3-usb-0:2.1.3:1.0-port0
1790755672.9614,B,496,27219,-68,/dev/serial/by-path/pci-0000:05:00.3-usb-0:2.1.2:1.0-port0
1790755672.9617,A,527,27223,-62,/dev/serial/by-path/pci-0000:05:00.3-usb-0:2.1.1:1.0-port0
1790755672.9642,C,491,27221,-70,/dev/serial/by-path/pci-0000:05:00.3-usb-0:2.1.3:1.0-port0
1790755673.0071,B,497,27265,-62,/dev/serial/by-path/pci-0000:05:00.3-usb-0:2.1.2:1.0-port0
1790755673.0191,C,492,27276,-73,/dev/serial/by-path/pci-0000:05:00.3-usb-0:2.1.3:1.0-port0
1790755673.0438,A,528,27306,-63,/dev/serial/by-path/pci-0000:05:00.3-usb-0:2.1.1:1.0-port0
1790755673.0560,C,493,27313,-70,/dev/serial/by-path/pci-0000:05:00.3-usb-0:2.1.3:1.0-port0
1790755673.0562,B,498,27314,-64,/dev/serial/by-path/pci-0000:05:00.3-usb-0:2.1.2:1.0-port0
1790755673.0565,A,529,27318,-57,/dev/serial/by-path/pci-0000:05:00.3-usb-0:2.1.1:1.0-port0
1790755673.0957,B,499,27354,-68,/dev/serial/by-path/pci-0000:05:00.3-usb-0:2.1.2:1.0-port0
1790755673.1167,C,494,27374,-71,/dev/serial/by-path/pci-0000:05:00.3-usb-0:2.1.3:1.0-port0
1790755673.1371,B,500,27395,-101,/dev/serial/by-path/pci-0000:05:00.3-usb-0:2.1.2:1.0-port0
1790755673.1375,C,495,27394,-72,/dev/serial/by-path/pci-0000:05:00.3-usb-0:2.1.3:1.0-port0
1790755673.1433,A,530,27406,-63,/dev/serial/by-path/pci-0000:05:00.3-usb-0:2.1.1:1.0-port0
1790755673.1823,A,531,27444,-63,/dev/serial/by-path/pci-0000:05:00.3-usb-0:2.1.1:1.0-port0
1790755673.1876,C,496,27444,-72,/dev/serial/by-path/pci-0000:05:00.3-usb-0:2.1.3:1.0-port0
1790755673.1880,B,501,27446,-64,/dev/serial/by-path/pci-0000:05:00.3-usb-0:2.1.2:1.0-port0
1790755673.2263,A,532,27488,-58,/dev/serial/by-path/pci-0000:05:00.3-usb-0:2.1.1:1.0-port0
1790755673.2279,B,502,27486,-67,/dev/serial/by-path/pci-0000:05:00.3-usb-0:2.1.2:1.0-port0
1790755673.2388,C,497,27495,-74,/dev/serial/by-path/pci-0000:05:00.3-usb-0:2.1.3:1.0-port0
1790755673.2710,A,533,27533,-63,/dev/serial/by-path/pci-0000:05:00.3-usb-0:2.1.1:1.0-port0
1790755673.3208,A,534,27582,-63,/dev/serial/by-path/pci-0000:05:00.3-usb-0:2.1.1:1.0-port0
1790755673.3210,B,503,27579,-64,/dev/serial/by-path/pci-0000:05:00.3-usb-0:2.1.2:1.0-port0
1790755673.3672,C,498,27624,-73,/dev/serial/by-path/pci-0000:05:00.3-usb-0:2.1.3:1.0-port0
1790755673.3743,A,535,27636,-59,/dev/serial/by-path/pci-0000:05:00.3-usb-0:2.1.1:1.0-port0
1790755673.4156,B,504,27674,-67,/dev/serial/by-path/pci-0000:05:00.3-usb-0:2.1.2:1.0-port0
1790755673.4192,C,499,27676,-69,/dev/serial/by-path/pci-0000:05:00.3-usb-0:2.1.3:1.0-port0
1790755673.4442,A,536,27706,-63,/dev/serial/by-path/pci-0000:05:00.3-usb-0:2.1.1:1.0-port0
1790755673.4569,A,537,27719,-63,/dev/serial/by-path/pci-0000:05:00.3-usb-0:2.1.1:1.0-port0
1790755673.4570,C,500,27713,-68,/dev/serial/by-path/pci-0000:05:00.3-usb-0:2.1.3:1.0-port0
1790755673.4659,B,505,27724,-61,/dev/serial/by-path/pci-0000:05:00.3-usb-0:2.1.2:1.0-port0
1790755673.5027,B,506,27761,-64,/dev/serial/by-path/pci-0000:05:00.3-usb-0:2.1.2:1.0-port0
1790755673.5031,C,501,27760,-70,/dev/serial/by-path/pci-0000:05:00.3-usb-0:2.1.3:1.0-port0
1790755673.5441,A,538,27806,-57,/dev/serial/by-path/pci-0000:05:00.3-usb-0:2.1.1:1.0-port0
1790755673.5501,C,502,27806,-68,/dev/serial/by-path/pci-0000:05:00.3-usb-0:2.1.3:1.0-port0
1790755673.5535,A,539,27815,-62,/dev/serial/by-path/pci-0000:05:00.3-usb-0:2.1.1:1.0-port0
1790755673.5585,B,507,27816,-67,/dev/serial/by-path/pci-0000:05:00.3-usb-0:2.1.2:1.0-port0
1790755673.5915,C,503,27848,-67,/dev/serial/by-path/pci-0000:05:00.3-usb-0:2.1.3:1.0-port0
1790755673.5919,A,540,27854,-63,/dev/serial/by-path/pci-0000:05:00.3-usb-0:2.1.1:1.0-port0
1790755673.5942,B,508,27852,-61,/dev/serial/by-path/pci-0000:05:00.3-usb-0:2.1.2:1.0-port0
1790755673.6339,A,541,27895,-63,/dev/serial/by-path/pci-0000:05:00.3-usb-0:2.1.1:1.0-port0
1790755673.6656,B,509,27923,-63,/dev/serial/by-path/pci-0000:05:00.3-usb-0:2.1.2:1.0-port0
1790755673.6691,C,504,27926,-73,/dev/serial/by-path/pci-0000:05:00.3-usb-0:2.1.3:1.0-port0
1790755673.6804,B,510,27938,-68,/dev/serial/by-path/pci-0000:05:00.3-usb-0:2.1.2:1.0-port0
1790755673.6805,C,505,27937,-67,/dev/serial/by-path/pci-0000:05:00.3-usb-0:2.1.3:1.0-port0
1790755673.6883,A,542,27950,-58,/dev/serial/by-path/pci-0000:05:00.3-usb-0:2.1.1:1.0-port0
1790755673.7270,A,543,27989,-62,/dev/serial/by-path/pci-0000:05:00.3-usb-0:2.1.1:1.0-port0
1790755673.7507,B,511,28009,-63,/dev/serial/by-path/pci-0000:05:00.3-usb-0:2.1.2:1.0-port0
1790755673.7659,C,506,28022,-69,/dev/serial/by-path/pci-0000:05:00.3-usb-0:2.1.3:1.0-port0
1790755673.7758,A,544,28037,-62,/dev/serial/by-path/pci-0000:05:00.3-usb-0:2.1.1:1.0-port0
1790755673.7762,B,512,28033,-63,/dev/serial/by-path/pci-0000:05:00.3-usb-0:2.1.2:1.0-port0
1790755673.7766,C,507,28032,-76,/dev/serial/by-path/pci-0000:05:00.3-usb-0:2.1.3:1.0-port0
1790755673.8237,A,545,28085,-58,/dev/serial/by-path/pci-0000:05:00.3-usb-0:2.1.1:1.0-port0
1790755673.8512,B,513,28109,-69,/dev/serial/by-path/pci-0000:05:00.3-usb-0:2.1.2:1.0-port0
1790755673.8692,C,508,28126,-68,/dev/serial/by-path/pci-0000:05:00.3-usb-0:2.1.3:1.0-port0
1790755673.8709,B,514,28129,-63,/dev/serial/by-path/pci-0000:05:00.3-usb-0:2.1.2:1.0-port0
1790755673.8861,A,546,28148,-62,/dev/serial/by-path/pci-0000:05:00.3-usb-0:2.1.1:1.0-port0
1790755673.9189,A,547,28180,-62,/dev/serial/by-path/pci-0000:05:00.3-usb-0:2.1.1:1.0-port0
1790755673.9193,C,509,28175,-68,/dev/serial/by-path/pci-0000:05:00.3-usb-0:2.1.3:1.0-port0
1790755673.9297,B,515,28188,-63,/dev/serial/by-path/pci-0000:05:00.3-usb-0:2.1.2:1.0-port0
1790755673.9657,B,516,28223,-63,/dev/serial/by-path/pci-0000:05:00.3-usb-0:2.1.2:1.0-port0
1790755673.9659,C,510,28222,-75,/dev/serial/by-path/pci-0000:05:00.3-usb-0:2.1.3:1.0-port0
1790755673.9903,A,548,28252,-61,/dev/serial/by-path/pci-0000:05:00.3-usb-0:2.1.1:1.0-port0
1790755674.0105,C,511,28267,-67,/dev/serial/by-path/pci-0000:05:00.3-usb-0:2.1.3:1.0-port0
1790755674.0109,A,549,28273,-63,/dev/serial/by-path/pci-0000:05:00.3-usb-0:2.1.1:1.0-port0
1790755674.0164,B,517,28274,-69,/dev/serial/by-path/pci-0000:05:00.3-usb-0:2.1.2:1.0-port0
1790755674.0657,B,518,28323,-65,/dev/serial/by-path/pci-0000:05:00.3-usb-0:2.1.2:1.0-port0
1790755674.0691,C,512,28326,-70,/dev/serial/by-path/pci-0000:05:00.3-usb-0:2.1.3:1.0-port0
1790755674.0702,A,550,28332,-61,/dev/serial/by-path/pci-0000:05:00.3-usb-0:2.1.1:1.0-port0
1790755674.1033,C,513,28360,-74,/dev/serial/by-path/pci-0000:05:00.3-usb-0:2.1.3:1.0-port0
1790755674.1034,A,551,28365,-62,/dev/serial/by-path/pci-0000:05:00.3-usb-0:2.1.1:1.0-port0
1790755674.1164,B,519,28374,-63,/dev/serial/by-path/pci-0000:05:00.3-usb-0:2.1.2:1.0-port0
1790755674.1499,B,520,28408,-68,/dev/serial/by-path/pci-0000:05:00.3-usb-0:2.1.2:1.0-port0
1790755674.1501,C,514,28406,-68,/dev/serial/by-path/pci-0000:05:00.3-usb-0:2.1.3:1.0-port0
1790755674.1713,A,552,28433,-62,/dev/serial/by-path/pci-0000:05:00.3-usb-0:2.1.1:1.0-port0
1790755674.1995,B,521,28457,-66,/dev/serial/by-path/pci-0000:05:00.3-usb-0:2.1.2:1.0-port0
1790755674.2081,A,553,28470,-61,/dev/serial/by-path/pci-0000:05:00.3-usb-0:2.1.1:1.0-port0
1790755674.2442,A,554,28505,-61,/dev/serial/by-path/pci-0000:05:00.3-usb-0:2.1.1:1.0-port0
1790755674.2497,B,522,28508,-62,/dev/serial/by-path/pci-0000:05:00.3-usb-0:2.1.2:1.0-port0
1790755674.2501,C,515,28506,-69,/dev/serial/by-path/pci-0000:05:00.3-usb-0:2.1.3:1.0-port0
1790755674.2863,B,523,28544,-69,/dev/serial/by-path/pci-0000:05:00.3-usb-0:2.1.2:1.0-port0
1790755674.2867,C,516,28543,-69,/dev/serial/by-path/pci-0000:05:00.3-usb-0:2.1.3:1.0-port0
1790755674.2884,A,555,28550,-63,/dev/serial/by-path/pci-0000:05:00.3-usb-0:2.1.1:1.0-port0
1790755674.3326,C,517,28589,-71,/dev/serial/by-path/pci-0000:05:00.3-usb-0:2.1.3:1.0-port0
1790755674.3438,A,556,28606,-63,/dev/serial/by-path/pci-0000:05:00.3-usb-0:2.1.1:1.0-port0
1790755674.3645,B,524,28622,-65,/dev/serial/by-path/pci-0000:05:00.3-usb-0:2.1.2:1.0-port0
1790755674.4041,C,518,28660,-68,/dev/serial/by-path/pci-0000:05:00.3-usb-0:2.1.3:1.0-port0
1790755674.4108,B,525,28669,-61,/dev/serial/by-path/pci-0000:05:00.3-usb-0:2.1.2:1.0-port0
1790755674.4214,B,526,28679,-68,/dev/serial/by-path/pci-0000:05:00.3-usb-0:2.1.2:1.0-port0
1790755674.4234,A,557,28685,-62,/dev/serial/by-path/pci-0000:05:00.3-usb-0:2.1.1:1.0-port0
1790755674.4663,B,527,28724,-67,/dev/serial/by-path/pci-0000:05:00.3-usb-0:2.1.2:1.0-port0
1790755674.4691,C,519,28726,-67,/dev/serial/by-path/pci-0000:05:00.3-usb-0:2.1.3:1.0-port0
1790755674.4942,A,558,28756,-62,/dev/serial/by-path/pci-0000:05:00.3-usb-0:2.1.1:1.0-port0
1790755674.5114,C,520,28768,-72,/dev/serial/by-path/pci-0000:05:00.3-usb-0:2.1.3:1.0-port0
1790755674.5119,B,528,28770,-66,/dev/serial/by-path/pci-0000:05:00.3-usb-0:2.1.2:1.0-port0
1790755674.5208,A,559,28783,-60,/dev/serial/by-path/pci-0000:05:00.3-usb-0:2.1.1:1.0-port0
1790755674.5584,A,560,28820,-63,/dev/serial/by-path/pci-0000:05:00.3-usb-0:2.1.1:1.0-port0
1790755674.5658,B,529,28824,-60,/dev/serial/by-path/pci-0000:05:00.3-usb-0:2.1.2:1.0-port0
1790755674.5675,C,521,28824,-67,/dev/serial/by-path/pci-0000:05:00.3-usb-0:2.1.3:1.0-port0
1790755674.5985,B,530,28856,-68,/dev/serial/by-path/pci-0000:05:00.3-usb-0:2.1.2:1.0-port0
1790755674.6191,C,522,28876,-68,/dev/serial/by-path/pci-0000:05:00.3-usb-0:2.1.3:1.0-port0
1790755674.6208,A,561,28882,-62,/dev/serial/by-path/pci-0000:05:00.3-usb-0:2.1.1:1.0-port0
1790755674.6457,C,523,28903,-72,/dev/serial/by-path/pci-0000:05:00.3-usb-0:2.1.3:1.0-port0
1790755674.6461,B,531,28904,-65,/dev/serial/by-path/pci-0000:05:00.3-usb-0:2.1.2:1.0-port0
1790755674.7158,B,532,28974,-60,/dev/serial/by-path/pci-0000:05:00.3-usb-0:2.1.2:1.0-port0
1790755674.7193,C,524,28976,-64,/dev/serial/by-path/pci-0000:05:00.3-usb-0:2.1.3:1.0-port0
1790755674.7414,B,533,29000,-68,/dev/serial/by-path/pci-0000:05:00.3-usb-0:2.1.2:1.0-port0
1790755674.7421,C,525,28999,-68,/dev/serial/by-path/pci-0000:05:00.3-usb-0:2.1.3:1.0-port0
1790755674.7437,A,562,29005,-62,/dev/serial/by-path/pci-0000:05:00.3-usb-0:2.1.1:1.0-port0
1790755674.7923,C,526,29048,-68,/dev/serial/by-path/pci-0000:05:00.3-usb-0:2.1.3:1.0-port0
1790755674.7932,A,563,29055,-62,/dev/serial/by-path/pci-0000:05:00.3-usb-0:2.1.1:1.0-port0
1790755674.7936,B,534,29052,-65,/dev/serial/by-path/pci-0000:05:00.3-usb-0:2.1.2:1.0-port0
1790755674.8442,A,564,29106,-60,/dev/serial/by-path/pci-0000:05:00.3-usb-0:2.1.1:1.0-port0
1790755674.8691,C,527,29125,-65,/dev/serial/by-path/pci-0000:05:00.3-usb-0:2.1.3:1.0-port0
1790755674.8857,C,528,29142,-65,/dev/serial/by-path/pci-0000:05:00.3-usb-0:2.1.3:1.0-port0
1790755674.8861,B,535,29144,-68,/dev/serial/by-path/pci-0000:05:00.3-usb-0:2.1.2:1.0-port0
1790755674.8872,A,565,29149,-63,/dev/serial/by-path/pci-0000:05:00.3-usb-0:2.1.1:1.0-port0
1790755674.9217,A,566,29183,-62,/dev/serial/by-path/pci-0000:05:00.3-usb-0:2.1.1:1.0-port0
1790755674.9366,B,536,29194,-64,/dev/serial/by-path/pci-0000:05:00.3-usb-0:2.1.2:1.0-port0
1790755674.9678,C,529,29224,-67,/dev/serial/by-path/pci-0000:05:00.3-usb-0:2.1.3:1.0-port0
1790755674.9689,A,567,29231,-60,/dev/serial/by-path/pci-0000:05:00.3-usb-0:2.1.1:1.0-port0
1790755675.0147,C,530,29271,-68,/dev/serial/by-path/pci-0000:05:00.3-usb-0:2.1.3:1.0-port0
1790755675.0153,B,537,29273,-60,/dev/serial/by-path/pci-0000:05:00.3-usb-0:2.1.2:1.0-port0
1790755675.0235,A,568,29285,-62,/dev/serial/by-path/pci-0000:05:00.3-usb-0:2.1.1:1.0-port0
1790755675.0625,B,538,29320,-67,/dev/serial/by-path/pci-0000:05:00.3-usb-0:2.1.2:1.0-port0
1790755675.0627,C,531,29319,-66,/dev/serial/by-path/pci-0000:05:00.3-usb-0:2.1.3:1.0-port0
1790755675.0631,A,569,29324,-62,/dev/serial/by-path/pci-0000:05:00.3-usb-0:2.1.1:1.0-port0
1790755675.1044,A,570,29366,-61,/dev/serial/by-path/pci-0000:05:00.3-usb-0:2.1.1:1.0-port0
1790755675.1156,B,539,29374,-64,/dev/serial/by-path/pci-0000:05:00.3-usb-0:2.1.2:1.0-port0
1790755675.1193,C,532,29376,-67,/dev/serial/by-path/pci-0000:05:00.3-usb-0:2.1.3:1.0-port0
1790755675.1491,B,540,29407,-60,/dev/serial/by-path/pci-0000:05:00.3-usb-0:2.1.2:1.0-port0
1790755675.1494,C,533,29405,-66,/dev/serial/by-path/pci-0000:05:00.3-usb-0:2.1.3:1.0-port0
1790755675.1942,A,571,29456,-62,/dev/serial/by-path/pci-0000:05:00.3-usb-0:2.1.1:1.0-port0
1790755675.2099,C,534,29466,-66,/dev/serial/by-path/pci-0000:05:00.3-usb-0:2.1.3:1.0-port0
1790755675.2103,B,541,29467,-67,/dev/serial/by-path/pci-0000:05:00.3-usb-0:2.1.2:1.0-port0
1790755675.2104,A,572,29471,-62,/dev/serial/by-path/pci-0000:05:00.3-usb-0:2.1.1:1.0-port0
1790755675.2408,A,573,29502,-62,/dev/serial/by-path/pci-0000:05:00.3-usb-0:2.1.1:1.0-port0
1790755675.2945,A,574,29556,-61,/dev/serial/by-path/pci-0000:05:00.3-usb-0:2.1.1:1.0-port0
1790755675.3159,B,542,29574,-60,/dev/serial/by-path/pci-0000:05:00.3-usb-0:2.1.2:1.0-port0
1790755675.3189,C,535,29576,-66,/dev/serial/by-path/pci-0000:05:00.3-usb-0:2.1.3:1.0-port0
1790755675.3342,B,543,29592,-68,/dev/serial/by-path/pci-0000:05:00.3-usb-0:2.1.2:1.0-port0
1790755675.3345,C,536,29590,-67,/dev/serial/by-path/pci-0000:05:00.3-usb-0:2.1.3:1.0-port0
1790755675.3446,A,575,29606,-62,/dev/serial/by-path/pci-0000:05:00.3-usb-0:2.1.1:1.0-port0
1790755675.3843,A,576,29646,-62,/dev/serial/by-path/pci-0000:05:00.3-usb-0:2.1.1:1.0-port0
1790755675.4428,B,544,29700,-60,/dev/serial/by-path/pci-0000:05:00.3-usb-0:2.1.2:1.0-port0
1790755675.4431,C,537,29699,-64,/dev/serial/by-path/pci-0000:05:00.3-usb-0:2.1.3:1.0-port0
1790755675.4722,B,545,29730,-68,/dev/serial/by-path/pci-0000:05:00.3-usb-0:2.1.2:1.0-port0
1790755675.4942,A,577,29756,-62,/dev/serial/by-path/pci-0000:05:00.3-usb-0:2.1.1:1.0-port0
1790755675.5192,C,538,29776,-67,/dev/serial/by-path/pci-0000:05:00.3-usb-0:2.1.3:1.0-port0
1790755675.5446,A,578,29806,-63,/dev/serial/by-path/pci-0000:05:00.3-usb-0:2.1.1:1.0-port0
1790755675.5625,B,546,29821,-65,/dev/serial/by-path/pci-0000:05:00.3-usb-0:2.1.2:1.0-port0
1790755675.5660,C,539,29822,-69,/dev/serial/by-path/pci-0000:05:00.3-usb-0:2.1.3:1.0-port0
1790755675.5736,A,579,29835,-62,/dev/serial/by-path/pci-0000:05:00.3-usb-0:2.1.1:1.0-port0
1790755675.6554,A,580,29917,-63,/dev/serial/by-path/pci-0000:05:00.3-usb-0:2.1.1:1.0-port0
1790755675.6555,B,547,29913,-68,/dev/serial/by-path/pci-0000:05:00.3-usb-0:2.1.2:1.0-port0
1790755675.6698,C,540,29926,-68,/dev/serial/by-path/pci-0000:05:00.3-usb-0:2.1.3:1.0-port0
1790755675.6987,C,541,29955,-68,/dev/serial/by-path/pci-0000:05:00.3-usb-0:2.1.3:1.0-port0
1790755675.7161,B,548,29973,-64,/dev/serial/by-path/pci-0000:05:00.3-usb-0:2.1.2:1.0-port0
1790755675.7163,A,581,29978,-62,/dev/serial/by-path/pci-0000:05:00.3-usb-0:2.1.1:1.0-port0
1790755675.7448,B,549,30003,-61,/dev/serial/by-path/pci-0000:05:00.3-usb-0:2.1.2:1.0-port0
1790755675.7452,C,542,30002,-64,/dev/serial/by-path/pci-0000:05:00.3-usb-0:2.1.3:1.0-port0
1790755675.7932,C,543,30050,-68,/dev/serial/by-path/pci-0000:05:00.3-usb-0:2.1.3:1.0-port0
1790755675.7947,A,582,30056,-62,/dev/serial/by-path/pci-0000:05:00.3-usb-0:2.1.1:1.0-port0
1790755675.8124,B,550,30070,-68,/dev/serial/by-path/pci-0000:05:00.3-usb-0:2.1.2:1.0-port0
1790755675.8329,A,583,30095,-63,/dev/serial/by-path/pci-0000:05:00.3-usb-0:2.1.1:1.0-port0
1790755675.8780,A,584,30139,-62,/dev/serial/by-path/pci-0000:05:00.3-usb-0:2.1.1:1.0-port0
1790755675.8782,C,544,30135,-65,/dev/serial/by-path/pci-0000:05:00.3-usb-0:2.1.3:1.0-port0
1790755675.8868,B,551,30144,-61,/dev/serial/by-path/pci-0000:05:00.3-usb-0:2.1.2:1.0-port0
1790755675.9214,A,585,30183,-62,/dev/serial/by-path/pci-0000:05:00.3-usb-0:2.1.1:1.0-port0
1790755675.9613,C,545,30218,-68,/dev/serial/by-path/pci-0000:05:00.3-usb-0:2.1.3:1.0-port0
1790755675.9615,B,552,30219,-68,/dev/serial/by-path/pci-0000:05:00.3-usb-0:2.1.2:1.0-port0
1790755675.9633,B,553,30220,-68,/dev/serial/by-path/pci-0000:05:00.3-usb-0:2.1.2:1.0-port0
1790755675.9708,A,586,30232,-62,/dev/serial/by-path/pci-0000:05:00.3-usb-0:2.1.1:1.0-port0
1790755676.0061,C,546,30262,-69,/dev/serial/by-path/pci-0000:05:00.3-usb-0:2.1.3:1.0-port0
1790755676.0066,B,554,30264,-64,/dev/serial/by-path/pci-0000:05:00.3-usb-0:2.1.2:1.0-port0
1790755676.0454,A,587,30306,-61,/dev/serial/by-path/pci-0000:05:00.3-usb-0:2.1.1:1.0-port0
1790755676.0657,B,555,30323,-61,/dev/serial/by-path/pci-0000:05:00.3-usb-0:2.1.2:1.0-port0
1790755676.0890,C,547,30345,-68,/dev/serial/by-path/pci-0000:05:00.3-usb-0:2.1.3:1.0-port0
1790755676.0895,B,556,30347,-68,/dev/serial/by-path/pci-0000:05:00.3-usb-0:2.1.2:1.0-port0
1790755676.0945,A,588,30356,-62,/dev/serial/by-path/pci-0000:05:00.3-usb-0:2.1.1:1.0-port0
1790755676.1305,A,589,30392,-64,/dev/serial/by-path/pci-0000:05:00.3-usb-0:2.1.1:1.0-port0
1790755676.1416,B,557,30399,-64,/dev/serial/by-path/pci-0000:05:00.3-usb-0:2.1.2:1.0-port0
1790755676.1694,C,548,30426,-68,/dev/serial/by-path/pci-0000:05:00.3-usb-0:2.1.3:1.0-port0
1790755676.1781,A,590,30440,-61,/dev/serial/by-path/pci-0000:05:00.3-usb-0:2.1.1:1.0-port0
1790755676.1786,C,549,30435,-65,/dev/serial/by-path/pci-0000:05:00.3-usb-0:2.1.3:1.0-port0
1790755676.1790,B,558,30437,-61,/dev/serial/by-path/pci-0000:05:00.3-usb-0:2.1.2:1.0-port0
1790755676.2248,C,550,30481,-68,/dev/serial/by-path/pci-0000:05:00.3-usb-0:2.1.3:1.0-port0
1790755676.2250,B,559,30482,-67,/dev/serial/by-path/pci-0000:05:00.3-usb-0:2.1.2:1.0-port0
1790755676.2302,A,591,30492,-62,/dev/serial/by-path/pci-0000:05:00.3-usb-0:2.1.1:1.0-port0
1790755676.2678,C,551,30524,-67,/dev/serial/by-path/pci-0000:05:00.3-usb-0:2.1.3:1.0-port0
1790755676.2857,A,592,30547,-62,/dev/serial/by-path/pci-0000:05:00.3-usb-0:2.1.1:1.0-port0
1790755676.3159,B,560,30574,-64,/dev/serial/by-path/pci-0000:05:00.3-usb-0:2.1.2:1.0-port0
1790755676.3193,C,552,30575,-68,/dev/serial/by-path/pci-0000:05:00.3-usb-0:2.1.3:1.0-port0
1790755676.3235,A,593,30585,-61,/dev/serial/by-path/pci-0000:05:00.3-usb-0:2.1.1:1.0-port0
1790755676.3665,B,561,30623,-60,/dev/serial/by-path/pci-0000:05:00.3-usb-0:2.1.2:1.0-port0
1790755676.3698,C,553,30626,-65,/dev/serial/by-path/pci-0000:05:00.3-usb-0:2.1.3:1.0-port0
1790755676.3870,A,594,30648,-62,/dev/serial/by-path/pci-0000:05:00.3-usb-0:2.1.1:1.0-port0
1790755676.4010,B,562,30658,-67,/dev/serial/by-path/pci-0000:05:00.3-usb-0:2.1.2:1.0-port0
1790755676.4041,C,554,30660,-68,/dev/serial/by-path/pci-0000:05:00.3-usb-0:2.1.3:1.0-port0
1790755676.4158,A,595,30677,-63,/dev/serial/by-path/pci-0000:05:00.3-usb-0:2.1.1:1.0-port0
1790755676.4952,A,596,30757,-61,/dev/serial/by-path/pci-0000:05:00.3-usb-0:2.1.1:1.0-port0
1790755676.4957,C,555,30752,-65,/dev/serial/by-path/pci-0000:05:00.3-usb-0:2.1.3:1.0-port0
1790755676.4958,B,563,30754,-61,/dev/serial/by-path/pci-0000:05:00.3-usb-0:2.1.2:1.0-port0
1790755676.5422,B,564,30800,-69,/dev/serial/by-path/pci-0000:05:00.3-usb-0:2.1.2:1.0-port0
1790755676.5450,A,597,30806,-62,/dev/serial/by-path/pci-0000:05:00.3-usb-0:2.1.1:1.0-port0
1790755676.5689,C,556,30826,-69,/dev/serial/by-path/pci-0000:05:00.3-usb-0:2.1.3:1.0-port0
1790755676.5902,B,565,30848,-64,/dev/serial/by-path/pci-0000:05:00.3-usb-0:2.1.2:1.0-port0
1790755676.5906,A,598,30852,-62,/dev/serial/by-path/pci-0000:05:00.3-usb-0:2.1.1:1.0-port0
1790755676.6005,C,557,30857,-69,/dev/serial/by-path/pci-0000:05:00.3-usb-0:2.1.3:1.0-port0
1790755676.6445,A,599,30906,-61,/dev/serial/by-path/pci-0000:05:00.3-usb-0:2.1.1:1.0-port0
1790755676.6658,B,566,30923,-61,/dev/serial/by-path/pci-0000:05:00.3-usb-0:2.1.2:1.0-port0
1790755676.6685,C,558,30925,-65,/dev/serial/by-path/pci-0000:05:00.3-usb-0:2.1.3:1.0-port0
1790755676.6793,B,567,30937,-68,/dev/serial/by-path/pci-0000:05:00.3-usb-0:2.1.2:1.0-port0
1790755676.6947,A,600,30956,-61,/dev/serial/by-path/pci-0000:05:00.3-usb-0:2.1.1:1.0-port0
1790755676.7223,B,568,30980,-64,/dev/serial/by-path/pci-0000:05:00.3-usb-0:2.1.2:1.0-port0
1790755676.7298,A,601,30991,-62,/dev/serial/by-path/pci-0000:05:00.3-usb-0:2.1.1:1.0-port0
1790755676.7702,C,559,31026,-69,/dev/serial/by-path/pci-0000:05:00.3-usb-0:2.1.3:1.0-port0
1790755676.7801,A,602,31041,-61,/dev/serial/by-path/pci-0000:05:00.3-usb-0:2.1.1:1.0-port0
1790755676.8107,B,569,31069,-61,/dev/serial/by-path/pci-0000:05:00.3-usb-0:2.1.2:1.0-port0
1790755676.8130,B,570,31069,-61,/dev/serial/by-path/pci-0000:05:00.3-usb-0:2.1.2:1.0-port0
1790755676.8149,A,603,31076,-60,/dev/serial/by-path/pci-0000:05:00.3-usb-0:2.1.1:1.0-port0
1790755676.8150,C,560,31071,-64,/dev/serial/by-path/pci-0000:05:00.3-usb-0:2.1.3:1.0-port0
1790755676.8574,C,561,31113,-69,/dev/serial/by-path/pci-0000:05:00.3-usb-0:2.1.3:1.0-port0
1790755676.8575,B,571,31115,-68,/dev/serial/by-path/pci-0000:05:00.3-usb-0:2.1.2:1.0-port0
1790755676.8617,A,604,31123,-62,/dev/serial/by-path/pci-0000:05:00.3-usb-0:2.1.1:1.0-port0
1790755676.8993,C,562,31155,-69,/dev/serial/by-path/pci-0000:05:00.3-usb-0:2.1.3:1.0-port0
1790755676.8994,B,572,31157,-63,/dev/serial/by-path/pci-0000:05:00.3-usb-0:2.1.2:1.0-port0
1790755676.9152,A,605,31176,-61,/dev/serial/by-path/pci-0000:05:00.3-usb-0:2.1.1:1.0-port0
1790755676.9425,A,606,31204,-61,/dev/serial/by-path/pci-0000:05:00.3-usb-0:2.1.1:1.0-port0
1790755676.9469,B,573,31204,-61,/dev/serial/by-path/pci-0000:05:00.3-usb-0:2.1.2:1.0-port0
1790755676.9470,C,563,31203,-65,/dev/serial/by-path/pci-0000:05:00.3-usb-0:2.1.3:1.0-port0
1790755676.9907,C,564,31247,-68,/dev/serial/by-path/pci-0000:05:00.3-usb-0:2.1.3:1.0-port0
1790755676.9943,A,607,31256,-61,/dev/serial/by-path/pci-0000:05:00.3-usb-0:2.1.1:1.0-port0
1790755677.0067,B,574,31264,-68,/dev/serial/by-path/pci-0000:05:00.3-usb-0:2.1.2:1.0-port0
1790755677.0288,C,565,31285,-68,/dev/serial/by-path/pci-0000:05:00.3-usb-0:2.1.3:1.0-port0
1790755677.0448,A,608,31306,-62,/dev/serial/by-path/pci-0000:05:00.3-usb-0:2.1.1:1.0-port0
1790755677.0659,B,575,31323,-64,/dev/serial/by-path/pci-0000:05:00.3-usb-0:2.1.2:1.0-port0
1790755677.0948,A,609,31356,-62,/dev/serial/by-path/pci-0000:05:00.3-usb-0:2.1.1:1.0-port0
1790755677.0954,B,576,31353,-61,/dev/serial/by-path/pci-0000:05:00.3-usb-0:2.1.2:1.0-port0
1790755677.0955,C,566,31351,-65,/dev/serial/by-path/pci-0000:05:00.3-usb-0:2.1.3:1.0-port0
1790755677.1218,B,577,31379,-68,/dev/serial/by-path/pci-0000:05:00.3-usb-0:2.1.2:1.0-port0
1790755677.1288,A,610,31390,-60,/dev/serial/by-path/pci-0000:05:00.3-usb-0:2.1.1:1.0-port0
1790755677.1729,B,578,31430,-63,/dev/serial/by-path/pci-0000:05:00.3-usb-0:2.1.2:1.0-port0
1790755677.1861,A,611,31447,-63,/dev/serial/by-path/pci-0000:05:00.3-usb-0:2.1.1:1.0-port0
1790755677.2174,C,567,31473,-69,/dev/serial/by-path/pci-0000:05:00.3-usb-0:2.1.3:1.0-port0
1790755677.2334,A,612,31495,-61,/dev/serial/by-path/pci-0000:05:00.3-usb-0:2.1.1:1.0-port0
1790755677.2575,C,568,31514,-64,/dev/serial/by-path/pci-0000:05:00.3-usb-0:2.1.3:1.0-port0
1790755677.2660,B,579,31523,-61,/dev/serial/by-path/pci-0000:05:00.3-usb-0:2.1.2:1.0-port0
1790755677.2901,A,613,31551,-61,/dev/serial/by-path/pci-0000:05:00.3-usb-0:2.1.1:1.0-port0
1790755677.3018,B,580,31559,-67,/dev/serial/by-path/pci-0000:05:00.3-usb-0:2.1.2:1.0-port0
1790755677.3052,C,569,31561,-69,/dev/serial/by-path/pci-0000:05:00.3-usb-0:2.1.3:1.0-port0
1790755677.3053,A,614,31567,-63,/dev/serial/by-path/pci-0000:05:00.3-usb-0:2.1.1:1.0-port0
1790755677.3472,C,570,31603,-69,/dev/serial/by-path/pci-0000:05:00.3-usb-0:2.1.3:1.0-port0
1790755677.3475,B,581,31605,-63,/dev/serial/by-path/pci-0000:05:00.3-usb-0:2.1.2:1.0-port0
1790755677.3952,A,615,31657,-61,/dev/serial/by-path/pci-0000:05:00.3-usb-0:2.1.1:1.0-port0
1790755677.4159,B,582,31673,-61,/dev/serial/by-path/pci-0000:05:00.3-usb-0:2.1.2:1.0-port0
1790755677.4200,C,571,31676,-65,/dev/serial/by-path/pci-0000:05:00.3-usb-0:2.1.3:1.0-port0
1790755677.4388,A,616,31700,-62,/dev/serial/by-path/pci-0000:05:00.3-usb-0:2.1.1:1.0-port0
1790755677.4397,B,583,31698,-67,/dev/serial/by-path/pci-0000:05:00.3-usb-0:2.1.2:1.0-port0
1790755677.4419,C,572,31698,-68,/dev/serial/by-path/pci-0000:05:00.3-usb-0:2.1.3:1.0-port0
1790755677.4807,A,617,31742,-62,/dev/serial/by-path/pci-0000:05:00.3-usb-0:2.1.1:1.0-port0
1790755677.5022,C,573,31758,-68,/dev/serial/by-path/pci-0000:05:00.3-usb-0:2.1.3:1.0-port0
1790755677.5023,B,584,31760,-63,/dev/serial/by-path/pci-0000:05:00.3-usb-0:2.1.2:1.0-port0
1790755677.5326,B,585,31790,-63,/dev/serial/by-path/pci-0000:05:00.3-usb-0:2.1.2:1.0-port0
1790755677.5482,C,574,31804,-65,/dev/serial/by-path/pci-0000:05:00.3-usb-0:2.1.3:1.0-port0
1790755677.5948,A,618,31856,-61,/dev/serial/by-path/pci-0000:05:00.3-usb-0:2.1.1:1.0-port0
1790755677.6154,C,575,31871,-69,/dev/serial/by-path/pci-0000:05:00.3-usb-0:2.1.3:1.0-port0
1790755677.6158,B,586,31873,-68,/dev/serial/by-path/pci-0000:05:00.3-usb-0:2.1.2:1.0-port0
1790755677.6449,A,619,31906,-62,/dev/serial/by-path/pci-0000:05:00.3-usb-0:2.1.1:1.0-port0
1790755677.6656,A,620,31927,-62,/dev/serial/by-path/pci-0000:05:00.3-usb-0:2.1.1:1.0-port0
1790755677.6663,B,587,31924,-64,/dev/serial/by-path/pci-0000:05:00.3-usb-0:2.1.2:1.0-port0
1790755677.6686,C,576,31926,-68,/dev/serial/by-path/pci-0000:05:00.3-usb-0:2.1.3:1.0-port0
1790755677.7162,C,577,31973,-64,/dev/serial/by-path/pci-0000:05:00.3-usb-0:2.1.3:1.0-port0
1790755677.7164,B,588,31973,-61,/dev/serial/by-path/pci-0000:05:00.3-usb-0:2.1.2:1.0-port0
1790755677.7224,A,621,31984,-63,/dev/serial/by-path/pci-0000:05:00.3-usb-0:2.1.1:1.0-port0
1790755677.7646,A,622,32026,-62,/dev/serial/by-path/pci-0000:05:00.3-usb-0:2.1.1:1.0-port0
1790755677.7651,B,589,32022,-68,/dev/serial/by-path/pci-0000:05:00.3-usb-0:2.1.2:1.0-port0
1790755677.7694,C,578,32026,-68,/dev/serial/by-path/pci-0000:05:00.3-usb-0:2.1.3:1.0-port0
1790755677.8109,A,623,32072,-61,/dev/serial/by-path/pci-0000:05:00.3-usb-0:2.1.1:1.0-port0
1790755677.8154,B,590,32073,-63,/dev/serial/by-path/pci-0000:05:00.3-usb-0:2.1.2:1.0-port0
1790755677.8603,C,579,32116,-66,/dev/serial/by-path/pci-0000:05:00.3-usb-0:2.1.3:1.0-port0
1790755677.8605,B,591,32118,-62,/dev/serial/by-path/pci-0000:05:00.3-usb-0:2.1.2:1.0-port0
1790755677.8756,A,624,32137,-61,/dev/serial/by-path/pci-0000:05:00.3-usb-0:2.1.1:1.0-port0
1790755677.9473,C,580,32203,-68,/dev/serial/by-path/pci-0000:05:00.3-usb-0:2.1.3:1.0-port0
1790755677.9617,B,592,32219,-64,/dev/serial/by-path/pci-0000:05:00.3-usb-0:2.1.2:1.0-port0
1790755677.9963,B,593,32254,-62,/dev/serial/by-path/pci-0000:05:00.3-usb-0:2.1.2:1.0-port0
1790755678.0196,C,581,32276,-65,/dev/serial/by-path/pci-0000:05:00.3-usb-0:2.1.3:1.0-port0
1790755678.0391,B,594,32297,-69,/dev/serial/by-path/pci-0000:05:00.3-usb-0:2.1.2:1.0-port0
1790755678.0396,C,582,32296,-70,/dev/serial/by-path/pci-0000:05:00.3-usb-0:2.1.3:1.0-port0
1790755678.0407,A,625,32302,-61,/dev/serial/by-path/pci-0000:05:00.3-usb-0:2.1.1:1.0-port0
1790755678.0875,B,595,32345,-63,/dev/serial/by-path/pci-0000:05:00.3-usb-0:2.1.2:1.0-port0
1790755678.0939,C,583,32350,-68,/dev/serial/by-path/pci-0000:05:00.3-usb-0:2.1.3:1.0-port0
1790755678.0942,A,626,32355,-63,/dev/serial/by-path/pci-0000:05:00.3-usb-0:2.1.1:1.0-port0
1790755678.1304,A,627,32392,-62,/dev/serial/by-path/pci-0000:05:00.3-usb-0:2.1.1:1.0-port0
1790755678.1352,C,584,32391,-66,/dev/serial/by-path/pci-0000:05:00.3-usb-0:2.1.3:1.0-port0
1790755678.1356,B,596,32393,-62,/dev/serial/by-path/pci-0000:05:00.3-usb-0:2.1.2:1.0-port0
1790755678.1772,A,628,32438,-62,/dev/serial/by-path/pci-0000:05:00.3-usb-0:2.1.1:1.0-port0
1790755678.1923,B,597,32450,-67,/dev/serial/by-path/pci-0000:05:00.3-usb-0:2.1.2:1.0-port0
1790755678.1954,C,585,32452,-71,/dev/serial/by-path/pci-0000:05:00.3-usb-0:2.1.3:1.0-port0
1790755678.2233,A,629,32485,-64,/dev/serial/by-path/pci-0000:05:00.3-usb-0:2.1.1:1.0-port0
1790755678.2291,B,598,32487,-64,/dev/serial/by-path/pci-0000:05:00.3-usb-0:2.1.2:1.0-port0
1790755678.2295,C,586,32485,-68,/dev/serial/by-path/pci-0000:05:00.3-usb-0:2.1.3:1.0-port0
1790755678.2766,A,630,32538,-62,/dev/serial/by-path/pci-0000:05:00.3-usb-0:2.1.1:1.0-port0
1790755678.2770,B,599,32534,-61,/dev/serial/by-path/pci-0000:05:00.3-usb-0:2.1.2:1.0-port0
1790755678.3195,C,587,32576,-65,/dev/serial/by-path/pci-0000:05:00.3-usb-0:2.1.3:1.0-port0
1790755678.3443,A,631,32606,-62,/dev/serial/by-path/pci-0000:05:00.3-usb-0:2.1.1:1.0-port0
1790755678.3596,B,600,32617,-68,/dev/serial/by-path/pci-0000:05:00.3-usb-0:2.1.2:1.0-port0
1790755678.3668,C,588,32623,-68,/dev/serial/by-path/pci-0000:05:00.3-usb-0:2.1.3:1.0-port0
1790755678.3672,A,632,32628,-64,/dev/serial/by-path/pci-0000:05:00.3-usb-0:2.1.1:1.0-port0
1790755678.4162,B,601,32673,-64,/dev/serial/by-path/pci-0000:05:00.3-usb-0:2.1.2:1.0-port0
1790755678.4195,C,589,32676,-65,/dev/serial/by-path/pci-0000:05:00.3-usb-0:2.1.3:1.0-port0
1790755678.4450,C,590,32701,-67,/dev/serial/by-path/pci-0000:05:00.3-usb-0:2.1.3:1.0-port0
1790755678.4454,A,633,32706,-62,/dev/serial/by-path/pci-0000:05:00.3-usb-0:2.1.1:1.0-port0
1790755678.4668,B,602,32724,-61,/dev/serial/by-path/pci-0000:05:00.3-usb-0:2.1.2:1.0-port0
1790755678.4873,A,634,32749,-62,/dev/serial/by-path/pci-0000:05:00.3-usb-0:2.1.1:1.0-port0
1790755678.4965,C,591,32753,-68,/dev/serial/by-path/pci-0000:05:00.3-usb-0:2.1.3:1.0-port0
1790755678.4968,B,603,32754,-67,/dev/serial/by-path/pci-0000:05:00.3-usb-0:2.1.2:1.0-port0
1790755678.5306,C,592,32787,-68,/dev/serial/by-path/pci-0000:05:00.3-usb-0:2.1.3:1.0-port0
1790755678.5454,A,635,32806,-64,/dev/serial/by-path/pci-0000:05:00.3-usb-0:2.1.1:1.0-port0
1790755678.5661,B,604,32824,-65,/dev/serial/by-path/pci-0000:05:00.3-usb-0:2.1.2:1.0-port0
1790755678.5737,A,636,32835,-60,/dev/serial/by-path/pci-0000:05:00.3-usb-0:2.1.1:1.0-port0
1790755678.5917,C,593,32848,-63,/dev/serial/by-path/pci-0000:05:00.3-usb-0:2.1.3:1.0-port0
1790755678.5921,B,605,32850,-61,/dev/serial/by-path/pci-0000:05:00.3-usb-0:2.1.2:1.0-port0
1790755678.6177,C,594,32874,-64,/dev/serial/by-path/pci-0000:05:00.3-usb-0:2.1.3:1.0-port0
1790755678.6193,A,637,32880,-62,/dev/serial/by-path/pci-0000:05:00.3-usb-0:2.1.1:1.0-port0
1790755678.6632,C,595,32920,-66,/dev/serial/by-path/pci-0000:05:00.3-usb-0:2.1.3:1.0-port0
1790755678.6662,B,606,32924,-68,/dev/serial/by-path/pci-0000:05:00.3-usb-0:2.1.2:1.0-port0
1790755678.6690,A,638,32930,-62,/dev/serial/by-path/pci-0000:05:00.3-usb-0:2.1.1:1.0-port0
1790755678.7127,A,639,32974,-60,/dev/serial/by-path/pci-0000:05:00.3-usb-0:2.1.1:1.0-port0
1790755678.7168,B,607,32973,-65,/dev/serial/by-path/pci-0000:05:00.3-usb-0:2.1.2:1.0-port0
1790755678.7196,C,596,32976,-67,/dev/serial/by-path/pci-0000:05:00.3-usb-0:2.1.3:1.0-port0
1790755678.7528,C,597,33009,-68,/dev/serial/by-path/pci-0000:05:00.3-usb-0:2.1.3:1.0-port0
1790755678.7552,A,640,33016,-59,/dev/serial/by-path/pci-0000:05:00.3-usb-0:2.1.1:1.0-port0
1790755678.7556,B,608,33013,-61,/dev/serial/by-path/pci-0000:05:00.3-usb-0:2.1.2:1.0-port0
1790755678.8142,C,598,33070,-67,/dev/serial/by-path/pci-0000:05:00.3-usb-0:2.1.3:1.0-port0
1790755678.8149,B,609,33073,-69,/dev/serial/by-path/pci-0000:05:00.3-usb-0:2.1.2:1.0-port0
1790755678.8396,B,610,33097,-65,/dev/serial/by-path/pci-0000:05:00.3-usb-0:2.1.2:1.0-port0
1790755678.8397,A,641,33101,-61,/dev/serial/by-path/pci-0000:05:00.3-usb-0:2.1.1:1.0-port0
1790755678.8544,C,599,33110,-69,/dev/serial/by-path/pci-0000:05:00.3-usb-0:2.1.3:1.0-port0
1790755678.8954,A,642,33156,-59,/dev/serial/by-path/pci-0000:05:00.3-usb-0:2.1.1:1.0-port0
1790755678.9029,C,600,33159,-66,/dev/serial/by-path/pci-0000:05:00.3-usb-0:2.1.3:1.0-port0
1790755678.9034,B,611,33160,-60,/dev/serial/by-path/pci-0000:05:00.3-usb-0:2.1.2:1.0-port0
1790755678.9342,B,612,33192,-68,/dev/serial/by-path/pci-0000:05:00.3-usb-0:2.1.2:1.0-port0
1790755678.9419,C,601,33198,-67,/dev/serial/by-path/pci-0000:05:00.3-usb-0:2.1.3:1.0-port0
1790755678.9446,A,643,33206,-60,/dev/serial/by-path/pci-0000:05:00.3-usb-0:2.1.1:1.0-port0
1790755679.0390,A,644,33300,-60,/dev/serial/by-path/pci-0000:05:00.3-usb-0:2.1.1:1.0-port0
1790755679.0471,C,602,33303,-66,/dev/serial/by-path/pci-0000:05:00.3-usb-0:2.1.3:1.0-port0
1790755679.0508,B,613,33308,-60,/dev/serial/by-path/pci-0000:05:00.3-usb-0:2.1.2:1.0-port0
1790755679.0723,B,614,33330,-68,/dev/serial/by-path/pci-0000:05:00.3-usb-0:2.1.2:1.0-port0
1790755679.0742,A,645,33335,-61,/dev/serial/by-path/pci-0000:05:00.3-usb-0:2.1.1:1.0-port0
1790755679.1157,B,615,33373,-68,/dev/serial/by-path/pci-0000:05:00.3-usb-0:2.1.2:1.0-port0
1790755679.1163,A,646,33377,-63,/dev/serial/by-path/pci-0000:05:00.3-usb-0:2.1.1:1.0-port0
1790755679.1166,C,603,33371,-67,/dev/serial/by-path/pci-0000:05:00.3-usb-0:2.1.3:1.0-port0
1790755679.1657,B,616,33423,-64,/dev/serial/by-path/pci-0000:05:00.3-usb-0:2.1.2:1.0-port0
1790755679.1696,C,604,33426,-69,/dev/serial/by-path/pci-0000:05:00.3-usb-0:2.1.3:1.0-port0
1790755679.1860,A,647,33447,-61,/dev/serial/by-path/pci-0000:05:00.3-usb-0:2.1.1:1.0-port0
1790755679.2076,C,605,33464,-67,/dev/serial/by-path/pci-0000:05:00.3-usb-0:2.1.3:1.0-port0
1790755679.2080,B,617,33465,-61,/dev/serial/by-path/pci-0000:05:00.3-usb-0:2.1.2:1.0-port0
1790755679.2153,A,648,33476,-61,/dev/serial/by-path/pci-0000:05:00.3-usb-0:2.1.1:1.0-port0
1790755679.2487,B,618,33506,-68,/dev/serial/by-path/pci-0000:05:00.3-usb-0:2.1.2:1.0-port0
1790755679.2617,A,649,33523,-64,/dev/serial/by-path/pci-0000:05:00.3-usb-0:2.1.1:1.0-port0
1790755679.2620,C,606,33518,-67,/dev/serial/by-path/pci-0000:05:00.3-usb-0:2.1.3:1.0-port0
1790755679.3002,C,607,33556,-68,/dev/serial/by-path/pci-0000:05:00.3-usb-0:2.1.3:1.0-port0
1790755679.3004,B,619,33557,-64,/dev/serial/by-path/pci-0000:05:00.3-usb-0:2.1.2:1.0-port0
1790755679.3383,C,608,33594,-66,/dev/serial/by-path/pci-0000:05:00.3-usb-0:2.1.3:1.0-port0
1790755679.3666,B,620,33624,-61,/dev/serial/by-path/pci-0000:05:00.3-usb-0:2.1.2:1.0-port0
1790755679.3844,B,621,33642,-69,/dev/serial/by-path/pci-0000:05:00.3-usb-0:2.1.2:1.0-port0
1790755679.3846,C,609,33640,-68,/dev/serial/by-path/pci-0000:05:00.3-usb-0:2.1.3:1.0-port0
1790755679.3946,A,650,33656,-61,/dev/serial/by-path/pci-0000:05:00.3-usb-0:2.1.1:1.0-port0
1790755679.4307,B,622,33688,-65,/dev/serial/by-path/pci-0000:05:00.3-usb-0:2.1.2:1.0-port0
1790755679.4312,C,610,33687,-66,/dev/serial/by-path/pci-0000:05:00.3-usb-0:2.1.3:1.0-port0
1790755679.4313,A,651,33692,-64,/dev/serial/by-path/pci-0000:05:00.3-usb-0:2.1.1:1.0-port0
1790755679.4754,B,623,33733,-61,/dev/serial/by-path/pci-0000:05:00.3-usb-0:2.1.2:1.0-port0
1790755679.4770,A,652,33738,-62,/dev/serial/by-path/pci-0000:05:00.3-usb-0:2.1.1:1.0-port0
1790755679.5191,C,611,33776,-64,/dev/serial/by-path/pci-0000:05:00.3-usb-0:2.1.3:1.0-port0
1790755679.5208,C,612,33776,-63,/dev/serial/by-path/pci-0000:05:00.3-usb-0:2.1.3:1.0-port0
1790755679.5338,A,653,33795,-61,/dev/serial/by-path/pci-0000:05:00.3-usb-0:2.1.1:1.0-port0
1790755679.5631,C,613,33819,-66,/dev/serial/by-path/pci-0000:05:00.3-usb-0:2.1.3:1.0-port0
1790755679.5659,B,624,33824,-69,/dev/serial/by-path/pci-0000:05:00.3-usb-0:2.1.2:1.0-port0
1790755679.5664,A,654,33828,-64,/dev/serial/by-path/pci-0000:05:00.3-usb-0:2.1.1:1.0-port0
1790755679.6096,B,625,33867,-64,/dev/serial/by-path/pci-0000:05:00.3-usb-0:2.1.2:1.0-port0
1790755679.6196,C,614,33876,-65,/dev/serial/by-path/pci-0000:05:00.3-usb-0:2.1.3:1.0-port0
1790755679.6430,A,655,33904,-62,/dev/serial/by-path/pci-0000:05:00.3-usb-0:2.1.1:1.0-port0
1790755679.6562,B,626,33914,-61,/dev/serial/by-path/pci-0000:05:00.3-usb-0:2.1.2:1.0-port0
1790755679.6566,C,615,33913,-61,/dev/serial/by-path/pci-0000:05:00.3-usb-0:2.1.3:1.0-port0
1790755679.6918,A,656,33953,-61,/dev/serial/by-path/pci-0000:05:00.3-usb-0:2.1.1:1.0-port0
1790755679.7028,B,627,33960,-69,/dev/serial/by-path/pci-0000:05:00.3-usb-0:2.1.2:1.0-port0
1790755679.7190,C,616,33976,-64,/dev/serial/by-path/pci-0000:05:00.3-usb-0:2.1.3:1.0-port0
1790755679.7252,A,657,33986,-63,/dev/serial/by-path/pci-0000:05:00.3-usb-0:2.1.1:1.0-port0
1790755679.7538,B,628,34011,-65,/dev/serial/by-path/pci-0000:05:00.3-usb-0:2.1.2:1.0-port0
1790755679.7687,A,658,34030,-60,/dev/serial/by-path/pci-0000:05:00.3-usb-0:2.1.1:1.0-port0
1790755679.7990,B,629,34056,-60,/dev/serial/by-path/pci-0000:05:00.3-usb-0:2.1.2:1.0-port0
1790755679.7995,C,617,34055,-61,/dev/serial/by-path/pci-0000:05:00.3-usb-0:2.1.3:1.0-port0
1790755679.8149,A,659,34076,-61,/dev/serial/by-path/pci-0000:05:00.3-usb-0:2.1.1:1.0-port0
1790755679.8394,B,630,34098,-68,/dev/serial/by-path/pci-0000:05:00.3-usb-0:2.1.2:1.0-port0
1790755679.8446,A,660,34106,-61,/dev/serial/by-path/pci-0000:05:00.3-usb-0:2.1.1:1.0-port0
1790755679.8452,C,618,34102,-63,/dev/serial/by-path/pci-0000:05:00.3-usb-0:2.1.3:1.0-port0
1790755679.8826,B,631,34140,-65,/dev/serial/by-path/pci-0000:05:00.3-usb-0:2.1.2:1.0-port0
1790755679.8831,C,619,34139,-63,/dev/serial/by-path/pci-0000:05:00.3-usb-0:2.1.3:1.0-port0
1790755679.8834,A,661,34143,-62,/dev/serial/by-path/pci-0000:05:00.3-usb-0:2.1.1:1.0-port0
1790755679.9335,C,620,34189,-62,/dev/serial/by-path/pci-0000:05:00.3-usb-0:2.1.3:1.0-port0
1790755679.9336,B,632,34191,-61,/dev/serial/by-path/pci-0000:05:00.3-usb-0:2.1.2:1.0-port0
1790755679.9714,A,662,34233,-62,/dev/serial/by-path/pci-0000:05:00.3-usb-0:2.1.1:1.0-port0
1790755679.9976,B,633,34255,-68,/dev/serial/by-path/pci-0000:05:00.3-usb-0:2.1.2:1.0-port0
1790755680.0159,B,634,34274,-68,/dev/serial/by-path/pci-0000:05:00.3-usb-0:2.1.2:1.0-port0
1790755680.0197,C,621,34276,-64,/dev/serial/by-path/pci-0000:05:00.3-usb-0:2.1.3:1.0-port0
1790755680.0447,A,663,34306,-62,/dev/serial/by-path/pci-0000:05:00.3-usb-0:2.1.1:1.0-port0
1790755680.0565,A,664,34318,-59,/dev/serial/by-path/pci-0000:05:00.3-usb-0:2.1.1:1.0-port0
1790755680.0569,B,635,34314,-64,/dev/serial/by-path/pci-0000:05:00.3-usb-0:2.1.2:1.0-port0
1790755680.1098,B,636,34367,-61,/dev/serial/by-path/pci-0000:05:00.3-usb-0:2.1.2:1.0-port0
1790755680.1099,C,622,34366,-61,/dev/serial/by-path/pci-0000:05:00.3-usb-0:2.1.3:1.0-port0
1790755680.1381,A,665,34399,-61,/dev/serial/by-path/pci-0000:05:00.3-usb-0:2.1.1:1.0-port0
1790755680.1471,C,623,34403,-63,/dev/serial/by-path/pci-0000:05:00.3-usb-0:2.1.3:1.0-port0
1790755680.1562,B,637,34413,-68,/dev/serial/by-path/pci-0000:05:00.3-usb-0:2.1.2:1.0-port0
1790755680.1903,A,666,34451,-61,/dev/serial/by-path/pci-0000:05:00.3-usb-0:2.1.1:1.0-port0
1790755680.2143,C,624,34470,-64,/dev/serial/by-path/pci-0000:05:00.3-usb-0:2.1.3:1.0-port0
1790755680.2146,B,638,34471,-65,/dev/serial/by-path/pci-0000:05:00.3-usb-0:2.1.2:1.0-port0
1790755680.2372,A,667,34498,-60,/dev/serial/by-path/pci-0000:05:00.3-usb-0:2.1.1:1.0-port0
1790755680.2487,C,625,34505,-58,/dev/serial/by-path/pci-0000:05:00.3-usb-0:2.1.3:1.0-port0
1790755680.2496,B,639,34506,-60,/dev/serial/by-path/pci-0000:05:00.3-usb-0:2.1.2:1.0-port0
1790755680.2848,B,640,34542,-68,/dev/serial/by-path/pci-0000:05:00.3-usb-0:2.1.2:1.0-port0
1790755680.2883,A,668,34549,-62,/dev/serial/by-path/pci-0000:05:00.3-usb-0:2.1.1:1.0-port0
1790755680.2984,C,626,34554,-63,/dev/serial/by-path/pci-0000:05:00.3-usb-0:2.1.3:1.0-port0
1790755680.3341,A,669,34595,-61,/dev/serial/by-path/pci-0000:05:00.3-usb-0:2.1.1:1.0-port0
1790755680.3786,A,670,34640,-59,/dev/serial/by-path/pci-0000:05:00.3-usb-0:2.1.1:1.0-port0
1790755680.3791,C,627,34635,-58,/dev/serial/by-path/pci-0000:05:00.3-usb-0:2.1.3:1.0-port0
1790755680.3792,B,641,34637,-60,/dev/serial/by-path/pci-0000:05:00.3-usb-0:2.1.2:1.0-port0
1790755680.4272,B,642,34685,-69,/dev/serial/by-path/pci-0000:05:00.3-usb-0:2.1.2:1.0-port0
1790755680.4276,C,628,34683,-63,/dev/serial/by-path/pci-0000:05:00.3-usb-0:2.1.3:1.0-port0
1790755680.4452,A,671,34706,-62,/dev/serial/by-path/pci-0000:05:00.3-usb-0:2.1.1:1.0-port0
1790755680.4900,B,643,34747,-66,/dev/serial/by-path/pci-0000:05:00.3-usb-0:2.1.2:1.0-port0
1790755680.4951,A,672,34756,-62,/dev/serial/by-path/pci-0000:05:00.3-usb-0:2.1.1:1.0-port0
1790755680.5210,A,673,34782,-59,/dev/serial/by-path/pci-0000:05:00.3-usb-0:2.1.1:1.0-port0
1790755680.5334,B,644,34791,-62,/dev/serial/by-path/pci-0000:05:00.3-usb-0:2.1.2:1.0-port0
1790755680.5689,A,674,34830,-64,/dev/serial/by-path/pci-0000:05:00.3-usb-0:2.1.1:1.0-port0
1790755680.5694,C,629,34825,-60,/dev/serial/by-path/pci-0000:05:00.3-usb-0:2.1.3:1.0-port0
1790755680.6121,B,645,34869,-72,/dev/serial/by-path/pci-0000:05:00.3-usb-0:2.1.2:1.0-port0
1790755680.6142,C,630,34870,-62,/dev/serial/by-path/pci-0000:05:00.3-usb-0:2.1.3:1.0-port0
1790755680.6192,A,675,34880,-63,/dev/serial/by-path/pci-0000:05:00.3-usb-0:2.1.1:1.0-port0
1790755680.6605,A,676,34921,-61,/dev/serial/by-path/pci-0000:05:00.3-usb-0:2.1.1:1.0-port0
1790755680.6663,B,646,34924,-66,/dev/serial/by-path/pci-0000:05:00.3-usb-0:2.1.2:1.0-port0
1790755680.6699,C,631,34926,-63,/dev/serial/by-path/pci-0000:05:00.3-usb-0:2.1.3:1.0-port0
1790755680.7041,B,647,34962,-62,/dev/serial/by-path/pci-0000:05:00.3-usb-0:2.1.2:1.0-port0
1790755680.7045,C,632,34960,-61,/dev/serial/by-path/pci-0000:05:00.3-usb-0:2.1.3:1.0-port0
1790755680.7123,A,677,34974,-65,/dev/serial/by-path/pci-0000:05:00.3-usb-0:2.1.1:1.0-port0
1790755680.7522,A,678,35013,-67,/dev/serial/by-path/pci-0000:05:00.3-usb-0:2.1.1:1.0-port0
1790755680.7662,B,648,35023,-74,/dev/serial/by-path/pci-0000:05:00.3-usb-0:2.1.2:1.0-port0
1790755680.7701,C,633,35026,-61,/dev/serial/by-path/pci-0000:05:00.3-usb-0:2.1.3:1.0-port0
1790755680.7957,C,634,35052,-63,/dev/serial/by-path/pci-0000:05:00.3-usb-0:2.1.3:1.0-port0
1790755680.8038,B,649,35061,-66,/dev/serial/by-path/pci-0000:05:00.3-usb-0:2.1.2:1.0-port0
1790755680.8363,A,679,35097,-63,/dev/serial/by-path/pci-0000:05:00.3-usb-0:2.1.1:1.0-port0
1790755680.8367,C,635,35092,-62,/dev/serial/by-path/pci-0000:05:00.3-usb-0:2.1.3:1.0-port0
1790755680.8548,B,650,35111,-63,/dev/serial/by-path/pci-0000:05:00.3-usb-0:2.1.2:1.0-port0
1790755680.8757,B,651,35133,-72,/dev/serial/by-path/pci-0000:05:00.3-usb-0:2.1.2:1.0-port0
1790755680.8758,C,636,35132,-62,/dev/serial/by-path/pci-0000:05:00.3-usb-0:2.1.3:1.0-port0
1790755680.8777,A,680,35138,-63,/dev/serial/by-path/pci-0000:05:00.3-usb-0:2.1.1:1.0-port0
1790755680.9183,C,637,35174,-61,/dev/serial/by-path/pci-0000:05:00.3-usb-0:2.1.3:1.0-port0
1790755680.9331,A,681,35194,-67,/dev/serial/by-path/pci-0000:05:00.3-usb-0:2.1.1:1.0-port0
1790755680.9946,A,682,35256,-63,/dev/serial/by-path/pci-0000:05:00.3-usb-0:2.1.1:1.0-port0
1790755681.0163,B,652,35274,-63,/dev/serial/by-path/pci-0000:05:00.3-usb-0:2.1.2:1.0-port0
1790755681.0196,C,638,35275,-65,/dev/serial/by-path/pci-0000:05:00.3-usb-0:2.1.3:1.0-port0
1790755681.0388,A,683,35300,-62,/dev/serial/by-path/pci-0000:05:00.3-usb-0:2.1.1:1.0-port0
1790755681.0556,C,639,35311,-67,/dev/serial/by-path/pci-0000:05:00.3-usb-0:2.1.3:1.0-port0
1790755681.0596,A,684,35321,-65,/dev/serial/by-path/pci-0000:05:00.3-usb-0:2.1.1:1.0-port0
1790755681.0597,B,653,35317,-68,/dev/serial/by-path/pci-0000:05:00.3-usb-0:2.1.2:1.0-port0
1790755681.1063,C,640,35362,-76,/dev/serial/by-path/pci-0000:05:00.3-usb-0:2.1.3:1.0-port0
1790755681.1065,B,654,35363,-66,/dev/serial/by-path/pci-0000:05:00.3-usb-0:2.1.2:1.0-port0
1790755681.1181,A,685,35379,-60,/dev/serial/by-path/pci-0000:05:00.3-usb-0:2.1.1:1.0-port0
1790755681.1663,B,655,35423,-62,/dev/serial/by-path/pci-0000:05:00.3-usb-0:2.1.2:1.0-port0
1790755681.1697,C,641,35426,-65,/dev/serial/by-path/pci-0000:05:00.3-usb-0:2.1.3:1.0-port0
1790755681.1947,A,686,35456,-61,/dev/serial/by-path/pci-0000:05:00.3-usb-0:2.1.1:1.0-port0
1790755681.2001,B,656,35457,-69,/dev/serial/by-path/pci-0000:05:00.3-usb-0:2.1.2:1.0-port0
1790755681.2203,C,642,35476,-65,/dev/serial/by-path/pci-0000:05:00.3-usb-0:2.1.3:1.0-port0
1790755681.2430,A,687,35504,-65,/dev/serial/by-path/pci-0000:05:00.3-usb-0:2.1.1:1.0-port0
1790755681.2434,C,643,35499,-69,/dev/serial/by-path/pci-0000:05:00.3-usb-0:2.1.3:1.0-port0
1790755681.2548,B,657,35512,-68,/dev/serial/by-path/pci-0000:05:00.3-usb-0:2.1.2:1.0-port0
1790755681.2947,A,688,35556,-62,/dev/serial/by-path/pci-0000:05:00.3-usb-0:2.1.1:1.0-port0
1790755681.3162,B,658,35573,-62,/dev/serial/by-path/pci-0000:05:00.3-usb-0:2.1.2:1.0-port0
1790755681.3202,C,644,35576,-74,/dev/serial/by-path/pci-0000:05:00.3-usb-0:2.1.3:1.0-port0
1790755681.3320,B,659,35589,-68,/dev/serial/by-path/pci-0000:05:00.3-usb-0:2.1.2:1.0-port0
1790755681.3426,C,645,35598,-64,/dev/serial/by-path/pci-0000:05:00.3-usb-0:2.1.3:1.0-port0
1790755681.3453,A,689,35606,-63,/dev/serial/by-path/pci-0000:05:00.3-usb-0:2.1.1:1.0-port0
1790755681.3788,A,690,35640,-66,/dev/serial/by-path/pci-0000:05:00.3-usb-0:2.1.1:1.0-port0
1790755681.4328,A,691,35694,-63,/dev/serial/by-path/pci-0000:05:00.3-usb-0:2.1.1:1.0-port0
1790755681.4602,B,660,35717,-61,/dev/serial/by-path/pci-0000:05:00.3-usb-0:2.1.2:1.0-port0
1790755681.4606,C,646,35716,-69,/dev/serial/by-path/pci-0000:05:00.3-usb-0:2.1.3:1.0-port0
1790755681.4684,A,692,35730,-64,/dev/serial/by-path/pci-0000:05:00.3-usb-0:2.1.1:1.0-port0
1790755681.4705,C,647,35726,-69,/dev/serial/by-path/pci-0000:05:00.3-usb-0:2.1.3:1.0-port0
1790755681.5122,A,693,35773,-63,/dev/serial/by-path/pci-0000:05:00.3-usb-0:2.1.1:1.0-port0
1790755681.5126,B,661,35769,-68,/dev/serial/by-path/pci-0000:05:00.3-usb-0:2.1.2:1.0-port0
1790755681.5203,C,648,35776,-63,/dev/serial/by-path/pci-0000:05:00.3-usb-0:2.1.3:1.0-port0
1790755681.6044,C,649,35860,-64,/dev/serial/by-path/pci-0000:05:00.3-usb-0:2.1.3:1.0-port0
1790755681.6159,B,662,35874,-62,/dev/serial/by-path/pci-0000:05:00.3-usb-0:2.1.2:1.0-port0
1790755681.6212,A,694,35882,-64,/dev/serial/by-path/pci-0000:05:00.3-usb-0:2.1.1:1.0-port0
1790755681.6604,A,695,35921,-62,/dev/serial/by-path/pci-0000:05:00.3-usb-0:2.1.1:1.0-port0
1790755681.6606,B,663,35917,-68,/dev/serial/by-path/pci-0000:05:00.3-usb-0:2.1.2:1.0-port0
1790755681.6610,C,650,35917,-63,/dev/serial/by-path/pci-0000:05:00.3-usb-0:2.1.3:1.0-port0
1790755681.7162,B,664,35974,-66,/dev/serial/by-path/pci-0000:05:00.3-usb-0:2.1.2:1.0-port0
1790755681.7195,C,651,35975,-65,/dev/serial/by-path/pci-0000:05:00.3-usb-0:2.1.3:1.0-port0
1790755681.7294,A,696,35990,-60,/dev/serial/by-path/pci-0000:05:00.3-usb-0:2.1.1:1.0-port0
1790755681.7464,C,652,36002,-63,/dev/serial/by-path/pci-0000:05:00.3-usb-0:2.1.3:1.0-port0
1790755681.7527,B,665,36010,-62,/dev/serial/by-path/pci-0000:05:00.3-usb-0:2.1.2:1.0-port0
1790755681.7941,B,666,36051,-70,/dev/serial/by-path/pci-0000:05:00.3-usb-0:2.1.2:1.0-port0
1790755681.7951,A,697,36056,-65,/dev/serial/by-path/pci-0000:05:00.3-usb-0:2.1.1:1.0-port0
1790755681.8196,C,653,36076,-62,/dev/serial/by-path/pci-0000:05:00.3-usb-0:2.1.3:1.0-port0
1790755681.8452,A,698,36106,-63,/dev/serial/by-path/pci-0000:05:00.3-usb-0:2.1.1:1.0-port0
1790755681.8621,B,667,36120,-65,/dev/serial/by-path/pci-0000:05:00.3-usb-0:2.1.2:1.0-port0
1790755681.8626,C,654,36119,-64,/dev/serial/by-path/pci-0000:05:00.3-usb-0:2.1.3:1.0-port0
1790755681.8892,A,699,36150,-61,/dev/serial/by-path/pci-0000:05:00.3-usb-0:2.1.1:1.0-port0
1790755681.8952,B,668,36152,-63,/dev/serial/by-path/pci-0000:05:00.3-usb-0:2.1.2:1.0-port0
1790755681.9072,C,655,36163,-63,/dev/serial/by-path/pci-0000:05:00.3-usb-0:2.1.3:1.0-port0
1790755681.9398,B,669,36197,-70,/dev/serial/by-path/pci-0000:05:00.3-usb-0:2.1.2:1.0-port0
1790755681.9450,A,700,36206,-64,/dev/serial/by-path/pci-0000:05:00.3-usb-0:2.1.1:1.0-port0
1790755681.9698,C,656,36226,-65,/dev/serial/by-path/pci-0000:05:00.3-usb-0:2.1.3:1.0-port0
1790755681.9890,B,670,36246,-66,/dev/serial/by-path/pci-0000:05:00.3-usb-0:2.1.2:1.0-port0
1790755682.0118,C,657,36268,-67,/dev/serial/by-path/pci-0000:05:00.3-usb-0:2.1.3:1.0-port0
1790755682.0406,A,701,36301,-62,/dev/serial/by-path/pci-0000:05:00.3-usb-0:2.1.1:1.0-port0
1790755682.0408,C,658,36296,-66,/dev/serial/by-path/pci-0000:05:00.3-usb-0:2.1.3:1.0-port0
1790755682.0413,B,671,36297,-63,/dev/serial/by-path/pci-0000:05:00.3-usb-0:2.1.2:1.0-port0
1790755682.0789,A,702,36340,-64,/dev/serial/by-path/pci-0000:05:00.3-usb-0:2.1.1:1.0-port0
1790755682.0810,B,672,36338,-70,/dev/serial/by-path/pci-0000:05:00.3-usb-0:2.1.2:1.0-port0
1790755682.0812,C,659,36337,-66,/dev/serial/by-path/pci-0000:05:00.3-usb-0:2.1.3:1.0-port0
1790755682.1244,A,703,36386,-64,/dev/serial/by-path/pci-0000:05:00.3-usb-0:2.1.1:1.0-port0
1790755682.1338,C,660,36390,-66,/dev/serial/by-path/pci-0000:05:00.3-usb-0:2.1.3:1.0-port0
1790755682.1342,B,673,36391,-67,/dev/serial/by-path/pci-0000:05:00.3-usb-0:2.1.2:1.0-port0
1790755682.1681,C,661,36424,-67,/dev/serial/by-path/pci-0000:05:00.3-usb-0:2.1.3:1.0-port0
1790755682.1739,A,704,36435,-63,/dev/serial/by-path/pci-0000:05:00.3-usb-0:2.1.1:1.0-port0
1790755682.2196,C,662,36476,-67,/dev/serial/by-path/pci-0000:05:00.3-usb-0:2.1.3:1.0-port0
1790755682.2247,A,705,36485,-64,/dev/serial/by-path/pci-0000:05:00.3-usb-0:2.1.1:1.0-port0
1790755682.2637,B,674,36521,-68,/dev/serial/by-path/pci-0000:05:00.3-usb-0:2.1.2:1.0-port0
1790755682.2643,C,663,36520,-65,/dev/serial/by-path/pci-0000:05:00.3-usb-0:2.1.3:1.0-port0
1790755682.2912,A,706,36552,-64,/dev/serial/by-path/pci-0000:05:00.3-usb-0:2.1.1:1.0-port0
1790755682.3133,A,707,36575,-63,/dev/serial/by-path/pci-0000:05:00.3-usb-0:2.1.1:1.0-port0
1790755682.3140,C,664,36569,-66,/dev/serial/by-path/pci-0000:05:00.3-usb-0:2.1.3:1.0-port0
1790755682.3160,B,675,36574,-66,/dev/serial/by-path/pci-0000:05:00.3-usb-0:2.1.2:1.0-port0
1790755682.3592,B,676,36616,-62,/dev/serial/by-path/pci-0000:05:00.3-usb-0:2.1.2:1.0-port0
1790755682.3702,C,665,36626,-65,/dev/serial/by-path/pci-0000:05:00.3-usb-0:2.1.3:1.0-port0
1790755682.3827,A,708,36644,-64,/dev/serial/by-path/pci-0000:05:00.3-usb-0:2.1.1:1.0-port0
1790755682.4069,C,666,36663,-66,/dev/serial/by-path/pci-0000:05:00.3-usb-0:2.1.3:1.0-port0
1790755682.4169,B,677,36674,-69,/dev/serial/by-path/pci-0000:05:00.3-usb-0:2.1.2:1.0-port0
1790755682.4254,A,709,36686,-65,/dev/serial/by-path/pci-0000:05:00.3-usb-0:2.1.1:1.0-port0
1790755682.4531,A,710,36714,-63,/dev/serial/by-path/pci-0000:05:00.3-usb-0:2.1.1:1.0-port0
1790755682.4535,B,678,36711,-66,/dev/serial/by-path/pci-0000:05:00.3-usb-0:2.1.2:1.0-port0
1790755682.4974,B,679,36754,-64,/dev/serial/by-path/pci-0000:05:00.3-usb-0:2.1.2:1.0-port0
1790755682.5001,C,667,36756,-65,/dev/serial/by-path/pci-0000:05:00.3-usb-0:2.1.3:1.0-port0
1790755682.5404,B,680,36797,-69,/dev/serial/by-path/pci-0000:05:00.3-usb-0:2.1.2:1.0-port0
1790755682.5421,A,711,36803,-61,/dev/serial/by-path/pci-0000:05:00.3-usb-0:2.1.1:1.0-port0
1790755682.5907,A,712,36852,-65,/dev/serial/by-path/pci-0000:05:00.3-usb-0:2.1.1:1.0-port0
1790755682.6698,C,668,36925,-65,/dev/serial/by-path/pci-0000:05:00.3-usb-0:2.1.3:1.0-port0
1790755682.6815,B,681,36939,-69,/dev/serial/by-path/pci-0000:05:00.3-usb-0:2.1.2:1.0-port0
1790755682.6953,A,713,36956,-62,/dev/serial/by-path/pci-0000:05:00.3-usb-0:2.1.1:1.0-port0
1790755682.6970,C,669,36953,-64,/dev/serial/by-path/pci-0000:05:00.3-usb-0:2.1.3:1.0-port0
1790755682.7238,A,714,36985,-63,/dev/serial/by-path/pci-0000:05:00.3-usb-0:2.1.1:1.0-port0
1790755682.7614,B,682,37018,-64,/dev/serial/by-path/pci-0000:05:00.3-usb-0:2.1.2:1.0-port0
1790755682.7677,C,670,37024,-63,/dev/serial/by-path/pci-0000:05:00.3-usb-0:2.1.3:1.0-port0
1790755682.7702,C,671,37025,-63,/dev/serial/by-path/pci-0000:05:00.3-usb-0:2.1.3:1.0-port0
1790755682.7703,B,683,37027,-64,/dev/serial/by-path/pci-0000:05:00.3-usb-0:2.1.2:1.0-port0
1790755682.7714,A,715,37032,-63,/dev/serial/by-path/pci-0000:05:00.3-usb-0:2.1.1:1.0-port0
1790755682.8173,C,672,37074,-64,/dev/serial/by-path/pci-0000:05:00.3-usb-0:2.1.3:1.0-port0
1790755682.8181,A,716,37079,-62,/dev/serial/by-path/pci-0000:05:00.3-usb-0:2.1.1:1.0-port0
1790755682.8654,B,684,37124,-73,/dev/serial/by-path/pci-0000:05:00.3-usb-0:2.1.2:1.0-port0
1790755682.8655,A,717,37126,-63,/dev/serial/by-path/pci-0000:05:00.3-usb-0:2.1.1:1.0-port0
1790755682.8696,C,673,37126,-62,/dev/serial/by-path/pci-0000:05:00.3-usb-0:2.1.3:1.0-port0
1790755682.9164,B,685,37173,-66,/dev/serial/by-path/pci-0000:05:00.3-usb-0:2.1.2:1.0-port0
1790755682.9204,C,674,37176,-63,/dev/serial/by-path/pci-0000:05:00.3-usb-0:2.1.3:1.0-port0
1790755682.9452,A,718,37206,-61,/dev/serial/by-path/pci-0000:05:00.3-usb-0:2.1.1:1.0-port0
1790755682.9597,C,675,37215,-65,/dev/serial/by-path/pci-0000:05:00.3-usb-0:2.1.3:1.0-port0
1790755682.9663,B,686,37223,-63,/dev/serial/by-path/pci-0000:05:00.3-usb-0:2.1.2:1.0-port0
1790755682.9928,A,719,37253,-63,/dev/serial/by-path/pci-0000:05:00.3-usb-0:2.1.1:1.0-port0
1790755683.0121,B,687,37269,-74,/dev/serial/by-path/pci-0000:05:00.3-usb-0:2.1.2:1.0-port0
1790755683.0156,C,676,37271,-62,/dev/serial/by-path/pci-0000:05:00.3-usb-0:2.1.3:1.0-port0
1790755683.0157,A,720,37276,-63,/dev/serial/by-path/pci-0000:05:00.3-usb-0:2.1.1:1.0-port0
1790755683.0532,C,677,37309,-64,/dev/serial/by-path/pci-0000:05:00.3-usb-0:2.1.3:1.0-port0
1790755683.0533,B,688,37310,-65,/dev/serial/by-path/pci-0000:05:00.3-usb-0:2.1.2:1.0-port0
1790755683.0552,A,721,37316,-62,/dev/serial/by-path/pci-0000:05:00.3-usb-0:2.1.1:1.0-port0
1790755683.1406,C,678,37397,-63,/dev/serial/by-path/pci-0000:05:00.3-usb-0:2.1.3:1.0-port0
1790755683.1453,A,722,37406,-63,/dev/serial/by-path/pci-0000:05:00.3-usb-0:2.1.1:1.0-port0
1790755683.1553,B,689,37412,-73,/dev/serial/by-path/pci-0000:05:00.3-usb-0:2.1.2:1.0-port0
1790755683.1910,B,690,37448,-65,/dev/serial/by-path/pci-0000:05:00.3-usb-0:2.1.2:1.0-port0
1790755683.1954,A,723,37456,-63,/dev/serial/by-path/pci-0000:05:00.3-usb-0:2.1.1:1.0-port0
1790755683.1990,C,679,37455,-64,/dev/serial/by-path/pci-0000:05:00.3-usb-0:2.1.3:1.0-port0
1790755683.2382,A,724,37499,-61,/dev/serial/by-path/pci-0000:05:00.3-usb-0:2.1.1:1.0-port0
1790755683.2385,B,691,37496,-62,/dev/serial/by-path/pci-0000:05:00.3-usb-0:2.1.2:1.0-port0
1790755683.2419,C,680,37498,-64,/dev/serial/by-path/pci-0000:05:00.3-usb-0:2.1.3:1.0-port0
1790755683.2841,B,692,37541,-72,/dev/serial/by-path/pci-0000:05:00.3-usb-0:2.1.2:1.0-port0
1790755683.2865,A,725,37547,-62,/dev/serial/by-path/pci-0000:05:00.3-usb-0:2.1.1:1.0-port0
1790755683.3143,C,681,37570,-63,/dev/serial/by-path/pci-0000:05:00.3-usb-0:2.1.3:1.0-port0
1790755683.3247,A,726,37586,-63,/dev/serial/by-path/pci-0000:05:00.3-usb-0:2.1.1:1.0-port0
1790755683.3338,C,682,37590,-64,/dev/serial/by-path/pci-0000:05:00.3-usb-0:2.1.3:1.0-port0
1790755683.3340,B,693,37591,-64,/dev/serial/by-path/pci-0000:05:00.3-usb-0:2.1.2:1.0-port0
1790755683.3712,A,727,37632,-62,/dev/serial/by-path/pci-0000:05:00.3-usb-0:2.1.1:1.0-port0
1790755683.3987,B,694,37656,-63,/dev/serial/by-path/pci-0000:05:00.3-usb-0:2.1.2:1.0-port0
1790755683.4221,A,728,37683,-62,/dev/serial/by-path/pci-0000:05:00.3-usb-0:2.1.1:1.0-port0
1790755683.4393,B,695,37696,-72,/dev/serial/by-path/pci-0000:05:00.3-usb-0:2.1.2:1.0-port0
1790755683.4611,B,696,37718,-71,/dev/serial/by-path/pci-0000:05:00.3-usb-0:2.1.2:1.0-port0
1790755683.4628,A,729,37723,-63,/dev/serial/by-path/pci-0000:05:00.3-usb-0:2.1.1:1.0-port0
1790755683.4629,C,683,37718,-63,/dev/serial/by-path/pci-0000:05:00.3-usb-0:2.1.3:1.0-port0
1790755683.5555,A,730,37816,-62,/dev/serial/by-path/pci-0000:05:00.3-usb-0:2.1.1:1.0-port0
1790755683.5614,B,697,37819,-63,/dev/serial/by-path/pci-0000:05:00.3-usb-0:2.1.2:1.0-port0
1790755683.5620,C,684,37817,-63,/dev/serial/by-path/pci-0000:05:00.3-usb-0:2.1.3:1.0-port0
1790755683.5989,C,685,37855,-62,/dev/serial/by-path/pci-0000:05:00.3-usb-0:2.1.3:1.0-port0
1790755683.6164,B,698,37873,-70,/dev/serial/by-path/pci-0000:05:00.3-usb-0:2.1.2:1.0-port0
1790755683.6451,A,731,37906,-63,/dev/serial/by-path/pci-0000:05:00.3-usb-0:2.1.1:1.0-port0
1790755683.6488,A,732,37909,-63,/dev/serial/by-path/pci-0000:05:00.3-usb-0:2.1.1:1.0-port0
1790755683.6493,B,699,37907,-64,/dev/serial/by-path/pci-0000:05:00.3-usb-0:2.1.2:1.0-port0
1790755683.6496,C,686,37905,-63,/dev/serial/by-path/pci-0000:05:00.3-usb-0:2.1.3:1.0-port0
1790755683.7165,B,700,37973,-62,/dev/serial/by-path/pci-0000:05:00.3-usb-0:2.1.2:1.0-port0
1790755683.7200,C,687,37976,-61,/dev/serial/by-path/pci-0000:05:00.3-usb-0:2.1.3:1.0-port0
1790755683.7459,A,733,38006,-62,/dev/serial/by-path/pci-0000:05:00.3-usb-0:2.1.1:1.0-port0
1790755683.7466,C,688,38003,-61,/dev/serial/by-path/pci-0000:05:00.3-usb-0:2.1.3:1.0-port0
1790755683.7664,B,701,38023,-69,/dev/serial/by-path/pci-0000:05:00.3-usb-0:2.1.2:1.0-port0
1790755683.8041,B,702,38061,-64,/dev/serial/by-path/pci-0000:05:00.3-usb-0:2.1.2:1.0-port0
1790755683.8045,C,689,38060,-62,/dev/serial/by-path/pci-0000:05:00.3-usb-0:2.1.3:1.0-port0
1790755683.8468,B,703,38104,-63,/dev/serial/by-path/pci-0000:05:00.3-usb-0:2.1.2:1.0-port0
1790755683.8699,C,690,38125,-60,/dev/serial/by-path/pci-0000:05:00.3-usb-0:2.1.3:1.0-port0
1790755683.8953,A,734,38156,-61,/dev/serial/by-path/pci-0000:05:00.3-usb-0:2.1.1:1.0-port0
1790755683.9085,C,691,38164,-58,/dev/serial/by-path/pci-0000:05:00.3-usb-0:2.1.3:1.0-port0
1790755683.9385,A,735,38199,-63,/dev/serial/by-path/pci-0000:05:00.3-usb-0:2.1.1:1.0-port0
1790755683.9590,B,704,38216,-64,/dev/serial/by-path/pci-0000:05:00.3-usb-0:2.1.2:1.0-port0
1790755683.9594,C,692,38215,-63,/dev/serial/by-path/pci-0000:05:00.3-usb-0:2.1.3:1.0-port0
1790755683.9824,B,705,38240,-62,/dev/serial/by-path/pci-0000:05:00.3-usb-0:2.1.2:1.0-port0
1790755683.9950,A,736,38256,-61,/dev/serial/by-path/pci-0000:05:00.3-usb-0:2.1.1:1.0-port0
1790755683.9973,C,693,38253,-61,/dev/serial/by-path/pci-0000:05:00.3-usb-0:2.1.3:1.0-port0
1790755684.0303,C,694,38286,-61,/dev/serial/by-path/pci-0000:05:00.3-usb-0:2.1.3:1.0-port0
1790755684.0412,B,706,38298,-70,/dev/serial/by-path/pci-0000:05:00.3-usb-0:2.1.2:1.0-port0
1790755684.0434,A,737,38304,-62,/dev/serial/by-path/pci-0000:05:00.3-usb-0:2.1.1:1.0-port0
1790755684.0663,B,707,38323,-69,/dev/serial/by-path/pci-0000:05:00.3-usb-0:2.1.2:1.0-port0
1790755684.0704,C,695,38326,-61,/dev/serial/by-path/pci-0000:05:00.3-usb-0:2.1.3:1.0-port0
1790755684.0708,A,738,38332,-63,/dev/serial/by-path/pci-0000:05:00.3-usb-0:2.1.1:1.0-port0
1790755684.1105,B,708,38367,-63,/dev/serial/by-path/pci-0000:05:00.3-usb-0:2.1.2:1.0-port0
1790755684.1173,C,696,38373,-64,/dev/serial/by-path/pci-0000:05:00.3-usb-0:2.1.3:1.0-port0
1790755684.1288,A,739,38389,-61,/dev/serial/by-path/pci-0000:05:00.3-usb-0:2.1.1:1.0-port0
1790755684.1586,B,709,38416,-61,/dev/serial/by-path/pci-0000:05:00.3-usb-0:2.1.2:1.0-port0
1790755684.1676,A,740,38428,-62,/dev/serial/by-path/pci-0000:05:00.3-usb-0:2.1.1:1.0-port0
1790755684.1679,C,697,38423,-63,/dev/serial/by-path/pci-0000:05:00.3-usb-0:2.1.3:1.0-port0
1790755684.1985,C,698,38454,-62,/dev/serial/by-path/pci-0000:05:00.3-usb-0:2.1.3:1.0-port0
1790755684.2098,B,710,38467,-70,/dev/serial/by-path/pci-0000:05:00.3-usb-0:2.1.2:1.0-port0
1790755684.2099,A,741,38471,-63,/dev/serial/by-path/pci-0000:05:00.3-usb-0:2.1.1:1.0-port0
1790755684.2422,A,742,38503,-63,/dev/serial/by-path/pci-0000:05:00.3-usb-0:2.1.1:1.0-port0
1790755684.2428,B,711,38500,-64,/dev/serial/by-path/pci-0000:05:00.3-usb-0:2.1.2:1.0-port0
1790755684.2697,C,699,38525,-63,/dev/serial/by-path/pci-0000:05:00.3-usb-0:2.1.3:1.0-port0
1790755684.2956,A,743,38556,-61,/dev/serial/by-path/pci-0000:05:00.3-usb-0:2.1.1:1.0-port0
1790755684.3113,B,712,38568,-61,/dev/serial/by-path/pci-0000:05:00.3-usb-0:2.1.2:1.0-port0
1790755684.3205,C,700,38576,-62,/dev/serial/by-path/pci-0000:05:00.3-usb-0:2.1.3:1.0-port0
1790755684.3448,A,744,38606,-61,/dev/serial/by-path/pci-0000:05:00.3-usb-0:2.1.1:1.0-port0
1790755684.3453,C,701,38601,-62,/dev/serial/by-path/pci-0000:05:00.3-usb-0:2.1.3:1.0-port0
1790755684.3453,B,713,38602,-70,/dev/serial/by-path/pci-0000:05:00.3-usb-0:2.1.2:1.0-port0
1790755684.3778,B,714,38635,-63,/dev/serial/by-path/pci-0000:05:00.3-usb-0:2.1.2:1.0-port0
1790755684.3853,C,702,38641,-63,/dev/serial/by-path/pci-0000:05:00.3-usb-0:2.1.3:1.0-port0
1790755684.3857,A,745,38646,-64,/dev/serial/by-path/pci-0000:05:00.3-usb-0:2.1.1:1.0-port0
1790755684.4226,A,746,38683,-62,/dev/serial/by-path/pci-0000:05:00.3-usb-0:2.1.1:1.0-port0
1790755684.4302,B,715,38687,-62,/dev/serial/by-path/pci-0000:05:00.3-usb-0:2.1.2:1.0-port0
1790755684.4666,B,716,38724,-62,/dev/serial/by-path/pci-0000:05:00.3-usb-0:2.1.2:1.0-port0
1790755684.4701,C,703,38726,-64,/dev/serial/by-path/pci-0000:05:00.3-usb-0:2.1.3:1.0-port0
1790755684.4907,A,747,38751,-61,/dev/serial/by-path/pci-0000:05:00.3-usb-0:2.1.1:1.0-port0
1790755684.5132,A,748,38774,-63,/dev/serial/by-path/pci-0000:05:00.3-usb-0:2.1.1:1.0-port0
1790755684.5168,B,717,38773,-69,/dev/serial/by-path/pci-0000:05:00.3-usb-0:2.1.2:1.0-port0
1790755684.5171,C,704,38773,-65,/dev/serial/by-path/pci-0000:05:00.3-usb-0:2.1.3:1.0-port0
1790755684.5554,B,718,38812,-64,/dev/serial/by-path/pci-0000:05:00.3-usb-0:2.1.2:1.0-port0
1790755684.5703,C,705,38826,-65,/dev/serial/by-path/pci-0000:05:00.3-usb-0:2.1.3:1.0-port0
1790755684.5907,A,749,38851,-61,/dev/serial/by-path/pci-0000:05:00.3-usb-0:2.1.1:1.0-port0
1790755684.6164,B,719,38873,-62,/dev/serial/by-path/pci-0000:05:00.3-usb-0:2.1.2:1.0-port0
1790755684.6205,C,706,38876,-63,/dev/serial/by-path/pci-0000:05:00.3-usb-0:2.1.3:1.0-port0
1790755684.6433,A,750,38904,-61,/dev/serial/by-path/pci-0000:05:00.3-usb-0:2.1.1:1.0-port0
1790755684.6481,B,720,38905,-70,/dev/serial/by-path/pci-0000:05:00.3-usb-0:2.1.2:1.0-port0
1790755684.6603,C,707,38916,-62,/dev/serial/by-path/pci-0000:05:00.3-usb-0:2.1.3:1.0-port0
1790755684.6881,A,751,38949,-63,/dev/serial/by-path/pci-0000:05:00.3-usb-0:2.1.1:1.0-port0
1790755684.6886,B,721,38946,-64,/dev/serial/by-path/pci-0000:05:00.3-usb-0:2.1.2:1.0-port0
1790755684.6888,C,708,38944,-63,/dev/serial/by-path/pci-0000:05:00.3-usb-0:2.1.3:1.0-port0
1790755684.7304,C,709,38986,-62,/dev/serial/by-path/pci-0000:05:00.3-usb-0:2.1.3:1.0-port0
1790755684.7771,B,722,39034,-70,/dev/serial/by-path/pci-0000:05:00.3-usb-0:2.1.2:1.0-port0
1790755684.7821,A,752,39043,-62,/dev/serial/by-path/pci-0000:05:00.3-usb-0:2.1.1:1.0-port0
1790755684.8205,C,710,39076,-61,/dev/serial/by-path/pci-0000:05:00.3-usb-0:2.1.3:1.0-port0
1790755684.8263,B,723,39083,-64,/dev/serial/by-path/pci-0000:05:00.3-usb-0:2.1.2:1.0-port0
1790755684.8391,A,753,39100,-62,/dev/serial/by-path/pci-0000:05:00.3-usb-0:2.1.1:1.0-port0
1790755684.8738,B,724,39131,-61,/dev/serial/by-path/pci-0000:05:00.3-usb-0:2.1.2:1.0-port0
1790755684.8951,A,754,39156,-60,/dev/serial/by-path/pci-0000:05:00.3-usb-0:2.1.1:1.0-port0
1790755684.9118,B,725,39170,-61,/dev/serial/by-path/pci-0000:05:00.3-usb-0:2.1.2:1.0-port0
1790755684.9183,C,711,39174,-62,/dev/serial/by-path/pci-0000:05:00.3-usb-0:2.1.3:1.0-port0
1790755684.9184,A,755,39178,-63,/dev/serial/by-path/pci-0000:05:00.3-usb-0:2.1.1:1.0-port0
1790755684.9613,C,712,39217,-62,/dev/serial/by-path/pci-0000:05:00.3-usb-0:2.1.3:1.0-port0
1790755684.9668,B,726,39223,-68,/dev/serial/by-path/pci-0000:05:00.3-usb-0:2.1.2:1.0-port0
1790755684.9757,A,756,39236,-62,/dev/serial/by-path/pci-0000:05:00.3-usb-0:2.1.1:1.0-port0
1790755685.0106,B,727,39268,-65,/dev/serial/by-path/pci-0000:05:00.3-usb-0:2.1.2:1.0-port0
1790755685.0108,C,713,39266,-63,/dev/serial/by-path/pci-0000:05:00.3-usb-0:2.1.3:1.0-port0
1790755685.0110,A,757,39271,-60,/dev/serial/by-path/pci-0000:05:00.3-usb-0:2.1.1:1.0-port0
1790755685.0487,B,728,39306,-62,/dev/serial/by-path/pci-0000:05:00.3-usb-0:2.1.2:1.0-port0
1790755685.0611,C,714,39317,-63,/dev/serial/by-path/pci-0000:05:00.3-usb-0:2.1.3:1.0-port0
1790755685.0614,A,758,39322,-63,/dev/serial/by-path/pci-0000:05:00.3-usb-0:2.1.1:1.0-port0
1790755685.0956,B,729,39352,-68,/dev/serial/by-path/pci-0000:05:00.3-usb-0:2.1.2:1.0-port0
1790755685.1095,C,715,39365,-62,/dev/serial/by-path/pci-0000:05:00.3-usb-0:2.1.3:1.0-port0
1790755685.1446,C,716,39400,-63,/dev/serial/by-path/pci-0000:05:00.3-usb-0:2.1.3:1.0-port0
1790755685.1449,A,759,39405,-62,/dev/serial/by-path/pci-0000:05:00.3-usb-0:2.1.1:1.0-port0
1790755685.1452,B,730,39402,-64,/dev/serial/by-path/pci-0000:05:00.3-usb-0:2.1.2:1.0-port0
1790755685.1947,A,760,39454,-60,/dev/serial/by-path/pci-0000:05:00.3-usb-0:2.1.1:1.0-port0
1790755685.1983,C,717,39454,-64,/dev/serial/by-path/pci-0000:05:00.3-usb-0:2.1.3:1.0-port0
1790755685.1984,B,731,39455,-61,/dev/serial/by-path/pci-0000:05:00.3-usb-0:2.1.2:1.0-port0
1790755685.2455,A,761,39506,-62,/dev/serial/by-path/pci-0000:05:00.3-usb-0:2.1.1:1.0-port0
1790755685.2751,A,762,39536,-63,/dev/serial/by-path/pci-0000:05:00.3-usb-0:2.1.1:1.0-port0
