[INFO] [launch]: All log files can be found below /home/thaihoa/.ros/log/2026-10-06-12-33-03-436917-th-24663
[INFO] [launch]: Default logging verbosity is set to INFO
[INFO] [launch.user]: ====================================================================
[INFO] [launch.user]:  BAM THEO BANG RSSI + LiDAR (khong camera)
[INFO] [launch.user]:    Planner ghi /cmd_vel_follow. Xe chi chay khi co scripts/rssi_follow.py
[INFO] [launch.user]:    DUNG KHAN: Ctrl-C o rssi_follow.py, hoac (moi luc)
[INFO] [launch.user]:               ros2 service call /follow/stop std_srvs/srv/Trigger {}
[INFO] [launch.user]: ====================================================================
[INFO] [launch.user]: ====================================================================
[INFO] [launch.user]:  CHE DO HIEU CHINH — chi lidar + driver, khong co planner
[INFO] [launch.user]:  Kiem tra o terminal khac:
[INFO] [launch.user]:    ros2 topic hz /scan      (SC-Mini chay ~10 Hz)
[INFO] [launch.user]:    ros2 topic hz /odom      (~20-50 Hz)
[INFO] [launch.user]:  Roi chay:
[INFO] [launch.user]:    ros2 run person_follow_nav calibrate_center
[INFO] [launch.user]: ====================================================================
[INFO] [sc_mini-1]: process started with pid [24673]
[INFO] [static_transform_publisher-2]: process started with pid [24674]
[INFO] [decoded_serial_node-3]: process started with pid [24675]
[INFO] [rssi_scanner-4]: process started with pid [24676]
[INFO] [rssi_bearing-5]: process started with pid [24677]
[INFO] [follow_planner-6]: process started with pid [24678]
[static_transform_publisher-2] [WARN] [1791264783.689165446] []: Old-style arguments are deprecated; see --help for new-style arguments
[static_transform_publisher-2] [INFO] [1791264783.721788319] [base_to_laser]: Spinning until stopped - publishing transform
[static_transform_publisher-2] translation: ('0.100000', '0.000000', '0.180000')
[static_transform_publisher-2] rotation: ('0.000000', '0.000000', '0.000000', '1.000000')
[static_transform_publisher-2] from 'base_link' to 'laser'
[rssi_scanner-4] [INFO] [1791264784.617790529] [rssi_scanner_node]: rssi_scanner: doc 3 cong @ 115200 baud -> /rssi/raw
[rssi_bearing-5] [INFO] [1791264784.687431740] [rssi_bearing_node]: rssi_bearing: mau ['A', 'B', 'C'], can xoay >= 250 do trong 14 s, corr >= 0.45 & margin >= 0.1 (hoac corr >= 0.35 & margin >= 0.25)
[rssi_scanner-4] [INFO] [1791264784.719357653] [rssi_scanner_node]: /dev/serial/by-path/pci-0000:05:00.3-usb-0:2.1.2:1.0-port0: da mo
[rssi_scanner-4] [INFO] [1791264784.719610553] [rssi_scanner_node]: /dev/serial/by-path/pci-0000:05:00.3-usb-0:2.1.3:1.0-port0: da mo
[rssi_scanner-4] [INFO] [1791264784.721513831] [rssi_scanner_node]: /dev/serial/by-path/pci-0000:05:00.3-usb-0:2.1.1:1.0-port0: da mo
[rssi_bearing-5] [INFO] [1791264784.849325531] [rssi_bearing_node]: chua co huong hop le: chua du du lieu
[rssi_scanner-4] [INFO] [1791264786.121158018] [rssi_scanner_node]: /dev/serial/by-path/pci-0000:05:00.3-usb-0:2.1.1:1.0-port0: board A khoi dong
[follow_planner-6] [INFO] [1791264786.139664812] [follow_planner_node]: follow_planner_node san sang | footprint 0.47x0.60m | v_max=0.22 w_max=1.00 | khoang cach bam=1.00m | margin mem=0.15 cung=0.06 | enabled=False
[follow_planner-6] [INFO] [1791264786.140835512] [follow_planner_node]: Bat bam: ros2 service call /follow/enable std_srvs/srv/Trigger {}
[decoded_serial_node-3] [INFO] [1791264786.142478767] [bw_dr03_decoded_serial_node]: BW-DR03 decoder connected on /dev/serial/by-id/usb-FTDI_FT231X_USB_UART_D30BF0NT-if00-port0 at 115200
[decoded_serial_node-3] [INFO] [1791264786.143808568] [bw_dr03_decoded_serial_node]: Params: max_linear=0.49, max_angular=2.46, max_percent=60, cmd_timeout=1.0
[follow_planner-6] [INFO] [1791264786.143946297] [follow_planner_node]: self-filter: bo 11/199 tia dap vao than xe
[follow_planner-6] [INFO] [1791264786.166849746] [follow_planner_node]: [IDLE] disabled | d=- goc=- | v=0.000 w=0.000 | thoang=-
[rssi_scanner-4] [INFO] [1791264786.551758302] [rssi_scanner_node]: /dev/serial/by-path/pci-0000:05:00.3-usb-0:2.1.2:1.0-port0: board B khoi dong
[rssi_scanner-4] [INFO] [1791264786.579592702] [rssi_scanner_node]: /dev/serial/by-path/pci-0000:05:00.3-usb-0:2.1.3:1.0-port0: board C khoi dong
[follow_planner-6] [INFO] [1791264787.167078644] [follow_planner_node]: [IDLE] disabled | d=- goc=- | v=0.000 w=0.000 | thoang=-
[follow_planner-6] [INFO] [1791264788.167100932] [follow_planner_node]: [IDLE] disabled | d=- goc=- | v=0.000 w=0.000 | thoang=-
[sc_mini-1] sc_mini start
[follow_planner-6] [INFO] [1791264789.233701117] [follow_planner_node]: [IDLE] disabled | d=- goc=- | v=0.000 w=0.000 | thoang=-
[follow_planner-6] [INFO] [1791264790.233641446] [follow_planner_node]: [IDLE] disabled | d=- goc=- | v=0.000 w=0.000 | thoang=-
[follow_planner-6] [INFO] [1791264791.233688619] [follow_planner_node]: [IDLE] disabled | d=- goc=- | v=0.000 w=0.000 | thoang=-
[follow_planner-6] [INFO] [1791264792.300153397] [follow_planner_node]: [IDLE] disabled | d=- goc=- | v=0.000 w=0.000 | thoang=-
[follow_planner-6] [INFO] [1791264793.300424941] [follow_planner_node]: [IDLE] disabled | d=- goc=- | v=0.000 w=0.000 | thoang=-
[follow_planner-6] [INFO] [1791264794.366893246] [follow_planner_node]: [IDLE] disabled | d=- goc=- | v=0.000 w=0.000 | thoang=-
[follow_planner-6] [INFO] [1791264795.367434279] [follow_planner_node]: [IDLE] disabled | d=- goc=- | v=0.000 w=0.000 | thoang=-
[follow_planner-6] [INFO] [1791264796.168512285] [follow_planner_node]: self-filter: bo 12/203 tia dap vao than xe
[follow_planner-6] [INFO] [1791264796.433742262] [follow_planner_node]: [IDLE] disabled | d=- goc=- | v=0.000 w=0.000 | thoang=-
[follow_planner-6] [INFO] [1791264797.500529904] [follow_planner_node]: [IDLE] disabled | d=- goc=- | v=0.000 w=0.000 | thoang=-
[follow_planner-6] [INFO] [1791264798.566622946] [follow_planner_node]: [IDLE] disabled | d=- goc=- | v=0.000 w=0.000 | thoang=-
[follow_planner-6] [INFO] [1791264799.566903889] [follow_planner_node]: [IDLE] disabled | d=- goc=- | v=0.000 w=0.000 | thoang=-
[follow_planner-6] [INFO] [1791264799.857129358] [follow_planner_node]: Bam nguoi: TAT
[follow_planner-6] [INFO] [1791264800.567133761] [follow_planner_node]: [IDLE] disabled | d=- goc=- | v=0.000 w=0.000 | thoang=-
[follow_planner-6] [INFO] [1791264801.567389739] [follow_planner_node]: [IDLE] disabled | d=- goc=- | v=0.000 w=0.000 | thoang=-
[follow_planner-6] [INFO] [1791264802.633925584] [follow_planner_node]: [IDLE] disabled | d=- goc=- | v=0.000 w=0.000 | thoang=-
[follow_planner-6] [INFO] [1791264803.701239107] [follow_planner_node]: [IDLE] disabled | d=- goc=- | v=0.000 w=0.000 | thoang=-
[follow_planner-6] [INFO] [1791264804.767092206] [follow_planner_node]: [IDLE] disabled | d=- goc=- | v=0.000 w=0.000 | thoang=-
[follow_planner-6] [INFO] [1791264805.767525029] [follow_planner_node]: [IDLE] disabled | d=- goc=- | v=0.000 w=0.000 | thoang=-
[follow_planner-6] [INFO] [1791264806.232700000] [follow_planner_node]: self-filter: bo 10/185 tia dap vao than xe
[follow_planner-6] [INFO] [1791264806.833868459] [follow_planner_node]: [IDLE] disabled | d=- goc=- | v=0.000 w=0.000 | thoang=-
[follow_planner-6] [INFO] [1791264807.833804949] [follow_planner_node]: [IDLE] disabled | d=- goc=- | v=0.000 w=0.000 | thoang=-
[follow_planner-6] [INFO] [1791264808.833839973] [follow_planner_node]: [IDLE] disabled | d=- goc=- | v=0.000 w=0.000 | thoang=-
[follow_planner-6] [INFO] [1791264809.901006166] [follow_planner_node]: [IDLE] disabled | d=- goc=- | v=0.000 w=0.000 | thoang=-
[decoded_serial_node-3] [INFO] [1791264809.914069082] [bw_dr03_decoded_serial_node]: RECEIVED /cmd_vel: linear.x=0.0, angular.z=0.0
[decoded_serial_node-3] [INFO] [1791264810.124740370] [bw_dr03_decoded_serial_node]: RECEIVED /cmd_vel: linear.x=0.0, angular.z=0.0
[decoded_serial_node-3] [INFO] [1791264810.334477234] [bw_dr03_decoded_serial_node]: RECEIVED /cmd_vel: linear.x=0.0, angular.z=0.0
[decoded_serial_node-3] [INFO] [1791264810.545412106] [bw_dr03_decoded_serial_node]: RECEIVED /cmd_vel: linear.x=0.0, angular.z=0.0
[decoded_serial_node-3] [INFO] [1791264810.756512015] [bw_dr03_decoded_serial_node]: RECEIVED /cmd_vel: linear.x=0.0, angular.z=0.0
[follow_planner-6] [INFO] [1791264810.900844061] [follow_planner_node]: [IDLE] disabled | d=- goc=- | v=0.000 w=0.000 | thoang=-
[decoded_serial_node-3] [INFO] [1791264810.967285412] [bw_dr03_decoded_serial_node]: RECEIVED /cmd_vel: linear.x=0.0, angular.z=0.0
[decoded_serial_node-3] [INFO] [1791264811.168931861] [bw_dr03_decoded_serial_node]: RECEIVED /cmd_vel: linear.x=0.0, angular.z=0.0
[decoded_serial_node-3] [INFO] [1791264811.380330973] [bw_dr03_decoded_serial_node]: RECEIVED /cmd_vel: linear.x=0.0, angular.z=0.0
[decoded_serial_node-3] [INFO] [1791264811.584331881] [bw_dr03_decoded_serial_node]: RECEIVED /cmd_vel: linear.x=0.0, angular.z=0.0
[decoded_serial_node-3] [INFO] [1791264811.795727431] [bw_dr03_decoded_serial_node]: RECEIVED /cmd_vel: linear.x=0.0, angular.z=0.0
[follow_planner-6] [INFO] [1791264811.967173159] [follow_planner_node]: [IDLE] disabled | d=- goc=- | v=0.000 w=0.000 | thoang=-
[decoded_serial_node-3] [INFO] [1791264811.999829262] [bw_dr03_decoded_serial_node]: RECEIVED /cmd_vel: linear.x=0.0, angular.z=0.0
[decoded_serial_node-3] [INFO] [1791264812.203999954] [bw_dr03_decoded_serial_node]: RECEIVED /cmd_vel: linear.x=0.0, angular.z=0.0
[decoded_serial_node-3] [INFO] [1791264812.405809063] [bw_dr03_decoded_serial_node]: RECEIVED /cmd_vel: linear.x=0.0, angular.z=0.0
[decoded_serial_node-3] [INFO] [1791264812.608147718] [bw_dr03_decoded_serial_node]: RECEIVED /cmd_vel: linear.x=0.0, angular.z=0.0
[decoded_serial_node-3] [INFO] [1791264812.810523179] [bw_dr03_decoded_serial_node]: RECEIVED /cmd_vel: linear.x=0.0, angular.z=0.0
[follow_planner-6] [INFO] [1791264812.967186747] [follow_planner_node]: [IDLE] disabled | d=- goc=- | v=0.000 w=0.000 | thoang=-
[decoded_serial_node-3] [INFO] [1791264813.012563816] [bw_dr03_decoded_serial_node]: RECEIVED /cmd_vel: linear.x=0.0, angular.z=0.0
[decoded_serial_node-3] [INFO] [1791264813.215604175] [bw_dr03_decoded_serial_node]: RECEIVED /cmd_vel: linear.x=0.0, angular.z=0.0
[decoded_serial_node-3] [INFO] [1791264813.418430816] [bw_dr03_decoded_serial_node]: RECEIVED /cmd_vel: linear.x=0.0, angular.z=0.0
[decoded_serial_node-3] [INFO] [1791264813.620144936] [bw_dr03_decoded_serial_node]: RECEIVED /cmd_vel: linear.x=0.0, angular.z=0.0
[decoded_serial_node-3] [INFO] [1791264813.822757859] [bw_dr03_decoded_serial_node]: RECEIVED /cmd_vel: linear.x=0.0, angular.z=0.0
[decoded_serial_node-3] [INFO] [1791264814.024818677] [bw_dr03_decoded_serial_node]: RECEIVED /cmd_vel: linear.x=0.0, angular.z=0.0
[follow_planner-6] [INFO] [1791264814.033818577] [follow_planner_node]: [IDLE] disabled | d=- goc=- | v=0.000 w=0.000 | thoang=-
[decoded_serial_node-3] [INFO] [1791264814.228078687] [bw_dr03_decoded_serial_node]: RECEIVED /cmd_vel: linear.x=0.0, angular.z=0.0
[decoded_serial_node-3] [INFO] [1791264814.430433958] [bw_dr03_decoded_serial_node]: RECEIVED /cmd_vel: linear.x=0.0, angular.z=0.0
[decoded_serial_node-3] [INFO] [1791264814.632544641] [bw_dr03_decoded_serial_node]: RECEIVED /cmd_vel: linear.x=0.0, angular.z=0.0
[decoded_serial_node-3] [INFO] [1791264814.836615592] [bw_dr03_decoded_serial_node]: RECEIVED /cmd_vel: linear.x=0.0, angular.z=0.0
[decoded_serial_node-3] [INFO] [1791264815.035464701] [bw_dr03_decoded_serial_node]: RECEIVED /cmd_vel: linear.x=0.0, angular.z=0.0
[follow_planner-6] [INFO] [1791264815.101022678] [follow_planner_node]: [IDLE] disabled | d=- goc=- | v=0.000 w=0.000 | thoang=-
[decoded_serial_node-3] [INFO] [1791264815.238486056] [bw_dr03_decoded_serial_node]: RECEIVED /cmd_vel: linear.x=0.0, angular.z=0.0
[decoded_serial_node-3] [INFO] [1791264815.442139067] [bw_dr03_decoded_serial_node]: RECEIVED /cmd_vel: linear.x=0.0, angular.z=0.0
[decoded_serial_node-3] [INFO] [1791264815.647175308] [bw_dr03_decoded_serial_node]: RECEIVED /cmd_vel: linear.x=0.0, angular.z=0.0
[decoded_serial_node-3] [INFO] [1791264815.848063046] [bw_dr03_decoded_serial_node]: RECEIVED /cmd_vel: linear.x=0.0, angular.z=0.0
[decoded_serial_node-3] [INFO] [1791264816.052872507] [bw_dr03_decoded_serial_node]: RECEIVED /cmd_vel: linear.x=0.0, angular.z=0.0
[decoded_serial_node-3] [INFO] [1791264816.094605683] [bw_dr03_decoded_serial_node]: RECEIVED /cmd_vel: linear.x=0.0, angular.z=0.0
[decoded_serial_node-3] [INFO] [1791264816.135482800] [bw_dr03_decoded_serial_node]: RECEIVED /cmd_vel: linear.x=0.0, angular.z=0.0
[follow_planner-6] [INFO] [1791264816.167441943] [follow_planner_node]: [IDLE] disabled | d=- goc=- | v=0.000 w=0.000 | thoang=-
[decoded_serial_node-3] [INFO] [1791264816.180495359] [bw_dr03_decoded_serial_node]: RECEIVED /cmd_vel: linear.x=0.0, angular.z=0.0
[follow_planner-6] [INFO] [1791264816.234741721] [follow_planner_node]: Bam nguoi: BAT
[follow_planner-6] [INFO] [1791264816.301745855] [follow_planner_node]: self-filter: bo 9/193 tia dap vao than xe
[decoded_serial_node-3] [INFO] [1791264816.302581730] [bw_dr03_decoded_serial_node]: RECEIVED /cmd_vel: linear.x=0.0, angular.z=0.0
[decoded_serial_node-3] [INFO] [1791264816.400831427] [bw_dr03_decoded_serial_node]: RECEIVED /cmd_vel: linear.x=0.035, angular.z=-0.125
[decoded_serial_node-3] [INFO] [1791264816.401634056] [bw_dr03_decoded_serial_node]: SEND MOTOR CMD: cd eb d7 09 74 46 46 53 53 05 07 00 00
[decoded_serial_node-3] [INFO] [1791264816.461862145] [bw_dr03_decoded_serial_node]: RECEIVED /cmd_vel: linear.x=0.04666666666666666, angular.z=-0.125
[decoded_serial_node-3] [INFO] [1791264816.462641028] [bw_dr03_decoded_serial_node]: SEND MOTOR CMD: cd eb d7 09 74 46 46 53 53 05 08 00 00
[decoded_serial_node-3] [INFO] [1791264816.530264945] [bw_dr03_decoded_serial_node]: RECEIVED /cmd_vel: linear.x=0.06999999999999999, angular.z=-0.125
[decoded_serial_node-3] [INFO] [1791264816.531060450] [bw_dr03_decoded_serial_node]: SEND MOTOR CMD: cd eb d7 09 74 46 46 53 53 05 0b 00 00
[decoded_serial_node-3] [INFO] [1791264816.596855891] [bw_dr03_decoded_serial_node]: RECEIVED /cmd_vel: linear.x=0.09333333333333332, angular.z=0.1
[decoded_serial_node-3] [INFO] [1791264816.597682267] [bw_dr03_decoded_serial_node]: SEND MOTOR CMD: cd eb d7 09 74 46 46 53 53 0d 08 00 00
[decoded_serial_node-3] [INFO] [1791264816.663694988] [bw_dr03_decoded_serial_node]: RECEIVED /cmd_vel: linear.x=0.11666666666666665, angular.z=0.195
[decoded_serial_node-3] [INFO] [1791264816.664540361] [bw_dr03_decoded_serial_node]: SEND MOTOR CMD: cd eb d7 09 74 46 46 53 53 13 09 00 00
[decoded_serial_node-3] [INFO] [1791264816.729079616] [bw_dr03_decoded_serial_node]: RECEIVED /cmd_vel: linear.x=0.13999999999999999, angular.z=0.355
[decoded_serial_node-3] [INFO] [1791264816.729825254] [bw_dr03_decoded_serial_node]: SEND MOTOR CMD: cd eb d7 09 74 46 46 53 53 19 08 00 00
[decoded_serial_node-3] [INFO] [1791264816.794409627] [bw_dr03_decoded_serial_node]: RECEIVED /cmd_vel: linear.x=0.16333333333333333, angular.z=0.4234374999999999
[decoded_serial_node-3] [INFO] [1791264816.795408164] [bw_dr03_decoded_serial_node]: SEND MOTOR CMD: cd eb d7 09 74 46 46 53 53 1e 09 00 00
[decoded_serial_node-3] [INFO] [1791264816.858723290] [bw_dr03_decoded_serial_node]: RECEIVED /cmd_vel: linear.x=0.18666666666666665, angular.z=0.5834374999999999
[decoded_serial_node-3] [INFO] [1791264816.859595971] [bw_dr03_decoded_serial_node]: SEND MOTOR CMD: cd eb d7 09 74 46 46 53 53 25 08 00 00
[decoded_serial_node-3] [INFO] [1791264816.932374052] [bw_dr03_decoded_serial_node]: RECEIVED /cmd_vel: linear.x=0.20999999999999996, angular.z=0.595859375
[decoded_serial_node-3] [INFO] [1791264816.933202803] [bw_dr03_decoded_serial_node]: SEND MOTOR CMD: cd eb d7 09 74 46 46 53 53 28 0b 00 00
[decoded_serial_node-3] [INFO] [1791264816.994358190] [bw_dr03_decoded_serial_node]: RECEIVED /cmd_vel: linear.x=0.22, angular.z=0.59896484375
[decoded_serial_node-3] [INFO] [1791264816.995198814] [bw_dr03_decoded_serial_node]: SEND MOTOR CMD: cd eb d7 09 74 46 46 53 53 29 0c 00 00
[decoded_serial_node-3] [INFO] [1791264817.059907854] [bw_dr03_decoded_serial_node]: RECEIVED /cmd_vel: linear.x=0.22, angular.z=0.5997412109375001
[decoded_serial_node-3] [INFO] [1791264817.060665366] [bw_dr03_decoded_serial_node]: SEND MOTOR CMD: cd eb d7 09 74 46 46 53 53 29 0c 00 00
[decoded_serial_node-3] [INFO] [1791264817.127451032] [bw_dr03_decoded_serial_node]: RECEIVED /cmd_vel: linear.x=0.22, angular.z=0.5999353027343751
[decoded_serial_node-3] [INFO] [1791264817.128318964] [bw_dr03_decoded_serial_node]: SEND MOTOR CMD: cd eb d7 09 74 46 46 53 53 29 0c 00 00
[follow_planner-6] [INFO] [1791264817.192391600] [follow_planner_node]: [OCCLUDED] nguoi bi che — di theo du doan | d=1.55m goc=25deg | v=0.220 w=0.500 | thoang=0.09m
[decoded_serial_node-3] [INFO] [1791264817.193227475] [bw_dr03_decoded_serial_node]: RECEIVED /cmd_vel: linear.x=0.22, angular.z=0.49997978210449234
[decoded_serial_node-3] [INFO] [1791264817.194049102] [bw_dr03_decoded_serial_node]: SEND MOTOR CMD: cd eb d7 09 74 46 46 53 53 27 0e 00 00
[decoded_serial_node-3] [INFO] [1791264817.260599678] [bw_dr03_decoded_serial_node]: RECEIVED /cmd_vel: linear.x=0.22, angular.z=0.4687436819076539
[decoded_serial_node-3] [INFO] [1791264817.261452175] [bw_dr03_decoded_serial_node]: SEND MOTOR CMD: cd eb d7 09 74 46 46 53 53 26 0f 00 00
[decoded_serial_node-3] [INFO] [1791264817.327322417] [bw_dr03_decoded_serial_node]: RECEIVED /cmd_vel: linear.x=0.22, angular.z=0.4589824005961417
[decoded_serial_node-3] [INFO] [1791264817.328243778] [bw_dr03_decoded_serial_node]: SEND MOTOR CMD: cd eb d7 09 74 46 46 53 53 26 0f 00 00
[decoded_serial_node-3] [INFO] [1791264817.392931447] [bw_dr03_decoded_serial_node]: RECEIVED /cmd_vel: linear.x=0.22, angular.z=0.45593200018629443
[decoded_serial_node-3] [INFO] [1791264817.393928797] [bw_dr03_decoded_serial_node]: SEND MOTOR CMD: cd eb d7 09 74 46 46 53 53 26 0f 00 00
[decoded_serial_node-3] [INFO] [1791264817.460684781] [bw_dr03_decoded_serial_node]: RECEIVED /cmd_vel: linear.x=0.22, angular.z=0.3459745000698603
[decoded_serial_node-3] [INFO] [1791264817.461515906] [bw_dr03_decoded_serial_node]: SEND MOTOR CMD: cd eb d7 09 74 46 46 53 53 23 12 00 00
[decoded_serial_node-3] [INFO] [1791264817.528408431] [bw_dr03_decoded_serial_node]: RECEIVED /cmd_vel: linear.x=0.22, angular.z=0.3047404375261976
[decoded_serial_node-3] [INFO] [1791264817.529163568] [bw_dr03_decoded_serial_node]: SEND MOTOR CMD: cd eb d7 09 74 46 46 53 53 22 13 00 00
[decoded_serial_node-3] [INFO] [1791264817.592824203] [bw_dr03_decoded_serial_node]: RECEIVED /cmd_vel: linear.x=0.22, angular.z=0.28927766407232414
[decoded_serial_node-3] [INFO] [1791264817.593605461] [bw_dr03_decoded_serial_node]: SEND MOTOR CMD: cd eb d7 09 74 46 46 53 53 21 13 00 00
[decoded_serial_node-3] [INFO] [1791264817.659233489] [bw_dr03_decoded_serial_node]: RECEIVED /cmd_vel: linear.x=0.22, angular.z=0.2834791240271216
[decoded_serial_node-3] [INFO] [1791264817.660070551] [bw_dr03_decoded_serial_node]: SEND MOTOR CMD: cd eb d7 09 74 46 46 53 53 21 14 00 00
[decoded_serial_node-3] [INFO] [1791264817.725386312] [bw_dr03_decoded_serial_node]: RECEIVED /cmd_vel: linear.x=0.22, angular.z=0.2813046715101707
[decoded_serial_node-3] [INFO] [1791264817.726158072] [bw_dr03_decoded_serial_node]: SEND MOTOR CMD: cd eb d7 09 74 46 46 53 53 21 14 00 00
[decoded_serial_node-3] [INFO] [1791264817.793873411] [bw_dr03_decoded_serial_node]: RECEIVED /cmd_vel: linear.x=0.22, angular.z=0.1605707937856996
[decoded_serial_node-3] [INFO] [1791264817.794896882] [bw_dr03_decoded_serial_node]: SEND MOTOR CMD: cd eb d7 09 74 46 46 53 53 1e 17 00 00
[decoded_serial_node-3] [INFO] [1791264817.858157390] [bw_dr03_decoded_serial_node]: RECEIVED /cmd_vel: linear.x=0.22, angular.z=0.25
[decoded_serial_node-3] [INFO] [1791264817.858903028] [bw_dr03_decoded_serial_node]: SEND MOTOR CMD: cd eb d7 09 74 46 46 53 53 21 14 00 00
[decoded_serial_node-3] [INFO] [1791264817.925801490] [bw_dr03_decoded_serial_node]: RECEIVED /cmd_vel: linear.x=0.22, angular.z=0.1468750000000001
[decoded_serial_node-3] [INFO] [1791264817.926599371] [bw_dr03_decoded_serial_node]: SEND MOTOR CMD: cd eb d7 09 74 46 46 53 53 1e 17 00 00
[decoded_serial_node-3] [INFO] [1791264817.992787814] [bw_dr03_decoded_serial_node]: RECEIVED /cmd_vel: linear.x=0.22, angular.z=0.125
[decoded_serial_node-3] [INFO] [1791264817.993548887] [bw_dr03_decoded_serial_node]: SEND MOTOR CMD: cd eb d7 09 74 46 46 53 53 1d 17 00 00
[decoded_serial_node-3] [INFO] [1791264818.058793409] [bw_dr03_decoded_serial_node]: RECEIVED /cmd_vel: linear.x=0.22, angular.z=0.125
[decoded_serial_node-3] [INFO] [1791264818.059592477] [bw_dr03_decoded_serial_node]: SEND MOTOR CMD: cd eb d7 09 74 46 46 53 53 1d 17 00 00
[decoded_serial_node-3] [INFO] [1791264818.129070988] [bw_dr03_decoded_serial_node]: RECEIVED /cmd_vel: linear.x=0.22, angular.z=0.125
[decoded_serial_node-3] [INFO] [1791264818.129819001] [bw_dr03_decoded_serial_node]: SEND MOTOR CMD: cd eb d7 09 74 46 46 53 53 1d 17 00 00
[decoded_serial_node-3] [INFO] [1791264818.192318434] [bw_dr03_decoded_serial_node]: RECEIVED /cmd_vel: linear.x=0.22, angular.z=0.125
[decoded_serial_node-3] [INFO] [1791264818.193093755] [bw_dr03_decoded_serial_node]: SEND MOTOR CMD: cd eb d7 09 74 46 46 53 53 1d 17 00 00
[follow_planner-6] [INFO] [1791264818.257145019] [follow_planner_node]: [OCCLUDED] nguoi bi che — di theo du doan | d=1.34m goc=5deg | v=0.220 w=0.125 | thoang=0.22m
[decoded_serial_node-3] [INFO] [1791264818.257868098] [bw_dr03_decoded_serial_node]: RECEIVED /cmd_vel: linear.x=0.22, angular.z=0.125
[decoded_serial_node-3] [INFO] [1791264818.258636295] [bw_dr03_decoded_serial_node]: SEND MOTOR CMD: cd eb d7 09 74 46 46 53 53 1d 17 00 00
[decoded_serial_node-3] [INFO] [1791264818.267420102] [bw_dr03_decoded_serial_node]: RECEIVED /cmd_vel: linear.x=0.0, angular.z=0.0
[decoded_serial_node-3] [INFO] [1791264818.268280910] [bw_dr03_decoded_serial_node]: SEND MOTOR CMD: cd eb d7 09 74 53 53 53 53 1e 1e 00 00
[decoded_serial_node-3] [INFO] [1791264818.302918650] [bw_dr03_decoded_serial_node]: RECEIVED /cmd_vel: linear.x=0.0, angular.z=0.0
[decoded_serial_node-3] [INFO] [1791264818.344865542] [bw_dr03_decoded_serial_node]: RECEIVED /cmd_vel: linear.x=0.0, angular.z=0.0
[decoded_serial_node-3] [INFO] [1791264818.390735347] [bw_dr03_decoded_serial_node]: RECEIVED /cmd_vel: linear.x=0.0, angular.z=0.0
[follow_planner-6] [INFO] [1791264818.459155954] [follow_planner_node]: Bam nguoi: TAT
[decoded_serial_node-3] [INFO] [1791264818.763403610] [bw_dr03_decoded_serial_node]: RECEIVED /cmd_vel: linear.x=0.0, angular.z=0.9
[decoded_serial_node-3] [INFO] [1791264818.764171807] [bw_dr03_decoded_serial_node]: SEND MOTOR CMD: cd eb d7 09 74 46 42 53 53 15 15 00 00
[decoded_serial_node-3] [INFO] [1791264818.832110362] [bw_dr03_decoded_serial_node]: RECEIVED /cmd_vel: linear.x=0.0, angular.z=0.9
[decoded_serial_node-3] [INFO] [1791264818.832929614] [bw_dr03_decoded_serial_node]: SEND MOTOR CMD: cd eb d7 09 74 46 42 53 53 15 15 00 00
[decoded_serial_node-3] [INFO] [1791264818.906240800] [bw_dr03_decoded_serial_node]: RECEIVED /cmd_vel: linear.x=0.0, angular.z=0.9
[decoded_serial_node-3] [INFO] [1791264818.907013747] [bw_dr03_decoded_serial_node]: SEND MOTOR CMD: cd eb d7 09 74 46 42 53 53 15 15 00 00
[decoded_serial_node-3] [INFO] [1791264818.980476910] [bw_dr03_decoded_serial_node]: RECEIVED /cmd_vel: linear.x=0.0, angular.z=0.9
[decoded_serial_node-3] [INFO] [1791264818.981283101] [bw_dr03_decoded_serial_node]: SEND MOTOR CMD: cd eb d7 09 74 46 42 53 53 15 15 00 00
[decoded_serial_node-3] [INFO] [1791264819.051399204] [bw_dr03_decoded_serial_node]: RECEIVED /cmd_vel: linear.x=0.0, angular.z=0.9
[decoded_serial_node-3] [INFO] [1791264819.052237453] [bw_dr03_decoded_serial_node]: SEND MOTOR CMD: cd eb d7 09 74 46 42 53 53 15 15 00 00
[decoded_serial_node-3] [INFO] [1791264819.124482423] [bw_dr03_decoded_serial_node]: RECEIVED /cmd_vel: linear.x=0.0, angular.z=0.9
[decoded_serial_node-3] [INFO] [1791264819.125320672] [bw_dr03_decoded_serial_node]: SEND MOTOR CMD: cd eb d7 09 74 46 42 53 53 15 15 00 00
[decoded_serial_node-3] [INFO] [1791264819.195504452] [bw_dr03_decoded_serial_node]: RECEIVED /cmd_vel: linear.x=0.0, angular.z=0.9
[decoded_serial_node-3] [INFO] [1791264819.196296395] [bw_dr03_decoded_serial_node]: SEND MOTOR CMD: cd eb d7 09 74 46 42 53 53 15 15 00 00
[follow_planner-6] [INFO] [1791264819.233782519] [follow_planner_node]: [IDLE] disabled | d=- goc=- | v=0.000 w=0.000 | thoang=-
[decoded_serial_node-3] [INFO] [1791264819.273111367] [bw_dr03_decoded_serial_node]: RECEIVED /cmd_vel: linear.x=0.0, angular.z=0.9
[decoded_serial_node-3] [INFO] [1791264819.273868878] [bw_dr03_decoded_serial_node]: SEND MOTOR CMD: cd eb d7 09 74 46 42 53 53 15 15 00 00
[decoded_serial_node-3] [INFO] [1791264819.347266738] [bw_dr03_decoded_serial_node]: RECEIVED /cmd_vel: linear.x=0.0, angular.z=0.9
[decoded_serial_node-3] [INFO] [1791264819.348021874] [bw_dr03_decoded_serial_node]: SEND MOTOR CMD: cd eb d7 09 74 46 42 53 53 15 15 00 00
[decoded_serial_node-3] [INFO] [1791264819.417374528] [bw_dr03_decoded_serial_node]: RECEIVED /cmd_vel: linear.x=0.0, angular.z=0.9
[decoded_serial_node-3] [INFO] [1791264819.418183095] [bw_dr03_decoded_serial_node]: SEND MOTOR CMD: cd eb d7 09 74 46 42 53 53 15 15 00 00
[decoded_serial_node-3] [INFO] [1791264819.495913491] [bw_dr03_decoded_serial_node]: RECEIVED /cmd_vel: linear.x=0.0, angular.z=0.9
[decoded_serial_node-3] [INFO] [1791264819.496748179] [bw_dr03_decoded_serial_node]: SEND MOTOR CMD: cd eb d7 09 74 46 42 53 53 15 15 00 00
[decoded_serial_node-3] [INFO] [1791264819.568641701] [bw_dr03_decoded_serial_node]: RECEIVED /cmd_vel: linear.x=0.0, angular.z=0.9
[decoded_serial_node-3] [INFO] [1791264819.569414648] [bw_dr03_decoded_serial_node]: SEND MOTOR CMD: cd eb d7 09 74 46 42 53 53 15 15 00 00
[decoded_serial_node-3] [INFO] [1791264819.636309546] [bw_dr03_decoded_serial_node]: RECEIVED /cmd_vel: linear.x=0.0, angular.z=0.9
[decoded_serial_node-3] [INFO] [1791264819.637335392] [bw_dr03_decoded_serial_node]: SEND MOTOR CMD: cd eb d7 09 74 46 42 53 53 15 15 00 00
[decoded_serial_node-3] [INFO] [1791264819.714106433] [bw_dr03_decoded_serial_node]: RECEIVED /cmd_vel: linear.x=0.0, angular.z=0.9
[decoded_serial_node-3] [INFO] [1791264819.714885316] [bw_dr03_decoded_serial_node]: SEND MOTOR CMD: cd eb d7 09 74 46 42 53 53 15 15 00 00
[decoded_serial_node-3] [INFO] [1791264819.784502743] [bw_dr03_decoded_serial_node]: RECEIVED /cmd_vel: linear.x=0.0, angular.z=0.9
[decoded_serial_node-3] [INFO] [1791264819.785282813] [bw_dr03_decoded_serial_node]: SEND MOTOR CMD: cd eb d7 09 74 46 42 53 53 15 15 00 00
[decoded_serial_node-3] [INFO] [1791264819.862730627] [bw_dr03_decoded_serial_node]: RECEIVED /cmd_vel: linear.x=0.0, angular.z=0.9
[decoded_serial_node-3] [INFO] [1791264819.863576000] [bw_dr03_decoded_serial_node]: SEND MOTOR CMD: cd eb d7 09 74 46 42 53 53 15 15 00 00
[decoded_serial_node-3] [INFO] [1791264819.934519666] [bw_dr03_decoded_serial_node]: RECEIVED /cmd_vel: linear.x=0.0, angular.z=0.9
[decoded_serial_node-3] [INFO] [1791264819.935362664] [bw_dr03_decoded_serial_node]: SEND MOTOR CMD: cd eb d7 09 74 46 42 53 53 15 15 00 00
[decoded_serial_node-3] [INFO] [1791264820.005880081] [bw_dr03_decoded_serial_node]: RECEIVED /cmd_vel: linear.x=0.0, angular.z=0.9
[decoded_serial_node-3] [INFO] [1791264820.006682710] [bw_dr03_decoded_serial_node]: SEND MOTOR CMD: cd eb d7 09 74 46 42 53 53 15 15 00 00
[decoded_serial_node-3] [INFO] [1791264820.077593130] [bw_dr03_decoded_serial_node]: RECEIVED /cmd_vel: linear.x=0.0, angular.z=0.9
[decoded_serial_node-3] [INFO] [1791264820.078392197] [bw_dr03_decoded_serial_node]: SEND MOTOR CMD: cd eb d7 09 74 46 42 53 53 15 15 00 00
[decoded_serial_node-3] [INFO] [1791264820.145961493] [bw_dr03_decoded_serial_node]: RECEIVED /cmd_vel: linear.x=0.0, angular.z=0.9
[decoded_serial_node-3] [INFO] [1791264820.146916100] [bw_dr03_decoded_serial_node]: SEND MOTOR CMD: cd eb d7 09 74 46 42 53 53 15 15 00 00
[decoded_serial_node-3] [INFO] [1791264820.218126911] [bw_dr03_decoded_serial_node]: RECEIVED /cmd_vel: linear.x=0.0, angular.z=0.9
[decoded_serial_node-3] [INFO] [1791264820.218886797] [bw_dr03_decoded_serial_node]: SEND MOTOR CMD: cd eb d7 09 74 46 42 53 53 15 15 00 00
[decoded_serial_node-3] [INFO] [1791264820.295777756] [bw_dr03_decoded_serial_node]: RECEIVED /cmd_vel: linear.x=0.0, angular.z=0.9
[decoded_serial_node-3] [INFO] [1791264820.296553077] [bw_dr03_decoded_serial_node]: SEND MOTOR CMD: cd eb d7 09 74 46 42 53 53 15 15 00 00
[follow_planner-6] [INFO] [1791264820.300857119] [follow_planner_node]: [IDLE] disabled | d=- goc=- | v=0.000 w=0.000 | thoang=-
[decoded_serial_node-3] [INFO] [1791264820.368825355] [bw_dr03_decoded_serial_node]: RECEIVED /cmd_vel: linear.x=0.0, angular.z=0.9
[decoded_serial_node-3] [INFO] [1791264820.369633921] [bw_dr03_decoded_serial_node]: SEND MOTOR CMD: cd eb d7 09 74 46 42 53 53 15 15 00 00
[decoded_serial_node-3] [INFO] [1791264820.439941181] [bw_dr03_decoded_serial_node]: RECEIVED /cmd_vel: linear.x=0.0, angular.z=0.9
[decoded_serial_node-3] [INFO] [1791264820.440717689] [bw_dr03_decoded_serial_node]: SEND MOTOR CMD: cd eb d7 09 74 46 42 53 53 15 15 00 00
[decoded_serial_node-3] [INFO] [1791264820.515293371] [bw_dr03_decoded_serial_node]: RECEIVED /cmd_vel: linear.x=0.0, angular.z=0.9
[decoded_serial_node-3] [INFO] [1791264820.516050882] [bw_dr03_decoded_serial_node]: SEND MOTOR CMD: cd eb d7 09 74 46 42 53 53 15 15 00 00
[decoded_serial_node-3] [INFO] [1791264820.585120953] [bw_dr03_decoded_serial_node]: RECEIVED /cmd_vel: linear.x=0.0, angular.z=0.9
[decoded_serial_node-3] [INFO] [1791264820.585918833] [bw_dr03_decoded_serial_node]: SEND MOTOR CMD: cd eb d7 09 74 46 42 53 53 15 15 00 00
[decoded_serial_node-3] [INFO] [1791264820.652924151] [bw_dr03_decoded_serial_node]: RECEIVED /cmd_vel: linear.x=0.0, angular.z=0.9
[decoded_serial_node-3] [INFO] [1791264820.653750527] [bw_dr03_decoded_serial_node]: SEND MOTOR CMD: cd eb d7 09 74 46 42 53 53 15 15 00 00
[decoded_serial_node-3] [INFO] [1791264820.724377176] [bw_dr03_decoded_serial_node]: RECEIVED /cmd_vel: linear.x=0.0, angular.z=0.9
[decoded_serial_node-3] [INFO] [1791264820.725211863] [bw_dr03_decoded_serial_node]: SEND MOTOR CMD: cd eb d7 09 74 46 42 53 53 15 15 00 00
[decoded_serial_node-3] [INFO] [1791264820.795270973] [bw_dr03_decoded_serial_node]: RECEIVED /cmd_vel: linear.x=0.0, angular.z=0.9
[decoded_serial_node-3] [INFO] [1791264820.796123470] [bw_dr03_decoded_serial_node]: SEND MOTOR CMD: cd eb d7 09 74 46 42 53 53 15 15 00 00
[decoded_serial_node-3] [INFO] [1791264820.864612940] [bw_dr03_decoded_serial_node]: RECEIVED /cmd_vel: linear.x=0.0, angular.z=0.9
[decoded_serial_node-3] [INFO] [1791264820.865372826] [bw_dr03_decoded_serial_node]: SEND MOTOR CMD: cd eb d7 09 74 46 42 53 53 15 15 00 00
[decoded_serial_node-3] [INFO] [1791264820.934489202] [bw_dr03_decoded_serial_node]: RECEIVED /cmd_vel: linear.x=0.0, angular.z=0.9
[decoded_serial_node-3] [INFO] [1791264820.935376131] [bw_dr03_decoded_serial_node]: SEND MOTOR CMD: cd eb d7 09 74 46 42 53 53 15 15 00 00
[decoded_serial_node-3] [INFO] [1791264821.006184441] [bw_dr03_decoded_serial_node]: RECEIVED /cmd_vel: linear.x=0.0, angular.z=0.9
[decoded_serial_node-3] [INFO] [1791264821.007167543] [bw_dr03_decoded_serial_node]: SEND MOTOR CMD: cd eb d7 09 74 46 42 53 53 15 15 00 00
[decoded_serial_node-3] [INFO] [1791264821.078373604] [bw_dr03_decoded_serial_node]: RECEIVED /cmd_vel: linear.x=0.0, angular.z=0.9
[decoded_serial_node-3] [INFO] [1791264821.079183358] [bw_dr03_decoded_serial_node]: SEND MOTOR CMD: cd eb d7 09 74 46 42 53 53 15 15 00 00
[decoded_serial_node-3] [INFO] [1791264821.156615735] [bw_dr03_decoded_serial_node]: RECEIVED /cmd_vel: linear.x=0.0, angular.z=0.9
[decoded_serial_node-3] [INFO] [1791264821.157443298] [bw_dr03_decoded_serial_node]: SEND MOTOR CMD: cd eb d7 09 74 46 42 53 53 15 15 00 00
[decoded_serial_node-3] [INFO] [1791264821.224396373] [bw_dr03_decoded_serial_node]: RECEIVED /cmd_vel: linear.x=0.0, angular.z=0.9
[decoded_serial_node-3] [INFO] [1791264821.225215625] [bw_dr03_decoded_serial_node]: SEND MOTOR CMD: cd eb d7 09 74 46 42 53 53 15 15 00 00
[decoded_serial_node-3] [INFO] [1791264821.296054803] [bw_dr03_decoded_serial_node]: RECEIVED /cmd_vel: linear.x=0.0, angular.z=0.9
[decoded_serial_node-3] [INFO] [1791264821.296882367] [bw_dr03_decoded_serial_node]: SEND MOTOR CMD: cd eb d7 09 74 46 42 53 53 15 15 00 00
[follow_planner-6] [INFO] [1791264821.300905013] [follow_planner_node]: [IDLE] disabled | d=- goc=- | v=0.000 w=0.000 | thoang=-
[decoded_serial_node-3] [INFO] [1791264821.363359325] [bw_dr03_decoded_serial_node]: RECEIVED /cmd_vel: linear.x=0.0, angular.z=0.9
[decoded_serial_node-3] [INFO] [1791264821.364232007] [bw_dr03_decoded_serial_node]: SEND MOTOR CMD: cd eb d7 09 74 46 42 53 53 15 15 00 00
[decoded_serial_node-3] [INFO] [1791264821.435330022] [bw_dr03_decoded_serial_node]: RECEIVED /cmd_vel: linear.x=0.0, angular.z=0.9
[decoded_serial_node-3] [INFO] [1791264821.436157585] [bw_dr03_decoded_serial_node]: SEND MOTOR CMD: cd eb d7 09 74 46 42 53 53 15 15 00 00
[decoded_serial_node-3] [INFO] [1791264821.502505126] [bw_dr03_decoded_serial_node]: RECEIVED /cmd_vel: linear.x=0.0, angular.z=0.9
[decoded_serial_node-3] [INFO] [1791264821.503307755] [bw_dr03_decoded_serial_node]: SEND MOTOR CMD: cd eb d7 09 74 46 42 53 53 15 15 00 00
[decoded_serial_node-3] [INFO] [1791264821.569474823] [bw_dr03_decoded_serial_node]: RECEIVED /cmd_vel: linear.x=0.0, angular.z=0.9
[decoded_serial_node-3] [INFO] [1791264821.570260830] [bw_dr03_decoded_serial_node]: SEND MOTOR CMD: cd eb d7 09 74 46 42 53 53 15 15 00 00
[decoded_serial_node-3] [INFO] [1791264821.647264584] [bw_dr03_decoded_serial_node]: RECEIVED /cmd_vel: linear.x=0.0, angular.z=0.9
[decoded_serial_node-3] [INFO] [1791264821.648071962] [bw_dr03_decoded_serial_node]: SEND MOTOR CMD: cd eb d7 09 74 46 42 53 53 15 15 00 00
[decoded_serial_node-3] [INFO] [1791264821.724149605] [bw_dr03_decoded_serial_node]: RECEIVED /cmd_vel: linear.x=0.0, angular.z=0.9
[decoded_serial_node-3] [INFO] [1791264821.724932050] [bw_dr03_decoded_serial_node]: SEND MOTOR CMD: cd eb d7 09 74 46 42 53 53 15 15 00 00
[decoded_serial_node-3] [INFO] [1791264821.795155009] [bw_dr03_decoded_serial_node]: RECEIVED /cmd_vel: linear.x=0.0, angular.z=0.9
[decoded_serial_node-3] [INFO] [1791264821.795898272] [bw_dr03_decoded_serial_node]: SEND MOTOR CMD: cd eb d7 09 74 46 42 53 53 15 15 00 00
[decoded_serial_node-3] [INFO] [1791264821.863367832] [bw_dr03_decoded_serial_node]: RECEIVED /cmd_vel: linear.x=0.0, angular.z=0.9
[decoded_serial_node-3] [INFO] [1791264821.864181147] [bw_dr03_decoded_serial_node]: SEND MOTOR CMD: cd eb d7 09 74 46 42 53 53 15 15 00 00
[decoded_serial_node-3] [INFO] [1791264821.934471784] [bw_dr03_decoded_serial_node]: RECEIVED /cmd_vel: linear.x=0.0, angular.z=0.9
[decoded_serial_node-3] [INFO] [1791264821.935255416] [bw_dr03_decoded_serial_node]: SEND MOTOR CMD: cd eb d7 09 74 46 42 53 53 15 15 00 00
[decoded_serial_node-3] [INFO] [1791264822.007135876] [bw_dr03_decoded_serial_node]: RECEIVED /cmd_vel: linear.x=0.0, angular.z=0.9
[decoded_serial_node-3] [INFO] [1791264822.007883889] [bw_dr03_decoded_serial_node]: SEND MOTOR CMD: cd eb d7 09 74 46 42 53 53 15 15 00 00
[decoded_serial_node-3] [INFO] [1791264822.079123194] [bw_dr03_decoded_serial_node]: RECEIVED /cmd_vel: linear.x=0.0, angular.z=0.9
[decoded_serial_node-3] [INFO] [1791264822.079877143] [bw_dr03_decoded_serial_node]: SEND MOTOR CMD: cd eb d7 09 74 46 42 53 53 15 15 00 00
[decoded_serial_node-3] [INFO] [1791264822.156439212] [bw_dr03_decoded_serial_node]: RECEIVED /cmd_vel: linear.x=0.0, angular.z=0.9
[decoded_serial_node-3] [INFO] [1791264822.157245403] [bw_dr03_decoded_serial_node]: SEND MOTOR CMD: cd eb d7 09 74 46 42 53 53 15 15 00 00
[decoded_serial_node-3] [INFO] [1791264822.225886849] [bw_dr03_decoded_serial_node]: RECEIVED /cmd_vel: linear.x=0.0, angular.z=0.9
[decoded_serial_node-3] [INFO] [1791264822.226669294] [bw_dr03_decoded_serial_node]: SEND MOTOR CMD: cd eb d7 09 74 46 42 53 53 15 15 00 00
[decoded_serial_node-3] [INFO] [1791264822.295999385] [bw_dr03_decoded_serial_node]: RECEIVED /cmd_vel: linear.x=0.0, angular.z=0.9
[decoded_serial_node-3] [INFO] [1791264822.296758084] [bw_dr03_decoded_serial_node]: SEND MOTOR CMD: cd eb d7 09 74 46 42 53 53 15 15 00 00
[follow_planner-6] [INFO] [1791264822.367247002] [follow_planner_node]: [IDLE] disabled | d=- goc=- | v=0.000 w=0.000 | thoang=-
[decoded_serial_node-3] [INFO] [1791264822.369058855] [bw_dr03_decoded_serial_node]: RECEIVED /cmd_vel: linear.x=0.0, angular.z=0.9
[decoded_serial_node-3] [INFO] [1791264822.370203433] [bw_dr03_decoded_serial_node]: SEND MOTOR CMD: cd eb d7 09 74 46 42 53 53 15 15 00 00
[decoded_serial_node-3] [INFO] [1791264822.436179341] [bw_dr03_decoded_serial_node]: RECEIVED /cmd_vel: linear.x=0.0, angular.z=0.9
[decoded_serial_node-3] [INFO] [1791264822.436905982] [bw_dr03_decoded_serial_node]: SEND MOTOR CMD: cd eb d7 09 74 46 42 53 53 15 15 00 00
[decoded_serial_node-3] [INFO] [1791264822.510996047] [bw_dr03_decoded_serial_node]: RECEIVED /cmd_vel: linear.x=0.0, angular.z=0.9
[decoded_serial_node-3] [INFO] [1791264822.511967276] [bw_dr03_decoded_serial_node]: SEND MOTOR CMD: cd eb d7 09 74 46 42 53 53 15 15 00 00
[decoded_serial_node-3] [INFO] [1791264822.581328238] [bw_dr03_decoded_serial_node]: RECEIVED /cmd_vel: linear.x=0.0, angular.z=0.9
[decoded_serial_node-3] [INFO] [1791264822.582230603] [bw_dr03_decoded_serial_node]: SEND MOTOR CMD: cd eb d7 09 74 46 42 53 53 15 15 00 00
[decoded_serial_node-3] [INFO] [1791264822.652815694] [bw_dr03_decoded_serial_node]: RECEIVED /cmd_vel: linear.x=0.0, angular.z=0.9
[decoded_serial_node-3] [INFO] [1791264822.653643257] [bw_dr03_decoded_serial_node]: SEND MOTOR CMD: cd eb d7 09 74 46 42 53 53 15 15 00 00
[decoded_serial_node-3] [INFO] [1791264822.724656971] [bw_dr03_decoded_serial_node]: RECEIVED /cmd_vel: linear.x=0.0, angular.z=0.9
[decoded_serial_node-3] [INFO] [1791264822.725477410] [bw_dr03_decoded_serial_node]: SEND MOTOR CMD: cd eb d7 09 74 46 42 53 53 15 15 00 00
[decoded_serial_node-3] [INFO] [1791264822.795890340] [bw_dr03_decoded_serial_node]: RECEIVED /cmd_vel: linear.x=0.0, angular.z=0.9
[decoded_serial_node-3] [INFO] [1791264822.796662099] [bw_dr03_decoded_serial_node]: SEND MOTOR CMD: cd eb d7 09 74 46 42 53 53 15 15 00 00
[decoded_serial_node-3] [INFO] [1791264822.864218332] [bw_dr03_decoded_serial_node]: RECEIVED /cmd_vel: linear.x=0.0, angular.z=0.9
[decoded_serial_node-3] [INFO] [1791264822.865048270] [bw_dr03_decoded_serial_node]: SEND MOTOR CMD: cd eb d7 09 74 46 42 53 53 15 15 00 00
[decoded_serial_node-3] [INFO] [1791264822.934501843] [bw_dr03_decoded_serial_node]: RECEIVED /cmd_vel: linear.x=0.0, angular.z=0.9
[decoded_serial_node-3] [INFO] [1791264822.935299723] [bw_dr03_decoded_serial_node]: SEND MOTOR CMD: cd eb d7 09 74 46 42 53 53 15 15 00 00
[decoded_serial_node-3] [INFO] [1791264823.007094695] [bw_dr03_decoded_serial_node]: RECEIVED /cmd_vel: linear.x=0.0, angular.z=0.9
[decoded_serial_node-3] [INFO] [1791264823.007995872] [bw_dr03_decoded_serial_node]: SEND MOTOR CMD: cd eb d7 09 74 46 42 53 53 15 15 00 00
[decoded_serial_node-3] [INFO] [1791264823.080538856] [bw_dr03_decoded_serial_node]: RECEIVED /cmd_vel: linear.x=0.0, angular.z=0.9
[decoded_serial_node-3] [INFO] [1791264823.081329612] [bw_dr03_decoded_serial_node]: SEND MOTOR CMD: cd eb d7 09 74 46 42 53 53 15 15 00 00
[decoded_serial_node-3] [INFO] [1791264823.157176912] [bw_dr03_decoded_serial_node]: RECEIVED /cmd_vel: linear.x=0.0, angular.z=0.9
[decoded_serial_node-3] [INFO] [1791264823.157990227] [bw_dr03_decoded_serial_node]: SEND MOTOR CMD: cd eb d7 09 74 46 42 53 53 15 15 00 00
[decoded_serial_node-3] [INFO] [1791264823.230800358] [bw_dr03_decoded_serial_node]: RECEIVED /cmd_vel: linear.x=0.0, angular.z=0.9
[decoded_serial_node-3] [INFO] [1791264823.231631483] [bw_dr03_decoded_serial_node]: SEND MOTOR CMD: cd eb d7 09 74 46 42 53 53 15 15 00 00
[decoded_serial_node-3] [INFO] [1791264823.302668943] [bw_dr03_decoded_serial_node]: RECEIVED /cmd_vel: linear.x=0.0, angular.z=0.9
[decoded_serial_node-3] [INFO] [1791264823.303503630] [bw_dr03_decoded_serial_node]: SEND MOTOR CMD: cd eb d7 09 74 46 42 53 53 15 15 00 00
[decoded_serial_node-3] [INFO] [1791264823.380842206] [bw_dr03_decoded_serial_node]: RECEIVED /cmd_vel: linear.x=0.0, angular.z=0.9
[decoded_serial_node-3] [INFO] [1791264823.381655521] [bw_dr03_decoded_serial_node]: SEND MOTOR CMD: cd eb d7 09 74 46 42 53 53 15 15 00 00
[follow_planner-6] [INFO] [1791264823.433603222] [follow_planner_node]: [IDLE] disabled | d=- goc=- | v=0.000 w=0.000 | thoang=-
[decoded_serial_node-3] [INFO] [1791264823.452796278] [bw_dr03_decoded_serial_node]: RECEIVED /cmd_vel: linear.x=0.0, angular.z=0.9
[decoded_serial_node-3] [INFO] [1791264823.453628590] [bw_dr03_decoded_serial_node]: SEND MOTOR CMD: cd eb d7 09 74 46 42 53 53 15 15 00 00
[decoded_serial_node-3] [INFO] [1791264823.523126093] [bw_dr03_decoded_serial_node]: RECEIVED /cmd_vel: linear.x=0.0, angular.z=0.9
[decoded_serial_node-3] [INFO] [1791264823.523916850] [bw_dr03_decoded_serial_node]: SEND MOTOR CMD: cd eb d7 09 74 46 42 53 53 15 15 00 00
[decoded_serial_node-3] [INFO] [1791264823.597225656] [bw_dr03_decoded_serial_node]: RECEIVED /cmd_vel: linear.x=0.0, angular.z=0.9
[decoded_serial_node-3] [INFO] [1791264823.598010475] [bw_dr03_decoded_serial_node]: SEND MOTOR CMD: cd eb d7 09 74 46 42 53 53 15 15 00 00
[decoded_serial_node-3] [INFO] [1791264823.668383035] [bw_dr03_decoded_serial_node]: RECEIVED /cmd_vel: linear.x=0.0, angular.z=0.9
[decoded_serial_node-3] [INFO] [1791264823.669182102] [bw_dr03_decoded_serial_node]: SEND MOTOR CMD: cd eb d7 09 74 46 42 53 53 15 15 00 00
[decoded_serial_node-3] [INFO] [1791264823.735767105] [bw_dr03_decoded_serial_node]: RECEIVED /cmd_vel: linear.x=0.0, angular.z=0.9
[decoded_serial_node-3] [INFO] [1791264823.736568547] [bw_dr03_decoded_serial_node]: SEND MOTOR CMD: cd eb d7 09 74 46 42 53 53 15 15 00 00
[decoded_serial_node-3] [INFO] [1791264823.810622991] [bw_dr03_decoded_serial_node]: RECEIVED /cmd_vel: linear.x=0.0, angular.z=0.9
[decoded_serial_node-3] [INFO] [1791264823.811401874] [bw_dr03_decoded_serial_node]: SEND MOTOR CMD: cd eb d7 09 74 46 42 53 53 15 15 00 00
[decoded_serial_node-3] [INFO] [1791264823.884676248] [bw_dr03_decoded_serial_node]: RECEIVED /cmd_vel: linear.x=0.0, angular.z=0.9
[decoded_serial_node-3] [INFO] [1791264823.885484814] [bw_dr03_decoded_serial_node]: SEND MOTOR CMD: cd eb d7 09 74 46 42 53 53 15 15 00 00
[decoded_serial_node-3] [INFO] [1791264823.957100499] [bw_dr03_decoded_serial_node]: RECEIVED /cmd_vel: linear.x=0.0, angular.z=0.9
[decoded_serial_node-3] [INFO] [1791264823.957897192] [bw_dr03_decoded_serial_node]: SEND MOTOR CMD: cd eb d7 09 74 46 42 53 53 15 15 00 00
[decoded_serial_node-3] [INFO] [1791264824.035506477] [bw_dr03_decoded_serial_node]: RECEIVED /cmd_vel: linear.x=0.0, angular.z=0.9
[decoded_serial_node-3] [INFO] [1791264824.036298421] [bw_dr03_decoded_serial_node]: SEND MOTOR CMD: cd eb d7 09 74 46 42 53 53 15 15 00 00
[decoded_serial_node-3] [INFO] [1791264824.102791999] [bw_dr03_decoded_serial_node]: RECEIVED /cmd_vel: linear.x=0.0, angular.z=0.9
[decoded_serial_node-3] [INFO] [1791264824.103560196] [bw_dr03_decoded_serial_node]: SEND MOTOR CMD: cd eb d7 09 74 46 42 53 53 15 15 00 00
[decoded_serial_node-3] [INFO] [1791264824.180639935] [bw_dr03_decoded_serial_node]: RECEIVED /cmd_vel: linear.x=0.0, angular.z=0.9
[decoded_serial_node-3] [INFO] [1791264824.181487682] [bw_dr03_decoded_serial_node]: SEND MOTOR CMD: cd eb d7 09 74 46 42 53 53 15 15 00 00
[decoded_serial_node-3] [INFO] [1791264824.253255344] [bw_dr03_decoded_serial_node]: RECEIVED /cmd_vel: linear.x=0.0, angular.z=0.9
[decoded_serial_node-3] [INFO] [1791264824.254100717] [bw_dr03_decoded_serial_node]: SEND MOTOR CMD: cd eb d7 09 74 46 42 53 53 15 15 00 00
[decoded_serial_node-3] [INFO] [1791264824.324901898] [bw_dr03_decoded_serial_node]: RECEIVED /cmd_vel: linear.x=0.0, angular.z=0.9
[decoded_serial_node-3] [INFO] [1791264824.325921807] [bw_dr03_decoded_serial_node]: SEND MOTOR CMD: cd eb d7 09 74 46 42 53 53 15 15 00 00
[decoded_serial_node-3] [INFO] [1791264824.395554664] [bw_dr03_decoded_serial_node]: RECEIVED /cmd_vel: linear.x=0.0, angular.z=0.9
[decoded_serial_node-3] [INFO] [1791264824.396332360] [bw_dr03_decoded_serial_node]: SEND MOTOR CMD: cd eb d7 09 74 46 42 53 53 15 15 00 00
[follow_planner-6] [INFO] [1791264824.433729432] [follow_planner_node]: [IDLE] disabled | d=- goc=- | v=0.000 w=0.000 | thoang=-
[decoded_serial_node-3] [INFO] [1791264824.464015635] [bw_dr03_decoded_serial_node]: RECEIVED /cmd_vel: linear.x=0.0, angular.z=0.9
[decoded_serial_node-3] [INFO] [1791264824.464762460] [bw_dr03_decoded_serial_node]: SEND MOTOR CMD: cd eb d7 09 74 46 42 53 53 15 15 00 00
[decoded_serial_node-3] [INFO] [1791264824.534567478] [bw_dr03_decoded_serial_node]: RECEIVED /cmd_vel: linear.x=0.0, angular.z=0.9
[decoded_serial_node-3] [INFO] [1791264824.535361797] [bw_dr03_decoded_serial_node]: SEND MOTOR CMD: cd eb d7 09 74 46 42 53 53 15 15 00 00
[decoded_serial_node-3] [INFO] [1791264824.609546845] [bw_dr03_decoded_serial_node]: RECEIVED /cmd_vel: linear.x=0.0, angular.z=0.9
[decoded_serial_node-3] [INFO] [1791264824.610386281] [bw_dr03_decoded_serial_node]: SEND MOTOR CMD: cd eb d7 09 74 46 42 53 53 15 15 00 00
[decoded_serial_node-3] [INFO] [1791264824.678305833] [bw_dr03_decoded_serial_node]: RECEIVED /cmd_vel: linear.x=0.0, angular.z=0.9
[decoded_serial_node-3] [INFO] [1791264824.679126272] [bw_dr03_decoded_serial_node]: SEND MOTOR CMD: cd eb d7 09 74 46 42 53 53 15 15 00 00
[decoded_serial_node-3] [INFO] [1791264824.756124086] [bw_dr03_decoded_serial_node]: RECEIVED /cmd_vel: linear.x=0.0, angular.z=0.9
[decoded_serial_node-3] [INFO] [1791264824.757046635] [bw_dr03_decoded_serial_node]: SEND MOTOR CMD: cd eb d7 09 74 46 42 53 53 15 15 00 00
[decoded_serial_node-3] [INFO] [1791264824.833594453] [bw_dr03_decoded_serial_node]: RECEIVED /cmd_vel: linear.x=0.0, angular.z=0.9
[decoded_serial_node-3] [INFO] [1791264824.834414892] [bw_dr03_decoded_serial_node]: SEND MOTOR CMD: cd eb d7 09 74 46 42 53 53 15 15 00 00
[decoded_serial_node-3] [INFO] [1791264824.901918881] [bw_dr03_decoded_serial_node]: RECEIVED /cmd_vel: linear.x=0.0, angular.z=0.9
[decoded_serial_node-3] [INFO] [1791264824.902696577] [bw_dr03_decoded_serial_node]: SEND MOTOR CMD: cd eb d7 09 74 46 42 53 53 15 15 00 00
[decoded_serial_node-3] [INFO] [1791264824.968667734] [bw_dr03_decoded_serial_node]: RECEIVED /cmd_vel: linear.x=0.0, angular.z=0.9
[decoded_serial_node-3] [INFO] [1791264824.969473925] [bw_dr03_decoded_serial_node]: SEND MOTOR CMD: cd eb d7 09 74 46 42 53 53 15 15 00 00
[decoded_serial_node-3] [INFO] [1791264825.036736887] [bw_dr03_decoded_serial_node]: RECEIVED /cmd_vel: linear.x=0.0, angular.z=0.9
[decoded_serial_node-3] [INFO] [1791264825.037544266] [bw_dr03_decoded_serial_node]: SEND MOTOR CMD: cd eb d7 09 74 46 42 53 53 15 15 00 00
[rssi_bearing-5] [INFO] [1791264825.051067860] [rssi_bearing_node]: huong nguoi: -34 do so voi mui xe (da xoay 293 do, corr 0.51, margin 0.11)
[decoded_serial_node-3] [INFO] [1791264825.110991987] [bw_dr03_decoded_serial_node]: RECEIVED /cmd_vel: linear.x=0.0, angular.z=0.9
[decoded_serial_node-3] [INFO] [1791264825.111762558] [bw_dr03_decoded_serial_node]: SEND MOTOR CMD: cd eb d7 09 74 46 42 53 53 15 15 00 00
[decoded_serial_node-3] [INFO] [1791264825.180963229] [bw_dr03_decoded_serial_node]: RECEIVED /cmd_vel: linear.x=0.0, angular.z=0.9
[decoded_serial_node-3] [INFO] [1791264825.181802665] [bw_dr03_decoded_serial_node]: SEND MOTOR CMD: cd eb d7 09 74 46 42 53 53 15 15 00 00
[rssi_bearing-5] [INFO] [1791264825.251174311] [rssi_bearing_node]: chua co huong hop le: mo ho (hai huong khop gan bang nhau)
[decoded_serial_node-3] [INFO] [1791264825.252945794] [bw_dr03_decoded_serial_node]: RECEIVED /cmd_vel: linear.x=0.0, angular.z=0.9
[decoded_serial_node-3] [INFO] [1791264825.253823225] [bw_dr03_decoded_serial_node]: SEND MOTOR CMD: cd eb d7 09 74 46 42 53 53 15 15 00 00
[decoded_serial_node-3] [INFO] [1791264825.327641390] [bw_dr03_decoded_serial_node]: RECEIVED /cmd_vel: linear.x=0.0, angular.z=0.9
[decoded_serial_node-3] [INFO] [1791264825.328429772] [bw_dr03_decoded_serial_node]: SEND MOTOR CMD: cd eb d7 09 74 46 42 53 53 15 15 00 00
[decoded_serial_node-3] [INFO] [1791264825.405618743] [bw_dr03_decoded_serial_node]: RECEIVED /cmd_vel: linear.x=0.0, angular.z=0.9
[decoded_serial_node-3] [INFO] [1791264825.406500923] [bw_dr03_decoded_serial_node]: SEND MOTOR CMD: cd eb d7 09 74 46 42 53 53 15 15 00 00
[follow_planner-6] [INFO] [1791264825.433740457] [follow_planner_node]: [IDLE] disabled | d=- goc=- | v=0.000 w=0.000 | thoang=-
[rssi_bearing-5] [INFO] [1791264825.451639332] [rssi_bearing_node]: huong nguoi: -53 do so voi mui xe (da xoay 312 do, corr 0.52, margin 0.21)
[decoded_serial_node-3] [INFO] [1791264825.474950019] [bw_dr03_decoded_serial_node]: RECEIVED /cmd_vel: linear.x=0.0, angular.z=0.9
[decoded_serial_node-3] [INFO] [1791264825.475777582] [bw_dr03_decoded_serial_node]: SEND MOTOR CMD: cd eb d7 09 74 46 42 53 53 15 15 00 00
[decoded_serial_node-3] [INFO] [1791264825.545632467] [bw_dr03_decoded_serial_node]: RECEIVED /cmd_vel: linear.x=0.0, angular.z=0.9
[decoded_serial_node-3] [INFO] [1791264825.546528895] [bw_dr03_decoded_serial_node]: SEND MOTOR CMD: cd eb d7 09 74 46 42 53 53 15 15 00 00
[decoded_serial_node-3] [INFO] [1791264825.620195082] [bw_dr03_decoded_serial_node]: RECEIVED /cmd_vel: linear.x=0.0, angular.z=0.9
[decoded_serial_node-3] [INFO] [1791264825.621086761] [bw_dr03_decoded_serial_node]: SEND MOTOR CMD: cd eb d7 09 74 46 42 53 53 15 15 00 00
[decoded_serial_node-3] [INFO] [1791264825.695861907] [bw_dr03_decoded_serial_node]: RECEIVED /cmd_vel: linear.x=0.0, angular.z=0.9
[decoded_serial_node-3] [INFO] [1791264825.696679972] [bw_dr03_decoded_serial_node]: SEND MOTOR CMD: cd eb d7 09 74 46 42 53 53 15 15 00 00
[decoded_serial_node-3] [INFO] [1791264825.767253186] [bw_dr03_decoded_serial_node]: RECEIVED /cmd_vel: linear.x=0.0, angular.z=0.9
[decoded_serial_node-3] [INFO] [1791264825.768091435] [bw_dr03_decoded_serial_node]: SEND MOTOR CMD: cd eb d7 09 74 46 42 53 53 15 15 00 00
[decoded_serial_node-3] [INFO] [1791264825.833768135] [bw_dr03_decoded_serial_node]: RECEIVED /cmd_vel: linear.x=0.0, angular.z=0.0
[decoded_serial_node-3] [INFO] [1791264825.834569577] [bw_dr03_decoded_serial_node]: SEND MOTOR CMD: cd eb d7 09 74 53 53 53 53 1e 1e 00 00
[decoded_serial_node-3] [INFO] [1791264825.874701051] [bw_dr03_decoded_serial_node]: RECEIVED /cmd_vel: linear.x=0.0, angular.z=0.0
[decoded_serial_node-3] [INFO] [1791264825.923238762] [bw_dr03_decoded_serial_node]: RECEIVED /cmd_vel: linear.x=0.0, angular.z=0.0
[decoded_serial_node-3] [INFO] [1791264825.965795934] [bw_dr03_decoded_serial_node]: RECEIVED /cmd_vel: linear.x=0.0, angular.z=0.0
[follow_planner-6] [INFO] [1791264826.316371658] [follow_planner_node]: self-filter: bo 12/194 tia dap vao than xe
[follow_planner-6] [INFO] [1791264826.500044386] [follow_planner_node]: [IDLE] disabled | d=- goc=- | v=0.000 w=0.000 | thoang=-
[follow_planner-6] [INFO] [1791264827.500299969] [follow_planner_node]: [IDLE] disabled | d=- goc=- | v=0.000 w=0.000 | thoang=-
[follow_planner-6] [INFO] [1791264827.634096873] [follow_planner_node]: Bam nguoi: BAT
[decoded_serial_node-3] [INFO] [1791264827.654233848] [bw_dr03_decoded_serial_node]: RECEIVED /cmd_vel: linear.x=0.0, angular.z=0.0
[decoded_serial_node-3] [INFO] [1791264827.662029802] [bw_dr03_decoded_serial_node]: RECEIVED /cmd_vel: linear.x=0.0, angular.z=0.0
[decoded_serial_node-3] [INFO] [1791264827.663565009] [bw_dr03_decoded_serial_node]: RECEIVED /cmd_vel: linear.x=0.0, angular.z=0.0
[decoded_serial_node-3] [INFO] [1791264827.665108527] [bw_dr03_decoded_serial_node]: RECEIVED /cmd_vel: linear.x=0.0, angular.z=0.0
[decoded_serial_node-3] [INFO] [1791264827.666750593] [bw_dr03_decoded_serial_node]: RECEIVED /cmd_vel: linear.x=0.0, angular.z=0.0
[decoded_serial_node-3] [INFO] [1791264827.668177754] [bw_dr03_decoded_serial_node]: RECEIVED /cmd_vel: linear.x=0.0, angular.z=0.0
[decoded_serial_node-3] [INFO] [1791264827.669614413] [bw_dr03_decoded_serial_node]: RECEIVED /cmd_vel: linear.x=0.0, angular.z=0.0
[decoded_serial_node-3] [INFO] [1791264827.701699406] [bw_dr03_decoded_serial_node]: RECEIVED /cmd_vel: linear.x=0.0, angular.z=0.0
[decoded_serial_node-3] [INFO] [1791264827.768347333] [bw_dr03_decoded_serial_node]: RECEIVED /cmd_vel: linear.x=0.0, angular.z=-0.16
[decoded_serial_node-3] [INFO] [1791264827.769205767] [bw_dr03_decoded_serial_node]: SEND MOTOR CMD: cd eb d7 09 74 42 46 53 53 05 05 00 00
[decoded_serial_node-3] [INFO] [1791264827.839534391] [bw_dr03_decoded_serial_node]: RECEIVED /cmd_vel: linear.x=0.0, angular.z=-0.32
[decoded_serial_node-3] [INFO] [1791264827.840404698] [bw_dr03_decoded_serial_node]: SEND MOTOR CMD: cd eb d7 09 74 42 46 53 53 07 07 00 00
[decoded_serial_node-3] [INFO] [1791264827.901938831] [bw_dr03_decoded_serial_node]: RECEIVED /cmd_vel: linear.x=0.0, angular.z=-0.48
[decoded_serial_node-3] [INFO] [1791264827.902768768] [bw_dr03_decoded_serial_node]: SEND MOTOR CMD: cd eb d7 09 74 42 46 53 53 0b 0b 00 00
[decoded_serial_node-3] [INFO] [1791264827.968681743] [bw_dr03_decoded_serial_node]: RECEIVED /cmd_vel: linear.x=0.0, angular.z=-0.64
[decoded_serial_node-3] [INFO] [1791264827.969536615] [bw_dr03_decoded_serial_node]: SEND MOTOR CMD: cd eb d7 09 74 42 46 53 53 0f 0f 00 00
[decoded_serial_node-3] [INFO] [1791264828.037881224] [bw_dr03_decoded_serial_node]: RECEIVED /cmd_vel: linear.x=0.0, angular.z=-0.8
[decoded_serial_node-3] [INFO] [1791264828.038702851] [bw_dr03_decoded_serial_node]: SEND MOTOR CMD: cd eb d7 09 74 42 46 53 53 13 13 00 00
[decoded_serial_node-3] [INFO] [1791264828.104492343] [bw_dr03_decoded_serial_node]: RECEIVED /cmd_vel: linear.x=0.0, angular.z=-0.9
[decoded_serial_node-3] [INFO] [1791264828.105311595] [bw_dr03_decoded_serial_node]: SEND MOTOR CMD: cd eb d7 09 74 42 46 53 53 15 15 00 00
[decoded_serial_node-3] [INFO] [1791264828.168417741] [bw_dr03_decoded_serial_node]: RECEIVED /cmd_vel: linear.x=0.0, angular.z=-0.9
[decoded_serial_node-3] [INFO] [1791264828.169284486] [bw_dr03_decoded_serial_node]: SEND MOTOR CMD: cd eb d7 09 74 42 46 53 53 15 15 00 00
[decoded_serial_node-3] [INFO] [1791264828.238822352] [bw_dr03_decoded_serial_node]: RECEIVED /cmd_vel: linear.x=0.0, angular.z=-0.9
[decoded_serial_node-3] [INFO] [1791264828.239643979] [bw_dr03_decoded_serial_node]: SEND MOTOR CMD: cd eb d7 09 74 42 46 53 53 15 15 00 00
[decoded_serial_node-3] [INFO] [1791264828.301848948] [bw_dr03_decoded_serial_node]: RECEIVED /cmd_vel: linear.x=0.0, angular.z=-0.9
[decoded_serial_node-3] [INFO] [1791264828.302634954] [bw_dr03_decoded_serial_node]: SEND MOTOR CMD: cd eb d7 09 74 42 46 53 53 15 15 00 00
[decoded_serial_node-3] [ERROR] [1791264828.303482702] [bw_dr03_decoded_serial_node]: Serial write error: write failed: [Errno 19] No such device
[decoded_serial_node-3] [INFO] [1791264828.368102683] [bw_dr03_decoded_serial_node]: RECEIVED /cmd_vel: linear.x=0.0, angular.z=-0.9
[decoded_serial_node-3] [INFO] [1791264828.368870880] [bw_dr03_decoded_serial_node]: SEND MOTOR CMD: cd eb d7 09 74 42 46 53 53 15 15 00 00
[decoded_serial_node-3] [ERROR] [1791264828.369672322] [bw_dr03_decoded_serial_node]: Serial write error: write failed: [Errno 19] No such device
[decoded_serial_node-3] [ERROR] [1791264828.386073983] [bw_dr03_decoded_serial_node]: Serial error: [Errno 5] Input/output error
[decoded_serial_node-3] [ERROR] [1791264828.390939627] [bw_dr03_decoded_serial_node]: Serial error: [Errno 5] Input/output error
[decoded_serial_node-3] [ERROR] [1791264828.395512003] [bw_dr03_decoded_serial_node]: Serial error: [Errno 5] Input/output error
[decoded_serial_node-3] [ERROR] [1791264828.400986743] [bw_dr03_decoded_serial_node]: Serial error: [Errno 5] Input/output error
[decoded_serial_node-3] [ERROR] [1791264828.405921252] [bw_dr03_decoded_serial_node]: Serial error: [Errno 5] Input/output error
[decoded_serial_node-3] [ERROR] [1791264828.411010112] [bw_dr03_decoded_serial_node]: Serial error: [Errno 5] Input/output error
[decoded_serial_node-3] [ERROR] [1791264828.415913751] [bw_dr03_decoded_serial_node]: Serial error: [Errno 5] Input/output error
[decoded_serial_node-3] [ERROR] [1791264828.421095223] [bw_dr03_decoded_serial_node]: Serial error: [Errno 5] Input/output error
[decoded_serial_node-3] [ERROR] [1791264828.426055852] [bw_dr03_decoded_serial_node]: Serial error: [Errno 5] Input/output error
[decoded_serial_node-3] [ERROR] [1791264828.430938119] [bw_dr03_decoded_serial_node]: Serial error: [Errno 5] Input/output error
[decoded_serial_node-3] [INFO] [1791264828.434899024] [bw_dr03_decoded_serial_node]: RECEIVED /cmd_vel: linear.x=0.0, angular.z=-0.9
[decoded_serial_node-3] [INFO] [1791264828.435681469] [bw_dr03_decoded_serial_node]: SEND MOTOR CMD: cd eb d7 09 74 42 46 53 53 15 15 00 00
[decoded_serial_node-3] [ERROR] [1791264828.436456790] [bw_dr03_decoded_serial_node]: Serial write error: write failed: [Errno 5] Input/output error
[decoded_serial_node-3] [ERROR] [1791264828.437897011] [bw_dr03_decoded_serial_node]: Serial error: [Errno 5] Input/output error
[decoded_serial_node-3] [ERROR] [1791264828.440913996] [bw_dr03_decoded_serial_node]: Serial error: [Errno 5] Input/output error
[decoded_serial_node-3] [ERROR] [1791264828.445935179] [bw_dr03_decoded_serial_node]: Serial error: [Errno 5] Input/output error
[decoded_serial_node-3] [ERROR] [1791264828.450915993] [bw_dr03_decoded_serial_node]: Serial error: [Errno 5] Input/output error
[decoded_serial_node-3] [ERROR] [1791264828.455918179] [bw_dr03_decoded_serial_node]: Serial error: [Errno 5] Input/output error
[decoded_serial_node-3] [ERROR] [1791264828.461086590] [bw_dr03_decoded_serial_node]: Serial error: [Errno 5] Input/output error
[decoded_serial_node-3] [ERROR] [1791264828.465920177] [bw_dr03_decoded_serial_node]: Serial error: [Errno 5] Input/output error
[decoded_serial_node-3] [ERROR] [1791264828.471066029] [bw_dr03_decoded_serial_node]: Serial error: [Errno 5] Input/output error
[decoded_serial_node-3] [ERROR] [1791264828.475912676] [bw_dr03_decoded_serial_node]: Serial error: [Errno 5] Input/output error
[decoded_serial_node-3] [ERROR] [1791264828.480902989] [bw_dr03_decoded_serial_node]: Serial error: [Errno 5] Input/output error
[decoded_serial_node-3] [ERROR] [1791264828.485928921] [bw_dr03_decoded_serial_node]: Serial error: [Errno 5] Input/output error
[decoded_serial_node-3] [ERROR] [1791264828.490928733] [bw_dr03_decoded_serial_node]: Serial error: [Errno 5] Input/output error
[decoded_serial_node-3] [ERROR] [1791264828.495923795] [bw_dr03_decoded_serial_node]: Serial error: [Errno 5] Input/output error
[decoded_serial_node-3] [ERROR] [1791264828.500944978] [bw_dr03_decoded_serial_node]: Serial error: [Errno 5] Input/output error
[decoded_serial_node-3] [INFO] [1791264828.502568047] [bw_dr03_decoded_serial_node]: RECEIVED /cmd_vel: linear.x=0.0, angular.z=-0.9
[decoded_serial_node-3] [INFO] [1791264828.503279252] [bw_dr03_decoded_serial_node]: SEND MOTOR CMD: cd eb d7 09 74 42 46 53 53 15 15 00 00
[decoded_serial_node-3] [ERROR] [1791264828.504046262] [bw_dr03_decoded_serial_node]: Serial write error: write failed: [Errno 5] Input/output error
[decoded_serial_node-3] [ERROR] [1791264828.506012467] [bw_dr03_decoded_serial_node]: Serial error: [Errno 5] Input/output error
[decoded_serial_node-3] [ERROR] [1791264828.510948163] [bw_dr03_decoded_serial_node]: Serial error: [Errno 5] Input/output error
[decoded_serial_node-3] [ERROR] [1791264828.515904043] [bw_dr03_decoded_serial_node]: Serial error: [Errno 5] Input/output error
[decoded_serial_node-3] [ERROR] [1791264828.520935913] [bw_dr03_decoded_serial_node]: Serial error: [Errno 5] Input/output error
[decoded_serial_node-3] [ERROR] [1791264828.526066329] [bw_dr03_decoded_serial_node]: Serial error: [Errno 5] Input/output error
[decoded_serial_node-3] [ERROR] [1791264828.530921288] [bw_dr03_decoded_serial_node]: Serial error: [Errno 5] Input/output error
[decoded_serial_node-3] [ERROR] [1791264828.536207244] [bw_dr03_decoded_serial_node]: Serial error: [Errno 5] Input/output error
[decoded_serial_node-3] [ERROR] [1791264828.541366156] [bw_dr03_decoded_serial_node]: Serial error: [Errno 5] Input/output error
[decoded_serial_node-3] [ERROR] [1791264828.546217552] [bw_dr03_decoded_serial_node]: Serial error: [Errno 5] Input/output error
[decoded_serial_node-3] [ERROR] [1791264828.550916972] [bw_dr03_decoded_serial_node]: Serial error: [Errno 5] Input/output error
[decoded_serial_node-3] [ERROR] [1791264828.555944091] [bw_dr03_decoded_serial_node]: Serial error: [Errno 5] Input/output error
[decoded_serial_node-3] [ERROR] [1791264828.560904721] [bw_dr03_decoded_serial_node]: Serial error: [Errno 5] Input/output error
[decoded_serial_node-3] [ERROR] [1791264828.565895034] [bw_dr03_decoded_serial_node]: Serial error: [Errno 5] Input/output error
[follow_planner-6] [INFO] [1791264828.567253330] [follow_planner_node]: [OCCLUDED] nguoi ra khoi camera — xoay ve huong nho cuoi | d=0.67m goc=-34deg | v=0.000 w=-0.900 | thoang=-
[decoded_serial_node-3] [INFO] [1791264828.568674554] [bw_dr03_decoded_serial_node]: RECEIVED /cmd_vel: linear.x=0.0, angular.z=-0.9
[decoded_serial_node-3] [INFO] [1791264828.569409506] [bw_dr03_decoded_serial_node]: SEND MOTOR CMD: cd eb d7 09 74 42 46 53 53 15 15 00 00
[decoded_serial_node-3] [ERROR] [1791264828.570181265] [bw_dr03_decoded_serial_node]: Serial write error: write failed: [Errno 5] Input/output error
[decoded_serial_node-3] [ERROR] [1791264828.571562120] [bw_dr03_decoded_serial_node]: Serial error: [Errno 5] Input/output error
[decoded_serial_node-3] [ERROR] [1791264828.575912467] [bw_dr03_decoded_serial_node]: Serial error: [Errno 5] Input/output error
[decoded_serial_node-3] [ERROR] [1791264828.580938399] [bw_dr03_decoded_serial_node]: Serial error: [Errno 5] Input/output error
[decoded_serial_node-3] [ERROR] [1791264828.585915652] [bw_dr03_decoded_serial_node]: Serial error: [Errno 5] Input/output error
[decoded_serial_node-3] [ERROR] [1791264828.590895279] [bw_dr03_decoded_serial_node]: Serial error: [Errno 5] Input/output error
[decoded_serial_node-3] [ERROR] [1791264828.595915275] [bw_dr03_decoded_serial_node]: Serial error: [Errno 5] Input/output error
[decoded_serial_node-3] [ERROR] [1791264828.601065876] [bw_dr03_decoded_serial_node]: Serial error: [Errno 5] Input/output error
[decoded_serial_node-3] [ERROR] [1791264828.605919647] [bw_dr03_decoded_serial_node]: Serial error: [Errno 5] Input/output error
[decoded_serial_node-3] [ERROR] [1791264828.610917084] [bw_dr03_decoded_serial_node]: Serial error: [Errno 5] Input/output error
[decoded_serial_node-3] [ERROR] [1791264828.615889587] [bw_dr03_decoded_serial_node]: Serial error: [Errno 5] Input/output error
[decoded_serial_node-3] [ERROR] [1791264828.620895335] [bw_dr03_decoded_serial_node]: Serial error: [Errno 5] Input/output error
[decoded_serial_node-3] [ERROR] [1791264828.626067308] [bw_dr03_decoded_serial_node]: Serial error: [Errno 5] Input/output error
[decoded_serial_node-3] [ERROR] [1791264828.630909206] [bw_dr03_decoded_serial_node]: Serial error: [Errno 5] Input/output error
[decoded_serial_node-3] [INFO] [1791264828.634557845] [bw_dr03_decoded_serial_node]: RECEIVED /cmd_vel: linear.x=0.0, angular.z=-0.9
[decoded_serial_node-3] [INFO] [1791264828.635297546] [bw_dr03_decoded_serial_node]: SEND MOTOR CMD: cd eb d7 09 74 42 46 53 53 15 15 00 00
[decoded_serial_node-3] [ERROR] [1791264828.636063369] [bw_dr03_decoded_serial_node]: Serial write error: write failed: [Errno 5] Input/output error
[decoded_serial_node-3] [ERROR] [1791264828.637507152] [bw_dr03_decoded_serial_node]: Serial error: [Errno 5] Input/output error
[decoded_serial_node-3] [ERROR] [1791264828.640896955] [bw_dr03_decoded_serial_node]: Serial error: [Errno 5] Input/output error
[decoded_serial_node-3] [ERROR] [1791264828.645909827] [bw_dr03_decoded_serial_node]: Serial error: [Errno 5] Input/output error
[decoded_serial_node-3] [ERROR] [1791264828.650927449] [bw_dr03_decoded_serial_node]: Serial error: [Errno 5] Input/output error
[decoded_serial_node-3] [ERROR] [1791264828.655928447] [bw_dr03_decoded_serial_node]: Serial error: [Errno 5] Input/output error
[decoded_serial_node-3] [ERROR] [1791264828.660924697] [bw_dr03_decoded_serial_node]: Serial error: [Errno 5] Input/output error
[decoded_serial_node-3] [ERROR] [1791264828.666083609] [bw_dr03_decoded_serial_node]: Serial error: [Errno 5] Input/output error
[decoded_serial_node-3] [ERROR] [1791264828.670913634] [bw_dr03_decoded_serial_node]: Serial error: [Errno 5] Input/output error
[decoded_serial_node-3] [ERROR] [1791264828.675958564] [bw_dr03_decoded_serial_node]: Serial error: [Errno 5] Input/output error
[decoded_serial_node-3] [ERROR] [1791264828.680920381] [bw_dr03_decoded_serial_node]: Serial error: [Errno 5] Input/output error
[decoded_serial_node-3] [ERROR] [1791264828.685941564] [bw_dr03_decoded_serial_node]: Serial error: [Errno 5] Input/output error
[decoded_serial_node-3] [ERROR] [1791264828.690917629] [bw_dr03_decoded_serial_node]: Serial error: [Errno 5] Input/output error
[decoded_serial_node-3] [ERROR] [1791264828.695904380] [bw_dr03_decoded_serial_node]: Serial error: [Errno 5] Input/output error
[decoded_serial_node-3] [ERROR] [1791264828.700963557] [bw_dr03_decoded_serial_node]: Serial error: [Errno 5] Input/output error
[decoded_serial_node-3] [INFO] [1791264828.702598499] [bw_dr03_decoded_serial_node]: RECEIVED /cmd_vel: linear.x=0.0, angular.z=-0.9
[decoded_serial_node-3] [INFO] [1791264828.703301394] [bw_dr03_decoded_serial_node]: SEND MOTOR CMD: cd eb d7 09 74 42 46 53 53 15 15 00 00
[decoded_serial_node-3] [ERROR] [1791264828.704064842] [bw_dr03_decoded_serial_node]: Serial write error: write failed: [Errno 5] Input/output error
[decoded_serial_node-3] [INFO] [1791264828.705488440] [bw_dr03_decoded_serial_node]: RECEIVED /cmd_vel: linear.x=0.0, angular.z=0.0
[decoded_serial_node-3] [INFO] [1791264828.706162839] [bw_dr03_decoded_serial_node]: SEND MOTOR CMD: cd eb d7 09 74 53 53 53 53 1e 1e 00 00
[decoded_serial_node-3] [ERROR] [1791264828.706893042] [bw_dr03_decoded_serial_node]: Serial write error: write failed: [Errno 5] Input/output error
[decoded_serial_node-3] [ERROR] [1791264828.708277459] [bw_dr03_decoded_serial_node]: Serial error: [Errno 5] Input/output error
[decoded_serial_node-3] [ERROR] [1791264828.710923999] [bw_dr03_decoded_serial_node]: Serial error: [Errno 5] Input/output error
[decoded_serial_node-3] [ERROR] [1791264828.715926185] [bw_dr03_decoded_serial_node]: Serial error: [Errno 5] Input/output error
[decoded_serial_node-3] [ERROR] [1791264828.720923622] [bw_dr03_decoded_serial_node]: Serial error: [Errno 5] Input/output error
[decoded_serial_node-3] [ERROR] [1791264828.725910373] [bw_dr03_decoded_serial_node]: Serial error: [Errno 5] Input/output error
[decoded_serial_node-3] [ERROR] [1791264828.730931556] [bw_dr03_decoded_serial_node]: Serial error: [Errno 5] Input/output error
[decoded_serial_node-3] [ERROR] [1791264828.735923056] [bw_dr03_decoded_serial_node]: Serial error: [Errno 5] Input/output error
[decoded_serial_node-3] [ERROR] [1791264828.740922868] [bw_dr03_decoded_serial_node]: Serial error: [Errno 5] Input/output error
[decoded_serial_node-3] [ERROR] [1791264828.745934552] [bw_dr03_decoded_serial_node]: Serial error: [Errno 5] Input/output error
[decoded_serial_node-3] [INFO] [1791264828.749757728] [bw_dr03_decoded_serial_node]: RECEIVED /cmd_vel: linear.x=0.0, angular.z=0.0
[decoded_serial_node-3] [ERROR] [1791264828.751206260] [bw_dr03_decoded_serial_node]: Serial error: [Errno 5] Input/output error
[decoded_serial_node-3] [ERROR] [1791264828.755918740] [bw_dr03_decoded_serial_node]: Serial error: [Errno 5] Input/output error
[decoded_serial_node-3] [ERROR] [1791264828.760957733] [bw_dr03_decoded_serial_node]: Serial error: [Errno 5] Input/output error
[decoded_serial_node-3] [ERROR] [1791264828.765920738] [bw_dr03_decoded_serial_node]: Serial error: [Errno 5] Input/output error
[decoded_serial_node-3] [ERROR] [1791264828.770906301] [bw_dr03_decoded_serial_node]: Serial error: [Errno 5] Input/output error
[decoded_serial_node-3] [ERROR] [1791264828.775922735] [bw_dr03_decoded_serial_node]: Serial error: [Errno 5] Input/output error
[decoded_serial_node-3] [ERROR] [1791264828.780911861] [bw_dr03_decoded_serial_node]: Serial error: [Errno 5] Input/output error
[decoded_serial_node-3] [ERROR] [1791264828.785900986] [bw_dr03_decoded_serial_node]: Serial error: [Errno 5] Input/output error
[decoded_serial_node-3] [INFO] [1791264828.789889200] [bw_dr03_decoded_serial_node]: RECEIVED /cmd_vel: linear.x=0.0, angular.z=0.0
[decoded_serial_node-3] [ERROR] [1791264828.791353167] [bw_dr03_decoded_serial_node]: Serial error: [Errno 5] Input/output error
[decoded_serial_node-3] [ERROR] [1791264828.795913670] [bw_dr03_decoded_serial_node]: Serial error: [Errno 5] Input/output error
[decoded_serial_node-3] [ERROR] [1791264828.800945539] [bw_dr03_decoded_serial_node]: Serial error: [Errno 5] Input/output error
[decoded_serial_node-3] [ERROR] [1791264828.805914480] [bw_dr03_decoded_serial_node]: Serial error: [Errno 5] Input/output error
[decoded_serial_node-3] [ERROR] [1791264828.810942787] [bw_dr03_decoded_serial_node]: Serial error: [Errno 5] Input/output error
[decoded_serial_node-3] [ERROR] [1791264828.815923601] [bw_dr03_decoded_serial_node]: Serial error: [Errno 5] Input/output error
[decoded_serial_node-3] [ERROR] [1791264828.820910352] [bw_dr03_decoded_serial_node]: Serial error: [Errno 5] Input/output error
[decoded_serial_node-3] [ERROR] [1791264828.825916100] [bw_dr03_decoded_serial_node]: Serial error: [Errno 5] Input/output error
[decoded_serial_node-3] [ERROR] [1791264828.831611682] [bw_dr03_decoded_serial_node]: Serial error: [Errno 5] Input/output error
[decoded_serial_node-3] [INFO] [1791264828.833334486] [bw_dr03_decoded_serial_node]: RECEIVED /cmd_vel: linear.x=0.0, angular.z=0.0
[decoded_serial_node-3] [ERROR] [1791264828.835912161] [bw_dr03_decoded_serial_node]: Serial error: [Errno 5] Input/output error
[decoded_serial_node-3] [ERROR] [1791264828.840862105] [bw_dr03_decoded_serial_node]: Serial error: [Errno 5] Input/output error
[decoded_serial_node-3] [ERROR] [1791264828.845917721] [bw_dr03_decoded_serial_node]: Serial error: [Errno 5] Input/output error
[decoded_serial_node-3] [ERROR] [1791264828.851333095] [bw_dr03_decoded_serial_node]: Serial error: [Errno 5] Input/output error
[decoded_serial_node-3] [ERROR] [1791264828.855925655] [bw_dr03_decoded_serial_node]: Serial error: [Errno 5] Input/output error
[decoded_serial_node-3] [ERROR] [1791264828.860910031] [bw_dr03_decoded_serial_node]: Serial error: [Errno 5] Input/output error
[decoded_serial_node-3] [ERROR] [1791264828.865938339] [bw_dr03_decoded_serial_node]: Serial error: [Errno 5] Input/output error
[decoded_serial_node-3] [ERROR] [1791264828.870941712] [bw_dr03_decoded_serial_node]: Serial error: [Errno 5] Input/output error
[follow_planner-6] [INFO] [1791264828.873350788] [follow_planner_node]: Bam nguoi: TAT
[decoded_serial_node-3] [ERROR] [1791264828.876069754] [bw_dr03_decoded_serial_node]: Serial error: [Errno 5] Input/output error
[decoded_serial_node-3] [ERROR] [1791264828.880927087] [bw_dr03_decoded_serial_node]: Serial error: [Errno 5] Input/output error
[decoded_serial_node-3] [ERROR] [1791264828.886019510] [bw_dr03_decoded_serial_node]: Serial error: [Errno 5] Input/output error
[decoded_serial_node-3] [ERROR] [1791264828.890913649] [bw_dr03_decoded_serial_node]: Serial error: [Errno 5] Input/output error
[decoded_serial_node-3] [ERROR] [1791264828.895927709] [bw_dr03_decoded_serial_node]: Serial error: [Errno 5] Input/output error
[decoded_serial_node-3] [ERROR] [1791264828.900925146] [bw_dr03_decoded_serial_node]: Serial error: [Errno 5] Input/output error
[decoded_serial_node-3] [ERROR] [1791264828.905915458] [bw_dr03_decoded_serial_node]: Serial error: [Errno 5] Input/output error
[decoded_serial_node-3] [ERROR] [1791264828.911280965] [bw_dr03_decoded_serial_node]: Serial error: [Errno 5] Input/output error
[decoded_serial_node-3] [ERROR] [1791264828.915909145] [bw_dr03_decoded_serial_node]: Serial error: [Errno 5] Input/output error
[decoded_serial_node-3] [ERROR] [1791264828.921122674] [bw_dr03_decoded_serial_node]: Serial error: [Errno 5] Input/output error
[decoded_serial_node-3] [ERROR] [1791264828.925924203] [bw_dr03_decoded_serial_node]: Serial error: [Errno 5] Input/output error
[decoded_serial_node-3] [ERROR] [1791264828.930929951] [bw_dr03_decoded_serial_node]: Serial error: [Errno 5] Input/output error
[decoded_serial_node-3] [ERROR] [1791264828.935951134] [bw_dr03_decoded_serial_node]: Serial error: [Errno 5] Input/output error
[decoded_serial_node-3] [ERROR] [1791264828.941352260] [bw_dr03_decoded_serial_node]: Serial error: [Errno 5] Input/output error
[decoded_serial_node-3] [ERROR] [1791264828.946248775] [bw_dr03_decoded_serial_node]: Serial error: [Errno 5] Input/output error
[decoded_serial_node-3] [ERROR] [1791264828.951246212] [bw_dr03_decoded_serial_node]: Serial error: [Errno 5] Input/output error
[decoded_serial_node-3] [ERROR] [1791264828.955937319] [bw_dr03_decoded_serial_node]: Serial error: [Errno 5] Input/output error
[decoded_serial_node-3] [ERROR] [1791264828.960940693] [bw_dr03_decoded_serial_node]: Serial error: [Errno 5] Input/output error
[decoded_serial_node-3] [ERROR] [1791264828.966269392] [bw_dr03_decoded_serial_node]: Serial error: [Errno 5] Input/output error
[decoded_serial_node-3] [ERROR] [1791264828.971021054] [bw_dr03_decoded_serial_node]: Serial error: [Errno 5] Input/output error
[decoded_serial_node-3] [ERROR] [1791264828.975919943] [bw_dr03_decoded_serial_node]: Serial error: [Errno 5] Input/output error
[decoded_serial_node-3] [ERROR] [1791264828.980938751] [bw_dr03_decoded_serial_node]: Serial error: [Errno 5] Input/output error
[decoded_serial_node-3] [ERROR] [1791264828.985929064] [bw_dr03_decoded_serial_node]: Serial error: [Errno 5] Input/output error
[decoded_serial_node-3] [ERROR] [1791264828.990997740] [bw_dr03_decoded_serial_node]: Serial error: [Errno 5] Input/output error
[decoded_serial_node-3] [ERROR] [1791264828.995910877] [bw_dr03_decoded_serial_node]: Serial error: [Errno 5] Input/output error
[decoded_serial_node-3] [ERROR] [1791264829.000930873] [bw_dr03_decoded_serial_node]: Serial error: [Errno 5] Input/output error
[decoded_serial_node-3] [ERROR] [1791264829.005931872] [bw_dr03_decoded_serial_node]: Serial error: [Errno 5] Input/output error
[decoded_serial_node-3] [ERROR] [1791264829.010929309] [bw_dr03_decoded_serial_node]: Serial error: [Errno 5] Input/output error
[decoded_serial_node-3] [ERROR] [1791264829.015924371] [bw_dr03_decoded_serial_node]: Serial error: [Errno 5] Input/output error
[decoded_serial_node-3] [ERROR] [1791264829.021053600] [bw_dr03_decoded_serial_node]: Serial error: [Errno 5] Input/output error
[decoded_serial_node-3] [ERROR] [1791264829.025910933] [bw_dr03_decoded_serial_node]: Serial error: [Errno 5] Input/output error
[decoded_serial_node-3] [ERROR] [1791264829.030935678] [bw_dr03_decoded_serial_node]: Serial error: [Errno 5] Input/output error
[decoded_serial_node-3] [ERROR] [1791264829.035916492] [bw_dr03_decoded_serial_node]: Serial error: [Errno 5] Input/output error
[decoded_serial_node-3] [ERROR] [1791264829.040945987] [bw_dr03_decoded_serial_node]: Serial error: [Errno 5] Input/output error
[decoded_serial_node-3] [ERROR] [1791264829.045924426] [bw_dr03_decoded_serial_node]: Serial error: [Errno 5] Input/output error
[decoded_serial_node-3] [ERROR] [1791264829.050961045] [bw_dr03_decoded_serial_node]: Serial error: [Errno 5] Input/output error
[decoded_serial_node-3] [ERROR] [1791264829.055919300] [bw_dr03_decoded_serial_node]: Serial error: [Errno 5] Input/output error
[decoded_serial_node-3] [ERROR] [1791264829.060921486] [bw_dr03_decoded_serial_node]: Serial error: [Errno 5] Input/output error
[decoded_serial_node-3] [ERROR] [1791264829.065876179] [bw_dr03_decoded_serial_node]: Serial error: [Errno 5] Input/output error
[decoded_serial_node-3] [ERROR] [1791264829.070919921] [bw_dr03_decoded_serial_node]: Serial error: [Errno 5] Input/output error
[decoded_serial_node-3] [ERROR] [1791264829.075933981] [bw_dr03_decoded_serial_node]: Serial error: [Errno 5] Input/output error
[decoded_serial_node-3] [ERROR] [1791264829.081056086] [bw_dr03_decoded_serial_node]: Serial error: [Errno 5] Input/output error
[decoded_serial_node-3] [ERROR] [1791264829.085916981] [bw_dr03_decoded_serial_node]: Serial error: [Errno 5] Input/output error
[decoded_serial_node-3] [ERROR] [1791264829.091058084] [bw_dr03_decoded_serial_node]: Serial error: [Errno 5] Input/output error
[decoded_serial_node-3] [ERROR] [1791264829.095916604] [bw_dr03_decoded_serial_node]: Serial error: [Errno 5] Input/output error
[decoded_serial_node-3] [ERROR] [1791264829.101329603] [bw_dr03_decoded_serial_node]: Serial error: [Errno 5] Input/output error
[decoded_serial_node-3] [ERROR] [1791264829.105918601] [bw_dr03_decoded_serial_node]: Serial error: [Errno 5] Input/output error
[decoded_serial_node-3] [ERROR] [1791264829.111297168] [bw_dr03_decoded_serial_node]: Serial error: [Errno 5] Input/output error
[decoded_serial_node-3] [ERROR] [1791264829.115913475] [bw_dr03_decoded_serial_node]: Serial error: [Errno 5] Input/output error
[decoded_serial_node-3] [ERROR] [1791264829.121093759] [bw_dr03_decoded_serial_node]: Serial error: [Errno 5] Input/output error
[decoded_serial_node-3] [ERROR] [1791264829.125935656] [bw_dr03_decoded_serial_node]: Serial error: [Errno 5] Input/output error
[decoded_serial_node-3] [ERROR] [1791264829.130918845] [bw_dr03_decoded_serial_node]: Serial error: [Errno 5] Input/output error
[decoded_serial_node-3] [ERROR] [1791264829.135921031] [bw_dr03_decoded_serial_node]: Serial error: [Errno 5] Input/output error
[decoded_serial_node-3] [ERROR] [1791264829.141106065] [bw_dr03_decoded_serial_node]: Serial error: [Errno 5] Input/output error
[decoded_serial_node-3] [ERROR] [1791264829.146361150] [bw_dr03_decoded_serial_node]: Serial error: [Errno 5] Input/output error
[decoded_serial_node-3] [ERROR] [1791264829.151187613] [bw_dr03_decoded_serial_node]: Serial error: [Errno 5] Input/output error
[decoded_serial_node-3] [ERROR] [1791264829.156268162] [bw_dr03_decoded_serial_node]: Serial error: [Errno 5] Input/output error
[decoded_serial_node-3] [INFO] [1791264829.157861548] [bw_dr03_decoded_serial_node]: RECEIVED /cmd_vel: linear.x=0.0, angular.z=0.0
[decoded_serial_node-3] [ERROR] [1791264829.160929587] [bw_dr03_decoded_serial_node]: Serial error: [Errno 5] Input/output error
[decoded_serial_node-3] [ERROR] [1791264829.166263036] [bw_dr03_decoded_serial_node]: Serial error: [Errno 5] Input/output error
[decoded_serial_node-3] [ERROR] [1791264829.171032507] [bw_dr03_decoded_serial_node]: Serial error: [Errno 5] Input/output error
[decoded_serial_node-3] [ERROR] [1791264829.175925459] [bw_dr03_decoded_serial_node]: Serial error: [Errno 5] Input/output error
[decoded_serial_node-3] [ERROR] [1791264829.180912210] [bw_dr03_decoded_serial_node]: Serial error: [Errno 5] Input/output error
[decoded_serial_node-3] [ERROR] [1791264829.185959514] [bw_dr03_decoded_serial_node]: Serial error: [Errno 5] Input/output error
[decoded_serial_node-3] [ERROR] [1791264829.190917769] [bw_dr03_decoded_serial_node]: Serial error: [Errno 5] Input/output error
[decoded_serial_node-3] [ERROR] [1791264829.195919955] [bw_dr03_decoded_serial_node]: Serial error: [Errno 5] Input/output error
[decoded_serial_node-3] [INFO] [1791264829.200184815] [bw_dr03_decoded_serial_node]: RECEIVED /cmd_vel: linear.x=0.0, angular.z=0.0
[decoded_serial_node-3] [ERROR] [1791264829.201622661] [bw_dr03_decoded_serial_node]: Serial error: [Errno 5] Input/output error
[decoded_serial_node-3] [ERROR] [1791264829.205912454] [bw_dr03_decoded_serial_node]: Serial error: [Errno 5] Input/output error
[decoded_serial_node-3] [ERROR] [1791264829.210911078] [bw_dr03_decoded_serial_node]: Serial error: [Errno 5] Input/output error
[decoded_serial_node-3] [ERROR] [1791264829.215998751] [bw_dr03_decoded_serial_node]: Serial error: [Errno 5] Input/output error
[decoded_serial_node-3] [ERROR] [1791264829.221025871] [bw_dr03_decoded_serial_node]: Serial error: [Errno 5] Input/output error
[decoded_serial_node-3] [ERROR] [1791264829.225943757] [bw_dr03_decoded_serial_node]: Serial error: [Errno 5] Input/output error
[decoded_serial_node-3] [ERROR] [1791264829.230904387] [bw_dr03_decoded_serial_node]: Serial error: [Errno 5] Input/output error
[decoded_serial_node-3] [ERROR] [1791264829.235993248] [bw_dr03_decoded_serial_node]: Serial error: [Errno 5] Input/output error
[decoded_serial_node-3] [ERROR] [1791264829.240963376] [bw_dr03_decoded_serial_node]: Serial error: [Errno 5] Input/output error
[decoded_serial_node-3] [ERROR] [1791264829.245941816] [bw_dr03_decoded_serial_node]: Serial error: [Errno 5] Input/output error
[decoded_serial_node-3] [ERROR] [1791264829.250928566] [bw_dr03_decoded_serial_node]: Serial error: [Errno 5] Input/output error
[decoded_serial_node-3] [ERROR] [1791264829.255933127] [bw_dr03_decoded_serial_node]: Serial error: [Errno 5] Input/output error
[decoded_serial_node-3] [INFO] [1791264829.257782974] [bw_dr03_decoded_serial_node]: RECEIVED /cmd_vel: linear.x=0.0, angular.z=0.0
[decoded_serial_node-3] [ERROR] [1791264829.261059982] [bw_dr03_decoded_serial_node]: Serial error: [Errno 5] Input/output error
[decoded_serial_node-3] [ERROR] [1791264829.266210583] [bw_dr03_decoded_serial_node]: Serial error: [Errno 5] Input/output error
[decoded_serial_node-3] [ERROR] [1791264829.271927537] [bw_dr03_decoded_serial_node]: Serial error: [Errno 5] Input/output error
[decoded_serial_node-3] [ERROR] [1791264829.276190021] [bw_dr03_decoded_serial_node]: Serial error: [Errno 5] Input/output error
[decoded_serial_node-3] [ERROR] [1791264829.281467666] [bw_dr03_decoded_serial_node]: Serial error: [Errno 5] Input/output error
[decoded_serial_node-3] [ERROR] [1791264829.285923684] [bw_dr03_decoded_serial_node]: Serial error: [Errno 5] Input/output error
[decoded_serial_node-3] [ERROR] [1791264829.290998297] [bw_dr03_decoded_serial_node]: Serial error: [Errno 5] Input/output error
[decoded_serial_node-3] [ERROR] [1791264829.295999296] [bw_dr03_decoded_serial_node]: Serial error: [Errno 5] Input/output error
[decoded_serial_node-3] [INFO] [1791264829.300929055] [bw_dr03_decoded_serial_node]: RECEIVED /cmd_vel: linear.x=0.0, angular.z=0.0
[decoded_serial_node-3] [ERROR] [1791264829.302518879] [bw_dr03_decoded_serial_node]: Serial error: [Errno 5] Input/output error
[decoded_serial_node-3] [ERROR] [1791264829.305918180] [bw_dr03_decoded_serial_node]: Serial error: [Errno 5] Input/output error
[decoded_serial_node-3] [ERROR] [1791264829.311017727] [bw_dr03_decoded_serial_node]: Serial error: [Errno 5] Input/output error
[decoded_serial_node-3] [ERROR] [1791264829.315910679] [bw_dr03_decoded_serial_node]: Serial error: [Errno 5] Input/output error
[decoded_serial_node-3] [ERROR] [1791264829.320988854] [bw_dr03_decoded_serial_node]: Serial error: [Errno 5] Input/output error
[decoded_serial_node-3] [ERROR] [1791264829.325922175] [bw_dr03_decoded_serial_node]: Serial error: [Errno 5] Input/output error
[decoded_serial_node-3] [ERROR] [1791264829.330920799] [bw_dr03_decoded_serial_node]: Serial error: [Errno 5] Input/output error
[decoded_serial_node-3] [ERROR] [1791264829.336012034] [bw_dr03_decoded_serial_node]: Serial error: [Errno 5] Input/output error
[decoded_serial_node-3] [ERROR] [1791264829.341521207] [bw_dr03_decoded_serial_node]: Serial error: [Errno 5] Input/output error
[decoded_serial_node-3] [INFO] [1791264829.344227113] [bw_dr03_decoded_serial_node]: RECEIVED /cmd_vel: linear.x=0.0, angular.z=0.0
[decoded_serial_node-3] [ERROR] [1791264829.345934481] [bw_dr03_decoded_serial_node]: Serial error: [Errno 5] Input/output error
[decoded_serial_node-3] [ERROR] [1791264829.350922420] [bw_dr03_decoded_serial_node]: Serial error: [Errno 5] Input/output error
[decoded_serial_node-3] [ERROR] [1791264829.356876837] [bw_dr03_decoded_serial_node]: Serial error: [Errno 5] Input/output error
[decoded_serial_node-3] [ERROR] [1791264829.360903045] [bw_dr03_decoded_serial_node]: Serial error: [Errno 5] Input/output error
[decoded_serial_node-3] [ERROR] [1791264829.366306546] [bw_dr03_decoded_serial_node]: Serial error: [Errno 5] Input/output error
[decoded_serial_node-3] [ERROR] [1791264829.370918103] [bw_dr03_decoded_serial_node]: Serial error: [Errno 5] Input/output error
[decoded_serial_node-3] [ERROR] [1791264829.375942848] [bw_dr03_decoded_serial_node]: Serial error: [Errno 5] Input/output error
[decoded_serial_node-3] [ERROR] [1791264829.380935536] [bw_dr03_decoded_serial_node]: Serial error: [Errno 5] Input/output error
[decoded_serial_node-3] [ERROR] [1791264829.385916350] [bw_dr03_decoded_serial_node]: Serial error: [Errno 5] Input/output error
[decoded_serial_node-3] [ERROR] [1791264829.390926847] [bw_dr03_decoded_serial_node]: Serial error: [Errno 5] Input/output error
[decoded_serial_node-3] [ERROR] [1791264829.396007396] [bw_dr03_decoded_serial_node]: Serial error: [Errno 5] Input/output error
[decoded_serial_node-3] [ERROR] [1791264829.400945467] [bw_dr03_decoded_serial_node]: Serial error: [Errno 5] Input/output error
[decoded_serial_node-3] [ERROR] [1791264829.405908472] [bw_dr03_decoded_serial_node]: Serial error: [Errno 5] Input/output error
[decoded_serial_node-3] [ERROR] [1791264829.410859603] [bw_dr03_decoded_serial_node]: Serial error: [Errno 5] Input/output error
[decoded_serial_node-3] [ERROR] [1791264829.415944901] [bw_dr03_decoded_serial_node]: Serial error: [Errno 5] Input/output error
[decoded_serial_node-3] [ERROR] [1791264829.421012390] [bw_dr03_decoded_serial_node]: Serial error: [Errno 5] Input/output error
[decoded_serial_node-3] [ERROR] [1791264829.426271038] [bw_dr03_decoded_serial_node]: Serial error: [Errno 5] Input/output error
[decoded_serial_node-3] [ERROR] [1791264829.431065442] [bw_dr03_decoded_serial_node]: Serial error: [Errno 5] Input/output error
[decoded_serial_node-3] [ERROR] [1791264829.435950083] [bw_dr03_decoded_serial_node]: Serial error: [Errno 5] Input/output error
[decoded_serial_node-3] [ERROR] [1791264829.440959393] [bw_dr03_decoded_serial_node]: Serial error: [Errno 5] Input/output error
[decoded_serial_node-3] [ERROR] [1791264829.446105245] [bw_dr03_decoded_serial_node]: Serial error: [Errno 5] Input/output error
[decoded_serial_node-3] [ERROR] [1791264829.451008884] [bw_dr03_decoded_serial_node]: Serial error: [Errno 5] Input/output error
[decoded_serial_node-3] [ERROR] [1791264829.455922021] [bw_dr03_decoded_serial_node]: Serial error: [Errno 5] Input/output error
[decoded_serial_node-3] [ERROR] [1791264829.460958639] [bw_dr03_decoded_serial_node]: Serial error: [Errno 5] Input/output error
[decoded_serial_node-3] [ERROR] [1791264829.466563984] [bw_dr03_decoded_serial_node]: Serial error: [Errno 5] Input/output error
[decoded_serial_node-3] [ERROR] [1791264829.472466160] [bw_dr03_decoded_serial_node]: Serial error: [Errno 5] Input/output error
[decoded_serial_node-3] [ERROR] [1791264829.476251342] [bw_dr03_decoded_serial_node]: Serial error: [Errno 5] Input/output error
[decoded_serial_node-3] [ERROR] [1791264829.481517113] [bw_dr03_decoded_serial_node]: Serial error: [Errno 5] Input/output error
[decoded_serial_node-3] [ERROR] [1791264829.486021811] [bw_dr03_decoded_serial_node]: Serial error: [Errno 5] Input/output error
[decoded_serial_node-3] [ERROR] [1791264829.490937323] [bw_dr03_decoded_serial_node]: Serial error: [Errno 5] Input/output error
[decoded_serial_node-3] [ERROR] [1791264829.495916950] [bw_dr03_decoded_serial_node]: Serial error: [Errno 5] Input/output error
[decoded_serial_node-3] [ERROR] [1791264829.501099609] [bw_dr03_decoded_serial_node]: Serial error: [Errno 5] Input/output error
[decoded_serial_node-3] [ERROR] [1791264829.505914198] [bw_dr03_decoded_serial_node]: Serial error: [Errno 5] Input/output error
[decoded_serial_node-3] [ERROR] [1791264829.511042240] [bw_dr03_decoded_serial_node]: Serial error: [Errno 5] Input/output error
[decoded_serial_node-3] [ERROR] [1791264829.515920945] [bw_dr03_decoded_serial_node]: Serial error: [Errno 5] Input/output error
[decoded_serial_node-3] [ERROR] [1791264829.520918381] [bw_dr03_decoded_serial_node]: Serial error: [Errno 5] Input/output error
[decoded_serial_node-3] [ERROR] [1791264829.525926504] [bw_dr03_decoded_serial_node]: Serial error: [Errno 5] Input/output error
[decoded_serial_node-3] [ERROR] [1791264829.530906131] [bw_dr03_decoded_serial_node]: Serial error: [Errno 5] Input/output error
[decoded_serial_node-3] [ERROR] [1791264829.535929689] [bw_dr03_decoded_serial_node]: Serial error: [Errno 5] Input/output error
[decoded_serial_node-3] [ERROR] [1791264829.540934249] [bw_dr03_decoded_serial_node]: Serial error: [Errno 5] Input/output error
[decoded_serial_node-3] [ERROR] [1791264829.546422050] [bw_dr03_decoded_serial_node]: Serial error: [Errno 5] Input/output error
[decoded_serial_node-3] [INFO] [1791264829.547952507] [bw_dr03_decoded_serial_node]: RECEIVED /cmd_vel: linear.x=0.0, angular.z=0.0
[decoded_serial_node-3] [ERROR] [1791264829.550929123] [bw_dr03_decoded_serial_node]: Serial error: [Errno 5] Input/output error
[decoded_serial_node-3] [ERROR] [1791264829.555965741] [bw_dr03_decoded_serial_node]: Serial error: [Errno 5] Input/output error
[decoded_serial_node-3] [ERROR] [1791264829.561053414] [bw_dr03_decoded_serial_node]: Serial error: [Errno 5] Input/output error
[decoded_serial_node-3] [ERROR] [1791264829.566429607] [bw_dr03_decoded_serial_node]: Serial error: [Errno 5] Input/output error
[follow_planner-6] [INFO] [1791264829.566807175] [follow_planner_node]: [IDLE] disabled | d=- goc=- | v=0.000 w=0.000 | thoang=-
[decoded_serial_node-3] [ERROR] [1791264829.570667158] [bw_dr03_decoded_serial_node]: Serial error: [Errno 5] Input/output error
[decoded_serial_node-3] [ERROR] [1791264829.575433067] [bw_dr03_decoded_serial_node]: Serial error: [Errno 5] Input/output error
[decoded_serial_node-3] [ERROR] [1791264829.580855564] [bw_dr03_decoded_serial_node]: Serial error: [Errno 5] Input/output error
[decoded_serial_node-3] [ERROR] [1791264829.585944425] [bw_dr03_decoded_serial_node]: Serial error: [Errno 5] Input/output error
[decoded_serial_node-3] [ERROR] [1791264829.590988167] [bw_dr03_decoded_serial_node]: Serial error: [Errno 5] Input/output error
[decoded_serial_node-3] [ERROR] [1791264829.596010538] [bw_dr03_decoded_serial_node]: Serial error: [Errno 5] Input/output error
[decoded_serial_node-3] [ERROR] [1791264829.601012724] [bw_dr03_decoded_serial_node]: Serial error: [Errno 5] Input/output error
[decoded_serial_node-3] [ERROR] [1791264829.605948420] [bw_dr03_decoded_serial_node]: Serial error: [Errno 5] Input/output error
[decoded_serial_node-3] [ERROR] [1791264829.610944669] [bw_dr03_decoded_serial_node]: Serial error: [Errno 5] Input/output error
[decoded_serial_node-3] [ERROR] [1791264829.615964665] [bw_dr03_decoded_serial_node]: Serial error: [Errno 5] Input/output error
[decoded_serial_node-3] [ERROR] [1791264829.620997721] [bw_dr03_decoded_serial_node]: Serial error: [Errno 5] Input/output error
[decoded_serial_node-3] [ERROR] [1791264829.625954789] [bw_dr03_decoded_serial_node]: Serial error: [Errno 5] Input/output error
[decoded_serial_node-3] [ERROR] [1791264829.630922543] [bw_dr03_decoded_serial_node]: Serial error: [Errno 5] Input/output error
[decoded_serial_node-3] [ERROR] [1791264829.636007842] [bw_dr03_decoded_serial_node]: Serial error: [Errno 5] Input/output error
[decoded_serial_node-3] [ERROR] [1791264829.640939976] [bw_dr03_decoded_serial_node]: Serial error: [Errno 5] Input/output error
[decoded_serial_node-3] [ERROR] [1791264829.646335165] [bw_dr03_decoded_serial_node]: Serial error: [Errno 5] Input/output error
[decoded_serial_node-3] [ERROR] [1791264829.651369409] [bw_dr03_decoded_serial_node]: Serial error: [Errno 5] Input/output error
[decoded_serial_node-3] [ERROR] [1791264829.655918038] [bw_dr03_decoded_serial_node]: Serial error: [Errno 5] Input/output error
[decoded_serial_node-3] [ERROR] [1791264829.661173123] [bw_dr03_decoded_serial_node]: Serial error: [Errno 5] Input/output error
[decoded_serial_node-3] [ERROR] [1791264829.666271483] [bw_dr03_decoded_serial_node]: Serial error: [Errno 5] Input/output error
[decoded_serial_node-3] [ERROR] [1791264829.670938844] [bw_dr03_decoded_serial_node]: Serial error: [Errno 5] Input/output error
[decoded_serial_node-3] [ERROR] [1791264829.675956465] [bw_dr03_decoded_serial_node]: Serial error: [Errno 5] Input/output error
[decoded_serial_node-3] [ERROR] [1791264829.681088069] [bw_dr03_decoded_serial_node]: Serial error: [Errno 5] Input/output error
[decoded_serial_node-3] [ERROR] [1791264829.686014267] [bw_dr03_decoded_serial_node]: Serial error: [Errno 5] Input/output error
[decoded_serial_node-3] [ERROR] [1791264829.691052072] [bw_dr03_decoded_serial_node]: Serial error: [Errno 5] Input/output error
[decoded_serial_node-3] [ERROR] [1791264829.696047134] [bw_dr03_decoded_serial_node]: Serial error: [Errno 5] Input/output error
[decoded_serial_node-3] [ERROR] [1791264829.700923464] [bw_dr03_decoded_serial_node]: Serial error: [Errno 5] Input/output error
[decoded_serial_node-3] [ERROR] [1791264829.705958895] [bw_dr03_decoded_serial_node]: Serial error: [Errno 5] Input/output error
[decoded_serial_node-3] [ERROR] [1791264829.710965831] [bw_dr03_decoded_serial_node]: Serial error: [Errno 5] Input/output error
[decoded_serial_node-3] [ERROR] [1791264829.715964455] [bw_dr03_decoded_serial_node]: Serial error: [Errno 5] Input/output error
[decoded_serial_node-3] [ERROR] [1791264829.720939332] [bw_dr03_decoded_serial_node]: Serial error: [Errno 5] Input/output error
[decoded_serial_node-3] [ERROR] [1791264829.725946268] [bw_dr03_decoded_serial_node]: Serial error: [Errno 5] Input/output error
[decoded_serial_node-3] [ERROR] [1791264829.730940142] [bw_dr03_decoded_serial_node]: Serial error: [Errno 5] Input/output error
[decoded_serial_node-3] [ERROR] [1791264829.735954202] [bw_dr03_decoded_serial_node]: Serial error: [Errno 5] Input/output error
[decoded_serial_node-3] [ERROR] [1791264829.740952826] [bw_dr03_decoded_serial_node]: Serial error: [Errno 5] Input/output error
[decoded_serial_node-3] [ERROR] [1791264829.745937202] [bw_dr03_decoded_serial_node]: Serial error: [Errno 5] Input/output error
[decoded_serial_node-3] [INFO] [1791264829.748007891] [bw_dr03_decoded_serial_node]: RECEIVED /cmd_vel: linear.x=0.0, angular.z=0.0
[decoded_serial_node-3] [ERROR] [1791264829.751728957] [bw_dr03_decoded_serial_node]: Serial error: [Errno 5] Input/output error
[decoded_serial_node-3] [ERROR] [1791264829.755930888] [bw_dr03_decoded_serial_node]: Serial error: [Errno 5] Input/output error
[decoded_serial_node-3] [ERROR] [1791264829.760936636] [bw_dr03_decoded_serial_node]: Serial error: [Errno 5] Input/output error
[decoded_serial_node-3] [ERROR] [1791264829.765931698] [bw_dr03_decoded_serial_node]: Serial error: [Errno 5] Input/output error
[decoded_serial_node-3] [ERROR] [1791264829.770961193] [bw_dr03_decoded_serial_node]: Serial error: [Errno 5] Input/output error
[decoded_serial_node-3] [ERROR] [1791264829.775923010] [bw_dr03_decoded_serial_node]: Serial error: [Errno 5] Input/output error
[decoded_serial_node-3] [ERROR] [1791264829.780951317] [bw_dr03_decoded_serial_node]: Serial error: [Errno 5] Input/output error
[decoded_serial_node-3] [ERROR] [1791264829.786188593] [bw_dr03_decoded_serial_node]: Serial error: [Errno 5] Input/output error
[decoded_serial_node-3] [ERROR] [1791264829.790959251] [bw_dr03_decoded_serial_node]: Serial error: [Errno 5] Input/output error
[decoded_serial_node-3] [ERROR] [1791264829.795918693] [bw_dr03_decoded_serial_node]: Serial error: [Errno 5] Input/output error
[decoded_serial_node-3] [ERROR] [1791264829.800932753] [bw_dr03_decoded_serial_node]: Serial error: [Errno 5] Input/output error
[decoded_serial_node-3] [ERROR] [1791264829.805955123] [bw_dr03_decoded_serial_node]: Serial error: [Errno 5] Input/output error
[decoded_serial_node-3] [ERROR] [1791264829.810940687] [bw_dr03_decoded_serial_node]: Serial error: [Errno 5] Input/output error
[decoded_serial_node-3] [ERROR] [1791264829.815936936] [bw_dr03_decoded_serial_node]: Serial error: [Errno 5] Input/output error
[decoded_serial_node-3] [ERROR] [1791264829.820921312] [bw_dr03_decoded_serial_node]: Serial error: [Errno 5] Input/output error
[decoded_serial_node-3] [ERROR] [1791264829.825919936] [bw_dr03_decoded_serial_node]: Serial error: [Errno 5] Input/output error
[decoded_serial_node-3] [ERROR] [1791264829.830937558] [bw_dr03_decoded_serial_node]: Serial error: [Errno 5] Input/output error
[decoded_serial_node-3] [ERROR] [1791264829.835920746] [bw_dr03_decoded_serial_node]: Serial error: [Errno 5] Input/output error
[decoded_serial_node-3] [ERROR] [1791264829.841020293] [bw_dr03_decoded_serial_node]: Serial error: [Errno 5] Input/output error
[decoded_serial_node-3] [ERROR] [1791264829.845936992] [bw_dr03_decoded_serial_node]: Serial error: [Errno 5] Input/output error
[decoded_serial_node-3] [ERROR] [1791264829.850951051] [bw_dr03_decoded_serial_node]: Serial error: [Errno 5] Input/output error
[decoded_serial_node-3] [ERROR] [1791264829.855917617] [bw_dr03_decoded_serial_node]: Serial error: [Errno 5] Input/output error
[decoded_serial_node-3] [ERROR] [1791264829.860935239] [bw_dr03_decoded_serial_node]: Serial error: [Errno 5] Input/output error
[decoded_serial_node-3] [ERROR] [1791264829.865929113] [bw_dr03_decoded_serial_node]: Serial error: [Errno 5] Input/output error
[decoded_serial_node-3] [ERROR] [1791264829.871207945] [bw_dr03_decoded_serial_node]: Serial error: [Errno 5] Input/output error
[decoded_serial_node-3] [ERROR] [1791264829.875948921] [bw_dr03_decoded_serial_node]: Serial error: [Errno 5] Input/output error
[decoded_serial_node-3] [ERROR] [1791264829.880947545] [bw_dr03_decoded_serial_node]: Serial error: [Errno 5] Input/output error
[decoded_serial_node-3] [ERROR] [1791264829.885940232] [bw_dr03_decoded_serial_node]: Serial error: [Errno 5] Input/output error
[decoded_serial_node-3] [ERROR] [1791264829.891254684] [bw_dr03_decoded_serial_node]: Serial error: [Errno 5] Input/output error
[decoded_serial_node-3] [ERROR] [1791264829.895929169] [bw_dr03_decoded_serial_node]: Serial error: [Errno 5] Input/output error
[decoded_serial_node-3] [ERROR] [1791264829.900932542] [bw_dr03_decoded_serial_node]: Serial error: [Errno 5] Input/output error
[decoded_serial_node-3] [ERROR] [1791264829.905905045] [bw_dr03_decoded_serial_node]: Serial error: [Errno 5] Input/output error
[decoded_serial_node-3] [ERROR] [1791264829.910955911] [bw_dr03_decoded_serial_node]: Serial error: [Errno 5] Input/output error
[decoded_serial_node-3] [ERROR] [1791264829.915930789] [bw_dr03_decoded_serial_node]: Serial error: [Errno 5] Input/output error
[decoded_serial_node-3] [ERROR] [1791264829.920940099] [bw_dr03_decoded_serial_node]: Serial error: [Errno 5] Input/output error
[decoded_serial_node-3] [ERROR] [1791264829.925939910] [bw_dr03_decoded_serial_node]: Serial error: [Errno 5] Input/output error
[decoded_serial_node-3] [ERROR] [1791264829.930955157] [bw_dr03_decoded_serial_node]: Serial error: [Errno 5] Input/output error
[decoded_serial_node-3] [ERROR] [1791264829.935920536] [bw_dr03_decoded_serial_node]: Serial error: [Errno 5] Input/output error
[decoded_serial_node-3] [ERROR] [1791264829.940942907] [bw_dr03_decoded_serial_node]: Serial error: [Errno 5] Input/output error
[decoded_serial_node-3] [ERROR] [1791264829.946466327] [bw_dr03_decoded_serial_node]: Serial error: [Errno 5] Input/output error
[decoded_serial_node-3] [INFO] [1791264829.949953490] [bw_dr03_decoded_serial_node]: RECEIVED /cmd_vel: linear.x=0.0, angular.z=0.0
[decoded_serial_node-3] [ERROR] [1791264829.951445954] [bw_dr03_decoded_serial_node]: Serial error: [Errno 5] Input/output error
[decoded_serial_node-3] [ERROR] [1791264829.955913845] [bw_dr03_decoded_serial_node]: Serial error: [Errno 5] Input/output error
[decoded_serial_node-3] [ERROR] [1791264829.960918406] [bw_dr03_decoded_serial_node]: Serial error: [Errno 5] Input/output error
[decoded_serial_node-3] [ERROR] [1791264829.966006079] [bw_dr03_decoded_serial_node]: Serial error: [Errno 5] Input/output error
[decoded_serial_node-3] [ERROR] [1791264829.970918028] [bw_dr03_decoded_serial_node]: Serial error: [Errno 5] Input/output error
[decoded_serial_node-3] [ERROR] [1791264829.975926151] [bw_dr03_decoded_serial_node]: Serial error: [Errno 5] Input/output error
[decoded_serial_node-3] [ERROR] [1791264829.980904591] [bw_dr03_decoded_serial_node]: Serial error: [Errno 5] Input/output error
[decoded_serial_node-3] [ERROR] [1791264829.985922212] [bw_dr03_decoded_serial_node]: Serial error: [Errno 5] Input/output error
[decoded_serial_node-3] [ERROR] [1791264829.990943395] [bw_dr03_decoded_serial_node]: Serial error: [Errno 5] Input/output error
[decoded_serial_node-3] [ERROR] [1791264829.996021570] [bw_dr03_decoded_serial_node]: Serial error: [Errno 5] Input/output error
[decoded_serial_node-3] [ERROR] [1791264830.001655411] [bw_dr03_decoded_serial_node]: Serial error: [Errno 5] Input/output error
[decoded_serial_node-3] [ERROR] [1791264830.005923832] [bw_dr03_decoded_serial_node]: Serial error: [Errno 5] Input/output error
[decoded_serial_node-3] [ERROR] [1791264830.010922456] [bw_dr03_decoded_serial_node]: Serial error: [Errno 5] Input/output error
[decoded_serial_node-3] [ERROR] [1791264830.015943639] [bw_dr03_decoded_serial_node]: Serial error: [Errno 5] Input/output error
[decoded_serial_node-3] [ERROR] [1791264830.020963635] [bw_dr03_decoded_serial_node]: Serial error: [Errno 5] Input/output error
[decoded_serial_node-3] [ERROR] [1791264830.026005002] [bw_dr03_decoded_serial_node]: Serial error: [Errno 5] Input/output error
[decoded_serial_node-3] [ERROR] [1791264830.031179350] [bw_dr03_decoded_serial_node]: Serial error: [Errno 5] Input/output error
[decoded_serial_node-3] [ERROR] [1791264830.035902515] [bw_dr03_decoded_serial_node]: Serial error: [Errno 5] Input/output error
[decoded_serial_node-3] [ERROR] [1791264830.040962880] [bw_dr03_decoded_serial_node]: Serial error: [Errno 5] Input/output error
[decoded_serial_node-3] [ERROR] [1791264830.045919948] [bw_dr03_decoded_serial_node]: Serial error: [Errno 5] Input/output error
[decoded_serial_node-3] [ERROR] [1791264830.051072924] [bw_dr03_decoded_serial_node]: Serial error: [Errno 5] Input/output error
[decoded_serial_node-3] [ERROR] [1791264830.056010994] [bw_dr03_decoded_serial_node]: Serial error: [Errno 5] Input/output error
[decoded_serial_node-3] [ERROR] [1791264830.060918194] [bw_dr03_decoded_serial_node]: Serial error: [Errno 5] Input/output error
[decoded_serial_node-3] [ERROR] [1791264830.065935816] [bw_dr03_decoded_serial_node]: Serial error: [Errno 5] Input/output error
[decoded_serial_node-3] [ERROR] [1791264830.071454486] [bw_dr03_decoded_serial_node]: Serial error: [Errno 5] Input/output error
[decoded_serial_node-3] [ERROR] [1791264830.075953248] [bw_dr03_decoded_serial_node]: Serial error: [Errno 5] Input/output error
[decoded_serial_node-3] [ERROR] [1791264830.080904379] [bw_dr03_decoded_serial_node]: Serial error: [Errno 5] Input/output error
[decoded_serial_node-3] [ERROR] [1791264830.086286508] [bw_dr03_decoded_serial_node]: Serial error: [Errno 5] Input/output error
[decoded_serial_node-3] [ERROR] [1791264830.090939621] [bw_dr03_decoded_serial_node]: Serial error: [Errno 5] Input/output error
[decoded_serial_node-3] [ERROR] [1791264830.095906188] [bw_dr03_decoded_serial_node]: Serial error: [Errno 5] Input/output error
[decoded_serial_node-3] [ERROR] [1791264830.100927371] [bw_dr03_decoded_serial_node]: Serial error: [Errno 5] Input/output error
[decoded_serial_node-3] [ERROR] [1791264830.105940243] [bw_dr03_decoded_serial_node]: Serial error: [Errno 5] Input/output error
[decoded_serial_node-3] [ERROR] [1791264830.110905622] [bw_dr03_decoded_serial_node]: Serial error: [Errno 5] Input/output error
[decoded_serial_node-3] [ERROR] [1791264830.115919681] [bw_dr03_decoded_serial_node]: Serial error: [Errno 5] Input/output error
[decoded_serial_node-3] [ERROR] [1791264830.120927803] [bw_dr03_decoded_serial_node]: Serial error: [Errno 5] Input/output error
[decoded_serial_node-3] [ERROR] [1791264830.125954923] [bw_dr03_decoded_serial_node]: Serial error: [Errno 5] Input/output error
[decoded_serial_node-3] [ERROR] [1791264830.130915553] [bw_dr03_decoded_serial_node]: Serial error: [Errno 5] Input/output error
[decoded_serial_node-3] [ERROR] [1791264830.135927237] [bw_dr03_decoded_serial_node]: Serial error: [Errno 5] Input/output error
[decoded_serial_node-3] [ERROR] [1791264830.141308179] [bw_dr03_decoded_serial_node]: Serial error: [Errno 5] Input/output error
[decoded_serial_node-3] [ERROR] [1791264830.146000474] [bw_dr03_decoded_serial_node]: Serial error: [Errno 5] Input/output error
[decoded_serial_node-3] [ERROR] [1791264830.151320862] [bw_dr03_decoded_serial_node]: Serial error: [Errno 5] Input/output error
[decoded_serial_node-3] [INFO] [1791264830.153138651] [bw_dr03_decoded_serial_node]: RECEIVED /cmd_vel: linear.x=0.0, angular.z=0.0
[decoded_serial_node-3] [ERROR] [1791264830.155918171] [bw_dr03_decoded_serial_node]: Serial error: [Errno 5] Input/output error
[decoded_serial_node-3] [ERROR] [1791264830.160907297] [bw_dr03_decoded_serial_node]: Serial error: [Errno 5] Input/output error
[decoded_serial_node-3] [ERROR] [1791264830.166431904] [bw_dr03_decoded_serial_node]: Serial error: [Errno 5] Input/output error
[decoded_serial_node-3] [ERROR] [1791264830.170957974] [bw_dr03_decoded_serial_node]: Serial error: [Errno 5] Input/output error
[decoded_serial_node-3] [ERROR] [1791264830.175917417] [bw_dr03_decoded_serial_node]: Serial error: [Errno 5] Input/output error
[decoded_serial_node-3] [ERROR] [1791264830.180939787] [bw_dr03_decoded_serial_node]: Serial error: [Errno 5] Input/output error
[decoded_serial_node-3] [ERROR] [1791264830.185925350] [bw_dr03_decoded_serial_node]: Serial error: [Errno 5] Input/output error
[decoded_serial_node-3] [ERROR] [1791264830.190926349] [bw_dr03_decoded_serial_node]: Serial error: [Errno 5] Input/output error
[decoded_serial_node-3] [ERROR] [1791264830.196693170] [bw_dr03_decoded_serial_node]: Serial error: [Errno 5] Input/output error
[decoded_serial_node-3] [ERROR] [1791264830.200946156] [bw_dr03_decoded_serial_node]: Serial error: [Errno 5] Input/output error
[decoded_serial_node-3] [ERROR] [1791264830.205915097] [bw_dr03_decoded_serial_node]: Serial error: [Errno 5] Input/output error
[decoded_serial_node-3] [ERROR] [1791264830.210923220] [bw_dr03_decoded_serial_node]: Serial error: [Errno 5] Input/output error
[decoded_serial_node-3] [ERROR] [1791264830.215930155] [bw_dr03_decoded_serial_node]: Serial error: [Errno 5] Input/output error
[decoded_serial_node-3] [ERROR] [1791264830.220945401] [bw_dr03_decoded_serial_node]: Serial error: [Errno 5] Input/output error
[decoded_serial_node-3] [ERROR] [1791264830.225914342] [bw_dr03_decoded_serial_node]: Serial error: [Errno 5] Input/output error
[decoded_serial_node-3] [ERROR] [1791264830.230941462] [bw_dr03_decoded_serial_node]: Serial error: [Errno 5] Input/output error
[decoded_serial_node-3] [ERROR] [1791264830.235931775] [bw_dr03_decoded_serial_node]: Serial error: [Errno 5] Input/output error
[decoded_serial_node-3] [ERROR] [1791264830.241801893] [bw_dr03_decoded_serial_node]: Serial error: [Errno 5] Input/output error
[decoded_serial_node-3] [ERROR] [1791264830.246174798] [bw_dr03_decoded_serial_node]: Serial error: [Errno 5] Input/output error
[decoded_serial_node-3] [ERROR] [1791264830.251213791] [bw_dr03_decoded_serial_node]: Serial error: [Errno 5] Input/output error
[decoded_serial_node-3] [ERROR] [1791264830.256923621] [bw_dr03_decoded_serial_node]: Serial error: [Errno 5] Input/output error
[decoded_serial_node-3] [ERROR] [1791264830.261188480] [bw_dr03_decoded_serial_node]: Serial error: [Errno 5] Input/output error
[decoded_serial_node-3] [ERROR] [1791264830.265997133] [bw_dr03_decoded_serial_node]: Serial error: [Errno 5] Input/output error
[decoded_serial_node-3] [ERROR] [1791264830.271256967] [bw_dr03_decoded_serial_node]: Serial error: [Errno 5] Input/output error
[decoded_serial_node-3] [ERROR] [1791264830.275916017] [bw_dr03_decoded_serial_node]: Serial error: [Errno 5] Input/output error
[decoded_serial_node-3] [ERROR] [1791264830.281346827] [bw_dr03_decoded_serial_node]: Serial error: [Errno 5] Input/output error
[decoded_serial_node-3] [ERROR] [1791264830.286904679] [bw_dr03_decoded_serial_node]: Serial error: [Errno 5] Input/output error
[decoded_serial_node-3] [ERROR] [1791264830.291047244] [bw_dr03_decoded_serial_node]: Serial error: [Errno 5] Input/output error
[decoded_serial_node-3] [ERROR] [1791264830.295946133] [bw_dr03_decoded_serial_node]: Serial error: [Errno 5] Input/output error
[decoded_serial_node-3] [ERROR] [1791264830.300912699] [bw_dr03_decoded_serial_node]: Serial error: [Errno 5] Input/output error
[decoded_serial_node-3] [ERROR] [1791264830.305918447] [bw_dr03_decoded_serial_node]: Serial error: [Errno 5] Input/output error
[decoded_serial_node-3] [ERROR] [1791264830.310953878] [bw_dr03_decoded_serial_node]: Serial error: [Errno 5] Input/output error
[decoded_serial_node-3] [ERROR] [1791264830.316186405] [bw_dr03_decoded_serial_node]: Serial error: [Errno 5] Input/output error
[decoded_serial_node-3] [ERROR] [1791264830.322128949] [bw_dr03_decoded_serial_node]: Serial error: [Errno 5] Input/output error
[decoded_serial_node-3] [ERROR] [1791264830.326346316] [bw_dr03_decoded_serial_node]: Serial error: [Errno 5] Input/output error
[decoded_serial_node-3] [ERROR] [1791264830.331770001] [bw_dr03_decoded_serial_node]: Serial error: [Errno 5] Input/output error
[decoded_serial_node-3] [ERROR] [1791264830.336290134] [bw_dr03_decoded_serial_node]: Serial error: [Errno 5] Input/output error
[decoded_serial_node-3] [ERROR] [1791264830.341498914] [bw_dr03_decoded_serial_node]: Serial error: [Errno 5] Input/output error
[decoded_serial_node-3] [ERROR] [1791264830.346459544] [bw_dr03_decoded_serial_node]: Serial error: [Errno 5] Input/output error
[decoded_serial_node-3] [ERROR] [1791264830.351194582] [bw_dr03_decoded_serial_node]: Serial error: [Errno 5] Input/output error
[decoded_serial_node-3] [INFO] [1791264830.354002598] [bw_dr03_decoded_serial_node]: RECEIVED /cmd_vel: linear.x=0.0, angular.z=0.0
[decoded_serial_node-3] [ERROR] [1791264830.356102970] [bw_dr03_decoded_serial_node]: Serial error: [Errno 5] Input/output error
[decoded_serial_node-3] [ERROR] [1791264830.361071911] [bw_dr03_decoded_serial_node]: Serial error: [Errno 5] Input/output error
[decoded_serial_node-3] [ERROR] [1791264830.365958927] [bw_dr03_decoded_serial_node]: Serial error: [Errno 5] Input/output error
[decoded_serial_node-3] [ERROR] [1791264830.371069159] [bw_dr03_decoded_serial_node]: Serial error: [Errno 5] Input/output error
[decoded_serial_node-3] [ERROR] [1791264830.375921742] [bw_dr03_decoded_serial_node]: Serial error: [Errno 5] Input/output error
[decoded_serial_node-3] [ERROR] [1791264830.380950049] [bw_dr03_decoded_serial_node]: Serial error: [Errno 5] Input/output error
[decoded_serial_node-3] [ERROR] [1791264830.385949861] [bw_dr03_decoded_serial_node]: Serial error: [Errno 5] Input/output error
[decoded_serial_node-3] [ERROR] [1791264830.390992416] [bw_dr03_decoded_serial_node]: Serial error: [Errno 5] Input/output error
[decoded_serial_node-3] [ERROR] [1791264830.395949483] [bw_dr03_decoded_serial_node]: Serial error: [Errno 5] Input/output error
[decoded_serial_node-3] [ERROR] [1791264830.400923173] [bw_dr03_decoded_serial_node]: Serial error: [Errno 5] Input/output error
[decoded_serial_node-3] [ERROR] [1791264830.406419285] [bw_dr03_decoded_serial_node]: Serial error: [Errno 5] Input/output error
[decoded_serial_node-3] [ERROR] [1791264830.410951292] [bw_dr03_decoded_serial_node]: Serial error: [Errno 5] Input/output error
[decoded_serial_node-3] [ERROR] [1791264830.415932106] [bw_dr03_decoded_serial_node]: Serial error: [Errno 5] Input/output error
[decoded_serial_node-3] [ERROR] [1791264830.420921231] [bw_dr03_decoded_serial_node]: Serial error: [Errno 5] Input/output error
[decoded_serial_node-3] [ERROR] [1791264830.425925792] [bw_dr03_decoded_serial_node]: Serial error: [Errno 5] Input/output error
[decoded_serial_node-3] [ERROR] [1791264830.430927978] [bw_dr03_decoded_serial_node]: Serial error: [Errno 5] Input/output error
[decoded_serial_node-3] [ERROR] [1791264830.435921853] [bw_dr03_decoded_serial_node]: Serial error: [Errno 5] Input/output error
[decoded_serial_node-3] [ERROR] [1791264830.440957284] [bw_dr03_decoded_serial_node]: Serial error: [Errno 5] Input/output error
[decoded_serial_node-3] [ERROR] [1791264830.445934536] [bw_dr03_decoded_serial_node]: Serial error: [Errno 5] Input/output error
[decoded_serial_node-3] [ERROR] [1791264830.450964030] [bw_dr03_decoded_serial_node]: Serial error: [Errno 5] Input/output error
[decoded_serial_node-3] [ERROR] [1791264830.456017271] [bw_dr03_decoded_serial_node]: Serial error: [Errno 5] Input/output error
[decoded_serial_node-3] [ERROR] [1791264830.460920909] [bw_dr03_decoded_serial_node]: Serial error: [Errno 5] Input/output error
[decoded_serial_node-3] [ERROR] [1791264830.465926657] [bw_dr03_decoded_serial_node]: Serial error: [Errno 5] Input/output error
[decoded_serial_node-3] [ERROR] [1791264830.470965650] [bw_dr03_decoded_serial_node]: Serial error: [Errno 5] Input/output error
[decoded_serial_node-3] [ERROR] [1791264830.475933404] [bw_dr03_decoded_serial_node]: Serial error: [Errno 5] Input/output error
[decoded_serial_node-3] [ERROR] [1791264830.481563683] [bw_dr03_decoded_serial_node]: Serial error: [Errno 5] Input/output error
[decoded_serial_node-3] [ERROR] [1791264830.485915216] [bw_dr03_decoded_serial_node]: Serial error: [Errno 5] Input/output error
[decoded_serial_node-3] [ERROR] [1791264830.490994578] [bw_dr03_decoded_serial_node]: Serial error: [Errno 5] Input/output error
[decoded_serial_node-3] [ERROR] [1791264830.495913652] [bw_dr03_decoded_serial_node]: Serial error: [Errno 5] Input/output error
[decoded_serial_node-3] [ERROR] [1791264830.500958581] [bw_dr03_decoded_serial_node]: Serial error: [Errno 5] Input/output error
[decoded_serial_node-3] [ERROR] [1791264830.506123430] [bw_dr03_decoded_serial_node]: Serial error: [Errno 5] Input/output error
[decoded_serial_node-3] [ERROR] [1791264830.510919022] [bw_dr03_decoded_serial_node]: Serial error: [Errno 5] Input/output error
[decoded_serial_node-3] [ERROR] [1791264830.515950891] [bw_dr03_decoded_serial_node]: Serial error: [Errno 5] Input/output error
[decoded_serial_node-3] [ERROR] [1791264830.520922207] [bw_dr03_decoded_serial_node]: Serial error: [Errno 5] Input/output error
[decoded_serial_node-3] [ERROR] [1791264830.525939828] [bw_dr03_decoded_serial_node]: Serial error: [Errno 5] Input/output error
[decoded_serial_node-3] [ERROR] [1791264830.531472747] [bw_dr03_decoded_serial_node]: Serial error: [Errno 5] Input/output error
[decoded_serial_node-3] [ERROR] [1791264830.536032062] [bw_dr03_decoded_serial_node]: Serial error: [Errno 5] Input/output error
[decoded_serial_node-3] [ERROR] [1791264830.541512738] [bw_dr03_decoded_serial_node]: Serial error: [Errno 5] Input/output error
[decoded_serial_node-3] [ERROR] [1791264830.545927200] [bw_dr03_decoded_serial_node]: Serial error: [Errno 5] Input/output error
[decoded_serial_node-3] [ERROR] [1791264830.551458931] [bw_dr03_decoded_serial_node]: Serial error: [Errno 5] Input/output error
[decoded_serial_node-3] [INFO] [1791264830.554288319] [bw_dr03_decoded_serial_node]: RECEIVED /cmd_vel: linear.x=0.0, angular.z=0.0
[decoded_serial_node-3] [ERROR] [1791264830.555986189] [bw_dr03_decoded_serial_node]: Serial error: [Errno 5] Input/output error
[decoded_serial_node-3] [ERROR] [1791264830.560919510] [bw_dr03_decoded_serial_node]: Serial error: [Errno 5] Input/output error
[decoded_serial_node-3] [ERROR] [1791264830.566154411] [bw_dr03_decoded_serial_node]: Serial error: [Errno 5] Input/output error
[follow_planner-6] [INFO] [1791264830.566965352] [follow_planner_node]: [IDLE] disabled | d=- goc=- | v=0.000 w=0.000 | thoang=-
[decoded_serial_node-3] [ERROR] [1791264830.571580471] [bw_dr03_decoded_serial_node]: Serial error: [Errno 5] Input/output error
[decoded_serial_node-3] [ERROR] [1791264830.575922506] [bw_dr03_decoded_serial_node]: Serial error: [Errno 5] Input/output error
[decoded_serial_node-3] [ERROR] [1791264830.580994744] [bw_dr03_decoded_serial_node]: Serial error: [Errno 5] Input/output error
[decoded_serial_node-3] [ERROR] [1791264830.586211835] [bw_dr03_decoded_serial_node]: Serial error: [Errno 5] Input/output error
[decoded_serial_node-3] [ERROR] [1791264830.590924315] [bw_dr03_decoded_serial_node]: Serial error: [Errno 5] Input/output error
[decoded_serial_node-3] [ERROR] [1791264830.595965682] [bw_dr03_decoded_serial_node]: Serial error: [Errno 5] Input/output error
[decoded_serial_node-3] [ERROR] [1791264830.601123407] [bw_dr03_decoded_serial_node]: Serial error: [Errno 5] Input/output error
[decoded_serial_node-3] [ERROR] [1791264830.606378493] [bw_dr03_decoded_serial_node]: Serial error: [Errno 5] Input/output error
[decoded_serial_node-3] [ERROR] [1791264830.610929496] [bw_dr03_decoded_serial_node]: Serial error: [Errno 5] Input/output error
[decoded_serial_node-3] [ERROR] [1791264830.615944743] [bw_dr03_decoded_serial_node]: Serial error: [Errno 5] Input/output error
[decoded_serial_node-3] [ERROR] [1791264830.620906560] [bw_dr03_decoded_serial_node]: Serial error: [Errno 5] Input/output error
[decoded_serial_node-3] [ERROR] [1791264830.625922994] [bw_dr03_decoded_serial_node]: Serial error: [Errno 5] Input/output error
[decoded_serial_node-3] [ERROR] [1791264830.630947739] [bw_dr03_decoded_serial_node]: Serial error: [Errno 5] Input/output error
[decoded_serial_node-3] [ERROR] [1791264830.635930928] [bw_dr03_decoded_serial_node]: Serial error: [Errno 5] Input/output error
[decoded_serial_node-3] [ERROR] [1791264830.640902243] [bw_dr03_decoded_serial_node]: Serial error: [Errno 5] Input/output error
[decoded_serial_node-3] [ERROR] [1791264830.646004164] [bw_dr03_decoded_serial_node]: Serial error: [Errno 5] Input/output error
[decoded_serial_node-3] [ERROR] [1791264830.650938673] [bw_dr03_decoded_serial_node]: Serial error: [Errno 5] Input/output error
[decoded_serial_node-3] [ERROR] [1791264830.655918300] [bw_dr03_decoded_serial_node]: Serial error: [Errno 5] Input/output error
[decoded_serial_node-3] [ERROR] [1791264830.661024970] [bw_dr03_decoded_serial_node]: Serial error: [Errno 5] Input/output error
[decoded_serial_node-3] [ERROR] [1791264830.665928608] [bw_dr03_decoded_serial_node]: Serial error: [Errno 5] Input/output error
[decoded_serial_node-3] [ERROR] [1791264830.670935543] [bw_dr03_decoded_serial_node]: Serial error: [Errno 5] Input/output error
[decoded_serial_node-3] [ERROR] [1791264830.675919920] [bw_dr03_decoded_serial_node]: Serial error: [Errno 5] Input/output error
[decoded_serial_node-3] [ERROR] [1791264830.681059835] [bw_dr03_decoded_serial_node]: Serial error: [Errno 5] Input/output error
[decoded_serial_node-3] [ERROR] [1791264830.685926666] [bw_dr03_decoded_serial_node]: Serial error: [Errno 5] Input/output error
[decoded_serial_node-3] [ERROR] [1791264830.691244680] [bw_dr03_decoded_serial_node]: Serial error: [Errno 5] Input/output error
[decoded_serial_node-3] [ERROR] [1791264830.696707546] [bw_dr03_decoded_serial_node]: Serial error: [Errno 5] Input/output error
[decoded_serial_node-3] [ERROR] [1791264830.700936786] [bw_dr03_decoded_serial_node]: Serial error: [Errno 5] Input/output error
[decoded_serial_node-3] [ERROR] [1791264830.705925911] [bw_dr03_decoded_serial_node]: Serial error: [Errno 5] Input/output error
[decoded_serial_node-3] [ERROR] [1791264830.711217804] [bw_dr03_decoded_serial_node]: Serial error: [Errno 5] Input/output error
[decoded_serial_node-3] [ERROR] [1791264830.715936220] [bw_dr03_decoded_serial_node]: Serial error: [Errno 5] Input/output error
[decoded_serial_node-3] [ERROR] [1791264830.720958590] [bw_dr03_decoded_serial_node]: Serial error: [Errno 5] Input/output error
[decoded_serial_node-3] [ERROR] [1791264830.725923969] [bw_dr03_decoded_serial_node]: Serial error: [Errno 5] Input/output error
[decoded_serial_node-3] [ERROR] [1791264830.731667044] [bw_dr03_decoded_serial_node]: Serial error: [Errno 5] Input/output error
[decoded_serial_node-3] [ERROR] [1791264830.735965148] [bw_dr03_decoded_serial_node]: Serial error: [Errno 5] Input/output error
[decoded_serial_node-3] [ERROR] [1791264830.741011265] [bw_dr03_decoded_serial_node]: Serial error: [Errno 5] Input/output error
[decoded_serial_node-3] [ERROR] [1791264830.745962396] [bw_dr03_decoded_serial_node]: Serial error: [Errno 5] Input/output error
[decoded_serial_node-3] [ERROR] [1791264830.751006138] [bw_dr03_decoded_serial_node]: Serial error: [Errno 5] Input/output error
[decoded_serial_node-3] [ERROR] [1791264830.755918088] [bw_dr03_decoded_serial_node]: Serial error: [Errno 5] Input/output error
[decoded_serial_node-3] [INFO] [1791264830.757493664] [bw_dr03_decoded_serial_node]: RECEIVED /cmd_vel: linear.x=0.0, angular.z=0.0
[decoded_serial_node-3] [ERROR] [1791264830.760919086] [bw_dr03_decoded_serial_node]: Serial error: [Errno 5] Input/output error
[decoded_serial_node-3] [ERROR] [1791264830.766215728] [bw_dr03_decoded_serial_node]: Serial error: [Errno 5] Input/output error
[decoded_serial_node-3] [ERROR] [1791264830.770913960] [bw_dr03_decoded_serial_node]: Serial error: [Errno 5] Input/output error
[decoded_serial_node-3] [ERROR] [1791264830.775993322] [bw_dr03_decoded_serial_node]: Serial error: [Errno 5] Input/output error
[decoded_serial_node-3] [ERROR] [1791264830.780989571] [bw_dr03_decoded_serial_node]: Serial error: [Errno 5] Input/output error
[decoded_serial_node-3] [ERROR] [1791264830.785921705] [bw_dr03_decoded_serial_node]: Serial error: [Errno 5] Input/output error
[decoded_serial_node-3] [ERROR] [1791264830.790942888] [bw_dr03_decoded_serial_node]: Serial error: [Errno 5] Input/output error
[decoded_serial_node-3] [ERROR] [1791264830.795927264] [bw_dr03_decoded_serial_node]: Serial error: [Errno 5] Input/output error
[decoded_serial_node-3] [ERROR] [1791264830.800908078] [bw_dr03_decoded_serial_node]: Serial error: [Errno 5] Input/output error
[decoded_serial_node-3] [ERROR] [1791264830.806034933] [bw_dr03_decoded_serial_node]: Serial error: [Errno 5] Input/output error
[decoded_serial_node-3] [ERROR] [1791264830.810938571] [bw_dr03_decoded_serial_node]: Serial error: [Errno 5] Input/output error
[decoded_serial_node-3] [ERROR] [1791264830.816095109] [bw_dr03_decoded_serial_node]: Serial error: [Errno 5] Input/output error
[decoded_serial_node-3] [ERROR] [1791264830.820926321] [bw_dr03_decoded_serial_node]: Serial error: [Errno 5] Input/output error
[decoded_serial_node-3] [ERROR] [1791264830.825958190] [bw_dr03_decoded_serial_node]: Serial error: [Errno 5] Input/output error
[decoded_serial_node-3] [ERROR] [1791264830.830903384] [bw_dr03_decoded_serial_node]: Serial error: [Errno 5] Input/output error
[decoded_serial_node-3] [ERROR] [1791264830.836015991] [bw_dr03_decoded_serial_node]: Serial error: [Errno 5] Input/output error
[decoded_serial_node-3] [ERROR] [1791264830.841084667] [bw_dr03_decoded_serial_node]: Serial error: [Errno 5] Input/output error
[decoded_serial_node-3] [ERROR] [1791264830.845985931] [bw_dr03_decoded_serial_node]: Serial error: [Errno 5] Input/output error
[decoded_serial_node-3] [ERROR] [1791264830.850897880] [bw_dr03_decoded_serial_node]: Serial error: [Errno 5] Input/output error
[decoded_serial_node-3] [ERROR] [1791264830.856870108] [bw_dr03_decoded_serial_node]: Serial error: [Errno 5] Input/output error
[decoded_serial_node-3] [ERROR] [1791264830.860936684] [bw_dr03_decoded_serial_node]: Serial error: [Errno 5] Input/output error
[decoded_serial_node-3] [ERROR] [1791264830.866080162] [bw_dr03_decoded_serial_node]: Serial error: [Errno 5] Input/output error
[decoded_serial_node-3] [ERROR] [1791264830.871022982] [bw_dr03_decoded_serial_node]: Serial error: [Errno 5] Input/output error
[decoded_serial_node-3] [ERROR] [1791264830.875931369] [bw_dr03_decoded_serial_node]: Serial error: [Errno 5] Input/output error
[decoded_serial_node-3] [ERROR] [1791264830.880913371] [bw_dr03_decoded_serial_node]: Serial error: [Errno 5] Input/output error
[decoded_serial_node-3] [ERROR] [1791264830.886282439] [bw_dr03_decoded_serial_node]: Serial error: [Errno 5] Input/output error
[decoded_serial_node-3] [ERROR] [1791264830.890950988] [bw_dr03_decoded_serial_node]: Serial error: [Errno 5] Input/output error
[decoded_serial_node-3] [ERROR] [1791264830.895897369] [bw_dr03_decoded_serial_node]: Serial error: [Errno 5] Input/output error
[decoded_serial_node-3] [ERROR] [1791264830.901050345] [bw_dr03_decoded_serial_node]: Serial error: [Errno 5] Input/output error
[decoded_serial_node-3] [ERROR] [1791264830.906395667] [bw_dr03_decoded_serial_node]: Serial error: [Errno 5] Input/output error
[decoded_serial_node-3] [ERROR] [1791264830.910927674] [bw_dr03_decoded_serial_node]: Serial error: [Errno 5] Input/output error
[decoded_serial_node-3] [ERROR] [1791264830.915932234] [bw_dr03_decoded_serial_node]: Serial error: [Errno 5] Input/output error
[decoded_serial_node-3] [ERROR] [1791264830.921011596] [bw_dr03_decoded_serial_node]: Serial error: [Errno 5] Input/output error
[decoded_serial_node-3] [ERROR] [1791264830.926009033] [bw_dr03_decoded_serial_node]: Serial error: [Errno 5] Input/output error
[decoded_serial_node-3] [ERROR] [1791264830.930996971] [bw_dr03_decoded_serial_node]: Serial error: [Errno 5] Input/output error
[decoded_serial_node-3] [ERROR] [1791264830.935927918] [bw_dr03_decoded_serial_node]: Serial error: [Errno 5] Input/output error
[decoded_serial_node-3] [ERROR] [1791264830.940956225] [bw_dr03_decoded_serial_node]: Serial error: [Errno 5] Input/output error
[decoded_serial_node-3] [ERROR] [1791264830.945920416] [bw_dr03_decoded_serial_node]: Serial error: [Errno 5] Input/output error
[decoded_serial_node-3] [ERROR] [1791264830.950919040] [bw_dr03_decoded_serial_node]: Serial error: [Errno 5] Input/output error
[decoded_serial_node-3] [ERROR] [1791264830.956011463] [bw_dr03_decoded_serial_node]: Serial error: [Errno 5] Input/output error
[decoded_serial_node-3] [INFO] [1791264830.959699284] [bw_dr03_decoded_serial_node]: RECEIVED /cmd_vel: linear.x=0.0, angular.z=0.0
[decoded_serial_node-3] [ERROR] [1791264830.961184623] [bw_dr03_decoded_serial_node]: Serial error: [Errno 5] Input/output error
[decoded_serial_node-3] [ERROR] [1791264830.965949345] [bw_dr03_decoded_serial_node]: Serial error: [Errno 5] Input/output error
[decoded_serial_node-3] [ERROR] [1791264830.970927784] [bw_dr03_decoded_serial_node]: Serial error: [Errno 5] Input/output error
[decoded_serial_node-3] [ERROR] [1791264830.976237486] [bw_dr03_decoded_serial_node]: Serial error: [Errno 5] Input/output error
[decoded_serial_node-3] [ERROR] [1791264830.980948778] [bw_dr03_decoded_serial_node]: Serial error: [Errno 5] Input/output error
[decoded_serial_node-3] [ERROR] [1791264830.985954526] [bw_dr03_decoded_serial_node]: Serial error: [Errno 5] Input/output error
[decoded_serial_node-3] [ERROR] [1791264830.990928217] [bw_dr03_decoded_serial_node]: Serial error: [Errno 5] Input/output error
[decoded_serial_node-3] [ERROR] [1791264830.995919717] [bw_dr03_decoded_serial_node]: Serial error: [Errno 5] Input/output error
[decoded_serial_node-3] [ERROR] [1791264831.000938525] [bw_dr03_decoded_serial_node]: Serial error: [Errno 5] Input/output error
[decoded_serial_node-3] [ERROR] [1791264831.005919339] [bw_dr03_decoded_serial_node]: Serial error: [Errno 5] Input/output error
[decoded_serial_node-3] [ERROR] [1791264831.011027197] [bw_dr03_decoded_serial_node]: Serial error: [Errno 5] Input/output error
[decoded_serial_node-3] [ERROR] [1791264831.017036231] [bw_dr03_decoded_serial_node]: Serial error: [Errno 5] Input/output error
[decoded_serial_node-3] [ERROR] [1791264831.020957955] [bw_dr03_decoded_serial_node]: Serial error: [Errno 5] Input/output error
[decoded_serial_node-3] [ERROR] [1791264831.025912648] [bw_dr03_decoded_serial_node]: Serial error: [Errno 5] Input/output error
[decoded_serial_node-3] [ERROR] [1791264831.030894649] [bw_dr03_decoded_serial_node]: Serial error: [Errno 5] Input/output error
[decoded_serial_node-3] [ERROR] [1791264831.035940766] [bw_dr03_decoded_serial_node]: Serial error: [Errno 5] Input/output error
[decoded_serial_node-3] [ERROR] [1791264831.040957200] [bw_dr03_decoded_serial_node]: Serial error: [Errno 5] Input/output error
[decoded_serial_node-3] [ERROR] [1791264831.046136296] [bw_dr03_decoded_serial_node]: Serial error: [Errno 5] Input/output error
[decoded_serial_node-3] [ERROR] [1791264831.050992442] [bw_dr03_decoded_serial_node]: Serial error: [Errno 5] Input/output error
[decoded_serial_node-3] [ERROR] [1791264831.055922201] [bw_dr03_decoded_serial_node]: Serial error: [Errno 5] Input/output error
[decoded_serial_node-3] [ERROR] [1791264831.060918450] [bw_dr03_decoded_serial_node]: Serial error: [Errno 5] Input/output error
[decoded_serial_node-3] [ERROR] [1791264831.066188971] [bw_dr03_decoded_serial_node]: Serial error: [Errno 5] Input/output error
[decoded_serial_node-3] [ERROR] [1791264831.070943006] [bw_dr03_decoded_serial_node]: Serial error: [Errno 5] Input/output error
[decoded_serial_node-3] [ERROR] [1791264831.076050864] [bw_dr03_decoded_serial_node]: Serial error: [Errno 5] Input/output error
[decoded_serial_node-3] [ERROR] [1791264831.080966375] [bw_dr03_decoded_serial_node]: Serial error: [Errno 5] Input/output error
[decoded_serial_node-3] [ERROR] [1791264831.085906820] [bw_dr03_decoded_serial_node]: Serial error: [Errno 5] Input/output error
[decoded_serial_node-3] [ERROR] [1791264831.090935127] [bw_dr03_decoded_serial_node]: Serial error: [Errno 5] Input/output error
[decoded_serial_node-3] [ERROR] [1791264831.096229394] [bw_dr03_decoded_serial_node]: Serial error: [Errno 5] Input/output error
[decoded_serial_node-3] [ERROR] [1791264831.100902692] [bw_dr03_decoded_serial_node]: Serial error: [Errno 5] Input/output error
[decoded_serial_node-3] [ERROR] [1791264831.105906065] [bw_dr03_decoded_serial_node]: Serial error: [Errno 5] Input/output error
[decoded_serial_node-3] [ERROR] [1791264831.110947433] [bw_dr03_decoded_serial_node]: Serial error: [Errno 5] Input/output error
[decoded_serial_node-3] [ERROR] [1791264831.115910437] [bw_dr03_decoded_serial_node]: Serial error: [Errno 5] Input/output error
[decoded_serial_node-3] [ERROR] [1791264831.120916185] [bw_dr03_decoded_serial_node]: Serial error: [Errno 5] Input/output error
[decoded_serial_node-3] [ERROR] [1791264831.125906498] [bw_dr03_decoded_serial_node]: Serial error: [Errno 5] Input/output error
[decoded_serial_node-3] [ERROR] [1791264831.130909871] [bw_dr03_decoded_serial_node]: Serial error: [Errno 5] Input/output error
[decoded_serial_node-3] [ERROR] [1791264831.135931054] [bw_dr03_decoded_serial_node]: Serial error: [Errno 5] Input/output error
[decoded_serial_node-3] [ERROR] [1791264831.141554209] [bw_dr03_decoded_serial_node]: Serial error: [Errno 5] Input/output error
[decoded_serial_node-3] [ERROR] [1791264831.145924740] [bw_dr03_decoded_serial_node]: Serial error: [Errno 5] Input/output error
[decoded_serial_node-3] [ERROR] [1791264831.150943548] [bw_dr03_decoded_serial_node]: Serial error: [Errno 5] Input/output error
[decoded_serial_node-3] [ERROR] [1791264831.155910114] [bw_dr03_decoded_serial_node]: Serial error: [Errno 5] Input/output error
[decoded_serial_node-3] [ERROR] [1791264831.160918237] [bw_dr03_decoded_serial_node]: Serial error: [Errno 5] Input/output error
[decoded_serial_node-3] [INFO] [1791264831.162495000] [bw_dr03_decoded_serial_node]: RECEIVED /cmd_vel: linear.x=0.0, angular.z=0.0
[decoded_serial_node-3] [ERROR] [1791264831.165937045] [bw_dr03_decoded_serial_node]: Serial error: [Errno 5] Input/output error
[decoded_serial_node-3] [ERROR] [1791264831.171009283] [bw_dr03_decoded_serial_node]: Serial error: [Errno 5] Input/output error
[decoded_serial_node-3] [ERROR] [1791264831.176494709] [bw_dr03_decoded_serial_node]: Serial error: [Errno 5] Input/output error
[decoded_serial_node-3] [ERROR] [1791264831.180917482] [bw_dr03_decoded_serial_node]: Serial error: [Errno 5] Input/output error
[decoded_serial_node-3] [ERROR] [1791264831.185936290] [bw_dr03_decoded_serial_node]: Serial error: [Errno 5] Input/output error
[decoded_serial_node-3] [ERROR] [1791264831.190953911] [bw_dr03_decoded_serial_node]: Serial error: [Errno 5] Input/output error
[decoded_serial_node-3] [ERROR] [1791264831.195924039] [bw_dr03_decoded_serial_node]: Serial error: [Errno 5] Input/output error
[decoded_serial_node-3] [ERROR] [1791264831.200958283] [bw_dr03_decoded_serial_node]: Serial error: [Errno 5] Input/output error
[decoded_serial_node-3] [ERROR] [1791264831.205939097] [bw_dr03_decoded_serial_node]: Serial error: [Errno 5] Input/output error
[decoded_serial_node-3] [ERROR] [1791264831.210929410] [bw_dr03_decoded_serial_node]: Serial error: [Errno 5] Input/output error
[decoded_serial_node-3] [ERROR] [1791264831.215952967] [bw_dr03_decoded_serial_node]: Serial error: [Errno 5] Input/output error
[decoded_serial_node-3] [ERROR] [1791264831.220908848] [bw_dr03_decoded_serial_node]: Serial error: [Errno 5] Input/output error
[decoded_serial_node-3] [ERROR] [1791264831.226029766] [bw_dr03_decoded_serial_node]: Serial error: [Errno 5] Input/output error
[decoded_serial_node-3] [ERROR] [1791264831.230923905] [bw_dr03_decoded_serial_node]: Serial error: [Errno 5] Input/output error
[decoded_serial_node-3] [ERROR] [1791264831.235920155] [bw_dr03_decoded_serial_node]: Serial error: [Errno 5] Input/output error
[decoded_serial_node-3] [ERROR] [1791264831.240994767] [bw_dr03_decoded_serial_node]: Serial error: [Errno 5] Input/output error
[decoded_serial_node-3] [ERROR] [1791264831.245924527] [bw_dr03_decoded_serial_node]: Serial error: [Errno 5] Input/output error
[decoded_serial_node-3] [ERROR] [1791264831.251025260] [bw_dr03_decoded_serial_node]: Serial error: [Errno 5] Input/output error
[decoded_serial_node-3] [ERROR] [1791264831.255918212] [bw_dr03_decoded_serial_node]: Serial error: [Errno 5] Input/output error
[decoded_serial_node-3] [ERROR] [1791264831.261674347] [bw_dr03_decoded_serial_node]: Serial error: [Errno 5] Input/output error
[decoded_serial_node-3] [ERROR] [1791264831.266289467] [bw_dr03_decoded_serial_node]: Serial error: [Errno 5] Input/output error
[decoded_serial_node-3] [ERROR] [1791264831.271258407] [bw_dr03_decoded_serial_node]: Serial error: [Errno 5] Input/output error
[decoded_serial_node-3] [ERROR] [1791264831.275924581] [bw_dr03_decoded_serial_node]: Serial error: [Errno 5] Input/output error
[decoded_serial_node-3] [ERROR] [1791264831.280931516] [bw_dr03_decoded_serial_node]: Serial error: [Errno 5] Input/output error
[decoded_serial_node-3] [ERROR] [1791264831.286044123] [bw_dr03_decoded_serial_node]: Serial error: [Errno 5] Input/output error
[decoded_serial_node-3] [ERROR] [1791264831.290953698] [bw_dr03_decoded_serial_node]: Serial error: [Errno 5] Input/output error
[decoded_serial_node-3] [ERROR] [1791264831.295916702] [bw_dr03_decoded_serial_node]: Serial error: [Errno 5] Input/output error
[decoded_serial_node-3] [ERROR] [1791264831.300937885] [bw_dr03_decoded_serial_node]: Serial error: [Errno 5] Input/output error
[decoded_serial_node-3] [ERROR] [1791264831.305909201] [bw_dr03_decoded_serial_node]: Serial error: [Errno 5] Input/output error
[decoded_serial_node-3] [ERROR] [1791264831.310955318] [bw_dr03_decoded_serial_node]: Serial error: [Errno 5] Input/output error
[decoded_serial_node-3] [ERROR] [1791264831.316187844] [bw_dr03_decoded_serial_node]: Serial error: [Errno 5] Input/output error
[decoded_serial_node-3] [ERROR] [1791264831.320931194] [bw_dr03_decoded_serial_node]: Serial error: [Errno 5] Input/output error
[decoded_serial_node-3] [ERROR] [1791264831.325927443] [bw_dr03_decoded_serial_node]: Serial error: [Errno 5] Input/output error
[decoded_serial_node-3] [ERROR] [1791264831.330947439] [bw_dr03_decoded_serial_node]: Serial error: [Errno 5] Input/output error
[decoded_serial_node-3] [ERROR] [1791264831.335924691] [bw_dr03_decoded_serial_node]: Serial error: [Errno 5] Input/output error
[decoded_serial_node-3] [ERROR] [1791264831.340960122] [bw_dr03_decoded_serial_node]: Serial error: [Errno 5] Input/output error
[decoded_serial_node-3] [ERROR] [1791264831.345916002] [bw_dr03_decoded_serial_node]: Serial error: [Errno 5] Input/output error
[decoded_serial_node-3] [ERROR] [1791264831.351013174] [bw_dr03_decoded_serial_node]: Serial error: [Errno 5] Input/output error
[decoded_serial_node-3] [ERROR] [1791264831.355919186] [bw_dr03_decoded_serial_node]: Serial error: [Errno 5] Input/output error
[decoded_serial_node-3] [ERROR] [1791264831.360947493] [bw_dr03_decoded_serial_node]: Serial error: [Errno 5] Input/output error
[decoded_serial_node-3] [INFO] [1791264831.363825561] [bw_dr03_decoded_serial_node]: RECEIVED /cmd_vel: linear.x=0.0, angular.z=0.0
[decoded_serial_node-3] [ERROR] [1791264831.365991236] [bw_dr03_decoded_serial_node]: Serial error: [Errno 5] Input/output error
[decoded_serial_node-3] [ERROR] [1791264831.370969675] [bw_dr03_decoded_serial_node]: Serial error: [Errno 5] Input/output error
[decoded_serial_node-3] [ERROR] [1791264831.376020541] [bw_dr03_decoded_serial_node]: Serial error: [Errno 5] Input/output error
[decoded_serial_node-3] [ERROR] [1791264831.381006104] [bw_dr03_decoded_serial_node]: Serial error: [Errno 5] Input/output error
[decoded_serial_node-3] [ERROR] [1791264831.385926365] [bw_dr03_decoded_serial_node]: Serial error: [Errno 5] Input/output error
[decoded_serial_node-3] [ERROR] [1791264831.390921427] [bw_dr03_decoded_serial_node]: Serial error: [Errno 5] Input/output error
[decoded_serial_node-3] [ERROR] [1791264831.395910552] [bw_dr03_decoded_serial_node]: Serial error: [Errno 5] Input/output error
[decoded_serial_node-3] [ERROR] [1791264831.400919862] [bw_dr03_decoded_serial_node]: Serial error: [Errno 5] Input/output error
[decoded_serial_node-3] [ERROR] [1791264831.405907800] [bw_dr03_decoded_serial_node]: Serial error: [Errno 5] Input/output error
[decoded_serial_node-3] [ERROR] [1791264831.410914735] [bw_dr03_decoded_serial_node]: Serial error: [Errno 5] Input/output error
[decoded_serial_node-3] [ERROR] [1791264831.415918109] [bw_dr03_decoded_serial_node]: Serial error: [Errno 5] Input/output error
[decoded_serial_node-3] [ERROR] [1791264831.420948790] [bw_dr03_decoded_serial_node]: Serial error: [Errno 5] Input/output error
[decoded_serial_node-3] [ERROR] [1791264831.425912982] [bw_dr03_decoded_serial_node]: Serial error: [Errno 5] Input/output error
[decoded_serial_node-3] [ERROR] [1791264831.430928228] [bw_dr03_decoded_serial_node]: Serial error: [Errno 5] Input/output error
[decoded_serial_node-3] [ERROR] [1791264831.435909042] [bw_dr03_decoded_serial_node]: Serial error: [Errno 5] Input/output error
[decoded_serial_node-3] [ERROR] [1791264831.440924289] [bw_dr03_decoded_serial_node]: Serial error: [Errno 5] Input/output error
[decoded_serial_node-3] [ERROR] [1791264831.445951408] [bw_dr03_decoded_serial_node]: Serial error: [Errno 5] Input/output error
[decoded_serial_node-3] [ERROR] [1791264831.451008211] [bw_dr03_decoded_serial_node]: Serial error: [Errno 5] Input/output error
[decoded_serial_node-3] [ERROR] [1791264831.455935596] [bw_dr03_decoded_serial_node]: Serial error: [Errno 5] Input/output error
[decoded_serial_node-3] [ERROR] [1791264831.460908098] [bw_dr03_decoded_serial_node]: Serial error: [Errno 5] Input/output error
[decoded_serial_node-3] [ERROR] [1791264831.465939967] [bw_dr03_decoded_serial_node]: Serial error: [Errno 5] Input/output error
[decoded_serial_node-3] [ERROR] [1791264831.470962338] [bw_dr03_decoded_serial_node]: Serial error: [Errno 5] Input/output error
[decoded_serial_node-3] [ERROR] [1791264831.475913469] [bw_dr03_decoded_serial_node]: Serial error: [Errno 5] Input/output error
[decoded_serial_node-3] [ERROR] [1791264831.480913280] [bw_dr03_decoded_serial_node]: Serial error: [Errno 5] Input/output error
[decoded_serial_node-3] [ERROR] [1791264831.485924965] [bw_dr03_decoded_serial_node]: Serial error: [Errno 5] Input/output error
[decoded_serial_node-3] [ERROR] [1791264831.490931900] [bw_dr03_decoded_serial_node]: Serial error: [Errno 5] Input/output error
[decoded_serial_node-3] [ERROR] [1791264831.495943584] [bw_dr03_decoded_serial_node]: Serial error: [Errno 5] Input/output error
[decoded_serial_node-3] [ERROR] [1791264831.500900652] [bw_dr03_decoded_serial_node]: Serial error: [Errno 5] Input/output error
[decoded_serial_node-3] [ERROR] [1791264831.505913524] [bw_dr03_decoded_serial_node]: Serial error: [Errno 5] Input/output error
[decoded_serial_node-3] [ERROR] [1791264831.511074811] [bw_dr03_decoded_serial_node]: Serial error: [Errno 5] Input/output error
[decoded_serial_node-3] [ERROR] [1791264831.515929769] [bw_dr03_decoded_serial_node]: Serial error: [Errno 5] Input/output error
[decoded_serial_node-3] [ERROR] [1791264831.520914145] [bw_dr03_decoded_serial_node]: Serial error: [Errno 5] Input/output error
[decoded_serial_node-3] [ERROR] [1791264831.526006567] [bw_dr03_decoded_serial_node]: Serial error: [Errno 5] Input/output error
[decoded_serial_node-3] [ERROR] [1791264831.530918516] [bw_dr03_decoded_serial_node]: Serial error: [Errno 5] Input/output error
[decoded_serial_node-3] [ERROR] [1791264831.535953947] [bw_dr03_decoded_serial_node]: Serial error: [Errno 5] Input/output error
[decoded_serial_node-3] [ERROR] [1791264831.540947822] [bw_dr03_decoded_serial_node]: Serial error: [Errno 5] Input/output error
[decoded_serial_node-3] [ERROR] [1791264831.545921512] [bw_dr03_decoded_serial_node]: Serial error: [Errno 5] Input/output error
[decoded_serial_node-3] [ERROR] [1791264831.550921323] [bw_dr03_decoded_serial_node]: Serial error: [Errno 5] Input/output error
[decoded_serial_node-3] [ERROR] [1791264831.555904512] [bw_dr03_decoded_serial_node]: Serial error: [Errno 5] Input/output error
[decoded_serial_node-3] [ERROR] [1791264831.560926882] [bw_dr03_decoded_serial_node]: Serial error: [Errno 5] Input/output error
[decoded_serial_node-3] [INFO] [1791264831.563866691] [bw_dr03_decoded_serial_node]: RECEIVED /cmd_vel: linear.x=0.0, angular.z=0.0
[decoded_serial_node-3] [ERROR] [1791264831.566138037] [bw_dr03_decoded_serial_node]: Serial error: [Errno 5] Input/output error
[decoded_serial_node-3] [ERROR] [1791264831.570913444] [bw_dr03_decoded_serial_node]: Serial error: [Errno 5] Input/output error
[decoded_serial_node-3] [ERROR] [1791264831.575923941] [bw_dr03_decoded_serial_node]: Serial error: [Errno 5] Input/output error
[decoded_serial_node-3] [ERROR] [1791264831.580953436] [bw_dr03_decoded_serial_node]: Serial error: [Errno 5] Input/output error
[decoded_serial_node-3] [ERROR] [1791264831.585930688] [bw_dr03_decoded_serial_node]: Serial error: [Errno 5] Input/output error
[decoded_serial_node-3] [ERROR] [1791264831.590929312] [bw_dr03_decoded_serial_node]: Serial error: [Errno 5] Input/output error
[decoded_serial_node-3] [ERROR] [1791264831.595929123] [bw_dr03_decoded_serial_node]: Serial error: [Errno 5] Input/output error
[decoded_serial_node-3] [ERROR] [1791264831.600919436] [bw_dr03_decoded_serial_node]: Serial error: [Errno 5] Input/output error
[decoded_serial_node-3] [ERROR] [1791264831.606065287] [bw_dr03_decoded_serial_node]: Serial error: [Errno 5] Input/output error
[decoded_serial_node-3] [ERROR] [1791264831.610913122] [bw_dr03_decoded_serial_node]: Serial error: [Errno 5] Input/output error
[decoded_serial_node-3] [ERROR] [1791264831.615936679] [bw_dr03_decoded_serial_node]: Serial error: [Errno 5] Input/output error
[decoded_serial_node-3] [ERROR] [1791264831.620861689] [bw_dr03_decoded_serial_node]: Serial error: [Errno 5] Input/output error
[decoded_serial_node-3] [ERROR] [1791264831.625916117] [bw_dr03_decoded_serial_node]: Serial error: [Errno 5] Input/output error
[decoded_serial_node-3] [ERROR] [1791264831.630933738] [bw_dr03_decoded_serial_node]: Serial error: [Errno 5] Input/output error
[follow_planner-6] [INFO] [1791264831.633390307] [follow_planner_node]: [IDLE] disabled | d=- goc=- | v=0.000 w=0.000 | thoang=-
[decoded_serial_node-3] [ERROR] [1791264831.635921676] [bw_dr03_decoded_serial_node]: Serial error: [Errno 5] Input/output error
[decoded_serial_node-3] [ERROR] [1791264831.640941672] [bw_dr03_decoded_serial_node]: Serial error: [Errno 5] Input/output error
[decoded_serial_node-3] [ERROR] [1791264831.646051904] [bw_dr03_decoded_serial_node]: Serial error: [Errno 5] Input/output error
[decoded_serial_node-3] [ERROR] [1791264831.651036280] [bw_dr03_decoded_serial_node]: Serial error: [Errno 5] Input/output error
[decoded_serial_node-3] [ERROR] [1791264831.655929232] [bw_dr03_decoded_serial_node]: Serial error: [Errno 5] Input/output error
[decoded_serial_node-3] [ERROR] [1791264831.660926669] [bw_dr03_decoded_serial_node]: Serial error: [Errno 5] Input/output error
[decoded_serial_node-3] [ERROR] [1791264831.665946665] [bw_dr03_decoded_serial_node]: Serial error: [Errno 5] Input/output error
[decoded_serial_node-3] [ERROR] [1791264831.670917980] [bw_dr03_decoded_serial_node]: Serial error: [Errno 5] Input/output error
[decoded_serial_node-3] [ERROR] [1791264831.676079267] [bw_dr03_decoded_serial_node]: Serial error: [Errno 5] Input/output error
[decoded_serial_node-3] [ERROR] [1791264831.680940162] [bw_dr03_decoded_serial_node]: Serial error: [Errno 5] Input/output error
[decoded_serial_node-3] [ERROR] [1791264831.685875858] [bw_dr03_decoded_serial_node]: Serial error: [Errno 5] Input/output error
[decoded_serial_node-3] [ERROR] [1791264831.690961156] [bw_dr03_decoded_serial_node]: Serial error: [Errno 5] Input/output error
[decoded_serial_node-3] [ERROR] [1791264831.695994212] [bw_dr03_decoded_serial_node]: Serial error: [Errno 5] Input/output error
[decoded_serial_node-3] [ERROR] [1791264831.700947718] [bw_dr03_decoded_serial_node]: Serial error: [Errno 5] Input/output error
[decoded_serial_node-3] [ERROR] [1791264831.705919034] [bw_dr03_decoded_serial_node]: Serial error: [Errno 5] Input/output error
[decoded_serial_node-3] [ERROR] [1791264831.710942591] [bw_dr03_decoded_serial_node]: Serial error: [Errno 5] Input/output error
[decoded_serial_node-3] [ERROR] [1791264831.715944777] [bw_dr03_decoded_serial_node]: Serial error: [Errno 5] Input/output error
[decoded_serial_node-3] [ERROR] [1791264831.721082318] [bw_dr03_decoded_serial_node]: Serial error: [Errno 5] Input/output error
[decoded_serial_node-3] [ERROR] [1791264831.725927777] [bw_dr03_decoded_serial_node]: Serial error: [Errno 5] Input/output error
[decoded_serial_node-3] [ERROR] [1791264831.730931150] [bw_dr03_decoded_serial_node]: Serial error: [Errno 5] Input/output error
[decoded_serial_node-3] [ERROR] [1791264831.735926212] [bw_dr03_decoded_serial_node]: Serial error: [Errno 5] Input/output error
[decoded_serial_node-3] [ERROR] [1791264831.740921274] [bw_dr03_decoded_serial_node]: Serial error: [Errno 5] Input/output error
[decoded_serial_node-3] [ERROR] [1791264831.745936521] [bw_dr03_decoded_serial_node]: Serial error: [Errno 5] Input/output error
[decoded_serial_node-3] [ERROR] [1791264831.750923271] [bw_dr03_decoded_serial_node]: Serial error: [Errno 5] Input/output error
[decoded_serial_node-3] [ERROR] [1791264831.755924270] [bw_dr03_decoded_serial_node]: Serial error: [Errno 5] Input/output error
[decoded_serial_node-3] [ERROR] [1791264831.760940704] [bw_dr03_decoded_serial_node]: Serial error: [Errno 5] Input/output error
[decoded_serial_node-3] [ERROR] [1791264831.766008192] [bw_dr03_decoded_serial_node]: Serial error: [Errno 5] Input/output error
[decoded_serial_node-3] [INFO] [1791264831.767682316] [bw_dr03_decoded_serial_node]: RECEIVED /cmd_vel: linear.x=0.0, angular.z=0.0
[decoded_serial_node-3] [ERROR] [1791264831.770989006] [bw_dr03_decoded_serial_node]: Serial error: [Errno 5] Input/output error
[decoded_serial_node-3] [ERROR] [1791264831.776071930] [bw_dr03_decoded_serial_node]: Serial error: [Errno 5] Input/output error
[decoded_serial_node-3] [ERROR] [1791264831.780900767] [bw_dr03_decoded_serial_node]: Serial error: [Errno 5] Input/output error
[decoded_serial_node-3] [ERROR] [1791264831.785913639] [bw_dr03_decoded_serial_node]: Serial error: [Errno 5] Input/output error
[decoded_serial_node-3] [ERROR] [1791264831.790917012] [bw_dr03_decoded_serial_node]: Serial error: [Errno 5] Input/output error
[decoded_serial_node-3] [ERROR] [1791264831.795927509] [bw_dr03_decoded_serial_node]: Serial error: [Errno 5] Input/output error
[decoded_serial_node-3] [ERROR] [1791264831.800907136] [bw_dr03_decoded_serial_node]: Serial error: [Errno 5] Input/output error
[decoded_serial_node-3] [ERROR] [1791264831.805927132] [bw_dr03_decoded_serial_node]: Serial error: [Errno 5] Input/output error
[decoded_serial_node-3] [ERROR] [1791264831.810924568] [bw_dr03_decoded_serial_node]: Serial error: [Errno 5] Input/output error
[decoded_serial_node-3] [ERROR] [1791264831.815939815] [bw_dr03_decoded_serial_node]: Serial error: [Errno 5] Input/output error
[decoded_serial_node-3] [ERROR] [1791264831.820933689] [bw_dr03_decoded_serial_node]: Serial error: [Errno 5] Input/output error
[decoded_serial_node-3] [ERROR] [1791264831.825927564] [bw_dr03_decoded_serial_node]: Serial error: [Errno 5] Input/output error
[decoded_serial_node-3] [ERROR] [1791264831.830923813] [bw_dr03_decoded_serial_node]: Serial error: [Errno 5] Input/output error
[decoded_serial_node-3] [ERROR] [1791264831.835907002] [bw_dr03_decoded_serial_node]: Serial error: [Errno 5] Input/output error
[decoded_serial_node-3] [ERROR] [1791264831.840932934] [bw_dr03_decoded_serial_node]: Serial error: [Errno 5] Input/output error
[decoded_serial_node-3] [ERROR] [1791264831.845919685] [bw_dr03_decoded_serial_node]: Serial error: [Errno 5] Input/output error
[decoded_serial_node-3] [ERROR] [1791264831.850961052] [bw_dr03_decoded_serial_node]: Serial error: [Errno 5] Input/output error
[decoded_serial_node-3] [ERROR] [1791264831.855932368] [bw_dr03_decoded_serial_node]: Serial error: [Errno 5] Input/output error
[decoded_serial_node-3] [ERROR] [1791264831.860902496] [bw_dr03_decoded_serial_node]: Serial error: [Errno 5] Input/output error
[decoded_serial_node-3] [ERROR] [1791264831.865920117] [bw_dr03_decoded_serial_node]: Serial error: [Errno 5] Input/output error
[decoded_serial_node-3] [ERROR] [1791264831.870922303] [bw_dr03_decoded_serial_node]: Serial error: [Errno 5] Input/output error
[decoded_serial_node-3] [ERROR] [1791264831.876084777] [bw_dr03_decoded_serial_node]: Serial error: [Errno 5] Input/output error
[decoded_serial_node-3] [ERROR] [1791264831.880918364] [bw_dr03_decoded_serial_node]: Serial error: [Errno 5] Input/output error
[decoded_serial_node-3] [ERROR] [1791264831.886190071] [bw_dr03_decoded_serial_node]: Serial error: [Errno 5] Input/output error
[decoded_serial_node-3] [ERROR] [1791264831.890999911] [bw_dr03_decoded_serial_node]: Serial error: [Errno 5] Input/output error
[decoded_serial_node-3] [ERROR] [1791264831.895923734] [bw_dr03_decoded_serial_node]: Serial error: [Errno 5] Input/output error
[decoded_serial_node-3] [ERROR] [1791264831.900921170] [bw_dr03_decoded_serial_node]: Serial error: [Errno 5] Input/output error
[decoded_serial_node-3] [ERROR] [1791264831.905916232] [bw_dr03_decoded_serial_node]: Serial error: [Errno 5] Input/output error
[decoded_serial_node-3] [ERROR] [1791264831.910907732] [bw_dr03_decoded_serial_node]: Serial error: [Errno 5] Input/output error
[decoded_serial_node-3] [ERROR] [1791264831.915944351] [bw_dr03_decoded_serial_node]: Serial error: [Errno 5] Input/output error
[decoded_serial_node-3] [ERROR] [1791264831.920964346] [bw_dr03_decoded_serial_node]: Serial error: [Errno 5] Input/output error
[decoded_serial_node-3] [ERROR] [1791264831.925921414] [bw_dr03_decoded_serial_node]: Serial error: [Errno 5] Input/output error
[decoded_serial_node-3] [ERROR] [1791264831.930942597] [bw_dr03_decoded_serial_node]: Serial error: [Errno 5] Input/output error
[decoded_serial_node-3] [ERROR] [1791264831.935940034] [bw_dr03_decoded_serial_node]: Serial error: [Errno 5] Input/output error
[decoded_serial_node-3] [ERROR] [1791264831.940941032] [bw_dr03_decoded_serial_node]: Serial error: [Errno 5] Input/output error
[decoded_serial_node-3] [ERROR] [1791264831.945920659] [bw_dr03_decoded_serial_node]: Serial error: [Errno 5] Input/output error
[decoded_serial_node-3] [ERROR] [1791264831.950903848] [bw_dr03_decoded_serial_node]: Serial error: [Errno 5] Input/output error
[decoded_serial_node-3] [ERROR] [1791264831.955930967] [bw_dr03_decoded_serial_node]: Serial error: [Errno 5] Input/output error
[decoded_serial_node-3] [ERROR] [1791264831.960933153] [bw_dr03_decoded_serial_node]: Serial error: [Errno 5] Input/output error
[decoded_serial_node-3] [ERROR] [1791264831.965965022] [bw_dr03_decoded_serial_node]: Serial error: [Errno 5] Input/output error
[decoded_serial_node-3] [INFO] [1791264831.967528725] [bw_dr03_decoded_serial_node]: RECEIVED /cmd_vel: linear.x=0.0, angular.z=0.0
[decoded_serial_node-3] [ERROR] [1791264831.970911404] [bw_dr03_decoded_serial_node]: Serial error: [Errno 5] Input/output error
[decoded_serial_node-3] [ERROR] [1791264831.975921901] [bw_dr03_decoded_serial_node]: Serial error: [Errno 5] Input/output error
[decoded_serial_node-3] [ERROR] [1791264831.980913401] [bw_dr03_decoded_serial_node]: Serial error: [Errno 5] Input/output error
[decoded_serial_node-3] [ERROR] [1791264831.985931022] [bw_dr03_decoded_serial_node]: Serial error: [Errno 5] Input/output error
[decoded_serial_node-3] [ERROR] [1791264831.990920147] [bw_dr03_decoded_serial_node]: Serial error: [Errno 5] Input/output error
[decoded_serial_node-3] [ERROR] [1791264831.995912835] [bw_dr03_decoded_serial_node]: Serial error: [Errno 5] Input/output error
[decoded_serial_node-3] [ERROR] [1791264832.000928081] [bw_dr03_decoded_serial_node]: Serial error: [Errno 5] Input/output error
[decoded_serial_node-3] [ERROR] [1791264832.005925518] [bw_dr03_decoded_serial_node]: Serial error: [Errno 5] Input/output error
[decoded_serial_node-3] [ERROR] [1791264832.010936015] [bw_dr03_decoded_serial_node]: Serial error: [Errno 5] Input/output error
[decoded_serial_node-3] [ERROR] [1791264832.015928702] [bw_dr03_decoded_serial_node]: Serial error: [Errno 5] Input/output error
[decoded_serial_node-3] [ERROR] [1791264832.020929700] [bw_dr03_decoded_serial_node]: Serial error: [Errno 5] Input/output error
[decoded_serial_node-3] [ERROR] [1791264832.025920013] [bw_dr03_decoded_serial_node]: Serial error: [Errno 5] Input/output error
[decoded_serial_node-3] [ERROR] [1791264832.030907951] [bw_dr03_decoded_serial_node]: Serial error: [Errno 5] Input/output error
[decoded_serial_node-3] [ERROR] [1791264832.035922010] [bw_dr03_decoded_serial_node]: Serial error: [Errno 5] Input/output error
[decoded_serial_node-3] [ERROR] [1791264832.040997810] [bw_dr03_decoded_serial_node]: Serial error: [Errno 5] Input/output error
[decoded_serial_node-3] [ERROR] [1791264832.045926382] [bw_dr03_decoded_serial_node]: Serial error: [Errno 5] Input/output error
[decoded_serial_node-3] [ERROR] [1791264832.050934504] [bw_dr03_decoded_serial_node]: Serial error: [Errno 5] Input/output error
[decoded_serial_node-3] [ERROR] [1791264832.055888010] [bw_dr03_decoded_serial_node]: Serial error: [Errno 5] Input/output error
[decoded_serial_node-3] [ERROR] [1791264832.060929377] [bw_dr03_decoded_serial_node]: Serial error: [Errno 5] Input/output error
[decoded_serial_node-3] [ERROR] [1791264832.065995678] [bw_dr03_decoded_serial_node]: Serial error: [Errno 5] Input/output error
[decoded_serial_node-3] [ERROR] [1791264832.070930187] [bw_dr03_decoded_serial_node]: Serial error: [Errno 5] Input/output error
[decoded_serial_node-3] [ERROR] [1791264832.075920499] [bw_dr03_decoded_serial_node]: Serial error: [Errno 5] Input/output error
[decoded_serial_node-3] [ERROR] [1791264832.080949993] [bw_dr03_decoded_serial_node]: Serial error: [Errno 5] Input/output error
[decoded_serial_node-3] [ERROR] [1791264832.085924871] [bw_dr03_decoded_serial_node]: Serial error: [Errno 5] Input/output error
[decoded_serial_node-3] [ERROR] [1791264832.090941305] [bw_dr03_decoded_serial_node]: Serial error: [Errno 5] Input/output error
[decoded_serial_node-3] [ERROR] [1791264832.096102591] [bw_dr03_decoded_serial_node]: Serial error: [Errno 5] Input/output error
[decoded_serial_node-3] [ERROR] [1791264832.100934990] [bw_dr03_decoded_serial_node]: Serial error: [Errno 5] Input/output error
[decoded_serial_node-3] [ERROR] [1791264832.105933614] [bw_dr03_decoded_serial_node]: Serial error: [Errno 5] Input/output error
[decoded_serial_node-3] [ERROR] [1791264832.110909679] [bw_dr03_decoded_serial_node]: Serial error: [Errno 5] Input/output error
[decoded_serial_node-3] [ERROR] [1791264832.116084026] [bw_dr03_decoded_serial_node]: Serial error: [Errno 5] Input/output error
[decoded_serial_node-3] [ERROR] [1791264832.120900990] [bw_dr03_decoded_serial_node]: Serial error: [Errno 5] Input/output error
[decoded_serial_node-3] [ERROR] [1791264832.125932859] [bw_dr03_decoded_serial_node]: Serial error: [Errno 5] Input/output error
[decoded_serial_node-3] [ERROR] [1791264832.130925546] [bw_dr03_decoded_serial_node]: Serial error: [Errno 5] Input/output error
[decoded_serial_node-3] [ERROR] [1791264832.135915859] [bw_dr03_decoded_serial_node]: Serial error: [Errno 5] Input/output error
[decoded_serial_node-3] [ERROR] [1791264832.140948915] [bw_dr03_decoded_serial_node]: Serial error: [Errno 5] Input/output error
[decoded_serial_node-3] [ERROR] [1791264832.145916668] [bw_dr03_decoded_serial_node]: Serial error: [Errno 5] Input/output error
[decoded_serial_node-3] [ERROR] [1791264832.150942601] [bw_dr03_decoded_serial_node]: Serial error: [Errno 5] Input/output error
[decoded_serial_node-3] [ERROR] [1791264832.155998216] [bw_dr03_decoded_serial_node]: Serial error: [Errno 5] Input/output error
[decoded_serial_node-3] [ERROR] [1791264832.160903041] [bw_dr03_decoded_serial_node]: Serial error: [Errno 5] Input/output error
[decoded_serial_node-3] [ERROR] [1791264832.165918288] [bw_dr03_decoded_serial_node]: Serial error: [Errno 5] Input/output error
[decoded_serial_node-3] [INFO] [1791264832.167988976] [bw_dr03_decoded_serial_node]: RECEIVED /cmd_vel: linear.x=0.0, angular.z=0.0
[decoded_serial_node-3] [ERROR] [1791264832.170907413] [bw_dr03_decoded_serial_node]: Serial error: [Errno 5] Input/output error
[decoded_serial_node-3] [ERROR] [1791264832.175922659] [bw_dr03_decoded_serial_node]: Serial error: [Errno 5] Input/output error
[decoded_serial_node-3] [ERROR] [1791264832.180899911] [bw_dr03_decoded_serial_node]: Serial error: [Errno 5] Input/output error
[decoded_serial_node-3] [ERROR] [1791264832.185919907] [bw_dr03_decoded_serial_node]: Serial error: [Errno 5] Input/output error
[decoded_serial_node-3] [ERROR] [1791264832.190935153] [bw_dr03_decoded_serial_node]: Serial error: [Errno 5] Input/output error
[decoded_serial_node-3] [ERROR] [1791264832.195924278] [bw_dr03_decoded_serial_node]: Serial error: [Errno 5] Input/output error
[decoded_serial_node-3] [ERROR] [1791264832.200921715] [bw_dr03_decoded_serial_node]: Serial error: [Errno 5] Input/output error
[decoded_serial_node-3] [ERROR] [1791264832.205935774] [bw_dr03_decoded_serial_node]: Serial error: [Errno 5] Input/output error
[decoded_serial_node-3] [ERROR] [1791264832.210926087] [bw_dr03_decoded_serial_node]: Serial error: [Errno 5] Input/output error
[decoded_serial_node-3] [ERROR] [1791264832.215933022] [bw_dr03_decoded_serial_node]: Serial error: [Errno 5] Input/output error
[decoded_serial_node-3] [ERROR] [1791264832.220904337] [bw_dr03_decoded_serial_node]: Serial error: [Errno 5] Input/output error
[decoded_serial_node-3] [ERROR] [1791264832.225912460] [bw_dr03_decoded_serial_node]: Serial error: [Errno 5] Input/output error
[decoded_serial_node-3] [ERROR] [1791264832.230918207] [bw_dr03_decoded_serial_node]: Serial error: [Errno 5] Input/output error
[decoded_serial_node-3] [ERROR] [1791264832.235910895] [bw_dr03_decoded_serial_node]: Serial error: [Errno 5] Input/output error
[decoded_serial_node-3] [ERROR] [1791264832.240922579] [bw_dr03_decoded_serial_node]: Serial error: [Errno 5] Input/output error
[decoded_serial_node-3] [ERROR] [1791264832.246047059] [bw_dr03_decoded_serial_node]: Serial error: [Errno 5] Input/output error
[decoded_serial_node-3] [ERROR] [1791264832.250931700] [bw_dr03_decoded_serial_node]: Serial error: [Errno 5] Input/output error
[decoded_serial_node-3] [ERROR] [1791264832.255884018] [bw_dr03_decoded_serial_node]: Serial error: [Errno 5] Input/output error
[decoded_serial_node-3] [ERROR] [1791264832.260914700] [bw_dr03_decoded_serial_node]: Serial error: [Errno 5] Input/output error
[decoded_serial_node-3] [ERROR] [1791264832.266068863] [bw_dr03_decoded_serial_node]: Serial error: [Errno 5] Input/output error
[decoded_serial_node-3] [ERROR] [1791264832.270908385] [bw_dr03_decoded_serial_node]: Serial error: [Errno 5] Input/output error
[decoded_serial_node-3] [ERROR] [1791264832.275917695] [bw_dr03_decoded_serial_node]: Serial error: [Errno 5] Input/output error
[decoded_serial_node-3] [ERROR] [1791264832.280893760] [bw_dr03_decoded_serial_node]: Serial error: [Errno 5] Input/output error
[decoded_serial_node-3] [ERROR] [1791264832.285923254] [bw_dr03_decoded_serial_node]: Serial error: [Errno 5] Input/output error
[decoded_serial_node-3] [ERROR] [1791264832.290957498] [bw_dr03_decoded_serial_node]: Serial error: [Errno 5] Input/output error
[decoded_serial_node-3] [ERROR] [1791264832.295899130] [bw_dr03_decoded_serial_node]: Serial error: [Errno 5] Input/output error
[decoded_serial_node-3] [ERROR] [1791264832.300908440] [bw_dr03_decoded_serial_node]: Serial error: [Errno 5] Input/output error
[decoded_serial_node-3] [ERROR] [1791264832.305967617] [bw_dr03_decoded_serial_node]: Serial error: [Errno 5] Input/output error
[decoded_serial_node-3] [ERROR] [1791264832.310987613] [bw_dr03_decoded_serial_node]: Serial error: [Errno 5] Input/output error
[decoded_serial_node-3] [ERROR] [1791264832.315949429] [bw_dr03_decoded_serial_node]: Serial error: [Errno 5] Input/output error
[decoded_serial_node-3] [ERROR] [1791264832.320962301] [bw_dr03_decoded_serial_node]: Serial error: [Errno 5] Input/output error
[decoded_serial_node-3] [ERROR] [1791264832.325922931] [bw_dr03_decoded_serial_node]: Serial error: [Errno 5] Input/output error
[decoded_serial_node-3] [ERROR] [1791264832.330934615] [bw_dr03_decoded_serial_node]: Serial error: [Errno 5] Input/output error
[decoded_serial_node-3] [ERROR] [1791264832.335951049] [bw_dr03_decoded_serial_node]: Serial error: [Errno 5] Input/output error
[decoded_serial_node-3] [ERROR] [1791264832.341011413] [bw_dr03_decoded_serial_node]: Serial error: [Errno 5] Input/output error
[decoded_serial_node-3] [ERROR] [1791264832.345944734] [bw_dr03_decoded_serial_node]: Serial error: [Errno 5] Input/output error
[decoded_serial_node-3] [ERROR] [1791264832.350963543] [bw_dr03_decoded_serial_node]: Serial error: [Errno 5] Input/output error
[decoded_serial_node-3] [ERROR] [1791264832.355960979] [bw_dr03_decoded_serial_node]: Serial error: [Errno 5] Input/output error
[decoded_serial_node-3] [ERROR] [1791264832.360951292] [bw_dr03_decoded_serial_node]: Serial error: [Errno 5] Input/output error
[decoded_serial_node-3] [ERROR] [1791264832.366000971] [bw_dr03_decoded_serial_node]: Serial error: [Errno 5] Input/output error
[decoded_serial_node-3] [INFO] [1791264832.368392236] [bw_dr03_decoded_serial_node]: RECEIVED /cmd_vel: linear.x=0.0, angular.z=0.0
[decoded_serial_node-3] [ERROR] [1791264832.370935479] [bw_dr03_decoded_serial_node]: Serial error: [Errno 5] Input/output error
[decoded_serial_node-3] [ERROR] [1791264832.376038587] [bw_dr03_decoded_serial_node]: Serial error: [Errno 5] Input/output error
[decoded_serial_node-3] [ERROR] [1791264832.380913730] [bw_dr03_decoded_serial_node]: Serial error: [Errno 5] Input/output error
[decoded_serial_node-3] [ERROR] [1791264832.385940849] [bw_dr03_decoded_serial_node]: Serial error: [Errno 5] Input/output error
[decoded_serial_node-3] [ERROR] [1791264832.390921663] [bw_dr03_decoded_serial_node]: Serial error: [Errno 5] Input/output error
[decoded_serial_node-3] [ERROR] [1791264832.395934535] [bw_dr03_decoded_serial_node]: Serial error: [Errno 5] Input/output error
[decoded_serial_node-3] [ERROR] [1791264832.400909412] [bw_dr03_decoded_serial_node]: Serial error: [Errno 5] Input/output error
[decoded_serial_node-3] [ERROR] [1791264832.405941281] [bw_dr03_decoded_serial_node]: Serial error: [Errno 5] Input/output error
[decoded_serial_node-3] [ERROR] [1791264832.410945842] [bw_dr03_decoded_serial_node]: Serial error: [Errno 5] Input/output error
[decoded_serial_node-3] [ERROR] [1791264832.415937341] [bw_dr03_decoded_serial_node]: Serial error: [Errno 5] Input/output error
[decoded_serial_node-3] [ERROR] [1791264832.421217361] [bw_dr03_decoded_serial_node]: Serial error: [Errno 5] Input/output error
[decoded_serial_node-3] [ERROR] [1791264832.426043823] [bw_dr03_decoded_serial_node]: Serial error: [Errno 5] Input/output error
[decoded_serial_node-3] [ERROR] [1791264832.431029386] [bw_dr03_decoded_serial_node]: Serial error: [Errno 5] Input/output error
[decoded_serial_node-3] [ERROR] [1791264832.435954396] [bw_dr03_decoded_serial_node]: Serial error: [Errno 5] Input/output error
[decoded_serial_node-3] [ERROR] [1791264832.440939959] [bw_dr03_decoded_serial_node]: Serial error: [Errno 5] Input/output error
[decoded_serial_node-3] [ERROR] [1791264832.446000324] [bw_dr03_decoded_serial_node]: Serial error: [Errno 5] Input/output error
[decoded_serial_node-3] [ERROR] [1791264832.450953829] [bw_dr03_decoded_serial_node]: Serial error: [Errno 5] Input/output error
[decoded_serial_node-3] [ERROR] [1791264832.456023693] [bw_dr03_decoded_serial_node]: Serial error: [Errno 5] Input/output error
[decoded_serial_node-3] [ERROR] [1791264832.460885774] [bw_dr03_decoded_serial_node]: Serial error: [Errno 5] Input/output error
[decoded_serial_node-3] [ERROR] [1791264832.465930704] [bw_dr03_decoded_serial_node]: Serial error: [Errno 5] Input/output error
[decoded_serial_node-3] [ERROR] [1791264832.471031437] [bw_dr03_decoded_serial_node]: Serial error: [Errno 5] Input/output error
[decoded_serial_node-3] [ERROR] [1791264832.475930326] [bw_dr03_decoded_serial_node]: Serial error: [Errno 5] Input/output error
[decoded_serial_node-3] [ERROR] [1791264832.480937261] [bw_dr03_decoded_serial_node]: Serial error: [Errno 5] Input/output error
[decoded_serial_node-3] [ERROR] [1791264832.486028496] [bw_dr03_decoded_serial_node]: Serial error: [Errno 5] Input/output error
[decoded_serial_node-3] [ERROR] [1791264832.490926198] [bw_dr03_decoded_serial_node]: Serial error: [Errno 5] Input/output error
[decoded_serial_node-3] [ERROR] [1791264832.495940257] [bw_dr03_decoded_serial_node]: Serial error: [Errno 5] Input/output error
[decoded_serial_node-3] [ERROR] [1791264832.500960252] [bw_dr03_decoded_serial_node]: Serial error: [Errno 5] Input/output error
[decoded_serial_node-3] [ERROR] [1791264832.505917320] [bw_dr03_decoded_serial_node]: Serial error: [Errno 5] Input/output error
[decoded_serial_node-3] [ERROR] [1791264832.511485858] [bw_dr03_decoded_serial_node]: Serial error: [Errno 5] Input/output error
[decoded_serial_node-3] [ERROR] [1791264832.515935939] [bw_dr03_decoded_serial_node]: Serial error: [Errno 5] Input/output error
[decoded_serial_node-3] [ERROR] [1791264832.520996304] [bw_dr03_decoded_serial_node]: Serial error: [Errno 5] Input/output error
[decoded_serial_node-3] [ERROR] [1791264832.526237141] [bw_dr03_decoded_serial_node]: Serial error: [Errno 5] Input/output error
[decoded_serial_node-3] [ERROR] [1791264832.531914913] [bw_dr03_decoded_serial_node]: Serial error: [Errno 5] Input/output error
[decoded_serial_node-3] [ERROR] [1791264832.535936371] [bw_dr03_decoded_serial_node]: Serial error: [Errno 5] Input/output error
[decoded_serial_node-3] [ERROR] [1791264832.540920747] [bw_dr03_decoded_serial_node]: Serial error: [Errno 5] Input/output error
[decoded_serial_node-3] [ERROR] [1791264832.546209078] [bw_dr03_decoded_serial_node]: Serial error: [Errno 5] Input/output error
[decoded_serial_node-3] [ERROR] [1791264832.550950053] [bw_dr03_decoded_serial_node]: Serial error: [Errno 5] Input/output error
[decoded_serial_node-3] [ERROR] [1791264832.555902371] [bw_dr03_decoded_serial_node]: Serial error: [Errno 5] Input/output error
[decoded_serial_node-3] [ERROR] [1791264832.560917617] [bw_dr03_decoded_serial_node]: Serial error: [Errno 5] Input/output error
[decoded_serial_node-3] [ERROR] [1791264832.566451723] [bw_dr03_decoded_serial_node]: Serial error: [Errno 5] Input/output error
[decoded_serial_node-3] [INFO] [1791264832.568636395] [bw_dr03_decoded_serial_node]: RECEIVED /cmd_vel: linear.x=0.0, angular.z=0.0
[decoded_serial_node-3] [ERROR] [1791264832.570910116] [bw_dr03_decoded_serial_node]: Serial error: [Errno 5] Input/output error
[decoded_serial_node-3] [ERROR] [1791264832.575927737] [bw_dr03_decoded_serial_node]: Serial error: [Errno 5] Input/output error
[decoded_serial_node-3] [ERROR] [1791264832.580954856] [bw_dr03_decoded_serial_node]: Serial error: [Errno 5] Input/output error
[decoded_serial_node-3] [ERROR] [1791264832.586015221] [bw_dr03_decoded_serial_node]: Serial error: [Errno 5] Input/output error
[decoded_serial_node-3] [ERROR] [1791264832.590940231] [bw_dr03_decoded_serial_node]: Serial error: [Errno 5] Input/output error
[decoded_serial_node-3] [ERROR] [1791264832.595935293] [bw_dr03_decoded_serial_node]: Serial error: [Errno 5] Input/output error
[decoded_serial_node-3] [ERROR] [1791264832.601154758] [bw_dr03_decoded_serial_node]: Serial error: [Errno 5] Input/output error
[decoded_serial_node-3] [ERROR] [1791264832.605919480] [bw_dr03_decoded_serial_node]: Serial error: [Errno 5] Input/output error
[decoded_serial_node-3] [ERROR] [1791264832.610954911] [bw_dr03_decoded_serial_node]: Serial error: [Errno 5] Input/output error
[decoded_serial_node-3] [ERROR] [1791264832.615921477] [bw_dr03_decoded_serial_node]: Serial error: [Errno 5] Input/output error
[decoded_serial_node-3] [ERROR] [1791264832.620917726] [bw_dr03_decoded_serial_node]: Serial error: [Errno 5] Input/output error
[decoded_serial_node-3] [ERROR] [1791264832.625937722] [bw_dr03_decoded_serial_node]: Serial error: [Errno 5] Input/output error
[decoded_serial_node-3] [ERROR] [1791264832.630914974] [bw_dr03_decoded_serial_node]: Serial error: [Errno 5] Input/output error
[follow_planner-6] [INFO] [1791264832.633479588] [follow_planner_node]: [IDLE] disabled | d=- goc=- | v=0.000 w=0.000 | thoang=-
[decoded_serial_node-3] [ERROR] [1791264832.636028768] [bw_dr03_decoded_serial_node]: Serial error: [Errno 5] Input/output error
[decoded_serial_node-3] [ERROR] [1791264832.641079634] [bw_dr03_decoded_serial_node]: Serial error: [Errno 5] Input/output error
[decoded_serial_node-3] [ERROR] [1791264832.645919156] [bw_dr03_decoded_serial_node]: Serial error: [Errno 5] Input/output error
[decoded_serial_node-3] [ERROR] [1791264832.650934403] [bw_dr03_decoded_serial_node]: Serial error: [Errno 5] Input/output error
[decoded_serial_node-3] [ERROR] [1791264832.656505316] [bw_dr03_decoded_serial_node]: Serial error: [Errno 5] Input/output error
[decoded_serial_node-3] [ERROR] [1791264832.660961334] [bw_dr03_decoded_serial_node]: Serial error: [Errno 5] Input/output error
[decoded_serial_node-3] [ERROR] [1791264832.665930274] [bw_dr03_decoded_serial_node]: Serial error: [Errno 5] Input/output error
[decoded_serial_node-3] [ERROR] [1791264832.671287469] [bw_dr03_decoded_serial_node]: Serial error: [Errno 5] Input/output error
[decoded_serial_node-3] [ERROR] [1791264832.675932271] [bw_dr03_decoded_serial_node]: Serial error: [Errno 5] Input/output error
[decoded_serial_node-3] [ERROR] [1791264832.680990261] [bw_dr03_decoded_serial_node]: Serial error: [Errno 5] Input/output error
[decoded_serial_node-3] [ERROR] [1791264832.686143237] [bw_dr03_decoded_serial_node]: Serial error: [Errno 5] Input/output error
[decoded_serial_node-3] [ERROR] [1791264832.691735522] [bw_dr03_decoded_serial_node]: Serial error: [Errno 5] Input/output error
[decoded_serial_node-3] [ERROR] [1791264832.695920830] [bw_dr03_decoded_serial_node]: Serial error: [Errno 5] Input/output error
[decoded_serial_node-3] [ERROR] [1791264832.700927765] [bw_dr03_decoded_serial_node]: Serial error: [Errno 5] Input/output error
[decoded_serial_node-3] [ERROR] [1791264832.705932326] [bw_dr03_decoded_serial_node]: Serial error: [Errno 5] Input/output error
[decoded_serial_node-3] [ERROR] [1791264832.710940448] [bw_dr03_decoded_serial_node]: Serial error: [Errno 5] Input/output error
[decoded_serial_node-3] [ERROR] [1791264832.716085112] [bw_dr03_decoded_serial_node]: Serial error: [Errno 5] Input/output error
[decoded_serial_node-3] [ERROR] [1791264832.720928197] [bw_dr03_decoded_serial_node]: Serial error: [Errno 5] Input/output error
[decoded_serial_node-3] [ERROR] [1791264832.726032493] [bw_dr03_decoded_serial_node]: Serial error: [Errno 5] Input/output error
[decoded_serial_node-3] [ERROR] [1791264832.730946817] [bw_dr03_decoded_serial_node]: Serial error: [Errno 5] Input/output error
[decoded_serial_node-3] [ERROR] [1791264832.735925256] [bw_dr03_decoded_serial_node]: Serial error: [Errno 5] Input/output error
[decoded_serial_node-3] [ERROR] [1791264832.740932191] [bw_dr03_decoded_serial_node]: Serial error: [Errno 5] Input/output error
[decoded_serial_node-3] [ERROR] [1791264832.745892821] [bw_dr03_decoded_serial_node]: Serial error: [Errno 5] Input/output error
[decoded_serial_node-3] [ERROR] [1791264832.751001865] [bw_dr03_decoded_serial_node]: Serial error: [Errno 5] Input/output error
[decoded_serial_node-3] [ERROR] [1791264832.755916189] [bw_dr03_decoded_serial_node]: Serial error: [Errno 5] Input/output error
[decoded_serial_node-3] [ERROR] [1791264832.760958744] [bw_dr03_decoded_serial_node]: Serial error: [Errno 5] Input/output error
[decoded_serial_node-3] [ERROR] [1791264832.765994175] [bw_dr03_decoded_serial_node]: Serial error: [Errno 5] Input/output error
[decoded_serial_node-3] [ERROR] [1791264832.771007047] [bw_dr03_decoded_serial_node]: Serial error: [Errno 5] Input/output error
[decoded_serial_node-3] [ERROR] [1791264832.775946304] [bw_dr03_decoded_serial_node]: Serial error: [Errno 5] Input/output error
[decoded_serial_node-3] [INFO] [1791264832.779065398] [bw_dr03_decoded_serial_node]: RECEIVED /cmd_vel: linear.x=0.0, angular.z=0.0
[decoded_serial_node-3] [ERROR] [1791264832.781161021] [bw_dr03_decoded_serial_node]: Serial error: [Errno 5] Input/output error
[decoded_serial_node-3] [ERROR] [1791264832.786010042] [bw_dr03_decoded_serial_node]: Serial error: [Errno 5] Input/output error
[decoded_serial_node-3] [ERROR] [1791264832.790959986] [bw_dr03_decoded_serial_node]: Serial error: [Errno 5] Input/output error
[decoded_serial_node-3] [ERROR] [1791264832.795957422] [bw_dr03_decoded_serial_node]: Serial error: [Errno 5] Input/output error
[decoded_serial_node-3] [ERROR] [1791264832.800940611] [bw_dr03_decoded_serial_node]: Serial error: [Errno 5] Input/output error
[decoded_serial_node-3] [ERROR] [1791264832.805908364] [bw_dr03_decoded_serial_node]: Serial error: [Errno 5] Input/output error
[decoded_serial_node-3] [ERROR] [1791264832.810908176] [bw_dr03_decoded_serial_node]: Serial error: [Errno 5] Input/output error
[decoded_serial_node-3] [ERROR] [1791264832.815947168] [bw_dr03_decoded_serial_node]: Serial error: [Errno 5] Input/output error
[decoded_serial_node-3] [ERROR] [1791264832.820961227] [bw_dr03_decoded_serial_node]: Serial error: [Errno 5] Input/output error
[decoded_serial_node-3] [ERROR] [1791264832.825940854] [bw_dr03_decoded_serial_node]: Serial error: [Errno 5] Input/output error
[decoded_serial_node-3] [ERROR] [1791264832.830933541] [bw_dr03_decoded_serial_node]: Serial error: [Errno 5] Input/output error
[decoded_serial_node-3] [ERROR] [1791264832.835942851] [bw_dr03_decoded_serial_node]: Serial error: [Errno 5] Input/output error
[decoded_serial_node-3] [ERROR] [1791264832.840915354] [bw_dr03_decoded_serial_node]: Serial error: [Errno 5] Input/output error
[decoded_serial_node-3] [ERROR] [1791264832.845942473] [bw_dr03_decoded_serial_node]: Serial error: [Errno 5] Input/output error
[decoded_serial_node-3] [ERROR] [1791264832.850938723] [bw_dr03_decoded_serial_node]: Serial error: [Errno 5] Input/output error
[decoded_serial_node-3] [ERROR] [1791264832.855938534] [bw_dr03_decoded_serial_node]: Serial error: [Errno 5] Input/output error
[decoded_serial_node-3] [ERROR] [1791264832.860944282] [bw_dr03_decoded_serial_node]: Serial error: [Errno 5] Input/output error
[decoded_serial_node-3] [ERROR] [1791264832.866086571] [bw_dr03_decoded_serial_node]: Serial error: [Errno 5] Input/output error
[decoded_serial_node-3] [ERROR] [1791264832.870943904] [bw_dr03_decoded_serial_node]: Serial error: [Errno 5] Input/output error
[decoded_serial_node-3] [ERROR] [1791264832.875937778] [bw_dr03_decoded_serial_node]: Serial error: [Errno 5] Input/output error
[decoded_serial_node-3] [ERROR] [1791264832.881033763] [bw_dr03_decoded_serial_node]: Serial error: [Errno 5] Input/output error
[decoded_serial_node-3] [ERROR] [1791264832.885936213] [bw_dr03_decoded_serial_node]: Serial error: [Errno 5] Input/output error
[decoded_serial_node-3] [ERROR] [1791264832.890924151] [bw_dr03_decoded_serial_node]: Serial error: [Errno 5] Input/output error
[decoded_serial_node-3] [ERROR] [1791264832.895942960] [bw_dr03_decoded_serial_node]: Serial error: [Errno 5] Input/output error
[decoded_serial_node-3] [ERROR] [1791264832.900909526] [bw_dr03_decoded_serial_node]: Serial error: [Errno 5] Input/output error
[decoded_serial_node-3] [ERROR] [1791264832.906237038] [bw_dr03_decoded_serial_node]: Serial error: [Errno 5] Input/output error
[decoded_serial_node-3] [ERROR] [1791264832.910916272] [bw_dr03_decoded_serial_node]: Serial error: [Errno 5] Input/output error
[decoded_serial_node-3] [ERROR] [1791264832.916081121] [bw_dr03_decoded_serial_node]: Serial error: [Errno 5] Input/output error
[decoded_serial_node-3] [ERROR] [1791264832.920913520] [bw_dr03_decoded_serial_node]: Serial error: [Errno 5] Input/output error
[decoded_serial_node-3] [ERROR] [1791264832.925933515] [bw_dr03_decoded_serial_node]: Serial error: [Errno 5] Input/output error
[decoded_serial_node-3] [ERROR] [1791264832.930913142] [bw_dr03_decoded_serial_node]: Serial error: [Errno 5] Input/output error
[decoded_serial_node-3] [ERROR] [1791264832.935909391] [bw_dr03_decoded_serial_node]: Serial error: [Errno 5] Input/output error
[decoded_serial_node-3] [ERROR] [1791264832.940989940] [bw_dr03_decoded_serial_node]: Serial error: [Errno 5] Input/output error
[decoded_serial_node-3] [ERROR] [1791264832.945912576] [bw_dr03_decoded_serial_node]: Serial error: [Errno 5] Input/output error
[decoded_serial_node-3] [ERROR] [1791264832.950918323] [bw_dr03_decoded_serial_node]: Serial error: [Errno 5] Input/output error
[decoded_serial_node-3] [ERROR] [1791264832.955920509] [bw_dr03_decoded_serial_node]: Serial error: [Errno 5] Input/output error
[decoded_serial_node-3] [ERROR] [1791264832.960922695] [bw_dr03_decoded_serial_node]: Serial error: [Errno 5] Input/output error
[decoded_serial_node-3] [ERROR] [1791264832.965929630] [bw_dr03_decoded_serial_node]: Serial error: [Errno 5] Input/output error
[decoded_serial_node-3] [ERROR] [1791264832.970899758] [bw_dr03_decoded_serial_node]: Serial error: [Errno 5] Input/output error
[decoded_serial_node-3] [ERROR] [1791264832.975928065] [bw_dr03_decoded_serial_node]: Serial error: [Errno 5] Input/output error
[decoded_serial_node-3] [ERROR] [1791264832.980926689] [bw_dr03_decoded_serial_node]: Serial error: [Errno 5] Input/output error
[decoded_serial_node-3] [ERROR] [1791264832.985914627] [bw_dr03_decoded_serial_node]: Serial error: [Errno 5] Input/output error
[decoded_serial_node-3] [INFO] [1791264832.987478329] [bw_dr03_decoded_serial_node]: RECEIVED /cmd_vel: linear.x=0.0, angular.z=0.0
[decoded_serial_node-3] [ERROR] [1791264832.990896628] [bw_dr03_decoded_serial_node]: Serial error: [Errno 5] Input/output error
[decoded_serial_node-3] [ERROR] [1791264832.995932059] [bw_dr03_decoded_serial_node]: Serial error: [Errno 5] Input/output error
[decoded_serial_node-3] [ERROR] [1791264833.000915248] [bw_dr03_decoded_serial_node]: Serial error: [Errno 5] Input/output error
[decoded_serial_node-3] [ERROR] [1791264833.005922183] [bw_dr03_decoded_serial_node]: Serial error: [Errno 5] Input/output error
[decoded_serial_node-3] [ERROR] [1791264833.010920807] [bw_dr03_decoded_serial_node]: Serial error: [Errno 5] Input/output error
[decoded_serial_node-3] [ERROR] [1791264833.016071407] [bw_dr03_decoded_serial_node]: Serial error: [Errno 5] Input/output error
[decoded_serial_node-3] [ERROR] [1791264833.020916867] [bw_dr03_decoded_serial_node]: Serial error: [Errno 5] Input/output error
[decoded_serial_node-3] [ERROR] [1791264833.026005727] [bw_dr03_decoded_serial_node]: Serial error: [Errno 5] Input/output error
[decoded_serial_node-3] [ERROR] [1791264833.030934299] [bw_dr03_decoded_serial_node]: Serial error: [Errno 5] Input/output error
[decoded_serial_node-3] [ERROR] [1791264833.035910363] [bw_dr03_decoded_serial_node]: Serial error: [Errno 5] Input/output error
[decoded_serial_node-3] [ERROR] [1791264833.040932734] [bw_dr03_decoded_serial_node]: Serial error: [Errno 5] Input/output error
[decoded_serial_node-3] [ERROR] [1791264833.045926608] [bw_dr03_decoded_serial_node]: Serial error: [Errno 5] Input/output error
[decoded_serial_node-3] [ERROR] [1791264833.050985785] [bw_dr03_decoded_serial_node]: Serial error: [Errno 5] Input/output error
[decoded_serial_node-3] [ERROR] [1791264833.055914357] [bw_dr03_decoded_serial_node]: Serial error: [Errno 5] Input/output error
[decoded_serial_node-3] [ERROR] [1791264833.060911793] [bw_dr03_decoded_serial_node]: Serial error: [Errno 5] Input/output error
[decoded_serial_node-3] [ERROR] [1791264833.065924665] [bw_dr03_decoded_serial_node]: Serial error: [Errno 5] Input/output error
[decoded_serial_node-3] [ERROR] [1791264833.070912603] [bw_dr03_decoded_serial_node]: Serial error: [Errno 5] Input/output error
[decoded_serial_node-3] [ERROR] [1791264833.075919538] [bw_dr03_decoded_serial_node]: Serial error: [Errno 5] Input/output error
[decoded_serial_node-3] [ERROR] [1791264833.080918162] [bw_dr03_decoded_serial_node]: Serial error: [Errno 5] Input/output error
[decoded_serial_node-3] [ERROR] [1791264833.085909662] [bw_dr03_decoded_serial_node]: Serial error: [Errno 5] Input/output error
[decoded_serial_node-3] [ERROR] [1791264833.090907098] [bw_dr03_decoded_serial_node]: Serial error: [Errno 5] Input/output error
[decoded_serial_node-3] [ERROR] [1791264833.095900973] [bw_dr03_decoded_serial_node]: Serial error: [Errno 5] Input/output error
[decoded_serial_node-3] [ERROR] [1791264833.100924530] [bw_dr03_decoded_serial_node]: Serial error: [Errno 5] Input/output error
[decoded_serial_node-3] [ERROR] [1791264833.105930278] [bw_dr03_decoded_serial_node]: Serial error: [Errno 5] Input/output error
[decoded_serial_node-3] [ERROR] [1791264833.110906342] [bw_dr03_decoded_serial_node]: Serial error: [Errno 5] Input/output error
[decoded_serial_node-3] [ERROR] [1791264833.116073566] [bw_dr03_decoded_serial_node]: Serial error: [Errno 5] Input/output error
[decoded_serial_node-3] [ERROR] [1791264833.120936835] [bw_dr03_decoded_serial_node]: Serial error: [Errno 5] Input/output error
[decoded_serial_node-3] [ERROR] [1791264833.125941395] [bw_dr03_decoded_serial_node]: Serial error: [Errno 5] Input/output error
[decoded_serial_node-3] [ERROR] [1791264833.130912711] [bw_dr03_decoded_serial_node]: Serial error: [Errno 5] Input/output error
[decoded_serial_node-3] [ERROR] [1791264833.135918458] [bw_dr03_decoded_serial_node]: Serial error: [Errno 5] Input/output error
[decoded_serial_node-3] [ERROR] [1791264833.140965762] [bw_dr03_decoded_serial_node]: Serial error: [Errno 5] Input/output error
[decoded_serial_node-3] [ERROR] [1791264833.145912144] [bw_dr03_decoded_serial_node]: Serial error: [Errno 5] Input/output error
[decoded_serial_node-3] [ERROR] [1791264833.150914330] [bw_dr03_decoded_serial_node]: Serial error: [Errno 5] Input/output error
[decoded_serial_node-3] [ERROR] [1791264833.155917703] [bw_dr03_decoded_serial_node]: Serial error: [Errno 5] Input/output error
[decoded_serial_node-3] [ERROR] [1791264833.160913952] [bw_dr03_decoded_serial_node]: Serial error: [Errno 5] Input/output error
[decoded_serial_node-3] [ERROR] [1791264833.166044368] [bw_dr03_decoded_serial_node]: Serial error: [Errno 5] Input/output error
[decoded_serial_node-3] [ERROR] [1791264833.171231776] [bw_dr03_decoded_serial_node]: Serial error: [Errno 5] Input/output error
[decoded_serial_node-3] [ERROR] [1791264833.176382377] [bw_dr03_decoded_serial_node]: Serial error: [Errno 5] Input/output error
[decoded_serial_node-3] [ERROR] [1791264833.180609242] [bw_dr03_decoded_serial_node]: Serial error: [Errno 5] Input/output error
[decoded_serial_node-3] [ERROR] [1791264833.186061423] [bw_dr03_decoded_serial_node]: Serial error: [Errno 5] Input/output error
[decoded_serial_node-3] [INFO] [1791264833.189254130] [bw_dr03_decoded_serial_node]: RECEIVED /cmd_vel: linear.x=0.0, angular.z=0.0
[decoded_serial_node-3] [ERROR] [1791264833.190756092] [bw_dr03_decoded_serial_node]: Serial error: [Errno 5] Input/output error
[decoded_serial_node-3] [ERROR] [1791264833.195625298] [bw_dr03_decoded_serial_node]: Serial error: [Errno 5] Input/output error
[decoded_serial_node-3] [ERROR] [1791264833.200473132] [bw_dr03_decoded_serial_node]: Serial error: [Errno 5] Input/output error
[decoded_serial_node-3] [ERROR] [1791264833.206085601] [bw_dr03_decoded_serial_node]: Serial error: [Errno 5] Input/output error
[decoded_serial_node-3] [ERROR] [1791264833.210912063] [bw_dr03_decoded_serial_node]: Serial error: [Errno 5] Input/output error
[decoded_serial_node-3] [ERROR] [1791264833.215924934] [bw_dr03_decoded_serial_node]: Serial error: [Errno 5] Input/output error
[decoded_serial_node-3] [ERROR] [1791264833.220929495] [bw_dr03_decoded_serial_node]: Serial error: [Errno 5] Input/output error
[decoded_serial_node-3] [ERROR] [1791264833.225905559] [bw_dr03_decoded_serial_node]: Serial error: [Errno 5] Input/output error
[decoded_serial_node-3] [ERROR] [1791264833.230937428] [bw_dr03_decoded_serial_node]: Serial error: [Errno 5] Input/output error
[decoded_serial_node-3] [ERROR] [1791264833.235934865] [bw_dr03_decoded_serial_node]: Serial error: [Errno 5] Input/output error
[decoded_serial_node-3] [ERROR] [1791264833.240947736] [bw_dr03_decoded_serial_node]: Serial error: [Errno 5] Input/output error
[decoded_serial_node-3] [ERROR] [1791264833.245932112] [bw_dr03_decoded_serial_node]: Serial error: [Errno 5] Input/output error
[decoded_serial_node-3] [ERROR] [1791264833.250944984] [bw_dr03_decoded_serial_node]: Serial error: [Errno 5] Input/output error
[decoded_serial_node-3] [ERROR] [1791264833.255917487] [bw_dr03_decoded_serial_node]: Serial error: [Errno 5] Input/output error
[decoded_serial_node-3] [ERROR] [1791264833.260920860] [bw_dr03_decoded_serial_node]: Serial error: [Errno 5] Input/output error
[decoded_serial_node-3] [ERROR] [1791264833.266059587] [bw_dr03_decoded_serial_node]: Serial error: [Errno 5] Input/output error
[decoded_serial_node-3] [ERROR] [1791264833.270997658] [bw_dr03_decoded_serial_node]: Serial error: [Errno 5] Input/output error
[decoded_serial_node-3] [ERROR] [1791264833.275915544] [bw_dr03_decoded_serial_node]: Serial error: [Errno 5] Input/output error
[decoded_serial_node-3] [ERROR] [1791264833.280915355] [bw_dr03_decoded_serial_node]: Serial error: [Errno 5] Input/output error
[decoded_serial_node-3] [ERROR] [1791264833.285903293] [bw_dr03_decoded_serial_node]: Serial error: [Errno 5] Input/output error
[decoded_serial_node-3] [ERROR] [1791264833.290929225] [bw_dr03_decoded_serial_node]: Serial error: [Errno 5] Input/output error
[decoded_serial_node-3] [ERROR] [1791264833.295908851] [bw_dr03_decoded_serial_node]: Serial error: [Errno 5] Input/output error
[decoded_serial_node-3] [ERROR] [1791264833.300933596] [bw_dr03_decoded_serial_node]: Serial error: [Errno 5] Input/output error
[decoded_serial_node-3] [ERROR] [1791264833.305915597] [bw_dr03_decoded_serial_node]: Serial error: [Errno 5] Input/output error
[decoded_serial_node-3] [ERROR] [1791264833.310932031] [bw_dr03_decoded_serial_node]: Serial error: [Errno 5] Input/output error
[decoded_serial_node-3] [ERROR] [1791264833.315927093] [bw_dr03_decoded_serial_node]: Serial error: [Errno 5] Input/output error
[decoded_serial_node-3] [ERROR] [1791264833.320472160] [bw_dr03_decoded_serial_node]: Serial error: [Errno 5] Input/output error
[decoded_serial_node-3] [ERROR] [1791264833.326041885] [bw_dr03_decoded_serial_node]: Serial error: [Errno 5] Input/output error
[decoded_serial_node-3] [ERROR] [1791264833.331048820] [bw_dr03_decoded_serial_node]: Serial error: [Errno 5] Input/output error
[decoded_serial_node-3] [ERROR] [1791264833.335921588] [bw_dr03_decoded_serial_node]: Serial error: [Errno 5] Input/output error
[decoded_serial_node-3] [ERROR] [1791264833.340933272] [bw_dr03_decoded_serial_node]: Serial error: [Errno 5] Input/output error
[decoded_serial_node-3] [ERROR] [1791264833.345917648] [bw_dr03_decoded_serial_node]: Serial error: [Errno 5] Input/output error
[decoded_serial_node-3] [ERROR] [1791264833.350922209] [bw_dr03_decoded_serial_node]: Serial error: [Errno 5] Input/output error
[decoded_serial_node-3] [ERROR] [1791264833.355931518] [bw_dr03_decoded_serial_node]: Serial error: [Errno 5] Input/output error
[decoded_serial_node-3] [ERROR] [1791264833.360886211] [bw_dr03_decoded_serial_node]: Serial error: [Errno 5] Input/output error
[decoded_serial_node-3] [ERROR] [1791264833.365909769] [bw_dr03_decoded_serial_node]: Serial error: [Errno 5] Input/output error
[decoded_serial_node-3] [ERROR] [1791264833.370936888] [bw_dr03_decoded_serial_node]: Serial error: [Errno 5] Input/output error
[decoded_serial_node-3] [ERROR] [1791264833.375914140] [bw_dr03_decoded_serial_node]: Serial error: [Errno 5] Input/output error
[decoded_serial_node-3] [ERROR] [1791264833.380897329] [bw_dr03_decoded_serial_node]: Serial error: [Errno 5] Input/output error
[decoded_serial_node-3] [ERROR] [1791264833.385954131] [bw_dr03_decoded_serial_node]: Serial error: [Errno 5] Input/output error
[decoded_serial_node-3] [ERROR] [1791264833.390953942] [bw_dr03_decoded_serial_node]: Serial error: [Errno 5] Input/output error
[decoded_serial_node-3] [ERROR] [1791264833.396070111] [bw_dr03_decoded_serial_node]: Serial error: [Errno 5] Input/output error
[decoded_serial_node-3] [INFO] [1791264833.399465851] [bw_dr03_decoded_serial_node]: RECEIVED /cmd_vel: linear.x=0.0, angular.z=0.0
[decoded_serial_node-3] [ERROR] [1791264833.401002245] [bw_dr03_decoded_serial_node]: Serial error: [Errno 5] Input/output error
[decoded_serial_node-3] [ERROR] [1791264833.405924880] [bw_dr03_decoded_serial_node]: Serial error: [Errno 5] Input/output error
[decoded_serial_node-3] [ERROR] [1791264833.410915192] [bw_dr03_decoded_serial_node]: Serial error: [Errno 5] Input/output error
[decoded_serial_node-3] [ERROR] [1791264833.416080041] [bw_dr03_decoded_serial_node]: Serial error: [Errno 5] Input/output error
[decoded_serial_node-3] [ERROR] [1791264833.420933812] [bw_dr03_decoded_serial_node]: Serial error: [Errno 5] Input/output error
[decoded_serial_node-3] [ERROR] [1791264833.425922937] [bw_dr03_decoded_serial_node]: Serial error: [Errno 5] Input/output error
[decoded_serial_node-3] [ERROR] [1791264833.430917999] [bw_dr03_decoded_serial_node]: Serial error: [Errno 5] Input/output error
[decoded_serial_node-3] [ERROR] [1791264833.435923746] [bw_dr03_decoded_serial_node]: Serial error: [Errno 5] Input/output error
[decoded_serial_node-3] [ERROR] [1791264833.440908122] [bw_dr03_decoded_serial_node]: Serial error: [Errno 5] Input/output error
[decoded_serial_node-3] [ERROR] [1791264833.446048037] [bw_dr03_decoded_serial_node]: Serial error: [Errno 5] Input/output error
[decoded_serial_node-3] [ERROR] [1791264833.450937428] [bw_dr03_decoded_serial_node]: Serial error: [Errno 5] Input/output error
[decoded_serial_node-3] [ERROR] [1791264833.455917054] [bw_dr03_decoded_serial_node]: Serial error: [Errno 5] Input/output error
[decoded_serial_node-3] [ERROR] [1791264833.460897868] [bw_dr03_decoded_serial_node]: Serial error: [Errno 5] Input/output error
[decoded_serial_node-3] [ERROR] [1791264833.465942797] [bw_dr03_decoded_serial_node]: Serial error: [Errno 5] Input/output error
[decoded_serial_node-3] [ERROR] [1791264833.471025721] [bw_dr03_decoded_serial_node]: Serial error: [Errno 5] Input/output error
[decoded_serial_node-3] [ERROR] [1791264833.475913924] [bw_dr03_decoded_serial_node]: Serial error: [Errno 5] Input/output error
[decoded_serial_node-3] [ERROR] [1791264833.480920859] [bw_dr03_decoded_serial_node]: Serial error: [Errno 5] Input/output error
[rssi_scanner-4] [WARN] [1791264833.482545115] [rssi_scanner_node]: Khong thay beacon 5 s — beacon tat / het pin / qua xa?
[decoded_serial_node-3] [ERROR] [1791264833.485919483] [bw_dr03_decoded_serial_node]: Serial error: [Errno 5] Input/output error
[decoded_serial_node-3] [ERROR] [1791264833.490937104] [bw_dr03_decoded_serial_node]: Serial error: [Errno 5] Input/output error
[decoded_serial_node-3] [ERROR] [1791264833.495904857] [bw_dr03_decoded_serial_node]: Serial error: [Errno 5] Input/output error
[decoded_serial_node-3] [ERROR] [1791264833.500950974] [bw_dr03_decoded_serial_node]: Serial error: [Errno 5] Input/output error
[decoded_serial_node-3] [ERROR] [1791264833.505921102] [bw_dr03_decoded_serial_node]: Serial error: [Errno 5] Input/output error
[decoded_serial_node-3] [ERROR] [1791264833.510961282] [bw_dr03_decoded_serial_node]: Serial error: [Errno 5] Input/output error
[decoded_serial_node-3] [ERROR] [1791264833.515931410] [bw_dr03_decoded_serial_node]: Serial error: [Errno 5] Input/output error
[decoded_serial_node-3] [ERROR] [1791264833.521087947] [bw_dr03_decoded_serial_node]: Serial error: [Errno 5] Input/output error
[decoded_serial_node-3] [ERROR] [1791264833.525928657] [bw_dr03_decoded_serial_node]: Serial error: [Errno 5] Input/output error
[decoded_serial_node-3] [ERROR] [1791264833.531061448] [bw_dr03_decoded_serial_node]: Serial error: [Errno 5] Input/output error
[decoded_serial_node-3] [ERROR] [1791264833.536457825] [bw_dr03_decoded_serial_node]: Serial error: [Errno 5] Input/output error
[decoded_serial_node-3] [ERROR] [1791264833.540958961] [bw_dr03_decoded_serial_node]: Serial error: [Errno 5] Input/output error
[decoded_serial_node-3] [ERROR] [1791264833.546050196] [bw_dr03_decoded_serial_node]: Serial error: [Errno 5] Input/output error
[decoded_serial_node-3] [ERROR] [1791264833.550927713] [bw_dr03_decoded_serial_node]: Serial error: [Errno 5] Input/output error
[decoded_serial_node-3] [ERROR] [1791264833.555965518] [bw_dr03_decoded_serial_node]: Serial error: [Errno 5] Input/output error
[decoded_serial_node-3] [ERROR] [1791264833.561014009] [bw_dr03_decoded_serial_node]: Serial error: [Errno 5] Input/output error
[decoded_serial_node-3] [ERROR] [1791264833.566066063] [bw_dr03_decoded_serial_node]: Serial error: [Errno 5] Input/output error
[decoded_serial_node-3] [ERROR] [1791264833.570935268] [bw_dr03_decoded_serial_node]: Serial error: [Errno 5] Input/output error
[decoded_serial_node-3] [ERROR] [1791264833.575926768] [bw_dr03_decoded_serial_node]: Serial error: [Errno 5] Input/output error
[decoded_serial_node-3] [ERROR] [1791264833.580995444] [bw_dr03_decoded_serial_node]: Serial error: [Errno 5] Input/output error
[decoded_serial_node-3] [ERROR] [1791264833.585933514] [bw_dr03_decoded_serial_node]: Serial error: [Errno 5] Input/output error
[decoded_serial_node-3] [ERROR] [1791264833.590916703] [bw_dr03_decoded_serial_node]: Serial error: [Errno 5] Input/output error
[decoded_serial_node-3] [ERROR] [1791264833.595929575] [bw_dr03_decoded_serial_node]: Serial error: [Errno 5] Input/output error
[decoded_serial_node-3] [ERROR] [1791264833.600929386] [bw_dr03_decoded_serial_node]: Serial error: [Errno 5] Input/output error
[decoded_serial_node-3] [INFO] [1791264833.603119994] [bw_dr03_decoded_serial_node]: RECEIVED /cmd_vel: linear.x=0.0, angular.z=0.0
[decoded_serial_node-3] [ERROR] [1791264833.605918511] [bw_dr03_decoded_serial_node]: Serial error: [Errno 5] Input/output error
[decoded_serial_node-3] [ERROR] [1791264833.610911198] [bw_dr03_decoded_serial_node]: Serial error: [Errno 5] Input/output error
[decoded_serial_node-3] [ERROR] [1791264833.616092669] [bw_dr03_decoded_serial_node]: Serial error: [Errno 5] Input/output error
[decoded_serial_node-3] [ERROR] [1791264833.620915569] [bw_dr03_decoded_serial_node]: Serial error: [Errno 5] Input/output error
[decoded_serial_node-3] [ERROR] [1791264833.625945064] [bw_dr03_decoded_serial_node]: Serial error: [Errno 5] Input/output error
[decoded_serial_node-3] [ERROR] [1791264833.630919941] [bw_dr03_decoded_serial_node]: Serial error: [Errno 5] Input/output error
[decoded_serial_node-3] [ERROR] [1791264833.635937562] [bw_dr03_decoded_serial_node]: Serial error: [Errno 5] Input/output error
[decoded_serial_node-3] [ERROR] [1791264833.640955183] [bw_dr03_decoded_serial_node]: Serial error: [Errno 5] Input/output error
[decoded_serial_node-3] [ERROR] [1791264833.645908688] [bw_dr03_decoded_serial_node]: Serial error: [Errno 5] Input/output error
[decoded_serial_node-3] [ERROR] [1791264833.650884753] [bw_dr03_decoded_serial_node]: Serial error: [Errno 5] Input/output error
[decoded_serial_node-3] [ERROR] [1791264833.655923746] [bw_dr03_decoded_serial_node]: Serial error: [Errno 5] Input/output error
[decoded_serial_node-3] [ERROR] [1791264833.660906934] [bw_dr03_decoded_serial_node]: Serial error: [Errno 5] Input/output error
[decoded_serial_node-3] [ERROR] [1791264833.666076532] [bw_dr03_decoded_serial_node]: Serial error: [Errno 5] Input/output error
[decoded_serial_node-3] [ERROR] [1791264833.670907744] [bw_dr03_decoded_serial_node]: Serial error: [Errno 5] Input/output error
[decoded_serial_node-3] [ERROR] [1791264833.675919428] [bw_dr03_decoded_serial_node]: Serial error: [Errno 5] Input/output error
[decoded_serial_node-3] [ERROR] [1791264833.680948922] [bw_dr03_decoded_serial_node]: Serial error: [Errno 5] Input/output error
[decoded_serial_node-3] [ERROR] [1791264833.685917863] [bw_dr03_decoded_serial_node]: Serial error: [Errno 5] Input/output error
[decoded_serial_node-3] [ERROR] [1791264833.690935484] [bw_dr03_decoded_serial_node]: Serial error: [Errno 5] Input/output error
[decoded_serial_node-3] [ERROR] [1791264833.695925796] [bw_dr03_decoded_serial_node]: Serial error: [Errno 5] Input/output error
[follow_planner-6] [INFO] [1791264833.699898574] [follow_planner_node]: [IDLE] disabled | d=- goc=- | v=0.000 w=0.000 | thoang=-
[decoded_serial_node-3] [ERROR] [1791264833.700995659] [bw_dr03_decoded_serial_node]: Serial error: [Errno 5] Input/output error
[decoded_serial_node-3] [ERROR] [1791264833.705920669] [bw_dr03_decoded_serial_node]: Serial error: [Errno 5] Input/output error
[decoded_serial_node-3] [ERROR] [1791264833.710920480] [bw_dr03_decoded_serial_node]: Serial error: [Errno 5] Input/output error
[decoded_serial_node-3] [ERROR] [1791264833.715958286] [bw_dr03_decoded_serial_node]: Serial error: [Errno 5] Input/output error
[decoded_serial_node-3] [ERROR] [1791264833.720903480] [bw_dr03_decoded_serial_node]: Serial error: [Errno 5] Input/output error
[decoded_serial_node-3] [ERROR] [1791264833.725915164] [bw_dr03_decoded_serial_node]: Serial error: [Errno 5] Input/output error
[decoded_serial_node-3] [ERROR] [1791264833.731089512] [bw_dr03_decoded_serial_node]: Serial error: [Errno 5] Input/output error
[decoded_serial_node-3] [ERROR] [1791264833.735923098] [bw_dr03_decoded_serial_node]: Serial error: [Errno 5] Input/output error
[decoded_serial_node-3] [ERROR] [1791264833.740939531] [bw_dr03_decoded_serial_node]: Serial error: [Errno 5] Input/output error
[decoded_serial_node-3] [ERROR] [1791264833.745913221] [bw_dr03_decoded_serial_node]: Serial error: [Errno 5] Input/output error
[decoded_serial_node-3] [ERROR] [1791264833.750927280] [bw_dr03_decoded_serial_node]: Serial error: [Errno 5] Input/output error
[decoded_serial_node-3] [ERROR] [1791264833.755902158] [bw_dr03_decoded_serial_node]: Serial error: [Errno 5] Input/output error
[decoded_serial_node-3] [ERROR] [1791264833.760926902] [bw_dr03_decoded_serial_node]: Serial error: [Errno 5] Input/output error
[decoded_serial_node-3] [ERROR] [1791264833.765924339] [bw_dr03_decoded_serial_node]: Serial error: [Errno 5] Input/output error
[decoded_serial_node-3] [ERROR] [1791264833.770915839] [bw_dr03_decoded_serial_node]: Serial error: [Errno 5] Input/output error
[decoded_serial_node-3] [ERROR] [1791264833.776116307] [bw_dr03_decoded_serial_node]: Serial error: [Errno 5] Input/output error
[decoded_serial_node-3] [ERROR] [1791264833.780923772] [bw_dr03_decoded_serial_node]: Serial error: [Errno 5] Input/output error
[decoded_serial_node-3] [ERROR] [1791264833.785922396] [bw_dr03_decoded_serial_node]: Serial error: [Errno 5] Input/output error
[decoded_serial_node-3] [ERROR] [1791264833.790943579] [bw_dr03_decoded_serial_node]: Serial error: [Errno 5] Input/output error
[decoded_serial_node-3] [ERROR] [1791264833.795913707] [bw_dr03_decoded_serial_node]: Serial error: [Errno 5] Input/output error
[decoded_serial_node-3] [ERROR] [1791264833.800933702] [bw_dr03_decoded_serial_node]: Serial error: [Errno 5] Input/output error
[decoded_serial_node-3] [ERROR] [1791264833.805935888] [bw_dr03_decoded_serial_node]: Serial error: [Errno 5] Input/output error
[decoded_serial_node-3] [INFO] [1791264833.809765000] [bw_dr03_decoded_serial_node]: RECEIVED /cmd_vel: linear.x=0.0, angular.z=0.0
[decoded_serial_node-3] [ERROR] [1791264833.811224218] [bw_dr03_decoded_serial_node]: Serial error: [Errno 5] Input/output error
[decoded_serial_node-3] [ERROR] [1791264833.815901078] [bw_dr03_decoded_serial_node]: Serial error: [Errno 5] Input/output error
[decoded_serial_node-3] [ERROR] [1791264833.820922261] [bw_dr03_decoded_serial_node]: Serial error: [Errno 5] Input/output error
[decoded_serial_node-3] [ERROR] [1791264833.825930383] [bw_dr03_decoded_serial_node]: Serial error: [Errno 5] Input/output error
[decoded_serial_node-3] [ERROR] [1791264833.830918321] [bw_dr03_decoded_serial_node]: Serial error: [Errno 5] Input/output error
[decoded_serial_node-3] [ERROR] [1791264833.835926443] [bw_dr03_decoded_serial_node]: Serial error: [Errno 5] Input/output error
[decoded_serial_node-3] [ERROR] [1791264833.840919131] [bw_dr03_decoded_serial_node]: Serial error: [Errno 5] Input/output error
[decoded_serial_node-3] [ERROR] [1791264833.845909443] [bw_dr03_decoded_serial_node]: Serial error: [Errno 5] Input/output error
[decoded_serial_node-3] [ERROR] [1791264833.850928251] [bw_dr03_decoded_serial_node]: Serial error: [Errno 5] Input/output error
[decoded_serial_node-3] [ERROR] [1791264833.855929250] [bw_dr03_decoded_serial_node]: Serial error: [Errno 5] Input/output error
[decoded_serial_node-3] [ERROR] [1791264833.861070352] [bw_dr03_decoded_serial_node]: Serial error: [Errno 5] Input/output error
[decoded_serial_node-3] [ERROR] [1791264833.865943120] [bw_dr03_decoded_serial_node]: Serial error: [Errno 5] Input/output error
[decoded_serial_node-3] [ERROR] [1791264833.870894251] [bw_dr03_decoded_serial_node]: Serial error: [Errno 5] Input/output error
[decoded_serial_node-3] [ERROR] [1791264833.875913059] [bw_dr03_decoded_serial_node]: Serial error: [Errno 5] Input/output error
[decoded_serial_node-3] [ERROR] [1791264833.881145585] [bw_dr03_decoded_serial_node]: Serial error: [Errno 5] Input/output error
[decoded_serial_node-3] [ERROR] [1791264833.885911494] [bw_dr03_decoded_serial_node]: Serial error: [Errno 5] Input/output error
[decoded_serial_node-3] [ERROR] [1791264833.890932677] [bw_dr03_decoded_serial_node]: Serial error: [Errno 5] Input/output error
[decoded_serial_node-3] [ERROR] [1791264833.895903992] [bw_dr03_decoded_serial_node]: Serial error: [Errno 5] Input/output error
[decoded_serial_node-3] [ERROR] [1791264833.900889555] [bw_dr03_decoded_serial_node]: Serial error: [Errno 5] Input/output error
[decoded_serial_node-3] [ERROR] [1791264833.905953482] [bw_dr03_decoded_serial_node]: Serial error: [Errno 5] Input/output error
[decoded_serial_node-3] [ERROR] [1791264833.911106457] [bw_dr03_decoded_serial_node]: Serial error: [Errno 5] Input/output error
[decoded_serial_node-3] [ERROR] [1791264833.916108643] [bw_dr03_decoded_serial_node]: Serial error: [Errno 5] Input/output error
[decoded_serial_node-3] [ERROR] [1791264833.920930356] [bw_dr03_decoded_serial_node]: Serial error: [Errno 5] Input/output error
[decoded_serial_node-3] [ERROR] [1791264833.925955101] [bw_dr03_decoded_serial_node]: Serial error: [Errno 5] Input/output error
[decoded_serial_node-3] [ERROR] [1791264833.931127074] [bw_dr03_decoded_serial_node]: Serial error: [Errno 5] Input/output error
[decoded_serial_node-3] [ERROR] [1791264833.935920291] [bw_dr03_decoded_serial_node]: Serial error: [Errno 5] Input/output error
[decoded_serial_node-3] [ERROR] [1791264833.940929600] [bw_dr03_decoded_serial_node]: Serial error: [Errno 5] Input/output error
[decoded_serial_node-3] [ERROR] [1791264833.946074265] [bw_dr03_decoded_serial_node]: Serial error: [Errno 5] Input/output error
[decoded_serial_node-3] [ERROR] [1791264833.950916162] [bw_dr03_decoded_serial_node]: Serial error: [Errno 5] Input/output error
[decoded_serial_node-3] [ERROR] [1791264833.955936158] [bw_dr03_decoded_serial_node]: Serial error: [Errno 5] Input/output error
[decoded_serial_node-3] [ERROR] [1791264833.961028580] [bw_dr03_decoded_serial_node]: Serial error: [Errno 5] Input/output error
[decoded_serial_node-3] [ERROR] [1791264833.966045013] [bw_dr03_decoded_serial_node]: Serial error: [Errno 5] Input/output error
[decoded_serial_node-3] [ERROR] [1791264833.970951026] [bw_dr03_decoded_serial_node]: Serial error: [Errno 5] Input/output error
[decoded_serial_node-3] [ERROR] [1791264833.975972209] [bw_dr03_decoded_serial_node]: Serial error: [Errno 5] Input/output error
[decoded_serial_node-3] [ERROR] [1791264833.980937588] [bw_dr03_decoded_serial_node]: Serial error: [Errno 5] Input/output error
[decoded_serial_node-3] [ERROR] [1791264833.985939773] [bw_dr03_decoded_serial_node]: Serial error: [Errno 5] Input/output error
[decoded_serial_node-3] [ERROR] [1791264833.991118870] [bw_dr03_decoded_serial_node]: Serial error: [Errno 5] Input/output error
[decoded_serial_node-3] [ERROR] [1791264833.995957205] [bw_dr03_decoded_serial_node]: Serial error: [Errno 5] Input/output error
[decoded_serial_node-3] [ERROR] [1791264834.000942769] [bw_dr03_decoded_serial_node]: Serial error: [Errno 5] Input/output error
[decoded_serial_node-3] [ERROR] [1791264834.005929519] [bw_dr03_decoded_serial_node]: Serial error: [Errno 5] Input/output error
[decoded_serial_node-3] [ERROR] [1791264834.010953077] [bw_dr03_decoded_serial_node]: Serial error: [Errno 5] Input/output error
[decoded_serial_node-3] [ERROR] [1791264834.015946951] [bw_dr03_decoded_serial_node]: Serial error: [Errno 5] Input/output error
[decoded_serial_node-3] [INFO] [1791264834.017558146] [bw_dr03_decoded_serial_node]: RECEIVED /cmd_vel: linear.x=0.0, angular.z=0.0
[decoded_serial_node-3] [ERROR] [1791264834.021006128] [bw_dr03_decoded_serial_node]: Serial error: [Errno 5] Input/output error
[decoded_serial_node-3] [ERROR] [1791264834.025948948] [bw_dr03_decoded_serial_node]: Serial error: [Errno 5] Input/output error
[decoded_serial_node-3] [ERROR] [1791264834.030919076] [bw_dr03_decoded_serial_node]: Serial error: [Errno 5] Input/output error
[decoded_serial_node-3] [ERROR] [1791264834.035915325] [bw_dr03_decoded_serial_node]: Serial error: [Errno 5] Input/output error
[decoded_serial_node-3] [ERROR] [1791264834.040927009] [bw_dr03_decoded_serial_node]: Serial error: [Errno 5] Input/output error
[decoded_serial_node-3] [ERROR] [1791264834.046055051] [bw_dr03_decoded_serial_node]: Serial error: [Errno 5] Input/output error
[decoded_serial_node-3] [ERROR] [1791264834.050924256] [bw_dr03_decoded_serial_node]: Serial error: [Errno 5] Input/output error
[decoded_serial_node-3] [ERROR] [1791264834.055963249] [bw_dr03_decoded_serial_node]: Serial error: [Errno 5] Input/output error
[decoded_serial_node-3] [ERROR] [1791264834.060963060] [bw_dr03_decoded_serial_node]: Serial error: [Errno 5] Input/output error
[decoded_serial_node-3] [ERROR] [1791264834.065950998] [bw_dr03_decoded_serial_node]: Serial error: [Errno 5] Input/output error
[decoded_serial_node-3] [ERROR] [1791264834.070989990] [bw_dr03_decoded_serial_node]: Serial error: [Errno 5] Input/output error
[decoded_serial_node-3] [ERROR] [1791264834.075943496] [bw_dr03_decoded_serial_node]: Serial error: [Errno 5] Input/output error
[decoded_serial_node-3] [ERROR] [1791264834.080963491] [bw_dr03_decoded_serial_node]: Serial error: [Errno 5] Input/output error
[decoded_serial_node-3] [ERROR] [1791264834.086060663] [bw_dr03_decoded_serial_node]: Serial error: [Errno 5] Input/output error
[decoded_serial_node-3] [ERROR] [1791264834.090938180] [bw_dr03_decoded_serial_node]: Serial error: [Errno 5] Input/output error
[decoded_serial_node-3] [ERROR] [1791264834.095939178] [bw_dr03_decoded_serial_node]: Serial error: [Errno 5] Input/output error
[decoded_serial_node-3] [ERROR] [1791264834.100858251] [bw_dr03_decoded_serial_node]: Serial error: [Errno 5] Input/output error
[decoded_serial_node-3] [ERROR] [1791264834.106050408] [bw_dr03_decoded_serial_node]: Serial error: [Errno 5] Input/output error
[decoded_serial_node-3] [ERROR] [1791264834.110945735] [bw_dr03_decoded_serial_node]: Serial error: [Errno 5] Input/output error
[decoded_serial_node-3] [ERROR] [1791264834.116025096] [bw_dr03_decoded_serial_node]: Serial error: [Errno 5] Input/output error
[decoded_serial_node-3] [ERROR] [1791264834.120940608] [bw_dr03_decoded_serial_node]: Serial error: [Errno 5] Input/output error
[decoded_serial_node-3] [ERROR] [1791264834.126003347] [bw_dr03_decoded_serial_node]: Serial error: [Errno 5] Input/output error
[decoded_serial_node-3] [ERROR] [1791264834.130912921] [bw_dr03_decoded_serial_node]: Serial error: [Errno 5] Input/output error
[decoded_serial_node-3] [ERROR] [1791264834.135966162] [bw_dr03_decoded_serial_node]: Serial error: [Errno 5] Input/output error
[decoded_serial_node-3] [ERROR] [1791264834.141015840] [bw_dr03_decoded_serial_node]: Serial error: [Errno 5] Input/output error
[decoded_serial_node-3] [ERROR] [1791264834.146013277] [bw_dr03_decoded_serial_node]: Serial error: [Errno 5] Input/output error
[decoded_serial_node-3] [ERROR] [1791264834.150915727] [bw_dr03_decoded_serial_node]: Serial error: [Errno 5] Input/output error
[decoded_serial_node-3] [ERROR] [1791264834.155952345] [bw_dr03_decoded_serial_node]: Serial error: [Errno 5] Input/output error
[decoded_serial_node-3] [ERROR] [1791264834.161163500] [bw_dr03_decoded_serial_node]: Serial error: [Errno 5] Input/output error
[decoded_serial_node-3] [ERROR] [1791264834.166754597] [bw_dr03_decoded_serial_node]: Serial error: [Errno 5] Input/output error
[decoded_serial_node-3] [ERROR] [1791264834.171188055] [bw_dr03_decoded_serial_node]: Serial error: [Errno 5] Input/output error
[decoded_serial_node-3] [ERROR] [1791264834.176829020] [bw_dr03_decoded_serial_node]: Serial error: [Errno 5] Input/output error
[decoded_serial_node-3] [ERROR] [1791264834.181510629] [bw_dr03_decoded_serial_node]: Serial error: [Errno 5] Input/output error
[decoded_serial_node-3] [ERROR] [1791264834.185952399] [bw_dr03_decoded_serial_node]: Serial error: [Errno 5] Input/output error
[decoded_serial_node-3] [ERROR] [1791264834.190920152] [bw_dr03_decoded_serial_node]: Serial error: [Errno 5] Input/output error
[decoded_serial_node-3] [ERROR] [1791264834.195943710] [bw_dr03_decoded_serial_node]: Serial error: [Errno 5] Input/output error
[decoded_serial_node-3] [ERROR] [1791264834.201040881] [bw_dr03_decoded_serial_node]: Serial error: [Errno 5] Input/output error
[decoded_serial_node-3] [ERROR] [1791264834.206691344] [bw_dr03_decoded_serial_node]: Serial error: [Errno 5] Input/output error
[decoded_serial_node-3] [ERROR] [1791264834.210932457] [bw_dr03_decoded_serial_node]: Serial error: [Errno 5] Input/output error
[decoded_serial_node-3] [ERROR] [1791264834.216191104] [bw_dr03_decoded_serial_node]: Serial error: [Errno 5] Input/output error
[decoded_serial_node-3] [INFO] [1791264834.219057298] [bw_dr03_decoded_serial_node]: RECEIVED /cmd_vel: linear.x=0.0, angular.z=0.0
[decoded_serial_node-3] [ERROR] [1791264834.221177854] [bw_dr03_decoded_serial_node]: Serial error: [Errno 5] Input/output error
[decoded_serial_node-3] [ERROR] [1791264834.225918829] [bw_dr03_decoded_serial_node]: Serial error: [Errno 5] Input/output error
[decoded_serial_node-3] [ERROR] [1791264834.231038560] [bw_dr03_decoded_serial_node]: Serial error: [Errno 5] Input/output error
[decoded_serial_node-3] [ERROR] [1791264834.235929137] [bw_dr03_decoded_serial_node]: Serial error: [Errno 5] Input/output error
[decoded_serial_node-3] [ERROR] [1791264834.241387254] [bw_dr03_decoded_serial_node]: Serial error: [Errno 5] Input/output error
[decoded_serial_node-3] [ERROR] [1791264834.245943007] [bw_dr03_decoded_serial_node]: Serial error: [Errno 5] Input/output error
[decoded_serial_node-3] [ERROR] [1791264834.250997435] [bw_dr03_decoded_serial_node]: Serial error: [Errno 5] Input/output error
[decoded_serial_node-3] [ERROR] [1791264834.256012681] [bw_dr03_decoded_serial_node]: Serial error: [Errno 5] Input/output error
[decoded_serial_node-3] [ERROR] [1791264834.261032677] [bw_dr03_decoded_serial_node]: Serial error: [Errno 5] Input/output error
[decoded_serial_node-3] [ERROR] [1791264834.265928003] [bw_dr03_decoded_serial_node]: Serial error: [Errno 5] Input/output error
[decoded_serial_node-3] [ERROR] [1791264834.270993117] [bw_dr03_decoded_serial_node]: Serial error: [Errno 5] Input/output error
[decoded_serial_node-3] [ERROR] [1791264834.276478542] [bw_dr03_decoded_serial_node]: Serial error: [Errno 5] Input/output error
[decoded_serial_node-3] [ERROR] [1791264834.280930998] [bw_dr03_decoded_serial_node]: Serial error: [Errno 5] Input/output error
[decoded_serial_node-3] [ERROR] [1791264834.285936746] [bw_dr03_decoded_serial_node]: Serial error: [Errno 5] Input/output error
[decoded_serial_node-3] [ERROR] [1791264834.290950805] [bw_dr03_decoded_serial_node]: Serial error: [Errno 5] Input/output error
[decoded_serial_node-3] [ERROR] [1791264834.295912621] [bw_dr03_decoded_serial_node]: Serial error: [Errno 5] Input/output error
[decoded_serial_node-3] [ERROR] [1791264834.300915994] [bw_dr03_decoded_serial_node]: Serial error: [Errno 5] Input/output error
[decoded_serial_node-3] [ERROR] [1791264834.305911056] [bw_dr03_decoded_serial_node]: Serial error: [Errno 5] Input/output error
[decoded_serial_node-3] [ERROR] [1791264834.310914429] [bw_dr03_decoded_serial_node]: Serial error: [Errno 5] Input/output error
[decoded_serial_node-3] [ERROR] [1791264834.315915428] [bw_dr03_decoded_serial_node]: Serial error: [Errno 5] Input/output error
[decoded_serial_node-3] [ERROR] [1791264834.320915239] [bw_dr03_decoded_serial_node]: Serial error: [Errno 5] Input/output error
[decoded_serial_node-3] [ERROR] [1791264834.325899614] [bw_dr03_decoded_serial_node]: Serial error: [Errno 5] Input/output error
[decoded_serial_node-3] [ERROR] [1791264834.330929108] [bw_dr03_decoded_serial_node]: Serial error: [Errno 5] Input/output error
[decoded_serial_node-3] [ERROR] [1791264834.335854118] [bw_dr03_decoded_serial_node]: Serial error: [Errno 5] Input/output error
[decoded_serial_node-3] [ERROR] [1791264834.340922794] [bw_dr03_decoded_serial_node]: Serial error: [Errno 5] Input/output error
[decoded_serial_node-3] [ERROR] [1791264834.346085268] [bw_dr03_decoded_serial_node]: Serial error: [Errno 5] Input/output error
[decoded_serial_node-3] [ERROR] [1791264834.350912917] [bw_dr03_decoded_serial_node]: Serial error: [Errno 5] Input/output error
[decoded_serial_node-3] [ERROR] [1791264834.355938849] [bw_dr03_decoded_serial_node]: Serial error: [Errno 5] Input/output error
[decoded_serial_node-3] [ERROR] [1791264834.360916101] [bw_dr03_decoded_serial_node]: Serial error: [Errno 5] Input/output error
[decoded_serial_node-3] [ERROR] [1791264834.365930160] [bw_dr03_decoded_serial_node]: Serial error: [Errno 5] Input/output error
[decoded_serial_node-3] [ERROR] [1791264834.370887228] [bw_dr03_decoded_serial_node]: Serial error: [Errno 5] Input/output error
[decoded_serial_node-3] [ERROR] [1791264834.375909598] [bw_dr03_decoded_serial_node]: Serial error: [Errno 5] Input/output error
[rssi_scanner-4] [INFO] [1791264834.378267618] [rssi_scanner_node]: /dev/serial/by-path/pci-0000:05:00.3-usb-0:2.1.1:1.0-port0: da mo
[decoded_serial_node-3] [ERROR] [1791264834.380877351] [bw_dr03_decoded_serial_node]: Serial error: [Errno 5] Input/output error
[decoded_serial_node-3] [ERROR] [1791264834.385919906] [bw_dr03_decoded_serial_node]: Serial error: [Errno 5] Input/output error
[decoded_serial_node-3] [ERROR] [1791264834.390990956] [bw_dr03_decoded_serial_node]: Serial error: [Errno 5] Input/output error
[decoded_serial_node-3] [ERROR] [1791264834.395917153] [bw_dr03_decoded_serial_node]: Serial error: [Errno 5] Input/output error
[decoded_serial_node-3] [ERROR] [1791264834.400941898] [bw_dr03_decoded_serial_node]: Serial error: [Errno 5] Input/output error
[decoded_serial_node-3] [ERROR] [1791264834.405926274] [bw_dr03_decoded_serial_node]: Serial error: [Errno 5] Input/output error
[decoded_serial_node-3] [ERROR] [1791264834.410924897] [bw_dr03_decoded_serial_node]: Serial error: [Errno 5] Input/output error
[decoded_serial_node-3] [ERROR] [1791264834.415922334] [bw_dr03_decoded_serial_node]: Serial error: [Errno 5] Input/output error
[rssi_scanner-4] [INFO] [1791264834.420858029] [rssi_scanner_node]: /dev/serial/by-path/pci-0000:05:00.3-usb-0:2.1.2:1.0-port0: da mo
[decoded_serial_node-3] [INFO] [1791264834.420945891] [bw_dr03_decoded_serial_node]: RECEIVED /cmd_vel: linear.x=0.0, angular.z=0.0
[decoded_serial_node-3] [ERROR] [1791264834.422552337] [bw_dr03_decoded_serial_node]: Serial error: [Errno 5] Input/output error
[decoded_serial_node-3] [ERROR] [1791264834.426070371] [bw_dr03_decoded_serial_node]: Serial error: [Errno 5] Input/output error
[decoded_serial_node-3] [ERROR] [1791264834.430430216] [bw_dr03_decoded_serial_node]: Serial error: [Errno 5] Input/output error
[decoded_serial_node-3] [ERROR] [1791264834.436167353] [bw_dr03_decoded_serial_node]: Serial error: [Errno 5] Input/output error
[decoded_serial_node-3] [ERROR] [1791264834.440469019] [bw_dr03_decoded_serial_node]: Serial error: [Errno 5] Input/output error
[rssi_scanner-4] [INFO] [1791264834.441600537] [rssi_scanner_node]: /dev/serial/by-path/pci-0000:05:00.3-usb-0:2.1.3:1.0-port0: da mo
[decoded_serial_node-3] [ERROR] [1791264834.445550756] [bw_dr03_decoded_serial_node]: Serial error: [Errno 5] Input/output error
[decoded_serial_node-3] [ERROR] [1791264834.450501886] [bw_dr03_decoded_serial_node]: Serial error: [Errno 5] Input/output error
[decoded_serial_node-3] [ERROR] [1791264834.455933882] [bw_dr03_decoded_serial_node]: Serial error: [Errno 5] Input/output error
[decoded_serial_node-3] [ERROR] [1791264834.460993060] [bw_dr03_decoded_serial_node]: Serial error: [Errno 5] Input/output error
[decoded_serial_node-3] [INFO] [1791264834.462550825] [bw_dr03_decoded_serial_node]: RECEIVED /cmd_vel: linear.x=0.0, angular.z=0.0
[decoded_serial_node-3] [ERROR] [1791264834.465943003] [bw_dr03_decoded_serial_node]: Serial error: [Errno 5] Input/output error
[decoded_serial_node-3] [ERROR] [1791264834.470936877] [bw_dr03_decoded_serial_node]: Serial error: [Errno 5] Input/output error
[decoded_serial_node-3] [ERROR] [1791264834.475928377] [bw_dr03_decoded_serial_node]: Serial error: [Errno 5] Input/output error
[decoded_serial_node-3] [ERROR] [1791264834.481405491] [bw_dr03_decoded_serial_node]: Serial error: [Errno 5] Input/output error
[decoded_serial_node-3] [ERROR] [1791264834.485950558] [bw_dr03_decoded_serial_node]: Serial error: [Errno 5] Input/output error
[decoded_serial_node-3] [ERROR] [1791264834.490953931] [bw_dr03_decoded_serial_node]: Serial error: [Errno 5] Input/output error
[decoded_serial_node-3] [ERROR] [1791264834.495935933] [bw_dr03_decoded_serial_node]: Serial error: [Errno 5] Input/output error
[decoded_serial_node-3] [ERROR] [1791264834.500913184] [bw_dr03_decoded_serial_node]: Serial error: [Errno 5] Input/output error
[decoded_serial_node-3] [ERROR] [1791264834.506022229] [bw_dr03_decoded_serial_node]: Serial error: [Errno 5] Input/output error
[decoded_serial_node-3] [ERROR] [1791264834.510934178] [bw_dr03_decoded_serial_node]: Serial error: [Errno 5] Input/output error
[decoded_serial_node-3] [INFO] [1791264834.512603552] [bw_dr03_decoded_serial_node]: RECEIVED /cmd_vel: linear.x=0.0, angular.z=0.0
[decoded_serial_node-3] [ERROR] [1791264834.515920929] [bw_dr03_decoded_serial_node]: Serial error: [Errno 5] Input/output error
[decoded_serial_node-3] [ERROR] [1791264834.520914803] [bw_dr03_decoded_serial_node]: Serial error: [Errno 5] Input/output error
[decoded_serial_node-3] [ERROR] [1791264834.525946672] [bw_dr03_decoded_serial_node]: Serial error: [Errno 5] Input/output error
[decoded_serial_node-3] [ERROR] [1791264834.530944108] [bw_dr03_decoded_serial_node]: Serial error: [Errno 5] Input/output error
[decoded_serial_node-3] [ERROR] [1791264834.535939170] [bw_dr03_decoded_serial_node]: Serial error: [Errno 5] Input/output error
[decoded_serial_node-3] [ERROR] [1791264834.540948480] [bw_dr03_decoded_serial_node]: Serial error: [Errno 5] Input/output error
[decoded_serial_node-3] [ERROR] [1791264834.546042089] [bw_dr03_decoded_serial_node]: Serial error: [Errno 5] Input/output error
[decoded_serial_node-3] [ERROR] [1791264834.550925542] [bw_dr03_decoded_serial_node]: Serial error: [Errno 5] Input/output error
[decoded_serial_node-3] [INFO] [1791264834.553718123] [bw_dr03_decoded_serial_node]: RECEIVED /cmd_vel: linear.x=0.0, angular.z=0.0
[decoded_serial_node-3] [ERROR] [1791264834.555991844] [bw_dr03_decoded_serial_node]: Serial error: [Errno 5] Input/output error
[decoded_serial_node-3] [ERROR] [1791264834.560958410] [bw_dr03_decoded_serial_node]: Serial error: [Errno 5] Input/output error
[decoded_serial_node-3] [ERROR] [1791264834.565989091] [bw_dr03_decoded_serial_node]: Serial error: [Errno 5] Input/output error
[decoded_serial_node-3] [ERROR] [1791264834.570963968] [bw_dr03_decoded_serial_node]: Serial error: [Errno 5] Input/output error
[decoded_serial_node-3] [ERROR] [1791264834.575945969] [bw_dr03_decoded_serial_node]: Serial error: [Errno 5] Input/output error
[decoded_serial_node-3] [ERROR] [1791264834.580956466] [bw_dr03_decoded_serial_node]: Serial error: [Errno 5] Input/output error
[decoded_serial_node-3] [ERROR] [1791264834.585939655] [bw_dr03_decoded_serial_node]: Serial error: [Errno 5] Input/output error
[decoded_serial_node-3] [ERROR] [1791264834.590953714] [bw_dr03_decoded_serial_node]: Serial error: [Errno 5] Input/output error
[decoded_serial_node-3] [ERROR] [1791264834.595953525] [bw_dr03_decoded_serial_node]: Serial error: [Errno 5] Input/output error
[decoded_serial_node-3] [ERROR] [1791264834.600927215] [bw_dr03_decoded_serial_node]: Serial error: [Errno 5] Input/output error
[follow_planner-6] [INFO] [1791264834.601679976] [follow_planner_node]: Bam nguoi: TAT
[decoded_serial_node-3] [ERROR] [1791264834.606144305] [bw_dr03_decoded_serial_node]: Serial error: [Errno 5] Input/output error
[decoded_serial_node-3] [ERROR] [1791264834.610944646] [bw_dr03_decoded_serial_node]: Serial error: [Errno 5] Input/output error
[decoded_serial_node-3] [ERROR] [1791264834.616003824] [bw_dr03_decoded_serial_node]: Serial error: [Errno 5] Input/output error
[decoded_serial_node-3] [ERROR] [1791264834.620954954] [bw_dr03_decoded_serial_node]: Serial error: [Errno 5] Input/output error
[decoded_serial_node-3] [ERROR] [1791264834.626092495] [bw_dr03_decoded_serial_node]: Serial error: [Errno 5] Input/output error
[decoded_serial_node-3] [ERROR] [1791264834.630718299] [bw_dr03_decoded_serial_node]: Serial error: [Errno 5] Input/output error
[decoded_serial_node-3] [ERROR] [1791264834.635494894] [bw_dr03_decoded_serial_node]: Serial error: [Errno 5] Input/output error
[decoded_serial_node-3] [ERROR] [1791264834.640470959] [bw_dr03_decoded_serial_node]: Serial error: [Errno 5] Input/output error
[decoded_serial_node-3] [ERROR] [1791264834.646047808] [bw_dr03_decoded_serial_node]: Serial error: [Errno 5] Input/output error
[decoded_serial_node-3] [ERROR] [1791264834.651019123] [bw_dr03_decoded_serial_node]: Serial error: [Errno 5] Input/output error
[decoded_serial_node-3] [ERROR] [1791264834.655908513] [bw_dr03_decoded_serial_node]: Serial error: [Errno 5] Input/output error
[decoded_serial_node-3] [ERROR] [1791264834.660965316] [bw_dr03_decoded_serial_node]: Serial error: [Errno 5] Input/output error
[decoded_serial_node-3] [ERROR] [1791264834.665988873] [bw_dr03_decoded_serial_node]: Serial error: [Errno 5] Input/output error
[decoded_serial_node-3] [ERROR] [1791264834.671078921] [bw_dr03_decoded_serial_node]: Serial error: [Errno 5] Input/output error
[decoded_serial_node-3] [ERROR] [1791264834.675990870] [bw_dr03_decoded_serial_node]: Serial error: [Errno 5] Input/output error
[decoded_serial_node-3] [ERROR] [1791264834.680947937] [bw_dr03_decoded_serial_node]: Serial error: [Errno 5] Input/output error
[decoded_serial_node-3] [ERROR] [1791264834.685980993] [bw_dr03_decoded_serial_node]: Serial error: [Errno 5] Input/output error
[decoded_serial_node-3] [ERROR] [1791264834.690966557] [bw_dr03_decoded_serial_node]: Serial error: [Errno 5] Input/output error
[decoded_serial_node-3] [ERROR] [1791264834.695952120] [bw_dr03_decoded_serial_node]: Serial error: [Errno 5] Input/output error
[decoded_serial_node-3] [ERROR] [1791264834.700931746] [bw_dr03_decoded_serial_node]: Serial error: [Errno 5] Input/output error
[decoded_serial_node-3] [ERROR] [1791264834.706019419] [bw_dr03_decoded_serial_node]: Serial error: [Errno 5] Input/output error
[decoded_serial_node-3] [ERROR] [1791264834.710927806] [bw_dr03_decoded_serial_node]: Serial error: [Errno 5] Input/output error
[decoded_serial_node-3] [ERROR] [1791264834.715947802] [bw_dr03_decoded_serial_node]: Serial error: [Errno 5] Input/output error
[decoded_serial_node-3] [ERROR] [1791264834.720990356] [bw_dr03_decoded_serial_node]: Serial error: [Errno 5] Input/output error
[decoded_serial_node-3] [ERROR] [1791264834.725930801] [bw_dr03_decoded_serial_node]: Serial error: [Errno 5] Input/output error
[decoded_serial_node-3] [ERROR] [1791264834.730940111] [bw_dr03_decoded_serial_node]: Serial error: [Errno 5] Input/output error
[decoded_serial_node-3] [ERROR] [1791264834.736178574] [bw_dr03_decoded_serial_node]: Serial error: [Errno 5] Input/output error
[decoded_serial_node-3] [ERROR] [1791264834.740924298] [bw_dr03_decoded_serial_node]: Serial error: [Errno 5] Input/output error
[decoded_serial_node-3] [ERROR] [1791264834.745857619] [bw_dr03_decoded_serial_node]: Serial error: [Errno 5] Input/output error
[decoded_serial_node-3] [ERROR] [1791264834.750915609] [bw_dr03_decoded_serial_node]: Serial error: [Errno 5] Input/output error
[decoded_serial_node-3] [ERROR] [1791264834.755914232] [bw_dr03_decoded_serial_node]: Serial error: [Errno 5] Input/output error
[decoded_serial_node-3] [ERROR] [1791264834.760949663] [bw_dr03_decoded_serial_node]: Serial error: [Errno 5] Input/output error
[decoded_serial_node-3] [ERROR] [1791264834.765988656] [bw_dr03_decoded_serial_node]: Serial error: [Errno 5] Input/output error
[follow_planner-6] [INFO] [1791264834.766663054] [follow_planner_node]: [IDLE] disabled | d=- goc=- | v=0.000 w=0.000 | thoang=-
[decoded_serial_node-3] [ERROR] [1791264834.771014588] [bw_dr03_decoded_serial_node]: Serial error: [Errno 5] Input/output error
[decoded_serial_node-3] [ERROR] [1791264834.776029834] [bw_dr03_decoded_serial_node]: Serial error: [Errno 5] Input/output error
[decoded_serial_node-3] [ERROR] [1791264834.780940596] [bw_dr03_decoded_serial_node]: Serial error: [Errno 5] Input/output error
[decoded_serial_node-3] [ERROR] [1791264834.785941594] [bw_dr03_decoded_serial_node]: Serial error: [Errno 5] Input/output error
[decoded_serial_node-3] [ERROR] [1791264834.790947342] [bw_dr03_decoded_serial_node]: Serial error: [Errno 5] Input/output error
[decoded_serial_node-3] [ERROR] [1791264834.795943591] [bw_dr03_decoded_serial_node]: Serial error: [Errno 5] Input/output error
[decoded_serial_node-3] [ERROR] [1791264834.800960024] [bw_dr03_decoded_serial_node]: Serial error: [Errno 5] Input/output error
[decoded_serial_node-3] [ERROR] [1791264834.805965772] [bw_dr03_decoded_serial_node]: Serial error: [Errno 5] Input/output error
[decoded_serial_node-3] [ERROR] [1791264834.810938275] [bw_dr03_decoded_serial_node]: Serial error: [Errno 5] Input/output error
[decoded_serial_node-3] [ERROR] [1791264834.816190985] [bw_dr03_decoded_serial_node]: Serial error: [Errno 5] Input/output error
[decoded_serial_node-3] [ERROR] [1791264834.821596860] [bw_dr03_decoded_serial_node]: Serial error: [Errno 5] Input/output error
[decoded_serial_node-3] [ERROR] [1791264834.825436658] [bw_dr03_decoded_serial_node]: Serial error: [Errno 5] Input/output error
[decoded_serial_node-3] [ERROR] [1791264834.830810475] [bw_dr03_decoded_serial_node]: Serial error: [Errno 5] Input/output error
[decoded_serial_node-3] [ERROR] [1791264834.835953952] [bw_dr03_decoded_serial_node]: Serial error: [Errno 5] Input/output error
[decoded_serial_node-3] [ERROR] [1791264834.841032126] [bw_dr03_decoded_serial_node]: Serial error: [Errno 5] Input/output error
[decoded_serial_node-3] [ERROR] [1791264834.845953574] [bw_dr03_decoded_serial_node]: Serial error: [Errno 5] Input/output error
[rssi_bearing-5] [INFO] [1791264834.850598376] [rssi_bearing_node]: chua co huong hop le: xoay chua du
[decoded_serial_node-3] [ERROR] [1791264834.850932013] [bw_dr03_decoded_serial_node]: Serial error: [Errno 5] Input/output error
[decoded_serial_node-3] [ERROR] [1791264834.856188286] [bw_dr03_decoded_serial_node]: Serial error: [Errno 5] Input/output error
[decoded_serial_node-3] [ERROR] [1791264834.860955382] [bw_dr03_decoded_serial_node]: Serial error: [Errno 5] Input/output error
[decoded_serial_node-3] [ERROR] [1791264834.866005060] [bw_dr03_decoded_serial_node]: Serial error: [Errno 5] Input/output error
[decoded_serial_node-3] [ERROR] [1791264834.870945505] [bw_dr03_decoded_serial_node]: Serial error: [Errno 5] Input/output error
[decoded_serial_node-3] [ERROR] [1791264834.876002308] [bw_dr03_decoded_serial_node]: Serial error: [Errno 5] Input/output error
[decoded_serial_node-3] [ERROR] [1791264834.880949877] [bw_dr03_decoded_serial_node]: Serial error: [Errno 5] Input/output error
[decoded_serial_node-3] [ERROR] [1791264834.886005492] [bw_dr03_decoded_serial_node]: Serial error: [Errno 5] Input/output error
[decoded_serial_node-3] [ERROR] [1791264834.891019551] [bw_dr03_decoded_serial_node]: Serial error: [Errno 5] Input/output error
[decoded_serial_node-3] [ERROR] [1791264834.895995615] [bw_dr03_decoded_serial_node]: Serial error: [Errno 5] Input/output error
[decoded_serial_node-3] [ERROR] [1791264834.900962181] [bw_dr03_decoded_serial_node]: Serial error: [Errno 5] Input/output error
[decoded_serial_node-3] [ERROR] [1791264834.906166212] [bw_dr03_decoded_serial_node]: Serial error: [Errno 5] Input/output error
[decoded_serial_node-3] [ERROR] [1791264834.910935682] [bw_dr03_decoded_serial_node]: Serial error: [Errno 5] Input/output error
[decoded_serial_node-3] [ERROR] [1791264834.916070848] [bw_dr03_decoded_serial_node]: Serial error: [Errno 5] Input/output error
[decoded_serial_node-3] [ERROR] [1791264834.921005356] [bw_dr03_decoded_serial_node]: Serial error: [Errno 5] Input/output error
[decoded_serial_node-3] [ERROR] [1791264834.926038412] [bw_dr03_decoded_serial_node]: Serial error: [Errno 5] Input/output error
[decoded_serial_node-3] [ERROR] [1791264834.930924240] [bw_dr03_decoded_serial_node]: Serial error: [Errno 5] Input/output error
[decoded_serial_node-3] [ERROR] [1791264834.935928801] [bw_dr03_decoded_serial_node]: Serial error: [Errno 5] Input/output error
[decoded_serial_node-3] [ERROR] [1791264834.941093649] [bw_dr03_decoded_serial_node]: Serial error: [Errno 5] Input/output error
[decoded_serial_node-3] [ERROR] [1791264834.946019846] [bw_dr03_decoded_serial_node]: Serial error: [Errno 5] Input/output error
[decoded_serial_node-3] [ERROR] [1791264834.951008972] [bw_dr03_decoded_serial_node]: Serial error: [Errno 5] Input/output error
[decoded_serial_node-3] [ERROR] [1791264834.955930419] [bw_dr03_decoded_serial_node]: Serial error: [Errno 5] Input/output error
[decoded_serial_node-3] [ERROR] [1791264834.960958726] [bw_dr03_decoded_serial_node]: Serial error: [Errno 5] Input/output error
[decoded_serial_node-3] [ERROR] [1791264834.965937165] [bw_dr03_decoded_serial_node]: Serial error: [Errno 5] Input/output error
[decoded_serial_node-3] [ERROR] [1791264834.970942913] [bw_dr03_decoded_serial_node]: Serial error: [Errno 5] Input/output error
[decoded_serial_node-3] [ERROR] [1791264834.976027024] [bw_dr03_decoded_serial_node]: Serial error: [Errno 5] Input/output error
[decoded_serial_node-3] [ERROR] [1791264834.980931849] [bw_dr03_decoded_serial_node]: Serial error: [Errno 5] Input/output error
[decoded_serial_node-3] [ERROR] [1791264834.985948283] [bw_dr03_decoded_serial_node]: Serial error: [Errno 5] Input/output error
[decoded_serial_node-3] [ERROR] [1791264834.990942157] [bw_dr03_decoded_serial_node]: Serial error: [Errno 5] Input/output error
[decoded_serial_node-3] [ERROR] [1791264834.995945530] [bw_dr03_decoded_serial_node]: Serial error: [Errno 5] Input/output error
[decoded_serial_node-3] [ERROR] [1791264835.000891912] [bw_dr03_decoded_serial_node]: Serial error: [Errno 5] Input/output error
[decoded_serial_node-3] [ERROR] [1791264835.006052011] [bw_dr03_decoded_serial_node]: Serial error: [Errno 5] Input/output error
[decoded_serial_node-3] [ERROR] [1791264835.011088629] [bw_dr03_decoded_serial_node]: Serial error: [Errno 5] Input/output error
[decoded_serial_node-3] [ERROR] [1791264835.015956647] [bw_dr03_decoded_serial_node]: Serial error: [Errno 5] Input/output error
[decoded_serial_node-3] [ERROR] [1791264835.020936274] [bw_dr03_decoded_serial_node]: Serial error: [Errno 5] Input/output error
[decoded_serial_node-3] [ERROR] [1791264835.025938459] [bw_dr03_decoded_serial_node]: Serial error: [Errno 5] Input/output error
[decoded_serial_node-3] [ERROR] [1791264835.030925210] [bw_dr03_decoded_serial_node]: Serial error: [Errno 5] Input/output error
[decoded_serial_node-3] [ERROR] [1791264835.035928582] [bw_dr03_decoded_serial_node]: Serial error: [Errno 5] Input/output error
[decoded_serial_node-3] [ERROR] [1791264835.041408071] [bw_dr03_decoded_serial_node]: Serial error: [Errno 5] Input/output error
[decoded_serial_node-3] [ERROR] [1791264835.046114614] [bw_dr03_decoded_serial_node]: Serial error: [Errno 5] Input/output error
[decoded_serial_node-3] [ERROR] [1791264835.050933952] [bw_dr03_decoded_serial_node]: Serial error: [Errno 5] Input/output error
[decoded_serial_node-3] [ERROR] [1791264835.055917140] [bw_dr03_decoded_serial_node]: Serial error: [Errno 5] Input/output error
[decoded_serial_node-3] [ERROR] [1791264835.061848999] [bw_dr03_decoded_serial_node]: Serial error: [Errno 5] Input/output error
[decoded_serial_node-3] [ERROR] [1791264835.066204094] [bw_dr03_decoded_serial_node]: Serial error: [Errno 5] Input/output error
[decoded_serial_node-3] [ERROR] [1791264835.071492424] [bw_dr03_decoded_serial_node]: Serial error: [Errno 5] Input/output error
[decoded_serial_node-3] [ERROR] [1791264835.076428120] [bw_dr03_decoded_serial_node]: Serial error: [Errno 5] Input/output error
[decoded_serial_node-3] [ERROR] [1791264835.081232023] [bw_dr03_decoded_serial_node]: Serial error: [Errno 5] Input/output error
[decoded_serial_node-3] [ERROR] [1791264835.086994094] [bw_dr03_decoded_serial_node]: Serial error: [Errno 5] Input/output error
[decoded_serial_node-3] [ERROR] [1791264835.091243518] [bw_dr03_decoded_serial_node]: Serial error: [Errno 5] Input/output error
[decoded_serial_node-3] [ERROR] [1791264835.096391744] [bw_dr03_decoded_serial_node]: Serial error: [Errno 5] Input/output error
[decoded_serial_node-3] [ERROR] [1791264835.101008050] [bw_dr03_decoded_serial_node]: Serial error: [Errno 5] Input/output error
[decoded_serial_node-3] [ERROR] [1791264835.105930685] [bw_dr03_decoded_serial_node]: Serial error: [Errno 5] Input/output error
[decoded_serial_node-3] [ERROR] [1791264835.110951868] [bw_dr03_decoded_serial_node]: Serial error: [Errno 5] Input/output error
[decoded_serial_node-3] [ERROR] [1791264835.116034791] [bw_dr03_decoded_serial_node]: Serial error: [Errno 5] Input/output error
[decoded_serial_node-3] [ERROR] [1791264835.121079720] [bw_dr03_decoded_serial_node]: Serial error: [Errno 5] Input/output error
[decoded_serial_node-3] [ERROR] [1791264835.125916868] [bw_dr03_decoded_serial_node]: Serial error: [Errno 5] Input/output error
[decoded_serial_node-3] [ERROR] [1791264835.130909555] [bw_dr03_decoded_serial_node]: Serial error: [Errno 5] Input/output error
[decoded_serial_node-3] [ERROR] [1791264835.136087464] [bw_dr03_decoded_serial_node]: Serial error: [Errno 5] Input/output error
[decoded_serial_node-3] [ERROR] [1791264835.140950733] [bw_dr03_decoded_serial_node]: Serial error: [Errno 5] Input/output error
[decoded_serial_node-3] [ERROR] [1791264835.146201069] [bw_dr03_decoded_serial_node]: Serial error: [Errno 5] Input/output error
[decoded_serial_node-3] [ERROR] [1791264835.150921860] [bw_dr03_decoded_serial_node]: Serial error: [Errno 5] Input/output error
[decoded_serial_node-3] [ERROR] [1791264835.155963227] [bw_dr03_decoded_serial_node]: Serial error: [Errno 5] Input/output error
[decoded_serial_node-3] [ERROR] [1791264835.161033090] [bw_dr03_decoded_serial_node]: Serial error: [Errno 5] Input/output error
[decoded_serial_node-3] [ERROR] [1791264835.166843841] [bw_dr03_decoded_serial_node]: Serial error: [Errno 5] Input/output error
[decoded_serial_node-3] [ERROR] [1791264835.170918729] [bw_dr03_decoded_serial_node]: Serial error: [Errno 5] Input/output error
[decoded_serial_node-3] [ERROR] [1791264835.175917352] [bw_dr03_decoded_serial_node]: Serial error: [Errno 5] Input/output error
[decoded_serial_node-3] [ERROR] [1791264835.181165313] [bw_dr03_decoded_serial_node]: Serial error: [Errno 5] Input/output error
[decoded_serial_node-3] [ERROR] [1791264835.186017897] [bw_dr03_decoded_serial_node]: Serial error: [Errno 5] Input/output error
[decoded_serial_node-3] [ERROR] [1791264835.190936970] [bw_dr03_decoded_serial_node]: Serial error: [Errno 5] Input/output error
[decoded_serial_node-3] [ERROR] [1791264835.195923720] [bw_dr03_decoded_serial_node]: Serial error: [Errno 5] Input/output error
[decoded_serial_node-3] [ERROR] [1791264835.200931842] [bw_dr03_decoded_serial_node]: Serial error: [Errno 5] Input/output error
[decoded_serial_node-3] [ERROR] [1791264835.205956587] [bw_dr03_decoded_serial_node]: Serial error: [Errno 5] Input/output error
[decoded_serial_node-3] [ERROR] [1791264835.210879222] [bw_dr03_decoded_serial_node]: Serial error: [Errno 5] Input/output error
[decoded_serial_node-3] [ERROR] [1791264835.217173213] [bw_dr03_decoded_serial_node]: Serial error: [Errno 5] Input/output error
[decoded_serial_node-3] [ERROR] [1791264835.220931086] [bw_dr03_decoded_serial_node]: Serial error: [Errno 5] Input/output error
[decoded_serial_node-3] [ERROR] [1791264835.226500811] [bw_dr03_decoded_serial_node]: Serial error: [Errno 5] Input/output error
[decoded_serial_node-3] [ERROR] [1791264835.231480438] [bw_dr03_decoded_serial_node]: Serial error: [Errno 5] Input/output error
[decoded_serial_node-3] [ERROR] [1791264835.236204790] [bw_dr03_decoded_serial_node]: Serial error: [Errno 5] Input/output error
[decoded_serial_node-3] [ERROR] [1791264835.241208163] [bw_dr03_decoded_serial_node]: Serial error: [Errno 5] Input/output error
[decoded_serial_node-3] [ERROR] [1791264835.246516678] [bw_dr03_decoded_serial_node]: Serial error: [Errno 5] Input/output error
[decoded_serial_node-3] [ERROR] [1791264835.250924015] [bw_dr03_decoded_serial_node]: Serial error: [Errno 5] Input/output error
[decoded_serial_node-3] [ERROR] [1791264835.256480680] [bw_dr03_decoded_serial_node]: Serial error: [Errno 5] Input/output error
[decoded_serial_node-3] [ERROR] [1791264835.261240652] [bw_dr03_decoded_serial_node]: Serial error: [Errno 5] Input/output error
[decoded_serial_node-3] [ERROR] [1791264835.266168036] [bw_dr03_decoded_serial_node]: Serial error: [Errno 5] Input/output error
[decoded_serial_node-3] [ERROR] [1791264835.271470614] [bw_dr03_decoded_serial_node]: Serial error: [Errno 5] Input/output error
[decoded_serial_node-3] [ERROR] [1791264835.276754195] [bw_dr03_decoded_serial_node]: Serial error: [Errno 5] Input/output error
[decoded_serial_node-3] [ERROR] [1791264835.281504668] [bw_dr03_decoded_serial_node]: Serial error: [Errno 5] Input/output error
[decoded_serial_node-3] [ERROR] [1791264835.286215960] [bw_dr03_decoded_serial_node]: Serial error: [Errno 5] Input/output error
[decoded_serial_node-3] [ERROR] [1791264835.291376059] [bw_dr03_decoded_serial_node]: Serial error: [Errno 5] Input/output error
[decoded_serial_node-3] [ERROR] [1791264835.296196585] [bw_dr03_decoded_serial_node]: Serial error: [Errno 5] Input/output error
[decoded_serial_node-3] [ERROR] [1791264835.300905502] [bw_dr03_decoded_serial_node]: Serial error: [Errno 5] Input/output error
[decoded_serial_node-3] [ERROR] [1791264835.306174835] [bw_dr03_decoded_serial_node]: Serial error: [Errno 5] Input/output error
[decoded_serial_node-3] [ERROR] [1791264835.311193643] [bw_dr03_decoded_serial_node]: Serial error: [Errno 5] Input/output error
[decoded_serial_node-3] [ERROR] [1791264835.316366803] [bw_dr03_decoded_serial_node]: Serial error: [Errno 5] Input/output error
[decoded_serial_node-3] [ERROR] [1791264835.321207513] [bw_dr03_decoded_serial_node]: Serial error: [Errno 5] Input/output error
[decoded_serial_node-3] [ERROR] [1791264835.326200200] [bw_dr03_decoded_serial_node]: Serial error: [Errno 5] Input/output error
[decoded_serial_node-3] [ERROR] [1791264835.331052783] [bw_dr03_decoded_serial_node]: Serial error: [Errno 5] Input/output error
[decoded_serial_node-3] [ERROR] [1791264835.335908928] [bw_dr03_decoded_serial_node]: Serial error: [Errno 5] Input/output error
[decoded_serial_node-3] [ERROR] [1791264835.341196071] [bw_dr03_decoded_serial_node]: Serial error: [Errno 5] Input/output error
[decoded_serial_node-3] [ERROR] [1791264835.346072400] [bw_dr03_decoded_serial_node]: Serial error: [Errno 5] Input/output error
[decoded_serial_node-3] [ERROR] [1791264835.350953479] [bw_dr03_decoded_serial_node]: Serial error: [Errno 5] Input/output error
[decoded_serial_node-3] [ERROR] [1791264835.355952103] [bw_dr03_decoded_serial_node]: Serial error: [Errno 5] Input/output error
[decoded_serial_node-3] [ERROR] [1791264835.361219061] [bw_dr03_decoded_serial_node]: Serial error: [Errno 5] Input/output error
[decoded_serial_node-3] [ERROR] [1791264835.365993281] [bw_dr03_decoded_serial_node]: Serial error: [Errno 5] Input/output error
[decoded_serial_node-3] [ERROR] [1791264835.371035835] [bw_dr03_decoded_serial_node]: Serial error: [Errno 5] Input/output error
[decoded_serial_node-3] [ERROR] [1791264835.375944222] [bw_dr03_decoded_serial_node]: Serial error: [Errno 5] Input/output error
[decoded_serial_node-3] [ERROR] [1791264835.380922662] [bw_dr03_decoded_serial_node]: Serial error: [Errno 5] Input/output error
[decoded_serial_node-3] [ERROR] [1791264835.385918911] [bw_dr03_decoded_serial_node]: Serial error: [Errno 5] Input/output error
[decoded_serial_node-3] [ERROR] [1791264835.390894975] [bw_dr03_decoded_serial_node]: Serial error: [Errno 5] Input/output error
[decoded_serial_node-3] [ERROR] [1791264835.395952965] [bw_dr03_decoded_serial_node]: Serial error: [Errno 5] Input/output error
[decoded_serial_node-3] [ERROR] [1791264835.400911219] [bw_dr03_decoded_serial_node]: Serial error: [Errno 5] Input/output error
[decoded_serial_node-3] [ERROR] [1791264835.405945463] [bw_dr03_decoded_serial_node]: Serial error: [Errno 5] Input/output error
[decoded_serial_node-3] [ERROR] [1791264835.410963083] [bw_dr03_decoded_serial_node]: Serial error: [Errno 5] Input/output error
[decoded_serial_node-3] [ERROR] [1791264835.416302468] [bw_dr03_decoded_serial_node]: Serial error: [Errno 5] Input/output error
[decoded_serial_node-3] [ERROR] [1791264835.420948458] [bw_dr03_decoded_serial_node]: Serial error: [Errno 5] Input/output error
[decoded_serial_node-3] [ERROR] [1791264835.425922147] [bw_dr03_decoded_serial_node]: Serial error: [Errno 5] Input/output error
[decoded_serial_node-3] [ERROR] [1791264835.430932644] [bw_dr03_decoded_serial_node]: Serial error: [Errno 5] Input/output error
[decoded_serial_node-3] [ERROR] [1791264835.435919395] [bw_dr03_decoded_serial_node]: Serial error: [Errno 5] Input/output error
[decoded_serial_node-3] [ERROR] [1791264835.440964324] [bw_dr03_decoded_serial_node]: Serial error: [Errno 5] Input/output error
[decoded_serial_node-3] [ERROR] [1791264835.446017564] [bw_dr03_decoded_serial_node]: Serial error: [Errno 5] Input/output error
[decoded_serial_node-3] [ERROR] [1791264835.450925951] [bw_dr03_decoded_serial_node]: Serial error: [Errno 5] Input/output error
[decoded_serial_node-3] [ERROR] [1791264835.455909140] [bw_dr03_decoded_serial_node]: Serial error: [Errno 5] Input/output error
[decoded_serial_node-3] [ERROR] [1791264835.460967130] [bw_dr03_decoded_serial_node]: Serial error: [Errno 5] Input/output error
[decoded_serial_node-3] [ERROR] [1791264835.466218653] [bw_dr03_decoded_serial_node]: Serial error: [Errno 5] Input/output error
[decoded_serial_node-3] [ERROR] [1791264835.471695767] [bw_dr03_decoded_serial_node]: Serial error: [Errno 5] Input/output error
[decoded_serial_node-3] [ERROR] [1791264835.475913133] [bw_dr03_decoded_serial_node]: Serial error: [Errno 5] Input/output error
[decoded_serial_node-3] [ERROR] [1791264835.481000806] [bw_dr03_decoded_serial_node]: Serial error: [Errno 5] Input/output error
[decoded_serial_node-3] [ERROR] [1791264835.485930565] [bw_dr03_decoded_serial_node]: Serial error: [Errno 5] Input/output error
[decoded_serial_node-3] [ERROR] [1791264835.490939874] [bw_dr03_decoded_serial_node]: Serial error: [Errno 5] Input/output error
[decoded_serial_node-3] [ERROR] [1791264835.495907627] [bw_dr03_decoded_serial_node]: Serial error: [Errno 5] Input/output error
[decoded_serial_node-3] [ERROR] [1791264835.501157963] [bw_dr03_decoded_serial_node]: Serial error: [Errno 5] Input/output error
[decoded_serial_node-3] [ERROR] [1791264835.506467665] [bw_dr03_decoded_serial_node]: Serial error: [Errno 5] Input/output error
[decoded_serial_node-3] [ERROR] [1791264835.510929619] [bw_dr03_decoded_serial_node]: Serial error: [Errno 5] Input/output error
[decoded_serial_node-3] [ERROR] [1791264835.516010168] [bw_dr03_decoded_serial_node]: Serial error: [Errno 5] Input/output error
[decoded_serial_node-3] [ERROR] [1791264835.521258129] [bw_dr03_decoded_serial_node]: Serial error: [Errno 5] Input/output error
[decoded_serial_node-3] [ERROR] [1791264835.526043035] [bw_dr03_decoded_serial_node]: Serial error: [Errno 5] Input/output error
[decoded_serial_node-3] [ERROR] [1791264835.530914615] [bw_dr03_decoded_serial_node]: Serial error: [Errno 5] Input/output error
[decoded_serial_node-3] [ERROR] [1791264835.535995164] [bw_dr03_decoded_serial_node]: Serial error: [Errno 5] Input/output error
[decoded_serial_node-3] [ERROR] [1791264835.540908301] [bw_dr03_decoded_serial_node]: Serial error: [Errno 5] Input/output error
[decoded_serial_node-3] [ERROR] [1791264835.545962728] [bw_dr03_decoded_serial_node]: Serial error: [Errno 5] Input/output error
[decoded_serial_node-3] [ERROR] [1791264835.550999346] [bw_dr03_decoded_serial_node]: Serial error: [Errno 5] Input/output error
[decoded_serial_node-3] [ERROR] [1791264835.556525141] [bw_dr03_decoded_serial_node]: Serial error: [Errno 5] Input/output error
[decoded_serial_node-3] [ERROR] [1791264835.560917043] [bw_dr03_decoded_serial_node]: Serial error: [Errno 5] Input/output error
[decoded_serial_node-3] [ERROR] [1791264835.566014214] [bw_dr03_decoded_serial_node]: Serial error: [Errno 5] Input/output error
[decoded_serial_node-3] [ERROR] [1791264835.570914290] [bw_dr03_decoded_serial_node]: Serial error: [Errno 5] Input/output error
[decoded_serial_node-3] [ERROR] [1791264835.576520822] [bw_dr03_decoded_serial_node]: Serial error: [Errno 5] Input/output error
[decoded_serial_node-3] [ERROR] [1791264835.581084886] [bw_dr03_decoded_serial_node]: Serial error: [Errno 5] Input/output error
[decoded_serial_node-3] [ERROR] [1791264835.585926784] [bw_dr03_decoded_serial_node]: Serial error: [Errno 5] Input/output error
[decoded_serial_node-3] [ERROR] [1791264835.591181869] [bw_dr03_decoded_serial_node]: Serial error: [Errno 5] Input/output error
[decoded_serial_node-3] [ERROR] [1791264835.595915720] [bw_dr03_decoded_serial_node]: Serial error: [Errno 5] Input/output error
[decoded_serial_node-3] [ERROR] [1791264835.600991519] [bw_dr03_decoded_serial_node]: Serial error: [Errno 5] Input/output error
[decoded_serial_node-3] [ERROR] [1791264835.605922465] [bw_dr03_decoded_serial_node]: Serial error: [Errno 5] Input/output error
[decoded_serial_node-3] [ERROR] [1791264835.611711845] [bw_dr03_decoded_serial_node]: Serial error: [Errno 5] Input/output error
[decoded_serial_node-3] [ERROR] [1791264835.615962456] [bw_dr03_decoded_serial_node]: Serial error: [Errno 5] Input/output error
[decoded_serial_node-3] [ERROR] [1791264835.620956330] [bw_dr03_decoded_serial_node]: Serial error: [Errno 5] Input/output error
[decoded_serial_node-3] [ERROR] [1791264835.626222101] [bw_dr03_decoded_serial_node]: Serial error: [Errno 5] Input/output error
[decoded_serial_node-3] [ERROR] [1791264835.631465313] [bw_dr03_decoded_serial_node]: Serial error: [Errno 5] Input/output error
[decoded_serial_node-3] [ERROR] [1791264835.635941515] [bw_dr03_decoded_serial_node]: Serial error: [Errno 5] Input/output error
[decoded_serial_node-3] [ERROR] [1791264835.640919955] [bw_dr03_decoded_serial_node]: Serial error: [Errno 5] Input/output error
[decoded_serial_node-3] [ERROR] [1791264835.646182164] [bw_dr03_decoded_serial_node]: Serial error: [Errno 5] Input/output error
[decoded_serial_node-3] [ERROR] [1791264835.652364547] [bw_dr03_decoded_serial_node]: Serial error: [Errno 5] Input/output error
[decoded_serial_node-3] [ERROR] [1791264835.655917013] [bw_dr03_decoded_serial_node]: Serial error: [Errno 5] Input/output error
[decoded_serial_node-3] [ERROR] [1791264835.660919198] [bw_dr03_decoded_serial_node]: Serial error: [Errno 5] Input/output error
[decoded_serial_node-3] [ERROR] [1791264835.665914260] [bw_dr03_decoded_serial_node]: Serial error: [Errno 5] Input/output error
[decoded_serial_node-3] [ERROR] [1791264835.671142037] [bw_dr03_decoded_serial_node]: Serial error: [Errno 5] Input/output error
[decoded_serial_node-3] [ERROR] [1791264835.675996994] [bw_dr03_decoded_serial_node]: Serial error: [Errno 5] Input/output error
[decoded_serial_node-3] [ERROR] [1791264835.680954062] [bw_dr03_decoded_serial_node]: Serial error: [Errno 5] Input/output error
[decoded_serial_node-3] [ERROR] [1791264835.685932501] [bw_dr03_decoded_serial_node]: Serial error: [Errno 5] Input/output error
[decoded_serial_node-3] [ERROR] [1791264835.690934687] [bw_dr03_decoded_serial_node]: Serial error: [Errno 5] Input/output error
[decoded_serial_node-3] [ERROR] [1791264835.696383305] [bw_dr03_decoded_serial_node]: Serial error: [Errno 5] Input/output error
[decoded_serial_node-3] [ERROR] [1791264835.700952118] [bw_dr03_decoded_serial_node]: Serial error: [Errno 5] Input/output error
[decoded_serial_node-3] [ERROR] [1791264835.706004171] [bw_dr03_decoded_serial_node]: Serial error: [Errno 5] Input/output error
[decoded_serial_node-3] [ERROR] [1791264835.710920870] [bw_dr03_decoded_serial_node]: Serial error: [Errno 5] Input/output error
[decoded_serial_node-3] [ERROR] [1791264835.715915931] [bw_dr03_decoded_serial_node]: Serial error: [Errno 5] Input/output error
[decoded_serial_node-3] [ERROR] [1791264835.720937114] [bw_dr03_decoded_serial_node]: Serial error: [Errno 5] Input/output error
[decoded_serial_node-3] [ERROR] [1791264835.725914366] [bw_dr03_decoded_serial_node]: Serial error: [Errno 5] Input/output error
[decoded_serial_node-3] [ERROR] [1791264835.731056656] [bw_dr03_decoded_serial_node]: Serial error: [Errno 5] Input/output error
[decoded_serial_node-3] [ERROR] [1791264835.735959106] [bw_dr03_decoded_serial_node]: Serial error: [Errno 5] Input/output error
[decoded_serial_node-3] [ERROR] [1791264835.740932796] [bw_dr03_decoded_serial_node]: Serial error: [Errno 5] Input/output error
[decoded_serial_node-3] [ERROR] [1791264835.745908861] [bw_dr03_decoded_serial_node]: Serial error: [Errno 5] Input/output error
[decoded_serial_node-3] [ERROR] [1791264835.751211438] [bw_dr03_decoded_serial_node]: Serial error: [Errno 5] Input/output error
[decoded_serial_node-3] [ERROR] [1791264835.755920356] [bw_dr03_decoded_serial_node]: Serial error: [Errno 5] Input/output error
[decoded_serial_node-3] [ERROR] [1791264835.760937976] [bw_dr03_decoded_serial_node]: Serial error: [Errno 5] Input/output error
[decoded_serial_node-3] [ERROR] [1791264835.765959159] [bw_dr03_decoded_serial_node]: Serial error: [Errno 5] Input/output error
[decoded_serial_node-3] [ERROR] [1791264835.770931662] [bw_dr03_decoded_serial_node]: Serial error: [Errno 5] Input/output error
[decoded_serial_node-3] [ERROR] [1791264835.775919599] [bw_dr03_decoded_serial_node]: Serial error: [Errno 5] Input/output error
[decoded_serial_node-3] [ERROR] [1791264835.780914661] [bw_dr03_decoded_serial_node]: Serial error: [Errno 5] Input/output error
[rssi_scanner-4] [INFO] [1791264835.782651712] [rssi_scanner_node]: /dev/serial/by-path/pci-0000:05:00.3-usb-0:2.1.1:1.0-port0: board A khoi dong
[decoded_serial_node-3] [ERROR] [1791264835.785919221] [bw_dr03_decoded_serial_node]: Serial error: [Errno 5] Input/output error
[decoded_serial_node-3] [ERROR] [1791264835.791021142] [bw_dr03_decoded_serial_node]: Serial error: [Errno 5] Input/output error
[decoded_serial_node-3] [ERROR] [1791264835.795965149] [bw_dr03_decoded_serial_node]: Serial error: [Errno 5] Input/output error
[decoded_serial_node-3] [ERROR] [1791264835.800918654] [bw_dr03_decoded_serial_node]: Serial error: [Errno 5] Input/output error
[decoded_serial_node-3] [ERROR] [1791264835.806223607] [bw_dr03_decoded_serial_node]: Serial error: [Errno 5] Input/output error
[decoded_serial_node-3] [ERROR] [1791264835.810953896] [bw_dr03_decoded_serial_node]: Serial error: [Errno 5] Input/output error
[decoded_serial_node-3] [ERROR] [1791264835.815931147] [bw_dr03_decoded_serial_node]: Serial error: [Errno 5] Input/output error
[decoded_serial_node-3] [ERROR] [1791264835.821104307] [bw_dr03_decoded_serial_node]: Serial error: [Errno 5] Input/output error
[decoded_serial_node-3] [ERROR] [1791264835.826316649] [bw_dr03_decoded_serial_node]: Serial error: [Errno 5] Input/output error
[decoded_serial_node-3] [ERROR] [1791264835.830916332] [bw_dr03_decoded_serial_node]: Serial error: [Errno 5] Input/output error
[follow_planner-6] [INFO] [1791264835.833454826] [follow_planner_node]: [IDLE] disabled | d=- goc=- | v=0.000 w=0.000 | thoang=-
[decoded_serial_node-3] [ERROR] [1791264835.836001631] [bw_dr03_decoded_serial_node]: Serial error: [Errno 5] Input/output error
[decoded_serial_node-3] [ERROR] [1791264835.840920704] [bw_dr03_decoded_serial_node]: Serial error: [Errno 5] Input/output error
[decoded_serial_node-3] [ERROR] [1791264835.845918140] [bw_dr03_decoded_serial_node]: Serial error: [Errno 5] Input/output error
[decoded_serial_node-3] [ERROR] [1791264835.850940510] [bw_dr03_decoded_serial_node]: Serial error: [Errno 5] Input/output error
[decoded_serial_node-3] [ERROR] [1791264835.855993750] [bw_dr03_decoded_serial_node]: Serial error: [Errno 5] Input/output error
[decoded_serial_node-3] [ERROR] [1791264835.860916385] [bw_dr03_decoded_serial_node]: Serial error: [Errno 5] Input/output error
[decoded_serial_node-3] [ERROR] [1791264835.865960127] [bw_dr03_decoded_serial_node]: Serial error: [Errno 5] Input/output error
[decoded_serial_node-3] [ERROR] [1791264835.870952814] [bw_dr03_decoded_serial_node]: Serial error: [Errno 5] Input/output error
[decoded_serial_node-3] [ERROR] [1791264835.876217398] [bw_dr03_decoded_serial_node]: Serial error: [Errno 5] Input/output error
[decoded_serial_node-3] [ERROR] [1791264835.880947687] [bw_dr03_decoded_serial_node]: Serial error: [Errno 5] Input/output error
[decoded_serial_node-3] [ERROR] [1791264835.886023486] [bw_dr03_decoded_serial_node]: Serial error: [Errno 5] Input/output error
[decoded_serial_node-3] [ERROR] [1791264835.890912876] [bw_dr03_decoded_serial_node]: Serial error: [Errno 5] Input/output error
[decoded_serial_node-3] [ERROR] [1791264835.895915062] [bw_dr03_decoded_serial_node]: Serial error: [Errno 5] Input/output error
[decoded_serial_node-3] [ERROR] [1791264835.900908936] [bw_dr03_decoded_serial_node]: Serial error: [Errno 5] Input/output error
[decoded_serial_node-3] [ERROR] [1791264835.905953866] [bw_dr03_decoded_serial_node]: Serial error: [Errno 5] Input/output error
[decoded_serial_node-3] [ERROR] [1791264835.911312248] [bw_dr03_decoded_serial_node]: Serial error: [Errno 5] Input/output error
[decoded_serial_node-3] [ERROR] [1791264835.916185015] [bw_dr03_decoded_serial_node]: Serial error: [Errno 5] Input/output error
[decoded_serial_node-3] [ERROR] [1791264835.920925990] [bw_dr03_decoded_serial_node]: Serial error: [Errno 5] Input/output error
[decoded_serial_node-3] [ERROR] [1791264835.926287934] [bw_dr03_decoded_serial_node]: Serial error: [Errno 5] Input/output error
[decoded_serial_node-3] [ERROR] [1791264835.931223630] [bw_dr03_decoded_serial_node]: Serial error: [Errno 5] Input/output error
[decoded_serial_node-3] [ERROR] [1791264835.935917112] [bw_dr03_decoded_serial_node]: Serial error: [Errno 5] Input/output error
[decoded_serial_node-3] [ERROR] [1791264835.941029718] [bw_dr03_decoded_serial_node]: Serial error: [Errno 5] Input/output error
[decoded_serial_node-3] [ERROR] [1791264835.945960664] [bw_dr03_decoded_serial_node]: Serial error: [Errno 5] Input/output error
[decoded_serial_node-3] [ERROR] [1791264835.950960475] [bw_dr03_decoded_serial_node]: Serial error: [Errno 5] Input/output error
[decoded_serial_node-3] [ERROR] [1791264835.955951975] [bw_dr03_decoded_serial_node]: Serial error: [Errno 5] Input/output error
[decoded_serial_node-3] [ERROR] [1791264835.960882921] [bw_dr03_decoded_serial_node]: Serial error: [Errno 5] Input/output error
[decoded_serial_node-3] [ERROR] [1791264835.965930225] [bw_dr03_decoded_serial_node]: Serial error: [Errno 5] Input/output error
[decoded_serial_node-3] [ERROR] [1791264835.970912226] [bw_dr03_decoded_serial_node]: Serial error: [Errno 5] Input/output error
[decoded_serial_node-3] [ERROR] [1791264835.975991588] [bw_dr03_decoded_serial_node]: Serial error: [Errno 5] Input/output error
[decoded_serial_node-3] [ERROR] [1791264835.980960528] [bw_dr03_decoded_serial_node]: Serial error: [Errno 5] Input/output error
[decoded_serial_node-3] [ERROR] [1791264835.986196616] [bw_dr03_decoded_serial_node]: Serial error: [Errno 5] Input/output error
[decoded_serial_node-3] [ERROR] [1791264835.991103816] [bw_dr03_decoded_serial_node]: Serial error: [Errno 5] Input/output error
[decoded_serial_node-3] [ERROR] [1791264835.995921967] [bw_dr03_decoded_serial_node]: Serial error: [Errno 5] Input/output error
[decoded_serial_node-3] [ERROR] [1791264836.001280349] [bw_dr03_decoded_serial_node]: Serial error: [Errno 5] Input/output error
[decoded_serial_node-3] [ERROR] [1791264836.005923963] [bw_dr03_decoded_serial_node]: Serial error: [Errno 5] Input/output error
[decoded_serial_node-3] [ERROR] [1791264836.011008074] [bw_dr03_decoded_serial_node]: Serial error: [Errno 5] Input/output error
[decoded_serial_node-3] [ERROR] [1791264836.015921210] [bw_dr03_decoded_serial_node]: Serial error: [Errno 5] Input/output error
[decoded_serial_node-3] [ERROR] [1791264836.021094370] [bw_dr03_decoded_serial_node]: Serial error: [Errno 5] Input/output error
[decoded_serial_node-3] [ERROR] [1791264836.025961201] [bw_dr03_decoded_serial_node]: Serial error: [Errno 5] Input/output error
[decoded_serial_node-3] [ERROR] [1791264836.030937266] [bw_dr03_decoded_serial_node]: Serial error: [Errno 5] Input/output error
[decoded_serial_node-3] [ERROR] [1791264836.035915705] [bw_dr03_decoded_serial_node]: Serial error: [Errno 5] Input/output error
[decoded_serial_node-3] [ERROR] [1791264836.040913141] [bw_dr03_decoded_serial_node]: Serial error: [Errno 5] Input/output error
[decoded_serial_node-3] [ERROR] [1791264836.045946197] [bw_dr03_decoded_serial_node]: Serial error: [Errno 5] Input/output error
[decoded_serial_node-3] [ERROR] [1791264836.050922261] [bw_dr03_decoded_serial_node]: Serial error: [Errno 5] Input/output error
[decoded_serial_node-3] [ERROR] [1791264836.055954130] [bw_dr03_decoded_serial_node]: Serial error: [Errno 5] Input/output error
[decoded_serial_node-3] [ERROR] [1791264836.060924258] [bw_dr03_decoded_serial_node]: Serial error: [Errno 5] Input/output error
[decoded_serial_node-3] [ERROR] [1791264836.065933567] [bw_dr03_decoded_serial_node]: Serial error: [Errno 5] Input/output error
[decoded_serial_node-3] [ERROR] [1791264836.070919130] [bw_dr03_decoded_serial_node]: Serial error: [Errno 5] Input/output error
[decoded_serial_node-3] [ERROR] [1791264836.075914192] [bw_dr03_decoded_serial_node]: Serial error: [Errno 5] Input/output error
[decoded_serial_node-3] [ERROR] [1791264836.080914002] [bw_dr03_decoded_serial_node]: Serial error: [Errno 5] Input/output error
[decoded_serial_node-3] [ERROR] [1791264836.085933998] [bw_dr03_decoded_serial_node]: Serial error: [Errno 5] Input/output error
[decoded_serial_node-3] [ERROR] [1791264836.090943307] [bw_dr03_decoded_serial_node]: Serial error: [Errno 5] Input/output error
[decoded_serial_node-3] [ERROR] [1791264836.095939556] [bw_dr03_decoded_serial_node]: Serial error: [Errno 5] Input/output error
[decoded_serial_node-3] [ERROR] [1791264836.100927494] [bw_dr03_decoded_serial_node]: Serial error: [Errno 5] Input/output error
[decoded_serial_node-3] [ERROR] [1791264836.105890498] [bw_dr03_decoded_serial_node]: Serial error: [Errno 5] Input/output error
[decoded_serial_node-3] [ERROR] [1791264836.111518402] [bw_dr03_decoded_serial_node]: Serial error: [Errno 5] Input/output error
[decoded_serial_node-3] [ERROR] [1791264836.116090777] [bw_dr03_decoded_serial_node]: Serial error: [Errno 5] Input/output error
[decoded_serial_node-3] [ERROR] [1791264836.120944547] [bw_dr03_decoded_serial_node]: Serial error: [Errno 5] Input/output error
[decoded_serial_node-3] [ERROR] [1791264836.126059528] [bw_dr03_decoded_serial_node]: Serial error: [Errno 5] Input/output error
[decoded_serial_node-3] [ERROR] [1791264836.130916860] [bw_dr03_decoded_serial_node]: Serial error: [Errno 5] Input/output error
[decoded_serial_node-3] [ERROR] [1791264836.135914297] [bw_dr03_decoded_serial_node]: Serial error: [Errno 5] Input/output error
[decoded_serial_node-3] [ERROR] [1791264836.140963975] [bw_dr03_decoded_serial_node]: Serial error: [Errno 5] Input/output error
[decoded_serial_node-3] [ERROR] [1791264836.146319982] [bw_dr03_decoded_serial_node]: Serial error: [Errno 5] Input/output error
[decoded_serial_node-3] [ERROR] [1791264836.151019401] [bw_dr03_decoded_serial_node]: Serial error: [Errno 5] Input/output error
[decoded_serial_node-3] [ERROR] [1791264836.155898105] [bw_dr03_decoded_serial_node]: Serial error: [Errno 5] Input/output error
[decoded_serial_node-3] [ERROR] [1791264836.161314666] [bw_dr03_decoded_serial_node]: Serial error: [Errno 5] Input/output error
[decoded_serial_node-3] [ERROR] [1791264836.165921473] [bw_dr03_decoded_serial_node]: Serial error: [Errno 5] Input/output error
[decoded_serial_node-3] [ERROR] [1791264836.170965215] [bw_dr03_decoded_serial_node]: Serial error: [Errno 5] Input/output error
[decoded_serial_node-3] [ERROR] [1791264836.175909222] [bw_dr03_decoded_serial_node]: Serial error: [Errno 5] Input/output error
[decoded_serial_node-3] [ERROR] [1791264836.180996894] [bw_dr03_decoded_serial_node]: Serial error: [Errno 5] Input/output error
[decoded_serial_node-3] [ERROR] [1791264836.185915967] [bw_dr03_decoded_serial_node]: Serial error: [Errno 5] Input/output error
[decoded_serial_node-3] [ERROR] [1791264836.190959709] [bw_dr03_decoded_serial_node]: Serial error: [Errno 5] Input/output error
[decoded_serial_node-3] [ERROR] [1791264836.195921526] [bw_dr03_decoded_serial_node]: Serial error: [Errno 5] Input/output error
[decoded_serial_node-3] [ERROR] [1791264836.201511435] [bw_dr03_decoded_serial_node]: Serial error: [Errno 5] Input/output error
[decoded_serial_node-3] [ERROR] [1791264836.205944894] [bw_dr03_decoded_serial_node]: Serial error: [Errno 5] Input/output error
[decoded_serial_node-3] [ERROR] [1791264836.211004071] [bw_dr03_decoded_serial_node]: Serial error: [Errno 5] Input/output error
[decoded_serial_node-3] [ERROR] [1791264836.216497807] [bw_dr03_decoded_serial_node]: Serial error: [Errno 5] Input/output error
[decoded_serial_node-3] [ERROR] [1791264836.220922955] [bw_dr03_decoded_serial_node]: Serial error: [Errno 5] Input/output error
[decoded_serial_node-3] [ERROR] [1791264836.225939388] [bw_dr03_decoded_serial_node]: Serial error: [Errno 5] Input/output error
[decoded_serial_node-3] [ERROR] [1791264836.230989066] [bw_dr03_decoded_serial_node]: Serial error: [Errno 5] Input/output error
[decoded_serial_node-3] [ERROR] [1791264836.235949696] [bw_dr03_decoded_serial_node]: Serial error: [Errno 5] Input/output error
[decoded_serial_node-3] [ERROR] [1791264836.240910325] [bw_dr03_decoded_serial_node]: Serial error: [Errno 5] Input/output error
[decoded_serial_node-3] [ERROR] [1791264836.246178471] [bw_dr03_decoded_serial_node]: Serial error: [Errno 5] Input/output error
[rssi_scanner-4] [INFO] [1791264836.247044028] [rssi_scanner_node]: /dev/serial/by-path/pci-0000:05:00.3-usb-0:2.1.2:1.0-port0: board B khoi dong
[decoded_serial_node-3] [ERROR] [1791264836.250933693] [bw_dr03_decoded_serial_node]: Serial error: [Errno 5] Input/output error
[decoded_serial_node-3] [ERROR] [1791264836.256029677] [bw_dr03_decoded_serial_node]: Serial error: [Errno 5] Input/output error
[decoded_serial_node-3] [ERROR] [1791264836.260916692] [bw_dr03_decoded_serial_node]: Serial error: [Errno 5] Input/output error
[decoded_serial_node-3] [ERROR] [1791264836.265946186] [bw_dr03_decoded_serial_node]: Serial error: [Errno 5] Input/output error
[decoded_serial_node-3] [ERROR] [1791264836.270922251] [bw_dr03_decoded_serial_node]: Serial error: [Errno 5] Input/output error
[decoded_serial_node-3] [ERROR] [1791264836.275926811] [bw_dr03_decoded_serial_node]: Serial error: [Errno 5] Input/output error
[decoded_serial_node-3] [ERROR] [1791264836.280921872] [bw_dr03_decoded_serial_node]: Serial error: [Errno 5] Input/output error
[decoded_serial_node-3] [ERROR] [1791264836.285925245] [bw_dr03_decoded_serial_node]: Serial error: [Errno 5] Input/output error
[decoded_serial_node-3] [ERROR] [1791264836.290919120] [bw_dr03_decoded_serial_node]: Serial error: [Errno 5] Input/output error
[decoded_serial_node-3] [ERROR] [1791264836.296203888] [bw_dr03_decoded_serial_node]: Serial error: [Errno 5] Input/output error
[rssi_scanner-4] [INFO] [1791264836.300750142] [rssi_scanner_node]: /dev/serial/by-path/pci-0000:05:00.3-usb-0:2.1.3:1.0-port0: board C khoi dong
[decoded_serial_node-3] [ERROR] [1791264836.300927053] [bw_dr03_decoded_serial_node]: Serial error: [Errno 5] Input/output error
[decoded_serial_node-3] [ERROR] [1791264836.306204697] [bw_dr03_decoded_serial_node]: Serial error: [Errno 5] Input/output error
[decoded_serial_node-3] [ERROR] [1791264836.310939735] [bw_dr03_decoded_serial_node]: Serial error: [Errno 5] Input/output error
[decoded_serial_node-3] [ERROR] [1791264836.315951419] [bw_dr03_decoded_serial_node]: Serial error: [Errno 5] Input/output error
[decoded_serial_node-3] [ERROR] [1791264836.321231438] [bw_dr03_decoded_serial_node]: Serial error: [Errno 5] Input/output error
[decoded_serial_node-3] [ERROR] [1791264836.326837970] [bw_dr03_decoded_serial_node]: Serial error: [Errno 5] Input/output error
[decoded_serial_node-3] [ERROR] [1791264836.331009030] [bw_dr03_decoded_serial_node]: Serial error: [Errno 5] Input/output error
[decoded_serial_node-3] [ERROR] [1791264836.336006467] [bw_dr03_decoded_serial_node]: Serial error: [Errno 5] Input/output error
[decoded_serial_node-3] [ERROR] [1791264836.341209309] [bw_dr03_decoded_serial_node]: Serial error: [Errno 5] Input/output error
[decoded_serial_node-3] [ERROR] [1791264836.345921788] [bw_dr03_decoded_serial_node]: Serial error: [Errno 5] Input/output error
[decoded_serial_node-3] [ERROR] [1791264836.350922787] [bw_dr03_decoded_serial_node]: Serial error: [Errno 5] Input/output error
[decoded_serial_node-3] [ERROR] [1791264836.356225365] [bw_dr03_decoded_serial_node]: Serial error: [Errno 5] Input/output error
[decoded_serial_node-3] [ERROR] [1791264836.361191930] [bw_dr03_decoded_serial_node]: Serial error: [Errno 5] Input/output error
[decoded_serial_node-3] [ERROR] [1791264836.365950715] [bw_dr03_decoded_serial_node]: Serial error: [Errno 5] Input/output error
[decoded_serial_node-3] [ERROR] [1791264836.370922030] [bw_dr03_decoded_serial_node]: Serial error: [Errno 5] Input/output error
[decoded_serial_node-3] [ERROR] [1791264836.375911155] [bw_dr03_decoded_serial_node]: Serial error: [Errno 5] Input/output error
[decoded_serial_node-3] [ERROR] [1791264836.380918090] [bw_dr03_decoded_serial_node]: Serial error: [Errno 5] Input/output error
[decoded_serial_node-3] [ERROR] [1791264836.385935711] [bw_dr03_decoded_serial_node]: Serial error: [Errno 5] Input/output error
[decoded_serial_node-3] [ERROR] [1791264836.390998450] [bw_dr03_decoded_serial_node]: Serial error: [Errno 5] Input/output error
[decoded_serial_node-3] [ERROR] [1791264836.397091784] [bw_dr03_decoded_serial_node]: Serial error: [Errno 5] Input/output error
[decoded_serial_node-3] [ERROR] [1791264836.400922083] [bw_dr03_decoded_serial_node]: Serial error: [Errno 5] Input/output error
[decoded_serial_node-3] [ERROR] [1791264836.405932579] [bw_dr03_decoded_serial_node]: Serial error: [Errno 5] Input/output error
[follow_planner-6] [INFO] [1791264836.408498381] [follow_planner_node]: self-filter: bo 9/226 tia dap vao than xe
[decoded_serial_node-3] [ERROR] [1791264836.410935952] [bw_dr03_decoded_serial_node]: Serial error: [Errno 5] Input/output error
[decoded_serial_node-3] [ERROR] [1791264836.415901331] [bw_dr03_decoded_serial_node]: Serial error: [Errno 5] Input/output error
[decoded_serial_node-3] [ERROR] [1791264836.420998502] [bw_dr03_decoded_serial_node]: Serial error: [Errno 5] Input/output error
[decoded_serial_node-3] [ERROR] [1791264836.426003062] [bw_dr03_decoded_serial_node]: Serial error: [Errno 5] Input/output error
[decoded_serial_node-3] [ERROR] [1791264836.430925697] [bw_dr03_decoded_serial_node]: Serial error: [Errno 5] Input/output error
[decoded_serial_node-3] [ERROR] [1791264836.435930257] [bw_dr03_decoded_serial_node]: Serial error: [Errno 5] Input/output error
[decoded_serial_node-3] [ERROR] [1791264836.440920570] [bw_dr03_decoded_serial_node]: Serial error: [Errno 5] Input/output error
[decoded_serial_node-3] [ERROR] [1791264836.445940565] [bw_dr03_decoded_serial_node]: Serial error: [Errno 5] Input/output error
[decoded_serial_node-3] [ERROR] [1791264836.450903569] [bw_dr03_decoded_serial_node]: Serial error: [Errno 5] Input/output error
[decoded_serial_node-3] [ERROR] [1791264836.456039922] [bw_dr03_decoded_serial_node]: Serial error: [Errno 5] Input/output error
[decoded_serial_node-3] [ERROR] [1791264836.460928124] [bw_dr03_decoded_serial_node]: Serial error: [Errno 5] Input/output error
[decoded_serial_node-3] [ERROR] [1791264836.465917249] [bw_dr03_decoded_serial_node]: Serial error: [Errno 5] Input/output error
[decoded_serial_node-3] [ERROR] [1791264836.470939619] [bw_dr03_decoded_serial_node]: Serial error: [Errno 5] Input/output error
[decoded_serial_node-3] [ERROR] [1791264836.475915684] [bw_dr03_decoded_serial_node]: Serial error: [Errno 5] Input/output error
[decoded_serial_node-3] [ERROR] [1791264836.480902434] [bw_dr03_decoded_serial_node]: Serial error: [Errno 5] Input/output error
[decoded_serial_node-3] [ERROR] [1791264836.486651445] [bw_dr03_decoded_serial_node]: Serial error: [Errno 5] Input/output error
[decoded_serial_node-3] [ERROR] [1791264836.490961422] [bw_dr03_decoded_serial_node]: Serial error: [Errno 5] Input/output error
[decoded_serial_node-3] [ERROR] [1791264836.495912553] [bw_dr03_decoded_serial_node]: Serial error: [Errno 5] Input/output error
[decoded_serial_node-3] [ERROR] [1791264836.500951545] [bw_dr03_decoded_serial_node]: Serial error: [Errno 5] Input/output error
[decoded_serial_node-3] [ERROR] [1791264836.505944232] [bw_dr03_decoded_serial_node]: Serial error: [Errno 5] Input/output error
[decoded_serial_node-3] [ERROR] [1791264836.511018844] [bw_dr03_decoded_serial_node]: Serial error: [Errno 5] Input/output error
[decoded_serial_node-3] [ERROR] [1791264836.515926044] [bw_dr03_decoded_serial_node]: Serial error: [Errno 5] Input/output error
[decoded_serial_node-3] [ERROR] [1791264836.520915169] [bw_dr03_decoded_serial_node]: Serial error: [Errno 5] Input/output error
[decoded_serial_node-3] [ERROR] [1791264836.525919729] [bw_dr03_decoded_serial_node]: Serial error: [Errno 5] Input/output error
[decoded_serial_node-3] [ERROR] [1791264836.530937350] [bw_dr03_decoded_serial_node]: Serial error: [Errno 5] Input/output error
[decoded_serial_node-3] [ERROR] [1791264836.535938348] [bw_dr03_decoded_serial_node]: Serial error: [Errno 5] Input/output error
[decoded_serial_node-3] [ERROR] [1791264836.541049767] [bw_dr03_decoded_serial_node]: Serial error: [Errno 5] Input/output error
[decoded_serial_node-3] [ERROR] [1791264836.545935595] [bw_dr03_decoded_serial_node]: Serial error: [Errno 5] Input/output error
[decoded_serial_node-3] [ERROR] [1791264836.550943717] [bw_dr03_decoded_serial_node]: Serial error: [Errno 5] Input/output error
[decoded_serial_node-3] [ERROR] [1791264836.556202364] [bw_dr03_decoded_serial_node]: Serial error: [Errno 5] Input/output error
[decoded_serial_node-3] [ERROR] [1791264836.560919593] [bw_dr03_decoded_serial_node]: Serial error: [Errno 5] Input/output error
[decoded_serial_node-3] [ERROR] [1791264836.565917029] [bw_dr03_decoded_serial_node]: Serial error: [Errno 5] Input/output error
[decoded_serial_node-3] [ERROR] [1791264836.571182800] [bw_dr03_decoded_serial_node]: Serial error: [Errno 5] Input/output error
[decoded_serial_node-3] [ERROR] [1791264836.575962956] [bw_dr03_decoded_serial_node]: Serial error: [Errno 5] Input/output error
[decoded_serial_node-3] [ERROR] [1791264836.581090998] [bw_dr03_decoded_serial_node]: Serial error: [Errno 5] Input/output error
[decoded_serial_node-3] [ERROR] [1791264836.585888964] [bw_dr03_decoded_serial_node]: Serial error: [Errno 5] Input/output error
[decoded_serial_node-3] [ERROR] [1791264836.591292464] [bw_dr03_decoded_serial_node]: Serial error: [Errno 5] Input/output error
[decoded_serial_node-3] [ERROR] [1791264836.596054811] [bw_dr03_decoded_serial_node]: Serial error: [Errno 5] Input/output error
[decoded_serial_node-3] [ERROR] [1791264836.600996443] [bw_dr03_decoded_serial_node]: Serial error: [Errno 5] Input/output error
[decoded_serial_node-3] [ERROR] [1791264836.606217095] [bw_dr03_decoded_serial_node]: Serial error: [Errno 5] Input/output error
[decoded_serial_node-3] [ERROR] [1791264836.610911765] [bw_dr03_decoded_serial_node]: Serial error: [Errno 5] Input/output error
[decoded_serial_node-3] [ERROR] [1791264836.616075426] [bw_dr03_decoded_serial_node]: Serial error: [Errno 5] Input/output error
[decoded_serial_node-3] [ERROR] [1791264836.620919698] [bw_dr03_decoded_serial_node]: Serial error: [Errno 5] Input/output error
[decoded_serial_node-3] [ERROR] [1791264836.625912385] [bw_dr03_decoded_serial_node]: Serial error: [Errno 5] Input/output error
[decoded_serial_node-3] [ERROR] [1791264836.631002432] [bw_dr03_decoded_serial_node]: Serial error: [Errno 5] Input/output error
[decoded_serial_node-3] [ERROR] [1791264836.635998681] [bw_dr03_decoded_serial_node]: Serial error: [Errno 5] Input/output error
[decoded_serial_node-3] [ERROR] [1791264836.640928440] [bw_dr03_decoded_serial_node]: Serial error: [Errno 5] Input/output error
[decoded_serial_node-3] [ERROR] [1791264836.646767687] [bw_dr03_decoded_serial_node]: Serial error: [Errno 5] Input/output error
[decoded_serial_node-3] [ERROR] [1791264836.651188085] [bw_dr03_decoded_serial_node]: Serial error: [Errno 5] Input/output error
[decoded_serial_node-3] [ERROR] [1791264836.655927872] [bw_dr03_decoded_serial_node]: Serial error: [Errno 5] Input/output error
[decoded_serial_node-3] [ERROR] [1791264836.660915810] [bw_dr03_decoded_serial_node]: Serial error: [Errno 5] Input/output error
[decoded_serial_node-3] [ERROR] [1791264836.665939367] [bw_dr03_decoded_serial_node]: Serial error: [Errno 5] Input/output error
[decoded_serial_node-3] [ERROR] [1791264836.670913057] [bw_dr03_decoded_serial_node]: Serial error: [Errno 5] Input/output error
[decoded_serial_node-3] [ERROR] [1791264836.675942551] [bw_dr03_decoded_serial_node]: Serial error: [Errno 5] Input/output error
[decoded_serial_node-3] [ERROR] [1791264836.680931676] [bw_dr03_decoded_serial_node]: Serial error: [Errno 5] Input/output error
[decoded_serial_node-3] [ERROR] [1791264836.685939798] [bw_dr03_decoded_serial_node]: Serial error: [Errno 5] Input/output error
[decoded_serial_node-3] [ERROR] [1791264836.690928923] [bw_dr03_decoded_serial_node]: Serial error: [Errno 5] Input/output error
[decoded_serial_node-3] [ERROR] [1791264836.695948918] [bw_dr03_decoded_serial_node]: Serial error: [Errno 5] Input/output error
[decoded_serial_node-3] [ERROR] [1791264836.700932107] [bw_dr03_decoded_serial_node]: Serial error: [Errno 5] Input/output error
[decoded_serial_node-3] [ERROR] [1791264836.705918857] [bw_dr03_decoded_serial_node]: Serial error: [Errno 5] Input/output error
[decoded_serial_node-3] [ERROR] [1791264836.710911544] [bw_dr03_decoded_serial_node]: Serial error: [Errno 5] Input/output error
[decoded_serial_node-3] [ERROR] [1791264836.716161880] [bw_dr03_decoded_serial_node]: Serial error: [Errno 5] Input/output error
[decoded_serial_node-3] [ERROR] [1791264836.720956284] [bw_dr03_decoded_serial_node]: Serial error: [Errno 5] Input/output error
[decoded_serial_node-3] [ERROR] [1791264836.725991715] [bw_dr03_decoded_serial_node]: Serial error: [Errno 5] Input/output error
[decoded_serial_node-3] [ERROR] [1791264836.731160125] [bw_dr03_decoded_serial_node]: Serial error: [Errno 5] Input/output error
[decoded_serial_node-3] [ERROR] [1791264836.736206241] [bw_dr03_decoded_serial_node]: Serial error: [Errno 5] Input/output error
[decoded_serial_node-3] [ERROR] [1791264836.740925844] [bw_dr03_decoded_serial_node]: Serial error: [Errno 5] Input/output error
[decoded_serial_node-3] [ERROR] [1791264836.745923281] [bw_dr03_decoded_serial_node]: Serial error: [Errno 5] Input/output error
[decoded_serial_node-3] [ERROR] [1791264836.751355277] [bw_dr03_decoded_serial_node]: Serial error: [Errno 5] Input/output error
[decoded_serial_node-3] [ERROR] [1791264836.756006015] [bw_dr03_decoded_serial_node]: Serial error: [Errno 5] Input/output error
[decoded_serial_node-3] [ERROR] [1791264836.760910840] [bw_dr03_decoded_serial_node]: Serial error: [Errno 5] Input/output error
[decoded_serial_node-3] [ERROR] [1791264836.765940334] [bw_dr03_decoded_serial_node]: Serial error: [Errno 5] Input/output error
[decoded_serial_node-3] [ERROR] [1791264836.771450693] [bw_dr03_decoded_serial_node]: Serial error: [Errno 5] Input/output error
[decoded_serial_node-3] [ERROR] [1791264836.775931644] [bw_dr03_decoded_serial_node]: Serial error: [Errno 5] Input/output error
[decoded_serial_node-3] [ERROR] [1791264836.780919582] [bw_dr03_decoded_serial_node]: Serial error: [Errno 5] Input/output error
[decoded_serial_node-3] [ERROR] [1791264836.786261342] [bw_dr03_decoded_serial_node]: Serial error: [Errno 5] Input/output error
[decoded_serial_node-3] [ERROR] [1791264836.790918017] [bw_dr03_decoded_serial_node]: Serial error: [Errno 5] Input/output error
[decoded_serial_node-3] [ERROR] [1791264836.796270462] [bw_dr03_decoded_serial_node]: Serial error: [Errno 5] Input/output error
[decoded_serial_node-3] [ERROR] [1791264836.800909327] [bw_dr03_decoded_serial_node]: Serial error: [Errno 5] Input/output error
[decoded_serial_node-3] [ERROR] [1791264836.806836436] [bw_dr03_decoded_serial_node]: Serial error: [Errno 5] Input/output error
[decoded_serial_node-3] [ERROR] [1791264836.811014620] [bw_dr03_decoded_serial_node]: Serial error: [Errno 5] Input/output error
[decoded_serial_node-3] [ERROR] [1791264836.816006120] [bw_dr03_decoded_serial_node]: Serial error: [Errno 5] Input/output error
[decoded_serial_node-3] [ERROR] [1791264836.821350254] [bw_dr03_decoded_serial_node]: Serial error: [Errno 5] Input/output error
[decoded_serial_node-3] [ERROR] [1791264836.825919067] [bw_dr03_decoded_serial_node]: Serial error: [Errno 5] Input/output error
[decoded_serial_node-3] [ERROR] [1791264836.830924815] [bw_dr03_decoded_serial_node]: Serial error: [Errno 5] Input/output error
[decoded_serial_node-3] [ERROR] [1791264836.835917502] [bw_dr03_decoded_serial_node]: Serial error: [Errno 5] Input/output error
[decoded_serial_node-3] [ERROR] [1791264836.840918500] [bw_dr03_decoded_serial_node]: Serial error: [Errno 5] Input/output error
[decoded_serial_node-3] [ERROR] [1791264836.845880317] [bw_dr03_decoded_serial_node]: Serial error: [Errno 5] Input/output error
[decoded_serial_node-3] [ERROR] [1791264836.850922871] [bw_dr03_decoded_serial_node]: Serial error: [Errno 5] Input/output error
[decoded_serial_node-3] [ERROR] [1791264836.855954740] [bw_dr03_decoded_serial_node]: Serial error: [Errno 5] Input/output error
[decoded_serial_node-3] [ERROR] [1791264836.860956925] [bw_dr03_decoded_serial_node]: Serial error: [Errno 5] Input/output error
[decoded_serial_node-3] [ERROR] [1791264836.865925866] [bw_dr03_decoded_serial_node]: Serial error: [Errno 5] Input/output error
[decoded_serial_node-3] [ERROR] [1791264836.870966045] [bw_dr03_decoded_serial_node]: Serial error: [Errno 5] Input/output error
[decoded_serial_node-3] [ERROR] [1791264836.876212819] [bw_dr03_decoded_serial_node]: Serial error: [Errno 5] Input/output error
[decoded_serial_node-3] [ERROR] [1791264836.880921736] [bw_dr03_decoded_serial_node]: Serial error: [Errno 5] Input/output error
[decoded_serial_node-3] [ERROR] [1791264836.885925109] [bw_dr03_decoded_serial_node]: Serial error: [Errno 5] Input/output error
[decoded_serial_node-3] [ERROR] [1791264836.890954603] [bw_dr03_decoded_serial_node]: Serial error: [Errno 5] Input/output error
[decoded_serial_node-3] [ERROR] [1791264836.897284214] [bw_dr03_decoded_serial_node]: Serial error: [Errno 5] Input/output error
[follow_planner-6] [INFO] [1791264836.900130224] [follow_planner_node]: [IDLE] disabled | d=- goc=- | v=0.000 w=0.000 | thoang=-
[decoded_serial_node-3] [ERROR] [1791264836.901094329] [bw_dr03_decoded_serial_node]: Serial error: [Errno 5] Input/output error
[decoded_serial_node-3] [ERROR] [1791264836.906095327] [bw_dr03_decoded_serial_node]: Serial error: [Errno 5] Input/output error
[decoded_serial_node-3] [ERROR] [1791264836.911464395] [bw_dr03_decoded_serial_node]: Serial error: [Errno 5] Input/output error
[decoded_serial_node-3] [ERROR] [1791264836.916281358] [bw_dr03_decoded_serial_node]: Serial error: [Errno 5] Input/output error
[decoded_serial_node-3] [ERROR] [1791264836.921602933] [bw_dr03_decoded_serial_node]: Serial error: [Errno 5] Input/output error
[decoded_serial_node-3] [ERROR] [1791264836.926288104] [bw_dr03_decoded_serial_node]: Serial error: [Errno 5] Input/output error
[decoded_serial_node-3] [ERROR] [1791264836.931671419] [bw_dr03_decoded_serial_node]: Serial error: [Errno 5] Input/output error
[decoded_serial_node-3] [ERROR] [1791264836.936521628] [bw_dr03_decoded_serial_node]: Serial error: [Errno 5] Input/output error
[decoded_serial_node-3] [ERROR] [1791264836.941202049] [bw_dr03_decoded_serial_node]: Serial error: [Errno 5] Input/output error
[decoded_serial_node-3] [ERROR] [1791264836.946533123] [bw_dr03_decoded_serial_node]: Serial error: [Errno 5] Input/output error
[decoded_serial_node-3] [ERROR] [1791264836.951255100] [bw_dr03_decoded_serial_node]: Serial error: [Errno 5] Input/output error
[decoded_serial_node-3] [ERROR] [1791264836.956535119] [bw_dr03_decoded_serial_node]: Serial error: [Errno 5] Input/output error
[decoded_serial_node-3] [ERROR] [1791264836.961280843] [bw_dr03_decoded_serial_node]: Serial error: [Errno 5] Input/output error
[decoded_serial_node-3] [ERROR] [1791264836.966514556] [bw_dr03_decoded_serial_node]: Serial error: [Errno 5] Input/output error
[decoded_serial_node-3] [ERROR] [1791264836.971186667] [bw_dr03_decoded_serial_node]: Serial error: [Errno 5] Input/output error
[decoded_serial_node-3] [ERROR] [1791264836.976540299] [bw_dr03_decoded_serial_node]: Serial error: [Errno 5] Input/output error
[decoded_serial_node-3] [ERROR] [1791264836.981213597] [bw_dr03_decoded_serial_node]: Serial error: [Errno 5] Input/output error
[decoded_serial_node-3] [ERROR] [1791264836.985923701] [bw_dr03_decoded_serial_node]: Serial error: [Errno 5] Input/output error
[decoded_serial_node-3] [ERROR] [1791264836.991195409] [bw_dr03_decoded_serial_node]: Serial error: [Errno 5] Input/output error
[decoded_serial_node-3] [ERROR] [1791264836.996182159] [bw_dr03_decoded_serial_node]: Serial error: [Errno 5] Input/output error
[decoded_serial_node-3] [ERROR] [1791264837.001387376] [bw_dr03_decoded_serial_node]: Serial error: [Errno 5] Input/output error
[decoded_serial_node-3] [ERROR] [1791264837.006769505] [bw_dr03_decoded_serial_node]: Serial error: [Errno 5] Input/output error
[decoded_serial_node-3] [ERROR] [1791264837.011474860] [bw_dr03_decoded_serial_node]: Serial error: [Errno 5] Input/output error
[decoded_serial_node-3] [ERROR] [1791264837.016091166] [bw_dr03_decoded_serial_node]: Serial error: [Errno 5] Input/output error
[decoded_serial_node-3] [ERROR] [1791264837.021720257] [bw_dr03_decoded_serial_node]: Serial error: [Errno 5] Input/output error
[decoded_serial_node-3] [ERROR] [1791264837.026663076] [bw_dr03_decoded_serial_node]: Serial error: [Errno 5] Input/output error
[decoded_serial_node-3] [ERROR] [1791264837.031636766] [bw_dr03_decoded_serial_node]: Serial error: [Errno 5] Input/output error
[decoded_serial_node-3] [ERROR] [1791264837.036166398] [bw_dr03_decoded_serial_node]: Serial error: [Errno 5] Input/output error
[decoded_serial_node-3] [ERROR] [1791264837.041335995] [bw_dr03_decoded_serial_node]: Serial error: [Errno 5] Input/output error
[decoded_serial_node-3] [ERROR] [1791264837.046497282] [bw_dr03_decoded_serial_node]: Serial error: [Errno 5] Input/output error
[decoded_serial_node-3] [ERROR] [1791264837.050940239] [bw_dr03_decoded_serial_node]: Serial error: [Errno 5] Input/output error
[decoded_serial_node-3] [ERROR] [1791264837.056474344] [bw_dr03_decoded_serial_node]: Serial error: [Errno 5] Input/output error
[decoded_serial_node-3] [ERROR] [1791264837.061396979] [bw_dr03_decoded_serial_node]: Serial error: [Errno 5] Input/output error
[decoded_serial_node-3] [ERROR] [1791264837.065934922] [bw_dr03_decoded_serial_node]: Serial error: [Errno 5] Input/output error
[decoded_serial_node-3] [ERROR] [1791264837.070938295] [bw_dr03_decoded_serial_node]: Serial error: [Errno 5] Input/output error
[decoded_serial_node-3] [ERROR] [1791264837.075949979] [bw_dr03_decoded_serial_node]: Serial error: [Errno 5] Input/output error
[decoded_serial_node-3] [ERROR] [1791264837.080966412] [bw_dr03_decoded_serial_node]: Serial error: [Errno 5] Input/output error
[decoded_serial_node-3] [ERROR] [1791264837.085955537] [bw_dr03_decoded_serial_node]: Serial error: [Errno 5] Input/output error
[decoded_serial_node-3] [ERROR] [1791264837.091505078] [bw_dr03_decoded_serial_node]: Serial error: [Errno 5] Input/output error
[decoded_serial_node-3] [ERROR] [1791264837.095944473] [bw_dr03_decoded_serial_node]: Serial error: [Errno 5] Input/output error
[decoded_serial_node-3] [ERROR] [1791264837.100888479] [bw_dr03_decoded_serial_node]: Serial error: [Errno 5] Input/output error
[decoded_serial_node-3] [ERROR] [1791264837.105921535] [bw_dr03_decoded_serial_node]: Serial error: [Errno 5] Input/output error
[decoded_serial_node-3] [ERROR] [1791264837.111011582] [bw_dr03_decoded_serial_node]: Serial error: [Errno 5] Input/output error
[decoded_serial_node-3] [ERROR] [1791264837.115941341] [bw_dr03_decoded_serial_node]: Serial error: [Errno 5] Input/output error
[decoded_serial_node-3] [ERROR] [1791264837.120942339] [bw_dr03_decoded_serial_node]: Serial error: [Errno 5] Input/output error
[decoded_serial_node-3] [ERROR] [1791264837.125920778] [bw_dr03_decoded_serial_node]: Serial error: [Errno 5] Input/output error
[decoded_serial_node-3] [ERROR] [1791264837.130937212] [bw_dr03_decoded_serial_node]: Serial error: [Errno 5] Input/output error
[decoded_serial_node-3] [ERROR] [1791264837.135914463] [bw_dr03_decoded_serial_node]: Serial error: [Errno 5] Input/output error
[decoded_serial_node-3] [ERROR] [1791264837.141370206] [bw_dr03_decoded_serial_node]: Serial error: [Errno 5] Input/output error
[decoded_serial_node-3] [ERROR] [1791264837.146701279] [bw_dr03_decoded_serial_node]: Serial error: [Errno 5] Input/output error
[decoded_serial_node-3] [ERROR] [1791264837.151006507] [bw_dr03_decoded_serial_node]: Serial error: [Errno 5] Input/output error
[decoded_serial_node-3] [ERROR] [1791264837.155924392] [bw_dr03_decoded_serial_node]: Serial error: [Errno 5] Input/output error
[decoded_serial_node-3] [ERROR] [1791264837.161216284] [bw_dr03_decoded_serial_node]: Serial error: [Errno 5] Input/output error
[decoded_serial_node-3] [ERROR] [1791264837.165935887] [bw_dr03_decoded_serial_node]: Serial error: [Errno 5] Input/output error
[decoded_serial_node-3] [ERROR] [1791264837.171003375] [bw_dr03_decoded_serial_node]: Serial error: [Errno 5] Input/output error
[decoded_serial_node-3] [ERROR] [1791264837.176227590] [bw_dr03_decoded_serial_node]: Serial error: [Errno 5] Input/output error
[decoded_serial_node-3] [ERROR] [1791264837.181485049] [bw_dr03_decoded_serial_node]: Serial error: [Errno 5] Input/output error
[decoded_serial_node-3] [ERROR] [1791264837.185950566] [bw_dr03_decoded_serial_node]: Serial error: [Errno 5] Input/output error
[decoded_serial_node-3] [ERROR] [1791264837.190959875] [bw_dr03_decoded_serial_node]: Serial error: [Errno 5] Input/output error
[decoded_serial_node-3] [ERROR] [1791264837.195920504] [bw_dr03_decoded_serial_node]: Serial error: [Errno 5] Input/output error
[decoded_serial_node-3] [ERROR] [1791264837.201041422] [bw_dr03_decoded_serial_node]: Serial error: [Errno 5] Input/output error
[decoded_serial_node-3] [ERROR] [1791264837.206011550] [bw_dr03_decoded_serial_node]: Serial error: [Errno 5] Input/output error
[decoded_serial_node-3] [ERROR] [1791264837.210944870] [bw_dr03_decoded_serial_node]: Serial error: [Errno 5] Input/output error
[decoded_serial_node-3] [ERROR] [1791264837.215942306] [bw_dr03_decoded_serial_node]: Serial error: [Errno 5] Input/output error
[decoded_serial_node-3] [ERROR] [1791264837.220938555] [bw_dr03_decoded_serial_node]: Serial error: [Errno 5] Input/output error
[decoded_serial_node-3] [ERROR] [1791264837.225913432] [bw_dr03_decoded_serial_node]: Serial error: [Errno 5] Input/output error
[decoded_serial_node-3] [ERROR] [1791264837.230910868] [bw_dr03_decoded_serial_node]: Serial error: [Errno 5] Input/output error
[decoded_serial_node-3] [ERROR] [1791264837.236019913] [bw_dr03_decoded_serial_node]: Serial error: [Errno 5] Input/output error
[decoded_serial_node-3] [ERROR] [1791264837.240874870] [bw_dr03_decoded_serial_node]: Serial error: [Errno 5] Input/output error
[decoded_serial_node-3] [ERROR] [1791264837.245961356] [bw_dr03_decoded_serial_node]: Serial error: [Errno 5] Input/output error
[decoded_serial_node-3] [ERROR] [1791264837.250921985] [bw_dr03_decoded_serial_node]: Serial error: [Errno 5] Input/output error
[decoded_serial_node-3] [ERROR] [1791264837.255918234] [bw_dr03_decoded_serial_node]: Serial error: [Errno 5] Input/output error
[decoded_serial_node-3] [ERROR] [1791264837.260921606] [bw_dr03_decoded_serial_node]: Serial error: [Errno 5] Input/output error
[decoded_serial_node-3] [ERROR] [1791264837.265929729] [bw_dr03_decoded_serial_node]: Serial error: [Errno 5] Input/output error
[decoded_serial_node-3] [ERROR] [1791264837.270930727] [bw_dr03_decoded_serial_node]: Serial error: [Errno 5] Input/output error
[decoded_serial_node-3] [ERROR] [1791264837.275934099] [bw_dr03_decoded_serial_node]: Serial error: [Errno 5] Input/output error
[decoded_serial_node-3] [ERROR] [1791264837.280932723] [bw_dr03_decoded_serial_node]: Serial error: [Errno 5] Input/output error
[decoded_serial_node-3] [ERROR] [1791264837.285917099] [bw_dr03_decoded_serial_node]: Serial error: [Errno 5] Input/output error
[decoded_serial_node-3] [ERROR] [1791264837.290929970] [bw_dr03_decoded_serial_node]: Serial error: [Errno 5] Input/output error
[decoded_serial_node-3] [ERROR] [1791264837.296022392] [bw_dr03_decoded_serial_node]: Serial error: [Errno 5] Input/output error
[decoded_serial_node-3] [ERROR] [1791264837.301164681] [bw_dr03_decoded_serial_node]: Serial error: [Errno 5] Input/output error
[decoded_serial_node-3] [ERROR] [1791264837.306540873] [bw_dr03_decoded_serial_node]: Serial error: [Errno 5] Input/output error
[decoded_serial_node-3] [ERROR] [1791264837.310923276] [bw_dr03_decoded_serial_node]: Serial error: [Errno 5] Input/output error
[decoded_serial_node-3] [ERROR] [1791264837.315921900] [bw_dr03_decoded_serial_node]: Serial error: [Errno 5] Input/output error
[decoded_serial_node-3] [ERROR] [1791264837.321431072] [bw_dr03_decoded_serial_node]: Serial error: [Errno 5] Input/output error
[decoded_serial_node-3] [ERROR] [1791264837.325934582] [bw_dr03_decoded_serial_node]: Serial error: [Errno 5] Input/output error
[decoded_serial_node-3] [ERROR] [1791264837.330927269] [bw_dr03_decoded_serial_node]: Serial error: [Errno 5] Input/output error
[decoded_serial_node-3] [ERROR] [1791264837.336266654] [bw_dr03_decoded_serial_node]: Serial error: [Errno 5] Input/output error
[decoded_serial_node-3] [ERROR] [1791264837.340955386] [bw_dr03_decoded_serial_node]: Serial error: [Errno 5] Input/output error
[decoded_serial_node-3] [ERROR] [1791264837.345917203] [bw_dr03_decoded_serial_node]: Serial error: [Errno 5] Input/output error
[decoded_serial_node-3] [ERROR] [1791264837.350933636] [bw_dr03_decoded_serial_node]: Serial error: [Errno 5] Input/output error
[decoded_serial_node-3] [ERROR] [1791264837.355961943] [bw_dr03_decoded_serial_node]: Serial error: [Errno 5] Input/output error
[decoded_serial_node-3] [ERROR] [1791264837.360921384] [bw_dr03_decoded_serial_node]: Serial error: [Errno 5] Input/output error
[decoded_serial_node-3] [ERROR] [1791264837.365931881] [bw_dr03_decoded_serial_node]: Serial error: [Errno 5] Input/output error
[decoded_serial_node-3] [ERROR] [1791264837.371029052] [bw_dr03_decoded_serial_node]: Serial error: [Errno 5] Input/output error
[decoded_serial_node-3] [ERROR] [1791264837.375904194] [bw_dr03_decoded_serial_node]: Serial error: [Errno 5] Input/output error
[decoded_serial_node-3] [ERROR] [1791264837.380909942] [bw_dr03_decoded_serial_node]: Serial error: [Errno 5] Input/output error
[decoded_serial_node-3] [ERROR] [1791264837.385924000] [bw_dr03_decoded_serial_node]: Serial error: [Errno 5] Input/output error
[decoded_serial_node-3] [ERROR] [1791264837.390916687] [bw_dr03_decoded_serial_node]: Serial error: [Errno 5] Input/output error
[decoded_serial_node-3] [ERROR] [1791264837.395916498] [bw_dr03_decoded_serial_node]: Serial error: [Errno 5] Input/output error
[decoded_serial_node-3] [ERROR] [1791264837.400912747] [bw_dr03_decoded_serial_node]: Serial error: [Errno 5] Input/output error
[decoded_serial_node-3] [ERROR] [1791264837.405917307] [bw_dr03_decoded_serial_node]: Serial error: [Errno 5] Input/output error
[decoded_serial_node-3] [ERROR] [1791264837.411866975] [bw_dr03_decoded_serial_node]: Serial error: [Errno 5] Input/output error
[decoded_serial_node-3] [ERROR] [1791264837.415950174] [bw_dr03_decoded_serial_node]: Serial error: [Errno 5] Input/output error
[decoded_serial_node-3] [ERROR] [1791264837.421078215] [bw_dr03_decoded_serial_node]: Serial error: [Errno 5] Input/output error
[decoded_serial_node-3] [ERROR] [1791264837.425934360] [bw_dr03_decoded_serial_node]: Serial error: [Errno 5] Input/output error
[decoded_serial_node-3] [ERROR] [1791264837.431480339] [bw_dr03_decoded_serial_node]: Serial error: [Errno 5] Input/output error
[decoded_serial_node-3] [ERROR] [1791264837.436317486] [bw_dr03_decoded_serial_node]: Serial error: [Errno 5] Input/output error
[decoded_serial_node-3] [ERROR] [1791264837.441035902] [bw_dr03_decoded_serial_node]: Serial error: [Errno 5] Input/output error
[decoded_serial_node-3] [ERROR] [1791264837.446210249] [bw_dr03_decoded_serial_node]: Serial error: [Errno 5] Input/output error
[decoded_serial_node-3] [ERROR] [1791264837.450925103] [bw_dr03_decoded_serial_node]: Serial error: [Errno 5] Input/output error
[decoded_serial_node-3] [ERROR] [1791264837.457348512] [bw_dr03_decoded_serial_node]: Serial error: [Errno 5] Input/output error
[decoded_serial_node-3] [ERROR] [1791264837.461080263] [bw_dr03_decoded_serial_node]: Serial error: [Errno 5] Input/output error
[decoded_serial_node-3] [ERROR] [1791264837.466820963] [bw_dr03_decoded_serial_node]: Serial error: [Errno 5] Input/output error
[decoded_serial_node-3] [ERROR] [1791264837.470924346] [bw_dr03_decoded_serial_node]: Serial error: [Errno 5] Input/output error
[decoded_serial_node-3] [ERROR] [1791264837.476026266] [bw_dr03_decoded_serial_node]: Serial error: [Errno 5] Input/output error
[decoded_serial_node-3] [ERROR] [1791264837.481212487] [bw_dr03_decoded_serial_node]: Serial error: [Errno 5] Input/output error
[decoded_serial_node-3] [ERROR] [1791264837.485940401] [bw_dr03_decoded_serial_node]: Serial error: [Errno 5] Input/output error
[decoded_serial_node-3] [ERROR] [1791264837.490924776] [bw_dr03_decoded_serial_node]: Serial error: [Errno 5] Input/output error
[decoded_serial_node-3] [ERROR] [1791264837.495917463] [bw_dr03_decoded_serial_node]: Serial error: [Errno 5] Input/output error
[decoded_serial_node-3] [ERROR] [1791264837.500927960] [bw_dr03_decoded_serial_node]: Serial error: [Errno 5] Input/output error
[decoded_serial_node-3] [ERROR] [1791264837.505937269] [bw_dr03_decoded_serial_node]: Serial error: [Errno 5] Input/output error
[decoded_serial_node-3] [ERROR] [1791264837.511100931] [bw_dr03_decoded_serial_node]: Serial error: [Errno 5] Input/output error
[decoded_serial_node-3] [ERROR] [1791264837.516207600] [bw_dr03_decoded_serial_node]: Serial error: [Errno 5] Input/output error
[decoded_serial_node-3] [ERROR] [1791264837.520949762] [bw_dr03_decoded_serial_node]: Serial error: [Errno 5] Input/output error
[decoded_serial_node-3] [ERROR] [1791264837.525922265] [bw_dr03_decoded_serial_node]: Serial error: [Errno 5] Input/output error
[decoded_serial_node-3] [ERROR] [1791264837.530936323] [bw_dr03_decoded_serial_node]: Serial error: [Errno 5] Input/output error
[decoded_serial_node-3] [ERROR] [1791264837.535939696] [bw_dr03_decoded_serial_node]: Serial error: [Errno 5] Input/output error
[decoded_serial_node-3] [ERROR] [1791264837.540947818] [bw_dr03_decoded_serial_node]: Serial error: [Errno 5] Input/output error
[decoded_serial_node-3] [ERROR] [1791264837.545917946] [bw_dr03_decoded_serial_node]: Serial error: [Errno 5] Input/output error
[decoded_serial_node-3] [ERROR] [1791264837.551212212] [bw_dr03_decoded_serial_node]: Serial error: [Errno 5] Input/output error
[decoded_serial_node-3] [ERROR] [1791264837.555950813] [bw_dr03_decoded_serial_node]: Serial error: [Errno 5] Input/output error
[decoded_serial_node-3] [ERROR] [1791264837.561038485] [bw_dr03_decoded_serial_node]: Serial error: [Errno 5] Input/output error
[decoded_serial_node-3] [ERROR] [1791264837.565942123] [bw_dr03_decoded_serial_node]: Serial error: [Errno 5] Input/output error
[decoded_serial_node-3] [ERROR] [1791264837.571212643] [bw_dr03_decoded_serial_node]: Serial error: [Errno 5] Input/output error
[decoded_serial_node-3] [ERROR] [1791264837.575916811] [bw_dr03_decoded_serial_node]: Serial error: [Errno 5] Input/output error
[decoded_serial_node-3] [ERROR] [1791264837.580905936] [bw_dr03_decoded_serial_node]: Serial error: [Errno 5] Input/output error
[decoded_serial_node-3] [ERROR] [1791264837.586066035] [bw_dr03_decoded_serial_node]: Serial error: [Errno 5] Input/output error
[decoded_serial_node-3] [ERROR] [1791264837.591851852] [bw_dr03_decoded_serial_node]: Serial error: [Errno 5] Input/output error
[decoded_serial_node-3] [ERROR] [1791264837.596008665] [bw_dr03_decoded_serial_node]: Serial error: [Errno 5] Input/output error
[decoded_serial_node-3] [ERROR] [1791264837.600926551] [bw_dr03_decoded_serial_node]: Serial error: [Errno 5] Input/output error
[decoded_serial_node-3] [ERROR] [1791264837.606546143] [bw_dr03_decoded_serial_node]: Serial error: [Errno 5] Input/output error
[decoded_serial_node-3] [ERROR] [1791264837.610926172] [bw_dr03_decoded_serial_node]: Serial error: [Errno 5] Input/output error
[decoded_serial_node-3] [ERROR] [1791264837.616019781] [bw_dr03_decoded_serial_node]: Serial error: [Errno 5] Input/output error
[decoded_serial_node-3] [ERROR] [1791264837.620926981] [bw_dr03_decoded_serial_node]: Serial error: [Errno 5] Input/output error
[decoded_serial_node-3] [ERROR] [1791264837.626677179] [bw_dr03_decoded_serial_node]: Serial error: [Errno 5] Input/output error
[decoded_serial_node-3] [ERROR] [1791264837.630917104] [bw_dr03_decoded_serial_node]: Serial error: [Errno 5] Input/output error
[decoded_serial_node-3] [ERROR] [1791264837.635959659] [bw_dr03_decoded_serial_node]: Serial error: [Errno 5] Input/output error
[decoded_serial_node-3] [ERROR] [1791264837.641193372] [bw_dr03_decoded_serial_node]: Serial error: [Errno 5] Input/output error
[decoded_serial_node-3] [ERROR] [1791264837.645924848] [bw_dr03_decoded_serial_node]: Serial error: [Errno 5] Input/output error
[decoded_serial_node-3] [ERROR] [1791264837.650932970] [bw_dr03_decoded_serial_node]: Serial error: [Errno 5] Input/output error
[decoded_serial_node-3] [ERROR] [1791264837.656014706] [bw_dr03_decoded_serial_node]: Serial error: [Errno 5] Input/output error
[decoded_serial_node-3] [ERROR] [1791264837.661617676] [bw_dr03_decoded_serial_node]: Serial error: [Errno 5] Input/output error
[decoded_serial_node-3] [ERROR] [1791264837.666720784] [bw_dr03_decoded_serial_node]: Serial error: [Errno 5] Input/output error
[decoded_serial_node-3] [ERROR] [1791264837.670921527] [bw_dr03_decoded_serial_node]: Serial error: [Errno 5] Input/output error
[decoded_serial_node-3] [ERROR] [1791264837.675921338] [bw_dr03_decoded_serial_node]: Serial error: [Errno 5] Input/output error
[decoded_serial_node-3] [ERROR] [1791264837.680940146] [bw_dr03_decoded_serial_node]: Serial error: [Errno 5] Input/output error
[decoded_serial_node-3] [ERROR] [1791264837.685915023] [bw_dr03_decoded_serial_node]: Serial error: [Errno 5] Input/output error
[decoded_serial_node-3] [ERROR] [1791264837.690946891] [bw_dr03_decoded_serial_node]: Serial error: [Errno 5] Input/output error
[decoded_serial_node-3] [ERROR] [1791264837.695915832] [bw_dr03_decoded_serial_node]: Serial error: [Errno 5] Input/output error
[decoded_serial_node-3] [ERROR] [1791264837.700912081] [bw_dr03_decoded_serial_node]: Serial error: [Errno 5] Input/output error
[decoded_serial_node-3] [ERROR] [1791264837.705922577] [bw_dr03_decoded_serial_node]: Serial error: [Errno 5] Input/output error
[decoded_serial_node-3] [ERROR] [1791264837.711548107] [bw_dr03_decoded_serial_node]: Serial error: [Errno 5] Input/output error
[decoded_serial_node-3] [ERROR] [1791264837.716669024] [bw_dr03_decoded_serial_node]: Serial error: [Errno 5] Input/output error
[decoded_serial_node-3] [ERROR] [1791264837.720993249] [bw_dr03_decoded_serial_node]: Serial error: [Errno 5] Input/output error
[decoded_serial_node-3] [ERROR] [1791264837.725919446] [bw_dr03_decoded_serial_node]: Serial error: [Errno 5] Input/output error
[decoded_serial_node-3] [ERROR] [1791264837.731238646] [bw_dr03_decoded_serial_node]: Serial error: [Errno 5] Input/output error
[decoded_serial_node-3] [ERROR] [1791264837.735916693] [bw_dr03_decoded_serial_node]: Serial error: [Errno 5] Input/output error
[decoded_serial_node-3] [ERROR] [1791264837.740930752] [bw_dr03_decoded_serial_node]: Serial error: [Errno 5] Input/output error
[decoded_serial_node-3] [ERROR] [1791264837.746289133] [bw_dr03_decoded_serial_node]: Serial error: [Errno 5] Input/output error
[decoded_serial_node-3] [ERROR] [1791264837.751603584] [bw_dr03_decoded_serial_node]: Serial error: [Errno 5] Input/output error
[decoded_serial_node-3] [ERROR] [1791264837.755919498] [bw_dr03_decoded_serial_node]: Serial error: [Errno 5] Input/output error
[decoded_serial_node-3] [ERROR] [1791264837.760925245] [bw_dr03_decoded_serial_node]: Serial error: [Errno 5] Input/output error
[decoded_serial_node-3] [ERROR] [1791264837.766186267] [bw_dr03_decoded_serial_node]: Serial error: [Errno 5] Input/output error
[decoded_serial_node-3] [ERROR] [1791264837.771305997] [bw_dr03_decoded_serial_node]: Serial error: [Errno 5] Input/output error
[decoded_serial_node-3] [ERROR] [1791264837.776504091] [bw_dr03_decoded_serial_node]: Serial error: [Errno 5] Input/output error
[decoded_serial_node-3] [ERROR] [1791264837.781475406] [bw_dr03_decoded_serial_node]: Serial error: [Errno 5] Input/output error
[decoded_serial_node-3] [ERROR] [1791264837.786216381] [bw_dr03_decoded_serial_node]: Serial error: [Errno 5] Input/output error
[decoded_serial_node-3] [ERROR] [1791264837.791313552] [bw_dr03_decoded_serial_node]: Serial error: [Errno 5] Input/output error
[decoded_serial_node-3] [ERROR] [1791264837.796302677] [bw_dr03_decoded_serial_node]: Serial error: [Errno 5] Input/output error
[decoded_serial_node-3] [ERROR] [1791264837.802082558] [bw_dr03_decoded_serial_node]: Serial error: [Errno 5] Input/output error
[decoded_serial_node-3] [ERROR] [1791264837.806419843] [bw_dr03_decoded_serial_node]: Serial error: [Errno 5] Input/output error
[decoded_serial_node-3] [ERROR] [1791264837.811566882] [bw_dr03_decoded_serial_node]: Serial error: [Errno 5] Input/output error
[decoded_serial_node-3] [ERROR] [1791264837.816266300] [bw_dr03_decoded_serial_node]: Serial error: [Errno 5] Input/output error
[decoded_serial_node-3] [ERROR] [1791264837.821463206] [bw_dr03_decoded_serial_node]: Serial error: [Errno 5] Input/output error
[decoded_serial_node-3] [ERROR] [1791264837.826482014] [bw_dr03_decoded_serial_node]: Serial error: [Errno 5] Input/output error
[decoded_serial_node-3] [ERROR] [1791264837.831316787] [bw_dr03_decoded_serial_node]: Serial error: [Errno 5] Input/output error
[decoded_serial_node-3] [ERROR] [1791264837.836482823] [bw_dr03_decoded_serial_node]: Serial error: [Errno 5] Input/output error
[decoded_serial_node-3] [ERROR] [1791264837.841219049] [bw_dr03_decoded_serial_node]: Serial error: [Errno 5] Input/output error
[decoded_serial_node-3] [ERROR] [1791264837.846178490] [bw_dr03_decoded_serial_node]: Serial error: [Errno 5] Input/output error
[decoded_serial_node-3] [ERROR] [1791264837.850914716] [bw_dr03_decoded_serial_node]: Serial error: [Errno 5] Input/output error
[decoded_serial_node-3] [ERROR] [1791264837.856469006] [bw_dr03_decoded_serial_node]: Serial error: [Errno 5] Input/output error
[decoded_serial_node-3] [ERROR] [1791264837.861579238] [bw_dr03_decoded_serial_node]: Serial error: [Errno 5] Input/output error
[decoded_serial_node-3] [ERROR] [1791264837.866518495] [bw_dr03_decoded_serial_node]: Serial error: [Errno 5] Input/output error
[decoded_serial_node-3] [ERROR] [1791264837.871654848] [bw_dr03_decoded_serial_node]: Serial error: [Errno 5] Input/output error
[decoded_serial_node-3] [ERROR] [1791264837.876464687] [bw_dr03_decoded_serial_node]: Serial error: [Errno 5] Input/output error
[decoded_serial_node-3] [ERROR] [1791264837.881156982] [bw_dr03_decoded_serial_node]: Serial error: [Errno 5] Input/output error
[decoded_serial_node-3] [ERROR] [1791264837.886754015] [bw_dr03_decoded_serial_node]: Serial error: [Errno 5] Input/output error
[decoded_serial_node-3] [ERROR] [1791264837.891238528] [bw_dr03_decoded_serial_node]: Serial error: [Errno 5] Input/output error
[decoded_serial_node-3] [ERROR] [1791264837.896178973] [bw_dr03_decoded_serial_node]: Serial error: [Errno 5] Input/output error
[follow_planner-6] [INFO] [1791264837.900118506] [follow_planner_node]: [IDLE] disabled | d=- goc=- | v=0.000 w=0.000 | thoang=-
[decoded_serial_node-3] [ERROR] [1791264837.901005435] [bw_dr03_decoded_serial_node]: Serial error: [Errno 5] Input/output error
[decoded_serial_node-3] [ERROR] [1791264837.905932819] [bw_dr03_decoded_serial_node]: Serial error: [Errno 5] Input/output error
[decoded_serial_node-3] [ERROR] [1791264837.911465737] [bw_dr03_decoded_serial_node]: Serial error: [Errno 5] Input/output error
[decoded_serial_node-3] [ERROR] [1791264837.915908694] [bw_dr03_decoded_serial_node]: Serial error: [Errno 5] Input/output error
[decoded_serial_node-3] [ERROR] [1791264837.920916816] [bw_dr03_decoded_serial_node]: Serial error: [Errno 5] Input/output error
[decoded_serial_node-3] [ERROR] [1791264837.926032985] [bw_dr03_decoded_serial_node]: Serial error: [Errno 5] Input/output error
[decoded_serial_node-3] [ERROR] [1791264837.930934248] [bw_dr03_decoded_serial_node]: Serial error: [Errno 5] Input/output error
[decoded_serial_node-3] [ERROR] [1791264837.935941183] [bw_dr03_decoded_serial_node]: Serial error: [Errno 5] Input/output error
[decoded_serial_node-3] [ERROR] [1791264837.940923184] [bw_dr03_decoded_serial_node]: Serial error: [Errno 5] Input/output error
[decoded_serial_node-3] [ERROR] [1791264837.945958614] [bw_dr03_decoded_serial_node]: Serial error: [Errno 5] Input/output error
[decoded_serial_node-3] [ERROR] [1791264837.950916869] [bw_dr03_decoded_serial_node]: Serial error: [Errno 5] Input/output error
[decoded_serial_node-3] [ERROR] [1791264837.956009290] [bw_dr03_decoded_serial_node]: Serial error: [Errno 5] Input/output error
[decoded_serial_node-3] [ERROR] [1791264837.961514900] [bw_dr03_decoded_serial_node]: Serial error: [Errno 5] Input/output error
[decoded_serial_node-3] [ERROR] [1791264837.965943609] [bw_dr03_decoded_serial_node]: Serial error: [Errno 5] Input/output error
[decoded_serial_node-3] [ERROR] [1791264837.970932734] [bw_dr03_decoded_serial_node]: Serial error: [Errno 5] Input/output error
[decoded_serial_node-3] [ERROR] [1791264837.975938482] [bw_dr03_decoded_serial_node]: Serial error: [Errno 5] Input/output error
[decoded_serial_node-3] [ERROR] [1791264837.981198316] [bw_dr03_decoded_serial_node]: Serial error: [Errno 5] Input/output error
[decoded_serial_node-3] [ERROR] [1791264837.985990345] [bw_dr03_decoded_serial_node]: Serial error: [Errno 5] Input/output error
[decoded_serial_node-3] [ERROR] [1791264837.990927228] [bw_dr03_decoded_serial_node]: Serial error: [Errno 5] Input/output error
[decoded_serial_node-3] [ERROR] [1791264837.995908042] [bw_dr03_decoded_serial_node]: Serial error: [Errno 5] Input/output error
[decoded_serial_node-3] [ERROR] [1791264838.001605998] [bw_dr03_decoded_serial_node]: Serial error: [Errno 5] Input/output error
[decoded_serial_node-3] [ERROR] [1791264838.005930222] [bw_dr03_decoded_serial_node]: Serial error: [Errno 5] Input/output error
[decoded_serial_node-3] [ERROR] [1791264838.011522507] [bw_dr03_decoded_serial_node]: Serial error: [Errno 5] Input/output error
[decoded_serial_node-3] [ERROR] [1791264838.016473637] [bw_dr03_decoded_serial_node]: Serial error: [Errno 5] Input/output error
[decoded_serial_node-3] [ERROR] [1791264838.021244295] [bw_dr03_decoded_serial_node]: Serial error: [Errno 5] Input/output error
[decoded_serial_node-3] [ERROR] [1791264838.026551622] [bw_dr03_decoded_serial_node]: Serial error: [Errno 5] Input/output error
[decoded_serial_node-3] [ERROR] [1791264838.031192861] [bw_dr03_decoded_serial_node]: Serial error: [Errno 5] Input/output error
[decoded_serial_node-3] [ERROR] [1791264838.036457445] [bw_dr03_decoded_serial_node]: Serial error: [Errno 5] Input/output error
[decoded_serial_node-3] [ERROR] [1791264838.041526120] [bw_dr03_decoded_serial_node]: Serial error: [Errno 5] Input/output error
[decoded_serial_node-3] [ERROR] [1791264838.046216040] [bw_dr03_decoded_serial_node]: Serial error: [Errno 5] Input/output error
[decoded_serial_node-3] [ERROR] [1791264838.051018755] [bw_dr03_decoded_serial_node]: Serial error: [Errno 5] Input/output error
[decoded_serial_node-3] [ERROR] [1791264838.056251281] [bw_dr03_decoded_serial_node]: Serial error: [Errno 5] Input/output error
[decoded_serial_node-3] [ERROR] [1791264838.061431565] [bw_dr03_decoded_serial_node]: Serial error: [Errno 5] Input/output error
[decoded_serial_node-3] [ERROR] [1791264838.066216470] [bw_dr03_decoded_serial_node]: Serial error: [Errno 5] Input/output error
[decoded_serial_node-3] [ERROR] [1791264838.071637780] [bw_dr03_decoded_serial_node]: Serial error: [Errno 5] Input/output error
[decoded_serial_node-3] [ERROR] [1791264838.076079550] [bw_dr03_decoded_serial_node]: Serial error: [Errno 5] Input/output error
[decoded_serial_node-3] [ERROR] [1791264838.081402312] [bw_dr03_decoded_serial_node]: Serial error: [Errno 5] Input/output error
[decoded_serial_node-3] [ERROR] [1791264838.086605155] [bw_dr03_decoded_serial_node]: Serial error: [Errno 5] Input/output error
[decoded_serial_node-3] [ERROR] [1791264838.091195339] [bw_dr03_decoded_serial_node]: Serial error: [Errno 5] Input/output error
[decoded_serial_node-3] [ERROR] [1791264838.096120349] [bw_dr03_decoded_serial_node]: Serial error: [Errno 5] Input/output error
[decoded_serial_node-3] [ERROR] [1791264838.101127284] [bw_dr03_decoded_serial_node]: Serial error: [Errno 5] Input/output error
[decoded_serial_node-3] [ERROR] [1791264838.106324190] [bw_dr03_decoded_serial_node]: Serial error: [Errno 5] Input/output error
[decoded_serial_node-3] [ERROR] [1791264838.111584024] [bw_dr03_decoded_serial_node]: Serial error: [Errno 5] Input/output error
[decoded_serial_node-3] [ERROR] [1791264838.116683569] [bw_dr03_decoded_serial_node]: Serial error: [Errno 5] Input/output error
[decoded_serial_node-3] [ERROR] [1791264838.121650135] [bw_dr03_decoded_serial_node]: Serial error: [Errno 5] Input/output error
[decoded_serial_node-3] [ERROR] [1791264838.126470660] [bw_dr03_decoded_serial_node]: Serial error: [Errno 5] Input/output error
[decoded_serial_node-3] [ERROR] [1791264838.131805296] [bw_dr03_decoded_serial_node]: Serial error: [Errno 5] Input/output error
[decoded_serial_node-3] [ERROR] [1791264838.136407354] [bw_dr03_decoded_serial_node]: Serial error: [Errno 5] Input/output error
[decoded_serial_node-3] [ERROR] [1791264838.141427349] [bw_dr03_decoded_serial_node]: Serial error: [Errno 5] Input/output error
[decoded_serial_node-3] [ERROR] [1791264838.146466341] [bw_dr03_decoded_serial_node]: Serial error: [Errno 5] Input/output error
[decoded_serial_node-3] [ERROR] [1791264838.151174071] [bw_dr03_decoded_serial_node]: Serial error: [Errno 5] Input/output error
[decoded_serial_node-3] [ERROR] [1791264838.156735485] [bw_dr03_decoded_serial_node]: Serial error: [Errno 5] Input/output error
[decoded_serial_node-3] [ERROR] [1791264838.161825532] [bw_dr03_decoded_serial_node]: Serial error: [Errno 5] Input/output error
[decoded_serial_node-3] [ERROR] [1791264838.166424028] [bw_dr03_decoded_serial_node]: Serial error: [Errno 5] Input/output error
[decoded_serial_node-3] [ERROR] [1791264838.171470144] [bw_dr03_decoded_serial_node]: Serial error: [Errno 5] Input/output error
[decoded_serial_node-3] [ERROR] [1791264838.175919038] [bw_dr03_decoded_serial_node]: Serial error: [Errno 5] Input/output error
[decoded_serial_node-3] [ERROR] [1791264838.181247737] [bw_dr03_decoded_serial_node]: Serial error: [Errno 5] Input/output error
[decoded_serial_node-3] [ERROR] [1791264838.186198867] [bw_dr03_decoded_serial_node]: Serial error: [Errno 5] Input/output error
[decoded_serial_node-3] [ERROR] [1791264838.191191554] [bw_dr03_decoded_serial_node]: Serial error: [Errno 5] Input/output error
[decoded_serial_node-3] [ERROR] [1791264838.196172367] [bw_dr03_decoded_serial_node]: Serial error: [Errno 5] Input/output error
[decoded_serial_node-3] [ERROR] [1791264838.201467821] [bw_dr03_decoded_serial_node]: Serial error: [Errno 5] Input/output error
[decoded_serial_node-3] [ERROR] [1791264838.206556681] [bw_dr03_decoded_serial_node]: Serial error: [Errno 5] Input/output error
[decoded_serial_node-3] [ERROR] [1791264838.211641979] [bw_dr03_decoded_serial_node]: Serial error: [Errno 5] Input/output error
[decoded_serial_node-3] [ERROR] [1791264838.216248786] [bw_dr03_decoded_serial_node]: Serial error: [Errno 5] Input/output error
[decoded_serial_node-3] [ERROR] [1791264838.221556113] [bw_dr03_decoded_serial_node]: Serial error: [Errno 5] Input/output error
[decoded_serial_node-3] [ERROR] [1791264838.226202102] [bw_dr03_decoded_serial_node]: Serial error: [Errno 5] Input/output error
[decoded_serial_node-3] [ERROR] [1791264838.231524864] [bw_dr03_decoded_serial_node]: Serial error: [Errno 5] Input/output error
[decoded_serial_node-3] [ERROR] [1791264838.236479557] [bw_dr03_decoded_serial_node]: Serial error: [Errno 5] Input/output error
[decoded_serial_node-3] [ERROR] [1791264838.241317892] [bw_dr03_decoded_serial_node]: Serial error: [Errno 5] Input/output error
[decoded_serial_node-3] [ERROR] [1791264838.246314141] [bw_dr03_decoded_serial_node]: Serial error: [Errno 5] Input/output error
[decoded_serial_node-3] [ERROR] [1791264838.250956568] [bw_dr03_decoded_serial_node]: Serial error: [Errno 5] Input/output error
[decoded_serial_node-3] [ERROR] [1791264838.256173658] [bw_dr03_decoded_serial_node]: Serial error: [Errno 5] Input/output error
[decoded_serial_node-3] [ERROR] [1791264838.261454864] [bw_dr03_decoded_serial_node]: Serial error: [Errno 5] Input/output error
[decoded_serial_node-3] [ERROR] [1791264838.281389992] [bw_dr03_decoded_serial_node]: Serial error: [Errno 5] Input/output error
[decoded_serial_node-3] [ERROR] [1791264838.286208142] [bw_dr03_decoded_serial_node]: Serial error: [Errno 5] Input/output error
[decoded_serial_node-3] [ERROR] [1791264838.291278005] [bw_dr03_decoded_serial_node]: Serial error: [Errno 5] Input/output error
[decoded_serial_node-3] [ERROR] [1791264838.296270692] [bw_dr03_decoded_serial_node]: Serial error: [Errno 5] Input/output error
[decoded_serial_node-3] [ERROR] [1791264838.301142272] [bw_dr03_decoded_serial_node]: Serial error: [Errno 5] Input/output error
[decoded_serial_node-3] [ERROR] [1791264838.306697749] [bw_dr03_decoded_serial_node]: Serial error: [Errno 5] Input/output error
[decoded_serial_node-3] [ERROR] [1791264838.311213132] [bw_dr03_decoded_serial_node]: Serial error: [Errno 5] Input/output error
[decoded_serial_node-3] [ERROR] [1791264838.316218880] [bw_dr03_decoded_serial_node]: Serial error: [Errno 5] Input/output error
[decoded_serial_node-3] [ERROR] [1791264838.321483463] [bw_dr03_decoded_serial_node]: Serial error: [Errno 5] Input/output error
[decoded_serial_node-3] [ERROR] [1791264838.326650686] [bw_dr03_decoded_serial_node]: Serial error: [Errno 5] Input/output error
[decoded_serial_node-3] [ERROR] [1791264838.331453402] [bw_dr03_decoded_serial_node]: Serial error: [Errno 5] Input/output error
[decoded_serial_node-3] [ERROR] [1791264838.336322607] [bw_dr03_decoded_serial_node]: Serial error: [Errno 5] Input/output error
[decoded_serial_node-3] [ERROR] [1791264838.341187063] [bw_dr03_decoded_serial_node]: Serial error: [Errno 5] Input/output error
[decoded_serial_node-3] [ERROR] [1791264838.346524073] [bw_dr03_decoded_serial_node]: Serial error: [Errno 5] Input/output error
[decoded_serial_node-3] [ERROR] [1791264838.351789844] [bw_dr03_decoded_serial_node]: Serial error: [Errno 5] Input/output error
[decoded_serial_node-3] [ERROR] [1791264838.356477389] [bw_dr03_decoded_serial_node]: Serial error: [Errno 5] Input/output error
[decoded_serial_node-3] [ERROR] [1791264838.361550814] [bw_dr03_decoded_serial_node]: Serial error: [Errno 5] Input/output error
[decoded_serial_node-3] [ERROR] [1791264838.366677668] [bw_dr03_decoded_serial_node]: Serial error: [Errno 5] Input/output error
[decoded_serial_node-3] [ERROR] [1791264838.371169305] [bw_dr03_decoded_serial_node]: Serial error: [Errno 5] Input/output error
[decoded_serial_node-3] [ERROR] [1791264838.376037323] [bw_dr03_decoded_serial_node]: Serial error: [Errno 5] Input/output error
[decoded_serial_node-3] [ERROR] [1791264838.380914840] [bw_dr03_decoded_serial_node]: Serial error: [Errno 5] Input/output error
[decoded_serial_node-3] [ERROR] [1791264838.386174674] [bw_dr03_decoded_serial_node]: Serial error: [Errno 5] Input/output error
[decoded_serial_node-3] [ERROR] [1791264838.391363268] [bw_dr03_decoded_serial_node]: Serial error: [Errno 5] Input/output error
[decoded_serial_node-3] [ERROR] [1791264838.396512682] [bw_dr03_decoded_serial_node]: Serial error: [Errno 5] Input/output error
[decoded_serial_node-3] [ERROR] [1791264838.401526740] [bw_dr03_decoded_serial_node]: Serial error: [Errno 5] Input/output error
[decoded_serial_node-3] [ERROR] [1791264838.406664280] [bw_dr03_decoded_serial_node]: Serial error: [Errno 5] Input/output error
[decoded_serial_node-3] [ERROR] [1791264838.411608287] [bw_dr03_decoded_serial_node]: Serial error: [Errno 5] Input/output error
[decoded_serial_node-3] [ERROR] [1791264838.416467994] [bw_dr03_decoded_serial_node]: Serial error: [Errno 5] Input/output error
[decoded_serial_node-3] [ERROR] [1791264838.421535482] [bw_dr03_decoded_serial_node]: Serial error: [Errno 5] Input/output error
[decoded_serial_node-3] [ERROR] [1791264838.426450993] [bw_dr03_decoded_serial_node]: Serial error: [Errno 5] Input/output error
[decoded_serial_node-3] [ERROR] [1791264838.431725075] [bw_dr03_decoded_serial_node]: Serial error: [Errno 5] Input/output error
[decoded_serial_node-3] [ERROR] [1791264838.436203651] [bw_dr03_decoded_serial_node]: Serial error: [Errno 5] Input/output error
[decoded_serial_node-3] [ERROR] [1791264838.441425491] [bw_dr03_decoded_serial_node]: Serial error: [Errno 5] Input/output error
[decoded_serial_node-3] [ERROR] [1791264838.446540472] [bw_dr03_decoded_serial_node]: Serial error: [Errno 5] Input/output error
[decoded_serial_node-3] [ERROR] [1791264838.450953746] [bw_dr03_decoded_serial_node]: Serial error: [Errno 5] Input/output error
[decoded_serial_node-3] [ERROR] [1791264838.456193396] [bw_dr03_decoded_serial_node]: Serial error: [Errno 5] Input/output error
[decoded_serial_node-3] [ERROR] [1791264838.461657449] [bw_dr03_decoded_serial_node]: Serial error: [Errno 5] Input/output error
[decoded_serial_node-3] [ERROR] [1791264838.466556337] [bw_dr03_decoded_serial_node]: Serial error: [Errno 5] Input/output error
[decoded_serial_node-3] [ERROR] [1791264838.471524090] [bw_dr03_decoded_serial_node]: Serial error: [Errno 5] Input/output error
[decoded_serial_node-3] [ERROR] [1791264838.476209261] [bw_dr03_decoded_serial_node]: Serial error: [Errno 5] Input/output error
[decoded_serial_node-3] [ERROR] [1791264838.481560519] [bw_dr03_decoded_serial_node]: Serial error: [Errno 5] Input/output error
[decoded_serial_node-3] [ERROR] [1791264838.486211257] [bw_dr03_decoded_serial_node]: Serial error: [Errno 5] Input/output error
[decoded_serial_node-3] [ERROR] [1791264838.491155264] [bw_dr03_decoded_serial_node]: Serial error: [Errno 5] Input/output error
[decoded_serial_node-3] [ERROR] [1791264838.496023282] [bw_dr03_decoded_serial_node]: Serial error: [Errno 5] Input/output error
[decoded_serial_node-3] [ERROR] [1791264838.501125202] [bw_dr03_decoded_serial_node]: Serial error: [Errno 5] Input/output error
[decoded_serial_node-3] [ERROR] [1791264838.506184379] [bw_dr03_decoded_serial_node]: Serial error: [Errno 5] Input/output error
[decoded_serial_node-3] [ERROR] [1791264838.511477458] [bw_dr03_decoded_serial_node]: Serial error: [Errno 5] Input/output error
[decoded_serial_node-3] [ERROR] [1791264838.516794284] [bw_dr03_decoded_serial_node]: Serial error: [Errno 5] Input/output error
[decoded_serial_node-3] [ERROR] [1791264838.521238428] [bw_dr03_decoded_serial_node]: Serial error: [Errno 5] Input/output error
[decoded_serial_node-3] [ERROR] [1791264838.525956843] [bw_dr03_decoded_serial_node]: Serial error: [Errno 5] Input/output error
[decoded_serial_node-3] [ERROR] [1791264838.531224989] [bw_dr03_decoded_serial_node]: Serial error: [Errno 5] Input/output error
[decoded_serial_node-3] [ERROR] [1791264838.536233111] [bw_dr03_decoded_serial_node]: Serial error: [Errno 5] Input/output error
[decoded_serial_node-3] [ERROR] [1791264838.541464449] [bw_dr03_decoded_serial_node]: Serial error: [Errno 5] Input/output error
[decoded_serial_node-3] [ERROR] [1791264838.546894070] [bw_dr03_decoded_serial_node]: Serial error: [Errno 5] Input/output error
[decoded_serial_node-3] [ERROR] [1791264838.551157742] [bw_dr03_decoded_serial_node]: Serial error: [Errno 5] Input/output error
[decoded_serial_node-3] [ERROR] [1791264838.556367708] [bw_dr03_decoded_serial_node]: Serial error: [Errno 5] Input/output error
[decoded_serial_node-3] [ERROR] [1791264838.561783082] [bw_dr03_decoded_serial_node]: Serial error: [Errno 5] Input/output error
[decoded_serial_node-3] [ERROR] [1791264838.566258096] [bw_dr03_decoded_serial_node]: Serial error: [Errno 5] Input/output error
[decoded_serial_node-3] [ERROR] [1791264838.571227037] [bw_dr03_decoded_serial_node]: Serial error: [Errno 5] Input/output error
[decoded_serial_node-3] [ERROR] [1791264838.576317084] [bw_dr03_decoded_serial_node]: Serial error: [Errno 5] Input/output error
[decoded_serial_node-3] [ERROR] [1791264838.580951199] [bw_dr03_decoded_serial_node]: Serial error: [Errno 5] Input/output error
[decoded_serial_node-3] [ERROR] [1791264838.586196786] [bw_dr03_decoded_serial_node]: Serial error: [Errno 5] Input/output error
[decoded_serial_node-3] [ERROR] [1791264838.590962694] [bw_dr03_decoded_serial_node]: Serial error: [Errno 5] Input/output error
[decoded_serial_node-3] [ERROR] [1791264838.595916199] [bw_dr03_decoded_serial_node]: Serial error: [Errno 5] Input/output error
[decoded_serial_node-3] [ERROR] [1791264838.600930258] [bw_dr03_decoded_serial_node]: Serial error: [Errno 5] Input/output error
[decoded_serial_node-3] [ERROR] [1791264838.605913446] [bw_dr03_decoded_serial_node]: Serial error: [Errno 5] Input/output error
[decoded_serial_node-3] [ERROR] [1791264838.610954813] [bw_dr03_decoded_serial_node]: Serial error: [Errno 5] Input/output error
[decoded_serial_node-3] [ERROR] [1791264838.615929690] [bw_dr03_decoded_serial_node]: Serial error: [Errno 5] Input/output error
[decoded_serial_node-3] [ERROR] [1791264838.620918815] [bw_dr03_decoded_serial_node]: Serial error: [Errno 5] Input/output error
[decoded_serial_node-3] [ERROR] [1791264838.625921000] [bw_dr03_decoded_serial_node]: Serial error: [Errno 5] Input/output error
[decoded_serial_node-3] [ERROR] [1791264838.630937434] [bw_dr03_decoded_serial_node]: Serial error: [Errno 5] Input/output error
[decoded_serial_node-3] [ERROR] [1791264838.635945555] [bw_dr03_decoded_serial_node]: Serial error: [Errno 5] Input/output error
[decoded_serial_node-3] [ERROR] [1791264838.640922807] [bw_dr03_decoded_serial_node]: Serial error: [Errno 5] Input/output error
[decoded_serial_node-3] [ERROR] [1791264838.645929742] [bw_dr03_decoded_serial_node]: Serial error: [Errno 5] Input/output error
[decoded_serial_node-3] [ERROR] [1791264838.650930740] [bw_dr03_decoded_serial_node]: Serial error: [Errno 5] Input/output error
[decoded_serial_node-3] [ERROR] [1791264838.656111023] [bw_dr03_decoded_serial_node]: Serial error: [Errno 5] Input/output error
[decoded_serial_node-3] [ERROR] [1791264838.660916113] [bw_dr03_decoded_serial_node]: Serial error: [Errno 5] Input/output error
[decoded_serial_node-3] [ERROR] [1791264838.665918299] [bw_dr03_decoded_serial_node]: Serial error: [Errno 5] Input/output error
[decoded_serial_node-3] [ERROR] [1791264838.670927608] [bw_dr03_decoded_serial_node]: Serial error: [Errno 5] Input/output error
[decoded_serial_node-3] [ERROR] [1791264838.676119765] [bw_dr03_decoded_serial_node]: Serial error: [Errno 5] Input/output error
[decoded_serial_node-3] [ERROR] [1791264838.680912982] [bw_dr03_decoded_serial_node]: Serial error: [Errno 5] Input/output error
[decoded_serial_node-3] [ERROR] [1791264838.685953161] [bw_dr03_decoded_serial_node]: Serial error: [Errno 5] Input/output error
[decoded_serial_node-3] [ERROR] [1791264838.691205872] [bw_dr03_decoded_serial_node]: Serial error: [Errno 5] Input/output error
[decoded_serial_node-3] [ERROR] [1791264838.696155815] [bw_dr03_decoded_serial_node]: Serial error: [Errno 5] Input/output error
[decoded_serial_node-3] [ERROR] [1791264838.700921723] [bw_dr03_decoded_serial_node]: Serial error: [Errno 5] Input/output error
[decoded_serial_node-3] [ERROR] [1791264838.705913223] [bw_dr03_decoded_serial_node]: Serial error: [Errno 5] Input/output error
[decoded_serial_node-3] [ERROR] [1791264838.711221737] [bw_dr03_decoded_serial_node]: Serial error: [Errno 5] Input/output error
[decoded_serial_node-3] [ERROR] [1791264838.715912844] [bw_dr03_decoded_serial_node]: Serial error: [Errno 5] Input/output error
[decoded_serial_node-3] [ERROR] [1791264838.720937589] [bw_dr03_decoded_serial_node]: Serial error: [Errno 5] Input/output error
[decoded_serial_node-3] [ERROR] [1791264838.726222356] [bw_dr03_decoded_serial_node]: Serial error: [Errno 5] Input/output error
[decoded_serial_node-3] [ERROR] [1791264838.730990639] [bw_dr03_decoded_serial_node]: Serial error: [Errno 5] Input/output error
[decoded_serial_node-3] [ERROR] [1791264838.735914462] [bw_dr03_decoded_serial_node]: Serial error: [Errno 5] Input/output error
[decoded_serial_node-3] [ERROR] [1791264838.740947517] [bw_dr03_decoded_serial_node]: Serial error: [Errno 5] Input/output error
[decoded_serial_node-3] [ERROR] [1791264838.746229911] [bw_dr03_decoded_serial_node]: Serial error: [Errno 5] Input/output error
[decoded_serial_node-3] [ERROR] [1791264838.751016003] [bw_dr03_decoded_serial_node]: Serial error: [Errno 5] Input/output error
[decoded_serial_node-3] [ERROR] [1791264838.755917266] [bw_dr03_decoded_serial_node]: Serial error: [Errno 5] Input/output error
[decoded_serial_node-3] [ERROR] [1791264838.760917077] [bw_dr03_decoded_serial_node]: Serial error: [Errno 5] Input/output error
[decoded_serial_node-3] [ERROR] [1791264838.766048681] [bw_dr03_decoded_serial_node]: Serial error: [Errno 5] Input/output error
[decoded_serial_node-3] [ERROR] [1791264838.771687270] [bw_dr03_decoded_serial_node]: Serial error: [Errno 5] Input/output error
[decoded_serial_node-3] [ERROR] [1791264838.776628902] [bw_dr03_decoded_serial_node]: Serial error: [Errno 5] Input/output error
[decoded_serial_node-3] [ERROR] [1791264838.781259456] [bw_dr03_decoded_serial_node]: Serial error: [Errno 5] Input/output error
[decoded_serial_node-3] [ERROR] [1791264838.786699763] [bw_dr03_decoded_serial_node]: Serial error: [Errno 5] Input/output error
[decoded_serial_node-3] [ERROR] [1791264838.791288761] [bw_dr03_decoded_serial_node]: Serial error: [Errno 5] Input/output error
[decoded_serial_node-3] [ERROR] [1791264838.796184087] [bw_dr03_decoded_serial_node]: Serial error: [Errno 5] Input/output error
[decoded_serial_node-3] [ERROR] [1791264838.801677823] [bw_dr03_decoded_serial_node]: Serial error: [Errno 5] Input/output error
[decoded_serial_node-3] [ERROR] [1791264838.806227639] [bw_dr03_decoded_serial_node]: Serial error: [Errno 5] Input/output error
[decoded_serial_node-3] [ERROR] [1791264838.811188268] [bw_dr03_decoded_serial_node]: Serial error: [Errno 5] Input/output error
[decoded_serial_node-3] [ERROR] [1791264838.816385174] [bw_dr03_decoded_serial_node]: Serial error: [Errno 5] Input/output error
[decoded_serial_node-3] [ERROR] [1791264838.820937365] [bw_dr03_decoded_serial_node]: Serial error: [Errno 5] Input/output error
[decoded_serial_node-3] [ERROR] [1791264838.826257753] [bw_dr03_decoded_serial_node]: Serial error: [Errno 5] Input/output error
[decoded_serial_node-3] [ERROR] [1791264838.830920364] [bw_dr03_decoded_serial_node]: Serial error: [Errno 5] Input/output error
[decoded_serial_node-3] [ERROR] [1791264838.836531645] [bw_dr03_decoded_serial_node]: Serial error: [Errno 5] Input/output error
[decoded_serial_node-3] [ERROR] [1791264838.840941357] [bw_dr03_decoded_serial_node]: Serial error: [Errno 5] Input/output error
[decoded_serial_node-3] [ERROR] [1791264838.845936419] [bw_dr03_decoded_serial_node]: Serial error: [Errno 5] Input/output error
[decoded_serial_node-3] [ERROR] [1791264838.850917232] [bw_dr03_decoded_serial_node]: Serial error: [Errno 5] Input/output error
[decoded_serial_node-3] [ERROR] [1791264838.856179441] [bw_dr03_decoded_serial_node]: Serial error: [Errno 5] Input/output error
[decoded_serial_node-3] [ERROR] [1791264838.860914479] [bw_dr03_decoded_serial_node]: Serial error: [Errno 5] Input/output error
[decoded_serial_node-3] [ERROR] [1791264838.865934474] [bw_dr03_decoded_serial_node]: Serial error: [Errno 5] Input/output error
[decoded_serial_node-3] [ERROR] [1791264838.871241801] [bw_dr03_decoded_serial_node]: Serial error: [Errno 5] Input/output error
[decoded_serial_node-3] [ERROR] [1791264838.876006522] [bw_dr03_decoded_serial_node]: Serial error: [Errno 5] Input/output error
[decoded_serial_node-3] [ERROR] [1791264838.880929157] [bw_dr03_decoded_serial_node]: Serial error: [Errno 5] Input/output error
[decoded_serial_node-3] [ERROR] [1791264838.886073821] [bw_dr03_decoded_serial_node]: Serial error: [Errno 5] Input/output error
[decoded_serial_node-3] [ERROR] [1791264838.890925217] [bw_dr03_decoded_serial_node]: Serial error: [Errno 5] Input/output error
[decoded_serial_node-3] [ERROR] [1791264838.895938088] [bw_dr03_decoded_serial_node]: Serial error: [Errno 5] Input/output error
[decoded_serial_node-3] [ERROR] [1791264838.900914152] [bw_dr03_decoded_serial_node]: Serial error: [Errno 5] Input/output error
[decoded_serial_node-3] [ERROR] [1791264838.905916338] [bw_dr03_decoded_serial_node]: Serial error: [Errno 5] Input/output error
[decoded_serial_node-3] [ERROR] [1791264838.910958892] [bw_dr03_decoded_serial_node]: Serial error: [Errno 5] Input/output error
[decoded_serial_node-3] [ERROR] [1791264838.916189043] [bw_dr03_decoded_serial_node]: Serial error: [Errno 5] Input/output error
[decoded_serial_node-3] [ERROR] [1791264838.920922894] [bw_dr03_decoded_serial_node]: Serial error: [Errno 5] Input/output error
[decoded_serial_node-3] [ERROR] [1791264838.925942889] [bw_dr03_decoded_serial_node]: Serial error: [Errno 5] Input/output error
[decoded_serial_node-3] [ERROR] [1791264838.930940325] [bw_dr03_decoded_serial_node]: Serial error: [Errno 5] Input/output error
[decoded_serial_node-3] [ERROR] [1791264838.935921139] [bw_dr03_decoded_serial_node]: Serial error: [Errno 5] Input/output error
[decoded_serial_node-3] [ERROR] [1791264838.940955382] [bw_dr03_decoded_serial_node]: Serial error: [Errno 5] Input/output error
[decoded_serial_node-3] [ERROR] [1791264838.946056115] [bw_dr03_decoded_serial_node]: Serial error: [Errno 5] Input/output error
[decoded_serial_node-3] [ERROR] [1791264838.950927695] [bw_dr03_decoded_serial_node]: Serial error: [Errno 5] Input/output error
[decoded_serial_node-3] [ERROR] [1791264838.955953626] [bw_dr03_decoded_serial_node]: Serial error: [Errno 5] Input/output error
[decoded_serial_node-3] [ERROR] [1791264838.961469922] [bw_dr03_decoded_serial_node]: Serial error: [Errno 5] Input/output error
[decoded_serial_node-3] [ERROR] [1791264838.965911692] [bw_dr03_decoded_serial_node]: Serial error: [Errno 5] Input/output error
[follow_planner-6] [INFO] [1791264838.966987405] [follow_planner_node]: [IDLE] disabled | d=- goc=- | v=0.000 w=0.000 | thoang=-
[decoded_serial_node-3] [ERROR] [1791264838.970922188] [bw_dr03_decoded_serial_node]: Serial error: [Errno 5] Input/output error
[decoded_serial_node-3] [ERROR] [1791264838.976250887] [bw_dr03_decoded_serial_node]: Serial error: [Errno 5] Input/output error
[decoded_serial_node-3] [ERROR] [1791264838.980947931] [bw_dr03_decoded_serial_node]: Serial error: [Errno 5] Input/output error
[decoded_serial_node-3] [ERROR] [1791264838.985947741] [bw_dr03_decoded_serial_node]: Serial error: [Errno 5] Input/output error
[decoded_serial_node-3] [ERROR] [1791264838.990932117] [bw_dr03_decoded_serial_node]: Serial error: [Errno 5] Input/output error
[decoded_serial_node-3] [ERROR] [1791264838.996010291] [bw_dr03_decoded_serial_node]: Serial error: [Errno 5] Input/output error
[decoded_serial_node-3] [ERROR] [1791264839.001235693] [bw_dr03_decoded_serial_node]: Serial error: [Errno 5] Input/output error
[decoded_serial_node-3] [ERROR] [1791264839.006101336] [bw_dr03_decoded_serial_node]: Serial error: [Errno 5] Input/output error
[decoded_serial_node-3] [ERROR] [1791264839.010928985] [bw_dr03_decoded_serial_node]: Serial error: [Errno 5] Input/output error
[decoded_serial_node-3] [ERROR] [1791264839.016333672] [bw_dr03_decoded_serial_node]: Serial error: [Errno 5] Input/output error
[decoded_serial_node-3] [ERROR] [1791264839.020939292] [bw_dr03_decoded_serial_node]: Serial error: [Errno 5] Input/output error
[decoded_serial_node-3] [ERROR] [1791264839.025955725] [bw_dr03_decoded_serial_node]: Serial error: [Errno 5] Input/output error
[decoded_serial_node-3] [ERROR] [1791264839.031258303] [bw_dr03_decoded_serial_node]: Serial error: [Errno 5] Input/output error
[decoded_serial_node-3] [ERROR] [1791264839.036032523] [bw_dr03_decoded_serial_node]: Serial error: [Errno 5] Input/output error
[decoded_serial_node-3] [ERROR] [1791264839.040923100] [bw_dr03_decoded_serial_node]: Serial error: [Errno 5] Input/output error
[decoded_serial_node-3] [ERROR] [1791264839.045937158] [bw_dr03_decoded_serial_node]: Serial error: [Errno 5] Input/output error
[decoded_serial_node-3] [ERROR] [1791264839.050965465] [bw_dr03_decoded_serial_node]: Serial error: [Errno 5] Input/output error
[decoded_serial_node-3] [ERROR] [1791264839.055962901] [bw_dr03_decoded_serial_node]: Serial error: [Errno 5] Input/output error
[decoded_serial_node-3] [ERROR] [1791264839.061013766] [bw_dr03_decoded_serial_node]: Serial error: [Errno 5] Input/output error
[decoded_serial_node-3] [ERROR] [1791264839.066000516] [bw_dr03_decoded_serial_node]: Serial error: [Errno 5] Input/output error
[decoded_serial_node-3] [ERROR] [1791264839.071595175] [bw_dr03_decoded_serial_node]: Serial error: [Errno 5] Input/output error
[decoded_serial_node-3] [ERROR] [1791264839.075928898] [bw_dr03_decoded_serial_node]: Serial error: [Errno 5] Input/output error
[decoded_serial_node-3] [ERROR] [1791264839.080913274] [bw_dr03_decoded_serial_node]: Serial error: [Errno 5] Input/output error
[decoded_serial_node-3] [ERROR] [1791264839.085919021] [bw_dr03_decoded_serial_node]: Serial error: [Errno 5] Input/output error
[decoded_serial_node-3] [ERROR] [1791264839.090924768] [bw_dr03_decoded_serial_node]: Serial error: [Errno 5] Input/output error
[decoded_serial_node-3] [ERROR] [1791264839.095937639] [bw_dr03_decoded_serial_node]: Serial error: [Errno 5] Input/output error
[decoded_serial_node-3] [ERROR] [1791264839.101001565] [bw_dr03_decoded_serial_node]: Serial error: [Errno 5] Input/output error
[decoded_serial_node-3] [ERROR] [1791264839.106701896] [bw_dr03_decoded_serial_node]: Serial error: [Errno 5] Input/output error
[decoded_serial_node-3] [ERROR] [1791264839.110921636] [bw_dr03_decoded_serial_node]: Serial error: [Errno 5] Input/output error
[decoded_serial_node-3] [ERROR] [1791264839.115920260] [bw_dr03_decoded_serial_node]: Serial error: [Errno 5] Input/output error
[decoded_serial_node-3] [ERROR] [1791264839.121254895] [bw_dr03_decoded_serial_node]: Serial error: [Errno 5] Input/output error
[decoded_serial_node-3] [ERROR] [1791264839.125929379] [bw_dr03_decoded_serial_node]: Serial error: [Errno 5] Input/output error
[decoded_serial_node-3] [ERROR] [1791264839.130926815] [bw_dr03_decoded_serial_node]: Serial error: [Errno 5] Input/output error
[decoded_serial_node-3] [ERROR] [1791264839.135932563] [bw_dr03_decoded_serial_node]: Serial error: [Errno 5] Input/output error
[decoded_serial_node-3] [ERROR] [1791264839.140951371] [bw_dr03_decoded_serial_node]: Serial error: [Errno 5] Input/output error
[decoded_serial_node-3] [ERROR] [1791264839.145945245] [bw_dr03_decoded_serial_node]: Serial error: [Errno 5] Input/output error
[decoded_serial_node-3] [ERROR] [1791264839.150930807] [bw_dr03_decoded_serial_node]: Serial error: [Errno 5] Input/output error
[decoded_serial_node-3] [ERROR] [1791264839.156191829] [bw_dr03_decoded_serial_node]: Serial error: [Errno 5] Input/output error
[decoded_serial_node-3] [ERROR] [1791264839.160913806] [bw_dr03_decoded_serial_node]: Serial error: [Errno 5] Input/output error
[decoded_serial_node-3] [ERROR] [1791264839.165957548] [bw_dr03_decoded_serial_node]: Serial error: [Errno 5] Input/output error
[decoded_serial_node-3] [ERROR] [1791264839.170924113] [bw_dr03_decoded_serial_node]: Serial error: [Errno 5] Input/output error
[decoded_serial_node-3] [ERROR] [1791264839.175939359] [bw_dr03_decoded_serial_node]: Serial error: [Errno 5] Input/output error
[decoded_serial_node-3] [ERROR] [1791264839.180941545] [bw_dr03_decoded_serial_node]: Serial error: [Errno 5] Input/output error
[decoded_serial_node-3] [ERROR] [1791264839.185937793] [bw_dr03_decoded_serial_node]: Serial error: [Errno 5] Input/output error
[decoded_serial_node-3] [ERROR] [1791264839.191088394] [bw_dr03_decoded_serial_node]: Serial error: [Errno 5] Input/output error
[decoded_serial_node-3] [ERROR] [1791264839.195912481] [bw_dr03_decoded_serial_node]: Serial error: [Errno 5] Input/output error
[decoded_serial_node-3] [ERROR] [1791264839.200915853] [bw_dr03_decoded_serial_node]: Serial error: [Errno 5] Input/output error
[decoded_serial_node-3] [ERROR] [1791264839.205913289] [bw_dr03_decoded_serial_node]: Serial error: [Errno 5] Input/output error
[decoded_serial_node-3] [ERROR] [1791264839.210946345] [bw_dr03_decoded_serial_node]: Serial error: [Errno 5] Input/output error
[decoded_serial_node-3] [ERROR] [1791264839.215955654] [bw_dr03_decoded_serial_node]: Serial error: [Errno 5] Input/output error
[decoded_serial_node-3] [ERROR] [1791264839.220919845] [bw_dr03_decoded_serial_node]: Serial error: [Errno 5] Input/output error
[decoded_serial_node-3] [ERROR] [1791264839.226208175] [bw_dr03_decoded_serial_node]: Serial error: [Errno 5] Input/output error
[decoded_serial_node-3] [ERROR] [1791264839.231012078] [bw_dr03_decoded_serial_node]: Serial error: [Errno 5] Input/output error
[decoded_serial_node-3] [ERROR] [1791264839.236117560] [bw_dr03_decoded_serial_node]: Serial error: [Errno 5] Input/output error
[decoded_serial_node-3] [ERROR] [1791264839.241212356] [bw_dr03_decoded_serial_node]: Serial error: [Errno 5] Input/output error
[decoded_serial_node-3] [ERROR] [1791264839.245924835] [bw_dr03_decoded_serial_node]: Serial error: [Errno 5] Input/output error
[decoded_serial_node-3] [ERROR] [1791264839.251082560] [bw_dr03_decoded_serial_node]: Serial error: [Errno 5] Input/output error
[decoded_serial_node-3] [ERROR] [1791264839.256397010] [bw_dr03_decoded_serial_node]: Serial error: [Errno 5] Input/output error
[decoded_serial_node-3] [ERROR] [1791264839.261511991] [bw_dr03_decoded_serial_node]: Serial error: [Errno 5] Input/output error
[decoded_serial_node-3] [ERROR] [1791264839.266282649] [bw_dr03_decoded_serial_node]: Serial error: [Errno 5] Input/output error
[decoded_serial_node-3] [ERROR] [1791264839.271826253] [bw_dr03_decoded_serial_node]: Serial error: [Errno 5] Input/output error
[decoded_serial_node-3] [ERROR] [1791264839.276384380] [bw_dr03_decoded_serial_node]: Serial error: [Errno 5] Input/output error
[decoded_serial_node-3] [ERROR] [1791264839.281278519] [bw_dr03_decoded_serial_node]: Serial error: [Errno 5] Input/output error
[decoded_serial_node-3] [ERROR] [1791264839.286411309] [bw_dr03_decoded_serial_node]: Serial error: [Errno 5] Input/output error
[decoded_serial_node-3] [ERROR] [1791264839.291184342] [bw_dr03_decoded_serial_node]: Serial error: [Errno 5] Input/output error
[decoded_serial_node-3] [ERROR] [1791264839.297708673] [bw_dr03_decoded_serial_node]: Serial error: [Errno 5] Input/output error
[decoded_serial_node-3] [ERROR] [1791264839.300914441] [bw_dr03_decoded_serial_node]: Serial error: [Errno 5] Input/output error
[decoded_serial_node-3] [ERROR] [1791264839.306167151] [bw_dr03_decoded_serial_node]: Serial error: [Errno 5] Input/output error
[decoded_serial_node-3] [ERROR] [1791264839.311612207] [bw_dr03_decoded_serial_node]: Serial error: [Errno 5] Input/output error
[decoded_serial_node-3] [ERROR] [1791264839.316182208] [bw_dr03_decoded_serial_node]: Serial error: [Errno 5] Input/output error
[decoded_serial_node-3] [ERROR] [1791264839.322049950] [bw_dr03_decoded_serial_node]: Serial error: [Errno 5] Input/output error
[decoded_serial_node-3] [ERROR] [1791264839.326236446] [bw_dr03_decoded_serial_node]: Serial error: [Errno 5] Input/output error
[decoded_serial_node-3] [ERROR] [1791264839.331491531] [bw_dr03_decoded_serial_node]: Serial error: [Errno 5] Input/output error
[decoded_serial_node-3] [ERROR] [1791264839.335909554] [bw_dr03_decoded_serial_node]: Serial error: [Errno 5] Input/output error
[decoded_serial_node-3] [ERROR] [1791264839.340934298] [bw_dr03_decoded_serial_node]: Serial error: [Errno 5] Input/output error
[decoded_serial_node-3] [ERROR] [1791264839.345934109] [bw_dr03_decoded_serial_node]: Serial error: [Errno 5] Input/output error
[decoded_serial_node-3] [ERROR] [1791264839.351360168] [bw_dr03_decoded_serial_node]: Serial error: [Errno 5] Input/output error
[decoded_serial_node-3] [ERROR] [1791264839.355921857] [bw_dr03_decoded_serial_node]: Serial error: [Errno 5] Input/output error
[decoded_serial_node-3] [ERROR] [1791264839.360914544] [bw_dr03_decoded_serial_node]: Serial error: [Errno 5] Input/output error
[decoded_serial_node-3] [ERROR] [1791264839.366063957] [bw_dr03_decoded_serial_node]: Serial error: [Errno 5] Input/output error
[decoded_serial_node-3] [ERROR] [1791264839.371208621] [bw_dr03_decoded_serial_node]: Serial error: [Errno 5] Input/output error
[decoded_serial_node-3] [ERROR] [1791264839.375925849] [bw_dr03_decoded_serial_node]: Serial error: [Errno 5] Input/output error
[decoded_serial_node-3] [ERROR] [1791264839.381114444] [bw_dr03_decoded_serial_node]: Serial error: [Errno 5] Input/output error
[decoded_serial_node-3] [ERROR] [1791264839.385917159] [bw_dr03_decoded_serial_node]: Serial error: [Errno 5] Input/output error
[decoded_serial_node-3] [ERROR] [1791264839.390944278] [bw_dr03_decoded_serial_node]: Serial error: [Errno 5] Input/output error
[decoded_serial_node-3] [ERROR] [1791264839.395920342] [bw_dr03_decoded_serial_node]: Serial error: [Errno 5] Input/output error
[decoded_serial_node-3] [ERROR] [1791264839.400929651] [bw_dr03_decoded_serial_node]: Serial error: [Errno 5] Input/output error
[decoded_serial_node-3] [ERROR] [1791264839.406198984] [bw_dr03_decoded_serial_node]: Serial error: [Errno 5] Input/output error
[decoded_serial_node-3] [ERROR] [1791264839.410930460] [bw_dr03_decoded_serial_node]: Serial error: [Errno 5] Input/output error
[decoded_serial_node-3] [ERROR] [1791264839.416278156] [bw_dr03_decoded_serial_node]: Serial error: [Errno 5] Input/output error
[decoded_serial_node-3] [ERROR] [1791264839.421001321] [bw_dr03_decoded_serial_node]: Serial error: [Errno 5] Input/output error
[decoded_serial_node-3] [ERROR] [1791264839.426582919] [bw_dr03_decoded_serial_node]: Serial error: [Errno 5] Input/output error
[decoded_serial_node-3] [ERROR] [1791264839.431257403] [bw_dr03_decoded_serial_node]: Serial error: [Errno 5] Input/output error
[decoded_serial_node-3] [ERROR] [1791264839.436070804] [bw_dr03_decoded_serial_node]: Serial error: [Errno 5] Input/output error
[decoded_serial_node-3] [ERROR] [1791264839.441234465] [bw_dr03_decoded_serial_node]: Serial error: [Errno 5] Input/output error
[decoded_serial_node-3] [ERROR] [1791264839.445911325] [bw_dr03_decoded_serial_node]: Serial error: [Errno 5] Input/output error
[decoded_serial_node-3] [ERROR] [1791264839.450942006] [bw_dr03_decoded_serial_node]: Serial error: [Errno 5] Input/output error
[decoded_serial_node-3] [ERROR] [1791264839.455934692] [bw_dr03_decoded_serial_node]: Serial error: [Errno 5] Input/output error
[decoded_serial_node-3] [ERROR] [1791264839.461851115] [bw_dr03_decoded_serial_node]: Serial error: [Errno 5] Input/output error
[decoded_serial_node-3] [ERROR] [1791264839.466121911] [bw_dr03_decoded_serial_node]: Serial error: [Errno 5] Input/output error
[decoded_serial_node-3] [ERROR] [1791264839.470921064] [bw_dr03_decoded_serial_node]: Serial error: [Errno 5] Input/output error
[decoded_serial_node-3] [ERROR] [1791264839.475909001] [bw_dr03_decoded_serial_node]: Serial error: [Errno 5] Input/output error
[decoded_serial_node-3] [ERROR] [1791264839.481149838] [bw_dr03_decoded_serial_node]: Serial error: [Errno 5] Input/output error
[decoded_serial_node-3] [ERROR] [1791264839.485944242] [bw_dr03_decoded_serial_node]: Serial error: [Errno 5] Input/output error
[decoded_serial_node-3] [ERROR] [1791264839.490951177] [bw_dr03_decoded_serial_node]: Serial error: [Errno 5] Input/output error
[decoded_serial_node-3] [ERROR] [1791264839.495903495] [bw_dr03_decoded_serial_node]: Serial error: [Errno 5] Input/output error
[decoded_serial_node-3] [ERROR] [1791264839.500949611] [bw_dr03_decoded_serial_node]: Serial error: [Errno 5] Input/output error
[decoded_serial_node-3] [ERROR] [1791264839.505911427] [bw_dr03_decoded_serial_node]: Serial error: [Errno 5] Input/output error
[decoded_serial_node-3] [ERROR] [1791264839.511494213] [bw_dr03_decoded_serial_node]: Serial error: [Errno 5] Input/output error
[decoded_serial_node-3] [ERROR] [1791264839.516105769] [bw_dr03_decoded_serial_node]: Serial error: [Errno 5] Input/output error
[decoded_serial_node-3] [ERROR] [1791264839.520921545] [bw_dr03_decoded_serial_node]: Serial error: [Errno 5] Input/output error
[decoded_serial_node-3] [ERROR] [1791264839.525923730] [bw_dr03_decoded_serial_node]: Serial error: [Errno 5] Input/output error
[decoded_serial_node-3] [ERROR] [1791264839.530912855] [bw_dr03_decoded_serial_node]: Serial error: [Errno 5] Input/output error
[decoded_serial_node-3] [ERROR] [1791264839.535954222] [bw_dr03_decoded_serial_node]: Serial error: [Errno 5] Input/output error
[decoded_serial_node-3] [ERROR] [1791264839.540954033] [bw_dr03_decoded_serial_node]: Serial error: [Errno 5] Input/output error
[decoded_serial_node-3] [ERROR] [1791264839.545959780] [bw_dr03_decoded_serial_node]: Serial error: [Errno 5] Input/output error
[decoded_serial_node-3] [ERROR] [1791264839.551630427] [bw_dr03_decoded_serial_node]: Serial error: [Errno 5] Input/output error
[decoded_serial_node-3] [ERROR] [1791264839.555962963] [bw_dr03_decoded_serial_node]: Serial error: [Errno 5] Input/output error
[decoded_serial_node-3] [ERROR] [1791264839.561232296] [bw_dr03_decoded_serial_node]: Serial error: [Errno 5] Input/output error
[decoded_serial_node-3] [ERROR] [1791264839.566285536] [bw_dr03_decoded_serial_node]: Serial error: [Errno 5] Input/output error
[decoded_serial_node-3] [ERROR] [1791264839.571312655] [bw_dr03_decoded_serial_node]: Serial error: [Errno 5] Input/output error
[decoded_serial_node-3] [ERROR] [1791264839.576454944] [bw_dr03_decoded_serial_node]: Serial error: [Errno 5] Input/output error
[decoded_serial_node-3] [ERROR] [1791264839.580912149] [bw_dr03_decoded_serial_node]: Serial error: [Errno 5] Input/output error
[decoded_serial_node-3] [ERROR] [1791264839.585990323] [bw_dr03_decoded_serial_node]: Serial error: [Errno 5] Input/output error
[decoded_serial_node-3] [ERROR] [1791264839.590915332] [bw_dr03_decoded_serial_node]: Serial error: [Errno 5] Input/output error
[decoded_serial_node-3] [ERROR] [1791264839.595893771] [bw_dr03_decoded_serial_node]: Serial error: [Errno 5] Input/output error
[decoded_serial_node-3] [ERROR] [1791264839.600961259] [bw_dr03_decoded_serial_node]: Serial error: [Errno 5] Input/output error
[decoded_serial_node-3] [ERROR] [1791264839.605926637] [bw_dr03_decoded_serial_node]: Serial error: [Errno 5] Input/output error
[decoded_serial_node-3] [ERROR] [1791264839.610966817] [bw_dr03_decoded_serial_node]: Serial error: [Errno 5] Input/output error
[decoded_serial_node-3] [ERROR] [1791264839.615925071] [bw_dr03_decoded_serial_node]: Serial error: [Errno 5] Input/output error
[decoded_serial_node-3] [ERROR] [1791264839.621320260] [bw_dr03_decoded_serial_node]: Serial error: [Errno 5] Input/output error
[decoded_serial_node-3] [ERROR] [1791264839.626039863] [bw_dr03_decoded_serial_node]: Serial error: [Errno 5] Input/output error
[decoded_serial_node-3] [ERROR] [1791264839.631009990] [bw_dr03_decoded_serial_node]: Serial error: [Errno 5] Input/output error
[decoded_serial_node-3] [ERROR] [1791264839.635953997] [bw_dr03_decoded_serial_node]: Serial error: [Errno 5] Input/output error
[decoded_serial_node-3] [ERROR] [1791264839.640944309] [bw_dr03_decoded_serial_node]: Serial error: [Errno 5] Input/output error
[decoded_serial_node-3] [ERROR] [1791264839.645921561] [bw_dr03_decoded_serial_node]: Serial error: [Errno 5] Input/output error
[decoded_serial_node-3] [ERROR] [1791264839.650915435] [bw_dr03_decoded_serial_node]: Serial error: [Errno 5] Input/output error
[decoded_serial_node-3] [ERROR] [1791264839.656184767] [bw_dr03_decoded_serial_node]: Serial error: [Errno 5] Input/output error
[decoded_serial_node-3] [ERROR] [1791264839.660939990] [bw_dr03_decoded_serial_node]: Serial error: [Errno 5] Input/output error
[decoded_serial_node-3] [ERROR] [1791264839.665943362] [bw_dr03_decoded_serial_node]: Serial error: [Errno 5] Input/output error
[decoded_serial_node-3] [ERROR] [1791264839.671218632] [bw_dr03_decoded_serial_node]: Serial error: [Errno 5] Input/output error
[decoded_serial_node-3] [ERROR] [1791264839.676626881] [bw_dr03_decoded_serial_node]: Serial error: [Errno 5] Input/output error
[decoded_serial_node-3] [ERROR] [1791264839.681100708] [bw_dr03_decoded_serial_node]: Serial error: [Errno 5] Input/output error
[decoded_serial_node-3] [ERROR] [1791264839.685927170] [bw_dr03_decoded_serial_node]: Serial error: [Errno 5] Input/output error
[decoded_serial_node-3] [ERROR] [1791264839.691381725] [bw_dr03_decoded_serial_node]: Serial error: [Errno 5] Input/output error
[decoded_serial_node-3] [ERROR] [1791264839.695956474] [bw_dr03_decoded_serial_node]: Serial error: [Errno 5] Input/output error
[decoded_serial_node-3] [ERROR] [1791264839.700931351] [bw_dr03_decoded_serial_node]: Serial error: [Errno 5] Input/output error
[decoded_serial_node-3] [ERROR] [1791264839.705962032] [bw_dr03_decoded_serial_node]: Serial error: [Errno 5] Input/output error
[decoded_serial_node-3] [ERROR] [1791264839.711447457] [bw_dr03_decoded_serial_node]: Serial error: [Errno 5] Input/output error
[decoded_serial_node-3] [ERROR] [1791264839.715911786] [bw_dr03_decoded_serial_node]: Serial error: [Errno 5] Input/output error
[decoded_serial_node-3] [ERROR] [1791264839.720954340] [bw_dr03_decoded_serial_node]: Serial error: [Errno 5] Input/output error
[decoded_serial_node-3] [ERROR] [1791264839.726006393] [bw_dr03_decoded_serial_node]: Serial error: [Errno 5] Input/output error
[decoded_serial_node-3] [ERROR] [1791264839.730917154] [bw_dr03_decoded_serial_node]: Serial error: [Errno 5] Input/output error
[decoded_serial_node-3] [ERROR] [1791264839.735947835] [bw_dr03_decoded_serial_node]: Serial error: [Errno 5] Input/output error
[decoded_serial_node-3] [ERROR] [1791264839.740942897] [bw_dr03_decoded_serial_node]: Serial error: [Errno 5] Input/output error
[decoded_serial_node-3] [ERROR] [1791264839.746499561] [bw_dr03_decoded_serial_node]: Serial error: [Errno 5] Input/output error
[decoded_serial_node-3] [ERROR] [1791264839.751071936] [bw_dr03_decoded_serial_node]: Serial error: [Errno 5] Input/output error
[decoded_serial_node-3] [ERROR] [1791264839.756007631] [bw_dr03_decoded_serial_node]: Serial error: [Errno 5] Input/output error
[decoded_serial_node-3] [ERROR] [1791264839.760913644] [bw_dr03_decoded_serial_node]: Serial error: [Errno 5] Input/output error
[decoded_serial_node-3] [ERROR] [1791264839.765940763] [bw_dr03_decoded_serial_node]: Serial error: [Errno 5] Input/output error
[decoded_serial_node-3] [ERROR] [1791264839.770961945] [bw_dr03_decoded_serial_node]: Serial error: [Errno 5] Input/output error
[decoded_serial_node-3] [ERROR] [1791264839.776662275] [bw_dr03_decoded_serial_node]: Serial error: [Errno 5] Input/output error
[decoded_serial_node-3] [ERROR] [1791264839.781745199] [bw_dr03_decoded_serial_node]: Serial error: [Errno 5] Input/output error
[decoded_serial_node-3] [ERROR] [1791264839.786753321] [bw_dr03_decoded_serial_node]: Serial error: [Errno 5] Input/output error
[decoded_serial_node-3] [ERROR] [1791264839.791237834] [bw_dr03_decoded_serial_node]: Serial error: [Errno 5] Input/output error
[decoded_serial_node-3] [ERROR] [1791264839.796503604] [bw_dr03_decoded_serial_node]: Serial error: [Errno 5] Input/output error
[decoded_serial_node-3] [ERROR] [1791264839.801314631] [bw_dr03_decoded_serial_node]: Serial error: [Errno 5] Input/output error
[decoded_serial_node-3] [ERROR] [1791264839.806682511] [bw_dr03_decoded_serial_node]: Serial error: [Errno 5] Input/output error
[decoded_serial_node-3] [ERROR] [1791264839.811296442] [bw_dr03_decoded_serial_node]: Serial error: [Errno 5] Input/output error
[decoded_serial_node-3] [ERROR] [1791264839.816196518] [bw_dr03_decoded_serial_node]: Serial error: [Errno 5] Input/output error
[decoded_serial_node-3] [ERROR] [1791264839.821674819] [bw_dr03_decoded_serial_node]: Serial error: [Errno 5] Input/output error
[decoded_serial_node-3] [ERROR] [1791264839.826319621] [bw_dr03_decoded_serial_node]: Serial error: [Errno 5] Input/output error
[decoded_serial_node-3] [ERROR] [1791264839.832098314] [bw_dr03_decoded_serial_node]: Serial error: [Errno 5] Input/output error
[decoded_serial_node-3] [ERROR] [1791264839.836619634] [bw_dr03_decoded_serial_node]: Serial error: [Errno 5] Input/output error
[decoded_serial_node-3] [ERROR] [1791264839.841266811] [bw_dr03_decoded_serial_node]: Serial error: [Errno 5] Input/output error
[decoded_serial_node-3] [ERROR] [1791264839.846510022] [bw_dr03_decoded_serial_node]: Serial error: [Errno 5] Input/output error
[decoded_serial_node-3] [ERROR] [1791264839.852180669] [bw_dr03_decoded_serial_node]: Serial error: [Errno 5] Input/output error
[decoded_serial_node-3] [ERROR] [1791264839.856669932] [bw_dr03_decoded_serial_node]: Serial error: [Errno 5] Input/output error
[decoded_serial_node-3] [ERROR] [1791264839.862061559] [bw_dr03_decoded_serial_node]: Serial error: [Errno 5] Input/output error
[decoded_serial_node-3] [ERROR] [1791264839.866435651] [bw_dr03_decoded_serial_node]: Serial error: [Errno 5] Input/output error
[decoded_serial_node-3] [ERROR] [1791264839.871202746] [bw_dr03_decoded_serial_node]: Serial error: [Errno 5] Input/output error
[decoded_serial_node-3] [ERROR] [1791264839.876435272] [bw_dr03_decoded_serial_node]: Serial error: [Errno 5] Input/output error
[decoded_serial_node-3] [ERROR] [1791264839.881403025] [bw_dr03_decoded_serial_node]: Serial error: [Errno 5] Input/output error
[decoded_serial_node-3] [ERROR] [1791264839.886183181] [bw_dr03_decoded_serial_node]: Serial error: [Errno 5] Input/output error
[decoded_serial_node-3] [ERROR] [1791264839.891222174] [bw_dr03_decoded_serial_node]: Serial error: [Errno 5] Input/output error
[decoded_serial_node-3] [ERROR] [1791264839.896746780] [bw_dr03_decoded_serial_node]: Serial error: [Errno 5] Input/output error
[decoded_serial_node-3] [ERROR] [1791264839.900942774] [bw_dr03_decoded_serial_node]: Serial error: [Errno 5] Input/output error
[decoded_serial_node-3] [ERROR] [1791264839.906478067] [bw_dr03_decoded_serial_node]: Serial error: [Errno 5] Input/output error
[decoded_serial_node-3] [ERROR] [1791264839.911153739] [bw_dr03_decoded_serial_node]: Serial error: [Errno 5] Input/output error
[decoded_serial_node-3] [ERROR] [1791264839.916222414] [bw_dr03_decoded_serial_node]: Serial error: [Errno 5] Input/output error
[decoded_serial_node-3] [ERROR] [1791264839.921223412] [bw_dr03_decoded_serial_node]: Serial error: [Errno 5] Input/output error
[decoded_serial_node-3] [ERROR] [1791264839.926515304] [bw_dr03_decoded_serial_node]: Serial error: [Errno 5] Input/output error
[decoded_serial_node-3] [ERROR] [1791264839.931724083] [bw_dr03_decoded_serial_node]: Serial error: [Errno 5] Input/output error
[decoded_serial_node-3] [ERROR] [1791264839.936581415] [bw_dr03_decoded_serial_node]: Serial error: [Errno 5] Input/output error
[decoded_serial_node-3] [ERROR] [1791264839.941284395] [bw_dr03_decoded_serial_node]: Serial error: [Errno 5] Input/output error
[decoded_serial_node-3] [ERROR] [1791264839.946626155] [bw_dr03_decoded_serial_node]: Serial error: [Errno 5] Input/output error
[decoded_serial_node-3] [ERROR] [1791264839.952074773] [bw_dr03_decoded_serial_node]: Serial error: [Errno 5] Input/output error
[decoded_serial_node-3] [ERROR] [1791264839.956179343] [bw_dr03_decoded_serial_node]: Serial error: [Errno 5] Input/output error
[decoded_serial_node-3] [ERROR] [1791264839.961578094] [bw_dr03_decoded_serial_node]: Serial error: [Errno 5] Input/output error
[decoded_serial_node-3] [ERROR] [1791264839.966208647] [bw_dr03_decoded_serial_node]: Serial error: [Errno 5] Input/output error
[decoded_serial_node-3] [ERROR] [1791264839.971513600] [bw_dr03_decoded_serial_node]: Serial error: [Errno 5] Input/output error
[decoded_serial_node-3] [ERROR] [1791264839.976462356] [bw_dr03_decoded_serial_node]: Serial error: [Errno 5] Input/output error
[decoded_serial_node-3] [ERROR] [1791264839.981489475] [bw_dr03_decoded_serial_node]: Serial error: [Errno 5] Input/output error
[decoded_serial_node-3] [ERROR] [1791264839.986501158] [bw_dr03_decoded_serial_node]: Serial error: [Errno 5] Input/output error
[decoded_serial_node-3] [ERROR] [1791264839.991256381] [bw_dr03_decoded_serial_node]: Serial error: [Errno 5] Input/output error
[decoded_serial_node-3] [ERROR] [1791264839.996004479] [bw_dr03_decoded_serial_node]: Serial error: [Errno 5] Input/output error
[decoded_serial_node-3] [ERROR] [1791264840.000906930] [bw_dr03_decoded_serial_node]: Serial error: [Errno 5] Input/output error
[decoded_serial_node-3] [ERROR] [1791264840.005931674] [bw_dr03_decoded_serial_node]: Serial error: [Errno 5] Input/output error
[decoded_serial_node-3] [ERROR] [1791264840.010927923] [bw_dr03_decoded_serial_node]: Serial error: [Errno 5] Input/output error
[decoded_serial_node-3] [ERROR] [1791264840.015937232] [bw_dr03_decoded_serial_node]: Serial error: [Errno 5] Input/output error
[decoded_serial_node-3] [ERROR] [1791264840.021010656] [bw_dr03_decoded_serial_node]: Serial error: [Errno 5] Input/output error
[decoded_serial_node-3] [ERROR] [1791264840.026002156] [bw_dr03_decoded_serial_node]: Serial error: [Errno 5] Input/output error
[decoded_serial_node-3] [ERROR] [1791264840.031290485] [bw_dr03_decoded_serial_node]: Serial error: [Errno 5] Input/output error
[follow_planner-6] [INFO] [1791264840.033451410] [follow_planner_node]: [IDLE] disabled | d=- goc=- | v=0.000 w=0.000 | thoang=-
[decoded_serial_node-3] [ERROR] [1791264840.035940036] [bw_dr03_decoded_serial_node]: Serial error: [Errno 5] Input/output error
[decoded_serial_node-3] [ERROR] [1791264840.041191559] [bw_dr03_decoded_serial_node]: Serial error: [Errno 5] Input/output error
[decoded_serial_node-3] [ERROR] [1791264840.045936095] [bw_dr03_decoded_serial_node]: Serial error: [Errno 5] Input/output error
[decoded_serial_node-3] [ERROR] [1791264840.051448829] [bw_dr03_decoded_serial_node]: Serial error: [Errno 5] Input/output error
[decoded_serial_node-3] [ERROR] [1791264840.056487821] [bw_dr03_decoded_serial_node]: Serial error: [Errno 5] Input/output error
[decoded_serial_node-3] [ERROR] [1791264840.061336842] [bw_dr03_decoded_serial_node]: Serial error: [Errno 5] Input/output error
[decoded_serial_node-3] [ERROR] [1791264840.066181113] [bw_dr03_decoded_serial_node]: Serial error: [Errno 5] Input/output error
[decoded_serial_node-3] [ERROR] [1791264840.071473005] [bw_dr03_decoded_serial_node]: Serial error: [Errno 5] Input/output error
[decoded_serial_node-3] [ERROR] [1791264840.076470441] [bw_dr03_decoded_serial_node]: Serial error: [Errno 5] Input/output error
[decoded_serial_node-3] [ERROR] [1791264840.081314712] [bw_dr03_decoded_serial_node]: Serial error: [Errno 5] Input/output error
[decoded_serial_node-3] [ERROR] [1791264840.086490246] [bw_dr03_decoded_serial_node]: Serial error: [Errno 5] Input/output error
[decoded_serial_node-3] [ERROR] [1791264840.091232408] [bw_dr03_decoded_serial_node]: Serial error: [Errno 5] Input/output error
[decoded_serial_node-3] [ERROR] [1791264840.095899769] [bw_dr03_decoded_serial_node]: Serial error: [Errno 5] Input/output error
[decoded_serial_node-3] [ERROR] [1791264840.100950634] [bw_dr03_decoded_serial_node]: Serial error: [Errno 5] Input/output error
[decoded_serial_node-3] [ERROR] [1791264840.105924324] [bw_dr03_decoded_serial_node]: Serial error: [Errno 5] Input/output error
[decoded_serial_node-3] [ERROR] [1791264840.111083235] [bw_dr03_decoded_serial_node]: Serial error: [Errno 5] Input/output error
[decoded_serial_node-3] [ERROR] [1791264840.116487923] [bw_dr03_decoded_serial_node]: Serial error: [Errno 5] Input/output error
[decoded_serial_node-3] [ERROR] [1791264840.121814247] [bw_dr03_decoded_serial_node]: Serial error: [Errno 5] Input/output error
[decoded_serial_node-3] [ERROR] [1791264840.126646645] [bw_dr03_decoded_serial_node]: Serial error: [Errno 5] Input/output error
[decoded_serial_node-3] [ERROR] [1791264840.131532472] [bw_dr03_decoded_serial_node]: Serial error: [Errno 5] Input/output error
[decoded_serial_node-3] [ERROR] [1791264840.135917251] [bw_dr03_decoded_serial_node]: Serial error: [Errno 5] Input/output error
[decoded_serial_node-3] [ERROR] [1791264840.140927747] [bw_dr03_decoded_serial_node]: Serial error: [Errno 5] Input/output error
[decoded_serial_node-3] [ERROR] [1791264840.145948929] [bw_dr03_decoded_serial_node]: Serial error: [Errno 5] Input/output error
[decoded_serial_node-3] [ERROR] [1791264840.150945178] [bw_dr03_decoded_serial_node]: Serial error: [Errno 5] Input/output error
[decoded_serial_node-3] [ERROR] [1791264840.156064908] [bw_dr03_decoded_serial_node]: Serial error: [Errno 5] Input/output error
[decoded_serial_node-3] [ERROR] [1791264840.160943612] [bw_dr03_decoded_serial_node]: Serial error: [Errno 5] Input/output error
[decoded_serial_node-3] [ERROR] [1791264840.165931549] [bw_dr03_decoded_serial_node]: Serial error: [Errno 5] Input/output error
[decoded_serial_node-3] [ERROR] [1791264840.170918299] [bw_dr03_decoded_serial_node]: Serial error: [Errno 5] Input/output error
[decoded_serial_node-3] [ERROR] [1791264840.175960853] [bw_dr03_decoded_serial_node]: Serial error: [Errno 5] Input/output error
[decoded_serial_node-3] [ERROR] [1791264840.180910797] [bw_dr03_decoded_serial_node]: Serial error: [Errno 5] Input/output error
[decoded_serial_node-3] [ERROR] [1791264840.185920106] [bw_dr03_decoded_serial_node]: Serial error: [Errno 5] Input/output error
[decoded_serial_node-3] [ERROR] [1791264840.191252366] [bw_dr03_decoded_serial_node]: Serial error: [Errno 5] Input/output error
[decoded_serial_node-3] [ERROR] [1791264840.195909041] [bw_dr03_decoded_serial_node]: Serial error: [Errno 5] Input/output error
[decoded_serial_node-3] [ERROR] [1791264840.201046581] [bw_dr03_decoded_serial_node]: Serial error: [Errno 5] Input/output error
[decoded_serial_node-3] [ERROR] [1791264840.205925285] [bw_dr03_decoded_serial_node]: Serial error: [Errno 5] Input/output error
[decoded_serial_node-3] [ERROR] [1791264840.210922721] [bw_dr03_decoded_serial_node]: Serial error: [Errno 5] Input/output error
[decoded_serial_node-3] [ERROR] [1791264840.215953401] [bw_dr03_decoded_serial_node]: Serial error: [Errno 5] Input/output error
[decoded_serial_node-3] [ERROR] [1791264840.220930653] [bw_dr03_decoded_serial_node]: Serial error: [Errno 5] Input/output error
[decoded_serial_node-3] [ERROR] [1791264840.226264101] [bw_dr03_decoded_serial_node]: Serial error: [Errno 5] Input/output error
[decoded_serial_node-3] [ERROR] [1791264840.230936211] [bw_dr03_decoded_serial_node]: Serial error: [Errno 5] Input/output error
[decoded_serial_node-3] [ERROR] [1791264840.235941958] [bw_dr03_decoded_serial_node]: Serial error: [Errno 5] Input/output error
[decoded_serial_node-3] [ERROR] [1791264840.240926333] [bw_dr03_decoded_serial_node]: Serial error: [Errno 5] Input/output error
[decoded_serial_node-3] [ERROR] [1791264840.245954640] [bw_dr03_decoded_serial_node]: Serial error: [Errno 5] Input/output error
[decoded_serial_node-3] [ERROR] [1791264840.250930704] [bw_dr03_decoded_serial_node]: Serial error: [Errno 5] Input/output error
[decoded_serial_node-3] [ERROR] [1791264840.255940013] [bw_dr03_decoded_serial_node]: Serial error: [Errno 5] Input/output error
[decoded_serial_node-3] [ERROR] [1791264840.260930325] [bw_dr03_decoded_serial_node]: Serial error: [Errno 5] Input/output error
[decoded_serial_node-3] [ERROR] [1791264840.266017997] [bw_dr03_decoded_serial_node]: Serial error: [Errno 5] Input/output error
[decoded_serial_node-3] [ERROR] [1791264840.270940632] [bw_dr03_decoded_serial_node]: Serial error: [Errno 5] Input/output error
[decoded_serial_node-3] [ERROR] [1791264840.275925007] [bw_dr03_decoded_serial_node]: Serial error: [Errno 5] Input/output error
[decoded_serial_node-3] [ERROR] [1791264840.281485234] [bw_dr03_decoded_serial_node]: Serial error: [Errno 5] Input/output error
[decoded_serial_node-3] [ERROR] [1791264840.285941251] [bw_dr03_decoded_serial_node]: Serial error: [Errno 5] Input/output error
[decoded_serial_node-3] [ERROR] [1791264840.290919690] [bw_dr03_decoded_serial_node]: Serial error: [Errno 5] Input/output error
[decoded_serial_node-3] [ERROR] [1791264840.296029921] [bw_dr03_decoded_serial_node]: Serial error: [Errno 5] Input/output error
[decoded_serial_node-3] [ERROR] [1791264840.300956118] [bw_dr03_decoded_serial_node]: Serial error: [Errno 5] Input/output error
[decoded_serial_node-3] [ERROR] [1791264840.305919122] [bw_dr03_decoded_serial_node]: Serial error: [Errno 5] Input/output error
[decoded_serial_node-3] [ERROR] [1791264840.310994921] [bw_dr03_decoded_serial_node]: Serial error: [Errno 5] Input/output error
[decoded_serial_node-3] [ERROR] [1791264840.316261879] [bw_dr03_decoded_serial_node]: Serial error: [Errno 5] Input/output error
[decoded_serial_node-3] [ERROR] [1791264840.320922115] [bw_dr03_decoded_serial_node]: Serial error: [Errno 5] Input/output error
[decoded_serial_node-3] [ERROR] [1791264840.326199759] [bw_dr03_decoded_serial_node]: Serial error: [Errno 5] Input/output error
[decoded_serial_node-3] [ERROR] [1791264840.330960918] [bw_dr03_decoded_serial_node]: Serial error: [Errno 5] Input/output error
[decoded_serial_node-3] [ERROR] [1791264840.335939357] [bw_dr03_decoded_serial_node]: Serial error: [Errno 5] Input/output error
[decoded_serial_node-3] [ERROR] [1791264840.340998534] [bw_dr03_decoded_serial_node]: Serial error: [Errno 5] Input/output error
[decoded_serial_node-3] [ERROR] [1791264840.345922356] [bw_dr03_decoded_serial_node]: Serial error: [Errno 5] Input/output error
[decoded_serial_node-3] [ERROR] [1791264840.350939976] [bw_dr03_decoded_serial_node]: Serial error: [Errno 5] Input/output error
[decoded_serial_node-3] [ERROR] [1791264840.355999153] [bw_dr03_decoded_serial_node]: Serial error: [Errno 5] Input/output error
[decoded_serial_node-3] [ERROR] [1791264840.360927724] [bw_dr03_decoded_serial_node]: Serial error: [Errno 5] Input/output error
[decoded_serial_node-3] [ERROR] [1791264840.366292042] [bw_dr03_decoded_serial_node]: Serial error: [Errno 5] Input/output error
[decoded_serial_node-3] [ERROR] [1791264840.370924970] [bw_dr03_decoded_serial_node]: Serial error: [Errno 5] Input/output error
[decoded_serial_node-3] [ERROR] [1791264840.375953277] [bw_dr03_decoded_serial_node]: Serial error: [Errno 5] Input/output error
[decoded_serial_node-3] [ERROR] [1791264840.380924592] [bw_dr03_decoded_serial_node]: Serial error: [Errno 5] Input/output error
[decoded_serial_node-3] [ERROR] [1791264840.386573867] [bw_dr03_decoded_serial_node]: Serial error: [Errno 5] Input/output error
[decoded_serial_node-3] [ERROR] [1791264840.390949146] [bw_dr03_decoded_serial_node]: Serial error: [Errno 5] Input/output error
[decoded_serial_node-3] [ERROR] [1791264840.395893153] [bw_dr03_decoded_serial_node]: Serial error: [Errno 5] Input/output error
[decoded_serial_node-3] [ERROR] [1791264840.400932145] [bw_dr03_decoded_serial_node]: Serial error: [Errno 5] Input/output error
[decoded_serial_node-3] [ERROR] [1791264840.406741709] [bw_dr03_decoded_serial_node]: Serial error: [Errno 5] Input/output error
[decoded_serial_node-3] [ERROR] [1791264840.410917518] [bw_dr03_decoded_serial_node]: Serial error: [Errno 5] Input/output error
[decoded_serial_node-3] [ERROR] [1791264840.416108488] [bw_dr03_decoded_serial_node]: Serial error: [Errno 5] Input/output error
[decoded_serial_node-3] [ERROR] [1791264840.421286397] [bw_dr03_decoded_serial_node]: Serial error: [Errno 5] Input/output error
[decoded_serial_node-3] [ERROR] [1791264840.426096236] [bw_dr03_decoded_serial_node]: Serial error: [Errno 5] Input/output error
[decoded_serial_node-3] [ERROR] [1791264840.430941695] [bw_dr03_decoded_serial_node]: Serial error: [Errno 5] Input/output error
[decoded_serial_node-3] [ERROR] [1791264840.435917759] [bw_dr03_decoded_serial_node]: Serial error: [Errno 5] Input/output error
[decoded_serial_node-3] [ERROR] [1791264840.440936566] [bw_dr03_decoded_serial_node]: Serial error: [Errno 5] Input/output error
[decoded_serial_node-3] [ERROR] [1791264840.446012366] [bw_dr03_decoded_serial_node]: Serial error: [Errno 5] Input/output error
[decoded_serial_node-3] [ERROR] [1791264840.450905317] [bw_dr03_decoded_serial_node]: Serial error: [Errno 5] Input/output error
[decoded_serial_node-3] [ERROR] [1791264840.455921750] [bw_dr03_decoded_serial_node]: Serial error: [Errno 5] Input/output error
[decoded_serial_node-3] [ERROR] [1791264840.460920374] [bw_dr03_decoded_serial_node]: Serial error: [Errno 5] Input/output error
[decoded_serial_node-3] [ERROR] [1791264840.466391551] [bw_dr03_decoded_serial_node]: Serial error: [Errno 5] Input/output error
[decoded_serial_node-3] [ERROR] [1791264840.471393736] [bw_dr03_decoded_serial_node]: Serial error: [Errno 5] Input/output error
[decoded_serial_node-3] [ERROR] [1791264840.476387610] [bw_dr03_decoded_serial_node]: Serial error: [Errno 5] Input/output error
[decoded_serial_node-3] [ERROR] [1791264840.481518026] [bw_dr03_decoded_serial_node]: Serial error: [Errno 5] Input/output error
[decoded_serial_node-3] [ERROR] [1791264840.486394355] [bw_dr03_decoded_serial_node]: Serial error: [Errno 5] Input/output error
[decoded_serial_node-3] [ERROR] [1791264840.491213693] [bw_dr03_decoded_serial_node]: Serial error: [Errno 5] Input/output error
[decoded_serial_node-3] [ERROR] [1791264840.496680121] [bw_dr03_decoded_serial_node]: Serial error: [Errno 5] Input/output error
[decoded_serial_node-3] [ERROR] [1791264840.501010282] [bw_dr03_decoded_serial_node]: Serial error: [Errno 5] Input/output error
[decoded_serial_node-3] [ERROR] [1791264840.506429217] [bw_dr03_decoded_serial_node]: Serial error: [Errno 5] Input/output error
[decoded_serial_node-3] [ERROR] [1791264840.511229558] [bw_dr03_decoded_serial_node]: Serial error: [Errno 5] Input/output error
[decoded_serial_node-3] [ERROR] [1791264840.516053645] [bw_dr03_decoded_serial_node]: Serial error: [Errno 5] Input/output error
[decoded_serial_node-3] [ERROR] [1791264840.520929974] [bw_dr03_decoded_serial_node]: Serial error: [Errno 5] Input/output error
[decoded_serial_node-3] [ERROR] [1791264840.526206430] [bw_dr03_decoded_serial_node]: Serial error: [Errno 5] Input/output error
[decoded_serial_node-3] [ERROR] [1791264840.531252546] [bw_dr03_decoded_serial_node]: Serial error: [Errno 5] Input/output error
[decoded_serial_node-3] [ERROR] [1791264840.536007769] [bw_dr03_decoded_serial_node]: Serial error: [Errno 5] Input/output error
[decoded_serial_node-3] [ERROR] [1791264840.540928029] [bw_dr03_decoded_serial_node]: Serial error: [Errno 5] Input/output error
[decoded_serial_node-3] [ERROR] [1791264840.546159367] [bw_dr03_decoded_serial_node]: Serial error: [Errno 5] Input/output error
[decoded_serial_node-3] [ERROR] [1791264840.550920526] [bw_dr03_decoded_serial_node]: Serial error: [Errno 5] Input/output error
[decoded_serial_node-3] [ERROR] [1791264840.555926273] [bw_dr03_decoded_serial_node]: Serial error: [Errno 5] Input/output error
[decoded_serial_node-3] [ERROR] [1791264840.560998510] [bw_dr03_decoded_serial_node]: Serial error: [Errno 5] Input/output error
[decoded_serial_node-3] [ERROR] [1791264840.566195416] [bw_dr03_decoded_serial_node]: Serial error: [Errno 5] Input/output error
[decoded_serial_node-3] [ERROR] [1791264840.570935203] [bw_dr03_decoded_serial_node]: Serial error: [Errno 5] Input/output error
[decoded_serial_node-3] [ERROR] [1791264840.575912455] [bw_dr03_decoded_serial_node]: Serial error: [Errno 5] Input/output error
[decoded_serial_node-3] [ERROR] [1791264840.580921764] [bw_dr03_decoded_serial_node]: Serial error: [Errno 5] Input/output error
[decoded_serial_node-3] [ERROR] [1791264840.585903765] [bw_dr03_decoded_serial_node]: Serial error: [Errno 5] Input/output error
[decoded_serial_node-3] [ERROR] [1791264840.590990250] [bw_dr03_decoded_serial_node]: Serial error: [Errno 5] Input/output error
[decoded_serial_node-3] [ERROR] [1791264840.595929507] [bw_dr03_decoded_serial_node]: Serial error: [Errno 5] Input/output error
[decoded_serial_node-3] [ERROR] [1791264840.600924568] [bw_dr03_decoded_serial_node]: Serial error: [Errno 5] Input/output error
[decoded_serial_node-3] [ERROR] [1791264840.605951687] [bw_dr03_decoded_serial_node]: Serial error: [Errno 5] Input/output error
[decoded_serial_node-3] [ERROR] [1791264840.610924190] [bw_dr03_decoded_serial_node]: Serial error: [Errno 5] Input/output error
[decoded_serial_node-3] [ERROR] [1791264840.615945372] [bw_dr03_decoded_serial_node]: Serial error: [Errno 5] Input/output error
[decoded_serial_node-3] [ERROR] [1791264840.620971304] [bw_dr03_decoded_serial_node]: Serial error: [Errno 5] Input/output error
[decoded_serial_node-3] [ERROR] [1791264840.626003172] [bw_dr03_decoded_serial_node]: Serial error: [Errno 5] Input/output error
[decoded_serial_node-3] [ERROR] [1791264840.630911559] [bw_dr03_decoded_serial_node]: Serial error: [Errno 5] Input/output error
[decoded_serial_node-3] [ERROR] [1791264840.636438540] [bw_dr03_decoded_serial_node]: Serial error: [Errno 5] Input/output error
[decoded_serial_node-3] [ERROR] [1791264840.640921866] [bw_dr03_decoded_serial_node]: Serial error: [Errno 5] Input/output error
[decoded_serial_node-3] [ERROR] [1791264840.645931175] [bw_dr03_decoded_serial_node]: Serial error: [Errno 5] Input/output error
[decoded_serial_node-3] [ERROR] [1791264840.651034282] [bw_dr03_decoded_serial_node]: Serial error: [Errno 5] Input/output error
[decoded_serial_node-3] [ERROR] [1791264840.655921297] [bw_dr03_decoded_serial_node]: Serial error: [Errno 5] Input/output error
[decoded_serial_node-3] [ERROR] [1791264840.660931794] [bw_dr03_decoded_serial_node]: Serial error: [Errno 5] Input/output error
[decoded_serial_node-3] [ERROR] [1791264840.665924481] [bw_dr03_decoded_serial_node]: Serial error: [Errno 5] Input/output error
[decoded_serial_node-3] [ERROR] [1791264840.671190251] [bw_dr03_decoded_serial_node]: Serial error: [Errno 5] Input/output error
[decoded_serial_node-3] [ERROR] [1791264840.675922914] [bw_dr03_decoded_serial_node]: Serial error: [Errno 5] Input/output error
[decoded_serial_node-3] [ERROR] [1791264840.681004650] [bw_dr03_decoded_serial_node]: Serial error: [Errno 5] Input/output error
[decoded_serial_node-3] [ERROR] [1791264840.686016334] [bw_dr03_decoded_serial_node]: Serial error: [Errno 5] Input/output error
[decoded_serial_node-3] [ERROR] [1791264840.691189493] [bw_dr03_decoded_serial_node]: Serial error: [Errno 5] Input/output error
[decoded_serial_node-3] [ERROR] [1791264840.695926906] [bw_dr03_decoded_serial_node]: Serial error: [Errno 5] Input/output error
[decoded_serial_node-3] [ERROR] [1791264840.700944526] [bw_dr03_decoded_serial_node]: Serial error: [Errno 5] Input/output error
[decoded_serial_node-3] [ERROR] [1791264840.705927714] [bw_dr03_decoded_serial_node]: Serial error: [Errno 5] Input/output error
[decoded_serial_node-3] [ERROR] [1791264840.711004701] [bw_dr03_decoded_serial_node]: Serial error: [Errno 5] Input/output error
[decoded_serial_node-3] [ERROR] [1791264840.715936834] [bw_dr03_decoded_serial_node]: Serial error: [Errno 5] Input/output error
[decoded_serial_node-3] [ERROR] [1791264840.721919747] [bw_dr03_decoded_serial_node]: Serial error: [Errno 5] Input/output error
[decoded_serial_node-3] [ERROR] [1791264840.726562174] [bw_dr03_decoded_serial_node]: Serial error: [Errno 5] Input/output error
[decoded_serial_node-3] [ERROR] [1791264840.731217661] [bw_dr03_decoded_serial_node]: Serial error: [Errno 5] Input/output error
[decoded_serial_node-3] [ERROR] [1791264840.736340953] [bw_dr03_decoded_serial_node]: Serial error: [Errno 5] Input/output error
[decoded_serial_node-3] [ERROR] [1791264840.741205409] [bw_dr03_decoded_serial_node]: Serial error: [Errno 5] Input/output error
[decoded_serial_node-3] [ERROR] [1791264840.746491364] [bw_dr03_decoded_serial_node]: Serial error: [Errno 5] Input/output error
[decoded_serial_node-3] [ERROR] [1791264840.751235901] [bw_dr03_decoded_serial_node]: Serial error: [Errno 5] Input/output error
[decoded_serial_node-3] [ERROR] [1791264840.756599032] [bw_dr03_decoded_serial_node]: Serial error: [Errno 5] Input/output error
[decoded_serial_node-3] [ERROR] [1791264840.761199902] [bw_dr03_decoded_serial_node]: Serial error: [Errno 5] Input/output error
[decoded_serial_node-3] [ERROR] [1791264840.765923067] [bw_dr03_decoded_serial_node]: Serial error: [Errno 5] Input/output error
[decoded_serial_node-3] [ERROR] [1791264840.770922877] [bw_dr03_decoded_serial_node]: Serial error: [Errno 5] Input/output error
[decoded_serial_node-3] [ERROR] [1791264840.776282446] [bw_dr03_decoded_serial_node]: Serial error: [Errno 5] Input/output error
[decoded_serial_node-3] [ERROR] [1791264840.780943870] [bw_dr03_decoded_serial_node]: Serial error: [Errno 5] Input/output error
[decoded_serial_node-3] [ERROR] [1791264840.785915185] [bw_dr03_decoded_serial_node]: Serial error: [Errno 5] Input/output error
[decoded_serial_node-3] [ERROR] [1791264840.791312748] [bw_dr03_decoded_serial_node]: Serial error: [Errno 5] Input/output error
[decoded_serial_node-3] [ERROR] [1791264840.796680629] [bw_dr03_decoded_serial_node]: Serial error: [Errno 5] Input/output error
[decoded_serial_node-3] [ERROR] [1791264840.801440600] [bw_dr03_decoded_serial_node]: Serial error: [Errno 5] Input/output error
[decoded_serial_node-3] [ERROR] [1791264840.806654129] [bw_dr03_decoded_serial_node]: Serial error: [Errno 5] Input/output error
[decoded_serial_node-3] [ERROR] [1791264840.812055254] [bw_dr03_decoded_serial_node]: Serial error: [Errno 5] Input/output error
[decoded_serial_node-3] [ERROR] [1791264840.816475652] [bw_dr03_decoded_serial_node]: Serial error: [Errno 5] Input/output error
[decoded_serial_node-3] [ERROR] [1791264840.821676120] [bw_dr03_decoded_serial_node]: Serial error: [Errno 5] Input/output error
[decoded_serial_node-3] [ERROR] [1791264840.826675930] [bw_dr03_decoded_serial_node]: Serial error: [Errno 5] Input/output error
[decoded_serial_node-3] [ERROR] [1791264840.831389596] [bw_dr03_decoded_serial_node]: Serial error: [Errno 5] Input/output error
[decoded_serial_node-3] [ERROR] [1791264840.836725419] [bw_dr03_decoded_serial_node]: Serial error: [Errno 5] Input/output error
[decoded_serial_node-3] [ERROR] [1791264840.841518636] [bw_dr03_decoded_serial_node]: Serial error: [Errno 5] Input/output error
[decoded_serial_node-3] [ERROR] [1791264840.846394965] [bw_dr03_decoded_serial_node]: Serial error: [Errno 5] Input/output error
[decoded_serial_node-3] [ERROR] [1791264840.851936194] [bw_dr03_decoded_serial_node]: Serial error: [Errno 5] Input/output error
[decoded_serial_node-3] [ERROR] [1791264840.856411208] [bw_dr03_decoded_serial_node]: Serial error: [Errno 5] Input/output error
[decoded_serial_node-3] [ERROR] [1791264840.861725659] [bw_dr03_decoded_serial_node]: Serial error: [Errno 5] Input/output error
[decoded_serial_node-3] [ERROR] [1791264840.866688663] [bw_dr03_decoded_serial_node]: Serial error: [Errno 5] Input/output error
[decoded_serial_node-3] [ERROR] [1791264840.871726468] [bw_dr03_decoded_serial_node]: Serial error: [Errno 5] Input/output error
[decoded_serial_node-3] [ERROR] [1791264840.876430635] [bw_dr03_decoded_serial_node]: Serial error: [Errno 5] Input/output error
[decoded_serial_node-3] [ERROR] [1791264840.881247598] [bw_dr03_decoded_serial_node]: Serial error: [Errno 5] Input/output error
[decoded_serial_node-3] [ERROR] [1791264840.886451628] [bw_dr03_decoded_serial_node]: Serial error: [Errno 5] Input/output error
[decoded_serial_node-3] [ERROR] [1791264840.891428880] [bw_dr03_decoded_serial_node]: Serial error: [Errno 5] Input/output error
[decoded_serial_node-3] [ERROR] [1791264840.896454811] [bw_dr03_decoded_serial_node]: Serial error: [Errno 5] Input/output error
[decoded_serial_node-3] [ERROR] [1791264840.901035497] [bw_dr03_decoded_serial_node]: Serial error: [Errno 5] Input/output error
[decoded_serial_node-3] [ERROR] [1791264840.906207470] [bw_dr03_decoded_serial_node]: Serial error: [Errno 5] Input/output error
[decoded_serial_node-3] [ERROR] [1791264840.911212029] [bw_dr03_decoded_serial_node]: Serial error: [Errno 5] Input/output error
[decoded_serial_node-3] [ERROR] [1791264840.916530042] [bw_dr03_decoded_serial_node]: Serial error: [Errno 5] Input/output error
[decoded_serial_node-3] [ERROR] [1791264840.921646210] [bw_dr03_decoded_serial_node]: Serial error: [Errno 5] Input/output error
[decoded_serial_node-3] [ERROR] [1791264840.926615150] [bw_dr03_decoded_serial_node]: Serial error: [Errno 5] Input/output error
[decoded_serial_node-3] [ERROR] [1791264840.931498604] [bw_dr03_decoded_serial_node]: Serial error: [Errno 5] Input/output error
[decoded_serial_node-3] [ERROR] [1791264840.936653953] [bw_dr03_decoded_serial_node]: Serial error: [Errno 5] Input/output error
[decoded_serial_node-3] [ERROR] [1791264840.941216829] [bw_dr03_decoded_serial_node]: Serial error: [Errno 5] Input/output error
[decoded_serial_node-3] [ERROR] [1791264840.946239199] [bw_dr03_decoded_serial_node]: Serial error: [Errno 5] Input/output error
[decoded_serial_node-3] [ERROR] [1791264840.951832670] [bw_dr03_decoded_serial_node]: Serial error: [Errno 5] Input/output error
[decoded_serial_node-3] [ERROR] [1791264840.956559397] [bw_dr03_decoded_serial_node]: Serial error: [Errno 5] Input/output error
[decoded_serial_node-3] [ERROR] [1791264840.961478470] [bw_dr03_decoded_serial_node]: Serial error: [Errno 5] Input/output error
[decoded_serial_node-3] [ERROR] [1791264840.966620759] [bw_dr03_decoded_serial_node]: Serial error: [Errno 5] Input/output error
[decoded_serial_node-3] [ERROR] [1791264840.971165825] [bw_dr03_decoded_serial_node]: Serial error: [Errno 5] Input/output error
[decoded_serial_node-3] [ERROR] [1791264840.976735550] [bw_dr03_decoded_serial_node]: Serial error: [Errno 5] Input/output error
[decoded_serial_node-3] [ERROR] [1791264840.981230749] [bw_dr03_decoded_serial_node]: Serial error: [Errno 5] Input/output error
[decoded_serial_node-3] [ERROR] [1791264840.986418157] [bw_dr03_decoded_serial_node]: Serial error: [Errno 5] Input/output error
[decoded_serial_node-3] [ERROR] [1791264840.991262428] [bw_dr03_decoded_serial_node]: Serial error: [Errno 5] Input/output error
[decoded_serial_node-3] [ERROR] [1791264840.996036648] [bw_dr03_decoded_serial_node]: Serial error: [Errno 5] Input/output error
[decoded_serial_node-3] [ERROR] [1791264841.001004401] [bw_dr03_decoded_serial_node]: Serial error: [Errno 5] Input/output error
[decoded_serial_node-3] [ERROR] [1791264841.006121756] [bw_dr03_decoded_serial_node]: Serial error: [Errno 5] Input/output error
[decoded_serial_node-3] [ERROR] [1791264841.011013520] [bw_dr03_decoded_serial_node]: Serial error: [Errno 5] Input/output error
[decoded_serial_node-3] [ERROR] [1791264841.015933780] [bw_dr03_decoded_serial_node]: Serial error: [Errno 5] Input/output error
[decoded_serial_node-3] [ERROR] [1791264841.020915781] [bw_dr03_decoded_serial_node]: Serial error: [Errno 5] Input/output error
[decoded_serial_node-3] [ERROR] [1791264841.025906093] [bw_dr03_decoded_serial_node]: Serial error: [Errno 5] Input/output error
[decoded_serial_node-3] [ERROR] [1791264841.030945085] [bw_dr03_decoded_serial_node]: Serial error: [Errno 5] Input/output error
[decoded_serial_node-3] [ERROR] [1791264841.035928273] [bw_dr03_decoded_serial_node]: Serial error: [Errno 5] Input/output error
[decoded_serial_node-3] [ERROR] [1791264841.040958954] [bw_dr03_decoded_serial_node]: Serial error: [Errno 5] Input/output error
[decoded_serial_node-3] [ERROR] [1791264841.046180793] [bw_dr03_decoded_serial_node]: Serial error: [Errno 5] Input/output error
[decoded_serial_node-3] [ERROR] [1791264841.051001318] [bw_dr03_decoded_serial_node]: Serial error: [Errno 5] Input/output error
[decoded_serial_node-3] [ERROR] [1791264841.055939388] [bw_dr03_decoded_serial_node]: Serial error: [Errno 5] Input/output error
[decoded_serial_node-3] [ERROR] [1791264841.060907141] [bw_dr03_decoded_serial_node]: Serial error: [Errno 5] Input/output error
[decoded_serial_node-3] [ERROR] [1791264841.066207344] [bw_dr03_decoded_serial_node]: Serial error: [Errno 5] Input/output error
[decoded_serial_node-3] [ERROR] [1791264841.071446993] [bw_dr03_decoded_serial_node]: Serial error: [Errno 5] Input/output error
[decoded_serial_node-3] [ERROR] [1791264841.076258020] [bw_dr03_decoded_serial_node]: Serial error: [Errno 5] Input/output error
[decoded_serial_node-3] [ERROR] [1791264841.081564159] [bw_dr03_decoded_serial_node]: Serial error: [Errno 5] Input/output error
[decoded_serial_node-3] [ERROR] [1791264841.086010678] [bw_dr03_decoded_serial_node]: Serial error: [Errno 5] Input/output error
[decoded_serial_node-3] [ERROR] [1791264841.090997428] [bw_dr03_decoded_serial_node]: Serial error: [Errno 5] Input/output error
[decoded_serial_node-3] [ERROR] [1791264841.096227579] [bw_dr03_decoded_serial_node]: Serial error: [Errno 5] Input/output error
[follow_planner-6] [INFO] [1791264841.100301278] [follow_planner_node]: [IDLE] disabled | d=- goc=- | v=0.000 w=0.000 | thoang=-
[decoded_serial_node-3] [ERROR] [1791264841.100916311] [bw_dr03_decoded_serial_node]: Serial error: [Errno 5] Input/output error
[decoded_serial_node-3] [ERROR] [1791264841.105913747] [bw_dr03_decoded_serial_node]: Serial error: [Errno 5] Input/output error
[decoded_serial_node-3] [ERROR] [1791264841.110933742] [bw_dr03_decoded_serial_node]: Serial error: [Errno 5] Input/output error
[decoded_serial_node-3] [ERROR] [1791264841.116090279] [bw_dr03_decoded_serial_node]: Serial error: [Errno 5] Input/output error
[decoded_serial_node-3] [ERROR] [1791264841.120907242] [bw_dr03_decoded_serial_node]: Serial error: [Errno 5] Input/output error
[decoded_serial_node-3] [ERROR] [1791264841.125942672] [bw_dr03_decoded_serial_node]: Serial error: [Errno 5] Input/output error
[decoded_serial_node-3] [ERROR] [1791264841.130935358] [bw_dr03_decoded_serial_node]: Serial error: [Errno 5] Input/output error
[decoded_serial_node-3] [ERROR] [1791264841.136313924] [bw_dr03_decoded_serial_node]: Serial error: [Errno 5] Input/output error
[decoded_serial_node-3] [ERROR] [1791264841.140972974] [bw_dr03_decoded_serial_node]: Serial error: [Errno 5] Input/output error
[decoded_serial_node-3] [ERROR] [1791264841.145957349] [bw_dr03_decoded_serial_node]: Serial error: [Errno 5] Input/output error
[decoded_serial_node-3] [ERROR] [1791264841.151256365] [bw_dr03_decoded_serial_node]: Serial error: [Errno 5] Input/output error
[decoded_serial_node-3] [ERROR] [1791264841.155915414] [bw_dr03_decoded_serial_node]: Serial error: [Errno 5] Input/output error
[decoded_serial_node-3] [ERROR] [1791264841.160941345] [bw_dr03_decoded_serial_node]: Serial error: [Errno 5] Input/output error
[decoded_serial_node-3] [ERROR] [1791264841.166550252] [bw_dr03_decoded_serial_node]: Serial error: [Errno 5] Input/output error
[decoded_serial_node-3] [ERROR] [1791264841.171262731] [bw_dr03_decoded_serial_node]: Serial error: [Errno 5] Input/output error
[decoded_serial_node-3] [ERROR] [1791264841.175908719] [bw_dr03_decoded_serial_node]: Serial error: [Errno 5] Input/output error
[decoded_serial_node-3] [ERROR] [1791264841.180952461] [bw_dr03_decoded_serial_node]: Serial error: [Errno 5] Input/output error
[decoded_serial_node-3] [ERROR] [1791264841.185952271] [bw_dr03_decoded_serial_node]: Serial error: [Errno 5] Input/output error
[decoded_serial_node-3] [ERROR] [1791264841.190889154] [bw_dr03_decoded_serial_node]: Serial error: [Errno 5] Input/output error
[decoded_serial_node-3] [ERROR] [1791264841.195944768] [bw_dr03_decoded_serial_node]: Serial error: [Errno 5] Input/output error
[decoded_serial_node-3] [ERROR] [1791264841.200939829] [bw_dr03_decoded_serial_node]: Serial error: [Errno 5] Input/output error
[decoded_serial_node-3] [ERROR] [1791264841.205904020] [bw_dr03_decoded_serial_node]: Serial error: [Errno 5] Input/output error
[decoded_serial_node-3] [ERROR] [1791264841.210925203] [bw_dr03_decoded_serial_node]: Serial error: [Errno 5] Input/output error
[decoded_serial_node-3] [ERROR] [1791264841.215967757] [bw_dr03_decoded_serial_node]: Serial error: [Errno 5] Input/output error
[decoded_serial_node-3] [ERROR] [1791264841.221307141] [bw_dr03_decoded_serial_node]: Serial error: [Errno 5] Input/output error
[decoded_serial_node-3] [ERROR] [1791264841.225915136] [bw_dr03_decoded_serial_node]: Serial error: [Errno 5] Input/output error
[decoded_serial_node-3] [ERROR] [1791264841.231484860] [bw_dr03_decoded_serial_node]: Serial error: [Errno 5] Input/output error
[decoded_serial_node-3] [ERROR] [1791264841.235918319] [bw_dr03_decoded_serial_node]: Serial error: [Errno 5] Input/output error
[decoded_serial_node-3] [ERROR] [1791264841.240951374] [bw_dr03_decoded_serial_node]: Serial error: [Errno 5] Input/output error
[decoded_serial_node-3] [ERROR] [1791264841.245957121] [bw_dr03_decoded_serial_node]: Serial error: [Errno 5] Input/output error
[decoded_serial_node-3] [ERROR] [1791264841.251028171] [bw_dr03_decoded_serial_node]: Serial error: [Errno 5] Input/output error
[decoded_serial_node-3] [ERROR] [1791264841.255956742] [bw_dr03_decoded_serial_node]: Serial error: [Errno 5] Input/output error
[decoded_serial_node-3] [ERROR] [1791264841.261905223] [bw_dr03_decoded_serial_node]: Serial error: [Errno 5] Input/output error
[decoded_serial_node-3] [ERROR] [1791264841.265962300] [bw_dr03_decoded_serial_node]: Serial error: [Errno 5] Input/output error
[decoded_serial_node-3] [ERROR] [1791264841.270914618] [bw_dr03_decoded_serial_node]: Serial error: [Errno 5] Input/output error
[decoded_serial_node-3] [ERROR] [1791264841.275916803] [bw_dr03_decoded_serial_node]: Serial error: [Errno 5] Input/output error
[decoded_serial_node-3] [ERROR] [1791264841.280913051] [bw_dr03_decoded_serial_node]: Serial error: [Errno 5] Input/output error
[decoded_serial_node-3] [ERROR] [1791264841.285948481] [bw_dr03_decoded_serial_node]: Serial error: [Errno 5] Input/output error
[decoded_serial_node-3] [ERROR] [1791264841.290956603] [bw_dr03_decoded_serial_node]: Serial error: [Errno 5] Input/output error
[decoded_serial_node-3] [ERROR] [1791264841.296504956] [bw_dr03_decoded_serial_node]: Serial error: [Errno 5] Input/output error
[decoded_serial_node-3] [ERROR] [1791264841.301241181] [bw_dr03_decoded_serial_node]: Serial error: [Errno 5] Input/output error
[decoded_serial_node-3] [ERROR] [1791264841.305941787] [bw_dr03_decoded_serial_node]: Serial error: [Errno 5] Input/output error
[decoded_serial_node-3] [ERROR] [1791264841.311015211] [bw_dr03_decoded_serial_node]: Serial error: [Errno 5] Input/output error
[decoded_serial_node-3] [ERROR] [1791264841.316000774] [bw_dr03_decoded_serial_node]: Serial error: [Errno 5] Input/output error
[decoded_serial_node-3] [ERROR] [1791264841.320900849] [bw_dr03_decoded_serial_node]: Serial error: [Errno 5] Input/output error
[decoded_serial_node-3] [ERROR] [1791264841.325998020] [bw_dr03_decoded_serial_node]: Serial error: [Errno 5] Input/output error
[decoded_serial_node-3] [ERROR] [1791264841.330925404] [bw_dr03_decoded_serial_node]: Serial error: [Errno 5] Input/output error
[decoded_serial_node-3] [ERROR] [1791264841.335953710] [bw_dr03_decoded_serial_node]: Serial error: [Errno 5] Input/output error
[decoded_serial_node-3] [ERROR] [1791264841.340966581] [bw_dr03_decoded_serial_node]: Serial error: [Errno 5] Input/output error
[decoded_serial_node-3] [ERROR] [1791264841.345954519] [bw_dr03_decoded_serial_node]: Serial error: [Errno 5] Input/output error
[decoded_serial_node-3] [ERROR] [1791264841.351396013] [bw_dr03_decoded_serial_node]: Serial error: [Errno 5] Input/output error
[decoded_serial_node-3] [ERROR] [1791264841.356189229] [bw_dr03_decoded_serial_node]: Serial error: [Errno 5] Input/output error
[decoded_serial_node-3] [ERROR] [1791264841.362033225] [bw_dr03_decoded_serial_node]: Serial error: [Errno 5] Input/output error
[decoded_serial_node-3] [ERROR] [1791264841.366207848] [bw_dr03_decoded_serial_node]: Serial error: [Errno 5] Input/output error
[decoded_serial_node-3] [ERROR] [1791264841.371234966] [bw_dr03_decoded_serial_node]: Serial error: [Errno 5] Input/output error
[decoded_serial_node-3] [ERROR] [1791264841.376237152] [bw_dr03_decoded_serial_node]: Serial error: [Errno 5] Input/output error
[decoded_serial_node-3] [ERROR] [1791264841.381265458] [bw_dr03_decoded_serial_node]: Serial error: [Errno 5] Input/output error
[decoded_serial_node-3] [ERROR] [1791264841.386325822] [bw_dr03_decoded_serial_node]: Serial error: [Errno 5] Input/output error
[decoded_serial_node-3] [ERROR] [1791264841.391233021] [bw_dr03_decoded_serial_node]: Serial error: [Errno 5] Input/output error
[decoded_serial_node-3] [ERROR] [1791264841.396808683] [bw_dr03_decoded_serial_node]: Serial error: [Errno 5] Input/output error
[decoded_serial_node-3] [ERROR] [1791264841.401542533] [bw_dr03_decoded_serial_node]: Serial error: [Errno 5] Input/output error
[decoded_serial_node-3] [ERROR] [1791264841.406921099] [bw_dr03_decoded_serial_node]: Serial error: [Errno 5] Input/output error
[decoded_serial_node-3] [ERROR] [1791264841.411519595] [bw_dr03_decoded_serial_node]: Serial error: [Errno 5] Input/output error
[decoded_serial_node-3] [ERROR] [1791264841.416907660] [bw_dr03_decoded_serial_node]: Serial error: [Errno 5] Input/output error
[decoded_serial_node-3] [ERROR] [1791264841.421237821] [bw_dr03_decoded_serial_node]: Serial error: [Errno 5] Input/output error
[decoded_serial_node-3] [ERROR] [1791264841.426245943] [bw_dr03_decoded_serial_node]: Serial error: [Errno 5] Input/output error
[decoded_serial_node-3] [ERROR] [1791264841.431672001] [bw_dr03_decoded_serial_node]: Serial error: [Errno 5] Input/output error
[decoded_serial_node-3] [ERROR] [1791264841.436516273] [bw_dr03_decoded_serial_node]: Serial error: [Errno 5] Input/output error
[decoded_serial_node-3] [ERROR] [1791264841.441197881] [bw_dr03_decoded_serial_node]: Serial error: [Errno 5] Input/output error
[decoded_serial_node-3] [ERROR] [1791264841.446647687] [bw_dr03_decoded_serial_node]: Serial error: [Errno 5] Input/output error
[decoded_serial_node-3] [ERROR] [1791264841.450906608] [bw_dr03_decoded_serial_node]: Serial error: [Errno 5] Input/output error
[decoded_serial_node-3] [ERROR] [1791264841.455917105] [bw_dr03_decoded_serial_node]: Serial error: [Errno 5] Input/output error
[decoded_serial_node-3] [ERROR] [1791264841.460947786] [bw_dr03_decoded_serial_node]: Serial error: [Errno 5] Input/output error
[decoded_serial_node-3] [ERROR] [1791264841.465939285] [bw_dr03_decoded_serial_node]: Serial error: [Errno 5] Input/output error
[decoded_serial_node-3] [ERROR] [1791264841.470916536] [bw_dr03_decoded_serial_node]: Serial error: [Errno 5] Input/output error
[decoded_serial_node-3] [ERROR] [1791264841.475918722] [bw_dr03_decoded_serial_node]: Serial error: [Errno 5] Input/output error
[decoded_serial_node-3] [ERROR] [1791264841.480929218] [bw_dr03_decoded_serial_node]: Serial error: [Errno 5] Input/output error
[decoded_serial_node-3] [ERROR] [1791264841.485937340] [bw_dr03_decoded_serial_node]: Serial error: [Errno 5] Input/output error
[decoded_serial_node-3] [ERROR] [1791264841.491244666] [bw_dr03_decoded_serial_node]: Serial error: [Errno 5] Input/output error
[decoded_serial_node-3] [ERROR] [1791264841.495957145] [bw_dr03_decoded_serial_node]: Serial error: [Errno 5] Input/output error
[decoded_serial_node-3] [ERROR] [1791264841.500929647] [bw_dr03_decoded_serial_node]: Serial error: [Errno 5] Input/output error
[decoded_serial_node-3] [ERROR] [1791264841.505992386] [bw_dr03_decoded_serial_node]: Serial error: [Errno 5] Input/output error
[decoded_serial_node-3] [ERROR] [1791264841.510917395] [bw_dr03_decoded_serial_node]: Serial error: [Errno 5] Input/output error
[decoded_serial_node-3] [ERROR] [1791264841.515921955] [bw_dr03_decoded_serial_node]: Serial error: [Errno 5] Input/output error
[decoded_serial_node-3] [ERROR] [1791264841.521000129] [bw_dr03_decoded_serial_node]: Serial error: [Errno 5] Input/output error
[decoded_serial_node-3] [ERROR] [1791264841.526476055] [bw_dr03_decoded_serial_node]: Serial error: [Errno 5] Input/output error
[decoded_serial_node-3] [ERROR] [1791264841.530903577] [bw_dr03_decoded_serial_node]: Serial error: [Errno 5] Input/output error
[decoded_serial_node-3] [ERROR] [1791264841.535939007] [bw_dr03_decoded_serial_node]: Serial error: [Errno 5] Input/output error
[decoded_serial_node-3] [ERROR] [1791264841.540964938] [bw_dr03_decoded_serial_node]: Serial error: [Errno 5] Input/output error
[decoded_serial_node-3] [ERROR] [1791264841.546661707] [bw_dr03_decoded_serial_node]: Serial error: [Errno 5] Input/output error
[decoded_serial_node-3] [ERROR] [1791264841.551131972] [bw_dr03_decoded_serial_node]: Serial error: [Errno 5] Input/output error
[decoded_serial_node-3] [ERROR] [1791264841.555926376] [bw_dr03_decoded_serial_node]: Serial error: [Errno 5] Input/output error
[decoded_serial_node-3] [ERROR] [1791264841.561212331] [bw_dr03_decoded_serial_node]: Serial error: [Errno 5] Input/output error
[decoded_serial_node-3] [ERROR] [1791264841.565925997] [bw_dr03_decoded_serial_node]: Serial error: [Errno 5] Input/output error
[decoded_serial_node-3] [ERROR] [1791264841.570945992] [bw_dr03_decoded_serial_node]: Serial error: [Errno 5] Input/output error
[decoded_serial_node-3] [ERROR] [1791264841.576002794] [bw_dr03_decoded_serial_node]: Serial error: [Errno 5] Input/output error
[decoded_serial_node-3] [ERROR] [1791264841.580930177] [bw_dr03_decoded_serial_node]: Serial error: [Errno 5] Input/output error
[decoded_serial_node-3] [ERROR] [1791264841.586029723] [bw_dr03_decoded_serial_node]: Serial error: [Errno 5] Input/output error
[decoded_serial_node-3] [ERROR] [1791264841.590927424] [bw_dr03_decoded_serial_node]: Serial error: [Errno 5] Input/output error
[decoded_serial_node-3] [ERROR] [1791264841.596664561] [bw_dr03_decoded_serial_node]: Serial error: [Errno 5] Input/output error
[decoded_serial_node-3] [ERROR] [1791264841.600944855] [bw_dr03_decoded_serial_node]: Serial error: [Errno 5] Input/output error
[decoded_serial_node-3] [ERROR] [1791264841.606028965] [bw_dr03_decoded_serial_node]: Serial error: [Errno 5] Input/output error
[decoded_serial_node-3] [ERROR] [1791264841.610914793] [bw_dr03_decoded_serial_node]: Serial error: [Errno 5] Input/output error
[decoded_serial_node-3] [ERROR] [1791264841.617063930] [bw_dr03_decoded_serial_node]: Serial error: [Errno 5] Input/output error
[decoded_serial_node-3] [ERROR] [1791264841.620923912] [bw_dr03_decoded_serial_node]: Serial error: [Errno 5] Input/output error
[decoded_serial_node-3] [ERROR] [1791264841.625909475] [bw_dr03_decoded_serial_node]: Serial error: [Errno 5] Input/output error
[decoded_serial_node-3] [ERROR] [1791264841.631212052] [bw_dr03_decoded_serial_node]: Serial error: [Errno 5] Input/output error
[decoded_serial_node-3] [ERROR] [1791264841.636023079] [bw_dr03_decoded_serial_node]: Serial error: [Errno 5] Input/output error
[decoded_serial_node-3] [ERROR] [1791264841.640930278] [bw_dr03_decoded_serial_node]: Serial error: [Errno 5] Input/output error
[decoded_serial_node-3] [ERROR] [1791264841.646061881] [bw_dr03_decoded_serial_node]: Serial error: [Errno 5] Input/output error
[decoded_serial_node-3] [ERROR] [1791264841.650940585] [bw_dr03_decoded_serial_node]: Serial error: [Errno 5] Input/output error
[decoded_serial_node-3] [ERROR] [1791264841.656814264] [bw_dr03_decoded_serial_node]: Serial error: [Errno 5] Input/output error
[decoded_serial_node-3] [ERROR] [1791264841.660910523] [bw_dr03_decoded_serial_node]: Serial error: [Errno 5] Input/output error
[decoded_serial_node-3] [ERROR] [1791264841.665921019] [bw_dr03_decoded_serial_node]: Serial error: [Errno 5] Input/output error
[decoded_serial_node-3] [ERROR] [1791264841.670889960] [bw_dr03_decoded_serial_node]: Serial error: [Errno 5] Input/output error
[decoded_serial_node-3] [ERROR] [1791264841.675940825] [bw_dr03_decoded_serial_node]: Serial error: [Errno 5] Input/output error
[decoded_serial_node-3] [ERROR] [1791264841.680943010] [bw_dr03_decoded_serial_node]: Serial error: [Errno 5] Input/output error
[decoded_serial_node-3] [ERROR] [1791264841.685922636] [bw_dr03_decoded_serial_node]: Serial error: [Errno 5] Input/output error
[decoded_serial_node-3] [ERROR] [1791264841.691289329] [bw_dr03_decoded_serial_node]: Serial error: [Errno 5] Input/output error
[decoded_serial_node-3] [ERROR] [1791264841.696696391] [bw_dr03_decoded_serial_node]: Serial error: [Errno 5] Input/output error
[decoded_serial_node-3] [ERROR] [1791264841.700943439] [bw_dr03_decoded_serial_node]: Serial error: [Errno 5] Input/output error
[decoded_serial_node-3] [ERROR] [1791264841.706510790] [bw_dr03_decoded_serial_node]: Serial error: [Errno 5] Input/output error
[decoded_serial_node-3] [ERROR] [1791264841.710932375] [bw_dr03_decoded_serial_node]: Serial error: [Errno 5] Input/output error
[decoded_serial_node-3] [ERROR] [1791264841.716622019] [bw_dr03_decoded_serial_node]: Serial error: [Errno 5] Input/output error
[decoded_serial_node-3] [ERROR] [1791264841.721212203] [bw_dr03_decoded_serial_node]: Serial error: [Errno 5] Input/output error
[decoded_serial_node-3] [ERROR] [1791264841.726003045] [bw_dr03_decoded_serial_node]: Serial error: [Errno 5] Input/output error
[decoded_serial_node-3] [ERROR] [1791264841.730950614] [bw_dr03_decoded_serial_node]: Serial error: [Errno 5] Input/output error
[decoded_serial_node-3] [ERROR] [1791264841.735994355] [bw_dr03_decoded_serial_node]: Serial error: [Errno 5] Input/output error
[decoded_serial_node-3] [ERROR] [1791264841.741820541] [bw_dr03_decoded_serial_node]: Serial error: [Errno 5] Input/output error
[decoded_serial_node-3] [ERROR] [1791264841.746216005] [bw_dr03_decoded_serial_node]: Serial error: [Errno 5] Input/output error
[decoded_serial_node-3] [ERROR] [1791264841.751519770] [bw_dr03_decoded_serial_node]: Serial error: [Errno 5] Input/output error
[decoded_serial_node-3] [ERROR] [1791264841.756544514] [bw_dr03_decoded_serial_node]: Serial error: [Errno 5] Input/output error
[decoded_serial_node-3] [ERROR] [1791264841.761739046] [bw_dr03_decoded_serial_node]: Serial error: [Errno 5] Input/output error
[decoded_serial_node-3] [ERROR] [1791264841.766252054] [bw_dr03_decoded_serial_node]: Serial error: [Errno 5] Input/output error
[decoded_serial_node-3] [ERROR] [1791264841.771520199] [bw_dr03_decoded_serial_node]: Serial error: [Errno 5] Input/output error
[decoded_serial_node-3] [ERROR] [1791264841.776252863] [bw_dr03_decoded_serial_node]: Serial error: [Errno 5] Input/output error
[decoded_serial_node-3] [ERROR] [1791264841.781465204] [bw_dr03_decoded_serial_node]: Serial error: [Errno 5] Input/output error
[decoded_serial_node-3] [ERROR] [1791264841.786480449] [bw_dr03_decoded_serial_node]: Serial error: [Errno 5] Input/output error
[decoded_serial_node-3] [ERROR] [1791264841.791223798] [bw_dr03_decoded_serial_node]: Serial error: [Errno 5] Input/output error
[decoded_serial_node-3] [ERROR] [1791264841.796554872] [bw_dr03_decoded_serial_node]: Serial error: [Errno 5] Input/output error
[decoded_serial_node-3] [ERROR] [1791264841.801762463] [bw_dr03_decoded_serial_node]: Serial error: [Errno 5] Input/output error
[decoded_serial_node-3] [ERROR] [1791264841.806533121] [bw_dr03_decoded_serial_node]: Serial error: [Errno 5] Input/output error
[decoded_serial_node-3] [ERROR] [1791264841.811188608] [bw_dr03_decoded_serial_node]: Serial error: [Errno 5] Input/output error
[decoded_serial_node-3] [ERROR] [1791264841.816208603] [bw_dr03_decoded_serial_node]: Serial error: [Errno 5] Input/output error
[decoded_serial_node-3] [ERROR] [1791264841.821204852] [bw_dr03_decoded_serial_node]: Serial error: [Errno 5] Input/output error
[decoded_serial_node-3] [ERROR] [1791264841.826228409] [bw_dr03_decoded_serial_node]: Serial error: [Errno 5] Input/output error
[decoded_serial_node-3] [ERROR] [1791264841.831545234] [bw_dr03_decoded_serial_node]: Serial error: [Errno 5] Input/output error
[decoded_serial_node-3] [ERROR] [1791264841.836499926] [bw_dr03_decoded_serial_node]: Serial error: [Errno 5] Input/output error
[decoded_serial_node-3] [ERROR] [1791264841.841236151] [bw_dr03_decoded_serial_node]: Serial error: [Errno 5] Input/output error
[decoded_serial_node-3] [ERROR] [1791264841.846868804] [bw_dr03_decoded_serial_node]: Serial error: [Errno 5] Input/output error
[decoded_serial_node-3] [ERROR] [1791264841.850927069] [bw_dr03_decoded_serial_node]: Serial error: [Errno 5] Input/output error
[decoded_serial_node-3] [ERROR] [1791264841.856649958] [bw_dr03_decoded_serial_node]: Serial error: [Errno 5] Input/output error
[decoded_serial_node-3] [ERROR] [1791264841.861230644] [bw_dr03_decoded_serial_node]: Serial error: [Errno 5] Input/output error
[decoded_serial_node-3] [ERROR] [1791264841.866238766] [bw_dr03_decoded_serial_node]: Serial error: [Errno 5] Input/output error
[decoded_serial_node-3] [ERROR] [1791264841.871288444] [bw_dr03_decoded_serial_node]: Serial error: [Errno 5] Input/output error
[decoded_serial_node-3] [ERROR] [1791264841.876174272] [bw_dr03_decoded_serial_node]: Serial error: [Errno 5] Input/output error
[decoded_serial_node-3] [ERROR] [1791264841.881394924] [bw_dr03_decoded_serial_node]: Serial error: [Errno 5] Input/output error
[decoded_serial_node-3] [ERROR] [1791264841.885993420] [bw_dr03_decoded_serial_node]: Serial error: [Errno 5] Input/output error
[decoded_serial_node-3] [ERROR] [1791264841.890948112] [bw_dr03_decoded_serial_node]: Serial error: [Errno 5] Input/output error
[decoded_serial_node-3] [ERROR] [1791264841.895908741] [bw_dr03_decoded_serial_node]: Serial error: [Errno 5] Input/output error
[decoded_serial_node-3] [ERROR] [1791264841.900922799] [bw_dr03_decoded_serial_node]: Serial error: [Errno 5] Input/output error
[decoded_serial_node-3] [ERROR] [1791264841.906005722] [bw_dr03_decoded_serial_node]: Serial error: [Errno 5] Input/output error
[decoded_serial_node-3] [ERROR] [1791264841.911028092] [bw_dr03_decoded_serial_node]: Serial error: [Errno 5] Input/output error
[decoded_serial_node-3] [ERROR] [1791264841.916012467] [bw_dr03_decoded_serial_node]: Serial error: [Errno 5] Input/output error
[decoded_serial_node-3] [ERROR] [1791264841.920942226] [bw_dr03_decoded_serial_node]: Serial error: [Errno 5] Input/output error
[decoded_serial_node-3] [ERROR] [1791264841.925918290] [bw_dr03_decoded_serial_node]: Serial error: [Errno 5] Input/output error
[decoded_serial_node-3] [ERROR] [1791264841.930912164] [bw_dr03_decoded_serial_node]: Serial error: [Errno 5] Input/output error
[decoded_serial_node-3] [ERROR] [1791264841.936209992] [bw_dr03_decoded_serial_node]: Serial error: [Errno 5] Input/output error
[decoded_serial_node-3] [ERROR] [1791264841.940941468] [bw_dr03_decoded_serial_node]: Serial error: [Errno 5] Input/output error
[decoded_serial_node-3] [ERROR] [1791264841.945995895] [bw_dr03_decoded_serial_node]: Serial error: [Errno 5] Input/output error
[decoded_serial_node-3] [ERROR] [1791264841.950916155] [bw_dr03_decoded_serial_node]: Serial error: [Errno 5] Input/output error
[decoded_serial_node-3] [ERROR] [1791264841.955921902] [bw_dr03_decoded_serial_node]: Serial error: [Errno 5] Input/output error
[decoded_serial_node-3] [ERROR] [1791264841.960926462] [bw_dr03_decoded_serial_node]: Serial error: [Errno 5] Input/output error
[decoded_serial_node-3] [ERROR] [1791264841.965922711] [bw_dr03_decoded_serial_node]: Serial error: [Errno 5] Input/output error
[decoded_serial_node-3] [ERROR] [1791264841.971258533] [bw_dr03_decoded_serial_node]: Serial error: [Errno 5] Input/output error
[decoded_serial_node-3] [ERROR] [1791264841.975909271] [bw_dr03_decoded_serial_node]: Serial error: [Errno 5] Input/output error
[decoded_serial_node-3] [ERROR] [1791264841.981882685] [bw_dr03_decoded_serial_node]: Serial error: [Errno 5] Input/output error
[decoded_serial_node-3] [ERROR] [1791264841.986650968] [bw_dr03_decoded_serial_node]: Serial error: [Errno 5] Input/output error
[decoded_serial_node-3] [ERROR] [1791264841.991224530] [bw_dr03_decoded_serial_node]: Serial error: [Errno 5] Input/output error
[decoded_serial_node-3] [ERROR] [1791264841.995929885] [bw_dr03_decoded_serial_node]: Serial error: [Errno 5] Input/output error
[decoded_serial_node-3] [ERROR] [1791264842.000904762] [bw_dr03_decoded_serial_node]: Serial error: [Errno 5] Input/output error
[decoded_serial_node-3] [ERROR] [1791264842.006597968] [bw_dr03_decoded_serial_node]: Serial error: [Errno 5] Input/output error
[decoded_serial_node-3] [ERROR] [1791264842.010917443] [bw_dr03_decoded_serial_node]: Serial error: [Errno 5] Input/output error
[decoded_serial_node-3] [ERROR] [1791264842.016443237] [bw_dr03_decoded_serial_node]: Serial error: [Errno 5] Input/output error
[decoded_serial_node-3] [ERROR] [1791264842.021912039] [bw_dr03_decoded_serial_node]: Serial error: [Errno 5] Input/output error
[decoded_serial_node-3] [ERROR] [1791264842.026239826] [bw_dr03_decoded_serial_node]: Serial error: [Errno 5] Input/output error
[decoded_serial_node-3] [ERROR] [1791264842.031496098] [bw_dr03_decoded_serial_node]: Serial error: [Errno 5] Input/output error
[decoded_serial_node-3] [ERROR] [1791264842.036519654] [bw_dr03_decoded_serial_node]: Serial error: [Errno 5] Input/output error
[decoded_serial_node-3] [ERROR] [1791264842.041233320] [bw_dr03_decoded_serial_node]: Serial error: [Errno 5] Input/output error
[decoded_serial_node-3] [ERROR] [1791264842.046579829] [bw_dr03_decoded_serial_node]: Serial error: [Errno 5] Input/output error
[decoded_serial_node-3] [ERROR] [1791264842.051508400] [bw_dr03_decoded_serial_node]: Serial error: [Errno 5] Input/output error
[decoded_serial_node-3] [ERROR] [1791264842.056524833] [bw_dr03_decoded_serial_node]: Serial error: [Errno 5] Input/output error
[decoded_serial_node-3] [ERROR] [1791264842.061226626] [bw_dr03_decoded_serial_node]: Serial error: [Errno 5] Input/output error
[decoded_serial_node-3] [ERROR] [1791264842.066193191] [bw_dr03_decoded_serial_node]: Serial error: [Errno 5] Input/output error
[decoded_serial_node-3] [ERROR] [1791264842.071496956] [bw_dr03_decoded_serial_node]: Serial error: [Errno 5] Input/output error
[decoded_serial_node-3] [ERROR] [1791264842.076192812] [bw_dr03_decoded_serial_node]: Serial error: [Errno 5] Input/output error
[decoded_serial_node-3] [ERROR] [1791264842.081501326] [bw_dr03_decoded_serial_node]: Serial error: [Errno 5] Input/output error
[decoded_serial_node-3] [ERROR] [1791264842.086217367] [bw_dr03_decoded_serial_node]: Serial error: [Errno 5] Input/output error
[decoded_serial_node-3] [ERROR] [1791264842.091402399] [bw_dr03_decoded_serial_node]: Serial error: [Errno 5] Input/output error
[decoded_serial_node-3] [ERROR] [1791264842.096570809] [bw_dr03_decoded_serial_node]: Serial error: [Errno 5] Input/output error
[decoded_serial_node-3] [ERROR] [1791264842.100910469] [bw_dr03_decoded_serial_node]: Serial error: [Errno 5] Input/output error
[decoded_serial_node-3] [ERROR] [1791264842.106601300] [bw_dr03_decoded_serial_node]: Serial error: [Errno 5] Input/output error
[decoded_serial_node-3] [ERROR] [1791264842.111186736] [bw_dr03_decoded_serial_node]: Serial error: [Errno 5] Input/output error
[decoded_serial_node-3] [ERROR] [1791264842.115926523] [bw_dr03_decoded_serial_node]: Serial error: [Errno 5] Input/output error
[decoded_serial_node-3] [ERROR] [1791264842.120918022] [bw_dr03_decoded_serial_node]: Serial error: [Errno 5] Input/output error
[decoded_serial_node-3] [ERROR] [1791264842.126010443] [bw_dr03_decoded_serial_node]: Serial error: [Errno 5] Input/output error
[decoded_serial_node-3] [ERROR] [1791264842.130931891] [bw_dr03_decoded_serial_node]: Serial error: [Errno 5] Input/output error
[decoded_serial_node-3] [ERROR] [1791264842.135929326] [bw_dr03_decoded_serial_node]: Serial error: [Errno 5] Input/output error
[decoded_serial_node-3] [ERROR] [1791264842.140930324] [bw_dr03_decoded_serial_node]: Serial error: [Errno 5] Input/output error
[decoded_serial_node-3] [ERROR] [1791264842.145931322] [bw_dr03_decoded_serial_node]: Serial error: [Errno 5] Input/output error
[decoded_serial_node-3] [ERROR] [1791264842.151517669] [bw_dr03_decoded_serial_node]: Serial error: [Errno 5] Input/output error
[decoded_serial_node-3] [ERROR] [1791264842.156035427] [bw_dr03_decoded_serial_node]: Serial error: [Errno 5] Input/output error
[decoded_serial_node-3] [ERROR] [1791264842.160916505] [bw_dr03_decoded_serial_node]: Serial error: [Errno 5] Input/output error
[decoded_serial_node-3] [ERROR] [1791264842.165917503] [bw_dr03_decoded_serial_node]: Serial error: [Errno 5] Input/output error
[follow_planner-6] [INFO] [1791264842.167033585] [follow_planner_node]: [IDLE] disabled | d=- goc=- | v=0.000 w=0.000 | thoang=-
[decoded_serial_node-3] [ERROR] [1791264842.170914939] [bw_dr03_decoded_serial_node]: Serial error: [Errno 5] Input/output error
[decoded_serial_node-3] [ERROR] [1791264842.175933747] [bw_dr03_decoded_serial_node]: Serial error: [Errno 5] Input/output error
[decoded_serial_node-3] [ERROR] [1791264842.180916934] [bw_dr03_decoded_serial_node]: Serial error: [Errno 5] Input/output error
[decoded_serial_node-3] [ERROR] [1791264842.186296688] [bw_dr03_decoded_serial_node]: Serial error: [Errno 5] Input/output error
[decoded_serial_node-3] [ERROR] [1791264842.191205074] [bw_dr03_decoded_serial_node]: Serial error: [Errno 5] Input/output error
[decoded_serial_node-3] [ERROR] [1791264842.196191824] [bw_dr03_decoded_serial_node]: Serial error: [Errno 5] Input/output error
[decoded_serial_node-3] [ERROR] [1791264842.201477779] [bw_dr03_decoded_serial_node]: Serial error: [Errno 5] Input/output error
[decoded_serial_node-3] [ERROR] [1791264842.206508460] [bw_dr03_decoded_serial_node]: Serial error: [Errno 5] Input/output error
[decoded_serial_node-3] [ERROR] [1791264842.211466714] [bw_dr03_decoded_serial_node]: Serial error: [Errno 5] Input/output error
[decoded_serial_node-3] [ERROR] [1791264842.215909671] [bw_dr03_decoded_serial_node]: Serial error: [Errno 5] Input/output error
[decoded_serial_node-3] [ERROR] [1791264842.221599315] [bw_dr03_decoded_serial_node]: Serial error: [Errno 5] Input/output error
[decoded_serial_node-3] [ERROR] [1791264842.226206122] [bw_dr03_decoded_serial_node]: Serial error: [Errno 5] Input/output error
[decoded_serial_node-3] [ERROR] [1791264842.231375720] [bw_dr03_decoded_serial_node]: Serial error: [Errno 5] Input/output error
[decoded_serial_node-3] [ERROR] [1791264842.236466954] [bw_dr03_decoded_serial_node]: Serial error: [Errno 5] Input/output error
[decoded_serial_node-3] [ERROR] [1791264842.241218614] [bw_dr03_decoded_serial_node]: Serial error: [Errno 5] Input/output error
[decoded_serial_node-3] [ERROR] [1791264842.246435704] [bw_dr03_decoded_serial_node]: Serial error: [Errno 5] Input/output error
[decoded_serial_node-3] [ERROR] [1791264842.251485382] [bw_dr03_decoded_serial_node]: Serial error: [Errno 5] Input/output error
[decoded_serial_node-3] [ERROR] [1791264842.256489942] [bw_dr03_decoded_serial_node]: Serial error: [Errno 5] Input/output error
[decoded_serial_node-3] [ERROR] [1791264842.262205707] [bw_dr03_decoded_serial_node]: Serial error: [Errno 5] Input/output error
[decoded_serial_node-3] [ERROR] [1791264842.266388640] [bw_dr03_decoded_serial_node]: Serial error: [Errno 5] Input/output error
[decoded_serial_node-3] [ERROR] [1791264842.271444255] [bw_dr03_decoded_serial_node]: Serial error: [Errno 5] Input/output error
[decoded_serial_node-3] [ERROR] [1791264842.276265967] [bw_dr03_decoded_serial_node]: Serial error: [Errno 5] Input/output error
[decoded_serial_node-3] [ERROR] [1791264842.281417755] [bw_dr03_decoded_serial_node]: Serial error: [Errno 5] Input/output error
[decoded_serial_node-3] [ERROR] [1791264842.286514926] [bw_dr03_decoded_serial_node]: Serial error: [Errno 5] Input/output error
[decoded_serial_node-3] [ERROR] [1791264842.291229779] [bw_dr03_decoded_serial_node]: Serial error: [Errno 5] Input/output error
[decoded_serial_node-3] [ERROR] [1791264842.296753198] [bw_dr03_decoded_serial_node]: Serial error: [Errno 5] Input/output error
[decoded_serial_node-3] [ERROR] [1791264842.300939693] [bw_dr03_decoded_serial_node]: Serial error: [Errno 5] Input/output error
[decoded_serial_node-3] [ERROR] [1791264842.306186467] [bw_dr03_decoded_serial_node]: Serial error: [Errno 5] Input/output error
[decoded_serial_node-3] [ERROR] [1791264842.311467672] [bw_dr03_decoded_serial_node]: Serial error: [Errno 5] Input/output error
[decoded_serial_node-3] [ERROR] [1791264842.316216958] [bw_dr03_decoded_serial_node]: Serial error: [Errno 5] Input/output error
[decoded_serial_node-3] [ERROR] [1791264842.321236953] [bw_dr03_decoded_serial_node]: Serial error: [Errno 5] Input/output error
[decoded_serial_node-3] [ERROR] [1791264842.326232014] [bw_dr03_decoded_serial_node]: Serial error: [Errno 5] Input/output error
[decoded_serial_node-3] [ERROR] [1791264842.331446730] [bw_dr03_decoded_serial_node]: Serial error: [Errno 5] Input/output error
[decoded_serial_node-3] [ERROR] [1791264842.336700627] [bw_dr03_decoded_serial_node]: Serial error: [Errno 5] Input/output error
[decoded_serial_node-3] [ERROR] [1791264842.341246880] [bw_dr03_decoded_serial_node]: Serial error: [Errno 5] Input/output error
[decoded_serial_node-3] [ERROR] [1791264842.346271625] [bw_dr03_decoded_serial_node]: Serial error: [Errno 5] Input/output error
[decoded_serial_node-3] [ERROR] [1791264842.351911401] [bw_dr03_decoded_serial_node]: Serial error: [Errno 5] Input/output error
[decoded_serial_node-3] [ERROR] [1791264842.356905275] [bw_dr03_decoded_serial_node]: Serial error: [Errno 5] Input/output error
[decoded_serial_node-3] [ERROR] [1791264842.361217626] [bw_dr03_decoded_serial_node]: Serial error: [Errno 5] Input/output error
[decoded_serial_node-3] [ERROR] [1791264842.366610440] [bw_dr03_decoded_serial_node]: Serial error: [Errno 5] Input/output error
[decoded_serial_node-3] [ERROR] [1791264842.371231495] [bw_dr03_decoded_serial_node]: Serial error: [Errno 5] Input/output error
[decoded_serial_node-3] [ERROR] [1791264842.375917853] [bw_dr03_decoded_serial_node]: Serial error: [Errno 5] Input/output error
[decoded_serial_node-3] [ERROR] [1791264842.381513699] [bw_dr03_decoded_serial_node]: Serial error: [Errno 5] Input/output error
[decoded_serial_node-3] [ERROR] [1791264842.385950719] [bw_dr03_decoded_serial_node]: Serial error: [Errno 5] Input/output error
[decoded_serial_node-3] [ERROR] [1791264842.390941030] [bw_dr03_decoded_serial_node]: Serial error: [Errno 5] Input/output error
[decoded_serial_node-3] [ERROR] [1791264842.396646110] [bw_dr03_decoded_serial_node]: Serial error: [Errno 5] Input/output error
[decoded_serial_node-3] [ERROR] [1791264842.401274289] [bw_dr03_decoded_serial_node]: Serial error: [Errno 5] Input/output error
[decoded_serial_node-3] [ERROR] [1791264842.405922652] [bw_dr03_decoded_serial_node]: Serial error: [Errno 5] Input/output error
[decoded_serial_node-3] [ERROR] [1791264842.410916526] [bw_dr03_decoded_serial_node]: Serial error: [Errno 5] Input/output error
[decoded_serial_node-3] [ERROR] [1791264842.415913962] [bw_dr03_decoded_serial_node]: Serial error: [Errno 5] Input/output error
[decoded_serial_node-3] [ERROR] [1791264842.421690280] [bw_dr03_decoded_serial_node]: Serial error: [Errno 5] Input/output error
[decoded_serial_node-3] [ERROR] [1791264842.425995508] [bw_dr03_decoded_serial_node]: Serial error: [Errno 5] Input/output error
[decoded_serial_node-3] [ERROR] [1791264842.430949013] [bw_dr03_decoded_serial_node]: Serial error: [Errno 5] Input/output error
[decoded_serial_node-3] [ERROR] [1791264842.435935762] [bw_dr03_decoded_serial_node]: Serial error: [Errno 5] Input/output error
[decoded_serial_node-3] [ERROR] [1791264842.440960507] [bw_dr03_decoded_serial_node]: Serial error: [Errno 5] Input/output error
[decoded_serial_node-3] [ERROR] [1791264842.445943695] [bw_dr03_decoded_serial_node]: Serial error: [Errno 5] Input/output error
[decoded_serial_node-3] [ERROR] [1791264842.451047989] [bw_dr03_decoded_serial_node]: Serial error: [Errno 5] Input/output error
[decoded_serial_node-3] [ERROR] [1791264842.456010993] [bw_dr03_decoded_serial_node]: Serial error: [Errno 5] Input/output error
[decoded_serial_node-3] [ERROR] [1791264842.460913443] [bw_dr03_decoded_serial_node]: Serial error: [Errno 5] Input/output error
[decoded_serial_node-3] [ERROR] [1791264842.465927501] [bw_dr03_decoded_serial_node]: Serial error: [Errno 5] Input/output error
[decoded_serial_node-3] [ERROR] [1791264842.471227704] [bw_dr03_decoded_serial_node]: Serial error: [Errno 5] Input/output error
[decoded_serial_node-3] [ERROR] [1791264842.475956805] [bw_dr03_decoded_serial_node]: Serial error: [Errno 5] Input/output error
[decoded_serial_node-3] [ERROR] [1791264842.481001734] [bw_dr03_decoded_serial_node]: Serial error: [Errno 5] Input/output error
[decoded_serial_node-3] [ERROR] [1791264842.485923181] [bw_dr03_decoded_serial_node]: Serial error: [Errno 5] Input/output error
[decoded_serial_node-3] [ERROR] [1791264842.490932490] [bw_dr03_decoded_serial_node]: Serial error: [Errno 5] Input/output error
[decoded_serial_node-3] [ERROR] [1791264842.496292059] [bw_dr03_decoded_serial_node]: Serial error: [Errno 5] Input/output error
[decoded_serial_node-3] [ERROR] [1791264842.501133955] [bw_dr03_decoded_serial_node]: Serial error: [Errno 5] Input/output error
[decoded_serial_node-3] [ERROR] [1791264842.506215691] [bw_dr03_decoded_serial_node]: Serial error: [Errno 5] Input/output error
[decoded_serial_node-3] [ERROR] [1791264842.511800851] [bw_dr03_decoded_serial_node]: Serial error: [Errno 5] Input/output error
[decoded_serial_node-3] [ERROR] [1791264842.516196315] [bw_dr03_decoded_serial_node]: Serial error: [Errno 5] Input/output error
[decoded_serial_node-3] [ERROR] [1791264842.521475146] [bw_dr03_decoded_serial_node]: Serial error: [Errno 5] Input/output error
[decoded_serial_node-3] [ERROR] [1791264842.526691049] [bw_dr03_decoded_serial_node]: Serial error: [Errno 5] Input/output error
[decoded_serial_node-3] [ERROR] [1791264842.531232553] [bw_dr03_decoded_serial_node]: Serial error: [Errno 5] Input/output error
[decoded_serial_node-3] [ERROR] [1791264842.536468640] [bw_dr03_decoded_serial_node]: Serial error: [Errno 5] Input/output error
[decoded_serial_node-3] [ERROR] [1791264842.541305788] [bw_dr03_decoded_serial_node]: Serial error: [Errno 5] Input/output error
[decoded_serial_node-3] [ERROR] [1791264842.545935154] [bw_dr03_decoded_serial_node]: Serial error: [Errno 5] Input/output error
[decoded_serial_node-3] [ERROR] [1791264842.550917155] [bw_dr03_decoded_serial_node]: Serial error: [Errno 5] Input/output error
[decoded_serial_node-3] [ERROR] [1791264842.555927651] [bw_dr03_decoded_serial_node]: Serial error: [Errno 5] Input/output error
[decoded_serial_node-3] [ERROR] [1791264842.561206482] [bw_dr03_decoded_serial_node]: Serial error: [Errno 5] Input/output error
[decoded_serial_node-3] [ERROR] [1791264842.565920148] [bw_dr03_decoded_serial_node]: Serial error: [Errno 5] Input/output error
[decoded_serial_node-3] [ERROR] [1791264842.570919958] [bw_dr03_decoded_serial_node]: Serial error: [Errno 5] Input/output error
[decoded_serial_node-3] [ERROR] [1791264842.575930455] [bw_dr03_decoded_serial_node]: Serial error: [Errno 5] Input/output error
[decoded_serial_node-3] [ERROR] [1791264842.580912455] [bw_dr03_decoded_serial_node]: Serial error: [Errno 5] Input/output error
[decoded_serial_node-3] [ERROR] [1791264842.585956197] [bw_dr03_decoded_serial_node]: Serial error: [Errno 5] Input/output error
[decoded_serial_node-3] [ERROR] [1791264842.590928699] [bw_dr03_decoded_serial_node]: Serial error: [Errno 5] Input/output error
[decoded_serial_node-3] [ERROR] [1791264842.596182596] [bw_dr03_decoded_serial_node]: Serial error: [Errno 5] Input/output error
[decoded_serial_node-3] [ERROR] [1791264842.600918821] [bw_dr03_decoded_serial_node]: Serial error: [Errno 5] Input/output error
[decoded_serial_node-3] [ERROR] [1791264842.605953064] [bw_dr03_decoded_serial_node]: Serial error: [Errno 5] Input/output error
[decoded_serial_node-3] [ERROR] [1791264842.611608276] [bw_dr03_decoded_serial_node]: Serial error: [Errno 5] Input/output error
[decoded_serial_node-3] [ERROR] [1791264842.615920627] [bw_dr03_decoded_serial_node]: Serial error: [Errno 5] Input/output error
[decoded_serial_node-3] [ERROR] [1791264842.620916875] [bw_dr03_decoded_serial_node]: Serial error: [Errno 5] Input/output error
[decoded_serial_node-3] [ERROR] [1791264842.625927372] [bw_dr03_decoded_serial_node]: Serial error: [Errno 5] Input/output error
[decoded_serial_node-3] [ERROR] [1791264842.631475725] [bw_dr03_decoded_serial_node]: Serial error: [Errno 5] Input/output error
[decoded_serial_node-3] [ERROR] [1791264842.636019604] [bw_dr03_decoded_serial_node]: Serial error: [Errno 5] Input/output error
[decoded_serial_node-3] [ERROR] [1791264842.640948175] [bw_dr03_decoded_serial_node]: Serial error: [Errno 5] Input/output error
[decoded_serial_node-3] [ERROR] [1791264842.646257876] [bw_dr03_decoded_serial_node]: Serial error: [Errno 5] Input/output error
[decoded_serial_node-3] [ERROR] [1791264842.651484465] [bw_dr03_decoded_serial_node]: Serial error: [Errno 5] Input/output error
[decoded_serial_node-3] [ERROR] [1791264842.655914361] [bw_dr03_decoded_serial_node]: Serial error: [Errno 5] Input/output error
[decoded_serial_node-3] [ERROR] [1791264842.660948604] [bw_dr03_decoded_serial_node]: Serial error: [Errno 5] Input/output error
[decoded_serial_node-3] [ERROR] [1791264842.666188253] [bw_dr03_decoded_serial_node]: Serial error: [Errno 5] Input/output error
[decoded_serial_node-3] [ERROR] [1791264842.670923291] [bw_dr03_decoded_serial_node]: Serial error: [Errno 5] Input/output error
[decoded_serial_node-3] [ERROR] [1791264842.675924289] [bw_dr03_decoded_serial_node]: Serial error: [Errno 5] Input/output error
[decoded_serial_node-3] [ERROR] [1791264842.680926474] [bw_dr03_decoded_serial_node]: Serial error: [Errno 5] Input/output error
[decoded_serial_node-3] [ERROR] [1791264842.686616118] [bw_dr03_decoded_serial_node]: Serial error: [Errno 5] Input/output error
[decoded_serial_node-3] [ERROR] [1791264842.690992585] [bw_dr03_decoded_serial_node]: Serial error: [Errno 5] Input/output error
[decoded_serial_node-3] [ERROR] [1791264842.695937778] [bw_dr03_decoded_serial_node]: Serial error: [Errno 5] Input/output error
[decoded_serial_node-3] [ERROR] [1791264842.700922154] [bw_dr03_decoded_serial_node]: Serial error: [Errno 5] Input/output error
[decoded_serial_node-3] [ERROR] [1791264842.705902967] [bw_dr03_decoded_serial_node]: Serial error: [Errno 5] Input/output error
[decoded_serial_node-3] [ERROR] [1791264842.710912276] [bw_dr03_decoded_serial_node]: Serial error: [Errno 5] Input/output error
[decoded_serial_node-3] [ERROR] [1791264842.715951268] [bw_dr03_decoded_serial_node]: Serial error: [Errno 5] Input/output error
[decoded_serial_node-3] [ERROR] [1791264842.720910709] [bw_dr03_decoded_serial_node]: Serial error: [Errno 5] Input/output error
[decoded_serial_node-3] [ERROR] [1791264842.726004318] [bw_dr03_decoded_serial_node]: Serial error: [Errno 5] Input/output error
[decoded_serial_node-3] [ERROR] [1791264842.730931702] [bw_dr03_decoded_serial_node]: Serial error: [Errno 5] Input/output error
[decoded_serial_node-3] [ERROR] [1791264842.735913703] [bw_dr03_decoded_serial_node]: Serial error: [Errno 5] Input/output error
[decoded_serial_node-3] [ERROR] [1791264842.740937260] [bw_dr03_decoded_serial_node]: Serial error: [Errno 5] Input/output error
[decoded_serial_node-3] [ERROR] [1791264842.746181658] [bw_dr03_decoded_serial_node]: Serial error: [Errno 5] Input/output error
[decoded_serial_node-3] [ERROR] [1791264842.751515106] [bw_dr03_decoded_serial_node]: Serial error: [Errno 5] Input/output error
[decoded_serial_node-3] [ERROR] [1791264842.756479297] [bw_dr03_decoded_serial_node]: Serial error: [Errno 5] Input/output error
[decoded_serial_node-3] [ERROR] [1791264842.761506416] [bw_dr03_decoded_serial_node]: Serial error: [Errno 5] Input/output error
[decoded_serial_node-3] [ERROR] [1791264842.766188024] [bw_dr03_decoded_serial_node]: Serial error: [Errno 5] Input/output error
[decoded_serial_node-3] [ERROR] [1791264842.771831363] [bw_dr03_decoded_serial_node]: Serial error: [Errno 5] Input/output error
[decoded_serial_node-3] [ERROR] [1791264842.776467853] [bw_dr03_decoded_serial_node]: Serial error: [Errno 5] Input/output error
[decoded_serial_node-3] [ERROR] [1791264842.781198141] [bw_dr03_decoded_serial_node]: Serial error: [Errno 5] Input/output error
[decoded_serial_node-3] [ERROR] [1791264842.786282251] [bw_dr03_decoded_serial_node]: Serial error: [Errno 5] Input/output error
[decoded_serial_node-3] [ERROR] [1791264842.791203699] [bw_dr03_decoded_serial_node]: Serial error: [Errno 5] Input/output error
[decoded_serial_node-3] [ERROR] [1791264842.795920927] [bw_dr03_decoded_serial_node]: Serial error: [Errno 5] Input/output error
[decoded_serial_node-3] [ERROR] [1791264842.800926674] [bw_dr03_decoded_serial_node]: Serial error: [Errno 5] Input/output error
[decoded_serial_node-3] [ERROR] [1791264842.806610381] [bw_dr03_decoded_serial_node]: Serial error: [Errno 5] Input/output error
[decoded_serial_node-3] [ERROR] [1791264842.811271805] [bw_dr03_decoded_serial_node]: Serial error: [Errno 5] Input/output error
[decoded_serial_node-3] [ERROR] [1791264842.816208687] [bw_dr03_decoded_serial_node]: Serial error: [Errno 5] Input/output error
[decoded_serial_node-3] [ERROR] [1791264842.821293985] [bw_dr03_decoded_serial_node]: Serial error: [Errno 5] Input/output error
[decoded_serial_node-3] [ERROR] [1791264842.826488516] [bw_dr03_decoded_serial_node]: Serial error: [Errno 5] Input/output error
[decoded_serial_node-3] [ERROR] [1791264842.832026183] [bw_dr03_decoded_serial_node]: Serial error: [Errno 5] Input/output error
[decoded_serial_node-3] [ERROR] [1791264842.836260171] [bw_dr03_decoded_serial_node]: Serial error: [Errno 5] Input/output error
[decoded_serial_node-3] [ERROR] [1791264842.841497446] [bw_dr03_decoded_serial_node]: Serial error: [Errno 5] Input/output error
[decoded_serial_node-3] [ERROR] [1791264842.846511504] [bw_dr03_decoded_serial_node]: Serial error: [Errno 5] Input/output error
[decoded_serial_node-3] [ERROR] [1791264842.852102601] [bw_dr03_decoded_serial_node]: Serial error: [Errno 5] Input/output error
[decoded_serial_node-3] [ERROR] [1791264842.856221419] [bw_dr03_decoded_serial_node]: Serial error: [Errno 5] Input/output error
[decoded_serial_node-3] [ERROR] [1791264842.861892066] [bw_dr03_decoded_serial_node]: Serial error: [Errno 5] Input/output error
[decoded_serial_node-3] [ERROR] [1791264842.866241224] [bw_dr03_decoded_serial_node]: Serial error: [Errno 5] Input/output error
[decoded_serial_node-3] [ERROR] [1791264842.871441692] [bw_dr03_decoded_serial_node]: Serial error: [Errno 5] Input/output error
[decoded_serial_node-3] [ERROR] [1791264842.876642160] [bw_dr03_decoded_serial_node]: Serial error: [Errno 5] Input/output error
[decoded_serial_node-3] [ERROR] [1791264842.881245405] [bw_dr03_decoded_serial_node]: Serial error: [Errno 5] Input/output error
[decoded_serial_node-3] [ERROR] [1791264842.885919889] [bw_dr03_decoded_serial_node]: Serial error: [Errno 5] Input/output error
[decoded_serial_node-3] [ERROR] [1791264842.891002812] [bw_dr03_decoded_serial_node]: Serial error: [Errno 5] Input/output error
[decoded_serial_node-3] [ERROR] [1791264842.896463303] [bw_dr03_decoded_serial_node]: Serial error: [Errno 5] Input/output error
[decoded_serial_node-3] [ERROR] [1791264842.900919320] [bw_dr03_decoded_serial_node]: Serial error: [Errno 5] Input/output error
[decoded_serial_node-3] [ERROR] [1791264842.905989183] [bw_dr03_decoded_serial_node]: Serial error: [Errno 5] Input/output error
[decoded_serial_node-3] [ERROR] [1791264842.910922503] [bw_dr03_decoded_serial_node]: Serial error: [Errno 5] Input/output error
[decoded_serial_node-3] [ERROR] [1791264842.916264262] [bw_dr03_decoded_serial_node]: Serial error: [Errno 5] Input/output error
[decoded_serial_node-3] [ERROR] [1791264842.920957744] [bw_dr03_decoded_serial_node]: Serial error: [Errno 5] Input/output error
[decoded_serial_node-3] [ERROR] [1791264842.925924309] [bw_dr03_decoded_serial_node]: Serial error: [Errno 5] Input/output error
[decoded_serial_node-3] [ERROR] [1791264842.931276754] [bw_dr03_decoded_serial_node]: Serial error: [Errno 5] Input/output error
[decoded_serial_node-3] [ERROR] [1791264842.936694502] [bw_dr03_decoded_serial_node]: Serial error: [Errno 5] Input/output error
[decoded_serial_node-3] [ERROR] [1791264842.940989043] [bw_dr03_decoded_serial_node]: Serial error: [Errno 5] Input/output error
[decoded_serial_node-3] [ERROR] [1791264842.945919989] [bw_dr03_decoded_serial_node]: Serial error: [Errno 5] Input/output error
[decoded_serial_node-3] [ERROR] [1791264842.950919799] [bw_dr03_decoded_serial_node]: Serial error: [Errno 5] Input/output error
[decoded_serial_node-3] [ERROR] [1791264842.955925546] [bw_dr03_decoded_serial_node]: Serial error: [Errno 5] Input/output error
[decoded_serial_node-3] [ERROR] [1791264842.960989472] [bw_dr03_decoded_serial_node]: Serial error: [Errno 5] Input/output error
[decoded_serial_node-3] [ERROR] [1791264842.965944164] [bw_dr03_decoded_serial_node]: Serial error: [Errno 5] Input/output error
[decoded_serial_node-3] [ERROR] [1791264842.971537636] [bw_dr03_decoded_serial_node]: Serial error: [Errno 5] Input/output error
[decoded_serial_node-3] [ERROR] [1791264842.975929537] [bw_dr03_decoded_serial_node]: Serial error: [Errno 5] Input/output error
[decoded_serial_node-3] [ERROR] [1791264842.980924599] [bw_dr03_decoded_serial_node]: Serial error: [Errno 5] Input/output error
[decoded_serial_node-3] [ERROR] [1791264842.985946968] [bw_dr03_decoded_serial_node]: Serial error: [Errno 5] Input/output error
[decoded_serial_node-3] [ERROR] [1791264842.990926594] [bw_dr03_decoded_serial_node]: Serial error: [Errno 5] Input/output error
[decoded_serial_node-3] [ERROR] [1791264842.995919281] [bw_dr03_decoded_serial_node]: Serial error: [Errno 5] Input/output error
[decoded_serial_node-3] [ERROR] [1791264843.001531749] [bw_dr03_decoded_serial_node]: Serial error: [Errno 5] Input/output error
[decoded_serial_node-3] [ERROR] [1791264843.006273911] [bw_dr03_decoded_serial_node]: Serial error: [Errno 5] Input/output error
[decoded_serial_node-3] [ERROR] [1791264843.010929398] [bw_dr03_decoded_serial_node]: Serial error: [Errno 5] Input/output error
[decoded_serial_node-3] [ERROR] [1791264843.016163110] [bw_dr03_decoded_serial_node]: Serial error: [Errno 5] Input/output error
[decoded_serial_node-3] [ERROR] [1791264843.021472812] [bw_dr03_decoded_serial_node]: Serial error: [Errno 5] Input/output error
[decoded_serial_node-3] [ERROR] [1791264843.025924080] [bw_dr03_decoded_serial_node]: Serial error: [Errno 5] Input/output error
[decoded_serial_node-3] [ERROR] [1791264843.031262276] [bw_dr03_decoded_serial_node]: Serial error: [Errno 5] Input/output error
[decoded_serial_node-3] [ERROR] [1791264843.036277522] [bw_dr03_decoded_serial_node]: Serial error: [Errno 5] Input/output error
[decoded_serial_node-3] [ERROR] [1791264843.041236963] [bw_dr03_decoded_serial_node]: Serial error: [Errno 5] Input/output error
[decoded_serial_node-3] [ERROR] [1791264843.046254584] [bw_dr03_decoded_serial_node]: Serial error: [Errno 5] Input/output error
[decoded_serial_node-3] [ERROR] [1791264843.051890798] [bw_dr03_decoded_serial_node]: Serial error: [Errno 5] Input/output error
[decoded_serial_node-3] [ERROR] [1791264843.056245893] [bw_dr03_decoded_serial_node]: Serial error: [Errno 5] Input/output error
[decoded_serial_node-3] [ERROR] [1791264843.061186337] [bw_dr03_decoded_serial_node]: Serial error: [Errno 5] Input/output error
[decoded_serial_node-3] [ERROR] [1791264843.066440235] [bw_dr03_decoded_serial_node]: Serial error: [Errno 5] Input/output error
[decoded_serial_node-3] [ERROR] [1791264843.071707192] [bw_dr03_decoded_serial_node]: Serial error: [Errno 5] Input/output error
[decoded_serial_node-3] [ERROR] [1791264843.076513469] [bw_dr03_decoded_serial_node]: Serial error: [Errno 5] Input/output error
[decoded_serial_node-3] [ERROR] [1791264843.081539401] [bw_dr03_decoded_serial_node]: Serial error: [Errno 5] Input/output error
[decoded_serial_node-3] [ERROR] [1791264843.086581955] [bw_dr03_decoded_serial_node]: Serial error: [Errno 5] Input/output error
[decoded_serial_node-3] [ERROR] [1791264843.091226756] [bw_dr03_decoded_serial_node]: Serial error: [Errno 5] Input/output error
[decoded_serial_node-3] [ERROR] [1791264843.096513898] [bw_dr03_decoded_serial_node]: Serial error: [Errno 5] Input/output error
[decoded_serial_node-3] [ERROR] [1791264843.100959229] [bw_dr03_decoded_serial_node]: Serial error: [Errno 5] Input/output error
[decoded_serial_node-3] [ERROR] [1791264843.105930544] [bw_dr03_decoded_serial_node]: Serial error: [Errno 5] Input/output error
[decoded_serial_node-3] [ERROR] [1791264843.111079957] [bw_dr03_decoded_serial_node]: Serial error: [Errno 5] Input/output error
[decoded_serial_node-3] [ERROR] [1791264843.116002591] [bw_dr03_decoded_serial_node]: Serial error: [Errno 5] Input/output error
[decoded_serial_node-3] [ERROR] [1791264843.121485641] [bw_dr03_decoded_serial_node]: Serial error: [Errno 5] Input/output error
[decoded_serial_node-3] [ERROR] [1791264843.125916725] [bw_dr03_decoded_serial_node]: Serial error: [Errno 5] Input/output error
[decoded_serial_node-3] [ERROR] [1791264843.131237112] [bw_dr03_decoded_serial_node]: Serial error: [Errno 5] Input/output error
[decoded_serial_node-3] [ERROR] [1791264843.136846018] [bw_dr03_decoded_serial_node]: Serial error: [Errno 5] Input/output error
[decoded_serial_node-3] [ERROR] [1791264843.141259292] [bw_dr03_decoded_serial_node]: Serial error: [Errno 5] Input/output error
[decoded_serial_node-3] [ERROR] [1791264843.146523875] [bw_dr03_decoded_serial_node]: Serial error: [Errno 5] Input/output error
[decoded_serial_node-3] [ERROR] [1791264843.151318279] [bw_dr03_decoded_serial_node]: Serial error: [Errno 5] Input/output error
[decoded_serial_node-3] [ERROR] [1791264843.156280095] [bw_dr03_decoded_serial_node]: Serial error: [Errno 5] Input/output error
[decoded_serial_node-3] [ERROR] [1791264843.162120529] [bw_dr03_decoded_serial_node]: Serial error: [Errno 5] Input/output error
[decoded_serial_node-3] [ERROR] [1791264843.165915208] [bw_dr03_decoded_serial_node]: Serial error: [Errno 5] Input/output error
[decoded_serial_node-3] [ERROR] [1791264843.170957762] [bw_dr03_decoded_serial_node]: Serial error: [Errno 5] Input/output error
[decoded_serial_node-3] [ERROR] [1791264843.175995566] [bw_dr03_decoded_serial_node]: Serial error: [Errno 5] Input/output error
[decoded_serial_node-3] [ERROR] [1791264843.181242340] [bw_dr03_decoded_serial_node]: Serial error: [Errno 5] Input/output error
[decoded_serial_node-3] [ERROR] [1791264843.186217216] [bw_dr03_decoded_serial_node]: Serial error: [Errno 5] Input/output error
[decoded_serial_node-3] [ERROR] [1791264843.191373753] [bw_dr03_decoded_serial_node]: Serial error: [Errno 5] Input/output error
[decoded_serial_node-3] [ERROR] [1791264843.195954439] [bw_dr03_decoded_serial_node]: Serial error: [Errno 5] Input/output error
[decoded_serial_node-3] [ERROR] [1791264843.201214273] [bw_dr03_decoded_serial_node]: Serial error: [Errno 5] Input/output error
[decoded_serial_node-3] [ERROR] [1791264843.205924377] [bw_dr03_decoded_serial_node]: Serial error: [Errno 5] Input/output error
[decoded_serial_node-3] [ERROR] [1791264843.210943184] [bw_dr03_decoded_serial_node]: Serial error: [Errno 5] Input/output error
[decoded_serial_node-3] [ERROR] [1791264843.216279006] [bw_dr03_decoded_serial_node]: Serial error: [Errno 5] Input/output error
[decoded_serial_node-3] [ERROR] [1791264843.221357180] [bw_dr03_decoded_serial_node]: Serial error: [Errno 5] Input/output error
[decoded_serial_node-3] [ERROR] [1791264843.226243007] [bw_dr03_decoded_serial_node]: Serial error: [Errno 5] Input/output error
[decoded_serial_node-3] [ERROR] [1791264843.231173953] [bw_dr03_decoded_serial_node]: Serial error: [Errno 5] Input/output error
[follow_planner-6] [INFO] [1791264843.233575904] [follow_planner_node]: [IDLE] disabled | d=- goc=- | v=0.000 w=0.000 | thoang=-
[decoded_serial_node-3] [ERROR] [1791264843.235922051] [bw_dr03_decoded_serial_node]: Serial error: [Errno 5] Input/output error
[decoded_serial_node-3] [ERROR] [1791264843.241075026] [bw_dr03_decoded_serial_node]: Serial error: [Errno 5] Input/output error
[decoded_serial_node-3] [ERROR] [1791264843.245956104] [bw_dr03_decoded_serial_node]: Serial error: [Errno 5] Input/output error
[decoded_serial_node-3] [ERROR] [1791264843.250921483] [bw_dr03_decoded_serial_node]: Serial error: [Errno 5] Input/output error
[decoded_serial_node-3] [ERROR] [1791264843.255920106] [bw_dr03_decoded_serial_node]: Serial error: [Errno 5] Input/output error
[decoded_serial_node-3] [ERROR] [1791264843.260942475] [bw_dr03_decoded_serial_node]: Serial error: [Errno 5] Input/output error
[decoded_serial_node-3] [ERROR] [1791264843.266706920] [bw_dr03_decoded_serial_node]: Serial error: [Errno 5] Input/output error
[decoded_serial_node-3] [ERROR] [1791264843.271839711] [bw_dr03_decoded_serial_node]: Serial error: [Errno 5] Input/output error
[decoded_serial_node-3] [ERROR] [1791264843.276708916] [bw_dr03_decoded_serial_node]: Serial error: [Errno 5] Input/output error
[decoded_serial_node-3] [ERROR] [1791264843.281734847] [bw_dr03_decoded_serial_node]: Serial error: [Errno 5] Input/output error
[decoded_serial_node-3] [ERROR] [1791264843.286761966] [bw_dr03_decoded_serial_node]: Serial error: [Errno 5] Input/output error
[decoded_serial_node-3] [ERROR] [1791264843.291512439] [bw_dr03_decoded_serial_node]: Serial error: [Errno 5] Input/output error
[decoded_serial_node-3] [ERROR] [1791264843.296443385] [bw_dr03_decoded_serial_node]: Serial error: [Errno 5] Input/output error
[decoded_serial_node-3] [ERROR] [1791264843.300913650] [bw_dr03_decoded_serial_node]: Serial error: [Errno 5] Input/output error
[decoded_serial_node-3] [ERROR] [1791264843.306830072] [bw_dr03_decoded_serial_node]: Serial error: [Errno 5] Input/output error
[decoded_serial_node-3] [ERROR] [1791264843.311505744] [bw_dr03_decoded_serial_node]: Serial error: [Errno 5] Input/output error
[decoded_serial_node-3] [ERROR] [1791264843.316422442] [bw_dr03_decoded_serial_node]: Serial error: [Errno 5] Input/output error
[decoded_serial_node-3] [ERROR] [1791264843.321745203] [bw_dr03_decoded_serial_node]: Serial error: [Errno 5] Input/output error
[decoded_serial_node-3] [ERROR] [1791264843.326797256] [bw_dr03_decoded_serial_node]: Serial error: [Errno 5] Input/output error
[decoded_serial_node-3] [ERROR] [1791264843.331542979] [bw_dr03_decoded_serial_node]: Serial error: [Errno 5] Input/output error
[decoded_serial_node-3] [ERROR] [1791264843.336665084] [bw_dr03_decoded_serial_node]: Serial error: [Errno 5] Input/output error
[decoded_serial_node-3] [ERROR] [1791264843.341491545] [bw_dr03_decoded_serial_node]: Serial error: [Errno 5] Input/output error
[decoded_serial_node-3] [ERROR] [1791264843.346450987] [bw_dr03_decoded_serial_node]: Serial error: [Errno 5] Input/output error
[decoded_serial_node-3] [ERROR] [1791264843.351723881] [bw_dr03_decoded_serial_node]: Serial error: [Errno 5] Input/output error
[decoded_serial_node-3] [ERROR] [1791264843.356357996] [bw_dr03_decoded_serial_node]: Serial error: [Errno 5] Input/output error
[decoded_serial_node-3] [ERROR] [1791264843.361660574] [bw_dr03_decoded_serial_node]: Serial error: [Errno 5] Input/output error
[decoded_serial_node-3] [ERROR] [1791264843.366764868] [bw_dr03_decoded_serial_node]: Serial error: [Errno 5] Input/output error
[decoded_serial_node-3] [ERROR] [1791264843.370934741] [bw_dr03_decoded_serial_node]: Serial error: [Errno 5] Input/output error
[decoded_serial_node-3] [ERROR] [1791264843.375961860] [bw_dr03_decoded_serial_node]: Serial error: [Errno 5] Input/output error
[decoded_serial_node-3] [ERROR] [1791264843.381744115] [bw_dr03_decoded_serial_node]: Serial error: [Errno 5] Input/output error
[decoded_serial_node-3] [ERROR] [1791264843.386439971] [bw_dr03_decoded_serial_node]: Serial error: [Errno 5] Input/output error
[decoded_serial_node-3] [ERROR] [1791264843.391429096] [bw_dr03_decoded_serial_node]: Serial error: [Errno 5] Input/output error
[decoded_serial_node-3] [ERROR] [1791264843.396729298] [bw_dr03_decoded_serial_node]: Serial error: [Errno 5] Input/output error
[decoded_serial_node-3] [ERROR] [1791264843.401670930] [bw_dr03_decoded_serial_node]: Serial error: [Errno 5] Input/output error
[decoded_serial_node-3] [ERROR] [1791264843.406779974] [bw_dr03_decoded_serial_node]: Serial error: [Errno 5] Input/output error
[decoded_serial_node-3] [ERROR] [1791264843.411485328] [bw_dr03_decoded_serial_node]: Serial error: [Errno 5] Input/output error
[decoded_serial_node-3] [ERROR] [1791264843.417117981] [bw_dr03_decoded_serial_node]: Serial error: [Errno 5] Input/output error
[decoded_serial_node-3] [ERROR] [1791264843.421743785] [bw_dr03_decoded_serial_node]: Serial error: [Errno 5] Input/output error
[decoded_serial_node-3] [ERROR] [1791264843.426418270] [bw_dr03_decoded_serial_node]: Serial error: [Errno 5] Input/output error
[decoded_serial_node-3] [ERROR] [1791264843.430920592] [bw_dr03_decoded_serial_node]: Serial error: [Errno 5] Input/output error
[decoded_serial_node-3] [ERROR] [1791264843.436708784] [bw_dr03_decoded_serial_node]: Serial error: [Errno 5] Input/output error
[decoded_serial_node-3] [ERROR] [1791264843.441433136] [bw_dr03_decoded_serial_node]: Serial error: [Errno 5] Input/output error
[decoded_serial_node-3] [ERROR] [1791264843.446748774] [bw_dr03_decoded_serial_node]: Serial error: [Errno 5] Input/output error
[decoded_serial_node-3] [ERROR] [1791264843.451841195] [bw_dr03_decoded_serial_node]: Serial error: [Errno 5] Input/output error
[decoded_serial_node-3] [ERROR] [1791264843.455944578] [bw_dr03_decoded_serial_node]: Serial error: [Errno 5] Input/output error
[decoded_serial_node-3] [ERROR] [1791264843.461712585] [bw_dr03_decoded_serial_node]: Serial error: [Errno 5] Input/output error
[decoded_serial_node-3] [ERROR] [1791264843.466945110] [bw_dr03_decoded_serial_node]: Serial error: [Errno 5] Input/output error
[decoded_serial_node-3] [ERROR] [1791264843.471541232] [bw_dr03_decoded_serial_node]: Serial error: [Errno 5] Input/output error
[decoded_serial_node-3] [ERROR] [1791264843.476614656] [bw_dr03_decoded_serial_node]: Serial error: [Errno 5] Input/output error
[decoded_serial_node-3] [ERROR] [1791264843.481628714] [bw_dr03_decoded_serial_node]: Serial error: [Errno 5] Input/output error
[decoded_serial_node-3] [ERROR] [1791264843.486424305] [bw_dr03_decoded_serial_node]: Serial error: [Errno 5] Input/output error
[decoded_serial_node-3] [ERROR] [1791264843.491487044] [bw_dr03_decoded_serial_node]: Serial error: [Errno 5] Input/output error
[decoded_serial_node-3] [ERROR] [1791264843.496406116] [bw_dr03_decoded_serial_node]: Serial error: [Errno 5] Input/output error
[decoded_serial_node-3] [ERROR] [1791264843.500920312] [bw_dr03_decoded_serial_node]: Serial error: [Errno 5] Input/output error
[decoded_serial_node-3] [ERROR] [1791264843.506571962] [bw_dr03_decoded_serial_node]: Serial error: [Errno 5] Input/output error
[decoded_serial_node-3] [ERROR] [1791264843.511342619] [bw_dr03_decoded_serial_node]: Serial error: [Errno 5] Input/output error
[decoded_serial_node-3] [ERROR] [1791264843.516442165] [bw_dr03_decoded_serial_node]: Serial error: [Errno 5] Input/output error
[decoded_serial_node-3] [ERROR] [1791264843.521732869] [bw_dr03_decoded_serial_node]: Serial error: [Errno 5] Input/output error
[decoded_serial_node-3] [ERROR] [1791264843.526432287] [bw_dr03_decoded_serial_node]: Serial error: [Errno 5] Input/output error
[decoded_serial_node-3] [ERROR] [1791264843.530917987] [bw_dr03_decoded_serial_node]: Serial error: [Errno 5] Input/output error
[decoded_serial_node-3] [ERROR] [1791264843.536427158] [bw_dr03_decoded_serial_node]: Serial error: [Errno 5] Input/output error
[decoded_serial_node-3] [ERROR] [1791264843.541445966] [bw_dr03_decoded_serial_node]: Serial error: [Errno 5] Input/output error
[decoded_serial_node-3] [ERROR] [1791264843.546742606] [bw_dr03_decoded_serial_node]: Serial error: [Errno 5] Input/output error
[decoded_serial_node-3] [ERROR] [1791264843.551685425] [bw_dr03_decoded_serial_node]: Serial error: [Errno 5] Input/output error
[decoded_serial_node-3] [ERROR] [1791264843.556450146] [bw_dr03_decoded_serial_node]: Serial error: [Errno 5] Input/output error
[decoded_serial_node-3] [ERROR] [1791264843.561326475] [bw_dr03_decoded_serial_node]: Serial error: [Errno 5] Input/output error
[decoded_serial_node-3] [ERROR] [1791264843.566430770] [bw_dr03_decoded_serial_node]: Serial error: [Errno 5] Input/output error
[decoded_serial_node-3] [ERROR] [1791264843.571658546] [bw_dr03_decoded_serial_node]: Serial error: [Errno 5] Input/output error
[decoded_serial_node-3] [ERROR] [1791264843.576525376] [bw_dr03_decoded_serial_node]: Serial error: [Errno 5] Input/output error
[decoded_serial_node-3] [ERROR] [1791264843.581921752] [bw_dr03_decoded_serial_node]: Serial error: [Errno 5] Input/output error
[decoded_serial_node-3] [ERROR] [1791264843.586428824] [bw_dr03_decoded_serial_node]: Serial error: [Errno 5] Input/output error
[decoded_serial_node-3] [ERROR] [1791264843.591490375] [bw_dr03_decoded_serial_node]: Serial error: [Errno 5] Input/output error
[decoded_serial_node-3] [ERROR] [1791264843.596625540] [bw_dr03_decoded_serial_node]: Serial error: [Errno 5] Input/output error
[decoded_serial_node-3] [ERROR] [1791264843.601349892] [bw_dr03_decoded_serial_node]: Serial error: [Errno 5] Input/output error
[decoded_serial_node-3] [ERROR] [1791264843.606770014] [bw_dr03_decoded_serial_node]: Serial error: [Errno 5] Input/output error
[decoded_serial_node-3] [ERROR] [1791264843.611716395] [bw_dr03_decoded_serial_node]: Serial error: [Errno 5] Input/output error
[decoded_serial_node-3] [ERROR] [1791264843.616876493] [bw_dr03_decoded_serial_node]: Serial error: [Errno 5] Input/output error
[decoded_serial_node-3] [ERROR] [1791264843.621460741] [bw_dr03_decoded_serial_node]: Serial error: [Errno 5] Input/output error
[decoded_serial_node-3] [ERROR] [1791264843.626515168] [bw_dr03_decoded_serial_node]: Serial error: [Errno 5] Input/output error
[decoded_serial_node-3] [ERROR] [1791264843.631688328] [bw_dr03_decoded_serial_node]: Serial error: [Errno 5] Input/output error
[decoded_serial_node-3] [ERROR] [1791264843.636485106] [bw_dr03_decoded_serial_node]: Serial error: [Errno 5] Input/output error
[decoded_serial_node-3] [ERROR] [1791264843.641220144] [bw_dr03_decoded_serial_node]: Serial error: [Errno 5] Input/output error
[decoded_serial_node-3] [ERROR] [1791264843.646933534] [bw_dr03_decoded_serial_node]: Serial error: [Errno 5] Input/output error
[decoded_serial_node-3] [ERROR] [1791264843.651686382] [bw_dr03_decoded_serial_node]: Serial error: [Errno 5] Input/output error
[decoded_serial_node-3] [ERROR] [1791264843.656457039] [bw_dr03_decoded_serial_node]: Serial error: [Errno 5] Input/output error
[decoded_serial_node-3] [ERROR] [1791264843.661485345] [bw_dr03_decoded_serial_node]: Serial error: [Errno 5] Input/output error
[decoded_serial_node-3] [ERROR] [1791264843.666464971] [bw_dr03_decoded_serial_node]: Serial error: [Errno 5] Input/output error
[decoded_serial_node-3] [ERROR] [1791264843.671537208] [bw_dr03_decoded_serial_node]: Serial error: [Errno 5] Input/output error
[decoded_serial_node-3] [ERROR] [1791264843.676206943] [bw_dr03_decoded_serial_node]: Serial error: [Errno 5] Input/output error
[decoded_serial_node-3] [ERROR] [1791264843.681466777] [bw_dr03_decoded_serial_node]: Serial error: [Errno 5] Input/output error
[decoded_serial_node-3] [ERROR] [1791264843.686700490] [bw_dr03_decoded_serial_node]: Serial error: [Errno 5] Input/output error
[decoded_serial_node-3] [ERROR] [1791264843.691212311] [bw_dr03_decoded_serial_node]: Serial error: [Errno 5] Input/output error
[decoded_serial_node-3] [ERROR] [1791264843.696223994] [bw_dr03_decoded_serial_node]: Serial error: [Errno 5] Input/output error
[decoded_serial_node-3] [ERROR] [1791264843.701090825] [bw_dr03_decoded_serial_node]: Serial error: [Errno 5] Input/output error
[decoded_serial_node-3] [ERROR] [1791264843.706565564] [bw_dr03_decoded_serial_node]: Serial error: [Errno 5] Input/output error
[decoded_serial_node-3] [ERROR] [1791264843.711697167] [bw_dr03_decoded_serial_node]: Serial error: [Errno 5] Input/output error
[decoded_serial_node-3] [ERROR] [1791264843.716530752] [bw_dr03_decoded_serial_node]: Serial error: [Errno 5] Input/output error
[decoded_serial_node-3] [ERROR] [1791264843.721527001] [bw_dr03_decoded_serial_node]: Serial error: [Errno 5] Input/output error
[decoded_serial_node-3] [ERROR] [1791264843.726209796] [bw_dr03_decoded_serial_node]: Serial error: [Errno 5] Input/output error
[decoded_serial_node-3] [ERROR] [1791264843.731517123] [bw_dr03_decoded_serial_node]: Serial error: [Errno 5] Input/output error
[decoded_serial_node-3] [ERROR] [1791264843.736617855] [bw_dr03_decoded_serial_node]: Serial error: [Errno 5] Input/output error
[decoded_serial_node-3] [ERROR] [1791264843.741208040] [bw_dr03_decoded_serial_node]: Serial error: [Errno 5] Input/output error
[decoded_serial_node-3] [ERROR] [1791264843.746210225] [bw_dr03_decoded_serial_node]: Serial error: [Errno 5] Input/output error
[decoded_serial_node-3] [ERROR] [1791264843.752009103] [bw_dr03_decoded_serial_node]: Serial error: [Errno 5] Input/output error
[decoded_serial_node-3] [ERROR] [1791264843.757004164] [bw_dr03_decoded_serial_node]: Serial error: [Errno 5] Input/output error
[decoded_serial_node-3] [ERROR] [1791264843.761198970] [bw_dr03_decoded_serial_node]: Serial error: [Errno 5] Input/output error
[decoded_serial_node-3] [ERROR] [1791264843.766545478] [bw_dr03_decoded_serial_node]: Serial error: [Errno 5] Input/output error
[decoded_serial_node-3] [ERROR] [1791264843.771680643] [bw_dr03_decoded_serial_node]: Serial error: [Errno 5] Input/output error
[decoded_serial_node-3] [ERROR] [1791264843.776510667] [bw_dr03_decoded_serial_node]: Serial error: [Errno 5] Input/output error
[decoded_serial_node-3] [ERROR] [1791264843.781511664] [bw_dr03_decoded_serial_node]: Serial error: [Errno 5] Input/output error
[decoded_serial_node-3] [ERROR] [1791264843.786865297] [bw_dr03_decoded_serial_node]: Serial error: [Errno 5] Input/output error
[decoded_serial_node-3] [ERROR] [1791264843.791228703] [bw_dr03_decoded_serial_node]: Serial error: [Errno 5] Input/output error
[decoded_serial_node-3] [ERROR] [1791264843.796647637] [bw_dr03_decoded_serial_node]: Serial error: [Errno 5] Input/output error
[decoded_serial_node-3] [ERROR] [1791264843.801683067] [bw_dr03_decoded_serial_node]: Serial error: [Errno 5] Input/output error
[decoded_serial_node-3] [ERROR] [1791264843.806162831] [bw_dr03_decoded_serial_node]: Serial error: [Errno 5] Input/output error
[decoded_serial_node-3] [ERROR] [1791264843.812063818] [bw_dr03_decoded_serial_node]: Serial error: [Errno 5] Input/output error
[decoded_serial_node-3] [ERROR] [1791264843.816198071] [bw_dr03_decoded_serial_node]: Serial error: [Errno 5] Input/output error
[decoded_serial_node-3] [ERROR] [1791264843.821308303] [bw_dr03_decoded_serial_node]: Serial error: [Errno 5] Input/output error
[decoded_serial_node-3] [ERROR] [1791264843.826595445] [bw_dr03_decoded_serial_node]: Serial error: [Errno 5] Input/output error
[decoded_serial_node-3] [ERROR] [1791264843.831436154] [bw_dr03_decoded_serial_node]: Serial error: [Errno 5] Input/output error
[decoded_serial_node-3] [ERROR] [1791264843.836044148] [bw_dr03_decoded_serial_node]: Serial error: [Errno 5] Input/output error
[decoded_serial_node-3] [ERROR] [1791264843.841200685] [bw_dr03_decoded_serial_node]: Serial error: [Errno 5] Input/output error
[decoded_serial_node-3] [ERROR] [1791264843.846665926] [bw_dr03_decoded_serial_node]: Serial error: [Errno 5] Input/output error
[decoded_serial_node-3] [ERROR] [1791264843.851453205] [bw_dr03_decoded_serial_node]: Serial error: [Errno 5] Input/output error
[decoded_serial_node-3] [ERROR] [1791264843.856200116] [bw_dr03_decoded_serial_node]: Serial error: [Errno 5] Input/output error
[decoded_serial_node-3] [ERROR] [1791264843.861216549] [bw_dr03_decoded_serial_node]: Serial error: [Errno 5] Input/output error
[decoded_serial_node-3] [ERROR] [1791264843.866988118] [bw_dr03_decoded_serial_node]: Serial error: [Errno 5] Input/output error
[decoded_serial_node-3] [ERROR] [1791264843.871860885] [bw_dr03_decoded_serial_node]: Serial error: [Errno 5] Input/output error
[decoded_serial_node-3] [ERROR] [1791264843.876466505] [bw_dr03_decoded_serial_node]: Serial error: [Errno 5] Input/output error
[decoded_serial_node-3] [ERROR] [1791264843.881492436] [bw_dr03_decoded_serial_node]: Serial error: [Errno 5] Input/output error
[decoded_serial_node-3] [ERROR] [1791264843.886214414] [bw_dr03_decoded_serial_node]: Serial error: [Errno 5] Input/output error
[decoded_serial_node-3] [ERROR] [1791264843.891385198] [bw_dr03_decoded_serial_node]: Serial error: [Errno 5] Input/output error
[decoded_serial_node-3] [ERROR] [1791264843.896205723] [bw_dr03_decoded_serial_node]: Serial error: [Errno 5] Input/output error
[decoded_serial_node-3] [ERROR] [1791264843.901158041] [bw_dr03_decoded_serial_node]: Serial error: [Errno 5] Input/output error
[decoded_serial_node-3] [ERROR] [1791264843.906799005] [bw_dr03_decoded_serial_node]: Serial error: [Errno 5] Input/output error
[decoded_serial_node-3] [ERROR] [1791264843.911680083] [bw_dr03_decoded_serial_node]: Serial error: [Errno 5] Input/output error
[decoded_serial_node-3] [ERROR] [1791264843.916231086] [bw_dr03_decoded_serial_node]: Serial error: [Errno 5] Input/output error
[decoded_serial_node-3] [ERROR] [1791264843.921461236] [bw_dr03_decoded_serial_node]: Serial error: [Errno 5] Input/output error
[decoded_serial_node-3] [ERROR] [1791264843.926618960] [bw_dr03_decoded_serial_node]: Serial error: [Errno 5] Input/output error
[decoded_serial_node-3] [ERROR] [1791264843.931167589] [bw_dr03_decoded_serial_node]: Serial error: [Errno 5] Input/output error
[decoded_serial_node-3] [ERROR] [1791264843.935870569] [bw_dr03_decoded_serial_node]: Serial error: [Errno 5] Input/output error
[decoded_serial_node-3] [ERROR] [1791264843.941256259] [bw_dr03_decoded_serial_node]: Serial error: [Errno 5] Input/output error
[decoded_serial_node-3] [ERROR] [1791264843.946666882] [bw_dr03_decoded_serial_node]: Serial error: [Errno 5] Input/output error
[decoded_serial_node-3] [ERROR] [1791264843.951685690] [bw_dr03_decoded_serial_node]: Serial error: [Errno 5] Input/output error
[decoded_serial_node-3] [ERROR] [1791264843.956602388] [bw_dr03_decoded_serial_node]: Serial error: [Errno 5] Input/output error
[decoded_serial_node-3] [ERROR] [1791264843.961811166] [bw_dr03_decoded_serial_node]: Serial error: [Errno 5] Input/output error
[decoded_serial_node-3] [ERROR] [1791264843.966205443] [bw_dr03_decoded_serial_node]: Serial error: [Errno 5] Input/output error
[decoded_serial_node-3] [ERROR] [1791264843.971490210] [bw_dr03_decoded_serial_node]: Serial error: [Errno 5] Input/output error
[decoded_serial_node-3] [ERROR] [1791264843.976182505] [bw_dr03_decoded_serial_node]: Serial error: [Errno 5] Input/output error
[decoded_serial_node-3] [ERROR] [1791264843.980934165] [bw_dr03_decoded_serial_node]: Serial error: [Errno 5] Input/output error
[decoded_serial_node-3] [ERROR] [1791264843.985922102] [bw_dr03_decoded_serial_node]: Serial error: [Errno 5] Input/output error
[decoded_serial_node-3] [ERROR] [1791264843.990907664] [bw_dr03_decoded_serial_node]: Serial error: [Errno 5] Input/output error
[decoded_serial_node-3] [ERROR] [1791264843.995928847] [bw_dr03_decoded_serial_node]: Serial error: [Errno 5] Input/output error
[decoded_serial_node-3] [ERROR] [1791264844.000927470] [bw_dr03_decoded_serial_node]: Serial error: [Errno 5] Input/output error
[decoded_serial_node-3] [ERROR] [1791264844.005964087] [bw_dr03_decoded_serial_node]: Serial error: [Errno 5] Input/output error
[decoded_serial_node-3] [ERROR] [1791264844.011227482] [bw_dr03_decoded_serial_node]: Serial error: [Errno 5] Input/output error
[decoded_serial_node-3] [ERROR] [1791264844.016596550] [bw_dr03_decoded_serial_node]: Serial error: [Errno 5] Input/output error
[decoded_serial_node-3] [ERROR] [1791264844.020944521] [bw_dr03_decoded_serial_node]: Serial error: [Errno 5] Input/output error
[decoded_serial_node-3] [ERROR] [1791264844.026236412] [bw_dr03_decoded_serial_node]: Serial error: [Errno 5] Input/output error
[decoded_serial_node-3] [ERROR] [1791264844.031483185] [bw_dr03_decoded_serial_node]: Serial error: [Errno 5] Input/output error
[decoded_serial_node-3] [ERROR] [1791264844.035926142] [bw_dr03_decoded_serial_node]: Serial error: [Errno 5] Input/output error
[decoded_serial_node-3] [ERROR] [1791264844.041241779] [bw_dr03_decoded_serial_node]: Serial error: [Errno 5] Input/output error
[decoded_serial_node-3] [ERROR] [1791264844.046211907] [bw_dr03_decoded_serial_node]: Serial error: [Errno 5] Input/output error
[decoded_serial_node-3] [ERROR] [1791264844.050916074] [bw_dr03_decoded_serial_node]: Serial error: [Errno 5] Input/output error
[decoded_serial_node-3] [ERROR] [1791264844.056395562] [bw_dr03_decoded_serial_node]: Serial error: [Errno 5] Input/output error
[decoded_serial_node-3] [ERROR] [1791264844.061195902] [bw_dr03_decoded_serial_node]: Serial error: [Errno 5] Input/output error
[decoded_serial_node-3] [ERROR] [1791264844.066209960] [bw_dr03_decoded_serial_node]: Serial error: [Errno 5] Input/output error
[decoded_serial_node-3] [ERROR] [1791264844.071409241] [bw_dr03_decoded_serial_node]: Serial error: [Errno 5] Input/output error
[decoded_serial_node-3] [ERROR] [1791264844.076409051] [bw_dr03_decoded_serial_node]: Serial error: [Errno 5] Input/output error
[decoded_serial_node-3] [ERROR] [1791264844.081482475] [bw_dr03_decoded_serial_node]: Serial error: [Errno 5] Input/output error
[decoded_serial_node-3] [ERROR] [1791264844.086217513] [bw_dr03_decoded_serial_node]: Serial error: [Errno 5] Input/output error
[decoded_serial_node-3] [ERROR] [1791264844.091296874] [bw_dr03_decoded_serial_node]: Serial error: [Errno 5] Input/output error
[decoded_serial_node-3] [ERROR] [1791264844.096521088] [bw_dr03_decoded_serial_node]: Serial error: [Errno 5] Input/output error
[decoded_serial_node-3] [ERROR] [1791264844.100933174] [bw_dr03_decoded_serial_node]: Serial error: [Errno 5] Input/output error
[decoded_serial_node-3] [ERROR] [1791264844.106481527] [bw_dr03_decoded_serial_node]: Serial error: [Errno 5] Input/output error
[decoded_serial_node-3] [ERROR] [1791264844.111774605] [bw_dr03_decoded_serial_node]: Serial error: [Errno 5] Input/output error
[decoded_serial_node-3] [ERROR] [1791264844.116758981] [bw_dr03_decoded_serial_node]: Serial error: [Errno 5] Input/output error
[decoded_serial_node-3] [ERROR] [1791264844.121383597] [bw_dr03_decoded_serial_node]: Serial error: [Errno 5] Input/output error
[decoded_serial_node-3] [ERROR] [1791264844.126496203] [bw_dr03_decoded_serial_node]: Serial error: [Errno 5] Input/output error
[decoded_serial_node-3] [ERROR] [1791264844.131650365] [bw_dr03_decoded_serial_node]: Serial error: [Errno 5] Input/output error
[decoded_serial_node-3] [ERROR] [1791264844.136200181] [bw_dr03_decoded_serial_node]: Serial error: [Errno 5] Input/output error
[decoded_serial_node-3] [ERROR] [1791264844.141633363] [bw_dr03_decoded_serial_node]: Serial error: [Errno 5] Input/output error
[decoded_serial_node-3] [ERROR] [1791264844.146829082] [bw_dr03_decoded_serial_node]: Serial error: [Errno 5] Input/output error
[decoded_serial_node-3] [ERROR] [1791264844.151673353] [bw_dr03_decoded_serial_node]: Serial error: [Errno 5] Input/output error
[decoded_serial_node-3] [ERROR] [1791264844.156629232] [bw_dr03_decoded_serial_node]: Serial error: [Errno 5] Input/output error
[decoded_serial_node-3] [ERROR] [1791264844.161199232] [bw_dr03_decoded_serial_node]: Serial error: [Errno 5] Input/output error
[decoded_serial_node-3] [ERROR] [1791264844.166447193] [bw_dr03_decoded_serial_node]: Serial error: [Errno 5] Input/output error
[decoded_serial_node-3] [ERROR] [1791264844.171380513] [bw_dr03_decoded_serial_node]: Serial error: [Errno 5] Input/output error
[decoded_serial_node-3] [ERROR] [1791264844.176476496] [bw_dr03_decoded_serial_node]: Serial error: [Errno 5] Input/output error
[decoded_serial_node-3] [ERROR] [1791264844.181226969] [bw_dr03_decoded_serial_node]: Serial error: [Errno 5] Input/output error
[decoded_serial_node-3] [ERROR] [1791264844.186204220] [bw_dr03_decoded_serial_node]: Serial error: [Errno 5] Input/output error
[decoded_serial_node-3] [ERROR] [1791264844.191234901] [bw_dr03_decoded_serial_node]: Serial error: [Errno 5] Input/output error
[decoded_serial_node-3] [ERROR] [1791264844.196480487] [bw_dr03_decoded_serial_node]: Serial error: [Errno 5] Input/output error
[decoded_serial_node-3] [ERROR] [1791264844.201165657] [bw_dr03_decoded_serial_node]: Serial error: [Errno 5] Input/output error
[decoded_serial_node-3] [ERROR] [1791264844.206208211] [bw_dr03_decoded_serial_node]: Serial error: [Errno 5] Input/output error
[decoded_serial_node-3] [ERROR] [1791264844.211473981] [bw_dr03_decoded_serial_node]: Serial error: [Errno 5] Input/output error
[decoded_serial_node-3] [ERROR] [1791264844.216218517] [bw_dr03_decoded_serial_node]: Serial error: [Errno 5] Input/output error
[decoded_serial_node-3] [ERROR] [1791264844.221483100] [bw_dr03_decoded_serial_node]: Serial error: [Errno 5] Input/output error
[decoded_serial_node-3] [ERROR] [1791264844.226587395] [bw_dr03_decoded_serial_node]: Serial error: [Errno 5] Input/output error
[decoded_serial_node-3] [ERROR] [1791264844.231485095] [bw_dr03_decoded_serial_node]: Serial error: [Errno 5] Input/output error
[decoded_serial_node-3] [ERROR] [1791264844.236188075] [bw_dr03_decoded_serial_node]: Serial error: [Errno 5] Input/output error
[decoded_serial_node-3] [ERROR] [1791264844.241249626] [bw_dr03_decoded_serial_node]: Serial error: [Errno 5] Input/output error
[decoded_serial_node-3] [ERROR] [1791264844.246504711] [bw_dr03_decoded_serial_node]: Serial error: [Errno 5] Input/output error
[decoded_serial_node-3] [ERROR] [1791264844.251409535] [bw_dr03_decoded_serial_node]: Serial error: [Errno 5] Input/output error
[decoded_serial_node-3] [ERROR] [1791264844.256386786] [bw_dr03_decoded_serial_node]: Serial error: [Errno 5] Input/output error
[decoded_serial_node-3] [ERROR] [1791264844.261852027] [bw_dr03_decoded_serial_node]: Serial error: [Errno 5] Input/output error
[decoded_serial_node-3] [ERROR] [1791264844.266462396] [bw_dr03_decoded_serial_node]: Serial error: [Errno 5] Input/output error
[decoded_serial_node-3] [ERROR] [1791264844.271490702] [bw_dr03_decoded_serial_node]: Serial error: [Errno 5] Input/output error
[decoded_serial_node-3] [ERROR] [1791264844.276653175] [bw_dr03_decoded_serial_node]: Serial error: [Errno 5] Input/output error
[decoded_serial_node-3] [ERROR] [1791264844.281211302] [bw_dr03_decoded_serial_node]: Serial error: [Errno 5] Input/output error
[decoded_serial_node-3] [ERROR] [1791264844.286187366] [bw_dr03_decoded_serial_node]: Serial error: [Errno 5] Input/output error
[decoded_serial_node-3] [ERROR] [1791264844.291432951] [bw_dr03_decoded_serial_node]: Serial error: [Errno 5] Input/output error
[decoded_serial_node-3] [ERROR] [1791264844.296458883] [bw_dr03_decoded_serial_node]: Serial error: [Errno 5] Input/output error
[follow_planner-6] [INFO] [1791264844.300250000] [follow_planner_node]: [IDLE] disabled | d=- goc=- | v=0.000 w=0.000 | thoang=-
[decoded_serial_node-3] [ERROR] [1791264844.300919649] [bw_dr03_decoded_serial_node]: Serial error: [Errno 5] Input/output error
[decoded_serial_node-3] [ERROR] [1791264844.306481062] [bw_dr03_decoded_serial_node]: Serial error: [Errno 5] Input/output error
[decoded_serial_node-3] [ERROR] [1791264844.311604354] [bw_dr03_decoded_serial_node]: Serial error: [Errno 5] Input/output error
[decoded_serial_node-3] [ERROR] [1791264844.316202850] [bw_dr03_decoded_serial_node]: Serial error: [Errno 5] Input/output error
[decoded_serial_node-3] [ERROR] [1791264844.322032598] [bw_dr03_decoded_serial_node]: Serial error: [Errno 5] Input/output error
[decoded_serial_node-3] [ERROR] [1791264844.326248776] [bw_dr03_decoded_serial_node]: Serial error: [Errno 5] Input/output error
[decoded_serial_node-3] [ERROR] [1791264844.331209405] [bw_dr03_decoded_serial_node]: Serial error: [Errno 5] Input/output error
[decoded_serial_node-3] [ERROR] [1791264844.335948004] [bw_dr03_decoded_serial_node]: Serial error: [Errno 5] Input/output error
[decoded_serial_node-3] [ERROR] [1791264844.340940691] [bw_dr03_decoded_serial_node]: Serial error: [Errno 5] Input/output error
[decoded_serial_node-3] [ERROR] [1791264844.345941688] [bw_dr03_decoded_serial_node]: Serial error: [Errno 5] Input/output error
[decoded_serial_node-3] [ERROR] [1791264844.350942686] [bw_dr03_decoded_serial_node]: Serial error: [Errno 5] Input/output error
[decoded_serial_node-3] [ERROR] [1791264844.355924686] [bw_dr03_decoded_serial_node]: Serial error: [Errno 5] Input/output error
[decoded_serial_node-3] [ERROR] [1791264844.361509846] [bw_dr03_decoded_serial_node]: Serial error: [Errno 5] Input/output error
[decoded_serial_node-3] [ERROR] [1791264844.366029978] [bw_dr03_decoded_serial_node]: Serial error: [Errno 5] Input/output error
[decoded_serial_node-3] [ERROR] [1791264844.370927679] [bw_dr03_decoded_serial_node]: Serial error: [Errno 5] Input/output error
[decoded_serial_node-3] [ERROR] [1791264844.376213634] [bw_dr03_decoded_serial_node]: Serial error: [Errno 5] Input/output error
[decoded_serial_node-3] [ERROR] [1791264844.380911864] [bw_dr03_decoded_serial_node]: Serial error: [Errno 5] Input/output error
[decoded_serial_node-3] [ERROR] [1791264844.385929485] [bw_dr03_decoded_serial_node]: Serial error: [Errno 5] Input/output error
[decoded_serial_node-3] [ERROR] [1791264844.391000534] [bw_dr03_decoded_serial_node]: Serial error: [Errno 5] Input/output error
[decoded_serial_node-3] [ERROR] [1791264844.396515642] [bw_dr03_decoded_serial_node]: Serial error: [Errno 5] Input/output error
[decoded_serial_node-3] [ERROR] [1791264844.400921792] [bw_dr03_decoded_serial_node]: Serial error: [Errno 5] Input/output error
[decoded_serial_node-3] [ERROR] [1791264844.405991654] [bw_dr03_decoded_serial_node]: Serial error: [Errno 5] Input/output error
[decoded_serial_node-3] [ERROR] [1791264844.411211119] [bw_dr03_decoded_serial_node]: Serial error: [Errno 5] Input/output error
[decoded_serial_node-3] [ERROR] [1791264844.415937845] [bw_dr03_decoded_serial_node]: Serial error: [Errno 5] Input/output error
[decoded_serial_node-3] [ERROR] [1791264844.420937655] [bw_dr03_decoded_serial_node]: Serial error: [Errno 5] Input/output error
[decoded_serial_node-3] [ERROR] [1791264844.425956463] [bw_dr03_decoded_serial_node]: Serial error: [Errno 5] Input/output error
[decoded_serial_node-3] [ERROR] [1791264844.431202048] [bw_dr03_decoded_serial_node]: Serial error: [Errno 5] Input/output error
[decoded_serial_node-3] [ERROR] [1791264844.435928775] [bw_dr03_decoded_serial_node]: Serial error: [Errno 5] Input/output error
[decoded_serial_node-3] [ERROR] [1791264844.440933334] [bw_dr03_decoded_serial_node]: Serial error: [Errno 5] Input/output error
[decoded_serial_node-3] [ERROR] [1791264844.445958078] [bw_dr03_decoded_serial_node]: Serial error: [Errno 5] Input/output error
[decoded_serial_node-3] [ERROR] [1791264844.451007756] [bw_dr03_decoded_serial_node]: Serial error: [Errno 5] Input/output error
[decoded_serial_node-3] [ERROR] [1791264844.456006379] [bw_dr03_decoded_serial_node]: Serial error: [Errno 5] Input/output error
[decoded_serial_node-3] [ERROR] [1791264844.460938512] [bw_dr03_decoded_serial_node]: Serial error: [Errno 5] Input/output error
[decoded_serial_node-3] [ERROR] [1791264844.466231591] [bw_dr03_decoded_serial_node]: Serial error: [Errno 5] Input/output error
[decoded_serial_node-3] [ERROR] [1791264844.470920323] [bw_dr03_decoded_serial_node]: Serial error: [Errno 5] Input/output error
[decoded_serial_node-3] [ERROR] [1791264844.475918946] [bw_dr03_decoded_serial_node]: Serial error: [Errno 5] Input/output error
[decoded_serial_node-3] [ERROR] [1791264844.480942503] [bw_dr03_decoded_serial_node]: Serial error: [Errno 5] Input/output error
[decoded_serial_node-3] [ERROR] [1791264844.486572781] [bw_dr03_decoded_serial_node]: Serial error: [Errno 5] Input/output error
[decoded_serial_node-3] [ERROR] [1791264844.490933812] [bw_dr03_decoded_serial_node]: Serial error: [Errno 5] Input/output error
[decoded_serial_node-3] [ERROR] [1791264844.496764747] [bw_dr03_decoded_serial_node]: Serial error: [Errno 5] Input/output error
[decoded_serial_node-3] [ERROR] [1791264844.500926309] [bw_dr03_decoded_serial_node]: Serial error: [Errno 5] Input/output error
[decoded_serial_node-3] [ERROR] [1791264844.506161209] [bw_dr03_decoded_serial_node]: Serial error: [Errno 5] Input/output error
[decoded_serial_node-3] [ERROR] [1791264844.511501780] [bw_dr03_decoded_serial_node]: Serial error: [Errno 5] Input/output error
[decoded_serial_node-3] [ERROR] [1791264844.516194074] [bw_dr03_decoded_serial_node]: Serial error: [Errno 5] Input/output error
[decoded_serial_node-3] [ERROR] [1791264844.521553643] [bw_dr03_decoded_serial_node]: Serial error: [Errno 5] Input/output error
[decoded_serial_node-3] [ERROR] [1791264844.526478652] [bw_dr03_decoded_serial_node]: Serial error: [Errno 5] Input/output error
[decoded_serial_node-3] [ERROR] [1791264844.532043627] [bw_dr03_decoded_serial_node]: Serial error: [Errno 5] Input/output error
[decoded_serial_node-3] [ERROR] [1791264844.536302549] [bw_dr03_decoded_serial_node]: Serial error: [Errno 5] Input/output error
[decoded_serial_node-3] [ERROR] [1791264844.541126636] [bw_dr03_decoded_serial_node]: Serial error: [Errno 5] Input/output error
[decoded_serial_node-3] [ERROR] [1791264844.546437524] [bw_dr03_decoded_serial_node]: Serial error: [Errno 5] Input/output error
[decoded_serial_node-3] [ERROR] [1791264844.551380343] [bw_dr03_decoded_serial_node]: Serial error: [Errno 5] Input/output error
[decoded_serial_node-3] [ERROR] [1791264844.556648488] [bw_dr03_decoded_serial_node]: Serial error: [Errno 5] Input/output error
[decoded_serial_node-3] [ERROR] [1791264844.561222050] [bw_dr03_decoded_serial_node]: Serial error: [Errno 5] Input/output error
[decoded_serial_node-3] [ERROR] [1791264844.566415394] [bw_dr03_decoded_serial_node]: Serial error: [Errno 5] Input/output error
[decoded_serial_node-3] [ERROR] [1791264844.571289348] [bw_dr03_decoded_serial_node]: Serial error: [Errno 5] Input/output error
[decoded_serial_node-3] [ERROR] [1791264844.576694035] [bw_dr03_decoded_serial_node]: Serial error: [Errno 5] Input/output error
[decoded_serial_node-3] [ERROR] [1791264844.581478940] [bw_dr03_decoded_serial_node]: Serial error: [Errno 5] Input/output error
[decoded_serial_node-3] [ERROR] [1791264844.586291153] [bw_dr03_decoded_serial_node]: Serial error: [Errno 5] Input/output error
[decoded_serial_node-3] [ERROR] [1791264844.591204289] [bw_dr03_decoded_serial_node]: Serial error: [Errno 5] Input/output error
[decoded_serial_node-3] [ERROR] [1791264844.595988007] [bw_dr03_decoded_serial_node]: Serial error: [Errno 5] Input/output error
[decoded_serial_node-3] [ERROR] [1791264844.600921327] [bw_dr03_decoded_serial_node]: Serial error: [Errno 5] Input/output error
[decoded_serial_node-3] [ERROR] [1791264844.605998313] [bw_dr03_decoded_serial_node]: Serial error: [Errno 5] Input/output error
[decoded_serial_node-3] [ERROR] [1791264844.611486113] [bw_dr03_decoded_serial_node]: Serial error: [Errno 5] Input/output error
[decoded_serial_node-3] [ERROR] [1791264844.615949254] [bw_dr03_decoded_serial_node]: Serial error: [Errno 5] Input/output error
[decoded_serial_node-3] [ERROR] [1791264844.620956188] [bw_dr03_decoded_serial_node]: Serial error: [Errno 5] Input/output error
[decoded_serial_node-3] [ERROR] [1791264844.626297947] [bw_dr03_decoded_serial_node]: Serial error: [Errno 5] Input/output error
[decoded_serial_node-3] [ERROR] [1791264844.630919002] [bw_dr03_decoded_serial_node]: Serial error: [Errno 5] Input/output error
[decoded_serial_node-3] [ERROR] [1791264844.636041106] [bw_dr03_decoded_serial_node]: Serial error: [Errno 5] Input/output error
[decoded_serial_node-3] [ERROR] [1791264844.640949493] [bw_dr03_decoded_serial_node]: Serial error: [Errno 5] Input/output error
[decoded_serial_node-3] [ERROR] [1791264844.645938617] [bw_dr03_decoded_serial_node]: Serial error: [Errno 5] Input/output error
[decoded_serial_node-3] [ERROR] [1791264844.650914681] [bw_dr03_decoded_serial_node]: Serial error: [Errno 5] Input/output error
[decoded_serial_node-3] [ERROR] [1791264844.655935863] [bw_dr03_decoded_serial_node]: Serial error: [Errno 5] Input/output error
[decoded_serial_node-3] [ERROR] [1791264844.660938048] [bw_dr03_decoded_serial_node]: Serial error: [Errno 5] Input/output error
[decoded_serial_node-3] [ERROR] [1791264844.665929547] [bw_dr03_decoded_serial_node]: Serial error: [Errno 5] Input/output error
[decoded_serial_node-3] [ERROR] [1791264844.671012470] [bw_dr03_decoded_serial_node]: Serial error: [Errno 5] Input/output error
[decoded_serial_node-3] [ERROR] [1791264844.675925606] [bw_dr03_decoded_serial_node]: Serial error: [Errno 5] Input/output error
[decoded_serial_node-3] [ERROR] [1791264844.681384909] [bw_dr03_decoded_serial_node]: Serial error: [Errno 5] Input/output error
[decoded_serial_node-3] [ERROR] [1791264844.685991716] [bw_dr03_decoded_serial_node]: Serial error: [Errno 5] Input/output error
[decoded_serial_node-3] [ERROR] [1791264844.690957094] [bw_dr03_decoded_serial_node]: Serial error: [Errno 5] Input/output error
[decoded_serial_node-3] [ERROR] [1791264844.695947406] [bw_dr03_decoded_serial_node]: Serial error: [Errno 5] Input/output error
[decoded_serial_node-3] [ERROR] [1791264844.701172807] [bw_dr03_decoded_serial_node]: Serial error: [Errno 5] Input/output error
[decoded_serial_node-3] [ERROR] [1791264844.705916156] [bw_dr03_decoded_serial_node]: Serial error: [Errno 5] Input/output error
[decoded_serial_node-3] [ERROR] [1791264844.711002641] [bw_dr03_decoded_serial_node]: Serial error: [Errno 5] Input/output error
[decoded_serial_node-3] [ERROR] [1791264844.715888468] [bw_dr03_decoded_serial_node]: Serial error: [Errno 5] Input/output error
[decoded_serial_node-3] [ERROR] [1791264844.720950019] [bw_dr03_decoded_serial_node]: Serial error: [Errno 5] Input/output error
[decoded_serial_node-3] [ERROR] [1791264844.725920146] [bw_dr03_decoded_serial_node]: Serial error: [Errno 5] Input/output error
[decoded_serial_node-3] [ERROR] [1791264844.731638286] [bw_dr03_decoded_serial_node]: Serial error: [Errno 5] Input/output error
[decoded_serial_node-3] [ERROR] [1791264844.736562108] [bw_dr03_decoded_serial_node]: Serial error: [Errno 5] Input/output error
[decoded_serial_node-3] [ERROR] [1791264844.740965883] [bw_dr03_decoded_serial_node]: Serial error: [Errno 5] Input/output error
[decoded_serial_node-3] [ERROR] [1791264844.745920575] [bw_dr03_decoded_serial_node]: Serial error: [Errno 5] Input/output error
[decoded_serial_node-3] [ERROR] [1791264844.751238587] [bw_dr03_decoded_serial_node]: Serial error: [Errno 5] Input/output error
[decoded_serial_node-3] [ERROR] [1791264844.756037740] [bw_dr03_decoded_serial_node]: Serial error: [Errno 5] Input/output error
[decoded_serial_node-3] [ERROR] [1791264844.760999556] [bw_dr03_decoded_serial_node]: Serial error: [Errno 5] Input/output error
[decoded_serial_node-3] [ERROR] [1791264844.766030237] [bw_dr03_decoded_serial_node]: Serial error: [Errno 5] Input/output error
[decoded_serial_node-3] [ERROR] [1791264844.771533472] [bw_dr03_decoded_serial_node]: Serial error: [Errno 5] Input/output error
[decoded_serial_node-3] [ERROR] [1791264844.775976428] [bw_dr03_decoded_serial_node]: Serial error: [Errno 5] Input/output error
[decoded_serial_node-3] [ERROR] [1791264844.780923996] [bw_dr03_decoded_serial_node]: Serial error: [Errno 5] Input/output error
[decoded_serial_node-3] [ERROR] [1791264844.786087657] [bw_dr03_decoded_serial_node]: Serial error: [Errno 5] Input/output error
[decoded_serial_node-3] [ERROR] [1791264844.790912931] [bw_dr03_decoded_serial_node]: Serial error: [Errno 5] Input/output error
[decoded_serial_node-3] [ERROR] [1791264844.795936488] [bw_dr03_decoded_serial_node]: Serial error: [Errno 5] Input/output error
[decoded_serial_node-3] [ERROR] [1791264844.800932736] [bw_dr03_decoded_serial_node]: Serial error: [Errno 5] Input/output error
[decoded_serial_node-3] [ERROR] [1791264844.805943232] [bw_dr03_decoded_serial_node]: Serial error: [Errno 5] Input/output error
[decoded_serial_node-3] [ERROR] [1791264844.810913360] [bw_dr03_decoded_serial_node]: Serial error: [Errno 5] Input/output error
[decoded_serial_node-3] [ERROR] [1791264844.815941666] [bw_dr03_decoded_serial_node]: Serial error: [Errno 5] Input/output error
[decoded_serial_node-3] [ERROR] [1791264844.821651494] [bw_dr03_decoded_serial_node]: Serial error: [Errno 5] Input/output error
[decoded_serial_node-3] [ERROR] [1791264844.825911603] [bw_dr03_decoded_serial_node]: Serial error: [Errno 5] Input/output error
[decoded_serial_node-3] [ERROR] [1791264844.830904289] [bw_dr03_decoded_serial_node]: Serial error: [Errno 5] Input/output error
[decoded_serial_node-3] [ERROR] [1791264844.835962278] [bw_dr03_decoded_serial_node]: Serial error: [Errno 5] Input/output error
[decoded_serial_node-3] [ERROR] [1791264844.841201928] [bw_dr03_decoded_serial_node]: Serial error: [Errno 5] Input/output error
[decoded_serial_node-3] [ERROR] [1791264844.845922717] [bw_dr03_decoded_serial_node]: Serial error: [Errno 5] Input/output error
[decoded_serial_node-3] [ERROR] [1791264844.850913029] [bw_dr03_decoded_serial_node]: Serial error: [Errno 5] Input/output error
[decoded_serial_node-3] [ERROR] [1791264844.856208482] [bw_dr03_decoded_serial_node]: Serial error: [Errno 5] Input/output error
[decoded_serial_node-3] [ERROR] [1791264844.862437170] [bw_dr03_decoded_serial_node]: Serial error: [Errno 5] Input/output error
[decoded_serial_node-3] [ERROR] [1791264844.865907711] [bw_dr03_decoded_serial_node]: Serial error: [Errno 5] Input/output error
[decoded_serial_node-3] [ERROR] [1791264844.871026253] [bw_dr03_decoded_serial_node]: Serial error: [Errno 5] Input/output error
[decoded_serial_node-3] [ERROR] [1791264844.875994006] [bw_dr03_decoded_serial_node]: Serial error: [Errno 5] Input/output error
[decoded_serial_node-3] [ERROR] [1791264844.880938012] [bw_dr03_decoded_serial_node]: Serial error: [Errno 5] Input/output error
[decoded_serial_node-3] [ERROR] [1791264844.885910514] [bw_dr03_decoded_serial_node]: Serial error: [Errno 5] Input/output error
[decoded_serial_node-3] [ERROR] [1791264844.891236838] [bw_dr03_decoded_serial_node]: Serial error: [Errno 5] Input/output error
[decoded_serial_node-3] [ERROR] [1791264844.896775692] [bw_dr03_decoded_serial_node]: Serial error: [Errno 5] Input/output error
[decoded_serial_node-3] [ERROR] [1791264844.900955063] [bw_dr03_decoded_serial_node]: Serial error: [Errno 5] Input/output error
[decoded_serial_node-3] [ERROR] [1791264844.905906193] [bw_dr03_decoded_serial_node]: Serial error: [Errno 5] Input/output error
[decoded_serial_node-3] [ERROR] [1791264844.911540033] [bw_dr03_decoded_serial_node]: Serial error: [Errno 5] Input/output error
[decoded_serial_node-3] [ERROR] [1791264844.916702506] [bw_dr03_decoded_serial_node]: Serial error: [Errno 5] Input/output error
[decoded_serial_node-3] [ERROR] [1791264844.921485037] [bw_dr03_decoded_serial_node]: Serial error: [Errno 5] Input/output error
[decoded_serial_node-3] [ERROR] [1791264844.925952927] [bw_dr03_decoded_serial_node]: Serial error: [Errno 5] Input/output error
[decoded_serial_node-3] [ERROR] [1791264844.930947988] [bw_dr03_decoded_serial_node]: Serial error: [Errno 5] Input/output error
[decoded_serial_node-3] [ERROR] [1791264844.935914553] [bw_dr03_decoded_serial_node]: Serial error: [Errno 5] Input/output error
[decoded_serial_node-3] [ERROR] [1791264844.940922675] [bw_dr03_decoded_serial_node]: Serial error: [Errno 5] Input/output error
[decoded_serial_node-3] [ERROR] [1791264844.946013909] [bw_dr03_decoded_serial_node]: Serial error: [Errno 5] Input/output error
[decoded_serial_node-3] [ERROR] [1791264844.950922296] [bw_dr03_decoded_serial_node]: Serial error: [Errno 5] Input/output error
[decoded_serial_node-3] [ERROR] [1791264844.956964574] [bw_dr03_decoded_serial_node]: Serial error: [Errno 5] Input/output error
[decoded_serial_node-3] [ERROR] [1791264844.960934977] [bw_dr03_decoded_serial_node]: Serial error: [Errno 5] Input/output error
[decoded_serial_node-3] [ERROR] [1791264844.965949035] [bw_dr03_decoded_serial_node]: Serial error: [Errno 5] Input/output error
[decoded_serial_node-3] [ERROR] [1791264844.971445145] [bw_dr03_decoded_serial_node]: Serial error: [Errno 5] Input/output error
[decoded_serial_node-3] [ERROR] [1791264844.975958154] [bw_dr03_decoded_serial_node]: Serial error: [Errno 5] Input/output error
[decoded_serial_node-3] [ERROR] [1791264844.981296351] [bw_dr03_decoded_serial_node]: Serial error: [Errno 5] Input/output error
[decoded_serial_node-3] [ERROR] [1791264844.987394433] [bw_dr03_decoded_serial_node]: Serial error: [Errno 5] Input/output error
[decoded_serial_node-3] [ERROR] [1791264844.991092940] [bw_dr03_decoded_serial_node]: Serial error: [Errno 5] Input/output error
[decoded_serial_node-3] [ERROR] [1791264844.995947897] [bw_dr03_decoded_serial_node]: Serial error: [Errno 5] Input/output error
[decoded_serial_node-3] [ERROR] [1791264845.001452318] [bw_dr03_decoded_serial_node]: Serial error: [Errno 5] Input/output error
[decoded_serial_node-3] [ERROR] [1791264845.005908335] [bw_dr03_decoded_serial_node]: Serial error: [Errno 5] Input/output error
[decoded_serial_node-3] [ERROR] [1791264845.010946140] [bw_dr03_decoded_serial_node]: Serial error: [Errno 5] Input/output error
[decoded_serial_node-3] [ERROR] [1791264845.016266527] [bw_dr03_decoded_serial_node]: Serial error: [Errno 5] Input/output error
[decoded_serial_node-3] [ERROR] [1791264845.021708021] [bw_dr03_decoded_serial_node]: Serial error: [Errno 5] Input/output error
[decoded_serial_node-3] [ERROR] [1791264845.026020372] [bw_dr03_decoded_serial_node]: Serial error: [Errno 5] Input/output error
[decoded_serial_node-3] [ERROR] [1791264845.030953692] [bw_dr03_decoded_serial_node]: Serial error: [Errno 5] Input/output error
[decoded_serial_node-3] [ERROR] [1791264845.035932131] [bw_dr03_decoded_serial_node]: Serial error: [Errno 5] Input/output error
[decoded_serial_node-3] [ERROR] [1791264845.041017428] [bw_dr03_decoded_serial_node]: Serial error: [Errno 5] Input/output error
[decoded_serial_node-3] [ERROR] [1791264845.045921065] [bw_dr03_decoded_serial_node]: Serial error: [Errno 5] Input/output error
[decoded_serial_node-3] [ERROR] [1791264845.051020610] [bw_dr03_decoded_serial_node]: Serial error: [Errno 5] Input/output error
[decoded_serial_node-3] [ERROR] [1791264845.056008547] [bw_dr03_decoded_serial_node]: Serial error: [Errno 5] Input/output error
[decoded_serial_node-3] [ERROR] [1791264845.061528404] [bw_dr03_decoded_serial_node]: Serial error: [Errno 5] Input/output error
[decoded_serial_node-3] [ERROR] [1791264845.065917931] [bw_dr03_decoded_serial_node]: Serial error: [Errno 5] Input/output error
[decoded_serial_node-3] [ERROR] [1791264845.070948612] [bw_dr03_decoded_serial_node]: Serial error: [Errno 5] Input/output error
[decoded_serial_node-3] [ERROR] [1791264845.075910428] [bw_dr03_decoded_serial_node]: Serial error: [Errno 5] Input/output error
[decoded_serial_node-3] [ERROR] [1791264845.080931610] [bw_dr03_decoded_serial_node]: Serial error: [Errno 5] Input/output error
[decoded_serial_node-3] [ERROR] [1791264845.085989599] [bw_dr03_decoded_serial_node]: Serial error: [Errno 5] Input/output error
[decoded_serial_node-3] [ERROR] [1791264845.091292176] [bw_dr03_decoded_serial_node]: Serial error: [Errno 5] Input/output error
[decoded_serial_node-3] [ERROR] [1791264845.095954787] [bw_dr03_decoded_serial_node]: Serial error: [Errno 5] Input/output error
[decoded_serial_node-3] [ERROR] [1791264845.100922540] [bw_dr03_decoded_serial_node]: Serial error: [Errno 5] Input/output error
[decoded_serial_node-3] [ERROR] [1791264845.105942534] [bw_dr03_decoded_serial_node]: Serial error: [Errno 5] Input/output error
[decoded_serial_node-3] [ERROR] [1791264845.110938782] [bw_dr03_decoded_serial_node]: Serial error: [Errno 5] Input/output error
[decoded_serial_node-3] [ERROR] [1791264845.116032391] [bw_dr03_decoded_serial_node]: Serial error: [Errno 5] Input/output error
[decoded_serial_node-3] [ERROR] [1791264845.120918218] [bw_dr03_decoded_serial_node]: Serial error: [Errno 5] Input/output error
[decoded_serial_node-3] [ERROR] [1791264845.125916841] [bw_dr03_decoded_serial_node]: Serial error: [Errno 5] Input/output error
[decoded_serial_node-3] [ERROR] [1791264845.130932087] [bw_dr03_decoded_serial_node]: Serial error: [Errno 5] Input/output error
[decoded_serial_node-3] [ERROR] [1791264845.135953269] [bw_dr03_decoded_serial_node]: Serial error: [Errno 5] Input/output error
[decoded_serial_node-3] [ERROR] [1791264845.141285529] [bw_dr03_decoded_serial_node]: Serial error: [Errno 5] Input/output error
[decoded_serial_node-3] [ERROR] [1791264845.145936267] [bw_dr03_decoded_serial_node]: Serial error: [Errno 5] Input/output error
[decoded_serial_node-3] [ERROR] [1791264845.150950325] [bw_dr03_decoded_serial_node]: Serial error: [Errno 5] Input/output error
[decoded_serial_node-3] [ERROR] [1791264845.155940636] [bw_dr03_decoded_serial_node]: Serial error: [Errno 5] Input/output error
[decoded_serial_node-3] [ERROR] [1791264845.161492551] [bw_dr03_decoded_serial_node]: Serial error: [Errno 5] Input/output error
[decoded_serial_node-3] [ERROR] [1791264845.166311888] [bw_dr03_decoded_serial_node]: Serial error: [Errno 5] Input/output error
[decoded_serial_node-3] [ERROR] [1791264845.171190592] [bw_dr03_decoded_serial_node]: Serial error: [Errno 5] Input/output error
[decoded_serial_node-3] [ERROR] [1791264845.176969285] [bw_dr03_decoded_serial_node]: Serial error: [Errno 5] Input/output error
[decoded_serial_node-3] [ERROR] [1791264845.181682951] [bw_dr03_decoded_serial_node]: Serial error: [Errno 5] Input/output error
[decoded_serial_node-3] [ERROR] [1791264845.186470230] [bw_dr03_decoded_serial_node]: Serial error: [Errno 5] Input/output error
[decoded_serial_node-3] [ERROR] [1791264845.191004611] [bw_dr03_decoded_serial_node]: Serial error: [Errno 5] Input/output error
[decoded_serial_node-3] [ERROR] [1791264845.196214577] [bw_dr03_decoded_serial_node]: Serial error: [Errno 5] Input/output error
[decoded_serial_node-3] [ERROR] [1791264845.200962675] [bw_dr03_decoded_serial_node]: Serial error: [Errno 5] Input/output error
[decoded_serial_node-3] [ERROR] [1791264845.206057471] [bw_dr03_decoded_serial_node]: Serial error: [Errno 5] Input/output error
[decoded_serial_node-3] [ERROR] [1791264845.210997915] [bw_dr03_decoded_serial_node]: Serial error: [Errno 5] Input/output error
[decoded_serial_node-3] [ERROR] [1791264845.215922924] [bw_dr03_decoded_serial_node]: Serial error: [Errno 5] Input/output error
[decoded_serial_node-3] [ERROR] [1791264845.220946481] [bw_dr03_decoded_serial_node]: Serial error: [Errno 5] Input/output error
[decoded_serial_node-3] [ERROR] [1791264845.225958164] [bw_dr03_decoded_serial_node]: Serial error: [Errno 5] Input/output error
[decoded_serial_node-3] [ERROR] [1791264845.230993594] [bw_dr03_decoded_serial_node]: Serial error: [Errno 5] Input/output error
[decoded_serial_node-3] [ERROR] [1791264845.236005277] [bw_dr03_decoded_serial_node]: Serial error: [Errno 5] Input/output error
[decoded_serial_node-3] [ERROR] [1791264845.240961157] [bw_dr03_decoded_serial_node]: Serial error: [Errno 5] Input/output error
[decoded_serial_node-3] [ERROR] [1791264845.245911099] [bw_dr03_decoded_serial_node]: Serial error: [Errno 5] Input/output error
[decoded_serial_node-3] [ERROR] [1791264845.251497446] [bw_dr03_decoded_serial_node]: Serial error: [Errno 5] Input/output error
[decoded_serial_node-3] [ERROR] [1791264845.256012829] [bw_dr03_decoded_serial_node]: Serial error: [Errno 5] Input/output error
[decoded_serial_node-3] [ERROR] [1791264845.261488755] [bw_dr03_decoded_serial_node]: Serial error: [Errno 5] Input/output error
[decoded_serial_node-3] [ERROR] [1791264845.265928150] [bw_dr03_decoded_serial_node]: Serial error: [Errno 5] Input/output error
[decoded_serial_node-3] [ERROR] [1791264845.270922024] [bw_dr03_decoded_serial_node]: Serial error: [Errno 5] Input/output error
[decoded_serial_node-3] [ERROR] [1791264845.275953892] [bw_dr03_decoded_serial_node]: Serial error: [Errno 5] Input/output error
[decoded_serial_node-3] [ERROR] [1791264845.281157921] [bw_dr03_decoded_serial_node]: Serial error: [Errno 5] Input/output error
[decoded_serial_node-3] [ERROR] [1791264845.286424879] [bw_dr03_decoded_serial_node]: Serial error: [Errno 5] Input/output error
[decoded_serial_node-3] [ERROR] [1791264845.291275086] [bw_dr03_decoded_serial_node]: Serial error: [Errno 5] Input/output error
[decoded_serial_node-3] [ERROR] [1791264845.295997063] [bw_dr03_decoded_serial_node]: Serial error: [Errno 5] Input/output error
[decoded_serial_node-3] [ERROR] [1791264845.301139352] [bw_dr03_decoded_serial_node]: Serial error: [Errno 5] Input/output error
[decoded_serial_node-3] [ERROR] [1791264845.306667520] [bw_dr03_decoded_serial_node]: Serial error: [Errno 5] Input/output error
[decoded_serial_node-3] [ERROR] [1791264845.311872737] [bw_dr03_decoded_serial_node]: Serial error: [Errno 5] Input/output error
[decoded_serial_node-3] [ERROR] [1791264845.315932189] [bw_dr03_decoded_serial_node]: Serial error: [Errno 5] Input/output error
[decoded_serial_node-3] [ERROR] [1791264845.321510225] [bw_dr03_decoded_serial_node]: Serial error: [Errno 5] Input/output error
[decoded_serial_node-3] [ERROR] [1791264845.326221516] [bw_dr03_decoded_serial_node]: Serial error: [Errno 5] Input/output error
[decoded_serial_node-3] [ERROR] [1791264845.331628577] [bw_dr03_decoded_serial_node]: Serial error: [Errno 5] Input/output error
[decoded_serial_node-3] [ERROR] [1791264845.336662820] [bw_dr03_decoded_serial_node]: Serial error: [Errno 5] Input/output error
[decoded_serial_node-3] [ERROR] [1791264845.341248255] [bw_dr03_decoded_serial_node]: Serial error: [Errno 5] Input/output error
[decoded_serial_node-3] [ERROR] [1791264845.346506901] [bw_dr03_decoded_serial_node]: Serial error: [Errno 5] Input/output error
[decoded_serial_node-3] [ERROR] [1791264845.351173074] [bw_dr03_decoded_serial_node]: Serial error: [Errno 5] Input/output error
[decoded_serial_node-3] [ERROR] [1791264845.355906924] [bw_dr03_decoded_serial_node]: Serial error: [Errno 5] Input/output error
[decoded_serial_node-3] [ERROR] [1791264845.360936417] [bw_dr03_decoded_serial_node]: Serial error: [Errno 5] Input/output error
[decoded_serial_node-3] [ERROR] [1791264845.366452712] [bw_dr03_decoded_serial_node]: Serial error: [Errno 5] Input/output error
[follow_planner-6] [INFO] [1791264845.367032125] [follow_planner_node]: [IDLE] disabled | d=- goc=- | v=0.000 w=0.000 | thoang=-
[decoded_serial_node-3] [ERROR] [1791264845.371261364] [bw_dr03_decoded_serial_node]: Serial error: [Errno 5] Input/output error
[decoded_serial_node-3] [ERROR] [1791264845.376429774] [bw_dr03_decoded_serial_node]: Serial error: [Errno 5] Input/output error
[decoded_serial_node-3] [ERROR] [1791264845.381341722] [bw_dr03_decoded_serial_node]: Serial error: [Errno 5] Input/output error
[decoded_serial_node-3] [ERROR] [1791264845.386501821] [bw_dr03_decoded_serial_node]: Serial error: [Errno 5] Input/output error
[decoded_serial_node-3] [ERROR] [1791264845.391774715] [bw_dr03_decoded_serial_node]: Serial error: [Errno 5] Input/output error
[decoded_serial_node-3] [ERROR] [1791264845.396197487] [bw_dr03_decoded_serial_node]: Serial error: [Errno 5] Input/output error
[decoded_serial_node-3] [ERROR] [1791264845.401490566] [bw_dr03_decoded_serial_node]: Serial error: [Errno 5] Input/output error
[decoded_serial_node-3] [ERROR] [1791264845.406182860] [bw_dr03_decoded_serial_node]: Serial error: [Errno 5] Input/output error
[decoded_serial_node-3] [ERROR] [1791264845.411937806] [bw_dr03_decoded_serial_node]: Serial error: [Errno 5] Input/output error
[decoded_serial_node-3] [ERROR] [1791264845.416212163] [bw_dr03_decoded_serial_node]: Serial error: [Errno 5] Input/output error
[decoded_serial_node-3] [ERROR] [1791264845.421234532] [bw_dr03_decoded_serial_node]: Serial error: [Errno 5] Input/output error
[decoded_serial_node-3] [ERROR] [1791264845.426288959] [bw_dr03_decoded_serial_node]: Serial error: [Errno 5] Input/output error
[decoded_serial_node-3] [ERROR] [1791264845.431880056] [bw_dr03_decoded_serial_node]: Serial error: [Errno 5] Input/output error
[decoded_serial_node-3] [ERROR] [1791264845.435928821] [bw_dr03_decoded_serial_node]: Serial error: [Errno 5] Input/output error
[decoded_serial_node-3] [ERROR] [1791264845.441052113] [bw_dr03_decoded_serial_node]: Serial error: [Errno 5] Input/output error
[decoded_serial_node-3] [ERROR] [1791264845.446363002] [bw_dr03_decoded_serial_node]: Serial error: [Errno 5] Input/output error
[decoded_serial_node-3] [ERROR] [1791264845.450914004] [bw_dr03_decoded_serial_node]: Serial error: [Errno 5] Input/output error
[decoded_serial_node-3] [ERROR] [1791264845.455950621] [bw_dr03_decoded_serial_node]: Serial error: [Errno 5] Input/output error
[decoded_serial_node-3] [ERROR] [1791264845.461267446] [bw_dr03_decoded_serial_node]: Serial error: [Errno 5] Input/output error
[decoded_serial_node-3] [ERROR] [1791264845.465956179] [bw_dr03_decoded_serial_node]: Serial error: [Errno 5] Input/output error
[decoded_serial_node-3] [ERROR] [1791264845.471034352] [bw_dr03_decoded_serial_node]: Serial error: [Errno 5] Input/output error
[decoded_serial_node-3] [ERROR] [1791264845.475947488] [bw_dr03_decoded_serial_node]: Serial error: [Errno 5] Input/output error
[decoded_serial_node-3] [ERROR] [1791264845.481214445] [bw_dr03_decoded_serial_node]: Serial error: [Errno 5] Input/output error
[decoded_serial_node-3] [ERROR] [1791264845.486661876] [bw_dr03_decoded_serial_node]: Serial error: [Errno 5] Input/output error
[decoded_serial_node-3] [ERROR] [1791264845.491216440] [bw_dr03_decoded_serial_node]: Serial error: [Errno 5] Input/output error
[decoded_serial_node-3] [ERROR] [1791264845.496219813] [bw_dr03_decoded_serial_node]: Serial error: [Errno 5] Input/output error
[decoded_serial_node-3] [ERROR] [1791264845.501178066] [bw_dr03_decoded_serial_node]: Serial error: [Errno 5] Input/output error
[decoded_serial_node-3] [ERROR] [1791264845.506497266] [bw_dr03_decoded_serial_node]: Serial error: [Errno 5] Input/output error
[decoded_serial_node-3] [ERROR] [1791264845.511185998] [bw_dr03_decoded_serial_node]: Serial error: [Errno 5] Input/output error
[decoded_serial_node-3] [ERROR] [1791264845.516196494] [bw_dr03_decoded_serial_node]: Serial error: [Errno 5] Input/output error
[decoded_serial_node-3] [ERROR] [1791264845.521415959] [bw_dr03_decoded_serial_node]: Serial error: [Errno 5] Input/output error
[decoded_serial_node-3] [ERROR] [1791264845.526754156] [bw_dr03_decoded_serial_node]: Serial error: [Errno 5] Input/output error
[decoded_serial_node-3] [ERROR] [1791264845.531014265] [bw_dr03_decoded_serial_node]: Serial error: [Errno 5] Input/output error
[decoded_serial_node-3] [ERROR] [1791264845.536462882] [bw_dr03_decoded_serial_node]: Serial error: [Errno 5] Input/output error
[decoded_serial_node-3] [ERROR] [1791264845.541216917] [bw_dr03_decoded_serial_node]: Serial error: [Errno 5] Input/output error
[decoded_serial_node-3] [ERROR] [1791264845.546607356] [bw_dr03_decoded_serial_node]: Serial error: [Errno 5] Input/output error
[decoded_serial_node-3] [ERROR] [1791264845.550963638] [bw_dr03_decoded_serial_node]: Serial error: [Errno 5] Input/output error
[decoded_serial_node-3] [ERROR] [1791264845.556565420] [bw_dr03_decoded_serial_node]: Serial error: [Errno 5] Input/output error
[decoded_serial_node-3] [ERROR] [1791264845.561204285] [bw_dr03_decoded_serial_node]: Serial error: [Errno 5] Input/output error
[decoded_serial_node-3] [ERROR] [1791264845.566297893] [bw_dr03_decoded_serial_node]: Serial error: [Errno 5] Input/output error
[decoded_serial_node-3] [ERROR] [1791264845.571323825] [bw_dr03_decoded_serial_node]: Serial error: [Errno 5] Input/output error
[decoded_serial_node-3] [ERROR] [1791264845.576399624] [bw_dr03_decoded_serial_node]: Serial error: [Errno 5] Input/output error
[decoded_serial_node-3] [ERROR] [1791264845.581444552] [bw_dr03_decoded_serial_node]: Serial error: [Errno 5] Input/output error
[decoded_serial_node-3] [ERROR] [1791264845.586204523] [bw_dr03_decoded_serial_node]: Serial error: [Errno 5] Input/output error
[decoded_serial_node-3] [ERROR] [1791264845.591200772] [bw_dr03_decoded_serial_node]: Serial error: [Errno 5] Input/output error
[decoded_serial_node-3] [ERROR] [1791264845.596214830] [bw_dr03_decoded_serial_node]: Serial error: [Errno 5] Input/output error
[decoded_serial_node-3] [ERROR] [1791264845.601498410] [bw_dr03_decoded_serial_node]: Serial error: [Errno 5] Input/output error
[decoded_serial_node-3] [ERROR] [1791264845.606500594] [bw_dr03_decoded_serial_node]: Serial error: [Errno 5] Input/output error
[decoded_serial_node-3] [ERROR] [1791264845.611606076] [bw_dr03_decoded_serial_node]: Serial error: [Errno 5] Input/output error
[decoded_serial_node-3] [ERROR] [1791264845.616582140] [bw_dr03_decoded_serial_node]: Serial error: [Errno 5] Input/output error
[decoded_serial_node-3] [ERROR] [1791264845.621691184] [bw_dr03_decoded_serial_node]: Serial error: [Errno 5] Input/output error
[decoded_serial_node-3] [ERROR] [1791264845.626487962] [bw_dr03_decoded_serial_node]: Serial error: [Errno 5] Input/output error
[decoded_serial_node-3] [ERROR] [1791264845.631265743] [bw_dr03_decoded_serial_node]: Serial error: [Errno 5] Input/output error
[decoded_serial_node-3] [ERROR] [1791264845.636339167] [bw_dr03_decoded_serial_node]: Serial error: [Errno 5] Input/output error
[decoded_serial_node-3] [ERROR] [1791264845.641680926] [bw_dr03_decoded_serial_node]: Serial error: [Errno 5] Input/output error
[decoded_serial_node-3] [ERROR] [1791264845.646293670] [bw_dr03_decoded_serial_node]: Serial error: [Errno 5] Input/output error
[decoded_serial_node-3] [ERROR] [1791264845.650945595] [bw_dr03_decoded_serial_node]: Serial error: [Errno 5] Input/output error
[decoded_serial_node-3] [ERROR] [1791264845.656319411] [bw_dr03_decoded_serial_node]: Serial error: [Errno 5] Input/output error
[decoded_serial_node-3] [ERROR] [1791264845.661150622] [bw_dr03_decoded_serial_node]: Serial error: [Errno 5] Input/output error
[decoded_serial_node-3] [ERROR] [1791264845.666238294] [bw_dr03_decoded_serial_node]: Serial error: [Errno 5] Input/output error
[decoded_serial_node-3] [ERROR] [1791264845.671469632] [bw_dr03_decoded_serial_node]: Serial error: [Errno 5] Input/output error
[decoded_serial_node-3] [ERROR] [1791264845.676499125] [bw_dr03_decoded_serial_node]: Serial error: [Errno 5] Input/output error
[decoded_serial_node-3] [ERROR] [1791264845.681210416] [bw_dr03_decoded_serial_node]: Serial error: [Errno 5] Input/output error
[decoded_serial_node-3] [ERROR] [1791264845.686180543] [bw_dr03_decoded_serial_node]: Serial error: [Errno 5] Input/output error
[decoded_serial_node-3] [ERROR] [1791264845.691705149] [bw_dr03_decoded_serial_node]: Serial error: [Errno 5] Input/output error
[decoded_serial_node-3] [ERROR] [1791264845.696600475] [bw_dr03_decoded_serial_node]: Serial error: [Errno 5] Input/output error
[decoded_serial_node-3] [ERROR] [1791264845.700948446] [bw_dr03_decoded_serial_node]: Serial error: [Errno 5] Input/output error
[decoded_serial_node-3] [ERROR] [1791264845.706407750] [bw_dr03_decoded_serial_node]: Serial error: [Errno 5] Input/output error
[decoded_serial_node-3] [ERROR] [1791264845.711517981] [bw_dr03_decoded_serial_node]: Serial error: [Errno 5] Input/output error
[decoded_serial_node-3] [ERROR] [1791264845.716630587] [bw_dr03_decoded_serial_node]: Serial error: [Errno 5] Input/output error
[decoded_serial_node-3] [ERROR] [1791264845.720963122] [bw_dr03_decoded_serial_node]: Serial error: [Errno 5] Input/output error
[decoded_serial_node-3] [ERROR] [1791264845.726291821] [bw_dr03_decoded_serial_node]: Serial error: [Errno 5] Input/output error
[decoded_serial_node-3] [ERROR] [1791264845.731687009] [bw_dr03_decoded_serial_node]: Serial error: [Errno 5] Input/output error
[decoded_serial_node-3] [ERROR] [1791264845.736233262] [bw_dr03_decoded_serial_node]: Serial error: [Errno 5] Input/output error
[decoded_serial_node-3] [ERROR] [1791264845.741272254] [bw_dr03_decoded_serial_node]: Serial error: [Errno 5] Input/output error
[decoded_serial_node-3] [ERROR] [1791264845.746497655] [bw_dr03_decoded_serial_node]: Serial error: [Errno 5] Input/output error
[decoded_serial_node-3] [ERROR] [1791264845.751681500] [bw_dr03_decoded_serial_node]: Serial error: [Errno 5] Input/output error
[decoded_serial_node-3] [ERROR] [1791264845.756605322] [bw_dr03_decoded_serial_node]: Serial error: [Errno 5] Input/output error
[decoded_serial_node-3] [ERROR] [1791264845.761517270] [bw_dr03_decoded_serial_node]: Serial error: [Errno 5] Input/output error
[decoded_serial_node-3] [ERROR] [1791264845.766195317] [bw_dr03_decoded_serial_node]: Serial error: [Errno 5] Input/output error
[decoded_serial_node-3] [ERROR] [1791264845.771543012] [bw_dr03_decoded_serial_node]: Serial error: [Errno 5] Input/output error
[decoded_serial_node-3] [ERROR] [1791264845.776236493] [bw_dr03_decoded_serial_node]: Serial error: [Errno 5] Input/output error
[decoded_serial_node-3] [ERROR] [1791264845.780954908] [bw_dr03_decoded_serial_node]: Serial error: [Errno 5] Input/output error
[decoded_serial_node-3] [ERROR] [1791264845.786541255] [bw_dr03_decoded_serial_node]: Serial error: [Errno 5] Input/output error
[decoded_serial_node-3] [ERROR] [1791264845.790937906] [bw_dr03_decoded_serial_node]: Serial error: [Errno 5] Input/output error
[decoded_serial_node-3] [ERROR] [1791264845.795917532] [bw_dr03_decoded_serial_node]: Serial error: [Errno 5] Input/output error
[decoded_serial_node-3] [ERROR] [1791264845.800909031] [bw_dr03_decoded_serial_node]: Serial error: [Errno 5] Input/output error
[decoded_serial_node-3] [ERROR] [1791264845.805944461] [bw_dr03_decoded_serial_node]: Serial error: [Errno 5] Input/output error
[decoded_serial_node-3] [ERROR] [1791264845.810922899] [bw_dr03_decoded_serial_node]: Serial error: [Errno 5] Input/output error
[decoded_serial_node-3] [ERROR] [1791264845.815947643] [bw_dr03_decoded_serial_node]: Serial error: [Errno 5] Input/output error
[decoded_serial_node-3] [ERROR] [1791264845.821218163] [bw_dr03_decoded_serial_node]: Serial error: [Errno 5] Input/output error
[decoded_serial_node-3] [ERROR] [1791264845.826003068] [bw_dr03_decoded_serial_node]: Serial error: [Errno 5] Input/output error
[decoded_serial_node-3] [ERROR] [1791264845.830939950] [bw_dr03_decoded_serial_node]: Serial error: [Errno 5] Input/output error
[decoded_serial_node-3] [ERROR] [1791264845.836009812] [bw_dr03_decoded_serial_node]: Serial error: [Errno 5] Input/output error
[decoded_serial_node-3] [ERROR] [1791264845.840924135] [bw_dr03_decoded_serial_node]: Serial error: [Errno 5] Input/output error
[decoded_serial_node-3] [ERROR] [1791264845.845918009] [bw_dr03_decoded_serial_node]: Serial error: [Errno 5] Input/output error
[decoded_serial_node-3] [ERROR] [1791264845.850914257] [bw_dr03_decoded_serial_node]: Serial error: [Errno 5] Input/output error
[decoded_serial_node-3] [ERROR] [1791264845.855955624] [bw_dr03_decoded_serial_node]: Serial error: [Errno 5] Input/output error
[decoded_serial_node-3] [ERROR] [1791264845.860943561] [bw_dr03_decoded_serial_node]: Serial error: [Errno 5] Input/output error
[decoded_serial_node-3] [ERROR] [1791264845.865951682] [bw_dr03_decoded_serial_node]: Serial error: [Errno 5] Input/output error
[decoded_serial_node-3] [ERROR] [1791264845.870921809] [bw_dr03_decoded_serial_node]: Serial error: [Errno 5] Input/output error
[decoded_serial_node-3] [ERROR] [1791264845.876540214] [bw_dr03_decoded_serial_node]: Serial error: [Errno 5] Input/output error
[decoded_serial_node-3] [ERROR] [1791264845.880954675] [bw_dr03_decoded_serial_node]: Serial error: [Errno 5] Input/output error
[decoded_serial_node-3] [ERROR] [1791264845.885912929] [bw_dr03_decoded_serial_node]: Serial error: [Errno 5] Input/output error
[decoded_serial_node-3] [ERROR] [1791264845.891219068] [bw_dr03_decoded_serial_node]: Serial error: [Errno 5] Input/output error
[decoded_serial_node-3] [ERROR] [1791264845.895957667] [bw_dr03_decoded_serial_node]: Serial error: [Errno 5] Input/output error
[decoded_serial_node-3] [ERROR] [1791264845.900937293] [bw_dr03_decoded_serial_node]: Serial error: [Errno 5] Input/output error
[decoded_serial_node-3] [ERROR] [1791264845.905925230] [bw_dr03_decoded_serial_node]: Serial error: [Errno 5] Input/output error
[decoded_serial_node-3] [ERROR] [1791264845.911493767] [bw_dr03_decoded_serial_node]: Serial error: [Errno 5] Input/output error
[decoded_serial_node-3] [ERROR] [1791264845.915990153] [bw_dr03_decoded_serial_node]: Serial error: [Errno 5] Input/output error
[decoded_serial_node-3] [ERROR] [1791264845.920917537] [bw_dr03_decoded_serial_node]: Serial error: [Errno 5] Input/output error
[decoded_serial_node-3] [ERROR] [1791264845.926553751] [bw_dr03_decoded_serial_node]: Serial error: [Errno 5] Input/output error
[decoded_serial_node-3] [ERROR] [1791264845.930913595] [bw_dr03_decoded_serial_node]: Serial error: [Errno 5] Input/output error
[decoded_serial_node-3] [ERROR] [1791264845.935924091] [bw_dr03_decoded_serial_node]: Serial error: [Errno 5] Input/output error
[decoded_serial_node-3] [ERROR] [1791264845.940988017] [bw_dr03_decoded_serial_node]: Serial error: [Errno 5] Input/output error
[decoded_serial_node-3] [ERROR] [1791264845.946459194] [bw_dr03_decoded_serial_node]: Serial error: [Errno 5] Input/output error
[decoded_serial_node-3] [ERROR] [1791264845.951041067] [bw_dr03_decoded_serial_node]: Serial error: [Errno 5] Input/output error
[decoded_serial_node-3] [ERROR] [1791264845.955919770] [bw_dr03_decoded_serial_node]: Serial error: [Errno 5] Input/output error
[decoded_serial_node-3] [ERROR] [1791264845.961211662] [bw_dr03_decoded_serial_node]: Serial error: [Errno 5] Input/output error
[decoded_serial_node-3] [ERROR] [1791264845.965919391] [bw_dr03_decoded_serial_node]: Serial error: [Errno 5] Input/output error
[decoded_serial_node-3] [ERROR] [1791264845.970945322] [bw_dr03_decoded_serial_node]: Serial error: [Errno 5] Input/output error
[decoded_serial_node-3] [ERROR] [1791264845.975954631] [bw_dr03_decoded_serial_node]: Serial error: [Errno 5] Input/output error
[decoded_serial_node-3] [ERROR] [1791264845.981229900] [bw_dr03_decoded_serial_node]: Serial error: [Errno 5] Input/output error
[decoded_serial_node-3] [ERROR] [1791264845.985998182] [bw_dr03_decoded_serial_node]: Serial error: [Errno 5] Input/output error
[decoded_serial_node-3] [ERROR] [1791264845.990905381] [bw_dr03_decoded_serial_node]: Serial error: [Errno 5] Input/output error
[decoded_serial_node-3] [ERROR] [1791264845.996264950] [bw_dr03_decoded_serial_node]: Serial error: [Errno 5] Input/output error
[decoded_serial_node-3] [ERROR] [1791264846.001066478] [bw_dr03_decoded_serial_node]: Serial error: [Errno 5] Input/output error
[decoded_serial_node-3] [ERROR] [1791264846.005911936] [bw_dr03_decoded_serial_node]: Serial error: [Errno 5] Input/output error
[decoded_serial_node-3] [ERROR] [1791264846.010928369] [bw_dr03_decoded_serial_node]: Serial error: [Errno 5] Input/output error
[decoded_serial_node-3] [ERROR] [1791264846.016714185] [bw_dr03_decoded_serial_node]: Serial error: [Errno 5] Input/output error
[decoded_serial_node-3] [ERROR] [1791264846.021453972] [bw_dr03_decoded_serial_node]: Serial error: [Errno 5] Input/output error
[decoded_serial_node-3] [ERROR] [1791264846.026579638] [bw_dr03_decoded_serial_node]: Serial error: [Errno 5] Input/output error
[decoded_serial_node-3] [ERROR] [1791264846.031491587] [bw_dr03_decoded_serial_node]: Serial error: [Errno 5] Input/output error
[decoded_serial_node-3] [ERROR] [1791264846.036650498] [bw_dr03_decoded_serial_node]: Serial error: [Errno 5] Input/output error
[decoded_serial_node-3] [ERROR] [1791264846.041283426] [bw_dr03_decoded_serial_node]: Serial error: [Errno 5] Input/output error
[decoded_serial_node-3] [ERROR] [1791264846.046258302] [bw_dr03_decoded_serial_node]: Serial error: [Errno 5] Input/output error
[decoded_serial_node-3] [ERROR] [1791264846.050949409] [bw_dr03_decoded_serial_node]: Serial error: [Errno 5] Input/output error
[decoded_serial_node-3] [ERROR] [1791264846.055957530] [bw_dr03_decoded_serial_node]: Serial error: [Errno 5] Input/output error
[decoded_serial_node-3] [ERROR] [1791264846.060921721] [bw_dr03_decoded_serial_node]: Serial error: [Errno 5] Input/output error
[decoded_serial_node-3] [ERROR] [1791264846.065903721] [bw_dr03_decoded_serial_node]: Serial error: [Errno 5] Input/output error
[decoded_serial_node-3] [ERROR] [1791264846.071372523] [bw_dr03_decoded_serial_node]: Serial error: [Errno 5] Input/output error
[decoded_serial_node-3] [ERROR] [1791264846.075918777] [bw_dr03_decoded_serial_node]: Serial error: [Errno 5] Input/output error
[decoded_serial_node-3] [ERROR] [1791264846.081065815] [bw_dr03_decoded_serial_node]: Serial error: [Errno 5] Input/output error
[decoded_serial_node-3] [ERROR] [1791264846.086645038] [bw_dr03_decoded_serial_node]: Serial error: [Errno 5] Input/output error
[decoded_serial_node-3] [ERROR] [1791264846.091261343] [bw_dr03_decoded_serial_node]: Serial error: [Errno 5] Input/output error
[decoded_serial_node-3] [ERROR] [1791264846.096563920] [bw_dr03_decoded_serial_node]: Serial error: [Errno 5] Input/output error
[decoded_serial_node-3] [ERROR] [1791264846.100916640] [bw_dr03_decoded_serial_node]: Serial error: [Errno 5] Input/output error
[decoded_serial_node-3] [ERROR] [1791264846.106830688] [bw_dr03_decoded_serial_node]: Serial error: [Errno 5] Input/output error
[decoded_serial_node-3] [ERROR] [1791264846.111672584] [bw_dr03_decoded_serial_node]: Serial error: [Errno 5] Input/output error
[decoded_serial_node-3] [ERROR] [1791264846.116204590] [bw_dr03_decoded_serial_node]: Serial error: [Errno 5] Input/output error
[decoded_serial_node-3] [ERROR] [1791264846.121704262] [bw_dr03_decoded_serial_node]: Serial error: [Errno 5] Input/output error
[decoded_serial_node-3] [ERROR] [1791264846.126188775] [bw_dr03_decoded_serial_node]: Serial error: [Errno 5] Input/output error
[decoded_serial_node-3] [ERROR] [1791264846.131447421] [bw_dr03_decoded_serial_node]: Serial error: [Errno 5] Input/output error
[decoded_serial_node-3] [ERROR] [1791264846.136869917] [bw_dr03_decoded_serial_node]: Serial error: [Errno 5] Input/output error
[decoded_serial_node-3] [ERROR] [1791264846.141470788] [bw_dr03_decoded_serial_node]: Serial error: [Errno 5] Input/output error
[decoded_serial_node-3] [ERROR] [1791264846.146558460] [bw_dr03_decoded_serial_node]: Serial error: [Errno 5] Input/output error
[decoded_serial_node-3] [ERROR] [1791264846.151216321] [bw_dr03_decoded_serial_node]: Serial error: [Errno 5] Input/output error
[decoded_serial_node-3] [ERROR] [1791264846.156223255] [bw_dr03_decoded_serial_node]: Serial error: [Errno 5] Input/output error
[decoded_serial_node-3] [ERROR] [1791264846.161484276] [bw_dr03_decoded_serial_node]: Serial error: [Errno 5] Input/output error
[decoded_serial_node-3] [ERROR] [1791264846.165904673] [bw_dr03_decoded_serial_node]: Serial error: [Errno 5] Input/output error
[decoded_serial_node-3] [ERROR] [1791264846.170928230] [bw_dr03_decoded_serial_node]: Serial error: [Errno 5] Input/output error
[decoded_serial_node-3] [ERROR] [1791264846.176528825] [bw_dr03_decoded_serial_node]: Serial error: [Errno 5] Input/output error
[decoded_serial_node-3] [ERROR] [1791264846.180927850] [bw_dr03_decoded_serial_node]: Serial error: [Errno 5] Input/output error
[decoded_serial_node-3] [ERROR] [1791264846.185940721] [bw_dr03_decoded_serial_node]: Serial error: [Errno 5] Input/output error
[decoded_serial_node-3] [ERROR] [1791264846.190908473] [bw_dr03_decoded_serial_node]: Serial error: [Errno 5] Input/output error
[decoded_serial_node-3] [ERROR] [1791264846.195917782] [bw_dr03_decoded_serial_node]: Serial error: [Errno 5] Input/output error
[decoded_serial_node-3] [ERROR] [1791264846.201031575] [bw_dr03_decoded_serial_node]: Serial error: [Errno 5] Input/output error
[decoded_serial_node-3] [ERROR] [1791264846.205955397] [bw_dr03_decoded_serial_node]: Serial error: [Errno 5] Input/output error
[decoded_serial_node-3] [ERROR] [1791264846.211130930] [bw_dr03_decoded_serial_node]: Serial error: [Errno 5] Input/output error
[decoded_serial_node-3] [ERROR] [1791264846.215914648] [bw_dr03_decoded_serial_node]: Serial error: [Errno 5] Input/output error
[decoded_serial_node-3] [ERROR] [1791264846.220961951] [bw_dr03_decoded_serial_node]: Serial error: [Errno 5] Input/output error
[decoded_serial_node-3] [ERROR] [1791264846.225922580] [bw_dr03_decoded_serial_node]: Serial error: [Errno 5] Input/output error
[decoded_serial_node-3] [ERROR] [1791264846.231444811] [bw_dr03_decoded_serial_node]: Serial error: [Errno 5] Input/output error
[decoded_serial_node-3] [ERROR] [1791264846.235960194] [bw_dr03_decoded_serial_node]: Serial error: [Errno 5] Input/output error
[decoded_serial_node-3] [ERROR] [1791264846.240943382] [bw_dr03_decoded_serial_node]: Serial error: [Errno 5] Input/output error
[decoded_serial_node-3] [ERROR] [1791264846.246268518] [bw_dr03_decoded_serial_node]: Serial error: [Errno 5] Input/output error
[decoded_serial_node-3] [ERROR] [1791264846.251516478] [bw_dr03_decoded_serial_node]: Serial error: [Errno 5] Input/output error
[decoded_serial_node-3] [ERROR] [1791264846.255907193] [bw_dr03_decoded_serial_node]: Serial error: [Errno 5] Input/output error
[decoded_serial_node-3] [ERROR] [1791264846.260920063] [bw_dr03_decoded_serial_node]: Serial error: [Errno 5] Input/output error
[decoded_serial_node-3] [ERROR] [1791264846.265962617] [bw_dr03_decoded_serial_node]: Serial error: [Errno 5] Input/output error
[decoded_serial_node-3] [ERROR] [1791264846.271908722] [bw_dr03_decoded_serial_node]: Serial error: [Errno 5] Input/output error
[decoded_serial_node-3] [ERROR] [1791264846.276229385] [bw_dr03_decoded_serial_node]: Serial error: [Errno 5] Input/output error
[decoded_serial_node-3] [ERROR] [1791264846.281248192] [bw_dr03_decoded_serial_node]: Serial error: [Errno 5] Input/output error
[decoded_serial_node-3] [ERROR] [1791264846.286781109] [bw_dr03_decoded_serial_node]: Serial error: [Errno 5] Input/output error
[decoded_serial_node-3] [ERROR] [1791264846.291679997] [bw_dr03_decoded_serial_node]: Serial error: [Errno 5] Input/output error
[decoded_serial_node-3] [ERROR] [1791264846.296638251] [bw_dr03_decoded_serial_node]: Serial error: [Errno 5] Input/output error
[decoded_serial_node-3] [ERROR] [1791264846.300963663] [bw_dr03_decoded_serial_node]: Serial error: [Errno 5] Input/output error
[decoded_serial_node-3] [ERROR] [1791264846.306185502] [bw_dr03_decoded_serial_node]: Serial error: [Errno 5] Input/output error
[decoded_serial_node-3] [ERROR] [1791264846.311482142] [bw_dr03_decoded_serial_node]: Serial error: [Errno 5] Input/output error
[decoded_serial_node-3] [ERROR] [1791264846.316287232] [bw_dr03_decoded_serial_node]: Serial error: [Errno 5] Input/output error
[decoded_serial_node-3] [ERROR] [1791264846.321477013] [bw_dr03_decoded_serial_node]: Serial error: [Errno 5] Input/output error
[decoded_serial_node-3] [ERROR] [1791264846.326575371] [bw_dr03_decoded_serial_node]: Serial error: [Errno 5] Input/output error
[decoded_serial_node-3] [ERROR] [1791264846.331604864] [bw_dr03_decoded_serial_node]: Serial error: [Errno 5] Input/output error
[decoded_serial_node-3] [ERROR] [1791264846.336521562] [bw_dr03_decoded_serial_node]: Serial error: [Errno 5] Input/output error
[decoded_serial_node-3] [ERROR] [1791264846.341909626] [bw_dr03_decoded_serial_node]: Serial error: [Errno 5] Input/output error
[decoded_serial_node-3] [ERROR] [1791264846.346514059] [bw_dr03_decoded_serial_node]: Serial error: [Errno 5] Input/output error
[decoded_serial_node-3] [ERROR] [1791264846.351560174] [bw_dr03_decoded_serial_node]: Serial error: [Errno 5] Input/output error
[decoded_serial_node-3] [ERROR] [1791264846.356543362] [bw_dr03_decoded_serial_node]: Serial error: [Errno 5] Input/output error
[decoded_serial_node-3] [ERROR] [1791264846.361520613] [bw_dr03_decoded_serial_node]: Serial error: [Errno 5] Input/output error
[decoded_serial_node-3] [ERROR] [1791264846.366239028] [bw_dr03_decoded_serial_node]: Serial error: [Errno 5] Input/output error
[decoded_serial_node-3] [ERROR] [1791264846.371464429] [bw_dr03_decoded_serial_node]: Serial error: [Errno 5] Input/output error
[decoded_serial_node-3] [ERROR] [1791264846.376572285] [bw_dr03_decoded_serial_node]: Serial error: [Errno 5] Input/output error
[decoded_serial_node-3] [ERROR] [1791264846.381643335] [bw_dr03_decoded_serial_node]: Serial error: [Errno 5] Input/output error
[decoded_serial_node-3] [ERROR] [1791264846.386562407] [bw_dr03_decoded_serial_node]: Serial error: [Errno 5] Input/output error
[decoded_serial_node-3] [ERROR] [1791264846.391728442] [bw_dr03_decoded_serial_node]: Serial error: [Errno 5] Input/output error
[decoded_serial_node-3] [ERROR] [1791264846.396465854] [bw_dr03_decoded_serial_node]: Serial error: [Errno 5] Input/output error
[decoded_serial_node-3] [ERROR] [1791264846.401468039] [bw_dr03_decoded_serial_node]: Serial error: [Errno 5] Input/output error
[decoded_serial_node-3] [ERROR] [1791264846.406687504] [bw_dr03_decoded_serial_node]: Serial error: [Errno 5] Input/output error
[decoded_serial_node-3] [ERROR] [1791264846.411677815] [bw_dr03_decoded_serial_node]: Serial error: [Errno 5] Input/output error
[decoded_serial_node-3] [ERROR] [1791264846.416211008] [bw_dr03_decoded_serial_node]: Serial error: [Errno 5] Input/output error
[decoded_serial_node-3] [ERROR] [1791264846.421667937] [bw_dr03_decoded_serial_node]: Serial error: [Errno 5] Input/output error
[decoded_serial_node-3] [ERROR] [1791264846.426520519] [bw_dr03_decoded_serial_node]: Serial error: [Errno 5] Input/output error
[decoded_serial_node-3] [ERROR] [1791264846.431884837] [bw_dr03_decoded_serial_node]: Serial error: [Errno 5] Input/output error
[follow_planner-6] [INFO] [1791264846.433572021] [follow_planner_node]: [IDLE] disabled | d=- goc=- | v=0.000 w=0.000 | thoang=-
[decoded_serial_node-3] [ERROR] [1791264846.435916981] [bw_dr03_decoded_serial_node]: Serial error: [Errno 5] Input/output error
[decoded_serial_node-3] [ERROR] [1791264846.441726544] [bw_dr03_decoded_serial_node]: Serial error: [Errno 5] Input/output error
[decoded_serial_node-3] [ERROR] [1791264846.446466331] [bw_dr03_decoded_serial_node]: Serial error: [Errno 5] Input/output error
[decoded_serial_node-3] [ERROR] [1791264846.451183558] [bw_dr03_decoded_serial_node]: Serial error: [Errno 5] Input/output error
[decoded_serial_node-3] [ERROR] [1791264846.456515818] [bw_dr03_decoded_serial_node]: Serial error: [Errno 5] Input/output error
[follow_planner-6] [INFO] [1791264846.459582669] [follow_planner_node]: self-filter: bo 8/219 tia dap vao than xe
[decoded_serial_node-3] [ERROR] [1791264846.461039513] [bw_dr03_decoded_serial_node]: Serial error: [Errno 5] Input/output error
[decoded_serial_node-3] [ERROR] [1791264846.466243542] [bw_dr03_decoded_serial_node]: Serial error: [Errno 5] Input/output error
[decoded_serial_node-3] [ERROR] [1791264846.471536621] [bw_dr03_decoded_serial_node]: Serial error: [Errno 5] Input/output error
[decoded_serial_node-3] [ERROR] [1791264846.476222978] [bw_dr03_decoded_serial_node]: Serial error: [Errno 5] Input/output error
[decoded_serial_node-3] [ERROR] [1791264846.481530304] [bw_dr03_decoded_serial_node]: Serial error: [Errno 5] Input/output error
[decoded_serial_node-3] [ERROR] [1791264846.486553861] [bw_dr03_decoded_serial_node]: Serial error: [Errno 5] Input/output error
[decoded_serial_node-3] [ERROR] [1791264846.491247342] [bw_dr03_decoded_serial_node]: Serial error: [Errno 5] Input/output error
[decoded_serial_node-3] [ERROR] [1791264846.496846750] [bw_dr03_decoded_serial_node]: Serial error: [Errno 5] Input/output error
[decoded_serial_node-3] [ERROR] [1791264846.500922824] [bw_dr03_decoded_serial_node]: Serial error: [Errno 5] Input/output error
[decoded_serial_node-3] [ERROR] [1791264846.506534104] [bw_dr03_decoded_serial_node]: Serial error: [Errno 5] Input/output error
[decoded_serial_node-3] [ERROR] [1791264846.511607528] [bw_dr03_decoded_serial_node]: Serial error: [Errno 5] Input/output error
[decoded_serial_node-3] [ERROR] [1791264846.516249955] [bw_dr03_decoded_serial_node]: Serial error: [Errno 5] Input/output error
[decoded_serial_node-3] [ERROR] [1791264846.521174964] [bw_dr03_decoded_serial_node]: Serial error: [Errno 5] Input/output error
[decoded_serial_node-3] [ERROR] [1791264846.526001425] [bw_dr03_decoded_serial_node]: Serial error: [Errno 5] Input/output error
[decoded_serial_node-3] [ERROR] [1791264846.530931183] [bw_dr03_decoded_serial_node]: Serial error: [Errno 5] Input/output error
[decoded_serial_node-3] [ERROR] [1791264846.535934555] [bw_dr03_decoded_serial_node]: Serial error: [Errno 5] Input/output error
[decoded_serial_node-3] [ERROR] [1791264846.540994919] [bw_dr03_decoded_serial_node]: Serial error: [Errno 5] Input/output error
[decoded_serial_node-3] [ERROR] [1791264846.546634695] [bw_dr03_decoded_serial_node]: Serial error: [Errno 5] Input/output error
[decoded_serial_node-3] [ERROR] [1791264846.551499151] [bw_dr03_decoded_serial_node]: Serial error: [Errno 5] Input/output error
[decoded_serial_node-3] [ERROR] [1791264846.556507272] [bw_dr03_decoded_serial_node]: Serial error: [Errno 5] Input/output error
[decoded_serial_node-3] [ERROR] [1791264846.560906298] [bw_dr03_decoded_serial_node]: Serial error: [Errno 5] Input/output error
[decoded_serial_node-3] [ERROR] [1791264846.566269428] [bw_dr03_decoded_serial_node]: Serial error: [Errno 5] Input/output error
[decoded_serial_node-3] [ERROR] [1791264846.571562507] [bw_dr03_decoded_serial_node]: Serial error: [Errno 5] Input/output error
[decoded_serial_node-3] [ERROR] [1791264846.576586063] [bw_dr03_decoded_serial_node]: Serial error: [Errno 5] Input/output error
[decoded_serial_node-3] [ERROR] [1791264846.581163187] [bw_dr03_decoded_serial_node]: Serial error: [Errno 5] Input/output error
[decoded_serial_node-3] [ERROR] [1791264846.586491885] [bw_dr03_decoded_serial_node]: Serial error: [Errno 5] Input/output error
[decoded_serial_node-3] [ERROR] [1791264846.591666232] [bw_dr03_decoded_serial_node]: Serial error: [Errno 5] Input/output error
[decoded_serial_node-3] [ERROR] [1791264846.596383459] [bw_dr03_decoded_serial_node]: Serial error: [Errno 5] Input/output error
[decoded_serial_node-3] [ERROR] [1791264846.601310843] [bw_dr03_decoded_serial_node]: Serial error: [Errno 5] Input/output error
[decoded_serial_node-3] [ERROR] [1791264846.606070814] [bw_dr03_decoded_serial_node]: Serial error: [Errno 5] Input/output error
[decoded_serial_node-3] [ERROR] [1791264846.610922209] [bw_dr03_decoded_serial_node]: Serial error: [Errno 5] Input/output error
[decoded_serial_node-3] [ERROR] [1791264846.615949328] [bw_dr03_decoded_serial_node]: Serial error: [Errno 5] Input/output error
[decoded_serial_node-3] [ERROR] [1791264846.620971697] [bw_dr03_decoded_serial_node]: Serial error: [Errno 5] Input/output error
[decoded_serial_node-3] [ERROR] [1791264846.625965570] [bw_dr03_decoded_serial_node]: Serial error: [Errno 5] Input/output error
[decoded_serial_node-3] [ERROR] [1791264846.630917888] [bw_dr03_decoded_serial_node]: Serial error: [Errno 5] Input/output error
[decoded_serial_node-3] [ERROR] [1791264846.635912948] [bw_dr03_decoded_serial_node]: Serial error: [Errno 5] Input/output error
[decoded_serial_node-3] [ERROR] [1791264846.641298638] [bw_dr03_decoded_serial_node]: Serial error: [Errno 5] Input/output error
[decoded_serial_node-3] [ERROR] [1791264846.645925629] [bw_dr03_decoded_serial_node]: Serial error: [Errno 5] Input/output error
[decoded_serial_node-3] [ERROR] [1791264846.651010927] [bw_dr03_decoded_serial_node]: Serial error: [Errno 5] Input/output error
[decoded_serial_node-3] [ERROR] [1791264846.655958495] [bw_dr03_decoded_serial_node]: Serial error: [Errno 5] Input/output error
[decoded_serial_node-3] [ERROR] [1791264846.660902501] [bw_dr03_decoded_serial_node]: Serial error: [Errno 5] Input/output error
[decoded_serial_node-3] [ERROR] [1791264846.665936743] [bw_dr03_decoded_serial_node]: Serial error: [Errno 5] Input/output error
[decoded_serial_node-3] [ERROR] [1791264846.670946052] [bw_dr03_decoded_serial_node]: Serial error: [Errno 5] Input/output error
[decoded_serial_node-3] [ERROR] [1791264846.676247442] [bw_dr03_decoded_serial_node]: Serial error: [Errno 5] Input/output error
[decoded_serial_node-3] [ERROR] [1791264846.681031159] [bw_dr03_decoded_serial_node]: Serial error: [Errno 5] Input/output error
[decoded_serial_node-3] [ERROR] [1791264846.686038093] [bw_dr03_decoded_serial_node]: Serial error: [Errno 5] Input/output error
[decoded_serial_node-3] [ERROR] [1791264846.691240935] [bw_dr03_decoded_serial_node]: Serial error: [Errno 5] Input/output error
[decoded_serial_node-3] [ERROR] [1791264846.696656308] [bw_dr03_decoded_serial_node]: Serial error: [Errno 5] Input/output error
[decoded_serial_node-3] [ERROR] [1791264846.700915230] [bw_dr03_decoded_serial_node]: Serial error: [Errno 5] Input/output error
[decoded_serial_node-3] [ERROR] [1791264846.705918602] [bw_dr03_decoded_serial_node]: Serial error: [Errno 5] Input/output error
[decoded_serial_node-3] [ERROR] [1791264846.711178435] [bw_dr03_decoded_serial_node]: Serial error: [Errno 5] Input/output error
[decoded_serial_node-3] [ERROR] [1791264846.715946718] [bw_dr03_decoded_serial_node]: Serial error: [Errno 5] Input/output error
[decoded_serial_node-3] [ERROR] [1791264846.720933467] [bw_dr03_decoded_serial_node]: Serial error: [Errno 5] Input/output error
[decoded_serial_node-3] [ERROR] [1791264846.725923779] [bw_dr03_decoded_serial_node]: Serial error: [Errno 5] Input/output error
[decoded_serial_node-3] [ERROR] [1791264846.730917653] [bw_dr03_decoded_serial_node]: Serial error: [Errno 5] Input/output error
[decoded_serial_node-3] [ERROR] [1791264846.735921025] [bw_dr03_decoded_serial_node]: Serial error: [Errno 5] Input/output error
[decoded_serial_node-3] [ERROR] [1791264846.740963578] [bw_dr03_decoded_serial_node]: Serial error: [Errno 5] Input/output error
[decoded_serial_node-3] [ERROR] [1791264846.746295839] [bw_dr03_decoded_serial_node]: Serial error: [Errno 5] Input/output error
[decoded_serial_node-3] [ERROR] [1791264846.751071245] [bw_dr03_decoded_serial_node]: Serial error: [Errno 5] Input/output error
[decoded_serial_node-3] [ERROR] [1791264846.755920265] [bw_dr03_decoded_serial_node]: Serial error: [Errno 5] Input/output error
[decoded_serial_node-3] [ERROR] [1791264846.761009125] [bw_dr03_decoded_serial_node]: Serial error: [Errno 5] Input/output error
[decoded_serial_node-3] [ERROR] [1791264846.765954318] [bw_dr03_decoded_serial_node]: Serial error: [Errno 5] Input/output error
[decoded_serial_node-3] [ERROR] [1791264846.771075235] [bw_dr03_decoded_serial_node]: Serial error: [Errno 5] Input/output error
[decoded_serial_node-3] [ERROR] [1791264846.776000244] [bw_dr03_decoded_serial_node]: Serial error: [Errno 5] Input/output error
[decoded_serial_node-3] [ERROR] [1791264846.780959685] [bw_dr03_decoded_serial_node]: Serial error: [Errno 5] Input/output error
[decoded_serial_node-3] [ERROR] [1791264846.785941685] [bw_dr03_decoded_serial_node]: Serial error: [Errno 5] Input/output error
[decoded_serial_node-3] [ERROR] [1791264846.790924873] [bw_dr03_decoded_serial_node]: Serial error: [Errno 5] Input/output error
[decoded_serial_node-3] [ERROR] [1791264846.796083784] [bw_dr03_decoded_serial_node]: Serial error: [Errno 5] Input/output error
[decoded_serial_node-3] [ERROR] [1791264846.801436229] [bw_dr03_decoded_serial_node]: Serial error: [Errno 5] Input/output error
[decoded_serial_node-3] [ERROR] [1791264846.805999105] [bw_dr03_decoded_serial_node]: Serial error: [Errno 5] Input/output error
[decoded_serial_node-3] [ERROR] [1791264846.811130707] [bw_dr03_decoded_serial_node]: Serial error: [Errno 5] Input/output error
[decoded_serial_node-3] [ERROR] [1791264846.816155451] [bw_dr03_decoded_serial_node]: Serial error: [Errno 5] Input/output error
[decoded_serial_node-3] [ERROR] [1791264846.820917797] [bw_dr03_decoded_serial_node]: Serial error: [Errno 5] Input/output error
[decoded_serial_node-3] [ERROR] [1791264846.825956789] [bw_dr03_decoded_serial_node]: Serial error: [Errno 5] Input/output error
[decoded_serial_node-3] [ERROR] [1791264846.830941164] [bw_dr03_decoded_serial_node]: Serial error: [Errno 5] Input/output error
[decoded_serial_node-3] [ERROR] [1791264846.836035960] [bw_dr03_decoded_serial_node]: Serial error: [Errno 5] Input/output error
[decoded_serial_node-3] [ERROR] [1791264846.840922974] [bw_dr03_decoded_serial_node]: Serial error: [Errno 5] Input/output error
[decoded_serial_node-3] [ERROR] [1791264846.845910911] [bw_dr03_decoded_serial_node]: Serial error: [Errno 5] Input/output error
[decoded_serial_node-3] [ERROR] [1791264846.850924969] [bw_dr03_decoded_serial_node]: Serial error: [Errno 5] Input/output error
[decoded_serial_node-3] [ERROR] [1791264846.857296136] [bw_dr03_decoded_serial_node]: Serial error: [Errno 5] Input/output error
[decoded_serial_node-3] [ERROR] [1791264846.860998204] [bw_dr03_decoded_serial_node]: Serial error: [Errno 5] Input/output error
[decoded_serial_node-3] [ERROR] [1791264846.866018198] [bw_dr03_decoded_serial_node]: Serial error: [Errno 5] Input/output error
[decoded_serial_node-3] [ERROR] [1791264846.871184233] [bw_dr03_decoded_serial_node]: Serial error: [Errno 5] Input/output error
[decoded_serial_node-3] [ERROR] [1791264846.875989323] [bw_dr03_decoded_serial_node]: Serial error: [Errno 5] Input/output error
[decoded_serial_node-3] [ERROR] [1791264846.880941640] [bw_dr03_decoded_serial_node]: Serial error: [Errno 5] Input/output error
[decoded_serial_node-3] [ERROR] [1791264846.885953323] [bw_dr03_decoded_serial_node]: Serial error: [Errno 5] Input/output error
[decoded_serial_node-3] [ERROR] [1791264846.890963820] [bw_dr03_decoded_serial_node]: Serial error: [Errno 5] Input/output error
[decoded_serial_node-3] [ERROR] [1791264846.895987376] [bw_dr03_decoded_serial_node]: Serial error: [Errno 5] Input/output error
[decoded_serial_node-3] [ERROR] [1791264846.900933757] [bw_dr03_decoded_serial_node]: Serial error: [Errno 5] Input/output error
[decoded_serial_node-3] [ERROR] [1791264846.906634087] [bw_dr03_decoded_serial_node]: Serial error: [Errno 5] Input/output error
[decoded_serial_node-3] [ERROR] [1791264846.911236144] [bw_dr03_decoded_serial_node]: Serial error: [Errno 5] Input/output error
[decoded_serial_node-3] [ERROR] [1791264846.915927251] [bw_dr03_decoded_serial_node]: Serial error: [Errno 5] Input/output error
[decoded_serial_node-3] [ERROR] [1791264846.920956744] [bw_dr03_decoded_serial_node]: Serial error: [Errno 5] Input/output error
[decoded_serial_node-3] [ERROR] [1791264846.926648762] [bw_dr03_decoded_serial_node]: Serial error: [Errno 5] Input/output error
[decoded_serial_node-3] [ERROR] [1791264846.931380238] [bw_dr03_decoded_serial_node]: Serial error: [Errno 5] Input/output error
[decoded_serial_node-3] [ERROR] [1791264846.937853514] [bw_dr03_decoded_serial_node]: Serial error: [Errno 5] Input/output error
[decoded_serial_node-3] [ERROR] [1791264846.941872596] [bw_dr03_decoded_serial_node]: Serial error: [Errno 5] Input/output error
[decoded_serial_node-3] [ERROR] [1791264846.946475841] [bw_dr03_decoded_serial_node]: Serial error: [Errno 5] Input/output error
[decoded_serial_node-3] [ERROR] [1791264846.951786730] [bw_dr03_decoded_serial_node]: Serial error: [Errno 5] Input/output error
[decoded_serial_node-3] [ERROR] [1791264846.956959889] [bw_dr03_decoded_serial_node]: Serial error: [Errno 5] Input/output error
[decoded_serial_node-3] [ERROR] [1791264846.961426592] [bw_dr03_decoded_serial_node]: Serial error: [Errno 5] Input/output error
[decoded_serial_node-3] [ERROR] [1791264846.965950286] [bw_dr03_decoded_serial_node]: Serial error: [Errno 5] Input/output error
[decoded_serial_node-3] [ERROR] [1791264846.971903515] [bw_dr03_decoded_serial_node]: Serial error: [Errno 5] Input/output error
[decoded_serial_node-3] [ERROR] [1791264846.976360719] [bw_dr03_decoded_serial_node]: Serial error: [Errno 5] Input/output error
[decoded_serial_node-3] [ERROR] [1791264846.981678732] [bw_dr03_decoded_serial_node]: Serial error: [Errno 5] Input/output error
[decoded_serial_node-3] [ERROR] [1791264846.986721285] [bw_dr03_decoded_serial_node]: Serial error: [Errno 5] Input/output error
[decoded_serial_node-3] [ERROR] [1791264846.991826767] [bw_dr03_decoded_serial_node]: Serial error: [Errno 5] Input/output error
[decoded_serial_node-3] [ERROR] [1791264846.996570116] [bw_dr03_decoded_serial_node]: Serial error: [Errno 5] Input/output error
[decoded_serial_node-3] [ERROR] [1791264847.001673223] [bw_dr03_decoded_serial_node]: Serial error: [Errno 5] Input/output error
[decoded_serial_node-3] [ERROR] [1791264847.006433194] [bw_dr03_decoded_serial_node]: Serial error: [Errno 5] Input/output error
[decoded_serial_node-3] [ERROR] [1791264847.011668094] [bw_dr03_decoded_serial_node]: Serial error: [Errno 5] Input/output error
[decoded_serial_node-3] [ERROR] [1791264847.016365137] [bw_dr03_decoded_serial_node]: Serial error: [Errno 5] Input/output error
[decoded_serial_node-3] [ERROR] [1791264847.021677213] [bw_dr03_decoded_serial_node]: Serial error: [Errno 5] Input/output error
[decoded_serial_node-3] [ERROR] [1791264847.026557103] [bw_dr03_decoded_serial_node]: Serial error: [Errno 5] Input/output error
[decoded_serial_node-3] [ERROR] [1791264847.031381190] [bw_dr03_decoded_serial_node]: Serial error: [Errno 5] Input/output error
[decoded_serial_node-3] [ERROR] [1791264847.036654084] [bw_dr03_decoded_serial_node]: Serial error: [Errno 5] Input/output error
[decoded_serial_node-3] [ERROR] [1791264847.041544660] [bw_dr03_decoded_serial_node]: Serial error: [Errno 5] Input/output error
[decoded_serial_node-3] [ERROR] [1791264847.046665577] [bw_dr03_decoded_serial_node]: Serial error: [Errno 5] Input/output error
[decoded_serial_node-3] [ERROR] [1791264847.051641641] [bw_dr03_decoded_serial_node]: Serial error: [Errno 5] Input/output error
[decoded_serial_node-3] [ERROR] [1791264847.056417047] [bw_dr03_decoded_serial_node]: Serial error: [Errno 5] Input/output error
[decoded_serial_node-3] [ERROR] [1791264847.061478598] [bw_dr03_decoded_serial_node]: Serial error: [Errno 5] Input/output error
[decoded_serial_node-3] [ERROR] [1791264847.066003479] [bw_dr03_decoded_serial_node]: Serial error: [Errno 5] Input/output error
[decoded_serial_node-3] [ERROR] [1791264847.071840351] [bw_dr03_decoded_serial_node]: Serial error: [Errno 5] Input/output error
[decoded_serial_node-3] [ERROR] [1791264847.076809291] [bw_dr03_decoded_serial_node]: Serial error: [Errno 5] Input/output error
[decoded_serial_node-3] [ERROR] [1791264847.081712928] [bw_dr03_decoded_serial_node]: Serial error: [Errno 5] Input/output error
[decoded_serial_node-3] [ERROR] [1791264847.086764980] [bw_dr03_decoded_serial_node]: Serial error: [Errno 5] Input/output error
[decoded_serial_node-3] [ERROR] [1791264847.091433527] [bw_dr03_decoded_serial_node]: Serial error: [Errno 5] Input/output error
[decoded_serial_node-3] [ERROR] [1791264847.096637557] [bw_dr03_decoded_serial_node]: Serial error: [Errno 5] Input/output error
[decoded_serial_node-3] [ERROR] [1791264847.100959406] [bw_dr03_decoded_serial_node]: Serial error: [Errno 5] Input/output error
[decoded_serial_node-3] [ERROR] [1791264847.106656174] [bw_dr03_decoded_serial_node]: Serial error: [Errno 5] Input/output error
[decoded_serial_node-3] [ERROR] [1791264847.111517068] [bw_dr03_decoded_serial_node]: Serial error: [Errno 5] Input/output error
[decoded_serial_node-3] [ERROR] [1791264847.116887322] [bw_dr03_decoded_serial_node]: Serial error: [Errno 5] Input/output error
[decoded_serial_node-3] [ERROR] [1791264847.121669852] [bw_dr03_decoded_serial_node]: Serial error: [Errno 5] Input/output error
[decoded_serial_node-3] [ERROR] [1791264847.126852510] [bw_dr03_decoded_serial_node]: Serial error: [Errno 5] Input/output error
[decoded_serial_node-3] [ERROR] [1791264847.131844009] [bw_dr03_decoded_serial_node]: Serial error: [Errno 5] Input/output error
[decoded_serial_node-3] [ERROR] [1791264847.136538677] [bw_dr03_decoded_serial_node]: Serial error: [Errno 5] Input/output error
[decoded_serial_node-3] [ERROR] [1791264847.141528989] [bw_dr03_decoded_serial_node]: Serial error: [Errno 5] Input/output error
[decoded_serial_node-3] [ERROR] [1791264847.146723519] [bw_dr03_decoded_serial_node]: Serial error: [Errno 5] Input/output error
[decoded_serial_node-3] [ERROR] [1791264847.151792194] [bw_dr03_decoded_serial_node]: Serial error: [Errno 5] Input/output error
[decoded_serial_node-3] [ERROR] [1791264847.156773007] [bw_dr03_decoded_serial_node]: Serial error: [Errno 5] Input/output error
[decoded_serial_node-3] [ERROR] [1791264847.161741947] [bw_dr03_decoded_serial_node]: Serial error: [Errno 5] Input/output error
[decoded_serial_node-3] [ERROR] [1791264847.166380811] [bw_dr03_decoded_serial_node]: Serial error: [Errno 5] Input/output error
[decoded_serial_node-3] [ERROR] [1791264847.171476794] [bw_dr03_decoded_serial_node]: Serial error: [Errno 5] Input/output error
[decoded_serial_node-3] [ERROR] [1791264847.176757999] [bw_dr03_decoded_serial_node]: Serial error: [Errno 5] Input/output error
[decoded_serial_node-3] [ERROR] [1791264847.181653325] [bw_dr03_decoded_serial_node]: Serial error: [Errno 5] Input/output error
[decoded_serial_node-3] [ERROR] [1791264847.186427544] [bw_dr03_decoded_serial_node]: Serial error: [Errno 5] Input/output error
[decoded_serial_node-3] [ERROR] [1791264847.191707562] [bw_dr03_decoded_serial_node]: Serial error: [Errno 5] Input/output error
[decoded_serial_node-3] [ERROR] [1791264847.196433101] [bw_dr03_decoded_serial_node]: Serial error: [Errno 5] Input/output error
[decoded_serial_node-3] [ERROR] [1791264847.201823540] [bw_dr03_decoded_serial_node]: Serial error: [Errno 5] Input/output error
[decoded_serial_node-3] [ERROR] [1791264847.206507522] [bw_dr03_decoded_serial_node]: Serial error: [Errno 5] Input/output error
[decoded_serial_node-3] [ERROR] [1791264847.211673557] [bw_dr03_decoded_serial_node]: Serial error: [Errno 5] Input/output error
[decoded_serial_node-3] [ERROR] [1791264847.216458462] [bw_dr03_decoded_serial_node]: Serial error: [Errno 5] Input/output error
[decoded_serial_node-3] [ERROR] [1791264847.221667241] [bw_dr03_decoded_serial_node]: Serial error: [Errno 5] Input/output error
[decoded_serial_node-3] [ERROR] [1791264847.226722855] [bw_dr03_decoded_serial_node]: Serial error: [Errno 5] Input/output error
[decoded_serial_node-3] [ERROR] [1791264847.231380717] [bw_dr03_decoded_serial_node]: Serial error: [Errno 5] Input/output error
[decoded_serial_node-3] [ERROR] [1791264847.236734349] [bw_dr03_decoded_serial_node]: Serial error: [Errno 5] Input/output error
[decoded_serial_node-3] [ERROR] [1791264847.241870701] [bw_dr03_decoded_serial_node]: Serial error: [Errno 5] Input/output error
[decoded_serial_node-3] [ERROR] [1791264847.246737531] [bw_dr03_decoded_serial_node]: Serial error: [Errno 5] Input/output error
[decoded_serial_node-3] [ERROR] [1791264847.251730217] [bw_dr03_decoded_serial_node]: Serial error: [Errno 5] Input/output error
[decoded_serial_node-3] [ERROR] [1791264847.256693220] [bw_dr03_decoded_serial_node]: Serial error: [Errno 5] Input/output error
[decoded_serial_node-3] [ERROR] [1791264847.261412822] [bw_dr03_decoded_serial_node]: Serial error: [Errno 5] Input/output error
[decoded_serial_node-3] [ERROR] [1791264847.266747457] [bw_dr03_decoded_serial_node]: Serial error: [Errno 5] Input/output error
[decoded_serial_node-3] [ERROR] [1791264847.271801884] [bw_dr03_decoded_serial_node]: Serial error: [Errno 5] Input/output error
[decoded_serial_node-3] [ERROR] [1791264847.276724518] [bw_dr03_decoded_serial_node]: Serial error: [Errno 5] Input/output error
[decoded_serial_node-3] [ERROR] [1791264847.281376443] [bw_dr03_decoded_serial_node]: Serial error: [Errno 5] Input/output error
[decoded_serial_node-3] [ERROR] [1791264847.286745510] [bw_dr03_decoded_serial_node]: Serial error: [Errno 5] Input/output error
[decoded_serial_node-3] [ERROR] [1791264847.291812997] [bw_dr03_decoded_serial_node]: Serial error: [Errno 5] Input/output error
[decoded_serial_node-3] [ERROR] [1791264847.296684577] [bw_dr03_decoded_serial_node]: Serial error: [Errno 5] Input/output error
[decoded_serial_node-3] [ERROR] [1791264847.300929250] [bw_dr03_decoded_serial_node]: Serial error: [Errno 5] Input/output error
[decoded_serial_node-3] [ERROR] [1791264847.306773246] [bw_dr03_decoded_serial_node]: Serial error: [Errno 5] Input/output error
[decoded_serial_node-3] [ERROR] [1791264847.311705379] [bw_dr03_decoded_serial_node]: Serial error: [Errno 5] Input/output error
[decoded_serial_node-3] [ERROR] [1791264847.316359678] [bw_dr03_decoded_serial_node]: Serial error: [Errno 5] Input/output error
[decoded_serial_node-3] [ERROR] [1791264847.321670566] [bw_dr03_decoded_serial_node]: Serial error: [Errno 5] Input/output error
[decoded_serial_node-3] [ERROR] [1791264847.326412728] [bw_dr03_decoded_serial_node]: Serial error: [Errno 5] Input/output error
[decoded_serial_node-3] [ERROR] [1791264847.331664250] [bw_dr03_decoded_serial_node]: Serial error: [Errno 5] Input/output error
[decoded_serial_node-3] [ERROR] [1791264847.335937419] [bw_dr03_decoded_serial_node]: Serial error: [Errno 5] Input/output error
[decoded_serial_node-3] [ERROR] [1791264847.341026279] [bw_dr03_decoded_serial_node]: Serial error: [Errno 5] Input/output error
[decoded_serial_node-3] [ERROR] [1791264847.345985720] [bw_dr03_decoded_serial_node]: Serial error: [Errno 5] Input/output error
[decoded_serial_node-3] [ERROR] [1791264847.350945161] [bw_dr03_decoded_serial_node]: Serial error: [Errno 5] Input/output error
[decoded_serial_node-3] [ERROR] [1791264847.355947346] [bw_dr03_decoded_serial_node]: Serial error: [Errno 5] Input/output error
[decoded_serial_node-3] [ERROR] [1791264847.360932908] [bw_dr03_decoded_serial_node]: Serial error: [Errno 5] Input/output error
[decoded_serial_node-3] [ERROR] [1791264847.365912534] [bw_dr03_decoded_serial_node]: Serial error: [Errno 5] Input/output error
[decoded_serial_node-3] [ERROR] [1791264847.370966960] [bw_dr03_decoded_serial_node]: Serial error: [Errno 5] Input/output error
[decoded_serial_node-3] [ERROR] [1791264847.375954897] [bw_dr03_decoded_serial_node]: Serial error: [Errno 5] Input/output error
[decoded_serial_node-3] [ERROR] [1791264847.380911964] [bw_dr03_decoded_serial_node]: Serial error: [Errno 5] Input/output error
[decoded_serial_node-3] [ERROR] [1791264847.386003198] [bw_dr03_decoded_serial_node]: Serial error: [Errno 5] Input/output error
[decoded_serial_node-3] [ERROR] [1791264847.390912771] [bw_dr03_decoded_serial_node]: Serial error: [Errno 5] Input/output error
[decoded_serial_node-3] [ERROR] [1791264847.395960074] [bw_dr03_decoded_serial_node]: Serial error: [Errno 5] Input/output error
[decoded_serial_node-3] [ERROR] [1791264847.401485868] [bw_dr03_decoded_serial_node]: Serial error: [Errno 5] Input/output error
[decoded_serial_node-3] [ERROR] [1791264847.407148203] [bw_dr03_decoded_serial_node]: Serial error: [Errno 5] Input/output error
[decoded_serial_node-3] [ERROR] [1791264847.411637465] [bw_dr03_decoded_serial_node]: Serial error: [Errno 5] Input/output error
[decoded_serial_node-3] [ERROR] [1791264847.416937667] [bw_dr03_decoded_serial_node]: Serial error: [Errno 5] Input/output error
[decoded_serial_node-3] [ERROR] [1791264847.420924692] [bw_dr03_decoded_serial_node]: Serial error: [Errno 5] Input/output error
[decoded_serial_node-3] [ERROR] [1791264847.426407742] [bw_dr03_decoded_serial_node]: Serial error: [Errno 5] Input/output error
[decoded_serial_node-3] [ERROR] [1791264847.431845674] [bw_dr03_decoded_serial_node]: Serial error: [Errno 5] Input/output error
[follow_planner-6] [INFO] [1791264847.433714517] [follow_planner_node]: [IDLE] disabled | d=- goc=- | v=0.000 w=0.000 | thoang=-
[decoded_serial_node-3] [ERROR] [1791264847.435925310] [bw_dr03_decoded_serial_node]: Serial error: [Errno 5] Input/output error
[decoded_serial_node-3] [ERROR] [1791264847.441858354] [bw_dr03_decoded_serial_node]: Serial error: [Errno 5] Input/output error
[decoded_serial_node-3] [ERROR] [1791264847.446471098] [bw_dr03_decoded_serial_node]: Serial error: [Errno 5] Input/output error
[decoded_serial_node-3] [ERROR] [1791264847.451422228] [bw_dr03_decoded_serial_node]: Serial error: [Errno 5] Input/output error
[decoded_serial_node-3] [ERROR] [1791264847.456730741] [bw_dr03_decoded_serial_node]: Serial error: [Errno 5] Input/output error
[decoded_serial_node-3] [ERROR] [1791264847.461833848] [bw_dr03_decoded_serial_node]: Serial error: [Errno 5] Input/output error
[decoded_serial_node-3] [ERROR] [1791264847.466889462] [bw_dr03_decoded_serial_node]: Serial error: [Errno 5] Input/output error
[decoded_serial_node-3] [ERROR] [1791264847.470952476] [bw_dr03_decoded_serial_node]: Serial error: [Errno 5] Input/output error
[decoded_serial_node-3] [ERROR] [1791264847.476409405] [bw_dr03_decoded_serial_node]: Serial error: [Errno 5] Input/output error
[decoded_serial_node-3] [ERROR] [1791264847.481725042] [bw_dr03_decoded_serial_node]: Serial error: [Errno 5] Input/output error
[decoded_serial_node-3] [ERROR] [1791264847.486661924] [bw_dr03_decoded_serial_node]: Serial error: [Errno 5] Input/output error
[decoded_serial_node-3] [ERROR] [1791264847.491488386] [bw_dr03_decoded_serial_node]: Serial error: [Errno 5] Input/output error
[decoded_serial_node-3] [ERROR] [1791264847.496368276] [bw_dr03_decoded_serial_node]: Serial error: [Errno 5] Input/output error
[decoded_serial_node-3] [ERROR] [1791264847.500956086] [bw_dr03_decoded_serial_node]: Serial error: [Errno 5] Input/output error
[decoded_serial_node-3] [ERROR] [1791264847.506359585] [bw_dr03_decoded_serial_node]: Serial error: [Errno 5] Input/output error
[decoded_serial_node-3] [ERROR] [1791264847.511708468] [bw_dr03_decoded_serial_node]: Serial error: [Errno 5] Input/output error
[decoded_serial_node-3] [ERROR] [1791264847.516388888] [bw_dr03_decoded_serial_node]: Serial error: [Errno 5] Input/output error
[decoded_serial_node-3] [ERROR] [1791264847.521484871] [bw_dr03_decoded_serial_node]: Serial error: [Errno 5] Input/output error
[decoded_serial_node-3] [ERROR] [1791264847.526497742] [bw_dr03_decoded_serial_node]: Serial error: [Errno 5] Input/output error
[decoded_serial_node-3] [ERROR] [1791264847.531630532] [bw_dr03_decoded_serial_node]: Serial error: [Errno 5] Input/output error
[decoded_serial_node-3] [ERROR] [1791264847.536352509] [bw_dr03_decoded_serial_node]: Serial error: [Errno 5] Input/output error
[decoded_serial_node-3] [ERROR] [1791264847.541856931] [bw_dr03_decoded_serial_node]: Serial error: [Errno 5] Input/output error
[decoded_serial_node-3] [ERROR] [1791264847.546738009] [bw_dr03_decoded_serial_node]: Serial error: [Errno 5] Input/output error
[decoded_serial_node-3] [ERROR] [1791264847.551474233] [bw_dr03_decoded_serial_node]: Serial error: [Errno 5] Input/output error
[decoded_serial_node-3] [ERROR] [1791264847.556658078] [bw_dr03_decoded_serial_node]: Serial error: [Errno 5] Input/output error
[decoded_serial_node-3] [ERROR] [1791264847.561725566] [bw_dr03_decoded_serial_node]: Serial error: [Errno 5] Input/output error
[decoded_serial_node-3] [ERROR] [1791264847.566332372] [bw_dr03_decoded_serial_node]: Serial error: [Errno 5] Input/output error
[decoded_serial_node-3] [ERROR] [1791264847.571371364] [bw_dr03_decoded_serial_node]: Serial error: [Errno 5] Input/output error
[decoded_serial_node-3] [ERROR] [1791264847.576714310] [bw_dr03_decoded_serial_node]: Serial error: [Errno 5] Input/output error
[decoded_serial_node-3] [ERROR] [1791264847.581684437] [bw_dr03_decoded_serial_node]: Serial error: [Errno 5] Input/output error
[decoded_serial_node-3] [ERROR] [1791264847.586748362] [bw_dr03_decoded_serial_node]: Serial error: [Errno 5] Input/output error
[decoded_serial_node-3] [ERROR] [1791264847.592234974] [bw_dr03_decoded_serial_node]: Serial error: [Errno 5] Input/output error
[decoded_serial_node-3] [ERROR] [1791264847.596016593] [bw_dr03_decoded_serial_node]: Serial error: [Errno 5] Input/output error
[decoded_serial_node-3] [ERROR] [1791264847.601659931] [bw_dr03_decoded_serial_node]: Serial error: [Errno 5] Input/output error
[decoded_serial_node-3] [ERROR] [1791264847.606394968] [bw_dr03_decoded_serial_node]: Serial error: [Errno 5] Input/output error
[decoded_serial_node-3] [ERROR] [1791264847.611420899] [bw_dr03_decoded_serial_node]: Serial error: [Errno 5] Input/output error
[decoded_serial_node-3] [ERROR] [1791264847.616835085] [bw_dr03_decoded_serial_node]: Serial error: [Errno 5] Input/output error
[decoded_serial_node-3] [ERROR] [1791264847.621614053] [bw_dr03_decoded_serial_node]: Serial error: [Errno 5] Input/output error
[decoded_serial_node-3] [ERROR] [1791264847.626641171] [bw_dr03_decoded_serial_node]: Serial error: [Errno 5] Input/output error
[decoded_serial_node-3] [ERROR] [1791264847.631322779] [bw_dr03_decoded_serial_node]: Serial error: [Errno 5] Input/output error
[decoded_serial_node-3] [ERROR] [1791264847.636722717] [bw_dr03_decoded_serial_node]: Serial error: [Errno 5] Input/output error
[decoded_serial_node-3] [ERROR] [1791264847.641884003] [bw_dr03_decoded_serial_node]: Serial error: [Errno 5] Input/output error
[decoded_serial_node-3] [ERROR] [1791264847.646402947] [bw_dr03_decoded_serial_node]: Serial error: [Errno 5] Input/output error
[decoded_serial_node-3] [ERROR] [1791264847.651718585] [bw_dr03_decoded_serial_node]: Serial error: [Errno 5] Input/output error
[decoded_serial_node-3] [ERROR] [1791264847.656729081] [bw_dr03_decoded_serial_node]: Serial error: [Errno 5] Input/output error
[decoded_serial_node-3] [ERROR] [1791264847.661437997] [bw_dr03_decoded_serial_node]: Serial error: [Errno 5] Input/output error
[decoded_serial_node-3] [ERROR] [1791264847.666813001] [bw_dr03_decoded_serial_node]: Serial error: [Errno 5] Input/output error
[decoded_serial_node-3] [ERROR] [1791264847.672848155] [bw_dr03_decoded_serial_node]: Serial error: [Errno 5] Input/output error
[decoded_serial_node-3] [ERROR] [1791264847.676845866] [bw_dr03_decoded_serial_node]: Serial error: [Errno 5] Input/output error
[decoded_serial_node-3] [ERROR] [1791264847.681673515] [bw_dr03_decoded_serial_node]: Serial error: [Errno 5] Input/output error
[decoded_serial_node-3] [ERROR] [1791264847.686650766] [bw_dr03_decoded_serial_node]: Serial error: [Errno 5] Input/output error
[decoded_serial_node-3] [ERROR] [1791264847.691453480] [bw_dr03_decoded_serial_node]: Serial error: [Errno 5] Input/output error
[decoded_serial_node-3] [ERROR] [1791264847.696498409] [bw_dr03_decoded_serial_node]: Serial error: [Errno 5] Input/output error
[decoded_serial_node-3] [ERROR] [1791264847.700937803] [bw_dr03_decoded_serial_node]: Serial error: [Errno 5] Input/output error
[decoded_serial_node-3] [ERROR] [1791264847.706709372] [bw_dr03_decoded_serial_node]: Serial error: [Errno 5] Input/output error
[decoded_serial_node-3] [ERROR] [1791264847.712130681] [bw_dr03_decoded_serial_node]: Serial error: [Errno 5] Input/output error
[decoded_serial_node-3] [ERROR] [1791264847.716340923] [bw_dr03_decoded_serial_node]: Serial error: [Errno 5] Input/output error
[decoded_serial_node-3] [ERROR] [1791264847.721666059] [bw_dr03_decoded_serial_node]: Serial error: [Errno 5] Input/output error
[decoded_serial_node-3] [ERROR] [1791264847.726350041] [bw_dr03_decoded_serial_node]: Serial error: [Errno 5] Input/output error
[decoded_serial_node-3] [ERROR] [1791264847.731681114] [bw_dr03_decoded_serial_node]: Serial error: [Errno 5] Input/output error
[decoded_serial_node-3] [ERROR] [1791264847.736664302] [bw_dr03_decoded_serial_node]: Serial error: [Errno 5] Input/output error
[decoded_serial_node-3] [ERROR] [1791264847.741444457] [bw_dr03_decoded_serial_node]: Serial error: [Errno 5] Input/output error
[decoded_serial_node-3] [ERROR] [1791264847.746711415] [bw_dr03_decoded_serial_node]: Serial error: [Errno 5] Input/output error
[decoded_serial_node-3] [ERROR] [1791264847.751801461] [bw_dr03_decoded_serial_node]: Serial error: [Errno 5] Input/output error
[decoded_serial_node-3] [ERROR] [1791264847.756508003] [bw_dr03_decoded_serial_node]: Serial error: [Errno 5] Input/output error
[decoded_serial_node-3] [ERROR] [1791264847.761676412] [bw_dr03_decoded_serial_node]: Serial error: [Errno 5] Input/output error
[decoded_serial_node-3] [ERROR] [1791264847.766304591] [bw_dr03_decoded_serial_node]: Serial error: [Errno 5] Input/output error
[decoded_serial_node-3] [ERROR] [1791264847.771347145] [bw_dr03_decoded_serial_node]: Serial error: [Errno 5] Input/output error
[decoded_serial_node-3] [ERROR] [1791264847.775939703] [bw_dr03_decoded_serial_node]: Serial error: [Errno 5] Input/output error
[decoded_serial_node-3] [ERROR] [1791264847.781600852] [bw_dr03_decoded_serial_node]: Serial error: [Errno 5] Input/output error
[decoded_serial_node-3] [ERROR] [1791264847.786714644] [bw_dr03_decoded_serial_node]: Serial error: [Errno 5] Input/output error
[decoded_serial_node-3] [ERROR] [1791264847.790939134] [bw_dr03_decoded_serial_node]: Serial error: [Errno 5] Input/output error
[decoded_serial_node-3] [ERROR] [1791264847.796781942] [bw_dr03_decoded_serial_node]: Serial error: [Errno 5] Input/output error
[decoded_serial_node-3] [ERROR] [1791264847.801689141] [bw_dr03_decoded_serial_node]: Serial error: [Errno 5] Input/output error
[decoded_serial_node-3] [ERROR] [1791264847.806668767] [bw_dr03_decoded_serial_node]: Serial error: [Errno 5] Input/output error
[decoded_serial_node-3] [ERROR] [1791264847.811513038] [bw_dr03_decoded_serial_node]: Serial error: [Errno 5] Input/output error
[decoded_serial_node-3] [ERROR] [1791264847.816351372] [bw_dr03_decoded_serial_node]: Serial error: [Errno 5] Input/output error
[decoded_serial_node-3] [ERROR] [1791264847.821480600] [bw_dr03_decoded_serial_node]: Serial error: [Errno 5] Input/output error
[decoded_serial_node-3] [ERROR] [1791264847.826664445] [bw_dr03_decoded_serial_node]: Serial error: [Errno 5] Input/output error
[decoded_serial_node-3] [ERROR] [1791264847.831710561] [bw_dr03_decoded_serial_node]: Serial error: [Errno 5] Input/output error
[decoded_serial_node-3] [ERROR] [1791264847.836371984] [bw_dr03_decoded_serial_node]: Serial error: [Errno 5] Input/output error
[decoded_serial_node-3] [ERROR] [1791264847.841836037] [bw_dr03_decoded_serial_node]: Serial error: [Errno 5] Input/output error
[decoded_serial_node-3] [ERROR] [1791264847.846464215] [bw_dr03_decoded_serial_node]: Serial error: [Errno 5] Input/output error
[decoded_serial_node-3] [ERROR] [1791264847.851775104] [bw_dr03_decoded_serial_node]: Serial error: [Errno 5] Input/output error
[decoded_serial_node-3] [ERROR] [1791264847.856868712] [bw_dr03_decoded_serial_node]: Serial error: [Errno 5] Input/output error
[decoded_serial_node-3] [ERROR] [1791264847.861800845] [bw_dr03_decoded_serial_node]: Serial error: [Errno 5] Input/output error
[decoded_serial_node-3] [ERROR] [1791264847.866376781] [bw_dr03_decoded_serial_node]: Serial error: [Errno 5] Input/output error
[decoded_serial_node-3] [ERROR] [1791264847.871720914] [bw_dr03_decoded_serial_node]: Serial error: [Errno 5] Input/output error
[decoded_serial_node-3] [ERROR] [1791264847.875905035] [bw_dr03_decoded_serial_node]: Serial error: [Errno 5] Input/output error
[decoded_serial_node-3] [ERROR] [1791264847.881255105] [bw_dr03_decoded_serial_node]: Serial error: [Errno 5] Input/output error
[decoded_serial_node-3] [ERROR] [1791264847.886215733] [bw_dr03_decoded_serial_node]: Serial error: [Errno 5] Input/output error
[decoded_serial_node-3] [ERROR] [1791264847.891836512] [bw_dr03_decoded_serial_node]: Serial error: [Errno 5] Input/output error
[decoded_serial_node-3] [ERROR] [1791264847.896704530] [bw_dr03_decoded_serial_node]: Serial error: [Errno 5] Input/output error
[decoded_serial_node-3] [ERROR] [1791264847.900950391] [bw_dr03_decoded_serial_node]: Serial error: [Errno 5] Input/output error
[decoded_serial_node-3] [ERROR] [1791264847.906675654] [bw_dr03_decoded_serial_node]: Serial error: [Errno 5] Input/output error
[decoded_serial_node-3] [ERROR] [1791264847.911599476] [bw_dr03_decoded_serial_node]: Serial error: [Errno 5] Input/output error
[decoded_serial_node-3] [ERROR] [1791264847.916480553] [bw_dr03_decoded_serial_node]: Serial error: [Errno 5] Input/output error
[decoded_serial_node-3] [ERROR] [1791264847.921472052] [bw_dr03_decoded_serial_node]: Serial error: [Errno 5] Input/output error
[decoded_serial_node-3] [ERROR] [1791264847.926258145] [bw_dr03_decoded_serial_node]: Serial error: [Errno 5] Input/output error
[decoded_serial_node-3] [ERROR] [1791264847.931171280] [bw_dr03_decoded_serial_node]: Serial error: [Errno 5] Input/output error
[decoded_serial_node-3] [ERROR] [1791264847.936685200] [bw_dr03_decoded_serial_node]: Serial error: [Errno 5] Input/output error
[decoded_serial_node-3] [ERROR] [1791264847.941594774] [bw_dr03_decoded_serial_node]: Serial error: [Errno 5] Input/output error
[decoded_serial_node-3] [ERROR] [1791264847.947014896] [bw_dr03_decoded_serial_node]: Serial error: [Errno 5] Input/output error
[decoded_serial_node-3] [ERROR] [1791264847.951895974] [bw_dr03_decoded_serial_node]: Serial error: [Errno 5] Input/output error
[decoded_serial_node-3] [ERROR] [1791264847.956634573] [bw_dr03_decoded_serial_node]: Serial error: [Errno 5] Input/output error
[decoded_serial_node-3] [ERROR] [1791264847.961504965] [bw_dr03_decoded_serial_node]: Serial error: [Errno 5] Input/output error
[decoded_serial_node-3] [ERROR] [1791264847.966478654] [bw_dr03_decoded_serial_node]: Serial error: [Errno 5] Input/output error
[decoded_serial_node-3] [ERROR] [1791264847.971483214] [bw_dr03_decoded_serial_node]: Serial error: [Errno 5] Input/output error
[decoded_serial_node-3] [ERROR] [1791264847.976290678] [bw_dr03_decoded_serial_node]: Serial error: [Errno 5] Input/output error
[decoded_serial_node-3] [ERROR] [1791264847.981233496] [bw_dr03_decoded_serial_node]: Serial error: [Errno 5] Input/output error
[decoded_serial_node-3] [ERROR] [1791264847.986620373] [bw_dr03_decoded_serial_node]: Serial error: [Errno 5] Input/output error
[decoded_serial_node-3] [ERROR] [1791264847.991236678] [bw_dr03_decoded_serial_node]: Serial error: [Errno 5] Input/output error
[decoded_serial_node-3] [ERROR] [1791264847.996244800] [bw_dr03_decoded_serial_node]: Serial error: [Errno 5] Input/output error
[decoded_serial_node-3] [ERROR] [1791264848.001451204] [bw_dr03_decoded_serial_node]: Serial error: [Errno 5] Input/output error
[decoded_serial_node-3] [ERROR] [1791264848.006810772] [bw_dr03_decoded_serial_node]: Serial error: [Errno 5] Input/output error
[decoded_serial_node-3] [ERROR] [1791264848.011459135] [bw_dr03_decoded_serial_node]: Serial error: [Errno 5] Input/output error
[decoded_serial_node-3] [ERROR] [1791264848.016188236] [bw_dr03_decoded_serial_node]: Serial error: [Errno 5] Input/output error
[decoded_serial_node-3] [ERROR] [1791264848.021011135] [bw_dr03_decoded_serial_node]: Serial error: [Errno 5] Input/output error
[decoded_serial_node-3] [ERROR] [1791264848.025924270] [bw_dr03_decoded_serial_node]: Serial error: [Errno 5] Input/output error
[decoded_serial_node-3] [ERROR] [1791264848.031433441] [bw_dr03_decoded_serial_node]: Serial error: [Errno 5] Input/output error
[decoded_serial_node-3] [ERROR] [1791264848.035928640] [bw_dr03_decoded_serial_node]: Serial error: [Errno 5] Input/output error
[decoded_serial_node-3] [ERROR] [1791264848.040932012] [bw_dr03_decoded_serial_node]: Serial error: [Errno 5] Input/output error
[decoded_serial_node-3] [ERROR] [1791264848.046020871] [bw_dr03_decoded_serial_node]: Serial error: [Errno 5] Input/output error
[decoded_serial_node-3] [ERROR] [1791264848.050999309] [bw_dr03_decoded_serial_node]: Serial error: [Errno 5] Input/output error
[decoded_serial_node-3] [ERROR] [1791264848.055926692] [bw_dr03_decoded_serial_node]: Serial error: [Errno 5] Input/output error
[decoded_serial_node-3] [ERROR] [1791264848.060934814] [bw_dr03_decoded_serial_node]: Serial error: [Errno 5] Input/output error
[decoded_serial_node-3] [ERROR] [1791264848.065918001] [bw_dr03_decoded_serial_node]: Serial error: [Errno 5] Input/output error
[decoded_serial_node-3] [ERROR] [1791264848.070960555] [bw_dr03_decoded_serial_node]: Serial error: [Errno 5] Input/output error
[decoded_serial_node-3] [ERROR] [1791264848.075997172] [bw_dr03_decoded_serial_node]: Serial error: [Errno 5] Input/output error
[decoded_serial_node-3] [ERROR] [1791264848.080999356] [bw_dr03_decoded_serial_node]: Serial error: [Errno 5] Input/output error
[decoded_serial_node-3] [ERROR] [1791264848.086697311] [bw_dr03_decoded_serial_node]: Serial error: [Errno 5] Input/output error
[decoded_serial_node-3] [ERROR] [1791264848.090925362] [bw_dr03_decoded_serial_node]: Serial error: [Errno 5] Input/output error
[decoded_serial_node-3] [ERROR] [1791264848.097272782] [bw_dr03_decoded_serial_node]: Serial error: [Errno 5] Input/output error
[decoded_serial_node-3] [ERROR] [1791264848.100923795] [bw_dr03_decoded_serial_node]: Serial error: [Errno 5] Input/output error
[decoded_serial_node-3] [ERROR] [1791264848.106006718] [bw_dr03_decoded_serial_node]: Serial error: [Errno 5] Input/output error
[decoded_serial_node-3] [ERROR] [1791264848.110997029] [bw_dr03_decoded_serial_node]: Serial error: [Errno 5] Input/output error
[decoded_serial_node-3] [ERROR] [1791264848.115923225] [bw_dr03_decoded_serial_node]: Serial error: [Errno 5] Input/output error
[decoded_serial_node-3] [ERROR] [1791264848.122254022] [bw_dr03_decoded_serial_node]: Serial error: [Errno 5] Input/output error
[decoded_serial_node-3] [ERROR] [1791264848.125920471] [bw_dr03_decoded_serial_node]: Serial error: [Errno 5] Input/output error
[decoded_serial_node-3] [ERROR] [1791264848.130922655] [bw_dr03_decoded_serial_node]: Serial error: [Errno 5] Input/output error
[decoded_serial_node-3] [ERROR] [1791264848.136258477] [bw_dr03_decoded_serial_node]: Serial error: [Errno 5] Input/output error
[decoded_serial_node-3] [ERROR] [1791264848.141109872] [bw_dr03_decoded_serial_node]: Serial error: [Errno 5] Input/output error
[decoded_serial_node-3] [ERROR] [1791264848.146474190] [bw_dr03_decoded_serial_node]: Serial error: [Errno 5] Input/output error
[decoded_serial_node-3] [ERROR] [1791264848.151433631] [bw_dr03_decoded_serial_node]: Serial error: [Errno 5] Input/output error
[decoded_serial_node-3] [ERROR] [1791264848.156472622] [bw_dr03_decoded_serial_node]: Serial error: [Errno 5] Input/output error
[decoded_serial_node-3] [ERROR] [1791264848.161798946] [bw_dr03_decoded_serial_node]: Serial error: [Errno 5] Input/output error
[decoded_serial_node-3] [ERROR] [1791264848.166206282] [bw_dr03_decoded_serial_node]: Serial error: [Errno 5] Input/output error
[decoded_serial_node-3] [ERROR] [1791264848.171215591] [bw_dr03_decoded_serial_node]: Serial error: [Errno 5] Input/output error
[decoded_serial_node-3] [ERROR] [1791264848.176471862] [bw_dr03_decoded_serial_node]: Serial error: [Errno 5] Input/output error
[decoded_serial_node-3] [ERROR] [1791264848.181495419] [bw_dr03_decoded_serial_node]: Serial error: [Errno 5] Input/output error
[decoded_serial_node-3] [ERROR] [1791264848.186466733] [bw_dr03_decoded_serial_node]: Serial error: [Errno 5] Input/output error
[decoded_serial_node-3] [ERROR] [1791264848.191204145] [bw_dr03_decoded_serial_node]: Serial error: [Errno 5] Input/output error
[decoded_serial_node-3] [ERROR] [1791264848.196669385] [bw_dr03_decoded_serial_node]: Serial error: [Errno 5] Input/output error
[decoded_serial_node-3] [ERROR] [1791264848.201478036] [bw_dr03_decoded_serial_node]: Serial error: [Errno 5] Input/output error
[decoded_serial_node-3] [ERROR] [1791264848.206441039] [bw_dr03_decoded_serial_node]: Serial error: [Errno 5] Input/output error
[decoded_serial_node-3] [ERROR] [1791264848.211931213] [bw_dr03_decoded_serial_node]: Serial error: [Errno 5] Input/output error
[decoded_serial_node-3] [ERROR] [1791264848.216162826] [bw_dr03_decoded_serial_node]: Serial error: [Errno 5] Input/output error
[decoded_serial_node-3] [ERROR] [1791264848.221243374] [bw_dr03_decoded_serial_node]: Serial error: [Errno 5] Input/output error
[decoded_serial_node-3] [ERROR] [1791264848.226441467] [bw_dr03_decoded_serial_node]: Serial error: [Errno 5] Input/output error
[decoded_serial_node-3] [ERROR] [1791264848.231679928] [bw_dr03_decoded_serial_node]: Serial error: [Errno 5] Input/output error
[decoded_serial_node-3] [ERROR] [1791264848.236287922] [bw_dr03_decoded_serial_node]: Serial error: [Errno 5] Input/output error
[decoded_serial_node-3] [ERROR] [1791264848.240919663] [bw_dr03_decoded_serial_node]: Serial error: [Errno 5] Input/output error
[decoded_serial_node-3] [ERROR] [1791264848.246739912] [bw_dr03_decoded_serial_node]: Serial error: [Errno 5] Input/output error
[decoded_serial_node-3] [ERROR] [1791264848.251469012] [bw_dr03_decoded_serial_node]: Serial error: [Errno 5] Input/output error
[decoded_serial_node-3] [ERROR] [1791264848.256688477] [bw_dr03_decoded_serial_node]: Serial error: [Errno 5] Input/output error
[decoded_serial_node-3] [ERROR] [1791264848.261500690] [bw_dr03_decoded_serial_node]: Serial error: [Errno 5] Input/output error
[decoded_serial_node-3] [ERROR] [1791264848.266181111] [bw_dr03_decoded_serial_node]: Serial error: [Errno 5] Input/output error
[decoded_serial_node-3] [ERROR] [1791264848.271513371] [bw_dr03_decoded_serial_node]: Serial error: [Errno 5] Input/output error
[decoded_serial_node-3] [ERROR] [1791264848.276463313] [bw_dr03_decoded_serial_node]: Serial error: [Errno 5] Input/output error
[decoded_serial_node-3] [ERROR] [1791264848.280934765] [bw_dr03_decoded_serial_node]: Serial error: [Errno 5] Input/output error
[decoded_serial_node-3] [ERROR] [1791264848.286284835] [bw_dr03_decoded_serial_node]: Serial error: [Errno 5] Input/output error
[decoded_serial_node-3] [ERROR] [1791264848.291263273] [bw_dr03_decoded_serial_node]: Serial error: [Errno 5] Input/output error
[decoded_serial_node-3] [ERROR] [1791264848.296506484] [bw_dr03_decoded_serial_node]: Serial error: [Errno 5] Input/output error
[decoded_serial_node-3] [ERROR] [1791264848.300943504] [bw_dr03_decoded_serial_node]: Serial error: [Errno 5] Input/output error
[decoded_serial_node-3] [ERROR] [1791264848.307034462] [bw_dr03_decoded_serial_node]: Serial error: [Errno 5] Input/output error
[decoded_serial_node-3] [ERROR] [1791264848.311272012] [bw_dr03_decoded_serial_node]: Serial error: [Errno 5] Input/output error
[decoded_serial_node-3] [ERROR] [1791264848.316233828] [bw_dr03_decoded_serial_node]: Serial error: [Errno 5] Input/output error
[decoded_serial_node-3] [ERROR] [1791264848.321532843] [bw_dr03_decoded_serial_node]: Serial error: [Errno 5] Input/output error
[decoded_serial_node-3] [ERROR] [1791264848.326608641] [bw_dr03_decoded_serial_node]: Serial error: [Errno 5] Input/output error
[decoded_serial_node-3] [ERROR] [1791264848.331254629] [bw_dr03_decoded_serial_node]: Serial error: [Errno 5] Input/output error
[decoded_serial_node-3] [ERROR] [1791264848.336535835] [bw_dr03_decoded_serial_node]: Serial error: [Errno 5] Input/output error
[decoded_serial_node-3] [ERROR] [1791264848.341846723] [bw_dr03_decoded_serial_node]: Serial error: [Errno 5] Input/output error
[decoded_serial_node-3] [ERROR] [1791264848.346680308] [bw_dr03_decoded_serial_node]: Serial error: [Errno 5] Input/output error
[decoded_serial_node-3] [ERROR] [1791264848.351252682] [bw_dr03_decoded_serial_node]: Serial error: [Errno 5] Input/output error
[decoded_serial_node-3] [ERROR] [1791264848.356493518] [bw_dr03_decoded_serial_node]: Serial error: [Errno 5] Input/output error
[decoded_serial_node-3] [ERROR] [1791264848.361215495] [bw_dr03_decoded_serial_node]: Serial error: [Errno 5] Input/output error
[decoded_serial_node-3] [ERROR] [1791264848.366480078] [bw_dr03_decoded_serial_node]: Serial error: [Errno 5] Input/output error
[decoded_serial_node-3] [ERROR] [1791264848.371511945] [bw_dr03_decoded_serial_node]: Serial error: [Errno 5] Input/output error
[decoded_serial_node-3] [ERROR] [1791264848.376216113] [bw_dr03_decoded_serial_node]: Serial error: [Errno 5] Input/output error
[decoded_serial_node-3] [ERROR] [1791264848.381182678] [bw_dr03_decoded_serial_node]: Serial error: [Errno 5] Input/output error
[decoded_serial_node-3] [ERROR] [1791264848.386467445] [bw_dr03_decoded_serial_node]: Serial error: [Errno 5] Input/output error
[decoded_serial_node-3] [ERROR] [1791264848.391679785] [bw_dr03_decoded_serial_node]: Serial error: [Errno 5] Input/output error
[decoded_serial_node-3] [ERROR] [1791264848.396330523] [bw_dr03_decoded_serial_node]: Serial error: [Errno 5] Input/output error
[decoded_serial_node-3] [ERROR] [1791264848.401254344] [bw_dr03_decoded_serial_node]: Serial error: [Errno 5] Input/output error
[decoded_serial_node-3] [ERROR] [1791264848.406708898] [bw_dr03_decoded_serial_node]: Serial error: [Errno 5] Input/output error
[decoded_serial_node-3] [ERROR] [1791264848.411551982] [bw_dr03_decoded_serial_node]: Serial error: [Errno 5] Input/output error
[decoded_serial_node-3] [ERROR] [1791264848.416252587] [bw_dr03_decoded_serial_node]: Serial error: [Errno 5] Input/output error
[decoded_serial_node-3] [ERROR] [1791264848.421456616] [bw_dr03_decoded_serial_node]: Serial error: [Errno 5] Input/output error
[decoded_serial_node-3] [ERROR] [1791264848.426255769] [bw_dr03_decoded_serial_node]: Serial error: [Errno 5] Input/output error
[decoded_serial_node-3] [ERROR] [1791264848.431191463] [bw_dr03_decoded_serial_node]: Serial error: [Errno 5] Input/output error
[decoded_serial_node-3] [ERROR] [1791264848.436245890] [bw_dr03_decoded_serial_node]: Serial error: [Errno 5] Input/output error
[decoded_serial_node-3] [ERROR] [1791264848.441600709] [bw_dr03_decoded_serial_node]: Serial error: [Errno 5] Input/output error
[decoded_serial_node-3] [ERROR] [1791264848.446639701] [bw_dr03_decoded_serial_node]: Serial error: [Errno 5] Input/output error
[decoded_serial_node-3] [ERROR] [1791264848.451448352] [bw_dr03_decoded_serial_node]: Serial error: [Errno 5] Input/output error
[decoded_serial_node-3] [ERROR] [1791264848.456452912] [bw_dr03_decoded_serial_node]: Serial error: [Errno 5] Input/output error
[decoded_serial_node-3] [ERROR] [1791264848.461480030] [bw_dr03_decoded_serial_node]: Serial error: [Errno 5] Input/output error
[decoded_serial_node-3] [ERROR] [1791264848.466003724] [bw_dr03_decoded_serial_node]: Serial error: [Errno 5] Input/output error
[decoded_serial_node-3] [ERROR] [1791264848.470919234] [bw_dr03_decoded_serial_node]: Serial error: [Errno 5] Input/output error
[decoded_serial_node-3] [ERROR] [1791264848.476459275] [bw_dr03_decoded_serial_node]: Serial error: [Errno 5] Input/output error
[decoded_serial_node-3] [ERROR] [1791264848.480927166] [bw_dr03_decoded_serial_node]: Serial error: [Errno 5] Input/output error
[decoded_serial_node-3] [ERROR] [1791264848.485934099] [bw_dr03_decoded_serial_node]: Serial error: [Errno 5] Input/output error
[decoded_serial_node-3] [ERROR] [1791264848.490923224] [bw_dr03_decoded_serial_node]: Serial error: [Errno 5] Input/output error
[decoded_serial_node-3] [ERROR] [1791264848.496280417] [bw_dr03_decoded_serial_node]: Serial error: [Errno 5] Input/output error
[follow_planner-6] [INFO] [1791264848.499895811] [follow_planner_node]: [IDLE] disabled | d=- goc=- | v=0.000 w=0.000 | thoang=-
[decoded_serial_node-3] [ERROR] [1791264848.500956089] [bw_dr03_decoded_serial_node]: Serial error: [Errno 5] Input/output error
[decoded_serial_node-3] [ERROR] [1791264848.505913155] [bw_dr03_decoded_serial_node]: Serial error: [Errno 5] Input/output error
[decoded_serial_node-3] [ERROR] [1791264848.511488816] [bw_dr03_decoded_serial_node]: Serial error: [Errno 5] Input/output error
[decoded_serial_node-3] [ERROR] [1791264848.515927023] [bw_dr03_decoded_serial_node]: Serial error: [Errno 5] Input/output error
[decoded_serial_node-3] [ERROR] [1791264848.520948205] [bw_dr03_decoded_serial_node]: Serial error: [Errno 5] Input/output error
[decoded_serial_node-3] [ERROR] [1791264848.525918332] [bw_dr03_decoded_serial_node]: Serial error: [Errno 5] Input/output error
[decoded_serial_node-3] [ERROR] [1791264848.531648344] [bw_dr03_decoded_serial_node]: Serial error: [Errno 5] Input/output error
[decoded_serial_node-3] [ERROR] [1791264848.535927450] [bw_dr03_decoded_serial_node]: Serial error: [Errno 5] Input/output error
[decoded_serial_node-3] [ERROR] [1791264848.540923698] [bw_dr03_decoded_serial_node]: Serial error: [Errno 5] Input/output error
[decoded_serial_node-3] [ERROR] [1791264848.546187094] [bw_dr03_decoded_serial_node]: Serial error: [Errno 5] Input/output error
[decoded_serial_node-3] [ERROR] [1791264848.550926880] [bw_dr03_decoded_serial_node]: Serial error: [Errno 5] Input/output error
[decoded_serial_node-3] [ERROR] [1791264848.555921941] [bw_dr03_decoded_serial_node]: Serial error: [Errno 5] Input/output error
[decoded_serial_node-3] [ERROR] [1791264848.560956183] [bw_dr03_decoded_serial_node]: Serial error: [Errno 5] Input/output error
[decoded_serial_node-3] [ERROR] [1791264848.565900189] [bw_dr03_decoded_serial_node]: Serial error: [Errno 5] Input/output error
[decoded_serial_node-3] [ERROR] [1791264848.571187331] [bw_dr03_decoded_serial_node]: Serial error: [Errno 5] Input/output error
[decoded_serial_node-3] [ERROR] [1791264848.575928305] [bw_dr03_decoded_serial_node]: Serial error: [Errno 5] Input/output error
[decoded_serial_node-3] [ERROR] [1791264848.581108588] [bw_dr03_decoded_serial_node]: Serial error: [Errno 5] Input/output error
[decoded_serial_node-3] [ERROR] [1791264848.585919614] [bw_dr03_decoded_serial_node]: Serial error: [Errno 5] Input/output error
[decoded_serial_node-3] [ERROR] [1791264848.590937234] [bw_dr03_decoded_serial_node]: Serial error: [Errno 5] Input/output error
[decoded_serial_node-3] [ERROR] [1791264848.595916859] [bw_dr03_decoded_serial_node]: Serial error: [Errno 5] Input/output error
[decoded_serial_node-3] [ERROR] [1791264848.601016404] [bw_dr03_decoded_serial_node]: Serial error: [Errno 5] Input/output error
[decoded_serial_node-3] [ERROR] [1791264848.606049459] [bw_dr03_decoded_serial_node]: Serial error: [Errno 5] Input/output error
[decoded_serial_node-3] [ERROR] [1791264848.610919851] [bw_dr03_decoded_serial_node]: Serial error: [Errno 5] Input/output error
[decoded_serial_node-3] [ERROR] [1791264848.616196307] [bw_dr03_decoded_serial_node]: Serial error: [Errno 5] Input/output error
[decoded_serial_node-3] [ERROR] [1791264848.620996647] [bw_dr03_decoded_serial_node]: Serial error: [Errno 5] Input/output error
[decoded_serial_node-3] [ERROR] [1791264848.625935904] [bw_dr03_decoded_serial_node]: Serial error: [Errno 5] Input/output error
[decoded_serial_node-3] [ERROR] [1791264848.630928590] [bw_dr03_decoded_serial_node]: Serial error: [Errno 5] Input/output error
[decoded_serial_node-3] [ERROR] [1791264848.635907028] [bw_dr03_decoded_serial_node]: Serial error: [Errno 5] Input/output error
[decoded_serial_node-3] [ERROR] [1791264848.640936521] [bw_dr03_decoded_serial_node]: Serial error: [Errno 5] Input/output error
[decoded_serial_node-3] [ERROR] [1791264848.645992135] [bw_dr03_decoded_serial_node]: Serial error: [Errno 5] Input/output error
[decoded_serial_node-3] [ERROR] [1791264848.651015691] [bw_dr03_decoded_serial_node]: Serial error: [Errno 5] Input/output error
[decoded_serial_node-3] [ERROR] [1791264848.656622223] [bw_dr03_decoded_serial_node]: Serial error: [Errno 5] Input/output error
[decoded_serial_node-3] [ERROR] [1791264848.660916764] [bw_dr03_decoded_serial_node]: Serial error: [Errno 5] Input/output error
[decoded_serial_node-3] [ERROR] [1791264848.665929634] [bw_dr03_decoded_serial_node]: Serial error: [Errno 5] Input/output error
[decoded_serial_node-3] [ERROR] [1791264848.670935381] [bw_dr03_decoded_serial_node]: Serial error: [Errno 5] Input/output error
[decoded_serial_node-3] [ERROR] [1791264848.676012367] [bw_dr03_decoded_serial_node]: Serial error: [Errno 5] Input/output error
[decoded_serial_node-3] [ERROR] [1791264848.681101226] [bw_dr03_decoded_serial_node]: Serial error: [Errno 5] Input/output error
[decoded_serial_node-3] [ERROR] [1791264848.686602086] [bw_dr03_decoded_serial_node]: Serial error: [Errno 5] Input/output error
[decoded_serial_node-3] [ERROR] [1791264848.691233826] [bw_dr03_decoded_serial_node]: Serial error: [Errno 5] Input/output error
[decoded_serial_node-3] [ERROR] [1791264848.696449728] [bw_dr03_decoded_serial_node]: Serial error: [Errno 5] Input/output error
[decoded_serial_node-3] [ERROR] [1791264848.700917619] [bw_dr03_decoded_serial_node]: Serial error: [Errno 5] Input/output error
[decoded_serial_node-3] [ERROR] [1791264848.706262939] [bw_dr03_decoded_serial_node]: Serial error: [Errno 5] Input/output error
[decoded_serial_node-3] [ERROR] [1791264848.711018161] [bw_dr03_decoded_serial_node]: Serial error: [Errno 5] Input/output error
[decoded_serial_node-3] [ERROR] [1791264848.715919423] [bw_dr03_decoded_serial_node]: Serial error: [Errno 5] Input/output error
[decoded_serial_node-3] [ERROR] [1791264848.720965539] [bw_dr03_decoded_serial_node]: Serial error: [Errno 5] Input/output error
[decoded_serial_node-3] [ERROR] [1791264848.725919043] [bw_dr03_decoded_serial_node]: Serial error: [Errno 5] Input/output error
[decoded_serial_node-3] [ERROR] [1791264848.731075580] [bw_dr03_decoded_serial_node]: Serial error: [Errno 5] Input/output error
[decoded_serial_node-3] [ERROR] [1791264848.736051643] [bw_dr03_decoded_serial_node]: Serial error: [Errno 5] Input/output error
[decoded_serial_node-3] [ERROR] [1791264848.741020583] [bw_dr03_decoded_serial_node]: Serial error: [Errno 5] Input/output error
[decoded_serial_node-3] [ERROR] [1791264848.746260232] [bw_dr03_decoded_serial_node]: Serial error: [Errno 5] Input/output error
[decoded_serial_node-3] [ERROR] [1791264848.750944214] [bw_dr03_decoded_serial_node]: Serial error: [Errno 5] Input/output error
[decoded_serial_node-3] [ERROR] [1791264848.755942837] [bw_dr03_decoded_serial_node]: Serial error: [Errno 5] Input/output error
[decoded_serial_node-3] [ERROR] [1791264848.761254912] [bw_dr03_decoded_serial_node]: Serial error: [Errno 5] Input/output error
[decoded_serial_node-3] [ERROR] [1791264848.765919898] [bw_dr03_decoded_serial_node]: Serial error: [Errno 5] Input/output error
[decoded_serial_node-3] [ERROR] [1791264848.771079996] [bw_dr03_decoded_serial_node]: Serial error: [Errno 5] Input/output error
[decoded_serial_node-3] [ERROR] [1791264848.775962261] [bw_dr03_decoded_serial_node]: Serial error: [Errno 5] Input/output error
[decoded_serial_node-3] [ERROR] [1791264848.780957322] [bw_dr03_decoded_serial_node]: Serial error: [Errno 5] Input/output error
[decoded_serial_node-3] [ERROR] [1791264848.785960694] [bw_dr03_decoded_serial_node]: Serial error: [Errno 5] Input/output error
[decoded_serial_node-3] [ERROR] [1791264848.790953380] [bw_dr03_decoded_serial_node]: Serial error: [Errno 5] Input/output error
[decoded_serial_node-3] [ERROR] [1791264848.796212026] [bw_dr03_decoded_serial_node]: Serial error: [Errno 5] Input/output error
[decoded_serial_node-3] [ERROR] [1791264848.800950626] [bw_dr03_decoded_serial_node]: Serial error: [Errno 5] Input/output error
[decoded_serial_node-3] [ERROR] [1791264848.806591589] [bw_dr03_decoded_serial_node]: Serial error: [Errno 5] Input/output error
[decoded_serial_node-3] [ERROR] [1791264848.810919375] [bw_dr03_decoded_serial_node]: Serial error: [Errno 5] Input/output error
[decoded_serial_node-3] [ERROR] [1791264848.816534218] [bw_dr03_decoded_serial_node]: Serial error: [Errno 5] Input/output error
[decoded_serial_node-3] [ERROR] [1791264848.820914246] [bw_dr03_decoded_serial_node]: Serial error: [Errno 5] Input/output error
[decoded_serial_node-3] [ERROR] [1791264848.825999543] [bw_dr03_decoded_serial_node]: Serial error: [Errno 5] Input/output error
[decoded_serial_node-3] [ERROR] [1791264848.831293809] [bw_dr03_decoded_serial_node]: Serial error: [Errno 5] Input/output error
[decoded_serial_node-3] [ERROR] [1791264848.835919613] [bw_dr03_decoded_serial_node]: Serial error: [Errno 5] Input/output error
[decoded_serial_node-3] [ERROR] [1791264848.840925359] [bw_dr03_decoded_serial_node]: Serial error: [Errno 5] Input/output error
[decoded_serial_node-3] [ERROR] [1791264848.845916858] [bw_dr03_decoded_serial_node]: Serial error: [Errno 5] Input/output error
[decoded_serial_node-3] [ERROR] [1791264848.851513891] [bw_dr03_decoded_serial_node]: Serial error: [Errno 5] Input/output error
[decoded_serial_node-3] [ERROR] [1791264848.855941412] [bw_dr03_decoded_serial_node]: Serial error: [Errno 5] Input/output error
[decoded_serial_node-3] [ERROR] [1791264848.860964968] [bw_dr03_decoded_serial_node]: Serial error: [Errno 5] Input/output error
[decoded_serial_node-3] [ERROR] [1791264848.865938657] [bw_dr03_decoded_serial_node]: Serial error: [Errno 5] Input/output error
[decoded_serial_node-3] [ERROR] [1791264848.870926594] [bw_dr03_decoded_serial_node]: Serial error: [Errno 5] Input/output error
[decoded_serial_node-3] [ERROR] [1791264848.875903845] [bw_dr03_decoded_serial_node]: Serial error: [Errno 5] Input/output error
[decoded_serial_node-3] [ERROR] [1791264848.880942836] [bw_dr03_decoded_serial_node]: Serial error: [Errno 5] Input/output error
[decoded_serial_node-3] [ERROR] [1791264848.885903465] [bw_dr03_decoded_serial_node]: Serial error: [Errno 5] Input/output error
[decoded_serial_node-3] [ERROR] [1791264848.890931771] [bw_dr03_decoded_serial_node]: Serial error: [Errno 5] Input/output error
[decoded_serial_node-3] [ERROR] [1791264848.896451627] [bw_dr03_decoded_serial_node]: Serial error: [Errno 5] Input/output error
[decoded_serial_node-3] [ERROR] [1791264848.900990757] [bw_dr03_decoded_serial_node]: Serial error: [Errno 5] Input/output error
[decoded_serial_node-3] [ERROR] [1791264848.905913391] [bw_dr03_decoded_serial_node]: Serial error: [Errno 5] Input/output error
[decoded_serial_node-3] [ERROR] [1791264848.911906989] [bw_dr03_decoded_serial_node]: Serial error: [Errno 5] Input/output error
[decoded_serial_node-3] [ERROR] [1791264848.916130291] [bw_dr03_decoded_serial_node]: Serial error: [Errno 5] Input/output error
[decoded_serial_node-3] [ERROR] [1791264848.921255957] [bw_dr03_decoded_serial_node]: Serial error: [Errno 5] Input/output error
[decoded_serial_node-3] [ERROR] [1791264848.926389934] [bw_dr03_decoded_serial_node]: Serial error: [Errno 5] Input/output error
[decoded_serial_node-3] [ERROR] [1791264848.931764937] [bw_dr03_decoded_serial_node]: Serial error: [Errno 5] Input/output error
[decoded_serial_node-3] [ERROR] [1791264848.936342061] [bw_dr03_decoded_serial_node]: Serial error: [Errno 5] Input/output error
[decoded_serial_node-3] [ERROR] [1791264848.941990149] [bw_dr03_decoded_serial_node]: Serial error: [Errno 5] Input/output error
[decoded_serial_node-3] [ERROR] [1791264848.946444978] [bw_dr03_decoded_serial_node]: Serial error: [Errno 5] Input/output error
[decoded_serial_node-3] [ERROR] [1791264848.951765365] [bw_dr03_decoded_serial_node]: Serial error: [Errno 5] Input/output error
[decoded_serial_node-3] [ERROR] [1791264848.956455284] [bw_dr03_decoded_serial_node]: Serial error: [Errno 5] Input/output error
[decoded_serial_node-3] [ERROR] [1791264848.961632005] [bw_dr03_decoded_serial_node]: Serial error: [Errno 5] Input/output error
[decoded_serial_node-3] [ERROR] [1791264848.966229313] [bw_dr03_decoded_serial_node]: Serial error: [Errno 5] Input/output error
[decoded_serial_node-3] [ERROR] [1791264848.971859591] [bw_dr03_decoded_serial_node]: Serial error: [Errno 5] Input/output error
[decoded_serial_node-3] [ERROR] [1791264848.976262178] [bw_dr03_decoded_serial_node]: Serial error: [Errno 5] Input/output error
[decoded_serial_node-3] [ERROR] [1791264848.981884144] [bw_dr03_decoded_serial_node]: Serial error: [Errno 5] Input/output error
[decoded_serial_node-3] [ERROR] [1791264848.986222616] [bw_dr03_decoded_serial_node]: Serial error: [Errno 5] Input/output error
[decoded_serial_node-3] [ERROR] [1791264848.991281792] [bw_dr03_decoded_serial_node]: Serial error: [Errno 5] Input/output error
[decoded_serial_node-3] [ERROR] [1791264848.997016554] [bw_dr03_decoded_serial_node]: Serial error: [Errno 5] Input/output error
[decoded_serial_node-3] [ERROR] [1791264849.000919279] [bw_dr03_decoded_serial_node]: Serial error: [Errno 5] Input/output error
[decoded_serial_node-3] [ERROR] [1791264849.006001015] [bw_dr03_decoded_serial_node]: Serial error: [Errno 5] Input/output error
[decoded_serial_node-3] [ERROR] [1791264849.011015072] [bw_dr03_decoded_serial_node]: Serial error: [Errno 5] Input/output error
[decoded_serial_node-3] [ERROR] [1791264849.015923459] [bw_dr03_decoded_serial_node]: Serial error: [Errno 5] Input/output error
[decoded_serial_node-3] [ERROR] [1791264849.021361390] [bw_dr03_decoded_serial_node]: Serial error: [Errno 5] Input/output error
[decoded_serial_node-3] [ERROR] [1791264849.026682964] [bw_dr03_decoded_serial_node]: Serial error: [Errno 5] Input/output error
[decoded_serial_node-3] [ERROR] [1791264849.031467869] [bw_dr03_decoded_serial_node]: Serial error: [Errno 5] Input/output error
[decoded_serial_node-3] [ERROR] [1791264849.036423748] [bw_dr03_decoded_serial_node]: Serial error: [Errno 5] Input/output error
[decoded_serial_node-3] [ERROR] [1791264849.041062612] [bw_dr03_decoded_serial_node]: Serial error: [Errno 5] Input/output error
[decoded_serial_node-3] [ERROR] [1791264849.046677455] [bw_dr03_decoded_serial_node]: Serial error: [Errno 5] Input/output error
[decoded_serial_node-3] [ERROR] [1791264849.051540722] [bw_dr03_decoded_serial_node]: Serial error: [Errno 5] Input/output error
[decoded_serial_node-3] [ERROR] [1791264849.056525097] [bw_dr03_decoded_serial_node]: Serial error: [Errno 5] Input/output error
[decoded_serial_node-3] [ERROR] [1791264849.061659074] [bw_dr03_decoded_serial_node]: Serial error: [Errno 5] Input/output error
[decoded_serial_node-3] [ERROR] [1791264849.066632763] [bw_dr03_decoded_serial_node]: Serial error: [Errno 5] Input/output error
[decoded_serial_node-3] [ERROR] [1791264849.071355927] [bw_dr03_decoded_serial_node]: Serial error: [Errno 5] Input/output error
[decoded_serial_node-3] [ERROR] [1791264849.076596764] [bw_dr03_decoded_serial_node]: Serial error: [Errno 5] Input/output error
[decoded_serial_node-3] [ERROR] [1791264849.081680873] [bw_dr03_decoded_serial_node]: Serial error: [Errno 5] Input/output error
[decoded_serial_node-3] [ERROR] [1791264849.086712741] [bw_dr03_decoded_serial_node]: Serial error: [Errno 5] Input/output error
[decoded_serial_node-3] [ERROR] [1791264849.091269680] [bw_dr03_decoded_serial_node]: Serial error: [Errno 5] Input/output error
[decoded_serial_node-3] [ERROR] [1791264849.096230308] [bw_dr03_decoded_serial_node]: Serial error: [Errno 5] Input/output error
[decoded_serial_node-3] [ERROR] [1791264849.101137507] [bw_dr03_decoded_serial_node]: Serial error: [Errno 5] Input/output error
[decoded_serial_node-3] [ERROR] [1791264849.106480453] [bw_dr03_decoded_serial_node]: Serial error: [Errno 5] Input/output error
[decoded_serial_node-3] [ERROR] [1791264849.111669047] [bw_dr03_decoded_serial_node]: Serial error: [Errno 5] Input/output error
[decoded_serial_node-3] [ERROR] [1791264849.116161871] [bw_dr03_decoded_serial_node]: Serial error: [Errno 5] Input/output error
[decoded_serial_node-3] [ERROR] [1791264849.121897820] [bw_dr03_decoded_serial_node]: Serial error: [Errno 5] Input/output error
[decoded_serial_node-3] [ERROR] [1791264849.126543808] [bw_dr03_decoded_serial_node]: Serial error: [Errno 5] Input/output error
[decoded_serial_node-3] [ERROR] [1791264849.131270534] [bw_dr03_decoded_serial_node]: Serial error: [Errno 5] Input/output error
[decoded_serial_node-3] [ERROR] [1791264849.136555301] [bw_dr03_decoded_serial_node]: Serial error: [Errno 5] Input/output error
[decoded_serial_node-3] [ERROR] [1791264849.141804449] [bw_dr03_decoded_serial_node]: Serial error: [Errno 5] Input/output error
[decoded_serial_node-3] [ERROR] [1791264849.146706898] [bw_dr03_decoded_serial_node]: Serial error: [Errno 5] Input/output error
[decoded_serial_node-3] [ERROR] [1791264849.151734017] [bw_dr03_decoded_serial_node]: Serial error: [Errno 5] Input/output error
[decoded_serial_node-3] [ERROR] [1791264849.156522483] [bw_dr03_decoded_serial_node]: Serial error: [Errno 5] Input/output error
[decoded_serial_node-3] [ERROR] [1791264849.161638651] [bw_dr03_decoded_serial_node]: Serial error: [Errno 5] Input/output error
[decoded_serial_node-3] [ERROR] [1791264849.166395060] [bw_dr03_decoded_serial_node]: Serial error: [Errno 5] Input/output error
[decoded_serial_node-3] [ERROR] [1791264849.171407930] [bw_dr03_decoded_serial_node]: Serial error: [Errno 5] Input/output error
[decoded_serial_node-3] [ERROR] [1791264849.176798369] [bw_dr03_decoded_serial_node]: Serial error: [Errno 5] Input/output error
[decoded_serial_node-3] [ERROR] [1791264849.181680634] [bw_dr03_decoded_serial_node]: Serial error: [Errno 5] Input/output error
[decoded_serial_node-3] [ERROR] [1791264849.186724375] [bw_dr03_decoded_serial_node]: Serial error: [Errno 5] Input/output error
[decoded_serial_node-3] [ERROR] [1791264849.190928680] [bw_dr03_decoded_serial_node]: Serial error: [Errno 5] Input/output error
[decoded_serial_node-3] [ERROR] [1791264849.196634946] [bw_dr03_decoded_serial_node]: Serial error: [Errno 5] Input/output error
[decoded_serial_node-3] [ERROR] [1791264849.201865096] [bw_dr03_decoded_serial_node]: Serial error: [Errno 5] Input/output error
[decoded_serial_node-3] [ERROR] [1791264849.206524145] [bw_dr03_decoded_serial_node]: Serial error: [Errno 5] Input/output error
[decoded_serial_node-3] [ERROR] [1791264849.211233061] [bw_dr03_decoded_serial_node]: Serial error: [Errno 5] Input/output error
[decoded_serial_node-3] [ERROR] [1791264849.216185378] [bw_dr03_decoded_serial_node]: Serial error: [Errno 5] Input/output error
[decoded_serial_node-3] [ERROR] [1791264849.221514076] [bw_dr03_decoded_serial_node]: Serial error: [Errno 5] Input/output error
[decoded_serial_node-3] [ERROR] [1791264849.225914289] [bw_dr03_decoded_serial_node]: Serial error: [Errno 5] Input/output error
[decoded_serial_node-3] [ERROR] [1791264849.230934283] [bw_dr03_decoded_serial_node]: Serial error: [Errno 5] Input/output error
[decoded_serial_node-3] [ERROR] [1791264849.235915096] [bw_dr03_decoded_serial_node]: Serial error: [Errno 5] Input/output error
[decoded_serial_node-3] [ERROR] [1791264849.241272289] [bw_dr03_decoded_serial_node]: Serial error: [Errno 5] Input/output error
[decoded_serial_node-3] [ERROR] [1791264849.245930151] [bw_dr03_decoded_serial_node]: Serial error: [Errno 5] Input/output error
[decoded_serial_node-3] [ERROR] [1791264849.250945396] [bw_dr03_decoded_serial_node]: Serial error: [Errno 5] Input/output error
[decoded_serial_node-3] [ERROR] [1791264849.255902462] [bw_dr03_decoded_serial_node]: Serial error: [Errno 5] Input/output error
[decoded_serial_node-3] [ERROR] [1791264849.260929581] [bw_dr03_decoded_serial_node]: Serial error: [Errno 5] Input/output error
[decoded_serial_node-3] [ERROR] [1791264849.265913955] [bw_dr03_decoded_serial_node]: Serial error: [Errno 5] Input/output error
[decoded_serial_node-3] [ERROR] [1791264849.270989754] [bw_dr03_decoded_serial_node]: Serial error: [Errno 5] Input/output error
[decoded_serial_node-3] [ERROR] [1791264849.276016872] [bw_dr03_decoded_serial_node]: Serial error: [Errno 5] Input/output error
[decoded_serial_node-3] [ERROR] [1791264849.281946355] [bw_dr03_decoded_serial_node]: Serial error: [Errno 5] Input/output error
[decoded_serial_node-3] [ERROR] [1791264849.285923881] [bw_dr03_decoded_serial_node]: Serial error: [Errno 5] Input/output error
[decoded_serial_node-3] [ERROR] [1791264849.290914192] [bw_dr03_decoded_serial_node]: Serial error: [Errno 5] Input/output error
[decoded_serial_node-3] [ERROR] [1791264849.296042233] [bw_dr03_decoded_serial_node]: Serial error: [Errno 5] Input/output error
[decoded_serial_node-3] [ERROR] [1791264849.300913812] [bw_dr03_decoded_serial_node]: Serial error: [Errno 5] Input/output error
[decoded_serial_node-3] [ERROR] [1791264849.305910060] [bw_dr03_decoded_serial_node]: Serial error: [Errno 5] Input/output error
[decoded_serial_node-3] [ERROR] [1791264849.311184141] [bw_dr03_decoded_serial_node]: Serial error: [Errno 5] Input/output error
[decoded_serial_node-3] [ERROR] [1791264849.315920366] [bw_dr03_decoded_serial_node]: Serial error: [Errno 5] Input/output error
[decoded_serial_node-3] [ERROR] [1791264849.320897617] [bw_dr03_decoded_serial_node]: Serial error: [Errno 5] Input/output error
[decoded_serial_node-3] [ERROR] [1791264849.325895052] [bw_dr03_decoded_serial_node]: Serial error: [Errno 5] Input/output error
[decoded_serial_node-3] [ERROR] [1791264849.331223750] [bw_dr03_decoded_serial_node]: Serial error: [Errno 5] Input/output error
[decoded_serial_node-3] [ERROR] [1791264849.336007467] [bw_dr03_decoded_serial_node]: Serial error: [Errno 5] Input/output error
[decoded_serial_node-3] [ERROR] [1791264849.340936038] [bw_dr03_decoded_serial_node]: Serial error: [Errno 5] Input/output error
[decoded_serial_node-3] [ERROR] [1791264849.345920413] [bw_dr03_decoded_serial_node]: Serial error: [Errno 5] Input/output error
[decoded_serial_node-3] [ERROR] [1791264849.350936845] [bw_dr03_decoded_serial_node]: Serial error: [Errno 5] Input/output error
[decoded_serial_node-3] [ERROR] [1791264849.355911722] [bw_dr03_decoded_serial_node]: Serial error: [Errno 5] Input/output error
[decoded_serial_node-3] [ERROR] [1791264849.361008892] [bw_dr03_decoded_serial_node]: Serial error: [Errno 5] Input/output error
[decoded_serial_node-3] [ERROR] [1791264849.366002765] [bw_dr03_decoded_serial_node]: Serial error: [Errno 5] Input/output error
[decoded_serial_node-3] [ERROR] [1791264849.371661538] [bw_dr03_decoded_serial_node]: Serial error: [Errno 5] Input/output error
[decoded_serial_node-3] [ERROR] [1791264849.375925209] [bw_dr03_decoded_serial_node]: Serial error: [Errno 5] Input/output error
[decoded_serial_node-3] [ERROR] [1791264849.381193354] [bw_dr03_decoded_serial_node]: Serial error: [Errno 5] Input/output error
[decoded_serial_node-3] [ERROR] [1791264849.386000818] [bw_dr03_decoded_serial_node]: Serial error: [Errno 5] Input/output error
[decoded_serial_node-3] [ERROR] [1791264849.390896143] [bw_dr03_decoded_serial_node]: Serial error: [Errno 5] Input/output error
[decoded_serial_node-3] [ERROR] [1791264849.396000437] [bw_dr03_decoded_serial_node]: Serial error: [Errno 5] Input/output error
[decoded_serial_node-3] [ERROR] [1791264849.400913573] [bw_dr03_decoded_serial_node]: Serial error: [Errno 5] Input/output error
[decoded_serial_node-3] [ERROR] [1791264849.405915757] [bw_dr03_decoded_serial_node]: Serial error: [Errno 5] Input/output error
[decoded_serial_node-3] [ERROR] [1791264849.410942876] [bw_dr03_decoded_serial_node]: Serial error: [Errno 5] Input/output error
[decoded_serial_node-3] [ERROR] [1791264849.415911815] [bw_dr03_decoded_serial_node]: Serial error: [Errno 5] Input/output error
[decoded_serial_node-3] [ERROR] [1791264849.421546842] [bw_dr03_decoded_serial_node]: Serial error: [Errno 5] Input/output error
[decoded_serial_node-3] [ERROR] [1791264849.425958928] [bw_dr03_decoded_serial_node]: Serial error: [Errno 5] Input/output error
[decoded_serial_node-3] [ERROR] [1791264849.430920744] [bw_dr03_decoded_serial_node]: Serial error: [Errno 5] Input/output error
[decoded_serial_node-3] [ERROR] [1791264849.435907493] [bw_dr03_decoded_serial_node]: Serial error: [Errno 5] Input/output error
[decoded_serial_node-3] [ERROR] [1791264849.440916802] [bw_dr03_decoded_serial_node]: Serial error: [Errno 5] Input/output error
[decoded_serial_node-3] [ERROR] [1791264849.445991413] [bw_dr03_decoded_serial_node]: Serial error: [Errno 5] Input/output error
[decoded_serial_node-3] [ERROR] [1791264849.450962727] [bw_dr03_decoded_serial_node]: Serial error: [Errno 5] Input/output error
[decoded_serial_node-3] [ERROR] [1791264849.455916231] [bw_dr03_decoded_serial_node]: Serial error: [Errno 5] Input/output error
[decoded_serial_node-3] [ERROR] [1791264849.460919603] [bw_dr03_decoded_serial_node]: Serial error: [Errno 5] Input/output error
[decoded_serial_node-3] [ERROR] [1791264849.465926537] [bw_dr03_decoded_serial_node]: Serial error: [Errno 5] Input/output error
[decoded_serial_node-3] [ERROR] [1791264849.470928722] [bw_dr03_decoded_serial_node]: Serial error: [Errno 5] Input/output error
[decoded_serial_node-3] [ERROR] [1791264849.475917846] [bw_dr03_decoded_serial_node]: Serial error: [Errno 5] Input/output error
[decoded_serial_node-3] [ERROR] [1791264849.480916468] [bw_dr03_decoded_serial_node]: Serial error: [Errno 5] Input/output error
[decoded_serial_node-3] [ERROR] [1791264849.485992267] [bw_dr03_decoded_serial_node]: Serial error: [Errno 5] Input/output error
[decoded_serial_node-3] [ERROR] [1791264849.491234290] [bw_dr03_decoded_serial_node]: Serial error: [Errno 5] Input/output error
[decoded_serial_node-3] [ERROR] [1791264849.495919460] [bw_dr03_decoded_serial_node]: Serial error: [Errno 5] Input/output error
[follow_planner-6] [INFO] [1791264849.499900549] [follow_planner_node]: [IDLE] disabled | d=- goc=- | v=0.000 w=0.000 | thoang=-
[decoded_serial_node-3] [ERROR] [1791264849.500941829] [bw_dr03_decoded_serial_node]: Serial error: [Errno 5] Input/output error
[decoded_serial_node-3] [ERROR] [1791264849.506200475] [bw_dr03_decoded_serial_node]: Serial error: [Errno 5] Input/output error
[decoded_serial_node-3] [ERROR] [1791264849.511196723] [bw_dr03_decoded_serial_node]: Serial error: [Errno 5] Input/output error
[decoded_serial_node-3] [ERROR] [1791264849.515960256] [bw_dr03_decoded_serial_node]: Serial error: [Errno 5] Input/output error
[decoded_serial_node-3] [ERROR] [1791264849.521609531] [bw_dr03_decoded_serial_node]: Serial error: [Errno 5] Input/output error
[decoded_serial_node-3] [ERROR] [1791264849.525931380] [bw_dr03_decoded_serial_node]: Serial error: [Errno 5] Input/output error
[decoded_serial_node-3] [ERROR] [1791264849.530914568] [bw_dr03_decoded_serial_node]: Serial error: [Errno 5] Input/output error
[decoded_serial_node-3] [ERROR] [1791264849.536641018] [bw_dr03_decoded_serial_node]: Serial error: [Errno 5] Input/output error
[decoded_serial_node-3] [ERROR] [1791264849.540935559] [bw_dr03_decoded_serial_node]: Serial error: [Errno 5] Input/output error
[decoded_serial_node-3] [ERROR] [1791264849.545916372] [bw_dr03_decoded_serial_node]: Serial error: [Errno 5] Input/output error
[decoded_serial_node-3] [ERROR] [1791264849.550907871] [bw_dr03_decoded_serial_node]: Serial error: [Errno 5] Input/output error
[decoded_serial_node-3] [ERROR] [1791264849.555912430] [bw_dr03_decoded_serial_node]: Serial error: [Errno 5] Input/output error
[decoded_serial_node-3] [ERROR] [1791264849.560914615] [bw_dr03_decoded_serial_node]: Serial error: [Errno 5] Input/output error
[decoded_serial_node-3] [ERROR] [1791264849.565916799] [bw_dr03_decoded_serial_node]: Serial error: [Errno 5] Input/output error
[decoded_serial_node-3] [ERROR] [1791264849.570915422] [bw_dr03_decoded_serial_node]: Serial error: [Errno 5] Input/output error
[decoded_serial_node-3] [ERROR] [1791264849.575952039] [bw_dr03_decoded_serial_node]: Serial error: [Errno 5] Input/output error
[decoded_serial_node-3] [ERROR] [1791264849.580912667] [bw_dr03_decoded_serial_node]: Serial error: [Errno 5] Input/output error
[decoded_serial_node-3] [ERROR] [1791264849.585917226] [bw_dr03_decoded_serial_node]: Serial error: [Errno 5] Input/output error
[decoded_serial_node-3] [ERROR] [1791264849.590937221] [bw_dr03_decoded_serial_node]: Serial error: [Errno 5] Input/output error
[decoded_serial_node-3] [ERROR] [1791264849.595953653] [bw_dr03_decoded_serial_node]: Serial error: [Errno 5] Input/output error
[decoded_serial_node-3] [ERROR] [1791264849.600924967] [bw_dr03_decoded_serial_node]: Serial error: [Errno 5] Input/output error
[decoded_serial_node-3] [ERROR] [1791264849.605915279] [bw_dr03_decoded_serial_node]: Serial error: [Errno 5] Input/output error
[decoded_serial_node-3] [ERROR] [1791264849.610928149] [bw_dr03_decoded_serial_node]: Serial error: [Errno 5] Input/output error
[decoded_serial_node-3] [ERROR] [1791264849.616022945] [bw_dr03_decoded_serial_node]: Serial error: [Errno 5] Input/output error
[decoded_serial_node-3] [ERROR] [1791264849.620923020] [bw_dr03_decoded_serial_node]: Serial error: [Errno 5] Input/output error
[decoded_serial_node-3] [ERROR] [1791264849.625964386] [bw_dr03_decoded_serial_node]: Serial error: [Errno 5] Input/output error
[decoded_serial_node-3] [ERROR] [1791264849.630913141] [bw_dr03_decoded_serial_node]: Serial error: [Errno 5] Input/output error
[decoded_serial_node-3] [ERROR] [1791264849.636481678] [bw_dr03_decoded_serial_node]: Serial error: [Errno 5] Input/output error
[decoded_serial_node-3] [ERROR] [1791264849.641233338] [bw_dr03_decoded_serial_node]: Serial error: [Errno 5] Input/output error
[decoded_serial_node-3] [ERROR] [1791264849.646419557] [bw_dr03_decoded_serial_node]: Serial error: [Errno 5] Input/output error
[decoded_serial_node-3] [ERROR] [1791264849.651542849] [bw_dr03_decoded_serial_node]: Serial error: [Errno 5] Input/output error
[decoded_serial_node-3] [ERROR] [1791264849.656484480] [bw_dr03_decoded_serial_node]: Serial error: [Errno 5] Input/output error
[decoded_serial_node-3] [ERROR] [1791264849.661693258] [bw_dr03_decoded_serial_node]: Serial error: [Errno 5] Input/output error
[decoded_serial_node-3] [ERROR] [1791264849.666380803] [bw_dr03_decoded_serial_node]: Serial error: [Errno 5] Input/output error
[decoded_serial_node-3] [ERROR] [1791264849.671559898] [bw_dr03_decoded_serial_node]: Serial error: [Errno 5] Input/output error
[decoded_serial_node-3] [ERROR] [1791264849.676406544] [bw_dr03_decoded_serial_node]: Serial error: [Errno 5] Input/output error
[decoded_serial_node-3] [ERROR] [1791264849.681400417] [bw_dr03_decoded_serial_node]: Serial error: [Errno 5] Input/output error
[decoded_serial_node-3] [ERROR] [1791264849.686422786] [bw_dr03_decoded_serial_node]: Serial error: [Errno 5] Input/output error
[decoded_serial_node-3] [ERROR] [1791264849.691438031] [bw_dr03_decoded_serial_node]: Serial error: [Errno 5] Input/output error
[decoded_serial_node-3] [ERROR] [1791264849.695926106] [bw_dr03_decoded_serial_node]: Serial error: [Errno 5] Input/output error
[decoded_serial_node-3] [ERROR] [1791264849.701316544] [bw_dr03_decoded_serial_node]: Serial error: [Errno 5] Input/output error
[decoded_serial_node-3] [ERROR] [1791264849.706641680] [bw_dr03_decoded_serial_node]: Serial error: [Errno 5] Input/output error
[decoded_serial_node-3] [ERROR] [1791264849.711401651] [bw_dr03_decoded_serial_node]: Serial error: [Errno 5] Input/output error
[decoded_serial_node-3] [ERROR] [1791264849.716393150] [bw_dr03_decoded_serial_node]: Serial error: [Errno 5] Input/output error
[decoded_serial_node-3] [ERROR] [1791264849.721385836] [bw_dr03_decoded_serial_node]: Serial error: [Errno 5] Input/output error
[decoded_serial_node-3] [ERROR] [1791264849.726662292] [bw_dr03_decoded_serial_node]: Serial error: [Errno 5] Input/output error
[decoded_serial_node-3] [ERROR] [1791264849.731796269] [bw_dr03_decoded_serial_node]: Serial error: [Errno 5] Input/output error
[decoded_serial_node-3] [ERROR] [1791264849.736369830] [bw_dr03_decoded_serial_node]: Serial error: [Errno 5] Input/output error
[decoded_serial_node-3] [ERROR] [1791264849.741799451] [bw_dr03_decoded_serial_node]: Serial error: [Errno 5] Input/output error
[decoded_serial_node-3] [ERROR] [1791264849.746813509] [bw_dr03_decoded_serial_node]: Serial error: [Errno 5] Input/output error
[decoded_serial_node-3] [ERROR] [1791264849.751750390] [bw_dr03_decoded_serial_node]: Serial error: [Errno 5] Input/output error
[decoded_serial_node-3] [ERROR] [1791264849.756728829] [bw_dr03_decoded_serial_node]: Serial error: [Errno 5] Input/output error
[decoded_serial_node-3] [ERROR] [1791264849.761706079] [bw_dr03_decoded_serial_node]: Serial error: [Errno 5] Input/output error
[decoded_serial_node-3] [ERROR] [1791264849.766373439] [bw_dr03_decoded_serial_node]: Serial error: [Errno 5] Input/output error
[decoded_serial_node-3] [ERROR] [1791264849.771667705] [bw_dr03_decoded_serial_node]: Serial error: [Errno 5] Input/output error
[decoded_serial_node-3] [ERROR] [1791264849.776692449] [bw_dr03_decoded_serial_node]: Serial error: [Errno 5] Input/output error
[decoded_serial_node-3] [ERROR] [1791264849.780950183] [bw_dr03_decoded_serial_node]: Serial error: [Errno 5] Input/output error
[decoded_serial_node-3] [ERROR] [1791264849.786643388] [bw_dr03_decoded_serial_node]: Serial error: [Errno 5] Input/output error
[decoded_serial_node-3] [ERROR] [1791264849.791805861] [bw_dr03_decoded_serial_node]: Serial error: [Errno 5] Input/output error
[decoded_serial_node-3] [ERROR] [1791264849.795940114] [bw_dr03_decoded_serial_node]: Serial error: [Errno 5] Input/output error
[decoded_serial_node-3] [ERROR] [1791264849.801724743] [bw_dr03_decoded_serial_node]: Serial error: [Errno 5] Input/output error
[decoded_serial_node-3] [ERROR] [1791264849.806652127] [bw_dr03_decoded_serial_node]: Serial error: [Errno 5] Input/output error
[decoded_serial_node-3] [ERROR] [1791264849.811399037] [bw_dr03_decoded_serial_node]: Serial error: [Errno 5] Input/output error
[decoded_serial_node-3] [ERROR] [1791264849.816370351] [bw_dr03_decoded_serial_node]: Serial error: [Errno 5] Input/output error
[decoded_serial_node-3] [ERROR] [1791264849.821756041] [bw_dr03_decoded_serial_node]: Serial error: [Errno 5] Input/output error
[decoded_serial_node-3] [ERROR] [1791264849.826764162] [bw_dr03_decoded_serial_node]: Serial error: [Errno 5] Input/output error
[decoded_serial_node-3] [ERROR] [1791264849.831801966] [bw_dr03_decoded_serial_node]: Serial error: [Errno 5] Input/output error
[decoded_serial_node-3] [ERROR] [1791264849.836738848] [bw_dr03_decoded_serial_node]: Serial error: [Errno 5] Input/output error
[decoded_serial_node-3] [ERROR] [1791264849.841764779] [bw_dr03_decoded_serial_node]: Serial error: [Errno 5] Input/output error
[decoded_serial_node-3] [ERROR] [1791264849.846516439] [bw_dr03_decoded_serial_node]: Serial error: [Errno 5] Input/output error
[decoded_serial_node-3] [ERROR] [1791264849.851015199] [bw_dr03_decoded_serial_node]: Serial error: [Errno 5] Input/output error
[decoded_serial_node-3] [ERROR] [1791264849.856679909] [bw_dr03_decoded_serial_node]: Serial error: [Errno 5] Input/output error
[decoded_serial_node-3] [ERROR] [1791264849.861413759] [bw_dr03_decoded_serial_node]: Serial error: [Errno 5] Input/output error
[decoded_serial_node-3] [ERROR] [1791264849.866425442] [bw_dr03_decoded_serial_node]: Serial error: [Errno 5] Input/output error
[decoded_serial_node-3] [ERROR] [1791264849.871793322] [bw_dr03_decoded_serial_node]: Serial error: [Errno 5] Input/output error
[decoded_serial_node-3] [ERROR] [1791264849.876761074] [bw_dr03_decoded_serial_node]: Serial error: [Errno 5] Input/output error
[decoded_serial_node-3] [ERROR] [1791264849.881827374] [bw_dr03_decoded_serial_node]: Serial error: [Errno 5] Input/output error
[decoded_serial_node-3] [ERROR] [1791264849.886611091] [bw_dr03_decoded_serial_node]: Serial error: [Errno 5] Input/output error
[decoded_serial_node-3] [ERROR] [1791264849.891806809] [bw_dr03_decoded_serial_node]: Serial error: [Errno 5] Input/output error
[decoded_serial_node-3] [ERROR] [1791264849.896458734] [bw_dr03_decoded_serial_node]: Serial error: [Errno 5] Input/output error
[decoded_serial_node-3] [ERROR] [1791264849.900957494] [bw_dr03_decoded_serial_node]: Serial error: [Errno 5] Input/output error
[decoded_serial_node-3] [ERROR] [1791264849.906749248] [bw_dr03_decoded_serial_node]: Serial error: [Errno 5] Input/output error
[decoded_serial_node-3] [ERROR] [1791264849.911734810] [bw_dr03_decoded_serial_node]: Serial error: [Errno 5] Input/output error
[decoded_serial_node-3] [ERROR] [1791264849.917239231] [bw_dr03_decoded_serial_node]: Serial error: [Errno 5] Input/output error
[decoded_serial_node-3] [ERROR] [1791264849.921751052] [bw_dr03_decoded_serial_node]: Serial error: [Errno 5] Input/output error
[decoded_serial_node-3] [ERROR] [1791264849.927147427] [bw_dr03_decoded_serial_node]: Serial error: [Errno 5] Input/output error
[decoded_serial_node-3] [ERROR] [1791264849.931649750] [bw_dr03_decoded_serial_node]: Serial error: [Errno 5] Input/output error
[decoded_serial_node-3] [ERROR] [1791264849.936307611] [bw_dr03_decoded_serial_node]: Serial error: [Errno 5] Input/output error
[decoded_serial_node-3] [ERROR] [1791264849.941427341] [bw_dr03_decoded_serial_node]: Serial error: [Errno 5] Input/output error
[decoded_serial_node-3] [ERROR] [1791264849.946845088] [bw_dr03_decoded_serial_node]: Serial error: [Errno 5] Input/output error
[decoded_serial_node-3] [ERROR] [1791264849.951747537] [bw_dr03_decoded_serial_node]: Serial error: [Errno 5] Input/output error
[decoded_serial_node-3] [ERROR] [1791264849.956417272] [bw_dr03_decoded_serial_node]: Serial error: [Errno 5] Input/output error
[decoded_serial_node-3] [ERROR] [1791264849.961782777] [bw_dr03_decoded_serial_node]: Serial error: [Errno 5] Input/output error
[decoded_serial_node-3] [ERROR] [1791264849.966399082] [bw_dr03_decoded_serial_node]: Serial error: [Errno 5] Input/output error
[decoded_serial_node-3] [ERROR] [1791264849.971663664] [bw_dr03_decoded_serial_node]: Serial error: [Errno 5] Input/output error
[decoded_serial_node-3] [ERROR] [1791264849.976672973] [bw_dr03_decoded_serial_node]: Serial error: [Errno 5] Input/output error
[decoded_serial_node-3] [ERROR] [1791264849.981666846] [bw_dr03_decoded_serial_node]: Serial error: [Errno 5] Input/output error
[decoded_serial_node-3] [ERROR] [1791264849.986661907] [bw_dr03_decoded_serial_node]: Serial error: [Errno 5] Input/output error
[decoded_serial_node-3] [ERROR] [1791264849.991793509] [bw_dr03_decoded_serial_node]: Serial error: [Errno 5] Input/output error
[decoded_serial_node-3] [ERROR] [1791264849.996411002] [bw_dr03_decoded_serial_node]: Serial error: [Errno 5] Input/output error
[decoded_serial_node-3] [ERROR] [1791264850.001959354] [bw_dr03_decoded_serial_node]: Serial error: [Errno 5] Input/output error
[decoded_serial_node-3] [ERROR] [1791264850.006399936] [bw_dr03_decoded_serial_node]: Serial error: [Errno 5] Input/output error
[decoded_serial_node-3] [ERROR] [1791264850.011657394] [bw_dr03_decoded_serial_node]: Serial error: [Errno 5] Input/output error
[decoded_serial_node-3] [ERROR] [1791264850.016471982] [bw_dr03_decoded_serial_node]: Serial error: [Errno 5] Input/output error
[decoded_serial_node-3] [ERROR] [1791264850.021717568] [bw_dr03_decoded_serial_node]: Serial error: [Errno 5] Input/output error
[decoded_serial_node-3] [ERROR] [1791264850.026376616] [bw_dr03_decoded_serial_node]: Serial error: [Errno 5] Input/output error
[decoded_serial_node-3] [ERROR] [1791264850.031954652] [bw_dr03_decoded_serial_node]: Serial error: [Errno 5] Input/output error
[decoded_serial_node-3] [ERROR] [1791264850.036668317] [bw_dr03_decoded_serial_node]: Serial error: [Errno 5] Input/output error
[decoded_serial_node-3] [ERROR] [1791264850.041395043] [bw_dr03_decoded_serial_node]: Serial error: [Errno 5] Input/output error
[decoded_serial_node-3] [ERROR] [1791264850.045975728] [bw_dr03_decoded_serial_node]: Serial error: [Errno 5] Input/output error
[decoded_serial_node-3] [ERROR] [1791264850.051429095] [bw_dr03_decoded_serial_node]: Serial error: [Errno 5] Input/output error
[decoded_serial_node-3] [ERROR] [1791264850.056447902] [bw_dr03_decoded_serial_node]: Serial error: [Errno 5] Input/output error
[decoded_serial_node-3] [ERROR] [1791264850.062142295] [bw_dr03_decoded_serial_node]: Serial error: [Errno 5] Input/output error
[decoded_serial_node-3] [ERROR] [1791264850.065923913] [bw_dr03_decoded_serial_node]: Serial error: [Errno 5] Input/output error
[decoded_serial_node-3] [ERROR] [1791264850.071461579] [bw_dr03_decoded_serial_node]: Serial error: [Errno 5] Input/output error
[decoded_serial_node-3] [ERROR] [1791264850.076669171] [bw_dr03_decoded_serial_node]: Serial error: [Errno 5] Input/output error
[decoded_serial_node-3] [ERROR] [1791264850.081668980] [bw_dr03_decoded_serial_node]: Serial error: [Errno 5] Input/output error
[decoded_serial_node-3] [ERROR] [1791264850.086692537] [bw_dr03_decoded_serial_node]: Serial error: [Errno 5] Input/output error
[decoded_serial_node-3] [ERROR] [1791264850.091783770] [bw_dr03_decoded_serial_node]: Serial error: [Errno 5] Input/output error
[decoded_serial_node-3] [ERROR] [1791264850.096667223] [bw_dr03_decoded_serial_node]: Serial error: [Errno 5] Input/output error
[decoded_serial_node-3] [ERROR] [1791264850.100987885] [bw_dr03_decoded_serial_node]: Serial error: [Errno 5] Input/output error
[decoded_serial_node-3] [ERROR] [1791264850.106676341] [bw_dr03_decoded_serial_node]: Serial error: [Errno 5] Input/output error
[decoded_serial_node-3] [ERROR] [1791264850.111657154] [bw_dr03_decoded_serial_node]: Serial error: [Errno 5] Input/output error
[decoded_serial_node-3] [ERROR] [1791264850.116392191] [bw_dr03_decoded_serial_node]: Serial error: [Errno 5] Input/output error
[decoded_serial_node-3] [ERROR] [1791264850.121475113] [bw_dr03_decoded_serial_node]: Serial error: [Errno 5] Input/output error
[decoded_serial_node-3] [ERROR] [1791264850.126651834] [bw_dr03_decoded_serial_node]: Serial error: [Errno 5] Input/output error
[decoded_serial_node-3] [ERROR] [1791264850.131421304] [bw_dr03_decoded_serial_node]: Serial error: [Errno 5] Input/output error
[decoded_serial_node-3] [ERROR] [1791264850.136373621] [bw_dr03_decoded_serial_node]: Serial error: [Errno 5] Input/output error
[decoded_serial_node-3] [ERROR] [1791264850.141803241] [bw_dr03_decoded_serial_node]: Serial error: [Errno 5] Input/output error
[decoded_serial_node-3] [ERROR] [1791264850.146864791] [bw_dr03_decoded_serial_node]: Serial error: [Errno 5] Input/output error
[decoded_serial_node-3] [ERROR] [1791264850.151401546] [bw_dr03_decoded_serial_node]: Serial error: [Errno 5] Input/output error
[decoded_serial_node-3] [ERROR] [1791264850.156672065] [bw_dr03_decoded_serial_node]: Serial error: [Errno 5] Input/output error
[decoded_serial_node-3] [ERROR] [1791264850.161680186] [bw_dr03_decoded_serial_node]: Serial error: [Errno 5] Input/output error
[decoded_serial_node-3] [ERROR] [1791264850.166351108] [bw_dr03_decoded_serial_node]: Serial error: [Errno 5] Input/output error
[decoded_serial_node-3] [ERROR] [1791264850.171420970] [bw_dr03_decoded_serial_node]: Serial error: [Errno 5] Input/output error
[decoded_serial_node-3] [ERROR] [1791264850.176426716] [bw_dr03_decoded_serial_node]: Serial error: [Errno 5] Input/output error
[decoded_serial_node-3] [ERROR] [1791264850.181793408] [bw_dr03_decoded_serial_node]: Serial error: [Errno 5] Input/output error
[decoded_serial_node-3] [ERROR] [1791264850.186522509] [bw_dr03_decoded_serial_node]: Serial error: [Errno 5] Input/output error
[decoded_serial_node-3] [ERROR] [1791264850.191436832] [bw_dr03_decoded_serial_node]: Serial error: [Errno 5] Input/output error
[decoded_serial_node-3] [ERROR] [1791264850.196416457] [bw_dr03_decoded_serial_node]: Serial error: [Errno 5] Input/output error
[decoded_serial_node-3] [ERROR] [1791264850.200909281] [bw_dr03_decoded_serial_node]: Serial error: [Errno 5] Input/output error
[decoded_serial_node-3] [ERROR] [1791264850.206667789] [bw_dr03_decoded_serial_node]: Serial error: [Errno 5] Input/output error
[decoded_serial_node-3] [ERROR] [1791264850.211789893] [bw_dr03_decoded_serial_node]: Serial error: [Errno 5] Input/output error
[decoded_serial_node-3] [ERROR] [1791264850.216343270] [bw_dr03_decoded_serial_node]: Serial error: [Errno 5] Input/output error
[decoded_serial_node-3] [ERROR] [1791264850.221674343] [bw_dr03_decoded_serial_node]: Serial error: [Errno 5] Input/output error
[decoded_serial_node-3] [ERROR] [1791264850.226724020] [bw_dr03_decoded_serial_node]: Serial error: [Errno 5] Input/output error
[decoded_serial_node-3] [ERROR] [1791264850.231425812] [bw_dr03_decoded_serial_node]: Serial error: [Errno 5] Input/output error
[decoded_serial_node-3] [ERROR] [1791264850.235956630] [bw_dr03_decoded_serial_node]: Serial error: [Errno 5] Input/output error
[decoded_serial_node-3] [ERROR] [1791264850.241830308] [bw_dr03_decoded_serial_node]: Serial error: [Errno 5] Input/output error
[decoded_serial_node-3] [ERROR] [1791264850.246821807] [bw_dr03_decoded_serial_node]: Serial error: [Errno 5] Input/output error
[decoded_serial_node-3] [ERROR] [1791264850.251708821] [bw_dr03_decoded_serial_node]: Serial error: [Errno 5] Input/output error
[decoded_serial_node-3] [ERROR] [1791264850.256700320] [bw_dr03_decoded_serial_node]: Serial error: [Errno 5] Input/output error
[decoded_serial_node-3] [ERROR] [1791264850.261725064] [bw_dr03_decoded_serial_node]: Serial error: [Errno 5] Input/output error
[decoded_serial_node-3] [ERROR] [1791264850.266394798] [bw_dr03_decoded_serial_node]: Serial error: [Errno 5] Input/output error
[decoded_serial_node-3] [ERROR] [1791264850.271812545] [bw_dr03_decoded_serial_node]: Serial error: [Errno 5] Input/output error
[decoded_serial_node-3] [ERROR] [1791264850.276748240] [bw_dr03_decoded_serial_node]: Serial error: [Errno 5] Input/output error
[decoded_serial_node-3] [ERROR] [1791264850.281402539] [bw_dr03_decoded_serial_node]: Serial error: [Errno 5] Input/output error
[decoded_serial_node-3] [ERROR] [1791264850.285923858] [bw_dr03_decoded_serial_node]: Serial error: [Errno 5] Input/output error
[decoded_serial_node-3] [ERROR] [1791264850.291427092] [bw_dr03_decoded_serial_node]: Serial error: [Errno 5] Input/output error
[decoded_serial_node-3] [ERROR] [1791264850.296378222] [bw_dr03_decoded_serial_node]: Serial error: [Errno 5] Input/output error
[decoded_serial_node-3] [ERROR] [1791264850.300958908] [bw_dr03_decoded_serial_node]: Serial error: [Errno 5] Input/output error
[decoded_serial_node-3] [ERROR] [1791264850.306837335] [bw_dr03_decoded_serial_node]: Serial error: [Errno 5] Input/output error
[decoded_serial_node-3] [ERROR] [1791264850.311724350] [bw_dr03_decoded_serial_node]: Serial error: [Errno 5] Input/output error
[decoded_serial_node-3] [ERROR] [1791264850.316370338] [bw_dr03_decoded_serial_node]: Serial error: [Errno 5] Input/output error
[decoded_serial_node-3] [ERROR] [1791264850.321750090] [bw_dr03_decoded_serial_node]: Serial error: [Errno 5] Input/output error
[decoded_serial_node-3] [ERROR] [1791264850.326387767] [bw_dr03_decoded_serial_node]: Serial error: [Errno 5] Input/output error
[decoded_serial_node-3] [ERROR] [1791264850.331706967] [bw_dr03_decoded_serial_node]: Serial error: [Errno 5] Input/output error
[decoded_serial_node-3] [ERROR] [1791264850.336348205] [bw_dr03_decoded_serial_node]: Serial error: [Errno 5] Input/output error
[decoded_serial_node-3] [ERROR] [1791264850.342192201] [bw_dr03_decoded_serial_node]: Serial error: [Errno 5] Input/output error
[decoded_serial_node-3] [ERROR] [1791264850.346499802] [bw_dr03_decoded_serial_node]: Serial error: [Errno 5] Input/output error
[decoded_serial_node-3] [ERROR] [1791264850.351380880] [bw_dr03_decoded_serial_node]: Serial error: [Errno 5] Input/output error
[decoded_serial_node-3] [ERROR] [1791264850.356755883] [bw_dr03_decoded_serial_node]: Serial error: [Errno 5] Input/output error
[decoded_serial_node-3] [ERROR] [1791264850.361660707] [bw_dr03_decoded_serial_node]: Serial error: [Errno 5] Input/output error
[decoded_serial_node-3] [ERROR] [1791264850.366528725] [bw_dr03_decoded_serial_node]: Serial error: [Errno 5] Input/output error
[decoded_serial_node-3] [ERROR] [1791264850.371813492] [bw_dr03_decoded_serial_node]: Serial error: [Errno 5] Input/output error
[decoded_serial_node-3] [ERROR] [1791264850.376732564] [bw_dr03_decoded_serial_node]: Serial error: [Errno 5] Input/output error
[decoded_serial_node-3] [ERROR] [1791264850.381467601] [bw_dr03_decoded_serial_node]: Serial error: [Errno 5] Input/output error
[decoded_serial_node-3] [ERROR] [1791264850.386488783] [bw_dr03_decoded_serial_node]: Serial error: [Errno 5] Input/output error
[decoded_serial_node-3] [ERROR] [1791264850.391368673] [bw_dr03_decoded_serial_node]: Serial error: [Errno 5] Input/output error
[decoded_serial_node-3] [ERROR] [1791264850.396725867] [bw_dr03_decoded_serial_node]: Serial error: [Errno 5] Input/output error
[decoded_serial_node-3] [ERROR] [1791264850.401851532] [bw_dr03_decoded_serial_node]: Serial error: [Errno 5] Input/output error
[decoded_serial_node-3] [ERROR] [1791264850.406450028] [bw_dr03_decoded_serial_node]: Serial error: [Errno 5] Input/output error
[decoded_serial_node-3] [ERROR] [1791264850.411669492] [bw_dr03_decoded_serial_node]: Serial error: [Errno 5] Input/output error
[decoded_serial_node-3] [ERROR] [1791264850.416440149] [bw_dr03_decoded_serial_node]: Serial error: [Errno 5] Input/output error
[decoded_serial_node-3] [ERROR] [1791264850.421500512] [bw_dr03_decoded_serial_node]: Serial error: [Errno 5] Input/output error
[decoded_serial_node-3] [ERROR] [1791264850.426728288] [bw_dr03_decoded_serial_node]: Serial error: [Errno 5] Input/output error
[decoded_serial_node-3] [ERROR] [1791264850.431634299] [bw_dr03_decoded_serial_node]: Serial error: [Errno 5] Input/output error
[decoded_serial_node-3] [ERROR] [1791264850.436663792] [bw_dr03_decoded_serial_node]: Serial error: [Errno 5] Input/output error
[decoded_serial_node-3] [ERROR] [1791264850.441532997] [bw_dr03_decoded_serial_node]: Serial error: [Errno 5] Input/output error
[decoded_serial_node-3] [ERROR] [1791264850.446801141] [bw_dr03_decoded_serial_node]: Serial error: [Errno 5] Input/output error
[decoded_serial_node-3] [ERROR] [1791264850.451810449] [bw_dr03_decoded_serial_node]: Serial error: [Errno 5] Input/output error
[decoded_serial_node-3] [ERROR] [1791264850.456680841] [bw_dr03_decoded_serial_node]: Serial error: [Errno 5] Input/output error
[decoded_serial_node-3] [ERROR] [1791264850.461718645] [bw_dr03_decoded_serial_node]: Serial error: [Errno 5] Input/output error
[decoded_serial_node-3] [ERROR] [1791264850.465958570] [bw_dr03_decoded_serial_node]: Serial error: [Errno 5] Input/output error
[decoded_serial_node-3] [ERROR] [1791264850.471343072] [bw_dr03_decoded_serial_node]: Serial error: [Errno 5] Input/output error
[decoded_serial_node-3] [ERROR] [1791264850.476669395] [bw_dr03_decoded_serial_node]: Serial error: [Errno 5] Input/output error
[decoded_serial_node-3] [ERROR] [1791264850.481532663] [bw_dr03_decoded_serial_node]: Serial error: [Errno 5] Input/output error
[decoded_serial_node-3] [ERROR] [1791264850.485954247] [bw_dr03_decoded_serial_node]: Serial error: [Errno 5] Input/output error
[decoded_serial_node-3] [ERROR] [1791264850.491373182] [bw_dr03_decoded_serial_node]: Serial error: [Errno 5] Input/output error
[decoded_serial_node-3] [ERROR] [1791264850.496756496] [bw_dr03_decoded_serial_node]: Serial error: [Errno 5] Input/output error
[follow_planner-6] [INFO] [1791264850.500339832] [follow_planner_node]: [IDLE] disabled | d=- goc=- | v=0.000 w=0.000 | thoang=-
[decoded_serial_node-3] [ERROR] [1791264850.501058161] [bw_dr03_decoded_serial_node]: Serial error: [Errno 5] Input/output error
[decoded_serial_node-3] [ERROR] [1791264850.505995043] [bw_dr03_decoded_serial_node]: Serial error: [Errno 5] Input/output error
[decoded_serial_node-3] [ERROR] [1791264850.511367672] [bw_dr03_decoded_serial_node]: Serial error: [Errno 5] Input/output error
[decoded_serial_node-3] [ERROR] [1791264850.515964980] [bw_dr03_decoded_serial_node]: Serial error: [Errno 5] Input/output error
[decoded_serial_node-3] [ERROR] [1791264850.521028905] [bw_dr03_decoded_serial_node]: Serial error: [Errno 5] Input/output error
[decoded_serial_node-3] [ERROR] [1791264850.526034651] [bw_dr03_decoded_serial_node]: Serial error: [Errno 5] Input/output error
[decoded_serial_node-3] [ERROR] [1791264850.531381159] [bw_dr03_decoded_serial_node]: Serial error: [Errno 5] Input/output error
[decoded_serial_node-3] [ERROR] [1791264850.535925037] [bw_dr03_decoded_serial_node]: Serial error: [Errno 5] Input/output error
[decoded_serial_node-3] [ERROR] [1791264850.541733413] [bw_dr03_decoded_serial_node]: Serial error: [Errno 5] Input/output error
[decoded_serial_node-3] [ERROR] [1791264850.546132438] [bw_dr03_decoded_serial_node]: Serial error: [Errno 5] Input/output error
[decoded_serial_node-3] [ERROR] [1791264850.551032513] [bw_dr03_decoded_serial_node]: Serial error: [Errno 5] Input/output error
[decoded_serial_node-3] [ERROR] [1791264850.555659504] [bw_dr03_decoded_serial_node]: Serial error: [Errno 5] Input/output error
[decoded_serial_node-3] [ERROR] [1791264850.561423949] [bw_dr03_decoded_serial_node]: Serial error: [Errno 5] Input/output error
[decoded_serial_node-3] [ERROR] [1791264850.565953580] [bw_dr03_decoded_serial_node]: Serial error: [Errno 5] Input/output error
[decoded_serial_node-3] [ERROR] [1791264850.571642036] [bw_dr03_decoded_serial_node]: Serial error: [Errno 5] Input/output error
[decoded_serial_node-3] [ERROR] [1791264850.576068370] [bw_dr03_decoded_serial_node]: Serial error: [Errno 5] Input/output error
[decoded_serial_node-3] [ERROR] [1791264850.581406566] [bw_dr03_decoded_serial_node]: Serial error: [Errno 5] Input/output error
[decoded_serial_node-3] [ERROR] [1791264850.586046618] [bw_dr03_decoded_serial_node]: Serial error: [Errno 5] Input/output error
[decoded_serial_node-3] [ERROR] [1791264850.591049989] [bw_dr03_decoded_serial_node]: Serial error: [Errno 5] Input/output error
[decoded_serial_node-3] [ERROR] [1791264850.596030802] [bw_dr03_decoded_serial_node]: Serial error: [Errno 5] Input/output error
[decoded_serial_node-3] [ERROR] [1791264850.601744192] [bw_dr03_decoded_serial_node]: Serial error: [Errno 5] Input/output error
[decoded_serial_node-3] [ERROR] [1791264850.606014987] [bw_dr03_decoded_serial_node]: Serial error: [Errno 5] Input/output error
[decoded_serial_node-3] [ERROR] [1791264850.611103846] [bw_dr03_decoded_serial_node]: Serial error: [Errno 5] Input/output error
[decoded_serial_node-3] [ERROR] [1791264850.616173707] [bw_dr03_decoded_serial_node]: Serial error: [Errno 5] Input/output error
[decoded_serial_node-3] [ERROR] [1791264850.620960987] [bw_dr03_decoded_serial_node]: Serial error: [Errno 5] Input/output error
[decoded_serial_node-3] [ERROR] [1791264850.625937050] [bw_dr03_decoded_serial_node]: Serial error: [Errno 5] Input/output error
[decoded_serial_node-3] [ERROR] [1791264850.630942797] [bw_dr03_decoded_serial_node]: Serial error: [Errno 5] Input/output error
[decoded_serial_node-3] [ERROR] [1791264850.636035218] [bw_dr03_decoded_serial_node]: Serial error: [Errno 5] Input/output error
[decoded_serial_node-3] [ERROR] [1791264850.640945978] [bw_dr03_decoded_serial_node]: Serial error: [Errno 5] Input/output error
[decoded_serial_node-3] [ERROR] [1791264850.645946976] [bw_dr03_decoded_serial_node]: Serial error: [Errno 5] Input/output error
[decoded_serial_node-3] [ERROR] [1791264850.651108261] [bw_dr03_decoded_serial_node]: Serial error: [Errno 5] Input/output error
[decoded_serial_node-3] [ERROR] [1791264850.656070077] [bw_dr03_decoded_serial_node]: Serial error: [Errno 5] Input/output error
[decoded_serial_node-3] [ERROR] [1791264850.661092446] [bw_dr03_decoded_serial_node]: Serial error: [Errno 5] Input/output error
[decoded_serial_node-3] [ERROR] [1791264850.666019829] [bw_dr03_decoded_serial_node]: Serial error: [Errno 5] Input/output error
[decoded_serial_node-3] [ERROR] [1791264850.671162117] [bw_dr03_decoded_serial_node]: Serial error: [Errno 5] Input/output error
[decoded_serial_node-3] [ERROR] [1791264850.676027760] [bw_dr03_decoded_serial_node]: Serial error: [Errno 5] Input/output error
[decoded_serial_node-3] [ERROR] [1791264850.681304216] [bw_dr03_decoded_serial_node]: Serial error: [Errno 5] Input/output error
[decoded_serial_node-3] [ERROR] [1791264850.686001259] [bw_dr03_decoded_serial_node]: Serial error: [Errno 5] Input/output error
[decoded_serial_node-3] [ERROR] [1791264850.691008192] [bw_dr03_decoded_serial_node]: Serial error: [Errno 5] Input/output error
[decoded_serial_node-3] [ERROR] [1791264850.696148106] [bw_dr03_decoded_serial_node]: Serial error: [Errno 5] Input/output error
[decoded_serial_node-3] [ERROR] [1791264850.700999501] [bw_dr03_decoded_serial_node]: Serial error: [Errno 5] Input/output error
[decoded_serial_node-3] [ERROR] [1791264850.706196406] [bw_dr03_decoded_serial_node]: Serial error: [Errno 5] Input/output error
[decoded_serial_node-3] [ERROR] [1791264850.711058487] [bw_dr03_decoded_serial_node]: Serial error: [Errno 5] Input/output error
[decoded_serial_node-3] [ERROR] [1791264850.715926504] [bw_dr03_decoded_serial_node]: Serial error: [Errno 5] Input/output error
[decoded_serial_node-3] [ERROR] [1791264850.720947686] [bw_dr03_decoded_serial_node]: Serial error: [Errno 5] Input/output error
[decoded_serial_node-3] [ERROR] [1791264850.725993801] [bw_dr03_decoded_serial_node]: Serial error: [Errno 5] Input/output error
[decoded_serial_node-3] [ERROR] [1791264850.731086222] [bw_dr03_decoded_serial_node]: Serial error: [Errno 5] Input/output error
[decoded_serial_node-3] [ERROR] [1791264850.735961363] [bw_dr03_decoded_serial_node]: Serial error: [Errno 5] Input/output error
[decoded_serial_node-3] [ERROR] [1791264850.740955236] [bw_dr03_decoded_serial_node]: Serial error: [Errno 5] Input/output error
[decoded_serial_node-3] [ERROR] [1791264850.745960983] [bw_dr03_decoded_serial_node]: Serial error: [Errno 5] Input/output error
[decoded_serial_node-3] [ERROR] [1791264850.751411975] [bw_dr03_decoded_serial_node]: Serial error: [Errno 5] Input/output error
[decoded_serial_node-3] [ERROR] [1791264850.756256245] [bw_dr03_decoded_serial_node]: Serial error: [Errno 5] Input/output error
[decoded_serial_node-3] [ERROR] [1791264850.761449589] [bw_dr03_decoded_serial_node]: Serial error: [Errno 5] Input/output error
[decoded_serial_node-3] [ERROR] [1791264850.765926977] [bw_dr03_decoded_serial_node]: Serial error: [Errno 5] Input/output error
[decoded_serial_node-3] [ERROR] [1791264850.771800655] [bw_dr03_decoded_serial_node]: Serial error: [Errno 5] Input/output error
[decoded_serial_node-3] [ERROR] [1791264850.776472765] [bw_dr03_decoded_serial_node]: Serial error: [Errno 5] Input/output error
[decoded_serial_node-3] [ERROR] [1791264850.781391837] [bw_dr03_decoded_serial_node]: Serial error: [Errno 5] Input/output error
[decoded_serial_node-3] [ERROR] [1791264850.786453387] [bw_dr03_decoded_serial_node]: Serial error: [Errno 5] Input/output error
[decoded_serial_node-3] [ERROR] [1791264850.791215733] [bw_dr03_decoded_serial_node]: Serial error: [Errno 5] Input/output error
[decoded_serial_node-3] [ERROR] [1791264850.796209606] [bw_dr03_decoded_serial_node]: Serial error: [Errno 5] Input/output error
[decoded_serial_node-3] [ERROR] [1791264850.801849382] [bw_dr03_decoded_serial_node]: Serial error: [Errno 5] Input/output error
[decoded_serial_node-3] [ERROR] [1791264850.806725711] [bw_dr03_decoded_serial_node]: Serial error: [Errno 5] Input/output error
[decoded_serial_node-3] [ERROR] [1791264850.811224471] [bw_dr03_decoded_serial_node]: Serial error: [Errno 5] Input/output error
[decoded_serial_node-3] [ERROR] [1791264850.816191036] [bw_dr03_decoded_serial_node]: Serial error: [Errno 5] Input/output error
[decoded_serial_node-3] [ERROR] [1791264850.821634904] [bw_dr03_decoded_serial_node]: Serial error: [Errno 5] Input/output error
[decoded_serial_node-3] [ERROR] [1791264850.826672708] [bw_dr03_decoded_serial_node]: Serial error: [Errno 5] Input/output error
[decoded_serial_node-3] [ERROR] [1791264850.831344817] [bw_dr03_decoded_serial_node]: Serial error: [Errno 5] Input/output error
[decoded_serial_node-3] [ERROR] [1791264850.836218771] [bw_dr03_decoded_serial_node]: Serial error: [Errno 5] Input/output error
[decoded_serial_node-3] [ERROR] [1791264850.841537970] [bw_dr03_decoded_serial_node]: Serial error: [Errno 5] Input/output error
[decoded_serial_node-3] [ERROR] [1791264850.846508097] [bw_dr03_decoded_serial_node]: Serial error: [Errno 5] Input/output error
[decoded_serial_node-3] [ERROR] [1791264850.851548276] [bw_dr03_decoded_serial_node]: Serial error: [Errno 5] Input/output error
[decoded_serial_node-3] [ERROR] [1791264850.856381861] [bw_dr03_decoded_serial_node]: Serial error: [Errno 5] Input/output error
[decoded_serial_node-3] [ERROR] [1791264850.861476656] [bw_dr03_decoded_serial_node]: Serial error: [Errno 5] Input/output error
[decoded_serial_node-3] [ERROR] [1791264850.866220005] [bw_dr03_decoded_serial_node]: Serial error: [Errno 5] Input/output error
[decoded_serial_node-3] [ERROR] [1791264850.871495273] [bw_dr03_decoded_serial_node]: Serial error: [Errno 5] Input/output error
[decoded_serial_node-3] [ERROR] [1791264850.876232685] [bw_dr03_decoded_serial_node]: Serial error: [Errno 5] Input/output error
[decoded_serial_node-3] [ERROR] [1791264850.881614812] [bw_dr03_decoded_serial_node]: Serial error: [Errno 5] Input/output error
[decoded_serial_node-3] [ERROR] [1791264850.886222806] [bw_dr03_decoded_serial_node]: Serial error: [Errno 5] Input/output error
[decoded_serial_node-3] [ERROR] [1791264850.891306916] [bw_dr03_decoded_serial_node]: Serial error: [Errno 5] Input/output error
[decoded_serial_node-3] [ERROR] [1791264850.896332847] [bw_dr03_decoded_serial_node]: Serial error: [Errno 5] Input/output error
[decoded_serial_node-3] [ERROR] [1791264850.901149809] [bw_dr03_decoded_serial_node]: Serial error: [Errno 5] Input/output error
[decoded_serial_node-3] [ERROR] [1791264850.905902656] [bw_dr03_decoded_serial_node]: Serial error: [Errno 5] Input/output error
[decoded_serial_node-3] [ERROR] [1791264850.910927400] [bw_dr03_decoded_serial_node]: Serial error: [Errno 5] Input/output error
[decoded_serial_node-3] [ERROR] [1791264850.915910587] [bw_dr03_decoded_serial_node]: Serial error: [Errno 5] Input/output error
[decoded_serial_node-3] [ERROR] [1791264850.920921083] [bw_dr03_decoded_serial_node]: Serial error: [Errno 5] Input/output error
[decoded_serial_node-3] [ERROR] [1791264850.925936328] [bw_dr03_decoded_serial_node]: Serial error: [Errno 5] Input/output error
[decoded_serial_node-3] [ERROR] [1791264850.931222282] [bw_dr03_decoded_serial_node]: Serial error: [Errno 5] Input/output error
[decoded_serial_node-3] [ERROR] [1791264850.936480928] [bw_dr03_decoded_serial_node]: Serial error: [Errno 5] Input/output error
[decoded_serial_node-3] [ERROR] [1791264850.940936945] [bw_dr03_decoded_serial_node]: Serial error: [Errno 5] Input/output error
[decoded_serial_node-3] [ERROR] [1791264850.945903510] [bw_dr03_decoded_serial_node]: Serial error: [Errno 5] Input/output error
[decoded_serial_node-3] [ERROR] [1791264850.950921129] [bw_dr03_decoded_serial_node]: Serial error: [Errno 5] Input/output error
[decoded_serial_node-3] [ERROR] [1791264850.955936375] [bw_dr03_decoded_serial_node]: Serial error: [Errno 5] Input/output error
[decoded_serial_node-3] [ERROR] [1791264850.961013360] [bw_dr03_decoded_serial_node]: Serial error: [Errno 5] Input/output error
[decoded_serial_node-3] [ERROR] [1791264850.965934807] [bw_dr03_decoded_serial_node]: Serial error: [Errno 5] Input/output error
[decoded_serial_node-3] [ERROR] [1791264850.970926306] [bw_dr03_decoded_serial_node]: Serial error: [Errno 5] Input/output error
[decoded_serial_node-3] [ERROR] [1791264850.975935614] [bw_dr03_decoded_serial_node]: Serial error: [Errno 5] Input/output error
[decoded_serial_node-3] [ERROR] [1791264850.980933049] [bw_dr03_decoded_serial_node]: Serial error: [Errno 5] Input/output error
[decoded_serial_node-3] [ERROR] [1791264850.985943545] [bw_dr03_decoded_serial_node]: Serial error: [Errno 5] Input/output error
[decoded_serial_node-3] [ERROR] [1791264850.990929107] [bw_dr03_decoded_serial_node]: Serial error: [Errno 5] Input/output error
[decoded_serial_node-3] [ERROR] [1791264850.995952663] [bw_dr03_decoded_serial_node]: Serial error: [Errno 5] Input/output error
[decoded_serial_node-3] [ERROR] [1791264851.000888358] [bw_dr03_decoded_serial_node]: Serial error: [Errno 5] Input/output error
[decoded_serial_node-3] [ERROR] [1791264851.006093574] [bw_dr03_decoded_serial_node]: Serial error: [Errno 5] Input/output error
[decoded_serial_node-3] [ERROR] [1791264851.011079136] [bw_dr03_decoded_serial_node]: Serial error: [Errno 5] Input/output error
[decoded_serial_node-3] [ERROR] [1791264851.016023142] [bw_dr03_decoded_serial_node]: Serial error: [Errno 5] Input/output error
[decoded_serial_node-3] [ERROR] [1791264851.021151182] [bw_dr03_decoded_serial_node]: Serial error: [Errno 5] Input/output error
[decoded_serial_node-3] [ERROR] [1791264851.025930150] [bw_dr03_decoded_serial_node]: Serial error: [Errno 5] Input/output error
[decoded_serial_node-3] [ERROR] [1791264851.030944208] [bw_dr03_decoded_serial_node]: Serial error: [Errno 5] Input/output error
[decoded_serial_node-3] [ERROR] [1791264851.035891776] [bw_dr03_decoded_serial_node]: Serial error: [Errno 5] Input/output error
[decoded_serial_node-3] [ERROR] [1791264851.041145672] [bw_dr03_decoded_serial_node]: Serial error: [Errno 5] Input/output error
[decoded_serial_node-3] [ERROR] [1791264851.046045747] [bw_dr03_decoded_serial_node]: Serial error: [Errno 5] Input/output error
[decoded_serial_node-3] [ERROR] [1791264851.050990940] [bw_dr03_decoded_serial_node]: Serial error: [Errno 5] Input/output error
[decoded_serial_node-3] [ERROR] [1791264851.055914761] [bw_dr03_decoded_serial_node]: Serial error: [Errno 5] Input/output error
[decoded_serial_node-3] [ERROR] [1791264851.060916946] [bw_dr03_decoded_serial_node]: Serial error: [Errno 5] Input/output error
[decoded_serial_node-3] [ERROR] [1791264851.066023614] [bw_dr03_decoded_serial_node]: Serial error: [Errno 5] Input/output error
[decoded_serial_node-3] [ERROR] [1791264851.071023424] [bw_dr03_decoded_serial_node]: Serial error: [Errno 5] Input/output error
[decoded_serial_node-3] [ERROR] [1791264851.076409113] [bw_dr03_decoded_serial_node]: Serial error: [Errno 5] Input/output error
[decoded_serial_node-3] [ERROR] [1791264851.081009983] [bw_dr03_decoded_serial_node]: Serial error: [Errno 5] Input/output error
[decoded_serial_node-3] [ERROR] [1791264851.085957551] [bw_dr03_decoded_serial_node]: Serial error: [Errno 5] Input/output error
[decoded_serial_node-3] [ERROR] [1791264851.090900369] [bw_dr03_decoded_serial_node]: Serial error: [Errno 5] Input/output error
[decoded_serial_node-3] [ERROR] [1791264851.095944110] [bw_dr03_decoded_serial_node]: Serial error: [Errno 5] Input/output error
[decoded_serial_node-3] [ERROR] [1791264851.101046029] [bw_dr03_decoded_serial_node]: Serial error: [Errno 5] Input/output error
[decoded_serial_node-3] [ERROR] [1791264851.106043464] [bw_dr03_decoded_serial_node]: Serial error: [Errno 5] Input/output error
[decoded_serial_node-3] [ERROR] [1791264851.110904358] [bw_dr03_decoded_serial_node]: Serial error: [Errno 5] Input/output error
[decoded_serial_node-3] [ERROR] [1791264851.115936225] [bw_dr03_decoded_serial_node]: Serial error: [Errno 5] Input/output error
[decoded_serial_node-3] [ERROR] [1791264851.120940784] [bw_dr03_decoded_serial_node]: Serial error: [Errno 5] Input/output error
[decoded_serial_node-3] [ERROR] [1791264851.126064075] [bw_dr03_decoded_serial_node]: Serial error: [Errno 5] Input/output error
[decoded_serial_node-3] [ERROR] [1791264851.131132750] [bw_dr03_decoded_serial_node]: Serial error: [Errno 5] Input/output error
[decoded_serial_node-3] [ERROR] [1791264851.136080318] [bw_dr03_decoded_serial_node]: Serial error: [Errno 5] Input/output error
[decoded_serial_node-3] [ERROR] [1791264851.140992266] [bw_dr03_decoded_serial_node]: Serial error: [Errno 5] Input/output error
[decoded_serial_node-3] [ERROR] [1791264851.145885216] [bw_dr03_decoded_serial_node]: Serial error: [Errno 5] Input/output error
[decoded_serial_node-3] [ERROR] [1791264851.150931332] [bw_dr03_decoded_serial_node]: Serial error: [Errno 5] Input/output error
[decoded_serial_node-3] [ERROR] [1791264851.155958450] [bw_dr03_decoded_serial_node]: Serial error: [Errno 5] Input/output error
[decoded_serial_node-3] [ERROR] [1791264851.161021188] [bw_dr03_decoded_serial_node]: Serial error: [Errno 5] Input/output error
[decoded_serial_node-3] [ERROR] [1791264851.166162289] [bw_dr03_decoded_serial_node]: Serial error: [Errno 5] Input/output error
[decoded_serial_node-3] [ERROR] [1791264851.171086110] [bw_dr03_decoded_serial_node]: Serial error: [Errno 5] Input/output error
[decoded_serial_node-3] [ERROR] [1791264851.175951753] [bw_dr03_decoded_serial_node]: Serial error: [Errno 5] Input/output error
[decoded_serial_node-3] [ERROR] [1791264851.180940876] [bw_dr03_decoded_serial_node]: Serial error: [Errno 5] Input/output error
[decoded_serial_node-3] [ERROR] [1791264851.185926438] [bw_dr03_decoded_serial_node]: Serial error: [Errno 5] Input/output error
[decoded_serial_node-3] [ERROR] [1791264851.191081787] [bw_dr03_decoded_serial_node]: Serial error: [Errno 5] Input/output error
[decoded_serial_node-3] [ERROR] [1791264851.195956928] [bw_dr03_decoded_serial_node]: Serial error: [Errno 5] Input/output error
[decoded_serial_node-3] [ERROR] [1791264851.201390110] [bw_dr03_decoded_serial_node]: Serial error: [Errno 5] Input/output error
[decoded_serial_node-3] [ERROR] [1791264851.205994542] [bw_dr03_decoded_serial_node]: Serial error: [Errno 5] Input/output error
[decoded_serial_node-3] [ERROR] [1791264851.210951608] [bw_dr03_decoded_serial_node]: Serial error: [Errno 5] Input/output error
[decoded_serial_node-3] [ERROR] [1791264851.216044029] [bw_dr03_decoded_serial_node]: Serial error: [Errno 5] Input/output error
[decoded_serial_node-3] [ERROR] [1791264851.221128139] [bw_dr03_decoded_serial_node]: Serial error: [Errno 5] Input/output error
[decoded_serial_node-3] [ERROR] [1791264851.226129136] [bw_dr03_decoded_serial_node]: Serial error: [Errno 5] Input/output error
[decoded_serial_node-3] [ERROR] [1791264851.230941349] [bw_dr03_decoded_serial_node]: Serial error: [Errno 5] Input/output error
[decoded_serial_node-3] [ERROR] [1791264851.235938784] [bw_dr03_decoded_serial_node]: Serial error: [Errno 5] Input/output error
[decoded_serial_node-3] [ERROR] [1791264851.240894663] [bw_dr03_decoded_serial_node]: Serial error: [Errno 5] Input/output error
[decoded_serial_node-3] [ERROR] [1791264851.245955026] [bw_dr03_decoded_serial_node]: Serial error: [Errno 5] Input/output error
[decoded_serial_node-3] [ERROR] [1791264851.251020139] [bw_dr03_decoded_serial_node]: Serial error: [Errno 5] Input/output error
[decoded_serial_node-3] [ERROR] [1791264851.256282346] [bw_dr03_decoded_serial_node]: Serial error: [Errno 5] Input/output error
[decoded_serial_node-3] [ERROR] [1791264851.260997199] [bw_dr03_decoded_serial_node]: Serial error: [Errno 5] Input/output error
[decoded_serial_node-3] [ERROR] [1791264851.265992260] [bw_dr03_decoded_serial_node]: Serial error: [Errno 5] Input/output error
[decoded_serial_node-3] [ERROR] [1791264851.271379136] [bw_dr03_decoded_serial_node]: Serial error: [Errno 5] Input/output error
[decoded_serial_node-3] [ERROR] [1791264851.276340952] [bw_dr03_decoded_serial_node]: Serial error: [Errno 5] Input/output error
[decoded_serial_node-3] [ERROR] [1791264851.280988127] [bw_dr03_decoded_serial_node]: Serial error: [Errno 5] Input/output error
[decoded_serial_node-3] [ERROR] [1791264851.285997435] [bw_dr03_decoded_serial_node]: Serial error: [Errno 5] Input/output error
[decoded_serial_node-3] [ERROR] [1791264851.291265580] [bw_dr03_decoded_serial_node]: Serial error: [Errno 5] Input/output error
[decoded_serial_node-3] [ERROR] [1791264851.295964997] [bw_dr03_decoded_serial_node]: Serial error: [Errno 5] Input/output error
[decoded_serial_node-3] [ERROR] [1791264851.300961245] [bw_dr03_decoded_serial_node]: Serial error: [Errno 5] Input/output error
[decoded_serial_node-3] [ERROR] [1791264851.306139153] [bw_dr03_decoded_serial_node]: Serial error: [Errno 5] Input/output error
[decoded_serial_node-3] [ERROR] [1791264851.311195954] [bw_dr03_decoded_serial_node]: Serial error: [Errno 5] Input/output error
[decoded_serial_node-3] [ERROR] [1791264851.315948801] [bw_dr03_decoded_serial_node]: Serial error: [Errno 5] Input/output error
[decoded_serial_node-3] [ERROR] [1791264851.320920115] [bw_dr03_decoded_serial_node]: Serial error: [Errno 5] Input/output error
[decoded_serial_node-3] [ERROR] [1791264851.326387730] [bw_dr03_decoded_serial_node]: Serial error: [Errno 5] Input/output error
[decoded_serial_node-3] [ERROR] [1791264851.331436220] [bw_dr03_decoded_serial_node]: Serial error: [Errno 5] Input/output error
[decoded_serial_node-3] [ERROR] [1791264851.336539327] [bw_dr03_decoded_serial_node]: Serial error: [Errno 5] Input/output error
[decoded_serial_node-3] [ERROR] [1791264851.341004842] [bw_dr03_decoded_serial_node]: Serial error: [Errno 5] Input/output error
[decoded_serial_node-3] [ERROR] [1791264851.346528260] [bw_dr03_decoded_serial_node]: Serial error: [Errno 5] Input/output error
[decoded_serial_node-3] [ERROR] [1791264851.351733477] [bw_dr03_decoded_serial_node]: Serial error: [Errno 5] Input/output error
[decoded_serial_node-3] [ERROR] [1791264851.356803338] [bw_dr03_decoded_serial_node]: Serial error: [Errno 5] Input/output error
[decoded_serial_node-3] [ERROR] [1791264851.361032577] [bw_dr03_decoded_serial_node]: Serial error: [Errno 5] Input/output error
[decoded_serial_node-3] [ERROR] [1791264851.366428952] [bw_dr03_decoded_serial_node]: Serial error: [Errno 5] Input/output error
[decoded_serial_node-3] [ERROR] [1791264851.370927712] [bw_dr03_decoded_serial_node]: Serial error: [Errno 5] Input/output error
[decoded_serial_node-3] [ERROR] [1791264851.375944144] [bw_dr03_decoded_serial_node]: Serial error: [Errno 5] Input/output error
[decoded_serial_node-3] [ERROR] [1791264851.381407009] [bw_dr03_decoded_serial_node]: Serial error: [Errno 5] Input/output error
[decoded_serial_node-3] [ERROR] [1791264851.386017378] [bw_dr03_decoded_serial_node]: Serial error: [Errno 5] Input/output error
[decoded_serial_node-3] [ERROR] [1791264851.391008876] [bw_dr03_decoded_serial_node]: Serial error: [Errno 5] Input/output error
[decoded_serial_node-3] [ERROR] [1791264851.396406439] [bw_dr03_decoded_serial_node]: Serial error: [Errno 5] Input/output error
[decoded_serial_node-3] [ERROR] [1791264851.401589096] [bw_dr03_decoded_serial_node]: Serial error: [Errno 5] Input/output error
[decoded_serial_node-3] [ERROR] [1791264851.405940628] [bw_dr03_decoded_serial_node]: Serial error: [Errno 5] Input/output error
[decoded_serial_node-3] [ERROR] [1791264851.410997430] [bw_dr03_decoded_serial_node]: Serial error: [Errno 5] Input/output error
[decoded_serial_node-3] [ERROR] [1791264851.415929562] [bw_dr03_decoded_serial_node]: Serial error: [Errno 5] Input/output error
[decoded_serial_node-3] [ERROR] [1791264851.421958779] [bw_dr03_decoded_serial_node]: Serial error: [Errno 5] Input/output error
[decoded_serial_node-3] [ERROR] [1791264851.426040790] [bw_dr03_decoded_serial_node]: Serial error: [Errno 5] Input/output error
[decoded_serial_node-3] [ERROR] [1791264851.431023977] [bw_dr03_decoded_serial_node]: Serial error: [Errno 5] Input/output error
[decoded_serial_node-3] [ERROR] [1791264851.436447661] [bw_dr03_decoded_serial_node]: Serial error: [Errno 5] Input/output error
[decoded_serial_node-3] [ERROR] [1791264851.441725304] [bw_dr03_decoded_serial_node]: Serial error: [Errno 5] Input/output error
[decoded_serial_node-3] [ERROR] [1791264851.445961666] [bw_dr03_decoded_serial_node]: Serial error: [Errno 5] Input/output error
[decoded_serial_node-3] [ERROR] [1791264851.450936542] [bw_dr03_decoded_serial_node]: Serial error: [Errno 5] Input/output error
[decoded_serial_node-3] [ERROR] [1791264851.455954162] [bw_dr03_decoded_serial_node]: Serial error: [Errno 5] Input/output error
[decoded_serial_node-3] [ERROR] [1791264851.460908853] [bw_dr03_decoded_serial_node]: Serial error: [Errno 5] Input/output error
[decoded_serial_node-3] [ERROR] [1791264851.465960905] [bw_dr03_decoded_serial_node]: Serial error: [Errno 5] Input/output error
[decoded_serial_node-3] [ERROR] [1791264851.471360842] [bw_dr03_decoded_serial_node]: Serial error: [Errno 5] Input/output error
[decoded_serial_node-3] [ERROR] [1791264851.476645609] [bw_dr03_decoded_serial_node]: Serial error: [Errno 5] Input/output error
[decoded_serial_node-3] [ERROR] [1791264851.481482756] [bw_dr03_decoded_serial_node]: Serial error: [Errno 5] Input/output error
[decoded_serial_node-3] [ERROR] [1791264851.486034945] [bw_dr03_decoded_serial_node]: Serial error: [Errno 5] Input/output error
[decoded_serial_node-3] [ERROR] [1791264851.491322087] [bw_dr03_decoded_serial_node]: Serial error: [Errno 5] Input/output error
[decoded_serial_node-3] [ERROR] [1791264851.496695903] [bw_dr03_decoded_serial_node]: Serial error: [Errno 5] Input/output error
[decoded_serial_node-3] [ERROR] [1791264851.500961948] [bw_dr03_decoded_serial_node]: Serial error: [Errno 5] Input/output error
[decoded_serial_node-3] [ERROR] [1791264851.506396318] [bw_dr03_decoded_serial_node]: Serial error: [Errno 5] Input/output error
[decoded_serial_node-3] [ERROR] [1791264851.511690583] [bw_dr03_decoded_serial_node]: Serial error: [Errno 5] Input/output error
[decoded_serial_node-3] [ERROR] [1791264851.515949504] [bw_dr03_decoded_serial_node]: Serial error: [Errno 5] Input/output error
[decoded_serial_node-3] [ERROR] [1791264851.521393372] [bw_dr03_decoded_serial_node]: Serial error: [Errno 5] Input/output error
[decoded_serial_node-3] [ERROR] [1791264851.526390807] [bw_dr03_decoded_serial_node]: Serial error: [Errno 5] Input/output error
[decoded_serial_node-3] [ERROR] [1791264851.531681511] [bw_dr03_decoded_serial_node]: Serial error: [Errno 5] Input/output error
[decoded_serial_node-3] [ERROR] [1791264851.535922622] [bw_dr03_decoded_serial_node]: Serial error: [Errno 5] Input/output error
[decoded_serial_node-3] [ERROR] [1791264851.541368865] [bw_dr03_decoded_serial_node]: Serial error: [Errno 5] Input/output error
[decoded_serial_node-3] [ERROR] [1791264851.546641759] [bw_dr03_decoded_serial_node]: Serial error: [Errno 5] Input/output error
[decoded_serial_node-3] [ERROR] [1791264851.551115585] [bw_dr03_decoded_serial_node]: Serial error: [Errno 5] Input/output error
[decoded_serial_node-3] [ERROR] [1791264851.555942046] [bw_dr03_decoded_serial_node]: Serial error: [Errno 5] Input/output error
[decoded_serial_node-3] [ERROR] [1791264851.561453591] [bw_dr03_decoded_serial_node]: Serial error: [Errno 5] Input/output error
[decoded_serial_node-3] [ERROR] [1791264851.566635061] [bw_dr03_decoded_serial_node]: Serial error: [Errno 5] Input/output error
[follow_planner-6] [INFO] [1791264851.567518428] [follow_planner_node]: [IDLE] disabled | d=- goc=- | v=0.000 w=0.000 | thoang=-
[decoded_serial_node-3] [ERROR] [1791264851.571615874] [bw_dr03_decoded_serial_node]: Serial error: [Errno 5] Input/output error
[decoded_serial_node-3] [ERROR] [1791264851.576001839] [bw_dr03_decoded_serial_node]: Serial error: [Errno 5] Input/output error
[decoded_serial_node-3] [ERROR] [1791264851.581386341] [bw_dr03_decoded_serial_node]: Serial error: [Errno 5] Input/output error
[decoded_serial_node-3] [ERROR] [1791264851.586963188] [bw_dr03_decoded_serial_node]: Serial error: [Errno 5] Input/output error
[decoded_serial_node-3] [ERROR] [1791264851.591049948] [bw_dr03_decoded_serial_node]: Serial error: [Errno 5] Input/output error
[decoded_serial_node-3] [ERROR] [1791264851.596390519] [bw_dr03_decoded_serial_node]: Serial error: [Errno 5] Input/output error
[decoded_serial_node-3] [ERROR] [1791264851.601723966] [bw_dr03_decoded_serial_node]: Serial error: [Errno 5] Input/output error
[decoded_serial_node-3] [ERROR] [1791264851.606628790] [bw_dr03_decoded_serial_node]: Serial error: [Errno 5] Input/output error
[decoded_serial_node-3] [ERROR] [1791264851.610999320] [bw_dr03_decoded_serial_node]: Serial error: [Errno 5] Input/output error
[decoded_serial_node-3] [ERROR] [1791264851.616035937] [bw_dr03_decoded_serial_node]: Serial error: [Errno 5] Input/output error
[decoded_serial_node-3] [ERROR] [1791264851.621397879] [bw_dr03_decoded_serial_node]: Serial error: [Errno 5] Input/output error
[decoded_serial_node-3] [ERROR] [1791264851.626001124] [bw_dr03_decoded_serial_node]: Serial error: [Errno 5] Input/output error
[decoded_serial_node-3] [ERROR] [1791264851.631348819] [bw_dr03_decoded_serial_node]: Serial error: [Errno 5] Input/output error
[decoded_serial_node-3] [ERROR] [1791264851.636594404] [bw_dr03_decoded_serial_node]: Serial error: [Errno 5] Input/output error
[decoded_serial_node-3] [ERROR] [1791264851.640936438] [bw_dr03_decoded_serial_node]: Serial error: [Errno 5] Input/output error
[decoded_serial_node-3] [ERROR] [1791264851.645950496] [bw_dr03_decoded_serial_node]: Serial error: [Errno 5] Input/output error
[decoded_serial_node-3] [ERROR] [1791264851.650944369] [bw_dr03_decoded_serial_node]: Serial error: [Errno 5] Input/output error
[decoded_serial_node-3] [ERROR] [1791264851.656007107] [bw_dr03_decoded_serial_node]: Serial error: [Errno 5] Input/output error
[decoded_serial_node-3] [ERROR] [1791264851.660930928] [bw_dr03_decoded_serial_node]: Serial error: [Errno 5] Input/output error
[decoded_serial_node-3] [ERROR] [1791264851.665949735] [bw_dr03_decoded_serial_node]: Serial error: [Errno 5] Input/output error
[decoded_serial_node-3] [ERROR] [1791264851.671441096] [bw_dr03_decoded_serial_node]: Serial error: [Errno 5] Input/output error
[decoded_serial_node-3] [ERROR] [1791264851.676610692] [bw_dr03_decoded_serial_node]: Serial error: [Errno 5] Input/output error
[decoded_serial_node-3] [ERROR] [1791264851.681675805] [bw_dr03_decoded_serial_node]: Serial error: [Errno 5] Input/output error
[decoded_serial_node-3] [ERROR] [1791264851.686010715] [bw_dr03_decoded_serial_node]: Serial error: [Errno 5] Input/output error
[decoded_serial_node-3] [ERROR] [1791264851.691870145] [bw_dr03_decoded_serial_node]: Serial error: [Errno 5] Input/output error
[decoded_serial_node-3] [ERROR] [1791264851.696383153] [bw_dr03_decoded_serial_node]: Serial error: [Errno 5] Input/output error
[decoded_serial_node-3] [ERROR] [1791264851.700949591] [bw_dr03_decoded_serial_node]: Serial error: [Errno 5] Input/output error
[decoded_serial_node-3] [ERROR] [1791264851.706414830] [bw_dr03_decoded_serial_node]: Serial error: [Errno 5] Input/output error
[decoded_serial_node-3] [ERROR] [1791264851.711706721] [bw_dr03_decoded_serial_node]: Serial error: [Errno 5] Input/output error
[decoded_serial_node-3] [ERROR] [1791264851.716020259] [bw_dr03_decoded_serial_node]: Serial error: [Errno 5] Input/output error
[decoded_serial_node-3] [ERROR] [1791264851.720988011] [bw_dr03_decoded_serial_node]: Serial error: [Errno 5] Input/output error
[decoded_serial_node-3] [ERROR] [1791264851.726384387] [bw_dr03_decoded_serial_node]: Serial error: [Errno 5] Input/output error
[decoded_serial_node-3] [ERROR] [1791264851.731779574] [bw_dr03_decoded_serial_node]: Serial error: [Errno 5] Input/output error
[decoded_serial_node-3] [ERROR] [1791264851.736076490] [bw_dr03_decoded_serial_node]: Serial error: [Errno 5] Input/output error
[decoded_serial_node-3] [ERROR] [1791264851.741127355] [bw_dr03_decoded_serial_node]: Serial error: [Errno 5] Input/output error
[decoded_serial_node-3] [ERROR] [1791264851.746426369] [bw_dr03_decoded_serial_node]: Serial error: [Errno 5] Input/output error
[decoded_serial_node-3] [ERROR] [1791264851.750964311] [bw_dr03_decoded_serial_node]: Serial error: [Errno 5] Input/output error
[decoded_serial_node-3] [ERROR] [1791264851.756050795] [bw_dr03_decoded_serial_node]: Serial error: [Errno 5] Input/output error
[decoded_serial_node-3] [ERROR] [1791264851.761417487] [bw_dr03_decoded_serial_node]: Serial error: [Errno 5] Input/output error
[decoded_serial_node-3] [ERROR] [1791264851.766370992] [bw_dr03_decoded_serial_node]: Serial error: [Errno 5] Input/output error
[decoded_serial_node-3] [ERROR] [1791264851.771006294] [bw_dr03_decoded_serial_node]: Serial error: [Errno 5] Input/output error
[decoded_serial_node-3] [ERROR] [1791264851.776482219] [bw_dr03_decoded_serial_node]: Serial error: [Errno 5] Input/output error
[decoded_serial_node-3] [ERROR] [1791264851.781592450] [bw_dr03_decoded_serial_node]: Serial error: [Errno 5] Input/output error
[decoded_serial_node-3] [ERROR] [1791264851.786959142] [bw_dr03_decoded_serial_node]: Serial error: [Errno 5] Input/output error
[decoded_serial_node-3] [ERROR] [1791264851.790965164] [bw_dr03_decoded_serial_node]: Serial error: [Errno 5] Input/output error
[decoded_serial_node-3] [ERROR] [1791264851.796393597] [bw_dr03_decoded_serial_node]: Serial error: [Errno 5] Input/output error
[decoded_serial_node-3] [ERROR] [1791264851.801562006] [bw_dr03_decoded_serial_node]: Serial error: [Errno 5] Input/output error
[decoded_serial_node-3] [ERROR] [1791264851.806007337] [bw_dr03_decoded_serial_node]: Serial error: [Errno 5] Input/output error
[decoded_serial_node-3] [ERROR] [1791264851.811402525] [bw_dr03_decoded_serial_node]: Serial error: [Errno 5] Input/output error
[decoded_serial_node-3] [ERROR] [1791264851.816430830] [bw_dr03_decoded_serial_node]: Serial error: [Errno 5] Input/output error
[decoded_serial_node-3] [ERROR] [1791264851.821726283] [bw_dr03_decoded_serial_node]: Serial error: [Errno 5] Input/output error
[decoded_serial_node-3] [ERROR] [1791264851.825935337] [bw_dr03_decoded_serial_node]: Serial error: [Errno 5] Input/output error
[decoded_serial_node-3] [ERROR] [1791264851.831573926] [bw_dr03_decoded_serial_node]: Serial error: [Errno 5] Input/output error
[decoded_serial_node-3] [ERROR] [1791264851.836618854] [bw_dr03_decoded_serial_node]: Serial error: [Errno 5] Input/output error
[decoded_serial_node-3] [ERROR] [1791264851.841084369] [bw_dr03_decoded_serial_node]: Serial error: [Errno 5] Input/output error
[decoded_serial_node-3] [ERROR] [1791264851.845965446] [bw_dr03_decoded_serial_node]: Serial error: [Errno 5] Input/output error
[decoded_serial_node-3] [ERROR] [1791264851.850960507] [bw_dr03_decoded_serial_node]: Serial error: [Errno 5] Input/output error
[decoded_serial_node-3] [ERROR] [1791264851.856425747] [bw_dr03_decoded_serial_node]: Serial error: [Errno 5] Input/output error
[decoded_serial_node-3] [ERROR] [1791264851.860966063] [bw_dr03_decoded_serial_node]: Serial error: [Errno 5] Input/output error
[decoded_serial_node-3] [ERROR] [1791264851.866352940] [bw_dr03_decoded_serial_node]: Serial error: [Errno 5] Input/output error
[decoded_serial_node-3] [ERROR] [1791264851.871494041] [bw_dr03_decoded_serial_node]: Serial error: [Errno 5] Input/output error
[decoded_serial_node-3] [ERROR] [1791264851.876496225] [bw_dr03_decoded_serial_node]: Serial error: [Errno 5] Input/output error
[decoded_serial_node-3] [ERROR] [1791264851.880951055] [bw_dr03_decoded_serial_node]: Serial error: [Errno 5] Input/output error
[decoded_serial_node-3] [ERROR] [1791264851.885950864] [bw_dr03_decoded_serial_node]: Serial error: [Errno 5] Input/output error
[decoded_serial_node-3] [ERROR] [1791264851.891775862] [bw_dr03_decoded_serial_node]: Serial error: [Errno 5] Input/output error
[decoded_serial_node-3] [ERROR] [1791264851.896665251] [bw_dr03_decoded_serial_node]: Serial error: [Errno 5] Input/output error
[decoded_serial_node-3] [ERROR] [1791264851.900944357] [bw_dr03_decoded_serial_node]: Serial error: [Errno 5] Input/output error
[decoded_serial_node-3] [ERROR] [1791264851.906434531] [bw_dr03_decoded_serial_node]: Serial error: [Errno 5] Input/output error
[decoded_serial_node-3] [ERROR] [1791264851.911667055] [bw_dr03_decoded_serial_node]: Serial error: [Errno 5] Input/output error
[decoded_serial_node-3] [ERROR] [1791264851.916372409] [bw_dr03_decoded_serial_node]: Serial error: [Errno 5] Input/output error
[decoded_serial_node-3] [ERROR] [1791264851.921651240] [bw_dr03_decoded_serial_node]: Serial error: [Errno 5] Input/output error
[decoded_serial_node-3] [ERROR] [1791264851.926429020] [bw_dr03_decoded_serial_node]: Serial error: [Errno 5] Input/output error
[decoded_serial_node-3] [ERROR] [1791264851.931653234] [bw_dr03_decoded_serial_node]: Serial error: [Errno 5] Input/output error
[decoded_serial_node-3] [ERROR] [1791264851.936674416] [bw_dr03_decoded_serial_node]: Serial error: [Errno 5] Input/output error
[decoded_serial_node-3] [ERROR] [1791264851.941696784] [bw_dr03_decoded_serial_node]: Serial error: [Errno 5] Input/output error
[decoded_serial_node-3] [ERROR] [1791264851.946655038] [bw_dr03_decoded_serial_node]: Serial error: [Errno 5] Input/output error
[decoded_serial_node-3] [ERROR] [1791264851.951812762] [bw_dr03_decoded_serial_node]: Serial error: [Errno 5] Input/output error
[decoded_serial_node-3] [ERROR] [1791264851.956711649] [bw_dr03_decoded_serial_node]: Serial error: [Errno 5] Input/output error
[decoded_serial_node-3] [ERROR] [1791264851.961336265] [bw_dr03_decoded_serial_node]: Serial error: [Errno 5] Input/output error
[decoded_serial_node-3] [ERROR] [1791264851.966714831] [bw_dr03_decoded_serial_node]: Serial error: [Errno 5] Input/output error
[decoded_serial_node-3] [ERROR] [1791264851.971413061] [bw_dr03_decoded_serial_node]: Serial error: [Errno 5] Input/output error
[decoded_serial_node-3] [ERROR] [1791264851.976683580] [bw_dr03_decoded_serial_node]: Serial error: [Errno 5] Input/output error
[decoded_serial_node-3] [ERROR] [1791264851.981426928] [bw_dr03_decoded_serial_node]: Serial error: [Errno 5] Input/output error
[decoded_serial_node-3] [ERROR] [1791264851.986533597] [bw_dr03_decoded_serial_node]: Serial error: [Errno 5] Input/output error
[decoded_serial_node-3] [ERROR] [1791264851.991925223] [bw_dr03_decoded_serial_node]: Serial error: [Errno 5] Input/output error
[decoded_serial_node-3] [ERROR] [1791264851.996781367] [bw_dr03_decoded_serial_node]: Serial error: [Errno 5] Input/output error
[decoded_serial_node-3] [ERROR] [1791264852.001348991] [bw_dr03_decoded_serial_node]: Serial error: [Errno 5] Input/output error
[decoded_serial_node-3] [ERROR] [1791264852.005955798] [bw_dr03_decoded_serial_node]: Serial error: [Errno 5] Input/output error
[decoded_serial_node-3] [ERROR] [1791264852.011421038] [bw_dr03_decoded_serial_node]: Serial error: [Errno 5] Input/output error
[decoded_serial_node-3] [ERROR] [1791264852.015901988] [bw_dr03_decoded_serial_node]: Serial error: [Errno 5] Input/output error
[decoded_serial_node-3] [ERROR] [1791264852.020938605] [bw_dr03_decoded_serial_node]: Serial error: [Errno 5] Input/output error
[decoded_serial_node-3] [ERROR] [1791264852.025947913] [bw_dr03_decoded_serial_node]: Serial error: [Errno 5] Input/output error
[decoded_serial_node-3] [ERROR] [1791264852.031434524] [bw_dr03_decoded_serial_node]: Serial error: [Errno 5] Input/output error
[decoded_serial_node-3] [ERROR] [1791264852.036637366] [bw_dr03_decoded_serial_node]: Serial error: [Errno 5] Input/output error
[decoded_serial_node-3] [ERROR] [1791264852.041654985] [bw_dr03_decoded_serial_node]: Serial error: [Errno 5] Input/output error
[decoded_serial_node-3] [ERROR] [1791264852.045945964] [bw_dr03_decoded_serial_node]: Serial error: [Errno 5] Input/output error
[decoded_serial_node-3] [ERROR] [1791264852.051369648] [bw_dr03_decoded_serial_node]: Serial error: [Errno 5] Input/output error
[decoded_serial_node-3] [ERROR] [1791264852.055964581] [bw_dr03_decoded_serial_node]: Serial error: [Errno 5] Input/output error
[decoded_serial_node-3] [ERROR] [1791264852.061505809] [bw_dr03_decoded_serial_node]: Serial error: [Errno 5] Input/output error
[decoded_serial_node-3] [ERROR] [1791264852.065949953] [bw_dr03_decoded_serial_node]: Serial error: [Errno 5] Input/output error
[decoded_serial_node-3] [ERROR] [1791264852.071446063] [bw_dr03_decoded_serial_node]: Serial error: [Errno 5] Input/output error
[decoded_serial_node-3] [ERROR] [1791264852.076479117] [bw_dr03_decoded_serial_node]: Serial error: [Errno 5] Input/output error
[decoded_serial_node-3] [ERROR] [1791264852.081647527] [bw_dr03_decoded_serial_node]: Serial error: [Errno 5] Input/output error
[decoded_serial_node-3] [ERROR] [1791264852.086117791] [bw_dr03_decoded_serial_node]: Serial error: [Errno 5] Input/output error
[decoded_serial_node-3] [ERROR] [1791264852.090764966] [bw_dr03_decoded_serial_node]: Serial error: [Errno 5] Input/output error
[decoded_serial_node-3] [ERROR] [1791264852.096276512] [bw_dr03_decoded_serial_node]: Serial error: [Errno 5] Input/output error
[decoded_serial_node-3] [ERROR] [1791264852.101272759] [bw_dr03_decoded_serial_node]: Serial error: [Errno 5] Input/output error
[decoded_serial_node-3] [ERROR] [1791264852.106286817] [bw_dr03_decoded_serial_node]: Serial error: [Errno 5] Input/output error
[decoded_serial_node-3] [ERROR] [1791264852.110960113] [bw_dr03_decoded_serial_node]: Serial error: [Errno 5] Input/output error
[decoded_serial_node-3] [ERROR] [1791264852.116095278] [bw_dr03_decoded_serial_node]: Serial error: [Errno 5] Input/output error
[decoded_serial_node-3] [ERROR] [1791264852.120934799] [bw_dr03_decoded_serial_node]: Serial error: [Errno 5] Input/output error
[decoded_serial_node-3] [ERROR] [1791264852.126516396] [bw_dr03_decoded_serial_node]: Serial error: [Errno 5] Input/output error
[decoded_serial_node-3] [ERROR] [1791264852.130947479] [bw_dr03_decoded_serial_node]: Serial error: [Errno 5] Input/output error
[decoded_serial_node-3] [ERROR] [1791264852.136019715] [bw_dr03_decoded_serial_node]: Serial error: [Errno 5] Input/output error
[decoded_serial_node-3] [ERROR] [1791264852.141347226] [bw_dr03_decoded_serial_node]: Serial error: [Errno 5] Input/output error
[decoded_serial_node-3] [ERROR] [1791264852.146557191] [bw_dr03_decoded_serial_node]: Serial error: [Errno 5] Input/output error
[decoded_serial_node-3] [ERROR] [1791264852.150989461] [bw_dr03_decoded_serial_node]: Serial error: [Errno 5] Input/output error
[decoded_serial_node-3] [ERROR] [1791264852.155972649] [bw_dr03_decoded_serial_node]: Serial error: [Errno 5] Input/output error
[decoded_serial_node-3] [ERROR] [1791264852.161440263] [bw_dr03_decoded_serial_node]: Serial error: [Errno 5] Input/output error
[decoded_serial_node-3] [ERROR] [1791264852.166459070] [bw_dr03_decoded_serial_node]: Serial error: [Errno 5] Input/output error
[decoded_serial_node-3] [ERROR] [1791264852.171012447] [bw_dr03_decoded_serial_node]: Serial error: [Errno 5] Input/output error
[decoded_serial_node-3] [ERROR] [1791264852.175913709] [bw_dr03_decoded_serial_node]: Serial error: [Errno 5] Input/output error
[decoded_serial_node-3] [ERROR] [1791264852.181524989] [bw_dr03_decoded_serial_node]: Serial error: [Errno 5] Input/output error
[decoded_serial_node-3] [ERROR] [1791264852.185976256] [bw_dr03_decoded_serial_node]: Serial error: [Errno 5] Input/output error
[decoded_serial_node-3] [ERROR] [1791264852.190947570] [bw_dr03_decoded_serial_node]: Serial error: [Errno 5] Input/output error
[decoded_serial_node-3] [ERROR] [1791264852.196498297] [bw_dr03_decoded_serial_node]: Serial error: [Errno 5] Input/output error
[decoded_serial_node-3] [ERROR] [1791264852.201590718] [bw_dr03_decoded_serial_node]: Serial error: [Errno 5] Input/output error
[decoded_serial_node-3] [ERROR] [1791264852.205925628] [bw_dr03_decoded_serial_node]: Serial error: [Errno 5] Input/output error
[decoded_serial_node-3] [ERROR] [1791264852.211361184] [bw_dr03_decoded_serial_node]: Serial error: [Errno 5] Input/output error
[decoded_serial_node-3] [ERROR] [1791264852.216484475] [bw_dr03_decoded_serial_node]: Serial error: [Errno 5] Input/output error
[decoded_serial_node-3] [ERROR] [1791264852.220961864] [bw_dr03_decoded_serial_node]: Serial error: [Errno 5] Input/output error
[decoded_serial_node-3] [ERROR] [1791264852.225940302] [bw_dr03_decoded_serial_node]: Serial error: [Errno 5] Input/output error
[decoded_serial_node-3] [ERROR] [1791264852.231368734] [bw_dr03_decoded_serial_node]: Serial error: [Errno 5] Input/output error
[decoded_serial_node-3] [ERROR] [1791264852.236609570] [bw_dr03_decoded_serial_node]: Serial error: [Errno 5] Input/output error
[decoded_serial_node-3] [ERROR] [1791264852.241001472] [bw_dr03_decoded_serial_node]: Serial error: [Errno 5] Input/output error
[decoded_serial_node-3] [ERROR] [1791264852.245950227] [bw_dr03_decoded_serial_node]: Serial error: [Errno 5] Input/output error
[decoded_serial_node-3] [ERROR] [1791264852.251034336] [bw_dr03_decoded_serial_node]: Serial error: [Errno 5] Input/output error
[decoded_serial_node-3] [ERROR] [1791264852.256351161] [bw_dr03_decoded_serial_node]: Serial error: [Errno 5] Input/output error
[decoded_serial_node-3] [ERROR] [1791264852.260937782] [bw_dr03_decoded_serial_node]: Serial error: [Errno 5] Input/output error
[decoded_serial_node-3] [ERROR] [1791264852.266438642] [bw_dr03_decoded_serial_node]: Serial error: [Errno 5] Input/output error
[decoded_serial_node-3] [ERROR] [1791264852.271478820] [bw_dr03_decoded_serial_node]: Serial error: [Errno 5] Input/output error
[decoded_serial_node-3] [ERROR] [1791264852.275917027] [bw_dr03_decoded_serial_node]: Serial error: [Errno 5] Input/output error
[decoded_serial_node-3] [ERROR] [1791264852.280942958] [bw_dr03_decoded_serial_node]: Serial error: [Errno 5] Input/output error
[decoded_serial_node-3] [ERROR] [1791264852.286511495] [bw_dr03_decoded_serial_node]: Serial error: [Errno 5] Input/output error
[decoded_serial_node-3] [ERROR] [1791264852.291633598] [bw_dr03_decoded_serial_node]: Serial error: [Errno 5] Input/output error
[decoded_serial_node-3] [ERROR] [1791264852.295968508] [bw_dr03_decoded_serial_node]: Serial error: [Errno 5] Input/output error
[decoded_serial_node-3] [ERROR] [1791264852.301342324] [bw_dr03_decoded_serial_node]: Serial error: [Errno 5] Input/output error
[decoded_serial_node-3] [ERROR] [1791264852.306505984] [bw_dr03_decoded_serial_node]: Serial error: [Errno 5] Input/output error
[decoded_serial_node-3] [ERROR] [1791264852.311001182] [bw_dr03_decoded_serial_node]: Serial error: [Errno 5] Input/output error
[decoded_serial_node-3] [ERROR] [1791264852.316009303] [bw_dr03_decoded_serial_node]: Serial error: [Errno 5] Input/output error
[decoded_serial_node-3] [ERROR] [1791264852.321491166] [bw_dr03_decoded_serial_node]: Serial error: [Errno 5] Input/output error
[decoded_serial_node-3] [ERROR] [1791264852.326637016] [bw_dr03_decoded_serial_node]: Serial error: [Errno 5] Input/output error
[decoded_serial_node-3] [ERROR] [1791264852.330924433] [bw_dr03_decoded_serial_node]: Serial error: [Errno 5] Input/output error
[decoded_serial_node-3] [ERROR] [1791264852.335993107] [bw_dr03_decoded_serial_node]: Serial error: [Errno 5] Input/output error
[decoded_serial_node-3] [ERROR] [1791264852.341680376] [bw_dr03_decoded_serial_node]: Serial error: [Errno 5] Input/output error
[decoded_serial_node-3] [ERROR] [1791264852.346561453] [bw_dr03_decoded_serial_node]: Serial error: [Errno 5] Input/output error
[decoded_serial_node-3] [ERROR] [1791264852.351162323] [bw_dr03_decoded_serial_node]: Serial error: [Errno 5] Input/output error
[decoded_serial_node-3] [ERROR] [1791264852.356550387] [bw_dr03_decoded_serial_node]: Serial error: [Errno 5] Input/output error
[decoded_serial_node-3] [ERROR] [1791264852.361693863] [bw_dr03_decoded_serial_node]: Serial error: [Errno 5] Input/output error
[decoded_serial_node-3] [ERROR] [1791264852.366001464] [bw_dr03_decoded_serial_node]: Serial error: [Errno 5] Input/output error
[decoded_serial_node-3] [ERROR] [1791264852.370943095] [bw_dr03_decoded_serial_node]: Serial error: [Errno 5] Input/output error
[decoded_serial_node-3] [ERROR] [1791264852.376457015] [bw_dr03_decoded_serial_node]: Serial error: [Errno 5] Input/output error
[decoded_serial_node-3] [ERROR] [1791264852.380961712] [bw_dr03_decoded_serial_node]: Serial error: [Errno 5] Input/output error
[decoded_serial_node-3] [ERROR] [1791264852.385956772] [bw_dr03_decoded_serial_node]: Serial error: [Errno 5] Input/output error
[decoded_serial_node-3] [ERROR] [1791264852.391391141] [bw_dr03_decoded_serial_node]: Serial error: [Errno 5] Input/output error
[decoded_serial_node-3] [ERROR] [1791264852.396998859] [bw_dr03_decoded_serial_node]: Serial error: [Errno 5] Input/output error
[decoded_serial_node-3] [ERROR] [1791264852.400996570] [bw_dr03_decoded_serial_node]: Serial error: [Errno 5] Input/output error
[decoded_serial_node-3] [ERROR] [1791264852.405947700] [bw_dr03_decoded_serial_node]: Serial error: [Errno 5] Input/output error
[decoded_serial_node-3] [ERROR] [1791264852.411534046] [bw_dr03_decoded_serial_node]: Serial error: [Errno 5] Input/output error
[decoded_serial_node-3] [ERROR] [1791264852.416419873] [bw_dr03_decoded_serial_node]: Serial error: [Errno 5] Input/output error
[decoded_serial_node-3] [ERROR] [1791264852.420956627] [bw_dr03_decoded_serial_node]: Serial error: [Errno 5] Input/output error
[decoded_serial_node-3] [ERROR] [1791264852.425926754] [bw_dr03_decoded_serial_node]: Serial error: [Errno 5] Input/output error
[decoded_serial_node-3] [ERROR] [1791264852.431865735] [bw_dr03_decoded_serial_node]: Serial error: [Errno 5] Input/output error
[decoded_serial_node-3] [ERROR] [1791264852.436008299] [bw_dr03_decoded_serial_node]: Serial error: [Errno 5] Input/output error
[decoded_serial_node-3] [ERROR] [1791264852.440942806] [bw_dr03_decoded_serial_node]: Serial error: [Errno 5] Input/output error
[decoded_serial_node-3] [ERROR] [1791264852.446455538] [bw_dr03_decoded_serial_node]: Serial error: [Errno 5] Input/output error
[decoded_serial_node-3] [ERROR] [1791264852.451663129] [bw_dr03_decoded_serial_node]: Serial error: [Errno 5] Input/output error
[decoded_serial_node-3] [ERROR] [1791264852.456084713] [bw_dr03_decoded_serial_node]: Serial error: [Errno 5] Input/output error
[decoded_serial_node-3] [ERROR] [1791264852.460924235] [bw_dr03_decoded_serial_node]: Serial error: [Errno 5] Input/output error
[decoded_serial_node-3] [ERROR] [1791264852.466655434] [bw_dr03_decoded_serial_node]: Serial error: [Errno 5] Input/output error
[decoded_serial_node-3] [ERROR] [1791264852.470993906] [bw_dr03_decoded_serial_node]: Serial error: [Errno 5] Input/output error
[decoded_serial_node-3] [ERROR] [1791264852.476023399] [bw_dr03_decoded_serial_node]: Serial error: [Errno 5] Input/output error
[decoded_serial_node-3] [ERROR] [1791264852.481355659] [bw_dr03_decoded_serial_node]: Serial error: [Errno 5] Input/output error
[decoded_serial_node-3] [ERROR] [1791264852.487205590] [bw_dr03_decoded_serial_node]: Serial error: [Errno 5] Input/output error
[decoded_serial_node-3] [ERROR] [1791264852.491025203] [bw_dr03_decoded_serial_node]: Serial error: [Errno 5] Input/output error
[decoded_serial_node-3] [ERROR] [1791264852.495926465] [bw_dr03_decoded_serial_node]: Serial error: [Errno 5] Input/output error
[decoded_serial_node-3] [ERROR] [1791264852.501438010] [bw_dr03_decoded_serial_node]: Serial error: [Errno 5] Input/output error
[decoded_serial_node-3] [ERROR] [1791264852.506421197] [bw_dr03_decoded_serial_node]: Serial error: [Errno 5] Input/output error
[decoded_serial_node-3] [ERROR] [1791264852.510967450] [bw_dr03_decoded_serial_node]: Serial error: [Errno 5] Input/output error
[decoded_serial_node-3] [ERROR] [1791264852.516385197] [bw_dr03_decoded_serial_node]: Serial error: [Errno 5] Input/output error
[decoded_serial_node-3] [ERROR] [1791264852.521805318] [bw_dr03_decoded_serial_node]: Serial error: [Errno 5] Input/output error
[decoded_serial_node-3] [ERROR] [1791264852.526061865] [bw_dr03_decoded_serial_node]: Serial error: [Errno 5] Input/output error
[decoded_serial_node-3] [ERROR] [1791264852.530944130] [bw_dr03_decoded_serial_node]: Serial error: [Errno 5] Input/output error
[decoded_serial_node-3] [ERROR] [1791264852.536626649] [bw_dr03_decoded_serial_node]: Serial error: [Errno 5] Input/output error
[decoded_serial_node-3] [ERROR] [1791264852.540924752] [bw_dr03_decoded_serial_node]: Serial error: [Errno 5] Input/output error
[decoded_serial_node-3] [ERROR] [1791264852.546014798] [bw_dr03_decoded_serial_node]: Serial error: [Errno 5] Input/output error
[decoded_serial_node-3] [ERROR] [1791264852.551400488] [bw_dr03_decoded_serial_node]: Serial error: [Errno 5] Input/output error
[decoded_serial_node-3] [ERROR] [1791264852.556514280] [bw_dr03_decoded_serial_node]: Serial error: [Errno 5] Input/output error
[decoded_serial_node-3] [ERROR] [1791264852.561116337] [bw_dr03_decoded_serial_node]: Serial error: [Errno 5] Input/output error
[decoded_serial_node-3] [ERROR] [1791264852.565990291] [bw_dr03_decoded_serial_node]: Serial error: [Errno 5] Input/output error
[decoded_serial_node-3] [ERROR] [1791264852.571522021] [bw_dr03_decoded_serial_node]: Serial error: [Errno 5] Input/output error
[decoded_serial_node-3] [ERROR] [1791264852.575928170] [bw_dr03_decoded_serial_node]: Serial error: [Errno 5] Input/output error
[decoded_serial_node-3] [ERROR] [1791264852.580937478] [bw_dr03_decoded_serial_node]: Serial error: [Errno 5] Input/output error
[decoded_serial_node-3] [ERROR] [1791264852.585927789] [bw_dr03_decoded_serial_node]: Serial error: [Errno 5] Input/output error
[decoded_serial_node-3] [ERROR] [1791264852.591723104] [bw_dr03_decoded_serial_node]: Serial error: [Errno 5] Input/output error
[decoded_serial_node-3] [ERROR] [1791264852.596037829] [bw_dr03_decoded_serial_node]: Serial error: [Errno 5] Input/output error
[decoded_serial_node-3] [ERROR] [1791264852.600920094] [bw_dr03_decoded_serial_node]: Serial error: [Errno 5] Input/output error
[decoded_serial_node-3] [ERROR] [1791264852.606661980] [bw_dr03_decoded_serial_node]: Serial error: [Errno 5] Input/output error
[decoded_serial_node-3] [ERROR] [1791264852.611921813] [bw_dr03_decoded_serial_node]: Serial error: [Errno 5] Input/output error
[decoded_serial_node-3] [ERROR] [1791264852.616117806] [bw_dr03_decoded_serial_node]: Serial error: [Errno 5] Input/output error
[decoded_serial_node-3] [ERROR] [1791264852.620943080] [bw_dr03_decoded_serial_node]: Serial error: [Errno 5] Input/output error
[decoded_serial_node-3] [ERROR] [1791264852.626124550] [bw_dr03_decoded_serial_node]: Serial error: [Errno 5] Input/output error
[decoded_serial_node-3] [ERROR] [1791264852.631417628] [bw_dr03_decoded_serial_node]: Serial error: [Errno 5] Input/output error
[follow_planner-6] [INFO] [1791264852.633837388] [follow_planner_node]: [IDLE] disabled | d=- goc=- | v=0.000 w=0.000 | thoang=-
[decoded_serial_node-3] [ERROR] [1791264852.635966255] [bw_dr03_decoded_serial_node]: Serial error: [Errno 5] Input/output error
[decoded_serial_node-3] [ERROR] [1791264852.641365005] [bw_dr03_decoded_serial_node]: Serial error: [Errno 5] Input/output error
[decoded_serial_node-3] [ERROR] [1791264852.646721011] [bw_dr03_decoded_serial_node]: Serial error: [Errno 5] Input/output error
[decoded_serial_node-3] [ERROR] [1791264852.651007241] [bw_dr03_decoded_serial_node]: Serial error: [Errno 5] Input/output error
[decoded_serial_node-3] [ERROR] [1791264852.655992803] [bw_dr03_decoded_serial_node]: Serial error: [Errno 5] Input/output error
[decoded_serial_node-3] [ERROR] [1791264852.661433108] [bw_dr03_decoded_serial_node]: Serial error: [Errno 5] Input/output error
[decoded_serial_node-3] [ERROR] [1791264852.666362866] [bw_dr03_decoded_serial_node]: Serial error: [Errno 5] Input/output error
[decoded_serial_node-3] [ERROR] [1791264852.670942364] [bw_dr03_decoded_serial_node]: Serial error: [Errno 5] Input/output error
[decoded_serial_node-3] [ERROR] [1791264852.676434912] [bw_dr03_decoded_serial_node]: Serial error: [Errno 5] Input/output error
[decoded_serial_node-3] [ERROR] [1791264852.681646065] [bw_dr03_decoded_serial_node]: Serial error: [Errno 5] Input/output error
[decoded_serial_node-3] [ERROR] [1791264852.686007096] [bw_dr03_decoded_serial_node]: Serial error: [Errno 5] Input/output error
[decoded_serial_node-3] [ERROR] [1791264852.690928543] [bw_dr03_decoded_serial_node]: Serial error: [Errno 5] Input/output error
[decoded_serial_node-3] [ERROR] [1791264852.696577817] [bw_dr03_decoded_serial_node]: Serial error: [Errno 5] Input/output error
[decoded_serial_node-3] [ERROR] [1791264852.700922225] [bw_dr03_decoded_serial_node]: Serial error: [Errno 5] Input/output error
[decoded_serial_node-3] [ERROR] [1791264852.705964779] [bw_dr03_decoded_serial_node]: Serial error: [Errno 5] Input/output error
[decoded_serial_node-3] [ERROR] [1791264852.711387275] [bw_dr03_decoded_serial_node]: Serial error: [Errno 5] Input/output error
[decoded_serial_node-3] [ERROR] [1791264852.716422704] [bw_dr03_decoded_serial_node]: Serial error: [Errno 5] Input/output error
[decoded_serial_node-3] [ERROR] [1791264852.720938087] [bw_dr03_decoded_serial_node]: Serial error: [Errno 5] Input/output error
[decoded_serial_node-3] [ERROR] [1791264852.726000825] [bw_dr03_decoded_serial_node]: Serial error: [Errno 5] Input/output error
[decoded_serial_node-3] [ERROR] [1791264852.731451816] [bw_dr03_decoded_serial_node]: Serial error: [Errno 5] Input/output error
[decoded_serial_node-3] [ERROR] [1791264852.736000444] [bw_dr03_decoded_serial_node]: Serial error: [Errno 5] Input/output error
[decoded_serial_node-3] [ERROR] [1791264852.741637845] [bw_dr03_decoded_serial_node]: Serial error: [Errno 5] Input/output error
[decoded_serial_node-3] [ERROR] [1791264852.745933573] [bw_dr03_decoded_serial_node]: Serial error: [Errno 5] Input/output error
[decoded_serial_node-3] [ERROR] [1791264852.751493799] [bw_dr03_decoded_serial_node]: Serial error: [Errno 5] Input/output error
[decoded_serial_node-3] [ERROR] [1791264852.755933193] [bw_dr03_decoded_serial_node]: Serial error: [Errno 5] Input/output error
[decoded_serial_node-3] [ERROR] [1791264852.761032738] [bw_dr03_decoded_serial_node]: Serial error: [Errno 5] Input/output error
[decoded_serial_node-3] [ERROR] [1791264852.766321066] [bw_dr03_decoded_serial_node]: Serial error: [Errno 5] Input/output error
[decoded_serial_node-3] [ERROR] [1791264852.771496600] [bw_dr03_decoded_serial_node]: Serial error: [Errno 5] Input/output error
[decoded_serial_node-3] [ERROR] [1791264852.775937181] [bw_dr03_decoded_serial_node]: Serial error: [Errno 5] Input/output error
[decoded_serial_node-3] [ERROR] [1791264852.780944115] [bw_dr03_decoded_serial_node]: Serial error: [Errno 5] Input/output error
[decoded_serial_node-3] [ERROR] [1791264852.786418853] [bw_dr03_decoded_serial_node]: Serial error: [Errno 5] Input/output error
[decoded_serial_node-3] [ERROR] [1791264852.790950858] [bw_dr03_decoded_serial_node]: Serial error: [Errno 5] Input/output error
[decoded_serial_node-3] [ERROR] [1791264852.795949481] [bw_dr03_decoded_serial_node]: Serial error: [Errno 5] Input/output error
[decoded_serial_node-3] [ERROR] [1791264852.801411158] [bw_dr03_decoded_serial_node]: Serial error: [Errno 5] Input/output error
[decoded_serial_node-3] [ERROR] [1791264852.806653181] [bw_dr03_decoded_serial_node]: Serial error: [Errno 5] Input/output error
[decoded_serial_node-3] [ERROR] [1791264852.811037959] [bw_dr03_decoded_serial_node]: Serial error: [Errno 5] Input/output error
[decoded_serial_node-3] [ERROR] [1791264852.815966529] [bw_dr03_decoded_serial_node]: Serial error: [Errno 5] Input/output error
[decoded_serial_node-3] [ERROR] [1791264852.821751158] [bw_dr03_decoded_serial_node]: Serial error: [Errno 5] Input/output error
[decoded_serial_node-3] [ERROR] [1791264852.826340155] [bw_dr03_decoded_serial_node]: Serial error: [Errno 5] Input/output error
[decoded_serial_node-3] [ERROR] [1791264852.831019388] [bw_dr03_decoded_serial_node]: Serial error: [Errno 5] Input/output error
[decoded_serial_node-3] [ERROR] [1791264852.835901653] [bw_dr03_decoded_serial_node]: Serial error: [Errno 5] Input/output error
[decoded_serial_node-3] [ERROR] [1791264852.841586547] [bw_dr03_decoded_serial_node]: Serial error: [Errno 5] Input/output error
[decoded_serial_node-3] [ERROR] [1791264852.846063935] [bw_dr03_decoded_serial_node]: Serial error: [Errno 5] Input/output error
[decoded_serial_node-3] [ERROR] [1791264852.850947388] [bw_dr03_decoded_serial_node]: Serial error: [Errno 5] Input/output error
[decoded_serial_node-3] [ERROR] [1791264852.856805630] [bw_dr03_decoded_serial_node]: Serial error: [Errno 5] Input/output error
[decoded_serial_node-3] [ERROR] [1791264852.861604783] [bw_dr03_decoded_serial_node]: Serial error: [Errno 5] Input/output error
[decoded_serial_node-3] [ERROR] [1791264852.865930194] [bw_dr03_decoded_serial_node]: Serial error: [Errno 5] Input/output error
[decoded_serial_node-3] [ERROR] [1791264852.871404932] [bw_dr03_decoded_serial_node]: Serial error: [Errno 5] Input/output error
[decoded_serial_node-3] [ERROR] [1791264852.876420177] [bw_dr03_decoded_serial_node]: Serial error: [Errno 5] Input/output error
[decoded_serial_node-3] [ERROR] [1791264852.881017485] [bw_dr03_decoded_serial_node]: Serial error: [Errno 5] Input/output error
[decoded_serial_node-3] [ERROR] [1791264852.885955554] [bw_dr03_decoded_serial_node]: Serial error: [Errno 5] Input/output error
[decoded_serial_node-3] [ERROR] [1791264852.891397047] [bw_dr03_decoded_serial_node]: Serial error: [Errno 5] Input/output error
[decoded_serial_node-3] [ERROR] [1791264852.896601076] [bw_dr03_decoded_serial_node]: Serial error: [Errno 5] Input/output error
[decoded_serial_node-3] [ERROR] [1791264852.901013162] [bw_dr03_decoded_serial_node]: Serial error: [Errno 5] Input/output error
[decoded_serial_node-3] [ERROR] [1791264852.905942920] [bw_dr03_decoded_serial_node]: Serial error: [Errno 5] Input/output error
[decoded_serial_node-3] [ERROR] [1791264852.911741797] [bw_dr03_decoded_serial_node]: Serial error: [Errno 5] Input/output error
[decoded_serial_node-3] [ERROR] [1791264852.916857964] [bw_dr03_decoded_serial_node]: Serial error: [Errno 5] Input/output error
[decoded_serial_node-3] [ERROR] [1791264852.921129946] [bw_dr03_decoded_serial_node]: Serial error: [Errno 5] Input/output error
[decoded_serial_node-3] [ERROR] [1791264852.926427773] [bw_dr03_decoded_serial_node]: Serial error: [Errno 5] Input/output error
[decoded_serial_node-3] [ERROR] [1791264852.931346845] [bw_dr03_decoded_serial_node]: Serial error: [Errno 5] Input/output error
[decoded_serial_node-3] [ERROR] [1791264852.936220799] [bw_dr03_decoded_serial_node]: Serial error: [Errno 5] Input/output error
[decoded_serial_node-3] [ERROR] [1791264852.940936839] [bw_dr03_decoded_serial_node]: Serial error: [Errno 5] Input/output error
[decoded_serial_node-3] [ERROR] [1791264852.946758275] [bw_dr03_decoded_serial_node]: Serial error: [Errno 5] Input/output error
[decoded_serial_node-3] [ERROR] [1791264852.950949519] [bw_dr03_decoded_serial_node]: Serial error: [Errno 5] Input/output error
[decoded_serial_node-3] [ERROR] [1791264852.955873340] [bw_dr03_decoded_serial_node]: Serial error: [Errno 5] Input/output error
[decoded_serial_node-3] [ERROR] [1791264852.961653220] [bw_dr03_decoded_serial_node]: Serial error: [Errno 5] Input/output error
[decoded_serial_node-3] [ERROR] [1791264852.966892868] [bw_dr03_decoded_serial_node]: Serial error: [Errno 5] Input/output error
[decoded_serial_node-3] [ERROR] [1791264852.971084112] [bw_dr03_decoded_serial_node]: Serial error: [Errno 5] Input/output error
[decoded_serial_node-3] [ERROR] [1791264852.975943818] [bw_dr03_decoded_serial_node]: Serial error: [Errno 5] Input/output error
[decoded_serial_node-3] [ERROR] [1791264852.981798499] [bw_dr03_decoded_serial_node]: Serial error: [Errno 5] Input/output error
[decoded_serial_node-3] [ERROR] [1791264852.986445674] [bw_dr03_decoded_serial_node]: Serial error: [Errno 5] Input/output error
[decoded_serial_node-3] [ERROR] [1791264852.990966993] [bw_dr03_decoded_serial_node]: Serial error: [Errno 5] Input/output error
[decoded_serial_node-3] [ERROR] [1791264852.995957305] [bw_dr03_decoded_serial_node]: Serial error: [Errno 5] Input/output error
[decoded_serial_node-3] [ERROR] [1791264853.001546026] [bw_dr03_decoded_serial_node]: Serial error: [Errno 5] Input/output error
[decoded_serial_node-3] [ERROR] [1791264853.005949800] [bw_dr03_decoded_serial_node]: Serial error: [Errno 5] Input/output error
[decoded_serial_node-3] [ERROR] [1791264853.010997103] [bw_dr03_decoded_serial_node]: Serial error: [Errno 5] Input/output error
[decoded_serial_node-3] [ERROR] [1791264853.016500336] [bw_dr03_decoded_serial_node]: Serial error: [Errno 5] Input/output error
[decoded_serial_node-3] [ERROR] [1791264853.021582071] [bw_dr03_decoded_serial_node]: Serial error: [Errno 5] Input/output error
[decoded_serial_node-3] [ERROR] [1791264853.025934791] [bw_dr03_decoded_serial_node]: Serial error: [Errno 5] Input/output error
[decoded_serial_node-3] [ERROR] [1791264853.030920353] [bw_dr03_decoded_serial_node]: Serial error: [Errno 5] Input/output error
[decoded_serial_node-3] [ERROR] [1791264853.036620682] [bw_dr03_decoded_serial_node]: Serial error: [Errno 5] Input/output error
[decoded_serial_node-3] [ERROR] [1791264853.040947280] [bw_dr03_decoded_serial_node]: Serial error: [Errno 5] Input/output error
[decoded_serial_node-3] [ERROR] [1791264853.045968462] [bw_dr03_decoded_serial_node]: Serial error: [Errno 5] Input/output error
[decoded_serial_node-3] [ERROR] [1791264853.050959960] [bw_dr03_decoded_serial_node]: Serial error: [Errno 5] Input/output error
[decoded_serial_node-3] [ERROR] [1791264853.057044981] [bw_dr03_decoded_serial_node]: Serial error: [Errno 5] Input/output error
[decoded_serial_node-3] [ERROR] [1791264853.061113931] [bw_dr03_decoded_serial_node]: Serial error: [Errno 5] Input/output error
[decoded_serial_node-3] [ERROR] [1791264853.065942767] [bw_dr03_decoded_serial_node]: Serial error: [Errno 5] Input/output error
[decoded_serial_node-3] [ERROR] [1791264853.071765390] [bw_dr03_decoded_serial_node]: Serial error: [Errno 5] Input/output error
[decoded_serial_node-3] [ERROR] [1791264853.075941199] [bw_dr03_decoded_serial_node]: Serial error: [Errno 5] Input/output error
[decoded_serial_node-3] [ERROR] [1791264853.080945758] [bw_dr03_decoded_serial_node]: Serial error: [Errno 5] Input/output error
[decoded_serial_node-3] [ERROR] [1791264853.085931319] [bw_dr03_decoded_serial_node]: Serial error: [Errno 5] Input/output error
[decoded_serial_node-3] [ERROR] [1791264853.091929666] [bw_dr03_decoded_serial_node]: Serial error: [Errno 5] Input/output error
[decoded_serial_node-3] [ERROR] [1791264853.096074605] [bw_dr03_decoded_serial_node]: Serial error: [Errno 5] Input/output error
[decoded_serial_node-3] [ERROR] [1791264853.101056604] [bw_dr03_decoded_serial_node]: Serial error: [Errno 5] Input/output error
[decoded_serial_node-3] [ERROR] [1791264853.106523031] [bw_dr03_decoded_serial_node]: Serial error: [Errno 5] Input/output error
[decoded_serial_node-3] [ERROR] [1791264853.110958863] [bw_dr03_decoded_serial_node]: Serial error: [Errno 5] Input/output error
[decoded_serial_node-3] [ERROR] [1791264853.115952736] [bw_dr03_decoded_serial_node]: Serial error: [Errno 5] Input/output error
[decoded_serial_node-3] [ERROR] [1791264853.121417976] [bw_dr03_decoded_serial_node]: Serial error: [Errno 5] Input/output error
[decoded_serial_node-3] [ERROR] [1791264853.126740737] [bw_dr03_decoded_serial_node]: Serial error: [Errno 5] Input/output error
[decoded_serial_node-3] [ERROR] [1791264853.131031716] [bw_dr03_decoded_serial_node]: Serial error: [Errno 5] Input/output error
[decoded_serial_node-3] [ERROR] [1791264853.135955537] [bw_dr03_decoded_serial_node]: Serial error: [Errno 5] Input/output error
[decoded_serial_node-3] [ERROR] [1791264853.140957721] [bw_dr03_decoded_serial_node]: Serial error: [Errno 5] Input/output error
[decoded_serial_node-3] [ERROR] [1791264853.146330350] [bw_dr03_decoded_serial_node]: Serial error: [Errno 5] Input/output error
[decoded_serial_node-3] [ERROR] [1791264853.151025018] [bw_dr03_decoded_serial_node]: Serial error: [Errno 5] Input/output error
[decoded_serial_node-3] [ERROR] [1791264853.155961899] [bw_dr03_decoded_serial_node]: Serial error: [Errno 5] Input/output error
[decoded_serial_node-3] [ERROR] [1791264853.161411704] [bw_dr03_decoded_serial_node]: Serial error: [Errno 5] Input/output error
[decoded_serial_node-3] [ERROR] [1791264853.166460194] [bw_dr03_decoded_serial_node]: Serial error: [Errno 5] Input/output error
[decoded_serial_node-3] [ERROR] [1791264853.170964890] [bw_dr03_decoded_serial_node]: Serial error: [Errno 5] Input/output error
[decoded_serial_node-3] [ERROR] [1791264853.176528678] [bw_dr03_decoded_serial_node]: Serial error: [Errno 5] Input/output error
[decoded_serial_node-3] [ERROR] [1791264853.181375323] [bw_dr03_decoded_serial_node]: Serial error: [Errno 5] Input/output error
[decoded_serial_node-3] [ERROR] [1791264853.186064054] [bw_dr03_decoded_serial_node]: Serial error: [Errno 5] Input/output error
[decoded_serial_node-3] [ERROR] [1791264853.190914262] [bw_dr03_decoded_serial_node]: Serial error: [Errno 5] Input/output error
[decoded_serial_node-3] [ERROR] [1791264853.196747571] [bw_dr03_decoded_serial_node]: Serial error: [Errno 5] Input/output error
[decoded_serial_node-3] [ERROR] [1791264853.201534850] [bw_dr03_decoded_serial_node]: Serial error: [Errno 5] Input/output error
[decoded_serial_node-3] [ERROR] [1791264853.205948123] [bw_dr03_decoded_serial_node]: Serial error: [Errno 5] Input/output error
[decoded_serial_node-3] [ERROR] [1791264853.211435921] [bw_dr03_decoded_serial_node]: Serial error: [Errno 5] Input/output error
[decoded_serial_node-3] [ERROR] [1791264853.216847732] [bw_dr03_decoded_serial_node]: Serial error: [Errno 5] Input/output error
[decoded_serial_node-3] [ERROR] [1791264853.220949926] [bw_dr03_decoded_serial_node]: Serial error: [Errno 5] Input/output error
[decoded_serial_node-3] [ERROR] [1791264853.226157517] [bw_dr03_decoded_serial_node]: Serial error: [Errno 5] Input/output error
[decoded_serial_node-3] [ERROR] [1791264853.231830538] [bw_dr03_decoded_serial_node]: Serial error: [Errno 5] Input/output error
[decoded_serial_node-3] [ERROR] [1791264853.235961229] [bw_dr03_decoded_serial_node]: Serial error: [Errno 5] Input/output error
[decoded_serial_node-3] [ERROR] [1791264853.240951540] [bw_dr03_decoded_serial_node]: Serial error: [Errno 5] Input/output error
[decoded_serial_node-3] [ERROR] [1791264853.246586566] [bw_dr03_decoded_serial_node]: Serial error: [Errno 5] Input/output error
[decoded_serial_node-3] [ERROR] [1791264853.251626745] [bw_dr03_decoded_serial_node]: Serial error: [Errno 5] Input/output error
[decoded_serial_node-3] [ERROR] [1791264853.255952156] [bw_dr03_decoded_serial_node]: Serial error: [Errno 5] Input/output error
[decoded_serial_node-3] [ERROR] [1791264853.260995896] [bw_dr03_decoded_serial_node]: Serial error: [Errno 5] Input/output error
[decoded_serial_node-3] [ERROR] [1791264853.266768652] [bw_dr03_decoded_serial_node]: Serial error: [Errno 5] Input/output error
[decoded_serial_node-3] [ERROR] [1791264853.271012138] [bw_dr03_decoded_serial_node]: Serial error: [Errno 5] Input/output error
[decoded_serial_node-3] [ERROR] [1791264853.276731465] [bw_dr03_decoded_serial_node]: Serial error: [Errno 5] Input/output error
[decoded_serial_node-3] [ERROR] [1791264853.280912023] [bw_dr03_decoded_serial_node]: Serial error: [Errno 5] Input/output error
[decoded_serial_node-3] [ERROR] [1791264853.286759580] [bw_dr03_decoded_serial_node]: Serial error: [Errno 5] Input/output error
[decoded_serial_node-3] [ERROR] [1791264853.291074305] [bw_dr03_decoded_serial_node]: Serial error: [Errno 5] Input/output error
[decoded_serial_node-3] [ERROR] [1791264853.296006437] [bw_dr03_decoded_serial_node]: Serial error: [Errno 5] Input/output error
[decoded_serial_node-3] [ERROR] [1791264853.301525106] [bw_dr03_decoded_serial_node]: Serial error: [Errno 5] Input/output error
[decoded_serial_node-3] [ERROR] [1791264853.306660271] [bw_dr03_decoded_serial_node]: Serial error: [Errno 5] Input/output error
[decoded_serial_node-3] [ERROR] [1791264853.311031987] [bw_dr03_decoded_serial_node]: Serial error: [Errno 5] Input/output error
[decoded_serial_node-3] [ERROR] [1791264853.315939186] [bw_dr03_decoded_serial_node]: Serial error: [Errno 5] Input/output error
[decoded_serial_node-3] [ERROR] [1791264853.321512472] [bw_dr03_decoded_serial_node]: Serial error: [Errno 5] Input/output error
[decoded_serial_node-3] [ERROR] [1791264853.326344869] [bw_dr03_decoded_serial_node]: Serial error: [Errno 5] Input/output error
[decoded_serial_node-3] [ERROR] [1791264853.330938615] [bw_dr03_decoded_serial_node]: Serial error: [Errno 5] Input/output error
[decoded_serial_node-3] [ERROR] [1791264853.335959796] [bw_dr03_decoded_serial_node]: Serial error: [Errno 5] Input/output error
[decoded_serial_node-3] [ERROR] [1791264853.341607883] [bw_dr03_decoded_serial_node]: Serial error: [Errno 5] Input/output error
[decoded_serial_node-3] [ERROR] [1791264853.345953479] [bw_dr03_decoded_serial_node]: Serial error: [Errno 5] Input/output error
[decoded_serial_node-3] [ERROR] [1791264853.350904608] [bw_dr03_decoded_serial_node]: Serial error: [Errno 5] Input/output error
[decoded_serial_node-3] [ERROR] [1791264853.356121698] [bw_dr03_decoded_serial_node]: Serial error: [Errno 5] Input/output error
[decoded_serial_node-3] [ERROR] [1791264853.361697358] [bw_dr03_decoded_serial_node]: Serial error: [Errno 5] Input/output error
[decoded_serial_node-3] [ERROR] [1791264853.366021582] [bw_dr03_decoded_serial_node]: Serial error: [Errno 5] Input/output error
[decoded_serial_node-3] [ERROR] [1791264853.371351467] [bw_dr03_decoded_serial_node]: Serial error: [Errno 5] Input/output error
[decoded_serial_node-3] [ERROR] [1791264853.376688476] [bw_dr03_decoded_serial_node]: Serial error: [Errno 5] Input/output error
[decoded_serial_node-3] [ERROR] [1791264853.380949772] [bw_dr03_decoded_serial_node]: Serial error: [Errno 5] Input/output error
[decoded_serial_node-3] [ERROR] [1791264853.386022008] [bw_dr03_decoded_serial_node]: Serial error: [Errno 5] Input/output error
[decoded_serial_node-3] [ERROR] [1791264853.391439755] [bw_dr03_decoded_serial_node]: Serial error: [Errno 5] Input/output error
[decoded_serial_node-3] [ERROR] [1791264853.395970573] [bw_dr03_decoded_serial_node]: Serial error: [Errno 5] Input/output error
[decoded_serial_node-3] [ERROR] [1791264853.400922889] [bw_dr03_decoded_serial_node]: Serial error: [Errno 5] Input/output error
[decoded_serial_node-3] [ERROR] [1791264853.406449870] [bw_dr03_decoded_serial_node]: Serial error: [Errno 5] Input/output error
[decoded_serial_node-3] [ERROR] [1791264853.411474613] [bw_dr03_decoded_serial_node]: Serial error: [Errno 5] Input/output error
[decoded_serial_node-3] [ERROR] [1791264853.416026803] [bw_dr03_decoded_serial_node]: Serial error: [Errno 5] Input/output error
[decoded_serial_node-3] [ERROR] [1791264853.420932814] [bw_dr03_decoded_serial_node]: Serial error: [Errno 5] Input/output error
[decoded_serial_node-3] [ERROR] [1791264853.426515598] [bw_dr03_decoded_serial_node]: Serial error: [Errno 5] Input/output error
[decoded_serial_node-3] [ERROR] [1791264853.431617518] [bw_dr03_decoded_serial_node]: Serial error: [Errno 5] Input/output error
[decoded_serial_node-3] [ERROR] [1791264853.436080658] [bw_dr03_decoded_serial_node]: Serial error: [Errno 5] Input/output error
[decoded_serial_node-3] [ERROR] [1791264853.440962923] [bw_dr03_decoded_serial_node]: Serial error: [Errno 5] Input/output error
[decoded_serial_node-3] [ERROR] [1791264853.446799794] [bw_dr03_decoded_serial_node]: Serial error: [Errno 5] Input/output error
[decoded_serial_node-3] [ERROR] [1791264853.451051591] [bw_dr03_decoded_serial_node]: Serial error: [Errno 5] Input/output error
[decoded_serial_node-3] [ERROR] [1791264853.456014594] [bw_dr03_decoded_serial_node]: Serial error: [Errno 5] Input/output error
[decoded_serial_node-3] [ERROR] [1791264853.461501205] [bw_dr03_decoded_serial_node]: Serial error: [Errno 5] Input/output error
[decoded_serial_node-3] [ERROR] [1791264853.466423839] [bw_dr03_decoded_serial_node]: Serial error: [Errno 5] Input/output error
[decoded_serial_node-3] [ERROR] [1791264853.470951095] [bw_dr03_decoded_serial_node]: Serial error: [Errno 5] Input/output error
[decoded_serial_node-3] [ERROR] [1791264853.476003147] [bw_dr03_decoded_serial_node]: Serial error: [Errno 5] Input/output error
[decoded_serial_node-3] [ERROR] [1791264853.481534876] [bw_dr03_decoded_serial_node]: Serial error: [Errno 5] Input/output error
[decoded_serial_node-3] [ERROR] [1791264853.485950524] [bw_dr03_decoded_serial_node]: Serial error: [Errno 5] Input/output error
[decoded_serial_node-3] [ERROR] [1791264853.490966956] [bw_dr03_decoded_serial_node]: Serial error: [Errno 5] Input/output error
[decoded_serial_node-3] [ERROR] [1791264853.496459504] [bw_dr03_decoded_serial_node]: Serial error: [Errno 5] Input/output error
[decoded_serial_node-3] [ERROR] [1791264853.501001008] [bw_dr03_decoded_serial_node]: Serial error: [Errno 5] Input/output error
[decoded_serial_node-3] [ERROR] [1791264853.506053059] [bw_dr03_decoded_serial_node]: Serial error: [Errno 5] Input/output error
[decoded_serial_node-3] [ERROR] [1791264853.511005376] [bw_dr03_decoded_serial_node]: Serial error: [Errno 5] Input/output error
[decoded_serial_node-3] [ERROR] [1791264853.517053591] [bw_dr03_decoded_serial_node]: Serial error: [Errno 5] Input/output error
[decoded_serial_node-3] [ERROR] [1791264853.520892200] [bw_dr03_decoded_serial_node]: Serial error: [Errno 5] Input/output error
[decoded_serial_node-3] [ERROR] [1791264853.525954938] [bw_dr03_decoded_serial_node]: Serial error: [Errno 5] Input/output error
[decoded_serial_node-3] [ERROR] [1791264853.531302632] [bw_dr03_decoded_serial_node]: Serial error: [Errno 5] Input/output error
[decoded_serial_node-3] [ERROR] [1791264853.536256137] [bw_dr03_decoded_serial_node]: Serial error: [Errno 5] Input/output error
[decoded_serial_node-3] [ERROR] [1791264853.542196305] [bw_dr03_decoded_serial_node]: Serial error: [Errno 5] Input/output error
[decoded_serial_node-3] [ERROR] [1791264853.545930430] [bw_dr03_decoded_serial_node]: Serial error: [Errno 5] Input/output error
[decoded_serial_node-3] [ERROR] [1791264853.551758990] [bw_dr03_decoded_serial_node]: Serial error: [Errno 5] Input/output error
[decoded_serial_node-3] [ERROR] [1791264853.556095087] [bw_dr03_decoded_serial_node]: Serial error: [Errno 5] Input/output error
