[INFO] [launch]: All log files can be found below /home/thaihoa/.ros/log/2026-10-06-12-34-37-931185-th-24912
[INFO] [launch]: Default logging verbosity is set to INFO
[INFO] [launch.user]: ====================================================================
[INFO] [launch.user]:  BAM THEO BANG RSSI + LiDAR (khong camera)
[INFO] [launch.user]:    Planner ghi /cmd_vel_follow. Xe chi chay khi co scripts/rssi_follow.py
[INFO] [launch.user]:    DUNG KHAN: Ctrl-C o rssi_follow.py, hoac (moi luc)
[INFO] [launch.user]:               ros2 service call /follow/stop std_srvs/srv/Trigger {}
[INFO] [launch.user]: ====================================================================
[INFO] [launch.user]: ====================================================================
[INFO] [launch.user]:  CHE DO HIEU CHINH — chi lidar + driver, khong co planner
[INFO] [launch.user]:  Kiem tra o terminal khac:
[INFO] [launch.user]:    ros2 topic hz /scan      (SC-Mini chay ~10 Hz)
[INFO] [launch.user]:    ros2 topic hz /odom      (~20-50 Hz)
[INFO] [launch.user]:  Roi chay:
[INFO] [launch.user]:    ros2 run person_follow_nav calibrate_center
[INFO] [launch.user]: ====================================================================
[INFO] [sc_mini-1]: process started with pid [24922]
[INFO] [static_transform_publisher-2]: process started with pid [24923]
[INFO] [decoded_serial_node-3]: process started with pid [24924]
[INFO] [rssi_scanner-4]: process started with pid [24925]
[INFO] [rssi_bearing-5]: process started with pid [24926]
[INFO] [follow_planner-6]: process started with pid [24927]
[static_transform_publisher-2] [WARN] [1791264878.176083264] []: Old-style arguments are deprecated; see --help for new-style arguments
[static_transform_publisher-2] [INFO] [1791264878.207855969] [base_to_laser]: Spinning until stopped - publishing transform
[static_transform_publisher-2] translation: ('0.100000', '0.000000', '0.180000')
[static_transform_publisher-2] rotation: ('0.000000', '0.000000', '0.000000', '1.000000')
[static_transform_publisher-2] from 'base_link' to 'laser'
[rssi_scanner-4] [INFO] [1791264879.131154624] [rssi_scanner_node]: rssi_scanner: doc 3 cong @ 115200 baud -> /rssi/raw
[rssi_scanner-4] [INFO] [1791264879.229560958] [rssi_scanner_node]: /dev/serial/by-path/pci-0000:05:00.3-usb-0:2.1.2:1.0-port0: da mo
[rssi_scanner-4] [INFO] [1791264879.230063195] [rssi_scanner_node]: /dev/serial/by-path/pci-0000:05:00.3-usb-0:2.1.3:1.0-port0: da mo
[rssi_scanner-4] [INFO] [1791264879.231279012] [rssi_scanner_node]: /dev/serial/by-path/pci-0000:05:00.3-usb-0:2.1.1:1.0-port0: da mo
[rssi_bearing-5] [INFO] [1791264879.816442941] [rssi_bearing_node]: rssi_bearing: mau ['A', 'B', 'C'], can xoay >= 250 do trong 14 s, corr >= 0.45 & margin >= 0.1 (hoac corr >= 0.35 & margin >= 0.25)
[rssi_bearing-5] [INFO] [1791264879.978572783] [rssi_bearing_node]: chua co huong hop le: chua du du lieu
[follow_planner-6] [INFO] [1791264880.127110175] [follow_planner_node]: follow_planner_node san sang | footprint 0.47x0.60m | v_max=0.22 w_max=1.00 | khoang cach bam=1.00m | margin mem=0.15 cung=0.06 | enabled=False
[follow_planner-6] [INFO] [1791264880.128355674] [follow_planner_node]: Bat bam: ros2 service call /follow/enable std_srvs/srv/Trigger {}
[decoded_serial_node-3] [INFO] [1791264880.137436303] [bw_dr03_decoded_serial_node]: BW-DR03 decoder connected on /dev/serial/by-id/usb-FTDI_FT231X_USB_UART_D30BF0NT-if00-port0 at 115200
[decoded_serial_node-3] [INFO] [1791264880.138712673] [bw_dr03_decoded_serial_node]: Params: max_linear=0.49, max_angular=2.46, max_percent=60, cmd_timeout=1.0
[follow_planner-6] [INFO] [1791264880.152320557] [follow_planner_node]: self-filter: bo 9/217 tia dap vao than xe
[follow_planner-6] [INFO] [1791264880.155319729] [follow_planner_node]: [IDLE] disabled | d=- goc=- | v=0.000 w=0.000 | thoang=-
[rssi_scanner-4] [INFO] [1791264880.619232078] [rssi_scanner_node]: /dev/serial/by-path/pci-0000:05:00.3-usb-0:2.1.1:1.0-port0: board A khoi dong
[rssi_scanner-4] [INFO] [1791264881.068745787] [rssi_scanner_node]: /dev/serial/by-path/pci-0000:05:00.3-usb-0:2.1.2:1.0-port0: board B khoi dong
[rssi_scanner-4] [INFO] [1791264881.073034390] [rssi_scanner_node]: /dev/serial/by-path/pci-0000:05:00.3-usb-0:2.1.3:1.0-port0: board C khoi dong
[follow_planner-6] [INFO] [1791264881.222313855] [follow_planner_node]: [IDLE] disabled | d=- goc=- | v=0.000 w=0.000 | thoang=-
[follow_planner-6] [INFO] [1791264882.289279470] [follow_planner_node]: [IDLE] disabled | d=- goc=- | v=0.000 w=0.000 | thoang=-
[sc_mini-1] sc_mini start
[follow_planner-6] [INFO] [1791264883.355780827] [follow_planner_node]: [IDLE] disabled | d=- goc=- | v=0.000 w=0.000 | thoang=-
[follow_planner-6] [INFO] [1791264884.423011185] [follow_planner_node]: [IDLE] disabled | d=- goc=- | v=0.000 w=0.000 | thoang=-
[follow_planner-6] [INFO] [1791264885.488998402] [follow_planner_node]: [IDLE] disabled | d=- goc=- | v=0.000 w=0.000 | thoang=-
[follow_planner-6] [INFO] [1791264886.488925456] [follow_planner_node]: [IDLE] disabled | d=- goc=- | v=0.000 w=0.000 | thoang=-
[follow_planner-6] [INFO] [1791264887.556190202] [follow_planner_node]: [IDLE] disabled | d=- goc=- | v=0.000 w=0.000 | thoang=-
[follow_planner-6] [INFO] [1791264888.622549006] [follow_planner_node]: [IDLE] disabled | d=- goc=- | v=0.000 w=0.000 | thoang=-
[follow_planner-6] [INFO] [1791264889.622550821] [follow_planner_node]: [IDLE] disabled | d=- goc=- | v=0.000 w=0.000 | thoang=-
[follow_planner-6] [INFO] [1791264890.154903836] [follow_planner_node]: self-filter: bo 10/216 tia dap vao than xe
[follow_planner-6] [INFO] [1791264890.688618703] [follow_planner_node]: [IDLE] disabled | d=- goc=- | v=0.000 w=0.000 | thoang=-
[follow_planner-6] [INFO] [1791264891.756119666] [follow_planner_node]: [IDLE] disabled | d=- goc=- | v=0.000 w=0.000 | thoang=-
[follow_planner-6] [INFO] [1791264892.756006269] [follow_planner_node]: [IDLE] disabled | d=- goc=- | v=0.000 w=0.000 | thoang=-
[follow_planner-6] [INFO] [1791264893.822318696] [follow_planner_node]: [IDLE] disabled | d=- goc=- | v=0.000 w=0.000 | thoang=-
[follow_planner-6] [INFO] [1791264894.822401180] [follow_planner_node]: [IDLE] disabled | d=- goc=- | v=0.000 w=0.000 | thoang=-
[follow_planner-6] [INFO] [1791264895.888723076] [follow_planner_node]: [IDLE] disabled | d=- goc=- | v=0.000 w=0.000 | thoang=-
[follow_planner-6] [INFO] [1791264896.955549570] [follow_planner_node]: [IDLE] disabled | d=- goc=- | v=0.000 w=0.000 | thoang=-
[follow_planner-6] [INFO] [1791264898.022139771] [follow_planner_node]: [IDLE] disabled | d=- goc=- | v=0.000 w=0.000 | thoang=-
[follow_planner-6] [INFO] [1791264899.088740643] [follow_planner_node]: [IDLE] disabled | d=- goc=- | v=0.000 w=0.000 | thoang=-
[follow_planner-6] [INFO] [1791264900.088674644] [follow_planner_node]: [IDLE] disabled | d=- goc=- | v=0.000 w=0.000 | thoang=-
[follow_planner-6] [INFO] [1791264900.203265317] [follow_planner_node]: self-filter: bo 8/220 tia dap vao than xe
[follow_planner-6] [INFO] [1791264901.088993323] [follow_planner_node]: [IDLE] disabled | d=- goc=- | v=0.000 w=0.000 | thoang=-
[follow_planner-6] [INFO] [1791264902.155645208] [follow_planner_node]: [IDLE] disabled | d=- goc=- | v=0.000 w=0.000 | thoang=-
[follow_planner-6] [INFO] [1791264903.156046973] [follow_planner_node]: [IDLE] disabled | d=- goc=- | v=0.000 w=0.000 | thoang=-
[follow_planner-6] [INFO] [1791264904.222392501] [follow_planner_node]: [IDLE] disabled | d=- goc=- | v=0.000 w=0.000 | thoang=-
[follow_planner-6] [INFO] [1791264905.289584574] [follow_planner_node]: [IDLE] disabled | d=- goc=- | v=0.000 w=0.000 | thoang=-
[follow_planner-6] [INFO] [1791264906.355900390] [follow_planner_node]: [IDLE] disabled | d=- goc=- | v=0.000 w=0.000 | thoang=-
[follow_planner-6] [INFO] [1791264907.422535581] [follow_planner_node]: [IDLE] disabled | d=- goc=- | v=0.000 w=0.000 | thoang=-
[follow_planner-6] [INFO] [1791264908.489099518] [follow_planner_node]: [IDLE] disabled | d=- goc=- | v=0.000 w=0.000 | thoang=-
[follow_planner-6] [INFO] [1791264909.488922978] [follow_planner_node]: [IDLE] disabled | d=- goc=- | v=0.000 w=0.000 | thoang=-
[follow_planner-6] [INFO] [1791264910.217665762] [follow_planner_node]: self-filter: bo 8/221 tia dap vao than xe
[follow_planner-6] [INFO] [1791264910.488925710] [follow_planner_node]: [IDLE] disabled | d=- goc=- | v=0.000 w=0.000 | thoang=-
[follow_planner-6] [INFO] [1791264911.489254943] [follow_planner_node]: [IDLE] disabled | d=- goc=- | v=0.000 w=0.000 | thoang=-
[follow_planner-6] [INFO] [1791264912.489518861] [follow_planner_node]: [IDLE] disabled | d=- goc=- | v=0.000 w=0.000 | thoang=-
[follow_planner-6] [INFO] [1791264913.555683790] [follow_planner_node]: [IDLE] disabled | d=- goc=- | v=0.000 w=0.000 | thoang=-
[follow_planner-6] [INFO] [1791264914.555920374] [follow_planner_node]: [IDLE] disabled | d=- goc=- | v=0.000 w=0.000 | thoang=-
[follow_planner-6] [INFO] [1791264915.622589887] [follow_planner_node]: [IDLE] disabled | d=- goc=- | v=0.000 w=0.000 | thoang=-
[follow_planner-6] [INFO] [1791264916.688845011] [follow_planner_node]: [IDLE] disabled | d=- goc=- | v=0.000 w=0.000 | thoang=-
[follow_planner-6] [INFO] [1791264917.688968760] [follow_planner_node]: [IDLE] disabled | d=- goc=- | v=0.000 w=0.000 | thoang=-
[follow_planner-6] [INFO] [1791264918.755591926] [follow_planner_node]: [IDLE] disabled | d=- goc=- | v=0.000 w=0.000 | thoang=-
[follow_planner-6] [INFO] [1791264919.755695464] [follow_planner_node]: [IDLE] disabled | d=- goc=- | v=0.000 w=0.000 | thoang=-
[follow_planner-6] [INFO] [1791264920.281554820] [follow_planner_node]: self-filter: bo 14/223 tia dap vao than xe
[follow_planner-6] [INFO] [1791264920.821875732] [follow_planner_node]: [IDLE] disabled | d=- goc=- | v=0.000 w=0.000 | thoang=-
[follow_planner-6] [INFO] [1791264921.888458488] [follow_planner_node]: [IDLE] disabled | d=- goc=- | v=0.000 w=0.000 | thoang=-
[follow_planner-6] [INFO] [1791264922.889041666] [follow_planner_node]: [IDLE] disabled | d=- goc=- | v=0.000 w=0.000 | thoang=-
[follow_planner-6] [INFO] [1791264923.889109534] [follow_planner_node]: [IDLE] disabled | d=- goc=- | v=0.000 w=0.000 | thoang=-
[follow_planner-6] [INFO] [1791264924.054113785] [follow_planner_node]: Bam nguoi: TAT
[follow_planner-6] [INFO] [1791264924.889714058] [follow_planner_node]: [IDLE] disabled | d=- goc=- | v=0.000 w=0.000 | thoang=-
[follow_planner-6] [INFO] [1791264925.956052172] [follow_planner_node]: [IDLE] disabled | d=- goc=- | v=0.000 w=0.000 | thoang=-
[follow_planner-6] [INFO] [1791264927.021728936] [follow_planner_node]: [IDLE] disabled | d=- goc=- | v=0.000 w=0.000 | thoang=-
[follow_planner-6] [INFO] [1791264928.022112580] [follow_planner_node]: [IDLE] disabled | d=- goc=- | v=0.000 w=0.000 | thoang=-
[follow_planner-6] [INFO] [1791264929.022474841] [follow_planner_node]: [IDLE] disabled | d=- goc=- | v=0.000 w=0.000 | thoang=-
[follow_planner-6] [INFO] [1791264930.088988624] [follow_planner_node]: [IDLE] disabled | d=- goc=- | v=0.000 w=0.000 | thoang=-
[follow_planner-6] [INFO] [1791264930.297809720] [follow_planner_node]: self-filter: bo 17/233 tia dap vao than xe
[follow_planner-6] [INFO] [1791264931.089525395] [follow_planner_node]: [IDLE] disabled | d=- goc=- | v=0.000 w=0.000 | thoang=-
[follow_planner-6] [INFO] [1791264932.089588414] [follow_planner_node]: [IDLE] disabled | d=- goc=- | v=0.000 w=0.000 | thoang=-
[follow_planner-6] [INFO] [1791264933.155193858] [follow_planner_node]: [IDLE] disabled | d=- goc=- | v=0.000 w=0.000 | thoang=-
[decoded_serial_node-3] [INFO] [1791264934.118011812] [bw_dr03_decoded_serial_node]: RECEIVED /cmd_vel: linear.x=0.0, angular.z=0.9
[decoded_serial_node-3] [INFO] [1791264934.118787132] [bw_dr03_decoded_serial_node]: SEND MOTOR CMD: cd eb d7 09 74 46 42 53 53 15 15 00 00
[follow_planner-6] [INFO] [1791264934.155754339] [follow_planner_node]: [IDLE] disabled | d=- goc=- | v=0.000 w=0.000 | thoang=-
[decoded_serial_node-3] [INFO] [1791264934.192390284] [bw_dr03_decoded_serial_node]: RECEIVED /cmd_vel: linear.x=0.0, angular.z=0.9
[decoded_serial_node-3] [INFO] [1791264934.193182226] [bw_dr03_decoded_serial_node]: SEND MOTOR CMD: cd eb d7 09 74 46 42 53 53 15 15 00 00
[decoded_serial_node-3] [INFO] [1791264934.265237113] [bw_dr03_decoded_serial_node]: RECEIVED /cmd_vel: linear.x=0.0, angular.z=0.9
[decoded_serial_node-3] [INFO] [1791264934.266010058] [bw_dr03_decoded_serial_node]: SEND MOTOR CMD: cd eb d7 09 74 46 42 53 53 15 15 00 00
[decoded_serial_node-3] [INFO] [1791264934.341869118] [bw_dr03_decoded_serial_node]: RECEIVED /cmd_vel: linear.x=0.0, angular.z=0.9
[decoded_serial_node-3] [INFO] [1791264934.342710928] [bw_dr03_decoded_serial_node]: SEND MOTOR CMD: cd eb d7 09 74 46 42 53 53 15 15 00 00
[decoded_serial_node-3] [INFO] [1791264934.409375382] [bw_dr03_decoded_serial_node]: RECEIVED /cmd_vel: linear.x=0.0, angular.z=0.9
[decoded_serial_node-3] [INFO] [1791264934.410193445] [bw_dr03_decoded_serial_node]: SEND MOTOR CMD: cd eb d7 09 74 46 42 53 53 15 15 00 00
[decoded_serial_node-3] [INFO] [1791264934.477912239] [bw_dr03_decoded_serial_node]: RECEIVED /cmd_vel: linear.x=0.0, angular.z=0.9
[decoded_serial_node-3] [INFO] [1791264934.478708931] [bw_dr03_decoded_serial_node]: SEND MOTOR CMD: cd eb d7 09 74 46 42 53 53 15 15 00 00
[decoded_serial_node-3] [INFO] [1791264934.545420878] [bw_dr03_decoded_serial_node]: RECEIVED /cmd_vel: linear.x=0.0, angular.z=0.9
[decoded_serial_node-3] [INFO] [1791264934.546365985] [bw_dr03_decoded_serial_node]: SEND MOTOR CMD: cd eb d7 09 74 46 42 53 53 15 15 00 00
[decoded_serial_node-3] [INFO] [1791264934.622534935] [bw_dr03_decoded_serial_node]: RECEIVED /cmd_vel: linear.x=0.0, angular.z=0.9
[decoded_serial_node-3] [INFO] [1791264934.623301944] [bw_dr03_decoded_serial_node]: SEND MOTOR CMD: cd eb d7 09 74 46 42 53 53 15 15 00 00
[decoded_serial_node-3] [INFO] [1791264934.690856888] [bw_dr03_decoded_serial_node]: RECEIVED /cmd_vel: linear.x=0.0, angular.z=0.9
[decoded_serial_node-3] [INFO] [1791264934.691645268] [bw_dr03_decoded_serial_node]: SEND MOTOR CMD: cd eb d7 09 74 46 42 53 53 15 15 00 00
[decoded_serial_node-3] [INFO] [1791264934.765421769] [bw_dr03_decoded_serial_node]: RECEIVED /cmd_vel: linear.x=0.0, angular.z=0.9
[decoded_serial_node-3] [INFO] [1791264934.766185216] [bw_dr03_decoded_serial_node]: SEND MOTOR CMD: cd eb d7 09 74 46 42 53 53 15 15 00 00
[decoded_serial_node-3] [INFO] [1791264934.845231042] [bw_dr03_decoded_serial_node]: RECEIVED /cmd_vel: linear.x=0.0, angular.z=0.9
[decoded_serial_node-3] [INFO] [1791264934.845963619] [bw_dr03_decoded_serial_node]: SEND MOTOR CMD: cd eb d7 09 74 46 42 53 53 15 15 00 00
[decoded_serial_node-3] [INFO] [1791264934.915742413] [bw_dr03_decoded_serial_node]: RECEIVED /cmd_vel: linear.x=0.0, angular.z=0.9
[decoded_serial_node-3] [INFO] [1791264934.916546229] [bw_dr03_decoded_serial_node]: SEND MOTOR CMD: cd eb d7 09 74 46 42 53 53 15 15 00 00
[decoded_serial_node-3] [INFO] [1791264934.989289761] [bw_dr03_decoded_serial_node]: RECEIVED /cmd_vel: linear.x=0.0, angular.z=0.9
[decoded_serial_node-3] [INFO] [1791264934.990044896] [bw_dr03_decoded_serial_node]: SEND MOTOR CMD: cd eb d7 09 74 46 42 53 53 15 15 00 00
[decoded_serial_node-3] [INFO] [1791264935.063220612] [bw_dr03_decoded_serial_node]: RECEIVED /cmd_vel: linear.x=0.0, angular.z=0.9
[decoded_serial_node-3] [INFO] [1791264935.064001869] [bw_dr03_decoded_serial_node]: SEND MOTOR CMD: cd eb d7 09 74 46 42 53 53 15 15 00 00
[decoded_serial_node-3] [INFO] [1791264935.130615267] [bw_dr03_decoded_serial_node]: RECEIVED /cmd_vel: linear.x=0.0, angular.z=0.9
[decoded_serial_node-3] [INFO] [1791264935.131402460] [bw_dr03_decoded_serial_node]: SEND MOTOR CMD: cd eb d7 09 74 46 42 53 53 15 15 00 00
[follow_planner-6] [INFO] [1791264935.156077344] [follow_planner_node]: [IDLE] disabled | d=- goc=- | v=0.000 w=0.000 | thoang=-
[decoded_serial_node-3] [INFO] [1791264935.202537173] [bw_dr03_decoded_serial_node]: RECEIVED /cmd_vel: linear.x=0.0, angular.z=0.9
[decoded_serial_node-3] [INFO] [1791264935.203361173] [bw_dr03_decoded_serial_node]: SEND MOTOR CMD: cd eb d7 09 74 46 42 53 53 15 15 00 00
[decoded_serial_node-3] [INFO] [1791264935.273455794] [bw_dr03_decoded_serial_node]: RECEIVED /cmd_vel: linear.x=0.0, angular.z=0.9
[decoded_serial_node-3] [INFO] [1791264935.274228739] [bw_dr03_decoded_serial_node]: SEND MOTOR CMD: cd eb d7 09 74 46 42 53 53 15 15 00 00
[decoded_serial_node-3] [INFO] [1791264935.342119694] [bw_dr03_decoded_serial_node]: RECEIVED /cmd_vel: linear.x=0.0, angular.z=0.9
[decoded_serial_node-3] [INFO] [1791264935.342905700] [bw_dr03_decoded_serial_node]: SEND MOTOR CMD: cd eb d7 09 74 46 42 53 53 15 15 00 00
[decoded_serial_node-3] [INFO] [1791264935.409913288] [bw_dr03_decoded_serial_node]: RECEIVED /cmd_vel: linear.x=0.0, angular.z=0.9
[decoded_serial_node-3] [INFO] [1791264935.410689796] [bw_dr03_decoded_serial_node]: SEND MOTOR CMD: cd eb d7 09 74 46 42 53 53 15 15 00 00
[decoded_serial_node-3] [INFO] [1791264935.480836658] [bw_dr03_decoded_serial_node]: RECEIVED /cmd_vel: linear.x=0.0, angular.z=0.9
[decoded_serial_node-3] [INFO] [1791264935.481702215] [bw_dr03_decoded_serial_node]: SEND MOTOR CMD: cd eb d7 09 74 46 42 53 53 15 15 00 00
[decoded_serial_node-3] [INFO] [1791264935.553336789] [bw_dr03_decoded_serial_node]: RECEIVED /cmd_vel: linear.x=0.0, angular.z=0.9
[decoded_serial_node-3] [INFO] [1791264935.554131106] [bw_dr03_decoded_serial_node]: SEND MOTOR CMD: cd eb d7 09 74 46 42 53 53 15 15 00 00
[decoded_serial_node-3] [INFO] [1791264935.623702119] [bw_dr03_decoded_serial_node]: RECEIVED /cmd_vel: linear.x=0.0, angular.z=0.9
[decoded_serial_node-3] [INFO] [1791264935.624477439] [bw_dr03_decoded_serial_node]: SEND MOTOR CMD: cd eb d7 09 74 46 42 53 53 15 15 00 00
[decoded_serial_node-3] [INFO] [1791264935.691785419] [bw_dr03_decoded_serial_node]: RECEIVED /cmd_vel: linear.x=0.0, angular.z=0.9
[decoded_serial_node-3] [INFO] [1791264935.692585673] [bw_dr03_decoded_serial_node]: SEND MOTOR CMD: cd eb d7 09 74 46 42 53 53 15 15 00 00
[decoded_serial_node-3] [INFO] [1791264935.765236593] [bw_dr03_decoded_serial_node]: RECEIVED /cmd_vel: linear.x=0.0, angular.z=0.9
[decoded_serial_node-3] [INFO] [1791264935.766023786] [bw_dr03_decoded_serial_node]: SEND MOTOR CMD: cd eb d7 09 74 46 42 53 53 15 15 00 00
[decoded_serial_node-3] [INFO] [1791264935.840643283] [bw_dr03_decoded_serial_node]: RECEIVED /cmd_vel: linear.x=0.0, angular.z=0.9
[decoded_serial_node-3] [INFO] [1791264935.841397231] [bw_dr03_decoded_serial_node]: SEND MOTOR CMD: cd eb d7 09 74 46 42 53 53 15 15 00 00
[decoded_serial_node-3] [INFO] [1791264935.913114918] [bw_dr03_decoded_serial_node]: RECEIVED /cmd_vel: linear.x=0.0, angular.z=0.9
[decoded_serial_node-3] [INFO] [1791264935.913870054] [bw_dr03_decoded_serial_node]: SEND MOTOR CMD: cd eb d7 09 74 46 42 53 53 15 15 00 00
[decoded_serial_node-3] [INFO] [1791264935.980723291] [bw_dr03_decoded_serial_node]: RECEIVED /cmd_vel: linear.x=0.0, angular.z=0.9
[decoded_serial_node-3] [INFO] [1791264935.981580536] [bw_dr03_decoded_serial_node]: SEND MOTOR CMD: cd eb d7 09 74 46 42 53 53 15 15 00 00
[decoded_serial_node-3] [INFO] [1791264936.053101127] [bw_dr03_decoded_serial_node]: RECEIVED /cmd_vel: linear.x=0.0, angular.z=0.9
[decoded_serial_node-3] [INFO] [1791264936.053947686] [bw_dr03_decoded_serial_node]: SEND MOTOR CMD: cd eb d7 09 74 46 42 53 53 15 15 00 00
[decoded_serial_node-3] [INFO] [1791264936.130395655] [bw_dr03_decoded_serial_node]: RECEIVED /cmd_vel: linear.x=0.0, angular.z=0.9
[decoded_serial_node-3] [INFO] [1791264936.131180473] [bw_dr03_decoded_serial_node]: SEND MOTOR CMD: cd eb d7 09 74 46 42 53 53 15 15 00 00
[decoded_serial_node-3] [INFO] [1791264936.203043013] [bw_dr03_decoded_serial_node]: RECEIVED /cmd_vel: linear.x=0.0, angular.z=0.9
[decoded_serial_node-3] [INFO] [1791264936.203844454] [bw_dr03_decoded_serial_node]: SEND MOTOR CMD: cd eb d7 09 74 46 42 53 53 15 15 00 00
[follow_planner-6] [INFO] [1791264936.222327463] [follow_planner_node]: [IDLE] disabled | d=- goc=- | v=0.000 w=0.000 | thoang=-
[decoded_serial_node-3] [INFO] [1791264936.273479580] [bw_dr03_decoded_serial_node]: RECEIVED /cmd_vel: linear.x=0.0, angular.z=0.9
[decoded_serial_node-3] [INFO] [1791264936.274291707] [bw_dr03_decoded_serial_node]: SEND MOTOR CMD: cd eb d7 09 74 46 42 53 53 15 15 00 00
[decoded_serial_node-3] [INFO] [1791264936.342630281] [bw_dr03_decoded_serial_node]: RECEIVED /cmd_vel: linear.x=0.0, angular.z=0.9
[decoded_serial_node-3] [INFO] [1791264936.343455468] [bw_dr03_decoded_serial_node]: SEND MOTOR CMD: cd eb d7 09 74 46 42 53 53 15 15 00 00
[decoded_serial_node-3] [INFO] [1791264936.414446514] [bw_dr03_decoded_serial_node]: RECEIVED /cmd_vel: linear.x=0.0, angular.z=0.9
[decoded_serial_node-3] [INFO] [1791264936.415256267] [bw_dr03_decoded_serial_node]: SEND MOTOR CMD: cd eb d7 09 74 46 42 53 53 15 15 00 00
[decoded_serial_node-3] [INFO] [1791264936.490407682] [bw_dr03_decoded_serial_node]: RECEIVED /cmd_vel: linear.x=0.0, angular.z=0.9
[decoded_serial_node-3] [INFO] [1791264936.491220996] [bw_dr03_decoded_serial_node]: SEND MOTOR CMD: cd eb d7 09 74 46 42 53 53 15 15 00 00
[decoded_serial_node-3] [INFO] [1791264936.558386498] [bw_dr03_decoded_serial_node]: RECEIVED /cmd_vel: linear.x=0.0, angular.z=0.9
[decoded_serial_node-3] [INFO] [1791264936.559172503] [bw_dr03_decoded_serial_node]: SEND MOTOR CMD: cd eb d7 09 74 46 42 53 53 15 15 00 00
[decoded_serial_node-3] [INFO] [1791264936.631539654] [bw_dr03_decoded_serial_node]: RECEIVED /cmd_vel: linear.x=0.0, angular.z=0.9
[decoded_serial_node-3] [INFO] [1791264936.632329221] [bw_dr03_decoded_serial_node]: SEND MOTOR CMD: cd eb d7 09 74 46 42 53 53 15 15 00 00
[decoded_serial_node-3] [INFO] [1791264936.702384659] [bw_dr03_decoded_serial_node]: RECEIVED /cmd_vel: linear.x=0.0, angular.z=0.9
[decoded_serial_node-3] [INFO] [1791264936.703158792] [bw_dr03_decoded_serial_node]: SEND MOTOR CMD: cd eb d7 09 74 46 42 53 53 15 15 00 00
[decoded_serial_node-3] [INFO] [1791264936.773866069] [bw_dr03_decoded_serial_node]: RECEIVED /cmd_vel: linear.x=0.0, angular.z=0.9
[decoded_serial_node-3] [INFO] [1791264936.774649700] [bw_dr03_decoded_serial_node]: SEND MOTOR CMD: cd eb d7 09 74 46 42 53 53 15 15 00 00
[decoded_serial_node-3] [INFO] [1791264936.841949369] [bw_dr03_decoded_serial_node]: RECEIVED /cmd_vel: linear.x=0.0, angular.z=0.9
[decoded_serial_node-3] [INFO] [1791264936.842724689] [bw_dr03_decoded_serial_node]: SEND MOTOR CMD: cd eb d7 09 74 46 42 53 53 15 15 00 00
[decoded_serial_node-3] [INFO] [1791264936.916567677] [bw_dr03_decoded_serial_node]: RECEIVED /cmd_vel: linear.x=0.0, angular.z=0.9
[decoded_serial_node-3] [INFO] [1791264936.917338248] [bw_dr03_decoded_serial_node]: SEND MOTOR CMD: cd eb d7 09 74 46 42 53 53 15 15 00 00
[decoded_serial_node-3] [INFO] [1791264936.983652441] [bw_dr03_decoded_serial_node]: RECEIVED /cmd_vel: linear.x=0.0, angular.z=0.9
[decoded_serial_node-3] [INFO] [1791264936.984433698] [bw_dr03_decoded_serial_node]: SEND MOTOR CMD: cd eb d7 09 74 46 42 53 53 15 15 00 00
[decoded_serial_node-3] [INFO] [1791264937.051929273] [bw_dr03_decoded_serial_node]: RECEIVED /cmd_vel: linear.x=0.0, angular.z=0.9
[decoded_serial_node-3] [INFO] [1791264937.052843510] [bw_dr03_decoded_serial_node]: SEND MOTOR CMD: cd eb d7 09 74 46 42 53 53 15 15 00 00
[decoded_serial_node-3] [INFO] [1791264937.123519915] [bw_dr03_decoded_serial_node]: RECEIVED /cmd_vel: linear.x=0.0, angular.z=0.9
[decoded_serial_node-3] [INFO] [1791264937.124304734] [bw_dr03_decoded_serial_node]: SEND MOTOR CMD: cd eb d7 09 74 46 42 53 53 15 15 00 00
[decoded_serial_node-3] [INFO] [1791264937.192763226] [bw_dr03_decoded_serial_node]: RECEIVED /cmd_vel: linear.x=0.0, angular.z=0.9
[decoded_serial_node-3] [INFO] [1791264937.193558730] [bw_dr03_decoded_serial_node]: SEND MOTOR CMD: cd eb d7 09 74 46 42 53 53 15 15 00 00
[decoded_serial_node-3] [INFO] [1791264937.264222075] [bw_dr03_decoded_serial_node]: RECEIVED /cmd_vel: linear.x=0.0, angular.z=0.9
[decoded_serial_node-3] [INFO] [1791264937.265004519] [bw_dr03_decoded_serial_node]: SEND MOTOR CMD: cd eb d7 09 74 46 42 53 53 15 15 00 00
[follow_planner-6] [INFO] [1791264937.289069119] [follow_planner_node]: [IDLE] disabled | d=- goc=- | v=0.000 w=0.000 | thoang=-
[decoded_serial_node-3] [INFO] [1791264937.332046538] [bw_dr03_decoded_serial_node]: RECEIVED /cmd_vel: linear.x=0.0, angular.z=0.9
[decoded_serial_node-3] [INFO] [1791264937.332795737] [bw_dr03_decoded_serial_node]: SEND MOTOR CMD: cd eb d7 09 74 46 42 53 53 15 15 00 00
[decoded_serial_node-3] [INFO] [1791264937.404245088] [bw_dr03_decoded_serial_node]: RECEIVED /cmd_vel: linear.x=0.0, angular.z=0.9
[decoded_serial_node-3] [INFO] [1791264937.405034656] [bw_dr03_decoded_serial_node]: SEND MOTOR CMD: cd eb d7 09 74 46 42 53 53 15 15 00 00
[decoded_serial_node-3] [INFO] [1791264937.478458520] [bw_dr03_decoded_serial_node]: RECEIVED /cmd_vel: linear.x=0.0, angular.z=0.9
[decoded_serial_node-3] [INFO] [1791264937.479263523] [bw_dr03_decoded_serial_node]: SEND MOTOR CMD: cd eb d7 09 74 46 42 53 53 15 15 00 00
[decoded_serial_node-3] [INFO] [1791264937.552609024] [bw_dr03_decoded_serial_node]: RECEIVED /cmd_vel: linear.x=0.0, angular.z=0.9
[decoded_serial_node-3] [INFO] [1791264937.553440148] [bw_dr03_decoded_serial_node]: SEND MOTOR CMD: cd eb d7 09 74 46 42 53 53 15 15 00 00
[decoded_serial_node-3] [INFO] [1791264937.623290179] [bw_dr03_decoded_serial_node]: RECEIVED /cmd_vel: linear.x=0.0, angular.z=0.9
[decoded_serial_node-3] [INFO] [1791264937.624114179] [bw_dr03_decoded_serial_node]: SEND MOTOR CMD: cd eb d7 09 74 46 42 53 53 15 15 00 00
[decoded_serial_node-3] [INFO] [1791264937.690570849] [bw_dr03_decoded_serial_node]: RECEIVED /cmd_vel: linear.x=0.0, angular.z=0.9
[decoded_serial_node-3] [INFO] [1791264937.691343795] [bw_dr03_decoded_serial_node]: SEND MOTOR CMD: cd eb d7 09 74 46 42 53 53 15 15 00 00
[decoded_serial_node-3] [INFO] [1791264937.760158483] [bw_dr03_decoded_serial_node]: RECEIVED /cmd_vel: linear.x=0.0, angular.z=0.9
[decoded_serial_node-3] [INFO] [1791264937.760876811] [bw_dr03_decoded_serial_node]: SEND MOTOR CMD: cd eb d7 09 74 46 42 53 53 15 15 00 00
[decoded_serial_node-3] [INFO] [1791264937.830555868] [bw_dr03_decoded_serial_node]: RECEIVED /cmd_vel: linear.x=0.0, angular.z=0.9
[decoded_serial_node-3] [INFO] [1791264937.831371557] [bw_dr03_decoded_serial_node]: SEND MOTOR CMD: cd eb d7 09 74 46 42 53 53 15 15 00 00
[decoded_serial_node-3] [INFO] [1791264937.902806660] [bw_dr03_decoded_serial_node]: RECEIVED /cmd_vel: linear.x=0.0, angular.z=0.9
[decoded_serial_node-3] [INFO] [1791264937.903633035] [bw_dr03_decoded_serial_node]: SEND MOTOR CMD: cd eb d7 09 74 46 42 53 53 15 15 00 00
[decoded_serial_node-3] [INFO] [1791264937.979325867] [bw_dr03_decoded_serial_node]: RECEIVED /cmd_vel: linear.x=0.0, angular.z=0.9
[decoded_serial_node-3] [INFO] [1791264937.980096438] [bw_dr03_decoded_serial_node]: SEND MOTOR CMD: cd eb d7 09 74 46 42 53 53 15 15 00 00
[decoded_serial_node-3] [INFO] [1791264938.051487609] [bw_dr03_decoded_serial_node]: RECEIVED /cmd_vel: linear.x=0.0, angular.z=0.9
[decoded_serial_node-3] [INFO] [1791264938.052334168] [bw_dr03_decoded_serial_node]: SEND MOTOR CMD: cd eb d7 09 74 46 42 53 53 15 15 00 00
[decoded_serial_node-3] [INFO] [1791264938.123813201] [bw_dr03_decoded_serial_node]: RECEIVED /cmd_vel: linear.x=0.0, angular.z=0.9
[decoded_serial_node-3] [INFO] [1791264938.124582585] [bw_dr03_decoded_serial_node]: SEND MOTOR CMD: cd eb d7 09 74 46 42 53 53 15 15 00 00
[decoded_serial_node-3] [INFO] [1791264938.192928280] [bw_dr03_decoded_serial_node]: RECEIVED /cmd_vel: linear.x=0.0, angular.z=0.9
[decoded_serial_node-3] [INFO] [1791264938.193724972] [bw_dr03_decoded_serial_node]: SEND MOTOR CMD: cd eb d7 09 74 46 42 53 53 15 15 00 00
[decoded_serial_node-3] [INFO] [1791264938.263351786] [bw_dr03_decoded_serial_node]: RECEIVED /cmd_vel: linear.x=0.0, angular.z=0.9
[decoded_serial_node-3] [INFO] [1791264938.264127106] [bw_dr03_decoded_serial_node]: SEND MOTOR CMD: cd eb d7 09 74 46 42 53 53 15 15 00 00
[decoded_serial_node-3] [INFO] [1791264938.339520733] [bw_dr03_decoded_serial_node]: RECEIVED /cmd_vel: linear.x=0.0, angular.z=0.9
[decoded_serial_node-3] [INFO] [1791264938.340303177] [bw_dr03_decoded_serial_node]: SEND MOTOR CMD: cd eb d7 09 74 46 42 53 53 15 15 00 00
[follow_planner-6] [INFO] [1791264938.355910497] [follow_planner_node]: [IDLE] disabled | d=- goc=- | v=0.000 w=0.000 | thoang=-
[decoded_serial_node-3] [INFO] [1791264938.416587293] [bw_dr03_decoded_serial_node]: RECEIVED /cmd_vel: linear.x=0.0, angular.z=0.9
[decoded_serial_node-3] [INFO] [1791264938.417370925] [bw_dr03_decoded_serial_node]: SEND MOTOR CMD: cd eb d7 09 74 46 42 53 53 15 15 00 00
[decoded_serial_node-3] [INFO] [1791264938.490349543] [bw_dr03_decoded_serial_node]: RECEIVED /cmd_vel: linear.x=0.0, angular.z=0.9
[decoded_serial_node-3] [INFO] [1791264938.491141485] [bw_dr03_decoded_serial_node]: SEND MOTOR CMD: cd eb d7 09 74 46 42 53 53 15 15 00 00
[decoded_serial_node-3] [INFO] [1791264938.558238120] [bw_dr03_decoded_serial_node]: RECEIVED /cmd_vel: linear.x=0.0, angular.z=0.9
[decoded_serial_node-3] [INFO] [1791264938.559020564] [bw_dr03_decoded_serial_node]: SEND MOTOR CMD: cd eb d7 09 74 46 42 53 53 15 15 00 00
[decoded_serial_node-3] [INFO] [1791264938.631722537] [bw_dr03_decoded_serial_node]: RECEIVED /cmd_vel: linear.x=0.0, angular.z=0.9
[decoded_serial_node-3] [INFO] [1791264938.632542975] [bw_dr03_decoded_serial_node]: SEND MOTOR CMD: cd eb d7 09 74 46 42 53 53 15 15 00 00
[decoded_serial_node-3] [INFO] [1791264938.698601892] [bw_dr03_decoded_serial_node]: RECEIVED /cmd_vel: linear.x=0.0, angular.z=0.9
[decoded_serial_node-3] [INFO] [1791264938.699395022] [bw_dr03_decoded_serial_node]: SEND MOTOR CMD: cd eb d7 09 74 46 42 53 53 15 15 00 00
[decoded_serial_node-3] [INFO] [1791264938.768397306] [bw_dr03_decoded_serial_node]: RECEIVED /cmd_vel: linear.x=0.0, angular.z=0.9
[decoded_serial_node-3] [INFO] [1791264938.769275923] [bw_dr03_decoded_serial_node]: SEND MOTOR CMD: cd eb d7 09 74 46 42 53 53 15 15 00 00
[decoded_serial_node-3] [INFO] [1791264938.836653953] [bw_dr03_decoded_serial_node]: RECEIVED /cmd_vel: linear.x=0.0, angular.z=0.9
[decoded_serial_node-3] [INFO] [1791264938.837432835] [bw_dr03_decoded_serial_node]: SEND MOTOR CMD: cd eb d7 09 74 46 42 53 53 15 15 00 00
[decoded_serial_node-3] [INFO] [1791264938.910189424] [bw_dr03_decoded_serial_node]: RECEIVED /cmd_vel: linear.x=0.0, angular.z=0.9
[decoded_serial_node-3] [INFO] [1791264938.910957620] [bw_dr03_decoded_serial_node]: SEND MOTOR CMD: cd eb d7 09 74 46 42 53 53 15 15 00 00
[decoded_serial_node-3] [INFO] [1791264938.980953690] [bw_dr03_decoded_serial_node]: RECEIVED /cmd_vel: linear.x=0.0, angular.z=0.9
[decoded_serial_node-3] [INFO] [1791264938.981738509] [bw_dr03_decoded_serial_node]: SEND MOTOR CMD: cd eb d7 09 74 46 42 53 53 15 15 00 00
[decoded_serial_node-3] [INFO] [1791264939.052528896] [bw_dr03_decoded_serial_node]: RECEIVED /cmd_vel: linear.x=0.0, angular.z=0.9
[decoded_serial_node-3] [INFO] [1791264939.053336273] [bw_dr03_decoded_serial_node]: SEND MOTOR CMD: cd eb d7 09 74 46 42 53 53 15 15 00 00
[decoded_serial_node-3] [INFO] [1791264939.126211594] [bw_dr03_decoded_serial_node]: RECEIVED /cmd_vel: linear.x=0.0, angular.z=0.9
[decoded_serial_node-3] [INFO] [1791264939.127017784] [bw_dr03_decoded_serial_node]: SEND MOTOR CMD: cd eb d7 09 74 46 42 53 53 15 15 00 00
[decoded_serial_node-3] [INFO] [1791264939.193571813] [bw_dr03_decoded_serial_node]: RECEIVED /cmd_vel: linear.x=0.0, angular.z=0.9
[decoded_serial_node-3] [INFO] [1791264939.194355444] [bw_dr03_decoded_serial_node]: SEND MOTOR CMD: cd eb d7 09 74 46 42 53 53 15 15 00 00
[decoded_serial_node-3] [INFO] [1791264939.263355353] [bw_dr03_decoded_serial_node]: RECEIVED /cmd_vel: linear.x=0.0, angular.z=0.9
[decoded_serial_node-3] [INFO] [1791264939.264138984] [bw_dr03_decoded_serial_node]: SEND MOTOR CMD: cd eb d7 09 74 46 42 53 53 15 15 00 00
[decoded_serial_node-3] [INFO] [1791264939.341850258] [bw_dr03_decoded_serial_node]: RECEIVED /cmd_vel: linear.x=0.0, angular.z=0.9
[decoded_serial_node-3] [INFO] [1791264939.342688506] [bw_dr03_decoded_serial_node]: SEND MOTOR CMD: cd eb d7 09 74 46 42 53 53 15 15 00 00
[decoded_serial_node-3] [INFO] [1791264939.417540714] [bw_dr03_decoded_serial_node]: RECEIVED /cmd_vel: linear.x=0.0, angular.z=0.9
[decoded_serial_node-3] [INFO] [1791264939.418367089] [bw_dr03_decoded_serial_node]: SEND MOTOR CMD: cd eb d7 09 74 46 42 53 53 15 15 00 00
[follow_planner-6] [INFO] [1791264939.422441970] [follow_planner_node]: [IDLE] disabled | d=- goc=- | v=0.000 w=0.000 | thoang=-
[decoded_serial_node-3] [INFO] [1791264939.490387539] [bw_dr03_decoded_serial_node]: RECEIVED /cmd_vel: linear.x=0.0, angular.z=0.9
[decoded_serial_node-3] [INFO] [1791264939.491242409] [bw_dr03_decoded_serial_node]: SEND MOTOR CMD: cd eb d7 09 74 46 42 53 53 15 15 00 00
[decoded_serial_node-3] [INFO] [1791264939.558467274] [bw_dr03_decoded_serial_node]: RECEIVED /cmd_vel: linear.x=0.0, angular.z=0.9
[decoded_serial_node-3] [INFO] [1791264939.559284150] [bw_dr03_decoded_serial_node]: SEND MOTOR CMD: cd eb d7 09 74 46 42 53 53 15 15 00 00
[decoded_serial_node-3] [INFO] [1791264939.631111067] [bw_dr03_decoded_serial_node]: RECEIVED /cmd_vel: linear.x=0.0, angular.z=0.9
[decoded_serial_node-3] [INFO] [1791264939.631863828] [bw_dr03_decoded_serial_node]: SEND MOTOR CMD: cd eb d7 09 74 46 42 53 53 15 15 00 00
[decoded_serial_node-3] [INFO] [1791264939.702744451] [bw_dr03_decoded_serial_node]: RECEIVED /cmd_vel: linear.x=0.0, angular.z=0.9
[decoded_serial_node-3] [INFO] [1791264939.703579137] [bw_dr03_decoded_serial_node]: SEND MOTOR CMD: cd eb d7 09 74 46 42 53 53 15 15 00 00
[decoded_serial_node-3] [INFO] [1791264939.778502584] [bw_dr03_decoded_serial_node]: RECEIVED /cmd_vel: linear.x=0.0, angular.z=0.9
[decoded_serial_node-3] [INFO] [1791264939.779311149] [bw_dr03_decoded_serial_node]: SEND MOTOR CMD: cd eb d7 09 74 46 42 53 53 15 15 00 00
[rssi_bearing-5] [INFO] [1791264939.780396359] [rssi_bearing_node]: huong nguoi: +160 do so voi mui xe (da xoay 260 do, corr 0.59, margin 0.28)
[decoded_serial_node-3] [INFO] [1791264939.853513893] [bw_dr03_decoded_serial_node]: RECEIVED /cmd_vel: linear.x=0.0, angular.z=0.9
[decoded_serial_node-3] [INFO] [1791264939.854286838] [bw_dr03_decoded_serial_node]: SEND MOTOR CMD: cd eb d7 09 74 46 42 53 53 15 15 00 00
[decoded_serial_node-3] [INFO] [1791264939.924572614] [bw_dr03_decoded_serial_node]: RECEIVED /cmd_vel: linear.x=0.0, angular.z=0.9
[decoded_serial_node-3] [INFO] [1791264939.925377617] [bw_dr03_decoded_serial_node]: SEND MOTOR CMD: cd eb d7 09 74 46 42 53 53 15 15 00 00
[decoded_serial_node-3] [INFO] [1791264939.993075035] [bw_dr03_decoded_serial_node]: RECEIVED /cmd_vel: linear.x=0.0, angular.z=0.9
[decoded_serial_node-3] [INFO] [1791264939.993834920] [bw_dr03_decoded_serial_node]: SEND MOTOR CMD: cd eb d7 09 74 46 42 53 53 15 15 00 00
[decoded_serial_node-3] [INFO] [1791264940.067473686] [bw_dr03_decoded_serial_node]: RECEIVED /cmd_vel: linear.x=0.0, angular.z=0.9
[decoded_serial_node-3] [INFO] [1791264940.068259692] [bw_dr03_decoded_serial_node]: SEND MOTOR CMD: cd eb d7 09 74 46 42 53 53 15 15 00 00
[decoded_serial_node-3] [INFO] [1791264940.135106988] [bw_dr03_decoded_serial_node]: RECEIVED /cmd_vel: linear.x=0.0, angular.z=0.9
[decoded_serial_node-3] [INFO] [1791264940.135876372] [bw_dr03_decoded_serial_node]: SEND MOTOR CMD: cd eb d7 09 74 46 42 53 53 15 15 00 00
[decoded_serial_node-3] [INFO] [1791264940.203497801] [bw_dr03_decoded_serial_node]: RECEIVED /cmd_vel: linear.x=0.0, angular.z=0.9
[decoded_serial_node-3] [INFO] [1791264940.204308740] [bw_dr03_decoded_serial_node]: SEND MOTOR CMD: cd eb d7 09 74 46 42 53 53 15 15 00 00
[decoded_serial_node-3] [INFO] [1791264940.274169455] [bw_dr03_decoded_serial_node]: RECEIVED /cmd_vel: linear.x=0.0, angular.z=0.9
[decoded_serial_node-3] [INFO] [1791264940.274917466] [bw_dr03_decoded_serial_node]: SEND MOTOR CMD: cd eb d7 09 74 46 42 53 53 15 15 00 00
[follow_planner-6] [INFO] [1791264940.317961374] [follow_planner_node]: self-filter: bo 14/212 tia dap vao than xe
[decoded_serial_node-3] [INFO] [1791264940.341907241] [bw_dr03_decoded_serial_node]: RECEIVED /cmd_vel: linear.x=0.0, angular.z=0.9
[decoded_serial_node-3] [INFO] [1791264940.342682561] [bw_dr03_decoded_serial_node]: SEND MOTOR CMD: cd eb d7 09 74 46 42 53 53 15 15 00 00
[decoded_serial_node-3] [INFO] [1791264940.414269638] [bw_dr03_decoded_serial_node]: RECEIVED /cmd_vel: linear.x=0.0, angular.z=0.9
[decoded_serial_node-3] [INFO] [1791264940.415177938] [bw_dr03_decoded_serial_node]: SEND MOTOR CMD: cd eb d7 09 74 46 42 53 53 15 15 00 00
[follow_planner-6] [INFO] [1791264940.422769661] [follow_planner_node]: [IDLE] disabled | d=- goc=- | v=0.000 w=0.000 | thoang=-
[decoded_serial_node-3] [INFO] [1791264940.490279482] [bw_dr03_decoded_serial_node]: RECEIVED /cmd_vel: linear.x=0.0, angular.z=0.9
[decoded_serial_node-3] [INFO] [1791264940.491108232] [bw_dr03_decoded_serial_node]: SEND MOTOR CMD: cd eb d7 09 74 46 42 53 53 15 15 00 00
[decoded_serial_node-3] [INFO] [1791264940.568278087] [bw_dr03_decoded_serial_node]: RECEIVED /cmd_vel: linear.x=0.0, angular.z=0.9
[decoded_serial_node-3] [INFO] [1791264940.569083090] [bw_dr03_decoded_serial_node]: SEND MOTOR CMD: cd eb d7 09 74 46 42 53 53 15 15 00 00
[decoded_serial_node-3] [INFO] [1791264940.642400093] [bw_dr03_decoded_serial_node]: RECEIVED /cmd_vel: linear.x=0.0, angular.z=0.9
[decoded_serial_node-3] [INFO] [1791264940.643219343] [bw_dr03_decoded_serial_node]: SEND MOTOR CMD: cd eb d7 09 74 46 42 53 53 15 15 00 00
[decoded_serial_node-3] [INFO] [1791264940.712461464] [bw_dr03_decoded_serial_node]: RECEIVED /cmd_vel: linear.x=0.0, angular.z=0.9
[decoded_serial_node-3] [INFO] [1791264940.713285464] [bw_dr03_decoded_serial_node]: SEND MOTOR CMD: cd eb d7 09 74 46 42 53 53 15 15 00 00
[decoded_serial_node-3] [INFO] [1791264940.780624311] [bw_dr03_decoded_serial_node]: RECEIVED /cmd_vel: linear.x=0.0, angular.z=0.9
[decoded_serial_node-3] [INFO] [1791264940.781477994] [bw_dr03_decoded_serial_node]: SEND MOTOR CMD: cd eb d7 09 74 46 42 53 53 15 15 00 00
[decoded_serial_node-3] [INFO] [1791264940.853189740] [bw_dr03_decoded_serial_node]: RECEIVED /cmd_vel: linear.x=0.0, angular.z=0.9
[decoded_serial_node-3] [INFO] [1791264940.853950812] [bw_dr03_decoded_serial_node]: SEND MOTOR CMD: cd eb d7 09 74 46 42 53 53 15 15 00 00
[decoded_serial_node-3] [INFO] [1791264940.925458339] [bw_dr03_decoded_serial_node]: RECEIVED /cmd_vel: linear.x=0.0, angular.z=0.9
[decoded_serial_node-3] [INFO] [1791264940.926287088] [bw_dr03_decoded_serial_node]: SEND MOTOR CMD: cd eb d7 09 74 46 42 53 53 15 15 00 00
[decoded_serial_node-3] [INFO] [1791264940.993631872] [bw_dr03_decoded_serial_node]: RECEIVED /cmd_vel: linear.x=0.0, angular.z=0.9
[decoded_serial_node-3] [INFO] [1791264940.994471307] [bw_dr03_decoded_serial_node]: SEND MOTOR CMD: cd eb d7 09 74 46 42 53 53 15 15 00 00
[decoded_serial_node-3] [INFO] [1791264941.067674326] [bw_dr03_decoded_serial_node]: RECEIVED /cmd_vel: linear.x=0.0, angular.z=0.9
[decoded_serial_node-3] [INFO] [1791264941.068479329] [bw_dr03_decoded_serial_node]: SEND MOTOR CMD: cd eb d7 09 74 46 42 53 53 15 15 00 00
[decoded_serial_node-3] [INFO] [1791264941.142875604] [bw_dr03_decoded_serial_node]: RECEIVED /cmd_vel: linear.x=0.0, angular.z=0.9
[decoded_serial_node-3] [INFO] [1791264941.143654486] [bw_dr03_decoded_serial_node]: SEND MOTOR CMD: cd eb d7 09 74 46 42 53 53 15 15 00 00
[decoded_serial_node-3] [INFO] [1791264941.210735684] [bw_dr03_decoded_serial_node]: RECEIVED /cmd_vel: linear.x=0.0, angular.z=0.9
[decoded_serial_node-3] [INFO] [1791264941.211497943] [bw_dr03_decoded_serial_node]: SEND MOTOR CMD: cd eb d7 09 74 46 42 53 53 15 15 00 00
[decoded_serial_node-3] [INFO] [1791264941.280343498] [bw_dr03_decoded_serial_node]: RECEIVED /cmd_vel: linear.x=0.0, angular.z=0.9
[decoded_serial_node-3] [INFO] [1791264941.281192432] [bw_dr03_decoded_serial_node]: SEND MOTOR CMD: cd eb d7 09 74 46 42 53 53 15 15 00 00
[decoded_serial_node-3] [INFO] [1791264941.352447059] [bw_dr03_decoded_serial_node]: RECEIVED /cmd_vel: linear.x=0.0, angular.z=0.0
[decoded_serial_node-3] [INFO] [1791264941.353221192] [bw_dr03_decoded_serial_node]: SEND MOTOR CMD: cd eb d7 09 74 53 53 53 53 1e 1e 00 00
[decoded_serial_node-3] [INFO] [1791264941.392421744] [bw_dr03_decoded_serial_node]: RECEIVED /cmd_vel: linear.x=0.0, angular.z=0.0
[decoded_serial_node-3] [INFO] [1791264941.434255772] [bw_dr03_decoded_serial_node]: RECEIVED /cmd_vel: linear.x=0.0, angular.z=0.0
[decoded_serial_node-3] [INFO] [1791264941.477597697] [bw_dr03_decoded_serial_node]: RECEIVED /cmd_vel: linear.x=0.0, angular.z=0.0
[follow_planner-6] [INFO] [1791264941.489190688] [follow_planner_node]: [IDLE] disabled | d=- goc=- | v=0.000 w=0.000 | thoang=-
[follow_planner-6] [INFO] [1791264942.555282813] [follow_planner_node]: [IDLE] disabled | d=- goc=- | v=0.000 w=0.000 | thoang=-
[follow_planner-6] [INFO] [1791264943.110136376] [follow_planner_node]: Bam nguoi: BAT
[decoded_serial_node-3] [INFO] [1791264943.130752997] [bw_dr03_decoded_serial_node]: RECEIVED /cmd_vel: linear.x=0.0, angular.z=0.0
[decoded_serial_node-3] [INFO] [1791264943.132460363] [bw_dr03_decoded_serial_node]: RECEIVED /cmd_vel: linear.x=0.0, angular.z=0.0
[decoded_serial_node-3] [INFO] [1791264943.133993193] [bw_dr03_decoded_serial_node]: RECEIVED /cmd_vel: linear.x=0.0, angular.z=0.0
[decoded_serial_node-3] [INFO] [1791264943.135611510] [bw_dr03_decoded_serial_node]: RECEIVED /cmd_vel: linear.x=0.0, angular.z=0.0
[decoded_serial_node-3] [INFO] [1791264943.137144340] [bw_dr03_decoded_serial_node]: RECEIVED /cmd_vel: linear.x=0.0, angular.z=0.0
[decoded_serial_node-3] [INFO] [1791264943.138493135] [bw_dr03_decoded_serial_node]: RECEIVED /cmd_vel: linear.x=0.0, angular.z=0.0
[decoded_serial_node-3] [INFO] [1791264943.156353988] [bw_dr03_decoded_serial_node]: RECEIVED /cmd_vel: linear.x=0.0, angular.z=0.0
[decoded_serial_node-3] [INFO] [1791264943.224455091] [bw_dr03_decoded_serial_node]: RECEIVED /cmd_vel: linear.x=0.0, angular.z=0.16
[decoded_serial_node-3] [INFO] [1791264943.225266031] [bw_dr03_decoded_serial_node]: SEND MOTOR CMD: cd eb d7 09 74 46 42 53 53 05 05 00 00
[decoded_serial_node-3] [INFO] [1791264943.291560034] [bw_dr03_decoded_serial_node]: RECEIVED /cmd_vel: linear.x=0.0, angular.z=0.32
[decoded_serial_node-3] [INFO] [1791264943.292373348] [bw_dr03_decoded_serial_node]: SEND MOTOR CMD: cd eb d7 09 74 46 42 53 53 07 07 00 00
[decoded_serial_node-3] [INFO] [1791264943.359429610] [bw_dr03_decoded_serial_node]: RECEIVED /cmd_vel: linear.x=0.0, angular.z=0.48
[decoded_serial_node-3] [INFO] [1791264943.360293979] [bw_dr03_decoded_serial_node]: SEND MOTOR CMD: cd eb d7 09 74 46 42 53 53 0b 0b 00 00
[decoded_serial_node-3] [INFO] [1791264943.423556755] [bw_dr03_decoded_serial_node]: RECEIVED /cmd_vel: linear.x=0.0, angular.z=0.64
[decoded_serial_node-3] [INFO] [1791264943.424353446] [bw_dr03_decoded_serial_node]: SEND MOTOR CMD: cd eb d7 09 74 46 42 53 53 0f 0f 00 00
[decoded_serial_node-3] [INFO] [1791264943.490415922] [bw_dr03_decoded_serial_node]: RECEIVED /cmd_vel: linear.x=0.0, angular.z=0.8
[decoded_serial_node-3] [INFO] [1791264943.491247046] [bw_dr03_decoded_serial_node]: SEND MOTOR CMD: cd eb d7 09 74 46 42 53 53 13 13 00 00
[decoded_serial_node-3] [INFO] [1791264943.557004381] [bw_dr03_decoded_serial_node]: RECEIVED /cmd_vel: linear.x=0.0, angular.z=0.9
[decoded_serial_node-3] [INFO] [1791264943.557824819] [bw_dr03_decoded_serial_node]: SEND MOTOR CMD: cd eb d7 09 74 46 42 53 53 15 15 00 00
[follow_planner-6] [INFO] [1791264943.622758153] [follow_planner_node]: [OCCLUDED] nguoi ra khoi camera — xoay ve huong nho cuoi | d=1.44m goc=73deg | v=0.000 w=0.900 | thoang=-
[decoded_serial_node-3] [INFO] [1791264943.623624897] [bw_dr03_decoded_serial_node]: RECEIVED /cmd_vel: linear.x=0.0, angular.z=0.9
[decoded_serial_node-3] [INFO] [1791264943.624438211] [bw_dr03_decoded_serial_node]: SEND MOTOR CMD: cd eb d7 09 74 46 42 53 53 15 15 00 00
[decoded_serial_node-3] [INFO] [1791264943.691033793] [bw_dr03_decoded_serial_node]: RECEIVED /cmd_vel: linear.x=0.0, angular.z=0.9
[decoded_serial_node-3] [INFO] [1791264943.691778243] [bw_dr03_decoded_serial_node]: SEND MOTOR CMD: cd eb d7 09 74 46 42 53 53 15 15 00 00
[decoded_serial_node-3] [INFO] [1791264943.758078182] [bw_dr03_decoded_serial_node]: RECEIVED /cmd_vel: linear.x=0.0, angular.z=0.9
[decoded_serial_node-3] [INFO] [1791264943.758825006] [bw_dr03_decoded_serial_node]: SEND MOTOR CMD: cd eb d7 09 74 46 42 53 53 15 15 00 00
[decoded_serial_node-3] [INFO] [1791264943.823590929] [bw_dr03_decoded_serial_node]: RECEIVED /cmd_vel: linear.x=0.0, angular.z=0.9
[decoded_serial_node-3] [INFO] [1791264943.824392370] [bw_dr03_decoded_serial_node]: SEND MOTOR CMD: cd eb d7 09 74 46 42 53 53 15 15 00 00
[decoded_serial_node-3] [INFO] [1791264943.890890592] [bw_dr03_decoded_serial_node]: RECEIVED /cmd_vel: linear.x=0.0, angular.z=0.9
[decoded_serial_node-3] [INFO] [1791264943.891648102] [bw_dr03_decoded_serial_node]: SEND MOTOR CMD: cd eb d7 09 74 46 42 53 53 15 15 00 00
[decoded_serial_node-3] [INFO] [1791264943.960203949] [bw_dr03_decoded_serial_node]: RECEIVED /cmd_vel: linear.x=0.0, angular.z=0.9
[decoded_serial_node-3] [INFO] [1791264943.960953148] [bw_dr03_decoded_serial_node]: SEND MOTOR CMD: cd eb d7 09 74 46 42 53 53 15 15 00 00
[decoded_serial_node-3] [INFO] [1791264944.024301410] [bw_dr03_decoded_serial_node]: RECEIVED /cmd_vel: linear.x=0.0, angular.z=0.9
[decoded_serial_node-3] [INFO] [1791264944.025133722] [bw_dr03_decoded_serial_node]: SEND MOTOR CMD: cd eb d7 09 74 46 42 53 53 15 15 00 00
[decoded_serial_node-3] [INFO] [1791264944.090956358] [bw_dr03_decoded_serial_node]: RECEIVED /cmd_vel: linear.x=0.0, angular.z=0.9
[decoded_serial_node-3] [INFO] [1791264944.091741176] [bw_dr03_decoded_serial_node]: SEND MOTOR CMD: cd eb d7 09 74 46 42 53 53 15 15 00 00
[decoded_serial_node-3] [INFO] [1791264944.157925945] [bw_dr03_decoded_serial_node]: RECEIVED /cmd_vel: linear.x=0.0, angular.z=0.9
[decoded_serial_node-3] [INFO] [1791264944.158715513] [bw_dr03_decoded_serial_node]: SEND MOTOR CMD: cd eb d7 09 74 46 42 53 53 15 15 00 00
[decoded_serial_node-3] [INFO] [1791264944.223987233] [bw_dr03_decoded_serial_node]: RECEIVED /cmd_vel: linear.x=0.0, angular.z=0.9
[decoded_serial_node-3] [INFO] [1791264944.224769677] [bw_dr03_decoded_serial_node]: SEND MOTOR CMD: cd eb d7 09 74 46 42 53 53 15 15 00 00
[decoded_serial_node-3] [INFO] [1791264944.291866307] [bw_dr03_decoded_serial_node]: RECEIVED /cmd_vel: linear.x=0.0, angular.z=0.9
[decoded_serial_node-3] [INFO] [1791264944.292645189] [bw_dr03_decoded_serial_node]: SEND MOTOR CMD: cd eb d7 09 74 46 42 53 53 15 15 00 00
[decoded_serial_node-3] [INFO] [1791264944.356867318] [bw_dr03_decoded_serial_node]: RECEIVED /cmd_vel: linear.x=0.0, angular.z=0.9
[decoded_serial_node-3] [INFO] [1791264944.357716252] [bw_dr03_decoded_serial_node]: SEND MOTOR CMD: cd eb d7 09 74 46 42 53 53 15 15 00 00
[decoded_serial_node-3] [INFO] [1791264944.425379234] [bw_dr03_decoded_serial_node]: RECEIVED /cmd_vel: linear.x=0.0, angular.z=0.9
[decoded_serial_node-3] [INFO] [1791264944.426162865] [bw_dr03_decoded_serial_node]: SEND MOTOR CMD: cd eb d7 09 74 46 42 53 53 15 15 00 00
[decoded_serial_node-3] [INFO] [1791264944.490749501] [bw_dr03_decoded_serial_node]: RECEIVED /cmd_vel: linear.x=0.0, angular.z=0.9
[decoded_serial_node-3] [INFO] [1791264944.491537882] [bw_dr03_decoded_serial_node]: SEND MOTOR CMD: cd eb d7 09 74 46 42 53 53 15 15 00 00
[decoded_serial_node-3] [INFO] [1791264944.557540991] [bw_dr03_decoded_serial_node]: RECEIVED /cmd_vel: linear.x=0.0, angular.z=0.9
[decoded_serial_node-3] [INFO] [1791264944.558354305] [bw_dr03_decoded_serial_node]: SEND MOTOR CMD: cd eb d7 09 74 46 42 53 53 15 15 00 00
[follow_planner-6] [INFO] [1791264944.622803212] [follow_planner_node]: [OCCLUDED] nguoi ra khoi camera — xoay ve huong nho cuoi | d=1.21m goc=55deg | v=0.000 w=0.900 | thoang=-
[decoded_serial_node-3] [INFO] [1791264944.623623650] [bw_dr03_decoded_serial_node]: RECEIVED /cmd_vel: linear.x=0.0, angular.z=0.9
[decoded_serial_node-3] [INFO] [1791264944.624434590] [bw_dr03_decoded_serial_node]: SEND MOTOR CMD: cd eb d7 09 74 46 42 53 53 15 15 00 00
[decoded_serial_node-3] [INFO] [1791264944.690533871] [bw_dr03_decoded_serial_node]: RECEIVED /cmd_vel: linear.x=0.0, angular.z=0.9
[decoded_serial_node-3] [INFO] [1791264944.691374494] [bw_dr03_decoded_serial_node]: SEND MOTOR CMD: cd eb d7 09 74 46 42 53 53 15 15 00 00
[decoded_serial_node-3] [INFO] [1791264944.756521545] [bw_dr03_decoded_serial_node]: RECEIVED /cmd_vel: linear.x=0.0, angular.z=0.9
[decoded_serial_node-3] [INFO] [1791264944.757326548] [bw_dr03_decoded_serial_node]: SEND MOTOR CMD: cd eb d7 09 74 46 42 53 53 15 15 00 00
[decoded_serial_node-3] [INFO] [1791264944.823764216] [bw_dr03_decoded_serial_node]: RECEIVED /cmd_vel: linear.x=0.0, angular.z=0.9
[decoded_serial_node-3] [INFO] [1791264944.824544285] [bw_dr03_decoded_serial_node]: SEND MOTOR CMD: cd eb d7 09 74 46 42 53 53 15 15 00 00
[decoded_serial_node-3] [INFO] [1791264944.889812443] [bw_dr03_decoded_serial_node]: RECEIVED /cmd_vel: linear.x=0.0, angular.z=0.9
[decoded_serial_node-3] [INFO] [1791264944.890567579] [bw_dr03_decoded_serial_node]: SEND MOTOR CMD: cd eb d7 09 74 46 42 53 53 15 15 00 00
[decoded_serial_node-3] [INFO] [1791264944.957236774] [bw_dr03_decoded_serial_node]: RECEIVED /cmd_vel: linear.x=0.0, angular.z=0.9
[decoded_serial_node-3] [INFO] [1791264944.958035840] [bw_dr03_decoded_serial_node]: SEND MOTOR CMD: cd eb d7 09 74 46 42 53 53 15 15 00 00
[decoded_serial_node-3] [INFO] [1791264945.023920217] [bw_dr03_decoded_serial_node]: RECEIVED /cmd_vel: linear.x=0.0, angular.z=0.9
[decoded_serial_node-3] [INFO] [1791264945.024740655] [bw_dr03_decoded_serial_node]: SEND MOTOR CMD: cd eb d7 09 74 46 42 53 53 15 15 00 00
[decoded_serial_node-3] [INFO] [1791264945.119828349] [bw_dr03_decoded_serial_node]: RECEIVED /cmd_vel: linear.x=0.035, angular.z=0.74
[decoded_serial_node-3] [INFO] [1791264945.120583484] [bw_dr03_decoded_serial_node]: SEND MOTOR CMD: cd eb d7 09 74 46 42 53 53 16 0d 00 00
[decoded_serial_node-3] [INFO] [1791264945.178597118] [bw_dr03_decoded_serial_node]: RECEIVED /cmd_vel: linear.x=0.04666666666666666, angular.z=0.58
[decoded_serial_node-3] [INFO] [1791264945.179359377] [bw_dr03_decoded_serial_node]: SEND MOTOR CMD: cd eb d7 09 74 46 42 53 53 13 08 00 00
[decoded_serial_node-3] [INFO] [1791264945.248079073] [bw_dr03_decoded_serial_node]: RECEIVED /cmd_vel: linear.x=0.06999999999999999, angular.z=0.41999999999999993
[decoded_serial_node-3] [INFO] [1791264945.248837770] [bw_dr03_decoded_serial_node]: SEND MOTOR CMD: cd eb d7 09 74 46 42 53 53 12 05 00 00
[decoded_serial_node-3] [INFO] [1791264945.307756141] [bw_dr03_decoded_serial_node]: RECEIVED /cmd_vel: linear.x=0.09333333333333332, angular.z=0.3325
[decoded_serial_node-3] [INFO] [1791264945.308519588] [bw_dr03_decoded_serial_node]: SEND MOTOR CMD: cd eb d7 09 74 46 46 53 53 13 05 00 00
[decoded_serial_node-3] [INFO] [1791264945.377809197] [bw_dr03_decoded_serial_node]: RECEIVED /cmd_vel: linear.x=0.11666666666666665, angular.z=0.18296875000000012
[decoded_serial_node-3] [INFO] [1791264945.378653381] [bw_dr03_decoded_serial_node]: SEND MOTOR CMD: cd eb d7 09 74 46 46 53 53 12 09 00 00
[decoded_serial_node-3] [INFO] [1791264945.446481400] [bw_dr03_decoded_serial_node]: RECEIVED /cmd_vel: linear.x=0.13999999999999999, angular.z=0.125
[decoded_serial_node-3] [INFO] [1791264945.447336270] [bw_dr03_decoded_serial_node]: SEND MOTOR CMD: cd eb d7 09 74 46 46 53 53 14 0e 00 00
[decoded_serial_node-3] [INFO] [1791264945.510913684] [bw_dr03_decoded_serial_node]: RECEIVED /cmd_vel: linear.x=0.16333333333333333, angular.z=0.0
[decoded_serial_node-3] [INFO] [1791264945.511709189] [bw_dr03_decoded_serial_node]: SEND MOTOR CMD: cd eb d7 09 74 46 46 53 53 14 14 00 00
[decoded_serial_node-3] [INFO] [1791264945.579515836] [bw_dr03_decoded_serial_node]: RECEIVED /cmd_vel: linear.x=0.18666666666666665, angular.z=0.0
[decoded_serial_node-3] [INFO] [1791264945.580293530] [bw_dr03_decoded_serial_node]: SEND MOTOR CMD: cd eb d7 09 74 46 46 53 53 16 16 00 00
[follow_planner-6] [INFO] [1791264945.651314252] [follow_planner_node]: [FOLLOW] bam nguoi | d=1.49m goc=-2deg | v=0.210 w=0.000 | thoang=0.25m
[decoded_serial_node-3] [INFO] [1791264945.651918597] [bw_dr03_decoded_serial_node]: RECEIVED /cmd_vel: linear.x=0.20999999999999996, angular.z=0.0
[decoded_serial_node-3] [INFO] [1791264945.652906448] [bw_dr03_decoded_serial_node]: SEND MOTOR CMD: cd eb d7 09 74 46 46 53 53 19 19 00 00
[decoded_serial_node-3] [INFO] [1791264945.716646524] [bw_dr03_decoded_serial_node]: RECEIVED /cmd_vel: linear.x=0.22, angular.z=-0.125
[decoded_serial_node-3] [INFO] [1791264945.717433717] [bw_dr03_decoded_serial_node]: SEND MOTOR CMD: cd eb d7 09 74 46 46 53 53 17 1d 00 00
[decoded_serial_node-3] [INFO] [1791264945.783400018] [bw_dr03_decoded_serial_node]: RECEIVED /cmd_vel: linear.x=0.22, angular.z=-0.125
[decoded_serial_node-3] [INFO] [1791264945.784200272] [bw_dr03_decoded_serial_node]: SEND MOTOR CMD: cd eb d7 09 74 46 46 53 53 17 1d 00 00
[decoded_serial_node-3] [INFO] [1791264945.849817501] [bw_dr03_decoded_serial_node]: RECEIVED /cmd_vel: linear.x=0.22, angular.z=-0.125
[decoded_serial_node-3] [INFO] [1791264945.850578573] [bw_dr03_decoded_serial_node]: SEND MOTOR CMD: cd eb d7 09 74 46 46 53 53 17 1d 00 00
[decoded_serial_node-3] [INFO] [1791264945.917326131] [bw_dr03_decoded_serial_node]: RECEIVED /cmd_vel: linear.x=0.22, angular.z=-0.125
[decoded_serial_node-3] [INFO] [1791264945.918105013] [bw_dr03_decoded_serial_node]: SEND MOTOR CMD: cd eb d7 09 74 46 46 53 53 17 1d 00 00
[decoded_serial_node-3] [INFO] [1791264945.984041631] [bw_dr03_decoded_serial_node]: RECEIVED /cmd_vel: linear.x=0.22, angular.z=-0.25
[decoded_serial_node-3] [INFO] [1791264945.984776582] [bw_dr03_decoded_serial_node]: SEND MOTOR CMD: cd eb d7 09 74 46 46 53 53 14 21 00 00
[decoded_serial_node-3] [INFO] [1791264946.049720600] [bw_dr03_decoded_serial_node]: RECEIVED /cmd_vel: linear.x=0.22, angular.z=-0.26875000000000004
[decoded_serial_node-3] [INFO] [1791264946.050498295] [bw_dr03_decoded_serial_node]: SEND MOTOR CMD: cd eb d7 09 74 46 46 53 53 14 21 00 00
[decoded_serial_node-3] [INFO] [1791264946.120696203] [bw_dr03_decoded_serial_node]: RECEIVED /cmd_vel: linear.x=0.22, angular.z=-0.2757812500000001
[decoded_serial_node-3] [INFO] [1791264946.121481021] [bw_dr03_decoded_serial_node]: SEND MOTOR CMD: cd eb d7 09 74 46 46 53 53 14 21 00 00
[decoded_serial_node-3] [INFO] [1791264946.185957235] [bw_dr03_decoded_serial_node]: RECEIVED /cmd_vel: linear.x=0.22, angular.z=-0.27841796875
[decoded_serial_node-3] [INFO] [1791264946.186788359] [bw_dr03_decoded_serial_node]: SEND MOTOR CMD: cd eb d7 09 74 46 46 53 53 14 21 00 00
[decoded_serial_node-3] [INFO] [1791264946.250375271] [bw_dr03_decoded_serial_node]: RECEIVED /cmd_vel: linear.x=0.22, angular.z=-0.15930786132812513
[decoded_serial_node-3] [INFO] [1791264946.251187398] [bw_dr03_decoded_serial_node]: SEND MOTOR CMD: cd eb d7 09 74 46 46 53 53 17 1e 00 00
[decoded_serial_node-3] [INFO] [1791264946.315432084] [bw_dr03_decoded_serial_node]: RECEIVED /cmd_vel: linear.x=0.22, angular.z=-0.125
[decoded_serial_node-3] [INFO] [1791264946.316202655] [bw_dr03_decoded_serial_node]: SEND MOTOR CMD: cd eb d7 09 74 46 46 53 53 17 1d 00 00
[decoded_serial_node-3] [INFO] [1791264946.382002731] [bw_dr03_decoded_serial_node]: RECEIVED /cmd_vel: linear.x=0.22, angular.z=-0.125
[decoded_serial_node-3] [INFO] [1791264946.382825543] [bw_dr03_decoded_serial_node]: SEND MOTOR CMD: cd eb d7 09 74 46 46 53 53 17 1d 00 00
[decoded_serial_node-3] [INFO] [1791264946.447960720] [bw_dr03_decoded_serial_node]: RECEIVED /cmd_vel: linear.x=0.22, angular.z=-0.125
[decoded_serial_node-3] [INFO] [1791264946.448713481] [bw_dr03_decoded_serial_node]: SEND MOTOR CMD: cd eb d7 09 74 46 46 53 53 17 1d 00 00
[decoded_serial_node-3] [INFO] [1791264946.515106029] [bw_dr03_decoded_serial_node]: RECEIVED /cmd_vel: linear.x=0.22, angular.z=-0.125
[decoded_serial_node-3] [INFO] [1791264946.515907470] [bw_dr03_decoded_serial_node]: SEND MOTOR CMD: cd eb d7 09 74 46 46 53 53 17 1d 00 00
[decoded_serial_node-3] [INFO] [1791264946.583100272] [bw_dr03_decoded_serial_node]: RECEIVED /cmd_vel: linear.x=0.22, angular.z=-0.125
[decoded_serial_node-3] [INFO] [1791264946.584242473] [bw_dr03_decoded_serial_node]: SEND MOTOR CMD: cd eb d7 09 74 46 46 53 53 17 1d 00 00
[decoded_serial_node-3] [INFO] [1791264946.647149051] [bw_dr03_decoded_serial_node]: RECEIVED /cmd_vel: linear.x=0.19666666666666666, angular.z=0.0
[decoded_serial_node-3] [INFO] [1791264946.648025293] [bw_dr03_decoded_serial_node]: SEND MOTOR CMD: cd eb d7 09 74 46 46 53 53 18 18 00 00
[follow_planner-6] [INFO] [1791264946.720563408] [follow_planner_node]: [FOLLOW] bam nguoi | d=1.22m goc=1deg | v=0.173 w=0.000 | thoang=0.72m
[decoded_serial_node-3] [INFO] [1791264946.721656930] [bw_dr03_decoded_serial_node]: RECEIVED /cmd_vel: linear.x=0.17333333333333334, angular.z=0.0
[decoded_serial_node-3] [INFO] [1791264946.722434624] [bw_dr03_decoded_serial_node]: SEND MOTOR CMD: cd eb d7 09 74 46 46 53 53 15 15 00 00
[decoded_serial_node-3] [INFO] [1791264946.776638148] [bw_dr03_decoded_serial_node]: RECEIVED /cmd_vel: linear.x=0.18333333333333335, angular.z=0.0
[decoded_serial_node-3] [INFO] [1791264946.777806470] [bw_dr03_decoded_serial_node]: SEND MOTOR CMD: cd eb d7 09 74 46 46 53 53 16 16 00 00
[decoded_serial_node-3] [INFO] [1791264946.845405335] [bw_dr03_decoded_serial_node]: RECEIVED /cmd_vel: linear.x=0.16000000000000003, angular.z=0.125
[decoded_serial_node-3] [INFO] [1791264946.846478672] [bw_dr03_decoded_serial_node]: SEND MOTOR CMD: cd eb d7 09 74 46 46 53 53 16 10 00 00
[decoded_serial_node-3] [INFO] [1791264946.911466621] [bw_dr03_decoded_serial_node]: RECEIVED /cmd_vel: linear.x=0.13666666666666671, angular.z=0.28500000000000003
[decoded_serial_node-3] [INFO] [1791264946.912631382] [bw_dr03_decoded_serial_node]: SEND MOTOR CMD: cd eb d7 09 74 46 46 53 53 17 09 00 00
[decoded_serial_node-3] [INFO] [1791264946.978330536] [bw_dr03_decoded_serial_node]: RECEIVED /cmd_vel: linear.x=0.11333333333333338, angular.z=0.44500000000000006
[decoded_serial_node-3] [INFO] [1791264946.979412184] [bw_dr03_decoded_serial_node]: SEND MOTOR CMD: cd eb d7 09 74 46 46 53 53 18 05 00 00
[decoded_serial_node-3] [INFO] [1791264947.050168132] [bw_dr03_decoded_serial_node]: RECEIVED /cmd_vel: linear.x=0.09000000000000005, angular.z=0.34187499999999993
[decoded_serial_node-3] [INFO] [1791264947.050914956] [bw_dr03_decoded_serial_node]: SEND MOTOR CMD: cd eb d7 09 74 46 46 53 53 13 05 00 00
[decoded_serial_node-3] [INFO] [1791264947.114399757] [bw_dr03_decoded_serial_node]: RECEIVED /cmd_vel: linear.x=0.07333333333333333, angular.z=0.501875
[decoded_serial_node-3] [INFO] [1791264947.115156080] [bw_dr03_decoded_serial_node]: SEND MOTOR CMD: cd eb d7 09 74 46 42 53 53 15 05 00 00
[decoded_serial_node-3] [INFO] [1791264947.177841815] [bw_dr03_decoded_serial_node]: RECEIVED /cmd_vel: linear.x=0.07333333333333333, angular.z=0.4693359375
[decoded_serial_node-3] [INFO] [1791264947.178631383] [bw_dr03_decoded_serial_node]: SEND MOTOR CMD: cd eb d7 09 74 46 42 53 53 14 05 00 00
[decoded_serial_node-3] [INFO] [1791264947.223932382] [bw_dr03_decoded_serial_node]: RECEIVED /cmd_vel: linear.x=0.05, angular.z=0.6293359375
[decoded_serial_node-3] [INFO] [1791264947.224707702] [bw_dr03_decoded_serial_node]: SEND MOTOR CMD: cd eb d7 09 74 46 42 53 53 15 09 00 00
[decoded_serial_node-3] [INFO] [1791264947.290438912] [bw_dr03_decoded_serial_node]: RECEIVED /cmd_vel: linear.x=0.035, angular.z=0.7893359375000001
[decoded_serial_node-3] [INFO] [1791264947.291220169] [bw_dr03_decoded_serial_node]: SEND MOTOR CMD: cd eb d7 09 74 46 42 53 53 17 0e 00 00
[decoded_serial_node-3] [INFO] [1791264947.356417085] [bw_dr03_decoded_serial_node]: RECEIVED /cmd_vel: linear.x=0.035, angular.z=0.9
[decoded_serial_node-3] [INFO] [1791264947.357152036] [bw_dr03_decoded_serial_node]: SEND MOTOR CMD: cd eb d7 09 74 46 42 53 53 1a 11 00 00
[rssi_bearing-5] [INFO] [1791264947.378507170] [rssi_bearing_node]: chua co huong hop le: chua du du lieu
[decoded_serial_node-3] [INFO] [1791264947.423222820] [bw_dr03_decoded_serial_node]: RECEIVED /cmd_vel: linear.x=0.0, angular.z=0.9
[decoded_serial_node-3] [INFO] [1791264947.423987454] [bw_dr03_decoded_serial_node]: SEND MOTOR CMD: cd eb d7 09 74 46 42 53 53 15 15 00 00
[decoded_serial_node-3] [INFO] [1791264947.490592531] [bw_dr03_decoded_serial_node]: RECEIVED /cmd_vel: linear.x=0.0, angular.z=0.9
[decoded_serial_node-3] [INFO] [1791264947.491363102] [bw_dr03_decoded_serial_node]: SEND MOTOR CMD: cd eb d7 09 74 46 42 53 53 15 15 00 00
[decoded_serial_node-3] [INFO] [1791264947.556929275] [bw_dr03_decoded_serial_node]: RECEIVED /cmd_vel: linear.x=0.0, angular.z=0.9
[decoded_serial_node-3] [INFO] [1791264947.557709344] [bw_dr03_decoded_serial_node]: SEND MOTOR CMD: cd eb d7 09 74 46 42 53 53 15 15 00 00
[decoded_serial_node-3] [INFO] [1791264947.624402283] [bw_dr03_decoded_serial_node]: RECEIVED /cmd_vel: linear.x=0.0, angular.z=0.9
[decoded_serial_node-3] [INFO] [1791264947.625179978] [bw_dr03_decoded_serial_node]: SEND MOTOR CMD: cd eb d7 09 74 46 42 53 53 15 15 00 00
[decoded_serial_node-3] [INFO] [1791264947.690582301] [bw_dr03_decoded_serial_node]: RECEIVED /cmd_vel: linear.x=0.0, angular.z=0.9
[decoded_serial_node-3] [INFO] [1791264947.691592710] [bw_dr03_decoded_serial_node]: SEND MOTOR CMD: cd eb d7 09 74 46 42 53 53 15 15 00 00
[follow_planner-6] [INFO] [1791264947.755896762] [follow_planner_node]: [FOLLOW] canh huong tai cho | d=0.99m goc=40deg | v=0.000 w=0.900 | thoang=-
[decoded_serial_node-3] [INFO] [1791264947.757697926] [bw_dr03_decoded_serial_node]: RECEIVED /cmd_vel: linear.x=0.0, angular.z=0.9
[decoded_serial_node-3] [INFO] [1791264947.758463747] [bw_dr03_decoded_serial_node]: SEND MOTOR CMD: cd eb d7 09 74 46 42 53 53 15 15 00 00
[decoded_serial_node-3] [INFO] [1791264947.823754462] [bw_dr03_decoded_serial_node]: RECEIVED /cmd_vel: linear.x=0.0, angular.z=0.9
[decoded_serial_node-3] [INFO] [1791264947.824833736] [bw_dr03_decoded_serial_node]: SEND MOTOR CMD: cd eb d7 09 74 46 42 53 53 15 15 00 00
[decoded_serial_node-3] [INFO] [1791264947.890287113] [bw_dr03_decoded_serial_node]: RECEIVED /cmd_vel: linear.x=0.0, angular.z=0.9
[decoded_serial_node-3] [INFO] [1791264947.891099240] [bw_dr03_decoded_serial_node]: SEND MOTOR CMD: cd eb d7 09 74 46 42 53 53 15 15 00 00
[decoded_serial_node-3] [INFO] [1791264947.960780663] [bw_dr03_decoded_serial_node]: RECEIVED /cmd_vel: linear.x=0.0, angular.z=0.9
[decoded_serial_node-3] [INFO] [1791264947.961522738] [bw_dr03_decoded_serial_node]: SEND MOTOR CMD: cd eb d7 09 74 46 42 53 53 15 15 00 00
[decoded_serial_node-3] [INFO] [1791264948.023813096] [bw_dr03_decoded_serial_node]: RECEIVED /cmd_vel: linear.x=0.0, angular.z=0.9
[decoded_serial_node-3] [INFO] [1791264948.024903055] [bw_dr03_decoded_serial_node]: SEND MOTOR CMD: cd eb d7 09 74 46 42 53 53 15 15 00 00
[decoded_serial_node-3] [INFO] [1791264948.090610518] [bw_dr03_decoded_serial_node]: RECEIVED /cmd_vel: linear.x=0.0, angular.z=0.9
[decoded_serial_node-3] [INFO] [1791264948.091685043] [bw_dr03_decoded_serial_node]: SEND MOTOR CMD: cd eb d7 09 74 46 42 53 53 15 15 00 00
[decoded_serial_node-3] [INFO] [1791264948.159439445] [bw_dr03_decoded_serial_node]: RECEIVED /cmd_vel: linear.x=0.0, angular.z=0.9
[decoded_serial_node-3] [INFO] [1791264948.160230200] [bw_dr03_decoded_serial_node]: SEND MOTOR CMD: cd eb d7 09 74 46 42 53 53 15 15 00 00
[decoded_serial_node-3] [INFO] [1791264948.244814860] [bw_dr03_decoded_serial_node]: RECEIVED /cmd_vel: linear.x=0.035, angular.z=1.0
[decoded_serial_node-3] [INFO] [1791264948.245575932] [bw_dr03_decoded_serial_node]: SEND MOTOR CMD: cd eb d7 09 74 46 42 53 53 1c 14 00 00
[decoded_serial_node-3] [INFO] [1791264948.312655937] [bw_dr03_decoded_serial_node]: RECEIVED /cmd_vel: linear.x=0.04666666666666666, angular.z=0.8500000000000001
[decoded_serial_node-3] [INFO] [1791264948.313430070] [bw_dr03_decoded_serial_node]: SEND MOTOR CMD: cd eb d7 09 74 46 42 53 53 1a 0f 00 00
[decoded_serial_node-3] [INFO] [1791264948.380322478] [bw_dr03_decoded_serial_node]: RECEIVED /cmd_vel: linear.x=0.06999999999999999, angular.z=1.0
[decoded_serial_node-3] [INFO] [1791264948.381079988] [bw_dr03_decoded_serial_node]: SEND MOTOR CMD: cd eb d7 09 74 46 42 53 53 20 0f 00 00
[decoded_serial_node-3] [INFO] [1791264948.447648258] [bw_dr03_decoded_serial_node]: RECEIVED /cmd_vel: linear.x=0.09333333333333332, angular.z=0.925
[decoded_serial_node-3] [INFO] [1791264948.448416454] [bw_dr03_decoded_serial_node]: SEND MOTOR CMD: cd eb d7 09 74 46 42 53 53 21 0b 00 00
[decoded_serial_node-3] [INFO] [1791264948.514414811] [bw_dr03_decoded_serial_node]: RECEIVED /cmd_vel: linear.x=0.11666666666666665, angular.z=0.840625
[decoded_serial_node-3] [INFO] [1791264948.515191318] [bw_dr03_decoded_serial_node]: SEND MOTOR CMD: cd eb d7 09 74 46 42 53 53 22 06 00 00
[decoded_serial_node-3] [INFO] [1791264948.581530435] [bw_dr03_decoded_serial_node]: RECEIVED /cmd_vel: linear.x=0.13999999999999999, angular.z=0.7451171875
[decoded_serial_node-3] [INFO] [1791264948.582659576] [bw_dr03_decoded_serial_node]: SEND MOTOR CMD: cd eb d7 09 74 46 53 53 53 23 1e 00 00
[decoded_serial_node-3] [INFO] [1791264948.649736019] [bw_dr03_decoded_serial_node]: RECEIVED /cmd_vel: linear.x=0.16333333333333333, angular.z=0.9051171875
[decoded_serial_node-3] [INFO] [1791264948.650811731] [bw_dr03_decoded_serial_node]: SEND MOTOR CMD: cd eb d7 09 74 46 42 53 53 2a 05 00 00
[decoded_serial_node-3] [INFO] [1791264948.715081350] [bw_dr03_decoded_serial_node]: RECEIVED /cmd_vel: linear.x=0.18666666666666665, angular.z=0.7451171875
[decoded_serial_node-3] [INFO] [1791264948.716275793] [bw_dr03_decoded_serial_node]: SEND MOTOR CMD: cd eb d7 09 74 46 46 53 53 29 05 00 00
[follow_planner-6] [INFO] [1791264948.786410772] [follow_planner_node]: [FOLLOW] bam nguoi | d=1.32m goc=27deg | v=0.210 w=0.636 | thoang=0.53m
[decoded_serial_node-3] [INFO] [1791264948.787078046] [bw_dr03_decoded_serial_node]: RECEIVED /cmd_vel: linear.x=0.20999999999999996, angular.z=0.636279296875
[decoded_serial_node-3] [INFO] [1791264948.787837930] [bw_dr03_decoded_serial_node]: SEND MOTOR CMD: cd eb d7 09 74 46 46 53 53 29 0a 00 00
[decoded_serial_node-3] [INFO] [1791264948.851499642] [bw_dr03_decoded_serial_node]: RECEIVED /cmd_vel: linear.x=0.22, angular.z=0.60906982421875
[decoded_serial_node-3] [INFO] [1791264948.852545670] [bw_dr03_decoded_serial_node]: SEND MOTOR CMD: cd eb d7 09 74 46 46 53 53 29 0c 00 00
[decoded_serial_node-3] [INFO] [1791264948.918159335] [bw_dr03_decoded_serial_node]: RECEIVED /cmd_vel: linear.x=0.22, angular.z=0.5028343200683594
[decoded_serial_node-3] [INFO] [1791264948.918909721] [bw_dr03_decoded_serial_node]: SEND MOTOR CMD: cd eb d7 09 74 46 46 53 53 27 0e 00 00
[decoded_serial_node-3] [INFO] [1791264948.985615721] [bw_dr03_decoded_serial_node]: RECEIVED /cmd_vel: linear.x=0.22, angular.z=0.4696357250213623
[decoded_serial_node-3] [INFO] [1791264948.986393415] [bw_dr03_decoded_serial_node]: SEND MOTOR CMD: cd eb d7 09 74 46 46 53 53 26 0f 00 00
[decoded_serial_node-3] [INFO] [1791264949.052098503] [bw_dr03_decoded_serial_node]: RECEIVED /cmd_vel: linear.x=0.22, angular.z=0.3511133968830109
[decoded_serial_node-3] [INFO] [1791264949.052856013] [bw_dr03_decoded_serial_node]: SEND MOTOR CMD: cd eb d7 09 74 46 46 53 53 23 12 00 00
[decoded_serial_node-3] [INFO] [1791264949.116616271] [bw_dr03_decoded_serial_node]: RECEIVED /cmd_vel: linear.x=0.22, angular.z=0.30666752383112916
[decoded_serial_node-3] [INFO] [1791264949.117388029] [bw_dr03_decoded_serial_node]: SEND MOTOR CMD: cd eb d7 09 74 46 46 53 53 22 13 00 00
[decoded_serial_node-3] [INFO] [1791264949.183995480] [bw_dr03_decoded_serial_node]: RECEIVED /cmd_vel: linear.x=0.22, angular.z=0.29000032143667354
[decoded_serial_node-3] [INFO] [1791264949.184750615] [bw_dr03_decoded_serial_node]: SEND MOTOR CMD: cd eb d7 09 74 46 46 53 53 22 13 00 00
[decoded_serial_node-3] [INFO] [1791264949.254703933] [bw_dr03_decoded_serial_node]: RECEIVED /cmd_vel: linear.x=0.22, angular.z=0.2837501205387527
[decoded_serial_node-3] [INFO] [1791264949.255488751] [bw_dr03_decoded_serial_node]: SEND MOTOR CMD: cd eb d7 09 74 46 46 53 53 21 14 00 00
[decoded_serial_node-3] [INFO] [1791264949.318476064] [bw_dr03_decoded_serial_node]: RECEIVED /cmd_vel: linear.x=0.22, angular.z=0.16164067773570423
[decoded_serial_node-3] [INFO] [1791264949.319238324] [bw_dr03_decoded_serial_node]: SEND MOTOR CMD: cd eb d7 09 74 46 46 53 53 1e 16 00 00
[decoded_serial_node-3] [INFO] [1791264949.385342351] [bw_dr03_decoded_serial_node]: RECEIVED /cmd_vel: linear.x=0.22, angular.z=0.125
[decoded_serial_node-3] [INFO] [1791264949.386431123] [bw_dr03_decoded_serial_node]: SEND MOTOR CMD: cd eb d7 09 74 46 46 53 53 1d 17 00 00
[decoded_serial_node-3] [INFO] [1791264949.451009444] [bw_dr03_decoded_serial_node]: RECEIVED /cmd_vel: linear.x=0.22, angular.z=0.125
[decoded_serial_node-3] [INFO] [1791264949.452127900] [bw_dr03_decoded_serial_node]: SEND MOTOR CMD: cd eb d7 09 74 46 46 53 53 1d 17 00 00
[decoded_serial_node-3] [INFO] [1791264949.523131995] [bw_dr03_decoded_serial_node]: RECEIVED /cmd_vel: linear.x=0.22, angular.z=0.0
[decoded_serial_node-3] [INFO] [1791264949.523878820] [bw_dr03_decoded_serial_node]: SEND MOTOR CMD: cd eb d7 09 74 46 46 53 53 1a 1a 00 00
[decoded_serial_node-3] [INFO] [1791264949.587577337] [bw_dr03_decoded_serial_node]: RECEIVED /cmd_vel: linear.x=0.22, angular.z=0.125
[decoded_serial_node-3] [INFO] [1791264949.588359781] [bw_dr03_decoded_serial_node]: SEND MOTOR CMD: cd eb d7 09 74 46 46 53 53 1d 17 00 00
[decoded_serial_node-3] [INFO] [1791264949.652770690] [bw_dr03_decoded_serial_node]: RECEIVED /cmd_vel: linear.x=0.22, angular.z=0.125
[decoded_serial_node-3] [INFO] [1791264949.653765664] [bw_dr03_decoded_serial_node]: SEND MOTOR CMD: cd eb d7 09 74 46 46 53 53 1d 17 00 00
[decoded_serial_node-3] [INFO] [1791264949.719811513] [bw_dr03_decoded_serial_node]: RECEIVED /cmd_vel: linear.x=0.22, angular.z=0.125
[decoded_serial_node-3] [INFO] [1791264949.720648573] [bw_dr03_decoded_serial_node]: SEND MOTOR CMD: cd eb d7 09 74 46 46 53 53 1d 17 00 00
[follow_planner-6] [INFO] [1791264949.787004312] [follow_planner_node]: [FOLLOW] bam nguoi | d=1.42m goc=6deg | v=0.220 w=0.125 | thoang=0.53m
[decoded_serial_node-3] [INFO] [1791264949.787479240] [bw_dr03_decoded_serial_node]: RECEIVED /cmd_vel: linear.x=0.22, angular.z=0.125
[decoded_serial_node-3] [INFO] [1791264949.788280681] [bw_dr03_decoded_serial_node]: SEND MOTOR CMD: cd eb d7 09 74 46 46 53 53 1d 17 00 00
[decoded_serial_node-3] [INFO] [1791264949.856438771] [bw_dr03_decoded_serial_node]: RECEIVED /cmd_vel: linear.x=0.22, angular.z=0.125
[decoded_serial_node-3] [INFO] [1791264949.857209342] [bw_dr03_decoded_serial_node]: SEND MOTOR CMD: cd eb d7 09 74 46 46 53 53 1d 17 00 00
[decoded_serial_node-3] [INFO] [1791264949.924218107] [bw_dr03_decoded_serial_node]: RECEIVED /cmd_vel: linear.x=0.22, angular.z=0.125
[decoded_serial_node-3] [INFO] [1791264949.925021922] [bw_dr03_decoded_serial_node]: SEND MOTOR CMD: cd eb d7 09 74 46 46 53 53 1d 17 00 00
[decoded_serial_node-3] [INFO] [1791264949.988165961] [bw_dr03_decoded_serial_node]: RECEIVED /cmd_vel: linear.x=0.22, angular.z=0.125
[decoded_serial_node-3] [INFO] [1791264949.988899725] [bw_dr03_decoded_serial_node]: SEND MOTOR CMD: cd eb d7 09 74 46 46 53 53 1d 17 00 00
[decoded_serial_node-3] [INFO] [1791264950.059135624] [bw_dr03_decoded_serial_node]: RECEIVED /cmd_vel: linear.x=0.22, angular.z=0.125
[decoded_serial_node-3] [INFO] [1791264950.059880074] [bw_dr03_decoded_serial_node]: SEND MOTOR CMD: cd eb d7 09 74 46 46 53 53 1d 17 00 00
[decoded_serial_node-3] [INFO] [1791264950.121516216] [bw_dr03_decoded_serial_node]: RECEIVED /cmd_vel: linear.x=0.22, angular.z=0.125
[decoded_serial_node-3] [INFO] [1791264950.122304596] [bw_dr03_decoded_serial_node]: SEND MOTOR CMD: cd eb d7 09 74 46 46 53 53 1d 17 00 00
[decoded_serial_node-3] [INFO] [1791264950.188570098] [bw_dr03_decoded_serial_node]: RECEIVED /cmd_vel: linear.x=0.22, angular.z=0.125
[decoded_serial_node-3] [INFO] [1791264950.189533014] [bw_dr03_decoded_serial_node]: SEND MOTOR CMD: cd eb d7 09 74 46 46 53 53 1d 17 00 00
[decoded_serial_node-3] [INFO] [1791264950.255122931] [bw_dr03_decoded_serial_node]: RECEIVED /cmd_vel: linear.x=0.22, angular.z=0.125
[decoded_serial_node-3] [INFO] [1791264950.255866194] [bw_dr03_decoded_serial_node]: SEND MOTOR CMD: cd eb d7 09 74 46 46 53 53 1d 17 00 00
[decoded_serial_node-3] [INFO] [1791264950.320253356] [bw_dr03_decoded_serial_node]: RECEIVED /cmd_vel: linear.x=0.22, angular.z=0.0
[decoded_serial_node-3] [INFO] [1791264950.322452272] [bw_dr03_decoded_serial_node]: SEND MOTOR CMD: cd eb d7 09 74 46 46 53 53 1a 1a 00 00
[decoded_serial_node-3] [INFO] [1791264950.387070961] [bw_dr03_decoded_serial_node]: RECEIVED /cmd_vel: linear.x=0.22, angular.z=0.0
[decoded_serial_node-3] [INFO] [1791264950.387820160] [bw_dr03_decoded_serial_node]: SEND MOTOR CMD: cd eb d7 09 74 46 46 53 53 1a 1a 00 00
[follow_planner-6] [INFO] [1791264950.388949301] [follow_planner_node]: self-filter: bo 13/192 tia dap vao than xe
[decoded_serial_node-3] [INFO] [1791264950.454083288] [bw_dr03_decoded_serial_node]: RECEIVED /cmd_vel: linear.x=0.22, angular.z=0.0
[decoded_serial_node-3] [INFO] [1791264950.454836048] [bw_dr03_decoded_serial_node]: SEND MOTOR CMD: cd eb d7 09 74 46 46 53 53 1a 1a 00 00
[decoded_serial_node-3] [INFO] [1791264950.521476743] [bw_dr03_decoded_serial_node]: RECEIVED /cmd_vel: linear.x=0.22, angular.z=0.0
[decoded_serial_node-3] [INFO] [1791264950.522227129] [bw_dr03_decoded_serial_node]: SEND MOTOR CMD: cd eb d7 09 74 46 46 53 53 1a 1a 00 00
[decoded_serial_node-3] [INFO] [1791264950.586945554] [bw_dr03_decoded_serial_node]: RECEIVED /cmd_vel: linear.x=0.22, angular.z=0.125
[decoded_serial_node-3] [INFO] [1791264950.587699502] [bw_dr03_decoded_serial_node]: SEND MOTOR CMD: cd eb d7 09 74 46 46 53 53 1d 17 00 00
[decoded_serial_node-3] [INFO] [1791264950.655182006] [bw_dr03_decoded_serial_node]: RECEIVED /cmd_vel: linear.x=0.22, angular.z=0.125
[decoded_serial_node-3] [INFO] [1791264950.655915770] [bw_dr03_decoded_serial_node]: SEND MOTOR CMD: cd eb d7 09 74 46 46 53 53 1d 17 00 00
[decoded_serial_node-3] [INFO] [1791264950.724382563] [bw_dr03_decoded_serial_node]: RECEIVED /cmd_vel: linear.x=0.22, angular.z=0.125
[decoded_serial_node-3] [INFO] [1791264950.725136511] [bw_dr03_decoded_serial_node]: SEND MOTOR CMD: cd eb d7 09 74 46 46 53 53 1d 17 00 00
[follow_planner-6] [INFO] [1791264950.786529253] [follow_planner_node]: [FOLLOW] bam nguoi | d=1.75m goc=5deg | v=0.220 w=0.125 | thoang=0.29m
[decoded_serial_node-3] [INFO] [1791264950.788354163] [bw_dr03_decoded_serial_node]: RECEIVED /cmd_vel: linear.x=0.22, angular.z=0.125
[decoded_serial_node-3] [INFO] [1791264950.789344388] [bw_dr03_decoded_serial_node]: SEND MOTOR CMD: cd eb d7 09 74 46 46 53 53 1d 17 00 00
[decoded_serial_node-3] [INFO] [1791264950.853806351] [bw_dr03_decoded_serial_node]: RECEIVED /cmd_vel: linear.x=0.22, angular.z=0.125
[decoded_serial_node-3] [INFO] [1791264950.854556737] [bw_dr03_decoded_serial_node]: SEND MOTOR CMD: cd eb d7 09 74 46 46 53 53 1d 17 00 00
[decoded_serial_node-3] [INFO] [1791264950.943573660] [bw_dr03_decoded_serial_node]: RECEIVED /cmd_vel: linear.x=0.19666666666666666, angular.z=0.0
[decoded_serial_node-3] [INFO] [1791264950.944326420] [bw_dr03_decoded_serial_node]: SEND MOTOR CMD: cd eb d7 09 74 46 46 53 53 18 18 00 00
[decoded_serial_node-3] [INFO] [1791264951.008141294] [bw_dr03_decoded_serial_node]: RECEIVED /cmd_vel: linear.x=0.17333333333333334, angular.z=0.0
[decoded_serial_node-3] [INFO] [1791264951.008863185] [bw_dr03_decoded_serial_node]: SEND MOTOR CMD: cd eb d7 09 74 46 46 53 53 15 15 00 00
[decoded_serial_node-3] [INFO] [1791264951.047331157] [bw_dr03_decoded_serial_node]: RECEIVED /cmd_vel: linear.x=0.19666666666666666, angular.z=0.125
[decoded_serial_node-3] [INFO] [1791264951.048366499] [bw_dr03_decoded_serial_node]: SEND MOTOR CMD: cd eb d7 09 74 46 46 53 53 1b 15 00 00
[decoded_serial_node-3] [INFO] [1791264951.117530248] [bw_dr03_decoded_serial_node]: RECEIVED /cmd_vel: linear.x=0.21999999999999997, angular.z=0.125
[decoded_serial_node-3] [INFO] [1791264951.118284196] [bw_dr03_decoded_serial_node]: SEND MOTOR CMD: cd eb d7 09 74 46 46 53 53 1d 17 00 00
[decoded_serial_node-3] [INFO] [1791264951.184271864] [bw_dr03_decoded_serial_node]: RECEIVED /cmd_vel: linear.x=0.22, angular.z=0.125
[decoded_serial_node-3] [INFO] [1791264951.185004441] [bw_dr03_decoded_serial_node]: SEND MOTOR CMD: cd eb d7 09 74 46 46 53 53 1d 17 00 00
[decoded_serial_node-3] [INFO] [1791264951.251432605] [bw_dr03_decoded_serial_node]: RECEIVED /cmd_vel: linear.x=0.22, angular.z=0.0
[decoded_serial_node-3] [INFO] [1791264951.252184178] [bw_dr03_decoded_serial_node]: SEND MOTOR CMD: cd eb d7 09 74 46 46 53 53 1a 1a 00 00
[decoded_serial_node-3] [INFO] [1791264951.318351132] [bw_dr03_decoded_serial_node]: RECEIVED /cmd_vel: linear.x=0.22, angular.z=0.0
[decoded_serial_node-3] [INFO] [1791264951.319443466] [bw_dr03_decoded_serial_node]: SEND MOTOR CMD: cd eb d7 09 74 46 46 53 53 1a 1a 00 00
[decoded_serial_node-3] [INFO] [1791264951.384628506] [bw_dr03_decoded_serial_node]: RECEIVED /cmd_vel: linear.x=0.22, angular.z=0.0
[decoded_serial_node-3] [INFO] [1791264951.385631791] [bw_dr03_decoded_serial_node]: SEND MOTOR CMD: cd eb d7 09 74 46 46 53 53 1a 1a 00 00
[decoded_serial_node-3] [INFO] [1791264951.452042146] [bw_dr03_decoded_serial_node]: RECEIVED /cmd_vel: linear.x=0.22, angular.z=0.0
[decoded_serial_node-3] [INFO] [1791264951.453119045] [bw_dr03_decoded_serial_node]: SEND MOTOR CMD: cd eb d7 09 74 46 46 53 53 1a 1a 00 00
[decoded_serial_node-3] [INFO] [1791264951.518476246] [bw_dr03_decoded_serial_node]: RECEIVED /cmd_vel: linear.x=0.22, angular.z=0.0
[decoded_serial_node-3] [INFO] [1791264951.519290747] [bw_dr03_decoded_serial_node]: SEND MOTOR CMD: cd eb d7 09 74 46 46 53 53 1a 1a 00 00
[decoded_serial_node-3] [INFO] [1791264951.586347004] [bw_dr03_decoded_serial_node]: RECEIVED /cmd_vel: linear.x=0.22, angular.z=0.0
[decoded_serial_node-3] [INFO] [1791264951.587415591] [bw_dr03_decoded_serial_node]: SEND MOTOR CMD: cd eb d7 09 74 46 46 53 53 1a 1a 00 00
[decoded_serial_node-3] [INFO] [1791264951.650268736] [bw_dr03_decoded_serial_node]: RECEIVED /cmd_vel: linear.x=0.22, angular.z=0.0
[decoded_serial_node-3] [INFO] [1791264951.651351571] [bw_dr03_decoded_serial_node]: SEND MOTOR CMD: cd eb d7 09 74 46 46 53 53 1a 1a 00 00
[decoded_serial_node-3] [INFO] [1791264951.719700819] [bw_dr03_decoded_serial_node]: RECEIVED /cmd_vel: linear.x=0.22, angular.z=0.0
[decoded_serial_node-3] [INFO] [1791264951.720485637] [bw_dr03_decoded_serial_node]: SEND MOTOR CMD: cd eb d7 09 74 46 46 53 53 1a 1a 00 00
[decoded_serial_node-3] [INFO] [1791264951.783165432] [bw_dr03_decoded_serial_node]: RECEIVED /cmd_vel: linear.x=0.22, angular.z=0.0
[decoded_serial_node-3] [INFO] [1791264951.783903945] [bw_dr03_decoded_serial_node]: SEND MOTOR CMD: cd eb d7 09 74 46 46 53 53 1a 1a 00 00
[follow_planner-6] [INFO] [1791264951.850276305] [follow_planner_node]: [FOLLOW] bam nguoi | d=1.86m goc=3deg | v=0.220 w=0.000 | thoang=0.25m
[decoded_serial_node-3] [INFO] [1791264951.851534864] [bw_dr03_decoded_serial_node]: RECEIVED /cmd_vel: linear.x=0.22, angular.z=0.0
[decoded_serial_node-3] [INFO] [1791264951.852308997] [bw_dr03_decoded_serial_node]: SEND MOTOR CMD: cd eb d7 09 74 46 46 53 53 1a 1a 00 00
[decoded_serial_node-3] [INFO] [1791264951.917473852] [bw_dr03_decoded_serial_node]: RECEIVED /cmd_vel: linear.x=0.22, angular.z=0.0
[decoded_serial_node-3] [INFO] [1791264951.918225426] [bw_dr03_decoded_serial_node]: SEND MOTOR CMD: cd eb d7 09 74 46 46 53 53 1a 1a 00 00
[decoded_serial_node-3] [INFO] [1791264951.986407261] [bw_dr03_decoded_serial_node]: RECEIVED /cmd_vel: linear.x=0.22, angular.z=0.0
[decoded_serial_node-3] [INFO] [1791264951.987221762] [bw_dr03_decoded_serial_node]: SEND MOTOR CMD: cd eb d7 09 74 46 46 53 53 1a 1a 00 00
[decoded_serial_node-3] [INFO] [1791264952.052607459] [bw_dr03_decoded_serial_node]: RECEIVED /cmd_vel: linear.x=0.22, angular.z=0.0
[decoded_serial_node-3] [INFO] [1791264952.053416024] [bw_dr03_decoded_serial_node]: SEND MOTOR CMD: cd eb d7 09 74 46 46 53 53 1a 1a 00 00
[decoded_serial_node-3] [INFO] [1791264952.117949225] [bw_dr03_decoded_serial_node]: RECEIVED /cmd_vel: linear.x=0.22, angular.z=0.0
[decoded_serial_node-3] [INFO] [1791264952.118777974] [bw_dr03_decoded_serial_node]: SEND MOTOR CMD: cd eb d7 09 74 46 46 53 53 1a 1a 00 00
[decoded_serial_node-3] [INFO] [1791264952.185459036] [bw_dr03_decoded_serial_node]: RECEIVED /cmd_vel: linear.x=0.22, angular.z=0.0
[decoded_serial_node-3] [INFO] [1791264952.186272350] [bw_dr03_decoded_serial_node]: SEND MOTOR CMD: cd eb d7 09 74 46 46 53 53 1a 1a 00 00
[decoded_serial_node-3] [INFO] [1791264952.253678865] [bw_dr03_decoded_serial_node]: RECEIVED /cmd_vel: linear.x=0.22, angular.z=0.0
[decoded_serial_node-3] [INFO] [1791264952.254483868] [bw_dr03_decoded_serial_node]: SEND MOTOR CMD: cd eb d7 09 74 46 46 53 53 1a 1a 00 00
[decoded_serial_node-3] [INFO] [1791264952.319164296] [bw_dr03_decoded_serial_node]: RECEIVED /cmd_vel: linear.x=0.22, angular.z=0.0
[decoded_serial_node-3] [INFO] [1791264952.319941991] [bw_dr03_decoded_serial_node]: SEND MOTOR CMD: cd eb d7 09 74 46 46 53 53 1a 1a 00 00
[decoded_serial_node-3] [INFO] [1791264952.384559491] [bw_dr03_decoded_serial_node]: RECEIVED /cmd_vel: linear.x=0.22, angular.z=0.0
[decoded_serial_node-3] [INFO] [1791264952.385531906] [bw_dr03_decoded_serial_node]: SEND MOTOR CMD: cd eb d7 09 74 46 46 53 53 1a 1a 00 00
[decoded_serial_node-3] [INFO] [1791264952.451923263] [bw_dr03_decoded_serial_node]: RECEIVED /cmd_vel: linear.x=0.22, angular.z=0.0
[decoded_serial_node-3] [INFO] [1791264952.452760323] [bw_dr03_decoded_serial_node]: SEND MOTOR CMD: cd eb d7 09 74 46 46 53 53 1a 1a 00 00
[decoded_serial_node-3] [INFO] [1791264952.517162919] [bw_dr03_decoded_serial_node]: RECEIVED /cmd_vel: linear.x=0.22, angular.z=0.0
[decoded_serial_node-3] [INFO] [1791264952.518097339] [bw_dr03_decoded_serial_node]: SEND MOTOR CMD: cd eb d7 09 74 46 46 53 53 1a 1a 00 00
[decoded_serial_node-3] [INFO] [1791264952.581332800] [bw_dr03_decoded_serial_node]: RECEIVED /cmd_vel: linear.x=0.22, angular.z=0.0
[decoded_serial_node-3] [INFO] [1791264952.582300465] [bw_dr03_decoded_serial_node]: SEND MOTOR CMD: cd eb d7 09 74 46 46 53 53 1a 1a 00 00
[decoded_serial_node-3] [INFO] [1791264952.649843522] [bw_dr03_decoded_serial_node]: RECEIVED /cmd_vel: linear.x=0.22, angular.z=0.0
[decoded_serial_node-3] [INFO] [1791264952.650602219] [bw_dr03_decoded_serial_node]: SEND MOTOR CMD: cd eb d7 09 74 46 46 53 53 1a 1a 00 00
[decoded_serial_node-3] [INFO] [1791264952.714906267] [bw_dr03_decoded_serial_node]: RECEIVED /cmd_vel: linear.x=0.22, angular.z=0.0
[decoded_serial_node-3] [INFO] [1791264952.715704146] [bw_dr03_decoded_serial_node]: SEND MOTOR CMD: cd eb d7 09 74 46 46 53 53 1a 1a 00 00
[decoded_serial_node-3] [INFO] [1791264952.783665139] [bw_dr03_decoded_serial_node]: RECEIVED /cmd_vel: linear.x=0.22, angular.z=0.0
[decoded_serial_node-3] [INFO] [1791264952.784609058] [bw_dr03_decoded_serial_node]: SEND MOTOR CMD: cd eb d7 09 74 46 46 53 53 1a 1a 00 00
[decoded_serial_node-3] [INFO] [1791264952.848152035] [bw_dr03_decoded_serial_node]: RECEIVED /cmd_vel: linear.x=0.22, angular.z=0.0
[decoded_serial_node-3] [INFO] [1791264952.848935666] [bw_dr03_decoded_serial_node]: SEND MOTOR CMD: cd eb d7 09 74 46 46 53 53 1a 1a 00 00
[follow_planner-6] [INFO] [1791264952.914187195] [follow_planner_node]: [FOLLOW] bam nguoi | d=1.67m goc=3deg | v=0.220 w=0.000 | thoang=0.41m
[decoded_serial_node-3] [INFO] [1791264952.915085996] [bw_dr03_decoded_serial_node]: RECEIVED /cmd_vel: linear.x=0.22, angular.z=0.0
[decoded_serial_node-3] [INFO] [1791264952.916086907] [bw_dr03_decoded_serial_node]: SEND MOTOR CMD: cd eb d7 09 74 46 46 53 53 1a 1a 00 00
[decoded_serial_node-3] [INFO] [1791264952.985338516] [bw_dr03_decoded_serial_node]: RECEIVED /cmd_vel: linear.x=0.22, angular.z=0.0
[decoded_serial_node-3] [INFO] [1791264952.986430850] [bw_dr03_decoded_serial_node]: SEND MOTOR CMD: cd eb d7 09 74 46 46 53 53 1a 1a 00 00
[decoded_serial_node-3] [INFO] [1791264953.052054010] [bw_dr03_decoded_serial_node]: RECEIVED /cmd_vel: linear.x=0.22, angular.z=0.0
[decoded_serial_node-3] [INFO] [1791264953.052902944] [bw_dr03_decoded_serial_node]: SEND MOTOR CMD: cd eb d7 09 74 46 46 53 53 1a 1a 00 00
[decoded_serial_node-3] [INFO] [1791264953.117525193] [bw_dr03_decoded_serial_node]: RECEIVED /cmd_vel: linear.x=0.22, angular.z=0.0
[decoded_serial_node-3] [INFO] [1791264953.118324259] [bw_dr03_decoded_serial_node]: SEND MOTOR CMD: cd eb d7 09 74 46 46 53 53 1a 1a 00 00
[decoded_serial_node-3] [INFO] [1791264953.190880178] [bw_dr03_decoded_serial_node]: RECEIVED /cmd_vel: linear.x=0.22, angular.z=0.0
[decoded_serial_node-3] [INFO] [1791264953.191900086] [bw_dr03_decoded_serial_node]: SEND MOTOR CMD: cd eb d7 09 74 46 46 53 53 1a 1a 00 00
[decoded_serial_node-3] [INFO] [1791264953.254459961] [bw_dr03_decoded_serial_node]: RECEIVED /cmd_vel: linear.x=0.22, angular.z=0.0
[decoded_serial_node-3] [INFO] [1791264953.255344514] [bw_dr03_decoded_serial_node]: SEND MOTOR CMD: cd eb d7 09 74 46 46 53 53 1a 1a 00 00
[decoded_serial_node-3] [INFO] [1791264953.324011962] [bw_dr03_decoded_serial_node]: RECEIVED /cmd_vel: linear.x=0.22, angular.z=0.0
[decoded_serial_node-3] [INFO] [1791264953.325100734] [bw_dr03_decoded_serial_node]: SEND MOTOR CMD: cd eb d7 09 74 46 46 53 53 1a 1a 00 00
[decoded_serial_node-3] [INFO] [1791264953.387774591] [bw_dr03_decoded_serial_node]: RECEIVED /cmd_vel: linear.x=0.22, angular.z=0.0
[decoded_serial_node-3] [INFO] [1791264953.388566534] [bw_dr03_decoded_serial_node]: SEND MOTOR CMD: cd eb d7 09 74 46 46 53 53 1a 1a 00 00
[decoded_serial_node-3] [INFO] [1791264953.453483238] [bw_dr03_decoded_serial_node]: RECEIVED /cmd_vel: linear.x=0.22, angular.z=0.0
[decoded_serial_node-3] [INFO] [1791264953.454272806] [bw_dr03_decoded_serial_node]: SEND MOTOR CMD: cd eb d7 09 74 46 46 53 53 1a 1a 00 00
[decoded_serial_node-3] [INFO] [1791264953.524302109] [bw_dr03_decoded_serial_node]: RECEIVED /cmd_vel: linear.x=0.22, angular.z=0.0
[decoded_serial_node-3] [INFO] [1791264953.525124921] [bw_dr03_decoded_serial_node]: SEND MOTOR CMD: cd eb d7 09 74 46 46 53 53 1a 1a 00 00
[decoded_serial_node-3] [INFO] [1791264953.589312611] [bw_dr03_decoded_serial_node]: RECEIVED /cmd_vel: linear.x=0.22, angular.z=0.0
[decoded_serial_node-3] [INFO] [1791264953.590099804] [bw_dr03_decoded_serial_node]: SEND MOTOR CMD: cd eb d7 09 74 46 46 53 53 1a 1a 00 00
[decoded_serial_node-3] [INFO] [1791264953.655106745] [bw_dr03_decoded_serial_node]: RECEIVED /cmd_vel: linear.x=0.22, angular.z=0.0
[decoded_serial_node-3] [INFO] [1791264953.655834572] [bw_dr03_decoded_serial_node]: SEND MOTOR CMD: cd eb d7 09 74 46 46 53 53 1a 1a 00 00
[decoded_serial_node-3] [INFO] [1791264953.721428049] [bw_dr03_decoded_serial_node]: RECEIVED /cmd_vel: linear.x=0.22, angular.z=0.0
[decoded_serial_node-3] [INFO] [1791264953.722172498] [bw_dr03_decoded_serial_node]: SEND MOTOR CMD: cd eb d7 09 74 46 46 53 53 1a 1a 00 00
[decoded_serial_node-3] [INFO] [1791264953.787590252] [bw_dr03_decoded_serial_node]: RECEIVED /cmd_vel: linear.x=0.22, angular.z=0.0
[decoded_serial_node-3] [INFO] [1791264953.788365571] [bw_dr03_decoded_serial_node]: SEND MOTOR CMD: cd eb d7 09 74 46 46 53 53 1a 1a 00 00
[decoded_serial_node-3] [INFO] [1791264953.853871186] [bw_dr03_decoded_serial_node]: RECEIVED /cmd_vel: linear.x=0.22, angular.z=0.0
[decoded_serial_node-3] [INFO] [1791264953.854720120] [bw_dr03_decoded_serial_node]: SEND MOTOR CMD: cd eb d7 09 74 46 46 53 53 1a 1a 00 00
[follow_planner-6] [INFO] [1791264953.921899856] [follow_planner_node]: [FOLLOW] bam nguoi | d=1.72m goc=4deg | v=0.220 w=0.000 | thoang=0.35m
[decoded_serial_node-3] [INFO] [1791264953.922451960] [bw_dr03_decoded_serial_node]: RECEIVED /cmd_vel: linear.x=0.22, angular.z=0.0
[decoded_serial_node-3] [INFO] [1791264953.923223717] [bw_dr03_decoded_serial_node]: SEND MOTOR CMD: cd eb d7 09 74 46 46 53 53 1a 1a 00 00
[decoded_serial_node-3] [INFO] [1791264953.989003603] [bw_dr03_decoded_serial_node]: RECEIVED /cmd_vel: linear.x=0.22, angular.z=0.125
[decoded_serial_node-3] [INFO] [1791264953.989784860] [bw_dr03_decoded_serial_node]: SEND MOTOR CMD: cd eb d7 09 74 46 46 53 53 1d 17 00 00
[decoded_serial_node-3] [INFO] [1791264954.054375051] [bw_dr03_decoded_serial_node]: RECEIVED /cmd_vel: linear.x=0.22, angular.z=0.125
[decoded_serial_node-3] [INFO] [1791264954.055597990] [bw_dr03_decoded_serial_node]: SEND MOTOR CMD: cd eb d7 09 74 46 46 53 53 1d 17 00 00
[decoded_serial_node-3] [INFO] [1791264954.120055201] [bw_dr03_decoded_serial_node]: RECEIVED /cmd_vel: linear.x=0.22, angular.z=0.125
[decoded_serial_node-3] [INFO] [1791264954.120781840] [bw_dr03_decoded_serial_node]: SEND MOTOR CMD: cd eb d7 09 74 46 46 53 53 1d 17 00 00
[decoded_serial_node-3] [INFO] [1791264954.186446556] [bw_dr03_decoded_serial_node]: RECEIVED /cmd_vel: linear.x=0.22, angular.z=0.125
[decoded_serial_node-3] [INFO] [1791264954.187521080] [bw_dr03_decoded_serial_node]: SEND MOTOR CMD: cd eb d7 09 74 46 46 53 53 1d 17 00 00
[decoded_serial_node-3] [INFO] [1791264954.254815985] [bw_dr03_decoded_serial_node]: RECEIVED /cmd_vel: linear.x=0.22, angular.z=0.0
[decoded_serial_node-3] [INFO] [1791264954.255548561] [bw_dr03_decoded_serial_node]: SEND MOTOR CMD: cd eb d7 09 74 46 46 53 53 1a 1a 00 00
[decoded_serial_node-3] [INFO] [1791264954.321443616] [bw_dr03_decoded_serial_node]: RECEIVED /cmd_vel: linear.x=0.22, angular.z=0.0
[decoded_serial_node-3] [INFO] [1791264954.322175005] [bw_dr03_decoded_serial_node]: SEND MOTOR CMD: cd eb d7 09 74 46 46 53 53 1a 1a 00 00
[decoded_serial_node-3] [INFO] [1791264954.388846567] [bw_dr03_decoded_serial_node]: RECEIVED /cmd_vel: linear.x=0.22, angular.z=0.0
[decoded_serial_node-3] [INFO] [1791264954.389600515] [bw_dr03_decoded_serial_node]: SEND MOTOR CMD: cd eb d7 09 74 46 46 53 53 1a 1a 00 00
[decoded_serial_node-3] [INFO] [1791264954.459253437] [bw_dr03_decoded_serial_node]: RECEIVED /cmd_vel: linear.x=0.22, angular.z=0.0
[decoded_serial_node-3] [INFO] [1791264954.460221103] [bw_dr03_decoded_serial_node]: SEND MOTOR CMD: cd eb d7 09 74 46 46 53 53 1a 1a 00 00
[decoded_serial_node-3] [INFO] [1791264954.520094073] [bw_dr03_decoded_serial_node]: RECEIVED /cmd_vel: linear.x=0.22, angular.z=0.0
[decoded_serial_node-3] [INFO] [1791264954.520813588] [bw_dr03_decoded_serial_node]: SEND MOTOR CMD: cd eb d7 09 74 46 46 53 53 1a 1a 00 00
[decoded_serial_node-3] [INFO] [1791264954.587733300] [bw_dr03_decoded_serial_node]: RECEIVED /cmd_vel: linear.x=0.22, angular.z=0.0
[decoded_serial_node-3] [INFO] [1791264954.588534741] [bw_dr03_decoded_serial_node]: SEND MOTOR CMD: cd eb d7 09 74 46 46 53 53 1a 1a 00 00
[decoded_serial_node-3] [INFO] [1791264954.652609635] [bw_dr03_decoded_serial_node]: RECEIVED /cmd_vel: linear.x=0.22, angular.z=0.0
[decoded_serial_node-3] [INFO] [1791264954.653405139] [bw_dr03_decoded_serial_node]: SEND MOTOR CMD: cd eb d7 09 74 46 46 53 53 1a 1a 00 00
[decoded_serial_node-3] [INFO] [1791264954.718318281] [bw_dr03_decoded_serial_node]: RECEIVED /cmd_vel: linear.x=0.22, angular.z=0.0
[decoded_serial_node-3] [INFO] [1791264954.719066293] [bw_dr03_decoded_serial_node]: SEND MOTOR CMD: cd eb d7 09 74 46 46 53 53 1a 1a 00 00
[decoded_serial_node-3] [INFO] [1791264954.785886270] [bw_dr03_decoded_serial_node]: RECEIVED /cmd_vel: linear.x=0.22, angular.z=0.0
[decoded_serial_node-3] [INFO] [1791264954.786639030] [bw_dr03_decoded_serial_node]: SEND MOTOR CMD: cd eb d7 09 74 46 46 53 53 1a 1a 00 00
[decoded_serial_node-3] [INFO] [1791264954.851391884] [bw_dr03_decoded_serial_node]: RECEIVED /cmd_vel: linear.x=0.22, angular.z=0.0
[decoded_serial_node-3] [INFO] [1791264954.852144645] [bw_dr03_decoded_serial_node]: SEND MOTOR CMD: cd eb d7 09 74 46 46 53 53 1a 1a 00 00
[decoded_serial_node-3] [INFO] [1791264954.918931377] [bw_dr03_decoded_serial_node]: RECEIVED /cmd_vel: linear.x=0.22, angular.z=0.0
[decoded_serial_node-3] [INFO] [1791264954.920261175] [bw_dr03_decoded_serial_node]: SEND MOTOR CMD: cd eb d7 09 74 46 46 53 53 1a 1a 00 00
[follow_planner-6] [INFO] [1791264954.984068922] [follow_planner_node]: [FOLLOW] bam nguoi | d=1.88m goc=3deg | v=0.220 w=0.000 | thoang=0.41m
[decoded_serial_node-3] [INFO] [1791264954.984882236] [bw_dr03_decoded_serial_node]: RECEIVED /cmd_vel: linear.x=0.22, angular.z=0.0
[decoded_serial_node-3] [INFO] [1791264954.985935389] [bw_dr03_decoded_serial_node]: SEND MOTOR CMD: cd eb d7 09 74 46 46 53 53 1a 1a 00 00
[decoded_serial_node-3] [INFO] [1791264955.055050454] [bw_dr03_decoded_serial_node]: RECEIVED /cmd_vel: linear.x=0.22, angular.z=0.0
[decoded_serial_node-3] [INFO] [1791264955.055787780] [bw_dr03_decoded_serial_node]: SEND MOTOR CMD: cd eb d7 09 74 46 46 53 53 1a 1a 00 00
[decoded_serial_node-3] [INFO] [1791264955.121395503] [bw_dr03_decoded_serial_node]: RECEIVED /cmd_vel: linear.x=0.22, angular.z=0.0
[decoded_serial_node-3] [INFO] [1791264955.122181508] [bw_dr03_decoded_serial_node]: SEND MOTOR CMD: cd eb d7 09 74 46 46 53 53 1a 1a 00 00
[decoded_serial_node-3] [INFO] [1791264955.187845035] [bw_dr03_decoded_serial_node]: RECEIVED /cmd_vel: linear.x=0.22, angular.z=0.0
[decoded_serial_node-3] [INFO] [1791264955.188603733] [bw_dr03_decoded_serial_node]: SEND MOTOR CMD: cd eb d7 09 74 46 46 53 53 1a 1a 00 00
[decoded_serial_node-3] [INFO] [1791264955.256413934] [bw_dr03_decoded_serial_node]: RECEIVED /cmd_vel: linear.x=0.22, angular.z=0.0
[decoded_serial_node-3] [INFO] [1791264955.257463524] [bw_dr03_decoded_serial_node]: SEND MOTOR CMD: cd eb d7 09 74 46 46 53 53 1a 1a 00 00
[decoded_serial_node-3] [INFO] [1791264955.322607005] [bw_dr03_decoded_serial_node]: RECEIVED /cmd_vel: linear.x=0.22, angular.z=0.0
[decoded_serial_node-3] [INFO] [1791264955.323641161] [bw_dr03_decoded_serial_node]: SEND MOTOR CMD: cd eb d7 09 74 46 46 53 53 1a 1a 00 00
[decoded_serial_node-3] [INFO] [1791264955.388518682] [bw_dr03_decoded_serial_node]: RECEIVED /cmd_vel: linear.x=0.22, angular.z=0.0
[decoded_serial_node-3] [INFO] [1791264955.389677506] [bw_dr03_decoded_serial_node]: SEND MOTOR CMD: cd eb d7 09 74 46 46 53 53 1a 1a 00 00
[decoded_serial_node-3] [INFO] [1791264955.455165310] [bw_dr03_decoded_serial_node]: RECEIVED /cmd_vel: linear.x=0.22, angular.z=0.0
[decoded_serial_node-3] [INFO] [1791264955.455896699] [bw_dr03_decoded_serial_node]: SEND MOTOR CMD: cd eb d7 09 74 46 46 53 53 1a 1a 00 00
[decoded_serial_node-3] [INFO] [1791264955.517573206] [bw_dr03_decoded_serial_node]: RECEIVED /cmd_vel: linear.x=0.22, angular.z=0.0
[decoded_serial_node-3] [INFO] [1791264955.518317656] [bw_dr03_decoded_serial_node]: SEND MOTOR CMD: cd eb d7 09 74 46 46 53 53 1a 1a 00 00
[decoded_serial_node-3] [INFO] [1791264955.586879430] [bw_dr03_decoded_serial_node]: RECEIVED /cmd_vel: linear.x=0.22, angular.z=0.0
[decoded_serial_node-3] [INFO] [1791264955.587680871] [bw_dr03_decoded_serial_node]: SEND MOTOR CMD: cd eb d7 09 74 46 46 53 53 1a 1a 00 00
[decoded_serial_node-3] [INFO] [1791264955.652887280] [bw_dr03_decoded_serial_node]: RECEIVED /cmd_vel: linear.x=0.22, angular.z=0.0
[decoded_serial_node-3] [INFO] [1791264955.653929747] [bw_dr03_decoded_serial_node]: SEND MOTOR CMD: cd eb d7 09 74 46 46 53 53 1a 1a 00 00
[decoded_serial_node-3] [INFO] [1791264955.720102634] [bw_dr03_decoded_serial_node]: RECEIVED /cmd_vel: linear.x=0.22, angular.z=0.0
[decoded_serial_node-3] [INFO] [1791264955.721167660] [bw_dr03_decoded_serial_node]: SEND MOTOR CMD: cd eb d7 09 74 46 46 53 53 1a 1a 00 00
[decoded_serial_node-3] [INFO] [1791264955.787868904] [bw_dr03_decoded_serial_node]: RECEIVED /cmd_vel: linear.x=0.22, angular.z=0.0
[decoded_serial_node-3] [INFO] [1791264955.788939866] [bw_dr03_decoded_serial_node]: SEND MOTOR CMD: cd eb d7 09 74 46 46 53 53 1a 1a 00 00
[decoded_serial_node-3] [INFO] [1791264955.854466852] [bw_dr03_decoded_serial_node]: RECEIVED /cmd_vel: linear.x=0.22, angular.z=0.0
[decoded_serial_node-3] [INFO] [1791264955.855529503] [bw_dr03_decoded_serial_node]: SEND MOTOR CMD: cd eb d7 09 74 46 46 53 53 1a 1a 00 00
[decoded_serial_node-3] [INFO] [1791264955.944957233] [bw_dr03_decoded_serial_node]: RECEIVED /cmd_vel: linear.x=0.19666666666666666, angular.z=0.0
[decoded_serial_node-3] [INFO] [1791264955.945707619] [bw_dr03_decoded_serial_node]: SEND MOTOR CMD: cd eb d7 09 74 46 46 53 53 18 18 00 00
[decoded_serial_node-3] [INFO] [1791264956.014396436] [bw_dr03_decoded_serial_node]: RECEIVED /cmd_vel: linear.x=0.17333333333333334, angular.z=0.0
[decoded_serial_node-3] [INFO] [1791264956.015137324] [bw_dr03_decoded_serial_node]: SEND MOTOR CMD: cd eb d7 09 74 46 46 53 53 15 15 00 00
[follow_planner-6] [INFO] [1791264956.050233306] [follow_planner_node]: [FOLLOW] bam nguoi | d=1.66m goc=3deg | v=0.197 w=0.000 | thoang=0.30m
[decoded_serial_node-3] [INFO] [1791264956.051354135] [bw_dr03_decoded_serial_node]: RECEIVED /cmd_vel: linear.x=0.19666666666666666, angular.z=0.0
[decoded_serial_node-3] [INFO] [1791264956.052256498] [bw_dr03_decoded_serial_node]: SEND MOTOR CMD: cd eb d7 09 74 46 46 53 53 18 18 00 00
[decoded_serial_node-3] [INFO] [1791264956.121915355] [bw_dr03_decoded_serial_node]: RECEIVED /cmd_vel: linear.x=0.21999999999999997, angular.z=0.0
[decoded_serial_node-3] [INFO] [1791264956.123016001] [bw_dr03_decoded_serial_node]: SEND MOTOR CMD: cd eb d7 09 74 46 46 53 53 1a 1a 00 00
[decoded_serial_node-3] [INFO] [1791264956.192464702] [bw_dr03_decoded_serial_node]: RECEIVED /cmd_vel: linear.x=0.22, angular.z=0.0
[decoded_serial_node-3] [INFO] [1791264956.193224586] [bw_dr03_decoded_serial_node]: SEND MOTOR CMD: cd eb d7 09 74 46 46 53 53 1a 1a 00 00
[decoded_serial_node-3] [INFO] [1791264956.254217197] [bw_dr03_decoded_serial_node]: RECEIVED /cmd_vel: linear.x=0.22, angular.z=0.0
[decoded_serial_node-3] [INFO] [1791264956.254930776] [bw_dr03_decoded_serial_node]: SEND MOTOR CMD: cd eb d7 09 74 46 46 53 53 1a 1a 00 00
[decoded_serial_node-3] [INFO] [1791264956.319705000] [bw_dr03_decoded_serial_node]: RECEIVED /cmd_vel: linear.x=0.22, angular.z=0.0
[decoded_serial_node-3] [INFO] [1791264956.320786648] [bw_dr03_decoded_serial_node]: SEND MOTOR CMD: cd eb d7 09 74 46 46 53 53 1a 1a 00 00
[decoded_serial_node-3] [INFO] [1791264956.384527904] [bw_dr03_decoded_serial_node]: RECEIVED /cmd_vel: linear.x=0.22, angular.z=0.0
[decoded_serial_node-3] [INFO] [1791264956.385583431] [bw_dr03_decoded_serial_node]: SEND MOTOR CMD: cd eb d7 09 74 46 46 53 53 1a 1a 00 00
[decoded_serial_node-3] [INFO] [1791264956.450576122] [bw_dr03_decoded_serial_node]: RECEIVED /cmd_vel: linear.x=0.22, angular.z=0.0
[decoded_serial_node-3] [INFO] [1791264956.451331257] [bw_dr03_decoded_serial_node]: SEND MOTOR CMD: cd eb d7 09 74 46 46 53 53 1a 1a 00 00
[decoded_serial_node-3] [INFO] [1791264956.517271429] [bw_dr03_decoded_serial_node]: RECEIVED /cmd_vel: linear.x=0.22, angular.z=0.0
[decoded_serial_node-3] [INFO] [1791264956.518013504] [bw_dr03_decoded_serial_node]: SEND MOTOR CMD: cd eb d7 09 74 46 46 53 53 1a 1a 00 00
[decoded_serial_node-3] [INFO] [1791264956.584305122] [bw_dr03_decoded_serial_node]: RECEIVED /cmd_vel: linear.x=0.22, angular.z=0.0
[decoded_serial_node-3] [INFO] [1791264956.585120811] [bw_dr03_decoded_serial_node]: SEND MOTOR CMD: cd eb d7 09 74 46 46 53 53 1a 1a 00 00
[decoded_serial_node-3] [INFO] [1791264956.651325755] [bw_dr03_decoded_serial_node]: RECEIVED /cmd_vel: linear.x=0.22, angular.z=0.0
[decoded_serial_node-3] [INFO] [1791264956.652066642] [bw_dr03_decoded_serial_node]: SEND MOTOR CMD: cd eb d7 09 74 46 46 53 53 1a 1a 00 00
[decoded_serial_node-3] [INFO] [1791264956.718076866] [bw_dr03_decoded_serial_node]: RECEIVED /cmd_vel: linear.x=0.22, angular.z=0.0
[decoded_serial_node-3] [INFO] [1791264956.718805880] [bw_dr03_decoded_serial_node]: SEND MOTOR CMD: cd eb d7 09 74 46 46 53 53 1a 1a 00 00
[decoded_serial_node-3] [INFO] [1791264956.782535263] [bw_dr03_decoded_serial_node]: RECEIVED /cmd_vel: linear.x=0.22, angular.z=0.0
[decoded_serial_node-3] [INFO] [1791264956.783288023] [bw_dr03_decoded_serial_node]: SEND MOTOR CMD: cd eb d7 09 74 46 46 53 53 1a 1a 00 00
[decoded_serial_node-3] [INFO] [1791264956.850363273] [bw_dr03_decoded_serial_node]: RECEIVED /cmd_vel: linear.x=0.22, angular.z=0.0
[decoded_serial_node-3] [INFO] [1791264956.851156402] [bw_dr03_decoded_serial_node]: SEND MOTOR CMD: cd eb d7 09 74 46 46 53 53 1a 1a 00 00
[decoded_serial_node-3] [INFO] [1791264956.916899479] [bw_dr03_decoded_serial_node]: RECEIVED /cmd_vel: linear.x=0.22, angular.z=0.0
[decoded_serial_node-3] [INFO] [1791264956.917656989] [bw_dr03_decoded_serial_node]: SEND MOTOR CMD: cd eb d7 09 74 46 46 53 53 1a 1a 00 00
[decoded_serial_node-3] [INFO] [1791264956.983677899] [bw_dr03_decoded_serial_node]: RECEIVED /cmd_vel: linear.x=0.22, angular.z=0.0
[decoded_serial_node-3] [INFO] [1791264956.984428285] [bw_dr03_decoded_serial_node]: SEND MOTOR CMD: cd eb d7 09 74 46 46 53 53 1a 1a 00 00
[follow_planner-6] [INFO] [1791264957.049743926] [follow_planner_node]: [FOLLOW] bam nguoi | d=1.45m goc=4deg | v=0.220 w=0.000 | thoang=0.36m
[decoded_serial_node-3] [INFO] [1791264957.050366081] [bw_dr03_decoded_serial_node]: RECEIVED /cmd_vel: linear.x=0.22, angular.z=0.0
[decoded_serial_node-3] [INFO] [1791264957.051216202] [bw_dr03_decoded_serial_node]: SEND MOTOR CMD: cd eb d7 09 74 46 46 53 53 1a 1a 00 00
[decoded_serial_node-3] [INFO] [1791264957.117519693] [bw_dr03_decoded_serial_node]: RECEIVED /cmd_vel: linear.x=0.22, angular.z=0.125
[decoded_serial_node-3] [INFO] [1791264957.118266517] [bw_dr03_decoded_serial_node]: SEND MOTOR CMD: cd eb d7 09 74 46 46 53 53 1d 17 00 00
[decoded_serial_node-3] [INFO] [1791264957.184129512] [bw_dr03_decoded_serial_node]: RECEIVED /cmd_vel: linear.x=0.22, angular.z=0.125
[decoded_serial_node-3] [INFO] [1791264957.184853777] [bw_dr03_decoded_serial_node]: SEND MOTOR CMD: cd eb d7 09 74 46 46 53 53 1d 17 00 00
[decoded_serial_node-3] [INFO] [1791264957.251405418] [bw_dr03_decoded_serial_node]: RECEIVED /cmd_vel: linear.x=0.22, angular.z=0.125
[decoded_serial_node-3] [INFO] [1791264957.252145118] [bw_dr03_decoded_serial_node]: SEND MOTOR CMD: cd eb d7 09 74 46 46 53 53 1d 17 00 00
[decoded_serial_node-3] [INFO] [1791264957.317784897] [bw_dr03_decoded_serial_node]: RECEIVED /cmd_vel: linear.x=0.22, angular.z=0.0
[decoded_serial_node-3] [INFO] [1791264957.318537658] [bw_dr03_decoded_serial_node]: SEND MOTOR CMD: cd eb d7 09 74 46 46 53 53 1a 1a 00 00
[decoded_serial_node-3] [INFO] [1791264957.385135604] [bw_dr03_decoded_serial_node]: RECEIVED /cmd_vel: linear.x=0.22, angular.z=0.0
[decoded_serial_node-3] [INFO] [1791264957.385859869] [bw_dr03_decoded_serial_node]: SEND MOTOR CMD: cd eb d7 09 74 46 46 53 53 1a 1a 00 00
[decoded_serial_node-3] [INFO] [1791264957.451922334] [bw_dr03_decoded_serial_node]: RECEIVED /cmd_vel: linear.x=0.22, angular.z=0.0
[decoded_serial_node-3] [INFO] [1791264957.452684593] [bw_dr03_decoded_serial_node]: SEND MOTOR CMD: cd eb d7 09 74 46 46 53 53 1a 1a 00 00
[decoded_serial_node-3] [INFO] [1791264957.519578181] [bw_dr03_decoded_serial_node]: RECEIVED /cmd_vel: linear.x=0.22, angular.z=0.0
[decoded_serial_node-3] [INFO] [1791264957.520320256] [bw_dr03_decoded_serial_node]: SEND MOTOR CMD: cd eb d7 09 74 46 46 53 53 1a 1a 00 00
[decoded_serial_node-3] [INFO] [1791264957.585030364] [bw_dr03_decoded_serial_node]: RECEIVED /cmd_vel: linear.x=0.22, angular.z=0.0
[decoded_serial_node-3] [INFO] [1791264957.586108450] [bw_dr03_decoded_serial_node]: SEND MOTOR CMD: cd eb d7 09 74 46 46 53 53 1a 1a 00 00
[decoded_serial_node-3] [INFO] [1791264957.651450212] [bw_dr03_decoded_serial_node]: RECEIVED /cmd_vel: linear.x=0.22, angular.z=0.0
[decoded_serial_node-3] [INFO] [1791264957.652221970] [bw_dr03_decoded_serial_node]: SEND MOTOR CMD: cd eb d7 09 74 46 46 53 53 1a 1a 00 00
[decoded_serial_node-3] [INFO] [1791264957.717849876] [bw_dr03_decoded_serial_node]: RECEIVED /cmd_vel: linear.x=0.22, angular.z=0.0
[decoded_serial_node-3] [INFO] [1791264957.718643006] [bw_dr03_decoded_serial_node]: SEND MOTOR CMD: cd eb d7 09 74 46 46 53 53 1a 1a 00 00
[decoded_serial_node-3] [INFO] [1791264957.784932248] [bw_dr03_decoded_serial_node]: RECEIVED /cmd_vel: linear.x=0.22, angular.z=0.0
[decoded_serial_node-3] [INFO] [1791264957.785746750] [bw_dr03_decoded_serial_node]: SEND MOTOR CMD: cd eb d7 09 74 46 46 53 53 1a 1a 00 00
[decoded_serial_node-3] [INFO] [1791264957.849998552] [bw_dr03_decoded_serial_node]: RECEIVED /cmd_vel: linear.x=0.22, angular.z=0.0
[decoded_serial_node-3] [INFO] [1791264957.851031520] [bw_dr03_decoded_serial_node]: SEND MOTOR CMD: cd eb d7 09 74 46 46 53 53 1a 1a 00 00
[decoded_serial_node-3] [INFO] [1791264957.921888382] [bw_dr03_decoded_serial_node]: RECEIVED /cmd_vel: linear.x=0.22, angular.z=0.0
[decoded_serial_node-3] [INFO] [1791264957.922911852] [bw_dr03_decoded_serial_node]: SEND MOTOR CMD: cd eb d7 09 74 46 46 53 53 1a 1a 00 00
[decoded_serial_node-3] [INFO] [1791264957.982546168] [bw_dr03_decoded_serial_node]: RECEIVED /cmd_vel: linear.x=0.19666666666666666, angular.z=0.0
[decoded_serial_node-3] [INFO] [1791264957.983330986] [bw_dr03_decoded_serial_node]: SEND MOTOR CMD: cd eb d7 09 74 46 46 53 53 18 18 00 00
[follow_planner-6] [INFO] [1791264958.051356090] [follow_planner_node]: [FOLLOW] bam nguoi | d=1.23m goc=3deg | v=0.187 w=0.000 | thoang=0.37m
[decoded_serial_node-3] [INFO] [1791264958.051909381] [bw_dr03_decoded_serial_node]: RECEIVED /cmd_vel: linear.x=0.18694444444444444, angular.z=0.0
[decoded_serial_node-3] [INFO] [1791264958.052720320] [bw_dr03_decoded_serial_node]: SEND MOTOR CMD: cd eb d7 09 74 46 46 53 53 16 16 00 00
[decoded_serial_node-3] [INFO] [1791264958.118702047] [bw_dr03_decoded_serial_node]: RECEIVED /cmd_vel: linear.x=0.18532407407407406, angular.z=0.0
[decoded_serial_node-3] [INFO] [1791264958.119458369] [bw_dr03_decoded_serial_node]: SEND MOTOR CMD: cd eb d7 09 74 46 46 53 53 16 16 00 00
[decoded_serial_node-3] [INFO] [1791264958.157889531] [bw_dr03_decoded_serial_node]: RECEIVED /cmd_vel: linear.x=0.1619907407407407, angular.z=0.16
[decoded_serial_node-3] [INFO] [1791264958.158658914] [bw_dr03_decoded_serial_node]: SEND MOTOR CMD: cd eb d7 09 74 46 46 53 53 17 0f 00 00
[decoded_serial_node-3] [INFO] [1791264958.224217955] [bw_dr03_decoded_serial_node]: RECEIVED /cmd_vel: linear.x=0.1386574074074074, angular.z=0.32
[decoded_serial_node-3] [INFO] [1791264958.225288917] [bw_dr03_decoded_serial_node]: SEND MOTOR CMD: cd eb d7 09 74 46 46 53 53 18 09 00 00
[decoded_serial_node-3] [INFO] [1791264958.290414586] [bw_dr03_decoded_serial_node]: RECEIVED /cmd_vel: linear.x=0.11532407407407406, angular.z=0.48
[decoded_serial_node-3] [INFO] [1791264958.291174471] [bw_dr03_decoded_serial_node]: SEND MOTOR CMD: cd eb d7 09 74 46 46 53 53 19 05 00 00
[decoded_serial_node-3] [INFO] [1791264958.382366555] [bw_dr03_decoded_serial_node]: RECEIVED /cmd_vel: linear.x=0.11, angular.z=0.31999999999999995
[decoded_serial_node-3] [INFO] [1791264958.383219050] [bw_dr03_decoded_serial_node]: SEND MOTOR CMD: cd eb d7 09 74 46 46 53 53 15 05 00 00
[decoded_serial_node-3] [INFO] [1791264958.448880200] [bw_dr03_decoded_serial_node]: RECEIVED /cmd_vel: linear.x=0.11, angular.z=0.17749999999999988
[decoded_serial_node-3] [INFO] [1791264958.449640085] [bw_dr03_decoded_serial_node]: SEND MOTOR CMD: cd eb d7 09 74 46 46 53 53 11 09 00 00
[decoded_serial_node-3] [INFO] [1791264958.516512301] [bw_dr03_decoded_serial_node]: RECEIVED /cmd_vel: linear.x=0.11, angular.z=0.3374999999999999
[decoded_serial_node-3] [INFO] [1791264958.517544082] [bw_dr03_decoded_serial_node]: SEND MOTOR CMD: cd eb d7 09 74 46 46 53 53 15 05 00 00
[decoded_serial_node-3] [INFO] [1791264958.582621071] [bw_dr03_decoded_serial_node]: RECEIVED /cmd_vel: linear.x=0.11, angular.z=0.30156249999999996
[decoded_serial_node-3] [INFO] [1791264958.583768021] [bw_dr03_decoded_serial_node]: SEND MOTOR CMD: cd eb d7 09 74 46 46 53 53 14 06 00 00
[decoded_serial_node-3] [INFO] [1791264958.624472900] [bw_dr03_decoded_serial_node]: RECEIVED /cmd_vel: linear.x=0.08666666666666667, angular.z=0.4615625
[decoded_serial_node-3] [INFO] [1791264958.625552174] [bw_dr03_decoded_serial_node]: SEND MOTOR CMD: cd eb d7 09 74 46 53 53 53 15 1e 00 00
[decoded_serial_node-3] [INFO] [1791264958.690191042] [bw_dr03_decoded_serial_node]: RECEIVED /cmd_vel: linear.x=0.06333333333333334, angular.z=0.6215625
[decoded_serial_node-3] [INFO] [1791264958.691343929] [bw_dr03_decoded_serial_node]: SEND MOTOR CMD: cd eb d7 09 74 46 42 53 53 16 07 00 00
[decoded_serial_node-3] [INFO] [1791264958.756836480] [bw_dr03_decoded_serial_node]: RECEIVED /cmd_vel: linear.x=0.04000000000000001, angular.z=0.7689
[decoded_serial_node-3] [INFO] [1791264958.757596364] [bw_dr03_decoded_serial_node]: SEND MOTOR CMD: cd eb d7 09 74 46 42 53 53 17 0d 00 00
[decoded_serial_node-3] [INFO] [1791264958.823641019] [bw_dr03_decoded_serial_node]: RECEIVED /cmd_vel: linear.x=0.035, angular.z=0.7262200000000001
[decoded_serial_node-3] [INFO] [1791264958.824387843] [bw_dr03_decoded_serial_node]: SEND MOTOR CMD: cd eb d7 09 74 46 42 53 53 15 0d 00 00
[decoded_serial_node-3] [INFO] [1791264958.890377881] [bw_dr03_decoded_serial_node]: RECEIVED /cmd_vel: linear.x=0.0, angular.z=0.7262200000000001
[decoded_serial_node-3] [INFO] [1791264958.891497523] [bw_dr03_decoded_serial_node]: SEND MOTOR CMD: cd eb d7 09 74 46 42 53 53 11 11 00 00
[decoded_serial_node-3] [INFO] [1791264958.956499711] [bw_dr03_decoded_serial_node]: RECEIVED /cmd_vel: linear.x=0.0, angular.z=0.80542
[decoded_serial_node-3] [INFO] [1791264958.957555238] [bw_dr03_decoded_serial_node]: SEND MOTOR CMD: cd eb d7 09 74 46 42 53 53 13 13 00 00
[decoded_serial_node-3] [INFO] [1791264959.023198578] [bw_dr03_decoded_serial_node]: RECEIVED /cmd_vel: linear.x=0.0, angular.z=0.80542
[decoded_serial_node-3] [INFO] [1791264959.024163869] [bw_dr03_decoded_serial_node]: SEND MOTOR CMD: cd eb d7 09 74 46 42 53 53 13 13 00 00
[follow_planner-6] [INFO] [1791264959.089398770] [follow_planner_node]: [FOLLOW] canh huong tai cho | d=1.04m goc=19deg | v=0.000 w=0.741 | thoang=-
[decoded_serial_node-3] [INFO] [1791264959.090355750] [bw_dr03_decoded_serial_node]: RECEIVED /cmd_vel: linear.x=0.0, angular.z=0.7405200000000001
[decoded_serial_node-3] [INFO] [1791264959.091369721] [bw_dr03_decoded_serial_node]: SEND MOTOR CMD: cd eb d7 09 74 46 42 53 53 12 12 00 00
[decoded_serial_node-3] [INFO] [1791264959.160787550] [bw_dr03_decoded_serial_node]: RECEIVED /cmd_vel: linear.x=0.0, angular.z=0.8899000000000001
[decoded_serial_node-3] [INFO] [1791264959.161892944] [bw_dr03_decoded_serial_node]: SEND MOTOR CMD: cd eb d7 09 74 46 42 53 53 15 15 00 00
[decoded_serial_node-3] [INFO] [1791264959.223958890] [bw_dr03_decoded_serial_node]: RECEIVED /cmd_vel: linear.x=0.0, angular.z=0.83072
[decoded_serial_node-3] [INFO] [1791264959.225098717] [bw_dr03_decoded_serial_node]: SEND MOTOR CMD: cd eb d7 09 74 46 42 53 53 14 14 00 00
[decoded_serial_node-3] [INFO] [1791264959.291250229] [bw_dr03_decoded_serial_node]: RECEIVED /cmd_vel: linear.x=0.0, angular.z=0.76824
[decoded_serial_node-3] [INFO] [1791264959.292314067] [bw_dr03_decoded_serial_node]: SEND MOTOR CMD: cd eb d7 09 74 46 42 53 53 12 12 00 00
[decoded_serial_node-3] [INFO] [1791264959.357392243] [bw_dr03_decoded_serial_node]: RECEIVED /cmd_vel: linear.x=0.0, angular.z=0.9
[decoded_serial_node-3] [INFO] [1791264959.358456081] [bw_dr03_decoded_serial_node]: SEND MOTOR CMD: cd eb d7 09 74 46 42 53 53 15 15 00 00
[decoded_serial_node-3] [INFO] [1791264959.428345276] [bw_dr03_decoded_serial_node]: RECEIVED /cmd_vel: linear.x=0.0, angular.z=0.86504
[decoded_serial_node-3] [INFO] [1791264959.429476791] [bw_dr03_decoded_serial_node]: SEND MOTOR CMD: cd eb d7 09 74 46 42 53 53 15 15 00 00
[decoded_serial_node-3] [INFO] [1791264959.490013469] [bw_dr03_decoded_serial_node]: RECEIVED /cmd_vel: linear.x=0.0, angular.z=0.86504
[decoded_serial_node-3] [INFO] [1791264959.491083244] [bw_dr03_decoded_serial_node]: SEND MOTOR CMD: cd eb d7 09 74 46 42 53 53 15 15 00 00
[decoded_serial_node-3] [INFO] [1791264959.557135022] [bw_dr03_decoded_serial_node]: RECEIVED /cmd_vel: linear.x=0.0, angular.z=0.7405200000000001
[decoded_serial_node-3] [INFO] [1791264959.558316405] [bw_dr03_decoded_serial_node]: SEND MOTOR CMD: cd eb d7 09 74 46 42 53 53 12 12 00 00
[decoded_serial_node-3] [INFO] [1791264959.623286534] [bw_dr03_decoded_serial_node]: RECEIVED /cmd_vel: linear.x=0.0, angular.z=0.8470000000000001
[decoded_serial_node-3] [INFO] [1791264959.624374119] [bw_dr03_decoded_serial_node]: SEND MOTOR CMD: cd eb d7 09 74 46 42 53 53 14 14 00 00
[decoded_serial_node-3] [INFO] [1791264959.690284605] [bw_dr03_decoded_serial_node]: RECEIVED /cmd_vel: linear.x=0.0, angular.z=0.8980400000000001
[decoded_serial_node-3] [INFO] [1791264959.691068236] [bw_dr03_decoded_serial_node]: SEND MOTOR CMD: cd eb d7 09 74 46 42 53 53 15 15 00 00
[decoded_serial_node-3] [INFO] [1791264959.756825559] [bw_dr03_decoded_serial_node]: RECEIVED /cmd_vel: linear.x=0.0, angular.z=0.7640600000000001
[decoded_serial_node-3] [INFO] [1791264959.757630561] [bw_dr03_decoded_serial_node]: SEND MOTOR CMD: cd eb d7 09 74 46 42 53 53 12 12 00 00
[decoded_serial_node-3] [INFO] [1791264959.823647907] [bw_dr03_decoded_serial_node]: RECEIVED /cmd_vel: linear.x=0.0, angular.z=0.7293000000000001
[decoded_serial_node-3] [INFO] [1791264959.824445785] [bw_dr03_decoded_serial_node]: SEND MOTOR CMD: cd eb d7 09 74 46 42 53 53 11 11 00 00
[decoded_serial_node-3] [INFO] [1791264959.889962082] [bw_dr03_decoded_serial_node]: RECEIVED /cmd_vel: linear.x=0.0, angular.z=0.7240200000000001
[decoded_serial_node-3] [INFO] [1791264959.890727903] [bw_dr03_decoded_serial_node]: SEND MOTOR CMD: cd eb d7 09 74 46 42 53 53 11 11 00 00
[decoded_serial_node-3] [INFO] [1791264959.956791554] [bw_dr03_decoded_serial_node]: RECEIVED /cmd_vel: linear.x=0.0, angular.z=0.87868
[decoded_serial_node-3] [INFO] [1791264959.957537190] [bw_dr03_decoded_serial_node]: SEND MOTOR CMD: cd eb d7 09 74 46 42 53 53 15 15 00 00
[decoded_serial_node-3] [INFO] [1791264960.023471423] [bw_dr03_decoded_serial_node]: RECEIVED /cmd_vel: linear.x=0.0, angular.z=0.87868
[decoded_serial_node-3] [INFO] [1791264960.024226558] [bw_dr03_decoded_serial_node]: SEND MOTOR CMD: cd eb d7 09 74 46 42 53 53 15 15 00 00
[follow_planner-6] [INFO] [1791264960.089371223] [follow_planner_node]: [FOLLOW] canh huong tai cho | d=0.76m goc=20deg | v=0.000 w=0.756 | thoang=-
[decoded_serial_node-3] [INFO] [1791264960.090120421] [bw_dr03_decoded_serial_node]: RECEIVED /cmd_vel: linear.x=0.0, angular.z=0.75636
[decoded_serial_node-3] [INFO] [1791264960.090925424] [bw_dr03_decoded_serial_node]: SEND MOTOR CMD: cd eb d7 09 74 46 42 53 53 12 12 00 00
[decoded_serial_node-3] [INFO] [1791264960.160388370] [bw_dr03_decoded_serial_node]: RECEIVED /cmd_vel: linear.x=0.0, angular.z=0.6250200000000001
[decoded_serial_node-3] [INFO] [1791264960.161169626] [bw_dr03_decoded_serial_node]: SEND MOTOR CMD: cd eb d7 09 74 46 42 53 53 0f 0f 00 00
[decoded_serial_node-3] [INFO] [1791264960.223900470] [bw_dr03_decoded_serial_node]: RECEIVED /cmd_vel: linear.x=0.0, angular.z=0.74514
[decoded_serial_node-3] [INFO] [1791264960.224643732] [bw_dr03_decoded_serial_node]: SEND MOTOR CMD: cd eb d7 09 74 46 42 53 53 12 12 00 00
[decoded_serial_node-3] [INFO] [1791264960.290239578] [bw_dr03_decoded_serial_node]: RECEIVED /cmd_vel: linear.x=0.0, angular.z=0.8606400000000001
[decoded_serial_node-3] [INFO] [1791264960.291296293] [bw_dr03_decoded_serial_node]: SEND MOTOR CMD: cd eb d7 09 74 46 42 53 53 14 14 00 00
[decoded_serial_node-3] [INFO] [1791264960.356432646] [bw_dr03_decoded_serial_node]: RECEIVED /cmd_vel: linear.x=0.0, angular.z=0.73524
[decoded_serial_node-3] [INFO] [1791264960.357203217] [bw_dr03_decoded_serial_node]: SEND MOTOR CMD: cd eb d7 09 74 46 42 53 53 11 11 00 00
[decoded_serial_node-3] [INFO] [1791264960.423462774] [bw_dr03_decoded_serial_node]: RECEIVED /cmd_vel: linear.x=0.0, angular.z=0.73524
[decoded_serial_node-3] [INFO] [1791264960.424506428] [bw_dr03_decoded_serial_node]: SEND MOTOR CMD: cd eb d7 09 74 46 42 53 53 11 11 00 00
[follow_planner-6] [INFO] [1791264960.430946450] [follow_planner_node]: self-filter: bo 12/201 tia dap vao than xe
[decoded_serial_node-3] [INFO] [1791264960.490351611] [bw_dr03_decoded_serial_node]: RECEIVED /cmd_vel: linear.x=0.0, angular.z=0.89524
[decoded_serial_node-3] [INFO] [1791264960.491454631] [bw_dr03_decoded_serial_node]: SEND MOTOR CMD: cd eb d7 09 74 46 42 53 53 15 15 00 00
[decoded_serial_node-3] [INFO] [1791264960.557100345] [bw_dr03_decoded_serial_node]: RECEIVED /cmd_vel: linear.x=0.0, angular.z=0.7865
[decoded_serial_node-3] [INFO] [1791264960.557830546] [bw_dr03_decoded_serial_node]: SEND MOTOR CMD: cd eb d7 09 74 46 42 53 53 13 13 00 00
[decoded_serial_node-3] [INFO] [1791264960.622902785] [bw_dr03_decoded_serial_node]: RECEIVED /cmd_vel: linear.x=0.0, angular.z=0.9
[decoded_serial_node-3] [INFO] [1791264960.623662669] [bw_dr03_decoded_serial_node]: SEND MOTOR CMD: cd eb d7 09 74 46 42 53 53 15 15 00 00
[decoded_serial_node-3] [INFO] [1791264960.695285349] [bw_dr03_decoded_serial_node]: RECEIVED /cmd_vel: linear.x=0.0, angular.z=0.83072
[decoded_serial_node-3] [INFO] [1791264960.696104600] [bw_dr03_decoded_serial_node]: SEND MOTOR CMD: cd eb d7 09 74 46 42 53 53 14 14 00 00
[decoded_serial_node-3] [INFO] [1791264960.757147075] [bw_dr03_decoded_serial_node]: RECEIVED /cmd_vel: linear.x=0.0, angular.z=0.6941
[decoded_serial_node-3] [INFO] [1791264960.757931894] [bw_dr03_decoded_serial_node]: SEND MOTOR CMD: cd eb d7 09 74 46 42 53 53 10 10 00 00
[decoded_serial_node-3] [INFO] [1791264960.824418229] [bw_dr03_decoded_serial_node]: RECEIVED /cmd_vel: linear.x=0.0, angular.z=0.8541000000000001
[decoded_serial_node-3] [INFO] [1791264960.825231543] [bw_dr03_decoded_serial_node]: SEND MOTOR CMD: cd eb d7 09 74 46 42 53 53 14 14 00 00
[decoded_serial_node-3] [INFO] [1791264960.890358398] [bw_dr03_decoded_serial_node]: RECEIVED /cmd_vel: linear.x=0.0, angular.z=0.9
[decoded_serial_node-3] [INFO] [1791264960.891406801] [bw_dr03_decoded_serial_node]: SEND MOTOR CMD: cd eb d7 09 74 46 42 53 53 15 15 00 00
[decoded_serial_node-3] [INFO] [1791264960.957143938] [bw_dr03_decoded_serial_node]: RECEIVED /cmd_vel: linear.x=0.0, angular.z=0.9
[decoded_serial_node-3] [INFO] [1791264960.958203027] [bw_dr03_decoded_serial_node]: SEND MOTOR CMD: cd eb d7 09 74 46 42 53 53 15 15 00 00
[decoded_serial_node-3] [INFO] [1791264961.023797686] [bw_dr03_decoded_serial_node]: RECEIVED /cmd_vel: linear.x=0.0, angular.z=0.9
[decoded_serial_node-3] [INFO] [1791264961.024570631] [bw_dr03_decoded_serial_node]: SEND MOTOR CMD: cd eb d7 09 74 46 42 53 53 15 15 00 00
[follow_planner-6] [INFO] [1791264961.089790096] [follow_planner_node]: [FOLLOW] canh huong tai cho | d=0.60m goc=34deg | v=0.000 w=0.900 | thoang=-
[decoded_serial_node-3] [INFO] [1791264961.102144156] [bw_dr03_decoded_serial_node]: RECEIVED /cmd_vel: linear.x=0.0, angular.z=0.9
[decoded_serial_node-3] [INFO] [1791264961.103211557] [bw_dr03_decoded_serial_node]: SEND MOTOR CMD: cd eb d7 09 74 46 42 53 53 15 15 00 00
[decoded_serial_node-3] [INFO] [1791264961.156555451] [bw_dr03_decoded_serial_node]: RECEIVED /cmd_vel: linear.x=0.0, angular.z=0.9
[decoded_serial_node-3] [INFO] [1791264961.157632350] [bw_dr03_decoded_serial_node]: SEND MOTOR CMD: cd eb d7 09 74 46 42 53 53 15 15 00 00
[decoded_serial_node-3] [INFO] [1791264961.224068818] [bw_dr03_decoded_serial_node]: RECEIVED /cmd_vel: linear.x=0.0, angular.z=0.9
[decoded_serial_node-3] [INFO] [1791264961.225138592] [bw_dr03_decoded_serial_node]: SEND MOTOR CMD: cd eb d7 09 74 46 42 53 53 15 15 00 00
[decoded_serial_node-3] [INFO] [1791264961.296995174] [bw_dr03_decoded_serial_node]: RECEIVED /cmd_vel: linear.x=0.0, angular.z=0.9
[decoded_serial_node-3] [INFO] [1791264961.298070886] [bw_dr03_decoded_serial_node]: SEND MOTOR CMD: cd eb d7 09 74 46 42 53 53 15 15 00 00
[decoded_serial_node-3] [INFO] [1791264961.356958375] [bw_dr03_decoded_serial_node]: RECEIVED /cmd_vel: linear.x=0.0, angular.z=0.9
[decoded_serial_node-3] [INFO] [1791264961.357698075] [bw_dr03_decoded_serial_node]: SEND MOTOR CMD: cd eb d7 09 74 46 42 53 53 15 15 00 00
[decoded_serial_node-3] [INFO] [1791264961.423130070] [bw_dr03_decoded_serial_node]: RECEIVED /cmd_vel: linear.x=0.0, angular.z=0.9
[decoded_serial_node-3] [INFO] [1791264961.424203407] [bw_dr03_decoded_serial_node]: SEND MOTOR CMD: cd eb d7 09 74 46 42 53 53 15 15 00 00
[decoded_serial_node-3] [INFO] [1791264961.490153074] [bw_dr03_decoded_serial_node]: RECEIVED /cmd_vel: linear.x=0.0, angular.z=0.9
[decoded_serial_node-3] [INFO] [1791264961.490935517] [bw_dr03_decoded_serial_node]: SEND MOTOR CMD: cd eb d7 09 74 46 42 53 53 15 15 00 00
[decoded_serial_node-3] [INFO] [1791264961.557268688] [bw_dr03_decoded_serial_node]: RECEIVED /cmd_vel: linear.x=0.0, angular.z=0.9
[decoded_serial_node-3] [INFO] [1791264961.558396642] [bw_dr03_decoded_serial_node]: SEND MOTOR CMD: cd eb d7 09 74 46 42 53 53 15 15 00 00
[decoded_serial_node-3] [INFO] [1791264961.623347773] [bw_dr03_decoded_serial_node]: RECEIVED /cmd_vel: linear.x=0.0, angular.z=0.9
[decoded_serial_node-3] [INFO] [1791264961.624403300] [bw_dr03_decoded_serial_node]: SEND MOTOR CMD: cd eb d7 09 74 46 42 53 53 15 15 00 00
[decoded_serial_node-3] [INFO] [1791264961.690007456] [bw_dr03_decoded_serial_node]: RECEIVED /cmd_vel: linear.x=0.0, angular.z=0.9
[decoded_serial_node-3] [INFO] [1791264961.690735283] [bw_dr03_decoded_serial_node]: SEND MOTOR CMD: cd eb d7 09 74 46 42 53 53 15 15 00 00
[decoded_serial_node-3] [INFO] [1791264961.758540730] [bw_dr03_decoded_serial_node]: RECEIVED /cmd_vel: linear.x=0.0, angular.z=0.9
[decoded_serial_node-3] [INFO] [1791264961.759263808] [bw_dr03_decoded_serial_node]: SEND MOTOR CMD: cd eb d7 09 74 46 42 53 53 15 15 00 00
[decoded_serial_node-3] [INFO] [1791264961.823366005] [bw_dr03_decoded_serial_node]: RECEIVED /cmd_vel: linear.x=0.0, angular.z=0.9
[decoded_serial_node-3] [INFO] [1791264961.824130639] [bw_dr03_decoded_serial_node]: SEND MOTOR CMD: cd eb d7 09 74 46 42 53 53 15 15 00 00
[decoded_serial_node-3] [INFO] [1791264961.890858000] [bw_dr03_decoded_serial_node]: RECEIVED /cmd_vel: linear.x=0.0, angular.z=0.9
[decoded_serial_node-3] [INFO] [1791264961.891882657] [bw_dr03_decoded_serial_node]: SEND MOTOR CMD: cd eb d7 09 74 46 42 53 53 15 15 00 00
[decoded_serial_node-3] [INFO] [1791264961.956913338] [bw_dr03_decoded_serial_node]: RECEIVED /cmd_vel: linear.x=0.0, angular.z=0.9
[decoded_serial_node-3] [INFO] [1791264961.957673222] [bw_dr03_decoded_serial_node]: SEND MOTOR CMD: cd eb d7 09 74 46 42 53 53 15 15 00 00
[decoded_serial_node-3] [INFO] [1791264962.022915246] [bw_dr03_decoded_serial_node]: RECEIVED /cmd_vel: linear.x=0.0, angular.z=0.8448000000000001
[decoded_serial_node-3] [INFO] [1791264962.023666819] [bw_dr03_decoded_serial_node]: SEND MOTOR CMD: cd eb d7 09 74 46 42 53 53 14 14 00 00
[decoded_serial_node-3] [INFO] [1791264962.089880070] [bw_dr03_decoded_serial_node]: RECEIVED /cmd_vel: linear.x=0.0, angular.z=0.7493200000000001
[decoded_serial_node-3] [INFO] [1791264962.090673200] [bw_dr03_decoded_serial_node]: SEND MOTOR CMD: cd eb d7 09 74 46 42 53 53 12 12 00 00
[follow_planner-6] [INFO] [1791264962.156094508] [follow_planner_node]: [FOLLOW] canh huong tai cho | d=0.92m goc=20deg | v=0.000 w=0.749 | thoang=-
[decoded_serial_node-3] [INFO] [1791264962.157050300] [bw_dr03_decoded_serial_node]: RECEIVED /cmd_vel: linear.x=0.0, angular.z=0.7493200000000001
[decoded_serial_node-3] [INFO] [1791264962.157810185] [bw_dr03_decoded_serial_node]: SEND MOTOR CMD: cd eb d7 09 74 46 42 53 53 12 12 00 00
[decoded_serial_node-3] [INFO] [1791264962.222709073] [bw_dr03_decoded_serial_node]: RECEIVED /cmd_vel: linear.x=0.0, angular.z=0.60368
[decoded_serial_node-3] [INFO] [1791264962.223460646] [bw_dr03_decoded_serial_node]: SEND MOTOR CMD: cd eb d7 09 74 46 42 53 53 0e 0e 00 00
[decoded_serial_node-3] [INFO] [1791264962.290336421] [bw_dr03_decoded_serial_node]: RECEIVED /cmd_vel: linear.x=0.0, angular.z=0.5449400000000001
[decoded_serial_node-3] [INFO] [1791264962.291105804] [bw_dr03_decoded_serial_node]: SEND MOTOR CMD: cd eb d7 09 74 46 42 53 53 0d 0d 00 00
[decoded_serial_node-3] [INFO] [1791264962.385676996] [bw_dr03_decoded_serial_node]: RECEIVED /cmd_vel: linear.x=0.035, angular.z=0.38494000000000006
[decoded_serial_node-3] [INFO] [1791264962.386425007] [bw_dr03_decoded_serial_node]: SEND MOTOR CMD: cd eb d7 09 74 46 42 53 53 0d 05 00 00
[decoded_serial_node-3] [INFO] [1791264962.454078477] [bw_dr03_decoded_serial_node]: RECEIVED /cmd_vel: linear.x=0.04666666666666666, angular.z=0.31935249999999993
[decoded_serial_node-3] [INFO] [1791264962.454800367] [bw_dr03_decoded_serial_node]: SEND MOTOR CMD: cd eb d7 09 74 46 42 53 53 0d 05 00 00
[decoded_serial_node-3] [INFO] [1791264962.518922748] [bw_dr03_decoded_serial_node]: RECEIVED /cmd_vel: linear.x=0.06999999999999999, angular.z=0.2947571874999999
[decoded_serial_node-3] [INFO] [1791264962.519728938] [bw_dr03_decoded_serial_node]: SEND MOTOR CMD: cd eb d7 09 74 46 46 53 53 0f 05 00 00
[decoded_serial_node-3] [INFO] [1791264962.557085574] [bw_dr03_decoded_serial_node]: RECEIVED /cmd_vel: linear.x=0.09333333333333332, angular.z=0.1347571874999999
[decoded_serial_node-3] [INFO] [1791264962.557933320] [bw_dr03_decoded_serial_node]: SEND MOTOR CMD: cd eb d7 09 74 46 46 53 53 0e 08 00 00
[decoded_serial_node-3] [INFO] [1791264962.623779689] [bw_dr03_decoded_serial_node]: RECEIVED /cmd_vel: linear.x=0.11666666666666665, angular.z=-0.1
[decoded_serial_node-3] [INFO] [1791264962.624829279] [bw_dr03_decoded_serial_node]: SEND MOTOR CMD: cd eb d7 09 74 46 46 53 53 0b 10 00 00
[decoded_serial_node-3] [INFO] [1791264962.690492801] [bw_dr03_decoded_serial_node]: RECEIVED /cmd_vel: linear.x=0.13999999999999999, angular.z=-0.1852428125000001
[decoded_serial_node-3] [INFO] [1791264962.691627879] [bw_dr03_decoded_serial_node]: SEND MOTOR CMD: cd eb d7 09 74 46 46 53 53 0c 15 00 00
[decoded_serial_node-3] [INFO] [1791264962.758849164] [bw_dr03_decoded_serial_node]: RECEIVED /cmd_vel: linear.x=0.16333333333333333, angular.z=-0.3452428125000001
[decoded_serial_node-3] [INFO] [1791264962.759639918] [bw_dr03_decoded_serial_node]: SEND MOTOR CMD: cd eb d7 09 74 46 46 53 53 0b 1c 00 00
[decoded_serial_node-3] [INFO] [1791264962.824118495] [bw_dr03_decoded_serial_node]: RECEIVED /cmd_vel: linear.x=0.18666666666666665, angular.z=-0.3742207233776454
[decoded_serial_node-3] [INFO] [1791264962.825153838] [bw_dr03_decoded_serial_node]: SEND MOTOR CMD: cd eb d7 09 74 46 46 53 53 0d 1f 00 00
[decoded_serial_node-3] [INFO] [1791264962.890721187] [bw_dr03_decoded_serial_node]: RECEIVED /cmd_vel: linear.x=0.20999999999999996, angular.z=-0.3742207233776454
[decoded_serial_node-3] [INFO] [1791264962.891865763] [bw_dr03_decoded_serial_node]: SEND MOTOR CMD: cd eb d7 09 74 46 46 53 53 10 22 00 00
[decoded_serial_node-3] [INFO] [1791264962.956964121] [bw_dr03_decoded_serial_node]: RECEIVED /cmd_vel: linear.x=0.18666666666666665, angular.z=-0.5342207233776454
[decoded_serial_node-3] [INFO] [1791264962.957741815] [bw_dr03_decoded_serial_node]: SEND MOTOR CMD: cd eb d7 09 74 46 46 53 53 09 23 00 00
[decoded_serial_node-3] [INFO] [1791264963.059336001] [bw_dr03_decoded_serial_node]: RECEIVED /cmd_vel: linear.x=0.20999999999999996, angular.z=-0.6942207233776454
[decoded_serial_node-3] [INFO] [1791264963.060106571] [bw_dr03_decoded_serial_node]: SEND MOTOR CMD: cd eb d7 09 74 46 46 53 53 08 2a 00 00
[decoded_serial_node-3] [INFO] [1791264963.123370520] [bw_dr03_decoded_serial_node]: RECEIVED /cmd_vel: linear.x=0.22, angular.z=-0.8542207233776454
[decoded_serial_node-3] [INFO] [1791264963.124116156] [bw_dr03_decoded_serial_node]: SEND MOTOR CMD: cd eb d7 09 74 46 46 53 53 06 2f 00 00
[decoded_serial_node-3] [INFO] [1791264963.192961694] [bw_dr03_decoded_serial_node]: RECEIVED /cmd_vel: linear.x=0.22, angular.z=-1.0
[decoded_serial_node-3] [INFO] [1791264963.193720391] [bw_dr03_decoded_serial_node]: SEND MOTOR CMD: cd eb d7 09 74 46 46 53 53 05 33 00 00
[follow_planner-6] [INFO] [1791264963.262936372] [follow_planner_node]: [FOLLOW] bam nguoi | d=1.72m goc=9deg | v=0.220 w=-1.000 | thoang=0.20m
[decoded_serial_node-3] [INFO] [1791264963.263454043] [bw_dr03_decoded_serial_node]: RECEIVED /cmd_vel: linear.x=0.22, angular.z=-1.0
[decoded_serial_node-3] [INFO] [1791264963.264232925] [bw_dr03_decoded_serial_node]: SEND MOTOR CMD: cd eb d7 09 74 46 46 53 53 05 33 00 00
[decoded_serial_node-3] [INFO] [1791264963.331424526] [bw_dr03_decoded_serial_node]: RECEIVED /cmd_vel: linear.x=0.22, angular.z=-1.0
[decoded_serial_node-3] [INFO] [1791264963.332172538] [bw_dr03_decoded_serial_node]: SEND MOTOR CMD: cd eb d7 09 74 46 46 53 53 05 33 00 00
[decoded_serial_node-3] [INFO] [1791264963.388314943] [bw_dr03_decoded_serial_node]: RECEIVED /cmd_vel: linear.x=0.22, angular.z=-0.925
[decoded_serial_node-3] [INFO] [1791264963.389078390] [bw_dr03_decoded_serial_node]: SEND MOTOR CMD: cd eb d7 09 74 46 46 53 53 05 31 00 00
[decoded_serial_node-3] [INFO] [1791264963.456363789] [bw_dr03_decoded_serial_node]: RECEIVED /cmd_vel: linear.x=0.22, angular.z=-0.840625
[decoded_serial_node-3] [INFO] [1791264963.457117737] [bw_dr03_decoded_serial_node]: SEND MOTOR CMD: cd eb d7 09 74 46 46 53 53 06 2f 00 00
[decoded_serial_node-3] [INFO] [1791264963.490715319] [bw_dr03_decoded_serial_node]: RECEIVED /cmd_vel: linear.x=0.19666666666666666, angular.z=-0.6806249999999999
[decoded_serial_node-3] [INFO] [1791264963.491815964] [bw_dr03_decoded_serial_node]: SEND MOTOR CMD: cd eb d7 09 74 46 46 53 53 07 28 00 00
[decoded_serial_node-3] [INFO] [1791264963.561934308] [bw_dr03_decoded_serial_node]: RECEIVED /cmd_vel: linear.x=0.17333333333333334, angular.z=-0.5206249999999999
[decoded_serial_node-3] [INFO] [1791264963.562780867] [bw_dr03_decoded_serial_node]: SEND MOTOR CMD: cd eb d7 09 74 46 46 53 53 08 21 00 00
[decoded_serial_node-3] [INFO] [1791264963.657741498] [bw_dr03_decoded_serial_node]: RECEIVED /cmd_vel: linear.x=0.19666666666666666, angular.z=-0.6806249999999999
[decoded_serial_node-3] [INFO] [1791264963.658482385] [bw_dr03_decoded_serial_node]: SEND MOTOR CMD: cd eb d7 09 74 46 46 53 53 07 28 00 00
[decoded_serial_node-3] [INFO] [1791264963.724586402] [bw_dr03_decoded_serial_node]: RECEIVED /cmd_vel: linear.x=0.21999999999999997, angular.z=-0.7151171875
[decoded_serial_node-3] [INFO] [1791264963.725340350] [bw_dr03_decoded_serial_node]: SEND MOTOR CMD: cd eb d7 09 74 46 46 53 53 09 2c 00 00
[decoded_serial_node-3] [INFO] [1791264963.788463007] [bw_dr03_decoded_serial_node]: RECEIVED /cmd_vel: linear.x=0.22, angular.z=-0.5551171874999999
[decoded_serial_node-3] [INFO] [1791264963.789219330] [bw_dr03_decoded_serial_node]: SEND MOTOR CMD: cd eb d7 09 74 46 46 53 53 0d 28 00 00
[decoded_serial_node-3] [INFO] [1791264963.857037836] [bw_dr03_decoded_serial_node]: RECEIVED /cmd_vel: linear.x=0.22, angular.z=-0.48597412109374993
[decoded_serial_node-3] [INFO] [1791264963.857787034] [bw_dr03_decoded_serial_node]: SEND MOTOR CMD: cd eb d7 09 74 46 46 53 53 0f 26 00 00
[decoded_serial_node-3] [INFO] [1791264963.923837621] [bw_dr03_decoded_serial_node]: RECEIVED /cmd_vel: linear.x=0.22, angular.z=-0.4643669128417969
[decoded_serial_node-3] [INFO] [1791264963.924605817] [bw_dr03_decoded_serial_node]: SEND MOTOR CMD: cd eb d7 09 74 46 46 53 53 0f 26 00 00
[decoded_serial_node-3] [INFO] [1791264963.991535021] [bw_dr03_decoded_serial_node]: RECEIVED /cmd_vel: linear.x=0.22, angular.z=-0.3491375923156739
[decoded_serial_node-3] [INFO] [1791264963.992315090] [bw_dr03_decoded_serial_node]: SEND MOTOR CMD: cd eb d7 09 74 46 46 53 53 12 23 00 00
[decoded_serial_node-3] [INFO] [1791264964.058351429] [bw_dr03_decoded_serial_node]: RECEIVED /cmd_vel: linear.x=0.19666666666666666, angular.z=-0.5091375923156739
[decoded_serial_node-3] [INFO] [1791264964.059103002] [bw_dr03_decoded_serial_node]: SEND MOTOR CMD: cd eb d7 09 74 46 46 53 53 0b 24 00 00
[decoded_serial_node-3] [INFO] [1791264964.125132216] [bw_dr03_decoded_serial_node]: RECEIVED /cmd_vel: linear.x=0.17333333333333334, angular.z=-0.5772843980789185
[decoded_serial_node-3] [INFO] [1791264964.125858856] [bw_dr03_decoded_serial_node]: SEND MOTOR CMD: cd eb d7 09 74 46 46 53 53 07 23 00 00
[decoded_serial_node-3] [INFO] [1791264964.187080614] [bw_dr03_decoded_serial_node]: RECEIVED /cmd_vel: linear.x=0.15000000000000002, angular.z=-0.4929013743996621
[decoded_serial_node-3] [INFO] [1791264964.187866619] [bw_dr03_decoded_serial_node]: SEND MOTOR CMD: cd eb d7 09 74 46 46 53 53 06 1e 00 00
[decoded_serial_node-3] [INFO] [1791264964.253283177] [bw_dr03_decoded_serial_node]: RECEIVED /cmd_vel: linear.x=0.17333333333333334, angular.z=-0.33290137439966205
[decoded_serial_node-3] [INFO] [1791264964.254089367] [bw_dr03_decoded_serial_node]: SEND MOTOR CMD: cd eb d7 09 74 46 46 53 53 0d 1d 00 00
[follow_planner-6] [INFO] [1791264964.319630594] [follow_planner_node]: [AVOID] ne vat can (phai) | d=2.07m goc=54deg | v=0.197 w=-0.300 | thoang=0.09m
[decoded_serial_node-3] [INFO] [1791264964.320126893] [bw_dr03_decoded_serial_node]: RECEIVED /cmd_vel: linear.x=0.19666666666666666, angular.z=-0.2998380153998733
[decoded_serial_node-3] [INFO] [1791264964.320854720] [bw_dr03_decoded_serial_node]: SEND MOTOR CMD: cd eb d7 09 74 46 46 53 53 10 1f 00 00
[decoded_serial_node-3] [INFO] [1791264964.392058273] [bw_dr03_decoded_serial_node]: RECEIVED /cmd_vel: linear.x=0.17333333333333334, angular.z=-0.45983801539987335
[decoded_serial_node-3] [INFO] [1791264964.392824094] [bw_dr03_decoded_serial_node]: SEND MOTOR CMD: cd eb d7 09 74 46 46 53 53 0a 20 00 00
[decoded_serial_node-3] [INFO] [1791264964.454518405] [bw_dr03_decoded_serial_node]: RECEIVED /cmd_vel: linear.x=0.15000000000000002, angular.z=-0.5649595038499684
[decoded_serial_node-3] [INFO] [1791264964.455293725] [bw_dr03_decoded_serial_node]: SEND MOTOR CMD: cd eb d7 09 74 46 46 53 53 05 20 00 00
[decoded_serial_node-3] [INFO] [1791264964.491597208] [bw_dr03_decoded_serial_node]: RECEIVED /cmd_vel: linear.x=0.1266666666666667, angular.z=-0.40495950384996837
[decoded_serial_node-3] [INFO] [1791264964.492397461] [bw_dr03_decoded_serial_node]: SEND MOTOR CMD: cd eb d7 09 74 46 46 53 53 05 19 00 00
[decoded_serial_node-3] [INFO] [1791264964.557392520] [bw_dr03_decoded_serial_node]: RECEIVED /cmd_vel: linear.x=0.10333333333333337, angular.z=-0.24495950384996837
[decoded_serial_node-3] [INFO] [1791264964.558193961] [bw_dr03_decoded_serial_node]: SEND MOTOR CMD: cd eb d7 09 74 46 46 53 53 06 12 00 00
[decoded_serial_node-3] [INFO] [1791264964.623735187] [bw_dr03_decoded_serial_node]: RECEIVED /cmd_vel: linear.x=0.08000000000000004, angular.z=-0.1
[decoded_serial_node-3] [INFO] [1791264964.624505758] [bw_dr03_decoded_serial_node]: SEND MOTOR CMD: cd eb d7 09 74 46 46 53 53 07 0c 00 00
[decoded_serial_node-3] [INFO] [1791264964.691558442] [bw_dr03_decoded_serial_node]: RECEIVED /cmd_vel: linear.x=0.05666666666666671, angular.z=0.1
[decoded_serial_node-3] [INFO] [1791264964.692376505] [bw_dr03_decoded_serial_node]: SEND MOTOR CMD: cd eb d7 09 74 46 46 53 53 09 05 00 00
[decoded_serial_node-3] [INFO] [1791264964.757202965] [bw_dr03_decoded_serial_node]: RECEIVED /cmd_vel: linear.x=0.035, angular.z=0.23504049615003164
[decoded_serial_node-3] [INFO] [1791264964.757939103] [bw_dr03_decoded_serial_node]: SEND MOTOR CMD: cd eb d7 09 74 46 42 53 53 0a 05 00 00
[decoded_serial_node-3] [INFO] [1791264964.824098923] [bw_dr03_decoded_serial_node]: RECEIVED /cmd_vel: linear.x=0.035, angular.z=0.3950404961500317
[decoded_serial_node-3] [INFO] [1791264964.825200756] [bw_dr03_decoded_serial_node]: SEND MOTOR CMD: cd eb d7 09 74 46 42 53 53 0d 05 00 00
[decoded_serial_node-3] [INFO] [1791264964.891590915] [bw_dr03_decoded_serial_node]: RECEIVED /cmd_vel: linear.x=0.0, angular.z=0.5550404961500317
[decoded_serial_node-3] [INFO] [1791264964.892350800] [bw_dr03_decoded_serial_node]: SEND MOTOR CMD: cd eb d7 09 74 46 42 53 53 0d 0d 00 00
[decoded_serial_node-3] [INFO] [1791264964.957049029] [bw_dr03_decoded_serial_node]: RECEIVED /cmd_vel: linear.x=0.0, angular.z=0.7150404961500317
[decoded_serial_node-3] [INFO] [1791264964.957800603] [bw_dr03_decoded_serial_node]: SEND MOTOR CMD: cd eb d7 09 74 46 42 53 53 11 11 00 00
[decoded_serial_node-3] [INFO] [1791264965.023889183] [bw_dr03_decoded_serial_node]: RECEIVED /cmd_vel: linear.x=0.0, angular.z=0.8750404961500318
[decoded_serial_node-3] [INFO] [1791264965.024715558] [bw_dr03_decoded_serial_node]: SEND MOTOR CMD: cd eb d7 09 74 46 42 53 53 15 15 00 00
[decoded_serial_node-3] [INFO] [1791264965.090450316] [bw_dr03_decoded_serial_node]: RECEIVED /cmd_vel: linear.x=0.0, angular.z=0.9
[decoded_serial_node-3] [INFO] [1791264965.091220887] [bw_dr03_decoded_serial_node]: SEND MOTOR CMD: cd eb d7 09 74 46 42 53 53 15 15 00 00
[decoded_serial_node-3] [INFO] [1791264965.156816729] [bw_dr03_decoded_serial_node]: RECEIVED /cmd_vel: linear.x=0.0, angular.z=0.9
[decoded_serial_node-3] [INFO] [1791264965.157651415] [bw_dr03_decoded_serial_node]: SEND MOTOR CMD: cd eb d7 09 74 46 42 53 53 15 15 00 00
[decoded_serial_node-3] [INFO] [1791264965.223223511] [bw_dr03_decoded_serial_node]: RECEIVED /cmd_vel: linear.x=0.0, angular.z=0.9
[decoded_serial_node-3] [INFO] [1791264965.224028513] [bw_dr03_decoded_serial_node]: SEND MOTOR CMD: cd eb d7 09 74 46 42 53 53 15 15 00 00
[follow_planner-6] [INFO] [1791264965.289804828] [follow_planner_node]: [OCCLUDED] nguoi ra khoi camera — xoay ve huong nho cuoi | d=2.00m goc=73deg | v=0.000 w=0.900 | thoang=-
[decoded_serial_node-3] [INFO] [1791264965.290348620] [bw_dr03_decoded_serial_node]: RECEIVED /cmd_vel: linear.x=0.0, angular.z=0.9
[decoded_serial_node-3] [INFO] [1791264965.291102568] [bw_dr03_decoded_serial_node]: SEND MOTOR CMD: cd eb d7 09 74 46 42 53 53 15 15 00 00
[decoded_serial_node-3] [INFO] [1791264965.356988117] [bw_dr03_decoded_serial_node]: RECEIVED /cmd_vel: linear.x=0.0, angular.z=0.9
[decoded_serial_node-3] [INFO] [1791264965.357781246] [bw_dr03_decoded_serial_node]: SEND MOTOR CMD: cd eb d7 09 74 46 42 53 53 15 15 00 00
[decoded_serial_node-3] [INFO] [1791264965.423628800] [bw_dr03_decoded_serial_node]: RECEIVED /cmd_vel: linear.x=0.0, angular.z=0.9
[decoded_serial_node-3] [INFO] [1791264965.424411244] [bw_dr03_decoded_serial_node]: SEND MOTOR CMD: cd eb d7 09 74 46 42 53 53 15 15 00 00
[decoded_serial_node-3] [INFO] [1791264965.490343097] [bw_dr03_decoded_serial_node]: RECEIVED /cmd_vel: linear.x=0.0, angular.z=0.9
[decoded_serial_node-3] [INFO] [1791264965.491098233] [bw_dr03_decoded_serial_node]: SEND MOTOR CMD: cd eb d7 09 74 46 42 53 53 15 15 00 00
[decoded_serial_node-3] [INFO] [1791264965.557131009] [bw_dr03_decoded_serial_node]: RECEIVED /cmd_vel: linear.x=0.0, angular.z=0.9
[decoded_serial_node-3] [INFO] [1791264965.557913452] [bw_dr03_decoded_serial_node]: SEND MOTOR CMD: cd eb d7 09 74 46 42 53 53 15 15 00 00
[decoded_serial_node-3] [INFO] [1791264965.623709951] [bw_dr03_decoded_serial_node]: RECEIVED /cmd_vel: linear.x=0.0, angular.z=0.9
[decoded_serial_node-3] [INFO] [1791264965.624478147] [bw_dr03_decoded_serial_node]: SEND MOTOR CMD: cd eb d7 09 74 46 42 53 53 15 15 00 00
[decoded_serial_node-3] [INFO] [1791264965.690406439] [bw_dr03_decoded_serial_node]: RECEIVED /cmd_vel: linear.x=0.0, angular.z=0.9
[decoded_serial_node-3] [INFO] [1791264965.690854058] [bw_dr03_decoded_serial_node]: SEND MOTOR CMD: cd eb d7 09 74 46 42 53 53 15 15 00 00
[decoded_serial_node-3] [INFO] [1791264965.756512829] [bw_dr03_decoded_serial_node]: RECEIVED /cmd_vel: linear.x=0.0, angular.z=0.9
[decoded_serial_node-3] [INFO] [1791264965.757251341] [bw_dr03_decoded_serial_node]: SEND MOTOR CMD: cd eb d7 09 74 46 42 53 53 15 15 00 00
[decoded_serial_node-3] [INFO] [1791264965.824033316] [bw_dr03_decoded_serial_node]: RECEIVED /cmd_vel: linear.x=0.0, angular.z=0.9
[decoded_serial_node-3] [INFO] [1791264965.824801512] [bw_dr03_decoded_serial_node]: SEND MOTOR CMD: cd eb d7 09 74 46 42 53 53 15 15 00 00
[decoded_serial_node-3] [INFO] [1791264965.894138598] [bw_dr03_decoded_serial_node]: RECEIVED /cmd_vel: linear.x=0.0, angular.z=0.9
[decoded_serial_node-3] [INFO] [1791264965.894864050] [bw_dr03_decoded_serial_node]: SEND MOTOR CMD: cd eb d7 09 74 46 42 53 53 15 15 00 00
[decoded_serial_node-3] [INFO] [1791264965.957267190] [bw_dr03_decoded_serial_node]: RECEIVED /cmd_vel: linear.x=0.0, angular.z=0.9
[decoded_serial_node-3] [INFO] [1791264965.958056758] [bw_dr03_decoded_serial_node]: SEND MOTOR CMD: cd eb d7 09 74 46 42 53 53 15 15 00 00
[decoded_serial_node-3] [INFO] [1791264966.023714340] [bw_dr03_decoded_serial_node]: RECEIVED /cmd_vel: linear.x=0.0, angular.z=0.9
[decoded_serial_node-3] [INFO] [1791264966.024471850] [bw_dr03_decoded_serial_node]: SEND MOTOR CMD: cd eb d7 09 74 46 42 53 53 15 15 00 00
[decoded_serial_node-3] [INFO] [1791264966.090828764] [bw_dr03_decoded_serial_node]: RECEIVED /cmd_vel: linear.x=0.0, angular.z=0.9
[decoded_serial_node-3] [INFO] [1791264966.091903288] [bw_dr03_decoded_serial_node]: SEND MOTOR CMD: cd eb d7 09 74 46 42 53 53 15 15 00 00
[decoded_serial_node-3] [INFO] [1791264966.157034887] [bw_dr03_decoded_serial_node]: RECEIVED /cmd_vel: linear.x=0.0, angular.z=0.9
[decoded_serial_node-3] [INFO] [1791264966.158082103] [bw_dr03_decoded_serial_node]: SEND MOTOR CMD: cd eb d7 09 74 46 42 53 53 15 15 00 00
[decoded_serial_node-3] [INFO] [1791264966.223414360] [bw_dr03_decoded_serial_node]: RECEIVED /cmd_vel: linear.x=0.0, angular.z=0.9
[decoded_serial_node-3] [INFO] [1791264966.224156435] [bw_dr03_decoded_serial_node]: SEND MOTOR CMD: cd eb d7 09 74 46 42 53 53 15 15 00 00
[follow_planner-6] [INFO] [1791264966.290896852] [follow_planner_node]: [OCCLUDED] nguoi ra khoi camera — xoay ve huong nho cuoi | d=1.96m goc=48deg | v=0.000 w=0.900 | thoang=-
[decoded_serial_node-3] [INFO] [1791264966.292350131] [bw_dr03_decoded_serial_node]: RECEIVED /cmd_vel: linear.x=0.0, angular.z=0.9
[decoded_serial_node-3] [INFO] [1791264966.293101704] [bw_dr03_decoded_serial_node]: SEND MOTOR CMD: cd eb d7 09 74 46 42 53 53 15 15 00 00
[decoded_serial_node-3] [INFO] [1791264966.356822769] [bw_dr03_decoded_serial_node]: RECEIVED /cmd_vel: linear.x=0.0, angular.z=0.9
[decoded_serial_node-3] [INFO] [1791264966.357589777] [bw_dr03_decoded_serial_node]: SEND MOTOR CMD: cd eb d7 09 74 46 42 53 53 15 15 00 00
[decoded_serial_node-3] [INFO] [1791264966.423778091] [bw_dr03_decoded_serial_node]: RECEIVED /cmd_vel: linear.x=0.0, angular.z=0.9
[decoded_serial_node-3] [INFO] [1791264966.424533226] [bw_dr03_decoded_serial_node]: SEND MOTOR CMD: cd eb d7 09 74 46 42 53 53 15 15 00 00
[decoded_serial_node-3] [INFO] [1791264966.490200307] [bw_dr03_decoded_serial_node]: RECEIVED /cmd_vel: linear.x=0.0, angular.z=0.9
[decoded_serial_node-3] [INFO] [1791264966.490999373] [bw_dr03_decoded_serial_node]: SEND MOTOR CMD: cd eb d7 09 74 46 42 53 53 15 15 00 00
[decoded_serial_node-3] [INFO] [1791264966.557053520] [bw_dr03_decoded_serial_node]: RECEIVED /cmd_vel: linear.x=0.0, angular.z=0.9
[decoded_serial_node-3] [INFO] [1791264966.557858523] [bw_dr03_decoded_serial_node]: SEND MOTOR CMD: cd eb d7 09 74 46 42 53 53 15 15 00 00
[decoded_serial_node-3] [INFO] [1791264966.623319010] [bw_dr03_decoded_serial_node]: RECEIVED /cmd_vel: linear.x=0.0, angular.z=0.9
[decoded_serial_node-3] [INFO] [1791264966.624147759] [bw_dr03_decoded_serial_node]: SEND MOTOR CMD: cd eb d7 09 74 46 42 53 53 15 15 00 00
[decoded_serial_node-3] [INFO] [1791264966.720444121] [bw_dr03_decoded_serial_node]: RECEIVED /cmd_vel: linear.x=0.035, angular.z=0.74
[decoded_serial_node-3] [INFO] [1791264966.721307302] [bw_dr03_decoded_serial_node]: SEND MOTOR CMD: cd eb d7 09 74 46 42 53 53 16 0d 00 00
[decoded_serial_node-3] [INFO] [1791264966.787156043] [bw_dr03_decoded_serial_node]: RECEIVED /cmd_vel: linear.x=0.04666666666666666, angular.z=0.58
[decoded_serial_node-3] [INFO] [1791264966.788099962] [bw_dr03_decoded_serial_node]: SEND MOTOR CMD: cd eb d7 09 74 46 42 53 53 13 08 00 00
[decoded_serial_node-3] [INFO] [1791264966.854517429] [bw_dr03_decoded_serial_node]: RECEIVED /cmd_vel: linear.x=0.06999999999999999, angular.z=0.41999999999999993
[decoded_serial_node-3] [INFO] [1791264966.855309371] [bw_dr03_decoded_serial_node]: SEND MOTOR CMD: cd eb d7 09 74 46 42 53 53 12 05 00 00
[decoded_serial_node-3] [INFO] [1791264966.920252187] [bw_dr03_decoded_serial_node]: RECEIVED /cmd_vel: linear.x=0.09333333333333332, angular.z=0.4437500000000001
[decoded_serial_node-3] [INFO] [1791264966.921033443] [bw_dr03_decoded_serial_node]: SEND MOTOR CMD: cd eb d7 09 74 46 53 53 53 16 1e 00 00
[decoded_serial_node-3] [INFO] [1791264966.986355014] [bw_dr03_decoded_serial_node]: RECEIVED /cmd_vel: linear.x=0.11666666666666665, angular.z=0.6037500000000001
[decoded_serial_node-3] [INFO] [1791264966.987088777] [bw_dr03_decoded_serial_node]: SEND MOTOR CMD: cd eb d7 09 74 46 53 53 53 1d 1e 00 00
[decoded_serial_node-3] [INFO] [1791264967.052291615] [bw_dr03_decoded_serial_node]: RECEIVED /cmd_vel: linear.x=0.13999999999999999, angular.z=0.7637500000000002
[decoded_serial_node-3] [INFO] [1791264967.053261655] [bw_dr03_decoded_serial_node]: SEND MOTOR CMD: cd eb d7 09 74 46 42 53 53 23 05 00 00
[decoded_serial_node-3] [INFO] [1791264967.118579664] [bw_dr03_decoded_serial_node]: RECEIVED /cmd_vel: linear.x=0.16333333333333333, angular.z=0.730703125
[decoded_serial_node-3] [INFO] [1791264967.119354983] [bw_dr03_decoded_serial_node]: SEND MOTOR CMD: cd eb d7 09 74 46 46 53 53 25 05 00 00
[decoded_serial_node-3] [INFO] [1791264967.184744230] [bw_dr03_decoded_serial_node]: RECEIVED /cmd_vel: linear.x=0.18666666666666665, angular.z=0.7245068359375
[decoded_serial_node-3] [INFO] [1791264967.185809256] [bw_dr03_decoded_serial_node]: SEND MOTOR CMD: cd eb d7 09 74 46 46 53 53 28 05 00 00
[decoded_serial_node-3] [INFO] [1791264967.258143135] [bw_dr03_decoded_serial_node]: RECEIVED /cmd_vel: linear.x=0.20999999999999996, angular.z=0.7233450317382812
[decoded_serial_node-3] [INFO] [1791264967.258876898] [bw_dr03_decoded_serial_node]: SEND MOTOR CMD: cd eb d7 09 74 46 46 53 53 2b 08 00 00
[decoded_serial_node-3] [INFO] [1791264967.321466446] [bw_dr03_decoded_serial_node]: RECEIVED /cmd_vel: linear.x=0.22, angular.z=0.6308362579345703
[decoded_serial_node-3] [INFO] [1791264967.322269074] [bw_dr03_decoded_serial_node]: SEND MOTOR CMD: cd eb d7 09 74 46 46 53 53 2a 0b 00 00
[follow_planner-6] [INFO] [1791264967.383176190] [follow_planner_node]: [AVOID] ne vat can (trai) | d=1.93m goc=1deg | v=0.220 w=0.510 | thoang=0.13m
[decoded_serial_node-3] [INFO] [1791264967.384107049] [bw_dr03_decoded_serial_node]: RECEIVED /cmd_vel: linear.x=0.22, angular.z=0.5096363306045533
[decoded_serial_node-3] [INFO] [1791264967.385099648] [bw_dr03_decoded_serial_node]: SEND MOTOR CMD: cd eb d7 09 74 46 46 53 53 27 0e 00 00
[decoded_serial_node-3] [INFO] [1791264967.451431627] [bw_dr03_decoded_serial_node]: RECEIVED /cmd_vel: linear.x=0.22, angular.z=0.4717613533139229
[decoded_serial_node-3] [INFO] [1791264967.452224756] [bw_dr03_decoded_serial_node]: SEND MOTOR CMD: cd eb d7 09 74 46 46 53 53 26 0f 00 00
[decoded_serial_node-3] [INFO] [1791264967.515232241] [bw_dr03_decoded_serial_node]: RECEIVED /cmd_vel: linear.x=0.22, angular.z=0.31176135331392285
[decoded_serial_node-3] [INFO] [1791264967.515996874] [bw_dr03_decoded_serial_node]: SEND MOTOR CMD: cd eb d7 09 74 46 46 53 53 22 13 00 00
[decoded_serial_node-3] [INFO] [1791264967.584051654] [bw_dr03_decoded_serial_node]: RECEIVED /cmd_vel: linear.x=0.22, angular.z=0.15176135331392285
[decoded_serial_node-3] [INFO] [1791264967.584825786] [bw_dr03_decoded_serial_node]: SEND MOTOR CMD: cd eb d7 09 74 46 46 53 53 1e 17 00 00
[decoded_serial_node-3] [INFO] [1791264967.650708958] [bw_dr03_decoded_serial_node]: RECEIVED /cmd_vel: linear.x=0.22, angular.z=0.0
[decoded_serial_node-3] [INFO] [1791264967.651484278] [bw_dr03_decoded_serial_node]: SEND MOTOR CMD: cd eb d7 09 74 46 46 53 53 1a 1a 00 00
[decoded_serial_node-3] [INFO] [1791264967.718280499] [bw_dr03_decoded_serial_node]: RECEIVED /cmd_vel: linear.x=0.22, angular.z=0.0
[decoded_serial_node-3] [INFO] [1791264967.719033260] [bw_dr03_decoded_serial_node]: SEND MOTOR CMD: cd eb d7 09 74 46 46 53 53 1a 1a 00 00
[decoded_serial_node-3] [INFO] [1791264967.787963094] [bw_dr03_decoded_serial_node]: RECEIVED /cmd_vel: linear.x=0.22, angular.z=0.0
[decoded_serial_node-3] [INFO] [1791264967.788721791] [bw_dr03_decoded_serial_node]: SEND MOTOR CMD: cd eb d7 09 74 46 46 53 53 1a 1a 00 00
[decoded_serial_node-3] [INFO] [1791264967.852306312] [bw_dr03_decoded_serial_node]: RECEIVED /cmd_vel: linear.x=0.22, angular.z=0.0
[decoded_serial_node-3] [INFO] [1791264967.853086381] [bw_dr03_decoded_serial_node]: SEND MOTOR CMD: cd eb d7 09 74 46 46 53 53 1a 1a 00 00
[decoded_serial_node-3] [INFO] [1791264967.921480734] [bw_dr03_decoded_serial_node]: RECEIVED /cmd_vel: linear.x=0.22, angular.z=0.0
[decoded_serial_node-3] [INFO] [1791264967.922231120] [bw_dr03_decoded_serial_node]: SEND MOTOR CMD: cd eb d7 09 74 46 46 53 53 1a 1a 00 00
[decoded_serial_node-3] [INFO] [1791264967.987705854] [bw_dr03_decoded_serial_node]: RECEIVED /cmd_vel: linear.x=0.22, angular.z=-0.125
[decoded_serial_node-3] [INFO] [1791264967.988452678] [bw_dr03_decoded_serial_node]: SEND MOTOR CMD: cd eb d7 09 74 46 46 53 53 17 1d 00 00
[decoded_serial_node-3] [INFO] [1791264968.052281787] [bw_dr03_decoded_serial_node]: RECEIVED /cmd_vel: linear.x=0.22, angular.z=-0.125
[decoded_serial_node-3] [INFO] [1791264968.053047608] [bw_dr03_decoded_serial_node]: SEND MOTOR CMD: cd eb d7 09 74 46 46 53 53 17 1d 00 00
[decoded_serial_node-3] [INFO] [1791264968.117643725] [bw_dr03_decoded_serial_node]: RECEIVED /cmd_vel: linear.x=0.22, angular.z=-0.125
[decoded_serial_node-3] [INFO] [1791264968.118416670] [bw_dr03_decoded_serial_node]: SEND MOTOR CMD: cd eb d7 09 74 46 46 53 53 17 1d 00 00
[decoded_serial_node-3] [INFO] [1791264968.185747184] [bw_dr03_decoded_serial_node]: RECEIVED /cmd_vel: linear.x=0.22, angular.z=-0.28500000000000003
[decoded_serial_node-3] [INFO] [1791264968.186489259] [bw_dr03_decoded_serial_node]: SEND MOTOR CMD: cd eb d7 09 74 46 46 53 53 13 21 00 00
[decoded_serial_node-3] [INFO] [1791264968.251367958] [bw_dr03_decoded_serial_node]: RECEIVED /cmd_vel: linear.x=0.22, angular.z=-0.40156250000000004
[decoded_serial_node-3] [INFO] [1791264968.252120718] [bw_dr03_decoded_serial_node]: SEND MOTOR CMD: cd eb d7 09 74 46 46 53 53 11 24 00 00
[decoded_serial_node-3] [INFO] [1791264968.316826069] [bw_dr03_decoded_serial_node]: RECEIVED /cmd_vel: linear.x=0.22, angular.z=-0.43798828125
[decoded_serial_node-3] [INFO] [1791264968.317844789] [bw_dr03_decoded_serial_node]: SEND MOTOR CMD: cd eb d7 09 74 46 46 53 53 10 25 00 00
[follow_planner-6] [INFO] [1791264968.383908433] [follow_planner_node]: [FOLLOW] bam nguoi | d=1.67m goc=-24deg | v=0.220 w=-0.449 | thoang=0.20m
[decoded_serial_node-3] [INFO] [1791264968.384860663] [bw_dr03_decoded_serial_node]: RECEIVED /cmd_vel: linear.x=0.22, angular.z=-0.449371337890625
[decoded_serial_node-3] [INFO] [1791264968.385910254] [bw_dr03_decoded_serial_node]: SEND MOTOR CMD: cd eb d7 09 74 46 46 53 53 0f 25 00 00
[decoded_serial_node-3] [INFO] [1791264968.452047511] [bw_dr03_decoded_serial_node]: RECEIVED /cmd_vel: linear.x=0.22, angular.z=-0.3435142517089844
[decoded_serial_node-3] [INFO] [1791264968.452778900] [bw_dr03_decoded_serial_node]: SEND MOTOR CMD: cd eb d7 09 74 46 46 53 53 12 23 00 00
[decoded_serial_node-3] [INFO] [1791264968.519255731] [bw_dr03_decoded_serial_node]: RECEIVED /cmd_vel: linear.x=0.22, angular.z=-0.30381784439086923
[decoded_serial_node-3] [INFO] [1791264968.519995432] [bw_dr03_decoded_serial_node]: SEND MOTOR CMD: cd eb d7 09 74 46 46 53 53 13 22 00 00
[decoded_serial_node-3] [INFO] [1791264968.585515283] [bw_dr03_decoded_serial_node]: RECEIVED /cmd_vel: linear.x=0.22, angular.z=-0.28893169164657595
[decoded_serial_node-3] [INFO] [1791264968.586538753] [bw_dr03_decoded_serial_node]: SEND MOTOR CMD: cd eb d7 09 74 46 46 53 53 13 21 00 00
[decoded_serial_node-3] [INFO] [1791264968.653386027] [bw_dr03_decoded_serial_node]: RECEIVED /cmd_vel: linear.x=0.22, angular.z=-0.28334938436746604
[decoded_serial_node-3] [INFO] [1791264968.654130477] [bw_dr03_decoded_serial_node]: SEND MOTOR CMD: cd eb d7 09 74 46 46 53 53 14 21 00 00
[decoded_serial_node-3] [INFO] [1791264968.719602836] [bw_dr03_decoded_serial_node]: RECEIVED /cmd_vel: linear.x=0.22, angular.z=-0.28125601913779974
[decoded_serial_node-3] [INFO] [1791264968.720454144] [bw_dr03_decoded_serial_node]: SEND MOTOR CMD: cd eb d7 09 74 46 46 53 53 14 21 00 00
[decoded_serial_node-3] [INFO] [1791264968.785570307] [bw_dr03_decoded_serial_node]: RECEIVED /cmd_vel: linear.x=0.22, angular.z=-0.28047100717667495
[decoded_serial_node-3] [INFO] [1791264968.786514226] [bw_dr03_decoded_serial_node]: SEND MOTOR CMD: cd eb d7 09 74 46 46 53 53 14 21 00 00
[decoded_serial_node-3] [INFO] [1791264968.853050423] [bw_dr03_decoded_serial_node]: RECEIVED /cmd_vel: linear.x=0.22, angular.z=-0.2801766276912532
[decoded_serial_node-3] [INFO] [1791264968.853800809] [bw_dr03_decoded_serial_node]: SEND MOTOR CMD: cd eb d7 09 74 46 46 53 53 14 21 00 00
[decoded_serial_node-3] [INFO] [1791264968.919063012] [bw_dr03_decoded_serial_node]: RECEIVED /cmd_vel: linear.x=0.22, angular.z=-0.16007727461492327
[decoded_serial_node-3] [INFO] [1791264968.919841894] [bw_dr03_decoded_serial_node]: SEND MOTOR CMD: cd eb d7 09 74 46 46 53 53 17 1e 00 00
[decoded_serial_node-3] [INFO] [1791264968.985340374] [bw_dr03_decoded_serial_node]: RECEIVED /cmd_vel: linear.x=0.22, angular.z=-0.125
[decoded_serial_node-3] [INFO] [1791264968.986148938] [bw_dr03_decoded_serial_node]: SEND MOTOR CMD: cd eb d7 09 74 46 46 53 53 17 1d 00 00
[decoded_serial_node-3] [INFO] [1791264969.054749883] [bw_dr03_decoded_serial_node]: RECEIVED /cmd_vel: linear.x=0.22, angular.z=-0.125
[decoded_serial_node-3] [INFO] [1791264969.055497895] [bw_dr03_decoded_serial_node]: SEND MOTOR CMD: cd eb d7 09 74 46 46 53 53 17 1d 00 00
[decoded_serial_node-3] [INFO] [1791264969.118716720] [bw_dr03_decoded_serial_node]: RECEIVED /cmd_vel: linear.x=0.22, angular.z=0.0
[decoded_serial_node-3] [INFO] [1791264969.119501538] [bw_dr03_decoded_serial_node]: SEND MOTOR CMD: cd eb d7 09 74 46 46 53 53 1a 1a 00 00
[decoded_serial_node-3] [INFO] [1791264969.185226796] [bw_dr03_decoded_serial_node]: RECEIVED /cmd_vel: linear.x=0.22, angular.z=0.0
[decoded_serial_node-3] [INFO] [1791264969.185961746] [bw_dr03_decoded_serial_node]: SEND MOTOR CMD: cd eb d7 09 74 46 46 53 53 1a 1a 00 00
[decoded_serial_node-3] [INFO] [1791264969.254787095] [bw_dr03_decoded_serial_node]: RECEIVED /cmd_vel: linear.x=0.22, angular.z=0.0
[decoded_serial_node-3] [INFO] [1791264969.255837872] [bw_dr03_decoded_serial_node]: SEND MOTOR CMD: cd eb d7 09 74 46 46 53 53 1a 1a 00 00
[decoded_serial_node-3] [INFO] [1791264969.319810646] [bw_dr03_decoded_serial_node]: RECEIVED /cmd_vel: linear.x=0.22, angular.z=0.125
[decoded_serial_node-3] [INFO] [1791264969.320581216] [bw_dr03_decoded_serial_node]: SEND MOTOR CMD: cd eb d7 09 74 46 46 53 53 1d 17 00 00
[decoded_serial_node-3] [INFO] [1791264969.386946439] [bw_dr03_decoded_serial_node]: RECEIVED /cmd_vel: linear.x=0.22, angular.z=0.125
[decoded_serial_node-3] [INFO] [1791264969.387768064] [bw_dr03_decoded_serial_node]: SEND MOTOR CMD: cd eb d7 09 74 46 46 53 53 1d 17 00 00
[follow_planner-6] [INFO] [1791264969.452745310] [follow_planner_node]: [FOLLOW] bam nguoi | d=1.76m goc=-2deg | v=0.220 w=0.125 | thoang=0.23m
[decoded_serial_node-3] [INFO] [1791264969.453399523] [bw_dr03_decoded_serial_node]: RECEIVED /cmd_vel: linear.x=0.22, angular.z=0.125
[decoded_serial_node-3] [INFO] [1791264969.454166531] [bw_dr03_decoded_serial_node]: SEND MOTOR CMD: cd eb d7 09 74 46 46 53 53 1d 17 00 00
[decoded_serial_node-3] [INFO] [1791264969.520788215] [bw_dr03_decoded_serial_node]: RECEIVED /cmd_vel: linear.x=0.22, angular.z=0.125
[decoded_serial_node-3] [INFO] [1791264969.521530289] [bw_dr03_decoded_serial_node]: SEND MOTOR CMD: cd eb d7 09 74 46 46 53 53 1d 17 00 00
[decoded_serial_node-3] [INFO] [1791264969.587294728] [bw_dr03_decoded_serial_node]: RECEIVED /cmd_vel: linear.x=0.22, angular.z=0.125
[decoded_serial_node-3] [INFO] [1791264969.588093794] [bw_dr03_decoded_serial_node]: SEND MOTOR CMD: cd eb d7 09 74 46 46 53 53 1d 17 00 00
[decoded_serial_node-3] [INFO] [1791264969.652021449] [bw_dr03_decoded_serial_node]: RECEIVED /cmd_vel: linear.x=0.22, angular.z=0.125
[decoded_serial_node-3] [INFO] [1791264969.652765899] [bw_dr03_decoded_serial_node]: SEND MOTOR CMD: cd eb d7 09 74 46 46 53 53 1d 17 00 00
[decoded_serial_node-3] [INFO] [1791264969.719727156] [bw_dr03_decoded_serial_node]: RECEIVED /cmd_vel: linear.x=0.22, angular.z=0.25
[decoded_serial_node-3] [INFO] [1791264969.720497726] [bw_dr03_decoded_serial_node]: SEND MOTOR CMD: cd eb d7 09 74 46 46 53 53 21 14 00 00
[decoded_serial_node-3] [INFO] [1791264969.787169277] [bw_dr03_decoded_serial_node]: RECEIVED /cmd_vel: linear.x=0.22, angular.z=0.26875000000000004
[decoded_serial_node-3] [INFO] [1791264969.787932723] [bw_dr03_decoded_serial_node]: SEND MOTOR CMD: cd eb d7 09 74 46 46 53 53 21 14 00 00
[decoded_serial_node-3] [INFO] [1791264969.851885312] [bw_dr03_decoded_serial_node]: RECEIVED /cmd_vel: linear.x=0.22, angular.z=0.15507812499999996
[decoded_serial_node-3] [INFO] [1791264969.852674880] [bw_dr03_decoded_serial_node]: SEND MOTOR CMD: cd eb d7 09 74 46 46 53 53 1e 17 00 00
[decoded_serial_node-3] [INFO] [1791264969.917306616] [bw_dr03_decoded_serial_node]: RECEIVED /cmd_vel: linear.x=0.22, angular.z=0.25
[decoded_serial_node-3] [INFO] [1791264969.918090247] [bw_dr03_decoded_serial_node]: SEND MOTOR CMD: cd eb d7 09 74 46 46 53 53 21 14 00 00
[decoded_serial_node-3] [INFO] [1791264969.985123930] [bw_dr03_decoded_serial_node]: RECEIVED /cmd_vel: linear.x=0.22, angular.z=0.1
[decoded_serial_node-3] [INFO] [1791264969.985881440] [bw_dr03_decoded_serial_node]: SEND MOTOR CMD: cd eb d7 09 74 46 46 53 53 1d 18 00 00
[decoded_serial_node-3] [INFO] [1791264970.052137428] [bw_dr03_decoded_serial_node]: RECEIVED /cmd_vel: linear.x=0.22, angular.z=-0.1
[decoded_serial_node-3] [INFO] [1791264970.052849820] [bw_dr03_decoded_serial_node]: SEND MOTOR CMD: cd eb d7 09 74 46 46 53 53 18 1d 00 00
[decoded_serial_node-3] [INFO] [1791264970.119725589] [bw_dr03_decoded_serial_node]: RECEIVED /cmd_vel: linear.x=0.22, angular.z=-0.125
[decoded_serial_node-3] [INFO] [1791264970.120504470] [bw_dr03_decoded_serial_node]: SEND MOTOR CMD: cd eb d7 09 74 46 46 53 53 17 1d 00 00
[decoded_serial_node-3] [INFO] [1791264970.184649405] [bw_dr03_decoded_serial_node]: RECEIVED /cmd_vel: linear.x=0.22, angular.z=-0.125
[decoded_serial_node-3] [INFO] [1791264970.185406914] [bw_dr03_decoded_serial_node]: SEND MOTOR CMD: cd eb d7 09 74 46 46 53 53 17 1d 00 00
[decoded_serial_node-3] [INFO] [1791264970.253646913] [bw_dr03_decoded_serial_node]: RECEIVED /cmd_vel: linear.x=0.22, angular.z=-0.125
[decoded_serial_node-3] [INFO] [1791264970.254396112] [bw_dr03_decoded_serial_node]: SEND MOTOR CMD: cd eb d7 09 74 46 46 53 53 17 1d 00 00
[decoded_serial_node-3] [INFO] [1791264970.318665715] [bw_dr03_decoded_serial_node]: RECEIVED /cmd_vel: linear.x=0.22, angular.z=-0.125
[decoded_serial_node-3] [INFO] [1791264970.319417288] [bw_dr03_decoded_serial_node]: SEND MOTOR CMD: cd eb d7 09 74 46 46 53 53 17 1d 00 00
[decoded_serial_node-3] [INFO] [1791264970.385112861] [bw_dr03_decoded_serial_node]: RECEIVED /cmd_vel: linear.x=0.22, angular.z=-0.125
[decoded_serial_node-3] [INFO] [1791264970.385844250] [bw_dr03_decoded_serial_node]: SEND MOTOR CMD: cd eb d7 09 74 46 46 53 53 17 1d 00 00
[follow_planner-6] [INFO] [1791264970.451493518] [follow_planner_node]: [FOLLOW] bam nguoi | d=1.92m goc=-2deg | v=0.220 w=-0.125 | thoang=0.26m
[decoded_serial_node-3] [INFO] [1791264970.452025437] [bw_dr03_decoded_serial_node]: RECEIVED /cmd_vel: linear.x=0.22, angular.z=-0.125
[decoded_serial_node-3] [INFO] [1791264970.452755639] [bw_dr03_decoded_serial_node]: SEND MOTOR CMD: cd eb d7 09 74 46 46 53 53 17 1d 00 00
[follow_planner-6] [INFO] [1791264970.454752710] [follow_planner_node]: self-filter: bo 9/209 tia dap vao than xe
[decoded_serial_node-3] [INFO] [1791264970.517740008] [bw_dr03_decoded_serial_node]: RECEIVED /cmd_vel: linear.x=0.22, angular.z=-0.125
[decoded_serial_node-3] [INFO] [1791264970.518571132] [bw_dr03_decoded_serial_node]: SEND MOTOR CMD: cd eb d7 09 74 46 46 53 53 17 1d 00 00
[decoded_serial_node-3] [INFO] [1791264970.583962751] [bw_dr03_decoded_serial_node]: RECEIVED /cmd_vel: linear.x=0.22, angular.z=-0.125
[decoded_serial_node-3] [INFO] [1791264970.584795062] [bw_dr03_decoded_serial_node]: SEND MOTOR CMD: cd eb d7 09 74 46 46 53 53 17 1d 00 00
[decoded_serial_node-3] [INFO] [1791264970.650868203] [bw_dr03_decoded_serial_node]: RECEIVED /cmd_vel: linear.x=0.22, angular.z=-0.125
[decoded_serial_node-3] [INFO] [1791264970.651688641] [bw_dr03_decoded_serial_node]: SEND MOTOR CMD: cd eb d7 09 74 46 46 53 53 17 1d 00 00
[decoded_serial_node-3] [INFO] [1791264970.717803338] [bw_dr03_decoded_serial_node]: RECEIVED /cmd_vel: linear.x=0.22, angular.z=-0.125
[decoded_serial_node-3] [INFO] [1791264970.718639211] [bw_dr03_decoded_serial_node]: SEND MOTOR CMD: cd eb d7 09 74 46 46 53 53 17 1d 00 00
[decoded_serial_node-3] [INFO] [1791264970.784927257] [bw_dr03_decoded_serial_node]: RECEIVED /cmd_vel: linear.x=0.22, angular.z=-0.125
[decoded_serial_node-3] [INFO] [1791264970.785715637] [bw_dr03_decoded_serial_node]: SEND MOTOR CMD: cd eb d7 09 74 46 46 53 53 17 1d 00 00
[decoded_serial_node-3] [INFO] [1791264970.852288640] [bw_dr03_decoded_serial_node]: RECEIVED /cmd_vel: linear.x=0.22, angular.z=-0.125
[decoded_serial_node-3] [INFO] [1791264970.853029527] [bw_dr03_decoded_serial_node]: SEND MOTOR CMD: cd eb d7 09 74 46 46 53 53 17 1d 00 00
[decoded_serial_node-3] [INFO] [1791264970.890153445] [bw_dr03_decoded_serial_node]: RECEIVED /cmd_vel: linear.x=0.20191151808694588, angular.z=-0.28500000000000003
[decoded_serial_node-3] [INFO] [1791264970.890906205] [bw_dr03_decoded_serial_node]: SEND MOTOR CMD: cd eb d7 09 74 46 46 53 53 11 1f 00 00
[decoded_serial_node-3] [INFO] [1791264970.957172879] [bw_dr03_decoded_serial_node]: RECEIVED /cmd_vel: linear.x=0.201746122102134, angular.z=-0.44500000000000006
[decoded_serial_node-3] [INFO] [1791264970.957938701] [bw_dr03_decoded_serial_node]: SEND MOTOR CMD: cd eb d7 09 74 46 46 53 53 0d 23 00 00
[decoded_serial_node-3] [INFO] [1791264971.023610527] [bw_dr03_decoded_serial_node]: RECEIVED /cmd_vel: linear.x=0.201746122102134, angular.z=-0.6050000000000001
[decoded_serial_node-3] [INFO] [1791264971.024425028] [bw_dr03_decoded_serial_node]: SEND MOTOR CMD: cd eb d7 09 74 46 46 53 53 09 27 00 00
[decoded_serial_node-3] [INFO] [1791264971.090618088] [bw_dr03_decoded_serial_node]: RECEIVED /cmd_vel: linear.x=0.20138009174874205, angular.z=-0.7650000000000001
[decoded_serial_node-3] [INFO] [1791264971.091410030] [bw_dr03_decoded_serial_node]: SEND MOTOR CMD: cd eb d7 09 74 46 46 53 53 06 2b 00 00
[decoded_serial_node-3] [INFO] [1791264971.157018929] [bw_dr03_decoded_serial_node]: RECEIVED /cmd_vel: linear.x=0.20334246482743362, angular.z=-0.7832819715989503
[decoded_serial_node-3] [INFO] [1791264971.157782375] [bw_dr03_decoded_serial_node]: SEND MOTOR CMD: cd eb d7 09 74 46 46 53 53 05 2c 00 00
[decoded_serial_node-3] [INFO] [1791264971.223508818] [bw_dr03_decoded_serial_node]: RECEIVED /cmd_vel: linear.x=0.20334246482743362, angular.z=-0.7832819715989503
[decoded_serial_node-3] [INFO] [1791264971.224267515] [bw_dr03_decoded_serial_node]: SEND MOTOR CMD: cd eb d7 09 74 46 46 53 53 05 2c 00 00
[decoded_serial_node-3] [INFO] [1791264971.290282477] [bw_dr03_decoded_serial_node]: RECEIVED /cmd_vel: linear.x=0.20619793880822376, angular.z=-0.7122012276879797
[decoded_serial_node-3] [INFO] [1791264971.291045923] [bw_dr03_decoded_serial_node]: SEND MOTOR CMD: cd eb d7 09 74 46 46 53 53 07 2a 00 00
[decoded_serial_node-3] [INFO] [1791264971.384086650] [bw_dr03_decoded_serial_node]: RECEIVED /cmd_vel: linear.x=0.22, angular.z=-0.5522012276879796
[decoded_serial_node-3] [INFO] [1791264971.384847722] [bw_dr03_decoded_serial_node]: SEND MOTOR CMD: cd eb d7 09 74 46 46 53 53 0d 28 00 00
[follow_planner-6] [INFO] [1791264971.454314221] [follow_planner_node]: [FOLLOW] bam nguoi | d=1.70m goc=11deg | v=0.220 w=-0.392 | thoang=0.28m
[decoded_serial_node-3] [INFO] [1791264971.454929253] [bw_dr03_decoded_serial_node]: RECEIVED /cmd_vel: linear.x=0.22, angular.z=-0.3922012276879796
[decoded_serial_node-3] [INFO] [1791264971.455994278] [bw_dr03_decoded_serial_node]: SEND MOTOR CMD: cd eb d7 09 74 46 46 53 53 11 24 00 00
[decoded_serial_node-3] [INFO] [1791264971.491577055] [bw_dr03_decoded_serial_node]: RECEIVED /cmd_vel: linear.x=0.21383633222503898, angular.z=-0.47453961097902336
[decoded_serial_node-3] [INFO] [1791264971.492434300] [bw_dr03_decoded_serial_node]: SEND MOTOR CMD: cd eb d7 09 74 46 46 53 53 0e 25 00 00
[decoded_serial_node-3] [INFO] [1791264971.586778704] [bw_dr03_decoded_serial_node]: RECEIVED /cmd_vel: linear.x=0.22, angular.z=-0.3145396109790234
[decoded_serial_node-3] [INFO] [1791264971.587592017] [bw_dr03_decoded_serial_node]: SEND MOTOR CMD: cd eb d7 09 74 46 46 53 53 13 22 00 00
[decoded_serial_node-3] [INFO] [1791264971.653831382] [bw_dr03_decoded_serial_node]: RECEIVED /cmd_vel: linear.x=0.22, angular.z=-0.15453961097902338
[decoded_serial_node-3] [INFO] [1791264971.654732558] [bw_dr03_decoded_serial_node]: SEND MOTOR CMD: cd eb d7 09 74 46 46 53 53 17 1e 00 00
[decoded_serial_node-3] [INFO] [1791264971.715503129] [bw_dr03_decoded_serial_node]: RECEIVED /cmd_vel: linear.x=0.22, angular.z=0.1
[decoded_serial_node-3] [INFO] [1791264971.716282011] [bw_dr03_decoded_serial_node]: SEND MOTOR CMD: cd eb d7 09 74 46 46 53 53 1d 18 00 00
[decoded_serial_node-3] [INFO] [1791264971.783821491] [bw_dr03_decoded_serial_node]: RECEIVED /cmd_vel: linear.x=0.22, angular.z=0.125
[decoded_serial_node-3] [INFO] [1791264971.784560004] [bw_dr03_decoded_serial_node]: SEND MOTOR CMD: cd eb d7 09 74 46 46 53 53 1d 17 00 00
[decoded_serial_node-3] [INFO] [1791264971.851383530] [bw_dr03_decoded_serial_node]: RECEIVED /cmd_vel: linear.x=0.22, angular.z=0.125
[decoded_serial_node-3] [INFO] [1791264971.852114919] [bw_dr03_decoded_serial_node]: SEND MOTOR CMD: cd eb d7 09 74 46 46 53 53 1d 17 00 00
[decoded_serial_node-3] [INFO] [1791264971.916337028] [bw_dr03_decoded_serial_node]: RECEIVED /cmd_vel: linear.x=0.22, angular.z=0.0
[decoded_serial_node-3] [INFO] [1791264971.917094538] [bw_dr03_decoded_serial_node]: SEND MOTOR CMD: cd eb d7 09 74 46 46 53 53 1a 1a 00 00
[decoded_serial_node-3] [INFO] [1791264971.984550905] [bw_dr03_decoded_serial_node]: RECEIVED /cmd_vel: linear.x=0.22, angular.z=0.0
[decoded_serial_node-3] [INFO] [1791264971.985313164] [bw_dr03_decoded_serial_node]: SEND MOTOR CMD: cd eb d7 09 74 46 46 53 53 1a 1a 00 00
[decoded_serial_node-3] [INFO] [1791264972.052513070] [bw_dr03_decoded_serial_node]: RECEIVED /cmd_vel: linear.x=0.22, angular.z=0.0
[decoded_serial_node-3] [INFO] [1791264972.053532977] [bw_dr03_decoded_serial_node]: SEND MOTOR CMD: cd eb d7 09 74 46 46 53 53 1a 1a 00 00
[decoded_serial_node-3] [INFO] [1791264972.119298601] [bw_dr03_decoded_serial_node]: RECEIVED /cmd_vel: linear.x=0.22, angular.z=0.0
[decoded_serial_node-3] [INFO] [1791264972.120044238] [bw_dr03_decoded_serial_node]: SEND MOTOR CMD: cd eb d7 09 74 46 46 53 53 1a 1a 00 00
[decoded_serial_node-3] [INFO] [1791264972.184765021] [bw_dr03_decoded_serial_node]: RECEIVED /cmd_vel: linear.x=0.22, angular.z=-0.16
[decoded_serial_node-3] [INFO] [1791264972.185719625] [bw_dr03_decoded_serial_node]: SEND MOTOR CMD: cd eb d7 09 74 46 46 53 53 17 1e 00 00
[decoded_serial_node-3] [INFO] [1791264972.253098816] [bw_dr03_decoded_serial_node]: RECEIVED /cmd_vel: linear.x=0.22, angular.z=-0.25
[decoded_serial_node-3] [INFO] [1791264972.253947750] [bw_dr03_decoded_serial_node]: SEND MOTOR CMD: cd eb d7 09 74 46 46 53 53 14 21 00 00
[decoded_serial_node-3] [INFO] [1791264972.319353616] [bw_dr03_decoded_serial_node]: RECEIVED /cmd_vel: linear.x=0.22, angular.z=-0.26875000000000004
[decoded_serial_node-3] [INFO] [1791264972.320118250] [bw_dr03_decoded_serial_node]: SEND MOTOR CMD: cd eb d7 09 74 46 46 53 53 14 21 00 00
[decoded_serial_node-3] [INFO] [1791264972.388273947] [bw_dr03_decoded_serial_node]: RECEIVED /cmd_vel: linear.x=0.22, angular.z=-0.2757812500000001
[decoded_serial_node-3] [INFO] [1791264972.389021959] [bw_dr03_decoded_serial_node]: SEND MOTOR CMD: cd eb d7 09 74 46 46 53 53 14 21 00 00
[decoded_serial_node-3] [INFO] [1791264972.454818453] [bw_dr03_decoded_serial_node]: RECEIVED /cmd_vel: linear.x=0.22, angular.z=-0.27841796875
[decoded_serial_node-3] [INFO] [1791264972.455589023] [bw_dr03_decoded_serial_node]: SEND MOTOR CMD: cd eb d7 09 74 46 46 53 53 14 21 00 00
[follow_planner-6] [INFO] [1791264972.521093437] [follow_planner_node]: [FOLLOW] bam nguoi | d=1.50m goc=-15deg | v=0.220 w=-0.279 | thoang=0.37m
[decoded_serial_node-3] [INFO] [1791264972.521869944] [bw_dr03_decoded_serial_node]: RECEIVED /cmd_vel: linear.x=0.22, angular.z=-0.27940673828125007
[decoded_serial_node-3] [INFO] [1791264972.522727188] [bw_dr03_decoded_serial_node]: SEND MOTOR CMD: cd eb d7 09 74 46 46 53 53 14 21 00 00
[decoded_serial_node-3] [INFO] [1791264972.586470807] [bw_dr03_decoded_serial_node]: RECEIVED /cmd_vel: linear.x=0.22, angular.z=-0.27977752685546875
[decoded_serial_node-3] [INFO] [1791264972.587309055] [bw_dr03_decoded_serial_node]: SEND MOTOR CMD: cd eb d7 09 74 46 46 53 53 14 21 00 00
[decoded_serial_node-3] [INFO] [1791264972.654075589] [bw_dr03_decoded_serial_node]: RECEIVED /cmd_vel: linear.x=0.22, angular.z=-0.2799165725708008
[decoded_serial_node-3] [INFO] [1791264972.654917398] [bw_dr03_decoded_serial_node]: SEND MOTOR CMD: cd eb d7 09 74 46 46 53 53 14 21 00 00
[decoded_serial_node-3] [INFO] [1791264972.716995208] [bw_dr03_decoded_serial_node]: RECEIVED /cmd_vel: linear.x=0.22, angular.z=-0.2799687147140504
[decoded_serial_node-3] [INFO] [1791264972.717794274] [bw_dr03_decoded_serial_node]: SEND MOTOR CMD: cd eb d7 09 74 46 46 53 53 14 21 00 00
[decoded_serial_node-3] [INFO] [1791264972.786912888] [bw_dr03_decoded_serial_node]: RECEIVED /cmd_vel: linear.x=0.22, angular.z=-0.2799882680177689
[decoded_serial_node-3] [INFO] [1791264972.787720265] [bw_dr03_decoded_serial_node]: SEND MOTOR CMD: cd eb d7 09 74 46 46 53 53 14 21 00 00
[decoded_serial_node-3] [INFO] [1791264972.852710569] [bw_dr03_decoded_serial_node]: RECEIVED /cmd_vel: linear.x=0.22, angular.z=-0.2799956005066634
[decoded_serial_node-3] [INFO] [1791264972.853577312] [bw_dr03_decoded_serial_node]: SEND MOTOR CMD: cd eb d7 09 74 46 46 53 53 14 21 00 00
[decoded_serial_node-3] [INFO] [1791264972.919678948] [bw_dr03_decoded_serial_node]: RECEIVED /cmd_vel: linear.x=0.22, angular.z=-0.27999835018999875
[decoded_serial_node-3] [INFO] [1791264972.920474452] [bw_dr03_decoded_serial_node]: SEND MOTOR CMD: cd eb d7 09 74 46 46 53 53 14 21 00 00
[decoded_serial_node-3] [INFO] [1791264972.987334784] [bw_dr03_decoded_serial_node]: RECEIVED /cmd_vel: linear.x=0.22, angular.z=-0.15999927820812443
[decoded_serial_node-3] [INFO] [1791264972.988118415] [bw_dr03_decoded_serial_node]: SEND MOTOR CMD: cd eb d7 09 74 46 46 53 53 17 1e 00 00
[decoded_serial_node-3] [INFO] [1791264973.053866228] [bw_dr03_decoded_serial_node]: RECEIVED /cmd_vel: linear.x=0.22, angular.z=-0.125
[decoded_serial_node-3] [INFO] [1791264973.054652234] [bw_dr03_decoded_serial_node]: SEND MOTOR CMD: cd eb d7 09 74 46 46 53 53 17 1d 00 00
[decoded_serial_node-3] [INFO] [1791264973.118518146] [bw_dr03_decoded_serial_node]: RECEIVED /cmd_vel: linear.x=0.22, angular.z=-0.25
[decoded_serial_node-3] [INFO] [1791264973.119266157] [bw_dr03_decoded_serial_node]: SEND MOTOR CMD: cd eb d7 09 74 46 46 53 53 14 21 00 00
[decoded_serial_node-3] [INFO] [1791264973.188756401] [bw_dr03_decoded_serial_node]: RECEIVED /cmd_vel: linear.x=0.22, angular.z=-0.14687499999999998
[decoded_serial_node-3] [INFO] [1791264973.189499663] [bw_dr03_decoded_serial_node]: SEND MOTOR CMD: cd eb d7 09 74 46 46 53 53 17 1e 00 00
[decoded_serial_node-3] [INFO] [1791264973.254296434] [bw_dr03_decoded_serial_node]: RECEIVED /cmd_vel: linear.x=0.22, angular.z=-0.125
[decoded_serial_node-3] [INFO] [1791264973.255331776] [bw_dr03_decoded_serial_node]: SEND MOTOR CMD: cd eb d7 09 74 46 46 53 53 17 1d 00 00
[decoded_serial_node-3] [INFO] [1791264973.318878299] [bw_dr03_decoded_serial_node]: RECEIVED /cmd_vel: linear.x=0.22, angular.z=-0.125
[decoded_serial_node-3] [INFO] [1791264973.319641746] [bw_dr03_decoded_serial_node]: SEND MOTOR CMD: cd eb d7 09 74 46 46 53 53 17 1d 00 00
[decoded_serial_node-3] [INFO] [1791264973.385054735] [bw_dr03_decoded_serial_node]: RECEIVED /cmd_vel: linear.x=0.22, angular.z=-0.125
[decoded_serial_node-3] [INFO] [1791264973.385783749] [bw_dr03_decoded_serial_node]: SEND MOTOR CMD: cd eb d7 09 74 46 46 53 53 17 1d 00 00
[decoded_serial_node-3] [INFO] [1791264973.453561878] [bw_dr03_decoded_serial_node]: RECEIVED /cmd_vel: linear.x=0.22, angular.z=0.0
[decoded_serial_node-3] [INFO] [1791264973.454327699] [bw_dr03_decoded_serial_node]: SEND MOTOR CMD: cd eb d7 09 74 46 46 53 53 1a 1a 00 00
[follow_planner-6] [INFO] [1791264973.521943166] [follow_planner_node]: [FOLLOW] bam nguoi | d=1.35m goc=-3deg | v=0.220 w=0.000 | thoang=0.36m
[decoded_serial_node-3] [INFO] [1791264973.522609252] [bw_dr03_decoded_serial_node]: RECEIVED /cmd_vel: linear.x=0.22, angular.z=0.0
[decoded_serial_node-3] [INFO] [1791264973.523478370] [bw_dr03_decoded_serial_node]: SEND MOTOR CMD: cd eb d7 09 74 46 46 53 53 1a 1a 00 00
[decoded_serial_node-3] [INFO] [1791264973.589134760] [bw_dr03_decoded_serial_node]: RECEIVED /cmd_vel: linear.x=0.22, angular.z=0.0
[decoded_serial_node-3] [INFO] [1791264973.589864961] [bw_dr03_decoded_serial_node]: SEND MOTOR CMD: cd eb d7 09 74 46 46 53 53 1a 1a 00 00
[decoded_serial_node-3] [INFO] [1791264973.651485652] [bw_dr03_decoded_serial_node]: RECEIVED /cmd_vel: linear.x=0.22, angular.z=0.0
[decoded_serial_node-3] [INFO] [1791264973.652281156] [bw_dr03_decoded_serial_node]: SEND MOTOR CMD: cd eb d7 09 74 46 46 53 53 1a 1a 00 00
[decoded_serial_node-3] [INFO] [1791264973.720239758] [bw_dr03_decoded_serial_node]: RECEIVED /cmd_vel: linear.x=0.22, angular.z=0.0
[decoded_serial_node-3] [INFO] [1791264973.721048323] [bw_dr03_decoded_serial_node]: SEND MOTOR CMD: cd eb d7 09 74 46 46 53 53 1a 1a 00 00
[decoded_serial_node-3] [INFO] [1791264973.785246684] [bw_dr03_decoded_serial_node]: RECEIVED /cmd_vel: linear.x=0.22, angular.z=0.0
[decoded_serial_node-3] [INFO] [1791264973.785998258] [bw_dr03_decoded_serial_node]: SEND MOTOR CMD: cd eb d7 09 74 46 46 53 53 1a 1a 00 00
[decoded_serial_node-3] [INFO] [1791264973.850856769] [bw_dr03_decoded_serial_node]: RECEIVED /cmd_vel: linear.x=0.22, angular.z=0.0
[decoded_serial_node-3] [INFO] [1791264973.851684330] [bw_dr03_decoded_serial_node]: SEND MOTOR CMD: cd eb d7 09 74 46 46 53 53 1a 1a 00 00
[decoded_serial_node-3] [INFO] [1791264973.917403648] [bw_dr03_decoded_serial_node]: RECEIVED /cmd_vel: linear.x=0.22, angular.z=0.0
[decoded_serial_node-3] [INFO] [1791264973.918175406] [bw_dr03_decoded_serial_node]: SEND MOTOR CMD: cd eb d7 09 74 46 46 53 53 1a 1a 00 00
[decoded_serial_node-3] [INFO] [1791264973.984125063] [bw_dr03_decoded_serial_node]: RECEIVED /cmd_vel: linear.x=0.19666666666666666, angular.z=0.0
[decoded_serial_node-3] [INFO] [1791264973.984862389] [bw_dr03_decoded_serial_node]: SEND MOTOR CMD: cd eb d7 09 74 46 46 53 53 18 18 00 00
[decoded_serial_node-3] [INFO] [1791264974.051366524] [bw_dr03_decoded_serial_node]: RECEIVED /cmd_vel: linear.x=0.18694444444444444, angular.z=0.0
[decoded_serial_node-3] [INFO] [1791264974.052118097] [bw_dr03_decoded_serial_node]: SEND MOTOR CMD: cd eb d7 09 74 46 46 53 53 16 16 00 00
[decoded_serial_node-3] [INFO] [1791264974.117040723] [bw_dr03_decoded_serial_node]: RECEIVED /cmd_vel: linear.x=0.18532407407407406, angular.z=0.0
[decoded_serial_node-3] [INFO] [1791264974.117786359] [bw_dr03_decoded_serial_node]: SEND MOTOR CMD: cd eb d7 09 74 46 46 53 53 16 16 00 00
[decoded_serial_node-3] [INFO] [1791264974.183258714] [bw_dr03_decoded_serial_node]: RECEIVED /cmd_vel: linear.x=0.1619907407407407, angular.z=0.0
[decoded_serial_node-3] [INFO] [1791264974.184013849] [bw_dr03_decoded_serial_node]: SEND MOTOR CMD: cd eb d7 09 74 46 46 53 53 13 13 00 00
[decoded_serial_node-3] [INFO] [1791264974.248487668] [bw_dr03_decoded_serial_node]: RECEIVED /cmd_vel: linear.x=0.14666666666666667, angular.z=0.0
[decoded_serial_node-3] [INFO] [1791264974.249243990] [bw_dr03_decoded_serial_node]: SEND MOTOR CMD: cd eb d7 09 74 46 46 53 53 11 11 00 00
[decoded_serial_node-3] [INFO] [1791264974.313802109] [bw_dr03_decoded_serial_node]: RECEIVED /cmd_vel: linear.x=0.14666666666666667, angular.z=0.0
[decoded_serial_node-3] [INFO] [1791264974.314567930] [bw_dr03_decoded_serial_node]: SEND MOTOR CMD: cd eb d7 09 74 46 46 53 53 11 11 00 00
[decoded_serial_node-3] [INFO] [1791264974.380825102] [bw_dr03_decoded_serial_node]: RECEIVED /cmd_vel: linear.x=0.14666666666666667, angular.z=0.0
[decoded_serial_node-3] [INFO] [1791264974.381571926] [bw_dr03_decoded_serial_node]: SEND MOTOR CMD: cd eb d7 09 74 46 46 53 53 11 11 00 00
[decoded_serial_node-3] [INFO] [1791264974.448764706] [bw_dr03_decoded_serial_node]: RECEIVED /cmd_vel: linear.x=0.12333333333333334, angular.z=0.0
[decoded_serial_node-3] [INFO] [1791264974.449578020] [bw_dr03_decoded_serial_node]: SEND MOTOR CMD: cd eb d7 09 74 46 46 53 53 0f 0f 00 00
[decoded_serial_node-3] [INFO] [1791264974.516444288] [bw_dr03_decoded_serial_node]: RECEIVED /cmd_vel: linear.x=0.11, angular.z=0.0
[decoded_serial_node-3] [INFO] [1791264974.517199423] [bw_dr03_decoded_serial_node]: SEND MOTOR CMD: cd eb d7 09 74 46 46 53 53 0d 0d 00 00
[follow_planner-6] [INFO] [1791264974.582891431] [follow_planner_node]: [FOLLOW] bam nguoi | d=1.15m goc=7deg | v=0.110 w=0.125 | thoang=0.33m
[decoded_serial_node-3] [INFO] [1791264974.583545644] [bw_dr03_decoded_serial_node]: RECEIVED /cmd_vel: linear.x=0.11, angular.z=0.125
[decoded_serial_node-3] [INFO] [1791264974.584329275] [bw_dr03_decoded_serial_node]: SEND MOTOR CMD: cd eb d7 09 74 46 46 53 53 10 0a 00 00
[decoded_serial_node-3] [INFO] [1791264974.649462056] [bw_dr03_decoded_serial_node]: RECEIVED /cmd_vel: linear.x=0.11, angular.z=0.125
[decoded_serial_node-3] [INFO] [1791264974.650207693] [bw_dr03_decoded_serial_node]: SEND MOTOR CMD: cd eb d7 09 74 46 46 53 53 10 0a 00 00
[decoded_serial_node-3] [INFO] [1791264974.715577938] [bw_dr03_decoded_serial_node]: RECEIVED /cmd_vel: linear.x=0.11, angular.z=0.125
[decoded_serial_node-3] [INFO] [1791264974.716616842] [bw_dr03_decoded_serial_node]: SEND MOTOR CMD: cd eb d7 09 74 46 46 53 53 10 0a 00 00
[decoded_serial_node-3] [INFO] [1791264974.757110371] [bw_dr03_decoded_serial_node]: RECEIVED /cmd_vel: linear.x=0.08666666666666667, angular.z=0.28500000000000003
[decoded_serial_node-3] [INFO] [1791264974.757848884] [bw_dr03_decoded_serial_node]: SEND MOTOR CMD: cd eb d7 09 74 46 46 53 53 11 05 00 00
[decoded_serial_node-3] [INFO] [1791264974.823848408] [bw_dr03_decoded_serial_node]: RECEIVED /cmd_vel: linear.x=0.06333333333333334, angular.z=0.44500000000000006
[decoded_serial_node-3] [INFO] [1791264974.824620166] [bw_dr03_decoded_serial_node]: SEND MOTOR CMD: cd eb d7 09 74 46 42 53 53 12 05 00 00
[decoded_serial_node-3] [INFO] [1791264974.889805189] [bw_dr03_decoded_serial_node]: RECEIVED /cmd_vel: linear.x=0.04000000000000001, angular.z=0.6050000000000001
[decoded_serial_node-3] [INFO] [1791264974.890550825] [bw_dr03_decoded_serial_node]: SEND MOTOR CMD: cd eb d7 09 74 46 42 53 53 13 09 00 00
[decoded_serial_node-3] [INFO] [1791264974.960766521] [bw_dr03_decoded_serial_node]: RECEIVED /cmd_vel: linear.x=0.035, angular.z=0.7650000000000001
[decoded_serial_node-3] [INFO] [1791264974.961522843] [bw_dr03_decoded_serial_node]: SEND MOTOR CMD: cd eb d7 09 74 46 42 53 53 16 0e 00 00
[decoded_serial_node-3] [INFO] [1791264975.024085078] [bw_dr03_decoded_serial_node]: RECEIVED /cmd_vel: linear.x=0.0, angular.z=0.77946
[decoded_serial_node-3] [INFO] [1791264975.024878207] [bw_dr03_decoded_serial_node]: SEND MOTOR CMD: cd eb d7 09 74 46 42 53 53 13 13 00 00
[decoded_serial_node-3] [INFO] [1791264975.091637615] [bw_dr03_decoded_serial_node]: RECEIVED /cmd_vel: linear.x=0.0, angular.z=0.9
[decoded_serial_node-3] [INFO] [1791264975.092402249] [bw_dr03_decoded_serial_node]: SEND MOTOR CMD: cd eb d7 09 74 46 42 53 53 15 15 00 00
[decoded_serial_node-3] [INFO] [1791264975.156446257] [bw_dr03_decoded_serial_node]: RECEIVED /cmd_vel: linear.x=0.0, angular.z=0.8951800000000001
[decoded_serial_node-3] [INFO] [1791264975.157272632] [bw_dr03_decoded_serial_node]: SEND MOTOR CMD: cd eb d7 09 74 46 42 53 53 15 15 00 00
[decoded_serial_node-3] [INFO] [1791264975.223471625] [bw_dr03_decoded_serial_node]: RECEIVED /cmd_vel: linear.x=0.0, angular.z=0.9
[decoded_serial_node-3] [INFO] [1791264975.224250506] [bw_dr03_decoded_serial_node]: SEND MOTOR CMD: cd eb d7 09 74 46 42 53 53 15 15 00 00
[decoded_serial_node-3] [INFO] [1791264975.289784601] [bw_dr03_decoded_serial_node]: RECEIVED /cmd_vel: linear.x=0.0, angular.z=0.9
[decoded_serial_node-3] [INFO] [1791264975.290594352] [bw_dr03_decoded_serial_node]: SEND MOTOR CMD: cd eb d7 09 74 46 42 53 53 15 15 00 00
[decoded_serial_node-3] [INFO] [1791264975.356426464] [bw_dr03_decoded_serial_node]: RECEIVED /cmd_vel: linear.x=0.0, angular.z=0.9
[decoded_serial_node-3] [INFO] [1791264975.357198222] [bw_dr03_decoded_serial_node]: SEND MOTOR CMD: cd eb d7 09 74 46 42 53 53 15 15 00 00
[decoded_serial_node-3] [INFO] [1791264975.423151440] [bw_dr03_decoded_serial_node]: RECEIVED /cmd_vel: linear.x=0.0, angular.z=0.9
[decoded_serial_node-3] [INFO] [1791264975.423874517] [bw_dr03_decoded_serial_node]: SEND MOTOR CMD: cd eb d7 09 74 46 42 53 53 15 15 00 00
[decoded_serial_node-3] [INFO] [1791264975.490619677] [bw_dr03_decoded_serial_node]: RECEIVED /cmd_vel: linear.x=0.0, angular.z=0.9
[decoded_serial_node-3] [INFO] [1791264975.491429429] [bw_dr03_decoded_serial_node]: SEND MOTOR CMD: cd eb d7 09 74 46 42 53 53 15 15 00 00
[decoded_serial_node-3] [INFO] [1791264975.557120250] [bw_dr03_decoded_serial_node]: RECEIVED /cmd_vel: linear.x=0.0, angular.z=0.9
[decoded_serial_node-3] [INFO] [1791264975.557861137] [bw_dr03_decoded_serial_node]: SEND MOTOR CMD: cd eb d7 09 74 46 42 53 53 15 15 00 00
[follow_planner-6] [INFO] [1791264975.622779013] [follow_planner_node]: [FOLLOW] canh huong tai cho | d=1.06m goc=31deg | v=0.000 w=0.900 | thoang=-
[decoded_serial_node-3] [INFO] [1791264975.623493779] [bw_dr03_decoded_serial_node]: RECEIVED /cmd_vel: linear.x=0.0, angular.z=0.9
[decoded_serial_node-3] [INFO] [1791264975.624316591] [bw_dr03_decoded_serial_node]: SEND MOTOR CMD: cd eb d7 09 74 46 42 53 53 15 15 00 00
[decoded_serial_node-3] [INFO] [1791264975.690895527] [bw_dr03_decoded_serial_node]: RECEIVED /cmd_vel: linear.x=0.0, angular.z=0.9
[decoded_serial_node-3] [INFO] [1791264975.691649474] [bw_dr03_decoded_serial_node]: SEND MOTOR CMD: cd eb d7 09 74 46 42 53 53 15 15 00 00
[decoded_serial_node-3] [INFO] [1791264975.757077897] [bw_dr03_decoded_serial_node]: RECEIVED /cmd_vel: linear.x=0.0, angular.z=0.9
[decoded_serial_node-3] [INFO] [1791264975.757852030] [bw_dr03_decoded_serial_node]: SEND MOTOR CMD: cd eb d7 09 74 46 42 53 53 15 15 00 00
[decoded_serial_node-3] [INFO] [1791264975.823496545] [bw_dr03_decoded_serial_node]: RECEIVED /cmd_vel: linear.x=0.0, angular.z=0.9
[decoded_serial_node-3] [INFO] [1791264975.824249305] [bw_dr03_decoded_serial_node]: SEND MOTOR CMD: cd eb d7 09 74 46 42 53 53 15 15 00 00
[decoded_serial_node-3] [INFO] [1791264975.893947329] [bw_dr03_decoded_serial_node]: RECEIVED /cmd_vel: linear.x=0.0, angular.z=0.9
[decoded_serial_node-3] [INFO] [1791264975.894713150] [bw_dr03_decoded_serial_node]: SEND MOTOR CMD: cd eb d7 09 74 46 42 53 53 15 15 00 00
[decoded_serial_node-3] [INFO] [1791264975.959118103] [bw_dr03_decoded_serial_node]: RECEIVED /cmd_vel: linear.x=0.0, angular.z=0.9
[decoded_serial_node-3] [INFO] [1791264975.959847117] [bw_dr03_decoded_serial_node]: SEND MOTOR CMD: cd eb d7 09 74 46 42 53 53 15 15 00 00
[decoded_serial_node-3] [INFO] [1791264976.023645350] [bw_dr03_decoded_serial_node]: RECEIVED /cmd_vel: linear.x=0.0, angular.z=0.9
[decoded_serial_node-3] [INFO] [1791264976.024408797] [bw_dr03_decoded_serial_node]: SEND MOTOR CMD: cd eb d7 09 74 46 42 53 53 15 15 00 00
[decoded_serial_node-3] [INFO] [1791264976.117346222] [bw_dr03_decoded_serial_node]: RECEIVED /cmd_vel: linear.x=0.035, angular.z=0.74
[decoded_serial_node-3] [INFO] [1791264976.118177346] [bw_dr03_decoded_serial_node]: SEND MOTOR CMD: cd eb d7 09 74 46 42 53 53 16 0d 00 00
[decoded_serial_node-3] [INFO] [1791264976.186734354] [bw_dr03_decoded_serial_node]: RECEIVED /cmd_vel: linear.x=0.04666666666666666, angular.z=0.58
[decoded_serial_node-3] [INFO] [1791264976.187479991] [bw_dr03_decoded_serial_node]: SEND MOTOR CMD: cd eb d7 09 74 46 42 53 53 13 08 00 00
[decoded_serial_node-3] [INFO] [1791264976.251383895] [bw_dr03_decoded_serial_node]: RECEIVED /cmd_vel: linear.x=0.06999999999999999, angular.z=0.41999999999999993
[decoded_serial_node-3] [INFO] [1791264976.252129532] [bw_dr03_decoded_serial_node]: SEND MOTOR CMD: cd eb d7 09 74 46 42 53 53 12 05 00 00
[decoded_serial_node-3] [INFO] [1791264976.317548455] [bw_dr03_decoded_serial_node]: RECEIVED /cmd_vel: linear.x=0.09333333333333332, angular.z=0.3325
[decoded_serial_node-3] [INFO] [1791264976.318342772] [bw_dr03_decoded_serial_node]: SEND MOTOR CMD: cd eb d7 09 74 46 46 53 53 13 05 00 00
[decoded_serial_node-3] [INFO] [1791264976.384318548] [bw_dr03_decoded_serial_node]: RECEIVED /cmd_vel: linear.x=0.11666666666666665, angular.z=0.18296875000000012
[decoded_serial_node-3] [INFO] [1791264976.385092681] [bw_dr03_decoded_serial_node]: SEND MOTOR CMD: cd eb d7 09 74 46 46 53 53 12 09 00 00
[decoded_serial_node-3] [INFO] [1791264976.450502106] [bw_dr03_decoded_serial_node]: RECEIVED /cmd_vel: linear.x=0.13999999999999999, angular.z=0.125
[decoded_serial_node-3] [INFO] [1791264976.451275051] [bw_dr03_decoded_serial_node]: SEND MOTOR CMD: cd eb d7 09 74 46 46 53 53 14 0e 00 00
[decoded_serial_node-3] [INFO] [1791264976.518216118] [bw_dr03_decoded_serial_node]: RECEIVED /cmd_vel: linear.x=0.16333333333333333, angular.z=0.125
[decoded_serial_node-3] [INFO] [1791264976.519069800] [bw_dr03_decoded_serial_node]: SEND MOTOR CMD: cd eb d7 09 74 46 46 53 53 17 10 00 00
[decoded_serial_node-3] [INFO] [1791264976.585001646] [bw_dr03_decoded_serial_node]: RECEIVED /cmd_vel: linear.x=0.18666666666666665, angular.z=0.25
[decoded_serial_node-3] [INFO] [1791264976.585734222] [bw_dr03_decoded_serial_node]: SEND MOTOR CMD: cd eb d7 09 74 46 46 53 53 1c 10 00 00
[decoded_serial_node-3] [INFO] [1791264976.654210493] [bw_dr03_decoded_serial_node]: RECEIVED /cmd_vel: linear.x=0.20999999999999996, angular.z=0.26875000000000004
[decoded_serial_node-3] [INFO] [1791264976.654937132] [bw_dr03_decoded_serial_node]: SEND MOTOR CMD: cd eb d7 09 74 46 46 53 53 20 13 00 00
[follow_planner-6] [INFO] [1791264976.721716724] [follow_planner_node]: [FOLLOW] bam nguoi | d=1.45m goc=20deg | v=0.220 w=0.276 | thoang=0.20m
[decoded_serial_node-3] [INFO] [1791264976.722156032] [bw_dr03_decoded_serial_node]: RECEIVED /cmd_vel: linear.x=0.22, angular.z=0.2757812500000001
[decoded_serial_node-3] [INFO] [1791264976.722928977] [bw_dr03_decoded_serial_node]: SEND MOTOR CMD: cd eb d7 09 74 46 46 53 53 21 14 00 00
[decoded_serial_node-3] [INFO] [1791264976.788299221] [bw_dr03_decoded_serial_node]: RECEIVED /cmd_vel: linear.x=0.22, angular.z=0.27841796875000013
[decoded_serial_node-3] [INFO] [1791264976.789056731] [bw_dr03_decoded_serial_node]: SEND MOTOR CMD: cd eb d7 09 74 46 46 53 53 21 14 00 00
[decoded_serial_node-3] [INFO] [1791264976.854844911] [bw_dr03_decoded_serial_node]: RECEIVED /cmd_vel: linear.x=0.22, angular.z=0.15930786132812513
[decoded_serial_node-3] [INFO] [1791264976.855602420] [bw_dr03_decoded_serial_node]: SEND MOTOR CMD: cd eb d7 09 74 46 46 53 53 1e 17 00 00
[decoded_serial_node-3] [INFO] [1791264976.921916583] [bw_dr03_decoded_serial_node]: RECEIVED /cmd_vel: linear.x=0.22, angular.z=0.25
[decoded_serial_node-3] [INFO] [1791264976.922701401] [bw_dr03_decoded_serial_node]: SEND MOTOR CMD: cd eb d7 09 74 46 46 53 53 21 14 00 00
[decoded_serial_node-3] [INFO] [1791264976.988412405] [bw_dr03_decoded_serial_node]: RECEIVED /cmd_vel: linear.x=0.22, angular.z=0.1468750000000001
[decoded_serial_node-3] [INFO] [1791264976.989187725] [bw_dr03_decoded_serial_node]: SEND MOTOR CMD: cd eb d7 09 74 46 46 53 53 1e 17 00 00
[decoded_serial_node-3] [INFO] [1791264977.054689760] [bw_dr03_decoded_serial_node]: RECEIVED /cmd_vel: linear.x=0.22, angular.z=0.125
[decoded_serial_node-3] [INFO] [1791264977.055449644] [bw_dr03_decoded_serial_node]: SEND MOTOR CMD: cd eb d7 09 74 46 46 53 53 1d 17 00 00
[decoded_serial_node-3] [INFO] [1791264977.121395737] [bw_dr03_decoded_serial_node]: RECEIVED /cmd_vel: linear.x=0.22, angular.z=0.125
[decoded_serial_node-3] [INFO] [1791264977.122146123] [bw_dr03_decoded_serial_node]: SEND MOTOR CMD: cd eb d7 09 74 46 46 53 53 1d 17 00 00
[decoded_serial_node-3] [INFO] [1791264977.187871374] [bw_dr03_decoded_serial_node]: RECEIVED /cmd_vel: linear.x=0.22, angular.z=0.125
[decoded_serial_node-3] [INFO] [1791264977.188383109] [bw_dr03_decoded_serial_node]: SEND MOTOR CMD: cd eb d7 09 74 46 46 53 53 1d 17 00 00
[decoded_serial_node-3] [INFO] [1791264977.259876358] [bw_dr03_decoded_serial_node]: RECEIVED /cmd_vel: linear.x=0.22, angular.z=0.25
[decoded_serial_node-3] [INFO] [1791264977.260633868] [bw_dr03_decoded_serial_node]: SEND MOTOR CMD: cd eb d7 09 74 46 46 53 53 21 14 00 00
[decoded_serial_node-3] [INFO] [1791264977.323513114] [bw_dr03_decoded_serial_node]: RECEIVED /cmd_vel: linear.x=0.22, angular.z=0.26875000000000004
[decoded_serial_node-3] [INFO] [1791264977.324310993] [bw_dr03_decoded_serial_node]: SEND MOTOR CMD: cd eb d7 09 74 46 46 53 53 21 14 00 00
[decoded_serial_node-3] [INFO] [1791264977.389143380] [bw_dr03_decoded_serial_node]: RECEIVED /cmd_vel: linear.x=0.22, angular.z=0.2757812500000001
[decoded_serial_node-3] [INFO] [1791264977.389820152] [bw_dr03_decoded_serial_node]: SEND MOTOR CMD: cd eb d7 09 74 46 46 53 53 21 14 00 00
[decoded_serial_node-3] [INFO] [1791264977.455234326] [bw_dr03_decoded_serial_node]: RECEIVED /cmd_vel: linear.x=0.22, angular.z=0.398681640625
[decoded_serial_node-3] [INFO] [1791264977.456025080] [bw_dr03_decoded_serial_node]: SEND MOTOR CMD: cd eb d7 09 74 46 46 53 53 24 11 00 00
[decoded_serial_node-3] [INFO] [1791264977.522146896] [bw_dr03_decoded_serial_node]: RECEIVED /cmd_vel: linear.x=0.22, angular.z=0.32450561523437504
[decoded_serial_node-3] [INFO] [1791264977.522910343] [bw_dr03_decoded_serial_node]: SEND MOTOR CMD: cd eb d7 09 74 46 46 53 53 22 13 00 00
[decoded_serial_node-3] [INFO] [1791264977.589437035] [bw_dr03_decoded_serial_node]: RECEIVED /cmd_vel: linear.x=0.19666666666666666, angular.z=0.17947120666503902
[decoded_serial_node-3] [INFO] [1791264977.590302591] [bw_dr03_decoded_serial_node]: SEND MOTOR CMD: cd eb d7 09 74 46 46 53 53 1c 13 00 00
[decoded_serial_node-3] [INFO] [1791264977.654706355] [bw_dr03_decoded_serial_node]: RECEIVED /cmd_vel: linear.x=0.18694444444444444, angular.z=0.125
[decoded_serial_node-3] [INFO] [1791264977.655561225] [bw_dr03_decoded_serial_node]: SEND MOTOR CMD: cd eb d7 09 74 46 46 53 53 19 13 00 00
[decoded_serial_node-3] [INFO] [1791264977.721380275] [bw_dr03_decoded_serial_node]: RECEIVED /cmd_vel: linear.x=0.1636111111111111, angular.z=0.0
[decoded_serial_node-3] [INFO] [1791264977.722119975] [bw_dr03_decoded_serial_node]: SEND MOTOR CMD: cd eb d7 09 74 46 46 53 53 14 14 00 00
[follow_planner-6] [INFO] [1791264977.785360167] [follow_planner_node]: [FOLLOW] bam nguoi | d=1.51m goc=19deg | v=0.147 w=0.000 | thoang=0.10m
[decoded_serial_node-3] [INFO] [1791264977.786363452] [bw_dr03_decoded_serial_node]: RECEIVED /cmd_vel: linear.x=0.14666666666666667, angular.z=0.0
[decoded_serial_node-3] [INFO] [1791264977.787135209] [bw_dr03_decoded_serial_node]: SEND MOTOR CMD: cd eb d7 09 74 46 46 53 53 11 11 00 00
[decoded_serial_node-3] [INFO] [1791264977.852763100] [bw_dr03_decoded_serial_node]: RECEIVED /cmd_vel: linear.x=0.14666666666666667, angular.z=0.125
[decoded_serial_node-3] [INFO] [1791264977.853911238] [bw_dr03_decoded_serial_node]: SEND MOTOR CMD: cd eb d7 09 74 46 46 53 53 15 0e 00 00
[decoded_serial_node-3] [INFO] [1791264977.922743704] [bw_dr03_decoded_serial_node]: RECEIVED /cmd_vel: linear.x=0.14666666666666667, angular.z=0.125
[decoded_serial_node-3] [INFO] [1791264977.923485779] [bw_dr03_decoded_serial_node]: SEND MOTOR CMD: cd eb d7 09 74 46 46 53 53 15 0e 00 00
[decoded_serial_node-3] [INFO] [1791264977.986370962] [bw_dr03_decoded_serial_node]: RECEIVED /cmd_vel: linear.x=0.12333333333333334, angular.z=0.0
[decoded_serial_node-3] [INFO] [1791264977.987128472] [bw_dr03_decoded_serial_node]: SEND MOTOR CMD: cd eb d7 09 74 46 46 53 53 0f 0f 00 00
[decoded_serial_node-3] [INFO] [1791264978.052070092] [bw_dr03_decoded_serial_node]: RECEIVED /cmd_vel: linear.x=0.11, angular.z=0.0
[decoded_serial_node-3] [INFO] [1791264978.052808605] [bw_dr03_decoded_serial_node]: SEND MOTOR CMD: cd eb d7 09 74 46 46 53 53 0d 0d 00 00
[decoded_serial_node-3] [INFO] [1791264978.118517233] [bw_dr03_decoded_serial_node]: RECEIVED /cmd_vel: linear.x=0.11, angular.z=0.0
[decoded_serial_node-3] [INFO] [1791264978.119297302] [bw_dr03_decoded_serial_node]: SEND MOTOR CMD: cd eb d7 09 74 46 46 53 53 0d 0d 00 00
[decoded_serial_node-3] [INFO] [1791264978.185040362] [bw_dr03_decoded_serial_node]: RECEIVED /cmd_vel: linear.x=0.11, angular.z=0.125
[decoded_serial_node-3] [INFO] [1791264978.185806183] [bw_dr03_decoded_serial_node]: SEND MOTOR CMD: cd eb d7 09 74 46 46 53 53 10 0a 00 00
[decoded_serial_node-3] [INFO] [1791264978.254353692] [bw_dr03_decoded_serial_node]: RECEIVED /cmd_vel: linear.x=0.11, angular.z=0.125
[decoded_serial_node-3] [INFO] [1791264978.255155132] [bw_dr03_decoded_serial_node]: SEND MOTOR CMD: cd eb d7 09 74 46 46 53 53 10 0a 00 00
[decoded_serial_node-3] [INFO] [1791264978.318788326] [bw_dr03_decoded_serial_node]: RECEIVED /cmd_vel: linear.x=0.11, angular.z=0.125
[decoded_serial_node-3] [INFO] [1791264978.319542274] [bw_dr03_decoded_serial_node]: SEND MOTOR CMD: cd eb d7 09 74 46 46 53 53 10 0a 00 00
[decoded_serial_node-3] [INFO] [1791264978.384805657] [bw_dr03_decoded_serial_node]: RECEIVED /cmd_vel: linear.x=0.08666666666666667, angular.z=0.0
[decoded_serial_node-3] [INFO] [1791264978.385546544] [bw_dr03_decoded_serial_node]: SEND MOTOR CMD: cd eb d7 09 74 46 46 53 53 0a 0a 00 00
[decoded_serial_node-3] [INFO] [1791264978.451468890] [bw_dr03_decoded_serial_node]: RECEIVED /cmd_vel: linear.x=0.07333333333333333, angular.z=0.0
[decoded_serial_node-3] [INFO] [1791264978.452209777] [bw_dr03_decoded_serial_node]: SEND MOTOR CMD: cd eb d7 09 74 46 46 53 53 08 08 00 00
[decoded_serial_node-3] [INFO] [1791264978.518560745] [bw_dr03_decoded_serial_node]: RECEIVED /cmd_vel: linear.x=0.07333333333333333, angular.z=0.0
[decoded_serial_node-3] [INFO] [1791264978.519349125] [bw_dr03_decoded_serial_node]: SEND MOTOR CMD: cd eb d7 09 74 46 46 53 53 08 08 00 00
[decoded_serial_node-3] [INFO] [1791264978.584391667] [bw_dr03_decoded_serial_node]: RECEIVED /cmd_vel: linear.x=0.07333333333333333, angular.z=0.0
[decoded_serial_node-3] [INFO] [1791264978.585150364] [bw_dr03_decoded_serial_node]: SEND MOTOR CMD: cd eb d7 09 74 46 46 53 53 08 08 00 00
[decoded_serial_node-3] [INFO] [1791264978.651538139] [bw_dr03_decoded_serial_node]: RECEIVED /cmd_vel: linear.x=0.07333333333333333, angular.z=0.125
[decoded_serial_node-3] [INFO] [1791264978.652312271] [bw_dr03_decoded_serial_node]: SEND MOTOR CMD: cd eb d7 09 74 46 46 53 53 0c 05 00 00
[decoded_serial_node-3] [INFO] [1791264978.718189499] [bw_dr03_decoded_serial_node]: RECEIVED /cmd_vel: linear.x=0.07333333333333333, angular.z=0.125
[decoded_serial_node-3] [INFO] [1791264978.718914951] [bw_dr03_decoded_serial_node]: SEND MOTOR CMD: cd eb d7 09 74 46 46 53 53 0c 05 00 00
[decoded_serial_node-3] [INFO] [1791264978.784891913] [bw_dr03_decoded_serial_node]: RECEIVED /cmd_vel: linear.x=0.07333333333333333, angular.z=0.125
[decoded_serial_node-3] [INFO] [1791264978.785664858] [bw_dr03_decoded_serial_node]: SEND MOTOR CMD: cd eb d7 09 74 46 46 53 53 0c 05 00 00
[follow_planner-6] [INFO] [1791264978.849517706] [follow_planner_node]: [AVOID] ne vat can (phai) | d=1.56m goc=22deg | v=0.073 w=0.125 | thoang=0.10m
[decoded_serial_node-3] [INFO] [1791264978.850228910] [bw_dr03_decoded_serial_node]: RECEIVED /cmd_vel: linear.x=0.07333333333333333, angular.z=0.125
[decoded_serial_node-3] [INFO] [1791264978.850999481] [bw_dr03_decoded_serial_node]: SEND MOTOR CMD: cd eb d7 09 74 46 46 53 53 0c 05 00 00
[decoded_serial_node-3] [INFO] [1791264978.917142668] [bw_dr03_decoded_serial_node]: RECEIVED /cmd_vel: linear.x=0.07333333333333333, angular.z=0.125
[decoded_serial_node-3] [INFO] [1791264978.917876431] [bw_dr03_decoded_serial_node]: SEND MOTOR CMD: cd eb d7 09 74 46 46 53 53 0c 05 00 00
[decoded_serial_node-3] [INFO] [1791264978.985322107] [bw_dr03_decoded_serial_node]: RECEIVED /cmd_vel: linear.x=0.07333333333333333, angular.z=0.125
[decoded_serial_node-3] [INFO] [1791264978.986067744] [bw_dr03_decoded_serial_node]: SEND MOTOR CMD: cd eb d7 09 74 46 46 53 53 0c 05 00 00
[decoded_serial_node-3] [INFO] [1791264979.050015577] [bw_dr03_decoded_serial_node]: RECEIVED /cmd_vel: linear.x=0.07333333333333333, angular.z=0.125
[decoded_serial_node-3] [INFO] [1791264979.050751715] [bw_dr03_decoded_serial_node]: SEND MOTOR CMD: cd eb d7 09 74 46 46 53 53 0c 05 00 00
[decoded_serial_node-3] [INFO] [1791264979.117061126] [bw_dr03_decoded_serial_node]: RECEIVED /cmd_vel: linear.x=0.07333333333333333, angular.z=0.125
[decoded_serial_node-3] [INFO] [1791264979.117797264] [bw_dr03_decoded_serial_node]: SEND MOTOR CMD: cd eb d7 09 74 46 46 53 53 0c 05 00 00
[decoded_serial_node-3] [INFO] [1791264979.140818199] [bw_dr03_decoded_serial_node]: RECEIVED /cmd_vel: linear.x=0.0, angular.z=0.0
[decoded_serial_node-3] [INFO] [1791264979.141566210] [bw_dr03_decoded_serial_node]: SEND MOTOR CMD: cd eb d7 09 74 53 53 53 53 1e 1e 00 00
[decoded_serial_node-3] [INFO] [1791264979.184512738] [bw_dr03_decoded_serial_node]: RECEIVED /cmd_vel: linear.x=0.0, angular.z=0.0
[decoded_serial_node-3] [INFO] [1791264979.229689052] [bw_dr03_decoded_serial_node]: RECEIVED /cmd_vel: linear.x=0.0, angular.z=0.0
[decoded_serial_node-3] [INFO] [1791264979.277129584] [bw_dr03_decoded_serial_node]: RECEIVED /cmd_vel: linear.x=0.0, angular.z=0.0
[follow_planner-6] [INFO] [1791264979.319506199] [follow_planner_node]: Bam nguoi: TAT
[follow_planner-6] [INFO] [1791264979.602338728] [follow_planner_node]: Bam nguoi: BAT
[decoded_serial_node-3] [INFO] [1791264979.652036354] [bw_dr03_decoded_serial_node]: RECEIVED /cmd_vel: linear.x=0.035, angular.z=0.0
[decoded_serial_node-3] [INFO] [1791264979.652772492] [bw_dr03_decoded_serial_node]: SEND MOTOR CMD: cd eb d7 09 74 46 46 53 53 05 05 00 00
[decoded_serial_node-3] [INFO] [1791264979.717850653] [bw_dr03_decoded_serial_node]: RECEIVED /cmd_vel: linear.x=0.035, angular.z=0.0
[decoded_serial_node-3] [INFO] [1791264979.718592727] [bw_dr03_decoded_serial_node]: SEND MOTOR CMD: cd eb d7 09 74 46 46 53 53 05 05 00 00
[decoded_serial_node-3] [INFO] [1791264979.784696732] [bw_dr03_decoded_serial_node]: RECEIVED /cmd_vel: linear.x=0.035, angular.z=0.0
[decoded_serial_node-3] [INFO] [1791264979.785457804] [bw_dr03_decoded_serial_node]: SEND MOTOR CMD: cd eb d7 09 74 46 46 53 53 05 05 00 00
[follow_planner-6] [INFO] [1791264979.851431204] [follow_planner_node]: [AVOID] ne vat can (phai) | d=1.55m goc=20deg | v=0.035 w=0.000 | thoang=0.10m
[decoded_serial_node-3] [INFO] [1791264979.851855077] [bw_dr03_decoded_serial_node]: RECEIVED /cmd_vel: linear.x=0.035, angular.z=0.0
[decoded_serial_node-3] [INFO] [1791264979.852611399] [bw_dr03_decoded_serial_node]: SEND MOTOR CMD: cd eb d7 09 74 46 46 53 53 05 05 00 00
[decoded_serial_node-3] [INFO] [1791264979.918306966] [bw_dr03_decoded_serial_node]: RECEIVED /cmd_vel: linear.x=0.035, angular.z=0.0
[decoded_serial_node-3] [INFO] [1791264979.919065663] [bw_dr03_decoded_serial_node]: SEND MOTOR CMD: cd eb d7 09 74 46 46 53 53 05 05 00 00
[decoded_serial_node-3] [INFO] [1791264979.988786242] [bw_dr03_decoded_serial_node]: RECEIVED /cmd_vel: linear.x=0.035, angular.z=0.0
[decoded_serial_node-3] [INFO] [1791264979.989529504] [bw_dr03_decoded_serial_node]: SEND MOTOR CMD: cd eb d7 09 74 46 46 53 53 05 05 00 00
[decoded_serial_node-3] [INFO] [1791264980.051384093] [bw_dr03_decoded_serial_node]: RECEIVED /cmd_vel: linear.x=0.035, angular.z=0.0
[decoded_serial_node-3] [INFO] [1791264980.052152288] [bw_dr03_decoded_serial_node]: SEND MOTOR CMD: cd eb d7 09 74 46 46 53 53 05 05 00 00
[decoded_serial_node-3] [INFO] [1791264980.117809860] [bw_dr03_decoded_serial_node]: RECEIVED /cmd_vel: linear.x=0.035, angular.z=0.0
[decoded_serial_node-3] [INFO] [1791264980.118575681] [bw_dr03_decoded_serial_node]: SEND MOTOR CMD: cd eb d7 09 74 46 46 53 53 05 05 00 00
[decoded_serial_node-3] [INFO] [1791264980.184163201] [bw_dr03_decoded_serial_node]: RECEIVED /cmd_vel: linear.x=0.035, angular.z=0.0
[decoded_serial_node-3] [INFO] [1791264980.184915962] [bw_dr03_decoded_serial_node]: SEND MOTOR CMD: cd eb d7 09 74 46 46 53 53 05 05 00 00
[decoded_serial_node-3] [INFO] [1791264980.252626409] [bw_dr03_decoded_serial_node]: RECEIVED /cmd_vel: linear.x=0.035, angular.z=0.0
[decoded_serial_node-3] [INFO] [1791264980.253368483] [bw_dr03_decoded_serial_node]: SEND MOTOR CMD: cd eb d7 09 74 46 46 53 53 05 05 00 00
[decoded_serial_node-3] [INFO] [1791264980.317296131] [bw_dr03_decoded_serial_node]: RECEIVED /cmd_vel: linear.x=0.035, angular.z=0.0
[decoded_serial_node-3] [INFO] [1791264980.318103508] [bw_dr03_decoded_serial_node]: SEND MOTOR CMD: cd eb d7 09 74 46 46 53 53 05 05 00 00
[decoded_serial_node-3] [INFO] [1791264980.384091155] [bw_dr03_decoded_serial_node]: RECEIVED /cmd_vel: linear.x=0.035, angular.z=0.0
[decoded_serial_node-3] [INFO] [1791264980.384836791] [bw_dr03_decoded_serial_node]: SEND MOTOR CMD: cd eb d7 09 74 46 46 53 53 05 05 00 00
[decoded_serial_node-3] [INFO] [1791264980.451365856] [bw_dr03_decoded_serial_node]: RECEIVED /cmd_vel: linear.x=0.035, angular.z=0.0
[decoded_serial_node-3] [INFO] [1791264980.452167296] [bw_dr03_decoded_serial_node]: SEND MOTOR CMD: cd eb d7 09 74 46 46 53 53 05 05 00 00
[follow_planner-6] [INFO] [1791264980.483763051] [follow_planner_node]: self-filter: bo 9/221 tia dap vao than xe
[decoded_serial_node-3] [INFO] [1791264980.517174217] [bw_dr03_decoded_serial_node]: RECEIVED /cmd_vel: linear.x=0.035, angular.z=0.0
[decoded_serial_node-3] [INFO] [1791264980.517921041] [bw_dr03_decoded_serial_node]: SEND MOTOR CMD: cd eb d7 09 74 46 46 53 53 05 05 00 00
[decoded_serial_node-3] [INFO] [1791264980.584093910] [bw_dr03_decoded_serial_node]: RECEIVED /cmd_vel: linear.x=0.035, angular.z=0.0
[decoded_serial_node-3] [INFO] [1791264980.586041113] [bw_dr03_decoded_serial_node]: SEND MOTOR CMD: cd eb d7 09 74 46 46 53 53 05 05 00 00
[decoded_serial_node-3] [INFO] [1791264980.651904091] [bw_dr03_decoded_serial_node]: RECEIVED /cmd_vel: linear.x=0.035, angular.z=0.0
[decoded_serial_node-3] [INFO] [1791264980.652674662] [bw_dr03_decoded_serial_node]: SEND MOTOR CMD: cd eb d7 09 74 46 46 53 53 05 05 00 00
[decoded_serial_node-3] [INFO] [1791264980.717748072] [bw_dr03_decoded_serial_node]: RECEIVED /cmd_vel: linear.x=0.035, angular.z=0.0
[decoded_serial_node-3] [INFO] [1791264980.718504395] [bw_dr03_decoded_serial_node]: SEND MOTOR CMD: cd eb d7 09 74 46 46 53 53 05 05 00 00
[decoded_serial_node-3] [INFO] [1791264980.784773436] [bw_dr03_decoded_serial_node]: RECEIVED /cmd_vel: linear.x=0.035, angular.z=0.0
[decoded_serial_node-3] [INFO] [1791264980.785527384] [bw_dr03_decoded_serial_node]: SEND MOTOR CMD: cd eb d7 09 74 46 46 53 53 05 05 00 00
[decoded_serial_node-3] [INFO] [1791264980.851897348] [bw_dr03_decoded_serial_node]: RECEIVED /cmd_vel: linear.x=0.035, angular.z=0.0
[decoded_serial_node-3] [INFO] [1791264980.852678604] [bw_dr03_decoded_serial_node]: SEND MOTOR CMD: cd eb d7 09 74 46 46 53 53 05 05 00 00
[follow_planner-6] [INFO] [1791264980.917397006] [follow_planner_node]: [AVOID] ne vat can (phai) | d=1.52m goc=20deg | v=0.035 w=0.000 | thoang=0.11m
[decoded_serial_node-3] [INFO] [1791264980.918052406] [bw_dr03_decoded_serial_node]: RECEIVED /cmd_vel: linear.x=0.035, angular.z=0.0
[decoded_serial_node-3] [INFO] [1791264980.918839599] [bw_dr03_decoded_serial_node]: SEND MOTOR CMD: cd eb d7 09 74 46 46 53 53 05 05 00 00
[decoded_serial_node-3] [INFO] [1791264980.983322912] [bw_dr03_decoded_serial_node]: RECEIVED /cmd_vel: linear.x=0.035, angular.z=0.0
[decoded_serial_node-3] [INFO] [1791264980.984067361] [bw_dr03_decoded_serial_node]: SEND MOTOR CMD: cd eb d7 09 74 46 46 53 53 05 05 00 00
[decoded_serial_node-3] [INFO] [1791264981.051646015] [bw_dr03_decoded_serial_node]: RECEIVED /cmd_vel: linear.x=0.035, angular.z=0.0
[decoded_serial_node-3] [INFO] [1791264981.052472390] [bw_dr03_decoded_serial_node]: SEND MOTOR CMD: cd eb d7 09 74 46 46 53 53 05 05 00 00
[decoded_serial_node-3] [INFO] [1791264981.117924555] [bw_dr03_decoded_serial_node]: RECEIVED /cmd_vel: linear.x=0.035, angular.z=0.0
[decoded_serial_node-3] [INFO] [1791264981.118677315] [bw_dr03_decoded_serial_node]: SEND MOTOR CMD: cd eb d7 09 74 46 46 53 53 05 05 00 00
[decoded_serial_node-3] [INFO] [1791264981.186572983] [bw_dr03_decoded_serial_node]: RECEIVED /cmd_vel: linear.x=0.035, angular.z=0.125
[decoded_serial_node-3] [INFO] [1791264981.187375611] [bw_dr03_decoded_serial_node]: SEND MOTOR CMD: cd eb d7 09 74 46 46 53 53 07 05 00 00
[decoded_serial_node-3] [INFO] [1791264981.250777276] [bw_dr03_decoded_serial_node]: RECEIVED /cmd_vel: linear.x=0.035, angular.z=0.125
[decoded_serial_node-3] [INFO] [1791264981.251564468] [bw_dr03_decoded_serial_node]: SEND MOTOR CMD: cd eb d7 09 74 46 46 53 53 07 05 00 00
[decoded_serial_node-3] [INFO] [1791264981.317436944] [bw_dr03_decoded_serial_node]: RECEIVED /cmd_vel: linear.x=0.035, angular.z=0.125
[decoded_serial_node-3] [INFO] [1791264981.318217013] [bw_dr03_decoded_serial_node]: SEND MOTOR CMD: cd eb d7 09 74 46 46 53 53 07 05 00 00
[decoded_serial_node-3] [INFO] [1791264981.384779322] [bw_dr03_decoded_serial_node]: RECEIVED /cmd_vel: linear.x=0.035, angular.z=0.125
[decoded_serial_node-3] [INFO] [1791264981.385527333] [bw_dr03_decoded_serial_node]: SEND MOTOR CMD: cd eb d7 09 74 46 46 53 53 07 05 00 00
[decoded_serial_node-3] [INFO] [1791264981.451831993] [bw_dr03_decoded_serial_node]: RECEIVED /cmd_vel: linear.x=0.035, angular.z=0.125
[decoded_serial_node-3] [INFO] [1791264981.452580004] [bw_dr03_decoded_serial_node]: SEND MOTOR CMD: cd eb d7 09 74 46 46 53 53 07 05 00 00
[decoded_serial_node-3] [INFO] [1791264981.517832700] [bw_dr03_decoded_serial_node]: RECEIVED /cmd_vel: linear.x=0.035, angular.z=0.125
[decoded_serial_node-3] [INFO] [1791264981.518587835] [bw_dr03_decoded_serial_node]: SEND MOTOR CMD: cd eb d7 09 74 46 46 53 53 07 05 00 00
[decoded_serial_node-3] [INFO] [1791264981.585285498] [bw_dr03_decoded_serial_node]: RECEIVED /cmd_vel: linear.x=0.035, angular.z=0.125
[decoded_serial_node-3] [INFO] [1791264981.586028760] [bw_dr03_decoded_serial_node]: SEND MOTOR CMD: cd eb d7 09 74 46 46 53 53 07 05 00 00
[decoded_serial_node-3] [INFO] [1791264981.651420371] [bw_dr03_decoded_serial_node]: RECEIVED /cmd_vel: linear.x=0.035, angular.z=0.125
[decoded_serial_node-3] [INFO] [1791264981.652177881] [bw_dr03_decoded_serial_node]: SEND MOTOR CMD: cd eb d7 09 74 46 46 53 53 07 05 00 00
[decoded_serial_node-3] [INFO] [1791264981.718807867] [bw_dr03_decoded_serial_node]: RECEIVED /cmd_vel: linear.x=0.035, angular.z=0.125
[decoded_serial_node-3] [INFO] [1791264981.719571313] [bw_dr03_decoded_serial_node]: SEND MOTOR CMD: cd eb d7 09 74 46 46 53 53 07 05 00 00
[decoded_serial_node-3] [INFO] [1791264981.785146959] [bw_dr03_decoded_serial_node]: RECEIVED /cmd_vel: linear.x=0.035, angular.z=0.125
[decoded_serial_node-3] [INFO] [1791264981.785867662] [bw_dr03_decoded_serial_node]: SEND MOTOR CMD: cd eb d7 09 74 46 46 53 53 07 05 00 00
[decoded_serial_node-3] [INFO] [1791264981.851369694] [bw_dr03_decoded_serial_node]: RECEIVED /cmd_vel: linear.x=0.035, angular.z=0.125
[decoded_serial_node-3] [INFO] [1791264981.852117706] [bw_dr03_decoded_serial_node]: SEND MOTOR CMD: cd eb d7 09 74 46 46 53 53 07 05 00 00
[decoded_serial_node-3] [INFO] [1791264981.918334504] [bw_dr03_decoded_serial_node]: RECEIVED /cmd_vel: linear.x=0.035, angular.z=0.125
[decoded_serial_node-3] [INFO] [1791264981.919081328] [bw_dr03_decoded_serial_node]: SEND MOTOR CMD: cd eb d7 09 74 46 46 53 53 07 05 00 00
[follow_planner-6] [INFO] [1791264981.988455209] [follow_planner_node]: [AVOID] ne vat can (phai) | d=1.47m goc=20deg | v=0.035 w=0.000 | thoang=0.10m
[decoded_serial_node-3] [INFO] [1791264981.989029871] [bw_dr03_decoded_serial_node]: RECEIVED /cmd_vel: linear.x=0.035, angular.z=0.0
[decoded_serial_node-3] [INFO] [1791264981.989777882] [bw_dr03_decoded_serial_node]: SEND MOTOR CMD: cd eb d7 09 74 46 46 53 53 05 05 00 00
[decoded_serial_node-3] [INFO] [1791264982.052577576] [bw_dr03_decoded_serial_node]: RECEIVED /cmd_vel: linear.x=0.035, angular.z=0.125
[decoded_serial_node-3] [INFO] [1791264982.053319650] [bw_dr03_decoded_serial_node]: SEND MOTOR CMD: cd eb d7 09 74 46 46 53 53 07 05 00 00
[decoded_serial_node-3] [INFO] [1791264982.117795838] [bw_dr03_decoded_serial_node]: RECEIVED /cmd_vel: linear.x=0.035, angular.z=0.0
[decoded_serial_node-3] [INFO] [1791264982.118539100] [bw_dr03_decoded_serial_node]: SEND MOTOR CMD: cd eb d7 09 74 46 46 53 53 05 05 00 00
[decoded_serial_node-3] [INFO] [1791264982.185372116] [bw_dr03_decoded_serial_node]: RECEIVED /cmd_vel: linear.x=0.0, angular.z=0.0
[decoded_serial_node-3] [INFO] [1791264982.186382525] [bw_dr03_decoded_serial_node]: SEND MOTOR CMD: cd eb d7 09 74 53 53 53 53 1e 1e 00 00
[decoded_serial_node-3] [INFO] [1791264982.251439312] [bw_dr03_decoded_serial_node]: RECEIVED /cmd_vel: linear.x=0.0, angular.z=0.0
[decoded_serial_node-3] [INFO] [1791264982.318239084] [bw_dr03_decoded_serial_node]: RECEIVED /cmd_vel: linear.x=0.0, angular.z=0.0
[decoded_serial_node-3] [INFO] [1791264982.384396516] [bw_dr03_decoded_serial_node]: RECEIVED /cmd_vel: linear.x=0.0, angular.z=0.0
[decoded_serial_node-3] [INFO] [1791264982.451586915] [bw_dr03_decoded_serial_node]: RECEIVED /cmd_vel: linear.x=0.0, angular.z=0.0
[decoded_serial_node-3] [INFO] [1791264982.518992220] [bw_dr03_decoded_serial_node]: RECEIVED /cmd_vel: linear.x=0.0, angular.z=0.0
[decoded_serial_node-3] [INFO] [1791264982.585275508] [bw_dr03_decoded_serial_node]: RECEIVED /cmd_vel: linear.x=0.0, angular.z=0.125
[decoded_serial_node-3] [INFO] [1791264982.586177870] [bw_dr03_decoded_serial_node]: SEND MOTOR CMD: cd eb d7 09 74 46 42 53 53 05 05 00 00
[decoded_serial_node-3] [INFO] [1791264982.652265250] [bw_dr03_decoded_serial_node]: RECEIVED /cmd_vel: linear.x=0.0, angular.z=0.0
[decoded_serial_node-3] [INFO] [1791264982.653015636] [bw_dr03_decoded_serial_node]: SEND MOTOR CMD: cd eb d7 09 74 53 53 53 53 1e 1e 00 00
[decoded_serial_node-3] [INFO] [1791264982.719737045] [bw_dr03_decoded_serial_node]: RECEIVED /cmd_vel: linear.x=0.0, angular.z=0.0
[decoded_serial_node-3] [INFO] [1791264982.786371779] [bw_dr03_decoded_serial_node]: RECEIVED /cmd_vel: linear.x=0.0, angular.z=0.0
[decoded_serial_node-3] [INFO] [1791264982.851472497] [bw_dr03_decoded_serial_node]: RECEIVED /cmd_vel: linear.x=0.0, angular.z=0.0
[decoded_serial_node-3] [INFO] [1791264982.917907761] [bw_dr03_decoded_serial_node]: RECEIVED /cmd_vel: linear.x=0.0, angular.z=0.0
[decoded_serial_node-3] [INFO] [1791264982.986014772] [bw_dr03_decoded_serial_node]: RECEIVED /cmd_vel: linear.x=0.0, angular.z=0.125
[decoded_serial_node-3] [INFO] [1791264982.986760408] [bw_dr03_decoded_serial_node]: SEND MOTOR CMD: cd eb d7 09 74 46 42 53 53 05 05 00 00
[follow_planner-6] [INFO] [1791264983.050171570] [follow_planner_node]: [AVOID] ne vat can (phai) | d=1.45m goc=19deg | v=0.000 w=0.000 | thoang=0.07m
[decoded_serial_node-3] [INFO] [1791264983.051351765] [bw_dr03_decoded_serial_node]: RECEIVED /cmd_vel: linear.x=0.0, angular.z=0.0
[decoded_serial_node-3] [INFO] [1791264983.052140145] [bw_dr03_decoded_serial_node]: SEND MOTOR CMD: cd eb d7 09 74 53 53 53 53 1e 1e 00 00
[decoded_serial_node-3] [INFO] [1791264983.117826211] [bw_dr03_decoded_serial_node]: RECEIVED /cmd_vel: linear.x=0.0, angular.z=0.0
[decoded_serial_node-3] [INFO] [1791264983.184757774] [bw_dr03_decoded_serial_node]: RECEIVED /cmd_vel: linear.x=0.0, angular.z=0.0
[decoded_serial_node-3] [INFO] [1791264983.252510963] [bw_dr03_decoded_serial_node]: RECEIVED /cmd_vel: linear.x=0.0, angular.z=0.0
[decoded_serial_node-3] [INFO] [1791264983.320312831] [bw_dr03_decoded_serial_node]: RECEIVED /cmd_vel: linear.x=0.0, angular.z=0.0
[decoded_serial_node-3] [INFO] [1791264983.384743900] [bw_dr03_decoded_serial_node]: RECEIVED /cmd_vel: linear.x=0.0, angular.z=0.0
[decoded_serial_node-3] [INFO] [1791264983.452260812] [bw_dr03_decoded_serial_node]: RECEIVED /cmd_vel: linear.x=0.0, angular.z=0.0
[decoded_serial_node-3] [INFO] [1791264983.518436053] [bw_dr03_decoded_serial_node]: RECEIVED /cmd_vel: linear.x=0.0, angular.z=0.0
[decoded_serial_node-3] [INFO] [1791264983.584202856] [bw_dr03_decoded_serial_node]: RECEIVED /cmd_vel: linear.x=0.0, angular.z=0.0
[decoded_serial_node-3] [INFO] [1791264983.650699860] [bw_dr03_decoded_serial_node]: RECEIVED /cmd_vel: linear.x=0.0, angular.z=0.0
[decoded_serial_node-3] [INFO] [1791264983.718640645] [bw_dr03_decoded_serial_node]: RECEIVED /cmd_vel: linear.x=0.0, angular.z=0.0
[decoded_serial_node-3] [INFO] [1791264983.784847944] [bw_dr03_decoded_serial_node]: RECEIVED /cmd_vel: linear.x=0.0, angular.z=0.0
[decoded_serial_node-3] [INFO] [1791264983.852313801] [bw_dr03_decoded_serial_node]: RECEIVED /cmd_vel: linear.x=0.0, angular.z=0.0
[decoded_serial_node-3] [INFO] [1791264983.918803681] [bw_dr03_decoded_serial_node]: RECEIVED /cmd_vel: linear.x=0.0, angular.z=0.0
[decoded_serial_node-3] [INFO] [1791264983.985172455] [bw_dr03_decoded_serial_node]: RECEIVED /cmd_vel: linear.x=0.0, angular.z=0.0
[follow_planner-6] [INFO] [1791264984.053670092] [follow_planner_node]: [AVOID] ne vat can (phai) | d=1.45m goc=19deg | v=0.000 w=0.000 | thoang=0.08m
[decoded_serial_node-3] [INFO] [1791264984.054339740] [bw_dr03_decoded_serial_node]: RECEIVED /cmd_vel: linear.x=0.0, angular.z=0.0
[decoded_serial_node-3] [INFO] [1791264984.117598925] [bw_dr03_decoded_serial_node]: RECEIVED /cmd_vel: linear.x=0.0, angular.z=0.0
[decoded_serial_node-3] [INFO] [1791264984.184188539] [bw_dr03_decoded_serial_node]: RECEIVED /cmd_vel: linear.x=0.0, angular.z=0.0
[decoded_serial_node-3] [INFO] [1791264984.250733036] [bw_dr03_decoded_serial_node]: RECEIVED /cmd_vel: linear.x=0.0, angular.z=0.0
[decoded_serial_node-3] [INFO] [1791264984.319148748] [bw_dr03_decoded_serial_node]: RECEIVED /cmd_vel: linear.x=0.0, angular.z=0.0
[decoded_serial_node-3] [INFO] [1791264984.384632968] [bw_dr03_decoded_serial_node]: RECEIVED /cmd_vel: linear.x=0.0, angular.z=0.0
[decoded_serial_node-3] [INFO] [1791264984.452846836] [bw_dr03_decoded_serial_node]: RECEIVED /cmd_vel: linear.x=0.0, angular.z=0.0
[decoded_serial_node-3] [INFO] [1791264984.518485407] [bw_dr03_decoded_serial_node]: RECEIVED /cmd_vel: linear.x=0.0, angular.z=0.0
[decoded_serial_node-3] [INFO] [1791264984.584882676] [bw_dr03_decoded_serial_node]: RECEIVED /cmd_vel: linear.x=0.0, angular.z=0.0
[decoded_serial_node-3] [INFO] [1791264984.651503161] [bw_dr03_decoded_serial_node]: RECEIVED /cmd_vel: linear.x=0.0, angular.z=0.0
[decoded_serial_node-3] [INFO] [1791264984.717528799] [bw_dr03_decoded_serial_node]: RECEIVED /cmd_vel: linear.x=0.035, angular.z=0.125
[decoded_serial_node-3] [INFO] [1791264984.718283935] [bw_dr03_decoded_serial_node]: SEND MOTOR CMD: cd eb d7 09 74 46 46 53 53 07 05 00 00
[decoded_serial_node-3] [INFO] [1791264984.785388846] [bw_dr03_decoded_serial_node]: RECEIVED /cmd_vel: linear.x=0.035, angular.z=0.0
[decoded_serial_node-3] [INFO] [1791264984.786140419] [bw_dr03_decoded_serial_node]: SEND MOTOR CMD: cd eb d7 09 74 46 46 53 53 05 05 00 00
[decoded_serial_node-3] [INFO] [1791264984.854361410] [bw_dr03_decoded_serial_node]: RECEIVED /cmd_vel: linear.x=0.035, angular.z=0.0
[decoded_serial_node-3] [INFO] [1791264984.855105859] [bw_dr03_decoded_serial_node]: SEND MOTOR CMD: cd eb d7 09 74 46 46 53 53 05 05 00 00
[decoded_serial_node-3] [INFO] [1791264984.920599578] [bw_dr03_decoded_serial_node]: RECEIVED /cmd_vel: linear.x=0.058009259259259253, angular.z=0.125
[decoded_serial_node-3] [INFO] [1791264984.921389146] [bw_dr03_decoded_serial_node]: SEND MOTOR CMD: cd eb d7 09 74 46 46 53 53 0a 05 00 00
[decoded_serial_node-3] [INFO] [1791264984.986955291] [bw_dr03_decoded_serial_node]: RECEIVED /cmd_vel: linear.x=0.08134259259259258, angular.z=0.125
[decoded_serial_node-3] [INFO] [1791264984.987713988] [bw_dr03_decoded_serial_node]: SEND MOTOR CMD: cd eb d7 09 74 46 46 53 53 0d 06 00 00
[decoded_serial_node-3] [INFO] [1791264985.055065861] [bw_dr03_decoded_serial_node]: RECEIVED /cmd_vel: linear.x=0.10467592592592591, angular.z=0.125
[decoded_serial_node-3] [INFO] [1791264985.055801999] [bw_dr03_decoded_serial_node]: SEND MOTOR CMD: cd eb d7 09 74 46 46 53 53 0f 09 00 00
[follow_planner-6] [INFO] [1791264985.120116710] [follow_planner_node]: [OCCLUDED] nguoi bi che — di theo du doan | d=1.45m goc=19deg | v=0.128 w=0.285 | thoang=0.15m
[decoded_serial_node-3] [INFO] [1791264985.121320651] [bw_dr03_decoded_serial_node]: RECEIVED /cmd_vel: linear.x=0.12800925925925924, angular.z=0.28500000000000003
[decoded_serial_node-3] [INFO] [1791264985.122313250] [bw_dr03_decoded_serial_node]: SEND MOTOR CMD: cd eb d7 09 74 46 46 53 53 16 08 00 00
[decoded_serial_node-3] [INFO] [1791264985.187022151] [bw_dr03_decoded_serial_node]: RECEIVED /cmd_vel: linear.x=0.15134259259259258, angular.z=0.40156250000000016
[decoded_serial_node-3] [INFO] [1791264985.187824778] [bw_dr03_decoded_serial_node]: SEND MOTOR CMD: cd eb d7 09 74 46 46 53 53 1c 08 00 00
[decoded_serial_node-3] [INFO] [1791264985.254189989] [bw_dr03_decoded_serial_node]: RECEIVED /cmd_vel: linear.x=0.1746759259259259, angular.z=0.3255859375000002
[decoded_serial_node-3] [INFO] [1791264985.254942749] [bw_dr03_decoded_serial_node]: SEND MOTOR CMD: cd eb d7 09 74 46 46 53 53 1d 0d 00 00
[decoded_serial_node-3] [INFO] [1791264985.320914957] [bw_dr03_decoded_serial_node]: RECEIVED /cmd_vel: linear.x=0.19800925925925922, angular.z=0.2970947265625
[decoded_serial_node-3] [INFO] [1791264985.321696213] [bw_dr03_decoded_serial_node]: SEND MOTOR CMD: cd eb d7 09 74 46 46 53 53 1f 10 00 00
[decoded_serial_node-3] [INFO] [1791264985.394407646] [bw_dr03_decoded_serial_node]: RECEIVED /cmd_vel: linear.x=0.1871682098765432, angular.z=0.16747894287109377
[decoded_serial_node-3] [INFO] [1791264985.395148533] [bw_dr03_decoded_serial_node]: SEND MOTOR CMD: cd eb d7 09 74 46 46 53 53 1b 12 00 00
[decoded_serial_node-3] [INFO] [1791264985.458812592] [bw_dr03_decoded_serial_node]: RECEIVED /cmd_vel: linear.x=0.1853613683127572, angular.z=0.25
[decoded_serial_node-3] [INFO] [1791264985.459578413] [bw_dr03_decoded_serial_node]: SEND MOTOR CMD: cd eb d7 09 74 46 46 53 53 1c 10 00 00
[decoded_serial_node-3] [INFO] [1791264985.524003544] [bw_dr03_decoded_serial_node]: RECEIVED /cmd_vel: linear.x=0.18506022805212619, angular.z=0.1468750000000001
[decoded_serial_node-3] [INFO] [1791264985.524738495] [bw_dr03_decoded_serial_node]: SEND MOTOR CMD: cd eb d7 09 74 46 46 53 53 1a 13 00 00
[decoded_serial_node-3] [INFO] [1791264985.590658460] [bw_dr03_decoded_serial_node]: RECEIVED /cmd_vel: linear.x=0.1850100380086877, angular.z=0.125
[decoded_serial_node-3] [INFO] [1791264985.591510956] [bw_dr03_decoded_serial_node]: SEND MOTOR CMD: cd eb d7 09 74 46 46 53 53 19 13 00 00
[decoded_serial_node-3] [INFO] [1791264985.658457953] [bw_dr03_decoded_serial_node]: RECEIVED /cmd_vel: linear.x=0.18500167300144796, angular.z=0.125
[decoded_serial_node-3] [INFO] [1791264985.659221399] [bw_dr03_decoded_serial_node]: SEND MOTOR CMD: cd eb d7 09 74 46 46 53 53 19 13 00 00
[decoded_serial_node-3] [INFO] [1791264985.722428340] [bw_dr03_decoded_serial_node]: RECEIVED /cmd_vel: linear.x=0.18500027883357464, angular.z=0.25
[decoded_serial_node-3] [INFO] [1791264985.723195349] [bw_dr03_decoded_serial_node]: SEND MOTOR CMD: cd eb d7 09 74 46 46 53 53 1c 10 00 00
[decoded_serial_node-3] [INFO] [1791264985.791098138] [bw_dr03_decoded_serial_node]: RECEIVED /cmd_vel: linear.x=0.18500004647226242, angular.z=0.1468750000000001
[decoded_serial_node-3] [INFO] [1791264985.791817653] [bw_dr03_decoded_serial_node]: SEND MOTOR CMD: cd eb d7 09 74 46 46 53 53 1a 13 00 00
[decoded_serial_node-3] [INFO] [1791264985.857355302] [bw_dr03_decoded_serial_node]: RECEIVED /cmd_vel: linear.x=0.18500000774537706, angular.z=0.125
[decoded_serial_node-3] [INFO] [1791264985.858096190] [bw_dr03_decoded_serial_node]: SEND MOTOR CMD: cd eb d7 09 74 46 46 53 53 19 13 00 00
[decoded_serial_node-3] [INFO] [1791264985.924245308] [bw_dr03_decoded_serial_node]: RECEIVED /cmd_vel: linear.x=0.18500000129089617, angular.z=0.0
[decoded_serial_node-3] [INFO] [1791264985.925049123] [bw_dr03_decoded_serial_node]: SEND MOTOR CMD: cd eb d7 09 74 46 46 53 53 16 16 00 00
[decoded_serial_node-3] [INFO] [1791264985.991842956] [bw_dr03_decoded_serial_node]: RECEIVED /cmd_vel: linear.x=0.18500000021514937, angular.z=0.125
[decoded_serial_node-3] [INFO] [1791264985.992651521] [bw_dr03_decoded_serial_node]: SEND MOTOR CMD: cd eb d7 09 74 46 46 53 53 19 13 00 00
[decoded_serial_node-3] [INFO] [1791264986.057993261] [bw_dr03_decoded_serial_node]: RECEIVED /cmd_vel: linear.x=0.18500000003585823, angular.z=0.125
[decoded_serial_node-3] [INFO] [1791264986.058732961] [bw_dr03_decoded_serial_node]: SEND MOTOR CMD: cd eb d7 09 74 46 46 53 53 19 13 00 00
[follow_planner-6] [INFO] [1791264986.124248051] [follow_planner_node]: [OCCLUDED] nguoi bi che — di theo du doan | d=1.31m goc=11deg | v=0.162 w=-0.100 | thoang=0.11m
[decoded_serial_node-3] [INFO] [1791264986.125181283] [bw_dr03_decoded_serial_node]: RECEIVED /cmd_vel: linear.x=0.16166666670252489, angular.z=-0.1
[decoded_serial_node-3] [INFO] [1791264986.125944730] [bw_dr03_decoded_serial_node]: SEND MOTOR CMD: cd eb d7 09 74 46 46 53 53 11 16 00 00
[decoded_serial_node-3] [INFO] [1791264986.187164098] [bw_dr03_decoded_serial_node]: RECEIVED /cmd_vel: linear.x=0.14666666666666667, angular.z=0.0
[decoded_serial_node-3] [INFO] [1791264986.187881239] [bw_dr03_decoded_serial_node]: SEND MOTOR CMD: cd eb d7 09 74 46 46 53 53 11 11 00 00
[decoded_serial_node-3] [INFO] [1791264986.255273480] [bw_dr03_decoded_serial_node]: RECEIVED /cmd_vel: linear.x=0.14666666666666667, angular.z=0.0
[decoded_serial_node-3] [INFO] [1791264986.256061860] [bw_dr03_decoded_serial_node]: SEND MOTOR CMD: cd eb d7 09 74 46 46 53 53 11 11 00 00
[decoded_serial_node-3] [INFO] [1791264986.321783543] [bw_dr03_decoded_serial_node]: RECEIVED /cmd_vel: linear.x=0.14666666666666667, angular.z=0.0
[decoded_serial_node-3] [INFO] [1791264986.322646724] [bw_dr03_decoded_serial_node]: SEND MOTOR CMD: cd eb d7 09 74 46 46 53 53 11 11 00 00
[decoded_serial_node-3] [INFO] [1791264986.389293328] [bw_dr03_decoded_serial_node]: RECEIVED /cmd_vel: linear.x=0.14666666666666667, angular.z=0.125
[decoded_serial_node-3] [INFO] [1791264986.390044901] [bw_dr03_decoded_serial_node]: SEND MOTOR CMD: cd eb d7 09 74 46 46 53 53 15 0e 00 00
[decoded_serial_node-3] [INFO] [1791264986.455351023] [bw_dr03_decoded_serial_node]: RECEIVED /cmd_vel: linear.x=0.12333333333333334, angular.z=-0.1
[decoded_serial_node-3] [INFO] [1791264986.456109720] [bw_dr03_decoded_serial_node]: SEND MOTOR CMD: cd eb d7 09 74 46 46 53 53 0c 11 00 00
[decoded_serial_node-3] [INFO] [1791264986.521903829] [bw_dr03_decoded_serial_node]: RECEIVED /cmd_vel: linear.x=0.11, angular.z=0.0
[decoded_serial_node-3] [INFO] [1791264986.522800255] [bw_dr03_decoded_serial_node]: SEND MOTOR CMD: cd eb d7 09 74 46 46 53 53 0d 0d 00 00
[decoded_serial_node-3] [INFO] [1791264986.590038145] [bw_dr03_decoded_serial_node]: RECEIVED /cmd_vel: linear.x=0.11, angular.z=0.125
[decoded_serial_node-3] [INFO] [1791264986.590780219] [bw_dr03_decoded_serial_node]: SEND MOTOR CMD: cd eb d7 09 74 46 46 53 53 10 0a 00 00
[decoded_serial_node-3] [INFO] [1791264986.655246906] [bw_dr03_decoded_serial_node]: RECEIVED /cmd_vel: linear.x=0.11, angular.z=0.0
[decoded_serial_node-3] [INFO] [1791264986.656294121] [bw_dr03_decoded_serial_node]: SEND MOTOR CMD: cd eb d7 09 74 46 46 53 53 0d 0d 00 00
[decoded_serial_node-3] [INFO] [1791264986.724889117] [bw_dr03_decoded_serial_node]: RECEIVED /cmd_vel: linear.x=0.11, angular.z=0.0
[decoded_serial_node-3] [INFO] [1791264986.725710741] [bw_dr03_decoded_serial_node]: SEND MOTOR CMD: cd eb d7 09 74 46 46 53 53 0d 0d 00 00
[decoded_serial_node-3] [INFO] [1791264986.789424667] [bw_dr03_decoded_serial_node]: RECEIVED /cmd_vel: linear.x=0.11, angular.z=0.0
[decoded_serial_node-3] [INFO] [1791264986.790221359] [bw_dr03_decoded_serial_node]: SEND MOTOR CMD: cd eb d7 09 74 46 46 53 53 0d 0d 00 00
[decoded_serial_node-3] [INFO] [1791264986.859715155] [bw_dr03_decoded_serial_node]: RECEIVED /cmd_vel: linear.x=0.11, angular.z=0.0
[decoded_serial_node-3] [INFO] [1791264986.860495224] [bw_dr03_decoded_serial_node]: SEND MOTOR CMD: cd eb d7 09 74 46 46 53 53 0d 0d 00 00
[decoded_serial_node-3] [INFO] [1791264986.921601797] [bw_dr03_decoded_serial_node]: RECEIVED /cmd_vel: linear.x=0.11, angular.z=0.0
[decoded_serial_node-3] [INFO] [1791264986.922758245] [bw_dr03_decoded_serial_node]: SEND MOTOR CMD: cd eb d7 09 74 46 46 53 53 0d 0d 00 00
[decoded_serial_node-3] [INFO] [1791264986.988203283] [bw_dr03_decoded_serial_node]: RECEIVED /cmd_vel: linear.x=0.11, angular.z=0.0
[decoded_serial_node-3] [INFO] [1791264986.989091398] [bw_dr03_decoded_serial_node]: SEND MOTOR CMD: cd eb d7 09 74 46 46 53 53 0d 0d 00 00
[decoded_serial_node-3] [INFO] [1791264987.054005703] [bw_dr03_decoded_serial_node]: RECEIVED /cmd_vel: linear.x=0.11, angular.z=0.0
[decoded_serial_node-3] [INFO] [1791264987.054747777] [bw_dr03_decoded_serial_node]: SEND MOTOR CMD: cd eb d7 09 74 46 46 53 53 0d 0d 00 00
[decoded_serial_node-3] [INFO] [1791264987.121497678] [bw_dr03_decoded_serial_node]: RECEIVED /cmd_vel: linear.x=0.11, angular.z=0.0
[decoded_serial_node-3] [INFO] [1791264987.122262312] [bw_dr03_decoded_serial_node]: SEND MOTOR CMD: cd eb d7 09 74 46 46 53 53 0d 0d 00 00
[follow_planner-6] [INFO] [1791264987.186620951] [follow_planner_node]: [OCCLUDED] nguoi bi che — di theo du doan | d=1.17m goc=10deg | v=0.087 w=-0.125 | thoang=0.11m
[decoded_serial_node-3] [INFO] [1791264987.187123187] [bw_dr03_decoded_serial_node]: RECEIVED /cmd_vel: linear.x=0.08666666666666667, angular.z=-0.125
[decoded_serial_node-3] [INFO] [1791264987.187889008] [bw_dr03_decoded_serial_node]: SEND MOTOR CMD: cd eb d7 09 74 46 46 53 53 07 0d 00 00
[decoded_serial_node-3] [INFO] [1791264987.254648407] [bw_dr03_decoded_serial_node]: RECEIVED /cmd_vel: linear.x=0.07333333333333333, angular.z=-0.125
[decoded_serial_node-3] [INFO] [1791264987.255385733] [bw_dr03_decoded_serial_node]: SEND MOTOR CMD: cd eb d7 09 74 46 46 53 53 05 0c 00 00
[decoded_serial_node-3] [INFO] [1791264987.322357662] [bw_dr03_decoded_serial_node]: RECEIVED /cmd_vel: linear.x=0.07333333333333333, angular.z=-0.125
[decoded_serial_node-3] [INFO] [1791264987.323111610] [bw_dr03_decoded_serial_node]: SEND MOTOR CMD: cd eb d7 09 74 46 46 53 53 05 0c 00 00
[decoded_serial_node-3] [INFO] [1791264987.355068307] [bw_dr03_decoded_serial_node]: RECEIVED /cmd_vel: linear.x=0.0, angular.z=0.0
[decoded_serial_node-3] [INFO] [1791264987.355792572] [bw_dr03_decoded_serial_node]: SEND MOTOR CMD: cd eb d7 09 74 53 53 53 53 1e 1e 00 00
[decoded_serial_node-3] [INFO] [1791264987.398495696] [bw_dr03_decoded_serial_node]: RECEIVED /cmd_vel: linear.x=0.0, angular.z=0.0
[decoded_serial_node-3] [INFO] [1791264987.440159916] [bw_dr03_decoded_serial_node]: RECEIVED /cmd_vel: linear.x=0.0, angular.z=0.0
[decoded_serial_node-3] [INFO] [1791264987.490461883] [bw_dr03_decoded_serial_node]: RECEIVED /cmd_vel: linear.x=0.0, angular.z=0.0
[follow_planner-6] [INFO] [1791264987.533345479] [follow_planner_node]: Bam nguoi: TAT
[decoded_serial_node-3] [INFO] [1791264987.843639491] [bw_dr03_decoded_serial_node]: RECEIVED /cmd_vel: linear.x=0.0, angular.z=0.0
[decoded_serial_node-3] [INFO] [1791264988.051567585] [bw_dr03_decoded_serial_node]: RECEIVED /cmd_vel: linear.x=0.0, angular.z=0.0
[follow_planner-6] [INFO] [1791264988.156329511] [follow_planner_node]: [IDLE] disabled | d=- goc=- | v=0.000 w=0.000 | thoang=-
[decoded_serial_node-3] [INFO] [1791264988.253870160] [bw_dr03_decoded_serial_node]: RECEIVED /cmd_vel: linear.x=0.0, angular.z=0.9
[decoded_serial_node-3] [INFO] [1791264988.254670413] [bw_dr03_decoded_serial_node]: SEND MOTOR CMD: cd eb d7 09 74 46 42 53 53 15 15 00 00
[decoded_serial_node-3] [INFO] [1791264988.327456644] [bw_dr03_decoded_serial_node]: RECEIVED /cmd_vel: linear.x=0.0, angular.z=0.9
[decoded_serial_node-3] [INFO] [1791264988.328239087] [bw_dr03_decoded_serial_node]: SEND MOTOR CMD: cd eb d7 09 74 46 42 53 53 15 15 00 00
[decoded_serial_node-3] [INFO] [1791264988.396857828] [bw_dr03_decoded_serial_node]: RECEIVED /cmd_vel: linear.x=0.0, angular.z=0.9
[decoded_serial_node-3] [INFO] [1791264988.397617712] [bw_dr03_decoded_serial_node]: SEND MOTOR CMD: cd eb d7 09 74 46 42 53 53 15 15 00 00
[decoded_serial_node-3] [INFO] [1791264988.465511000] [bw_dr03_decoded_serial_node]: RECEIVED /cmd_vel: linear.x=0.0, angular.z=0.9
[decoded_serial_node-3] [INFO] [1791264988.466272072] [bw_dr03_decoded_serial_node]: SEND MOTOR CMD: cd eb d7 09 74 46 42 53 53 15 15 00 00
[decoded_serial_node-3] [INFO] [1791264988.542148895] [bw_dr03_decoded_serial_node]: RECEIVED /cmd_vel: linear.x=0.0, angular.z=0.9
[decoded_serial_node-3] [INFO] [1791264988.542879096] [bw_dr03_decoded_serial_node]: SEND MOTOR CMD: cd eb d7 09 74 46 42 53 53 15 15 00 00
[decoded_serial_node-3] [INFO] [1791264988.609753665] [bw_dr03_decoded_serial_node]: RECEIVED /cmd_vel: linear.x=0.0, angular.z=0.9
[decoded_serial_node-3] [INFO] [1791264988.610499301] [bw_dr03_decoded_serial_node]: SEND MOTOR CMD: cd eb d7 09 74 46 42 53 53 15 15 00 00
[decoded_serial_node-3] [INFO] [1791264988.680966698] [bw_dr03_decoded_serial_node]: RECEIVED /cmd_vel: linear.x=0.0, angular.z=0.9
[decoded_serial_node-3] [INFO] [1791264988.681719458] [bw_dr03_decoded_serial_node]: SEND MOTOR CMD: cd eb d7 09 74 46 42 53 53 15 15 00 00
[decoded_serial_node-3] [INFO] [1791264988.752240284] [bw_dr03_decoded_serial_node]: RECEIVED /cmd_vel: linear.x=0.0, angular.z=0.9
[decoded_serial_node-3] [INFO] [1791264988.752963361] [bw_dr03_decoded_serial_node]: SEND MOTOR CMD: cd eb d7 09 74 46 42 53 53 15 15 00 00
[decoded_serial_node-3] [INFO] [1791264988.822071277] [bw_dr03_decoded_serial_node]: RECEIVED /cmd_vel: linear.x=0.0, angular.z=0.9
[decoded_serial_node-3] [INFO] [1791264988.822805040] [bw_dr03_decoded_serial_node]: SEND MOTOR CMD: cd eb d7 09 74 46 42 53 53 15 15 00 00
[decoded_serial_node-3] [INFO] [1791264988.889909949] [bw_dr03_decoded_serial_node]: RECEIVED /cmd_vel: linear.x=0.0, angular.z=0.9
[decoded_serial_node-3] [INFO] [1791264988.890717326] [bw_dr03_decoded_serial_node]: SEND MOTOR CMD: cd eb d7 09 74 46 42 53 53 15 15 00 00
[decoded_serial_node-3] [INFO] [1791264988.957670257] [bw_dr03_decoded_serial_node]: RECEIVED /cmd_vel: linear.x=0.0, angular.z=0.9
[decoded_serial_node-3] [INFO] [1791264988.958453888] [bw_dr03_decoded_serial_node]: SEND MOTOR CMD: cd eb d7 09 74 46 42 53 53 15 15 00 00
[decoded_serial_node-3] [INFO] [1791264989.031582066] [bw_dr03_decoded_serial_node]: RECEIVED /cmd_vel: linear.x=0.0, angular.z=0.9
[decoded_serial_node-3] [INFO] [1791264989.032351449] [bw_dr03_decoded_serial_node]: SEND MOTOR CMD: cd eb d7 09 74 46 42 53 53 15 15 00 00
[decoded_serial_node-3] [INFO] [1791264989.102152759] [bw_dr03_decoded_serial_node]: RECEIVED /cmd_vel: linear.x=0.0, angular.z=0.9
[decoded_serial_node-3] [INFO] [1791264989.102892459] [bw_dr03_decoded_serial_node]: SEND MOTOR CMD: cd eb d7 09 74 46 42 53 53 15 15 00 00
[decoded_serial_node-3] [INFO] [1791264989.178822710] [bw_dr03_decoded_serial_node]: RECEIVED /cmd_vel: linear.x=0.0, angular.z=0.9
[decoded_serial_node-3] [INFO] [1791264989.179609903] [bw_dr03_decoded_serial_node]: SEND MOTOR CMD: cd eb d7 09 74 46 42 53 53 15 15 00 00
[follow_planner-6] [INFO] [1791264989.222168173] [follow_planner_node]: [IDLE] disabled | d=- goc=- | v=0.000 w=0.000 | thoang=-
[decoded_serial_node-3] [INFO] [1791264989.251603004] [bw_dr03_decoded_serial_node]: RECEIVED /cmd_vel: linear.x=0.0, angular.z=0.9
[decoded_serial_node-3] [INFO] [1791264989.252373574] [bw_dr03_decoded_serial_node]: SEND MOTOR CMD: cd eb d7 09 74 46 42 53 53 15 15 00 00
[decoded_serial_node-3] [INFO] [1791264989.327177059] [bw_dr03_decoded_serial_node]: RECEIVED /cmd_vel: linear.x=0.0, angular.z=0.9
[decoded_serial_node-3] [INFO] [1791264989.328011745] [bw_dr03_decoded_serial_node]: SEND MOTOR CMD: cd eb d7 09 74 46 42 53 53 15 15 00 00
[decoded_serial_node-3] [INFO] [1791264989.403438573] [bw_dr03_decoded_serial_node]: RECEIVED /cmd_vel: linear.x=0.0, angular.z=0.9
[decoded_serial_node-3] [INFO] [1791264989.404260197] [bw_dr03_decoded_serial_node]: SEND MOTOR CMD: cd eb d7 09 74 46 42 53 53 15 15 00 00
[decoded_serial_node-3] [INFO] [1791264989.472807698] [bw_dr03_decoded_serial_node]: RECEIVED /cmd_vel: linear.x=0.0, angular.z=0.9
[decoded_serial_node-3] [INFO] [1791264989.473693438] [bw_dr03_decoded_serial_node]: SEND MOTOR CMD: cd eb d7 09 74 46 42 53 53 15 15 00 00
[decoded_serial_node-3] [INFO] [1791264989.542430910] [bw_dr03_decoded_serial_node]: RECEIVED /cmd_vel: linear.x=0.0, angular.z=0.9
[decoded_serial_node-3] [INFO] [1791264989.543263220] [bw_dr03_decoded_serial_node]: SEND MOTOR CMD: cd eb d7 09 74 46 42 53 53 15 15 00 00
[decoded_serial_node-3] [INFO] [1791264989.617584654] [bw_dr03_decoded_serial_node]: RECEIVED /cmd_vel: linear.x=0.0, angular.z=0.9
[decoded_serial_node-3] [INFO] [1791264989.618503639] [bw_dr03_decoded_serial_node]: SEND MOTOR CMD: cd eb d7 09 74 46 42 53 53 15 15 00 00
[decoded_serial_node-3] [INFO] [1791264989.685075441] [bw_dr03_decoded_serial_node]: RECEIVED /cmd_vel: linear.x=0.0, angular.z=0.9
[decoded_serial_node-3] [INFO] [1791264989.685884005] [bw_dr03_decoded_serial_node]: SEND MOTOR CMD: cd eb d7 09 74 46 42 53 53 15 15 00 00
[decoded_serial_node-3] [INFO] [1791264989.753089835] [bw_dr03_decoded_serial_node]: RECEIVED /cmd_vel: linear.x=0.0, angular.z=0.9
[decoded_serial_node-3] [INFO] [1791264989.753886526] [bw_dr03_decoded_serial_node]: SEND MOTOR CMD: cd eb d7 09 74 46 42 53 53 15 15 00 00
[decoded_serial_node-3] [INFO] [1791264989.824326613] [bw_dr03_decoded_serial_node]: RECEIVED /cmd_vel: linear.x=0.0, angular.z=0.9
[decoded_serial_node-3] [INFO] [1791264989.825128054] [bw_dr03_decoded_serial_node]: SEND MOTOR CMD: cd eb d7 09 74 46 42 53 53 15 15 00 00
[decoded_serial_node-3] [INFO] [1791264989.902662373] [bw_dr03_decoded_serial_node]: RECEIVED /cmd_vel: linear.x=0.0, angular.z=0.9
[decoded_serial_node-3] [INFO] [1791264989.903437693] [bw_dr03_decoded_serial_node]: SEND MOTOR CMD: cd eb d7 09 74 46 42 53 53 15 15 00 00
[decoded_serial_node-3] [INFO] [1791264989.979276521] [bw_dr03_decoded_serial_node]: RECEIVED /cmd_vel: linear.x=0.0, angular.z=0.9
[decoded_serial_node-3] [INFO] [1791264989.980131390] [bw_dr03_decoded_serial_node]: SEND MOTOR CMD: cd eb d7 09 74 46 42 53 53 15 15 00 00
[decoded_serial_node-3] [INFO] [1791264990.056764534] [bw_dr03_decoded_serial_node]: RECEIVED /cmd_vel: linear.x=0.0, angular.z=0.9
[decoded_serial_node-3] [INFO] [1791264990.057602782] [bw_dr03_decoded_serial_node]: SEND MOTOR CMD: cd eb d7 09 74 46 42 53 53 15 15 00 00
[decoded_serial_node-3] [INFO] [1791264990.124203078] [bw_dr03_decoded_serial_node]: RECEIVED /cmd_vel: linear.x=0.0, angular.z=0.9
[decoded_serial_node-3] [INFO] [1791264990.124996207] [bw_dr03_decoded_serial_node]: SEND MOTOR CMD: cd eb d7 09 74 46 42 53 53 15 15 00 00
[decoded_serial_node-3] [INFO] [1791264990.192821817] [bw_dr03_decoded_serial_node]: RECEIVED /cmd_vel: linear.x=0.0, angular.z=0.9
[decoded_serial_node-3] [INFO] [1791264990.193652940] [bw_dr03_decoded_serial_node]: SEND MOTOR CMD: cd eb d7 09 74 46 42 53 53 15 15 00 00
[decoded_serial_node-3] [INFO] [1791264990.270466556] [bw_dr03_decoded_serial_node]: RECEIVED /cmd_vel: linear.x=0.0, angular.z=0.9
[decoded_serial_node-3] [INFO] [1791264990.271288181] [bw_dr03_decoded_serial_node]: SEND MOTOR CMD: cd eb d7 09 74 46 42 53 53 15 15 00 00
[follow_planner-6] [INFO] [1791264990.289151398] [follow_planner_node]: [IDLE] disabled | d=- goc=- | v=0.000 w=0.000 | thoang=-
[decoded_serial_node-3] [INFO] [1791264990.339626713] [bw_dr03_decoded_serial_node]: RECEIVED /cmd_vel: linear.x=0.0, angular.z=0.9
[decoded_serial_node-3] [INFO] [1791264990.340422216] [bw_dr03_decoded_serial_node]: SEND MOTOR CMD: cd eb d7 09 74 46 42 53 53 15 15 00 00
[decoded_serial_node-3] [INFO] [1791264990.415385989] [bw_dr03_decoded_serial_node]: RECEIVED /cmd_vel: linear.x=0.0, angular.z=0.9
[decoded_serial_node-3] [INFO] [1791264990.416169620] [bw_dr03_decoded_serial_node]: SEND MOTOR CMD: cd eb d7 09 74 46 42 53 53 15 15 00 00
[decoded_serial_node-3] [INFO] [1791264990.490337889] [bw_dr03_decoded_serial_node]: RECEIVED /cmd_vel: linear.x=0.0, angular.z=0.9
[decoded_serial_node-3] [INFO] [1791264990.491202257] [bw_dr03_decoded_serial_node]: SEND MOTOR CMD: cd eb d7 09 74 46 42 53 53 15 15 00 00
[follow_planner-6] [INFO] [1791264990.540675474] [follow_planner_node]: self-filter: bo 8/214 tia dap vao than xe
[decoded_serial_node-3] [INFO] [1791264990.558026957] [bw_dr03_decoded_serial_node]: RECEIVED /cmd_vel: linear.x=0.0, angular.z=0.9
[decoded_serial_node-3] [INFO] [1791264990.558809400] [bw_dr03_decoded_serial_node]: SEND MOTOR CMD: cd eb d7 09 74 46 42 53 53 15 15 00 00
[decoded_serial_node-3] [INFO] [1791264990.631818845] [bw_dr03_decoded_serial_node]: RECEIVED /cmd_vel: linear.x=0.0, angular.z=0.9
[decoded_serial_node-3] [INFO] [1791264990.632591790] [bw_dr03_decoded_serial_node]: SEND MOTOR CMD: cd eb d7 09 74 46 42 53 53 15 15 00 00
[decoded_serial_node-3] [INFO] [1791264990.702605629] [bw_dr03_decoded_serial_node]: RECEIVED /cmd_vel: linear.x=0.0, angular.z=0.9
[decoded_serial_node-3] [INFO] [1791264990.703403508] [bw_dr03_decoded_serial_node]: SEND MOTOR CMD: cd eb d7 09 74 46 42 53 53 15 15 00 00
[decoded_serial_node-3] [INFO] [1791264990.771889267] [bw_dr03_decoded_serial_node]: RECEIVED /cmd_vel: linear.x=0.0, angular.z=0.9
[decoded_serial_node-3] [INFO] [1791264990.772695456] [bw_dr03_decoded_serial_node]: SEND MOTOR CMD: cd eb d7 09 74 46 42 53 53 15 15 00 00
[decoded_serial_node-3] [INFO] [1791264990.840377400] [bw_dr03_decoded_serial_node]: RECEIVED /cmd_vel: linear.x=0.0, angular.z=0.9
[decoded_serial_node-3] [INFO] [1791264990.841157469] [bw_dr03_decoded_serial_node]: SEND MOTOR CMD: cd eb d7 09 74 46 42 53 53 15 15 00 00
[decoded_serial_node-3] [INFO] [1791264990.909734652] [bw_dr03_decoded_serial_node]: RECEIVED /cmd_vel: linear.x=0.0, angular.z=0.9
[decoded_serial_node-3] [INFO] [1791264990.910528968] [bw_dr03_decoded_serial_node]: SEND MOTOR CMD: cd eb d7 09 74 46 42 53 53 15 15 00 00
[decoded_serial_node-3] [INFO] [1791264990.980308905] [bw_dr03_decoded_serial_node]: RECEIVED /cmd_vel: linear.x=0.0, angular.z=0.9
[decoded_serial_node-3] [INFO] [1791264990.981150715] [bw_dr03_decoded_serial_node]: SEND MOTOR CMD: cd eb d7 09 74 46 42 53 53 15 15 00 00
[decoded_serial_node-3] [INFO] [1791264991.048084647] [bw_dr03_decoded_serial_node]: RECEIVED /cmd_vel: linear.x=0.0, angular.z=0.9
[decoded_serial_node-3] [INFO] [1791264991.048840970] [bw_dr03_decoded_serial_node]: SEND MOTOR CMD: cd eb d7 09 74 46 42 53 53 15 15 00 00
[decoded_serial_node-3] [INFO] [1791264991.124068326] [bw_dr03_decoded_serial_node]: RECEIVED /cmd_vel: linear.x=0.0, angular.z=0.9
[decoded_serial_node-3] [INFO] [1791264991.124850770] [bw_dr03_decoded_serial_node]: SEND MOTOR CMD: cd eb d7 09 74 46 42 53 53 15 15 00 00
[decoded_serial_node-3] [INFO] [1791264991.192924528] [bw_dr03_decoded_serial_node]: RECEIVED /cmd_vel: linear.x=0.0, angular.z=0.9
[decoded_serial_node-3] [INFO] [1791264991.193748528] [bw_dr03_decoded_serial_node]: SEND MOTOR CMD: cd eb d7 09 74 46 42 53 53 15 15 00 00
[decoded_serial_node-3] [INFO] [1791264991.262357767] [bw_dr03_decoded_serial_node]: RECEIVED /cmd_vel: linear.x=0.0, angular.z=0.9
[decoded_serial_node-3] [INFO] [1791264991.263159208] [bw_dr03_decoded_serial_node]: SEND MOTOR CMD: cd eb d7 09 74 46 42 53 53 15 15 00 00
[decoded_serial_node-3] [INFO] [1791264991.331766073] [bw_dr03_decoded_serial_node]: RECEIVED /cmd_vel: linear.x=0.0, angular.z=0.9
[decoded_serial_node-3] [INFO] [1791264991.332544954] [bw_dr03_decoded_serial_node]: SEND MOTOR CMD: cd eb d7 09 74 46 42 53 53 15 15 00 00
[follow_planner-6] [INFO] [1791264991.356110866] [follow_planner_node]: [IDLE] disabled | d=- goc=- | v=0.000 w=0.000 | thoang=-
[decoded_serial_node-3] [INFO] [1791264991.402964856] [bw_dr03_decoded_serial_node]: RECEIVED /cmd_vel: linear.x=0.0, angular.z=0.9
[decoded_serial_node-3] [INFO] [1791264991.403767483] [bw_dr03_decoded_serial_node]: SEND MOTOR CMD: cd eb d7 09 74 46 42 53 53 15 15 00 00
[decoded_serial_node-3] [INFO] [1791264991.475188295] [bw_dr03_decoded_serial_node]: RECEIVED /cmd_vel: linear.x=0.0, angular.z=0.9
[decoded_serial_node-3] [INFO] [1791264991.475954116] [bw_dr03_decoded_serial_node]: SEND MOTOR CMD: cd eb d7 09 74 46 42 53 53 15 15 00 00
[decoded_serial_node-3] [INFO] [1791264991.552740423] [bw_dr03_decoded_serial_node]: RECEIVED /cmd_vel: linear.x=0.0, angular.z=0.9
[decoded_serial_node-3] [INFO] [1791264991.553567984] [bw_dr03_decoded_serial_node]: SEND MOTOR CMD: cd eb d7 09 74 46 42 53 53 15 15 00 00
[decoded_serial_node-3] [INFO] [1791264991.623155575] [bw_dr03_decoded_serial_node]: RECEIVED /cmd_vel: linear.x=0.0, angular.z=0.9
[decoded_serial_node-3] [INFO] [1791264991.624023505] [bw_dr03_decoded_serial_node]: SEND MOTOR CMD: cd eb d7 09 74 46 42 53 53 15 15 00 00
[decoded_serial_node-3] [INFO] [1791264991.691605713] [bw_dr03_decoded_serial_node]: RECEIVED /cmd_vel: linear.x=0.0, angular.z=0.9
[decoded_serial_node-3] [INFO] [1791264991.692563880] [bw_dr03_decoded_serial_node]: SEND MOTOR CMD: cd eb d7 09 74 46 42 53 53 15 15 00 00
[decoded_serial_node-3] [INFO] [1791264991.768434764] [bw_dr03_decoded_serial_node]: RECEIVED /cmd_vel: linear.x=0.0, angular.z=0.9
[decoded_serial_node-3] [INFO] [1791264991.769274198] [bw_dr03_decoded_serial_node]: SEND MOTOR CMD: cd eb d7 09 74 46 42 53 53 15 15 00 00
[decoded_serial_node-3] [INFO] [1791264991.835777134] [bw_dr03_decoded_serial_node]: RECEIVED /cmd_vel: linear.x=0.0, angular.z=0.9
[decoded_serial_node-3] [INFO] [1791264991.836557203] [bw_dr03_decoded_serial_node]: SEND MOTOR CMD: cd eb d7 09 74 46 42 53 53 15 15 00 00
[decoded_serial_node-3] [INFO] [1791264991.904611964] [bw_dr03_decoded_serial_node]: RECEIVED /cmd_vel: linear.x=0.0, angular.z=0.9
[decoded_serial_node-3] [INFO] [1791264991.905470396] [bw_dr03_decoded_serial_node]: SEND MOTOR CMD: cd eb d7 09 74 46 42 53 53 15 15 00 00
[decoded_serial_node-3] [INFO] [1791264991.981405395] [bw_dr03_decoded_serial_node]: RECEIVED /cmd_vel: linear.x=0.0, angular.z=0.9
[decoded_serial_node-3] [INFO] [1791264991.982198524] [bw_dr03_decoded_serial_node]: SEND MOTOR CMD: cd eb d7 09 74 46 42 53 53 15 15 00 00
[decoded_serial_node-3] [INFO] [1791264992.053073168] [bw_dr03_decoded_serial_node]: RECEIVED /cmd_vel: linear.x=0.0, angular.z=0.9
[decoded_serial_node-3] [INFO] [1791264992.053865110] [bw_dr03_decoded_serial_node]: SEND MOTOR CMD: cd eb d7 09 74 46 42 53 53 15 15 00 00
[decoded_serial_node-3] [INFO] [1791264992.123704412] [bw_dr03_decoded_serial_node]: RECEIVED /cmd_vel: linear.x=0.0, angular.z=0.9
[decoded_serial_node-3] [INFO] [1791264992.124483293] [bw_dr03_decoded_serial_node]: SEND MOTOR CMD: cd eb d7 09 74 46 42 53 53 15 15 00 00
[decoded_serial_node-3] [INFO] [1791264992.193003483] [bw_dr03_decoded_serial_node]: RECEIVED /cmd_vel: linear.x=0.0, angular.z=0.9
[decoded_serial_node-3] [INFO] [1791264992.193758618] [bw_dr03_decoded_serial_node]: SEND MOTOR CMD: cd eb d7 09 74 46 42 53 53 15 15 00 00
[decoded_serial_node-3] [INFO] [1791264992.262466404] [bw_dr03_decoded_serial_node]: RECEIVED /cmd_vel: linear.x=0.0, angular.z=0.9
[decoded_serial_node-3] [INFO] [1791264992.263235787] [bw_dr03_decoded_serial_node]: SEND MOTOR CMD: cd eb d7 09 74 46 42 53 53 15 15 00 00
[decoded_serial_node-3] [INFO] [1791264992.330527102] [bw_dr03_decoded_serial_node]: RECEIVED /cmd_vel: linear.x=0.0, angular.z=0.9
[decoded_serial_node-3] [INFO] [1791264992.331320231] [bw_dr03_decoded_serial_node]: SEND MOTOR CMD: cd eb d7 09 74 46 42 53 53 15 15 00 00
[follow_planner-6] [INFO] [1791264992.356391663] [follow_planner_node]: [IDLE] disabled | d=- goc=- | v=0.000 w=0.000 | thoang=-
[decoded_serial_node-3] [INFO] [1791264992.403677836] [bw_dr03_decoded_serial_node]: RECEIVED /cmd_vel: linear.x=0.0, angular.z=0.9
[decoded_serial_node-3] [INFO] [1791264992.404481651] [bw_dr03_decoded_serial_node]: SEND MOTOR CMD: cd eb d7 09 74 46 42 53 53 15 15 00 00
[decoded_serial_node-3] [INFO] [1791264992.476545989] [bw_dr03_decoded_serial_node]: RECEIVED /cmd_vel: linear.x=0.0, angular.z=0.9
[decoded_serial_node-3] [INFO] [1791264992.477347429] [bw_dr03_decoded_serial_node]: SEND MOTOR CMD: cd eb d7 09 74 46 42 53 53 15 15 00 00
[decoded_serial_node-3] [INFO] [1791264992.552486924] [bw_dr03_decoded_serial_node]: RECEIVED /cmd_vel: linear.x=0.0, angular.z=0.9
[decoded_serial_node-3] [INFO] [1791264992.553280053] [bw_dr03_decoded_serial_node]: SEND MOTOR CMD: cd eb d7 09 74 46 42 53 53 15 15 00 00
[decoded_serial_node-3] [INFO] [1791264992.623200092] [bw_dr03_decoded_serial_node]: RECEIVED /cmd_vel: linear.x=0.0, angular.z=0.9
[decoded_serial_node-3] [INFO] [1791264992.624019342] [bw_dr03_decoded_serial_node]: SEND MOTOR CMD: cd eb d7 09 74 46 42 53 53 15 15 00 00
[decoded_serial_node-3] [INFO] [1791264992.690567395] [bw_dr03_decoded_serial_node]: RECEIVED /cmd_vel: linear.x=0.0, angular.z=0.9
[decoded_serial_node-3] [INFO] [1791264992.691713158] [bw_dr03_decoded_serial_node]: SEND MOTOR CMD: cd eb d7 09 74 46 42 53 53 15 15 00 00
[decoded_serial_node-3] [INFO] [1791264992.758188785] [bw_dr03_decoded_serial_node]: RECEIVED /cmd_vel: linear.x=0.0, angular.z=0.9
[decoded_serial_node-3] [INFO] [1791264992.758915424] [bw_dr03_decoded_serial_node]: SEND MOTOR CMD: cd eb d7 09 74 46 42 53 53 15 15 00 00
[decoded_serial_node-3] [INFO] [1791264992.834726941] [bw_dr03_decoded_serial_node]: RECEIVED /cmd_vel: linear.x=0.0, angular.z=0.9
[decoded_serial_node-3] [INFO] [1791264992.835521257] [bw_dr03_decoded_serial_node]: SEND MOTOR CMD: cd eb d7 09 74 46 42 53 53 15 15 00 00
[decoded_serial_node-3] [INFO] [1791264992.899603248] [bw_dr03_decoded_serial_node]: RECEIVED /cmd_vel: linear.x=0.0, angular.z=0.9
[decoded_serial_node-3] [INFO] [1791264992.900361945] [bw_dr03_decoded_serial_node]: SEND MOTOR CMD: cd eb d7 09 74 46 42 53 53 15 15 00 00
[decoded_serial_node-3] [INFO] [1791264992.969843864] [bw_dr03_decoded_serial_node]: RECEIVED /cmd_vel: linear.x=0.0, angular.z=0.9
[decoded_serial_node-3] [INFO] [1791264992.970629869] [bw_dr03_decoded_serial_node]: SEND MOTOR CMD: cd eb d7 09 74 46 42 53 53 15 15 00 00
[decoded_serial_node-3] [INFO] [1791264993.042390252] [bw_dr03_decoded_serial_node]: RECEIVED /cmd_vel: linear.x=0.0, angular.z=0.9
[decoded_serial_node-3] [INFO] [1791264993.043198817] [bw_dr03_decoded_serial_node]: SEND MOTOR CMD: cd eb d7 09 74 46 42 53 53 15 15 00 00
[decoded_serial_node-3] [INFO] [1791264993.112518072] [bw_dr03_decoded_serial_node]: RECEIVED /cmd_vel: linear.x=0.0, angular.z=0.9
[decoded_serial_node-3] [INFO] [1791264993.113292204] [bw_dr03_decoded_serial_node]: SEND MOTOR CMD: cd eb d7 09 74 46 42 53 53 15 15 00 00
[decoded_serial_node-3] [INFO] [1791264993.180868474] [bw_dr03_decoded_serial_node]: RECEIVED /cmd_vel: linear.x=0.0, angular.z=0.9
[decoded_serial_node-3] [INFO] [1791264993.181681788] [bw_dr03_decoded_serial_node]: SEND MOTOR CMD: cd eb d7 09 74 46 42 53 53 15 15 00 00
[decoded_serial_node-3] [INFO] [1791264993.252761837] [bw_dr03_decoded_serial_node]: RECEIVED /cmd_vel: linear.x=0.0, angular.z=0.9
[decoded_serial_node-3] [INFO] [1791264993.253537157] [bw_dr03_decoded_serial_node]: SEND MOTOR CMD: cd eb d7 09 74 46 42 53 53 15 15 00 00
[decoded_serial_node-3] [INFO] [1791264993.324602958] [bw_dr03_decoded_serial_node]: RECEIVED /cmd_vel: linear.x=0.0, angular.z=0.9
[decoded_serial_node-3] [INFO] [1791264993.325409148] [bw_dr03_decoded_serial_node]: SEND MOTOR CMD: cd eb d7 09 74 46 42 53 53 15 15 00 00
[decoded_serial_node-3] [INFO] [1791264993.393568392] [bw_dr03_decoded_serial_node]: RECEIVED /cmd_vel: linear.x=0.0, angular.z=0.9
[decoded_serial_node-3] [INFO] [1791264993.394359147] [bw_dr03_decoded_serial_node]: SEND MOTOR CMD: cd eb d7 09 74 46 42 53 53 15 15 00 00
[follow_planner-6] [INFO] [1791264993.422561539] [follow_planner_node]: [IDLE] disabled | d=- goc=- | v=0.000 w=0.000 | thoang=-
[decoded_serial_node-3] [INFO] [1791264993.462705987] [bw_dr03_decoded_serial_node]: RECEIVED /cmd_vel: linear.x=0.0, angular.z=0.9
[decoded_serial_node-3] [INFO] [1791264993.463527612] [bw_dr03_decoded_serial_node]: SEND MOTOR CMD: cd eb d7 09 74 46 42 53 53 15 15 00 00
[decoded_serial_node-3] [INFO] [1791264993.531773530] [bw_dr03_decoded_serial_node]: RECEIVED /cmd_vel: linear.x=0.0, angular.z=0.9
[decoded_serial_node-3] [INFO] [1791264993.532584469] [bw_dr03_decoded_serial_node]: SEND MOTOR CMD: cd eb d7 09 74 46 42 53 53 15 15 00 00
[decoded_serial_node-3] [INFO] [1791264993.608084908] [bw_dr03_decoded_serial_node]: RECEIVED /cmd_vel: linear.x=0.0, angular.z=0.9
[decoded_serial_node-3] [INFO] [1791264993.608831732] [bw_dr03_decoded_serial_node]: SEND MOTOR CMD: cd eb d7 09 74 46 42 53 53 15 15 00 00
[decoded_serial_node-3] [INFO] [1791264993.675867772] [bw_dr03_decoded_serial_node]: RECEIVED /cmd_vel: linear.x=0.0, angular.z=0.9
[decoded_serial_node-3] [INFO] [1791264993.676627656] [bw_dr03_decoded_serial_node]: SEND MOTOR CMD: cd eb d7 09 74 46 42 53 53 15 15 00 00
[decoded_serial_node-3] [INFO] [1791264993.750056223] [bw_dr03_decoded_serial_node]: RECEIVED /cmd_vel: linear.x=0.0, angular.z=0.9
[decoded_serial_node-3] [INFO] [1791264993.750804234] [bw_dr03_decoded_serial_node]: SEND MOTOR CMD: cd eb d7 09 74 46 42 53 53 15 15 00 00
[rssi_bearing-5] [INFO] [1791264993.780436158] [rssi_bearing_node]: huong nguoi: -141 do so voi mui xe (da xoay 255 do, corr 0.51, margin 0.16)
[decoded_serial_node-3] [INFO] [1791264993.823685446] [bw_dr03_decoded_serial_node]: RECEIVED /cmd_vel: linear.x=0.0, angular.z=0.9
[decoded_serial_node-3] [INFO] [1791264993.824465515] [bw_dr03_decoded_serial_node]: SEND MOTOR CMD: cd eb d7 09 74 46 42 53 53 15 15 00 00
[decoded_serial_node-3] [INFO] [1791264993.891769889] [bw_dr03_decoded_serial_node]: RECEIVED /cmd_vel: linear.x=0.0, angular.z=0.9
[decoded_serial_node-3] [INFO] [1791264993.892553520] [bw_dr03_decoded_serial_node]: SEND MOTOR CMD: cd eb d7 09 74 46 42 53 53 15 15 00 00
[decoded_serial_node-3] [INFO] [1791264993.968329417] [bw_dr03_decoded_serial_node]: RECEIVED /cmd_vel: linear.x=0.0, angular.z=0.9
[decoded_serial_node-3] [INFO] [1791264993.969122546] [bw_dr03_decoded_serial_node]: SEND MOTOR CMD: cd eb d7 09 74 46 42 53 53 15 15 00 00
[decoded_serial_node-3] [INFO] [1791264994.042371827] [bw_dr03_decoded_serial_node]: RECEIVED /cmd_vel: linear.x=0.0, angular.z=0.9
[decoded_serial_node-3] [INFO] [1791264994.043142397] [bw_dr03_decoded_serial_node]: SEND MOTOR CMD: cd eb d7 09 74 46 42 53 53 15 15 00 00
[decoded_serial_node-3] [INFO] [1791264994.113054123] [bw_dr03_decoded_serial_node]: RECEIVED /cmd_vel: linear.x=0.0, angular.z=0.9
[decoded_serial_node-3] [INFO] [1791264994.113810446] [bw_dr03_decoded_serial_node]: SEND MOTOR CMD: cd eb d7 09 74 46 42 53 53 15 15 00 00
[decoded_serial_node-3] [INFO] [1791264994.180639892] [bw_dr03_decoded_serial_node]: RECEIVED /cmd_vel: linear.x=0.0, angular.z=0.9
[decoded_serial_node-3] [INFO] [1791264994.181519695] [bw_dr03_decoded_serial_node]: SEND MOTOR CMD: cd eb d7 09 74 46 42 53 53 15 15 00 00
[decoded_serial_node-3] [INFO] [1791264994.253003432] [bw_dr03_decoded_serial_node]: RECEIVED /cmd_vel: linear.x=0.0, angular.z=0.9
[decoded_serial_node-3] [INFO] [1791264994.253813184] [bw_dr03_decoded_serial_node]: SEND MOTOR CMD: cd eb d7 09 74 46 42 53 53 15 15 00 00
[decoded_serial_node-3] [INFO] [1791264994.324082294] [bw_dr03_decoded_serial_node]: RECEIVED /cmd_vel: linear.x=0.0, angular.z=0.9
[decoded_serial_node-3] [INFO] [1791264994.324827930] [bw_dr03_decoded_serial_node]: SEND MOTOR CMD: cd eb d7 09 74 46 42 53 53 15 15 00 00
[decoded_serial_node-3] [INFO] [1791264994.397874179] [bw_dr03_decoded_serial_node]: RECEIVED /cmd_vel: linear.x=0.0, angular.z=0.9
[decoded_serial_node-3] [INFO] [1791264994.398644749] [bw_dr03_decoded_serial_node]: SEND MOTOR CMD: cd eb d7 09 74 46 42 53 53 15 15 00 00
[follow_planner-6] [INFO] [1791264994.422492054] [follow_planner_node]: [IDLE] disabled | d=- goc=- | v=0.000 w=0.000 | thoang=-
[decoded_serial_node-3] [INFO] [1791264994.468333260] [bw_dr03_decoded_serial_node]: RECEIVED /cmd_vel: linear.x=0.0, angular.z=0.9
[decoded_serial_node-3] [INFO] [1791264994.469099081] [bw_dr03_decoded_serial_node]: SEND MOTOR CMD: cd eb d7 09 74 46 42 53 53 15 15 00 00
[decoded_serial_node-3] [INFO] [1791264994.542619070] [bw_dr03_decoded_serial_node]: RECEIVED /cmd_vel: linear.x=0.0, angular.z=0.9
[decoded_serial_node-3] [INFO] [1791264994.543420510] [bw_dr03_decoded_serial_node]: SEND MOTOR CMD: cd eb d7 09 74 46 42 53 53 15 15 00 00
[decoded_serial_node-3] [INFO] [1791264994.618066078] [bw_dr03_decoded_serial_node]: RECEIVED /cmd_vel: linear.x=0.0, angular.z=0.9
[decoded_serial_node-3] [INFO] [1791264994.618891265] [bw_dr03_decoded_serial_node]: SEND MOTOR CMD: cd eb d7 09 74 46 42 53 53 15 15 00 00
[decoded_serial_node-3] [INFO] [1791264994.690185031] [bw_dr03_decoded_serial_node]: RECEIVED /cmd_vel: linear.x=0.0, angular.z=0.9
[decoded_serial_node-3] [INFO] [1791264994.690938979] [bw_dr03_decoded_serial_node]: SEND MOTOR CMD: cd eb d7 09 74 46 42 53 53 15 15 00 00
[decoded_serial_node-3] [INFO] [1791264994.768073168] [bw_dr03_decoded_serial_node]: RECEIVED /cmd_vel: linear.x=0.0, angular.z=0.9
[decoded_serial_node-3] [INFO] [1791264994.768834239] [bw_dr03_decoded_serial_node]: SEND MOTOR CMD: cd eb d7 09 74 46 42 53 53 15 15 00 00
[decoded_serial_node-3] [INFO] [1791264994.844505651] [bw_dr03_decoded_serial_node]: RECEIVED /cmd_vel: linear.x=0.0, angular.z=0.9
[decoded_serial_node-3] [INFO] [1791264994.845315403] [bw_dr03_decoded_serial_node]: SEND MOTOR CMD: cd eb d7 09 74 46 42 53 53 15 15 00 00
[decoded_serial_node-3] [INFO] [1791264994.918392522] [bw_dr03_decoded_serial_node]: RECEIVED /cmd_vel: linear.x=0.0, angular.z=0.9
[decoded_serial_node-3] [INFO] [1791264994.919167841] [bw_dr03_decoded_serial_node]: SEND MOTOR CMD: cd eb d7 09 74 46 42 53 53 15 15 00 00
[decoded_serial_node-3] [INFO] [1791264994.993752856] [bw_dr03_decoded_serial_node]: RECEIVED /cmd_vel: linear.x=0.0, angular.z=0.9
[decoded_serial_node-3] [INFO] [1791264994.994532925] [bw_dr03_decoded_serial_node]: SEND MOTOR CMD: cd eb d7 09 74 46 42 53 53 15 15 00 00
[decoded_serial_node-3] [INFO] [1791264995.062420271] [bw_dr03_decoded_serial_node]: RECEIVED /cmd_vel: linear.x=0.0, angular.z=0.9
[decoded_serial_node-3] [INFO] [1791264995.063262081] [bw_dr03_decoded_serial_node]: SEND MOTOR CMD: cd eb d7 09 74 46 42 53 53 15 15 00 00
[decoded_serial_node-3] [INFO] [1791264995.130460782] [bw_dr03_decoded_serial_node]: RECEIVED /cmd_vel: linear.x=0.0, angular.z=0.9
[decoded_serial_node-3] [INFO] [1791264995.131255099] [bw_dr03_decoded_serial_node]: SEND MOTOR CMD: cd eb d7 09 74 46 42 53 53 15 15 00 00
[decoded_serial_node-3] [INFO] [1791264995.210405355] [bw_dr03_decoded_serial_node]: RECEIVED /cmd_vel: linear.x=0.0, angular.z=0.9
[decoded_serial_node-3] [INFO] [1791264995.211421700] [bw_dr03_decoded_serial_node]: SEND MOTOR CMD: cd eb d7 09 74 46 42 53 53 15 15 00 00
[decoded_serial_node-3] [INFO] [1791264995.284376525] [bw_dr03_decoded_serial_node]: RECEIVED /cmd_vel: linear.x=0.0, angular.z=0.9
[decoded_serial_node-3] [INFO] [1791264995.285115037] [bw_dr03_decoded_serial_node]: SEND MOTOR CMD: cd eb d7 09 74 46 42 53 53 15 15 00 00
[decoded_serial_node-3] [INFO] [1791264995.354278752] [bw_dr03_decoded_serial_node]: RECEIVED /cmd_vel: linear.x=0.0, angular.z=0.9
[decoded_serial_node-3] [INFO] [1791264995.355063570] [bw_dr03_decoded_serial_node]: SEND MOTOR CMD: cd eb d7 09 74 46 42 53 53 15 15 00 00
[decoded_serial_node-3] [INFO] [1791264995.420239079] [bw_dr03_decoded_serial_node]: RECEIVED /cmd_vel: linear.x=0.0, angular.z=0.0
[decoded_serial_node-3] [INFO] [1791264995.421013212] [bw_dr03_decoded_serial_node]: SEND MOTOR CMD: cd eb d7 09 74 53 53 53 53 1e 1e 00 00
[decoded_serial_node-3] [INFO] [1791264995.467255730] [bw_dr03_decoded_serial_node]: RECEIVED /cmd_vel: linear.x=0.0, angular.z=0.0
[follow_planner-6] [INFO] [1791264995.488951613] [follow_planner_node]: [IDLE] disabled | d=- goc=- | v=0.000 w=0.000 | thoang=-
[decoded_serial_node-3] [INFO] [1791264995.510265179] [bw_dr03_decoded_serial_node]: RECEIVED /cmd_vel: linear.x=0.0, angular.z=0.0
[decoded_serial_node-3] [INFO] [1791264995.552431631] [bw_dr03_decoded_serial_node]: RECEIVED /cmd_vel: linear.x=0.0, angular.z=0.0
[follow_planner-6] [INFO] [1791264996.555567885] [follow_planner_node]: [IDLE] disabled | d=- goc=- | v=0.000 w=0.000 | thoang=-
[follow_planner-6] [INFO] [1791264997.082377820] [follow_planner_node]: Bam nguoi: BAT
[decoded_serial_node-3] [INFO] [1791264997.103331628] [bw_dr03_decoded_serial_node]: RECEIVED /cmd_vel: linear.x=0.0, angular.z=0.0
[decoded_serial_node-3] [INFO] [1791264997.104944007] [bw_dr03_decoded_serial_node]: RECEIVED /cmd_vel: linear.x=0.0, angular.z=0.0
[decoded_serial_node-3] [INFO] [1791264997.106779603] [bw_dr03_decoded_serial_node]: RECEIVED /cmd_vel: linear.x=0.0, angular.z=0.0
[decoded_serial_node-3] [INFO] [1791264997.108336178] [bw_dr03_decoded_serial_node]: RECEIVED /cmd_vel: linear.x=0.0, angular.z=0.0
[decoded_serial_node-3] [INFO] [1791264997.156816792] [bw_dr03_decoded_serial_node]: RECEIVED /cmd_vel: linear.x=0.0, angular.z=0.0
[decoded_serial_node-3] [INFO] [1791264997.224181717] [bw_dr03_decoded_serial_node]: RECEIVED /cmd_vel: linear.x=0.0, angular.z=0.16
[decoded_serial_node-3] [INFO] [1791264997.224926166] [bw_dr03_decoded_serial_node]: SEND MOTOR CMD: cd eb d7 09 74 46 42 53 53 05 05 00 00
[decoded_serial_node-3] [INFO] [1791264997.290833063] [bw_dr03_decoded_serial_node]: RECEIVED /cmd_vel: linear.x=0.0, angular.z=0.32
[decoded_serial_node-3] [INFO] [1791264997.291606008] [bw_dr03_decoded_serial_node]: SEND MOTOR CMD: cd eb d7 09 74 46 42 53 53 07 07 00 00
[decoded_serial_node-3] [INFO] [1791264997.356908559] [bw_dr03_decoded_serial_node]: RECEIVED /cmd_vel: linear.x=0.0, angular.z=0.48
[decoded_serial_node-3] [INFO] [1791264997.357750369] [bw_dr03_decoded_serial_node]: SEND MOTOR CMD: cd eb d7 09 74 46 42 53 53 0b 0b 00 00
[decoded_serial_node-3] [INFO] [1791264997.424127444] [bw_dr03_decoded_serial_node]: RECEIVED /cmd_vel: linear.x=0.0, angular.z=0.64
[decoded_serial_node-3] [INFO] [1791264997.424884953] [bw_dr03_decoded_serial_node]: SEND MOTOR CMD: cd eb d7 09 74 46 42 53 53 0f 0f 00 00
[decoded_serial_node-3] [INFO] [1791264997.490625626] [bw_dr03_decoded_serial_node]: RECEIVED /cmd_vel: linear.x=0.0, angular.z=0.8
[decoded_serial_node-3] [INFO] [1791264997.491435377] [bw_dr03_decoded_serial_node]: SEND MOTOR CMD: cd eb d7 09 74 46 42 53 53 13 13 00 00
[follow_planner-6] [INFO] [1791264997.556466033] [follow_planner_node]: [OCCLUDED] nguoi ra khoi camera — xoay ve huong nho cuoi | d=1.55m goc=117deg | v=0.000 w=0.900 | thoang=-
[decoded_serial_node-3] [INFO] [1791264997.557045444] [bw_dr03_decoded_serial_node]: RECEIVED /cmd_vel: linear.x=0.0, angular.z=0.9
[decoded_serial_node-3] [INFO] [1791264997.558093847] [bw_dr03_decoded_serial_node]: SEND MOTOR CMD: cd eb d7 09 74 46 42 53 53 15 15 00 00
[decoded_serial_node-3] [INFO] [1791264997.624277389] [bw_dr03_decoded_serial_node]: RECEIVED /cmd_vel: linear.x=0.0, angular.z=0.9
[decoded_serial_node-3] [INFO] [1791264997.625051521] [bw_dr03_decoded_serial_node]: SEND MOTOR CMD: cd eb d7 09 74 46 42 53 53 15 15 00 00
[decoded_serial_node-3] [INFO] [1791264997.690403940] [bw_dr03_decoded_serial_node]: RECEIVED /cmd_vel: linear.x=0.0, angular.z=0.9
[decoded_serial_node-3] [INFO] [1791264997.691186384] [bw_dr03_decoded_serial_node]: SEND MOTOR CMD: cd eb d7 09 74 46 42 53 53 15 15 00 00
[decoded_serial_node-3] [INFO] [1791264997.757684565] [bw_dr03_decoded_serial_node]: RECEIVED /cmd_vel: linear.x=0.0, angular.z=0.9
[decoded_serial_node-3] [INFO] [1791264997.758483631] [bw_dr03_decoded_serial_node]: SEND MOTOR CMD: cd eb d7 09 74 46 42 53 53 15 15 00 00
[decoded_serial_node-3] [INFO] [1791264997.823761249] [bw_dr03_decoded_serial_node]: RECEIVED /cmd_vel: linear.x=0.0, angular.z=0.9
[decoded_serial_node-3] [INFO] [1791264997.824534194] [bw_dr03_decoded_serial_node]: SEND MOTOR CMD: cd eb d7 09 74 46 42 53 53 15 15 00 00
[decoded_serial_node-3] [INFO] [1791264997.891413505] [bw_dr03_decoded_serial_node]: RECEIVED /cmd_vel: linear.x=0.0, angular.z=0.9
[decoded_serial_node-3] [INFO] [1791264997.892206634] [bw_dr03_decoded_serial_node]: SEND MOTOR CMD: cd eb d7 09 74 46 42 53 53 15 15 00 00
[decoded_serial_node-3] [INFO] [1791264997.957415387] [bw_dr03_decoded_serial_node]: RECEIVED /cmd_vel: linear.x=0.0, angular.z=0.9
[decoded_serial_node-3] [INFO] [1791264997.958237012] [bw_dr03_decoded_serial_node]: SEND MOTOR CMD: cd eb d7 09 74 46 42 53 53 15 15 00 00
[decoded_serial_node-3] [INFO] [1791264998.024045361] [bw_dr03_decoded_serial_node]: RECEIVED /cmd_vel: linear.x=0.0, angular.z=0.9
[decoded_serial_node-3] [INFO] [1791264998.024849176] [bw_dr03_decoded_serial_node]: SEND MOTOR CMD: cd eb d7 09 74 46 42 53 53 15 15 00 00
[decoded_serial_node-3] [INFO] [1791264998.090626655] [bw_dr03_decoded_serial_node]: RECEIVED /cmd_vel: linear.x=0.0, angular.z=0.9
[decoded_serial_node-3] [INFO] [1791264998.091445905] [bw_dr03_decoded_serial_node]: SEND MOTOR CMD: cd eb d7 09 74 46 42 53 53 15 15 00 00
[decoded_serial_node-3] [INFO] [1791264998.157830103] [bw_dr03_decoded_serial_node]: RECEIVED /cmd_vel: linear.x=0.0, angular.z=0.9
[decoded_serial_node-3] [INFO] [1791264998.158639855] [bw_dr03_decoded_serial_node]: SEND MOTOR CMD: cd eb d7 09 74 46 42 53 53 15 15 00 00
[decoded_serial_node-3] [INFO] [1791264998.224045702] [bw_dr03_decoded_serial_node]: RECEIVED /cmd_vel: linear.x=0.0, angular.z=0.9
[decoded_serial_node-3] [INFO] [1791264998.224802025] [bw_dr03_decoded_serial_node]: SEND MOTOR CMD: cd eb d7 09 74 46 42 53 53 15 15 00 00
[decoded_serial_node-3] [INFO] [1791264998.290114074] [bw_dr03_decoded_serial_node]: RECEIVED /cmd_vel: linear.x=0.0, angular.z=0.9
[decoded_serial_node-3] [INFO] [1791264998.290870396] [bw_dr03_decoded_serial_node]: SEND MOTOR CMD: cd eb d7 09 74 46 42 53 53 15 15 00 00
[decoded_serial_node-3] [INFO] [1791264998.357655908] [bw_dr03_decoded_serial_node]: RECEIVED /cmd_vel: linear.x=0.0, angular.z=0.9
[decoded_serial_node-3] [INFO] [1791264998.358459724] [bw_dr03_decoded_serial_node]: SEND MOTOR CMD: cd eb d7 09 74 46 42 53 53 15 15 00 00
[decoded_serial_node-3] [INFO] [1791264998.424458043] [bw_dr03_decoded_serial_node]: RECEIVED /cmd_vel: linear.x=0.0, angular.z=0.9
[decoded_serial_node-3] [INFO] [1791264998.425223864] [bw_dr03_decoded_serial_node]: SEND MOTOR CMD: cd eb d7 09 74 46 42 53 53 15 15 00 00
[decoded_serial_node-3] [INFO] [1791264998.491806345] [bw_dr03_decoded_serial_node]: RECEIVED /cmd_vel: linear.x=0.0, angular.z=0.9
[decoded_serial_node-3] [INFO] [1791264998.492592350] [bw_dr03_decoded_serial_node]: SEND MOTOR CMD: cd eb d7 09 74 46 42 53 53 15 15 00 00
[decoded_serial_node-3] [INFO] [1791264998.556942671] [bw_dr03_decoded_serial_node]: RECEIVED /cmd_vel: linear.x=0.0, angular.z=0.9
[decoded_serial_node-3] [INFO] [1791264998.557720365] [bw_dr03_decoded_serial_node]: SEND MOTOR CMD: cd eb d7 09 74 46 42 53 53 15 15 00 00
[follow_planner-6] [INFO] [1791264998.622921994] [follow_planner_node]: [OCCLUDED] nguoi ra khoi camera — xoay ve huong nho cuoi | d=1.36m goc=74deg | v=0.000 w=0.900 | thoang=-
[decoded_serial_node-3] [INFO] [1791264998.623878973] [bw_dr03_decoded_serial_node]: RECEIVED /cmd_vel: linear.x=0.0, angular.z=0.9
[decoded_serial_node-3] [INFO] [1791264998.624694661] [bw_dr03_decoded_serial_node]: SEND MOTOR CMD: cd eb d7 09 74 46 42 53 53 15 15 00 00
[decoded_serial_node-3] [INFO] [1791264998.690000774] [bw_dr03_decoded_serial_node]: RECEIVED /cmd_vel: linear.x=0.0, angular.z=0.9
[decoded_serial_node-3] [INFO] [1791264998.690763033] [bw_dr03_decoded_serial_node]: SEND MOTOR CMD: cd eb d7 09 74 46 42 53 53 15 15 00 00
[decoded_serial_node-3] [INFO] [1791264998.757506989] [bw_dr03_decoded_serial_node]: RECEIVED /cmd_vel: linear.x=0.0, angular.z=0.9
[decoded_serial_node-3] [INFO] [1791264998.758304867] [bw_dr03_decoded_serial_node]: SEND MOTOR CMD: cd eb d7 09 74 46 42 53 53 15 15 00 00
[decoded_serial_node-3] [INFO] [1791264998.823733274] [bw_dr03_decoded_serial_node]: RECEIVED /cmd_vel: linear.x=0.0, angular.z=0.9
[decoded_serial_node-3] [INFO] [1791264998.824516904] [bw_dr03_decoded_serial_node]: SEND MOTOR CMD: cd eb d7 09 74 46 42 53 53 15 15 00 00
[decoded_serial_node-3] [INFO] [1791264998.891404526] [bw_dr03_decoded_serial_node]: RECEIVED /cmd_vel: linear.x=0.0, angular.z=0.9
[decoded_serial_node-3] [INFO] [1791264998.892188157] [bw_dr03_decoded_serial_node]: SEND MOTOR CMD: cd eb d7 09 74 46 42 53 53 15 15 00 00
[decoded_serial_node-3] [INFO] [1791264998.956958788] [bw_dr03_decoded_serial_node]: RECEIVED /cmd_vel: linear.x=0.0, angular.z=0.9
[decoded_serial_node-3] [INFO] [1791264998.957749543] [bw_dr03_decoded_serial_node]: SEND MOTOR CMD: cd eb d7 09 74 46 42 53 53 15 15 00 00
[decoded_serial_node-3] [INFO] [1791264999.023693246] [bw_dr03_decoded_serial_node]: RECEIVED /cmd_vel: linear.x=0.0, angular.z=0.9
[decoded_serial_node-3] [INFO] [1791264999.024453130] [bw_dr03_decoded_serial_node]: SEND MOTOR CMD: cd eb d7 09 74 46 42 53 53 15 15 00 00
[decoded_serial_node-3] [INFO] [1791264999.094718674] [bw_dr03_decoded_serial_node]: RECEIVED /cmd_vel: linear.x=0.0, angular.z=0.9
[decoded_serial_node-3] [INFO] [1791264999.095488057] [bw_dr03_decoded_serial_node]: SEND MOTOR CMD: cd eb d7 09 74 46 42 53 53 15 15 00 00
[decoded_serial_node-3] [INFO] [1791264999.156916384] [bw_dr03_decoded_serial_node]: RECEIVED /cmd_vel: linear.x=0.0, angular.z=0.9
[decoded_serial_node-3] [INFO] [1791264999.157700015] [bw_dr03_decoded_serial_node]: SEND MOTOR CMD: cd eb d7 09 74 46 42 53 53 15 15 00 00
[decoded_serial_node-3] [INFO] [1791264999.223921550] [bw_dr03_decoded_serial_node]: RECEIVED /cmd_vel: linear.x=0.0, angular.z=0.9
[decoded_serial_node-3] [INFO] [1791264999.224765734] [bw_dr03_decoded_serial_node]: SEND MOTOR CMD: cd eb d7 09 74 46 42 53 53 15 15 00 00
[decoded_serial_node-3] [INFO] [1791264999.290582393] [bw_dr03_decoded_serial_node]: RECEIVED /cmd_vel: linear.x=0.0, angular.z=0.9
[decoded_serial_node-3] [INFO] [1791264999.291401643] [bw_dr03_decoded_serial_node]: SEND MOTOR CMD: cd eb d7 09 74 46 42 53 53 15 15 00 00
[decoded_serial_node-3] [INFO] [1791264999.356954718] [bw_dr03_decoded_serial_node]: RECEIVED /cmd_vel: linear.x=0.0, angular.z=0.9
[decoded_serial_node-3] [INFO] [1791264999.357732412] [bw_dr03_decoded_serial_node]: SEND MOTOR CMD: cd eb d7 09 74 46 42 53 53 15 15 00 00
[decoded_serial_node-3] [INFO] [1791264999.425682683] [bw_dr03_decoded_serial_node]: RECEIVED /cmd_vel: linear.x=0.0, angular.z=0.9
[decoded_serial_node-3] [INFO] [1791264999.426450879] [bw_dr03_decoded_serial_node]: SEND MOTOR CMD: cd eb d7 09 74 46 42 53 53 15 15 00 00
[decoded_serial_node-3] [INFO] [1791264999.490735896] [bw_dr03_decoded_serial_node]: RECEIVED /cmd_vel: linear.x=0.0, angular.z=0.8
[decoded_serial_node-3] [INFO] [1791264999.491868599] [bw_dr03_decoded_serial_node]: SEND MOTOR CMD: cd eb d7 09 74 46 42 53 53 13 13 00 00
[decoded_serial_node-3] [INFO] [1791264999.557357558] [bw_dr03_decoded_serial_node]: RECEIVED /cmd_vel: linear.x=0.0, angular.z=0.8
[decoded_serial_node-3] [INFO] [1791264999.558144751] [bw_dr03_decoded_serial_node]: SEND MOTOR CMD: cd eb d7 09 74 46 42 53 53 13 13 00 00
[follow_planner-6] [INFO] [1791264999.651906152] [follow_planner_node]: [FOLLOW] bam nguoi | d=1.73m goc=32deg | v=0.035 w=0.650 | thoang=0.33m
[decoded_serial_node-3] [INFO] [1791264999.652774082] [bw_dr03_decoded_serial_node]: RECEIVED /cmd_vel: linear.x=0.035, angular.z=0.6499999999999999
[decoded_serial_node-3] [INFO] [1791264999.653585021] [bw_dr03_decoded_serial_node]: SEND MOTOR CMD: cd eb d7 09 74 46 42 53 53 14 0b 00 00
[decoded_serial_node-3] [INFO] [1791264999.718460136] [bw_dr03_decoded_serial_node]: RECEIVED /cmd_vel: linear.x=0.04666666666666666, angular.z=0.6125
[decoded_serial_node-3] [INFO] [1791264999.719242580] [bw_dr03_decoded_serial_node]: SEND MOTOR CMD: cd eb d7 09 74 46 42 53 53 14 09 00 00
[decoded_serial_node-3] [INFO] [1791264999.785625590] [bw_dr03_decoded_serial_node]: RECEIVED /cmd_vel: linear.x=0.06999999999999999, angular.z=0.50390625
[decoded_serial_node-3] [INFO] [1791264999.786404471] [bw_dr03_decoded_serial_node]: SEND MOTOR CMD: cd eb d7 09 74 46 42 53 53 14 05 00 00
[decoded_serial_node-3] [INFO] [1791264999.851924301] [bw_dr03_decoded_serial_node]: RECEIVED /cmd_vel: linear.x=0.09333333333333332, angular.z=0.469970703125
[decoded_serial_node-3] [INFO] [1791264999.852706744] [bw_dr03_decoded_serial_node]: SEND MOTOR CMD: cd eb d7 09 74 46 53 53 53 16 1e 00 00
[decoded_serial_node-3] [INFO] [1791264999.891732735] [bw_dr03_decoded_serial_node]: RECEIVED /cmd_vel: linear.x=0.06999999999999999, angular.z=0.629970703125
[decoded_serial_node-3] [INFO] [1791264999.892532988] [bw_dr03_decoded_serial_node]: SEND MOTOR CMD: cd eb d7 09 74 46 42 53 53 17 06 00 00
[decoded_serial_node-3] [INFO] [1791264999.960016644] [bw_dr03_decoded_serial_node]: RECEIVED /cmd_vel: linear.x=0.04666666666666666, angular.z=0.7899707031250001
[decoded_serial_node-3] [INFO] [1791264999.960759905] [bw_dr03_decoded_serial_node]: SEND MOTOR CMD: cd eb d7 09 74 46 42 53 53 18 0d 00 00
[decoded_serial_node-3] [INFO] [1791265000.050560410] [bw_dr03_decoded_serial_node]: RECEIVED /cmd_vel: linear.x=0.06999999999999999, angular.z=0.629970703125
[decoded_serial_node-3] [INFO] [1791265000.051342853] [bw_dr03_decoded_serial_node]: SEND MOTOR CMD: cd eb d7 09 74 46 42 53 53 17 06 00 00
[decoded_serial_node-3] [INFO] [1791265000.119555521] [bw_dr03_decoded_serial_node]: RECEIVED /cmd_vel: linear.x=0.09333333333333332, angular.z=0.469970703125
[decoded_serial_node-3] [INFO] [1791265000.120356962] [bw_dr03_decoded_serial_node]: SEND MOTOR CMD: cd eb d7 09 74 46 53 53 53 16 1e 00 00
[decoded_serial_node-3] [INFO] [1791265000.185910035] [bw_dr03_decoded_serial_node]: RECEIVED /cmd_vel: linear.x=0.11666666666666665, angular.z=0.30997070312499997
[decoded_serial_node-3] [INFO] [1791265000.186701977] [bw_dr03_decoded_serial_node]: SEND MOTOR CMD: cd eb d7 09 74 46 46 53 53 15 06 00 00
[decoded_serial_node-3] [INFO] [1791265000.252708607] [bw_dr03_decoded_serial_node]: RECEIVED /cmd_vel: linear.x=0.13999999999999999, angular.z=0.14997070312499997
[decoded_serial_node-3] [INFO] [1791265000.253549229] [bw_dr03_decoded_serial_node]: SEND MOTOR CMD: cd eb d7 09 74 46 46 53 53 14 0d 00 00
[decoded_serial_node-3] [INFO] [1791265000.317519606] [bw_dr03_decoded_serial_node]: RECEIVED /cmd_vel: linear.x=0.16333333333333333, angular.z=0.125
[decoded_serial_node-3] [INFO] [1791265000.318348355] [bw_dr03_decoded_serial_node]: SEND MOTOR CMD: cd eb d7 09 74 46 46 53 53 17 10 00 00
[decoded_serial_node-3] [INFO] [1791265000.383273337] [bw_dr03_decoded_serial_node]: RECEIVED /cmd_vel: linear.x=0.18666666666666665, angular.z=0.0
[decoded_serial_node-3] [INFO] [1791265000.384085463] [bw_dr03_decoded_serial_node]: SEND MOTOR CMD: cd eb d7 09 74 46 46 53 53 16 16 00 00
[decoded_serial_node-3] [INFO] [1791265000.455272366] [bw_dr03_decoded_serial_node]: RECEIVED /cmd_vel: linear.x=0.20999999999999996, angular.z=0.0
[decoded_serial_node-3] [INFO] [1791265000.456286336] [bw_dr03_decoded_serial_node]: SEND MOTOR CMD: cd eb d7 09 74 46 46 53 53 19 19 00 00
[decoded_serial_node-3] [INFO] [1791265000.520612909] [bw_dr03_decoded_serial_node]: RECEIVED /cmd_vel: linear.x=0.22, angular.z=0.0
[decoded_serial_node-3] [INFO] [1791265000.521392978] [bw_dr03_decoded_serial_node]: SEND MOTOR CMD: cd eb d7 09 74 46 46 53 53 1a 1a 00 00
[decoded_serial_node-3] [INFO] [1791265000.587628760] [bw_dr03_decoded_serial_node]: RECEIVED /cmd_vel: linear.x=0.22, angular.z=0.0
[decoded_serial_node-3] [INFO] [1791265000.588398143] [bw_dr03_decoded_serial_node]: SEND MOTOR CMD: cd eb d7 09 74 46 46 53 53 1a 1a 00 00
[follow_planner-6] [INFO] [1791265000.607016493] [follow_planner_node]: self-filter: bo 8/206 tia dap vao than xe
[follow_planner-6] [INFO] [1791265000.653925095] [follow_planner_node]: [FOLLOW] bam nguoi | d=1.94m goc=-3deg | v=0.220 w=0.000 | thoang=0.41m
[decoded_serial_node-3] [INFO] [1791265000.655159907] [bw_dr03_decoded_serial_node]: RECEIVED /cmd_vel: linear.x=0.22, angular.z=0.0
[decoded_serial_node-3] [INFO] [1791265000.656166754] [bw_dr03_decoded_serial_node]: SEND MOTOR CMD: cd eb d7 09 74 46 46 53 53 1a 1a 00 00
[decoded_serial_node-3] [INFO] [1791265000.721915735] [bw_dr03_decoded_serial_node]: RECEIVED /cmd_vel: linear.x=0.22, angular.z=0.0
[decoded_serial_node-3] [INFO] [1791265000.723028253] [bw_dr03_decoded_serial_node]: SEND MOTOR CMD: cd eb d7 09 74 46 46 53 53 1a 1a 00 00
[decoded_serial_node-3] [INFO] [1791265000.787678964] [bw_dr03_decoded_serial_node]: RECEIVED /cmd_vel: linear.x=0.22, angular.z=0.0
[decoded_serial_node-3] [INFO] [1791265000.788762987] [bw_dr03_decoded_serial_node]: SEND MOTOR CMD: cd eb d7 09 74 46 46 53 53 1a 1a 00 00
[decoded_serial_node-3] [INFO] [1791265000.854464475] [bw_dr03_decoded_serial_node]: RECEIVED /cmd_vel: linear.x=0.22, angular.z=0.0
[decoded_serial_node-3] [INFO] [1791265000.855591241] [bw_dr03_decoded_serial_node]: SEND MOTOR CMD: cd eb d7 09 74 46 46 53 53 1a 1a 00 00
[decoded_serial_node-3] [INFO] [1791265000.920226517] [bw_dr03_decoded_serial_node]: RECEIVED /cmd_vel: linear.x=0.22, angular.z=0.0
[decoded_serial_node-3] [INFO] [1791265000.920987589] [bw_dr03_decoded_serial_node]: SEND MOTOR CMD: cd eb d7 09 74 46 46 53 53 1a 1a 00 00
[decoded_serial_node-3] [INFO] [1791265000.986450426] [bw_dr03_decoded_serial_node]: RECEIVED /cmd_vel: linear.x=0.22, angular.z=0.0
[decoded_serial_node-3] [INFO] [1791265000.987223371] [bw_dr03_decoded_serial_node]: SEND MOTOR CMD: cd eb d7 09 74 46 46 53 53 1a 1a 00 00
[decoded_serial_node-3] [INFO] [1791265001.055102402] [bw_dr03_decoded_serial_node]: RECEIVED /cmd_vel: linear.x=0.22, angular.z=0.0
[decoded_serial_node-3] [INFO] [1791265001.055845664] [bw_dr03_decoded_serial_node]: SEND MOTOR CMD: cd eb d7 09 74 46 46 53 53 1a 1a 00 00
[decoded_serial_node-3] [INFO] [1791265001.120806265] [bw_dr03_decoded_serial_node]: RECEIVED /cmd_vel: linear.x=0.22, angular.z=0.0
[decoded_serial_node-3] [INFO] [1791265001.121588708] [bw_dr03_decoded_serial_node]: SEND MOTOR CMD: cd eb d7 09 74 46 46 53 53 1a 1a 00 00
[decoded_serial_node-3] [INFO] [1791265001.157611968] [bw_dr03_decoded_serial_node]: RECEIVED /cmd_vel: linear.x=0.19666666666666666, angular.z=0.16
[decoded_serial_node-3] [INFO] [1791265001.158399161] [bw_dr03_decoded_serial_node]: SEND MOTOR CMD: cd eb d7 09 74 46 46 53 53 1b 14 00 00
[decoded_serial_node-3] [INFO] [1791265001.253262392] [bw_dr03_decoded_serial_node]: RECEIVED /cmd_vel: linear.x=0.21999999999999997, angular.z=0.0
[decoded_serial_node-3] [INFO] [1791265001.254042461] [bw_dr03_decoded_serial_node]: SEND MOTOR CMD: cd eb d7 09 74 46 46 53 53 1a 1a 00 00
[decoded_serial_node-3] [INFO] [1791265001.319549228] [bw_dr03_decoded_serial_node]: RECEIVED /cmd_vel: linear.x=0.22, angular.z=-0.125
[decoded_serial_node-3] [INFO] [1791265001.320332859] [bw_dr03_decoded_serial_node]: SEND MOTOR CMD: cd eb d7 09 74 46 46 53 53 17 1d 00 00
[decoded_serial_node-3] [INFO] [1791265001.357380776] [bw_dr03_decoded_serial_node]: RECEIVED /cmd_vel: linear.x=0.19666666666666666, angular.z=0.1
[decoded_serial_node-3] [INFO] [1791265001.358163219] [bw_dr03_decoded_serial_node]: SEND MOTOR CMD: cd eb d7 09 74 46 46 53 53 1a 15 00 00
[decoded_serial_node-3] [INFO] [1791265001.454198335] [bw_dr03_decoded_serial_node]: RECEIVED /cmd_vel: linear.x=0.21999999999999997, angular.z=-0.125
[decoded_serial_node-3] [INFO] [1791265001.454943971] [bw_dr03_decoded_serial_node]: SEND MOTOR CMD: cd eb d7 09 74 46 46 53 53 17 1d 00 00
[decoded_serial_node-3] [INFO] [1791265001.522107049] [bw_dr03_decoded_serial_node]: RECEIVED /cmd_vel: linear.x=0.22, angular.z=-0.125
[decoded_serial_node-3] [INFO] [1791265001.523363232] [bw_dr03_decoded_serial_node]: SEND MOTOR CMD: cd eb d7 09 74 46 46 53 53 17 1d 00 00
[decoded_serial_node-3] [INFO] [1791265001.589051660] [bw_dr03_decoded_serial_node]: RECEIVED /cmd_vel: linear.x=0.22, angular.z=-0.125
[decoded_serial_node-3] [INFO] [1791265001.589802045] [bw_dr03_decoded_serial_node]: SEND MOTOR CMD: cd eb d7 09 74 46 46 53 53 17 1d 00 00
[decoded_serial_node-3] [INFO] [1791265001.655910783] [bw_dr03_decoded_serial_node]: RECEIVED /cmd_vel: linear.x=0.22, angular.z=-0.125
[decoded_serial_node-3] [INFO] [1791265001.656680166] [bw_dr03_decoded_serial_node]: SEND MOTOR CMD: cd eb d7 09 74 46 46 53 53 17 1d 00 00
[follow_planner-6] [INFO] [1791265001.720711096] [follow_planner_node]: [FOLLOW] bam nguoi | d=1.72m goc=-5deg | v=0.220 w=-0.125 | thoang=0.41m
[decoded_serial_node-3] [INFO] [1791265001.722562127] [bw_dr03_decoded_serial_node]: RECEIVED /cmd_vel: linear.x=0.22, angular.z=-0.125
[decoded_serial_node-3] [INFO] [1791265001.723346945] [bw_dr03_decoded_serial_node]: SEND MOTOR CMD: cd eb d7 09 74 46 46 53 53 17 1d 00 00
[decoded_serial_node-3] [INFO] [1791265001.789615971] [bw_dr03_decoded_serial_node]: RECEIVED /cmd_vel: linear.x=0.22, angular.z=-0.125
[decoded_serial_node-3] [INFO] [1791265001.790381792] [bw_dr03_decoded_serial_node]: SEND MOTOR CMD: cd eb d7 09 74 46 46 53 53 17 1d 00 00
[decoded_serial_node-3] [INFO] [1791265001.853541229] [bw_dr03_decoded_serial_node]: RECEIVED /cmd_vel: linear.x=0.22, angular.z=-0.125
[decoded_serial_node-3] [INFO] [1791265001.854525517] [bw_dr03_decoded_serial_node]: SEND MOTOR CMD: cd eb d7 09 74 46 46 53 53 17 1d 00 00
[decoded_serial_node-3] [INFO] [1791265001.923799648] [bw_dr03_decoded_serial_node]: RECEIVED /cmd_vel: linear.x=0.22, angular.z=0.0
[decoded_serial_node-3] [INFO] [1791265001.924572593] [bw_dr03_decoded_serial_node]: SEND MOTOR CMD: cd eb d7 09 74 46 46 53 53 1a 1a 00 00
[rssi_bearing-5] [INFO] [1791265001.978473316] [rssi_bearing_node]: chua co huong hop le: chua du du lieu
[decoded_serial_node-3] [INFO] [1791265001.987280849] [bw_dr03_decoded_serial_node]: RECEIVED /cmd_vel: linear.x=0.22, angular.z=0.0
[decoded_serial_node-3] [INFO] [1791265001.988085851] [bw_dr03_decoded_serial_node]: SEND MOTOR CMD: cd eb d7 09 74 46 46 53 53 1a 1a 00 00
[decoded_serial_node-3] [INFO] [1791265002.053126002] [bw_dr03_decoded_serial_node]: RECEIVED /cmd_vel: linear.x=0.22, angular.z=0.0
[decoded_serial_node-3] [INFO] [1791265002.053876388] [bw_dr03_decoded_serial_node]: SEND MOTOR CMD: cd eb d7 09 74 46 46 53 53 1a 1a 00 00
[decoded_serial_node-3] [INFO] [1791265002.119499512] [bw_dr03_decoded_serial_node]: RECEIVED /cmd_vel: linear.x=0.22, angular.z=0.0
[decoded_serial_node-3] [INFO] [1791265002.120283142] [bw_dr03_decoded_serial_node]: SEND MOTOR CMD: cd eb d7 09 74 46 46 53 53 1a 1a 00 00
[decoded_serial_node-3] [INFO] [1791265002.189749618] [bw_dr03_decoded_serial_node]: RECEIVED /cmd_vel: linear.x=0.22, angular.z=0.0
[decoded_serial_node-3] [INFO] [1791265002.190534436] [bw_dr03_decoded_serial_node]: SEND MOTOR CMD: cd eb d7 09 74 46 46 53 53 1a 1a 00 00
[decoded_serial_node-3] [INFO] [1791265002.254849135] [bw_dr03_decoded_serial_node]: RECEIVED /cmd_vel: linear.x=0.22, angular.z=0.0
[decoded_serial_node-3] [INFO] [1791265002.255619705] [bw_dr03_decoded_serial_node]: SEND MOTOR CMD: cd eb d7 09 74 46 46 53 53 1a 1a 00 00
[decoded_serial_node-3] [INFO] [1791265002.320412893] [bw_dr03_decoded_serial_node]: RECEIVED /cmd_vel: linear.x=0.22, angular.z=0.0
[decoded_serial_node-3] [INFO] [1791265002.321429238] [bw_dr03_decoded_serial_node]: SEND MOTOR CMD: cd eb d7 09 74 46 46 53 53 1a 1a 00 00
[decoded_serial_node-3] [INFO] [1791265002.389063681] [bw_dr03_decoded_serial_node]: RECEIVED /cmd_vel: linear.x=0.22, angular.z=0.0
[decoded_serial_node-3] [INFO] [1791265002.389825939] [bw_dr03_decoded_serial_node]: SEND MOTOR CMD: cd eb d7 09 74 46 46 53 53 1a 1a 00 00
[decoded_serial_node-3] [INFO] [1791265002.453248961] [bw_dr03_decoded_serial_node]: RECEIVED /cmd_vel: linear.x=0.22, angular.z=0.0
[decoded_serial_node-3] [INFO] [1791265002.454027843] [bw_dr03_decoded_serial_node]: SEND MOTOR CMD: cd eb d7 09 74 46 46 53 53 1a 1a 00 00
[decoded_serial_node-3] [INFO] [1791265002.519743578] [bw_dr03_decoded_serial_node]: RECEIVED /cmd_vel: linear.x=0.22, angular.z=0.0
[decoded_serial_node-3] [INFO] [1791265002.520512960] [bw_dr03_decoded_serial_node]: SEND MOTOR CMD: cd eb d7 09 74 46 46 53 53 1a 1a 00 00
[decoded_serial_node-3] [INFO] [1791265002.584743359] [bw_dr03_decoded_serial_node]: RECEIVED /cmd_vel: linear.x=0.22, angular.z=0.0
[decoded_serial_node-3] [INFO] [1791265002.585808385] [bw_dr03_decoded_serial_node]: SEND MOTOR CMD: cd eb d7 09 74 46 46 53 53 1a 1a 00 00
[decoded_serial_node-3] [INFO] [1791265002.655733166] [bw_dr03_decoded_serial_node]: RECEIVED /cmd_vel: linear.x=0.22, angular.z=0.0
[decoded_serial_node-3] [INFO] [1791265002.656507298] [bw_dr03_decoded_serial_node]: SEND MOTOR CMD: cd eb d7 09 74 46 46 53 53 1a 1a 00 00
[decoded_serial_node-3] [INFO] [1791265002.717108062] [bw_dr03_decoded_serial_node]: RECEIVED /cmd_vel: linear.x=0.22, angular.z=0.0
[decoded_serial_node-3] [INFO] [1791265002.717867946] [bw_dr03_decoded_serial_node]: SEND MOTOR CMD: cd eb d7 09 74 46 46 53 53 1a 1a 00 00
[follow_planner-6] [INFO] [1791265002.784794747] [follow_planner_node]: [FOLLOW] bam nguoi | d=1.52m goc=-2deg | v=0.220 w=0.000 | thoang=0.45m
[decoded_serial_node-3] [INFO] [1791265002.785420464] [bw_dr03_decoded_serial_node]: RECEIVED /cmd_vel: linear.x=0.22, angular.z=0.0
[decoded_serial_node-3] [INFO] [1791265002.786440371] [bw_dr03_decoded_serial_node]: SEND MOTOR CMD: cd eb d7 09 74 46 46 53 53 1a 1a 00 00
[decoded_serial_node-3] [INFO] [1791265002.852576417] [bw_dr03_decoded_serial_node]: RECEIVED /cmd_vel: linear.x=0.22, angular.z=0.0
[decoded_serial_node-3] [INFO] [1791265002.853516774] [bw_dr03_decoded_serial_node]: SEND MOTOR CMD: cd eb d7 09 74 46 46 53 53 1a 1a 00 00
[decoded_serial_node-3] [INFO] [1791265002.920051759] [bw_dr03_decoded_serial_node]: RECEIVED /cmd_vel: linear.x=0.22, angular.z=0.0
[decoded_serial_node-3] [INFO] [1791265002.920824703] [bw_dr03_decoded_serial_node]: SEND MOTOR CMD: cd eb d7 09 74 46 46 53 53 1a 1a 00 00
[decoded_serial_node-3] [INFO] [1791265002.986521441] [bw_dr03_decoded_serial_node]: RECEIVED /cmd_vel: linear.x=0.22, angular.z=0.0
[decoded_serial_node-3] [INFO] [1791265002.987313383] [bw_dr03_decoded_serial_node]: SEND MOTOR CMD: cd eb d7 09 74 46 46 53 53 1a 1a 00 00
[decoded_serial_node-3] [INFO] [1791265003.052094698] [bw_dr03_decoded_serial_node]: RECEIVED /cmd_vel: linear.x=0.22, angular.z=0.0
[decoded_serial_node-3] [INFO] [1791265003.052845083] [bw_dr03_decoded_serial_node]: SEND MOTOR CMD: cd eb d7 09 74 46 46 53 53 1a 1a 00 00
[decoded_serial_node-3] [INFO] [1791265003.117400807] [bw_dr03_decoded_serial_node]: RECEIVED /cmd_vel: linear.x=0.22, angular.z=0.0
[decoded_serial_node-3] [INFO] [1791265003.118159504] [bw_dr03_decoded_serial_node]: SEND MOTOR CMD: cd eb d7 09 74 46 46 53 53 1a 1a 00 00
[decoded_serial_node-3] [INFO] [1791265003.184622062] [bw_dr03_decoded_serial_node]: RECEIVED /cmd_vel: linear.x=0.22, angular.z=0.0
[decoded_serial_node-3] [INFO] [1791265003.185386695] [bw_dr03_decoded_serial_node]: SEND MOTOR CMD: cd eb d7 09 74 46 46 53 53 1a 1a 00 00
[decoded_serial_node-3] [INFO] [1791265003.249937670] [bw_dr03_decoded_serial_node]: RECEIVED /cmd_vel: linear.x=0.22, angular.z=0.0
[decoded_serial_node-3] [INFO] [1791265003.250722487] [bw_dr03_decoded_serial_node]: SEND MOTOR CMD: cd eb d7 09 74 46 46 53 53 1a 1a 00 00
[decoded_serial_node-3] [INFO] [1791265003.313833244] [bw_dr03_decoded_serial_node]: RECEIVED /cmd_vel: linear.x=0.22, angular.z=0.0
[decoded_serial_node-3] [INFO] [1791265003.314614500] [bw_dr03_decoded_serial_node]: SEND MOTOR CMD: cd eb d7 09 74 46 46 53 53 1a 1a 00 00
[decoded_serial_node-3] [INFO] [1791265003.382070844] [bw_dr03_decoded_serial_node]: RECEIVED /cmd_vel: linear.x=0.22, angular.z=0.0
[decoded_serial_node-3] [INFO] [1791265003.382808169] [bw_dr03_decoded_serial_node]: SEND MOTOR CMD: cd eb d7 09 74 46 46 53 53 1a 1a 00 00
[decoded_serial_node-3] [INFO] [1791265003.449499879] [bw_dr03_decoded_serial_node]: RECEIVED /cmd_vel: linear.x=0.22, angular.z=0.0
[decoded_serial_node-3] [INFO] [1791265003.450331003] [bw_dr03_decoded_serial_node]: SEND MOTOR CMD: cd eb d7 09 74 46 46 53 53 1a 1a 00 00
[decoded_serial_node-3] [INFO] [1791265003.515051764] [bw_dr03_decoded_serial_node]: RECEIVED /cmd_vel: linear.x=0.22, angular.z=0.0
[decoded_serial_node-3] [INFO] [1791265003.515797400] [bw_dr03_decoded_serial_node]: SEND MOTOR CMD: cd eb d7 09 74 46 46 53 53 1a 1a 00 00
[decoded_serial_node-3] [INFO] [1791265003.581456143] [bw_dr03_decoded_serial_node]: RECEIVED /cmd_vel: linear.x=0.22, angular.z=0.0
[decoded_serial_node-3] [INFO] [1791265003.582350194] [bw_dr03_decoded_serial_node]: SEND MOTOR CMD: cd eb d7 09 74 46 46 53 53 1a 1a 00 00
[decoded_serial_node-3] [INFO] [1791265003.647352350] [bw_dr03_decoded_serial_node]: RECEIVED /cmd_vel: linear.x=0.22, angular.z=0.0
[decoded_serial_node-3] [INFO] [1791265003.648138355] [bw_dr03_decoded_serial_node]: SEND MOTOR CMD: cd eb d7 09 74 46 46 53 53 1a 1a 00 00
[decoded_serial_node-3] [INFO] [1791265003.715002227] [bw_dr03_decoded_serial_node]: RECEIVED /cmd_vel: linear.x=0.22, angular.z=-0.125
[decoded_serial_node-3] [INFO] [1791265003.715730053] [bw_dr03_decoded_serial_node]: SEND MOTOR CMD: cd eb d7 09 74 46 46 53 53 17 1d 00 00
[decoded_serial_node-3] [INFO] [1791265003.781420854] [bw_dr03_decoded_serial_node]: RECEIVED /cmd_vel: linear.x=0.22, angular.z=-0.125
[decoded_serial_node-3] [INFO] [1791265003.782320842] [bw_dr03_decoded_serial_node]: SEND MOTOR CMD: cd eb d7 09 74 46 46 53 53 17 1d 00 00
[follow_planner-6] [INFO] [1791265003.847210202] [follow_planner_node]: [FOLLOW] bam nguoi | d=1.55m goc=-4deg | v=0.220 w=-0.125 | thoang=0.52m
[decoded_serial_node-3] [INFO] [1791265003.847786052] [bw_dr03_decoded_serial_node]: RECEIVED /cmd_vel: linear.x=0.22, angular.z=-0.125
[decoded_serial_node-3] [INFO] [1791265003.848619550] [bw_dr03_decoded_serial_node]: SEND MOTOR CMD: cd eb d7 09 74 46 46 53 53 17 1d 00 00
[decoded_serial_node-3] [INFO] [1791265003.917285772] [bw_dr03_decoded_serial_node]: RECEIVED /cmd_vel: linear.x=0.22, angular.z=-0.125
[decoded_serial_node-3] [INFO] [1791265003.918133518] [bw_dr03_decoded_serial_node]: SEND MOTOR CMD: cd eb d7 09 74 46 46 53 53 17 1d 00 00
[decoded_serial_node-3] [INFO] [1791265003.983306647] [bw_dr03_decoded_serial_node]: RECEIVED /cmd_vel: linear.x=0.22, angular.z=-0.125
[decoded_serial_node-3] [INFO] [1791265003.984047534] [bw_dr03_decoded_serial_node]: SEND MOTOR CMD: cd eb d7 09 74 46 46 53 53 17 1d 00 00
[decoded_serial_node-3] [INFO] [1791265004.050364052] [bw_dr03_decoded_serial_node]: RECEIVED /cmd_vel: linear.x=0.22, angular.z=-0.125
[decoded_serial_node-3] [INFO] [1791265004.051400581] [bw_dr03_decoded_serial_node]: SEND MOTOR CMD: cd eb d7 09 74 46 46 53 53 17 1d 00 00
[decoded_serial_node-3] [INFO] [1791265004.114162265] [bw_dr03_decoded_serial_node]: RECEIVED /cmd_vel: linear.x=0.22, angular.z=-0.125
[decoded_serial_node-3] [INFO] [1791265004.114887717] [bw_dr03_decoded_serial_node]: SEND MOTOR CMD: cd eb d7 09 74 46 46 53 53 17 1d 00 00
[decoded_serial_node-3] [INFO] [1791265004.183701166] [bw_dr03_decoded_serial_node]: RECEIVED /cmd_vel: linear.x=0.22, angular.z=-0.125
[decoded_serial_node-3] [INFO] [1791265004.184449177] [bw_dr03_decoded_serial_node]: SEND MOTOR CMD: cd eb d7 09 74 46 46 53 53 17 1d 00 00
[decoded_serial_node-3] [INFO] [1791265004.247946999] [bw_dr03_decoded_serial_node]: RECEIVED /cmd_vel: linear.x=0.22, angular.z=-0.125
[decoded_serial_node-3] [INFO] [1791265004.248705696] [bw_dr03_decoded_serial_node]: SEND MOTOR CMD: cd eb d7 09 74 46 46 53 53 17 1d 00 00
[decoded_serial_node-3] [INFO] [1791265004.316390004] [bw_dr03_decoded_serial_node]: RECEIVED /cmd_vel: linear.x=0.22, angular.z=-0.125
[decoded_serial_node-3] [INFO] [1791265004.317160574] [bw_dr03_decoded_serial_node]: SEND MOTOR CMD: cd eb d7 09 74 46 46 53 53 17 1d 00 00
[decoded_serial_node-3] [INFO] [1791265004.380790188] [bw_dr03_decoded_serial_node]: RECEIVED /cmd_vel: linear.x=0.22, angular.z=-0.125
[decoded_serial_node-3] [INFO] [1791265004.381576193] [bw_dr03_decoded_serial_node]: SEND MOTOR CMD: cd eb d7 09 74 46 46 53 53 17 1d 00 00
[decoded_serial_node-3] [INFO] [1791265004.449044410] [bw_dr03_decoded_serial_node]: RECEIVED /cmd_vel: linear.x=0.22, angular.z=-0.125
[decoded_serial_node-3] [INFO] [1791265004.449792421] [bw_dr03_decoded_serial_node]: SEND MOTOR CMD: cd eb d7 09 74 46 46 53 53 17 1d 00 00
[decoded_serial_node-3] [INFO] [1791265004.515333619] [bw_dr03_decoded_serial_node]: RECEIVED /cmd_vel: linear.x=0.22, angular.z=-0.125
[decoded_serial_node-3] [INFO] [1791265004.516377272] [bw_dr03_decoded_serial_node]: SEND MOTOR CMD: cd eb d7 09 74 46 46 53 53 17 1d 00 00
[decoded_serial_node-3] [INFO] [1791265004.582953812] [bw_dr03_decoded_serial_node]: RECEIVED /cmd_vel: linear.x=0.22, angular.z=-0.125
[decoded_serial_node-3] [INFO] [1791265004.584049707] [bw_dr03_decoded_serial_node]: SEND MOTOR CMD: cd eb d7 09 74 46 46 53 53 17 1d 00 00
[decoded_serial_node-3] [INFO] [1791265004.651395630] [bw_dr03_decoded_serial_node]: RECEIVED /cmd_vel: linear.x=0.22, angular.z=-0.125
[decoded_serial_node-3] [INFO] [1791265004.652155514] [bw_dr03_decoded_serial_node]: SEND MOTOR CMD: cd eb d7 09 74 46 46 53 53 17 1d 00 00
[decoded_serial_node-3] [INFO] [1791265004.713858110] [bw_dr03_decoded_serial_node]: RECEIVED /cmd_vel: linear.x=0.22, angular.z=0.0
[decoded_serial_node-3] [INFO] [1791265004.714631054] [bw_dr03_decoded_serial_node]: SEND MOTOR CMD: cd eb d7 09 74 46 46 53 53 1a 1a 00 00
[decoded_serial_node-3] [INFO] [1791265004.780872770] [bw_dr03_decoded_serial_node]: RECEIVED /cmd_vel: linear.x=0.22, angular.z=0.0
[decoded_serial_node-3] [INFO] [1791265004.781633842] [bw_dr03_decoded_serial_node]: SEND MOTOR CMD: cd eb d7 09 74 46 46 53 53 1a 1a 00 00
[follow_planner-6] [INFO] [1791265004.846146821] [follow_planner_node]: [FOLLOW] bam nguoi | d=1.59m goc=-3deg | v=0.220 w=0.000 | thoang=0.57m
[decoded_serial_node-3] [INFO] [1791265004.846875835] [bw_dr03_decoded_serial_node]: RECEIVED /cmd_vel: linear.x=0.22, angular.z=0.0
[decoded_serial_node-3] [INFO] [1791265004.847649967] [bw_dr03_decoded_serial_node]: SEND MOTOR CMD: cd eb d7 09 74 46 46 53 53 1a 1a 00 00
[decoded_serial_node-3] [INFO] [1791265004.913178104] [bw_dr03_decoded_serial_node]: RECEIVED /cmd_vel: linear.x=0.22, angular.z=0.0
[decoded_serial_node-3] [INFO] [1791265004.913897620] [bw_dr03_decoded_serial_node]: SEND MOTOR CMD: cd eb d7 09 74 46 46 53 53 1a 1a 00 00
[decoded_serial_node-3] [INFO] [1791265004.981846700] [bw_dr03_decoded_serial_node]: RECEIVED /cmd_vel: linear.x=0.22, angular.z=0.0
[decoded_serial_node-3] [INFO] [1791265004.982580464] [bw_dr03_decoded_serial_node]: SEND MOTOR CMD: cd eb d7 09 74 46 46 53 53 1a 1a 00 00
[decoded_serial_node-3] [INFO] [1791265005.048787747] [bw_dr03_decoded_serial_node]: RECEIVED /cmd_vel: linear.x=0.22, angular.z=0.0
[decoded_serial_node-3] [INFO] [1791265005.049878893] [bw_dr03_decoded_serial_node]: SEND MOTOR CMD: cd eb d7 09 74 46 46 53 53 1a 1a 00 00
[decoded_serial_node-3] [INFO] [1791265005.116387755] [bw_dr03_decoded_serial_node]: RECEIVED /cmd_vel: linear.x=0.22, angular.z=0.0
[decoded_serial_node-3] [INFO] [1791265005.117153576] [bw_dr03_decoded_serial_node]: SEND MOTOR CMD: cd eb d7 09 74 46 46 53 53 1a 1a 00 00
[decoded_serial_node-3] [INFO] [1791265005.182126047] [bw_dr03_decoded_serial_node]: RECEIVED /cmd_vel: linear.x=0.22, angular.z=0.0
[decoded_serial_node-3] [INFO] [1791265005.182874058] [bw_dr03_decoded_serial_node]: SEND MOTOR CMD: cd eb d7 09 74 46 46 53 53 1a 1a 00 00
[decoded_serial_node-3] [INFO] [1791265005.250128556] [bw_dr03_decoded_serial_node]: RECEIVED /cmd_vel: linear.x=0.22, angular.z=0.0
[decoded_serial_node-3] [INFO] [1791265005.250865881] [bw_dr03_decoded_serial_node]: SEND MOTOR CMD: cd eb d7 09 74 46 46 53 53 1a 1a 00 00
[decoded_serial_node-3] [INFO] [1791265005.315197200] [bw_dr03_decoded_serial_node]: RECEIVED /cmd_vel: linear.x=0.22, angular.z=0.0
[decoded_serial_node-3] [INFO] [1791265005.316239667] [bw_dr03_decoded_serial_node]: SEND MOTOR CMD: cd eb d7 09 74 46 46 53 53 1a 1a 00 00
[decoded_serial_node-3] [INFO] [1791265005.385290579] [bw_dr03_decoded_serial_node]: RECEIVED /cmd_vel: linear.x=0.22, angular.z=0.0
[decoded_serial_node-3] [INFO] [1791265005.386169195] [bw_dr03_decoded_serial_node]: SEND MOTOR CMD: cd eb d7 09 74 46 46 53 53 1a 1a 00 00
[decoded_serial_node-3] [INFO] [1791265005.447167709] [bw_dr03_decoded_serial_node]: RECEIVED /cmd_vel: linear.x=0.22, angular.z=0.0
[decoded_serial_node-3] [INFO] [1791265005.447890786] [bw_dr03_decoded_serial_node]: SEND MOTOR CMD: cd eb d7 09 74 46 46 53 53 1a 1a 00 00
[decoded_serial_node-3] [INFO] [1791265005.517360822] [bw_dr03_decoded_serial_node]: RECEIVED /cmd_vel: linear.x=0.22, angular.z=0.0
[decoded_serial_node-3] [INFO] [1791265005.518417536] [bw_dr03_decoded_serial_node]: SEND MOTOR CMD: cd eb d7 09 74 46 46 53 53 1a 1a 00 00
[decoded_serial_node-3] [INFO] [1791265005.584457407] [bw_dr03_decoded_serial_node]: RECEIVED /cmd_vel: linear.x=0.22, angular.z=0.0
[decoded_serial_node-3] [INFO] [1791265005.585217291] [bw_dr03_decoded_serial_node]: SEND MOTOR CMD: cd eb d7 09 74 46 46 53 53 1a 1a 00 00
[decoded_serial_node-3] [INFO] [1791265005.651825888] [bw_dr03_decoded_serial_node]: RECEIVED /cmd_vel: linear.x=0.22, angular.z=0.0
[decoded_serial_node-3] [INFO] [1791265005.652571524] [bw_dr03_decoded_serial_node]: SEND MOTOR CMD: cd eb d7 09 74 46 46 53 53 1a 1a 00 00
[decoded_serial_node-3] [INFO] [1791265005.719509009] [bw_dr03_decoded_serial_node]: RECEIVED /cmd_vel: linear.x=0.22, angular.z=0.0
[decoded_serial_node-3] [INFO] [1791265005.720318760] [bw_dr03_decoded_serial_node]: SEND MOTOR CMD: cd eb d7 09 74 46 46 53 53 1a 1a 00 00
[decoded_serial_node-3] [INFO] [1791265005.783790460] [bw_dr03_decoded_serial_node]: RECEIVED /cmd_vel: linear.x=0.22, angular.z=0.0
[decoded_serial_node-3] [INFO] [1791265005.784537284] [bw_dr03_decoded_serial_node]: SEND MOTOR CMD: cd eb d7 09 74 46 46 53 53 1a 1a 00 00
[decoded_serial_node-3] [INFO] [1791265005.854439504] [bw_dr03_decoded_serial_node]: RECEIVED /cmd_vel: linear.x=0.22, angular.z=0.0
[decoded_serial_node-3] [INFO] [1791265005.855429728] [bw_dr03_decoded_serial_node]: SEND MOTOR CMD: cd eb d7 09 74 46 46 53 53 1a 1a 00 00
[follow_planner-6] [INFO] [1791265005.918680586] [follow_planner_node]: [FOLLOW] bam nguoi | d=1.89m goc=-2deg | v=0.220 w=0.000 | thoang=0.48m
[decoded_serial_node-3] [INFO] [1791265005.919357358] [bw_dr03_decoded_serial_node]: RECEIVED /cmd_vel: linear.x=0.22, angular.z=0.0
[decoded_serial_node-3] [INFO] [1791265005.920138614] [bw_dr03_decoded_serial_node]: SEND MOTOR CMD: cd eb d7 09 74 46 46 53 53 1a 1a 00 00
[decoded_serial_node-3] [INFO] [1791265005.984138671] [bw_dr03_decoded_serial_node]: RECEIVED /cmd_vel: linear.x=0.22, angular.z=0.0
[decoded_serial_node-3] [INFO] [1791265005.984868872] [bw_dr03_decoded_serial_node]: SEND MOTOR CMD: cd eb d7 09 74 46 46 53 53 1a 1a 00 00
[decoded_serial_node-3] [INFO] [1791265006.054496821] [bw_dr03_decoded_serial_node]: RECEIVED /cmd_vel: linear.x=0.22, angular.z=0.0
[decoded_serial_node-3] [INFO] [1791265006.055257892] [bw_dr03_decoded_serial_node]: SEND MOTOR CMD: cd eb d7 09 74 46 46 53 53 1a 1a 00 00
[decoded_serial_node-3] [INFO] [1791265006.119527470] [bw_dr03_decoded_serial_node]: RECEIVED /cmd_vel: linear.x=0.22, angular.z=0.0
[decoded_serial_node-3] [INFO] [1791265006.120306351] [bw_dr03_decoded_serial_node]: SEND MOTOR CMD: cd eb d7 09 74 46 46 53 53 1a 1a 00 00
[decoded_serial_node-3] [INFO] [1791265006.187819685] [bw_dr03_decoded_serial_node]: RECEIVED /cmd_vel: linear.x=0.22, angular.z=0.0
[decoded_serial_node-3] [INFO] [1791265006.188565321] [bw_dr03_decoded_serial_node]: SEND MOTOR CMD: cd eb d7 09 74 46 46 53 53 1a 1a 00 00
[decoded_serial_node-3] [INFO] [1791265006.252152190] [bw_dr03_decoded_serial_node]: RECEIVED /cmd_vel: linear.x=0.22, angular.z=0.0
[decoded_serial_node-3] [INFO] [1791265006.252874080] [bw_dr03_decoded_serial_node]: SEND MOTOR CMD: cd eb d7 09 74 46 46 53 53 1a 1a 00 00
[decoded_serial_node-3] [INFO] [1791265006.318818965] [bw_dr03_decoded_serial_node]: RECEIVED /cmd_vel: linear.x=0.22, angular.z=0.0
[decoded_serial_node-3] [INFO] [1791265006.319597846] [bw_dr03_decoded_serial_node]: SEND MOTOR CMD: cd eb d7 09 74 46 46 53 53 1a 1a 00 00
[decoded_serial_node-3] [INFO] [1791265006.385783757] [bw_dr03_decoded_serial_node]: RECEIVED /cmd_vel: linear.x=0.22, angular.z=0.0
[decoded_serial_node-3] [INFO] [1791265006.386537704] [bw_dr03_decoded_serial_node]: SEND MOTOR CMD: cd eb d7 09 74 46 46 53 53 1a 1a 00 00
[decoded_serial_node-3] [INFO] [1791265006.453998795] [bw_dr03_decoded_serial_node]: RECEIVED /cmd_vel: linear.x=0.22, angular.z=0.0
[decoded_serial_node-3] [INFO] [1791265006.454783613] [bw_dr03_decoded_serial_node]: SEND MOTOR CMD: cd eb d7 09 74 46 46 53 53 1a 1a 00 00
[decoded_serial_node-3] [INFO] [1791265006.519006886] [bw_dr03_decoded_serial_node]: RECEIVED /cmd_vel: linear.x=0.22, angular.z=0.0
[decoded_serial_node-3] [INFO] [1791265006.519729963] [bw_dr03_decoded_serial_node]: SEND MOTOR CMD: cd eb d7 09 74 46 46 53 53 1a 1a 00 00
[decoded_serial_node-3] [INFO] [1791265006.585889752] [bw_dr03_decoded_serial_node]: RECEIVED /cmd_vel: linear.x=0.22, angular.z=0.0
[decoded_serial_node-3] [INFO] [1791265006.586695942] [bw_dr03_decoded_serial_node]: SEND MOTOR CMD: cd eb d7 09 74 46 46 53 53 1a 1a 00 00
[decoded_serial_node-3] [INFO] [1791265006.653590682] [bw_dr03_decoded_serial_node]: RECEIVED /cmd_vel: linear.x=0.22, angular.z=0.0
[decoded_serial_node-3] [INFO] [1791265006.654362439] [bw_dr03_decoded_serial_node]: SEND MOTOR CMD: cd eb d7 09 74 46 46 53 53 1a 1a 00 00
[decoded_serial_node-3] [INFO] [1791265006.719148501] [bw_dr03_decoded_serial_node]: RECEIVED /cmd_vel: linear.x=0.22, angular.z=0.0
[decoded_serial_node-3] [INFO] [1791265006.719888201] [bw_dr03_decoded_serial_node]: SEND MOTOR CMD: cd eb d7 09 74 46 46 53 53 1a 1a 00 00
[decoded_serial_node-3] [INFO] [1791265006.785094573] [bw_dr03_decoded_serial_node]: RECEIVED /cmd_vel: linear.x=0.22, angular.z=0.0
[decoded_serial_node-3] [INFO] [1791265006.785867518] [bw_dr03_decoded_serial_node]: SEND MOTOR CMD: cd eb d7 09 74 46 46 53 53 1a 1a 00 00
[decoded_serial_node-3] [INFO] [1791265006.851832587] [bw_dr03_decoded_serial_node]: RECEIVED /cmd_vel: linear.x=0.22, angular.z=0.0
[decoded_serial_node-3] [INFO] [1791265006.852921358] [bw_dr03_decoded_serial_node]: SEND MOTOR CMD: cd eb d7 09 74 46 46 53 53 1a 1a 00 00
[decoded_serial_node-3] [INFO] [1791265006.921384547] [bw_dr03_decoded_serial_node]: RECEIVED /cmd_vel: linear.x=0.22, angular.z=0.0
[decoded_serial_node-3] [INFO] [1791265006.922219232] [bw_dr03_decoded_serial_node]: SEND MOTOR CMD: cd eb d7 09 74 46 46 53 53 1a 1a 00 00
[follow_planner-6] [INFO] [1791265006.987388798] [follow_planner_node]: [FOLLOW] bam nguoi | d=1.77m goc=2deg | v=0.220 w=0.000 | thoang=0.35m
[decoded_serial_node-3] [INFO] [1791265006.987945650] [bw_dr03_decoded_serial_node]: RECEIVED /cmd_vel: linear.x=0.22, angular.z=0.0
[decoded_serial_node-3] [INFO] [1791265006.988988116] [bw_dr03_decoded_serial_node]: SEND MOTOR CMD: cd eb d7 09 74 46 46 53 53 1a 1a 00 00
[decoded_serial_node-3] [INFO] [1791265007.054294223] [bw_dr03_decoded_serial_node]: RECEIVED /cmd_vel: linear.x=0.22, angular.z=0.0
[decoded_serial_node-3] [INFO] [1791265007.055139594] [bw_dr03_decoded_serial_node]: SEND MOTOR CMD: cd eb d7 09 74 46 46 53 53 1a 1a 00 00
[decoded_serial_node-3] [INFO] [1791265007.119171707] [bw_dr03_decoded_serial_node]: RECEIVED /cmd_vel: linear.x=0.22, angular.z=0.0
[decoded_serial_node-3] [INFO] [1791265007.120109689] [bw_dr03_decoded_serial_node]: SEND MOTOR CMD: cd eb d7 09 74 46 46 53 53 1a 1a 00 00
[decoded_serial_node-3] [INFO] [1791265007.186600740] [bw_dr03_decoded_serial_node]: RECEIVED /cmd_vel: linear.x=0.22, angular.z=0.125
[decoded_serial_node-3] [INFO] [1791265007.187376060] [bw_dr03_decoded_serial_node]: SEND MOTOR CMD: cd eb d7 09 74 46 46 53 53 1d 17 00 00
[decoded_serial_node-3] [INFO] [1791265007.251529279] [bw_dr03_decoded_serial_node]: RECEIVED /cmd_vel: linear.x=0.22, angular.z=0.125
[decoded_serial_node-3] [INFO] [1791265007.252264230] [bw_dr03_decoded_serial_node]: SEND MOTOR CMD: cd eb d7 09 74 46 46 53 53 1d 17 00 00
[decoded_serial_node-3] [INFO] [1791265007.318509506] [bw_dr03_decoded_serial_node]: RECEIVED /cmd_vel: linear.x=0.22, angular.z=0.125
[decoded_serial_node-3] [INFO] [1791265007.319287200] [bw_dr03_decoded_serial_node]: SEND MOTOR CMD: cd eb d7 09 74 46 46 53 53 1d 17 00 00
[decoded_serial_node-3] [INFO] [1791265007.385268891] [bw_dr03_decoded_serial_node]: RECEIVED /cmd_vel: linear.x=0.22, angular.z=0.125
[decoded_serial_node-3] [INFO] [1791265007.386006216] [bw_dr03_decoded_serial_node]: SEND MOTOR CMD: cd eb d7 09 74 46 46 53 53 1d 17 00 00
[decoded_serial_node-3] [INFO] [1791265007.451854927] [bw_dr03_decoded_serial_node]: RECEIVED /cmd_vel: linear.x=0.22, angular.z=0.125
[decoded_serial_node-3] [INFO] [1791265007.452653993] [bw_dr03_decoded_serial_node]: SEND MOTOR CMD: cd eb d7 09 74 46 46 53 53 1d 17 00 00
[decoded_serial_node-3] [INFO] [1791265007.520067590] [bw_dr03_decoded_serial_node]: RECEIVED /cmd_vel: linear.x=0.22, angular.z=0.25
[decoded_serial_node-3] [INFO] [1791265007.520828662] [bw_dr03_decoded_serial_node]: SEND MOTOR CMD: cd eb d7 09 74 46 46 53 53 21 14 00 00
[decoded_serial_node-3] [INFO] [1791265007.587713903] [bw_dr03_decoded_serial_node]: RECEIVED /cmd_vel: linear.x=0.22, angular.z=0.26875000000000004
[decoded_serial_node-3] [INFO] [1791265007.588524842] [bw_dr03_decoded_serial_node]: SEND MOTOR CMD: cd eb d7 09 74 46 46 53 53 21 14 00 00
[decoded_serial_node-3] [INFO] [1791265007.653181485] [bw_dr03_decoded_serial_node]: RECEIVED /cmd_vel: linear.x=0.22, angular.z=0.2757812500000001
[decoded_serial_node-3] [INFO] [1791265007.653917622] [bw_dr03_decoded_serial_node]: SEND MOTOR CMD: cd eb d7 09 74 46 46 53 53 21 14 00 00
[decoded_serial_node-3] [INFO] [1791265007.720837295] [bw_dr03_decoded_serial_node]: RECEIVED /cmd_vel: linear.x=0.22, angular.z=0.27841796875000013
[decoded_serial_node-3] [INFO] [1791265007.721582932] [bw_dr03_decoded_serial_node]: SEND MOTOR CMD: cd eb d7 09 74 46 46 53 53 21 14 00 00
[decoded_serial_node-3] [INFO] [1791265007.785444071] [bw_dr03_decoded_serial_node]: RECEIVED /cmd_vel: linear.x=0.22, angular.z=0.2794067382812502
[decoded_serial_node-3] [INFO] [1791265007.786285880] [bw_dr03_decoded_serial_node]: SEND MOTOR CMD: cd eb d7 09 74 46 46 53 53 21 14 00 00
[decoded_serial_node-3] [INFO] [1791265007.852025358] [bw_dr03_decoded_serial_node]: RECEIVED /cmd_vel: linear.x=0.22, angular.z=0.27977752685546875
[decoded_serial_node-3] [INFO] [1791265007.852754372] [bw_dr03_decoded_serial_node]: SEND MOTOR CMD: cd eb d7 09 74 46 46 53 53 21 14 00 00
[decoded_serial_node-3] [INFO] [1791265007.920087232] [bw_dr03_decoded_serial_node]: RECEIVED /cmd_vel: linear.x=0.22, angular.z=0.399930477142334
[decoded_serial_node-3] [INFO] [1791265007.920893422] [bw_dr03_decoded_serial_node]: SEND MOTOR CMD: cd eb d7 09 74 46 46 53 53 24 11 00 00
[follow_planner-6] [INFO] [1791265007.986296888] [follow_planner_node]: [FOLLOW] bam nguoi | d=1.35m goc=14deg | v=0.220 w=0.325 | thoang=0.36m
[decoded_serial_node-3] [INFO] [1791265007.986844242] [bw_dr03_decoded_serial_node]: RECEIVED /cmd_vel: linear.x=0.22, angular.z=0.3249739289283753
[decoded_serial_node-3] [INFO] [1791265007.987623124] [bw_dr03_decoded_serial_node]: SEND MOTOR CMD: cd eb d7 09 74 46 46 53 53 22 13 00 00
[decoded_serial_node-3] [INFO] [1791265008.055719429] [bw_dr03_decoded_serial_node]: RECEIVED /cmd_vel: linear.x=0.22, angular.z=0.4849739289283753
[decoded_serial_node-3] [INFO] [1791265008.056495936] [bw_dr03_decoded_serial_node]: SEND MOTOR CMD: cd eb d7 09 74 46 46 53 53 26 0f 00 00
[decoded_serial_node-3] [INFO] [1791265008.120245466] [bw_dr03_decoded_serial_node]: RECEIVED /cmd_vel: linear.x=0.22, angular.z=0.4640543527901172
[decoded_serial_node-3] [INFO] [1791265008.121019598] [bw_dr03_decoded_serial_node]: SEND MOTOR CMD: cd eb d7 09 74 46 46 53 53 26 0f 00 00
[decoded_serial_node-3] [INFO] [1791265008.190211799] [bw_dr03_decoded_serial_node]: RECEIVED /cmd_vel: linear.x=0.19666666666666666, angular.z=0.45751698524691153
[decoded_serial_node-3] [INFO] [1791265008.190949124] [bw_dr03_decoded_serial_node]: SEND MOTOR CMD: cd eb d7 09 74 46 46 53 53 23 0c 00 00
[decoded_serial_node-3] [INFO] [1791265008.256363276] [bw_dr03_decoded_serial_node]: RECEIVED /cmd_vel: linear.x=0.17333333333333334, angular.z=0.45547405788966
[decoded_serial_node-3] [INFO] [1791265008.257186088] [bw_dr03_decoded_serial_node]: SEND MOTOR CMD: cd eb d7 09 74 46 46 53 53 20 0a 00 00
[decoded_serial_node-3] [INFO] [1791265008.318790133] [bw_dr03_decoded_serial_node]: RECEIVED /cmd_vel: linear.x=0.15000000000000002, angular.z=0.4548356430905186
[decoded_serial_node-3] [INFO] [1791265008.319571389] [bw_dr03_decoded_serial_node]: SEND MOTOR CMD: cd eb d7 09 74 46 46 53 53 1d 07 00 00
[decoded_serial_node-3] [INFO] [1791265008.357019430] [bw_dr03_decoded_serial_node]: RECEIVED /cmd_vel: linear.x=0.1266666666666667, angular.z=0.6148356430905186
[decoded_serial_node-3] [INFO] [1791265008.357793562] [bw_dr03_decoded_serial_node]: SEND MOTOR CMD: cd eb d7 09 74 46 53 53 53 1e 1e 00 00
[decoded_serial_node-3] [INFO] [1791265008.423534227] [bw_dr03_decoded_serial_node]: RECEIVED /cmd_vel: linear.x=0.10333333333333337, angular.z=0.60016
[decoded_serial_node-3] [INFO] [1791265008.424397407] [bw_dr03_decoded_serial_node]: SEND MOTOR CMD: cd eb d7 09 74 46 42 53 53 1b 05 00 00
[decoded_serial_node-3] [INFO] [1791265008.490205749] [bw_dr03_decoded_serial_node]: RECEIVED /cmd_vel: linear.x=0.08000000000000004, angular.z=0.60016
[decoded_serial_node-3] [INFO] [1791265008.490946636] [bw_dr03_decoded_serial_node]: SEND MOTOR CMD: cd eb d7 09 74 46 42 53 53 18 05 00 00
[decoded_serial_node-3] [INFO] [1791265008.556335854] [bw_dr03_decoded_serial_node]: RECEIVED /cmd_vel: linear.x=0.05666666666666671, angular.z=0.7031200000000001
[decoded_serial_node-3] [INFO] [1791265008.557088615] [bw_dr03_decoded_serial_node]: SEND MOTOR CMD: cd eb d7 09 74 46 42 53 53 18 0a 00 00
[decoded_serial_node-3] [INFO] [1791265008.623768449] [bw_dr03_decoded_serial_node]: RECEIVED /cmd_vel: linear.x=0.035, angular.z=0.63514
[decoded_serial_node-3] [INFO] [1791265008.624603134] [bw_dr03_decoded_serial_node]: SEND MOTOR CMD: cd eb d7 09 74 46 42 53 53 13 0b 00 00
[decoded_serial_node-3] [INFO] [1791265008.690238127] [bw_dr03_decoded_serial_node]: RECEIVED /cmd_vel: linear.x=0.035, angular.z=0.7194
[decoded_serial_node-3] [INFO] [1791265008.691037193] [bw_dr03_decoded_serial_node]: SEND MOTOR CMD: cd eb d7 09 74 46 42 53 53 15 0d 00 00
[decoded_serial_node-3] [INFO] [1791265008.757123367] [bw_dr03_decoded_serial_node]: RECEIVED /cmd_vel: linear.x=0.0, angular.z=0.6529600000000001
[decoded_serial_node-3] [INFO] [1791265008.757865441] [bw_dr03_decoded_serial_node]: SEND MOTOR CMD: cd eb d7 09 74 46 42 53 53 0f 0f 00 00
[decoded_serial_node-3] [INFO] [1791265008.824109529] [bw_dr03_decoded_serial_node]: RECEIVED /cmd_vel: linear.x=0.0, angular.z=0.63646
[decoded_serial_node-3] [INFO] [1791265008.824837356] [bw_dr03_decoded_serial_node]: SEND MOTOR CMD: cd eb d7 09 74 46 42 53 53 0f 0f 00 00
[decoded_serial_node-3] [INFO] [1791265008.890227761] [bw_dr03_decoded_serial_node]: RECEIVED /cmd_vel: linear.x=0.0, angular.z=0.74888
[decoded_serial_node-3] [INFO] [1791265008.891043449] [bw_dr03_decoded_serial_node]: SEND MOTOR CMD: cd eb d7 09 74 46 42 53 53 12 12 00 00
[decoded_serial_node-3] [INFO] [1791265008.957275664] [bw_dr03_decoded_serial_node]: RECEIVED /cmd_vel: linear.x=0.0, angular.z=0.73282
[decoded_serial_node-3] [INFO] [1791265008.958055733] [bw_dr03_decoded_serial_node]: SEND MOTOR CMD: cd eb d7 09 74 46 42 53 53 11 11 00 00
[follow_planner-6] [INFO] [1791265009.022834669] [follow_planner_node]: [FOLLOW] canh huong tai cho | d=0.78m goc=23deg | v=0.000 w=0.865 | thoang=-
[decoded_serial_node-3] [INFO] [1791265009.023539936] [bw_dr03_decoded_serial_node]: RECEIVED /cmd_vel: linear.x=0.0, angular.z=0.8654800000000001
[decoded_serial_node-3] [INFO] [1791265009.024324754] [bw_dr03_decoded_serial_node]: SEND MOTOR CMD: cd eb d7 09 74 46 42 53 53 15 15 00 00
[decoded_serial_node-3] [INFO] [1791265009.091525820] [bw_dr03_decoded_serial_node]: RECEIVED /cmd_vel: linear.x=0.0, angular.z=0.8126800000000001
[decoded_serial_node-3] [INFO] [1791265009.092305889] [bw_dr03_decoded_serial_node]: SEND MOTOR CMD: cd eb d7 09 74 46 42 53 53 13 13 00 00
[decoded_serial_node-3] [INFO] [1791265009.157131130] [bw_dr03_decoded_serial_node]: RECEIVED /cmd_vel: linear.x=0.0, angular.z=0.9
[decoded_serial_node-3] [INFO] [1791265009.157902887] [bw_dr03_decoded_serial_node]: SEND MOTOR CMD: cd eb d7 09 74 46 42 53 53 15 15 00 00
[decoded_serial_node-3] [INFO] [1791265009.222852796] [bw_dr03_decoded_serial_node]: RECEIVED /cmd_vel: linear.x=0.0, angular.z=0.9
[decoded_serial_node-3] [INFO] [1791265009.223298041] [bw_dr03_decoded_serial_node]: SEND MOTOR CMD: cd eb d7 09 74 46 42 53 53 15 15 00 00
[decoded_serial_node-3] [INFO] [1791265009.290056237] [bw_dr03_decoded_serial_node]: RECEIVED /cmd_vel: linear.x=0.0, angular.z=0.9
[decoded_serial_node-3] [INFO] [1791265009.290801874] [bw_dr03_decoded_serial_node]: SEND MOTOR CMD: cd eb d7 09 74 46 42 53 53 15 15 00 00
[decoded_serial_node-3] [INFO] [1791265009.357069707] [bw_dr03_decoded_serial_node]: RECEIVED /cmd_vel: linear.x=0.0, angular.z=0.8566800000000001
[decoded_serial_node-3] [INFO] [1791265009.357840277] [bw_dr03_decoded_serial_node]: SEND MOTOR CMD: cd eb d7 09 74 46 42 53 53 14 14 00 00
[decoded_serial_node-3] [INFO] [1791265009.423597563] [bw_dr03_decoded_serial_node]: RECEIVED /cmd_vel: linear.x=0.0, angular.z=0.9
[decoded_serial_node-3] [INFO] [1791265009.424387131] [bw_dr03_decoded_serial_node]: SEND MOTOR CMD: cd eb d7 09 74 46 42 53 53 15 15 00 00
[decoded_serial_node-3] [INFO] [1791265009.490114734] [bw_dr03_decoded_serial_node]: RECEIVED /cmd_vel: linear.x=0.0, angular.z=0.9
[decoded_serial_node-3] [INFO] [1791265009.490852059] [bw_dr03_decoded_serial_node]: SEND MOTOR CMD: cd eb d7 09 74 46 42 53 53 15 15 00 00
[decoded_serial_node-3] [INFO] [1791265009.556961979] [bw_dr03_decoded_serial_node]: RECEIVED /cmd_vel: linear.x=0.0, angular.z=0.9
[decoded_serial_node-3] [INFO] [1791265009.558900871] [bw_dr03_decoded_serial_node]: SEND MOTOR CMD: cd eb d7 09 74 46 42 53 53 15 15 00 00
[decoded_serial_node-3] [INFO] [1791265009.623572948] [bw_dr03_decoded_serial_node]: RECEIVED /cmd_vel: linear.x=0.0, angular.z=0.9
[decoded_serial_node-3] [INFO] [1791265009.624350642] [bw_dr03_decoded_serial_node]: SEND MOTOR CMD: cd eb d7 09 74 46 42 53 53 15 15 00 00
[decoded_serial_node-3] [INFO] [1791265009.690141173] [bw_dr03_decoded_serial_node]: RECEIVED /cmd_vel: linear.x=0.0, angular.z=0.9
[decoded_serial_node-3] [INFO] [1791265009.690864250] [bw_dr03_decoded_serial_node]: SEND MOTOR CMD: cd eb d7 09 74 46 42 53 53 15 15 00 00
[decoded_serial_node-3] [INFO] [1791265009.761412369] [bw_dr03_decoded_serial_node]: RECEIVED /cmd_vel: linear.x=0.0, angular.z=0.9
[decoded_serial_node-3] [INFO] [1791265009.762171066] [bw_dr03_decoded_serial_node]: SEND MOTOR CMD: cd eb d7 09 74 46 42 53 53 15 15 00 00
[decoded_serial_node-3] [INFO] [1791265009.823449785] [bw_dr03_decoded_serial_node]: RECEIVED /cmd_vel: linear.x=0.0, angular.z=0.9
[decoded_serial_node-3] [INFO] [1791265009.824202545] [bw_dr03_decoded_serial_node]: SEND MOTOR CMD: cd eb d7 09 74 46 42 53 53 15 15 00 00
[decoded_serial_node-3] [INFO] [1791265009.890224603] [bw_dr03_decoded_serial_node]: RECEIVED /cmd_vel: linear.x=0.0, angular.z=0.9
[decoded_serial_node-3] [INFO] [1791265009.890960741] [bw_dr03_decoded_serial_node]: SEND MOTOR CMD: cd eb d7 09 74 46 42 53 53 15 15 00 00
[decoded_serial_node-3] [INFO] [1791265009.962597631] [bw_dr03_decoded_serial_node]: RECEIVED /cmd_vel: linear.x=0.0, angular.z=0.9
[decoded_serial_node-3] [INFO] [1791265009.963386011] [bw_dr03_decoded_serial_node]: SEND MOTOR CMD: cd eb d7 09 74 46 42 53 53 15 15 00 00
[decoded_serial_node-3] [INFO] [1791265010.023065411] [bw_dr03_decoded_serial_node]: RECEIVED /cmd_vel: linear.x=0.0, angular.z=0.9
[decoded_serial_node-3] [INFO] [1791265010.023852604] [bw_dr03_decoded_serial_node]: SEND MOTOR CMD: cd eb d7 09 74 46 42 53 53 15 15 00 00
[follow_planner-6] [INFO] [1791265010.089290501] [follow_planner_node]: [FOLLOW] canh huong tai cho | d=0.48m goc=33deg | v=0.000 w=0.900 | thoang=-
[decoded_serial_node-3] [INFO] [1791265010.091362372] [bw_dr03_decoded_serial_node]: RECEIVED /cmd_vel: linear.x=0.0, angular.z=0.9
[decoded_serial_node-3] [INFO] [1791265010.092233864] [bw_dr03_decoded_serial_node]: SEND MOTOR CMD: cd eb d7 09 74 46 42 53 53 15 15 00 00
[decoded_serial_node-3] [INFO] [1791265010.163643976] [bw_dr03_decoded_serial_node]: RECEIVED /cmd_vel: linear.x=0.0, angular.z=0.9
[decoded_serial_node-3] [INFO] [1791265010.164408609] [bw_dr03_decoded_serial_node]: SEND MOTOR CMD: cd eb d7 09 74 46 42 53 53 15 15 00 00
[decoded_serial_node-3] [INFO] [1791265010.223944343] [bw_dr03_decoded_serial_node]: RECEIVED /cmd_vel: linear.x=0.0, angular.z=0.9
[decoded_serial_node-3] [INFO] [1791265010.224731536] [bw_dr03_decoded_serial_node]: SEND MOTOR CMD: cd eb d7 09 74 46 42 53 53 15 15 00 00
[decoded_serial_node-3] [INFO] [1791265010.289800176] [bw_dr03_decoded_serial_node]: RECEIVED /cmd_vel: linear.x=0.0, angular.z=0.9
[decoded_serial_node-3] [INFO] [1791265010.290557686] [bw_dr03_decoded_serial_node]: SEND MOTOR CMD: cd eb d7 09 74 46 42 53 53 15 15 00 00
[decoded_serial_node-3] [INFO] [1791265010.364955092] [bw_dr03_decoded_serial_node]: RECEIVED /cmd_vel: linear.x=0.0, angular.z=0.9
[decoded_serial_node-3] [INFO] [1791265010.365777904] [bw_dr03_decoded_serial_node]: SEND MOTOR CMD: cd eb d7 09 74 46 42 53 53 15 15 00 00
[decoded_serial_node-3] [INFO] [1791265010.423700072] [bw_dr03_decoded_serial_node]: RECEIVED /cmd_vel: linear.x=0.0, angular.z=0.9
[decoded_serial_node-3] [INFO] [1791265010.424475391] [bw_dr03_decoded_serial_node]: SEND MOTOR CMD: cd eb d7 09 74 46 42 53 53 15 15 00 00
[decoded_serial_node-3] [INFO] [1791265010.490122256] [bw_dr03_decoded_serial_node]: RECEIVED /cmd_vel: linear.x=0.0, angular.z=0.9
[decoded_serial_node-3] [INFO] [1791265010.490873829] [bw_dr03_decoded_serial_node]: SEND MOTOR CMD: cd eb d7 09 74 46 42 53 53 15 15 00 00
[decoded_serial_node-3] [INFO] [1791265010.557040739] [bw_dr03_decoded_serial_node]: RECEIVED /cmd_vel: linear.x=0.0, angular.z=0.9
[decoded_serial_node-3] [INFO] [1791265010.557782814] [bw_dr03_decoded_serial_node]: SEND MOTOR CMD: cd eb d7 09 74 46 42 53 53 15 15 00 00
[decoded_serial_node-3] [INFO] [1791265010.623612526] [bw_dr03_decoded_serial_node]: RECEIVED /cmd_vel: linear.x=0.0, angular.z=0.9
[decoded_serial_node-3] [INFO] [1791265010.624381909] [bw_dr03_decoded_serial_node]: SEND MOTOR CMD: cd eb d7 09 74 46 42 53 53 15 15 00 00
[follow_planner-6] [INFO] [1791265010.658823657] [follow_planner_node]: self-filter: bo 9/193 tia dap vao than xe
[decoded_serial_node-3] [INFO] [1791265010.690288796] [bw_dr03_decoded_serial_node]: RECEIVED /cmd_vel: linear.x=0.0, angular.z=0.9
[decoded_serial_node-3] [INFO] [1791265010.691092611] [bw_dr03_decoded_serial_node]: SEND MOTOR CMD: cd eb d7 09 74 46 42 53 53 15 15 00 00
[decoded_serial_node-3] [INFO] [1791265010.757073113] [bw_dr03_decoded_serial_node]: RECEIVED /cmd_vel: linear.x=0.0, angular.z=0.9
[decoded_serial_node-3] [INFO] [1791265010.757868617] [bw_dr03_decoded_serial_node]: SEND MOTOR CMD: cd eb d7 09 74 46 42 53 53 15 15 00 00
[decoded_serial_node-3] [INFO] [1791265010.823453741] [bw_dr03_decoded_serial_node]: RECEIVED /cmd_vel: linear.x=0.0, angular.z=0.9
[decoded_serial_node-3] [INFO] [1791265010.824223124] [bw_dr03_decoded_serial_node]: SEND MOTOR CMD: cd eb d7 09 74 46 42 53 53 15 15 00 00
[decoded_serial_node-3] [INFO] [1791265010.890280801] [bw_dr03_decoded_serial_node]: RECEIVED /cmd_vel: linear.x=0.0, angular.z=0.9
[decoded_serial_node-3] [INFO] [1791265010.891027625] [bw_dr03_decoded_serial_node]: SEND MOTOR CMD: cd eb d7 09 74 46 42 53 53 15 15 00 00
[decoded_serial_node-3] [INFO] [1791265010.957138732] [bw_dr03_decoded_serial_node]: RECEIVED /cmd_vel: linear.x=0.0, angular.z=0.9
[decoded_serial_node-3] [INFO] [1791265010.957861809] [bw_dr03_decoded_serial_node]: SEND MOTOR CMD: cd eb d7 09 74 46 42 53 53 15 15 00 00
[decoded_serial_node-3] [INFO] [1791265011.022923325] [bw_dr03_decoded_serial_node]: RECEIVED /cmd_vel: linear.x=0.0, angular.z=0.9
[decoded_serial_node-3] [INFO] [1791265011.023677273] [bw_dr03_decoded_serial_node]: SEND MOTOR CMD: cd eb d7 09 74 46 42 53 53 15 15 00 00
[follow_planner-6] [INFO] [1791265011.089642339] [follow_planner_node]: [FOLLOW] canh huong tai cho | d=0.73m goc=41deg | v=0.000 w=0.900 | thoang=-
[decoded_serial_node-3] [INFO] [1791265011.090461589] [bw_dr03_decoded_serial_node]: RECEIVED /cmd_vel: linear.x=0.0, angular.z=0.9
[decoded_serial_node-3] [INFO] [1791265011.091258280] [bw_dr03_decoded_serial_node]: SEND MOTOR CMD: cd eb d7 09 74 46 42 53 53 15 15 00 00
[decoded_serial_node-3] [INFO] [1791265011.156482459] [bw_dr03_decoded_serial_node]: RECEIVED /cmd_vel: linear.x=0.0, angular.z=0.9
[decoded_serial_node-3] [INFO] [1791265011.157263714] [bw_dr03_decoded_serial_node]: SEND MOTOR CMD: cd eb d7 09 74 46 42 53 53 15 15 00 00
[decoded_serial_node-3] [INFO] [1791265011.223258463] [bw_dr03_decoded_serial_node]: RECEIVED /cmd_vel: linear.x=0.0, angular.z=0.9
[decoded_serial_node-3] [INFO] [1791265011.224118082] [bw_dr03_decoded_serial_node]: SEND MOTOR CMD: cd eb d7 09 74 46 42 53 53 15 15 00 00
[decoded_serial_node-3] [INFO] [1791265011.289731702] [bw_dr03_decoded_serial_node]: RECEIVED /cmd_vel: linear.x=0.0, angular.z=0.9
[decoded_serial_node-3] [INFO] [1791265011.290474963] [bw_dr03_decoded_serial_node]: SEND MOTOR CMD: cd eb d7 09 74 46 42 53 53 15 15 00 00
[decoded_serial_node-3] [INFO] [1791265011.356435280] [bw_dr03_decoded_serial_node]: RECEIVED /cmd_vel: linear.x=0.0, angular.z=0.9
[decoded_serial_node-3] [INFO] [1791265011.357228409] [bw_dr03_decoded_serial_node]: SEND MOTOR CMD: cd eb d7 09 74 46 42 53 53 15 15 00 00
[decoded_serial_node-3] [INFO] [1791265011.423527111] [bw_dr03_decoded_serial_node]: RECEIVED /cmd_vel: linear.x=0.0, angular.z=0.9
[decoded_serial_node-3] [INFO] [1791265011.424282246] [bw_dr03_decoded_serial_node]: SEND MOTOR CMD: cd eb d7 09 74 46 42 53 53 15 15 00 00
[decoded_serial_node-3] [INFO] [1791265011.490134517] [bw_dr03_decoded_serial_node]: RECEIVED /cmd_vel: linear.x=0.0, angular.z=0.9
[decoded_serial_node-3] [INFO] [1791265011.490884902] [bw_dr03_decoded_serial_node]: SEND MOTOR CMD: cd eb d7 09 74 46 42 53 53 15 15 00 00
[decoded_serial_node-3] [INFO] [1791265011.556382164] [bw_dr03_decoded_serial_node]: RECEIVED /cmd_vel: linear.x=0.0, angular.z=0.9
[decoded_serial_node-3] [INFO] [1791265011.557183605] [bw_dr03_decoded_serial_node]: SEND MOTOR CMD: cd eb d7 09 74 46 42 53 53 15 15 00 00
[decoded_serial_node-3] [INFO] [1791265011.625906812] [bw_dr03_decoded_serial_node]: RECEIVED /cmd_vel: linear.x=0.0, angular.z=0.82764
[decoded_serial_node-3] [INFO] [1791265011.626663134] [bw_dr03_decoded_serial_node]: SEND MOTOR CMD: cd eb d7 09 74 46 42 53 53 14 14 00 00
[decoded_serial_node-3] [INFO] [1791265011.690011349] [bw_dr03_decoded_serial_node]: RECEIVED /cmd_vel: linear.x=0.0, angular.z=0.68222
[decoded_serial_node-3] [INFO] [1791265011.690863844] [bw_dr03_decoded_serial_node]: SEND MOTOR CMD: cd eb d7 09 74 46 42 53 53 10 10 00 00
[decoded_serial_node-3] [INFO] [1791265011.784028013] [bw_dr03_decoded_serial_node]: RECEIVED /cmd_vel: linear.x=0.035, angular.z=0.52222
[decoded_serial_node-3] [INFO] [1791265011.784836577] [bw_dr03_decoded_serial_node]: SEND MOTOR CMD: cd eb d7 09 74 46 42 53 53 11 08 00 00
[decoded_serial_node-3] [INFO] [1791265011.850358773] [bw_dr03_decoded_serial_node]: RECEIVED /cmd_vel: linear.x=0.04666666666666666, angular.z=0.36222
[decoded_serial_node-3] [INFO] [1791265011.851091348] [bw_dr03_decoded_serial_node]: SEND MOTOR CMD: cd eb d7 09 74 46 42 53 53 0e 05 00 00
[decoded_serial_node-3] [INFO] [1791265011.916429510] [bw_dr03_decoded_serial_node]: RECEIVED /cmd_vel: linear.x=0.06999999999999999, angular.z=0.20221999999999998
[decoded_serial_node-3] [INFO] [1791265011.917202454] [bw_dr03_decoded_serial_node]: SEND MOTOR CMD: cd eb d7 09 74 46 46 53 53 0d 05 00 00
[decoded_serial_node-3] [INFO] [1791265011.982660535] [bw_dr03_decoded_serial_node]: RECEIVED /cmd_vel: linear.x=0.09333333333333332, angular.z=0.2508325000000001
[decoded_serial_node-3] [INFO] [1791265011.983472661] [bw_dr03_decoded_serial_node]: SEND MOTOR CMD: cd eb d7 09 74 46 46 53 53 11 05 00 00
[decoded_serial_node-3] [INFO] [1791265012.050901691] [bw_dr03_decoded_serial_node]: RECEIVED /cmd_vel: linear.x=0.11666666666666665, angular.z=0.14723921875000012
[decoded_serial_node-3] [INFO] [1791265012.051669886] [bw_dr03_decoded_serial_node]: SEND MOTOR CMD: cd eb d7 09 74 46 46 53 53 11 0a 00 00
[follow_planner-6] [INFO] [1791265012.118634674] [follow_planner_node]: [FOLLOW] bam nguoi | d=1.35m goc=1deg | v=0.140 w=0.000 | thoang=0.30m
[decoded_serial_node-3] [INFO] [1791265012.119287699] [bw_dr03_decoded_serial_node]: RECEIVED /cmd_vel: linear.x=0.13999999999999999, angular.z=0.0
[decoded_serial_node-3] [INFO] [1791265012.120046396] [bw_dr03_decoded_serial_node]: SEND MOTOR CMD: cd eb d7 09 74 46 46 53 53 11 11 00 00
[decoded_serial_node-3] [INFO] [1791265012.185867795] [bw_dr03_decoded_serial_node]: RECEIVED /cmd_vel: linear.x=0.16333333333333333, angular.z=0.0
[decoded_serial_node-3] [INFO] [1791265012.186620556] [bw_dr03_decoded_serial_node]: SEND MOTOR CMD: cd eb d7 09 74 46 46 53 53 14 14 00 00
[decoded_serial_node-3] [INFO] [1791265012.254429527] [bw_dr03_decoded_serial_node]: RECEIVED /cmd_vel: linear.x=0.18666666666666665, angular.z=0.0
[decoded_serial_node-3] [INFO] [1791265012.255177538] [bw_dr03_decoded_serial_node]: SEND MOTOR CMD: cd eb d7 09 74 46 46 53 53 16 16 00 00
[decoded_serial_node-3] [INFO] [1791265012.323755892] [bw_dr03_decoded_serial_node]: RECEIVED /cmd_vel: linear.x=0.20999999999999996, angular.z=-0.125
[decoded_serial_node-3] [INFO] [1791265012.324508652] [bw_dr03_decoded_serial_node]: SEND MOTOR CMD: cd eb d7 09 74 46 46 53 53 16 1c 00 00
[decoded_serial_node-3] [INFO] [1791265012.391380829] [bw_dr03_decoded_serial_node]: RECEIVED /cmd_vel: linear.x=0.22, angular.z=-0.125
[decoded_serial_node-3] [INFO] [1791265012.392147837] [bw_dr03_decoded_serial_node]: SEND MOTOR CMD: cd eb d7 09 74 46 46 53 53 17 1d 00 00
[decoded_serial_node-3] [INFO] [1791265012.456818725] [bw_dr03_decoded_serial_node]: RECEIVED /cmd_vel: linear.x=0.22, angular.z=-0.125
[decoded_serial_node-3] [INFO] [1791265012.457773329] [bw_dr03_decoded_serial_node]: SEND MOTOR CMD: cd eb d7 09 74 46 46 53 53 17 1d 00 00
[decoded_serial_node-3] [INFO] [1791265012.523198164] [bw_dr03_decoded_serial_node]: RECEIVED /cmd_vel: linear.x=0.22, angular.z=-0.125
[decoded_serial_node-3] [INFO] [1791265012.523936676] [bw_dr03_decoded_serial_node]: SEND MOTOR CMD: cd eb d7 09 74 46 46 53 53 17 1d 00 00
[decoded_serial_node-3] [INFO] [1791265012.590160577] [bw_dr03_decoded_serial_node]: RECEIVED /cmd_vel: linear.x=0.22, angular.z=-0.125
[decoded_serial_node-3] [INFO] [1791265012.590943020] [bw_dr03_decoded_serial_node]: SEND MOTOR CMD: cd eb d7 09 74 46 46 53 53 17 1d 00 00
[decoded_serial_node-3] [INFO] [1791265012.658104903] [bw_dr03_decoded_serial_node]: RECEIVED /cmd_vel: linear.x=0.22, angular.z=-0.125
[decoded_serial_node-3] [INFO] [1791265012.658846977] [bw_dr03_decoded_serial_node]: SEND MOTOR CMD: cd eb d7 09 74 46 46 53 53 17 1d 00 00
[decoded_serial_node-3] [INFO] [1791265012.728550910] [bw_dr03_decoded_serial_node]: RECEIVED /cmd_vel: linear.x=0.22, angular.z=-0.125
[decoded_serial_node-3] [INFO] [1791265012.729326229] [bw_dr03_decoded_serial_node]: SEND MOTOR CMD: cd eb d7 09 74 46 46 53 53 17 1d 00 00
[decoded_serial_node-3] [INFO] [1791265012.792878662] [bw_dr03_decoded_serial_node]: RECEIVED /cmd_vel: linear.x=0.22, angular.z=-0.125
[decoded_serial_node-3] [INFO] [1791265012.793706223] [bw_dr03_decoded_serial_node]: SEND MOTOR CMD: cd eb d7 09 74 46 46 53 53 17 1d 00 00
[decoded_serial_node-3] [INFO] [1791265012.859527623] [bw_dr03_decoded_serial_node]: RECEIVED /cmd_vel: linear.x=0.22, angular.z=-0.125
[decoded_serial_node-3] [INFO] [1791265012.860311253] [bw_dr03_decoded_serial_node]: SEND MOTOR CMD: cd eb d7 09 74 46 46 53 53 17 1d 00 00
[decoded_serial_node-3] [INFO] [1791265012.925333587] [bw_dr03_decoded_serial_node]: RECEIVED /cmd_vel: linear.x=0.22, angular.z=-0.125
[decoded_serial_node-3] [INFO] [1791265012.926136215] [bw_dr03_decoded_serial_node]: SEND MOTOR CMD: cd eb d7 09 74 46 46 53 53 17 1d 00 00
[decoded_serial_node-3] [INFO] [1791265012.991955240] [bw_dr03_decoded_serial_node]: RECEIVED /cmd_vel: linear.x=0.22, angular.z=-0.125
[decoded_serial_node-3] [INFO] [1791265012.992716311] [bw_dr03_decoded_serial_node]: SEND MOTOR CMD: cd eb d7 09 74 46 46 53 53 17 1d 00 00
[decoded_serial_node-3] [INFO] [1791265013.056501458] [bw_dr03_decoded_serial_node]: RECEIVED /cmd_vel: linear.x=0.22, angular.z=-0.125
[decoded_serial_node-3] [INFO] [1791265013.057283901] [bw_dr03_decoded_serial_node]: SEND MOTOR CMD: cd eb d7 09 74 46 46 53 53 17 1d 00 00
[decoded_serial_node-3] [INFO] [1791265013.124334175] [bw_dr03_decoded_serial_node]: RECEIVED /cmd_vel: linear.x=0.22, angular.z=-0.125
[decoded_serial_node-3] [INFO] [1791265013.125089310] [bw_dr03_decoded_serial_node]: SEND MOTOR CMD: cd eb d7 09 74 46 46 53 53 17 1d 00 00
[follow_planner-6] [INFO] [1791265013.190362168] [follow_planner_node]: [FOLLOW] bam nguoi | d=2.08m goc=-9deg | v=0.220 w=-0.125 | thoang=0.29m
[decoded_serial_node-3] [INFO] [1791265013.191391573] [bw_dr03_decoded_serial_node]: RECEIVED /cmd_vel: linear.x=0.22, angular.z=-0.125
[decoded_serial_node-3] [INFO] [1791265013.192176391] [bw_dr03_decoded_serial_node]: SEND MOTOR CMD: cd eb d7 09 74 46 46 53 53 17 1d 00 00
[decoded_serial_node-3] [INFO] [1791265013.258295807] [bw_dr03_decoded_serial_node]: RECEIVED /cmd_vel: linear.x=0.22, angular.z=-0.125
[decoded_serial_node-3] [INFO] [1791265013.259056878] [bw_dr03_decoded_serial_node]: SEND MOTOR CMD: cd eb d7 09 74 46 46 53 53 17 1d 00 00
[decoded_serial_node-3] [INFO] [1791265013.324233563] [bw_dr03_decoded_serial_node]: RECEIVED /cmd_vel: linear.x=0.22, angular.z=-0.125
[decoded_serial_node-3] [INFO] [1791265013.325001758] [bw_dr03_decoded_serial_node]: SEND MOTOR CMD: cd eb d7 09 74 46 46 53 53 17 1d 00 00
[decoded_serial_node-3] [INFO] [1791265013.390286489] [bw_dr03_decoded_serial_node]: RECEIVED /cmd_vel: linear.x=0.22, angular.z=-0.125
[decoded_serial_node-3] [INFO] [1791265013.391042811] [bw_dr03_decoded_serial_node]: SEND MOTOR CMD: cd eb d7 09 74 46 46 53 53 17 1d 00 00
[decoded_serial_node-3] [INFO] [1791265013.454697353] [bw_dr03_decoded_serial_node]: RECEIVED /cmd_vel: linear.x=0.22, angular.z=-0.125
[decoded_serial_node-3] [INFO] [1791265013.455458424] [bw_dr03_decoded_serial_node]: SEND MOTOR CMD: cd eb d7 09 74 46 46 53 53 17 1d 00 00
[decoded_serial_node-3] [INFO] [1791265013.520421392] [bw_dr03_decoded_serial_node]: RECEIVED /cmd_vel: linear.x=0.22, angular.z=-0.125
[decoded_serial_node-3] [INFO] [1791265013.521195524] [bw_dr03_decoded_serial_node]: SEND MOTOR CMD: cd eb d7 09 74 46 46 53 53 17 1d 00 00
[decoded_serial_node-3] [INFO] [1791265013.589417681] [bw_dr03_decoded_serial_node]: RECEIVED /cmd_vel: linear.x=0.22, angular.z=-0.125
[decoded_serial_node-3] [INFO] [1791265013.590175191] [bw_dr03_decoded_serial_node]: SEND MOTOR CMD: cd eb d7 09 74 46 46 53 53 17 1d 00 00
[decoded_serial_node-3] [INFO] [1791265013.653158897] [bw_dr03_decoded_serial_node]: RECEIVED /cmd_vel: linear.x=0.22, angular.z=-0.125
[decoded_serial_node-3] [INFO] [1791265013.653919969] [bw_dr03_decoded_serial_node]: SEND MOTOR CMD: cd eb d7 09 74 46 46 53 53 17 1d 00 00
[decoded_serial_node-3] [INFO] [1791265013.722817711] [bw_dr03_decoded_serial_node]: RECEIVED /cmd_vel: linear.x=0.22, angular.z=-0.125
[decoded_serial_node-3] [INFO] [1791265013.723627463] [bw_dr03_decoded_serial_node]: SEND MOTOR CMD: cd eb d7 09 74 46 46 53 53 17 1d 00 00
[decoded_serial_node-3] [INFO] [1791265013.791904237] [bw_dr03_decoded_serial_node]: RECEIVED /cmd_vel: linear.x=0.22, angular.z=-0.125
[decoded_serial_node-3] [INFO] [1791265013.792686680] [bw_dr03_decoded_serial_node]: SEND MOTOR CMD: cd eb d7 09 74 46 46 53 53 17 1d 00 00
[decoded_serial_node-3] [INFO] [1791265013.854017639] [bw_dr03_decoded_serial_node]: RECEIVED /cmd_vel: linear.x=0.22, angular.z=-0.125
[decoded_serial_node-3] [INFO] [1791265013.854739529] [bw_dr03_decoded_serial_node]: SEND MOTOR CMD: cd eb d7 09 74 46 46 53 53 17 1d 00 00
[decoded_serial_node-3] [INFO] [1791265013.920189297] [bw_dr03_decoded_serial_node]: RECEIVED /cmd_vel: linear.x=0.22, angular.z=-0.125
[decoded_serial_node-3] [INFO] [1791265013.920942057] [bw_dr03_decoded_serial_node]: SEND MOTOR CMD: cd eb d7 09 74 46 46 53 53 17 1d 00 00
[decoded_serial_node-3] [INFO] [1791265013.988868572] [bw_dr03_decoded_serial_node]: RECEIVED /cmd_vel: linear.x=0.22, angular.z=0.0
[decoded_serial_node-3] [INFO] [1791265013.989709194] [bw_dr03_decoded_serial_node]: SEND MOTOR CMD: cd eb d7 09 74 46 46 53 53 1a 1a 00 00
[decoded_serial_node-3] [INFO] [1791265014.055054477] [bw_dr03_decoded_serial_node]: RECEIVED /cmd_vel: linear.x=0.22, angular.z=-0.125
[decoded_serial_node-3] [INFO] [1791265014.055775180] [bw_dr03_decoded_serial_node]: SEND MOTOR CMD: cd eb d7 09 74 46 46 53 53 17 1d 00 00
[decoded_serial_node-3] [INFO] [1791265014.122864635] [bw_dr03_decoded_serial_node]: RECEIVED /cmd_vel: linear.x=0.22, angular.z=0.0
[decoded_serial_node-3] [INFO] [1791265014.123655389] [bw_dr03_decoded_serial_node]: SEND MOTOR CMD: cd eb d7 09 74 46 46 53 53 1a 1a 00 00
[follow_planner-6] [INFO] [1791265014.188582736] [follow_planner_node]: [FOLLOW] bam nguoi | d=1.90m goc=-3deg | v=0.220 w=0.000 | thoang=0.14m
[decoded_serial_node-3] [INFO] [1791265014.189229825] [bw_dr03_decoded_serial_node]: RECEIVED /cmd_vel: linear.x=0.22, angular.z=0.0
[decoded_serial_node-3] [INFO] [1791265014.189995646] [bw_dr03_decoded_serial_node]: SEND MOTOR CMD: cd eb d7 09 74 46 46 53 53 1a 1a 00 00
[decoded_serial_node-3] [INFO] [1791265014.256466507] [bw_dr03_decoded_serial_node]: RECEIVED /cmd_vel: linear.x=0.22, angular.z=0.0
[decoded_serial_node-3] [INFO] [1791265014.257257262] [bw_dr03_decoded_serial_node]: SEND MOTOR CMD: cd eb d7 09 74 46 46 53 53 1a 1a 00 00
[decoded_serial_node-3] [INFO] [1791265014.322090811] [bw_dr03_decoded_serial_node]: RECEIVED /cmd_vel: linear.x=0.22, angular.z=0.0
[decoded_serial_node-3] [INFO] [1791265014.322826948] [bw_dr03_decoded_serial_node]: SEND MOTOR CMD: cd eb d7 09 74 46 46 53 53 1a 1a 00 00
[decoded_serial_node-3] [INFO] [1791265014.386940982] [bw_dr03_decoded_serial_node]: RECEIVED /cmd_vel: linear.x=0.22, angular.z=0.0
[decoded_serial_node-3] [INFO] [1791265014.387880151] [bw_dr03_decoded_serial_node]: SEND MOTOR CMD: cd eb d7 09 74 46 46 53 53 1a 1a 00 00
[decoded_serial_node-3] [INFO] [1791265014.453993630] [bw_dr03_decoded_serial_node]: RECEIVED /cmd_vel: linear.x=0.22, angular.z=0.0
[decoded_serial_node-3] [INFO] [1791265014.454790321] [bw_dr03_decoded_serial_node]: SEND MOTOR CMD: cd eb d7 09 74 46 46 53 53 1a 1a 00 00
[decoded_serial_node-3] [INFO] [1791265014.520791004] [bw_dr03_decoded_serial_node]: RECEIVED /cmd_vel: linear.x=0.22, angular.z=0.0
[decoded_serial_node-3] [INFO] [1791265014.521562761] [bw_dr03_decoded_serial_node]: SEND MOTOR CMD: cd eb d7 09 74 46 46 53 53 1a 1a 00 00
[decoded_serial_node-3] [INFO] [1791265014.586405809] [bw_dr03_decoded_serial_node]: RECEIVED /cmd_vel: linear.x=0.22, angular.z=0.0
[decoded_serial_node-3] [INFO] [1791265014.587196563] [bw_dr03_decoded_serial_node]: SEND MOTOR CMD: cd eb d7 09 74 46 46 53 53 1a 1a 00 00
[decoded_serial_node-3] [INFO] [1791265014.659896100] [bw_dr03_decoded_serial_node]: RECEIVED /cmd_vel: linear.x=0.22, angular.z=0.0
[decoded_serial_node-3] [INFO] [1791265014.661060860] [bw_dr03_decoded_serial_node]: SEND MOTOR CMD: cd eb d7 09 74 46 46 53 53 1a 1a 00 00
[decoded_serial_node-3] [INFO] [1791265014.722198285] [bw_dr03_decoded_serial_node]: RECEIVED /cmd_vel: linear.x=0.22, angular.z=0.0
[decoded_serial_node-3] [INFO] [1791265014.722965293] [bw_dr03_decoded_serial_node]: SEND MOTOR CMD: cd eb d7 09 74 46 46 53 53 1a 1a 00 00
[decoded_serial_node-3] [INFO] [1791265014.786891730] [bw_dr03_decoded_serial_node]: RECEIVED /cmd_vel: linear.x=0.22, angular.z=0.0
[decoded_serial_node-3] [INFO] [1791265014.787694358] [bw_dr03_decoded_serial_node]: SEND MOTOR CMD: cd eb d7 09 74 46 46 53 53 1a 1a 00 00
[decoded_serial_node-3] [INFO] [1791265014.853424332] [bw_dr03_decoded_serial_node]: RECEIVED /cmd_vel: linear.x=0.22, angular.z=0.0
[decoded_serial_node-3] [INFO] [1791265014.854196089] [bw_dr03_decoded_serial_node]: SEND MOTOR CMD: cd eb d7 09 74 46 46 53 53 1a 1a 00 00
[decoded_serial_node-3] [INFO] [1791265014.920349937] [bw_dr03_decoded_serial_node]: RECEIVED /cmd_vel: linear.x=0.22, angular.z=0.0
[decoded_serial_node-3] [INFO] [1791265014.921099135] [bw_dr03_decoded_serial_node]: SEND MOTOR CMD: cd eb d7 09 74 46 46 53 53 1a 1a 00 00
[decoded_serial_node-3] [INFO] [1791265014.985303405] [bw_dr03_decoded_serial_node]: RECEIVED /cmd_vel: linear.x=0.22, angular.z=0.0
[decoded_serial_node-3] [INFO] [1791265014.986060914] [bw_dr03_decoded_serial_node]: SEND MOTOR CMD: cd eb d7 09 74 46 46 53 53 1a 1a 00 00
[decoded_serial_node-3] [INFO] [1791265015.053048259] [bw_dr03_decoded_serial_node]: RECEIVED /cmd_vel: linear.x=0.22, angular.z=0.0
[decoded_serial_node-3] [INFO] [1791265015.053803394] [bw_dr03_decoded_serial_node]: SEND MOTOR CMD: cd eb d7 09 74 46 46 53 53 1a 1a 00 00
[decoded_serial_node-3] [INFO] [1791265015.120181644] [bw_dr03_decoded_serial_node]: RECEIVED /cmd_vel: linear.x=0.22, angular.z=0.0
[decoded_serial_node-3] [INFO] [1791265015.120910658] [bw_dr03_decoded_serial_node]: SEND MOTOR CMD: cd eb d7 09 74 46 46 53 53 1a 1a 00 00
[decoded_serial_node-3] [INFO] [1791265015.186885220] [bw_dr03_decoded_serial_node]: RECEIVED /cmd_vel: linear.x=0.22, angular.z=0.0
[decoded_serial_node-3] [INFO] [1791265015.187654602] [bw_dr03_decoded_serial_node]: SEND MOTOR CMD: cd eb d7 09 74 46 46 53 53 1a 1a 00 00
[follow_planner-6] [INFO] [1791265015.254413982] [follow_planner_node]: [FOLLOW] bam nguoi | d=1.73m goc=-4deg | v=0.220 w=0.000 | thoang=0.45m
[decoded_serial_node-3] [INFO] [1791265015.254960148] [bw_dr03_decoded_serial_node]: RECEIVED /cmd_vel: linear.x=0.22, angular.z=0.0
[decoded_serial_node-3] [INFO] [1791265015.255813831] [bw_dr03_decoded_serial_node]: SEND MOTOR CMD: cd eb d7 09 74 46 46 53 53 1a 1a 00 00
[decoded_serial_node-3] [INFO] [1791265015.321393015] [bw_dr03_decoded_serial_node]: RECEIVED /cmd_vel: linear.x=0.22, angular.z=-0.125
[decoded_serial_node-3] [INFO] [1791265015.322137464] [bw_dr03_decoded_serial_node]: SEND MOTOR CMD: cd eb d7 09 74 46 46 53 53 17 1d 00 00
[decoded_serial_node-3] [INFO] [1791265015.389247103] [bw_dr03_decoded_serial_node]: RECEIVED /cmd_vel: linear.x=0.22, angular.z=-0.125
[decoded_serial_node-3] [INFO] [1791265015.390046168] [bw_dr03_decoded_serial_node]: SEND MOTOR CMD: cd eb d7 09 74 46 46 53 53 17 1d 00 00
[decoded_serial_node-3] [INFO] [1791265015.454251625] [bw_dr03_decoded_serial_node]: RECEIVED /cmd_vel: linear.x=0.22, angular.z=-0.125
[decoded_serial_node-3] [INFO] [1791265015.455024569] [bw_dr03_decoded_serial_node]: SEND MOTOR CMD: cd eb d7 09 74 46 46 53 53 17 1d 00 00
[decoded_serial_node-3] [INFO] [1791265015.520536076] [bw_dr03_decoded_serial_node]: RECEIVED /cmd_vel: linear.x=0.22, angular.z=-0.125
[decoded_serial_node-3] [INFO] [1791265015.521275776] [bw_dr03_decoded_serial_node]: SEND MOTOR CMD: cd eb d7 09 74 46 46 53 53 17 1d 00 00
[decoded_serial_node-3] [INFO] [1791265015.586895329] [bw_dr03_decoded_serial_node]: RECEIVED /cmd_vel: linear.x=0.22, angular.z=-0.125
[decoded_serial_node-3] [INFO] [1791265015.587655214] [bw_dr03_decoded_serial_node]: SEND MOTOR CMD: cd eb d7 09 74 46 46 53 53 17 1d 00 00
[decoded_serial_node-3] [INFO] [1791265015.651411863] [bw_dr03_decoded_serial_node]: RECEIVED /cmd_vel: linear.x=0.22, angular.z=-0.125
[decoded_serial_node-3] [INFO] [1791265015.652220428] [bw_dr03_decoded_serial_node]: SEND MOTOR CMD: cd eb d7 09 74 46 46 53 53 17 1d 00 00
[decoded_serial_node-3] [INFO] [1791265015.717356742] [bw_dr03_decoded_serial_node]: RECEIVED /cmd_vel: linear.x=0.22, angular.z=-0.125
[decoded_serial_node-3] [INFO] [1791265015.718107128] [bw_dr03_decoded_serial_node]: SEND MOTOR CMD: cd eb d7 09 74 46 46 53 53 17 1d 00 00
[decoded_serial_node-3] [INFO] [1791265015.783422727] [bw_dr03_decoded_serial_node]: RECEIVED /cmd_vel: linear.x=0.22, angular.z=-0.125
[decoded_serial_node-3] [INFO] [1791265015.784162427] [bw_dr03_decoded_serial_node]: SEND MOTOR CMD: cd eb d7 09 74 46 46 53 53 17 1d 00 00
[decoded_serial_node-3] [INFO] [1791265015.849954142] [bw_dr03_decoded_serial_node]: RECEIVED /cmd_vel: linear.x=0.22, angular.z=0.0
[decoded_serial_node-3] [INFO] [1791265015.850765080] [bw_dr03_decoded_serial_node]: SEND MOTOR CMD: cd eb d7 09 74 46 46 53 53 1a 1a 00 00
[decoded_serial_node-3] [INFO] [1791265015.916968795] [bw_dr03_decoded_serial_node]: RECEIVED /cmd_vel: linear.x=0.22, angular.z=0.0
[decoded_serial_node-3] [INFO] [1791265015.917710869] [bw_dr03_decoded_serial_node]: SEND MOTOR CMD: cd eb d7 09 74 46 46 53 53 1a 1a 00 00
[decoded_serial_node-3] [INFO] [1791265015.983211690] [bw_dr03_decoded_serial_node]: RECEIVED /cmd_vel: linear.x=0.22, angular.z=0.0
[decoded_serial_node-3] [INFO] [1791265015.984271966] [bw_dr03_decoded_serial_node]: SEND MOTOR CMD: cd eb d7 09 74 46 46 53 53 1a 1a 00 00
[decoded_serial_node-3] [INFO] [1791265016.050000752] [bw_dr03_decoded_serial_node]: RECEIVED /cmd_vel: linear.x=0.22, angular.z=0.0
[decoded_serial_node-3] [INFO] [1791265016.051070526] [bw_dr03_decoded_serial_node]: SEND MOTOR CMD: cd eb d7 09 74 46 46 53 53 1a 1a 00 00
[decoded_serial_node-3] [INFO] [1791265016.116400373] [bw_dr03_decoded_serial_node]: RECEIVED /cmd_vel: linear.x=0.22, angular.z=0.0
[decoded_serial_node-3] [INFO] [1791265016.117433341] [bw_dr03_decoded_serial_node]: SEND MOTOR CMD: cd eb d7 09 74 46 46 53 53 1a 1a 00 00
[decoded_serial_node-3] [INFO] [1791265016.183174000] [bw_dr03_decoded_serial_node]: RECEIVED /cmd_vel: linear.x=0.22, angular.z=0.0
[decoded_serial_node-3] [INFO] [1791265016.184247336] [bw_dr03_decoded_serial_node]: SEND MOTOR CMD: cd eb d7 09 74 46 46 53 53 1a 1a 00 00
[decoded_serial_node-3] [INFO] [1791265016.223070289] [bw_dr03_decoded_serial_node]: RECEIVED /cmd_vel: linear.x=0.19666666666666666, angular.z=0.16
[decoded_serial_node-3] [INFO] [1791265016.224102069] [bw_dr03_decoded_serial_node]: SEND MOTOR CMD: cd eb d7 09 74 46 46 53 53 1b 14 00 00
[follow_planner-6] [INFO] [1791265016.289891408] [follow_planner_node]: [FOLLOW] chui khe hep — vao truc giua khe (lech 1.21m) | d=1.60m goc=-2deg | v=0.173 w=0.320 | thoang=-
[decoded_serial_node-3] [INFO] [1791265016.291216456] [bw_dr03_decoded_serial_node]: RECEIVED /cmd_vel: linear.x=0.17333333333333334, angular.z=0.32
[decoded_serial_node-3] [INFO] [1791265016.292182934] [bw_dr03_decoded_serial_node]: SEND MOTOR CMD: cd eb d7 09 74 46 46 53 53 1d 0d 00 00
[decoded_serial_node-3] [INFO] [1791265016.380340173] [bw_dr03_decoded_serial_node]: RECEIVED /cmd_vel: linear.x=0.19666666666666666, angular.z=0.16
[decoded_serial_node-3] [INFO] [1791265016.381398074] [bw_dr03_decoded_serial_node]: SEND MOTOR CMD: cd eb d7 09 74 46 46 53 53 1b 14 00 00
[decoded_serial_node-3] [INFO] [1791265016.423493278] [bw_dr03_decoded_serial_node]: RECEIVED /cmd_vel: linear.x=0.17333333333333334, angular.z=0.32
[decoded_serial_node-3] [INFO] [1791265016.424244851] [bw_dr03_decoded_serial_node]: SEND MOTOR CMD: cd eb d7 09 74 46 46 53 53 1d 0d 00 00
[decoded_serial_node-3] [INFO] [1791265016.491575330] [bw_dr03_decoded_serial_node]: RECEIVED /cmd_vel: linear.x=0.15000000000000002, angular.z=0.48
[decoded_serial_node-3] [INFO] [1791265016.492362522] [bw_dr03_decoded_serial_node]: SEND MOTOR CMD: cd eb d7 09 74 46 46 53 53 1e 06 00 00
[decoded_serial_node-3] [INFO] [1791265016.580323854] [bw_dr03_decoded_serial_node]: RECEIVED /cmd_vel: linear.x=0.17333333333333334, angular.z=0.31999999999999995
[decoded_serial_node-3] [INFO] [1791265016.581407877] [bw_dr03_decoded_serial_node]: SEND MOTOR CMD: cd eb d7 09 74 46 46 53 53 1d 0d 00 00
[decoded_serial_node-3] [INFO] [1791265016.623174193] [bw_dr03_decoded_serial_node]: RECEIVED /cmd_vel: linear.x=0.15000000000000002, angular.z=0.48
[decoded_serial_node-3] [INFO] [1791265016.624227345] [bw_dr03_decoded_serial_node]: SEND MOTOR CMD: cd eb d7 09 74 46 46 53 53 1e 06 00 00
[decoded_serial_node-3] [INFO] [1791265016.690427496] [bw_dr03_decoded_serial_node]: RECEIVED /cmd_vel: linear.x=0.1266666666666667, angular.z=0.64
[decoded_serial_node-3] [INFO] [1791265016.691334608] [bw_dr03_decoded_serial_node]: SEND MOTOR CMD: cd eb d7 09 74 46 53 53 53 1f 1e 00 00
[decoded_serial_node-3] [INFO] [1791265016.783838622] [bw_dr03_decoded_serial_node]: RECEIVED /cmd_vel: linear.x=0.15000000000000002, angular.z=0.48
[decoded_serial_node-3] [INFO] [1791265016.784585446] [bw_dr03_decoded_serial_node]: SEND MOTOR CMD: cd eb d7 09 74 46 46 53 53 1e 06 00 00
[decoded_serial_node-3] [INFO] [1791265016.845833290] [bw_dr03_decoded_serial_node]: RECEIVED /cmd_vel: linear.x=0.17333333333333334, angular.z=0.31999999999999995
[decoded_serial_node-3] [INFO] [1791265016.846613359] [bw_dr03_decoded_serial_node]: SEND MOTOR CMD: cd eb d7 09 74 46 46 53 53 1d 0d 00 00
[decoded_serial_node-3] [INFO] [1791265016.915084851] [bw_dr03_decoded_serial_node]: RECEIVED /cmd_vel: linear.x=0.19666666666666666, angular.z=0.15999999999999995
[decoded_serial_node-3] [INFO] [1791265016.915803179] [bw_dr03_decoded_serial_node]: SEND MOTOR CMD: cd eb d7 09 74 46 46 53 53 1b 14 00 00
[decoded_serial_node-3] [INFO] [1791265016.981489221] [bw_dr03_decoded_serial_node]: RECEIVED /cmd_vel: linear.x=0.21999999999999997, angular.z=0.0
[decoded_serial_node-3] [INFO] [1791265016.982326281] [bw_dr03_decoded_serial_node]: SEND MOTOR CMD: cd eb d7 09 74 46 46 53 53 1a 1a 00 00
[decoded_serial_node-3] [INFO] [1791265017.049808737] [bw_dr03_decoded_serial_node]: RECEIVED /cmd_vel: linear.x=0.22, angular.z=-0.16000000000000006
[decoded_serial_node-3] [INFO] [1791265017.050551998] [bw_dr03_decoded_serial_node]: SEND MOTOR CMD: cd eb d7 09 74 46 46 53 53 17 1e 00 00
[decoded_serial_node-3] [INFO] [1791265017.116915999] [bw_dr03_decoded_serial_node]: RECEIVED /cmd_vel: linear.x=0.22, angular.z=-0.32000000000000006
[decoded_serial_node-3] [INFO] [1791265017.117777993] [bw_dr03_decoded_serial_node]: SEND MOTOR CMD: cd eb d7 09 74 46 46 53 53 13 22 00 00
[decoded_serial_node-3] [INFO] [1791265017.182821695] [bw_dr03_decoded_serial_node]: RECEIVED /cmd_vel: linear.x=0.22, angular.z=-0.4125000000000001
[decoded_serial_node-3] [INFO] [1791265017.183635008] [bw_dr03_decoded_serial_node]: SEND MOTOR CMD: cd eb d7 09 74 46 46 53 53 10 24 00 00
[decoded_serial_node-3] [INFO] [1791265017.250046502] [bw_dr03_decoded_serial_node]: RECEIVED /cmd_vel: linear.x=0.22, angular.z=-0.44140625
[decoded_serial_node-3] [INFO] [1791265017.250834882] [bw_dr03_decoded_serial_node]: SEND MOTOR CMD: cd eb d7 09 74 46 46 53 53 10 25 00 00
[decoded_serial_node-3] [INFO] [1791265017.315225559] [bw_dr03_decoded_serial_node]: RECEIVED /cmd_vel: linear.x=0.22, angular.z=-0.450439453125
[decoded_serial_node-3] [INFO] [1791265017.315964071] [bw_dr03_decoded_serial_node]: SEND MOTOR CMD: cd eb d7 09 74 46 46 53 53 0f 25 00 00
[follow_planner-6] [INFO] [1791265017.382575034] [follow_planner_node]: [FOLLOW] bam nguoi | d=1.41m goc=-18deg | v=0.220 w=-0.344 | thoang=0.50m
[decoded_serial_node-3] [INFO] [1791265017.383244682] [bw_dr03_decoded_serial_node]: RECEIVED /cmd_vel: linear.x=0.22, angular.z=-0.34391479492187504
[decoded_serial_node-3] [INFO] [1791265017.383997442] [bw_dr03_decoded_serial_node]: SEND MOTOR CMD: cd eb d7 09 74 46 46 53 53 12 23 00 00
[decoded_serial_node-3] [INFO] [1791265017.449628867] [bw_dr03_decoded_serial_node]: RECEIVED /cmd_vel: linear.x=0.22, angular.z=-0.41997337341308594
[decoded_serial_node-3] [INFO] [1791265017.450448117] [bw_dr03_decoded_serial_node]: SEND MOTOR CMD: cd eb d7 09 74 46 46 53 53 10 25 00 00
[decoded_serial_node-3] [INFO] [1791265017.516419116] [bw_dr03_decoded_serial_node]: RECEIVED /cmd_vel: linear.x=0.22, angular.z=-0.33249001502990727
[decoded_serial_node-3] [INFO] [1791265017.517175438] [bw_dr03_decoded_serial_node]: SEND MOTOR CMD: cd eb d7 09 74 46 46 53 53 12 23 00 00
[decoded_serial_node-3] [INFO] [1791265017.581542368] [bw_dr03_decoded_serial_node]: RECEIVED /cmd_vel: linear.x=0.22, angular.z=-0.2996837556362153
[decoded_serial_node-3] [INFO] [1791265017.582295129] [bw_dr03_decoded_serial_node]: SEND MOTOR CMD: cd eb d7 09 74 46 46 53 53 13 22 00 00
[decoded_serial_node-3] [INFO] [1791265017.648906092] [bw_dr03_decoded_serial_node]: RECEIVED /cmd_vel: linear.x=0.22, angular.z=-0.2873814083635807
[decoded_serial_node-3] [INFO] [1791265017.649717031] [bw_dr03_decoded_serial_node]: SEND MOTOR CMD: cd eb d7 09 74 46 46 53 53 13 21 00 00
[decoded_serial_node-3] [INFO] [1791265017.717629295] [bw_dr03_decoded_serial_node]: RECEIVED /cmd_vel: linear.x=0.22, angular.z=-0.28276802813634283
[decoded_serial_node-3] [INFO] [1791265017.718392741] [bw_dr03_decoded_serial_node]: SEND MOTOR CMD: cd eb d7 09 74 46 46 53 53 14 21 00 00
[decoded_serial_node-3] [INFO] [1791265017.783423383] [bw_dr03_decoded_serial_node]: RECEIVED /cmd_vel: linear.x=0.22, angular.z=-0.28103801055112854
[decoded_serial_node-3] [INFO] [1791265017.784186829] [bw_dr03_decoded_serial_node]: SEND MOTOR CMD: cd eb d7 09 74 46 46 53 53 14 21 00 00
[decoded_serial_node-3] [INFO] [1791265017.849343327] [bw_dr03_decoded_serial_node]: RECEIVED /cmd_vel: linear.x=0.22, angular.z=-0.1604541296161187
[decoded_serial_node-3] [INFO] [1791265017.850111522] [bw_dr03_decoded_serial_node]: SEND MOTOR CMD: cd eb d7 09 74 46 46 53 53 17 1e 00 00
[decoded_serial_node-3] [INFO] [1791265017.915287017] [bw_dr03_decoded_serial_node]: RECEIVED /cmd_vel: linear.x=0.22, angular.z=-0.25
[decoded_serial_node-3] [INFO] [1791265017.916038590] [bw_dr03_decoded_serial_node]: SEND MOTOR CMD: cd eb d7 09 74 46 46 53 53 14 21 00 00
[decoded_serial_node-3] [INFO] [1791265017.980995618] [bw_dr03_decoded_serial_node]: RECEIVED /cmd_vel: linear.x=0.22, angular.z=-0.14687499999999998
[decoded_serial_node-3] [INFO] [1791265017.981963282] [bw_dr03_decoded_serial_node]: SEND MOTOR CMD: cd eb d7 09 74 46 46 53 53 17 1e 00 00
[decoded_serial_node-3] [INFO] [1791265018.048083882] [bw_dr03_decoded_serial_node]: RECEIVED /cmd_vel: linear.x=0.19666666666666666, angular.z=-0.125
[decoded_serial_node-3] [INFO] [1791265018.048882948] [bw_dr03_decoded_serial_node]: SEND MOTOR CMD: cd eb d7 09 74 46 46 53 53 15 1b 00 00
[decoded_serial_node-3] [INFO] [1791265018.115522406] [bw_dr03_decoded_serial_node]: RECEIVED /cmd_vel: linear.x=0.18694444444444444, angular.z=-0.125
[decoded_serial_node-3] [INFO] [1791265018.116351155] [bw_dr03_decoded_serial_node]: SEND MOTOR CMD: cd eb d7 09 74 46 46 53 53 13 19 00 00
[decoded_serial_node-3] [INFO] [1791265018.183092722] [bw_dr03_decoded_serial_node]: RECEIVED /cmd_vel: linear.x=0.18532407407407406, angular.z=0.0
[decoded_serial_node-3] [INFO] [1791265018.183882289] [bw_dr03_decoded_serial_node]: SEND MOTOR CMD: cd eb d7 09 74 46 46 53 53 16 16 00 00
[decoded_serial_node-3] [INFO] [1791265018.249361737] [bw_dr03_decoded_serial_node]: RECEIVED /cmd_vel: linear.x=0.18505401234567903, angular.z=0.0
[decoded_serial_node-3] [INFO] [1791265018.250176238] [bw_dr03_decoded_serial_node]: SEND MOTOR CMD: cd eb d7 09 74 46 46 53 53 16 16 00 00
[decoded_serial_node-3] [INFO] [1791265018.315380227] [bw_dr03_decoded_serial_node]: RECEIVED /cmd_vel: linear.x=0.1617206790123457, angular.z=0.0
[decoded_serial_node-3] [INFO] [1791265018.316170982] [bw_dr03_decoded_serial_node]: SEND MOTOR CMD: cd eb d7 09 74 46 46 53 53 13 13 00 00
[follow_planner-6] [INFO] [1791265018.377509061] [follow_planner_node]: [FOLLOW] bam nguoi | d=1.13m goc=-6deg | v=0.138 w=-0.125 | thoang=0.72m
[decoded_serial_node-3] [INFO] [1791265018.378240450] [bw_dr03_decoded_serial_node]: RECEIVED /cmd_vel: linear.x=0.1383873456790124, angular.z=-0.125
[decoded_serial_node-3] [INFO] [1791265018.379095319] [bw_dr03_decoded_serial_node]: SEND MOTOR CMD: cd eb d7 09 74 46 46 53 53 0d 13 00 00
[decoded_serial_node-3] [INFO] [1791265018.423252895] [bw_dr03_decoded_serial_node]: RECEIVED /cmd_vel: linear.x=0.11505401234567907, angular.z=-0.23782000000000003
[decoded_serial_node-3] [INFO] [1791265018.424027027] [bw_dr03_decoded_serial_node]: SEND MOTOR CMD: cd eb d7 09 74 46 46 53 53 08 13 00 00
[decoded_serial_node-3] [INFO] [1791265018.490166624] [bw_dr03_decoded_serial_node]: RECEIVED /cmd_vel: linear.x=0.09172067901234573, angular.z=-0.23782000000000003
[decoded_serial_node-3] [INFO] [1791265018.490932444] [bw_dr03_decoded_serial_node]: SEND MOTOR CMD: cd eb d7 09 74 46 46 53 53 05 11 00 00
[decoded_serial_node-3] [INFO] [1791265018.557270324] [bw_dr03_decoded_serial_node]: RECEIVED /cmd_vel: linear.x=0.0683873456790124, angular.z=-0.39782000000000006
[decoded_serial_node-3] [INFO] [1791265018.558120444] [bw_dr03_decoded_serial_node]: SEND MOTOR CMD: cd eb d7 09 74 42 46 53 53 05 12 00 00
[decoded_serial_node-3] [INFO] [1791265018.623926404] [bw_dr03_decoded_serial_node]: RECEIVED /cmd_vel: linear.x=0.04505401234567907, angular.z=-0.5578200000000001
[decoded_serial_node-3] [INFO] [1791265018.624761089] [bw_dr03_decoded_serial_node]: SEND MOTOR CMD: cd eb d7 09 74 42 46 53 53 08 13 00 00
[decoded_serial_node-3] [INFO] [1791265018.690208479] [bw_dr03_decoded_serial_node]: RECEIVED /cmd_vel: linear.x=0.035, angular.z=-0.7178200000000001
[decoded_serial_node-3] [INFO] [1791265018.691009920] [bw_dr03_decoded_serial_node]: SEND MOTOR CMD: cd eb d7 09 74 42 46 53 53 0d 15 00 00
[decoded_serial_node-3] [INFO] [1791265018.756992791] [bw_dr03_decoded_serial_node]: RECEIVED /cmd_vel: linear.x=0.0, angular.z=-0.8778200000000002
[decoded_serial_node-3] [INFO] [1791265018.757736052] [bw_dr03_decoded_serial_node]: SEND MOTOR CMD: cd eb d7 09 74 42 46 53 53 15 15 00 00
[decoded_serial_node-3] [INFO] [1791265018.823879211] [bw_dr03_decoded_serial_node]: RECEIVED /cmd_vel: linear.x=0.0, angular.z=-0.9
[decoded_serial_node-3] [INFO] [1791265018.824666403] [bw_dr03_decoded_serial_node]: SEND MOTOR CMD: cd eb d7 09 74 42 46 53 53 15 15 00 00
[decoded_serial_node-3] [INFO] [1791265018.890304952] [bw_dr03_decoded_serial_node]: RECEIVED /cmd_vel: linear.x=0.0, angular.z=-0.9
[decoded_serial_node-3] [INFO] [1791265018.891090957] [bw_dr03_decoded_serial_node]: SEND MOTOR CMD: cd eb d7 09 74 42 46 53 53 15 15 00 00
[decoded_serial_node-3] [INFO] [1791265018.957118946] [bw_dr03_decoded_serial_node]: RECEIVED /cmd_vel: linear.x=0.0, angular.z=-0.9
[decoded_serial_node-3] [INFO] [1791265018.957882392] [bw_dr03_decoded_serial_node]: SEND MOTOR CMD: cd eb d7 09 74 42 46 53 53 15 15 00 00
[decoded_serial_node-3] [INFO] [1791265019.023598116] [bw_dr03_decoded_serial_node]: RECEIVED /cmd_vel: linear.x=0.0, angular.z=-0.9
[decoded_serial_node-3] [INFO] [1791265019.024365124] [bw_dr03_decoded_serial_node]: SEND MOTOR CMD: cd eb d7 09 74 42 46 53 53 15 15 00 00
[decoded_serial_node-3] [INFO] [1791265019.090198392] [bw_dr03_decoded_serial_node]: RECEIVED /cmd_vel: linear.x=0.0, angular.z=-0.9
[decoded_serial_node-3] [INFO] [1791265019.090947590] [bw_dr03_decoded_serial_node]: SEND MOTOR CMD: cd eb d7 09 74 42 46 53 53 15 15 00 00
[decoded_serial_node-3] [INFO] [1791265019.156386668] [bw_dr03_decoded_serial_node]: RECEIVED /cmd_vel: linear.x=0.0, angular.z=-0.9
[decoded_serial_node-3] [INFO] [1791265019.157116869] [bw_dr03_decoded_serial_node]: SEND MOTOR CMD: cd eb d7 09 74 42 46 53 53 15 15 00 00
[decoded_serial_node-3] [INFO] [1791265019.223325330] [bw_dr03_decoded_serial_node]: RECEIVED /cmd_vel: linear.x=0.0, angular.z=-0.9
[decoded_serial_node-3] [INFO] [1791265019.224073341] [bw_dr03_decoded_serial_node]: SEND MOTOR CMD: cd eb d7 09 74 42 46 53 53 15 15 00 00
[decoded_serial_node-3] [INFO] [1791265019.291837189] [bw_dr03_decoded_serial_node]: RECEIVED /cmd_vel: linear.x=0.0, angular.z=-0.9
[decoded_serial_node-3] [INFO] [1791265019.292607759] [bw_dr03_decoded_serial_node]: SEND MOTOR CMD: cd eb d7 09 74 42 46 53 53 15 15 00 00
[follow_planner-6] [INFO] [1791265019.356028395] [follow_planner_node]: [FOLLOW] canh huong tai cho | d=0.94m goc=-47deg | v=0.000 w=-0.900 | thoang=-
[decoded_serial_node-3] [INFO] [1791265019.356908198] [bw_dr03_decoded_serial_node]: RECEIVED /cmd_vel: linear.x=0.0, angular.z=-0.9
[decoded_serial_node-3] [INFO] [1791265019.357707264] [bw_dr03_decoded_serial_node]: SEND MOTOR CMD: cd eb d7 09 74 42 46 53 53 15 15 00 00
[decoded_serial_node-3] [INFO] [1791265019.423792244] [bw_dr03_decoded_serial_node]: RECEIVED /cmd_vel: linear.x=0.0, angular.z=-0.9
[decoded_serial_node-3] [INFO] [1791265019.424600808] [bw_dr03_decoded_serial_node]: SEND MOTOR CMD: cd eb d7 09 74 42 46 53 53 15 15 00 00
[decoded_serial_node-3] [INFO] [1791265019.490185926] [bw_dr03_decoded_serial_node]: RECEIVED /cmd_vel: linear.x=0.0, angular.z=-0.9
[decoded_serial_node-3] [INFO] [1791265019.490920877] [bw_dr03_decoded_serial_node]: SEND MOTOR CMD: cd eb d7 09 74 42 46 53 53 15 15 00 00
[decoded_serial_node-3] [INFO] [1791265019.557221948] [bw_dr03_decoded_serial_node]: RECEIVED /cmd_vel: linear.x=0.0, angular.z=-0.9
[decoded_serial_node-3] [INFO] [1791265019.558292910] [bw_dr03_decoded_serial_node]: SEND MOTOR CMD: cd eb d7 09 74 42 46 53 53 15 15 00 00
[decoded_serial_node-3] [INFO] [1791265019.623561014] [bw_dr03_decoded_serial_node]: RECEIVED /cmd_vel: linear.x=0.0, angular.z=-0.9
[decoded_serial_node-3] [INFO] [1791265019.624314961] [bw_dr03_decoded_serial_node]: SEND MOTOR CMD: cd eb d7 09 74 42 46 53 53 15 15 00 00
[decoded_serial_node-3] [INFO] [1791265019.690161290] [bw_dr03_decoded_serial_node]: RECEIVED /cmd_vel: linear.x=0.0, angular.z=-0.9
[decoded_serial_node-3] [INFO] [1791265019.690884367] [bw_dr03_decoded_serial_node]: SEND MOTOR CMD: cd eb d7 09 74 42 46 53 53 15 15 00 00
[decoded_serial_node-3] [INFO] [1791265019.757823029] [bw_dr03_decoded_serial_node]: RECEIVED /cmd_vel: linear.x=0.0, angular.z=-0.9
[decoded_serial_node-3] [INFO] [1791265019.758858371] [bw_dr03_decoded_serial_node]: SEND MOTOR CMD: cd eb d7 09 74 42 46 53 53 15 15 00 00
[decoded_serial_node-3] [INFO] [1791265019.823425957] [bw_dr03_decoded_serial_node]: RECEIVED /cmd_vel: linear.x=0.0, angular.z=-0.9
[decoded_serial_node-3] [INFO] [1791265019.824196527] [bw_dr03_decoded_serial_node]: SEND MOTOR CMD: cd eb d7 09 74 42 46 53 53 15 15 00 00
[decoded_serial_node-3] [INFO] [1791265019.890849045] [bw_dr03_decoded_serial_node]: RECEIVED /cmd_vel: linear.x=0.0, angular.z=-0.9
[decoded_serial_node-3] [INFO] [1791265019.891613678] [bw_dr03_decoded_serial_node]: SEND MOTOR CMD: cd eb d7 09 74 42 46 53 53 15 15 00 00
[decoded_serial_node-3] [INFO] [1791265019.956562394] [bw_dr03_decoded_serial_node]: RECEIVED /cmd_vel: linear.x=0.0, angular.z=-0.9
[decoded_serial_node-3] [INFO] [1791265019.957608422] [bw_dr03_decoded_serial_node]: SEND MOTOR CMD: cd eb d7 09 74 42 46 53 53 15 15 00 00
[decoded_serial_node-3] [INFO] [1791265020.023632848] [bw_dr03_decoded_serial_node]: RECEIVED /cmd_vel: linear.x=0.0, angular.z=-0.9
[decoded_serial_node-3] [INFO] [1791265020.024389170] [bw_dr03_decoded_serial_node]: SEND MOTOR CMD: cd eb d7 09 74 42 46 53 53 15 15 00 00
[decoded_serial_node-3] [INFO] [1791265020.090228374] [bw_dr03_decoded_serial_node]: RECEIVED /cmd_vel: linear.x=0.0, angular.z=-0.9
[decoded_serial_node-3] [INFO] [1791265020.090958575] [bw_dr03_decoded_serial_node]: SEND MOTOR CMD: cd eb d7 09 74 42 46 53 53 15 15 00 00
[decoded_serial_node-3] [INFO] [1791265020.158749731] [bw_dr03_decoded_serial_node]: RECEIVED /cmd_vel: linear.x=0.0, angular.z=-0.9
[decoded_serial_node-3] [INFO] [1791265020.159504866] [bw_dr03_decoded_serial_node]: SEND MOTOR CMD: cd eb d7 09 74 42 46 53 53 15 15 00 00
[decoded_serial_node-3] [INFO] [1791265020.223105974] [bw_dr03_decoded_serial_node]: RECEIVED /cmd_vel: linear.x=0.0, angular.z=-0.9
[decoded_serial_node-3] [INFO] [1791265020.223844486] [bw_dr03_decoded_serial_node]: SEND MOTOR CMD: cd eb d7 09 74 42 46 53 53 15 15 00 00
[decoded_serial_node-3] [INFO] [1791265020.290729718] [bw_dr03_decoded_serial_node]: RECEIVED /cmd_vel: linear.x=0.0, angular.z=-0.9
[decoded_serial_node-3] [INFO] [1791265020.291518098] [bw_dr03_decoded_serial_node]: SEND MOTOR CMD: cd eb d7 09 74 42 46 53 53 15 15 00 00
[decoded_serial_node-3] [INFO] [1791265020.364094149] [bw_dr03_decoded_serial_node]: RECEIVED /cmd_vel: linear.x=0.0, angular.z=-0.9
[decoded_serial_node-3] [INFO] [1791265020.364894401] [bw_dr03_decoded_serial_node]: SEND MOTOR CMD: cd eb d7 09 74 42 46 53 53 15 15 00 00
[follow_planner-6] [INFO] [1791265020.422745324] [follow_planner_node]: [FOLLOW] canh huong tai cho | d=0.70m goc=-38deg | v=0.000 w=-0.900 | thoang=-
[decoded_serial_node-3] [INFO] [1791265020.423859029] [bw_dr03_decoded_serial_node]: RECEIVED /cmd_vel: linear.x=0.0, angular.z=-0.9
[decoded_serial_node-3] [INFO] [1791265020.425036850] [bw_dr03_decoded_serial_node]: SEND MOTOR CMD: cd eb d7 09 74 42 46 53 53 15 15 00 00
[decoded_serial_node-3] [INFO] [1791265020.491532641] [bw_dr03_decoded_serial_node]: RECEIVED /cmd_vel: linear.x=0.0, angular.z=-0.9
[decoded_serial_node-3] [INFO] [1791265020.492296087] [bw_dr03_decoded_serial_node]: SEND MOTOR CMD: cd eb d7 09 74 42 46 53 53 15 15 00 00
[decoded_serial_node-3] [INFO] [1791265020.565558408] [bw_dr03_decoded_serial_node]: RECEIVED /cmd_vel: linear.x=0.0, angular.z=-0.9
[decoded_serial_node-3] [INFO] [1791265020.566337289] [bw_dr03_decoded_serial_node]: SEND MOTOR CMD: cd eb d7 09 74 42 46 53 53 15 15 00 00
[decoded_serial_node-3] [INFO] [1791265020.623351152] [bw_dr03_decoded_serial_node]: RECEIVED /cmd_vel: linear.x=0.0, angular.z=-0.9
[decoded_serial_node-3] [INFO] [1791265020.624115786] [bw_dr03_decoded_serial_node]: SEND MOTOR CMD: cd eb d7 09 74 42 46 53 53 15 15 00 00
[decoded_serial_node-3] [INFO] [1791265020.691562619] [bw_dr03_decoded_serial_node]: RECEIVED /cmd_vel: linear.x=0.0, angular.z=-0.9
[decoded_serial_node-3] [INFO] [1791265020.692322503] [bw_dr03_decoded_serial_node]: SEND MOTOR CMD: cd eb d7 09 74 42 46 53 53 15 15 00 00
[decoded_serial_node-3] [INFO] [1791265020.756853282] [bw_dr03_decoded_serial_node]: RECEIVED /cmd_vel: linear.x=0.0, angular.z=-0.9
[decoded_serial_node-3] [INFO] [1791265020.757609604] [bw_dr03_decoded_serial_node]: SEND MOTOR CMD: cd eb d7 09 74 42 46 53 53 15 15 00 00
[follow_planner-6] [INFO] [1791265020.758210387] [follow_planner_node]: self-filter: bo 13/207 tia dap vao than xe
[decoded_serial_node-3] [INFO] [1791265020.824373729] [bw_dr03_decoded_serial_node]: RECEIVED /cmd_vel: linear.x=0.0, angular.z=-0.9
[decoded_serial_node-3] [INFO] [1791265020.825125302] [bw_dr03_decoded_serial_node]: SEND MOTOR CMD: cd eb d7 09 74 42 46 53 53 15 15 00 00
[decoded_serial_node-3] [INFO] [1791265020.890171377] [bw_dr03_decoded_serial_node]: RECEIVED /cmd_vel: linear.x=0.0, angular.z=-0.9
[decoded_serial_node-3] [INFO] [1791265020.890914639] [bw_dr03_decoded_serial_node]: SEND MOTOR CMD: cd eb d7 09 74 42 46 53 53 15 15 00 00
[decoded_serial_node-3] [INFO] [1791265020.957662141] [bw_dr03_decoded_serial_node]: RECEIVED /cmd_vel: linear.x=0.0, angular.z=-0.9
[decoded_serial_node-3] [INFO] [1791265020.958422025] [bw_dr03_decoded_serial_node]: SEND MOTOR CMD: cd eb d7 09 74 42 46 53 53 15 15 00 00
[decoded_serial_node-3] [INFO] [1791265021.023494221] [bw_dr03_decoded_serial_node]: RECEIVED /cmd_vel: linear.x=0.0, angular.z=-0.9
[decoded_serial_node-3] [INFO] [1791265021.024318220] [bw_dr03_decoded_serial_node]: SEND MOTOR CMD: cd eb d7 09 74 42 46 53 53 15 15 00 00
[decoded_serial_node-3] [INFO] [1791265021.090282092] [bw_dr03_decoded_serial_node]: RECEIVED /cmd_vel: linear.x=0.0, angular.z=-0.9
[decoded_serial_node-3] [INFO] [1791265021.091082345] [bw_dr03_decoded_serial_node]: SEND MOTOR CMD: cd eb d7 09 74 42 46 53 53 15 15 00 00
[decoded_serial_node-3] [INFO] [1791265021.156459681] [bw_dr03_decoded_serial_node]: RECEIVED /cmd_vel: linear.x=0.0, angular.z=-0.9
[decoded_serial_node-3] [INFO] [1791265021.157218378] [bw_dr03_decoded_serial_node]: SEND MOTOR CMD: cd eb d7 09 74 42 46 53 53 15 15 00 00
[decoded_serial_node-3] [INFO] [1791265021.223501638] [bw_dr03_decoded_serial_node]: RECEIVED /cmd_vel: linear.x=0.0, angular.z=-0.9
[decoded_serial_node-3] [INFO] [1791265021.224263897] [bw_dr03_decoded_serial_node]: SEND MOTOR CMD: cd eb d7 09 74 42 46 53 53 15 15 00 00
[decoded_serial_node-3] [INFO] [1791265021.289655481] [bw_dr03_decoded_serial_node]: RECEIVED /cmd_vel: linear.x=0.0, angular.z=-0.9
[decoded_serial_node-3] [INFO] [1791265021.290411803] [bw_dr03_decoded_serial_node]: SEND MOTOR CMD: cd eb d7 09 74 42 46 53 53 15 15 00 00
[decoded_serial_node-3] [INFO] [1791265021.356383986] [bw_dr03_decoded_serial_node]: RECEIVED /cmd_vel: linear.x=0.0, angular.z=-0.9
[decoded_serial_node-3] [INFO] [1791265021.357136746] [bw_dr03_decoded_serial_node]: SEND MOTOR CMD: cd eb d7 09 74 42 46 53 53 15 15 00 00
[follow_planner-6] [INFO] [1791265021.422472526] [follow_planner_node]: [FOLLOW] canh huong tai cho | d=0.83m goc=-49deg | v=0.000 w=-0.900 | thoang=-
[decoded_serial_node-3] [INFO] [1791265021.423666969] [bw_dr03_decoded_serial_node]: RECEIVED /cmd_vel: linear.x=0.0, angular.z=-0.9
[decoded_serial_node-3] [INFO] [1791265021.424455349] [bw_dr03_decoded_serial_node]: SEND MOTOR CMD: cd eb d7 09 74 42 46 53 53 15 15 00 00
[decoded_serial_node-3] [INFO] [1791265021.489991786] [bw_dr03_decoded_serial_node]: RECEIVED /cmd_vel: linear.x=0.0, angular.z=-0.9
[decoded_serial_node-3] [INFO] [1791265021.490792039] [bw_dr03_decoded_serial_node]: SEND MOTOR CMD: cd eb d7 09 74 42 46 53 53 15 15 00 00
[decoded_serial_node-3] [INFO] [1791265021.556850896] [bw_dr03_decoded_serial_node]: RECEIVED /cmd_vel: linear.x=0.0, angular.z=-0.9
[decoded_serial_node-3] [INFO] [1791265021.557686768] [bw_dr03_decoded_serial_node]: SEND MOTOR CMD: cd eb d7 09 74 42 46 53 53 15 15 00 00
[decoded_serial_node-3] [INFO] [1791265021.623603147] [bw_dr03_decoded_serial_node]: RECEIVED /cmd_vel: linear.x=0.0, angular.z=-0.9
[decoded_serial_node-3] [INFO] [1791265021.624379654] [bw_dr03_decoded_serial_node]: SEND MOTOR CMD: cd eb d7 09 74 42 46 53 53 15 15 00 00
[decoded_serial_node-3] [INFO] [1791265021.690239042] [bw_dr03_decoded_serial_node]: RECEIVED /cmd_vel: linear.x=0.0, angular.z=-0.74
[decoded_serial_node-3] [INFO] [1791265021.691027421] [bw_dr03_decoded_serial_node]: SEND MOTOR CMD: cd eb d7 09 74 42 46 53 53 12 12 00 00
[decoded_serial_node-3] [INFO] [1791265021.757069656] [bw_dr03_decoded_serial_node]: RECEIVED /cmd_vel: linear.x=0.0, angular.z=-0.58
[decoded_serial_node-3] [INFO] [1791265021.757810543] [bw_dr03_decoded_serial_node]: SEND MOTOR CMD: cd eb d7 09 74 42 46 53 53 0e 0e 00 00
[decoded_serial_node-3] [INFO] [1791265021.826380580] [bw_dr03_decoded_serial_node]: RECEIVED /cmd_vel: linear.x=0.0, angular.z=-0.74
[decoded_serial_node-3] [INFO] [1791265021.827443230] [bw_dr03_decoded_serial_node]: SEND MOTOR CMD: cd eb d7 09 74 42 46 53 53 12 12 00 00
[decoded_serial_node-3] [INFO] [1791265021.889963877] [bw_dr03_decoded_serial_node]: RECEIVED /cmd_vel: linear.x=0.0, angular.z=-0.9
[decoded_serial_node-3] [INFO] [1791265021.891220060] [bw_dr03_decoded_serial_node]: SEND MOTOR CMD: cd eb d7 09 74 42 46 53 53 15 15 00 00
[decoded_serial_node-3] [INFO] [1791265021.956462042] [bw_dr03_decoded_serial_node]: RECEIVED /cmd_vel: linear.x=0.0, angular.z=-0.9
[decoded_serial_node-3] [INFO] [1791265021.957226676] [bw_dr03_decoded_serial_node]: SEND MOTOR CMD: cd eb d7 09 74 42 46 53 53 15 15 00 00
[decoded_serial_node-3] [INFO] [1791265022.023382893] [bw_dr03_decoded_serial_node]: RECEIVED /cmd_vel: linear.x=0.0, angular.z=-0.9
[decoded_serial_node-3] [INFO] [1791265022.024190269] [bw_dr03_decoded_serial_node]: SEND MOTOR CMD: cd eb d7 09 74 42 46 53 53 15 15 00 00
[decoded_serial_node-3] [INFO] [1791265022.090377356] [bw_dr03_decoded_serial_node]: RECEIVED /cmd_vel: linear.x=0.0, angular.z=-0.9
[decoded_serial_node-3] [INFO] [1791265022.091146739] [bw_dr03_decoded_serial_node]: SEND MOTOR CMD: cd eb d7 09 74 42 46 53 53 15 15 00 00
[decoded_serial_node-3] [INFO] [1791265022.178538153] [bw_dr03_decoded_serial_node]: RECEIVED /cmd_vel: linear.x=0.035, angular.z=-0.74
[decoded_serial_node-3] [INFO] [1791265022.179412019] [bw_dr03_decoded_serial_node]: SEND MOTOR CMD: cd eb d7 09 74 42 46 53 53 0d 16 00 00
[decoded_serial_node-3] [INFO] [1791265022.241420931] [bw_dr03_decoded_serial_node]: RECEIVED /cmd_vel: linear.x=0.04666666666666666, angular.z=-0.7262500000000001
[decoded_serial_node-3] [INFO] [1791265022.242180815] [bw_dr03_decoded_serial_node]: SEND MOTOR CMD: cd eb d7 09 74 42 46 53 53 0b 17 00 00
[decoded_serial_node-3] [INFO] [1791265022.308502069] [bw_dr03_decoded_serial_node]: RECEIVED /cmd_vel: linear.x=0.06999999999999999, angular.z=-0.56625
[decoded_serial_node-3] [INFO] [1791265022.309324881] [bw_dr03_decoded_serial_node]: SEND MOTOR CMD: cd eb d7 09 74 42 46 53 53 05 16 00 00
[decoded_serial_node-3] [INFO] [1791265022.373251313] [bw_dr03_decoded_serial_node]: RECEIVED /cmd_vel: linear.x=0.09333333333333332, angular.z=-0.48945312500000004
[decoded_serial_node-3] [INFO] [1791265022.374005261] [bw_dr03_decoded_serial_node]: SEND MOTOR CMD: cd eb d7 09 74 53 46 53 53 1e 17 00 00
[decoded_serial_node-3] [INFO] [1791265022.423487960] [bw_dr03_decoded_serial_node]: RECEIVED /cmd_vel: linear.x=0.06999999999999999, angular.z=-0.329453125
[decoded_serial_node-3] [INFO] [1791265022.424514990] [bw_dr03_decoded_serial_node]: SEND MOTOR CMD: cd eb d7 09 74 53 46 53 53 1e 10 00 00
[follow_planner-6] [INFO] [1791265022.506770063] [follow_planner_node]: [FOLLOW] bam nguoi | d=1.58m goc=-17deg | v=0.093 w=-0.299 | thoang=0.56m
[decoded_serial_node-3] [INFO] [1791265022.507410028] [bw_dr03_decoded_serial_node]: RECEIVED /cmd_vel: linear.x=0.09333333333333332, angular.z=-0.29854492187500004
[decoded_serial_node-3] [INFO] [1791265022.508253024] [bw_dr03_decoded_serial_node]: SEND MOTOR CMD: cd eb d7 09 74 46 46 53 53 05 12 00 00
[decoded_serial_node-3] [INFO] [1791265022.576919233] [bw_dr03_decoded_serial_node]: RECEIVED /cmd_vel: linear.x=0.11666666666666665, angular.z=-0.28695434570312506
[decoded_serial_node-3] [INFO] [1791265022.577752730] [bw_dr03_decoded_serial_node]: SEND MOTOR CMD: cd eb d7 09 74 46 46 53 53 07 15 00 00
[decoded_serial_node-3] [INFO] [1791265022.641905940] [bw_dr03_decoded_serial_node]: RECEIVED /cmd_vel: linear.x=0.13999999999999999, angular.z=-0.16304252624511728
[decoded_serial_node-3] [INFO] [1791265022.642689571] [bw_dr03_decoded_serial_node]: SEND MOTOR CMD: cd eb d7 09 74 46 46 53 53 0d 15 00 00
[decoded_serial_node-3] [INFO] [1791265022.690178761] [bw_dr03_decoded_serial_node]: RECEIVED /cmd_vel: linear.x=0.11666666666666665, angular.z=-0.1
[decoded_serial_node-3] [INFO] [1791265022.690927959] [bw_dr03_decoded_serial_node]: SEND MOTOR CMD: cd eb d7 09 74 46 46 53 53 0b 10 00 00
[decoded_serial_node-3] [INFO] [1791265022.756963069] [bw_dr03_decoded_serial_node]: RECEIVED /cmd_vel: linear.x=0.09333333333333332, angular.z=0.15695747375488273
[decoded_serial_node-3] [INFO] [1791265022.757749074] [bw_dr03_decoded_serial_node]: SEND MOTOR CMD: cd eb d7 09 74 46 46 53 53 0f 07 00 00
[decoded_serial_node-3] [INFO] [1791265022.823096727] [bw_dr03_decoded_serial_node]: RECEIVED /cmd_vel: linear.x=0.06999999999999999, angular.z=0.3169574737548827
[decoded_serial_node-3] [INFO] [1791265022.823815055] [bw_dr03_decoded_serial_node]: SEND MOTOR CMD: cd eb d7 09 74 46 53 53 53 10 1e 00 00
[decoded_serial_node-3] [INFO] [1791265022.889908344] [bw_dr03_decoded_serial_node]: RECEIVED /cmd_vel: linear.x=0.04666666666666666, angular.z=0.47695747375488273
[decoded_serial_node-3] [INFO] [1791265022.890732343] [bw_dr03_decoded_serial_node]: SEND MOTOR CMD: cd eb d7 09 74 46 42 53 53 11 05 00 00
[decoded_serial_node-3] [INFO] [1791265022.957140271] [bw_dr03_decoded_serial_node]: RECEIVED /cmd_vel: linear.x=0.035, angular.z=0.6369574737548828
[decoded_serial_node-3] [INFO] [1791265022.957933400] [bw_dr03_decoded_serial_node]: SEND MOTOR CMD: cd eb d7 09 74 46 42 53 53 13 0b 00 00
[decoded_serial_node-3] [INFO] [1791265023.039246928] [bw_dr03_decoded_serial_node]: RECEIVED /cmd_vel: linear.x=0.04666666666666666, angular.z=0.47695747375488273
[decoded_serial_node-3] [INFO] [1791265023.040108922] [bw_dr03_decoded_serial_node]: SEND MOTOR CMD: cd eb d7 09 74 46 42 53 53 11 05 00 00
[decoded_serial_node-3] [INFO] [1791265023.090692265] [bw_dr03_decoded_serial_node]: RECEIVED /cmd_vel: linear.x=0.035, angular.z=0.6369574737548828
[decoded_serial_node-3] [INFO] [1791265023.091473520] [bw_dr03_decoded_serial_node]: SEND MOTOR CMD: cd eb d7 09 74 46 42 53 53 13 0b 00 00
[decoded_serial_node-3] [INFO] [1791265023.157218924] [bw_dr03_decoded_serial_node]: RECEIVED /cmd_vel: linear.x=0.0, angular.z=0.7969574737548828
[decoded_serial_node-3] [INFO] [1791265023.157990681] [bw_dr03_decoded_serial_node]: SEND MOTOR CMD: cd eb d7 09 74 46 42 53 53 13 13 00 00
[decoded_serial_node-3] [INFO] [1791265023.225024326] [bw_dr03_decoded_serial_node]: RECEIVED /cmd_vel: linear.x=0.0, angular.z=0.8
[decoded_serial_node-3] [INFO] [1791265023.225828141] [bw_dr03_decoded_serial_node]: SEND MOTOR CMD: cd eb d7 09 74 46 42 53 53 13 13 00 00
[decoded_serial_node-3] [INFO] [1791265023.290523955] [bw_dr03_decoded_serial_node]: RECEIVED /cmd_vel: linear.x=0.0, angular.z=0.8
[decoded_serial_node-3] [INFO] [1791265023.291337268] [bw_dr03_decoded_serial_node]: SEND MOTOR CMD: cd eb d7 09 74 46 42 53 53 13 13 00 00
[decoded_serial_node-3] [INFO] [1791265023.359266151] [bw_dr03_decoded_serial_node]: RECEIVED /cmd_vel: linear.x=0.035, angular.z=0.64
[decoded_serial_node-3] [INFO] [1791265023.360080652] [bw_dr03_decoded_serial_node]: SEND MOTOR CMD: cd eb d7 09 74 46 42 53 53 13 0b 00 00
[decoded_serial_node-3] [INFO] [1791265023.423484663] [bw_dr03_decoded_serial_node]: RECEIVED /cmd_vel: linear.x=0.0, angular.z=0.8
[decoded_serial_node-3] [INFO] [1791265023.424314599] [bw_dr03_decoded_serial_node]: SEND MOTOR CMD: cd eb d7 09 74 46 42 53 53 13 13 00 00
[follow_planner-6] [INFO] [1791265023.489650377] [follow_planner_node]: [FOLLOW] chui khe hep — vao truc giua khe (lech 1.31m) | d=1.50m goc=-17deg | v=0.000 w=0.800 | thoang=-
[decoded_serial_node-3] [INFO] [1791265023.496058337] [bw_dr03_decoded_serial_node]: RECEIVED /cmd_vel: linear.x=0.0, angular.z=0.8
[decoded_serial_node-3] [INFO] [1791265023.496807535] [bw_dr03_decoded_serial_node]: SEND MOTOR CMD: cd eb d7 09 74 46 42 53 53 13 13 00 00
[decoded_serial_node-3] [INFO] [1791265023.557020033] [bw_dr03_decoded_serial_node]: RECEIVED /cmd_vel: linear.x=0.035, angular.z=0.64
[decoded_serial_node-3] [INFO] [1791265023.557762108] [bw_dr03_decoded_serial_node]: SEND MOTOR CMD: cd eb d7 09 74 46 42 53 53 13 0b 00 00
[decoded_serial_node-3] [INFO] [1791265023.644335458] [bw_dr03_decoded_serial_node]: RECEIVED /cmd_vel: linear.x=0.04666666666666666, angular.z=0.48
[decoded_serial_node-3] [INFO] [1791265023.645142834] [bw_dr03_decoded_serial_node]: SEND MOTOR CMD: cd eb d7 09 74 46 42 53 53 11 05 00 00
[decoded_serial_node-3] [INFO] [1791265023.711378601] [bw_dr03_decoded_serial_node]: RECEIVED /cmd_vel: linear.x=0.06999999999999999, angular.z=0.31999999999999995
[decoded_serial_node-3] [INFO] [1791265023.712126612] [bw_dr03_decoded_serial_node]: SEND MOTOR CMD: cd eb d7 09 74 46 53 53 53 10 1e 00 00
[decoded_serial_node-3] [INFO] [1791265023.778396810] [bw_dr03_decoded_serial_node]: RECEIVED /cmd_vel: linear.x=0.09333333333333332, angular.z=0.15999999999999995
[decoded_serial_node-3] [INFO] [1791265023.779199438] [bw_dr03_decoded_serial_node]: SEND MOTOR CMD: cd eb d7 09 74 46 46 53 53 0f 07 00 00
[decoded_serial_node-3] [INFO] [1791265023.846661704] [bw_dr03_decoded_serial_node]: RECEIVED /cmd_vel: linear.x=0.11666666666666665, angular.z=0.0
[decoded_serial_node-3] [INFO] [1791265023.847675675] [bw_dr03_decoded_serial_node]: SEND MOTOR CMD: cd eb d7 09 74 46 46 53 53 0e 0e 00 00
[decoded_serial_node-3] [INFO] [1791265023.911513057] [bw_dr03_decoded_serial_node]: RECEIVED /cmd_vel: linear.x=0.13999999999999999, angular.z=-0.16000000000000006
[decoded_serial_node-3] [INFO] [1791265023.912290751] [bw_dr03_decoded_serial_node]: SEND MOTOR CMD: cd eb d7 09 74 46 46 53 53 0d 15 00 00
[decoded_serial_node-3] [INFO] [1791265023.977047118] [bw_dr03_decoded_serial_node]: RECEIVED /cmd_vel: linear.x=0.16333333333333333, angular.z=-0.32000000000000006
[decoded_serial_node-3] [INFO] [1791265023.978046841] [bw_dr03_decoded_serial_node]: SEND MOTOR CMD: cd eb d7 09 74 46 46 53 53 0c 1b 00 00
[decoded_serial_node-3] [INFO] [1791265024.043802930] [bw_dr03_decoded_serial_node]: RECEIVED /cmd_vel: linear.x=0.18333333333333335, angular.z=-0.4800000000000001
[decoded_serial_node-3] [INFO] [1791265024.044572312] [bw_dr03_decoded_serial_node]: SEND MOTOR CMD: cd eb d7 09 74 46 46 53 53 0a 22 00 00
[decoded_serial_node-3] [INFO] [1791265024.108343204] [bw_dr03_decoded_serial_node]: RECEIVED /cmd_vel: linear.x=0.18472222222222223, angular.z=-0.6400000000000001
[decoded_serial_node-3] [INFO] [1791265024.109094777] [bw_dr03_decoded_serial_node]: SEND MOTOR CMD: cd eb d7 09 74 46 46 53 53 07 26 00 00
[decoded_serial_node-3] [INFO] [1791265024.180276913] [bw_dr03_decoded_serial_node]: RECEIVED /cmd_vel: linear.x=0.16138888888888892, angular.z=-0.8000000000000002
[decoded_serial_node-3] [INFO] [1791265024.181142468] [bw_dr03_decoded_serial_node]: SEND MOTOR CMD: cd eb d7 09 74 53 46 53 53 1e 27 00 00
[decoded_serial_node-3] [INFO] [1791265024.243760474] [bw_dr03_decoded_serial_node]: RECEIVED /cmd_vel: linear.x=0.1380555555555556, angular.z=-0.9600000000000002
[decoded_serial_node-3] [INFO] [1791265024.244579724] [bw_dr03_decoded_serial_node]: SEND MOTOR CMD: cd eb d7 09 74 42 46 53 53 06 28 00 00
[decoded_serial_node-3] [INFO] [1791265024.311665610] [bw_dr03_decoded_serial_node]: RECEIVED /cmd_vel: linear.x=0.11472222222222227, angular.z=-1.0
[decoded_serial_node-3] [INFO] [1791265024.312516917] [bw_dr03_decoded_serial_node]: SEND MOTOR CMD: cd eb d7 09 74 42 46 53 53 0a 26 00 00
[decoded_serial_node-3] [INFO] [1791265024.376894529] [bw_dr03_decoded_serial_node]: RECEIVED /cmd_vel: linear.x=0.11, angular.z=-1.0
[decoded_serial_node-3] [INFO] [1791265024.377697156] [bw_dr03_decoded_serial_node]: SEND MOTOR CMD: cd eb d7 09 74 42 46 53 53 0a 25 00 00
[decoded_serial_node-3] [INFO] [1791265024.444369855] [bw_dr03_decoded_serial_node]: RECEIVED /cmd_vel: linear.x=0.11, angular.z=-1.0
[decoded_serial_node-3] [INFO] [1791265024.445119054] [bw_dr03_decoded_serial_node]: SEND MOTOR CMD: cd eb d7 09 74 42 46 53 53 0a 25 00 00
[follow_planner-6] [INFO] [1791265024.510579500] [follow_planner_node]: [FOLLOW] bam nguoi | d=1.24m goc=-51deg | v=0.133 w=-1.000 | thoang=0.54m
[decoded_serial_node-3] [INFO] [1791265024.511384502] [bw_dr03_decoded_serial_node]: RECEIVED /cmd_vel: linear.x=0.13333333333333333, angular.z=-1.0
[decoded_serial_node-3] [INFO] [1791265024.512367602] [bw_dr03_decoded_serial_node]: SEND MOTOR CMD: cd eb d7 09 74 42 46 53 53 08 28 00 00
[decoded_serial_node-3] [INFO] [1791265024.578580809] [bw_dr03_decoded_serial_node]: RECEIVED /cmd_vel: linear.x=0.15666666666666668, angular.z=-1.0
[decoded_serial_node-3] [INFO] [1791265024.579314572] [bw_dr03_decoded_serial_node]: SEND MOTOR CMD: cd eb d7 09 74 42 46 53 53 05 2b 00 00
[decoded_serial_node-3] [INFO] [1791265024.644437820] [bw_dr03_decoded_serial_node]: RECEIVED /cmd_vel: linear.x=0.18, angular.z=-1.0
[decoded_serial_node-3] [INFO] [1791265024.645515905] [bw_dr03_decoded_serial_node]: SEND MOTOR CMD: cd eb d7 09 74 42 46 53 53 05 2e 00 00
[decoded_serial_node-3] [INFO] [1791265024.714768648] [bw_dr03_decoded_serial_node]: RECEIVED /cmd_vel: linear.x=0.2033333333333333, angular.z=-1.0
[decoded_serial_node-3] [INFO] [1791265024.715542780] [bw_dr03_decoded_serial_node]: SEND MOTOR CMD: cd eb d7 09 74 53 46 53 53 1e 31 00 00
[decoded_serial_node-3] [INFO] [1791265024.780642282] [bw_dr03_decoded_serial_node]: RECEIVED /cmd_vel: linear.x=0.22, angular.z=-0.925
[decoded_serial_node-3] [INFO] [1791265024.781707307] [bw_dr03_decoded_serial_node]: SEND MOTOR CMD: cd eb d7 09 74 46 46 53 53 05 31 00 00
[decoded_serial_node-3] [INFO] [1791265024.848626968] [bw_dr03_decoded_serial_node]: RECEIVED /cmd_vel: linear.x=0.22, angular.z=-0.9203125
[decoded_serial_node-3] [INFO] [1791265024.849678932] [bw_dr03_decoded_serial_node]: SEND MOTOR CMD: cd eb d7 09 74 46 46 53 53 05 31 00 00
[decoded_serial_node-3] [INFO] [1791265024.914994526] [bw_dr03_decoded_serial_node]: RECEIVED /cmd_vel: linear.x=0.22, angular.z=-0.7603125
[decoded_serial_node-3] [INFO] [1791265024.916026306] [bw_dr03_decoded_serial_node]: SEND MOTOR CMD: cd eb d7 09 74 46 46 53 53 08 2d 00 00
[decoded_serial_node-3] [INFO] [1791265024.982836734] [bw_dr03_decoded_serial_node]: RECEIVED /cmd_vel: linear.x=0.22, angular.z=-0.6003124999999999
[decoded_serial_node-3] [INFO] [1791265024.983920756] [bw_dr03_decoded_serial_node]: SEND MOTOR CMD: cd eb d7 09 74 46 46 53 53 0c 29 00 00
[decoded_serial_node-3] [INFO] [1791265025.048274621] [bw_dr03_decoded_serial_node]: RECEIVED /cmd_vel: linear.x=0.22, angular.z=-0.4403124999999999
[decoded_serial_node-3] [INFO] [1791265025.049381202] [bw_dr03_decoded_serial_node]: SEND MOTOR CMD: cd eb d7 09 74 46 46 53 53 10 25 00 00
[decoded_serial_node-3] [INFO] [1791265025.119194359] [bw_dr03_decoded_serial_node]: RECEIVED /cmd_vel: linear.x=0.22, angular.z=-0.28031249999999985
[decoded_serial_node-3] [INFO] [1791265025.120234450] [bw_dr03_decoded_serial_node]: SEND MOTOR CMD: cd eb d7 09 74 46 46 53 53 14 21 00 00
[decoded_serial_node-3] [INFO] [1791265025.184141883] [bw_dr03_decoded_serial_node]: RECEIVED /cmd_vel: linear.x=0.22, angular.z=-0.12031249999999985
[decoded_serial_node-3] [INFO] [1791265025.184878021] [bw_dr03_decoded_serial_node]: SEND MOTOR CMD: cd eb d7 09 74 46 46 53 53 18 1d 00 00
[decoded_serial_node-3] [INFO] [1791265025.249840980] [bw_dr03_decoded_serial_node]: RECEIVED /cmd_vel: linear.x=0.22, angular.z=0.1
[decoded_serial_node-3] [INFO] [1791265025.250892944] [bw_dr03_decoded_serial_node]: SEND MOTOR CMD: cd eb d7 09 74 46 46 53 53 1d 18 00 00
[decoded_serial_node-3] [INFO] [1791265025.316418693] [bw_dr03_decoded_serial_node]: RECEIVED /cmd_vel: linear.x=0.22, angular.z=0.19968750000000016
[decoded_serial_node-3] [INFO] [1791265025.317559706] [bw_dr03_decoded_serial_node]: SEND MOTOR CMD: cd eb d7 09 74 46 46 53 53 1f 16 00 00
[decoded_serial_node-3] [INFO] [1791265025.384269211] [bw_dr03_decoded_serial_node]: RECEIVED /cmd_vel: linear.x=0.22, angular.z=0.35968750000000016
[decoded_serial_node-3] [INFO] [1791265025.385010098] [bw_dr03_decoded_serial_node]: SEND MOTOR CMD: cd eb d7 09 74 46 46 53 53 23 12 00 00
[decoded_serial_node-3] [INFO] [1791265025.449267790] [bw_dr03_decoded_serial_node]: RECEIVED /cmd_vel: linear.x=0.22, angular.z=0.42490234375000013
[decoded_serial_node-3] [INFO] [1791265025.450022925] [bw_dr03_decoded_serial_node]: SEND MOTOR CMD: cd eb d7 09 74 46 46 53 53 25 10 00 00
[decoded_serial_node-3] [INFO] [1791265025.515522552] [bw_dr03_decoded_serial_node]: RECEIVED /cmd_vel: linear.x=0.22, angular.z=0.445281982421875
[decoded_serial_node-3] [INFO] [1791265025.516309745] [bw_dr03_decoded_serial_node]: SEND MOTOR CMD: cd eb d7 09 74 46 46 53 53 25 10 00 00
[follow_planner-6] [INFO] [1791265025.580793027] [follow_planner_node]: [FOLLOW] bam nguoi | d=1.28m goc=16deg | v=0.220 w=0.452 | thoang=0.44m
[decoded_serial_node-3] [INFO] [1791265025.581449615] [bw_dr03_decoded_serial_node]: RECEIVED /cmd_vel: linear.x=0.22, angular.z=0.45165061950683594
[decoded_serial_node-3] [INFO] [1791265025.582260553] [bw_dr03_decoded_serial_node]: SEND MOTOR CMD: cd eb d7 09 74 46 46 53 53 25 0f 00 00
[decoded_serial_node-3] [INFO] [1791265025.649953159] [bw_dr03_decoded_serial_node]: RECEIVED /cmd_vel: linear.x=0.22, angular.z=0.45364081859588623
[decoded_serial_node-3] [INFO] [1791265025.650723728] [bw_dr03_decoded_serial_node]: SEND MOTOR CMD: cd eb d7 09 74 46 46 53 53 26 0f 00 00
[decoded_serial_node-3] [INFO] [1791265025.718235861] [bw_dr03_decoded_serial_node]: RECEIVED /cmd_vel: linear.x=0.19666666666666666, angular.z=0.3451153069734574
[decoded_serial_node-3] [INFO] [1791265025.719294950] [bw_dr03_decoded_serial_node]: SEND MOTOR CMD: cd eb d7 09 74 46 46 53 53 20 0f 00 00
[decoded_serial_node-3] [INFO] [1791265025.781722983] [bw_dr03_decoded_serial_node]: RECEIVED /cmd_vel: linear.x=0.17333333333333334, angular.z=0.18848794680088754
[decoded_serial_node-3] [INFO] [1791265025.782795132] [bw_dr03_decoded_serial_node]: SEND MOTOR CMD: cd eb d7 09 74 46 46 53 53 19 10 00 00
[decoded_serial_node-3] [INFO] [1791265025.844263812] [bw_dr03_decoded_serial_node]: RECEIVED /cmd_vel: linear.x=0.15000000000000002, angular.z=0.25
[decoded_serial_node-3] [INFO] [1791265025.845023696] [bw_dr03_decoded_serial_node]: SEND MOTOR CMD: cd eb d7 09 74 46 46 53 53 18 0c 00 00
[decoded_serial_node-3] [INFO] [1791265025.910991127] [bw_dr03_decoded_serial_node]: RECEIVED /cmd_vel: linear.x=0.1266666666666667, angular.z=0.1468750000000001
[decoded_serial_node-3] [INFO] [1791265025.911754573] [bw_dr03_decoded_serial_node]: SEND MOTOR CMD: cd eb d7 09 74 46 46 53 53 13 0b 00 00
[decoded_serial_node-3] [INFO] [1791265025.979485173] [bw_dr03_decoded_serial_node]: RECEIVED /cmd_vel: linear.x=0.10333333333333337, angular.z=0.125
[decoded_serial_node-3] [INFO] [1791265025.980240307] [bw_dr03_decoded_serial_node]: SEND MOTOR CMD: cd eb d7 09 74 46 46 53 53 0f 09 00 00
[decoded_serial_node-3] [INFO] [1791265026.022810434] [bw_dr03_decoded_serial_node]: RECEIVED /cmd_vel: linear.x=0.08000000000000004, angular.z=0.0
[decoded_serial_node-3] [INFO] [1791265026.023548947] [bw_dr03_decoded_serial_node]: SEND MOTOR CMD: cd eb d7 09 74 46 46 53 53 09 09 00 00
[decoded_serial_node-3] [INFO] [1791265026.089912942] [bw_dr03_decoded_serial_node]: RECEIVED /cmd_vel: linear.x=0.05666666666666671, angular.z=0.0
[decoded_serial_node-3] [INFO] [1791265026.090658578] [bw_dr03_decoded_serial_node]: SEND MOTOR CMD: cd eb d7 09 74 46 46 53 53 06 06 00 00
[decoded_serial_node-3] [INFO] [1791265026.156552394] [bw_dr03_decoded_serial_node]: RECEIVED /cmd_vel: linear.x=0.035, angular.z=0.0
[decoded_serial_node-3] [INFO] [1791265026.157615045] [bw_dr03_decoded_serial_node]: SEND MOTOR CMD: cd eb d7 09 74 46 46 53 53 05 05 00 00
[decoded_serial_node-3] [INFO] [1791265026.224097771] [bw_dr03_decoded_serial_node]: RECEIVED /cmd_vel: linear.x=0.035, angular.z=0.0
[decoded_serial_node-3] [INFO] [1791265026.224848157] [bw_dr03_decoded_serial_node]: SEND MOTOR CMD: cd eb d7 09 74 46 46 53 53 05 05 00 00
[decoded_serial_node-3] [INFO] [1791265026.290440394] [bw_dr03_decoded_serial_node]: RECEIVED /cmd_vel: linear.x=0.0, angular.z=0.0
[decoded_serial_node-3] [INFO] [1791265026.291196716] [bw_dr03_decoded_serial_node]: SEND MOTOR CMD: cd eb d7 09 74 53 53 53 53 1e 1e 00 00
[decoded_serial_node-3] [INFO] [1791265026.357231824] [bw_dr03_decoded_serial_node]: RECEIVED /cmd_vel: linear.x=0.0, angular.z=-0.16
[decoded_serial_node-3] [INFO] [1791265026.358042763] [bw_dr03_decoded_serial_node]: SEND MOTOR CMD: cd eb d7 09 74 42 46 53 53 05 05 00 00
[decoded_serial_node-3] [INFO] [1791265026.425059783] [bw_dr03_decoded_serial_node]: RECEIVED /cmd_vel: linear.x=0.0, angular.z=-0.31152
[decoded_serial_node-3] [INFO] [1791265026.425890906] [bw_dr03_decoded_serial_node]: SEND MOTOR CMD: cd eb d7 09 74 42 46 53 53 07 07 00 00
[decoded_serial_node-3] [INFO] [1791265026.491048585] [bw_dr03_decoded_serial_node]: RECEIVED /cmd_vel: linear.x=0.0, angular.z=-0.31218
[decoded_serial_node-3] [INFO] [1791265026.491768100] [bw_dr03_decoded_serial_node]: SEND MOTOR CMD: cd eb d7 09 74 42 46 53 53 07 07 00 00
[decoded_serial_node-3] [INFO] [1791265026.556886598] [bw_dr03_decoded_serial_node]: RECEIVED /cmd_vel: linear.x=0.0, angular.z=-0.30382000000000003
[decoded_serial_node-3] [INFO] [1791265026.557652418] [bw_dr03_decoded_serial_node]: SEND MOTOR CMD: cd eb d7 09 74 42 46 53 53 07 07 00 00
[follow_planner-6] [INFO] [1791265026.623533174] [follow_planner_node]: [FOLLOW] canh huong tai cho | d=1.03m goc=-8deg | v=0.000 w=-0.304 | thoang=-
[decoded_serial_node-3] [INFO] [1791265026.630100234] [bw_dr03_decoded_serial_node]: RECEIVED /cmd_vel: linear.x=0.0, angular.z=-0.30382000000000003
[decoded_serial_node-3] [INFO] [1791265026.630825686] [bw_dr03_decoded_serial_node]: SEND MOTOR CMD: cd eb d7 09 74 42 46 53 53 07 07 00 00
[decoded_serial_node-3] [INFO] [1791265026.691003750] [bw_dr03_decoded_serial_node]: RECEIVED /cmd_vel: linear.x=0.0, angular.z=-0.45298000000000005
[decoded_serial_node-3] [INFO] [1791265026.691738700] [bw_dr03_decoded_serial_node]: SEND MOTOR CMD: cd eb d7 09 74 42 46 53 53 0b 0b 00 00
[decoded_serial_node-3] [INFO] [1791265026.757240702] [bw_dr03_decoded_serial_node]: RECEIVED /cmd_vel: linear.x=0.0, angular.z=-0.6129800000000001
[decoded_serial_node-3] [INFO] [1791265026.758287917] [bw_dr03_decoded_serial_node]: SEND MOTOR CMD: cd eb d7 09 74 42 46 53 53 0e 0e 00 00
[decoded_serial_node-3] [INFO] [1791265026.831816193] [bw_dr03_decoded_serial_node]: RECEIVED /cmd_vel: linear.x=0.0, angular.z=-0.7007000000000001
[decoded_serial_node-3] [INFO] [1791265026.832578452] [bw_dr03_decoded_serial_node]: SEND MOTOR CMD: cd eb d7 09 74 42 46 53 53 11 11 00 00
[decoded_serial_node-3] [INFO] [1791265026.889830962] [bw_dr03_decoded_serial_node]: RECEIVED /cmd_vel: linear.x=0.0, angular.z=-0.8607000000000001
[decoded_serial_node-3] [INFO] [1791265026.890575411] [bw_dr03_decoded_serial_node]: SEND MOTOR CMD: cd eb d7 09 74 42 46 53 53 14 14 00 00
[decoded_serial_node-3] [INFO] [1791265026.956995210] [bw_dr03_decoded_serial_node]: RECEIVED /cmd_vel: linear.x=0.0, angular.z=-0.9
[decoded_serial_node-3] [INFO] [1791265026.958088731] [bw_dr03_decoded_serial_node]: SEND MOTOR CMD: cd eb d7 09 74 42 46 53 53 15 15 00 00
[decoded_serial_node-3] [INFO] [1791265027.023324772] [bw_dr03_decoded_serial_node]: RECEIVED /cmd_vel: linear.x=0.0, angular.z=-0.9
[decoded_serial_node-3] [INFO] [1791265027.024421855] [bw_dr03_decoded_serial_node]: SEND MOTOR CMD: cd eb d7 09 74 42 46 53 53 15 15 00 00
[decoded_serial_node-3] [INFO] [1791265027.090115014] [bw_dr03_decoded_serial_node]: RECEIVED /cmd_vel: linear.x=0.0, angular.z=-0.9
[decoded_serial_node-3] [INFO] [1791265027.091188350] [bw_dr03_decoded_serial_node]: SEND MOTOR CMD: cd eb d7 09 74 42 46 53 53 15 15 00 00
[decoded_serial_node-3] [INFO] [1791265027.156867261] [bw_dr03_decoded_serial_node]: RECEIVED /cmd_vel: linear.x=0.0, angular.z=-0.9
[decoded_serial_node-3] [INFO] [1791265027.157928724] [bw_dr03_decoded_serial_node]: SEND MOTOR CMD: cd eb d7 09 74 42 46 53 53 15 15 00 00
[decoded_serial_node-3] [INFO] [1791265027.223570829] [bw_dr03_decoded_serial_node]: RECEIVED /cmd_vel: linear.x=0.0, angular.z=-0.9
[decoded_serial_node-3] [INFO] [1791265027.224682159] [bw_dr03_decoded_serial_node]: SEND MOTOR CMD: cd eb d7 09 74 42 46 53 53 15 15 00 00
[decoded_serial_node-3] [INFO] [1791265027.289748414] [bw_dr03_decoded_serial_node]: RECEIVED /cmd_vel: linear.x=0.0, angular.z=-0.9
[decoded_serial_node-3] [INFO] [1791265027.290866868] [bw_dr03_decoded_serial_node]: SEND MOTOR CMD: cd eb d7 09 74 42 46 53 53 15 15 00 00
[decoded_serial_node-3] [INFO] [1791265027.357141813] [bw_dr03_decoded_serial_node]: RECEIVED /cmd_vel: linear.x=0.0, angular.z=-0.9
[decoded_serial_node-3] [INFO] [1791265027.357872014] [bw_dr03_decoded_serial_node]: SEND MOTOR CMD: cd eb d7 09 74 42 46 53 53 15 15 00 00
[decoded_serial_node-3] [INFO] [1791265027.424592204] [bw_dr03_decoded_serial_node]: RECEIVED /cmd_vel: linear.x=0.0, angular.z=-0.9
[decoded_serial_node-3] [INFO] [1791265027.425333091] [bw_dr03_decoded_serial_node]: SEND MOTOR CMD: cd eb d7 09 74 42 46 53 53 15 15 00 00
[decoded_serial_node-3] [INFO] [1791265027.490666493] [bw_dr03_decoded_serial_node]: RECEIVED /cmd_vel: linear.x=0.0, angular.z=-0.9
[decoded_serial_node-3] [INFO] [1791265027.491723206] [bw_dr03_decoded_serial_node]: SEND MOTOR CMD: cd eb d7 09 74 42 46 53 53 15 15 00 00
[decoded_serial_node-3] [INFO] [1791265027.557055420] [bw_dr03_decoded_serial_node]: RECEIVED /cmd_vel: linear.x=0.0, angular.z=-0.9
[decoded_serial_node-3] [INFO] [1791265027.558139442] [bw_dr03_decoded_serial_node]: SEND MOTOR CMD: cd eb d7 09 74 42 46 53 53 15 15 00 00
[decoded_serial_node-3] [INFO] [1791265027.623564267] [bw_dr03_decoded_serial_node]: RECEIVED /cmd_vel: linear.x=0.0, angular.z=-0.9
[decoded_serial_node-3] [INFO] [1791265027.624674410] [bw_dr03_decoded_serial_node]: SEND MOTOR CMD: cd eb d7 09 74 42 46 53 53 15 15 00 00
[follow_planner-6] [INFO] [1791265027.689366660] [follow_planner_node]: [FOLLOW] canh huong tai cho | d=0.85m goc=-27deg | v=0.000 w=-0.900 | thoang=-
[decoded_serial_node-3] [INFO] [1791265027.690106359] [bw_dr03_decoded_serial_node]: RECEIVED /cmd_vel: linear.x=0.0, angular.z=-0.9
[decoded_serial_node-3] [INFO] [1791265027.690876929] [bw_dr03_decoded_serial_node]: SEND MOTOR CMD: cd eb d7 09 74 42 46 53 53 15 15 00 00
[decoded_serial_node-3] [INFO] [1791265027.757227863] [bw_dr03_decoded_serial_node]: RECEIVED /cmd_vel: linear.x=0.0, angular.z=-0.9
[decoded_serial_node-3] [INFO] [1791265027.758310698] [bw_dr03_decoded_serial_node]: SEND MOTOR CMD: cd eb d7 09 74 42 46 53 53 15 15 00 00
[decoded_serial_node-3] [INFO] [1791265027.823416134] [bw_dr03_decoded_serial_node]: RECEIVED /cmd_vel: linear.x=0.0, angular.z=-0.9
[decoded_serial_node-3] [INFO] [1791265027.824155833] [bw_dr03_decoded_serial_node]: SEND MOTOR CMD: cd eb d7 09 74 42 46 53 53 15 15 00 00
[decoded_serial_node-3] [INFO] [1791265027.889663771] [bw_dr03_decoded_serial_node]: RECEIVED /cmd_vel: linear.x=0.0, angular.z=-0.9
[decoded_serial_node-3] [INFO] [1791265027.890710986] [bw_dr03_decoded_serial_node]: SEND MOTOR CMD: cd eb d7 09 74 42 46 53 53 15 15 00 00
[decoded_serial_node-3] [INFO] [1791265027.956546623] [bw_dr03_decoded_serial_node]: RECEIVED /cmd_vel: linear.x=0.0, angular.z=-0.9
[decoded_serial_node-3] [INFO] [1791265027.957503602] [bw_dr03_decoded_serial_node]: SEND MOTOR CMD: cd eb d7 09 74 42 46 53 53 15 15 00 00
[decoded_serial_node-3] [INFO] [1791265028.023569579] [bw_dr03_decoded_serial_node]: RECEIVED /cmd_vel: linear.x=0.0, angular.z=-0.9
[decoded_serial_node-3] [INFO] [1791265028.024328276] [bw_dr03_decoded_serial_node]: SEND MOTOR CMD: cd eb d7 09 74 42 46 53 53 15 15 00 00
[decoded_serial_node-3] [INFO] [1791265028.089864708] [bw_dr03_decoded_serial_node]: RECEIVED /cmd_vel: linear.x=0.0, angular.z=-0.9
[decoded_serial_node-3] [INFO] [1791265028.090642402] [bw_dr03_decoded_serial_node]: SEND MOTOR CMD: cd eb d7 09 74 42 46 53 53 15 15 00 00
[decoded_serial_node-3] [INFO] [1791265028.156548090] [bw_dr03_decoded_serial_node]: RECEIVED /cmd_vel: linear.x=0.0, angular.z=-0.9
[decoded_serial_node-3] [INFO] [1791265028.157304412] [bw_dr03_decoded_serial_node]: SEND MOTOR CMD: cd eb d7 09 74 42 46 53 53 15 15 00 00
[decoded_serial_node-3] [INFO] [1791265028.223531864] [bw_dr03_decoded_serial_node]: RECEIVED /cmd_vel: linear.x=0.0, angular.z=-0.9
[decoded_serial_node-3] [INFO] [1791265028.224289374] [bw_dr03_decoded_serial_node]: SEND MOTOR CMD: cd eb d7 09 74 42 46 53 53 15 15 00 00
[decoded_serial_node-3] [INFO] [1791265028.290249679] [bw_dr03_decoded_serial_node]: RECEIVED /cmd_vel: linear.x=0.0, angular.z=-0.9
[decoded_serial_node-3] [INFO] [1791265028.290998877] [bw_dr03_decoded_serial_node]: SEND MOTOR CMD: cd eb d7 09 74 42 46 53 53 15 15 00 00
[decoded_serial_node-3] [INFO] [1791265028.356835701] [bw_dr03_decoded_serial_node]: RECEIVED /cmd_vel: linear.x=0.0, angular.z=-0.9
[decoded_serial_node-3] [INFO] [1791265028.357582524] [bw_dr03_decoded_serial_node]: SEND MOTOR CMD: cd eb d7 09 74 42 46 53 53 15 15 00 00
[decoded_serial_node-3] [INFO] [1791265028.423198507] [bw_dr03_decoded_serial_node]: RECEIVED /cmd_vel: linear.x=0.0, angular.z=-0.76604
[decoded_serial_node-3] [INFO] [1791265028.423918022] [bw_dr03_decoded_serial_node]: SEND MOTOR CMD: cd eb d7 09 74 42 46 53 53 12 12 00 00
[decoded_serial_node-3] [INFO] [1791265028.490778315] [bw_dr03_decoded_serial_node]: RECEIVED /cmd_vel: linear.x=0.0, angular.z=-0.82192
[decoded_serial_node-3] [INFO] [1791265028.491540573] [bw_dr03_decoded_serial_node]: SEND MOTOR CMD: cd eb d7 09 74 42 46 53 53 14 14 00 00
[decoded_serial_node-3] [INFO] [1791265028.556995081] [bw_dr03_decoded_serial_node]: RECEIVED /cmd_vel: linear.x=0.0, angular.z=-0.6765
[decoded_serial_node-3] [INFO] [1791265028.557734780] [bw_dr03_decoded_serial_node]: SEND MOTOR CMD: cd eb d7 09 74 42 46 53 53 10 10 00 00
[decoded_serial_node-3] [INFO] [1791265028.623438625] [bw_dr03_decoded_serial_node]: RECEIVED /cmd_vel: linear.x=0.0, angular.z=-0.74272
[decoded_serial_node-3] [INFO] [1791265028.624487027] [bw_dr03_decoded_serial_node]: SEND MOTOR CMD: cd eb d7 09 74 42 46 53 53 12 12 00 00
[follow_planner-6] [INFO] [1791265028.689347875] [follow_planner_node]: [FOLLOW] canh huong tai cho | d=1.11m goc=-16deg | v=0.000 w=-0.609 | thoang=-
[decoded_serial_node-3] [INFO] [1791265028.690403401] [bw_dr03_decoded_serial_node]: RECEIVED /cmd_vel: linear.x=0.0, angular.z=-0.6087400000000001
[decoded_serial_node-3] [INFO] [1791265028.691405498] [bw_dr03_decoded_serial_node]: SEND MOTOR CMD: cd eb d7 09 74 42 46 53 53 0e 0e 00 00
[decoded_serial_node-3] [INFO] [1791265028.757229262] [bw_dr03_decoded_serial_node]: RECEIVED /cmd_vel: linear.x=0.0, angular.z=-0.6087400000000001
[decoded_serial_node-3] [INFO] [1791265028.758332281] [bw_dr03_decoded_serial_node]: SEND MOTOR CMD: cd eb d7 09 74 42 46 53 53 0e 0e 00 00
[decoded_serial_node-3] [INFO] [1791265028.823942327] [bw_dr03_decoded_serial_node]: RECEIVED /cmd_vel: linear.x=0.0, angular.z=-0.7293000000000001
[decoded_serial_node-3] [INFO] [1791265028.824838753] [bw_dr03_decoded_serial_node]: SEND MOTOR CMD: cd eb d7 09 74 42 46 53 53 11 11 00 00
[decoded_serial_node-3] [INFO] [1791265028.890292073] [bw_dr03_decoded_serial_node]: RECEIVED /cmd_vel: linear.x=0.0, angular.z=-0.58366
[decoded_serial_node-3] [INFO] [1791265028.891106573] [bw_dr03_decoded_serial_node]: SEND MOTOR CMD: cd eb d7 09 74 42 46 53 53 0e 0e 00 00
[decoded_serial_node-3] [INFO] [1791265028.959243234] [bw_dr03_decoded_serial_node]: RECEIVED /cmd_vel: linear.x=0.0, angular.z=-0.74366
[decoded_serial_node-3] [INFO] [1791265028.959958000] [bw_dr03_decoded_serial_node]: SEND MOTOR CMD: cd eb d7 09 74 42 46 53 53 12 12 00 00
[decoded_serial_node-3] [INFO] [1791265029.023727701] [bw_dr03_decoded_serial_node]: RECEIVED /cmd_vel: linear.x=0.0, angular.z=-0.8
[decoded_serial_node-3] [INFO] [1791265029.024472150] [bw_dr03_decoded_serial_node]: SEND MOTOR CMD: cd eb d7 09 74 42 46 53 53 13 13 00 00
[decoded_serial_node-3] [INFO] [1791265029.090247233] [bw_dr03_decoded_serial_node]: RECEIVED /cmd_vel: linear.x=0.0, angular.z=-0.64
[decoded_serial_node-3] [INFO] [1791265029.091037987] [bw_dr03_decoded_serial_node]: SEND MOTOR CMD: cd eb d7 09 74 42 46 53 53 0f 0f 00 00
[decoded_serial_node-3] [INFO] [1791265029.156543549] [bw_dr03_decoded_serial_node]: RECEIVED /cmd_vel: linear.x=0.0, angular.z=-0.6776000000000001
[decoded_serial_node-3] [INFO] [1791265029.157343801] [bw_dr03_decoded_serial_node]: SEND MOTOR CMD: cd eb d7 09 74 42 46 53 53 10 10 00 00
[decoded_serial_node-3] [INFO] [1791265029.223693546] [bw_dr03_decoded_serial_node]: RECEIVED /cmd_vel: linear.x=0.0, angular.z=-0.5962000000000001
[decoded_serial_node-3] [INFO] [1791265029.224486675] [bw_dr03_decoded_serial_node]: SEND MOTOR CMD: cd eb d7 09 74 42 46 53 53 0e 0e 00 00
[decoded_serial_node-3] [INFO] [1791265029.290511095] [bw_dr03_decoded_serial_node]: RECEIVED /cmd_vel: linear.x=0.0, angular.z=-0.56716
[decoded_serial_node-3] [INFO] [1791265029.291257918] [bw_dr03_decoded_serial_node]: SEND MOTOR CMD: cd eb d7 09 74 42 46 53 53 0d 0d 00 00
[decoded_serial_node-3] [INFO] [1791265029.380882672] [bw_dr03_decoded_serial_node]: RECEIVED /cmd_vel: linear.x=0.035, angular.z=-0.40715999999999997
[decoded_serial_node-3] [INFO] [1791265029.381896643] [bw_dr03_decoded_serial_node]: SEND MOTOR CMD: cd eb d7 09 74 42 46 53 53 05 0e 00 00
[decoded_serial_node-3] [INFO] [1791265029.447213420] [bw_dr03_decoded_serial_node]: RECEIVED /cmd_vel: linear.x=0.04666666666666666, angular.z=-0.327685
[decoded_serial_node-3] [INFO] [1791265029.448035045] [bw_dr03_decoded_serial_node]: SEND MOTOR CMD: cd eb d7 09 74 42 46 53 53 05 0d 00 00
[decoded_serial_node-3] [INFO] [1791265029.514385977] [bw_dr03_decoded_serial_node]: RECEIVED /cmd_vel: linear.x=0.06999999999999999, angular.z=-0.4149015625
[decoded_serial_node-3] [INFO] [1791265029.515427256] [bw_dr03_decoded_serial_node]: SEND MOTOR CMD: cd eb d7 09 74 42 46 53 53 05 12 00 00
[decoded_serial_node-3] [INFO] [1791265029.580887699] [bw_dr03_decoded_serial_node]: RECEIVED /cmd_vel: linear.x=0.09333333333333332, angular.z=-0.44215673828125
[decoded_serial_node-3] [INFO] [1791265029.581894545] [bw_dr03_decoded_serial_node]: SEND MOTOR CMD: cd eb d7 09 74 53 46 53 53 1e 16 00 00
[decoded_serial_node-3] [INFO] [1791265029.646960799] [bw_dr03_decoded_serial_node]: RECEIVED /cmd_vel: linear.x=0.11666666666666665, angular.z=-0.34080877685546873
[decoded_serial_node-3] [INFO] [1791265029.648086377] [bw_dr03_decoded_serial_node]: SEND MOTOR CMD: cd eb d7 09 74 46 46 53 53 05 16 00 00
[decoded_serial_node-3] [INFO] [1791265029.713633494] [bw_dr03_decoded_serial_node]: RECEIVED /cmd_vel: linear.x=0.13999999999999999, angular.z=-0.30280329132080075
[decoded_serial_node-3] [INFO] [1791265029.714377943] [bw_dr03_decoded_serial_node]: SEND MOTOR CMD: cd eb d7 09 74 46 46 53 53 09 18 00 00
[follow_planner-6] [INFO] [1791265029.780528219] [follow_planner_node]: [FOLLOW] bam nguoi | d=1.37m goc=-14deg | v=0.163 w=-0.289 | thoang=0.76m
[decoded_serial_node-3] [INFO] [1791265029.780908161] [bw_dr03_decoded_serial_node]: RECEIVED /cmd_vel: linear.x=0.16333333333333333, angular.z=-0.28855123424530027
[decoded_serial_node-3] [INFO] [1791265029.781640736] [bw_dr03_decoded_serial_node]: SEND MOTOR CMD: cd eb d7 09 74 46 46 53 53 0c 1b 00 00
[decoded_serial_node-3] [INFO] [1791265029.847447877] [bw_dr03_decoded_serial_node]: RECEIVED /cmd_vel: linear.x=0.18666666666666665, angular.z=-0.2832067128419876
[decoded_serial_node-3] [INFO] [1791265029.848204199] [bw_dr03_decoded_serial_node]: SEND MOTOR CMD: cd eb d7 09 74 46 46 53 53 0f 1d 00 00
[decoded_serial_node-3] [INFO] [1791265029.917703900] [bw_dr03_decoded_serial_node]: RECEIVED /cmd_vel: linear.x=0.20999999999999996, angular.z=-0.2812025173157454
[decoded_serial_node-3] [INFO] [1791265029.918755865] [bw_dr03_decoded_serial_node]: SEND MOTOR CMD: cd eb d7 09 74 46 46 53 53 12 20 00 00
[decoded_serial_node-3] [INFO] [1791265029.984086890] [bw_dr03_decoded_serial_node]: RECEIVED /cmd_vel: linear.x=0.22, angular.z=-0.16052610132563871
[decoded_serial_node-3] [INFO] [1791265029.984805218] [bw_dr03_decoded_serial_node]: SEND MOTOR CMD: cd eb d7 09 74 46 46 53 53 17 1e 00 00
[decoded_serial_node-3] [INFO] [1791265030.050435447] [bw_dr03_decoded_serial_node]: RECEIVED /cmd_vel: linear.x=0.22, angular.z=-0.1
[decoded_serial_node-3] [INFO] [1791265030.051480288] [bw_dr03_decoded_serial_node]: SEND MOTOR CMD: cd eb d7 09 74 46 46 53 53 18 1d 00 00
[decoded_serial_node-3] [INFO] [1791265030.117175820] [bw_dr03_decoded_serial_node]: RECEIVED /cmd_vel: linear.x=0.22, angular.z=0.0
[decoded_serial_node-3] [INFO] [1791265030.117904833] [bw_dr03_decoded_serial_node]: SEND MOTOR CMD: cd eb d7 09 74 46 46 53 53 1a 1a 00 00
[decoded_serial_node-3] [INFO] [1791265030.184255765] [bw_dr03_decoded_serial_node]: RECEIVED /cmd_vel: linear.x=0.22, angular.z=0.0
[decoded_serial_node-3] [INFO] [1791265030.184964594] [bw_dr03_decoded_serial_node]: SEND MOTOR CMD: cd eb d7 09 74 46 46 53 53 1a 1a 00 00
[decoded_serial_node-3] [INFO] [1791265030.249631908] [bw_dr03_decoded_serial_node]: RECEIVED /cmd_vel: linear.x=0.22, angular.z=0.125
[decoded_serial_node-3] [INFO] [1791265030.250404852] [bw_dr03_decoded_serial_node]: SEND MOTOR CMD: cd eb d7 09 74 46 46 53 53 1d 17 00 00
[decoded_serial_node-3] [INFO] [1791265030.317237835] [bw_dr03_decoded_serial_node]: RECEIVED /cmd_vel: linear.x=0.22, angular.z=0.125
[decoded_serial_node-3] [INFO] [1791265030.318311172] [bw_dr03_decoded_serial_node]: SEND MOTOR CMD: cd eb d7 09 74 46 46 53 53 1d 17 00 00
[decoded_serial_node-3] [INFO] [1791265030.383251569] [bw_dr03_decoded_serial_node]: RECEIVED /cmd_vel: linear.x=0.22, angular.z=0.25
[decoded_serial_node-3] [INFO] [1791265030.384028075] [bw_dr03_decoded_serial_node]: SEND MOTOR CMD: cd eb d7 09 74 46 46 53 53 21 14 00 00
[decoded_serial_node-3] [INFO] [1791265030.450075053] [bw_dr03_decoded_serial_node]: RECEIVED /cmd_vel: linear.x=0.22, angular.z=0.26875000000000004
[decoded_serial_node-3] [INFO] [1791265030.451112770] [bw_dr03_decoded_serial_node]: SEND MOTOR CMD: cd eb d7 09 74 46 46 53 53 21 14 00 00
[decoded_serial_node-3] [INFO] [1791265030.516425985] [bw_dr03_decoded_serial_node]: RECEIVED /cmd_vel: linear.x=0.22, angular.z=0.15507812499999996
[decoded_serial_node-3] [INFO] [1791265030.517178745] [bw_dr03_decoded_serial_node]: SEND MOTOR CMD: cd eb d7 09 74 46 46 53 53 1e 17 00 00
[decoded_serial_node-3] [INFO] [1791265030.584086529] [bw_dr03_decoded_serial_node]: RECEIVED /cmd_vel: linear.x=0.22, angular.z=0.25
[decoded_serial_node-3] [INFO] [1791265030.584806044] [bw_dr03_decoded_serial_node]: SEND MOTOR CMD: cd eb d7 09 74 46 46 53 53 21 14 00 00
[decoded_serial_node-3] [INFO] [1791265030.652381101] [bw_dr03_decoded_serial_node]: RECEIVED /cmd_vel: linear.x=0.22, angular.z=0.1468750000000001
[decoded_serial_node-3] [INFO] [1791265030.653194415] [bw_dr03_decoded_serial_node]: SEND MOTOR CMD: cd eb d7 09 74 46 46 53 53 1e 17 00 00
[decoded_serial_node-3] [INFO] [1791265030.719709196] [bw_dr03_decoded_serial_node]: RECEIVED /cmd_vel: linear.x=0.22, angular.z=0.25
[decoded_serial_node-3] [INFO] [1791265030.720744538] [bw_dr03_decoded_serial_node]: SEND MOTOR CMD: cd eb d7 09 74 46 46 53 53 21 14 00 00
[decoded_serial_node-3] [INFO] [1791265030.784710147] [bw_dr03_decoded_serial_node]: RECEIVED /cmd_vel: linear.x=0.22, angular.z=0.1468750000000001
[decoded_serial_node-3] [INFO] [1791265030.785754987] [bw_dr03_decoded_serial_node]: SEND MOTOR CMD: cd eb d7 09 74 46 46 53 53 1e 17 00 00
[follow_planner-6] [INFO] [1791265030.785896278] [follow_planner_node]: self-filter: bo 9/221 tia dap vao than xe
[follow_planner-6] [INFO] [1791265030.848870475] [follow_planner_node]: [FOLLOW] bam nguoi | d=1.29m goc=6deg | v=0.220 w=0.125 | thoang=0.76m
[decoded_serial_node-3] [INFO] [1791265030.849618486] [bw_dr03_decoded_serial_node]: RECEIVED /cmd_vel: linear.x=0.22, angular.z=0.125
[decoded_serial_node-3] [INFO] [1791265030.850389056] [bw_dr03_decoded_serial_node]: SEND MOTOR CMD: cd eb d7 09 74 46 46 53 53 1d 17 00 00
[decoded_serial_node-3] [INFO] [1791265030.917064125] [bw_dr03_decoded_serial_node]: RECEIVED /cmd_vel: linear.x=0.22, angular.z=0.125
[decoded_serial_node-3] [INFO] [1791265030.918106591] [bw_dr03_decoded_serial_node]: SEND MOTOR CMD: cd eb d7 09 74 46 46 53 53 1d 17 00 00
[decoded_serial_node-3] [INFO] [1791265030.985084427] [bw_dr03_decoded_serial_node]: RECEIVED /cmd_vel: linear.x=0.22, angular.z=0.125
[decoded_serial_node-3] [INFO] [1791265030.986134017] [bw_dr03_decoded_serial_node]: SEND MOTOR CMD: cd eb d7 09 74 46 46 53 53 1d 17 00 00
[decoded_serial_node-3] [INFO] [1791265031.051441295] [bw_dr03_decoded_serial_node]: RECEIVED /cmd_vel: linear.x=0.19666666666666666, angular.z=0.125
[decoded_serial_node-3] [INFO] [1791265031.052521755] [bw_dr03_decoded_serial_node]: SEND MOTOR CMD: cd eb d7 09 74 46 46 53 53 1b 15 00 00
[decoded_serial_node-3] [INFO] [1791265031.116429184] [bw_dr03_decoded_serial_node]: RECEIVED /cmd_vel: linear.x=0.18694444444444444, angular.z=0.0
[decoded_serial_node-3] [INFO] [1791265031.117468088] [bw_dr03_decoded_serial_node]: SEND MOTOR CMD: cd eb d7 09 74 46 46 53 53 16 16 00 00
[decoded_serial_node-3] [INFO] [1791265031.183209924] [bw_dr03_decoded_serial_node]: RECEIVED /cmd_vel: linear.x=0.18532407407407406, angular.z=0.0
[decoded_serial_node-3] [INFO] [1791265031.183930627] [bw_dr03_decoded_serial_node]: SEND MOTOR CMD: cd eb d7 09 74 46 46 53 53 16 16 00 00
[decoded_serial_node-3] [INFO] [1791265031.250065466] [bw_dr03_decoded_serial_node]: RECEIVED /cmd_vel: linear.x=0.1619907407407407, angular.z=0.0
[decoded_serial_node-3] [INFO] [1791265031.250792105] [bw_dr03_decoded_serial_node]: SEND MOTOR CMD: cd eb d7 09 74 46 46 53 53 13 13 00 00
[decoded_serial_node-3] [INFO] [1791265031.314757713] [bw_dr03_decoded_serial_node]: RECEIVED /cmd_vel: linear.x=0.14666666666666667, angular.z=0.0
[decoded_serial_node-3] [INFO] [1791265031.315519971] [bw_dr03_decoded_serial_node]: SEND MOTOR CMD: cd eb d7 09 74 46 46 53 53 11 11 00 00
[decoded_serial_node-3] [INFO] [1791265031.380875929] [bw_dr03_decoded_serial_node]: RECEIVED /cmd_vel: linear.x=0.14666666666666667, angular.z=0.0
[decoded_serial_node-3] [INFO] [1791265031.381939767] [bw_dr03_decoded_serial_node]: SEND MOTOR CMD: cd eb d7 09 74 46 46 53 53 11 11 00 00
[decoded_serial_node-3] [INFO] [1791265031.447647171] [bw_dr03_decoded_serial_node]: RECEIVED /cmd_vel: linear.x=0.14666666666666667, angular.z=0.0
[decoded_serial_node-3] [INFO] [1791265031.448521038] [bw_dr03_decoded_serial_node]: SEND MOTOR CMD: cd eb d7 09 74 46 46 53 53 11 11 00 00
[decoded_serial_node-3] [INFO] [1791265031.514420787] [bw_dr03_decoded_serial_node]: RECEIVED /cmd_vel: linear.x=0.12333333333333334, angular.z=0.0
[decoded_serial_node-3] [INFO] [1791265031.515200856] [bw_dr03_decoded_serial_node]: SEND MOTOR CMD: cd eb d7 09 74 46 46 53 53 0f 0f 00 00
[decoded_serial_node-3] [INFO] [1791265031.580857205] [bw_dr03_decoded_serial_node]: RECEIVED /cmd_vel: linear.x=0.11, angular.z=0.0
[decoded_serial_node-3] [INFO] [1791265031.581644398] [bw_dr03_decoded_serial_node]: SEND MOTOR CMD: cd eb d7 09 74 46 46 53 53 0d 0d 00 00
[decoded_serial_node-3] [INFO] [1791265031.647534649] [bw_dr03_decoded_serial_node]: RECEIVED /cmd_vel: linear.x=0.11, angular.z=0.0
[decoded_serial_node-3] [INFO] [1791265031.648282660] [bw_dr03_decoded_serial_node]: SEND MOTOR CMD: cd eb d7 09 74 46 46 53 53 0d 0d 00 00
[decoded_serial_node-3] [INFO] [1791265031.713816715] [bw_dr03_decoded_serial_node]: RECEIVED /cmd_vel: linear.x=0.11, angular.z=0.0
[decoded_serial_node-3] [INFO] [1791265031.714590847] [bw_dr03_decoded_serial_node]: SEND MOTOR CMD: cd eb d7 09 74 46 46 53 53 0d 0d 00 00
[decoded_serial_node-3] [INFO] [1791265031.780370678] [bw_dr03_decoded_serial_node]: RECEIVED /cmd_vel: linear.x=0.11, angular.z=0.0
[decoded_serial_node-3] [INFO] [1791265031.781168556] [bw_dr03_decoded_serial_node]: SEND MOTOR CMD: cd eb d7 09 74 46 46 53 53 0d 0d 00 00
[follow_planner-6] [INFO] [1791265031.846823718] [follow_planner_node]: [FOLLOW] bam nguoi | d=1.12m goc=2deg | v=0.087 w=0.000 | thoang=0.81m
[decoded_serial_node-3] [INFO] [1791265031.847791383] [bw_dr03_decoded_serial_node]: RECEIVED /cmd_vel: linear.x=0.08666666666666667, angular.z=0.0
[decoded_serial_node-3] [INFO] [1791265031.848792293] [bw_dr03_decoded_serial_node]: SEND MOTOR CMD: cd eb d7 09 74 46 46 53 53 0a 0a 00 00
[decoded_serial_node-3] [INFO] [1791265031.914166060] [bw_dr03_decoded_serial_node]: RECEIVED /cmd_vel: linear.x=0.07333333333333333, angular.z=0.0
[decoded_serial_node-3] [INFO] [1791265031.914908135] [bw_dr03_decoded_serial_node]: SEND MOTOR CMD: cd eb d7 09 74 46 46 53 53 08 08 00 00
[decoded_serial_node-3] [INFO] [1791265031.957021142] [bw_dr03_decoded_serial_node]: RECEIVED /cmd_vel: linear.x=0.05, angular.z=0.0
[decoded_serial_node-3] [INFO] [1791265031.957816645] [bw_dr03_decoded_serial_node]: SEND MOTOR CMD: cd eb d7 09 74 46 46 53 53 06 06 00 00
[decoded_serial_node-3] [INFO] [1791265032.022897145] [bw_dr03_decoded_serial_node]: RECEIVED /cmd_vel: linear.x=0.035, angular.z=0.0
[decoded_serial_node-3] [INFO] [1791265032.023697398] [bw_dr03_decoded_serial_node]: SEND MOTOR CMD: cd eb d7 09 74 46 46 53 53 05 05 00 00
[decoded_serial_node-3] [INFO] [1791265032.089939095] [bw_dr03_decoded_serial_node]: RECEIVED /cmd_vel: linear.x=0.035, angular.z=0.0
[decoded_serial_node-3] [INFO] [1791265032.090715601] [bw_dr03_decoded_serial_node]: SEND MOTOR CMD: cd eb d7 09 74 46 46 53 53 05 05 00 00
[decoded_serial_node-3] [INFO] [1791265032.156710336] [bw_dr03_decoded_serial_node]: RECEIVED /cmd_vel: linear.x=0.0, angular.z=0.0
[decoded_serial_node-3] [INFO] [1791265032.157765862] [bw_dr03_decoded_serial_node]: SEND MOTOR CMD: cd eb d7 09 74 53 53 53 53 1e 1e 00 00
[decoded_serial_node-3] [INFO] [1791265032.223290419] [bw_dr03_decoded_serial_node]: RECEIVED /cmd_vel: linear.x=0.0, angular.z=0.0
[decoded_serial_node-3] [INFO] [1791265032.290007043] [bw_dr03_decoded_serial_node]: RECEIVED /cmd_vel: linear.x=0.0, angular.z=0.0
[decoded_serial_node-3] [INFO] [1791265032.357244901] [bw_dr03_decoded_serial_node]: RECEIVED /cmd_vel: linear.x=0.0, angular.z=0.0
[decoded_serial_node-3] [INFO] [1791265032.423180269] [bw_dr03_decoded_serial_node]: RECEIVED /cmd_vel: linear.x=0.0, angular.z=0.0
[decoded_serial_node-3] [INFO] [1791265032.490408628] [bw_dr03_decoded_serial_node]: RECEIVED /cmd_vel: linear.x=0.0, angular.z=0.0
[decoded_serial_node-3] [INFO] [1791265032.559687486] [bw_dr03_decoded_serial_node]: RECEIVED /cmd_vel: linear.x=0.0, angular.z=0.0
[decoded_serial_node-3] [INFO] [1791265032.623306397] [bw_dr03_decoded_serial_node]: RECEIVED /cmd_vel: linear.x=0.0, angular.z=0.0
[decoded_serial_node-3] [INFO] [1791265032.689635955] [bw_dr03_decoded_serial_node]: RECEIVED /cmd_vel: linear.x=0.0, angular.z=0.0
[decoded_serial_node-3] [INFO] [1791265032.757072095] [bw_dr03_decoded_serial_node]: RECEIVED /cmd_vel: linear.x=0.0, angular.z=0.0
[follow_planner-6] [INFO] [1791265032.823122633] [follow_planner_node]: [ARRIVED] giu khoang cach 1.09m | d=1.09m goc=2deg | v=0.000 w=0.000 | thoang=-
[decoded_serial_node-3] [INFO] [1791265032.823744788] [bw_dr03_decoded_serial_node]: RECEIVED /cmd_vel: linear.x=0.0, angular.z=0.0
[decoded_serial_node-3] [INFO] [1791265032.891018265] [bw_dr03_decoded_serial_node]: RECEIVED /cmd_vel: linear.x=0.0, angular.z=0.0
[decoded_serial_node-3] [INFO] [1791265032.956863398] [bw_dr03_decoded_serial_node]: RECEIVED /cmd_vel: linear.x=0.0, angular.z=0.0
[decoded_serial_node-3] [INFO] [1791265033.023013671] [bw_dr03_decoded_serial_node]: RECEIVED /cmd_vel: linear.x=0.0, angular.z=0.0
[decoded_serial_node-3] [INFO] [1791265033.095835488] [bw_dr03_decoded_serial_node]: RECEIVED /cmd_vel: linear.x=0.0, angular.z=0.0
[decoded_serial_node-3] [INFO] [1791265033.157019206] [bw_dr03_decoded_serial_node]: RECEIVED /cmd_vel: linear.x=0.0, angular.z=0.0
[decoded_serial_node-3] [INFO] [1791265033.224029098] [bw_dr03_decoded_serial_node]: RECEIVED /cmd_vel: linear.x=0.0, angular.z=0.0
[decoded_serial_node-3] [INFO] [1791265033.290008397] [bw_dr03_decoded_serial_node]: RECEIVED /cmd_vel: linear.x=0.0, angular.z=0.0
[decoded_serial_node-3] [INFO] [1791265033.356394946] [bw_dr03_decoded_serial_node]: RECEIVED /cmd_vel: linear.x=0.0, angular.z=0.0
[decoded_serial_node-3] [INFO] [1791265033.423254048] [bw_dr03_decoded_serial_node]: RECEIVED /cmd_vel: linear.x=0.0, angular.z=0.0
[decoded_serial_node-3] [INFO] [1791265033.489710649] [bw_dr03_decoded_serial_node]: RECEIVED /cmd_vel: linear.x=0.0, angular.z=0.0
[decoded_serial_node-3] [INFO] [1791265033.556367907] [bw_dr03_decoded_serial_node]: RECEIVED /cmd_vel: linear.x=0.0, angular.z=0.0
[decoded_serial_node-3] [INFO] [1791265033.623170018] [bw_dr03_decoded_serial_node]: RECEIVED /cmd_vel: linear.x=0.0, angular.z=0.0
[decoded_serial_node-3] [INFO] [1791265033.689763161] [bw_dr03_decoded_serial_node]: RECEIVED /cmd_vel: linear.x=0.0, angular.z=0.0
[decoded_serial_node-3] [INFO] [1791265033.757151807] [bw_dr03_decoded_serial_node]: RECEIVED /cmd_vel: linear.x=0.0, angular.z=0.0
[decoded_serial_node-3] [INFO] [1791265033.823290206] [bw_dr03_decoded_serial_node]: RECEIVED /cmd_vel: linear.x=0.0, angular.z=0.0
[follow_planner-6] [INFO] [1791265033.889075972] [follow_planner_node]: [ARRIVED] giu khoang cach 1.09m | d=1.09m goc=2deg | v=0.000 w=0.000 | thoang=-
[decoded_serial_node-3] [INFO] [1791265033.889819234] [bw_dr03_decoded_serial_node]: RECEIVED /cmd_vel: linear.x=0.0, angular.z=0.0
[decoded_serial_node-3] [INFO] [1791265033.956552480] [bw_dr03_decoded_serial_node]: RECEIVED /cmd_vel: linear.x=0.0, angular.z=0.0
[decoded_serial_node-3] [INFO] [1791265034.022922407] [bw_dr03_decoded_serial_node]: RECEIVED /cmd_vel: linear.x=0.0, angular.z=0.0
[decoded_serial_node-3] [INFO] [1791265034.090064090] [bw_dr03_decoded_serial_node]: RECEIVED /cmd_vel: linear.x=0.0, angular.z=0.0
[decoded_serial_node-3] [INFO] [1791265034.156507630] [bw_dr03_decoded_serial_node]: RECEIVED /cmd_vel: linear.x=0.0, angular.z=0.0
[decoded_serial_node-3] [INFO] [1791265034.180405980] [bw_dr03_decoded_serial_node]: RECEIVED /cmd_vel: linear.x=0.0, angular.z=0.0
[decoded_serial_node-3] [INFO] [1791265034.223410662] [bw_dr03_decoded_serial_node]: RECEIVED /cmd_vel: linear.x=0.0, angular.z=0.0
[decoded_serial_node-3] [INFO] [1791265034.272081229] [bw_dr03_decoded_serial_node]: RECEIVED /cmd_vel: linear.x=0.0, angular.z=0.0
[decoded_serial_node-3] [INFO] [1791265034.315873103] [bw_dr03_decoded_serial_node]: RECEIVED /cmd_vel: linear.x=0.0, angular.z=0.0
[follow_planner-6] [INFO] [1791265034.357399573] [follow_planner_node]: Bam nguoi: TAT
[decoded_serial_node-3] [INFO] [1791265034.654460767] [bw_dr03_decoded_serial_node]: RECEIVED /cmd_vel: linear.x=0.0, angular.z=0.9
[decoded_serial_node-3] [INFO] [1791265034.655257458] [bw_dr03_decoded_serial_node]: SEND MOTOR CMD: cd eb d7 09 74 46 42 53 53 15 15 00 00
[decoded_serial_node-3] [INFO] [1791265034.724056638] [bw_dr03_decoded_serial_node]: RECEIVED /cmd_vel: linear.x=0.0, angular.z=0.9
[decoded_serial_node-3] [INFO] [1791265034.725121663] [bw_dr03_decoded_serial_node]: SEND MOTOR CMD: cd eb d7 09 74 46 42 53 53 15 15 00 00
[decoded_serial_node-3] [INFO] [1791265034.796681359] [bw_dr03_decoded_serial_node]: RECEIVED /cmd_vel: linear.x=0.0, angular.z=0.9
[decoded_serial_node-3] [INFO] [1791265034.797438868] [bw_dr03_decoded_serial_node]: SEND MOTOR CMD: cd eb d7 09 74 46 42 53 53 15 15 00 00
[decoded_serial_node-3] [INFO] [1791265034.864662476] [bw_dr03_decoded_serial_node]: RECEIVED /cmd_vel: linear.x=0.0, angular.z=0.9
[decoded_serial_node-3] [INFO] [1791265034.865417611] [bw_dr03_decoded_serial_node]: SEND MOTOR CMD: cd eb d7 09 74 46 42 53 53 15 15 00 00
[follow_planner-6] [INFO] [1791265034.888672434] [follow_planner_node]: [IDLE] disabled | d=- goc=- | v=0.000 w=0.000 | thoang=-
[decoded_serial_node-3] [INFO] [1791265034.933516273] [bw_dr03_decoded_serial_node]: RECEIVED /cmd_vel: linear.x=0.0, angular.z=0.9
[decoded_serial_node-3] [INFO] [1791265034.934264284] [bw_dr03_decoded_serial_node]: SEND MOTOR CMD: cd eb d7 09 74 46 42 53 53 15 15 00 00
[decoded_serial_node-3] [INFO] [1791265035.002002001] [bw_dr03_decoded_serial_node]: RECEIVED /cmd_vel: linear.x=0.0, angular.z=0.9
[decoded_serial_node-3] [INFO] [1791265035.002739326] [bw_dr03_decoded_serial_node]: SEND MOTOR CMD: cd eb d7 09 74 46 42 53 53 15 15 00 00
[decoded_serial_node-3] [INFO] [1791265035.073337293] [bw_dr03_decoded_serial_node]: RECEIVED /cmd_vel: linear.x=0.0, angular.z=0.9
[decoded_serial_node-3] [INFO] [1791265035.074095990] [bw_dr03_decoded_serial_node]: SEND MOTOR CMD: cd eb d7 09 74 46 42 53 53 15 15 00 00
[decoded_serial_node-3] [INFO] [1791265035.141726848] [bw_dr03_decoded_serial_node]: RECEIVED /cmd_vel: linear.x=0.0, angular.z=0.9
[decoded_serial_node-3] [INFO] [1791265035.142743192] [bw_dr03_decoded_serial_node]: SEND MOTOR CMD: cd eb d7 09 74 46 42 53 53 15 15 00 00
[decoded_serial_node-3] [INFO] [1791265035.213543004] [bw_dr03_decoded_serial_node]: RECEIVED /cmd_vel: linear.x=0.0, angular.z=0.9
[decoded_serial_node-3] [INFO] [1791265035.214749320] [bw_dr03_decoded_serial_node]: SEND MOTOR CMD: cd eb d7 09 74 46 42 53 53 15 15 00 00
[decoded_serial_node-3] [INFO] [1791265035.289962394] [bw_dr03_decoded_serial_node]: RECEIVED /cmd_vel: linear.x=0.0, angular.z=0.9
[decoded_serial_node-3] [INFO] [1791265035.291097471] [bw_dr03_decoded_serial_node]: SEND MOTOR CMD: cd eb d7 09 74 46 42 53 53 15 15 00 00
[decoded_serial_node-3] [INFO] [1791265035.357804595] [bw_dr03_decoded_serial_node]: RECEIVED /cmd_vel: linear.x=0.0, angular.z=0.9
[decoded_serial_node-3] [INFO] [1791265035.358867245] [bw_dr03_decoded_serial_node]: SEND MOTOR CMD: cd eb d7 09 74 46 42 53 53 15 15 00 00
[decoded_serial_node-3] [INFO] [1791265035.431576265] [bw_dr03_decoded_serial_node]: RECEIVED /cmd_vel: linear.x=0.0, angular.z=0.9
[decoded_serial_node-3] [INFO] [1791265035.432401451] [bw_dr03_decoded_serial_node]: SEND MOTOR CMD: cd eb d7 09 74 46 42 53 53 15 15 00 00
[decoded_serial_node-3] [INFO] [1791265035.501856031] [bw_dr03_decoded_serial_node]: RECEIVED /cmd_vel: linear.x=0.0, angular.z=0.9
[decoded_serial_node-3] [INFO] [1791265035.502867626] [bw_dr03_decoded_serial_node]: SEND MOTOR CMD: cd eb d7 09 74 46 42 53 53 15 15 00 00
[decoded_serial_node-3] [INFO] [1791265035.579411685] [bw_dr03_decoded_serial_node]: RECEIVED /cmd_vel: linear.x=0.0, angular.z=0.9
[decoded_serial_node-3] [INFO] [1791265035.580469586] [bw_dr03_decoded_serial_node]: SEND MOTOR CMD: cd eb d7 09 74 46 42 53 53 15 15 00 00
[decoded_serial_node-3] [INFO] [1791265035.652424659] [bw_dr03_decoded_serial_node]: RECEIVED /cmd_vel: linear.x=0.0, angular.z=0.9
[decoded_serial_node-3] [INFO] [1791265035.653211851] [bw_dr03_decoded_serial_node]: SEND MOTOR CMD: cd eb d7 09 74 46 42 53 53 15 15 00 00
[decoded_serial_node-3] [INFO] [1791265035.726386299] [bw_dr03_decoded_serial_node]: RECEIVED /cmd_vel: linear.x=0.0, angular.z=0.9
[decoded_serial_node-3] [INFO] [1791265035.727127186] [bw_dr03_decoded_serial_node]: SEND MOTOR CMD: cd eb d7 09 74 46 42 53 53 15 15 00 00
[decoded_serial_node-3] [INFO] [1791265035.797306030] [bw_dr03_decoded_serial_node]: RECEIVED /cmd_vel: linear.x=0.0, angular.z=0.9
[decoded_serial_node-3] [INFO] [1791265035.798366306] [bw_dr03_decoded_serial_node]: SEND MOTOR CMD: cd eb d7 09 74 46 42 53 53 15 15 00 00
[decoded_serial_node-3] [INFO] [1791265035.872167658] [bw_dr03_decoded_serial_node]: RECEIVED /cmd_vel: linear.x=0.0, angular.z=0.9
[decoded_serial_node-3] [INFO] [1791265035.873217248] [bw_dr03_decoded_serial_node]: SEND MOTOR CMD: cd eb d7 09 74 46 42 53 53 15 15 00 00
[follow_planner-6] [INFO] [1791265035.888762811] [follow_planner_node]: [IDLE] disabled | d=- goc=- | v=0.000 w=0.000 | thoang=-
[decoded_serial_node-3] [INFO] [1791265035.941670918] [bw_dr03_decoded_serial_node]: RECEIVED /cmd_vel: linear.x=0.0, angular.z=0.9
[decoded_serial_node-3] [INFO] [1791265035.942816680] [bw_dr03_decoded_serial_node]: SEND MOTOR CMD: cd eb d7 09 74 46 42 53 53 15 15 00 00
[decoded_serial_node-3] [INFO] [1791265036.010229071] [bw_dr03_decoded_serial_node]: RECEIVED /cmd_vel: linear.x=0.0, angular.z=0.9
[decoded_serial_node-3] [INFO] [1791265036.011032886] [bw_dr03_decoded_serial_node]: SEND MOTOR CMD: cd eb d7 09 74 46 42 53 53 15 15 00 00
[decoded_serial_node-3] [INFO] [1791265036.080271373] [bw_dr03_decoded_serial_node]: RECEIVED /cmd_vel: linear.x=0.0, angular.z=0.9
[decoded_serial_node-3] [INFO] [1791265036.081334023] [bw_dr03_decoded_serial_node]: SEND MOTOR CMD: cd eb d7 09 74 46 42 53 53 15 15 00 00
[decoded_serial_node-3] [INFO] [1791265036.152288185] [bw_dr03_decoded_serial_node]: RECEIVED /cmd_vel: linear.x=0.0, angular.z=0.9
[decoded_serial_node-3] [INFO] [1791265036.153043320] [bw_dr03_decoded_serial_node]: SEND MOTOR CMD: cd eb d7 09 74 46 42 53 53 15 15 00 00
[decoded_serial_node-3] [INFO] [1791265036.223293402] [bw_dr03_decoded_serial_node]: RECEIVED /cmd_vel: linear.x=0.0, angular.z=0.9
[decoded_serial_node-3] [INFO] [1791265036.224048537] [bw_dr03_decoded_serial_node]: SEND MOTOR CMD: cd eb d7 09 74 46 42 53 53 15 15 00 00
[decoded_serial_node-3] [INFO] [1791265036.291564224] [bw_dr03_decoded_serial_node]: RECEIVED /cmd_vel: linear.x=0.0, angular.z=0.9
[decoded_serial_node-3] [INFO] [1791265036.292543762] [bw_dr03_decoded_serial_node]: SEND MOTOR CMD: cd eb d7 09 74 46 42 53 53 15 15 00 00
[decoded_serial_node-3] [INFO] [1791265036.367835199] [bw_dr03_decoded_serial_node]: RECEIVED /cmd_vel: linear.x=0.0, angular.z=0.9
[decoded_serial_node-3] [INFO] [1791265036.368621204] [bw_dr03_decoded_serial_node]: SEND MOTOR CMD: cd eb d7 09 74 46 42 53 53 15 15 00 00
[decoded_serial_node-3] [INFO] [1791265036.446002322] [bw_dr03_decoded_serial_node]: RECEIVED /cmd_vel: linear.x=0.0, angular.z=0.9
[decoded_serial_node-3] [INFO] [1791265036.446726586] [bw_dr03_decoded_serial_node]: SEND MOTOR CMD: cd eb d7 09 74 46 42 53 53 15 15 00 00
[decoded_serial_node-3] [INFO] [1791265036.523300327] [bw_dr03_decoded_serial_node]: RECEIVED /cmd_vel: linear.x=0.0, angular.z=0.9
[decoded_serial_node-3] [INFO] [1791265036.524056649] [bw_dr03_decoded_serial_node]: SEND MOTOR CMD: cd eb d7 09 74 46 42 53 53 15 15 00 00
[decoded_serial_node-3] [INFO] [1791265036.592333408] [bw_dr03_decoded_serial_node]: RECEIVED /cmd_vel: linear.x=0.0, angular.z=0.9
[decoded_serial_node-3] [INFO] [1791265036.593405556] [bw_dr03_decoded_serial_node]: SEND MOTOR CMD: cd eb d7 09 74 46 42 53 53 15 15 00 00
[decoded_serial_node-3] [INFO] [1791265036.668005974] [bw_dr03_decoded_serial_node]: RECEIVED /cmd_vel: linear.x=0.0, angular.z=0.9
[decoded_serial_node-3] [INFO] [1791265036.668802665] [bw_dr03_decoded_serial_node]: SEND MOTOR CMD: cd eb d7 09 74 46 42 53 53 15 15 00 00
[decoded_serial_node-3] [INFO] [1791265036.737681394] [bw_dr03_decoded_serial_node]: RECEIVED /cmd_vel: linear.x=0.0, angular.z=0.9
[decoded_serial_node-3] [INFO] [1791265036.738460275] [bw_dr03_decoded_serial_node]: SEND MOTOR CMD: cd eb d7 09 74 46 42 53 53 15 15 00 00
[decoded_serial_node-3] [INFO] [1791265036.806789276] [bw_dr03_decoded_serial_node]: RECEIVED /cmd_vel: linear.x=0.0, angular.z=0.9
[decoded_serial_node-3] [INFO] [1791265036.807557471] [bw_dr03_decoded_serial_node]: SEND MOTOR CMD: cd eb d7 09 74 46 42 53 53 15 15 00 00
[decoded_serial_node-3] [INFO] [1791265036.881751825] [bw_dr03_decoded_serial_node]: RECEIVED /cmd_vel: linear.x=0.0, angular.z=0.9
[decoded_serial_node-3] [INFO] [1791265036.882527144] [bw_dr03_decoded_serial_node]: SEND MOTOR CMD: cd eb d7 09 74 46 42 53 53 15 15 00 00
[follow_planner-6] [INFO] [1791265036.889132198] [follow_planner_node]: [IDLE] disabled | d=- goc=- | v=0.000 w=0.000 | thoang=-
[decoded_serial_node-3] [INFO] [1791265036.949304320] [bw_dr03_decoded_serial_node]: RECEIVED /cmd_vel: linear.x=0.0, angular.z=0.9
[decoded_serial_node-3] [INFO] [1791265036.950077264] [bw_dr03_decoded_serial_node]: SEND MOTOR CMD: cd eb d7 09 74 46 42 53 53 15 15 00 00
[decoded_serial_node-3] [INFO] [1791265037.019164961] [bw_dr03_decoded_serial_node]: RECEIVED /cmd_vel: linear.x=0.0, angular.z=0.9
[decoded_serial_node-3] [INFO] [1791265037.019936718] [bw_dr03_decoded_serial_node]: SEND MOTOR CMD: cd eb d7 09 74 46 42 53 53 15 15 00 00
[decoded_serial_node-3] [INFO] [1791265037.087087898] [bw_dr03_decoded_serial_node]: RECEIVED /cmd_vel: linear.x=0.0, angular.z=0.9
[decoded_serial_node-3] [INFO] [1791265037.088145799] [bw_dr03_decoded_serial_node]: SEND MOTOR CMD: cd eb d7 09 74 46 42 53 53 15 15 00 00
[decoded_serial_node-3] [INFO] [1791265037.157831904] [bw_dr03_decoded_serial_node]: RECEIVED /cmd_vel: linear.x=0.0, angular.z=0.9
[decoded_serial_node-3] [INFO] [1791265037.158608410] [bw_dr03_decoded_serial_node]: SEND MOTOR CMD: cd eb d7 09 74 46 42 53 53 15 15 00 00
[decoded_serial_node-3] [INFO] [1791265037.230610974] [bw_dr03_decoded_serial_node]: RECEIVED /cmd_vel: linear.x=0.0, angular.z=0.9
[decoded_serial_node-3] [INFO] [1791265037.231391042] [bw_dr03_decoded_serial_node]: SEND MOTOR CMD: cd eb d7 09 74 46 42 53 53 15 15 00 00
[decoded_serial_node-3] [INFO] [1791265037.302440189] [bw_dr03_decoded_serial_node]: RECEIVED /cmd_vel: linear.x=0.0, angular.z=0.9
[decoded_serial_node-3] [INFO] [1791265037.303221445] [bw_dr03_decoded_serial_node]: SEND MOTOR CMD: cd eb d7 09 74 46 42 53 53 15 15 00 00
[decoded_serial_node-3] [INFO] [1791265037.379129100] [bw_dr03_decoded_serial_node]: RECEIVED /cmd_vel: linear.x=0.0, angular.z=0.9
[decoded_serial_node-3] [INFO] [1791265037.379900857] [bw_dr03_decoded_serial_node]: SEND MOTOR CMD: cd eb d7 09 74 46 42 53 53 15 15 00 00
[decoded_serial_node-3] [INFO] [1791265037.456790424] [bw_dr03_decoded_serial_node]: RECEIVED /cmd_vel: linear.x=0.0, angular.z=0.9
[decoded_serial_node-3] [INFO] [1791265037.457695161] [bw_dr03_decoded_serial_node]: SEND MOTOR CMD: cd eb d7 09 74 46 42 53 53 15 15 00 00
[decoded_serial_node-3] [INFO] [1791265037.531817088] [bw_dr03_decoded_serial_node]: RECEIVED /cmd_vel: linear.x=0.0, angular.z=0.9
[decoded_serial_node-3] [INFO] [1791265037.532604280] [bw_dr03_decoded_serial_node]: SEND MOTOR CMD: cd eb d7 09 74 46 42 53 53 15 15 00 00
[decoded_serial_node-3] [INFO] [1791265037.603234304] [bw_dr03_decoded_serial_node]: RECEIVED /cmd_vel: linear.x=0.0, angular.z=0.9
[decoded_serial_node-3] [INFO] [1791265037.604004874] [bw_dr03_decoded_serial_node]: SEND MOTOR CMD: cd eb d7 09 74 46 42 53 53 15 15 00 00
[decoded_serial_node-3] [INFO] [1791265037.680256851] [bw_dr03_decoded_serial_node]: RECEIVED /cmd_vel: linear.x=0.0, angular.z=0.9
[decoded_serial_node-3] [INFO] [1791265037.681022671] [bw_dr03_decoded_serial_node]: SEND MOTOR CMD: cd eb d7 09 74 46 42 53 53 15 15 00 00
[decoded_serial_node-3] [INFO] [1791265037.748165540] [bw_dr03_decoded_serial_node]: RECEIVED /cmd_vel: linear.x=0.0, angular.z=0.9
[decoded_serial_node-3] [INFO] [1791265037.748947983] [bw_dr03_decoded_serial_node]: SEND MOTOR CMD: cd eb d7 09 74 46 42 53 53 15 15 00 00
[decoded_serial_node-3] [INFO] [1791265037.824259604] [bw_dr03_decoded_serial_node]: RECEIVED /cmd_vel: linear.x=0.0, angular.z=0.9
[decoded_serial_node-3] [INFO] [1791265037.825285447] [bw_dr03_decoded_serial_node]: SEND MOTOR CMD: cd eb d7 09 74 46 42 53 53 15 15 00 00
[follow_planner-6] [INFO] [1791265037.889342474] [follow_planner_node]: [IDLE] disabled | d=- goc=- | v=0.000 w=0.000 | thoang=-
[decoded_serial_node-3] [INFO] [1791265037.891761042] [bw_dr03_decoded_serial_node]: RECEIVED /cmd_vel: linear.x=0.0, angular.z=0.9
[decoded_serial_node-3] [INFO] [1791265037.892558921] [bw_dr03_decoded_serial_node]: SEND MOTOR CMD: cd eb d7 09 74 46 42 53 53 15 15 00 00
[decoded_serial_node-3] [INFO] [1791265037.968606679] [bw_dr03_decoded_serial_node]: RECEIVED /cmd_vel: linear.x=0.0, angular.z=0.9
[decoded_serial_node-3] [INFO] [1791265037.969393871] [bw_dr03_decoded_serial_node]: SEND MOTOR CMD: cd eb d7 09 74 46 42 53 53 15 15 00 00
[decoded_serial_node-3] [INFO] [1791265038.041882048] [bw_dr03_decoded_serial_node]: RECEIVED /cmd_vel: linear.x=0.0, angular.z=0.9
[decoded_serial_node-3] [INFO] [1791265038.042688237] [bw_dr03_decoded_serial_node]: SEND MOTOR CMD: cd eb d7 09 74 46 42 53 53 15 15 00 00
[decoded_serial_node-3] [INFO] [1791265038.112772093] [bw_dr03_decoded_serial_node]: RECEIVED /cmd_vel: linear.x=0.0, angular.z=0.9
[decoded_serial_node-3] [INFO] [1791265038.113550974] [bw_dr03_decoded_serial_node]: SEND MOTOR CMD: cd eb d7 09 74 46 42 53 53 15 15 00 00
[decoded_serial_node-3] [INFO] [1791265038.180819698] [bw_dr03_decoded_serial_node]: RECEIVED /cmd_vel: linear.x=0.0, angular.z=0.9
[decoded_serial_node-3] [INFO] [1791265038.181585518] [bw_dr03_decoded_serial_node]: SEND MOTOR CMD: cd eb d7 09 74 46 42 53 53 15 15 00 00
[decoded_serial_node-3] [INFO] [1791265038.251516210] [bw_dr03_decoded_serial_node]: RECEIVED /cmd_vel: linear.x=0.0, angular.z=0.9
[decoded_serial_node-3] [INFO] [1791265038.252284406] [bw_dr03_decoded_serial_node]: SEND MOTOR CMD: cd eb d7 09 74 46 42 53 53 15 15 00 00
[decoded_serial_node-3] [INFO] [1791265038.328725166] [bw_dr03_decoded_serial_node]: RECEIVED /cmd_vel: linear.x=0.0, angular.z=0.9
[decoded_serial_node-3] [INFO] [1791265038.329483862] [bw_dr03_decoded_serial_node]: SEND MOTOR CMD: cd eb d7 09 74 46 42 53 53 15 15 00 00
[decoded_serial_node-3] [INFO] [1791265038.396938995] [bw_dr03_decoded_serial_node]: RECEIVED /cmd_vel: linear.x=0.0, angular.z=0.9
[decoded_serial_node-3] [INFO] [1791265038.397778429] [bw_dr03_decoded_serial_node]: SEND MOTOR CMD: cd eb d7 09 74 46 42 53 53 15 15 00 00
[decoded_serial_node-3] [INFO] [1791265038.464911799] [bw_dr03_decoded_serial_node]: RECEIVED /cmd_vel: linear.x=0.0, angular.z=0.9
[decoded_serial_node-3] [INFO] [1791265038.465679994] [bw_dr03_decoded_serial_node]: SEND MOTOR CMD: cd eb d7 09 74 46 42 53 53 15 15 00 00
[decoded_serial_node-3] [INFO] [1791265038.541593584] [bw_dr03_decoded_serial_node]: RECEIVED /cmd_vel: linear.x=0.0, angular.z=0.9
[decoded_serial_node-3] [INFO] [1791265038.542374840] [bw_dr03_decoded_serial_node]: SEND MOTOR CMD: cd eb d7 09 74 46 42 53 53 15 15 00 00
[decoded_serial_node-3] [INFO] [1791265038.614392838] [bw_dr03_decoded_serial_node]: RECEIVED /cmd_vel: linear.x=0.0, angular.z=0.9
[decoded_serial_node-3] [INFO] [1791265038.615172906] [bw_dr03_decoded_serial_node]: SEND MOTOR CMD: cd eb d7 09 74 46 42 53 53 15 15 00 00
[decoded_serial_node-3] [INFO] [1791265038.691231350] [bw_dr03_decoded_serial_node]: RECEIVED /cmd_vel: linear.x=0.0, angular.z=0.9
[decoded_serial_node-3] [INFO] [1791265038.692188329] [bw_dr03_decoded_serial_node]: SEND MOTOR CMD: cd eb d7 09 74 46 42 53 53 15 15 00 00
[decoded_serial_node-3] [INFO] [1791265038.768164847] [bw_dr03_decoded_serial_node]: RECEIVED /cmd_vel: linear.x=0.0, angular.z=0.9
[decoded_serial_node-3] [INFO] [1791265038.768902172] [bw_dr03_decoded_serial_node]: SEND MOTOR CMD: cd eb d7 09 74 46 42 53 53 15 15 00 00
[decoded_serial_node-3] [INFO] [1791265038.841928204] [bw_dr03_decoded_serial_node]: RECEIVED /cmd_vel: linear.x=0.0, angular.z=0.9
[decoded_serial_node-3] [INFO] [1791265038.842697586] [bw_dr03_decoded_serial_node]: SEND MOTOR CMD: cd eb d7 09 74 46 42 53 53 15 15 00 00
[decoded_serial_node-3] [INFO] [1791265038.913566260] [bw_dr03_decoded_serial_node]: RECEIVED /cmd_vel: linear.x=0.0, angular.z=0.9
[decoded_serial_node-3] [INFO] [1791265038.914345141] [bw_dr03_decoded_serial_node]: SEND MOTOR CMD: cd eb d7 09 74 46 42 53 53 15 15 00 00
[follow_planner-6] [INFO] [1791265038.955764751] [follow_planner_node]: [IDLE] disabled | d=- goc=- | v=0.000 w=0.000 | thoang=-
[decoded_serial_node-3] [INFO] [1791265038.982221772] [bw_dr03_decoded_serial_node]: RECEIVED /cmd_vel: linear.x=0.0, angular.z=0.9
[decoded_serial_node-3] [INFO] [1791265038.982989967] [bw_dr03_decoded_serial_node]: SEND MOTOR CMD: cd eb d7 09 74 46 42 53 53 15 15 00 00
[decoded_serial_node-3] [INFO] [1791265039.052382803] [bw_dr03_decoded_serial_node]: RECEIVED /cmd_vel: linear.x=0.0, angular.z=0.9
[decoded_serial_node-3] [INFO] [1791265039.053164059] [bw_dr03_decoded_serial_node]: SEND MOTOR CMD: cd eb d7 09 74 46 42 53 53 15 15 00 00
[decoded_serial_node-3] [INFO] [1791265039.123255038] [bw_dr03_decoded_serial_node]: RECEIVED /cmd_vel: linear.x=0.0, angular.z=0.9
[decoded_serial_node-3] [INFO] [1791265039.124039856] [bw_dr03_decoded_serial_node]: SEND MOTOR CMD: cd eb d7 09 74 46 42 53 53 15 15 00 00
[decoded_serial_node-3] [INFO] [1791265039.193342455] [bw_dr03_decoded_serial_node]: RECEIVED /cmd_vel: linear.x=0.0, angular.z=0.9
[decoded_serial_node-3] [INFO] [1791265039.194132022] [bw_dr03_decoded_serial_node]: SEND MOTOR CMD: cd eb d7 09 74 46 42 53 53 15 15 00 00
[decoded_serial_node-3] [INFO] [1791265039.262742415] [bw_dr03_decoded_serial_node]: RECEIVED /cmd_vel: linear.x=0.0, angular.z=0.9
[decoded_serial_node-3] [INFO] [1791265039.263534357] [bw_dr03_decoded_serial_node]: SEND MOTOR CMD: cd eb d7 09 74 46 42 53 53 15 15 00 00
[decoded_serial_node-3] [INFO] [1791265039.330934872] [bw_dr03_decoded_serial_node]: RECEIVED /cmd_vel: linear.x=0.0, angular.z=0.9
[decoded_serial_node-3] [INFO] [1791265039.331713753] [bw_dr03_decoded_serial_node]: SEND MOTOR CMD: cd eb d7 09 74 46 42 53 53 15 15 00 00
[decoded_serial_node-3] [INFO] [1791265039.406800969] [bw_dr03_decoded_serial_node]: RECEIVED /cmd_vel: linear.x=0.0, angular.z=0.9
[decoded_serial_node-3] [INFO] [1791265039.407570352] [bw_dr03_decoded_serial_node]: SEND MOTOR CMD: cd eb d7 09 74 46 42 53 53 15 15 00 00
[decoded_serial_node-3] [INFO] [1791265039.475703443] [bw_dr03_decoded_serial_node]: RECEIVED /cmd_vel: linear.x=0.0, angular.z=0.0
[decoded_serial_node-3] [INFO] [1791265039.476471638] [bw_dr03_decoded_serial_node]: SEND MOTOR CMD: cd eb d7 09 74 53 53 53 53 1e 1e 00 00
[decoded_serial_node-3] [INFO] [1791265039.523490642] [bw_dr03_decoded_serial_node]: RECEIVED /cmd_vel: linear.x=0.0, angular.z=0.0
[decoded_serial_node-3] [INFO] [1791265039.565934908] [bw_dr03_decoded_serial_node]: RECEIVED /cmd_vel: linear.x=0.0, angular.z=0.0
[decoded_serial_node-3] [INFO] [1791265039.615383166] [bw_dr03_decoded_serial_node]: RECEIVED /cmd_vel: linear.x=0.0, angular.z=0.0
[follow_planner-6] [INFO] [1791265039.663773523] [follow_planner_node]: Bam nguoi: BAT
[decoded_serial_node-3] [INFO] [1791265039.742181669] [bw_dr03_decoded_serial_node]: RECEIVED /cmd_vel: linear.x=0.0, angular.z=0.0
[decoded_serial_node-3] [INFO] [1791265039.791865016] [bw_dr03_decoded_serial_node]: RECEIVED /cmd_vel: linear.x=0.0, angular.z=0.0
[decoded_serial_node-3] [INFO] [1791265039.842215636] [bw_dr03_decoded_serial_node]: RECEIVED /cmd_vel: linear.x=0.0, angular.z=0.0
[decoded_serial_node-3] [INFO] [1791265039.890096634] [bw_dr03_decoded_serial_node]: RECEIVED /cmd_vel: linear.x=0.0, angular.z=0.0
[follow_planner-6] [INFO] [1791265039.931156486] [follow_planner_node]: Bam nguoi: TAT
[follow_planner-6] [INFO] [1791265039.955885958] [follow_planner_node]: [IDLE] disabled | d=- goc=- | v=0.000 w=0.000 | thoang=-
[follow_planner-6] [INFO] [1791265040.214037517] [follow_planner_node]: Bam nguoi: BAT
[decoded_serial_node-3] [INFO] [1791265040.290497272] [bw_dr03_decoded_serial_node]: RECEIVED /cmd_vel: linear.x=0.0, angular.z=0.0
[decoded_serial_node-3] [INFO] [1791265040.356904001] [bw_dr03_decoded_serial_node]: RECEIVED /cmd_vel: linear.x=0.0, angular.z=0.16
[decoded_serial_node-3] [INFO] [1791265040.357709003] [bw_dr03_decoded_serial_node]: SEND MOTOR CMD: cd eb d7 09 74 46 42 53 53 05 05 00 00
[decoded_serial_node-3] [INFO] [1791265040.423955445] [bw_dr03_decoded_serial_node]: RECEIVED /cmd_vel: linear.x=0.0, angular.z=0.32
[decoded_serial_node-3] [INFO] [1791265040.424864931] [bw_dr03_decoded_serial_node]: SEND MOTOR CMD: cd eb d7 09 74 46 42 53 53 07 07 00 00
[decoded_serial_node-3] [INFO] [1791265040.490772986] [bw_dr03_decoded_serial_node]: RECEIVED /cmd_vel: linear.x=0.0, angular.z=0.48
[decoded_serial_node-3] [INFO] [1791265040.491543556] [bw_dr03_decoded_serial_node]: SEND MOTOR CMD: cd eb d7 09 74 46 42 53 53 0b 0b 00 00
[decoded_serial_node-3] [INFO] [1791265040.557172591] [bw_dr03_decoded_serial_node]: RECEIVED /cmd_vel: linear.x=0.0, angular.z=0.64
[decoded_serial_node-3] [INFO] [1791265040.557932475] [bw_dr03_decoded_serial_node]: SEND MOTOR CMD: cd eb d7 09 74 46 42 53 53 0f 0f 00 00
[decoded_serial_node-3] [INFO] [1791265040.624061371] [bw_dr03_decoded_serial_node]: RECEIVED /cmd_vel: linear.x=0.0, angular.z=0.8
[decoded_serial_node-3] [INFO] [1791265040.624807007] [bw_dr03_decoded_serial_node]: SEND MOTOR CMD: cd eb d7 09 74 46 42 53 53 13 13 00 00
[decoded_serial_node-3] [INFO] [1791265040.690585645] [bw_dr03_decoded_serial_node]: RECEIVED /cmd_vel: linear.x=0.0, angular.z=0.9
[decoded_serial_node-3] [INFO] [1791265040.691374025] [bw_dr03_decoded_serial_node]: SEND MOTOR CMD: cd eb d7 09 74 46 42 53 53 15 15 00 00
[decoded_serial_node-3] [INFO] [1791265040.757185907] [bw_dr03_decoded_serial_node]: RECEIVED /cmd_vel: linear.x=0.0, angular.z=0.9
[decoded_serial_node-3] [INFO] [1791265040.757944604] [bw_dr03_decoded_serial_node]: SEND MOTOR CMD: cd eb d7 09 74 46 42 53 53 15 15 00 00
[decoded_serial_node-3] [INFO] [1791265040.824020071] [bw_dr03_decoded_serial_node]: RECEIVED /cmd_vel: linear.x=0.0, angular.z=0.9
[decoded_serial_node-3] [INFO] [1791265040.824793015] [bw_dr03_decoded_serial_node]: SEND MOTOR CMD: cd eb d7 09 74 46 42 53 53 15 15 00 00
[follow_planner-6] [INFO] [1791265040.880365462] [follow_planner_node]: self-filter: bo 8/209 tia dap vao than xe
[decoded_serial_node-3] [INFO] [1791265040.890673762] [bw_dr03_decoded_serial_node]: RECEIVED /cmd_vel: linear.x=0.0, angular.z=0.9
[decoded_serial_node-3] [INFO] [1791265040.891475202] [bw_dr03_decoded_serial_node]: SEND MOTOR CMD: cd eb d7 09 74 46 42 53 53 15 15 00 00
[decoded_serial_node-3] [INFO] [1791265040.957372572] [bw_dr03_decoded_serial_node]: RECEIVED /cmd_vel: linear.x=0.0, angular.z=0.9
[decoded_serial_node-3] [INFO] [1791265040.958220317] [bw_dr03_decoded_serial_node]: SEND MOTOR CMD: cd eb d7 09 74 46 42 53 53 15 15 00 00
[follow_planner-6] [INFO] [1791265041.022713088] [follow_planner_node]: [OCCLUDED] nguoi ra khoi camera — xoay ve huong nho cuoi | d=1.00m goc=105deg | v=0.000 w=0.900 | thoang=-
[decoded_serial_node-3] [INFO] [1791265041.023405295] [bw_dr03_decoded_serial_node]: RECEIVED /cmd_vel: linear.x=0.0, angular.z=0.9
[decoded_serial_node-3] [INFO] [1791265041.024149744] [bw_dr03_decoded_serial_node]: SEND MOTOR CMD: cd eb d7 09 74 46 42 53 53 15 15 00 00
[decoded_serial_node-3] [INFO] [1791265041.090580219] [bw_dr03_decoded_serial_node]: RECEIVED /cmd_vel: linear.x=0.0, angular.z=0.9
[decoded_serial_node-3] [INFO] [1791265041.091361474] [bw_dr03_decoded_serial_node]: SEND MOTOR CMD: cd eb d7 09 74 46 42 53 53 15 15 00 00
[decoded_serial_node-3] [INFO] [1791265041.157438128] [bw_dr03_decoded_serial_node]: RECEIVED /cmd_vel: linear.x=0.0, angular.z=0.9
[decoded_serial_node-3] [INFO] [1791265041.158206323] [bw_dr03_decoded_serial_node]: SEND MOTOR CMD: cd eb d7 09 74 46 42 53 53 15 15 00 00
[rssi_bearing-5] [INFO] [1791265041.181075266] [rssi_bearing_node]: huong nguoi: -6 do so voi mui xe (da xoay 256 do, corr 0.58, margin 0.10)
[decoded_serial_node-3] [INFO] [1791265041.224108441] [bw_dr03_decoded_serial_node]: RECEIVED /cmd_vel: linear.x=0.0, angular.z=0.9
[decoded_serial_node-3] [INFO] [1791265041.224864763] [bw_dr03_decoded_serial_node]: SEND MOTOR CMD: cd eb d7 09 74 46 42 53 53 15 15 00 00
[decoded_serial_node-3] [INFO] [1791265041.291734546] [bw_dr03_decoded_serial_node]: RECEIVED /cmd_vel: linear.x=0.0, angular.z=0.9
[decoded_serial_node-3] [INFO] [1791265041.292532424] [bw_dr03_decoded_serial_node]: SEND MOTOR CMD: cd eb d7 09 74 46 42 53 53 15 15 00 00
[decoded_serial_node-3] [INFO] [1791265041.357052503] [bw_dr03_decoded_serial_node]: RECEIVED /cmd_vel: linear.x=0.0, angular.z=0.9
[decoded_serial_node-3] [INFO] [1791265041.358192329] [bw_dr03_decoded_serial_node]: SEND MOTOR CMD: cd eb d7 09 74 46 42 53 53 15 15 00 00
[decoded_serial_node-3] [INFO] [1791265041.423885479] [bw_dr03_decoded_serial_node]: RECEIVED /cmd_vel: linear.x=0.0, angular.z=0.9
[decoded_serial_node-3] [INFO] [1791265041.425070423] [bw_dr03_decoded_serial_node]: SEND MOTOR CMD: cd eb d7 09 74 46 42 53 53 15 15 00 00
[decoded_serial_node-3] [INFO] [1791265041.497969409] [bw_dr03_decoded_serial_node]: RECEIVED /cmd_vel: linear.x=0.0, angular.z=0.9
[decoded_serial_node-3] [INFO] [1791265041.498724544] [bw_dr03_decoded_serial_node]: SEND MOTOR CMD: cd eb d7 09 74 46 42 53 53 15 15 00 00
[decoded_serial_node-3] [INFO] [1791265041.558547591] [bw_dr03_decoded_serial_node]: RECEIVED /cmd_vel: linear.x=0.0, angular.z=0.9
[decoded_serial_node-3] [INFO] [1791265041.559327659] [bw_dr03_decoded_serial_node]: SEND MOTOR CMD: cd eb d7 09 74 46 42 53 53 15 15 00 00
[decoded_serial_node-3] [INFO] [1791265041.623179278] [bw_dr03_decoded_serial_node]: RECEIVED /cmd_vel: linear.x=0.0, angular.z=0.9
[decoded_serial_node-3] [INFO] [1791265041.623902355] [bw_dr03_decoded_serial_node]: SEND MOTOR CMD: cd eb d7 09 74 46 42 53 53 15 15 00 00
[decoded_serial_node-3] [INFO] [1791265041.691828851] [bw_dr03_decoded_serial_node]: RECEIVED /cmd_vel: linear.x=0.0, angular.z=0.9
[decoded_serial_node-3] [INFO] [1791265041.692580424] [bw_dr03_decoded_serial_node]: SEND MOTOR CMD: cd eb d7 09 74 46 42 53 53 15 15 00 00
[decoded_serial_node-3] [INFO] [1791265041.757108814] [bw_dr03_decoded_serial_node]: RECEIVED /cmd_vel: linear.x=0.0, angular.z=0.9
[decoded_serial_node-3] [INFO] [1791265041.757862762] [bw_dr03_decoded_serial_node]: SEND MOTOR CMD: cd eb d7 09 74 46 42 53 53 15 15 00 00
[decoded_serial_node-3] [INFO] [1791265041.823633087] [bw_dr03_decoded_serial_node]: RECEIVED /cmd_vel: linear.x=0.0, angular.z=0.9
[decoded_serial_node-3] [INFO] [1791265041.824395346] [bw_dr03_decoded_serial_node]: SEND MOTOR CMD: cd eb d7 09 74 46 42 53 53 15 15 00 00
[decoded_serial_node-3] [INFO] [1791265041.890518305] [bw_dr03_decoded_serial_node]: RECEIVED /cmd_vel: linear.x=0.0, angular.z=0.9
[decoded_serial_node-3] [INFO] [1791265041.891278189] [bw_dr03_decoded_serial_node]: SEND MOTOR CMD: cd eb d7 09 74 46 42 53 53 15 15 00 00
[decoded_serial_node-3] [INFO] [1791265041.957787027] [bw_dr03_decoded_serial_node]: RECEIVED /cmd_vel: linear.x=0.0, angular.z=0.9
[decoded_serial_node-3] [INFO] [1791265041.958564720] [bw_dr03_decoded_serial_node]: SEND MOTOR CMD: cd eb d7 09 74 46 42 53 53 15 15 00 00
[follow_planner-6] [INFO] [1791265042.022993376] [follow_planner_node]: [OCCLUDED] nguoi ra khoi camera — xoay ve huong nho cuoi | d=1.00m goc=62deg | v=0.000 w=0.900 | thoang=-
[decoded_serial_node-3] [INFO] [1791265042.023873179] [bw_dr03_decoded_serial_node]: RECEIVED /cmd_vel: linear.x=0.0, angular.z=0.9
[decoded_serial_node-3] [INFO] [1791265042.024672244] [bw_dr03_decoded_serial_node]: SEND MOTOR CMD: cd eb d7 09 74 46 42 53 53 15 15 00 00
[decoded_serial_node-3] [INFO] [1791265042.091092033] [bw_dr03_decoded_serial_node]: RECEIVED /cmd_vel: linear.x=0.0, angular.z=0.9
[decoded_serial_node-3] [INFO] [1791265042.091902971] [bw_dr03_decoded_serial_node]: SEND MOTOR CMD: cd eb d7 09 74 46 42 53 53 15 15 00 00
[decoded_serial_node-3] [INFO] [1791265042.159383035] [bw_dr03_decoded_serial_node]: RECEIVED /cmd_vel: linear.x=0.0, angular.z=0.9
[decoded_serial_node-3] [INFO] [1791265042.160178538] [bw_dr03_decoded_serial_node]: SEND MOTOR CMD: cd eb d7 09 74 46 42 53 53 15 15 00 00
[decoded_serial_node-3] [INFO] [1791265042.229666358] [bw_dr03_decoded_serial_node]: RECEIVED /cmd_vel: linear.x=0.0, angular.z=0.9
[decoded_serial_node-3] [INFO] [1791265042.230408432] [bw_dr03_decoded_serial_node]: SEND MOTOR CMD: cd eb d7 09 74 46 42 53 53 15 15 00 00
[decoded_serial_node-3] [INFO] [1791265042.291801113] [bw_dr03_decoded_serial_node]: RECEIVED /cmd_vel: linear.x=0.0, angular.z=0.9
[decoded_serial_node-3] [INFO] [1791265042.292577620] [bw_dr03_decoded_serial_node]: SEND MOTOR CMD: cd eb d7 09 74 46 42 53 53 15 15 00 00
[decoded_serial_node-3] [INFO] [1791265042.357504949] [bw_dr03_decoded_serial_node]: RECEIVED /cmd_vel: linear.x=0.0, angular.z=0.9
[decoded_serial_node-3] [INFO] [1791265042.358287391] [bw_dr03_decoded_serial_node]: SEND MOTOR CMD: cd eb d7 09 74 46 42 53 53 15 15 00 00
[decoded_serial_node-3] [INFO] [1791265042.423612472] [bw_dr03_decoded_serial_node]: RECEIVED /cmd_vel: linear.x=0.0, angular.z=0.9
[decoded_serial_node-3] [INFO] [1791265042.424384229] [bw_dr03_decoded_serial_node]: SEND MOTOR CMD: cd eb d7 09 74 46 42 53 53 15 15 00 00
[decoded_serial_node-3] [INFO] [1791265042.490876444] [bw_dr03_decoded_serial_node]: RECEIVED /cmd_vel: linear.x=0.0, angular.z=0.9
[decoded_serial_node-3] [INFO] [1791265042.491647014] [bw_dr03_decoded_serial_node]: SEND MOTOR CMD: cd eb d7 09 74 46 42 53 53 15 15 00 00
[decoded_serial_node-3] [INFO] [1791265042.557690422] [bw_dr03_decoded_serial_node]: RECEIVED /cmd_vel: linear.x=0.0, angular.z=0.9
[decoded_serial_node-3] [INFO] [1791265042.558776818] [bw_dr03_decoded_serial_node]: SEND MOTOR CMD: cd eb d7 09 74 46 42 53 53 15 15 00 00
[decoded_serial_node-3] [INFO] [1791265042.623773012] [bw_dr03_decoded_serial_node]: RECEIVED /cmd_vel: linear.x=0.0, angular.z=0.9
[decoded_serial_node-3] [INFO] [1791265042.624891466] [bw_dr03_decoded_serial_node]: SEND MOTOR CMD: cd eb d7 09 74 46 42 53 53 15 15 00 00
[decoded_serial_node-3] [INFO] [1791265042.690940811] [bw_dr03_decoded_serial_node]: RECEIVED /cmd_vel: linear.x=0.0, angular.z=0.9
[decoded_serial_node-3] [INFO] [1791265042.691756498] [bw_dr03_decoded_serial_node]: SEND MOTOR CMD: cd eb d7 09 74 46 42 53 53 15 15 00 00
[decoded_serial_node-3] [INFO] [1791265042.756935539] [bw_dr03_decoded_serial_node]: RECEIVED /cmd_vel: linear.x=0.0, angular.z=0.9
[decoded_serial_node-3] [INFO] [1791265042.757937636] [bw_dr03_decoded_serial_node]: SEND MOTOR CMD: cd eb d7 09 74 46 42 53 53 15 15 00 00
[decoded_serial_node-3] [INFO] [1791265042.823900306] [bw_dr03_decoded_serial_node]: RECEIVED /cmd_vel: linear.x=0.0, angular.z=0.7843
[decoded_serial_node-3] [INFO] [1791265042.824681562] [bw_dr03_decoded_serial_node]: SEND MOTOR CMD: cd eb d7 09 74 46 42 53 53 13 13 00 00
[decoded_serial_node-3] [INFO] [1791265042.890540936] [bw_dr03_decoded_serial_node]: RECEIVED /cmd_vel: linear.x=0.0, angular.z=0.7843
[decoded_serial_node-3] [INFO] [1791265042.891315068] [bw_dr03_decoded_serial_node]: SEND MOTOR CMD: cd eb d7 09 74 46 42 53 53 13 13 00 00
[decoded_serial_node-3] [INFO] [1791265042.957835778] [bw_dr03_decoded_serial_node]: RECEIVED /cmd_vel: linear.x=0.0, angular.z=0.63866
[decoded_serial_node-3] [INFO] [1791265042.958606348] [bw_dr03_decoded_serial_node]: SEND MOTOR CMD: cd eb d7 09 74 46 42 53 53 0f 0f 00 00
[follow_planner-6] [INFO] [1791265043.022884213] [follow_planner_node]: [OCCLUDED] canh huong tai cho | d=1.00m goc=14deg | v=0.000 w=0.528 | thoang=-
[decoded_serial_node-3] [INFO] [1791265043.023915993] [bw_dr03_decoded_serial_node]: RECEIVED /cmd_vel: linear.x=0.0, angular.z=0.528
[decoded_serial_node-3] [INFO] [1791265043.024680626] [bw_dr03_decoded_serial_node]: SEND MOTOR CMD: cd eb d7 09 74 46 42 53 53 0c 0c 00 00
[decoded_serial_node-3] [INFO] [1791265043.090505567] [bw_dr03_decoded_serial_node]: RECEIVED /cmd_vel: linear.x=0.0, angular.z=0.39138000000000006
[decoded_serial_node-3] [INFO] [1791265043.091609773] [bw_dr03_decoded_serial_node]: SEND MOTOR CMD: cd eb d7 09 74 46 42 53 53 09 09 00 00
[decoded_serial_node-3] [INFO] [1791265043.156546600] [bw_dr03_decoded_serial_node]: RECEIVED /cmd_vel: linear.x=0.0, angular.z=0.23138000000000006
[decoded_serial_node-3] [INFO] [1791265043.157613999] [bw_dr03_decoded_serial_node]: SEND MOTOR CMD: cd eb d7 09 74 46 42 53 53 05 05 00 00
[decoded_serial_node-3] [INFO] [1791265043.225322028] [bw_dr03_decoded_serial_node]: RECEIVED /cmd_vel: linear.x=0.0, angular.z=0.1
[decoded_serial_node-3] [INFO] [1791265043.226140090] [bw_dr03_decoded_serial_node]: SEND MOTOR CMD: cd eb d7 09 74 46 42 53 53 05 05 00 00
[decoded_serial_node-3] [INFO] [1791265043.262931530] [bw_dr03_decoded_serial_node]: RECEIVED /cmd_vel: linear.x=0.0, angular.z=0.0
[decoded_serial_node-3] [INFO] [1791265043.263725847] [bw_dr03_decoded_serial_node]: SEND MOTOR CMD: cd eb d7 09 74 53 53 53 53 1e 1e 00 00
[decoded_serial_node-3] [INFO] [1791265043.305344924] [bw_dr03_decoded_serial_node]: RECEIVED /cmd_vel: linear.x=0.0, angular.z=0.0
[decoded_serial_node-3] [INFO] [1791265043.351959051] [bw_dr03_decoded_serial_node]: RECEIVED /cmd_vel: linear.x=0.0, angular.z=0.0
[decoded_serial_node-3] [INFO] [1791265043.392779063] [bw_dr03_decoded_serial_node]: RECEIVED /cmd_vel: linear.x=0.0, angular.z=0.0
[follow_planner-6] [INFO] [1791265043.442612010] [follow_planner_node]: Bam nguoi: TAT
[decoded_serial_node-3] [INFO] [1791265043.752474846] [bw_dr03_decoded_serial_node]: RECEIVED /cmd_vel: linear.x=0.0, angular.z=0.9
[decoded_serial_node-3] [INFO] [1791265043.753319030] [bw_dr03_decoded_serial_node]: SEND MOTOR CMD: cd eb d7 09 74 46 42 53 53 15 15 00 00
[rssi_bearing-5] [INFO] [1791265043.778472374] [rssi_bearing_node]: chua co huong hop le: chua du du lieu
[decoded_serial_node-3] [INFO] [1791265043.823747205] [bw_dr03_decoded_serial_node]: RECEIVED /cmd_vel: linear.x=0.0, angular.z=0.9
[decoded_serial_node-3] [INFO] [1791265043.824501152] [bw_dr03_decoded_serial_node]: SEND MOTOR CMD: cd eb d7 09 74 46 42 53 53 15 15 00 00
[decoded_serial_node-3] [INFO] [1791265043.891437424] [bw_dr03_decoded_serial_node]: RECEIVED /cmd_vel: linear.x=0.0, angular.z=0.9
[decoded_serial_node-3] [INFO] [1791265043.892509572] [bw_dr03_decoded_serial_node]: SEND MOTOR CMD: cd eb d7 09 74 46 42 53 53 15 15 00 00
[decoded_serial_node-3] [INFO] [1791265043.968792415] [bw_dr03_decoded_serial_node]: RECEIVED /cmd_vel: linear.x=0.0, angular.z=0.9
[decoded_serial_node-3] [INFO] [1791265043.970026039] [bw_dr03_decoded_serial_node]: SEND MOTOR CMD: cd eb d7 09 74 46 42 53 53 15 15 00 00
[decoded_serial_node-3] [INFO] [1791265044.041851688] [bw_dr03_decoded_serial_node]: RECEIVED /cmd_vel: linear.x=0.0, angular.z=0.9
[decoded_serial_node-3] [INFO] [1791265044.042687560] [bw_dr03_decoded_serial_node]: SEND MOTOR CMD: cd eb d7 09 74 46 42 53 53 15 15 00 00
[follow_planner-6] [INFO] [1791265044.089291000] [follow_planner_node]: [IDLE] disabled | d=- goc=- | v=0.000 w=0.000 | thoang=-
[decoded_serial_node-3] [INFO] [1791265044.112886582] [bw_dr03_decoded_serial_node]: RECEIVED /cmd_vel: linear.x=0.0, angular.z=0.9
[decoded_serial_node-3] [INFO] [1791265044.113712956] [bw_dr03_decoded_serial_node]: SEND MOTOR CMD: cd eb d7 09 74 46 42 53 53 15 15 00 00
[decoded_serial_node-3] [INFO] [1791265044.180478252] [bw_dr03_decoded_serial_node]: RECEIVED /cmd_vel: linear.x=0.0, angular.z=0.9
[decoded_serial_node-3] [INFO] [1791265044.181298689] [bw_dr03_decoded_serial_node]: SEND MOTOR CMD: cd eb d7 09 74 46 42 53 53 15 15 00 00
[decoded_serial_node-3] [INFO] [1791265044.252926056] [bw_dr03_decoded_serial_node]: RECEIVED /cmd_vel: linear.x=0.0, angular.z=0.9
[decoded_serial_node-3] [INFO] [1791265044.254058757] [bw_dr03_decoded_serial_node]: SEND MOTOR CMD: cd eb d7 09 74 46 42 53 53 15 15 00 00
[decoded_serial_node-3] [INFO] [1791265044.323729423] [bw_dr03_decoded_serial_node]: RECEIVED /cmd_vel: linear.x=0.0, angular.z=0.9
[decoded_serial_node-3] [INFO] [1791265044.324497618] [bw_dr03_decoded_serial_node]: SEND MOTOR CMD: cd eb d7 09 74 46 42 53 53 15 15 00 00
[decoded_serial_node-3] [INFO] [1791265044.392751812] [bw_dr03_decoded_serial_node]: RECEIVED /cmd_vel: linear.x=0.0, angular.z=0.9
[decoded_serial_node-3] [INFO] [1791265044.393552065] [bw_dr03_decoded_serial_node]: SEND MOTOR CMD: cd eb d7 09 74 46 42 53 53 15 15 00 00
[decoded_serial_node-3] [INFO] [1791265044.467964880] [bw_dr03_decoded_serial_node]: RECEIVED /cmd_vel: linear.x=0.0, angular.z=0.9
[decoded_serial_node-3] [INFO] [1791265044.468748510] [bw_dr03_decoded_serial_node]: SEND MOTOR CMD: cd eb d7 09 74 46 42 53 53 15 15 00 00
[decoded_serial_node-3] [INFO] [1791265044.541455149] [bw_dr03_decoded_serial_node]: RECEIVED /cmd_vel: linear.x=0.0, angular.z=0.9
[decoded_serial_node-3] [INFO] [1791265044.542287459] [bw_dr03_decoded_serial_node]: SEND MOTOR CMD: cd eb d7 09 74 46 42 53 53 15 15 00 00
[decoded_serial_node-3] [INFO] [1791265044.618941932] [bw_dr03_decoded_serial_node]: RECEIVED /cmd_vel: linear.x=0.0, angular.z=0.9
[decoded_serial_node-3] [INFO] [1791265044.619732686] [bw_dr03_decoded_serial_node]: SEND MOTOR CMD: cd eb d7 09 74 46 42 53 53 15 15 00 00
[decoded_serial_node-3] [INFO] [1791265044.690267719] [bw_dr03_decoded_serial_node]: RECEIVED /cmd_vel: linear.x=0.0, angular.z=0.9
[decoded_serial_node-3] [INFO] [1791265044.691051350] [bw_dr03_decoded_serial_node]: SEND MOTOR CMD: cd eb d7 09 74 46 42 53 53 15 15 00 00
[decoded_serial_node-3] [INFO] [1791265044.760095111] [bw_dr03_decoded_serial_node]: RECEIVED /cmd_vel: linear.x=0.0, angular.z=0.9
[decoded_serial_node-3] [INFO] [1791265044.761155386] [bw_dr03_decoded_serial_node]: SEND MOTOR CMD: cd eb d7 09 74 46 42 53 53 15 15 00 00
[decoded_serial_node-3] [INFO] [1791265044.829846513] [bw_dr03_decoded_serial_node]: RECEIVED /cmd_vel: linear.x=0.0, angular.z=0.9
[decoded_serial_node-3] [INFO] [1791265044.830860483] [bw_dr03_decoded_serial_node]: SEND MOTOR CMD: cd eb d7 09 74 46 42 53 53 15 15 00 00
[decoded_serial_node-3] [INFO] [1791265044.906800191] [bw_dr03_decoded_serial_node]: RECEIVED /cmd_vel: linear.x=0.0, angular.z=0.9
[decoded_serial_node-3] [INFO] [1791265044.907843844] [bw_dr03_decoded_serial_node]: SEND MOTOR CMD: cd eb d7 09 74 46 42 53 53 15 15 00 00
[decoded_serial_node-3] [INFO] [1791265044.980348638] [bw_dr03_decoded_serial_node]: RECEIVED /cmd_vel: linear.x=0.0, angular.z=0.9
[decoded_serial_node-3] [INFO] [1791265044.981115646] [bw_dr03_decoded_serial_node]: SEND MOTOR CMD: cd eb d7 09 74 46 42 53 53 15 15 00 00
[decoded_serial_node-3] [INFO] [1791265045.053990883] [bw_dr03_decoded_serial_node]: RECEIVED /cmd_vel: linear.x=0.0, angular.z=0.9
[decoded_serial_node-3] [INFO] [1791265045.055179389] [bw_dr03_decoded_serial_node]: SEND MOTOR CMD: cd eb d7 09 74 46 42 53 53 15 15 00 00
[decoded_serial_node-3] [INFO] [1791265045.123878827] [bw_dr03_decoded_serial_node]: RECEIVED /cmd_vel: linear.x=0.0, angular.z=0.9
[decoded_serial_node-3] [INFO] [1791265045.124947414] [bw_dr03_decoded_serial_node]: SEND MOTOR CMD: cd eb d7 09 74 46 42 53 53 15 15 00 00
[follow_planner-6] [INFO] [1791265045.155709650] [follow_planner_node]: [IDLE] disabled | d=- goc=- | v=0.000 w=0.000 | thoang=-
[decoded_serial_node-3] [INFO] [1791265045.193033008] [bw_dr03_decoded_serial_node]: RECEIVED /cmd_vel: linear.x=0.0, angular.z=0.9
[decoded_serial_node-3] [INFO] [1791265045.194163335] [bw_dr03_decoded_serial_node]: SEND MOTOR CMD: cd eb d7 09 74 46 42 53 53 15 15 00 00
[decoded_serial_node-3] [INFO] [1791265045.267346088] [bw_dr03_decoded_serial_node]: RECEIVED /cmd_vel: linear.x=0.0, angular.z=0.9
[decoded_serial_node-3] [INFO] [1791265045.268455044] [bw_dr03_decoded_serial_node]: SEND MOTOR CMD: cd eb d7 09 74 46 42 53 53 15 15 00 00
[decoded_serial_node-3] [INFO] [1791265045.335209654] [bw_dr03_decoded_serial_node]: RECEIVED /cmd_vel: linear.x=0.0, angular.z=0.9
[decoded_serial_node-3] [INFO] [1791265045.335965976] [bw_dr03_decoded_serial_node]: SEND MOTOR CMD: cd eb d7 09 74 46 42 53 53 15 15 00 00
[decoded_serial_node-3] [INFO] [1791265045.402693277] [bw_dr03_decoded_serial_node]: RECEIVED /cmd_vel: linear.x=0.0, angular.z=0.9
[decoded_serial_node-3] [INFO] [1791265045.403747616] [bw_dr03_decoded_serial_node]: SEND MOTOR CMD: cd eb d7 09 74 46 42 53 53 15 15 00 00
[decoded_serial_node-3] [INFO] [1791265045.478738655] [bw_dr03_decoded_serial_node]: RECEIVED /cmd_vel: linear.x=0.0, angular.z=0.9
[decoded_serial_node-3] [INFO] [1791265045.479575715] [bw_dr03_decoded_serial_node]: SEND MOTOR CMD: cd eb d7 09 74 46 42 53 53 15 15 00 00
[decoded_serial_node-3] [INFO] [1791265045.550420637] [bw_dr03_decoded_serial_node]: RECEIVED /cmd_vel: linear.x=0.0, angular.z=0.9
[decoded_serial_node-3] [INFO] [1791265045.551617454] [bw_dr03_decoded_serial_node]: SEND MOTOR CMD: cd eb d7 09 74 46 42 53 53 15 15 00 00
[decoded_serial_node-3] [INFO] [1791265045.623253131] [bw_dr03_decoded_serial_node]: RECEIVED /cmd_vel: linear.x=0.0, angular.z=0.9
[decoded_serial_node-3] [INFO] [1791265045.624036761] [bw_dr03_decoded_serial_node]: SEND MOTOR CMD: cd eb d7 09 74 46 42 53 53 15 15 00 00
[decoded_serial_node-3] [INFO] [1791265045.691451521] [bw_dr03_decoded_serial_node]: RECEIVED /cmd_vel: linear.x=0.0, angular.z=0.9
[decoded_serial_node-3] [INFO] [1791265045.692218528] [bw_dr03_decoded_serial_node]: SEND MOTOR CMD: cd eb d7 09 74 46 42 53 53 15 15 00 00
[decoded_serial_node-3] [INFO] [1791265045.768186730] [bw_dr03_decoded_serial_node]: RECEIVED /cmd_vel: linear.x=0.0, angular.z=0.9
[decoded_serial_node-3] [INFO] [1791265045.768927617] [bw_dr03_decoded_serial_node]: SEND MOTOR CMD: cd eb d7 09 74 46 42 53 53 15 15 00 00
[decoded_serial_node-3] [INFO] [1791265045.841787419] [bw_dr03_decoded_serial_node]: RECEIVED /cmd_vel: linear.x=0.0, angular.z=0.9
[decoded_serial_node-3] [INFO] [1791265045.842580548] [bw_dr03_decoded_serial_node]: SEND MOTOR CMD: cd eb d7 09 74 46 42 53 53 15 15 00 00
[decoded_serial_node-3] [INFO] [1791265045.917309190] [bw_dr03_decoded_serial_node]: RECEIVED /cmd_vel: linear.x=0.0, angular.z=0.9
[decoded_serial_node-3] [INFO] [1791265045.918103506] [bw_dr03_decoded_serial_node]: SEND MOTOR CMD: cd eb d7 09 74 46 42 53 53 15 15 00 00
[decoded_serial_node-3] [INFO] [1791265045.993201403] [bw_dr03_decoded_serial_node]: RECEIVED /cmd_vel: linear.x=0.0, angular.z=0.9
[decoded_serial_node-3] [INFO] [1791265045.993949414] [bw_dr03_decoded_serial_node]: SEND MOTOR CMD: cd eb d7 09 74 46 42 53 53 15 15 00 00
[decoded_serial_node-3] [INFO] [1791265046.061235942] [bw_dr03_decoded_serial_node]: RECEIVED /cmd_vel: linear.x=0.0, angular.z=0.9
[decoded_serial_node-3] [INFO] [1791265046.061998201] [bw_dr03_decoded_serial_node]: SEND MOTOR CMD: cd eb d7 09 74 46 42 53 53 15 15 00 00
[decoded_serial_node-3] [INFO] [1791265046.131794720] [bw_dr03_decoded_serial_node]: RECEIVED /cmd_vel: linear.x=0.0, angular.z=0.9
[decoded_serial_node-3] [INFO] [1791265046.132571227] [bw_dr03_decoded_serial_node]: SEND MOTOR CMD: cd eb d7 09 74 46 42 53 53 15 15 00 00
[follow_planner-6] [INFO] [1791265046.155861667] [follow_planner_node]: [IDLE] disabled | d=- goc=- | v=0.000 w=0.000 | thoang=-
[decoded_serial_node-3] [INFO] [1791265046.202829613] [bw_dr03_decoded_serial_node]: RECEIVED /cmd_vel: linear.x=0.0, angular.z=0.9
[decoded_serial_node-3] [INFO] [1791265046.203670235] [bw_dr03_decoded_serial_node]: SEND MOTOR CMD: cd eb d7 09 74 46 42 53 53 15 15 00 00
[decoded_serial_node-3] [INFO] [1791265046.278641088] [bw_dr03_decoded_serial_node]: RECEIVED /cmd_vel: linear.x=0.0, angular.z=0.9
[decoded_serial_node-3] [INFO] [1791265046.279434217] [bw_dr03_decoded_serial_node]: SEND MOTOR CMD: cd eb d7 09 74 46 42 53 53 15 15 00 00
[decoded_serial_node-3] [INFO] [1791265046.347270474] [bw_dr03_decoded_serial_node]: RECEIVED /cmd_vel: linear.x=0.0, angular.z=0.9
[decoded_serial_node-3] [INFO] [1791265046.348020859] [bw_dr03_decoded_serial_node]: SEND MOTOR CMD: cd eb d7 09 74 46 42 53 53 15 15 00 00
[decoded_serial_node-3] [INFO] [1791265046.423730225] [bw_dr03_decoded_serial_node]: RECEIVED /cmd_vel: linear.x=0.0, angular.z=0.9
[decoded_serial_node-3] [INFO] [1791265046.424499607] [bw_dr03_decoded_serial_node]: SEND MOTOR CMD: cd eb d7 09 74 46 42 53 53 15 15 00 00
[decoded_serial_node-3] [INFO] [1791265046.491444188] [bw_dr03_decoded_serial_node]: RECEIVED /cmd_vel: linear.x=0.0, angular.z=0.9
[decoded_serial_node-3] [INFO] [1791265046.492238504] [bw_dr03_decoded_serial_node]: SEND MOTOR CMD: cd eb d7 09 74 46 42 53 53 15 15 00 00
[decoded_serial_node-3] [INFO] [1791265046.568567650] [bw_dr03_decoded_serial_node]: RECEIVED /cmd_vel: linear.x=0.0, angular.z=0.9
[decoded_serial_node-3] [INFO] [1791265046.569353655] [bw_dr03_decoded_serial_node]: SEND MOTOR CMD: cd eb d7 09 74 46 42 53 53 15 15 00 00
[decoded_serial_node-3] [INFO] [1791265046.641838264] [bw_dr03_decoded_serial_node]: RECEIVED /cmd_vel: linear.x=0.0, angular.z=0.9
[decoded_serial_node-3] [INFO] [1791265046.642621894] [bw_dr03_decoded_serial_node]: SEND MOTOR CMD: cd eb d7 09 74 46 42 53 53 15 15 00 00
[decoded_serial_node-3] [INFO] [1791265046.712501526] [bw_dr03_decoded_serial_node]: RECEIVED /cmd_vel: linear.x=0.0, angular.z=0.9
[decoded_serial_node-3] [INFO] [1791265046.713312464] [bw_dr03_decoded_serial_node]: SEND MOTOR CMD: cd eb d7 09 74 46 42 53 53 15 15 00 00
[decoded_serial_node-3] [INFO] [1791265046.780588307] [bw_dr03_decoded_serial_node]: RECEIVED /cmd_vel: linear.x=0.0, angular.z=0.9
[decoded_serial_node-3] [INFO] [1791265046.781417055] [bw_dr03_decoded_serial_node]: SEND MOTOR CMD: cd eb d7 09 74 46 42 53 53 15 15 00 00
[decoded_serial_node-3] [INFO] [1791265046.853294944] [bw_dr03_decoded_serial_node]: RECEIVED /cmd_vel: linear.x=0.0, angular.z=0.9
[decoded_serial_node-3] [INFO] [1791265046.854056015] [bw_dr03_decoded_serial_node]: SEND MOTOR CMD: cd eb d7 09 74 46 42 53 53 15 15 00 00
[decoded_serial_node-3] [INFO] [1791265046.923543832] [bw_dr03_decoded_serial_node]: RECEIVED /cmd_vel: linear.x=0.0, angular.z=0.9
[decoded_serial_node-3] [INFO] [1791265046.924332211] [bw_dr03_decoded_serial_node]: SEND MOTOR CMD: cd eb d7 09 74 46 42 53 53 15 15 00 00
[decoded_serial_node-3] [INFO] [1791265046.993592063] [bw_dr03_decoded_serial_node]: RECEIVED /cmd_vel: linear.x=0.0, angular.z=0.9
[decoded_serial_node-3] [INFO] [1791265046.994373319] [bw_dr03_decoded_serial_node]: SEND MOTOR CMD: cd eb d7 09 74 46 42 53 53 15 15 00 00
[decoded_serial_node-3] [INFO] [1791265047.068281522] [bw_dr03_decoded_serial_node]: RECEIVED /cmd_vel: linear.x=0.0, angular.z=0.9
[decoded_serial_node-3] [INFO] [1791265047.069116206] [bw_dr03_decoded_serial_node]: SEND MOTOR CMD: cd eb d7 09 74 46 42 53 53 15 15 00 00
[decoded_serial_node-3] [INFO] [1791265047.136432417] [bw_dr03_decoded_serial_node]: RECEIVED /cmd_vel: linear.x=0.0, angular.z=0.9
[decoded_serial_node-3] [INFO] [1791265047.137205361] [bw_dr03_decoded_serial_node]: SEND MOTOR CMD: cd eb d7 09 74 46 42 53 53 15 15 00 00
[decoded_serial_node-3] [INFO] [1791265047.215710862] [bw_dr03_decoded_serial_node]: RECEIVED /cmd_vel: linear.x=0.0, angular.z=0.9
[decoded_serial_node-3] [INFO] [1791265047.216469558] [bw_dr03_decoded_serial_node]: SEND MOTOR CMD: cd eb d7 09 74 46 42 53 53 15 15 00 00
[follow_planner-6] [INFO] [1791265047.222938069] [follow_planner_node]: [IDLE] disabled | d=- goc=- | v=0.000 w=0.000 | thoang=-
[decoded_serial_node-3] [INFO] [1791265047.281816007] [bw_dr03_decoded_serial_node]: RECEIVED /cmd_vel: linear.x=0.0, angular.z=0.9
[decoded_serial_node-3] [INFO] [1791265047.282566393] [bw_dr03_decoded_serial_node]: SEND MOTOR CMD: cd eb d7 09 74 46 42 53 53 15 15 00 00
[decoded_serial_node-3] [INFO] [1791265047.351930727] [bw_dr03_decoded_serial_node]: RECEIVED /cmd_vel: linear.x=0.0, angular.z=0.9
[decoded_serial_node-3] [INFO] [1791265047.352726231] [bw_dr03_decoded_serial_node]: SEND MOTOR CMD: cd eb d7 09 74 46 42 53 53 15 15 00 00
[decoded_serial_node-3] [INFO] [1791265047.423717192] [bw_dr03_decoded_serial_node]: RECEIVED /cmd_vel: linear.x=0.0, angular.z=0.9
[decoded_serial_node-3] [INFO] [1791265047.424488949] [bw_dr03_decoded_serial_node]: SEND MOTOR CMD: cd eb d7 09 74 46 42 53 53 15 15 00 00
[decoded_serial_node-3] [INFO] [1791265047.491636561] [bw_dr03_decoded_serial_node]: RECEIVED /cmd_vel: linear.x=0.0, angular.z=0.9
[decoded_serial_node-3] [INFO] [1791265047.492416629] [bw_dr03_decoded_serial_node]: SEND MOTOR CMD: cd eb d7 09 74 46 42 53 53 15 15 00 00
[decoded_serial_node-3] [INFO] [1791265047.562322381] [bw_dr03_decoded_serial_node]: RECEIVED /cmd_vel: linear.x=0.0, angular.z=0.9
[decoded_serial_node-3] [INFO] [1791265047.563103637] [bw_dr03_decoded_serial_node]: SEND MOTOR CMD: cd eb d7 09 74 46 42 53 53 15 15 00 00
[decoded_serial_node-3] [INFO] [1791265047.631239097] [bw_dr03_decoded_serial_node]: RECEIVED /cmd_vel: linear.x=0.0, angular.z=0.9
[decoded_serial_node-3] [INFO] [1791265047.632052410] [bw_dr03_decoded_serial_node]: SEND MOTOR CMD: cd eb d7 09 74 46 42 53 53 15 15 00 00
[decoded_serial_node-3] [INFO] [1791265047.702364225] [bw_dr03_decoded_serial_node]: RECEIVED /cmd_vel: linear.x=0.0, angular.z=0.9
[decoded_serial_node-3] [INFO] [1791265047.703152605] [bw_dr03_decoded_serial_node]: SEND MOTOR CMD: cd eb d7 09 74 46 42 53 53 15 15 00 00
[decoded_serial_node-3] [INFO] [1791265047.776805534] [bw_dr03_decoded_serial_node]: RECEIVED /cmd_vel: linear.x=0.0, angular.z=0.9
[decoded_serial_node-3] [INFO] [1791265047.777564231] [bw_dr03_decoded_serial_node]: SEND MOTOR CMD: cd eb d7 09 74 46 42 53 53 15 15 00 00
[decoded_serial_node-3] [INFO] [1791265047.852928086] [bw_dr03_decoded_serial_node]: RECEIVED /cmd_vel: linear.x=0.0, angular.z=0.9
[decoded_serial_node-3] [INFO] [1791265047.853703405] [bw_dr03_decoded_serial_node]: SEND MOTOR CMD: cd eb d7 09 74 46 42 53 53 15 15 00 00
[decoded_serial_node-3] [INFO] [1791265047.923295705] [bw_dr03_decoded_serial_node]: RECEIVED /cmd_vel: linear.x=0.0, angular.z=0.9
[decoded_serial_node-3] [INFO] [1791265047.924072212] [bw_dr03_decoded_serial_node]: SEND MOTOR CMD: cd eb d7 09 74 46 42 53 53 15 15 00 00
[decoded_serial_node-3] [INFO] [1791265047.992902253] [bw_dr03_decoded_serial_node]: RECEIVED /cmd_vel: linear.x=0.0, angular.z=0.9
[decoded_serial_node-3] [INFO] [1791265047.993693007] [bw_dr03_decoded_serial_node]: SEND MOTOR CMD: cd eb d7 09 74 46 42 53 53 15 15 00 00
[decoded_serial_node-3] [INFO] [1791265048.067685509] [bw_dr03_decoded_serial_node]: RECEIVED /cmd_vel: linear.x=0.0, angular.z=0.9
[decoded_serial_node-3] [INFO] [1791265048.068475076] [bw_dr03_decoded_serial_node]: SEND MOTOR CMD: cd eb d7 09 74 46 42 53 53 15 15 00 00
[decoded_serial_node-3] [INFO] [1791265048.135024278] [bw_dr03_decoded_serial_node]: RECEIVED /cmd_vel: linear.x=0.0, angular.z=0.9
[decoded_serial_node-3] [INFO] [1791265048.135785349] [bw_dr03_decoded_serial_node]: SEND MOTOR CMD: cd eb d7 09 74 46 42 53 53 15 15 00 00
[decoded_serial_node-3] [INFO] [1791265048.203546804] [bw_dr03_decoded_serial_node]: RECEIVED /cmd_vel: linear.x=0.0, angular.z=0.9
[decoded_serial_node-3] [INFO] [1791265048.204330434] [bw_dr03_decoded_serial_node]: SEND MOTOR CMD: cd eb d7 09 74 46 42 53 53 15 15 00 00
[decoded_serial_node-3] [INFO] [1791265048.271816430] [bw_dr03_decoded_serial_node]: RECEIVED /cmd_vel: linear.x=0.0, angular.z=0.9
[decoded_serial_node-3] [INFO] [1791265048.272592937] [bw_dr03_decoded_serial_node]: SEND MOTOR CMD: cd eb d7 09 74 46 42 53 53 15 15 00 00
[follow_planner-6] [INFO] [1791265048.289736629] [follow_planner_node]: [IDLE] disabled | d=- goc=- | v=0.000 w=0.000 | thoang=-
[decoded_serial_node-3] [INFO] [1791265048.342403703] [bw_dr03_decoded_serial_node]: RECEIVED /cmd_vel: linear.x=0.0, angular.z=0.9
[decoded_serial_node-3] [INFO] [1791265048.343181396] [bw_dr03_decoded_serial_node]: SEND MOTOR CMD: cd eb d7 09 74 46 42 53 53 15 15 00 00
[decoded_serial_node-3] [INFO] [1791265048.414012069] [bw_dr03_decoded_serial_node]: RECEIVED /cmd_vel: linear.x=0.0, angular.z=0.9
[decoded_serial_node-3] [INFO] [1791265048.414752956] [bw_dr03_decoded_serial_node]: SEND MOTOR CMD: cd eb d7 09 74 46 42 53 53 15 15 00 00
[decoded_serial_node-3] [INFO] [1791265048.490548994] [bw_dr03_decoded_serial_node]: RECEIVED /cmd_vel: linear.x=0.0, angular.z=0.9
[decoded_serial_node-3] [INFO] [1791265048.491333812] [bw_dr03_decoded_serial_node]: SEND MOTOR CMD: cd eb d7 09 74 46 42 53 53 15 15 00 00
[decoded_serial_node-3] [INFO] [1791265048.558258207] [bw_dr03_decoded_serial_node]: RECEIVED /cmd_vel: linear.x=0.0, angular.z=0.9
[decoded_serial_node-3] [INFO] [1791265048.559019278] [bw_dr03_decoded_serial_node]: SEND MOTOR CMD: cd eb d7 09 74 46 42 53 53 15 15 00 00
[decoded_serial_node-3] [INFO] [1791265048.631746098] [bw_dr03_decoded_serial_node]: RECEIVED /cmd_vel: linear.x=0.0, angular.z=0.9
[decoded_serial_node-3] [INFO] [1791265048.632579596] [bw_dr03_decoded_serial_node]: SEND MOTOR CMD: cd eb d7 09 74 46 42 53 53 15 15 00 00
[decoded_serial_node-3] [INFO] [1791265048.702695503] [bw_dr03_decoded_serial_node]: RECEIVED /cmd_vel: linear.x=0.0, angular.z=0.9
[decoded_serial_node-3] [INFO] [1791265048.703481507] [bw_dr03_decoded_serial_node]: SEND MOTOR CMD: cd eb d7 09 74 46 42 53 53 15 15 00 00
[decoded_serial_node-3] [INFO] [1791265048.778768186] [bw_dr03_decoded_serial_node]: RECEIVED /cmd_vel: linear.x=0.0, angular.z=0.9
[decoded_serial_node-3] [INFO] [1791265048.779575563] [bw_dr03_decoded_serial_node]: SEND MOTOR CMD: cd eb d7 09 74 46 42 53 53 15 15 00 00
[decoded_serial_node-3] [INFO] [1791265048.852386683] [bw_dr03_decoded_serial_node]: RECEIVED /cmd_vel: linear.x=0.0, angular.z=0.9
[decoded_serial_node-3] [INFO] [1791265048.853195247] [bw_dr03_decoded_serial_node]: SEND MOTOR CMD: cd eb d7 09 74 46 42 53 53 15 15 00 00
[decoded_serial_node-3] [INFO] [1791265048.928498548] [bw_dr03_decoded_serial_node]: RECEIVED /cmd_vel: linear.x=0.0, angular.z=0.9
[decoded_serial_node-3] [INFO] [1791265048.929273867] [bw_dr03_decoded_serial_node]: SEND MOTOR CMD: cd eb d7 09 74 46 42 53 53 15 15 00 00
[decoded_serial_node-3] [INFO] [1791265049.003597631] [bw_dr03_decoded_serial_node]: RECEIVED /cmd_vel: linear.x=0.0, angular.z=0.9
[decoded_serial_node-3] [INFO] [1791265049.004375325] [bw_dr03_decoded_serial_node]: SEND MOTOR CMD: cd eb d7 09 74 46 42 53 53 15 15 00 00
[decoded_serial_node-3] [INFO] [1791265049.073406022] [bw_dr03_decoded_serial_node]: RECEIVED /cmd_vel: linear.x=0.0, angular.z=0.9
[decoded_serial_node-3] [INFO] [1791265049.074181341] [bw_dr03_decoded_serial_node]: SEND MOTOR CMD: cd eb d7 09 74 46 42 53 53 15 15 00 00
[decoded_serial_node-3] [INFO] [1791265049.142739485] [bw_dr03_decoded_serial_node]: RECEIVED /cmd_vel: linear.x=0.0, angular.z=0.9
[decoded_serial_node-3] [INFO] [1791265049.143521928] [bw_dr03_decoded_serial_node]: SEND MOTOR CMD: cd eb d7 09 74 46 42 53 53 15 15 00 00
[decoded_serial_node-3] [INFO] [1791265049.210172052] [bw_dr03_decoded_serial_node]: RECEIVED /cmd_vel: linear.x=0.0, angular.z=0.9
[decoded_serial_node-3] [INFO] [1791265049.210934310] [bw_dr03_decoded_serial_node]: SEND MOTOR CMD: cd eb d7 09 74 46 42 53 53 15 15 00 00
[decoded_serial_node-3] [INFO] [1791265049.279627809] [bw_dr03_decoded_serial_node]: RECEIVED /cmd_vel: linear.x=0.0, angular.z=0.9
[decoded_serial_node-3] [INFO] [1791265049.280392442] [bw_dr03_decoded_serial_node]: SEND MOTOR CMD: cd eb d7 09 74 46 42 53 53 15 15 00 00
[decoded_serial_node-3] [INFO] [1791265049.355459466] [bw_dr03_decoded_serial_node]: RECEIVED /cmd_vel: linear.x=0.0, angular.z=0.9
[follow_planner-6] [INFO] [1791265049.355574636] [follow_planner_node]: [IDLE] disabled | d=- goc=- | v=0.000 w=0.000 | thoang=-
[decoded_serial_node-3] [INFO] [1791265049.356220537] [bw_dr03_decoded_serial_node]: SEND MOTOR CMD: cd eb d7 09 74 46 42 53 53 15 15 00 00
[rssi_bearing-5] [INFO] [1791265049.380526134] [rssi_bearing_node]: huong nguoi: -105 do so voi mui xe (da xoay 260 do, corr 0.64, margin 0.13)
[decoded_serial_node-3] [INFO] [1791265049.423826452] [bw_dr03_decoded_serial_node]: RECEIVED /cmd_vel: linear.x=0.0, angular.z=0.9
[decoded_serial_node-3] [INFO] [1791265049.424594647] [bw_dr03_decoded_serial_node]: SEND MOTOR CMD: cd eb d7 09 74 46 42 53 53 15 15 00 00
[decoded_serial_node-3] [INFO] [1791265049.491824182] [bw_dr03_decoded_serial_node]: RECEIVED /cmd_vel: linear.x=0.0, angular.z=0.9
[decoded_serial_node-3] [INFO] [1791265049.492590003] [bw_dr03_decoded_serial_node]: SEND MOTOR CMD: cd eb d7 09 74 46 42 53 53 15 15 00 00
[decoded_serial_node-3] [INFO] [1791265049.568443032] [bw_dr03_decoded_serial_node]: RECEIVED /cmd_vel: linear.x=0.0, angular.z=0.9
[decoded_serial_node-3] [INFO] [1791265049.569202916] [bw_dr03_decoded_serial_node]: SEND MOTOR CMD: cd eb d7 09 74 46 42 53 53 15 15 00 00
[decoded_serial_node-3] [INFO] [1791265049.642448594] [bw_dr03_decoded_serial_node]: RECEIVED /cmd_vel: linear.x=0.0, angular.z=0.9
[decoded_serial_node-3] [INFO] [1791265049.643223913] [bw_dr03_decoded_serial_node]: SEND MOTOR CMD: cd eb d7 09 74 46 42 53 53 15 15 00 00
[decoded_serial_node-3] [INFO] [1791265049.712399463] [bw_dr03_decoded_serial_node]: RECEIVED /cmd_vel: linear.x=0.0, angular.z=0.9
[decoded_serial_node-3] [INFO] [1791265049.713198528] [bw_dr03_decoded_serial_node]: SEND MOTOR CMD: cd eb d7 09 74 46 42 53 53 15 15 00 00
[decoded_serial_node-3] [INFO] [1791265049.780425688] [bw_dr03_decoded_serial_node]: RECEIVED /cmd_vel: linear.x=0.0, angular.z=0.9
[decoded_serial_node-3] [INFO] [1791265049.781210506] [bw_dr03_decoded_serial_node]: SEND MOTOR CMD: cd eb d7 09 74 46 42 53 53 15 15 00 00
[decoded_serial_node-3] [INFO] [1791265049.852513731] [bw_dr03_decoded_serial_node]: RECEIVED /cmd_vel: linear.x=0.0, angular.z=0.9
[decoded_serial_node-3] [INFO] [1791265049.853300923] [bw_dr03_decoded_serial_node]: SEND MOTOR CMD: cd eb d7 09 74 46 42 53 53 15 15 00 00
[decoded_serial_node-3] [INFO] [1791265049.928158979] [bw_dr03_decoded_serial_node]: RECEIVED /cmd_vel: linear.x=0.0, angular.z=0.9
[decoded_serial_node-3] [INFO] [1791265049.928930736] [bw_dr03_decoded_serial_node]: SEND MOTOR CMD: cd eb d7 09 74 46 42 53 53 15 15 00 00
[decoded_serial_node-3] [INFO] [1791265050.003478902] [bw_dr03_decoded_serial_node]: RECEIVED /cmd_vel: linear.x=0.0, angular.z=0.9
[decoded_serial_node-3] [INFO] [1791265050.004248285] [bw_dr03_decoded_serial_node]: SEND MOTOR CMD: cd eb d7 09 74 46 42 53 53 15 15 00 00
[decoded_serial_node-3] [INFO] [1791265050.073455891] [bw_dr03_decoded_serial_node]: RECEIVED /cmd_vel: linear.x=0.0, angular.z=0.9
[decoded_serial_node-3] [INFO] [1791265050.074241896] [bw_dr03_decoded_serial_node]: SEND MOTOR CMD: cd eb d7 09 74 46 42 53 53 15 15 00 00
[decoded_serial_node-3] [INFO] [1791265050.141959419] [bw_dr03_decoded_serial_node]: RECEIVED /cmd_vel: linear.x=0.0, angular.z=0.9
[decoded_serial_node-3] [INFO] [1791265050.142721677] [bw_dr03_decoded_serial_node]: SEND MOTOR CMD: cd eb d7 09 74 46 42 53 53 15 15 00 00
[decoded_serial_node-3] [INFO] [1791265050.217582107] [bw_dr03_decoded_serial_node]: RECEIVED /cmd_vel: linear.x=0.0, angular.z=0.9
[decoded_serial_node-3] [INFO] [1791265050.218368112] [bw_dr03_decoded_serial_node]: SEND MOTOR CMD: cd eb d7 09 74 46 42 53 53 15 15 00 00
[decoded_serial_node-3] [INFO] [1791265050.290295866] [bw_dr03_decoded_serial_node]: RECEIVED /cmd_vel: linear.x=0.0, angular.z=0.9
[decoded_serial_node-3] [INFO] [1791265050.291068810] [bw_dr03_decoded_serial_node]: SEND MOTOR CMD: cd eb d7 09 74 46 42 53 53 15 15 00 00
[decoded_serial_node-3] [INFO] [1791265050.357806794] [bw_dr03_decoded_serial_node]: RECEIVED /cmd_vel: linear.x=0.0, angular.z=0.9
[decoded_serial_node-3] [INFO] [1791265050.358615358] [bw_dr03_decoded_serial_node]: SEND MOTOR CMD: cd eb d7 09 74 46 42 53 53 15 15 00 00
[follow_planner-6] [INFO] [1791265050.422312620] [follow_planner_node]: [IDLE] disabled | d=- goc=- | v=0.000 w=0.000 | thoang=-
[decoded_serial_node-3] [INFO] [1791265050.430902869] [bw_dr03_decoded_serial_node]: RECEIVED /cmd_vel: linear.x=0.0, angular.z=0.9
[decoded_serial_node-3] [INFO] [1791265050.431775548] [bw_dr03_decoded_serial_node]: SEND MOTOR CMD: cd eb d7 09 74 46 42 53 53 15 15 00 00
[decoded_serial_node-3] [INFO] [1791265050.498727250] [bw_dr03_decoded_serial_node]: RECEIVED /cmd_vel: linear.x=0.0, angular.z=0.9
[decoded_serial_node-3] [INFO] [1791265050.499534627] [bw_dr03_decoded_serial_node]: SEND MOTOR CMD: cd eb d7 09 74 46 42 53 53 15 15 00 00
[decoded_serial_node-3] [INFO] [1791265050.568699490] [bw_dr03_decoded_serial_node]: RECEIVED /cmd_vel: linear.x=0.0, angular.z=0.9
[decoded_serial_node-3] [INFO] [1791265050.569467685] [bw_dr03_decoded_serial_node]: SEND MOTOR CMD: cd eb d7 09 74 46 42 53 53 15 15 00 00
[decoded_serial_node-3] [INFO] [1791265050.641908361] [bw_dr03_decoded_serial_node]: RECEIVED /cmd_vel: linear.x=0.0, angular.z=0.9
[decoded_serial_node-3] [INFO] [1791265050.642689616] [bw_dr03_decoded_serial_node]: SEND MOTOR CMD: cd eb d7 09 74 46 42 53 53 15 15 00 00
[decoded_serial_node-3] [INFO] [1791265050.712782963] [bw_dr03_decoded_serial_node]: RECEIVED /cmd_vel: linear.x=0.0, angular.z=0.9
[decoded_serial_node-3] [INFO] [1791265050.713570155] [bw_dr03_decoded_serial_node]: SEND MOTOR CMD: cd eb d7 09 74 46 42 53 53 15 15 00 00
[decoded_serial_node-3] [INFO] [1791265050.780384128] [bw_dr03_decoded_serial_node]: RECEIVED /cmd_vel: linear.x=0.0, angular.z=0.9
[decoded_serial_node-3] [INFO] [1791265050.781174882] [bw_dr03_decoded_serial_node]: SEND MOTOR CMD: cd eb d7 09 74 46 42 53 53 15 15 00 00
[decoded_serial_node-3] [INFO] [1791265050.852354625] [bw_dr03_decoded_serial_node]: RECEIVED /cmd_vel: linear.x=0.0, angular.z=0.0
[decoded_serial_node-3] [INFO] [1791265050.853184560] [bw_dr03_decoded_serial_node]: SEND MOTOR CMD: cd eb d7 09 74 53 53 53 53 1e 1e 00 00
[decoded_serial_node-3] [INFO] [1791265050.902629251] [bw_dr03_decoded_serial_node]: RECEIVED /cmd_vel: linear.x=0.0, angular.z=0.0
[follow_planner-6] [INFO] [1791265050.903004444] [follow_planner_node]: self-filter: bo 10/222 tia dap vao than xe
[decoded_serial_node-3] [INFO] [1791265050.952513250] [bw_dr03_decoded_serial_node]: RECEIVED /cmd_vel: linear.x=0.0, angular.z=0.0
[decoded_serial_node-3] [INFO] [1791265050.992530632] [bw_dr03_decoded_serial_node]: RECEIVED /cmd_vel: linear.x=0.0, angular.z=0.0
[follow_planner-6] [INFO] [1791265051.422449151] [follow_planner_node]: [IDLE] disabled | d=- goc=- | v=0.000 w=0.000 | thoang=-
[decoded_serial_node-3] [INFO] [1791265052.028082492] [bw_dr03_decoded_serial_node]: RECEIVED /cmd_vel: linear.x=0.0, angular.z=0.8
[decoded_serial_node-3] [INFO] [1791265052.028856624] [bw_dr03_decoded_serial_node]: SEND MOTOR CMD: cd eb d7 09 74 46 42 53 53 13 13 00 00
[decoded_serial_node-3] [INFO] [1791265052.102763636] [bw_dr03_decoded_serial_node]: RECEIVED /cmd_vel: linear.x=0.0, angular.z=0.8
[decoded_serial_node-3] [INFO] [1791265052.103541330] [bw_dr03_decoded_serial_node]: SEND MOTOR CMD: cd eb d7 09 74 46 42 53 53 13 13 00 00
[decoded_serial_node-3] [INFO] [1791265052.178994230] [bw_dr03_decoded_serial_node]: RECEIVED /cmd_vel: linear.x=0.0, angular.z=0.8
[decoded_serial_node-3] [INFO] [1791265052.179757676] [bw_dr03_decoded_serial_node]: SEND MOTOR CMD: cd eb d7 09 74 46 42 53 53 13 13 00 00
[decoded_serial_node-3] [INFO] [1791265052.253271686] [bw_dr03_decoded_serial_node]: RECEIVED /cmd_vel: linear.x=0.0, angular.z=0.8
[decoded_serial_node-3] [INFO] [1791265052.254070751] [bw_dr03_decoded_serial_node]: SEND MOTOR CMD: cd eb d7 09 74 46 42 53 53 13 13 00 00
[decoded_serial_node-3] [INFO] [1791265052.323648800] [bw_dr03_decoded_serial_node]: RECEIVED /cmd_vel: linear.x=0.0, angular.z=0.8
[decoded_serial_node-3] [INFO] [1791265052.324449053] [bw_dr03_decoded_serial_node]: SEND MOTOR CMD: cd eb d7 09 74 46 42 53 53 13 13 00 00
[decoded_serial_node-3] [INFO] [1791265052.393388324] [bw_dr03_decoded_serial_node]: RECEIVED /cmd_vel: linear.x=0.0, angular.z=0.8
[decoded_serial_node-3] [INFO] [1791265052.394148208] [bw_dr03_decoded_serial_node]: SEND MOTOR CMD: cd eb d7 09 74 46 42 53 53 13 13 00 00
[follow_planner-6] [INFO] [1791265052.422331586] [follow_planner_node]: [IDLE] disabled | d=- goc=- | v=0.000 w=0.000 | thoang=-
[decoded_serial_node-3] [INFO] [1791265052.462850016] [bw_dr03_decoded_serial_node]: RECEIVED /cmd_vel: linear.x=0.0, angular.z=0.8
[decoded_serial_node-3] [INFO] [1791265052.463637208] [bw_dr03_decoded_serial_node]: SEND MOTOR CMD: cd eb d7 09 74 46 42 53 53 13 13 00 00
[decoded_serial_node-3] [INFO] [1791265052.530917796] [bw_dr03_decoded_serial_node]: RECEIVED /cmd_vel: linear.x=0.0, angular.z=0.8
[decoded_serial_node-3] [INFO] [1791265052.531718049] [bw_dr03_decoded_serial_node]: SEND MOTOR CMD: cd eb d7 09 74 46 42 53 53 13 13 00 00
[decoded_serial_node-3] [INFO] [1791265052.604036429] [bw_dr03_decoded_serial_node]: RECEIVED /cmd_vel: linear.x=0.0, angular.z=0.8
[decoded_serial_node-3] [INFO] [1791265052.604815310] [bw_dr03_decoded_serial_node]: SEND MOTOR CMD: cd eb d7 09 74 46 42 53 53 13 13 00 00
[decoded_serial_node-3] [INFO] [1791265052.672678871] [bw_dr03_decoded_serial_node]: RECEIVED /cmd_vel: linear.x=0.0, angular.z=0.8
[decoded_serial_node-3] [INFO] [1791265052.673454190] [bw_dr03_decoded_serial_node]: SEND MOTOR CMD: cd eb d7 09 74 46 42 53 53 13 13 00 00
[decoded_serial_node-3] [INFO] [1791265052.740673037] [bw_dr03_decoded_serial_node]: RECEIVED /cmd_vel: linear.x=0.0, angular.z=0.8
[decoded_serial_node-3] [INFO] [1791265052.741514846] [bw_dr03_decoded_serial_node]: SEND MOTOR CMD: cd eb d7 09 74 46 42 53 53 13 13 00 00
[decoded_serial_node-3] [INFO] [1791265052.817422489] [bw_dr03_decoded_serial_node]: RECEIVED /cmd_vel: linear.x=0.0, angular.z=0.8
[decoded_serial_node-3] [INFO] [1791265052.818202557] [bw_dr03_decoded_serial_node]: SEND MOTOR CMD: cd eb d7 09 74 46 42 53 53 13 13 00 00
[decoded_serial_node-3] [INFO] [1791265052.884896610] [bw_dr03_decoded_serial_node]: RECEIVED /cmd_vel: linear.x=0.0, angular.z=0.8
[decoded_serial_node-3] [INFO] [1791265052.885658868] [bw_dr03_decoded_serial_node]: SEND MOTOR CMD: cd eb d7 09 74 46 42 53 53 13 13 00 00
[decoded_serial_node-3] [INFO] [1791265052.953030880] [bw_dr03_decoded_serial_node]: RECEIVED /cmd_vel: linear.x=0.0, angular.z=0.8
[decoded_serial_node-3] [INFO] [1791265052.953782452] [bw_dr03_decoded_serial_node]: SEND MOTOR CMD: cd eb d7 09 74 46 42 53 53 13 13 00 00
[decoded_serial_node-3] [INFO] [1791265053.023759440] [bw_dr03_decoded_serial_node]: RECEIVED /cmd_vel: linear.x=0.0, angular.z=0.8
[decoded_serial_node-3] [INFO] [1791265053.024553756] [bw_dr03_decoded_serial_node]: SEND MOTOR CMD: cd eb d7 09 74 46 42 53 53 13 13 00 00
[decoded_serial_node-3] [INFO] [1791265053.091513767] [bw_dr03_decoded_serial_node]: RECEIVED /cmd_vel: linear.x=0.0, angular.z=0.8
[decoded_serial_node-3] [INFO] [1791265053.092315207] [bw_dr03_decoded_serial_node]: SEND MOTOR CMD: cd eb d7 09 74 46 42 53 53 13 13 00 00
[decoded_serial_node-3] [INFO] [1791265053.168469812] [bw_dr03_decoded_serial_node]: RECEIVED /cmd_vel: linear.x=0.0, angular.z=0.8
[decoded_serial_node-3] [INFO] [1791265053.169259379] [bw_dr03_decoded_serial_node]: SEND MOTOR CMD: cd eb d7 09 74 46 42 53 53 13 13 00 00
[decoded_serial_node-3] [INFO] [1791265053.242711647] [bw_dr03_decoded_serial_node]: RECEIVED /cmd_vel: linear.x=0.0, angular.z=0.8
[decoded_serial_node-3] [INFO] [1791265053.243503589] [bw_dr03_decoded_serial_node]: SEND MOTOR CMD: cd eb d7 09 74 46 42 53 53 13 13 00 00
[decoded_serial_node-3] [INFO] [1791265053.312867920] [bw_dr03_decoded_serial_node]: RECEIVED /cmd_vel: linear.x=0.0, angular.z=0.8
[decoded_serial_node-3] [INFO] [1791265053.313650363] [bw_dr03_decoded_serial_node]: SEND MOTOR CMD: cd eb d7 09 74 46 42 53 53 13 13 00 00
[decoded_serial_node-3] [INFO] [1791265053.380565256] [bw_dr03_decoded_serial_node]: RECEIVED /cmd_vel: linear.x=0.0, angular.z=0.8
[decoded_serial_node-3] [INFO] [1791265053.381373819] [bw_dr03_decoded_serial_node]: SEND MOTOR CMD: cd eb d7 09 74 46 42 53 53 13 13 00 00
[decoded_serial_node-3] [INFO] [1791265053.452221111] [bw_dr03_decoded_serial_node]: RECEIVED /cmd_vel: linear.x=0.0, angular.z=0.8
[decoded_serial_node-3] [INFO] [1791265053.453023738] [bw_dr03_decoded_serial_node]: SEND MOTOR CMD: cd eb d7 09 74 46 42 53 53 13 13 00 00
[follow_planner-6] [INFO] [1791265053.489094473] [follow_planner_node]: [IDLE] disabled | d=- goc=- | v=0.000 w=0.000 | thoang=-
[decoded_serial_node-3] [INFO] [1791265053.523539768] [bw_dr03_decoded_serial_node]: RECEIVED /cmd_vel: linear.x=0.0, angular.z=0.8
[decoded_serial_node-3] [INFO] [1791265053.524335272] [bw_dr03_decoded_serial_node]: SEND MOTOR CMD: cd eb d7 09 74 46 42 53 53 13 13 00 00
[decoded_serial_node-3] [INFO] [1791265053.595776223] [bw_dr03_decoded_serial_node]: RECEIVED /cmd_vel: linear.x=0.0, angular.z=0.8
[decoded_serial_node-3] [INFO] [1791265053.596561040] [bw_dr03_decoded_serial_node]: SEND MOTOR CMD: cd eb d7 09 74 46 42 53 53 13 13 00 00
[decoded_serial_node-3] [INFO] [1791265053.667627986] [bw_dr03_decoded_serial_node]: RECEIVED /cmd_vel: linear.x=0.0, angular.z=0.8
[decoded_serial_node-3] [INFO] [1791265053.668415178] [bw_dr03_decoded_serial_node]: SEND MOTOR CMD: cd eb d7 09 74 46 42 53 53 13 13 00 00
[decoded_serial_node-3] [INFO] [1791265053.742408864] [bw_dr03_decoded_serial_node]: RECEIVED /cmd_vel: linear.x=0.0, angular.z=0.8
[decoded_serial_node-3] [INFO] [1791265053.743188932] [bw_dr03_decoded_serial_node]: SEND MOTOR CMD: cd eb d7 09 74 46 42 53 53 13 13 00 00
[decoded_serial_node-3] [INFO] [1791265053.817596991] [bw_dr03_decoded_serial_node]: RECEIVED /cmd_vel: linear.x=0.0, angular.z=0.8
[decoded_serial_node-3] [INFO] [1791265053.818386558] [bw_dr03_decoded_serial_node]: SEND MOTOR CMD: cd eb d7 09 74 46 42 53 53 13 13 00 00
[decoded_serial_node-3] [INFO] [1791265053.889043879] [bw_dr03_decoded_serial_node]: RECEIVED /cmd_vel: linear.x=0.0, angular.z=0.8
[decoded_serial_node-3] [INFO] [1791265053.889842944] [bw_dr03_decoded_serial_node]: SEND MOTOR CMD: cd eb d7 09 74 46 42 53 53 13 13 00 00
[decoded_serial_node-3] [INFO] [1791265053.959781937] [bw_dr03_decoded_serial_node]: RECEIVED /cmd_vel: linear.x=0.0, angular.z=0.8
[decoded_serial_node-3] [INFO] [1791265053.960514513] [bw_dr03_decoded_serial_node]: SEND MOTOR CMD: cd eb d7 09 74 46 42 53 53 13 13 00 00
[decoded_serial_node-3] [INFO] [1791265054.031159960] [bw_dr03_decoded_serial_node]: RECEIVED /cmd_vel: linear.x=0.0, angular.z=0.8
[decoded_serial_node-3] [INFO] [1791265054.032019579] [bw_dr03_decoded_serial_node]: SEND MOTOR CMD: cd eb d7 09 74 46 42 53 53 13 13 00 00
[decoded_serial_node-3] [INFO] [1791265054.103015285] [bw_dr03_decoded_serial_node]: RECEIVED /cmd_vel: linear.x=0.0, angular.z=0.8
[decoded_serial_node-3] [INFO] [1791265054.103770419] [bw_dr03_decoded_serial_node]: SEND MOTOR CMD: cd eb d7 09 74 46 42 53 53 13 13 00 00
[decoded_serial_node-3] [INFO] [1791265054.179960643] [bw_dr03_decoded_serial_node]: RECEIVED /cmd_vel: linear.x=0.0, angular.z=0.8
[decoded_serial_node-3] [INFO] [1791265054.180744273] [bw_dr03_decoded_serial_node]: SEND MOTOR CMD: cd eb d7 09 74 46 42 53 53 13 13 00 00
[decoded_serial_node-3] [INFO] [1791265054.253099459] [bw_dr03_decoded_serial_node]: RECEIVED /cmd_vel: linear.x=0.0, angular.z=0.8
[decoded_serial_node-3] [INFO] [1791265054.253868841] [bw_dr03_decoded_serial_node]: SEND MOTOR CMD: cd eb d7 09 74 46 42 53 53 13 13 00 00
[decoded_serial_node-3] [INFO] [1791265054.325936695] [bw_dr03_decoded_serial_node]: RECEIVED /cmd_vel: linear.x=0.0, angular.z=0.8
[decoded_serial_node-3] [INFO] [1791265054.326751196] [bw_dr03_decoded_serial_node]: SEND MOTOR CMD: cd eb d7 09 74 46 42 53 53 13 13 00 00
[decoded_serial_node-3] [INFO] [1791265054.393676774] [bw_dr03_decoded_serial_node]: RECEIVED /cmd_vel: linear.x=0.0, angular.z=0.8
[decoded_serial_node-3] [INFO] [1791265054.394504335] [bw_dr03_decoded_serial_node]: SEND MOTOR CMD: cd eb d7 09 74 46 42 53 53 13 13 00 00
[decoded_serial_node-3] [INFO] [1791265054.463542153] [bw_dr03_decoded_serial_node]: RECEIVED /cmd_vel: linear.x=0.0, angular.z=0.8
[decoded_serial_node-3] [INFO] [1791265054.464317472] [bw_dr03_decoded_serial_node]: SEND MOTOR CMD: cd eb d7 09 74 46 42 53 53 13 13 00 00
[follow_planner-6] [INFO] [1791265054.489550363] [follow_planner_node]: [IDLE] disabled | d=- goc=- | v=0.000 w=0.000 | thoang=-
[decoded_serial_node-3] [INFO] [1791265054.531850957] [bw_dr03_decoded_serial_node]: RECEIVED /cmd_vel: linear.x=0.0, angular.z=0.8
[decoded_serial_node-3] [INFO] [1791265054.532628651] [bw_dr03_decoded_serial_node]: SEND MOTOR CMD: cd eb d7 09 74 46 42 53 53 13 13 00 00
[decoded_serial_node-3] [INFO] [1791265054.608715578] [bw_dr03_decoded_serial_node]: RECEIVED /cmd_vel: linear.x=0.0, angular.z=0.8
[decoded_serial_node-3] [INFO] [1791265054.609515831] [bw_dr03_decoded_serial_node]: SEND MOTOR CMD: cd eb d7 09 74 46 42 53 53 13 13 00 00
[decoded_serial_node-3] [INFO] [1791265054.678237822] [bw_dr03_decoded_serial_node]: RECEIVED /cmd_vel: linear.x=0.0, angular.z=0.8
[decoded_serial_node-3] [INFO] [1791265054.679033325] [bw_dr03_decoded_serial_node]: SEND MOTOR CMD: cd eb d7 09 74 46 42 53 53 13 13 00 00
[decoded_serial_node-3] [INFO] [1791265054.752664878] [bw_dr03_decoded_serial_node]: RECEIVED /cmd_vel: linear.x=0.0, angular.z=0.8
[decoded_serial_node-3] [INFO] [1791265054.753435447] [bw_dr03_decoded_serial_node]: SEND MOTOR CMD: cd eb d7 09 74 46 42 53 53 13 13 00 00
[decoded_serial_node-3] [INFO] [1791265054.823846993] [bw_dr03_decoded_serial_node]: RECEIVED /cmd_vel: linear.x=0.0, angular.z=0.8
[decoded_serial_node-3] [INFO] [1791265054.824654369] [bw_dr03_decoded_serial_node]: SEND MOTOR CMD: cd eb d7 09 74 46 42 53 53 13 13 00 00
[decoded_serial_node-3] [INFO] [1791265054.891533642] [bw_dr03_decoded_serial_node]: RECEIVED /cmd_vel: linear.x=0.0, angular.z=0.8
[decoded_serial_node-3] [INFO] [1791265054.892338644] [bw_dr03_decoded_serial_node]: SEND MOTOR CMD: cd eb d7 09 74 46 42 53 53 13 13 00 00
[decoded_serial_node-3] [INFO] [1791265054.959875691] [bw_dr03_decoded_serial_node]: RECEIVED /cmd_vel: linear.x=0.0, angular.z=0.8
[decoded_serial_node-3] [INFO] [1791265054.960626076] [bw_dr03_decoded_serial_node]: SEND MOTOR CMD: cd eb d7 09 74 46 42 53 53 13 13 00 00
[decoded_serial_node-3] [INFO] [1791265055.034330055] [bw_dr03_decoded_serial_node]: RECEIVED /cmd_vel: linear.x=0.0, angular.z=0.8
[decoded_serial_node-3] [INFO] [1791265055.035091126] [bw_dr03_decoded_serial_node]: SEND MOTOR CMD: cd eb d7 09 74 46 42 53 53 13 13 00 00
[decoded_serial_node-3] [INFO] [1791265055.102650732] [bw_dr03_decoded_serial_node]: RECEIVED /cmd_vel: linear.x=0.0, angular.z=0.8
[decoded_serial_node-3] [INFO] [1791265055.103437924] [bw_dr03_decoded_serial_node]: SEND MOTOR CMD: cd eb d7 09 74 46 42 53 53 13 13 00 00
[decoded_serial_node-3] [INFO] [1791265055.179999778] [bw_dr03_decoded_serial_node]: RECEIVED /cmd_vel: linear.x=0.0, angular.z=0.8
[decoded_serial_node-3] [INFO] [1791265055.180852273] [bw_dr03_decoded_serial_node]: SEND MOTOR CMD: cd eb d7 09 74 46 42 53 53 13 13 00 00
[decoded_serial_node-3] [INFO] [1791265055.253573152] [bw_dr03_decoded_serial_node]: RECEIVED /cmd_vel: linear.x=0.0, angular.z=0.7090891806011719
[decoded_serial_node-3] [INFO] [1791265055.254379341] [bw_dr03_decoded_serial_node]: SEND MOTOR CMD: cd eb d7 09 74 46 42 53 53 11 11 00 00
[decoded_serial_node-3] [INFO] [1791265055.329073543] [bw_dr03_decoded_serial_node]: RECEIVED /cmd_vel: linear.x=0.0, angular.z=0.637082201464812
[decoded_serial_node-3] [INFO] [1791265055.329844112] [bw_dr03_decoded_serial_node]: SEND MOTOR CMD: cd eb d7 09 74 46 42 53 53 0f 0f 00 00
[decoded_serial_node-3] [INFO] [1791265055.404077635] [bw_dr03_decoded_serial_node]: RECEIVED /cmd_vel: linear.x=0.0, angular.z=0.5417788467255121
[decoded_serial_node-3] [INFO] [1791265055.404850579] [bw_dr03_decoded_serial_node]: SEND MOTOR CMD: cd eb d7 09 74 46 42 53 53 0d 0d 00 00
[decoded_serial_node-3] [INFO] [1791265055.473817157] [bw_dr03_decoded_serial_node]: RECEIVED /cmd_vel: linear.x=0.0, angular.z=0.45282904896883314
[decoded_serial_node-3] [INFO] [1791265055.474695773] [bw_dr03_decoded_serial_node]: SEND MOTOR CMD: cd eb d7 09 74 46 42 53 53 0b 0b 00 00
[decoded_serial_node-3] [INFO] [1791265055.541887310] [bw_dr03_decoded_serial_node]: RECEIVED /cmd_vel: linear.x=0.0, angular.z=0.37235066052231436
[decoded_serial_node-3] [INFO] [1791265055.542672127] [bw_dr03_decoded_serial_node]: SEND MOTOR CMD: cd eb d7 09 74 46 42 53 53 09 09 00 00
[follow_planner-6] [INFO] [1791265055.555705322] [follow_planner_node]: [IDLE] disabled | d=- goc=- | v=0.000 w=0.000 | thoang=-
[decoded_serial_node-3] [INFO] [1791265055.610523813] [bw_dr03_decoded_serial_node]: RECEIVED /cmd_vel: linear.x=0.0, angular.z=0.30034368138595513
[decoded_serial_node-3] [INFO] [1791265055.611296758] [bw_dr03_decoded_serial_node]: SEND MOTOR CMD: cd eb d7 09 74 46 42 53 53 07 07 00 00
[decoded_serial_node-3] [INFO] [1791265055.681800913] [bw_dr03_decoded_serial_node]: RECEIVED /cmd_vel: linear.x=0.0, angular.z=0.24104381621483456
[decoded_serial_node-3] [INFO] [1791265055.682578607] [bw_dr03_decoded_serial_node]: SEND MOTOR CMD: cd eb d7 09 74 46 42 53 53 05 05 00 00
[decoded_serial_node-3] [INFO] [1791265055.752783558] [bw_dr03_decoded_serial_node]: RECEIVED /cmd_vel: linear.x=0.0, angular.z=0.2050403266466546
[decoded_serial_node-3] [INFO] [1791265055.753566000] [bw_dr03_decoded_serial_node]: SEND MOTOR CMD: cd eb d7 09 74 46 42 53 53 05 05 00 00
[decoded_serial_node-3] [INFO] [1791265055.823254468] [bw_dr03_decoded_serial_node]: RECEIVED /cmd_vel: linear.x=0.0, angular.z=0.0
[decoded_serial_node-3] [INFO] [1791265055.824008415] [bw_dr03_decoded_serial_node]: SEND MOTOR CMD: cd eb d7 09 74 53 53 53 53 1e 1e 00 00
[decoded_serial_node-3] [INFO] [1791265055.863909438] [bw_dr03_decoded_serial_node]: RECEIVED /cmd_vel: linear.x=0.0, angular.z=0.0
[decoded_serial_node-3] [INFO] [1791265055.912291477] [bw_dr03_decoded_serial_node]: RECEIVED /cmd_vel: linear.x=0.0, angular.z=0.0
[decoded_serial_node-3] [INFO] [1791265055.955223724] [bw_dr03_decoded_serial_node]: RECEIVED /cmd_vel: linear.x=0.0, angular.z=0.0
[follow_planner-6] [INFO] [1791265056.555751567] [follow_planner_node]: [IDLE] disabled | d=- goc=- | v=0.000 w=0.000 | thoang=-
[follow_planner-6] [INFO] [1791265057.226364440] [follow_planner_node]: Bam nguoi: BAT
[decoded_serial_node-3] [INFO] [1791265057.246883677] [bw_dr03_decoded_serial_node]: RECEIVED /cmd_vel: linear.x=0.0, angular.z=0.0
[decoded_serial_node-3] [INFO] [1791265057.289896660] [bw_dr03_decoded_serial_node]: RECEIVED /cmd_vel: linear.x=0.0, angular.z=0.0
[decoded_serial_node-3] [INFO] [1791265057.380107925] [bw_dr03_decoded_serial_node]: RECEIVED /cmd_vel: linear.x=0.035, angular.z=0.125
[decoded_serial_node-3] [INFO] [1791265057.380873746] [bw_dr03_decoded_serial_node]: SEND MOTOR CMD: cd eb d7 09 74 46 46 53 53 07 05 00 00
[decoded_serial_node-3] [INFO] [1791265057.448656566] [bw_dr03_decoded_serial_node]: RECEIVED /cmd_vel: linear.x=0.04666666666666666, angular.z=0.125
[decoded_serial_node-3] [INFO] [1791265057.449518559] [bw_dr03_decoded_serial_node]: SEND MOTOR CMD: cd eb d7 09 74 46 46 53 53 08 05 00 00
[decoded_serial_node-3] [INFO] [1791265057.513454468] [bw_dr03_decoded_serial_node]: RECEIVED /cmd_vel: linear.x=0.06999999999999999, angular.z=0.125
[decoded_serial_node-3] [INFO] [1791265057.514258282] [bw_dr03_decoded_serial_node]: SEND MOTOR CMD: cd eb d7 09 74 46 46 53 53 0b 05 00 00
[decoded_serial_node-3] [INFO] [1791265057.579566731] [bw_dr03_decoded_serial_node]: RECEIVED /cmd_vel: linear.x=0.09333333333333332, angular.z=0.125
[decoded_serial_node-3] [INFO] [1791265057.580409727] [bw_dr03_decoded_serial_node]: SEND MOTOR CMD: cd eb d7 09 74 46 46 53 53 0e 08 00 00
[follow_planner-6] [INFO] [1791265057.648780270] [follow_planner_node]: [FOLLOW] bam nguoi | d=1.70m goc=4deg | v=0.117 w=0.125 | thoang=0.71m
[decoded_serial_node-3] [INFO] [1791265057.649303877] [bw_dr03_decoded_serial_node]: RECEIVED /cmd_vel: linear.x=0.11666666666666665, angular.z=0.125
[decoded_serial_node-3] [INFO] [1791265057.650213363] [bw_dr03_decoded_serial_node]: SEND MOTOR CMD: cd eb d7 09 74 46 46 53 53 11 0b 00 00
[decoded_serial_node-3] [INFO] [1791265057.714961398] [bw_dr03_decoded_serial_node]: RECEIVED /cmd_vel: linear.x=0.13999999999999999, angular.z=0.0
[decoded_serial_node-3] [INFO] [1791265057.715774711] [bw_dr03_decoded_serial_node]: SEND MOTOR CMD: cd eb d7 09 74 46 46 53 53 11 11 00 00
[decoded_serial_node-3] [INFO] [1791265057.781612703] [bw_dr03_decoded_serial_node]: RECEIVED /cmd_vel: linear.x=0.16333333333333333, angular.z=0.0
[decoded_serial_node-3] [INFO] [1791265057.782511503] [bw_dr03_decoded_serial_node]: SEND MOTOR CMD: cd eb d7 09 74 46 46 53 53 14 14 00 00
[decoded_serial_node-3] [INFO] [1791265057.848681945] [bw_dr03_decoded_serial_node]: RECEIVED /cmd_vel: linear.x=0.18666666666666665, angular.z=0.0
[decoded_serial_node-3] [INFO] [1791265057.849516630] [bw_dr03_decoded_serial_node]: SEND MOTOR CMD: cd eb d7 09 74 46 46 53 53 16 16 00 00
[decoded_serial_node-3] [INFO] [1791265057.918561570] [bw_dr03_decoded_serial_node]: RECEIVED /cmd_vel: linear.x=0.20999999999999996, angular.z=0.0
[decoded_serial_node-3] [INFO] [1791265057.919545857] [bw_dr03_decoded_serial_node]: SEND MOTOR CMD: cd eb d7 09 74 46 46 53 53 19 19 00 00
[decoded_serial_node-3] [INFO] [1791265057.984575286] [bw_dr03_decoded_serial_node]: RECEIVED /cmd_vel: linear.x=0.22, angular.z=0.0
[decoded_serial_node-3] [INFO] [1791265057.985407596] [bw_dr03_decoded_serial_node]: SEND MOTOR CMD: cd eb d7 09 74 46 46 53 53 1a 1a 00 00
[decoded_serial_node-3] [INFO] [1791265058.051538856] [bw_dr03_decoded_serial_node]: RECEIVED /cmd_vel: linear.x=0.22, angular.z=0.0
[decoded_serial_node-3] [INFO] [1791265058.052365229] [bw_dr03_decoded_serial_node]: SEND MOTOR CMD: cd eb d7 09 74 46 46 53 53 1a 1a 00 00
[decoded_serial_node-3] [INFO] [1791265058.118868120] [bw_dr03_decoded_serial_node]: RECEIVED /cmd_vel: linear.x=0.22, angular.z=0.0
[decoded_serial_node-3] [INFO] [1791265058.119675496] [bw_dr03_decoded_serial_node]: SEND MOTOR CMD: cd eb d7 09 74 46 46 53 53 1a 1a 00 00
[decoded_serial_node-3] [INFO] [1791265058.183826309] [bw_dr03_decoded_serial_node]: RECEIVED /cmd_vel: linear.x=0.22, angular.z=0.0
[decoded_serial_node-3] [INFO] [1791265058.184632498] [bw_dr03_decoded_serial_node]: SEND MOTOR CMD: cd eb d7 09 74 46 46 53 53 1a 1a 00 00
[decoded_serial_node-3] [INFO] [1791265058.248556533] [bw_dr03_decoded_serial_node]: RECEIVED /cmd_vel: linear.x=0.22, angular.z=0.0
[decoded_serial_node-3] [INFO] [1791265058.249388843] [bw_dr03_decoded_serial_node]: SEND MOTOR CMD: cd eb d7 09 74 46 46 53 53 1a 1a 00 00
[decoded_serial_node-3] [INFO] [1791265058.316454522] [bw_dr03_decoded_serial_node]: RECEIVED /cmd_vel: linear.x=0.22, angular.z=0.0
[decoded_serial_node-3] [INFO] [1791265058.317239340] [bw_dr03_decoded_serial_node]: SEND MOTOR CMD: cd eb d7 09 74 46 46 53 53 1a 1a 00 00
[decoded_serial_node-3] [INFO] [1791265058.385016223] [bw_dr03_decoded_serial_node]: RECEIVED /cmd_vel: linear.x=0.22, angular.z=0.0
[decoded_serial_node-3] [INFO] [1791265058.385998135] [bw_dr03_decoded_serial_node]: SEND MOTOR CMD: cd eb d7 09 74 46 46 53 53 1a 1a 00 00
[decoded_serial_node-3] [INFO] [1791265058.448952131] [bw_dr03_decoded_serial_node]: RECEIVED /cmd_vel: linear.x=0.22, angular.z=0.0
[decoded_serial_node-3] [INFO] [1791265058.449739323] [bw_dr03_decoded_serial_node]: SEND MOTOR CMD: cd eb d7 09 74 46 46 53 53 1a 1a 00 00
[decoded_serial_node-3] [INFO] [1791265058.516569913] [bw_dr03_decoded_serial_node]: RECEIVED /cmd_vel: linear.x=0.22, angular.z=0.0
[decoded_serial_node-3] [INFO] [1791265058.517357105] [bw_dr03_decoded_serial_node]: SEND MOTOR CMD: cd eb d7 09 74 46 46 53 53 1a 1a 00 00
[decoded_serial_node-3] [INFO] [1791265058.582771224] [bw_dr03_decoded_serial_node]: RECEIVED /cmd_vel: linear.x=0.22, angular.z=0.0
[decoded_serial_node-3] [INFO] [1791265058.583558417] [bw_dr03_decoded_serial_node]: SEND MOTOR CMD: cd eb d7 09 74 46 46 53 53 1a 1a 00 00
[decoded_serial_node-3] [INFO] [1791265058.648608029] [bw_dr03_decoded_serial_node]: RECEIVED /cmd_vel: linear.x=0.22, angular.z=0.0
[decoded_serial_node-3] [INFO] [1791265058.649380973] [bw_dr03_decoded_serial_node]: SEND MOTOR CMD: cd eb d7 09 74 46 46 53 53 1a 1a 00 00
[follow_planner-6] [INFO] [1791265058.716126077] [follow_planner_node]: [FOLLOW] bam nguoi | d=2.13m goc=2deg | v=0.220 w=0.000 | thoang=0.61m
[decoded_serial_node-3] [INFO] [1791265058.716891897] [bw_dr03_decoded_serial_node]: RECEIVED /cmd_vel: linear.x=0.22, angular.z=0.0
[decoded_serial_node-3] [INFO] [1791265058.717675527] [bw_dr03_decoded_serial_node]: SEND MOTOR CMD: cd eb d7 09 74 46 46 53 53 1a 1a 00 00
[decoded_serial_node-3] [INFO] [1791265058.782380818] [bw_dr03_decoded_serial_node]: RECEIVED /cmd_vel: linear.x=0.22, angular.z=0.0
[decoded_serial_node-3] [INFO] [1791265058.783150200] [bw_dr03_decoded_serial_node]: SEND MOTOR CMD: cd eb d7 09 74 46 46 53 53 1a 1a 00 00
[decoded_serial_node-3] [INFO] [1791265058.848425403] [bw_dr03_decoded_serial_node]: RECEIVED /cmd_vel: linear.x=0.22, angular.z=0.0
[decoded_serial_node-3] [INFO] [1791265058.849216157] [bw_dr03_decoded_serial_node]: SEND MOTOR CMD: cd eb d7 09 74 46 46 53 53 1a 1a 00 00
[decoded_serial_node-3] [INFO] [1791265058.890254630] [bw_dr03_decoded_serial_node]: RECEIVED /cmd_vel: linear.x=0.19666666666666666, angular.z=0.16
[decoded_serial_node-3] [INFO] [1791265058.891021638] [bw_dr03_decoded_serial_node]: SEND MOTOR CMD: cd eb d7 09 74 46 46 53 53 1b 14 00 00
[decoded_serial_node-3] [INFO] [1791265058.957677692] [bw_dr03_decoded_serial_node]: RECEIVED /cmd_vel: linear.x=0.17333333333333334, angular.z=0.32
[decoded_serial_node-3] [INFO] [1791265058.958483881] [bw_dr03_decoded_serial_node]: SEND MOTOR CMD: cd eb d7 09 74 46 46 53 53 1d 0d 00 00
[decoded_serial_node-3] [INFO] [1791265059.024898910] [bw_dr03_decoded_serial_node]: RECEIVED /cmd_vel: linear.x=0.15000000000000002, angular.z=0.48
[decoded_serial_node-3] [INFO] [1791265059.025650482] [bw_dr03_decoded_serial_node]: SEND MOTOR CMD: cd eb d7 09 74 46 46 53 53 1e 06 00 00
[decoded_serial_node-3] [INFO] [1791265059.112366280] [bw_dr03_decoded_serial_node]: RECEIVED /cmd_vel: linear.x=0.17333333333333334, angular.z=0.31999999999999995
[decoded_serial_node-3] [INFO] [1791265059.113126164] [bw_dr03_decoded_serial_node]: SEND MOTOR CMD: cd eb d7 09 74 46 46 53 53 1d 0d 00 00
[decoded_serial_node-3] [INFO] [1791265059.179044893] [bw_dr03_decoded_serial_node]: RECEIVED /cmd_vel: linear.x=0.19666666666666666, angular.z=0.15999999999999995
[decoded_serial_node-3] [INFO] [1791265059.179827336] [bw_dr03_decoded_serial_node]: SEND MOTOR CMD: cd eb d7 09 74 46 46 53 53 1b 14 00 00
[decoded_serial_node-3] [INFO] [1791265059.249583478] [bw_dr03_decoded_serial_node]: RECEIVED /cmd_vel: linear.x=0.21999999999999997, angular.z=0.0
[decoded_serial_node-3] [INFO] [1791265059.250345736] [bw_dr03_decoded_serial_node]: SEND MOTOR CMD: cd eb d7 09 74 46 46 53 53 1a 1a 00 00
[decoded_serial_node-3] [INFO] [1791265059.316898493] [bw_dr03_decoded_serial_node]: RECEIVED /cmd_vel: linear.x=0.22, angular.z=0.0
[decoded_serial_node-3] [INFO] [1791265059.317680936] [bw_dr03_decoded_serial_node]: SEND MOTOR CMD: cd eb d7 09 74 46 46 53 53 1a 1a 00 00
[rssi_bearing-5] [INFO] [1791265059.378485885] [rssi_bearing_node]: chua co huong hop le: chua du du lieu
[decoded_serial_node-3] [INFO] [1791265059.382582134] [bw_dr03_decoded_serial_node]: RECEIVED /cmd_vel: linear.x=0.22, angular.z=0.0
[decoded_serial_node-3] [INFO] [1791265059.383364576] [bw_dr03_decoded_serial_node]: SEND MOTOR CMD: cd eb d7 09 74 46 46 53 53 1a 1a 00 00
[decoded_serial_node-3] [INFO] [1791265059.449796227] [bw_dr03_decoded_serial_node]: RECEIVED /cmd_vel: linear.x=0.22, angular.z=0.0
[decoded_serial_node-3] [INFO] [1791265059.450560860] [bw_dr03_decoded_serial_node]: SEND MOTOR CMD: cd eb d7 09 74 46 46 53 53 1a 1a 00 00
[decoded_serial_node-3] [INFO] [1791265059.517139738] [bw_dr03_decoded_serial_node]: RECEIVED /cmd_vel: linear.x=0.22, angular.z=0.0
[decoded_serial_node-3] [INFO] [1791265059.517885374] [bw_dr03_decoded_serial_node]: SEND MOTOR CMD: cd eb d7 09 74 46 46 53 53 1a 1a 00 00
[decoded_serial_node-3] [INFO] [1791265059.556513590] [bw_dr03_decoded_serial_node]: RECEIVED /cmd_vel: linear.x=0.21975263256020192, angular.z=-0.1
[decoded_serial_node-3] [INFO] [1791265059.557322154] [bw_dr03_decoded_serial_node]: SEND MOTOR CMD: cd eb d7 09 74 46 46 53 53 18 1d 00 00
[decoded_serial_node-3] [INFO] [1791265059.624400893] [bw_dr03_decoded_serial_node]: RECEIVED /cmd_vel: linear.x=0.21975263256020192, angular.z=-0.1
[decoded_serial_node-3] [INFO] [1791265059.625196397] [bw_dr03_decoded_serial_node]: SEND MOTOR CMD: cd eb d7 09 74 46 46 53 53 18 1d 00 00
[decoded_serial_node-3] [INFO] [1791265059.690633074] [bw_dr03_decoded_serial_node]: RECEIVED /cmd_vel: linear.x=0.2196090162516947, angular.z=-0.11925520572325829
[decoded_serial_node-3] [INFO] [1791265059.691408393] [bw_dr03_decoded_serial_node]: SEND MOTOR CMD: cd eb d7 09 74 46 46 53 53 17 1d 00 00
[follow_planner-6] [INFO] [1791265059.756997048] [follow_planner_node]: [FOLLOW] chui khe hep — vao truc giua khe (lech 0.32m) | d=1.95m goc=-5deg | v=0.220 w=-0.119 | thoang=-
[decoded_serial_node-3] [INFO] [1791265059.759442924] [bw_dr03_decoded_serial_node]: RECEIVED /cmd_vel: linear.x=0.2196090162516947, angular.z=-0.11925520572325829
[decoded_serial_node-3] [INFO] [1791265059.760567314] [bw_dr03_decoded_serial_node]: SEND MOTOR CMD: cd eb d7 09 74 46 46 53 53 17 1d 00 00
[decoded_serial_node-3] [INFO] [1791265059.824100721] [bw_dr03_decoded_serial_node]: RECEIVED /cmd_vel: linear.x=0.2191687021572484, angular.z=-0.17391972006626458
[decoded_serial_node-3] [INFO] [1791265059.824841607] [bw_dr03_decoded_serial_node]: SEND MOTOR CMD: cd eb d7 09 74 46 46 53 53 16 1f 00 00
[decoded_serial_node-3] [INFO] [1791265059.890924186] [bw_dr03_decoded_serial_node]: RECEIVED /cmd_vel: linear.x=0.19583536882391506, angular.z=-0.1
[decoded_serial_node-3] [INFO] [1791265059.891701880] [bw_dr03_decoded_serial_node]: SEND MOTOR CMD: cd eb d7 09 74 46 46 53 53 15 1a 00 00
[decoded_serial_node-3] [INFO] [1791265059.957745277] [bw_dr03_decoded_serial_node]: RECEIVED /cmd_vel: linear.x=0.1851238195090025, angular.z=0.14608027993373543
[decoded_serial_node-3] [INFO] [1791265059.958515847] [bw_dr03_decoded_serial_node]: SEND MOTOR CMD: cd eb d7 09 74 46 46 53 53 1a 13 00 00
[decoded_serial_node-3] [INFO] [1791265060.023190266] [bw_dr03_decoded_serial_node]: RECEIVED /cmd_vel: linear.x=0.16179048617566916, angular.z=0.30608027993373543
[decoded_serial_node-3] [INFO] [1791265060.023922842] [bw_dr03_decoded_serial_node]: SEND MOTOR CMD: cd eb d7 09 74 46 46 53 53 1b 0c 00 00
[decoded_serial_node-3] [INFO] [1791265060.091116750] [bw_dr03_decoded_serial_node]: RECEIVED /cmd_vel: linear.x=0.18512381950900247, angular.z=0.14608027993373543
[decoded_serial_node-3] [INFO] [1791265060.091869510] [bw_dr03_decoded_serial_node]: SEND MOTOR CMD: cd eb d7 09 74 46 46 53 53 1a 13 00 00
[decoded_serial_node-3] [INFO] [1791265060.157297876] [bw_dr03_decoded_serial_node]: RECEIVED /cmd_vel: linear.x=0.19101822053762493, angular.z=-0.1
[decoded_serial_node-3] [INFO] [1791265060.158083881] [bw_dr03_decoded_serial_node]: SEND MOTOR CMD: cd eb d7 09 74 46 46 53 53 14 19 00 00
[decoded_serial_node-3] [INFO] [1791265060.225033202] [bw_dr03_decoded_serial_node]: RECEIVED /cmd_vel: linear.x=0.1676848872042916, angular.z=0.14608027993373543
[decoded_serial_node-3] [INFO] [1791265060.225825143] [bw_dr03_decoded_serial_node]: SEND MOTOR CMD: cd eb d7 09 74 46 46 53 53 18 10 00 00
[decoded_serial_node-3] [INFO] [1791265060.290645602] [bw_dr03_decoded_serial_node]: RECEIVED /cmd_vel: linear.x=0.14435155387095827, angular.z=0.30608027993373543
[decoded_serial_node-3] [INFO] [1791265060.291435169] [bw_dr03_decoded_serial_node]: SEND MOTOR CMD: cd eb d7 09 74 46 46 53 53 19 0a 00 00
[decoded_serial_node-3] [INFO] [1791265060.357670911] [bw_dr03_decoded_serial_node]: RECEIVED /cmd_vel: linear.x=0.12101822053762494, angular.z=0.46608027993373546
[decoded_serial_node-3] [INFO] [1791265060.358525780] [bw_dr03_decoded_serial_node]: SEND MOTOR CMD: cd eb d7 09 74 46 46 53 53 1a 05 00 00
[decoded_serial_node-3] [INFO] [1791265060.423950584] [bw_dr03_decoded_serial_node]: RECEIVED /cmd_vel: linear.x=0.09768488720429161, angular.z=0.6260802799337355
[decoded_serial_node-3] [INFO] [1791265060.424715217] [bw_dr03_decoded_serial_node]: SEND MOTOR CMD: cd eb d7 09 74 46 42 53 53 1b 05 00 00
[decoded_serial_node-3] [INFO] [1791265060.491782083] [bw_dr03_decoded_serial_node]: RECEIVED /cmd_vel: linear.x=0.07435155387095828, angular.z=0.7860802799337355
[decoded_serial_node-3] [INFO] [1791265060.492562151] [bw_dr03_decoded_serial_node]: SEND MOTOR CMD: cd eb d7 09 74 46 42 53 53 1c 0a 00 00
[decoded_serial_node-3] [INFO] [1791265060.559345247] [bw_dr03_decoded_serial_node]: RECEIVED /cmd_vel: linear.x=0.05101822053762495, angular.z=0.8
[decoded_serial_node-3] [INFO] [1791265060.560094445] [bw_dr03_decoded_serial_node]: SEND MOTOR CMD: cd eb d7 09 74 46 42 53 53 19 0d 00 00
[decoded_serial_node-3] [INFO] [1791265060.648916545] [bw_dr03_decoded_serial_node]: RECEIVED /cmd_vel: linear.x=0.07435155387095828, angular.z=0.64
[decoded_serial_node-3] [INFO] [1791265060.649691864] [bw_dr03_decoded_serial_node]: SEND MOTOR CMD: cd eb d7 09 74 46 42 53 53 18 06 00 00
[decoded_serial_node-3] [INFO] [1791265060.716478522] [bw_dr03_decoded_serial_node]: RECEIVED /cmd_vel: linear.x=0.09768488720429161, angular.z=0.48
[decoded_serial_node-3] [INFO] [1791265060.717266901] [bw_dr03_decoded_serial_node]: SEND MOTOR CMD: cd eb d7 09 74 46 53 53 53 17 1e 00 00
[follow_planner-6] [INFO] [1791265060.756564765] [follow_planner_node]: [ARRIVED] giu khoang cach 1.04m | d=1.04m goc=3deg | v=0.074 w=0.320 | thoang=-
[decoded_serial_node-3] [INFO] [1791265060.757274781] [bw_dr03_decoded_serial_node]: RECEIVED /cmd_vel: linear.x=0.07435155387095828, angular.z=0.31999999999999995
[decoded_serial_node-3] [INFO] [1791265060.758078596] [bw_dr03_decoded_serial_node]: SEND MOTOR CMD: cd eb d7 09 74 46 46 53 53 10 05 00 00
[decoded_serial_node-3] [INFO] [1791265060.823878592] [bw_dr03_decoded_serial_node]: RECEIVED /cmd_vel: linear.x=0.05101822053762495, angular.z=0.15999999999999995
[decoded_serial_node-3] [INFO] [1791265060.824674095] [bw_dr03_decoded_serial_node]: SEND MOTOR CMD: cd eb d7 09 74 46 46 53 53 0a 05 00 00
[decoded_serial_node-3] [INFO] [1791265060.890373170] [bw_dr03_decoded_serial_node]: RECEIVED /cmd_vel: linear.x=0.035, angular.z=0.0
[decoded_serial_node-3] [INFO] [1791265060.891162737] [bw_dr03_decoded_serial_node]: SEND MOTOR CMD: cd eb d7 09 74 46 46 53 53 05 05 00 00
[decoded_serial_node-3] [INFO] [1791265060.957922087] [bw_dr03_decoded_serial_node]: RECEIVED /cmd_vel: linear.x=0.035, angular.z=0.0
[decoded_serial_node-3] [INFO] [1791265060.958767457] [bw_dr03_decoded_serial_node]: SEND MOTOR CMD: cd eb d7 09 74 46 46 53 53 05 05 00 00
[follow_planner-6] [INFO] [1791265060.969652792] [follow_planner_node]: self-filter: bo 13/206 tia dap vao than xe
[decoded_serial_node-3] [INFO] [1791265061.024067593] [bw_dr03_decoded_serial_node]: RECEIVED /cmd_vel: linear.x=0.0, angular.z=0.0
[decoded_serial_node-3] [INFO] [1791265061.024793044] [bw_dr03_decoded_serial_node]: SEND MOTOR CMD: cd eb d7 09 74 53 53 53 53 1e 1e 00 00
[decoded_serial_node-3] [INFO] [1791265061.090280776] [bw_dr03_decoded_serial_node]: RECEIVED /cmd_vel: linear.x=0.0, angular.z=0.0
[decoded_serial_node-3] [INFO] [1791265061.157264528] [bw_dr03_decoded_serial_node]: RECEIVED /cmd_vel: linear.x=0.0, angular.z=0.0
[decoded_serial_node-3] [INFO] [1791265061.223509768] [bw_dr03_decoded_serial_node]: RECEIVED /cmd_vel: linear.x=0.0, angular.z=0.0
[decoded_serial_node-3] [INFO] [1791265061.291879121] [bw_dr03_decoded_serial_node]: RECEIVED /cmd_vel: linear.x=0.0, angular.z=0.0
[decoded_serial_node-3] [INFO] [1791265061.357002346] [bw_dr03_decoded_serial_node]: RECEIVED /cmd_vel: linear.x=0.0, angular.z=0.0
[decoded_serial_node-3] [INFO] [1791265061.423880427] [bw_dr03_decoded_serial_node]: RECEIVED /cmd_vel: linear.x=0.0, angular.z=0.16
[decoded_serial_node-3] [INFO] [1791265061.424667619] [bw_dr03_decoded_serial_node]: SEND MOTOR CMD: cd eb d7 09 74 46 42 53 53 05 05 00 00
[decoded_serial_node-3] [INFO] [1791265061.489933322] [bw_dr03_decoded_serial_node]: RECEIVED /cmd_vel: linear.x=0.0, angular.z=0.25916
[decoded_serial_node-3] [INFO] [1791265061.490699142] [bw_dr03_decoded_serial_node]: SEND MOTOR CMD: cd eb d7 09 74 46 42 53 53 06 06 00 00
[decoded_serial_node-3] [INFO] [1791265061.556836337] [bw_dr03_decoded_serial_node]: RECEIVED /cmd_vel: linear.x=0.0, angular.z=0.41382
[decoded_serial_node-3] [INFO] [1791265061.557672209] [bw_dr03_decoded_serial_node]: SEND MOTOR CMD: cd eb d7 09 74 46 42 53 53 0a 0a 00 00
[decoded_serial_node-3] [INFO] [1791265061.623849772] [bw_dr03_decoded_serial_node]: RECEIVED /cmd_vel: linear.x=0.0, angular.z=0.41118000000000005
[decoded_serial_node-3] [INFO] [1791265061.624622716] [bw_dr03_decoded_serial_node]: SEND MOTOR CMD: cd eb d7 09 74 46 42 53 53 0a 0a 00 00
[decoded_serial_node-3] [INFO] [1791265061.690828775] [bw_dr03_decoded_serial_node]: RECEIVED /cmd_vel: linear.x=0.0, angular.z=0.57118
[decoded_serial_node-3] [INFO] [1791265061.691630215] [bw_dr03_decoded_serial_node]: SEND MOTOR CMD: cd eb d7 09 74 46 42 53 53 0d 0d 00 00
[decoded_serial_node-3] [INFO] [1791265061.756936287] [bw_dr03_decoded_serial_node]: RECEIVED /cmd_vel: linear.x=0.0, angular.z=0.73118
[decoded_serial_node-3] [INFO] [1791265061.757731790] [bw_dr03_decoded_serial_node]: SEND MOTOR CMD: cd eb d7 09 74 46 42 53 53 11 11 00 00
[follow_planner-6] [INFO] [1791265061.823118599] [follow_planner_node]: [FOLLOW] canh huong tai cho | d=0.27m goc=21deg | v=0.000 w=0.793 | thoang=-
[decoded_serial_node-3] [INFO] [1791265061.823803682] [bw_dr03_decoded_serial_node]: RECEIVED /cmd_vel: linear.x=0.0, angular.z=0.79332
[decoded_serial_node-3] [INFO] [1791265061.824589687] [bw_dr03_decoded_serial_node]: SEND MOTOR CMD: cd eb d7 09 74 46 42 53 53 13 13 00 00
[decoded_serial_node-3] [INFO] [1791265061.889914755] [bw_dr03_decoded_serial_node]: RECEIVED /cmd_vel: linear.x=0.0, angular.z=0.77968
[decoded_serial_node-3] [INFO] [1791265061.890696011] [bw_dr03_decoded_serial_node]: SEND MOTOR CMD: cd eb d7 09 74 46 42 53 53 13 13 00 00
[decoded_serial_node-3] [INFO] [1791265061.958152316] [bw_dr03_decoded_serial_node]: RECEIVED /cmd_vel: linear.x=0.0, angular.z=0.7191800000000002
[decoded_serial_node-3] [INFO] [1791265061.958902701] [bw_dr03_decoded_serial_node]: SEND MOTOR CMD: cd eb d7 09 74 46 42 53 53 11 11 00 00
[decoded_serial_node-3] [INFO] [1791265062.053160343] [bw_dr03_decoded_serial_node]: RECEIVED /cmd_vel: linear.x=0.0, angular.z=0.5591800000000001
[decoded_serial_node-3] [INFO] [1791265062.053920227] [bw_dr03_decoded_serial_node]: SEND MOTOR CMD: cd eb d7 09 74 46 42 53 53 0d 0d 00 00
[decoded_serial_node-3] [INFO] [1791265062.096453532] [bw_dr03_decoded_serial_node]: RECEIVED /cmd_vel: linear.x=0.0, angular.z=0.7191800000000002
[decoded_serial_node-3] [INFO] [1791265062.097640850] [bw_dr03_decoded_serial_node]: SEND MOTOR CMD: cd eb d7 09 74 46 42 53 53 11 11 00 00
[decoded_serial_node-3] [INFO] [1791265062.157766651] [bw_dr03_decoded_serial_node]: RECEIVED /cmd_vel: linear.x=0.0, angular.z=0.8791800000000002
[decoded_serial_node-3] [INFO] [1791265062.158551469] [bw_dr03_decoded_serial_node]: SEND MOTOR CMD: cd eb d7 09 74 46 42 53 53 15 15 00 00
[decoded_serial_node-3] [INFO] [1791265062.223833793] [bw_dr03_decoded_serial_node]: RECEIVED /cmd_vel: linear.x=0.0, angular.z=0.9
[decoded_serial_node-3] [INFO] [1791265062.224599613] [bw_dr03_decoded_serial_node]: SEND MOTOR CMD: cd eb d7 09 74 46 42 53 53 15 15 00 00
[decoded_serial_node-3] [INFO] [1791265062.299252254] [bw_dr03_decoded_serial_node]: RECEIVED /cmd_vel: linear.x=0.0, angular.z=0.9
[decoded_serial_node-3] [INFO] [1791265062.300035885] [bw_dr03_decoded_serial_node]: SEND MOTOR CMD: cd eb d7 09 74 46 42 53 53 15 15 00 00
[decoded_serial_node-3] [INFO] [1791265062.357855913] [bw_dr03_decoded_serial_node]: RECEIVED /cmd_vel: linear.x=0.0, angular.z=0.9
[decoded_serial_node-3] [INFO] [1791265062.358650229] [bw_dr03_decoded_serial_node]: SEND MOTOR CMD: cd eb d7 09 74 46 42 53 53 15 15 00 00
[decoded_serial_node-3] [INFO] [1791265062.423717649] [bw_dr03_decoded_serial_node]: RECEIVED /cmd_vel: linear.x=0.0, angular.z=0.9
[decoded_serial_node-3] [INFO] [1791265062.424828979] [bw_dr03_decoded_serial_node]: SEND MOTOR CMD: cd eb d7 09 74 46 42 53 53 15 15 00 00
[decoded_serial_node-3] [INFO] [1791265062.496931260] [bw_dr03_decoded_serial_node]: RECEIVED /cmd_vel: linear.x=0.0, angular.z=0.9
[decoded_serial_node-3] [INFO] [1791265062.498010533] [bw_dr03_decoded_serial_node]: SEND MOTOR CMD: cd eb d7 09 74 46 42 53 53 15 15 00 00
[decoded_serial_node-3] [INFO] [1791265062.556580947] [bw_dr03_decoded_serial_node]: RECEIVED /cmd_vel: linear.x=0.0, angular.z=0.9
[decoded_serial_node-3] [INFO] [1791265062.557363390] [bw_dr03_decoded_serial_node]: SEND MOTOR CMD: cd eb d7 09 74 46 42 53 53 15 15 00 00
[decoded_serial_node-3] [INFO] [1791265062.624354265] [bw_dr03_decoded_serial_node]: RECEIVED /cmd_vel: linear.x=0.0, angular.z=0.9
[decoded_serial_node-3] [INFO] [1791265062.625169953] [bw_dr03_decoded_serial_node]: SEND MOTOR CMD: cd eb d7 09 74 46 42 53 53 15 15 00 00
[decoded_serial_node-3] [INFO] [1791265062.695126750] [bw_dr03_decoded_serial_node]: RECEIVED /cmd_vel: linear.x=0.0, angular.z=0.9
[decoded_serial_node-3] [INFO] [1791265062.696213146] [bw_dr03_decoded_serial_node]: SEND MOTOR CMD: cd eb d7 09 74 46 42 53 53 15 15 00 00
[decoded_serial_node-3] [INFO] [1791265062.756541979] [bw_dr03_decoded_serial_node]: RECEIVED /cmd_vel: linear.x=0.0, angular.z=0.9
[decoded_serial_node-3] [INFO] [1791265062.757375476] [bw_dr03_decoded_serial_node]: SEND MOTOR CMD: cd eb d7 09 74 46 42 53 53 15 15 00 00
[follow_planner-6] [INFO] [1791265062.823036555] [follow_planner_node]: [FOLLOW] canh huong tai cho | d=0.31m goc=34deg | v=0.000 w=0.900 | thoang=-
[decoded_serial_node-3] [INFO] [1791265062.823931793] [bw_dr03_decoded_serial_node]: RECEIVED /cmd_vel: linear.x=0.0, angular.z=0.9
[decoded_serial_node-3] [INFO] [1791265062.824740357] [bw_dr03_decoded_serial_node]: SEND MOTOR CMD: cd eb d7 09 74 46 42 53 53 15 15 00 00
[decoded_serial_node-3] [INFO] [1791265062.890452491] [bw_dr03_decoded_serial_node]: RECEIVED /cmd_vel: linear.x=0.0, angular.z=0.9
[decoded_serial_node-3] [INFO] [1791265062.891226623] [bw_dr03_decoded_serial_node]: SEND MOTOR CMD: cd eb d7 09 74 46 42 53 53 15 15 00 00
[decoded_serial_node-3] [INFO] [1791265062.958014467] [bw_dr03_decoded_serial_node]: RECEIVED /cmd_vel: linear.x=0.0, angular.z=0.9
[decoded_serial_node-3] [INFO] [1791265062.958761290] [bw_dr03_decoded_serial_node]: SEND MOTOR CMD: cd eb d7 09 74 46 42 53 53 15 15 00 00
[decoded_serial_node-3] [INFO] [1791265063.023852456] [bw_dr03_decoded_serial_node]: RECEIVED /cmd_vel: linear.x=0.0, angular.z=0.9
[decoded_serial_node-3] [INFO] [1791265063.024668144] [bw_dr03_decoded_serial_node]: SEND MOTOR CMD: cd eb d7 09 74 46 42 53 53 15 15 00 00
[decoded_serial_node-3] [INFO] [1791265063.092746603] [bw_dr03_decoded_serial_node]: RECEIVED /cmd_vel: linear.x=0.0, angular.z=0.8984800000000001
[decoded_serial_node-3] [INFO] [1791265063.093496988] [bw_dr03_decoded_serial_node]: SEND MOTOR CMD: cd eb d7 09 74 46 42 53 53 15 15 00 00
[decoded_serial_node-3] [INFO] [1791265063.160249212] [bw_dr03_decoded_serial_node]: RECEIVED /cmd_vel: linear.x=0.0, angular.z=0.7493200000000001
[decoded_serial_node-3] [INFO] [1791265063.161004346] [bw_dr03_decoded_serial_node]: SEND MOTOR CMD: cd eb d7 09 74 46 42 53 53 12 12 00 00
[decoded_serial_node-3] [INFO] [1791265063.223646074] [bw_dr03_decoded_serial_node]: RECEIVED /cmd_vel: linear.x=0.0, angular.z=0.63866
[decoded_serial_node-3] [INFO] [1791265063.224457013] [bw_dr03_decoded_serial_node]: SEND MOTOR CMD: cd eb d7 09 74 46 42 53 53 0f 0f 00 00
[decoded_serial_node-3] [INFO] [1791265063.291209237] [bw_dr03_decoded_serial_node]: RECEIVED /cmd_vel: linear.x=0.0, angular.z=0.49632000000000004
[decoded_serial_node-3] [INFO] [1791265063.292010677] [bw_dr03_decoded_serial_node]: SEND MOTOR CMD: cd eb d7 09 74 46 42 53 53 0c 0c 00 00
[decoded_serial_node-3] [INFO] [1791265063.357633761] [bw_dr03_decoded_serial_node]: RECEIVED /cmd_vel: linear.x=0.0, angular.z=0.49632000000000004
[decoded_serial_node-3] [INFO] [1791265063.358435201] [bw_dr03_decoded_serial_node]: SEND MOTOR CMD: cd eb d7 09 74 46 42 53 53 0c 0c 00 00
[decoded_serial_node-3] [INFO] [1791265063.423618978] [bw_dr03_decoded_serial_node]: RECEIVED /cmd_vel: linear.x=0.0, angular.z=0.36256000000000005
[decoded_serial_node-3] [INFO] [1791265063.424420417] [bw_dr03_decoded_serial_node]: SEND MOTOR CMD: cd eb d7 09 74 46 42 53 53 08 08 00 00
[decoded_serial_node-3] [INFO] [1791265063.490836630] [bw_dr03_decoded_serial_node]: RECEIVED /cmd_vel: linear.x=0.0, angular.z=0.21956
[decoded_serial_node-3] [INFO] [1791265063.491592952] [bw_dr03_decoded_serial_node]: SEND MOTOR CMD: cd eb d7 09 74 46 42 53 53 05 05 00 00
[decoded_serial_node-3] [INFO] [1791265063.557275402] [bw_dr03_decoded_serial_node]: RECEIVED /cmd_vel: linear.x=0.0, angular.z=0.1
[decoded_serial_node-3] [INFO] [1791265063.558074468] [bw_dr03_decoded_serial_node]: SEND MOTOR CMD: cd eb d7 09 74 46 42 53 53 05 05 00 00
[decoded_serial_node-3] [INFO] [1791265063.623388849] [bw_dr03_decoded_serial_node]: RECEIVED /cmd_vel: linear.x=0.0, angular.z=0.0
[decoded_serial_node-3] [INFO] [1791265063.624210474] [bw_dr03_decoded_serial_node]: SEND MOTOR CMD: cd eb d7 09 74 53 53 53 53 1e 1e 00 00
[decoded_serial_node-3] [INFO] [1791265063.690332232] [bw_dr03_decoded_serial_node]: RECEIVED /cmd_vel: linear.x=0.0, angular.z=0.0
[decoded_serial_node-3] [INFO] [1791265063.757234058] [bw_dr03_decoded_serial_node]: RECEIVED /cmd_vel: linear.x=0.0, angular.z=0.0
[decoded_serial_node-3] [INFO] [1791265063.823282202] [bw_dr03_decoded_serial_node]: RECEIVED /cmd_vel: linear.x=0.0, angular.z=0.0
[follow_planner-6] [INFO] [1791265063.889560686] [follow_planner_node]: [ARRIVED] giu khoang cach 0.39m | d=0.39m goc=-1deg | v=0.000 w=0.000 | thoang=-
[decoded_serial_node-3] [INFO] [1791265063.890572281] [bw_dr03_decoded_serial_node]: RECEIVED /cmd_vel: linear.x=0.0, angular.z=0.0
[decoded_serial_node-3] [INFO] [1791265063.957201024] [bw_dr03_decoded_serial_node]: RECEIVED /cmd_vel: linear.x=0.0, angular.z=0.0
[decoded_serial_node-3] [INFO] [1791265064.023240857] [bw_dr03_decoded_serial_node]: RECEIVED /cmd_vel: linear.x=0.0, angular.z=0.0
[decoded_serial_node-3] [INFO] [1791265064.090706659] [bw_dr03_decoded_serial_node]: RECEIVED /cmd_vel: linear.x=0.0, angular.z=0.0
[decoded_serial_node-3] [INFO] [1791265064.159001209] [bw_dr03_decoded_serial_node]: RECEIVED /cmd_vel: linear.x=0.0, angular.z=0.0
[decoded_serial_node-3] [INFO] [1791265064.223362173] [bw_dr03_decoded_serial_node]: RECEIVED /cmd_vel: linear.x=0.0, angular.z=0.0
[decoded_serial_node-3] [INFO] [1791265064.291805138] [bw_dr03_decoded_serial_node]: RECEIVED /cmd_vel: linear.x=0.0, angular.z=0.0
[decoded_serial_node-3] [INFO] [1791265064.356904615] [bw_dr03_decoded_serial_node]: RECEIVED /cmd_vel: linear.x=0.0, angular.z=0.0
[decoded_serial_node-3] [INFO] [1791265064.423561853] [bw_dr03_decoded_serial_node]: RECEIVED /cmd_vel: linear.x=0.0, angular.z=0.0
[decoded_serial_node-3] [INFO] [1791265064.481132543] [bw_dr03_decoded_serial_node]: RECEIVED /cmd_vel: linear.x=0.0, angular.z=0.0
[decoded_serial_node-3] [INFO] [1791265064.524151461] [bw_dr03_decoded_serial_node]: RECEIVED /cmd_vel: linear.x=0.0, angular.z=0.0
[decoded_serial_node-3] [INFO] [1791265064.568652152] [bw_dr03_decoded_serial_node]: RECEIVED /cmd_vel: linear.x=0.0, angular.z=0.0
[decoded_serial_node-3] [INFO] [1791265064.613776185] [bw_dr03_decoded_serial_node]: RECEIVED /cmd_vel: linear.x=0.0, angular.z=0.0
[follow_planner-6] [INFO] [1791265064.663313480] [follow_planner_node]: Bam nguoi: TAT
[decoded_serial_node-3] [INFO] [1791265064.664505547] [bw_dr03_decoded_serial_node]: RECEIVED /cmd_vel: linear.x=0.0, angular.z=0.0
[decoded_serial_node-3] [INFO] [1791265064.706875002] [bw_dr03_decoded_serial_node]: RECEIVED /cmd_vel: linear.x=0.0, angular.z=0.0
[decoded_serial_node-3] [INFO] [1791265064.752208003] [bw_dr03_decoded_serial_node]: RECEIVED /cmd_vel: linear.x=0.0, angular.z=0.0
[decoded_serial_node-3] [INFO] [1791265064.802943302] [bw_dr03_decoded_serial_node]: RECEIVED /cmd_vel: linear.x=0.0, angular.z=0.0
[follow_planner-6] [INFO] [1791265064.849582353] [follow_planner_node]: Bam nguoi: TAT
[follow_planner-6] [INFO] [1791265064.955679931] [follow_planner_node]: [IDLE] disabled | d=- goc=- | v=0.000 w=0.000 | thoang=-
[follow_planner-6] [INFO] [1791265065.956092970] [follow_planner_node]: [IDLE] disabled | d=- goc=- | v=0.000 w=0.000 | thoang=-
[follow_planner-6] [INFO] [1791265067.022262061] [follow_planner_node]: [IDLE] disabled | d=- goc=- | v=0.000 w=0.000 | thoang=-
[follow_planner-6] [INFO] [1791265068.088919129] [follow_planner_node]: [IDLE] disabled | d=- goc=- | v=0.000 w=0.000 | thoang=-
[follow_planner-6] [INFO] [1791265069.089169476] [follow_planner_node]: [IDLE] disabled | d=- goc=- | v=0.000 w=0.000 | thoang=-
[follow_planner-6] [INFO] [1791265070.089077866] [follow_planner_node]: [IDLE] disabled | d=- goc=- | v=0.000 w=0.000 | thoang=-
[follow_planner-6] [INFO] [1791265071.041296423] [follow_planner_node]: self-filter: bo 12/196 tia dap vao than xe
[follow_planner-6] [INFO] [1791265071.089780563] [follow_planner_node]: [IDLE] disabled | d=- goc=- | v=0.000 w=0.000 | thoang=-
[follow_planner-6] [INFO] [1791265072.155561351] [follow_planner_node]: [IDLE] disabled | d=- goc=- | v=0.000 w=0.000 | thoang=-
[follow_planner-6] [INFO] [1791265073.156101366] [follow_planner_node]: [IDLE] disabled | d=- goc=- | v=0.000 w=0.000 | thoang=-
[follow_planner-6] [INFO] [1791265074.156140323] [follow_planner_node]: [IDLE] disabled | d=- goc=- | v=0.000 w=0.000 | thoang=-
[follow_planner-6] [INFO] [1791265075.222552734] [follow_planner_node]: [IDLE] disabled | d=- goc=- | v=0.000 w=0.000 | thoang=-
[follow_planner-6] [INFO] [1791265076.289098114] [follow_planner_node]: [IDLE] disabled | d=- goc=- | v=0.000 w=0.000 | thoang=-
[follow_planner-6] [INFO] [1791265077.355541374] [follow_planner_node]: [IDLE] disabled | d=- goc=- | v=0.000 w=0.000 | thoang=-
[follow_planner-6] [INFO] [1791265078.422260082] [follow_planner_node]: [IDLE] disabled | d=- goc=- | v=0.000 w=0.000 | thoang=-
[follow_planner-6] [INFO] [1791265079.422319176] [follow_planner_node]: [IDLE] disabled | d=- goc=- | v=0.000 w=0.000 | thoang=-
[follow_planner-6] [INFO] [1791265080.422328394] [follow_planner_node]: [IDLE] disabled | d=- goc=- | v=0.000 w=0.000 | thoang=-
[follow_planner-6] [INFO] [1791265081.110881496] [follow_planner_node]: self-filter: bo 10/192 tia dap vao than xe
[follow_planner-6] [INFO] [1791265081.488759741] [follow_planner_node]: [IDLE] disabled | d=- goc=- | v=0.000 w=0.000 | thoang=-
[follow_planner-6] [INFO] [1791265082.555427354] [follow_planner_node]: [IDLE] disabled | d=- goc=- | v=0.000 w=0.000 | thoang=-
[follow_planner-6] [INFO] [1791265083.555588520] [follow_planner_node]: [IDLE] disabled | d=- goc=- | v=0.000 w=0.000 | thoang=-
[follow_planner-6] [INFO] [1791265084.555798357] [follow_planner_node]: [IDLE] disabled | d=- goc=- | v=0.000 w=0.000 | thoang=-
