t_pc,id,seq,ms,rssi,port
1790753683.9253,A,0,969,-57,/dev/serial/by-path/pci-0000:05:00.3-usb-0:2.1.1:1.0-port0
1790753683.9692,A,1,1013,-57,/dev/serial/by-path/pci-0000:05:00.3-usb-0:2.1.1:1.0-port0
1790753684.0365,A,2,1080,-61,/dev/serial/by-path/pci-0000:05:00.3-usb-0:2.1.1:1.0-port0
1790753684.0588,A,3,1102,-57,/dev/serial/by-path/pci-0000:05:00.3-usb-0:2.1.1:1.0-port0
1790753684.1155,A,4,1159,-57,/dev/serial/by-path/pci-0000:05:00.3-usb-0:2.1.1:1.0-port0
1790753684.1637,A,5,1207,-61,/dev/serial/by-path/pci-0000:05:00.3-usb-0:2.1.1:1.0-port0
1790753684.1866,A,6,1230,-60,/dev/serial/by-path/pci-0000:05:00.3-usb-0:2.1.1:1.0-port0
1790753684.2341,A,7,1278,-57,/dev/serial/by-path/pci-0000:05:00.3-usb-0:2.1.1:1.0-port0
1790753684.2771,A,8,1320,-57,/dev/serial/by-path/pci-0000:05:00.3-usb-0:2.1.1:1.0-port0
1790753684.3365,A,9,1380,-61,/dev/serial/by-path/pci-0000:05:00.3-usb-0:2.1.1:1.0-port0
1790753684.3689,A,10,1412,-57,/dev/serial/by-path/pci-0000:05:00.3-usb-0:2.1.1:1.0-port0
1790753684.3692,C,0,1407,-41,/dev/serial/by-path/pci-0000:05:00.3-usb-0:2.1.3:1.0-port0
1790753684.3694,B,0,1407,-49,/dev/serial/by-path/pci-0000:05:00.3-usb-0:2.1.2:1.0-port0
1790753684.4053,C,1,1443,-40,/dev/serial/by-path/pci-0000:05:00.3-usb-0:2.1.3:1.0-port0
1790753684.4056,A,11,1449,-57,/dev/serial/by-path/pci-0000:05:00.3-usb-0:2.1.1:1.0-port0
1790753684.4058,B,1,1443,-48,/dev/serial/by-path/pci-0000:05:00.3-usb-0:2.1.2:1.0-port0
1790753684.4519,B,2,1490,-62,/dev/serial/by-path/pci-0000:05:00.3-usb-0:2.1.2:1.0-port0
1790753684.4776,C,2,1515,-38,/dev/serial/by-path/pci-0000:05:00.3-usb-0:2.1.3:1.0-port0
1790753684.4787,A,12,1522,-60,/dev/serial/by-path/pci-0000:05:00.3-usb-0:2.1.1:1.0-port0
1790753684.4991,C,3,1537,-41,/dev/serial/by-path/pci-0000:05:00.3-usb-0:2.1.3:1.0-port0
1790753684.5037,B,3,1542,-50,/dev/serial/by-path/pci-0000:05:00.3-usb-0:2.1.2:1.0-port0
1790753684.5041,A,13,1547,-57,/dev/serial/by-path/pci-0000:05:00.3-usb-0:2.1.1:1.0-port0
1790753684.5437,B,4,1582,-49,/dev/serial/by-path/pci-0000:05:00.3-usb-0:2.1.2:1.0-port0
1790753684.5441,A,14,1588,-58,/dev/serial/by-path/pci-0000:05:00.3-usb-0:2.1.1:1.0-port0
1790753684.5463,C,4,1584,-40,/dev/serial/by-path/pci-0000:05:00.3-usb-0:2.1.3:1.0-port0
1790753684.5922,B,5,1630,-61,/dev/serial/by-path/pci-0000:05:00.3-usb-0:2.1.2:1.0-port0
1790753684.6383,A,15,1680,-61,/dev/serial/by-path/pci-0000:05:00.3-usb-0:2.1.1:1.0-port0
1790753684.6386,C,5,1676,-39,/dev/serial/by-path/pci-0000:05:00.3-usb-0:2.1.3:1.0-port0
1790753684.6445,B,6,1683,-50,/dev/serial/by-path/pci-0000:05:00.3-usb-0:2.1.2:1.0-port0
1790753684.6863,C,6,1724,-42,/dev/serial/by-path/pci-0000:05:00.3-usb-0:2.1.3:1.0-port0
1790753684.6866,A,16,1730,-57,/dev/serial/by-path/pci-0000:05:00.3-usb-0:2.1.1:1.0-port0
1790753684.7095,B,7,1748,-48,/dev/serial/by-path/pci-0000:05:00.3-usb-0:2.1.2:1.0-port0
1790753684.7298,A,17,1773,-59,/dev/serial/by-path/pci-0000:05:00.3-usb-0:2.1.1:1.0-port0
1790753684.7302,B,8,1768,-48,/dev/serial/by-path/pci-0000:05:00.3-usb-0:2.1.2:1.0-port0
1790753684.7392,C,7,1777,-41,/dev/serial/by-path/pci-0000:05:00.3-usb-0:2.1.3:1.0-port0
1790753684.7776,C,8,1815,-39,/dev/serial/by-path/pci-0000:05:00.3-usb-0:2.1.3:1.0-port0
1790753684.7810,B,9,1819,-63,/dev/serial/by-path/pci-0000:05:00.3-usb-0:2.1.2:1.0-port0
1790753684.7838,A,18,1827,-61,/dev/serial/by-path/pci-0000:05:00.3-usb-0:2.1.1:1.0-port0
1790753684.8199,B,10,1858,-50,/dev/serial/by-path/pci-0000:05:00.3-usb-0:2.1.2:1.0-port0
1790753684.8252,C,9,1863,-42,/dev/serial/by-path/pci-0000:05:00.3-usb-0:2.1.3:1.0-port0
1790753684.8375,A,19,1881,-57,/dev/serial/by-path/pci-0000:05:00.3-usb-0:2.1.1:1.0-port0
1790753684.8687,B,11,1906,-49,/dev/serial/by-path/pci-0000:05:00.3-usb-0:2.1.2:1.0-port0
1790753684.8691,C,10,1906,-40,/dev/serial/by-path/pci-0000:05:00.3-usb-0:2.1.3:1.0-port0
1790753684.8881,A,20,1930,-59,/dev/serial/by-path/pci-0000:05:00.3-usb-0:2.1.1:1.0-port0
1790753684.9135,A,21,1957,-60,/dev/serial/by-path/pci-0000:05:00.3-usb-0:2.1.1:1.0-port0
1790753684.9136,C,11,1951,-39,/dev/serial/by-path/pci-0000:05:00.3-usb-0:2.1.3:1.0-port0
1790753684.9138,B,12,1952,-63,/dev/serial/by-path/pci-0000:05:00.3-usb-0:2.1.2:1.0-port0
1790753684.9562,B,13,1995,-50,/dev/serial/by-path/pci-0000:05:00.3-usb-0:2.1.2:1.0-port0
1790753684.9622,A,22,2006,-57,/dev/serial/by-path/pci-0000:05:00.3-usb-0:2.1.1:1.0-port0
1790753684.9652,C,12,2003,-42,/dev/serial/by-path/pci-0000:05:00.3-usb-0:2.1.3:1.0-port0
1790753684.9990,A,23,2042,-57,/dev/serial/by-path/pci-0000:05:00.3-usb-0:2.1.1:1.0-port0
1790753684.9991,C,13,2036,-41,/dev/serial/by-path/pci-0000:05:00.3-usb-0:2.1.3:1.0-port0
1790753685.0301,B,14,2068,-49,/dev/serial/by-path/pci-0000:05:00.3-usb-0:2.1.2:1.0-port0
1790753685.0401,B,15,2079,-60,/dev/serial/by-path/pci-0000:05:00.3-usb-0:2.1.2:1.0-port0
1790753685.0621,A,24,2106,-60,/dev/serial/by-path/pci-0000:05:00.3-usb-0:2.1.1:1.0-port0
1790753685.0866,A,25,2130,-60,/dev/serial/by-path/pci-0000:05:00.3-usb-0:2.1.1:1.0-port0
1790753685.0888,C,14,2126,-39,/dev/serial/by-path/pci-0000:05:00.3-usb-0:2.1.3:1.0-port0
1790753685.1264,A,26,2170,-57,/dev/serial/by-path/pci-0000:05:00.3-usb-0:2.1.1:1.0-port0
1790753685.1301,B,16,2168,-49,/dev/serial/by-path/pci-0000:05:00.3-usb-0:2.1.2:1.0-port0
1790753685.1394,C,15,2176,-42,/dev/serial/by-path/pci-0000:05:00.3-usb-0:2.1.3:1.0-port0
1790753685.1717,C,16,2209,-40,/dev/serial/by-path/pci-0000:05:00.3-usb-0:2.1.3:1.0-port0
1790753685.1724,B,17,2211,-48,/dev/serial/by-path/pci-0000:05:00.3-usb-0:2.1.2:1.0-port0
1790753685.1867,A,27,2230,-57,/dev/serial/by-path/pci-0000:05:00.3-usb-0:2.1.1:1.0-port0
1790753685.2304,B,18,2269,-62,/dev/serial/by-path/pci-0000:05:00.3-usb-0:2.1.2:1.0-port0
1790753685.2372,A,28,2281,-60,/dev/serial/by-path/pci-0000:05:00.3-usb-0:2.1.1:1.0-port0
1790753685.2388,C,17,2276,-39,/dev/serial/by-path/pci-0000:05:00.3-usb-0:2.1.3:1.0-port0
1790753685.2631,C,18,2301,-42,/dev/serial/by-path/pci-0000:05:00.3-usb-0:2.1.3:1.0-port0
1790753685.2632,B,19,2301,-50,/dev/serial/by-path/pci-0000:05:00.3-usb-0:2.1.2:1.0-port0
1790753685.2715,A,29,2315,-57,/dev/serial/by-path/pci-0000:05:00.3-usb-0:2.1.1:1.0-port0
1790753685.3061,C,19,2344,-41,/dev/serial/by-path/pci-0000:05:00.3-usb-0:2.1.3:1.0-port0
1790753685.3365,A,30,2380,-57,/dev/serial/by-path/pci-0000:05:00.3-usb-0:2.1.1:1.0-port0
1790753685.3547,B,20,2392,-62,/dev/serial/by-path/pci-0000:05:00.3-usb-0:2.1.2:1.0-port0
1790753685.3560,C,20,2392,-38,/dev/serial/by-path/pci-0000:05:00.3-usb-0:2.1.3:1.0-port0
1790753685.3867,A,31,2430,-60,/dev/serial/by-path/pci-0000:05:00.3-usb-0:2.1.1:1.0-port0
1790753685.4112,A,32,2455,-57,/dev/serial/by-path/pci-0000:05:00.3-usb-0:2.1.1:1.0-port0
1790753685.4115,B,21,2449,-50,/dev/serial/by-path/pci-0000:05:00.3-usb-0:2.1.2:1.0-port0
1790753685.4117,C,21,2449,-41,/dev/serial/by-path/pci-0000:05:00.3-usb-0:2.1.3:1.0-port0
1790753685.4475,B,22,2486,-50,/dev/serial/by-path/pci-0000:05:00.3-usb-0:2.1.2:1.0-port0
1790753685.4567,C,22,2494,-41,/dev/serial/by-path/pci-0000:05:00.3-usb-0:2.1.3:1.0-port0
1790753685.4567,A,33,2500,-57,/dev/serial/by-path/pci-0000:05:00.3-usb-0:2.1.1:1.0-port0
1790753685.4886,C,23,2526,-40,/dev/serial/by-path/pci-0000:05:00.3-usb-0:2.1.3:1.0-port0
1790753685.5194,B,23,2557,-60,/dev/serial/by-path/pci-0000:05:00.3-usb-0:2.1.2:1.0-port0
1790753685.5368,B,24,2575,-50,/dev/serial/by-path/pci-0000:05:00.3-usb-0:2.1.2:1.0-port0
1790753685.5386,C,24,2576,-38,/dev/serial/by-path/pci-0000:05:00.3-usb-0:2.1.3:1.0-port0
1790753685.5805,B,25,2618,-50,/dev/serial/by-path/pci-0000:05:00.3-usb-0:2.1.2:1.0-port0
1790753685.5806,C,25,2618,-42,/dev/serial/by-path/pci-0000:05:00.3-usb-0:2.1.3:1.0-port0
1790753685.5825,A,34,2626,-57,/dev/serial/by-path/pci-0000:05:00.3-usb-0:2.1.1:1.0-port0
1790753685.6284,B,26,2667,-49,/dev/serial/by-path/pci-0000:05:00.3-usb-0:2.1.2:1.0-port0
1790753685.6302,C,26,2668,-40,/dev/serial/by-path/pci-0000:05:00.3-usb-0:2.1.3:1.0-port0
1790753685.6303,A,35,2674,-57,/dev/serial/by-path/pci-0000:05:00.3-usb-0:2.1.1:1.0-port0
1790753685.6803,B,27,2718,-62,/dev/serial/by-path/pci-0000:05:00.3-usb-0:2.1.2:1.0-port0
1790753685.6865,A,36,2730,-60,/dev/serial/by-path/pci-0000:05:00.3-usb-0:2.1.1:1.0-port0
1790753685.6890,C,27,2726,-38,/dev/serial/by-path/pci-0000:05:00.3-usb-0:2.1.3:1.0-port0
1790753685.7203,C,28,2758,-42,/dev/serial/by-path/pci-0000:05:00.3-usb-0:2.1.3:1.0-port0
1790753685.7203,B,28,2759,-50,/dev/serial/by-path/pci-0000:05:00.3-usb-0:2.1.2:1.0-port0
1790753685.7207,A,37,2765,-57,/dev/serial/by-path/pci-0000:05:00.3-usb-0:2.1.1:1.0-port0
1790753685.7806,B,29,2819,-50,/dev/serial/by-path/pci-0000:05:00.3-usb-0:2.1.2:1.0-port0
1790753685.7840,A,38,2828,-59,/dev/serial/by-path/pci-0000:05:00.3-usb-0:2.1.1:1.0-port0
1790753685.7844,C,29,2822,-41,/dev/serial/by-path/pci-0000:05:00.3-usb-0:2.1.3:1.0-port0
1790753685.8111,B,30,2850,-63,/dev/serial/by-path/pci-0000:05:00.3-usb-0:2.1.2:1.0-port0
1790753685.8206,C,30,2858,-38,/dev/serial/by-path/pci-0000:05:00.3-usb-0:2.1.3:1.0-port0
1790753685.8209,A,39,2864,-59,/dev/serial/by-path/pci-0000:05:00.3-usb-0:2.1.1:1.0-port0
1790753685.8552,C,31,2893,-42,/dev/serial/by-path/pci-0000:05:00.3-usb-0:2.1.3:1.0-port0
1790753685.8769,B,31,2915,-50,/dev/serial/by-path/pci-0000:05:00.3-usb-0:2.1.2:1.0-port0
1790753685.8878,A,40,2930,-57,/dev/serial/by-path/pci-0000:05:00.3-usb-0:2.1.1:1.0-port0
1790753685.9021,B,32,2940,-49,/dev/serial/by-path/pci-0000:05:00.3-usb-0:2.1.2:1.0-port0
1790753685.9024,C,32,2940,-41,/dev/serial/by-path/pci-0000:05:00.3-usb-0:2.1.3:1.0-port0
1790753685.9083,A,41,2952,-57,/dev/serial/by-path/pci-0000:05:00.3-usb-0:2.1.1:1.0-port0
1790753685.9733,A,42,3017,-60,/dev/serial/by-path/pci-0000:05:00.3-usb-0:2.1.1:1.0-port0
1790753685.9736,B,33,3011,-62,/dev/serial/by-path/pci-0000:05:00.3-usb-0:2.1.2:1.0-port0
1790753685.9742,C,33,3011,-38,/dev/serial/by-path/pci-0000:05:00.3-usb-0:2.1.3:1.0-port0
1790753686.0008,B,34,3039,-50,/dev/serial/by-path/pci-0000:05:00.3-usb-0:2.1.2:1.0-port0
1790753686.0392,C,34,3077,-42,/dev/serial/by-path/pci-0000:05:00.3-usb-0:2.1.3:1.0-port0
1790753686.0894,C,35,3126,-41,/dev/serial/by-path/pci-0000:05:00.3-usb-0:2.1.3:1.0-port0
1790753686.1063,B,35,3145,-60,/dev/serial/by-path/pci-0000:05:00.3-usb-0:2.1.2:1.0-port0
1790753686.1301,B,36,3169,-61,/dev/serial/by-path/pci-0000:05:00.3-usb-0:2.1.2:1.0-port0
1790753686.1347,C,36,3172,-39,/dev/serial/by-path/pci-0000:05:00.3-usb-0:2.1.3:1.0-port0
1790753686.1348,A,43,3179,-61,/dev/serial/by-path/pci-0000:05:00.3-usb-0:2.1.1:1.0-port0
1790753686.1804,B,37,3218,-50,/dev/serial/by-path/pci-0000:05:00.3-usb-0:2.1.2:1.0-port0
1790753686.1832,C,37,3221,-42,/dev/serial/by-path/pci-0000:05:00.3-usb-0:2.1.3:1.0-port0
1790753686.1858,A,44,3230,-56,/dev/serial/by-path/pci-0000:05:00.3-usb-0:2.1.1:1.0-port0
1790753686.2189,A,45,3262,-57,/dev/serial/by-path/pci-0000:05:00.3-usb-0:2.1.1:1.0-port0
1790753686.2190,C,38,3256,-41,/dev/serial/by-path/pci-0000:05:00.3-usb-0:2.1.3:1.0-port0
1790753686.2193,B,38,3257,-49,/dev/serial/by-path/pci-0000:05:00.3-usb-0:2.1.2:1.0-port0
1790753686.2698,B,39,3308,-62,/dev/serial/by-path/pci-0000:05:00.3-usb-0:2.1.2:1.0-port0
1790753686.2702,C,39,3308,-39,/dev/serial/by-path/pci-0000:05:00.3-usb-0:2.1.3:1.0-port0
1790753686.2705,A,46,3314,-61,/dev/serial/by-path/pci-0000:05:00.3-usb-0:2.1.1:1.0-port0
1790753686.3072,B,40,3345,-53,/dev/serial/by-path/pci-0000:05:00.3-usb-0:2.1.2:1.0-port0
1790753686.3107,C,40,3348,-42,/dev/serial/by-path/pci-0000:05:00.3-usb-0:2.1.3:1.0-port0
1790753686.3117,A,47,3355,-57,/dev/serial/by-path/pci-0000:05:00.3-usb-0:2.1.1:1.0-port0
1790753686.3553,A,48,3399,-57,/dev/serial/by-path/pci-0000:05:00.3-usb-0:2.1.1:1.0-port0
1790753686.3561,C,41,3393,-41,/dev/serial/by-path/pci-0000:05:00.3-usb-0:2.1.3:1.0-port0
1790753686.3801,B,41,3418,-50,/dev/serial/by-path/pci-0000:05:00.3-usb-0:2.1.2:1.0-port0
1790753686.4137,B,42,3452,-63,/dev/serial/by-path/pci-0000:05:00.3-usb-0:2.1.2:1.0-port0
1790753686.4366,A,49,3480,-61,/dev/serial/by-path/pci-0000:05:00.3-usb-0:2.1.1:1.0-port0
1790753686.4387,C,42,3476,-39,/dev/serial/by-path/pci-0000:05:00.3-usb-0:2.1.3:1.0-port0
1790753686.4438,A,50,3487,-57,/dev/serial/by-path/pci-0000:05:00.3-usb-0:2.1.1:1.0-port0
1790753686.4441,B,43,3482,-50,/dev/serial/by-path/pci-0000:05:00.3-usb-0:2.1.2:1.0-port0
1790753686.4485,C,43,3486,-42,/dev/serial/by-path/pci-0000:05:00.3-usb-0:2.1.3:1.0-port0
1790753686.4939,B,44,3532,-49,/dev/serial/by-path/pci-0000:05:00.3-usb-0:2.1.2:1.0-port0
1790753686.5083,C,44,3546,-41,/dev/serial/by-path/pci-0000:05:00.3-usb-0:2.1.3:1.0-port0
1790753686.5094,A,51,3553,-58,/dev/serial/by-path/pci-0000:05:00.3-usb-0:2.1.1:1.0-port0
1790753686.5384,C,45,3576,-40,/dev/serial/by-path/pci-0000:05:00.3-usb-0:2.1.3:1.0-port0
1790753686.5834,C,46,3621,-39,/dev/serial/by-path/pci-0000:05:00.3-usb-0:2.1.3:1.0-port0
1790753686.5838,A,52,3627,-59,/dev/serial/by-path/pci-0000:05:00.3-usb-0:2.1.1:1.0-port0
1790753686.6225,C,47,3660,-42,/dev/serial/by-path/pci-0000:05:00.3-usb-0:2.1.3:1.0-port0
1790753686.6230,A,53,3666,-57,/dev/serial/by-path/pci-0000:05:00.3-usb-0:2.1.1:1.0-port0
1790753686.6233,B,45,3661,-50,/dev/serial/by-path/pci-0000:05:00.3-usb-0:2.1.2:1.0-port0
1790753686.6641,B,46,3702,-49,/dev/serial/by-path/pci-0000:05:00.3-usb-0:2.1.2:1.0-port0
1790753686.6866,A,54,3730,-57,/dev/serial/by-path/pci-0000:05:00.3-usb-0:2.1.1:1.0-port0
1790753686.6889,C,48,3726,-40,/dev/serial/by-path/pci-0000:05:00.3-usb-0:2.1.3:1.0-port0
1790753686.7067,B,47,3745,-61,/dev/serial/by-path/pci-0000:05:00.3-usb-0:2.1.2:1.0-port0
1790753686.7163,C,49,3754,-39,/dev/serial/by-path/pci-0000:05:00.3-usb-0:2.1.3:1.0-port0
1790753686.7166,A,55,3760,-61,/dev/serial/by-path/pci-0000:05:00.3-usb-0:2.1.1:1.0-port0
1790753686.7471,C,50,3784,-42,/dev/serial/by-path/pci-0000:05:00.3-usb-0:2.1.3:1.0-port0
1790753686.7608,B,48,3799,-50,/dev/serial/by-path/pci-0000:05:00.3-usb-0:2.1.2:1.0-port0
1790753686.7612,A,56,3805,-56,/dev/serial/by-path/pci-0000:05:00.3-usb-0:2.1.1:1.0-port0
1790753686.8109,B,49,3849,-49,/dev/serial/by-path/pci-0000:05:00.3-usb-0:2.1.2:1.0-port0
1790753686.8112,C,51,3849,-40,/dev/serial/by-path/pci-0000:05:00.3-usb-0:2.1.3:1.0-port0
1790753686.8114,A,57,3855,-57,/dev/serial/by-path/pci-0000:05:00.3-usb-0:2.1.1:1.0-port0
1790753686.8384,B,50,3877,-59,/dev/serial/by-path/pci-0000:05:00.3-usb-0:2.1.2:1.0-port0
1790753686.8387,C,52,3876,-41,/dev/serial/by-path/pci-0000:05:00.3-usb-0:2.1.3:1.0-port0
1790753686.8825,C,53,3920,-39,/dev/serial/by-path/pci-0000:05:00.3-usb-0:2.1.3:1.0-port0
1790753686.8829,A,58,3926,-61,/dev/serial/by-path/pci-0000:05:00.3-usb-0:2.1.1:1.0-port0
1790753686.9221,C,54,3959,-42,/dev/serial/by-path/pci-0000:05:00.3-usb-0:2.1.3:1.0-port0
1790753686.9271,B,51,3965,-50,/dev/serial/by-path/pci-0000:05:00.3-usb-0:2.1.2:1.0-port0
1790753686.9365,A,59,3980,-57,/dev/serial/by-path/pci-0000:05:00.3-usb-0:2.1.1:1.0-port0
1790753686.9706,B,52,4009,-48,/dev/serial/by-path/pci-0000:05:00.3-usb-0:2.1.2:1.0-port0
1790753686.9740,C,55,4012,-41,/dev/serial/by-path/pci-0000:05:00.3-usb-0:2.1.3:1.0-port0
1790753686.9744,A,60,4018,-57,/dev/serial/by-path/pci-0000:05:00.3-usb-0:2.1.1:1.0-port0
1790753687.0106,B,53,4049,-61,/dev/serial/by-path/pci-0000:05:00.3-usb-0:2.1.2:1.0-port0
1790753687.0107,C,56,4048,-38,/dev/serial/by-path/pci-0000:05:00.3-usb-0:2.1.3:1.0-port0
1790753687.0110,A,61,4055,-61,/dev/serial/by-path/pci-0000:05:00.3-usb-0:2.1.1:1.0-port0
1790753687.0553,C,57,4093,-41,/dev/serial/by-path/pci-0000:05:00.3-usb-0:2.1.3:1.0-port0
1790753687.0557,A,62,4099,-57,/dev/serial/by-path/pci-0000:05:00.3-usb-0:2.1.1:1.0-port0
1790753687.0570,B,54,4095,-50,/dev/serial/by-path/pci-0000:05:00.3-usb-0:2.1.2:1.0-port0
1790753687.1364,A,63,4180,-57,/dev/serial/by-path/pci-0000:05:00.3-usb-0:2.1.1:1.0-port0
1790753687.1392,C,58,4176,-40,/dev/serial/by-path/pci-0000:05:00.3-usb-0:2.1.3:1.0-port0
1790753687.1414,B,55,4180,-61,/dev/serial/by-path/pci-0000:05:00.3-usb-0:2.1.2:1.0-port0
1790753687.1865,A,64,4230,-60,/dev/serial/by-path/pci-0000:05:00.3-usb-0:2.1.1:1.0-port0
1790753687.1869,B,56,4225,-50,/dev/serial/by-path/pci-0000:05:00.3-usb-0:2.1.2:1.0-port0
1790753687.1885,C,59,4226,-39,/dev/serial/by-path/pci-0000:05:00.3-usb-0:2.1.3:1.0-port0
1790753687.2370,A,65,4281,-57,/dev/serial/by-path/pci-0000:05:00.3-usb-0:2.1.1:1.0-port0
1790753687.2390,C,60,4277,-42,/dev/serial/by-path/pci-0000:05:00.3-usb-0:2.1.3:1.0-port0
1790753687.2797,C,61,4317,-41,/dev/serial/by-path/pci-0000:05:00.3-usb-0:2.1.3:1.0-port0
1790753687.2807,B,57,4319,-50,/dev/serial/by-path/pci-0000:05:00.3-usb-0:2.1.2:1.0-port0
1790753687.2866,A,66,4330,-58,/dev/serial/by-path/pci-0000:05:00.3-usb-0:2.1.1:1.0-port0
1790753687.3301,B,58,4368,-62,/dev/serial/by-path/pci-0000:05:00.3-usb-0:2.1.2:1.0-port0
1790753687.3366,A,67,4380,-60,/dev/serial/by-path/pci-0000:05:00.3-usb-0:2.1.1:1.0-port0
1790753687.3388,C,62,4376,-39,/dev/serial/by-path/pci-0000:05:00.3-usb-0:2.1.3:1.0-port0
1790753687.3729,B,59,4410,-50,/dev/serial/by-path/pci-0000:05:00.3-usb-0:2.1.2:1.0-port0
1790753687.3862,A,68,4430,-57,/dev/serial/by-path/pci-0000:05:00.3-usb-0:2.1.1:1.0-port0
1790753687.3898,C,63,4426,-41,/dev/serial/by-path/pci-0000:05:00.3-usb-0:2.1.3:1.0-port0
1790753687.4186,A,69,4462,-57,/dev/serial/by-path/pci-0000:05:00.3-usb-0:2.1.1:1.0-port0
1790753687.4188,B,60,4457,-49,/dev/serial/by-path/pci-0000:05:00.3-usb-0:2.1.2:1.0-port0
1790753687.4192,C,64,4456,-40,/dev/serial/by-path/pci-0000:05:00.3-usb-0:2.1.3:1.0-port0
1790753687.4600,B,61,4498,-62,/dev/serial/by-path/pci-0000:05:00.3-usb-0:2.1.2:1.0-port0
1790753687.4872,A,70,4531,-61,/dev/serial/by-path/pci-0000:05:00.3-usb-0:2.1.1:1.0-port0
1790753687.4890,C,65,4526,-39,/dev/serial/by-path/pci-0000:05:00.3-usb-0:2.1.3:1.0-port0
1790753687.5043,C,66,4541,-42,/dev/serial/by-path/pci-0000:05:00.3-usb-0:2.1.3:1.0-port0
1790753687.5044,A,71,4548,-57,/dev/serial/by-path/pci-0000:05:00.3-usb-0:2.1.1:1.0-port0
1790753687.5047,B,62,4542,-50,/dev/serial/by-path/pci-0000:05:00.3-usb-0:2.1.2:1.0-port0
1790753687.5461,B,63,4585,-49,/dev/serial/by-path/pci-0000:05:00.3-usb-0:2.1.2:1.0-port0
1790753687.5577,A,72,4601,-57,/dev/serial/by-path/pci-0000:05:00.3-usb-0:2.1.1:1.0-port0
1790753687.5581,C,67,4595,-40,/dev/serial/by-path/pci-0000:05:00.3-usb-0:2.1.3:1.0-port0
1790753687.5862,C,68,4624,-40,/dev/serial/by-path/pci-0000:05:00.3-usb-0:2.1.3:1.0-port0
1790753687.5865,A,73,4630,-56,/dev/serial/by-path/pci-0000:05:00.3-usb-0:2.1.1:1.0-port0
1790753687.5988,B,64,4637,-61,/dev/serial/by-path/pci-0000:05:00.3-usb-0:2.1.2:1.0-port0
1790753687.6293,B,65,4668,-62,/dev/serial/by-path/pci-0000:05:00.3-usb-0:2.1.2:1.0-port0
1790753687.6366,A,74,4680,-60,/dev/serial/by-path/pci-0000:05:00.3-usb-0:2.1.1:1.0-port0
1790753687.6390,C,69,4676,-39,/dev/serial/by-path/pci-0000:05:00.3-usb-0:2.1.3:1.0-port0
1790753687.6738,C,70,4711,-42,/dev/serial/by-path/pci-0000:05:00.3-usb-0:2.1.3:1.0-port0
1790753687.6742,B,66,4713,-50,/dev/serial/by-path/pci-0000:05:00.3-usb-0:2.1.2:1.0-port0
1790753687.6745,A,75,4718,-57,/dev/serial/by-path/pci-0000:05:00.3-usb-0:2.1.1:1.0-port0
1790753687.7193,C,71,4757,-40,/dev/serial/by-path/pci-0000:05:00.3-usb-0:2.1.3:1.0-port0
1790753687.7195,B,67,4758,-48,/dev/serial/by-path/pci-0000:05:00.3-usb-0:2.1.2:1.0-port0
1790753687.7362,A,76,4780,-58,/dev/serial/by-path/pci-0000:05:00.3-usb-0:2.1.1:1.0-port0
1790753687.7706,B,68,4809,-62,/dev/serial/by-path/pci-0000:05:00.3-usb-0:2.1.2:1.0-port0
1790753687.7865,A,77,4830,-59,/dev/serial/by-path/pci-0000:05:00.3-usb-0:2.1.1:1.0-port0
1790753687.7889,C,72,4826,-39,/dev/serial/by-path/pci-0000:05:00.3-usb-0:2.1.3:1.0-port0
1790753687.8300,B,69,4868,-50,/dev/serial/by-path/pci-0000:05:00.3-usb-0:2.1.2:1.0-port0
1790753687.8313,C,73,4869,-42,/dev/serial/by-path/pci-0000:05:00.3-usb-0:2.1.3:1.0-port0
1790753687.8316,A,78,4876,-57,/dev/serial/by-path/pci-0000:05:00.3-usb-0:2.1.1:1.0-port0
1790753687.8519,B,70,4890,-51,/dev/serial/by-path/pci-0000:05:00.3-usb-0:2.1.2:1.0-port0
1790753687.8525,A,79,4896,-57,/dev/serial/by-path/pci-0000:05:00.3-usb-0:2.1.1:1.0-port0
1790753687.8890,C,74,4926,-41,/dev/serial/by-path/pci-0000:05:00.3-usb-0:2.1.3:1.0-port0
1790753687.9017,B,71,4940,-62,/dev/serial/by-path/pci-0000:05:00.3-usb-0:2.1.2:1.0-port0
1790753687.9022,A,80,4946,-60,/dev/serial/by-path/pci-0000:05:00.3-usb-0:2.1.1:1.0-port0
1790753687.9023,C,75,4940,-39,/dev/serial/by-path/pci-0000:05:00.3-usb-0:2.1.3:1.0-port0
1790753687.9618,B,72,5000,-50,/dev/serial/by-path/pci-0000:05:00.3-usb-0:2.1.2:1.0-port0
1790753687.9621,C,76,4999,-42,/dev/serial/by-path/pci-0000:05:00.3-usb-0:2.1.3:1.0-port0
1790753687.9622,A,81,5005,-57,/dev/serial/by-path/pci-0000:05:00.3-usb-0:2.1.1:1.0-port0
1790753687.9974,B,73,5036,-53,/dev/serial/by-path/pci-0000:05:00.3-usb-0:2.1.2:1.0-port0
1790753687.9975,C,77,5035,-41,/dev/serial/by-path/pci-0000:05:00.3-usb-0:2.1.3:1.0-port0
1790753688.0161,A,82,5060,-59,/dev/serial/by-path/pci-0000:05:00.3-usb-0:2.1.1:1.0-port0
1790753688.0804,B,74,5118,-63,/dev/serial/by-path/pci-0000:05:00.3-usb-0:2.1.2:1.0-port0
1790753688.0819,C,78,5120,-38,/dev/serial/by-path/pci-0000:05:00.3-usb-0:2.1.3:1.0-port0
1790753688.0822,A,83,5126,-61,/dev/serial/by-path/pci-0000:05:00.3-usb-0:2.1.1:1.0-port0
1790753688.0859,B,75,5124,-50,/dev/serial/by-path/pci-0000:05:00.3-usb-0:2.1.2:1.0-port0
1790753688.0890,C,79,5126,-39,/dev/serial/by-path/pci-0000:05:00.3-usb-0:2.1.3:1.0-port0
1790753688.1282,C,80,5166,-41,/dev/serial/by-path/pci-0000:05:00.3-usb-0:2.1.3:1.0-port0
1790753688.1287,A,84,5172,-57,/dev/serial/by-path/pci-0000:05:00.3-usb-0:2.1.1:1.0-port0
1790753688.1302,B,76,5168,-51,/dev/serial/by-path/pci-0000:05:00.3-usb-0:2.1.2:1.0-port0
1790753688.1714,B,77,5210,-49,/dev/serial/by-path/pci-0000:05:00.3-usb-0:2.1.2:1.0-port0
1790753688.1715,A,85,5215,-57,/dev/serial/by-path/pci-0000:05:00.3-usb-0:2.1.1:1.0-port0
1790753688.1717,C,81,5209,-41,/dev/serial/by-path/pci-0000:05:00.3-usb-0:2.1.3:1.0-port0
1790753688.2289,C,82,5267,-38,/dev/serial/by-path/pci-0000:05:00.3-usb-0:2.1.3:1.0-port0
1790753688.2293,B,78,5267,-62,/dev/serial/by-path/pci-0000:05:00.3-usb-0:2.1.2:1.0-port0
1790753688.2299,A,86,5274,-61,/dev/serial/by-path/pci-0000:05:00.3-usb-0:2.1.1:1.0-port0
1790753688.2706,A,87,5313,-57,/dev/serial/by-path/pci-0000:05:00.3-usb-0:2.1.1:1.0-port0
1790753688.2805,B,79,5319,-50,/dev/serial/by-path/pci-0000:05:00.3-usb-0:2.1.2:1.0-port0
1790753688.2889,C,83,5326,-42,/dev/serial/by-path/pci-0000:05:00.3-usb-0:2.1.3:1.0-port0
1790753688.3037,C,84,5341,-41,/dev/serial/by-path/pci-0000:05:00.3-usb-0:2.1.3:1.0-port0
1790753688.3299,B,80,5368,-49,/dev/serial/by-path/pci-0000:05:00.3-usb-0:2.1.2:1.0-port0
1790753688.3336,A,88,5377,-58,/dev/serial/by-path/pci-0000:05:00.3-usb-0:2.1.1:1.0-port0
1790753688.3540,B,81,5392,-61,/dev/serial/by-path/pci-0000:05:00.3-usb-0:2.1.2:1.0-port0
1790753688.3592,C,85,5397,-38,/dev/serial/by-path/pci-0000:05:00.3-usb-0:2.1.3:1.0-port0
1790753688.3598,A,89,5404,-60,/dev/serial/by-path/pci-0000:05:00.3-usb-0:2.1.1:1.0-port0
1790753688.3948,A,90,5438,-57,/dev/serial/by-path/pci-0000:05:00.3-usb-0:2.1.1:1.0-port0
1790753688.3956,C,86,5432,-42,/dev/serial/by-path/pci-0000:05:00.3-usb-0:2.1.3:1.0-port0
1790753688.4009,B,82,5438,-50,/dev/serial/by-path/pci-0000:05:00.3-usb-0:2.1.2:1.0-port0
1790753688.4445,C,87,5482,-41,/dev/serial/by-path/pci-0000:05:00.3-usb-0:2.1.3:1.0-port0
1790753688.4503,B,83,5489,-49,/dev/serial/by-path/pci-0000:05:00.3-usb-0:2.1.2:1.0-port0
1790753688.4593,A,91,5503,-58,/dev/serial/by-path/pci-0000:05:00.3-usb-0:2.1.1:1.0-port0
1790753688.4953,B,84,5534,-61,/dev/serial/by-path/pci-0000:05:00.3-usb-0:2.1.2:1.0-port0
1790753688.5358,C,88,5574,-39,/dev/serial/by-path/pci-0000:05:00.3-usb-0:2.1.3:1.0-port0
1790753688.5358,C,89,5575,-39,/dev/serial/by-path/pci-0000:05:00.3-usb-0:2.1.3:1.0-port0
1790753688.5363,A,92,5580,-61,/dev/serial/by-path/pci-0000:05:00.3-usb-0:2.1.1:1.0-port0
1790753688.5473,B,85,5586,-50,/dev/serial/by-path/pci-0000:05:00.3-usb-0:2.1.2:1.0-port0
1790753688.5803,B,86,5619,-50,/dev/serial/by-path/pci-0000:05:00.3-usb-0:2.1.2:1.0-port0
1790753688.5806,A,93,5625,-57,/dev/serial/by-path/pci-0000:05:00.3-usb-0:2.1.1:1.0-port0
1790753688.5872,C,90,5625,-42,/dev/serial/by-path/pci-0000:05:00.3-usb-0:2.1.3:1.0-port0
1790753688.6282,B,87,5667,-48,/dev/serial/by-path/pci-0000:05:00.3-usb-0:2.1.2:1.0-port0
1790753688.6365,A,94,5680,-59,/dev/serial/by-path/pci-0000:05:00.3-usb-0:2.1.1:1.0-port0
1790753688.6385,C,91,5676,-41,/dev/serial/by-path/pci-0000:05:00.3-usb-0:2.1.3:1.0-port0
1790753688.6761,A,95,5720,-59,/dev/serial/by-path/pci-0000:05:00.3-usb-0:2.1.1:1.0-port0
1790753688.6802,B,88,5719,-62,/dev/serial/by-path/pci-0000:05:00.3-usb-0:2.1.2:1.0-port0
1790753688.6891,C,92,5726,-38,/dev/serial/by-path/pci-0000:05:00.3-usb-0:2.1.3:1.0-port0
1790753688.7303,B,89,5768,-50,/dev/serial/by-path/pci-0000:05:00.3-usb-0:2.1.2:1.0-port0
1790753688.7366,A,96,5780,-57,/dev/serial/by-path/pci-0000:05:00.3-usb-0:2.1.1:1.0-port0
1790753688.7390,C,93,5776,-42,/dev/serial/by-path/pci-0000:05:00.3-usb-0:2.1.3:1.0-port0
1790753688.7715,A,97,5815,-57,/dev/serial/by-path/pci-0000:05:00.3-usb-0:2.1.1:1.0-port0
1790753688.7781,C,94,5816,-41,/dev/serial/by-path/pci-0000:05:00.3-usb-0:2.1.3:1.0-port0
1790753688.7784,B,90,5817,-48,/dev/serial/by-path/pci-0000:05:00.3-usb-0:2.1.2:1.0-port0
1790753688.8298,B,91,5868,-62,/dev/serial/by-path/pci-0000:05:00.3-usb-0:2.1.2:1.0-port0
1790753688.8362,A,98,5880,-61,/dev/serial/by-path/pci-0000:05:00.3-usb-0:2.1.1:1.0-port0
1790753688.8385,C,95,5876,-39,/dev/serial/by-path/pci-0000:05:00.3-usb-0:2.1.3:1.0-port0
1790753688.8707,A,99,5914,-57,/dev/serial/by-path/pci-0000:05:00.3-usb-0:2.1.1:1.0-port0
1790753688.8710,B,92,5909,-50,/dev/serial/by-path/pci-0000:05:00.3-usb-0:2.1.2:1.0-port0
1790753688.8713,C,96,5909,-42,/dev/serial/by-path/pci-0000:05:00.3-usb-0:2.1.3:1.0-port0
1790753688.9136,C,97,5951,-40,/dev/serial/by-path/pci-0000:05:00.3-usb-0:2.1.3:1.0-port0
1790753688.9139,A,100,5958,-59,/dev/serial/by-path/pci-0000:05:00.3-usb-0:2.1.1:1.0-port0
1790753688.9243,B,93,5963,-49,/dev/serial/by-path/pci-0000:05:00.3-usb-0:2.1.2:1.0-port0
1790753688.9801,A,101,6024,-60,/dev/serial/by-path/pci-0000:05:00.3-usb-0:2.1.1:1.0-port0
1790753688.9925,B,94,6031,-50,/dev/serial/by-path/pci-0000:05:00.3-usb-0:2.1.2:1.0-port0
1790753689.0058,C,98,6043,-42,/dev/serial/by-path/pci-0000:05:00.3-usb-0:2.1.3:1.0-port0
1790753689.0336,A,102,6078,-57,/dev/serial/by-path/pci-0000:05:00.3-usb-0:2.1.1:1.0-port0
1790753689.0358,A,103,6078,-57,/dev/serial/by-path/pci-0000:05:00.3-usb-0:2.1.1:1.0-port0
1790753689.0387,C,99,6076,-42,/dev/serial/by-path/pci-0000:05:00.3-usb-0:2.1.3:1.0-port0
1790753689.0751,B,95,6113,-53,/dev/serial/by-path/pci-0000:05:00.3-usb-0:2.1.2:1.0-port0
1790753689.0835,C,100,6121,-41,/dev/serial/by-path/pci-0000:05:00.3-usb-0:2.1.3:1.0-port0
1790753689.0864,A,104,6130,-58,/dev/serial/by-path/pci-0000:05:00.3-usb-0:2.1.1:1.0-port0
1790753689.0985,B,96,6137,-61,/dev/serial/by-path/pci-0000:05:00.3-usb-0:2.1.2:1.0-port0
1790753689.1255,B,97,6164,-63,/dev/serial/by-path/pci-0000:05:00.3-usb-0:2.1.2:1.0-port0
1790753689.1367,A,105,6180,-61,/dev/serial/by-path/pci-0000:05:00.3-usb-0:2.1.1:1.0-port0
1790753689.1389,C,101,6176,-39,/dev/serial/by-path/pci-0000:05:00.3-usb-0:2.1.3:1.0-port0
1790753689.1734,B,98,6212,-50,/dev/serial/by-path/pci-0000:05:00.3-usb-0:2.1.2:1.0-port0
1790753689.1830,C,102,6221,-42,/dev/serial/by-path/pci-0000:05:00.3-usb-0:2.1.3:1.0-port0
1790753689.1866,A,106,6230,-57,/dev/serial/by-path/pci-0000:05:00.3-usb-0:2.1.1:1.0-port0
1790753689.2202,A,107,6264,-57,/dev/serial/by-path/pci-0000:05:00.3-usb-0:2.1.1:1.0-port0
1790753689.2250,B,99,6263,-49,/dev/serial/by-path/pci-0000:05:00.3-usb-0:2.1.2:1.0-port0
1790753689.2274,C,103,6265,-41,/dev/serial/by-path/pci-0000:05:00.3-usb-0:2.1.3:1.0-port0
1790753689.2637,A,108,6307,-60,/dev/serial/by-path/pci-0000:05:00.3-usb-0:2.1.1:1.0-port0
1790753689.2639,C,104,6301,-39,/dev/serial/by-path/pci-0000:05:00.3-usb-0:2.1.3:1.0-port0
1790753689.2803,B,100,6318,-62,/dev/serial/by-path/pci-0000:05:00.3-usb-0:2.1.2:1.0-port0
1790753689.3043,B,101,6343,-50,/dev/serial/by-path/pci-0000:05:00.3-usb-0:2.1.2:1.0-port0
1790753689.3046,C,105,6342,-42,/dev/serial/by-path/pci-0000:05:00.3-usb-0:2.1.3:1.0-port0
1790753689.3050,A,109,6348,-57,/dev/serial/by-path/pci-0000:05:00.3-usb-0:2.1.1:1.0-port0
1790753689.3503,A,110,6394,-59,/dev/serial/by-path/pci-0000:05:00.3-usb-0:2.1.1:1.0-port0
1790753689.4050,A,111,6449,-61,/dev/serial/by-path/pci-0000:05:00.3-usb-0:2.1.1:1.0-port0
1790753689.4053,C,106,6442,-39,/dev/serial/by-path/pci-0000:05:00.3-usb-0:2.1.3:1.0-port0
1790753689.4056,B,102,6443,-62,/dev/serial/by-path/pci-0000:05:00.3-usb-0:2.1.2:1.0-port0
1790753689.4493,C,107,6487,-42,/dev/serial/by-path/pci-0000:05:00.3-usb-0:2.1.3:1.0-port0
1790753689.4494,B,103,6487,-50,/dev/serial/by-path/pci-0000:05:00.3-usb-0:2.1.2:1.0-port0
1790753689.4676,A,112,6511,-57,/dev/serial/by-path/pci-0000:05:00.3-usb-0:2.1.1:1.0-port0
1790753689.4856,C,108,6523,-42,/dev/serial/by-path/pci-0000:05:00.3-usb-0:2.1.3:1.0-port0
1790753689.4860,A,113,6530,-56,/dev/serial/by-path/pci-0000:05:00.3-usb-0:2.1.1:1.0-port0
1790753689.4998,B,104,6538,-49,/dev/serial/by-path/pci-0000:05:00.3-usb-0:2.1.2:1.0-port0
1790753689.5285,A,114,6572,-57,/dev/serial/by-path/pci-0000:05:00.3-usb-0:2.1.1:1.0-port0
1790753689.5286,B,105,6567,-49,/dev/serial/by-path/pci-0000:05:00.3-usb-0:2.1.2:1.0-port0
1790753689.5387,C,109,6577,-41,/dev/serial/by-path/pci-0000:05:00.3-usb-0:2.1.3:1.0-port0
1790753689.5804,B,106,6618,-62,/dev/serial/by-path/pci-0000:05:00.3-usb-0:2.1.2:1.0-port0
1790753689.5864,A,115,6630,-61,/dev/serial/by-path/pci-0000:05:00.3-usb-0:2.1.1:1.0-port0
1790753689.5893,C,110,6626,-39,/dev/serial/by-path/pci-0000:05:00.3-usb-0:2.1.3:1.0-port0
1790753689.6247,C,111,6662,-42,/dev/serial/by-path/pci-0000:05:00.3-usb-0:2.1.3:1.0-port0
1790753689.6248,B,107,6662,-50,/dev/serial/by-path/pci-0000:05:00.3-usb-0:2.1.2:1.0-port0
1790753689.6252,A,116,6668,-57,/dev/serial/by-path/pci-0000:05:00.3-usb-0:2.1.1:1.0-port0
1790753689.6679,B,108,6706,-48,/dev/serial/by-path/pci-0000:05:00.3-usb-0:2.1.2:1.0-port0
1790753689.6681,A,117,6712,-57,/dev/serial/by-path/pci-0000:05:00.3-usb-0:2.1.1:1.0-port0
1790753689.6888,C,112,6726,-41,/dev/serial/by-path/pci-0000:05:00.3-usb-0:2.1.3:1.0-port0
1790753689.7197,C,113,6757,-38,/dev/serial/by-path/pci-0000:05:00.3-usb-0:2.1.3:1.0-port0
1790753689.7201,B,109,6758,-63,/dev/serial/by-path/pci-0000:05:00.3-usb-0:2.1.2:1.0-port0
1790753689.7205,A,118,6764,-61,/dev/serial/by-path/pci-0000:05:00.3-usb-0:2.1.1:1.0-port0
1790753689.7658,C,114,6803,-42,/dev/serial/by-path/pci-0000:05:00.3-usb-0:2.1.3:1.0-port0
1790753689.7662,A,119,6809,-57,/dev/serial/by-path/pci-0000:05:00.3-usb-0:2.1.1:1.0-port0
1790753689.7665,B,110,6804,-50,/dev/serial/by-path/pci-0000:05:00.3-usb-0:2.1.2:1.0-port0
1790753689.8113,B,111,6850,-49,/dev/serial/by-path/pci-0000:05:00.3-usb-0:2.1.2:1.0-port0
1790753689.8116,A,120,6855,-57,/dev/serial/by-path/pci-0000:05:00.3-usb-0:2.1.1:1.0-port0
1790753689.8192,C,115,6857,-41,/dev/serial/by-path/pci-0000:05:00.3-usb-0:2.1.3:1.0-port0
1790753689.8575,B,112,6896,-62,/dev/serial/by-path/pci-0000:05:00.3-usb-0:2.1.2:1.0-port0
1790753689.8862,A,121,6930,-60,/dev/serial/by-path/pci-0000:05:00.3-usb-0:2.1.1:1.0-port0
1790753689.8888,C,116,6926,-39,/dev/serial/by-path/pci-0000:05:00.3-usb-0:2.1.3:1.0-port0
1790753689.9072,A,122,6951,-57,/dev/serial/by-path/pci-0000:05:00.3-usb-0:2.1.1:1.0-port0
1790753689.9076,C,117,6945,-42,/dev/serial/by-path/pci-0000:05:00.3-usb-0:2.1.3:1.0-port0
1790753689.9077,B,113,6945,-50,/dev/serial/by-path/pci-0000:05:00.3-usb-0:2.1.2:1.0-port0
1790753689.9945,A,123,7037,-61,/dev/serial/by-path/pci-0000:05:00.3-usb-0:2.1.1:1.0-port0
1790753690.0337,C,118,7072,-39,/dev/serial/by-path/pci-0000:05:00.3-usb-0:2.1.3:1.0-port0
1790753690.0366,A,124,7080,-61,/dev/serial/by-path/pci-0000:05:00.3-usb-0:2.1.1:1.0-port0
1790753690.0757,A,125,7119,-57,/dev/serial/by-path/pci-0000:05:00.3-usb-0:2.1.1:1.0-port0
1790753690.0803,B,114,7118,-50,/dev/serial/by-path/pci-0000:05:00.3-usb-0:2.1.2:1.0-port0
1790753690.0888,C,119,7126,-42,/dev/serial/by-path/pci-0000:05:00.3-usb-0:2.1.3:1.0-port0
1790753690.1222,C,120,7160,-41,/dev/serial/by-path/pci-0000:05:00.3-usb-0:2.1.3:1.0-port0
1790753690.1226,B,115,7161,-48,/dev/serial/by-path/pci-0000:05:00.3-usb-0:2.1.2:1.0-port0
1790753690.1226,A,126,7166,-57,/dev/serial/by-path/pci-0000:05:00.3-usb-0:2.1.1:1.0-port0
1790753690.1802,B,116,7218,-63,/dev/serial/by-path/pci-0000:05:00.3-usb-0:2.1.2:1.0-port0
1790753690.1869,A,127,7231,-61,/dev/serial/by-path/pci-0000:05:00.3-usb-0:2.1.1:1.0-port0
1790753690.1873,C,121,7225,-39,/dev/serial/by-path/pci-0000:05:00.3-usb-0:2.1.3:1.0-port0
1790753690.2064,B,117,7245,-50,/dev/serial/by-path/pci-0000:05:00.3-usb-0:2.1.2:1.0-port0
1790753690.2350,C,122,7273,-42,/dev/serial/by-path/pci-0000:05:00.3-usb-0:2.1.3:1.0-port0
1790753690.2353,A,128,7279,-57,/dev/serial/by-path/pci-0000:05:00.3-usb-0:2.1.1:1.0-port0
1790753690.2529,C,123,7291,-40,/dev/serial/by-path/pci-0000:05:00.3-usb-0:2.1.3:1.0-port0
1790753690.2641,A,129,7308,-57,/dev/serial/by-path/pci-0000:05:00.3-usb-0:2.1.1:1.0-port0
1790753690.2646,B,118,7303,-49,/dev/serial/by-path/pci-0000:05:00.3-usb-0:2.1.2:1.0-port0
1790753690.2947,B,119,7333,-62,/dev/serial/by-path/pci-0000:05:00.3-usb-0:2.1.2:1.0-port0
1790753690.3048,C,124,7343,-39,/dev/serial/by-path/pci-0000:05:00.3-usb-0:2.1.3:1.0-port0
1790753690.3053,A,130,7349,-61,/dev/serial/by-path/pci-0000:05:00.3-usb-0:2.1.1:1.0-port0
1790753690.3654,B,120,7404,-50,/dev/serial/by-path/pci-0000:05:00.3-usb-0:2.1.2:1.0-port0
1790753690.3870,A,131,7431,-57,/dev/serial/by-path/pci-0000:05:00.3-usb-0:2.1.1:1.0-port0
1790753690.3882,C,125,7426,-42,/dev/serial/by-path/pci-0000:05:00.3-usb-0:2.1.3:1.0-port0
1790753690.3895,B,121,7428,-49,/dev/serial/by-path/pci-0000:05:00.3-usb-0:2.1.2:1.0-port0
1790753690.4365,A,132,7480,-59,/dev/serial/by-path/pci-0000:05:00.3-usb-0:2.1.1:1.0-port0
1790753690.4398,C,126,7476,-41,/dev/serial/by-path/pci-0000:05:00.3-usb-0:2.1.3:1.0-port0
1790753690.4761,C,127,7513,-38,/dev/serial/by-path/pci-0000:05:00.3-usb-0:2.1.3:1.0-port0
1790753690.4765,B,122,7514,-62,/dev/serial/by-path/pci-0000:05:00.3-usb-0:2.1.2:1.0-port0
1790753690.4769,A,133,7519,-61,/dev/serial/by-path/pci-0000:05:00.3-usb-0:2.1.1:1.0-port0
1790753690.5147,B,123,7553,-50,/dev/serial/by-path/pci-0000:05:00.3-usb-0:2.1.2:1.0-port0
1790753690.5151,A,134,7559,-56,/dev/serial/by-path/pci-0000:05:00.3-usb-0:2.1.1:1.0-port0
1790753690.5385,C,128,7576,-42,/dev/serial/by-path/pci-0000:05:00.3-usb-0:2.1.3:1.0-port0
1790753690.5646,A,135,7608,-57,/dev/serial/by-path/pci-0000:05:00.3-usb-0:2.1.1:1.0-port0
1790753690.6103,B,124,7649,-62,/dev/serial/by-path/pci-0000:05:00.3-usb-0:2.1.2:1.0-port0
1790753690.6108,A,136,7655,-61,/dev/serial/by-path/pci-0000:05:00.3-usb-0:2.1.1:1.0-port0
1790753690.6396,C,129,7676,-39,/dev/serial/by-path/pci-0000:05:00.3-usb-0:2.1.3:1.0-port0
1790753690.6582,B,125,7697,-50,/dev/serial/by-path/pci-0000:05:00.3-usb-0:2.1.2:1.0-port0
1790753690.6585,C,130,7696,-42,/dev/serial/by-path/pci-0000:05:00.3-usb-0:2.1.3:1.0-port0
1790753690.6588,A,137,7702,-57,/dev/serial/by-path/pci-0000:05:00.3-usb-0:2.1.1:1.0-port0
1790753690.7052,A,138,7749,-57,/dev/serial/by-path/pci-0000:05:00.3-usb-0:2.1.1:1.0-port0
1790753690.7054,B,126,7743,-49,/dev/serial/by-path/pci-0000:05:00.3-usb-0:2.1.2:1.0-port0
1790753690.7057,C,131,7743,-41,/dev/serial/by-path/pci-0000:05:00.3-usb-0:2.1.3:1.0-port0
1790753690.7556,A,139,7799,-61,/dev/serial/by-path/pci-0000:05:00.3-usb-0:2.1.1:1.0-port0
1790753690.7557,C,132,7793,-39,/dev/serial/by-path/pci-0000:05:00.3-usb-0:2.1.3:1.0-port0
1790753690.7561,B,127,7794,-62,/dev/serial/by-path/pci-0000:05:00.3-usb-0:2.1.2:1.0-port0
1790753690.8035,C,133,7841,-42,/dev/serial/by-path/pci-0000:05:00.3-usb-0:2.1.3:1.0-port0
1790753690.8036,B,128,7842,-50,/dev/serial/by-path/pci-0000:05:00.3-usb-0:2.1.2:1.0-port0
1790753690.8374,A,140,7881,-56,/dev/serial/by-path/pci-0000:05:00.3-usb-0:2.1.1:1.0-port0
1790753690.8534,C,134,7891,-40,/dev/serial/by-path/pci-0000:05:00.3-usb-0:2.1.3:1.0-port0
1790753690.8538,A,141,7898,-57,/dev/serial/by-path/pci-0000:05:00.3-usb-0:2.1.1:1.0-port0
1790753690.8540,B,129,7892,-50,/dev/serial/by-path/pci-0000:05:00.3-usb-0:2.1.2:1.0-port0
1790753690.8970,B,130,7935,-63,/dev/serial/by-path/pci-0000:05:00.3-usb-0:2.1.2:1.0-port0
1790753690.9361,A,142,7980,-61,/dev/serial/by-path/pci-0000:05:00.3-usb-0:2.1.1:1.0-port0
1790753690.9386,C,135,7976,-39,/dev/serial/by-path/pci-0000:05:00.3-usb-0:2.1.3:1.0-port0
1790753690.9605,B,131,7999,-50,/dev/serial/by-path/pci-0000:05:00.3-usb-0:2.1.2:1.0-port0
1790753690.9804,B,132,8018,-50,/dev/serial/by-path/pci-0000:05:00.3-usb-0:2.1.2:1.0-port0
1790753690.9808,A,143,8025,-57,/dev/serial/by-path/pci-0000:05:00.3-usb-0:2.1.1:1.0-port0
1790753690.9843,C,136,8022,-42,/dev/serial/by-path/pci-0000:05:00.3-usb-0:2.1.3:1.0-port0
1790753691.0224,C,137,8060,-41,/dev/serial/by-path/pci-0000:05:00.3-usb-0:2.1.3:1.0-port0
1790753691.0309,B,133,8068,-49,/dev/serial/by-path/pci-0000:05:00.3-usb-0:2.1.2:1.0-port0
1790753691.0364,A,144,8080,-57,/dev/serial/by-path/pci-0000:05:00.3-usb-0:2.1.1:1.0-port0
1790753691.0713,B,134,8109,-62,/dev/serial/by-path/pci-0000:05:00.3-usb-0:2.1.2:1.0-port0
1790753691.0719,A,145,8115,-61,/dev/serial/by-path/pci-0000:05:00.3-usb-0:2.1.1:1.0-port0
1790753691.0723,C,138,8109,-38,/dev/serial/by-path/pci-0000:05:00.3-usb-0:2.1.3:1.0-port0
1790753691.1151,C,139,8153,-42,/dev/serial/by-path/pci-0000:05:00.3-usb-0:2.1.3:1.0-port0
1790753691.1167,A,146,8160,-57,/dev/serial/by-path/pci-0000:05:00.3-usb-0:2.1.1:1.0-port0
1790753691.1211,B,135,8159,-50,/dev/serial/by-path/pci-0000:05:00.3-usb-0:2.1.2:1.0-port0
1790753691.1555,B,136,8194,-49,/dev/serial/by-path/pci-0000:05:00.3-usb-0:2.1.2:1.0-port0
1790753691.1751,A,147,8219,-57,/dev/serial/by-path/pci-0000:05:00.3-usb-0:2.1.1:1.0-port0
1790753691.1885,C,140,8226,-40,/dev/serial/by-path/pci-0000:05:00.3-usb-0:2.1.3:1.0-port0
1790753691.2240,B,137,8262,-63,/dev/serial/by-path/pci-0000:05:00.3-usb-0:2.1.2:1.0-port0
1790753691.2360,A,148,8280,-61,/dev/serial/by-path/pci-0000:05:00.3-usb-0:2.1.1:1.0-port0
1790753691.2394,C,141,8277,-40,/dev/serial/by-path/pci-0000:05:00.3-usb-0:2.1.3:1.0-port0
1790753691.2743,A,149,8318,-57,/dev/serial/by-path/pci-0000:05:00.3-usb-0:2.1.1:1.0-port0
1790753691.2746,C,142,8312,-42,/dev/serial/by-path/pci-0000:05:00.3-usb-0:2.1.3:1.0-port0
1790753691.2748,B,138,8313,-50,/dev/serial/by-path/pci-0000:05:00.3-usb-0:2.1.2:1.0-port0
1790753691.3021,B,139,8340,-49,/dev/serial/by-path/pci-0000:05:00.3-usb-0:2.1.2:1.0-port0
1790753691.3364,A,150,8380,-57,/dev/serial/by-path/pci-0000:05:00.3-usb-0:2.1.1:1.0-port0
1790753691.3386,C,143,8376,-40,/dev/serial/by-path/pci-0000:05:00.3-usb-0:2.1.3:1.0-port0
1790753691.3801,B,140,8418,-62,/dev/serial/by-path/pci-0000:05:00.3-usb-0:2.1.2:1.0-port0
1790753691.3806,C,144,8419,-38,/dev/serial/by-path/pci-0000:05:00.3-usb-0:2.1.3:1.0-port0
1790753691.3810,A,151,8425,-61,/dev/serial/by-path/pci-0000:05:00.3-usb-0:2.1.1:1.0-port0
1790753691.3887,C,145,8426,-39,/dev/serial/by-path/pci-0000:05:00.3-usb-0:2.1.3:1.0-port0
1790753691.3932,B,141,8432,-50,/dev/serial/by-path/pci-0000:05:00.3-usb-0:2.1.2:1.0-port0
1790753691.4328,C,146,8471,-42,/dev/serial/by-path/pci-0000:05:00.3-usb-0:2.1.3:1.0-port0
1790753691.4368,A,152,8480,-56,/dev/serial/by-path/pci-0000:05:00.3-usb-0:2.1.1:1.0-port0
1790753691.4790,B,142,8518,-49,/dev/serial/by-path/pci-0000:05:00.3-usb-0:2.1.2:1.0-port0
1790753691.4813,B,143,8519,-49,/dev/serial/by-path/pci-0000:05:00.3-usb-0:2.1.2:1.0-port0
1790753691.4862,A,153,8530,-57,/dev/serial/by-path/pci-0000:05:00.3-usb-0:2.1.1:1.0-port0
1790753691.4887,C,147,8526,-41,/dev/serial/by-path/pci-0000:05:00.3-usb-0:2.1.3:1.0-port0
1790753691.5301,B,144,8568,-62,/dev/serial/by-path/pci-0000:05:00.3-usb-0:2.1.2:1.0-port0
1790753691.5366,A,154,8580,-60,/dev/serial/by-path/pci-0000:05:00.3-usb-0:2.1.1:1.0-port0
1790753691.5392,C,148,8576,-39,/dev/serial/by-path/pci-0000:05:00.3-usb-0:2.1.3:1.0-port0
1790753691.5700,B,145,8608,-50,/dev/serial/by-path/pci-0000:05:00.3-usb-0:2.1.2:1.0-port0
1790753691.5866,A,155,8630,-57,/dev/serial/by-path/pci-0000:05:00.3-usb-0:2.1.1:1.0-port0
1790753691.5892,C,149,8627,-42,/dev/serial/by-path/pci-0000:05:00.3-usb-0:2.1.3:1.0-port0
1790753691.6310,B,146,8669,-49,/dev/serial/by-path/pci-0000:05:00.3-usb-0:2.1.2:1.0-port0
1790753691.6370,A,156,8681,-59,/dev/serial/by-path/pci-0000:05:00.3-usb-0:2.1.1:1.0-port0
1790753691.6393,C,150,8677,-40,/dev/serial/by-path/pci-0000:05:00.3-usb-0:2.1.3:1.0-port0
1790753691.6571,B,147,8695,-62,/dev/serial/by-path/pci-0000:05:00.3-usb-0:2.1.2:1.0-port0
1790753691.6835,C,151,8721,-38,/dev/serial/by-path/pci-0000:05:00.3-usb-0:2.1.3:1.0-port0
1790753691.6839,A,157,8728,-61,/dev/serial/by-path/pci-0000:05:00.3-usb-0:2.1.1:1.0-port0
1790753691.6958,C,152,8734,-42,/dev/serial/by-path/pci-0000:05:00.3-usb-0:2.1.3:1.0-port0
1790753691.6962,B,148,8734,-50,/dev/serial/by-path/pci-0000:05:00.3-usb-0:2.1.2:1.0-port0
1790753691.6966,A,158,8740,-57,/dev/serial/by-path/pci-0000:05:00.3-usb-0:2.1.1:1.0-port0
1790753691.7475,A,159,8791,-57,/dev/serial/by-path/pci-0000:05:00.3-usb-0:2.1.1:1.0-port0
1790753691.7478,C,153,8785,-41,/dev/serial/by-path/pci-0000:05:00.3-usb-0:2.1.3:1.0-port0
1790753691.7479,B,149,8786,-49,/dev/serial/by-path/pci-0000:05:00.3-usb-0:2.1.2:1.0-port0
1790753691.7887,C,154,8827,-40,/dev/serial/by-path/pci-0000:05:00.3-usb-0:2.1.3:1.0-port0
1790753691.7927,B,150,8831,-60,/dev/serial/by-path/pci-0000:05:00.3-usb-0:2.1.2:1.0-port0
1790753691.8290,C,155,8867,-39,/dev/serial/by-path/pci-0000:05:00.3-usb-0:2.1.3:1.0-port0
1790753691.8292,B,151,8867,-63,/dev/serial/by-path/pci-0000:05:00.3-usb-0:2.1.2:1.0-port0
1790753691.8297,A,160,8874,-61,/dev/serial/by-path/pci-0000:05:00.3-usb-0:2.1.1:1.0-port0
1790753691.8721,C,156,8910,-42,/dev/serial/by-path/pci-0000:05:00.3-usb-0:2.1.3:1.0-port0
1790753691.8798,B,152,8918,-50,/dev/serial/by-path/pci-0000:05:00.3-usb-0:2.1.2:1.0-port0
1790753691.8866,A,161,8930,-57,/dev/serial/by-path/pci-0000:05:00.3-usb-0:2.1.1:1.0-port0
1790753691.9146,C,157,8953,-41,/dev/serial/by-path/pci-0000:05:00.3-usb-0:2.1.3:1.0-port0
1790753691.9149,B,153,8953,-49,/dev/serial/by-path/pci-0000:05:00.3-usb-0:2.1.2:1.0-port0
1790753691.9152,A,162,8958,-59,/dev/serial/by-path/pci-0000:05:00.3-usb-0:2.1.1:1.0-port0
1790753691.9592,C,158,8997,-38,/dev/serial/by-path/pci-0000:05:00.3-usb-0:2.1.3:1.0-port0
1790753691.9596,A,163,9003,-60,/dev/serial/by-path/pci-0000:05:00.3-usb-0:2.1.1:1.0-port0
1790753691.9630,B,154,9001,-63,/dev/serial/by-path/pci-0000:05:00.3-usb-0:2.1.2:1.0-port0
1790753692.0032,A,164,9047,-57,/dev/serial/by-path/pci-0000:05:00.3-usb-0:2.1.1:1.0-port0
1790753692.0035,C,159,9041,-42,/dev/serial/by-path/pci-0000:05:00.3-usb-0:2.1.3:1.0-port0
1790753692.0214,B,155,9060,-50,/dev/serial/by-path/pci-0000:05:00.3-usb-0:2.1.2:1.0-port0
1790753692.0527,B,156,9091,-49,/dev/serial/by-path/pci-0000:05:00.3-usb-0:2.1.2:1.0-port0
1790753692.0546,A,165,9097,-57,/dev/serial/by-path/pci-0000:05:00.3-usb-0:2.1.1:1.0-port0
1790753692.0887,C,160,9126,-40,/dev/serial/by-path/pci-0000:05:00.3-usb-0:2.1.3:1.0-port0
1790753692.1043,C,161,9142,-38,/dev/serial/by-path/pci-0000:05:00.3-usb-0:2.1.3:1.0-port0
1790753692.1046,B,157,9143,-62,/dev/serial/by-path/pci-0000:05:00.3-usb-0:2.1.2:1.0-port0
1790753692.1050,A,166,9149,-61,/dev/serial/by-path/pci-0000:05:00.3-usb-0:2.1.1:1.0-port0
1790753692.1366,A,167,9180,-61,/dev/serial/by-path/pci-0000:05:00.3-usb-0:2.1.1:1.0-port0
1790753692.1383,C,162,9176,-39,/dev/serial/by-path/pci-0000:05:00.3-usb-0:2.1.3:1.0-port0
1790753692.1502,B,158,9189,-50,/dev/serial/by-path/pci-0000:05:00.3-usb-0:2.1.2:1.0-port0
1790753692.1866,A,168,9230,-57,/dev/serial/by-path/pci-0000:05:00.3-usb-0:2.1.1:1.0-port0
1790753692.1883,C,163,9226,-42,/dev/serial/by-path/pci-0000:05:00.3-usb-0:2.1.3:1.0-port0
1790753692.2325,C,164,9270,-40,/dev/serial/by-path/pci-0000:05:00.3-usb-0:2.1.3:1.0-port0
1790753692.2343,A,169,9277,-58,/dev/serial/by-path/pci-0000:05:00.3-usb-0:2.1.1:1.0-port0
1790753692.2787,C,165,9317,-39,/dev/serial/by-path/pci-0000:05:00.3-usb-0:2.1.3:1.0-port0
1790753692.2804,B,159,9318,-62,/dev/serial/by-path/pci-0000:05:00.3-usb-0:2.1.2:1.0-port0
1790753692.2863,A,170,9330,-61,/dev/serial/by-path/pci-0000:05:00.3-usb-0:2.1.1:1.0-port0
1790753692.3246,C,166,9363,-42,/dev/serial/by-path/pci-0000:05:00.3-usb-0:2.1.3:1.0-port0
1790753692.3250,A,171,9369,-57,/dev/serial/by-path/pci-0000:05:00.3-usb-0:2.1.1:1.0-port0
1790753692.3300,B,160,9368,-50,/dev/serial/by-path/pci-0000:05:00.3-usb-0:2.1.2:1.0-port0
1790753692.3722,A,172,9416,-58,/dev/serial/by-path/pci-0000:05:00.3-usb-0:2.1.1:1.0-port0
1790753692.3806,B,161,9418,-48,/dev/serial/by-path/pci-0000:05:00.3-usb-0:2.1.2:1.0-port0
1790753692.3883,C,167,9426,-41,/dev/serial/by-path/pci-0000:05:00.3-usb-0:2.1.3:1.0-port0
1790753692.4206,B,162,9459,-63,/dev/serial/by-path/pci-0000:05:00.3-usb-0:2.1.2:1.0-port0
1790753692.4210,C,168,9459,-38,/dev/serial/by-path/pci-0000:05:00.3-usb-0:2.1.3:1.0-port0
1790753692.4220,A,173,9466,-60,/dev/serial/by-path/pci-0000:05:00.3-usb-0:2.1.1:1.0-port0
1790753692.4622,B,163,9500,-50,/dev/serial/by-path/pci-0000:05:00.3-usb-0:2.1.2:1.0-port0
1790753692.4656,C,169,9503,-42,/dev/serial/by-path/pci-0000:05:00.3-usb-0:2.1.3:1.0-port0
1790753692.4865,A,174,9530,-56,/dev/serial/by-path/pci-0000:05:00.3-usb-0:2.1.1:1.0-port0
1790753692.5036,B,164,9542,-48,/dev/serial/by-path/pci-0000:05:00.3-usb-0:2.1.2:1.0-port0
1790753692.5040,A,175,9547,-58,/dev/serial/by-path/pci-0000:05:00.3-usb-0:2.1.1:1.0-port0
1790753692.5044,C,170,9541,-41,/dev/serial/by-path/pci-0000:05:00.3-usb-0:2.1.3:1.0-port0
1790753692.5530,B,165,9591,-62,/dev/serial/by-path/pci-0000:05:00.3-usb-0:2.1.2:1.0-port0
1790753692.5860,A,176,9630,-60,/dev/serial/by-path/pci-0000:05:00.3-usb-0:2.1.1:1.0-port0
1790753692.5885,C,171,9626,-39,/dev/serial/by-path/pci-0000:05:00.3-usb-0:2.1.3:1.0-port0
1790753692.6297,B,166,9668,-50,/dev/serial/by-path/pci-0000:05:00.3-usb-0:2.1.2:1.0-port0
1790753692.6319,C,172,9670,-42,/dev/serial/by-path/pci-0000:05:00.3-usb-0:2.1.3:1.0-port0
1790753692.6333,A,177,9677,-57,/dev/serial/by-path/pci-0000:05:00.3-usb-0:2.1.1:1.0-port0
1790753692.6452,A,178,9689,-57,/dev/serial/by-path/pci-0000:05:00.3-usb-0:2.1.1:1.0-port0
1790753692.6456,B,167,9684,-49,/dev/serial/by-path/pci-0000:05:00.3-usb-0:2.1.2:1.0-port0
1790753692.6888,C,173,9726,-41,/dev/serial/by-path/pci-0000:05:00.3-usb-0:2.1.3:1.0-port0
1790753692.7301,B,168,9769,-61,/dev/serial/by-path/pci-0000:05:00.3-usb-0:2.1.2:1.0-port0
1790753692.7496,B,169,9788,-50,/dev/serial/by-path/pci-0000:05:00.3-usb-0:2.1.2:1.0-port0
1790753692.7774,B,170,9816,-49,/dev/serial/by-path/pci-0000:05:00.3-usb-0:2.1.2:1.0-port0
1790753692.7795,C,174,9817,-42,/dev/serial/by-path/pci-0000:05:00.3-usb-0:2.1.3:1.0-port0
1790753692.7797,A,179,9823,-57,/dev/serial/by-path/pci-0000:05:00.3-usb-0:2.1.1:1.0-port0
1790753692.8273,A,180,9871,-58,/dev/serial/by-path/pci-0000:05:00.3-usb-0:2.1.1:1.0-port0
1790753692.8298,B,171,9869,-51,/dev/serial/by-path/pci-0000:05:00.3-usb-0:2.1.2:1.0-port0
1790753692.8363,C,175,9874,-64,/dev/serial/by-path/pci-0000:05:00.3-usb-0:2.1.3:1.0-port0
1790753692.8801,B,172,9918,-63,/dev/serial/by-path/pci-0000:05:00.3-usb-0:2.1.2:1.0-port0
1790753692.8870,A,181,9930,-61,/dev/serial/by-path/pci-0000:05:00.3-usb-0:2.1.1:1.0-port0
1790753692.8885,C,176,9926,-39,/dev/serial/by-path/pci-0000:05:00.3-usb-0:2.1.3:1.0-port0
1790753692.9151,A,182,9959,-57,/dev/serial/by-path/pci-0000:05:00.3-usb-0:2.1.1:1.0-port0
1790753692.9303,B,173,9968,-50,/dev/serial/by-path/pci-0000:05:00.3-usb-0:2.1.2:1.0-port0
1790753692.9388,C,177,9976,-42,/dev/serial/by-path/pci-0000:05:00.3-usb-0:2.1.3:1.0-port0
1790753692.9598,A,183,10003,-57,/dev/serial/by-path/pci-0000:05:00.3-usb-0:2.1.1:1.0-port0
1790753692.9808,B,174,10019,-49,/dev/serial/by-path/pci-0000:05:00.3-usb-0:2.1.2:1.0-port0
1790753692.9895,C,178,10027,-40,/dev/serial/by-path/pci-0000:05:00.3-usb-0:2.1.3:1.0-port0
1790753693.0090,B,175,10047,-62,/dev/serial/by-path/pci-0000:05:00.3-usb-0:2.1.2:1.0-port0
1790753693.0361,A,184,10080,-61,/dev/serial/by-path/pci-0000:05:00.3-usb-0:2.1.1:1.0-port0
1790753693.0394,C,179,10077,-38,/dev/serial/by-path/pci-0000:05:00.3-usb-0:2.1.3:1.0-port0
1790753693.0554,A,185,10099,-57,/dev/serial/by-path/pci-0000:05:00.3-usb-0:2.1.1:1.0-port0
1790753693.0577,C,180,10096,-42,/dev/serial/by-path/pci-0000:05:00.3-usb-0:2.1.3:1.0-port0
1790753693.0582,B,176,10096,-50,/dev/serial/by-path/pci-0000:05:00.3-usb-0:2.1.2:1.0-port0
1790753693.0981,A,186,10142,-58,/dev/serial/by-path/pci-0000:05:00.3-usb-0:2.1.1:1.0-port0
1790753693.0983,C,181,10136,-40,/dev/serial/by-path/pci-0000:05:00.3-usb-0:2.1.3:1.0-port0
1790753693.0988,B,177,10137,-48,/dev/serial/by-path/pci-0000:05:00.3-usb-0:2.1.2:1.0-port0
1790753693.1448,B,178,10183,-62,/dev/serial/by-path/pci-0000:05:00.3-usb-0:2.1.2:1.0-port0
1790753693.1451,A,187,10188,-61,/dev/serial/by-path/pci-0000:05:00.3-usb-0:2.1.1:1.0-port0
1790753693.1830,C,182,10221,-39,/dev/serial/by-path/pci-0000:05:00.3-usb-0:2.1.3:1.0-port0
1790753693.1866,A,188,10230,-61,/dev/serial/by-path/pci-0000:05:00.3-usb-0:2.1.1:1.0-port0
1790753693.2278,B,179,10267,-50,/dev/serial/by-path/pci-0000:05:00.3-usb-0:2.1.2:1.0-port0
1790753693.2283,A,189,10272,-57,/dev/serial/by-path/pci-0000:05:00.3-usb-0:2.1.1:1.0-port0
1790753693.2386,C,183,10277,-42,/dev/serial/by-path/pci-0000:05:00.3-usb-0:2.1.3:1.0-port0
1790753693.2741,A,190,10318,-57,/dev/serial/by-path/pci-0000:05:00.3-usb-0:2.1.1:1.0-port0
1790753693.2762,B,180,10315,-49,/dev/serial/by-path/pci-0000:05:00.3-usb-0:2.1.2:1.0-port0
1790753693.2891,C,184,10326,-40,/dev/serial/by-path/pci-0000:05:00.3-usb-0:2.1.3:1.0-port0
1790753693.3144,C,185,10352,-39,/dev/serial/by-path/pci-0000:05:00.3-usb-0:2.1.3:1.0-port0
1790753693.3145,A,191,10358,-61,/dev/serial/by-path/pci-0000:05:00.3-usb-0:2.1.1:1.0-port0
1790753693.3300,B,181,10368,-62,/dev/serial/by-path/pci-0000:05:00.3-usb-0:2.1.2:1.0-port0
1790753693.3668,B,182,10405,-50,/dev/serial/by-path/pci-0000:05:00.3-usb-0:2.1.2:1.0-port0
1790753693.3671,A,192,10411,-57,/dev/serial/by-path/pci-0000:05:00.3-usb-0:2.1.1:1.0-port0
1790753693.3675,C,186,10405,-42,/dev/serial/by-path/pci-0000:05:00.3-usb-0:2.1.3:1.0-port0
1790753693.4084,A,193,10452,-58,/dev/serial/by-path/pci-0000:05:00.3-usb-0:2.1.1:1.0-port0
1790753693.4088,B,183,10447,-49,/dev/serial/by-path/pci-0000:05:00.3-usb-0:2.1.2:1.0-port0
1790753693.4387,C,187,10476,-40,/dev/serial/by-path/pci-0000:05:00.3-usb-0:2.1.3:1.0-port0
1790753693.4621,C,188,10500,-38,/dev/serial/by-path/pci-0000:05:00.3-usb-0:2.1.3:1.0-port0
1790753693.4624,B,184,10501,-62,/dev/serial/by-path/pci-0000:05:00.3-usb-0:2.1.2:1.0-port0
1790753693.4627,A,194,10506,-59,/dev/serial/by-path/pci-0000:05:00.3-usb-0:2.1.1:1.0-port0
1790753693.4989,B,185,10537,-50,/dev/serial/by-path/pci-0000:05:00.3-usb-0:2.1.2:1.0-port0
1790753693.5023,C,189,10540,-42,/dev/serial/by-path/pci-0000:05:00.3-usb-0:2.1.3:1.0-port0
1790753693.5158,A,195,10559,-57,/dev/serial/by-path/pci-0000:05:00.3-usb-0:2.1.1:1.0-port0
1790753693.5524,A,196,10596,-57,/dev/serial/by-path/pci-0000:05:00.3-usb-0:2.1.1:1.0-port0
1790753693.5541,C,190,10591,-40,/dev/serial/by-path/pci-0000:05:00.3-usb-0:2.1.3:1.0-port0
1790753693.5703,B,186,10609,-48,/dev/serial/by-path/pci-0000:05:00.3-usb-0:2.1.2:1.0-port0
1790753693.5950,B,187,10633,-62,/dev/serial/by-path/pci-0000:05:00.3-usb-0:2.1.2:1.0-port0
1790753693.6117,C,191,10649,-39,/dev/serial/by-path/pci-0000:05:00.3-usb-0:2.1.3:1.0-port0
1790753693.6364,A,197,10680,-60,/dev/serial/by-path/pci-0000:05:00.3-usb-0:2.1.1:1.0-port0
1790753693.6416,B,188,10680,-50,/dev/serial/by-path/pci-0000:05:00.3-usb-0:2.1.2:1.0-port0
1790753693.6865,A,198,10730,-57,/dev/serial/by-path/pci-0000:05:00.3-usb-0:2.1.1:1.0-port0
1790753693.6870,C,192,10724,-41,/dev/serial/by-path/pci-0000:05:00.3-usb-0:2.1.3:1.0-port0
1790753693.6887,B,189,10727,-48,/dev/serial/by-path/pci-0000:05:00.3-usb-0:2.1.2:1.0-port0
1790753693.7288,B,190,10767,-48,/dev/serial/by-path/pci-0000:05:00.3-usb-0:2.1.2:1.0-port0
1790753693.7292,A,199,10773,-58,/dev/serial/by-path/pci-0000:05:00.3-usb-0:2.1.1:1.0-port0
1790753693.7387,C,193,10776,-40,/dev/serial/by-path/pci-0000:05:00.3-usb-0:2.1.3:1.0-port0
1790753693.7806,B,191,10819,-62,/dev/serial/by-path/pci-0000:05:00.3-usb-0:2.1.2:1.0-port0
1790753693.7812,C,194,10819,-39,/dev/serial/by-path/pci-0000:05:00.3-usb-0:2.1.3:1.0-port0
1790753693.7814,A,200,10825,-61,/dev/serial/by-path/pci-0000:05:00.3-usb-0:2.1.1:1.0-port0
1790753693.8208,B,192,10859,-50,/dev/serial/by-path/pci-0000:05:00.3-usb-0:2.1.2:1.0-port0
1790753693.8212,A,201,10864,-57,/dev/serial/by-path/pci-0000:05:00.3-usb-0:2.1.1:1.0-port0
1790753693.8390,C,195,10876,-42,/dev/serial/by-path/pci-0000:05:00.3-usb-0:2.1.3:1.0-port0
1790753693.8644,B,193,10903,-50,/dev/serial/by-path/pci-0000:05:00.3-usb-0:2.1.2:1.0-port0
1790753693.8648,A,202,10908,-57,/dev/serial/by-path/pci-0000:05:00.3-usb-0:2.1.1:1.0-port0
1790753693.8784,C,196,10916,-40,/dev/serial/by-path/pci-0000:05:00.3-usb-0:2.1.3:1.0-port0
1790753693.9123,C,197,10950,-38,/dev/serial/by-path/pci-0000:05:00.3-usb-0:2.1.3:1.0-port0
1790753693.9136,B,194,10952,-62,/dev/serial/by-path/pci-0000:05:00.3-usb-0:2.1.2:1.0-port0
1790753693.9362,A,203,10980,-61,/dev/serial/by-path/pci-0000:05:00.3-usb-0:2.1.1:1.0-port0
1790753693.9561,A,204,11000,-57,/dev/serial/by-path/pci-0000:05:00.3-usb-0:2.1.1:1.0-port0
1790753693.9801,B,195,11018,-50,/dev/serial/by-path/pci-0000:05:00.3-usb-0:2.1.2:1.0-port0
1790753693.9833,C,198,11021,-41,/dev/serial/by-path/pci-0000:05:00.3-usb-0:2.1.3:1.0-port0
1790753694.0023,A,205,11046,-58,/dev/serial/by-path/pci-0000:05:00.3-usb-0:2.1.1:1.0-port0
1790753694.0226,C,199,11061,-41,/dev/serial/by-path/pci-0000:05:00.3-usb-0:2.1.3:1.0-port0
1790753694.0228,B,196,11061,-49,/dev/serial/by-path/pci-0000:05:00.3-usb-0:2.1.2:1.0-port0
1790753694.0484,B,197,11087,-63,/dev/serial/by-path/pci-0000:05:00.3-usb-0:2.1.2:1.0-port0
1790753694.0857,A,206,11130,-59,/dev/serial/by-path/pci-0000:05:00.3-usb-0:2.1.1:1.0-port0
1790753694.0881,C,200,11126,-38,/dev/serial/by-path/pci-0000:05:00.3-usb-0:2.1.3:1.0-port0
1790753694.0884,B,198,11127,-50,/dev/serial/by-path/pci-0000:05:00.3-usb-0:2.1.2:1.0-port0
1790753694.1344,C,201,11172,-42,/dev/serial/by-path/pci-0000:05:00.3-usb-0:2.1.3:1.0-port0
1790753694.1366,A,207,11180,-56,/dev/serial/by-path/pci-0000:05:00.3-usb-0:2.1.1:1.0-port0
1790753694.1656,B,199,11204,-48,/dev/serial/by-path/pci-0000:05:00.3-usb-0:2.1.2:1.0-port0
1790753694.1782,B,200,11217,-48,/dev/serial/by-path/pci-0000:05:00.3-usb-0:2.1.2:1.0-port0
1790753694.1800,C,202,11218,-40,/dev/serial/by-path/pci-0000:05:00.3-usb-0:2.1.3:1.0-port0
1790753694.1866,A,208,11230,-57,/dev/serial/by-path/pci-0000:05:00.3-usb-0:2.1.1:1.0-port0
1790753694.2245,C,203,11263,-39,/dev/serial/by-path/pci-0000:05:00.3-usb-0:2.1.3:1.0-port0
1790753694.2247,B,201,11263,-63,/dev/serial/by-path/pci-0000:05:00.3-usb-0:2.1.2:1.0-port0
1790753694.2256,A,209,11270,-61,/dev/serial/by-path/pci-0000:05:00.3-usb-0:2.1.1:1.0-port0
1790753694.2697,C,204,11308,-42,/dev/serial/by-path/pci-0000:05:00.3-usb-0:2.1.3:1.0-port0
1790753694.2699,A,210,11314,-56,/dev/serial/by-path/pci-0000:05:00.3-usb-0:2.1.1:1.0-port0
1790753694.2701,B,202,11309,-50,/dev/serial/by-path/pci-0000:05:00.3-usb-0:2.1.2:1.0-port0
1790753694.3247,B,203,11363,-50,/dev/serial/by-path/pci-0000:05:00.3-usb-0:2.1.2:1.0-port0
1790753694.3310,C,205,11369,-40,/dev/serial/by-path/pci-0000:05:00.3-usb-0:2.1.3:1.0-port0
1790753694.3314,A,211,11375,-57,/dev/serial/by-path/pci-0000:05:00.3-usb-0:2.1.1:1.0-port0
1790753694.3802,B,204,11418,-63,/dev/serial/by-path/pci-0000:05:00.3-usb-0:2.1.2:1.0-port0
1790753694.3820,C,206,11420,-38,/dev/serial/by-path/pci-0000:05:00.3-usb-0:2.1.3:1.0-port0
1790753694.3822,A,212,11426,-61,/dev/serial/by-path/pci-0000:05:00.3-usb-0:2.1.1:1.0-port0
1790753694.4306,B,205,11469,-50,/dev/serial/by-path/pci-0000:05:00.3-usb-0:2.1.2:1.0-port0
1790753694.4366,A,213,11480,-57,/dev/serial/by-path/pci-0000:05:00.3-usb-0:2.1.1:1.0-port0
1790753694.4386,C,207,11476,-41,/dev/serial/by-path/pci-0000:05:00.3-usb-0:2.1.3:1.0-port0
1790753694.4539,B,206,11492,-48,/dev/serial/by-path/pci-0000:05:00.3-usb-0:2.1.2:1.0-port0
1790753694.4543,C,208,11491,-40,/dev/serial/by-path/pci-0000:05:00.3-usb-0:2.1.3:1.0-port0
1790753694.4863,A,214,11530,-57,/dev/serial/by-path/pci-0000:05:00.3-usb-0:2.1.1:1.0-port0
1790753694.5057,C,209,11544,-39,/dev/serial/by-path/pci-0000:05:00.3-usb-0:2.1.3:1.0-port0
1790753694.5061,A,215,11550,-61,/dev/serial/by-path/pci-0000:05:00.3-usb-0:2.1.1:1.0-port0
1790753694.5062,B,207,11544,-62,/dev/serial/by-path/pci-0000:05:00.3-usb-0:2.1.2:1.0-port0
1790753694.5449,B,208,11583,-50,/dev/serial/by-path/pci-0000:05:00.3-usb-0:2.1.2:1.0-port0
1790753694.5474,C,210,11585,-41,/dev/serial/by-path/pci-0000:05:00.3-usb-0:2.1.3:1.0-port0
1790753694.5693,A,216,11613,-56,/dev/serial/by-path/pci-0000:05:00.3-usb-0:2.1.1:1.0-port0
1790753694.5872,C,211,11626,-42,/dev/serial/by-path/pci-0000:05:00.3-usb-0:2.1.3:1.0-port0
1790753694.6127,B,209,11651,-49,/dev/serial/by-path/pci-0000:05:00.3-usb-0:2.1.2:1.0-port0
1790753694.6299,B,210,11668,-52,/dev/serial/by-path/pci-0000:05:00.3-usb-0:2.1.2:1.0-port0
1790753694.6312,A,217,11675,-59,/dev/serial/by-path/pci-0000:05:00.3-usb-0:2.1.1:1.0-port0
1790753694.6387,C,212,11676,-41,/dev/serial/by-path/pci-0000:05:00.3-usb-0:2.1.3:1.0-port0
1790753694.6730,C,213,11711,-39,/dev/serial/by-path/pci-0000:05:00.3-usb-0:2.1.3:1.0-port0
1790753694.6734,A,218,11716,-61,/dev/serial/by-path/pci-0000:05:00.3-usb-0:2.1.1:1.0-port0
1790753694.6798,B,211,11718,-62,/dev/serial/by-path/pci-0000:05:00.3-usb-0:2.1.2:1.0-port0
1790753694.7147,B,212,11754,-49,/dev/serial/by-path/pci-0000:05:00.3-usb-0:2.1.2:1.0-port0
1790753694.7150,A,219,11759,-57,/dev/serial/by-path/pci-0000:05:00.3-usb-0:2.1.1:1.0-port0
1790753694.7151,C,214,11753,-42,/dev/serial/by-path/pci-0000:05:00.3-usb-0:2.1.3:1.0-port0
1790753694.7798,B,213,11818,-48,/dev/serial/by-path/pci-0000:05:00.3-usb-0:2.1.2:1.0-port0
1790753694.7839,A,220,11827,-57,/dev/serial/by-path/pci-0000:05:00.3-usb-0:2.1.1:1.0-port0
1790753694.7840,C,215,11822,-40,/dev/serial/by-path/pci-0000:05:00.3-usb-0:2.1.3:1.0-port0
1790753694.8122,B,214,11851,-63,/dev/serial/by-path/pci-0000:05:00.3-usb-0:2.1.2:1.0-port0
1790753694.8191,A,221,11863,-60,/dev/serial/by-path/pci-0000:05:00.3-usb-0:2.1.1:1.0-port0
1790753694.8192,C,216,11857,-39,/dev/serial/by-path/pci-0000:05:00.3-usb-0:2.1.3:1.0-port0
1790753694.8586,C,217,11896,-42,/dev/serial/by-path/pci-0000:05:00.3-usb-0:2.1.3:1.0-port0
1790753694.8587,A,222,11902,-57,/dev/serial/by-path/pci-0000:05:00.3-usb-0:2.1.1:1.0-port0
1790753694.8797,B,215,11918,-50,/dev/serial/by-path/pci-0000:05:00.3-usb-0:2.1.2:1.0-port0
1790753694.9197,B,216,11958,-50,/dev/serial/by-path/pci-0000:05:00.3-usb-0:2.1.2:1.0-port0
1790753694.9201,A,223,11964,-58,/dev/serial/by-path/pci-0000:05:00.3-usb-0:2.1.1:1.0-port0
1790753694.9203,C,218,11958,-40,/dev/serial/by-path/pci-0000:05:00.3-usb-0:2.1.3:1.0-port0
1790753694.9558,B,217,11994,-63,/dev/serial/by-path/pci-0000:05:00.3-usb-0:2.1.2:1.0-port0
1790753694.9859,C,219,12024,-39,/dev/serial/by-path/pci-0000:05:00.3-usb-0:2.1.3:1.0-port0
1790753694.9868,A,224,12031,-61,/dev/serial/by-path/pci-0000:05:00.3-usb-0:2.1.1:1.0-port0
1790753694.9906,B,218,12029,-49,/dev/serial/by-path/pci-0000:05:00.3-usb-0:2.1.2:1.0-port0
1790753694.9964,A,225,12040,-57,/dev/serial/by-path/pci-0000:05:00.3-usb-0:2.1.1:1.0-port0
1790753695.0357,A,226,12080,-57,/dev/serial/by-path/pci-0000:05:00.3-usb-0:2.1.1:1.0-port0
1790753695.0360,C,220,12073,-41,/dev/serial/by-path/pci-0000:05:00.3-usb-0:2.1.3:1.0-port0
1790753695.0599,B,219,12099,-47,/dev/serial/by-path/pci-0000:05:00.3-usb-0:2.1.2:1.0-port0
1790753695.0765,C,221,12115,-41,/dev/serial/by-path/pci-0000:05:00.3-usb-0:2.1.3:1.0-port0
1790753695.0767,A,227,12120,-57,/dev/serial/by-path/pci-0000:05:00.3-usb-0:2.1.1:1.0-port0
1790753695.0800,B,220,12118,-49,/dev/serial/by-path/pci-0000:05:00.3-usb-0:2.1.2:1.0-port0
1790753695.1303,B,221,12168,-62,/dev/serial/by-path/pci-0000:05:00.3-usb-0:2.1.2:1.0-port0
1790753695.1352,C,222,12173,-39,/dev/serial/by-path/pci-0000:05:00.3-usb-0:2.1.3:1.0-port0
1790753695.1361,A,228,12180,-61,/dev/serial/by-path/pci-0000:05:00.3-usb-0:2.1.1:1.0-port0
1790753695.1678,C,223,12206,-42,/dev/serial/by-path/pci-0000:05:00.3-usb-0:2.1.3:1.0-port0
1790753695.1681,A,229,12212,-57,/dev/serial/by-path/pci-0000:05:00.3-usb-0:2.1.1:1.0-port0
1790753695.1716,B,222,12210,-50,/dev/serial/by-path/pci-0000:05:00.3-usb-0:2.1.2:1.0-port0
1790753695.2173,A,230,12261,-58,/dev/serial/by-path/pci-0000:05:00.3-usb-0:2.1.1:1.0-port0
1790753695.2174,B,223,12255,-48,/dev/serial/by-path/pci-0000:05:00.3-usb-0:2.1.2:1.0-port0
1790753695.2386,C,224,12276,-40,/dev/serial/by-path/pci-0000:05:00.3-usb-0:2.1.3:1.0-port0
1790753695.2744,B,224,12313,-62,/dev/serial/by-path/pci-0000:05:00.3-usb-0:2.1.2:1.0-port0
1790753695.2866,A,231,12330,-61,/dev/serial/by-path/pci-0000:05:00.3-usb-0:2.1.1:1.0-port0
1790753695.2893,C,225,12326,-39,/dev/serial/by-path/pci-0000:05:00.3-usb-0:2.1.3:1.0-port0
1790753695.3146,B,225,12353,-50,/dev/serial/by-path/pci-0000:05:00.3-usb-0:2.1.2:1.0-port0
1790753695.3147,C,226,12352,-41,/dev/serial/by-path/pci-0000:05:00.3-usb-0:2.1.3:1.0-port0
1790753695.3151,A,232,12359,-56,/dev/serial/by-path/pci-0000:05:00.3-usb-0:2.1.1:1.0-port0
1790753695.3635,B,226,12402,-50,/dev/serial/by-path/pci-0000:05:00.3-usb-0:2.1.2:1.0-port0
1790753695.3825,C,227,12420,-40,/dev/serial/by-path/pci-0000:05:00.3-usb-0:2.1.3:1.0-port0
1790753695.3826,A,233,12426,-57,/dev/serial/by-path/pci-0000:05:00.3-usb-0:2.1.1:1.0-port0
1790753695.4048,B,227,12444,-62,/dev/serial/by-path/pci-0000:05:00.3-usb-0:2.1.2:1.0-port0
1790753695.4363,A,234,12480,-60,/dev/serial/by-path/pci-0000:05:00.3-usb-0:2.1.1:1.0-port0
1790753695.4383,C,228,12476,-38,/dev/serial/by-path/pci-0000:05:00.3-usb-0:2.1.3:1.0-port0
1790753695.4587,C,229,12496,-42,/dev/serial/by-path/pci-0000:05:00.3-usb-0:2.1.3:1.0-port0
1790753695.4592,B,228,12497,-50,/dev/serial/by-path/pci-0000:05:00.3-usb-0:2.1.2:1.0-port0
1790753695.4593,A,235,12503,-57,/dev/serial/by-path/pci-0000:05:00.3-usb-0:2.1.1:1.0-port0
1790753695.5222,C,230,12560,-39,/dev/serial/by-path/pci-0000:05:00.3-usb-0:2.1.3:1.0-port0
1790753695.5267,A,236,12570,-57,/dev/serial/by-path/pci-0000:05:00.3-usb-0:2.1.1:1.0-port0
1790753695.5564,C,231,12594,-38,/dev/serial/by-path/pci-0000:05:00.3-usb-0:2.1.3:1.0-port0
1790753695.5567,B,229,12595,-63,/dev/serial/by-path/pci-0000:05:00.3-usb-0:2.1.2:1.0-port0
1790753695.5571,A,237,12600,-61,/dev/serial/by-path/pci-0000:05:00.3-usb-0:2.1.1:1.0-port0
1790753695.5931,C,232,12632,-41,/dev/serial/by-path/pci-0000:05:00.3-usb-0:2.1.3:1.0-port0
1790753695.5948,B,230,12633,-50,/dev/serial/by-path/pci-0000:05:00.3-usb-0:2.1.2:1.0-port0
1790753695.6363,A,238,12680,-57,/dev/serial/by-path/pci-0000:05:00.3-usb-0:2.1.1:1.0-port0
1790753695.6377,C,233,12676,-42,/dev/serial/by-path/pci-0000:05:00.3-usb-0:2.1.3:1.0-port0
1790753695.6619,B,231,12701,-49,/dev/serial/by-path/pci-0000:05:00.3-usb-0:2.1.2:1.0-port0
1790753695.6832,A,239,12727,-57,/dev/serial/by-path/pci-0000:05:00.3-usb-0:2.1.1:1.0-port0
1790753695.6834,C,234,12721,-40,/dev/serial/by-path/pci-0000:05:00.3-usb-0:2.1.3:1.0-port0
1790753695.6975,B,232,12736,-61,/dev/serial/by-path/pci-0000:05:00.3-usb-0:2.1.2:1.0-port0
1790753695.7297,B,233,12768,-63,/dev/serial/by-path/pci-0000:05:00.3-usb-0:2.1.2:1.0-port0
1790753695.7324,C,235,12770,-38,/dev/serial/by-path/pci-0000:05:00.3-usb-0:2.1.3:1.0-port0
1790753695.7335,A,240,12776,-61,/dev/serial/by-path/pci-0000:05:00.3-usb-0:2.1.1:1.0-port0
1790753695.7800,B,234,12818,-50,/dev/serial/by-path/pci-0000:05:00.3-usb-0:2.1.2:1.0-port0
1790753695.7866,A,241,12830,-57,/dev/serial/by-path/pci-0000:05:00.3-usb-0:2.1.1:1.0-port0
1790753695.7884,C,236,12826,-42,/dev/serial/by-path/pci-0000:05:00.3-usb-0:2.1.3:1.0-port0
1790753695.8238,A,242,12868,-57,/dev/serial/by-path/pci-0000:05:00.3-usb-0:2.1.1:1.0-port0
1790753695.8242,B,235,12862,-52,/dev/serial/by-path/pci-0000:05:00.3-usb-0:2.1.2:1.0-port0
1790753695.8325,C,237,12870,-40,/dev/serial/by-path/pci-0000:05:00.3-usb-0:2.1.3:1.0-port0
1790753695.8736,A,243,12917,-61,/dev/serial/by-path/pci-0000:05:00.3-usb-0:2.1.1:1.0-port0
1790753695.8798,B,236,12918,-63,/dev/serial/by-path/pci-0000:05:00.3-usb-0:2.1.2:1.0-port0
1790753695.8885,C,238,12926,-39,/dev/serial/by-path/pci-0000:05:00.3-usb-0:2.1.3:1.0-port0
1790753695.9294,B,237,12968,-50,/dev/serial/by-path/pci-0000:05:00.3-usb-0:2.1.2:1.0-port0
1790753695.9364,A,244,12980,-57,/dev/serial/by-path/pci-0000:05:00.3-usb-0:2.1.1:1.0-port0
1790753695.9393,C,239,12976,-42,/dev/serial/by-path/pci-0000:05:00.3-usb-0:2.1.3:1.0-port0
1790753695.9637,B,238,13003,-50,/dev/serial/by-path/pci-0000:05:00.3-usb-0:2.1.2:1.0-port0
1790753695.9644,A,245,13008,-57,/dev/serial/by-path/pci-0000:05:00.3-usb-0:2.1.1:1.0-port0
1790753695.9727,C,240,13011,-40,/dev/serial/by-path/pci-0000:05:00.3-usb-0:2.1.3:1.0-port0
1790753696.0069,A,246,13051,-60,/dev/serial/by-path/pci-0000:05:00.3-usb-0:2.1.1:1.0-port0
1790753696.0072,C,241,13045,-39,/dev/serial/by-path/pci-0000:05:00.3-usb-0:2.1.3:1.0-port0
1790753696.0074,B,239,13045,-63,/dev/serial/by-path/pci-0000:05:00.3-usb-0:2.1.2:1.0-port0
1790753696.0638,B,240,13103,-50,/dev/serial/by-path/pci-0000:05:00.3-usb-0:2.1.2:1.0-port0
1790753696.0643,A,247,13108,-57,/dev/serial/by-path/pci-0000:05:00.3-usb-0:2.1.1:1.0-port0
1790753696.0644,C,242,13102,-96,/dev/serial/by-path/pci-0000:05:00.3-usb-0:2.1.3:1.0-port0
1790753696.0881,C,243,13126,-42,/dev/serial/by-path/pci-0000:05:00.3-usb-0:2.1.3:1.0-port0
1790753696.0913,B,241,13130,-48,/dev/serial/by-path/pci-0000:05:00.3-usb-0:2.1.2:1.0-port0
1790753696.1380,C,244,13176,-41,/dev/serial/by-path/pci-0000:05:00.3-usb-0:2.1.3:1.0-port0
1790753696.1743,B,242,13213,-62,/dev/serial/by-path/pci-0000:05:00.3-usb-0:2.1.2:1.0-port0
1790753696.1801,B,243,13218,-63,/dev/serial/by-path/pci-0000:05:00.3-usb-0:2.1.2:1.0-port0
1790753696.1833,A,248,13227,-60,/dev/serial/by-path/pci-0000:05:00.3-usb-0:2.1.1:1.0-port0
1790753696.1836,C,245,13221,-39,/dev/serial/by-path/pci-0000:05:00.3-usb-0:2.1.3:1.0-port0
1790753696.2199,A,249,13264,-57,/dev/serial/by-path/pci-0000:05:00.3-usb-0:2.1.1:1.0-port0
1790753696.2266,C,246,13264,-42,/dev/serial/by-path/pci-0000:05:00.3-usb-0:2.1.3:1.0-port0
1790753696.2268,B,244,13265,-49,/dev/serial/by-path/pci-0000:05:00.3-usb-0:2.1.2:1.0-port0
1790753696.2715,A,250,13315,-58,/dev/serial/by-path/pci-0000:05:00.3-usb-0:2.1.1:1.0-port0
1790753696.2721,C,247,13309,-40,/dev/serial/by-path/pci-0000:05:00.3-usb-0:2.1.3:1.0-port0
1790753696.2722,B,245,13310,-48,/dev/serial/by-path/pci-0000:05:00.3-usb-0:2.1.2:1.0-port0
1790753696.3082,B,246,13347,-63,/dev/serial/by-path/pci-0000:05:00.3-usb-0:2.1.2:1.0-port0
1790753696.3086,C,248,13347,-38,/dev/serial/by-path/pci-0000:05:00.3-usb-0:2.1.3:1.0-port0
1790753696.3089,A,251,13353,-60,/dev/serial/by-path/pci-0000:05:00.3-usb-0:2.1.1:1.0-port0
1790753696.3491,B,247,13388,-50,/dev/serial/by-path/pci-0000:05:00.3-usb-0:2.1.2:1.0-port0
1790753696.3494,A,252,13393,-57,/dev/serial/by-path/pci-0000:05:00.3-usb-0:2.1.1:1.0-port0
1790753696.3497,C,249,13387,-42,/dev/serial/by-path/pci-0000:05:00.3-usb-0:2.1.3:1.0-port0
1790753696.3960,A,253,13440,-57,/dev/serial/by-path/pci-0000:05:00.3-usb-0:2.1.1:1.0-port0
1790753696.3965,B,248,13435,-50,/dev/serial/by-path/pci-0000:05:00.3-usb-0:2.1.2:1.0-port0
1790753696.3966,C,250,13434,-41,/dev/serial/by-path/pci-0000:05:00.3-usb-0:2.1.3:1.0-port0
1790753696.4372,C,251,13475,-40,/dev/serial/by-path/pci-0000:05:00.3-usb-0:2.1.3:1.0-port0
1790753696.4778,B,249,13517,-62,/dev/serial/by-path/pci-0000:05:00.3-usb-0:2.1.2:1.0-port0
1790753696.4796,B,250,13517,-63,/dev/serial/by-path/pci-0000:05:00.3-usb-0:2.1.2:1.0-port0
1790753696.4863,A,254,13530,-61,/dev/serial/by-path/pci-0000:05:00.3-usb-0:2.1.1:1.0-port0
1790753696.4884,C,252,13527,-38,/dev/serial/by-path/pci-0000:05:00.3-usb-0:2.1.3:1.0-port0
1790753696.5261,C,253,13564,-42,/dev/serial/by-path/pci-0000:05:00.3-usb-0:2.1.3:1.0-port0
1790753696.5267,A,255,13571,-57,/dev/serial/by-path/pci-0000:05:00.3-usb-0:2.1.1:1.0-port0
1790753696.5296,B,251,13568,-50,/dev/serial/by-path/pci-0000:05:00.3-usb-0:2.1.2:1.0-port0
1790753696.5684,A,256,13612,-56,/dev/serial/by-path/pci-0000:05:00.3-usb-0:2.1.1:1.0-port0
1790753696.5886,C,254,13626,-41,/dev/serial/by-path/pci-0000:05:00.3-usb-0:2.1.3:1.0-port0
1790753696.6164,C,255,13655,-39,/dev/serial/by-path/pci-0000:05:00.3-usb-0:2.1.3:1.0-port0
1790753696.6184,A,257,13661,-61,/dev/serial/by-path/pci-0000:05:00.3-usb-0:2.1.1:1.0-port0
1790753696.6218,B,252,13661,-63,/dev/serial/by-path/pci-0000:05:00.3-usb-0:2.1.2:1.0-port0
1790753696.6729,C,256,13711,-41,/dev/serial/by-path/pci-0000:05:00.3-usb-0:2.1.3:1.0-port0
1790753696.6733,A,258,13717,-57,/dev/serial/by-path/pci-0000:05:00.3-usb-0:2.1.1:1.0-port0
1790753696.6734,B,253,13711,-50,/dev/serial/by-path/pci-0000:05:00.3-usb-0:2.1.2:1.0-port0
1790753696.7083,A,259,13752,-57,/dev/serial/by-path/pci-0000:05:00.3-usb-0:2.1.1:1.0-port0
1790753696.7084,C,257,13746,-40,/dev/serial/by-path/pci-0000:05:00.3-usb-0:2.1.3:1.0-port0
1790753696.7140,B,254,13753,-50,/dev/serial/by-path/pci-0000:05:00.3-usb-0:2.1.2:1.0-port0
1790753696.7549,B,255,13794,-62,/dev/serial/by-path/pci-0000:05:00.3-usb-0:2.1.2:1.0-port0
1790753696.7865,A,260,13830,-61,/dev/serial/by-path/pci-0000:05:00.3-usb-0:2.1.1:1.0-port0
1790753696.7870,C,258,13825,-39,/dev/serial/by-path/pci-0000:05:00.3-usb-0:2.1.3:1.0-port0
1790753696.7945,B,256,13833,-50,/dev/serial/by-path/pci-0000:05:00.3-usb-0:2.1.2:1.0-port0
1790753696.8043,C,259,13842,-41,/dev/serial/by-path/pci-0000:05:00.3-usb-0:2.1.3:1.0-port0
1790753696.8051,A,261,13849,-57,/dev/serial/by-path/pci-0000:05:00.3-usb-0:2.1.1:1.0-port0
1790753696.8482,A,262,13892,-57,/dev/serial/by-path/pci-0000:05:00.3-usb-0:2.1.1:1.0-port0
1790753696.8485,B,257,13887,-49,/dev/serial/by-path/pci-0000:05:00.3-usb-0:2.1.2:1.0-port0
1790753696.8923,B,258,13931,-61,/dev/serial/by-path/pci-0000:05:00.3-usb-0:2.1.2:1.0-port0
1790753696.9252,A,263,13969,-60,/dev/serial/by-path/pci-0000:05:00.3-usb-0:2.1.1:1.0-port0
1790753696.9367,A,264,13980,-61,/dev/serial/by-path/pci-0000:05:00.3-usb-0:2.1.1:1.0-port0
1790753696.9381,C,260,13976,-39,/dev/serial/by-path/pci-0000:05:00.3-usb-0:2.1.3:1.0-port0
1790753696.9775,C,261,14016,-42,/dev/serial/by-path/pci-0000:05:00.3-usb-0:2.1.3:1.0-port0
1790753696.9784,A,265,14022,-57,/dev/serial/by-path/pci-0000:05:00.3-usb-0:2.1.1:1.0-port0
1790753696.9793,B,259,14018,-50,/dev/serial/by-path/pci-0000:05:00.3-usb-0:2.1.2:1.0-port0
1790753697.0261,B,260,14065,-49,/dev/serial/by-path/pci-0000:05:00.3-usb-0:2.1.2:1.0-port0
1790753697.0265,A,266,14070,-58,/dev/serial/by-path/pci-0000:05:00.3-usb-0:2.1.1:1.0-port0
1790753697.0383,C,262,14076,-40,/dev/serial/by-path/pci-0000:05:00.3-usb-0:2.1.3:1.0-port0
1790753697.0708,B,261,14110,-63,/dev/serial/by-path/pci-0000:05:00.3-usb-0:2.1.2:1.0-port0
1790753697.0861,A,267,14130,-61,/dev/serial/by-path/pci-0000:05:00.3-usb-0:2.1.1:1.0-port0
1790753697.0892,C,263,14127,-38,/dev/serial/by-path/pci-0000:05:00.3-usb-0:2.1.3:1.0-port0
1790753697.1144,B,262,14153,-50,/dev/serial/by-path/pci-0000:05:00.3-usb-0:2.1.2:1.0-port0
1790753697.1230,A,268,14167,-57,/dev/serial/by-path/pci-0000:05:00.3-usb-0:2.1.1:1.0-port0
1790753697.1232,C,264,14161,-42,/dev/serial/by-path/pci-0000:05:00.3-usb-0:2.1.3:1.0-port0
1790753697.1622,C,265,14200,-40,/dev/serial/by-path/pci-0000:05:00.3-usb-0:2.1.3:1.0-port0
1790753697.1623,B,263,14201,-49,/dev/serial/by-path/pci-0000:05:00.3-usb-0:2.1.2:1.0-port0
1790753697.1628,A,269,14206,-58,/dev/serial/by-path/pci-0000:05:00.3-usb-0:2.1.1:1.0-port0
1790753697.2123,B,264,14251,-64,/dev/serial/by-path/pci-0000:05:00.3-usb-0:2.1.2:1.0-port0
1790753697.2223,C,266,14260,-39,/dev/serial/by-path/pci-0000:05:00.3-usb-0:2.1.3:1.0-port0
1790753697.2368,A,270,14281,-61,/dev/serial/by-path/pci-0000:05:00.3-usb-0:2.1.1:1.0-port0
1790753697.2578,B,265,14297,-50,/dev/serial/by-path/pci-0000:05:00.3-usb-0:2.1.2:1.0-port0
1790753697.2581,C,267,14296,-42,/dev/serial/by-path/pci-0000:05:00.3-usb-0:2.1.3:1.0-port0
1790753697.2666,A,271,14310,-56,/dev/serial/by-path/pci-0000:05:00.3-usb-0:2.1.1:1.0-port0
1790753697.3286,B,266,14367,-48,/dev/serial/by-path/pci-0000:05:00.3-usb-0:2.1.2:1.0-port0
1790753697.3363,A,272,14380,-57,/dev/serial/by-path/pci-0000:05:00.3-usb-0:2.1.1:1.0-port0
1790753697.3383,C,268,14376,-40,/dev/serial/by-path/pci-0000:05:00.3-usb-0:2.1.3:1.0-port0
1790753697.3546,C,269,14392,-39,/dev/serial/by-path/pci-0000:05:00.3-usb-0:2.1.3:1.0-port0
1790753697.3551,A,273,14398,-61,/dev/serial/by-path/pci-0000:05:00.3-usb-0:2.1.1:1.0-port0
1790753697.3552,B,267,14393,-63,/dev/serial/by-path/pci-0000:05:00.3-usb-0:2.1.2:1.0-port0
1790753697.3980,C,270,14436,-41,/dev/serial/by-path/pci-0000:05:00.3-usb-0:2.1.3:1.0-port0
1790753697.4085,B,268,14447,-50,/dev/serial/by-path/pci-0000:05:00.3-usb-0:2.1.2:1.0-port0
1790753697.4284,A,274,14472,-57,/dev/serial/by-path/pci-0000:05:00.3-usb-0:2.1.1:1.0-port0
1790753697.4386,C,271,14477,-42,/dev/serial/by-path/pci-0000:05:00.3-usb-0:2.1.3:1.0-port0
1790753697.4596,B,269,14498,-49,/dev/serial/by-path/pci-0000:05:00.3-usb-0:2.1.2:1.0-port0
1790753697.4785,B,270,14517,-48,/dev/serial/by-path/pci-0000:05:00.3-usb-0:2.1.2:1.0-port0
1790753697.4789,C,272,14517,-41,/dev/serial/by-path/pci-0000:05:00.3-usb-0:2.1.3:1.0-port0
1790753697.4793,A,275,14523,-57,/dev/serial/by-path/pci-0000:05:00.3-usb-0:2.1.1:1.0-port0
1790753697.5273,C,273,14565,-38,/dev/serial/by-path/pci-0000:05:00.3-usb-0:2.1.3:1.0-port0
1790753697.5275,B,271,14567,-62,/dev/serial/by-path/pci-0000:05:00.3-usb-0:2.1.2:1.0-port0
1790753697.5364,A,276,14580,-61,/dev/serial/by-path/pci-0000:05:00.3-usb-0:2.1.1:1.0-port0
1790753697.5756,A,277,14619,-57,/dev/serial/by-path/pci-0000:05:00.3-usb-0:2.1.1:1.0-port0
1790753697.5759,B,272,14614,-50,/dev/serial/by-path/pci-0000:05:00.3-usb-0:2.1.2:1.0-port0
1790753697.5763,C,274,14614,-41,/dev/serial/by-path/pci-0000:05:00.3-usb-0:2.1.3:1.0-port0
1790753697.6285,B,273,14667,-49,/dev/serial/by-path/pci-0000:05:00.3-usb-0:2.1.2:1.0-port0
1790753697.6307,C,275,14669,-40,/dev/serial/by-path/pci-0000:05:00.3-usb-0:2.1.3:1.0-port0
1790753697.6308,A,278,14675,-58,/dev/serial/by-path/pci-0000:05:00.3-usb-0:2.1.1:1.0-port0
1790753697.6711,B,274,14709,-62,/dev/serial/by-path/pci-0000:05:00.3-usb-0:2.1.2:1.0-port0
1790753697.6712,A,279,14715,-60,/dev/serial/by-path/pci-0000:05:00.3-usb-0:2.1.1:1.0-port0
1790753697.6716,C,276,14709,-39,/dev/serial/by-path/pci-0000:05:00.3-usb-0:2.1.3:1.0-port0
1790753697.7046,C,277,14743,-41,/dev/serial/by-path/pci-0000:05:00.3-usb-0:2.1.3:1.0-port0
1790753697.7048,B,275,14744,-50,/dev/serial/by-path/pci-0000:05:00.3-usb-0:2.1.2:1.0-port0
1790753697.7053,A,280,14749,-57,/dev/serial/by-path/pci-0000:05:00.3-usb-0:2.1.1:1.0-port0
1790753697.7495,B,276,14788,-49,/dev/serial/by-path/pci-0000:05:00.3-usb-0:2.1.2:1.0-port0
1790753697.7524,C,278,14790,-40,/dev/serial/by-path/pci-0000:05:00.3-usb-0:2.1.3:1.0-port0
1790753697.7758,A,281,14820,-57,/dev/serial/by-path/pci-0000:05:00.3-usb-0:2.1.1:1.0-port0
1790753697.7945,B,277,14833,-62,/dev/serial/by-path/pci-0000:05:00.3-usb-0:2.1.2:1.0-port0
1790753697.8311,C,279,14870,-38,/dev/serial/by-path/pci-0000:05:00.3-usb-0:2.1.3:1.0-port0
1790753697.8315,A,282,14876,-61,/dev/serial/by-path/pci-0000:05:00.3-usb-0:2.1.1:1.0-port0
1790753697.8337,C,280,14870,-39,/dev/serial/by-path/pci-0000:05:00.3-usb-0:2.1.3:1.0-port0
1790753697.8361,A,283,14880,-60,/dev/serial/by-path/pci-0000:05:00.3-usb-0:2.1.1:1.0-port0
1790753697.8781,C,281,14916,-42,/dev/serial/by-path/pci-0000:05:00.3-usb-0:2.1.3:1.0-port0
1790753697.8799,B,278,14918,-50,/dev/serial/by-path/pci-0000:05:00.3-usb-0:2.1.2:1.0-port0
1790753697.8863,A,284,14930,-57,/dev/serial/by-path/pci-0000:05:00.3-usb-0:2.1.1:1.0-port0
1790753697.9221,B,279,14961,-48,/dev/serial/by-path/pci-0000:05:00.3-usb-0:2.1.2:1.0-port0
1790753697.9225,C,282,14960,-40,/dev/serial/by-path/pci-0000:05:00.3-usb-0:2.1.3:1.0-port0
1790753697.9226,A,285,14966,-57,/dev/serial/by-path/pci-0000:05:00.3-usb-0:2.1.1:1.0-port0
1790753697.9695,B,280,15009,-62,/dev/serial/by-path/pci-0000:05:00.3-usb-0:2.1.2:1.0-port0
1790753697.9821,A,286,15026,-60,/dev/serial/by-path/pci-0000:05:00.3-usb-0:2.1.1:1.0-port0
1790753697.9822,C,283,15020,-39,/dev/serial/by-path/pci-0000:05:00.3-usb-0:2.1.3:1.0-port0
1790753698.0133,A,287,15057,-57,/dev/serial/by-path/pci-0000:05:00.3-usb-0:2.1.1:1.0-port0
1790753698.0138,C,284,15052,-41,/dev/serial/by-path/pci-0000:05:00.3-usb-0:2.1.3:1.0-port0
1790753698.0176,B,281,15056,-50,/dev/serial/by-path/pci-0000:05:00.3-usb-0:2.1.2:1.0-port0
1790753698.0565,C,285,15094,-40,/dev/serial/by-path/pci-0000:05:00.3-usb-0:2.1.3:1.0-port0
1790753698.0581,A,288,15101,-59,/dev/serial/by-path/pci-0000:05:00.3-usb-0:2.1.1:1.0-port0
1790753698.0617,B,282,15100,-49,/dev/serial/by-path/pci-0000:05:00.3-usb-0:2.1.2:1.0-port0
1790753698.0986,B,283,15137,-62,/dev/serial/by-path/pci-0000:05:00.3-usb-0:2.1.2:1.0-port0
1790753698.1362,A,289,15180,-60,/dev/serial/by-path/pci-0000:05:00.3-usb-0:2.1.1:1.0-port0
1790753698.1385,C,286,15176,-39,/dev/serial/by-path/pci-0000:05:00.3-usb-0:2.1.3:1.0-port0
1790753698.1518,B,284,15190,-50,/dev/serial/by-path/pci-0000:05:00.3-usb-0:2.1.2:1.0-port0
1790753698.1887,C,287,15227,-42,/dev/serial/by-path/pci-0000:05:00.3-usb-0:2.1.3:1.0-port0
1790753698.1924,B,285,15231,-49,/dev/serial/by-path/pci-0000:05:00.3-usb-0:2.1.2:1.0-port0
1790753698.2303,C,288,15268,-40,/dev/serial/by-path/pci-0000:05:00.3-usb-0:2.1.3:1.0-port0
1790753698.2352,A,290,15280,-57,/dev/serial/by-path/pci-0000:05:00.3-usb-0:2.1.1:1.0-port0
1790753698.2740,B,286,15313,-63,/dev/serial/by-path/pci-0000:05:00.3-usb-0:2.1.2:1.0-port0
1790753698.2744,C,289,15312,-39,/dev/serial/by-path/pci-0000:05:00.3-usb-0:2.1.3:1.0-port0
1790753698.2863,A,291,15330,-61,/dev/serial/by-path/pci-0000:05:00.3-usb-0:2.1.1:1.0-port0
1790753698.3139,A,292,15358,-57,/dev/serial/by-path/pci-0000:05:00.3-usb-0:2.1.1:1.0-port0
1790753698.3182,C,290,15356,-41,/dev/serial/by-path/pci-0000:05:00.3-usb-0:2.1.3:1.0-port0
1790753698.3194,B,287,15358,-50,/dev/serial/by-path/pci-0000:05:00.3-usb-0:2.1.2:1.0-port0
1790753698.3865,A,293,15430,-56,/dev/serial/by-path/pci-0000:05:00.3-usb-0:2.1.1:1.0-port0
1790753698.3886,C,291,15427,-42,/dev/serial/by-path/pci-0000:05:00.3-usb-0:2.1.3:1.0-port0
1790753698.4103,C,292,15448,-40,/dev/serial/by-path/pci-0000:05:00.3-usb-0:2.1.3:1.0-port0
1790753698.4107,A,294,15454,-60,/dev/serial/by-path/pci-0000:05:00.3-usb-0:2.1.1:1.0-port0
1790753698.4111,B,288,15449,-63,/dev/serial/by-path/pci-0000:05:00.3-usb-0:2.1.2:1.0-port0
1790753698.4496,C,293,15487,-41,/dev/serial/by-path/pci-0000:05:00.3-usb-0:2.1.3:1.0-port0
1790753698.4616,A,295,15506,-57,/dev/serial/by-path/pci-0000:05:00.3-usb-0:2.1.1:1.0-port0
1790753698.4620,B,289,15500,-50,/dev/serial/by-path/pci-0000:05:00.3-usb-0:2.1.2:1.0-port0
1790753698.5054,A,296,15549,-57,/dev/serial/by-path/pci-0000:05:00.3-usb-0:2.1.1:1.0-port0
1790753698.5057,B,290,15544,-48,/dev/serial/by-path/pci-0000:05:00.3-usb-0:2.1.2:1.0-port0
1790753698.5366,C,294,15575,-40,/dev/serial/by-path/pci-0000:05:00.3-usb-0:2.1.3:1.0-port0
1790753698.5373,A,297,15581,-57,/dev/serial/by-path/pci-0000:05:00.3-usb-0:2.1.1:1.0-port0
1790753698.5461,B,291,15586,-61,/dev/serial/by-path/pci-0000:05:00.3-usb-0:2.1.2:1.0-port0
1790753698.5842,C,295,15622,-38,/dev/serial/by-path/pci-0000:05:00.3-usb-0:2.1.3:1.0-port0
1790753698.5845,A,298,15628,-60,/dev/serial/by-path/pci-0000:05:00.3-usb-0:2.1.1:1.0-port0
1790753698.6298,B,292,15668,-50,/dev/serial/by-path/pci-0000:05:00.3-usb-0:2.1.2:1.0-port0
1790753698.6308,C,296,15669,-41,/dev/serial/by-path/pci-0000:05:00.3-usb-0:2.1.3:1.0-port0
1790753698.6360,A,299,15680,-57,/dev/serial/by-path/pci-0000:05:00.3-usb-0:2.1.1:1.0-port0
1790753698.6647,B,293,15703,-48,/dev/serial/by-path/pci-0000:05:00.3-usb-0:2.1.2:1.0-port0
1790753698.6860,A,300,15730,-57,/dev/serial/by-path/pci-0000:05:00.3-usb-0:2.1.1:1.0-port0
1790753698.6884,C,297,15726,-40,/dev/serial/by-path/pci-0000:05:00.3-usb-0:2.1.3:1.0-port0
1790753698.7119,A,301,15756,-61,/dev/serial/by-path/pci-0000:05:00.3-usb-0:2.1.1:1.0-port0
1790753698.7121,C,298,15750,-39,/dev/serial/by-path/pci-0000:05:00.3-usb-0:2.1.3:1.0-port0
1790753698.7495,B,294,15788,-50,/dev/serial/by-path/pci-0000:05:00.3-usb-0:2.1.2:1.0-port0
1790753698.7703,C,299,15808,-41,/dev/serial/by-path/pci-0000:05:00.3-usb-0:2.1.3:1.0-port0
1790753698.7712,A,302,15815,-57,/dev/serial/by-path/pci-0000:05:00.3-usb-0:2.1.1:1.0-port0
1790753698.7920,B,295,15831,-49,/dev/serial/by-path/pci-0000:05:00.3-usb-0:2.1.2:1.0-port0
1790753698.7923,A,303,15836,-58,/dev/serial/by-path/pci-0000:05:00.3-usb-0:2.1.1:1.0-port0
1790753698.8436,B,296,15882,-63,/dev/serial/by-path/pci-0000:05:00.3-usb-0:2.1.2:1.0-port0
1790753698.8725,C,300,15911,-39,/dev/serial/by-path/pci-0000:05:00.3-usb-0:2.1.3:1.0-port0
1790753698.8857,A,304,15930,-60,/dev/serial/by-path/pci-0000:05:00.3-usb-0:2.1.1:1.0-port0
1790753698.8875,A,305,15930,-61,/dev/serial/by-path/pci-0000:05:00.3-usb-0:2.1.1:1.0-port0
1790753698.8882,C,301,15927,-39,/dev/serial/by-path/pci-0000:05:00.3-usb-0:2.1.3:1.0-port0
1790753698.9208,B,297,15960,-50,/dev/serial/by-path/pci-0000:05:00.3-usb-0:2.1.2:1.0-port0
1790753698.9247,C,302,15963,-42,/dev/serial/by-path/pci-0000:05:00.3-usb-0:2.1.3:1.0-port0
1790753698.9254,A,306,15969,-56,/dev/serial/by-path/pci-0000:05:00.3-usb-0:2.1.1:1.0-port0
1790753698.9296,B,298,15968,-50,/dev/serial/by-path/pci-0000:05:00.3-usb-0:2.1.2:1.0-port0
1790753698.9726,B,299,16011,-49,/dev/serial/by-path/pci-0000:05:00.3-usb-0:2.1.2:1.0-port0
1790753698.9730,A,307,16017,-57,/dev/serial/by-path/pci-0000:05:00.3-usb-0:2.1.1:1.0-port0
1790753698.9731,C,303,16010,-41,/dev/serial/by-path/pci-0000:05:00.3-usb-0:2.1.3:1.0-port0
1790753699.0231,A,308,16067,-60,/dev/serial/by-path/pci-0000:05:00.3-usb-0:2.1.1:1.0-port0
1790753699.0234,B,300,16062,-63,/dev/serial/by-path/pci-0000:05:00.3-usb-0:2.1.2:1.0-port0
1790753699.0238,C,304,16061,-39,/dev/serial/by-path/pci-0000:05:00.3-usb-0:2.1.3:1.0-port0
1790753699.0539,B,301,16092,-49,/dev/serial/by-path/pci-0000:05:00.3-usb-0:2.1.2:1.0-port0
1790753699.0540,C,305,16091,-42,/dev/serial/by-path/pci-0000:05:00.3-usb-0:2.1.3:1.0-port0
1790753699.0787,A,309,16123,-56,/dev/serial/by-path/pci-0000:05:00.3-usb-0:2.1.1:1.0-port0
1790753699.0987,A,310,16142,-57,/dev/serial/by-path/pci-0000:05:00.3-usb-0:2.1.1:1.0-port0
1790753699.0990,C,306,16137,-41,/dev/serial/by-path/pci-0000:05:00.3-usb-0:2.1.3:1.0-port0
1790753699.1107,B,302,16150,-49,/dev/serial/by-path/pci-0000:05:00.3-usb-0:2.1.2:1.0-port0
1790753699.1446,C,307,16183,-39,/dev/serial/by-path/pci-0000:05:00.3-usb-0:2.1.3:1.0-port0
1790753699.1451,B,303,16184,-61,/dev/serial/by-path/pci-0000:05:00.3-usb-0:2.1.2:1.0-port0
1790753699.1861,A,311,16230,-60,/dev/serial/by-path/pci-0000:05:00.3-usb-0:2.1.1:1.0-port0
1790753699.1892,B,304,16228,-50,/dev/serial/by-path/pci-0000:05:00.3-usb-0:2.1.2:1.0-port0
1790753699.2316,C,308,16270,-42,/dev/serial/by-path/pci-0000:05:00.3-usb-0:2.1.3:1.0-port0
1790753699.2320,A,312,16276,-57,/dev/serial/by-path/pci-0000:05:00.3-usb-0:2.1.1:1.0-port0
1790753699.2795,B,305,16318,-48,/dev/serial/by-path/pci-0000:05:00.3-usb-0:2.1.2:1.0-port0
1790753699.2862,A,313,16330,-58,/dev/serial/by-path/pci-0000:05:00.3-usb-0:2.1.1:1.0-port0
1790753699.2884,C,309,16326,-40,/dev/serial/by-path/pci-0000:05:00.3-usb-0:2.1.3:1.0-port0
1790753699.3213,B,306,16360,-63,/dev/serial/by-path/pci-0000:05:00.3-usb-0:2.1.2:1.0-port0
1790753699.3333,C,310,16371,-39,/dev/serial/by-path/pci-0000:05:00.3-usb-0:2.1.3:1.0-port0
1790753699.3334,A,314,16377,-59,/dev/serial/by-path/pci-0000:05:00.3-usb-0:2.1.1:1.0-port0
1790753699.3593,C,311,16398,-41,/dev/serial/by-path/pci-0000:05:00.3-usb-0:2.1.3:1.0-port0
1790753699.3624,B,307,16401,-50,/dev/serial/by-path/pci-0000:05:00.3-usb-0:2.1.2:1.0-port0
1790753699.3666,A,315,16411,-57,/dev/serial/by-path/pci-0000:05:00.3-usb-0:2.1.1:1.0-port0
1790753699.4543,B,308,16493,-63,/dev/serial/by-path/pci-0000:05:00.3-usb-0:2.1.2:1.0-port0
1790753699.4858,A,316,16530,-61,/dev/serial/by-path/pci-0000:05:00.3-usb-0:2.1.1:1.0-port0
1790753699.4884,C,312,16526,-39,/dev/serial/by-path/pci-0000:05:00.3-usb-0:2.1.3:1.0-port0
1790753699.4970,C,313,16535,-41,/dev/serial/by-path/pci-0000:05:00.3-usb-0:2.1.3:1.0-port0
1790753699.4973,B,309,16536,-50,/dev/serial/by-path/pci-0000:05:00.3-usb-0:2.1.2:1.0-port0
1790753699.4977,A,317,16541,-57,/dev/serial/by-path/pci-0000:05:00.3-usb-0:2.1.1:1.0-port0
1790753699.5396,B,310,16578,-48,/dev/serial/by-path/pci-0000:05:00.3-usb-0:2.1.2:1.0-port0
1790753699.5870,A,318,16631,-57,/dev/serial/by-path/pci-0000:05:00.3-usb-0:2.1.1:1.0-port0
1790753699.5892,C,314,16626,-40,/dev/serial/by-path/pci-0000:05:00.3-usb-0:2.1.3:1.0-port0
1790753699.6028,B,311,16642,-61,/dev/serial/by-path/pci-0000:05:00.3-usb-0:2.1.2:1.0-port0
1790753699.6329,C,315,16672,-39,/dev/serial/by-path/pci-0000:05:00.3-usb-0:2.1.3:1.0-port0
1790753699.6361,A,319,16680,-61,/dev/serial/by-path/pci-0000:05:00.3-usb-0:2.1.1:1.0-port0
1790753699.6766,B,312,16715,-50,/dev/serial/by-path/pci-0000:05:00.3-usb-0:2.1.2:1.0-port0
1790753699.6801,C,316,16718,-42,/dev/serial/by-path/pci-0000:05:00.3-usb-0:2.1.3:1.0-port0
1790753699.6861,A,320,16729,-56,/dev/serial/by-path/pci-0000:05:00.3-usb-0:2.1.1:1.0-port0
1790753699.7280,C,317,16766,-40,/dev/serial/by-path/pci-0000:05:00.3-usb-0:2.1.3:1.0-port0
1790753699.7281,A,321,16772,-59,/dev/serial/by-path/pci-0000:05:00.3-usb-0:2.1.1:1.0-port0
1790753699.7295,B,313,16768,-49,/dev/serial/by-path/pci-0000:05:00.3-usb-0:2.1.2:1.0-port0
1790753699.7785,A,322,16822,-61,/dev/serial/by-path/pci-0000:05:00.3-usb-0:2.1.1:1.0-port0
1790753699.7790,C,318,16817,-38,/dev/serial/by-path/pci-0000:05:00.3-usb-0:2.1.3:1.0-port0
1790753699.7791,B,314,16817,-62,/dev/serial/by-path/pci-0000:05:00.3-usb-0:2.1.2:1.0-port0
1790753699.8214,C,319,16860,-42,/dev/serial/by-path/pci-0000:05:00.3-usb-0:2.1.3:1.0-port0
1790753699.8222,A,323,16866,-57,/dev/serial/by-path/pci-0000:05:00.3-usb-0:2.1.1:1.0-port0
1790753699.8294,B,315,16868,-50,/dev/serial/by-path/pci-0000:05:00.3-usb-0:2.1.2:1.0-port0
1790753699.8724,C,320,16911,-41,/dev/serial/by-path/pci-0000:05:00.3-usb-0:2.1.3:1.0-port0
1790753699.8803,B,316,16919,-49,/dev/serial/by-path/pci-0000:05:00.3-usb-0:2.1.2:1.0-port0
1790753699.8862,A,324,16930,-57,/dev/serial/by-path/pci-0000:05:00.3-usb-0:2.1.1:1.0-port0
1790753699.9228,C,321,16961,-39,/dev/serial/by-path/pci-0000:05:00.3-usb-0:2.1.3:1.0-port0
1790753699.9229,B,317,16962,-63,/dev/serial/by-path/pci-0000:05:00.3-usb-0:2.1.2:1.0-port0
1790753699.9363,A,325,16980,-60,/dev/serial/by-path/pci-0000:05:00.3-usb-0:2.1.1:1.0-port0
1790753699.9674,A,326,17011,-57,/dev/serial/by-path/pci-0000:05:00.3-usb-0:2.1.1:1.0-port0
1790753699.9679,C,322,17006,-41,/dev/serial/by-path/pci-0000:05:00.3-usb-0:2.1.3:1.0-port0
1790753699.9793,B,318,17018,-49,/dev/serial/by-path/pci-0000:05:00.3-usb-0:2.1.2:1.0-port0
1790753700.0112,B,319,17050,-48,/dev/serial/by-path/pci-0000:05:00.3-usb-0:2.1.2:1.0-port0
1790753700.0114,A,327,17056,-58,/dev/serial/by-path/pci-0000:05:00.3-usb-0:2.1.1:1.0-port0
1790753700.0117,C,323,17050,-41,/dev/serial/by-path/pci-0000:05:00.3-usb-0:2.1.3:1.0-port0
1790753700.0601,B,320,17099,-63,/dev/serial/by-path/pci-0000:05:00.3-usb-0:2.1.2:1.0-port0
1790753700.0603,C,324,17098,-39,/dev/serial/by-path/pci-0000:05:00.3-usb-0:2.1.3:1.0-port0
1790753700.0607,A,328,17105,-61,/dev/serial/by-path/pci-0000:05:00.3-usb-0:2.1.1:1.0-port0
1790753700.0998,A,329,17144,-56,/dev/serial/by-path/pci-0000:05:00.3-usb-0:2.1.1:1.0-port0
1790753700.1057,B,321,17144,-50,/dev/serial/by-path/pci-0000:05:00.3-usb-0:2.1.2:1.0-port0
1790753700.1059,C,325,17144,-41,/dev/serial/by-path/pci-0000:05:00.3-usb-0:2.1.3:1.0-port0
1790753700.1486,B,322,17188,-49,/dev/serial/by-path/pci-0000:05:00.3-usb-0:2.1.2:1.0-port0
1790753700.1693,C,326,17207,-40,/dev/serial/by-path/pci-0000:05:00.3-usb-0:2.1.3:1.0-port0
1790753700.1784,A,330,17222,-59,/dev/serial/by-path/pci-0000:05:00.3-usb-0:2.1.1:1.0-port0
1790753700.1956,C,327,17234,-39,/dev/serial/by-path/pci-0000:05:00.3-usb-0:2.1.3:1.0-port0
1790753700.1959,B,323,17235,-63,/dev/serial/by-path/pci-0000:05:00.3-usb-0:2.1.2:1.0-port0
1790753700.2362,A,331,17280,-61,/dev/serial/by-path/pci-0000:05:00.3-usb-0:2.1.1:1.0-port0
1790753700.2376,B,324,17276,-50,/dev/serial/by-path/pci-0000:05:00.3-usb-0:2.1.2:1.0-port0
1790753700.2858,A,332,17330,-57,/dev/serial/by-path/pci-0000:05:00.3-usb-0:2.1.1:1.0-port0
1790753700.2863,C,328,17324,-42,/dev/serial/by-path/pci-0000:05:00.3-usb-0:2.1.3:1.0-port0
1790753700.2866,B,325,17326,-48,/dev/serial/by-path/pci-0000:05:00.3-usb-0:2.1.2:1.0-port0
1790753700.3691,B,326,17408,-63,/dev/serial/by-path/pci-0000:05:00.3-usb-0:2.1.2:1.0-port0
1790753700.3864,A,333,17430,-61,/dev/serial/by-path/pci-0000:05:00.3-usb-0:2.1.1:1.0-port0
1790753700.3882,C,329,17426,-39,/dev/serial/by-path/pci-0000:05:00.3-usb-0:2.1.3:1.0-port0
1790753700.4072,B,327,17446,-50,/dev/serial/by-path/pci-0000:05:00.3-usb-0:2.1.2:1.0-port0
1790753700.4161,C,330,17454,-42,/dev/serial/by-path/pci-0000:05:00.3-usb-0:2.1.3:1.0-port0
1790753700.4360,A,334,17480,-57,/dev/serial/by-path/pci-0000:05:00.3-usb-0:2.1.1:1.0-port0
1790753700.4522,B,328,17491,-50,/dev/serial/by-path/pci-0000:05:00.3-usb-0:2.1.2:1.0-port0
1790753700.4566,C,331,17495,-41,/dev/serial/by-path/pci-0000:05:00.3-usb-0:2.1.3:1.0-port0
1790753700.4718,A,335,17516,-57,/dev/serial/by-path/pci-0000:05:00.3-usb-0:2.1.1:1.0-port0
1790753700.5026,A,336,17546,-60,/dev/serial/by-path/pci-0000:05:00.3-usb-0:2.1.1:1.0-port0
1790753700.5029,C,332,17541,-39,/dev/serial/by-path/pci-0000:05:00.3-usb-0:2.1.3:1.0-port0
1790753700.5033,B,329,17541,-63,/dev/serial/by-path/pci-0000:05:00.3-usb-0:2.1.2:1.0-port0
1790753700.5492,B,330,17588,-50,/dev/serial/by-path/pci-0000:05:00.3-usb-0:2.1.2:1.0-port0
1790753700.5502,A,337,17594,-57,/dev/serial/by-path/pci-0000:05:00.3-usb-0:2.1.1:1.0-port0
1790753700.5880,C,333,17626,-41,/dev/serial/by-path/pci-0000:05:00.3-usb-0:2.1.3:1.0-port0
1790753700.5974,B,331,17637,-48,/dev/serial/by-path/pci-0000:05:00.3-usb-0:2.1.2:1.0-port0
1790753700.5981,C,334,17637,-39,/dev/serial/by-path/pci-0000:05:00.3-usb-0:2.1.3:1.0-port0
1790753700.5985,A,338,17643,-57,/dev/serial/by-path/pci-0000:05:00.3-usb-0:2.1.1:1.0-port0
1790753700.6466,A,339,17691,-61,/dev/serial/by-path/pci-0000:05:00.3-usb-0:2.1.1:1.0-port0
1790753700.6472,B,332,17686,-62,/dev/serial/by-path/pci-0000:05:00.3-usb-0:2.1.2:1.0-port0
1790753700.6863,C,335,17726,-39,/dev/serial/by-path/pci-0000:05:00.3-usb-0:2.1.3:1.0-port0
1790753700.6890,C,336,17726,-39,/dev/serial/by-path/pci-0000:05:00.3-usb-0:2.1.3:1.0-port0
1790753700.7051,B,333,17744,-50,/dev/serial/by-path/pci-0000:05:00.3-usb-0:2.1.2:1.0-port0
1790753700.7269,C,337,17765,-42,/dev/serial/by-path/pci-0000:05:00.3-usb-0:2.1.3:1.0-port0
1790753700.7294,B,334,17768,-50,/dev/serial/by-path/pci-0000:05:00.3-usb-0:2.1.2:1.0-port0
1790753700.7314,A,340,17775,-57,/dev/serial/by-path/pci-0000:05:00.3-usb-0:2.1.1:1.0-port0
1790753700.7750,C,338,17813,-41,/dev/serial/by-path/pci-0000:05:00.3-usb-0:2.1.3:1.0-port0
1790753700.7754,A,341,17820,-57,/dev/serial/by-path/pci-0000:05:00.3-usb-0:2.1.1:1.0-port0
1790753700.7803,B,335,17818,-49,/dev/serial/by-path/pci-0000:05:00.3-usb-0:2.1.2:1.0-port0
1790753700.8186,B,336,17857,-62,/dev/serial/by-path/pci-0000:05:00.3-usb-0:2.1.2:1.0-port0
1790753700.8187,A,342,17862,-61,/dev/serial/by-path/pci-0000:05:00.3-usb-0:2.1.1:1.0-port0
1790753700.8384,C,339,17876,-39,/dev/serial/by-path/pci-0000:05:00.3-usb-0:2.1.3:1.0-port0
1790753700.8604,B,337,17899,-50,/dev/serial/by-path/pci-0000:05:00.3-usb-0:2.1.2:1.0-port0
1790753700.8607,C,340,17898,-42,/dev/serial/by-path/pci-0000:05:00.3-usb-0:2.1.3:1.0-port0
1790753700.8611,A,343,17904,-57,/dev/serial/by-path/pci-0000:05:00.3-usb-0:2.1.1:1.0-port0
1790753700.9010,C,341,17939,-40,/dev/serial/by-path/pci-0000:05:00.3-usb-0:2.1.3:1.0-port0
1790753700.9108,B,338,17950,-49,/dev/serial/by-path/pci-0000:05:00.3-usb-0:2.1.2:1.0-port0
1790753700.9109,A,344,17955,-59,/dev/serial/by-path/pci-0000:05:00.3-usb-0:2.1.1:1.0-port0
1790753700.9466,B,339,17986,-63,/dev/serial/by-path/pci-0000:05:00.3-usb-0:2.1.2:1.0-port0
1790753700.9869,A,345,18031,-60,/dev/serial/by-path/pci-0000:05:00.3-usb-0:2.1.1:1.0-port0
1790753700.9881,C,342,18026,-38,/dev/serial/by-path/pci-0000:05:00.3-usb-0:2.1.3:1.0-port0
1790753701.0106,B,340,18050,-50,/dev/serial/by-path/pci-0000:05:00.3-usb-0:2.1.2:1.0-port0
1790753701.0109,A,346,18055,-57,/dev/serial/by-path/pci-0000:05:00.3-usb-0:2.1.1:1.0-port0
1790753701.0363,A,347,18080,-57,/dev/serial/by-path/pci-0000:05:00.3-usb-0:2.1.1:1.0-port0
1790753701.0366,C,343,18075,-42,/dev/serial/by-path/pci-0000:05:00.3-usb-0:2.1.3:1.0-port0
1790753701.0477,B,341,18087,-49,/dev/serial/by-path/pci-0000:05:00.3-usb-0:2.1.2:1.0-port0
1790753701.0812,A,348,18125,-57,/dev/serial/by-path/pci-0000:05:00.3-usb-0:2.1.1:1.0-port0
1790753701.0883,C,344,18126,-40,/dev/serial/by-path/pci-0000:05:00.3-usb-0:2.1.3:1.0-port0
1790753701.1315,A,349,18175,-61,/dev/serial/by-path/pci-0000:05:00.3-usb-0:2.1.1:1.0-port0
1790753701.1316,C,345,18169,-39,/dev/serial/by-path/pci-0000:05:00.3-usb-0:2.1.3:1.0-port0
1790753701.1790,C,346,18217,-42,/dev/serial/by-path/pci-0000:05:00.3-usb-0:2.1.3:1.0-port0
1790753701.1793,B,342,18219,-50,/dev/serial/by-path/pci-0000:05:00.3-usb-0:2.1.2:1.0-port0
1790753701.1861,A,350,18230,-57,/dev/serial/by-path/pci-0000:05:00.3-usb-0:2.1.1:1.0-port0
1790753701.2295,B,343,18268,-49,/dev/serial/by-path/pci-0000:05:00.3-usb-0:2.1.2:1.0-port0
1790753701.2366,A,351,18280,-58,/dev/serial/by-path/pci-0000:05:00.3-usb-0:2.1.1:1.0-port0
1790753701.2384,C,347,18276,-40,/dev/serial/by-path/pci-0000:05:00.3-usb-0:2.1.3:1.0-port0
1790753701.2797,B,344,18318,-63,/dev/serial/by-path/pci-0000:05:00.3-usb-0:2.1.2:1.0-port0
1790753701.2853,A,352,18330,-60,/dev/serial/by-path/pci-0000:05:00.3-usb-0:2.1.1:1.0-port0
1790753701.2886,C,348,18326,-39,/dev/serial/by-path/pci-0000:05:00.3-usb-0:2.1.3:1.0-port0
1790753701.3271,C,349,18365,-42,/dev/serial/by-path/pci-0000:05:00.3-usb-0:2.1.3:1.0-port0
1790753701.3276,A,353,18371,-56,/dev/serial/by-path/pci-0000:05:00.3-usb-0:2.1.1:1.0-port0
1790753701.3277,B,345,18366,-53,/dev/serial/by-path/pci-0000:05:00.3-usb-0:2.1.2:1.0-port0
1790753701.3797,B,346,18418,-49,/dev/serial/by-path/pci-0000:05:00.3-usb-0:2.1.2:1.0-port0
1790753701.3863,A,354,18430,-57,/dev/serial/by-path/pci-0000:05:00.3-usb-0:2.1.1:1.0-port0
1790753701.3882,C,350,18426,-41,/dev/serial/by-path/pci-0000:05:00.3-usb-0:2.1.3:1.0-port0
1790753701.4180,B,347,18457,-63,/dev/serial/by-path/pci-0000:05:00.3-usb-0:2.1.2:1.0-port0
1790753701.4183,C,351,18456,-38,/dev/serial/by-path/pci-0000:05:00.3-usb-0:2.1.3:1.0-port0
1790753701.4187,A,355,18462,-60,/dev/serial/by-path/pci-0000:05:00.3-usb-0:2.1.1:1.0-port0
1790753701.4649,C,352,18503,-42,/dev/serial/by-path/pci-0000:05:00.3-usb-0:2.1.3:1.0-port0
1790753701.4715,A,356,18516,-57,/dev/serial/by-path/pci-0000:05:00.3-usb-0:2.1.1:1.0-port0
1790753701.4718,B,348,18511,-49,/dev/serial/by-path/pci-0000:05:00.3-usb-0:2.1.2:1.0-port0
1790753701.5228,A,357,18566,-57,/dev/serial/by-path/pci-0000:05:00.3-usb-0:2.1.1:1.0-port0
1790753701.5539,B,349,18592,-62,/dev/serial/by-path/pci-0000:05:00.3-usb-0:2.1.2:1.0-port0
1790753701.5543,A,358,18598,-60,/dev/serial/by-path/pci-0000:05:00.3-usb-0:2.1.1:1.0-port0
1790753701.5613,C,353,18600,-38,/dev/serial/by-path/pci-0000:05:00.3-usb-0:2.1.3:1.0-port0
1790753701.5916,A,359,18636,-57,/dev/serial/by-path/pci-0000:05:00.3-usb-0:2.1.1:1.0-port0
1790753701.5918,B,350,18630,-50,/dev/serial/by-path/pci-0000:05:00.3-usb-0:2.1.2:1.0-port0
1790753701.6338,C,354,18672,-42,/dev/serial/by-path/pci-0000:05:00.3-usb-0:2.1.3:1.0-port0
1790753701.6340,A,360,18678,-56,/dev/serial/by-path/pci-0000:05:00.3-usb-0:2.1.1:1.0-port0
1790753701.6734,B,351,18713,-49,/dev/serial/by-path/pci-0000:05:00.3-usb-0:2.1.2:1.0-port0
1790753701.6772,B,352,18716,-48,/dev/serial/by-path/pci-0000:05:00.3-usb-0:2.1.2:1.0-port0
1790753701.6773,A,361,18721,-59,/dev/serial/by-path/pci-0000:05:00.3-usb-0:2.1.1:1.0-port0
1790753701.6798,C,355,18719,-40,/dev/serial/by-path/pci-0000:05:00.3-usb-0:2.1.3:1.0-port0
1790753701.7297,B,353,18768,-63,/dev/serial/by-path/pci-0000:05:00.3-usb-0:2.1.2:1.0-port0
1790753701.7362,A,362,18780,-61,/dev/serial/by-path/pci-0000:05:00.3-usb-0:2.1.1:1.0-port0
1790753701.7386,C,356,18777,-39,/dev/serial/by-path/pci-0000:05:00.3-usb-0:2.1.3:1.0-port0
1790753701.7710,A,363,18815,-57,/dev/serial/by-path/pci-0000:05:00.3-usb-0:2.1.1:1.0-port0
1790753701.7768,C,357,18815,-42,/dev/serial/by-path/pci-0000:05:00.3-usb-0:2.1.3:1.0-port0
1790753701.7795,B,354,18818,-50,/dev/serial/by-path/pci-0000:05:00.3-usb-0:2.1.2:1.0-port0
1790753701.8161,C,358,18854,-41,/dev/serial/by-path/pci-0000:05:00.3-usb-0:2.1.3:1.0-port0
1790753701.8252,B,355,18864,-49,/dev/serial/by-path/pci-0000:05:00.3-usb-0:2.1.2:1.0-port0
1790753701.8337,A,364,18878,-57,/dev/serial/by-path/pci-0000:05:00.3-usb-0:2.1.1:1.0-port0
1790753701.8577,B,356,18897,-63,/dev/serial/by-path/pci-0000:05:00.3-usb-0:2.1.2:1.0-port0
1790753701.8594,A,365,18903,-60,/dev/serial/by-path/pci-0000:05:00.3-usb-0:2.1.1:1.0-port0
1790753701.8599,C,359,18898,-39,/dev/serial/by-path/pci-0000:05:00.3-usb-0:2.1.3:1.0-port0
1790753701.8968,C,360,18935,-42,/dev/serial/by-path/pci-0000:05:00.3-usb-0:2.1.3:1.0-port0
1790753701.8970,B,357,18935,-50,/dev/serial/by-path/pci-0000:05:00.3-usb-0:2.1.2:1.0-port0
1790753701.8973,A,366,18940,-57,/dev/serial/by-path/pci-0000:05:00.3-usb-0:2.1.1:1.0-port0
1790753701.9675,C,361,19006,-40,/dev/serial/by-path/pci-0000:05:00.3-usb-0:2.1.3:1.0-port0
1790753701.9684,A,367,19012,-58,/dev/serial/by-path/pci-0000:05:00.3-usb-0:2.1.1:1.0-port0
1790753702.0094,C,362,19047,-39,/dev/serial/by-path/pci-0000:05:00.3-usb-0:2.1.3:1.0-port0
1790753702.0096,A,368,19053,-61,/dev/serial/by-path/pci-0000:05:00.3-usb-0:2.1.1:1.0-port0
1790753702.0666,B,358,19106,-50,/dev/serial/by-path/pci-0000:05:00.3-usb-0:2.1.2:1.0-port0
1790753702.0861,A,369,19130,-57,/dev/serial/by-path/pci-0000:05:00.3-usb-0:2.1.1:1.0-port0
1790753702.0873,C,363,19125,-42,/dev/serial/by-path/pci-0000:05:00.3-usb-0:2.1.3:1.0-port0
1790753702.0909,B,359,19130,-48,/dev/serial/by-path/pci-0000:05:00.3-usb-0:2.1.2:1.0-port0
1790753702.1364,A,370,19180,-57,/dev/serial/by-path/pci-0000:05:00.3-usb-0:2.1.1:1.0-port0
1790753702.1384,C,364,19177,-41,/dev/serial/by-path/pci-0000:05:00.3-usb-0:2.1.3:1.0-port0
1790753702.1387,B,360,19178,-61,/dev/serial/by-path/pci-0000:05:00.3-usb-0:2.1.2:1.0-port0
1790753702.1785,A,371,19223,-61,/dev/serial/by-path/pci-0000:05:00.3-usb-0:2.1.1:1.0-port0
1790753702.1792,B,361,19218,-62,/dev/serial/by-path/pci-0000:05:00.3-usb-0:2.1.2:1.0-port0
1790753702.1891,C,365,19226,-39,/dev/serial/by-path/pci-0000:05:00.3-usb-0:2.1.3:1.0-port0
1790753702.2223,A,372,19266,-57,/dev/serial/by-path/pci-0000:05:00.3-usb-0:2.1.1:1.0-port0
1790753702.2228,C,366,19260,-41,/dev/serial/by-path/pci-0000:05:00.3-usb-0:2.1.3:1.0-port0
1790753702.2298,B,362,19269,-50,/dev/serial/by-path/pci-0000:05:00.3-usb-0:2.1.2:1.0-port0
1790753702.2757,B,363,19315,-48,/dev/serial/by-path/pci-0000:05:00.3-usb-0:2.1.2:1.0-port0
1790753702.2762,C,367,19314,-41,/dev/serial/by-path/pci-0000:05:00.3-usb-0:2.1.3:1.0-port0
1790753702.2854,A,373,19330,-57,/dev/serial/by-path/pci-0000:05:00.3-usb-0:2.1.1:1.0-port0
1790753702.3186,B,364,19358,-61,/dev/serial/by-path/pci-0000:05:00.3-usb-0:2.1.2:1.0-port0
1790753702.3363,A,374,19380,-60,/dev/serial/by-path/pci-0000:05:00.3-usb-0:2.1.1:1.0-port0
1790753702.3381,C,368,19376,-76,/dev/serial/by-path/pci-0000:05:00.3-usb-0:2.1.3:1.0-port0
1790753702.3578,A,375,19402,-56,/dev/serial/by-path/pci-0000:05:00.3-usb-0:2.1.1:1.0-port0
1790753702.3758,C,369,19414,-42,/dev/serial/by-path/pci-0000:05:00.3-usb-0:2.1.3:1.0-port0
1790753702.3761,B,365,19415,-50,/dev/serial/by-path/pci-0000:05:00.3-usb-0:2.1.2:1.0-port0
1790753702.4110,C,370,19449,-40,/dev/serial/by-path/pci-0000:05:00.3-usb-0:2.1.3:1.0-port0
1790753702.4112,B,366,19450,-49,/dev/serial/by-path/pci-0000:05:00.3-usb-0:2.1.2:1.0-port0
1790753702.4225,A,376,19466,-57,/dev/serial/by-path/pci-0000:05:00.3-usb-0:2.1.1:1.0-port0
1790753702.4504,C,371,19488,-38,/dev/serial/by-path/pci-0000:05:00.3-usb-0:2.1.3:1.0-port0
1790753702.4508,B,367,19489,-62,/dev/serial/by-path/pci-0000:05:00.3-usb-0:2.1.2:1.0-port0
1790753702.4775,A,377,19521,-60,/dev/serial/by-path/pci-0000:05:00.3-usb-0:2.1.1:1.0-port0
