t_pc,id,seq,ms,rssi,port
1790753704.2463,A,0,984,-57,/dev/serial/by-path/pci-0000:05:00.3-usb-0:2.1.1:1.0-port0
1790753704.2945,A,1,1033,-58,/dev/serial/by-path/pci-0000:05:00.3-usb-0:2.1.1:1.0-port0
1790753704.3446,A,2,1083,-60,/dev/serial/by-path/pci-0000:05:00.3-usb-0:2.1.1:1.0-port0
1790753704.4450,A,3,1183,-57,/dev/serial/by-path/pci-0000:05:00.3-usb-0:2.1.1:1.0-port0
1790753704.4887,A,4,1228,-61,/dev/serial/by-path/pci-0000:05:00.3-usb-0:2.1.1:1.0-port0
1790753704.5447,A,5,1283,-57,/dev/serial/by-path/pci-0000:05:00.3-usb-0:2.1.1:1.0-port0
1790753704.5765,A,6,1315,-57,/dev/serial/by-path/pci-0000:05:00.3-usb-0:2.1.1:1.0-port0
1790753704.6445,A,7,1383,-61,/dev/serial/by-path/pci-0000:05:00.3-usb-0:2.1.1:1.0-port0
1790753704.6485,B,0,1382,-50,/dev/serial/by-path/pci-0000:05:00.3-usb-0:2.1.2:1.0-port0
1790753704.6914,C,0,1424,-42,/dev/serial/by-path/pci-0000:05:00.3-usb-0:2.1.3:1.0-port0
1790753704.6915,A,8,1430,-57,/dev/serial/by-path/pci-0000:05:00.3-usb-0:2.1.1:1.0-port0
1790753704.6966,B,1,1430,-50,/dev/serial/by-path/pci-0000:05:00.3-usb-0:2.1.2:1.0-port0
1790753704.7417,A,9,1480,-57,/dev/serial/by-path/pci-0000:05:00.3-usb-0:2.1.1:1.0-port0
1790753704.7418,C,1,1473,-40,/dev/serial/by-path/pci-0000:05:00.3-usb-0:2.1.3:1.0-port0
1790753704.7876,B,2,1521,-62,/dev/serial/by-path/pci-0000:05:00.3-usb-0:2.1.2:1.0-port0
1790753704.7916,C,2,1523,-38,/dev/serial/by-path/pci-0000:05:00.3-usb-0:2.1.3:1.0-port0
1790753704.7942,A,10,1533,-61,/dev/serial/by-path/pci-0000:05:00.3-usb-0:2.1.1:1.0-port0
1790753704.8381,B,3,1571,-49,/dev/serial/by-path/pci-0000:05:00.3-usb-0:2.1.2:1.0-port0
1790753704.8417,C,3,1574,-42,/dev/serial/by-path/pci-0000:05:00.3-usb-0:2.1.3:1.0-port0
1790753704.8447,A,11,1583,-57,/dev/serial/by-path/pci-0000:05:00.3-usb-0:2.1.1:1.0-port0
1790753704.8742,B,4,1607,-48,/dev/serial/by-path/pci-0000:05:00.3-usb-0:2.1.2:1.0-port0
1790753704.8748,A,12,1613,-57,/dev/serial/by-path/pci-0000:05:00.3-usb-0:2.1.1:1.0-port0
1790753704.8749,C,4,1606,-41,/dev/serial/by-path/pci-0000:05:00.3-usb-0:2.1.3:1.0-port0
1790753704.9269,C,5,1659,-39,/dev/serial/by-path/pci-0000:05:00.3-usb-0:2.1.3:1.0-port0
1790753704.9272,A,13,1666,-62,/dev/serial/by-path/pci-0000:05:00.3-usb-0:2.1.1:1.0-port0
1790753704.9375,B,5,1671,-63,/dev/serial/by-path/pci-0000:05:00.3-usb-0:2.1.2:1.0-port0
1790753704.9903,B,6,1721,-50,/dev/serial/by-path/pci-0000:05:00.3-usb-0:2.1.2:1.0-port0
1790753704.9909,C,6,1723,-42,/dev/serial/by-path/pci-0000:05:00.3-usb-0:2.1.3:1.0-port0
1790753704.9945,A,14,1733,-57,/dev/serial/by-path/pci-0000:05:00.3-usb-0:2.1.1:1.0-port0
1790753705.0199,A,15,1758,-57,/dev/serial/by-path/pci-0000:05:00.3-usb-0:2.1.1:1.0-port0
1790753705.0201,C,7,1752,-40,/dev/serial/by-path/pci-0000:05:00.3-usb-0:2.1.3:1.0-port0
1790753705.0205,B,7,1753,-49,/dev/serial/by-path/pci-0000:05:00.3-usb-0:2.1.2:1.0-port0
1790753705.0877,B,8,1821,-64,/dev/serial/by-path/pci-0000:05:00.3-usb-0:2.1.2:1.0-port0
1790753705.0911,C,8,1823,-38,/dev/serial/by-path/pci-0000:05:00.3-usb-0:2.1.3:1.0-port0
1790753705.0947,A,16,1833,-61,/dev/serial/by-path/pci-0000:05:00.3-usb-0:2.1.1:1.0-port0
1790753705.1133,B,9,1847,-49,/dev/serial/by-path/pci-0000:05:00.3-usb-0:2.1.2:1.0-port0
1790753705.1136,A,17,1852,-56,/dev/serial/by-path/pci-0000:05:00.3-usb-0:2.1.1:1.0-port0
1790753705.1139,C,9,1846,-42,/dev/serial/by-path/pci-0000:05:00.3-usb-0:2.1.3:1.0-port0
1790753705.1642,C,10,1896,-41,/dev/serial/by-path/pci-0000:05:00.3-usb-0:2.1.3:1.0-port0
1790753705.1643,B,10,1897,-48,/dev/serial/by-path/pci-0000:05:00.3-usb-0:2.1.2:1.0-port0
1790753705.1912,C,11,1923,-41,/dev/serial/by-path/pci-0000:05:00.3-usb-0:2.1.3:1.0-port0
1790753705.1963,A,18,1933,-57,/dev/serial/by-path/pci-0000:05:00.3-usb-0:2.1.1:1.0-port0
1790753705.2047,B,11,1938,-62,/dev/serial/by-path/pci-0000:05:00.3-usb-0:2.1.2:1.0-port0
1790753705.2372,A,19,1975,-60,/dev/serial/by-path/pci-0000:05:00.3-usb-0:2.1.1:1.0-port0
1790753705.2376,B,12,1971,-63,/dev/serial/by-path/pci-0000:05:00.3-usb-0:2.1.2:1.0-port0
1790753705.2418,C,12,1973,-39,/dev/serial/by-path/pci-0000:05:00.3-usb-0:2.1.3:1.0-port0
1790753705.2882,B,13,2021,-50,/dev/serial/by-path/pci-0000:05:00.3-usb-0:2.1.2:1.0-port0
1790753705.2918,C,13,2023,-42,/dev/serial/by-path/pci-0000:05:00.3-usb-0:2.1.3:1.0-port0
1790753705.2946,A,20,2033,-57,/dev/serial/by-path/pci-0000:05:00.3-usb-0:2.1.1:1.0-port0
1790753705.3337,A,21,2072,-57,/dev/serial/by-path/pci-0000:05:00.3-usb-0:2.1.1:1.0-port0
1790753705.3342,B,14,2067,-48,/dev/serial/by-path/pci-0000:05:00.3-usb-0:2.1.2:1.0-port0
1790753705.3417,C,14,2074,-40,/dev/serial/by-path/pci-0000:05:00.3-usb-0:2.1.3:1.0-port0
1790753705.3803,B,15,2114,-64,/dev/serial/by-path/pci-0000:05:00.3-usb-0:2.1.2:1.0-port0
1790753705.3917,C,15,2123,-39,/dev/serial/by-path/pci-0000:05:00.3-usb-0:2.1.3:1.0-port0
1790753705.3949,A,22,2134,-60,/dev/serial/by-path/pci-0000:05:00.3-usb-0:2.1.1:1.0-port0
1790753705.4279,B,16,2161,-50,/dev/serial/by-path/pci-0000:05:00.3-usb-0:2.1.2:1.0-port0
1790753705.4421,C,16,2173,-42,/dev/serial/by-path/pci-0000:05:00.3-usb-0:2.1.3:1.0-port0
1790753705.4446,A,23,2183,-57,/dev/serial/by-path/pci-0000:05:00.3-usb-0:2.1.1:1.0-port0
1790753705.4740,B,17,2207,-49,/dev/serial/by-path/pci-0000:05:00.3-usb-0:2.1.2:1.0-port0
1790753705.4743,C,17,2206,-40,/dev/serial/by-path/pci-0000:05:00.3-usb-0:2.1.3:1.0-port0
1790753705.4840,A,24,2223,-57,/dev/serial/by-path/pci-0000:05:00.3-usb-0:2.1.1:1.0-port0
1790753705.5372,A,25,2276,-60,/dev/serial/by-path/pci-0000:05:00.3-usb-0:2.1.1:1.0-port0
1790753705.5375,B,18,2270,-62,/dev/serial/by-path/pci-0000:05:00.3-usb-0:2.1.2:1.0-port0
1790753705.5379,C,18,2269,-37,/dev/serial/by-path/pci-0000:05:00.3-usb-0:2.1.3:1.0-port0
1790753705.5878,B,19,2321,-50,/dev/serial/by-path/pci-0000:05:00.3-usb-0:2.1.2:1.0-port0
1790753705.5911,C,19,2323,-42,/dev/serial/by-path/pci-0000:05:00.3-usb-0:2.1.3:1.0-port0
1790753705.5953,A,26,2334,-57,/dev/serial/by-path/pci-0000:05:00.3-usb-0:2.1.1:1.0-port0
1790753705.6295,C,20,2361,-41,/dev/serial/by-path/pci-0000:05:00.3-usb-0:2.1.3:1.0-port0
1790753705.6296,A,27,2368,-57,/dev/serial/by-path/pci-0000:05:00.3-usb-0:2.1.1:1.0-port0
1790753705.6391,B,20,2371,-48,/dev/serial/by-path/pci-0000:05:00.3-usb-0:2.1.2:1.0-port0
1790753705.6842,A,28,2423,-60,/dev/serial/by-path/pci-0000:05:00.3-usb-0:2.1.1:1.0-port0
1790753705.6843,B,21,2417,-63,/dev/serial/by-path/pci-0000:05:00.3-usb-0:2.1.2:1.0-port0
1790753705.6847,C,21,2417,-39,/dev/serial/by-path/pci-0000:05:00.3-usb-0:2.1.3:1.0-port0
1790753705.7108,B,22,2444,-50,/dev/serial/by-path/pci-0000:05:00.3-usb-0:2.1.2:1.0-port0
1790753705.7138,C,22,2446,-42,/dev/serial/by-path/pci-0000:05:00.3-usb-0:2.1.3:1.0-port0
1790753705.7140,A,29,2453,-57,/dev/serial/by-path/pci-0000:05:00.3-usb-0:2.1.1:1.0-port0
1790753705.7564,B,23,2489,-48,/dev/serial/by-path/pci-0000:05:00.3-usb-0:2.1.2:1.0-port0
1790753705.7566,C,23,2488,-40,/dev/serial/by-path/pci-0000:05:00.3-usb-0:2.1.3:1.0-port0
1790753705.7569,A,30,2496,-59,/dev/serial/by-path/pci-0000:05:00.3-usb-0:2.1.1:1.0-port0
1790753705.8375,B,24,2571,-63,/dev/serial/by-path/pci-0000:05:00.3-usb-0:2.1.2:1.0-port0
1790753705.8412,C,24,2574,-38,/dev/serial/by-path/pci-0000:05:00.3-usb-0:2.1.3:1.0-port0
1790753705.8447,A,31,2583,-60,/dev/serial/by-path/pci-0000:05:00.3-usb-0:2.1.1:1.0-port0
1790753705.8467,B,25,2580,-50,/dev/serial/by-path/pci-0000:05:00.3-usb-0:2.1.2:1.0-port0
1790753705.8841,C,25,2616,-42,/dev/serial/by-path/pci-0000:05:00.3-usb-0:2.1.3:1.0-port0
1790753705.8846,B,26,2618,-50,/dev/serial/by-path/pci-0000:05:00.3-usb-0:2.1.2:1.0-port0
1790753705.8847,A,32,2623,-57,/dev/serial/by-path/pci-0000:05:00.3-usb-0:2.1.1:1.0-port0
1790753705.9377,B,27,2671,-48,/dev/serial/by-path/pci-0000:05:00.3-usb-0:2.1.2:1.0-port0
1790753705.9411,C,26,2673,-40,/dev/serial/by-path/pci-0000:05:00.3-usb-0:2.1.3:1.0-port0
1790753705.9441,A,33,2683,-57,/dev/serial/by-path/pci-0000:05:00.3-usb-0:2.1.1:1.0-port0
1790753705.9697,B,28,2703,-63,/dev/serial/by-path/pci-0000:05:00.3-usb-0:2.1.2:1.0-port0
1790753705.9917,C,27,2724,-39,/dev/serial/by-path/pci-0000:05:00.3-usb-0:2.1.3:1.0-port0
1790753705.9946,A,34,2733,-59,/dev/serial/by-path/pci-0000:05:00.3-usb-0:2.1.1:1.0-port0
1790753706.0106,C,28,2743,-41,/dev/serial/by-path/pci-0000:05:00.3-usb-0:2.1.3:1.0-port0
1790753706.0107,B,29,2744,-50,/dev/serial/by-path/pci-0000:05:00.3-usb-0:2.1.2:1.0-port0
1790753706.0112,A,35,2750,-57,/dev/serial/by-path/pci-0000:05:00.3-usb-0:2.1.1:1.0-port0
1790753706.0565,A,36,2795,-57,/dev/serial/by-path/pci-0000:05:00.3-usb-0:2.1.1:1.0-port0
1790753706.0571,C,29,2789,-40,/dev/serial/by-path/pci-0000:05:00.3-usb-0:2.1.3:1.0-port0
1790753706.0574,B,30,2790,-48,/dev/serial/by-path/pci-0000:05:00.3-usb-0:2.1.2:1.0-port0
1790753706.1377,B,31,2871,-63,/dev/serial/by-path/pci-0000:05:00.3-usb-0:2.1.2:1.0-port0
1790753706.1411,C,30,2874,-39,/dev/serial/by-path/pci-0000:05:00.3-usb-0:2.1.3:1.0-port0
1790753706.1441,A,37,2883,-60,/dev/serial/by-path/pci-0000:05:00.3-usb-0:2.1.1:1.0-port0
1790753706.1621,C,31,2894,-42,/dev/serial/by-path/pci-0000:05:00.3-usb-0:2.1.3:1.0-port0
1790753706.1624,A,38,2901,-56,/dev/serial/by-path/pci-0000:05:00.3-usb-0:2.1.1:1.0-port0
1790753706.1627,B,32,2896,-50,/dev/serial/by-path/pci-0000:05:00.3-usb-0:2.1.2:1.0-port0
1790753706.2220,C,32,2954,-41,/dev/serial/by-path/pci-0000:05:00.3-usb-0:2.1.3:1.0-port0
1790753706.2375,B,33,2971,-48,/dev/serial/by-path/pci-0000:05:00.3-usb-0:2.1.2:1.0-port0
1790753706.2385,A,39,2977,-58,/dev/serial/by-path/pci-0000:05:00.3-usb-0:2.1.1:1.0-port0
1790753706.2497,B,34,2982,-62,/dev/serial/by-path/pci-0000:05:00.3-usb-0:2.1.2:1.0-port0
1790753706.2678,A,40,3006,-59,/dev/serial/by-path/pci-0000:05:00.3-usb-0:2.1.1:1.0-port0
1790753706.2680,C,33,3000,-37,/dev/serial/by-path/pci-0000:05:00.3-usb-0:2.1.3:1.0-port0
1790753706.2912,C,34,3024,-38,/dev/serial/by-path/pci-0000:05:00.3-usb-0:2.1.3:1.0-port0
1790753706.2915,A,41,3030,-60,/dev/serial/by-path/pci-0000:05:00.3-usb-0:2.1.1:1.0-port0
1790753706.3387,A,42,3077,-57,/dev/serial/by-path/pci-0000:05:00.3-usb-0:2.1.1:1.0-port0
1790753706.3417,C,35,3073,-42,/dev/serial/by-path/pci-0000:05:00.3-usb-0:2.1.3:1.0-port0
1790753706.3878,B,35,3121,-49,/dev/serial/by-path/pci-0000:05:00.3-usb-0:2.1.2:1.0-port0
1790753706.3883,C,36,3121,-41,/dev/serial/by-path/pci-0000:05:00.3-usb-0:2.1.3:1.0-port0
1790753706.4267,B,36,3160,-63,/dev/serial/by-path/pci-0000:05:00.3-usb-0:2.1.2:1.0-port0
1790753706.4411,C,37,3173,-38,/dev/serial/by-path/pci-0000:05:00.3-usb-0:2.1.3:1.0-port0
1790753706.4449,A,43,3183,-61,/dev/serial/by-path/pci-0000:05:00.3-usb-0:2.1.1:1.0-port0
1790753706.4723,A,44,3211,-57,/dev/serial/by-path/pci-0000:05:00.3-usb-0:2.1.1:1.0-port0
1790753706.4726,B,37,3205,-50,/dev/serial/by-path/pci-0000:05:00.3-usb-0:2.1.2:1.0-port0
1790753706.4729,C,38,3204,-41,/dev/serial/by-path/pci-0000:05:00.3-usb-0:2.1.3:1.0-port0
1790753706.5108,C,39,3243,-41,/dev/serial/by-path/pci-0000:05:00.3-usb-0:2.1.3:1.0-port0
1790753706.5112,A,45,3250,-57,/dev/serial/by-path/pci-0000:05:00.3-usb-0:2.1.1:1.0-port0
1790753706.5374,B,38,3271,-49,/dev/serial/by-path/pci-0000:05:00.3-usb-0:2.1.2:1.0-port0
1790753706.5609,C,40,3293,-39,/dev/serial/by-path/pci-0000:05:00.3-usb-0:2.1.3:1.0-port0
1790753706.5746,B,39,3308,-63,/dev/serial/by-path/pci-0000:05:00.3-usb-0:2.1.2:1.0-port0
1790753706.5751,A,46,3313,-60,/dev/serial/by-path/pci-0000:05:00.3-usb-0:2.1.1:1.0-port0
1790753706.6042,B,40,3337,-50,/dev/serial/by-path/pci-0000:05:00.3-usb-0:2.1.2:1.0-port0
1790753706.6068,C,41,3339,-42,/dev/serial/by-path/pci-0000:05:00.3-usb-0:2.1.3:1.0-port0
1790753706.6445,A,47,3383,-57,/dev/serial/by-path/pci-0000:05:00.3-usb-0:2.1.1:1.0-port0
1790753706.6840,B,41,3417,-49,/dev/serial/by-path/pci-0000:05:00.3-usb-0:2.1.2:1.0-port0
1790753706.6845,A,48,3423,-58,/dev/serial/by-path/pci-0000:05:00.3-usb-0:2.1.1:1.0-port0
1790753706.6848,C,42,3416,-40,/dev/serial/by-path/pci-0000:05:00.3-usb-0:2.1.3:1.0-port0
1790753706.7049,B,42,3438,-62,/dev/serial/by-path/pci-0000:05:00.3-usb-0:2.1.2:1.0-port0
1790753706.7410,C,43,3473,-37,/dev/serial/by-path/pci-0000:05:00.3-usb-0:2.1.3:1.0-port0
1790753706.7443,A,49,3483,-61,/dev/serial/by-path/pci-0000:05:00.3-usb-0:2.1.1:1.0-port0
1790753706.7487,C,44,3481,-42,/dev/serial/by-path/pci-0000:05:00.3-usb-0:2.1.3:1.0-port0
1790753706.7489,B,43,3481,-50,/dev/serial/by-path/pci-0000:05:00.3-usb-0:2.1.2:1.0-port0
1790753706.7832,A,50,3522,-57,/dev/serial/by-path/pci-0000:05:00.3-usb-0:2.1.1:1.0-port0
1790753706.7901,C,45,3522,-41,/dev/serial/by-path/pci-0000:05:00.3-usb-0:2.1.3:1.0-port0
1790753706.7911,A,51,3530,-57,/dev/serial/by-path/pci-0000:05:00.3-usb-0:2.1.1:1.0-port0
1790753706.8346,A,52,3573,-57,/dev/serial/by-path/pci-0000:05:00.3-usb-0:2.1.1:1.0-port0
1790753706.8374,B,44,3571,-52,/dev/serial/by-path/pci-0000:05:00.3-usb-0:2.1.2:1.0-port0
1790753706.8812,C,46,3613,-39,/dev/serial/by-path/pci-0000:05:00.3-usb-0:2.1.3:1.0-port0
1790753706.8818,A,53,3620,-61,/dev/serial/by-path/pci-0000:05:00.3-usb-0:2.1.1:1.0-port0
1790753706.8822,B,45,3615,-63,/dev/serial/by-path/pci-0000:05:00.3-usb-0:2.1.2:1.0-port0
1790753706.9376,B,46,3671,-50,/dev/serial/by-path/pci-0000:05:00.3-usb-0:2.1.2:1.0-port0
1790753706.9411,C,47,3673,-42,/dev/serial/by-path/pci-0000:05:00.3-usb-0:2.1.3:1.0-port0
1790753706.9448,A,54,3683,-57,/dev/serial/by-path/pci-0000:05:00.3-usb-0:2.1.1:1.0-port0
1790753706.9881,B,47,3721,-50,/dev/serial/by-path/pci-0000:05:00.3-usb-0:2.1.2:1.0-port0
1790753706.9919,C,48,3724,-40,/dev/serial/by-path/pci-0000:05:00.3-usb-0:2.1.3:1.0-port0
1790753706.9946,A,55,3733,-57,/dev/serial/by-path/pci-0000:05:00.3-usb-0:2.1.1:1.0-port0
1790753707.0164,C,49,3749,-39,/dev/serial/by-path/pci-0000:05:00.3-usb-0:2.1.3:1.0-port0
1790753707.0167,A,56,3755,-60,/dev/serial/by-path/pci-0000:05:00.3-usb-0:2.1.1:1.0-port0
1790753707.0192,B,48,3752,-63,/dev/serial/by-path/pci-0000:05:00.3-usb-0:2.1.2:1.0-port0
1790753707.0561,B,49,3789,-50,/dev/serial/by-path/pci-0000:05:00.3-usb-0:2.1.2:1.0-port0
1790753707.0565,A,57,3795,-57,/dev/serial/by-path/pci-0000:05:00.3-usb-0:2.1.1:1.0-port0
1790753707.0892,C,50,3821,-41,/dev/serial/by-path/pci-0000:05:00.3-usb-0:2.1.3:1.0-port0
1790753707.1084,B,50,3841,-50,/dev/serial/by-path/pci-0000:05:00.3-usb-0:2.1.2:1.0-port0
1790753707.1088,C,51,3841,-40,/dev/serial/by-path/pci-0000:05:00.3-usb-0:2.1.3:1.0-port0
1790753707.1091,A,58,3847,-59,/dev/serial/by-path/pci-0000:05:00.3-usb-0:2.1.1:1.0-port0
1790753707.1876,B,51,3921,-63,/dev/serial/by-path/pci-0000:05:00.3-usb-0:2.1.2:1.0-port0
1790753707.1912,C,52,3923,-39,/dev/serial/by-path/pci-0000:05:00.3-usb-0:2.1.3:1.0-port0
1790753707.1945,A,59,3933,-61,/dev/serial/by-path/pci-0000:05:00.3-usb-0:2.1.1:1.0-port0
1790753707.2090,B,52,3942,-50,/dev/serial/by-path/pci-0000:05:00.3-usb-0:2.1.2:1.0-port0
1790753707.2092,C,53,3941,-42,/dev/serial/by-path/pci-0000:05:00.3-usb-0:2.1.3:1.0-port0
1790753707.2458,A,60,3983,-56,/dev/serial/by-path/pci-0000:05:00.3-usb-0:2.1.1:1.0-port0
1790753707.2874,C,54,4020,-41,/dev/serial/by-path/pci-0000:05:00.3-usb-0:2.1.3:1.0-port0
1790753707.2874,C,55,4021,-41,/dev/serial/by-path/pci-0000:05:00.3-usb-0:2.1.3:1.0-port0
1790753707.2875,B,53,4021,-48,/dev/serial/by-path/pci-0000:05:00.3-usb-0:2.1.2:1.0-port0
1790753707.2945,A,61,4033,-57,/dev/serial/by-path/pci-0000:05:00.3-usb-0:2.1.1:1.0-port0
1790753707.3318,C,56,4064,-38,/dev/serial/by-path/pci-0000:05:00.3-usb-0:2.1.3:1.0-port0
1790753707.3327,A,62,4071,-61,/dev/serial/by-path/pci-0000:05:00.3-usb-0:2.1.1:1.0-port0
1790753707.3328,B,54,4066,-62,/dev/serial/by-path/pci-0000:05:00.3-usb-0:2.1.2:1.0-port0
1790753707.3743,B,55,4107,-49,/dev/serial/by-path/pci-0000:05:00.3-usb-0:2.1.2:1.0-port0
1790753707.3867,C,57,4119,-42,/dev/serial/by-path/pci-0000:05:00.3-usb-0:2.1.3:1.0-port0
1790753707.3943,A,63,4133,-57,/dev/serial/by-path/pci-0000:05:00.3-usb-0:2.1.1:1.0-port0
1790753707.4254,B,56,4159,-48,/dev/serial/by-path/pci-0000:05:00.3-usb-0:2.1.2:1.0-port0
1790753707.4406,C,58,4173,-40,/dev/serial/by-path/pci-0000:05:00.3-usb-0:2.1.3:1.0-port0
1790753707.4411,A,64,4179,-57,/dev/serial/by-path/pci-0000:05:00.3-usb-0:2.1.1:1.0-port0
1790753707.4748,B,57,4208,-63,/dev/serial/by-path/pci-0000:05:00.3-usb-0:2.1.2:1.0-port0
1790753707.4910,C,59,4223,-38,/dev/serial/by-path/pci-0000:05:00.3-usb-0:2.1.3:1.0-port0
1790753707.4945,A,65,4233,-61,/dev/serial/by-path/pci-0000:05:00.3-usb-0:2.1.1:1.0-port0
1790753707.5284,B,58,4262,-50,/dev/serial/by-path/pci-0000:05:00.3-usb-0:2.1.2:1.0-port0
1790753707.5288,C,60,4261,-41,/dev/serial/by-path/pci-0000:05:00.3-usb-0:2.1.3:1.0-port0
1790753707.5292,A,66,4268,-57,/dev/serial/by-path/pci-0000:05:00.3-usb-0:2.1.1:1.0-port0
1790753707.5562,B,59,4289,-48,/dev/serial/by-path/pci-0000:05:00.3-usb-0:2.1.2:1.0-port0
1790753707.5601,C,61,4292,-41,/dev/serial/by-path/pci-0000:05:00.3-usb-0:2.1.3:1.0-port0
1790753707.5945,A,67,4333,-57,/dev/serial/by-path/pci-0000:05:00.3-usb-0:2.1.1:1.0-port0
1790753707.6095,C,62,4342,-39,/dev/serial/by-path/pci-0000:05:00.3-usb-0:2.1.3:1.0-port0
1790753707.6098,B,60,4343,-63,/dev/serial/by-path/pci-0000:05:00.3-usb-0:2.1.2:1.0-port0
1790753707.6290,A,68,4368,-58,/dev/serial/by-path/pci-0000:05:00.3-usb-0:2.1.1:1.0-port0
1790753707.6445,B,61,4378,-50,/dev/serial/by-path/pci-0000:05:00.3-usb-0:2.1.2:1.0-port0
1790753707.6890,B,62,4421,-49,/dev/serial/by-path/pci-0000:05:00.3-usb-0:2.1.2:1.0-port0
1790753707.6894,C,63,4420,-41,/dev/serial/by-path/pci-0000:05:00.3-usb-0:2.1.3:1.0-port0
1790753707.6945,A,69,4433,-57,/dev/serial/by-path/pci-0000:05:00.3-usb-0:2.1.1:1.0-port0
1790753707.7320,C,64,4464,-40,/dev/serial/by-path/pci-0000:05:00.3-usb-0:2.1.3:1.0-port0
1790753707.7324,B,63,4466,-48,/dev/serial/by-path/pci-0000:05:00.3-usb-0:2.1.2:1.0-port0
1790753707.7414,A,70,4480,-57,/dev/serial/by-path/pci-0000:05:00.3-usb-0:2.1.1:1.0-port0
1790753707.7782,B,64,4511,-62,/dev/serial/by-path/pci-0000:05:00.3-usb-0:2.1.2:1.0-port0
1790753707.7913,C,65,4523,-38,/dev/serial/by-path/pci-0000:05:00.3-usb-0:2.1.3:1.0-port0
1790753707.7945,A,71,4533,-61,/dev/serial/by-path/pci-0000:05:00.3-usb-0:2.1.1:1.0-port0
1790753707.8372,B,65,4571,-50,/dev/serial/by-path/pci-0000:05:00.3-usb-0:2.1.2:1.0-port0
1790753707.8417,C,66,4573,-42,/dev/serial/by-path/pci-0000:05:00.3-usb-0:2.1.3:1.0-port0
1790753707.8444,A,72,4583,-57,/dev/serial/by-path/pci-0000:05:00.3-usb-0:2.1.1:1.0-port0
1790753707.8651,B,66,4598,-48,/dev/serial/by-path/pci-0000:05:00.3-usb-0:2.1.2:1.0-port0
1790753707.8654,C,67,4597,-41,/dev/serial/by-path/pci-0000:05:00.3-usb-0:2.1.3:1.0-port0
1790753707.8828,A,73,4621,-57,/dev/serial/by-path/pci-0000:05:00.3-usb-0:2.1.1:1.0-port0
1790753707.9105,B,67,4644,-63,/dev/serial/by-path/pci-0000:05:00.3-usb-0:2.1.2:1.0-port0
1790753707.9107,A,74,4649,-61,/dev/serial/by-path/pci-0000:05:00.3-usb-0:2.1.1:1.0-port0
1790753707.9109,C,68,4642,-39,/dev/serial/by-path/pci-0000:05:00.3-usb-0:2.1.3:1.0-port0
1790753707.9584,C,69,4691,-41,/dev/serial/by-path/pci-0000:05:00.3-usb-0:2.1.3:1.0-port0
1790753707.9591,B,68,4693,-49,/dev/serial/by-path/pci-0000:05:00.3-usb-0:2.1.2:1.0-port0
1790753707.9594,A,75,4698,-56,/dev/serial/by-path/pci-0000:05:00.3-usb-0:2.1.1:1.0-port0
1790753708.0209,C,70,4753,-41,/dev/serial/by-path/pci-0000:05:00.3-usb-0:2.1.3:1.0-port0
1790753708.0213,B,69,4755,-48,/dev/serial/by-path/pci-0000:05:00.3-usb-0:2.1.2:1.0-port0
1790753708.0215,A,76,4760,-58,/dev/serial/by-path/pci-0000:05:00.3-usb-0:2.1.1:1.0-port0
1790753708.0645,B,70,4798,-62,/dev/serial/by-path/pci-0000:05:00.3-usb-0:2.1.2:1.0-port0
1790753708.0647,A,77,4803,-60,/dev/serial/by-path/pci-0000:05:00.3-usb-0:2.1.1:1.0-port0
1790753708.0651,C,71,4797,-39,/dev/serial/by-path/pci-0000:05:00.3-usb-0:2.1.3:1.0-port0
1790753708.1377,B,71,4871,-50,/dev/serial/by-path/pci-0000:05:00.3-usb-0:2.1.2:1.0-port0
1790753708.1409,C,72,4873,-41,/dev/serial/by-path/pci-0000:05:00.3-usb-0:2.1.3:1.0-port0
1790753708.1445,A,78,4883,-57,/dev/serial/by-path/pci-0000:05:00.3-usb-0:2.1.1:1.0-port0
1790753708.1555,C,73,4888,-40,/dev/serial/by-path/pci-0000:05:00.3-usb-0:2.1.3:1.0-port0
1790753708.1556,B,72,4889,-50,/dev/serial/by-path/pci-0000:05:00.3-usb-0:2.1.2:1.0-port0
1790753708.1625,A,79,4901,-57,/dev/serial/by-path/pci-0000:05:00.3-usb-0:2.1.1:1.0-port0
1790753708.2137,B,73,4947,-63,/dev/serial/by-path/pci-0000:05:00.3-usb-0:2.1.2:1.0-port0
1790753708.2312,C,74,4964,-38,/dev/serial/by-path/pci-0000:05:00.3-usb-0:2.1.3:1.0-port0
1790753708.2397,A,80,4979,-60,/dev/serial/by-path/pci-0000:05:00.3-usb-0:2.1.1:1.0-port0
1790753708.2397,A,81,4979,-60,/dev/serial/by-path/pci-0000:05:00.3-usb-0:2.1.1:1.0-port0
1790753708.2411,C,75,4973,-38,/dev/serial/by-path/pci-0000:05:00.3-usb-0:2.1.3:1.0-port0
1790753708.2800,B,74,5013,-49,/dev/serial/by-path/pci-0000:05:00.3-usb-0:2.1.2:1.0-port0
1790753708.2875,C,76,5020,-41,/dev/serial/by-path/pci-0000:05:00.3-usb-0:2.1.3:1.0-port0
1790753708.2918,A,82,5029,-57,/dev/serial/by-path/pci-0000:05:00.3-usb-0:2.1.1:1.0-port0
1790753708.3376,B,75,5071,-49,/dev/serial/by-path/pci-0000:05:00.3-usb-0:2.1.2:1.0-port0
1790753708.3412,C,77,5073,-40,/dev/serial/by-path/pci-0000:05:00.3-usb-0:2.1.3:1.0-port0
1790753708.3448,A,83,5083,-59,/dev/serial/by-path/pci-0000:05:00.3-usb-0:2.1.1:1.0-port0
1790753708.3822,B,76,5116,-63,/dev/serial/by-path/pci-0000:05:00.3-usb-0:2.1.2:1.0-port0
1790753708.3827,A,84,5121,-60,/dev/serial/by-path/pci-0000:05:00.3-usb-0:2.1.1:1.0-port0
1790753708.3830,C,78,5115,-39,/dev/serial/by-path/pci-0000:05:00.3-usb-0:2.1.3:1.0-port0
1790753708.4255,B,77,5159,-49,/dev/serial/by-path/pci-0000:05:00.3-usb-0:2.1.2:1.0-port0
1790753708.4258,A,85,5164,-57,/dev/serial/by-path/pci-0000:05:00.3-usb-0:2.1.1:1.0-port0
1790753708.4262,C,79,5158,-41,/dev/serial/by-path/pci-0000:05:00.3-usb-0:2.1.3:1.0-port0
1790753708.4845,A,86,5223,-57,/dev/serial/by-path/pci-0000:05:00.3-usb-0:2.1.1:1.0-port0
1790753708.5060,C,80,5238,-39,/dev/serial/by-path/pci-0000:05:00.3-usb-0:2.1.3:1.0-port0
1790753708.5061,B,78,5239,-63,/dev/serial/by-path/pci-0000:05:00.3-usb-0:2.1.2:1.0-port0
1790753708.5446,A,87,5283,-60,/dev/serial/by-path/pci-0000:05:00.3-usb-0:2.1.1:1.0-port0
1790753708.5719,C,81,5305,-41,/dev/serial/by-path/pci-0000:05:00.3-usb-0:2.1.3:1.0-port0
1790753708.5723,B,79,5305,-50,/dev/serial/by-path/pci-0000:05:00.3-usb-0:2.1.2:1.0-port0
1790753708.5971,C,82,5330,-41,/dev/serial/by-path/pci-0000:05:00.3-usb-0:2.1.3:1.0-port0
1790753708.6372,B,80,5371,-50,/dev/serial/by-path/pci-0000:05:00.3-usb-0:2.1.2:1.0-port0
1790753708.6411,C,83,5373,-40,/dev/serial/by-path/pci-0000:05:00.3-usb-0:2.1.3:1.0-port0
1790753708.6444,A,88,5383,-57,/dev/serial/by-path/pci-0000:05:00.3-usb-0:2.1.1:1.0-port0
1790753708.6930,C,84,5423,-40,/dev/serial/by-path/pci-0000:05:00.3-usb-0:2.1.3:1.0-port0
1790753708.6945,A,89,5433,-59,/dev/serial/by-path/pci-0000:05:00.3-usb-0:2.1.1:1.0-port0
1790753708.7363,B,81,5470,-50,/dev/serial/by-path/pci-0000:05:00.3-usb-0:2.1.2:1.0-port0
1790753708.7367,C,85,5468,-42,/dev/serial/by-path/pci-0000:05:00.3-usb-0:2.1.3:1.0-port0
1790753708.7368,A,90,5475,-57,/dev/serial/by-path/pci-0000:05:00.3-usb-0:2.1.1:1.0-port0
1790753708.7871,B,82,5521,-49,/dev/serial/by-path/pci-0000:05:00.3-usb-0:2.1.2:1.0-port0
1790753708.7907,C,86,5523,-40,/dev/serial/by-path/pci-0000:05:00.3-usb-0:2.1.3:1.0-port0
1790753708.7953,A,91,5534,-57,/dev/serial/by-path/pci-0000:05:00.3-usb-0:2.1.1:1.0-port0
1790753708.8247,B,83,5558,-62,/dev/serial/by-path/pci-0000:05:00.3-usb-0:2.1.2:1.0-port0
1790753708.8252,A,92,5564,-60,/dev/serial/by-path/pci-0000:05:00.3-usb-0:2.1.1:1.0-port0
1790753708.8416,C,87,5573,-39,/dev/serial/by-path/pci-0000:05:00.3-usb-0:2.1.3:1.0-port0
1790753708.8795,B,84,5613,-50,/dev/serial/by-path/pci-0000:05:00.3-usb-0:2.1.2:1.0-port0
1790753708.8797,A,93,5618,-57,/dev/serial/by-path/pci-0000:05:00.3-usb-0:2.1.1:1.0-port0
1790753708.8798,C,88,5612,-42,/dev/serial/by-path/pci-0000:05:00.3-usb-0:2.1.3:1.0-port0
1790753708.9109,A,94,5650,-56,/dev/serial/by-path/pci-0000:05:00.3-usb-0:2.1.1:1.0-port0
1790753708.9135,C,89,5646,-41,/dev/serial/by-path/pci-0000:05:00.3-usb-0:2.1.3:1.0-port0
1790753708.9757,C,90,5708,-39,/dev/serial/by-path/pci-0000:05:00.3-usb-0:2.1.3:1.0-port0
1790753708.9761,B,85,5709,-62,/dev/serial/by-path/pci-0000:05:00.3-usb-0:2.1.2:1.0-port0
1790753708.9864,A,95,5725,-61,/dev/serial/by-path/pci-0000:05:00.3-usb-0:2.1.1:1.0-port0
1790753709.0012,B,86,5735,-50,/dev/serial/by-path/pci-0000:05:00.3-usb-0:2.1.2:1.0-port0
1790753709.0016,C,91,5734,-42,/dev/serial/by-path/pci-0000:05:00.3-usb-0:2.1.3:1.0-port0
1790753709.0137,A,96,5752,-57,/dev/serial/by-path/pci-0000:05:00.3-usb-0:2.1.1:1.0-port0
1790753709.0384,C,92,5771,-42,/dev/serial/by-path/pci-0000:05:00.3-usb-0:2.1.3:1.0-port0
1790753709.0388,A,97,5777,-57,/dev/serial/by-path/pci-0000:05:00.3-usb-0:2.1.1:1.0-port0
1790753709.0868,A,98,5825,-57,/dev/serial/by-path/pci-0000:05:00.3-usb-0:2.1.1:1.0-port0
1790753709.0872,B,87,5821,-48,/dev/serial/by-path/pci-0000:05:00.3-usb-0:2.1.2:1.0-port0
1790753709.0910,C,93,5823,-40,/dev/serial/by-path/pci-0000:05:00.3-usb-0:2.1.3:1.0-port0
1790753709.1330,B,88,5866,-62,/dev/serial/by-path/pci-0000:05:00.3-usb-0:2.1.2:1.0-port0
1790753709.1336,C,94,5866,-39,/dev/serial/by-path/pci-0000:05:00.3-usb-0:2.1.3:1.0-port0
1790753709.1338,A,99,5872,-60,/dev/serial/by-path/pci-0000:05:00.3-usb-0:2.1.1:1.0-port0
1790753709.1875,B,89,5921,-50,/dev/serial/by-path/pci-0000:05:00.3-usb-0:2.1.2:1.0-port0
1790753709.1910,C,95,5924,-42,/dev/serial/by-path/pci-0000:05:00.3-usb-0:2.1.3:1.0-port0
1790753709.1950,A,100,5934,-57,/dev/serial/by-path/pci-0000:05:00.3-usb-0:2.1.1:1.0-port0
1790753709.2211,B,90,5954,-48,/dev/serial/by-path/pci-0000:05:00.3-usb-0:2.1.2:1.0-port0
1790753709.2225,C,96,5955,-40,/dev/serial/by-path/pci-0000:05:00.3-usb-0:2.1.3:1.0-port0
1790753709.2229,A,101,5962,-57,/dev/serial/by-path/pci-0000:05:00.3-usb-0:2.1.1:1.0-port0
1790753709.2663,A,102,6005,-59,/dev/serial/by-path/pci-0000:05:00.3-usb-0:2.1.1:1.0-port0
1790753709.2880,B,91,6021,-62,/dev/serial/by-path/pci-0000:05:00.3-usb-0:2.1.2:1.0-port0
1790753709.2909,C,97,6023,-38,/dev/serial/by-path/pci-0000:05:00.3-usb-0:2.1.3:1.0-port0
1790753709.3147,C,98,6047,-42,/dev/serial/by-path/pci-0000:05:00.3-usb-0:2.1.3:1.0-port0
1790753709.3155,A,103,6053,-57,/dev/serial/by-path/pci-0000:05:00.3-usb-0:2.1.1:1.0-port0
1790753709.3171,B,92,6050,-50,/dev/serial/by-path/pci-0000:05:00.3-usb-0:2.1.2:1.0-port0
1790753709.3872,B,93,6121,-48,/dev/serial/by-path/pci-0000:05:00.3-usb-0:2.1.2:1.0-port0
1790753709.3908,C,99,6123,-41,/dev/serial/by-path/pci-0000:05:00.3-usb-0:2.1.3:1.0-port0
1790753709.3941,A,104,6133,-57,/dev/serial/by-path/pci-0000:05:00.3-usb-0:2.1.1:1.0-port0
1790753709.4338,C,100,6166,-39,/dev/serial/by-path/pci-0000:05:00.3-usb-0:2.1.3:1.0-port0
1790753709.4348,A,105,6173,-60,/dev/serial/by-path/pci-0000:05:00.3-usb-0:2.1.1:1.0-port0
1790753709.4490,C,101,6181,-42,/dev/serial/by-path/pci-0000:05:00.3-usb-0:2.1.3:1.0-port0
1790753709.4880,B,94,6221,-50,/dev/serial/by-path/pci-0000:05:00.3-usb-0:2.1.2:1.0-port0
1790753709.4882,A,106,6227,-57,/dev/serial/by-path/pci-0000:05:00.3-usb-0:2.1.1:1.0-port0
1790753709.4900,A,107,6227,-57,/dev/serial/by-path/pci-0000:05:00.3-usb-0:2.1.1:1.0-port0
1790753709.4913,C,102,6224,-41,/dev/serial/by-path/pci-0000:05:00.3-usb-0:2.1.3:1.0-port0
1790753709.5306,C,103,6263,-40,/dev/serial/by-path/pci-0000:05:00.3-usb-0:2.1.3:1.0-port0
1790753709.5379,A,108,6276,-57,/dev/serial/by-path/pci-0000:05:00.3-usb-0:2.1.1:1.0-port0
1790753709.5380,B,95,6271,-48,/dev/serial/by-path/pci-0000:05:00.3-usb-0:2.1.2:1.0-port0
1790753709.5881,B,96,6321,-62,/dev/serial/by-path/pci-0000:05:00.3-usb-0:2.1.2:1.0-port0
1790753709.5911,C,104,6323,-38,/dev/serial/by-path/pci-0000:05:00.3-usb-0:2.1.3:1.0-port0
1790753709.5950,A,109,6334,-59,/dev/serial/by-path/pci-0000:05:00.3-usb-0:2.1.1:1.0-port0
1790753709.6231,C,105,6355,-41,/dev/serial/by-path/pci-0000:05:00.3-usb-0:2.1.3:1.0-port0
1790753709.6272,B,97,6361,-50,/dev/serial/by-path/pci-0000:05:00.3-usb-0:2.1.2:1.0-port0
1790753709.6442,A,110,6383,-57,/dev/serial/by-path/pci-0000:05:00.3-usb-0:2.1.1:1.0-port0
1790753709.6636,B,98,6397,-48,/dev/serial/by-path/pci-0000:05:00.3-usb-0:2.1.2:1.0-port0
1790753709.6641,C,106,6396,-40,/dev/serial/by-path/pci-0000:05:00.3-usb-0:2.1.3:1.0-port0
1790753709.6944,A,111,6433,-57,/dev/serial/by-path/pci-0000:05:00.3-usb-0:2.1.1:1.0-port0
1790753709.7206,B,99,6454,-62,/dev/serial/by-path/pci-0000:05:00.3-usb-0:2.1.2:1.0-port0
1790753709.7412,C,107,6473,-39,/dev/serial/by-path/pci-0000:05:00.3-usb-0:2.1.3:1.0-port0
1790753709.7445,A,112,6483,-61,/dev/serial/by-path/pci-0000:05:00.3-usb-0:2.1.1:1.0-port0
1790753709.7537,A,113,6492,-57,/dev/serial/by-path/pci-0000:05:00.3-usb-0:2.1.1:1.0-port0
1790753709.7564,C,108,6489,-42,/dev/serial/by-path/pci-0000:05:00.3-usb-0:2.1.3:1.0-port0
1790753709.7873,B,100,6521,-50,/dev/serial/by-path/pci-0000:05:00.3-usb-0:2.1.2:1.0-port0
1790753709.8036,C,109,6536,-40,/dev/serial/by-path/pci-0000:05:00.3-usb-0:2.1.3:1.0-port0
1790753709.8370,C,110,6570,-40,/dev/serial/by-path/pci-0000:05:00.3-usb-0:2.1.3:1.0-port0
1790753709.8374,B,101,6571,-48,/dev/serial/by-path/pci-0000:05:00.3-usb-0:2.1.2:1.0-port0
1790753709.8413,A,114,6580,-57,/dev/serial/by-path/pci-0000:05:00.3-usb-0:2.1.1:1.0-port0
1790753709.8876,B,102,6621,-62,/dev/serial/by-path/pci-0000:05:00.3-usb-0:2.1.2:1.0-port0
1790753709.8912,C,111,6623,-39,/dev/serial/by-path/pci-0000:05:00.3-usb-0:2.1.3:1.0-port0
1790753709.8943,A,115,6633,-60,/dev/serial/by-path/pci-0000:05:00.3-usb-0:2.1.1:1.0-port0
1790753709.9727,C,112,6705,-40,/dev/serial/by-path/pci-0000:05:00.3-usb-0:2.1.3:1.0-port0
1790753709.9730,A,116,6711,-58,/dev/serial/by-path/pci-0000:05:00.3-usb-0:2.1.1:1.0-port0
1790753709.9762,B,103,6710,-48,/dev/serial/by-path/pci-0000:05:00.3-usb-0:2.1.2:1.0-port0
1790753710.0294,C,113,6761,-39,/dev/serial/by-path/pci-0000:05:00.3-usb-0:2.1.3:1.0-port0
1790753710.0298,B,104,6762,-62,/dev/serial/by-path/pci-0000:05:00.3-usb-0:2.1.2:1.0-port0
1790753710.0301,A,117,6768,-59,/dev/serial/by-path/pci-0000:05:00.3-usb-0:2.1.1:1.0-port0
1790753710.0550,B,105,6788,-50,/dev/serial/by-path/pci-0000:05:00.3-usb-0:2.1.2:1.0-port0
1790753710.0554,C,114,6787,-42,/dev/serial/by-path/pci-0000:05:00.3-usb-0:2.1.3:1.0-port0
1790753710.0615,A,118,6800,-57,/dev/serial/by-path/pci-0000:05:00.3-usb-0:2.1.1:1.0-port0
1790753710.1373,B,106,6871,-48,/dev/serial/by-path/pci-0000:05:00.3-usb-0:2.1.2:1.0-port0
1790753710.1411,C,115,6873,-40,/dev/serial/by-path/pci-0000:05:00.3-usb-0:2.1.3:1.0-port0
1790753710.1471,B,107,6880,-63,/dev/serial/by-path/pci-0000:05:00.3-usb-0:2.1.2:1.0-port0
1790753710.1560,C,116,6888,-39,/dev/serial/by-path/pci-0000:05:00.3-usb-0:2.1.3:1.0-port0
1790753710.2373,B,108,6971,-50,/dev/serial/by-path/pci-0000:05:00.3-usb-0:2.1.2:1.0-port0
1790753710.2437,B,109,6977,-48,/dev/serial/by-path/pci-0000:05:00.3-usb-0:2.1.2:1.0-port0
1790753710.2441,A,119,6983,-57,/dev/serial/by-path/pci-0000:05:00.3-usb-0:2.1.1:1.0-port0
1790753710.2867,A,120,7025,-57,/dev/serial/by-path/pci-0000:05:00.3-usb-0:2.1.1:1.0-port0
1790753710.2912,C,117,7023,-39,/dev/serial/by-path/pci-0000:05:00.3-usb-0:2.1.3:1.0-port0
1790753710.3357,B,110,7069,-63,/dev/serial/by-path/pci-0000:05:00.3-usb-0:2.1.2:1.0-port0
1790753710.3362,C,118,7069,-39,/dev/serial/by-path/pci-0000:05:00.3-usb-0:2.1.3:1.0-port0
1790753710.3378,A,121,7075,-59,/dev/serial/by-path/pci-0000:05:00.3-usb-0:2.1.1:1.0-port0
1790753710.3741,B,111,7107,-50,/dev/serial/by-path/pci-0000:05:00.3-usb-0:2.1.2:1.0-port0
1790753710.3806,C,119,7113,-42,/dev/serial/by-path/pci-0000:05:00.3-usb-0:2.1.3:1.0-port0
1790753710.3824,A,122,7121,-57,/dev/serial/by-path/pci-0000:05:00.3-usb-0:2.1.1:1.0-port0
1790753710.4243,C,120,7157,-40,/dev/serial/by-path/pci-0000:05:00.3-usb-0:2.1.3:1.0-port0
1790753710.4246,A,123,7163,-57,/dev/serial/by-path/pci-0000:05:00.3-usb-0:2.1.1:1.0-port0
1790753710.4250,B,112,7158,-49,/dev/serial/by-path/pci-0000:05:00.3-usb-0:2.1.2:1.0-port0
1790753710.4873,B,113,7221,-62,/dev/serial/by-path/pci-0000:05:00.3-usb-0:2.1.2:1.0-port0
1790753710.4914,C,121,7223,-39,/dev/serial/by-path/pci-0000:05:00.3-usb-0:2.1.3:1.0-port0
1790753710.4932,A,124,7232,-61,/dev/serial/by-path/pci-0000:05:00.3-usb-0:2.1.1:1.0-port0
1790753710.5142,B,114,7248,-50,/dev/serial/by-path/pci-0000:05:00.3-usb-0:2.1.2:1.0-port0
1790753710.5332,A,125,7272,-57,/dev/serial/by-path/pci-0000:05:00.3-usb-0:2.1.1:1.0-port0
1790753710.5417,C,122,7273,-41,/dev/serial/by-path/pci-0000:05:00.3-usb-0:2.1.3:1.0-port0
1790753710.5585,A,126,7297,-58,/dev/serial/by-path/pci-0000:05:00.3-usb-0:2.1.1:1.0-port0
1790753710.5588,B,115,7292,-48,/dev/serial/by-path/pci-0000:05:00.3-usb-0:2.1.2:1.0-port0
1790753710.5591,C,123,7291,-40,/dev/serial/by-path/pci-0000:05:00.3-usb-0:2.1.3:1.0-port0
1790753710.6041,A,127,7343,-60,/dev/serial/by-path/pci-0000:05:00.3-usb-0:2.1.1:1.0-port0
1790753710.6044,C,124,7336,-39,/dev/serial/by-path/pci-0000:05:00.3-usb-0:2.1.3:1.0-port0
1790753710.6047,B,116,7338,-62,/dev/serial/by-path/pci-0000:05:00.3-usb-0:2.1.2:1.0-port0
1790753710.6600,C,125,7392,-41,/dev/serial/by-path/pci-0000:05:00.3-usb-0:2.1.3:1.0-port0
1790753710.6605,A,128,7399,-57,/dev/serial/by-path/pci-0000:05:00.3-usb-0:2.1.1:1.0-port0
1790753710.6744,B,117,7408,-50,/dev/serial/by-path/pci-0000:05:00.3-usb-0:2.1.2:1.0-port0
1790753710.7009,C,126,7433,-41,/dev/serial/by-path/pci-0000:05:00.3-usb-0:2.1.3:1.0-port0
1790753710.7048,A,129,7443,-57,/dev/serial/by-path/pci-0000:05:00.3-usb-0:2.1.1:1.0-port0
1790753710.7654,B,118,7498,-63,/dev/serial/by-path/pci-0000:05:00.3-usb-0:2.1.2:1.0-port0
1790753710.7906,C,127,7523,-38,/dev/serial/by-path/pci-0000:05:00.3-usb-0:2.1.3:1.0-port0
1790753710.7907,A,130,7529,-61,/dev/serial/by-path/pci-0000:05:00.3-usb-0:2.1.1:1.0-port0
1790753710.7924,A,131,7530,-60,/dev/serial/by-path/pci-0000:05:00.3-usb-0:2.1.1:1.0-port0
1790753710.7926,C,128,7523,-39,/dev/serial/by-path/pci-0000:05:00.3-usb-0:2.1.3:1.0-port0
1790753710.8359,C,129,7568,-41,/dev/serial/by-path/pci-0000:05:00.3-usb-0:2.1.3:1.0-port0
1790753710.8362,B,119,7569,-50,/dev/serial/by-path/pci-0000:05:00.3-usb-0:2.1.2:1.0-port0
1790753710.8451,A,132,7584,-57,/dev/serial/by-path/pci-0000:05:00.3-usb-0:2.1.1:1.0-port0
1790753710.8813,C,130,7614,-40,/dev/serial/by-path/pci-0000:05:00.3-usb-0:2.1.3:1.0-port0
1790753710.8818,A,133,7621,-58,/dev/serial/by-path/pci-0000:05:00.3-usb-0:2.1.1:1.0-port0
1790753710.8875,B,120,7621,-48,/dev/serial/by-path/pci-0000:05:00.3-usb-0:2.1.2:1.0-port0
1790753710.9300,A,134,7669,-61,/dev/serial/by-path/pci-0000:05:00.3-usb-0:2.1.1:1.0-port0
1790753710.9303,C,131,7663,-38,/dev/serial/by-path/pci-0000:05:00.3-usb-0:2.1.3:1.0-port0
1790753710.9307,B,121,7664,-63,/dev/serial/by-path/pci-0000:05:00.3-usb-0:2.1.2:1.0-port0
1790753711.0177,C,132,7750,-40,/dev/serial/by-path/pci-0000:05:00.3-usb-0:2.1.3:1.0-port0
1790753711.0187,A,135,7757,-57,/dev/serial/by-path/pci-0000:05:00.3-usb-0:2.1.1:1.0-port0
1790753711.0373,B,122,7771,-49,/dev/serial/by-path/pci-0000:05:00.3-usb-0:2.1.2:1.0-port0
1790753711.0831,B,123,7817,-62,/dev/serial/by-path/pci-0000:05:00.3-usb-0:2.1.2:1.0-port0
1790753711.0912,C,133,7823,-38,/dev/serial/by-path/pci-0000:05:00.3-usb-0:2.1.3:1.0-port0
1790753711.0945,A,136,7833,-60,/dev/serial/by-path/pci-0000:05:00.3-usb-0:2.1.1:1.0-port0
1790753711.0978,C,134,7830,-41,/dev/serial/by-path/pci-0000:05:00.3-usb-0:2.1.3:1.0-port0
1790753711.0982,B,124,7832,-49,/dev/serial/by-path/pci-0000:05:00.3-usb-0:2.1.2:1.0-port0
1790753711.1208,A,137,7860,-56,/dev/serial/by-path/pci-0000:05:00.3-usb-0:2.1.1:1.0-port0
1790753711.1446,A,138,7883,-57,/dev/serial/by-path/pci-0000:05:00.3-usb-0:2.1.1:1.0-port0
1790753711.1466,B,125,7880,-48,/dev/serial/by-path/pci-0000:05:00.3-usb-0:2.1.2:1.0-port0
1790753711.1924,A,139,7931,-57,/dev/serial/by-path/pci-0000:05:00.3-usb-0:2.1.1:1.0-port0
1790753711.1975,B,126,7931,-61,/dev/serial/by-path/pci-0000:05:00.3-usb-0:2.1.2:1.0-port0
1790753711.2341,C,135,7966,-39,/dev/serial/by-path/pci-0000:05:00.3-usb-0:2.1.3:1.0-port0
1790753711.2345,B,127,7968,-63,/dev/serial/by-path/pci-0000:05:00.3-usb-0:2.1.2:1.0-port0
1790753711.2348,A,140,7974,-61,/dev/serial/by-path/pci-0000:05:00.3-usb-0:2.1.1:1.0-port0
1790753711.2747,A,141,8014,-57,/dev/serial/by-path/pci-0000:05:00.3-usb-0:2.1.1:1.0-port0
1790753711.2874,B,128,8021,-50,/dev/serial/by-path/pci-0000:05:00.3-usb-0:2.1.2:1.0-port0
1790753711.2917,C,136,8024,-42,/dev/serial/by-path/pci-0000:05:00.3-usb-0:2.1.3:1.0-port0
1790753711.3236,B,129,8057,-48,/dev/serial/by-path/pci-0000:05:00.3-usb-0:2.1.2:1.0-port0
1790753711.3239,A,142,8062,-57,/dev/serial/by-path/pci-0000:05:00.3-usb-0:2.1.1:1.0-port0
1790753711.3243,C,137,8056,-41,/dev/serial/by-path/pci-0000:05:00.3-usb-0:2.1.3:1.0-port0
1790753711.3874,B,130,8121,-62,/dev/serial/by-path/pci-0000:05:00.3-usb-0:2.1.2:1.0-port0
1790753711.3907,C,138,8123,-39,/dev/serial/by-path/pci-0000:05:00.3-usb-0:2.1.3:1.0-port0
1790753711.3944,A,143,8133,-60,/dev/serial/by-path/pci-0000:05:00.3-usb-0:2.1.1:1.0-port0
1790753711.4171,B,131,8150,-49,/dev/serial/by-path/pci-0000:05:00.3-usb-0:2.1.2:1.0-port0
1790753711.4265,C,139,8159,-42,/dev/serial/by-path/pci-0000:05:00.3-usb-0:2.1.3:1.0-port0
1790753711.4412,A,144,8179,-57,/dev/serial/by-path/pci-0000:05:00.3-usb-0:2.1.1:1.0-port0
1790753711.4615,C,140,8194,-40,/dev/serial/by-path/pci-0000:05:00.3-usb-0:2.1.3:1.0-port0
1790753711.4617,B,132,8195,-48,/dev/serial/by-path/pci-0000:05:00.3-usb-0:2.1.2:1.0-port0
1790753711.4947,A,145,8233,-58,/dev/serial/by-path/pci-0000:05:00.3-usb-0:2.1.1:1.0-port0
1790753711.5077,B,133,8241,-63,/dev/serial/by-path/pci-0000:05:00.3-usb-0:2.1.2:1.0-port0
1790753711.5221,C,141,8255,-39,/dev/serial/by-path/pci-0000:05:00.3-usb-0:2.1.3:1.0-port0
1790753711.5224,A,146,8261,-60,/dev/serial/by-path/pci-0000:05:00.3-usb-0:2.1.1:1.0-port0
1790753711.5516,B,134,8285,-49,/dev/serial/by-path/pci-0000:05:00.3-usb-0:2.1.2:1.0-port0
1790753711.5520,C,142,8284,-41,/dev/serial/by-path/pci-0000:05:00.3-usb-0:2.1.3:1.0-port0
1790753711.5944,A,147,8333,-57,/dev/serial/by-path/pci-0000:05:00.3-usb-0:2.1.1:1.0-port0
1790753711.6051,B,135,8339,-48,/dev/serial/by-path/pci-0000:05:00.3-usb-0:2.1.2:1.0-port0
1790753711.6344,C,143,8367,-40,/dev/serial/by-path/pci-0000:05:00.3-usb-0:2.1.3:1.0-port0
1790753711.6362,A,148,8374,-57,/dev/serial/by-path/pci-0000:05:00.3-usb-0:2.1.1:1.0-port0
1790753711.6364,C,144,8368,-40,/dev/serial/by-path/pci-0000:05:00.3-usb-0:2.1.3:1.0-port0
1790753711.6370,B,136,8371,-48,/dev/serial/by-path/pci-0000:05:00.3-usb-0:2.1.2:1.0-port0
1790753711.6811,B,137,8415,-62,/dev/serial/by-path/pci-0000:05:00.3-usb-0:2.1.2:1.0-port0
1790753711.6814,C,145,8414,-39,/dev/serial/by-path/pci-0000:05:00.3-usb-0:2.1.3:1.0-port0
1790753711.6817,A,149,8421,-60,/dev/serial/by-path/pci-0000:05:00.3-usb-0:2.1.1:1.0-port0
1790753711.7255,C,146,8458,-41,/dev/serial/by-path/pci-0000:05:00.3-usb-0:2.1.3:1.0-port0
1790753711.7370,B,138,8471,-50,/dev/serial/by-path/pci-0000:05:00.3-usb-0:2.1.2:1.0-port0
1790753711.7445,A,150,8483,-57,/dev/serial/by-path/pci-0000:05:00.3-usb-0:2.1.1:1.0-port0
1790753711.7668,A,151,8505,-58,/dev/serial/by-path/pci-0000:05:00.3-usb-0:2.1.1:1.0-port0
1790753711.7673,B,139,8501,-48,/dev/serial/by-path/pci-0000:05:00.3-usb-0:2.1.2:1.0-port0
1790753711.7676,C,147,8499,-40,/dev/serial/by-path/pci-0000:05:00.3-usb-0:2.1.3:1.0-port0
1790753711.8089,B,140,8543,-62,/dev/serial/by-path/pci-0000:05:00.3-usb-0:2.1.2:1.0-port0
1790753711.8417,C,148,8574,-38,/dev/serial/by-path/pci-0000:05:00.3-usb-0:2.1.3:1.0-port0
1790753711.8441,A,152,8583,-60,/dev/serial/by-path/pci-0000:05:00.3-usb-0:2.1.1:1.0-port0
1790753711.8580,B,141,8591,-50,/dev/serial/by-path/pci-0000:05:00.3-usb-0:2.1.2:1.0-port0
1790753711.8582,C,149,8590,-42,/dev/serial/by-path/pci-0000:05:00.3-usb-0:2.1.3:1.0-port0
1790753711.8586,A,153,8597,-57,/dev/serial/by-path/pci-0000:05:00.3-usb-0:2.1.1:1.0-port0
1790753711.9156,B,142,8649,-48,/dev/serial/by-path/pci-0000:05:00.3-usb-0:2.1.2:1.0-port0
1790753711.9161,A,154,8654,-57,/dev/serial/by-path/pci-0000:05:00.3-usb-0:2.1.1:1.0-port0
1790753711.9223,C,150,8655,-40,/dev/serial/by-path/pci-0000:05:00.3-usb-0:2.1.3:1.0-port0
1790753711.9556,B,143,8689,-63,/dev/serial/by-path/pci-0000:05:00.3-usb-0:2.1.2:1.0-port0
1790753711.9557,C,151,8688,-39,/dev/serial/by-path/pci-0000:05:00.3-usb-0:2.1.3:1.0-port0
1790753711.9908,C,152,8723,-39,/dev/serial/by-path/pci-0000:05:00.3-usb-0:2.1.3:1.0-port0
1790753711.9946,A,155,8733,-60,/dev/serial/by-path/pci-0000:05:00.3-usb-0:2.1.1:1.0-port0
1790753712.0374,B,144,8771,-50,/dev/serial/by-path/pci-0000:05:00.3-usb-0:2.1.2:1.0-port0
1790753712.0395,C,153,8772,-42,/dev/serial/by-path/pci-0000:05:00.3-usb-0:2.1.3:1.0-port0
1790753712.0402,A,156,8779,-57,/dev/serial/by-path/pci-0000:05:00.3-usb-0:2.1.1:1.0-port0
1790753712.0821,C,154,8815,-38,/dev/serial/by-path/pci-0000:05:00.3-usb-0:2.1.3:1.0-port0
1790753712.0942,A,157,8833,-58,/dev/serial/by-path/pci-0000:05:00.3-usb-0:2.1.1:1.0-port0
1790753712.1249,B,145,8858,-62,/dev/serial/by-path/pci-0000:05:00.3-usb-0:2.1.2:1.0-port0
1790753712.1415,C,155,8874,-38,/dev/serial/by-path/pci-0000:05:00.3-usb-0:2.1.3:1.0-port0
1790753712.1447,A,158,8883,-61,/dev/serial/by-path/pci-0000:05:00.3-usb-0:2.1.1:1.0-port0
1790753712.1704,A,159,8909,-57,/dev/serial/by-path/pci-0000:05:00.3-usb-0:2.1.1:1.0-port0
1790753712.1708,B,146,8904,-50,/dev/serial/by-path/pci-0000:05:00.3-usb-0:2.1.2:1.0-port0
1790753712.1814,C,156,8914,-41,/dev/serial/by-path/pci-0000:05:00.3-usb-0:2.1.3:1.0-port0
1790753712.2192,C,157,8952,-40,/dev/serial/by-path/pci-0000:05:00.3-usb-0:2.1.3:1.0-port0
1790753712.2302,B,147,8964,-49,/dev/serial/by-path/pci-0000:05:00.3-usb-0:2.1.2:1.0-port0
1790753712.2307,A,160,8970,-59,/dev/serial/by-path/pci-0000:05:00.3-usb-0:2.1.1:1.0-port0
1790753712.2684,B,148,9002,-62,/dev/serial/by-path/pci-0000:05:00.3-usb-0:2.1.2:1.0-port0
1790753712.2729,C,158,9005,-39,/dev/serial/by-path/pci-0000:05:00.3-usb-0:2.1.3:1.0-port0
1790753712.2733,A,161,9012,-61,/dev/serial/by-path/pci-0000:05:00.3-usb-0:2.1.1:1.0-port0
1790753712.3322,C,159,9065,-42,/dev/serial/by-path/pci-0000:05:00.3-usb-0:2.1.3:1.0-port0
1790753712.3324,A,162,9071,-57,/dev/serial/by-path/pci-0000:05:00.3-usb-0:2.1.1:1.0-port0
1790753712.3373,B,149,9071,-50,/dev/serial/by-path/pci-0000:05:00.3-usb-0:2.1.2:1.0-port0
1790753712.3489,C,160,9081,-40,/dev/serial/by-path/pci-0000:05:00.3-usb-0:2.1.3:1.0-port0
1790753712.3564,B,150,9090,-48,/dev/serial/by-path/pci-0000:05:00.3-usb-0:2.1.2:1.0-port0
1790753712.3794,A,163,9117,-58,/dev/serial/by-path/pci-0000:05:00.3-usb-0:2.1.1:1.0-port0
1790753712.3932,A,164,9132,-57,/dev/serial/by-path/pci-0000:05:00.3-usb-0:2.1.1:1.0-port0
1790753712.4345,B,151,9168,-61,/dev/serial/by-path/pci-0000:05:00.3-usb-0:2.1.2:1.0-port0
1790753712.4411,C,161,9173,-39,/dev/serial/by-path/pci-0000:05:00.3-usb-0:2.1.3:1.0-port0
1790753712.4445,A,165,9183,-59,/dev/serial/by-path/pci-0000:05:00.3-usb-0:2.1.1:1.0-port0
1790753712.4851,B,152,9218,-50,/dev/serial/by-path/pci-0000:05:00.3-usb-0:2.1.2:1.0-port0
1790753712.4854,C,162,9218,-42,/dev/serial/by-path/pci-0000:05:00.3-usb-0:2.1.3:1.0-port0
1790753712.4947,A,166,9233,-57,/dev/serial/by-path/pci-0000:05:00.3-usb-0:2.1.1:1.0-port0
1790753712.5291,C,163,9261,-41,/dev/serial/by-path/pci-0000:05:00.3-usb-0:2.1.3:1.0-port0
1790753712.5295,B,153,9262,-48,/dev/serial/by-path/pci-0000:05:00.3-usb-0:2.1.2:1.0-port0
1790753712.5298,A,167,9268,-57,/dev/serial/by-path/pci-0000:05:00.3-usb-0:2.1.1:1.0-port0
1790753712.5794,C,164,9312,-38,/dev/serial/by-path/pci-0000:05:00.3-usb-0:2.1.3:1.0-port0
1790753712.5797,A,168,9318,-60,/dev/serial/by-path/pci-0000:05:00.3-usb-0:2.1.1:1.0-port0
1790753712.5843,B,154,9318,-62,/dev/serial/by-path/pci-0000:05:00.3-usb-0:2.1.2:1.0-port0
1790753712.6375,B,155,9371,-50,/dev/serial/by-path/pci-0000:05:00.3-usb-0:2.1.2:1.0-port0
1790753712.6411,C,165,9373,-42,/dev/serial/by-path/pci-0000:05:00.3-usb-0:2.1.3:1.0-port0
1790753712.6446,A,169,9383,-57,/dev/serial/by-path/pci-0000:05:00.3-usb-0:2.1.1:1.0-port0
1790753712.6741,A,170,9413,-57,/dev/serial/by-path/pci-0000:05:00.3-usb-0:2.1.1:1.0-port0
1790753712.6875,B,156,9421,-48,/dev/serial/by-path/pci-0000:05:00.3-usb-0:2.1.2:1.0-port0
1790753712.6915,C,166,9423,-40,/dev/serial/by-path/pci-0000:05:00.3-usb-0:2.1.3:1.0-port0
1790753712.7175,C,167,9450,-39,/dev/serial/by-path/pci-0000:05:00.3-usb-0:2.1.3:1.0-port0
1790753712.7177,A,171,9456,-60,/dev/serial/by-path/pci-0000:05:00.3-usb-0:2.1.1:1.0-port0
1790753712.7391,B,157,9471,-62,/dev/serial/by-path/pci-0000:05:00.3-usb-0:2.1.2:1.0-port0
1790753712.7598,B,158,9493,-50,/dev/serial/by-path/pci-0000:05:00.3-usb-0:2.1.2:1.0-port0
1790753712.7602,C,168,9492,-41,/dev/serial/by-path/pci-0000:05:00.3-usb-0:2.1.3:1.0-port0
1790753712.7741,A,172,9513,-57,/dev/serial/by-path/pci-0000:05:00.3-usb-0:2.1.1:1.0-port0
1790753712.8116,C,169,9544,-40,/dev/serial/by-path/pci-0000:05:00.3-usb-0:2.1.3:1.0-port0
1790753712.8123,A,173,9551,-58,/dev/serial/by-path/pci-0000:05:00.3-usb-0:2.1.1:1.0-port0
1790753712.8131,B,159,9545,-49,/dev/serial/by-path/pci-0000:05:00.3-usb-0:2.1.2:1.0-port0
1790753712.8522,B,160,9586,-62,/dev/serial/by-path/pci-0000:05:00.3-usb-0:2.1.2:1.0-port0
1790753712.8815,C,170,9614,-39,/dev/serial/by-path/pci-0000:05:00.3-usb-0:2.1.3:1.0-port0
1790753712.8941,A,174,9633,-61,/dev/serial/by-path/pci-0000:05:00.3-usb-0:2.1.1:1.0-port0
1790753712.9003,B,161,9634,-50,/dev/serial/by-path/pci-0000:05:00.3-usb-0:2.1.2:1.0-port0
1790753712.9004,C,171,9633,-42,/dev/serial/by-path/pci-0000:05:00.3-usb-0:2.1.3:1.0-port0
1790753712.9183,A,175,9657,-57,/dev/serial/by-path/pci-0000:05:00.3-usb-0:2.1.1:1.0-port0
1790753712.9448,A,176,9683,-57,/dev/serial/by-path/pci-0000:05:00.3-usb-0:2.1.1:1.0-port0
1790753712.9475,B,162,9681,-48,/dev/serial/by-path/pci-0000:05:00.3-usb-0:2.1.2:1.0-port0
1790753712.9687,C,172,9701,-40,/dev/serial/by-path/pci-0000:05:00.3-usb-0:2.1.3:1.0-port0
1790753712.9855,B,163,9719,-48,/dev/serial/by-path/pci-0000:05:00.3-usb-0:2.1.2:1.0-port0
1790753712.9911,C,173,9724,-41,/dev/serial/by-path/pci-0000:05:00.3-usb-0:2.1.3:1.0-port0
1790753712.9943,A,177,9733,-59,/dev/serial/by-path/pci-0000:05:00.3-usb-0:2.1.1:1.0-port0
1790753713.0354,A,178,9774,-58,/dev/serial/by-path/pci-0000:05:00.3-usb-0:2.1.1:1.0-port0
1790753713.0355,C,174,9768,-39,/dev/serial/by-path/pci-0000:05:00.3-usb-0:2.1.3:1.0-port0
1790753713.0373,B,164,9771,-62,/dev/serial/by-path/pci-0000:05:00.3-usb-0:2.1.2:1.0-port0
1790753713.0875,B,165,9821,-50,/dev/serial/by-path/pci-0000:05:00.3-usb-0:2.1.2:1.0-port0
1790753713.0878,C,175,9821,-41,/dev/serial/by-path/pci-0000:05:00.3-usb-0:2.1.3:1.0-port0
1790753713.0946,A,179,9833,-57,/dev/serial/by-path/pci-0000:05:00.3-usb-0:2.1.1:1.0-port0
1790753713.1149,A,180,9854,-57,/dev/serial/by-path/pci-0000:05:00.3-usb-0:2.1.1:1.0-port0
1790753713.1153,B,166,9849,-50,/dev/serial/by-path/pci-0000:05:00.3-usb-0:2.1.2:1.0-port0
1790753713.1200,C,176,9852,-40,/dev/serial/by-path/pci-0000:05:00.3-usb-0:2.1.3:1.0-port0
1790753713.1594,C,177,9892,-39,/dev/serial/by-path/pci-0000:05:00.3-usb-0:2.1.3:1.0-port0
1790753713.1598,A,181,9898,-60,/dev/serial/by-path/pci-0000:05:00.3-usb-0:2.1.1:1.0-port0
1790753713.1873,B,167,9921,-63,/dev/serial/by-path/pci-0000:05:00.3-usb-0:2.1.2:1.0-port0
1790753713.1993,A,182,9938,-57,/dev/serial/by-path/pci-0000:05:00.3-usb-0:2.1.1:1.0-port0
1790753713.2250,B,168,9958,-50,/dev/serial/by-path/pci-0000:05:00.3-usb-0:2.1.2:1.0-port0
1790753713.2254,C,178,9958,-41,/dev/serial/by-path/pci-0000:05:00.3-usb-0:2.1.3:1.0-port0
1790753713.2438,A,183,9983,-57,/dev/serial/by-path/pci-0000:05:00.3-usb-0:2.1.1:1.0-port0
1790753713.2770,B,169,10011,-48,/dev/serial/by-path/pci-0000:05:00.3-usb-0:2.1.2:1.0-port0
1790753713.2946,A,184,10033,-57,/dev/serial/by-path/pci-0000:05:00.3-usb-0:2.1.1:1.0-port0
1790753713.2984,B,170,10032,-61,/dev/serial/by-path/pci-0000:05:00.3-usb-0:2.1.2:1.0-port0
1790753713.3412,C,179,10073,-39,/dev/serial/by-path/pci-0000:05:00.3-usb-0:2.1.3:1.0-port0
1790753713.3443,A,185,10083,-60,/dev/serial/by-path/pci-0000:05:00.3-usb-0:2.1.1:1.0-port0
1790753713.3874,B,171,10121,-50,/dev/serial/by-path/pci-0000:05:00.3-usb-0:2.1.2:1.0-port0
1790753713.3918,C,180,10123,-42,/dev/serial/by-path/pci-0000:05:00.3-usb-0:2.1.3:1.0-port0
1790753713.3937,A,186,10133,-57,/dev/serial/by-path/pci-0000:05:00.3-usb-0:2.1.1:1.0-port0
1790753713.4323,C,181,10165,-41,/dev/serial/by-path/pci-0000:05:00.3-usb-0:2.1.3:1.0-port0
1790753713.4326,A,187,10171,-58,/dev/serial/by-path/pci-0000:05:00.3-usb-0:2.1.1:1.0-port0
1790753713.4377,B,172,10171,-48,/dev/serial/by-path/pci-0000:05:00.3-usb-0:2.1.2:1.0-port0
1790753713.4876,B,173,10221,-62,/dev/serial/by-path/pci-0000:05:00.3-usb-0:2.1.2:1.0-port0
1790753713.4906,C,182,10223,-39,/dev/serial/by-path/pci-0000:05:00.3-usb-0:2.1.3:1.0-port0
1790753713.4941,A,188,10233,-61,/dev/serial/by-path/pci-0000:05:00.3-usb-0:2.1.1:1.0-port0
1790753713.5298,A,189,10268,-57,/dev/serial/by-path/pci-0000:05:00.3-usb-0:2.1.1:1.0-port0
1790753713.5376,B,174,10271,-50,/dev/serial/by-path/pci-0000:05:00.3-usb-0:2.1.2:1.0-port0
1790753713.5417,C,183,10273,-41,/dev/serial/by-path/pci-0000:05:00.3-usb-0:2.1.3:1.0-port0
1790753713.5712,B,175,10304,-48,/dev/serial/by-path/pci-0000:05:00.3-usb-0:2.1.2:1.0-port0
1790753713.5714,C,184,10303,-40,/dev/serial/by-path/pci-0000:05:00.3-usb-0:2.1.3:1.0-port0
1790753713.5901,A,190,10328,-57,/dev/serial/by-path/pci-0000:05:00.3-usb-0:2.1.1:1.0-port0
1790753713.6137,B,176,10347,-62,/dev/serial/by-path/pci-0000:05:00.3-usb-0:2.1.2:1.0-port0
1790753713.6409,C,185,10374,-38,/dev/serial/by-path/pci-0000:05:00.3-usb-0:2.1.3:1.0-port0
1790753713.6442,A,191,10383,-60,/dev/serial/by-path/pci-0000:05:00.3-usb-0:2.1.1:1.0-port0
1790753713.6796,C,186,10412,-42,/dev/serial/by-path/pci-0000:05:00.3-usb-0:2.1.3:1.0-port0
1790753713.6801,B,177,10413,-49,/dev/serial/by-path/pci-0000:05:00.3-usb-0:2.1.2:1.0-port0
1790753713.6804,A,192,10419,-57,/dev/serial/by-path/pci-0000:05:00.3-usb-0:2.1.1:1.0-port0
1790753713.7068,A,193,10445,-58,/dev/serial/by-path/pci-0000:05:00.3-usb-0:2.1.1:1.0-port0
1790753713.7263,C,187,10459,-40,/dev/serial/by-path/pci-0000:05:00.3-usb-0:2.1.3:1.0-port0
1790753713.7266,B,178,10460,-48,/dev/serial/by-path/pci-0000:05:00.3-usb-0:2.1.2:1.0-port0
1790753713.7561,B,179,10490,-63,/dev/serial/by-path/pci-0000:05:00.3-usb-0:2.1.2:1.0-port0
1790753713.7636,A,194,10502,-59,/dev/serial/by-path/pci-0000:05:00.3-usb-0:2.1.1:1.0-port0
1790753713.7640,C,188,10497,-38,/dev/serial/by-path/pci-0000:05:00.3-usb-0:2.1.3:1.0-port0
1790753713.8017,C,189,10534,-42,/dev/serial/by-path/pci-0000:05:00.3-usb-0:2.1.3:1.0-port0
1790753713.8047,A,195,10544,-57,/dev/serial/by-path/pci-0000:05:00.3-usb-0:2.1.1:1.0-port0
1790753713.8187,B,180,10552,-49,/dev/serial/by-path/pci-0000:05:00.3-usb-0:2.1.2:1.0-port0
1790753713.8445,A,196,10583,-57,/dev/serial/by-path/pci-0000:05:00.3-usb-0:2.1.1:1.0-port0
1790753713.8597,B,181,10593,-49,/dev/serial/by-path/pci-0000:05:00.3-usb-0:2.1.2:1.0-port0
1790753713.8884,A,197,10627,-57,/dev/serial/by-path/pci-0000:05:00.3-usb-0:2.1.1:1.0-port0
1790753713.8908,C,190,10623,-40,/dev/serial/by-path/pci-0000:05:00.3-usb-0:2.1.3:1.0-port0
1790753713.9335,C,191,10666,-39,/dev/serial/by-path/pci-0000:05:00.3-usb-0:2.1.3:1.0-port0
1790753713.9338,B,182,10667,-62,/dev/serial/by-path/pci-0000:05:00.3-usb-0:2.1.2:1.0-port0
1790753713.9341,A,198,10672,-61,/dev/serial/by-path/pci-0000:05:00.3-usb-0:2.1.1:1.0-port0
1790753713.9750,C,192,10708,-41,/dev/serial/by-path/pci-0000:05:00.3-usb-0:2.1.3:1.0-port0
1790753713.9756,B,183,10709,-50,/dev/serial/by-path/pci-0000:05:00.3-usb-0:2.1.2:1.0-port0
1790753713.9759,A,199,10714,-57,/dev/serial/by-path/pci-0000:05:00.3-usb-0:2.1.1:1.0-port0
1790753714.0207,A,200,10758,-59,/dev/serial/by-path/pci-0000:05:00.3-usb-0:2.1.1:1.0-port0
1790753714.0372,B,184,10771,-50,/dev/serial/by-path/pci-0000:05:00.3-usb-0:2.1.2:1.0-port0
1790753714.0411,C,193,10774,-40,/dev/serial/by-path/pci-0000:05:00.3-usb-0:2.1.3:1.0-port0
1790753714.0795,A,201,10818,-61,/dev/serial/by-path/pci-0000:05:00.3-usb-0:2.1.1:1.0-port0
1790753714.0799,C,194,10812,-38,/dev/serial/by-path/pci-0000:05:00.3-usb-0:2.1.3:1.0-port0
1790753714.0801,B,185,10813,-62,/dev/serial/by-path/pci-0000:05:00.3-usb-0:2.1.2:1.0-port0
1790753714.1115,B,186,10845,-49,/dev/serial/by-path/pci-0000:05:00.3-usb-0:2.1.2:1.0-port0
1790753714.1118,C,195,10844,-41,/dev/serial/by-path/pci-0000:05:00.3-usb-0:2.1.3:1.0-port0
1790753714.1272,A,202,10866,-57,/dev/serial/by-path/pci-0000:05:00.3-usb-0:2.1.1:1.0-port0
1790753714.1620,B,187,10896,-48,/dev/serial/by-path/pci-0000:05:00.3-usb-0:2.1.2:1.0-port0
1790753714.1778,C,196,10910,-40,/dev/serial/by-path/pci-0000:05:00.3-usb-0:2.1.3:1.0-port0
1790753714.1795,A,203,10918,-57,/dev/serial/by-path/pci-0000:05:00.3-usb-0:2.1.1:1.0-port0
1790753714.2075,C,197,10940,-39,/dev/serial/by-path/pci-0000:05:00.3-usb-0:2.1.3:1.0-port0
1790753714.2380,B,188,10971,-62,/dev/serial/by-path/pci-0000:05:00.3-usb-0:2.1.2:1.0-port0
1790753714.2445,A,204,10983,-60,/dev/serial/by-path/pci-0000:05:00.3-usb-0:2.1.1:1.0-port0
1790753714.2875,B,189,11021,-49,/dev/serial/by-path/pci-0000:05:00.3-usb-0:2.1.2:1.0-port0
1790753714.2879,C,198,11021,-41,/dev/serial/by-path/pci-0000:05:00.3-usb-0:2.1.3:1.0-port0
1790753714.2905,A,205,11030,-57,/dev/serial/by-path/pci-0000:05:00.3-usb-0:2.1.1:1.0-port0
1790753714.2931,A,206,11030,-57,/dev/serial/by-path/pci-0000:05:00.3-usb-0:2.1.1:1.0-port0
1790753714.3377,B,190,11071,-49,/dev/serial/by-path/pci-0000:05:00.3-usb-0:2.1.2:1.0-port0
1790753714.3442,A,207,11083,-57,/dev/serial/by-path/pci-0000:05:00.3-usb-0:2.1.1:1.0-port0
1790753714.3517,B,191,11085,-61,/dev/serial/by-path/pci-0000:05:00.3-usb-0:2.1.2:1.0-port0
1790753714.3837,B,192,11117,-62,/dev/serial/by-path/pci-0000:05:00.3-usb-0:2.1.2:1.0-port0
1790753714.3884,C,199,11121,-39,/dev/serial/by-path/pci-0000:05:00.3-usb-0:2.1.3:1.0-port0
1790753714.3888,A,208,11127,-61,/dev/serial/by-path/pci-0000:05:00.3-usb-0:2.1.1:1.0-port0
1790753714.4229,C,200,11155,-42,/dev/serial/by-path/pci-0000:05:00.3-usb-0:2.1.3:1.0-port0
1790753714.4373,B,193,11171,-49,/dev/serial/by-path/pci-0000:05:00.3-usb-0:2.1.2:1.0-port0
1790753714.4444,A,209,11183,-57,/dev/serial/by-path/pci-0000:05:00.3-usb-0:2.1.1:1.0-port0
1790753714.4641,B,194,11197,-49,/dev/serial/by-path/pci-0000:05:00.3-usb-0:2.1.2:1.0-port0
1790753714.4642,C,201,11197,-40,/dev/serial/by-path/pci-0000:05:00.3-usb-0:2.1.3:1.0-port0
1790753714.4647,A,210,11204,-58,/dev/serial/by-path/pci-0000:05:00.3-usb-0:2.1.1:1.0-port0
1790753714.5193,B,195,11253,-62,/dev/serial/by-path/pci-0000:05:00.3-usb-0:2.1.2:1.0-port0
1790753714.5197,C,202,11252,-39,/dev/serial/by-path/pci-0000:05:00.3-usb-0:2.1.3:1.0-port0
1790753714.5200,A,211,11258,-61,/dev/serial/by-path/pci-0000:05:00.3-usb-0:2.1.1:1.0-port0
1790753714.5545,B,196,11288,-49,/dev/serial/by-path/pci-0000:05:00.3-usb-0:2.1.2:1.0-port0
1790753714.5607,C,203,11293,-41,/dev/serial/by-path/pci-0000:05:00.3-usb-0:2.1.3:1.0-port0
1790753714.5610,A,212,11300,-57,/dev/serial/by-path/pci-0000:05:00.3-usb-0:2.1.1:1.0-port0
1790753714.5938,A,213,11332,-56,/dev/serial/by-path/pci-0000:05:00.3-usb-0:2.1.1:1.0-port0
1790753714.5939,B,197,11327,-50,/dev/serial/by-path/pci-0000:05:00.3-usb-0:2.1.2:1.0-port0
1790753714.6374,B,198,11371,-47,/dev/serial/by-path/pci-0000:05:00.3-usb-0:2.1.2:1.0-port0
1790753714.6410,C,204,11374,-40,/dev/serial/by-path/pci-0000:05:00.3-usb-0:2.1.3:1.0-port0
1790753714.6445,A,214,11383,-58,/dev/serial/by-path/pci-0000:05:00.3-usb-0:2.1.1:1.0-port0
1790753714.6858,C,205,11418,-39,/dev/serial/by-path/pci-0000:05:00.3-usb-0:2.1.3:1.0-port0
1790753714.6863,A,215,11425,-61,/dev/serial/by-path/pci-0000:05:00.3-usb-0:2.1.1:1.0-port0
1790753714.6863,B,199,11419,-62,/dev/serial/by-path/pci-0000:05:00.3-usb-0:2.1.2:1.0-port0
1790753714.7243,B,200,11458,-50,/dev/serial/by-path/pci-0000:05:00.3-usb-0:2.1.2:1.0-port0
1790753714.7282,C,206,11461,-42,/dev/serial/by-path/pci-0000:05:00.3-usb-0:2.1.3:1.0-port0
1790753714.7285,A,216,11467,-57,/dev/serial/by-path/pci-0000:05:00.3-usb-0:2.1.1:1.0-port0
1790753714.7734,C,207,11506,-40,/dev/serial/by-path/pci-0000:05:00.3-usb-0:2.1.3:1.0-port0
1790753714.7772,B,201,11511,-48,/dev/serial/by-path/pci-0000:05:00.3-usb-0:2.1.2:1.0-port0
1790753714.7775,A,217,11516,-58,/dev/serial/by-path/pci-0000:05:00.3-usb-0:2.1.1:1.0-port0
1790753714.8116,A,218,11550,-61,/dev/serial/by-path/pci-0000:05:00.3-usb-0:2.1.1:1.0-port0
1790753714.8156,C,208,11549,-38,/dev/serial/by-path/pci-0000:05:00.3-usb-0:2.1.3:1.0-port0
1790753714.8160,B,202,11550,-62,/dev/serial/by-path/pci-0000:05:00.3-usb-0:2.1.2:1.0-port0
1790753714.8647,C,209,11598,-42,/dev/serial/by-path/pci-0000:05:00.3-usb-0:2.1.3:1.0-port0
1790753714.8653,B,203,11599,-50,/dev/serial/by-path/pci-0000:05:00.3-usb-0:2.1.2:1.0-port0
1790753714.8948,A,219,11633,-57,/dev/serial/by-path/pci-0000:05:00.3-usb-0:2.1.1:1.0-port0
1790753714.9053,B,204,11639,-49,/dev/serial/by-path/pci-0000:05:00.3-usb-0:2.1.2:1.0-port0
1790753714.9056,C,210,11638,-40,/dev/serial/by-path/pci-0000:05:00.3-usb-0:2.1.3:1.0-port0
1790753714.9060,A,220,11644,-57,/dev/serial/by-path/pci-0000:05:00.3-usb-0:2.1.1:1.0-port0
1790753714.9867,C,211,11720,-39,/dev/serial/by-path/pci-0000:05:00.3-usb-0:2.1.3:1.0-port0
1790753714.9871,B,205,11721,-62,/dev/serial/by-path/pci-0000:05:00.3-usb-0:2.1.2:1.0-port0
1790753714.9890,C,212,11720,-38,/dev/serial/by-path/pci-0000:05:00.3-usb-0:2.1.3:1.0-port0
1790753714.9893,B,206,11721,-62,/dev/serial/by-path/pci-0000:05:00.3-usb-0:2.1.2:1.0-port0
1790753714.9944,A,221,11733,-61,/dev/serial/by-path/pci-0000:05:00.3-usb-0:2.1.1:1.0-port0
1790753715.0268,C,213,11759,-42,/dev/serial/by-path/pci-0000:05:00.3-usb-0:2.1.3:1.0-port0
1790753715.0273,B,207,11760,-50,/dev/serial/by-path/pci-0000:05:00.3-usb-0:2.1.2:1.0-port0
1790753715.0274,A,222,11765,-57,/dev/serial/by-path/pci-0000:05:00.3-usb-0:2.1.1:1.0-port0
1790753715.0768,A,223,11816,-57,/dev/serial/by-path/pci-0000:05:00.3-usb-0:2.1.1:1.0-port0
1790753715.0769,B,208,11810,-49,/dev/serial/by-path/pci-0000:05:00.3-usb-0:2.1.2:1.0-port0
1790753715.0774,C,214,11810,-40,/dev/serial/by-path/pci-0000:05:00.3-usb-0:2.1.3:1.0-port0
1790753715.1371,B,209,11871,-60,/dev/serial/by-path/pci-0000:05:00.3-usb-0:2.1.2:1.0-port0
1790753715.1406,C,215,11873,-38,/dev/serial/by-path/pci-0000:05:00.3-usb-0:2.1.3:1.0-port0
1790753715.1442,A,224,11883,-61,/dev/serial/by-path/pci-0000:05:00.3-usb-0:2.1.1:1.0-port0
1790753715.1642,C,216,11897,-42,/dev/serial/by-path/pci-0000:05:00.3-usb-0:2.1.3:1.0-port0
1790753715.1646,B,210,11898,-49,/dev/serial/by-path/pci-0000:05:00.3-usb-0:2.1.2:1.0-port0
1790753715.1946,A,225,11933,-57,/dev/serial/by-path/pci-0000:05:00.3-usb-0:2.1.1:1.0-port0
1790753715.2051,B,211,11938,-48,/dev/serial/by-path/pci-0000:05:00.3-usb-0:2.1.2:1.0-port0
1790753715.2053,C,217,11937,-40,/dev/serial/by-path/pci-0000:05:00.3-usb-0:2.1.3:1.0-port0
1790753715.2070,A,226,11946,-57,/dev/serial/by-path/pci-0000:05:00.3-usb-0:2.1.1:1.0-port0
1790753715.2531,B,212,11987,-63,/dev/serial/by-path/pci-0000:05:00.3-usb-0:2.1.2:1.0-port0
1790753715.2911,C,218,12023,-39,/dev/serial/by-path/pci-0000:05:00.3-usb-0:2.1.3:1.0-port0
1790753715.2940,A,227,12033,-61,/dev/serial/by-path/pci-0000:05:00.3-usb-0:2.1.1:1.0-port0
1790753715.2947,B,213,12028,-50,/dev/serial/by-path/pci-0000:05:00.3-usb-0:2.1.2:1.0-port0
1790753715.3214,C,219,12054,-41,/dev/serial/by-path/pci-0000:05:00.3-usb-0:2.1.3:1.0-port0
1790753715.3405,C,220,12073,-42,/dev/serial/by-path/pci-0000:05:00.3-usb-0:2.1.3:1.0-port0
1790753715.3446,A,228,12083,-57,/dev/serial/by-path/pci-0000:05:00.3-usb-0:2.1.1:1.0-port0
1790753715.3501,B,214,12083,-48,/dev/serial/by-path/pci-0000:05:00.3-usb-0:2.1.2:1.0-port0
1790753715.3834,B,215,12117,-48,/dev/serial/by-path/pci-0000:05:00.3-usb-0:2.1.2:1.0-port0
1790753715.3909,C,221,12123,-40,/dev/serial/by-path/pci-0000:05:00.3-usb-0:2.1.3:1.0-port0
1790753715.3913,A,229,12130,-57,/dev/serial/by-path/pci-0000:05:00.3-usb-0:2.1.1:1.0-port0
1790753715.4276,C,222,12160,-40,/dev/serial/by-path/pci-0000:05:00.3-usb-0:2.1.3:1.0-port0
1790753715.4279,A,230,12166,-61,/dev/serial/by-path/pci-0000:05:00.3-usb-0:2.1.1:1.0-port0
1790753715.4373,B,216,12171,-62,/dev/serial/by-path/pci-0000:05:00.3-usb-0:2.1.2:1.0-port0
1790753715.4715,A,231,12211,-57,/dev/serial/by-path/pci-0000:05:00.3-usb-0:2.1.1:1.0-port0
1790753715.4719,C,223,12205,-41,/dev/serial/by-path/pci-0000:05:00.3-usb-0:2.1.3:1.0-port0
1790753715.4722,B,217,12206,-50,/dev/serial/by-path/pci-0000:05:00.3-usb-0:2.1.2:1.0-port0
1790753715.5298,B,218,12263,-48,/dev/serial/by-path/pci-0000:05:00.3-usb-0:2.1.2:1.0-port0
1790753715.5301,C,224,12262,-40,/dev/serial/by-path/pci-0000:05:00.3-usb-0:2.1.3:1.0-port0
1790753715.5305,A,232,12269,-59,/dev/serial/by-path/pci-0000:05:00.3-usb-0:2.1.1:1.0-port0
1790753715.5646,B,219,12298,-61,/dev/serial/by-path/pci-0000:05:00.3-usb-0:2.1.2:1.0-port0
1790753715.5797,C,225,12312,-38,/dev/serial/by-path/pci-0000:05:00.3-usb-0:2.1.3:1.0-port0
1790753715.5945,A,233,12333,-60,/dev/serial/by-path/pci-0000:05:00.3-usb-0:2.1.1:1.0-port0
1790753715.6134,B,220,12347,-49,/dev/serial/by-path/pci-0000:05:00.3-usb-0:2.1.2:1.0-port0
1790753715.6137,C,226,12346,-42,/dev/serial/by-path/pci-0000:05:00.3-usb-0:2.1.3:1.0-port0
1790753715.6246,A,234,12363,-57,/dev/serial/by-path/pci-0000:05:00.3-usb-0:2.1.1:1.0-port0
1790753715.6628,A,235,12401,-57,/dev/serial/by-path/pci-0000:05:00.3-usb-0:2.1.1:1.0-port0
1790753715.6758,C,227,12409,-41,/dev/serial/by-path/pci-0000:05:00.3-usb-0:2.1.3:1.0-port0
1790753715.6871,B,221,12421,-48,/dev/serial/by-path/pci-0000:05:00.3-usb-0:2.1.2:1.0-port0
1790753715.7020,B,222,12435,-61,/dev/serial/by-path/pci-0000:05:00.3-usb-0:2.1.2:1.0-port0
1790753715.7408,C,228,12473,-39,/dev/serial/by-path/pci-0000:05:00.3-usb-0:2.1.3:1.0-port0
1790753715.7433,A,236,12482,-59,/dev/serial/by-path/pci-0000:05:00.3-usb-0:2.1.1:1.0-port0
1790753715.7577,C,229,12490,-41,/dev/serial/by-path/pci-0000:05:00.3-usb-0:2.1.3:1.0-port0
1790753715.7636,A,237,12502,-57,/dev/serial/by-path/pci-0000:05:00.3-usb-0:2.1.1:1.0-port0
1790753715.7641,B,223,12497,-49,/dev/serial/by-path/pci-0000:05:00.3-usb-0:2.1.2:1.0-port0
1790753715.8164,C,230,12549,-40,/dev/serial/by-path/pci-0000:05:00.3-usb-0:2.1.3:1.0-port0
1790753715.8352,B,224,12569,-49,/dev/serial/by-path/pci-0000:05:00.3-usb-0:2.1.2:1.0-port0
1790753715.8374,B,225,12571,-48,/dev/serial/by-path/pci-0000:05:00.3-usb-0:2.1.2:1.0-port0
1790753715.8377,C,231,12570,-40,/dev/serial/by-path/pci-0000:05:00.3-usb-0:2.1.3:1.0-port0
1790753715.8442,A,238,12583,-57,/dev/serial/by-path/pci-0000:05:00.3-usb-0:2.1.1:1.0-port0
1790753715.8884,A,239,12627,-61,/dev/serial/by-path/pci-0000:05:00.3-usb-0:2.1.1:1.0-port0
1790753715.8886,C,232,12621,-39,/dev/serial/by-path/pci-0000:05:00.3-usb-0:2.1.3:1.0-port0
1790753715.9344,C,233,12667,-41,/dev/serial/by-path/pci-0000:05:00.3-usb-0:2.1.3:1.0-port0
1790753715.9348,B,226,12668,-49,/dev/serial/by-path/pci-0000:05:00.3-usb-0:2.1.2:1.0-port0
1790753715.9351,A,240,12674,-57,/dev/serial/by-path/pci-0000:05:00.3-usb-0:2.1.1:1.0-port0
1790753715.9819,A,241,12720,-57,/dev/serial/by-path/pci-0000:05:00.3-usb-0:2.1.1:1.0-port0
1790753715.9839,C,234,12716,-41,/dev/serial/by-path/pci-0000:05:00.3-usb-0:2.1.3:1.0-port0
1790753716.0292,A,242,12768,-61,/dev/serial/by-path/pci-0000:05:00.3-usb-0:2.1.1:1.0-port0
1790753716.0294,B,227,12763,-61,/dev/serial/by-path/pci-0000:05:00.3-usb-0:2.1.2:1.0-port0
1790753716.0297,C,235,12762,-38,/dev/serial/by-path/pci-0000:05:00.3-usb-0:2.1.3:1.0-port0
1790753716.0707,B,228,12804,-50,/dev/serial/by-path/pci-0000:05:00.3-usb-0:2.1.2:1.0-port0
1790753716.0797,A,243,12818,-56,/dev/serial/by-path/pci-0000:05:00.3-usb-0:2.1.1:1.0-port0
1790753716.0910,C,236,12823,-41,/dev/serial/by-path/pci-0000:05:00.3-usb-0:2.1.3:1.0-port0
1790753716.1191,B,229,12853,-48,/dev/serial/by-path/pci-0000:05:00.3-usb-0:2.1.2:1.0-port0
1790753716.1195,C,237,12852,-40,/dev/serial/by-path/pci-0000:05:00.3-usb-0:2.1.3:1.0-port0
1790753716.1202,A,244,12859,-57,/dev/serial/by-path/pci-0000:05:00.3-usb-0:2.1.1:1.0-port0
1790753716.1657,C,238,12899,-39,/dev/serial/by-path/pci-0000:05:00.3-usb-0:2.1.3:1.0-port0
1790753716.1660,A,245,12905,-61,/dev/serial/by-path/pci-0000:05:00.3-usb-0:2.1.1:1.0-port0
1790753716.1664,B,230,12900,-62,/dev/serial/by-path/pci-0000:05:00.3-usb-0:2.1.2:1.0-port0
1790753716.2169,C,239,12949,-41,/dev/serial/by-path/pci-0000:05:00.3-usb-0:2.1.3:1.0-port0
1790753716.2173,A,246,12956,-57,/dev/serial/by-path/pci-0000:05:00.3-usb-0:2.1.1:1.0-port0
1790753716.2178,B,231,12952,-50,/dev/serial/by-path/pci-0000:05:00.3-usb-0:2.1.2:1.0-port0
1790753716.2512,C,240,12984,-41,/dev/serial/by-path/pci-0000:05:00.3-usb-0:2.1.3:1.0-port0
1790753716.2576,A,247,12996,-57,/dev/serial/by-path/pci-0000:05:00.3-usb-0:2.1.1:1.0-port0
1790753716.2630,B,232,12997,-49,/dev/serial/by-path/pci-0000:05:00.3-usb-0:2.1.2:1.0-port0
1790753716.2908,C,241,13023,-40,/dev/serial/by-path/pci-0000:05:00.3-usb-0:2.1.3:1.0-port0
1790753716.2944,A,248,13033,-57,/dev/serial/by-path/pci-0000:05:00.3-usb-0:2.1.1:1.0-port0
1790753716.3320,B,233,13067,-60,/dev/serial/by-path/pci-0000:05:00.3-usb-0:2.1.2:1.0-port0
1790753716.3343,B,234,13067,-61,/dev/serial/by-path/pci-0000:05:00.3-usb-0:2.1.2:1.0-port0
1790753716.3415,C,242,13073,-38,/dev/serial/by-path/pci-0000:05:00.3-usb-0:2.1.3:1.0-port0
1790753716.3444,A,249,13083,-59,/dev/serial/by-path/pci-0000:05:00.3-usb-0:2.1.1:1.0-port0
1790753716.3778,B,235,13111,-49,/dev/serial/by-path/pci-0000:05:00.3-usb-0:2.1.2:1.0-port0
1790753716.3783,A,250,13117,-57,/dev/serial/by-path/pci-0000:05:00.3-usb-0:2.1.1:1.0-port0
1790753716.3832,C,243,13116,-42,/dev/serial/by-path/pci-0000:05:00.3-usb-0:2.1.3:1.0-port0
1790753716.4208,C,244,13153,-40,/dev/serial/by-path/pci-0000:05:00.3-usb-0:2.1.3:1.0-port0
1790753716.4372,B,236,13171,-48,/dev/serial/by-path/pci-0000:05:00.3-usb-0:2.1.2:1.0-port0
1790753716.4415,A,251,13180,-57,/dev/serial/by-path/pci-0000:05:00.3-usb-0:2.1.1:1.0-port0
1790753716.4709,C,245,13203,-39,/dev/serial/by-path/pci-0000:05:00.3-usb-0:2.1.3:1.0-port0
1790753716.4715,A,252,13210,-61,/dev/serial/by-path/pci-0000:05:00.3-usb-0:2.1.1:1.0-port0
1790753716.4873,B,237,13221,-61,/dev/serial/by-path/pci-0000:05:00.3-usb-0:2.1.2:1.0-port0
1790753716.5146,C,246,13247,-41,/dev/serial/by-path/pci-0000:05:00.3-usb-0:2.1.3:1.0-port0
1790753716.5382,B,238,13271,-50,/dev/serial/by-path/pci-0000:05:00.3-usb-0:2.1.2:1.0-port0
1790753716.5420,A,253,13281,-57,/dev/serial/by-path/pci-0000:05:00.3-usb-0:2.1.1:1.0-port0
1790753716.5607,B,239,13295,-48,/dev/serial/by-path/pci-0000:05:00.3-usb-0:2.1.2:1.0-port0
1790753716.5609,C,247,13294,-41,/dev/serial/by-path/pci-0000:05:00.3-usb-0:2.1.3:1.0-port0
1790753716.5612,A,254,13300,-58,/dev/serial/by-path/pci-0000:05:00.3-usb-0:2.1.1:1.0-port0
1790753716.6040,B,240,13338,-61,/dev/serial/by-path/pci-0000:05:00.3-usb-0:2.1.2:1.0-port0
1790753716.6415,C,248,13374,-38,/dev/serial/by-path/pci-0000:05:00.3-usb-0:2.1.3:1.0-port0
1790753716.6444,A,255,13383,-60,/dev/serial/by-path/pci-0000:05:00.3-usb-0:2.1.1:1.0-port0
1790753716.6882,B,241,13422,-50,/dev/serial/by-path/pci-0000:05:00.3-usb-0:2.1.2:1.0-port0
1790753716.6884,A,256,13427,-57,/dev/serial/by-path/pci-0000:05:00.3-usb-0:2.1.1:1.0-port0
1790753716.6912,C,249,13423,-41,/dev/serial/by-path/pci-0000:05:00.3-usb-0:2.1.3:1.0-port0
1790753716.7285,B,242,13462,-49,/dev/serial/by-path/pci-0000:05:00.3-usb-0:2.1.2:1.0-port0
1790753716.7415,C,250,13473,-41,/dev/serial/by-path/pci-0000:05:00.3-usb-0:2.1.3:1.0-port0
1790753716.7445,A,257,13483,-57,/dev/serial/by-path/pci-0000:05:00.3-usb-0:2.1.1:1.0-port0
1790753716.7744,B,243,13508,-62,/dev/serial/by-path/pci-0000:05:00.3-usb-0:2.1.2:1.0-port0
1790753716.7908,A,258,13529,-61,/dev/serial/by-path/pci-0000:05:00.3-usb-0:2.1.1:1.0-port0
1790753716.7912,C,251,13524,-39,/dev/serial/by-path/pci-0000:05:00.3-usb-0:2.1.3:1.0-port0
1790753716.8135,B,244,13548,-51,/dev/serial/by-path/pci-0000:05:00.3-usb-0:2.1.2:1.0-port0
1790753716.8140,A,259,13553,-57,/dev/serial/by-path/pci-0000:05:00.3-usb-0:2.1.1:1.0-port0
1790753716.8142,C,252,13547,-42,/dev/serial/by-path/pci-0000:05:00.3-usb-0:2.1.3:1.0-port0
1790753716.8645,C,253,13597,-40,/dev/serial/by-path/pci-0000:05:00.3-usb-0:2.1.3:1.0-port0
1790753716.8656,A,260,13605,-56,/dev/serial/by-path/pci-0000:05:00.3-usb-0:2.1.1:1.0-port0
1790753716.8975,C,254,13631,-39,/dev/serial/by-path/pci-0000:05:00.3-usb-0:2.1.3:1.0-port0
1790753716.8981,B,245,13632,-62,/dev/serial/by-path/pci-0000:05:00.3-usb-0:2.1.2:1.0-port0
1790753716.9361,A,261,13675,-60,/dev/serial/by-path/pci-0000:05:00.3-usb-0:2.1.1:1.0-port0
1790753716.9414,C,255,13674,-39,/dev/serial/by-path/pci-0000:05:00.3-usb-0:2.1.3:1.0-port0
1790753716.9445,A,262,13683,-60,/dev/serial/by-path/pci-0000:05:00.3-usb-0:2.1.1:1.0-port0
1790753716.9884,A,263,13727,-57,/dev/serial/by-path/pci-0000:05:00.3-usb-0:2.1.1:1.0-port0
1790753716.9885,C,256,13721,-41,/dev/serial/by-path/pci-0000:05:00.3-usb-0:2.1.3:1.0-port0
1790753717.0348,C,257,13767,-40,/dev/serial/by-path/pci-0000:05:00.3-usb-0:2.1.3:1.0-port0
1790753717.0350,B,246,13768,-48,/dev/serial/by-path/pci-0000:05:00.3-usb-0:2.1.2:1.0-port0
1790753717.0354,A,264,13774,-57,/dev/serial/by-path/pci-0000:05:00.3-usb-0:2.1.1:1.0-port0
1790753717.0797,B,247,13813,-61,/dev/serial/by-path/pci-0000:05:00.3-usb-0:2.1.2:1.0-port0
1790753717.0911,C,258,13823,-39,/dev/serial/by-path/pci-0000:05:00.3-usb-0:2.1.3:1.0-port0
1790753717.0915,A,265,13831,-60,/dev/serial/by-path/pci-0000:05:00.3-usb-0:2.1.1:1.0-port0
1790753717.1205,A,266,13859,-56,/dev/serial/by-path/pci-0000:05:00.3-usb-0:2.1.1:1.0-port0
1790753717.1232,C,259,13856,-42,/dev/serial/by-path/pci-0000:05:00.3-usb-0:2.1.3:1.0-port0
1790753717.1233,B,248,13857,-50,/dev/serial/by-path/pci-0000:05:00.3-usb-0:2.1.2:1.0-port0
1790753717.1786,A,267,13917,-57,/dev/serial/by-path/pci-0000:05:00.3-usb-0:2.1.1:1.0-port0
1790753717.1872,B,249,13921,-48,/dev/serial/by-path/pci-0000:05:00.3-usb-0:2.1.2:1.0-port0
1790753717.1912,C,260,13923,-40,/dev/serial/by-path/pci-0000:05:00.3-usb-0:2.1.3:1.0-port0
1790753717.2246,B,250,13958,-61,/dev/serial/by-path/pci-0000:05:00.3-usb-0:2.1.2:1.0-port0
1790753717.2416,C,261,13973,-38,/dev/serial/by-path/pci-0000:05:00.3-usb-0:2.1.3:1.0-port0
1790753717.2442,A,268,13983,-60,/dev/serial/by-path/pci-0000:05:00.3-usb-0:2.1.1:1.0-port0
1790753717.2678,A,269,14006,-57,/dev/serial/by-path/pci-0000:05:00.3-usb-0:2.1.1:1.0-port0
1790753717.2724,B,251,14006,-50,/dev/serial/by-path/pci-0000:05:00.3-usb-0:2.1.2:1.0-port0
1790753717.2725,C,262,14005,-41,/dev/serial/by-path/pci-0000:05:00.3-usb-0:2.1.3:1.0-port0
1790753717.3175,C,263,14050,-40,/dev/serial/by-path/pci-0000:05:00.3-usb-0:2.1.3:1.0-port0
1790753717.3274,A,270,14066,-57,/dev/serial/by-path/pci-0000:05:00.3-usb-0:2.1.1:1.0-port0
1790753717.3597,C,264,14092,-38,/dev/serial/by-path/pci-0000:05:00.3-usb-0:2.1.3:1.0-port0
1790753717.3603,B,252,14093,-61,/dev/serial/by-path/pci-0000:05:00.3-usb-0:2.1.2:1.0-port0
1790753717.3604,A,271,14099,-61,/dev/serial/by-path/pci-0000:05:00.3-usb-0:2.1.1:1.0-port0
1790753717.4062,B,253,14140,-49,/dev/serial/by-path/pci-0000:05:00.3-usb-0:2.1.2:1.0-port0
1790753717.4132,C,265,14146,-41,/dev/serial/by-path/pci-0000:05:00.3-usb-0:2.1.3:1.0-port0
1790753717.4145,A,272,14153,-57,/dev/serial/by-path/pci-0000:05:00.3-usb-0:2.1.1:1.0-port0
1790753717.4653,C,266,14198,-40,/dev/serial/by-path/pci-0000:05:00.3-usb-0:2.1.3:1.0-port0
1790753717.4658,B,254,14199,-48,/dev/serial/by-path/pci-0000:05:00.3-usb-0:2.1.2:1.0-port0
1790753717.4881,A,273,14227,-59,/dev/serial/by-path/pci-0000:05:00.3-usb-0:2.1.1:1.0-port0
1790753717.5222,B,255,14256,-61,/dev/serial/by-path/pci-0000:05:00.3-usb-0:2.1.2:1.0-port0
1790753717.5225,C,267,14255,-39,/dev/serial/by-path/pci-0000:05:00.3-usb-0:2.1.3:1.0-port0
1790753717.5397,A,274,14277,-61,/dev/serial/by-path/pci-0000:05:00.3-usb-0:2.1.1:1.0-port0
1790753717.5407,C,268,14273,-39,/dev/serial/by-path/pci-0000:05:00.3-usb-0:2.1.3:1.0-port0
1790753717.6253,C,269,14358,-40,/dev/serial/by-path/pci-0000:05:00.3-usb-0:2.1.3:1.0-port0
1790753717.6282,B,256,14362,-48,/dev/serial/by-path/pci-0000:05:00.3-usb-0:2.1.2:1.0-port0
1790753717.6288,A,275,14368,-57,/dev/serial/by-path/pci-0000:05:00.3-usb-0:2.1.1:1.0-port0
1790753717.6756,B,257,14409,-61,/dev/serial/by-path/pci-0000:05:00.3-usb-0:2.1.2:1.0-port0
1790753717.6911,C,270,14423,-38,/dev/serial/by-path/pci-0000:05:00.3-usb-0:2.1.3:1.0-port0
1790753717.6946,A,276,14433,-61,/dev/serial/by-path/pci-0000:05:00.3-usb-0:2.1.1:1.0-port0
1790753717.7251,B,258,14459,-50,/dev/serial/by-path/pci-0000:05:00.3-usb-0:2.1.2:1.0-port0
1790753717.7256,A,277,14464,-56,/dev/serial/by-path/pci-0000:05:00.3-usb-0:2.1.1:1.0-port0
1790753717.7258,C,271,14458,-41,/dev/serial/by-path/pci-0000:05:00.3-usb-0:2.1.3:1.0-port0
1790753717.7696,C,272,14502,-41,/dev/serial/by-path/pci-0000:05:00.3-usb-0:2.1.3:1.0-port0
1790753717.7697,A,278,14508,-57,/dev/serial/by-path/pci-0000:05:00.3-usb-0:2.1.1:1.0-port0
1790753717.7794,B,259,14513,-49,/dev/serial/by-path/pci-0000:05:00.3-usb-0:2.1.2:1.0-port0
1790753717.8232,B,260,14558,-62,/dev/serial/by-path/pci-0000:05:00.3-usb-0:2.1.2:1.0-port0
1790753717.8302,C,273,14563,-39,/dev/serial/by-path/pci-0000:05:00.3-usb-0:2.1.3:1.0-port0
1790753717.8304,A,279,14569,-61,/dev/serial/by-path/pci-0000:05:00.3-usb-0:2.1.1:1.0-port0
1790753717.8587,B,261,14593,-50,/dev/serial/by-path/pci-0000:05:00.3-usb-0:2.1.2:1.0-port0
1790753717.8655,A,280,14604,-56,/dev/serial/by-path/pci-0000:05:00.3-usb-0:2.1.1:1.0-port0
1790753717.8657,C,274,14598,-41,/dev/serial/by-path/pci-0000:05:00.3-usb-0:2.1.3:1.0-port0
1790753717.8993,C,275,14633,-40,/dev/serial/by-path/pci-0000:05:00.3-usb-0:2.1.3:1.0-port0
1790753717.8998,B,262,14634,-48,/dev/serial/by-path/pci-0000:05:00.3-usb-0:2.1.2:1.0-port0
1790753717.9001,A,281,14639,-57,/dev/serial/by-path/pci-0000:05:00.3-usb-0:2.1.1:1.0-port0
1790753717.9467,B,263,14681,-62,/dev/serial/by-path/pci-0000:05:00.3-usb-0:2.1.2:1.0-port0
1790753717.9898,C,276,14723,-39,/dev/serial/by-path/pci-0000:05:00.3-usb-0:2.1.3:1.0-port0
1790753717.9922,C,277,14723,-39,/dev/serial/by-path/pci-0000:05:00.3-usb-0:2.1.3:1.0-port0
1790753717.9943,A,282,14733,-61,/dev/serial/by-path/pci-0000:05:00.3-usb-0:2.1.1:1.0-port0
1790753718.0365,B,264,14770,-50,/dev/serial/by-path/pci-0000:05:00.3-usb-0:2.1.2:1.0-port0
1790753718.0406,C,278,14773,-42,/dev/serial/by-path/pci-0000:05:00.3-usb-0:2.1.3:1.0-port0
1790753718.0444,A,283,14783,-57,/dev/serial/by-path/pci-0000:05:00.3-usb-0:2.1.1:1.0-port0
1790753718.0842,A,284,14823,-57,/dev/serial/by-path/pci-0000:05:00.3-usb-0:2.1.1:1.0-port0
1790753718.0876,B,265,14821,-48,/dev/serial/by-path/pci-0000:05:00.3-usb-0:2.1.2:1.0-port0
1790753718.0902,C,279,14823,-40,/dev/serial/by-path/pci-0000:05:00.3-usb-0:2.1.3:1.0-port0
1790753718.1350,C,280,14868,-39,/dev/serial/by-path/pci-0000:05:00.3-usb-0:2.1.3:1.0-port0
1790753718.1373,B,266,14871,-62,/dev/serial/by-path/pci-0000:05:00.3-usb-0:2.1.2:1.0-port0
1790753718.1448,A,285,14884,-61,/dev/serial/by-path/pci-0000:05:00.3-usb-0:2.1.1:1.0-port0
1790753718.1828,B,267,14916,-51,/dev/serial/by-path/pci-0000:05:00.3-usb-0:2.1.2:1.0-port0
1790753718.1910,C,281,14924,-41,/dev/serial/by-path/pci-0000:05:00.3-usb-0:2.1.3:1.0-port0
1790753718.1943,A,286,14933,-57,/dev/serial/by-path/pci-0000:05:00.3-usb-0:2.1.1:1.0-port0
1790753718.2445,A,287,14983,-60,/dev/serial/by-path/pci-0000:05:00.3-usb-0:2.1.1:1.0-port0
1790753718.2714,A,288,15010,-61,/dev/serial/by-path/pci-0000:05:00.3-usb-0:2.1.1:1.0-port0
1790753718.2718,C,282,15004,-38,/dev/serial/by-path/pci-0000:05:00.3-usb-0:2.1.3:1.0-port0
1790753718.2721,B,268,15005,-61,/dev/serial/by-path/pci-0000:05:00.3-usb-0:2.1.2:1.0-port0
1790753718.3170,A,289,15056,-57,/dev/serial/by-path/pci-0000:05:00.3-usb-0:2.1.1:1.0-port0
1790753718.3172,B,269,15051,-50,/dev/serial/by-path/pci-0000:05:00.3-usb-0:2.1.2:1.0-port0
1790753718.3176,C,283,15050,-41,/dev/serial/by-path/pci-0000:05:00.3-usb-0:2.1.3:1.0-port0
1790753718.3664,B,270,15100,-48,/dev/serial/by-path/pci-0000:05:00.3-usb-0:2.1.2:1.0-port0
1790753718.3731,C,284,15106,-41,/dev/serial/by-path/pci-0000:05:00.3-usb-0:2.1.3:1.0-port0
1790753718.3733,A,290,15112,-57,/dev/serial/by-path/pci-0000:05:00.3-usb-0:2.1.1:1.0-port0
1790753718.4199,B,271,15154,-62,/dev/serial/by-path/pci-0000:05:00.3-usb-0:2.1.2:1.0-port0
1790753718.4332,A,291,15172,-60,/dev/serial/by-path/pci-0000:05:00.3-usb-0:2.1.1:1.0-port0
1790753718.4336,C,285,15166,-38,/dev/serial/by-path/pci-0000:05:00.3-usb-0:2.1.3:1.0-port0
1790753718.4587,C,286,15192,-41,/dev/serial/by-path/pci-0000:05:00.3-usb-0:2.1.3:1.0-port0
1790753718.4591,B,272,15193,-50,/dev/serial/by-path/pci-0000:05:00.3-usb-0:2.1.2:1.0-port0
1790753718.4631,A,292,15202,-57,/dev/serial/by-path/pci-0000:05:00.3-usb-0:2.1.1:1.0-port0
1790753718.5057,C,287,15239,-40,/dev/serial/by-path/pci-0000:05:00.3-usb-0:2.1.3:1.0-port0
1790753718.5371,B,273,15271,-48,/dev/serial/by-path/pci-0000:05:00.3-usb-0:2.1.2:1.0-port0
1790753718.5443,A,293,15284,-57,/dev/serial/by-path/pci-0000:05:00.3-usb-0:2.1.1:1.0-port0
1790753718.5603,B,274,15294,-60,/dev/serial/by-path/pci-0000:05:00.3-usb-0:2.1.2:1.0-port0
1790753718.5797,C,288,15312,-38,/dev/serial/by-path/pci-0000:05:00.3-usb-0:2.1.3:1.0-port0
1790753718.5801,A,294,15319,-61,/dev/serial/by-path/pci-0000:05:00.3-usb-0:2.1.1:1.0-port0
1790753718.5930,A,295,15331,-60,/dev/serial/by-path/pci-0000:05:00.3-usb-0:2.1.1:1.0-port0
1790753718.6103,B,275,15343,-50,/dev/serial/by-path/pci-0000:05:00.3-usb-0:2.1.2:1.0-port0
1790753718.6385,C,289,15372,-41,/dev/serial/by-path/pci-0000:05:00.3-usb-0:2.1.3:1.0-port0
1790753718.6445,A,296,15383,-57,/dev/serial/by-path/pci-0000:05:00.3-usb-0:2.1.1:1.0-port0
1790753718.6906,C,290,15423,-40,/dev/serial/by-path/pci-0000:05:00.3-usb-0:2.1.3:1.0-port0
1790753718.6938,A,297,15432,-57,/dev/serial/by-path/pci-0000:05:00.3-usb-0:2.1.1:1.0-port0
1790753718.7358,C,291,15469,-38,/dev/serial/by-path/pci-0000:05:00.3-usb-0:2.1.3:1.0-port0
1790753718.7361,B,276,15470,-62,/dev/serial/by-path/pci-0000:05:00.3-usb-0:2.1.2:1.0-port0
1790753718.7364,A,298,15475,-61,/dev/serial/by-path/pci-0000:05:00.3-usb-0:2.1.1:1.0-port0
1790753718.7840,C,292,15517,-42,/dev/serial/by-path/pci-0000:05:00.3-usb-0:2.1.3:1.0-port0
1790753718.7843,A,299,15523,-57,/dev/serial/by-path/pci-0000:05:00.3-usb-0:2.1.1:1.0-port0
1790753718.7847,B,277,15518,-49,/dev/serial/by-path/pci-0000:05:00.3-usb-0:2.1.2:1.0-port0
1790753718.8296,A,300,15568,-58,/dev/serial/by-path/pci-0000:05:00.3-usb-0:2.1.1:1.0-port0
1790753718.8298,C,293,15562,-41,/dev/serial/by-path/pci-0000:05:00.3-usb-0:2.1.3:1.0-port0
1790753718.8370,B,278,15571,-48,/dev/serial/by-path/pci-0000:05:00.3-usb-0:2.1.2:1.0-port0
1790753718.8744,C,294,15607,-38,/dev/serial/by-path/pci-0000:05:00.3-usb-0:2.1.3:1.0-port0
1790753718.8778,B,279,15612,-61,/dev/serial/by-path/pci-0000:05:00.3-usb-0:2.1.2:1.0-port0
1790753718.8942,A,301,15633,-61,/dev/serial/by-path/pci-0000:05:00.3-usb-0:2.1.1:1.0-port0
1790753718.9231,B,280,15657,-50,/dev/serial/by-path/pci-0000:05:00.3-usb-0:2.1.2:1.0-port0
1790753718.9306,A,302,15669,-57,/dev/serial/by-path/pci-0000:05:00.3-usb-0:2.1.1:1.0-port0
1790753718.9307,C,295,15663,-42,/dev/serial/by-path/pci-0000:05:00.3-usb-0:2.1.3:1.0-port0
1790753718.9633,A,303,15702,-57,/dev/serial/by-path/pci-0000:05:00.3-usb-0:2.1.1:1.0-port0
1790753718.9637,C,296,15696,-40,/dev/serial/by-path/pci-0000:05:00.3-usb-0:2.1.3:1.0-port0
1790753718.9640,B,281,15697,-49,/dev/serial/by-path/pci-0000:05:00.3-usb-0:2.1.2:1.0-port0
1790753719.0102,C,297,15743,-38,/dev/serial/by-path/pci-0000:05:00.3-usb-0:2.1.3:1.0-port0
1790753719.0106,B,282,15744,-62,/dev/serial/by-path/pci-0000:05:00.3-usb-0:2.1.2:1.0-port0
1790753719.0108,A,304,15750,-61,/dev/serial/by-path/pci-0000:05:00.3-usb-0:2.1.1:1.0-port0
1790753719.0588,B,283,15793,-49,/dev/serial/by-path/pci-0000:05:00.3-usb-0:2.1.2:1.0-port0
1790753719.0593,C,298,15792,-41,/dev/serial/by-path/pci-0000:05:00.3-usb-0:2.1.3:1.0-port0
1790753719.0897,A,305,15828,-57,/dev/serial/by-path/pci-0000:05:00.3-usb-0:2.1.1:1.0-port0
1790753719.0945,A,306,15833,-57,/dev/serial/by-path/pci-0000:05:00.3-usb-0:2.1.1:1.0-port0
1790753719.1088,C,299,15841,-40,/dev/serial/by-path/pci-0000:05:00.3-usb-0:2.1.3:1.0-port0
1790753719.1093,B,284,15842,-49,/dev/serial/by-path/pci-0000:05:00.3-usb-0:2.1.2:1.0-port0
1790753719.1395,A,307,15878,-57,/dev/serial/by-path/pci-0000:05:00.3-usb-0:2.1.1:1.0-port0
1790753719.1400,C,300,15872,-41,/dev/serial/by-path/pci-0000:05:00.3-usb-0:2.1.3:1.0-port0
1790753719.1908,C,301,15923,-39,/dev/serial/by-path/pci-0000:05:00.3-usb-0:2.1.3:1.0-port0
1790753719.1944,A,308,15933,-61,/dev/serial/by-path/pci-0000:05:00.3-usb-0:2.1.1:1.0-port0
1790753719.2346,C,302,15967,-41,/dev/serial/by-path/pci-0000:05:00.3-usb-0:2.1.3:1.0-port0
1790753719.2347,B,285,15968,-50,/dev/serial/by-path/pci-0000:05:00.3-usb-0:2.1.2:1.0-port0
1790753719.2444,A,309,15983,-56,/dev/serial/by-path/pci-0000:05:00.3-usb-0:2.1.1:1.0-port0
1790753719.2872,B,286,16021,-49,/dev/serial/by-path/pci-0000:05:00.3-usb-0:2.1.2:1.0-port0
1790753719.2875,A,310,16026,-57,/dev/serial/by-path/pci-0000:05:00.3-usb-0:2.1.1:1.0-port0
1790753719.2908,C,303,16023,-41,/dev/serial/by-path/pci-0000:05:00.3-usb-0:2.1.3:1.0-port0
1790753719.3221,B,287,16056,-62,/dev/serial/by-path/pci-0000:05:00.3-usb-0:2.1.2:1.0-port0
1790753719.3252,C,304,16058,-38,/dev/serial/by-path/pci-0000:05:00.3-usb-0:2.1.3:1.0-port0
1790753719.3255,A,311,16064,-60,/dev/serial/by-path/pci-0000:05:00.3-usb-0:2.1.1:1.0-port0
1790753719.3645,B,288,16098,-51,/dev/serial/by-path/pci-0000:05:00.3-usb-0:2.1.2:1.0-port0
1790753719.3648,C,305,16097,-42,/dev/serial/by-path/pci-0000:05:00.3-usb-0:2.1.3:1.0-port0
1790753719.3943,A,312,16133,-57,/dev/serial/by-path/pci-0000:05:00.3-usb-0:2.1.1:1.0-port0
1790753719.4132,B,289,16147,-48,/dev/serial/by-path/pci-0000:05:00.3-usb-0:2.1.2:1.0-port0
1790753719.4278,C,306,16161,-40,/dev/serial/by-path/pci-0000:05:00.3-usb-0:2.1.3:1.0-port0
1790753719.4286,A,313,16168,-57,/dev/serial/by-path/pci-0000:05:00.3-usb-0:2.1.1:1.0-port0
1790753719.4727,B,290,16206,-62,/dev/serial/by-path/pci-0000:05:00.3-usb-0:2.1.2:1.0-port0
1790753719.4835,A,314,16222,-60,/dev/serial/by-path/pci-0000:05:00.3-usb-0:2.1.1:1.0-port0
1790753719.4836,C,307,16216,-38,/dev/serial/by-path/pci-0000:05:00.3-usb-0:2.1.3:1.0-port0
1790753719.5046,C,308,16238,-41,/dev/serial/by-path/pci-0000:05:00.3-usb-0:2.1.3:1.0-port0
1790753719.5050,A,315,16243,-57,/dev/serial/by-path/pci-0000:05:00.3-usb-0:2.1.1:1.0-port0
1790753719.5053,B,291,16239,-50,/dev/serial/by-path/pci-0000:05:00.3-usb-0:2.1.2:1.0-port0
1790753719.5538,B,292,16288,-49,/dev/serial/by-path/pci-0000:05:00.3-usb-0:2.1.2:1.0-port0
1790753719.5796,C,309,16312,-41,/dev/serial/by-path/pci-0000:05:00.3-usb-0:2.1.3:1.0-port0
1790753719.5872,A,316,16326,-58,/dev/serial/by-path/pci-0000:05:00.3-usb-0:2.1.1:1.0-port0
1790753719.6043,B,293,16338,-63,/dev/serial/by-path/pci-0000:05:00.3-usb-0:2.1.2:1.0-port0
1790753719.6371,C,310,16370,-39,/dev/serial/by-path/pci-0000:05:00.3-usb-0:2.1.3:1.0-port0
1790753719.6374,A,317,16376,-61,/dev/serial/by-path/pci-0000:05:00.3-usb-0:2.1.1:1.0-port0
1790753719.6411,C,311,16374,-38,/dev/serial/by-path/pci-0000:05:00.3-usb-0:2.1.3:1.0-port0
1790753719.6440,A,318,16383,-61,/dev/serial/by-path/pci-0000:05:00.3-usb-0:2.1.1:1.0-port0
1790753719.6840,C,312,16417,-41,/dev/serial/by-path/pci-0000:05:00.3-usb-0:2.1.3:1.0-port0
1790753719.6871,B,294,16421,-49,/dev/serial/by-path/pci-0000:05:00.3-usb-0:2.1.2:1.0-port0
1790753719.6945,A,319,16433,-57,/dev/serial/by-path/pci-0000:05:00.3-usb-0:2.1.1:1.0-port0
1790753719.7346,C,313,16467,-40,/dev/serial/by-path/pci-0000:05:00.3-usb-0:2.1.3:1.0-port0
1790753719.7347,A,320,16473,-57,/dev/serial/by-path/pci-0000:05:00.3-usb-0:2.1.1:1.0-port0
1790753719.7847,C,314,16517,-39,/dev/serial/by-path/pci-0000:05:00.3-usb-0:2.1.3:1.0-port0
1790753719.7849,A,321,16524,-61,/dev/serial/by-path/pci-0000:05:00.3-usb-0:2.1.1:1.0-port0
1790753719.8256,B,295,16560,-49,/dev/serial/by-path/pci-0000:05:00.3-usb-0:2.1.2:1.0-port0
1790753719.8259,C,315,16558,-41,/dev/serial/by-path/pci-0000:05:00.3-usb-0:2.1.3:1.0-port0
1790753719.8262,A,322,16564,-57,/dev/serial/by-path/pci-0000:05:00.3-usb-0:2.1.1:1.0-port0
1790753719.8716,B,296,16606,-48,/dev/serial/by-path/pci-0000:05:00.3-usb-0:2.1.2:1.0-port0
1790753719.8894,C,316,16622,-41,/dev/serial/by-path/pci-0000:05:00.3-usb-0:2.1.3:1.0-port0
1790753719.8946,A,323,16633,-57,/dev/serial/by-path/pci-0000:05:00.3-usb-0:2.1.1:1.0-port0
1790753719.9150,B,297,16648,-63,/dev/serial/by-path/pci-0000:05:00.3-usb-0:2.1.2:1.0-port0
1790753719.9211,C,317,16654,-38,/dev/serial/by-path/pci-0000:05:00.3-usb-0:2.1.3:1.0-port0
1790753719.9449,A,324,16683,-60,/dev/serial/by-path/pci-0000:05:00.3-usb-0:2.1.1:1.0-port0
1790753719.9610,C,318,16695,-41,/dev/serial/by-path/pci-0000:05:00.3-usb-0:2.1.3:1.0-port0
1790753719.9624,A,325,16701,-57,/dev/serial/by-path/pci-0000:05:00.3-usb-0:2.1.1:1.0-port0
1790753719.9870,B,298,16721,-49,/dev/serial/by-path/pci-0000:05:00.3-usb-0:2.1.2:1.0-port0
1790753720.0065,C,319,16740,-40,/dev/serial/by-path/pci-0000:05:00.3-usb-0:2.1.3:1.0-port0
1790753720.0264,A,326,16765,-57,/dev/serial/by-path/pci-0000:05:00.3-usb-0:2.1.1:1.0-port0
1790753720.0267,B,299,16760,-48,/dev/serial/by-path/pci-0000:05:00.3-usb-0:2.1.2:1.0-port0
1790753720.0581,C,320,16791,-40,/dev/serial/by-path/pci-0000:05:00.3-usb-0:2.1.3:1.0-port0
1790753720.0584,A,327,16797,-61,/dev/serial/by-path/pci-0000:05:00.3-usb-0:2.1.1:1.0-port0
1790753720.0871,B,300,16821,-63,/dev/serial/by-path/pci-0000:05:00.3-usb-0:2.1.2:1.0-port0
1790753720.1064,B,301,16840,-50,/dev/serial/by-path/pci-0000:05:00.3-usb-0:2.1.2:1.0-port0
1790753720.1067,C,321,16840,-41,/dev/serial/by-path/pci-0000:05:00.3-usb-0:2.1.3:1.0-port0
1790753720.1430,A,328,16882,-57,/dev/serial/by-path/pci-0000:05:00.3-usb-0:2.1.1:1.0-port0
1790753720.1853,B,302,16920,-49,/dev/serial/by-path/pci-0000:05:00.3-usb-0:2.1.2:1.0-port0
1790753720.1861,C,322,16919,-40,/dev/serial/by-path/pci-0000:05:00.3-usb-0:2.1.3:1.0-port0
1790753720.1877,B,303,16920,-48,/dev/serial/by-path/pci-0000:05:00.3-usb-0:2.1.2:1.0-port0
1790753720.1946,A,329,16933,-57,/dev/serial/by-path/pci-0000:05:00.3-usb-0:2.1.1:1.0-port0
1790753720.2287,B,304,16963,-62,/dev/serial/by-path/pci-0000:05:00.3-usb-0:2.1.2:1.0-port0
1790753720.2306,C,323,16963,-39,/dev/serial/by-path/pci-0000:05:00.3-usb-0:2.1.3:1.0-port0
1790753720.2309,A,330,16970,-61,/dev/serial/by-path/pci-0000:05:00.3-usb-0:2.1.1:1.0-port0
1790753720.2679,B,305,17001,-50,/dev/serial/by-path/pci-0000:05:00.3-usb-0:2.1.2:1.0-port0
1790753720.2683,A,331,17007,-57,/dev/serial/by-path/pci-0000:05:00.3-usb-0:2.1.1:1.0-port0
1790753720.2684,C,324,17001,-42,/dev/serial/by-path/pci-0000:05:00.3-usb-0:2.1.3:1.0-port0
1790753720.3130,C,325,17046,-40,/dev/serial/by-path/pci-0000:05:00.3-usb-0:2.1.3:1.0-port0
1790753720.3132,A,332,17052,-58,/dev/serial/by-path/pci-0000:05:00.3-usb-0:2.1.1:1.0-port0
1790753720.3136,B,306,17047,-50,/dev/serial/by-path/pci-0000:05:00.3-usb-0:2.1.2:1.0-port0
1790753720.3650,B,307,17098,-63,/dev/serial/by-path/pci-0000:05:00.3-usb-0:2.1.2:1.0-port0
1790753720.3651,C,326,17098,-38,/dev/serial/by-path/pci-0000:05:00.3-usb-0:2.1.3:1.0-port0
1790753720.3661,A,333,17105,-61,/dev/serial/by-path/pci-0000:05:00.3-usb-0:2.1.1:1.0-port0
1790753720.4225,C,327,17155,-42,/dev/serial/by-path/pci-0000:05:00.3-usb-0:2.1.3:1.0-port0
1790753720.4229,B,308,17156,-50,/dev/serial/by-path/pci-0000:05:00.3-usb-0:2.1.2:1.0-port0
1790753720.4445,A,334,17183,-58,/dev/serial/by-path/pci-0000:05:00.3-usb-0:2.1.1:1.0-port0
1790753720.4524,B,309,17187,-50,/dev/serial/by-path/pci-0000:05:00.3-usb-0:2.1.2:1.0-port0
1790753720.4735,C,328,17206,-41,/dev/serial/by-path/pci-0000:05:00.3-usb-0:2.1.3:1.0-port0
1790753720.4944,A,335,17233,-57,/dev/serial/by-path/pci-0000:05:00.3-usb-0:2.1.1:1.0-port0
1790753720.5095,A,336,17248,-62,/dev/serial/by-path/pci-0000:05:00.3-usb-0:2.1.1:1.0-port0
1790753720.5101,C,329,17242,-39,/dev/serial/by-path/pci-0000:05:00.3-usb-0:2.1.3:1.0-port0
1790753720.5102,B,310,17243,-62,/dev/serial/by-path/pci-0000:05:00.3-usb-0:2.1.2:1.0-port0
1790753720.5481,B,311,17282,-50,/dev/serial/by-path/pci-0000:05:00.3-usb-0:2.1.2:1.0-port0
1790753720.5839,C,330,17317,-41,/dev/serial/by-path/pci-0000:05:00.3-usb-0:2.1.3:1.0-port0
1790753720.5865,B,312,17321,-50,/dev/serial/by-path/pci-0000:05:00.3-usb-0:2.1.2:1.0-port0
1790753720.5941,A,337,17333,-57,/dev/serial/by-path/pci-0000:05:00.3-usb-0:2.1.1:1.0-port0
1790753720.6322,C,331,17365,-40,/dev/serial/by-path/pci-0000:05:00.3-usb-0:2.1.3:1.0-port0
1790753720.6323,B,313,17366,-48,/dev/serial/by-path/pci-0000:05:00.3-usb-0:2.1.2:1.0-port0
1790753720.6326,A,338,17372,-57,/dev/serial/by-path/pci-0000:05:00.3-usb-0:2.1.1:1.0-port0
1790753720.6833,B,314,17417,-62,/dev/serial/by-path/pci-0000:05:00.3-usb-0:2.1.2:1.0-port0
1790753720.6837,C,332,17416,-38,/dev/serial/by-path/pci-0000:05:00.3-usb-0:2.1.3:1.0-port0
1790753720.6841,A,339,17423,-61,/dev/serial/by-path/pci-0000:05:00.3-usb-0:2.1.1:1.0-port0
1790753720.7265,A,340,17465,-57,/dev/serial/by-path/pci-0000:05:00.3-usb-0:2.1.1:1.0-port0
1790753720.7266,C,333,17459,-42,/dev/serial/by-path/pci-0000:05:00.3-usb-0:2.1.3:1.0-port0
1790753720.7368,B,315,17471,-49,/dev/serial/by-path/pci-0000:05:00.3-usb-0:2.1.2:1.0-port0
1790753720.7655,B,316,17500,-49,/dev/serial/by-path/pci-0000:05:00.3-usb-0:2.1.2:1.0-port0
1790753720.7786,C,334,17511,-40,/dev/serial/by-path/pci-0000:05:00.3-usb-0:2.1.3:1.0-port0
1790753720.7790,A,341,17517,-57,/dev/serial/by-path/pci-0000:05:00.3-usb-0:2.1.1:1.0-port0
1790753720.8299,B,317,17564,-62,/dev/serial/by-path/pci-0000:05:00.3-usb-0:2.1.2:1.0-port0
1790753720.8301,C,335,17563,-39,/dev/serial/by-path/pci-0000:05:00.3-usb-0:2.1.3:1.0-port0
1790753720.8442,A,342,17583,-61,/dev/serial/by-path/pci-0000:05:00.3-usb-0:2.1.1:1.0-port0
1790753720.8548,C,336,17588,-42,/dev/serial/by-path/pci-0000:05:00.3-usb-0:2.1.3:1.0-port0
1790753720.8552,B,318,17589,-50,/dev/serial/by-path/pci-0000:05:00.3-usb-0:2.1.2:1.0-port0
1790753720.8623,A,343,17601,-57,/dev/serial/by-path/pci-0000:05:00.3-usb-0:2.1.1:1.0-port0
1790753720.9342,C,337,17667,-40,/dev/serial/by-path/pci-0000:05:00.3-usb-0:2.1.3:1.0-port0
1790753720.9344,B,319,17668,-48,/dev/serial/by-path/pci-0000:05:00.3-usb-0:2.1.2:1.0-port0
1790753720.9347,A,344,17674,-57,/dev/serial/by-path/pci-0000:05:00.3-usb-0:2.1.1:1.0-port0
1790753720.9671,B,320,17701,-63,/dev/serial/by-path/pci-0000:05:00.3-usb-0:2.1.2:1.0-port0
1790753720.9905,C,338,17723,-39,/dev/serial/by-path/pci-0000:05:00.3-usb-0:2.1.3:1.0-port0
1790753720.9933,A,345,17733,-60,/dev/serial/by-path/pci-0000:05:00.3-usb-0:2.1.1:1.0-port0
1790753720.9954,A,346,17733,-60,/dev/serial/by-path/pci-0000:05:00.3-usb-0:2.1.1:1.0-port0
1790753720.9997,B,321,17734,-53,/dev/serial/by-path/pci-0000:05:00.3-usb-0:2.1.2:1.0-port0
1790753721.0392,A,347,17778,-57,/dev/serial/by-path/pci-0000:05:00.3-usb-0:2.1.1:1.0-port0
1790753721.0411,C,339,17773,-42,/dev/serial/by-path/pci-0000:05:00.3-usb-0:2.1.3:1.0-port0
1790753721.0863,B,322,17820,-49,/dev/serial/by-path/pci-0000:05:00.3-usb-0:2.1.2:1.0-port0
1790753721.0912,C,340,17824,-40,/dev/serial/by-path/pci-0000:05:00.3-usb-0:2.1.3:1.0-port0
1790753721.0944,A,348,17833,-58,/dev/serial/by-path/pci-0000:05:00.3-usb-0:2.1.1:1.0-port0
1790753721.1335,A,349,17872,-61,/dev/serial/by-path/pci-0000:05:00.3-usb-0:2.1.1:1.0-port0
1790753721.1336,C,341,17866,-38,/dev/serial/by-path/pci-0000:05:00.3-usb-0:2.1.3:1.0-port0
1790753721.1371,B,323,17871,-62,/dev/serial/by-path/pci-0000:05:00.3-usb-0:2.1.2:1.0-port0
1790753721.1790,C,342,17912,-42,/dev/serial/by-path/pci-0000:05:00.3-usb-0:2.1.3:1.0-port0
1790753721.1793,A,350,17918,-57,/dev/serial/by-path/pci-0000:05:00.3-usb-0:2.1.1:1.0-port0
1790753721.1804,B,324,17914,-50,/dev/serial/by-path/pci-0000:05:00.3-usb-0:2.1.2:1.0-port0
1790753721.2245,A,351,17963,-57,/dev/serial/by-path/pci-0000:05:00.3-usb-0:2.1.1:1.0-port0
1790753721.2367,B,325,17971,-48,/dev/serial/by-path/pci-0000:05:00.3-usb-0:2.1.2:1.0-port0
1790753721.2403,C,343,17974,-40,/dev/serial/by-path/pci-0000:05:00.3-usb-0:2.1.3:1.0-port0
1790753721.2762,B,326,18010,-61,/dev/serial/by-path/pci-0000:05:00.3-usb-0:2.1.2:1.0-port0
1790753721.2912,C,344,18023,-38,/dev/serial/by-path/pci-0000:05:00.3-usb-0:2.1.3:1.0-port0
1790753721.2943,A,352,18033,-60,/dev/serial/by-path/pci-0000:05:00.3-usb-0:2.1.1:1.0-port0
1790753721.3044,B,327,18038,-50,/dev/serial/by-path/pci-0000:05:00.3-usb-0:2.1.2:1.0-port0
1790753721.3158,C,345,18049,-42,/dev/serial/by-path/pci-0000:05:00.3-usb-0:2.1.3:1.0-port0
1790753721.3171,A,353,18056,-57,/dev/serial/by-path/pci-0000:05:00.3-usb-0:2.1.1:1.0-port0
1790753721.3750,C,346,18108,-40,/dev/serial/by-path/pci-0000:05:00.3-usb-0:2.1.3:1.0-port0
1790753721.3822,A,354,18121,-57,/dev/serial/by-path/pci-0000:05:00.3-usb-0:2.1.1:1.0-port0
1790753721.3823,B,328,18116,-50,/dev/serial/by-path/pci-0000:05:00.3-usb-0:2.1.2:1.0-port0
1790753721.4006,B,329,18134,-62,/dev/serial/by-path/pci-0000:05:00.3-usb-0:2.1.2:1.0-port0
1790753721.4134,C,347,18147,-39,/dev/serial/by-path/pci-0000:05:00.3-usb-0:2.1.3:1.0-port0
1790753721.4134,A,355,18152,-61,/dev/serial/by-path/pci-0000:05:00.3-usb-0:2.1.1:1.0-port0
1790753721.4453,A,356,18184,-60,/dev/serial/by-path/pci-0000:05:00.3-usb-0:2.1.1:1.0-port0
1790753721.4470,B,330,18181,-50,/dev/serial/by-path/pci-0000:05:00.3-usb-0:2.1.2:1.0-port0
1790753721.4880,C,348,18221,-41,/dev/serial/by-path/pci-0000:05:00.3-usb-0:2.1.3:1.0-port0
1790753721.4917,A,357,18231,-57,/dev/serial/by-path/pci-0000:05:00.3-usb-0:2.1.1:1.0-port0
1790753721.5351,C,349,18268,-40,/dev/serial/by-path/pci-0000:05:00.3-usb-0:2.1.3:1.0-port0
1790753721.5370,B,331,18271,-49,/dev/serial/by-path/pci-0000:05:00.3-usb-0:2.1.2:1.0-port0
1790753721.5439,A,358,18283,-57,/dev/serial/by-path/pci-0000:05:00.3-usb-0:2.1.1:1.0-port0
1790753721.5906,C,350,18323,-39,/dev/serial/by-path/pci-0000:05:00.3-usb-0:2.1.3:1.0-port0
1790753721.5935,A,359,18333,-60,/dev/serial/by-path/pci-0000:05:00.3-usb-0:2.1.1:1.0-port0
1790753721.6179,C,351,18351,-42,/dev/serial/by-path/pci-0000:05:00.3-usb-0:2.1.3:1.0-port0
1790753721.6180,A,360,18356,-57,/dev/serial/by-path/pci-0000:05:00.3-usb-0:2.1.1:1.0-port0
1790753721.6371,B,332,18371,-50,/dev/serial/by-path/pci-0000:05:00.3-usb-0:2.1.2:1.0-port0
1790753721.6604,B,333,18394,-50,/dev/serial/by-path/pci-0000:05:00.3-usb-0:2.1.2:1.0-port0
1790753721.6608,C,352,18393,-40,/dev/serial/by-path/pci-0000:05:00.3-usb-0:2.1.3:1.0-port0
1790753721.6668,A,361,18405,-57,/dev/serial/by-path/pci-0000:05:00.3-usb-0:2.1.1:1.0-port0
1790753721.7082,B,334,18442,-62,/dev/serial/by-path/pci-0000:05:00.3-usb-0:2.1.2:1.0-port0
1790753721.7406,C,353,18473,-39,/dev/serial/by-path/pci-0000:05:00.3-usb-0:2.1.3:1.0-port0
1790753721.7442,A,362,18483,-61,/dev/serial/by-path/pci-0000:05:00.3-usb-0:2.1.1:1.0-port0
1790753721.7547,B,335,18489,-50,/dev/serial/by-path/pci-0000:05:00.3-usb-0:2.1.2:1.0-port0
1790753721.7913,C,354,18524,-41,/dev/serial/by-path/pci-0000:05:00.3-usb-0:2.1.3:1.0-port0
1790753721.7943,A,363,18533,-57,/dev/serial/by-path/pci-0000:05:00.3-usb-0:2.1.1:1.0-port0
1790753721.8132,B,336,18547,-48,/dev/serial/by-path/pci-0000:05:00.3-usb-0:2.1.2:1.0-port0
1790753721.8135,C,355,18547,-40,/dev/serial/by-path/pci-0000:05:00.3-usb-0:2.1.3:1.0-port0
1790753721.8138,A,364,18553,-57,/dev/serial/by-path/pci-0000:05:00.3-usb-0:2.1.1:1.0-port0
1790753721.8579,A,365,18597,-60,/dev/serial/by-path/pci-0000:05:00.3-usb-0:2.1.1:1.0-port0
1790753721.8583,B,337,18592,-63,/dev/serial/by-path/pci-0000:05:00.3-usb-0:2.1.2:1.0-port0
1790753721.8584,C,356,18591,-38,/dev/serial/by-path/pci-0000:05:00.3-usb-0:2.1.3:1.0-port0
1790753721.8919,A,366,18631,-60,/dev/serial/by-path/pci-0000:05:00.3-usb-0:2.1.1:1.0-port0
1790753721.9352,B,338,18669,-50,/dev/serial/by-path/pci-0000:05:00.3-usb-0:2.1.2:1.0-port0
1790753721.9356,A,367,18674,-57,/dev/serial/by-path/pci-0000:05:00.3-usb-0:2.1.1:1.0-port0
1790753721.9407,C,357,18674,-41,/dev/serial/by-path/pci-0000:05:00.3-usb-0:2.1.3:1.0-port0
1790753721.9813,C,358,18714,-41,/dev/serial/by-path/pci-0000:05:00.3-usb-0:2.1.3:1.0-port0
1790753721.9821,A,368,18721,-57,/dev/serial/by-path/pci-0000:05:00.3-usb-0:2.1.1:1.0-port0
1790753721.9870,B,339,18721,-48,/dev/serial/by-path/pci-0000:05:00.3-usb-0:2.1.2:1.0-port0
1790753722.0357,B,340,18769,-63,/dev/serial/by-path/pci-0000:05:00.3-usb-0:2.1.2:1.0-port0
1790753722.0406,C,359,18773,-39,/dev/serial/by-path/pci-0000:05:00.3-usb-0:2.1.3:1.0-port0
1790753722.0441,A,369,18783,-59,/dev/serial/by-path/pci-0000:05:00.3-usb-0:2.1.1:1.0-port0
1790753722.0730,C,360,18805,-42,/dev/serial/by-path/pci-0000:05:00.3-usb-0:2.1.3:1.0-port0
1790753722.0732,B,341,18806,-50,/dev/serial/by-path/pci-0000:05:00.3-usb-0:2.1.2:1.0-port0
1790753722.0941,A,370,18833,-57,/dev/serial/by-path/pci-0000:05:00.3-usb-0:2.1.1:1.0-port0
1790753722.1366,B,342,18871,-54,/dev/serial/by-path/pci-0000:05:00.3-usb-0:2.1.2:1.0-port0
1790753722.1412,C,361,18874,-41,/dev/serial/by-path/pci-0000:05:00.3-usb-0:2.1.3:1.0-port0
1790753722.1426,A,371,18882,-57,/dev/serial/by-path/pci-0000:05:00.3-usb-0:2.1.1:1.0-port0
1790753722.1663,A,372,18905,-62,/dev/serial/by-path/pci-0000:05:00.3-usb-0:2.1.1:1.0-port0
1790753722.1666,C,362,18899,-39,/dev/serial/by-path/pci-0000:05:00.3-usb-0:2.1.3:1.0-port0
1790753722.1733,B,343,18907,-66,/dev/serial/by-path/pci-0000:05:00.3-usb-0:2.1.2:1.0-port0
1790753722.2080,C,363,18941,-42,/dev/serial/by-path/pci-0000:05:00.3-usb-0:2.1.3:1.0-port0
1790753722.2084,B,344,18942,-51,/dev/serial/by-path/pci-0000:05:00.3-usb-0:2.1.2:1.0-port0
1790753722.2262,A,373,18965,-57,/dev/serial/by-path/pci-0000:05:00.3-usb-0:2.1.1:1.0-port0
1790753722.2751,B,345,19009,-50,/dev/serial/by-path/pci-0000:05:00.3-usb-0:2.1.2:1.0-port0
1790753722.2754,C,364,19008,-40,/dev/serial/by-path/pci-0000:05:00.3-usb-0:2.1.3:1.0-port0
1790753722.2759,A,374,19014,-57,/dev/serial/by-path/pci-0000:05:00.3-usb-0:2.1.1:1.0-port0
1790753722.3134,B,346,19048,-61,/dev/serial/by-path/pci-0000:05:00.3-usb-0:2.1.2:1.0-port0
1790753722.3380,C,365,19071,-39,/dev/serial/by-path/pci-0000:05:00.3-usb-0:2.1.3:1.0-port0
1790753722.3381,A,375,19078,-60,/dev/serial/by-path/pci-0000:05:00.3-usb-0:2.1.1:1.0-port0
1790753722.3402,C,366,19072,-38,/dev/serial/by-path/pci-0000:05:00.3-usb-0:2.1.3:1.0-port0
1790753722.3405,A,376,19078,-60,/dev/serial/by-path/pci-0000:05:00.3-usb-0:2.1.1:1.0-port0
1790753722.3804,B,347,19115,-50,/dev/serial/by-path/pci-0000:05:00.3-usb-0:2.1.2:1.0-port0
1790753722.3809,A,377,19119,-57,/dev/serial/by-path/pci-0000:05:00.3-usb-0:2.1.1:1.0-port0
1790753722.3813,C,367,19113,-41,/dev/serial/by-path/pci-0000:05:00.3-usb-0:2.1.3:1.0-port0
1790753722.4324,C,368,19165,-41,/dev/serial/by-path/pci-0000:05:00.3-usb-0:2.1.3:1.0-port0
1790753722.4329,A,378,19172,-58,/dev/serial/by-path/pci-0000:05:00.3-usb-0:2.1.1:1.0-port0
1790753722.4747,B,348,19209,-64,/dev/serial/by-path/pci-0000:05:00.3-usb-0:2.1.2:1.0-port0
1790753722.4842,C,369,19217,-39,/dev/serial/by-path/pci-0000:05:00.3-usb-0:2.1.3:1.0-port0
1790753722.4883,A,379,19227,-61,/dev/serial/by-path/pci-0000:05:00.3-usb-0:2.1.1:1.0-port0
1790753722.5181,C,370,19251,-41,/dev/serial/by-path/pci-0000:05:00.3-usb-0:2.1.3:1.0-port0
1790753722.5185,B,349,19252,-50,/dev/serial/by-path/pci-0000:05:00.3-usb-0:2.1.2:1.0-port0
1790753722.5365,A,380,19276,-57,/dev/serial/by-path/pci-0000:05:00.3-usb-0:2.1.1:1.0-port0
1790753722.5665,A,381,19305,-59,/dev/serial/by-path/pci-0000:05:00.3-usb-0:2.1.1:1.0-port0
1790753722.5670,B,350,19300,-47,/dev/serial/by-path/pci-0000:05:00.3-usb-0:2.1.2:1.0-port0
1790753722.5673,C,371,19299,-40,/dev/serial/by-path/pci-0000:05:00.3-usb-0:2.1.3:1.0-port0
1790753722.6097,B,351,19344,-63,/dev/serial/by-path/pci-0000:05:00.3-usb-0:2.1.2:1.0-port0
1790753722.6403,C,372,19373,-39,/dev/serial/by-path/pci-0000:05:00.3-usb-0:2.1.3:1.0-port0
1790753722.6441,A,382,19383,-60,/dev/serial/by-path/pci-0000:05:00.3-usb-0:2.1.1:1.0-port0
1790753722.6482,B,352,19382,-48,/dev/serial/by-path/pci-0000:05:00.3-usb-0:2.1.2:1.0-port0
1790753722.6611,C,373,19394,-41,/dev/serial/by-path/pci-0000:05:00.3-usb-0:2.1.3:1.0-port0
1790753722.6919,A,383,19430,-57,/dev/serial/by-path/pci-0000:05:00.3-usb-0:2.1.1:1.0-port0
1790753722.6942,A,384,19433,-56,/dev/serial/by-path/pci-0000:05:00.3-usb-0:2.1.1:1.0-port0
1790753722.6944,B,353,19428,-48,/dev/serial/by-path/pci-0000:05:00.3-usb-0:2.1.2:1.0-port0
1790753722.7048,C,374,19438,-40,/dev/serial/by-path/pci-0000:05:00.3-usb-0:2.1.3:1.0-port0
1790753722.7424,A,385,19481,-56,/dev/serial/by-path/pci-0000:05:00.3-usb-0:2.1.1:1.0-port0
1790753722.7618,B,354,19496,-59,/dev/serial/by-path/pci-0000:05:00.3-usb-0:2.1.2:1.0-port0
1790753722.7903,C,375,19523,-39,/dev/serial/by-path/pci-0000:05:00.3-usb-0:2.1.3:1.0-port0
