t_pc,id,seq,ms,rssi,port
1790753899.8558,A,0,982,-52,/dev/serial/by-path/pci-0000:05:00.3-usb-0:2.1.1:1.0-port0
1790753899.8723,A,1,999,-50,/dev/serial/by-path/pci-0000:05:00.3-usb-0:2.1.1:1.0-port0
1790753899.9542,A,2,1081,-50,/dev/serial/by-path/pci-0000:05:00.3-usb-0:2.1.1:1.0-port0
1790753899.9718,A,3,1098,-51,/dev/serial/by-path/pci-0000:05:00.3-usb-0:2.1.1:1.0-port0
1790753900.0110,A,4,1138,-50,/dev/serial/by-path/pci-0000:05:00.3-usb-0:2.1.1:1.0-port0
1790753900.0523,A,5,1179,-50,/dev/serial/by-path/pci-0000:05:00.3-usb-0:2.1.1:1.0-port0
1790753900.0968,A,6,1223,-51,/dev/serial/by-path/pci-0000:05:00.3-usb-0:2.1.1:1.0-port0
1790753900.1442,A,7,1271,-51,/dev/serial/by-path/pci-0000:05:00.3-usb-0:2.1.1:1.0-port0
1790753900.2044,A,8,1331,-50,/dev/serial/by-path/pci-0000:05:00.3-usb-0:2.1.1:1.0-port0
1790753900.2547,A,9,1382,-50,/dev/serial/by-path/pci-0000:05:00.3-usb-0:2.1.1:1.0-port0
1790753900.2904,B,0,1411,-61,/dev/serial/by-path/pci-0000:05:00.3-usb-0:2.1.2:1.0-port0
1790753900.2906,A,10,1417,-51,/dev/serial/by-path/pci-0000:05:00.3-usb-0:2.1.1:1.0-port0
1790753900.2947,C,0,1414,-50,/dev/serial/by-path/pci-0000:05:00.3-usb-0:2.1.3:1.0-port0
1790753900.3356,C,1,1456,-49,/dev/serial/by-path/pci-0000:05:00.3-usb-0:2.1.3:1.0-port0
1790753900.3453,B,1,1467,-63,/dev/serial/by-path/pci-0000:05:00.3-usb-0:2.1.2:1.0-port0
1790753900.3541,A,11,1481,-50,/dev/serial/by-path/pci-0000:05:00.3-usb-0:2.1.1:1.0-port0
1790753900.3945,B,2,1516,-65,/dev/serial/by-path/pci-0000:05:00.3-usb-0:2.1.2:1.0-port0
1790753900.4015,C,2,1522,-50,/dev/serial/by-path/pci-0000:05:00.3-usb-0:2.1.3:1.0-port0
1790753900.4020,A,12,1528,-51,/dev/serial/by-path/pci-0000:05:00.3-usb-0:2.1.1:1.0-port0
1790753900.4220,A,13,1548,-52,/dev/serial/by-path/pci-0000:05:00.3-usb-0:2.1.1:1.0-port0
1790753900.4247,B,3,1546,-62,/dev/serial/by-path/pci-0000:05:00.3-usb-0:2.1.2:1.0-port0
1790753900.4590,C,3,1579,-50,/dev/serial/by-path/pci-0000:05:00.3-usb-0:2.1.3:1.0-port0
1790753900.4876,C,4,1608,-49,/dev/serial/by-path/pci-0000:05:00.3-usb-0:2.1.3:1.0-port0
1790753900.4956,B,4,1617,-63,/dev/serial/by-path/pci-0000:05:00.3-usb-0:2.1.2:1.0-port0
1790753900.5043,A,14,1631,-50,/dev/serial/by-path/pci-0000:05:00.3-usb-0:2.1.1:1.0-port0
1790753900.5202,C,5,1640,-52,/dev/serial/by-path/pci-0000:05:00.3-usb-0:2.1.3:1.0-port0
1790753900.5222,B,5,1642,-64,/dev/serial/by-path/pci-0000:05:00.3-usb-0:2.1.2:1.0-port0
1790753900.5223,A,15,1647,-50,/dev/serial/by-path/pci-0000:05:00.3-usb-0:2.1.1:1.0-port0
1790753900.5688,B,6,1690,-62,/dev/serial/by-path/pci-0000:05:00.3-usb-0:2.1.2:1.0-port0
1790753900.5693,C,6,1689,-50,/dev/serial/by-path/pci-0000:05:00.3-usb-0:2.1.3:1.0-port0
1790753900.5693,A,16,1696,-53,/dev/serial/by-path/pci-0000:05:00.3-usb-0:2.1.1:1.0-port0
1790753900.6126,B,7,1734,-63,/dev/serial/by-path/pci-0000:05:00.3-usb-0:2.1.2:1.0-port0
1790753900.6143,A,17,1740,-50,/dev/serial/by-path/pci-0000:05:00.3-usb-0:2.1.1:1.0-port0
1790753900.6313,C,7,1751,-49,/dev/serial/by-path/pci-0000:05:00.3-usb-0:2.1.3:1.0-port0
1790753900.6586,C,8,1779,-50,/dev/serial/by-path/pci-0000:05:00.3-usb-0:2.1.3:1.0-port0
1790753900.6784,A,18,1805,-50,/dev/serial/by-path/pci-0000:05:00.3-usb-0:2.1.1:1.0-port0
1790753900.6786,B,8,1799,-65,/dev/serial/by-path/pci-0000:05:00.3-usb-0:2.1.2:1.0-port0
1790753900.7002,C,9,1820,-50,/dev/serial/by-path/pci-0000:05:00.3-usb-0:2.1.3:1.0-port0
1790753900.7045,A,19,1831,-51,/dev/serial/by-path/pci-0000:05:00.3-usb-0:2.1.1:1.0-port0
1790753900.7127,B,9,1834,-62,/dev/serial/by-path/pci-0000:05:00.3-usb-0:2.1.2:1.0-port0
1790753900.7407,C,10,1861,-50,/dev/serial/by-path/pci-0000:05:00.3-usb-0:2.1.3:1.0-port0
1790753900.7411,A,20,1868,-52,/dev/serial/by-path/pci-0000:05:00.3-usb-0:2.1.1:1.0-port0
1790753900.7455,B,10,1867,-63,/dev/serial/by-path/pci-0000:05:00.3-usb-0:2.1.2:1.0-port0
1790753900.8026,C,11,1922,-50,/dev/serial/by-path/pci-0000:05:00.3-usb-0:2.1.3:1.0-port0
1790753900.8057,A,21,1931,-50,/dev/serial/by-path/pci-0000:05:00.3-usb-0:2.1.1:1.0-port0
1790753900.8422,B,11,1963,-64,/dev/serial/by-path/pci-0000:05:00.3-usb-0:2.1.2:1.0-port0
1790753900.8424,C,12,1962,-50,/dev/serial/by-path/pci-0000:05:00.3-usb-0:2.1.3:1.0-port0
1790753900.8427,A,22,1969,-51,/dev/serial/by-path/pci-0000:05:00.3-usb-0:2.1.1:1.0-port0
1790753900.8874,C,13,2007,-50,/dev/serial/by-path/pci-0000:05:00.3-usb-0:2.1.3:1.0-port0
1790753900.8877,A,23,2014,-51,/dev/serial/by-path/pci-0000:05:00.3-usb-0:2.1.1:1.0-port0
1790753900.8959,B,12,2017,-62,/dev/serial/by-path/pci-0000:05:00.3-usb-0:2.1.2:1.0-port0
1790753900.9331,C,14,2053,-49,/dev/serial/by-path/pci-0000:05:00.3-usb-0:2.1.3:1.0-port0
1790753900.9396,A,24,2066,-50,/dev/serial/by-path/pci-0000:05:00.3-usb-0:2.1.1:1.0-port0
1790753900.9397,B,13,2061,-63,/dev/serial/by-path/pci-0000:05:00.3-usb-0:2.1.2:1.0-port0
1790753900.9824,B,14,2103,-64,/dev/serial/by-path/pci-0000:05:00.3-usb-0:2.1.2:1.0-port0
1790753901.0043,A,25,2131,-51,/dev/serial/by-path/pci-0000:05:00.3-usb-0:2.1.1:1.0-port0
1790753901.0090,C,15,2129,-52,/dev/serial/by-path/pci-0000:05:00.3-usb-0:2.1.3:1.0-port0
1790753901.0453,B,15,2166,-62,/dev/serial/by-path/pci-0000:05:00.3-usb-0:2.1.2:1.0-port0
1790753901.0457,C,16,2166,-50,/dev/serial/by-path/pci-0000:05:00.3-usb-0:2.1.3:1.0-port0
1790753901.0487,A,26,2175,-51,/dev/serial/by-path/pci-0000:05:00.3-usb-0:2.1.1:1.0-port0
1790753901.0764,C,17,2196,-50,/dev/serial/by-path/pci-0000:05:00.3-usb-0:2.1.3:1.0-port0
1790753901.0768,A,27,2204,-50,/dev/serial/by-path/pci-0000:05:00.3-usb-0:2.1.1:1.0-port0
1790753901.0958,B,16,2217,-64,/dev/serial/by-path/pci-0000:05:00.3-usb-0:2.1.2:1.0-port0
1790753901.1266,B,17,2247,-64,/dev/serial/by-path/pci-0000:05:00.3-usb-0:2.1.2:1.0-port0
1790753901.1268,C,18,2246,-50,/dev/serial/by-path/pci-0000:05:00.3-usb-0:2.1.3:1.0-port0
1790753901.1455,A,28,2272,-50,/dev/serial/by-path/pci-0000:05:00.3-usb-0:2.1.1:1.0-port0
1790753901.1701,B,18,2291,-62,/dev/serial/by-path/pci-0000:05:00.3-usb-0:2.1.2:1.0-port0
1790753901.2042,A,29,2331,-51,/dev/serial/by-path/pci-0000:05:00.3-usb-0:2.1.1:1.0-port0
1790753901.2090,C,19,2329,-50,/dev/serial/by-path/pci-0000:05:00.3-usb-0:2.1.3:1.0-port0
1790753901.2198,B,19,2341,-64,/dev/serial/by-path/pci-0000:05:00.3-usb-0:2.1.2:1.0-port0
1790753901.2264,C,20,2346,-50,/dev/serial/by-path/pci-0000:05:00.3-usb-0:2.1.3:1.0-port0
1790753901.2267,A,30,2353,-50,/dev/serial/by-path/pci-0000:05:00.3-usb-0:2.1.1:1.0-port0
1790753901.2621,B,20,2382,-64,/dev/serial/by-path/pci-0000:05:00.3-usb-0:2.1.2:1.0-port0
1790753901.2639,A,31,2391,-51,/dev/serial/by-path/pci-0000:05:00.3-usb-0:2.1.1:1.0-port0
1790753901.3043,C,21,2424,-51,/dev/serial/by-path/pci-0000:05:00.3-usb-0:2.1.3:1.0-port0
1790753901.3044,A,32,2431,-51,/dev/serial/by-path/pci-0000:05:00.3-usb-0:2.1.1:1.0-port0
1790753901.3411,B,21,2462,-62,/dev/serial/by-path/pci-0000:05:00.3-usb-0:2.1.2:1.0-port0
1790753901.3488,A,33,2476,-51,/dev/serial/by-path/pci-0000:05:00.3-usb-0:2.1.1:1.0-port0
1790753901.3595,C,22,2479,-50,/dev/serial/by-path/pci-0000:05:00.3-usb-0:2.1.3:1.0-port0
1790753901.3665,B,22,2487,-63,/dev/serial/by-path/pci-0000:05:00.3-usb-0:2.1.2:1.0-port0
1790753901.3941,A,34,2521,-50,/dev/serial/by-path/pci-0000:05:00.3-usb-0:2.1.1:1.0-port0
1790753901.3944,C,23,2514,-49,/dev/serial/by-path/pci-0000:05:00.3-usb-0:2.1.3:1.0-port0
1790753901.3952,B,23,2517,-63,/dev/serial/by-path/pci-0000:05:00.3-usb-0:2.1.2:1.0-port0
1790753901.4365,C,24,2556,-50,/dev/serial/by-path/pci-0000:05:00.3-usb-0:2.1.3:1.0-port0
1790753901.4369,B,24,2558,-64,/dev/serial/by-path/pci-0000:05:00.3-usb-0:2.1.2:1.0-port0
1790753901.4372,A,35,2564,-50,/dev/serial/by-path/pci-0000:05:00.3-usb-0:2.1.1:1.0-port0
1790753901.4838,B,25,2605,-62,/dev/serial/by-path/pci-0000:05:00.3-usb-0:2.1.2:1.0-port0
1790753901.4844,C,25,2604,-51,/dev/serial/by-path/pci-0000:05:00.3-usb-0:2.1.3:1.0-port0
1790753901.4845,A,36,2611,-51,/dev/serial/by-path/pci-0000:05:00.3-usb-0:2.1.1:1.0-port0
1790753901.5263,A,37,2653,-50,/dev/serial/by-path/pci-0000:05:00.3-usb-0:2.1.1:1.0-port0
1790753901.5266,C,26,2646,-50,/dev/serial/by-path/pci-0000:05:00.3-usb-0:2.1.3:1.0-port0
1790753901.5456,B,26,2667,-63,/dev/serial/by-path/pci-0000:05:00.3-usb-0:2.1.2:1.0-port0
1790753901.5743,B,27,2695,-64,/dev/serial/by-path/pci-0000:05:00.3-usb-0:2.1.2:1.0-port0
1790753901.5819,A,38,2709,-51,/dev/serial/by-path/pci-0000:05:00.3-usb-0:2.1.1:1.0-port0
1790753901.5823,C,27,2702,-51,/dev/serial/by-path/pci-0000:05:00.3-usb-0:2.1.3:1.0-port0
1790753901.6166,C,28,2737,-51,/dev/serial/by-path/pci-0000:05:00.3-usb-0:2.1.3:1.0-port0
1790753901.6456,B,28,2767,-62,/dev/serial/by-path/pci-0000:05:00.3-usb-0:2.1.2:1.0-port0
1790753901.6544,A,39,2781,-51,/dev/serial/by-path/pci-0000:05:00.3-usb-0:2.1.1:1.0-port0
1790753901.6560,C,29,2776,-50,/dev/serial/by-path/pci-0000:05:00.3-usb-0:2.1.3:1.0-port0
1790753901.6637,B,29,2785,-63,/dev/serial/by-path/pci-0000:05:00.3-usb-0:2.1.2:1.0-port0
1790753901.6997,A,40,2827,-50,/dev/serial/by-path/pci-0000:05:00.3-usb-0:2.1.1:1.0-port0
1790753901.7087,C,30,2829,-50,/dev/serial/by-path/pci-0000:05:00.3-usb-0:2.1.3:1.0-port0
1790753901.7418,B,30,2864,-64,/dev/serial/by-path/pci-0000:05:00.3-usb-0:2.1.2:1.0-port0
1790753901.7418,B,31,2864,-64,/dev/serial/by-path/pci-0000:05:00.3-usb-0:2.1.2:1.0-port0
1790753901.7551,A,41,2881,-50,/dev/serial/by-path/pci-0000:05:00.3-usb-0:2.1.1:1.0-port0
1790753901.7591,C,31,2879,-50,/dev/serial/by-path/pci-0000:05:00.3-usb-0:2.1.3:1.0-port0
1790753901.7824,C,32,2902,-49,/dev/serial/by-path/pci-0000:05:00.3-usb-0:2.1.3:1.0-port0
1790753901.7827,B,32,2903,-62,/dev/serial/by-path/pci-0000:05:00.3-usb-0:2.1.2:1.0-port0
1790753901.7830,A,42,2909,-53,/dev/serial/by-path/pci-0000:05:00.3-usb-0:2.1.1:1.0-port0
1790753901.8245,B,33,2946,-63,/dev/serial/by-path/pci-0000:05:00.3-usb-0:2.1.2:1.0-port0
1790753901.8543,A,43,2981,-50,/dev/serial/by-path/pci-0000:05:00.3-usb-0:2.1.1:1.0-port0
1790753901.8562,C,33,2976,-50,/dev/serial/by-path/pci-0000:05:00.3-usb-0:2.1.3:1.0-port0
1790753901.8661,B,34,2987,-65,/dev/serial/by-path/pci-0000:05:00.3-usb-0:2.1.2:1.0-port0
1790753901.8890,C,34,3009,-52,/dev/serial/by-path/pci-0000:05:00.3-usb-0:2.1.3:1.0-port0
1790753901.8891,A,44,3015,-51,/dev/serial/by-path/pci-0000:05:00.3-usb-0:2.1.1:1.0-port0
1790753901.9114,B,35,3032,-62,/dev/serial/by-path/pci-0000:05:00.3-usb-0:2.1.2:1.0-port0
1790753901.9122,A,45,3039,-51,/dev/serial/by-path/pci-0000:05:00.3-usb-0:2.1.1:1.0-port0
1790753901.9587,C,35,3079,-50,/dev/serial/by-path/pci-0000:05:00.3-usb-0:2.1.3:1.0-port0
1790753901.9605,A,46,3087,-50,/dev/serial/by-path/pci-0000:05:00.3-usb-0:2.1.1:1.0-port0
1790753901.9610,B,36,3082,-63,/dev/serial/by-path/pci-0000:05:00.3-usb-0:2.1.2:1.0-port0
1790753902.0092,C,36,3129,-50,/dev/serial/by-path/pci-0000:05:00.3-usb-0:2.1.3:1.0-port0
1790753902.0455,B,37,3167,-65,/dev/serial/by-path/pci-0000:05:00.3-usb-0:2.1.2:1.0-port0
1790753902.0505,A,47,3177,-51,/dev/serial/by-path/pci-0000:05:00.3-usb-0:2.1.1:1.0-port0
1790753902.0592,C,37,3179,-51,/dev/serial/by-path/pci-0000:05:00.3-usb-0:2.1.3:1.0-port0
1790753902.0967,C,38,3216,-50,/dev/serial/by-path/pci-0000:05:00.3-usb-0:2.1.3:1.0-port0
1790753902.0972,A,48,3223,-52,/dev/serial/by-path/pci-0000:05:00.3-usb-0:2.1.1:1.0-port0
1790753902.1477,C,39,3267,-50,/dev/serial/by-path/pci-0000:05:00.3-usb-0:2.1.3:1.0-port0
1790753902.1481,A,49,3274,-51,/dev/serial/by-path/pci-0000:05:00.3-usb-0:2.1.1:1.0-port0
1790753902.1973,C,40,3317,-50,/dev/serial/by-path/pci-0000:05:00.3-usb-0:2.1.3:1.0-port0
1790753902.1974,A,50,3323,-50,/dev/serial/by-path/pci-0000:05:00.3-usb-0:2.1.1:1.0-port0
1790753902.2405,B,38,3362,-62,/dev/serial/by-path/pci-0000:05:00.3-usb-0:2.1.2:1.0-port0
1790753902.2411,C,41,3361,-51,/dev/serial/by-path/pci-0000:05:00.3-usb-0:2.1.3:1.0-port0
1790753902.2413,A,51,3367,-52,/dev/serial/by-path/pci-0000:05:00.3-usb-0:2.1.1:1.0-port0
1790753902.2851,B,39,3405,-63,/dev/serial/by-path/pci-0000:05:00.3-usb-0:2.1.2:1.0-port0
1790753902.2855,A,52,3412,-50,/dev/serial/by-path/pci-0000:05:00.3-usb-0:2.1.1:1.0-port0
1790753902.2976,C,42,3417,-50,/dev/serial/by-path/pci-0000:05:00.3-usb-0:2.1.3:1.0-port0
1790753902.3319,C,43,3452,-50,/dev/serial/by-path/pci-0000:05:00.3-usb-0:2.1.3:1.0-port0
1790753902.3321,B,40,3453,-65,/dev/serial/by-path/pci-0000:05:00.3-usb-0:2.1.2:1.0-port0
1790753902.3323,A,53,3458,-51,/dev/serial/by-path/pci-0000:05:00.3-usb-0:2.1.1:1.0-port0
1790753902.3759,C,44,3496,-50,/dev/serial/by-path/pci-0000:05:00.3-usb-0:2.1.3:1.0-port0
1790753902.3955,B,41,3517,-62,/dev/serial/by-path/pci-0000:05:00.3-usb-0:2.1.2:1.0-port0
1790753902.4042,A,54,3531,-52,/dev/serial/by-path/pci-0000:05:00.3-usb-0:2.1.1:1.0-port0
1790753902.4225,B,42,3544,-63,/dev/serial/by-path/pci-0000:05:00.3-usb-0:2.1.2:1.0-port0
1790753902.4293,C,45,3549,-50,/dev/serial/by-path/pci-0000:05:00.3-usb-0:2.1.3:1.0-port0
1790753902.4296,A,55,3556,-50,/dev/serial/by-path/pci-0000:05:00.3-usb-0:2.1.1:1.0-port0
1790753902.4745,B,43,3596,-64,/dev/serial/by-path/pci-0000:05:00.3-usb-0:2.1.2:1.0-port0
1790753902.4984,C,46,3619,-50,/dev/serial/by-path/pci-0000:05:00.3-usb-0:2.1.3:1.0-port0
1790753902.4993,A,56,3626,-50,/dev/serial/by-path/pci-0000:05:00.3-usb-0:2.1.1:1.0-port0
1790753902.5175,A,57,3644,-52,/dev/serial/by-path/pci-0000:05:00.3-usb-0:2.1.1:1.0-port0
1790753902.5203,C,47,3640,-50,/dev/serial/by-path/pci-0000:05:00.3-usb-0:2.1.3:1.0-port0
1790753902.5207,B,44,3642,-62,/dev/serial/by-path/pci-0000:05:00.3-usb-0:2.1.2:1.0-port0
1790753902.5632,A,58,3690,-50,/dev/serial/by-path/pci-0000:05:00.3-usb-0:2.1.1:1.0-port0
1790753902.5636,B,45,3684,-63,/dev/serial/by-path/pci-0000:05:00.3-usb-0:2.1.2:1.0-port0
1790753902.5697,C,48,3690,-50,/dev/serial/by-path/pci-0000:05:00.3-usb-0:2.1.3:1.0-port0
1790753902.6071,C,49,3727,-50,/dev/serial/by-path/pci-0000:05:00.3-usb-0:2.1.3:1.0-port0
1790753902.6075,B,46,3729,-65,/dev/serial/by-path/pci-0000:05:00.3-usb-0:2.1.2:1.0-port0
1790753902.6133,A,59,3739,-50,/dev/serial/by-path/pci-0000:05:00.3-usb-0:2.1.1:1.0-port0
1790753902.6573,C,50,3777,-51,/dev/serial/by-path/pci-0000:05:00.3-usb-0:2.1.3:1.0-port0
1790753902.6810,B,47,3802,-61,/dev/serial/by-path/pci-0000:05:00.3-usb-0:2.1.2:1.0-port0
1790753902.6969,C,51,3817,-50,/dev/serial/by-path/pci-0000:05:00.3-usb-0:2.1.3:1.0-port0
1790753902.7045,A,60,3831,-51,/dev/serial/by-path/pci-0000:05:00.3-usb-0:2.1.1:1.0-port0
1790753902.7547,A,61,3881,-51,/dev/serial/by-path/pci-0000:05:00.3-usb-0:2.1.1:1.0-port0
1790753902.7894,A,62,3916,-51,/dev/serial/by-path/pci-0000:05:00.3-usb-0:2.1.1:1.0-port0
1790753902.7897,C,52,3909,-50,/dev/serial/by-path/pci-0000:05:00.3-usb-0:2.1.3:1.0-port0
1790753902.7956,B,48,3917,-65,/dev/serial/by-path/pci-0000:05:00.3-usb-0:2.1.2:1.0-port0
1790753902.8376,B,49,3959,-62,/dev/serial/by-path/pci-0000:05:00.3-usb-0:2.1.2:1.0-port0
1790753902.8392,A,63,3964,-51,/dev/serial/by-path/pci-0000:05:00.3-usb-0:2.1.1:1.0-port0
1790753902.8535,C,53,3973,-51,/dev/serial/by-path/pci-0000:05:00.3-usb-0:2.1.3:1.0-port0
1790753902.8922,A,64,4019,-50,/dev/serial/by-path/pci-0000:05:00.3-usb-0:2.1.1:1.0-port0
1790753902.8924,B,50,4013,-63,/dev/serial/by-path/pci-0000:05:00.3-usb-0:2.1.2:1.0-port0
1790753902.9087,C,54,4029,-50,/dev/serial/by-path/pci-0000:05:00.3-usb-0:2.1.3:1.0-port0
1790753902.9294,B,51,4050,-65,/dev/serial/by-path/pci-0000:05:00.3-usb-0:2.1.2:1.0-port0
1790753902.9298,C,55,4049,-51,/dev/serial/by-path/pci-0000:05:00.3-usb-0:2.1.3:1.0-port0
1790753902.9301,A,65,4056,-50,/dev/serial/by-path/pci-0000:05:00.3-usb-0:2.1.1:1.0-port0
1790753902.9775,C,56,4097,-52,/dev/serial/by-path/pci-0000:05:00.3-usb-0:2.1.3:1.0-port0
1790753902.9779,A,66,4104,-52,/dev/serial/by-path/pci-0000:05:00.3-usb-0:2.1.1:1.0-port0
1790753902.9781,B,52,4098,-62,/dev/serial/by-path/pci-0000:05:00.3-usb-0:2.1.2:1.0-port0
1790753903.0253,C,57,4145,-50,/dev/serial/by-path/pci-0000:05:00.3-usb-0:2.1.3:1.0-port0
1790753903.0336,B,53,4155,-63,/dev/serial/by-path/pci-0000:05:00.3-usb-0:2.1.2:1.0-port0
1790753903.0339,A,67,4160,-50,/dev/serial/by-path/pci-0000:05:00.3-usb-0:2.1.1:1.0-port0
1790753903.0745,A,68,4201,-51,/dev/serial/by-path/pci-0000:05:00.3-usb-0:2.1.1:1.0-port0
1790753903.0748,B,54,4196,-65,/dev/serial/by-path/pci-0000:05:00.3-usb-0:2.1.2:1.0-port0
1790753903.0751,C,58,4194,-51,/dev/serial/by-path/pci-0000:05:00.3-usb-0:2.1.3:1.0-port0
1790753903.1119,B,55,4233,-62,/dev/serial/by-path/pci-0000:05:00.3-usb-0:2.1.2:1.0-port0
1790753903.1185,C,59,4238,-50,/dev/serial/by-path/pci-0000:05:00.3-usb-0:2.1.3:1.0-port0
1790753903.1186,A,69,4245,-51,/dev/serial/by-path/pci-0000:05:00.3-usb-0:2.1.1:1.0-port0
1790753903.1667,A,70,4293,-50,/dev/serial/by-path/pci-0000:05:00.3-usb-0:2.1.1:1.0-port0
1790753903.1670,C,60,4286,-50,/dev/serial/by-path/pci-0000:05:00.3-usb-0:2.1.3:1.0-port0
1790753903.1806,B,56,4302,-63,/dev/serial/by-path/pci-0000:05:00.3-usb-0:2.1.2:1.0-port0
1790753903.2066,C,61,4327,-50,/dev/serial/by-path/pci-0000:05:00.3-usb-0:2.1.3:1.0-port0
1790753903.2457,B,57,4367,-65,/dev/serial/by-path/pci-0000:05:00.3-usb-0:2.1.2:1.0-port0
1790753903.2532,C,62,4373,-52,/dev/serial/by-path/pci-0000:05:00.3-usb-0:2.1.3:1.0-port0
1790753903.2539,A,71,4381,-51,/dev/serial/by-path/pci-0000:05:00.3-usb-0:2.1.1:1.0-port0
1790753903.2556,B,58,4377,-62,/dev/serial/by-path/pci-0000:05:00.3-usb-0:2.1.2:1.0-port0
1790753903.3044,A,72,4431,-51,/dev/serial/by-path/pci-0000:05:00.3-usb-0:2.1.1:1.0-port0
1790753903.3094,C,63,4429,-50,/dev/serial/by-path/pci-0000:05:00.3-usb-0:2.1.3:1.0-port0
1790753903.3197,B,59,4441,-63,/dev/serial/by-path/pci-0000:05:00.3-usb-0:2.1.2:1.0-port0
1790753903.3527,A,73,4479,-51,/dev/serial/by-path/pci-0000:05:00.3-usb-0:2.1.1:1.0-port0
1790753903.3528,C,64,4473,-50,/dev/serial/by-path/pci-0000:05:00.3-usb-0:2.1.3:1.0-port0
1790753903.3532,B,60,4474,-65,/dev/serial/by-path/pci-0000:05:00.3-usb-0:2.1.2:1.0-port0
1790753903.3920,A,74,4518,-51,/dev/serial/by-path/pci-0000:05:00.3-usb-0:2.1.1:1.0-port0
1790753903.3922,C,65,4512,-51,/dev/serial/by-path/pci-0000:05:00.3-usb-0:2.1.3:1.0-port0
1790753903.3955,B,61,4517,-66,/dev/serial/by-path/pci-0000:05:00.3-usb-0:2.1.2:1.0-port0
1790753903.4314,B,62,4553,-62,/dev/serial/by-path/pci-0000:05:00.3-usb-0:2.1.2:1.0-port0
1790753903.4441,C,66,4564,-50,/dev/serial/by-path/pci-0000:05:00.3-usb-0:2.1.3:1.0-port0
1790753903.4549,A,75,4582,-52,/dev/serial/by-path/pci-0000:05:00.3-usb-0:2.1.1:1.0-port0
1790753903.4745,C,67,4594,-50,/dev/serial/by-path/pci-0000:05:00.3-usb-0:2.1.3:1.0-port0
1790753903.5234,B,63,4645,-65,/dev/serial/by-path/pci-0000:05:00.3-usb-0:2.1.2:1.0-port0
1790753903.5541,A,76,4681,-51,/dev/serial/by-path/pci-0000:05:00.3-usb-0:2.1.1:1.0-port0
1790753903.5585,C,68,4679,-51,/dev/serial/by-path/pci-0000:05:00.3-usb-0:2.1.3:1.0-port0
1790753903.5641,B,64,4685,-62,/dev/serial/by-path/pci-0000:05:00.3-usb-0:2.1.2:1.0-port0
1790753903.5642,A,77,4691,-52,/dev/serial/by-path/pci-0000:05:00.3-usb-0:2.1.1:1.0-port0
1790753903.5655,C,69,4685,-51,/dev/serial/by-path/pci-0000:05:00.3-usb-0:2.1.3:1.0-port0
1790753903.6088,C,70,4729,-49,/dev/serial/by-path/pci-0000:05:00.3-usb-0:2.1.3:1.0-port0
1790753903.6229,A,78,4749,-50,/dev/serial/by-path/pci-0000:05:00.3-usb-0:2.1.1:1.0-port0
1790753903.6316,B,65,4753,-63,/dev/serial/by-path/pci-0000:05:00.3-usb-0:2.1.2:1.0-port0
1790753903.6514,A,79,4778,-50,/dev/serial/by-path/pci-0000:05:00.3-usb-0:2.1.1:1.0-port0
1790753903.6589,C,71,4779,-50,/dev/serial/by-path/pci-0000:05:00.3-usb-0:2.1.3:1.0-port0
1790753903.6604,B,66,4782,-65,/dev/serial/by-path/pci-0000:05:00.3-usb-0:2.1.2:1.0-port0
1790753903.6998,C,72,4820,-51,/dev/serial/by-path/pci-0000:05:00.3-usb-0:2.1.3:1.0-port0
1790753903.7047,A,80,4831,-51,/dev/serial/by-path/pci-0000:05:00.3-usb-0:2.1.1:1.0-port0
1790753903.7402,C,73,4860,-50,/dev/serial/by-path/pci-0000:05:00.3-usb-0:2.1.3:1.0-port0
1790753903.7455,B,67,4867,-62,/dev/serial/by-path/pci-0000:05:00.3-usb-0:2.1.2:1.0-port0
1790753903.7543,A,81,4881,-51,/dev/serial/by-path/pci-0000:05:00.3-usb-0:2.1.1:1.0-port0
1790753903.7848,A,82,4911,-50,/dev/serial/by-path/pci-0000:05:00.3-usb-0:2.1.1:1.0-port0
1790753903.7852,C,74,4904,-50,/dev/serial/by-path/pci-0000:05:00.3-usb-0:2.1.3:1.0-port0
1790753903.7946,B,68,4916,-63,/dev/serial/by-path/pci-0000:05:00.3-usb-0:2.1.2:1.0-port0
1790753903.8353,B,69,4957,-65,/dev/serial/by-path/pci-0000:05:00.3-usb-0:2.1.2:1.0-port0
1790753903.8556,A,83,4981,-50,/dev/serial/by-path/pci-0000:05:00.3-usb-0:2.1.1:1.0-port0
1790753903.8589,C,75,4979,-51,/dev/serial/by-path/pci-0000:05:00.3-usb-0:2.1.3:1.0-port0
1790753903.8833,C,76,5003,-50,/dev/serial/by-path/pci-0000:05:00.3-usb-0:2.1.3:1.0-port0
1790753903.8837,B,70,5004,-62,/dev/serial/by-path/pci-0000:05:00.3-usb-0:2.1.2:1.0-port0
1790753903.8947,A,84,5021,-51,/dev/serial/by-path/pci-0000:05:00.3-usb-0:2.1.1:1.0-port0
1790753903.9240,C,77,5044,-50,/dev/serial/by-path/pci-0000:05:00.3-usb-0:2.1.3:1.0-port0
1790753903.9243,B,71,5045,-63,/dev/serial/by-path/pci-0000:05:00.3-usb-0:2.1.2:1.0-port0
1790753903.9447,A,85,5071,-50,/dev/serial/by-path/pci-0000:05:00.3-usb-0:2.1.1:1.0-port0
1790753903.9752,B,72,5097,-65,/dev/serial/by-path/pci-0000:05:00.3-usb-0:2.1.2:1.0-port0
1790753903.9753,C,78,5095,-51,/dev/serial/by-path/pci-0000:05:00.3-usb-0:2.1.3:1.0-port0
1790753903.9755,A,86,5102,-51,/dev/serial/by-path/pci-0000:05:00.3-usb-0:2.1.1:1.0-port0
1790753904.0144,B,73,5136,-62,/dev/serial/by-path/pci-0000:05:00.3-usb-0:2.1.2:1.0-port0
1790753904.0335,C,79,5153,-50,/dev/serial/by-path/pci-0000:05:00.3-usb-0:2.1.3:1.0-port0
1790753904.0546,A,87,5181,-52,/dev/serial/by-path/pci-0000:05:00.3-usb-0:2.1.1:1.0-port0
1790753904.0655,C,80,5185,-50,/dev/serial/by-path/pci-0000:05:00.3-usb-0:2.1.3:1.0-port0
1790753904.0688,B,74,5190,-63,/dev/serial/by-path/pci-0000:05:00.3-usb-0:2.1.2:1.0-port0
1790753904.0833,A,88,5210,-50,/dev/serial/by-path/pci-0000:05:00.3-usb-0:2.1.1:1.0-port0
1790753904.1455,B,75,5267,-64,/dev/serial/by-path/pci-0000:05:00.3-usb-0:2.1.2:1.0-port0
1790753904.1464,C,81,5267,-51,/dev/serial/by-path/pci-0000:05:00.3-usb-0:2.1.3:1.0-port0
1790753904.1466,A,89,5273,-52,/dev/serial/by-path/pci-0000:05:00.3-usb-0:2.1.1:1.0-port0
1790753904.1553,B,76,5277,-62,/dev/serial/by-path/pci-0000:05:00.3-usb-0:2.1.2:1.0-port0
1790753904.1586,C,82,5279,-50,/dev/serial/by-path/pci-0000:05:00.3-usb-0:2.1.3:1.0-port0
1790753904.2050,B,77,5326,-63,/dev/serial/by-path/pci-0000:05:00.3-usb-0:2.1.2:1.0-port0
1790753904.2053,A,90,5331,-52,/dev/serial/by-path/pci-0000:05:00.3-usb-0:2.1.1:1.0-port0
1790753904.2087,C,83,5328,-50,/dev/serial/by-path/pci-0000:05:00.3-usb-0:2.1.3:1.0-port0
1790753904.2532,A,91,5380,-50,/dev/serial/by-path/pci-0000:05:00.3-usb-0:2.1.1:1.0-port0
1790753904.2589,B,78,5380,-65,/dev/serial/by-path/pci-0000:05:00.3-usb-0:2.1.2:1.0-port0
1790753904.2593,C,84,5379,-50,/dev/serial/by-path/pci-0000:05:00.3-usb-0:2.1.3:1.0-port0
1790753904.2973,C,85,5417,-50,/dev/serial/by-path/pci-0000:05:00.3-usb-0:2.1.3:1.0-port0
1790753904.2975,A,92,5424,-50,/dev/serial/by-path/pci-0000:05:00.3-usb-0:2.1.1:1.0-port0
1790753904.3428,B,79,5464,-62,/dev/serial/by-path/pci-0000:05:00.3-usb-0:2.1.2:1.0-port0
1790753904.3437,C,86,5463,-50,/dev/serial/by-path/pci-0000:05:00.3-usb-0:2.1.3:1.0-port0
1790753904.3540,A,93,5481,-51,/dev/serial/by-path/pci-0000:05:00.3-usb-0:2.1.1:1.0-port0
1790753904.3883,A,94,5515,-49,/dev/serial/by-path/pci-0000:05:00.3-usb-0:2.1.1:1.0-port0
1790753904.4271,B,80,5548,-65,/dev/serial/by-path/pci-0000:05:00.3-usb-0:2.1.2:1.0-port0
1790753904.4273,A,95,5553,-51,/dev/serial/by-path/pci-0000:05:00.3-usb-0:2.1.1:1.0-port0
1790753904.4275,C,87,5547,-51,/dev/serial/by-path/pci-0000:05:00.3-usb-0:2.1.3:1.0-port0
1790753904.4718,C,88,5592,-50,/dev/serial/by-path/pci-0000:05:00.3-usb-0:2.1.3:1.0-port0
1790753904.4780,B,81,5599,-62,/dev/serial/by-path/pci-0000:05:00.3-usb-0:2.1.2:1.0-port0
1790753904.4845,A,96,5611,-51,/dev/serial/by-path/pci-0000:05:00.3-usb-0:2.1.1:1.0-port0
1790753904.5203,C,89,5640,-50,/dev/serial/by-path/pci-0000:05:00.3-usb-0:2.1.3:1.0-port0
1790753904.5204,B,82,5641,-63,/dev/serial/by-path/pci-0000:05:00.3-usb-0:2.1.2:1.0-port0
1790753904.5208,A,97,5647,-50,/dev/serial/by-path/pci-0000:05:00.3-usb-0:2.1.1:1.0-port0
1790753904.5728,B,83,5694,-64,/dev/serial/by-path/pci-0000:05:00.3-usb-0:2.1.2:1.0-port0
1790753904.5948,A,98,5721,-51,/dev/serial/by-path/pci-0000:05:00.3-usb-0:2.1.1:1.0-port0
1790753904.5951,C,90,5714,-50,/dev/serial/by-path/pci-0000:05:00.3-usb-0:2.1.3:1.0-port0
1790753904.6068,B,84,5728,-62,/dev/serial/by-path/pci-0000:05:00.3-usb-0:2.1.2:1.0-port0
1790753904.6076,C,91,5728,-50,/dev/serial/by-path/pci-0000:05:00.3-usb-0:2.1.3:1.0-port0
1790753904.6505,A,99,5777,-51,/dev/serial/by-path/pci-0000:05:00.3-usb-0:2.1.1:1.0-port0
1790753904.6586,C,92,5779,-50,/dev/serial/by-path/pci-0000:05:00.3-usb-0:2.1.3:1.0-port0
1790753904.6627,B,85,5784,-63,/dev/serial/by-path/pci-0000:05:00.3-usb-0:2.1.2:1.0-port0
1790753904.6943,A,100,5821,-50,/dev/serial/by-path/pci-0000:05:00.3-usb-0:2.1.1:1.0-port0
1790753904.6944,C,93,5814,-50,/dev/serial/by-path/pci-0000:05:00.3-usb-0:2.1.3:1.0-port0
1790753904.6955,B,86,5817,-63,/dev/serial/by-path/pci-0000:05:00.3-usb-0:2.1.2:1.0-port0
1790753904.7387,B,87,5860,-65,/dev/serial/by-path/pci-0000:05:00.3-usb-0:2.1.2:1.0-port0
1790753904.7392,A,101,5865,-51,/dev/serial/by-path/pci-0000:05:00.3-usb-0:2.1.1:1.0-port0
1790753904.7393,C,94,5858,-51,/dev/serial/by-path/pci-0000:05:00.3-usb-0:2.1.3:1.0-port0
1790753904.7841,B,88,5905,-62,/dev/serial/by-path/pci-0000:05:00.3-usb-0:2.1.2:1.0-port0
1790753904.7855,C,95,5905,-50,/dev/serial/by-path/pci-0000:05:00.3-usb-0:2.1.3:1.0-port0
1790753904.7890,A,102,5915,-51,/dev/serial/by-path/pci-0000:05:00.3-usb-0:2.1.1:1.0-port0
1790753904.8252,B,89,5946,-63,/dev/serial/by-path/pci-0000:05:00.3-usb-0:2.1.2:1.0-port0
1790753904.8318,C,96,5952,-50,/dev/serial/by-path/pci-0000:05:00.3-usb-0:2.1.3:1.0-port0
1790753904.8323,A,103,5959,-50,/dev/serial/by-path/pci-0000:05:00.3-usb-0:2.1.1:1.0-port0
1790753904.8921,B,90,6013,-65,/dev/serial/by-path/pci-0000:05:00.3-usb-0:2.1.2:1.0-port0
1790753904.9044,A,104,6031,-51,/dev/serial/by-path/pci-0000:05:00.3-usb-0:2.1.1:1.0-port0
1790753904.9060,C,97,6026,-51,/dev/serial/by-path/pci-0000:05:00.3-usb-0:2.1.3:1.0-port0
1790753904.9310,B,91,6053,-62,/dev/serial/by-path/pci-0000:05:00.3-usb-0:2.1.2:1.0-port0
1790753904.9315,A,105,6058,-51,/dev/serial/by-path/pci-0000:05:00.3-usb-0:2.1.1:1.0-port0
1790753904.9455,C,98,6065,-50,/dev/serial/by-path/pci-0000:05:00.3-usb-0:2.1.3:1.0-port0
1790753904.9611,B,92,6082,-63,/dev/serial/by-path/pci-0000:05:00.3-usb-0:2.1.2:1.0-port0
1790753904.9690,A,106,6095,-50,/dev/serial/by-path/pci-0000:05:00.3-usb-0:2.1.1:1.0-port0
1790753905.0523,C,99,6172,-50,/dev/serial/by-path/pci-0000:05:00.3-usb-0:2.1.3:1.0-port0
1790753905.0545,A,107,6181,-50,/dev/serial/by-path/pci-0000:05:00.3-usb-0:2.1.1:1.0-port0
1790753905.0934,B,93,6215,-62,/dev/serial/by-path/pci-0000:05:00.3-usb-0:2.1.2:1.0-port0
1790753905.0934,B,94,6215,-62,/dev/serial/by-path/pci-0000:05:00.3-usb-0:2.1.2:1.0-port0
1790753905.1036,C,100,6223,-50,/dev/serial/by-path/pci-0000:05:00.3-usb-0:2.1.3:1.0-port0
1790753905.1042,A,108,6231,-51,/dev/serial/by-path/pci-0000:05:00.3-usb-0:2.1.1:1.0-port0
1790753905.1407,B,95,6262,-63,/dev/serial/by-path/pci-0000:05:00.3-usb-0:2.1.2:1.0-port0
1790753905.1411,A,109,6268,-50,/dev/serial/by-path/pci-0000:05:00.3-usb-0:2.1.1:1.0-port0
1790753905.1551,C,101,6275,-50,/dev/serial/by-path/pci-0000:05:00.3-usb-0:2.1.3:1.0-port0
1790753905.1931,B,96,6314,-65,/dev/serial/by-path/pci-0000:05:00.3-usb-0:2.1.2:1.0-port0
1790753905.2047,A,110,6331,-51,/dev/serial/by-path/pci-0000:05:00.3-usb-0:2.1.1:1.0-port0
1790753905.2085,C,102,6329,-51,/dev/serial/by-path/pci-0000:05:00.3-usb-0:2.1.3:1.0-port0
1790753905.2263,C,103,6346,-50,/dev/serial/by-path/pci-0000:05:00.3-usb-0:2.1.3:1.0-port0
1790753905.2268,A,111,6353,-51,/dev/serial/by-path/pci-0000:05:00.3-usb-0:2.1.1:1.0-port0
1790753905.2272,B,97,6348,-62,/dev/serial/by-path/pci-0000:05:00.3-usb-0:2.1.2:1.0-port0
1790753905.2711,B,98,6392,-63,/dev/serial/by-path/pci-0000:05:00.3-usb-0:2.1.2:1.0-port0
1790753905.2715,A,112,6398,-50,/dev/serial/by-path/pci-0000:05:00.3-usb-0:2.1.1:1.0-port0
1790753905.2751,C,104,6395,-50,/dev/serial/by-path/pci-0000:05:00.3-usb-0:2.1.3:1.0-port0
1790753905.3222,B,99,6442,-64,/dev/serial/by-path/pci-0000:05:00.3-usb-0:2.1.2:1.0-port0
1790753905.3283,C,105,6448,-50,/dev/serial/by-path/pci-0000:05:00.3-usb-0:2.1.3:1.0-port0
1790753905.3287,A,113,6455,-51,/dev/serial/by-path/pci-0000:05:00.3-usb-0:2.1.1:1.0-port0
1790753905.3956,B,100,6517,-62,/dev/serial/by-path/pci-0000:05:00.3-usb-0:2.1.2:1.0-port0
1790753905.4018,C,106,6522,-51,/dev/serial/by-path/pci-0000:05:00.3-usb-0:2.1.3:1.0-port0
1790753905.4022,A,114,6528,-51,/dev/serial/by-path/pci-0000:05:00.3-usb-0:2.1.1:1.0-port0
1790753905.4122,B,101,6533,-63,/dev/serial/by-path/pci-0000:05:00.3-usb-0:2.1.2:1.0-port0
1790753905.4241,A,115,6550,-50,/dev/serial/by-path/pci-0000:05:00.3-usb-0:2.1.1:1.0-port0
1790753905.4561,C,107,6576,-50,/dev/serial/by-path/pci-0000:05:00.3-usb-0:2.1.3:1.0-port0
1790753905.4668,B,102,6588,-66,/dev/serial/by-path/pci-0000:05:00.3-usb-0:2.1.2:1.0-port0
1790753905.5044,A,116,6631,-51,/dev/serial/by-path/pci-0000:05:00.3-usb-0:2.1.1:1.0-port0
1790753905.5087,C,108,6629,-51,/dev/serial/by-path/pci-0000:05:00.3-usb-0:2.1.3:1.0-port0
1790753905.5456,B,103,6667,-62,/dev/serial/by-path/pci-0000:05:00.3-usb-0:2.1.2:1.0-port0
1790753905.5461,C,109,6666,-49,/dev/serial/by-path/pci-0000:05:00.3-usb-0:2.1.3:1.0-port0
1790753905.5524,A,117,6679,-51,/dev/serial/by-path/pci-0000:05:00.3-usb-0:2.1.1:1.0-port0
1790753905.5963,B,104,6718,-63,/dev/serial/by-path/pci-0000:05:00.3-usb-0:2.1.2:1.0-port0
1790753905.5966,A,118,6723,-50,/dev/serial/by-path/pci-0000:05:00.3-usb-0:2.1.1:1.0-port0
1790753905.5969,C,110,6716,-50,/dev/serial/by-path/pci-0000:05:00.3-usb-0:2.1.3:1.0-port0
1790753905.6374,B,105,6759,-65,/dev/serial/by-path/pci-0000:05:00.3-usb-0:2.1.2:1.0-port0
1790753905.6432,C,111,6763,-50,/dev/serial/by-path/pci-0000:05:00.3-usb-0:2.1.3:1.0-port0
1790753905.6437,A,119,6770,-50,/dev/serial/by-path/pci-0000:05:00.3-usb-0:2.1.1:1.0-port0
1790753905.6777,C,112,6798,-50,/dev/serial/by-path/pci-0000:05:00.3-usb-0:2.1.3:1.0-port0
1790753905.6780,A,120,6805,-52,/dev/serial/by-path/pci-0000:05:00.3-usb-0:2.1.1:1.0-port0
1790753905.6805,B,106,6802,-62,/dev/serial/by-path/pci-0000:05:00.3-usb-0:2.1.2:1.0-port0
1790753905.7357,A,121,6862,-50,/dev/serial/by-path/pci-0000:05:00.3-usb-0:2.1.1:1.0-port0
1790753905.7358,B,107,6857,-63,/dev/serial/by-path/pci-0000:05:00.3-usb-0:2.1.2:1.0-port0
1790753905.7388,C,113,6859,-50,/dev/serial/by-path/pci-0000:05:00.3-usb-0:2.1.3:1.0-port0
1790753905.7898,B,108,6911,-65,/dev/serial/by-path/pci-0000:05:00.3-usb-0:2.1.2:1.0-port0
1790753905.7902,C,114,6909,-51,/dev/serial/by-path/pci-0000:05:00.3-usb-0:2.1.3:1.0-port0
1790753905.7906,A,122,6916,-51,/dev/serial/by-path/pci-0000:05:00.3-usb-0:2.1.1:1.0-port0
1790753905.8190,A,123,6945,-51,/dev/serial/by-path/pci-0000:05:00.3-usb-0:2.1.1:1.0-port0
1790753905.8269,B,109,6948,-62,/dev/serial/by-path/pci-0000:05:00.3-usb-0:2.1.2:1.0-port0
1790753905.8510,A,124,6978,-53,/dev/serial/by-path/pci-0000:05:00.3-usb-0:2.1.1:1.0-port0
1790753905.8512,C,115,6971,-50,/dev/serial/by-path/pci-0000:05:00.3-usb-0:2.1.3:1.0-port0
1790753905.8554,B,110,6977,-63,/dev/serial/by-path/pci-0000:05:00.3-usb-0:2.1.2:1.0-port0
1790753905.9007,A,125,7026,-50,/dev/serial/by-path/pci-0000:05:00.3-usb-0:2.1.1:1.0-port0
1790753905.9085,C,116,7029,-50,/dev/serial/by-path/pci-0000:05:00.3-usb-0:2.1.3:1.0-port0
1790753905.9463,B,111,7067,-65,/dev/serial/by-path/pci-0000:05:00.3-usb-0:2.1.2:1.0-port0
1790753905.9489,C,117,7069,-51,/dev/serial/by-path/pci-0000:05:00.3-usb-0:2.1.3:1.0-port0
1790753905.9491,A,126,7076,-51,/dev/serial/by-path/pci-0000:05:00.3-usb-0:2.1.1:1.0-port0
1790753905.9964,B,112,7117,-62,/dev/serial/by-path/pci-0000:05:00.3-usb-0:2.1.2:1.0-port0
1790753905.9969,A,127,7123,-51,/dev/serial/by-path/pci-0000:05:00.3-usb-0:2.1.1:1.0-port0
1790753906.0086,C,118,7129,-50,/dev/serial/by-path/pci-0000:05:00.3-usb-0:2.1.3:1.0-port0
1790753906.0431,B,113,7165,-63,/dev/serial/by-path/pci-0000:05:00.3-usb-0:2.1.2:1.0-port0
1790753906.0457,C,119,7166,-50,/dev/serial/by-path/pci-0000:05:00.3-usb-0:2.1.3:1.0-port0
1790753906.0462,A,128,7173,-50,/dev/serial/by-path/pci-0000:05:00.3-usb-0:2.1.1:1.0-port0
1790753906.0888,C,120,7208,-51,/dev/serial/by-path/pci-0000:05:00.3-usb-0:2.1.3:1.0-port0
1790753906.0889,A,129,7215,-51,/dev/serial/by-path/pci-0000:05:00.3-usb-0:2.1.1:1.0-port0
1790753906.0955,B,114,7217,-65,/dev/serial/by-path/pci-0000:05:00.3-usb-0:2.1.2:1.0-port0
1790753906.1301,B,115,7251,-62,/dev/serial/by-path/pci-0000:05:00.3-usb-0:2.1.2:1.0-port0
1790753906.1475,C,121,7268,-50,/dev/serial/by-path/pci-0000:05:00.3-usb-0:2.1.3:1.0-port0
1790753906.1476,A,130,7274,-51,/dev/serial/by-path/pci-0000:05:00.3-usb-0:2.1.1:1.0-port0
1790753906.1813,C,122,7301,-50,/dev/serial/by-path/pci-0000:05:00.3-usb-0:2.1.3:1.0-port0
1790753906.1817,B,116,7302,-63,/dev/serial/by-path/pci-0000:05:00.3-usb-0:2.1.2:1.0-port0
1790753906.1820,A,131,7307,-51,/dev/serial/by-path/pci-0000:05:00.3-usb-0:2.1.1:1.0-port0
1790753906.2456,B,117,7367,-65,/dev/serial/by-path/pci-0000:05:00.3-usb-0:2.1.2:1.0-port0
1790753906.2536,C,123,7374,-50,/dev/serial/by-path/pci-0000:05:00.3-usb-0:2.1.3:1.0-port0
1790753906.2540,A,132,7381,-51,/dev/serial/by-path/pci-0000:05:00.3-usb-0:2.1.1:1.0-port0
1790753906.2602,B,118,7381,-61,/dev/serial/by-path/pci-0000:05:00.3-usb-0:2.1.2:1.0-port0
1790753906.2893,A,133,7416,-51,/dev/serial/by-path/pci-0000:05:00.3-usb-0:2.1.1:1.0-port0
1790753906.3084,C,124,7428,-50,/dev/serial/by-path/pci-0000:05:00.3-usb-0:2.1.3:1.0-port0
1790753906.3467,A,134,7473,-50,/dev/serial/by-path/pci-0000:05:00.3-usb-0:2.1.1:1.0-port0
1790753906.3470,B,119,7467,-64,/dev/serial/by-path/pci-0000:05:00.3-usb-0:2.1.2:1.0-port0
1790753906.3579,B,120,7479,-65,/dev/serial/by-path/pci-0000:05:00.3-usb-0:2.1.2:1.0-port0
1790753906.3592,C,125,7479,-50,/dev/serial/by-path/pci-0000:05:00.3-usb-0:2.1.3:1.0-port0
1790753906.3805,A,135,7507,-51,/dev/serial/by-path/pci-0000:05:00.3-usb-0:2.1.1:1.0-port0
1790753906.4053,A,136,7532,-51,/dev/serial/by-path/pci-0000:05:00.3-usb-0:2.1.1:1.0-port0
1790753906.4102,C,126,7529,-50,/dev/serial/by-path/pci-0000:05:00.3-usb-0:2.1.3:1.0-port0
1790753906.4456,B,121,7567,-62,/dev/serial/by-path/pci-0000:05:00.3-usb-0:2.1.2:1.0-port0
1790753906.4484,A,137,7575,-51,/dev/serial/by-path/pci-0000:05:00.3-usb-0:2.1.1:1.0-port0
1790753906.4567,C,127,7577,-50,/dev/serial/by-path/pci-0000:05:00.3-usb-0:2.1.3:1.0-port0
1790753906.4571,B,122,7579,-63,/dev/serial/by-path/pci-0000:05:00.3-usb-0:2.1.2:1.0-port0
1790753906.5042,A,138,7631,-50,/dev/serial/by-path/pci-0000:05:00.3-usb-0:2.1.1:1.0-port0
1790753906.5052,C,128,7624,-50,/dev/serial/by-path/pci-0000:05:00.3-usb-0:2.1.3:1.0-port0
1790753906.5412,C,129,7662,-51,/dev/serial/by-path/pci-0000:05:00.3-usb-0:2.1.3:1.0-port0
1790753906.5415,B,123,7663,-65,/dev/serial/by-path/pci-0000:05:00.3-usb-0:2.1.2:1.0-port0
1790753906.5545,A,139,7681,-51,/dev/serial/by-path/pci-0000:05:00.3-usb-0:2.1.1:1.0-port0
1790753906.5872,A,140,7714,-51,/dev/serial/by-path/pci-0000:05:00.3-usb-0:2.1.1:1.0-port0
1790753906.5875,C,130,7707,-50,/dev/serial/by-path/pci-0000:05:00.3-usb-0:2.1.3:1.0-port0
1790753906.5956,B,124,7717,-62,/dev/serial/by-path/pci-0000:05:00.3-usb-0:2.1.2:1.0-port0
1790753906.6338,A,141,7760,-50,/dev/serial/by-path/pci-0000:05:00.3-usb-0:2.1.1:1.0-port0
1790753906.6342,B,125,7754,-63,/dev/serial/by-path/pci-0000:05:00.3-usb-0:2.1.2:1.0-port0
1790753906.6399,C,131,7760,-50,/dev/serial/by-path/pci-0000:05:00.3-usb-0:2.1.3:1.0-port0
1790753906.6808,A,142,7807,-51,/dev/serial/by-path/pci-0000:05:00.3-usb-0:2.1.1:1.0-port0
1790753906.6812,C,132,7800,-50,/dev/serial/by-path/pci-0000:05:00.3-usb-0:2.1.3:1.0-port0
1790753906.6955,B,126,7817,-65,/dev/serial/by-path/pci-0000:05:00.3-usb-0:2.1.2:1.0-port0
1790753906.7194,A,143,7846,-51,/dev/serial/by-path/pci-0000:05:00.3-usb-0:2.1.1:1.0-port0
1790753906.7462,B,127,7867,-62,/dev/serial/by-path/pci-0000:05:00.3-usb-0:2.1.2:1.0-port0
1790753906.7587,C,133,7879,-50,/dev/serial/by-path/pci-0000:05:00.3-usb-0:2.1.3:1.0-port0
1790753906.7734,A,144,7900,-52,/dev/serial/by-path/pci-0000:05:00.3-usb-0:2.1.1:1.0-port0
1790753906.8093,C,134,7929,-50,/dev/serial/by-path/pci-0000:05:00.3-usb-0:2.1.3:1.0-port0
1790753906.8320,B,128,7953,-65,/dev/serial/by-path/pci-0000:05:00.3-usb-0:2.1.2:1.0-port0
1790753906.8544,A,145,7981,-51,/dev/serial/by-path/pci-0000:05:00.3-usb-0:2.1.1:1.0-port0
1790753906.8591,C,135,7979,-51,/dev/serial/by-path/pci-0000:05:00.3-usb-0:2.1.3:1.0-port0
1790753906.8896,B,129,8011,-62,/dev/serial/by-path/pci-0000:05:00.3-usb-0:2.1.2:1.0-port0
1790753906.8899,A,146,8016,-52,/dev/serial/by-path/pci-0000:05:00.3-usb-0:2.1.1:1.0-port0
1790753906.9028,C,136,8023,-50,/dev/serial/by-path/pci-0000:05:00.3-usb-0:2.1.3:1.0-port0
1790753906.9370,C,137,8057,-50,/dev/serial/by-path/pci-0000:05:00.3-usb-0:2.1.3:1.0-port0
1790753906.9374,B,130,8059,-63,/dev/serial/by-path/pci-0000:05:00.3-usb-0:2.1.2:1.0-port0
1790753906.9386,A,147,8064,-50,/dev/serial/by-path/pci-0000:05:00.3-usb-0:2.1.1:1.0-port0
1790753906.9855,B,131,8107,-66,/dev/serial/by-path/pci-0000:05:00.3-usb-0:2.1.2:1.0-port0
1790753906.9859,C,138,8105,-53,/dev/serial/by-path/pci-0000:05:00.3-usb-0:2.1.3:1.0-port0
1790753906.9862,A,148,8113,-51,/dev/serial/by-path/pci-0000:05:00.3-usb-0:2.1.1:1.0-port0
1790753907.0276,B,132,8149,-61,/dev/serial/by-path/pci-0000:05:00.3-usb-0:2.1.2:1.0-port0
1790753907.0494,A,149,8176,-51,/dev/serial/by-path/pci-0000:05:00.3-usb-0:2.1.1:1.0-port0
1790753907.0567,C,139,8177,-50,/dev/serial/by-path/pci-0000:05:00.3-usb-0:2.1.3:1.0-port0
1790753907.0741,B,133,8195,-64,/dev/serial/by-path/pci-0000:05:00.3-usb-0:2.1.2:1.0-port0
1790753907.0877,A,150,8214,-50,/dev/serial/by-path/pci-0000:05:00.3-usb-0:2.1.1:1.0-port0
1790753907.0878,C,140,8208,-50,/dev/serial/by-path/pci-0000:05:00.3-usb-0:2.1.3:1.0-port0
1790753907.1187,B,134,8240,-66,/dev/serial/by-path/pci-0000:05:00.3-usb-0:2.1.2:1.0-port0
1790753907.1548,A,151,8281,-50,/dev/serial/by-path/pci-0000:05:00.3-usb-0:2.1.1:1.0-port0
1790753907.1583,C,141,8279,-51,/dev/serial/by-path/pci-0000:05:00.3-usb-0:2.1.3:1.0-port0
1790753907.1602,C,142,8279,-50,/dev/serial/by-path/pci-0000:05:00.3-usb-0:2.1.3:1.0-port0
1790753907.1787,A,152,8305,-51,/dev/serial/by-path/pci-0000:05:00.3-usb-0:2.1.1:1.0-port0
1790753907.1788,B,135,8300,-62,/dev/serial/by-path/pci-0000:05:00.3-usb-0:2.1.2:1.0-port0
1790753907.2061,C,143,8326,-50,/dev/serial/by-path/pci-0000:05:00.3-usb-0:2.1.3:1.0-port0
1790753907.2087,B,136,8330,-63,/dev/serial/by-path/pci-0000:05:00.3-usb-0:2.1.2:1.0-port0
1790753907.2566,C,144,8376,-50,/dev/serial/by-path/pci-0000:05:00.3-usb-0:2.1.3:1.0-port0
1790753907.2689,B,137,8390,-65,/dev/serial/by-path/pci-0000:05:00.3-usb-0:2.1.2:1.0-port0
1790753907.3006,C,145,8421,-51,/dev/serial/by-path/pci-0000:05:00.3-usb-0:2.1.3:1.0-port0
1790753907.3046,A,153,8431,-51,/dev/serial/by-path/pci-0000:05:00.3-usb-0:2.1.1:1.0-port0
1790753907.3286,B,138,8450,-61,/dev/serial/by-path/pci-0000:05:00.3-usb-0:2.1.2:1.0-port0
1790753907.3454,B,139,8466,-60,/dev/serial/by-path/pci-0000:05:00.3-usb-0:2.1.2:1.0-port0
1790753907.3455,A,154,8472,-52,/dev/serial/by-path/pci-0000:05:00.3-usb-0:2.1.1:1.0-port0
1790753907.3586,C,146,8479,-51,/dev/serial/by-path/pci-0000:05:00.3-usb-0:2.1.3:1.0-port0
1790753907.3906,B,140,8511,-61,/dev/serial/by-path/pci-0000:05:00.3-usb-0:2.1.2:1.0-port0
1790753907.4026,C,147,8522,-51,/dev/serial/by-path/pci-0000:05:00.3-usb-0:2.1.3:1.0-port0
1790753907.4027,A,155,8529,-50,/dev/serial/by-path/pci-0000:05:00.3-usb-0:2.1.1:1.0-port0
1790753907.4455,B,141,8567,-69,/dev/serial/by-path/pci-0000:05:00.3-usb-0:2.1.2:1.0-port0
1790753907.4526,A,156,8579,-51,/dev/serial/by-path/pci-0000:05:00.3-usb-0:2.1.1:1.0-port0
1790753907.4531,C,148,8572,-54,/dev/serial/by-path/pci-0000:05:00.3-usb-0:2.1.3:1.0-port0
1790753907.4833,C,149,8603,-50,/dev/serial/by-path/pci-0000:05:00.3-usb-0:2.1.3:1.0-port0
1790753907.4837,B,142,8605,-62,/dev/serial/by-path/pci-0000:05:00.3-usb-0:2.1.2:1.0-port0
1790753907.4840,A,157,8611,-52,/dev/serial/by-path/pci-0000:05:00.3-usb-0:2.1.1:1.0-port0
1790753907.5335,A,158,8660,-50,/dev/serial/by-path/pci-0000:05:00.3-usb-0:2.1.1:1.0-port0
1790753907.5337,B,143,8655,-62,/dev/serial/by-path/pci-0000:05:00.3-usb-0:2.1.2:1.0-port0
1790753907.5542,C,150,8674,-49,/dev/serial/by-path/pci-0000:05:00.3-usb-0:2.1.3:1.0-port0
1790753907.5956,B,144,8717,-66,/dev/serial/by-path/pci-0000:05:00.3-usb-0:2.1.2:1.0-port0
1790753907.6045,A,159,8731,-50,/dev/serial/by-path/pci-0000:05:00.3-usb-0:2.1.1:1.0-port0
1790753907.6088,C,151,8729,-50,/dev/serial/by-path/pci-0000:05:00.3-usb-0:2.1.3:1.0-port0
1790753907.6287,A,160,8755,-51,/dev/serial/by-path/pci-0000:05:00.3-usb-0:2.1.1:1.0-port0
1790753907.6460,B,145,8767,-57,/dev/serial/by-path/pci-0000:05:00.3-usb-0:2.1.2:1.0-port0
1790753907.6535,C,152,8774,-53,/dev/serial/by-path/pci-0000:05:00.3-usb-0:2.1.3:1.0-port0
1790753907.6727,B,146,8794,-61,/dev/serial/by-path/pci-0000:05:00.3-usb-0:2.1.2:1.0-port0
1790753907.7046,A,161,8831,-50,/dev/serial/by-path/pci-0000:05:00.3-usb-0:2.1.1:1.0-port0
1790753907.7089,C,153,8829,-55,/dev/serial/by-path/pci-0000:05:00.3-usb-0:2.1.3:1.0-port0
1790753907.7234,C,154,8844,-58,/dev/serial/by-path/pci-0000:05:00.3-usb-0:2.1.3:1.0-port0
1790753907.7237,A,162,8850,-50,/dev/serial/by-path/pci-0000:05:00.3-usb-0:2.1.1:1.0-port0
1790753907.7259,B,147,8847,-63,/dev/serial/by-path/pci-0000:05:00.3-usb-0:2.1.2:1.0-port0
1790753907.7698,B,148,8891,-72,/dev/serial/by-path/pci-0000:05:00.3-usb-0:2.1.2:1.0-port0
1790753907.7699,A,163,8896,-51,/dev/serial/by-path/pci-0000:05:00.3-usb-0:2.1.1:1.0-port0
1790753907.8025,C,155,8922,-56,/dev/serial/by-path/pci-0000:05:00.3-usb-0:2.1.3:1.0-port0
1790753907.8166,B,149,8938,-70,/dev/serial/by-path/pci-0000:05:00.3-usb-0:2.1.2:1.0-port0
1790753907.8168,A,164,8944,-50,/dev/serial/by-path/pci-0000:05:00.3-usb-0:2.1.1:1.0-port0
1790753907.8170,C,156,8937,-57,/dev/serial/by-path/pci-0000:05:00.3-usb-0:2.1.3:1.0-port0
1790753907.8568,C,157,8977,-60,/dev/serial/by-path/pci-0000:05:00.3-usb-0:2.1.3:1.0-port0
1790753907.8719,B,150,8993,-63,/dev/serial/by-path/pci-0000:05:00.3-usb-0:2.1.2:1.0-port0
1790753907.9042,A,165,9031,-51,/dev/serial/by-path/pci-0000:05:00.3-usb-0:2.1.1:1.0-port0
1790753907.9060,A,166,9032,-50,/dev/serial/by-path/pci-0000:05:00.3-usb-0:2.1.1:1.0-port0
1790753907.9083,C,158,9029,-58,/dev/serial/by-path/pci-0000:05:00.3-usb-0:2.1.3:1.0-port0
1790753907.9203,B,151,9042,-68,/dev/serial/by-path/pci-0000:05:00.3-usb-0:2.1.2:1.0-port0
1790753907.9446,B,152,9066,-66,/dev/serial/by-path/pci-0000:05:00.3-usb-0:2.1.2:1.0-port0
1790753907.9462,A,167,9071,-51,/dev/serial/by-path/pci-0000:05:00.3-usb-0:2.1.1:1.0-port0
1790753907.9526,C,159,9073,-64,/dev/serial/by-path/pci-0000:05:00.3-usb-0:2.1.3:1.0-port0
1790753907.9940,B,153,9115,-70,/dev/serial/by-path/pci-0000:05:00.3-usb-0:2.1.2:1.0-port0
1790753907.9941,A,168,9121,-50,/dev/serial/by-path/pci-0000:05:00.3-usb-0:2.1.1:1.0-port0
1790753907.9956,C,160,9115,-65,/dev/serial/by-path/pci-0000:05:00.3-usb-0:2.1.3:1.0-port0
1790753908.0452,B,154,9167,-64,/dev/serial/by-path/pci-0000:05:00.3-usb-0:2.1.2:1.0-port0
1790753908.0549,A,169,9182,-51,/dev/serial/by-path/pci-0000:05:00.3-usb-0:2.1.1:1.0-port0
1790753908.0584,C,161,9179,-56,/dev/serial/by-path/pci-0000:05:00.3-usb-0:2.1.3:1.0-port0
1790753908.0851,C,162,9205,-48,/dev/serial/by-path/pci-0000:05:00.3-usb-0:2.1.3:1.0-port0
1790753908.0854,A,170,9212,-54,/dev/serial/by-path/pci-0000:05:00.3-usb-0:2.1.1:1.0-port0
1790753908.0956,B,155,9217,-66,/dev/serial/by-path/pci-0000:05:00.3-usb-0:2.1.2:1.0-port0
1790753908.1326,A,171,9259,-56,/dev/serial/by-path/pci-0000:05:00.3-usb-0:2.1.1:1.0-port0
1790753908.1331,B,156,9254,-68,/dev/serial/by-path/pci-0000:05:00.3-usb-0:2.1.2:1.0-port0
1790753908.1334,C,163,9253,-48,/dev/serial/by-path/pci-0000:05:00.3-usb-0:2.1.3:1.0-port0
1790753908.1931,B,157,9314,-64,/dev/serial/by-path/pci-0000:05:00.3-usb-0:2.1.2:1.0-port0
1790753908.2042,A,172,9331,-55,/dev/serial/by-path/pci-0000:05:00.3-usb-0:2.1.1:1.0-port0
1790753908.2087,C,164,9329,-48,/dev/serial/by-path/pci-0000:05:00.3-usb-0:2.1.3:1.0-port0
1790753908.2145,C,165,9335,-52,/dev/serial/by-path/pci-0000:05:00.3-usb-0:2.1.3:1.0-port0
1790753908.2210,B,158,9342,-77,/dev/serial/by-path/pci-0000:05:00.3-usb-0:2.1.2:1.0-port0
1790753908.2328,A,173,9359,-57,/dev/serial/by-path/pci-0000:05:00.3-usb-0:2.1.1:1.0-port0
1790753908.2585,C,166,9379,-55,/dev/serial/by-path/pci-0000:05:00.3-usb-0:2.1.3:1.0-port0
1790753908.2623,B,159,9384,-66,/dev/serial/by-path/pci-0000:05:00.3-usb-0:2.1.2:1.0-port0
1790753908.2866,A,174,9413,-56,/dev/serial/by-path/pci-0000:05:00.3-usb-0:2.1.1:1.0-port0
1790753908.2996,C,167,9420,-55,/dev/serial/by-path/pci-0000:05:00.3-usb-0:2.1.3:1.0-port0
1790753908.3006,A,175,9427,-57,/dev/serial/by-path/pci-0000:05:00.3-usb-0:2.1.1:1.0-port0
1790753908.3045,B,160,9426,-60,/dev/serial/by-path/pci-0000:05:00.3-usb-0:2.1.2:1.0-port0
1790753908.3426,B,161,9464,-56,/dev/serial/by-path/pci-0000:05:00.3-usb-0:2.1.2:1.0-port0
1790753908.3430,A,176,9469,-55,/dev/serial/by-path/pci-0000:05:00.3-usb-0:2.1.1:1.0-port0
1790753908.3434,C,168,9462,-52,/dev/serial/by-path/pci-0000:05:00.3-usb-0:2.1.3:1.0-port0
1790753908.3959,B,162,9517,-56,/dev/serial/by-path/pci-0000:05:00.3-usb-0:2.1.2:1.0-port0
1790753908.4042,A,177,9531,-57,/dev/serial/by-path/pci-0000:05:00.3-usb-0:2.1.1:1.0-port0
1790753908.4087,C,169,9529,-47,/dev/serial/by-path/pci-0000:05:00.3-usb-0:2.1.3:1.0-port0
1790753908.4296,C,170,9550,-43,/dev/serial/by-path/pci-0000:05:00.3-usb-0:2.1.3:1.0-port0
1790753908.4381,B,163,9559,-49,/dev/serial/by-path/pci-0000:05:00.3-usb-0:2.1.2:1.0-port0
1790753908.4386,A,178,9565,-56,/dev/serial/by-path/pci-0000:05:00.3-usb-0:2.1.1:1.0-port0
1790753908.4751,B,164,9596,-52,/dev/serial/by-path/pci-0000:05:00.3-usb-0:2.1.2:1.0-port0
1790753908.5042,A,179,9631,-55,/dev/serial/by-path/pci-0000:05:00.3-usb-0:2.1.1:1.0-port0
1790753908.5087,C,171,9629,-42,/dev/serial/by-path/pci-0000:05:00.3-usb-0:2.1.3:1.0-port0
1790753908.5158,B,165,9637,-55,/dev/serial/by-path/pci-0000:05:00.3-usb-0:2.1.2:1.0-port0
1790753908.5227,C,172,9643,-43,/dev/serial/by-path/pci-0000:05:00.3-usb-0:2.1.3:1.0-port0
1790753908.5285,A,180,9655,-57,/dev/serial/by-path/pci-0000:05:00.3-usb-0:2.1.1:1.0-port0
1790753908.5638,B,166,9685,-49,/dev/serial/by-path/pci-0000:05:00.3-usb-0:2.1.2:1.0-port0
1790753908.5822,C,173,9702,-42,/dev/serial/by-path/pci-0000:05:00.3-usb-0:2.1.3:1.0-port0
1790753908.5824,A,181,9709,-55,/dev/serial/by-path/pci-0000:05:00.3-usb-0:2.1.1:1.0-port0
1790753908.6084,C,174,9729,-42,/dev/serial/by-path/pci-0000:05:00.3-usb-0:2.1.3:1.0-port0
1790753908.6090,B,167,9731,-55,/dev/serial/by-path/pci-0000:05:00.3-usb-0:2.1.2:1.0-port0
1790753908.6106,A,182,9737,-58,/dev/serial/by-path/pci-0000:05:00.3-usb-0:2.1.1:1.0-port0
1790753908.6509,C,175,9771,-40,/dev/serial/by-path/pci-0000:05:00.3-usb-0:2.1.3:1.0-port0
1790753908.6513,A,183,9778,-64,/dev/serial/by-path/pci-0000:05:00.3-usb-0:2.1.1:1.0-port0
1790753908.6928,B,168,9815,-52,/dev/serial/by-path/pci-0000:05:00.3-usb-0:2.1.2:1.0-port0
1790753908.6950,B,169,9815,-56,/dev/serial/by-path/pci-0000:05:00.3-usb-0:2.1.2:1.0-port0
1790753908.6993,C,176,9819,-43,/dev/serial/by-path/pci-0000:05:00.3-usb-0:2.1.3:1.0-port0
1790753908.6996,A,184,9826,-62,/dev/serial/by-path/pci-0000:05:00.3-usb-0:2.1.1:1.0-port0
1790753908.7350,A,185,9861,-63,/dev/serial/by-path/pci-0000:05:00.3-usb-0:2.1.1:1.0-port0
1790753908.7353,B,170,9856,-50,/dev/serial/by-path/pci-0000:05:00.3-usb-0:2.1.2:1.0-port0
1790753908.7474,C,177,9867,-42,/dev/serial/by-path/pci-0000:05:00.3-usb-0:2.1.3:1.0-port0
1790753908.7758,B,171,9897,-53,/dev/serial/by-path/pci-0000:05:00.3-usb-0:2.1.2:1.0-port0
1790753908.7963,A,186,9923,-72,/dev/serial/by-path/pci-0000:05:00.3-usb-0:2.1.1:1.0-port0
1790753908.7967,C,178,9917,-41,/dev/serial/by-path/pci-0000:05:00.3-usb-0:2.1.3:1.0-port0
1790753908.8184,B,172,9940,-57,/dev/serial/by-path/pci-0000:05:00.3-usb-0:2.1.2:1.0-port0
1790753908.8189,A,187,9945,-66,/dev/serial/by-path/pci-0000:05:00.3-usb-0:2.1.1:1.0-port0
1790753908.8193,C,179,9938,-43,/dev/serial/by-path/pci-0000:05:00.3-usb-0:2.1.3:1.0-port0
1790753908.8673,B,173,9989,-50,/dev/serial/by-path/pci-0000:05:00.3-usb-0:2.1.2:1.0-port0
1790753908.9037,C,180,10024,-43,/dev/serial/by-path/pci-0000:05:00.3-usb-0:2.1.3:1.0-port0
1790753908.9042,A,188,10031,-71,/dev/serial/by-path/pci-0000:05:00.3-usb-0:2.1.1:1.0-port0
1790753908.9092,C,181,10029,-43,/dev/serial/by-path/pci-0000:05:00.3-usb-0:2.1.3:1.0-port0
1790753908.9127,B,174,10034,-53,/dev/serial/by-path/pci-0000:05:00.3-usb-0:2.1.2:1.0-port0
1790753908.9530,A,189,10080,-67,/dev/serial/by-path/pci-0000:05:00.3-usb-0:2.1.1:1.0-port0
1790753908.9564,A,190,10080,-65,/dev/serial/by-path/pci-0000:05:00.3-usb-0:2.1.1:1.0-port0
1790753908.9596,C,182,10079,-41,/dev/serial/by-path/pci-0000:05:00.3-usb-0:2.1.3:1.0-port0
1790753908.9765,B,175,10098,-55,/dev/serial/by-path/pci-0000:05:00.3-usb-0:2.1.2:1.0-port0
1790753909.0016,A,191,10128,-66,/dev/serial/by-path/pci-0000:05:00.3-usb-0:2.1.1:1.0-port0
1790753909.0028,B,176,10124,-49,/dev/serial/by-path/pci-0000:05:00.3-usb-0:2.1.2:1.0-port0
1790753909.0092,C,183,10129,-45,/dev/serial/by-path/pci-0000:05:00.3-usb-0:2.1.3:1.0-port0
1790753909.0429,A,192,10170,-64,/dev/serial/by-path/pci-0000:05:00.3-usb-0:2.1.1:1.0-port0
1790753909.0430,C,184,10163,-44,/dev/serial/by-path/pci-0000:05:00.3-usb-0:2.1.3:1.0-port0
1790753909.0456,B,177,10167,-48,/dev/serial/by-path/pci-0000:05:00.3-usb-0:2.1.2:1.0-port0
1790753909.0855,B,178,10207,-49,/dev/serial/by-path/pci-0000:05:00.3-usb-0:2.1.2:1.0-port0
1790753909.1005,C,185,10221,-42,/dev/serial/by-path/pci-0000:05:00.3-usb-0:2.1.3:1.0-port0
1790753909.1007,A,193,10227,-63,/dev/serial/by-path/pci-0000:05:00.3-usb-0:2.1.1:1.0-port0
1790753909.1284,C,186,10248,-44,/dev/serial/by-path/pci-0000:05:00.3-usb-0:2.1.3:1.0-port0
1790753909.1287,A,194,10255,-62,/dev/serial/by-path/pci-0000:05:00.3-usb-0:2.1.1:1.0-port0
1790753909.1462,B,179,10267,-52,/dev/serial/by-path/pci-0000:05:00.3-usb-0:2.1.2:1.0-port0
1790753909.1785,C,187,10298,-45,/dev/serial/by-path/pci-0000:05:00.3-usb-0:2.1.3:1.0-port0
1790753909.1958,B,180,10317,-50,/dev/serial/by-path/pci-0000:05:00.3-usb-0:2.1.2:1.0-port0
1790753909.2046,A,195,10331,-61,/dev/serial/by-path/pci-0000:05:00.3-usb-0:2.1.1:1.0-port0
1790753909.2262,B,181,10348,-51,/dev/serial/by-path/pci-0000:05:00.3-usb-0:2.1.2:1.0-port0
1790753909.2547,A,196,10381,-60,/dev/serial/by-path/pci-0000:05:00.3-usb-0:2.1.1:1.0-port0
1790753909.2585,C,188,10379,-44,/dev/serial/by-path/pci-0000:05:00.3-usb-0:2.1.3:1.0-port0
1790753909.2708,B,182,10392,-57,/dev/serial/by-path/pci-0000:05:00.3-usb-0:2.1.2:1.0-port0
1790753909.2711,C,189,10391,-47,/dev/serial/by-path/pci-0000:05:00.3-usb-0:2.1.3:1.0-port0
1790753909.2715,A,197,10398,-61,/dev/serial/by-path/pci-0000:05:00.3-usb-0:2.1.1:1.0-port0
1790753909.3131,B,183,10435,-50,/dev/serial/by-path/pci-0000:05:00.3-usb-0:2.1.2:1.0-port0
1790753909.3140,A,198,10441,-63,/dev/serial/by-path/pci-0000:05:00.3-usb-0:2.1.1:1.0-port0
1790753909.3308,C,190,10451,-46,/dev/serial/by-path/pci-0000:05:00.3-usb-0:2.1.3:1.0-port0
1790753909.3536,C,191,10473,-45,/dev/serial/by-path/pci-0000:05:00.3-usb-0:2.1.3:1.0-port0
1790753909.3543,A,199,10481,-62,/dev/serial/by-path/pci-0000:05:00.3-usb-0:2.1.1:1.0-port0
1790753909.3714,B,184,10493,-54,/dev/serial/by-path/pci-0000:05:00.3-usb-0:2.1.2:1.0-port0
1790753909.4011,C,192,10521,-42,/dev/serial/by-path/pci-0000:05:00.3-usb-0:2.1.3:1.0-port0
1790753909.4013,A,200,10528,-63,/dev/serial/by-path/pci-0000:05:00.3-usb-0:2.1.1:1.0-port0
1790753909.4356,B,185,10557,-60,/dev/serial/by-path/pci-0000:05:00.3-usb-0:2.1.2:1.0-port0
1790753909.4494,C,193,10569,-44,/dev/serial/by-path/pci-0000:05:00.3-usb-0:2.1.3:1.0-port0
1790753909.4498,A,201,10576,-77,/dev/serial/by-path/pci-0000:05:00.3-usb-0:2.1.1:1.0-port0
1790753909.4790,B,186,10600,-55,/dev/serial/by-path/pci-0000:05:00.3-usb-0:2.1.2:1.0-port0
1790753909.4914,C,194,10612,-43,/dev/serial/by-path/pci-0000:05:00.3-usb-0:2.1.3:1.0-port0
1790753909.4925,A,202,10619,-70,/dev/serial/by-path/pci-0000:05:00.3-usb-0:2.1.1:1.0-port0
1790753909.4954,B,187,10617,-57,/dev/serial/by-path/pci-0000:05:00.3-usb-0:2.1.2:1.0-port0
1790753909.5456,B,188,10667,-54,/dev/serial/by-path/pci-0000:05:00.3-usb-0:2.1.2:1.0-port0
1790753909.5545,A,203,10681,-68,/dev/serial/by-path/pci-0000:05:00.3-usb-0:2.1.1:1.0-port0
1790753909.5585,C,195,10679,-42,/dev/serial/by-path/pci-0000:05:00.3-usb-0:2.1.3:1.0-port0
1790753909.5956,B,189,10717,-59,/dev/serial/by-path/pci-0000:05:00.3-usb-0:2.1.2:1.0-port0
1790753909.6008,C,196,10721,-44,/dev/serial/by-path/pci-0000:05:00.3-usb-0:2.1.3:1.0-port0
1790753909.6051,A,204,10731,-66,/dev/serial/by-path/pci-0000:05:00.3-usb-0:2.1.1:1.0-port0
1790753909.6448,C,197,10765,-42,/dev/serial/by-path/pci-0000:05:00.3-usb-0:2.1.3:1.0-port0
1790753909.6449,A,205,10771,-67,/dev/serial/by-path/pci-0000:05:00.3-usb-0:2.1.1:1.0-port0
1790753909.6667,B,190,10788,-51,/dev/serial/by-path/pci-0000:05:00.3-usb-0:2.1.2:1.0-port0
1790753909.6707,C,198,10791,-41,/dev/serial/by-path/pci-0000:05:00.3-usb-0:2.1.3:1.0-port0
1790753909.6709,A,206,10797,-66,/dev/serial/by-path/pci-0000:05:00.3-usb-0:2.1.1:1.0-port0
1790753909.7154,B,191,10836,-52,/dev/serial/by-path/pci-0000:05:00.3-usb-0:2.1.2:1.0-port0
1790753909.7163,C,199,10837,-46,/dev/serial/by-path/pci-0000:05:00.3-usb-0:2.1.3:1.0-port0
1790753909.7176,A,207,10844,-59,/dev/serial/by-path/pci-0000:05:00.3-usb-0:2.1.1:1.0-port0
1790753909.7557,C,200,10876,-49,/dev/serial/by-path/pci-0000:05:00.3-usb-0:2.1.3:1.0-port0
1790753909.7863,B,192,10907,-55,/dev/serial/by-path/pci-0000:05:00.3-usb-0:2.1.2:1.0-port0
1790753909.7963,C,201,10917,-49,/dev/serial/by-path/pci-0000:05:00.3-usb-0:2.1.3:1.0-port0
1790753909.7966,A,208,10923,-57,/dev/serial/by-path/pci-0000:05:00.3-usb-0:2.1.1:1.0-port0
1790753909.8450,B,193,10966,-56,/dev/serial/by-path/pci-0000:05:00.3-usb-0:2.1.2:1.0-port0
1790753909.8545,A,209,10981,-61,/dev/serial/by-path/pci-0000:05:00.3-usb-0:2.1.1:1.0-port0
1790753909.8591,C,202,10979,-49,/dev/serial/by-path/pci-0000:05:00.3-usb-0:2.1.3:1.0-port0
1790753909.8860,B,194,11007,-63,/dev/serial/by-path/pci-0000:05:00.3-usb-0:2.1.2:1.0-port0
1790753909.8947,C,203,11014,-50,/dev/serial/by-path/pci-0000:05:00.3-usb-0:2.1.3:1.0-port0
1790753909.8951,A,210,11021,-55,/dev/serial/by-path/pci-0000:05:00.3-usb-0:2.1.1:1.0-port0
1790753909.9288,C,204,11049,-48,/dev/serial/by-path/pci-0000:05:00.3-usb-0:2.1.3:1.0-port0
1790753909.9459,B,195,11067,-58,/dev/serial/by-path/pci-0000:05:00.3-usb-0:2.1.2:1.0-port0
1790753909.9509,A,211,11077,-55,/dev/serial/by-path/pci-0000:05:00.3-usb-0:2.1.1:1.0-port0
1790753909.9957,B,196,11117,-58,/dev/serial/by-path/pci-0000:05:00.3-usb-0:2.1.2:1.0-port0
1790753909.9996,C,205,11120,-47,/dev/serial/by-path/pci-0000:05:00.3-usb-0:2.1.3:1.0-port0
1790753909.9998,A,212,11127,-58,/dev/serial/by-path/pci-0000:05:00.3-usb-0:2.1.1:1.0-port0
1790753910.0103,B,197,11131,-65,/dev/serial/by-path/pci-0000:05:00.3-usb-0:2.1.2:1.0-port0
1790753910.0543,A,213,11181,-55,/dev/serial/by-path/pci-0000:05:00.3-usb-0:2.1.1:1.0-port0
1790753910.0575,C,206,11178,-51,/dev/serial/by-path/pci-0000:05:00.3-usb-0:2.1.3:1.0-port0
1790753910.0744,B,198,11196,-65,/dev/serial/by-path/pci-0000:05:00.3-usb-0:2.1.2:1.0-port0
1790753910.0747,A,214,11201,-54,/dev/serial/by-path/pci-0000:05:00.3-usb-0:2.1.1:1.0-port0
1790753910.0992,C,207,11219,-50,/dev/serial/by-path/pci-0000:05:00.3-usb-0:2.1.3:1.0-port0
1790753910.1046,A,215,11231,-54,/dev/serial/by-path/pci-0000:05:00.3-usb-0:2.1.1:1.0-port0
1790753910.1062,B,199,11227,-60,/dev/serial/by-path/pci-0000:05:00.3-usb-0:2.1.2:1.0-port0
1790753910.1452,B,200,11267,-58,/dev/serial/by-path/pci-0000:05:00.3-usb-0:2.1.2:1.0-port0
1790753910.1505,C,208,11271,-46,/dev/serial/by-path/pci-0000:05:00.3-usb-0:2.1.3:1.0-port0
1790753910.1512,A,216,11278,-58,/dev/serial/by-path/pci-0000:05:00.3-usb-0:2.1.1:1.0-port0
1790753910.1923,C,209,11312,-49,/dev/serial/by-path/pci-0000:05:00.3-usb-0:2.1.3:1.0-port0
1790753910.1927,B,201,11314,-73,/dev/serial/by-path/pci-0000:05:00.3-usb-0:2.1.2:1.0-port0
1790753910.2020,A,217,11329,-55,/dev/serial/by-path/pci-0000:05:00.3-usb-0:2.1.1:1.0-port0
1790753910.2347,C,210,11355,-47,/dev/serial/by-path/pci-0000:05:00.3-usb-0:2.1.3:1.0-port0
1790753910.2348,A,218,11361,-57,/dev/serial/by-path/pci-0000:05:00.3-usb-0:2.1.1:1.0-port0
1790753910.2455,B,202,11367,-67,/dev/serial/by-path/pci-0000:05:00.3-usb-0:2.1.2:1.0-port0
1790753910.2962,B,203,11417,-63,/dev/serial/by-path/pci-0000:05:00.3-usb-0:2.1.2:1.0-port0
1790753910.3047,A,219,11431,-67,/dev/serial/by-path/pci-0000:05:00.3-usb-0:2.1.1:1.0-port0
1790753910.3084,C,211,11429,-49,/dev/serial/by-path/pci-0000:05:00.3-usb-0:2.1.3:1.0-port0
1790753910.3199,A,220,11446,-60,/dev/serial/by-path/pci-0000:05:00.3-usb-0:2.1.1:1.0-port0
1790753910.3201,B,204,11441,-63,/dev/serial/by-path/pci-0000:05:00.3-usb-0:2.1.2:1.0-port0
1790753910.3204,C,212,11440,-52,/dev/serial/by-path/pci-0000:05:00.3-usb-0:2.1.3:1.0-port0
1790753910.3620,B,205,11483,-57,/dev/serial/by-path/pci-0000:05:00.3-usb-0:2.1.2:1.0-port0
1790753910.3902,C,213,11510,-56,/dev/serial/by-path/pci-0000:05:00.3-usb-0:2.1.3:1.0-port0
1790753910.3926,A,221,11519,-63,/dev/serial/by-path/pci-0000:05:00.3-usb-0:2.1.1:1.0-port0
1790753910.4091,C,214,11529,-62,/dev/serial/by-path/pci-0000:05:00.3-usb-0:2.1.3:1.0-port0
1790753910.4186,B,206,11540,-59,/dev/serial/by-path/pci-0000:05:00.3-usb-0:2.1.2:1.0-port0
1790753910.4589,C,215,11579,-56,/dev/serial/by-path/pci-0000:05:00.3-usb-0:2.1.3:1.0-port0
1790753910.4804,B,207,11602,-57,/dev/serial/by-path/pci-0000:05:00.3-usb-0:2.1.2:1.0-port0
1790753910.5080,C,216,11629,-58,/dev/serial/by-path/pci-0000:05:00.3-usb-0:2.1.3:1.0-port0
1790753910.5542,A,222,11681,-78,/dev/serial/by-path/pci-0000:05:00.3-usb-0:2.1.1:1.0-port0
1790753910.5589,C,217,11679,-56,/dev/serial/by-path/pci-0000:05:00.3-usb-0:2.1.3:1.0-port0
1790753910.5953,B,208,11717,-64,/dev/serial/by-path/pci-0000:05:00.3-usb-0:2.1.2:1.0-port0
1790753910.6044,A,223,11731,-62,/dev/serial/by-path/pci-0000:05:00.3-usb-0:2.1.1:1.0-port0
1790753910.6090,C,218,11729,-52,/dev/serial/by-path/pci-0000:05:00.3-usb-0:2.1.3:1.0-port0
1790753910.6095,B,209,11731,-57,/dev/serial/by-path/pci-0000:05:00.3-usb-0:2.1.2:1.0-port0
1790753910.6488,C,219,11769,-52,/dev/serial/by-path/pci-0000:05:00.3-usb-0:2.1.3:1.0-port0
1790753910.6547,A,224,11781,-70,/dev/serial/by-path/pci-0000:05:00.3-usb-0:2.1.1:1.0-port0
1790753910.6894,B,210,11812,-56,/dev/serial/by-path/pci-0000:05:00.3-usb-0:2.1.2:1.0-port0
1790753910.6915,C,220,11812,-54,/dev/serial/by-path/pci-0000:05:00.3-usb-0:2.1.3:1.0-port0
1790753910.6918,B,211,11812,-52,/dev/serial/by-path/pci-0000:05:00.3-usb-0:2.1.2:1.0-port0
1790753910.6922,A,225,11818,-76,/dev/serial/by-path/pci-0000:05:00.3-usb-0:2.1.1:1.0-port0
1790753910.7387,A,226,11865,-69,/dev/serial/by-path/pci-0000:05:00.3-usb-0:2.1.1:1.0-port0
1790753910.7392,B,212,11860,-59,/dev/serial/by-path/pci-0000:05:00.3-usb-0:2.1.2:1.0-port0
1790753910.7394,C,221,11859,-51,/dev/serial/by-path/pci-0000:05:00.3-usb-0:2.1.3:1.0-port0
1790753910.7801,B,213,11901,-57,/dev/serial/by-path/pci-0000:05:00.3-usb-0:2.1.2:1.0-port0
1790753910.7839,A,227,11910,-69,/dev/serial/by-path/pci-0000:05:00.3-usb-0:2.1.1:1.0-port0
1790753910.7842,C,222,11904,-55,/dev/serial/by-path/pci-0000:05:00.3-usb-0:2.1.3:1.0-port0
1790753910.8261,B,214,11947,-52,/dev/serial/by-path/pci-0000:05:00.3-usb-0:2.1.2:1.0-port0
1790753910.8348,C,223,11955,-57,/dev/serial/by-path/pci-0000:05:00.3-usb-0:2.1.3:1.0-port0
1790753910.8357,A,228,11962,-67,/dev/serial/by-path/pci-0000:05:00.3-usb-0:2.1.1:1.0-port0
1790753910.8723,B,215,11994,-55,/dev/serial/by-path/pci-0000:05:00.3-usb-0:2.1.2:1.0-port0
1790753910.9046,A,229,12031,-68,/dev/serial/by-path/pci-0000:05:00.3-usb-0:2.1.1:1.0-port0
1790753910.9087,C,224,12029,-52,/dev/serial/by-path/pci-0000:05:00.3-usb-0:2.1.3:1.0-port0
1790753910.9183,B,216,12040,-57,/dev/serial/by-path/pci-0000:05:00.3-usb-0:2.1.2:1.0-port0
1790753910.9186,A,230,12045,-63,/dev/serial/by-path/pci-0000:05:00.3-usb-0:2.1.1:1.0-port0
1790753910.9381,C,225,12058,-54,/dev/serial/by-path/pci-0000:05:00.3-usb-0:2.1.3:1.0-port0
1790753910.9611,A,231,12088,-62,/dev/serial/by-path/pci-0000:05:00.3-usb-0:2.1.1:1.0-port0
1790753910.9616,B,217,12082,-52,/dev/serial/by-path/pci-0000:05:00.3-usb-0:2.1.2:1.0-port0
1790753911.0038,A,232,12131,-60,/dev/serial/by-path/pci-0000:05:00.3-usb-0:2.1.1:1.0-port0
1790753911.0091,C,226,12129,-50,/dev/serial/by-path/pci-0000:05:00.3-usb-0:2.1.3:1.0-port0
1790753911.0144,B,218,12136,-59,/dev/serial/by-path/pci-0000:05:00.3-usb-0:2.1.2:1.0-port0
1790753911.0477,C,227,12168,-50,/dev/serial/by-path/pci-0000:05:00.3-usb-0:2.1.3:1.0-port0
1790753911.0485,A,233,12175,-60,/dev/serial/by-path/pci-0000:05:00.3-usb-0:2.1.1:1.0-port0
1790753911.0954,B,219,12217,-61,/dev/serial/by-path/pci-0000:05:00.3-usb-0:2.1.2:1.0-port0
1790753911.1049,A,234,12231,-60,/dev/serial/by-path/pci-0000:05:00.3-usb-0:2.1.1:1.0-port0
1790753911.1088,C,228,12229,-50,/dev/serial/by-path/pci-0000:05:00.3-usb-0:2.1.3:1.0-port0
1790753911.1803,B,220,12302,-57,/dev/serial/by-path/pci-0000:05:00.3-usb-0:2.1.2:1.0-port0
1790753911.2044,A,235,12331,-62,/dev/serial/by-path/pci-0000:05:00.3-usb-0:2.1.1:1.0-port0
1790753911.2091,C,229,12329,-47,/dev/serial/by-path/pci-0000:05:00.3-usb-0:2.1.3:1.0-port0
1790753911.2216,B,221,12343,-64,/dev/serial/by-path/pci-0000:05:00.3-usb-0:2.1.2:1.0-port0
1790753911.2316,C,230,12352,-48,/dev/serial/by-path/pci-0000:05:00.3-usb-0:2.1.3:1.0-port0
1790753911.2321,A,236,12359,-63,/dev/serial/by-path/pci-0000:05:00.3-usb-0:2.1.1:1.0-port0
1790753911.2651,A,237,12391,-81,/dev/serial/by-path/pci-0000:05:00.3-usb-0:2.1.1:1.0-port0
1790753911.2721,C,231,12393,-41,/dev/serial/by-path/pci-0000:05:00.3-usb-0:2.1.3:1.0-port0
1790753911.2726,B,222,12394,-57,/dev/serial/by-path/pci-0000:05:00.3-usb-0:2.1.2:1.0-port0
1790753911.3147,B,223,12436,-55,/dev/serial/by-path/pci-0000:05:00.3-usb-0:2.1.2:1.0-port0
1790753911.3154,A,238,12442,-80,/dev/serial/by-path/pci-0000:05:00.3-usb-0:2.1.1:1.0-port0
1790753911.3269,C,232,12446,-42,/dev/serial/by-path/pci-0000:05:00.3-usb-0:2.1.3:1.0-port0
1790753911.3636,C,233,12484,-49,/dev/serial/by-path/pci-0000:05:00.3-usb-0:2.1.3:1.0-port0
1790753911.3640,B,224,12485,-64,/dev/serial/by-path/pci-0000:05:00.3-usb-0:2.1.2:1.0-port0
1790753911.3643,A,239,12490,-70,/dev/serial/by-path/pci-0000:05:00.3-usb-0:2.1.1:1.0-port0
1790753911.4042,A,240,12531,-68,/dev/serial/by-path/pci-0000:05:00.3-usb-0:2.1.1:1.0-port0
1790753911.4256,B,225,12547,-59,/dev/serial/by-path/pci-0000:05:00.3-usb-0:2.1.2:1.0-port0
1790753911.4520,A,241,12578,-75,/dev/serial/by-path/pci-0000:05:00.3-usb-0:2.1.1:1.0-port0
1790753911.4587,C,234,12579,-44,/dev/serial/by-path/pci-0000:05:00.3-usb-0:2.1.3:1.0-port0
1790753911.4649,B,226,12586,-52,/dev/serial/by-path/pci-0000:05:00.3-usb-0:2.1.2:1.0-port0
1790753911.4980,A,242,12625,-76,/dev/serial/by-path/pci-0000:05:00.3-usb-0:2.1.1:1.0-port0
1790753911.4984,C,235,12618,-42,/dev/serial/by-path/pci-0000:05:00.3-usb-0:2.1.3:1.0-port0
1790753911.5455,A,243,12672,-68,/dev/serial/by-path/pci-0000:05:00.3-usb-0:2.1.1:1.0-port0
1790753911.5459,B,227,12667,-61,/dev/serial/by-path/pci-0000:05:00.3-usb-0:2.1.2:1.0-port0
1790753911.5473,C,236,12668,-46,/dev/serial/by-path/pci-0000:05:00.3-usb-0:2.1.3:1.0-port0
1790753911.5875,C,237,12708,-45,/dev/serial/by-path/pci-0000:05:00.3-usb-0:2.1.3:1.0-port0
1790753911.5879,A,244,12714,-67,/dev/serial/by-path/pci-0000:05:00.3-usb-0:2.1.1:1.0-port0
1790753911.5880,B,228,12709,-57,/dev/serial/by-path/pci-0000:05:00.3-usb-0:2.1.2:1.0-port0
1790753911.6330,B,229,12754,-51,/dev/serial/by-path/pci-0000:05:00.3-usb-0:2.1.2:1.0-port0
1790753911.6541,A,245,12781,-66,/dev/serial/by-path/pci-0000:05:00.3-usb-0:2.1.1:1.0-port0
1790753911.6582,C,238,12779,-44,/dev/serial/by-path/pci-0000:05:00.3-usb-0:2.1.3:1.0-port0
1790753911.7257,B,230,12846,-56,/dev/serial/by-path/pci-0000:05:00.3-usb-0:2.1.2:1.0-port0
1790753911.7547,A,246,12881,-66,/dev/serial/by-path/pci-0000:05:00.3-usb-0:2.1.1:1.0-port0
1790753911.7591,C,239,12879,-44,/dev/serial/by-path/pci-0000:05:00.3-usb-0:2.1.3:1.0-port0
1790753911.7724,B,231,12894,-53,/dev/serial/by-path/pci-0000:05:00.3-usb-0:2.1.2:1.0-port0
1790753911.7738,C,240,12894,-42,/dev/serial/by-path/pci-0000:05:00.3-usb-0:2.1.3:1.0-port0
1790753911.7743,A,247,12900,-66,/dev/serial/by-path/pci-0000:05:00.3-usb-0:2.1.1:1.0-port0
1790753911.8332,C,241,12953,-46,/dev/serial/by-path/pci-0000:05:00.3-usb-0:2.1.3:1.0-port0
1790753911.8459,B,232,12967,-75,/dev/serial/by-path/pci-0000:05:00.3-usb-0:2.1.2:1.0-port0
1790753911.8479,A,248,12974,-70,/dev/serial/by-path/pci-0000:05:00.3-usb-0:2.1.1:1.0-port0
1790753911.8551,C,242,12975,-42,/dev/serial/by-path/pci-0000:05:00.3-usb-0:2.1.3:1.0-port0
1790753911.8555,B,233,12977,-50,/dev/serial/by-path/pci-0000:05:00.3-usb-0:2.1.2:1.0-port0
1790753911.9014,C,243,13022,-42,/dev/serial/by-path/pci-0000:05:00.3-usb-0:2.1.3:1.0-port0
1790753911.9017,A,249,13028,-62,/dev/serial/by-path/pci-0000:05:00.3-usb-0:2.1.1:1.0-port0
1790753911.9417,B,234,13063,-51,/dev/serial/by-path/pci-0000:05:00.3-usb-0:2.1.2:1.0-port0
1790753911.9541,A,250,13081,-66,/dev/serial/by-path/pci-0000:05:00.3-usb-0:2.1.1:1.0-port0
1790753911.9585,C,244,13079,-40,/dev/serial/by-path/pci-0000:05:00.3-usb-0:2.1.3:1.0-port0
1790753911.9864,A,251,13113,-66,/dev/serial/by-path/pci-0000:05:00.3-usb-0:2.1.1:1.0-port0
1790753911.9865,C,245,13106,-83,/dev/serial/by-path/pci-0000:05:00.3-usb-0:2.1.3:1.0-port0
1790753911.9871,B,235,13108,-62,/dev/serial/by-path/pci-0000:05:00.3-usb-0:2.1.2:1.0-port0
1790753912.0337,B,236,13155,-54,/dev/serial/by-path/pci-0000:05:00.3-usb-0:2.1.2:1.0-port0
1790753912.0347,C,246,13155,-41,/dev/serial/by-path/pci-0000:05:00.3-usb-0:2.1.3:1.0-port0
1790753912.0426,A,252,13169,-62,/dev/serial/by-path/pci-0000:05:00.3-usb-0:2.1.1:1.0-port0
1790753912.0888,B,237,13210,-49,/dev/serial/by-path/pci-0000:05:00.3-usb-0:2.1.2:1.0-port0
1790753912.0889,A,253,13215,-67,/dev/serial/by-path/pci-0000:05:00.3-usb-0:2.1.1:1.0-port0
1790753912.1086,C,247,13229,-39,/dev/serial/by-path/pci-0000:05:00.3-usb-0:2.1.3:1.0-port0
1790753912.1278,A,254,13254,-64,/dev/serial/by-path/pci-0000:05:00.3-usb-0:2.1.1:1.0-port0
1790753912.1280,C,248,13248,-43,/dev/serial/by-path/pci-0000:05:00.3-usb-0:2.1.3:1.0-port0
1790753912.1456,B,238,13267,-58,/dev/serial/by-path/pci-0000:05:00.3-usb-0:2.1.2:1.0-port0
1790753912.1764,C,249,13297,-42,/dev/serial/by-path/pci-0000:05:00.3-usb-0:2.1.3:1.0-port0
1790753912.1814,B,239,13303,-48,/dev/serial/by-path/pci-0000:05:00.3-usb-0:2.1.2:1.0-port0
1790753912.1816,A,255,13308,-60,/dev/serial/by-path/pci-0000:05:00.3-usb-0:2.1.1:1.0-port0
1790753912.2461,B,240,13367,-48,/dev/serial/by-path/pci-0000:05:00.3-usb-0:2.1.2:1.0-port0
1790753912.2548,A,256,13381,-63,/dev/serial/by-path/pci-0000:05:00.3-usb-0:2.1.1:1.0-port0
1790753912.2587,C,250,13379,-40,/dev/serial/by-path/pci-0000:05:00.3-usb-0:2.1.3:1.0-port0
1790753912.2725,B,241,13393,-51,/dev/serial/by-path/pci-0000:05:00.3-usb-0:2.1.2:1.0-port0
1790753912.2741,A,257,13400,-62,/dev/serial/by-path/pci-0000:05:00.3-usb-0:2.1.1:1.0-port0
1790753912.2747,C,251,13395,-44,/dev/serial/by-path/pci-0000:05:00.3-usb-0:2.1.3:1.0-port0
1790753912.3055,C,252,13426,-42,/dev/serial/by-path/pci-0000:05:00.3-usb-0:2.1.3:1.0-port0
1790753912.3058,B,242,13427,-46,/dev/serial/by-path/pci-0000:05:00.3-usb-0:2.1.2:1.0-port0
1790753912.3470,C,253,13467,-42,/dev/serial/by-path/pci-0000:05:00.3-usb-0:2.1.3:1.0-port0
1790753912.3475,A,258,13474,-59,/dev/serial/by-path/pci-0000:05:00.3-usb-0:2.1.1:1.0-port0
1790753912.3956,C,254,13516,-42,/dev/serial/by-path/pci-0000:05:00.3-usb-0:2.1.3:1.0-port0
1790753912.3960,A,259,13523,-63,/dev/serial/by-path/pci-0000:05:00.3-usb-0:2.1.1:1.0-port0
1790753912.4392,B,243,13561,-55,/dev/serial/by-path/pci-0000:05:00.3-usb-0:2.1.2:1.0-port0
1790753912.4401,A,260,13567,-61,/dev/serial/by-path/pci-0000:05:00.3-usb-0:2.1.1:1.0-port0
1790753912.4596,C,255,13579,-47,/dev/serial/by-path/pci-0000:05:00.3-usb-0:2.1.3:1.0-port0
1790753912.4883,C,256,13608,-42,/dev/serial/by-path/pci-0000:05:00.3-usb-0:2.1.3:1.0-port0
1790753912.4887,A,261,13615,-61,/dev/serial/by-path/pci-0000:05:00.3-usb-0:2.1.1:1.0-port0
1790753912.4890,B,244,13609,-48,/dev/serial/by-path/pci-0000:05:00.3-usb-0:2.1.2:1.0-port0
1790753912.5333,A,262,13660,-61,/dev/serial/by-path/pci-0000:05:00.3-usb-0:2.1.1:1.0-port0
1790753912.5453,B,245,13667,-47,/dev/serial/by-path/pci-0000:05:00.3-usb-0:2.1.2:1.0-port0
1790753912.5476,C,257,13669,-40,/dev/serial/by-path/pci-0000:05:00.3-usb-0:2.1.3:1.0-port0
1790753912.5819,C,258,13702,-44,/dev/serial/by-path/pci-0000:05:00.3-usb-0:2.1.3:1.0-port0
1790753912.5822,B,246,13704,-49,/dev/serial/by-path/pci-0000:05:00.3-usb-0:2.1.2:1.0-port0
1790753912.5854,A,263,13712,-62,/dev/serial/by-path/pci-0000:05:00.3-usb-0:2.1.1:1.0-port0
1790753912.6297,B,247,13751,-49,/dev/serial/by-path/pci-0000:05:00.3-usb-0:2.1.2:1.0-port0
1790753912.6302,A,264,13757,-61,/dev/serial/by-path/pci-0000:05:00.3-usb-0:2.1.1:1.0-port0
1790753912.6587,C,259,13779,-46,/dev/serial/by-path/pci-0000:05:00.3-usb-0:2.1.3:1.0-port0
1790753912.6957,B,248,13817,-48,/dev/serial/by-path/pci-0000:05:00.3-usb-0:2.1.2:1.0-port0
1790753912.7051,A,265,13831,-56,/dev/serial/by-path/pci-0000:05:00.3-usb-0:2.1.1:1.0-port0
1790753912.7090,C,260,13829,-41,/dev/serial/by-path/pci-0000:05:00.3-usb-0:2.1.3:1.0-port0
1790753912.7591,C,261,13879,-48,/dev/serial/by-path/pci-0000:05:00.3-usb-0:2.1.3:1.0-port0
1790753912.7923,B,249,13914,-45,/dev/serial/by-path/pci-0000:05:00.3-usb-0:2.1.2:1.0-port0
1790753912.8046,A,266,13931,-61,/dev/serial/by-path/pci-0000:05:00.3-usb-0:2.1.1:1.0-port0
1790753912.8095,C,262,13930,-44,/dev/serial/by-path/pci-0000:05:00.3-usb-0:2.1.3:1.0-port0
1790753912.8167,A,267,13943,-56,/dev/serial/by-path/pci-0000:05:00.3-usb-0:2.1.1:1.0-port0
1790753912.8172,B,250,13938,-44,/dev/serial/by-path/pci-0000:05:00.3-usb-0:2.1.2:1.0-port0
1790753912.8585,C,263,13979,-43,/dev/serial/by-path/pci-0000:05:00.3-usb-0:2.1.3:1.0-port0
1790753912.8957,B,251,14017,-47,/dev/serial/by-path/pci-0000:05:00.3-usb-0:2.1.2:1.0-port0
1790753912.9045,A,268,14031,-63,/dev/serial/by-path/pci-0000:05:00.3-usb-0:2.1.1:1.0-port0
1790753912.9062,C,264,14026,-51,/dev/serial/by-path/pci-0000:05:00.3-usb-0:2.1.3:1.0-port0
1790753912.9445,C,265,14065,-48,/dev/serial/by-path/pci-0000:05:00.3-usb-0:2.1.3:1.0-port0
1790753912.9448,B,252,14066,-43,/dev/serial/by-path/pci-0000:05:00.3-usb-0:2.1.2:1.0-port0
1790753912.9451,A,269,14072,-63,/dev/serial/by-path/pci-0000:05:00.3-usb-0:2.1.1:1.0-port0
1790753912.9931,C,266,14113,-43,/dev/serial/by-path/pci-0000:05:00.3-usb-0:2.1.3:1.0-port0
1790753912.9932,A,270,14119,-58,/dev/serial/by-path/pci-0000:05:00.3-usb-0:2.1.1:1.0-port0
1790753912.9952,B,253,14117,-44,/dev/serial/by-path/pci-0000:05:00.3-usb-0:2.1.2:1.0-port0
1790753913.0409,C,267,14161,-54,/dev/serial/by-path/pci-0000:05:00.3-usb-0:2.1.3:1.0-port0
1790753913.0412,B,254,14162,-48,/dev/serial/by-path/pci-0000:05:00.3-usb-0:2.1.2:1.0-port0
1790753913.0543,A,271,14181,-63,/dev/serial/by-path/pci-0000:05:00.3-usb-0:2.1.1:1.0-port0
1790753913.0847,B,255,14206,-45,/dev/serial/by-path/pci-0000:05:00.3-usb-0:2.1.2:1.0-port0
1790753913.0907,A,272,14217,-59,/dev/serial/by-path/pci-0000:05:00.3-usb-0:2.1.1:1.0-port0
1790753913.1085,C,268,14229,-44,/dev/serial/by-path/pci-0000:05:00.3-usb-0:2.1.3:1.0-port0
1790753913.1296,C,269,14250,-42,/dev/serial/by-path/pci-0000:05:00.3-usb-0:2.1.3:1.0-port0
1790753913.1952,B,256,14317,-49,/dev/serial/by-path/pci-0000:05:00.3-usb-0:2.1.2:1.0-port0
1790753913.2049,A,273,14332,-62,/dev/serial/by-path/pci-0000:05:00.3-usb-0:2.1.1:1.0-port0
1790753913.2066,C,270,14327,-43,/dev/serial/by-path/pci-0000:05:00.3-usb-0:2.1.3:1.0-port0
1790753913.2170,B,257,14338,-48,/dev/serial/by-path/pci-0000:05:00.3-usb-0:2.1.2:1.0-port0
1790753913.2175,A,274,14344,-61,/dev/serial/by-path/pci-0000:05:00.3-usb-0:2.1.1:1.0-port0
1790753913.2358,C,271,14356,-42,/dev/serial/by-path/pci-0000:05:00.3-usb-0:2.1.3:1.0-port0
1790753913.2610,B,258,14382,-53,/dev/serial/by-path/pci-0000:05:00.3-usb-0:2.1.2:1.0-port0
1790753913.2832,A,275,14410,-61,/dev/serial/by-path/pci-0000:05:00.3-usb-0:2.1.1:1.0-port0
1790753913.3083,C,272,14428,-44,/dev/serial/by-path/pci-0000:05:00.3-usb-0:2.1.3:1.0-port0
1790753913.3343,B,259,14456,-58,/dev/serial/by-path/pci-0000:05:00.3-usb-0:2.1.2:1.0-port0
1790753913.3480,C,273,14468,-49,/dev/serial/by-path/pci-0000:05:00.3-usb-0:2.1.3:1.0-port0
1790753913.3483,A,276,14474,-64,/dev/serial/by-path/pci-0000:05:00.3-usb-0:2.1.1:1.0-port0
1790753913.3955,A,277,14521,-69,/dev/serial/by-path/pci-0000:05:00.3-usb-0:2.1.1:1.0-port0
1790753913.4420,A,278,14568,-66,/dev/serial/by-path/pci-0000:05:00.3-usb-0:2.1.1:1.0-port0
1790753913.4423,B,260,14564,-62,/dev/serial/by-path/pci-0000:05:00.3-usb-0:2.1.2:1.0-port0
1790753913.4586,C,274,14579,-44,/dev/serial/by-path/pci-0000:05:00.3-usb-0:2.1.3:1.0-port0
1790753913.4896,A,279,14616,-67,/dev/serial/by-path/pci-0000:05:00.3-usb-0:2.1.1:1.0-port0
1790753913.4900,B,261,14611,-60,/dev/serial/by-path/pci-0000:05:00.3-usb-0:2.1.2:1.0-port0
1790753913.4902,C,275,14610,-49,/dev/serial/by-path/pci-0000:05:00.3-usb-0:2.1.3:1.0-port0
1790753913.5338,C,276,14654,-49,/dev/serial/by-path/pci-0000:05:00.3-usb-0:2.1.3:1.0-port0
1790753913.5341,A,280,14661,-62,/dev/serial/by-path/pci-0000:05:00.3-usb-0:2.1.1:1.0-port0
1790753913.5454,B,262,14667,-54,/dev/serial/by-path/pci-0000:05:00.3-usb-0:2.1.2:1.0-port0
1790753913.5956,B,263,14717,-53,/dev/serial/by-path/pci-0000:05:00.3-usb-0:2.1.2:1.0-port0
1790753913.6049,A,281,14732,-62,/dev/serial/by-path/pci-0000:05:00.3-usb-0:2.1.1:1.0-port0
1790753913.6089,C,277,14729,-51,/dev/serial/by-path/pci-0000:05:00.3-usb-0:2.1.3:1.0-port0
1790753913.6281,C,278,14748,-51,/dev/serial/by-path/pci-0000:05:00.3-usb-0:2.1.3:1.0-port0
1790753913.6284,A,282,14755,-61,/dev/serial/by-path/pci-0000:05:00.3-usb-0:2.1.1:1.0-port0
1790753913.6326,B,264,14754,-48,/dev/serial/by-path/pci-0000:05:00.3-usb-0:2.1.2:1.0-port0
1790753913.7451,B,265,14867,-63,/dev/serial/by-path/pci-0000:05:00.3-usb-0:2.1.2:1.0-port0
1790753913.7545,A,283,14881,-63,/dev/serial/by-path/pci-0000:05:00.3-usb-0:2.1.1:1.0-port0
1790753913.7587,C,279,14879,-45,/dev/serial/by-path/pci-0000:05:00.3-usb-0:2.1.3:1.0-port0
1790753913.7636,B,266,14885,-61,/dev/serial/by-path/pci-0000:05:00.3-usb-0:2.1.2:1.0-port0
1790753913.7638,A,284,14891,-63,/dev/serial/by-path/pci-0000:05:00.3-usb-0:2.1.1:1.0-port0
1790753913.7797,C,280,14900,-48,/dev/serial/by-path/pci-0000:05:00.3-usb-0:2.1.3:1.0-port0
1790753913.8381,B,267,14960,-70,/dev/serial/by-path/pci-0000:05:00.3-usb-0:2.1.2:1.0-port0
1790753913.8478,A,285,14974,-62,/dev/serial/by-path/pci-0000:05:00.3-usb-0:2.1.1:1.0-port0
1790753913.8616,A,286,14989,-65,/dev/serial/by-path/pci-0000:05:00.3-usb-0:2.1.1:1.0-port0
1790753913.8619,B,268,14983,-60,/dev/serial/by-path/pci-0000:05:00.3-usb-0:2.1.2:1.0-port0
1790753913.9008,C,281,15021,-44,/dev/serial/by-path/pci-0000:05:00.3-usb-0:2.1.3:1.0-port0
1790753913.9045,A,287,15031,-63,/dev/serial/by-path/pci-0000:05:00.3-usb-0:2.1.1:1.0-port0
1790753913.9270,B,269,15048,-62,/dev/serial/by-path/pci-0000:05:00.3-usb-0:2.1.2:1.0-port0
1790753913.9488,C,282,15069,-50,/dev/serial/by-path/pci-0000:05:00.3-usb-0:2.1.3:1.0-port0
1790753913.9492,B,270,15071,-54,/dev/serial/by-path/pci-0000:05:00.3-usb-0:2.1.2:1.0-port0
1790753913.9515,A,288,15078,-59,/dev/serial/by-path/pci-0000:05:00.3-usb-0:2.1.1:1.0-port0
1790753913.9931,B,271,15114,-53,/dev/serial/by-path/pci-0000:05:00.3-usb-0:2.1.2:1.0-port0
1790753913.9935,A,289,15119,-57,/dev/serial/by-path/pci-0000:05:00.3-usb-0:2.1.1:1.0-port0
1790753914.0086,C,283,15129,-49,/dev/serial/by-path/pci-0000:05:00.3-usb-0:2.1.3:1.0-port0
1790753914.0450,B,272,15167,-64,/dev/serial/by-path/pci-0000:05:00.3-usb-0:2.1.2:1.0-port0
1790753914.0534,C,284,15174,-43,/dev/serial/by-path/pci-0000:05:00.3-usb-0:2.1.3:1.0-port0
1790753914.0544,A,290,15181,-57,/dev/serial/by-path/pci-0000:05:00.3-usb-0:2.1.1:1.0-port0
1790753914.0782,B,273,15200,-61,/dev/serial/by-path/pci-0000:05:00.3-usb-0:2.1.2:1.0-port0
1790753914.0989,C,285,15219,-46,/dev/serial/by-path/pci-0000:05:00.3-usb-0:2.1.3:1.0-port0
1790753914.1046,A,291,15231,-55,/dev/serial/by-path/pci-0000:05:00.3-usb-0:2.1.1:1.0-port0
1790753914.1242,B,274,15246,-48,/dev/serial/by-path/pci-0000:05:00.3-usb-0:2.1.2:1.0-port0
1790753914.1543,A,292,15281,-54,/dev/serial/by-path/pci-0000:05:00.3-usb-0:2.1.1:1.0-port0
1790753914.1588,C,286,15279,-49,/dev/serial/by-path/pci-0000:05:00.3-usb-0:2.1.3:1.0-port0
1790753914.1750,B,275,15296,-58,/dev/serial/by-path/pci-0000:05:00.3-usb-0:2.1.2:1.0-port0
1790753914.1789,C,287,15299,-47,/dev/serial/by-path/pci-0000:05:00.3-usb-0:2.1.3:1.0-port0
1790753914.1793,A,293,15306,-51,/dev/serial/by-path/pci-0000:05:00.3-usb-0:2.1.1:1.0-port0
1790753914.2215,A,294,15348,-51,/dev/serial/by-path/pci-0000:05:00.3-usb-0:2.1.1:1.0-port0
1790753914.2218,C,288,15342,-49,/dev/serial/by-path/pci-0000:05:00.3-usb-0:2.1.3:1.0-port0
1790753914.2220,B,276,15343,-51,/dev/serial/by-path/pci-0000:05:00.3-usb-0:2.1.2:1.0-port0
1790753914.2636,C,289,15384,-49,/dev/serial/by-path/pci-0000:05:00.3-usb-0:2.1.3:1.0-port0
1790753914.2821,B,277,15403,-54,/dev/serial/by-path/pci-0000:05:00.3-usb-0:2.1.2:1.0-port0
1790753914.2823,A,295,15409,-50,/dev/serial/by-path/pci-0000:05:00.3-usb-0:2.1.1:1.0-port0
1790753914.3049,C,290,15425,-50,/dev/serial/by-path/pci-0000:05:00.3-usb-0:2.1.3:1.0-port0
1790753914.3050,A,296,15431,-50,/dev/serial/by-path/pci-0000:05:00.3-usb-0:2.1.1:1.0-port0
1790753914.3318,B,278,15452,-70,/dev/serial/by-path/pci-0000:05:00.3-usb-0:2.1.2:1.0-port0
1790753914.3545,A,297,15481,-52,/dev/serial/by-path/pci-0000:05:00.3-usb-0:2.1.1:1.0-port0
1790753914.3586,C,291,15479,-46,/dev/serial/by-path/pci-0000:05:00.3-usb-0:2.1.3:1.0-port0
1790753914.3985,C,292,15518,-48,/dev/serial/by-path/pci-0000:05:00.3-usb-0:2.1.3:1.0-port0
1790753914.4042,A,298,15531,-50,/dev/serial/by-path/pci-0000:05:00.3-usb-0:2.1.1:1.0-port0
1790753914.4113,B,279,15533,-56,/dev/serial/by-path/pci-0000:05:00.3-usb-0:2.1.2:1.0-port0
1790753914.4477,C,293,15568,-45,/dev/serial/by-path/pci-0000:05:00.3-usb-0:2.1.3:1.0-port0
1790753914.4482,A,299,15575,-49,/dev/serial/by-path/pci-0000:05:00.3-usb-0:2.1.1:1.0-port0
1790753914.5046,A,300,15631,-57,/dev/serial/by-path/pci-0000:05:00.3-usb-0:2.1.1:1.0-port0
1790753914.5082,C,294,15629,-47,/dev/serial/by-path/pci-0000:05:00.3-usb-0:2.1.3:1.0-port0
1790753914.5370,B,280,15658,-49,/dev/serial/by-path/pci-0000:05:00.3-usb-0:2.1.2:1.0-port0
1790753914.5545,A,301,15681,-49,/dev/serial/by-path/pci-0000:05:00.3-usb-0:2.1.1:1.0-port0
1790753914.5573,C,295,15678,-51,/dev/serial/by-path/pci-0000:05:00.3-usb-0:2.1.3:1.0-port0
1790753914.5955,B,281,15717,-48,/dev/serial/by-path/pci-0000:05:00.3-usb-0:2.1.2:1.0-port0
1790753914.6046,A,302,15731,-49,/dev/serial/by-path/pci-0000:05:00.3-usb-0:2.1.1:1.0-port0
1790753914.6092,C,296,15729,-51,/dev/serial/by-path/pci-0000:05:00.3-usb-0:2.1.3:1.0-port0
1790753914.6321,A,303,15759,-53,/dev/serial/by-path/pci-0000:05:00.3-usb-0:2.1.1:1.0-port0
1790753914.6455,B,282,15767,-54,/dev/serial/by-path/pci-0000:05:00.3-usb-0:2.1.2:1.0-port0
1790753914.6593,C,297,15779,-49,/dev/serial/by-path/pci-0000:05:00.3-usb-0:2.1.3:1.0-port0
1790753914.6784,B,283,15800,-49,/dev/serial/by-path/pci-0000:05:00.3-usb-0:2.1.2:1.0-port0
1790753914.6852,A,304,15812,-51,/dev/serial/by-path/pci-0000:05:00.3-usb-0:2.1.1:1.0-port0
1790753914.6998,C,298,15820,-52,/dev/serial/by-path/pci-0000:05:00.3-usb-0:2.1.3:1.0-port0
1790753914.7235,A,305,15850,-51,/dev/serial/by-path/pci-0000:05:00.3-usb-0:2.1.1:1.0-port0
1790753914.7706,B,284,15892,-55,/dev/serial/by-path/pci-0000:05:00.3-usb-0:2.1.2:1.0-port0
1790753914.8043,A,306,15931,-54,/dev/serial/by-path/pci-0000:05:00.3-usb-0:2.1.1:1.0-port0
1790753914.8061,C,299,15926,-50,/dev/serial/by-path/pci-0000:05:00.3-usb-0:2.1.3:1.0-port0
1790753914.8110,B,285,15932,-50,/dev/serial/by-path/pci-0000:05:00.3-usb-0:2.1.2:1.0-port0
1790753914.8448,A,307,15971,-51,/dev/serial/by-path/pci-0000:05:00.3-usb-0:2.1.1:1.0-port0
1790753914.8548,A,308,15981,-52,/dev/serial/by-path/pci-0000:05:00.3-usb-0:2.1.1:1.0-port0
1790753914.8586,C,300,15979,-52,/dev/serial/by-path/pci-0000:05:00.3-usb-0:2.1.3:1.0-port0
1790753914.8879,B,286,16009,-47,/dev/serial/by-path/pci-0000:05:00.3-usb-0:2.1.2:1.0-port0
1790753914.8956,B,287,16017,-48,/dev/serial/by-path/pci-0000:05:00.3-usb-0:2.1.2:1.0-port0
1790753914.8959,C,301,16016,-51,/dev/serial/by-path/pci-0000:05:00.3-usb-0:2.1.3:1.0-port0
1790753914.8986,A,309,16025,-51,/dev/serial/by-path/pci-0000:05:00.3-usb-0:2.1.1:1.0-port0
1790753914.9461,A,310,16073,-53,/dev/serial/by-path/pci-0000:05:00.3-usb-0:2.1.1:1.0-port0
1790753914.9464,C,302,16066,-50,/dev/serial/by-path/pci-0000:05:00.3-usb-0:2.1.3:1.0-port0
1790753914.9918,B,288,16114,-48,/dev/serial/by-path/pci-0000:05:00.3-usb-0:2.1.2:1.0-port0
1790753914.9988,A,311,16125,-51,/dev/serial/by-path/pci-0000:05:00.3-usb-0:2.1.1:1.0-port0
1790753915.0086,C,303,16129,-51,/dev/serial/by-path/pci-0000:05:00.3-usb-0:2.1.3:1.0-port0
1790753915.0549,A,312,16181,-50,/dev/serial/by-path/pci-0000:05:00.3-usb-0:2.1.1:1.0-port0
1790753915.0953,B,289,16217,-54,/dev/serial/by-path/pci-0000:05:00.3-usb-0:2.1.2:1.0-port0
1790753915.1045,A,313,16231,-53,/dev/serial/by-path/pci-0000:05:00.3-usb-0:2.1.1:1.0-port0
1790753915.1088,C,304,16229,-51,/dev/serial/by-path/pci-0000:05:00.3-usb-0:2.1.3:1.0-port0
1790753915.1242,C,305,16245,-53,/dev/serial/by-path/pci-0000:05:00.3-usb-0:2.1.3:1.0-port0
1790753915.1245,A,314,16251,-51,/dev/serial/by-path/pci-0000:05:00.3-usb-0:2.1.1:1.0-port0
1790753915.1280,B,290,16249,-49,/dev/serial/by-path/pci-0000:05:00.3-usb-0:2.1.2:1.0-port0
1790753915.1722,C,306,16292,-50,/dev/serial/by-path/pci-0000:05:00.3-usb-0:2.1.3:1.0-port0
1790753915.1727,B,291,16293,-48,/dev/serial/by-path/pci-0000:05:00.3-usb-0:2.1.2:1.0-port0
1790753915.1727,A,315,16299,-51,/dev/serial/by-path/pci-0000:05:00.3-usb-0:2.1.1:1.0-port0
1790753915.2296,B,292,16351,-53,/dev/serial/by-path/pci-0000:05:00.3-usb-0:2.1.2:1.0-port0
1790753915.2301,C,307,16350,-49,/dev/serial/by-path/pci-0000:05:00.3-usb-0:2.1.3:1.0-port0
1790753915.2305,A,316,16357,-54,/dev/serial/by-path/pci-0000:05:00.3-usb-0:2.1.1:1.0-port0
1790753915.2578,C,308,16378,-50,/dev/serial/by-path/pci-0000:05:00.3-usb-0:2.1.3:1.0-port0
1790753915.2826,B,293,16404,-49,/dev/serial/by-path/pci-0000:05:00.3-usb-0:2.1.2:1.0-port0
1790753915.3079,B,294,16430,-48,/dev/serial/by-path/pci-0000:05:00.3-usb-0:2.1.2:1.0-port0
1790753915.3087,C,309,16429,-52,/dev/serial/by-path/pci-0000:05:00.3-usb-0:2.1.3:1.0-port0
1790753915.3543,A,317,16481,-50,/dev/serial/by-path/pci-0000:05:00.3-usb-0:2.1.1:1.0-port0
1790753915.3544,C,310,16475,-50,/dev/serial/by-path/pci-0000:05:00.3-usb-0:2.1.3:1.0-port0
1790753915.3953,B,295,16517,-55,/dev/serial/by-path/pci-0000:05:00.3-usb-0:2.1.2:1.0-port0
1790753915.4005,B,296,16522,-49,/dev/serial/by-path/pci-0000:05:00.3-usb-0:2.1.2:1.0-port0
1790753915.4046,A,318,16531,-54,/dev/serial/by-path/pci-0000:05:00.3-usb-0:2.1.1:1.0-port0
1790753915.4091,C,311,16529,-51,/dev/serial/by-path/pci-0000:05:00.3-usb-0:2.1.3:1.0-port0
1790753915.4431,B,297,16564,-49,/dev/serial/by-path/pci-0000:05:00.3-usb-0:2.1.2:1.0-port0
1790753915.4457,C,312,16566,-52,/dev/serial/by-path/pci-0000:05:00.3-usb-0:2.1.3:1.0-port0
1790753915.4527,A,319,16579,-52,/dev/serial/by-path/pci-0000:05:00.3-usb-0:2.1.1:1.0-port0
1790753915.4950,B,298,16617,-48,/dev/serial/by-path/pci-0000:05:00.3-usb-0:2.1.2:1.0-port0
1790753915.5044,A,320,16631,-51,/dev/serial/by-path/pci-0000:05:00.3-usb-0:2.1.1:1.0-port0
1790753915.5085,C,313,16629,-50,/dev/serial/by-path/pci-0000:05:00.3-usb-0:2.1.3:1.0-port0
1790753915.5411,C,314,16661,-51,/dev/serial/by-path/pci-0000:05:00.3-usb-0:2.1.3:1.0-port0
1790753915.5413,A,321,16668,-55,/dev/serial/by-path/pci-0000:05:00.3-usb-0:2.1.1:1.0-port0
1790753915.5416,B,299,16662,-55,/dev/serial/by-path/pci-0000:05:00.3-usb-0:2.1.2:1.0-port0
1790753915.5843,C,315,16705,-52,/dev/serial/by-path/pci-0000:05:00.3-usb-0:2.1.3:1.0-port0
1790753915.5844,A,322,16711,-51,/dev/serial/by-path/pci-0000:05:00.3-usb-0:2.1.1:1.0-port0
1790753915.5858,B,300,16708,-50,/dev/serial/by-path/pci-0000:05:00.3-usb-0:2.1.2:1.0-port0
1790753915.6317,C,316,16753,-51,/dev/serial/by-path/pci-0000:05:00.3-usb-0:2.1.3:1.0-port0
1790753915.6328,A,323,16760,-50,/dev/serial/by-path/pci-0000:05:00.3-usb-0:2.1.1:1.0-port0
1790753915.6451,B,301,16767,-48,/dev/serial/by-path/pci-0000:05:00.3-usb-0:2.1.2:1.0-port0
1790753915.6774,C,317,16797,-51,/dev/serial/by-path/pci-0000:05:00.3-usb-0:2.1.3:1.0-port0
1790753915.6955,B,302,16817,-52,/dev/serial/by-path/pci-0000:05:00.3-usb-0:2.1.2:1.0-port0
1790753915.7047,A,324,16831,-55,/dev/serial/by-path/pci-0000:05:00.3-usb-0:2.1.1:1.0-port0
1790753915.7248,B,303,16846,-50,/dev/serial/by-path/pci-0000:05:00.3-usb-0:2.1.2:1.0-port0
1790753915.7310,C,318,16851,-51,/dev/serial/by-path/pci-0000:05:00.3-usb-0:2.1.3:1.0-port0
1790753915.7313,A,325,16857,-51,/dev/serial/by-path/pci-0000:05:00.3-usb-0:2.1.1:1.0-port0
1790753915.7715,B,304,16893,-47,/dev/serial/by-path/pci-0000:05:00.3-usb-0:2.1.2:1.0-port0
1790753915.8043,A,326,16931,-50,/dev/serial/by-path/pci-0000:05:00.3-usb-0:2.1.1:1.0-port0
1790753915.8085,C,319,16929,-50,/dev/serial/by-path/pci-0000:05:00.3-usb-0:2.1.3:1.0-port0
1790753915.8327,B,305,16954,-55,/dev/serial/by-path/pci-0000:05:00.3-usb-0:2.1.2:1.0-port0
1790753915.8331,C,320,16953,-49,/dev/serial/by-path/pci-0000:05:00.3-usb-0:2.1.3:1.0-port0
1790753915.8333,A,327,16960,-55,/dev/serial/by-path/pci-0000:05:00.3-usb-0:2.1.1:1.0-port0
1790753915.8649,C,321,16985,-52,/dev/serial/by-path/pci-0000:05:00.3-usb-0:2.1.3:1.0-port0
1790753915.8651,B,306,16986,-49,/dev/serial/by-path/pci-0000:05:00.3-usb-0:2.1.2:1.0-port0
1790753915.8656,A,328,16992,-51,/dev/serial/by-path/pci-0000:05:00.3-usb-0:2.1.1:1.0-port0
1790753915.9088,C,322,17029,-51,/dev/serial/by-path/pci-0000:05:00.3-usb-0:2.1.3:1.0-port0
1790753915.9367,A,329,17064,-50,/dev/serial/by-path/pci-0000:05:00.3-usb-0:2.1.1:1.0-port0
1790753915.9372,B,307,17058,-47,/dev/serial/by-path/pci-0000:05:00.3-usb-0:2.1.2:1.0-port0
1790753915.9515,C,323,17072,-51,/dev/serial/by-path/pci-0000:05:00.3-usb-0:2.1.3:1.0-port0
1790753915.9541,A,330,17081,-50,/dev/serial/by-path/pci-0000:05:00.3-usb-0:2.1.1:1.0-port0
1790753915.9580,B,308,17080,-55,/dev/serial/by-path/pci-0000:05:00.3-usb-0:2.1.2:1.0-port0
1790753915.9952,B,309,17117,-54,/dev/serial/by-path/pci-0000:05:00.3-usb-0:2.1.2:1.0-port0
1790753916.0045,A,331,17131,-55,/dev/serial/by-path/pci-0000:05:00.3-usb-0:2.1.1:1.0-port0
1790753916.0085,C,324,17128,-49,/dev/serial/by-path/pci-0000:05:00.3-usb-0:2.1.3:1.0-port0
1790753916.0333,B,310,17155,-50,/dev/serial/by-path/pci-0000:05:00.3-usb-0:2.1.2:1.0-port0
1790753916.0437,A,332,17170,-52,/dev/serial/by-path/pci-0000:05:00.3-usb-0:2.1.1:1.0-port0
1790753916.0540,C,325,17174,-51,/dev/serial/by-path/pci-0000:05:00.3-usb-0:2.1.3:1.0-port0
1790753916.0832,A,333,17211,-50,/dev/serial/by-path/pci-0000:05:00.3-usb-0:2.1.1:1.0-port0
1790753916.0835,C,326,17204,-51,/dev/serial/by-path/pci-0000:05:00.3-usb-0:2.1.3:1.0-port0
1790753916.0838,B,311,17205,-48,/dev/serial/by-path/pci-0000:05:00.3-usb-0:2.1.2:1.0-port0
1790753916.1335,B,312,17255,-54,/dev/serial/by-path/pci-0000:05:00.3-usb-0:2.1.2:1.0-port0
1790753916.1545,A,334,17281,-54,/dev/serial/by-path/pci-0000:05:00.3-usb-0:2.1.1:1.0-port0
1790753916.1585,C,327,17279,-49,/dev/serial/by-path/pci-0000:05:00.3-usb-0:2.1.3:1.0-port0
1790753916.1820,A,335,17309,-51,/dev/serial/by-path/pci-0000:05:00.3-usb-0:2.1.1:1.0-port0
1790753916.1954,B,313,17317,-49,/dev/serial/by-path/pci-0000:05:00.3-usb-0:2.1.2:1.0-port0
1790753916.2089,C,328,17329,-52,/dev/serial/by-path/pci-0000:05:00.3-usb-0:2.1.3:1.0-port0
1790753916.2258,B,314,17347,-48,/dev/serial/by-path/pci-0000:05:00.3-usb-0:2.1.2:1.0-port0
1790753916.2494,C,329,17370,-51,/dev/serial/by-path/pci-0000:05:00.3-usb-0:2.1.3:1.0-port0
1790753916.2546,A,336,17381,-50,/dev/serial/by-path/pci-0000:05:00.3-usb-0:2.1.1:1.0-port0
1790753916.2755,A,337,17402,-55,/dev/serial/by-path/pci-0000:05:00.3-usb-0:2.1.1:1.0-port0
1790753916.3284,B,315,17450,-49,/dev/serial/by-path/pci-0000:05:00.3-usb-0:2.1.2:1.0-port0
1790753916.3543,A,338,17481,-51,/dev/serial/by-path/pci-0000:05:00.3-usb-0:2.1.1:1.0-port0
1790753916.3583,C,330,17479,-52,/dev/serial/by-path/pci-0000:05:00.3-usb-0:2.1.3:1.0-port0
1790753916.3695,B,316,17491,-48,/dev/serial/by-path/pci-0000:05:00.3-usb-0:2.1.2:1.0-port0
1790753916.3718,C,331,17492,-51,/dev/serial/by-path/pci-0000:05:00.3-usb-0:2.1.3:1.0-port0
1790753916.3722,A,339,17499,-50,/dev/serial/by-path/pci-0000:05:00.3-usb-0:2.1.1:1.0-port0
1790753916.4381,B,317,17560,-55,/dev/serial/by-path/pci-0000:05:00.3-usb-0:2.1.2:1.0-port0
1790753916.4542,A,340,17581,-55,/dev/serial/by-path/pci-0000:05:00.3-usb-0:2.1.1:1.0-port0
1790753916.4587,C,332,17579,-50,/dev/serial/by-path/pci-0000:05:00.3-usb-0:2.1.3:1.0-port0
1790753916.4588,B,318,17580,-47,/dev/serial/by-path/pci-0000:05:00.3-usb-0:2.1.2:1.0-port0
1790753916.4863,A,341,17613,-51,/dev/serial/by-path/pci-0000:05:00.3-usb-0:2.1.1:1.0-port0
1790753916.5010,A,342,17628,-51,/dev/serial/by-path/pci-0000:05:00.3-usb-0:2.1.1:1.0-port0
1790753916.5299,B,319,17651,-48,/dev/serial/by-path/pci-0000:05:00.3-usb-0:2.1.2:1.0-port0
1790753916.5445,A,343,17671,-52,/dev/serial/by-path/pci-0000:05:00.3-usb-0:2.1.1:1.0-port0
1790753916.5450,B,320,17667,-48,/dev/serial/by-path/pci-0000:05:00.3-usb-0:2.1.2:1.0-port0
1790753916.5586,C,333,17679,-51,/dev/serial/by-path/pci-0000:05:00.3-usb-0:2.1.3:1.0-port0
1790753916.5924,A,344,17719,-54,/dev/serial/by-path/pci-0000:05:00.3-usb-0:2.1.1:1.0-port0
1790753916.5925,B,321,17714,-55,/dev/serial/by-path/pci-0000:05:00.3-usb-0:2.1.2:1.0-port0
1790753916.5991,C,334,17719,-49,/dev/serial/by-path/pci-0000:05:00.3-usb-0:2.1.3:1.0-port0
1790753916.6363,B,322,17759,-49,/dev/serial/by-path/pci-0000:05:00.3-usb-0:2.1.2:1.0-port0
1790753916.6366,C,335,17758,-51,/dev/serial/by-path/pci-0000:05:00.3-usb-0:2.1.3:1.0-port0
1790753916.6385,A,345,17765,-51,/dev/serial/by-path/pci-0000:05:00.3-usb-0:2.1.1:1.0-port0
1790753916.6881,A,346,17814,-51,/dev/serial/by-path/pci-0000:05:00.3-usb-0:2.1.1:1.0-port0
1790753916.6885,B,323,17809,-47,/dev/serial/by-path/pci-0000:05:00.3-usb-0:2.1.2:1.0-port0
1790753916.6888,C,336,17808,-51,/dev/serial/by-path/pci-0000:05:00.3-usb-0:2.1.3:1.0-port0
1790753916.7455,B,324,17867,-55,/dev/serial/by-path/pci-0000:05:00.3-usb-0:2.1.2:1.0-port0
1790753916.7543,A,347,17881,-55,/dev/serial/by-path/pci-0000:05:00.3-usb-0:2.1.1:1.0-port0
1790753916.7584,C,337,17879,-50,/dev/serial/by-path/pci-0000:05:00.3-usb-0:2.1.3:1.0-port0
1790753916.7718,C,338,17892,-51,/dev/serial/by-path/pci-0000:05:00.3-usb-0:2.1.3:1.0-port0
1790753916.7723,A,348,17899,-51,/dev/serial/by-path/pci-0000:05:00.3-usb-0:2.1.1:1.0-port0
1790753916.7864,B,325,17908,-49,/dev/serial/by-path/pci-0000:05:00.3-usb-0:2.1.2:1.0-port0
1790753916.8449,B,326,17967,-48,/dev/serial/by-path/pci-0000:05:00.3-usb-0:2.1.2:1.0-port0
1790753916.8453,C,339,17966,-52,/dev/serial/by-path/pci-0000:05:00.3-usb-0:2.1.3:1.0-port0
1790753916.8456,A,349,17972,-50,/dev/serial/by-path/pci-0000:05:00.3-usb-0:2.1.1:1.0-port0
1790753916.8915,B,327,18013,-55,/dev/serial/by-path/pci-0000:05:00.3-usb-0:2.1.2:1.0-port0
1790753916.9013,A,350,18029,-54,/dev/serial/by-path/pci-0000:05:00.3-usb-0:2.1.1:1.0-port0
1790753916.9018,C,340,18022,-49,/dev/serial/by-path/pci-0000:05:00.3-usb-0:2.1.3:1.0-port0
1790753916.9033,A,351,18029,-55,/dev/serial/by-path/pci-0000:05:00.3-usb-0:2.1.1:1.0-port0
1790753916.9038,B,328,18026,-49,/dev/serial/by-path/pci-0000:05:00.3-usb-0:2.1.2:1.0-port0
1790753916.9421,A,352,18068,-52,/dev/serial/by-path/pci-0000:05:00.3-usb-0:2.1.1:1.0-port0
1790753916.9424,B,329,18063,-49,/dev/serial/by-path/pci-0000:05:00.3-usb-0:2.1.2:1.0-port0
1790753916.9426,C,341,18062,-52,/dev/serial/by-path/pci-0000:05:00.3-usb-0:2.1.3:1.0-port0
1790753916.9864,C,342,18107,-51,/dev/serial/by-path/pci-0000:05:00.3-usb-0:2.1.3:1.0-port0
1790753916.9865,B,330,18108,-48,/dev/serial/by-path/pci-0000:05:00.3-usb-0:2.1.2:1.0-port0
1790753916.9931,A,353,18120,-50,/dev/serial/by-path/pci-0000:05:00.3-usb-0:2.1.1:1.0-port0
1790753917.0330,B,331,18154,-51,/dev/serial/by-path/pci-0000:05:00.3-usb-0:2.1.2:1.0-port0
1790753917.0549,A,354,18182,-54,/dev/serial/by-path/pci-0000:05:00.3-usb-0:2.1.1:1.0-port0
1790753917.0585,C,343,18179,-50,/dev/serial/by-path/pci-0000:05:00.3-usb-0:2.1.3:1.0-port0
1790753917.0861,C,344,18206,-52,/dev/serial/by-path/pci-0000:05:00.3-usb-0:2.1.3:1.0-port0
1790753917.0866,A,355,18213,-51,/dev/serial/by-path/pci-0000:05:00.3-usb-0:2.1.1:1.0-port0
1790753917.0869,B,332,18208,-49,/dev/serial/by-path/pci-0000:05:00.3-usb-0:2.1.2:1.0-port0
1790753917.1274,C,345,18248,-51,/dev/serial/by-path/pci-0000:05:00.3-usb-0:2.1.3:1.0-port0
1790753917.1453,B,333,18267,-47,/dev/serial/by-path/pci-0000:05:00.3-usb-0:2.1.2:1.0-port0
1790753917.1544,A,356,18281,-51,/dev/serial/by-path/pci-0000:05:00.3-usb-0:2.1.1:1.0-port0
1790753917.1865,C,346,18307,-49,/dev/serial/by-path/pci-0000:05:00.3-usb-0:2.1.3:1.0-port0
1790753917.1866,B,334,18308,-55,/dev/serial/by-path/pci-0000:05:00.3-usb-0:2.1.2:1.0-port0
1790753917.1869,A,357,18313,-55,/dev/serial/by-path/pci-0000:05:00.3-usb-0:2.1.1:1.0-port0
1790753917.2108,B,335,18332,-49,/dev/serial/by-path/pci-0000:05:00.3-usb-0:2.1.2:1.0-port0
1790753917.2192,A,358,18346,-51,/dev/serial/by-path/pci-0000:05:00.3-usb-0:2.1.1:1.0-port0
1790753917.2570,B,336,18379,-47,/dev/serial/by-path/pci-0000:05:00.3-usb-0:2.1.2:1.0-port0
1790753917.2582,C,347,18379,-52,/dev/serial/by-path/pci-0000:05:00.3-usb-0:2.1.3:1.0-port0
1790753917.3076,C,348,18428,-51,/dev/serial/by-path/pci-0000:05:00.3-usb-0:2.1.3:1.0-port0
1790753917.3077,B,337,18429,-54,/dev/serial/by-path/pci-0000:05:00.3-usb-0:2.1.2:1.0-port0
1790753917.3253,A,359,18452,-55,/dev/serial/by-path/pci-0000:05:00.3-usb-0:2.1.1:1.0-port0
1790753917.3503,C,349,18471,-50,/dev/serial/by-path/pci-0000:05:00.3-usb-0:2.1.3:1.0-port0
1790753917.3544,A,360,18481,-55,/dev/serial/by-path/pci-0000:05:00.3-usb-0:2.1.1:1.0-port0
1790753917.3648,B,338,18486,-49,/dev/serial/by-path/pci-0000:05:00.3-usb-0:2.1.2:1.0-port0
1790753917.4002,A,361,18527,-53,/dev/serial/by-path/pci-0000:05:00.3-usb-0:2.1.1:1.0-port0
1790753917.4053,C,350,18526,-51,/dev/serial/by-path/pci-0000:05:00.3-usb-0:2.1.3:1.0-port0
1790753917.4412,C,351,18561,-51,/dev/serial/by-path/pci-0000:05:00.3-usb-0:2.1.3:1.0-port0
1790753917.4416,A,362,18568,-50,/dev/serial/by-path/pci-0000:05:00.3-usb-0:2.1.1:1.0-port0
1790753917.4454,B,339,18567,-48,/dev/serial/by-path/pci-0000:05:00.3-usb-0:2.1.2:1.0-port0
1790753917.4820,B,340,18604,-55,/dev/serial/by-path/pci-0000:05:00.3-usb-0:2.1.2:1.0-port0
1790753917.5045,A,363,18631,-55,/dev/serial/by-path/pci-0000:05:00.3-usb-0:2.1.1:1.0-port0
1790753917.5082,C,352,18629,-49,/dev/serial/by-path/pci-0000:05:00.3-usb-0:2.1.3:1.0-port0
1790753917.5314,C,353,18652,-51,/dev/serial/by-path/pci-0000:05:00.3-usb-0:2.1.3:1.0-port0
1790753917.5318,B,341,18653,-49,/dev/serial/by-path/pci-0000:05:00.3-usb-0:2.1.2:1.0-port0
1790753917.5542,A,364,18681,-51,/dev/serial/by-path/pci-0000:05:00.3-usb-0:2.1.1:1.0-port0
1790753917.5713,C,354,18692,-51,/dev/serial/by-path/pci-0000:05:00.3-usb-0:2.1.3:1.0-port0
1790753917.5948,B,342,18717,-48,/dev/serial/by-path/pci-0000:05:00.3-usb-0:2.1.2:1.0-port0
1790753917.6045,A,365,18731,-50,/dev/serial/by-path/pci-0000:05:00.3-usb-0:2.1.1:1.0-port0
1790753917.6178,B,343,18739,-55,/dev/serial/by-path/pci-0000:05:00.3-usb-0:2.1.2:1.0-port0
1790753917.6312,A,366,18758,-54,/dev/serial/by-path/pci-0000:05:00.3-usb-0:2.1.1:1.0-port0
1790753917.6315,C,355,18751,-50,/dev/serial/by-path/pci-0000:05:00.3-usb-0:2.1.3:1.0-port0
1790753917.6564,C,356,18777,-50,/dev/serial/by-path/pci-0000:05:00.3-usb-0:2.1.3:1.0-port0
1790753917.6631,B,344,18785,-49,/dev/serial/by-path/pci-0000:05:00.3-usb-0:2.1.2:1.0-port0
1790753917.6962,C,357,18816,-51,/dev/serial/by-path/pci-0000:05:00.3-usb-0:2.1.3:1.0-port0
1790753917.6966,A,367,18823,-51,/dev/serial/by-path/pci-0000:05:00.3-usb-0:2.1.1:1.0-port0
1790753917.7409,A,368,18868,-50,/dev/serial/by-path/pci-0000:05:00.3-usb-0:2.1.1:1.0-port0
1790753917.7451,B,345,18867,-48,/dev/serial/by-path/pci-0000:05:00.3-usb-0:2.1.2:1.0-port0
1790753917.7586,C,358,18879,-50,/dev/serial/by-path/pci-0000:05:00.3-usb-0:2.1.3:1.0-port0
1790753917.7955,B,346,18917,-55,/dev/serial/by-path/pci-0000:05:00.3-usb-0:2.1.2:1.0-port0
1790753917.8045,A,369,18931,-54,/dev/serial/by-path/pci-0000:05:00.3-usb-0:2.1.1:1.0-port0
1790753917.8088,C,359,18929,-49,/dev/serial/by-path/pci-0000:05:00.3-usb-0:2.1.3:1.0-port0
1790753917.8346,C,360,18955,-51,/dev/serial/by-path/pci-0000:05:00.3-usb-0:2.1.3:1.0-port0
1790753917.8439,B,347,18966,-49,/dev/serial/by-path/pci-0000:05:00.3-usb-0:2.1.2:1.0-port0
1790753917.8550,A,370,18981,-52,/dev/serial/by-path/pci-0000:05:00.3-usb-0:2.1.1:1.0-port0
1790753917.8952,B,348,19017,-48,/dev/serial/by-path/pci-0000:05:00.3-usb-0:2.1.2:1.0-port0
1790753917.9053,A,371,19032,-51,/dev/serial/by-path/pci-0000:05:00.3-usb-0:2.1.1:1.0-port0
1790753917.9085,C,361,19029,-51,/dev/serial/by-path/pci-0000:05:00.3-usb-0:2.1.3:1.0-port0
1790753917.9165,B,349,19038,-55,/dev/serial/by-path/pci-0000:05:00.3-usb-0:2.1.2:1.0-port0
1790753917.9166,C,362,19037,-49,/dev/serial/by-path/pci-0000:05:00.3-usb-0:2.1.3:1.0-port0
1790753917.9170,A,372,19043,-55,/dev/serial/by-path/pci-0000:05:00.3-usb-0:2.1.1:1.0-port0
1790753917.9921,C,363,19112,-51,/dev/serial/by-path/pci-0000:05:00.3-usb-0:2.1.3:1.0-port0
1790753917.9922,A,373,19118,-52,/dev/serial/by-path/pci-0000:05:00.3-usb-0:2.1.1:1.0-port0
1790753917.9923,B,350,19113,-49,/dev/serial/by-path/pci-0000:05:00.3-usb-0:2.1.2:1.0-port0
1790753918.0082,C,364,19129,-51,/dev/serial/by-path/pci-0000:05:00.3-usb-0:2.1.3:1.0-port0
1790753918.0472,A,374,19174,-50,/dev/serial/by-path/pci-0000:05:00.3-usb-0:2.1.1:1.0-port0
1790753918.0587,C,365,19179,-52,/dev/serial/by-path/pci-0000:05:00.3-usb-0:2.1.3:1.0-port0
1790753918.0952,B,351,19217,-55,/dev/serial/by-path/pci-0000:05:00.3-usb-0:2.1.2:1.0-port0
1790753918.1044,A,375,19231,-55,/dev/serial/by-path/pci-0000:05:00.3-usb-0:2.1.1:1.0-port0
1790753918.1088,C,366,19229,-50,/dev/serial/by-path/pci-0000:05:00.3-usb-0:2.1.3:1.0-port0
1790753918.1306,B,352,19252,-49,/dev/serial/by-path/pci-0000:05:00.3-usb-0:2.1.2:1.0-port0
1790753918.1312,A,376,19258,-52,/dev/serial/by-path/pci-0000:05:00.3-usb-0:2.1.1:1.0-port0
1790753918.1346,C,367,19255,-51,/dev/serial/by-path/pci-0000:05:00.3-usb-0:2.1.3:1.0-port0
1790753918.1815,B,353,19303,-48,/dev/serial/by-path/pci-0000:05:00.3-usb-0:2.1.2:1.0-port0
1790753918.1818,A,377,19308,-51,/dev/serial/by-path/pci-0000:05:00.3-usb-0:2.1.1:1.0-port0
1790753918.1895,C,368,19310,-51,/dev/serial/by-path/pci-0000:05:00.3-usb-0:2.1.3:1.0-port0
1790753918.2297,B,354,19351,-55,/dev/serial/by-path/pci-0000:05:00.3-usb-0:2.1.2:1.0-port0
1790753918.2298,C,369,19350,-51,/dev/serial/by-path/pci-0000:05:00.3-usb-0:2.1.3:1.0-port0
1790753918.2300,A,378,19356,-55,/dev/serial/by-path/pci-0000:05:00.3-usb-0:2.1.1:1.0-port0
1790753918.2709,A,379,19397,-52,/dev/serial/by-path/pci-0000:05:00.3-usb-0:2.1.1:1.0-port0
1790753918.2951,B,355,19417,-49,/dev/serial/by-path/pci-0000:05:00.3-usb-0:2.1.2:1.0-port0
1790753918.3084,C,370,19429,-51,/dev/serial/by-path/pci-0000:05:00.3-usb-0:2.1.3:1.0-port0
1790753918.3196,B,356,19441,-47,/dev/serial/by-path/pci-0000:05:00.3-usb-0:2.1.2:1.0-port0
1790753918.3201,C,371,19440,-51,/dev/serial/by-path/pci-0000:05:00.3-usb-0:2.1.3:1.0-port0
1790753918.3365,A,380,19463,-51,/dev/serial/by-path/pci-0000:05:00.3-usb-0:2.1.1:1.0-port0
1790753918.3656,C,372,19486,-50,/dev/serial/by-path/pci-0000:05:00.3-usb-0:2.1.3:1.0-port0
1790753918.3661,A,381,19493,-55,/dev/serial/by-path/pci-0000:05:00.3-usb-0:2.1.1:1.0-port0
1790753918.3662,B,357,19488,-55,/dev/serial/by-path/pci-0000:05:00.3-usb-0:2.1.2:1.0-port0
1790753918.4081,C,373,19529,-49,/dev/serial/by-path/pci-0000:05:00.3-usb-0:2.1.3:1.0-port0
1790753918.4257,B,358,19548,-49,/dev/serial/by-path/pci-0000:05:00.3-usb-0:2.1.2:1.0-port0
1790753918.4476,C,374,19568,-52,/dev/serial/by-path/pci-0000:05:00.3-usb-0:2.1.3:1.0-port0
1790753918.4544,A,382,19581,-52,/dev/serial/by-path/pci-0000:05:00.3-usb-0:2.1.1:1.0-port0
1790753918.4925,C,375,19613,-51,/dev/serial/by-path/pci-0000:05:00.3-usb-0:2.1.3:1.0-port0
1790753918.4930,A,383,19619,-52,/dev/serial/by-path/pci-0000:05:00.3-usb-0:2.1.1:1.0-port0
1790753918.4948,B,359,19617,-47,/dev/serial/by-path/pci-0000:05:00.3-usb-0:2.1.2:1.0-port0
1790753918.5401,C,376,19660,-50,/dev/serial/by-path/pci-0000:05:00.3-usb-0:2.1.3:1.0-port0
1790753918.5403,B,360,19662,-54,/dev/serial/by-path/pci-0000:05:00.3-usb-0:2.1.2:1.0-port0
1790753918.5412,A,384,19667,-54,/dev/serial/by-path/pci-0000:05:00.3-usb-0:2.1.1:1.0-port0
1790753918.5951,B,361,19717,-49,/dev/serial/by-path/pci-0000:05:00.3-usb-0:2.1.2:1.0-port0
1790753918.6044,A,385,19731,-51,/dev/serial/by-path/pci-0000:05:00.3-usb-0:2.1.1:1.0-port0
1790753918.6085,C,377,19729,-51,/dev/serial/by-path/pci-0000:05:00.3-usb-0:2.1.3:1.0-port0
1790753918.6324,B,362,19754,-48,/dev/serial/by-path/pci-0000:05:00.3-usb-0:2.1.2:1.0-port0
1790753918.6325,A,386,19759,-51,/dev/serial/by-path/pci-0000:05:00.3-usb-0:2.1.1:1.0-port0
1790753918.6356,C,378,19756,-52,/dev/serial/by-path/pci-0000:05:00.3-usb-0:2.1.3:1.0-port0
1790753918.6824,C,379,19804,-50,/dev/serial/by-path/pci-0000:05:00.3-usb-0:2.1.3:1.0-port0
1790753918.6832,A,387,19810,-55,/dev/serial/by-path/pci-0000:05:00.3-usb-0:2.1.1:1.0-port0
1790753918.6834,B,363,19805,-54,/dev/serial/by-path/pci-0000:05:00.3-usb-0:2.1.2:1.0-port0
1790753918.7289,C,380,19849,-52,/dev/serial/by-path/pci-0000:05:00.3-usb-0:2.1.3:1.0-port0
1790753918.7295,A,388,19856,-52,/dev/serial/by-path/pci-0000:05:00.3-usb-0:2.1.1:1.0-port0
1790753918.7442,B,364,19866,-49,/dev/serial/by-path/pci-0000:05:00.3-usb-0:2.1.2:1.0-port0
1790753918.7698,B,365,19892,-48,/dev/serial/by-path/pci-0000:05:00.3-usb-0:2.1.2:1.0-port0
1790753918.7699,C,381,19890,-51,/dev/serial/by-path/pci-0000:05:00.3-usb-0:2.1.3:1.0-port0
1790753918.7757,A,389,19902,-50,/dev/serial/by-path/pci-0000:05:00.3-usb-0:2.1.1:1.0-port0
1790753918.8155,B,366,19937,-51,/dev/serial/by-path/pci-0000:05:00.3-usb-0:2.1.2:1.0-port0
1790753918.8544,A,390,19981,-55,/dev/serial/by-path/pci-0000:05:00.3-usb-0:2.1.1:1.0-port0
1790753918.8563,C,382,19978,-51,/dev/serial/by-path/pci-0000:05:00.3-usb-0:2.1.3:1.0-port0
1790753918.8568,B,367,19979,-49,/dev/serial/by-path/pci-0000:05:00.3-usb-0:2.1.2:1.0-port0
1790753918.8587,C,383,19978,-50,/dev/serial/by-path/pci-0000:05:00.3-usb-0:2.1.3:1.0-port0
1790753918.9050,A,391,20032,-53,/dev/serial/by-path/pci-0000:05:00.3-usb-0:2.1.1:1.0-port0
1790753918.9083,C,384,20029,-51,/dev/serial/by-path/pci-0000:05:00.3-usb-0:2.1.3:1.0-port0
1790753918.9198,B,368,20042,-48,/dev/serial/by-path/pci-0000:05:00.3-usb-0:2.1.2:1.0-port0
1790753918.9544,A,392,20081,-50,/dev/serial/by-path/pci-0000:05:00.3-usb-0:2.1.1:1.0-port0
1790753918.9607,B,369,20082,-54,/dev/serial/by-path/pci-0000:05:00.3-usb-0:2.1.2:1.0-port0
1790753918.9960,C,385,20116,-51,/dev/serial/by-path/pci-0000:05:00.3-usb-0:2.1.3:1.0-port0
1790753918.9964,A,393,20123,-54,/dev/serial/by-path/pci-0000:05:00.3-usb-0:2.1.1:1.0-port0
1790753919.0456,B,370,20167,-49,/dev/serial/by-path/pci-0000:05:00.3-usb-0:2.1.2:1.0-port0
1790753919.0545,A,394,20181,-51,/dev/serial/by-path/pci-0000:05:00.3-usb-0:2.1.1:1.0-port0
1790753919.0584,C,386,20179,-51,/dev/serial/by-path/pci-0000:05:00.3-usb-0:2.1.3:1.0-port0
1790753919.0930,B,371,20215,-48,/dev/serial/by-path/pci-0000:05:00.3-usb-0:2.1.2:1.0-port0
1790753919.0943,C,387,20214,-51,/dev/serial/by-path/pci-0000:05:00.3-usb-0:2.1.3:1.0-port0
1790753919.0945,A,395,20220,-51,/dev/serial/by-path/pci-0000:05:00.3-usb-0:2.1.1:1.0-port0
1790753919.1447,B,372,20267,-54,/dev/serial/by-path/pci-0000:05:00.3-usb-0:2.1.2:1.0-port0
1790753919.1544,A,396,20281,-53,/dev/serial/by-path/pci-0000:05:00.3-usb-0:2.1.1:1.0-port0
1790753919.1582,C,388,20279,-49,/dev/serial/by-path/pci-0000:05:00.3-usb-0:2.1.3:1.0-port0
1790753919.1839,C,389,20304,-52,/dev/serial/by-path/pci-0000:05:00.3-usb-0:2.1.3:1.0-port0
1790753919.1842,A,397,20311,-51,/dev/serial/by-path/pci-0000:05:00.3-usb-0:2.1.1:1.0-port0
1790753919.1845,B,373,20306,-50,/dev/serial/by-path/pci-0000:05:00.3-usb-0:2.1.2:1.0-port0
1790753919.2280,C,390,20348,-51,/dev/serial/by-path/pci-0000:05:00.3-usb-0:2.1.3:1.0-port0
1790753919.2452,B,374,20367,-48,/dev/serial/by-path/pci-0000:05:00.3-usb-0:2.1.2:1.0-port0
1790753919.2542,A,398,20381,-51,/dev/serial/by-path/pci-0000:05:00.3-usb-0:2.1.1:1.0-port0
1790753919.2705,C,391,20391,-50,/dev/serial/by-path/pci-0000:05:00.3-usb-0:2.1.3:1.0-port0
1790753919.2891,A,399,20416,-54,/dev/serial/by-path/pci-0000:05:00.3-usb-0:2.1.1:1.0-port0
1790753919.2891,B,375,20411,-54,/dev/serial/by-path/pci-0000:05:00.3-usb-0:2.1.2:1.0-port0
1790753919.3149,C,392,20435,-52,/dev/serial/by-path/pci-0000:05:00.3-usb-0:2.1.3:1.0-port0
1790753919.3156,A,400,20443,-53,/dev/serial/by-path/pci-0000:05:00.3-usb-0:2.1.1:1.0-port0
1790753919.3379,B,376,20459,-49,/dev/serial/by-path/pci-0000:05:00.3-usb-0:2.1.2:1.0-port0
1790753919.3692,B,377,20491,-48,/dev/serial/by-path/pci-0000:05:00.3-usb-0:2.1.2:1.0-port0
1790753919.3716,A,401,20498,-51,/dev/serial/by-path/pci-0000:05:00.3-usb-0:2.1.1:1.0-port0
1790753919.4082,C,393,20529,-51,/dev/serial/by-path/pci-0000:05:00.3-usb-0:2.1.3:1.0-port0
1790753919.4451,B,378,20567,-54,/dev/serial/by-path/pci-0000:05:00.3-usb-0:2.1.2:1.0-port0
1790753919.4503,A,402,20578,-54,/dev/serial/by-path/pci-0000:05:00.3-usb-0:2.1.1:1.0-port0
1790753919.4525,A,403,20578,-54,/dev/serial/by-path/pci-0000:05:00.3-usb-0:2.1.1:1.0-port0
1790753919.4541,B,379,20576,-49,/dev/serial/by-path/pci-0000:05:00.3-usb-0:2.1.2:1.0-port0
1790753919.4587,C,394,20579,-50,/dev/serial/by-path/pci-0000:05:00.3-usb-0:2.1.3:1.0-port0
1790753919.4950,C,395,20615,-52,/dev/serial/by-path/pci-0000:05:00.3-usb-0:2.1.3:1.0-port0
1790753919.4954,B,380,20617,-49,/dev/serial/by-path/pci-0000:05:00.3-usb-0:2.1.2:1.0-port0
1790753919.4957,A,404,20623,-51,/dev/serial/by-path/pci-0000:05:00.3-usb-0:2.1.1:1.0-port0
1790753919.5455,B,381,20667,-47,/dev/serial/by-path/pci-0000:05:00.3-usb-0:2.1.2:1.0-port0
1790753919.5543,A,405,20681,-51,/dev/serial/by-path/pci-0000:05:00.3-usb-0:2.1.1:1.0-port0
1790753919.5769,C,396,20697,-50,/dev/serial/by-path/pci-0000:05:00.3-usb-0:2.1.3:1.0-port0
1790753919.5771,A,406,20703,-55,/dev/serial/by-path/pci-0000:05:00.3-usb-0:2.1.1:1.0-port0
1790753919.5773,B,382,20698,-55,/dev/serial/by-path/pci-0000:05:00.3-usb-0:2.1.2:1.0-port0
1790753919.6205,B,383,20742,-49,/dev/serial/by-path/pci-0000:05:00.3-usb-0:2.1.2:1.0-port0
1790753919.6542,A,407,20781,-51,/dev/serial/by-path/pci-0000:05:00.3-usb-0:2.1.1:1.0-port0
1790753919.6589,C,397,20779,-52,/dev/serial/by-path/pci-0000:05:00.3-usb-0:2.1.3:1.0-port0
1790753919.6691,A,408,20796,-51,/dev/serial/by-path/pci-0000:05:00.3-usb-0:2.1.1:1.0-port0
1790753919.6846,B,384,20807,-48,/dev/serial/by-path/pci-0000:05:00.3-usb-0:2.1.2:1.0-port0
1790753919.6850,C,398,20806,-51,/dev/serial/by-path/pci-0000:05:00.3-usb-0:2.1.3:1.0-port0
1790753919.7085,C,399,20829,-52,/dev/serial/by-path/pci-0000:05:00.3-usb-0:2.1.3:1.0-port0
1790753919.7091,B,385,20831,-55,/dev/serial/by-path/pci-0000:05:00.3-usb-0:2.1.2:1.0-port0
1790753919.7546,A,409,20881,-55,/dev/serial/by-path/pci-0000:05:00.3-usb-0:2.1.1:1.0-port0
1790753919.7584,C,400,20879,-49,/dev/serial/by-path/pci-0000:05:00.3-usb-0:2.1.3:1.0-port0
1790753919.7785,B,386,20900,-49,/dev/serial/by-path/pci-0000:05:00.3-usb-0:2.1.2:1.0-port0
1790753919.8047,A,410,20931,-52,/dev/serial/by-path/pci-0000:05:00.3-usb-0:2.1.1:1.0-port0
1790753919.8088,C,401,20929,-52,/dev/serial/by-path/pci-0000:05:00.3-usb-0:2.1.3:1.0-port0
1790753919.8476,C,402,20968,-53,/dev/serial/by-path/pci-0000:05:00.3-usb-0:2.1.3:1.0-port0
1790753919.8479,A,411,20974,-51,/dev/serial/by-path/pci-0000:05:00.3-usb-0:2.1.1:1.0-port0
1790753919.9059,C,403,21026,-51,/dev/serial/by-path/pci-0000:05:00.3-usb-0:2.1.3:1.0-port0
1790753919.9375,B,387,21059,-49,/dev/serial/by-path/pci-0000:05:00.3-usb-0:2.1.2:1.0-port0
1790753919.9542,A,412,21081,-51,/dev/serial/by-path/pci-0000:05:00.3-usb-0:2.1.1:1.0-port0
1790753919.9933,B,388,21115,-48,/dev/serial/by-path/pci-0000:05:00.3-usb-0:2.1.2:1.0-port0
1790753919.9934,C,404,21113,-51,/dev/serial/by-path/pci-0000:05:00.3-usb-0:2.1.3:1.0-port0
1790753920.0048,A,413,21132,-51,/dev/serial/by-path/pci-0000:05:00.3-usb-0:2.1.1:1.0-port0
1790753920.0372,B,389,21159,-51,/dev/serial/by-path/pci-0000:05:00.3-usb-0:2.1.2:1.0-port0
1790753920.0376,A,414,21164,-55,/dev/serial/by-path/pci-0000:05:00.3-usb-0:2.1.1:1.0-port0
1790753920.0584,C,405,21179,-51,/dev/serial/by-path/pci-0000:05:00.3-usb-0:2.1.3:1.0-port0
1790753920.0934,B,390,21215,-49,/dev/serial/by-path/pci-0000:05:00.3-usb-0:2.1.2:1.0-port0
1790753920.1041,A,415,21231,-51,/dev/serial/by-path/pci-0000:05:00.3-usb-0:2.1.1:1.0-port0
1790753920.1084,C,406,21229,-52,/dev/serial/by-path/pci-0000:05:00.3-usb-0:2.1.3:1.0-port0
1790753920.1298,C,407,21250,-52,/dev/serial/by-path/pci-0000:05:00.3-usb-0:2.1.3:1.0-port0
1790753920.1436,A,416,21271,-51,/dev/serial/by-path/pci-0000:05:00.3-usb-0:2.1.1:1.0-port0
1790753920.1441,B,391,21266,-48,/dev/serial/by-path/pci-0000:05:00.3-usb-0:2.1.2:1.0-port0
1790753920.1950,B,392,21317,-54,/dev/serial/by-path/pci-0000:05:00.3-usb-0:2.1.2:1.0-port0
1790753920.2036,C,408,21324,-50,/dev/serial/by-path/pci-0000:05:00.3-usb-0:2.1.3:1.0-port0
1790753920.2040,A,417,21331,-55,/dev/serial/by-path/pci-0000:05:00.3-usb-0:2.1.1:1.0-port0
1790753920.2228,A,418,21349,-51,/dev/serial/by-path/pci-0000:05:00.3-usb-0:2.1.1:1.0-port0
1790753920.2452,B,393,21367,-49,/dev/serial/by-path/pci-0000:05:00.3-usb-0:2.1.2:1.0-port0
1790753920.2584,C,409,21379,-51,/dev/serial/by-path/pci-0000:05:00.3-usb-0:2.1.3:1.0-port0
1790753920.2693,B,394,21391,-48,/dev/serial/by-path/pci-0000:05:00.3-usb-0:2.1.2:1.0-port0
1790753920.2818,C,410,21402,-52,/dev/serial/by-path/pci-0000:05:00.3-usb-0:2.1.3:1.0-port0
1790753920.3047,A,419,21431,-51,/dev/serial/by-path/pci-0000:05:00.3-usb-0:2.1.1:1.0-port0
1790753920.3089,C,411,21429,-52,/dev/serial/by-path/pci-0000:05:00.3-usb-0:2.1.3:1.0-port0
1790753920.3185,A,420,21445,-55,/dev/serial/by-path/pci-0000:05:00.3-usb-0:2.1.1:1.0-port0
1790753920.3196,B,395,21441,-55,/dev/serial/by-path/pci-0000:05:00.3-usb-0:2.1.2:1.0-port0
1790753920.3580,C,412,21478,-50,/dev/serial/by-path/pci-0000:05:00.3-usb-0:2.1.3:1.0-port0
1790753920.3884,B,396,21510,-50,/dev/serial/by-path/pci-0000:05:00.3-usb-0:2.1.2:1.0-port0
1790753920.4046,C,413,21525,-52,/dev/serial/by-path/pci-0000:05:00.3-usb-0:2.1.3:1.0-port0
1790753920.4088,B,397,21530,-48,/dev/serial/by-path/pci-0000:05:00.3-usb-0:2.1.2:1.0-port0
1790753920.4518,C,414,21572,-52,/dev/serial/by-path/pci-0000:05:00.3-usb-0:2.1.3:1.0-port0
1790753920.4551,A,421,21582,-51,/dev/serial/by-path/pci-0000:05:00.3-usb-0:2.1.1:1.0-port0
1790753920.4949,B,398,21617,-52,/dev/serial/by-path/pci-0000:05:00.3-usb-0:2.1.2:1.0-port0
1790753920.5049,A,422,21631,-54,/dev/serial/by-path/pci-0000:05:00.3-usb-0:2.1.1:1.0-port0
1790753920.5083,C,415,21629,-50,/dev/serial/by-path/pci-0000:05:00.3-usb-0:2.1.3:1.0-port0
1790753920.5109,B,399,21633,-49,/dev/serial/by-path/pci-0000:05:00.3-usb-0:2.1.2:1.0-port0
1790753920.5445,A,423,21671,-52,/dev/serial/by-path/pci-0000:05:00.3-usb-0:2.1.1:1.0-port0
1790753920.5448,B,400,21667,-50,/dev/serial/by-path/pci-0000:05:00.3-usb-0:2.1.2:1.0-port0
1790753920.5586,C,416,21679,-52,/dev/serial/by-path/pci-0000:05:00.3-usb-0:2.1.3:1.0-port0
1790753920.5869,C,417,21707,-51,/dev/serial/by-path/pci-0000:05:00.3-usb-0:2.1.3:1.0-port0
1790753920.5954,B,401,21717,-48,/dev/serial/by-path/pci-0000:05:00.3-usb-0:2.1.2:1.0-port0
1790753920.6044,A,424,21731,-51,/dev/serial/by-path/pci-0000:05:00.3-usb-0:2.1.1:1.0-port0
1790753920.6360,C,418,21756,-51,/dev/serial/by-path/pci-0000:05:00.3-usb-0:2.1.3:1.0-port0
1790753920.6361,A,425,21763,-54,/dev/serial/by-path/pci-0000:05:00.3-usb-0:2.1.1:1.0-port0
1790753920.6365,B,402,21758,-55,/dev/serial/by-path/pci-0000:05:00.3-usb-0:2.1.2:1.0-port0
1790753920.6950,C,419,21815,-52,/dev/serial/by-path/pci-0000:05:00.3-usb-0:2.1.3:1.0-port0
1790753920.6953,B,403,21817,-49,/dev/serial/by-path/pci-0000:05:00.3-usb-0:2.1.2:1.0-port0
1790753920.6956,A,426,21822,-51,/dev/serial/by-path/pci-0000:05:00.3-usb-0:2.1.1:1.0-port0
1790753920.7285,B,404,21850,-48,/dev/serial/by-path/pci-0000:05:00.3-usb-0:2.1.2:1.0-port0
1790753920.7287,C,420,21849,-52,/dev/serial/by-path/pci-0000:05:00.3-usb-0:2.1.3:1.0-port0
1790753920.7328,A,427,21860,-51,/dev/serial/by-path/pci-0000:05:00.3-usb-0:2.1.1:1.0-port0
1790753920.7951,B,405,21917,-54,/dev/serial/by-path/pci-0000:05:00.3-usb-0:2.1.2:1.0-port0
1790753920.8043,A,428,21931,-55,/dev/serial/by-path/pci-0000:05:00.3-usb-0:2.1.1:1.0-port0
1790753920.8082,C,421,21929,-50,/dev/serial/by-path/pci-0000:05:00.3-usb-0:2.1.3:1.0-port0
1790753920.8186,B,406,21940,-49,/dev/serial/by-path/pci-0000:05:00.3-usb-0:2.1.2:1.0-port0
1790753920.8378,C,422,21958,-51,/dev/serial/by-path/pci-0000:05:00.3-usb-0:2.1.3:1.0-port0
1790753920.8462,A,429,21972,-51,/dev/serial/by-path/pci-0000:05:00.3-usb-0:2.1.1:1.0-port0
1790753920.8672,B,407,21989,-48,/dev/serial/by-path/pci-0000:05:00.3-usb-0:2.1.2:1.0-port0
1790753920.8742,C,423,21995,-52,/dev/serial/by-path/pci-0000:05:00.3-usb-0:2.1.3:1.0-port0
1790753920.9045,A,430,22031,-51,/dev/serial/by-path/pci-0000:05:00.3-usb-0:2.1.1:1.0-port0
1790753920.9082,C,424,22029,-51,/dev/serial/by-path/pci-0000:05:00.3-usb-0:2.1.3:1.0-port0
1790753920.9411,B,408,22063,-55,/dev/serial/by-path/pci-0000:05:00.3-usb-0:2.1.2:1.0-port0
1790753920.9427,A,431,22069,-55,/dev/serial/by-path/pci-0000:05:00.3-usb-0:2.1.1:1.0-port0
1790753920.9512,B,409,22073,-49,/dev/serial/by-path/pci-0000:05:00.3-usb-0:2.1.2:1.0-port0
1790753920.9528,A,432,22080,-55,/dev/serial/by-path/pci-0000:05:00.3-usb-0:2.1.1:1.0-port0
1790753920.9533,C,425,22073,-50,/dev/serial/by-path/pci-0000:05:00.3-usb-0:2.1.3:1.0-port0
1790753920.9955,B,410,22117,-49,/dev/serial/by-path/pci-0000:05:00.3-usb-0:2.1.2:1.0-port0
1790753921.0044,A,433,22131,-52,/dev/serial/by-path/pci-0000:05:00.3-usb-0:2.1.1:1.0-port0
1790753921.0081,C,426,22129,-52,/dev/serial/by-path/pci-0000:05:00.3-usb-0:2.1.3:1.0-port0
1790753921.0454,B,411,22167,-49,/dev/serial/by-path/pci-0000:05:00.3-usb-0:2.1.2:1.0-port0
1790753921.0476,C,427,22167,-53,/dev/serial/by-path/pci-0000:05:00.3-usb-0:2.1.3:1.0-port0
1790753921.0545,A,434,22181,-51,/dev/serial/by-path/pci-0000:05:00.3-usb-0:2.1.1:1.0-port0
1790753921.0887,A,435,22215,-55,/dev/serial/by-path/pci-0000:05:00.3-usb-0:2.1.1:1.0-port0
1790753921.0952,B,412,22217,-52,/dev/serial/by-path/pci-0000:05:00.3-usb-0:2.1.2:1.0-port0
1790753921.1083,C,428,22229,-49,/dev/serial/by-path/pci-0000:05:00.3-usb-0:2.1.3:1.0-port0
1790753921.1320,B,413,22253,-49,/dev/serial/by-path/pci-0000:05:00.3-usb-0:2.1.2:1.0-port0
1790753921.1321,C,429,22252,-52,/dev/serial/by-path/pci-0000:05:00.3-usb-0:2.1.3:1.0-port0
1790753921.1545,A,436,22282,-51,/dev/serial/by-path/pci-0000:05:00.3-usb-0:2.1.1:1.0-port0
1790753921.1951,B,414,22317,-48,/dev/serial/by-path/pci-0000:05:00.3-usb-0:2.1.2:1.0-port0
1790753921.2047,A,437,22331,-50,/dev/serial/by-path/pci-0000:05:00.3-usb-0:2.1.1:1.0-port0
1790753921.2080,C,430,22329,-51,/dev/serial/by-path/pci-0000:05:00.3-usb-0:2.1.3:1.0-port0
1790753921.2363,B,415,22358,-55,/dev/serial/by-path/pci-0000:05:00.3-usb-0:2.1.2:1.0-port0
1790753921.2525,A,438,22379,-55,/dev/serial/by-path/pci-0000:05:00.3-usb-0:2.1.1:1.0-port0
1790753921.2528,C,431,22373,-50,/dev/serial/by-path/pci-0000:05:00.3-usb-0:2.1.3:1.0-port0
1790753921.2773,A,439,22404,-51,/dev/serial/by-path/pci-0000:05:00.3-usb-0:2.1.1:1.0-port0
1790753921.2935,C,432,22414,-51,/dev/serial/by-path/pci-0000:05:00.3-usb-0:2.1.3:1.0-port0
1790753921.2943,B,416,22415,-49,/dev/serial/by-path/pci-0000:05:00.3-usb-0:2.1.2:1.0-port0
1790753921.3435,C,433,22464,-51,/dev/serial/by-path/pci-0000:05:00.3-usb-0:2.1.3:1.0-port0
1790753921.3451,B,417,22467,-48,/dev/serial/by-path/pci-0000:05:00.3-usb-0:2.1.2:1.0-port0
1790753921.3541,A,440,22481,-51,/dev/serial/by-path/pci-0000:05:00.3-usb-0:2.1.1:1.0-port0
1790753921.3754,B,418,22497,-54,/dev/serial/by-path/pci-0000:05:00.3-usb-0:2.1.2:1.0-port0
1790753921.3775,C,434,22498,-50,/dev/serial/by-path/pci-0000:05:00.3-usb-0:2.1.3:1.0-port0
1790753921.3779,A,441,22505,-54,/dev/serial/by-path/pci-0000:05:00.3-usb-0:2.1.1:1.0-port0
1790753921.4448,B,419,22567,-49,/dev/serial/by-path/pci-0000:05:00.3-usb-0:2.1.2:1.0-port0
1790753921.4548,A,442,22581,-51,/dev/serial/by-path/pci-0000:05:00.3-usb-0:2.1.1:1.0-port0
1790753921.4577,C,435,22579,-51,/dev/serial/by-path/pci-0000:05:00.3-usb-0:2.1.3:1.0-port0
1790753921.4601,C,436,22579,-51,/dev/serial/by-path/pci-0000:05:00.3-usb-0:2.1.3:1.0-port0
1790753921.4656,A,443,22592,-50,/dev/serial/by-path/pci-0000:05:00.3-usb-0:2.1.1:1.0-port0
1790753921.5077,B,420,22629,-54,/dev/serial/by-path/pci-0000:05:00.3-usb-0:2.1.2:1.0-port0
1790753921.5295,A,444,22656,-54,/dev/serial/by-path/pci-0000:05:00.3-usb-0:2.1.1:1.0-port0
1790753921.5536,C,437,22674,-49,/dev/serial/by-path/pci-0000:05:00.3-usb-0:2.1.3:1.0-port0
1790753921.5541,A,445,22681,-54,/dev/serial/by-path/pci-0000:05:00.3-usb-0:2.1.1:1.0-port0
1790753921.5664,B,421,22688,-49,/dev/serial/by-path/pci-0000:05:00.3-usb-0:2.1.2:1.0-port0
1790753921.6006,C,438,22721,-52,/dev/serial/by-path/pci-0000:05:00.3-usb-0:2.1.3:1.0-port0
1790753921.6045,A,446,22731,-52,/dev/serial/by-path/pci-0000:05:00.3-usb-0:2.1.1:1.0-port0
1790753921.6436,B,422,22765,-48,/dev/serial/by-path/pci-0000:05:00.3-usb-0:2.1.2:1.0-port0
1790753921.6501,C,439,22770,-51,/dev/serial/by-path/pci-0000:05:00.3-usb-0:2.1.3:1.0-port0
1790753921.6541,A,447,22781,-51,/dev/serial/by-path/pci-0000:05:00.3-usb-0:2.1.1:1.0-port0
1790753921.6866,B,423,22808,-51,/dev/serial/by-path/pci-0000:05:00.3-usb-0:2.1.2:1.0-port0
1790753921.6957,C,440,22817,-50,/dev/serial/by-path/pci-0000:05:00.3-usb-0:2.1.3:1.0-port0
1790753921.6985,A,448,22825,-54,/dev/serial/by-path/pci-0000:05:00.3-usb-0:2.1.1:1.0-port0
1790753921.7451,B,424,22867,-49,/dev/serial/by-path/pci-0000:05:00.3-usb-0:2.1.2:1.0-port0
1790753921.7513,A,449,22878,-51,/dev/serial/by-path/pci-0000:05:00.3-usb-0:2.1.1:1.0-port0
1790753921.7516,C,441,22872,-51,/dev/serial/by-path/pci-0000:05:00.3-usb-0:2.1.3:1.0-port0
1790753921.7802,C,442,22900,-51,/dev/serial/by-path/pci-0000:05:00.3-usb-0:2.1.3:1.0-port0
1790753921.7803,A,450,22907,-50,/dev/serial/by-path/pci-0000:05:00.3-usb-0:2.1.1:1.0-port0
1790753921.7842,B,425,22906,-48,/dev/serial/by-path/pci-0000:05:00.3-usb-0:2.1.2:1.0-port0
1790753921.8448,B,426,22967,-55,/dev/serial/by-path/pci-0000:05:00.3-usb-0:2.1.2:1.0-port0
1790753921.8540,A,451,22981,-55,/dev/serial/by-path/pci-0000:05:00.3-usb-0:2.1.1:1.0-port0
1790753921.8582,C,443,22979,-49,/dev/serial/by-path/pci-0000:05:00.3-usb-0:2.1.3:1.0-port0
1790753921.8807,B,427,23003,-49,/dev/serial/by-path/pci-0000:05:00.3-usb-0:2.1.2:1.0-port0
1790753921.8963,C,444,23017,-51,/dev/serial/by-path/pci-0000:05:00.3-usb-0:2.1.3:1.0-port0
1790753921.9042,A,452,23031,-52,/dev/serial/by-path/pci-0000:05:00.3-usb-0:2.1.1:1.0-port0
1790753921.9165,C,445,23037,-51,/dev/serial/by-path/pci-0000:05:00.3-usb-0:2.1.3:1.0-port0
1790753921.9167,A,453,23043,-51,/dev/serial/by-path/pci-0000:05:00.3-usb-0:2.1.1:1.0-port0
1790753921.9170,B,428,23038,-48,/dev/serial/by-path/pci-0000:05:00.3-usb-0:2.1.2:1.0-port0
1790753921.9951,B,429,23117,-52,/dev/serial/by-path/pci-0000:05:00.3-usb-0:2.1.2:1.0-port0
1790753922.0044,A,454,23131,-55,/dev/serial/by-path/pci-0000:05:00.3-usb-0:2.1.1:1.0-port0
1790753922.0082,C,446,23129,-49,/dev/serial/by-path/pci-0000:05:00.3-usb-0:2.1.3:1.0-port0
1790753922.0140,B,430,23136,-49,/dev/serial/by-path/pci-0000:05:00.3-usb-0:2.1.2:1.0-port0
1790753922.0150,A,455,23142,-51,/dev/serial/by-path/pci-0000:05:00.3-usb-0:2.1.1:1.0-port0
1790753922.0191,C,447,23140,-51,/dev/serial/by-path/pci-0000:05:00.3-usb-0:2.1.3:1.0-port0
1790753922.0633,B,431,23185,-48,/dev/serial/by-path/pci-0000:05:00.3-usb-0:2.1.2:1.0-port0
1790753922.0821,C,448,23202,-51,/dev/serial/by-path/pci-0000:05:00.3-usb-0:2.1.3:1.0-port0
1790753922.0826,A,456,23209,-51,/dev/serial/by-path/pci-0000:05:00.3-usb-0:2.1.1:1.0-port0
1790753922.1137,B,432,23236,-54,/dev/serial/by-path/pci-0000:05:00.3-usb-0:2.1.2:1.0-port0
1790753922.1266,C,449,23247,-50,/dev/serial/by-path/pci-0000:05:00.3-usb-0:2.1.3:1.0-port0
1790753922.1270,A,457,23253,-54,/dev/serial/by-path/pci-0000:05:00.3-usb-0:2.1.1:1.0-port0
1790753922.1859,B,433,23308,-49,/dev/serial/by-path/pci-0000:05:00.3-usb-0:2.1.2:1.0-port0
1790753922.2012,A,458,23328,-52,/dev/serial/by-path/pci-0000:05:00.3-usb-0:2.1.1:1.0-port0
1790753922.2029,A,459,23329,-53,/dev/serial/by-path/pci-0000:05:00.3-usb-0:2.1.1:1.0-port0
1790753922.2055,B,434,23328,-48,/dev/serial/by-path/pci-0000:05:00.3-usb-0:2.1.2:1.0-port0
1790753922.2078,C,450,23329,-51,/dev/serial/by-path/pci-0000:05:00.3-usb-0:2.1.3:1.0-port0
1790753922.2452,C,451,23365,-52,/dev/serial/by-path/pci-0000:05:00.3-usb-0:2.1.3:1.0-port0
1790753922.2454,B,435,23367,-48,/dev/serial/by-path/pci-0000:05:00.3-usb-0:2.1.2:1.0-port0
1790753922.2545,A,460,23381,-51,/dev/serial/by-path/pci-0000:05:00.3-usb-0:2.1.1:1.0-port0
1790753922.2911,C,452,23412,-50,/dev/serial/by-path/pci-0000:05:00.3-usb-0:2.1.3:1.0-port0
1790753922.2912,A,461,23418,-55,/dev/serial/by-path/pci-0000:05:00.3-usb-0:2.1.1:1.0-port0
1790753922.2954,B,436,23417,-52,/dev/serial/by-path/pci-0000:05:00.3-usb-0:2.1.2:1.0-port0
1790753922.3393,A,462,23466,-51,/dev/serial/by-path/pci-0000:05:00.3-usb-0:2.1.1:1.0-port0
1790753922.3401,C,453,23461,-51,/dev/serial/by-path/pci-0000:05:00.3-usb-0:2.1.3:1.0-port0
1790753922.3403,B,437,23462,-49,/dev/serial/by-path/pci-0000:05:00.3-usb-0:2.1.2:1.0-port0
1790753922.3894,A,463,23516,-50,/dev/serial/by-path/pci-0000:05:00.3-usb-0:2.1.1:1.0-port0
1790753922.3895,B,438,23511,-48,/dev/serial/by-path/pci-0000:05:00.3-usb-0:2.1.2:1.0-port0
1790753922.3904,C,454,23511,-51,/dev/serial/by-path/pci-0000:05:00.3-usb-0:2.1.3:1.0-port0
1790753922.4315,B,439,23553,-54,/dev/serial/by-path/pci-0000:05:00.3-usb-0:2.1.2:1.0-port0
1790753922.4480,A,464,23575,-55,/dev/serial/by-path/pci-0000:05:00.3-usb-0:2.1.1:1.0-port0
1790753922.4484,C,455,23568,-50,/dev/serial/by-path/pci-0000:05:00.3-usb-0:2.1.3:1.0-port0
1790753922.4785,B,440,23600,-49,/dev/serial/by-path/pci-0000:05:00.3-usb-0:2.1.2:1.0-port0
1790753922.4884,C,456,23609,-52,/dev/serial/by-path/pci-0000:05:00.3-usb-0:2.1.3:1.0-port0
1790753922.5042,A,465,23631,-52,/dev/serial/by-path/pci-0000:05:00.3-usb-0:2.1.1:1.0-port0
1790753922.5746,A,466,23701,-55,/dev/serial/by-path/pci-0000:05:00.3-usb-0:2.1.1:1.0-port0
1790753922.5792,C,457,23700,-50,/dev/serial/by-path/pci-0000:05:00.3-usb-0:2.1.3:1.0-port0
1790753922.5798,B,441,23702,-55,/dev/serial/by-path/pci-0000:05:00.3-usb-0:2.1.2:1.0-port0
1790753922.6224,B,442,23744,-49,/dev/serial/by-path/pci-0000:05:00.3-usb-0:2.1.2:1.0-port0
1790753922.6277,C,458,23748,-52,/dev/serial/by-path/pci-0000:05:00.3-usb-0:2.1.3:1.0-port0
1790753922.6285,A,467,23755,-52,/dev/serial/by-path/pci-0000:05:00.3-usb-0:2.1.1:1.0-port0
1790753922.6680,B,443,23790,-47,/dev/serial/by-path/pci-0000:05:00.3-usb-0:2.1.2:1.0-port0
1790753922.6930,A,468,23820,-51,/dev/serial/by-path/pci-0000:05:00.3-usb-0:2.1.1:1.0-port0
1790753922.6933,C,459,23814,-50,/dev/serial/by-path/pci-0000:05:00.3-usb-0:2.1.3:1.0-port0
1790753922.7255,B,444,23847,-54,/dev/serial/by-path/pci-0000:05:00.3-usb-0:2.1.2:1.0-port0
1790753922.7546,A,469,23881,-54,/dev/serial/by-path/pci-0000:05:00.3-usb-0:2.1.1:1.0-port0
1790753922.7584,C,460,23879,-50,/dev/serial/by-path/pci-0000:05:00.3-usb-0:2.1.3:1.0-port0
1790753922.7630,B,445,23886,-49,/dev/serial/by-path/pci-0000:05:00.3-usb-0:2.1.2:1.0-port0
1790753922.7644,A,470,23891,-51,/dev/serial/by-path/pci-0000:05:00.3-usb-0:2.1.1:1.0-port0
1790753922.8043,A,471,23931,-51,/dev/serial/by-path/pci-0000:05:00.3-usb-0:2.1.1:1.0-port0
1790753922.8084,C,461,23929,-52,/dev/serial/by-path/pci-0000:05:00.3-usb-0:2.1.3:1.0-port0
1790753922.8166,B,446,23938,-48,/dev/serial/by-path/pci-0000:05:00.3-usb-0:2.1.2:1.0-port0
1790753922.8523,A,472,23979,-51,/dev/serial/by-path/pci-0000:05:00.3-usb-0:2.1.1:1.0-port0
1790753922.8586,C,462,23979,-51,/dev/serial/by-path/pci-0000:05:00.3-usb-0:2.1.3:1.0-port0
1790753922.8695,B,447,23991,-52,/dev/serial/by-path/pci-0000:05:00.3-usb-0:2.1.2:1.0-port0
1790753922.8952,B,448,24017,-55,/dev/serial/by-path/pci-0000:05:00.3-usb-0:2.1.2:1.0-port0
1790753922.9041,A,473,24031,-55,/dev/serial/by-path/pci-0000:05:00.3-usb-0:2.1.1:1.0-port0
1790753922.9050,C,463,24026,-51,/dev/serial/by-path/pci-0000:05:00.3-usb-0:2.1.3:1.0-port0
1790753922.9453,B,449,24067,-49,/dev/serial/by-path/pci-0000:05:00.3-usb-0:2.1.2:1.0-port0
1790753922.9546,A,474,24081,-83,/dev/serial/by-path/pci-0000:05:00.3-usb-0:2.1.1:1.0-port0
1790753922.9583,C,464,24079,-51,/dev/serial/by-path/pci-0000:05:00.3-usb-0:2.1.3:1.0-port0
1790753922.9868,B,450,24109,-47,/dev/serial/by-path/pci-0000:05:00.3-usb-0:2.1.2:1.0-port0
1790753923.0044,A,475,24131,-50,/dev/serial/by-path/pci-0000:05:00.3-usb-0:2.1.1:1.0-port0
1790753923.0084,C,465,24129,-51,/dev/serial/by-path/pci-0000:05:00.3-usb-0:2.1.3:1.0-port0
1790753923.0412,C,466,24162,-52,/dev/serial/by-path/pci-0000:05:00.3-usb-0:2.1.3:1.0-port0
1790753923.0417,B,451,24163,-55,/dev/serial/by-path/pci-0000:05:00.3-usb-0:2.1.2:1.0-port0
1790753923.0545,A,476,24181,-55,/dev/serial/by-path/pci-0000:05:00.3-usb-0:2.1.1:1.0-port0
1790753923.0818,B,452,24203,-49,/dev/serial/by-path/pci-0000:05:00.3-usb-0:2.1.2:1.0-port0
1790753923.0823,C,467,24202,-51,/dev/serial/by-path/pci-0000:05:00.3-usb-0:2.1.3:1.0-port0
1790753923.0824,A,477,24209,-51,/dev/serial/by-path/pci-0000:05:00.3-usb-0:2.1.1:1.0-port0
1790753923.1232,B,453,24245,-47,/dev/serial/by-path/pci-0000:05:00.3-usb-0:2.1.2:1.0-port0
1790753923.1251,C,468,24246,-51,/dev/serial/by-path/pci-0000:05:00.3-usb-0:2.1.3:1.0-port0
1790753923.1255,A,478,24252,-51,/dev/serial/by-path/pci-0000:05:00.3-usb-0:2.1.1:1.0-port0
1790753923.1773,A,479,24305,-55,/dev/serial/by-path/pci-0000:05:00.3-usb-0:2.1.1:1.0-port0
1790753923.1776,B,454,24300,-55,/dev/serial/by-path/pci-0000:05:00.3-usb-0:2.1.2:1.0-port0
1790753923.1781,C,469,24298,-50,/dev/serial/by-path/pci-0000:05:00.3-usb-0:2.1.3:1.0-port0
1790753923.2264,B,455,24348,-49,/dev/serial/by-path/pci-0000:05:00.3-usb-0:2.1.2:1.0-port0
1790753923.2310,C,470,24352,-52,/dev/serial/by-path/pci-0000:05:00.3-usb-0:2.1.3:1.0-port0
1790753923.2328,A,480,24359,-51,/dev/serial/by-path/pci-0000:05:00.3-usb-0:2.1.1:1.0-port0
1790753923.2645,B,456,24386,-48,/dev/serial/by-path/pci-0000:05:00.3-usb-0:2.1.2:1.0-port0
1790753923.2907,C,471,24411,-50,/dev/serial/by-path/pci-0000:05:00.3-usb-0:2.1.3:1.0-port0
1790753923.2910,A,481,24418,-51,/dev/serial/by-path/pci-0000:05:00.3-usb-0:2.1.1:1.0-port0
1790753923.3081,C,472,24429,-51,/dev/serial/by-path/pci-0000:05:00.3-usb-0:2.1.3:1.0-port0
1790753923.3084,B,457,24430,-54,/dev/serial/by-path/pci-0000:05:00.3-usb-0:2.1.2:1.0-port0
1790753923.3532,B,458,24475,-49,/dev/serial/by-path/pci-0000:05:00.3-usb-0:2.1.2:1.0-port0
1790753923.3534,A,482,24480,-55,/dev/serial/by-path/pci-0000:05:00.3-usb-0:2.1.1:1.0-port0
1790753923.3554,A,483,24481,-55,/dev/serial/by-path/pci-0000:05:00.3-usb-0:2.1.1:1.0-port0
1790753923.3587,C,473,24479,-51,/dev/serial/by-path/pci-0000:05:00.3-usb-0:2.1.3:1.0-port0
1790753923.4043,A,484,24531,-53,/dev/serial/by-path/pci-0000:05:00.3-usb-0:2.1.1:1.0-port0
1790753923.4090,C,474,24529,-52,/dev/serial/by-path/pci-0000:05:00.3-usb-0:2.1.3:1.0-port0
1790753923.4180,B,459,24540,-48,/dev/serial/by-path/pci-0000:05:00.3-usb-0:2.1.2:1.0-port0
1790753923.4422,A,485,24569,-50,/dev/serial/by-path/pci-0000:05:00.3-usb-0:2.1.1:1.0-port0
1790753923.4452,B,460,24567,-48,/dev/serial/by-path/pci-0000:05:00.3-usb-0:2.1.2:1.0-port0
1790753923.4516,C,475,24572,-51,/dev/serial/by-path/pci-0000:05:00.3-usb-0:2.1.3:1.0-port0
1790753923.4866,B,461,24609,-54,/dev/serial/by-path/pci-0000:05:00.3-usb-0:2.1.2:1.0-port0
1790753923.4995,C,476,24620,-51,/dev/serial/by-path/pci-0000:05:00.3-usb-0:2.1.3:1.0-port0
1790753923.4998,A,486,24626,-54,/dev/serial/by-path/pci-0000:05:00.3-usb-0:2.1.1:1.0-port0
1790753923.5322,B,462,24654,-49,/dev/serial/by-path/pci-0000:05:00.3-usb-0:2.1.2:1.0-port0
1790753923.5542,A,487,24681,-51,/dev/serial/by-path/pci-0000:05:00.3-usb-0:2.1.1:1.0-port0
1790753923.5579,C,477,24679,-52,/dev/serial/by-path/pci-0000:05:00.3-usb-0:2.1.3:1.0-port0
1790753923.5737,B,463,24696,-47,/dev/serial/by-path/pci-0000:05:00.3-usb-0:2.1.2:1.0-port0
1790753923.5741,A,488,24701,-50,/dev/serial/by-path/pci-0000:05:00.3-usb-0:2.1.1:1.0-port0
1790753923.5959,C,478,24716,-50,/dev/serial/by-path/pci-0000:05:00.3-usb-0:2.1.3:1.0-port0
1790753923.6243,B,464,24746,-56,/dev/serial/by-path/pci-0000:05:00.3-usb-0:2.1.2:1.0-port0
1790753923.6417,C,479,24762,-51,/dev/serial/by-path/pci-0000:05:00.3-usb-0:2.1.3:1.0-port0
1790753923.6418,A,489,24769,-56,/dev/serial/by-path/pci-0000:05:00.3-usb-0:2.1.1:1.0-port0
1790753923.6650,C,480,24785,-51,/dev/serial/by-path/pci-0000:05:00.3-usb-0:2.1.3:1.0-port0
1790753923.6955,B,465,24817,-49,/dev/serial/by-path/pci-0000:05:00.3-usb-0:2.1.2:1.0-port0
1790753923.6960,A,490,24823,-53,/dev/serial/by-path/pci-0000:05:00.3-usb-0:2.1.1:1.0-port0
1790753923.7069,B,466,24829,-48,/dev/serial/by-path/pci-0000:05:00.3-usb-0:2.1.2:1.0-port0
1790753923.7083,C,481,24829,-51,/dev/serial/by-path/pci-0000:05:00.3-usb-0:2.1.3:1.0-port0
1790753923.7503,C,482,24872,-50,/dev/serial/by-path/pci-0000:05:00.3-usb-0:2.1.3:1.0-port0
1790753923.7543,A,491,24881,-52,/dev/serial/by-path/pci-0000:05:00.3-usb-0:2.1.1:1.0-port0
1790753923.7924,B,467,24915,-54,/dev/serial/by-path/pci-0000:05:00.3-usb-0:2.1.2:1.0-port0
1790753923.7963,B,468,24915,-52,/dev/serial/by-path/pci-0000:05:00.3-usb-0:2.1.2:1.0-port0
1790753923.8023,C,483,24923,-49,/dev/serial/by-path/pci-0000:05:00.3-usb-0:2.1.3:1.0-port0
1790753923.8026,A,492,24930,-55,/dev/serial/by-path/pci-0000:05:00.3-usb-0:2.1.1:1.0-port0
1790753923.8405,B,469,24962,-50,/dev/serial/by-path/pci-0000:05:00.3-usb-0:2.1.2:1.0-port0
1790753923.8495,C,484,24970,-52,/dev/serial/by-path/pci-0000:05:00.3-usb-0:2.1.3:1.0-port0
1790753923.8499,A,493,24977,-53,/dev/serial/by-path/pci-0000:05:00.3-usb-0:2.1.1:1.0-port0
1790753923.8893,C,485,25010,-51,/dev/serial/by-path/pci-0000:05:00.3-usb-0:2.1.3:1.0-port0
1790753923.8897,A,494,25016,-51,/dev/serial/by-path/pci-0000:05:00.3-usb-0:2.1.1:1.0-port0
1790753923.8949,B,470,25017,-52,/dev/serial/by-path/pci-0000:05:00.3-usb-0:2.1.2:1.0-port0
1790753923.9343,B,471,25056,-52,/dev/serial/by-path/pci-0000:05:00.3-usb-0:2.1.2:1.0-port0
1790753923.9346,C,486,25055,-50,/dev/serial/by-path/pci-0000:05:00.3-usb-0:2.1.3:1.0-port0
1790753923.9542,A,495,25081,-55,/dev/serial/by-path/pci-0000:05:00.3-usb-0:2.1.1:1.0-port0
1790753923.9768,C,487,25098,-52,/dev/serial/by-path/pci-0000:05:00.3-usb-0:2.1.3:1.0-port0
1790753923.9772,B,472,25099,-49,/dev/serial/by-path/pci-0000:05:00.3-usb-0:2.1.2:1.0-port0
1790753924.0024,A,496,25129,-105,/dev/serial/by-path/pci-0000:05:00.3-usb-0:2.1.1:1.0-port0
1790753924.0237,A,497,25151,-51,/dev/serial/by-path/pci-0000:05:00.3-usb-0:2.1.1:1.0-port0
1790753924.0238,C,488,25144,-51,/dev/serial/by-path/pci-0000:05:00.3-usb-0:2.1.3:1.0-port0
1790753924.0451,B,473,25167,-47,/dev/serial/by-path/pci-0000:05:00.3-usb-0:2.1.2:1.0-port0
1790753924.0863,B,474,25208,-55,/dev/serial/by-path/pci-0000:05:00.3-usb-0:2.1.2:1.0-port0
1790753924.1044,A,498,25231,-55,/dev/serial/by-path/pci-0000:05:00.3-usb-0:2.1.1:1.0-port0
1790753924.1082,C,489,25229,-49,/dev/serial/by-path/pci-0000:05:00.3-usb-0:2.1.3:1.0-port0
1790753924.1132,C,490,25234,-51,/dev/serial/by-path/pci-0000:05:00.3-usb-0:2.1.3:1.0-port0
1790753924.1193,A,499,25246,-52,/dev/serial/by-path/pci-0000:05:00.3-usb-0:2.1.1:1.0-port0
1790753924.1197,B,475,25241,-47,/dev/serial/by-path/pci-0000:05:00.3-usb-0:2.1.2:1.0-port0
1790753924.1540,A,500,25281,-51,/dev/serial/by-path/pci-0000:05:00.3-usb-0:2.1.1:1.0-port0
1790753924.1543,C,491,25275,-52,/dev/serial/by-path/pci-0000:05:00.3-usb-0:2.1.3:1.0-port0
1790753924.1615,B,476,25283,-48,/dev/serial/by-path/pci-0000:05:00.3-usb-0:2.1.2:1.0-port0
1790753924.1952,A,501,25323,-50,/dev/serial/by-path/pci-0000:05:00.3-usb-0:2.1.1:1.0-port0
1790753924.2082,C,492,25329,-50,/dev/serial/by-path/pci-0000:05:00.3-usb-0:2.1.3:1.0-port0
1790753924.2450,C,493,25366,-50,/dev/serial/by-path/pci-0000:05:00.3-usb-0:2.1.3:1.0-port0
1790753924.2454,B,477,25367,-55,/dev/serial/by-path/pci-0000:05:00.3-usb-0:2.1.2:1.0-port0
1790753924.2466,A,502,25373,-54,/dev/serial/by-path/pci-0000:05:00.3-usb-0:2.1.1:1.0-port0
1790753924.2938,A,503,25420,-52,/dev/serial/by-path/pci-0000:05:00.3-usb-0:2.1.1:1.0-port0
1790753924.2942,B,478,25416,-49,/dev/serial/by-path/pci-0000:05:00.3-usb-0:2.1.2:1.0-port0
1790753924.2991,C,494,25420,-52,/dev/serial/by-path/pci-0000:05:00.3-usb-0:2.1.3:1.0-port0
1790753924.3404,C,495,25461,-50,/dev/serial/by-path/pci-0000:05:00.3-usb-0:2.1.3:1.0-port0
1790753924.3406,A,504,25468,-52,/dev/serial/by-path/pci-0000:05:00.3-usb-0:2.1.1:1.0-port0
1790753924.3407,B,479,25463,-46,/dev/serial/by-path/pci-0000:05:00.3-usb-0:2.1.2:1.0-port0
1790753924.3949,B,480,25517,-51,/dev/serial/by-path/pci-0000:05:00.3-usb-0:2.1.2:1.0-port0
1790753924.4041,A,505,25531,-55,/dev/serial/by-path/pci-0000:05:00.3-usb-0:2.1.1:1.0-port0
1790753924.4045,C,496,25526,-49,/dev/serial/by-path/pci-0000:05:00.3-usb-0:2.1.3:1.0-port0
1790753924.4357,C,497,25557,-51,/dev/serial/by-path/pci-0000:05:00.3-usb-0:2.1.3:1.0-port0
1790753924.4361,A,506,25562,-51,/dev/serial/by-path/pci-0000:05:00.3-usb-0:2.1.1:1.0-port0
1790753924.4362,B,481,25557,-49,/dev/serial/by-path/pci-0000:05:00.3-usb-0:2.1.2:1.0-port0
1790753924.4813,B,482,25603,-48,/dev/serial/by-path/pci-0000:05:00.3-usb-0:2.1.2:1.0-port0
1790753924.5046,A,507,25631,-51,/dev/serial/by-path/pci-0000:05:00.3-usb-0:2.1.1:1.0-port0
1790753924.5082,C,498,25629,-51,/dev/serial/by-path/pci-0000:05:00.3-usb-0:2.1.3:1.0-port0
1790753924.5257,B,483,25647,-52,/dev/serial/by-path/pci-0000:05:00.3-usb-0:2.1.2:1.0-port0
1790753924.5328,C,499,25653,-50,/dev/serial/by-path/pci-0000:05:00.3-usb-0:2.1.3:1.0-port0
1790753924.5329,A,508,25659,-53,/dev/serial/by-path/pci-0000:05:00.3-usb-0:2.1.1:1.0-port0
1790753924.5659,B,484,25688,-49,/dev/serial/by-path/pci-0000:05:00.3-usb-0:2.1.2:1.0-port0
1790753924.5812,C,500,25702,-51,/dev/serial/by-path/pci-0000:05:00.3-usb-0:2.1.3:1.0-port0
1790753924.5815,A,509,25708,-51,/dev/serial/by-path/pci-0000:05:00.3-usb-0:2.1.1:1.0-port0
1790753924.6144,B,485,25736,-48,/dev/serial/by-path/pci-0000:05:00.3-usb-0:2.1.2:1.0-port0
1790753924.6145,A,510,25741,-51,/dev/serial/by-path/pci-0000:05:00.3-usb-0:2.1.1:1.0-port0
1790753924.6379,C,501,25759,-51,/dev/serial/by-path/pci-0000:05:00.3-usb-0:2.1.3:1.0-port0
1790753924.6950,B,486,25817,-54,/dev/serial/by-path/pci-0000:05:00.3-usb-0:2.1.2:1.0-port0
1790753924.7043,B,487,25826,-49,/dev/serial/by-path/pci-0000:05:00.3-usb-0:2.1.2:1.0-port0
1790753924.7047,A,511,25831,-55,/dev/serial/by-path/pci-0000:05:00.3-usb-0:2.1.1:1.0-port0
1790753924.7078,C,502,25829,-50,/dev/serial/by-path/pci-0000:05:00.3-usb-0:2.1.3:1.0-port0
1790753924.7445,A,512,25871,-53,/dev/serial/by-path/pci-0000:05:00.3-usb-0:2.1.1:1.0-port0
1790753924.7452,B,488,25867,-49,/dev/serial/by-path/pci-0000:05:00.3-usb-0:2.1.2:1.0-port0
1790753924.7460,C,503,25867,-51,/dev/serial/by-path/pci-0000:05:00.3-usb-0:2.1.3:1.0-port0
1790753924.7881,C,504,25909,-50,/dev/serial/by-path/pci-0000:05:00.3-usb-0:2.1.3:1.0-port0
1790753924.7885,B,489,25911,-48,/dev/serial/by-path/pci-0000:05:00.3-usb-0:2.1.2:1.0-port0
1790753924.7887,A,513,25916,-51,/dev/serial/by-path/pci-0000:05:00.3-usb-0:2.1.1:1.0-port0
1790753924.8326,C,505,25953,-49,/dev/serial/by-path/pci-0000:05:00.3-usb-0:2.1.3:1.0-port0
1790753924.8331,A,514,25960,-55,/dev/serial/by-path/pci-0000:05:00.3-usb-0:2.1.1:1.0-port0
1790753924.8448,B,490,25967,-81,/dev/serial/by-path/pci-0000:05:00.3-usb-0:2.1.2:1.0-port0
1790753924.8762,C,506,25997,-52,/dev/serial/by-path/pci-0000:05:00.3-usb-0:2.1.3:1.0-port0
1790753924.8767,A,515,26004,-51,/dev/serial/by-path/pci-0000:05:00.3-usb-0:2.1.1:1.0-port0
1790753924.8871,B,491,26009,-47,/dev/serial/by-path/pci-0000:05:00.3-usb-0:2.1.2:1.0-port0
1790753924.9255,A,516,26052,-50,/dev/serial/by-path/pci-0000:05:00.3-usb-0:2.1.1:1.0-port0
1790753924.9256,B,492,26047,-48,/dev/serial/by-path/pci-0000:05:00.3-usb-0:2.1.2:1.0-port0
1790753924.9579,C,507,26079,-51,/dev/serial/by-path/pci-0000:05:00.3-usb-0:2.1.3:1.0-port0
1790753924.9670,A,517,26094,-54,/dev/serial/by-path/pci-0000:05:00.3-usb-0:2.1.1:1.0-port0
1790753924.9672,B,493,26089,-54,/dev/serial/by-path/pci-0000:05:00.3-usb-0:2.1.2:1.0-port0
1790753924.9676,C,508,26088,-49,/dev/serial/by-path/pci-0000:05:00.3-usb-0:2.1.3:1.0-port0
1790753925.0076,C,509,26128,-49,/dev/serial/by-path/pci-0000:05:00.3-usb-0:2.1.3:1.0-port0
1790753925.0158,B,494,26138,-49,/dev/serial/by-path/pci-0000:05:00.3-usb-0:2.1.2:1.0-port0
1790753925.0560,C,510,26177,-52,/dev/serial/by-path/pci-0000:05:00.3-usb-0:2.1.3:1.0-port0
1790753925.0955,B,495,26217,-48,/dev/serial/by-path/pci-0000:05:00.3-usb-0:2.1.2:1.0-port0
1790753925.1063,B,496,26228,-54,/dev/serial/by-path/pci-0000:05:00.3-usb-0:2.1.2:1.0-port0
1790753925.1087,C,511,26229,-51,/dev/serial/by-path/pci-0000:05:00.3-usb-0:2.1.3:1.0-port0
1790753925.1542,A,518,26281,-55,/dev/serial/by-path/pci-0000:05:00.3-usb-0:2.1.1:1.0-port0
1790753925.1586,C,512,26279,-51,/dev/serial/by-path/pci-0000:05:00.3-usb-0:2.1.3:1.0-port0
1790753925.1867,C,513,26307,-51,/dev/serial/by-path/pci-0000:05:00.3-usb-0:2.1.3:1.0-port0
1790753925.1871,B,497,26309,-50,/dev/serial/by-path/pci-0000:05:00.3-usb-0:2.1.2:1.0-port0
1790753925.1872,A,519,26314,-52,/dev/serial/by-path/pci-0000:05:00.3-usb-0:2.1.1:1.0-port0
1790753925.2325,B,498,26354,-48,/dev/serial/by-path/pci-0000:05:00.3-usb-0:2.1.2:1.0-port0
1790753925.2372,C,514,26358,-50,/dev/serial/by-path/pci-0000:05:00.3-usb-0:2.1.3:1.0-port0
1790753925.2389,A,520,26366,-51,/dev/serial/by-path/pci-0000:05:00.3-usb-0:2.1.1:1.0-port0
1790753925.2754,A,521,26402,-54,/dev/serial/by-path/pci-0000:05:00.3-usb-0:2.1.1:1.0-port0
1790753925.2758,B,499,26397,-51,/dev/serial/by-path/pci-0000:05:00.3-usb-0:2.1.2:1.0-port0
1790753925.2801,C,515,26401,-50,/dev/serial/by-path/pci-0000:05:00.3-usb-0:2.1.3:1.0-port0
1790753925.3157,A,522,26442,-52,/dev/serial/by-path/pci-0000:05:00.3-usb-0:2.1.1:1.0-port0
1790753925.3414,B,500,26463,-49,/dev/serial/by-path/pci-0000:05:00.3-usb-0:2.1.2:1.0-port0
1790753925.3417,C,516,26462,-51,/dev/serial/by-path/pci-0000:05:00.3-usb-0:2.1.3:1.0-port0
1790753925.3632,B,501,26485,-47,/dev/serial/by-path/pci-0000:05:00.3-usb-0:2.1.2:1.0-port0
1790753925.3757,A,523,26502,-51,/dev/serial/by-path/pci-0000:05:00.3-usb-0:2.1.1:1.0-port0
1790753925.3758,C,517,26496,-50,/dev/serial/by-path/pci-0000:05:00.3-usb-0:2.1.3:1.0-port0
1790753925.4450,B,502,26567,-51,/dev/serial/by-path/pci-0000:05:00.3-usb-0:2.1.2:1.0-port0
1790753925.4540,A,524,26581,-55,/dev/serial/by-path/pci-0000:05:00.3-usb-0:2.1.1:1.0-port0
1790753925.4542,C,518,26576,-51,/dev/serial/by-path/pci-0000:05:00.3-usb-0:2.1.3:1.0-port0
1790753925.4543,B,503,26577,-49,/dev/serial/by-path/pci-0000:05:00.3-usb-0:2.1.2:1.0-port0
1790753925.4566,C,519,26576,-49,/dev/serial/by-path/pci-0000:05:00.3-usb-0:2.1.3:1.0-port0
1790753925.5044,A,525,26631,-51,/dev/serial/by-path/pci-0000:05:00.3-usb-0:2.1.1:1.0-port0
1790753925.5082,C,520,26629,-52,/dev/serial/by-path/pci-0000:05:00.3-usb-0:2.1.3:1.0-port0
1790753925.5252,B,504,26647,-47,/dev/serial/by-path/pci-0000:05:00.3-usb-0:2.1.2:1.0-port0
1790753925.5516,A,526,26678,-50,/dev/serial/by-path/pci-0000:05:00.3-usb-0:2.1.1:1.0-port0
1790753925.5523,C,521,26673,-51,/dev/serial/by-path/pci-0000:05:00.3-usb-0:2.1.3:1.0-port0
1790753925.5963,A,527,26723,-54,/dev/serial/by-path/pci-0000:05:00.3-usb-0:2.1.1:1.0-port0
1790753925.5965,C,522,26717,-50,/dev/serial/by-path/pci-0000:05:00.3-usb-0:2.1.3:1.0-port0
1790753925.6381,C,523,26759,-51,/dev/serial/by-path/pci-0000:05:00.3-usb-0:2.1.3:1.0-port0
1790753925.6382,A,528,26765,-51,/dev/serial/by-path/pci-0000:05:00.3-usb-0:2.1.1:1.0-port0
1790753925.6453,B,505,26767,-49,/dev/serial/by-path/pci-0000:05:00.3-usb-0:2.1.2:1.0-port0
1790753925.6871,C,524,26808,-51,/dev/serial/by-path/pci-0000:05:00.3-usb-0:2.1.3:1.0-port0
1790753925.6907,B,506,26813,-47,/dev/serial/by-path/pci-0000:05:00.3-usb-0:2.1.2:1.0-port0
1790753925.6913,A,529,26818,-52,/dev/serial/by-path/pci-0000:05:00.3-usb-0:2.1.1:1.0-port0
1790753925.7449,B,507,26867,-53,/dev/serial/by-path/pci-0000:05:00.3-usb-0:2.1.2:1.0-port0
1790753925.7540,A,530,26881,-54,/dev/serial/by-path/pci-0000:05:00.3-usb-0:2.1.1:1.0-port0
1790753925.7581,C,525,26879,-51,/dev/serial/by-path/pci-0000:05:00.3-usb-0:2.1.3:1.0-port0
1790753925.7748,C,526,26896,-51,/dev/serial/by-path/pci-0000:05:00.3-usb-0:2.1.3:1.0-port0
1790753925.7941,B,508,26916,-49,/dev/serial/by-path/pci-0000:05:00.3-usb-0:2.1.2:1.0-port0
1790753925.8009,A,531,26928,-51,/dev/serial/by-path/pci-0000:05:00.3-usb-0:2.1.1:1.0-port0
1790753925.8228,C,527,26944,-51,/dev/serial/by-path/pci-0000:05:00.3-usb-0:2.1.3:1.0-port0
1790753925.8328,A,532,26960,-50,/dev/serial/by-path/pci-0000:05:00.3-usb-0:2.1.1:1.0-port0
1790753925.8333,B,509,26955,-48,/dev/serial/by-path/pci-0000:05:00.3-usb-0:2.1.2:1.0-port0
1790753925.8653,B,510,26988,-54,/dev/serial/by-path/pci-0000:05:00.3-usb-0:2.1.2:1.0-port0
1790753925.9040,A,533,27031,-55,/dev/serial/by-path/pci-0000:05:00.3-usb-0:2.1.1:1.0-port0
1790753925.9081,C,528,27029,-51,/dev/serial/by-path/pci-0000:05:00.3-usb-0:2.1.3:1.0-port0
1790753925.9125,B,511,27034,-50,/dev/serial/by-path/pci-0000:05:00.3-usb-0:2.1.2:1.0-port0
1790753925.9128,A,534,27039,-51,/dev/serial/by-path/pci-0000:05:00.3-usb-0:2.1.1:1.0-port0
1790753925.9235,C,529,27044,-51,/dev/serial/by-path/pci-0000:05:00.3-usb-0:2.1.3:1.0-port0
1790753925.9533,A,535,27080,-51,/dev/serial/by-path/pci-0000:05:00.3-usb-0:2.1.1:1.0-port0
1790753925.9582,C,530,27079,-51,/dev/serial/by-path/pci-0000:05:00.3-usb-0:2.1.3:1.0-port0
1790753925.9752,B,512,27097,-48,/dev/serial/by-path/pci-0000:05:00.3-usb-0:2.1.2:1.0-port0
1790753925.9965,A,536,27123,-50,/dev/serial/by-path/pci-0000:05:00.3-usb-0:2.1.1:1.0-port0
1790753926.0085,C,531,27129,-51,/dev/serial/by-path/pci-0000:05:00.3-usb-0:2.1.3:1.0-port0
1790753926.0465,A,537,27173,-54,/dev/serial/by-path/pci-0000:05:00.3-usb-0:2.1.1:1.0-port0
1790753926.0469,C,532,27167,-49,/dev/serial/by-path/pci-0000:05:00.3-usb-0:2.1.3:1.0-port0
1790753926.0855,C,533,27206,-51,/dev/serial/by-path/pci-0000:05:00.3-usb-0:2.1.3:1.0-port0
1790753926.0857,A,538,27212,-51,/dev/serial/by-path/pci-0000:05:00.3-usb-0:2.1.1:1.0-port0
1790753926.0947,B,513,27217,-49,/dev/serial/by-path/pci-0000:05:00.3-usb-0:2.1.2:1.0-port0
1790753926.1361,B,514,27258,-48,/dev/serial/by-path/pci-0000:05:00.3-usb-0:2.1.2:1.0-port0
1790753926.1365,C,534,27257,-50,/dev/serial/by-path/pci-0000:05:00.3-usb-0:2.1.3:1.0-port0
1790753926.1506,A,539,27277,-50,/dev/serial/by-path/pci-0000:05:00.3-usb-0:2.1.1:1.0-port0
1790753926.1853,C,535,27306,-50,/dev/serial/by-path/pci-0000:05:00.3-usb-0:2.1.3:1.0-port0
1790753926.1858,B,515,27308,-54,/dev/serial/by-path/pci-0000:05:00.3-usb-0:2.1.2:1.0-port0
1790753926.1935,A,540,27320,-55,/dev/serial/by-path/pci-0000:05:00.3-usb-0:2.1.1:1.0-port0
1790753926.2243,C,536,27345,-51,/dev/serial/by-path/pci-0000:05:00.3-usb-0:2.1.3:1.0-port0
1790753926.2245,B,516,27346,-49,/dev/serial/by-path/pci-0000:05:00.3-usb-0:2.1.2:1.0-port0
1790753926.2249,A,541,27351,-51,/dev/serial/by-path/pci-0000:05:00.3-usb-0:2.1.1:1.0-port0
1790753926.2720,A,542,27399,-52,/dev/serial/by-path/pci-0000:05:00.3-usb-0:2.1.1:1.0-port0
1790753926.2725,B,517,27394,-48,/dev/serial/by-path/pci-0000:05:00.3-usb-0:2.1.2:1.0-port0
1790753926.2763,C,537,27397,-51,/dev/serial/by-path/pci-0000:05:00.3-usb-0:2.1.3:1.0-port0
1790753926.3280,B,518,27450,-52,/dev/serial/by-path/pci-0000:05:00.3-usb-0:2.1.2:1.0-port0
1790753926.3281,C,538,27449,-50,/dev/serial/by-path/pci-0000:05:00.3-usb-0:2.1.3:1.0-port0
1790753926.3284,A,543,27455,-55,/dev/serial/by-path/pci-0000:05:00.3-usb-0:2.1.1:1.0-port0
1790753926.3543,A,544,27481,-55,/dev/serial/by-path/pci-0000:05:00.3-usb-0:2.1.1:1.0-port0
1790753926.3581,C,539,27479,-51,/dev/serial/by-path/pci-0000:05:00.3-usb-0:2.1.3:1.0-port0
1790753926.3585,B,519,27481,-49,/dev/serial/by-path/pci-0000:05:00.3-usb-0:2.1.2:1.0-port0
1790753926.3945,C,540,27515,-51,/dev/serial/by-path/pci-0000:05:00.3-usb-0:2.1.3:1.0-port0
1790753926.3949,B,520,27516,-49,/dev/serial/by-path/pci-0000:05:00.3-usb-0:2.1.2:1.0-port0
1790753926.4045,A,545,27531,-52,/dev/serial/by-path/pci-0000:05:00.3-usb-0:2.1.1:1.0-port0
1790753926.4376,B,521,27559,-47,/dev/serial/by-path/pci-0000:05:00.3-usb-0:2.1.2:1.0-port0
1790753926.4381,C,541,27559,-51,/dev/serial/by-path/pci-0000:05:00.3-usb-0:2.1.3:1.0-port0
1790753926.4382,A,546,27564,-51,/dev/serial/by-path/pci-0000:05:00.3-usb-0:2.1.1:1.0-port0
1790753926.4855,C,542,27606,-50,/dev/serial/by-path/pci-0000:05:00.3-usb-0:2.1.3:1.0-port0
1790753926.4948,B,522,27617,-54,/dev/serial/by-path/pci-0000:05:00.3-usb-0:2.1.2:1.0-port0
1790753926.5043,A,547,27631,-54,/dev/serial/by-path/pci-0000:05:00.3-usb-0:2.1.1:1.0-port0
1790753926.5415,C,543,27662,-51,/dev/serial/by-path/pci-0000:05:00.3-usb-0:2.1.3:1.0-port0
1790753926.5419,A,548,27668,-51,/dev/serial/by-path/pci-0000:05:00.3-usb-0:2.1.1:1.0-port0
1790753926.5421,B,523,27664,-49,/dev/serial/by-path/pci-0000:05:00.3-usb-0:2.1.2:1.0-port0
1790753926.5672,B,524,27689,-48,/dev/serial/by-path/pci-0000:05:00.3-usb-0:2.1.2:1.0-port0
1790753926.5762,C,544,27697,-51,/dev/serial/by-path/pci-0000:05:00.3-usb-0:2.1.3:1.0-port0
1790753926.5765,A,549,27703,-51,/dev/serial/by-path/pci-0000:05:00.3-usb-0:2.1.1:1.0-port0
1790753926.6164,B,525,27738,-54,/dev/serial/by-path/pci-0000:05:00.3-usb-0:2.1.2:1.0-port0
1790753926.6173,C,545,27738,-50,/dev/serial/by-path/pci-0000:05:00.3-usb-0:2.1.3:1.0-port0
1790753926.6180,A,550,27744,-55,/dev/serial/by-path/pci-0000:05:00.3-usb-0:2.1.1:1.0-port0
1790753926.6785,B,526,27801,-49,/dev/serial/by-path/pci-0000:05:00.3-usb-0:2.1.2:1.0-port0
1790753926.7045,A,551,27831,-51,/dev/serial/by-path/pci-0000:05:00.3-usb-0:2.1.1:1.0-port0
1790753926.7082,C,546,27829,-51,/dev/serial/by-path/pci-0000:05:00.3-usb-0:2.1.3:1.0-port0
1790753926.7950,B,527,27917,-51,/dev/serial/by-path/pci-0000:05:00.3-usb-0:2.1.2:1.0-port0
1790753926.8017,A,552,27929,-55,/dev/serial/by-path/pci-0000:05:00.3-usb-0:2.1.1:1.0-port0
1790753926.8018,C,547,27923,-51,/dev/serial/by-path/pci-0000:05:00.3-usb-0:2.1.3:1.0-port0
1790753926.8036,A,553,27929,-54,/dev/serial/by-path/pci-0000:05:00.3-usb-0:2.1.1:1.0-port0
1790753926.8040,C,548,27923,-49,/dev/serial/by-path/pci-0000:05:00.3-usb-0:2.1.3:1.0-port0
1790753926.8142,B,528,27936,-49,/dev/serial/by-path/pci-0000:05:00.3-usb-0:2.1.2:1.0-port0
1790753926.8434,C,549,27965,-51,/dev/serial/by-path/pci-0000:05:00.3-usb-0:2.1.3:1.0-port0
1790753926.8453,B,529,27967,-49,/dev/serial/by-path/pci-0000:05:00.3-usb-0:2.1.2:1.0-port0
1790753926.8457,A,554,27972,-52,/dev/serial/by-path/pci-0000:05:00.3-usb-0:2.1.1:1.0-port0
1790753926.8862,B,530,28009,-47,/dev/serial/by-path/pci-0000:05:00.3-usb-0:2.1.2:1.0-port0
1790753926.8889,C,550,28010,-51,/dev/serial/by-path/pci-0000:05:00.3-usb-0:2.1.3:1.0-port0
1790753926.8894,A,555,28016,-52,/dev/serial/by-path/pci-0000:05:00.3-usb-0:2.1.1:1.0-port0
1790753926.9448,B,531,28067,-51,/dev/serial/by-path/pci-0000:05:00.3-usb-0:2.1.2:1.0-port0
1790753926.9538,A,556,28080,-55,/dev/serial/by-path/pci-0000:05:00.3-usb-0:2.1.1:1.0-port0
1790753926.9539,C,551,28074,-50,/dev/serial/by-path/pci-0000:05:00.3-usb-0:2.1.3:1.0-port0
1790753926.9775,B,532,28099,-49,/dev/serial/by-path/pci-0000:05:00.3-usb-0:2.1.2:1.0-port0
1790753927.0046,A,557,28131,-52,/dev/serial/by-path/pci-0000:05:00.3-usb-0:2.1.1:1.0-port0
1790753927.0082,C,552,28129,-51,/dev/serial/by-path/pci-0000:05:00.3-usb-0:2.1.3:1.0-port0
1790753927.0192,C,553,28140,-50,/dev/serial/by-path/pci-0000:05:00.3-usb-0:2.1.3:1.0-port0
1790753927.0194,A,558,28146,-50,/dev/serial/by-path/pci-0000:05:00.3-usb-0:2.1.1:1.0-port0
1790753927.0198,B,533,28142,-48,/dev/serial/by-path/pci-0000:05:00.3-usb-0:2.1.2:1.0-port0
1790753927.0618,B,534,28184,-54,/dev/serial/by-path/pci-0000:05:00.3-usb-0:2.1.2:1.0-port0
1790753927.0880,C,554,28209,-51,/dev/serial/by-path/pci-0000:05:00.3-usb-0:2.1.3:1.0-port0
1790753927.1029,A,559,28230,-54,/dev/serial/by-path/pci-0000:05:00.3-usb-0:2.1.1:1.0-port0
1790753927.1046,B,535,28226,-50,/dev/serial/by-path/pci-0000:05:00.3-usb-0:2.1.2:1.0-port0
1790753927.1049,A,560,28231,-54,/dev/serial/by-path/pci-0000:05:00.3-usb-0:2.1.1:1.0-port0
1790753927.1087,C,555,28229,-51,/dev/serial/by-path/pci-0000:05:00.3-usb-0:2.1.3:1.0-port0
1790753927.1452,B,536,28267,-49,/dev/serial/by-path/pci-0000:05:00.3-usb-0:2.1.2:1.0-port0
1790753927.1455,A,561,28272,-51,/dev/serial/by-path/pci-0000:05:00.3-usb-0:2.1.1:1.0-port0
1790753927.1457,C,556,28266,-52,/dev/serial/by-path/pci-0000:05:00.3-usb-0:2.1.3:1.0-port0
1790753927.1896,B,537,28311,-48,/dev/serial/by-path/pci-0000:05:00.3-usb-0:2.1.2:1.0-port0
1790753927.2044,A,562,28331,-50,/dev/serial/by-path/pci-0000:05:00.3-usb-0:2.1.1:1.0-port0
1790753927.2079,C,557,28329,-51,/dev/serial/by-path/pci-0000:05:00.3-usb-0:2.1.3:1.0-port0
1790753927.2374,B,538,28359,-54,/dev/serial/by-path/pci-0000:05:00.3-usb-0:2.1.2:1.0-port0
1790753927.2542,A,563,28381,-55,/dev/serial/by-path/pci-0000:05:00.3-usb-0:2.1.1:1.0-port0
1790753927.2585,C,558,28379,-50,/dev/serial/by-path/pci-0000:05:00.3-usb-0:2.1.3:1.0-port0
1790753927.2752,A,564,28402,-51,/dev/serial/by-path/pci-0000:05:00.3-usb-0:2.1.1:1.0-port0
1790753927.2754,C,559,28396,-51,/dev/serial/by-path/pci-0000:05:00.3-usb-0:2.1.3:1.0-port0
1790753927.2758,B,539,28397,-49,/dev/serial/by-path/pci-0000:05:00.3-usb-0:2.1.2:1.0-port0
1790753927.3164,C,560,28437,-50,/dev/serial/by-path/pci-0000:05:00.3-usb-0:2.1.3:1.0-port0
1790753927.3214,B,540,28443,-48,/dev/serial/by-path/pci-0000:05:00.3-usb-0:2.1.2:1.0-port0
1790753927.3220,A,565,28449,-50,/dev/serial/by-path/pci-0000:05:00.3-usb-0:2.1.1:1.0-port0
1790753927.3661,C,561,28487,-51,/dev/serial/by-path/pci-0000:05:00.3-usb-0:2.1.3:1.0-port0
1790753927.3665,B,541,28488,-54,/dev/serial/by-path/pci-0000:05:00.3-usb-0:2.1.2:1.0-port0
1790753927.3666,A,566,28493,-54,/dev/serial/by-path/pci-0000:05:00.3-usb-0:2.1.1:1.0-port0
1790753927.4230,B,542,28545,-50,/dev/serial/by-path/pci-0000:05:00.3-usb-0:2.1.2:1.0-port0
1790753927.4256,C,562,28547,-51,/dev/serial/by-path/pci-0000:05:00.3-usb-0:2.1.3:1.0-port0
1790753927.4260,A,567,28553,-51,/dev/serial/by-path/pci-0000:05:00.3-usb-0:2.1.1:1.0-port0
1790753927.4581,C,563,28579,-51,/dev/serial/by-path/pci-0000:05:00.3-usb-0:2.1.3:1.0-port0
1790753927.4684,A,568,28595,-50,/dev/serial/by-path/pci-0000:05:00.3-usb-0:2.1.1:1.0-port0
1790753927.4686,B,543,28590,-48,/dev/serial/by-path/pci-0000:05:00.3-usb-0:2.1.2:1.0-port0
1790753927.5043,C,564,28625,-51,/dev/serial/by-path/pci-0000:05:00.3-usb-0:2.1.3:1.0-port0
1790753927.5046,A,569,28631,-51,/dev/serial/by-path/pci-0000:05:00.3-usb-0:2.1.1:1.0-port0
1790753927.5455,B,544,28667,-55,/dev/serial/by-path/pci-0000:05:00.3-usb-0:2.1.2:1.0-port0
1790753927.5548,A,570,28682,-55,/dev/serial/by-path/pci-0000:05:00.3-usb-0:2.1.1:1.0-port0
1790753927.5552,B,545,28676,-49,/dev/serial/by-path/pci-0000:05:00.3-usb-0:2.1.2:1.0-port0
1790753927.5581,C,565,28679,-51,/dev/serial/by-path/pci-0000:05:00.3-usb-0:2.1.3:1.0-port0
1790753927.6001,A,571,28727,-51,/dev/serial/by-path/pci-0000:05:00.3-usb-0:2.1.1:1.0-port0
1790753927.6005,C,566,28721,-52,/dev/serial/by-path/pci-0000:05:00.3-usb-0:2.1.3:1.0-port0
1790753927.6402,B,546,28762,-48,/dev/serial/by-path/pci-0000:05:00.3-usb-0:2.1.2:1.0-port0
1790753927.6506,A,572,28778,-51,/dev/serial/by-path/pci-0000:05:00.3-usb-0:2.1.1:1.0-port0
1790753927.6591,B,547,28781,-54,/dev/serial/by-path/pci-0000:05:00.3-usb-0:2.1.2:1.0-port0
1790753927.7042,A,573,28831,-55,/dev/serial/by-path/pci-0000:05:00.3-usb-0:2.1.1:1.0-port0
1790753927.7081,C,567,28829,-50,/dev/serial/by-path/pci-0000:05:00.3-usb-0:2.1.3:1.0-port0
1790753927.7227,B,548,28845,-50,/dev/serial/by-path/pci-0000:05:00.3-usb-0:2.1.2:1.0-port0
1790753927.7477,A,574,28874,-52,/dev/serial/by-path/pci-0000:05:00.3-usb-0:2.1.1:1.0-port0
1790753927.7585,C,568,28879,-51,/dev/serial/by-path/pci-0000:05:00.3-usb-0:2.1.3:1.0-port0
1790753927.7952,B,549,28917,-48,/dev/serial/by-path/pci-0000:05:00.3-usb-0:2.1.2:1.0-port0
1790753927.8043,A,575,28931,-51,/dev/serial/by-path/pci-0000:05:00.3-usb-0:2.1.1:1.0-port0
1790753927.8086,C,569,28929,-51,/dev/serial/by-path/pci-0000:05:00.3-usb-0:2.1.3:1.0-port0
1790753927.8381,B,550,28960,-55,/dev/serial/by-path/pci-0000:05:00.3-usb-0:2.1.2:1.0-port0
1790753927.8382,C,570,28959,-50,/dev/serial/by-path/pci-0000:05:00.3-usb-0:2.1.3:1.0-port0
1790753927.8743,C,571,28996,-51,/dev/serial/by-path/pci-0000:05:00.3-usb-0:2.1.3:1.0-port0
1790753927.8753,B,551,28997,-50,/dev/serial/by-path/pci-0000:05:00.3-usb-0:2.1.2:1.0-port0
1790753927.8875,A,576,29015,-51,/dev/serial/by-path/pci-0000:05:00.3-usb-0:2.1.1:1.0-port0
1790753927.9196,C,572,29040,-51,/dev/serial/by-path/pci-0000:05:00.3-usb-0:2.1.3:1.0-port0
1790753927.9387,A,577,29064,-51,/dev/serial/by-path/pci-0000:05:00.3-usb-0:2.1.1:1.0-port0
1790753927.9449,B,552,29067,-47,/dev/serial/by-path/pci-0000:05:00.3-usb-0:2.1.2:1.0-port0
1790753927.9635,B,553,29086,-54,/dev/serial/by-path/pci-0000:05:00.3-usb-0:2.1.2:1.0-port0
1790753927.9638,A,578,29091,-55,/dev/serial/by-path/pci-0000:05:00.3-usb-0:2.1.1:1.0-port0
1790753927.9919,C,573,29113,-51,/dev/serial/by-path/pci-0000:05:00.3-usb-0:2.1.3:1.0-port0
1790753928.0448,B,554,29167,-49,/dev/serial/by-path/pci-0000:05:00.3-usb-0:2.1.2:1.0-port0
1790753928.0539,A,579,29181,-51,/dev/serial/by-path/pci-0000:05:00.3-usb-0:2.1.1:1.0-port0
1790753928.0576,C,574,29179,-51,/dev/serial/by-path/pci-0000:05:00.3-usb-0:2.1.3:1.0-port0
1790753928.0596,B,555,29182,-48,/dev/serial/by-path/pci-0000:05:00.3-usb-0:2.1.2:1.0-port0
1790753928.0927,A,580,29220,-51,/dev/serial/by-path/pci-0000:05:00.3-usb-0:2.1.1:1.0-port0
1790753928.1083,C,575,29229,-50,/dev/serial/by-path/pci-0000:05:00.3-usb-0:2.1.3:1.0-port0
1790753928.1155,B,556,29237,-55,/dev/serial/by-path/pci-0000:05:00.3-usb-0:2.1.2:1.0-port0
1790753928.1159,A,581,29242,-55,/dev/serial/by-path/pci-0000:05:00.3-usb-0:2.1.1:1.0-port0
1790753928.1551,A,582,29282,-55,/dev/serial/by-path/pci-0000:05:00.3-usb-0:2.1.1:1.0-port0
1790753928.1555,B,557,29278,-49,/dev/serial/by-path/pci-0000:05:00.3-usb-0:2.1.2:1.0-port0
1790753928.1585,C,576,29279,-51,/dev/serial/by-path/pci-0000:05:00.3-usb-0:2.1.3:1.0-port0
1790753928.2021,C,577,29323,-52,/dev/serial/by-path/pci-0000:05:00.3-usb-0:2.1.3:1.0-port0
1790753928.2024,A,583,29329,-51,/dev/serial/by-path/pci-0000:05:00.3-usb-0:2.1.1:1.0-port0
1790753928.2032,B,558,29325,-48,/dev/serial/by-path/pci-0000:05:00.3-usb-0:2.1.2:1.0-port0
1790753928.2550,A,584,29381,-51,/dev/serial/by-path/pci-0000:05:00.3-usb-0:2.1.1:1.0-port0
1790753928.2580,C,578,29379,-51,/dev/serial/by-path/pci-0000:05:00.3-usb-0:2.1.3:1.0-port0
1790753928.2692,B,559,29391,-55,/dev/serial/by-path/pci-0000:05:00.3-usb-0:2.1.2:1.0-port0
1790753928.2935,B,560,29416,-54,/dev/serial/by-path/pci-0000:05:00.3-usb-0:2.1.2:1.0-port0
1790753928.3035,A,585,29431,-55,/dev/serial/by-path/pci-0000:05:00.3-usb-0:2.1.1:1.0-port0
1790753928.3078,C,579,29428,-51,/dev/serial/by-path/pci-0000:05:00.3-usb-0:2.1.3:1.0-port0
1790753928.3455,B,561,29467,-50,/dev/serial/by-path/pci-0000:05:00.3-usb-0:2.1.2:1.0-port0
1790753928.3543,A,586,29481,-52,/dev/serial/by-path/pci-0000:05:00.3-usb-0:2.1.1:1.0-port0
1790753928.3583,C,580,29479,-51,/dev/serial/by-path/pci-0000:05:00.3-usb-0:2.1.3:1.0-port0
1790753928.3752,A,587,29502,-51,/dev/serial/by-path/pci-0000:05:00.3-usb-0:2.1.1:1.0-port0
1790753928.3756,B,562,29497,-48,/dev/serial/by-path/pci-0000:05:00.3-usb-0:2.1.2:1.0-port0
1790753928.3910,C,581,29512,-51,/dev/serial/by-path/pci-0000:05:00.3-usb-0:2.1.3:1.0-port0
