[INFO] [launch]: All log files can be found below /home/thaihoa/.ros/log/2026-10-09-16-08-58-675167-th-22635
[INFO] [launch]: Default logging verbosity is set to INFO
[INFO] [launch.user]: ==================================================================
[INFO] [launch.user]:  BAM NGUOI + NE VAT CAN — BW-DR03
[INFO] [launch.user]:    1) ros2 service call /person_reid/start_enroll  std_srvs/srv/Trigger {}
[INFO] [launch.user]:    2) ros2 service call /person_reid/finish_enroll std_srvs/srv/Trigger {}
[INFO] [launch.user]:    3) ros2 service call /follow/enable             std_srvs/srv/Trigger {}
[INFO] [launch.user]:    DUNG: ros2 service call /follow/stop            std_srvs/srv/Trigger {}
[INFO] [launch.user]:  Theo doi: ros2 topic echo /follow/planner_status
[INFO] [launch.user]:  RSSI (start_rssi:=true): chi dung khi MAT NGUOI — xe xoay ~1 vong do huong beacon
[INFO] [launch.user]: ==================================================================
[INFO] [sc_mini-1]: process started with pid [22647]
[INFO] [static_transform_publisher-2]: process started with pid [22648]
[INFO] [decoded_serial_node-3]: process started with pid [22649]
[INFO] [python3-4]: process started with pid [22650]
[INFO] [rssi_scanner-5]: process started with pid [22651]
[INFO] [rssi_bearing-6]: process started with pid [22652]
[INFO] [target_tracker-7]: process started with pid [22653]
[INFO] [follow_planner-8]: process started with pid [22654]
[static_transform_publisher-2] [WARN] [1791536938.752406070] []: Old-style arguments are deprecated; see --help for new-style arguments
[static_transform_publisher-2] [INFO] [1791536938.768664179] [base_to_laser]: Spinning until stopped - publishing transform
[static_transform_publisher-2] translation: ('0.100000', '0.000000', '0.180000')
[static_transform_publisher-2] rotation: ('0.000000', '0.000000', '0.000000', '1.000000')
[static_transform_publisher-2] from 'base_link' to 'laser'
[rssi_bearing-6] [INFO] [1791536939.136824313] [rssi_bearing_node]: rssi_bearing: mau ['A', 'B', 'C'], can xoay >= 250 do trong 14 s, corr >= 0.45 & margin >= 0.1 (hoac corr >= 0.35 & margin >= 0.25)
[rssi_scanner-5] [INFO] [1791536939.186105627] [rssi_scanner_node]: rssi_scanner: doc 3 cong @ 115200 baud -> /rssi/raw
[rssi_scanner-5] [INFO] [1791536939.279013003] [rssi_scanner_node]: /dev/serial/by-path/pci-0000:05:00.3-usb-0:1.2:1.0-port0: da mo
[rssi_scanner-5] [INFO] [1791536939.279383450] [rssi_scanner_node]: /dev/serial/by-path/pci-0000:05:00.3-usb-0:1.1:1.0-port0: da mo
[rssi_scanner-5] [INFO] [1791536939.279492685] [rssi_scanner_node]: /dev/serial/by-path/pci-0000:05:00.3-usb-0:1.3:1.0-port0: da mo
[rssi_bearing-6] [INFO] [1791536939.322806479] [rssi_bearing_node]: chua co huong hop le: chua du du lieu
[target_tracker-7] [INFO] [1791536939.653023104] [target_tracker_node]: target_tracker_node san sang | lidar_yaw_offset=-90.0 deg sign=1 | fuse_lidar_distance=True | predict_max=2.5s
[decoded_serial_node-3] [INFO] [1791536939.661130193] [bw_dr03_decoded_serial_node]: BW-DR03 decoder connected on /dev/serial/by-id/usb-FTDI_FT231X_USB_UART_D30BF0NT-if00-port0 at 115200
[decoded_serial_node-3] [INFO] [1791536939.661546946] [bw_dr03_decoded_serial_node]: Params: max_linear=0.49, max_angular=2.46, max_percent=60, cmd_timeout=1.0
[follow_planner-8] [INFO] [1791536939.683709645] [follow_planner_node]: follow_planner_node san sang | footprint 0.47x0.60m | v_max=0.22 w_max=1.00 | khoang cach bam=1.00m | margin mem=0.15 cung=0.06 | enabled=False
[follow_planner-8] [INFO] [1791536939.684217822] [follow_planner_node]: Bat bam: ros2 service call /follow/enable std_srvs/srv/Trigger {}
[target_tracker-7] [INFO] [1791536939.689385082] [target_tracker_node]: muc tieu: wait_odom
[follow_planner-8] [INFO] [1791536939.734637786] [follow_planner_node]: [IDLE] disabled | d=- goc=- | v=0.000 w=0.000 | thoang=-
[decoded_serial_node-3] [INFO] [1791536939.734707839] [bw_dr03_decoded_serial_node]: RECEIVED /cmd_vel: linear.x=0.0, angular.z=0.0
[decoded_serial_node-3] [INFO] [1791536939.801428654] [bw_dr03_decoded_serial_node]: RECEIVED /cmd_vel: linear.x=0.0, angular.z=0.0
[decoded_serial_node-3] [INFO] [1791536939.868731261] [bw_dr03_decoded_serial_node]: RECEIVED /cmd_vel: linear.x=0.0, angular.z=0.0
[decoded_serial_node-3] [INFO] [1791536939.934263560] [bw_dr03_decoded_serial_node]: RECEIVED /cmd_vel: linear.x=0.0, angular.z=0.0
[decoded_serial_node-3] [INFO] [1791536940.001488990] [bw_dr03_decoded_serial_node]: RECEIVED /cmd_vel: linear.x=0.0, angular.z=0.0
[decoded_serial_node-3] [INFO] [1791536940.068097007] [bw_dr03_decoded_serial_node]: RECEIVED /cmd_vel: linear.x=0.0, angular.z=0.0
[decoded_serial_node-3] [INFO] [1791536940.134418878] [bw_dr03_decoded_serial_node]: RECEIVED /cmd_vel: linear.x=0.0, angular.z=0.0
[follow_planner-8] [INFO] [1791536940.199228090] [follow_planner_node]: self-filter: bo 15/207 tia dap vao than xe
[decoded_serial_node-3] [INFO] [1791536940.201242989] [bw_dr03_decoded_serial_node]: RECEIVED /cmd_vel: linear.x=0.0, angular.z=0.0
[decoded_serial_node-3] [INFO] [1791536940.268816305] [bw_dr03_decoded_serial_node]: RECEIVED /cmd_vel: linear.x=0.0, angular.z=0.0
[decoded_serial_node-3] [INFO] [1791536940.334361662] [bw_dr03_decoded_serial_node]: RECEIVED /cmd_vel: linear.x=0.0, angular.z=0.0
[decoded_serial_node-3] [INFO] [1791536940.401302131] [bw_dr03_decoded_serial_node]: RECEIVED /cmd_vel: linear.x=0.0, angular.z=0.0
[decoded_serial_node-3] [INFO] [1791536940.469286263] [bw_dr03_decoded_serial_node]: RECEIVED /cmd_vel: linear.x=0.0, angular.z=0.0
[decoded_serial_node-3] [INFO] [1791536940.534429115] [bw_dr03_decoded_serial_node]: RECEIVED /cmd_vel: linear.x=0.0, angular.z=0.0
[decoded_serial_node-3] [INFO] [1791536940.601396893] [bw_dr03_decoded_serial_node]: RECEIVED /cmd_vel: linear.x=0.0, angular.z=0.0
[decoded_serial_node-3] [INFO] [1791536940.668261374] [bw_dr03_decoded_serial_node]: RECEIVED /cmd_vel: linear.x=0.0, angular.z=0.0
[rssi_scanner-5] [INFO] [1791536940.674351188] [rssi_scanner_node]: /dev/serial/by-path/pci-0000:05:00.3-usb-0:1.1:1.0-port0: board A khoi dong
[decoded_serial_node-3] [INFO] [1791536940.734300660] [bw_dr03_decoded_serial_node]: RECEIVED /cmd_vel: linear.x=0.0, angular.z=0.0
[target_tracker-7] [INFO] [1791536940.739313566] [target_tracker_node]: muc tieu: no_target_yet
[follow_planner-8] [INFO] [1791536940.801146143] [follow_planner_node]: [IDLE] disabled | d=- goc=- | v=0.000 w=0.000 | thoang=-
[decoded_serial_node-3] [INFO] [1791536940.801188887] [bw_dr03_decoded_serial_node]: RECEIVED /cmd_vel: linear.x=0.0, angular.z=0.0
[decoded_serial_node-3] [INFO] [1791536940.867595057] [bw_dr03_decoded_serial_node]: RECEIVED /cmd_vel: linear.x=0.0, angular.z=0.0
[decoded_serial_node-3] [INFO] [1791536940.934209011] [bw_dr03_decoded_serial_node]: RECEIVED /cmd_vel: linear.x=0.0, angular.z=0.0
[decoded_serial_node-3] [INFO] [1791536941.001252778] [bw_dr03_decoded_serial_node]: RECEIVED /cmd_vel: linear.x=0.0, angular.z=0.0
[decoded_serial_node-3] [INFO] [1791536941.068067388] [bw_dr03_decoded_serial_node]: RECEIVED /cmd_vel: linear.x=0.0, angular.z=0.0
[rssi_scanner-5] [INFO] [1791536941.112237245] [rssi_scanner_node]: /dev/serial/by-path/pci-0000:05:00.3-usb-0:1.2:1.0-port0: board B khoi dong
[rssi_scanner-5] [INFO] [1791536941.119603439] [rssi_scanner_node]: /dev/serial/by-path/pci-0000:05:00.3-usb-0:1.3:1.0-port0: board C khoi dong
[decoded_serial_node-3] [INFO] [1791536941.134350075] [bw_dr03_decoded_serial_node]: RECEIVED /cmd_vel: linear.x=0.0, angular.z=0.0
[decoded_serial_node-3] [INFO] [1791536941.201243049] [bw_dr03_decoded_serial_node]: RECEIVED /cmd_vel: linear.x=0.0, angular.z=0.0
[decoded_serial_node-3] [INFO] [1791536941.268179954] [bw_dr03_decoded_serial_node]: RECEIVED /cmd_vel: linear.x=0.0, angular.z=0.0
[decoded_serial_node-3] [INFO] [1791536941.334260794] [bw_dr03_decoded_serial_node]: RECEIVED /cmd_vel: linear.x=0.0, angular.z=0.0
[decoded_serial_node-3] [INFO] [1791536941.401335430] [bw_dr03_decoded_serial_node]: RECEIVED /cmd_vel: linear.x=0.0, angular.z=0.0
[decoded_serial_node-3] [INFO] [1791536941.468025370] [bw_dr03_decoded_serial_node]: RECEIVED /cmd_vel: linear.x=0.0, angular.z=0.0
[decoded_serial_node-3] [INFO] [1791536941.534739058] [bw_dr03_decoded_serial_node]: RECEIVED /cmd_vel: linear.x=0.0, angular.z=0.0
[decoded_serial_node-3] [INFO] [1791536941.601338761] [bw_dr03_decoded_serial_node]: RECEIVED /cmd_vel: linear.x=0.0, angular.z=0.0
[decoded_serial_node-3] [INFO] [1791536941.668088068] [bw_dr03_decoded_serial_node]: RECEIVED /cmd_vel: linear.x=0.0, angular.z=0.0
[decoded_serial_node-3] [INFO] [1791536941.734667587] [bw_dr03_decoded_serial_node]: RECEIVED /cmd_vel: linear.x=0.0, angular.z=0.0
[python3-4] [INFO] [1791536941.735130646] [identity_lock_node]: Loading detector/tracker/identity lock...
[target_tracker-7] [INFO] [1791536941.739109388] [target_tracker_node]: muc tieu: no_target_yet
[follow_planner-8] [INFO] [1791536941.801526129] [follow_planner_node]: [IDLE] disabled | d=- goc=- | v=0.000 w=0.000 | thoang=-
[decoded_serial_node-3] [INFO] [1791536941.804602500] [bw_dr03_decoded_serial_node]: RECEIVED /cmd_vel: linear.x=0.0, angular.z=0.0
[decoded_serial_node-3] [INFO] [1791536941.868249314] [bw_dr03_decoded_serial_node]: RECEIVED /cmd_vel: linear.x=0.0, angular.z=0.0
[python3-4] [INFO] [1791536941.880424194] [identity_lock_node]: Models loaded; torch cuda/rocm backend not available; using CPU
[decoded_serial_node-3] [INFO] [1791536941.934471447] [bw_dr03_decoded_serial_node]: RECEIVED /cmd_vel: linear.x=0.0, angular.z=0.0
[python3-4] [ WARN:0@3.006] global ./modules/videoio/src/cap_gstreamer.cpp (2401) handleMessage OpenCV | GStreamer warning: Embedded video playback halted; module source reported: Could not read from resource.
[python3-4] [ WARN:0@3.006] global ./modules/videoio/src/cap_gstreamer.cpp (1356) open OpenCV | GStreamer warning: unable to start pipeline
[python3-4] [ WARN:0@3.006] global ./modules/videoio/src/cap_gstreamer.cpp (862) isPipelinePlaying OpenCV | GStreamer warning: GStreamer: pipeline have not been created
[decoded_serial_node-3] [INFO] [1791536942.000716139] [bw_dr03_decoded_serial_node]: RECEIVED /cmd_vel: linear.x=0.0, angular.z=0.0
[decoded_serial_node-3] [INFO] [1791536942.068544727] [bw_dr03_decoded_serial_node]: RECEIVED /cmd_vel: linear.x=0.0, angular.z=0.0
[python3-4] [INFO] [1791536942.089777745] [identity_lock_node]: camera: MJPG 640x480 25 fps, phoi sang fixed_fps 30 ms
[decoded_serial_node-3] [INFO] [1791536942.134269366] [bw_dr03_decoded_serial_node]: RECEIVED /cmd_vel: linear.x=0.0, angular.z=0.0
[decoded_serial_node-3] [INFO] [1791536942.202191752] [bw_dr03_decoded_serial_node]: RECEIVED /cmd_vel: linear.x=0.0, angular.z=0.0
[decoded_serial_node-3] [INFO] [1791536942.268499371] [bw_dr03_decoded_serial_node]: RECEIVED /cmd_vel: linear.x=0.0, angular.z=0.0
[decoded_serial_node-3] [INFO] [1791536942.335536009] [bw_dr03_decoded_serial_node]: RECEIVED /cmd_vel: linear.x=0.0, angular.z=0.0
[decoded_serial_node-3] [INFO] [1791536942.402262755] [bw_dr03_decoded_serial_node]: RECEIVED /cmd_vel: linear.x=0.0, angular.z=0.0
[decoded_serial_node-3] [INFO] [1791536942.468419582] [bw_dr03_decoded_serial_node]: RECEIVED /cmd_vel: linear.x=0.0, angular.z=0.0
[decoded_serial_node-3] [INFO] [1791536942.534436305] [bw_dr03_decoded_serial_node]: RECEIVED /cmd_vel: linear.x=0.0, angular.z=0.0
[decoded_serial_node-3] [INFO] [1791536942.601376770] [bw_dr03_decoded_serial_node]: RECEIVED /cmd_vel: linear.x=0.0, angular.z=0.0
[python3-4] QSocketNotifier: Can only be used with threads started with QThread
[decoded_serial_node-3] [INFO] [1791536942.668006154] [bw_dr03_decoded_serial_node]: RECEIVED /cmd_vel: linear.x=0.0, angular.z=0.0
[decoded_serial_node-3] [INFO] [1791536942.734440817] [bw_dr03_decoded_serial_node]: RECEIVED /cmd_vel: linear.x=0.0, angular.z=0.0
[target_tracker-7] [INFO] [1791536942.789477114] [target_tracker_node]: muc tieu: no_target_yet
[decoded_serial_node-3] [INFO] [1791536942.801428775] [bw_dr03_decoded_serial_node]: RECEIVED /cmd_vel: linear.x=0.0, angular.z=0.0
[follow_planner-8] [INFO] [1791536942.801446585] [follow_planner_node]: [IDLE] disabled | d=- goc=- | v=0.000 w=0.000 | thoang=-
[decoded_serial_node-3] [INFO] [1791536942.868480849] [bw_dr03_decoded_serial_node]: RECEIVED /cmd_vel: linear.x=0.0, angular.z=0.0
[decoded_serial_node-3] [INFO] [1791536942.935060366] [bw_dr03_decoded_serial_node]: RECEIVED /cmd_vel: linear.x=0.0, angular.z=0.0
[decoded_serial_node-3] [INFO] [1791536943.000903738] [bw_dr03_decoded_serial_node]: RECEIVED /cmd_vel: linear.x=0.0, angular.z=0.0
[decoded_serial_node-3] [INFO] [1791536943.068271639] [bw_dr03_decoded_serial_node]: RECEIVED /cmd_vel: linear.x=0.0, angular.z=0.0
[decoded_serial_node-3] [INFO] [1791536943.135035190] [bw_dr03_decoded_serial_node]: RECEIVED /cmd_vel: linear.x=0.0, angular.z=0.0
[decoded_serial_node-3] [INFO] [1791536943.201632515] [bw_dr03_decoded_serial_node]: RECEIVED /cmd_vel: linear.x=0.0, angular.z=0.0
[decoded_serial_node-3] [INFO] [1791536943.268734454] [bw_dr03_decoded_serial_node]: RECEIVED /cmd_vel: linear.x=0.0, angular.z=0.0
[decoded_serial_node-3] [INFO] [1791536943.334565951] [bw_dr03_decoded_serial_node]: RECEIVED /cmd_vel: linear.x=0.0, angular.z=0.0
[decoded_serial_node-3] [INFO] [1791536943.402006280] [bw_dr03_decoded_serial_node]: RECEIVED /cmd_vel: linear.x=0.0, angular.z=0.0
[decoded_serial_node-3] [INFO] [1791536943.468940806] [bw_dr03_decoded_serial_node]: RECEIVED /cmd_vel: linear.x=0.0, angular.z=0.0
[decoded_serial_node-3] [INFO] [1791536943.535564252] [bw_dr03_decoded_serial_node]: RECEIVED /cmd_vel: linear.x=0.0, angular.z=0.0
[decoded_serial_node-3] [INFO] [1791536943.602213819] [bw_dr03_decoded_serial_node]: RECEIVED /cmd_vel: linear.x=0.0, angular.z=0.0
[decoded_serial_node-3] [INFO] [1791536943.668382517] [bw_dr03_decoded_serial_node]: RECEIVED /cmd_vel: linear.x=0.0, angular.z=0.0
[decoded_serial_node-3] [INFO] [1791536943.734705568] [bw_dr03_decoded_serial_node]: RECEIVED /cmd_vel: linear.x=0.0, angular.z=0.0
[sc_mini-1] sc_mini start
[target_tracker-7] [INFO] [1791536943.789561389] [target_tracker_node]: muc tieu: no_target_yet
[follow_planner-8] [INFO] [1791536943.802399985] [follow_planner_node]: [IDLE] disabled | d=- goc=- | v=0.000 w=0.000 | thoang=-
[decoded_serial_node-3] [INFO] [1791536943.802448666] [bw_dr03_decoded_serial_node]: RECEIVED /cmd_vel: linear.x=0.0, angular.z=0.0
[decoded_serial_node-3] [INFO] [1791536943.868699290] [bw_dr03_decoded_serial_node]: RECEIVED /cmd_vel: linear.x=0.0, angular.z=0.0
[decoded_serial_node-3] [INFO] [1791536943.934660206] [bw_dr03_decoded_serial_node]: RECEIVED /cmd_vel: linear.x=0.0, angular.z=0.0
[decoded_serial_node-3] [INFO] [1791536944.002163463] [bw_dr03_decoded_serial_node]: RECEIVED /cmd_vel: linear.x=0.0, angular.z=0.0
[decoded_serial_node-3] [INFO] [1791536944.067924905] [bw_dr03_decoded_serial_node]: RECEIVED /cmd_vel: linear.x=0.0, angular.z=0.0
[decoded_serial_node-3] [INFO] [1791536944.134602966] [bw_dr03_decoded_serial_node]: RECEIVED /cmd_vel: linear.x=0.0, angular.z=0.0
[decoded_serial_node-3] [INFO] [1791536944.202005298] [bw_dr03_decoded_serial_node]: RECEIVED /cmd_vel: linear.x=0.0, angular.z=0.0
[decoded_serial_node-3] [INFO] [1791536944.268717791] [bw_dr03_decoded_serial_node]: RECEIVED /cmd_vel: linear.x=0.0, angular.z=0.0
[decoded_serial_node-3] [INFO] [1791536944.334688203] [bw_dr03_decoded_serial_node]: RECEIVED /cmd_vel: linear.x=0.0, angular.z=0.0
[decoded_serial_node-3] [INFO] [1791536944.402082224] [bw_dr03_decoded_serial_node]: RECEIVED /cmd_vel: linear.x=0.0, angular.z=0.0
[decoded_serial_node-3] [INFO] [1791536944.468395774] [bw_dr03_decoded_serial_node]: RECEIVED /cmd_vel: linear.x=0.0, angular.z=0.0
[decoded_serial_node-3] [INFO] [1791536944.535900217] [bw_dr03_decoded_serial_node]: RECEIVED /cmd_vel: linear.x=0.0, angular.z=0.0
[decoded_serial_node-3] [INFO] [1791536944.602027356] [bw_dr03_decoded_serial_node]: RECEIVED /cmd_vel: linear.x=0.0, angular.z=0.0
[decoded_serial_node-3] [INFO] [1791536944.668396711] [bw_dr03_decoded_serial_node]: RECEIVED /cmd_vel: linear.x=0.0, angular.z=0.0
[decoded_serial_node-3] [INFO] [1791536944.734723323] [bw_dr03_decoded_serial_node]: RECEIVED /cmd_vel: linear.x=0.0, angular.z=0.0
[target_tracker-7] [INFO] [1791536944.789424789] [target_tracker_node]: muc tieu: no_target_yet
[decoded_serial_node-3] [INFO] [1791536944.802106657] [bw_dr03_decoded_serial_node]: RECEIVED /cmd_vel: linear.x=0.0, angular.z=0.0
[decoded_serial_node-3] [INFO] [1791536944.867941714] [bw_dr03_decoded_serial_node]: RECEIVED /cmd_vel: linear.x=0.0, angular.z=0.0
[follow_planner-8] [INFO] [1791536944.868224298] [follow_planner_node]: [IDLE] disabled | d=- goc=- | v=0.000 w=0.000 | thoang=-
[decoded_serial_node-3] [INFO] [1791536944.934485606] [bw_dr03_decoded_serial_node]: RECEIVED /cmd_vel: linear.x=0.0, angular.z=0.0
[decoded_serial_node-3] [INFO] [1791536945.001491370] [bw_dr03_decoded_serial_node]: RECEIVED /cmd_vel: linear.x=0.0, angular.z=0.0
[decoded_serial_node-3] [INFO] [1791536945.069651216] [bw_dr03_decoded_serial_node]: RECEIVED /cmd_vel: linear.x=0.0, angular.z=0.0
[decoded_serial_node-3] [INFO] [1791536945.134453294] [bw_dr03_decoded_serial_node]: RECEIVED /cmd_vel: linear.x=0.0, angular.z=0.0
[decoded_serial_node-3] [INFO] [1791536945.201497050] [bw_dr03_decoded_serial_node]: RECEIVED /cmd_vel: linear.x=0.0, angular.z=0.0
[decoded_serial_node-3] [INFO] [1791536945.268207166] [bw_dr03_decoded_serial_node]: RECEIVED /cmd_vel: linear.x=0.0, angular.z=0.0
[decoded_serial_node-3] [INFO] [1791536945.334361612] [bw_dr03_decoded_serial_node]: RECEIVED /cmd_vel: linear.x=0.0, angular.z=0.0
[decoded_serial_node-3] [INFO] [1791536945.401951540] [bw_dr03_decoded_serial_node]: RECEIVED /cmd_vel: linear.x=0.0, angular.z=0.0
[decoded_serial_node-3] [INFO] [1791536945.468347014] [bw_dr03_decoded_serial_node]: RECEIVED /cmd_vel: linear.x=0.0, angular.z=0.0
[decoded_serial_node-3] [INFO] [1791536945.534760298] [bw_dr03_decoded_serial_node]: RECEIVED /cmd_vel: linear.x=0.0, angular.z=0.0
[decoded_serial_node-3] [INFO] [1791536945.601699569] [bw_dr03_decoded_serial_node]: RECEIVED /cmd_vel: linear.x=0.0, angular.z=0.0
[decoded_serial_node-3] [INFO] [1791536945.668201903] [bw_dr03_decoded_serial_node]: RECEIVED /cmd_vel: linear.x=0.0, angular.z=0.0
[decoded_serial_node-3] [INFO] [1791536945.734432338] [bw_dr03_decoded_serial_node]: RECEIVED /cmd_vel: linear.x=0.0, angular.z=0.0
[decoded_serial_node-3] [INFO] [1791536945.801658943] [bw_dr03_decoded_serial_node]: RECEIVED /cmd_vel: linear.x=0.0, angular.z=0.0
[target_tracker-7] [INFO] [1791536945.839326977] [target_tracker_node]: muc tieu: no_target_yet
[decoded_serial_node-3] [INFO] [1791536945.868218269] [bw_dr03_decoded_serial_node]: RECEIVED /cmd_vel: linear.x=0.0, angular.z=0.0
[follow_planner-8] [INFO] [1791536945.934249233] [follow_planner_node]: [IDLE] disabled | d=- goc=- | v=0.000 w=0.000 | thoang=-
[decoded_serial_node-3] [INFO] [1791536945.934677859] [bw_dr03_decoded_serial_node]: RECEIVED /cmd_vel: linear.x=0.0, angular.z=0.0
[decoded_serial_node-3] [INFO] [1791536946.001539953] [bw_dr03_decoded_serial_node]: RECEIVED /cmd_vel: linear.x=0.0, angular.z=0.0
[decoded_serial_node-3] [INFO] [1791536946.069368532] [bw_dr03_decoded_serial_node]: RECEIVED /cmd_vel: linear.x=0.0, angular.z=0.0
[decoded_serial_node-3] [INFO] [1791536946.134603983] [bw_dr03_decoded_serial_node]: RECEIVED /cmd_vel: linear.x=0.0, angular.z=0.0
[decoded_serial_node-3] [INFO] [1791536946.201885203] [bw_dr03_decoded_serial_node]: RECEIVED /cmd_vel: linear.x=0.0, angular.z=0.0
[decoded_serial_node-3] [INFO] [1791536946.268103763] [bw_dr03_decoded_serial_node]: RECEIVED /cmd_vel: linear.x=0.0, angular.z=0.0
[decoded_serial_node-3] [INFO] [1791536946.334816252] [bw_dr03_decoded_serial_node]: RECEIVED /cmd_vel: linear.x=0.0, angular.z=0.0
[decoded_serial_node-3] [INFO] [1791536946.401706840] [bw_dr03_decoded_serial_node]: RECEIVED /cmd_vel: linear.x=0.0, angular.z=0.0
[decoded_serial_node-3] [INFO] [1791536946.467953896] [bw_dr03_decoded_serial_node]: RECEIVED /cmd_vel: linear.x=0.0, angular.z=0.0
[decoded_serial_node-3] [INFO] [1791536946.534390924] [bw_dr03_decoded_serial_node]: RECEIVED /cmd_vel: linear.x=0.0, angular.z=0.0
[decoded_serial_node-3] [INFO] [1791536946.601206711] [bw_dr03_decoded_serial_node]: RECEIVED /cmd_vel: linear.x=0.0, angular.z=0.0
[decoded_serial_node-3] [INFO] [1791536946.668368011] [bw_dr03_decoded_serial_node]: RECEIVED /cmd_vel: linear.x=0.0, angular.z=0.0
[decoded_serial_node-3] [INFO] [1791536946.734448840] [bw_dr03_decoded_serial_node]: RECEIVED /cmd_vel: linear.x=0.0, angular.z=0.0
[decoded_serial_node-3] [INFO] [1791536946.801997209] [bw_dr03_decoded_serial_node]: RECEIVED /cmd_vel: linear.x=0.0, angular.z=0.0
[decoded_serial_node-3] [INFO] [1791536946.867908251] [bw_dr03_decoded_serial_node]: RECEIVED /cmd_vel: linear.x=0.0, angular.z=0.0
[target_tracker-7] [INFO] [1791536946.889472531] [target_tracker_node]: muc tieu: no_target_yet
[decoded_serial_node-3] [INFO] [1791536946.934441453] [bw_dr03_decoded_serial_node]: RECEIVED /cmd_vel: linear.x=0.0, angular.z=0.0
[follow_planner-8] [INFO] [1791536946.934897387] [follow_planner_node]: [IDLE] disabled | d=- goc=- | v=0.000 w=0.000 | thoang=-
[decoded_serial_node-3] [INFO] [1791536947.002129927] [bw_dr03_decoded_serial_node]: RECEIVED /cmd_vel: linear.x=0.0, angular.z=0.0
[decoded_serial_node-3] [INFO] [1791536947.067860492] [bw_dr03_decoded_serial_node]: RECEIVED /cmd_vel: linear.x=0.0, angular.z=0.0
[decoded_serial_node-3] [INFO] [1791536947.134543296] [bw_dr03_decoded_serial_node]: RECEIVED /cmd_vel: linear.x=0.0, angular.z=0.0
[decoded_serial_node-3] [INFO] [1791536947.201309212] [bw_dr03_decoded_serial_node]: RECEIVED /cmd_vel: linear.x=0.0, angular.z=0.0
[decoded_serial_node-3] [INFO] [1791536947.268500193] [bw_dr03_decoded_serial_node]: RECEIVED /cmd_vel: linear.x=0.0, angular.z=0.0
[decoded_serial_node-3] [INFO] [1791536947.334429042] [bw_dr03_decoded_serial_node]: RECEIVED /cmd_vel: linear.x=0.0, angular.z=0.0
[decoded_serial_node-3] [INFO] [1791536947.402108015] [bw_dr03_decoded_serial_node]: RECEIVED /cmd_vel: linear.x=0.0, angular.z=0.0
[decoded_serial_node-3] [INFO] [1791536947.468315887] [bw_dr03_decoded_serial_node]: RECEIVED /cmd_vel: linear.x=0.0, angular.z=0.0
[decoded_serial_node-3] [INFO] [1791536947.535081803] [bw_dr03_decoded_serial_node]: RECEIVED /cmd_vel: linear.x=0.0, angular.z=0.0
[decoded_serial_node-3] [INFO] [1791536947.601769356] [bw_dr03_decoded_serial_node]: RECEIVED /cmd_vel: linear.x=0.0, angular.z=0.0
[decoded_serial_node-3] [INFO] [1791536947.669394900] [bw_dr03_decoded_serial_node]: RECEIVED /cmd_vel: linear.x=0.0, angular.z=0.0
[decoded_serial_node-3] [INFO] [1791536947.735009107] [bw_dr03_decoded_serial_node]: RECEIVED /cmd_vel: linear.x=0.0, angular.z=0.0
[decoded_serial_node-3] [INFO] [1791536947.802887551] [bw_dr03_decoded_serial_node]: RECEIVED /cmd_vel: linear.x=0.0, angular.z=0.0
[decoded_serial_node-3] [INFO] [1791536947.868454265] [bw_dr03_decoded_serial_node]: RECEIVED /cmd_vel: linear.x=0.0, angular.z=0.0
[decoded_serial_node-3] [INFO] [1791536947.934497098] [bw_dr03_decoded_serial_node]: RECEIVED /cmd_vel: linear.x=0.0, angular.z=0.0
[target_tracker-7] [INFO] [1791536947.939038633] [target_tracker_node]: muc tieu: no_target_yet
[follow_planner-8] [INFO] [1791536948.001585968] [follow_planner_node]: [IDLE] disabled | d=- goc=- | v=0.000 w=0.000 | thoang=-
[decoded_serial_node-3] [INFO] [1791536948.001640585] [bw_dr03_decoded_serial_node]: RECEIVED /cmd_vel: linear.x=0.0, angular.z=0.0
[decoded_serial_node-3] [INFO] [1791536948.067429327] [bw_dr03_decoded_serial_node]: RECEIVED /cmd_vel: linear.x=0.0, angular.z=0.0
[decoded_serial_node-3] [INFO] [1791536948.134721229] [bw_dr03_decoded_serial_node]: RECEIVED /cmd_vel: linear.x=0.0, angular.z=0.0
[decoded_serial_node-3] [INFO] [1791536948.201456273] [bw_dr03_decoded_serial_node]: RECEIVED /cmd_vel: linear.x=0.0, angular.z=0.0
[decoded_serial_node-3] [INFO] [1791536948.268333796] [bw_dr03_decoded_serial_node]: RECEIVED /cmd_vel: linear.x=0.0, angular.z=0.0
[decoded_serial_node-3] [INFO] [1791536948.334554726] [bw_dr03_decoded_serial_node]: RECEIVED /cmd_vel: linear.x=0.0, angular.z=0.0
[decoded_serial_node-3] [INFO] [1791536948.401724333] [bw_dr03_decoded_serial_node]: RECEIVED /cmd_vel: linear.x=0.0, angular.z=0.0
[decoded_serial_node-3] [INFO] [1791536948.468268217] [bw_dr03_decoded_serial_node]: RECEIVED /cmd_vel: linear.x=0.0, angular.z=0.0
[decoded_serial_node-3] [INFO] [1791536948.534490334] [bw_dr03_decoded_serial_node]: RECEIVED /cmd_vel: linear.x=0.0, angular.z=0.0
[decoded_serial_node-3] [INFO] [1791536948.600767069] [bw_dr03_decoded_serial_node]: RECEIVED /cmd_vel: linear.x=0.0, angular.z=0.0
[decoded_serial_node-3] [INFO] [1791536948.668239444] [bw_dr03_decoded_serial_node]: RECEIVED /cmd_vel: linear.x=0.0, angular.z=0.0
[decoded_serial_node-3] [INFO] [1791536948.734383198] [bw_dr03_decoded_serial_node]: RECEIVED /cmd_vel: linear.x=0.0, angular.z=0.0
[decoded_serial_node-3] [INFO] [1791536948.801232226] [bw_dr03_decoded_serial_node]: RECEIVED /cmd_vel: linear.x=0.0, angular.z=0.0
[decoded_serial_node-3] [INFO] [1791536948.868492069] [bw_dr03_decoded_serial_node]: RECEIVED /cmd_vel: linear.x=0.0, angular.z=0.0
[decoded_serial_node-3] [INFO] [1791536948.934464848] [bw_dr03_decoded_serial_node]: RECEIVED /cmd_vel: linear.x=0.0, angular.z=0.0
[target_tracker-7] [INFO] [1791536948.939483689] [target_tracker_node]: muc tieu: no_target_yet
[decoded_serial_node-3] [INFO] [1791536949.001875482] [bw_dr03_decoded_serial_node]: RECEIVED /cmd_vel: linear.x=0.0, angular.z=0.0
[follow_planner-8] [INFO] [1791536949.067838759] [follow_planner_node]: [IDLE] disabled | d=- goc=- | v=0.000 w=0.000 | thoang=-
[decoded_serial_node-3] [INFO] [1791536949.068617648] [bw_dr03_decoded_serial_node]: RECEIVED /cmd_vel: linear.x=0.0, angular.z=0.0
[decoded_serial_node-3] [INFO] [1791536949.134686597] [bw_dr03_decoded_serial_node]: RECEIVED /cmd_vel: linear.x=0.0, angular.z=0.0
[decoded_serial_node-3] [INFO] [1791536949.202072296] [bw_dr03_decoded_serial_node]: RECEIVED /cmd_vel: linear.x=0.0, angular.z=0.0
[decoded_serial_node-3] [INFO] [1791536949.268559186] [bw_dr03_decoded_serial_node]: RECEIVED /cmd_vel: linear.x=0.0, angular.z=0.0
[decoded_serial_node-3] [INFO] [1791536949.334742119] [bw_dr03_decoded_serial_node]: RECEIVED /cmd_vel: linear.x=0.0, angular.z=0.0
[decoded_serial_node-3] [INFO] [1791536949.402208556] [bw_dr03_decoded_serial_node]: RECEIVED /cmd_vel: linear.x=0.0, angular.z=0.0
[decoded_serial_node-3] [INFO] [1791536949.468424735] [bw_dr03_decoded_serial_node]: RECEIVED /cmd_vel: linear.x=0.0, angular.z=0.0
[decoded_serial_node-3] [INFO] [1791536949.534908062] [bw_dr03_decoded_serial_node]: RECEIVED /cmd_vel: linear.x=0.0, angular.z=0.0
[decoded_serial_node-3] [INFO] [1791536949.600885588] [bw_dr03_decoded_serial_node]: RECEIVED /cmd_vel: linear.x=0.0, angular.z=0.0
[decoded_serial_node-3] [INFO] [1791536949.668043319] [bw_dr03_decoded_serial_node]: RECEIVED /cmd_vel: linear.x=0.0, angular.z=0.0
[decoded_serial_node-3] [INFO] [1791536949.734597887] [bw_dr03_decoded_serial_node]: RECEIVED /cmd_vel: linear.x=0.0, angular.z=0.0
[decoded_serial_node-3] [INFO] [1791536949.801502717] [bw_dr03_decoded_serial_node]: RECEIVED /cmd_vel: linear.x=0.0, angular.z=0.0
[decoded_serial_node-3] [INFO] [1791536949.868446728] [bw_dr03_decoded_serial_node]: RECEIVED /cmd_vel: linear.x=0.0, angular.z=0.0
[decoded_serial_node-3] [INFO] [1791536949.934298397] [bw_dr03_decoded_serial_node]: RECEIVED /cmd_vel: linear.x=0.0, angular.z=0.0
[target_tracker-7] [INFO] [1791536949.988909617] [target_tracker_node]: muc tieu: no_target_yet
[decoded_serial_node-3] [INFO] [1791536950.002264699] [bw_dr03_decoded_serial_node]: RECEIVED /cmd_vel: linear.x=0.0, angular.z=0.0
[decoded_serial_node-3] [INFO] [1791536950.068035627] [bw_dr03_decoded_serial_node]: RECEIVED /cmd_vel: linear.x=0.0, angular.z=0.0
[follow_planner-8] [INFO] [1791536950.134535576] [follow_planner_node]: [IDLE] disabled | d=- goc=- | v=0.000 w=0.000 | thoang=-
[decoded_serial_node-3] [INFO] [1791536950.135337023] [bw_dr03_decoded_serial_node]: RECEIVED /cmd_vel: linear.x=0.0, angular.z=0.0
[decoded_serial_node-3] [INFO] [1791536950.201795415] [bw_dr03_decoded_serial_node]: RECEIVED /cmd_vel: linear.x=0.0, angular.z=0.0
[decoded_serial_node-3] [INFO] [1791536950.268849846] [bw_dr03_decoded_serial_node]: RECEIVED /cmd_vel: linear.x=0.0, angular.z=0.0
[decoded_serial_node-3] [INFO] [1791536950.334347688] [bw_dr03_decoded_serial_node]: RECEIVED /cmd_vel: linear.x=0.0, angular.z=0.0
[decoded_serial_node-3] [INFO] [1791536950.402135889] [bw_dr03_decoded_serial_node]: RECEIVED /cmd_vel: linear.x=0.0, angular.z=0.0
[decoded_serial_node-3] [INFO] [1791536950.468163280] [bw_dr03_decoded_serial_node]: RECEIVED /cmd_vel: linear.x=0.0, angular.z=0.0
[decoded_serial_node-3] [INFO] [1791536950.534383019] [bw_dr03_decoded_serial_node]: RECEIVED /cmd_vel: linear.x=0.0, angular.z=0.0
[decoded_serial_node-3] [INFO] [1791536950.601020698] [bw_dr03_decoded_serial_node]: RECEIVED /cmd_vel: linear.x=0.0, angular.z=0.0
[decoded_serial_node-3] [INFO] [1791536950.668418267] [bw_dr03_decoded_serial_node]: RECEIVED /cmd_vel: linear.x=0.0, angular.z=0.0
[decoded_serial_node-3] [INFO] [1791536950.734404102] [bw_dr03_decoded_serial_node]: RECEIVED /cmd_vel: linear.x=0.0, angular.z=0.0
[decoded_serial_node-3] [INFO] [1791536950.801515525] [bw_dr03_decoded_serial_node]: RECEIVED /cmd_vel: linear.x=0.0, angular.z=0.0
[decoded_serial_node-3] [INFO] [1791536950.868220881] [bw_dr03_decoded_serial_node]: RECEIVED /cmd_vel: linear.x=0.0, angular.z=0.0
[decoded_serial_node-3] [INFO] [1791536950.934339697] [bw_dr03_decoded_serial_node]: RECEIVED /cmd_vel: linear.x=0.0, angular.z=0.0
[target_tracker-7] [INFO] [1791536950.989651439] [target_tracker_node]: muc tieu: no_target_yet
[decoded_serial_node-3] [INFO] [1791536951.001093733] [bw_dr03_decoded_serial_node]: RECEIVED /cmd_vel: linear.x=0.0, angular.z=0.0
[decoded_serial_node-3] [INFO] [1791536951.068099482] [bw_dr03_decoded_serial_node]: RECEIVED /cmd_vel: linear.x=0.0, angular.z=0.0
[decoded_serial_node-3] [INFO] [1791536951.135384253] [bw_dr03_decoded_serial_node]: RECEIVED /cmd_vel: linear.x=0.0, angular.z=0.0
[follow_planner-8] [INFO] [1791536951.200958082] [follow_planner_node]: [IDLE] disabled | d=- goc=- | v=0.000 w=0.000 | thoang=-
[decoded_serial_node-3] [INFO] [1791536951.201535124] [bw_dr03_decoded_serial_node]: RECEIVED /cmd_vel: linear.x=0.0, angular.z=0.0
[decoded_serial_node-3] [INFO] [1791536951.268374647] [bw_dr03_decoded_serial_node]: RECEIVED /cmd_vel: linear.x=0.0, angular.z=0.0
[decoded_serial_node-3] [INFO] [1791536951.334456653] [bw_dr03_decoded_serial_node]: RECEIVED /cmd_vel: linear.x=0.0, angular.z=0.0
[decoded_serial_node-3] [INFO] [1791536951.401507520] [bw_dr03_decoded_serial_node]: RECEIVED /cmd_vel: linear.x=0.0, angular.z=0.0
[decoded_serial_node-3] [INFO] [1791536951.468390974] [bw_dr03_decoded_serial_node]: RECEIVED /cmd_vel: linear.x=0.0, angular.z=0.0
[decoded_serial_node-3] [INFO] [1791536951.534391054] [bw_dr03_decoded_serial_node]: RECEIVED /cmd_vel: linear.x=0.0, angular.z=0.0
[decoded_serial_node-3] [INFO] [1791536951.601630707] [bw_dr03_decoded_serial_node]: RECEIVED /cmd_vel: linear.x=0.0, angular.z=0.0
[decoded_serial_node-3] [INFO] [1791536951.669367850] [bw_dr03_decoded_serial_node]: RECEIVED /cmd_vel: linear.x=0.0, angular.z=0.0
[decoded_serial_node-3] [INFO] [1791536951.734446563] [bw_dr03_decoded_serial_node]: RECEIVED /cmd_vel: linear.x=0.0, angular.z=0.0
[decoded_serial_node-3] [INFO] [1791536951.801225532] [bw_dr03_decoded_serial_node]: RECEIVED /cmd_vel: linear.x=0.0, angular.z=0.0
[decoded_serial_node-3] [INFO] [1791536951.868258589] [bw_dr03_decoded_serial_node]: RECEIVED /cmd_vel: linear.x=0.0, angular.z=0.0
[decoded_serial_node-3] [INFO] [1791536951.934350094] [bw_dr03_decoded_serial_node]: RECEIVED /cmd_vel: linear.x=0.0, angular.z=0.0
[target_tracker-7] [INFO] [1791536951.989381625] [target_tracker_node]: muc tieu: no_target_yet
[decoded_serial_node-3] [INFO] [1791536952.001389087] [bw_dr03_decoded_serial_node]: RECEIVED /cmd_vel: linear.x=0.0, angular.z=0.0
[decoded_serial_node-3] [INFO] [1791536952.068355652] [bw_dr03_decoded_serial_node]: RECEIVED /cmd_vel: linear.x=0.0, angular.z=0.0
[python3-4] [INFO] [1791536952.121086137] [identity_lock_node]: camera: nhan nan fps (phoi sang 30 ms, do sang 76), xu ly 11.9 Hz, TB 18 ms/khung, tre tu luc chup 54.9 ms, 1 nguoi, status ENROLLING
[decoded_serial_node-3] [INFO] [1791536952.134403223] [bw_dr03_decoded_serial_node]: RECEIVED /cmd_vel: linear.x=0.0, angular.z=0.0
[decoded_serial_node-3] [INFO] [1791536952.200733379] [bw_dr03_decoded_serial_node]: RECEIVED /cmd_vel: linear.x=0.0, angular.z=0.0
[follow_planner-8] [INFO] [1791536952.267773558] [follow_planner_node]: [IDLE] disabled | d=- goc=- | v=0.000 w=0.000 | thoang=-
[decoded_serial_node-3] [INFO] [1791536952.267878043] [bw_dr03_decoded_serial_node]: RECEIVED /cmd_vel: linear.x=0.0, angular.z=0.0
[decoded_serial_node-3] [INFO] [1791536952.334423106] [bw_dr03_decoded_serial_node]: RECEIVED /cmd_vel: linear.x=0.0, angular.z=0.0
[decoded_serial_node-3] [INFO] [1791536952.401211571] [bw_dr03_decoded_serial_node]: RECEIVED /cmd_vel: linear.x=0.0, angular.z=0.0
[decoded_serial_node-3] [INFO] [1791536952.468357422] [bw_dr03_decoded_serial_node]: RECEIVED /cmd_vel: linear.x=0.0, angular.z=0.0
[decoded_serial_node-3] [INFO] [1791536952.534401432] [bw_dr03_decoded_serial_node]: RECEIVED /cmd_vel: linear.x=0.0, angular.z=0.0
[decoded_serial_node-3] [INFO] [1791536952.601758628] [bw_dr03_decoded_serial_node]: RECEIVED /cmd_vel: linear.x=0.0, angular.z=0.0
[decoded_serial_node-3] [INFO] [1791536952.669641811] [bw_dr03_decoded_serial_node]: RECEIVED /cmd_vel: linear.x=0.0, angular.z=0.0
[decoded_serial_node-3] [INFO] [1791536952.735348619] [bw_dr03_decoded_serial_node]: RECEIVED /cmd_vel: linear.x=0.0, angular.z=0.0
[decoded_serial_node-3] [INFO] [1791536952.801336824] [bw_dr03_decoded_serial_node]: RECEIVED /cmd_vel: linear.x=0.0, angular.z=0.0
[decoded_serial_node-3] [INFO] [1791536952.868133600] [bw_dr03_decoded_serial_node]: RECEIVED /cmd_vel: linear.x=0.0, angular.z=0.0
[decoded_serial_node-3] [INFO] [1791536952.934406764] [bw_dr03_decoded_serial_node]: RECEIVED /cmd_vel: linear.x=0.0, angular.z=0.0
[target_tracker-7] [INFO] [1791536952.990237366] [target_tracker_node]: muc tieu: no_target_yet
[decoded_serial_node-3] [INFO] [1791536953.001463566] [bw_dr03_decoded_serial_node]: RECEIVED /cmd_vel: linear.x=0.0, angular.z=0.0
[decoded_serial_node-3] [INFO] [1791536953.068393321] [bw_dr03_decoded_serial_node]: RECEIVED /cmd_vel: linear.x=0.0, angular.z=0.0
[decoded_serial_node-3] [INFO] [1791536953.134415956] [bw_dr03_decoded_serial_node]: RECEIVED /cmd_vel: linear.x=0.0, angular.z=0.0
[decoded_serial_node-3] [INFO] [1791536953.200728300] [bw_dr03_decoded_serial_node]: RECEIVED /cmd_vel: linear.x=0.0, angular.z=0.0
[follow_planner-8] [INFO] [1791536953.267820720] [follow_planner_node]: [IDLE] disabled | d=- goc=- | v=0.000 w=0.000 | thoang=-
[decoded_serial_node-3] [INFO] [1791536953.268331271] [bw_dr03_decoded_serial_node]: RECEIVED /cmd_vel: linear.x=0.0, angular.z=0.0
[decoded_serial_node-3] [INFO] [1791536953.335740707] [bw_dr03_decoded_serial_node]: RECEIVED /cmd_vel: linear.x=0.0, angular.z=0.0
[decoded_serial_node-3] [INFO] [1791536953.401344216] [bw_dr03_decoded_serial_node]: RECEIVED /cmd_vel: linear.x=0.0, angular.z=0.0
[decoded_serial_node-3] [INFO] [1791536953.468828454] [bw_dr03_decoded_serial_node]: RECEIVED /cmd_vel: linear.x=0.0, angular.z=0.0
[decoded_serial_node-3] [INFO] [1791536953.534553070] [bw_dr03_decoded_serial_node]: RECEIVED /cmd_vel: linear.x=0.0, angular.z=0.0
[decoded_serial_node-3] [INFO] [1791536953.601614618] [bw_dr03_decoded_serial_node]: RECEIVED /cmd_vel: linear.x=0.0, angular.z=0.0
[decoded_serial_node-3] [INFO] [1791536953.667968519] [bw_dr03_decoded_serial_node]: RECEIVED /cmd_vel: linear.x=0.0, angular.z=0.0
[decoded_serial_node-3] [INFO] [1791536953.736039297] [bw_dr03_decoded_serial_node]: RECEIVED /cmd_vel: linear.x=0.0, angular.z=0.0
[decoded_serial_node-3] [INFO] [1791536953.801807844] [bw_dr03_decoded_serial_node]: RECEIVED /cmd_vel: linear.x=0.0, angular.z=0.0
[decoded_serial_node-3] [INFO] [1791536953.868986939] [bw_dr03_decoded_serial_node]: RECEIVED /cmd_vel: linear.x=0.0, angular.z=0.0
[decoded_serial_node-3] [INFO] [1791536953.934614194] [bw_dr03_decoded_serial_node]: RECEIVED /cmd_vel: linear.x=0.0, angular.z=0.0
[decoded_serial_node-3] [INFO] [1791536954.002162547] [bw_dr03_decoded_serial_node]: RECEIVED /cmd_vel: linear.x=0.0, angular.z=0.0
[target_tracker-7] [INFO] [1791536954.039521864] [target_tracker_node]: muc tieu: no_target_yet
[decoded_serial_node-3] [INFO] [1791536954.068330035] [bw_dr03_decoded_serial_node]: RECEIVED /cmd_vel: linear.x=0.0, angular.z=0.0
[decoded_serial_node-3] [INFO] [1791536954.134412035] [bw_dr03_decoded_serial_node]: RECEIVED /cmd_vel: linear.x=0.0, angular.z=0.0
[decoded_serial_node-3] [INFO] [1791536954.202549302] [bw_dr03_decoded_serial_node]: RECEIVED /cmd_vel: linear.x=0.0, angular.z=0.0
[decoded_serial_node-3] [INFO] [1791536954.268740536] [bw_dr03_decoded_serial_node]: RECEIVED /cmd_vel: linear.x=0.0, angular.z=0.0
[decoded_serial_node-3] [INFO] [1791536954.334378475] [bw_dr03_decoded_serial_node]: RECEIVED /cmd_vel: linear.x=0.0, angular.z=0.0
[follow_planner-8] [INFO] [1791536954.334640874] [follow_planner_node]: [IDLE] disabled | d=- goc=- | v=0.000 w=0.000 | thoang=-
[decoded_serial_node-3] [INFO] [1791536954.402008752] [bw_dr03_decoded_serial_node]: RECEIVED /cmd_vel: linear.x=0.0, angular.z=0.0
[decoded_serial_node-3] [INFO] [1791536954.468565684] [bw_dr03_decoded_serial_node]: RECEIVED /cmd_vel: linear.x=0.0, angular.z=0.0
[decoded_serial_node-3] [INFO] [1791536954.534571694] [bw_dr03_decoded_serial_node]: RECEIVED /cmd_vel: linear.x=0.0, angular.z=0.0
[decoded_serial_node-3] [INFO] [1791536954.601950258] [bw_dr03_decoded_serial_node]: RECEIVED /cmd_vel: linear.x=0.0, angular.z=0.0
[decoded_serial_node-3] [INFO] [1791536954.667790043] [bw_dr03_decoded_serial_node]: RECEIVED /cmd_vel: linear.x=0.0, angular.z=0.0
[decoded_serial_node-3] [INFO] [1791536954.734350536] [bw_dr03_decoded_serial_node]: RECEIVED /cmd_vel: linear.x=0.0, angular.z=0.0
[decoded_serial_node-3] [INFO] [1791536954.801607992] [bw_dr03_decoded_serial_node]: RECEIVED /cmd_vel: linear.x=0.0, angular.z=0.0
[decoded_serial_node-3] [INFO] [1791536954.867783791] [bw_dr03_decoded_serial_node]: RECEIVED /cmd_vel: linear.x=0.0, angular.z=0.0
[decoded_serial_node-3] [INFO] [1791536954.934425023] [bw_dr03_decoded_serial_node]: RECEIVED /cmd_vel: linear.x=0.0, angular.z=0.0
[decoded_serial_node-3] [INFO] [1791536955.001789339] [bw_dr03_decoded_serial_node]: RECEIVED /cmd_vel: linear.x=0.0, angular.z=0.0
[decoded_serial_node-3] [INFO] [1791536955.068307086] [bw_dr03_decoded_serial_node]: RECEIVED /cmd_vel: linear.x=0.0, angular.z=0.0
[target_tracker-7] [INFO] [1791536955.089499726] [target_tracker_node]: muc tieu: no_target_yet
[decoded_serial_node-3] [INFO] [1791536955.134461511] [bw_dr03_decoded_serial_node]: RECEIVED /cmd_vel: linear.x=0.0, angular.z=0.0
[decoded_serial_node-3] [INFO] [1791536955.202182023] [bw_dr03_decoded_serial_node]: RECEIVED /cmd_vel: linear.x=0.0, angular.z=0.0
[decoded_serial_node-3] [INFO] [1791536955.270227864] [bw_dr03_decoded_serial_node]: RECEIVED /cmd_vel: linear.x=0.0, angular.z=0.0
[decoded_serial_node-3] [INFO] [1791536955.334394699] [bw_dr03_decoded_serial_node]: RECEIVED /cmd_vel: linear.x=0.0, angular.z=0.0
[follow_planner-8] [INFO] [1791536955.400988436] [follow_planner_node]: [IDLE] disabled | d=- goc=- | v=0.000 w=0.000 | thoang=-
[decoded_serial_node-3] [INFO] [1791536955.401089359] [bw_dr03_decoded_serial_node]: RECEIVED /cmd_vel: linear.x=0.0, angular.z=0.0
[decoded_serial_node-3] [INFO] [1791536955.468404992] [bw_dr03_decoded_serial_node]: RECEIVED /cmd_vel: linear.x=0.0, angular.z=0.0
[decoded_serial_node-3] [INFO] [1791536955.534565353] [bw_dr03_decoded_serial_node]: RECEIVED /cmd_vel: linear.x=0.0, angular.z=0.0
[decoded_serial_node-3] [INFO] [1791536955.601559220] [bw_dr03_decoded_serial_node]: RECEIVED /cmd_vel: linear.x=0.0, angular.z=0.0
[decoded_serial_node-3] [INFO] [1791536955.668005728] [bw_dr03_decoded_serial_node]: RECEIVED /cmd_vel: linear.x=0.0, angular.z=0.0
[decoded_serial_node-3] [INFO] [1791536955.734464109] [bw_dr03_decoded_serial_node]: RECEIVED /cmd_vel: linear.x=0.0, angular.z=0.0
[decoded_serial_node-3] [INFO] [1791536955.801941219] [bw_dr03_decoded_serial_node]: RECEIVED /cmd_vel: linear.x=0.0, angular.z=0.0
[decoded_serial_node-3] [INFO] [1791536955.868742738] [bw_dr03_decoded_serial_node]: RECEIVED /cmd_vel: linear.x=0.0, angular.z=0.0
[decoded_serial_node-3] [INFO] [1791536955.934605080] [bw_dr03_decoded_serial_node]: RECEIVED /cmd_vel: linear.x=0.0, angular.z=0.0
[decoded_serial_node-3] [INFO] [1791536956.001807916] [bw_dr03_decoded_serial_node]: RECEIVED /cmd_vel: linear.x=0.0, angular.z=0.0
[decoded_serial_node-3] [INFO] [1791536956.068918139] [bw_dr03_decoded_serial_node]: RECEIVED /cmd_vel: linear.x=0.0, angular.z=0.0
[target_tracker-7] [INFO] [1791536956.089613288] [target_tracker_node]: muc tieu: no_target_yet
[decoded_serial_node-3] [INFO] [1791536956.134855281] [bw_dr03_decoded_serial_node]: RECEIVED /cmd_vel: linear.x=0.0, angular.z=0.0
[decoded_serial_node-3] [INFO] [1791536956.202402441] [bw_dr03_decoded_serial_node]: RECEIVED /cmd_vel: linear.x=0.0, angular.z=0.0
[decoded_serial_node-3] [INFO] [1791536956.268649475] [bw_dr03_decoded_serial_node]: RECEIVED /cmd_vel: linear.x=0.0, angular.z=0.0
[decoded_serial_node-3] [INFO] [1791536956.334682790] [bw_dr03_decoded_serial_node]: RECEIVED /cmd_vel: linear.x=0.0, angular.z=0.0
[follow_planner-8] [INFO] [1791536956.401828633] [follow_planner_node]: [IDLE] disabled | d=- goc=- | v=0.000 w=0.000 | thoang=-
[decoded_serial_node-3] [INFO] [1791536956.401897498] [bw_dr03_decoded_serial_node]: RECEIVED /cmd_vel: linear.x=0.0, angular.z=0.0
[decoded_serial_node-3] [INFO] [1791536956.468251392] [bw_dr03_decoded_serial_node]: RECEIVED /cmd_vel: linear.x=0.0, angular.z=0.0
[decoded_serial_node-3] [INFO] [1791536956.534805945] [bw_dr03_decoded_serial_node]: RECEIVED /cmd_vel: linear.x=0.0, angular.z=0.0
[decoded_serial_node-3] [INFO] [1791536956.601651393] [bw_dr03_decoded_serial_node]: RECEIVED /cmd_vel: linear.x=0.0, angular.z=0.0
[decoded_serial_node-3] [INFO] [1791536956.668822170] [bw_dr03_decoded_serial_node]: RECEIVED /cmd_vel: linear.x=0.0, angular.z=0.0
[decoded_serial_node-3] [INFO] [1791536956.734457730] [bw_dr03_decoded_serial_node]: RECEIVED /cmd_vel: linear.x=0.0, angular.z=0.0
[decoded_serial_node-3] [INFO] [1791536956.801623757] [bw_dr03_decoded_serial_node]: RECEIVED /cmd_vel: linear.x=0.0, angular.z=0.0
[decoded_serial_node-3] [INFO] [1791536956.869244531] [bw_dr03_decoded_serial_node]: RECEIVED /cmd_vel: linear.x=0.0, angular.z=0.0
[decoded_serial_node-3] [INFO] [1791536956.934496584] [bw_dr03_decoded_serial_node]: RECEIVED /cmd_vel: linear.x=0.0, angular.z=0.0
[decoded_serial_node-3] [INFO] [1791536957.002294270] [bw_dr03_decoded_serial_node]: RECEIVED /cmd_vel: linear.x=0.0, angular.z=0.0
[decoded_serial_node-3] [INFO] [1791536957.067878773] [bw_dr03_decoded_serial_node]: RECEIVED /cmd_vel: linear.x=0.0, angular.z=0.0
[decoded_serial_node-3] [INFO] [1791536957.134400078] [bw_dr03_decoded_serial_node]: RECEIVED /cmd_vel: linear.x=0.0, angular.z=0.0
[target_tracker-7] [INFO] [1791536957.139308497] [target_tracker_node]: muc tieu: no_target_yet
[decoded_serial_node-3] [INFO] [1791536957.201415313] [bw_dr03_decoded_serial_node]: RECEIVED /cmd_vel: linear.x=0.0, angular.z=0.0
[decoded_serial_node-3] [INFO] [1791536957.268201392] [bw_dr03_decoded_serial_node]: RECEIVED /cmd_vel: linear.x=0.0, angular.z=0.0
[decoded_serial_node-3] [INFO] [1791536957.334443675] [bw_dr03_decoded_serial_node]: RECEIVED /cmd_vel: linear.x=0.0, angular.z=0.0
[decoded_serial_node-3] [INFO] [1791536957.401778301] [bw_dr03_decoded_serial_node]: RECEIVED /cmd_vel: linear.x=0.0, angular.z=0.0
[follow_planner-8] [INFO] [1791536957.468978759] [follow_planner_node]: [IDLE] disabled | d=- goc=- | v=0.000 w=0.000 | thoang=-
[decoded_serial_node-3] [INFO] [1791536957.468978759] [bw_dr03_decoded_serial_node]: RECEIVED /cmd_vel: linear.x=0.0, angular.z=0.0
[decoded_serial_node-3] [INFO] [1791536957.534363790] [bw_dr03_decoded_serial_node]: RECEIVED /cmd_vel: linear.x=0.0, angular.z=0.0
[decoded_serial_node-3] [INFO] [1791536957.601647361] [bw_dr03_decoded_serial_node]: RECEIVED /cmd_vel: linear.x=0.0, angular.z=0.0
[decoded_serial_node-3] [INFO] [1791536957.667909829] [bw_dr03_decoded_serial_node]: RECEIVED /cmd_vel: linear.x=0.0, angular.z=0.0
[decoded_serial_node-3] [INFO] [1791536957.734502374] [bw_dr03_decoded_serial_node]: RECEIVED /cmd_vel: linear.x=0.0, angular.z=0.0
[decoded_serial_node-3] [INFO] [1791536957.800783839] [bw_dr03_decoded_serial_node]: RECEIVED /cmd_vel: linear.x=0.0, angular.z=0.0
[decoded_serial_node-3] [INFO] [1791536957.868904476] [bw_dr03_decoded_serial_node]: RECEIVED /cmd_vel: linear.x=0.0, angular.z=0.0
[decoded_serial_node-3] [INFO] [1791536957.934488979] [bw_dr03_decoded_serial_node]: RECEIVED /cmd_vel: linear.x=0.0, angular.z=0.0
[decoded_serial_node-3] [INFO] [1791536958.001955398] [bw_dr03_decoded_serial_node]: RECEIVED /cmd_vel: linear.x=0.0, angular.z=0.0
[decoded_serial_node-3] [INFO] [1791536958.068488575] [bw_dr03_decoded_serial_node]: RECEIVED /cmd_vel: linear.x=0.0, angular.z=0.0
[decoded_serial_node-3] [INFO] [1791536958.134320040] [bw_dr03_decoded_serial_node]: RECEIVED /cmd_vel: linear.x=0.0, angular.z=0.0
[target_tracker-7] [INFO] [1791536958.188841007] [target_tracker_node]: muc tieu: no_target_yet
[decoded_serial_node-3] [INFO] [1791536958.202612838] [bw_dr03_decoded_serial_node]: RECEIVED /cmd_vel: linear.x=0.0, angular.z=0.0
[decoded_serial_node-3] [INFO] [1791536958.268682956] [bw_dr03_decoded_serial_node]: RECEIVED /cmd_vel: linear.x=0.0, angular.z=0.0
[decoded_serial_node-3] [INFO] [1791536958.334744763] [bw_dr03_decoded_serial_node]: RECEIVED /cmd_vel: linear.x=0.0, angular.z=0.0
[decoded_serial_node-3] [INFO] [1791536958.401543902] [bw_dr03_decoded_serial_node]: RECEIVED /cmd_vel: linear.x=0.0, angular.z=0.0
[decoded_serial_node-3] [INFO] [1791536958.468920082] [bw_dr03_decoded_serial_node]: RECEIVED /cmd_vel: linear.x=0.0, angular.z=0.0
[decoded_serial_node-3] [INFO] [1791536958.534421469] [bw_dr03_decoded_serial_node]: RECEIVED /cmd_vel: linear.x=0.0, angular.z=0.0
[follow_planner-8] [INFO] [1791536958.534865530] [follow_planner_node]: [IDLE] disabled | d=- goc=- | v=0.000 w=0.000 | thoang=-
[decoded_serial_node-3] [INFO] [1791536958.601722848] [bw_dr03_decoded_serial_node]: RECEIVED /cmd_vel: linear.x=0.0, angular.z=0.0
[decoded_serial_node-3] [INFO] [1791536958.668181223] [bw_dr03_decoded_serial_node]: RECEIVED /cmd_vel: linear.x=0.0, angular.z=0.0
[decoded_serial_node-3] [INFO] [1791536958.734437752] [bw_dr03_decoded_serial_node]: RECEIVED /cmd_vel: linear.x=0.0, angular.z=0.0
[decoded_serial_node-3] [INFO] [1791536958.800665785] [bw_dr03_decoded_serial_node]: RECEIVED /cmd_vel: linear.x=0.0, angular.z=0.0
[decoded_serial_node-3] [INFO] [1791536958.868357794] [bw_dr03_decoded_serial_node]: RECEIVED /cmd_vel: linear.x=0.0, angular.z=0.0
[decoded_serial_node-3] [INFO] [1791536958.934376857] [bw_dr03_decoded_serial_node]: RECEIVED /cmd_vel: linear.x=0.0, angular.z=0.0
[decoded_serial_node-3] [INFO] [1791536959.001525070] [bw_dr03_decoded_serial_node]: RECEIVED /cmd_vel: linear.x=0.0, angular.z=0.0
[decoded_serial_node-3] [INFO] [1791536959.068391884] [bw_dr03_decoded_serial_node]: RECEIVED /cmd_vel: linear.x=0.0, angular.z=0.0
[decoded_serial_node-3] [INFO] [1791536959.134400259] [bw_dr03_decoded_serial_node]: RECEIVED /cmd_vel: linear.x=0.0, angular.z=0.0
[target_tracker-7] [INFO] [1791536959.190676097] [target_tracker_node]: muc tieu: no_target_yet
[decoded_serial_node-3] [INFO] [1791536959.201334751] [bw_dr03_decoded_serial_node]: RECEIVED /cmd_vel: linear.x=0.0, angular.z=0.0
[decoded_serial_node-3] [INFO] [1791536959.267927292] [bw_dr03_decoded_serial_node]: RECEIVED /cmd_vel: linear.x=0.0, angular.z=0.0
[decoded_serial_node-3] [INFO] [1791536959.335273787] [bw_dr03_decoded_serial_node]: RECEIVED /cmd_vel: linear.x=0.0, angular.z=0.0
[decoded_serial_node-3] [INFO] [1791536959.402342447] [bw_dr03_decoded_serial_node]: RECEIVED /cmd_vel: linear.x=0.0, angular.z=0.0
[decoded_serial_node-3] [INFO] [1791536959.468910054] [bw_dr03_decoded_serial_node]: RECEIVED /cmd_vel: linear.x=0.0, angular.z=0.0
[decoded_serial_node-3] [INFO] [1791536959.534361571] [bw_dr03_decoded_serial_node]: RECEIVED /cmd_vel: linear.x=0.0, angular.z=0.0
[follow_planner-8] [INFO] [1791536959.601407672] [follow_planner_node]: [IDLE] disabled | d=- goc=- | v=0.000 w=0.000 | thoang=-
[decoded_serial_node-3] [INFO] [1791536959.601820862] [bw_dr03_decoded_serial_node]: RECEIVED /cmd_vel: linear.x=0.0, angular.z=0.0
[decoded_serial_node-3] [INFO] [1791536959.669010630] [bw_dr03_decoded_serial_node]: RECEIVED /cmd_vel: linear.x=0.0, angular.z=0.0
[decoded_serial_node-3] [INFO] [1791536959.734769666] [bw_dr03_decoded_serial_node]: RECEIVED /cmd_vel: linear.x=0.0, angular.z=0.0
[decoded_serial_node-3] [INFO] [1791536959.801887006] [bw_dr03_decoded_serial_node]: RECEIVED /cmd_vel: linear.x=0.0, angular.z=0.0
[decoded_serial_node-3] [INFO] [1791536959.867959497] [bw_dr03_decoded_serial_node]: RECEIVED /cmd_vel: linear.x=0.0, angular.z=0.0
[decoded_serial_node-3] [INFO] [1791536959.934626839] [bw_dr03_decoded_serial_node]: RECEIVED /cmd_vel: linear.x=0.0, angular.z=0.0
[decoded_serial_node-3] [INFO] [1791536960.002176368] [bw_dr03_decoded_serial_node]: RECEIVED /cmd_vel: linear.x=0.0, angular.z=0.0
[decoded_serial_node-3] [INFO] [1791536960.068564686] [bw_dr03_decoded_serial_node]: RECEIVED /cmd_vel: linear.x=0.0, angular.z=0.0
[decoded_serial_node-3] [INFO] [1791536960.135254586] [bw_dr03_decoded_serial_node]: RECEIVED /cmd_vel: linear.x=0.0, angular.z=0.0
[decoded_serial_node-3] [INFO] [1791536960.201766386] [bw_dr03_decoded_serial_node]: RECEIVED /cmd_vel: linear.x=0.0, angular.z=0.0
[target_tracker-7] [INFO] [1791536960.239271737] [target_tracker_node]: muc tieu: no_target_yet
[decoded_serial_node-3] [INFO] [1791536960.268507341] [bw_dr03_decoded_serial_node]: RECEIVED /cmd_vel: linear.x=0.0, angular.z=0.0
[decoded_serial_node-3] [INFO] [1791536960.334883786] [bw_dr03_decoded_serial_node]: RECEIVED /cmd_vel: linear.x=0.0, angular.z=0.0
[decoded_serial_node-3] [INFO] [1791536960.401794529] [bw_dr03_decoded_serial_node]: RECEIVED /cmd_vel: linear.x=0.0, angular.z=0.0
[decoded_serial_node-3] [INFO] [1791536960.468185222] [bw_dr03_decoded_serial_node]: RECEIVED /cmd_vel: linear.x=0.0, angular.z=0.0
[decoded_serial_node-3] [INFO] [1791536960.534528421] [bw_dr03_decoded_serial_node]: RECEIVED /cmd_vel: linear.x=0.0, angular.z=0.0
[decoded_serial_node-3] [INFO] [1791536960.601859479] [bw_dr03_decoded_serial_node]: RECEIVED /cmd_vel: linear.x=0.0, angular.z=0.0
[follow_planner-8] [INFO] [1791536960.667807298] [follow_planner_node]: [IDLE] disabled | d=- goc=- | v=0.000 w=0.000 | thoang=-
[decoded_serial_node-3] [INFO] [1791536960.668360593] [bw_dr03_decoded_serial_node]: RECEIVED /cmd_vel: linear.x=0.0, angular.z=0.0
[decoded_serial_node-3] [INFO] [1791536960.734507884] [bw_dr03_decoded_serial_node]: RECEIVED /cmd_vel: linear.x=0.0, angular.z=0.0
[decoded_serial_node-3] [INFO] [1791536960.801748704] [bw_dr03_decoded_serial_node]: RECEIVED /cmd_vel: linear.x=0.0, angular.z=0.0
[decoded_serial_node-3] [INFO] [1791536960.869874085] [bw_dr03_decoded_serial_node]: RECEIVED /cmd_vel: linear.x=0.0, angular.z=0.0
[decoded_serial_node-3] [INFO] [1791536960.934617952] [bw_dr03_decoded_serial_node]: RECEIVED /cmd_vel: linear.x=0.0, angular.z=0.0
[decoded_serial_node-3] [INFO] [1791536961.001425397] [bw_dr03_decoded_serial_node]: RECEIVED /cmd_vel: linear.x=0.0, angular.z=0.0
[decoded_serial_node-3] [INFO] [1791536961.068372946] [bw_dr03_decoded_serial_node]: RECEIVED /cmd_vel: linear.x=0.0, angular.z=0.0
[decoded_serial_node-3] [INFO] [1791536961.134396752] [bw_dr03_decoded_serial_node]: RECEIVED /cmd_vel: linear.x=0.0, angular.z=0.0
[decoded_serial_node-3] [INFO] [1791536961.201439286] [bw_dr03_decoded_serial_node]: RECEIVED /cmd_vel: linear.x=0.0, angular.z=0.0
[decoded_serial_node-3] [INFO] [1791536961.267578263] [bw_dr03_decoded_serial_node]: RECEIVED /cmd_vel: linear.x=0.0, angular.z=0.0
[target_tracker-7] [INFO] [1791536961.289725512] [target_tracker_node]: muc tieu: no_target_yet
[decoded_serial_node-3] [INFO] [1791536961.334384519] [bw_dr03_decoded_serial_node]: RECEIVED /cmd_vel: linear.x=0.0, angular.z=0.0
[decoded_serial_node-3] [INFO] [1791536961.401723886] [bw_dr03_decoded_serial_node]: RECEIVED /cmd_vel: linear.x=0.0, angular.z=0.0
[decoded_serial_node-3] [INFO] [1791536961.468492147] [bw_dr03_decoded_serial_node]: RECEIVED /cmd_vel: linear.x=0.0, angular.z=0.0
[decoded_serial_node-3] [INFO] [1791536961.534615689] [bw_dr03_decoded_serial_node]: RECEIVED /cmd_vel: linear.x=0.0, angular.z=0.0
[decoded_serial_node-3] [INFO] [1791536961.602021546] [bw_dr03_decoded_serial_node]: RECEIVED /cmd_vel: linear.x=0.0, angular.z=0.0
[decoded_serial_node-3] [INFO] [1791536961.668284005] [bw_dr03_decoded_serial_node]: RECEIVED /cmd_vel: linear.x=0.0, angular.z=0.0
[decoded_serial_node-3] [INFO] [1791536961.734496596] [bw_dr03_decoded_serial_node]: RECEIVED /cmd_vel: linear.x=0.0, angular.z=0.0
[follow_planner-8] [INFO] [1791536961.734539340] [follow_planner_node]: [IDLE] disabled | d=- goc=- | v=0.000 w=0.000 | thoang=-
[decoded_serial_node-3] [INFO] [1791536961.801902453] [bw_dr03_decoded_serial_node]: RECEIVED /cmd_vel: linear.x=0.0, angular.z=0.0
[decoded_serial_node-3] [INFO] [1791536961.869884165] [bw_dr03_decoded_serial_node]: RECEIVED /cmd_vel: linear.x=0.0, angular.z=0.0
[decoded_serial_node-3] [INFO] [1791536961.934454680] [bw_dr03_decoded_serial_node]: RECEIVED /cmd_vel: linear.x=0.0, angular.z=0.0
[decoded_serial_node-3] [INFO] [1791536962.002042199] [bw_dr03_decoded_serial_node]: RECEIVED /cmd_vel: linear.x=0.0, angular.z=0.0
[decoded_serial_node-3] [INFO] [1791536962.068779588] [bw_dr03_decoded_serial_node]: RECEIVED /cmd_vel: linear.x=0.0, angular.z=0.0
[decoded_serial_node-3] [INFO] [1791536962.134446006] [bw_dr03_decoded_serial_node]: RECEIVED /cmd_vel: linear.x=0.0, angular.z=0.0
[python3-4] [INFO] [1791536962.186671859] [identity_lock_node]: camera: nhan 12.5 fps (phoi sang 30 ms, do sang 79), xu ly 12.5 Hz, TB 21 ms/khung, tre tu luc chup 39.8 ms, 1 nguoi, status ENROLLING
[decoded_serial_node-3] [INFO] [1791536962.202056081] [bw_dr03_decoded_serial_node]: RECEIVED /cmd_vel: linear.x=0.0, angular.z=0.0
[decoded_serial_node-3] [INFO] [1791536962.268011020] [bw_dr03_decoded_serial_node]: RECEIVED /cmd_vel: linear.x=0.0, angular.z=0.0
[decoded_serial_node-3] [INFO] [1791536962.334563185] [bw_dr03_decoded_serial_node]: RECEIVED /cmd_vel: linear.x=0.0, angular.z=0.0
[target_tracker-7] [INFO] [1791536962.339705507] [target_tracker_node]: muc tieu: no_target_yet
[decoded_serial_node-3] [INFO] [1791536962.401253081] [bw_dr03_decoded_serial_node]: RECEIVED /cmd_vel: linear.x=0.0, angular.z=0.0
[decoded_serial_node-3] [INFO] [1791536962.468290864] [bw_dr03_decoded_serial_node]: RECEIVED /cmd_vel: linear.x=0.0, angular.z=0.0
[decoded_serial_node-3] [INFO] [1791536962.534692239] [bw_dr03_decoded_serial_node]: RECEIVED /cmd_vel: linear.x=0.0, angular.z=0.0
[decoded_serial_node-3] [INFO] [1791536962.601384509] [bw_dr03_decoded_serial_node]: RECEIVED /cmd_vel: linear.x=0.0, angular.z=0.0
[decoded_serial_node-3] [INFO] [1791536962.668381923] [bw_dr03_decoded_serial_node]: RECEIVED /cmd_vel: linear.x=0.0, angular.z=0.0
[decoded_serial_node-3] [INFO] [1791536962.734919840] [bw_dr03_decoded_serial_node]: RECEIVED /cmd_vel: linear.x=0.0, angular.z=0.0
[follow_planner-8] [INFO] [1791536962.734953085] [follow_planner_node]: [IDLE] disabled | d=- goc=- | v=0.000 w=0.000 | thoang=-
[decoded_serial_node-3] [INFO] [1791536962.801413826] [bw_dr03_decoded_serial_node]: RECEIVED /cmd_vel: linear.x=0.0, angular.z=0.0
[decoded_serial_node-3] [INFO] [1791536962.867898314] [bw_dr03_decoded_serial_node]: RECEIVED /cmd_vel: linear.x=0.0, angular.z=0.0
[decoded_serial_node-3] [INFO] [1791536962.934444543] [bw_dr03_decoded_serial_node]: RECEIVED /cmd_vel: linear.x=0.0, angular.z=0.0
[decoded_serial_node-3] [INFO] [1791536963.002244591] [bw_dr03_decoded_serial_node]: RECEIVED /cmd_vel: linear.x=0.0, angular.z=0.0
[decoded_serial_node-3] [INFO] [1791536963.068306387] [bw_dr03_decoded_serial_node]: RECEIVED /cmd_vel: linear.x=0.0, angular.z=0.0
[decoded_serial_node-3] [INFO] [1791536963.134460795] [bw_dr03_decoded_serial_node]: RECEIVED /cmd_vel: linear.x=0.0, angular.z=0.0
[decoded_serial_node-3] [INFO] [1791536963.201973508] [bw_dr03_decoded_serial_node]: RECEIVED /cmd_vel: linear.x=0.0, angular.z=0.0
[decoded_serial_node-3] [INFO] [1791536963.268040054] [bw_dr03_decoded_serial_node]: RECEIVED /cmd_vel: linear.x=0.0, angular.z=0.0
[decoded_serial_node-3] [INFO] [1791536963.334690765] [bw_dr03_decoded_serial_node]: RECEIVED /cmd_vel: linear.x=0.0, angular.z=0.0
[target_tracker-7] [INFO] [1791536963.340055117] [target_tracker_node]: muc tieu: no_target_yet
[decoded_serial_node-3] [INFO] [1791536963.401887648] [bw_dr03_decoded_serial_node]: RECEIVED /cmd_vel: linear.x=0.0, angular.z=0.0
[decoded_serial_node-3] [INFO] [1791536963.467991001] [bw_dr03_decoded_serial_node]: RECEIVED /cmd_vel: linear.x=0.0, angular.z=0.0
[decoded_serial_node-3] [INFO] [1791536963.534378126] [bw_dr03_decoded_serial_node]: RECEIVED /cmd_vel: linear.x=0.0, angular.z=0.0
[decoded_serial_node-3] [INFO] [1791536963.602429885] [bw_dr03_decoded_serial_node]: RECEIVED /cmd_vel: linear.x=0.0, angular.z=0.0
[decoded_serial_node-3] [INFO] [1791536963.668166354] [bw_dr03_decoded_serial_node]: RECEIVED /cmd_vel: linear.x=0.0, angular.z=0.0
[decoded_serial_node-3] [INFO] [1791536963.734429996] [bw_dr03_decoded_serial_node]: RECEIVED /cmd_vel: linear.x=0.0, angular.z=0.0
[follow_planner-8] [INFO] [1791536963.801499835] [follow_planner_node]: [IDLE] disabled | d=- goc=- | v=0.000 w=0.000 | thoang=-
[decoded_serial_node-3] [INFO] [1791536963.801977141] [bw_dr03_decoded_serial_node]: RECEIVED /cmd_vel: linear.x=0.0, angular.z=0.0
[decoded_serial_node-3] [INFO] [1791536963.868957930] [bw_dr03_decoded_serial_node]: RECEIVED /cmd_vel: linear.x=0.0, angular.z=0.0
[decoded_serial_node-3] [INFO] [1791536963.934606536] [bw_dr03_decoded_serial_node]: RECEIVED /cmd_vel: linear.x=0.0, angular.z=0.0
[decoded_serial_node-3] [INFO] [1791536964.001416350] [bw_dr03_decoded_serial_node]: RECEIVED /cmd_vel: linear.x=0.0, angular.z=0.0
[decoded_serial_node-3] [INFO] [1791536964.068308087] [bw_dr03_decoded_serial_node]: RECEIVED /cmd_vel: linear.x=0.0, angular.z=0.0
[decoded_serial_node-3] [INFO] [1791536964.134523047] [bw_dr03_decoded_serial_node]: RECEIVED /cmd_vel: linear.x=0.0, angular.z=0.0
[decoded_serial_node-3] [INFO] [1791536964.201883779] [bw_dr03_decoded_serial_node]: RECEIVED /cmd_vel: linear.x=0.0, angular.z=0.0
[decoded_serial_node-3] [INFO] [1791536964.268935806] [bw_dr03_decoded_serial_node]: RECEIVED /cmd_vel: linear.x=0.0, angular.z=0.0
[decoded_serial_node-3] [INFO] [1791536964.335066465] [bw_dr03_decoded_serial_node]: RECEIVED /cmd_vel: linear.x=0.0, angular.z=0.0
[target_tracker-7] [INFO] [1791536964.389025816] [target_tracker_node]: muc tieu: no_target_yet
[decoded_serial_node-3] [INFO] [1791536964.401004777] [bw_dr03_decoded_serial_node]: RECEIVED /cmd_vel: linear.x=0.0, angular.z=0.0
[decoded_serial_node-3] [INFO] [1791536964.468135168] [bw_dr03_decoded_serial_node]: RECEIVED /cmd_vel: linear.x=0.0, angular.z=0.0
[decoded_serial_node-3] [INFO] [1791536964.534411869] [bw_dr03_decoded_serial_node]: RECEIVED /cmd_vel: linear.x=0.0, angular.z=0.0
[decoded_serial_node-3] [INFO] [1791536964.601824843] [bw_dr03_decoded_serial_node]: RECEIVED /cmd_vel: linear.x=0.0, angular.z=0.0
[decoded_serial_node-3] [INFO] [1791536964.668273707] [bw_dr03_decoded_serial_node]: RECEIVED /cmd_vel: linear.x=0.0, angular.z=0.0
[decoded_serial_node-3] [INFO] [1791536964.734432862] [bw_dr03_decoded_serial_node]: RECEIVED /cmd_vel: linear.x=0.0, angular.z=0.0
[decoded_serial_node-3] [INFO] [1791536964.801870771] [bw_dr03_decoded_serial_node]: RECEIVED /cmd_vel: linear.x=0.0, angular.z=0.0
[follow_planner-8] [INFO] [1791536964.867825706] [follow_planner_node]: [IDLE] disabled | d=- goc=- | v=0.000 w=0.000 | thoang=-
[decoded_serial_node-3] [INFO] [1791536964.868177155] [bw_dr03_decoded_serial_node]: RECEIVED /cmd_vel: linear.x=0.0, angular.z=0.0
[decoded_serial_node-3] [INFO] [1791536964.934463355] [bw_dr03_decoded_serial_node]: RECEIVED /cmd_vel: linear.x=0.0, angular.z=0.0
[decoded_serial_node-3] [INFO] [1791536965.001559313] [bw_dr03_decoded_serial_node]: RECEIVED /cmd_vel: linear.x=0.0, angular.z=0.0
[decoded_serial_node-3] [INFO] [1791536965.068145904] [bw_dr03_decoded_serial_node]: RECEIVED /cmd_vel: linear.x=0.0, angular.z=0.0
[decoded_serial_node-3] [INFO] [1791536965.134504529] [bw_dr03_decoded_serial_node]: RECEIVED /cmd_vel: linear.x=0.0, angular.z=0.0
[decoded_serial_node-3] [INFO] [1791536965.202177526] [bw_dr03_decoded_serial_node]: RECEIVED /cmd_vel: linear.x=0.0, angular.z=0.0
[decoded_serial_node-3] [INFO] [1791536965.268223883] [bw_dr03_decoded_serial_node]: RECEIVED /cmd_vel: linear.x=0.0, angular.z=0.0
[decoded_serial_node-3] [INFO] [1791536965.334800976] [bw_dr03_decoded_serial_node]: RECEIVED /cmd_vel: linear.x=0.0, angular.z=0.0
[target_tracker-7] [INFO] [1791536965.390052139] [target_tracker_node]: muc tieu: no_target_yet
[decoded_serial_node-3] [INFO] [1791536965.400824774] [bw_dr03_decoded_serial_node]: RECEIVED /cmd_vel: linear.x=0.0, angular.z=0.0
[decoded_serial_node-3] [INFO] [1791536965.468872968] [bw_dr03_decoded_serial_node]: RECEIVED /cmd_vel: linear.x=0.0, angular.z=0.0
[decoded_serial_node-3] [INFO] [1791536965.534319724] [bw_dr03_decoded_serial_node]: RECEIVED /cmd_vel: linear.x=0.0, angular.z=0.0
[decoded_serial_node-3] [INFO] [1791536965.601699451] [bw_dr03_decoded_serial_node]: RECEIVED /cmd_vel: linear.x=0.0, angular.z=0.0
[decoded_serial_node-3] [INFO] [1791536965.668712294] [bw_dr03_decoded_serial_node]: RECEIVED /cmd_vel: linear.x=0.0, angular.z=0.0
[decoded_serial_node-3] [INFO] [1791536965.734351397] [bw_dr03_decoded_serial_node]: RECEIVED /cmd_vel: linear.x=0.0, angular.z=0.0
[decoded_serial_node-3] [INFO] [1791536965.802254736] [bw_dr03_decoded_serial_node]: RECEIVED /cmd_vel: linear.x=0.0, angular.z=0.0
[decoded_serial_node-3] [INFO] [1791536965.867938958] [bw_dr03_decoded_serial_node]: RECEIVED /cmd_vel: linear.x=0.0, angular.z=0.0
[follow_planner-8] [INFO] [1791536965.868183548] [follow_planner_node]: [IDLE] disabled | d=- goc=- | v=0.000 w=0.000 | thoang=-
[decoded_serial_node-3] [INFO] [1791536965.934543360] [bw_dr03_decoded_serial_node]: RECEIVED /cmd_vel: linear.x=0.0, angular.z=0.0
[decoded_serial_node-3] [INFO] [1791536966.001509897] [bw_dr03_decoded_serial_node]: RECEIVED /cmd_vel: linear.x=0.0, angular.z=0.0
[decoded_serial_node-3] [INFO] [1791536966.067996751] [bw_dr03_decoded_serial_node]: RECEIVED /cmd_vel: linear.x=0.0, angular.z=0.0
[decoded_serial_node-3] [INFO] [1791536966.134503789] [bw_dr03_decoded_serial_node]: RECEIVED /cmd_vel: linear.x=0.0, angular.z=0.0
[decoded_serial_node-3] [INFO] [1791536966.201689980] [bw_dr03_decoded_serial_node]: RECEIVED /cmd_vel: linear.x=0.0, angular.z=0.0
[decoded_serial_node-3] [INFO] [1791536966.268202955] [bw_dr03_decoded_serial_node]: RECEIVED /cmd_vel: linear.x=0.0, angular.z=0.0
[decoded_serial_node-3] [INFO] [1791536966.334410787] [bw_dr03_decoded_serial_node]: RECEIVED /cmd_vel: linear.x=0.0, angular.z=0.0
[decoded_serial_node-3] [INFO] [1791536966.402622830] [bw_dr03_decoded_serial_node]: RECEIVED /cmd_vel: linear.x=0.0, angular.z=0.0
[target_tracker-7] [INFO] [1791536966.439260236] [target_tracker_node]: muc tieu: no_target_yet
[decoded_serial_node-3] [INFO] [1791536966.468196628] [bw_dr03_decoded_serial_node]: RECEIVED /cmd_vel: linear.x=0.0, angular.z=0.0
[decoded_serial_node-3] [INFO] [1791536966.534416333] [bw_dr03_decoded_serial_node]: RECEIVED /cmd_vel: linear.x=0.0, angular.z=0.0
[decoded_serial_node-3] [INFO] [1791536966.601458856] [bw_dr03_decoded_serial_node]: RECEIVED /cmd_vel: linear.x=0.0, angular.z=0.0
[decoded_serial_node-3] [INFO] [1791536966.668949003] [bw_dr03_decoded_serial_node]: RECEIVED /cmd_vel: linear.x=0.0, angular.z=0.0
[decoded_serial_node-3] [INFO] [1791536966.734567920] [bw_dr03_decoded_serial_node]: RECEIVED /cmd_vel: linear.x=0.0, angular.z=0.0
[decoded_serial_node-3] [INFO] [1791536966.802230229] [bw_dr03_decoded_serial_node]: RECEIVED /cmd_vel: linear.x=0.0, angular.z=0.0
[decoded_serial_node-3] [INFO] [1791536966.868547295] [bw_dr03_decoded_serial_node]: RECEIVED /cmd_vel: linear.x=0.0, angular.z=0.0
[decoded_serial_node-3] [INFO] [1791536966.936614484] [bw_dr03_decoded_serial_node]: RECEIVED /cmd_vel: linear.x=0.0, angular.z=0.0
[follow_planner-8] [INFO] [1791536966.936749839] [follow_planner_node]: [IDLE] disabled | d=- goc=- | v=0.000 w=0.000 | thoang=-
[decoded_serial_node-3] [INFO] [1791536967.002292767] [bw_dr03_decoded_serial_node]: RECEIVED /cmd_vel: linear.x=0.0, angular.z=0.0
[decoded_serial_node-3] [INFO] [1791536967.068312999] [bw_dr03_decoded_serial_node]: RECEIVED /cmd_vel: linear.x=0.0, angular.z=0.0
[decoded_serial_node-3] [INFO] [1791536967.134728611] [bw_dr03_decoded_serial_node]: RECEIVED /cmd_vel: linear.x=0.0, angular.z=0.0
[decoded_serial_node-3] [INFO] [1791536967.201672584] [bw_dr03_decoded_serial_node]: RECEIVED /cmd_vel: linear.x=0.0, angular.z=0.0
[decoded_serial_node-3] [INFO] [1791536967.267867353] [bw_dr03_decoded_serial_node]: RECEIVED /cmd_vel: linear.x=0.0, angular.z=0.0
[decoded_serial_node-3] [INFO] [1791536967.334489561] [bw_dr03_decoded_serial_node]: RECEIVED /cmd_vel: linear.x=0.0, angular.z=0.0
[decoded_serial_node-3] [INFO] [1791536967.401749364] [bw_dr03_decoded_serial_node]: RECEIVED /cmd_vel: linear.x=0.0, angular.z=0.0
[target_tracker-7] [INFO] [1791536967.439432806] [target_tracker_node]: muc tieu: no_target_yet
[decoded_serial_node-3] [INFO] [1791536967.469873542] [bw_dr03_decoded_serial_node]: RECEIVED /cmd_vel: linear.x=0.0, angular.z=0.0
[decoded_serial_node-3] [INFO] [1791536967.534571089] [bw_dr03_decoded_serial_node]: RECEIVED /cmd_vel: linear.x=0.0, angular.z=0.0
[decoded_serial_node-3] [INFO] [1791536967.601995931] [bw_dr03_decoded_serial_node]: RECEIVED /cmd_vel: linear.x=0.0, angular.z=0.0
[decoded_serial_node-3] [INFO] [1791536967.668273813] [bw_dr03_decoded_serial_node]: RECEIVED /cmd_vel: linear.x=0.0, angular.z=0.0
[decoded_serial_node-3] [INFO] [1791536967.734671615] [bw_dr03_decoded_serial_node]: RECEIVED /cmd_vel: linear.x=0.0, angular.z=0.0
[decoded_serial_node-3] [INFO] [1791536967.801449363] [bw_dr03_decoded_serial_node]: RECEIVED /cmd_vel: linear.x=0.0, angular.z=0.0
[decoded_serial_node-3] [INFO] [1791536967.868953755] [bw_dr03_decoded_serial_node]: RECEIVED /cmd_vel: linear.x=0.0, angular.z=0.0
[decoded_serial_node-3] [INFO] [1791536967.934398133] [bw_dr03_decoded_serial_node]: RECEIVED /cmd_vel: linear.x=0.0, angular.z=0.0
[decoded_serial_node-3] [INFO] [1791536968.001910837] [bw_dr03_decoded_serial_node]: RECEIVED /cmd_vel: linear.x=0.0, angular.z=0.0
[follow_planner-8] [INFO] [1791536968.001952393] [follow_planner_node]: [IDLE] disabled | d=- goc=- | v=0.000 w=0.000 | thoang=-
[decoded_serial_node-3] [INFO] [1791536968.067573680] [bw_dr03_decoded_serial_node]: RECEIVED /cmd_vel: linear.x=0.0, angular.z=0.0
[decoded_serial_node-3] [INFO] [1791536968.134483219] [bw_dr03_decoded_serial_node]: RECEIVED /cmd_vel: linear.x=0.0, angular.z=0.0
[decoded_serial_node-3] [INFO] [1791536968.202670324] [bw_dr03_decoded_serial_node]: RECEIVED /cmd_vel: linear.x=0.0, angular.z=0.0
[decoded_serial_node-3] [INFO] [1791536968.268812848] [bw_dr03_decoded_serial_node]: RECEIVED /cmd_vel: linear.x=0.0, angular.z=0.0
[decoded_serial_node-3] [INFO] [1791536968.334345086] [bw_dr03_decoded_serial_node]: RECEIVED /cmd_vel: linear.x=0.0, angular.z=0.0
[decoded_serial_node-3] [INFO] [1791536968.401578765] [bw_dr03_decoded_serial_node]: RECEIVED /cmd_vel: linear.x=0.0, angular.z=0.0
[target_tracker-7] [INFO] [1791536968.439237272] [target_tracker_node]: muc tieu: no_target_yet
[decoded_serial_node-3] [INFO] [1791536968.470139878] [bw_dr03_decoded_serial_node]: RECEIVED /cmd_vel: linear.x=0.0, angular.z=0.0
[decoded_serial_node-3] [INFO] [1791536968.534383864] [bw_dr03_decoded_serial_node]: RECEIVED /cmd_vel: linear.x=0.0, angular.z=0.0
[decoded_serial_node-3] [INFO] [1791536968.601485750] [bw_dr03_decoded_serial_node]: RECEIVED /cmd_vel: linear.x=0.0, angular.z=0.0
[decoded_serial_node-3] [INFO] [1791536968.668912965] [bw_dr03_decoded_serial_node]: RECEIVED /cmd_vel: linear.x=0.0, angular.z=0.0
[decoded_serial_node-3] [INFO] [1791536968.734435703] [bw_dr03_decoded_serial_node]: RECEIVED /cmd_vel: linear.x=0.0, angular.z=0.0
[decoded_serial_node-3] [INFO] [1791536968.801741810] [bw_dr03_decoded_serial_node]: RECEIVED /cmd_vel: linear.x=0.0, angular.z=0.0
[decoded_serial_node-3] [INFO] [1791536968.868212037] [bw_dr03_decoded_serial_node]: RECEIVED /cmd_vel: linear.x=0.0, angular.z=0.0
[decoded_serial_node-3] [INFO] [1791536968.934669204] [bw_dr03_decoded_serial_node]: RECEIVED /cmd_vel: linear.x=0.0, angular.z=0.0
[decoded_serial_node-3] [INFO] [1791536969.001855390] [bw_dr03_decoded_serial_node]: RECEIVED /cmd_vel: linear.x=0.0, angular.z=0.0
[follow_planner-8] [INFO] [1791536969.068065590] [follow_planner_node]: [IDLE] disabled | d=- goc=- | v=0.000 w=0.000 | thoang=-
[decoded_serial_node-3] [INFO] [1791536969.068535773] [bw_dr03_decoded_serial_node]: RECEIVED /cmd_vel: linear.x=0.0, angular.z=0.0
[decoded_serial_node-3] [INFO] [1791536969.134756659] [bw_dr03_decoded_serial_node]: RECEIVED /cmd_vel: linear.x=0.0, angular.z=0.0
[decoded_serial_node-3] [INFO] [1791536969.201754058] [bw_dr03_decoded_serial_node]: RECEIVED /cmd_vel: linear.x=0.0, angular.z=0.0
[decoded_serial_node-3] [INFO] [1791536969.268275338] [bw_dr03_decoded_serial_node]: RECEIVED /cmd_vel: linear.x=0.0, angular.z=0.0
[decoded_serial_node-3] [INFO] [1791536969.334446356] [bw_dr03_decoded_serial_node]: RECEIVED /cmd_vel: linear.x=0.0, angular.z=0.0
[decoded_serial_node-3] [INFO] [1791536969.401505497] [bw_dr03_decoded_serial_node]: RECEIVED /cmd_vel: linear.x=0.0, angular.z=0.0
[decoded_serial_node-3] [INFO] [1791536969.467403429] [bw_dr03_decoded_serial_node]: RECEIVED /cmd_vel: linear.x=0.0, angular.z=0.0
[target_tracker-7] [INFO] [1791536969.489297771] [target_tracker_node]: muc tieu: no_target_yet
[decoded_serial_node-3] [INFO] [1791536969.534797396] [bw_dr03_decoded_serial_node]: RECEIVED /cmd_vel: linear.x=0.0, angular.z=0.0
[decoded_serial_node-3] [INFO] [1791536969.601387542] [bw_dr03_decoded_serial_node]: RECEIVED /cmd_vel: linear.x=0.0, angular.z=0.0
[decoded_serial_node-3] [INFO] [1791536969.668051301] [bw_dr03_decoded_serial_node]: RECEIVED /cmd_vel: linear.x=0.0, angular.z=0.0
[decoded_serial_node-3] [INFO] [1791536969.734768491] [bw_dr03_decoded_serial_node]: RECEIVED /cmd_vel: linear.x=0.0, angular.z=0.0
[decoded_serial_node-3] [INFO] [1791536969.801356262] [bw_dr03_decoded_serial_node]: RECEIVED /cmd_vel: linear.x=0.0, angular.z=0.0
[decoded_serial_node-3] [INFO] [1791536969.869183604] [bw_dr03_decoded_serial_node]: RECEIVED /cmd_vel: linear.x=0.0, angular.z=0.0
[decoded_serial_node-3] [INFO] [1791536969.934389324] [bw_dr03_decoded_serial_node]: RECEIVED /cmd_vel: linear.x=0.0, angular.z=0.0
[decoded_serial_node-3] [INFO] [1791536970.002726029] [bw_dr03_decoded_serial_node]: RECEIVED /cmd_vel: linear.x=0.0, angular.z=0.0
[follow_planner-8] [INFO] [1791536970.068208395] [follow_planner_node]: [IDLE] disabled | d=- goc=- | v=0.000 w=0.000 | thoang=-
[decoded_serial_node-3] [INFO] [1791536970.068388869] [bw_dr03_decoded_serial_node]: RECEIVED /cmd_vel: linear.x=0.0, angular.z=0.0
[decoded_serial_node-3] [INFO] [1791536970.134514767] [bw_dr03_decoded_serial_node]: RECEIVED /cmd_vel: linear.x=0.0, angular.z=0.0
[decoded_serial_node-3] [INFO] [1791536970.201535910] [bw_dr03_decoded_serial_node]: RECEIVED /cmd_vel: linear.x=0.0, angular.z=0.0
[decoded_serial_node-3] [INFO] [1791536970.268471566] [bw_dr03_decoded_serial_node]: RECEIVED /cmd_vel: linear.x=0.0, angular.z=0.0
[decoded_serial_node-3] [INFO] [1791536970.334492979] [bw_dr03_decoded_serial_node]: RECEIVED /cmd_vel: linear.x=0.0, angular.z=0.0
[decoded_serial_node-3] [INFO] [1791536970.401875071] [bw_dr03_decoded_serial_node]: RECEIVED /cmd_vel: linear.x=0.0, angular.z=0.0
[decoded_serial_node-3] [INFO] [1791536970.467927354] [bw_dr03_decoded_serial_node]: RECEIVED /cmd_vel: linear.x=0.0, angular.z=0.0
[target_tracker-7] [INFO] [1791536970.489955864] [target_tracker_node]: muc tieu: no_target_yet
[decoded_serial_node-3] [INFO] [1791536970.534925938] [bw_dr03_decoded_serial_node]: RECEIVED /cmd_vel: linear.x=0.0, angular.z=0.0
[decoded_serial_node-3] [INFO] [1791536970.602158427] [bw_dr03_decoded_serial_node]: RECEIVED /cmd_vel: linear.x=0.0, angular.z=0.0
[decoded_serial_node-3] [INFO] [1791536970.668885113] [bw_dr03_decoded_serial_node]: RECEIVED /cmd_vel: linear.x=0.0, angular.z=0.0
[decoded_serial_node-3] [INFO] [1791536970.734708242] [bw_dr03_decoded_serial_node]: RECEIVED /cmd_vel: linear.x=0.0, angular.z=0.0
[decoded_serial_node-3] [INFO] [1791536970.801515666] [bw_dr03_decoded_serial_node]: RECEIVED /cmd_vel: linear.x=0.0, angular.z=0.0
[decoded_serial_node-3] [INFO] [1791536970.868477443] [bw_dr03_decoded_serial_node]: RECEIVED /cmd_vel: linear.x=0.0, angular.z=0.0
[decoded_serial_node-3] [INFO] [1791536970.934743446] [bw_dr03_decoded_serial_node]: RECEIVED /cmd_vel: linear.x=0.0, angular.z=0.0
[decoded_serial_node-3] [INFO] [1791536971.001226729] [bw_dr03_decoded_serial_node]: RECEIVED /cmd_vel: linear.x=0.0, angular.z=0.0
[decoded_serial_node-3] [INFO] [1791536971.069466070] [bw_dr03_decoded_serial_node]: RECEIVED /cmd_vel: linear.x=0.0, angular.z=0.0
[follow_planner-8] [INFO] [1791536971.134652789] [follow_planner_node]: [IDLE] disabled | d=- goc=- | v=0.000 w=0.000 | thoang=-
[decoded_serial_node-3] [INFO] [1791536971.134979304] [bw_dr03_decoded_serial_node]: RECEIVED /cmd_vel: linear.x=0.0, angular.z=0.0
[decoded_serial_node-3] [INFO] [1791536971.202468253] [bw_dr03_decoded_serial_node]: RECEIVED /cmd_vel: linear.x=0.0, angular.z=0.0
[decoded_serial_node-3] [INFO] [1791536971.268251011] [bw_dr03_decoded_serial_node]: RECEIVED /cmd_vel: linear.x=0.0, angular.z=0.0
[decoded_serial_node-3] [INFO] [1791536971.334464769] [bw_dr03_decoded_serial_node]: RECEIVED /cmd_vel: linear.x=0.0, angular.z=0.0
[decoded_serial_node-3] [INFO] [1791536971.401924035] [bw_dr03_decoded_serial_node]: RECEIVED /cmd_vel: linear.x=0.0, angular.z=0.0
[decoded_serial_node-3] [INFO] [1791536971.469073408] [bw_dr03_decoded_serial_node]: RECEIVED /cmd_vel: linear.x=0.0, angular.z=0.0
[decoded_serial_node-3] [INFO] [1791536971.534359862] [bw_dr03_decoded_serial_node]: RECEIVED /cmd_vel: linear.x=0.0, angular.z=0.0
[target_tracker-7] [INFO] [1791536971.539320521] [target_tracker_node]: muc tieu: no_target_yet
[decoded_serial_node-3] [INFO] [1791536971.601671899] [bw_dr03_decoded_serial_node]: RECEIVED /cmd_vel: linear.x=0.0, angular.z=0.0
[decoded_serial_node-3] [INFO] [1791536971.668238294] [bw_dr03_decoded_serial_node]: RECEIVED /cmd_vel: linear.x=0.0, angular.z=0.0
[decoded_serial_node-3] [INFO] [1791536971.734406934] [bw_dr03_decoded_serial_node]: RECEIVED /cmd_vel: linear.x=0.0, angular.z=0.0
[decoded_serial_node-3] [INFO] [1791536971.801640607] [bw_dr03_decoded_serial_node]: RECEIVED /cmd_vel: linear.x=0.0, angular.z=0.0
[decoded_serial_node-3] [INFO] [1791536971.868267555] [bw_dr03_decoded_serial_node]: RECEIVED /cmd_vel: linear.x=0.0, angular.z=0.0
[decoded_serial_node-3] [INFO] [1791536971.934230787] [bw_dr03_decoded_serial_node]: RECEIVED /cmd_vel: linear.x=0.0, angular.z=0.0
[decoded_serial_node-3] [INFO] [1791536972.001013275] [bw_dr03_decoded_serial_node]: RECEIVED /cmd_vel: linear.x=0.0, angular.z=0.0
[decoded_serial_node-3] [INFO] [1791536972.067921619] [bw_dr03_decoded_serial_node]: RECEIVED /cmd_vel: linear.x=0.0, angular.z=0.0
[decoded_serial_node-3] [INFO] [1791536972.134464265] [bw_dr03_decoded_serial_node]: RECEIVED /cmd_vel: linear.x=0.0, angular.z=0.0
[follow_planner-8] [INFO] [1791536972.201281184] [follow_planner_node]: [IDLE] disabled | d=- goc=- | v=0.000 w=0.000 | thoang=-
[decoded_serial_node-3] [INFO] [1791536972.201281184] [bw_dr03_decoded_serial_node]: RECEIVED /cmd_vel: linear.x=0.0, angular.z=0.0
[python3-4] [INFO] [1791536972.252813621] [identity_lock_node]: camera: nhan 12.5 fps (phoi sang 30 ms, do sang 69), xu ly 12.5 Hz, TB 20 ms/khung, tre tu luc chup 25.8 ms, 1 nguoi, status ENROLLING
[decoded_serial_node-3] [INFO] [1791536972.268384249] [bw_dr03_decoded_serial_node]: RECEIVED /cmd_vel: linear.x=0.0, angular.z=0.0
[decoded_serial_node-3] [INFO] [1791536972.334360539] [bw_dr03_decoded_serial_node]: RECEIVED /cmd_vel: linear.x=0.0, angular.z=0.0
[decoded_serial_node-3] [INFO] [1791536972.401641704] [bw_dr03_decoded_serial_node]: RECEIVED /cmd_vel: linear.x=0.0, angular.z=0.0
[decoded_serial_node-3] [INFO] [1791536972.467873269] [bw_dr03_decoded_serial_node]: RECEIVED /cmd_vel: linear.x=0.0, angular.z=0.0
[decoded_serial_node-3] [INFO] [1791536972.534368422] [bw_dr03_decoded_serial_node]: RECEIVED /cmd_vel: linear.x=0.0, angular.z=0.0
[target_tracker-7] [INFO] [1791536972.589074589] [target_tracker_node]: muc tieu: no_target_yet
[decoded_serial_node-3] [INFO] [1791536972.601477424] [bw_dr03_decoded_serial_node]: RECEIVED /cmd_vel: linear.x=0.0, angular.z=0.0
[decoded_serial_node-3] [INFO] [1791536972.668442759] [bw_dr03_decoded_serial_node]: RECEIVED /cmd_vel: linear.x=0.0, angular.z=0.0
[decoded_serial_node-3] [INFO] [1791536972.734486727] [bw_dr03_decoded_serial_node]: RECEIVED /cmd_vel: linear.x=0.0, angular.z=0.0
[decoded_serial_node-3] [INFO] [1791536972.801064993] [bw_dr03_decoded_serial_node]: RECEIVED /cmd_vel: linear.x=0.0, angular.z=0.0
[decoded_serial_node-3] [INFO] [1791536972.868251171] [bw_dr03_decoded_serial_node]: RECEIVED /cmd_vel: linear.x=0.0, angular.z=0.0
[decoded_serial_node-3] [INFO] [1791536972.934437619] [bw_dr03_decoded_serial_node]: RECEIVED /cmd_vel: linear.x=0.0, angular.z=0.0
[decoded_serial_node-3] [INFO] [1791536973.001932502] [bw_dr03_decoded_serial_node]: RECEIVED /cmd_vel: linear.x=0.0, angular.z=0.0
[decoded_serial_node-3] [INFO] [1791536973.067782934] [bw_dr03_decoded_serial_node]: RECEIVED /cmd_vel: linear.x=0.0, angular.z=0.0
[decoded_serial_node-3] [INFO] [1791536973.134458558] [bw_dr03_decoded_serial_node]: RECEIVED /cmd_vel: linear.x=0.0, angular.z=0.0
[follow_planner-8] [INFO] [1791536973.201312282] [follow_planner_node]: [IDLE] disabled | d=- goc=- | v=0.000 w=0.000 | thoang=-
[decoded_serial_node-3] [INFO] [1791536973.201737346] [bw_dr03_decoded_serial_node]: RECEIVED /cmd_vel: linear.x=0.0, angular.z=0.0
[decoded_serial_node-3] [INFO] [1791536973.267911918] [bw_dr03_decoded_serial_node]: RECEIVED /cmd_vel: linear.x=0.0, angular.z=0.0
[decoded_serial_node-3] [INFO] [1791536973.334243218] [bw_dr03_decoded_serial_node]: RECEIVED /cmd_vel: linear.x=0.0, angular.z=0.0
[decoded_serial_node-3] [INFO] [1791536973.401264355] [bw_dr03_decoded_serial_node]: RECEIVED /cmd_vel: linear.x=0.0, angular.z=0.0
[decoded_serial_node-3] [INFO] [1791536973.468717680] [bw_dr03_decoded_serial_node]: RECEIVED /cmd_vel: linear.x=0.0, angular.z=0.0
[decoded_serial_node-3] [INFO] [1791536973.534686844] [bw_dr03_decoded_serial_node]: RECEIVED /cmd_vel: linear.x=0.0, angular.z=0.0
[target_tracker-7] [INFO] [1791536973.589493932] [target_tracker_node]: muc tieu: no_target_yet
[decoded_serial_node-3] [INFO] [1791536973.601009832] [bw_dr03_decoded_serial_node]: RECEIVED /cmd_vel: linear.x=0.0, angular.z=0.0
[decoded_serial_node-3] [INFO] [1791536973.668120019] [bw_dr03_decoded_serial_node]: RECEIVED /cmd_vel: linear.x=0.0, angular.z=0.0
[decoded_serial_node-3] [INFO] [1791536973.734622294] [bw_dr03_decoded_serial_node]: RECEIVED /cmd_vel: linear.x=0.0, angular.z=0.0
[decoded_serial_node-3] [INFO] [1791536973.801249239] [bw_dr03_decoded_serial_node]: RECEIVED /cmd_vel: linear.x=0.0, angular.z=0.0
[decoded_serial_node-3] [INFO] [1791536973.868225257] [bw_dr03_decoded_serial_node]: RECEIVED /cmd_vel: linear.x=0.0, angular.z=0.0
[decoded_serial_node-3] [INFO] [1791536973.934403392] [bw_dr03_decoded_serial_node]: RECEIVED /cmd_vel: linear.x=0.0, angular.z=0.0
[decoded_serial_node-3] [INFO] [1791536974.001398408] [bw_dr03_decoded_serial_node]: RECEIVED /cmd_vel: linear.x=0.0, angular.z=0.0
[decoded_serial_node-3] [INFO] [1791536974.067532609] [bw_dr03_decoded_serial_node]: RECEIVED /cmd_vel: linear.x=0.0, angular.z=0.0
[decoded_serial_node-3] [INFO] [1791536974.134302030] [bw_dr03_decoded_serial_node]: RECEIVED /cmd_vel: linear.x=0.0, angular.z=0.0
[decoded_serial_node-3] [INFO] [1791536974.201388469] [bw_dr03_decoded_serial_node]: RECEIVED /cmd_vel: linear.x=0.0, angular.z=0.0
[follow_planner-8] [INFO] [1791536974.267918050] [follow_planner_node]: [IDLE] disabled | d=- goc=- | v=0.000 w=0.000 | thoang=-
[decoded_serial_node-3] [INFO] [1791536974.268280185] [bw_dr03_decoded_serial_node]: RECEIVED /cmd_vel: linear.x=0.0, angular.z=0.0
[decoded_serial_node-3] [INFO] [1791536974.334673224] [bw_dr03_decoded_serial_node]: RECEIVED /cmd_vel: linear.x=0.0, angular.z=0.0
[decoded_serial_node-3] [INFO] [1791536974.401754913] [bw_dr03_decoded_serial_node]: RECEIVED /cmd_vel: linear.x=0.0, angular.z=0.0
[decoded_serial_node-3] [INFO] [1791536974.468156263] [bw_dr03_decoded_serial_node]: RECEIVED /cmd_vel: linear.x=0.0, angular.z=0.0
[decoded_serial_node-3] [INFO] [1791536974.534481623] [bw_dr03_decoded_serial_node]: RECEIVED /cmd_vel: linear.x=0.0, angular.z=0.0
[decoded_serial_node-3] [INFO] [1791536974.600931654] [bw_dr03_decoded_serial_node]: RECEIVED /cmd_vel: linear.x=0.0, angular.z=0.0
[target_tracker-7] [INFO] [1791536974.639613631] [target_tracker_node]: muc tieu: no_target_yet
[decoded_serial_node-3] [INFO] [1791536974.668722178] [bw_dr03_decoded_serial_node]: RECEIVED /cmd_vel: linear.x=0.0, angular.z=0.0
[decoded_serial_node-3] [INFO] [1791536974.734406381] [bw_dr03_decoded_serial_node]: RECEIVED /cmd_vel: linear.x=0.0, angular.z=0.0
[decoded_serial_node-3] [INFO] [1791536974.801910759] [bw_dr03_decoded_serial_node]: RECEIVED /cmd_vel: linear.x=0.0, angular.z=0.0
[decoded_serial_node-3] [INFO] [1791536974.867895357] [bw_dr03_decoded_serial_node]: RECEIVED /cmd_vel: linear.x=0.0, angular.z=0.0
[decoded_serial_node-3] [INFO] [1791536974.934579291] [bw_dr03_decoded_serial_node]: RECEIVED /cmd_vel: linear.x=0.0, angular.z=0.0
[decoded_serial_node-3] [INFO] [1791536975.001479319] [bw_dr03_decoded_serial_node]: RECEIVED /cmd_vel: linear.x=0.0, angular.z=0.0
[decoded_serial_node-3] [INFO] [1791536975.067975653] [bw_dr03_decoded_serial_node]: RECEIVED /cmd_vel: linear.x=0.0, angular.z=0.0
[decoded_serial_node-3] [INFO] [1791536975.135041904] [bw_dr03_decoded_serial_node]: RECEIVED /cmd_vel: linear.x=0.0, angular.z=0.0
[decoded_serial_node-3] [INFO] [1791536975.201182040] [bw_dr03_decoded_serial_node]: RECEIVED /cmd_vel: linear.x=0.0, angular.z=0.0
[follow_planner-8] [INFO] [1791536975.268114124] [follow_planner_node]: [IDLE] disabled | d=- goc=- | v=0.000 w=0.000 | thoang=-
[decoded_serial_node-3] [INFO] [1791536975.268212672] [bw_dr03_decoded_serial_node]: RECEIVED /cmd_vel: linear.x=0.0, angular.z=0.0
[decoded_serial_node-3] [INFO] [1791536975.334465604] [bw_dr03_decoded_serial_node]: RECEIVED /cmd_vel: linear.x=0.0, angular.z=0.0
[decoded_serial_node-3] [INFO] [1791536975.401372753] [bw_dr03_decoded_serial_node]: RECEIVED /cmd_vel: linear.x=0.0, angular.z=0.0
[decoded_serial_node-3] [INFO] [1791536975.468951931] [bw_dr03_decoded_serial_node]: RECEIVED /cmd_vel: linear.x=0.0, angular.z=0.0
[decoded_serial_node-3] [INFO] [1791536975.534390355] [bw_dr03_decoded_serial_node]: RECEIVED /cmd_vel: linear.x=0.0, angular.z=0.0
[decoded_serial_node-3] [INFO] [1791536975.601197769] [bw_dr03_decoded_serial_node]: RECEIVED /cmd_vel: linear.x=0.0, angular.z=0.0
[decoded_serial_node-3] [INFO] [1791536975.667742784] [bw_dr03_decoded_serial_node]: RECEIVED /cmd_vel: linear.x=0.0, angular.z=0.0
[target_tracker-7] [INFO] [1791536975.689614563] [target_tracker_node]: muc tieu: no_target_yet
[decoded_serial_node-3] [INFO] [1791536975.734372099] [bw_dr03_decoded_serial_node]: RECEIVED /cmd_vel: linear.x=0.0, angular.z=0.0
[decoded_serial_node-3] [INFO] [1791536975.801447849] [bw_dr03_decoded_serial_node]: RECEIVED /cmd_vel: linear.x=0.0, angular.z=0.0
[decoded_serial_node-3] [INFO] [1791536975.868372809] [bw_dr03_decoded_serial_node]: RECEIVED /cmd_vel: linear.x=0.0, angular.z=0.0
[decoded_serial_node-3] [INFO] [1791536975.935757265] [bw_dr03_decoded_serial_node]: RECEIVED /cmd_vel: linear.x=0.0, angular.z=0.0
[decoded_serial_node-3] [INFO] [1791536976.001824973] [bw_dr03_decoded_serial_node]: RECEIVED /cmd_vel: linear.x=0.0, angular.z=0.0
[decoded_serial_node-3] [INFO] [1791536976.068554022] [bw_dr03_decoded_serial_node]: RECEIVED /cmd_vel: linear.x=0.0, angular.z=0.0
[decoded_serial_node-3] [INFO] [1791536976.134989800] [bw_dr03_decoded_serial_node]: RECEIVED /cmd_vel: linear.x=0.0, angular.z=0.0
[decoded_serial_node-3] [INFO] [1791536976.201430327] [bw_dr03_decoded_serial_node]: RECEIVED /cmd_vel: linear.x=0.0, angular.z=0.0
[decoded_serial_node-3] [INFO] [1791536976.268601062] [bw_dr03_decoded_serial_node]: RECEIVED /cmd_vel: linear.x=0.0, angular.z=0.0
[follow_planner-8] [INFO] [1791536976.335068898] [follow_planner_node]: [IDLE] disabled | d=- goc=- | v=0.000 w=0.000 | thoang=-
[decoded_serial_node-3] [INFO] [1791536976.335436970] [bw_dr03_decoded_serial_node]: RECEIVED /cmd_vel: linear.x=0.0, angular.z=0.0
[decoded_serial_node-3] [INFO] [1791536976.401197158] [bw_dr03_decoded_serial_node]: RECEIVED /cmd_vel: linear.x=0.0, angular.z=0.0
[decoded_serial_node-3] [INFO] [1791536976.467795601] [bw_dr03_decoded_serial_node]: RECEIVED /cmd_vel: linear.x=0.0, angular.z=0.0
[decoded_serial_node-3] [INFO] [1791536976.534416602] [bw_dr03_decoded_serial_node]: RECEIVED /cmd_vel: linear.x=0.0, angular.z=0.0
[decoded_serial_node-3] [INFO] [1791536976.601744064] [bw_dr03_decoded_serial_node]: RECEIVED /cmd_vel: linear.x=0.0, angular.z=0.0
[decoded_serial_node-3] [INFO] [1791536976.669687750] [bw_dr03_decoded_serial_node]: RECEIVED /cmd_vel: linear.x=0.0, angular.z=0.0
[target_tracker-7] [INFO] [1791536976.689607560] [target_tracker_node]: muc tieu: no_target_yet
[decoded_serial_node-3] [INFO] [1791536976.734572877] [bw_dr03_decoded_serial_node]: RECEIVED /cmd_vel: linear.x=0.0, angular.z=0.0
[decoded_serial_node-3] [INFO] [1791536976.801082269] [bw_dr03_decoded_serial_node]: RECEIVED /cmd_vel: linear.x=0.0, angular.z=0.0
[decoded_serial_node-3] [INFO] [1791536976.868260128] [bw_dr03_decoded_serial_node]: RECEIVED /cmd_vel: linear.x=0.0, angular.z=0.0
[decoded_serial_node-3] [INFO] [1791536976.934464377] [bw_dr03_decoded_serial_node]: RECEIVED /cmd_vel: linear.x=0.0, angular.z=0.0
[decoded_serial_node-3] [INFO] [1791536977.002113605] [bw_dr03_decoded_serial_node]: RECEIVED /cmd_vel: linear.x=0.0, angular.z=0.0
[decoded_serial_node-3] [INFO] [1791536977.068111257] [bw_dr03_decoded_serial_node]: RECEIVED /cmd_vel: linear.x=0.0, angular.z=0.0
[decoded_serial_node-3] [INFO] [1791536977.134632521] [bw_dr03_decoded_serial_node]: RECEIVED /cmd_vel: linear.x=0.0, angular.z=0.0
[decoded_serial_node-3] [INFO] [1791536977.202070403] [bw_dr03_decoded_serial_node]: RECEIVED /cmd_vel: linear.x=0.0, angular.z=0.0
[decoded_serial_node-3] [INFO] [1791536977.268642722] [bw_dr03_decoded_serial_node]: RECEIVED /cmd_vel: linear.x=0.0, angular.z=0.0
[decoded_serial_node-3] [INFO] [1791536977.334399346] [bw_dr03_decoded_serial_node]: RECEIVED /cmd_vel: linear.x=0.0, angular.z=0.0
[decoded_serial_node-3] [INFO] [1791536977.401114144] [bw_dr03_decoded_serial_node]: RECEIVED /cmd_vel: linear.x=0.0, angular.z=0.0
[follow_planner-8] [INFO] [1791536977.401280370] [follow_planner_node]: [IDLE] disabled | d=- goc=- | v=0.000 w=0.000 | thoang=-
[decoded_serial_node-3] [INFO] [1791536977.468579334] [bw_dr03_decoded_serial_node]: RECEIVED /cmd_vel: linear.x=0.0, angular.z=0.0
[decoded_serial_node-3] [INFO] [1791536977.534404824] [bw_dr03_decoded_serial_node]: RECEIVED /cmd_vel: linear.x=0.0, angular.z=0.0
[decoded_serial_node-3] [INFO] [1791536977.602077796] [bw_dr03_decoded_serial_node]: RECEIVED /cmd_vel: linear.x=0.0, angular.z=0.0
[decoded_serial_node-3] [INFO] [1791536977.669537050] [bw_dr03_decoded_serial_node]: RECEIVED /cmd_vel: linear.x=0.0, angular.z=0.0
[decoded_serial_node-3] [INFO] [1791536977.734474417] [bw_dr03_decoded_serial_node]: RECEIVED /cmd_vel: linear.x=0.0, angular.z=0.0
[target_tracker-7] [INFO] [1791536977.739482569] [target_tracker_node]: muc tieu: no_target_yet
[decoded_serial_node-3] [INFO] [1791536977.802004910] [bw_dr03_decoded_serial_node]: RECEIVED /cmd_vel: linear.x=0.0, angular.z=0.0
[decoded_serial_node-3] [INFO] [1791536977.869015354] [bw_dr03_decoded_serial_node]: RECEIVED /cmd_vel: linear.x=0.0, angular.z=0.0
[decoded_serial_node-3] [INFO] [1791536977.934519077] [bw_dr03_decoded_serial_node]: RECEIVED /cmd_vel: linear.x=0.0, angular.z=0.0
[decoded_serial_node-3] [INFO] [1791536978.001292055] [bw_dr03_decoded_serial_node]: RECEIVED /cmd_vel: linear.x=0.0, angular.z=0.0
[decoded_serial_node-3] [INFO] [1791536978.068344052] [bw_dr03_decoded_serial_node]: RECEIVED /cmd_vel: linear.x=0.0, angular.z=0.0
[decoded_serial_node-3] [INFO] [1791536978.135077846] [bw_dr03_decoded_serial_node]: RECEIVED /cmd_vel: linear.x=0.0, angular.z=0.0
[decoded_serial_node-3] [INFO] [1791536978.201248846] [bw_dr03_decoded_serial_node]: RECEIVED /cmd_vel: linear.x=0.0, angular.z=0.0
[decoded_serial_node-3] [INFO] [1791536978.268240290] [bw_dr03_decoded_serial_node]: RECEIVED /cmd_vel: linear.x=0.0, angular.z=0.0
[decoded_serial_node-3] [INFO] [1791536978.334380419] [bw_dr03_decoded_serial_node]: RECEIVED /cmd_vel: linear.x=0.0, angular.z=0.0
[follow_planner-8] [INFO] [1791536978.401166455] [follow_planner_node]: [IDLE] disabled | d=- goc=- | v=0.000 w=0.000 | thoang=-
[decoded_serial_node-3] [INFO] [1791536978.401688880] [bw_dr03_decoded_serial_node]: RECEIVED /cmd_vel: linear.x=0.0, angular.z=0.0
[decoded_serial_node-3] [INFO] [1791536978.467994048] [bw_dr03_decoded_serial_node]: RECEIVED /cmd_vel: linear.x=0.0, angular.z=0.0
[decoded_serial_node-3] [INFO] [1791536978.534704095] [bw_dr03_decoded_serial_node]: RECEIVED /cmd_vel: linear.x=0.0, angular.z=0.0
[decoded_serial_node-3] [INFO] [1791536978.601119685] [bw_dr03_decoded_serial_node]: RECEIVED /cmd_vel: linear.x=0.0, angular.z=0.0
[decoded_serial_node-3] [INFO] [1791536978.668715479] [bw_dr03_decoded_serial_node]: RECEIVED /cmd_vel: linear.x=0.0, angular.z=0.0
[decoded_serial_node-3] [INFO] [1791536978.736098741] [bw_dr03_decoded_serial_node]: RECEIVED /cmd_vel: linear.x=0.0, angular.z=0.0
[target_tracker-7] [INFO] [1791536978.739349646] [target_tracker_node]: muc tieu: no_target_yet
[decoded_serial_node-3] [INFO] [1791536978.802552325] [bw_dr03_decoded_serial_node]: RECEIVED /cmd_vel: linear.x=0.0, angular.z=0.0
[decoded_serial_node-3] [INFO] [1791536978.867958686] [bw_dr03_decoded_serial_node]: RECEIVED /cmd_vel: linear.x=0.0, angular.z=0.0
[decoded_serial_node-3] [INFO] [1791536978.934371901] [bw_dr03_decoded_serial_node]: RECEIVED /cmd_vel: linear.x=0.0, angular.z=0.0
[decoded_serial_node-3] [INFO] [1791536979.001616245] [bw_dr03_decoded_serial_node]: RECEIVED /cmd_vel: linear.x=0.0, angular.z=0.0
[decoded_serial_node-3] [INFO] [1791536979.067833549] [bw_dr03_decoded_serial_node]: RECEIVED /cmd_vel: linear.x=0.0, angular.z=0.0
[decoded_serial_node-3] [INFO] [1791536979.134396365] [bw_dr03_decoded_serial_node]: RECEIVED /cmd_vel: linear.x=0.0, angular.z=0.0
[decoded_serial_node-3] [INFO] [1791536979.202123951] [bw_dr03_decoded_serial_node]: RECEIVED /cmd_vel: linear.x=0.0, angular.z=0.0
[decoded_serial_node-3] [INFO] [1791536979.268284263] [bw_dr03_decoded_serial_node]: RECEIVED /cmd_vel: linear.x=0.0, angular.z=0.0
[decoded_serial_node-3] [INFO] [1791536979.334893385] [bw_dr03_decoded_serial_node]: RECEIVED /cmd_vel: linear.x=0.0, angular.z=0.0
[follow_planner-8] [INFO] [1791536979.401856331] [follow_planner_node]: [IDLE] disabled | d=- goc=- | v=0.000 w=0.000 | thoang=-
[decoded_serial_node-3] [INFO] [1791536979.401886014] [bw_dr03_decoded_serial_node]: RECEIVED /cmd_vel: linear.x=0.0, angular.z=0.0
[decoded_serial_node-3] [INFO] [1791536979.468957007] [bw_dr03_decoded_serial_node]: RECEIVED /cmd_vel: linear.x=0.0, angular.z=0.0
[decoded_serial_node-3] [INFO] [1791536979.534574710] [bw_dr03_decoded_serial_node]: RECEIVED /cmd_vel: linear.x=0.0, angular.z=0.0
[decoded_serial_node-3] [INFO] [1791536979.602174064] [bw_dr03_decoded_serial_node]: RECEIVED /cmd_vel: linear.x=0.0, angular.z=0.0
[decoded_serial_node-3] [INFO] [1791536979.668158651] [bw_dr03_decoded_serial_node]: RECEIVED /cmd_vel: linear.x=0.0, angular.z=0.0
[decoded_serial_node-3] [INFO] [1791536979.734755900] [bw_dr03_decoded_serial_node]: RECEIVED /cmd_vel: linear.x=0.0, angular.z=0.0
[target_tracker-7] [INFO] [1791536979.739539646] [target_tracker_node]: muc tieu: no_target_yet
[decoded_serial_node-3] [INFO] [1791536979.802071483] [bw_dr03_decoded_serial_node]: RECEIVED /cmd_vel: linear.x=0.0, angular.z=0.0
[decoded_serial_node-3] [INFO] [1791536979.868992872] [bw_dr03_decoded_serial_node]: RECEIVED /cmd_vel: linear.x=0.0, angular.z=0.0
[decoded_serial_node-3] [INFO] [1791536979.934737619] [bw_dr03_decoded_serial_node]: RECEIVED /cmd_vel: linear.x=0.0, angular.z=0.0
[decoded_serial_node-3] [INFO] [1791536980.002047265] [bw_dr03_decoded_serial_node]: RECEIVED /cmd_vel: linear.x=0.0, angular.z=0.0
[decoded_serial_node-3] [INFO] [1791536980.068646887] [bw_dr03_decoded_serial_node]: RECEIVED /cmd_vel: linear.x=0.0, angular.z=0.0
[decoded_serial_node-3] [INFO] [1791536980.134639783] [bw_dr03_decoded_serial_node]: RECEIVED /cmd_vel: linear.x=0.0, angular.z=0.0
[decoded_serial_node-3] [INFO] [1791536980.200848774] [bw_dr03_decoded_serial_node]: RECEIVED /cmd_vel: linear.x=0.0, angular.z=0.0
[decoded_serial_node-3] [INFO] [1791536980.268259341] [bw_dr03_decoded_serial_node]: RECEIVED /cmd_vel: linear.x=0.0, angular.z=0.0
[decoded_serial_node-3] [INFO] [1791536980.334439835] [bw_dr03_decoded_serial_node]: RECEIVED /cmd_vel: linear.x=0.0, angular.z=0.0
[follow_planner-8] [INFO] [1791536980.401736418] [follow_planner_node]: [IDLE] disabled | d=- goc=- | v=0.000 w=0.000 | thoang=-
[decoded_serial_node-3] [INFO] [1791536980.402124675] [bw_dr03_decoded_serial_node]: RECEIVED /cmd_vel: linear.x=0.0, angular.z=0.0
[decoded_serial_node-3] [INFO] [1791536980.468758729] [bw_dr03_decoded_serial_node]: RECEIVED /cmd_vel: linear.x=0.0, angular.z=0.0
[decoded_serial_node-3] [INFO] [1791536980.534668512] [bw_dr03_decoded_serial_node]: RECEIVED /cmd_vel: linear.x=0.0, angular.z=0.0
[decoded_serial_node-3] [INFO] [1791536980.601862985] [bw_dr03_decoded_serial_node]: RECEIVED /cmd_vel: linear.x=0.0, angular.z=0.0
[decoded_serial_node-3] [INFO] [1791536980.668958910] [bw_dr03_decoded_serial_node]: RECEIVED /cmd_vel: linear.x=0.0, angular.z=0.0
[decoded_serial_node-3] [INFO] [1791536980.734550490] [bw_dr03_decoded_serial_node]: RECEIVED /cmd_vel: linear.x=0.0, angular.z=0.0
[target_tracker-7] [INFO] [1791536980.790948586] [target_tracker_node]: muc tieu: no_target_yet
[decoded_serial_node-3] [INFO] [1791536980.801514621] [bw_dr03_decoded_serial_node]: RECEIVED /cmd_vel: linear.x=0.0, angular.z=0.0
[decoded_serial_node-3] [INFO] [1791536980.868211603] [bw_dr03_decoded_serial_node]: RECEIVED /cmd_vel: linear.x=0.0, angular.z=0.0
[decoded_serial_node-3] [INFO] [1791536980.935064126] [bw_dr03_decoded_serial_node]: RECEIVED /cmd_vel: linear.x=0.0, angular.z=0.0
[decoded_serial_node-3] [INFO] [1791536981.001395411] [bw_dr03_decoded_serial_node]: RECEIVED /cmd_vel: linear.x=0.0, angular.z=0.0
[decoded_serial_node-3] [INFO] [1791536981.068241995] [bw_dr03_decoded_serial_node]: RECEIVED /cmd_vel: linear.x=0.0, angular.z=0.0
[decoded_serial_node-3] [INFO] [1791536981.134496102] [bw_dr03_decoded_serial_node]: RECEIVED /cmd_vel: linear.x=0.0, angular.z=0.0
[decoded_serial_node-3] [INFO] [1791536981.200713401] [bw_dr03_decoded_serial_node]: RECEIVED /cmd_vel: linear.x=0.0, angular.z=0.0
[decoded_serial_node-3] [INFO] [1791536981.267977925] [bw_dr03_decoded_serial_node]: RECEIVED /cmd_vel: linear.x=0.0, angular.z=0.0
[decoded_serial_node-3] [INFO] [1791536981.327161492] [bw_dr03_decoded_serial_node]: RECEIVED /cmd_vel: linear.x=0.0, angular.z=0.0
[follow_planner-8] [WARN] [1791536981.327281412] [follow_planner_node]: DUNG KHAN CAP
[decoded_serial_node-3] [INFO] [1791536981.327863203] [bw_dr03_decoded_serial_node]: RECEIVED /cmd_vel: linear.x=0.0, angular.z=0.0
[decoded_serial_node-3] [INFO] [1791536981.328386814] [bw_dr03_decoded_serial_node]: RECEIVED /cmd_vel: linear.x=0.0, angular.z=0.0
[decoded_serial_node-3] [INFO] [1791536981.334336517] [bw_dr03_decoded_serial_node]: RECEIVED /cmd_vel: linear.x=0.0, angular.z=0.0
[decoded_serial_node-3] [INFO] [1791536981.401625974] [bw_dr03_decoded_serial_node]: RECEIVED /cmd_vel: linear.x=0.0, angular.z=0.0
[follow_planner-8] [INFO] [1791536981.467650926] [follow_planner_node]: [IDLE] disabled | d=- goc=- | v=0.000 w=0.000 | thoang=-
[decoded_serial_node-3] [INFO] [1791536981.468222031] [bw_dr03_decoded_serial_node]: RECEIVED /cmd_vel: linear.x=0.0, angular.z=0.0
[decoded_serial_node-3] [INFO] [1791536981.534385901] [bw_dr03_decoded_serial_node]: RECEIVED /cmd_vel: linear.x=0.0, angular.z=0.0
[decoded_serial_node-3] [INFO] [1791536981.601263355] [bw_dr03_decoded_serial_node]: RECEIVED /cmd_vel: linear.x=0.0, angular.z=0.0
[decoded_serial_node-3] [INFO] [1791536981.667956774] [bw_dr03_decoded_serial_node]: RECEIVED /cmd_vel: linear.x=0.0, angular.z=0.0
[decoded_serial_node-3] [INFO] [1791536981.735049135] [bw_dr03_decoded_serial_node]: RECEIVED /cmd_vel: linear.x=0.0, angular.z=0.0
[decoded_serial_node-3] [INFO] [1791536981.801492027] [bw_dr03_decoded_serial_node]: RECEIVED /cmd_vel: linear.x=0.0, angular.z=0.0
[WARNING] [launch]: user interrupted with ctrl-c (SIGINT)
[INFO] [follow_planner-8]: sending signal 'SIGINT' to process[follow_planner-8]
[INFO] [target_tracker-7]: sending signal 'SIGINT' to process[target_tracker-7]
[INFO] [rssi_bearing-6]: sending signal 'SIGINT' to process[rssi_bearing-6]
[INFO] [rssi_scanner-5]: sending signal 'SIGINT' to process[rssi_scanner-5]
[INFO] [python3-4]: sending signal 'SIGINT' to process[python3-4]
[INFO] [decoded_serial_node-3]: sending signal 'SIGINT' to process[decoded_serial_node-3]
[INFO] [static_transform_publisher-2]: sending signal 'SIGINT' to process[static_transform_publisher-2]
[INFO] [sc_mini-1]: sending signal 'SIGINT' to process[sc_mini-1]
[sc_mini-1] [INFO] [1791536981.833490525] [rclcpp]: signal_handler(SIGINT/SIGTERM)
[static_transform_publisher-2] [INFO] [1791536981.833513084] [rclcpp]: signal_handler(SIGINT/SIGTERM)
[decoded_serial_node-3] [INFO] [1791536981.834264663] [bw_dr03_decoded_serial_node]: SEND MOTOR CMD: cd eb d7 09 74 53 53 53 53 1e 1e 00 00
[decoded_serial_node-3] Failed to publish log message to rosout: publisher's context is invalid, at ./src/rcl/publisher.c:423
[follow_planner-8] Traceback (most recent call last):
[follow_planner-8]   File "/home/thaihoa/ros2_reid_from_github/install/person_follow_nav/lib/person_follow_nav/follow_planner", line 33, in <module>
[follow_planner-8]     sys.exit(load_entry_point('person-follow-nav', 'console_scripts', 'follow_planner')())
[follow_planner-8]              ^^^^^^^^^^^^^^^^^^^^^^^^^^^^^^^^^^^^^^^^^^^^^^^^^^^^^^^^^^^^^^^^^^^^^^^^^^^^
[follow_planner-8]   File "/home/thaihoa/ros2_reid_from_github/build/person_follow_nav/person_follow_nav/follow_planner_node.py", line 2318, in main
[target_tracker-7] Traceback (most recent call last):
[target_tracker-7]   File "/home/thaihoa/ros2_reid_from_github/install/person_follow_nav/lib/person_follow_nav/target_tracker", line 33, in <module>
[target_tracker-7]     sys.exit(load_entry_point('person-follow-nav', 'console_scripts', 'target_tracker')())
[target_tracker-7]              ^^^^^^^^^^^^^^^^^^^^^^^^^^^^^^^^^^^^^^^^^^^^^^^^^^^^^^^^^^^^^^^^^^^^^^^^^^^^
[target_tracker-7]   File "/home/thaihoa/ros2_reid_from_github/build/person_follow_nav/person_follow_nav/target_tracker_node.py", line 942, in main
[target_tracker-7]     node.destroy_node()
[target_tracker-7]   File "/opt/ros/jazzy/lib/python3.12/site-packages/rclpy/node.py", line 1962, in destroy_node
[follow_planner-8]     node.destroy_node()
[follow_planner-8]   File "/home/thaihoa/ros2_reid_from_github/build/person_follow_nav/person_follow_nav/follow_planner_node.py", line 2303, in destroy_node
[rssi_bearing-6] Traceback (most recent call last):
[rssi_bearing-6]   File "/home/thaihoa/ros2_reid_from_github/install/person_follow_nav/lib/person_follow_nav/rssi_bearing", line 33, in <module>
[rssi_bearing-6]     sys.exit(load_entry_point('person-follow-nav', 'console_scripts', 'rssi_bearing')())
[rssi_bearing-6]              ^^^^^^^^^^^^^^^^^^^^^^^^^^^^^^^^^^^^^^^^^^^^^^^^^^^^^^^^^^^^^^^^^^^^^^^^^^
[rssi_bearing-6]   File "/home/thaihoa/ros2_reid_from_github/build/person_follow_nav/person_follow_nav/rssi_bearing_node.py", line 183, in main
[rssi_bearing-6]     node.destroy_node()
[rssi_bearing-6]   File "/opt/ros/jazzy/lib/python3.12/site-packages/rclpy/node.py", line 1962, in destroy_node
[rssi_bearing-6]     self.destroy_service(self._services[0])
[rssi_bearing-6]   File "/opt/ros/jazzy/lib/python3.12/site-packages/rclpy/node.py", line 1886, in destroy_service
[follow_planner-8]     return super().destroy_node()
[follow_planner-8]            ^^^^^^^^^^^^^^^^^^^^^^
[follow_planner-8]   File "/opt/ros/jazzy/lib/python3.12/site-packages/rclpy/node.py", line 1958, in destroy_node
[follow_planner-8]     self.destroy_subscription(self._subscriptions[0])
[follow_planner-8]   File "/opt/ros/jazzy/lib/python3.12/site-packages/rclpy/node.py", line 1854, in destroy_subscription
[target_tracker-7]     self.destroy_service(self._services[0])
[target_tracker-7]   File "/opt/ros/jazzy/lib/python3.12/site-packages/rclpy/node.py", line 1886, in destroy_service
[target_tracker-7]     service.destroy()
[target_tracker-7]   File "/opt/ros/jazzy/lib/python3.12/site-packages/rclpy/service.py", line 123, in destroy
[target_tracker-7]     self.__service.destroy_when_not_in_use()
[target_tracker-7] KeyboardInterrupt
[follow_planner-8]     subscription.destroy()
[follow_planner-8]   File "/opt/ros/jazzy/lib/python3.12/site-packages/rclpy/subscription.py", line 101, in destroy
[follow_planner-8]     self.handle.destroy_when_not_in_use()
[follow_planner-8] KeyboardInterrupt
[rssi_bearing-6]     service.destroy()
[rssi_bearing-6]   File "/opt/ros/jazzy/lib/python3.12/site-packages/rclpy/service.py", line 123, in destroy
[rssi_bearing-6]     self.__service.destroy_when_not_in_use()
[rssi_bearing-6] KeyboardInterrupt
[python3-4] Traceback (most recent call last):
[python3-4]   File "<frozen runpy>", line 198, in _run_module_as_main
[python3-4]   File "<frozen runpy>", line 88, in _run_code
[python3-4]   File "/home/thaihoa/ros2_reid_from_github/build/person_follow_identity/person_follow_identity/node.py", line 509, in <module>
[python3-4]     main()
[python3-4]   File "/home/thaihoa/ros2_reid_from_github/build/person_follow_identity/person_follow_identity/node.py", line 503, in main
[python3-4]     node.destroy_node()
[python3-4]   File "/home/thaihoa/ros2_reid_from_github/build/person_follow_identity/person_follow_identity/node.py", line 487, in destroy_node
[python3-4]     self.grabber.stop()
[python3-4]   File "/home/thaihoa/ros2_reid_from_github/build/person_follow_identity/person_follow_identity/node.py", line 150, in stop
[python3-4]     self._thread.join(timeout=1.0)
[python3-4]   File "/usr/lib/python3.12/threading.py", line 1151, in join
[ERROR] [static_transform_publisher-2]: process has died [pid 22648, exit code -2, cmd '/opt/ros/jazzy/lib/tf2_ros/static_transform_publisher 0.10 0.00 0.18 0 0 0 base_link laser --ros-args -r __node:=base_to_laser'].
[python3-4]     self._wait_for_tstate_lock(timeout=max(timeout, 0))
[python3-4]   File "/usr/lib/python3.12/threading.py", line 1167, in _wait_for_tstate_lock
[python3-4]     if lock.acquire(block, timeout):
[python3-4]        ^^^^^^^^^^^^^^^^^^^^^^^^^^^^
[python3-4] KeyboardInterrupt
[sc_mini-1] [INFO] [1791536981.841260401] [rclcpp]: signal_handler(SIGINT/SIGTERM)
[rssi_scanner-5] Traceback (most recent call last):
[rssi_scanner-5]   File "/home/thaihoa/ros2_reid_from_github/install/person_follow_nav/lib/person_follow_nav/rssi_scanner", line 33, in <module>
[rssi_scanner-5]     sys.exit(load_entry_point('person-follow-nav', 'console_scripts', 'rssi_scanner')())
[rssi_scanner-5]              ^^^^^^^^^^^^^^^^^^^^^^^^^^^^^^^^^^^^^^^^^^^^^^^^^^^^^^^^^^^^^^^^^^^^^^^^^^
[rssi_scanner-5]   File "/home/thaihoa/ros2_reid_from_github/build/person_follow_nav/person_follow_nav/rssi_scanner_node.py", line 167, in main
[rssi_scanner-5]     node.destroy_node()
[rssi_scanner-5]   File "/home/thaihoa/ros2_reid_from_github/build/person_follow_nav/person_follow_nav/rssi_scanner_node.py", line 156, in destroy_node
[rssi_scanner-5]     super().destroy_node()
[rssi_scanner-5]   File "/opt/ros/jazzy/lib/python3.12/site-packages/rclpy/node.py", line 1968, in destroy_node
[rssi_scanner-5]     self.__node.destroy_when_not_in_use()
[rssi_scanner-5] KeyboardInterrupt
[decoded_serial_node-3] Traceback (most recent call last):
[decoded_serial_node-3]   File "/home/thaihoa/ros2_reid_from_github/install/bw_dr03_ros2/lib/bw_dr03_ros2/decoded_serial_node", line 33, in <module>
[decoded_serial_node-3]     sys.exit(load_entry_point('bw-dr03-ros2', 'console_scripts', 'decoded_serial_node')())
[decoded_serial_node-3]              ^^^^^^^^^^^^^^^^^^^^^^^^^^^^^^^^^^^^^^^^^^^^^^^^^^^^^^^^^^^^^^^^^^^^^^^^^^^^
[decoded_serial_node-3]   File "/home/thaihoa/ros2_reid_from_github/build/bw_dr03_ros2/bw_dr03_ros2/decoded_serial_node.py", line 530, in main
[decoded_serial_node-3]     node.destroy_node()
[decoded_serial_node-3]   File "/home/thaihoa/ros2_reid_from_github/build/bw_dr03_ros2/bw_dr03_ros2/decoded_serial_node.py", line 513, in destroy_node
[decoded_serial_node-3]     self.ser.close()
[decoded_serial_node-3]   File "/usr/lib/python3/dist-packages/serial/serialposix.py", line 533, in close
[decoded_serial_node-3]     os.close(self.fd)
[decoded_serial_node-3] KeyboardInterrupt
[ERROR] [rssi_bearing-6]: process has died [pid 22652, exit code -2, cmd '/home/thaihoa/ros2_reid_from_github/install/person_follow_nav/lib/person_follow_nav/rssi_bearing --ros-args -r __node:=rssi_bearing_node --params-file /home/thaihoa/ros2_reid_from_github/install/person_follow_nav/share/person_follow_nav/config/rssi.yaml --params-file /tmp/launch_params_ayv1xd9e'].
[ERROR] [rssi_scanner-5]: process has died [pid 22651, exit code -2, cmd '/home/thaihoa/ros2_reid_from_github/install/person_follow_nav/lib/person_follow_nav/rssi_scanner --ros-args -r __node:=rssi_scanner_node --params-file /home/thaihoa/ros2_reid_from_github/install/person_follow_nav/share/person_follow_nav/config/rssi.yaml --params-file /tmp/launch_params_rb61rn3p'].
[ERROR] [target_tracker-7]: process has died [pid 22653, exit code -2, cmd '/home/thaihoa/ros2_reid_from_github/install/person_follow_nav/lib/person_follow_nav/target_tracker --ros-args -r __node:=target_tracker_node --params-file /home/thaihoa/ros2_reid_from_github/install/person_follow_nav/share/person_follow_nav/config/follow_nav.yaml'].
[python3-4] FATAL: exception not rethrown
[ERROR] [follow_planner-8]: process has died [pid 22654, exit code -2, cmd '/home/thaihoa/ros2_reid_from_github/install/person_follow_nav/lib/person_follow_nav/follow_planner --ros-args -r __node:=follow_planner_node --params-file /home/thaihoa/ros2_reid_from_github/install/person_follow_nav/share/person_follow_nav/config/follow_nav.yaml --params-file /tmp/launch_params_xy61juc4'].
[ERROR] [decoded_serial_node-3]: process has died [pid 22649, exit code -2, cmd '/home/thaihoa/ros2_reid_from_github/install/bw_dr03_ros2/lib/bw_dr03_ros2/decoded_serial_node --ros-args -r __node:=bw_dr03_decoded_serial_node --params-file /tmp/launch_params_3xuddg1h'].
[INFO] [sc_mini-1]: process has finished cleanly [pid 22647]
[ERROR] [python3-4]: process[python3-4] failed to terminate '5' seconds after receiving 'SIGINT', escalating to 'SIGTERM'
[INFO] [python3-4]: sending signal 'SIGTERM' to process[python3-4]
[ERROR] [python3-4]: process[python3-4] failed to terminate '10.0' seconds after receiving 'SIGTERM', escalating to 'SIGKILL'
[INFO] [python3-4]: sending signal 'SIGKILL' to process[python3-4]
[ERROR] [python3-4]: process has died [pid 22650, exit code -9, cmd '/usr/bin/python3 -m person_follow_identity.node --ros-args -r __node:=identity_lock_node --params-file /home/thaihoa/ros2_reid_from_github/install/person_follow_robot/share/person_follow_robot/config/identity_lock_kingsen.yaml -p camera_source:=/dev/v4l/by-id/usb-Generic_KINGSEN_CAMERA_200901010001-video-index0'].
