[INFO] [launch]: All log files can be found below /home/thaihoa/.ros/log/2026-10-09-16-10-03-433887-th-23212
[INFO] [launch]: Default logging verbosity is set to INFO
[INFO] [launch.user]: ==================================================================
[INFO] [launch.user]:  BAM NGUOI + NE VAT CAN — BW-DR03
[INFO] [launch.user]:    1) ros2 service call /person_reid/start_enroll  std_srvs/srv/Trigger {}
[INFO] [launch.user]:    2) ros2 service call /person_reid/finish_enroll std_srvs/srv/Trigger {}
[INFO] [launch.user]:    3) ros2 service call /follow/enable             std_srvs/srv/Trigger {}
[INFO] [launch.user]:    DUNG: ros2 service call /follow/stop            std_srvs/srv/Trigger {}
[INFO] [launch.user]:  Theo doi: ros2 topic echo /follow/planner_status
[INFO] [launch.user]:  RSSI (start_rssi:=true): chi dung khi MAT NGUOI — xe xoay ~1 vong do huong beacon
[INFO] [launch.user]: ==================================================================
[INFO] [sc_mini-1]: process started with pid [23223]
[INFO] [static_transform_publisher-2]: process started with pid [23224]
[INFO] [decoded_serial_node-3]: process started with pid [23225]
[INFO] [python3-4]: process started with pid [23226]
[INFO] [rssi_scanner-5]: process started with pid [23227]
[INFO] [rssi_bearing-6]: process started with pid [23228]
[INFO] [target_tracker-7]: process started with pid [23229]
[INFO] [follow_planner-8]: process started with pid [23230]
[static_transform_publisher-2] [WARN] [1791537003.578079700] []: Old-style arguments are deprecated; see --help for new-style arguments
[static_transform_publisher-2] [INFO] [1791537003.602734557] [base_to_laser]: Spinning until stopped - publishing transform
[static_transform_publisher-2] translation: ('0.100000', '0.000000', '0.180000')
[static_transform_publisher-2] rotation: ('0.000000', '0.000000', '0.000000', '1.000000')
[static_transform_publisher-2] from 'base_link' to 'laser'
[follow_planner-8] [INFO] [1791537004.121030330] [follow_planner_node]: follow_planner_node san sang | footprint 0.47x0.60m | v_max=0.22 w_max=1.00 | khoang cach bam=1.00m | margin mem=0.15 cung=0.06 | enabled=False
[follow_planner-8] [INFO] [1791537004.121480327] [follow_planner_node]: Bat bam: ros2 service call /follow/enable std_srvs/srv/Trigger {}
[follow_planner-8] [INFO] [1791537004.170722360] [follow_planner_node]: [IDLE] disabled | d=- goc=- | v=0.000 w=0.000 | thoang=-
[rssi_scanner-5] [INFO] [1791537004.176015466] [rssi_scanner_node]: rssi_scanner: doc 3 cong @ 115200 baud -> /rssi/raw
[rssi_scanner-5] [INFO] [1791537004.261969666] [rssi_scanner_node]: /dev/serial/by-path/pci-0000:05:00.3-usb-0:1.3:1.0-port0: da mo
[rssi_scanner-5] [INFO] [1791537004.262159638] [rssi_scanner_node]: /dev/serial/by-path/pci-0000:05:00.3-usb-0:1.1:1.0-port0: da mo
[rssi_scanner-5] [INFO] [1791537004.265689563] [rssi_scanner_node]: /dev/serial/by-path/pci-0000:05:00.3-usb-0:1.2:1.0-port0: da mo
[rssi_bearing-6] [INFO] [1791537004.445069814] [rssi_bearing_node]: rssi_bearing: mau ['A', 'B', 'C'], can xoay >= 250 do trong 14 s, corr >= 0.45 & margin >= 0.1 (hoac corr >= 0.35 & margin >= 0.25)
[decoded_serial_node-3] [INFO] [1791537004.449280077] [bw_dr03_decoded_serial_node]: BW-DR03 decoder connected on /dev/serial/by-id/usb-FTDI_FT231X_USB_UART_D30BF0NT-if00-port0 at 115200
[decoded_serial_node-3] [INFO] [1791537004.449753821] [bw_dr03_decoded_serial_node]: Params: max_linear=0.49, max_angular=2.46, max_percent=60, cmd_timeout=1.0
[target_tracker-7] [INFO] [1791537004.450127829] [target_tracker_node]: target_tracker_node san sang | lidar_yaw_offset=-90.0 deg sign=1 | fuse_lidar_distance=True | predict_max=2.5s
[decoded_serial_node-3] [INFO] [1791537004.454745345] [bw_dr03_decoded_serial_node]: RECEIVED /cmd_vel: linear.x=0.0, angular.z=0.0
[target_tracker-7] [INFO] [1791537004.484249246] [target_tracker_node]: muc tieu: no_target_yet
[decoded_serial_node-3] [INFO] [1791537004.504158354] [bw_dr03_decoded_serial_node]: RECEIVED /cmd_vel: linear.x=0.0, angular.z=0.0
[decoded_serial_node-3] [INFO] [1791537004.570525212] [bw_dr03_decoded_serial_node]: RECEIVED /cmd_vel: linear.x=0.0, angular.z=0.0
[rssi_bearing-6] [INFO] [1791537004.633852511] [rssi_bearing_node]: chua co huong hop le: chua du du lieu
[decoded_serial_node-3] [INFO] [1791537004.637162780] [bw_dr03_decoded_serial_node]: RECEIVED /cmd_vel: linear.x=0.0, angular.z=0.0
[decoded_serial_node-3] [INFO] [1791537004.703946390] [bw_dr03_decoded_serial_node]: RECEIVED /cmd_vel: linear.x=0.0, angular.z=0.0
[decoded_serial_node-3] [INFO] [1791537004.770821424] [bw_dr03_decoded_serial_node]: RECEIVED /cmd_vel: linear.x=0.0, angular.z=0.0
[decoded_serial_node-3] [INFO] [1791537004.837111105] [bw_dr03_decoded_serial_node]: RECEIVED /cmd_vel: linear.x=0.0, angular.z=0.0
[decoded_serial_node-3] [INFO] [1791537004.903990889] [bw_dr03_decoded_serial_node]: RECEIVED /cmd_vel: linear.x=0.0, angular.z=0.0
[decoded_serial_node-3] [INFO] [1791537004.970615397] [bw_dr03_decoded_serial_node]: RECEIVED /cmd_vel: linear.x=0.0, angular.z=0.0
[decoded_serial_node-3] [INFO] [1791537005.036981066] [bw_dr03_decoded_serial_node]: RECEIVED /cmd_vel: linear.x=0.0, angular.z=0.0
[decoded_serial_node-3] [INFO] [1791537005.104359525] [bw_dr03_decoded_serial_node]: RECEIVED /cmd_vel: linear.x=0.0, angular.z=0.0
[follow_planner-8] [INFO] [1791537005.127106345] [follow_planner_node]: self-filter: bo 13/205 tia dap vao than xe
[decoded_serial_node-3] [INFO] [1791537005.170769125] [bw_dr03_decoded_serial_node]: RECEIVED /cmd_vel: linear.x=0.0, angular.z=0.0
[follow_planner-8] [INFO] [1791537005.237203658] [follow_planner_node]: [IDLE] disabled | d=- goc=- | v=0.000 w=0.000 | thoang=-
[decoded_serial_node-3] [INFO] [1791537005.237219093] [bw_dr03_decoded_serial_node]: RECEIVED /cmd_vel: linear.x=0.0, angular.z=0.0
[decoded_serial_node-3] [INFO] [1791537005.304052569] [bw_dr03_decoded_serial_node]: RECEIVED /cmd_vel: linear.x=0.0, angular.z=0.0
[decoded_serial_node-3] [INFO] [1791537005.370678262] [bw_dr03_decoded_serial_node]: RECEIVED /cmd_vel: linear.x=0.0, angular.z=0.0
[decoded_serial_node-3] [INFO] [1791537005.436967942] [bw_dr03_decoded_serial_node]: RECEIVED /cmd_vel: linear.x=0.0, angular.z=0.0
[target_tracker-7] [INFO] [1791537005.484819613] [target_tracker_node]: muc tieu: no_target_yet
[decoded_serial_node-3] [INFO] [1791537005.504165927] [bw_dr03_decoded_serial_node]: RECEIVED /cmd_vel: linear.x=0.0, angular.z=0.0
[decoded_serial_node-3] [INFO] [1791537005.570298879] [bw_dr03_decoded_serial_node]: RECEIVED /cmd_vel: linear.x=0.0, angular.z=0.0
[decoded_serial_node-3] [INFO] [1791537005.636940008] [bw_dr03_decoded_serial_node]: RECEIVED /cmd_vel: linear.x=0.0, angular.z=0.0
[rssi_scanner-5] [INFO] [1791537005.655627355] [rssi_scanner_node]: /dev/serial/by-path/pci-0000:05:00.3-usb-0:1.1:1.0-port0: board A khoi dong
[decoded_serial_node-3] [INFO] [1791537005.703866095] [bw_dr03_decoded_serial_node]: RECEIVED /cmd_vel: linear.x=0.0, angular.z=0.0
[decoded_serial_node-3] [INFO] [1791537005.770447857] [bw_dr03_decoded_serial_node]: RECEIVED /cmd_vel: linear.x=0.0, angular.z=0.0
[decoded_serial_node-3] [INFO] [1791537005.837377506] [bw_dr03_decoded_serial_node]: RECEIVED /cmd_vel: linear.x=0.0, angular.z=0.0
[decoded_serial_node-3] [INFO] [1791537005.904182486] [bw_dr03_decoded_serial_node]: RECEIVED /cmd_vel: linear.x=0.0, angular.z=0.0
[decoded_serial_node-3] [INFO] [1791537005.970348684] [bw_dr03_decoded_serial_node]: RECEIVED /cmd_vel: linear.x=0.0, angular.z=0.0
[decoded_serial_node-3] [INFO] [1791537006.037199968] [bw_dr03_decoded_serial_node]: RECEIVED /cmd_vel: linear.x=0.0, angular.z=0.0
[rssi_scanner-5] [INFO] [1791537006.094701048] [rssi_scanner_node]: /dev/serial/by-path/pci-0000:05:00.3-usb-0:1.2:1.0-port0: board B khoi dong
[rssi_scanner-5] [INFO] [1791537006.102245327] [rssi_scanner_node]: /dev/serial/by-path/pci-0000:05:00.3-usb-0:1.3:1.0-port0: board C khoi dong
[decoded_serial_node-3] [INFO] [1791537006.103680806] [bw_dr03_decoded_serial_node]: RECEIVED /cmd_vel: linear.x=0.0, angular.z=0.0
[decoded_serial_node-3] [INFO] [1791537006.170391984] [bw_dr03_decoded_serial_node]: RECEIVED /cmd_vel: linear.x=0.0, angular.z=0.0
[follow_planner-8] [INFO] [1791537006.236745778] [follow_planner_node]: [IDLE] disabled | d=- goc=- | v=0.000 w=0.000 | thoang=-
[decoded_serial_node-3] [INFO] [1791537006.236798020] [bw_dr03_decoded_serial_node]: RECEIVED /cmd_vel: linear.x=0.0, angular.z=0.0
[decoded_serial_node-3] [INFO] [1791537006.303864210] [bw_dr03_decoded_serial_node]: RECEIVED /cmd_vel: linear.x=0.0, angular.z=0.0
[decoded_serial_node-3] [INFO] [1791537006.370498213] [bw_dr03_decoded_serial_node]: RECEIVED /cmd_vel: linear.x=0.0, angular.z=0.0
[decoded_serial_node-3] [INFO] [1791537006.437242637] [bw_dr03_decoded_serial_node]: RECEIVED /cmd_vel: linear.x=0.0, angular.z=0.0
[decoded_serial_node-3] [INFO] [1791537006.504166347] [bw_dr03_decoded_serial_node]: RECEIVED /cmd_vel: linear.x=0.0, angular.z=0.0
[target_tracker-7] [INFO] [1791537006.534801770] [target_tracker_node]: muc tieu: no_target_yet
[python3-4] [INFO] [1791537006.565452627] [identity_lock_node]: Loading detector/tracker/identity lock...
[decoded_serial_node-3] [INFO] [1791537006.570330168] [bw_dr03_decoded_serial_node]: RECEIVED /cmd_vel: linear.x=0.0, angular.z=0.0
[decoded_serial_node-3] [INFO] [1791537006.636919053] [bw_dr03_decoded_serial_node]: RECEIVED /cmd_vel: linear.x=0.0, angular.z=0.0
[decoded_serial_node-3] [INFO] [1791537006.704100413] [bw_dr03_decoded_serial_node]: RECEIVED /cmd_vel: linear.x=0.0, angular.z=0.0
[python3-4] [INFO] [1791537006.710534540] [identity_lock_node]: Models loaded; torch cuda/rocm backend not available; using CPU
[decoded_serial_node-3] [INFO] [1791537006.770273733] [bw_dr03_decoded_serial_node]: RECEIVED /cmd_vel: linear.x=0.0, angular.z=0.0
[python3-4] [ WARN:0@3.007] global ./modules/videoio/src/cap_gstreamer.cpp (2401) handleMessage OpenCV | GStreamer warning: Embedded video playback halted; module source reported: Could not read from resource.
[python3-4] [ WARN:0@3.007] global ./modules/videoio/src/cap_gstreamer.cpp (1356) open OpenCV | GStreamer warning: unable to start pipeline
[python3-4] [ WARN:0@3.007] global ./modules/videoio/src/cap_gstreamer.cpp (862) isPipelinePlaying OpenCV | GStreamer warning: GStreamer: pipeline have not been created
[decoded_serial_node-3] [INFO] [1791537006.836929107] [bw_dr03_decoded_serial_node]: RECEIVED /cmd_vel: linear.x=0.0, angular.z=0.0
[decoded_serial_node-3] [INFO] [1791537006.905291859] [bw_dr03_decoded_serial_node]: RECEIVED /cmd_vel: linear.x=0.0, angular.z=0.0
[python3-4] [INFO] [1791537006.924289098] [identity_lock_node]: camera: MJPG 640x480 25 fps, phoi sang fixed_fps 30 ms
[decoded_serial_node-3] [INFO] [1791537006.970476134] [bw_dr03_decoded_serial_node]: RECEIVED /cmd_vel: linear.x=0.0, angular.z=0.0
[decoded_serial_node-3] [INFO] [1791537007.036775310] [bw_dr03_decoded_serial_node]: RECEIVED /cmd_vel: linear.x=0.0, angular.z=0.0
[decoded_serial_node-3] [INFO] [1791537007.104330677] [bw_dr03_decoded_serial_node]: RECEIVED /cmd_vel: linear.x=0.0, angular.z=0.0
[decoded_serial_node-3] [INFO] [1791537007.170498058] [bw_dr03_decoded_serial_node]: RECEIVED /cmd_vel: linear.x=0.0, angular.z=0.0
[follow_planner-8] [INFO] [1791537007.237598678] [follow_planner_node]: [IDLE] disabled | d=- goc=- | v=0.000 w=0.000 | thoang=-
[decoded_serial_node-3] [INFO] [1791537007.238091419] [bw_dr03_decoded_serial_node]: RECEIVED /cmd_vel: linear.x=0.0, angular.z=0.0
[decoded_serial_node-3] [INFO] [1791537007.304673177] [bw_dr03_decoded_serial_node]: RECEIVED /cmd_vel: linear.x=0.0, angular.z=0.0
[decoded_serial_node-3] [INFO] [1791537007.370537790] [bw_dr03_decoded_serial_node]: RECEIVED /cmd_vel: linear.x=0.0, angular.z=0.0
[decoded_serial_node-3] [INFO] [1791537007.437171791] [bw_dr03_decoded_serial_node]: RECEIVED /cmd_vel: linear.x=0.0, angular.z=0.0
[decoded_serial_node-3] [INFO] [1791537007.504127557] [bw_dr03_decoded_serial_node]: RECEIVED /cmd_vel: linear.x=0.0, angular.z=0.0
[python3-4] QSocketNotifier: Can only be used with threads started with QThread
[decoded_serial_node-3] [INFO] [1791537007.570201139] [bw_dr03_decoded_serial_node]: RECEIVED /cmd_vel: linear.x=0.0, angular.z=0.0
[target_tracker-7] [INFO] [1791537007.584572550] [target_tracker_node]: muc tieu: no_target_yet
[decoded_serial_node-3] [INFO] [1791537007.636989492] [bw_dr03_decoded_serial_node]: RECEIVED /cmd_vel: linear.x=0.0, angular.z=0.0
[decoded_serial_node-3] [INFO] [1791537007.703969005] [bw_dr03_decoded_serial_node]: RECEIVED /cmd_vel: linear.x=0.0, angular.z=0.0
[decoded_serial_node-3] [INFO] [1791537007.770901025] [bw_dr03_decoded_serial_node]: RECEIVED /cmd_vel: linear.x=0.0, angular.z=0.0
[decoded_serial_node-3] [INFO] [1791537007.837152707] [bw_dr03_decoded_serial_node]: RECEIVED /cmd_vel: linear.x=0.0, angular.z=0.0
[decoded_serial_node-3] [INFO] [1791537007.904405305] [bw_dr03_decoded_serial_node]: RECEIVED /cmd_vel: linear.x=0.0, angular.z=0.0
[decoded_serial_node-3] [INFO] [1791537007.970678358] [bw_dr03_decoded_serial_node]: RECEIVED /cmd_vel: linear.x=0.0, angular.z=0.0
[decoded_serial_node-3] [INFO] [1791537008.039220393] [bw_dr03_decoded_serial_node]: RECEIVED /cmd_vel: linear.x=0.0, angular.z=0.0
[decoded_serial_node-3] [INFO] [1791537008.104822604] [bw_dr03_decoded_serial_node]: RECEIVED /cmd_vel: linear.x=0.0, angular.z=0.0
[decoded_serial_node-3] [INFO] [1791537008.171144336] [bw_dr03_decoded_serial_node]: RECEIVED /cmd_vel: linear.x=0.0, angular.z=0.0
[decoded_serial_node-3] [INFO] [1791537008.237217916] [bw_dr03_decoded_serial_node]: RECEIVED /cmd_vel: linear.x=0.0, angular.z=0.0
[follow_planner-8] [INFO] [1791537008.304154684] [follow_planner_node]: [IDLE] disabled | d=- goc=- | v=0.000 w=0.000 | thoang=-
[decoded_serial_node-3] [INFO] [1791537008.304669984] [bw_dr03_decoded_serial_node]: RECEIVED /cmd_vel: linear.x=0.0, angular.z=0.0
[decoded_serial_node-3] [INFO] [1791537008.370887230] [bw_dr03_decoded_serial_node]: RECEIVED /cmd_vel: linear.x=0.0, angular.z=0.0
[decoded_serial_node-3] [INFO] [1791537008.437873866] [bw_dr03_decoded_serial_node]: RECEIVED /cmd_vel: linear.x=0.0, angular.z=0.0
[decoded_serial_node-3] [INFO] [1791537008.504547046] [bw_dr03_decoded_serial_node]: RECEIVED /cmd_vel: linear.x=0.0, angular.z=0.0
[decoded_serial_node-3] [INFO] [1791537008.570651497] [bw_dr03_decoded_serial_node]: RECEIVED /cmd_vel: linear.x=0.0, angular.z=0.0
[sc_mini-1] sc_mini start
[target_tracker-7] [INFO] [1791537008.584571723] [target_tracker_node]: muc tieu: no_target_yet
[decoded_serial_node-3] [INFO] [1791537008.638520316] [bw_dr03_decoded_serial_node]: RECEIVED /cmd_vel: linear.x=0.0, angular.z=0.0
[decoded_serial_node-3] [INFO] [1791537008.705161439] [bw_dr03_decoded_serial_node]: RECEIVED /cmd_vel: linear.x=0.0, angular.z=0.0
[decoded_serial_node-3] [INFO] [1791537008.770728030] [bw_dr03_decoded_serial_node]: RECEIVED /cmd_vel: linear.x=0.0, angular.z=0.0
[decoded_serial_node-3] [INFO] [1791537008.837936696] [bw_dr03_decoded_serial_node]: RECEIVED /cmd_vel: linear.x=0.0, angular.z=0.0
[decoded_serial_node-3] [INFO] [1791537008.904556447] [bw_dr03_decoded_serial_node]: RECEIVED /cmd_vel: linear.x=0.0, angular.z=0.0
[decoded_serial_node-3] [INFO] [1791537008.970633589] [bw_dr03_decoded_serial_node]: RECEIVED /cmd_vel: linear.x=0.0, angular.z=0.0
[decoded_serial_node-3] [INFO] [1791537009.038160457] [bw_dr03_decoded_serial_node]: RECEIVED /cmd_vel: linear.x=0.0, angular.z=0.0
[decoded_serial_node-3] [INFO] [1791537009.103949077] [bw_dr03_decoded_serial_node]: RECEIVED /cmd_vel: linear.x=0.0, angular.z=0.0
[decoded_serial_node-3] [INFO] [1791537009.170469090] [bw_dr03_decoded_serial_node]: RECEIVED /cmd_vel: linear.x=0.0, angular.z=0.0
[decoded_serial_node-3] [INFO] [1791537009.237707437] [bw_dr03_decoded_serial_node]: RECEIVED /cmd_vel: linear.x=0.0, angular.z=0.0
[follow_planner-8] [INFO] [1791537009.305006337] [follow_planner_node]: [IDLE] disabled | d=- goc=- | v=0.000 w=0.000 | thoang=-
[decoded_serial_node-3] [INFO] [1791537009.306363452] [bw_dr03_decoded_serial_node]: RECEIVED /cmd_vel: linear.x=0.0, angular.z=0.0
[decoded_serial_node-3] [INFO] [1791537009.370263034] [bw_dr03_decoded_serial_node]: RECEIVED /cmd_vel: linear.x=0.0, angular.z=0.0
[decoded_serial_node-3] [INFO] [1791537009.438258895] [bw_dr03_decoded_serial_node]: RECEIVED /cmd_vel: linear.x=0.0, angular.z=0.0
[decoded_serial_node-3] [INFO] [1791537009.504079573] [bw_dr03_decoded_serial_node]: RECEIVED /cmd_vel: linear.x=0.0, angular.z=0.0
[decoded_serial_node-3] [INFO] [1791537009.570837052] [bw_dr03_decoded_serial_node]: RECEIVED /cmd_vel: linear.x=0.0, angular.z=0.0
[target_tracker-7] [INFO] [1791537009.634235582] [target_tracker_node]: muc tieu: no_target_yet
[decoded_serial_node-3] [INFO] [1791537009.636835829] [bw_dr03_decoded_serial_node]: RECEIVED /cmd_vel: linear.x=0.0, angular.z=0.0
[decoded_serial_node-3] [INFO] [1791537009.705205698] [bw_dr03_decoded_serial_node]: RECEIVED /cmd_vel: linear.x=0.0, angular.z=0.0
[decoded_serial_node-3] [INFO] [1791537009.770375720] [bw_dr03_decoded_serial_node]: RECEIVED /cmd_vel: linear.x=0.0, angular.z=0.0
[decoded_serial_node-3] [INFO] [1791537009.837967890] [bw_dr03_decoded_serial_node]: RECEIVED /cmd_vel: linear.x=0.0, angular.z=0.0
[decoded_serial_node-3] [INFO] [1791537009.905296474] [bw_dr03_decoded_serial_node]: RECEIVED /cmd_vel: linear.x=0.0, angular.z=0.0
[decoded_serial_node-3] [INFO] [1791537009.970623223] [bw_dr03_decoded_serial_node]: RECEIVED /cmd_vel: linear.x=0.0, angular.z=0.0
[decoded_serial_node-3] [INFO] [1791537010.036999569] [bw_dr03_decoded_serial_node]: RECEIVED /cmd_vel: linear.x=0.0, angular.z=0.0
[decoded_serial_node-3] [INFO] [1791537010.104652291] [bw_dr03_decoded_serial_node]: RECEIVED /cmd_vel: linear.x=0.0, angular.z=0.0
[decoded_serial_node-3] [INFO] [1791537010.170544206] [bw_dr03_decoded_serial_node]: RECEIVED /cmd_vel: linear.x=0.0, angular.z=0.0
[decoded_serial_node-3] [INFO] [1791537010.237752868] [bw_dr03_decoded_serial_node]: RECEIVED /cmd_vel: linear.x=0.0, angular.z=0.0
[decoded_serial_node-3] [INFO] [1791537010.304291876] [bw_dr03_decoded_serial_node]: RECEIVED /cmd_vel: linear.x=0.0, angular.z=0.0
[decoded_serial_node-3] [INFO] [1791537010.370555425] [bw_dr03_decoded_serial_node]: RECEIVED /cmd_vel: linear.x=0.0, angular.z=0.0
[follow_planner-8] [INFO] [1791537010.370861756] [follow_planner_node]: [IDLE] disabled | d=- goc=- | v=0.000 w=0.000 | thoang=-
[decoded_serial_node-3] [INFO] [1791537010.437524247] [bw_dr03_decoded_serial_node]: RECEIVED /cmd_vel: linear.x=0.0, angular.z=0.0
[decoded_serial_node-3] [INFO] [1791537010.504184363] [bw_dr03_decoded_serial_node]: RECEIVED /cmd_vel: linear.x=0.0, angular.z=0.0
[decoded_serial_node-3] [INFO] [1791537010.570527463] [bw_dr03_decoded_serial_node]: RECEIVED /cmd_vel: linear.x=0.0, angular.z=0.0
[target_tracker-7] [INFO] [1791537010.634632450] [target_tracker_node]: muc tieu: no_target_yet
[decoded_serial_node-3] [INFO] [1791537010.636745893] [bw_dr03_decoded_serial_node]: RECEIVED /cmd_vel: linear.x=0.0, angular.z=0.0
[decoded_serial_node-3] [INFO] [1791537010.703921309] [bw_dr03_decoded_serial_node]: RECEIVED /cmd_vel: linear.x=0.0, angular.z=0.0
[decoded_serial_node-3] [INFO] [1791537010.770438946] [bw_dr03_decoded_serial_node]: RECEIVED /cmd_vel: linear.x=0.0, angular.z=0.0
[decoded_serial_node-3] [INFO] [1791537010.837323467] [bw_dr03_decoded_serial_node]: RECEIVED /cmd_vel: linear.x=0.0, angular.z=0.0
[decoded_serial_node-3] [INFO] [1791537010.904356404] [bw_dr03_decoded_serial_node]: RECEIVED /cmd_vel: linear.x=0.0, angular.z=0.0
[decoded_serial_node-3] [INFO] [1791537010.970478661] [bw_dr03_decoded_serial_node]: RECEIVED /cmd_vel: linear.x=0.0, angular.z=0.0
[decoded_serial_node-3] [INFO] [1791537011.036758831] [bw_dr03_decoded_serial_node]: RECEIVED /cmd_vel: linear.x=0.0, angular.z=0.0
[decoded_serial_node-3] [INFO] [1791537011.104176460] [bw_dr03_decoded_serial_node]: RECEIVED /cmd_vel: linear.x=0.0, angular.z=0.0
[decoded_serial_node-3] [INFO] [1791537011.170847261] [bw_dr03_decoded_serial_node]: RECEIVED /cmd_vel: linear.x=0.0, angular.z=0.0
[decoded_serial_node-3] [INFO] [1791537011.236908962] [bw_dr03_decoded_serial_node]: RECEIVED /cmd_vel: linear.x=0.0, angular.z=0.0
[decoded_serial_node-3] [INFO] [1791537011.304127120] [bw_dr03_decoded_serial_node]: RECEIVED /cmd_vel: linear.x=0.0, angular.z=0.0
[follow_planner-8] [INFO] [1791537011.370862036] [follow_planner_node]: [IDLE] disabled | d=- goc=- | v=0.000 w=0.000 | thoang=-
[decoded_serial_node-3] [INFO] [1791537011.370871535] [bw_dr03_decoded_serial_node]: RECEIVED /cmd_vel: linear.x=0.0, angular.z=0.0
[decoded_serial_node-3] [INFO] [1791537011.437985208] [bw_dr03_decoded_serial_node]: RECEIVED /cmd_vel: linear.x=0.0, angular.z=0.0
[decoded_serial_node-3] [INFO] [1791537011.504815110] [bw_dr03_decoded_serial_node]: RECEIVED /cmd_vel: linear.x=0.0, angular.z=0.0
[decoded_serial_node-3] [INFO] [1791537011.570425627] [bw_dr03_decoded_serial_node]: RECEIVED /cmd_vel: linear.x=0.0, angular.z=0.0
[decoded_serial_node-3] [INFO] [1791537011.637230595] [bw_dr03_decoded_serial_node]: RECEIVED /cmd_vel: linear.x=0.0, angular.z=0.0
[target_tracker-7] [INFO] [1791537011.684564584] [target_tracker_node]: muc tieu: no_target_yet
[decoded_serial_node-3] [INFO] [1791537011.704999673] [bw_dr03_decoded_serial_node]: RECEIVED /cmd_vel: linear.x=0.0, angular.z=0.0
[decoded_serial_node-3] [INFO] [1791537011.770478397] [bw_dr03_decoded_serial_node]: RECEIVED /cmd_vel: linear.x=0.0, angular.z=0.0
[decoded_serial_node-3] [INFO] [1791537011.837260806] [bw_dr03_decoded_serial_node]: RECEIVED /cmd_vel: linear.x=0.0, angular.z=0.0
[decoded_serial_node-3] [INFO] [1791537011.904508647] [bw_dr03_decoded_serial_node]: RECEIVED /cmd_vel: linear.x=0.0, angular.z=0.0
[decoded_serial_node-3] [INFO] [1791537011.970424307] [bw_dr03_decoded_serial_node]: RECEIVED /cmd_vel: linear.x=0.0, angular.z=0.0
[decoded_serial_node-3] [INFO] [1791537012.037416872] [bw_dr03_decoded_serial_node]: RECEIVED /cmd_vel: linear.x=0.0, angular.z=0.0
[decoded_serial_node-3] [INFO] [1791537012.104371441] [bw_dr03_decoded_serial_node]: RECEIVED /cmd_vel: linear.x=0.0, angular.z=0.0
[decoded_serial_node-3] [INFO] [1791537012.170827333] [bw_dr03_decoded_serial_node]: RECEIVED /cmd_vel: linear.x=0.0, angular.z=0.0
[decoded_serial_node-3] [INFO] [1791537012.236808295] [bw_dr03_decoded_serial_node]: RECEIVED /cmd_vel: linear.x=0.0, angular.z=0.0
[decoded_serial_node-3] [INFO] [1791537012.305144913] [bw_dr03_decoded_serial_node]: RECEIVED /cmd_vel: linear.x=0.0, angular.z=0.0
[decoded_serial_node-3] [INFO] [1791537012.370332740] [bw_dr03_decoded_serial_node]: RECEIVED /cmd_vel: linear.x=0.0, angular.z=0.0
[follow_planner-8] [INFO] [1791537012.437162640] [follow_planner_node]: [IDLE] disabled | d=- goc=- | v=0.000 w=0.000 | thoang=-
[decoded_serial_node-3] [INFO] [1791537012.437677940] [bw_dr03_decoded_serial_node]: RECEIVED /cmd_vel: linear.x=0.0, angular.z=0.0
[decoded_serial_node-3] [INFO] [1791537012.504351113] [bw_dr03_decoded_serial_node]: RECEIVED /cmd_vel: linear.x=0.0, angular.z=0.0
[decoded_serial_node-3] [INFO] [1791537012.570554104] [bw_dr03_decoded_serial_node]: RECEIVED /cmd_vel: linear.x=0.0, angular.z=0.0
[decoded_serial_node-3] [INFO] [1791537012.637634530] [bw_dr03_decoded_serial_node]: RECEIVED /cmd_vel: linear.x=0.0, angular.z=0.0
[decoded_serial_node-3] [INFO] [1791537012.704484615] [bw_dr03_decoded_serial_node]: RECEIVED /cmd_vel: linear.x=0.0, angular.z=0.0
[target_tracker-7] [INFO] [1791537012.734520432] [target_tracker_node]: muc tieu: no_target_yet
[decoded_serial_node-3] [INFO] [1791537012.770656736] [bw_dr03_decoded_serial_node]: RECEIVED /cmd_vel: linear.x=0.0, angular.z=0.0
[decoded_serial_node-3] [INFO] [1791537012.836758804] [bw_dr03_decoded_serial_node]: RECEIVED /cmd_vel: linear.x=0.0, angular.z=0.0
[decoded_serial_node-3] [INFO] [1791537012.904882891] [bw_dr03_decoded_serial_node]: RECEIVED /cmd_vel: linear.x=0.0, angular.z=0.0
[decoded_serial_node-3] [INFO] [1791537012.970787864] [bw_dr03_decoded_serial_node]: RECEIVED /cmd_vel: linear.x=0.0, angular.z=0.0
[decoded_serial_node-3] [INFO] [1791537013.037006289] [bw_dr03_decoded_serial_node]: RECEIVED /cmd_vel: linear.x=0.0, angular.z=0.0
[decoded_serial_node-3] [INFO] [1791537013.104727870] [bw_dr03_decoded_serial_node]: RECEIVED /cmd_vel: linear.x=0.0, angular.z=0.0
[decoded_serial_node-3] [INFO] [1791537013.171073339] [bw_dr03_decoded_serial_node]: RECEIVED /cmd_vel: linear.x=0.0, angular.z=0.0
[decoded_serial_node-3] [INFO] [1791537013.237315510] [bw_dr03_decoded_serial_node]: RECEIVED /cmd_vel: linear.x=0.0, angular.z=0.0
[decoded_serial_node-3] [INFO] [1791537013.304616777] [bw_dr03_decoded_serial_node]: RECEIVED /cmd_vel: linear.x=0.0, angular.z=0.0
[decoded_serial_node-3] [INFO] [1791537013.372245747] [bw_dr03_decoded_serial_node]: RECEIVED /cmd_vel: linear.x=0.0, angular.z=0.0
[decoded_serial_node-3] [INFO] [1791537013.437320775] [bw_dr03_decoded_serial_node]: RECEIVED /cmd_vel: linear.x=0.0, angular.z=0.0
[follow_planner-8] [INFO] [1791537013.504509246] [follow_planner_node]: [IDLE] disabled | d=- goc=- | v=0.000 w=0.000 | thoang=-
[decoded_serial_node-3] [INFO] [1791537013.504569800] [bw_dr03_decoded_serial_node]: RECEIVED /cmd_vel: linear.x=0.0, angular.z=0.0
[decoded_serial_node-3] [INFO] [1791537013.570719360] [bw_dr03_decoded_serial_node]: RECEIVED /cmd_vel: linear.x=0.0, angular.z=0.0
[decoded_serial_node-3] [INFO] [1791537013.637016148] [bw_dr03_decoded_serial_node]: RECEIVED /cmd_vel: linear.x=0.0, angular.z=0.0
[decoded_serial_node-3] [INFO] [1791537013.704410027] [bw_dr03_decoded_serial_node]: RECEIVED /cmd_vel: linear.x=0.0, angular.z=0.0
[target_tracker-7] [INFO] [1791537013.734618005] [target_tracker_node]: muc tieu: no_target_yet
[decoded_serial_node-3] [INFO] [1791537013.770418295] [bw_dr03_decoded_serial_node]: RECEIVED /cmd_vel: linear.x=0.0, angular.z=0.0
[decoded_serial_node-3] [INFO] [1791537013.837319433] [bw_dr03_decoded_serial_node]: RECEIVED /cmd_vel: linear.x=0.0, angular.z=0.0
[decoded_serial_node-3] [INFO] [1791537013.904271626] [bw_dr03_decoded_serial_node]: RECEIVED /cmd_vel: linear.x=0.0, angular.z=0.0
[decoded_serial_node-3] [INFO] [1791537013.970442557] [bw_dr03_decoded_serial_node]: RECEIVED /cmd_vel: linear.x=0.0, angular.z=0.0
[decoded_serial_node-3] [INFO] [1791537014.036835518] [bw_dr03_decoded_serial_node]: RECEIVED /cmd_vel: linear.x=0.0, angular.z=0.0
[decoded_serial_node-3] [INFO] [1791537014.103985993] [bw_dr03_decoded_serial_node]: RECEIVED /cmd_vel: linear.x=0.0, angular.z=0.0
[decoded_serial_node-3] [INFO] [1791537014.170735151] [bw_dr03_decoded_serial_node]: RECEIVED /cmd_vel: linear.x=0.0, angular.z=0.0
[decoded_serial_node-3] [INFO] [1791537014.236827717] [bw_dr03_decoded_serial_node]: RECEIVED /cmd_vel: linear.x=0.0, angular.z=0.0
[decoded_serial_node-3] [INFO] [1791537014.304621723] [bw_dr03_decoded_serial_node]: RECEIVED /cmd_vel: linear.x=0.0, angular.z=0.0
[decoded_serial_node-3] [INFO] [1791537014.371401752] [bw_dr03_decoded_serial_node]: RECEIVED /cmd_vel: linear.x=0.0, angular.z=0.0
[decoded_serial_node-3] [INFO] [1791537014.437443263] [bw_dr03_decoded_serial_node]: RECEIVED /cmd_vel: linear.x=0.0, angular.z=0.0
[follow_planner-8] [INFO] [1791537014.504261286] [follow_planner_node]: [IDLE] disabled | d=- goc=- | v=0.000 w=0.000 | thoang=-
[decoded_serial_node-3] [INFO] [1791537014.504621046] [bw_dr03_decoded_serial_node]: RECEIVED /cmd_vel: linear.x=0.0, angular.z=0.0
[decoded_serial_node-3] [INFO] [1791537014.571082871] [bw_dr03_decoded_serial_node]: RECEIVED /cmd_vel: linear.x=0.0, angular.z=0.0
[decoded_serial_node-3] [INFO] [1791537014.638201288] [bw_dr03_decoded_serial_node]: RECEIVED /cmd_vel: linear.x=0.0, angular.z=0.0
[decoded_serial_node-3] [INFO] [1791537014.704337785] [bw_dr03_decoded_serial_node]: RECEIVED /cmd_vel: linear.x=0.0, angular.z=0.0
[decoded_serial_node-3] [INFO] [1791537014.770870850] [bw_dr03_decoded_serial_node]: RECEIVED /cmd_vel: linear.x=0.0, angular.z=0.0
[target_tracker-7] [INFO] [1791537014.784789886] [target_tracker_node]: muc tieu: no_target_yet
[decoded_serial_node-3] [INFO] [1791537014.836772256] [bw_dr03_decoded_serial_node]: RECEIVED /cmd_vel: linear.x=0.0, angular.z=0.0
[decoded_serial_node-3] [INFO] [1791537014.904612568] [bw_dr03_decoded_serial_node]: RECEIVED /cmd_vel: linear.x=0.0, angular.z=0.0
[decoded_serial_node-3] [INFO] [1791537014.970570966] [bw_dr03_decoded_serial_node]: RECEIVED /cmd_vel: linear.x=0.0, angular.z=0.0
[decoded_serial_node-3] [INFO] [1791537015.037721440] [bw_dr03_decoded_serial_node]: RECEIVED /cmd_vel: linear.x=0.0, angular.z=0.0
[decoded_serial_node-3] [INFO] [1791537015.104965711] [bw_dr03_decoded_serial_node]: RECEIVED /cmd_vel: linear.x=0.0, angular.z=0.0
[decoded_serial_node-3] [INFO] [1791537015.171263683] [bw_dr03_decoded_serial_node]: RECEIVED /cmd_vel: linear.x=0.0, angular.z=0.0
[follow_planner-8] [INFO] [1791537015.212398631] [follow_planner_node]: self-filter: bo 14/204 tia dap vao than xe
[decoded_serial_node-3] [INFO] [1791537015.237192396] [bw_dr03_decoded_serial_node]: RECEIVED /cmd_vel: linear.x=0.0, angular.z=0.0
[decoded_serial_node-3] [INFO] [1791537015.304544715] [bw_dr03_decoded_serial_node]: RECEIVED /cmd_vel: linear.x=0.0, angular.z=0.0
[decoded_serial_node-3] [INFO] [1791537015.370573163] [bw_dr03_decoded_serial_node]: RECEIVED /cmd_vel: linear.x=0.0, angular.z=0.0
[decoded_serial_node-3] [INFO] [1791537015.437070606] [bw_dr03_decoded_serial_node]: RECEIVED /cmd_vel: linear.x=0.0, angular.z=0.0
[follow_planner-8] [INFO] [1791537015.504357622] [follow_planner_node]: [IDLE] disabled | d=- goc=- | v=0.000 w=0.000 | thoang=-
[decoded_serial_node-3] [INFO] [1791537015.504908541] [bw_dr03_decoded_serial_node]: RECEIVED /cmd_vel: linear.x=0.0, angular.z=0.0
[decoded_serial_node-3] [INFO] [1791537015.570717334] [bw_dr03_decoded_serial_node]: RECEIVED /cmd_vel: linear.x=0.0, angular.z=0.0
[decoded_serial_node-3] [INFO] [1791537015.637251584] [bw_dr03_decoded_serial_node]: RECEIVED /cmd_vel: linear.x=0.0, angular.z=0.0
[decoded_serial_node-3] [INFO] [1791537015.704459049] [bw_dr03_decoded_serial_node]: RECEIVED /cmd_vel: linear.x=0.0, angular.z=0.0
[decoded_serial_node-3] [INFO] [1791537015.770551613] [bw_dr03_decoded_serial_node]: RECEIVED /cmd_vel: linear.x=0.0, angular.z=0.0
[target_tracker-7] [INFO] [1791537015.784904023] [target_tracker_node]: muc tieu: no_target_yet
[decoded_serial_node-3] [INFO] [1791537015.836862646] [bw_dr03_decoded_serial_node]: RECEIVED /cmd_vel: linear.x=0.0, angular.z=0.0
[decoded_serial_node-3] [INFO] [1791537015.904400187] [bw_dr03_decoded_serial_node]: RECEIVED /cmd_vel: linear.x=0.0, angular.z=0.0
[decoded_serial_node-3] [INFO] [1791537015.970848950] [bw_dr03_decoded_serial_node]: RECEIVED /cmd_vel: linear.x=0.0, angular.z=0.0
[decoded_serial_node-3] [INFO] [1791537016.036882146] [bw_dr03_decoded_serial_node]: RECEIVED /cmd_vel: linear.x=0.0, angular.z=0.0
[decoded_serial_node-3] [INFO] [1791537016.104574038] [bw_dr03_decoded_serial_node]: RECEIVED /cmd_vel: linear.x=0.0, angular.z=0.0
[decoded_serial_node-3] [INFO] [1791537016.170658290] [bw_dr03_decoded_serial_node]: RECEIVED /cmd_vel: linear.x=0.0, angular.z=0.0
[decoded_serial_node-3] [INFO] [1791537016.237351640] [bw_dr03_decoded_serial_node]: RECEIVED /cmd_vel: linear.x=0.0, angular.z=0.0
[decoded_serial_node-3] [INFO] [1791537016.304789444] [bw_dr03_decoded_serial_node]: RECEIVED /cmd_vel: linear.x=0.0, angular.z=0.0
[decoded_serial_node-3] [INFO] [1791537016.370515122] [bw_dr03_decoded_serial_node]: RECEIVED /cmd_vel: linear.x=0.0, angular.z=0.0
[decoded_serial_node-3] [INFO] [1791537016.437107549] [bw_dr03_decoded_serial_node]: RECEIVED /cmd_vel: linear.x=0.0, angular.z=0.0
[decoded_serial_node-3] [INFO] [1791537016.504571474] [bw_dr03_decoded_serial_node]: RECEIVED /cmd_vel: linear.x=0.0, angular.z=0.0
[decoded_serial_node-3] [INFO] [1791537016.570894378] [bw_dr03_decoded_serial_node]: RECEIVED /cmd_vel: linear.x=0.0, angular.z=0.0
[follow_planner-8] [INFO] [1791537016.571343188] [follow_planner_node]: [IDLE] disabled | d=- goc=- | v=0.000 w=0.000 | thoang=-
[decoded_serial_node-3] [INFO] [1791537016.638073345] [bw_dr03_decoded_serial_node]: RECEIVED /cmd_vel: linear.x=0.0, angular.z=0.0
[decoded_serial_node-3] [INFO] [1791537016.704937670] [bw_dr03_decoded_serial_node]: RECEIVED /cmd_vel: linear.x=0.0, angular.z=0.0
[decoded_serial_node-3] [INFO] [1791537016.770619417] [bw_dr03_decoded_serial_node]: RECEIVED /cmd_vel: linear.x=0.0, angular.z=0.0
[target_tracker-7] [INFO] [1791537016.834289832] [target_tracker_node]: muc tieu: no_target_yet
[decoded_serial_node-3] [INFO] [1791537016.837241527] [bw_dr03_decoded_serial_node]: RECEIVED /cmd_vel: linear.x=0.0, angular.z=0.0
[decoded_serial_node-3] [INFO] [1791537016.903475382] [bw_dr03_decoded_serial_node]: RECEIVED /cmd_vel: linear.x=0.0, angular.z=0.0
[python3-4] [INFO] [1791537016.939057200] [identity_lock_node]: camera: nhan nan fps (phoi sang 30 ms, do sang 79), xu ly 11.8 Hz, TB 21 ms/khung, tre tu luc chup 31.5 ms, 1 nguoi, status ENROLLING
[decoded_serial_node-3] [INFO] [1791537016.971153026] [bw_dr03_decoded_serial_node]: RECEIVED /cmd_vel: linear.x=0.0, angular.z=0.0
[decoded_serial_node-3] [INFO] [1791537017.037745452] [bw_dr03_decoded_serial_node]: RECEIVED /cmd_vel: linear.x=0.0, angular.z=0.0
[decoded_serial_node-3] [INFO] [1791537017.104610962] [bw_dr03_decoded_serial_node]: RECEIVED /cmd_vel: linear.x=0.0, angular.z=0.0
[decoded_serial_node-3] [INFO] [1791537017.170732019] [bw_dr03_decoded_serial_node]: RECEIVED /cmd_vel: linear.x=0.0, angular.z=0.0
[decoded_serial_node-3] [INFO] [1791537017.237185527] [bw_dr03_decoded_serial_node]: RECEIVED /cmd_vel: linear.x=0.0, angular.z=0.0
[decoded_serial_node-3] [INFO] [1791537017.305067389] [bw_dr03_decoded_serial_node]: RECEIVED /cmd_vel: linear.x=0.0, angular.z=0.0
[decoded_serial_node-3] [INFO] [1791537017.370527105] [bw_dr03_decoded_serial_node]: RECEIVED /cmd_vel: linear.x=0.0, angular.z=0.0
[decoded_serial_node-3] [INFO] [1791537017.438170314] [bw_dr03_decoded_serial_node]: RECEIVED /cmd_vel: linear.x=0.0, angular.z=0.0
[decoded_serial_node-3] [INFO] [1791537017.504493216] [bw_dr03_decoded_serial_node]: RECEIVED /cmd_vel: linear.x=0.0, angular.z=0.0
[decoded_serial_node-3] [INFO] [1791537017.570540658] [bw_dr03_decoded_serial_node]: RECEIVED /cmd_vel: linear.x=0.0, angular.z=0.0
[follow_planner-8] [INFO] [1791537017.636779260] [follow_planner_node]: [IDLE] disabled | d=- goc=- | v=0.000 w=0.000 | thoang=-
[decoded_serial_node-3] [INFO] [1791537017.636839814] [bw_dr03_decoded_serial_node]: RECEIVED /cmd_vel: linear.x=0.0, angular.z=0.0
[decoded_serial_node-3] [INFO] [1791537017.704778668] [bw_dr03_decoded_serial_node]: RECEIVED /cmd_vel: linear.x=0.0, angular.z=0.0
[decoded_serial_node-3] [INFO] [1791537017.770519780] [bw_dr03_decoded_serial_node]: RECEIVED /cmd_vel: linear.x=0.0, angular.z=0.0
[target_tracker-7] [INFO] [1791537017.834640190] [target_tracker_node]: muc tieu: no_target_yet
[decoded_serial_node-3] [INFO] [1791537017.837029092] [bw_dr03_decoded_serial_node]: RECEIVED /cmd_vel: linear.x=0.0, angular.z=0.0
[decoded_serial_node-3] [INFO] [1791537017.904178374] [bw_dr03_decoded_serial_node]: RECEIVED /cmd_vel: linear.x=0.0, angular.z=0.0
[decoded_serial_node-3] [INFO] [1791537017.971034386] [bw_dr03_decoded_serial_node]: RECEIVED /cmd_vel: linear.x=0.0, angular.z=0.0
[decoded_serial_node-3] [INFO] [1791537018.037626810] [bw_dr03_decoded_serial_node]: RECEIVED /cmd_vel: linear.x=0.0, angular.z=0.0
[decoded_serial_node-3] [INFO] [1791537018.104042321] [bw_dr03_decoded_serial_node]: RECEIVED /cmd_vel: linear.x=0.0, angular.z=0.0
[decoded_serial_node-3] [INFO] [1791537018.170948199] [bw_dr03_decoded_serial_node]: RECEIVED /cmd_vel: linear.x=0.0, angular.z=0.0
[decoded_serial_node-3] [INFO] [1791537018.236879281] [bw_dr03_decoded_serial_node]: RECEIVED /cmd_vel: linear.x=0.0, angular.z=0.0
[decoded_serial_node-3] [INFO] [1791537018.304606789] [bw_dr03_decoded_serial_node]: RECEIVED /cmd_vel: linear.x=0.0, angular.z=0.0
[decoded_serial_node-3] [INFO] [1791537018.370761089] [bw_dr03_decoded_serial_node]: RECEIVED /cmd_vel: linear.x=0.0, angular.z=0.0
[decoded_serial_node-3] [INFO] [1791537018.437111298] [bw_dr03_decoded_serial_node]: RECEIVED /cmd_vel: linear.x=0.0, angular.z=0.0
[decoded_serial_node-3] [INFO] [1791537018.504885111] [bw_dr03_decoded_serial_node]: RECEIVED /cmd_vel: linear.x=0.0, angular.z=0.0
[decoded_serial_node-3] [INFO] [1791537018.570703398] [bw_dr03_decoded_serial_node]: RECEIVED /cmd_vel: linear.x=0.0, angular.z=0.0
[decoded_serial_node-3] [INFO] [1791537018.637568906] [bw_dr03_decoded_serial_node]: RECEIVED /cmd_vel: linear.x=0.0, angular.z=0.0
[follow_planner-8] [INFO] [1791537018.704354864] [follow_planner_node]: [IDLE] disabled | d=- goc=- | v=0.000 w=0.000 | thoang=-
[decoded_serial_node-3] [INFO] [1791537018.704813172] [bw_dr03_decoded_serial_node]: RECEIVED /cmd_vel: linear.x=0.0, angular.z=0.0
[decoded_serial_node-3] [INFO] [1791537018.770779874] [bw_dr03_decoded_serial_node]: RECEIVED /cmd_vel: linear.x=0.0, angular.z=0.0
[decoded_serial_node-3] [INFO] [1791537018.837088526] [bw_dr03_decoded_serial_node]: RECEIVED /cmd_vel: linear.x=0.0, angular.z=0.0
[target_tracker-7] [INFO] [1791537018.884572109] [target_tracker_node]: muc tieu: no_target_yet
[decoded_serial_node-3] [INFO] [1791537018.904427778] [bw_dr03_decoded_serial_node]: RECEIVED /cmd_vel: linear.x=0.0, angular.z=0.0
[decoded_serial_node-3] [INFO] [1791537018.970373109] [bw_dr03_decoded_serial_node]: RECEIVED /cmd_vel: linear.x=0.0, angular.z=0.0
[decoded_serial_node-3] [INFO] [1791537019.038184916] [bw_dr03_decoded_serial_node]: RECEIVED /cmd_vel: linear.x=0.0, angular.z=0.0
[decoded_serial_node-3] [INFO] [1791537019.104332090] [bw_dr03_decoded_serial_node]: RECEIVED /cmd_vel: linear.x=0.0, angular.z=0.0
[decoded_serial_node-3] [INFO] [1791537019.170555252] [bw_dr03_decoded_serial_node]: RECEIVED /cmd_vel: linear.x=0.0, angular.z=0.0
[decoded_serial_node-3] [INFO] [1791537019.237482500] [bw_dr03_decoded_serial_node]: RECEIVED /cmd_vel: linear.x=0.0, angular.z=0.0
[decoded_serial_node-3] [INFO] [1791537019.303762655] [bw_dr03_decoded_serial_node]: RECEIVED /cmd_vel: linear.x=0.0, angular.z=0.0
[decoded_serial_node-3] [INFO] [1791537019.370435814] [bw_dr03_decoded_serial_node]: RECEIVED /cmd_vel: linear.x=0.0, angular.z=0.0
[decoded_serial_node-3] [INFO] [1791537019.436825203] [bw_dr03_decoded_serial_node]: RECEIVED /cmd_vel: linear.x=0.0, angular.z=0.0
[decoded_serial_node-3] [INFO] [1791537019.504733183] [bw_dr03_decoded_serial_node]: RECEIVED /cmd_vel: linear.x=0.0, angular.z=0.0
[decoded_serial_node-3] [INFO] [1791537019.570667825] [bw_dr03_decoded_serial_node]: RECEIVED /cmd_vel: linear.x=0.0, angular.z=0.0
[decoded_serial_node-3] [INFO] [1791537019.637356420] [bw_dr03_decoded_serial_node]: RECEIVED /cmd_vel: linear.x=0.0, angular.z=0.0
[decoded_serial_node-3] [INFO] [1791537019.703853855] [bw_dr03_decoded_serial_node]: RECEIVED /cmd_vel: linear.x=0.0, angular.z=0.0
[decoded_serial_node-3] [INFO] [1791537019.770309734] [bw_dr03_decoded_serial_node]: RECEIVED /cmd_vel: linear.x=0.0, angular.z=0.0
[follow_planner-8] [INFO] [1791537019.770766855] [follow_planner_node]: [IDLE] disabled | d=- goc=- | v=0.000 w=0.000 | thoang=-
[decoded_serial_node-3] [INFO] [1791537019.837017326] [bw_dr03_decoded_serial_node]: RECEIVED /cmd_vel: linear.x=0.0, angular.z=0.0
[target_tracker-7] [INFO] [1791537019.885232301] [target_tracker_node]: muc tieu: no_target_yet
[decoded_serial_node-3] [INFO] [1791537019.904047872] [bw_dr03_decoded_serial_node]: RECEIVED /cmd_vel: linear.x=0.0, angular.z=0.0
[decoded_serial_node-3] [INFO] [1791537019.970761400] [bw_dr03_decoded_serial_node]: RECEIVED /cmd_vel: linear.x=0.0, angular.z=0.0
[decoded_serial_node-3] [INFO] [1791537020.037119917] [bw_dr03_decoded_serial_node]: RECEIVED /cmd_vel: linear.x=0.0, angular.z=0.0
[decoded_serial_node-3] [INFO] [1791537020.104809427] [bw_dr03_decoded_serial_node]: RECEIVED /cmd_vel: linear.x=0.0, angular.z=0.0
[decoded_serial_node-3] [INFO] [1791537020.171335356] [bw_dr03_decoded_serial_node]: RECEIVED /cmd_vel: linear.x=0.0, angular.z=0.0
[decoded_serial_node-3] [INFO] [1791537020.237805481] [bw_dr03_decoded_serial_node]: RECEIVED /cmd_vel: linear.x=0.0, angular.z=0.0
[decoded_serial_node-3] [INFO] [1791537020.305048556] [bw_dr03_decoded_serial_node]: RECEIVED /cmd_vel: linear.x=0.0, angular.z=0.0
[decoded_serial_node-3] [INFO] [1791537020.371066310] [bw_dr03_decoded_serial_node]: RECEIVED /cmd_vel: linear.x=0.0, angular.z=0.0
[decoded_serial_node-3] [INFO] [1791537020.437270473] [bw_dr03_decoded_serial_node]: RECEIVED /cmd_vel: linear.x=0.0, angular.z=0.0
[decoded_serial_node-3] [INFO] [1791537020.504290331] [bw_dr03_decoded_serial_node]: RECEIVED /cmd_vel: linear.x=0.0, angular.z=0.0
[decoded_serial_node-3] [INFO] [1791537020.570707026] [bw_dr03_decoded_serial_node]: RECEIVED /cmd_vel: linear.x=0.0, angular.z=0.0
[decoded_serial_node-3] [INFO] [1791537020.637136782] [bw_dr03_decoded_serial_node]: RECEIVED /cmd_vel: linear.x=0.0, angular.z=0.0
[decoded_serial_node-3] [INFO] [1791537020.704262311] [bw_dr03_decoded_serial_node]: RECEIVED /cmd_vel: linear.x=0.0, angular.z=0.0
[follow_planner-8] [INFO] [1791537020.770950904] [follow_planner_node]: [IDLE] disabled | d=- goc=- | v=0.000 w=0.000 | thoang=-
[decoded_serial_node-3] [INFO] [1791537020.771072011] [bw_dr03_decoded_serial_node]: RECEIVED /cmd_vel: linear.x=0.0, angular.z=0.0
[decoded_serial_node-3] [INFO] [1791537020.837728547] [bw_dr03_decoded_serial_node]: RECEIVED /cmd_vel: linear.x=0.0, angular.z=0.0
[decoded_serial_node-3] [INFO] [1791537020.905178216] [bw_dr03_decoded_serial_node]: RECEIVED /cmd_vel: linear.x=0.0, angular.z=0.0
[target_tracker-7] [INFO] [1791537020.934135934] [target_tracker_node]: muc tieu: no_target_yet
[decoded_serial_node-3] [INFO] [1791537020.970624866] [bw_dr03_decoded_serial_node]: RECEIVED /cmd_vel: linear.x=0.0, angular.z=0.0
[decoded_serial_node-3] [INFO] [1791537021.036878896] [bw_dr03_decoded_serial_node]: RECEIVED /cmd_vel: linear.x=0.0, angular.z=0.0
[decoded_serial_node-3] [INFO] [1791537021.103960492] [bw_dr03_decoded_serial_node]: RECEIVED /cmd_vel: linear.x=0.0, angular.z=0.0
[decoded_serial_node-3] [INFO] [1791537021.170418742] [bw_dr03_decoded_serial_node]: RECEIVED /cmd_vel: linear.x=0.0, angular.z=0.0
[decoded_serial_node-3] [INFO] [1791537021.236824750] [bw_dr03_decoded_serial_node]: RECEIVED /cmd_vel: linear.x=0.0, angular.z=0.0
[decoded_serial_node-3] [INFO] [1791537021.304575998] [bw_dr03_decoded_serial_node]: RECEIVED /cmd_vel: linear.x=0.0, angular.z=0.0
[decoded_serial_node-3] [INFO] [1791537021.370713670] [bw_dr03_decoded_serial_node]: RECEIVED /cmd_vel: linear.x=0.0, angular.z=0.0
[decoded_serial_node-3] [INFO] [1791537021.437878379] [bw_dr03_decoded_serial_node]: RECEIVED /cmd_vel: linear.x=0.0, angular.z=0.0
[decoded_serial_node-3] [INFO] [1791537021.504385309] [bw_dr03_decoded_serial_node]: RECEIVED /cmd_vel: linear.x=0.0, angular.z=0.0
[decoded_serial_node-3] [INFO] [1791537021.570631028] [bw_dr03_decoded_serial_node]: RECEIVED /cmd_vel: linear.x=0.0, angular.z=0.0
[decoded_serial_node-3] [INFO] [1791537021.637332680] [bw_dr03_decoded_serial_node]: RECEIVED /cmd_vel: linear.x=0.0, angular.z=0.0
[decoded_serial_node-3] [INFO] [1791537021.703984464] [bw_dr03_decoded_serial_node]: RECEIVED /cmd_vel: linear.x=0.0, angular.z=0.0
[decoded_serial_node-3] [INFO] [1791537021.770819096] [bw_dr03_decoded_serial_node]: RECEIVED /cmd_vel: linear.x=0.0, angular.z=0.0
[follow_planner-8] [INFO] [1791537021.770887961] [follow_planner_node]: [IDLE] disabled | d=- goc=- | v=0.000 w=0.000 | thoang=-
[decoded_serial_node-3] [INFO] [1791537021.836830911] [bw_dr03_decoded_serial_node]: RECEIVED /cmd_vel: linear.x=0.0, angular.z=0.0
[decoded_serial_node-3] [INFO] [1791537021.904742449] [bw_dr03_decoded_serial_node]: RECEIVED /cmd_vel: linear.x=0.0, angular.z=0.0
[decoded_serial_node-3] [INFO] [1791537021.970319702] [bw_dr03_decoded_serial_node]: RECEIVED /cmd_vel: linear.x=0.0, angular.z=0.0
[target_tracker-7] [INFO] [1791537021.984224488] [target_tracker_node]: muc tieu: no_target_yet
[decoded_serial_node-3] [INFO] [1791537022.036620036] [bw_dr03_decoded_serial_node]: RECEIVED /cmd_vel: linear.x=0.0, angular.z=0.0
[decoded_serial_node-3] [INFO] [1791537022.104131443] [bw_dr03_decoded_serial_node]: RECEIVED /cmd_vel: linear.x=0.0, angular.z=0.0
[decoded_serial_node-3] [INFO] [1791537022.170485207] [bw_dr03_decoded_serial_node]: RECEIVED /cmd_vel: linear.x=0.0, angular.z=0.0
[decoded_serial_node-3] [INFO] [1791537022.238218644] [bw_dr03_decoded_serial_node]: RECEIVED /cmd_vel: linear.x=0.0, angular.z=0.0
[decoded_serial_node-3] [INFO] [1791537022.304040484] [bw_dr03_decoded_serial_node]: RECEIVED /cmd_vel: linear.x=0.0, angular.z=0.0
[decoded_serial_node-3] [INFO] [1791537022.371054401] [bw_dr03_decoded_serial_node]: RECEIVED /cmd_vel: linear.x=0.0, angular.z=0.0
[decoded_serial_node-3] [INFO] [1791537022.436863181] [bw_dr03_decoded_serial_node]: RECEIVED /cmd_vel: linear.x=0.0, angular.z=0.0
[decoded_serial_node-3] [INFO] [1791537022.504805588] [bw_dr03_decoded_serial_node]: RECEIVED /cmd_vel: linear.x=0.0, angular.z=0.0
[decoded_serial_node-3] [INFO] [1791537022.570521757] [bw_dr03_decoded_serial_node]: RECEIVED /cmd_vel: linear.x=0.0, angular.z=0.0
[decoded_serial_node-3] [INFO] [1791537022.636848211] [bw_dr03_decoded_serial_node]: RECEIVED /cmd_vel: linear.x=0.0, angular.z=0.0
[decoded_serial_node-3] [INFO] [1791537022.705022146] [bw_dr03_decoded_serial_node]: RECEIVED /cmd_vel: linear.x=0.0, angular.z=0.0
[decoded_serial_node-3] [INFO] [1791537022.770728817] [bw_dr03_decoded_serial_node]: RECEIVED /cmd_vel: linear.x=0.0, angular.z=0.0
[follow_planner-8] [INFO] [1791537022.771191874] [follow_planner_node]: [IDLE] disabled | d=- goc=- | v=0.000 w=0.000 | thoang=-
[decoded_serial_node-3] [INFO] [1791537022.836881921] [bw_dr03_decoded_serial_node]: RECEIVED /cmd_vel: linear.x=0.0, angular.z=0.0
[decoded_serial_node-3] [INFO] [1791537022.904615358] [bw_dr03_decoded_serial_node]: RECEIVED /cmd_vel: linear.x=0.0, angular.z=0.0
[decoded_serial_node-3] [INFO] [1791537022.970980995] [bw_dr03_decoded_serial_node]: RECEIVED /cmd_vel: linear.x=0.0, angular.z=0.0
[target_tracker-7] [INFO] [1791537022.985252664] [target_tracker_node]: muc tieu: no_target_yet
[decoded_serial_node-3] [INFO] [1791537023.037178030] [bw_dr03_decoded_serial_node]: RECEIVED /cmd_vel: linear.x=0.0, angular.z=0.0
[decoded_serial_node-3] [INFO] [1791537023.104818854] [bw_dr03_decoded_serial_node]: RECEIVED /cmd_vel: linear.x=0.0, angular.z=0.0
[decoded_serial_node-3] [INFO] [1791537023.170792670] [bw_dr03_decoded_serial_node]: RECEIVED /cmd_vel: linear.x=0.0, angular.z=0.0
[decoded_serial_node-3] [INFO] [1791537023.237670043] [bw_dr03_decoded_serial_node]: RECEIVED /cmd_vel: linear.x=0.0, angular.z=0.0
[decoded_serial_node-3] [INFO] [1791537023.304835936] [bw_dr03_decoded_serial_node]: RECEIVED /cmd_vel: linear.x=0.0, angular.z=0.0
[decoded_serial_node-3] [INFO] [1791537023.370890491] [bw_dr03_decoded_serial_node]: RECEIVED /cmd_vel: linear.x=0.0, angular.z=0.0
[decoded_serial_node-3] [INFO] [1791537023.438013640] [bw_dr03_decoded_serial_node]: RECEIVED /cmd_vel: linear.x=0.0, angular.z=0.0
[decoded_serial_node-3] [INFO] [1791537023.504188115] [bw_dr03_decoded_serial_node]: RECEIVED /cmd_vel: linear.x=0.0, angular.z=0.0
[decoded_serial_node-3] [INFO] [1791537023.571916800] [bw_dr03_decoded_serial_node]: RECEIVED /cmd_vel: linear.x=0.0, angular.z=0.0
[decoded_serial_node-3] [INFO] [1791537023.636952629] [bw_dr03_decoded_serial_node]: RECEIVED /cmd_vel: linear.x=0.0, angular.z=0.0
[decoded_serial_node-3] [INFO] [1791537023.704393982] [bw_dr03_decoded_serial_node]: RECEIVED /cmd_vel: linear.x=0.0, angular.z=0.0
[decoded_serial_node-3] [INFO] [1791537023.770934153] [bw_dr03_decoded_serial_node]: RECEIVED /cmd_vel: linear.x=0.0, angular.z=0.0
[follow_planner-8] [INFO] [1791537023.836899659] [follow_planner_node]: [IDLE] disabled | d=- goc=- | v=0.000 w=0.000 | thoang=-
[decoded_serial_node-3] [INFO] [1791537023.837082507] [bw_dr03_decoded_serial_node]: RECEIVED /cmd_vel: linear.x=0.0, angular.z=0.0
[decoded_serial_node-3] [INFO] [1791537023.904137979] [bw_dr03_decoded_serial_node]: RECEIVED /cmd_vel: linear.x=0.0, angular.z=0.0
[decoded_serial_node-3] [INFO] [1791537023.970432374] [bw_dr03_decoded_serial_node]: RECEIVED /cmd_vel: linear.x=0.0, angular.z=0.0
[target_tracker-7] [INFO] [1791537023.984283729] [target_tracker_node]: muc tieu: no_target_yet
[decoded_serial_node-3] [INFO] [1791537024.037183888] [bw_dr03_decoded_serial_node]: RECEIVED /cmd_vel: linear.x=0.0, angular.z=0.0
[decoded_serial_node-3] [INFO] [1791537024.104627614] [bw_dr03_decoded_serial_node]: RECEIVED /cmd_vel: linear.x=0.0, angular.z=0.0
[decoded_serial_node-3] [INFO] [1791537024.170507630] [bw_dr03_decoded_serial_node]: RECEIVED /cmd_vel: linear.x=0.0, angular.z=0.0
[decoded_serial_node-3] [INFO] [1791537024.236812709] [bw_dr03_decoded_serial_node]: RECEIVED /cmd_vel: linear.x=0.0, angular.z=0.0
[decoded_serial_node-3] [INFO] [1791537024.304844161] [bw_dr03_decoded_serial_node]: RECEIVED /cmd_vel: linear.x=0.0, angular.z=0.0
[decoded_serial_node-3] [INFO] [1791537024.370644626] [bw_dr03_decoded_serial_node]: RECEIVED /cmd_vel: linear.x=0.0, angular.z=0.0
[decoded_serial_node-3] [INFO] [1791537024.437573052] [bw_dr03_decoded_serial_node]: RECEIVED /cmd_vel: linear.x=0.0, angular.z=0.0
[decoded_serial_node-3] [INFO] [1791537024.504703323] [bw_dr03_decoded_serial_node]: RECEIVED /cmd_vel: linear.x=0.0, angular.z=0.0
[decoded_serial_node-3] [INFO] [1791537024.570371995] [bw_dr03_decoded_serial_node]: RECEIVED /cmd_vel: linear.x=0.0, angular.z=0.0
[decoded_serial_node-3] [INFO] [1791537024.636868234] [bw_dr03_decoded_serial_node]: RECEIVED /cmd_vel: linear.x=0.0, angular.z=0.0
[decoded_serial_node-3] [INFO] [1791537024.704269216] [bw_dr03_decoded_serial_node]: RECEIVED /cmd_vel: linear.x=0.0, angular.z=0.0
[decoded_serial_node-3] [INFO] [1791537024.770937617] [bw_dr03_decoded_serial_node]: RECEIVED /cmd_vel: linear.x=0.0, angular.z=0.0
[follow_planner-8] [INFO] [1791537024.836773702] [follow_planner_node]: [IDLE] disabled | d=- goc=- | v=0.000 w=0.000 | thoang=-
[decoded_serial_node-3] [INFO] [1791537024.836829506] [bw_dr03_decoded_serial_node]: RECEIVED /cmd_vel: linear.x=0.0, angular.z=0.0
[decoded_serial_node-3] [INFO] [1791537024.904342096] [bw_dr03_decoded_serial_node]: RECEIVED /cmd_vel: linear.x=0.0, angular.z=0.0
[decoded_serial_node-3] [INFO] [1791537024.970520131] [bw_dr03_decoded_serial_node]: RECEIVED /cmd_vel: linear.x=0.0, angular.z=0.0
[target_tracker-7] [INFO] [1791537025.034799630] [target_tracker_node]: muc tieu: no_target_yet
[decoded_serial_node-3] [INFO] [1791537025.037397501] [bw_dr03_decoded_serial_node]: RECEIVED /cmd_vel: linear.x=0.0, angular.z=0.0
[decoded_serial_node-3] [INFO] [1791537025.106130662] [bw_dr03_decoded_serial_node]: RECEIVED /cmd_vel: linear.x=0.0, angular.z=0.0
[decoded_serial_node-3] [INFO] [1791537025.170348418] [bw_dr03_decoded_serial_node]: RECEIVED /cmd_vel: linear.x=0.0, angular.z=0.0
[decoded_serial_node-3] [INFO] [1791537025.236864840] [bw_dr03_decoded_serial_node]: RECEIVED /cmd_vel: linear.x=0.0, angular.z=0.0
[follow_planner-8] [INFO] [1791537025.302643931] [follow_planner_node]: self-filter: bo 16/211 tia dap vao than xe
[decoded_serial_node-3] [INFO] [1791537025.304639827] [bw_dr03_decoded_serial_node]: RECEIVED /cmd_vel: linear.x=0.0, angular.z=0.0
[decoded_serial_node-3] [INFO] [1791537025.370924720] [bw_dr03_decoded_serial_node]: RECEIVED /cmd_vel: linear.x=0.0, angular.z=0.0
[decoded_serial_node-3] [INFO] [1791537025.436992332] [bw_dr03_decoded_serial_node]: RECEIVED /cmd_vel: linear.x=0.0, angular.z=0.0
[decoded_serial_node-3] [INFO] [1791537025.504926422] [bw_dr03_decoded_serial_node]: RECEIVED /cmd_vel: linear.x=0.0, angular.z=0.0
[decoded_serial_node-3] [INFO] [1791537025.570795750] [bw_dr03_decoded_serial_node]: RECEIVED /cmd_vel: linear.x=0.0, angular.z=0.0
[decoded_serial_node-3] [INFO] [1791537025.637137634] [bw_dr03_decoded_serial_node]: RECEIVED /cmd_vel: linear.x=0.0, angular.z=0.0
[decoded_serial_node-3] [INFO] [1791537025.704863942] [bw_dr03_decoded_serial_node]: RECEIVED /cmd_vel: linear.x=0.0, angular.z=0.0
[decoded_serial_node-3] [INFO] [1791537025.770804509] [bw_dr03_decoded_serial_node]: RECEIVED /cmd_vel: linear.x=0.0, angular.z=0.0
[follow_planner-8] [INFO] [1791537025.836882807] [follow_planner_node]: [IDLE] disabled | d=- goc=- | v=0.000 w=0.000 | thoang=-
[decoded_serial_node-3] [INFO] [1791537025.837082278] [bw_dr03_decoded_serial_node]: RECEIVED /cmd_vel: linear.x=0.0, angular.z=0.0
[decoded_serial_node-3] [INFO] [1791537025.904516503] [bw_dr03_decoded_serial_node]: RECEIVED /cmd_vel: linear.x=0.0, angular.z=0.0
[decoded_serial_node-3] [INFO] [1791537025.970572242] [bw_dr03_decoded_serial_node]: RECEIVED /cmd_vel: linear.x=0.0, angular.z=0.0
[target_tracker-7] [INFO] [1791537026.034361373] [target_tracker_node]: muc tieu: no_target_yet
[decoded_serial_node-3] [INFO] [1791537026.037863986] [bw_dr03_decoded_serial_node]: RECEIVED /cmd_vel: linear.x=0.0, angular.z=0.0
[decoded_serial_node-3] [INFO] [1791537026.103460228] [bw_dr03_decoded_serial_node]: RECEIVED /cmd_vel: linear.x=0.0, angular.z=0.0
[decoded_serial_node-3] [INFO] [1791537026.170933633] [bw_dr03_decoded_serial_node]: RECEIVED /cmd_vel: linear.x=0.0, angular.z=0.0
[decoded_serial_node-3] [INFO] [1791537026.236969185] [bw_dr03_decoded_serial_node]: RECEIVED /cmd_vel: linear.x=0.0, angular.z=0.0
[decoded_serial_node-3] [INFO] [1791537026.304747733] [bw_dr03_decoded_serial_node]: RECEIVED /cmd_vel: linear.x=0.0, angular.z=0.0
[decoded_serial_node-3] [INFO] [1791537026.370374845] [bw_dr03_decoded_serial_node]: RECEIVED /cmd_vel: linear.x=0.0, angular.z=0.0
[decoded_serial_node-3] [INFO] [1791537026.436989812] [bw_dr03_decoded_serial_node]: RECEIVED /cmd_vel: linear.x=0.0, angular.z=0.0
[decoded_serial_node-3] [INFO] [1791537026.504736302] [bw_dr03_decoded_serial_node]: RECEIVED /cmd_vel: linear.x=0.0, angular.z=0.0
[decoded_serial_node-3] [INFO] [1791537026.570701802] [bw_dr03_decoded_serial_node]: RECEIVED /cmd_vel: linear.x=0.0, angular.z=0.0
[decoded_serial_node-3] [INFO] [1791537026.637271651] [bw_dr03_decoded_serial_node]: RECEIVED /cmd_vel: linear.x=0.0, angular.z=0.0
[decoded_serial_node-3] [INFO] [1791537026.704566957] [bw_dr03_decoded_serial_node]: RECEIVED /cmd_vel: linear.x=0.0, angular.z=0.0
[decoded_serial_node-3] [INFO] [1791537026.770763986] [bw_dr03_decoded_serial_node]: RECEIVED /cmd_vel: linear.x=0.0, angular.z=0.0
[decoded_serial_node-3] [INFO] [1791537026.836925395] [bw_dr03_decoded_serial_node]: RECEIVED /cmd_vel: linear.x=0.0, angular.z=0.0
[decoded_serial_node-3] [INFO] [1791537026.904404736] [bw_dr03_decoded_serial_node]: RECEIVED /cmd_vel: linear.x=0.0, angular.z=0.0
[follow_planner-8] [INFO] [1791537026.904453417] [follow_planner_node]: [IDLE] disabled | d=- goc=- | v=0.000 w=0.000 | thoang=-
[python3-4] [INFO] [1791537026.943186390] [identity_lock_node]: camera: nhan 12.5 fps (phoi sang 30 ms, do sang 78), xu ly 12.5 Hz, TB 22 ms/khung, tre tu luc chup 35.6 ms, 1 nguoi, status ENROLLING
[decoded_serial_node-3] [INFO] [1791537026.971475637] [bw_dr03_decoded_serial_node]: RECEIVED /cmd_vel: linear.x=0.0, angular.z=0.0
[target_tracker-7] [INFO] [1791537027.034534561] [target_tracker_node]: muc tieu: no_target_yet
[decoded_serial_node-3] [INFO] [1791537027.037311718] [bw_dr03_decoded_serial_node]: RECEIVED /cmd_vel: linear.x=0.0, angular.z=0.0
[decoded_serial_node-3] [INFO] [1791537027.103791328] [bw_dr03_decoded_serial_node]: RECEIVED /cmd_vel: linear.x=0.0, angular.z=0.0
[decoded_serial_node-3] [INFO] [1791537027.171036765] [bw_dr03_decoded_serial_node]: RECEIVED /cmd_vel: linear.x=0.0, angular.z=0.0
[decoded_serial_node-3] [INFO] [1791537027.237641044] [bw_dr03_decoded_serial_node]: RECEIVED /cmd_vel: linear.x=0.0, angular.z=0.0
[decoded_serial_node-3] [INFO] [1791537027.304884106] [bw_dr03_decoded_serial_node]: RECEIVED /cmd_vel: linear.x=0.0, angular.z=0.0
[decoded_serial_node-3] [INFO] [1791537027.370390109] [bw_dr03_decoded_serial_node]: RECEIVED /cmd_vel: linear.x=0.0, angular.z=0.0
[decoded_serial_node-3] [INFO] [1791537027.436969455] [bw_dr03_decoded_serial_node]: RECEIVED /cmd_vel: linear.x=0.0, angular.z=0.0
[decoded_serial_node-3] [INFO] [1791537027.505188499] [bw_dr03_decoded_serial_node]: RECEIVED /cmd_vel: linear.x=0.0, angular.z=0.0
[decoded_serial_node-3] [INFO] [1791537027.570730121] [bw_dr03_decoded_serial_node]: RECEIVED /cmd_vel: linear.x=0.0, angular.z=0.0
[decoded_serial_node-3] [INFO] [1791537027.636829787] [bw_dr03_decoded_serial_node]: RECEIVED /cmd_vel: linear.x=0.0, angular.z=0.0
[decoded_serial_node-3] [INFO] [1791537027.704319813] [bw_dr03_decoded_serial_node]: RECEIVED /cmd_vel: linear.x=0.0, angular.z=0.0
[decoded_serial_node-3] [INFO] [1791537027.770527526] [bw_dr03_decoded_serial_node]: RECEIVED /cmd_vel: linear.x=0.0, angular.z=0.0
[decoded_serial_node-3] [INFO] [1791537027.837948686] [bw_dr03_decoded_serial_node]: RECEIVED /cmd_vel: linear.x=0.0, angular.z=0.0
[follow_planner-8] [INFO] [1791537027.904059038] [follow_planner_node]: [IDLE] disabled | d=- goc=- | v=0.000 w=0.000 | thoang=-
[decoded_serial_node-3] [INFO] [1791537027.904449669] [bw_dr03_decoded_serial_node]: RECEIVED /cmd_vel: linear.x=0.0, angular.z=0.0
[decoded_serial_node-3] [INFO] [1791537027.970646696] [bw_dr03_decoded_serial_node]: RECEIVED /cmd_vel: linear.x=0.0, angular.z=0.0
[decoded_serial_node-3] [INFO] [1791537028.036811664] [bw_dr03_decoded_serial_node]: RECEIVED /cmd_vel: linear.x=0.0, angular.z=0.0
[target_tracker-7] [INFO] [1791537028.084169376] [target_tracker_node]: muc tieu: no_target_yet
[decoded_serial_node-3] [INFO] [1791537028.104103404] [bw_dr03_decoded_serial_node]: RECEIVED /cmd_vel: linear.x=0.0, angular.z=0.0
[decoded_serial_node-3] [INFO] [1791537028.170569952] [bw_dr03_decoded_serial_node]: RECEIVED /cmd_vel: linear.x=0.0, angular.z=0.0
[decoded_serial_node-3] [INFO] [1791537028.237526866] [bw_dr03_decoded_serial_node]: RECEIVED /cmd_vel: linear.x=0.0, angular.z=0.0
[decoded_serial_node-3] [INFO] [1791537028.304710559] [bw_dr03_decoded_serial_node]: RECEIVED /cmd_vel: linear.x=0.0, angular.z=0.0
[decoded_serial_node-3] [INFO] [1791537028.371033441] [bw_dr03_decoded_serial_node]: RECEIVED /cmd_vel: linear.x=0.0, angular.z=0.0
[decoded_serial_node-3] [INFO] [1791537028.437096298] [bw_dr03_decoded_serial_node]: RECEIVED /cmd_vel: linear.x=0.0, angular.z=0.0
[decoded_serial_node-3] [INFO] [1791537028.503977223] [bw_dr03_decoded_serial_node]: RECEIVED /cmd_vel: linear.x=0.0, angular.z=0.0
[decoded_serial_node-3] [INFO] [1791537028.570899705] [bw_dr03_decoded_serial_node]: RECEIVED /cmd_vel: linear.x=0.0, angular.z=0.0
[decoded_serial_node-3] [INFO] [1791537028.636843829] [bw_dr03_decoded_serial_node]: RECEIVED /cmd_vel: linear.x=0.0, angular.z=0.0
[decoded_serial_node-3] [INFO] [1791537028.704559445] [bw_dr03_decoded_serial_node]: RECEIVED /cmd_vel: linear.x=0.0, angular.z=0.0
[decoded_serial_node-3] [INFO] [1791537028.770597368] [bw_dr03_decoded_serial_node]: RECEIVED /cmd_vel: linear.x=0.0, angular.z=0.0
[decoded_serial_node-3] [INFO] [1791537028.837245577] [bw_dr03_decoded_serial_node]: RECEIVED /cmd_vel: linear.x=0.0, angular.z=0.0
[decoded_serial_node-3] [INFO] [1791537028.904714229] [bw_dr03_decoded_serial_node]: RECEIVED /cmd_vel: linear.x=0.0, angular.z=0.0
[decoded_serial_node-3] [INFO] [1791537028.970743841] [bw_dr03_decoded_serial_node]: RECEIVED /cmd_vel: linear.x=0.0, angular.z=0.0
[follow_planner-8] [INFO] [1791537028.970918378] [follow_planner_node]: [IDLE] disabled | d=- goc=- | v=0.000 w=0.000 | thoang=-
[decoded_serial_node-3] [INFO] [1791537029.037155771] [bw_dr03_decoded_serial_node]: RECEIVED /cmd_vel: linear.x=0.0, angular.z=0.0
[target_tracker-7] [INFO] [1791537029.084627466] [target_tracker_node]: muc tieu: no_target_yet
[decoded_serial_node-3] [INFO] [1791537029.104489066] [bw_dr03_decoded_serial_node]: RECEIVED /cmd_vel: linear.x=0.0, angular.z=0.0
[decoded_serial_node-3] [INFO] [1791537029.173278023] [bw_dr03_decoded_serial_node]: RECEIVED /cmd_vel: linear.x=0.0, angular.z=0.0
[decoded_serial_node-3] [INFO] [1791537029.237304613] [bw_dr03_decoded_serial_node]: RECEIVED /cmd_vel: linear.x=0.0, angular.z=0.0
[decoded_serial_node-3] [INFO] [1791537029.304816007] [bw_dr03_decoded_serial_node]: RECEIVED /cmd_vel: linear.x=0.0, angular.z=0.0
[decoded_serial_node-3] [INFO] [1791537029.372484128] [bw_dr03_decoded_serial_node]: RECEIVED /cmd_vel: linear.x=0.0, angular.z=0.0
[decoded_serial_node-3] [INFO] [1791537029.436947654] [bw_dr03_decoded_serial_node]: RECEIVED /cmd_vel: linear.x=0.0, angular.z=0.0
[decoded_serial_node-3] [INFO] [1791537029.504719072] [bw_dr03_decoded_serial_node]: RECEIVED /cmd_vel: linear.x=0.0, angular.z=0.0
[decoded_serial_node-3] [INFO] [1791537029.570770054] [bw_dr03_decoded_serial_node]: RECEIVED /cmd_vel: linear.x=0.0, angular.z=0.0
[decoded_serial_node-3] [INFO] [1791537029.636792540] [bw_dr03_decoded_serial_node]: RECEIVED /cmd_vel: linear.x=0.0, angular.z=0.0
[decoded_serial_node-3] [INFO] [1791537029.705189680] [bw_dr03_decoded_serial_node]: RECEIVED /cmd_vel: linear.x=0.0, angular.z=0.0
[decoded_serial_node-3] [INFO] [1791537029.770693304] [bw_dr03_decoded_serial_node]: RECEIVED /cmd_vel: linear.x=0.0, angular.z=0.0
[decoded_serial_node-3] [INFO] [1791537029.836758534] [bw_dr03_decoded_serial_node]: RECEIVED /cmd_vel: linear.x=0.0, angular.z=0.0
[decoded_serial_node-3] [INFO] [1791537029.904329294] [bw_dr03_decoded_serial_node]: RECEIVED /cmd_vel: linear.x=0.0, angular.z=0.0
[decoded_serial_node-3] [INFO] [1791537029.970425395] [bw_dr03_decoded_serial_node]: RECEIVED /cmd_vel: linear.x=0.0, angular.z=0.0
[follow_planner-8] [INFO] [1791537030.038197999] [follow_planner_node]: [IDLE] disabled | d=- goc=- | v=0.000 w=0.000 | thoang=-
[decoded_serial_node-3] [INFO] [1791537030.038738233] [bw_dr03_decoded_serial_node]: RECEIVED /cmd_vel: linear.x=0.0, angular.z=0.0
[target_tracker-7] [INFO] [1791537030.084960858] [target_tracker_node]: muc tieu: no_target_yet
[decoded_serial_node-3] [INFO] [1791537030.104814147] [bw_dr03_decoded_serial_node]: RECEIVED /cmd_vel: linear.x=0.0, angular.z=0.0
[decoded_serial_node-3] [INFO] [1791537030.171313936] [bw_dr03_decoded_serial_node]: RECEIVED /cmd_vel: linear.x=0.0, angular.z=0.0
[decoded_serial_node-3] [INFO] [1791537030.237032465] [bw_dr03_decoded_serial_node]: RECEIVED /cmd_vel: linear.x=0.0, angular.z=0.0
[decoded_serial_node-3] [INFO] [1791537030.305323930] [bw_dr03_decoded_serial_node]: RECEIVED /cmd_vel: linear.x=0.0, angular.z=0.0
[decoded_serial_node-3] [INFO] [1791537030.370838239] [bw_dr03_decoded_serial_node]: RECEIVED /cmd_vel: linear.x=0.0, angular.z=0.0
[decoded_serial_node-3] [INFO] [1791537030.436908216] [bw_dr03_decoded_serial_node]: RECEIVED /cmd_vel: linear.x=0.0, angular.z=0.0
[decoded_serial_node-3] [INFO] [1791537030.504467101] [bw_dr03_decoded_serial_node]: RECEIVED /cmd_vel: linear.x=0.0, angular.z=0.0
[decoded_serial_node-3] [INFO] [1791537030.570808976] [bw_dr03_decoded_serial_node]: RECEIVED /cmd_vel: linear.x=0.0, angular.z=0.0
[decoded_serial_node-3] [INFO] [1791537030.636920510] [bw_dr03_decoded_serial_node]: RECEIVED /cmd_vel: linear.x=0.0, angular.z=0.0
[decoded_serial_node-3] [INFO] [1791537030.704523326] [bw_dr03_decoded_serial_node]: RECEIVED /cmd_vel: linear.x=0.0, angular.z=0.0
[decoded_serial_node-3] [INFO] [1791537030.770624174] [bw_dr03_decoded_serial_node]: RECEIVED /cmd_vel: linear.x=0.0, angular.z=0.0
[decoded_serial_node-3] [INFO] [1791537030.837194016] [bw_dr03_decoded_serial_node]: RECEIVED /cmd_vel: linear.x=0.0, angular.z=0.0
[decoded_serial_node-3] [INFO] [1791537030.905145906] [bw_dr03_decoded_serial_node]: RECEIVED /cmd_vel: linear.x=0.0, angular.z=0.0
[decoded_serial_node-3] [INFO] [1791537030.970445308] [bw_dr03_decoded_serial_node]: RECEIVED /cmd_vel: linear.x=0.0, angular.z=0.0
[decoded_serial_node-3] [INFO] [1791537031.036895229] [bw_dr03_decoded_serial_node]: RECEIVED /cmd_vel: linear.x=0.0, angular.z=0.0
[decoded_serial_node-3] [INFO] [1791537031.104647647] [bw_dr03_decoded_serial_node]: RECEIVED /cmd_vel: linear.x=0.0, angular.z=0.0
[follow_planner-8] [INFO] [1791537031.104658333] [follow_planner_node]: [IDLE] disabled | d=- goc=- | v=0.000 w=0.000 | thoang=-
[target_tracker-7] [INFO] [1791537031.134233451] [target_tracker_node]: muc tieu: no_target_yet
[decoded_serial_node-3] [INFO] [1791537031.170261689] [bw_dr03_decoded_serial_node]: RECEIVED /cmd_vel: linear.x=0.0, angular.z=0.0
[decoded_serial_node-3] [INFO] [1791537031.237070181] [bw_dr03_decoded_serial_node]: RECEIVED /cmd_vel: linear.x=0.0, angular.z=0.0
[decoded_serial_node-3] [INFO] [1791537031.303533162] [bw_dr03_decoded_serial_node]: RECEIVED /cmd_vel: linear.x=0.0, angular.z=0.0
[decoded_serial_node-3] [INFO] [1791537031.370471073] [bw_dr03_decoded_serial_node]: RECEIVED /cmd_vel: linear.x=0.0, angular.z=0.0
[decoded_serial_node-3] [INFO] [1791537031.436936429] [bw_dr03_decoded_serial_node]: RECEIVED /cmd_vel: linear.x=0.0, angular.z=0.0
[decoded_serial_node-3] [INFO] [1791537031.504299403] [bw_dr03_decoded_serial_node]: RECEIVED /cmd_vel: linear.x=0.0, angular.z=0.0
[decoded_serial_node-3] [INFO] [1791537031.570738637] [bw_dr03_decoded_serial_node]: RECEIVED /cmd_vel: linear.x=0.0, angular.z=0.0
[decoded_serial_node-3] [INFO] [1791537031.637240799] [bw_dr03_decoded_serial_node]: RECEIVED /cmd_vel: linear.x=0.0, angular.z=0.0
[decoded_serial_node-3] [INFO] [1791537031.703923436] [bw_dr03_decoded_serial_node]: RECEIVED /cmd_vel: linear.x=0.0, angular.z=0.0
[decoded_serial_node-3] [INFO] [1791537031.770622694] [bw_dr03_decoded_serial_node]: RECEIVED /cmd_vel: linear.x=0.0, angular.z=0.0
[decoded_serial_node-3] [INFO] [1791537031.838191076] [bw_dr03_decoded_serial_node]: RECEIVED /cmd_vel: linear.x=0.0, angular.z=0.0
[decoded_serial_node-3] [INFO] [1791537031.904934266] [bw_dr03_decoded_serial_node]: RECEIVED /cmd_vel: linear.x=0.0, angular.z=0.0
[decoded_serial_node-3] [INFO] [1791537031.970658729] [bw_dr03_decoded_serial_node]: RECEIVED /cmd_vel: linear.x=0.0, angular.z=0.0
[decoded_serial_node-3] [INFO] [1791537032.037841229] [bw_dr03_decoded_serial_node]: RECEIVED /cmd_vel: linear.x=0.0, angular.z=0.0
[decoded_serial_node-3] [INFO] [1791537032.104223469] [bw_dr03_decoded_serial_node]: RECEIVED /cmd_vel: linear.x=0.0, angular.z=0.0
[target_tracker-7] [INFO] [1791537032.134731825] [target_tracker_node]: muc tieu: no_target_yet
[decoded_serial_node-3] [INFO] [1791537032.170728004] [bw_dr03_decoded_serial_node]: RECEIVED /cmd_vel: linear.x=0.0, angular.z=0.0
[follow_planner-8] [INFO] [1791537032.170728004] [follow_planner_node]: [IDLE] disabled | d=- goc=- | v=0.000 w=0.000 | thoang=-
[decoded_serial_node-3] [INFO] [1791537032.237143490] [bw_dr03_decoded_serial_node]: RECEIVED /cmd_vel: linear.x=0.0, angular.z=0.0
[decoded_serial_node-3] [INFO] [1791537032.304221504] [bw_dr03_decoded_serial_node]: RECEIVED /cmd_vel: linear.x=0.0, angular.z=0.0
[decoded_serial_node-3] [INFO] [1791537032.370984877] [bw_dr03_decoded_serial_node]: RECEIVED /cmd_vel: linear.x=0.0, angular.z=0.0
[decoded_serial_node-3] [INFO] [1791537032.437027542] [bw_dr03_decoded_serial_node]: RECEIVED /cmd_vel: linear.x=0.0, angular.z=0.0
[decoded_serial_node-3] [INFO] [1791537032.504872569] [bw_dr03_decoded_serial_node]: RECEIVED /cmd_vel: linear.x=0.0, angular.z=0.0
[decoded_serial_node-3] [INFO] [1791537032.570629088] [bw_dr03_decoded_serial_node]: RECEIVED /cmd_vel: linear.x=0.0, angular.z=0.0
[decoded_serial_node-3] [INFO] [1791537032.637122938] [bw_dr03_decoded_serial_node]: RECEIVED /cmd_vel: linear.x=0.0, angular.z=0.0
[decoded_serial_node-3] [INFO] [1791537032.703765203] [bw_dr03_decoded_serial_node]: RECEIVED /cmd_vel: linear.x=0.0, angular.z=0.0
[decoded_serial_node-3] [INFO] [1791537032.770777914] [bw_dr03_decoded_serial_node]: RECEIVED /cmd_vel: linear.x=0.0, angular.z=0.0
[decoded_serial_node-3] [INFO] [1791537032.837740757] [bw_dr03_decoded_serial_node]: RECEIVED /cmd_vel: linear.x=0.0, angular.z=0.0
[decoded_serial_node-3] [INFO] [1791537032.904546873] [bw_dr03_decoded_serial_node]: RECEIVED /cmd_vel: linear.x=0.0, angular.z=0.0
[decoded_serial_node-3] [INFO] [1791537032.971152331] [bw_dr03_decoded_serial_node]: RECEIVED /cmd_vel: linear.x=0.0, angular.z=0.0
[decoded_serial_node-3] [INFO] [1791537033.037190246] [bw_dr03_decoded_serial_node]: RECEIVED /cmd_vel: linear.x=0.0, angular.z=0.0
[decoded_serial_node-3] [INFO] [1791537033.104315751] [bw_dr03_decoded_serial_node]: RECEIVED /cmd_vel: linear.x=0.0, angular.z=0.0
[follow_planner-8] [INFO] [1791537033.170674244] [follow_planner_node]: [IDLE] disabled | d=- goc=- | v=0.000 w=0.000 | thoang=-
[decoded_serial_node-3] [INFO] [1791537033.170754982] [bw_dr03_decoded_serial_node]: RECEIVED /cmd_vel: linear.x=0.0, angular.z=0.0
[target_tracker-7] [INFO] [1791537033.184846173] [target_tracker_node]: muc tieu: no_target_yet
[decoded_serial_node-3] [INFO] [1791537033.237320069] [bw_dr03_decoded_serial_node]: RECEIVED /cmd_vel: linear.x=0.0, angular.z=0.0
[decoded_serial_node-3] [INFO] [1791537033.305371689] [bw_dr03_decoded_serial_node]: RECEIVED /cmd_vel: linear.x=0.0, angular.z=0.0
[decoded_serial_node-3] [INFO] [1791537033.370295891] [bw_dr03_decoded_serial_node]: RECEIVED /cmd_vel: linear.x=0.0, angular.z=0.0
[decoded_serial_node-3] [INFO] [1791537033.437851208] [bw_dr03_decoded_serial_node]: RECEIVED /cmd_vel: linear.x=0.0, angular.z=0.0
[decoded_serial_node-3] [INFO] [1791537033.504827110] [bw_dr03_decoded_serial_node]: RECEIVED /cmd_vel: linear.x=0.0, angular.z=0.0
[decoded_serial_node-3] [INFO] [1791537033.570905393] [bw_dr03_decoded_serial_node]: RECEIVED /cmd_vel: linear.x=0.0, angular.z=0.0
[decoded_serial_node-3] [INFO] [1791537033.636878004] [bw_dr03_decoded_serial_node]: RECEIVED /cmd_vel: linear.x=0.0, angular.z=0.0
[decoded_serial_node-3] [INFO] [1791537033.703567761] [bw_dr03_decoded_serial_node]: RECEIVED /cmd_vel: linear.x=0.0, angular.z=0.0
[decoded_serial_node-3] [INFO] [1791537033.771612257] [bw_dr03_decoded_serial_node]: RECEIVED /cmd_vel: linear.x=0.0, angular.z=0.0
[decoded_serial_node-3] [INFO] [1791537033.837089753] [bw_dr03_decoded_serial_node]: RECEIVED /cmd_vel: linear.x=0.0, angular.z=0.0
[decoded_serial_node-3] [INFO] [1791537033.904210509] [bw_dr03_decoded_serial_node]: RECEIVED /cmd_vel: linear.x=0.0, angular.z=0.0
[decoded_serial_node-3] [INFO] [1791537033.970686546] [bw_dr03_decoded_serial_node]: RECEIVED /cmd_vel: linear.x=0.0, angular.z=0.0
[decoded_serial_node-3] [INFO] [1791537034.036961925] [bw_dr03_decoded_serial_node]: RECEIVED /cmd_vel: linear.x=0.0, angular.z=0.0
[decoded_serial_node-3] [INFO] [1791537034.104582543] [bw_dr03_decoded_serial_node]: RECEIVED /cmd_vel: linear.x=0.0, angular.z=0.0
[decoded_serial_node-3] [INFO] [1791537034.170502910] [bw_dr03_decoded_serial_node]: RECEIVED /cmd_vel: linear.x=0.0, angular.z=0.0
[target_tracker-7] [INFO] [1791537034.234312210] [target_tracker_node]: muc tieu: no_target_yet
[decoded_serial_node-3] [INFO] [1791537034.236717734] [bw_dr03_decoded_serial_node]: RECEIVED /cmd_vel: linear.x=0.0, angular.z=0.0
[follow_planner-8] [INFO] [1791537034.236726045] [follow_planner_node]: [IDLE] disabled | d=- goc=- | v=0.000 w=0.000 | thoang=-
[decoded_serial_node-3] [INFO] [1791537034.304258802] [bw_dr03_decoded_serial_node]: RECEIVED /cmd_vel: linear.x=0.0, angular.z=0.0
[decoded_serial_node-3] [INFO] [1791537034.370948556] [bw_dr03_decoded_serial_node]: RECEIVED /cmd_vel: linear.x=0.0, angular.z=0.0
[decoded_serial_node-3] [INFO] [1791537034.437412719] [bw_dr03_decoded_serial_node]: RECEIVED /cmd_vel: linear.x=0.0, angular.z=0.0
[decoded_serial_node-3] [INFO] [1791537034.503756961] [bw_dr03_decoded_serial_node]: RECEIVED /cmd_vel: linear.x=0.0, angular.z=0.0
[decoded_serial_node-3] [INFO] [1791537034.570438404] [bw_dr03_decoded_serial_node]: RECEIVED /cmd_vel: linear.x=0.0, angular.z=0.0
[decoded_serial_node-3] [INFO] [1791537034.638227623] [bw_dr03_decoded_serial_node]: RECEIVED /cmd_vel: linear.x=0.0, angular.z=0.0
[decoded_serial_node-3] [INFO] [1791537034.704326089] [bw_dr03_decoded_serial_node]: RECEIVED /cmd_vel: linear.x=0.0, angular.z=0.0
[decoded_serial_node-3] [INFO] [1791537034.770309384] [bw_dr03_decoded_serial_node]: RECEIVED /cmd_vel: linear.x=0.0, angular.z=0.0
[decoded_serial_node-3] [INFO] [1791537034.837490692] [bw_dr03_decoded_serial_node]: RECEIVED /cmd_vel: linear.x=0.0, angular.z=0.0
[decoded_serial_node-3] [INFO] [1791537034.903914486] [bw_dr03_decoded_serial_node]: RECEIVED /cmd_vel: linear.x=0.0, angular.z=0.0
[decoded_serial_node-3] [INFO] [1791537034.970777590] [bw_dr03_decoded_serial_node]: RECEIVED /cmd_vel: linear.x=0.0, angular.z=0.0
[decoded_serial_node-3] [INFO] [1791537035.037036344] [bw_dr03_decoded_serial_node]: RECEIVED /cmd_vel: linear.x=0.0, angular.z=0.0
[decoded_serial_node-3] [INFO] [1791537035.104161845] [bw_dr03_decoded_serial_node]: RECEIVED /cmd_vel: linear.x=0.0, angular.z=0.0
[decoded_serial_node-3] [INFO] [1791537035.170604634] [bw_dr03_decoded_serial_node]: RECEIVED /cmd_vel: linear.x=0.0, angular.z=0.0
[target_tracker-7] [INFO] [1791537035.234435305] [target_tracker_node]: muc tieu: no_target_yet
[decoded_serial_node-3] [INFO] [1791537035.236648481] [bw_dr03_decoded_serial_node]: RECEIVED /cmd_vel: linear.x=0.0, angular.z=0.0
[follow_planner-8] [INFO] [1791537035.303827412] [follow_planner_node]: [IDLE] disabled | d=- goc=- | v=0.000 w=0.000 | thoang=-
[decoded_serial_node-3] [INFO] [1791537035.304252475] [bw_dr03_decoded_serial_node]: RECEIVED /cmd_vel: linear.x=0.0, angular.z=0.0
[follow_planner-8] [INFO] [1791537035.336126254] [follow_planner_node]: self-filter: bo 14/211 tia dap vao than xe
[decoded_serial_node-3] [INFO] [1791537035.370449488] [bw_dr03_decoded_serial_node]: RECEIVED /cmd_vel: linear.x=0.0, angular.z=0.0
[decoded_serial_node-3] [INFO] [1791537035.436931458] [bw_dr03_decoded_serial_node]: RECEIVED /cmd_vel: linear.x=0.0, angular.z=0.0
[decoded_serial_node-3] [INFO] [1791537035.505021069] [bw_dr03_decoded_serial_node]: RECEIVED /cmd_vel: linear.x=0.0, angular.z=0.0
[decoded_serial_node-3] [INFO] [1791537035.570888004] [bw_dr03_decoded_serial_node]: RECEIVED /cmd_vel: linear.x=0.0, angular.z=0.0
[decoded_serial_node-3] [INFO] [1791537035.637787914] [bw_dr03_decoded_serial_node]: RECEIVED /cmd_vel: linear.x=0.0, angular.z=0.0
[decoded_serial_node-3] [INFO] [1791537035.704063290] [bw_dr03_decoded_serial_node]: RECEIVED /cmd_vel: linear.x=0.0, angular.z=0.0
[decoded_serial_node-3] [INFO] [1791537035.770307795] [bw_dr03_decoded_serial_node]: RECEIVED /cmd_vel: linear.x=0.0, angular.z=0.0
[decoded_serial_node-3] [INFO] [1791537035.836813512] [bw_dr03_decoded_serial_node]: RECEIVED /cmd_vel: linear.x=0.0, angular.z=0.0
[decoded_serial_node-3] [INFO] [1791537035.904510117] [bw_dr03_decoded_serial_node]: RECEIVED /cmd_vel: linear.x=0.0, angular.z=0.0
[decoded_serial_node-3] [INFO] [1791537035.970600270] [bw_dr03_decoded_serial_node]: RECEIVED /cmd_vel: linear.x=0.0, angular.z=0.0
[decoded_serial_node-3] [INFO] [1791537036.037564294] [bw_dr03_decoded_serial_node]: RECEIVED /cmd_vel: linear.x=0.0, angular.z=0.0
[decoded_serial_node-3] [INFO] [1791537036.104542566] [bw_dr03_decoded_serial_node]: RECEIVED /cmd_vel: linear.x=0.0, angular.z=0.0
[decoded_serial_node-3] [INFO] [1791537036.170833375] [bw_dr03_decoded_serial_node]: RECEIVED /cmd_vel: linear.x=0.0, angular.z=0.0
[target_tracker-7] [INFO] [1791537036.234278163] [target_tracker_node]: muc tieu: no_target_yet
[decoded_serial_node-3] [INFO] [1791537036.238170219] [bw_dr03_decoded_serial_node]: RECEIVED /cmd_vel: linear.x=0.0, angular.z=0.0
[decoded_serial_node-3] [INFO] [1791537036.304700868] [bw_dr03_decoded_serial_node]: RECEIVED /cmd_vel: linear.x=0.0, angular.z=0.0
[follow_planner-8] [INFO] [1791537036.370756586] [follow_planner_node]: [IDLE] disabled | d=- goc=- | v=0.000 w=0.000 | thoang=-
[decoded_serial_node-3] [INFO] [1791537036.371100911] [bw_dr03_decoded_serial_node]: RECEIVED /cmd_vel: linear.x=0.0, angular.z=0.0
[decoded_serial_node-3] [INFO] [1791537036.438799889] [bw_dr03_decoded_serial_node]: RECEIVED /cmd_vel: linear.x=0.0, angular.z=0.0
[decoded_serial_node-3] [INFO] [1791537036.504380677] [bw_dr03_decoded_serial_node]: RECEIVED /cmd_vel: linear.x=0.0, angular.z=0.0
[decoded_serial_node-3] [INFO] [1791537036.571141668] [bw_dr03_decoded_serial_node]: RECEIVED /cmd_vel: linear.x=0.0, angular.z=0.0
[decoded_serial_node-3] [INFO] [1791537036.637624824] [bw_dr03_decoded_serial_node]: RECEIVED /cmd_vel: linear.x=0.0, angular.z=0.0
[decoded_serial_node-3] [INFO] [1791537036.704199404] [bw_dr03_decoded_serial_node]: RECEIVED /cmd_vel: linear.x=0.0, angular.z=0.0
[decoded_serial_node-3] [INFO] [1791537036.770757362] [bw_dr03_decoded_serial_node]: RECEIVED /cmd_vel: linear.x=0.0, angular.z=0.0
[decoded_serial_node-3] [INFO] [1791537036.837057670] [bw_dr03_decoded_serial_node]: RECEIVED /cmd_vel: linear.x=0.0, angular.z=0.0
[decoded_serial_node-3] [INFO] [1791537036.904488312] [bw_dr03_decoded_serial_node]: RECEIVED /cmd_vel: linear.x=0.0, angular.z=0.0
[decoded_serial_node-3] [INFO] [1791537036.970494163] [bw_dr03_decoded_serial_node]: RECEIVED /cmd_vel: linear.x=0.0, angular.z=0.0
[decoded_serial_node-3] [INFO] [1791537037.037010563] [bw_dr03_decoded_serial_node]: RECEIVED /cmd_vel: linear.x=0.0, angular.z=0.0
[python3-4] [INFO] [1791537037.074471899] [identity_lock_node]: camera: nhan 12.4 fps (phoi sang 30 ms, do sang 79), xu ly 12.4 Hz, TB 22 ms/khung, tre tu luc chup 86.1 ms, 1 nguoi, status ENROLLING
[decoded_serial_node-3] [INFO] [1791537037.104884077] [bw_dr03_decoded_serial_node]: RECEIVED /cmd_vel: linear.x=0.0, angular.z=0.0
[decoded_serial_node-3] [INFO] [1791537037.170958791] [bw_dr03_decoded_serial_node]: RECEIVED /cmd_vel: linear.x=0.0, angular.z=0.0
[decoded_serial_node-3] [INFO] [1791537037.237170047] [bw_dr03_decoded_serial_node]: RECEIVED /cmd_vel: linear.x=0.0, angular.z=0.0
[target_tracker-7] [INFO] [1791537037.284460071] [target_tracker_node]: muc tieu: no_target_yet
[decoded_serial_node-3] [INFO] [1791537037.305367701] [bw_dr03_decoded_serial_node]: RECEIVED /cmd_vel: linear.x=0.0, angular.z=0.0
[decoded_serial_node-3] [INFO] [1791537037.370690837] [bw_dr03_decoded_serial_node]: RECEIVED /cmd_vel: linear.x=0.0, angular.z=0.0
[follow_planner-8] [INFO] [1791537037.371193077] [follow_planner_node]: [IDLE] disabled | d=- goc=- | v=0.000 w=0.000 | thoang=-
[decoded_serial_node-3] [INFO] [1791537037.437211986] [bw_dr03_decoded_serial_node]: RECEIVED /cmd_vel: linear.x=0.0, angular.z=0.0
[decoded_serial_node-3] [INFO] [1791537037.504481151] [bw_dr03_decoded_serial_node]: RECEIVED /cmd_vel: linear.x=0.0, angular.z=0.0
[decoded_serial_node-3] [INFO] [1791537037.570824200] [bw_dr03_decoded_serial_node]: RECEIVED /cmd_vel: linear.x=0.0, angular.z=0.0
[decoded_serial_node-3] [INFO] [1791537037.638789138] [bw_dr03_decoded_serial_node]: RECEIVED /cmd_vel: linear.x=0.0, angular.z=0.0
[decoded_serial_node-3] [INFO] [1791537037.704777177] [bw_dr03_decoded_serial_node]: RECEIVED /cmd_vel: linear.x=0.0, angular.z=0.0
[decoded_serial_node-3] [INFO] [1791537037.770617988] [bw_dr03_decoded_serial_node]: RECEIVED /cmd_vel: linear.x=0.0, angular.z=0.0
[decoded_serial_node-3] [INFO] [1791537037.836913545] [bw_dr03_decoded_serial_node]: RECEIVED /cmd_vel: linear.x=0.0, angular.z=0.0
[decoded_serial_node-3] [INFO] [1791537037.904148276] [bw_dr03_decoded_serial_node]: RECEIVED /cmd_vel: linear.x=0.0, angular.z=0.0
[decoded_serial_node-3] [INFO] [1791537037.970687235] [bw_dr03_decoded_serial_node]: RECEIVED /cmd_vel: linear.x=0.0, angular.z=0.0
[decoded_serial_node-3] [INFO] [1791537038.036919863] [bw_dr03_decoded_serial_node]: RECEIVED /cmd_vel: linear.x=0.0, angular.z=0.0
[decoded_serial_node-3] [INFO] [1791537038.104656832] [bw_dr03_decoded_serial_node]: RECEIVED /cmd_vel: linear.x=0.0, angular.z=0.0
[decoded_serial_node-3] [INFO] [1791537038.170566505] [bw_dr03_decoded_serial_node]: RECEIVED /cmd_vel: linear.x=0.0, angular.z=0.0
[decoded_serial_node-3] [INFO] [1791537038.237727621] [bw_dr03_decoded_serial_node]: RECEIVED /cmd_vel: linear.x=0.0, angular.z=0.0
[target_tracker-7] [INFO] [1791537038.284954715] [target_tracker_node]: muc tieu: no_target_yet
[decoded_serial_node-3] [INFO] [1791537038.304443490] [bw_dr03_decoded_serial_node]: RECEIVED /cmd_vel: linear.x=0.0, angular.z=0.0
[decoded_serial_node-3] [INFO] [1791537038.370943265] [bw_dr03_decoded_serial_node]: RECEIVED /cmd_vel: linear.x=0.0, angular.z=0.0
[follow_planner-8] [INFO] [1791537038.437178266] [follow_planner_node]: [IDLE] disabled | d=- goc=- | v=0.000 w=0.000 | thoang=-
[decoded_serial_node-3] [INFO] [1791537038.437660321] [bw_dr03_decoded_serial_node]: RECEIVED /cmd_vel: linear.x=0.0, angular.z=0.0
[decoded_serial_node-3] [INFO] [1791537038.504055611] [bw_dr03_decoded_serial_node]: RECEIVED /cmd_vel: linear.x=0.0, angular.z=0.0
[decoded_serial_node-3] [INFO] [1791537038.571114617] [bw_dr03_decoded_serial_node]: RECEIVED /cmd_vel: linear.x=0.0, angular.z=0.0
[decoded_serial_node-3] [INFO] [1791537038.636807010] [bw_dr03_decoded_serial_node]: RECEIVED /cmd_vel: linear.x=0.0, angular.z=0.0
[decoded_serial_node-3] [INFO] [1791537038.703904010] [bw_dr03_decoded_serial_node]: RECEIVED /cmd_vel: linear.x=0.0, angular.z=0.0
[decoded_serial_node-3] [INFO] [1791537038.770733862] [bw_dr03_decoded_serial_node]: RECEIVED /cmd_vel: linear.x=0.0, angular.z=0.0
[decoded_serial_node-3] [INFO] [1791537038.836676781] [bw_dr03_decoded_serial_node]: RECEIVED /cmd_vel: linear.x=0.0, angular.z=0.0
[decoded_serial_node-3] [INFO] [1791537038.904436309] [bw_dr03_decoded_serial_node]: RECEIVED /cmd_vel: linear.x=0.0, angular.z=0.0
[decoded_serial_node-3] [INFO] [1791537038.970850597] [bw_dr03_decoded_serial_node]: RECEIVED /cmd_vel: linear.x=0.0, angular.z=0.0
[decoded_serial_node-3] [INFO] [1791537039.037515409] [bw_dr03_decoded_serial_node]: RECEIVED /cmd_vel: linear.x=0.0, angular.z=0.0
[decoded_serial_node-3] [INFO] [1791537039.103752783] [bw_dr03_decoded_serial_node]: RECEIVED /cmd_vel: linear.x=0.0, angular.z=0.0
[decoded_serial_node-3] [INFO] [1791537039.170533953] [bw_dr03_decoded_serial_node]: RECEIVED /cmd_vel: linear.x=0.0, angular.z=0.0
[decoded_serial_node-3] [INFO] [1791537039.236872250] [bw_dr03_decoded_serial_node]: RECEIVED /cmd_vel: linear.x=0.0, angular.z=0.0
[decoded_serial_node-3] [INFO] [1791537039.304418057] [bw_dr03_decoded_serial_node]: RECEIVED /cmd_vel: linear.x=0.0, angular.z=0.0
[target_tracker-7] [INFO] [1791537039.334463350] [target_tracker_node]: muc tieu: no_target_yet
[decoded_serial_node-3] [INFO] [1791537039.372317688] [bw_dr03_decoded_serial_node]: RECEIVED /cmd_vel: linear.x=0.0, angular.z=0.0
[decoded_serial_node-3] [INFO] [1791537039.436958109] [bw_dr03_decoded_serial_node]: RECEIVED /cmd_vel: linear.x=0.0, angular.z=0.0
[follow_planner-8] [INFO] [1791537039.504305633] [follow_planner_node]: [IDLE] disabled | d=- goc=- | v=0.000 w=0.000 | thoang=-
[decoded_serial_node-3] [INFO] [1791537039.504959850] [bw_dr03_decoded_serial_node]: RECEIVED /cmd_vel: linear.x=0.0, angular.z=0.0
[decoded_serial_node-3] [INFO] [1791537039.570533508] [bw_dr03_decoded_serial_node]: RECEIVED /cmd_vel: linear.x=0.0, angular.z=0.0
[decoded_serial_node-3] [INFO] [1791537039.636840935] [bw_dr03_decoded_serial_node]: RECEIVED /cmd_vel: linear.x=0.0, angular.z=0.0
[decoded_serial_node-3] [INFO] [1791537039.703978302] [bw_dr03_decoded_serial_node]: RECEIVED /cmd_vel: linear.x=0.0, angular.z=0.0
[decoded_serial_node-3] [INFO] [1791537039.770404461] [bw_dr03_decoded_serial_node]: RECEIVED /cmd_vel: linear.x=0.0, angular.z=0.0
[decoded_serial_node-3] [INFO] [1791537039.837964517] [bw_dr03_decoded_serial_node]: RECEIVED /cmd_vel: linear.x=0.0, angular.z=0.0
[decoded_serial_node-3] [INFO] [1791537039.905029457] [bw_dr03_decoded_serial_node]: RECEIVED /cmd_vel: linear.x=0.0, angular.z=0.0
[decoded_serial_node-3] [INFO] [1791537039.970483196] [bw_dr03_decoded_serial_node]: RECEIVED /cmd_vel: linear.x=0.0, angular.z=0.0
[decoded_serial_node-3] [INFO] [1791537040.037073205] [bw_dr03_decoded_serial_node]: RECEIVED /cmd_vel: linear.x=0.0, angular.z=0.0
[decoded_serial_node-3] [INFO] [1791537040.104195136] [bw_dr03_decoded_serial_node]: RECEIVED /cmd_vel: linear.x=0.0, angular.z=0.0
[decoded_serial_node-3] [INFO] [1791537040.170257971] [bw_dr03_decoded_serial_node]: RECEIVED /cmd_vel: linear.x=0.0, angular.z=0.0
[decoded_serial_node-3] [INFO] [1791537040.236806423] [bw_dr03_decoded_serial_node]: RECEIVED /cmd_vel: linear.x=0.0, angular.z=0.0
[decoded_serial_node-3] [INFO] [1791537040.304189565] [bw_dr03_decoded_serial_node]: RECEIVED /cmd_vel: linear.x=0.0, angular.z=0.0
[decoded_serial_node-3] [INFO] [1791537040.370721394] [bw_dr03_decoded_serial_node]: RECEIVED /cmd_vel: linear.x=0.0, angular.z=0.0
[target_tracker-7] [INFO] [1791537040.384806646] [target_tracker_node]: muc tieu: no_target_yet
[decoded_serial_node-3] [INFO] [1791537040.436944519] [bw_dr03_decoded_serial_node]: RECEIVED /cmd_vel: linear.x=0.0, angular.z=0.0
[decoded_serial_node-3] [INFO] [1791537040.505121982] [bw_dr03_decoded_serial_node]: RECEIVED /cmd_vel: linear.x=0.0, angular.z=0.0
[follow_planner-8] [INFO] [1791537040.570711074] [follow_planner_node]: [IDLE] disabled | d=- goc=- | v=0.000 w=0.000 | thoang=-
[decoded_serial_node-3] [INFO] [1791537040.571030465] [bw_dr03_decoded_serial_node]: RECEIVED /cmd_vel: linear.x=0.0, angular.z=0.0
[decoded_serial_node-3] [INFO] [1791537040.637768889] [bw_dr03_decoded_serial_node]: RECEIVED /cmd_vel: linear.x=0.0, angular.z=0.0
[decoded_serial_node-3] [INFO] [1791537040.704672352] [bw_dr03_decoded_serial_node]: RECEIVED /cmd_vel: linear.x=0.0, angular.z=0.0
[decoded_serial_node-3] [INFO] [1791537040.770988088] [bw_dr03_decoded_serial_node]: RECEIVED /cmd_vel: linear.x=0.0, angular.z=0.0
[decoded_serial_node-3] [INFO] [1791537040.837829809] [bw_dr03_decoded_serial_node]: RECEIVED /cmd_vel: linear.x=0.0, angular.z=0.0
[decoded_serial_node-3] [INFO] [1791537040.903962697] [bw_dr03_decoded_serial_node]: RECEIVED /cmd_vel: linear.x=0.0, angular.z=0.0
[decoded_serial_node-3] [INFO] [1791537040.970756925] [bw_dr03_decoded_serial_node]: RECEIVED /cmd_vel: linear.x=0.0, angular.z=0.0
[decoded_serial_node-3] [INFO] [1791537041.036855379] [bw_dr03_decoded_serial_node]: RECEIVED /cmd_vel: linear.x=0.0, angular.z=0.0
[decoded_serial_node-3] [INFO] [1791537041.104541288] [bw_dr03_decoded_serial_node]: RECEIVED /cmd_vel: linear.x=0.0, angular.z=0.0
[decoded_serial_node-3] [INFO] [1791537041.170488951] [bw_dr03_decoded_serial_node]: RECEIVED /cmd_vel: linear.x=0.0, angular.z=0.0
[decoded_serial_node-3] [INFO] [1791537041.237084894] [bw_dr03_decoded_serial_node]: RECEIVED /cmd_vel: linear.x=0.0, angular.z=0.0
[decoded_serial_node-3] [INFO] [1791537041.304484657] [bw_dr03_decoded_serial_node]: RECEIVED /cmd_vel: linear.x=0.0, angular.z=0.0
[decoded_serial_node-3] [INFO] [1791537041.370554614] [bw_dr03_decoded_serial_node]: RECEIVED /cmd_vel: linear.x=0.0, angular.z=0.0
[target_tracker-7] [INFO] [1791537041.384745538] [target_tracker_node]: muc tieu: no_target_yet
[decoded_serial_node-3] [INFO] [1791537041.437458075] [bw_dr03_decoded_serial_node]: RECEIVED /cmd_vel: linear.x=0.0, angular.z=0.0
[decoded_serial_node-3] [INFO] [1791537041.504226180] [bw_dr03_decoded_serial_node]: RECEIVED /cmd_vel: linear.x=0.0, angular.z=0.0
[decoded_serial_node-3] [INFO] [1791537041.570496796] [bw_dr03_decoded_serial_node]: RECEIVED /cmd_vel: linear.x=0.0, angular.z=0.0
[follow_planner-8] [INFO] [1791537041.570965790] [follow_planner_node]: [IDLE] disabled | d=- goc=- | v=0.000 w=0.000 | thoang=-
[decoded_serial_node-3] [INFO] [1791537041.637469121] [bw_dr03_decoded_serial_node]: RECEIVED /cmd_vel: linear.x=0.0, angular.z=0.0
[decoded_serial_node-3] [INFO] [1791537041.704290656] [bw_dr03_decoded_serial_node]: RECEIVED /cmd_vel: linear.x=0.0, angular.z=0.0
[decoded_serial_node-3] [INFO] [1791537041.771514695] [bw_dr03_decoded_serial_node]: RECEIVED /cmd_vel: linear.x=0.0, angular.z=0.0
[decoded_serial_node-3] [INFO] [1791537041.837364997] [bw_dr03_decoded_serial_node]: RECEIVED /cmd_vel: linear.x=0.0, angular.z=0.0
[decoded_serial_node-3] [INFO] [1791537041.903478886] [bw_dr03_decoded_serial_node]: RECEIVED /cmd_vel: linear.x=0.0, angular.z=0.0
[decoded_serial_node-3] [INFO] [1791537041.971019941] [bw_dr03_decoded_serial_node]: RECEIVED /cmd_vel: linear.x=0.0, angular.z=0.0
[decoded_serial_node-3] [INFO] [1791537042.037652690] [bw_dr03_decoded_serial_node]: RECEIVED /cmd_vel: linear.x=0.0, angular.z=0.0
[decoded_serial_node-3] [INFO] [1791537042.104647573] [bw_dr03_decoded_serial_node]: RECEIVED /cmd_vel: linear.x=0.0, angular.z=0.0
[decoded_serial_node-3] [INFO] [1791537042.170884942] [bw_dr03_decoded_serial_node]: RECEIVED /cmd_vel: linear.x=0.0, angular.z=0.0
[decoded_serial_node-3] [INFO] [1791537042.237808585] [bw_dr03_decoded_serial_node]: RECEIVED /cmd_vel: linear.x=0.0, angular.z=0.0
[decoded_serial_node-3] [INFO] [1791537042.304302416] [bw_dr03_decoded_serial_node]: RECEIVED /cmd_vel: linear.x=0.0, angular.z=0.0
[decoded_serial_node-3] [INFO] [1791537042.370717884] [bw_dr03_decoded_serial_node]: RECEIVED /cmd_vel: linear.x=0.0, angular.z=0.0
[target_tracker-7] [INFO] [1791537042.384756829] [target_tracker_node]: muc tieu: no_target_yet
[decoded_serial_node-3] [INFO] [1791537042.436857892] [bw_dr03_decoded_serial_node]: RECEIVED /cmd_vel: linear.x=0.0, angular.z=0.0
[decoded_serial_node-3] [INFO] [1791537042.504447625] [bw_dr03_decoded_serial_node]: RECEIVED /cmd_vel: linear.x=0.0, angular.z=0.0
[decoded_serial_node-3] [INFO] [1791537042.570483148] [bw_dr03_decoded_serial_node]: RECEIVED /cmd_vel: linear.x=0.0, angular.z=0.0
[follow_planner-8] [INFO] [1791537042.637136081] [follow_planner_node]: [IDLE] disabled | d=- goc=- | v=0.000 w=0.000 | thoang=-
[decoded_serial_node-3] [INFO] [1791537042.637540960] [bw_dr03_decoded_serial_node]: RECEIVED /cmd_vel: linear.x=0.0, angular.z=0.0
[decoded_serial_node-3] [INFO] [1791537042.704540592] [bw_dr03_decoded_serial_node]: RECEIVED /cmd_vel: linear.x=0.0, angular.z=0.0
[decoded_serial_node-3] [INFO] [1791537042.771001178] [bw_dr03_decoded_serial_node]: RECEIVED /cmd_vel: linear.x=0.0, angular.z=0.0
[decoded_serial_node-3] [INFO] [1791537042.838709644] [bw_dr03_decoded_serial_node]: RECEIVED /cmd_vel: linear.x=0.0, angular.z=0.0
[decoded_serial_node-3] [INFO] [1791537042.904293983] [bw_dr03_decoded_serial_node]: RECEIVED /cmd_vel: linear.x=0.0, angular.z=0.0
[decoded_serial_node-3] [INFO] [1791537042.970936230] [bw_dr03_decoded_serial_node]: RECEIVED /cmd_vel: linear.x=0.0, angular.z=0.0
[decoded_serial_node-3] [INFO] [1791537043.037918052] [bw_dr03_decoded_serial_node]: RECEIVED /cmd_vel: linear.x=0.0, angular.z=0.0
[decoded_serial_node-3] [INFO] [1791537043.104426129] [bw_dr03_decoded_serial_node]: RECEIVED /cmd_vel: linear.x=0.0, angular.z=0.0
[decoded_serial_node-3] [INFO] [1791537043.171204917] [bw_dr03_decoded_serial_node]: RECEIVED /cmd_vel: linear.x=0.0, angular.z=0.0
[decoded_serial_node-3] [INFO] [1791537043.237749801] [bw_dr03_decoded_serial_node]: RECEIVED /cmd_vel: linear.x=0.0, angular.z=0.0
[decoded_serial_node-3] [INFO] [1791537043.303797196] [bw_dr03_decoded_serial_node]: RECEIVED /cmd_vel: linear.x=0.0, angular.z=0.0
[decoded_serial_node-3] [INFO] [1791537043.370792077] [bw_dr03_decoded_serial_node]: RECEIVED /cmd_vel: linear.x=0.0, angular.z=0.0
[target_tracker-7] [INFO] [1791537043.434290282] [target_tracker_node]: muc tieu: d=0.42m goc=16.6deg nguon=camera+bbox conf=0.55 v=0.01m/s 
[decoded_serial_node-3] [INFO] [1791537043.436729050] [bw_dr03_decoded_serial_node]: RECEIVED /cmd_vel: linear.x=0.0, angular.z=0.0
[decoded_serial_node-3] [INFO] [1791537043.504786588] [bw_dr03_decoded_serial_node]: RECEIVED /cmd_vel: linear.x=0.0, angular.z=0.0
[decoded_serial_node-3] [INFO] [1791537043.570589394] [bw_dr03_decoded_serial_node]: RECEIVED /cmd_vel: linear.x=0.0, angular.z=0.0
[follow_planner-8] [INFO] [1791537043.637146152] [follow_planner_node]: [IDLE] disabled | d=- goc=- | v=0.000 w=0.000 | thoang=-
[decoded_serial_node-3] [INFO] [1791537043.637253011] [bw_dr03_decoded_serial_node]: RECEIVED /cmd_vel: linear.x=0.0, angular.z=0.0
[decoded_serial_node-3] [INFO] [1791537043.703753965] [bw_dr03_decoded_serial_node]: RECEIVED /cmd_vel: linear.x=0.0, angular.z=0.0
[decoded_serial_node-3] [INFO] [1791537043.770541064] [bw_dr03_decoded_serial_node]: RECEIVED /cmd_vel: linear.x=0.0, angular.z=0.0
[decoded_serial_node-3] [INFO] [1791537043.837564441] [bw_dr03_decoded_serial_node]: RECEIVED /cmd_vel: linear.x=0.0, angular.z=0.0
[decoded_serial_node-3] [INFO] [1791537043.904319482] [bw_dr03_decoded_serial_node]: RECEIVED /cmd_vel: linear.x=0.0, angular.z=0.0
[decoded_serial_node-3] [INFO] [1791537043.970566347] [bw_dr03_decoded_serial_node]: RECEIVED /cmd_vel: linear.x=0.0, angular.z=0.0
[decoded_serial_node-3] [INFO] [1791537044.036763344] [bw_dr03_decoded_serial_node]: RECEIVED /cmd_vel: linear.x=0.0, angular.z=0.0
[decoded_serial_node-3] [INFO] [1791537044.104158352] [bw_dr03_decoded_serial_node]: RECEIVED /cmd_vel: linear.x=0.0, angular.z=0.0
[decoded_serial_node-3] [INFO] [1791537044.170499015] [bw_dr03_decoded_serial_node]: RECEIVED /cmd_vel: linear.x=0.0, angular.z=0.0
[decoded_serial_node-3] [INFO] [1791537044.237297985] [bw_dr03_decoded_serial_node]: RECEIVED /cmd_vel: linear.x=0.0, angular.z=0.0
[decoded_serial_node-3] [INFO] [1791537044.303901047] [bw_dr03_decoded_serial_node]: RECEIVED /cmd_vel: linear.x=0.0, angular.z=0.0
[decoded_serial_node-3] [INFO] [1791537044.370491048] [bw_dr03_decoded_serial_node]: RECEIVED /cmd_vel: linear.x=0.0, angular.z=0.0
[target_tracker-7] [INFO] [1791537044.434339513] [target_tracker_node]: muc tieu: d=0.39m goc=1.0deg nguon=camera+bbox conf=0.55 v=0.14m/s 
[decoded_serial_node-3] [INFO] [1791537044.436771157] [bw_dr03_decoded_serial_node]: RECEIVED /cmd_vel: linear.x=0.0, angular.z=0.0
[decoded_serial_node-3] [INFO] [1791537044.504138857] [bw_dr03_decoded_serial_node]: RECEIVED /cmd_vel: linear.x=0.0, angular.z=0.0
[decoded_serial_node-3] [INFO] [1791537044.570927141] [bw_dr03_decoded_serial_node]: RECEIVED /cmd_vel: linear.x=0.0, angular.z=0.0
[target_tracker-7] [WARN] [1791537044.584953025] [target_tracker_node]: Goc ngua camera lech -28.4 do so voi cau hinh (do bang LiDAR, 12 mau) — tracker da tu bu. Nen sua camera_pitch_deg trong identity_lock_kingsen.yaml them +28.4 do (hoac do lai goc lap / camera_height_m)
[decoded_serial_node-3] [INFO] [1791537044.637282052] [bw_dr03_decoded_serial_node]: RECEIVED /cmd_vel: linear.x=0.0, angular.z=0.0
[follow_planner-8] [INFO] [1791537044.704504898] [follow_planner_node]: [IDLE] disabled | d=- goc=- | v=0.000 w=0.000 | thoang=-
[decoded_serial_node-3] [INFO] [1791537044.704517958] [bw_dr03_decoded_serial_node]: RECEIVED /cmd_vel: linear.x=0.0, angular.z=0.0
[decoded_serial_node-3] [INFO] [1791537044.770553478] [bw_dr03_decoded_serial_node]: RECEIVED /cmd_vel: linear.x=0.0, angular.z=0.0
[decoded_serial_node-3] [INFO] [1791537044.837522236] [bw_dr03_decoded_serial_node]: RECEIVED /cmd_vel: linear.x=0.0, angular.z=0.0
[decoded_serial_node-3] [INFO] [1791537044.904479121] [bw_dr03_decoded_serial_node]: RECEIVED /cmd_vel: linear.x=0.0, angular.z=0.0
[decoded_serial_node-3] [INFO] [1791537044.970907646] [bw_dr03_decoded_serial_node]: RECEIVED /cmd_vel: linear.x=0.0, angular.z=0.0
[decoded_serial_node-3] [INFO] [1791537045.036920605] [bw_dr03_decoded_serial_node]: RECEIVED /cmd_vel: linear.x=0.0, angular.z=0.0
[decoded_serial_node-3] [INFO] [1791537045.104132764] [bw_dr03_decoded_serial_node]: RECEIVED /cmd_vel: linear.x=0.0, angular.z=0.0
[decoded_serial_node-3] [INFO] [1791537045.170143348] [bw_dr03_decoded_serial_node]: RECEIVED /cmd_vel: linear.x=0.0, angular.z=0.0
[decoded_serial_node-3] [INFO] [1791537045.237357881] [bw_dr03_decoded_serial_node]: RECEIVED /cmd_vel: linear.x=0.0, angular.z=0.0
[decoded_serial_node-3] [INFO] [1791537045.304390753] [bw_dr03_decoded_serial_node]: RECEIVED /cmd_vel: linear.x=0.0, angular.z=0.0
[follow_planner-8] [INFO] [1791537045.370813339] [follow_planner_node]: self-filter: bo 14/209 tia dap vao than xe
[decoded_serial_node-3] [INFO] [1791537045.371909241] [bw_dr03_decoded_serial_node]: RECEIVED /cmd_vel: linear.x=0.0, angular.z=0.0
[decoded_serial_node-3] [INFO] [1791537045.436933157] [bw_dr03_decoded_serial_node]: RECEIVED /cmd_vel: linear.x=0.0, angular.z=0.0
[target_tracker-7] [INFO] [1791537045.485329758] [target_tracker_node]: muc tieu: d=1.60m goc=-15.6deg nguon=camera+lidar conf=1.00 v=0.48m/s 
[decoded_serial_node-3] [INFO] [1791537045.504127505] [bw_dr03_decoded_serial_node]: RECEIVED /cmd_vel: linear.x=0.0, angular.z=0.0
[decoded_serial_node-3] [INFO] [1791537045.571264862] [bw_dr03_decoded_serial_node]: RECEIVED /cmd_vel: linear.x=0.0, angular.z=0.0
[decoded_serial_node-3] [INFO] [1791537045.637565154] [bw_dr03_decoded_serial_node]: RECEIVED /cmd_vel: linear.x=0.0, angular.z=0.0
[decoded_serial_node-3] [INFO] [1791537045.704353436] [bw_dr03_decoded_serial_node]: RECEIVED /cmd_vel: linear.x=0.0, angular.z=0.0
[decoded_serial_node-3] [INFO] [1791537045.770815204] [bw_dr03_decoded_serial_node]: RECEIVED /cmd_vel: linear.x=0.0, angular.z=0.0
[follow_planner-8] [INFO] [1791537045.770828265] [follow_planner_node]: [IDLE] disabled | d=- goc=- | v=0.000 w=0.000 | thoang=-
[decoded_serial_node-3] [INFO] [1791537045.837972746] [bw_dr03_decoded_serial_node]: RECEIVED /cmd_vel: linear.x=0.0, angular.z=0.0
[decoded_serial_node-3] [INFO] [1791537045.904316968] [bw_dr03_decoded_serial_node]: RECEIVED /cmd_vel: linear.x=0.0, angular.z=0.0
[decoded_serial_node-3] [INFO] [1791537045.971450763] [bw_dr03_decoded_serial_node]: RECEIVED /cmd_vel: linear.x=0.0, angular.z=0.0
[target_tracker-7] [INFO] [1791537045.984009112] [target_tracker_node]: Hinh hoc camera khop LiDAR: lech goc ngua -29.1 do (12 mau)
[decoded_serial_node-3] [INFO] [1791537046.037463721] [bw_dr03_decoded_serial_node]: RECEIVED /cmd_vel: linear.x=0.0, angular.z=0.0
[decoded_serial_node-3] [INFO] [1791537046.104948962] [bw_dr03_decoded_serial_node]: RECEIVED /cmd_vel: linear.x=0.0, angular.z=0.0
[decoded_serial_node-3] [INFO] [1791537046.170776696] [bw_dr03_decoded_serial_node]: RECEIVED /cmd_vel: linear.x=0.0, angular.z=0.0
[decoded_serial_node-3] [INFO] [1791537046.238461409] [bw_dr03_decoded_serial_node]: RECEIVED /cmd_vel: linear.x=0.0, angular.z=0.0
[decoded_serial_node-3] [INFO] [1791537046.304458930] [bw_dr03_decoded_serial_node]: RECEIVED /cmd_vel: linear.x=0.0, angular.z=0.0
[decoded_serial_node-3] [INFO] [1791537046.370613179] [bw_dr03_decoded_serial_node]: RECEIVED /cmd_vel: linear.x=0.0, angular.z=0.0
[decoded_serial_node-3] [INFO] [1791537046.437185367] [bw_dr03_decoded_serial_node]: RECEIVED /cmd_vel: linear.x=0.0, angular.z=0.0
[decoded_serial_node-3] [INFO] [1791537046.504440267] [bw_dr03_decoded_serial_node]: RECEIVED /cmd_vel: linear.x=0.0, angular.z=0.0
[target_tracker-7] [INFO] [1791537046.534656529] [target_tracker_node]: muc tieu: d=1.68m goc=-10.6deg nguon=camera+lidar conf=0.98 v=0.30m/s 
[decoded_serial_node-3] [INFO] [1791537046.570456786] [bw_dr03_decoded_serial_node]: RECEIVED /cmd_vel: linear.x=0.0, angular.z=0.0
[decoded_serial_node-3] [INFO] [1791537046.636816442] [bw_dr03_decoded_serial_node]: RECEIVED /cmd_vel: linear.x=0.0, angular.z=0.0
[decoded_serial_node-3] [INFO] [1791537046.703713957] [bw_dr03_decoded_serial_node]: RECEIVED /cmd_vel: linear.x=0.0, angular.z=0.0
[decoded_serial_node-3] [INFO] [1791537046.770410814] [bw_dr03_decoded_serial_node]: RECEIVED /cmd_vel: linear.x=0.0, angular.z=0.0
[follow_planner-8] [INFO] [1791537046.837992229] [follow_planner_node]: [IDLE] disabled | d=- goc=- | v=0.000 w=0.000 | thoang=-
[decoded_serial_node-3] [INFO] [1791537046.838040909] [bw_dr03_decoded_serial_node]: RECEIVED /cmd_vel: linear.x=0.0, angular.z=0.0
[decoded_serial_node-3] [INFO] [1791537046.904032494] [bw_dr03_decoded_serial_node]: RECEIVED /cmd_vel: linear.x=0.0, angular.z=0.0
[decoded_serial_node-3] [INFO] [1791537046.970387401] [bw_dr03_decoded_serial_node]: RECEIVED /cmd_vel: linear.x=0.0, angular.z=0.0
[decoded_serial_node-3] [INFO] [1791537047.037246921] [bw_dr03_decoded_serial_node]: RECEIVED /cmd_vel: linear.x=0.0, angular.z=0.0
[decoded_serial_node-3] [INFO] [1791537047.104175304] [bw_dr03_decoded_serial_node]: RECEIVED /cmd_vel: linear.x=0.0, angular.z=0.0
[python3-4] [INFO] [1791537047.135803297] [identity_lock_node]: camera: nhan 23.4 fps (phoi sang 30 ms, do sang 81), xu ly 14.7 Hz, TB 20 ms/khung, tre tu luc chup 28.1 ms, 1 nguoi, status TRACKING
[decoded_serial_node-3] [INFO] [1791537047.170512400] [bw_dr03_decoded_serial_node]: RECEIVED /cmd_vel: linear.x=0.0, angular.z=0.0
[decoded_serial_node-3] [INFO] [1791537047.237531020] [bw_dr03_decoded_serial_node]: RECEIVED /cmd_vel: linear.x=0.0, angular.z=0.0
[decoded_serial_node-3] [INFO] [1791537047.304207691] [bw_dr03_decoded_serial_node]: RECEIVED /cmd_vel: linear.x=0.0, angular.z=0.0
[decoded_serial_node-3] [INFO] [1791537047.370408244] [bw_dr03_decoded_serial_node]: RECEIVED /cmd_vel: linear.x=0.0, angular.z=0.0
[decoded_serial_node-3] [INFO] [1791537047.437145468] [bw_dr03_decoded_serial_node]: RECEIVED /cmd_vel: linear.x=0.0, angular.z=0.0
[decoded_serial_node-3] [INFO] [1791537047.504083350] [bw_dr03_decoded_serial_node]: RECEIVED /cmd_vel: linear.x=0.0, angular.z=0.0
[target_tracker-7] [INFO] [1791537047.534749608] [target_tracker_node]: muc tieu: d=1.79m goc=3.4deg nguon=camera+lidar conf=1.00 v=0.84m/s 
[decoded_serial_node-3] [INFO] [1791537047.571267009] [bw_dr03_decoded_serial_node]: RECEIVED /cmd_vel: linear.x=0.0, angular.z=0.0
[decoded_serial_node-3] [INFO] [1791537047.637225347] [bw_dr03_decoded_serial_node]: RECEIVED /cmd_vel: linear.x=0.0, angular.z=0.0
[decoded_serial_node-3] [INFO] [1791537047.704036185] [bw_dr03_decoded_serial_node]: RECEIVED /cmd_vel: linear.x=0.0, angular.z=0.0
[decoded_serial_node-3] [INFO] [1791537047.770554942] [bw_dr03_decoded_serial_node]: RECEIVED /cmd_vel: linear.x=0.0, angular.z=0.0
[decoded_serial_node-3] [INFO] [1791537047.837669735] [bw_dr03_decoded_serial_node]: RECEIVED /cmd_vel: linear.x=0.0, angular.z=0.0
[follow_planner-8] [INFO] [1791537047.904238359] [follow_planner_node]: [IDLE] disabled | d=- goc=- | v=0.000 w=0.000 | thoang=-
[decoded_serial_node-3] [INFO] [1791537047.904496009] [bw_dr03_decoded_serial_node]: RECEIVED /cmd_vel: linear.x=0.0, angular.z=0.0
[decoded_serial_node-3] [INFO] [1791537047.970600388] [bw_dr03_decoded_serial_node]: RECEIVED /cmd_vel: linear.x=0.0, angular.z=0.0
[decoded_serial_node-3] [INFO] [1791537048.037053841] [bw_dr03_decoded_serial_node]: RECEIVED /cmd_vel: linear.x=0.0, angular.z=0.0
[decoded_serial_node-3] [INFO] [1791537048.104807414] [bw_dr03_decoded_serial_node]: RECEIVED /cmd_vel: linear.x=0.0, angular.z=0.0
[decoded_serial_node-3] [INFO] [1791537048.171000841] [bw_dr03_decoded_serial_node]: RECEIVED /cmd_vel: linear.x=0.0, angular.z=0.0
[decoded_serial_node-3] [INFO] [1791537048.237765372] [bw_dr03_decoded_serial_node]: RECEIVED /cmd_vel: linear.x=0.0, angular.z=0.0
[decoded_serial_node-3] [INFO] [1791537048.304968026] [bw_dr03_decoded_serial_node]: RECEIVED /cmd_vel: linear.x=0.0, angular.z=0.0
[decoded_serial_node-3] [INFO] [1791537048.370419375] [bw_dr03_decoded_serial_node]: RECEIVED /cmd_vel: linear.x=0.0, angular.z=0.0
[decoded_serial_node-3] [INFO] [1791537048.437692081] [bw_dr03_decoded_serial_node]: RECEIVED /cmd_vel: linear.x=0.0, angular.z=0.0
[decoded_serial_node-3] [INFO] [1791537048.503512688] [bw_dr03_decoded_serial_node]: RECEIVED /cmd_vel: linear.x=0.0, angular.z=0.0
[target_tracker-7] [INFO] [1791537048.535172737] [target_tracker_node]: muc tieu: d=1.71m goc=20.2deg nguon=camera+lidar conf=1.00 v=0.44m/s 
[decoded_serial_node-3] [INFO] [1791537048.570560989] [bw_dr03_decoded_serial_node]: RECEIVED /cmd_vel: linear.x=0.0, angular.z=0.0
[decoded_serial_node-3] [INFO] [1791537048.637057185] [bw_dr03_decoded_serial_node]: RECEIVED /cmd_vel: linear.x=0.0, angular.z=0.0
[decoded_serial_node-3] [INFO] [1791537048.704567356] [bw_dr03_decoded_serial_node]: RECEIVED /cmd_vel: linear.x=0.0, angular.z=0.0
[decoded_serial_node-3] [INFO] [1791537048.771017246] [bw_dr03_decoded_serial_node]: RECEIVED /cmd_vel: linear.x=0.0, angular.z=0.0
[decoded_serial_node-3] [INFO] [1791537048.837365025] [bw_dr03_decoded_serial_node]: RECEIVED /cmd_vel: linear.x=0.0, angular.z=0.0
[decoded_serial_node-3] [INFO] [1791537048.903824413] [bw_dr03_decoded_serial_node]: RECEIVED /cmd_vel: linear.x=0.0, angular.z=0.0
[decoded_serial_node-3] [INFO] [1791537048.970521267] [bw_dr03_decoded_serial_node]: RECEIVED /cmd_vel: linear.x=0.0, angular.z=0.0
[follow_planner-8] [INFO] [1791537048.970926145] [follow_planner_node]: [IDLE] disabled | d=- goc=- | v=0.000 w=0.000 | thoang=-
[decoded_serial_node-3] [INFO] [1791537049.037637245] [bw_dr03_decoded_serial_node]: RECEIVED /cmd_vel: linear.x=0.0, angular.z=0.0
[decoded_serial_node-3] [INFO] [1791537049.104034890] [bw_dr03_decoded_serial_node]: RECEIVED /cmd_vel: linear.x=0.0, angular.z=0.0
[decoded_serial_node-3] [INFO] [1791537049.170411164] [bw_dr03_decoded_serial_node]: RECEIVED /cmd_vel: linear.x=0.0, angular.z=0.0
[decoded_serial_node-3] [INFO] [1791537049.237656560] [bw_dr03_decoded_serial_node]: RECEIVED /cmd_vel: linear.x=0.0, angular.z=0.0
[decoded_serial_node-3] [INFO] [1791537049.304418714] [bw_dr03_decoded_serial_node]: RECEIVED /cmd_vel: linear.x=0.0, angular.z=0.0
[decoded_serial_node-3] [INFO] [1791537049.370423355] [bw_dr03_decoded_serial_node]: RECEIVED /cmd_vel: linear.x=0.0, angular.z=0.0
[decoded_serial_node-3] [INFO] [1791537049.437107146] [bw_dr03_decoded_serial_node]: RECEIVED /cmd_vel: linear.x=0.0, angular.z=0.0
[decoded_serial_node-3] [INFO] [1791537049.504808475] [bw_dr03_decoded_serial_node]: RECEIVED /cmd_vel: linear.x=0.0, angular.z=0.0
[decoded_serial_node-3] [INFO] [1791537049.570217078] [bw_dr03_decoded_serial_node]: RECEIVED /cmd_vel: linear.x=0.0, angular.z=0.0
[target_tracker-7] [INFO] [1791537049.584424621] [target_tracker_node]: muc tieu: d=1.58m goc=6.0deg nguon=camera+lidar conf=0.98 v=0.29m/s 
[decoded_serial_node-3] [INFO] [1791537049.637525402] [bw_dr03_decoded_serial_node]: RECEIVED /cmd_vel: linear.x=0.0, angular.z=0.0
[decoded_serial_node-3] [INFO] [1791537049.704216317] [bw_dr03_decoded_serial_node]: RECEIVED /cmd_vel: linear.x=0.0, angular.z=0.0
[decoded_serial_node-3] [INFO] [1791537049.770490481] [bw_dr03_decoded_serial_node]: RECEIVED /cmd_vel: linear.x=0.0, angular.z=0.0
[decoded_serial_node-3] [INFO] [1791537049.837808304] [bw_dr03_decoded_serial_node]: RECEIVED /cmd_vel: linear.x=0.0, angular.z=0.0
[decoded_serial_node-3] [INFO] [1791537049.904373362] [bw_dr03_decoded_serial_node]: RECEIVED /cmd_vel: linear.x=0.0, angular.z=0.0
[decoded_serial_node-3] [INFO] [1791537049.970426683] [bw_dr03_decoded_serial_node]: RECEIVED /cmd_vel: linear.x=0.0, angular.z=0.0
[decoded_serial_node-3] [INFO] [1791537050.037003614] [bw_dr03_decoded_serial_node]: RECEIVED /cmd_vel: linear.x=0.0, angular.z=0.0
[follow_planner-8] [INFO] [1791537050.037007176] [follow_planner_node]: [IDLE] disabled | d=- goc=- | v=0.000 w=0.000 | thoang=-
[decoded_serial_node-3] [INFO] [1791537050.104007981] [bw_dr03_decoded_serial_node]: RECEIVED /cmd_vel: linear.x=0.0, angular.z=0.0
[decoded_serial_node-3] [INFO] [1791537050.170453117] [bw_dr03_decoded_serial_node]: RECEIVED /cmd_vel: linear.x=0.0, angular.z=0.0
[decoded_serial_node-3] [INFO] [1791537050.237531099] [bw_dr03_decoded_serial_node]: RECEIVED /cmd_vel: linear.x=0.0, angular.z=0.0
[decoded_serial_node-3] [INFO] [1791537050.304058161] [bw_dr03_decoded_serial_node]: RECEIVED /cmd_vel: linear.x=0.0, angular.z=0.0
[decoded_serial_node-3] [INFO] [1791537050.370740763] [bw_dr03_decoded_serial_node]: RECEIVED /cmd_vel: linear.x=0.0, angular.z=0.0
[decoded_serial_node-3] [INFO] [1791537050.438057397] [bw_dr03_decoded_serial_node]: RECEIVED /cmd_vel: linear.x=0.0, angular.z=0.0
[decoded_serial_node-3] [INFO] [1791537050.504781555] [bw_dr03_decoded_serial_node]: RECEIVED /cmd_vel: linear.x=0.0, angular.z=0.0
[decoded_serial_node-3] [INFO] [1791537050.570287517] [bw_dr03_decoded_serial_node]: RECEIVED /cmd_vel: linear.x=0.0, angular.z=0.0
[target_tracker-7] [INFO] [1791537050.585082786] [target_tracker_node]: muc tieu: d=1.68m goc=-18.1deg nguon=camera+lidar conf=1.00 v=0.39m/s 
[decoded_serial_node-3] [INFO] [1791537050.637059168] [bw_dr03_decoded_serial_node]: RECEIVED /cmd_vel: linear.x=0.0, angular.z=0.0
[decoded_serial_node-3] [INFO] [1791537050.704081345] [bw_dr03_decoded_serial_node]: RECEIVED /cmd_vel: linear.x=0.0, angular.z=0.0
[decoded_serial_node-3] [INFO] [1791537050.770424372] [bw_dr03_decoded_serial_node]: RECEIVED /cmd_vel: linear.x=0.0, angular.z=0.0
[decoded_serial_node-3] [INFO] [1791537050.837622273] [bw_dr03_decoded_serial_node]: RECEIVED /cmd_vel: linear.x=0.0, angular.z=0.0
[decoded_serial_node-3] [INFO] [1791537050.904065035] [bw_dr03_decoded_serial_node]: RECEIVED /cmd_vel: linear.x=0.0, angular.z=0.0
[decoded_serial_node-3] [INFO] [1791537050.970545792] [bw_dr03_decoded_serial_node]: RECEIVED /cmd_vel: linear.x=0.0, angular.z=0.0
[decoded_serial_node-3] [INFO] [1791537051.036683410] [bw_dr03_decoded_serial_node]: RECEIVED /cmd_vel: linear.x=0.0, angular.z=0.0
[follow_planner-8] [INFO] [1791537051.104298061] [follow_planner_node]: [IDLE] disabled | d=- goc=- | v=0.000 w=0.000 | thoang=-
[decoded_serial_node-3] [INFO] [1791537051.105624304] [bw_dr03_decoded_serial_node]: RECEIVED /cmd_vel: linear.x=0.0, angular.z=0.0
[decoded_serial_node-3] [INFO] [1791537051.170644648] [bw_dr03_decoded_serial_node]: RECEIVED /cmd_vel: linear.x=0.0, angular.z=0.0
[decoded_serial_node-3] [INFO] [1791537051.237276193] [bw_dr03_decoded_serial_node]: RECEIVED /cmd_vel: linear.x=0.0, angular.z=0.0
[decoded_serial_node-3] [INFO] [1791537051.304154702] [bw_dr03_decoded_serial_node]: RECEIVED /cmd_vel: linear.x=0.0, angular.z=0.0
[decoded_serial_node-3] [INFO] [1791537051.370764875] [bw_dr03_decoded_serial_node]: RECEIVED /cmd_vel: linear.x=0.0, angular.z=0.0
[decoded_serial_node-3] [INFO] [1791537051.437452224] [bw_dr03_decoded_serial_node]: RECEIVED /cmd_vel: linear.x=0.0, angular.z=0.0
[decoded_serial_node-3] [INFO] [1791537051.504003031] [bw_dr03_decoded_serial_node]: RECEIVED /cmd_vel: linear.x=0.0, angular.z=0.0
[decoded_serial_node-3] [INFO] [1791537051.571963194] [bw_dr03_decoded_serial_node]: RECEIVED /cmd_vel: linear.x=0.0, angular.z=0.0
[target_tracker-7] [INFO] [1791537051.634350049] [target_tracker_node]: muc tieu: d=1.66m goc=-12.5deg nguon=camera+lidar conf=0.98 v=0.28m/s 
[decoded_serial_node-3] [INFO] [1791537051.638863075] [bw_dr03_decoded_serial_node]: RECEIVED /cmd_vel: linear.x=0.0, angular.z=0.0
[decoded_serial_node-3] [INFO] [1791537051.704458084] [bw_dr03_decoded_serial_node]: RECEIVED /cmd_vel: linear.x=0.0, angular.z=0.0
[decoded_serial_node-3] [INFO] [1791537051.770414041] [bw_dr03_decoded_serial_node]: RECEIVED /cmd_vel: linear.x=0.0, angular.z=0.0
[decoded_serial_node-3] [INFO] [1791537051.837059834] [bw_dr03_decoded_serial_node]: RECEIVED /cmd_vel: linear.x=0.0, angular.z=0.0
[decoded_serial_node-3] [INFO] [1791537051.904717228] [bw_dr03_decoded_serial_node]: RECEIVED /cmd_vel: linear.x=0.0, angular.z=0.0
[decoded_serial_node-3] [INFO] [1791537051.970599571] [bw_dr03_decoded_serial_node]: RECEIVED /cmd_vel: linear.x=0.0, angular.z=0.0
[decoded_serial_node-3] [INFO] [1791537052.037194308] [bw_dr03_decoded_serial_node]: RECEIVED /cmd_vel: linear.x=0.0, angular.z=0.0
[decoded_serial_node-3] [INFO] [1791537052.104615423] [bw_dr03_decoded_serial_node]: RECEIVED /cmd_vel: linear.x=0.0, angular.z=0.0
[decoded_serial_node-3] [INFO] [1791537052.170431273] [bw_dr03_decoded_serial_node]: RECEIVED /cmd_vel: linear.x=0.0, angular.z=0.0
[follow_planner-8] [INFO] [1791537052.170535758] [follow_planner_node]: [IDLE] disabled | d=- goc=- | v=0.000 w=0.000 | thoang=-
[decoded_serial_node-3] [INFO] [1791537052.238716761] [bw_dr03_decoded_serial_node]: RECEIVED /cmd_vel: linear.x=0.0, angular.z=0.0
[decoded_serial_node-3] [INFO] [1791537052.304822319] [bw_dr03_decoded_serial_node]: RECEIVED /cmd_vel: linear.x=0.0, angular.z=0.0
[decoded_serial_node-3] [INFO] [1791537052.370800833] [bw_dr03_decoded_serial_node]: RECEIVED /cmd_vel: linear.x=0.0, angular.z=0.0
[decoded_serial_node-3] [INFO] [1791537052.437320768] [bw_dr03_decoded_serial_node]: RECEIVED /cmd_vel: linear.x=0.0, angular.z=0.0
[decoded_serial_node-3] [INFO] [1791537052.504380936] [bw_dr03_decoded_serial_node]: RECEIVED /cmd_vel: linear.x=0.0, angular.z=0.0
[decoded_serial_node-3] [INFO] [1791537052.571410233] [bw_dr03_decoded_serial_node]: RECEIVED /cmd_vel: linear.x=0.0, angular.z=0.0
[decoded_serial_node-3] [INFO] [1791537052.637198775] [bw_dr03_decoded_serial_node]: RECEIVED /cmd_vel: linear.x=0.0, angular.z=0.0
[target_tracker-7] [INFO] [1791537052.684891283] [target_tracker_node]: muc tieu: d=1.62m goc=5.0deg nguon=camera+lidar conf=1.00 v=0.74m/s 
[decoded_serial_node-3] [INFO] [1791537052.704641262] [bw_dr03_decoded_serial_node]: RECEIVED /cmd_vel: linear.x=0.0, angular.z=0.0
[decoded_serial_node-3] [INFO] [1791537052.770918982] [bw_dr03_decoded_serial_node]: RECEIVED /cmd_vel: linear.x=0.0, angular.z=0.0
[decoded_serial_node-3] [INFO] [1791537052.838230864] [bw_dr03_decoded_serial_node]: RECEIVED /cmd_vel: linear.x=0.0, angular.z=0.0
[decoded_serial_node-3] [INFO] [1791537052.904666498] [bw_dr03_decoded_serial_node]: RECEIVED /cmd_vel: linear.x=0.0, angular.z=0.0
[decoded_serial_node-3] [INFO] [1791537052.970547651] [bw_dr03_decoded_serial_node]: RECEIVED /cmd_vel: linear.x=0.0, angular.z=0.0
[decoded_serial_node-3] [INFO] [1791537053.037495022] [bw_dr03_decoded_serial_node]: RECEIVED /cmd_vel: linear.x=0.0, angular.z=0.0
[decoded_serial_node-3] [INFO] [1791537053.103948465] [bw_dr03_decoded_serial_node]: RECEIVED /cmd_vel: linear.x=0.0, angular.z=0.0
[decoded_serial_node-3] [INFO] [1791537053.170452963] [bw_dr03_decoded_serial_node]: RECEIVED /cmd_vel: linear.x=0.0, angular.z=0.0
[follow_planner-8] [INFO] [1791537053.170860216] [follow_planner_node]: [IDLE] disabled | d=- goc=- | v=0.000 w=0.000 | thoang=-
[decoded_serial_node-3] [INFO] [1791537053.236842290] [bw_dr03_decoded_serial_node]: RECEIVED /cmd_vel: linear.x=0.0, angular.z=0.0
[decoded_serial_node-3] [INFO] [1791537053.304295461] [bw_dr03_decoded_serial_node]: RECEIVED /cmd_vel: linear.x=0.0, angular.z=0.0
[decoded_serial_node-3] [INFO] [1791537053.370645606] [bw_dr03_decoded_serial_node]: RECEIVED /cmd_vel: linear.x=0.0, angular.z=0.0
[decoded_serial_node-3] [INFO] [1791537053.437281897] [bw_dr03_decoded_serial_node]: RECEIVED /cmd_vel: linear.x=0.0, angular.z=0.0
[decoded_serial_node-3] [INFO] [1791537053.504750503] [bw_dr03_decoded_serial_node]: RECEIVED /cmd_vel: linear.x=0.0, angular.z=0.0
[decoded_serial_node-3] [INFO] [1791537053.570479677] [bw_dr03_decoded_serial_node]: RECEIVED /cmd_vel: linear.x=0.0, angular.z=0.0
[decoded_serial_node-3] [INFO] [1791537053.636718214] [bw_dr03_decoded_serial_node]: RECEIVED /cmd_vel: linear.x=0.0, angular.z=0.0
[target_tracker-7] [INFO] [1791537053.684876152] [target_tracker_node]: muc tieu: d=1.59m goc=20.7deg nguon=camera+lidar conf=0.98 v=0.60m/s 
[decoded_serial_node-3] [INFO] [1791537053.703905424] [bw_dr03_decoded_serial_node]: RECEIVED /cmd_vel: linear.x=0.0, angular.z=0.0
[decoded_serial_node-3] [INFO] [1791537053.770649761] [bw_dr03_decoded_serial_node]: RECEIVED /cmd_vel: linear.x=0.0, angular.z=0.0
[decoded_serial_node-3] [INFO] [1791537053.836850304] [bw_dr03_decoded_serial_node]: RECEIVED /cmd_vel: linear.x=0.0, angular.z=0.0
[decoded_serial_node-3] [INFO] [1791537053.904315348] [bw_dr03_decoded_serial_node]: RECEIVED /cmd_vel: linear.x=0.0, angular.z=0.0
[decoded_serial_node-3] [INFO] [1791537053.970967074] [bw_dr03_decoded_serial_node]: RECEIVED /cmd_vel: linear.x=0.0, angular.z=0.0
[decoded_serial_node-3] [INFO] [1791537054.037533312] [bw_dr03_decoded_serial_node]: RECEIVED /cmd_vel: linear.x=0.0, angular.z=0.0
[decoded_serial_node-3] [INFO] [1791537054.104857062] [bw_dr03_decoded_serial_node]: RECEIVED /cmd_vel: linear.x=0.0, angular.z=0.0
[decoded_serial_node-3] [INFO] [1791537054.170615918] [bw_dr03_decoded_serial_node]: RECEIVED /cmd_vel: linear.x=0.0, angular.z=0.0
[follow_planner-8] [INFO] [1791537054.171197707] [follow_planner_node]: [IDLE] disabled | d=- goc=- | v=0.000 w=0.000 | thoang=-
[decoded_serial_node-3] [INFO] [1791537054.237622653] [bw_dr03_decoded_serial_node]: RECEIVED /cmd_vel: linear.x=0.0, angular.z=0.0
[decoded_serial_node-3] [INFO] [1791537054.304205512] [bw_dr03_decoded_serial_node]: RECEIVED /cmd_vel: linear.x=0.0, angular.z=0.0
[decoded_serial_node-3] [INFO] [1791537054.370368058] [bw_dr03_decoded_serial_node]: RECEIVED /cmd_vel: linear.x=0.0, angular.z=0.0
[decoded_serial_node-3] [INFO] [1791537054.437785608] [bw_dr03_decoded_serial_node]: RECEIVED /cmd_vel: linear.x=0.0, angular.z=0.0
[decoded_serial_node-3] [INFO] [1791537054.504677172] [bw_dr03_decoded_serial_node]: RECEIVED /cmd_vel: linear.x=0.0, angular.z=0.0
[decoded_serial_node-3] [INFO] [1791537054.570338666] [bw_dr03_decoded_serial_node]: RECEIVED /cmd_vel: linear.x=0.0, angular.z=0.0
[decoded_serial_node-3] [INFO] [1791537054.636846724] [bw_dr03_decoded_serial_node]: RECEIVED /cmd_vel: linear.x=0.0, angular.z=0.0
[target_tracker-7] [INFO] [1791537054.685183947] [target_tracker_node]: muc tieu: d=1.62m goc=10.3deg nguon=camera+lidar conf=0.98 v=0.25m/s 
[decoded_serial_node-3] [INFO] [1791537054.704897118] [bw_dr03_decoded_serial_node]: RECEIVED /cmd_vel: linear.x=0.0, angular.z=0.0
[decoded_serial_node-3] [INFO] [1791537054.770627478] [bw_dr03_decoded_serial_node]: RECEIVED /cmd_vel: linear.x=0.0, angular.z=0.0
[decoded_serial_node-3] [INFO] [1791537054.837136723] [bw_dr03_decoded_serial_node]: RECEIVED /cmd_vel: linear.x=0.0, angular.z=0.0
[decoded_serial_node-3] [INFO] [1791537054.904255066] [bw_dr03_decoded_serial_node]: RECEIVED /cmd_vel: linear.x=0.0, angular.z=0.0
[decoded_serial_node-3] [INFO] [1791537054.970543469] [bw_dr03_decoded_serial_node]: RECEIVED /cmd_vel: linear.x=0.0, angular.z=0.0
[decoded_serial_node-3] [INFO] [1791537055.038129618] [bw_dr03_decoded_serial_node]: RECEIVED /cmd_vel: linear.x=0.0, angular.z=0.0
[decoded_serial_node-3] [INFO] [1791537055.104475010] [bw_dr03_decoded_serial_node]: RECEIVED /cmd_vel: linear.x=0.0, angular.z=0.0
[decoded_serial_node-3] [INFO] [1791537055.171430688] [bw_dr03_decoded_serial_node]: RECEIVED /cmd_vel: linear.x=0.0, angular.z=0.0
[follow_planner-8] [INFO] [1791537055.236911708] [follow_planner_node]: [IDLE] disabled | d=- goc=- | v=0.000 w=0.000 | thoang=-
[decoded_serial_node-3] [INFO] [1791537055.237463814] [bw_dr03_decoded_serial_node]: RECEIVED /cmd_vel: linear.x=0.0, angular.z=0.0
[decoded_serial_node-3] [INFO] [1791537055.304133347] [bw_dr03_decoded_serial_node]: RECEIVED /cmd_vel: linear.x=0.0, angular.z=0.0
[decoded_serial_node-3] [INFO] [1791537055.370555915] [bw_dr03_decoded_serial_node]: RECEIVED /cmd_vel: linear.x=0.0, angular.z=0.0
[follow_planner-8] [INFO] [1791537055.402749068] [follow_planner_node]: self-filter: bo 13/206 tia dap vao than xe
[decoded_serial_node-3] [INFO] [1791537055.437147084] [bw_dr03_decoded_serial_node]: RECEIVED /cmd_vel: linear.x=0.0, angular.z=0.0
[decoded_serial_node-3] [INFO] [1791537055.503989966] [bw_dr03_decoded_serial_node]: RECEIVED /cmd_vel: linear.x=0.0, angular.z=0.0
[decoded_serial_node-3] [INFO] [1791537055.570755672] [bw_dr03_decoded_serial_node]: RECEIVED /cmd_vel: linear.x=0.0, angular.z=0.0
[decoded_serial_node-3] [INFO] [1791537055.637009641] [bw_dr03_decoded_serial_node]: RECEIVED /cmd_vel: linear.x=0.0, angular.z=0.0
[decoded_serial_node-3] [INFO] [1791537055.704813069] [bw_dr03_decoded_serial_node]: RECEIVED /cmd_vel: linear.x=0.0, angular.z=0.0
[target_tracker-7] [INFO] [1791537055.734782360] [target_tracker_node]: muc tieu: d=1.62m goc=-18.5deg nguon=camera+lidar conf=1.00 v=0.97m/s 
[decoded_serial_node-3] [INFO] [1791537055.770543427] [bw_dr03_decoded_serial_node]: RECEIVED /cmd_vel: linear.x=0.0, angular.z=0.0
[decoded_serial_node-3] [INFO] [1791537055.837246205] [bw_dr03_decoded_serial_node]: RECEIVED /cmd_vel: linear.x=0.0, angular.z=0.0
[decoded_serial_node-3] [INFO] [1791537055.904942774] [bw_dr03_decoded_serial_node]: RECEIVED /cmd_vel: linear.x=0.0, angular.z=0.0
[decoded_serial_node-3] [INFO] [1791537055.970417857] [bw_dr03_decoded_serial_node]: RECEIVED /cmd_vel: linear.x=0.0, angular.z=0.0
[decoded_serial_node-3] [INFO] [1791537056.037372346] [bw_dr03_decoded_serial_node]: RECEIVED /cmd_vel: linear.x=0.0, angular.z=0.0
[decoded_serial_node-3] [INFO] [1791537056.103841219] [bw_dr03_decoded_serial_node]: RECEIVED /cmd_vel: linear.x=0.0, angular.z=0.0
[decoded_serial_node-3] [INFO] [1791537056.170260224] [bw_dr03_decoded_serial_node]: RECEIVED /cmd_vel: linear.x=0.0, angular.z=0.0
[follow_planner-8] [INFO] [1791537056.237680144] [follow_planner_node]: [IDLE] disabled | d=- goc=- | v=0.000 w=0.000 | thoang=-
[decoded_serial_node-3] [INFO] [1791537056.238061276] [bw_dr03_decoded_serial_node]: RECEIVED /cmd_vel: linear.x=0.0, angular.z=0.0
[decoded_serial_node-3] [INFO] [1791537056.304881597] [bw_dr03_decoded_serial_node]: RECEIVED /cmd_vel: linear.x=0.0, angular.z=0.0
[decoded_serial_node-3] [INFO] [1791537056.370471849] [bw_dr03_decoded_serial_node]: RECEIVED /cmd_vel: linear.x=0.0, angular.z=0.0
[decoded_serial_node-3] [INFO] [1791537056.437232804] [bw_dr03_decoded_serial_node]: RECEIVED /cmd_vel: linear.x=0.0, angular.z=0.0
[decoded_serial_node-3] [INFO] [1791537056.504872379] [bw_dr03_decoded_serial_node]: RECEIVED /cmd_vel: linear.x=0.0, angular.z=0.0
[decoded_serial_node-3] [INFO] [1791537056.570422262] [bw_dr03_decoded_serial_node]: RECEIVED /cmd_vel: linear.x=0.0, angular.z=0.0
[decoded_serial_node-3] [INFO] [1791537056.636812771] [bw_dr03_decoded_serial_node]: RECEIVED /cmd_vel: linear.x=0.0, angular.z=0.0
[decoded_serial_node-3] [INFO] [1791537056.704125832] [bw_dr03_decoded_serial_node]: RECEIVED /cmd_vel: linear.x=0.0, angular.z=0.0
[decoded_serial_node-3] [INFO] [1791537056.770873727] [bw_dr03_decoded_serial_node]: RECEIVED /cmd_vel: linear.x=0.0, angular.z=0.0
[target_tracker-7] [INFO] [1791537056.784898419] [target_tracker_node]: muc tieu: d=1.63m goc=-17.8deg nguon=camera+lidar conf=0.98 v=0.16m/s 
[decoded_serial_node-3] [INFO] [1791537056.836779807] [bw_dr03_decoded_serial_node]: RECEIVED /cmd_vel: linear.x=0.0, angular.z=0.0
[decoded_serial_node-3] [INFO] [1791537056.904341019] [bw_dr03_decoded_serial_node]: RECEIVED /cmd_vel: linear.x=0.0, angular.z=0.0
[decoded_serial_node-3] [INFO] [1791537056.970767148] [bw_dr03_decoded_serial_node]: RECEIVED /cmd_vel: linear.x=0.0, angular.z=0.0
[decoded_serial_node-3] [INFO] [1791537057.037269265] [bw_dr03_decoded_serial_node]: RECEIVED /cmd_vel: linear.x=0.0, angular.z=0.0
[decoded_serial_node-3] [INFO] [1791537057.103999348] [bw_dr03_decoded_serial_node]: RECEIVED /cmd_vel: linear.x=0.0, angular.z=0.0
[decoded_serial_node-3] [INFO] [1791537057.170404103] [bw_dr03_decoded_serial_node]: RECEIVED /cmd_vel: linear.x=0.0, angular.z=0.0
[python3-4] [INFO] [1791537057.202612689] [identity_lock_node]: camera: nhan 24.5 fps (phoi sang 30 ms, do sang 75), xu ly 15.0 Hz, TB 20 ms/khung, tre tu luc chup 55.0 ms, 1 nguoi, status TRACKING
[decoded_serial_node-3] [INFO] [1791537057.237490383] [bw_dr03_decoded_serial_node]: RECEIVED /cmd_vel: linear.x=0.0, angular.z=0.0
[decoded_serial_node-3] [INFO] [1791537057.304010309] [bw_dr03_decoded_serial_node]: RECEIVED /cmd_vel: linear.x=0.0, angular.z=0.0
[follow_planner-8] [INFO] [1791537057.304291705] [follow_planner_node]: [IDLE] disabled | d=- goc=- | v=0.000 w=0.000 | thoang=-
[decoded_serial_node-3] [INFO] [1791537057.370563480] [bw_dr03_decoded_serial_node]: RECEIVED /cmd_vel: linear.x=0.0, angular.z=0.0
[decoded_serial_node-3] [INFO] [1791537057.437098841] [bw_dr03_decoded_serial_node]: RECEIVED /cmd_vel: linear.x=0.0, angular.z=0.0
[decoded_serial_node-3] [INFO] [1791537057.504346598] [bw_dr03_decoded_serial_node]: RECEIVED /cmd_vel: linear.x=0.0, angular.z=0.0
[decoded_serial_node-3] [INFO] [1791537057.570734731] [bw_dr03_decoded_serial_node]: RECEIVED /cmd_vel: linear.x=0.0, angular.z=0.0
[decoded_serial_node-3] [INFO] [1791537057.637061123] [bw_dr03_decoded_serial_node]: RECEIVED /cmd_vel: linear.x=0.0, angular.z=0.0
[decoded_serial_node-3] [INFO] [1791537057.704280383] [bw_dr03_decoded_serial_node]: RECEIVED /cmd_vel: linear.x=0.0, angular.z=0.0
[decoded_serial_node-3] [INFO] [1791537057.770822868] [bw_dr03_decoded_serial_node]: RECEIVED /cmd_vel: linear.x=0.0, angular.z=0.0
[target_tracker-7] [INFO] [1791537057.835037008] [target_tracker_node]: muc tieu: d=1.54m goc=-2.1deg nguon=camera+lidar conf=1.00 v=0.63m/s 
[decoded_serial_node-3] [INFO] [1791537057.837491210] [bw_dr03_decoded_serial_node]: RECEIVED /cmd_vel: linear.x=0.0, angular.z=0.0
[decoded_serial_node-3] [INFO] [1791537057.904337651] [bw_dr03_decoded_serial_node]: RECEIVED /cmd_vel: linear.x=0.0, angular.z=0.0
[decoded_serial_node-3] [INFO] [1791537057.970449136] [bw_dr03_decoded_serial_node]: RECEIVED /cmd_vel: linear.x=0.0, angular.z=0.0
[decoded_serial_node-3] [INFO] [1791537058.038691871] [bw_dr03_decoded_serial_node]: RECEIVED /cmd_vel: linear.x=0.0, angular.z=0.0
[decoded_serial_node-3] [INFO] [1791537058.104292805] [bw_dr03_decoded_serial_node]: RECEIVED /cmd_vel: linear.x=0.0, angular.z=0.0
[decoded_serial_node-3] [INFO] [1791537058.170593074] [bw_dr03_decoded_serial_node]: RECEIVED /cmd_vel: linear.x=0.0, angular.z=0.0
[decoded_serial_node-3] [INFO] [1791537058.237438325] [bw_dr03_decoded_serial_node]: RECEIVED /cmd_vel: linear.x=0.0, angular.z=0.0
[decoded_serial_node-3] [INFO] [1791537058.304025927] [bw_dr03_decoded_serial_node]: RECEIVED /cmd_vel: linear.x=0.0, angular.z=0.0
[decoded_serial_node-3] [INFO] [1791537058.370436617] [bw_dr03_decoded_serial_node]: RECEIVED /cmd_vel: linear.x=0.0, angular.z=0.0
[follow_planner-8] [INFO] [1791537058.371026718] [follow_planner_node]: [IDLE] disabled | d=- goc=- | v=0.000 w=0.000 | thoang=-
[decoded_serial_node-3] [INFO] [1791537058.437283056] [bw_dr03_decoded_serial_node]: RECEIVED /cmd_vel: linear.x=0.0, angular.z=0.0
[decoded_serial_node-3] [INFO] [1791537058.504308781] [bw_dr03_decoded_serial_node]: RECEIVED /cmd_vel: linear.x=0.0, angular.z=0.0
[decoded_serial_node-3] [INFO] [1791537058.570560370] [bw_dr03_decoded_serial_node]: RECEIVED /cmd_vel: linear.x=0.0, angular.z=0.0
[decoded_serial_node-3] [INFO] [1791537058.636807209] [bw_dr03_decoded_serial_node]: RECEIVED /cmd_vel: linear.x=0.0, angular.z=0.0
[decoded_serial_node-3] [INFO] [1791537058.703400747] [bw_dr03_decoded_serial_node]: RECEIVED /cmd_vel: linear.x=0.0, angular.z=0.0
[decoded_serial_node-3] [INFO] [1791537058.770813541] [bw_dr03_decoded_serial_node]: RECEIVED /cmd_vel: linear.x=0.0, angular.z=0.0
[decoded_serial_node-3] [INFO] [1791537058.837011699] [bw_dr03_decoded_serial_node]: RECEIVED /cmd_vel: linear.x=0.0, angular.z=0.0
[target_tracker-7] [INFO] [1791537058.885030714] [target_tracker_node]: muc tieu: d=1.41m goc=13.4deg nguon=camera+bbox conf=0.78 v=0.45m/s 
[decoded_serial_node-3] [INFO] [1791537058.905267494] [bw_dr03_decoded_serial_node]: RECEIVED /cmd_vel: linear.x=0.0, angular.z=0.0
[decoded_serial_node-3] [INFO] [1791537058.970464737] [bw_dr03_decoded_serial_node]: RECEIVED /cmd_vel: linear.x=0.0, angular.z=0.0
[decoded_serial_node-3] [INFO] [1791537059.037101018] [bw_dr03_decoded_serial_node]: RECEIVED /cmd_vel: linear.x=0.0, angular.z=0.0
[decoded_serial_node-3] [INFO] [1791537059.104593361] [bw_dr03_decoded_serial_node]: RECEIVED /cmd_vel: linear.x=0.0, angular.z=0.0
[decoded_serial_node-3] [INFO] [1791537059.170549303] [bw_dr03_decoded_serial_node]: RECEIVED /cmd_vel: linear.x=0.0, angular.z=0.0
[decoded_serial_node-3] [INFO] [1791537059.236623979] [bw_dr03_decoded_serial_node]: RECEIVED /cmd_vel: linear.x=0.0, angular.z=0.0
[decoded_serial_node-3] [INFO] [1791537059.304202996] [bw_dr03_decoded_serial_node]: RECEIVED /cmd_vel: linear.x=0.0, angular.z=0.0
[decoded_serial_node-3] [INFO] [1791537059.370508012] [bw_dr03_decoded_serial_node]: RECEIVED /cmd_vel: linear.x=0.0, angular.z=0.0
[follow_planner-8] [INFO] [1791537059.370833339] [follow_planner_node]: [IDLE] disabled | d=- goc=- | v=0.000 w=0.000 | thoang=-
[decoded_serial_node-3] [INFO] [1791537059.437571730] [bw_dr03_decoded_serial_node]: RECEIVED /cmd_vel: linear.x=0.0, angular.z=0.0
[decoded_serial_node-3] [INFO] [1791537059.503873184] [bw_dr03_decoded_serial_node]: RECEIVED /cmd_vel: linear.x=0.0, angular.z=0.0
[decoded_serial_node-3] [INFO] [1791537059.570450098] [bw_dr03_decoded_serial_node]: RECEIVED /cmd_vel: linear.x=0.0, angular.z=0.0
[decoded_serial_node-3] [INFO] [1791537059.636813294] [bw_dr03_decoded_serial_node]: RECEIVED /cmd_vel: linear.x=0.0, angular.z=0.0
[decoded_serial_node-3] [INFO] [1791537059.703924504] [bw_dr03_decoded_serial_node]: RECEIVED /cmd_vel: linear.x=0.0, angular.z=0.0
[decoded_serial_node-3] [INFO] [1791537059.770493107] [bw_dr03_decoded_serial_node]: RECEIVED /cmd_vel: linear.x=0.0, angular.z=0.0
[decoded_serial_node-3] [INFO] [1791537059.838753649] [bw_dr03_decoded_serial_node]: RECEIVED /cmd_vel: linear.x=0.0, angular.z=0.0
[decoded_serial_node-3] [INFO] [1791537059.904333210] [bw_dr03_decoded_serial_node]: RECEIVED /cmd_vel: linear.x=0.0, angular.z=0.0
[target_tracker-7] [INFO] [1791537059.933996168] [target_tracker_node]: muc tieu: d=1.73m goc=5.8deg nguon=camera+lidar conf=0.98 v=0.40m/s 
[decoded_serial_node-3] [INFO] [1791537059.970513557] [bw_dr03_decoded_serial_node]: RECEIVED /cmd_vel: linear.x=0.0, angular.z=0.0
[decoded_serial_node-3] [INFO] [1791537060.037337434] [bw_dr03_decoded_serial_node]: RECEIVED /cmd_vel: linear.x=0.0, angular.z=0.0
[decoded_serial_node-3] [INFO] [1791537060.104335847] [bw_dr03_decoded_serial_node]: RECEIVED /cmd_vel: linear.x=0.0, angular.z=0.0
[decoded_serial_node-3] [INFO] [1791537060.170665795] [bw_dr03_decoded_serial_node]: RECEIVED /cmd_vel: linear.x=0.0, angular.z=0.0
[decoded_serial_node-3] [INFO] [1791537060.236887697] [bw_dr03_decoded_serial_node]: RECEIVED /cmd_vel: linear.x=0.0, angular.z=0.0
[decoded_serial_node-3] [INFO] [1791537060.304165132] [bw_dr03_decoded_serial_node]: RECEIVED /cmd_vel: linear.x=0.0, angular.z=0.0
[decoded_serial_node-3] [INFO] [1791537060.370626874] [bw_dr03_decoded_serial_node]: RECEIVED /cmd_vel: linear.x=0.0, angular.z=0.0
[follow_planner-8] [INFO] [1791537060.438253382] [follow_planner_node]: [IDLE] disabled | d=- goc=- | v=0.000 w=0.000 | thoang=-
[decoded_serial_node-3] [INFO] [1791537060.438790053] [bw_dr03_decoded_serial_node]: RECEIVED /cmd_vel: linear.x=0.0, angular.z=0.0
[decoded_serial_node-3] [INFO] [1791537060.504350615] [bw_dr03_decoded_serial_node]: RECEIVED /cmd_vel: linear.x=0.0, angular.z=0.0
[decoded_serial_node-3] [INFO] [1791537060.570482280] [bw_dr03_decoded_serial_node]: RECEIVED /cmd_vel: linear.x=0.0, angular.z=0.0
[decoded_serial_node-3] [INFO] [1791537060.637632671] [bw_dr03_decoded_serial_node]: RECEIVED /cmd_vel: linear.x=0.0, angular.z=0.0
[decoded_serial_node-3] [INFO] [1791537060.703899691] [bw_dr03_decoded_serial_node]: RECEIVED /cmd_vel: linear.x=0.0, angular.z=0.0
[decoded_serial_node-3] [INFO] [1791537060.771259051] [bw_dr03_decoded_serial_node]: RECEIVED /cmd_vel: linear.x=0.0, angular.z=0.0
[decoded_serial_node-3] [INFO] [1791537060.836924097] [bw_dr03_decoded_serial_node]: RECEIVED /cmd_vel: linear.x=0.0, angular.z=0.0
[decoded_serial_node-3] [INFO] [1791537060.904002061] [bw_dr03_decoded_serial_node]: RECEIVED /cmd_vel: linear.x=0.0, angular.z=0.0
[target_tracker-7] [INFO] [1791537060.934411846] [target_tracker_node]: muc tieu: d=1.49m goc=-10.1deg nguon=camera+lidar conf=0.98 v=0.39m/s 
[decoded_serial_node-3] [INFO] [1791537060.970576599] [bw_dr03_decoded_serial_node]: RECEIVED /cmd_vel: linear.x=0.0, angular.z=0.0
[decoded_serial_node-3] [INFO] [1791537061.037297176] [bw_dr03_decoded_serial_node]: RECEIVED /cmd_vel: linear.x=0.0, angular.z=0.0
[decoded_serial_node-3] [INFO] [1791537061.104567485] [bw_dr03_decoded_serial_node]: RECEIVED /cmd_vel: linear.x=0.0, angular.z=0.0
[decoded_serial_node-3] [INFO] [1791537061.170490179] [bw_dr03_decoded_serial_node]: RECEIVED /cmd_vel: linear.x=0.0, angular.z=0.0
[decoded_serial_node-3] [INFO] [1791537061.237602574] [bw_dr03_decoded_serial_node]: RECEIVED /cmd_vel: linear.x=0.0, angular.z=0.0
[decoded_serial_node-3] [INFO] [1791537061.304187796] [bw_dr03_decoded_serial_node]: RECEIVED /cmd_vel: linear.x=0.0, angular.z=0.0
[decoded_serial_node-3] [INFO] [1791537061.370441754] [bw_dr03_decoded_serial_node]: RECEIVED /cmd_vel: linear.x=0.0, angular.z=0.0
[decoded_serial_node-3] [INFO] [1791537061.436865500] [bw_dr03_decoded_serial_node]: RECEIVED /cmd_vel: linear.x=0.0, angular.z=0.0
[follow_planner-8] [INFO] [1791537061.504344778] [follow_planner_node]: [IDLE] disabled | d=- goc=- | v=0.000 w=0.000 | thoang=-
[decoded_serial_node-3] [INFO] [1791537061.504462323] [bw_dr03_decoded_serial_node]: RECEIVED /cmd_vel: linear.x=0.0, angular.z=0.0
[decoded_serial_node-3] [INFO] [1791537061.570558367] [bw_dr03_decoded_serial_node]: RECEIVED /cmd_vel: linear.x=0.0, angular.z=0.0
[decoded_serial_node-3] [INFO] [1791537061.637340685] [bw_dr03_decoded_serial_node]: RECEIVED /cmd_vel: linear.x=0.0, angular.z=0.0
[decoded_serial_node-3] [INFO] [1791537061.704507696] [bw_dr03_decoded_serial_node]: RECEIVED /cmd_vel: linear.x=0.0, angular.z=0.0
[decoded_serial_node-3] [INFO] [1791537061.771627214] [bw_dr03_decoded_serial_node]: RECEIVED /cmd_vel: linear.x=0.0, angular.z=0.0
[decoded_serial_node-3] [INFO] [1791537061.837036984] [bw_dr03_decoded_serial_node]: RECEIVED /cmd_vel: linear.x=0.0, angular.z=0.0
[decoded_serial_node-3] [INFO] [1791537061.904161252] [bw_dr03_decoded_serial_node]: RECEIVED /cmd_vel: linear.x=0.0, angular.z=0.0
[target_tracker-7] [INFO] [1791537061.934429744] [target_tracker_node]: muc tieu: d=1.68m goc=-21.9deg nguon=camera+lidar conf=0.98 v=0.12m/s 
[decoded_serial_node-3] [INFO] [1791537061.970615868] [bw_dr03_decoded_serial_node]: RECEIVED /cmd_vel: linear.x=0.0, angular.z=0.0
[decoded_serial_node-3] [INFO] [1791537062.036924442] [bw_dr03_decoded_serial_node]: RECEIVED /cmd_vel: linear.x=0.0, angular.z=0.0
[decoded_serial_node-3] [INFO] [1791537062.104359787] [bw_dr03_decoded_serial_node]: RECEIVED /cmd_vel: linear.x=0.0, angular.z=0.0
[decoded_serial_node-3] [INFO] [1791537062.170525881] [bw_dr03_decoded_serial_node]: RECEIVED /cmd_vel: linear.x=0.0, angular.z=0.0
[decoded_serial_node-3] [INFO] [1791537062.237329570] [bw_dr03_decoded_serial_node]: RECEIVED /cmd_vel: linear.x=0.0, angular.z=0.0
[decoded_serial_node-3] [INFO] [1791537062.304310169] [bw_dr03_decoded_serial_node]: RECEIVED /cmd_vel: linear.x=0.0, angular.z=0.0
[decoded_serial_node-3] [INFO] [1791537062.370519007] [bw_dr03_decoded_serial_node]: RECEIVED /cmd_vel: linear.x=0.0, angular.z=0.0
[decoded_serial_node-3] [INFO] [1791537062.437537601] [bw_dr03_decoded_serial_node]: RECEIVED /cmd_vel: linear.x=0.0, angular.z=0.0
[follow_planner-8] [INFO] [1791537062.504192874] [follow_planner_node]: [IDLE] disabled | d=- goc=- | v=0.000 w=0.000 | thoang=-
[decoded_serial_node-3] [INFO] [1791537062.504369785] [bw_dr03_decoded_serial_node]: RECEIVED /cmd_vel: linear.x=0.0, angular.z=0.0
[decoded_serial_node-3] [INFO] [1791537062.570691419] [bw_dr03_decoded_serial_node]: RECEIVED /cmd_vel: linear.x=0.0, angular.z=0.0
[decoded_serial_node-3] [INFO] [1791537062.637601966] [bw_dr03_decoded_serial_node]: RECEIVED /cmd_vel: linear.x=0.0, angular.z=0.0
[decoded_serial_node-3] [INFO] [1791537062.704354599] [bw_dr03_decoded_serial_node]: RECEIVED /cmd_vel: linear.x=0.0, angular.z=0.0
[decoded_serial_node-3] [INFO] [1791537062.770492198] [bw_dr03_decoded_serial_node]: RECEIVED /cmd_vel: linear.x=0.0, angular.z=0.0
[decoded_serial_node-3] [INFO] [1791537062.837363564] [bw_dr03_decoded_serial_node]: RECEIVED /cmd_vel: linear.x=0.0, angular.z=0.0
[decoded_serial_node-3] [INFO] [1791537062.904255114] [bw_dr03_decoded_serial_node]: RECEIVED /cmd_vel: linear.x=0.0, angular.z=0.0
[decoded_serial_node-3] [INFO] [1791537062.970431894] [bw_dr03_decoded_serial_node]: RECEIVED /cmd_vel: linear.x=0.0, angular.z=0.0
[target_tracker-7] [INFO] [1791537062.984392468] [target_tracker_node]: muc tieu: d=1.62m goc=-13.7deg nguon=camera+lidar conf=0.98 v=0.65m/s 
[decoded_serial_node-3] [INFO] [1791537063.037533600] [bw_dr03_decoded_serial_node]: RECEIVED /cmd_vel: linear.x=0.0, angular.z=0.0
[decoded_serial_node-3] [INFO] [1791537063.104761161] [bw_dr03_decoded_serial_node]: RECEIVED /cmd_vel: linear.x=0.0, angular.z=0.0
[decoded_serial_node-3] [INFO] [1791537063.170556808] [bw_dr03_decoded_serial_node]: RECEIVED /cmd_vel: linear.x=0.0, angular.z=0.0
[decoded_serial_node-3] [INFO] [1791537063.237827114] [bw_dr03_decoded_serial_node]: RECEIVED /cmd_vel: linear.x=0.0, angular.z=0.0
[decoded_serial_node-3] [INFO] [1791537063.305838310] [bw_dr03_decoded_serial_node]: RECEIVED /cmd_vel: linear.x=0.0, angular.z=0.0
[decoded_serial_node-3] [INFO] [1791537063.370472753] [bw_dr03_decoded_serial_node]: RECEIVED /cmd_vel: linear.x=0.0, angular.z=0.0
[decoded_serial_node-3] [INFO] [1791537063.437293062] [bw_dr03_decoded_serial_node]: RECEIVED /cmd_vel: linear.x=0.0, angular.z=0.0
[follow_planner-8] [INFO] [1791537063.504499251] [follow_planner_node]: [IDLE] disabled | d=- goc=- | v=0.000 w=0.000 | thoang=-
[decoded_serial_node-3] [INFO] [1791537063.505136845] [bw_dr03_decoded_serial_node]: RECEIVED /cmd_vel: linear.x=0.0, angular.z=0.0
[decoded_serial_node-3] [INFO] [1791537063.570649909] [bw_dr03_decoded_serial_node]: RECEIVED /cmd_vel: linear.x=0.0, angular.z=0.0
[decoded_serial_node-3] [INFO] [1791537063.637555705] [bw_dr03_decoded_serial_node]: RECEIVED /cmd_vel: linear.x=0.0, angular.z=0.0
[decoded_serial_node-3] [INFO] [1791537063.704235909] [bw_dr03_decoded_serial_node]: RECEIVED /cmd_vel: linear.x=0.0, angular.z=0.0
[decoded_serial_node-3] [INFO] [1791537063.770784321] [bw_dr03_decoded_serial_node]: RECEIVED /cmd_vel: linear.x=0.0, angular.z=0.0
[decoded_serial_node-3] [INFO] [1791537063.837804100] [bw_dr03_decoded_serial_node]: RECEIVED /cmd_vel: linear.x=0.0, angular.z=0.0
[decoded_serial_node-3] [INFO] [1791537063.904319267] [bw_dr03_decoded_serial_node]: RECEIVED /cmd_vel: linear.x=0.0, angular.z=0.0
[decoded_serial_node-3] [INFO] [1791537063.970702640] [bw_dr03_decoded_serial_node]: RECEIVED /cmd_vel: linear.x=0.0, angular.z=0.0
[target_tracker-7] [INFO] [1791537063.984575352] [target_tracker_node]: muc tieu: d=1.52m goc=4.2deg nguon=camera+lidar conf=0.98 v=0.99m/s 
[decoded_serial_node-3] [INFO] [1791537064.037240364] [bw_dr03_decoded_serial_node]: RECEIVED /cmd_vel: linear.x=0.0, angular.z=0.0
[decoded_serial_node-3] [INFO] [1791537064.104234021] [bw_dr03_decoded_serial_node]: RECEIVED /cmd_vel: linear.x=0.0, angular.z=0.0
[decoded_serial_node-3] [INFO] [1791537064.170504596] [bw_dr03_decoded_serial_node]: RECEIVED /cmd_vel: linear.x=0.0, angular.z=0.0
[decoded_serial_node-3] [INFO] [1791537064.236841662] [bw_dr03_decoded_serial_node]: RECEIVED /cmd_vel: linear.x=0.0, angular.z=0.0
[decoded_serial_node-3] [INFO] [1791537064.304277004] [bw_dr03_decoded_serial_node]: RECEIVED /cmd_vel: linear.x=0.0, angular.z=0.0
[decoded_serial_node-3] [INFO] [1791537064.370821852] [bw_dr03_decoded_serial_node]: RECEIVED /cmd_vel: linear.x=0.0, angular.z=0.0
[decoded_serial_node-3] [INFO] [1791537064.438057723] [bw_dr03_decoded_serial_node]: RECEIVED /cmd_vel: linear.x=0.0, angular.z=0.0
[decoded_serial_node-3] [INFO] [1791537064.504353232] [bw_dr03_decoded_serial_node]: RECEIVED /cmd_vel: linear.x=0.0, angular.z=0.0
[decoded_serial_node-3] [INFO] [1791537064.570579876] [bw_dr03_decoded_serial_node]: RECEIVED /cmd_vel: linear.x=0.0, angular.z=0.0
[follow_planner-8] [INFO] [1791537064.570782909] [follow_planner_node]: [IDLE] disabled | d=- goc=- | v=0.000 w=0.000 | thoang=-
[decoded_serial_node-3] [INFO] [1791537064.637271953] [bw_dr03_decoded_serial_node]: RECEIVED /cmd_vel: linear.x=0.0, angular.z=0.0
[decoded_serial_node-3] [INFO] [1791537064.704244237] [bw_dr03_decoded_serial_node]: RECEIVED /cmd_vel: linear.x=0.0, angular.z=0.0
[decoded_serial_node-3] [INFO] [1791537064.771096602] [bw_dr03_decoded_serial_node]: RECEIVED /cmd_vel: linear.x=0.0, angular.z=0.0
[decoded_serial_node-3] [INFO] [1791537064.837629577] [bw_dr03_decoded_serial_node]: RECEIVED /cmd_vel: linear.x=0.0, angular.z=0.0
[decoded_serial_node-3] [INFO] [1791537064.904570991] [bw_dr03_decoded_serial_node]: RECEIVED /cmd_vel: linear.x=0.0, angular.z=0.0
[decoded_serial_node-3] [INFO] [1791537064.970899746] [bw_dr03_decoded_serial_node]: RECEIVED /cmd_vel: linear.x=0.0, angular.z=0.0
[target_tracker-7] [INFO] [1791537065.034202006] [target_tracker_node]: muc tieu: d=1.74m goc=7.3deg nguon=camera+lidar conf=1.00 v=0.58m/s 
[decoded_serial_node-3] [INFO] [1791537065.037469526] [bw_dr03_decoded_serial_node]: RECEIVED /cmd_vel: linear.x=0.0, angular.z=0.0
[decoded_serial_node-3] [INFO] [1791537065.104775448] [bw_dr03_decoded_serial_node]: RECEIVED /cmd_vel: linear.x=0.0, angular.z=0.0
[decoded_serial_node-3] [INFO] [1791537065.170378745] [bw_dr03_decoded_serial_node]: RECEIVED /cmd_vel: linear.x=0.0, angular.z=0.0
[decoded_serial_node-3] [INFO] [1791537065.236772800] [bw_dr03_decoded_serial_node]: RECEIVED /cmd_vel: linear.x=0.0, angular.z=0.0
[decoded_serial_node-3] [INFO] [1791537065.304127402] [bw_dr03_decoded_serial_node]: RECEIVED /cmd_vel: linear.x=0.0, angular.z=0.0
[decoded_serial_node-3] [INFO] [1791537065.370411037] [bw_dr03_decoded_serial_node]: RECEIVED /cmd_vel: linear.x=0.0, angular.z=0.0
[follow_planner-8] [INFO] [1791537065.436277920] [follow_planner_node]: self-filter: bo 14/209 tia dap vao than xe
[decoded_serial_node-3] [INFO] [1791537065.437183849] [bw_dr03_decoded_serial_node]: RECEIVED /cmd_vel: linear.x=0.0, angular.z=0.0
[decoded_serial_node-3] [INFO] [1791537065.504371038] [bw_dr03_decoded_serial_node]: RECEIVED /cmd_vel: linear.x=0.0, angular.z=0.0
[decoded_serial_node-3] [INFO] [1791537065.570502695] [bw_dr03_decoded_serial_node]: RECEIVED /cmd_vel: linear.x=0.0, angular.z=0.0
[follow_planner-8] [INFO] [1791537065.638206370] [follow_planner_node]: [IDLE] disabled | d=- goc=- | v=0.000 w=0.000 | thoang=-
[decoded_serial_node-3] [INFO] [1791537065.638694361] [bw_dr03_decoded_serial_node]: RECEIVED /cmd_vel: linear.x=0.0, angular.z=0.0
[decoded_serial_node-3] [INFO] [1791537065.704798709] [bw_dr03_decoded_serial_node]: RECEIVED /cmd_vel: linear.x=0.0, angular.z=0.0
[decoded_serial_node-3] [INFO] [1791537065.770626411] [bw_dr03_decoded_serial_node]: RECEIVED /cmd_vel: linear.x=0.0, angular.z=0.0
[decoded_serial_node-3] [INFO] [1791537065.836778252] [bw_dr03_decoded_serial_node]: RECEIVED /cmd_vel: linear.x=0.0, angular.z=0.0
[decoded_serial_node-3] [INFO] [1791537065.904276520] [bw_dr03_decoded_serial_node]: RECEIVED /cmd_vel: linear.x=0.0, angular.z=0.0
[decoded_serial_node-3] [INFO] [1791537065.970955534] [bw_dr03_decoded_serial_node]: RECEIVED /cmd_vel: linear.x=0.0, angular.z=0.0
[target_tracker-7] [INFO] [1791537066.034795651] [target_tracker_node]: muc tieu: d=1.45m goc=-8.9deg nguon=camera+lidar conf=0.98 v=0.84m/s 
[decoded_serial_node-3] [INFO] [1791537066.037596552] [bw_dr03_decoded_serial_node]: RECEIVED /cmd_vel: linear.x=0.0, angular.z=0.0
[decoded_serial_node-3] [INFO] [1791537066.104311184] [bw_dr03_decoded_serial_node]: RECEIVED /cmd_vel: linear.x=0.0, angular.z=0.0
[decoded_serial_node-3] [INFO] [1791537066.171190854] [bw_dr03_decoded_serial_node]: RECEIVED /cmd_vel: linear.x=0.0, angular.z=0.0
[decoded_serial_node-3] [INFO] [1791537066.238767484] [bw_dr03_decoded_serial_node]: RECEIVED /cmd_vel: linear.x=0.0, angular.z=0.0
[decoded_serial_node-3] [INFO] [1791537066.305046368] [bw_dr03_decoded_serial_node]: RECEIVED /cmd_vel: linear.x=0.0, angular.z=0.0
[decoded_serial_node-3] [INFO] [1791537066.370766021] [bw_dr03_decoded_serial_node]: RECEIVED /cmd_vel: linear.x=0.0, angular.z=0.0
[decoded_serial_node-3] [INFO] [1791537066.437703870] [bw_dr03_decoded_serial_node]: RECEIVED /cmd_vel: linear.x=0.0, angular.z=0.0
[decoded_serial_node-3] [INFO] [1791537066.505248442] [bw_dr03_decoded_serial_node]: RECEIVED /cmd_vel: linear.x=0.0, angular.z=0.0
[decoded_serial_node-3] [INFO] [1791537066.570559655] [bw_dr03_decoded_serial_node]: RECEIVED /cmd_vel: linear.x=0.0, angular.z=0.0
[decoded_serial_node-3] [INFO] [1791537066.637601989] [bw_dr03_decoded_serial_node]: RECEIVED /cmd_vel: linear.x=0.0, angular.z=0.0
[follow_planner-8] [INFO] [1791537066.703617286] [follow_planner_node]: [IDLE] disabled | d=- goc=- | v=0.000 w=0.000 | thoang=-
[decoded_serial_node-3] [INFO] [1791537066.703679027] [bw_dr03_decoded_serial_node]: RECEIVED /cmd_vel: linear.x=0.0, angular.z=0.0
[decoded_serial_node-3] [INFO] [1791537066.770287986] [bw_dr03_decoded_serial_node]: RECEIVED /cmd_vel: linear.x=0.0, angular.z=0.0
[decoded_serial_node-3] [INFO] [1791537066.836733095] [bw_dr03_decoded_serial_node]: RECEIVED /cmd_vel: linear.x=0.0, angular.z=0.0
[decoded_serial_node-3] [INFO] [1791537066.904436769] [bw_dr03_decoded_serial_node]: RECEIVED /cmd_vel: linear.x=0.0, angular.z=0.0
[decoded_serial_node-3] [INFO] [1791537066.970596920] [bw_dr03_decoded_serial_node]: RECEIVED /cmd_vel: linear.x=0.0, angular.z=0.0
[decoded_serial_node-3] [INFO] [1791537067.037236749] [bw_dr03_decoded_serial_node]: RECEIVED /cmd_vel: linear.x=0.0, angular.z=0.0
[target_tracker-7] [INFO] [1791537067.084918552] [target_tracker_node]: muc tieu: d=1.65m goc=-27.7deg nguon=camera+lidar conf=1.00 v=0.28m/s 
[decoded_serial_node-3] [INFO] [1791537067.103913385] [bw_dr03_decoded_serial_node]: RECEIVED /cmd_vel: linear.x=0.0, angular.z=0.0
[decoded_serial_node-3] [INFO] [1791537067.170820362] [bw_dr03_decoded_serial_node]: RECEIVED /cmd_vel: linear.x=0.0, angular.z=0.0
[python3-4] [INFO] [1791537067.202618125] [identity_lock_node]: camera: nhan 24.7 fps (phoi sang 30 ms, do sang 76), xu ly 15.0 Hz, TB 20 ms/khung, tre tu luc chup 54.6 ms, 1 nguoi, status TRACKING
[decoded_serial_node-3] [INFO] [1791537067.237169296] [bw_dr03_decoded_serial_node]: RECEIVED /cmd_vel: linear.x=0.0, angular.z=0.0
[decoded_serial_node-3] [INFO] [1791537067.304407536] [bw_dr03_decoded_serial_node]: RECEIVED /cmd_vel: linear.x=0.0, angular.z=0.0
[decoded_serial_node-3] [INFO] [1791537067.370817024] [bw_dr03_decoded_serial_node]: RECEIVED /cmd_vel: linear.x=0.0, angular.z=0.0
[decoded_serial_node-3] [INFO] [1791537067.437218200] [bw_dr03_decoded_serial_node]: RECEIVED /cmd_vel: linear.x=0.0, angular.z=0.0
[decoded_serial_node-3] [INFO] [1791537067.504848258] [bw_dr03_decoded_serial_node]: RECEIVED /cmd_vel: linear.x=0.0, angular.z=0.0
[decoded_serial_node-3] [INFO] [1791537067.570472923] [bw_dr03_decoded_serial_node]: RECEIVED /cmd_vel: linear.x=0.0, angular.z=0.0
[decoded_serial_node-3] [INFO] [1791537067.637213674] [bw_dr03_decoded_serial_node]: RECEIVED /cmd_vel: linear.x=0.0, angular.z=0.0
[follow_planner-8] [INFO] [1791537067.704088593] [follow_planner_node]: [IDLE] disabled | d=- goc=- | v=0.000 w=0.000 | thoang=-
[decoded_serial_node-3] [INFO] [1791537067.704318935] [bw_dr03_decoded_serial_node]: RECEIVED /cmd_vel: linear.x=0.0, angular.z=0.0
[decoded_serial_node-3] [INFO] [1791537067.770386472] [bw_dr03_decoded_serial_node]: RECEIVED /cmd_vel: linear.x=0.0, angular.z=0.0
[decoded_serial_node-3] [INFO] [1791537067.836933689] [bw_dr03_decoded_serial_node]: RECEIVED /cmd_vel: linear.x=0.0, angular.z=0.0
[decoded_serial_node-3] [INFO] [1791537067.904450951] [bw_dr03_decoded_serial_node]: RECEIVED /cmd_vel: linear.x=0.0, angular.z=0.0
[decoded_serial_node-3] [INFO] [1791537067.970415192] [bw_dr03_decoded_serial_node]: RECEIVED /cmd_vel: linear.x=0.0, angular.z=0.0
[decoded_serial_node-3] [INFO] [1791537068.037274675] [bw_dr03_decoded_serial_node]: RECEIVED /cmd_vel: linear.x=0.0, angular.z=0.0
[target_tracker-7] [INFO] [1791537068.085411222] [target_tracker_node]: muc tieu: d=1.66m goc=-22.5deg nguon=camera+lidar conf=1.00 v=0.17m/s 
[decoded_serial_node-3] [INFO] [1791537068.104829929] [bw_dr03_decoded_serial_node]: RECEIVED /cmd_vel: linear.x=0.0, angular.z=0.0
[decoded_serial_node-3] [INFO] [1791537068.170650502] [bw_dr03_decoded_serial_node]: RECEIVED /cmd_vel: linear.x=0.0, angular.z=0.0
[decoded_serial_node-3] [INFO] [1791537068.237558664] [bw_dr03_decoded_serial_node]: RECEIVED /cmd_vel: linear.x=0.0, angular.z=0.0
[decoded_serial_node-3] [INFO] [1791537068.304695980] [bw_dr03_decoded_serial_node]: RECEIVED /cmd_vel: linear.x=0.0, angular.z=0.0
[decoded_serial_node-3] [INFO] [1791537068.370929742] [bw_dr03_decoded_serial_node]: RECEIVED /cmd_vel: linear.x=0.0, angular.z=0.0
[decoded_serial_node-3] [INFO] [1791537068.436866672] [bw_dr03_decoded_serial_node]: RECEIVED /cmd_vel: linear.x=0.0, angular.z=0.0
[decoded_serial_node-3] [INFO] [1791537068.504645144] [bw_dr03_decoded_serial_node]: RECEIVED /cmd_vel: linear.x=0.0, angular.z=0.0
[decoded_serial_node-3] [INFO] [1791537068.570675873] [bw_dr03_decoded_serial_node]: RECEIVED /cmd_vel: linear.x=0.0, angular.z=0.0
[decoded_serial_node-3] [INFO] [1791537068.637540104] [bw_dr03_decoded_serial_node]: RECEIVED /cmd_vel: linear.x=0.0, angular.z=0.0
[decoded_serial_node-3] [INFO] [1791537068.704305788] [bw_dr03_decoded_serial_node]: RECEIVED /cmd_vel: linear.x=0.0, angular.z=0.0
[follow_planner-8] [INFO] [1791537068.770423191] [follow_planner_node]: [IDLE] disabled | d=- goc=- | v=0.000 w=0.000 | thoang=-
[decoded_serial_node-3] [INFO] [1791537068.770849441] [bw_dr03_decoded_serial_node]: RECEIVED /cmd_vel: linear.x=0.0, angular.z=0.0
[decoded_serial_node-3] [INFO] [1791537068.837536761] [bw_dr03_decoded_serial_node]: RECEIVED /cmd_vel: linear.x=0.0, angular.z=0.0
[decoded_serial_node-3] [INFO] [1791537068.904053106] [bw_dr03_decoded_serial_node]: RECEIVED /cmd_vel: linear.x=0.0, angular.z=0.0
[decoded_serial_node-3] [INFO] [1791537068.970805729] [bw_dr03_decoded_serial_node]: RECEIVED /cmd_vel: linear.x=0.0, angular.z=0.0
[decoded_serial_node-3] [INFO] [1791537069.037266269] [bw_dr03_decoded_serial_node]: RECEIVED /cmd_vel: linear.x=0.0, angular.z=0.0
[decoded_serial_node-3] [INFO] [1791537069.104179179] [bw_dr03_decoded_serial_node]: RECEIVED /cmd_vel: linear.x=0.0, angular.z=0.0
[target_tracker-7] [INFO] [1791537069.134550962] [target_tracker_node]: muc tieu: d=1.58m goc=0.5deg nguon=camera+lidar conf=1.00 v=0.65m/s 
[decoded_serial_node-3] [INFO] [1791537069.170544732] [bw_dr03_decoded_serial_node]: RECEIVED /cmd_vel: linear.x=0.0, angular.z=0.0
[decoded_serial_node-3] [INFO] [1791537069.237227301] [bw_dr03_decoded_serial_node]: RECEIVED /cmd_vel: linear.x=0.0, angular.z=0.0
[decoded_serial_node-3] [INFO] [1791537069.304736248] [bw_dr03_decoded_serial_node]: RECEIVED /cmd_vel: linear.x=0.0, angular.z=0.0
[decoded_serial_node-3] [INFO] [1791537069.370619747] [bw_dr03_decoded_serial_node]: RECEIVED /cmd_vel: linear.x=0.0, angular.z=0.0
[decoded_serial_node-3] [INFO] [1791537069.436754959] [bw_dr03_decoded_serial_node]: RECEIVED /cmd_vel: linear.x=0.0, angular.z=0.0
[decoded_serial_node-3] [INFO] [1791537069.504133300] [bw_dr03_decoded_serial_node]: RECEIVED /cmd_vel: linear.x=0.0, angular.z=0.0
[decoded_serial_node-3] [INFO] [1791537069.570326691] [bw_dr03_decoded_serial_node]: RECEIVED /cmd_vel: linear.x=0.0, angular.z=0.0
[decoded_serial_node-3] [INFO] [1791537069.636859657] [bw_dr03_decoded_serial_node]: RECEIVED /cmd_vel: linear.x=0.0, angular.z=0.0
[decoded_serial_node-3] [INFO] [1791537069.703879426] [bw_dr03_decoded_serial_node]: RECEIVED /cmd_vel: linear.x=0.0, angular.z=0.0
[decoded_serial_node-3] [INFO] [1791537069.770463447] [bw_dr03_decoded_serial_node]: RECEIVED /cmd_vel: linear.x=0.0, angular.z=0.0
[follow_planner-8] [INFO] [1791537069.837142454] [follow_planner_node]: [IDLE] disabled | d=- goc=- | v=0.000 w=0.000 | thoang=-
[decoded_serial_node-3] [INFO] [1791537069.837268311] [bw_dr03_decoded_serial_node]: RECEIVED /cmd_vel: linear.x=0.0, angular.z=0.0
[decoded_serial_node-3] [INFO] [1791537069.904432934] [bw_dr03_decoded_serial_node]: RECEIVED /cmd_vel: linear.x=0.0, angular.z=0.0
[decoded_serial_node-3] [INFO] [1791537069.970397171] [bw_dr03_decoded_serial_node]: RECEIVED /cmd_vel: linear.x=0.0, angular.z=0.0
[decoded_serial_node-3] [INFO] [1791537070.037516674] [bw_dr03_decoded_serial_node]: RECEIVED /cmd_vel: linear.x=0.0, angular.z=0.0
[decoded_serial_node-3] [INFO] [1791537070.104094757] [bw_dr03_decoded_serial_node]: RECEIVED /cmd_vel: linear.x=0.0, angular.z=0.0
[target_tracker-7] [INFO] [1791537070.135169436] [target_tracker_node]: muc tieu: d=1.49m goc=17.3deg nguon=camera+lidar conf=1.00 v=0.68m/s 
[decoded_serial_node-3] [INFO] [1791537070.170493553] [bw_dr03_decoded_serial_node]: RECEIVED /cmd_vel: linear.x=0.0, angular.z=0.0
[decoded_serial_node-3] [INFO] [1791537070.237856458] [bw_dr03_decoded_serial_node]: RECEIVED /cmd_vel: linear.x=0.0, angular.z=0.0
[decoded_serial_node-3] [INFO] [1791537070.304059346] [bw_dr03_decoded_serial_node]: RECEIVED /cmd_vel: linear.x=0.0, angular.z=0.0
[decoded_serial_node-3] [INFO] [1791537070.370497324] [bw_dr03_decoded_serial_node]: RECEIVED /cmd_vel: linear.x=0.0, angular.z=0.0
[decoded_serial_node-3] [INFO] [1791537070.437177516] [bw_dr03_decoded_serial_node]: RECEIVED /cmd_vel: linear.x=0.0, angular.z=0.0
[decoded_serial_node-3] [INFO] [1791537070.504579603] [bw_dr03_decoded_serial_node]: RECEIVED /cmd_vel: linear.x=0.0, angular.z=0.0
[decoded_serial_node-3] [INFO] [1791537070.570286188] [bw_dr03_decoded_serial_node]: RECEIVED /cmd_vel: linear.x=0.0, angular.z=0.0
[decoded_serial_node-3] [INFO] [1791537070.638195263] [bw_dr03_decoded_serial_node]: RECEIVED /cmd_vel: linear.x=0.0, angular.z=0.0
[decoded_serial_node-3] [INFO] [1791537070.704247360] [bw_dr03_decoded_serial_node]: RECEIVED /cmd_vel: linear.x=0.0, angular.z=0.0
[decoded_serial_node-3] [INFO] [1791537070.770780324] [bw_dr03_decoded_serial_node]: RECEIVED /cmd_vel: linear.x=0.0, angular.z=0.0
[follow_planner-8] [INFO] [1791537070.837484263] [follow_planner_node]: [IDLE] disabled | d=- goc=- | v=0.000 w=0.000 | thoang=-
[decoded_serial_node-3] [INFO] [1791537070.837887954] [bw_dr03_decoded_serial_node]: RECEIVED /cmd_vel: linear.x=0.0, angular.z=0.0
[decoded_serial_node-3] [INFO] [1791537070.904743870] [bw_dr03_decoded_serial_node]: RECEIVED /cmd_vel: linear.x=0.0, angular.z=0.0
[decoded_serial_node-3] [INFO] [1791537070.971547545] [bw_dr03_decoded_serial_node]: RECEIVED /cmd_vel: linear.x=0.0, angular.z=0.0
[decoded_serial_node-3] [INFO] [1791537071.037015477] [bw_dr03_decoded_serial_node]: RECEIVED /cmd_vel: linear.x=0.0, angular.z=0.0
[decoded_serial_node-3] [INFO] [1791537071.104319014] [bw_dr03_decoded_serial_node]: RECEIVED /cmd_vel: linear.x=0.0, angular.z=0.0
[target_tracker-7] [INFO] [1791537071.134047266] [target_tracker_node]: muc tieu: d=1.63m goc=2.6deg nguon=camera+bbox conf=0.83 v=0.52m/s 
[decoded_serial_node-3] [INFO] [1791537071.170880472] [bw_dr03_decoded_serial_node]: RECEIVED /cmd_vel: linear.x=0.0, angular.z=0.0
[decoded_serial_node-3] [INFO] [1791537071.237464490] [bw_dr03_decoded_serial_node]: RECEIVED /cmd_vel: linear.x=0.0, angular.z=0.0
[decoded_serial_node-3] [INFO] [1791537071.304091251] [bw_dr03_decoded_serial_node]: RECEIVED /cmd_vel: linear.x=0.0, angular.z=0.0
[decoded_serial_node-3] [INFO] [1791537071.370460362] [bw_dr03_decoded_serial_node]: RECEIVED /cmd_vel: linear.x=0.0, angular.z=0.0
[decoded_serial_node-3] [INFO] [1791537071.437795957] [bw_dr03_decoded_serial_node]: RECEIVED /cmd_vel: linear.x=0.0, angular.z=0.0
[decoded_serial_node-3] [INFO] [1791537071.504250556] [bw_dr03_decoded_serial_node]: RECEIVED /cmd_vel: linear.x=0.0, angular.z=0.0
[decoded_serial_node-3] [INFO] [1791537071.570694469] [bw_dr03_decoded_serial_node]: RECEIVED /cmd_vel: linear.x=0.0, angular.z=0.0
[decoded_serial_node-3] [INFO] [1791537071.637043396] [bw_dr03_decoded_serial_node]: RECEIVED /cmd_vel: linear.x=0.0, angular.z=0.0
[decoded_serial_node-3] [INFO] [1791537071.704526219] [bw_dr03_decoded_serial_node]: RECEIVED /cmd_vel: linear.x=0.0, angular.z=0.0
[decoded_serial_node-3] [INFO] [1791537071.770788471] [bw_dr03_decoded_serial_node]: RECEIVED /cmd_vel: linear.x=0.0, angular.z=0.0
[decoded_serial_node-3] [INFO] [1791537071.837567210] [bw_dr03_decoded_serial_node]: RECEIVED /cmd_vel: linear.x=0.0, angular.z=0.0
[follow_planner-8] [INFO] [1791537071.904287770] [follow_planner_node]: [IDLE] disabled | d=- goc=- | v=0.000 w=0.000 | thoang=-
[decoded_serial_node-3] [INFO] [1791537071.904313891] [bw_dr03_decoded_serial_node]: RECEIVED /cmd_vel: linear.x=0.0, angular.z=0.0
[decoded_serial_node-3] [INFO] [1791537071.970319681] [bw_dr03_decoded_serial_node]: RECEIVED /cmd_vel: linear.x=0.0, angular.z=0.0
[decoded_serial_node-3] [INFO] [1791537072.036786152] [bw_dr03_decoded_serial_node]: RECEIVED /cmd_vel: linear.x=0.0, angular.z=0.0
[decoded_serial_node-3] [INFO] [1791537072.104283221] [bw_dr03_decoded_serial_node]: RECEIVED /cmd_vel: linear.x=0.0, angular.z=0.0
[target_tracker-7] [INFO] [1791537072.134615821] [target_tracker_node]: muc tieu: d=1.62m goc=-21.9deg nguon=camera+lidar conf=0.98 v=0.86m/s 
[decoded_serial_node-3] [INFO] [1791537072.170613149] [bw_dr03_decoded_serial_node]: RECEIVED /cmd_vel: linear.x=0.0, angular.z=0.0
[decoded_serial_node-3] [INFO] [1791537072.237464313] [bw_dr03_decoded_serial_node]: RECEIVED /cmd_vel: linear.x=0.0, angular.z=0.0
[decoded_serial_node-3] [INFO] [1791537072.304355846] [bw_dr03_decoded_serial_node]: RECEIVED /cmd_vel: linear.x=0.0, angular.z=0.0
[decoded_serial_node-3] [INFO] [1791537072.371214134] [bw_dr03_decoded_serial_node]: RECEIVED /cmd_vel: linear.x=0.0, angular.z=0.0
[decoded_serial_node-3] [INFO] [1791537072.437606991] [bw_dr03_decoded_serial_node]: RECEIVED /cmd_vel: linear.x=0.0, angular.z=0.0
[decoded_serial_node-3] [INFO] [1791537072.504519896] [bw_dr03_decoded_serial_node]: RECEIVED /cmd_vel: linear.x=0.0, angular.z=0.0
[decoded_serial_node-3] [INFO] [1791537072.570791645] [bw_dr03_decoded_serial_node]: RECEIVED /cmd_vel: linear.x=0.0, angular.z=0.0
[decoded_serial_node-3] [INFO] [1791537072.638216287] [bw_dr03_decoded_serial_node]: RECEIVED /cmd_vel: linear.x=0.0, angular.z=0.0
[decoded_serial_node-3] [INFO] [1791537072.704783680] [bw_dr03_decoded_serial_node]: RECEIVED /cmd_vel: linear.x=0.0, angular.z=0.0
[decoded_serial_node-3] [INFO] [1791537072.770509260] [bw_dr03_decoded_serial_node]: RECEIVED /cmd_vel: linear.x=0.0, angular.z=0.0
[decoded_serial_node-3] [INFO] [1791537072.837007788] [bw_dr03_decoded_serial_node]: RECEIVED /cmd_vel: linear.x=0.0, angular.z=0.0
[decoded_serial_node-3] [INFO] [1791537072.904637837] [bw_dr03_decoded_serial_node]: RECEIVED /cmd_vel: linear.x=0.0, angular.z=0.0
[decoded_serial_node-3] [INFO] [1791537072.970256558] [bw_dr03_decoded_serial_node]: RECEIVED /cmd_vel: linear.x=0.0, angular.z=0.0
[follow_planner-8] [INFO] [1791537072.970656686] [follow_planner_node]: [IDLE] disabled | d=- goc=- | v=0.000 w=0.000 | thoang=-
[decoded_serial_node-3] [INFO] [1791537073.037602835] [bw_dr03_decoded_serial_node]: RECEIVED /cmd_vel: linear.x=0.0, angular.z=0.0
[decoded_serial_node-3] [INFO] [1791537073.104140544] [bw_dr03_decoded_serial_node]: RECEIVED /cmd_vel: linear.x=0.0, angular.z=0.0
[decoded_serial_node-3] [INFO] [1791537073.170617699] [bw_dr03_decoded_serial_node]: RECEIVED /cmd_vel: linear.x=0.0, angular.z=0.0
[target_tracker-7] [INFO] [1791537073.185556625] [target_tracker_node]: muc tieu: d=1.60m goc=-20.0deg nguon=camera+lidar conf=1.00 v=0.07m/s 
[decoded_serial_node-3] [INFO] [1791537073.238093394] [bw_dr03_decoded_serial_node]: RECEIVED /cmd_vel: linear.x=0.0, angular.z=0.0
[decoded_serial_node-3] [INFO] [1791537073.304808014] [bw_dr03_decoded_serial_node]: RECEIVED /cmd_vel: linear.x=0.0, angular.z=0.0
[decoded_serial_node-3] [INFO] [1791537073.370458790] [bw_dr03_decoded_serial_node]: RECEIVED /cmd_vel: linear.x=0.0, angular.z=0.0
[decoded_serial_node-3] [INFO] [1791537073.437252961] [bw_dr03_decoded_serial_node]: RECEIVED /cmd_vel: linear.x=0.0, angular.z=0.0
[decoded_serial_node-3] [INFO] [1791537073.503696871] [bw_dr03_decoded_serial_node]: RECEIVED /cmd_vel: linear.x=0.0, angular.z=0.0
[decoded_serial_node-3] [INFO] [1791537073.570841302] [bw_dr03_decoded_serial_node]: RECEIVED /cmd_vel: linear.x=0.0, angular.z=0.0
[decoded_serial_node-3] [INFO] [1791537073.637007378] [bw_dr03_decoded_serial_node]: RECEIVED /cmd_vel: linear.x=0.0, angular.z=0.0
[decoded_serial_node-3] [INFO] [1791537073.704543627] [bw_dr03_decoded_serial_node]: RECEIVED /cmd_vel: linear.x=0.0, angular.z=0.0
[decoded_serial_node-3] [INFO] [1791537073.770598094] [bw_dr03_decoded_serial_node]: RECEIVED /cmd_vel: linear.x=0.0, angular.z=0.0
[decoded_serial_node-3] [INFO] [1791537073.838741066] [bw_dr03_decoded_serial_node]: RECEIVED /cmd_vel: linear.x=0.0, angular.z=0.0
[decoded_serial_node-3] [INFO] [1791537073.904806219] [bw_dr03_decoded_serial_node]: RECEIVED /cmd_vel: linear.x=0.0, angular.z=0.0
[decoded_serial_node-3] [INFO] [1791537073.970390505] [bw_dr03_decoded_serial_node]: RECEIVED /cmd_vel: linear.x=0.0, angular.z=0.0
[follow_planner-8] [INFO] [1791537073.970768075] [follow_planner_node]: [IDLE] disabled | d=- goc=- | v=0.000 w=0.000 | thoang=-
[decoded_serial_node-3] [INFO] [1791537074.037280848] [bw_dr03_decoded_serial_node]: RECEIVED /cmd_vel: linear.x=0.0, angular.z=0.0
[decoded_serial_node-3] [INFO] [1791537074.103908792] [bw_dr03_decoded_serial_node]: RECEIVED /cmd_vel: linear.x=0.0, angular.z=0.0
[decoded_serial_node-3] [INFO] [1791537074.170660217] [bw_dr03_decoded_serial_node]: RECEIVED /cmd_vel: linear.x=0.0, angular.z=0.0
[target_tracker-7] [INFO] [1791537074.234672483] [target_tracker_node]: muc tieu: d=1.64m goc=-3.9deg nguon=camera+lidar conf=0.98 v=0.25m/s 
[decoded_serial_node-3] [INFO] [1791537074.237121935] [bw_dr03_decoded_serial_node]: RECEIVED /cmd_vel: linear.x=0.0, angular.z=0.0
[decoded_serial_node-3] [INFO] [1791537074.304147632] [bw_dr03_decoded_serial_node]: RECEIVED /cmd_vel: linear.x=0.0, angular.z=0.0
[decoded_serial_node-3] [INFO] [1791537074.370603414] [bw_dr03_decoded_serial_node]: RECEIVED /cmd_vel: linear.x=0.0, angular.z=0.0
[decoded_serial_node-3] [INFO] [1791537074.436771862] [bw_dr03_decoded_serial_node]: RECEIVED /cmd_vel: linear.x=0.0, angular.z=0.0
[decoded_serial_node-3] [INFO] [1791537074.504816285] [bw_dr03_decoded_serial_node]: RECEIVED /cmd_vel: linear.x=0.0, angular.z=0.0
[decoded_serial_node-3] [INFO] [1791537074.570623786] [bw_dr03_decoded_serial_node]: RECEIVED /cmd_vel: linear.x=0.0, angular.z=0.0
[decoded_serial_node-3] [INFO] [1791537074.637550936] [bw_dr03_decoded_serial_node]: RECEIVED /cmd_vel: linear.x=0.0, angular.z=0.0
[decoded_serial_node-3] [INFO] [1791537074.703917668] [bw_dr03_decoded_serial_node]: RECEIVED /cmd_vel: linear.x=0.0, angular.z=0.0
[decoded_serial_node-3] [INFO] [1791537074.770293898] [bw_dr03_decoded_serial_node]: RECEIVED /cmd_vel: linear.x=0.0, angular.z=0.0
[decoded_serial_node-3] [INFO] [1791537074.838419059] [bw_dr03_decoded_serial_node]: RECEIVED /cmd_vel: linear.x=0.0, angular.z=0.0
[decoded_serial_node-3] [INFO] [1791537074.903799123] [bw_dr03_decoded_serial_node]: RECEIVED /cmd_vel: linear.x=0.0, angular.z=0.0
[decoded_serial_node-3] [INFO] [1791537074.970498306] [bw_dr03_decoded_serial_node]: RECEIVED /cmd_vel: linear.x=0.0, angular.z=0.0
[follow_planner-8] [INFO] [1791537075.036729682] [follow_planner_node]: [IDLE] disabled | d=- goc=- | v=0.000 w=0.000 | thoang=-
[decoded_serial_node-3] [INFO] [1791537075.036746305] [bw_dr03_decoded_serial_node]: RECEIVED /cmd_vel: linear.x=0.0, angular.z=0.0
[decoded_serial_node-3] [INFO] [1791537075.104174504] [bw_dr03_decoded_serial_node]: RECEIVED /cmd_vel: linear.x=0.0, angular.z=0.0
[decoded_serial_node-3] [INFO] [1791537075.170720520] [bw_dr03_decoded_serial_node]: RECEIVED /cmd_vel: linear.x=0.0, angular.z=0.0
[target_tracker-7] [INFO] [1791537075.234786214] [target_tracker_node]: muc tieu: d=1.46m goc=15.7deg nguon=camera+lidar conf=0.98 v=0.51m/s 
[decoded_serial_node-3] [INFO] [1791537075.236860471] [bw_dr03_decoded_serial_node]: RECEIVED /cmd_vel: linear.x=0.0, angular.z=0.0
[decoded_serial_node-3] [INFO] [1791537075.304175874] [bw_dr03_decoded_serial_node]: RECEIVED /cmd_vel: linear.x=0.0, angular.z=0.0
[decoded_serial_node-3] [INFO] [1791537075.370420310] [bw_dr03_decoded_serial_node]: RECEIVED /cmd_vel: linear.x=0.0, angular.z=0.0
[decoded_serial_node-3] [INFO] [1791537075.437218039] [bw_dr03_decoded_serial_node]: RECEIVED /cmd_vel: linear.x=0.0, angular.z=0.0
[follow_planner-8] [INFO] [1791537075.473344783] [follow_planner_node]: self-filter: bo 13/199 tia dap vao than xe
[decoded_serial_node-3] [INFO] [1791537075.503836482] [bw_dr03_decoded_serial_node]: RECEIVED /cmd_vel: linear.x=0.0, angular.z=0.0
[decoded_serial_node-3] [INFO] [1791537075.570469173] [bw_dr03_decoded_serial_node]: RECEIVED /cmd_vel: linear.x=0.0, angular.z=0.0
[decoded_serial_node-3] [INFO] [1791537075.637249093] [bw_dr03_decoded_serial_node]: RECEIVED /cmd_vel: linear.x=0.0, angular.z=0.0
[decoded_serial_node-3] [INFO] [1791537075.704435077] [bw_dr03_decoded_serial_node]: RECEIVED /cmd_vel: linear.x=0.0, angular.z=0.0
[decoded_serial_node-3] [INFO] [1791537075.770633207] [bw_dr03_decoded_serial_node]: RECEIVED /cmd_vel: linear.x=0.0, angular.z=0.0
[decoded_serial_node-3] [INFO] [1791537075.837550856] [bw_dr03_decoded_serial_node]: RECEIVED /cmd_vel: linear.x=0.0, angular.z=0.0
[decoded_serial_node-3] [INFO] [1791537075.904859135] [bw_dr03_decoded_serial_node]: RECEIVED /cmd_vel: linear.x=0.0, angular.z=0.0
[decoded_serial_node-3] [INFO] [1791537075.970940908] [bw_dr03_decoded_serial_node]: RECEIVED /cmd_vel: linear.x=0.0, angular.z=0.0
[follow_planner-8] [INFO] [1791537076.036858828] [follow_planner_node]: [IDLE] disabled | d=- goc=- | v=0.000 w=0.000 | thoang=-
[decoded_serial_node-3] [INFO] [1791537076.036882575] [bw_dr03_decoded_serial_node]: RECEIVED /cmd_vel: linear.x=0.0, angular.z=0.0
[decoded_serial_node-3] [INFO] [1791537076.104338080] [bw_dr03_decoded_serial_node]: RECEIVED /cmd_vel: linear.x=0.0, angular.z=0.0
[decoded_serial_node-3] [INFO] [1791537076.171249791] [bw_dr03_decoded_serial_node]: RECEIVED /cmd_vel: linear.x=0.0, angular.z=0.0
[decoded_serial_node-3] [INFO] [1791537076.237148713] [bw_dr03_decoded_serial_node]: RECEIVED /cmd_vel: linear.x=0.0, angular.z=0.0
[target_tracker-7] [INFO] [1791537076.284405443] [target_tracker_node]: muc tieu: d=1.59m goc=11.2deg nguon=camera+lidar conf=1.00 v=0.09m/s 
[decoded_serial_node-3] [INFO] [1791537076.304303826] [bw_dr03_decoded_serial_node]: RECEIVED /cmd_vel: linear.x=0.0, angular.z=0.0
[decoded_serial_node-3] [INFO] [1791537076.370467522] [bw_dr03_decoded_serial_node]: RECEIVED /cmd_vel: linear.x=0.0, angular.z=0.0
[decoded_serial_node-3] [INFO] [1791537076.437566830] [bw_dr03_decoded_serial_node]: RECEIVED /cmd_vel: linear.x=0.0, angular.z=0.0
[decoded_serial_node-3] [INFO] [1791537076.504209018] [bw_dr03_decoded_serial_node]: RECEIVED /cmd_vel: linear.x=0.0, angular.z=0.0
[decoded_serial_node-3] [INFO] [1791537076.572456470] [bw_dr03_decoded_serial_node]: RECEIVED /cmd_vel: linear.x=0.0, angular.z=0.0
[decoded_serial_node-3] [INFO] [1791537076.636783373] [bw_dr03_decoded_serial_node]: RECEIVED /cmd_vel: linear.x=0.0, angular.z=0.0
[decoded_serial_node-3] [INFO] [1791537076.703971731] [bw_dr03_decoded_serial_node]: RECEIVED /cmd_vel: linear.x=0.0, angular.z=0.0
[decoded_serial_node-3] [INFO] [1791537076.770427509] [bw_dr03_decoded_serial_node]: RECEIVED /cmd_vel: linear.x=0.0, angular.z=0.0
[decoded_serial_node-3] [INFO] [1791537076.837359404] [bw_dr03_decoded_serial_node]: RECEIVED /cmd_vel: linear.x=0.0, angular.z=0.0
[decoded_serial_node-3] [INFO] [1791537076.904907521] [bw_dr03_decoded_serial_node]: RECEIVED /cmd_vel: linear.x=0.0, angular.z=0.0
[decoded_serial_node-3] [INFO] [1791537076.970482304] [bw_dr03_decoded_serial_node]: RECEIVED /cmd_vel: linear.x=0.0, angular.z=0.0
[follow_planner-8] [INFO] [1791537077.037126866] [follow_planner_node]: [IDLE] disabled | d=- goc=- | v=0.000 w=0.000 | thoang=-
[decoded_serial_node-3] [INFO] [1791537077.037530556] [bw_dr03_decoded_serial_node]: RECEIVED /cmd_vel: linear.x=0.0, angular.z=0.0
[decoded_serial_node-3] [INFO] [1791537077.104965876] [bw_dr03_decoded_serial_node]: RECEIVED /cmd_vel: linear.x=0.0, angular.z=0.0
[decoded_serial_node-3] [INFO] [1791537077.170679574] [bw_dr03_decoded_serial_node]: RECEIVED /cmd_vel: linear.x=0.0, angular.z=0.0
[python3-4] [INFO] [1791537077.202782471] [identity_lock_node]: camera: nhan 24.9 fps (phoi sang 30 ms, do sang 79), xu ly 15.0 Hz, TB 19 ms/khung, tre tu luc chup 55.0 ms, 1 nguoi, status TRACKING
[decoded_serial_node-3] [INFO] [1791537077.236794588] [bw_dr03_decoded_serial_node]: RECEIVED /cmd_vel: linear.x=0.0, angular.z=0.0
[target_tracker-7] [INFO] [1791537077.285451173] [target_tracker_node]: muc tieu: d=1.39m goc=-2.9deg nguon=camera+lidar conf=0.98 v=0.29m/s 
[decoded_serial_node-3] [INFO] [1791537077.304820008] [bw_dr03_decoded_serial_node]: RECEIVED /cmd_vel: linear.x=0.0, angular.z=0.0
[decoded_serial_node-3] [INFO] [1791537077.370369855] [bw_dr03_decoded_serial_node]: RECEIVED /cmd_vel: linear.x=0.0, angular.z=0.0
[decoded_serial_node-3] [INFO] [1791537077.437139085] [bw_dr03_decoded_serial_node]: RECEIVED /cmd_vel: linear.x=0.0, angular.z=0.0
[decoded_serial_node-3] [INFO] [1791537077.505476772] [bw_dr03_decoded_serial_node]: RECEIVED /cmd_vel: linear.x=0.0, angular.z=0.0
[decoded_serial_node-3] [INFO] [1791537077.571664212] [bw_dr03_decoded_serial_node]: RECEIVED /cmd_vel: linear.x=0.0, angular.z=0.0
[decoded_serial_node-3] [INFO] [1791537077.636840052] [bw_dr03_decoded_serial_node]: RECEIVED /cmd_vel: linear.x=0.0, angular.z=0.0
[decoded_serial_node-3] [INFO] [1791537077.704426162] [bw_dr03_decoded_serial_node]: RECEIVED /cmd_vel: linear.x=0.0, angular.z=0.0
[decoded_serial_node-3] [INFO] [1791537077.770731148] [bw_dr03_decoded_serial_node]: RECEIVED /cmd_vel: linear.x=0.0, angular.z=0.0
[decoded_serial_node-3] [INFO] [1791537077.836848537] [bw_dr03_decoded_serial_node]: RECEIVED /cmd_vel: linear.x=0.0, angular.z=0.0
[decoded_serial_node-3] [INFO] [1791537077.904461955] [bw_dr03_decoded_serial_node]: RECEIVED /cmd_vel: linear.x=0.0, angular.z=0.0
[decoded_serial_node-3] [INFO] [1791537077.970867863] [bw_dr03_decoded_serial_node]: RECEIVED /cmd_vel: linear.x=0.0, angular.z=0.0
[decoded_serial_node-3] [INFO] [1791537078.036805965] [bw_dr03_decoded_serial_node]: RECEIVED /cmd_vel: linear.x=0.0, angular.z=0.0
[follow_planner-8] [INFO] [1791537078.103880336] [follow_planner_node]: [IDLE] disabled | d=- goc=- | v=0.000 w=0.000 | thoang=-
[decoded_serial_node-3] [INFO] [1791537078.104504869] [bw_dr03_decoded_serial_node]: RECEIVED /cmd_vel: linear.x=0.0, angular.z=0.0
[decoded_serial_node-3] [INFO] [1791537078.170825288] [bw_dr03_decoded_serial_node]: RECEIVED /cmd_vel: linear.x=0.0, angular.z=0.0
[decoded_serial_node-3] [INFO] [1791537078.237662194] [bw_dr03_decoded_serial_node]: RECEIVED /cmd_vel: linear.x=0.0, angular.z=0.0
[decoded_serial_node-3] [INFO] [1791537078.305114135] [bw_dr03_decoded_serial_node]: RECEIVED /cmd_vel: linear.x=0.0, angular.z=0.0
[target_tracker-7] [INFO] [1791537078.334560985] [target_tracker_node]: muc tieu: d=1.51m goc=-13.8deg nguon=camera+lidar conf=1.00 v=0.15m/s 
[decoded_serial_node-3] [INFO] [1791537078.370544060] [bw_dr03_decoded_serial_node]: RECEIVED /cmd_vel: linear.x=0.0, angular.z=0.0
[decoded_serial_node-3] [INFO] [1791537078.436769494] [bw_dr03_decoded_serial_node]: RECEIVED /cmd_vel: linear.x=0.0, angular.z=0.0
[follow_planner-8] [INFO] [1791537078.485636234] [follow_planner_node]: Bam nguoi: BAT
[decoded_serial_node-3] [INFO] [1791537078.514453802] [bw_dr03_decoded_serial_node]: RECEIVED /cmd_vel: linear.x=0.035, angular.z=-0.16
[decoded_serial_node-3] [INFO] [1791537078.515026093] [bw_dr03_decoded_serial_node]: SEND MOTOR CMD: cd eb d7 09 74 53 46 53 53 1e 08 00 00
[decoded_serial_node-3] [INFO] [1791537078.578329519] [bw_dr03_decoded_serial_node]: RECEIVED /cmd_vel: linear.x=0.04666666666666666, angular.z=-0.25
[decoded_serial_node-3] [INFO] [1791537078.578891124] [bw_dr03_decoded_serial_node]: SEND MOTOR CMD: cd eb d7 09 74 53 46 53 53 1e 0b 00 00
[decoded_serial_node-3] [INFO] [1791537078.645849137] [bw_dr03_decoded_serial_node]: RECEIVED /cmd_vel: linear.x=0.06999999999999999, angular.z=-0.26875000000000004
[decoded_serial_node-3] [INFO] [1791537078.646073542] [bw_dr03_decoded_serial_node]: SEND MOTOR CMD: cd eb d7 09 74 46 46 53 53 05 0f 00 00
[decoded_serial_node-3] [INFO] [1791537078.712378526] [bw_dr03_decoded_serial_node]: RECEIVED /cmd_vel: linear.x=0.09333333333333332, angular.z=-0.2757812500000001
[decoded_serial_node-3] [INFO] [1791537078.712974563] [bw_dr03_decoded_serial_node]: SEND MOTOR CMD: cd eb d7 09 74 46 46 53 53 05 12 00 00
[decoded_serial_node-3] [INFO] [1791537078.779145380] [bw_dr03_decoded_serial_node]: RECEIVED /cmd_vel: linear.x=0.11666666666666665, angular.z=-0.27841796875
[decoded_serial_node-3] [INFO] [1791537078.779512263] [bw_dr03_decoded_serial_node]: SEND MOTOR CMD: cd eb d7 09 74 46 46 53 53 07 15 00 00
[decoded_serial_node-3] [INFO] [1791537078.844309345] [bw_dr03_decoded_serial_node]: RECEIVED /cmd_vel: linear.x=0.13999999999999999, angular.z=-0.27940673828125007
[decoded_serial_node-3] [INFO] [1791537078.844547997] [bw_dr03_decoded_serial_node]: SEND MOTOR CMD: cd eb d7 09 74 46 46 53 53 0a 17 00 00
[decoded_serial_node-3] [INFO] [1791537078.911159311] [bw_dr03_decoded_serial_node]: RECEIVED /cmd_vel: linear.x=0.16333333333333333, angular.z=-0.27977752685546875
[decoded_serial_node-3] [INFO] [1791537078.911400338] [bw_dr03_decoded_serial_node]: SEND MOTOR CMD: cd eb d7 09 74 46 46 53 53 0d 1a 00 00
[decoded_serial_node-3] [INFO] [1791537078.978663494] [bw_dr03_decoded_serial_node]: RECEIVED /cmd_vel: linear.x=0.18666666666666665, angular.z=-0.2799165725708008
[decoded_serial_node-3] [INFO] [1791537078.978898584] [bw_dr03_decoded_serial_node]: SEND MOTOR CMD: cd eb d7 09 74 46 46 53 53 10 1d 00 00
[decoded_serial_node-3] [INFO] [1791537079.046071502] [bw_dr03_decoded_serial_node]: RECEIVED /cmd_vel: linear.x=0.20999999999999996, angular.z=-0.1599635004997254
[decoded_serial_node-3] [INFO] [1791537079.046307780] [bw_dr03_decoded_serial_node]: SEND MOTOR CMD: cd eb d7 09 74 46 46 53 53 15 1d 00 00
[follow_planner-8] [INFO] [1791537079.112786112] [follow_planner_node]: [FOLLOW] bam nguoi | d=1.47m goc=-9deg | v=0.220 w=-0.250 | thoang=0.50m
[decoded_serial_node-3] [INFO] [1791537079.113107877] [bw_dr03_decoded_serial_node]: RECEIVED /cmd_vel: linear.x=0.22, angular.z=-0.25
[decoded_serial_node-3] [INFO] [1791537079.113340593] [bw_dr03_decoded_serial_node]: SEND MOTOR CMD: cd eb d7 09 74 46 46 53 53 14 21 00 00
[decoded_serial_node-3] [INFO] [1791537079.181287646] [bw_dr03_decoded_serial_node]: RECEIVED /cmd_vel: linear.x=0.22, angular.z=-0.14687499999999998
[decoded_serial_node-3] [INFO] [1791537079.181512050] [bw_dr03_decoded_serial_node]: SEND MOTOR CMD: cd eb d7 09 74 46 46 53 53 17 1e 00 00
[decoded_serial_node-3] [INFO] [1791537079.246066916] [bw_dr03_decoded_serial_node]: RECEIVED /cmd_vel: linear.x=0.22, angular.z=-0.125
[decoded_serial_node-3] [INFO] [1791537079.246306755] [bw_dr03_decoded_serial_node]: SEND MOTOR CMD: cd eb d7 09 74 46 46 53 53 17 1d 00 00
[decoded_serial_node-3] [INFO] [1791537079.313408433] [bw_dr03_decoded_serial_node]: RECEIVED /cmd_vel: linear.x=0.22, angular.z=-0.125
[decoded_serial_node-3] [INFO] [1791537079.313658959] [bw_dr03_decoded_serial_node]: SEND MOTOR CMD: cd eb d7 09 74 46 46 53 53 17 1d 00 00
[decoded_serial_node-3] [INFO] [1791537079.380538607] [bw_dr03_decoded_serial_node]: RECEIVED /cmd_vel: linear.x=0.22, angular.z=-0.125
[decoded_serial_node-3] [INFO] [1791537079.380820003] [bw_dr03_decoded_serial_node]: SEND MOTOR CMD: cd eb d7 09 74 46 46 53 53 17 1d 00 00
[target_tracker-7] [INFO] [1791537079.384462716] [target_tracker_node]: muc tieu: d=1.52m goc=-7.9deg nguon=camera+lidar conf=0.98 v=0.23m/s 
[decoded_serial_node-3] [INFO] [1791537079.445620644] [bw_dr03_decoded_serial_node]: RECEIVED /cmd_vel: linear.x=0.22, angular.z=-0.125
[decoded_serial_node-3] [INFO] [1791537079.445859297] [bw_dr03_decoded_serial_node]: SEND MOTOR CMD: cd eb d7 09 74 46 46 53 53 17 1d 00 00
[decoded_serial_node-3] [INFO] [1791537079.515119532] [bw_dr03_decoded_serial_node]: RECEIVED /cmd_vel: linear.x=0.22, angular.z=-0.25
[decoded_serial_node-3] [INFO] [1791537079.515360559] [bw_dr03_decoded_serial_node]: SEND MOTOR CMD: cd eb d7 09 74 46 46 53 53 14 21 00 00
[decoded_serial_node-3] [INFO] [1791537079.580019909] [bw_dr03_decoded_serial_node]: RECEIVED /cmd_vel: linear.x=0.22, angular.z=-0.26875000000000004
[decoded_serial_node-3] [INFO] [1791537079.580281120] [bw_dr03_decoded_serial_node]: SEND MOTOR CMD: cd eb d7 09 74 46 46 53 53 14 21 00 00
[decoded_serial_node-3] [INFO] [1791537079.645093635] [bw_dr03_decoded_serial_node]: RECEIVED /cmd_vel: linear.x=0.22, angular.z=-0.15507812500000007
[decoded_serial_node-3] [INFO] [1791537079.645344161] [bw_dr03_decoded_serial_node]: SEND MOTOR CMD: cd eb d7 09 74 46 46 53 53 17 1e 00 00
[decoded_serial_node-3] [INFO] [1791537079.713371952] [bw_dr03_decoded_serial_node]: RECEIVED /cmd_vel: linear.x=0.22, angular.z=-0.125
[decoded_serial_node-3] [INFO] [1791537079.713951367] [bw_dr03_decoded_serial_node]: SEND MOTOR CMD: cd eb d7 09 74 46 46 53 53 17 1d 00 00
[decoded_serial_node-3] [INFO] [1791537079.778972851] [bw_dr03_decoded_serial_node]: RECEIVED /cmd_vel: linear.x=0.22, angular.z=0.0
[decoded_serial_node-3] [INFO] [1791537079.779231688] [bw_dr03_decoded_serial_node]: SEND MOTOR CMD: cd eb d7 09 74 46 46 53 53 1a 1a 00 00
[decoded_serial_node-3] [INFO] [1791537079.846060281] [bw_dr03_decoded_serial_node]: RECEIVED /cmd_vel: linear.x=0.22, angular.z=0.0
[decoded_serial_node-3] [INFO] [1791537079.846403418] [bw_dr03_decoded_serial_node]: SEND MOTOR CMD: cd eb d7 09 74 46 46 53 53 1a 1a 00 00
[decoded_serial_node-3] [INFO] [1791537079.913001670] [bw_dr03_decoded_serial_node]: RECEIVED /cmd_vel: linear.x=0.22, angular.z=0.0
[decoded_serial_node-3] [INFO] [1791537079.913519343] [bw_dr03_decoded_serial_node]: SEND MOTOR CMD: cd eb d7 09 74 46 46 53 53 1a 1a 00 00
[decoded_serial_node-3] [INFO] [1791537079.980214956] [bw_dr03_decoded_serial_node]: RECEIVED /cmd_vel: linear.x=0.22, angular.z=0.0
[decoded_serial_node-3] [INFO] [1791537079.980733817] [bw_dr03_decoded_serial_node]: SEND MOTOR CMD: cd eb d7 09 74 46 46 53 53 1a 1a 00 00
[decoded_serial_node-3] [INFO] [1791537080.045673375] [bw_dr03_decoded_serial_node]: RECEIVED /cmd_vel: linear.x=0.22, angular.z=0.0
[decoded_serial_node-3] [INFO] [1791537080.045914402] [bw_dr03_decoded_serial_node]: SEND MOTOR CMD: cd eb d7 09 74 46 46 53 53 1a 1a 00 00
[decoded_serial_node-3] [INFO] [1791537080.113407895] [bw_dr03_decoded_serial_node]: RECEIVED /cmd_vel: linear.x=0.22, angular.z=0.0
[decoded_serial_node-3] [INFO] [1791537080.113764093] [bw_dr03_decoded_serial_node]: SEND MOTOR CMD: cd eb d7 09 74 46 46 53 53 1a 1a 00 00
[follow_planner-8] [INFO] [1791537080.180394401] [follow_planner_node]: [FOLLOW] bam nguoi | d=1.40m goc=1deg | v=0.220 w=0.000 | thoang=0.61m
[decoded_serial_node-3] [INFO] [1791537080.181354947] [bw_dr03_decoded_serial_node]: RECEIVED /cmd_vel: linear.x=0.22, angular.z=0.0
[decoded_serial_node-3] [INFO] [1791537080.181692147] [bw_dr03_decoded_serial_node]: SEND MOTOR CMD: cd eb d7 09 74 46 46 53 53 1a 1a 00 00
[decoded_serial_node-3] [INFO] [1791537080.246877480] [bw_dr03_decoded_serial_node]: RECEIVED /cmd_vel: linear.x=0.22, angular.z=0.0
[decoded_serial_node-3] [INFO] [1791537080.247453333] [bw_dr03_decoded_serial_node]: SEND MOTOR CMD: cd eb d7 09 74 46 46 53 53 1a 1a 00 00
[decoded_serial_node-3] [INFO] [1791537080.313403304] [bw_dr03_decoded_serial_node]: RECEIVED /cmd_vel: linear.x=0.22, angular.z=0.0
[decoded_serial_node-3] [INFO] [1791537080.313995779] [bw_dr03_decoded_serial_node]: SEND MOTOR CMD: cd eb d7 09 74 46 46 53 53 1a 1a 00 00
[decoded_serial_node-3] [INFO] [1791537080.379764089] [bw_dr03_decoded_serial_node]: RECEIVED /cmd_vel: linear.x=0.22, angular.z=0.0
[decoded_serial_node-3] [INFO] [1791537080.380298385] [bw_dr03_decoded_serial_node]: SEND MOTOR CMD: cd eb d7 09 74 46 46 53 53 1a 1a 00 00
[target_tracker-7] [INFO] [1791537080.385155732] [target_tracker_node]: muc tieu: d=1.48m goc=3.6deg nguon=camera+lidar conf=1.00 v=0.51m/s 
[decoded_serial_node-3] [INFO] [1791537080.446327907] [bw_dr03_decoded_serial_node]: RECEIVED /cmd_vel: linear.x=0.22, angular.z=0.125
[decoded_serial_node-3] [INFO] [1791537080.446578432] [bw_dr03_decoded_serial_node]: SEND MOTOR CMD: cd eb d7 09 74 46 46 53 53 1d 17 00 00
[decoded_serial_node-3] [INFO] [1791537080.513354781] [bw_dr03_decoded_serial_node]: RECEIVED /cmd_vel: linear.x=0.22, angular.z=0.125
[decoded_serial_node-3] [INFO] [1791537080.513681296] [bw_dr03_decoded_serial_node]: SEND MOTOR CMD: cd eb d7 09 74 46 46 53 53 1d 17 00 00
[decoded_serial_node-3] [INFO] [1791537080.580224929] [bw_dr03_decoded_serial_node]: RECEIVED /cmd_vel: linear.x=0.22, angular.z=0.125
[decoded_serial_node-3] [INFO] [1791537080.580733104] [bw_dr03_decoded_serial_node]: SEND MOTOR CMD: cd eb d7 09 74 46 46 53 53 1d 17 00 00
[decoded_serial_node-3] [INFO] [1791537080.645718967] [bw_dr03_decoded_serial_node]: RECEIVED /cmd_vel: linear.x=0.22, angular.z=0.125
[decoded_serial_node-3] [INFO] [1791537080.645949308] [bw_dr03_decoded_serial_node]: SEND MOTOR CMD: cd eb d7 09 74 46 46 53 53 1d 17 00 00
[decoded_serial_node-3] [INFO] [1791537080.716884857] [bw_dr03_decoded_serial_node]: RECEIVED /cmd_vel: linear.x=0.22, angular.z=0.125
[decoded_serial_node-3] [INFO] [1791537080.717110449] [bw_dr03_decoded_serial_node]: SEND MOTOR CMD: cd eb d7 09 74 46 46 53 53 1d 17 00 00
[decoded_serial_node-3] [INFO] [1791537080.780045801] [bw_dr03_decoded_serial_node]: RECEIVED /cmd_vel: linear.x=0.22, angular.z=0.125
[decoded_serial_node-3] [INFO] [1791537080.780283266] [bw_dr03_decoded_serial_node]: SEND MOTOR CMD: cd eb d7 09 74 46 46 53 53 1d 17 00 00
[decoded_serial_node-3] [INFO] [1791537080.846996687] [bw_dr03_decoded_serial_node]: RECEIVED /cmd_vel: linear.x=0.22, angular.z=0.125
[decoded_serial_node-3] [INFO] [1791537080.847384942] [bw_dr03_decoded_serial_node]: SEND MOTOR CMD: cd eb d7 09 74 46 46 53 53 1d 17 00 00
[decoded_serial_node-3] [INFO] [1791537080.913990316] [bw_dr03_decoded_serial_node]: RECEIVED /cmd_vel: linear.x=0.22, angular.z=0.125
[decoded_serial_node-3] [INFO] [1791537080.914396382] [bw_dr03_decoded_serial_node]: SEND MOTOR CMD: cd eb d7 09 74 46 46 53 53 1d 17 00 00
[decoded_serial_node-3] [INFO] [1791537080.979478418] [bw_dr03_decoded_serial_node]: RECEIVED /cmd_vel: linear.x=0.22, angular.z=0.125
[decoded_serial_node-3] [INFO] [1791537080.980036460] [bw_dr03_decoded_serial_node]: SEND MOTOR CMD: cd eb d7 09 74 46 46 53 53 1d 17 00 00
[decoded_serial_node-3] [INFO] [1791537081.046208460] [bw_dr03_decoded_serial_node]: RECEIVED /cmd_vel: linear.x=0.22, angular.z=0.125
[decoded_serial_node-3] [INFO] [1791537081.046462547] [bw_dr03_decoded_serial_node]: SEND MOTOR CMD: cd eb d7 09 74 46 46 53 53 1d 17 00 00
[decoded_serial_node-3] [INFO] [1791537081.112486131] [bw_dr03_decoded_serial_node]: RECEIVED /cmd_vel: linear.x=0.22, angular.z=0.125
[decoded_serial_node-3] [INFO] [1791537081.113132036] [bw_dr03_decoded_serial_node]: SEND MOTOR CMD: cd eb d7 09 74 46 46 53 53 1d 17 00 00
[decoded_serial_node-3] [INFO] [1791537081.180055611] [bw_dr03_decoded_serial_node]: RECEIVED /cmd_vel: linear.x=0.22, angular.z=0.125
[decoded_serial_node-3] [INFO] [1791537081.180284765] [bw_dr03_decoded_serial_node]: SEND MOTOR CMD: cd eb d7 09 74 46 46 53 53 1d 17 00 00
[follow_planner-8] [INFO] [1791537081.246708477] [follow_planner_node]: [FOLLOW] bam nguoi | d=1.91m goc=4deg | v=0.220 w=0.000 | thoang=0.57m
[decoded_serial_node-3] [INFO] [1791537081.246728661] [bw_dr03_decoded_serial_node]: RECEIVED /cmd_vel: linear.x=0.22, angular.z=0.0
[decoded_serial_node-3] [INFO] [1791537081.247045677] [bw_dr03_decoded_serial_node]: SEND MOTOR CMD: cd eb d7 09 74 46 46 53 53 1a 1a 00 00
[decoded_serial_node-3] [INFO] [1791537081.314009622] [bw_dr03_decoded_serial_node]: RECEIVED /cmd_vel: linear.x=0.22, angular.z=0.0
[decoded_serial_node-3] [INFO] [1791537081.314263709] [bw_dr03_decoded_serial_node]: SEND MOTOR CMD: cd eb d7 09 74 46 46 53 53 1a 1a 00 00
[decoded_serial_node-3] [INFO] [1791537081.380337160] [bw_dr03_decoded_serial_node]: RECEIVED /cmd_vel: linear.x=0.22, angular.z=0.0
[decoded_serial_node-3] [INFO] [1791537081.380569876] [bw_dr03_decoded_serial_node]: SEND MOTOR CMD: cd eb d7 09 74 46 46 53 53 1a 1a 00 00
[target_tracker-7] [INFO] [1791537081.434348576] [target_tracker_node]: muc tieu: d=1.92m goc=2.6deg nguon=camera+lidar conf=0.98 v=0.46m/s 
[decoded_serial_node-3] [INFO] [1791537081.448883809] [bw_dr03_decoded_serial_node]: RECEIVED /cmd_vel: linear.x=0.22, angular.z=0.0
[decoded_serial_node-3] [INFO] [1791537081.449459662] [bw_dr03_decoded_serial_node]: SEND MOTOR CMD: cd eb d7 09 74 46 46 53 53 1a 1a 00 00
[decoded_serial_node-3] [INFO] [1791537081.513937348] [bw_dr03_decoded_serial_node]: RECEIVED /cmd_vel: linear.x=0.22, angular.z=0.0
[decoded_serial_node-3] [INFO] [1791537081.514411091] [bw_dr03_decoded_serial_node]: SEND MOTOR CMD: cd eb d7 09 74 46 46 53 53 1a 1a 00 00
[decoded_serial_node-3] [INFO] [1791537081.580491666] [bw_dr03_decoded_serial_node]: RECEIVED /cmd_vel: linear.x=0.22, angular.z=0.0
[decoded_serial_node-3] [INFO] [1791537081.580736255] [bw_dr03_decoded_serial_node]: SEND MOTOR CMD: cd eb d7 09 74 46 46 53 53 1a 1a 00 00
[decoded_serial_node-3] [INFO] [1791537081.645693620] [bw_dr03_decoded_serial_node]: RECEIVED /cmd_vel: linear.x=0.22, angular.z=0.0
[decoded_serial_node-3] [INFO] [1791537081.645925148] [bw_dr03_decoded_serial_node]: SEND MOTOR CMD: cd eb d7 09 74 46 46 53 53 1a 1a 00 00
[decoded_serial_node-3] [INFO] [1791537081.713278536] [bw_dr03_decoded_serial_node]: RECEIVED /cmd_vel: linear.x=0.22, angular.z=0.0
[decoded_serial_node-3] [INFO] [1791537081.713733281] [bw_dr03_decoded_serial_node]: SEND MOTOR CMD: cd eb d7 09 74 46 46 53 53 1a 1a 00 00
[decoded_serial_node-3] [INFO] [1791537081.779190510] [bw_dr03_decoded_serial_node]: RECEIVED /cmd_vel: linear.x=0.22, angular.z=0.0
[decoded_serial_node-3] [INFO] [1791537081.779646443] [bw_dr03_decoded_serial_node]: SEND MOTOR CMD: cd eb d7 09 74 46 46 53 53 1a 1a 00 00
[decoded_serial_node-3] [INFO] [1791537081.846023849] [bw_dr03_decoded_serial_node]: RECEIVED /cmd_vel: linear.x=0.22, angular.z=0.0
[decoded_serial_node-3] [INFO] [1791537081.846262502] [bw_dr03_decoded_serial_node]: SEND MOTOR CMD: cd eb d7 09 74 46 46 53 53 1a 1a 00 00
[decoded_serial_node-3] [INFO] [1791537081.914432769] [bw_dr03_decoded_serial_node]: RECEIVED /cmd_vel: linear.x=0.22, angular.z=0.0
[decoded_serial_node-3] [INFO] [1791537081.915008621] [bw_dr03_decoded_serial_node]: SEND MOTOR CMD: cd eb d7 09 74 46 46 53 53 1a 1a 00 00
[decoded_serial_node-3] [INFO] [1791537081.980116777] [bw_dr03_decoded_serial_node]: RECEIVED /cmd_vel: linear.x=0.22, angular.z=0.0
[decoded_serial_node-3] [INFO] [1791537081.980350680] [bw_dr03_decoded_serial_node]: SEND MOTOR CMD: cd eb d7 09 74 46 46 53 53 1a 1a 00 00
[decoded_serial_node-3] [INFO] [1791537082.046681779] [bw_dr03_decoded_serial_node]: RECEIVED /cmd_vel: linear.x=0.22, angular.z=0.0
[decoded_serial_node-3] [INFO] [1791537082.046913308] [bw_dr03_decoded_serial_node]: SEND MOTOR CMD: cd eb d7 09 74 46 46 53 53 1a 1a 00 00
[decoded_serial_node-3] [INFO] [1791537082.113247968] [bw_dr03_decoded_serial_node]: RECEIVED /cmd_vel: linear.x=0.22, angular.z=0.0
[decoded_serial_node-3] [INFO] [1791537082.113481871] [bw_dr03_decoded_serial_node]: SEND MOTOR CMD: cd eb d7 09 74 46 46 53 53 1a 1a 00 00
[decoded_serial_node-3] [INFO] [1791537082.180239220] [bw_dr03_decoded_serial_node]: RECEIVED /cmd_vel: linear.x=0.22, angular.z=0.0
[decoded_serial_node-3] [INFO] [1791537082.180557423] [bw_dr03_decoded_serial_node]: SEND MOTOR CMD: cd eb d7 09 74 46 46 53 53 1a 1a 00 00
[follow_planner-8] [INFO] [1791537082.245743941] [follow_planner_node]: [FOLLOW] bam nguoi | d=2.07m goc=1deg | v=0.220 w=0.000 | thoang=0.50m
[decoded_serial_node-3] [INFO] [1791537082.245779560] [bw_dr03_decoded_serial_node]: RECEIVED /cmd_vel: linear.x=0.22, angular.z=0.0
[decoded_serial_node-3] [INFO] [1791537082.246001590] [bw_dr03_decoded_serial_node]: SEND MOTOR CMD: cd eb d7 09 74 46 46 53 53 1a 1a 00 00
[decoded_serial_node-3] [INFO] [1791537082.314162357] [bw_dr03_decoded_serial_node]: RECEIVED /cmd_vel: linear.x=0.22, angular.z=0.0
[decoded_serial_node-3] [INFO] [1791537082.314714463] [bw_dr03_decoded_serial_node]: SEND MOTOR CMD: cd eb d7 09 74 46 46 53 53 1a 1a 00 00
[decoded_serial_node-3] [INFO] [1791537082.380076704] [bw_dr03_decoded_serial_node]: RECEIVED /cmd_vel: linear.x=0.22, angular.z=0.0
[decoded_serial_node-3] [INFO] [1791537082.380311795] [bw_dr03_decoded_serial_node]: SEND MOTOR CMD: cd eb d7 09 74 46 46 53 53 1a 1a 00 00
[target_tracker-7] [INFO] [1791537082.434364766] [target_tracker_node]: muc tieu: d=1.72m goc=1.5deg nguon=camera+lidar conf=0.98 v=0.67m/s 
[decoded_serial_node-3] [INFO] [1791537082.446124033] [bw_dr03_decoded_serial_node]: RECEIVED /cmd_vel: linear.x=0.22, angular.z=0.0
[decoded_serial_node-3] [INFO] [1791537082.446362685] [bw_dr03_decoded_serial_node]: SEND MOTOR CMD: cd eb d7 09 74 46 46 53 53 1a 1a 00 00
[decoded_serial_node-3] [INFO] [1791537082.515220411] [bw_dr03_decoded_serial_node]: RECEIVED /cmd_vel: linear.x=0.22, angular.z=0.0
[decoded_serial_node-3] [INFO] [1791537082.515451940] [bw_dr03_decoded_serial_node]: SEND MOTOR CMD: cd eb d7 09 74 46 46 53 53 1a 1a 00 00
[decoded_serial_node-3] [INFO] [1791537082.580113660] [bw_dr03_decoded_serial_node]: RECEIVED /cmd_vel: linear.x=0.22, angular.z=0.0
[decoded_serial_node-3] [INFO] [1791537082.580380808] [bw_dr03_decoded_serial_node]: SEND MOTOR CMD: cd eb d7 09 74 46 46 53 53 1a 1a 00 00
[decoded_serial_node-3] [INFO] [1791537082.646885256] [bw_dr03_decoded_serial_node]: RECEIVED /cmd_vel: linear.x=0.22, angular.z=0.0
[decoded_serial_node-3] [INFO] [1791537082.647127470] [bw_dr03_decoded_serial_node]: SEND MOTOR CMD: cd eb d7 09 74 46 46 53 53 1a 1a 00 00
[decoded_serial_node-3] [INFO] [1791537082.714191149] [bw_dr03_decoded_serial_node]: RECEIVED /cmd_vel: linear.x=0.22, angular.z=0.0
[decoded_serial_node-3] [INFO] [1791537082.714531911] [bw_dr03_decoded_serial_node]: SEND MOTOR CMD: cd eb d7 09 74 46 46 53 53 1a 1a 00 00
[decoded_serial_node-3] [INFO] [1791537082.781251265] [bw_dr03_decoded_serial_node]: RECEIVED /cmd_vel: linear.x=0.22, angular.z=0.0
[decoded_serial_node-3] [INFO] [1791537082.781479231] [bw_dr03_decoded_serial_node]: SEND MOTOR CMD: cd eb d7 09 74 46 46 53 53 1a 1a 00 00
[decoded_serial_node-3] [INFO] [1791537082.846322612] [bw_dr03_decoded_serial_node]: RECEIVED /cmd_vel: linear.x=0.22, angular.z=0.0
[decoded_serial_node-3] [INFO] [1791537082.846557702] [bw_dr03_decoded_serial_node]: SEND MOTOR CMD: cd eb d7 09 74 46 46 53 53 1a 1a 00 00
[decoded_serial_node-3] [INFO] [1791537082.915679015] [bw_dr03_decoded_serial_node]: RECEIVED /cmd_vel: linear.x=0.22, angular.z=0.0
[decoded_serial_node-3] [INFO] [1791537082.915914105] [bw_dr03_decoded_serial_node]: SEND MOTOR CMD: cd eb d7 09 74 46 46 53 53 1a 1a 00 00
[decoded_serial_node-3] [INFO] [1791537082.980913025] [bw_dr03_decoded_serial_node]: RECEIVED /cmd_vel: linear.x=0.22, angular.z=0.0
[decoded_serial_node-3] [INFO] [1791537082.981174237] [bw_dr03_decoded_serial_node]: SEND MOTOR CMD: cd eb d7 09 74 46 46 53 53 1a 1a 00 00
[decoded_serial_node-3] [INFO] [1791537083.046848744] [bw_dr03_decoded_serial_node]: RECEIVED /cmd_vel: linear.x=0.22, angular.z=-0.125
[decoded_serial_node-3] [INFO] [1791537083.047373541] [bw_dr03_decoded_serial_node]: SEND MOTOR CMD: cd eb d7 09 74 46 46 53 53 17 1d 00 00
[decoded_serial_node-3] [INFO] [1791537083.114548827] [bw_dr03_decoded_serial_node]: RECEIVED /cmd_vel: linear.x=0.19666666666666666, angular.z=-0.125
[decoded_serial_node-3] [INFO] [1791537083.115154362] [bw_dr03_decoded_serial_node]: SEND MOTOR CMD: cd eb d7 09 74 46 46 53 53 15 1b 00 00
[decoded_serial_node-3] [INFO] [1791537083.181049711] [bw_dr03_decoded_serial_node]: RECEIVED /cmd_vel: linear.x=0.17333333333333334, angular.z=-0.25
[decoded_serial_node-3] [INFO] [1791537083.181294300] [bw_dr03_decoded_serial_node]: SEND MOTOR CMD: cd eb d7 09 74 46 46 53 53 0f 1b 00 00
[follow_planner-8] [INFO] [1791537083.238610039] [follow_planner_node]: [FOLLOW] canh huong tai cho | d=1.07m goc=-13deg | v=0.150 w=-0.410 | thoang=-
[decoded_serial_node-3] [INFO] [1791537083.239209638] [bw_dr03_decoded_serial_node]: RECEIVED /cmd_vel: linear.x=0.15000000000000002, angular.z=-0.41000000000000003
[decoded_serial_node-3] [INFO] [1791537083.239764119] [bw_dr03_decoded_serial_node]: SEND MOTOR CMD: cd eb d7 09 74 46 46 53 53 08 1c 00 00
[decoded_serial_node-3] [INFO] [1791537083.305039684] [bw_dr03_decoded_serial_node]: RECEIVED /cmd_vel: linear.x=0.1266666666666667, angular.z=-0.5662800000000001
[decoded_serial_node-3] [INFO] [1791537083.305280711] [bw_dr03_decoded_serial_node]: SEND MOTOR CMD: cd eb d7 09 74 46 46 53 53 05 1d 00 00
[decoded_serial_node-3] [INFO] [1791537083.371211680] [bw_dr03_decoded_serial_node]: RECEIVED /cmd_vel: linear.x=0.10333333333333337, angular.z=-0.5594600000000001
[decoded_serial_node-3] [INFO] [1791537083.371447957] [bw_dr03_decoded_serial_node]: SEND MOTOR CMD: cd eb d7 09 74 53 46 53 53 1e 1a 00 00
[decoded_serial_node-3] [INFO] [1791537083.437961902] [bw_dr03_decoded_serial_node]: RECEIVED /cmd_vel: linear.x=0.08000000000000004, angular.z=-0.55154
[decoded_serial_node-3] [INFO] [1791537083.438236174] [bw_dr03_decoded_serial_node]: SEND MOTOR CMD: cd eb d7 09 74 42 46 53 53 05 17 00 00
[target_tracker-7] [INFO] [1791537083.484564408] [target_tracker_node]: muc tieu: d=0.95m goc=-14.4deg nguon=camera+lidar conf=0.98 v=0.56m/s 
[decoded_serial_node-3] [INFO] [1791537083.505340220] [bw_dr03_decoded_serial_node]: RECEIVED /cmd_vel: linear.x=0.05666666666666671, angular.z=-0.5544
[decoded_serial_node-3] [INFO] [1791537083.505571749] [bw_dr03_decoded_serial_node]: SEND MOTOR CMD: cd eb d7 09 74 42 46 53 53 06 14 00 00
[python3-4] [WARN] [1791537083.548069671] [identity_lock_node]: Anh toi (do sang 54/255) du da phoi sang toi da 30 ms: can them den, hoac dat camera_exposure_mode: auto (camera tu phoi sang lau hon nhung giam fps, nhoe hon)
[decoded_serial_node-3] [INFO] [1791537083.570713146] [bw_dr03_decoded_serial_node]: RECEIVED /cmd_vel: linear.x=0.035, angular.z=-0.49148000000000003
[decoded_serial_node-3] [INFO] [1791537083.570947049] [bw_dr03_decoded_serial_node]: SEND MOTOR CMD: cd eb d7 09 74 42 46 53 53 07 10 00 00
[decoded_serial_node-3] [INFO] [1791537083.637747140] [bw_dr03_decoded_serial_node]: RECEIVED /cmd_vel: linear.x=0.035, angular.z=-0.48114000000000007
[decoded_serial_node-3] [INFO] [1791537083.638294496] [bw_dr03_decoded_serial_node]: SEND MOTOR CMD: cd eb d7 09 74 42 46 53 53 07 10 00 00
[decoded_serial_node-3] [INFO] [1791537083.704676649] [bw_dr03_decoded_serial_node]: RECEIVED /cmd_vel: linear.x=0.0, angular.z=-0.5258
[decoded_serial_node-3] [INFO] [1791537083.705240628] [bw_dr03_decoded_serial_node]: SEND MOTOR CMD: cd eb d7 09 74 42 46 53 53 0c 0c 00 00
[decoded_serial_node-3] [INFO] [1791537083.771216715] [bw_dr03_decoded_serial_node]: RECEIVED /cmd_vel: linear.x=0.0, angular.z=-0.46288000000000007
[decoded_serial_node-3] [INFO] [1791537083.771452993] [bw_dr03_decoded_serial_node]: SEND MOTOR CMD: cd eb d7 09 74 42 46 53 53 0b 0b 00 00
[decoded_serial_node-3] [INFO] [1791537083.838649650] [bw_dr03_decoded_serial_node]: RECEIVED /cmd_vel: linear.x=0.0, angular.z=-0.59598
[decoded_serial_node-3] [INFO] [1791537083.838903737] [bw_dr03_decoded_serial_node]: SEND MOTOR CMD: cd eb d7 09 74 42 46 53 53 0e 0e 00 00
[decoded_serial_node-3] [INFO] [1791537083.905063860] [bw_dr03_decoded_serial_node]: RECEIVED /cmd_vel: linear.x=0.0, angular.z=-0.6259
[decoded_serial_node-3] [INFO] [1791537083.905295388] [bw_dr03_decoded_serial_node]: SEND MOTOR CMD: cd eb d7 09 74 42 46 53 53 0f 0f 00 00
[decoded_serial_node-3] [INFO] [1791537083.971020949] [bw_dr03_decoded_serial_node]: RECEIVED /cmd_vel: linear.x=0.0, angular.z=-0.61006
[decoded_serial_node-3] [INFO] [1791537083.971247728] [bw_dr03_decoded_serial_node]: SEND MOTOR CMD: cd eb d7 09 74 42 46 53 53 0e 0e 00 00
[decoded_serial_node-3] [INFO] [1791537084.037948083] [bw_dr03_decoded_serial_node]: RECEIVED /cmd_vel: linear.x=0.0, angular.z=-0.72006
[decoded_serial_node-3] [INFO] [1791537084.038256787] [bw_dr03_decoded_serial_node]: SEND MOTOR CMD: cd eb d7 09 74 42 46 53 53 11 11 00 00
[decoded_serial_node-3] [INFO] [1791537084.105358457] [bw_dr03_decoded_serial_node]: RECEIVED /cmd_vel: linear.x=0.0, angular.z=-0.8102600000000001
[decoded_serial_node-3] [INFO] [1791537084.105603046] [bw_dr03_decoded_serial_node]: SEND MOTOR CMD: cd eb d7 09 74 42 46 53 53 13 13 00 00
[decoded_serial_node-3] [INFO] [1791537084.171607627] [bw_dr03_decoded_serial_node]: RECEIVED /cmd_vel: linear.x=0.0, angular.z=-0.6502600000000001
[decoded_serial_node-3] [INFO] [1791537084.171829657] [bw_dr03_decoded_serial_node]: SEND MOTOR CMD: cd eb d7 09 74 42 46 53 53 0f 0f 00 00
[decoded_serial_node-3] [INFO] [1791537084.237063664] [bw_dr03_decoded_serial_node]: RECEIVED /cmd_vel: linear.x=0.0, angular.z=-0.7535000000000002
[decoded_serial_node-3] [INFO] [1791537084.237298754] [bw_dr03_decoded_serial_node]: SEND MOTOR CMD: cd eb d7 09 74 42 46 53 53 12 12 00 00
[follow_planner-8] [INFO] [1791537084.304826673] [follow_planner_node]: [FOLLOW] canh huong tai cho | d=0.54m goc=-20deg | v=0.000 w=-0.755 | thoang=-
[decoded_serial_node-3] [INFO] [1791537084.305530757] [bw_dr03_decoded_serial_node]: RECEIVED /cmd_vel: linear.x=0.0, angular.z=-0.75548
[decoded_serial_node-3] [INFO] [1791537084.305883392] [bw_dr03_decoded_serial_node]: SEND MOTOR CMD: cd eb d7 09 74 42 46 53 53 12 12 00 00
[decoded_serial_node-3] [INFO] [1791537084.370979670] [bw_dr03_decoded_serial_node]: RECEIVED /cmd_vel: linear.x=0.0, angular.z=-0.9
[decoded_serial_node-3] [INFO] [1791537084.371215948] [bw_dr03_decoded_serial_node]: SEND MOTOR CMD: cd eb d7 09 74 42 46 53 53 15 15 00 00
[decoded_serial_node-3] [INFO] [1791537084.437593349] [bw_dr03_decoded_serial_node]: RECEIVED /cmd_vel: linear.x=0.0, angular.z=-0.9
[decoded_serial_node-3] [INFO] [1791537084.438019598] [bw_dr03_decoded_serial_node]: SEND MOTOR CMD: cd eb d7 09 74 42 46 53 53 15 15 00 00
[decoded_serial_node-3] [INFO] [1791537084.505083273] [bw_dr03_decoded_serial_node]: RECEIVED /cmd_vel: linear.x=0.0, angular.z=-0.9
[decoded_serial_node-3] [INFO] [1791537084.505325488] [bw_dr03_decoded_serial_node]: SEND MOTOR CMD: cd eb d7 09 74 42 46 53 53 15 15 00 00
[target_tracker-7] [INFO] [1791537084.534403076] [target_tracker_node]: muc tieu: d=0.68m goc=-22.3deg nguon=lidar_track conf=0.75 v=0.47m/s 
[decoded_serial_node-3] [INFO] [1791537084.571020177] [bw_dr03_decoded_serial_node]: RECEIVED /cmd_vel: linear.x=0.0, angular.z=-0.8558000000000001
[decoded_serial_node-3] [INFO] [1791537084.571255267] [bw_dr03_decoded_serial_node]: SEND MOTOR CMD: cd eb d7 09 74 42 46 53 53 14 14 00 00
[decoded_serial_node-3] [INFO] [1791537084.637050879] [bw_dr03_decoded_serial_node]: RECEIVED /cmd_vel: linear.x=0.0, angular.z=-0.73568
[decoded_serial_node-3] [INFO] [1791537084.637290719] [bw_dr03_decoded_serial_node]: SEND MOTOR CMD: cd eb d7 09 74 42 46 53 53 11 11 00 00
[decoded_serial_node-3] [INFO] [1791537084.706723107] [bw_dr03_decoded_serial_node]: RECEIVED /cmd_vel: linear.x=0.0, angular.z=-0.8019000000000001
[decoded_serial_node-3] [INFO] [1791537084.706954636] [bw_dr03_decoded_serial_node]: SEND MOTOR CMD: cd eb d7 09 74 42 46 53 53 13 13 00 00
[decoded_serial_node-3] [INFO] [1791537084.770944326] [bw_dr03_decoded_serial_node]: RECEIVED /cmd_vel: linear.x=0.0, angular.z=-0.6419
[decoded_serial_node-3] [INFO] [1791537084.771174667] [bw_dr03_decoded_serial_node]: SEND MOTOR CMD: cd eb d7 09 74 42 46 53 53 0f 0f 00 00
[decoded_serial_node-3] [INFO] [1791537084.837440460] [bw_dr03_decoded_serial_node]: RECEIVED /cmd_vel: linear.x=0.0, angular.z=-0.59818
[decoded_serial_node-3] [INFO] [1791537084.838025811] [bw_dr03_decoded_serial_node]: SEND MOTOR CMD: cd eb d7 09 74 42 46 53 53 0e 0e 00 00
[decoded_serial_node-3] [INFO] [1791537084.904482763] [bw_dr03_decoded_serial_node]: RECEIVED /cmd_vel: linear.x=0.0, angular.z=-0.52558
[decoded_serial_node-3] [INFO] [1791537084.904762972] [bw_dr03_decoded_serial_node]: SEND MOTOR CMD: cd eb d7 09 74 42 46 53 53 0c 0c 00 00
[decoded_serial_node-3] [INFO] [1791537084.970904095] [bw_dr03_decoded_serial_node]: RECEIVED /cmd_vel: linear.x=0.0, angular.z=-0.36558
[decoded_serial_node-3] [INFO] [1791537084.971139186] [bw_dr03_decoded_serial_node]: SEND MOTOR CMD: cd eb d7 09 74 42 46 53 53 08 08 00 00
[decoded_serial_node-3] [INFO] [1791537085.037851412] [bw_dr03_decoded_serial_node]: RECEIVED /cmd_vel: linear.x=0.0, angular.z=-0.34804000000000007
[decoded_serial_node-3] [INFO] [1791537085.038423702] [bw_dr03_decoded_serial_node]: SEND MOTOR CMD: cd eb d7 09 74 42 46 53 53 08 08 00 00
[decoded_serial_node-3] [INFO] [1791537085.104251370] [bw_dr03_decoded_serial_node]: RECEIVED /cmd_vel: linear.x=0.0, angular.z=-0.4026
[decoded_serial_node-3] [INFO] [1791537085.104835534] [bw_dr03_decoded_serial_node]: SEND MOTOR CMD: cd eb d7 09 74 42 46 53 53 09 09 00 00
[decoded_serial_node-3] [INFO] [1791537085.170753439] [bw_dr03_decoded_serial_node]: RECEIVED /cmd_vel: linear.x=0.0, angular.z=-0.2426
[decoded_serial_node-3] [INFO] [1791537085.170984967] [bw_dr03_decoded_serial_node]: SEND MOTOR CMD: cd eb d7 09 74 42 46 53 53 05 05 00 00
[decoded_serial_node-3] [INFO] [1791537085.237013293] [bw_dr03_decoded_serial_node]: RECEIVED /cmd_vel: linear.x=0.0, angular.z=-0.21516000000000002
[decoded_serial_node-3] [INFO] [1791537085.237242447] [bw_dr03_decoded_serial_node]: SEND MOTOR CMD: cd eb d7 09 74 42 46 53 53 05 05 00 00
[decoded_serial_node-3] [INFO] [1791537085.303996229] [bw_dr03_decoded_serial_node]: RECEIVED /cmd_vel: linear.x=0.0, angular.z=-0.21054
[decoded_serial_node-3] [INFO] [1791537085.304312057] [bw_dr03_decoded_serial_node]: SEND MOTOR CMD: cd eb d7 09 74 42 46 53 53 05 05 00 00
[decoded_serial_node-3] [INFO] [1791537085.370904362] [bw_dr03_decoded_serial_node]: RECEIVED /cmd_vel: linear.x=0.0, angular.z=-0.1
[decoded_serial_node-3] [INFO] [1791537085.371132329] [bw_dr03_decoded_serial_node]: SEND MOTOR CMD: cd eb d7 09 74 42 46 53 53 05 05 00 00
[follow_planner-8] [INFO] [1791537085.371241563] [follow_planner_node]: [FOLLOW] canh huong tai cho | d=0.64m goc=4deg | v=0.000 w=-0.100 | thoang=-
[decoded_serial_node-3] [INFO] [1791537085.437007490] [bw_dr03_decoded_serial_node]: RECEIVED /cmd_vel: linear.x=0.0, angular.z=0.10946
[decoded_serial_node-3] [INFO] [1791537085.437253266] [bw_dr03_decoded_serial_node]: SEND MOTOR CMD: cd eb d7 09 74 46 42 53 53 05 05 00 00
[decoded_serial_node-3] [INFO] [1791537085.504698071] [bw_dr03_decoded_serial_node]: RECEIVED /cmd_vel: linear.x=0.0, angular.z=0.26946000000000003
[decoded_serial_node-3] [INFO] [1791537085.504936723] [bw_dr03_decoded_serial_node]: SEND MOTOR CMD: cd eb d7 09 74 46 42 53 53 06 06 00 00
[follow_planner-8] [INFO] [1791537085.506692777] [follow_planner_node]: self-filter: bo 13/204 tia dap vao than xe
[decoded_serial_node-3] [INFO] [1791537085.570903308] [bw_dr03_decoded_serial_node]: RECEIVED /cmd_vel: linear.x=0.0, angular.z=0.41514000000000006
[decoded_serial_node-3] [INFO] [1791537085.571140773] [bw_dr03_decoded_serial_node]: SEND MOTOR CMD: cd eb d7 09 74 46 42 53 53 0a 0a 00 00
[target_tracker-7] [INFO] [1791537085.584222719] [target_tracker_node]: muc tieu: d=0.70m goc=12.0deg nguon=lidar_track conf=0.75 v=0.27m/s 
[decoded_serial_node-3] [INFO] [1791537085.637458807] [bw_dr03_decoded_serial_node]: RECEIVED /cmd_vel: linear.x=0.0, angular.z=0.25514000000000003
[decoded_serial_node-3] [INFO] [1791537085.637896929] [bw_dr03_decoded_serial_node]: SEND MOTOR CMD: cd eb d7 09 74 46 42 53 53 06 06 00 00
[decoded_serial_node-3] [INFO] [1791537085.706340274] [bw_dr03_decoded_serial_node]: RECEIVED /cmd_vel: linear.x=0.0, angular.z=0.1
[decoded_serial_node-3] [INFO] [1791537085.706559929] [bw_dr03_decoded_serial_node]: SEND MOTOR CMD: cd eb d7 09 74 46 42 53 53 05 05 00 00
[decoded_serial_node-3] [INFO] [1791537085.771551721] [bw_dr03_decoded_serial_node]: RECEIVED /cmd_vel: linear.x=0.0, angular.z=0.25514000000000003
[decoded_serial_node-3] [INFO] [1791537085.771783249] [bw_dr03_decoded_serial_node]: SEND MOTOR CMD: cd eb d7 09 74 46 42 53 53 06 06 00 00
[decoded_serial_node-3] [INFO] [1791537085.836931767] [bw_dr03_decoded_serial_node]: RECEIVED /cmd_vel: linear.x=0.0, angular.z=0.2827
[decoded_serial_node-3] [INFO] [1791537085.837411447] [bw_dr03_decoded_serial_node]: SEND MOTOR CMD: cd eb d7 09 74 46 42 53 53 06 06 00 00
[decoded_serial_node-3] [INFO] [1791537085.904913243] [bw_dr03_decoded_serial_node]: RECEIVED /cmd_vel: linear.x=0.0, angular.z=0.25256
[decoded_serial_node-3] [INFO] [1791537085.905542525] [bw_dr03_decoded_serial_node]: SEND MOTOR CMD: cd eb d7 09 74 46 42 53 53 06 06 00 00
[decoded_serial_node-3] [INFO] [1791537085.970952255] [bw_dr03_decoded_serial_node]: RECEIVED /cmd_vel: linear.x=0.0, angular.z=0.3357200000000001
[decoded_serial_node-3] [INFO] [1791537085.971269271] [bw_dr03_decoded_serial_node]: SEND MOTOR CMD: cd eb d7 09 74 46 42 53 53 08 08 00 00
[decoded_serial_node-3] [INFO] [1791537086.037318968] [bw_dr03_decoded_serial_node]: RECEIVED /cmd_vel: linear.x=0.0, angular.z=0.30008
[decoded_serial_node-3] [INFO] [1791537086.037776088] [bw_dr03_decoded_serial_node]: SEND MOTOR CMD: cd eb d7 09 74 46 42 53 53 07 07 00 00
[decoded_serial_node-3] [INFO] [1791537086.104503746] [bw_dr03_decoded_serial_node]: RECEIVED /cmd_vel: linear.x=0.0, angular.z=0.31328
[decoded_serial_node-3] [INFO] [1791537086.104785142] [bw_dr03_decoded_serial_node]: SEND MOTOR CMD: cd eb d7 09 74 46 42 53 53 07 07 00 00
[decoded_serial_node-3] [INFO] [1791537086.170694734] [bw_dr03_decoded_serial_node]: RECEIVED /cmd_vel: linear.x=0.0, angular.z=0.46156
[decoded_serial_node-3] [INFO] [1791537086.170945260] [bw_dr03_decoded_serial_node]: SEND MOTOR CMD: cd eb d7 09 74 46 42 53 53 0b 0b 00 00
[decoded_serial_node-3] [INFO] [1791537086.237410520] [bw_dr03_decoded_serial_node]: RECEIVED /cmd_vel: linear.x=0.0, angular.z=0.44308000000000003
[decoded_serial_node-3] [INFO] [1791537086.237871202] [bw_dr03_decoded_serial_node]: SEND MOTOR CMD: cd eb d7 09 74 46 42 53 53 0a 0a 00 00
[decoded_serial_node-3] [INFO] [1791537086.304950309] [bw_dr03_decoded_serial_node]: RECEIVED /cmd_vel: linear.x=0.0, angular.z=0.48400000000000004
[decoded_serial_node-3] [INFO] [1791537086.305551095] [bw_dr03_decoded_serial_node]: SEND MOTOR CMD: cd eb d7 09 74 46 42 53 53 0b 0b 00 00
[decoded_serial_node-3] [INFO] [1791537086.371150795] [bw_dr03_decoded_serial_node]: RECEIVED /cmd_vel: linear.x=0.0, angular.z=0.644
[follow_planner-8] [INFO] [1791537086.371235095] [follow_planner_node]: [OCCLUDED] nguoi ra khoi camera — xoay ve huong nho cuoi | d=0.71m goc=21deg | v=0.000 w=0.644 | thoang=-
[decoded_serial_node-3] [INFO] [1791537086.371378762] [bw_dr03_decoded_serial_node]: SEND MOTOR CMD: cd eb d7 09 74 46 42 53 53 0f 0f 00 00
[decoded_serial_node-3] [INFO] [1791537086.437014081] [bw_dr03_decoded_serial_node]: RECEIVED /cmd_vel: linear.x=0.0, angular.z=0.76956
[decoded_serial_node-3] [INFO] [1791537086.437573311] [bw_dr03_decoded_serial_node]: SEND MOTOR CMD: cd eb d7 09 74 46 42 53 53 12 12 00 00
[decoded_serial_node-3] [INFO] [1791537086.505451488] [bw_dr03_decoded_serial_node]: RECEIVED /cmd_vel: linear.x=0.0, angular.z=0.75504
[decoded_serial_node-3] [INFO] [1791537086.505702014] [bw_dr03_decoded_serial_node]: SEND MOTOR CMD: cd eb d7 09 74 46 42 53 53 12 12 00 00
[decoded_serial_node-3] [INFO] [1791537086.570844594] [bw_dr03_decoded_serial_node]: RECEIVED /cmd_vel: linear.x=0.0, angular.z=0.88946
[decoded_serial_node-3] [INFO] [1791537086.571079684] [bw_dr03_decoded_serial_node]: SEND MOTOR CMD: cd eb d7 09 74 46 42 53 53 15 15 00 00
[target_tracker-7] [INFO] [1791537086.585004630] [target_tracker_node]: muc tieu: d=0.76m goc=22.5deg nguon=lidar_track conf=0.75 v=0.56m/s 
[decoded_serial_node-3] [INFO] [1791537086.637467768] [bw_dr03_decoded_serial_node]: RECEIVED /cmd_vel: linear.x=0.0, angular.z=0.7656000000000001
[decoded_serial_node-3] [INFO] [1791537086.637717106] [bw_dr03_decoded_serial_node]: SEND MOTOR CMD: cd eb d7 09 74 46 42 53 53 12 12 00 00
[decoded_serial_node-3] [INFO] [1791537086.704453076] [bw_dr03_decoded_serial_node]: RECEIVED /cmd_vel: linear.x=0.0, angular.z=0.8192800000000001
[decoded_serial_node-3] [INFO] [1791537086.704784340] [bw_dr03_decoded_serial_node]: SEND MOTOR CMD: cd eb d7 09 74 46 42 53 53 13 13 00 00
[decoded_serial_node-3] [INFO] [1791537086.771364770] [bw_dr03_decoded_serial_node]: RECEIVED /cmd_vel: linear.x=0.0, angular.z=0.67188
[decoded_serial_node-3] [INFO] [1791537086.771681786] [bw_dr03_decoded_serial_node]: SEND MOTOR CMD: cd eb d7 09 74 46 42 53 53 10 10 00 00
[decoded_serial_node-3] [INFO] [1791537086.837320668] [bw_dr03_decoded_serial_node]: RECEIVED /cmd_vel: linear.x=0.0, angular.z=0.7227000000000001
[decoded_serial_node-3] [INFO] [1791537086.837612750] [bw_dr03_decoded_serial_node]: SEND MOTOR CMD: cd eb d7 09 74 46 42 53 53 11 11 00 00
[decoded_serial_node-3] [INFO] [1791537086.905236839] [bw_dr03_decoded_serial_node]: RECEIVED /cmd_vel: linear.x=0.0, angular.z=0.6320600000000001
[decoded_serial_node-3] [INFO] [1791537086.905470742] [bw_dr03_decoded_serial_node]: SEND MOTOR CMD: cd eb d7 09 74 46 42 53 53 0f 0f 00 00
[decoded_serial_node-3] [INFO] [1791537086.971191549] [bw_dr03_decoded_serial_node]: RECEIVED /cmd_vel: linear.x=0.0, angular.z=0.48224000000000006
[decoded_serial_node-3] [INFO] [1791537086.971429014] [bw_dr03_decoded_serial_node]: SEND MOTOR CMD: cd eb d7 09 74 46 42 53 53 0b 0b 00 00
[decoded_serial_node-3] [INFO] [1791537087.037108264] [bw_dr03_decoded_serial_node]: RECEIVED /cmd_vel: linear.x=0.0, angular.z=0.45254
[decoded_serial_node-3] [INFO] [1791537087.037709050] [bw_dr03_decoded_serial_node]: SEND MOTOR CMD: cd eb d7 09 74 46 42 53 53 0b 0b 00 00
[decoded_serial_node-3] [INFO] [1791537087.105477991] [bw_dr03_decoded_serial_node]: RECEIVED /cmd_vel: linear.x=0.0, angular.z=0.38478
[decoded_serial_node-3] [INFO] [1791537087.105723767] [bw_dr03_decoded_serial_node]: SEND MOTOR CMD: cd eb d7 09 74 46 42 53 53 09 09 00 00
[decoded_serial_node-3] [INFO] [1791537087.171501565] [bw_dr03_decoded_serial_node]: RECEIVED /cmd_vel: linear.x=0.0, angular.z=0.54478
[decoded_serial_node-3] [INFO] [1791537087.171756839] [bw_dr03_decoded_serial_node]: SEND MOTOR CMD: cd eb d7 09 74 46 42 53 53 0d 0d 00 00
[python3-4] [INFO] [1791537087.202848128] [identity_lock_node]: camera: nhan 24.7 fps (phoi sang 30 ms, do sang 59), xu ly 14.9 Hz, TB 20 ms/khung, tre tu luc chup 53.4 ms, 1 nguoi, status TRACKING
[decoded_serial_node-3] [INFO] [1791537087.237094139] [bw_dr03_decoded_serial_node]: RECEIVED /cmd_vel: linear.x=0.0, angular.z=0.57354
[decoded_serial_node-3] [INFO] [1791537087.237319731] [bw_dr03_decoded_serial_node]: SEND MOTOR CMD: cd eb d7 09 74 46 42 53 53 0d 0d 00 00
[decoded_serial_node-3] [INFO] [1791537087.304956879] [bw_dr03_decoded_serial_node]: RECEIVED /cmd_vel: linear.x=0.0, angular.z=0.63668
[decoded_serial_node-3] [INFO] [1791537087.305184845] [bw_dr03_decoded_serial_node]: SEND MOTOR CMD: cd eb d7 09 74 46 42 53 53 0f 0f 00 00
[decoded_serial_node-3] [INFO] [1791537087.371010135] [bw_dr03_decoded_serial_node]: RECEIVED /cmd_vel: linear.x=0.0, angular.z=0.68332
[decoded_serial_node-3] [INFO] [1791537087.371241664] [bw_dr03_decoded_serial_node]: SEND MOTOR CMD: cd eb d7 09 74 46 42 53 53 10 10 00 00
[follow_planner-8] [INFO] [1791537087.436963657] [follow_planner_node]: [FOLLOW] canh huong tai cho | d=0.94m goc=18deg | v=0.000 w=0.701 | thoang=-
[decoded_serial_node-3] [INFO] [1791537087.437381595] [bw_dr03_decoded_serial_node]: RECEIVED /cmd_vel: linear.x=0.0, angular.z=0.7007000000000001
[decoded_serial_node-3] [INFO] [1791537087.437913517] [bw_dr03_decoded_serial_node]: SEND MOTOR CMD: cd eb d7 09 74 46 42 53 53 11 11 00 00
[decoded_serial_node-3] [INFO] [1791537087.504919008] [bw_dr03_decoded_serial_node]: RECEIVED /cmd_vel: linear.x=0.0, angular.z=0.66
[decoded_serial_node-3] [INFO] [1791537087.505222963] [bw_dr03_decoded_serial_node]: SEND MOTOR CMD: cd eb d7 09 74 46 42 53 53 10 10 00 00
[decoded_serial_node-3] [INFO] [1791537087.570978201] [bw_dr03_decoded_serial_node]: RECEIVED /cmd_vel: linear.x=0.0, angular.z=0.8200000000000001
[decoded_serial_node-3] [INFO] [1791537087.571360519] [bw_dr03_decoded_serial_node]: SEND MOTOR CMD: cd eb d7 09 74 46 42 53 53 14 14 00 00
[target_tracker-7] [INFO] [1791537087.634552323] [target_tracker_node]: muc tieu: d=1.08m goc=14.9deg nguon=camera+lidar conf=1.00 v=0.55m/s 
[decoded_serial_node-3] [INFO] [1791537087.637043331] [bw_dr03_decoded_serial_node]: RECEIVED /cmd_vel: linear.x=0.0, angular.z=0.66
[decoded_serial_node-3] [INFO] [1791537087.637551506] [bw_dr03_decoded_serial_node]: SEND MOTOR CMD: cd eb d7 09 74 46 42 53 53 10 10 00 00
[decoded_serial_node-3] [INFO] [1791537087.704299347] [bw_dr03_decoded_serial_node]: RECEIVED /cmd_vel: linear.x=0.0, angular.z=0.60698
[decoded_serial_node-3] [INFO] [1791537087.704532063] [bw_dr03_decoded_serial_node]: SEND MOTOR CMD: cd eb d7 09 74 46 42 53 53 0e 0e 00 00
[decoded_serial_node-3] [INFO] [1791537087.771199166] [bw_dr03_decoded_serial_node]: RECEIVED /cmd_vel: linear.x=0.0, angular.z=0.44697999999999993
[decoded_serial_node-3] [INFO] [1791537087.771601670] [bw_dr03_decoded_serial_node]: SEND MOTOR CMD: cd eb d7 09 74 46 42 53 53 0a 0a 00 00
[decoded_serial_node-3] [INFO] [1791537087.847178459] [bw_dr03_decoded_serial_node]: RECEIVED /cmd_vel: linear.x=0.035, angular.z=0.2869799999999999
[decoded_serial_node-3] [INFO] [1791537087.847411175] [bw_dr03_decoded_serial_node]: SEND MOTOR CMD: cd eb d7 09 74 46 42 53 53 0b 05 00 00
[decoded_serial_node-3] [INFO] [1791537087.914181575] [bw_dr03_decoded_serial_node]: RECEIVED /cmd_vel: linear.x=0.04666666666666666, angular.z=0.1269799999999999
[decoded_serial_node-3] [INFO] [1791537087.914466533] [bw_dr03_decoded_serial_node]: SEND MOTOR CMD: cd eb d7 09 74 46 46 53 53 08 05 00 00
[decoded_serial_node-3] [INFO] [1791537087.980433115] [bw_dr03_decoded_serial_node]: RECEIVED /cmd_vel: linear.x=0.06999999999999999, angular.z=0.0
[decoded_serial_node-3] [INFO] [1791537087.980681266] [bw_dr03_decoded_serial_node]: SEND MOTOR CMD: cd eb d7 09 74 46 46 53 53 08 08 00 00
[decoded_serial_node-3] [INFO] [1791537088.046847317] [bw_dr03_decoded_serial_node]: RECEIVED /cmd_vel: linear.x=0.09333333333333332, angular.z=0.125
[decoded_serial_node-3] [INFO] [1791537088.047172644] [bw_dr03_decoded_serial_node]: SEND MOTOR CMD: cd eb d7 09 74 46 46 53 53 0e 08 00 00
[decoded_serial_node-3] [INFO] [1791537088.114738551] [bw_dr03_decoded_serial_node]: RECEIVED /cmd_vel: linear.x=0.11666666666666665, angular.z=0.125
[decoded_serial_node-3] [INFO] [1791537088.115057942] [bw_dr03_decoded_serial_node]: SEND MOTOR CMD: cd eb d7 09 74 46 46 53 53 11 0b 00 00
[decoded_serial_node-3] [INFO] [1791537088.180731253] [bw_dr03_decoded_serial_node]: RECEIVED /cmd_vel: linear.x=0.13999999999999999, angular.z=0.125
[decoded_serial_node-3] [INFO] [1791537088.180973467] [bw_dr03_decoded_serial_node]: SEND MOTOR CMD: cd eb d7 09 74 46 46 53 53 14 0e 00 00
[decoded_serial_node-3] [INFO] [1791537088.247299806] [bw_dr03_decoded_serial_node]: RECEIVED /cmd_vel: linear.x=0.16333333333333333, angular.z=0.125
[decoded_serial_node-3] [INFO] [1791537088.247893469] [bw_dr03_decoded_serial_node]: SEND MOTOR CMD: cd eb d7 09 74 46 46 53 53 17 10 00 00
[decoded_serial_node-3] [INFO] [1791537088.315213599] [bw_dr03_decoded_serial_node]: RECEIVED /cmd_vel: linear.x=0.18666666666666665, angular.z=0.125
[decoded_serial_node-3] [INFO] [1791537088.315530615] [bw_dr03_decoded_serial_node]: SEND MOTOR CMD: cd eb d7 09 74 46 46 53 53 19 13 00 00
[decoded_serial_node-3] [INFO] [1791537088.384439386] [bw_dr03_decoded_serial_node]: RECEIVED /cmd_vel: linear.x=0.20999999999999996, angular.z=0.125
[decoded_serial_node-3] [INFO] [1791537088.384903630] [bw_dr03_decoded_serial_node]: SEND MOTOR CMD: cd eb d7 09 74 46 46 53 53 1c 16 00 00
[follow_planner-8] [INFO] [1791537088.448524057] [follow_planner_node]: [FOLLOW] bam nguoi | d=1.54m goc=4deg | v=0.220 w=0.000 | thoang=0.34m
[decoded_serial_node-3] [INFO] [1791537088.449064289] [bw_dr03_decoded_serial_node]: RECEIVED /cmd_vel: linear.x=0.22, angular.z=0.0
[decoded_serial_node-3] [INFO] [1791537088.449534470] [bw_dr03_decoded_serial_node]: SEND MOTOR CMD: cd eb d7 09 74 46 46 53 53 1a 1a 00 00
[decoded_serial_node-3] [INFO] [1791537088.515572290] [bw_dr03_decoded_serial_node]: RECEIVED /cmd_vel: linear.x=0.22, angular.z=0.0
[decoded_serial_node-3] [INFO] [1791537088.515816879] [bw_dr03_decoded_serial_node]: SEND MOTOR CMD: cd eb d7 09 74 46 46 53 53 1a 1a 00 00
[decoded_serial_node-3] [INFO] [1791537088.582092163] [bw_dr03_decoded_serial_node]: RECEIVED /cmd_vel: linear.x=0.22, angular.z=0.0
[decoded_serial_node-3] [INFO] [1791537088.582792685] [bw_dr03_decoded_serial_node]: SEND MOTOR CMD: cd eb d7 09 74 46 46 53 53 1a 1a 00 00
[decoded_serial_node-3] [INFO] [1791537088.647543445] [bw_dr03_decoded_serial_node]: RECEIVED /cmd_vel: linear.x=0.22, angular.z=0.0
[decoded_serial_node-3] [INFO] [1791537088.648337765] [bw_dr03_decoded_serial_node]: SEND MOTOR CMD: cd eb d7 09 74 46 46 53 53 1a 1a 00 00
[target_tracker-7] [INFO] [1791537088.685065284] [target_tracker_node]: muc tieu: d=1.73m goc=0.3deg nguon=camera+lidar conf=0.98 v=0.88m/s 
[decoded_serial_node-3] [INFO] [1791537088.715302885] [bw_dr03_decoded_serial_node]: RECEIVED /cmd_vel: linear.x=0.22, angular.z=0.0
[decoded_serial_node-3] [INFO] [1791537088.715537976] [bw_dr03_decoded_serial_node]: SEND MOTOR CMD: cd eb d7 09 74 46 46 53 53 1a 1a 00 00
[decoded_serial_node-3] [INFO] [1791537088.782094656] [bw_dr03_decoded_serial_node]: RECEIVED /cmd_vel: linear.x=0.22, angular.z=0.0
[decoded_serial_node-3] [INFO] [1791537088.782681195] [bw_dr03_decoded_serial_node]: SEND MOTOR CMD: cd eb d7 09 74 46 46 53 53 1a 1a 00 00
[decoded_serial_node-3] [INFO] [1791537088.848970727] [bw_dr03_decoded_serial_node]: RECEIVED /cmd_vel: linear.x=0.22, angular.z=0.0
[decoded_serial_node-3] [INFO] [1791537088.849293680] [bw_dr03_decoded_serial_node]: SEND MOTOR CMD: cd eb d7 09 74 46 46 53 53 1a 1a 00 00
[decoded_serial_node-3] [INFO] [1791537088.915542843] [bw_dr03_decoded_serial_node]: RECEIVED /cmd_vel: linear.x=0.22, angular.z=0.0
[decoded_serial_node-3] [INFO] [1791537088.915795744] [bw_dr03_decoded_serial_node]: SEND MOTOR CMD: cd eb d7 09 74 46 46 53 53 1a 1a 00 00
[decoded_serial_node-3] [INFO] [1791537088.981561666] [bw_dr03_decoded_serial_node]: RECEIVED /cmd_vel: linear.x=0.22, angular.z=0.0
[decoded_serial_node-3] [INFO] [1791537088.981807442] [bw_dr03_decoded_serial_node]: SEND MOTOR CMD: cd eb d7 09 74 46 46 53 53 1a 1a 00 00
[decoded_serial_node-3] [INFO] [1791537089.048803432] [bw_dr03_decoded_serial_node]: RECEIVED /cmd_vel: linear.x=0.22, angular.z=0.0
[decoded_serial_node-3] [INFO] [1791537089.049355538] [bw_dr03_decoded_serial_node]: SEND MOTOR CMD: cd eb d7 09 74 46 46 53 53 1a 1a 00 00
[decoded_serial_node-3] [INFO] [1791537089.115763801] [bw_dr03_decoded_serial_node]: RECEIVED /cmd_vel: linear.x=0.22, angular.z=0.0
[decoded_serial_node-3] [INFO] [1791537089.116001266] [bw_dr03_decoded_serial_node]: SEND MOTOR CMD: cd eb d7 09 74 46 46 53 53 1a 1a 00 00
[decoded_serial_node-3] [INFO] [1791537089.180857696] [bw_dr03_decoded_serial_node]: RECEIVED /cmd_vel: linear.x=0.22, angular.z=0.0
[decoded_serial_node-3] [INFO] [1791537089.181107034] [bw_dr03_decoded_serial_node]: SEND MOTOR CMD: cd eb d7 09 74 46 46 53 53 1a 1a 00 00
[decoded_serial_node-3] [INFO] [1791537089.247104483] [bw_dr03_decoded_serial_node]: RECEIVED /cmd_vel: linear.x=0.22, angular.z=0.0
[decoded_serial_node-3] [INFO] [1791537089.247674399] [bw_dr03_decoded_serial_node]: SEND MOTOR CMD: cd eb d7 09 74 46 46 53 53 1a 1a 00 00
[decoded_serial_node-3] [INFO] [1791537089.314098098] [bw_dr03_decoded_serial_node]: RECEIVED /cmd_vel: linear.x=0.22, angular.z=0.0
[decoded_serial_node-3] [INFO] [1791537089.314634769] [bw_dr03_decoded_serial_node]: SEND MOTOR CMD: cd eb d7 09 74 46 46 53 53 1a 1a 00 00
[decoded_serial_node-3] [INFO] [1791537089.381178387] [bw_dr03_decoded_serial_node]: RECEIVED /cmd_vel: linear.x=0.22, angular.z=0.0
[decoded_serial_node-3] [INFO] [1791537089.381402792] [bw_dr03_decoded_serial_node]: SEND MOTOR CMD: cd eb d7 09 74 46 46 53 53 1a 1a 00 00
[decoded_serial_node-3] [INFO] [1791537089.446867132] [bw_dr03_decoded_serial_node]: RECEIVED /cmd_vel: linear.x=0.22, angular.z=0.0
[decoded_serial_node-3] [INFO] [1791537089.447397866] [bw_dr03_decoded_serial_node]: SEND MOTOR CMD: cd eb d7 09 74 46 46 53 53 1a 1a 00 00
[follow_planner-8] [INFO] [1791537089.514269186] [follow_planner_node]: [FOLLOW] bam nguoi | d=1.97m goc=-0deg | v=0.220 w=0.000 | thoang=0.34m
[decoded_serial_node-3] [INFO] [1791537089.514840289] [bw_dr03_decoded_serial_node]: RECEIVED /cmd_vel: linear.x=0.22, angular.z=0.0
[decoded_serial_node-3] [INFO] [1791537089.515235669] [bw_dr03_decoded_serial_node]: SEND MOTOR CMD: cd eb d7 09 74 46 46 53 53 1a 1a 00 00
[decoded_serial_node-3] [INFO] [1791537089.581401718] [bw_dr03_decoded_serial_node]: RECEIVED /cmd_vel: linear.x=0.22, angular.z=0.0
[decoded_serial_node-3] [INFO] [1791537089.581645119] [bw_dr03_decoded_serial_node]: SEND MOTOR CMD: cd eb d7 09 74 46 46 53 53 1a 1a 00 00
[decoded_serial_node-3] [INFO] [1791537089.647083338] [bw_dr03_decoded_serial_node]: RECEIVED /cmd_vel: linear.x=0.22, angular.z=0.0
[decoded_serial_node-3] [INFO] [1791537089.647478718] [bw_dr03_decoded_serial_node]: SEND MOTOR CMD: cd eb d7 09 74 46 46 53 53 1a 1a 00 00
[target_tracker-7] [INFO] [1791537089.684903195] [target_tracker_node]: muc tieu: d=2.00m goc=-2.1deg nguon=camera+bbox conf=0.83 v=0.58m/s 
[decoded_serial_node-3] [INFO] [1791537089.713315878] [bw_dr03_decoded_serial_node]: RECEIVED /cmd_vel: linear.x=0.22, angular.z=0.0
[decoded_serial_node-3] [INFO] [1791537089.713559279] [bw_dr03_decoded_serial_node]: SEND MOTOR CMD: cd eb d7 09 74 46 46 53 53 1a 1a 00 00
[decoded_serial_node-3] [INFO] [1791537089.780253688] [bw_dr03_decoded_serial_node]: RECEIVED /cmd_vel: linear.x=0.22, angular.z=0.0
[decoded_serial_node-3] [INFO] [1791537089.780564767] [bw_dr03_decoded_serial_node]: SEND MOTOR CMD: cd eb d7 09 74 46 46 53 53 1a 1a 00 00
[decoded_serial_node-3] [INFO] [1791537089.847082264] [bw_dr03_decoded_serial_node]: RECEIVED /cmd_vel: linear.x=0.22, angular.z=0.0
[decoded_serial_node-3] [INFO] [1791537089.847640307] [bw_dr03_decoded_serial_node]: SEND MOTOR CMD: cd eb d7 09 74 46 46 53 53 1a 1a 00 00
[decoded_serial_node-3] [INFO] [1791537089.913477467] [bw_dr03_decoded_serial_node]: RECEIVED /cmd_vel: linear.x=0.22, angular.z=0.0
[decoded_serial_node-3] [INFO] [1791537089.913849100] [bw_dr03_decoded_serial_node]: SEND MOTOR CMD: cd eb d7 09 74 46 46 53 53 1a 1a 00 00
[decoded_serial_node-3] [INFO] [1791537089.980751291] [bw_dr03_decoded_serial_node]: RECEIVED /cmd_vel: linear.x=0.22, angular.z=0.0
[decoded_serial_node-3] [INFO] [1791537089.980981632] [bw_dr03_decoded_serial_node]: SEND MOTOR CMD: cd eb d7 09 74 46 46 53 53 1a 1a 00 00
[decoded_serial_node-3] [INFO] [1791537090.047178550] [bw_dr03_decoded_serial_node]: RECEIVED /cmd_vel: linear.x=0.22, angular.z=0.0
[decoded_serial_node-3] [INFO] [1791537090.047416015] [bw_dr03_decoded_serial_node]: SEND MOTOR CMD: cd eb d7 09 74 46 46 53 53 1a 1a 00 00
[decoded_serial_node-3] [INFO] [1791537090.114848938] [bw_dr03_decoded_serial_node]: RECEIVED /cmd_vel: linear.x=0.22, angular.z=0.0
[decoded_serial_node-3] [INFO] [1791537090.115326243] [bw_dr03_decoded_serial_node]: SEND MOTOR CMD: cd eb d7 09 74 46 46 53 53 1a 1a 00 00
[decoded_serial_node-3] [INFO] [1791537090.180351271] [bw_dr03_decoded_serial_node]: RECEIVED /cmd_vel: linear.x=0.22, angular.z=0.0
[decoded_serial_node-3] [INFO] [1791537090.180675411] [bw_dr03_decoded_serial_node]: SEND MOTOR CMD: cd eb d7 09 74 46 46 53 53 1a 1a 00 00
[decoded_serial_node-3] [INFO] [1791537090.246561250] [bw_dr03_decoded_serial_node]: RECEIVED /cmd_vel: linear.x=0.22, angular.z=0.0
[decoded_serial_node-3] [INFO] [1791537090.247222590] [bw_dr03_decoded_serial_node]: SEND MOTOR CMD: cd eb d7 09 74 46 46 53 53 1a 1a 00 00
[decoded_serial_node-3] [INFO] [1791537090.315553130] [bw_dr03_decoded_serial_node]: RECEIVED /cmd_vel: linear.x=0.22, angular.z=0.0
[decoded_serial_node-3] [INFO] [1791537090.315830964] [bw_dr03_decoded_serial_node]: SEND MOTOR CMD: cd eb d7 09 74 46 46 53 53 1a 1a 00 00
[decoded_serial_node-3] [INFO] [1791537090.380768131] [bw_dr03_decoded_serial_node]: RECEIVED /cmd_vel: linear.x=0.22, angular.z=0.0
[decoded_serial_node-3] [INFO] [1791537090.381007970] [bw_dr03_decoded_serial_node]: SEND MOTOR CMD: cd eb d7 09 74 46 46 53 53 1a 1a 00 00
[decoded_serial_node-3] [INFO] [1791537090.446370199] [bw_dr03_decoded_serial_node]: RECEIVED /cmd_vel: linear.x=0.22, angular.z=0.0
[decoded_serial_node-3] [INFO] [1791537090.446618350] [bw_dr03_decoded_serial_node]: SEND MOTOR CMD: cd eb d7 09 74 46 46 53 53 1a 1a 00 00
[follow_planner-8] [INFO] [1791537090.516250198] [follow_planner_node]: [FOLLOW] bam nguoi | d=2.00m goc=5deg | v=0.220 w=0.125 | thoang=0.32m
[decoded_serial_node-3] [INFO] [1791537090.516308377] [bw_dr03_decoded_serial_node]: RECEIVED /cmd_vel: linear.x=0.22, angular.z=0.125
[decoded_serial_node-3] [INFO] [1791537090.516531594] [bw_dr03_decoded_serial_node]: SEND MOTOR CMD: cd eb d7 09 74 46 46 53 53 1d 17 00 00
[decoded_serial_node-3] [INFO] [1791537090.580520088] [bw_dr03_decoded_serial_node]: RECEIVED /cmd_vel: linear.x=0.22, angular.z=0.125
[decoded_serial_node-3] [INFO] [1791537090.580764677] [bw_dr03_decoded_serial_node]: SEND MOTOR CMD: cd eb d7 09 74 46 46 53 53 1d 17 00 00
[decoded_serial_node-3] [INFO] [1791537090.646341812] [bw_dr03_decoded_serial_node]: RECEIVED /cmd_vel: linear.x=0.22, angular.z=0.125
[decoded_serial_node-3] [INFO] [1791537090.646568591] [bw_dr03_decoded_serial_node]: SEND MOTOR CMD: cd eb d7 09 74 46 46 53 53 1d 17 00 00
[decoded_serial_node-3] [INFO] [1791537090.714732906] [bw_dr03_decoded_serial_node]: RECEIVED /cmd_vel: linear.x=0.22, angular.z=0.25
[decoded_serial_node-3] [INFO] [1791537090.714982244] [bw_dr03_decoded_serial_node]: SEND MOTOR CMD: cd eb d7 09 74 46 46 53 53 21 14 00 00
[target_tracker-7] [INFO] [1791537090.734511362] [target_tracker_node]: muc tieu: d=1.95m goc=10.8deg nguon=camera+lidar conf=0.98 v=0.75m/s 
[decoded_serial_node-3] [INFO] [1791537090.780384842] [bw_dr03_decoded_serial_node]: RECEIVED /cmd_vel: linear.x=0.22, angular.z=0.26875000000000004
[decoded_serial_node-3] [INFO] [1791537090.780642491] [bw_dr03_decoded_serial_node]: SEND MOTOR CMD: cd eb d7 09 74 46 46 53 53 21 14 00 00
[decoded_serial_node-3] [INFO] [1791537090.846590071] [bw_dr03_decoded_serial_node]: RECEIVED /cmd_vel: linear.x=0.22, angular.z=0.2757812500000001
[decoded_serial_node-3] [INFO] [1791537090.846826349] [bw_dr03_decoded_serial_node]: SEND MOTOR CMD: cd eb d7 09 74 46 46 53 53 21 14 00 00
[decoded_serial_node-3] [INFO] [1791537090.916377459] [bw_dr03_decoded_serial_node]: RECEIVED /cmd_vel: linear.x=0.22, angular.z=0.27841796875000013
[decoded_serial_node-3] [INFO] [1791537090.916622048] [bw_dr03_decoded_serial_node]: SEND MOTOR CMD: cd eb d7 09 74 46 46 53 53 21 14 00 00
[decoded_serial_node-3] [INFO] [1791537090.980652098] [bw_dr03_decoded_serial_node]: RECEIVED /cmd_vel: linear.x=0.22, angular.z=0.2794067382812502
[decoded_serial_node-3] [INFO] [1791537090.980891938] [bw_dr03_decoded_serial_node]: SEND MOTOR CMD: cd eb d7 09 74 46 46 53 53 21 14 00 00
[decoded_serial_node-3] [INFO] [1791537091.048013781] [bw_dr03_decoded_serial_node]: RECEIVED /cmd_vel: linear.x=0.22, angular.z=0.15974044799804688
[decoded_serial_node-3] [INFO] [1791537091.048565887] [bw_dr03_decoded_serial_node]: SEND MOTOR CMD: cd eb d7 09 74 46 46 53 53 1e 17 00 00
[decoded_serial_node-3] [INFO] [1791537091.115035888] [bw_dr03_decoded_serial_node]: RECEIVED /cmd_vel: linear.x=0.22, angular.z=0.25
[decoded_serial_node-3] [INFO] [1791537091.115267416] [bw_dr03_decoded_serial_node]: SEND MOTOR CMD: cd eb d7 09 74 46 46 53 53 21 14 00 00
[decoded_serial_node-3] [INFO] [1791537091.181014336] [bw_dr03_decoded_serial_node]: RECEIVED /cmd_vel: linear.x=0.22, angular.z=0.1468750000000001
[decoded_serial_node-3] [INFO] [1791537091.181270799] [bw_dr03_decoded_serial_node]: SEND MOTOR CMD: cd eb d7 09 74 46 46 53 53 1e 17 00 00
[decoded_serial_node-3] [INFO] [1791537091.248072063] [bw_dr03_decoded_serial_node]: RECEIVED /cmd_vel: linear.x=0.22, angular.z=0.25
[decoded_serial_node-3] [INFO] [1791537091.248326151] [bw_dr03_decoded_serial_node]: SEND MOTOR CMD: cd eb d7 09 74 46 46 53 53 21 14 00 00
[decoded_serial_node-3] [INFO] [1791537091.314073071] [bw_dr03_decoded_serial_node]: RECEIVED /cmd_vel: linear.x=0.22, angular.z=0.26875000000000004
[decoded_serial_node-3] [INFO] [1791537091.314305787] [bw_dr03_decoded_serial_node]: SEND MOTOR CMD: cd eb d7 09 74 46 46 53 53 21 14 00 00
[decoded_serial_node-3] [INFO] [1791537091.380439775] [bw_dr03_decoded_serial_node]: RECEIVED /cmd_vel: linear.x=0.22, angular.z=0.2757812500000001
[decoded_serial_node-3] [INFO] [1791537091.380700986] [bw_dr03_decoded_serial_node]: SEND MOTOR CMD: cd eb d7 09 74 46 46 53 53 21 14 00 00
[decoded_serial_node-3] [INFO] [1791537091.446712680] [bw_dr03_decoded_serial_node]: RECEIVED /cmd_vel: linear.x=0.22, angular.z=0.27841796875000013
[decoded_serial_node-3] [INFO] [1791537091.446941834] [bw_dr03_decoded_serial_node]: SEND MOTOR CMD: cd eb d7 09 74 46 46 53 53 21 14 00 00
[decoded_serial_node-3] [INFO] [1791537091.514201406] [bw_dr03_decoded_serial_node]: RECEIVED /cmd_vel: linear.x=0.22, angular.z=0.2794067382812502
[decoded_serial_node-3] [INFO] [1791537091.514605096] [bw_dr03_decoded_serial_node]: SEND MOTOR CMD: cd eb d7 09 74 46 46 53 53 21 14 00 00
[follow_planner-8] [INFO] [1791537091.580857817] [follow_planner_node]: [FOLLOW] bam nguoi | d=1.74m goc=17deg | v=0.220 w=0.280 | thoang=0.30m
[decoded_serial_node-3] [INFO] [1791537091.580926682] [bw_dr03_decoded_serial_node]: RECEIVED /cmd_vel: linear.x=0.22, angular.z=0.27977752685546875
[decoded_serial_node-3] [INFO] [1791537091.581189080] [bw_dr03_decoded_serial_node]: SEND MOTOR CMD: cd eb d7 09 74 46 46 53 53 21 14 00 00
[decoded_serial_node-3] [INFO] [1791537091.647540349] [bw_dr03_decoded_serial_node]: RECEIVED /cmd_vel: linear.x=0.22, angular.z=0.2799165725708008
[decoded_serial_node-3] [INFO] [1791537091.647872800] [bw_dr03_decoded_serial_node]: SEND MOTOR CMD: cd eb d7 09 74 46 46 53 53 21 14 00 00
[decoded_serial_node-3] [INFO] [1791537091.715061132] [bw_dr03_decoded_serial_node]: RECEIVED /cmd_vel: linear.x=0.22, angular.z=0.2799687147140504
[decoded_serial_node-3] [INFO] [1791537091.715304534] [bw_dr03_decoded_serial_node]: SEND MOTOR CMD: cd eb d7 09 74 46 46 53 53 21 14 00 00
[target_tracker-7] [INFO] [1791537091.734299355] [target_tracker_node]: muc tieu: d=1.64m goc=15.8deg nguon=camera+lidar conf=0.98 v=0.55m/s 
[decoded_serial_node-3] [INFO] [1791537091.780342621] [bw_dr03_decoded_serial_node]: RECEIVED /cmd_vel: linear.x=0.22, angular.z=0.279988268017769
[decoded_serial_node-3] [INFO] [1791537091.780596709] [bw_dr03_decoded_serial_node]: SEND MOTOR CMD: cd eb d7 09 74 46 46 53 53 21 14 00 00
[decoded_serial_node-3] [INFO] [1791537091.846280701] [bw_dr03_decoded_serial_node]: RECEIVED /cmd_vel: linear.x=0.22, angular.z=0.2799956005066635
[decoded_serial_node-3] [INFO] [1791537091.846518166] [bw_dr03_decoded_serial_node]: SEND MOTOR CMD: cd eb d7 09 74 46 46 53 53 21 14 00 00
[decoded_serial_node-3] [INFO] [1791537091.915201340] [bw_dr03_decoded_serial_node]: RECEIVED /cmd_vel: linear.x=0.22, angular.z=0.27999835018999875
[decoded_serial_node-3] [INFO] [1791537091.915481549] [bw_dr03_decoded_serial_node]: SEND MOTOR CMD: cd eb d7 09 74 46 46 53 53 21 14 00 00
[decoded_serial_node-3] [INFO] [1791537091.980301169] [bw_dr03_decoded_serial_node]: RECEIVED /cmd_vel: linear.x=0.22, angular.z=0.2799993813212496
[decoded_serial_node-3] [INFO] [1791537091.980532697] [bw_dr03_decoded_serial_node]: SEND MOTOR CMD: cd eb d7 09 74 46 46 53 53 21 14 00 00
[decoded_serial_node-3] [INFO] [1791537092.048362184] [bw_dr03_decoded_serial_node]: RECEIVED /cmd_vel: linear.x=0.22, angular.z=0.3999998066628905
[decoded_serial_node-3] [INFO] [1791537092.048711257] [bw_dr03_decoded_serial_node]: SEND MOTOR CMD: cd eb d7 09 74 46 46 53 53 24 11 00 00
[decoded_serial_node-3] [INFO] [1791537092.113534437] [bw_dr03_decoded_serial_node]: RECEIVED /cmd_vel: linear.x=0.22, angular.z=0.4374999395821533
[decoded_serial_node-3] [INFO] [1791537092.114093667] [bw_dr03_decoded_serial_node]: SEND MOTOR CMD: cd eb d7 09 74 46 46 53 53 25 10 00 00
[decoded_serial_node-3] [INFO] [1791537092.180254962] [bw_dr03_decoded_serial_node]: RECEIVED /cmd_vel: linear.x=0.22, angular.z=0.4492187311194229
[decoded_serial_node-3] [INFO] [1791537092.180642030] [bw_dr03_decoded_serial_node]: SEND MOTOR CMD: cd eb d7 09 74 46 46 53 53 25 0f 00 00
[decoded_serial_node-3] [INFO] [1791537092.245316795] [bw_dr03_decoded_serial_node]: RECEIVED /cmd_vel: linear.x=0.22, angular.z=0.45288085347481966
[decoded_serial_node-3] [INFO] [1791537092.245553072] [bw_dr03_decoded_serial_node]: SEND MOTOR CMD: cd eb d7 09 74 46 46 53 53 25 0f 00 00
[decoded_serial_node-3] [INFO] [1791537092.313646144] [bw_dr03_decoded_serial_node]: RECEIVED /cmd_vel: linear.x=0.22, angular.z=0.45402526671088106
[decoded_serial_node-3] [INFO] [1791537092.313906169] [bw_dr03_decoded_serial_node]: SEND MOTOR CMD: cd eb d7 09 74 46 46 53 53 26 0f 00 00
[decoded_serial_node-3] [INFO] [1791537092.379319449] [bw_dr03_decoded_serial_node]: RECEIVED /cmd_vel: linear.x=0.22, angular.z=0.4543828958471503
[decoded_serial_node-3] [INFO] [1791537092.379802690] [bw_dr03_decoded_serial_node]: SEND MOTOR CMD: cd eb d7 09 74 46 46 53 53 26 0f 00 00
[decoded_serial_node-3] [INFO] [1791537092.446735746] [bw_dr03_decoded_serial_node]: RECEIVED /cmd_vel: linear.x=0.22, angular.z=0.4544946549522344
[decoded_serial_node-3] [INFO] [1791537092.446994583] [bw_dr03_decoded_serial_node]: SEND MOTOR CMD: cd eb d7 09 74 46 46 53 53 26 0f 00 00
[decoded_serial_node-3] [INFO] [1791537092.513408778] [bw_dr03_decoded_serial_node]: RECEIVED /cmd_vel: linear.x=0.22, angular.z=0.45452957967257324
[decoded_serial_node-3] [INFO] [1791537092.513959697] [bw_dr03_decoded_serial_node]: SEND MOTOR CMD: cd eb d7 09 74 46 46 53 53 26 0f 00 00
[decoded_serial_node-3] [INFO] [1791537092.579308862] [bw_dr03_decoded_serial_node]: RECEIVED /cmd_vel: linear.x=0.22, angular.z=0.4545404936476791
[decoded_serial_node-3] [INFO] [1791537092.579914397] [bw_dr03_decoded_serial_node]: SEND MOTOR CMD: cd eb d7 09 74 46 46 53 53 26 0f 00 00
[follow_planner-8] [INFO] [1791537092.646067381] [follow_planner_node]: [FOLLOW] bam nguoi | d=1.43m goc=20deg | v=0.220 w=0.455 | thoang=0.77m
[decoded_serial_node-3] [INFO] [1791537092.646089940] [bw_dr03_decoded_serial_node]: RECEIVED /cmd_vel: linear.x=0.22, angular.z=0.45454390426489977
[decoded_serial_node-3] [INFO] [1791537092.646317907] [bw_dr03_decoded_serial_node]: SEND MOTOR CMD: cd eb d7 09 74 46 46 53 53 26 0f 00 00
[decoded_serial_node-3] [INFO] [1791537092.712937509] [bw_dr03_decoded_serial_node]: RECEIVED /cmd_vel: linear.x=0.22, angular.z=0.4545449700827813
[decoded_serial_node-3] [INFO] [1791537092.713416001] [bw_dr03_decoded_serial_node]: SEND MOTOR CMD: cd eb d7 09 74 46 46 53 53 26 0f 00 00
[decoded_serial_node-3] [INFO] [1791537092.779837320] [bw_dr03_decoded_serial_node]: RECEIVED /cmd_vel: linear.x=0.22, angular.z=0.4545453031508693
[decoded_serial_node-3] [INFO] [1791537092.780364492] [bw_dr03_decoded_serial_node]: SEND MOTOR CMD: cd eb d7 09 74 46 46 53 53 26 0f 00 00
[target_tracker-7] [INFO] [1791537092.785088857] [target_tracker_node]: muc tieu: d=1.30m goc=18.8deg nguon=camera+bbox conf=0.83 v=0.61m/s 
[decoded_serial_node-3] [INFO] [1791537092.845548619] [bw_dr03_decoded_serial_node]: RECEIVED /cmd_vel: linear.x=0.19666666666666666, angular.z=0.45454540723464665
[decoded_serial_node-3] [INFO] [1791537092.846228956] [bw_dr03_decoded_serial_node]: SEND MOTOR CMD: cd eb d7 09 74 46 46 53 53 23 0c 00 00
[decoded_serial_node-3] [INFO] [1791537092.912424683] [bw_dr03_decoded_serial_node]: RECEIVED /cmd_vel: linear.x=0.21999999999999997, angular.z=0.45454543976082706
[decoded_serial_node-3] [INFO] [1791537092.912665710] [bw_dr03_decoded_serial_node]: SEND MOTOR CMD: cd eb d7 09 74 46 46 53 53 26 0f 00 00
[decoded_serial_node-3] [INFO] [1791537092.980171057] [bw_dr03_decoded_serial_node]: RECEIVED /cmd_vel: linear.x=0.19666666666666666, angular.z=0.45454544992525836
[decoded_serial_node-3] [INFO] [1791537092.980404960] [bw_dr03_decoded_serial_node]: SEND MOTOR CMD: cd eb d7 09 74 46 46 53 53 23 0c 00 00
[decoded_serial_node-3] [INFO] [1791537093.046238552] [bw_dr03_decoded_serial_node]: RECEIVED /cmd_vel: linear.x=0.17333333333333334, angular.z=0.3454545437219718
[decoded_serial_node-3] [INFO] [1791537093.046480766] [bw_dr03_decoded_serial_node]: SEND MOTOR CMD: cd eb d7 09 74 46 46 53 53 1d 0c 00 00
[decoded_serial_node-3] [INFO] [1791537093.112269240] [bw_dr03_decoded_serial_node]: RECEIVED /cmd_vel: linear.x=0.15000000000000002, angular.z=0.3045454538957395
[decoded_serial_node-3] [INFO] [1791537093.112858153] [bw_dr03_decoded_serial_node]: SEND MOTOR CMD: cd eb d7 09 74 46 46 53 53 19 0a 00 00
[decoded_serial_node-3] [INFO] [1791537093.179478941] [bw_dr03_decoded_serial_node]: RECEIVED /cmd_vel: linear.x=0.14666666666666667, angular.z=0.40767045434241855
[decoded_serial_node-3] [INFO] [1791537093.180082102] [bw_dr03_decoded_serial_node]: SEND MOTOR CMD: cd eb d7 09 74 46 46 53 53 1b 08 00 00
[decoded_serial_node-3] [INFO] [1791537093.245097627] [bw_dr03_decoded_serial_node]: RECEIVED /cmd_vel: linear.x=0.14666666666666667, angular.z=0.4398970169820058
[decoded_serial_node-3] [INFO] [1791537093.245343403] [bw_dr03_decoded_serial_node]: SEND MOTOR CMD: cd eb d7 09 74 46 46 53 53 1c 07 00 00
[decoded_serial_node-3] [INFO] [1791537093.311758784] [bw_dr03_decoded_serial_node]: RECEIVED /cmd_vel: linear.x=0.12333333333333334, angular.z=0.5599742542455015
[decoded_serial_node-3] [INFO] [1791537093.312005748] [bw_dr03_decoded_serial_node]: SEND MOTOR CMD: cd eb d7 09 74 46 46 53 53 1c 05 00 00
[decoded_serial_node-3] [INFO] [1791537093.371173699] [bw_dr03_decoded_serial_node]: RECEIVED /cmd_vel: linear.x=0.1, angular.z=0.7199742542455015
[decoded_serial_node-3] [INFO] [1791537093.371407602] [bw_dr03_decoded_serial_node]: SEND MOTOR CMD: cd eb d7 09 74 46 42 53 53 1d 05 00 00
[decoded_serial_node-3] [INFO] [1791537093.446369346] [bw_dr03_decoded_serial_node]: RECEIVED /cmd_vel: linear.x=0.11, angular.z=0.6299935635613755
[decoded_serial_node-3] [INFO] [1791537093.446625808] [bw_dr03_decoded_serial_node]: SEND MOTOR CMD: cd eb d7 09 74 46 42 53 53 1c 05 00 00
[decoded_serial_node-3] [INFO] [1791537093.513333270] [bw_dr03_decoded_serial_node]: RECEIVED /cmd_vel: linear.x=0.13333333333333333, angular.z=0.6074983908903439
[decoded_serial_node-3] [INFO] [1791537093.513847382] [bw_dr03_decoded_serial_node]: SEND MOTOR CMD: cd eb d7 09 74 46 46 53 53 1f 05 00 00
[decoded_serial_node-3] [INFO] [1791537093.580015799] [bw_dr03_decoded_serial_node]: RECEIVED /cmd_vel: linear.x=0.14666666666666667, angular.z=0.601874597722586
[decoded_serial_node-3] [INFO] [1791537093.580282947] [bw_dr03_decoded_serial_node]: SEND MOTOR CMD: cd eb d7 09 74 46 46 53 53 20 05 00 00
[decoded_serial_node-3] [INFO] [1791537093.645121561] [bw_dr03_decoded_serial_node]: RECEIVED /cmd_vel: linear.x=0.14666666666666667, angular.z=0.6004686494306465
[decoded_serial_node-3] [INFO] [1791537093.645362588] [bw_dr03_decoded_serial_node]: SEND MOTOR CMD: cd eb d7 09 74 46 46 53 53 20 05 00 00
[follow_planner-8] [INFO] [1791537093.704566159] [follow_planner_node]: [FOLLOW] canh huong tai cho | d=1.02m goc=21deg | v=0.123 w=0.760 | thoang=-
[decoded_serial_node-3] [INFO] [1791537093.704663519] [bw_dr03_decoded_serial_node]: RECEIVED /cmd_vel: linear.x=0.12333333333333334, angular.z=0.7604686494306465
[decoded_serial_node-3] [INFO] [1791537093.704891486] [bw_dr03_decoded_serial_node]: SEND MOTOR CMD: cd eb d7 09 74 46 42 53 53 21 05 00 00
[decoded_serial_node-3] [INFO] [1791537093.770979165] [bw_dr03_decoded_serial_node]: RECEIVED /cmd_vel: linear.x=0.1, angular.z=0.86724
[decoded_serial_node-3] [INFO] [1791537093.771214255] [bw_dr03_decoded_serial_node]: SEND MOTOR CMD: cd eb d7 09 74 46 42 53 53 21 08 00 00
[target_tracker-7] [INFO] [1791537093.785202127] [target_tracker_node]: muc tieu: d=0.89m goc=21.0deg nguon=camera+bbox conf=0.73 v=0.83m/s 
[decoded_serial_node-3] [INFO] [1791537093.837119087] [bw_dr03_decoded_serial_node]: RECEIVED /cmd_vel: linear.x=0.07666666666666667, angular.z=0.77308
[decoded_serial_node-3] [INFO] [1791537093.837438477] [bw_dr03_decoded_serial_node]: SEND MOTOR CMD: cd eb d7 09 74 46 42 53 53 1c 09 00 00
[decoded_serial_node-3] [INFO] [1791537093.906367424] [bw_dr03_decoded_serial_node]: RECEIVED /cmd_vel: linear.x=0.053333333333333344, angular.z=0.82324
[decoded_serial_node-3] [INFO] [1791537093.906691564] [bw_dr03_decoded_serial_node]: SEND MOTOR CMD: cd eb d7 09 74 46 42 53 53 1a 0d 00 00
[decoded_serial_node-3] [INFO] [1791537093.971106303] [bw_dr03_decoded_serial_node]: RECEIVED /cmd_vel: linear.x=0.035, angular.z=0.79508
[decoded_serial_node-3] [INFO] [1791537093.971347330] [bw_dr03_decoded_serial_node]: SEND MOTOR CMD: cd eb d7 09 74 46 42 53 53 17 0f 00 00
[decoded_serial_node-3] [INFO] [1791537094.036944643] [bw_dr03_decoded_serial_node]: RECEIVED /cmd_vel: linear.x=0.035, angular.z=0.8780200000000001
[decoded_serial_node-3] [INFO] [1791537094.037412449] [bw_dr03_decoded_serial_node]: SEND MOTOR CMD: cd eb d7 09 74 46 42 53 53 19 11 00 00
[decoded_serial_node-3] [INFO] [1791537094.105558947] [bw_dr03_decoded_serial_node]: RECEIVED /cmd_vel: linear.x=0.0, angular.z=0.9
[decoded_serial_node-3] [INFO] [1791537094.105923456] [bw_dr03_decoded_serial_node]: SEND MOTOR CMD: cd eb d7 09 74 46 42 53 53 15 15 00 00
[decoded_serial_node-3] [INFO] [1791537094.170968663] [bw_dr03_decoded_serial_node]: RECEIVED /cmd_vel: linear.x=0.0, angular.z=0.9
[decoded_serial_node-3] [INFO] [1791537094.171200191] [bw_dr03_decoded_serial_node]: SEND MOTOR CMD: cd eb d7 09 74 46 42 53 53 15 15 00 00
[decoded_serial_node-3] [INFO] [1791537094.237012409] [bw_dr03_decoded_serial_node]: RECEIVED /cmd_vel: linear.x=0.0, angular.z=0.84304
[decoded_serial_node-3] [INFO] [1791537094.237240376] [bw_dr03_decoded_serial_node]: SEND MOTOR CMD: cd eb d7 09 74 46 42 53 53 14 14 00 00
[decoded_serial_node-3] [INFO] [1791537094.304999806] [bw_dr03_decoded_serial_node]: RECEIVED /cmd_vel: linear.x=0.0, angular.z=0.9
[decoded_serial_node-3] [INFO] [1791537094.305232522] [bw_dr03_decoded_serial_node]: SEND MOTOR CMD: cd eb d7 09 74 46 42 53 53 15 15 00 00
[decoded_serial_node-3] [INFO] [1791537094.370552001] [bw_dr03_decoded_serial_node]: RECEIVED /cmd_vel: linear.x=0.0, angular.z=0.7814400000000001
[decoded_serial_node-3] [INFO] [1791537094.370802526] [bw_dr03_decoded_serial_node]: SEND MOTOR CMD: cd eb d7 09 74 46 42 53 53 13 13 00 00
[decoded_serial_node-3] [INFO] [1791537094.437821066] [bw_dr03_decoded_serial_node]: RECEIVED /cmd_vel: linear.x=0.0, angular.z=0.86878
[decoded_serial_node-3] [INFO] [1791537094.438060906] [bw_dr03_decoded_serial_node]: SEND MOTOR CMD: cd eb d7 09 74 46 42 53 53 15 15 00 00
[decoded_serial_node-3] [INFO] [1791537094.505231424] [bw_dr03_decoded_serial_node]: RECEIVED /cmd_vel: linear.x=0.0, angular.z=0.80608
[decoded_serial_node-3] [INFO] [1791537094.505477200] [bw_dr03_decoded_serial_node]: SEND MOTOR CMD: cd eb d7 09 74 46 42 53 53 13 13 00 00
[decoded_serial_node-3] [INFO] [1791537094.571032956] [bw_dr03_decoded_serial_node]: RECEIVED /cmd_vel: linear.x=0.0, angular.z=0.9
[decoded_serial_node-3] [INFO] [1791537094.571275170] [bw_dr03_decoded_serial_node]: SEND MOTOR CMD: cd eb d7 09 74 46 42 53 53 15 15 00 00
[decoded_serial_node-3] [INFO] [1791537094.637162190] [bw_dr03_decoded_serial_node]: RECEIVED /cmd_vel: linear.x=0.0, angular.z=0.9
[decoded_serial_node-3] [INFO] [1791537094.637792660] [bw_dr03_decoded_serial_node]: SEND MOTOR CMD: cd eb d7 09 74 46 42 53 53 15 15 00 00
[decoded_serial_node-3] [INFO] [1791537094.704349330] [bw_dr03_decoded_serial_node]: RECEIVED /cmd_vel: linear.x=0.0, angular.z=0.9
[decoded_serial_node-3] [INFO] [1791537094.704592732] [bw_dr03_decoded_serial_node]: SEND MOTOR CMD: cd eb d7 09 74 46 42 53 53 15 15 00 00
[follow_planner-8] [INFO] [1791537094.770790831] [follow_planner_node]: [OCCLUDED] nguoi ra khoi camera — xoay ve huong nho cuoi | d=0.90m goc=30deg | v=0.000 w=0.900 | thoang=-
[decoded_serial_node-3] [INFO] [1791537094.770851384] [bw_dr03_decoded_serial_node]: RECEIVED /cmd_vel: linear.x=0.0, angular.z=0.9
[decoded_serial_node-3] [INFO] [1791537094.771071039] [bw_dr03_decoded_serial_node]: SEND MOTOR CMD: cd eb d7 09 74 46 42 53 53 15 15 00 00
[target_tracker-7] [INFO] [1791537094.834411248] [target_tracker_node]: muc tieu: d=0.95m goc=25.9deg nguon=camera+lidar conf=1.00 v=0.81m/s 
[decoded_serial_node-3] [INFO] [1791537094.837601589] [bw_dr03_decoded_serial_node]: RECEIVED /cmd_vel: linear.x=0.0, angular.z=0.9
[decoded_serial_node-3] [INFO] [1791537094.838170318] [bw_dr03_decoded_serial_node]: SEND MOTOR CMD: cd eb d7 09 74 46 42 53 53 15 15 00 00
[decoded_serial_node-3] [INFO] [1791537094.904443218] [bw_dr03_decoded_serial_node]: RECEIVED /cmd_vel: linear.x=0.0, angular.z=0.9
[decoded_serial_node-3] [INFO] [1791537094.904805352] [bw_dr03_decoded_serial_node]: SEND MOTOR CMD: cd eb d7 09 74 46 42 53 53 15 15 00 00
[decoded_serial_node-3] [INFO] [1791537094.970528521] [bw_dr03_decoded_serial_node]: RECEIVED /cmd_vel: linear.x=0.0, angular.z=0.9
[decoded_serial_node-3] [INFO] [1791537094.970776672] [bw_dr03_decoded_serial_node]: SEND MOTOR CMD: cd eb d7 09 74 46 42 53 53 15 15 00 00
[decoded_serial_node-3] [INFO] [1791537095.037757217] [bw_dr03_decoded_serial_node]: RECEIVED /cmd_vel: linear.x=0.0, angular.z=0.9
[decoded_serial_node-3] [INFO] [1791537095.038071858] [bw_dr03_decoded_serial_node]: SEND MOTOR CMD: cd eb d7 09 74 46 42 53 53 15 15 00 00
[decoded_serial_node-3] [INFO] [1791537095.105443032] [bw_dr03_decoded_serial_node]: RECEIVED /cmd_vel: linear.x=0.0, angular.z=0.9
[decoded_serial_node-3] [INFO] [1791537095.105686433] [bw_dr03_decoded_serial_node]: SEND MOTOR CMD: cd eb d7 09 74 46 42 53 53 15 15 00 00
[decoded_serial_node-3] [INFO] [1791537095.180636300] [bw_dr03_decoded_serial_node]: RECEIVED /cmd_vel: linear.x=0.035, angular.z=0.74
[decoded_serial_node-3] [INFO] [1791537095.180916509] [bw_dr03_decoded_serial_node]: SEND MOTOR CMD: cd eb d7 09 74 46 42 53 53 16 0d 00 00
[decoded_serial_node-3] [INFO] [1791537095.247263022] [bw_dr03_decoded_serial_node]: RECEIVED /cmd_vel: linear.x=0.04666666666666666, angular.z=0.635
[decoded_serial_node-3] [INFO] [1791537095.247882805] [bw_dr03_decoded_serial_node]: SEND MOTOR CMD: cd eb d7 09 74 46 42 53 53 15 09 00 00
[decoded_serial_node-3] [INFO] [1791537095.313994228] [bw_dr03_decoded_serial_node]: RECEIVED /cmd_vel: linear.x=0.06999999999999999, angular.z=0.7065625
[decoded_serial_node-3] [INFO] [1791537095.314229318] [bw_dr03_decoded_serial_node]: SEND MOTOR CMD: cd eb d7 09 74 46 42 53 53 19 08 00 00
[decoded_serial_node-3] [INFO] [1791537095.379451435] [bw_dr03_decoded_serial_node]: RECEIVED /cmd_vel: linear.x=0.09333333333333332, angular.z=0.6266406250000001
[decoded_serial_node-3] [INFO] [1791537095.379947736] [bw_dr03_decoded_serial_node]: SEND MOTOR CMD: cd eb d7 09 74 46 42 53 53 1a 05 00 00
[decoded_serial_node-3] [INFO] [1791537095.445146106] [bw_dr03_decoded_serial_node]: RECEIVED /cmd_vel: linear.x=0.11666666666666665, angular.z=0.7049951171875
[decoded_serial_node-3] [INFO] [1791537095.445384758] [bw_dr03_decoded_serial_node]: SEND MOTOR CMD: cd eb d7 09 74 46 42 53 53 1f 05 00 00
[decoded_serial_node-3] [INFO] [1791537095.513055138] [bw_dr03_decoded_serial_node]: RECEIVED /cmd_vel: linear.x=0.13999999999999999, angular.z=0.5449951171874999
[decoded_serial_node-3] [INFO] [1791537095.513322286] [bw_dr03_decoded_serial_node]: SEND MOTOR CMD: cd eb d7 09 74 46 46 53 53 1e 05 00 00
[follow_planner-8] [INFO] [1791537095.535571562] [follow_planner_node]: self-filter: bo 15/221 tia dap vao than xe
[decoded_serial_node-3] [INFO] [1791537095.578878041] [bw_dr03_decoded_serial_node]: RECEIVED /cmd_vel: linear.x=0.16333333333333333, angular.z=0.5862487792968748
[decoded_serial_node-3] [INFO] [1791537095.579236613] [bw_dr03_decoded_serial_node]: SEND MOTOR CMD: cd eb d7 09 74 46 46 53 53 22 05 00 00
[decoded_serial_node-3] [INFO] [1791537095.637548500] [bw_dr03_decoded_serial_node]: RECEIVED /cmd_vel: linear.x=0.18666666666666665, angular.z=0.42624877929687477
[decoded_serial_node-3] [INFO] [1791537095.638010369] [bw_dr03_decoded_serial_node]: SEND MOTOR CMD: cd eb d7 09 74 46 46 53 53 21 0c 00 00
[decoded_serial_node-3] [INFO] [1791537095.714696105] [bw_dr03_decoded_serial_node]: RECEIVED /cmd_vel: linear.x=0.20999999999999996, angular.z=0.5565621948242188
[decoded_serial_node-3] [INFO] [1791537095.714941881] [bw_dr03_decoded_serial_node]: SEND MOTOR CMD: cd eb d7 09 74 46 46 53 53 27 0c 00 00
[follow_planner-8] [INFO] [1791537095.780605682] [follow_planner_node]: [FOLLOW] bam nguoi | d=1.51m goc=27deg | v=0.220 w=0.589 | thoang=0.63m
[decoded_serial_node-3] [INFO] [1791537095.780634178] [bw_dr03_decoded_serial_node]: RECEIVED /cmd_vel: linear.x=0.22, angular.z=0.5891405487060548
[decoded_serial_node-3] [INFO] [1791537095.780858582] [bw_dr03_decoded_serial_node]: SEND MOTOR CMD: cd eb d7 09 74 46 46 53 53 29 0c 00 00
[decoded_serial_node-3] [INFO] [1791537095.845844421] [bw_dr03_decoded_serial_node]: RECEIVED /cmd_vel: linear.x=0.22, angular.z=0.49660642147064205
[decoded_serial_node-3] [INFO] [1791537095.846080699] [bw_dr03_decoded_serial_node]: SEND MOTOR CMD: cd eb d7 09 74 46 46 53 53 27 0e 00 00
[target_tracker-7] [INFO] [1791537095.884497775] [target_tracker_node]: muc tieu: d=1.46m goc=22.7deg nguon=camera+lidar conf=1.00 v=0.55m/s 
[decoded_serial_node-3] [INFO] [1791537095.913449498] [bw_dr03_decoded_serial_node]: RECEIVED /cmd_vel: linear.x=0.22, angular.z=0.46768950670957565
[decoded_serial_node-3] [INFO] [1791537095.913963610] [bw_dr03_decoded_serial_node]: SEND MOTOR CMD: cd eb d7 09 74 46 46 53 53 26 0f 00 00
[decoded_serial_node-3] [INFO] [1791537095.981207740] [bw_dr03_decoded_serial_node]: RECEIVED /cmd_vel: linear.x=0.22, angular.z=0.4586529708467424
[decoded_serial_node-3] [INFO] [1791537095.981452329] [bw_dr03_decoded_serial_node]: SEND MOTOR CMD: cd eb d7 09 74 46 46 53 53 26 0f 00 00
[decoded_serial_node-3] [INFO] [1791537096.046264817] [bw_dr03_decoded_serial_node]: RECEIVED /cmd_vel: linear.x=0.22, angular.z=0.34699486406752844
[decoded_serial_node-3] [INFO] [1791537096.046502282] [bw_dr03_decoded_serial_node]: SEND MOTOR CMD: cd eb d7 09 74 46 46 53 53 23 12 00 00
[decoded_serial_node-3] [INFO] [1791537096.114291393] [bw_dr03_decoded_serial_node]: RECEIVED /cmd_vel: linear.x=0.22, angular.z=0.30512307402532324
[decoded_serial_node-3] [INFO] [1791537096.114541918] [bw_dr03_decoded_serial_node]: SEND MOTOR CMD: cd eb d7 09 74 46 46 53 53 22 13 00 00
[decoded_serial_node-3] [INFO] [1791537096.180471679] [bw_dr03_decoded_serial_node]: RECEIVED /cmd_vel: linear.x=0.22, angular.z=0.2894211527594963
[decoded_serial_node-3] [INFO] [1791537096.180722204] [bw_dr03_decoded_serial_node]: SEND MOTOR CMD: cd eb d7 09 74 46 46 53 53 21 13 00 00
[decoded_serial_node-3] [INFO] [1791537096.246244712] [bw_dr03_decoded_serial_node]: RECEIVED /cmd_vel: linear.x=0.22, angular.z=0.1641217543322797
[decoded_serial_node-3] [INFO] [1791537096.246475053] [bw_dr03_decoded_serial_node]: SEND MOTOR CMD: cd eb d7 09 74 46 46 53 53 1e 16 00 00
[decoded_serial_node-3] [INFO] [1791537096.314286723] [bw_dr03_decoded_serial_node]: RECEIVED /cmd_vel: linear.x=0.22, angular.z=0.25
[decoded_serial_node-3] [INFO] [1791537096.314800834] [bw_dr03_decoded_serial_node]: SEND MOTOR CMD: cd eb d7 09 74 46 46 53 53 21 14 00 00
[decoded_serial_node-3] [INFO] [1791537096.380109624] [bw_dr03_decoded_serial_node]: RECEIVED /cmd_vel: linear.x=0.22, angular.z=0.1468750000000001
[decoded_serial_node-3] [INFO] [1791537096.380350651] [bw_dr03_decoded_serial_node]: SEND MOTOR CMD: cd eb d7 09 74 46 46 53 53 1e 17 00 00
[decoded_serial_node-3] [INFO] [1791537096.446661542] [bw_dr03_decoded_serial_node]: RECEIVED /cmd_vel: linear.x=0.22, angular.z=0.125
[decoded_serial_node-3] [INFO] [1791537096.447090166] [bw_dr03_decoded_serial_node]: SEND MOTOR CMD: cd eb d7 09 74 46 46 53 53 1d 17 00 00
[decoded_serial_node-3] [INFO] [1791537096.514068334] [bw_dr03_decoded_serial_node]: RECEIVED /cmd_vel: linear.x=0.22, angular.z=0.0
[decoded_serial_node-3] [INFO] [1791537096.514303424] [bw_dr03_decoded_serial_node]: SEND MOTOR CMD: cd eb d7 09 74 46 46 53 53 1a 1a 00 00
[decoded_serial_node-3] [INFO] [1791537096.580106141] [bw_dr03_decoded_serial_node]: RECEIVED /cmd_vel: linear.x=0.22, angular.z=0.0
[decoded_serial_node-3] [INFO] [1791537096.580342419] [bw_dr03_decoded_serial_node]: SEND MOTOR CMD: cd eb d7 09 74 46 46 53 53 1a 1a 00 00
[decoded_serial_node-3] [INFO] [1791537096.646180755] [bw_dr03_decoded_serial_node]: RECEIVED /cmd_vel: linear.x=0.22, angular.z=0.0
[decoded_serial_node-3] [INFO] [1791537096.646415845] [bw_dr03_decoded_serial_node]: SEND MOTOR CMD: cd eb d7 09 74 46 46 53 53 1a 1a 00 00
[decoded_serial_node-3] [INFO] [1791537096.713090058] [bw_dr03_decoded_serial_node]: RECEIVED /cmd_vel: linear.x=0.22, angular.z=0.0
[decoded_serial_node-3] [INFO] [1791537096.713379765] [bw_dr03_decoded_serial_node]: SEND MOTOR CMD: cd eb d7 09 74 46 46 53 53 1a 1a 00 00
[decoded_serial_node-3] [INFO] [1791537096.780239201] [bw_dr03_decoded_serial_node]: RECEIVED /cmd_vel: linear.x=0.22, angular.z=0.0
[decoded_serial_node-3] [INFO] [1791537096.780568090] [bw_dr03_decoded_serial_node]: SEND MOTOR CMD: cd eb d7 09 74 46 46 53 53 1a 1a 00 00
[follow_planner-8] [INFO] [1791537096.845264220] [follow_planner_node]: [FOLLOW] bam nguoi | d=2.00m goc=1deg | v=0.220 w=0.000 | thoang=0.49m
[decoded_serial_node-3] [INFO] [1791537096.845448255] [bw_dr03_decoded_serial_node]: RECEIVED /cmd_vel: linear.x=0.22, angular.z=0.0
[decoded_serial_node-3] [INFO] [1791537096.845683345] [bw_dr03_decoded_serial_node]: SEND MOTOR CMD: cd eb d7 09 74 46 46 53 53 1a 1a 00 00
[decoded_serial_node-3] [INFO] [1791537096.912002548] [bw_dr03_decoded_serial_node]: RECEIVED /cmd_vel: linear.x=0.22, angular.z=0.0
[decoded_serial_node-3] [INFO] [1791537096.912232889] [bw_dr03_decoded_serial_node]: SEND MOTOR CMD: cd eb d7 09 74 46 46 53 53 1a 1a 00 00
[target_tracker-7] [INFO] [1791537096.934622269] [target_tracker_node]: muc tieu: d=1.98m goc=1.6deg nguon=camera+lidar conf=1.00 v=0.32m/s 
[decoded_serial_node-3] [INFO] [1791537096.979883082] [bw_dr03_decoded_serial_node]: RECEIVED /cmd_vel: linear.x=0.22, angular.z=0.0
[decoded_serial_node-3] [INFO] [1791537096.980114611] [bw_dr03_decoded_serial_node]: SEND MOTOR CMD: cd eb d7 09 74 46 46 53 53 1a 1a 00 00
[decoded_serial_node-3] [INFO] [1791537097.046727082] [bw_dr03_decoded_serial_node]: RECEIVED /cmd_vel: linear.x=0.22, angular.z=0.0
[decoded_serial_node-3] [INFO] [1791537097.046984731] [bw_dr03_decoded_serial_node]: SEND MOTOR CMD: cd eb d7 09 74 46 46 53 53 1a 1a 00 00
[decoded_serial_node-3] [INFO] [1791537097.113780049] [bw_dr03_decoded_serial_node]: RECEIVED /cmd_vel: linear.x=0.22, angular.z=0.0
[decoded_serial_node-3] [INFO] [1791537097.114129123] [bw_dr03_decoded_serial_node]: SEND MOTOR CMD: cd eb d7 09 74 46 46 53 53 1a 1a 00 00
[decoded_serial_node-3] [INFO] [1791537097.180118248] [bw_dr03_decoded_serial_node]: RECEIVED /cmd_vel: linear.x=0.22, angular.z=0.0
[decoded_serial_node-3] [INFO] [1791537097.180356900] [bw_dr03_decoded_serial_node]: SEND MOTOR CMD: cd eb d7 09 74 46 46 53 53 1a 1a 00 00
[python3-4] [INFO] [1791537097.203129785] [identity_lock_node]: camera: nhan 24.5 fps (phoi sang 30 ms, do sang 62), xu ly 15.0 Hz, TB 20 ms/khung, tre tu luc chup 55.0 ms, 1 nguoi, status TRACKING
[decoded_serial_node-3] [INFO] [1791537097.246008825] [bw_dr03_decoded_serial_node]: RECEIVED /cmd_vel: linear.x=0.22, angular.z=0.0
[decoded_serial_node-3] [INFO] [1791537097.246241540] [bw_dr03_decoded_serial_node]: SEND MOTOR CMD: cd eb d7 09 74 46 46 53 53 1a 1a 00 00
[decoded_serial_node-3] [INFO] [1791537097.311900589] [bw_dr03_decoded_serial_node]: RECEIVED /cmd_vel: linear.x=0.22, angular.z=0.0
[decoded_serial_node-3] [INFO] [1791537097.312338712] [bw_dr03_decoded_serial_node]: SEND MOTOR CMD: cd eb d7 09 74 46 46 53 53 1a 1a 00 00
[decoded_serial_node-3] [INFO] [1791537097.379130468] [bw_dr03_decoded_serial_node]: RECEIVED /cmd_vel: linear.x=0.22, angular.z=0.0
[decoded_serial_node-3] [INFO] [1791537097.379401178] [bw_dr03_decoded_serial_node]: SEND MOTOR CMD: cd eb d7 09 74 46 46 53 53 1a 1a 00 00
[decoded_serial_node-3] [INFO] [1791537097.445980403] [bw_dr03_decoded_serial_node]: RECEIVED /cmd_vel: linear.x=0.22, angular.z=0.0
[decoded_serial_node-3] [INFO] [1791537097.446219056] [bw_dr03_decoded_serial_node]: SEND MOTOR CMD: cd eb d7 09 74 46 46 53 53 1a 1a 00 00
[decoded_serial_node-3] [INFO] [1791537097.512417150] [bw_dr03_decoded_serial_node]: RECEIVED /cmd_vel: linear.x=0.22, angular.z=0.0
[decoded_serial_node-3] [INFO] [1791537097.512965694] [bw_dr03_decoded_serial_node]: SEND MOTOR CMD: cd eb d7 09 74 46 46 53 53 1a 1a 00 00
[decoded_serial_node-3] [INFO] [1791537097.580670502] [bw_dr03_decoded_serial_node]: RECEIVED /cmd_vel: linear.x=0.22, angular.z=0.0
[decoded_serial_node-3] [INFO] [1791537097.580907967] [bw_dr03_decoded_serial_node]: SEND MOTOR CMD: cd eb d7 09 74 46 46 53 53 1a 1a 00 00
[decoded_serial_node-3] [INFO] [1791537097.646267810] [bw_dr03_decoded_serial_node]: RECEIVED /cmd_vel: linear.x=0.22, angular.z=0.0
[decoded_serial_node-3] [INFO] [1791537097.646589575] [bw_dr03_decoded_serial_node]: SEND MOTOR CMD: cd eb d7 09 74 46 46 53 53 1a 1a 00 00
[decoded_serial_node-3] [INFO] [1791537097.712595323] [bw_dr03_decoded_serial_node]: RECEIVED /cmd_vel: linear.x=0.22, angular.z=0.0
[decoded_serial_node-3] [INFO] [1791537097.712904027] [bw_dr03_decoded_serial_node]: SEND MOTOR CMD: cd eb d7 09 74 46 46 53 53 1a 1a 00 00
[decoded_serial_node-3] [INFO] [1791537097.780130344] [bw_dr03_decoded_serial_node]: RECEIVED /cmd_vel: linear.x=0.22, angular.z=0.0
[decoded_serial_node-3] [INFO] [1791537097.780367809] [bw_dr03_decoded_serial_node]: SEND MOTOR CMD: cd eb d7 09 74 46 46 53 53 1a 1a 00 00
[decoded_serial_node-3] [INFO] [1791537097.845506810] [bw_dr03_decoded_serial_node]: RECEIVED /cmd_vel: linear.x=0.22, angular.z=0.0
[decoded_serial_node-3] [INFO] [1791537097.845747836] [bw_dr03_decoded_serial_node]: SEND MOTOR CMD: cd eb d7 09 74 46 46 53 53 1a 1a 00 00
[follow_planner-8] [INFO] [1791537097.912525345] [follow_planner_node]: [FOLLOW] bam nguoi | d=2.65m goc=4deg | v=0.220 w=0.125 | thoang=0.50m
[decoded_serial_node-3] [INFO] [1791537097.913141566] [bw_dr03_decoded_serial_node]: RECEIVED /cmd_vel: linear.x=0.22, angular.z=0.125
[decoded_serial_node-3] [INFO] [1791537097.913422962] [bw_dr03_decoded_serial_node]: SEND MOTOR CMD: cd eb d7 09 74 46 46 53 53 1d 17 00 00
[target_tracker-7] [INFO] [1791537097.934913537] [target_tracker_node]: muc tieu: d=2.68m goc=-1.6deg nguon=camera+lidar conf=1.00 v=1.68m/s 
[decoded_serial_node-3] [INFO] [1791537097.970932215] [bw_dr03_decoded_serial_node]: RECEIVED /cmd_vel: linear.x=0.20936412619886108, angular.z=-0.1
[decoded_serial_node-3] [INFO] [1791537097.971481946] [bw_dr03_decoded_serial_node]: SEND MOTOR CMD: cd eb d7 09 74 46 46 53 53 17 1c 00 00
[decoded_serial_node-3] [INFO] [1791537098.045398836] [bw_dr03_decoded_serial_node]: RECEIVED /cmd_vel: linear.x=0.22, angular.z=0.0
[decoded_serial_node-3] [INFO] [1791537098.045642238] [bw_dr03_decoded_serial_node]: SEND MOTOR CMD: cd eb d7 09 74 46 46 53 53 1a 1a 00 00
[decoded_serial_node-3] [INFO] [1791537098.116140820] [bw_dr03_decoded_serial_node]: RECEIVED /cmd_vel: linear.x=0.22, angular.z=0.0
[decoded_serial_node-3] [INFO] [1791537098.116369973] [bw_dr03_decoded_serial_node]: SEND MOTOR CMD: cd eb d7 09 74 46 46 53 53 1a 1a 00 00
[decoded_serial_node-3] [INFO] [1791537098.186032679] [bw_dr03_decoded_serial_node]: RECEIVED /cmd_vel: linear.x=0.22, angular.z=0.0
[decoded_serial_node-3] [INFO] [1791537098.186279642] [bw_dr03_decoded_serial_node]: SEND MOTOR CMD: cd eb d7 09 74 46 46 53 53 1a 1a 00 00
[decoded_serial_node-3] [INFO] [1791537098.246023439] [bw_dr03_decoded_serial_node]: RECEIVED /cmd_vel: linear.x=0.22, angular.z=-0.125
[decoded_serial_node-3] [INFO] [1791537098.246257342] [bw_dr03_decoded_serial_node]: SEND MOTOR CMD: cd eb d7 09 74 46 46 53 53 17 1d 00 00
[decoded_serial_node-3] [INFO] [1791537098.313943152] [bw_dr03_decoded_serial_node]: RECEIVED /cmd_vel: linear.x=0.22, angular.z=-0.125
[decoded_serial_node-3] [INFO] [1791537098.314225735] [bw_dr03_decoded_serial_node]: SEND MOTOR CMD: cd eb d7 09 74 46 46 53 53 17 1d 00 00
[decoded_serial_node-3] [INFO] [1791537098.380141244] [bw_dr03_decoded_serial_node]: RECEIVED /cmd_vel: linear.x=0.22, angular.z=0.0
[decoded_serial_node-3] [INFO] [1791537098.380389395] [bw_dr03_decoded_serial_node]: SEND MOTOR CMD: cd eb d7 09 74 46 46 53 53 1a 1a 00 00
[decoded_serial_node-3] [INFO] [1791537098.446903316] [bw_dr03_decoded_serial_node]: RECEIVED /cmd_vel: linear.x=0.22, angular.z=0.0
[decoded_serial_node-3] [INFO] [1791537098.447463733] [bw_dr03_decoded_serial_node]: SEND MOTOR CMD: cd eb d7 09 74 46 46 53 53 1a 1a 00 00
[decoded_serial_node-3] [INFO] [1791537098.514819467] [bw_dr03_decoded_serial_node]: RECEIVED /cmd_vel: linear.x=0.22, angular.z=0.0
[decoded_serial_node-3] [INFO] [1791537098.515043871] [bw_dr03_decoded_serial_node]: SEND MOTOR CMD: cd eb d7 09 74 46 46 53 53 1a 1a 00 00
[decoded_serial_node-3] [INFO] [1791537098.581222966] [bw_dr03_decoded_serial_node]: RECEIVED /cmd_vel: linear.x=0.22, angular.z=0.0
[decoded_serial_node-3] [INFO] [1791537098.581472305] [bw_dr03_decoded_serial_node]: SEND MOTOR CMD: cd eb d7 09 74 46 46 53 53 1a 1a 00 00
[decoded_serial_node-3] [INFO] [1791537098.646151809] [bw_dr03_decoded_serial_node]: RECEIVED /cmd_vel: linear.x=0.22, angular.z=0.0
[decoded_serial_node-3] [INFO] [1791537098.646382150] [bw_dr03_decoded_serial_node]: SEND MOTOR CMD: cd eb d7 09 74 46 46 53 53 1a 1a 00 00
[decoded_serial_node-3] [INFO] [1791537098.713755694] [bw_dr03_decoded_serial_node]: RECEIVED /cmd_vel: linear.x=0.22, angular.z=0.125
[decoded_serial_node-3] [INFO] [1791537098.713991971] [bw_dr03_decoded_serial_node]: SEND MOTOR CMD: cd eb d7 09 74 46 46 53 53 1d 17 00 00
[decoded_serial_node-3] [INFO] [1791537098.779947849] [bw_dr03_decoded_serial_node]: RECEIVED /cmd_vel: linear.x=0.22, angular.z=0.125
[decoded_serial_node-3] [INFO] [1791537098.780174628] [bw_dr03_decoded_serial_node]: SEND MOTOR CMD: cd eb d7 09 74 46 46 53 53 1d 17 00 00
[decoded_serial_node-3] [INFO] [1791537098.847975609] [bw_dr03_decoded_serial_node]: RECEIVED /cmd_vel: linear.x=0.22, angular.z=0.125
[decoded_serial_node-3] [INFO] [1791537098.848253443] [bw_dr03_decoded_serial_node]: SEND MOTOR CMD: cd eb d7 09 74 46 46 53 53 1d 17 00 00
[decoded_serial_node-3] [INFO] [1791537098.914060906] [bw_dr03_decoded_serial_node]: RECEIVED /cmd_vel: linear.x=0.22, angular.z=0.125
[decoded_serial_node-3] [INFO] [1791537098.914301932] [bw_dr03_decoded_serial_node]: SEND MOTOR CMD: cd eb d7 09 74 46 46 53 53 1d 17 00 00
[follow_planner-8] [INFO] [1791537098.970959872] [follow_planner_node]: [FOLLOW] chui khe hep — vao truc giua khe (lech 1.46m) | d=2.32m goc=7deg | v=0.217 w=-0.100 | thoang=-
[decoded_serial_node-3] [INFO] [1791537098.971013302] [bw_dr03_decoded_serial_node]: RECEIVED /cmd_vel: linear.x=0.21695352904451892, angular.z=-0.1
[decoded_serial_node-3] [INFO] [1791537098.971234144] [bw_dr03_decoded_serial_node]: SEND MOTOR CMD: cd eb d7 09 74 46 46 53 53 18 1d 00 00
[target_tracker-7] [INFO] [1791537098.984870567] [target_tracker_node]: muc tieu: d=2.30m goc=7.0deg nguon=camera+lidar conf=0.98 v=0.55m/s 
[decoded_serial_node-3] [INFO] [1791537099.037632894] [bw_dr03_decoded_serial_node]: RECEIVED /cmd_vel: linear.x=0.21699379216015482, angular.z=-0.195
[decoded_serial_node-3] [INFO] [1791537099.038158878] [bw_dr03_decoded_serial_node]: SEND MOTOR CMD: cd eb d7 09 74 46 46 53 53 15 1f 00 00
[decoded_serial_node-3] [INFO] [1791537099.105071739] [bw_dr03_decoded_serial_node]: RECEIVED /cmd_vel: linear.x=0.21699379216015482, angular.z=-0.33100833969402654
[decoded_serial_node-3] [INFO] [1791537099.105325826] [bw_dr03_decoded_serial_node]: SEND MOTOR CMD: cd eb d7 09 74 46 46 53 53 12 22 00 00
[decoded_serial_node-3] [INFO] [1791537099.171164158] [bw_dr03_decoded_serial_node]: RECEIVED /cmd_vel: linear.x=0.21663885746995457, angular.z=-0.35005122302892533
[decoded_serial_node-3] [INFO] [1791537099.171407559] [bw_dr03_decoded_serial_node]: SEND MOTOR CMD: cd eb d7 09 74 46 46 53 53 11 23 00 00
[decoded_serial_node-3] [INFO] [1791537099.237911980] [bw_dr03_decoded_serial_node]: RECEIVED /cmd_vel: linear.x=0.2179955028300551, angular.z=-0.2701883877237651
[decoded_serial_node-3] [INFO] [1791537099.238246805] [bw_dr03_decoded_serial_node]: SEND MOTOR CMD: cd eb d7 09 74 46 46 53 53 14 21 00 00
[decoded_serial_node-3] [INFO] [1791537099.304469830] [bw_dr03_decoded_serial_node]: RECEIVED /cmd_vel: linear.x=0.2184368254349891, angular.z=-0.23855849124822087
[decoded_serial_node-3] [INFO] [1791537099.305087239] [bw_dr03_decoded_serial_node]: SEND MOTOR CMD: cd eb d7 09 74 46 46 53 53 14 20 00 00
[decoded_serial_node-3] [INFO] [1791537099.370606180] [bw_dr03_decoded_serial_node]: RECEIVED /cmd_vel: linear.x=0.21861694129254983, angular.z=-0.22437876026377476
[decoded_serial_node-3] [INFO] [1791537099.370837708] [bw_dr03_decoded_serial_node]: SEND MOTOR CMD: cd eb d7 09 74 46 46 53 53 15 20 00 00
[decoded_serial_node-3] [INFO] [1791537099.446744551] [bw_dr03_decoded_serial_node]: RECEIVED /cmd_vel: linear.x=0.22, angular.z=-0.1
[decoded_serial_node-3] [INFO] [1791537099.447072253] [bw_dr03_decoded_serial_node]: SEND MOTOR CMD: cd eb d7 09 74 46 46 53 53 18 1d 00 00
[decoded_serial_node-3] [INFO] [1791537099.515211619] [bw_dr03_decoded_serial_node]: RECEIVED /cmd_vel: linear.x=0.22, angular.z=0.1
[decoded_serial_node-3] [INFO] [1791537099.515475205] [bw_dr03_decoded_serial_node]: SEND MOTOR CMD: cd eb d7 09 74 46 46 53 53 1d 18 00 00
[decoded_serial_node-3] [INFO] [1791537099.581047576] [bw_dr03_decoded_serial_node]: RECEIVED /cmd_vel: linear.x=0.22, angular.z=0.25562123973622525
[decoded_serial_node-3] [INFO] [1791537099.581273168] [bw_dr03_decoded_serial_node]: SEND MOTOR CMD: cd eb d7 09 74 46 46 53 53 21 14 00 00
[decoded_serial_node-3] [INFO] [1791537099.647769277] [bw_dr03_decoded_serial_node]: RECEIVED /cmd_vel: linear.x=0.22, angular.z=0.4156212397362252
[decoded_serial_node-3] [INFO] [1791537099.648301199] [bw_dr03_decoded_serial_node]: SEND MOTOR CMD: cd eb d7 09 74 46 46 53 53 25 10 00 00
[decoded_serial_node-3] [INFO] [1791537099.714627520] [bw_dr03_decoded_serial_node]: RECEIVED /cmd_vel: linear.x=0.19666666666666666, angular.z=0.5756212397362253
[decoded_serial_node-3] [INFO] [1791537099.714868547] [bw_dr03_decoded_serial_node]: SEND MOTOR CMD: cd eb d7 09 74 46 46 53 53 26 0a 00 00
[decoded_serial_node-3] [INFO] [1791537099.770992190] [bw_dr03_decoded_serial_node]: RECEIVED /cmd_vel: linear.x=0.17333333333333334, angular.z=0.7356212397362253
[decoded_serial_node-3] [INFO] [1791537099.771230842] [bw_dr03_decoded_serial_node]: SEND MOTOR CMD: cd eb d7 09 74 46 46 53 53 27 05 00 00
[decoded_serial_node-3] [INFO] [1791537099.836996747] [bw_dr03_decoded_serial_node]: RECEIVED /cmd_vel: linear.x=0.15000000000000002, angular.z=0.8956212397362253
[decoded_serial_node-3] [INFO] [1791537099.837242523] [bw_dr03_decoded_serial_node]: SEND MOTOR CMD: cd eb d7 09 74 46 42 53 53 28 05 00 00
[decoded_serial_node-3] [INFO] [1791537099.904372663] [bw_dr03_decoded_serial_node]: RECEIVED /cmd_vel: linear.x=0.1266666666666667, angular.z=0.9
[decoded_serial_node-3] [INFO] [1791537099.904646935] [bw_dr03_decoded_serial_node]: SEND MOTOR CMD: cd eb d7 09 74 46 42 53 53 25 06 00 00
[decoded_serial_node-3] [INFO] [1791537099.971437501] [bw_dr03_decoded_serial_node]: RECEIVED /cmd_vel: linear.x=0.10333333333333337, angular.z=0.9
[decoded_serial_node-3] [INFO] [1791537099.971670217] [bw_dr03_decoded_serial_node]: SEND MOTOR CMD: cd eb d7 09 74 46 42 53 53 22 09 00 00
[target_tracker-7] [INFO] [1791537100.034908307] [target_tracker_node]: muc tieu: d=1.03m goc=43.5deg nguon=camera+lidar conf=1.00 v=0.74m/s [NGOAI KHUNG HINH]
[follow_planner-8] [INFO] [1791537100.038799169] [follow_planner_node]: [FOLLOW] canh huong tai cho | d=1.03m goc=44deg | v=0.080 w=0.900 | thoang=-
[decoded_serial_node-3] [INFO] [1791537100.039221857] [bw_dr03_decoded_serial_node]: RECEIVED /cmd_vel: linear.x=0.08000000000000004, angular.z=0.9
[decoded_serial_node-3] [INFO] [1791537100.039766839] [bw_dr03_decoded_serial_node]: SEND MOTOR CMD: cd eb d7 09 74 46 42 53 53 1f 0c 00 00
[decoded_serial_node-3] [INFO] [1791537100.104937892] [bw_dr03_decoded_serial_node]: RECEIVED /cmd_vel: linear.x=0.05666666666666671, angular.z=0.9
[decoded_serial_node-3] [INFO] [1791537100.105190792] [bw_dr03_decoded_serial_node]: SEND MOTOR CMD: cd eb d7 09 74 46 42 53 53 1c 0f 00 00
[decoded_serial_node-3] [INFO] [1791537100.170923450] [bw_dr03_decoded_serial_node]: RECEIVED /cmd_vel: linear.x=0.035, angular.z=0.9
[decoded_serial_node-3] [INFO] [1791537100.171162103] [bw_dr03_decoded_serial_node]: SEND MOTOR CMD: cd eb d7 09 74 46 42 53 53 1a 11 00 00
[decoded_serial_node-3] [INFO] [1791537100.237852931] [bw_dr03_decoded_serial_node]: RECEIVED /cmd_vel: linear.x=0.035, angular.z=0.9
[decoded_serial_node-3] [INFO] [1791537100.238084460] [bw_dr03_decoded_serial_node]: SEND MOTOR CMD: cd eb d7 09 74 46 42 53 53 1a 11 00 00
[decoded_serial_node-3] [INFO] [1791537100.304913018] [bw_dr03_decoded_serial_node]: RECEIVED /cmd_vel: linear.x=0.0, angular.z=0.9
[decoded_serial_node-3] [INFO] [1791537100.305199163] [bw_dr03_decoded_serial_node]: SEND MOTOR CMD: cd eb d7 09 74 46 42 53 53 15 15 00 00
[decoded_serial_node-3] [INFO] [1791537100.370935384] [bw_dr03_decoded_serial_node]: RECEIVED /cmd_vel: linear.x=0.0, angular.z=0.9
[decoded_serial_node-3] [INFO] [1791537100.371169286] [bw_dr03_decoded_serial_node]: SEND MOTOR CMD: cd eb d7 09 74 46 42 53 53 15 15 00 00
[decoded_serial_node-3] [INFO] [1791537100.438217500] [bw_dr03_decoded_serial_node]: RECEIVED /cmd_vel: linear.x=0.0, angular.z=0.9
[decoded_serial_node-3] [INFO] [1791537100.438458527] [bw_dr03_decoded_serial_node]: SEND MOTOR CMD: cd eb d7 09 74 46 42 53 53 15 15 00 00
[decoded_serial_node-3] [INFO] [1791537100.506020852] [bw_dr03_decoded_serial_node]: RECEIVED /cmd_vel: linear.x=0.0, angular.z=0.9
[decoded_serial_node-3] [INFO] [1791537100.506244069] [bw_dr03_decoded_serial_node]: SEND MOTOR CMD: cd eb d7 09 74 46 42 53 53 15 15 00 00
[decoded_serial_node-3] [INFO] [1791537100.571235837] [bw_dr03_decoded_serial_node]: RECEIVED /cmd_vel: linear.x=0.0, angular.z=0.9
[decoded_serial_node-3] [INFO] [1791537100.571475676] [bw_dr03_decoded_serial_node]: SEND MOTOR CMD: cd eb d7 09 74 46 42 53 53 15 15 00 00
[decoded_serial_node-3] [INFO] [1791537100.637887484] [bw_dr03_decoded_serial_node]: RECEIVED /cmd_vel: linear.x=0.0, angular.z=0.9
[decoded_serial_node-3] [INFO] [1791537100.638413468] [bw_dr03_decoded_serial_node]: SEND MOTOR CMD: cd eb d7 09 74 46 42 53 53 15 15 00 00
[decoded_serial_node-3] [INFO] [1791537100.704745725] [bw_dr03_decoded_serial_node]: RECEIVED /cmd_vel: linear.x=0.0, angular.z=0.9
[decoded_serial_node-3] [INFO] [1791537100.704978441] [bw_dr03_decoded_serial_node]: SEND MOTOR CMD: cd eb d7 09 74 46 42 53 53 15 15 00 00
[decoded_serial_node-3] [INFO] [1791537100.771081544] [bw_dr03_decoded_serial_node]: RECEIVED /cmd_vel: linear.x=0.0, angular.z=0.9
[decoded_serial_node-3] [INFO] [1791537100.771322571] [bw_dr03_decoded_serial_node]: SEND MOTOR CMD: cd eb d7 09 74 46 42 53 53 15 15 00 00
[decoded_serial_node-3] [INFO] [1791537100.837424487] [bw_dr03_decoded_serial_node]: RECEIVED /cmd_vel: linear.x=0.0, angular.z=0.9
[decoded_serial_node-3] [INFO] [1791537100.837869734] [bw_dr03_decoded_serial_node]: SEND MOTOR CMD: cd eb d7 09 74 46 42 53 53 15 15 00 00
[decoded_serial_node-3] [INFO] [1791537100.905118605] [bw_dr03_decoded_serial_node]: RECEIVED /cmd_vel: linear.x=0.0, angular.z=0.9
[decoded_serial_node-3] [INFO] [1791537100.905353695] [bw_dr03_decoded_serial_node]: SEND MOTOR CMD: cd eb d7 09 74 46 42 53 53 15 15 00 00
[decoded_serial_node-3] [INFO] [1791537100.971067356] [bw_dr03_decoded_serial_node]: RECEIVED /cmd_vel: linear.x=0.0, angular.z=0.9
[decoded_serial_node-3] [INFO] [1791537100.971302447] [bw_dr03_decoded_serial_node]: SEND MOTOR CMD: cd eb d7 09 74 46 42 53 53 15 15 00 00
[target_tracker-7] [INFO] [1791537101.034637896] [target_tracker_node]: muc tieu: d=1.16m goc=32.7deg nguon=predicted conf=0.68 v=0.34m/s [NGOAI KHUNG HINH]
[decoded_serial_node-3] [INFO] [1791537101.037986151] [bw_dr03_decoded_serial_node]: RECEIVED /cmd_vel: linear.x=0.0, angular.z=0.9
[decoded_serial_node-3] [INFO] [1791537101.038345910] [bw_dr03_decoded_serial_node]: SEND MOTOR CMD: cd eb d7 09 74 46 42 53 53 15 15 00 00
[follow_planner-8] [INFO] [1791537101.105599529] [follow_planner_node]: [OCCLUDED] nguoi ra khoi camera — xoay ve huong nho cuoi | d=1.17m goc=29deg | v=0.000 w=0.900 | thoang=-
[decoded_serial_node-3] [INFO] [1791537101.105612590] [bw_dr03_decoded_serial_node]: RECEIVED /cmd_vel: linear.x=0.0, angular.z=0.9
[decoded_serial_node-3] [INFO] [1791537101.105842931] [bw_dr03_decoded_serial_node]: SEND MOTOR CMD: cd eb d7 09 74 46 42 53 53 15 15 00 00
[decoded_serial_node-3] [INFO] [1791537101.170948680] [bw_dr03_decoded_serial_node]: RECEIVED /cmd_vel: linear.x=0.0, angular.z=0.9
[decoded_serial_node-3] [INFO] [1791537101.171177833] [bw_dr03_decoded_serial_node]: SEND MOTOR CMD: cd eb d7 09 74 46 42 53 53 15 15 00 00
[decoded_serial_node-3] [INFO] [1791537101.237112335] [bw_dr03_decoded_serial_node]: RECEIVED /cmd_vel: linear.x=0.0, angular.z=0.9
[decoded_serial_node-3] [INFO] [1791537101.237365235] [bw_dr03_decoded_serial_node]: SEND MOTOR CMD: cd eb d7 09 74 46 42 53 53 15 15 00 00
[decoded_serial_node-3] [INFO] [1791537101.304504871] [bw_dr03_decoded_serial_node]: RECEIVED /cmd_vel: linear.x=0.0, angular.z=0.8344600000000001
[decoded_serial_node-3] [INFO] [1791537101.305255260] [bw_dr03_decoded_serial_node]: SEND MOTOR CMD: cd eb d7 09 74 46 42 53 53 14 14 00 00
[decoded_serial_node-3] [INFO] [1791537101.370599662] [bw_dr03_decoded_serial_node]: RECEIVED /cmd_vel: linear.x=0.0, angular.z=0.8544800000000001
[decoded_serial_node-3] [INFO] [1791537101.370832377] [bw_dr03_decoded_serial_node]: SEND MOTOR CMD: cd eb d7 09 74 46 42 53 53 14 14 00 00
[decoded_serial_node-3] [INFO] [1791537101.437517268] [bw_dr03_decoded_serial_node]: RECEIVED /cmd_vel: linear.x=0.0, angular.z=0.6944800000000001
[decoded_serial_node-3] [INFO] [1791537101.437915021] [bw_dr03_decoded_serial_node]: SEND MOTOR CMD: cd eb d7 09 74 46 42 53 53 10 10 00 00
[decoded_serial_node-3] [INFO] [1791537101.514947445] [bw_dr03_decoded_serial_node]: RECEIVED /cmd_vel: linear.x=0.035, angular.z=0.5344800000000001
[decoded_serial_node-3] [INFO] [1791537101.515175411] [bw_dr03_decoded_serial_node]: SEND MOTOR CMD: cd eb d7 09 74 46 42 53 53 11 08 00 00
[decoded_serial_node-3] [INFO] [1791537101.581151469] [bw_dr03_decoded_serial_node]: RECEIVED /cmd_vel: linear.x=0.04666666666666666, angular.z=0.37448000000000004
[decoded_serial_node-3] [INFO] [1791537101.581386559] [bw_dr03_decoded_serial_node]: SEND MOTOR CMD: cd eb d7 09 74 46 42 53 53 0e 05 00 00
[decoded_serial_node-3] [INFO] [1791537101.647684382] [bw_dr03_decoded_serial_node]: RECEIVED /cmd_vel: linear.x=0.06999999999999999, angular.z=0.21448000000000003
[decoded_serial_node-3] [INFO] [1791537101.647999023] [bw_dr03_decoded_serial_node]: SEND MOTOR CMD: cd eb d7 09 74 46 46 53 53 0d 05 00 00
[decoded_serial_node-3] [INFO] [1791537101.714960560] [bw_dr03_decoded_serial_node]: RECEIVED /cmd_vel: linear.x=0.09333333333333332, angular.z=0.1
[decoded_serial_node-3] [INFO] [1791537101.715194463] [bw_dr03_decoded_serial_node]: SEND MOTOR CMD: cd eb d7 09 74 46 46 53 53 0d 08 00 00
[decoded_serial_node-3] [INFO] [1791537101.771130506] [bw_dr03_decoded_serial_node]: RECEIVED /cmd_vel: linear.x=0.06999999999999999, angular.z=-0.10551999999999997
[decoded_serial_node-3] [INFO] [1791537101.771362034] [bw_dr03_decoded_serial_node]: SEND MOTOR CMD: cd eb d7 09 74 46 46 53 53 05 0b 00 00
[decoded_serial_node-3] [INFO] [1791537101.839009845] [bw_dr03_decoded_serial_node]: RECEIVED /cmd_vel: linear.x=0.04666666666666666, angular.z=-0.26552
[decoded_serial_node-3] [INFO] [1791537101.839539392] [bw_dr03_decoded_serial_node]: SEND MOTOR CMD: cd eb d7 09 74 53 46 53 53 1e 0c 00 00
[decoded_serial_node-3] [INFO] [1791537101.904812554] [bw_dr03_decoded_serial_node]: RECEIVED /cmd_vel: linear.x=0.035, angular.z=-0.42552
[decoded_serial_node-3] [INFO] [1791537101.905047644] [bw_dr03_decoded_serial_node]: SEND MOTOR CMD: cd eb d7 09 74 42 46 53 53 06 0e 00 00
[decoded_serial_node-3] [INFO] [1791537101.971040324] [bw_dr03_decoded_serial_node]: RECEIVED /cmd_vel: linear.x=0.0, angular.z=-0.58552
[decoded_serial_node-3] [INFO] [1791537101.971271853] [bw_dr03_decoded_serial_node]: SEND MOTOR CMD: cd eb d7 09 74 42 46 53 53 0e 0e 00 00
[decoded_serial_node-3] [INFO] [1791537102.037557801] [bw_dr03_decoded_serial_node]: RECEIVED /cmd_vel: linear.x=0.0, angular.z=-0.7455200000000001
[decoded_serial_node-3] [INFO] [1791537102.037813076] [bw_dr03_decoded_serial_node]: SEND MOTOR CMD: cd eb d7 09 74 42 46 53 53 12 12 00 00
[target_tracker-7] [INFO] [1791537102.084857245] [target_tracker_node]: muc tieu: d=1.70m goc=-21.4deg nguon=lidar_track conf=0.75 v=0.17m/s 
[decoded_serial_node-3] [INFO] [1791537102.105164054] [bw_dr03_decoded_serial_node]: RECEIVED /cmd_vel: linear.x=0.0, angular.z=-0.8
[decoded_serial_node-3] [INFO] [1791537102.105411018] [bw_dr03_decoded_serial_node]: SEND MOTOR CMD: cd eb d7 09 74 42 46 53 53 13 13 00 00
[decoded_serial_node-3] [INFO] [1791537102.171219661] [bw_dr03_decoded_serial_node]: RECEIVED /cmd_vel: linear.x=0.0, angular.z=-0.8
[follow_planner-8] [INFO] [1791537102.171306336] [follow_planner_node]: [FOLLOW] chui khe hep — vao truc giua khe (lech 1.08m) | d=1.70m goc=-22deg | v=0.000 w=-0.800 | thoang=-
[decoded_serial_node-3] [INFO] [1791537102.171457126] [bw_dr03_decoded_serial_node]: SEND MOTOR CMD: cd eb d7 09 74 42 46 53 53 13 13 00 00
[decoded_serial_node-3] [INFO] [1791537102.238047029] [bw_dr03_decoded_serial_node]: RECEIVED /cmd_vel: linear.x=0.0, angular.z=-0.8082800000000001
[decoded_serial_node-3] [INFO] [1791537102.238409163] [bw_dr03_decoded_serial_node]: SEND MOTOR CMD: cd eb d7 09 74 42 46 53 53 13 13 00 00
[decoded_serial_node-3] [INFO] [1791537102.305295898] [bw_dr03_decoded_serial_node]: RECEIVED /cmd_vel: linear.x=0.0, angular.z=-0.8
[decoded_serial_node-3] [INFO] [1791537102.305660406] [bw_dr03_decoded_serial_node]: SEND MOTOR CMD: cd eb d7 09 74 42 46 53 53 13 13 00 00
[decoded_serial_node-3] [INFO] [1791537102.370922881] [bw_dr03_decoded_serial_node]: RECEIVED /cmd_vel: linear.x=0.0, angular.z=-0.7739600000000001
[decoded_serial_node-3] [INFO] [1791537102.371169844] [bw_dr03_decoded_serial_node]: SEND MOTOR CMD: cd eb d7 09 74 42 46 53 53 12 12 00 00
[decoded_serial_node-3] [INFO] [1791537102.438808155] [bw_dr03_decoded_serial_node]: RECEIVED /cmd_vel: linear.x=0.0, angular.z=-0.6139600000000001
[decoded_serial_node-3] [INFO] [1791537102.439065804] [bw_dr03_decoded_serial_node]: SEND MOTOR CMD: cd eb d7 09 74 42 46 53 53 0e 0e 00 00
[decoded_serial_node-3] [INFO] [1791537102.504112185] [bw_dr03_decoded_serial_node]: RECEIVED /cmd_vel: linear.x=0.0, angular.z=-0.53966
[decoded_serial_node-3] [INFO] [1791537102.504866136] [bw_dr03_decoded_serial_node]: SEND MOTOR CMD: cd eb d7 09 74 42 46 53 53 0d 0d 00 00
[decoded_serial_node-3] [INFO] [1791537102.571409734] [bw_dr03_decoded_serial_node]: RECEIVED /cmd_vel: linear.x=0.035, angular.z=-0.6996600000000001
[decoded_serial_node-3] [INFO] [1791537102.571661447] [bw_dr03_decoded_serial_node]: SEND MOTOR CMD: cd eb d7 09 74 42 46 53 53 0c 15 00 00
[decoded_serial_node-3] [INFO] [1791537102.637699244] [bw_dr03_decoded_serial_node]: RECEIVED /cmd_vel: linear.x=0.04666666666666666, angular.z=-0.7961535316145666
[decoded_serial_node-3] [INFO] [1791537102.637949769] [bw_dr03_decoded_serial_node]: SEND MOTOR CMD: cd eb d7 09 74 42 46 53 53 0d 19 00 00
[decoded_serial_node-3] [INFO] [1791537102.713781806] [bw_dr03_decoded_serial_node]: RECEIVED /cmd_vel: linear.x=0.06999999999999999, angular.z=-0.6361535316145666
[decoded_serial_node-3] [INFO] [1791537102.714341036] [bw_dr03_decoded_serial_node]: SEND MOTOR CMD: cd eb d7 09 74 42 46 53 53 06 18 00 00
[decoded_serial_node-3] [INFO] [1791537102.771027466] [bw_dr03_decoded_serial_node]: RECEIVED /cmd_vel: linear.x=0.09333333333333332, angular.z=-0.6520903551025955
[decoded_serial_node-3] [INFO] [1791537102.771261369] [bw_dr03_decoded_serial_node]: SEND MOTOR CMD: cd eb d7 09 74 42 46 53 53 05 1b 00 00
[decoded_serial_node-3] [INFO] [1791537102.837774096] [bw_dr03_decoded_serial_node]: RECEIVED /cmd_vel: linear.x=0.11666666666666665, angular.z=-0.5389285307260836
[decoded_serial_node-3] [INFO] [1791537102.838032932] [bw_dr03_decoded_serial_node]: SEND MOTOR CMD: cd eb d7 09 74 53 46 53 53 1e 1b 00 00
[decoded_serial_node-3] [INFO] [1791537102.914022883] [bw_dr03_decoded_serial_node]: RECEIVED /cmd_vel: linear.x=0.13999999999999999, angular.z=-0.37892853072608357
[decoded_serial_node-3] [INFO] [1791537102.914424199] [bw_dr03_decoded_serial_node]: SEND MOTOR CMD: cd eb d7 09 74 46 46 53 53 07 1a 00 00
[decoded_serial_node-3] [INFO] [1791537102.980488117] [bw_dr03_decoded_serial_node]: RECEIVED /cmd_vel: linear.x=0.16333333333333333, angular.z=-0.21892853072608356
[decoded_serial_node-3] [INFO] [1791537102.980790885] [bw_dr03_decoded_serial_node]: SEND MOTOR CMD: cd eb d7 09 74 46 46 53 53 0e 19 00 00
[decoded_serial_node-3] [INFO] [1791537103.037661349] [bw_dr03_decoded_serial_node]: RECEIVED /cmd_vel: linear.x=0.18666666666666665, angular.z=-0.2293919611267238
[decoded_serial_node-3] [INFO] [1791537103.037981927] [bw_dr03_decoded_serial_node]: SEND MOTOR CMD: cd eb d7 09 74 46 46 53 53 11 1c 00 00
[target_tracker-7] [INFO] [1791537103.085123455] [target_tracker_node]: muc tieu: d=1.67m goc=9.8deg nguon=lidar_track conf=0.75 v=0.05m/s 
[decoded_serial_node-3] [INFO] [1791537103.104568267] [bw_dr03_decoded_serial_node]: RECEIVED /cmd_vel: linear.x=0.20999999999999996, angular.z=-0.2293919611267238
[decoded_serial_node-3] [INFO] [1791537103.104825916] [bw_dr03_decoded_serial_node]: SEND MOTOR CMD: cd eb d7 09 74 46 46 53 53 14 1f 00 00
[decoded_serial_node-3] [INFO] [1791537103.171114237] [bw_dr03_decoded_serial_node]: RECEIVED /cmd_vel: linear.x=0.21920831302772917, angular.z=-0.16972300994596978
[decoded_serial_node-3] [INFO] [1791537103.171368325] [bw_dr03_decoded_serial_node]: SEND MOTOR CMD: cd eb d7 09 74 46 46 53 53 16 1e 00 00
[follow_planner-8] [INFO] [1791537103.237853742] [follow_planner_node]: [FOLLOW] chui khe hep — vao truc giua khe (lech 1.05m) | d=1.66m goc=16deg | v=0.220 w=-0.100 | thoang=-
[decoded_serial_node-3] [INFO] [1791537103.238237247] [bw_dr03_decoded_serial_node]: RECEIVED /cmd_vel: linear.x=0.21995525211629058, angular.z=-0.1
[decoded_serial_node-3] [INFO] [1791537103.238485398] [bw_dr03_decoded_serial_node]: SEND MOTOR CMD: cd eb d7 09 74 46 46 53 53 18 1d 00 00
[decoded_serial_node-3] [INFO] [1791537103.305191657] [bw_dr03_decoded_serial_node]: RECEIVED /cmd_vel: linear.x=0.19662191878295726, angular.z=0.15027699005403022
[decoded_serial_node-3] [INFO] [1791537103.305437434] [bw_dr03_decoded_serial_node]: SEND MOTOR CMD: cd eb d7 09 74 46 46 53 53 1b 14 00 00
[decoded_serial_node-3] [INFO] [1791537103.371157026] [bw_dr03_decoded_serial_node]: RECEIVED /cmd_vel: linear.x=0.21975606874862824, angular.z=0.1
[decoded_serial_node-3] [INFO] [1791537103.371388555] [bw_dr03_decoded_serial_node]: SEND MOTOR CMD: cd eb d7 09 74 46 46 53 53 1d 18 00 00
[decoded_serial_node-3] [INFO] [1791537103.437318304] [bw_dr03_decoded_serial_node]: RECEIVED /cmd_vel: linear.x=0.21867210686707078, angular.z=0.21985376302423382
[decoded_serial_node-3] [INFO] [1791537103.437878721] [bw_dr03_decoded_serial_node]: SEND MOTOR CMD: cd eb d7 09 74 46 46 53 53 20 15 00 00
[decoded_serial_node-3] [INFO] [1791537103.504202662] [bw_dr03_decoded_serial_node]: RECEIVED /cmd_vel: linear.x=0.21867210686707078, angular.z=0.21985376302423382
[decoded_serial_node-3] [INFO] [1791537103.504810572] [bw_dr03_decoded_serial_node]: SEND MOTOR CMD: cd eb d7 09 74 46 46 53 53 20 15 00 00
[decoded_serial_node-3] [INFO] [1791537103.571311424] [bw_dr03_decoded_serial_node]: RECEIVED /cmd_vel: linear.x=0.2175893084246568, angular.z=0.2963478967130662
[decoded_serial_node-3] [INFO] [1791537103.571540578] [bw_dr03_decoded_serial_node]: SEND MOTOR CMD: cd eb d7 09 74 46 46 53 53 21 13 00 00
[decoded_serial_node-3] [INFO] [1791537103.638977042] [bw_dr03_decoded_serial_node]: RECEIVED /cmd_vel: linear.x=0.2175893084246568, angular.z=0.2963478967130662
[decoded_serial_node-3] [INFO] [1791537103.639507776] [bw_dr03_decoded_serial_node]: SEND MOTOR CMD: cd eb d7 09 74 46 46 53 53 21 13 00 00
[decoded_serial_node-3] [INFO] [1791537103.705283173] [bw_dr03_decoded_serial_node]: RECEIVED /cmd_vel: linear.x=0.21764575389444582, angular.z=0.29285162072097826
[decoded_serial_node-3] [INFO] [1791537103.705745042] [bw_dr03_decoded_serial_node]: SEND MOTOR CMD: cd eb d7 09 74 46 46 53 53 21 13 00 00
[decoded_serial_node-3] [INFO] [1791537103.771296034] [bw_dr03_decoded_serial_node]: RECEIVED /cmd_vel: linear.x=0.19431242056111248, angular.z=0.4528516207209783
[decoded_serial_node-3] [INFO] [1791537103.771535874] [bw_dr03_decoded_serial_node]: SEND MOTOR CMD: cd eb d7 09 74 46 46 53 53 22 0c 00 00
[decoded_serial_node-3] [INFO] [1791537103.837491744] [bw_dr03_decoded_serial_node]: RECEIVED /cmd_vel: linear.x=0.17097908722777916, angular.z=0.6128516207209783
[decoded_serial_node-3] [INFO] [1791537103.837821820] [bw_dr03_decoded_serial_node]: SEND MOTOR CMD: cd eb d7 09 74 46 46 53 53 23 05 00 00
[decoded_serial_node-3] [INFO] [1791537103.905258284] [bw_dr03_decoded_serial_node]: RECEIVED /cmd_vel: linear.x=0.14764575389444584, angular.z=0.7728516207209783
[decoded_serial_node-3] [INFO] [1791537103.905493374] [bw_dr03_decoded_serial_node]: SEND MOTOR CMD: cd eb d7 09 74 46 53 53 53 24 1e 00 00
[decoded_serial_node-3] [INFO] [1791537103.971074050] [bw_dr03_decoded_serial_node]: RECEIVED /cmd_vel: linear.x=0.17097908722777916, angular.z=0.6128516207209783
[decoded_serial_node-3] [INFO] [1791537103.971316264] [bw_dr03_decoded_serial_node]: SEND MOTOR CMD: cd eb d7 09 74 46 46 53 53 23 05 00 00
[decoded_serial_node-3] [INFO] [1791537104.037348123] [bw_dr03_decoded_serial_node]: RECEIVED /cmd_vel: linear.x=0.14764575389444584, angular.z=0.7392000000000001
[decoded_serial_node-3] [INFO] [1791537104.037938223] [bw_dr03_decoded_serial_node]: SEND MOTOR CMD: cd eb d7 09 74 46 53 53 53 24 1e 00 00
[decoded_serial_node-3] [INFO] [1791537104.106591693] [bw_dr03_decoded_serial_node]: RECEIVED /cmd_vel: linear.x=0.17097908722777916, angular.z=0.5792
[decoded_serial_node-3] [INFO] [1791537104.106856466] [bw_dr03_decoded_serial_node]: SEND MOTOR CMD: cd eb d7 09 74 46 46 53 53 23 06 00 00
[target_tracker-7] [INFO] [1791537104.133946459] [target_tracker_node]: muc tieu: d=1.53m goc=17.0deg nguon=predicted conf=0.64 v=0.02m/s 
[decoded_serial_node-3] [INFO] [1791537104.171508653] [bw_dr03_decoded_serial_node]: RECEIVED /cmd_vel: linear.x=0.19431242056111248, angular.z=0.4192
[decoded_serial_node-3] [INFO] [1791537104.171809046] [bw_dr03_decoded_serial_node]: SEND MOTOR CMD: cd eb d7 09 74 46 46 53 53 22 0d 00 00
[decoded_serial_node-3] [INFO] [1791537104.238056996] [bw_dr03_decoded_serial_node]: RECEIVED /cmd_vel: linear.x=0.2176457538944458, angular.z=0.2592
[decoded_serial_node-3] [INFO] [1791537104.238698151] [bw_dr03_decoded_serial_node]: SEND MOTOR CMD: cd eb d7 09 74 46 46 53 53 20 14 00 00
[follow_planner-8] [INFO] [1791537104.305190691] [follow_planner_node]: [OCCLUDED] chui khe hep — vao truc giua khe (lech 0.90m) | d=1.51m goc=12deg | v=0.218 w=0.100 | thoang=-
[decoded_serial_node-3] [INFO] [1791537104.305846094] [bw_dr03_decoded_serial_node]: RECEIVED /cmd_vel: linear.x=0.2183584414033878, angular.z=0.1
[decoded_serial_node-3] [INFO] [1791537104.306265219] [bw_dr03_decoded_serial_node]: SEND MOTOR CMD: cd eb d7 09 74 46 46 53 53 1d 18 00 00
[decoded_serial_node-3] [INFO] [1791537104.371678481] [bw_dr03_decoded_serial_node]: RECEIVED /cmd_vel: linear.x=0.2183584414033878, angular.z=-0.1
[decoded_serial_node-3] [INFO] [1791537104.372123727] [bw_dr03_decoded_serial_node]: SEND MOTOR CMD: cd eb d7 09 74 46 46 53 53 18 1d 00 00
[decoded_serial_node-3] [INFO] [1791537104.454722322] [bw_dr03_decoded_serial_node]: RECEIVED /cmd_vel: linear.x=0.22, angular.z=0.1
[decoded_serial_node-3] [INFO] [1791537104.455180629] [bw_dr03_decoded_serial_node]: SEND MOTOR CMD: cd eb d7 09 74 46 46 53 53 1d 18 00 00
[decoded_serial_node-3] [INFO] [1791537104.520720934] [bw_dr03_decoded_serial_node]: RECEIVED /cmd_vel: linear.x=0.22, angular.z=0.125
[decoded_serial_node-3] [INFO] [1791537104.521128186] [bw_dr03_decoded_serial_node]: SEND MOTOR CMD: cd eb d7 09 74 46 46 53 53 1d 17 00 00
[decoded_serial_node-3] [INFO] [1791537104.571512296] [bw_dr03_decoded_serial_node]: RECEIVED /cmd_vel: linear.x=0.21492829226338844, angular.z=-0.1
[decoded_serial_node-3] [INFO] [1791537104.571879179] [bw_dr03_decoded_serial_node]: SEND MOTOR CMD: cd eb d7 09 74 46 46 53 53 17 1c 00 00
[decoded_serial_node-3] [INFO] [1791537104.638185309] [bw_dr03_decoded_serial_node]: RECEIVED /cmd_vel: linear.x=0.21492829226338844, angular.z=-0.195
[decoded_serial_node-3] [INFO] [1791537104.638469079] [bw_dr03_decoded_serial_node]: SEND MOTOR CMD: cd eb d7 09 74 46 46 53 53 15 1f 00 00
[decoded_serial_node-3] [INFO] [1791537104.712986744] [bw_dr03_decoded_serial_node]: RECEIVED /cmd_vel: linear.x=0.22, angular.z=-0.1
[decoded_serial_node-3] [INFO] [1791537104.713554285] [bw_dr03_decoded_serial_node]: SEND MOTOR CMD: cd eb d7 09 74 46 46 53 53 18 1d 00 00
[decoded_serial_node-3] [INFO] [1791537104.771063528] [bw_dr03_decoded_serial_node]: RECEIVED /cmd_vel: linear.x=0.19666666666666666, angular.z=-0.195
[decoded_serial_node-3] [INFO] [1791537104.771298618] [bw_dr03_decoded_serial_node]: SEND MOTOR CMD: cd eb d7 09 74 46 46 53 53 13 1c 00 00
[decoded_serial_node-3] [INFO] [1791537104.839167267] [bw_dr03_decoded_serial_node]: RECEIVED /cmd_vel: linear.x=0.1965963106141126, angular.z=-0.355
[decoded_serial_node-3] [INFO] [1791537104.839765678] [bw_dr03_decoded_serial_node]: SEND MOTOR CMD: cd eb d7 09 74 46 46 53 53 0f 20 00 00
[decoded_serial_node-3] [INFO] [1791537104.904895169] [bw_dr03_decoded_serial_node]: RECEIVED /cmd_vel: linear.x=0.21598638292377884, angular.z=-0.382616859332204
[decoded_serial_node-3] [INFO] [1791537104.905155193] [bw_dr03_decoded_serial_node]: SEND MOTOR CMD: cd eb d7 09 74 46 46 53 53 11 23 00 00
[decoded_serial_node-3] [INFO] [1791537104.971012514] [bw_dr03_decoded_serial_node]: RECEIVED /cmd_vel: linear.x=0.21598638292377884, angular.z=-0.382616859332204
[decoded_serial_node-3] [INFO] [1791537104.971240480] [bw_dr03_decoded_serial_node]: SEND MOTOR CMD: cd eb d7 09 74 46 46 53 53 11 23 00 00
[decoded_serial_node-3] [INFO] [1791537105.037826817] [bw_dr03_decoded_serial_node]: RECEIVED /cmd_vel: linear.x=0.1965963106141126, angular.z=-0.542616859332204
[decoded_serial_node-3] [INFO] [1791537105.038066657] [bw_dr03_decoded_serial_node]: SEND MOTOR CMD: cd eb d7 09 74 46 46 53 53 0a 25 00 00
[decoded_serial_node-3] [INFO] [1791537105.104389407] [bw_dr03_decoded_serial_node]: RECEIVED /cmd_vel: linear.x=0.1965963106141126, angular.z=-0.7026168593322041
[decoded_serial_node-3] [INFO] [1791537105.104945075] [bw_dr03_decoded_serial_node]: SEND MOTOR CMD: cd eb d7 09 74 46 46 53 53 06 29 00 00
[target_tracker-7] [INFO] [1791537105.134035709] [target_tracker_node]: muc tieu: d=1.35m goc=12.6deg nguon=predicted conf=0.24 v=0.01m/s 
[decoded_serial_node-3] [INFO] [1791537105.170922314] [bw_dr03_decoded_serial_node]: RECEIVED /cmd_vel: linear.x=0.1965963106141126, angular.z=-0.8
[decoded_serial_node-3] [INFO] [1791537105.171153842] [bw_dr03_decoded_serial_node]: SEND MOTOR CMD: cd eb d7 09 74 46 46 53 53 05 2b 00 00
[decoded_serial_node-3] [INFO] [1791537105.239702826] [bw_dr03_decoded_serial_node]: RECEIVED /cmd_vel: linear.x=0.2199296439474459, angular.z=-0.64
[decoded_serial_node-3] [INFO] [1791537105.240272742] [bw_dr03_decoded_serial_node]: SEND MOTOR CMD: cd eb d7 09 74 46 46 53 53 0b 2a 00 00
[decoded_serial_node-3] [INFO] [1791537105.304236279] [bw_dr03_decoded_serial_node]: RECEIVED /cmd_vel: linear.x=0.1965963106141126, angular.z=-0.48
[decoded_serial_node-3] [INFO] [1791537105.304478493] [bw_dr03_decoded_serial_node]: SEND MOTOR CMD: cd eb d7 09 74 46 46 53 53 0c 23 00 00
[decoded_serial_node-3] [INFO] [1791537105.370840425] [bw_dr03_decoded_serial_node]: RECEIVED /cmd_vel: linear.x=0.17326297728077927, angular.z=-0.31999999999999995
[decoded_serial_node-3] [INFO] [1791537105.371082639] [bw_dr03_decoded_serial_node]: SEND MOTOR CMD: cd eb d7 09 74 46 46 53 53 0d 1d 00 00
[follow_planner-8] [INFO] [1791537105.371166939] [follow_planner_node]: [OCCLUDED] nguoi ra khoi camera — xoay ve huong nho cuoi | d=1.32m goc=17deg | v=0.173 w=-0.320 | thoang=-
[decoded_serial_node-3] [INFO] [1791537105.440258530] [bw_dr03_decoded_serial_node]: RECEIVED /cmd_vel: linear.x=0.1965963106141126, angular.z=-0.15999999999999995
[decoded_serial_node-3] [INFO] [1791537105.440495995] [bw_dr03_decoded_serial_node]: SEND MOTOR CMD: cd eb d7 09 74 46 46 53 53 14 1b 00 00
[decoded_serial_node-3] [INFO] [1791537105.506884048] [bw_dr03_decoded_serial_node]: RECEIVED /cmd_vel: linear.x=0.2199296439474459, angular.z=0.0
[decoded_serial_node-3] [INFO] [1791537105.507115576] [bw_dr03_decoded_serial_node]: SEND MOTOR CMD: cd eb d7 09 74 46 46 53 53 1a 1a 00 00
[decoded_serial_node-3] [INFO] [1791537105.573020388] [bw_dr03_decoded_serial_node]: RECEIVED /cmd_vel: linear.x=0.22, angular.z=0.16000000000000006
[decoded_serial_node-3] [INFO] [1791537105.573261415] [bw_dr03_decoded_serial_node]: SEND MOTOR CMD: cd eb d7 09 74 46 46 53 53 1e 17 00 00
[decoded_serial_node-3] [INFO] [1791537105.639425064] [bw_dr03_decoded_serial_node]: RECEIVED /cmd_vel: linear.x=0.22, angular.z=0.32000000000000006
[decoded_serial_node-3] [INFO] [1791537105.640008040] [bw_dr03_decoded_serial_node]: SEND MOTOR CMD: cd eb d7 09 74 46 46 53 53 22 13 00 00
[decoded_serial_node-3] [INFO] [1791537105.705886731] [bw_dr03_decoded_serial_node]: RECEIVED /cmd_vel: linear.x=0.19666666666666666, angular.z=0.4800000000000001
[decoded_serial_node-3] [INFO] [1791537105.706119447] [bw_dr03_decoded_serial_node]: SEND MOTOR CMD: cd eb d7 09 74 46 46 53 53 23 0c 00 00
[decoded_serial_node-3] [INFO] [1791537105.773363561] [bw_dr03_decoded_serial_node]: RECEIVED /cmd_vel: linear.x=0.18694444444444444, angular.z=0.6400000000000001
[decoded_serial_node-3] [INFO] [1791537105.773643770] [bw_dr03_decoded_serial_node]: SEND MOTOR CMD: cd eb d7 09 74 46 46 53 53 26 07 00 00
[decoded_serial_node-3] [INFO] [1791537105.837518257] [bw_dr03_decoded_serial_node]: RECEIVED /cmd_vel: linear.x=0.0, angular.z=0.0
[decoded_serial_node-3] [INFO] [1791537105.838073925] [bw_dr03_decoded_serial_node]: SEND MOTOR CMD: cd eb d7 09 74 53 53 53 53 1e 1e 00 00
[decoded_serial_node-3] [INFO] [1791537105.844409488] [bw_dr03_decoded_serial_node]: RECEIVED /cmd_vel: linear.x=0.0, angular.z=0.0
[decoded_serial_node-3] [INFO] [1791537105.845413964] [bw_dr03_decoded_serial_node]: RECEIVED /cmd_vel: linear.x=0.0, angular.z=0.0
[decoded_serial_node-3] [INFO] [1791537105.904486912] [bw_dr03_decoded_serial_node]: RECEIVED /cmd_vel: linear.x=0.0, angular.z=0.0
[decoded_serial_node-3] [INFO] [1791537105.905506824] [bw_dr03_decoded_serial_node]: RECEIVED /cmd_vel: linear.x=0.0, angular.z=0.0
[decoded_serial_node-3] [INFO] [1791537105.905969880] [bw_dr03_decoded_serial_node]: RECEIVED /cmd_vel: linear.x=0.0, angular.z=0.0
[decoded_serial_node-3] [INFO] [1791537105.970931957] [bw_dr03_decoded_serial_node]: RECEIVED /cmd_vel: linear.x=0.0, angular.z=0.0
[decoded_serial_node-3] [INFO] [1791537105.971412823] [bw_dr03_decoded_serial_node]: RECEIVED /cmd_vel: linear.x=0.0, angular.z=0.0
[decoded_serial_node-3] [INFO] [1791537105.971877067] [bw_dr03_decoded_serial_node]: RECEIVED /cmd_vel: linear.x=0.0, angular.z=0.0
[decoded_serial_node-3] [INFO] [1791537106.037095605] [bw_dr03_decoded_serial_node]: RECEIVED /cmd_vel: linear.x=0.0, angular.z=0.0
[decoded_serial_node-3] [INFO] [1791537106.037654835] [bw_dr03_decoded_serial_node]: RECEIVED /cmd_vel: linear.x=0.0, angular.z=0.0
[decoded_serial_node-3] [INFO] [1791537106.038108393] [bw_dr03_decoded_serial_node]: RECEIVED /cmd_vel: linear.x=0.0, angular.z=0.0
[decoded_serial_node-3] [INFO] [1791537106.104088005] [bw_dr03_decoded_serial_node]: RECEIVED /cmd_vel: linear.x=0.0, angular.z=0.0
[decoded_serial_node-3] [INFO] [1791537106.104928630] [bw_dr03_decoded_serial_node]: RECEIVED /cmd_vel: linear.x=0.0, angular.z=0.0
[decoded_serial_node-3] [INFO] [1791537106.105376251] [bw_dr03_decoded_serial_node]: RECEIVED /cmd_vel: linear.x=0.0, angular.z=0.0
[decoded_serial_node-3] [INFO] [1791537106.170483180] [bw_dr03_decoded_serial_node]: RECEIVED /cmd_vel: linear.x=0.0, angular.z=0.0
[decoded_serial_node-3] [INFO] [1791537106.171021038] [bw_dr03_decoded_serial_node]: RECEIVED /cmd_vel: linear.x=0.0, angular.z=0.0
[decoded_serial_node-3] [INFO] [1791537106.171551772] [bw_dr03_decoded_serial_node]: RECEIVED /cmd_vel: linear.x=0.0, angular.z=0.0
[target_tracker-7] [INFO] [1791537106.184234770] [target_tracker_node]: muc tieu: d=1.18m goc=23.4deg nguon=predicted conf=0.00 v=0.00m/s 
[decoded_serial_node-3] [INFO] [1791537106.237285608] [bw_dr03_decoded_serial_node]: RECEIVED /cmd_vel: linear.x=0.0, angular.z=0.0
[decoded_serial_node-3] [INFO] [1791537106.237866210] [bw_dr03_decoded_serial_node]: RECEIVED /cmd_vel: linear.x=0.0, angular.z=0.0
[decoded_serial_node-3] [INFO] [1791537106.238374384] [bw_dr03_decoded_serial_node]: RECEIVED /cmd_vel: linear.x=0.0, angular.z=0.0
[decoded_serial_node-3] [INFO] [1791537106.305187498] [bw_dr03_decoded_serial_node]: RECEIVED /cmd_vel: linear.x=0.0, angular.z=0.0
[decoded_serial_node-3] [INFO] [1791537106.305709921] [bw_dr03_decoded_serial_node]: RECEIVED /cmd_vel: linear.x=0.0, angular.z=0.0
[decoded_serial_node-3] [INFO] [1791537106.306177727] [bw_dr03_decoded_serial_node]: RECEIVED /cmd_vel: linear.x=0.0, angular.z=0.0
[decoded_serial_node-3] [INFO] [1791537106.370472526] [bw_dr03_decoded_serial_node]: RECEIVED /cmd_vel: linear.x=0.0, angular.z=0.0
[decoded_serial_node-3] [INFO] [1791537106.370986637] [bw_dr03_decoded_serial_node]: RECEIVED /cmd_vel: linear.x=0.0, angular.z=0.0
[decoded_serial_node-3] [INFO] [1791537106.371537555] [bw_dr03_decoded_serial_node]: RECEIVED /cmd_vel: linear.x=0.0, angular.z=0.0
[follow_planner-8] [INFO] [1791537106.437257144] [follow_planner_node]: [ESTOP] mat du lieu /scan — dung xe | d=- goc=- | v=0.000 w=0.000 | thoang=-
[decoded_serial_node-3] [INFO] [1791537106.437729699] [bw_dr03_decoded_serial_node]: RECEIVED /cmd_vel: linear.x=0.0, angular.z=0.0
[decoded_serial_node-3] [INFO] [1791537106.438539454] [bw_dr03_decoded_serial_node]: RECEIVED /cmd_vel: linear.x=0.0, angular.z=0.0
[decoded_serial_node-3] [INFO] [1791537106.439102245] [bw_dr03_decoded_serial_node]: RECEIVED /cmd_vel: linear.x=0.0, angular.z=0.0
[decoded_serial_node-3] [INFO] [1791537106.504513129] [bw_dr03_decoded_serial_node]: RECEIVED /cmd_vel: linear.x=0.0, angular.z=0.0
[decoded_serial_node-3] [INFO] [1791537106.505135287] [bw_dr03_decoded_serial_node]: RECEIVED /cmd_vel: linear.x=0.0, angular.z=0.0
[decoded_serial_node-3] [INFO] [1791537106.505643462] [bw_dr03_decoded_serial_node]: RECEIVED /cmd_vel: linear.x=0.0, angular.z=0.0
[decoded_serial_node-3] [INFO] [1791537106.570806195] [bw_dr03_decoded_serial_node]: RECEIVED /cmd_vel: linear.x=0.0, angular.z=0.0
[decoded_serial_node-3] [INFO] [1791537106.571326243] [bw_dr03_decoded_serial_node]: RECEIVED /cmd_vel: linear.x=0.0, angular.z=0.0
[decoded_serial_node-3] [INFO] [1791537106.571874787] [bw_dr03_decoded_serial_node]: RECEIVED /cmd_vel: linear.x=0.0, angular.z=0.0
[decoded_serial_node-3] [INFO] [1791537106.637862710] [bw_dr03_decoded_serial_node]: RECEIVED /cmd_vel: linear.x=0.0, angular.z=0.0
[decoded_serial_node-3] [INFO] [1791537106.638829192] [bw_dr03_decoded_serial_node]: RECEIVED /cmd_vel: linear.x=0.0, angular.z=0.0
[decoded_serial_node-3] [INFO] [1791537106.639403857] [bw_dr03_decoded_serial_node]: RECEIVED /cmd_vel: linear.x=0.0, angular.z=0.0
[decoded_serial_node-3] [INFO] [1791537106.704659201] [bw_dr03_decoded_serial_node]: RECEIVED /cmd_vel: linear.x=0.0, angular.z=0.0
[decoded_serial_node-3] [INFO] [1791537106.705313417] [bw_dr03_decoded_serial_node]: RECEIVED /cmd_vel: linear.x=0.0, angular.z=0.0
[decoded_serial_node-3] [INFO] [1791537106.705841776] [bw_dr03_decoded_serial_node]: RECEIVED /cmd_vel: linear.x=0.0, angular.z=0.0
[decoded_serial_node-3] [INFO] [1791537106.770948705] [bw_dr03_decoded_serial_node]: RECEIVED /cmd_vel: linear.x=0.0, angular.z=0.0
[decoded_serial_node-3] [INFO] [1791537106.771512684] [bw_dr03_decoded_serial_node]: RECEIVED /cmd_vel: linear.x=0.0, angular.z=0.0
[decoded_serial_node-3] [INFO] [1791537106.772089724] [bw_dr03_decoded_serial_node]: RECEIVED /cmd_vel: linear.x=0.0, angular.z=0.0
[decoded_serial_node-3] [INFO] [1791537106.837390186] [bw_dr03_decoded_serial_node]: RECEIVED /cmd_vel: linear.x=0.0, angular.z=0.0
[decoded_serial_node-3] [INFO] [1791537106.838554952] [bw_dr03_decoded_serial_node]: RECEIVED /cmd_vel: linear.x=0.0, angular.z=0.0
[decoded_serial_node-3] [INFO] [1791537106.839435946] [bw_dr03_decoded_serial_node]: RECEIVED /cmd_vel: linear.x=0.0, angular.z=0.0
[decoded_serial_node-3] [INFO] [1791537106.905009493] [bw_dr03_decoded_serial_node]: RECEIVED /cmd_vel: linear.x=0.0, angular.z=0.0
[decoded_serial_node-3] [INFO] [1791537106.905713577] [bw_dr03_decoded_serial_node]: RECEIVED /cmd_vel: linear.x=0.0, angular.z=0.0
[decoded_serial_node-3] [INFO] [1791537106.906397475] [bw_dr03_decoded_serial_node]: RECEIVED /cmd_vel: linear.x=0.0, angular.z=0.0
[decoded_serial_node-3] [INFO] [1791537106.970501115] [bw_dr03_decoded_serial_node]: RECEIVED /cmd_vel: linear.x=0.0, angular.z=0.0
[decoded_serial_node-3] [INFO] [1791537106.971145832] [bw_dr03_decoded_serial_node]: RECEIVED /cmd_vel: linear.x=0.0, angular.z=0.0
[decoded_serial_node-3] [INFO] [1791537106.971811921] [bw_dr03_decoded_serial_node]: RECEIVED /cmd_vel: linear.x=0.0, angular.z=0.0
[decoded_serial_node-3] [INFO] [1791537107.036955656] [bw_dr03_decoded_serial_node]: RECEIVED /cmd_vel: linear.x=0.0, angular.z=0.0
[decoded_serial_node-3] [INFO] [1791537107.038315142] [bw_dr03_decoded_serial_node]: RECEIVED /cmd_vel: linear.x=0.0, angular.z=0.0
[decoded_serial_node-3] [INFO] [1791537107.038962234] [bw_dr03_decoded_serial_node]: RECEIVED /cmd_vel: linear.x=0.0, angular.z=0.0
[decoded_serial_node-3] [INFO] [1791537107.103862567] [bw_dr03_decoded_serial_node]: RECEIVED /cmd_vel: linear.x=0.0, angular.z=0.0
[decoded_serial_node-3] [INFO] [1791537107.104666385] [bw_dr03_decoded_serial_node]: RECEIVED /cmd_vel: linear.x=0.0, angular.z=0.0
[decoded_serial_node-3] [INFO] [1791537107.105290918] [bw_dr03_decoded_serial_node]: RECEIVED /cmd_vel: linear.x=0.0, angular.z=0.0
[decoded_serial_node-3] [INFO] [1791537107.170807472] [bw_dr03_decoded_serial_node]: RECEIVED /cmd_vel: linear.x=0.0, angular.z=0.0
[decoded_serial_node-3] [INFO] [1791537107.171390448] [bw_dr03_decoded_serial_node]: RECEIVED /cmd_vel: linear.x=0.0, angular.z=0.0
[decoded_serial_node-3] [INFO] [1791537107.172089782] [bw_dr03_decoded_serial_node]: RECEIVED /cmd_vel: linear.x=0.0, angular.z=0.0
[target_tracker-7] [INFO] [1791537107.184496134] [target_tracker_node]: muc tieu: d=1.17m goc=22.9deg nguon=predicted conf=0.00 v=0.00m/s 
[decoded_serial_node-3] [INFO] [1791537107.238531262] [bw_dr03_decoded_serial_node]: RECEIVED /cmd_vel: linear.x=0.0, angular.z=0.0
[decoded_serial_node-3] [INFO] [1791537107.239280464] [bw_dr03_decoded_serial_node]: RECEIVED /cmd_vel: linear.x=0.0, angular.z=0.0
[decoded_serial_node-3] [INFO] [1791537107.239842068] [bw_dr03_decoded_serial_node]: RECEIVED /cmd_vel: linear.x=0.0, angular.z=0.0
[python3-4] [INFO] [1791537107.265388537] [identity_lock_node]: camera: nhan 23.4 fps (phoi sang 30 ms, do sang 62), xu ly 14.9 Hz, TB 18 ms/khung, tre tu luc chup 36.3 ms, 0 nguoi, status LOST
[decoded_serial_node-3] [INFO] [1791537107.304721029] [bw_dr03_decoded_serial_node]: RECEIVED /cmd_vel: linear.x=0.0, angular.z=0.0
[decoded_serial_node-3] [INFO] [1791537107.305408490] [bw_dr03_decoded_serial_node]: RECEIVED /cmd_vel: linear.x=0.0, angular.z=0.0
[decoded_serial_node-3] [INFO] [1791537107.305987904] [bw_dr03_decoded_serial_node]: RECEIVED /cmd_vel: linear.x=0.0, angular.z=0.0
[decoded_serial_node-3] [INFO] [1791537107.371168445] [bw_dr03_decoded_serial_node]: RECEIVED /cmd_vel: linear.x=0.0, angular.z=0.0
[decoded_serial_node-3] [INFO] [1791537107.372156299] [bw_dr03_decoded_serial_node]: RECEIVED /cmd_vel: linear.x=0.0, angular.z=0.0
[decoded_serial_node-3] [INFO] [1791537107.372721465] [bw_dr03_decoded_serial_node]: RECEIVED /cmd_vel: linear.x=0.0, angular.z=0.0
[decoded_serial_node-3] [INFO] [1791537107.437289347] [bw_dr03_decoded_serial_node]: RECEIVED /cmd_vel: linear.x=0.0, angular.z=0.0
[decoded_serial_node-3] [INFO] [1791537107.438234457] [bw_dr03_decoded_serial_node]: RECEIVED /cmd_vel: linear.x=0.0, angular.z=0.0
[decoded_serial_node-3] [INFO] [1791537107.438796062] [bw_dr03_decoded_serial_node]: RECEIVED /cmd_vel: linear.x=0.0, angular.z=0.0
[follow_planner-8] [INFO] [1791537107.504387417] [follow_planner_node]: [ESTOP] mat du lieu /scan — dung xe | d=- goc=- | v=0.000 w=0.000 | thoang=-
[decoded_serial_node-3] [INFO] [1791537107.504861160] [bw_dr03_decoded_serial_node]: RECEIVED /cmd_vel: linear.x=0.0, angular.z=0.0
[decoded_serial_node-3] [INFO] [1791537107.505762339] [bw_dr03_decoded_serial_node]: RECEIVED /cmd_vel: linear.x=0.0, angular.z=0.0
[decoded_serial_node-3] [INFO] [1791537107.506377373] [bw_dr03_decoded_serial_node]: RECEIVED /cmd_vel: linear.x=0.0, angular.z=0.0
[decoded_serial_node-3] [INFO] [1791537107.571094858] [bw_dr03_decoded_serial_node]: RECEIVED /cmd_vel: linear.x=0.0, angular.z=0.0
[decoded_serial_node-3] [INFO] [1791537107.571791817] [bw_dr03_decoded_serial_node]: RECEIVED /cmd_vel: linear.x=0.0, angular.z=0.0
[decoded_serial_node-3] [INFO] [1791537107.572447220] [bw_dr03_decoded_serial_node]: RECEIVED /cmd_vel: linear.x=0.0, angular.z=0.0
[decoded_serial_node-3] [INFO] [1791537107.637002041] [bw_dr03_decoded_serial_node]: RECEIVED /cmd_vel: linear.x=0.0, angular.z=0.0
[decoded_serial_node-3] [INFO] [1791537107.637750056] [bw_dr03_decoded_serial_node]: RECEIVED /cmd_vel: linear.x=0.0, angular.z=0.0
[decoded_serial_node-3] [INFO] [1791537107.638420894] [bw_dr03_decoded_serial_node]: RECEIVED /cmd_vel: linear.x=0.0, angular.z=0.0
[decoded_serial_node-3] [INFO] [1791537107.704165414] [bw_dr03_decoded_serial_node]: RECEIVED /cmd_vel: linear.x=0.0, angular.z=0.0
[decoded_serial_node-3] [INFO] [1791537107.704991792] [bw_dr03_decoded_serial_node]: RECEIVED /cmd_vel: linear.x=0.0, angular.z=0.0
[decoded_serial_node-3] [INFO] [1791537107.705680440] [bw_dr03_decoded_serial_node]: RECEIVED /cmd_vel: linear.x=0.0, angular.z=0.0
[decoded_serial_node-3] [INFO] [1791537107.771046204] [bw_dr03_decoded_serial_node]: RECEIVED /cmd_vel: linear.x=0.0, angular.z=0.0
[decoded_serial_node-3] [INFO] [1791537107.771783532] [bw_dr03_decoded_serial_node]: RECEIVED /cmd_vel: linear.x=0.0, angular.z=0.0
[decoded_serial_node-3] [INFO] [1791537107.772442497] [bw_dr03_decoded_serial_node]: RECEIVED /cmd_vel: linear.x=0.0, angular.z=0.0
[decoded_serial_node-3] [INFO] [1791537107.838496909] [bw_dr03_decoded_serial_node]: RECEIVED /cmd_vel: linear.x=0.0, angular.z=0.0
[decoded_serial_node-3] [INFO] [1791537107.839487137] [bw_dr03_decoded_serial_node]: RECEIVED /cmd_vel: linear.x=0.0, angular.z=0.0
[decoded_serial_node-3] [INFO] [1791537107.840207843] [bw_dr03_decoded_serial_node]: RECEIVED /cmd_vel: linear.x=0.0, angular.z=0.0
[decoded_serial_node-3] [INFO] [1791537107.905063058] [bw_dr03_decoded_serial_node]: RECEIVED /cmd_vel: linear.x=0.0, angular.z=0.0
[decoded_serial_node-3] [INFO] [1791537107.905939303] [bw_dr03_decoded_serial_node]: RECEIVED /cmd_vel: linear.x=0.0, angular.z=0.0
[decoded_serial_node-3] [INFO] [1791537107.906715813] [bw_dr03_decoded_serial_node]: RECEIVED /cmd_vel: linear.x=0.0, angular.z=0.0
[decoded_serial_node-3] [INFO] [1791537107.971322877] [bw_dr03_decoded_serial_node]: RECEIVED /cmd_vel: linear.x=0.0, angular.z=0.0
[decoded_serial_node-3] [INFO] [1791537107.972415215] [bw_dr03_decoded_serial_node]: RECEIVED /cmd_vel: linear.x=0.0, angular.z=0.0
[decoded_serial_node-3] [INFO] [1791537107.973169166] [bw_dr03_decoded_serial_node]: RECEIVED /cmd_vel: linear.x=0.0, angular.z=0.0
[decoded_serial_node-3] [INFO] [1791537108.037566072] [bw_dr03_decoded_serial_node]: RECEIVED /cmd_vel: linear.x=0.0, angular.z=0.0
[decoded_serial_node-3] [INFO] [1791537108.038505246] [bw_dr03_decoded_serial_node]: RECEIVED /cmd_vel: linear.x=0.0, angular.z=0.0
[decoded_serial_node-3] [INFO] [1791537108.039364869] [bw_dr03_decoded_serial_node]: RECEIVED /cmd_vel: linear.x=0.0, angular.z=0.0
[decoded_serial_node-3] [INFO] [1791537108.105191313] [bw_dr03_decoded_serial_node]: RECEIVED /cmd_vel: linear.x=0.0, angular.z=0.0
[decoded_serial_node-3] [INFO] [1791537108.106072307] [bw_dr03_decoded_serial_node]: RECEIVED /cmd_vel: linear.x=0.0, angular.z=0.0
[decoded_serial_node-3] [INFO] [1791537108.106821509] [bw_dr03_decoded_serial_node]: RECEIVED /cmd_vel: linear.x=0.0, angular.z=0.0
[decoded_serial_node-3] [INFO] [1791537108.172197957] [bw_dr03_decoded_serial_node]: RECEIVED /cmd_vel: linear.x=0.0, angular.z=0.0
[decoded_serial_node-3] [INFO] [1791537108.172950721] [bw_dr03_decoded_serial_node]: RECEIVED /cmd_vel: linear.x=0.0, angular.z=0.0
[decoded_serial_node-3] [INFO] [1791537108.173705859] [bw_dr03_decoded_serial_node]: RECEIVED /cmd_vel: linear.x=0.0, angular.z=0.0
[target_tracker-7] [INFO] [1791537108.235059653] [target_tracker_node]: muc tieu: d=1.17m goc=22.9deg nguon=predicted conf=0.00 v=0.00m/s 
[decoded_serial_node-3] [INFO] [1791537108.237053170] [bw_dr03_decoded_serial_node]: RECEIVED /cmd_vel: linear.x=0.0, angular.z=0.0
[decoded_serial_node-3] [INFO] [1791537108.237804746] [bw_dr03_decoded_serial_node]: RECEIVED /cmd_vel: linear.x=0.0, angular.z=0.0
[decoded_serial_node-3] [INFO] [1791537108.238494582] [bw_dr03_decoded_serial_node]: RECEIVED /cmd_vel: linear.x=0.0, angular.z=0.0
[decoded_serial_node-3] [INFO] [1791537108.304221291] [bw_dr03_decoded_serial_node]: RECEIVED /cmd_vel: linear.x=0.0, angular.z=0.0
[decoded_serial_node-3] [INFO] [1791537108.305064291] [bw_dr03_decoded_serial_node]: RECEIVED /cmd_vel: linear.x=0.0, angular.z=0.0
[decoded_serial_node-3] [INFO] [1791537108.305757688] [bw_dr03_decoded_serial_node]: RECEIVED /cmd_vel: linear.x=0.0, angular.z=0.0
[decoded_serial_node-3] [INFO] [1791537108.370890735] [bw_dr03_decoded_serial_node]: RECEIVED /cmd_vel: linear.x=0.0, angular.z=0.0
[decoded_serial_node-3] [INFO] [1791537108.371569885] [bw_dr03_decoded_serial_node]: RECEIVED /cmd_vel: linear.x=0.0, angular.z=0.0
[decoded_serial_node-3] [INFO] [1791537108.372196792] [bw_dr03_decoded_serial_node]: RECEIVED /cmd_vel: linear.x=0.0, angular.z=0.0
[decoded_serial_node-3] [INFO] [1791537108.438131282] [bw_dr03_decoded_serial_node]: RECEIVED /cmd_vel: linear.x=0.0, angular.z=0.0
[decoded_serial_node-3] [INFO] [1791537108.439094202] [bw_dr03_decoded_serial_node]: RECEIVED /cmd_vel: linear.x=0.0, angular.z=0.0
[decoded_serial_node-3] [INFO] [1791537108.439711611] [bw_dr03_decoded_serial_node]: RECEIVED /cmd_vel: linear.x=0.0, angular.z=0.0
[follow_planner-8] [INFO] [1791537108.504237935] [follow_planner_node]: [ESTOP] mat du lieu /scan — dung xe | d=- goc=- | v=0.000 w=0.000 | thoang=-
[decoded_serial_node-3] [INFO] [1791537108.504816162] [bw_dr03_decoded_serial_node]: RECEIVED /cmd_vel: linear.x=0.0, angular.z=0.0
[decoded_serial_node-3] [INFO] [1791537108.505435945] [bw_dr03_decoded_serial_node]: RECEIVED /cmd_vel: linear.x=0.0, angular.z=0.0
[decoded_serial_node-3] [INFO] [1791537108.505964304] [bw_dr03_decoded_serial_node]: RECEIVED /cmd_vel: linear.x=0.0, angular.z=0.0
[decoded_serial_node-3] [INFO] [1791537108.570428888] [bw_dr03_decoded_serial_node]: RECEIVED /cmd_vel: linear.x=0.0, angular.z=0.0
[decoded_serial_node-3] [INFO] [1791537108.570919253] [bw_dr03_decoded_serial_node]: RECEIVED /cmd_vel: linear.x=0.0, angular.z=0.0
[decoded_serial_node-3] [INFO] [1791537108.571414367] [bw_dr03_decoded_serial_node]: RECEIVED /cmd_vel: linear.x=0.0, angular.z=0.0
[decoded_serial_node-3] [INFO] [1791537108.637259808] [bw_dr03_decoded_serial_node]: RECEIVED /cmd_vel: linear.x=0.0, angular.z=0.0
[decoded_serial_node-3] [INFO] [1791537108.637805977] [bw_dr03_decoded_serial_node]: RECEIVED /cmd_vel: linear.x=0.0, angular.z=0.0
[decoded_serial_node-3] [INFO] [1791537108.638322463] [bw_dr03_decoded_serial_node]: RECEIVED /cmd_vel: linear.x=0.0, angular.z=0.0
[decoded_serial_node-3] [INFO] [1791537108.705226998] [bw_dr03_decoded_serial_node]: RECEIVED /cmd_vel: linear.x=0.0, angular.z=0.0
[decoded_serial_node-3] [INFO] [1791537108.705710239] [bw_dr03_decoded_serial_node]: RECEIVED /cmd_vel: linear.x=0.0, angular.z=0.0
[decoded_serial_node-3] [INFO] [1791537108.706183981] [bw_dr03_decoded_serial_node]: RECEIVED /cmd_vel: linear.x=0.0, angular.z=0.0
[decoded_serial_node-3] [INFO] [1791537108.770853972] [bw_dr03_decoded_serial_node]: RECEIVED /cmd_vel: linear.x=0.0, angular.z=0.0
[decoded_serial_node-3] [INFO] [1791537108.771458320] [bw_dr03_decoded_serial_node]: RECEIVED /cmd_vel: linear.x=0.0, angular.z=0.0
[decoded_serial_node-3] [INFO] [1791537108.771926125] [bw_dr03_decoded_serial_node]: RECEIVED /cmd_vel: linear.x=0.0, angular.z=0.0
[decoded_serial_node-3] [INFO] [1791537108.837098354] [bw_dr03_decoded_serial_node]: RECEIVED /cmd_vel: linear.x=0.0, angular.z=0.0
[decoded_serial_node-3] [INFO] [1791537108.838246496] [bw_dr03_decoded_serial_node]: RECEIVED /cmd_vel: linear.x=0.0, angular.z=0.0
[decoded_serial_node-3] [INFO] [1791537108.838771294] [bw_dr03_decoded_serial_node]: RECEIVED /cmd_vel: linear.x=0.0, angular.z=0.0
[decoded_serial_node-3] [INFO] [1791537108.904118059] [bw_dr03_decoded_serial_node]: RECEIVED /cmd_vel: linear.x=0.0, angular.z=0.0
[decoded_serial_node-3] [INFO] [1791537108.904734280] [bw_dr03_decoded_serial_node]: RECEIVED /cmd_vel: linear.x=0.0, angular.z=0.0
[decoded_serial_node-3] [INFO] [1791537108.905181901] [bw_dr03_decoded_serial_node]: RECEIVED /cmd_vel: linear.x=0.0, angular.z=0.0
[decoded_serial_node-3] [INFO] [1791537108.970460989] [bw_dr03_decoded_serial_node]: RECEIVED /cmd_vel: linear.x=0.0, angular.z=0.0
[decoded_serial_node-3] [INFO] [1791537108.970963227] [bw_dr03_decoded_serial_node]: RECEIVED /cmd_vel: linear.x=0.0, angular.z=0.0
[decoded_serial_node-3] [INFO] [1791537108.971451217] [bw_dr03_decoded_serial_node]: RECEIVED /cmd_vel: linear.x=0.0, angular.z=0.0
[decoded_serial_node-3] [INFO] [1791537109.037439137] [bw_dr03_decoded_serial_node]: RECEIVED /cmd_vel: linear.x=0.0, angular.z=0.0
[decoded_serial_node-3] [INFO] [1791537109.038555222] [bw_dr03_decoded_serial_node]: RECEIVED /cmd_vel: linear.x=0.0, angular.z=0.0
[decoded_serial_node-3] [INFO] [1791537109.039157195] [bw_dr03_decoded_serial_node]: RECEIVED /cmd_vel: linear.x=0.0, angular.z=0.0
[decoded_serial_node-3] [INFO] [1791537109.104810288] [bw_dr03_decoded_serial_node]: RECEIVED /cmd_vel: linear.x=0.0, angular.z=0.0
[decoded_serial_node-3] [INFO] [1791537109.105313714] [bw_dr03_decoded_serial_node]: RECEIVED /cmd_vel: linear.x=0.0, angular.z=0.0
[decoded_serial_node-3] [INFO] [1791537109.105772021] [bw_dr03_decoded_serial_node]: RECEIVED /cmd_vel: linear.x=0.0, angular.z=0.0
[decoded_serial_node-3] [INFO] [1791537109.171495166] [bw_dr03_decoded_serial_node]: RECEIVED /cmd_vel: linear.x=0.0, angular.z=0.0
[decoded_serial_node-3] [INFO] [1791537109.171952286] [bw_dr03_decoded_serial_node]: RECEIVED /cmd_vel: linear.x=0.0, angular.z=0.0
[decoded_serial_node-3] [INFO] [1791537109.172424841] [bw_dr03_decoded_serial_node]: RECEIVED /cmd_vel: linear.x=0.0, angular.z=0.0
[decoded_serial_node-3] [INFO] [1791537109.237264617] [bw_dr03_decoded_serial_node]: RECEIVED /cmd_vel: linear.x=0.0, angular.z=0.0
[decoded_serial_node-3] [INFO] [1791537109.237810786] [bw_dr03_decoded_serial_node]: RECEIVED /cmd_vel: linear.x=0.0, angular.z=0.0
[decoded_serial_node-3] [INFO] [1791537109.238329647] [bw_dr03_decoded_serial_node]: RECEIVED /cmd_vel: linear.x=0.0, angular.z=0.0
[target_tracker-7] [INFO] [1791537109.285025922] [target_tracker_node]: muc tieu: no_target_yet
[decoded_serial_node-3] [INFO] [1791537109.304695135] [bw_dr03_decoded_serial_node]: RECEIVED /cmd_vel: linear.x=0.0, angular.z=0.0
[decoded_serial_node-3] [INFO] [1791537109.305441962] [bw_dr03_decoded_serial_node]: RECEIVED /cmd_vel: linear.x=0.0, angular.z=0.0
[decoded_serial_node-3] [INFO] [1791537109.305902643] [bw_dr03_decoded_serial_node]: RECEIVED /cmd_vel: linear.x=0.0, angular.z=0.0
[decoded_serial_node-3] [INFO] [1791537109.370661682] [bw_dr03_decoded_serial_node]: RECEIVED /cmd_vel: linear.x=0.0, angular.z=0.0
[decoded_serial_node-3] [INFO] [1791537109.371124738] [bw_dr03_decoded_serial_node]: RECEIVED /cmd_vel: linear.x=0.0, angular.z=0.0
[decoded_serial_node-3] [INFO] [1791537109.371599668] [bw_dr03_decoded_serial_node]: RECEIVED /cmd_vel: linear.x=0.0, angular.z=0.0
[decoded_serial_node-3] [INFO] [1791537109.436932183] [bw_dr03_decoded_serial_node]: RECEIVED /cmd_vel: linear.x=0.0, angular.z=0.0
[decoded_serial_node-3] [INFO] [1791537109.437746688] [bw_dr03_decoded_serial_node]: RECEIVED /cmd_vel: linear.x=0.0, angular.z=0.0
[decoded_serial_node-3] [INFO] [1791537109.438519636] [bw_dr03_decoded_serial_node]: RECEIVED /cmd_vel: linear.x=0.0, angular.z=0.0
[decoded_serial_node-3] [INFO] [1791537109.504163231] [bw_dr03_decoded_serial_node]: RECEIVED /cmd_vel: linear.x=0.0, angular.z=0.0
[decoded_serial_node-3] [INFO] [1791537109.504769953] [bw_dr03_decoded_serial_node]: RECEIVED /cmd_vel: linear.x=0.0, angular.z=0.0
[decoded_serial_node-3] [INFO] [1791537109.505223511] [bw_dr03_decoded_serial_node]: RECEIVED /cmd_vel: linear.x=0.0, angular.z=0.0
[decoded_serial_node-3] [INFO] [1791537109.570575024] [bw_dr03_decoded_serial_node]: RECEIVED /cmd_vel: linear.x=0.0, angular.z=0.0
[follow_planner-8] [INFO] [1791537109.570604707] [follow_planner_node]: [ESTOP] mat du lieu /scan — dung xe | d=- goc=- | v=0.000 w=0.000 | thoang=-
[decoded_serial_node-3] [INFO] [1791537109.571049954] [bw_dr03_decoded_serial_node]: RECEIVED /cmd_vel: linear.x=0.0, angular.z=0.0
[decoded_serial_node-3] [INFO] [1791537109.571552192] [bw_dr03_decoded_serial_node]: RECEIVED /cmd_vel: linear.x=0.0, angular.z=0.0
[decoded_serial_node-3] [INFO] [1791537109.637239717] [bw_dr03_decoded_serial_node]: RECEIVED /cmd_vel: linear.x=0.0, angular.z=0.0
[decoded_serial_node-3] [INFO] [1791537109.637797760] [bw_dr03_decoded_serial_node]: RECEIVED /cmd_vel: linear.x=0.0, angular.z=0.0
[decoded_serial_node-3] [INFO] [1791537109.638250130] [bw_dr03_decoded_serial_node]: RECEIVED /cmd_vel: linear.x=0.0, angular.z=0.0
[decoded_serial_node-3] [INFO] [1791537109.705933548] [bw_dr03_decoded_serial_node]: RECEIVED /cmd_vel: linear.x=0.0, angular.z=0.0
[decoded_serial_node-3] [INFO] [1791537109.706420351] [bw_dr03_decoded_serial_node]: RECEIVED /cmd_vel: linear.x=0.0, angular.z=0.0
[decoded_serial_node-3] [INFO] [1791537109.706869160] [bw_dr03_decoded_serial_node]: RECEIVED /cmd_vel: linear.x=0.0, angular.z=0.0
[decoded_serial_node-3] [INFO] [1791537109.770368447] [bw_dr03_decoded_serial_node]: RECEIVED /cmd_vel: linear.x=0.0, angular.z=0.0
[decoded_serial_node-3] [INFO] [1791537109.770846938] [bw_dr03_decoded_serial_node]: RECEIVED /cmd_vel: linear.x=0.0, angular.z=0.0
[decoded_serial_node-3] [INFO] [1791537109.771334929] [bw_dr03_decoded_serial_node]: RECEIVED /cmd_vel: linear.x=0.0, angular.z=0.0
[decoded_serial_node-3] [INFO] [1791537109.837578122] [bw_dr03_decoded_serial_node]: RECEIVED /cmd_vel: linear.x=0.0, angular.z=0.0
[decoded_serial_node-3] [INFO] [1791537109.838324949] [bw_dr03_decoded_serial_node]: RECEIVED /cmd_vel: linear.x=0.0, angular.z=0.0
[decoded_serial_node-3] [INFO] [1791537109.838782069] [bw_dr03_decoded_serial_node]: RECEIVED /cmd_vel: linear.x=0.0, angular.z=0.0
[decoded_serial_node-3] [INFO] [1791537109.904248752] [bw_dr03_decoded_serial_node]: RECEIVED /cmd_vel: linear.x=0.0, angular.z=0.0
[decoded_serial_node-3] [INFO] [1791537109.904869723] [bw_dr03_decoded_serial_node]: RECEIVED /cmd_vel: linear.x=0.0, angular.z=0.0
[decoded_serial_node-3] [INFO] [1791537109.905331592] [bw_dr03_decoded_serial_node]: RECEIVED /cmd_vel: linear.x=0.0, angular.z=0.0
[decoded_serial_node-3] [INFO] [1791537109.970640361] [bw_dr03_decoded_serial_node]: RECEIVED /cmd_vel: linear.x=0.0, angular.z=0.0
[decoded_serial_node-3] [INFO] [1791537109.971127164] [bw_dr03_decoded_serial_node]: RECEIVED /cmd_vel: linear.x=0.0, angular.z=0.0
[decoded_serial_node-3] [INFO] [1791537109.971651961] [bw_dr03_decoded_serial_node]: RECEIVED /cmd_vel: linear.x=0.0, angular.z=0.0
[decoded_serial_node-3] [INFO] [1791537110.037016534] [bw_dr03_decoded_serial_node]: RECEIVED /cmd_vel: linear.x=0.0, angular.z=0.0
[decoded_serial_node-3] [INFO] [1791537110.038005575] [bw_dr03_decoded_serial_node]: RECEIVED /cmd_vel: linear.x=0.0, angular.z=0.0
[decoded_serial_node-3] [INFO] [1791537110.038723906] [bw_dr03_decoded_serial_node]: RECEIVED /cmd_vel: linear.x=0.0, angular.z=0.0
[decoded_serial_node-3] [INFO] [1791537110.104151406] [bw_dr03_decoded_serial_node]: RECEIVED /cmd_vel: linear.x=0.0, angular.z=0.0
[decoded_serial_node-3] [INFO] [1791537110.104860239] [bw_dr03_decoded_serial_node]: RECEIVED /cmd_vel: linear.x=0.0, angular.z=0.0
[decoded_serial_node-3] [INFO] [1791537110.105361289] [bw_dr03_decoded_serial_node]: RECEIVED /cmd_vel: linear.x=0.0, angular.z=0.0
[decoded_serial_node-3] [INFO] [1791537110.170642749] [bw_dr03_decoded_serial_node]: RECEIVED /cmd_vel: linear.x=0.0, angular.z=0.0
[decoded_serial_node-3] [INFO] [1791537110.171210290] [bw_dr03_decoded_serial_node]: RECEIVED /cmd_vel: linear.x=0.0, angular.z=0.0
[decoded_serial_node-3] [INFO] [1791537110.171783767] [bw_dr03_decoded_serial_node]: RECEIVED /cmd_vel: linear.x=0.0, angular.z=0.0
[decoded_serial_node-3] [INFO] [1791537110.237503349] [bw_dr03_decoded_serial_node]: RECEIVED /cmd_vel: linear.x=0.0, angular.z=0.0
[decoded_serial_node-3] [INFO] [1791537110.238159939] [bw_dr03_decoded_serial_node]: RECEIVED /cmd_vel: linear.x=0.0, angular.z=0.0
[decoded_serial_node-3] [INFO] [1791537110.238769037] [bw_dr03_decoded_serial_node]: RECEIVED /cmd_vel: linear.x=0.0, angular.z=0.0
[decoded_serial_node-3] [INFO] [1791537110.304575293] [bw_dr03_decoded_serial_node]: RECEIVED /cmd_vel: linear.x=0.0, angular.z=0.0
[decoded_serial_node-3] [INFO] [1791537110.305474097] [bw_dr03_decoded_serial_node]: RECEIVED /cmd_vel: linear.x=0.0, angular.z=0.0
[decoded_serial_node-3] [INFO] [1791537110.306103379] [bw_dr03_decoded_serial_node]: RECEIVED /cmd_vel: linear.x=0.0, angular.z=0.0
[target_tracker-7] [INFO] [1791537110.334409188] [target_tracker_node]: muc tieu: no_target_yet
[decoded_serial_node-3] [INFO] [1791537110.370719937] [bw_dr03_decoded_serial_node]: RECEIVED /cmd_vel: linear.x=0.0, angular.z=0.0
[decoded_serial_node-3] [INFO] [1791537110.371434706] [bw_dr03_decoded_serial_node]: RECEIVED /cmd_vel: linear.x=0.0, angular.z=0.0
[decoded_serial_node-3] [INFO] [1791537110.372105544] [bw_dr03_decoded_serial_node]: RECEIVED /cmd_vel: linear.x=0.0, angular.z=0.0
[decoded_serial_node-3] [INFO] [1791537110.437725391] [bw_dr03_decoded_serial_node]: RECEIVED /cmd_vel: linear.x=0.0, angular.z=0.0
[decoded_serial_node-3] [INFO] [1791537110.438644380] [bw_dr03_decoded_serial_node]: RECEIVED /cmd_vel: linear.x=0.0, angular.z=0.0
[decoded_serial_node-3] [INFO] [1791537110.439439887] [bw_dr03_decoded_serial_node]: RECEIVED /cmd_vel: linear.x=0.0, angular.z=0.0
[decoded_serial_node-3] [INFO] [1791537110.504944563] [bw_dr03_decoded_serial_node]: RECEIVED /cmd_vel: linear.x=0.0, angular.z=0.0
[decoded_serial_node-3] [INFO] [1791537110.505909858] [bw_dr03_decoded_serial_node]: RECEIVED /cmd_vel: linear.x=0.0, angular.z=0.0
[decoded_serial_node-3] [INFO] [1791537110.506654310] [bw_dr03_decoded_serial_node]: RECEIVED /cmd_vel: linear.x=0.0, angular.z=0.0
[decoded_serial_node-3] [INFO] [1791537110.571010844] [bw_dr03_decoded_serial_node]: RECEIVED /cmd_vel: linear.x=0.0, angular.z=0.0
[follow_planner-8] [INFO] [1791537110.571401473] [follow_planner_node]: [ESTOP] mat du lieu /scan — dung xe | d=- goc=- | v=0.000 w=0.000 | thoang=-
[decoded_serial_node-3] [INFO] [1791537110.571833659] [bw_dr03_decoded_serial_node]: RECEIVED /cmd_vel: linear.x=0.0, angular.z=0.0
[decoded_serial_node-3] [INFO] [1791537110.572664786] [bw_dr03_decoded_serial_node]: RECEIVED /cmd_vel: linear.x=0.0, angular.z=0.0
[decoded_serial_node-3] [INFO] [1791537110.637156675] [bw_dr03_decoded_serial_node]: RECEIVED /cmd_vel: linear.x=0.0, angular.z=0.0
[decoded_serial_node-3] [INFO] [1791537110.638011548] [bw_dr03_decoded_serial_node]: RECEIVED /cmd_vel: linear.x=0.0, angular.z=0.0
[decoded_serial_node-3] [INFO] [1791537110.638789246] [bw_dr03_decoded_serial_node]: RECEIVED /cmd_vel: linear.x=0.0, angular.z=0.0
[decoded_serial_node-3] [INFO] [1791537110.704632309] [bw_dr03_decoded_serial_node]: RECEIVED /cmd_vel: linear.x=0.0, angular.z=0.0
[decoded_serial_node-3] [INFO] [1791537110.707175558] [bw_dr03_decoded_serial_node]: RECEIVED /cmd_vel: linear.x=0.0, angular.z=0.0
[decoded_serial_node-3] [INFO] [1791537110.707826211] [bw_dr03_decoded_serial_node]: RECEIVED /cmd_vel: linear.x=0.0, angular.z=0.0
[decoded_serial_node-3] [INFO] [1791537110.770468249] [bw_dr03_decoded_serial_node]: RECEIVED /cmd_vel: linear.x=0.0, angular.z=0.0
[decoded_serial_node-3] [INFO] [1791537110.771074972] [bw_dr03_decoded_serial_node]: RECEIVED /cmd_vel: linear.x=0.0, angular.z=0.0
[decoded_serial_node-3] [INFO] [1791537110.771635389] [bw_dr03_decoded_serial_node]: RECEIVED /cmd_vel: linear.x=0.0, angular.z=0.0
[decoded_serial_node-3] [INFO] [1791537110.838126731] [bw_dr03_decoded_serial_node]: RECEIVED /cmd_vel: linear.x=0.0, angular.z=0.0
[decoded_serial_node-3] [INFO] [1791537110.839037409] [bw_dr03_decoded_serial_node]: RECEIVED /cmd_vel: linear.x=0.0, angular.z=0.0
[decoded_serial_node-3] [INFO] [1791537110.839552708] [bw_dr03_decoded_serial_node]: RECEIVED /cmd_vel: linear.x=0.0, angular.z=0.0
[decoded_serial_node-3] [INFO] [1791537110.904418603] [bw_dr03_decoded_serial_node]: RECEIVED /cmd_vel: linear.x=0.0, angular.z=0.0
[decoded_serial_node-3] [INFO] [1791537110.904967147] [bw_dr03_decoded_serial_node]: RECEIVED /cmd_vel: linear.x=0.0, angular.z=0.0
[decoded_serial_node-3] [INFO] [1791537110.905452763] [bw_dr03_decoded_serial_node]: RECEIVED /cmd_vel: linear.x=0.0, angular.z=0.0
[decoded_serial_node-3] [INFO] [1791537110.970366151] [bw_dr03_decoded_serial_node]: RECEIVED /cmd_vel: linear.x=0.0, angular.z=0.0
[decoded_serial_node-3] [INFO] [1791537110.970889761] [bw_dr03_decoded_serial_node]: RECEIVED /cmd_vel: linear.x=0.0, angular.z=0.0
[decoded_serial_node-3] [INFO] [1791537110.971352818] [bw_dr03_decoded_serial_node]: RECEIVED /cmd_vel: linear.x=0.0, angular.z=0.0
[decoded_serial_node-3] [INFO] [1791537111.037605507] [bw_dr03_decoded_serial_node]: RECEIVED /cmd_vel: linear.x=0.0, angular.z=0.0
[decoded_serial_node-3] [INFO] [1791537111.038384392] [bw_dr03_decoded_serial_node]: RECEIVED /cmd_vel: linear.x=0.0, angular.z=0.0
[decoded_serial_node-3] [INFO] [1791537111.038849823] [bw_dr03_decoded_serial_node]: RECEIVED /cmd_vel: linear.x=0.0, angular.z=0.0
[decoded_serial_node-3] [INFO] [1791537111.104951722] [bw_dr03_decoded_serial_node]: RECEIVED /cmd_vel: linear.x=0.0, angular.z=0.0
[decoded_serial_node-3] [INFO] [1791537111.105637995] [bw_dr03_decoded_serial_node]: RECEIVED /cmd_vel: linear.x=0.0, angular.z=0.0
[decoded_serial_node-3] [INFO] [1791537111.106093928] [bw_dr03_decoded_serial_node]: RECEIVED /cmd_vel: linear.x=0.0, angular.z=0.0
[decoded_serial_node-3] [INFO] [1791537111.170505077] [bw_dr03_decoded_serial_node]: RECEIVED /cmd_vel: linear.x=0.0, angular.z=0.0
[decoded_serial_node-3] [INFO] [1791537111.171426440] [bw_dr03_decoded_serial_node]: RECEIVED /cmd_vel: linear.x=0.0, angular.z=0.0
[decoded_serial_node-3] [INFO] [1791537111.171883560] [bw_dr03_decoded_serial_node]: RECEIVED /cmd_vel: linear.x=0.0, angular.z=0.0
[decoded_serial_node-3] [INFO] [1791537111.238506694] [bw_dr03_decoded_serial_node]: RECEIVED /cmd_vel: linear.x=0.0, angular.z=0.0
[decoded_serial_node-3] [INFO] [1791537111.240333986] [bw_dr03_decoded_serial_node]: RECEIVED /cmd_vel: linear.x=0.0, angular.z=0.0
[decoded_serial_node-3] [INFO] [1791537111.240826725] [bw_dr03_decoded_serial_node]: RECEIVED /cmd_vel: linear.x=0.0, angular.z=0.0
[decoded_serial_node-3] [INFO] [1791537111.304324822] [bw_dr03_decoded_serial_node]: RECEIVED /cmd_vel: linear.x=0.0, angular.z=0.0
[decoded_serial_node-3] [INFO] [1791537111.304965977] [bw_dr03_decoded_serial_node]: RECEIVED /cmd_vel: linear.x=0.0, angular.z=0.0
[decoded_serial_node-3] [INFO] [1791537111.305401725] [bw_dr03_decoded_serial_node]: RECEIVED /cmd_vel: linear.x=0.0, angular.z=0.0
[decoded_serial_node-3] [INFO] [1791537111.370959829] [bw_dr03_decoded_serial_node]: RECEIVED /cmd_vel: linear.x=0.0, angular.z=0.0
[decoded_serial_node-3] [INFO] [1791537111.371840824] [bw_dr03_decoded_serial_node]: RECEIVED /cmd_vel: linear.x=0.0, angular.z=0.0
[decoded_serial_node-3] [INFO] [1791537111.372283696] [bw_dr03_decoded_serial_node]: RECEIVED /cmd_vel: linear.x=0.0, angular.z=0.0
[target_tracker-7] [INFO] [1791537111.384336224] [target_tracker_node]: muc tieu: no_target_yet
[decoded_serial_node-3] [INFO] [1791537111.437672013] [bw_dr03_decoded_serial_node]: RECEIVED /cmd_vel: linear.x=0.0, angular.z=0.0
[decoded_serial_node-3] [INFO] [1791537111.438212245] [bw_dr03_decoded_serial_node]: RECEIVED /cmd_vel: linear.x=0.0, angular.z=0.0
[decoded_serial_node-3] [INFO] [1791537111.438694299] [bw_dr03_decoded_serial_node]: RECEIVED /cmd_vel: linear.x=0.0, angular.z=0.0
[decoded_serial_node-3] [INFO] [1791537111.505045536] [bw_dr03_decoded_serial_node]: RECEIVED /cmd_vel: linear.x=0.0, angular.z=0.0
[decoded_serial_node-3] [INFO] [1791537111.506131937] [bw_dr03_decoded_serial_node]: RECEIVED /cmd_vel: linear.x=0.0, angular.z=0.0
[decoded_serial_node-3] [INFO] [1791537111.506615178] [bw_dr03_decoded_serial_node]: RECEIVED /cmd_vel: linear.x=0.0, angular.z=0.0
[decoded_serial_node-3] [INFO] [1791537111.570909969] [bw_dr03_decoded_serial_node]: RECEIVED /cmd_vel: linear.x=0.0, angular.z=0.0
[decoded_serial_node-3] [INFO] [1791537111.571418144] [bw_dr03_decoded_serial_node]: RECEIVED /cmd_vel: linear.x=0.0, angular.z=0.0
[decoded_serial_node-3] [INFO] [1791537111.571934630] [bw_dr03_decoded_serial_node]: RECEIVED /cmd_vel: linear.x=0.0, angular.z=0.0
[follow_planner-8] [INFO] [1791537111.637204215] [follow_planner_node]: [ESTOP] mat du lieu /scan — dung xe | d=- goc=- | v=0.000 w=0.000 | thoang=-
[decoded_serial_node-3] [INFO] [1791537111.637528354] [bw_dr03_decoded_serial_node]: RECEIVED /cmd_vel: linear.x=0.0, angular.z=0.0
[decoded_serial_node-3] [INFO] [1791537111.638360668] [bw_dr03_decoded_serial_node]: RECEIVED /cmd_vel: linear.x=0.0, angular.z=0.0
[decoded_serial_node-3] [INFO] [1791537111.638924647] [bw_dr03_decoded_serial_node]: RECEIVED /cmd_vel: linear.x=0.0, angular.z=0.0
[decoded_serial_node-3] [INFO] [1791537111.703762046] [bw_dr03_decoded_serial_node]: RECEIVED /cmd_vel: linear.x=0.0, angular.z=0.0
[decoded_serial_node-3] [INFO] [1791537111.704367581] [bw_dr03_decoded_serial_node]: RECEIVED /cmd_vel: linear.x=0.0, angular.z=0.0
[decoded_serial_node-3] [INFO] [1791537111.704857946] [bw_dr03_decoded_serial_node]: RECEIVED /cmd_vel: linear.x=0.0, angular.z=0.0
[decoded_serial_node-3] [INFO] [1791537111.771006150] [bw_dr03_decoded_serial_node]: RECEIVED /cmd_vel: linear.x=0.0, angular.z=0.0
[decoded_serial_node-3] [INFO] [1791537111.771662741] [bw_dr03_decoded_serial_node]: RECEIVED /cmd_vel: linear.x=0.0, angular.z=0.0
[decoded_serial_node-3] [INFO] [1791537111.772134108] [bw_dr03_decoded_serial_node]: RECEIVED /cmd_vel: linear.x=0.0, angular.z=0.0
[decoded_serial_node-3] [INFO] [1791537111.838772677] [bw_dr03_decoded_serial_node]: RECEIVED /cmd_vel: linear.x=0.0, angular.z=0.0
[decoded_serial_node-3] [INFO] [1791537111.839372276] [bw_dr03_decoded_serial_node]: RECEIVED /cmd_vel: linear.x=0.0, angular.z=0.0
[decoded_serial_node-3] [INFO] [1791537111.839853142] [bw_dr03_decoded_serial_node]: RECEIVED /cmd_vel: linear.x=0.0, angular.z=0.0
[decoded_serial_node-3] [INFO] [1791537111.903997144] [bw_dr03_decoded_serial_node]: RECEIVED /cmd_vel: linear.x=0.0, angular.z=0.0
[decoded_serial_node-3] [INFO] [1791537111.904612177] [bw_dr03_decoded_serial_node]: RECEIVED /cmd_vel: linear.x=0.0, angular.z=0.0
[decoded_serial_node-3] [INFO] [1791537111.905102542] [bw_dr03_decoded_serial_node]: RECEIVED /cmd_vel: linear.x=0.0, angular.z=0.0
[decoded_serial_node-3] [INFO] [1791537111.970701016] [bw_dr03_decoded_serial_node]: RECEIVED /cmd_vel: linear.x=0.0, angular.z=0.0
[decoded_serial_node-3] [INFO] [1791537111.971196130] [bw_dr03_decoded_serial_node]: RECEIVED /cmd_vel: linear.x=0.0, angular.z=0.0
[decoded_serial_node-3] [INFO] [1791537111.971699555] [bw_dr03_decoded_serial_node]: RECEIVED /cmd_vel: linear.x=0.0, angular.z=0.0
[decoded_serial_node-3] [INFO] [1791537112.037250535] [bw_dr03_decoded_serial_node]: RECEIVED /cmd_vel: linear.x=0.0, angular.z=0.0
[decoded_serial_node-3] [INFO] [1791537112.037840635] [bw_dr03_decoded_serial_node]: RECEIVED /cmd_vel: linear.x=0.0, angular.z=0.0
[decoded_serial_node-3] [INFO] [1791537112.038295380] [bw_dr03_decoded_serial_node]: RECEIVED /cmd_vel: linear.x=0.0, angular.z=0.0
[decoded_serial_node-3] [INFO] [1791537112.104907826] [bw_dr03_decoded_serial_node]: RECEIVED /cmd_vel: linear.x=0.0, angular.z=0.0
[decoded_serial_node-3] [INFO] [1791537112.105463494] [bw_dr03_decoded_serial_node]: RECEIVED /cmd_vel: linear.x=0.0, angular.z=0.0
[decoded_serial_node-3] [INFO] [1791537112.105950297] [bw_dr03_decoded_serial_node]: RECEIVED /cmd_vel: linear.x=0.0, angular.z=0.0
[decoded_serial_node-3] [INFO] [1791537112.170541918] [bw_dr03_decoded_serial_node]: RECEIVED /cmd_vel: linear.x=0.0, angular.z=0.0
[decoded_serial_node-3] [INFO] [1791537112.171025159] [bw_dr03_decoded_serial_node]: RECEIVED /cmd_vel: linear.x=0.0, angular.z=0.0
[decoded_serial_node-3] [INFO] [1791537112.171489402] [bw_dr03_decoded_serial_node]: RECEIVED /cmd_vel: linear.x=0.0, angular.z=0.0
[decoded_serial_node-3] [INFO] [1791537112.237514123] [bw_dr03_decoded_serial_node]: RECEIVED /cmd_vel: linear.x=0.0, angular.z=0.0
[decoded_serial_node-3] [INFO] [1791537112.238371371] [bw_dr03_decoded_serial_node]: RECEIVED /cmd_vel: linear.x=0.0, angular.z=0.0
[decoded_serial_node-3] [INFO] [1791537112.238818993] [bw_dr03_decoded_serial_node]: RECEIVED /cmd_vel: linear.x=0.0, angular.z=0.0
[decoded_serial_node-3] [INFO] [1791537112.304089763] [bw_dr03_decoded_serial_node]: RECEIVED /cmd_vel: linear.x=0.0, angular.z=0.0
[decoded_serial_node-3] [INFO] [1791537112.305297272] [bw_dr03_decoded_serial_node]: RECEIVED /cmd_vel: linear.x=0.0, angular.z=0.0
[decoded_serial_node-3] [INFO] [1791537112.305857689] [bw_dr03_decoded_serial_node]: RECEIVED /cmd_vel: linear.x=0.0, angular.z=0.0
[decoded_serial_node-3] [INFO] [1791537112.370728331] [bw_dr03_decoded_serial_node]: RECEIVED /cmd_vel: linear.x=0.0, angular.z=0.0
[decoded_serial_node-3] [INFO] [1791537112.371189012] [bw_dr03_decoded_serial_node]: RECEIVED /cmd_vel: linear.x=0.0, angular.z=0.0
[decoded_serial_node-3] [INFO] [1791537112.371688876] [bw_dr03_decoded_serial_node]: RECEIVED /cmd_vel: linear.x=0.0, angular.z=0.0
[target_tracker-7] [INFO] [1791537112.384361186] [target_tracker_node]: muc tieu: no_target_yet
[decoded_serial_node-3] [INFO] [1791537112.437750404] [bw_dr03_decoded_serial_node]: RECEIVED /cmd_vel: linear.x=0.0, angular.z=0.0
[decoded_serial_node-3] [INFO] [1791537112.438684828] [bw_dr03_decoded_serial_node]: RECEIVED /cmd_vel: linear.x=0.0, angular.z=0.0
[decoded_serial_node-3] [INFO] [1791537112.439176380] [bw_dr03_decoded_serial_node]: RECEIVED /cmd_vel: linear.x=0.0, angular.z=0.0
[decoded_serial_node-3] [INFO] [1791537112.504517203] [bw_dr03_decoded_serial_node]: RECEIVED /cmd_vel: linear.x=0.0, angular.z=0.0
[decoded_serial_node-3] [INFO] [1791537112.505122738] [bw_dr03_decoded_serial_node]: RECEIVED /cmd_vel: linear.x=0.0, angular.z=0.0
[decoded_serial_node-3] [INFO] [1791537112.505595293] [bw_dr03_decoded_serial_node]: RECEIVED /cmd_vel: linear.x=0.0, angular.z=0.0
[decoded_serial_node-3] [INFO] [1791537112.570632160] [bw_dr03_decoded_serial_node]: RECEIVED /cmd_vel: linear.x=0.0, angular.z=0.0
[decoded_serial_node-3] [INFO] [1791537112.571110652] [bw_dr03_decoded_serial_node]: RECEIVED /cmd_vel: linear.x=0.0, angular.z=0.0
[decoded_serial_node-3] [INFO] [1791537112.571591518] [bw_dr03_decoded_serial_node]: RECEIVED /cmd_vel: linear.x=0.0, angular.z=0.0
[follow_planner-8] [INFO] [1791537112.637157932] [follow_planner_node]: [ESTOP] mat du lieu /scan — dung xe | d=- goc=- | v=0.000 w=0.000 | thoang=-
[decoded_serial_node-3] [INFO] [1791537112.637217298] [bw_dr03_decoded_serial_node]: RECEIVED /cmd_vel: linear.x=0.0, angular.z=0.0
[decoded_serial_node-3] [INFO] [1791537112.637732597] [bw_dr03_decoded_serial_node]: RECEIVED /cmd_vel: linear.x=0.0, angular.z=0.0
[decoded_serial_node-3] [INFO] [1791537112.638187342] [bw_dr03_decoded_serial_node]: RECEIVED /cmd_vel: linear.x=0.0, angular.z=0.0
[decoded_serial_node-3] [INFO] [1791537112.705110867] [bw_dr03_decoded_serial_node]: RECEIVED /cmd_vel: linear.x=0.0, angular.z=0.0
[decoded_serial_node-3] [INFO] [1791537112.705591734] [bw_dr03_decoded_serial_node]: RECEIVED /cmd_vel: linear.x=0.0, angular.z=0.0
[decoded_serial_node-3] [INFO] [1791537112.706034606] [bw_dr03_decoded_serial_node]: RECEIVED /cmd_vel: linear.x=0.0, angular.z=0.0
[decoded_serial_node-3] [INFO] [1791537112.770342456] [bw_dr03_decoded_serial_node]: RECEIVED /cmd_vel: linear.x=0.0, angular.z=0.0
[decoded_serial_node-3] [INFO] [1791537112.770822135] [bw_dr03_decoded_serial_node]: RECEIVED /cmd_vel: linear.x=0.0, angular.z=0.0
[decoded_serial_node-3] [INFO] [1791537112.771294690] [bw_dr03_decoded_serial_node]: RECEIVED /cmd_vel: linear.x=0.0, angular.z=0.0
[decoded_serial_node-3] [INFO] [1791537112.836798176] [bw_dr03_decoded_serial_node]: RECEIVED /cmd_vel: linear.x=0.0, angular.z=0.0
[decoded_serial_node-3] [INFO] [1791537112.837774156] [bw_dr03_decoded_serial_node]: RECEIVED /cmd_vel: linear.x=0.0, angular.z=0.0
[decoded_serial_node-3] [INFO] [1791537112.838408187] [bw_dr03_decoded_serial_node]: RECEIVED /cmd_vel: linear.x=0.0, angular.z=0.0
[decoded_serial_node-3] [INFO] [1791537112.904094521] [bw_dr03_decoded_serial_node]: RECEIVED /cmd_vel: linear.x=0.0, angular.z=0.0
[decoded_serial_node-3] [INFO] [1791537112.905268785] [bw_dr03_decoded_serial_node]: RECEIVED /cmd_vel: linear.x=0.0, angular.z=0.0
[decoded_serial_node-3] [INFO] [1791537112.905776959] [bw_dr03_decoded_serial_node]: RECEIVED /cmd_vel: linear.x=0.0, angular.z=0.0
[decoded_serial_node-3] [INFO] [1791537112.970704593] [bw_dr03_decoded_serial_node]: RECEIVED /cmd_vel: linear.x=0.0, angular.z=0.0
[decoded_serial_node-3] [INFO] [1791537112.971199707] [bw_dr03_decoded_serial_node]: RECEIVED /cmd_vel: linear.x=0.0, angular.z=0.0
[decoded_serial_node-3] [INFO] [1791537112.971705507] [bw_dr03_decoded_serial_node]: RECEIVED /cmd_vel: linear.x=0.0, angular.z=0.0
[decoded_serial_node-3] [INFO] [1791537113.038186160] [bw_dr03_decoded_serial_node]: RECEIVED /cmd_vel: linear.x=0.0, angular.z=0.0
[decoded_serial_node-3] [INFO] [1791537113.038928237] [bw_dr03_decoded_serial_node]: RECEIVED /cmd_vel: linear.x=0.0, angular.z=0.0
[decoded_serial_node-3] [INFO] [1791537113.039457784] [bw_dr03_decoded_serial_node]: RECEIVED /cmd_vel: linear.x=0.0, angular.z=0.0
[decoded_serial_node-3] [INFO] [1791537113.104603883] [bw_dr03_decoded_serial_node]: RECEIVED /cmd_vel: linear.x=0.0, angular.z=0.0
[decoded_serial_node-3] [INFO] [1791537113.105256912] [bw_dr03_decoded_serial_node]: RECEIVED /cmd_vel: linear.x=0.0, angular.z=0.0
[decoded_serial_node-3] [INFO] [1791537113.105804268] [bw_dr03_decoded_serial_node]: RECEIVED /cmd_vel: linear.x=0.0, angular.z=0.0
[decoded_serial_node-3] [INFO] [1791537113.170980051] [bw_dr03_decoded_serial_node]: RECEIVED /cmd_vel: linear.x=0.0, angular.z=0.0
[decoded_serial_node-3] [INFO] [1791537113.171989276] [bw_dr03_decoded_serial_node]: RECEIVED /cmd_vel: linear.x=0.0, angular.z=0.0
[decoded_serial_node-3] [INFO] [1791537113.172524760] [bw_dr03_decoded_serial_node]: RECEIVED /cmd_vel: linear.x=0.0, angular.z=0.0
[decoded_serial_node-3] [INFO] [1791537113.236849231] [bw_dr03_decoded_serial_node]: RECEIVED /cmd_vel: linear.x=0.0, angular.z=0.0
[decoded_serial_node-3] [INFO] [1791537113.237415585] [bw_dr03_decoded_serial_node]: RECEIVED /cmd_vel: linear.x=0.0, angular.z=0.0
[decoded_serial_node-3] [INFO] [1791537113.237966503] [bw_dr03_decoded_serial_node]: RECEIVED /cmd_vel: linear.x=0.0, angular.z=0.0
[decoded_serial_node-3] [INFO] [1791537113.304976701] [bw_dr03_decoded_serial_node]: RECEIVED /cmd_vel: linear.x=0.0, angular.z=0.0
[decoded_serial_node-3] [INFO] [1791537113.305633292] [bw_dr03_decoded_serial_node]: RECEIVED /cmd_vel: linear.x=0.0, angular.z=0.0
[decoded_serial_node-3] [INFO] [1791537113.306180648] [bw_dr03_decoded_serial_node]: RECEIVED /cmd_vel: linear.x=0.0, angular.z=0.0
[decoded_serial_node-3] [INFO] [1791537113.370578734] [bw_dr03_decoded_serial_node]: RECEIVED /cmd_vel: linear.x=0.0, angular.z=0.0
[decoded_serial_node-3] [INFO] [1791537113.371166459] [bw_dr03_decoded_serial_node]: RECEIVED /cmd_vel: linear.x=0.0, angular.z=0.0
[decoded_serial_node-3] [INFO] [1791537113.371741124] [bw_dr03_decoded_serial_node]: RECEIVED /cmd_vel: linear.x=0.0, angular.z=0.0
[target_tracker-7] [INFO] [1791537113.384837309] [target_tracker_node]: muc tieu: no_target_yet
[decoded_serial_node-3] [INFO] [1791537113.437890512] [bw_dr03_decoded_serial_node]: RECEIVED /cmd_vel: linear.x=0.0, angular.z=0.0
[decoded_serial_node-3] [INFO] [1791537113.438658711] [bw_dr03_decoded_serial_node]: RECEIVED /cmd_vel: linear.x=0.0, angular.z=0.0
[decoded_serial_node-3] [INFO] [1791537113.439270183] [bw_dr03_decoded_serial_node]: RECEIVED /cmd_vel: linear.x=0.0, angular.z=0.0
[decoded_serial_node-3] [INFO] [1791537113.504365228] [bw_dr03_decoded_serial_node]: RECEIVED /cmd_vel: linear.x=0.0, angular.z=0.0
[decoded_serial_node-3] [INFO] [1791537113.505055063] [bw_dr03_decoded_serial_node]: RECEIVED /cmd_vel: linear.x=0.0, angular.z=0.0
[decoded_serial_node-3] [INFO] [1791537113.505671284] [bw_dr03_decoded_serial_node]: RECEIVED /cmd_vel: linear.x=0.0, angular.z=0.0
[decoded_serial_node-3] [INFO] [1791537113.570766329] [bw_dr03_decoded_serial_node]: RECEIVED /cmd_vel: linear.x=0.0, angular.z=0.0
[decoded_serial_node-3] [INFO] [1791537113.571318435] [bw_dr03_decoded_serial_node]: RECEIVED /cmd_vel: linear.x=0.0, angular.z=0.0
[decoded_serial_node-3] [INFO] [1791537113.571913284] [bw_dr03_decoded_serial_node]: RECEIVED /cmd_vel: linear.x=0.0, angular.z=0.0
[decoded_serial_node-3] [INFO] [1791537113.637991433] [bw_dr03_decoded_serial_node]: RECEIVED /cmd_vel: linear.x=0.0, angular.z=0.0
[follow_planner-8] [INFO] [1791537113.637991433] [follow_planner_node]: [ESTOP] mat du lieu /scan — dung xe | d=- goc=- | v=0.000 w=0.000 | thoang=-
[decoded_serial_node-3] [INFO] [1791537113.638746571] [bw_dr03_decoded_serial_node]: RECEIVED /cmd_vel: linear.x=0.0, angular.z=0.0
[decoded_serial_node-3] [INFO] [1791537113.639377040] [bw_dr03_decoded_serial_node]: RECEIVED /cmd_vel: linear.x=0.0, angular.z=0.0
[decoded_serial_node-3] [INFO] [1791537113.704225122] [bw_dr03_decoded_serial_node]: RECEIVED /cmd_vel: linear.x=0.0, angular.z=0.0
[decoded_serial_node-3] [INFO] [1791537113.705060998] [bw_dr03_decoded_serial_node]: RECEIVED /cmd_vel: linear.x=0.0, angular.z=0.0
[decoded_serial_node-3] [INFO] [1791537113.705544239] [bw_dr03_decoded_serial_node]: RECEIVED /cmd_vel: linear.x=0.0, angular.z=0.0
[decoded_serial_node-3] [INFO] [1791537113.770945613] [bw_dr03_decoded_serial_node]: RECEIVED /cmd_vel: linear.x=0.0, angular.z=0.0
[decoded_serial_node-3] [INFO] [1791537113.771446664] [bw_dr03_decoded_serial_node]: RECEIVED /cmd_vel: linear.x=0.0, angular.z=0.0
[decoded_serial_node-3] [INFO] [1791537113.771965525] [bw_dr03_decoded_serial_node]: RECEIVED /cmd_vel: linear.x=0.0, angular.z=0.0
[decoded_serial_node-3] [INFO] [1791537113.837296847] [bw_dr03_decoded_serial_node]: RECEIVED /cmd_vel: linear.x=0.0, angular.z=0.0
[decoded_serial_node-3] [INFO] [1791537113.837853702] [bw_dr03_decoded_serial_node]: RECEIVED /cmd_vel: linear.x=0.0, angular.z=0.0
[decoded_serial_node-3] [INFO] [1791537113.838333381] [bw_dr03_decoded_serial_node]: RECEIVED /cmd_vel: linear.x=0.0, angular.z=0.0
[decoded_serial_node-3] [INFO] [1791537113.904217996] [bw_dr03_decoded_serial_node]: RECEIVED /cmd_vel: linear.x=0.0, angular.z=0.0
[decoded_serial_node-3] [INFO] [1791537113.905226034] [bw_dr03_decoded_serial_node]: RECEIVED /cmd_vel: linear.x=0.0, angular.z=0.0
[decoded_serial_node-3] [INFO] [1791537113.905711650] [bw_dr03_decoded_serial_node]: RECEIVED /cmd_vel: linear.x=0.0, angular.z=0.0
[decoded_serial_node-3] [INFO] [1791537113.970283085] [bw_dr03_decoded_serial_node]: RECEIVED /cmd_vel: linear.x=0.0, angular.z=0.0
[decoded_serial_node-3] [INFO] [1791537113.970755640] [bw_dr03_decoded_serial_node]: RECEIVED /cmd_vel: linear.x=0.0, angular.z=0.0
[decoded_serial_node-3] [INFO] [1791537113.971269751] [bw_dr03_decoded_serial_node]: RECEIVED /cmd_vel: linear.x=0.0, angular.z=0.0
[decoded_serial_node-3] [INFO] [1791537114.037555681] [bw_dr03_decoded_serial_node]: RECEIVED /cmd_vel: linear.x=0.0, angular.z=0.0
[decoded_serial_node-3] [INFO] [1791537114.038435488] [bw_dr03_decoded_serial_node]: RECEIVED /cmd_vel: linear.x=0.0, angular.z=0.0
[decoded_serial_node-3] [INFO] [1791537114.038930602] [bw_dr03_decoded_serial_node]: RECEIVED /cmd_vel: linear.x=0.0, angular.z=0.0
[decoded_serial_node-3] [INFO] [1791537114.104229865] [bw_dr03_decoded_serial_node]: RECEIVED /cmd_vel: linear.x=0.0, angular.z=0.0
[decoded_serial_node-3] [INFO] [1791537114.104828276] [bw_dr03_decoded_serial_node]: RECEIVED /cmd_vel: linear.x=0.0, angular.z=0.0
[decoded_serial_node-3] [INFO] [1791537114.105288958] [bw_dr03_decoded_serial_node]: RECEIVED /cmd_vel: linear.x=0.0, angular.z=0.0
[decoded_serial_node-3] [INFO] [1791537114.170392313] [bw_dr03_decoded_serial_node]: RECEIVED /cmd_vel: linear.x=0.0, angular.z=0.0
[decoded_serial_node-3] [INFO] [1791537114.170879116] [bw_dr03_decoded_serial_node]: RECEIVED /cmd_vel: linear.x=0.0, angular.z=0.0
[decoded_serial_node-3] [INFO] [1791537114.171362356] [bw_dr03_decoded_serial_node]: RECEIVED /cmd_vel: linear.x=0.0, angular.z=0.0
[decoded_serial_node-3] [INFO] [1791537114.236673493] [bw_dr03_decoded_serial_node]: RECEIVED /cmd_vel: linear.x=0.0, angular.z=0.0
[decoded_serial_node-3] [INFO] [1791537114.237149610] [bw_dr03_decoded_serial_node]: RECEIVED /cmd_vel: linear.x=0.0, angular.z=0.0
[decoded_serial_node-3] [INFO] [1791537114.237596043] [bw_dr03_decoded_serial_node]: RECEIVED /cmd_vel: linear.x=0.0, angular.z=0.0
[decoded_serial_node-3] [INFO] [1791537114.304271415] [bw_dr03_decoded_serial_node]: RECEIVED /cmd_vel: linear.x=0.0, angular.z=0.0
[decoded_serial_node-3] [INFO] [1791537114.305034864] [bw_dr03_decoded_serial_node]: RECEIVED /cmd_vel: linear.x=0.0, angular.z=0.0
[decoded_serial_node-3] [INFO] [1791537114.305475362] [bw_dr03_decoded_serial_node]: RECEIVED /cmd_vel: linear.x=0.0, angular.z=0.0
[decoded_serial_node-3] [INFO] [1791537114.370691512] [bw_dr03_decoded_serial_node]: RECEIVED /cmd_vel: linear.x=0.0, angular.z=0.0
[decoded_serial_node-3] [INFO] [1791537114.371167629] [bw_dr03_decoded_serial_node]: RECEIVED /cmd_vel: linear.x=0.0, angular.z=0.0
[decoded_serial_node-3] [INFO] [1791537114.371707861] [bw_dr03_decoded_serial_node]: RECEIVED /cmd_vel: linear.x=0.0, angular.z=0.0
[target_tracker-7] [INFO] [1791537114.434391449] [target_tracker_node]: muc tieu: no_target_yet
[decoded_serial_node-3] [INFO] [1791537114.437256462] [bw_dr03_decoded_serial_node]: RECEIVED /cmd_vel: linear.x=0.0, angular.z=0.0
[decoded_serial_node-3] [INFO] [1791537114.437841813] [bw_dr03_decoded_serial_node]: RECEIVED /cmd_vel: linear.x=0.0, angular.z=0.0
[decoded_serial_node-3] [INFO] [1791537114.438306057] [bw_dr03_decoded_serial_node]: RECEIVED /cmd_vel: linear.x=0.0, angular.z=0.0
[decoded_serial_node-3] [INFO] [1791537114.504339086] [bw_dr03_decoded_serial_node]: RECEIVED /cmd_vel: linear.x=0.0, angular.z=0.0
[decoded_serial_node-3] [INFO] [1791537114.505266386] [bw_dr03_decoded_serial_node]: RECEIVED /cmd_vel: linear.x=0.0, angular.z=0.0
[decoded_serial_node-3] [INFO] [1791537114.505734192] [bw_dr03_decoded_serial_node]: RECEIVED /cmd_vel: linear.x=0.0, angular.z=0.0
[decoded_serial_node-3] [INFO] [1791537114.570932532] [bw_dr03_decoded_serial_node]: RECEIVED /cmd_vel: linear.x=0.0, angular.z=0.0
[decoded_serial_node-3] [INFO] [1791537114.571502448] [bw_dr03_decoded_serial_node]: RECEIVED /cmd_vel: linear.x=0.0, angular.z=0.0
[decoded_serial_node-3] [INFO] [1791537114.571980939] [bw_dr03_decoded_serial_node]: RECEIVED /cmd_vel: linear.x=0.0, angular.z=0.0
[decoded_serial_node-3] [INFO] [1791537114.636793399] [bw_dr03_decoded_serial_node]: RECEIVED /cmd_vel: linear.x=0.0, angular.z=0.0
[decoded_serial_node-3] [INFO] [1791537114.637718325] [bw_dr03_decoded_serial_node]: RECEIVED /cmd_vel: linear.x=0.0, angular.z=0.0
[decoded_serial_node-3] [INFO] [1791537114.638217001] [bw_dr03_decoded_serial_node]: RECEIVED /cmd_vel: linear.x=0.0, angular.z=0.0
[follow_planner-8] [INFO] [1791537114.704675092] [follow_planner_node]: [ESTOP] mat du lieu /scan — dung xe | d=- goc=- | v=0.000 w=0.000 | thoang=-
[decoded_serial_node-3] [INFO] [1791537114.705269942] [bw_dr03_decoded_serial_node]: RECEIVED /cmd_vel: linear.x=0.0, angular.z=0.0
[decoded_serial_node-3] [INFO] [1791537114.705879039] [bw_dr03_decoded_serial_node]: RECEIVED /cmd_vel: linear.x=0.0, angular.z=0.0
[decoded_serial_node-3] [INFO] [1791537114.706345657] [bw_dr03_decoded_serial_node]: RECEIVED /cmd_vel: linear.x=0.0, angular.z=0.0
[decoded_serial_node-3] [INFO] [1791537114.771671041] [bw_dr03_decoded_serial_node]: RECEIVED /cmd_vel: linear.x=0.0, angular.z=0.0
[decoded_serial_node-3] [INFO] [1791537114.772134098] [bw_dr03_decoded_serial_node]: RECEIVED /cmd_vel: linear.x=0.0, angular.z=0.0
[decoded_serial_node-3] [INFO] [1791537114.772594779] [bw_dr03_decoded_serial_node]: RECEIVED /cmd_vel: linear.x=0.0, angular.z=0.0
[decoded_serial_node-3] [INFO] [1791537114.838666990] [bw_dr03_decoded_serial_node]: RECEIVED /cmd_vel: linear.x=0.0, angular.z=0.0
[decoded_serial_node-3] [INFO] [1791537114.839257090] [bw_dr03_decoded_serial_node]: RECEIVED /cmd_vel: linear.x=0.0, angular.z=0.0
[decoded_serial_node-3] [INFO] [1791537114.839717772] [bw_dr03_decoded_serial_node]: RECEIVED /cmd_vel: linear.x=0.0, angular.z=0.0
[decoded_serial_node-3] [INFO] [1791537114.904457805] [bw_dr03_decoded_serial_node]: RECEIVED /cmd_vel: linear.x=0.0, angular.z=0.0
[decoded_serial_node-3] [INFO] [1791537114.904986165] [bw_dr03_decoded_serial_node]: RECEIVED /cmd_vel: linear.x=0.0, angular.z=0.0
[decoded_serial_node-3] [INFO] [1791537114.905458720] [bw_dr03_decoded_serial_node]: RECEIVED /cmd_vel: linear.x=0.0, angular.z=0.0
[decoded_serial_node-3] [INFO] [1791537114.970495584] [bw_dr03_decoded_serial_node]: RECEIVED /cmd_vel: linear.x=0.0, angular.z=0.0
[decoded_serial_node-3] [INFO] [1791537114.971034629] [bw_dr03_decoded_serial_node]: RECEIVED /cmd_vel: linear.x=0.0, angular.z=0.0
[decoded_serial_node-3] [INFO] [1791537114.971529743] [bw_dr03_decoded_serial_node]: RECEIVED /cmd_vel: linear.x=0.0, angular.z=0.0
[decoded_serial_node-3] [INFO] [1791537115.036888372] [bw_dr03_decoded_serial_node]: RECEIVED /cmd_vel: linear.x=0.0, angular.z=0.0
[decoded_serial_node-3] [INFO] [1791537115.037471348] [bw_dr03_decoded_serial_node]: RECEIVED /cmd_vel: linear.x=0.0, angular.z=0.0
[decoded_serial_node-3] [INFO] [1791537115.038028203] [bw_dr03_decoded_serial_node]: RECEIVED /cmd_vel: linear.x=0.0, angular.z=0.0
[decoded_serial_node-3] [INFO] [1791537115.104705947] [bw_dr03_decoded_serial_node]: RECEIVED /cmd_vel: linear.x=0.0, angular.z=0.0
[decoded_serial_node-3] [INFO] [1791537115.105662931] [bw_dr03_decoded_serial_node]: RECEIVED /cmd_vel: linear.x=0.0, angular.z=0.0
[decoded_serial_node-3] [INFO] [1791537115.106288650] [bw_dr03_decoded_serial_node]: RECEIVED /cmd_vel: linear.x=0.0, angular.z=0.0
[decoded_serial_node-3] [INFO] [1791537115.170787655] [bw_dr03_decoded_serial_node]: RECEIVED /cmd_vel: linear.x=0.0, angular.z=0.0
[decoded_serial_node-3] [INFO] [1791537115.171491738] [bw_dr03_decoded_serial_node]: RECEIVED /cmd_vel: linear.x=0.0, angular.z=0.0
[decoded_serial_node-3] [INFO] [1791537115.172206508] [bw_dr03_decoded_serial_node]: RECEIVED /cmd_vel: linear.x=0.0, angular.z=0.0
[decoded_serial_node-3] [INFO] [1791537115.237068834] [bw_dr03_decoded_serial_node]: RECEIVED /cmd_vel: linear.x=0.0, angular.z=0.0
[decoded_serial_node-3] [INFO] [1791537115.238436631] [bw_dr03_decoded_serial_node]: RECEIVED /cmd_vel: linear.x=0.0, angular.z=0.0
[decoded_serial_node-3] [INFO] [1791537115.239151400] [bw_dr03_decoded_serial_node]: RECEIVED /cmd_vel: linear.x=0.0, angular.z=0.0
[decoded_serial_node-3] [INFO] [1791537115.305112001] [bw_dr03_decoded_serial_node]: RECEIVED /cmd_vel: linear.x=0.0, angular.z=0.0
[decoded_serial_node-3] [INFO] [1791537115.306102229] [bw_dr03_decoded_serial_node]: RECEIVED /cmd_vel: linear.x=0.0, angular.z=0.0
[decoded_serial_node-3] [INFO] [1791537115.306788503] [bw_dr03_decoded_serial_node]: RECEIVED /cmd_vel: linear.x=0.0, angular.z=0.0
[decoded_serial_node-3] [INFO] [1791537115.370871944] [bw_dr03_decoded_serial_node]: RECEIVED /cmd_vel: linear.x=0.0, angular.z=0.0
[decoded_serial_node-3] [INFO] [1791537115.371631832] [bw_dr03_decoded_serial_node]: RECEIVED /cmd_vel: linear.x=0.0, angular.z=0.0
[decoded_serial_node-3] [INFO] [1791537115.372345413] [bw_dr03_decoded_serial_node]: RECEIVED /cmd_vel: linear.x=0.0, angular.z=0.0
[decoded_serial_node-3] [INFO] [1791537115.437052200] [bw_dr03_decoded_serial_node]: RECEIVED /cmd_vel: linear.x=0.0, angular.z=0.0
[decoded_serial_node-3] [INFO] [1791537115.437799027] [bw_dr03_decoded_serial_node]: RECEIVED /cmd_vel: linear.x=0.0, angular.z=0.0
[decoded_serial_node-3] [INFO] [1791537115.438468678] [bw_dr03_decoded_serial_node]: RECEIVED /cmd_vel: linear.x=0.0, angular.z=0.0
[target_tracker-7] [INFO] [1791537115.484836057] [target_tracker_node]: muc tieu: no_target_yet
[decoded_serial_node-3] [INFO] [1791537115.504740357] [bw_dr03_decoded_serial_node]: RECEIVED /cmd_vel: linear.x=0.0, angular.z=0.0
[decoded_serial_node-3] [INFO] [1791537115.505516867] [bw_dr03_decoded_serial_node]: RECEIVED /cmd_vel: linear.x=0.0, angular.z=0.0
[decoded_serial_node-3] [INFO] [1791537115.506188893] [bw_dr03_decoded_serial_node]: RECEIVED /cmd_vel: linear.x=0.0, angular.z=0.0
[decoded_serial_node-3] [INFO] [1791537115.570825627] [bw_dr03_decoded_serial_node]: RECEIVED /cmd_vel: linear.x=0.0, angular.z=0.0
[decoded_serial_node-3] [INFO] [1791537115.571524961] [bw_dr03_decoded_serial_node]: RECEIVED /cmd_vel: linear.x=0.0, angular.z=0.0
[decoded_serial_node-3] [INFO] [1791537115.572213609] [bw_dr03_decoded_serial_node]: RECEIVED /cmd_vel: linear.x=0.0, angular.z=0.0
[decoded_serial_node-3] [INFO] [1791537115.637472502] [bw_dr03_decoded_serial_node]: RECEIVED /cmd_vel: linear.x=0.0, angular.z=0.0
[decoded_serial_node-3] [INFO] [1791537115.638841486] [bw_dr03_decoded_serial_node]: RECEIVED /cmd_vel: linear.x=0.0, angular.z=0.0
[decoded_serial_node-3] [INFO] [1791537115.639760475] [bw_dr03_decoded_serial_node]: RECEIVED /cmd_vel: linear.x=0.0, angular.z=0.0
[decoded_serial_node-3] [INFO] [1791537115.705184405] [bw_dr03_decoded_serial_node]: RECEIVED /cmd_vel: linear.x=0.0, angular.z=0.0
[decoded_serial_node-3] [INFO] [1791537115.705925296] [bw_dr03_decoded_serial_node]: RECEIVED /cmd_vel: linear.x=0.0, angular.z=0.0
[decoded_serial_node-3] [INFO] [1791537115.706511834] [bw_dr03_decoded_serial_node]: RECEIVED /cmd_vel: linear.x=0.0, angular.z=0.0
[follow_planner-8] [INFO] [1791537115.771269675] [follow_planner_node]: [ESTOP] mat du lieu /scan — dung xe | d=- goc=- | v=0.000 w=0.000 | thoang=-
[decoded_serial_node-3] [INFO] [1791537115.771470333] [bw_dr03_decoded_serial_node]: RECEIVED /cmd_vel: linear.x=0.0, angular.z=0.0
[decoded_serial_node-3] [INFO] [1791537115.772110301] [bw_dr03_decoded_serial_node]: RECEIVED /cmd_vel: linear.x=0.0, angular.z=0.0
[decoded_serial_node-3] [INFO] [1791537115.772712274] [bw_dr03_decoded_serial_node]: RECEIVED /cmd_vel: linear.x=0.0, angular.z=0.0
[decoded_serial_node-3] [INFO] [1791537115.836929883] [bw_dr03_decoded_serial_node]: RECEIVED /cmd_vel: linear.x=0.0, angular.z=0.0
[decoded_serial_node-3] [INFO] [1791537115.837593598] [bw_dr03_decoded_serial_node]: RECEIVED /cmd_vel: linear.x=0.0, angular.z=0.0
[decoded_serial_node-3] [INFO] [1791537115.838211006] [bw_dr03_decoded_serial_node]: RECEIVED /cmd_vel: linear.x=0.0, angular.z=0.0
[decoded_serial_node-3] [INFO] [1791537115.904106304] [bw_dr03_decoded_serial_node]: RECEIVED /cmd_vel: linear.x=0.0, angular.z=0.0
[decoded_serial_node-3] [INFO] [1791537115.904893500] [bw_dr03_decoded_serial_node]: RECEIVED /cmd_vel: linear.x=0.0, angular.z=0.0
[decoded_serial_node-3] [INFO] [1791537115.905442044] [bw_dr03_decoded_serial_node]: RECEIVED /cmd_vel: linear.x=0.0, angular.z=0.0
[decoded_serial_node-3] [INFO] [1791537115.970930090] [bw_dr03_decoded_serial_node]: RECEIVED /cmd_vel: linear.x=0.0, angular.z=0.0
[decoded_serial_node-3] [INFO] [1791537115.971478633] [bw_dr03_decoded_serial_node]: RECEIVED /cmd_vel: linear.x=0.0, angular.z=0.0
[decoded_serial_node-3] [INFO] [1791537115.972067546] [bw_dr03_decoded_serial_node]: RECEIVED /cmd_vel: linear.x=0.0, angular.z=0.0
[decoded_serial_node-3] [INFO] [1791537116.037631580] [bw_dr03_decoded_serial_node]: RECEIVED /cmd_vel: linear.x=0.0, angular.z=0.0
[decoded_serial_node-3] [INFO] [1791537116.038774973] [bw_dr03_decoded_serial_node]: RECEIVED /cmd_vel: linear.x=0.0, angular.z=0.0
[decoded_serial_node-3] [INFO] [1791537116.039321142] [bw_dr03_decoded_serial_node]: RECEIVED /cmd_vel: linear.x=0.0, angular.z=0.0
[decoded_serial_node-3] [INFO] [1791537116.104813936] [bw_dr03_decoded_serial_node]: RECEIVED /cmd_vel: linear.x=0.0, angular.z=0.0
[decoded_serial_node-3] [INFO] [1791537116.105325672] [bw_dr03_decoded_serial_node]: RECEIVED /cmd_vel: linear.x=0.0, angular.z=0.0
[decoded_serial_node-3] [INFO] [1791537116.105787541] [bw_dr03_decoded_serial_node]: RECEIVED /cmd_vel: linear.x=0.0, angular.z=0.0
[decoded_serial_node-3] [INFO] [1791537116.170510949] [bw_dr03_decoded_serial_node]: RECEIVED /cmd_vel: linear.x=0.0, angular.z=0.0
[decoded_serial_node-3] [INFO] [1791537116.171002501] [bw_dr03_decoded_serial_node]: RECEIVED /cmd_vel: linear.x=0.0, angular.z=0.0
[decoded_serial_node-3] [INFO] [1791537116.171448935] [bw_dr03_decoded_serial_node]: RECEIVED /cmd_vel: linear.x=0.0, angular.z=0.0
[decoded_serial_node-3] [INFO] [1791537116.237694492] [bw_dr03_decoded_serial_node]: RECEIVED /cmd_vel: linear.x=0.0, angular.z=0.0
[decoded_serial_node-3] [INFO] [1791537116.238313088] [bw_dr03_decoded_serial_node]: RECEIVED /cmd_vel: linear.x=0.0, angular.z=0.0
[decoded_serial_node-3] [INFO] [1791537116.238769021] [bw_dr03_decoded_serial_node]: RECEIVED /cmd_vel: linear.x=0.0, angular.z=0.0
[decoded_serial_node-3] [INFO] [1791537116.304676190] [bw_dr03_decoded_serial_node]: RECEIVED /cmd_vel: linear.x=0.0, angular.z=0.0
[decoded_serial_node-3] [INFO] [1791537116.306726699] [bw_dr03_decoded_serial_node]: RECEIVED /cmd_vel: linear.x=0.0, angular.z=0.0
[decoded_serial_node-3] [INFO] [1791537116.307225375] [bw_dr03_decoded_serial_node]: RECEIVED /cmd_vel: linear.x=0.0, angular.z=0.0
[decoded_serial_node-3] [INFO] [1791537116.370678346] [bw_dr03_decoded_serial_node]: RECEIVED /cmd_vel: linear.x=0.0, angular.z=0.0
[decoded_serial_node-3] [INFO] [1791537116.371152088] [bw_dr03_decoded_serial_node]: RECEIVED /cmd_vel: linear.x=0.0, angular.z=0.0
[decoded_serial_node-3] [INFO] [1791537116.371659076] [bw_dr03_decoded_serial_node]: RECEIVED /cmd_vel: linear.x=0.0, angular.z=0.0
[decoded_serial_node-3] [INFO] [1791537116.437091316] [bw_dr03_decoded_serial_node]: RECEIVED /cmd_vel: linear.x=0.0, angular.z=0.0
[decoded_serial_node-3] [INFO] [1791537116.438221648] [bw_dr03_decoded_serial_node]: RECEIVED /cmd_vel: linear.x=0.0, angular.z=0.0
[decoded_serial_node-3] [INFO] [1791537116.438747633] [bw_dr03_decoded_serial_node]: RECEIVED /cmd_vel: linear.x=0.0, angular.z=0.0
[target_tracker-7] [INFO] [1791537116.485192187] [target_tracker_node]: muc tieu: no_target_yet
[decoded_serial_node-3] [INFO] [1791537116.504040956] [bw_dr03_decoded_serial_node]: RECEIVED /cmd_vel: linear.x=0.0, angular.z=0.0
[decoded_serial_node-3] [INFO] [1791537116.504644117] [bw_dr03_decoded_serial_node]: RECEIVED /cmd_vel: linear.x=0.0, angular.z=0.0
[decoded_serial_node-3] [INFO] [1791537116.505116672] [bw_dr03_decoded_serial_node]: RECEIVED /cmd_vel: linear.x=0.0, angular.z=0.0
[decoded_serial_node-3] [INFO] [1791537116.570836244] [bw_dr03_decoded_serial_node]: RECEIVED /cmd_vel: linear.x=0.0, angular.z=0.0
[decoded_serial_node-3] [INFO] [1791537116.571315923] [bw_dr03_decoded_serial_node]: RECEIVED /cmd_vel: linear.x=0.0, angular.z=0.0
[decoded_serial_node-3] [INFO] [1791537116.571844282] [bw_dr03_decoded_serial_node]: RECEIVED /cmd_vel: linear.x=0.0, angular.z=0.0
[decoded_serial_node-3] [INFO] [1791537116.637379820] [bw_dr03_decoded_serial_node]: RECEIVED /cmd_vel: linear.x=0.0, angular.z=0.0
[decoded_serial_node-3] [INFO] [1791537116.637952110] [bw_dr03_decoded_serial_node]: RECEIVED /cmd_vel: linear.x=0.0, angular.z=0.0
[decoded_serial_node-3] [INFO] [1791537116.638450786] [bw_dr03_decoded_serial_node]: RECEIVED /cmd_vel: linear.x=0.0, angular.z=0.0
[decoded_serial_node-3] [INFO] [1791537116.705051353] [bw_dr03_decoded_serial_node]: RECEIVED /cmd_vel: linear.x=0.0, angular.z=0.0
[decoded_serial_node-3] [INFO] [1791537116.706047518] [bw_dr03_decoded_serial_node]: RECEIVED /cmd_vel: linear.x=0.0, angular.z=0.0
[decoded_serial_node-3] [INFO] [1791537116.706508200] [bw_dr03_decoded_serial_node]: RECEIVED /cmd_vel: linear.x=0.0, angular.z=0.0
[decoded_serial_node-3] [INFO] [1791537116.770462221] [bw_dr03_decoded_serial_node]: RECEIVED /cmd_vel: linear.x=0.0, angular.z=0.0
[decoded_serial_node-3] [INFO] [1791537116.771224483] [bw_dr03_decoded_serial_node]: RECEIVED /cmd_vel: linear.x=0.0, angular.z=0.0
[decoded_serial_node-3] [INFO] [1791537116.771904820] [bw_dr03_decoded_serial_node]: RECEIVED /cmd_vel: linear.x=0.0, angular.z=0.0
[follow_planner-8] [INFO] [1791537116.837194581] [follow_planner_node]: [ESTOP] mat du lieu /scan — dung xe | d=- goc=- | v=0.000 w=0.000 | thoang=-
[decoded_serial_node-3] [INFO] [1791537116.837274132] [bw_dr03_decoded_serial_node]: RECEIVED /cmd_vel: linear.x=0.0, angular.z=0.0
[decoded_serial_node-3] [INFO] [1791537116.837806053] [bw_dr03_decoded_serial_node]: RECEIVED /cmd_vel: linear.x=0.0, angular.z=0.0
[decoded_serial_node-3] [INFO] [1791537116.838286920] [bw_dr03_decoded_serial_node]: RECEIVED /cmd_vel: linear.x=0.0, angular.z=0.0
[decoded_serial_node-3] [INFO] [1791537116.905274554] [bw_dr03_decoded_serial_node]: RECEIVED /cmd_vel: linear.x=0.0, angular.z=0.0
[decoded_serial_node-3] [INFO] [1791537116.905796977] [bw_dr03_decoded_serial_node]: RECEIVED /cmd_vel: linear.x=0.0, angular.z=0.0
[decoded_serial_node-3] [INFO] [1791537116.906287342] [bw_dr03_decoded_serial_node]: RECEIVED /cmd_vel: linear.x=0.0, angular.z=0.0
[decoded_serial_node-3] [INFO] [1791537116.970447958] [bw_dr03_decoded_serial_node]: RECEIVED /cmd_vel: linear.x=0.0, angular.z=0.0
[decoded_serial_node-3] [INFO] [1791537116.970950196] [bw_dr03_decoded_serial_node]: RECEIVED /cmd_vel: linear.x=0.0, angular.z=0.0
[decoded_serial_node-3] [INFO] [1791537116.971452434] [bw_dr03_decoded_serial_node]: RECEIVED /cmd_vel: linear.x=0.0, angular.z=0.0
[decoded_serial_node-3] [INFO] [1791537117.037728861] [bw_dr03_decoded_serial_node]: RECEIVED /cmd_vel: linear.x=0.0, angular.z=0.0
[decoded_serial_node-3] [INFO] [1791537117.038626478] [bw_dr03_decoded_serial_node]: RECEIVED /cmd_vel: linear.x=0.0, angular.z=0.0
[decoded_serial_node-3] [INFO] [1791537117.039160773] [bw_dr03_decoded_serial_node]: RECEIVED /cmd_vel: linear.x=0.0, angular.z=0.0
[decoded_serial_node-3] [INFO] [1791537117.104228504] [bw_dr03_decoded_serial_node]: RECEIVED /cmd_vel: linear.x=0.0, angular.z=0.0
[decoded_serial_node-3] [INFO] [1791537117.105199735] [bw_dr03_decoded_serial_node]: RECEIVED /cmd_vel: linear.x=0.0, angular.z=0.0
[decoded_serial_node-3] [INFO] [1791537117.105754215] [bw_dr03_decoded_serial_node]: RECEIVED /cmd_vel: linear.x=0.0, angular.z=0.0
[decoded_serial_node-3] [INFO] [1791537117.170576169] [bw_dr03_decoded_serial_node]: RECEIVED /cmd_vel: linear.x=0.0, angular.z=0.0
[decoded_serial_node-3] [INFO] [1791537117.171257693] [bw_dr03_decoded_serial_node]: RECEIVED /cmd_vel: linear.x=0.0, angular.z=0.0
[decoded_serial_node-3] [INFO] [1791537117.171802675] [bw_dr03_decoded_serial_node]: RECEIVED /cmd_vel: linear.x=0.0, angular.z=0.0
[decoded_serial_node-3] [INFO] [1791537117.237510373] [bw_dr03_decoded_serial_node]: RECEIVED /cmd_vel: linear.x=0.0, angular.z=0.0
[decoded_serial_node-3] [INFO] [1791537117.238815242] [bw_dr03_decoded_serial_node]: RECEIVED /cmd_vel: linear.x=0.0, angular.z=0.0
[decoded_serial_node-3] [INFO] [1791537117.239406529] [bw_dr03_decoded_serial_node]: RECEIVED /cmd_vel: linear.x=0.0, angular.z=0.0
[python3-4] [INFO] [1791537117.265845860] [identity_lock_node]: camera: nhan 22.3 fps (phoi sang 30 ms, do sang 61), xu ly 15.0 Hz, TB 16 ms/khung, tre tu luc chup 36.7 ms, 0 nguoi, status LOST
[decoded_serial_node-3] [INFO] [1791537117.306166196] [bw_dr03_decoded_serial_node]: RECEIVED /cmd_vel: linear.x=0.0, angular.z=0.0
[decoded_serial_node-3] [INFO] [1791537117.306775293] [bw_dr03_decoded_serial_node]: RECEIVED /cmd_vel: linear.x=0.0, angular.z=0.0
[decoded_serial_node-3] [INFO] [1791537117.307342834] [bw_dr03_decoded_serial_node]: RECEIVED /cmd_vel: linear.x=0.0, angular.z=0.0
[decoded_serial_node-3] [INFO] [1791537117.370649763] [bw_dr03_decoded_serial_node]: RECEIVED /cmd_vel: linear.x=0.0, angular.z=0.0
[decoded_serial_node-3] [INFO] [1791537117.371264796] [bw_dr03_decoded_serial_node]: RECEIVED /cmd_vel: linear.x=0.0, angular.z=0.0
[decoded_serial_node-3] [INFO] [1791537117.371832337] [bw_dr03_decoded_serial_node]: RECEIVED /cmd_vel: linear.x=0.0, angular.z=0.0
[decoded_serial_node-3] [INFO] [1791537117.437056794] [bw_dr03_decoded_serial_node]: RECEIVED /cmd_vel: linear.x=0.0, angular.z=0.0
[decoded_serial_node-3] [INFO] [1791537117.438171692] [bw_dr03_decoded_serial_node]: RECEIVED /cmd_vel: linear.x=0.0, angular.z=0.0
[decoded_serial_node-3] [INFO] [1791537117.439145297] [bw_dr03_decoded_serial_node]: RECEIVED /cmd_vel: linear.x=0.0, angular.z=0.0
[decoded_serial_node-3] [INFO] [1791537117.504614343] [bw_dr03_decoded_serial_node]: RECEIVED /cmd_vel: linear.x=0.0, angular.z=0.0
[decoded_serial_node-3] [INFO] [1791537117.505678185] [bw_dr03_decoded_serial_node]: RECEIVED /cmd_vel: linear.x=0.0, angular.z=0.0
[decoded_serial_node-3] [INFO] [1791537117.506250475] [bw_dr03_decoded_serial_node]: RECEIVED /cmd_vel: linear.x=0.0, angular.z=0.0
[target_tracker-7] [INFO] [1791537117.534005361] [target_tracker_node]: muc tieu: no_target_yet
[decoded_serial_node-3] [INFO] [1791537117.570527448] [bw_dr03_decoded_serial_node]: RECEIVED /cmd_vel: linear.x=0.0, angular.z=0.0
[decoded_serial_node-3] [INFO] [1791537117.571131796] [bw_dr03_decoded_serial_node]: RECEIVED /cmd_vel: linear.x=0.0, angular.z=0.0
[decoded_serial_node-3] [INFO] [1791537117.571708835] [bw_dr03_decoded_serial_node]: RECEIVED /cmd_vel: linear.x=0.0, angular.z=0.0
[decoded_serial_node-3] [INFO] [1791537117.637017592] [bw_dr03_decoded_serial_node]: RECEIVED /cmd_vel: linear.x=0.0, angular.z=0.0
[decoded_serial_node-3] [INFO] [1791537117.637943705] [bw_dr03_decoded_serial_node]: RECEIVED /cmd_vel: linear.x=0.0, angular.z=0.0
[decoded_serial_node-3] [INFO] [1791537117.638823512] [bw_dr03_decoded_serial_node]: RECEIVED /cmd_vel: linear.x=0.0, angular.z=0.0
[decoded_serial_node-3] [INFO] [1791537117.703900741] [bw_dr03_decoded_serial_node]: RECEIVED /cmd_vel: linear.x=0.0, angular.z=0.0
[decoded_serial_node-3] [INFO] [1791537117.704678438] [bw_dr03_decoded_serial_node]: RECEIVED /cmd_vel: linear.x=0.0, angular.z=0.0
[decoded_serial_node-3] [INFO] [1791537117.705243604] [bw_dr03_decoded_serial_node]: RECEIVED /cmd_vel: linear.x=0.0, angular.z=0.0
[decoded_serial_node-3] [INFO] [1791537117.771134150] [bw_dr03_decoded_serial_node]: RECEIVED /cmd_vel: linear.x=0.0, angular.z=0.0
[decoded_serial_node-3] [INFO] [1791537117.772016332] [bw_dr03_decoded_serial_node]: RECEIVED /cmd_vel: linear.x=0.0, angular.z=0.0
[decoded_serial_node-3] [INFO] [1791537117.772566063] [bw_dr03_decoded_serial_node]: RECEIVED /cmd_vel: linear.x=0.0, angular.z=0.0
[follow_planner-8] [INFO] [1791537117.838341438] [follow_planner_node]: [ESTOP] mat du lieu /scan — dung xe | d=- goc=- | v=0.000 w=0.000 | thoang=-
[decoded_serial_node-3] [INFO] [1791537117.838986155] [bw_dr03_decoded_serial_node]: RECEIVED /cmd_vel: linear.x=0.0, angular.z=0.0
[decoded_serial_node-3] [INFO] [1791537117.841253944] [bw_dr03_decoded_serial_node]: RECEIVED /cmd_vel: linear.x=0.0, angular.z=0.0
[decoded_serial_node-3] [INFO] [1791537117.841802487] [bw_dr03_decoded_serial_node]: RECEIVED /cmd_vel: linear.x=0.0, angular.z=0.0
[decoded_serial_node-3] [INFO] [1791537117.904335281] [bw_dr03_decoded_serial_node]: RECEIVED /cmd_vel: linear.x=0.0, angular.z=0.0
[decoded_serial_node-3] [INFO] [1791537117.905250708] [bw_dr03_decoded_serial_node]: RECEIVED /cmd_vel: linear.x=0.0, angular.z=0.0
[decoded_serial_node-3] [INFO] [1791537117.905804001] [bw_dr03_decoded_serial_node]: RECEIVED /cmd_vel: linear.x=0.0, angular.z=0.0
[decoded_serial_node-3] [INFO] [1791537117.970409862] [bw_dr03_decoded_serial_node]: RECEIVED /cmd_vel: linear.x=0.0, angular.z=0.0
[decoded_serial_node-3] [INFO] [1791537117.970938221] [bw_dr03_decoded_serial_node]: RECEIVED /cmd_vel: linear.x=0.0, angular.z=0.0
[decoded_serial_node-3] [INFO] [1791537117.971452332] [bw_dr03_decoded_serial_node]: RECEIVED /cmd_vel: linear.x=0.0, angular.z=0.0
[decoded_serial_node-3] [INFO] [1791537118.037706198] [bw_dr03_decoded_serial_node]: RECEIVED /cmd_vel: linear.x=0.0, angular.z=0.0
[decoded_serial_node-3] [INFO] [1791537118.038417405] [bw_dr03_decoded_serial_node]: RECEIVED /cmd_vel: linear.x=0.0, angular.z=0.0
[decoded_serial_node-3] [INFO] [1791537118.038901834] [bw_dr03_decoded_serial_node]: RECEIVED /cmd_vel: linear.x=0.0, angular.z=0.0
[decoded_serial_node-3] [INFO] [1791537118.103976686] [bw_dr03_decoded_serial_node]: RECEIVED /cmd_vel: linear.x=0.0, angular.z=0.0
[decoded_serial_node-3] [INFO] [1791537118.105179445] [bw_dr03_decoded_serial_node]: RECEIVED /cmd_vel: linear.x=0.0, angular.z=0.0
[decoded_serial_node-3] [INFO] [1791537118.105712554] [bw_dr03_decoded_serial_node]: RECEIVED /cmd_vel: linear.x=0.0, angular.z=0.0
[decoded_serial_node-3] [INFO] [1791537118.170497699] [bw_dr03_decoded_serial_node]: RECEIVED /cmd_vel: linear.x=0.0, angular.z=0.0
[decoded_serial_node-3] [INFO] [1791537118.171036745] [bw_dr03_decoded_serial_node]: RECEIVED /cmd_vel: linear.x=0.0, angular.z=0.0
[decoded_serial_node-3] [INFO] [1791537118.171525922] [bw_dr03_decoded_serial_node]: RECEIVED /cmd_vel: linear.x=0.0, angular.z=0.0
[decoded_serial_node-3] [INFO] [1791537118.237027024] [bw_dr03_decoded_serial_node]: RECEIVED /cmd_vel: linear.x=0.0, angular.z=0.0
[decoded_serial_node-3] [INFO] [1791537118.237910393] [bw_dr03_decoded_serial_node]: RECEIVED /cmd_vel: linear.x=0.0, angular.z=0.0
[decoded_serial_node-3] [INFO] [1791537118.238652470] [bw_dr03_decoded_serial_node]: RECEIVED /cmd_vel: linear.x=0.0, angular.z=0.0
[decoded_serial_node-3] [INFO] [1791537118.303990909] [bw_dr03_decoded_serial_node]: RECEIVED /cmd_vel: linear.x=0.0, angular.z=0.0
[decoded_serial_node-3] [INFO] [1791537118.304854094] [bw_dr03_decoded_serial_node]: RECEIVED /cmd_vel: linear.x=0.0, angular.z=0.0
[decoded_serial_node-3] [INFO] [1791537118.305314775] [bw_dr03_decoded_serial_node]: RECEIVED /cmd_vel: linear.x=0.0, angular.z=0.0
[decoded_serial_node-3] [INFO] [1791537118.370876431] [bw_dr03_decoded_serial_node]: RECEIVED /cmd_vel: linear.x=0.0, angular.z=0.0
[decoded_serial_node-3] [INFO] [1791537118.371388167] [bw_dr03_decoded_serial_node]: RECEIVED /cmd_vel: linear.x=0.0, angular.z=0.0
[decoded_serial_node-3] [INFO] [1791537118.371889218] [bw_dr03_decoded_serial_node]: RECEIVED /cmd_vel: linear.x=0.0, angular.z=0.0
[decoded_serial_node-3] [INFO] [1791537118.437320268] [bw_dr03_decoded_serial_node]: RECEIVED /cmd_vel: linear.x=0.0, angular.z=0.0
[decoded_serial_node-3] [INFO] [1791537118.437900869] [bw_dr03_decoded_serial_node]: RECEIVED /cmd_vel: linear.x=0.0, angular.z=0.0
[decoded_serial_node-3] [INFO] [1791537118.438417355] [bw_dr03_decoded_serial_node]: RECEIVED /cmd_vel: linear.x=0.0, angular.z=0.0
[decoded_serial_node-3] [INFO] [1791537118.504913435] [bw_dr03_decoded_serial_node]: RECEIVED /cmd_vel: linear.x=0.0, angular.z=0.0
[decoded_serial_node-3] [INFO] [1791537118.505491661] [bw_dr03_decoded_serial_node]: RECEIVED /cmd_vel: linear.x=0.0, angular.z=0.0
[decoded_serial_node-3] [INFO] [1791537118.505999836] [bw_dr03_decoded_serial_node]: RECEIVED /cmd_vel: linear.x=0.0, angular.z=0.0
[target_tracker-7] [INFO] [1791537118.534072924] [target_tracker_node]: muc tieu: no_target_yet
[decoded_serial_node-3] [INFO] [1791537118.570415724] [bw_dr03_decoded_serial_node]: RECEIVED /cmd_vel: linear.x=0.0, angular.z=0.0
[decoded_serial_node-3] [INFO] [1791537118.570938146] [bw_dr03_decoded_serial_node]: RECEIVED /cmd_vel: linear.x=0.0, angular.z=0.0
[decoded_serial_node-3] [INFO] [1791537118.571490252] [bw_dr03_decoded_serial_node]: RECEIVED /cmd_vel: linear.x=0.0, angular.z=0.0
[decoded_serial_node-3] [INFO] [1791537118.636883308] [bw_dr03_decoded_serial_node]: RECEIVED /cmd_vel: linear.x=0.0, angular.z=0.0
[decoded_serial_node-3] [INFO] [1791537118.638116937] [bw_dr03_decoded_serial_node]: RECEIVED /cmd_vel: linear.x=0.0, angular.z=0.0
[decoded_serial_node-3] [INFO] [1791537118.638658357] [bw_dr03_decoded_serial_node]: RECEIVED /cmd_vel: linear.x=0.0, angular.z=0.0
[decoded_serial_node-3] [INFO] [1791537118.704126214] [bw_dr03_decoded_serial_node]: RECEIVED /cmd_vel: linear.x=0.0, angular.z=0.0
[decoded_serial_node-3] [INFO] [1791537118.705415648] [bw_dr03_decoded_serial_node]: RECEIVED /cmd_vel: linear.x=0.0, angular.z=0.0
[decoded_serial_node-3] [INFO] [1791537118.706029494] [bw_dr03_decoded_serial_node]: RECEIVED /cmd_vel: linear.x=0.0, angular.z=0.0
[decoded_serial_node-3] [INFO] [1791537118.770648414] [bw_dr03_decoded_serial_node]: RECEIVED /cmd_vel: linear.x=0.0, angular.z=0.0
[decoded_serial_node-3] [INFO] [1791537118.771261073] [bw_dr03_decoded_serial_node]: RECEIVED /cmd_vel: linear.x=0.0, angular.z=0.0
[decoded_serial_node-3] [INFO] [1791537118.771925975] [bw_dr03_decoded_serial_node]: RECEIVED /cmd_vel: linear.x=0.0, angular.z=0.0
[decoded_serial_node-3] [INFO] [1791537118.837111249] [bw_dr03_decoded_serial_node]: RECEIVED /cmd_vel: linear.x=0.0, angular.z=0.0
[decoded_serial_node-3] [INFO] [1791537118.838153719] [bw_dr03_decoded_serial_node]: RECEIVED /cmd_vel: linear.x=0.0, angular.z=0.0
[decoded_serial_node-3] [INFO] [1791537118.838820995] [bw_dr03_decoded_serial_node]: RECEIVED /cmd_vel: linear.x=0.0, angular.z=0.0
[decoded_serial_node-3] [INFO] [1791537118.904217613] [bw_dr03_decoded_serial_node]: RECEIVED /cmd_vel: linear.x=0.0, angular.z=0.0
[follow_planner-8] [INFO] [1791537118.904572622] [follow_planner_node]: [ESTOP] mat du lieu /scan — dung xe | d=- goc=- | v=0.000 w=0.000 | thoang=-
[decoded_serial_node-3] [INFO] [1791537118.906367856] [bw_dr03_decoded_serial_node]: RECEIVED /cmd_vel: linear.x=0.0, angular.z=0.0
[decoded_serial_node-3] [INFO] [1791537118.907108746] [bw_dr03_decoded_serial_node]: RECEIVED /cmd_vel: linear.x=0.0, angular.z=0.0
[decoded_serial_node-3] [INFO] [1791537118.970812240] [bw_dr03_decoded_serial_node]: RECEIVED /cmd_vel: linear.x=0.0, angular.z=0.0
[decoded_serial_node-3] [INFO] [1791537118.971619620] [bw_dr03_decoded_serial_node]: RECEIVED /cmd_vel: linear.x=0.0, angular.z=0.0
[decoded_serial_node-3] [INFO] [1791537118.972444810] [bw_dr03_decoded_serial_node]: RECEIVED /cmd_vel: linear.x=0.0, angular.z=0.0
[decoded_serial_node-3] [INFO] [1791537119.037545783] [bw_dr03_decoded_serial_node]: RECEIVED /cmd_vel: linear.x=0.0, angular.z=0.0
[decoded_serial_node-3] [INFO] [1791537119.039065558] [bw_dr03_decoded_serial_node]: RECEIVED /cmd_vel: linear.x=0.0, angular.z=0.0
[decoded_serial_node-3] [INFO] [1791537119.039903809] [bw_dr03_decoded_serial_node]: RECEIVED /cmd_vel: linear.x=0.0, angular.z=0.0
[decoded_serial_node-3] [INFO] [1791537119.105099767] [bw_dr03_decoded_serial_node]: RECEIVED /cmd_vel: linear.x=0.0, angular.z=0.0
[decoded_serial_node-3] [INFO] [1791537119.106029441] [bw_dr03_decoded_serial_node]: RECEIVED /cmd_vel: linear.x=0.0, angular.z=0.0
[decoded_serial_node-3] [INFO] [1791537119.107188270] [bw_dr03_decoded_serial_node]: RECEIVED /cmd_vel: linear.x=0.0, angular.z=0.0
[decoded_serial_node-3] [INFO] [1791537119.170661421] [bw_dr03_decoded_serial_node]: RECEIVED /cmd_vel: linear.x=0.0, angular.z=0.0
[decoded_serial_node-3] [INFO] [1791537119.171497297] [bw_dr03_decoded_serial_node]: RECEIVED /cmd_vel: linear.x=0.0, angular.z=0.0
[decoded_serial_node-3] [INFO] [1791537119.172267870] [bw_dr03_decoded_serial_node]: RECEIVED /cmd_vel: linear.x=0.0, angular.z=0.0
[decoded_serial_node-3] [INFO] [1791537119.237307101] [bw_dr03_decoded_serial_node]: RECEIVED /cmd_vel: linear.x=0.0, angular.z=0.0
[decoded_serial_node-3] [INFO] [1791537119.238490863] [bw_dr03_decoded_serial_node]: RECEIVED /cmd_vel: linear.x=0.0, angular.z=0.0
[decoded_serial_node-3] [INFO] [1791537119.239285183] [bw_dr03_decoded_serial_node]: RECEIVED /cmd_vel: linear.x=0.0, angular.z=0.0
[decoded_serial_node-3] [INFO] [1791537119.305742079] [bw_dr03_decoded_serial_node]: RECEIVED /cmd_vel: linear.x=0.0, angular.z=0.0
[decoded_serial_node-3] [INFO] [1791537119.306454474] [bw_dr03_decoded_serial_node]: RECEIVED /cmd_vel: linear.x=0.0, angular.z=0.0
[decoded_serial_node-3] [INFO] [1791537119.307166868] [bw_dr03_decoded_serial_node]: RECEIVED /cmd_vel: linear.x=0.0, angular.z=0.0
[decoded_serial_node-3] [INFO] [1791537119.370976032] [bw_dr03_decoded_serial_node]: RECEIVED /cmd_vel: linear.x=0.0, angular.z=0.0
[decoded_serial_node-3] [INFO] [1791537119.371871274] [bw_dr03_decoded_serial_node]: RECEIVED /cmd_vel: linear.x=0.0, angular.z=0.0
[decoded_serial_node-3] [INFO] [1791537119.372513616] [bw_dr03_decoded_serial_node]: RECEIVED /cmd_vel: linear.x=0.0, angular.z=0.0
[decoded_serial_node-3] [INFO] [1791537119.437022114] [bw_dr03_decoded_serial_node]: RECEIVED /cmd_vel: linear.x=0.0, angular.z=0.0
[decoded_serial_node-3] [INFO] [1791537119.437681079] [bw_dr03_decoded_serial_node]: RECEIVED /cmd_vel: linear.x=0.0, angular.z=0.0
[decoded_serial_node-3] [INFO] [1791537119.438286614] [bw_dr03_decoded_serial_node]: RECEIVED /cmd_vel: linear.x=0.0, angular.z=0.0
[decoded_serial_node-3] [INFO] [1791537119.504577285] [bw_dr03_decoded_serial_node]: RECEIVED /cmd_vel: linear.x=0.0, angular.z=0.0
[decoded_serial_node-3] [INFO] [1791537119.505334797] [bw_dr03_decoded_serial_node]: RECEIVED /cmd_vel: linear.x=0.0, angular.z=0.0
[decoded_serial_node-3] [INFO] [1791537119.505959330] [bw_dr03_decoded_serial_node]: RECEIVED /cmd_vel: linear.x=0.0, angular.z=0.0
[target_tracker-7] [INFO] [1791537119.534222389] [target_tracker_node]: muc tieu: no_target_yet
[decoded_serial_node-3] [INFO] [1791537119.571360695] [bw_dr03_decoded_serial_node]: RECEIVED /cmd_vel: linear.x=0.0, angular.z=0.0
[decoded_serial_node-3] [INFO] [1791537119.572172825] [bw_dr03_decoded_serial_node]: RECEIVED /cmd_vel: linear.x=0.0, angular.z=0.0
[decoded_serial_node-3] [INFO] [1791537119.572749864] [bw_dr03_decoded_serial_node]: RECEIVED /cmd_vel: linear.x=0.0, angular.z=0.0
[decoded_serial_node-3] [INFO] [1791537119.637233428] [bw_dr03_decoded_serial_node]: RECEIVED /cmd_vel: linear.x=0.0, angular.z=0.0
[decoded_serial_node-3] [INFO] [1791537119.638104924] [bw_dr03_decoded_serial_node]: RECEIVED /cmd_vel: linear.x=0.0, angular.z=0.0
[decoded_serial_node-3] [INFO] [1791537119.638664153] [bw_dr03_decoded_serial_node]: RECEIVED /cmd_vel: linear.x=0.0, angular.z=0.0
[decoded_serial_node-3] [INFO] [1791537119.704951262] [bw_dr03_decoded_serial_node]: RECEIVED /cmd_vel: linear.x=0.0, angular.z=0.0
[decoded_serial_node-3] [INFO] [1791537119.705535425] [bw_dr03_decoded_serial_node]: RECEIVED /cmd_vel: linear.x=0.0, angular.z=0.0
[decoded_serial_node-3] [INFO] [1791537119.706051911] [bw_dr03_decoded_serial_node]: RECEIVED /cmd_vel: linear.x=0.0, angular.z=0.0
[decoded_serial_node-3] [INFO] [1791537119.770472547] [bw_dr03_decoded_serial_node]: RECEIVED /cmd_vel: linear.x=0.0, angular.z=0.0
[decoded_serial_node-3] [INFO] [1791537119.770981909] [bw_dr03_decoded_serial_node]: RECEIVED /cmd_vel: linear.x=0.0, angular.z=0.0
[decoded_serial_node-3] [INFO] [1791537119.771534015] [bw_dr03_decoded_serial_node]: RECEIVED /cmd_vel: linear.x=0.0, angular.z=0.0
[decoded_serial_node-3] [INFO] [1791537119.837567036] [bw_dr03_decoded_serial_node]: RECEIVED /cmd_vel: linear.x=0.0, angular.z=0.0
[decoded_serial_node-3] [INFO] [1791537119.838401725] [bw_dr03_decoded_serial_node]: RECEIVED /cmd_vel: linear.x=0.0, angular.z=0.0
[decoded_serial_node-3] [INFO] [1791537119.838884966] [bw_dr03_decoded_serial_node]: RECEIVED /cmd_vel: linear.x=0.0, angular.z=0.0
[decoded_serial_node-3] [INFO] [1791537119.903957442] [bw_dr03_decoded_serial_node]: RECEIVED /cmd_vel: linear.x=0.0, angular.z=0.0
[decoded_serial_node-3] [INFO] [1791537119.905512837] [bw_dr03_decoded_serial_node]: RECEIVED /cmd_vel: linear.x=0.0, angular.z=0.0
[decoded_serial_node-3] [INFO] [1791537119.906002014] [bw_dr03_decoded_serial_node]: RECEIVED /cmd_vel: linear.x=0.0, angular.z=0.0
[decoded_serial_node-3] [INFO] [1791537119.970483203] [bw_dr03_decoded_serial_node]: RECEIVED /cmd_vel: linear.x=0.0, angular.z=0.0
[follow_planner-8] [INFO] [1791537119.970502200] [follow_planner_node]: [ESTOP] mat du lieu /scan — dung xe | d=- goc=- | v=0.000 w=0.000 | thoang=-
[decoded_serial_node-3] [INFO] [1791537119.970992565] [bw_dr03_decoded_serial_node]: RECEIVED /cmd_vel: linear.x=0.0, angular.z=0.0
[decoded_serial_node-3] [INFO] [1791537119.971528048] [bw_dr03_decoded_serial_node]: RECEIVED /cmd_vel: linear.x=0.0, angular.z=0.0
[decoded_serial_node-3] [INFO] [1791537120.037666741] [bw_dr03_decoded_serial_node]: RECEIVED /cmd_vel: linear.x=0.0, angular.z=0.0
[decoded_serial_node-3] [INFO] [1791537120.038679528] [bw_dr03_decoded_serial_node]: RECEIVED /cmd_vel: linear.x=0.0, angular.z=0.0
[decoded_serial_node-3] [INFO] [1791537120.039187703] [bw_dr03_decoded_serial_node]: RECEIVED /cmd_vel: linear.x=0.0, angular.z=0.0
[decoded_serial_node-3] [INFO] [1791537120.104533262] [bw_dr03_decoded_serial_node]: RECEIVED /cmd_vel: linear.x=0.0, angular.z=0.0
[decoded_serial_node-3] [INFO] [1791537120.105150671] [bw_dr03_decoded_serial_node]: RECEIVED /cmd_vel: linear.x=0.0, angular.z=0.0
[decoded_serial_node-3] [INFO] [1791537120.105618476] [bw_dr03_decoded_serial_node]: RECEIVED /cmd_vel: linear.x=0.0, angular.z=0.0
[decoded_serial_node-3] [INFO] [1791537120.170679078] [bw_dr03_decoded_serial_node]: RECEIVED /cmd_vel: linear.x=0.0, angular.z=0.0
[decoded_serial_node-3] [INFO] [1791537120.171165881] [bw_dr03_decoded_serial_node]: RECEIVED /cmd_vel: linear.x=0.0, angular.z=0.0
[decoded_serial_node-3] [INFO] [1791537120.171681179] [bw_dr03_decoded_serial_node]: RECEIVED /cmd_vel: linear.x=0.0, angular.z=0.0
[decoded_serial_node-3] [INFO] [1791537120.237223835] [bw_dr03_decoded_serial_node]: RECEIVED /cmd_vel: linear.x=0.0, angular.z=0.0
[decoded_serial_node-3] [INFO] [1791537120.237755756] [bw_dr03_decoded_serial_node]: RECEIVED /cmd_vel: linear.x=0.0, angular.z=0.0
[decoded_serial_node-3] [INFO] [1791537120.238193878] [bw_dr03_decoded_serial_node]: RECEIVED /cmd_vel: linear.x=0.0, angular.z=0.0
[decoded_serial_node-3] [INFO] [1791537120.304458426] [bw_dr03_decoded_serial_node]: RECEIVED /cmd_vel: linear.x=0.0, angular.z=0.0
[decoded_serial_node-3] [INFO] [1791537120.305338233] [bw_dr03_decoded_serial_node]: RECEIVED /cmd_vel: linear.x=0.0, angular.z=0.0
[decoded_serial_node-3] [INFO] [1791537120.305802477] [bw_dr03_decoded_serial_node]: RECEIVED /cmd_vel: linear.x=0.0, angular.z=0.0
[decoded_serial_node-3] [INFO] [1791537120.370294351] [bw_dr03_decoded_serial_node]: RECEIVED /cmd_vel: linear.x=0.0, angular.z=0.0
[decoded_serial_node-3] [INFO] [1791537120.370795401] [bw_dr03_decoded_serial_node]: RECEIVED /cmd_vel: linear.x=0.0, angular.z=0.0
[decoded_serial_node-3] [INFO] [1791537120.371357006] [bw_dr03_decoded_serial_node]: RECEIVED /cmd_vel: linear.x=0.0, angular.z=0.0
[decoded_serial_node-3] [INFO] [1791537120.436868790] [bw_dr03_decoded_serial_node]: RECEIVED /cmd_vel: linear.x=0.0, angular.z=0.0
[decoded_serial_node-3] [INFO] [1791537120.437907699] [bw_dr03_decoded_serial_node]: RECEIVED /cmd_vel: linear.x=0.0, angular.z=0.0
[decoded_serial_node-3] [INFO] [1791537120.438482364] [bw_dr03_decoded_serial_node]: RECEIVED /cmd_vel: linear.x=0.0, angular.z=0.0
[decoded_serial_node-3] [INFO] [1791537120.504232800] [bw_dr03_decoded_serial_node]: RECEIVED /cmd_vel: linear.x=0.0, angular.z=0.0
[decoded_serial_node-3] [INFO] [1791537120.504809840] [bw_dr03_decoded_serial_node]: RECEIVED /cmd_vel: linear.x=0.0, angular.z=0.0
[decoded_serial_node-3] [INFO] [1791537120.505261023] [bw_dr03_decoded_serial_node]: RECEIVED /cmd_vel: linear.x=0.0, angular.z=0.0
[decoded_serial_node-3] [INFO] [1791537120.570677822] [bw_dr03_decoded_serial_node]: RECEIVED /cmd_vel: linear.x=0.0, angular.z=0.0
[decoded_serial_node-3] [INFO] [1791537120.571526758] [bw_dr03_decoded_serial_node]: RECEIVED /cmd_vel: linear.x=0.0, angular.z=0.0
[decoded_serial_node-3] [INFO] [1791537120.571986253] [bw_dr03_decoded_serial_node]: RECEIVED /cmd_vel: linear.x=0.0, angular.z=0.0
[target_tracker-7] [INFO] [1791537120.584253684] [target_tracker_node]: muc tieu: no_target_yet
[decoded_serial_node-3] [INFO] [1791537120.636846197] [bw_dr03_decoded_serial_node]: RECEIVED /cmd_vel: linear.x=0.0, angular.z=0.0
[decoded_serial_node-3] [INFO] [1791537120.637380493] [bw_dr03_decoded_serial_node]: RECEIVED /cmd_vel: linear.x=0.0, angular.z=0.0
[decoded_serial_node-3] [INFO] [1791537120.637835238] [bw_dr03_decoded_serial_node]: RECEIVED /cmd_vel: linear.x=0.0, angular.z=0.0
[decoded_serial_node-3] [INFO] [1791537120.704187648] [bw_dr03_decoded_serial_node]: RECEIVED /cmd_vel: linear.x=0.0, angular.z=0.0
[decoded_serial_node-3] [INFO] [1791537120.704932100] [bw_dr03_decoded_serial_node]: RECEIVED /cmd_vel: linear.x=0.0, angular.z=0.0
[decoded_serial_node-3] [INFO] [1791537120.705358349] [bw_dr03_decoded_serial_node]: RECEIVED /cmd_vel: linear.x=0.0, angular.z=0.0
[decoded_serial_node-3] [INFO] [1791537120.770706283] [bw_dr03_decoded_serial_node]: RECEIVED /cmd_vel: linear.x=0.0, angular.z=0.0
[decoded_serial_node-3] [INFO] [1791537120.771182400] [bw_dr03_decoded_serial_node]: RECEIVED /cmd_vel: linear.x=0.0, angular.z=0.0
[decoded_serial_node-3] [INFO] [1791537120.771714321] [bw_dr03_decoded_serial_node]: RECEIVED /cmd_vel: linear.x=0.0, angular.z=0.0
[decoded_serial_node-3] [INFO] [1791537120.836764237] [bw_dr03_decoded_serial_node]: RECEIVED /cmd_vel: linear.x=0.0, angular.z=0.0
[decoded_serial_node-3] [INFO] [1791537120.837294971] [bw_dr03_decoded_serial_node]: RECEIVED /cmd_vel: linear.x=0.0, angular.z=0.0
[decoded_serial_node-3] [INFO] [1791537120.837804333] [bw_dr03_decoded_serial_node]: RECEIVED /cmd_vel: linear.x=0.0, angular.z=0.0
[decoded_serial_node-3] [INFO] [1791537120.903750678] [bw_dr03_decoded_serial_node]: RECEIVED /cmd_vel: linear.x=0.0, angular.z=0.0
[decoded_serial_node-3] [INFO] [1791537120.905004492] [bw_dr03_decoded_serial_node]: RECEIVED /cmd_vel: linear.x=0.0, angular.z=0.0
[decoded_serial_node-3] [INFO] [1791537120.905487733] [bw_dr03_decoded_serial_node]: RECEIVED /cmd_vel: linear.x=0.0, angular.z=0.0
[decoded_serial_node-3] [INFO] [1791537120.970639759] [bw_dr03_decoded_serial_node]: RECEIVED /cmd_vel: linear.x=0.0, angular.z=0.0
[follow_planner-8] [INFO] [1791537120.971039887] [follow_planner_node]: [ESTOP] mat du lieu /scan — dung xe | d=- goc=- | v=0.000 w=0.000 | thoang=-
[decoded_serial_node-3] [INFO] [1791537120.971143184] [bw_dr03_decoded_serial_node]: RECEIVED /cmd_vel: linear.x=0.0, angular.z=0.0
[decoded_serial_node-3] [INFO] [1791537120.971610990] [bw_dr03_decoded_serial_node]: RECEIVED /cmd_vel: linear.x=0.0, angular.z=0.0
[decoded_serial_node-3] [INFO] [1791537121.037701000] [bw_dr03_decoded_serial_node]: RECEIVED /cmd_vel: linear.x=0.0, angular.z=0.0
[decoded_serial_node-3] [INFO] [1791537121.038532127] [bw_dr03_decoded_serial_node]: RECEIVED /cmd_vel: linear.x=0.0, angular.z=0.0
[decoded_serial_node-3] [INFO] [1791537121.039077109] [bw_dr03_decoded_serial_node]: RECEIVED /cmd_vel: linear.x=0.0, angular.z=0.0
[decoded_serial_node-3] [INFO] [1791537121.104656570] [bw_dr03_decoded_serial_node]: RECEIVED /cmd_vel: linear.x=0.0, angular.z=0.0
[decoded_serial_node-3] [INFO] [1791537121.105689541] [bw_dr03_decoded_serial_node]: RECEIVED /cmd_vel: linear.x=0.0, angular.z=0.0
[decoded_serial_node-3] [INFO] [1791537121.106190592] [bw_dr03_decoded_serial_node]: RECEIVED /cmd_vel: linear.x=0.0, angular.z=0.0
[decoded_serial_node-3] [INFO] [1791537121.170617161] [bw_dr03_decoded_serial_node]: RECEIVED /cmd_vel: linear.x=0.0, angular.z=0.0
[decoded_serial_node-3] [INFO] [1791537121.171160956] [bw_dr03_decoded_serial_node]: RECEIVED /cmd_vel: linear.x=0.0, angular.z=0.0
[decoded_serial_node-3] [INFO] [1791537121.171736808] [bw_dr03_decoded_serial_node]: RECEIVED /cmd_vel: linear.x=0.0, angular.z=0.0
[decoded_serial_node-3] [INFO] [1791537121.238045285] [bw_dr03_decoded_serial_node]: RECEIVED /cmd_vel: linear.x=0.0, angular.z=0.0
[decoded_serial_node-3] [INFO] [1791537121.238979709] [bw_dr03_decoded_serial_node]: RECEIVED /cmd_vel: linear.x=0.0, angular.z=0.0
[decoded_serial_node-3] [INFO] [1791537121.239592368] [bw_dr03_decoded_serial_node]: RECEIVED /cmd_vel: linear.x=0.0, angular.z=0.0
[decoded_serial_node-3] [INFO] [1791537121.304674340] [bw_dr03_decoded_serial_node]: RECEIVED /cmd_vel: linear.x=0.0, angular.z=0.0
[decoded_serial_node-3] [INFO] [1791537121.305449663] [bw_dr03_decoded_serial_node]: RECEIVED /cmd_vel: linear.x=0.0, angular.z=0.0
[decoded_serial_node-3] [INFO] [1791537121.306095567] [bw_dr03_decoded_serial_node]: RECEIVED /cmd_vel: linear.x=0.0, angular.z=0.0
[decoded_serial_node-3] [INFO] [1791537121.371422128] [bw_dr03_decoded_serial_node]: RECEIVED /cmd_vel: linear.x=0.0, angular.z=0.0
[decoded_serial_node-3] [INFO] [1791537121.372281750] [bw_dr03_decoded_serial_node]: RECEIVED /cmd_vel: linear.x=0.0, angular.z=0.0
[decoded_serial_node-3] [INFO] [1791537121.372927655] [bw_dr03_decoded_serial_node]: RECEIVED /cmd_vel: linear.x=0.0, angular.z=0.0
[decoded_serial_node-3] [INFO] [1791537121.437899206] [bw_dr03_decoded_serial_node]: RECEIVED /cmd_vel: linear.x=0.0, angular.z=0.0
[decoded_serial_node-3] [INFO] [1791537121.438624660] [bw_dr03_decoded_serial_node]: RECEIVED /cmd_vel: linear.x=0.0, angular.z=0.0
[decoded_serial_node-3] [INFO] [1791537121.440892449] [bw_dr03_decoded_serial_node]: RECEIVED /cmd_vel: linear.x=0.0, angular.z=0.0
[decoded_serial_node-3] [INFO] [1791537121.505334454] [bw_dr03_decoded_serial_node]: RECEIVED /cmd_vel: linear.x=0.0, angular.z=0.0
[decoded_serial_node-3] [INFO] [1791537121.506015977] [bw_dr03_decoded_serial_node]: RECEIVED /cmd_vel: linear.x=0.0, angular.z=0.0
[decoded_serial_node-3] [INFO] [1791537121.506698689] [bw_dr03_decoded_serial_node]: RECEIVED /cmd_vel: linear.x=0.0, angular.z=0.0
[decoded_serial_node-3] [INFO] [1791537121.570659827] [bw_dr03_decoded_serial_node]: RECEIVED /cmd_vel: linear.x=0.0, angular.z=0.0
[decoded_serial_node-3] [INFO] [1791537121.571342538] [bw_dr03_decoded_serial_node]: RECEIVED /cmd_vel: linear.x=0.0, angular.z=0.0
[decoded_serial_node-3] [INFO] [1791537121.571970633] [bw_dr03_decoded_serial_node]: RECEIVED /cmd_vel: linear.x=0.0, angular.z=0.0
[target_tracker-7] [INFO] [1791537121.634319385] [target_tracker_node]: muc tieu: no_target_yet
[decoded_serial_node-3] [INFO] [1791537121.636937434] [bw_dr03_decoded_serial_node]: RECEIVED /cmd_vel: linear.x=0.0, angular.z=0.0
[decoded_serial_node-3] [INFO] [1791537121.637953783] [bw_dr03_decoded_serial_node]: RECEIVED /cmd_vel: linear.x=0.0, angular.z=0.0
[decoded_serial_node-3] [INFO] [1791537121.638641244] [bw_dr03_decoded_serial_node]: RECEIVED /cmd_vel: linear.x=0.0, angular.z=0.0
[decoded_serial_node-3] [INFO] [1791537121.704436798] [bw_dr03_decoded_serial_node]: RECEIVED /cmd_vel: linear.x=0.0, angular.z=0.0
[decoded_serial_node-3] [INFO] [1791537121.705121884] [bw_dr03_decoded_serial_node]: RECEIVED /cmd_vel: linear.x=0.0, angular.z=0.0
[decoded_serial_node-3] [INFO] [1791537121.705666865] [bw_dr03_decoded_serial_node]: RECEIVED /cmd_vel: linear.x=0.0, angular.z=0.0
[decoded_serial_node-3] [INFO] [1791537121.770557678] [bw_dr03_decoded_serial_node]: RECEIVED /cmd_vel: linear.x=0.0, angular.z=0.0
[decoded_serial_node-3] [INFO] [1791537121.771077726] [bw_dr03_decoded_serial_node]: RECEIVED /cmd_vel: linear.x=0.0, angular.z=0.0
[decoded_serial_node-3] [INFO] [1791537121.771596587] [bw_dr03_decoded_serial_node]: RECEIVED /cmd_vel: linear.x=0.0, angular.z=0.0
[decoded_serial_node-3] [INFO] [1791537121.837761398] [bw_dr03_decoded_serial_node]: RECEIVED /cmd_vel: linear.x=0.0, angular.z=0.0
[decoded_serial_node-3] [INFO] [1791537121.838745690] [bw_dr03_decoded_serial_node]: RECEIVED /cmd_vel: linear.x=0.0, angular.z=0.0
[decoded_serial_node-3] [INFO] [1791537121.839268112] [bw_dr03_decoded_serial_node]: RECEIVED /cmd_vel: linear.x=0.0, angular.z=0.0
[decoded_serial_node-3] [INFO] [1791537121.904021195] [bw_dr03_decoded_serial_node]: RECEIVED /cmd_vel: linear.x=0.0, angular.z=0.0
[decoded_serial_node-3] [INFO] [1791537121.904921187] [bw_dr03_decoded_serial_node]: RECEIVED /cmd_vel: linear.x=0.0, angular.z=0.0
[decoded_serial_node-3] [INFO] [1791537121.905359309] [bw_dr03_decoded_serial_node]: RECEIVED /cmd_vel: linear.x=0.0, angular.z=0.0
[decoded_serial_node-3] [INFO] [1791537121.970741674] [bw_dr03_decoded_serial_node]: RECEIVED /cmd_vel: linear.x=0.0, angular.z=0.0
[decoded_serial_node-3] [INFO] [1791537121.971214229] [bw_dr03_decoded_serial_node]: RECEIVED /cmd_vel: linear.x=0.0, angular.z=0.0
[decoded_serial_node-3] [INFO] [1791537121.971698657] [bw_dr03_decoded_serial_node]: RECEIVED /cmd_vel: linear.x=0.0, angular.z=0.0
[follow_planner-8] [INFO] [1791537122.037179569] [follow_planner_node]: [ESTOP] mat du lieu /scan — dung xe | d=- goc=- | v=0.000 w=0.000 | thoang=-
[decoded_serial_node-3] [INFO] [1791537122.037665185] [bw_dr03_decoded_serial_node]: RECEIVED /cmd_vel: linear.x=0.0, angular.z=0.0
[decoded_serial_node-3] [INFO] [1791537122.038301591] [bw_dr03_decoded_serial_node]: RECEIVED /cmd_vel: linear.x=0.0, angular.z=0.0
[decoded_serial_node-3] [INFO] [1791537122.038771771] [bw_dr03_decoded_serial_node]: RECEIVED /cmd_vel: linear.x=0.0, angular.z=0.0
[decoded_serial_node-3] [INFO] [1791537122.104317985] [bw_dr03_decoded_serial_node]: RECEIVED /cmd_vel: linear.x=0.0, angular.z=0.0
[decoded_serial_node-3] [INFO] [1791537122.105247660] [bw_dr03_decoded_serial_node]: RECEIVED /cmd_vel: linear.x=0.0, angular.z=0.0
[decoded_serial_node-3] [INFO] [1791537122.105704779] [bw_dr03_decoded_serial_node]: RECEIVED /cmd_vel: linear.x=0.0, angular.z=0.0
[decoded_serial_node-3] [INFO] [1791537122.170697700] [bw_dr03_decoded_serial_node]: RECEIVED /cmd_vel: linear.x=0.0, angular.z=0.0
[decoded_serial_node-3] [INFO] [1791537122.171404158] [bw_dr03_decoded_serial_node]: RECEIVED /cmd_vel: linear.x=0.0, angular.z=0.0
[decoded_serial_node-3] [INFO] [1791537122.171902834] [bw_dr03_decoded_serial_node]: RECEIVED /cmd_vel: linear.x=0.0, angular.z=0.0
[decoded_serial_node-3] [INFO] [1791537122.237568968] [bw_dr03_decoded_serial_node]: RECEIVED /cmd_vel: linear.x=0.0, angular.z=0.0
[decoded_serial_node-3] [INFO] [1791537122.238452337] [bw_dr03_decoded_serial_node]: RECEIVED /cmd_vel: linear.x=0.0, angular.z=0.0
[decoded_serial_node-3] [INFO] [1791537122.238939140] [bw_dr03_decoded_serial_node]: RECEIVED /cmd_vel: linear.x=0.0, angular.z=0.0
[decoded_serial_node-3] [INFO] [1791537122.304309630] [bw_dr03_decoded_serial_node]: RECEIVED /cmd_vel: linear.x=0.0, angular.z=0.0
[decoded_serial_node-3] [INFO] [1791537122.304900917] [bw_dr03_decoded_serial_node]: RECEIVED /cmd_vel: linear.x=0.0, angular.z=0.0
[decoded_serial_node-3] [INFO] [1791537122.305388907] [bw_dr03_decoded_serial_node]: RECEIVED /cmd_vel: linear.x=0.0, angular.z=0.0
[decoded_serial_node-3] [INFO] [1791537122.370241725] [bw_dr03_decoded_serial_node]: RECEIVED /cmd_vel: linear.x=0.0, angular.z=0.0
[decoded_serial_node-3] [INFO] [1791537122.370723778] [bw_dr03_decoded_serial_node]: RECEIVED /cmd_vel: linear.x=0.0, angular.z=0.0
[decoded_serial_node-3] [INFO] [1791537122.371186834] [bw_dr03_decoded_serial_node]: RECEIVED /cmd_vel: linear.x=0.0, angular.z=0.0
[decoded_serial_node-3] [INFO] [1791537122.436649936] [bw_dr03_decoded_serial_node]: RECEIVED /cmd_vel: linear.x=0.0, angular.z=0.0
[decoded_serial_node-3] [INFO] [1791537122.437148612] [bw_dr03_decoded_serial_node]: RECEIVED /cmd_vel: linear.x=0.0, angular.z=0.0
[decoded_serial_node-3] [INFO] [1791537122.437655599] [bw_dr03_decoded_serial_node]: RECEIVED /cmd_vel: linear.x=0.0, angular.z=0.0
[decoded_serial_node-3] [INFO] [1791537122.504197978] [bw_dr03_decoded_serial_node]: RECEIVED /cmd_vel: linear.x=0.0, angular.z=0.0
[decoded_serial_node-3] [INFO] [1791537122.505033854] [bw_dr03_decoded_serial_node]: RECEIVED /cmd_vel: linear.x=0.0, angular.z=0.0
[decoded_serial_node-3] [INFO] [1791537122.505487412] [bw_dr03_decoded_serial_node]: RECEIVED /cmd_vel: linear.x=0.0, angular.z=0.0
[decoded_serial_node-3] [INFO] [1791537122.570565820] [bw_dr03_decoded_serial_node]: RECEIVED /cmd_vel: linear.x=0.0, angular.z=0.0
[decoded_serial_node-3] [INFO] [1791537122.571087056] [bw_dr03_decoded_serial_node]: RECEIVED /cmd_vel: linear.x=0.0, angular.z=0.0
[decoded_serial_node-3] [INFO] [1791537122.571613040] [bw_dr03_decoded_serial_node]: RECEIVED /cmd_vel: linear.x=0.0, angular.z=0.0
[target_tracker-7] [INFO] [1791537122.634643315] [target_tracker_node]: muc tieu: no_target_yet
[decoded_serial_node-3] [INFO] [1791537122.637255427] [bw_dr03_decoded_serial_node]: RECEIVED /cmd_vel: linear.x=0.0, angular.z=0.0
[decoded_serial_node-3] [INFO] [1791537122.637794472] [bw_dr03_decoded_serial_node]: RECEIVED /cmd_vel: linear.x=0.0, angular.z=0.0
[decoded_serial_node-3] [INFO] [1791537122.638232595] [bw_dr03_decoded_serial_node]: RECEIVED /cmd_vel: linear.x=0.0, angular.z=0.0
[decoded_serial_node-3] [INFO] [1791537122.704339226] [bw_dr03_decoded_serial_node]: RECEIVED /cmd_vel: linear.x=0.0, angular.z=0.0
[decoded_serial_node-3] [INFO] [1791537122.705295022] [bw_dr03_decoded_serial_node]: RECEIVED /cmd_vel: linear.x=0.0, angular.z=0.0
[decoded_serial_node-3] [INFO] [1791537122.705779450] [bw_dr03_decoded_serial_node]: RECEIVED /cmd_vel: linear.x=0.0, angular.z=0.0
[decoded_serial_node-3] [INFO] [1791537122.770669074] [bw_dr03_decoded_serial_node]: RECEIVED /cmd_vel: linear.x=0.0, angular.z=0.0
[decoded_serial_node-3] [INFO] [1791537122.771161813] [bw_dr03_decoded_serial_node]: RECEIVED /cmd_vel: linear.x=0.0, angular.z=0.0
[decoded_serial_node-3] [INFO] [1791537122.771675925] [bw_dr03_decoded_serial_node]: RECEIVED /cmd_vel: linear.x=0.0, angular.z=0.0
[decoded_serial_node-3] [INFO] [1791537122.837225701] [bw_dr03_decoded_serial_node]: RECEIVED /cmd_vel: linear.x=0.0, angular.z=0.0
[decoded_serial_node-3] [INFO] [1791537122.837776619] [bw_dr03_decoded_serial_node]: RECEIVED /cmd_vel: linear.x=0.0, angular.z=0.0
[decoded_serial_node-3] [INFO] [1791537122.838277670] [bw_dr03_decoded_serial_node]: RECEIVED /cmd_vel: linear.x=0.0, angular.z=0.0
[decoded_serial_node-3] [INFO] [1791537122.904238260] [bw_dr03_decoded_serial_node]: RECEIVED /cmd_vel: linear.x=0.0, angular.z=0.0
[decoded_serial_node-3] [INFO] [1791537122.905468327] [bw_dr03_decoded_serial_node]: RECEIVED /cmd_vel: linear.x=0.0, angular.z=0.0
[decoded_serial_node-3] [INFO] [1791537122.905962254] [bw_dr03_decoded_serial_node]: RECEIVED /cmd_vel: linear.x=0.0, angular.z=0.0
[decoded_serial_node-3] [INFO] [1791537122.970471935] [bw_dr03_decoded_serial_node]: RECEIVED /cmd_vel: linear.x=0.0, angular.z=0.0
[decoded_serial_node-3] [INFO] [1791537122.970980109] [bw_dr03_decoded_serial_node]: RECEIVED /cmd_vel: linear.x=0.0, angular.z=0.0
[decoded_serial_node-3] [INFO] [1791537122.971474036] [bw_dr03_decoded_serial_node]: RECEIVED /cmd_vel: linear.x=0.0, angular.z=0.0
[decoded_serial_node-3] [INFO] [1791537123.036873021] [bw_dr03_decoded_serial_node]: RECEIVED /cmd_vel: linear.x=0.0, angular.z=0.0
[decoded_serial_node-3] [INFO] [1791537123.037351513] [bw_dr03_decoded_serial_node]: RECEIVED /cmd_vel: linear.x=0.0, angular.z=0.0
[decoded_serial_node-3] [INFO] [1791537123.037852563] [bw_dr03_decoded_serial_node]: RECEIVED /cmd_vel: linear.x=0.0, angular.z=0.0
[follow_planner-8] [INFO] [1791537123.103680172] [follow_planner_node]: [ESTOP] mat du lieu /scan — dung xe | d=- goc=- | v=0.000 w=0.000 | thoang=-
[decoded_serial_node-3] [INFO] [1791537123.104171724] [bw_dr03_decoded_serial_node]: RECEIVED /cmd_vel: linear.x=0.0, angular.z=0.0
[decoded_serial_node-3] [INFO] [1791537123.105014724] [bw_dr03_decoded_serial_node]: RECEIVED /cmd_vel: linear.x=0.0, angular.z=0.0
[decoded_serial_node-3] [INFO] [1791537123.105458783] [bw_dr03_decoded_serial_node]: RECEIVED /cmd_vel: linear.x=0.0, angular.z=0.0
[decoded_serial_node-3] [INFO] [1791537123.170893387] [bw_dr03_decoded_serial_node]: RECEIVED /cmd_vel: linear.x=0.0, angular.z=0.0
[decoded_serial_node-3] [INFO] [1791537123.171965540] [bw_dr03_decoded_serial_node]: RECEIVED /cmd_vel: linear.x=0.0, angular.z=0.0
[decoded_serial_node-3] [INFO] [1791537123.172416724] [bw_dr03_decoded_serial_node]: RECEIVED /cmd_vel: linear.x=0.0, angular.z=0.0
[decoded_serial_node-3] [INFO] [1791537123.236991705] [bw_dr03_decoded_serial_node]: RECEIVED /cmd_vel: linear.x=0.0, angular.z=0.0
[decoded_serial_node-3] [INFO] [1791537123.237965311] [bw_dr03_decoded_serial_node]: RECEIVED /cmd_vel: linear.x=0.0, angular.z=0.0
[decoded_serial_node-3] [INFO] [1791537123.238415307] [bw_dr03_decoded_serial_node]: RECEIVED /cmd_vel: linear.x=0.0, angular.z=0.0
[decoded_serial_node-3] [INFO] [1791537123.304402016] [bw_dr03_decoded_serial_node]: RECEIVED /cmd_vel: linear.x=0.0, angular.z=0.0
[decoded_serial_node-3] [INFO] [1791537123.305321005] [bw_dr03_decoded_serial_node]: RECEIVED /cmd_vel: linear.x=0.0, angular.z=0.0
[decoded_serial_node-3] [INFO] [1791537123.305806620] [bw_dr03_decoded_serial_node]: RECEIVED /cmd_vel: linear.x=0.0, angular.z=0.0
[decoded_serial_node-3] [INFO] [1791537123.370430283] [bw_dr03_decoded_serial_node]: RECEIVED /cmd_vel: linear.x=0.0, angular.z=0.0
[decoded_serial_node-3] [INFO] [1791537123.370913523] [bw_dr03_decoded_serial_node]: RECEIVED /cmd_vel: linear.x=0.0, angular.z=0.0
[decoded_serial_node-3] [INFO] [1791537123.371394389] [bw_dr03_decoded_serial_node]: RECEIVED /cmd_vel: linear.x=0.0, angular.z=0.0
[decoded_serial_node-3] [INFO] [1791537123.436694826] [bw_dr03_decoded_serial_node]: RECEIVED /cmd_vel: linear.x=0.0, angular.z=0.0
[decoded_serial_node-3] [INFO] [1791537123.437156695] [bw_dr03_decoded_serial_node]: RECEIVED /cmd_vel: linear.x=0.0, angular.z=0.0
[decoded_serial_node-3] [INFO] [1791537123.437610253] [bw_dr03_decoded_serial_node]: RECEIVED /cmd_vel: linear.x=0.0, angular.z=0.0
[decoded_serial_node-3] [INFO] [1791537123.504527824] [bw_dr03_decoded_serial_node]: RECEIVED /cmd_vel: linear.x=0.0, angular.z=0.0
[decoded_serial_node-3] [INFO] [1791537123.505117924] [bw_dr03_decoded_serial_node]: RECEIVED /cmd_vel: linear.x=0.0, angular.z=0.0
[decoded_serial_node-3] [INFO] [1791537123.505564358] [bw_dr03_decoded_serial_node]: RECEIVED /cmd_vel: linear.x=0.0, angular.z=0.0
[decoded_serial_node-3] [INFO] [1791537123.570313877] [bw_dr03_decoded_serial_node]: RECEIVED /cmd_vel: linear.x=0.0, angular.z=0.0
[decoded_serial_node-3] [INFO] [1791537123.570811365] [bw_dr03_decoded_serial_node]: RECEIVED /cmd_vel: linear.x=0.0, angular.z=0.0
[decoded_serial_node-3] [INFO] [1791537123.571262548] [bw_dr03_decoded_serial_node]: RECEIVED /cmd_vel: linear.x=0.0, angular.z=0.0
[decoded_serial_node-3] [INFO] [1791537123.638472202] [bw_dr03_decoded_serial_node]: RECEIVED /cmd_vel: linear.x=0.0, angular.z=0.0
[decoded_serial_node-3] [INFO] [1791537123.639078924] [bw_dr03_decoded_serial_node]: RECEIVED /cmd_vel: linear.x=0.0, angular.z=0.0
[decoded_serial_node-3] [INFO] [1791537123.639539606] [bw_dr03_decoded_serial_node]: RECEIVED /cmd_vel: linear.x=0.0, angular.z=0.0
[target_tracker-7] [INFO] [1791537123.685275320] [target_tracker_node]: muc tieu: no_target_yet
[decoded_serial_node-3] [INFO] [1791537123.704518278] [bw_dr03_decoded_serial_node]: RECEIVED /cmd_vel: linear.x=0.0, angular.z=0.0
[decoded_serial_node-3] [INFO] [1791537123.705216424] [bw_dr03_decoded_serial_node]: RECEIVED /cmd_vel: linear.x=0.0, angular.z=0.0
[decoded_serial_node-3] [INFO] [1791537123.705686604] [bw_dr03_decoded_serial_node]: RECEIVED /cmd_vel: linear.x=0.0, angular.z=0.0
[decoded_serial_node-3] [INFO] [1791537123.770510924] [bw_dr03_decoded_serial_node]: RECEIVED /cmd_vel: linear.x=0.0, angular.z=0.0
[decoded_serial_node-3] [INFO] [1791537123.771019099] [bw_dr03_decoded_serial_node]: RECEIVED /cmd_vel: linear.x=0.0, angular.z=0.0
[decoded_serial_node-3] [INFO] [1791537123.771535585] [bw_dr03_decoded_serial_node]: RECEIVED /cmd_vel: linear.x=0.0, angular.z=0.0
[decoded_serial_node-3] [INFO] [1791537123.837295516] [bw_dr03_decoded_serial_node]: RECEIVED /cmd_vel: linear.x=0.0, angular.z=0.0
[decoded_serial_node-3] [INFO] [1791537123.837905800] [bw_dr03_decoded_serial_node]: RECEIVED /cmd_vel: linear.x=0.0, angular.z=0.0
[decoded_serial_node-3] [INFO] [1791537123.838436534] [bw_dr03_decoded_serial_node]: RECEIVED /cmd_vel: linear.x=0.0, angular.z=0.0
[decoded_serial_node-3] [INFO] [1791537123.904521791] [bw_dr03_decoded_serial_node]: RECEIVED /cmd_vel: linear.x=0.0, angular.z=0.0
[decoded_serial_node-3] [INFO] [1791537123.905495397] [bw_dr03_decoded_serial_node]: RECEIVED /cmd_vel: linear.x=0.0, angular.z=0.0
[decoded_serial_node-3] [INFO] [1791537123.906008321] [bw_dr03_decoded_serial_node]: RECEIVED /cmd_vel: linear.x=0.0, angular.z=0.0
[decoded_serial_node-3] [INFO] [1791537123.971496355] [bw_dr03_decoded_serial_node]: RECEIVED /cmd_vel: linear.x=0.0, angular.z=0.0
[decoded_serial_node-3] [INFO] [1791537123.972030650] [bw_dr03_decoded_serial_node]: RECEIVED /cmd_vel: linear.x=0.0, angular.z=0.0
[decoded_serial_node-3] [INFO] [1791537123.972543574] [bw_dr03_decoded_serial_node]: RECEIVED /cmd_vel: linear.x=0.0, angular.z=0.0
[decoded_serial_node-3] [INFO] [1791537124.037105495] [bw_dr03_decoded_serial_node]: RECEIVED /cmd_vel: linear.x=0.0, angular.z=0.0
[decoded_serial_node-3] [INFO] [1791537124.038402052] [bw_dr03_decoded_serial_node]: RECEIVED /cmd_vel: linear.x=0.0, angular.z=0.0
[decoded_serial_node-3] [INFO] [1791537124.039007587] [bw_dr03_decoded_serial_node]: RECEIVED /cmd_vel: linear.x=0.0, angular.z=0.0
[follow_planner-8] [INFO] [1791537124.104046811] [follow_planner_node]: [ESTOP] mat du lieu /scan — dung xe | d=- goc=- | v=0.000 w=0.000 | thoang=-
[decoded_serial_node-3] [INFO] [1791537124.104154858] [bw_dr03_decoded_serial_node]: RECEIVED /cmd_vel: linear.x=0.0, angular.z=0.0
[decoded_serial_node-3] [INFO] [1791537124.104848255] [bw_dr03_decoded_serial_node]: RECEIVED /cmd_vel: linear.x=0.0, angular.z=0.0
[decoded_serial_node-3] [INFO] [1791537124.105427669] [bw_dr03_decoded_serial_node]: RECEIVED /cmd_vel: linear.x=0.0, angular.z=0.0
[decoded_serial_node-3] [INFO] [1791537124.170547631] [bw_dr03_decoded_serial_node]: RECEIVED /cmd_vel: linear.x=0.0, angular.z=0.0
[decoded_serial_node-3] [INFO] [1791537124.171337201] [bw_dr03_decoded_serial_node]: RECEIVED /cmd_vel: linear.x=0.0, angular.z=0.0
[decoded_serial_node-3] [INFO] [1791537124.172047221] [bw_dr03_decoded_serial_node]: RECEIVED /cmd_vel: linear.x=0.0, angular.z=0.0
[decoded_serial_node-3] [INFO] [1791537124.237230111] [bw_dr03_decoded_serial_node]: RECEIVED /cmd_vel: linear.x=0.0, angular.z=0.0
[decoded_serial_node-3] [INFO] [1791537124.237899762] [bw_dr03_decoded_serial_node]: RECEIVED /cmd_vel: linear.x=0.0, angular.z=0.0
[decoded_serial_node-3] [INFO] [1791537124.238334322] [bw_dr03_decoded_serial_node]: RECEIVED /cmd_vel: linear.x=0.0, angular.z=0.0
[decoded_serial_node-3] [INFO] [1791537124.304001640] [bw_dr03_decoded_serial_node]: RECEIVED /cmd_vel: linear.x=0.0, angular.z=0.0
[decoded_serial_node-3] [INFO] [1791537124.304924191] [bw_dr03_decoded_serial_node]: RECEIVED /cmd_vel: linear.x=0.0, angular.z=0.0
[decoded_serial_node-3] [INFO] [1791537124.305376561] [bw_dr03_decoded_serial_node]: RECEIVED /cmd_vel: linear.x=0.0, angular.z=0.0
[decoded_serial_node-3] [INFO] [1791537124.370515520] [bw_dr03_decoded_serial_node]: RECEIVED /cmd_vel: linear.x=0.0, angular.z=0.0
[decoded_serial_node-3] [INFO] [1791537124.371033194] [bw_dr03_decoded_serial_node]: RECEIVED /cmd_vel: linear.x=0.0, angular.z=0.0
[decoded_serial_node-3] [INFO] [1791537124.371504561] [bw_dr03_decoded_serial_node]: RECEIVED /cmd_vel: linear.x=0.0, angular.z=0.0
[decoded_serial_node-3] [INFO] [1791537124.436776500] [bw_dr03_decoded_serial_node]: RECEIVED /cmd_vel: linear.x=0.0, angular.z=0.0
[decoded_serial_node-3] [INFO] [1791537124.437298923] [bw_dr03_decoded_serial_node]: RECEIVED /cmd_vel: linear.x=0.0, angular.z=0.0
[decoded_serial_node-3] [INFO] [1791537124.437784538] [bw_dr03_decoded_serial_node]: RECEIVED /cmd_vel: linear.x=0.0, angular.z=0.0
[decoded_serial_node-3] [INFO] [1791537124.504032458] [bw_dr03_decoded_serial_node]: RECEIVED /cmd_vel: linear.x=0.0, angular.z=0.0
[decoded_serial_node-3] [INFO] [1791537124.504560817] [bw_dr03_decoded_serial_node]: RECEIVED /cmd_vel: linear.x=0.0, angular.z=0.0
[decoded_serial_node-3] [INFO] [1791537124.505023873] [bw_dr03_decoded_serial_node]: RECEIVED /cmd_vel: linear.x=0.0, angular.z=0.0
[decoded_serial_node-3] [INFO] [1791537124.570447790] [bw_dr03_decoded_serial_node]: RECEIVED /cmd_vel: linear.x=0.0, angular.z=0.0
[decoded_serial_node-3] [INFO] [1791537124.570938155] [bw_dr03_decoded_serial_node]: RECEIVED /cmd_vel: linear.x=0.0, angular.z=0.0
[decoded_serial_node-3] [INFO] [1791537124.571435644] [bw_dr03_decoded_serial_node]: RECEIVED /cmd_vel: linear.x=0.0, angular.z=0.0
[decoded_serial_node-3] [INFO] [1791537124.636832252] [bw_dr03_decoded_serial_node]: RECEIVED /cmd_vel: linear.x=0.0, angular.z=0.0
[decoded_serial_node-3] [INFO] [1791537124.637329741] [bw_dr03_decoded_serial_node]: RECEIVED /cmd_vel: linear.x=0.0, angular.z=0.0
[decoded_serial_node-3] [INFO] [1791537124.637797546] [bw_dr03_decoded_serial_node]: RECEIVED /cmd_vel: linear.x=0.0, angular.z=0.0
[decoded_serial_node-3] [INFO] [1791537124.704183195] [bw_dr03_decoded_serial_node]: RECEIVED /cmd_vel: linear.x=0.0, angular.z=0.0
[decoded_serial_node-3] [INFO] [1791537124.704780419] [bw_dr03_decoded_serial_node]: RECEIVED /cmd_vel: linear.x=0.0, angular.z=0.0
[decoded_serial_node-3] [INFO] [1791537124.705255349] [bw_dr03_decoded_serial_node]: RECEIVED /cmd_vel: linear.x=0.0, angular.z=0.0
[target_tracker-7] [INFO] [1791537124.735318388] [target_tracker_node]: muc tieu: no_target_yet
[decoded_serial_node-3] [INFO] [1791537124.770518977] [bw_dr03_decoded_serial_node]: RECEIVED /cmd_vel: linear.x=0.0, angular.z=0.0
[decoded_serial_node-3] [INFO] [1791537124.771008154] [bw_dr03_decoded_serial_node]: RECEIVED /cmd_vel: linear.x=0.0, angular.z=0.0
[decoded_serial_node-3] [INFO] [1791537124.771511579] [bw_dr03_decoded_serial_node]: RECEIVED /cmd_vel: linear.x=0.0, angular.z=0.0
[decoded_serial_node-3] [INFO] [1791537124.837379555] [bw_dr03_decoded_serial_node]: RECEIVED /cmd_vel: linear.x=0.0, angular.z=0.0
[decoded_serial_node-3] [INFO] [1791537124.837949471] [bw_dr03_decoded_serial_node]: RECEIVED /cmd_vel: linear.x=0.0, angular.z=0.0
[decoded_serial_node-3] [INFO] [1791537124.838422026] [bw_dr03_decoded_serial_node]: RECEIVED /cmd_vel: linear.x=0.0, angular.z=0.0
[decoded_serial_node-3] [INFO] [1791537124.904332745] [bw_dr03_decoded_serial_node]: RECEIVED /cmd_vel: linear.x=0.0, angular.z=0.0
[decoded_serial_node-3] [INFO] [1791537124.905146062] [bw_dr03_decoded_serial_node]: RECEIVED /cmd_vel: linear.x=0.0, angular.z=0.0
[decoded_serial_node-3] [INFO] [1791537124.905606744] [bw_dr03_decoded_serial_node]: RECEIVED /cmd_vel: linear.x=0.0, angular.z=0.0
[decoded_serial_node-3] [INFO] [1791537124.971431976] [bw_dr03_decoded_serial_node]: RECEIVED /cmd_vel: linear.x=0.0, angular.z=0.0
[decoded_serial_node-3] [INFO] [1791537124.971902156] [bw_dr03_decoded_serial_node]: RECEIVED /cmd_vel: linear.x=0.0, angular.z=0.0
[decoded_serial_node-3] [INFO] [1791537124.972329593] [bw_dr03_decoded_serial_node]: RECEIVED /cmd_vel: linear.x=0.0, angular.z=0.0
[decoded_serial_node-3] [INFO] [1791537125.037466176] [bw_dr03_decoded_serial_node]: RECEIVED /cmd_vel: linear.x=0.0, angular.z=0.0
[decoded_serial_node-3] [INFO] [1791537125.038283055] [bw_dr03_decoded_serial_node]: RECEIVED /cmd_vel: linear.x=0.0, angular.z=0.0
[decoded_serial_node-3] [INFO] [1791537125.038762734] [bw_dr03_decoded_serial_node]: RECEIVED /cmd_vel: linear.x=0.0, angular.z=0.0
[follow_planner-8] [INFO] [1791537125.105157880] [follow_planner_node]: [ESTOP] mat du lieu /scan — dung xe | d=- goc=- | v=0.000 w=0.000 | thoang=-
[decoded_serial_node-3] [INFO] [1791537125.105269489] [bw_dr03_decoded_serial_node]: RECEIVED /cmd_vel: linear.x=0.0, angular.z=0.0
[decoded_serial_node-3] [INFO] [1791537125.105757479] [bw_dr03_decoded_serial_node]: RECEIVED /cmd_vel: linear.x=0.0, angular.z=0.0
[decoded_serial_node-3] [INFO] [1791537125.106230034] [bw_dr03_decoded_serial_node]: RECEIVED /cmd_vel: linear.x=0.0, angular.z=0.0
[decoded_serial_node-3] [INFO] [1791537125.170857255] [bw_dr03_decoded_serial_node]: RECEIVED /cmd_vel: linear.x=0.0, angular.z=0.0
[decoded_serial_node-3] [INFO] [1791537125.171523343] [bw_dr03_decoded_serial_node]: RECEIVED /cmd_vel: linear.x=0.0, angular.z=0.0
[decoded_serial_node-3] [INFO] [1791537125.171997085] [bw_dr03_decoded_serial_node]: RECEIVED /cmd_vel: linear.x=0.0, angular.z=0.0
[decoded_serial_node-3] [INFO] [1791537125.238470595] [bw_dr03_decoded_serial_node]: RECEIVED /cmd_vel: linear.x=0.0, angular.z=0.0
[decoded_serial_node-3] [INFO] [1791537125.239084441] [bw_dr03_decoded_serial_node]: RECEIVED /cmd_vel: linear.x=0.0, angular.z=0.0
[decoded_serial_node-3] [INFO] [1791537125.239570057] [bw_dr03_decoded_serial_node]: RECEIVED /cmd_vel: linear.x=0.0, angular.z=0.0
[decoded_serial_node-3] [INFO] [1791537125.304345693] [bw_dr03_decoded_serial_node]: RECEIVED /cmd_vel: linear.x=0.0, angular.z=0.0
[decoded_serial_node-3] [INFO] [1791537125.305002283] [bw_dr03_decoded_serial_node]: RECEIVED /cmd_vel: linear.x=0.0, angular.z=0.0
[decoded_serial_node-3] [INFO] [1791537125.305473651] [bw_dr03_decoded_serial_node]: RECEIVED /cmd_vel: linear.x=0.0, angular.z=0.0
[decoded_serial_node-3] [INFO] [1791537125.371282259] [bw_dr03_decoded_serial_node]: RECEIVED /cmd_vel: linear.x=0.0, angular.z=0.0
[decoded_serial_node-3] [INFO] [1791537125.371997028] [bw_dr03_decoded_serial_node]: RECEIVED /cmd_vel: linear.x=0.0, angular.z=0.0
[decoded_serial_node-3] [INFO] [1791537125.372486205] [bw_dr03_decoded_serial_node]: RECEIVED /cmd_vel: linear.x=0.0, angular.z=0.0
[decoded_serial_node-3] [INFO] [1791537125.436777414] [bw_dr03_decoded_serial_node]: RECEIVED /cmd_vel: linear.x=0.0, angular.z=0.0
[decoded_serial_node-3] [INFO] [1791537125.437283214] [bw_dr03_decoded_serial_node]: RECEIVED /cmd_vel: linear.x=0.0, angular.z=0.0
[decoded_serial_node-3] [INFO] [1791537125.437777140] [bw_dr03_decoded_serial_node]: RECEIVED /cmd_vel: linear.x=0.0, angular.z=0.0
[decoded_serial_node-3] [INFO] [1791537125.504287457] [bw_dr03_decoded_serial_node]: RECEIVED /cmd_vel: linear.x=0.0, angular.z=0.0
[decoded_serial_node-3] [INFO] [1791537125.506415141] [bw_dr03_decoded_serial_node]: RECEIVED /cmd_vel: linear.x=0.0, angular.z=0.0
[decoded_serial_node-3] [INFO] [1791537125.506874636] [bw_dr03_decoded_serial_node]: RECEIVED /cmd_vel: linear.x=0.0, angular.z=0.0
[decoded_serial_node-3] [INFO] [1791537125.570334717] [bw_dr03_decoded_serial_node]: RECEIVED /cmd_vel: linear.x=0.0, angular.z=0.0
[decoded_serial_node-3] [INFO] [1791537125.570828644] [bw_dr03_decoded_serial_node]: RECEIVED /cmd_vel: linear.x=0.0, angular.z=0.0
[decoded_serial_node-3] [INFO] [1791537125.571330882] [bw_dr03_decoded_serial_node]: RECEIVED /cmd_vel: linear.x=0.0, angular.z=0.0
[decoded_serial_node-3] [INFO] [1791537125.637781832] [bw_dr03_decoded_serial_node]: RECEIVED /cmd_vel: linear.x=0.0, angular.z=0.0
[decoded_serial_node-3] [INFO] [1791537125.638470480] [bw_dr03_decoded_serial_node]: RECEIVED /cmd_vel: linear.x=0.0, angular.z=0.0
[decoded_serial_node-3] [INFO] [1791537125.638940660] [bw_dr03_decoded_serial_node]: RECEIVED /cmd_vel: linear.x=0.0, angular.z=0.0
[decoded_serial_node-3] [INFO] [1791537125.704801511] [bw_dr03_decoded_serial_node]: RECEIVED /cmd_vel: linear.x=0.0, angular.z=0.0
[decoded_serial_node-3] [INFO] [1791537125.705537652] [bw_dr03_decoded_serial_node]: RECEIVED /cmd_vel: linear.x=0.0, angular.z=0.0
[decoded_serial_node-3] [INFO] [1791537125.706047014] [bw_dr03_decoded_serial_node]: RECEIVED /cmd_vel: linear.x=0.0, angular.z=0.0
[decoded_serial_node-3] [INFO] [1791537125.770784656] [bw_dr03_decoded_serial_node]: RECEIVED /cmd_vel: linear.x=0.0, angular.z=0.0
[decoded_serial_node-3] [INFO] [1791537125.771277395] [bw_dr03_decoded_serial_node]: RECEIVED /cmd_vel: linear.x=0.0, angular.z=0.0
[decoded_serial_node-3] [INFO] [1791537125.771744013] [bw_dr03_decoded_serial_node]: RECEIVED /cmd_vel: linear.x=0.0, angular.z=0.0
[target_tracker-7] [INFO] [1791537125.785239135] [target_tracker_node]: muc tieu: no_target_yet
[decoded_serial_node-3] [INFO] [1791537125.836970833] [bw_dr03_decoded_serial_node]: RECEIVED /cmd_vel: linear.x=0.0, angular.z=0.0
[decoded_serial_node-3] [INFO] [1791537125.837483757] [bw_dr03_decoded_serial_node]: RECEIVED /cmd_vel: linear.x=0.0, angular.z=0.0
[decoded_serial_node-3] [INFO] [1791537125.837971747] [bw_dr03_decoded_serial_node]: RECEIVED /cmd_vel: linear.x=0.0, angular.z=0.0
[decoded_serial_node-3] [INFO] [1791537125.904623355] [bw_dr03_decoded_serial_node]: RECEIVED /cmd_vel: linear.x=0.0, angular.z=0.0
[decoded_serial_node-3] [INFO] [1791537125.905272821] [bw_dr03_decoded_serial_node]: RECEIVED /cmd_vel: linear.x=0.0, angular.z=0.0
[decoded_serial_node-3] [INFO] [1791537125.905778621] [bw_dr03_decoded_serial_node]: RECEIVED /cmd_vel: linear.x=0.0, angular.z=0.0
[decoded_serial_node-3] [INFO] [1791537125.970651618] [bw_dr03_decoded_serial_node]: RECEIVED /cmd_vel: linear.x=0.0, angular.z=0.0
[decoded_serial_node-3] [INFO] [1791537125.971151481] [bw_dr03_decoded_serial_node]: RECEIVED /cmd_vel: linear.x=0.0, angular.z=0.0
[decoded_serial_node-3] [INFO] [1791537125.971637097] [bw_dr03_decoded_serial_node]: RECEIVED /cmd_vel: linear.x=0.0, angular.z=0.0
[decoded_serial_node-3] [INFO] [1791537126.037696229] [bw_dr03_decoded_serial_node]: RECEIVED /cmd_vel: linear.x=0.0, angular.z=0.0
[decoded_serial_node-3] [INFO] [1791537126.038301765] [bw_dr03_decoded_serial_node]: RECEIVED /cmd_vel: linear.x=0.0, angular.z=0.0
[decoded_serial_node-3] [INFO] [1791537126.038776694] [bw_dr03_decoded_serial_node]: RECEIVED /cmd_vel: linear.x=0.0, angular.z=0.0
[decoded_serial_node-3] [INFO] [1791537126.105040046] [bw_dr03_decoded_serial_node]: RECEIVED /cmd_vel: linear.x=0.0, angular.z=0.0
[decoded_serial_node-3] [INFO] [1791537126.105646768] [bw_dr03_decoded_serial_node]: RECEIVED /cmd_vel: linear.x=0.0, angular.z=0.0
[decoded_serial_node-3] [INFO] [1791537126.106149006] [bw_dr03_decoded_serial_node]: RECEIVED /cmd_vel: linear.x=0.0, angular.z=0.0
[decoded_serial_node-3] [INFO] [1791537126.171064745] [bw_dr03_decoded_serial_node]: RECEIVED /cmd_vel: linear.x=0.0, angular.z=0.0
[follow_planner-8] [INFO] [1791537126.171102740] [follow_planner_node]: [ESTOP] mat du lieu /scan — dung xe | d=- goc=- | v=0.000 w=0.000 | thoang=-
[decoded_serial_node-3] [INFO] [1791537126.171608540] [bw_dr03_decoded_serial_node]: RECEIVED /cmd_vel: linear.x=0.0, angular.z=0.0
[decoded_serial_node-3] [INFO] [1791537126.172110778] [bw_dr03_decoded_serial_node]: RECEIVED /cmd_vel: linear.x=0.0, angular.z=0.0
[decoded_serial_node-3] [INFO] [1791537126.237288915] [bw_dr03_decoded_serial_node]: RECEIVED /cmd_vel: linear.x=0.0, angular.z=0.0
[decoded_serial_node-3] [INFO] [1791537126.237848145] [bw_dr03_decoded_serial_node]: RECEIVED /cmd_vel: linear.x=0.0, angular.z=0.0
[decoded_serial_node-3] [INFO] [1791537126.238325449] [bw_dr03_decoded_serial_node]: RECEIVED /cmd_vel: linear.x=0.0, angular.z=0.0
[decoded_serial_node-3] [INFO] [1791537126.304892756] [bw_dr03_decoded_serial_node]: RECEIVED /cmd_vel: linear.x=0.0, angular.z=0.0
[decoded_serial_node-3] [INFO] [1791537126.305435363] [bw_dr03_decoded_serial_node]: RECEIVED /cmd_vel: linear.x=0.0, angular.z=0.0
[decoded_serial_node-3] [INFO] [1791537126.305906730] [bw_dr03_decoded_serial_node]: RECEIVED /cmd_vel: linear.x=0.0, angular.z=0.0
[decoded_serial_node-3] [INFO] [1791537126.370393846] [bw_dr03_decoded_serial_node]: RECEIVED /cmd_vel: linear.x=0.0, angular.z=0.0
[decoded_serial_node-3] [INFO] [1791537126.370881836] [bw_dr03_decoded_serial_node]: RECEIVED /cmd_vel: linear.x=0.0, angular.z=0.0
[decoded_serial_node-3] [INFO] [1791537126.371369826] [bw_dr03_decoded_serial_node]: RECEIVED /cmd_vel: linear.x=0.0, angular.z=0.0
[decoded_serial_node-3] [INFO] [1791537126.437629615] [bw_dr03_decoded_serial_node]: RECEIVED /cmd_vel: linear.x=0.0, angular.z=0.0
[decoded_serial_node-3] [INFO] [1791537126.438400189] [bw_dr03_decoded_serial_node]: RECEIVED /cmd_vel: linear.x=0.0, angular.z=0.0
[decoded_serial_node-3] [INFO] [1791537126.438853746] [bw_dr03_decoded_serial_node]: RECEIVED /cmd_vel: linear.x=0.0, angular.z=0.0
[decoded_serial_node-3] [INFO] [1791537126.503944022] [bw_dr03_decoded_serial_node]: RECEIVED /cmd_vel: linear.x=0.0, angular.z=0.0
[decoded_serial_node-3] [INFO] [1791537126.506171441] [bw_dr03_decoded_serial_node]: RECEIVED /cmd_vel: linear.x=0.0, angular.z=0.0
[decoded_serial_node-3] [INFO] [1791537126.506636872] [bw_dr03_decoded_serial_node]: RECEIVED /cmd_vel: linear.x=0.0, angular.z=0.0
[decoded_serial_node-3] [INFO] [1791537126.570556447] [bw_dr03_decoded_serial_node]: RECEIVED /cmd_vel: linear.x=0.0, angular.z=0.0
[decoded_serial_node-3] [INFO] [1791537126.571042062] [bw_dr03_decoded_serial_node]: RECEIVED /cmd_vel: linear.x=0.0, angular.z=0.0
[decoded_serial_node-3] [INFO] [1791537126.571545488] [bw_dr03_decoded_serial_node]: RECEIVED /cmd_vel: linear.x=0.0, angular.z=0.0
[decoded_serial_node-3] [INFO] [1791537126.638547355] [bw_dr03_decoded_serial_node]: RECEIVED /cmd_vel: linear.x=0.0, angular.z=0.0
[decoded_serial_node-3] [INFO] [1791537126.639129143] [bw_dr03_decoded_serial_node]: RECEIVED /cmd_vel: linear.x=0.0, angular.z=0.0
[decoded_serial_node-3] [INFO] [1791537126.639615946] [bw_dr03_decoded_serial_node]: RECEIVED /cmd_vel: linear.x=0.0, angular.z=0.0
[decoded_serial_node-3] [INFO] [1791537126.704272849] [bw_dr03_decoded_serial_node]: RECEIVED /cmd_vel: linear.x=0.0, angular.z=0.0
[decoded_serial_node-3] [INFO] [1791537126.704979306] [bw_dr03_decoded_serial_node]: RECEIVED /cmd_vel: linear.x=0.0, angular.z=0.0
[decoded_serial_node-3] [INFO] [1791537126.705423366] [bw_dr03_decoded_serial_node]: RECEIVED /cmd_vel: linear.x=0.0, angular.z=0.0
[decoded_serial_node-3] [INFO] [1791537126.770933954] [bw_dr03_decoded_serial_node]: RECEIVED /cmd_vel: linear.x=0.0, angular.z=0.0
[decoded_serial_node-3] [INFO] [1791537126.771412445] [bw_dr03_decoded_serial_node]: RECEIVED /cmd_vel: linear.x=0.0, angular.z=0.0
[decoded_serial_node-3] [INFO] [1791537126.771900436] [bw_dr03_decoded_serial_node]: RECEIVED /cmd_vel: linear.x=0.0, angular.z=0.0
[target_tracker-7] [INFO] [1791537126.785098726] [target_tracker_node]: muc tieu: no_target_yet
[decoded_serial_node-3] [INFO] [1791537126.837149813] [bw_dr03_decoded_serial_node]: RECEIVED /cmd_vel: linear.x=0.0, angular.z=0.0
[decoded_serial_node-3] [INFO] [1791537126.837948882] [bw_dr03_decoded_serial_node]: RECEIVED /cmd_vel: linear.x=0.0, angular.z=0.0
[decoded_serial_node-3] [INFO] [1791537126.838381067] [bw_dr03_decoded_serial_node]: RECEIVED /cmd_vel: linear.x=0.0, angular.z=0.0
[decoded_serial_node-3] [INFO] [1791537126.905138346] [bw_dr03_decoded_serial_node]: RECEIVED /cmd_vel: linear.x=0.0, angular.z=0.0
[decoded_serial_node-3] [INFO] [1791537126.905609713] [bw_dr03_decoded_serial_node]: RECEIVED /cmd_vel: linear.x=0.0, angular.z=0.0
[decoded_serial_node-3] [INFO] [1791537126.906079894] [bw_dr03_decoded_serial_node]: RECEIVED /cmd_vel: linear.x=0.0, angular.z=0.0
[decoded_serial_node-3] [INFO] [1791537126.970314109] [bw_dr03_decoded_serial_node]: RECEIVED /cmd_vel: linear.x=0.0, angular.z=0.0
[decoded_serial_node-3] [INFO] [1791537126.970830595] [bw_dr03_decoded_serial_node]: RECEIVED /cmd_vel: linear.x=0.0, angular.z=0.0
[decoded_serial_node-3] [INFO] [1791537126.971344706] [bw_dr03_decoded_serial_node]: RECEIVED /cmd_vel: linear.x=0.0, angular.z=0.0
[decoded_serial_node-3] [INFO] [1791537127.037524944] [bw_dr03_decoded_serial_node]: RECEIVED /cmd_vel: linear.x=0.0, angular.z=0.0
[decoded_serial_node-3] [INFO] [1791537127.038408313] [bw_dr03_decoded_serial_node]: RECEIVED /cmd_vel: linear.x=0.0, angular.z=0.0
[decoded_serial_node-3] [INFO] [1791537127.038879681] [bw_dr03_decoded_serial_node]: RECEIVED /cmd_vel: linear.x=0.0, angular.z=0.0
[decoded_serial_node-3] [INFO] [1791537127.104180111] [bw_dr03_decoded_serial_node]: RECEIVED /cmd_vel: linear.x=0.0, angular.z=0.0
[decoded_serial_node-3] [INFO] [1791537127.104810580] [bw_dr03_decoded_serial_node]: RECEIVED /cmd_vel: linear.x=0.0, angular.z=0.0
[decoded_serial_node-3] [INFO] [1791537127.105300945] [bw_dr03_decoded_serial_node]: RECEIVED /cmd_vel: linear.x=0.0, angular.z=0.0
[decoded_serial_node-3] [INFO] [1791537127.170431588] [bw_dr03_decoded_serial_node]: RECEIVED /cmd_vel: linear.x=0.0, angular.z=0.0
[decoded_serial_node-3] [INFO] [1791537127.170923140] [bw_dr03_decoded_serial_node]: RECEIVED /cmd_vel: linear.x=0.0, angular.z=0.0
[decoded_serial_node-3] [INFO] [1791537127.171421816] [bw_dr03_decoded_serial_node]: RECEIVED /cmd_vel: linear.x=0.0, angular.z=0.0
[follow_planner-8] [INFO] [1791537127.237391898] [follow_planner_node]: [ESTOP] mat du lieu /scan — dung xe | d=- goc=- | v=0.000 w=0.000 | thoang=-
[decoded_serial_node-3] [INFO] [1791537127.237663795] [bw_dr03_decoded_serial_node]: RECEIVED /cmd_vel: linear.x=0.0, angular.z=0.0
[decoded_serial_node-3] [INFO] [1791537127.238646899] [bw_dr03_decoded_serial_node]: RECEIVED /cmd_vel: linear.x=0.0, angular.z=0.0
[decoded_serial_node-3] [INFO] [1791537127.239157448] [bw_dr03_decoded_serial_node]: RECEIVED /cmd_vel: linear.x=0.0, angular.z=0.0
[decoded_serial_node-3] [INFO] [1791537127.304723839] [bw_dr03_decoded_serial_node]: RECEIVED /cmd_vel: linear.x=0.0, angular.z=0.0
[decoded_serial_node-3] [INFO] [1791537127.305245074] [bw_dr03_decoded_serial_node]: RECEIVED /cmd_vel: linear.x=0.0, angular.z=0.0
[decoded_serial_node-3] [INFO] [1791537127.305741376] [bw_dr03_decoded_serial_node]: RECEIVED /cmd_vel: linear.x=0.0, angular.z=0.0
[python3-4] [INFO] [1791537127.335175131] [identity_lock_node]: camera: nhan 22.6 fps (phoi sang 30 ms, do sang 65), xu ly 14.9 Hz, TB 15 ms/khung, tre tu luc chup 64.8 ms, 0 nguoi, status LOST
[decoded_serial_node-3] [INFO] [1791537127.370558565] [bw_dr03_decoded_serial_node]: RECEIVED /cmd_vel: linear.x=0.0, angular.z=0.0
[decoded_serial_node-3] [INFO] [1791537127.371046555] [bw_dr03_decoded_serial_node]: RECEIVED /cmd_vel: linear.x=0.0, angular.z=0.0
[decoded_serial_node-3] [INFO] [1791537127.371478741] [bw_dr03_decoded_serial_node]: RECEIVED /cmd_vel: linear.x=0.0, angular.z=0.0
[decoded_serial_node-3] [INFO] [1791537127.437790772] [bw_dr03_decoded_serial_node]: RECEIVED /cmd_vel: linear.x=0.0, angular.z=0.0
[decoded_serial_node-3] [INFO] [1791537127.438336941] [bw_dr03_decoded_serial_node]: RECEIVED /cmd_vel: linear.x=0.0, angular.z=0.0
[decoded_serial_node-3] [INFO] [1791537127.438811870] [bw_dr03_decoded_serial_node]: RECEIVED /cmd_vel: linear.x=0.0, angular.z=0.0
[decoded_serial_node-3] [INFO] [1791537127.503994756] [bw_dr03_decoded_serial_node]: RECEIVED /cmd_vel: linear.x=0.0, angular.z=0.0
[decoded_serial_node-3] [INFO] [1791537127.505047912] [bw_dr03_decoded_serial_node]: RECEIVED /cmd_vel: linear.x=0.0, angular.z=0.0
[decoded_serial_node-3] [INFO] [1791537127.505519279] [bw_dr03_decoded_serial_node]: RECEIVED /cmd_vel: linear.x=0.0, angular.z=0.0
[decoded_serial_node-3] [INFO] [1791537127.570412458] [bw_dr03_decoded_serial_node]: RECEIVED /cmd_vel: linear.x=0.0, angular.z=0.0
[decoded_serial_node-3] [INFO] [1791537127.570913509] [bw_dr03_decoded_serial_node]: RECEIVED /cmd_vel: linear.x=0.0, angular.z=0.0
[decoded_serial_node-3] [INFO] [1791537127.571378940] [bw_dr03_decoded_serial_node]: RECEIVED /cmd_vel: linear.x=0.0, angular.z=0.0
[decoded_serial_node-3] [INFO] [1791537127.637544929] [bw_dr03_decoded_serial_node]: RECEIVED /cmd_vel: linear.x=0.0, angular.z=0.0
[decoded_serial_node-3] [INFO] [1791537127.638411676] [bw_dr03_decoded_serial_node]: RECEIVED /cmd_vel: linear.x=0.0, angular.z=0.0
[decoded_serial_node-3] [INFO] [1791537127.638879481] [bw_dr03_decoded_serial_node]: RECEIVED /cmd_vel: linear.x=0.0, angular.z=0.0
[decoded_serial_node-3] [INFO] [1791537127.704106298] [bw_dr03_decoded_serial_node]: RECEIVED /cmd_vel: linear.x=0.0, angular.z=0.0
[decoded_serial_node-3] [INFO] [1791537127.705297183] [bw_dr03_decoded_serial_node]: RECEIVED /cmd_vel: linear.x=0.0, angular.z=0.0
[decoded_serial_node-3] [INFO] [1791537127.705805358] [bw_dr03_decoded_serial_node]: RECEIVED /cmd_vel: linear.x=0.0, angular.z=0.0
[decoded_serial_node-3] [INFO] [1791537127.770835079] [bw_dr03_decoded_serial_node]: RECEIVED /cmd_vel: linear.x=0.0, angular.z=0.0
[decoded_serial_node-3] [INFO] [1791537127.771617525] [bw_dr03_decoded_serial_node]: RECEIVED /cmd_vel: linear.x=0.0, angular.z=0.0
[decoded_serial_node-3] [INFO] [1791537127.772075832] [bw_dr03_decoded_serial_node]: RECEIVED /cmd_vel: linear.x=0.0, angular.z=0.0
[target_tracker-7] [INFO] [1791537127.834346213] [target_tracker_node]: muc tieu: no_target_yet
[decoded_serial_node-3] [INFO] [1791537127.838695379] [bw_dr03_decoded_serial_node]: RECEIVED /cmd_vel: linear.x=0.0, angular.z=0.0
[decoded_serial_node-3] [INFO] [1791537127.839304476] [bw_dr03_decoded_serial_node]: RECEIVED /cmd_vel: linear.x=0.0, angular.z=0.0
[decoded_serial_node-3] [INFO] [1791537127.839804340] [bw_dr03_decoded_serial_node]: RECEIVED /cmd_vel: linear.x=0.0, angular.z=0.0
[decoded_serial_node-3] [INFO] [1791537127.904030242] [bw_dr03_decoded_serial_node]: RECEIVED /cmd_vel: linear.x=0.0, angular.z=0.0
[decoded_serial_node-3] [INFO] [1791537127.904654775] [bw_dr03_decoded_serial_node]: RECEIVED /cmd_vel: linear.x=0.0, angular.z=0.0
[decoded_serial_node-3] [INFO] [1791537127.905114269] [bw_dr03_decoded_serial_node]: RECEIVED /cmd_vel: linear.x=0.0, angular.z=0.0
[follow_planner-8] [WARN] [1791537127.938277408] [follow_planner_node]: DUNG KHAN CAP
[decoded_serial_node-3] [INFO] [1791537127.938383080] [bw_dr03_decoded_serial_node]: RECEIVED /cmd_vel: linear.x=0.0, angular.z=0.0
[decoded_serial_node-3] [INFO] [1791537127.938893629] [bw_dr03_decoded_serial_node]: RECEIVED /cmd_vel: linear.x=0.0, angular.z=0.0
[decoded_serial_node-3] [INFO] [1791537127.939401804] [bw_dr03_decoded_serial_node]: RECEIVED /cmd_vel: linear.x=0.0, angular.z=0.0
[decoded_serial_node-3] [INFO] [1791537127.970450319] [bw_dr03_decoded_serial_node]: RECEIVED /cmd_vel: linear.x=0.0, angular.z=0.0
[decoded_serial_node-3] [INFO] [1791537128.037290708] [bw_dr03_decoded_serial_node]: RECEIVED /cmd_vel: linear.x=0.0, angular.z=0.0
[decoded_serial_node-3] [INFO] [1791537128.105211561] [bw_dr03_decoded_serial_node]: RECEIVED /cmd_vel: linear.x=0.0, angular.z=0.0
[decoded_serial_node-3] [INFO] [1791537128.170555921] [bw_dr03_decoded_serial_node]: RECEIVED /cmd_vel: linear.x=0.0, angular.z=0.0
[decoded_serial_node-3] [INFO] [1791537128.236921379] [bw_dr03_decoded_serial_node]: RECEIVED /cmd_vel: linear.x=0.0, angular.z=0.0
[decoded_serial_node-3] [INFO] [1791537128.304329308] [bw_dr03_decoded_serial_node]: RECEIVED /cmd_vel: linear.x=0.0, angular.z=0.0
[follow_planner-8] [INFO] [1791537128.304531153] [follow_planner_node]: [IDLE] disabled | d=- goc=- | v=0.000 w=0.000 | thoang=-
[decoded_serial_node-3] [INFO] [1791537128.370964289] [bw_dr03_decoded_serial_node]: RECEIVED /cmd_vel: linear.x=0.0, angular.z=0.0
[decoded_serial_node-3] [INFO] [1791537128.437809426] [bw_dr03_decoded_serial_node]: RECEIVED /cmd_vel: linear.x=0.0, angular.z=0.0
[decoded_serial_node-3] [INFO] [1791537128.504216441] [bw_dr03_decoded_serial_node]: RECEIVED /cmd_vel: linear.x=0.0, angular.z=0.0
[decoded_serial_node-3] [INFO] [1791537128.570965405] [bw_dr03_decoded_serial_node]: RECEIVED /cmd_vel: linear.x=0.0, angular.z=0.0
[decoded_serial_node-3] [INFO] [1791537128.637000788] [bw_dr03_decoded_serial_node]: RECEIVED /cmd_vel: linear.x=0.0, angular.z=0.0
[decoded_serial_node-3] [INFO] [1791537128.705362138] [bw_dr03_decoded_serial_node]: RECEIVED /cmd_vel: linear.x=0.0, angular.z=0.0
[decoded_serial_node-3] [INFO] [1791537128.770752803] [bw_dr03_decoded_serial_node]: RECEIVED /cmd_vel: linear.x=0.0, angular.z=0.0
[decoded_serial_node-3] [INFO] [1791537128.836947287] [bw_dr03_decoded_serial_node]: RECEIVED /cmd_vel: linear.x=0.0, angular.z=0.0
[target_tracker-7] [INFO] [1791537128.884334564] [target_tracker_node]: muc tieu: no_target_yet
[decoded_serial_node-3] [INFO] [1791537128.904362340] [bw_dr03_decoded_serial_node]: RECEIVED /cmd_vel: linear.x=0.0, angular.z=0.0
[decoded_serial_node-3] [INFO] [1791537128.970643498] [bw_dr03_decoded_serial_node]: RECEIVED /cmd_vel: linear.x=0.0, angular.z=0.0
[decoded_serial_node-3] [INFO] [1791537129.036739434] [bw_dr03_decoded_serial_node]: RECEIVED /cmd_vel: linear.x=0.0, angular.z=0.0
[decoded_serial_node-3] [INFO] [1791537129.104413321] [bw_dr03_decoded_serial_node]: RECEIVED /cmd_vel: linear.x=0.0, angular.z=0.0
[decoded_serial_node-3] [INFO] [1791537129.170965188] [bw_dr03_decoded_serial_node]: RECEIVED /cmd_vel: linear.x=0.0, angular.z=0.0
[decoded_serial_node-3] [INFO] [1791537129.237260593] [bw_dr03_decoded_serial_node]: RECEIVED /cmd_vel: linear.x=0.0, angular.z=0.0
[follow_planner-8] [INFO] [1791537129.304484485] [follow_planner_node]: [IDLE] disabled | d=- goc=- | v=0.000 w=0.000 | thoang=-
[decoded_serial_node-3] [INFO] [1791537129.305151761] [bw_dr03_decoded_serial_node]: RECEIVED /cmd_vel: linear.x=0.0, angular.z=0.0
[decoded_serial_node-3] [INFO] [1791537129.370281214] [bw_dr03_decoded_serial_node]: RECEIVED /cmd_vel: linear.x=0.0, angular.z=0.0
[decoded_serial_node-3] [INFO] [1791537129.437630963] [bw_dr03_decoded_serial_node]: RECEIVED /cmd_vel: linear.x=0.0, angular.z=0.0
[decoded_serial_node-3] [INFO] [1791537129.503989296] [bw_dr03_decoded_serial_node]: RECEIVED /cmd_vel: linear.x=0.0, angular.z=0.0
[decoded_serial_node-3] [INFO] [1791537129.570785751] [bw_dr03_decoded_serial_node]: RECEIVED /cmd_vel: linear.x=0.0, angular.z=0.0
[decoded_serial_node-3] [INFO] [1791537129.638188929] [bw_dr03_decoded_serial_node]: RECEIVED /cmd_vel: linear.x=0.0, angular.z=0.0
[decoded_serial_node-3] [INFO] [1791537129.704316921] [bw_dr03_decoded_serial_node]: RECEIVED /cmd_vel: linear.x=0.0, angular.z=0.0
[decoded_serial_node-3] [INFO] [1791537129.770480533] [bw_dr03_decoded_serial_node]: RECEIVED /cmd_vel: linear.x=0.0, angular.z=0.0
[decoded_serial_node-3] [INFO] [1791537129.837356540] [bw_dr03_decoded_serial_node]: RECEIVED /cmd_vel: linear.x=0.0, angular.z=0.0
[decoded_serial_node-3] [INFO] [1791537129.904384523] [bw_dr03_decoded_serial_node]: RECEIVED /cmd_vel: linear.x=0.0, angular.z=0.0
[target_tracker-7] [INFO] [1791537129.934277771] [target_tracker_node]: muc tieu: no_target_yet
[decoded_serial_node-3] [INFO] [1791537129.971242720] [bw_dr03_decoded_serial_node]: RECEIVED /cmd_vel: linear.x=0.0, angular.z=0.0
[decoded_serial_node-3] [INFO] [1791537130.037043010] [bw_dr03_decoded_serial_node]: RECEIVED /cmd_vel: linear.x=0.0, angular.z=0.0
[decoded_serial_node-3] [INFO] [1791537130.104600538] [bw_dr03_decoded_serial_node]: RECEIVED /cmd_vel: linear.x=0.0, angular.z=0.0
[decoded_serial_node-3] [INFO] [1791537130.171659391] [bw_dr03_decoded_serial_node]: RECEIVED /cmd_vel: linear.x=0.0, angular.z=0.0
[decoded_serial_node-3] [INFO] [1791537130.237216279] [bw_dr03_decoded_serial_node]: RECEIVED /cmd_vel: linear.x=0.0, angular.z=0.0
[decoded_serial_node-3] [INFO] [1791537130.304807052] [bw_dr03_decoded_serial_node]: RECEIVED /cmd_vel: linear.x=0.0, angular.z=0.0
[decoded_serial_node-3] [INFO] [1791537130.371066836] [bw_dr03_decoded_serial_node]: RECEIVED /cmd_vel: linear.x=0.0, angular.z=0.0
[follow_planner-8] [INFO] [1791537130.371160635] [follow_planner_node]: [IDLE] disabled | d=- goc=- | v=0.000 w=0.000 | thoang=-
[decoded_serial_node-3] [INFO] [1791537130.437835982] [bw_dr03_decoded_serial_node]: RECEIVED /cmd_vel: linear.x=0.0, angular.z=0.0
[decoded_serial_node-3] [INFO] [1791537130.505499182] [bw_dr03_decoded_serial_node]: RECEIVED /cmd_vel: linear.x=0.0, angular.z=0.0
[decoded_serial_node-3] [INFO] [1791537130.572100915] [bw_dr03_decoded_serial_node]: RECEIVED /cmd_vel: linear.x=0.0, angular.z=0.0
[decoded_serial_node-3] [INFO] [1791537130.637138942] [bw_dr03_decoded_serial_node]: RECEIVED /cmd_vel: linear.x=0.0, angular.z=0.0
[decoded_serial_node-3] [INFO] [1791537130.704512436] [bw_dr03_decoded_serial_node]: RECEIVED /cmd_vel: linear.x=0.0, angular.z=0.0
[decoded_serial_node-3] [INFO] [1791537130.770817338] [bw_dr03_decoded_serial_node]: RECEIVED /cmd_vel: linear.x=0.0, angular.z=0.0
[decoded_serial_node-3] [INFO] [1791537130.837508120] [bw_dr03_decoded_serial_node]: RECEIVED /cmd_vel: linear.x=0.0, angular.z=0.0
[decoded_serial_node-3] [INFO] [1791537130.904755757] [bw_dr03_decoded_serial_node]: RECEIVED /cmd_vel: linear.x=0.0, angular.z=0.0
[target_tracker-7] [INFO] [1791537130.934833040] [target_tracker_node]: muc tieu: no_target_yet
[decoded_serial_node-3] [INFO] [1791537130.970643908] [bw_dr03_decoded_serial_node]: RECEIVED /cmd_vel: linear.x=0.0, angular.z=0.0
[decoded_serial_node-3] [INFO] [1791537131.036912002] [bw_dr03_decoded_serial_node]: RECEIVED /cmd_vel: linear.x=0.0, angular.z=0.0
[decoded_serial_node-3] [INFO] [1791537131.104759236] [bw_dr03_decoded_serial_node]: RECEIVED /cmd_vel: linear.x=0.0, angular.z=0.0
[decoded_serial_node-3] [INFO] [1791537131.170535778] [bw_dr03_decoded_serial_node]: RECEIVED /cmd_vel: linear.x=0.0, angular.z=0.0
[decoded_serial_node-3] [INFO] [1791537131.237756105] [bw_dr03_decoded_serial_node]: RECEIVED /cmd_vel: linear.x=0.0, angular.z=0.0
[decoded_serial_node-3] [INFO] [1791537131.303983829] [bw_dr03_decoded_serial_node]: RECEIVED /cmd_vel: linear.x=0.0, angular.z=0.0
[decoded_serial_node-3] [INFO] [1791537131.370491762] [bw_dr03_decoded_serial_node]: RECEIVED /cmd_vel: linear.x=0.0, angular.z=0.0
[follow_planner-8] [INFO] [1791537131.437691905] [follow_planner_node]: [IDLE] disabled | d=- goc=- | v=0.000 w=0.000 | thoang=-
[decoded_serial_node-3] [INFO] [1791537131.438181082] [bw_dr03_decoded_serial_node]: RECEIVED /cmd_vel: linear.x=0.0, angular.z=0.0
[decoded_serial_node-3] [INFO] [1791537131.504091791] [bw_dr03_decoded_serial_node]: RECEIVED /cmd_vel: linear.x=0.0, angular.z=0.0
[decoded_serial_node-3] [INFO] [1791537131.571141143] [bw_dr03_decoded_serial_node]: RECEIVED /cmd_vel: linear.x=0.0, angular.z=0.0
[decoded_serial_node-3] [INFO] [1791537131.636905812] [bw_dr03_decoded_serial_node]: RECEIVED /cmd_vel: linear.x=0.0, angular.z=0.0
[decoded_serial_node-3] [INFO] [1791537131.704723363] [bw_dr03_decoded_serial_node]: RECEIVED /cmd_vel: linear.x=0.0, angular.z=0.0
[decoded_serial_node-3] [INFO] [1791537131.770417979] [bw_dr03_decoded_serial_node]: RECEIVED /cmd_vel: linear.x=0.0, angular.z=0.0
[decoded_serial_node-3] [INFO] [1791537131.837164564] [bw_dr03_decoded_serial_node]: RECEIVED /cmd_vel: linear.x=0.0, angular.z=0.0
[decoded_serial_node-3] [INFO] [1791537131.904310089] [bw_dr03_decoded_serial_node]: RECEIVED /cmd_vel: linear.x=0.0, angular.z=0.0
[decoded_serial_node-3] [INFO] [1791537131.970625676] [bw_dr03_decoded_serial_node]: RECEIVED /cmd_vel: linear.x=0.0, angular.z=0.0
[target_tracker-7] [INFO] [1791537131.984929363] [target_tracker_node]: muc tieu: no_target_yet
[decoded_serial_node-3] [INFO] [1791537132.036786909] [bw_dr03_decoded_serial_node]: RECEIVED /cmd_vel: linear.x=0.0, angular.z=0.0
[decoded_serial_node-3] [INFO] [1791537132.104135466] [bw_dr03_decoded_serial_node]: RECEIVED /cmd_vel: linear.x=0.0, angular.z=0.0
[decoded_serial_node-3] [INFO] [1791537132.170452238] [bw_dr03_decoded_serial_node]: RECEIVED /cmd_vel: linear.x=0.0, angular.z=0.0
[decoded_serial_node-3] [INFO] [1791537132.237526523] [bw_dr03_decoded_serial_node]: RECEIVED /cmd_vel: linear.x=0.0, angular.z=0.0
[decoded_serial_node-3] [INFO] [1791537132.305507922] [bw_dr03_decoded_serial_node]: RECEIVED /cmd_vel: linear.x=0.0, angular.z=0.0
[decoded_serial_node-3] [INFO] [1791537132.370445025] [bw_dr03_decoded_serial_node]: RECEIVED /cmd_vel: linear.x=0.0, angular.z=0.0
[decoded_serial_node-3] [INFO] [1791537132.436791480] [bw_dr03_decoded_serial_node]: RECEIVED /cmd_vel: linear.x=0.0, angular.z=0.0
[follow_planner-8] [INFO] [1791537132.504103229] [follow_planner_node]: [IDLE] disabled | d=- goc=- | v=0.000 w=0.000 | thoang=-
[decoded_serial_node-3] [INFO] [1791537132.504238584] [bw_dr03_decoded_serial_node]: RECEIVED /cmd_vel: linear.x=0.0, angular.z=0.0
[decoded_serial_node-3] [INFO] [1791537132.570649155] [bw_dr03_decoded_serial_node]: RECEIVED /cmd_vel: linear.x=0.0, angular.z=0.0
[decoded_serial_node-3] [INFO] [1791537132.636808013] [bw_dr03_decoded_serial_node]: RECEIVED /cmd_vel: linear.x=0.0, angular.z=0.0
[decoded_serial_node-3] [INFO] [1791537132.703904857] [bw_dr03_decoded_serial_node]: RECEIVED /cmd_vel: linear.x=0.0, angular.z=0.0
[decoded_serial_node-3] [INFO] [1791537132.770436535] [bw_dr03_decoded_serial_node]: RECEIVED /cmd_vel: linear.x=0.0, angular.z=0.0
[decoded_serial_node-3] [INFO] [1791537132.836959902] [bw_dr03_decoded_serial_node]: RECEIVED /cmd_vel: linear.x=0.0, angular.z=0.0
[decoded_serial_node-3] [INFO] [1791537132.904803572] [bw_dr03_decoded_serial_node]: RECEIVED /cmd_vel: linear.x=0.0, angular.z=0.0
[decoded_serial_node-3] [INFO] [1791537132.970751087] [bw_dr03_decoded_serial_node]: RECEIVED /cmd_vel: linear.x=0.0, angular.z=0.0
[target_tracker-7] [INFO] [1791537133.034111422] [target_tracker_node]: muc tieu: no_target_yet
[decoded_serial_node-3] [INFO] [1791537133.036970497] [bw_dr03_decoded_serial_node]: RECEIVED /cmd_vel: linear.x=0.0, angular.z=0.0
[decoded_serial_node-3] [INFO] [1791537133.104599261] [bw_dr03_decoded_serial_node]: RECEIVED /cmd_vel: linear.x=0.0, angular.z=0.0
[decoded_serial_node-3] [INFO] [1791537133.170874475] [bw_dr03_decoded_serial_node]: RECEIVED /cmd_vel: linear.x=0.0, angular.z=0.0
[decoded_serial_node-3] [INFO] [1791537133.237055891] [bw_dr03_decoded_serial_node]: RECEIVED /cmd_vel: linear.x=0.0, angular.z=0.0
[decoded_serial_node-3] [INFO] [1791537133.305045601] [bw_dr03_decoded_serial_node]: RECEIVED /cmd_vel: linear.x=0.0, angular.z=0.0
[decoded_serial_node-3] [INFO] [1791537133.370742589] [bw_dr03_decoded_serial_node]: RECEIVED /cmd_vel: linear.x=0.0, angular.z=0.0
[decoded_serial_node-3] [INFO] [1791537133.437024927] [bw_dr03_decoded_serial_node]: RECEIVED /cmd_vel: linear.x=0.0, angular.z=0.0
[decoded_serial_node-3] [INFO] [1791537133.503994726] [bw_dr03_decoded_serial_node]: RECEIVED /cmd_vel: linear.x=0.0, angular.z=0.0
[follow_planner-8] [INFO] [1791537133.504121769] [follow_planner_node]: [IDLE] disabled | d=- goc=- | v=0.000 w=0.000 | thoang=-
[decoded_serial_node-3] [INFO] [1791537133.570446851] [bw_dr03_decoded_serial_node]: RECEIVED /cmd_vel: linear.x=0.0, angular.z=0.0
[decoded_serial_node-3] [INFO] [1791537133.637138816] [bw_dr03_decoded_serial_node]: RECEIVED /cmd_vel: linear.x=0.0, angular.z=0.0
[decoded_serial_node-3] [INFO] [1791537133.704146609] [bw_dr03_decoded_serial_node]: RECEIVED /cmd_vel: linear.x=0.0, angular.z=0.0
[decoded_serial_node-3] [INFO] [1791537133.770626043] [bw_dr03_decoded_serial_node]: RECEIVED /cmd_vel: linear.x=0.0, angular.z=0.0
[decoded_serial_node-3] [INFO] [1791537133.836849016] [bw_dr03_decoded_serial_node]: RECEIVED /cmd_vel: linear.x=0.0, angular.z=0.0
[decoded_serial_node-3] [INFO] [1791537133.904379231] [bw_dr03_decoded_serial_node]: RECEIVED /cmd_vel: linear.x=0.0, angular.z=0.0
[decoded_serial_node-3] [INFO] [1791537133.970500093] [bw_dr03_decoded_serial_node]: RECEIVED /cmd_vel: linear.x=0.0, angular.z=0.0
[target_tracker-7] [INFO] [1791537134.034566885] [target_tracker_node]: muc tieu: no_target_yet
[decoded_serial_node-3] [INFO] [1791537134.037529257] [bw_dr03_decoded_serial_node]: RECEIVED /cmd_vel: linear.x=0.0, angular.z=0.0
[decoded_serial_node-3] [INFO] [1791537134.105363426] [bw_dr03_decoded_serial_node]: RECEIVED /cmd_vel: linear.x=0.0, angular.z=0.0
[decoded_serial_node-3] [INFO] [1791537134.170459627] [bw_dr03_decoded_serial_node]: RECEIVED /cmd_vel: linear.x=0.0, angular.z=0.0
[decoded_serial_node-3] [INFO] [1791537134.237321378] [bw_dr03_decoded_serial_node]: RECEIVED /cmd_vel: linear.x=0.0, angular.z=0.0
[decoded_serial_node-3] [INFO] [1791537134.304564259] [bw_dr03_decoded_serial_node]: RECEIVED /cmd_vel: linear.x=0.0, angular.z=0.0
[decoded_serial_node-3] [INFO] [1791537134.370597258] [bw_dr03_decoded_serial_node]: RECEIVED /cmd_vel: linear.x=0.0, angular.z=0.0
[decoded_serial_node-3] [INFO] [1791537134.437397268] [bw_dr03_decoded_serial_node]: RECEIVED /cmd_vel: linear.x=0.0, angular.z=0.0
[follow_planner-8] [INFO] [1791537134.504064298] [follow_planner_node]: [IDLE] disabled | d=- goc=- | v=0.000 w=0.000 | thoang=-
[decoded_serial_node-3] [INFO] [1791537134.504092794] [bw_dr03_decoded_serial_node]: RECEIVED /cmd_vel: linear.x=0.0, angular.z=0.0
[decoded_serial_node-3] [INFO] [1791537134.570421436] [bw_dr03_decoded_serial_node]: RECEIVED /cmd_vel: linear.x=0.0, angular.z=0.0
[decoded_serial_node-3] [INFO] [1791537134.636860500] [bw_dr03_decoded_serial_node]: RECEIVED /cmd_vel: linear.x=0.0, angular.z=0.0
[decoded_serial_node-3] [INFO] [1791537134.704102194] [bw_dr03_decoded_serial_node]: RECEIVED /cmd_vel: linear.x=0.0, angular.z=0.0
[decoded_serial_node-3] [INFO] [1791537134.770465269] [bw_dr03_decoded_serial_node]: RECEIVED /cmd_vel: linear.x=0.0, angular.z=0.0
[decoded_serial_node-3] [INFO] [1791537134.836818845] [bw_dr03_decoded_serial_node]: RECEIVED /cmd_vel: linear.x=0.0, angular.z=0.0
[decoded_serial_node-3] [INFO] [1791537134.904335998] [bw_dr03_decoded_serial_node]: RECEIVED /cmd_vel: linear.x=0.0, angular.z=0.0
[decoded_serial_node-3] [INFO] [1791537134.970421240] [bw_dr03_decoded_serial_node]: RECEIVED /cmd_vel: linear.x=0.0, angular.z=0.0
[decoded_serial_node-3] [INFO] [1791537135.037380350] [bw_dr03_decoded_serial_node]: RECEIVED /cmd_vel: linear.x=0.0, angular.z=0.0
[target_tracker-7] [INFO] [1791537135.084954029] [target_tracker_node]: muc tieu: no_target_yet
[decoded_serial_node-3] [INFO] [1791537135.103345670] [bw_dr03_decoded_serial_node]: RECEIVED /cmd_vel: linear.x=0.0, angular.z=0.0
[decoded_serial_node-3] [INFO] [1791537135.170428261] [bw_dr03_decoded_serial_node]: RECEIVED /cmd_vel: linear.x=0.0, angular.z=0.0
[decoded_serial_node-3] [INFO] [1791537135.237557158] [bw_dr03_decoded_serial_node]: RECEIVED /cmd_vel: linear.x=0.0, angular.z=0.0
[decoded_serial_node-3] [INFO] [1791537135.304226561] [bw_dr03_decoded_serial_node]: RECEIVED /cmd_vel: linear.x=0.0, angular.z=0.0
[decoded_serial_node-3] [INFO] [1791537135.370510084] [bw_dr03_decoded_serial_node]: RECEIVED /cmd_vel: linear.x=0.0, angular.z=0.0
[decoded_serial_node-3] [INFO] [1791537135.437755339] [bw_dr03_decoded_serial_node]: RECEIVED /cmd_vel: linear.x=0.0, angular.z=0.0
[follow_planner-8] [INFO] [1791537135.504107726] [follow_planner_node]: [IDLE] disabled | d=- goc=- | v=0.000 w=0.000 | thoang=-
[decoded_serial_node-3] [INFO] [1791537135.504171842] [bw_dr03_decoded_serial_node]: RECEIVED /cmd_vel: linear.x=0.0, angular.z=0.0
[decoded_serial_node-3] [INFO] [1791537135.571000346] [bw_dr03_decoded_serial_node]: RECEIVED /cmd_vel: linear.x=0.0, angular.z=0.0
[decoded_serial_node-3] [INFO] [1791537135.636766196] [bw_dr03_decoded_serial_node]: RECEIVED /cmd_vel: linear.x=0.0, angular.z=0.0
[decoded_serial_node-3] [INFO] [1791537135.706023964] [bw_dr03_decoded_serial_node]: RECEIVED /cmd_vel: linear.x=0.0, angular.z=0.0
[decoded_serial_node-3] [INFO] [1791537135.770804335] [bw_dr03_decoded_serial_node]: RECEIVED /cmd_vel: linear.x=0.0, angular.z=0.0
[decoded_serial_node-3] [INFO] [1791537135.837710015] [bw_dr03_decoded_serial_node]: RECEIVED /cmd_vel: linear.x=0.0, angular.z=0.0
[decoded_serial_node-3] [INFO] [1791537135.904279683] [bw_dr03_decoded_serial_node]: RECEIVED /cmd_vel: linear.x=0.0, angular.z=0.0
[decoded_serial_node-3] [INFO] [1791537135.970434974] [bw_dr03_decoded_serial_node]: RECEIVED /cmd_vel: linear.x=0.0, angular.z=0.0
[decoded_serial_node-3] [INFO] [1791537136.036795672] [bw_dr03_decoded_serial_node]: RECEIVED /cmd_vel: linear.x=0.0, angular.z=0.0
[decoded_serial_node-3] [INFO] [1791537136.104203589] [bw_dr03_decoded_serial_node]: RECEIVED /cmd_vel: linear.x=0.0, angular.z=0.0
[target_tracker-7] [INFO] [1791537136.134558701] [target_tracker_node]: muc tieu: no_target_yet
[decoded_serial_node-3] [INFO] [1791537136.170704390] [bw_dr03_decoded_serial_node]: RECEIVED /cmd_vel: linear.x=0.0, angular.z=0.0
[decoded_serial_node-3] [INFO] [1791537136.237260996] [bw_dr03_decoded_serial_node]: RECEIVED /cmd_vel: linear.x=0.0, angular.z=0.0
[decoded_serial_node-3] [INFO] [1791537136.303905464] [bw_dr03_decoded_serial_node]: RECEIVED /cmd_vel: linear.x=0.0, angular.z=0.0
[decoded_serial_node-3] [INFO] [1791537136.370497689] [bw_dr03_decoded_serial_node]: RECEIVED /cmd_vel: linear.x=0.0, angular.z=0.0
[decoded_serial_node-3] [INFO] [1791537136.437560094] [bw_dr03_decoded_serial_node]: RECEIVED /cmd_vel: linear.x=0.0, angular.z=0.0
[decoded_serial_node-3] [INFO] [1791537136.504280551] [bw_dr03_decoded_serial_node]: RECEIVED /cmd_vel: linear.x=0.0, angular.z=0.0
[decoded_serial_node-3] [INFO] [1791537136.570387161] [bw_dr03_decoded_serial_node]: RECEIVED /cmd_vel: linear.x=0.0, angular.z=0.0
[follow_planner-8] [INFO] [1791537136.570781352] [follow_planner_node]: [IDLE] disabled | d=- goc=- | v=0.000 w=0.000 | thoang=-
[decoded_serial_node-3] [INFO] [1791537136.638081222] [bw_dr03_decoded_serial_node]: RECEIVED /cmd_vel: linear.x=0.0, angular.z=0.0
[decoded_serial_node-3] [INFO] [1791537136.703410135] [bw_dr03_decoded_serial_node]: RECEIVED /cmd_vel: linear.x=0.0, angular.z=0.0
[decoded_serial_node-3] [INFO] [1791537136.770426235] [bw_dr03_decoded_serial_node]: RECEIVED /cmd_vel: linear.x=0.0, angular.z=0.0
[decoded_serial_node-3] [INFO] [1791537136.837277297] [bw_dr03_decoded_serial_node]: RECEIVED /cmd_vel: linear.x=0.0, angular.z=0.0
[decoded_serial_node-3] [INFO] [1791537136.905240881] [bw_dr03_decoded_serial_node]: RECEIVED /cmd_vel: linear.x=0.0, angular.z=0.0
[decoded_serial_node-3] [INFO] [1791537136.970556733] [bw_dr03_decoded_serial_node]: RECEIVED /cmd_vel: linear.x=0.0, angular.z=0.0
[decoded_serial_node-3] [INFO] [1791537137.037571645] [bw_dr03_decoded_serial_node]: RECEIVED /cmd_vel: linear.x=0.0, angular.z=0.0
[decoded_serial_node-3] [INFO] [1791537137.105648023] [bw_dr03_decoded_serial_node]: RECEIVED /cmd_vel: linear.x=0.0, angular.z=0.0
[decoded_serial_node-3] [INFO] [1791537137.170505568] [bw_dr03_decoded_serial_node]: RECEIVED /cmd_vel: linear.x=0.0, angular.z=0.0
[target_tracker-7] [INFO] [1791537137.184958856] [target_tracker_node]: muc tieu: no_target_yet
[decoded_serial_node-3] [INFO] [1791537137.237098979] [bw_dr03_decoded_serial_node]: RECEIVED /cmd_vel: linear.x=0.0, angular.z=0.0
[decoded_serial_node-3] [INFO] [1791537137.303883549] [bw_dr03_decoded_serial_node]: RECEIVED /cmd_vel: linear.x=0.0, angular.z=0.0
[python3-4] [INFO] [1791537137.337437310] [identity_lock_node]: camera: nhan 22.7 fps (phoi sang 30 ms, do sang 64), xu ly 14.9 Hz, TB 16 ms/khung, tre tu luc chup 28.5 ms, 1 nguoi, status LOST
[decoded_serial_node-3] [INFO] [1791537137.370636061] [bw_dr03_decoded_serial_node]: RECEIVED /cmd_vel: linear.x=0.0, angular.z=0.0
[decoded_serial_node-3] [INFO] [1791537137.437082244] [bw_dr03_decoded_serial_node]: RECEIVED /cmd_vel: linear.x=0.0, angular.z=0.0
[decoded_serial_node-3] [INFO] [1791537137.504331058] [bw_dr03_decoded_serial_node]: RECEIVED /cmd_vel: linear.x=0.0, angular.z=0.0
[decoded_serial_node-3] [INFO] [1791537137.570454289] [bw_dr03_decoded_serial_node]: RECEIVED /cmd_vel: linear.x=0.0, angular.z=0.0
[follow_planner-8] [INFO] [1791537137.570856792] [follow_planner_node]: [IDLE] disabled | d=- goc=- | v=0.000 w=0.000 | thoang=-
[decoded_serial_node-3] [INFO] [1791537137.637253107] [bw_dr03_decoded_serial_node]: RECEIVED /cmd_vel: linear.x=0.0, angular.z=0.0
[decoded_serial_node-3] [INFO] [1791537137.703761031] [bw_dr03_decoded_serial_node]: RECEIVED /cmd_vel: linear.x=0.0, angular.z=0.0
[decoded_serial_node-3] [INFO] [1791537137.770612092] [bw_dr03_decoded_serial_node]: RECEIVED /cmd_vel: linear.x=0.0, angular.z=0.0
[decoded_serial_node-3] [INFO] [1791537137.838721715] [bw_dr03_decoded_serial_node]: RECEIVED /cmd_vel: linear.x=0.0, angular.z=0.0
[decoded_serial_node-3] [INFO] [1791537137.904448380] [bw_dr03_decoded_serial_node]: RECEIVED /cmd_vel: linear.x=0.0, angular.z=0.0
[decoded_serial_node-3] [INFO] [1791537137.970454066] [bw_dr03_decoded_serial_node]: RECEIVED /cmd_vel: linear.x=0.0, angular.z=0.0
[decoded_serial_node-3] [INFO] [1791537138.037275442] [bw_dr03_decoded_serial_node]: RECEIVED /cmd_vel: linear.x=0.0, angular.z=0.0
[decoded_serial_node-3] [INFO] [1791537138.104886388] [bw_dr03_decoded_serial_node]: RECEIVED /cmd_vel: linear.x=0.0, angular.z=0.0
[decoded_serial_node-3] [INFO] [1791537138.170560809] [bw_dr03_decoded_serial_node]: RECEIVED /cmd_vel: linear.x=0.0, angular.z=0.0
[target_tracker-7] [INFO] [1791537138.234365196] [target_tracker_node]: muc tieu: no_target_yet
[decoded_serial_node-3] [INFO] [1791537138.236803959] [bw_dr03_decoded_serial_node]: RECEIVED /cmd_vel: linear.x=0.0, angular.z=0.0
[decoded_serial_node-3] [INFO] [1791537138.303931664] [bw_dr03_decoded_serial_node]: RECEIVED /cmd_vel: linear.x=0.0, angular.z=0.0
[decoded_serial_node-3] [INFO] [1791537138.370677051] [bw_dr03_decoded_serial_node]: RECEIVED /cmd_vel: linear.x=0.0, angular.z=0.0
[decoded_serial_node-3] [INFO] [1791537138.436960569] [bw_dr03_decoded_serial_node]: RECEIVED /cmd_vel: linear.x=0.0, angular.z=0.0
[decoded_serial_node-3] [INFO] [1791537138.504566766] [bw_dr03_decoded_serial_node]: RECEIVED /cmd_vel: linear.x=0.0, angular.z=0.0
[decoded_serial_node-3] [INFO] [1791537138.571012947] [bw_dr03_decoded_serial_node]: RECEIVED /cmd_vel: linear.x=0.0, angular.z=0.0
[follow_planner-8] [INFO] [1791537138.571012947] [follow_planner_node]: [IDLE] disabled | d=- goc=- | v=0.000 w=0.000 | thoang=-
[decoded_serial_node-3] [INFO] [1791537138.637123116] [bw_dr03_decoded_serial_node]: RECEIVED /cmd_vel: linear.x=0.0, angular.z=0.0
[decoded_serial_node-3] [INFO] [1791537138.705515321] [bw_dr03_decoded_serial_node]: RECEIVED /cmd_vel: linear.x=0.0, angular.z=0.0
[decoded_serial_node-3] [INFO] [1791537138.770992647] [bw_dr03_decoded_serial_node]: RECEIVED /cmd_vel: linear.x=0.0, angular.z=0.0
[decoded_serial_node-3] [INFO] [1791537138.837156245] [bw_dr03_decoded_serial_node]: RECEIVED /cmd_vel: linear.x=0.0, angular.z=0.0
[decoded_serial_node-3] [INFO] [1791537138.904574845] [bw_dr03_decoded_serial_node]: RECEIVED /cmd_vel: linear.x=0.0, angular.z=0.0
[decoded_serial_node-3] [INFO] [1791537138.970918917] [bw_dr03_decoded_serial_node]: RECEIVED /cmd_vel: linear.x=0.0, angular.z=0.0
[decoded_serial_node-3] [INFO] [1791537139.037039771] [bw_dr03_decoded_serial_node]: RECEIVED /cmd_vel: linear.x=0.0, angular.z=0.0
[decoded_serial_node-3] [INFO] [1791537139.104402564] [bw_dr03_decoded_serial_node]: RECEIVED /cmd_vel: linear.x=0.0, angular.z=0.0
[decoded_serial_node-3] [INFO] [1791537139.170785816] [bw_dr03_decoded_serial_node]: RECEIVED /cmd_vel: linear.x=0.0, angular.z=0.0
[decoded_serial_node-3] [INFO] [1791537139.237118013] [bw_dr03_decoded_serial_node]: RECEIVED /cmd_vel: linear.x=0.0, angular.z=0.0
[target_tracker-7] [INFO] [1791537139.285021764] [target_tracker_node]: muc tieu: no_target_yet
[decoded_serial_node-3] [INFO] [1791537139.304236219] [bw_dr03_decoded_serial_node]: RECEIVED /cmd_vel: linear.x=0.0, angular.z=0.0
[decoded_serial_node-3] [INFO] [1791537139.370613534] [bw_dr03_decoded_serial_node]: RECEIVED /cmd_vel: linear.x=0.0, angular.z=0.0
[decoded_serial_node-3] [INFO] [1791537139.437210504] [bw_dr03_decoded_serial_node]: RECEIVED /cmd_vel: linear.x=0.0, angular.z=0.0
[decoded_serial_node-3] [INFO] [1791537139.504071060] [bw_dr03_decoded_serial_node]: RECEIVED /cmd_vel: linear.x=0.0, angular.z=0.0
[decoded_serial_node-3] [INFO] [1791537139.570554047] [bw_dr03_decoded_serial_node]: RECEIVED /cmd_vel: linear.x=0.0, angular.z=0.0
[follow_planner-8] [INFO] [1791537139.637121334] [follow_planner_node]: [IDLE] disabled | d=- goc=- | v=0.000 w=0.000 | thoang=-
[decoded_serial_node-3] [INFO] [1791537139.637227006] [bw_dr03_decoded_serial_node]: RECEIVED /cmd_vel: linear.x=0.0, angular.z=0.0
[decoded_serial_node-3] [INFO] [1791537139.704180173] [bw_dr03_decoded_serial_node]: RECEIVED /cmd_vel: linear.x=0.0, angular.z=0.0
[decoded_serial_node-3] [INFO] [1791537139.771510909] [bw_dr03_decoded_serial_node]: RECEIVED /cmd_vel: linear.x=0.0, angular.z=0.0
[decoded_serial_node-3] [INFO] [1791537139.837523716] [bw_dr03_decoded_serial_node]: RECEIVED /cmd_vel: linear.x=0.0, angular.z=0.0
[decoded_serial_node-3] [INFO] [1791537139.904417517] [bw_dr03_decoded_serial_node]: RECEIVED /cmd_vel: linear.x=0.0, angular.z=0.0
[decoded_serial_node-3] [INFO] [1791537139.970296157] [bw_dr03_decoded_serial_node]: RECEIVED /cmd_vel: linear.x=0.0, angular.z=0.0
[decoded_serial_node-3] [INFO] [1791537140.038446145] [bw_dr03_decoded_serial_node]: RECEIVED /cmd_vel: linear.x=0.0, angular.z=0.0
[decoded_serial_node-3] [INFO] [1791537140.104291538] [bw_dr03_decoded_serial_node]: RECEIVED /cmd_vel: linear.x=0.0, angular.z=0.0
[decoded_serial_node-3] [INFO] [1791537140.170571491] [bw_dr03_decoded_serial_node]: RECEIVED /cmd_vel: linear.x=0.0, angular.z=0.0
[decoded_serial_node-3] [INFO] [1791537140.237149463] [bw_dr03_decoded_serial_node]: RECEIVED /cmd_vel: linear.x=0.0, angular.z=0.0
[decoded_serial_node-3] [INFO] [1791537140.304151309] [bw_dr03_decoded_serial_node]: RECEIVED /cmd_vel: linear.x=0.0, angular.z=0.0
[target_tracker-7] [INFO] [1791537140.334641773] [target_tracker_node]: muc tieu: no_target_yet
[decoded_serial_node-3] [INFO] [1791537140.370373083] [bw_dr03_decoded_serial_node]: RECEIVED /cmd_vel: linear.x=0.0, angular.z=0.0
[decoded_serial_node-3] [INFO] [1791537140.437567276] [bw_dr03_decoded_serial_node]: RECEIVED /cmd_vel: linear.x=0.0, angular.z=0.0
[decoded_serial_node-3] [INFO] [1791537140.505307637] [bw_dr03_decoded_serial_node]: RECEIVED /cmd_vel: linear.x=0.0, angular.z=0.0
[decoded_serial_node-3] [INFO] [1791537140.570467944] [bw_dr03_decoded_serial_node]: RECEIVED /cmd_vel: linear.x=0.0, angular.z=0.0
[follow_planner-8] [INFO] [1791537140.637890102] [follow_planner_node]: [IDLE] disabled | d=- goc=- | v=0.000 w=0.000 | thoang=-
[decoded_serial_node-3] [INFO] [1791537140.638470704] [bw_dr03_decoded_serial_node]: RECEIVED /cmd_vel: linear.x=0.0, angular.z=0.0
[decoded_serial_node-3] [INFO] [1791537140.704303036] [bw_dr03_decoded_serial_node]: RECEIVED /cmd_vel: linear.x=0.0, angular.z=0.0
[decoded_serial_node-3] [INFO] [1791537140.770956996] [bw_dr03_decoded_serial_node]: RECEIVED /cmd_vel: linear.x=0.0, angular.z=0.0
[decoded_serial_node-3] [INFO] [1791537140.837220327] [bw_dr03_decoded_serial_node]: RECEIVED /cmd_vel: linear.x=0.0, angular.z=0.0
[decoded_serial_node-3] [INFO] [1791537140.904472698] [bw_dr03_decoded_serial_node]: RECEIVED /cmd_vel: linear.x=0.0, angular.z=0.0
[decoded_serial_node-3] [INFO] [1791537140.970429700] [bw_dr03_decoded_serial_node]: RECEIVED /cmd_vel: linear.x=0.0, angular.z=0.0
[decoded_serial_node-3] [INFO] [1791537141.037940906] [bw_dr03_decoded_serial_node]: RECEIVED /cmd_vel: linear.x=0.0, angular.z=0.0
[decoded_serial_node-3] [INFO] [1791537141.105350003] [bw_dr03_decoded_serial_node]: RECEIVED /cmd_vel: linear.x=0.0, angular.z=0.0
[decoded_serial_node-3] [INFO] [1791537141.170513871] [bw_dr03_decoded_serial_node]: RECEIVED /cmd_vel: linear.x=0.0, angular.z=0.0
[decoded_serial_node-3] [INFO] [1791537141.238025077] [bw_dr03_decoded_serial_node]: RECEIVED /cmd_vel: linear.x=0.0, angular.z=0.0
[decoded_serial_node-3] [INFO] [1791537141.304262285] [bw_dr03_decoded_serial_node]: RECEIVED /cmd_vel: linear.x=0.0, angular.z=0.0
[decoded_serial_node-3] [INFO] [1791537141.370455562] [bw_dr03_decoded_serial_node]: RECEIVED /cmd_vel: linear.x=0.0, angular.z=0.0
[target_tracker-7] [INFO] [1791537141.384683258] [target_tracker_node]: muc tieu: no_target_yet
[decoded_serial_node-3] [INFO] [1791537141.437888405] [bw_dr03_decoded_serial_node]: RECEIVED /cmd_vel: linear.x=0.0, angular.z=0.0
[decoded_serial_node-3] [INFO] [1791537141.504505557] [bw_dr03_decoded_serial_node]: RECEIVED /cmd_vel: linear.x=0.0, angular.z=0.0
[decoded_serial_node-3] [INFO] [1791537141.570698834] [bw_dr03_decoded_serial_node]: RECEIVED /cmd_vel: linear.x=0.0, angular.z=0.0
[decoded_serial_node-3] [INFO] [1791537141.637164008] [bw_dr03_decoded_serial_node]: RECEIVED /cmd_vel: linear.x=0.0, angular.z=0.0
[follow_planner-8] [INFO] [1791537141.704288147] [follow_planner_node]: [IDLE] disabled | d=- goc=- | v=0.000 w=0.000 | thoang=-
[decoded_serial_node-3] [INFO] [1791537141.704624160] [bw_dr03_decoded_serial_node]: RECEIVED /cmd_vel: linear.x=0.0, angular.z=0.0
[decoded_serial_node-3] [INFO] [1791537141.770376940] [bw_dr03_decoded_serial_node]: RECEIVED /cmd_vel: linear.x=0.0, angular.z=0.0
[decoded_serial_node-3] [INFO] [1791537141.837109262] [bw_dr03_decoded_serial_node]: RECEIVED /cmd_vel: linear.x=0.0, angular.z=0.0
[decoded_serial_node-3] [INFO] [1791537141.904632341] [bw_dr03_decoded_serial_node]: RECEIVED /cmd_vel: linear.x=0.0, angular.z=0.0
[decoded_serial_node-3] [INFO] [1791537141.970865988] [bw_dr03_decoded_serial_node]: RECEIVED /cmd_vel: linear.x=0.0, angular.z=0.0
[decoded_serial_node-3] [INFO] [1791537142.037002273] [bw_dr03_decoded_serial_node]: RECEIVED /cmd_vel: linear.x=0.0, angular.z=0.0
[decoded_serial_node-3] [INFO] [1791537142.104655956] [bw_dr03_decoded_serial_node]: RECEIVED /cmd_vel: linear.x=0.0, angular.z=0.0
[decoded_serial_node-3] [INFO] [1791537142.170607018] [bw_dr03_decoded_serial_node]: RECEIVED /cmd_vel: linear.x=0.0, angular.z=0.0
[decoded_serial_node-3] [INFO] [1791537142.238288010] [bw_dr03_decoded_serial_node]: RECEIVED /cmd_vel: linear.x=0.0, angular.z=0.0
[decoded_serial_node-3] [INFO] [1791537142.304775742] [bw_dr03_decoded_serial_node]: RECEIVED /cmd_vel: linear.x=0.0, angular.z=0.0
[decoded_serial_node-3] [INFO] [1791537142.370678123] [bw_dr03_decoded_serial_node]: RECEIVED /cmd_vel: linear.x=0.0, angular.z=0.0
[target_tracker-7] [INFO] [1791537142.384265852] [target_tracker_node]: muc tieu: no_target_yet
[decoded_serial_node-3] [INFO] [1791537142.437726272] [bw_dr03_decoded_serial_node]: RECEIVED /cmd_vel: linear.x=0.0, angular.z=0.0
[decoded_serial_node-3] [INFO] [1791537142.504718616] [bw_dr03_decoded_serial_node]: RECEIVED /cmd_vel: linear.x=0.0, angular.z=0.0
[decoded_serial_node-3] [INFO] [1791537142.570391845] [bw_dr03_decoded_serial_node]: RECEIVED /cmd_vel: linear.x=0.0, angular.z=0.0
[decoded_serial_node-3] [INFO] [1791537142.637692893] [bw_dr03_decoded_serial_node]: RECEIVED /cmd_vel: linear.x=0.0, angular.z=0.0
[decoded_serial_node-3] [INFO] [1791537142.704008463] [bw_dr03_decoded_serial_node]: RECEIVED /cmd_vel: linear.x=0.0, angular.z=0.0
[decoded_serial_node-3] [INFO] [1791537142.770455826] [bw_dr03_decoded_serial_node]: RECEIVED /cmd_vel: linear.x=0.0, angular.z=0.0
[follow_planner-8] [INFO] [1791537142.770872577] [follow_planner_node]: [IDLE] disabled | d=- goc=- | v=0.000 w=0.000 | thoang=-
[decoded_serial_node-3] [INFO] [1791537142.837397116] [bw_dr03_decoded_serial_node]: RECEIVED /cmd_vel: linear.x=0.0, angular.z=0.0
[decoded_serial_node-3] [INFO] [1791537142.905076920] [bw_dr03_decoded_serial_node]: RECEIVED /cmd_vel: linear.x=0.0, angular.z=0.0
[decoded_serial_node-3] [INFO] [1791537142.970851071] [bw_dr03_decoded_serial_node]: RECEIVED /cmd_vel: linear.x=0.0, angular.z=0.0
[decoded_serial_node-3] [INFO] [1791537143.038217421] [bw_dr03_decoded_serial_node]: RECEIVED /cmd_vel: linear.x=0.0, angular.z=0.0
[decoded_serial_node-3] [INFO] [1791537143.104310960] [bw_dr03_decoded_serial_node]: RECEIVED /cmd_vel: linear.x=0.0, angular.z=0.0
[decoded_serial_node-3] [INFO] [1791537143.170656212] [bw_dr03_decoded_serial_node]: RECEIVED /cmd_vel: linear.x=0.0, angular.z=0.0
[decoded_serial_node-3] [INFO] [1791537143.237445523] [bw_dr03_decoded_serial_node]: RECEIVED /cmd_vel: linear.x=0.0, angular.z=0.0
[decoded_serial_node-3] [INFO] [1791537143.303819270] [bw_dr03_decoded_serial_node]: RECEIVED /cmd_vel: linear.x=0.0, angular.z=0.0
[decoded_serial_node-3] [INFO] [1791537143.370735624] [bw_dr03_decoded_serial_node]: RECEIVED /cmd_vel: linear.x=0.0, angular.z=0.0
[target_tracker-7] [INFO] [1791537143.434640927] [target_tracker_node]: muc tieu: no_target_yet
[decoded_serial_node-3] [INFO] [1791537143.438213583] [bw_dr03_decoded_serial_node]: RECEIVED /cmd_vel: linear.x=0.0, angular.z=0.0
[decoded_serial_node-3] [INFO] [1791537143.504816483] [bw_dr03_decoded_serial_node]: RECEIVED /cmd_vel: linear.x=0.0, angular.z=0.0
[decoded_serial_node-3] [INFO] [1791537143.570418471] [bw_dr03_decoded_serial_node]: RECEIVED /cmd_vel: linear.x=0.0, angular.z=0.0
[decoded_serial_node-3] [INFO] [1791537143.637859622] [bw_dr03_decoded_serial_node]: RECEIVED /cmd_vel: linear.x=0.0, angular.z=0.0
[decoded_serial_node-3] [INFO] [1791537143.704673866] [bw_dr03_decoded_serial_node]: RECEIVED /cmd_vel: linear.x=0.0, angular.z=0.0
[follow_planner-8] [INFO] [1791537143.770970438] [follow_planner_node]: [IDLE] disabled | d=- goc=- | v=0.000 w=0.000 | thoang=-
[decoded_serial_node-3] [INFO] [1791537143.771058300] [bw_dr03_decoded_serial_node]: RECEIVED /cmd_vel: linear.x=0.0, angular.z=0.0
[decoded_serial_node-3] [INFO] [1791537143.837669512] [bw_dr03_decoded_serial_node]: RECEIVED /cmd_vel: linear.x=0.0, angular.z=0.0
[decoded_serial_node-3] [INFO] [1791537143.905004991] [bw_dr03_decoded_serial_node]: RECEIVED /cmd_vel: linear.x=0.0, angular.z=0.0
[decoded_serial_node-3] [INFO] [1791537143.970431255] [bw_dr03_decoded_serial_node]: RECEIVED /cmd_vel: linear.x=0.0, angular.z=0.0
[follow_planner-8] [WARN] [1791537144.011062645] [follow_planner_node]: DUNG KHAN CAP
[decoded_serial_node-3] [INFO] [1791537144.011551822] [bw_dr03_decoded_serial_node]: RECEIVED /cmd_vel: linear.x=0.0, angular.z=0.0
[decoded_serial_node-3] [INFO] [1791537144.012164481] [bw_dr03_decoded_serial_node]: RECEIVED /cmd_vel: linear.x=0.0, angular.z=0.0
[decoded_serial_node-3] [INFO] [1791537144.012634661] [bw_dr03_decoded_serial_node]: RECEIVED /cmd_vel: linear.x=0.0, angular.z=0.0
[decoded_serial_node-3] [INFO] [1791537144.037658687] [bw_dr03_decoded_serial_node]: RECEIVED /cmd_vel: linear.x=0.0, angular.z=0.0
[decoded_serial_node-3] [INFO] [1791537144.104242589] [bw_dr03_decoded_serial_node]: RECEIVED /cmd_vel: linear.x=0.0, angular.z=0.0
[decoded_serial_node-3] [INFO] [1791537144.170577153] [bw_dr03_decoded_serial_node]: RECEIVED /cmd_vel: linear.x=0.0, angular.z=0.0
[decoded_serial_node-3] [INFO] [1791537144.238087168] [bw_dr03_decoded_serial_node]: RECEIVED /cmd_vel: linear.x=0.0, angular.z=0.0
[decoded_serial_node-3] [INFO] [1791537144.304088094] [bw_dr03_decoded_serial_node]: RECEIVED /cmd_vel: linear.x=0.0, angular.z=0.0
[decoded_serial_node-3] [INFO] [1791537144.370755109] [bw_dr03_decoded_serial_node]: RECEIVED /cmd_vel: linear.x=0.0, angular.z=0.0
[target_tracker-7] [INFO] [1791537144.434568986] [target_tracker_node]: muc tieu: no_target_yet
[decoded_serial_node-3] [INFO] [1791537144.437291518] [bw_dr03_decoded_serial_node]: RECEIVED /cmd_vel: linear.x=0.0, angular.z=0.0
[decoded_serial_node-3] [INFO] [1791537144.504415652] [bw_dr03_decoded_serial_node]: RECEIVED /cmd_vel: linear.x=0.0, angular.z=0.0
[WARNING] [launch]: user interrupted with ctrl-c (SIGINT)
[INFO] [follow_planner-8]: sending signal 'SIGINT' to process[follow_planner-8]
[INFO] [target_tracker-7]: sending signal 'SIGINT' to process[target_tracker-7]
[INFO] [rssi_bearing-6]: sending signal 'SIGINT' to process[rssi_bearing-6]
[INFO] [rssi_scanner-5]: sending signal 'SIGINT' to process[rssi_scanner-5]
[INFO] [python3-4]: sending signal 'SIGINT' to process[python3-4]
[INFO] [decoded_serial_node-3]: sending signal 'SIGINT' to process[decoded_serial_node-3]
[INFO] [static_transform_publisher-2]: sending signal 'SIGINT' to process[static_transform_publisher-2]
[INFO] [sc_mini-1]: sending signal 'SIGINT' to process[sc_mini-1]
[static_transform_publisher-2] [INFO] [1791537144.516788748] [rclcpp]: signal_handler(SIGINT/SIGTERM)
[sc_mini-1] [INFO] [1791537144.516788748] [rclcpp]: signal_handler(SIGINT/SIGTERM)
[decoded_serial_node-3] [INFO] [1791537144.517391909] [bw_dr03_decoded_serial_node]: SEND MOTOR CMD: cd eb d7 09 74 53 53 53 53 1e 1e 00 00
[decoded_serial_node-3] Failed to publish log message to rosout: publisher's context is invalid, at ./src/rcl/publisher.c:423
[follow_planner-8] Traceback (most recent call last):
[follow_planner-8]   File "/home/thaihoa/ros2_reid_from_github/install/person_follow_nav/lib/person_follow_nav/follow_planner", line 33, in <module>
[follow_planner-8]     sys.exit(load_entry_point('person-follow-nav', 'console_scripts', 'follow_planner')())
[follow_planner-8]              ^^^^^^^^^^^^^^^^^^^^^^^^^^^^^^^^^^^^^^^^^^^^^^^^^^^^^^^^^^^^^^^^^^^^^^^^^^^^
[follow_planner-8]   File "/home/thaihoa/ros2_reid_from_github/build/person_follow_nav/person_follow_nav/follow_planner_node.py", line 2318, in main
[follow_planner-8]     node.destroy_node()
[follow_planner-8]   File "/home/thaihoa/ros2_reid_from_github/build/person_follow_nav/person_follow_nav/follow_planner_node.py", line 2303, in destroy_node
[target_tracker-7] Traceback (most recent call last):
[target_tracker-7]   File "/home/thaihoa/ros2_reid_from_github/install/person_follow_nav/lib/person_follow_nav/target_tracker", line 33, in <module>
[target_tracker-7]     sys.exit(load_entry_point('person-follow-nav', 'console_scripts', 'target_tracker')())
[target_tracker-7]              ^^^^^^^^^^^^^^^^^^^^^^^^^^^^^^^^^^^^^^^^^^^^^^^^^^^^^^^^^^^^^^^^^^^^^^^^^^^^
[target_tracker-7]   File "/home/thaihoa/ros2_reid_from_github/build/person_follow_nav/person_follow_nav/target_tracker_node.py", line 942, in main
[target_tracker-7]     node.destroy_node()
[target_tracker-7]   File "/opt/ros/jazzy/lib/python3.12/site-packages/rclpy/node.py", line 1962, in destroy_node
[follow_planner-8]     return super().destroy_node()
[follow_planner-8]            ^^^^^^^^^^^^^^^^^^^^^^
[follow_planner-8]   File "/opt/ros/jazzy/lib/python3.12/site-packages/rclpy/node.py", line 1958, in destroy_node
[rssi_bearing-6] Traceback (most recent call last):
[rssi_bearing-6]   File "/home/thaihoa/ros2_reid_from_github/install/person_follow_nav/lib/person_follow_nav/rssi_bearing", line 33, in <module>
[rssi_bearing-6]     sys.exit(load_entry_point('person-follow-nav', 'console_scripts', 'rssi_bearing')())
[rssi_bearing-6]              ^^^^^^^^^^^^^^^^^^^^^^^^^^^^^^^^^^^^^^^^^^^^^^^^^^^^^^^^^^^^^^^^^^^^^^^^^^
[rssi_bearing-6]   File "/home/thaihoa/ros2_reid_from_github/build/person_follow_nav/person_follow_nav/rssi_bearing_node.py", line 183, in main
[rssi_bearing-6]     node.destroy_node()
[follow_planner-8]     self.destroy_subscription(self._subscriptions[0])
[follow_planner-8]   File "/opt/ros/jazzy/lib/python3.12/site-packages/rclpy/node.py", line 1854, in destroy_subscription
[follow_planner-8]     subscription.destroy()
[follow_planner-8]   File "/opt/ros/jazzy/lib/python3.12/site-packages/rclpy/subscription.py", line 101, in destroy
[follow_planner-8]     self.handle.destroy_when_not_in_use()
[target_tracker-7]     self.destroy_service(self._services[0])
[target_tracker-7]   File "/opt/ros/jazzy/lib/python3.12/site-packages/rclpy/node.py", line 1886, in destroy_service
[target_tracker-7]     service.destroy()
[target_tracker-7]   File "/opt/ros/jazzy/lib/python3.12/site-packages/rclpy/service.py", line 123, in destroy
[target_tracker-7]     self.__service.destroy_when_not_in_use()
[target_tracker-7] KeyboardInterrupt
[rssi_bearing-6]   File "/opt/ros/jazzy/lib/python3.12/site-packages/rclpy/node.py", line 1962, in destroy_node
[follow_planner-8] KeyboardInterrupt
[rssi_bearing-6]     self.destroy_service(self._services[0])
[rssi_bearing-6]   File "/opt/ros/jazzy/lib/python3.12/site-packages/rclpy/node.py", line 1886, in destroy_service
[rssi_bearing-6]     service.destroy()
[rssi_bearing-6]   File "/opt/ros/jazzy/lib/python3.12/site-packages/rclpy/service.py", line 123, in destroy
[rssi_bearing-6]     self.__service.destroy_when_not_in_use()
[rssi_bearing-6] KeyboardInterrupt
[python3-4] Traceback (most recent call last):
[python3-4]   File "<frozen runpy>", line 198, in _run_module_as_main
[python3-4]   File "<frozen runpy>", line 88, in _run_code
[python3-4]   File "/home/thaihoa/ros2_reid_from_github/build/person_follow_identity/person_follow_identity/node.py", line 509, in <module>
[python3-4]     main()
[python3-4]   File "/home/thaihoa/ros2_reid_from_github/build/person_follow_identity/person_follow_identity/node.py", line 503, in main
[python3-4]     node.destroy_node()
[python3-4]   File "/home/thaihoa/ros2_reid_from_github/build/person_follow_identity/person_follow_identity/node.py", line 487, in destroy_node
[python3-4]     self.grabber.stop()
[python3-4]   File "/home/thaihoa/ros2_reid_from_github/build/person_follow_identity/person_follow_identity/node.py", line 150, in stop
[python3-4]     self._thread.join(timeout=1.0)
[python3-4]   File "/usr/lib/python3.12/threading.py", line 1151, in join
[python3-4]     self._wait_for_tstate_lock(timeout=max(timeout, 0))
[python3-4]   File "/usr/lib/python3.12/threading.py", line 1167, in _wait_for_tstate_lock
[python3-4]     if lock.acquire(block, timeout):
[python3-4]        ^^^^^^^^^^^^^^^^^^^^^^^^^^^^
[python3-4] KeyboardInterrupt
[rssi_scanner-5] Traceback (most recent call last):
[rssi_scanner-5]   File "/home/thaihoa/ros2_reid_from_github/install/person_follow_nav/lib/person_follow_nav/rssi_scanner", line 33, in <module>
[rssi_scanner-5]     sys.exit(load_entry_point('person-follow-nav', 'console_scripts', 'rssi_scanner')())
[rssi_scanner-5]              ^^^^^^^^^^^^^^^^^^^^^^^^^^^^^^^^^^^^^^^^^^^^^^^^^^^^^^^^^^^^^^^^^^^^^^^^^^
[rssi_scanner-5]   File "/home/thaihoa/ros2_reid_from_github/build/person_follow_nav/person_follow_nav/rssi_scanner_node.py", line 167, in main
[sc_mini-1] [INFO] [1791537144.524342499] [rclcpp]: signal_handler(SIGINT/SIGTERM)
[rssi_scanner-5]     node.destroy_node()
[rssi_scanner-5]   File "/home/thaihoa/ros2_reid_from_github/build/person_follow_nav/person_follow_nav/rssi_scanner_node.py", line 156, in destroy_node
[rssi_scanner-5]     super().destroy_node()
[rssi_scanner-5]   File "/opt/ros/jazzy/lib/python3.12/site-packages/rclpy/node.py", line 1968, in destroy_node
[rssi_scanner-5]     self.__node.destroy_when_not_in_use()
[rssi_scanner-5] KeyboardInterrupt
[decoded_serial_node-3] Traceback (most recent call last):
[decoded_serial_node-3]   File "/home/thaihoa/ros2_reid_from_github/install/bw_dr03_ros2/lib/bw_dr03_ros2/decoded_serial_node", line 33, in <module>
[decoded_serial_node-3]     sys.exit(load_entry_point('bw-dr03-ros2', 'console_scripts', 'decoded_serial_node')())
[decoded_serial_node-3]              ^^^^^^^^^^^^^^^^^^^^^^^^^^^^^^^^^^^^^^^^^^^^^^^^^^^^^^^^^^^^^^^^^^^^^^^^^^^^
[decoded_serial_node-3]   File "/home/thaihoa/ros2_reid_from_github/build/bw_dr03_ros2/bw_dr03_ros2/decoded_serial_node.py", line 530, in main
[decoded_serial_node-3]     node.destroy_node()
[decoded_serial_node-3]   File "/home/thaihoa/ros2_reid_from_github/build/bw_dr03_ros2/bw_dr03_ros2/decoded_serial_node.py", line 513, in destroy_node
[decoded_serial_node-3]     self.ser.close()
[decoded_serial_node-3]   File "/usr/lib/python3/dist-packages/serial/serialposix.py", line 533, in close
[decoded_serial_node-3]     os.close(self.fd)
[decoded_serial_node-3] KeyboardInterrupt
[ERROR] [static_transform_publisher-2]: process has died [pid 23224, exit code -2, cmd '/opt/ros/jazzy/lib/tf2_ros/static_transform_publisher 0.10 0.00 0.18 0 0 0 base_link laser --ros-args -r __node:=base_to_laser'].
[ERROR] [rssi_scanner-5]: process has died [pid 23227, exit code -2, cmd '/home/thaihoa/ros2_reid_from_github/install/person_follow_nav/lib/person_follow_nav/rssi_scanner --ros-args -r __node:=rssi_scanner_node --params-file /home/thaihoa/ros2_reid_from_github/install/person_follow_nav/share/person_follow_nav/config/rssi.yaml --params-file /tmp/launch_params_lp9nd86n'].
[ERROR] [target_tracker-7]: process has died [pid 23229, exit code -2, cmd '/home/thaihoa/ros2_reid_from_github/install/person_follow_nav/lib/person_follow_nav/target_tracker --ros-args -r __node:=target_tracker_node --params-file /home/thaihoa/ros2_reid_from_github/install/person_follow_nav/share/person_follow_nav/config/follow_nav.yaml'].
[python3-4] FATAL: exception not rethrown
[ERROR] [rssi_bearing-6]: process has died [pid 23228, exit code -2, cmd '/home/thaihoa/ros2_reid_from_github/install/person_follow_nav/lib/person_follow_nav/rssi_bearing --ros-args -r __node:=rssi_bearing_node --params-file /home/thaihoa/ros2_reid_from_github/install/person_follow_nav/share/person_follow_nav/config/rssi.yaml --params-file /tmp/launch_params_8ls2ez32'].
[ERROR] [decoded_serial_node-3]: process has died [pid 23225, exit code -2, cmd '/home/thaihoa/ros2_reid_from_github/install/bw_dr03_ros2/lib/bw_dr03_ros2/decoded_serial_node --ros-args -r __node:=bw_dr03_decoded_serial_node --params-file /tmp/launch_params_by2w2ypw'].
[ERROR] [follow_planner-8]: process has died [pid 23230, exit code -2, cmd '/home/thaihoa/ros2_reid_from_github/install/person_follow_nav/lib/person_follow_nav/follow_planner --ros-args -r __node:=follow_planner_node --params-file /home/thaihoa/ros2_reid_from_github/install/person_follow_nav/share/person_follow_nav/config/follow_nav.yaml --params-file /tmp/launch_params_8okzpslf'].
[INFO] [sc_mini-1]: process has finished cleanly [pid 23223]
[ERROR] [python3-4]: process has died [pid 23226, exit code -6, cmd '/usr/bin/python3 -m person_follow_identity.node --ros-args -r __node:=identity_lock_node --params-file /home/thaihoa/ros2_reid_from_github/install/person_follow_robot/share/person_follow_robot/config/identity_lock_kingsen.yaml -p camera_source:=/dev/v4l/by-id/usb-Generic_KINGSEN_CAMERA_200901010001-video-index0'].
