[INFO] [launch]: All log files can be found below /home/thaihoa/.ros/log/2026-10-09-16-19-28-836317-th-25985
[INFO] [launch]: Default logging verbosity is set to INFO
[INFO] [launch.user]: ==================================================================
[INFO] [launch.user]:  BAM NGUOI + NE VAT CAN — BW-DR03
[INFO] [launch.user]:    1) ros2 service call /person_reid/start_enroll  std_srvs/srv/Trigger {}
[INFO] [launch.user]:    2) ros2 service call /person_reid/finish_enroll std_srvs/srv/Trigger {}
[INFO] [launch.user]:    3) ros2 service call /follow/enable             std_srvs/srv/Trigger {}
[INFO] [launch.user]:    DUNG: ros2 service call /follow/stop            std_srvs/srv/Trigger {}
[INFO] [launch.user]:  Theo doi: ros2 topic echo /follow/planner_status
[INFO] [launch.user]:  RSSI (start_rssi:=true): chi dung khi MAT NGUOI — xe xoay ~1 vong do huong beacon
[INFO] [launch.user]: ==================================================================
[INFO] [sc_mini-1]: process started with pid [25994]
[INFO] [static_transform_publisher-2]: process started with pid [25995]
[INFO] [decoded_serial_node-3]: process started with pid [25996]
[INFO] [python3-4]: process started with pid [25997]
[INFO] [rssi_scanner-5]: process started with pid [25998]
[INFO] [rssi_bearing-6]: process started with pid [25999]
[INFO] [target_tracker-7]: process started with pid [26000]
[INFO] [follow_planner-8]: process started with pid [26001]
[static_transform_publisher-2] [WARN] [1791537568.935649557] []: Old-style arguments are deprecated; see --help for new-style arguments
[static_transform_publisher-2] [INFO] [1791537568.952321844] [base_to_laser]: Spinning until stopped - publishing transform
[static_transform_publisher-2] translation: ('0.100000', '0.000000', '0.180000')
[static_transform_publisher-2] rotation: ('0.000000', '0.000000', '0.000000', '1.000000')
[static_transform_publisher-2] from 'base_link' to 'laser'
[rssi_bearing-6] [INFO] [1791537569.314504194] [rssi_bearing_node]: rssi_bearing: mau ['A', 'B', 'C'], can xoay >= 250 do trong 14 s, corr >= 0.45 & margin >= 0.1 (hoac corr >= 0.35 & margin >= 0.25)
[rssi_scanner-5] [INFO] [1791537569.351977065] [rssi_scanner_node]: rssi_scanner: doc 3 cong @ 115200 baud -> /rssi/raw
[target_tracker-7] [INFO] [1791537569.386446028] [target_tracker_node]: target_tracker_node san sang | lidar_yaw_offset=-90.0 deg sign=1 | fuse_lidar_distance=True | predict_max=2.5s
[decoded_serial_node-3] [INFO] [1791537569.398889097] [bw_dr03_decoded_serial_node]: BW-DR03 decoder connected on /dev/serial/by-id/usb-FTDI_FT231X_USB_UART_D30BF0NT-if00-port0 at 115200
[decoded_serial_node-3] [INFO] [1791537569.399480380] [bw_dr03_decoded_serial_node]: Params: max_linear=0.49, max_angular=2.46, max_percent=60, cmd_timeout=1.0
[target_tracker-7] [INFO] [1791537569.422735146] [target_tracker_node]: muc tieu: wait_odom
[follow_planner-8] [INFO] [1791537569.424922181] [follow_planner_node]: follow_planner_node san sang | footprint 0.47x0.60m | v_max=0.22 w_max=1.00 | khoang cach bam=1.00m | margin mem=0.15 cung=0.06 | enabled=False
[follow_planner-8] [INFO] [1791537569.425490905] [follow_planner_node]: Bat bam: ros2 service call /follow/enable std_srvs/srv/Trigger {}
[rssi_scanner-5] [INFO] [1791537569.448095022] [rssi_scanner_node]: /dev/serial/by-path/pci-0000:05:00.3-usb-0:1.3:1.0-port0: da mo
[rssi_scanner-5] [INFO] [1791537569.448898835] [rssi_scanner_node]: /dev/serial/by-path/pci-0000:05:00.3-usb-0:1.1:1.0-port0: da mo
[rssi_scanner-5] [INFO] [1791537569.449332205] [rssi_scanner_node]: /dev/serial/by-path/pci-0000:05:00.3-usb-0:1.2:1.0-port0: da mo
[follow_planner-8] [INFO] [1791537569.475216875] [follow_planner_node]: [IDLE] disabled | d=- goc=- | v=0.000 w=0.000 | thoang=-
[rssi_bearing-6] [INFO] [1791537569.501761693] [rssi_bearing_node]: chua co huong hop le: chua du du lieu
[decoded_serial_node-3] [INFO] [1791537569.542018819] [bw_dr03_decoded_serial_node]: RECEIVED /cmd_vel: linear.x=0.0, angular.z=0.0
[decoded_serial_node-3] [INFO] [1791537569.608198610] [bw_dr03_decoded_serial_node]: RECEIVED /cmd_vel: linear.x=0.0, angular.z=0.0
[decoded_serial_node-3] [INFO] [1791537569.677135348] [bw_dr03_decoded_serial_node]: RECEIVED /cmd_vel: linear.x=0.0, angular.z=0.0
[follow_planner-8] [INFO] [1791537569.721321303] [follow_planner_node]: self-filter: bo 12/206 tia dap vao than xe
[decoded_serial_node-3] [INFO] [1791537569.741921230] [bw_dr03_decoded_serial_node]: RECEIVED /cmd_vel: linear.x=0.0, angular.z=0.0
[decoded_serial_node-3] [INFO] [1791537569.809036626] [bw_dr03_decoded_serial_node]: RECEIVED /cmd_vel: linear.x=0.0, angular.z=0.0
[decoded_serial_node-3] [INFO] [1791537569.875138054] [bw_dr03_decoded_serial_node]: RECEIVED /cmd_vel: linear.x=0.0, angular.z=0.0
[decoded_serial_node-3] [INFO] [1791537569.941766650] [bw_dr03_decoded_serial_node]: RECEIVED /cmd_vel: linear.x=0.0, angular.z=0.0
[decoded_serial_node-3] [INFO] [1791537570.008877297] [bw_dr03_decoded_serial_node]: RECEIVED /cmd_vel: linear.x=0.0, angular.z=0.0
[decoded_serial_node-3] [INFO] [1791537570.075247057] [bw_dr03_decoded_serial_node]: RECEIVED /cmd_vel: linear.x=0.0, angular.z=0.0
[decoded_serial_node-3] [INFO] [1791537570.141544392] [bw_dr03_decoded_serial_node]: RECEIVED /cmd_vel: linear.x=0.0, angular.z=0.0
[decoded_serial_node-3] [INFO] [1791537570.208703718] [bw_dr03_decoded_serial_node]: RECEIVED /cmd_vel: linear.x=0.0, angular.z=0.0
[decoded_serial_node-3] [INFO] [1791537570.276644297] [bw_dr03_decoded_serial_node]: RECEIVED /cmd_vel: linear.x=0.0, angular.z=0.0
[decoded_serial_node-3] [INFO] [1791537570.341673578] [bw_dr03_decoded_serial_node]: RECEIVED /cmd_vel: linear.x=0.0, angular.z=0.0
[decoded_serial_node-3] [INFO] [1791537570.408875647] [bw_dr03_decoded_serial_node]: RECEIVED /cmd_vel: linear.x=0.0, angular.z=0.0
[target_tracker-7] [INFO] [1791537570.423083067] [target_tracker_node]: muc tieu: no_target_yet
[decoded_serial_node-3] [INFO] [1791537570.475310711] [bw_dr03_decoded_serial_node]: RECEIVED /cmd_vel: linear.x=0.0, angular.z=0.0
[decoded_serial_node-3] [INFO] [1791537570.541695906] [bw_dr03_decoded_serial_node]: RECEIVED /cmd_vel: linear.x=0.0, angular.z=0.0
[follow_planner-8] [INFO] [1791537570.541852632] [follow_planner_node]: [IDLE] disabled | d=- goc=- | v=0.000 w=0.000 | thoang=-
[decoded_serial_node-3] [INFO] [1791537570.608722253] [bw_dr03_decoded_serial_node]: RECEIVED /cmd_vel: linear.x=0.0, angular.z=0.0
[decoded_serial_node-3] [INFO] [1791537570.675057581] [bw_dr03_decoded_serial_node]: RECEIVED /cmd_vel: linear.x=0.0, angular.z=0.0
[decoded_serial_node-3] [INFO] [1791537570.741592379] [bw_dr03_decoded_serial_node]: RECEIVED /cmd_vel: linear.x=0.0, angular.z=0.0
[decoded_serial_node-3] [INFO] [1791537570.808612789] [bw_dr03_decoded_serial_node]: RECEIVED /cmd_vel: linear.x=0.0, angular.z=0.0
[rssi_scanner-5] [INFO] [1791537570.846093971] [rssi_scanner_node]: /dev/serial/by-path/pci-0000:05:00.3-usb-0:1.1:1.0-port0: board A khoi dong
[decoded_serial_node-3] [INFO] [1791537570.875132151] [bw_dr03_decoded_serial_node]: RECEIVED /cmd_vel: linear.x=0.0, angular.z=0.0
[decoded_serial_node-3] [INFO] [1791537570.941604021] [bw_dr03_decoded_serial_node]: RECEIVED /cmd_vel: linear.x=0.0, angular.z=0.0
[decoded_serial_node-3] [INFO] [1791537571.008631555] [bw_dr03_decoded_serial_node]: RECEIVED /cmd_vel: linear.x=0.0, angular.z=0.0
[decoded_serial_node-3] [INFO] [1791537571.075111735] [bw_dr03_decoded_serial_node]: RECEIVED /cmd_vel: linear.x=0.0, angular.z=0.0
[decoded_serial_node-3] [INFO] [1791537571.141523052] [bw_dr03_decoded_serial_node]: RECEIVED /cmd_vel: linear.x=0.0, angular.z=0.0
[decoded_serial_node-3] [INFO] [1791537571.208877096] [bw_dr03_decoded_serial_node]: RECEIVED /cmd_vel: linear.x=0.0, angular.z=0.0
[decoded_serial_node-3] [INFO] [1791537571.275143560] [bw_dr03_decoded_serial_node]: RECEIVED /cmd_vel: linear.x=0.0, angular.z=0.0
[rssi_scanner-5] [INFO] [1791537571.287046400] [rssi_scanner_node]: /dev/serial/by-path/pci-0000:05:00.3-usb-0:1.3:1.0-port0: board C khoi dong
[rssi_scanner-5] [INFO] [1791537571.296803760] [rssi_scanner_node]: /dev/serial/by-path/pci-0000:05:00.3-usb-0:1.2:1.0-port0: board B khoi dong
[decoded_serial_node-3] [INFO] [1791537571.341882575] [bw_dr03_decoded_serial_node]: RECEIVED /cmd_vel: linear.x=0.0, angular.z=0.0
[decoded_serial_node-3] [INFO] [1791537571.408678582] [bw_dr03_decoded_serial_node]: RECEIVED /cmd_vel: linear.x=0.0, angular.z=0.0
[target_tracker-7] [INFO] [1791537571.472847059] [target_tracker_node]: muc tieu: no_target_yet
[decoded_serial_node-3] [INFO] [1791537571.475140953] [bw_dr03_decoded_serial_node]: RECEIVED /cmd_vel: linear.x=0.0, angular.z=0.0
[decoded_serial_node-3] [INFO] [1791537571.541604511] [bw_dr03_decoded_serial_node]: RECEIVED /cmd_vel: linear.x=0.0, angular.z=0.0
[decoded_serial_node-3] [INFO] [1791537571.608661727] [bw_dr03_decoded_serial_node]: RECEIVED /cmd_vel: linear.x=0.0, angular.z=0.0
[follow_planner-8] [INFO] [1791537571.608824389] [follow_planner_node]: [IDLE] disabled | d=- goc=- | v=0.000 w=0.000 | thoang=-
[decoded_serial_node-3] [INFO] [1791537571.675069481] [bw_dr03_decoded_serial_node]: RECEIVED /cmd_vel: linear.x=0.0, angular.z=0.0
[decoded_serial_node-3] [INFO] [1791537571.741502169] [bw_dr03_decoded_serial_node]: RECEIVED /cmd_vel: linear.x=0.0, angular.z=0.0
[decoded_serial_node-3] [INFO] [1791537571.808503581] [bw_dr03_decoded_serial_node]: RECEIVED /cmd_vel: linear.x=0.0, angular.z=0.0
[decoded_serial_node-3] [INFO] [1791537571.875089432] [bw_dr03_decoded_serial_node]: RECEIVED /cmd_vel: linear.x=0.0, angular.z=0.0
[python3-4] [INFO] [1791537571.903304802] [identity_lock_node]: Loading detector/tracker/identity lock...
[decoded_serial_node-3] [INFO] [1791537571.942214325] [bw_dr03_decoded_serial_node]: RECEIVED /cmd_vel: linear.x=0.0, angular.z=0.0
[decoded_serial_node-3] [INFO] [1791537572.008484351] [bw_dr03_decoded_serial_node]: RECEIVED /cmd_vel: linear.x=0.0, angular.z=0.0
[python3-4] [INFO] [1791537572.049434869] [identity_lock_node]: Models loaded; torch cuda/rocm backend not available; using CPU
[decoded_serial_node-3] [INFO] [1791537572.076252768] [bw_dr03_decoded_serial_node]: RECEIVED /cmd_vel: linear.x=0.0, angular.z=0.0
[python3-4] [ WARN:0@3.004] global ./modules/videoio/src/cap_gstreamer.cpp (2401) handleMessage OpenCV | GStreamer warning: Embedded video playback halted; module source reported: Could not read from resource.
[python3-4] [ WARN:0@3.004] global ./modules/videoio/src/cap_gstreamer.cpp (1356) open OpenCV | GStreamer warning: unable to start pipeline
[python3-4] [ WARN:0@3.004] global ./modules/videoio/src/cap_gstreamer.cpp (862) isPipelinePlaying OpenCV | GStreamer warning: GStreamer: pipeline have not been created
[decoded_serial_node-3] [INFO] [1791537572.141550382] [bw_dr03_decoded_serial_node]: RECEIVED /cmd_vel: linear.x=0.0, angular.z=0.0
[decoded_serial_node-3] [INFO] [1791537572.207951011] [bw_dr03_decoded_serial_node]: RECEIVED /cmd_vel: linear.x=0.0, angular.z=0.0
[python3-4] [INFO] [1791537572.264978971] [identity_lock_node]: camera: MJPG 640x480 25 fps, phoi sang fixed_fps 30 ms
[decoded_serial_node-3] [INFO] [1791537572.274824193] [bw_dr03_decoded_serial_node]: RECEIVED /cmd_vel: linear.x=0.0, angular.z=0.0
[decoded_serial_node-3] [INFO] [1791537572.341684313] [bw_dr03_decoded_serial_node]: RECEIVED /cmd_vel: linear.x=0.0, angular.z=0.0
[decoded_serial_node-3] [INFO] [1791537572.408903004] [bw_dr03_decoded_serial_node]: RECEIVED /cmd_vel: linear.x=0.0, angular.z=0.0
[target_tracker-7] [INFO] [1791537572.472679666] [target_tracker_node]: muc tieu: no_target_yet
[decoded_serial_node-3] [INFO] [1791537572.474683855] [bw_dr03_decoded_serial_node]: RECEIVED /cmd_vel: linear.x=0.0, angular.z=0.0
[decoded_serial_node-3] [INFO] [1791537572.541857427] [bw_dr03_decoded_serial_node]: RECEIVED /cmd_vel: linear.x=0.0, angular.z=0.0
[follow_planner-8] [INFO] [1791537572.608988256] [follow_planner_node]: [IDLE] disabled | d=- goc=- | v=0.000 w=0.000 | thoang=-
[decoded_serial_node-3] [INFO] [1791537572.609032186] [bw_dr03_decoded_serial_node]: RECEIVED /cmd_vel: linear.x=0.0, angular.z=0.0
[decoded_serial_node-3] [INFO] [1791537572.674873590] [bw_dr03_decoded_serial_node]: RECEIVED /cmd_vel: linear.x=0.0, angular.z=0.0
[decoded_serial_node-3] [INFO] [1791537572.741593608] [bw_dr03_decoded_serial_node]: RECEIVED /cmd_vel: linear.x=0.0, angular.z=0.0
[python3-4] QSocketNotifier: Can only be used with threads started with QThread
[decoded_serial_node-3] [INFO] [1791537572.808623515] [bw_dr03_decoded_serial_node]: RECEIVED /cmd_vel: linear.x=0.0, angular.z=0.0
[decoded_serial_node-3] [INFO] [1791537572.875348282] [bw_dr03_decoded_serial_node]: RECEIVED /cmd_vel: linear.x=0.0, angular.z=0.0
[decoded_serial_node-3] [INFO] [1791537572.941702606] [bw_dr03_decoded_serial_node]: RECEIVED /cmd_vel: linear.x=0.0, angular.z=0.0
[decoded_serial_node-3] [INFO] [1791537573.008395315] [bw_dr03_decoded_serial_node]: RECEIVED /cmd_vel: linear.x=0.0, angular.z=0.0
[decoded_serial_node-3] [INFO] [1791537573.075232877] [bw_dr03_decoded_serial_node]: RECEIVED /cmd_vel: linear.x=0.0, angular.z=0.0
[decoded_serial_node-3] [INFO] [1791537573.141790231] [bw_dr03_decoded_serial_node]: RECEIVED /cmd_vel: linear.x=0.0, angular.z=0.0
[decoded_serial_node-3] [INFO] [1791537573.208136244] [bw_dr03_decoded_serial_node]: RECEIVED /cmd_vel: linear.x=0.0, angular.z=0.0
[decoded_serial_node-3] [INFO] [1791537573.275022485] [bw_dr03_decoded_serial_node]: RECEIVED /cmd_vel: linear.x=0.0, angular.z=0.0
[decoded_serial_node-3] [INFO] [1791537573.342223365] [bw_dr03_decoded_serial_node]: RECEIVED /cmd_vel: linear.x=0.0, angular.z=0.0
[decoded_serial_node-3] [INFO] [1791537573.408894702] [bw_dr03_decoded_serial_node]: RECEIVED /cmd_vel: linear.x=0.0, angular.z=0.0
[target_tracker-7] [INFO] [1791537573.472887455] [target_tracker_node]: muc tieu: no_target_yet
[decoded_serial_node-3] [INFO] [1791537573.475148104] [bw_dr03_decoded_serial_node]: RECEIVED /cmd_vel: linear.x=0.0, angular.z=0.0
[decoded_serial_node-3] [INFO] [1791537573.542036720] [bw_dr03_decoded_serial_node]: RECEIVED /cmd_vel: linear.x=0.0, angular.z=0.0
[follow_planner-8] [INFO] [1791537573.608877843] [follow_planner_node]: [IDLE] disabled | d=- goc=- | v=0.000 w=0.000 | thoang=-
[decoded_serial_node-3] [INFO] [1791537573.609462002] [bw_dr03_decoded_serial_node]: RECEIVED /cmd_vel: linear.x=0.0, angular.z=0.0
[decoded_serial_node-3] [INFO] [1791537573.675296282] [bw_dr03_decoded_serial_node]: RECEIVED /cmd_vel: linear.x=0.0, angular.z=0.0
[decoded_serial_node-3] [INFO] [1791537573.742967339] [bw_dr03_decoded_serial_node]: RECEIVED /cmd_vel: linear.x=0.0, angular.z=0.0
[decoded_serial_node-3] [INFO] [1791537573.809622053] [bw_dr03_decoded_serial_node]: RECEIVED /cmd_vel: linear.x=0.0, angular.z=0.0
[decoded_serial_node-3] [INFO] [1791537573.875920573] [bw_dr03_decoded_serial_node]: RECEIVED /cmd_vel: linear.x=0.0, angular.z=0.0
[sc_mini-1] sc_mini start
[decoded_serial_node-3] [INFO] [1791537573.942236903] [bw_dr03_decoded_serial_node]: RECEIVED /cmd_vel: linear.x=0.0, angular.z=0.0
[decoded_serial_node-3] [INFO] [1791537574.008974729] [bw_dr03_decoded_serial_node]: RECEIVED /cmd_vel: linear.x=0.0, angular.z=0.0
[decoded_serial_node-3] [INFO] [1791537574.075101088] [bw_dr03_decoded_serial_node]: RECEIVED /cmd_vel: linear.x=0.0, angular.z=0.0
[decoded_serial_node-3] [INFO] [1791537574.142034821] [bw_dr03_decoded_serial_node]: RECEIVED /cmd_vel: linear.x=0.0, angular.z=0.0
[decoded_serial_node-3] [INFO] [1791537574.209203643] [bw_dr03_decoded_serial_node]: RECEIVED /cmd_vel: linear.x=0.0, angular.z=0.0
[decoded_serial_node-3] [INFO] [1791537574.275405989] [bw_dr03_decoded_serial_node]: RECEIVED /cmd_vel: linear.x=0.0, angular.z=0.0
[decoded_serial_node-3] [INFO] [1791537574.342032208] [bw_dr03_decoded_serial_node]: RECEIVED /cmd_vel: linear.x=0.0, angular.z=0.0
[decoded_serial_node-3] [INFO] [1791537574.408456583] [bw_dr03_decoded_serial_node]: RECEIVED /cmd_vel: linear.x=0.0, angular.z=0.0
[target_tracker-7] [INFO] [1791537574.473371879] [target_tracker_node]: muc tieu: no_target_yet
[decoded_serial_node-3] [INFO] [1791537574.475260898] [bw_dr03_decoded_serial_node]: RECEIVED /cmd_vel: linear.x=0.0, angular.z=0.0
[decoded_serial_node-3] [INFO] [1791537574.541824189] [bw_dr03_decoded_serial_node]: RECEIVED /cmd_vel: linear.x=0.0, angular.z=0.0
[decoded_serial_node-3] [INFO] [1791537574.608762671] [bw_dr03_decoded_serial_node]: RECEIVED /cmd_vel: linear.x=0.0, angular.z=0.0
[follow_planner-8] [INFO] [1791537574.674789295] [follow_planner_node]: [IDLE] disabled | d=- goc=- | v=0.000 w=0.000 | thoang=-
[decoded_serial_node-3] [INFO] [1791537574.675538492] [bw_dr03_decoded_serial_node]: RECEIVED /cmd_vel: linear.x=0.0, angular.z=0.0
[decoded_serial_node-3] [INFO] [1791537574.742108906] [bw_dr03_decoded_serial_node]: RECEIVED /cmd_vel: linear.x=0.0, angular.z=0.0
[decoded_serial_node-3] [INFO] [1791537574.807977617] [bw_dr03_decoded_serial_node]: RECEIVED /cmd_vel: linear.x=0.0, angular.z=0.0
[decoded_serial_node-3] [INFO] [1791537574.875218865] [bw_dr03_decoded_serial_node]: RECEIVED /cmd_vel: linear.x=0.0, angular.z=0.0
[decoded_serial_node-3] [INFO] [1791537574.941918697] [bw_dr03_decoded_serial_node]: RECEIVED /cmd_vel: linear.x=0.0, angular.z=0.0
[decoded_serial_node-3] [INFO] [1791537575.008702828] [bw_dr03_decoded_serial_node]: RECEIVED /cmd_vel: linear.x=0.0, angular.z=0.0
[decoded_serial_node-3] [INFO] [1791537575.075976133] [bw_dr03_decoded_serial_node]: RECEIVED /cmd_vel: linear.x=0.0, angular.z=0.0
[decoded_serial_node-3] [INFO] [1791537575.141510021] [bw_dr03_decoded_serial_node]: RECEIVED /cmd_vel: linear.x=0.0, angular.z=0.0
[decoded_serial_node-3] [INFO] [1791537575.208577920] [bw_dr03_decoded_serial_node]: RECEIVED /cmd_vel: linear.x=0.0, angular.z=0.0
[decoded_serial_node-3] [INFO] [1791537575.275509278] [bw_dr03_decoded_serial_node]: RECEIVED /cmd_vel: linear.x=0.0, angular.z=0.0
[decoded_serial_node-3] [INFO] [1791537575.341705687] [bw_dr03_decoded_serial_node]: RECEIVED /cmd_vel: linear.x=0.0, angular.z=0.0
[decoded_serial_node-3] [INFO] [1791537575.409315002] [bw_dr03_decoded_serial_node]: RECEIVED /cmd_vel: linear.x=0.0, angular.z=0.0
[decoded_serial_node-3] [INFO] [1791537575.475181338] [bw_dr03_decoded_serial_node]: RECEIVED /cmd_vel: linear.x=0.0, angular.z=0.0
[target_tracker-7] [INFO] [1791537575.523065778] [target_tracker_node]: muc tieu: no_target_yet
[decoded_serial_node-3] [INFO] [1791537575.541693574] [bw_dr03_decoded_serial_node]: RECEIVED /cmd_vel: linear.x=0.0, angular.z=0.0
[decoded_serial_node-3] [INFO] [1791537575.609177033] [bw_dr03_decoded_serial_node]: RECEIVED /cmd_vel: linear.x=0.0, angular.z=0.0
[follow_planner-8] [INFO] [1791537575.675468428] [follow_planner_node]: [IDLE] disabled | d=- goc=- | v=0.000 w=0.000 | thoang=-
[decoded_serial_node-3] [INFO] [1791537575.675937418] [bw_dr03_decoded_serial_node]: RECEIVED /cmd_vel: linear.x=0.0, angular.z=0.0
[decoded_serial_node-3] [INFO] [1791537575.741655339] [bw_dr03_decoded_serial_node]: RECEIVED /cmd_vel: linear.x=0.0, angular.z=0.0
[decoded_serial_node-3] [INFO] [1791537575.807960982] [bw_dr03_decoded_serial_node]: RECEIVED /cmd_vel: linear.x=0.0, angular.z=0.0
[decoded_serial_node-3] [INFO] [1791537575.875230724] [bw_dr03_decoded_serial_node]: RECEIVED /cmd_vel: linear.x=0.0, angular.z=0.0
[decoded_serial_node-3] [INFO] [1791537575.941643225] [bw_dr03_decoded_serial_node]: RECEIVED /cmd_vel: linear.x=0.0, angular.z=0.0
[decoded_serial_node-3] [INFO] [1791537576.009061383] [bw_dr03_decoded_serial_node]: RECEIVED /cmd_vel: linear.x=0.0, angular.z=0.0
[decoded_serial_node-3] [INFO] [1791537576.075301722] [bw_dr03_decoded_serial_node]: RECEIVED /cmd_vel: linear.x=0.0, angular.z=0.0
[decoded_serial_node-3] [INFO] [1791537576.141449451] [bw_dr03_decoded_serial_node]: RECEIVED /cmd_vel: linear.x=0.0, angular.z=0.0
[decoded_serial_node-3] [INFO] [1791537576.208925786] [bw_dr03_decoded_serial_node]: RECEIVED /cmd_vel: linear.x=0.0, angular.z=0.0
[decoded_serial_node-3] [INFO] [1791537576.275529444] [bw_dr03_decoded_serial_node]: RECEIVED /cmd_vel: linear.x=0.0, angular.z=0.0
[decoded_serial_node-3] [INFO] [1791537576.342030993] [bw_dr03_decoded_serial_node]: RECEIVED /cmd_vel: linear.x=0.0, angular.z=0.0
[decoded_serial_node-3] [INFO] [1791537576.408869740] [bw_dr03_decoded_serial_node]: RECEIVED /cmd_vel: linear.x=0.0, angular.z=0.0
[decoded_serial_node-3] [INFO] [1791537576.475048339] [bw_dr03_decoded_serial_node]: RECEIVED /cmd_vel: linear.x=0.0, angular.z=0.0
[target_tracker-7] [INFO] [1791537576.522675131] [target_tracker_node]: muc tieu: no_target_yet
[decoded_serial_node-3] [INFO] [1791537576.542003443] [bw_dr03_decoded_serial_node]: RECEIVED /cmd_vel: linear.x=0.0, angular.z=0.0
[decoded_serial_node-3] [INFO] [1791537576.608863561] [bw_dr03_decoded_serial_node]: RECEIVED /cmd_vel: linear.x=0.0, angular.z=0.0
[decoded_serial_node-3] [INFO] [1791537576.675007728] [bw_dr03_decoded_serial_node]: RECEIVED /cmd_vel: linear.x=0.0, angular.z=0.0
[decoded_serial_node-3] [INFO] [1791537576.741996076] [bw_dr03_decoded_serial_node]: RECEIVED /cmd_vel: linear.x=0.0, angular.z=0.0
[follow_planner-8] [INFO] [1791537576.742158739] [follow_planner_node]: [IDLE] disabled | d=- goc=- | v=0.000 w=0.000 | thoang=-
[decoded_serial_node-3] [INFO] [1791537576.808514248] [bw_dr03_decoded_serial_node]: RECEIVED /cmd_vel: linear.x=0.0, angular.z=0.0
[decoded_serial_node-3] [INFO] [1791537576.875358931] [bw_dr03_decoded_serial_node]: RECEIVED /cmd_vel: linear.x=0.0, angular.z=0.0
[decoded_serial_node-3] [INFO] [1791537576.942178681] [bw_dr03_decoded_serial_node]: RECEIVED /cmd_vel: linear.x=0.0, angular.z=0.0
[decoded_serial_node-3] [INFO] [1791537577.009612272] [bw_dr03_decoded_serial_node]: RECEIVED /cmd_vel: linear.x=0.0, angular.z=0.0
[decoded_serial_node-3] [INFO] [1791537577.075407368] [bw_dr03_decoded_serial_node]: RECEIVED /cmd_vel: linear.x=0.0, angular.z=0.0
[decoded_serial_node-3] [INFO] [1791537577.142601121] [bw_dr03_decoded_serial_node]: RECEIVED /cmd_vel: linear.x=0.0, angular.z=0.0
[decoded_serial_node-3] [INFO] [1791537577.209077736] [bw_dr03_decoded_serial_node]: RECEIVED /cmd_vel: linear.x=0.0, angular.z=0.0
[decoded_serial_node-3] [INFO] [1791537577.275277706] [bw_dr03_decoded_serial_node]: RECEIVED /cmd_vel: linear.x=0.0, angular.z=0.0
[decoded_serial_node-3] [INFO] [1791537577.343181474] [bw_dr03_decoded_serial_node]: RECEIVED /cmd_vel: linear.x=0.0, angular.z=0.0
[decoded_serial_node-3] [INFO] [1791537577.409309018] [bw_dr03_decoded_serial_node]: RECEIVED /cmd_vel: linear.x=0.0, angular.z=0.0
[decoded_serial_node-3] [INFO] [1791537577.475193163] [bw_dr03_decoded_serial_node]: RECEIVED /cmd_vel: linear.x=0.0, angular.z=0.0
[decoded_serial_node-3] [INFO] [1791537577.542244438] [bw_dr03_decoded_serial_node]: RECEIVED /cmd_vel: linear.x=0.0, angular.z=0.0
[target_tracker-7] [INFO] [1791537577.573151451] [target_tracker_node]: muc tieu: no_target_yet
[decoded_serial_node-3] [INFO] [1791537577.609225662] [bw_dr03_decoded_serial_node]: RECEIVED /cmd_vel: linear.x=0.0, angular.z=0.0
[decoded_serial_node-3] [INFO] [1791537577.675648848] [bw_dr03_decoded_serial_node]: RECEIVED /cmd_vel: linear.x=0.0, angular.z=0.0
[follow_planner-8] [INFO] [1791537577.741931930] [follow_planner_node]: [IDLE] disabled | d=- goc=- | v=0.000 w=0.000 | thoang=-
[decoded_serial_node-3] [INFO] [1791537577.742418729] [bw_dr03_decoded_serial_node]: RECEIVED /cmd_vel: linear.x=0.0, angular.z=0.0
[decoded_serial_node-3] [INFO] [1791537577.809509186] [bw_dr03_decoded_serial_node]: RECEIVED /cmd_vel: linear.x=0.0, angular.z=0.0
[decoded_serial_node-3] [INFO] [1791537577.875756649] [bw_dr03_decoded_serial_node]: RECEIVED /cmd_vel: linear.x=0.0, angular.z=0.0
[decoded_serial_node-3] [INFO] [1791537577.942334186] [bw_dr03_decoded_serial_node]: RECEIVED /cmd_vel: linear.x=0.0, angular.z=0.0
[decoded_serial_node-3] [INFO] [1791537578.009069635] [bw_dr03_decoded_serial_node]: RECEIVED /cmd_vel: linear.x=0.0, angular.z=0.0
[decoded_serial_node-3] [INFO] [1791537578.075777776] [bw_dr03_decoded_serial_node]: RECEIVED /cmd_vel: linear.x=0.0, angular.z=0.0
[decoded_serial_node-3] [INFO] [1791537578.141617989] [bw_dr03_decoded_serial_node]: RECEIVED /cmd_vel: linear.x=0.0, angular.z=0.0
[decoded_serial_node-3] [INFO] [1791537578.208784433] [bw_dr03_decoded_serial_node]: RECEIVED /cmd_vel: linear.x=0.0, angular.z=0.0
[decoded_serial_node-3] [INFO] [1791537578.275086512] [bw_dr03_decoded_serial_node]: RECEIVED /cmd_vel: linear.x=0.0, angular.z=0.0
[decoded_serial_node-3] [INFO] [1791537578.341639114] [bw_dr03_decoded_serial_node]: RECEIVED /cmd_vel: linear.x=0.0, angular.z=0.0
[decoded_serial_node-3] [INFO] [1791537578.408722447] [bw_dr03_decoded_serial_node]: RECEIVED /cmd_vel: linear.x=0.0, angular.z=0.0
[decoded_serial_node-3] [INFO] [1791537578.475815277] [bw_dr03_decoded_serial_node]: RECEIVED /cmd_vel: linear.x=0.0, angular.z=0.0
[decoded_serial_node-3] [INFO] [1791537578.541648366] [bw_dr03_decoded_serial_node]: RECEIVED /cmd_vel: linear.x=0.0, angular.z=0.0
[decoded_serial_node-3] [INFO] [1791537578.608853992] [bw_dr03_decoded_serial_node]: RECEIVED /cmd_vel: linear.x=0.0, angular.z=0.0
[target_tracker-7] [INFO] [1791537578.622236227] [target_tracker_node]: muc tieu: no_target_yet
[decoded_serial_node-3] [INFO] [1791537578.675866086] [bw_dr03_decoded_serial_node]: RECEIVED /cmd_vel: linear.x=0.0, angular.z=0.0
[decoded_serial_node-3] [INFO] [1791537578.741714610] [bw_dr03_decoded_serial_node]: RECEIVED /cmd_vel: linear.x=0.0, angular.z=0.0
[follow_planner-8] [INFO] [1791537578.742106424] [follow_planner_node]: [IDLE] disabled | d=- goc=- | v=0.000 w=0.000 | thoang=-
[decoded_serial_node-3] [INFO] [1791537578.808667338] [bw_dr03_decoded_serial_node]: RECEIVED /cmd_vel: linear.x=0.0, angular.z=0.0
[decoded_serial_node-3] [INFO] [1791537578.875345795] [bw_dr03_decoded_serial_node]: RECEIVED /cmd_vel: linear.x=0.0, angular.z=0.0
[decoded_serial_node-3] [INFO] [1791537578.942134674] [bw_dr03_decoded_serial_node]: RECEIVED /cmd_vel: linear.x=0.0, angular.z=0.0
[decoded_serial_node-3] [INFO] [1791537579.008838065] [bw_dr03_decoded_serial_node]: RECEIVED /cmd_vel: linear.x=0.0, angular.z=0.0
[decoded_serial_node-3] [INFO] [1791537579.075404914] [bw_dr03_decoded_serial_node]: RECEIVED /cmd_vel: linear.x=0.0, angular.z=0.0
[decoded_serial_node-3] [INFO] [1791537579.141967015] [bw_dr03_decoded_serial_node]: RECEIVED /cmd_vel: linear.x=0.0, angular.z=0.0
[decoded_serial_node-3] [INFO] [1791537579.208535051] [bw_dr03_decoded_serial_node]: RECEIVED /cmd_vel: linear.x=0.0, angular.z=0.0
[decoded_serial_node-3] [INFO] [1791537579.275876031] [bw_dr03_decoded_serial_node]: RECEIVED /cmd_vel: linear.x=0.0, angular.z=0.0
[decoded_serial_node-3] [INFO] [1791537579.342083123] [bw_dr03_decoded_serial_node]: RECEIVED /cmd_vel: linear.x=0.0, angular.z=0.0
[decoded_serial_node-3] [INFO] [1791537579.408369766] [bw_dr03_decoded_serial_node]: RECEIVED /cmd_vel: linear.x=0.0, angular.z=0.0
[decoded_serial_node-3] [INFO] [1791537579.475138460] [bw_dr03_decoded_serial_node]: RECEIVED /cmd_vel: linear.x=0.0, angular.z=0.0
[decoded_serial_node-3] [INFO] [1791537579.541889343] [bw_dr03_decoded_serial_node]: RECEIVED /cmd_vel: linear.x=0.0, angular.z=0.0
[decoded_serial_node-3] [INFO] [1791537579.609067660] [bw_dr03_decoded_serial_node]: RECEIVED /cmd_vel: linear.x=0.0, angular.z=0.0
[target_tracker-7] [INFO] [1791537579.622708729] [target_tracker_node]: muc tieu: no_target_yet
[decoded_serial_node-3] [INFO] [1791537579.675526464] [bw_dr03_decoded_serial_node]: RECEIVED /cmd_vel: linear.x=0.0, angular.z=0.0
[decoded_serial_node-3] [INFO] [1791537579.741786986] [bw_dr03_decoded_serial_node]: RECEIVED /cmd_vel: linear.x=0.0, angular.z=0.0
[follow_planner-8] [INFO] [1791537579.742216794] [follow_planner_node]: [IDLE] disabled | d=- goc=- | v=0.000 w=0.000 | thoang=-
[decoded_serial_node-3] [INFO] [1791537579.809332183] [bw_dr03_decoded_serial_node]: RECEIVED /cmd_vel: linear.x=0.0, angular.z=0.0
[follow_planner-8] [INFO] [1791537579.810308157] [follow_planner_node]: self-filter: bo 15/225 tia dap vao than xe
[decoded_serial_node-3] [INFO] [1791537579.874741400] [bw_dr03_decoded_serial_node]: RECEIVED /cmd_vel: linear.x=0.0, angular.z=0.0
[decoded_serial_node-3] [INFO] [1791537579.942237918] [bw_dr03_decoded_serial_node]: RECEIVED /cmd_vel: linear.x=0.0, angular.z=0.0
[decoded_serial_node-3] [INFO] [1791537580.008543558] [bw_dr03_decoded_serial_node]: RECEIVED /cmd_vel: linear.x=0.0, angular.z=0.0
[decoded_serial_node-3] [INFO] [1791537580.075423858] [bw_dr03_decoded_serial_node]: RECEIVED /cmd_vel: linear.x=0.0, angular.z=0.0
[decoded_serial_node-3] [INFO] [1791537580.141799549] [bw_dr03_decoded_serial_node]: RECEIVED /cmd_vel: linear.x=0.0, angular.z=0.0
[decoded_serial_node-3] [INFO] [1791537580.208629982] [bw_dr03_decoded_serial_node]: RECEIVED /cmd_vel: linear.x=0.0, angular.z=0.0
[decoded_serial_node-3] [INFO] [1791537580.275293003] [bw_dr03_decoded_serial_node]: RECEIVED /cmd_vel: linear.x=0.0, angular.z=0.0
[decoded_serial_node-3] [INFO] [1791537580.342273038] [bw_dr03_decoded_serial_node]: RECEIVED /cmd_vel: linear.x=0.0, angular.z=0.0
[decoded_serial_node-3] [INFO] [1791537580.409533279] [bw_dr03_decoded_serial_node]: RECEIVED /cmd_vel: linear.x=0.0, angular.z=0.0
[decoded_serial_node-3] [INFO] [1791537580.475003048] [bw_dr03_decoded_serial_node]: RECEIVED /cmd_vel: linear.x=0.0, angular.z=0.0
[decoded_serial_node-3] [INFO] [1791537580.541905907] [bw_dr03_decoded_serial_node]: RECEIVED /cmd_vel: linear.x=0.0, angular.z=0.0
[decoded_serial_node-3] [INFO] [1791537580.608730404] [bw_dr03_decoded_serial_node]: RECEIVED /cmd_vel: linear.x=0.0, angular.z=0.0
[target_tracker-7] [INFO] [1791537580.623012623] [target_tracker_node]: muc tieu: no_target_yet
[decoded_serial_node-3] [INFO] [1791537580.675620202] [bw_dr03_decoded_serial_node]: RECEIVED /cmd_vel: linear.x=0.0, angular.z=0.0
[decoded_serial_node-3] [INFO] [1791537580.741814234] [bw_dr03_decoded_serial_node]: RECEIVED /cmd_vel: linear.x=0.0, angular.z=0.0
[follow_planner-8] [INFO] [1791537580.741950775] [follow_planner_node]: [IDLE] disabled | d=- goc=- | v=0.000 w=0.000 | thoang=-
[decoded_serial_node-3] [INFO] [1791537580.808990176] [bw_dr03_decoded_serial_node]: RECEIVED /cmd_vel: linear.x=0.0, angular.z=0.0
[decoded_serial_node-3] [INFO] [1791537580.875047666] [bw_dr03_decoded_serial_node]: RECEIVED /cmd_vel: linear.x=0.0, angular.z=0.0
[decoded_serial_node-3] [INFO] [1791537580.942199862] [bw_dr03_decoded_serial_node]: RECEIVED /cmd_vel: linear.x=0.0, angular.z=0.0
[decoded_serial_node-3] [INFO] [1791537581.008912750] [bw_dr03_decoded_serial_node]: RECEIVED /cmd_vel: linear.x=0.0, angular.z=0.0
[decoded_serial_node-3] [INFO] [1791537581.075617327] [bw_dr03_decoded_serial_node]: RECEIVED /cmd_vel: linear.x=0.0, angular.z=0.0
[decoded_serial_node-3] [INFO] [1791537581.142210296] [bw_dr03_decoded_serial_node]: RECEIVED /cmd_vel: linear.x=0.0, angular.z=0.0
[decoded_serial_node-3] [INFO] [1791537581.208496938] [bw_dr03_decoded_serial_node]: RECEIVED /cmd_vel: linear.x=0.0, angular.z=0.0
[decoded_serial_node-3] [INFO] [1791537581.275491220] [bw_dr03_decoded_serial_node]: RECEIVED /cmd_vel: linear.x=0.0, angular.z=0.0
[decoded_serial_node-3] [INFO] [1791537581.341636571] [bw_dr03_decoded_serial_node]: RECEIVED /cmd_vel: linear.x=0.0, angular.z=0.0
[decoded_serial_node-3] [INFO] [1791537581.407933899] [bw_dr03_decoded_serial_node]: RECEIVED /cmd_vel: linear.x=0.0, angular.z=0.0
[decoded_serial_node-3] [INFO] [1791537581.475080157] [bw_dr03_decoded_serial_node]: RECEIVED /cmd_vel: linear.x=0.0, angular.z=0.0
[decoded_serial_node-3] [INFO] [1791537581.542078001] [bw_dr03_decoded_serial_node]: RECEIVED /cmd_vel: linear.x=0.0, angular.z=0.0
[decoded_serial_node-3] [INFO] [1791537581.609125712] [bw_dr03_decoded_serial_node]: RECEIVED /cmd_vel: linear.x=0.0, angular.z=0.0
[target_tracker-7] [INFO] [1791537581.623067171] [target_tracker_node]: muc tieu: no_target_yet
[decoded_serial_node-3] [INFO] [1791537581.675703246] [bw_dr03_decoded_serial_node]: RECEIVED /cmd_vel: linear.x=0.0, angular.z=0.0
[decoded_serial_node-3] [INFO] [1791537581.741918649] [bw_dr03_decoded_serial_node]: RECEIVED /cmd_vel: linear.x=0.0, angular.z=0.0
[follow_planner-8] [INFO] [1791537581.742437505] [follow_planner_node]: [IDLE] disabled | d=- goc=- | v=0.000 w=0.000 | thoang=-
[decoded_serial_node-3] [INFO] [1791537581.809461470] [bw_dr03_decoded_serial_node]: RECEIVED /cmd_vel: linear.x=0.0, angular.z=0.0
[decoded_serial_node-3] [INFO] [1791537581.875750487] [bw_dr03_decoded_serial_node]: RECEIVED /cmd_vel: linear.x=0.0, angular.z=0.0
[decoded_serial_node-3] [INFO] [1791537581.942100056] [bw_dr03_decoded_serial_node]: RECEIVED /cmd_vel: linear.x=0.0, angular.z=0.0
[decoded_serial_node-3] [INFO] [1791537582.009128770] [bw_dr03_decoded_serial_node]: RECEIVED /cmd_vel: linear.x=0.0, angular.z=0.0
[decoded_serial_node-3] [INFO] [1791537582.075237314] [bw_dr03_decoded_serial_node]: RECEIVED /cmd_vel: linear.x=0.0, angular.z=0.0
[decoded_serial_node-3] [INFO] [1791537582.141915769] [bw_dr03_decoded_serial_node]: RECEIVED /cmd_vel: linear.x=0.0, angular.z=0.0
[decoded_serial_node-3] [INFO] [1791537582.209270994] [bw_dr03_decoded_serial_node]: RECEIVED /cmd_vel: linear.x=0.0, angular.z=0.0
[python3-4] [WARN] [1791537582.265934443] [identity_lock_node]: Anh toi (do sang 60/255) du da phoi sang toi da 30 ms: can them den, hoac dat camera_exposure_mode: auto (camera tu phoi sang lau hon nhung giam fps, nhoe hon)
[decoded_serial_node-3] [INFO] [1791537582.275702488] [bw_dr03_decoded_serial_node]: RECEIVED /cmd_vel: linear.x=0.0, angular.z=0.0
[python3-4] [INFO] [1791537582.298178372] [identity_lock_node]: camera: nhan nan fps (phoi sang 30 ms, do sang 60), xu ly 12.0 Hz, TB 20 ms/khung, tre tu luc chup 32.5 ms, 1 nguoi, status WAITING_FOR_ENROLLMENT
[decoded_serial_node-3] [INFO] [1791537582.341891769] [bw_dr03_decoded_serial_node]: RECEIVED /cmd_vel: linear.x=0.0, angular.z=0.0
[decoded_serial_node-3] [INFO] [1791537582.408050180] [bw_dr03_decoded_serial_node]: RECEIVED /cmd_vel: linear.x=0.0, angular.z=0.0
[decoded_serial_node-3] [INFO] [1791537582.475107389] [bw_dr03_decoded_serial_node]: RECEIVED /cmd_vel: linear.x=0.0, angular.z=0.0
[decoded_serial_node-3] [INFO] [1791537582.541665925] [bw_dr03_decoded_serial_node]: RECEIVED /cmd_vel: linear.x=0.0, angular.z=0.0
[decoded_serial_node-3] [INFO] [1791537582.608990280] [bw_dr03_decoded_serial_node]: RECEIVED /cmd_vel: linear.x=0.0, angular.z=0.0
[target_tracker-7] [INFO] [1791537582.672441612] [target_tracker_node]: muc tieu: no_target_yet
[decoded_serial_node-3] [INFO] [1791537582.675101199] [bw_dr03_decoded_serial_node]: RECEIVED /cmd_vel: linear.x=0.0, angular.z=0.0
[decoded_serial_node-3] [INFO] [1791537582.741934005] [bw_dr03_decoded_serial_node]: RECEIVED /cmd_vel: linear.x=0.0, angular.z=0.0
[follow_planner-8] [INFO] [1791537582.808499665] [follow_planner_node]: [IDLE] disabled | d=- goc=- | v=0.000 w=0.000 | thoang=-
[decoded_serial_node-3] [INFO] [1791537582.809050580] [bw_dr03_decoded_serial_node]: RECEIVED /cmd_vel: linear.x=0.0, angular.z=0.0
[decoded_serial_node-3] [INFO] [1791537582.875745657] [bw_dr03_decoded_serial_node]: RECEIVED /cmd_vel: linear.x=0.0, angular.z=0.0
[decoded_serial_node-3] [INFO] [1791537582.942542844] [bw_dr03_decoded_serial_node]: RECEIVED /cmd_vel: linear.x=0.0, angular.z=0.0
[decoded_serial_node-3] [INFO] [1791537583.009182118] [bw_dr03_decoded_serial_node]: RECEIVED /cmd_vel: linear.x=0.0, angular.z=0.0
[decoded_serial_node-3] [INFO] [1791537583.075516251] [bw_dr03_decoded_serial_node]: RECEIVED /cmd_vel: linear.x=0.0, angular.z=0.0
[decoded_serial_node-3] [INFO] [1791537583.141507250] [bw_dr03_decoded_serial_node]: RECEIVED /cmd_vel: linear.x=0.0, angular.z=0.0
[decoded_serial_node-3] [INFO] [1791537583.208809045] [bw_dr03_decoded_serial_node]: RECEIVED /cmd_vel: linear.x=0.0, angular.z=0.0
[decoded_serial_node-3] [INFO] [1791537583.275766519] [bw_dr03_decoded_serial_node]: RECEIVED /cmd_vel: linear.x=0.0, angular.z=0.0
[decoded_serial_node-3] [INFO] [1791537583.341463064] [bw_dr03_decoded_serial_node]: RECEIVED /cmd_vel: linear.x=0.0, angular.z=0.0
[decoded_serial_node-3] [INFO] [1791537583.408843222] [bw_dr03_decoded_serial_node]: RECEIVED /cmd_vel: linear.x=0.0, angular.z=0.0
[decoded_serial_node-3] [INFO] [1791537583.475430253] [bw_dr03_decoded_serial_node]: RECEIVED /cmd_vel: linear.x=0.0, angular.z=0.0
[decoded_serial_node-3] [INFO] [1791537583.542108708] [bw_dr03_decoded_serial_node]: RECEIVED /cmd_vel: linear.x=0.0, angular.z=0.0
[decoded_serial_node-3] [INFO] [1791537583.608989006] [bw_dr03_decoded_serial_node]: RECEIVED /cmd_vel: linear.x=0.0, angular.z=0.0
[decoded_serial_node-3] [INFO] [1791537583.675432372] [bw_dr03_decoded_serial_node]: RECEIVED /cmd_vel: linear.x=0.0, angular.z=0.0
[target_tracker-7] [INFO] [1791537583.722849007] [target_tracker_node]: muc tieu: no_target_yet
[decoded_serial_node-3] [INFO] [1791537583.741742759] [bw_dr03_decoded_serial_node]: RECEIVED /cmd_vel: linear.x=0.0, angular.z=0.0
[follow_planner-8] [INFO] [1791537583.808694296] [follow_planner_node]: [IDLE] disabled | d=- goc=- | v=0.000 w=0.000 | thoang=-
[decoded_serial_node-3] [INFO] [1791537583.808899702] [bw_dr03_decoded_serial_node]: RECEIVED /cmd_vel: linear.x=0.0, angular.z=0.0
[decoded_serial_node-3] [INFO] [1791537583.875472485] [bw_dr03_decoded_serial_node]: RECEIVED /cmd_vel: linear.x=0.0, angular.z=0.0
[decoded_serial_node-3] [INFO] [1791537583.941785247] [bw_dr03_decoded_serial_node]: RECEIVED /cmd_vel: linear.x=0.0, angular.z=0.0
[decoded_serial_node-3] [INFO] [1791537584.009369623] [bw_dr03_decoded_serial_node]: RECEIVED /cmd_vel: linear.x=0.0, angular.z=0.0
[decoded_serial_node-3] [INFO] [1791537584.075644390] [bw_dr03_decoded_serial_node]: RECEIVED /cmd_vel: linear.x=0.0, angular.z=0.0
[decoded_serial_node-3] [INFO] [1791537584.142068758] [bw_dr03_decoded_serial_node]: RECEIVED /cmd_vel: linear.x=0.0, angular.z=0.0
[decoded_serial_node-3] [INFO] [1791537584.209206704] [bw_dr03_decoded_serial_node]: RECEIVED /cmd_vel: linear.x=0.0, angular.z=0.0
[decoded_serial_node-3] [INFO] [1791537584.275264192] [bw_dr03_decoded_serial_node]: RECEIVED /cmd_vel: linear.x=0.0, angular.z=0.0
[decoded_serial_node-3] [INFO] [1791537584.341649379] [bw_dr03_decoded_serial_node]: RECEIVED /cmd_vel: linear.x=0.0, angular.z=0.0
[decoded_serial_node-3] [INFO] [1791537584.408897744] [bw_dr03_decoded_serial_node]: RECEIVED /cmd_vel: linear.x=0.0, angular.z=0.0
[decoded_serial_node-3] [INFO] [1791537584.475205756] [bw_dr03_decoded_serial_node]: RECEIVED /cmd_vel: linear.x=0.0, angular.z=0.0
[decoded_serial_node-3] [INFO] [1791537584.541769040] [bw_dr03_decoded_serial_node]: RECEIVED /cmd_vel: linear.x=0.0, angular.z=0.0
[decoded_serial_node-3] [INFO] [1791537584.608994847] [bw_dr03_decoded_serial_node]: RECEIVED /cmd_vel: linear.x=0.0, angular.z=0.0
[decoded_serial_node-3] [INFO] [1791537584.675513013] [bw_dr03_decoded_serial_node]: RECEIVED /cmd_vel: linear.x=0.0, angular.z=0.0
[target_tracker-7] [INFO] [1791537584.722774108] [target_tracker_node]: muc tieu: no_target_yet
[decoded_serial_node-3] [INFO] [1791537584.741962315] [bw_dr03_decoded_serial_node]: RECEIVED /cmd_vel: linear.x=0.0, angular.z=0.0
[decoded_serial_node-3] [INFO] [1791537584.808945909] [bw_dr03_decoded_serial_node]: RECEIVED /cmd_vel: linear.x=0.0, angular.z=0.0
[follow_planner-8] [INFO] [1791537584.875199304] [follow_planner_node]: [IDLE] disabled | d=- goc=- | v=0.000 w=0.000 | thoang=-
[decoded_serial_node-3] [INFO] [1791537584.875516317] [bw_dr03_decoded_serial_node]: RECEIVED /cmd_vel: linear.x=0.0, angular.z=0.0
[decoded_serial_node-3] [INFO] [1791537584.941821954] [bw_dr03_decoded_serial_node]: RECEIVED /cmd_vel: linear.x=0.0, angular.z=0.0
[decoded_serial_node-3] [INFO] [1791537585.009278100] [bw_dr03_decoded_serial_node]: RECEIVED /cmd_vel: linear.x=0.0, angular.z=0.0
[decoded_serial_node-3] [INFO] [1791537585.075239415] [bw_dr03_decoded_serial_node]: RECEIVED /cmd_vel: linear.x=0.0, angular.z=0.0
[decoded_serial_node-3] [INFO] [1791537585.142160081] [bw_dr03_decoded_serial_node]: RECEIVED /cmd_vel: linear.x=0.0, angular.z=0.0
[decoded_serial_node-3] [INFO] [1791537585.209229161] [bw_dr03_decoded_serial_node]: RECEIVED /cmd_vel: linear.x=0.0, angular.z=0.0
[decoded_serial_node-3] [INFO] [1791537585.275507489] [bw_dr03_decoded_serial_node]: RECEIVED /cmd_vel: linear.x=0.0, angular.z=0.0
[decoded_serial_node-3] [INFO] [1791537585.341777506] [bw_dr03_decoded_serial_node]: RECEIVED /cmd_vel: linear.x=0.0, angular.z=0.0
[decoded_serial_node-3] [INFO] [1791537585.408910701] [bw_dr03_decoded_serial_node]: RECEIVED /cmd_vel: linear.x=0.0, angular.z=0.0
[decoded_serial_node-3] [INFO] [1791537585.475269766] [bw_dr03_decoded_serial_node]: RECEIVED /cmd_vel: linear.x=0.0, angular.z=0.0
[decoded_serial_node-3] [INFO] [1791537585.541729754] [bw_dr03_decoded_serial_node]: RECEIVED /cmd_vel: linear.x=0.0, angular.z=0.0
[decoded_serial_node-3] [INFO] [1791537585.609245265] [bw_dr03_decoded_serial_node]: RECEIVED /cmd_vel: linear.x=0.0, angular.z=0.0
[decoded_serial_node-3] [INFO] [1791537585.675294441] [bw_dr03_decoded_serial_node]: RECEIVED /cmd_vel: linear.x=0.0, angular.z=0.0
[decoded_serial_node-3] [INFO] [1791537585.741725933] [bw_dr03_decoded_serial_node]: RECEIVED /cmd_vel: linear.x=0.0, angular.z=0.0
[target_tracker-7] [INFO] [1791537585.772873968] [target_tracker_node]: muc tieu: no_target_yet
[decoded_serial_node-3] [INFO] [1791537585.809654629] [bw_dr03_decoded_serial_node]: RECEIVED /cmd_vel: linear.x=0.0, angular.z=0.0
[decoded_serial_node-3] [INFO] [1791537585.875706180] [bw_dr03_decoded_serial_node]: RECEIVED /cmd_vel: linear.x=0.0, angular.z=0.0
[decoded_serial_node-3] [INFO] [1791537585.941723299] [bw_dr03_decoded_serial_node]: RECEIVED /cmd_vel: linear.x=0.0, angular.z=0.0
[follow_planner-8] [INFO] [1791537585.941807598] [follow_planner_node]: [IDLE] disabled | d=- goc=- | v=0.000 w=0.000 | thoang=-
[decoded_serial_node-3] [INFO] [1791537586.008919422] [bw_dr03_decoded_serial_node]: RECEIVED /cmd_vel: linear.x=0.0, angular.z=0.0
[decoded_serial_node-3] [INFO] [1791537586.075425714] [bw_dr03_decoded_serial_node]: RECEIVED /cmd_vel: linear.x=0.0, angular.z=0.0
[decoded_serial_node-3] [INFO] [1791537586.141571062] [bw_dr03_decoded_serial_node]: RECEIVED /cmd_vel: linear.x=0.0, angular.z=0.0
[decoded_serial_node-3] [INFO] [1791537586.208798054] [bw_dr03_decoded_serial_node]: RECEIVED /cmd_vel: linear.x=0.0, angular.z=0.0
[decoded_serial_node-3] [INFO] [1791537586.274832982] [bw_dr03_decoded_serial_node]: RECEIVED /cmd_vel: linear.x=0.0, angular.z=0.0
[decoded_serial_node-3] [INFO] [1791537586.341614731] [bw_dr03_decoded_serial_node]: RECEIVED /cmd_vel: linear.x=0.0, angular.z=0.0
[decoded_serial_node-3] [INFO] [1791537586.409599231] [bw_dr03_decoded_serial_node]: RECEIVED /cmd_vel: linear.x=0.0, angular.z=0.0
[decoded_serial_node-3] [INFO] [1791537586.475505929] [bw_dr03_decoded_serial_node]: RECEIVED /cmd_vel: linear.x=0.0, angular.z=0.0
[decoded_serial_node-3] [INFO] [1791537586.542111955] [bw_dr03_decoded_serial_node]: RECEIVED /cmd_vel: linear.x=0.0, angular.z=0.0
[decoded_serial_node-3] [INFO] [1791537586.609005312] [bw_dr03_decoded_serial_node]: RECEIVED /cmd_vel: linear.x=0.0, angular.z=0.0
[decoded_serial_node-3] [INFO] [1791537586.675644583] [bw_dr03_decoded_serial_node]: RECEIVED /cmd_vel: linear.x=0.0, angular.z=0.0
[decoded_serial_node-3] [INFO] [1791537586.742250610] [bw_dr03_decoded_serial_node]: RECEIVED /cmd_vel: linear.x=0.0, angular.z=0.0
[decoded_serial_node-3] [INFO] [1791537586.809326813] [bw_dr03_decoded_serial_node]: RECEIVED /cmd_vel: linear.x=0.0, angular.z=0.0
[target_tracker-7] [INFO] [1791537586.822462085] [target_tracker_node]: muc tieu: no_target_yet
[decoded_serial_node-3] [INFO] [1791537586.875443666] [bw_dr03_decoded_serial_node]: RECEIVED /cmd_vel: linear.x=0.0, angular.z=0.0
[decoded_serial_node-3] [INFO] [1791537586.942106684] [bw_dr03_decoded_serial_node]: RECEIVED /cmd_vel: linear.x=0.0, angular.z=0.0
[follow_planner-8] [INFO] [1791537586.942230164] [follow_planner_node]: [IDLE] disabled | d=- goc=- | v=0.000 w=0.000 | thoang=-
[decoded_serial_node-3] [INFO] [1791537587.008673529] [bw_dr03_decoded_serial_node]: RECEIVED /cmd_vel: linear.x=0.0, angular.z=0.0
[decoded_serial_node-3] [INFO] [1791537587.075442217] [bw_dr03_decoded_serial_node]: RECEIVED /cmd_vel: linear.x=0.0, angular.z=0.0
[decoded_serial_node-3] [INFO] [1791537587.141936635] [bw_dr03_decoded_serial_node]: RECEIVED /cmd_vel: linear.x=0.0, angular.z=0.0
[decoded_serial_node-3] [INFO] [1791537587.209110198] [bw_dr03_decoded_serial_node]: RECEIVED /cmd_vel: linear.x=0.0, angular.z=0.0
[decoded_serial_node-3] [INFO] [1791537587.275631924] [bw_dr03_decoded_serial_node]: RECEIVED /cmd_vel: linear.x=0.0, angular.z=0.0
[decoded_serial_node-3] [INFO] [1791537587.341736903] [bw_dr03_decoded_serial_node]: RECEIVED /cmd_vel: linear.x=0.0, angular.z=0.0
[decoded_serial_node-3] [INFO] [1791537587.408593452] [bw_dr03_decoded_serial_node]: RECEIVED /cmd_vel: linear.x=0.0, angular.z=0.0
[decoded_serial_node-3] [INFO] [1791537587.474970327] [bw_dr03_decoded_serial_node]: RECEIVED /cmd_vel: linear.x=0.0, angular.z=0.0
[decoded_serial_node-3] [INFO] [1791537587.541767510] [bw_dr03_decoded_serial_node]: RECEIVED /cmd_vel: linear.x=0.0, angular.z=0.0
[decoded_serial_node-3] [INFO] [1791537587.608511265] [bw_dr03_decoded_serial_node]: RECEIVED /cmd_vel: linear.x=0.0, angular.z=0.0
[decoded_serial_node-3] [INFO] [1791537587.675447364] [bw_dr03_decoded_serial_node]: RECEIVED /cmd_vel: linear.x=0.0, angular.z=0.0
[decoded_serial_node-3] [INFO] [1791537587.741659201] [bw_dr03_decoded_serial_node]: RECEIVED /cmd_vel: linear.x=0.0, angular.z=0.0
[decoded_serial_node-3] [INFO] [1791537587.808444512] [bw_dr03_decoded_serial_node]: RECEIVED /cmd_vel: linear.x=0.0, angular.z=0.0
[target_tracker-7] [INFO] [1791537587.822471458] [target_tracker_node]: muc tieu: no_target_yet
[decoded_serial_node-3] [INFO] [1791537587.875250007] [bw_dr03_decoded_serial_node]: RECEIVED /cmd_vel: linear.x=0.0, angular.z=0.0
[decoded_serial_node-3] [INFO] [1791537587.941664875] [bw_dr03_decoded_serial_node]: RECEIVED /cmd_vel: linear.x=0.0, angular.z=0.0
[decoded_serial_node-3] [INFO] [1791537588.007932516] [bw_dr03_decoded_serial_node]: RECEIVED /cmd_vel: linear.x=0.0, angular.z=0.0
[follow_planner-8] [INFO] [1791537588.007932516] [follow_planner_node]: [IDLE] disabled | d=- goc=- | v=0.000 w=0.000 | thoang=-
[decoded_serial_node-3] [INFO] [1791537588.075475333] [bw_dr03_decoded_serial_node]: RECEIVED /cmd_vel: linear.x=0.0, angular.z=0.0
[decoded_serial_node-3] [INFO] [1791537588.141848645] [bw_dr03_decoded_serial_node]: RECEIVED /cmd_vel: linear.x=0.0, angular.z=0.0
[decoded_serial_node-3] [INFO] [1791537588.209201491] [bw_dr03_decoded_serial_node]: RECEIVED /cmd_vel: linear.x=0.0, angular.z=0.0
[decoded_serial_node-3] [INFO] [1791537588.275158055] [bw_dr03_decoded_serial_node]: RECEIVED /cmd_vel: linear.x=0.0, angular.z=0.0
[decoded_serial_node-3] [INFO] [1791537588.342101278] [bw_dr03_decoded_serial_node]: RECEIVED /cmd_vel: linear.x=0.0, angular.z=0.0
[decoded_serial_node-3] [INFO] [1791537588.408887775] [bw_dr03_decoded_serial_node]: RECEIVED /cmd_vel: linear.x=0.0, angular.z=0.0
[decoded_serial_node-3] [INFO] [1791537588.474834840] [bw_dr03_decoded_serial_node]: RECEIVED /cmd_vel: linear.x=0.0, angular.z=0.0
[decoded_serial_node-3] [INFO] [1791537588.541953786] [bw_dr03_decoded_serial_node]: RECEIVED /cmd_vel: linear.x=0.0, angular.z=0.0
[decoded_serial_node-3] [INFO] [1791537588.609197400] [bw_dr03_decoded_serial_node]: RECEIVED /cmd_vel: linear.x=0.0, angular.z=0.0
[decoded_serial_node-3] [INFO] [1791537588.675373617] [bw_dr03_decoded_serial_node]: RECEIVED /cmd_vel: linear.x=0.0, angular.z=0.0
[decoded_serial_node-3] [INFO] [1791537588.741701810] [bw_dr03_decoded_serial_node]: RECEIVED /cmd_vel: linear.x=0.0, angular.z=0.0
[decoded_serial_node-3] [INFO] [1791537588.808874185] [bw_dr03_decoded_serial_node]: RECEIVED /cmd_vel: linear.x=0.0, angular.z=0.0
[target_tracker-7] [INFO] [1791537588.822942686] [target_tracker_node]: muc tieu: no_target_yet
[decoded_serial_node-3] [INFO] [1791537588.875135889] [bw_dr03_decoded_serial_node]: RECEIVED /cmd_vel: linear.x=0.0, angular.z=0.0
[decoded_serial_node-3] [INFO] [1791537588.941652865] [bw_dr03_decoded_serial_node]: RECEIVED /cmd_vel: linear.x=0.0, angular.z=0.0
[follow_planner-8] [INFO] [1791537589.007941877] [follow_planner_node]: [IDLE] disabled | d=- goc=- | v=0.000 w=0.000 | thoang=-
[decoded_serial_node-3] [INFO] [1791537589.008118787] [bw_dr03_decoded_serial_node]: RECEIVED /cmd_vel: linear.x=0.0, angular.z=0.0
[decoded_serial_node-3] [INFO] [1791537589.076237452] [bw_dr03_decoded_serial_node]: RECEIVED /cmd_vel: linear.x=0.0, angular.z=0.0
[decoded_serial_node-3] [INFO] [1791537589.141789141] [bw_dr03_decoded_serial_node]: RECEIVED /cmd_vel: linear.x=0.0, angular.z=0.0
[decoded_serial_node-3] [INFO] [1791537589.209077872] [bw_dr03_decoded_serial_node]: RECEIVED /cmd_vel: linear.x=0.0, angular.z=0.0
[decoded_serial_node-3] [INFO] [1791537589.275104486] [bw_dr03_decoded_serial_node]: RECEIVED /cmd_vel: linear.x=0.0, angular.z=0.0
[decoded_serial_node-3] [INFO] [1791537589.341811433] [bw_dr03_decoded_serial_node]: RECEIVED /cmd_vel: linear.x=0.0, angular.z=0.0
[decoded_serial_node-3] [INFO] [1791537589.408643047] [bw_dr03_decoded_serial_node]: RECEIVED /cmd_vel: linear.x=0.0, angular.z=0.0
[decoded_serial_node-3] [INFO] [1791537589.475455665] [bw_dr03_decoded_serial_node]: RECEIVED /cmd_vel: linear.x=0.0, angular.z=0.0
[decoded_serial_node-3] [INFO] [1791537589.542833445] [bw_dr03_decoded_serial_node]: RECEIVED /cmd_vel: linear.x=0.0, angular.z=0.0
[decoded_serial_node-3] [INFO] [1791537589.608671276] [bw_dr03_decoded_serial_node]: RECEIVED /cmd_vel: linear.x=0.0, angular.z=0.0
[decoded_serial_node-3] [INFO] [1791537589.675215561] [bw_dr03_decoded_serial_node]: RECEIVED /cmd_vel: linear.x=0.0, angular.z=0.0
[decoded_serial_node-3] [INFO] [1791537589.741542566] [bw_dr03_decoded_serial_node]: RECEIVED /cmd_vel: linear.x=0.0, angular.z=0.0
[decoded_serial_node-3] [INFO] [1791537589.808447794] [bw_dr03_decoded_serial_node]: RECEIVED /cmd_vel: linear.x=0.0, angular.z=0.0
[follow_planner-8] [INFO] [1791537589.848444891] [follow_planner_node]: self-filter: bo 12/210 tia dap vao than xe
[target_tracker-7] [INFO] [1791537589.873098310] [target_tracker_node]: muc tieu: no_target_yet
[decoded_serial_node-3] [INFO] [1791537589.875421887] [bw_dr03_decoded_serial_node]: RECEIVED /cmd_vel: linear.x=0.0, angular.z=0.0
[decoded_serial_node-3] [INFO] [1791537589.941681215] [bw_dr03_decoded_serial_node]: RECEIVED /cmd_vel: linear.x=0.0, angular.z=0.0
[decoded_serial_node-3] [INFO] [1791537590.008204128] [bw_dr03_decoded_serial_node]: RECEIVED /cmd_vel: linear.x=0.0, angular.z=0.0
[follow_planner-8] [INFO] [1791537590.008485522] [follow_planner_node]: [IDLE] disabled | d=- goc=- | v=0.000 w=0.000 | thoang=-
[decoded_serial_node-3] [INFO] [1791537590.074906324] [bw_dr03_decoded_serial_node]: RECEIVED /cmd_vel: linear.x=0.0, angular.z=0.0
[decoded_serial_node-3] [INFO] [1791537590.141754561] [bw_dr03_decoded_serial_node]: RECEIVED /cmd_vel: linear.x=0.0, angular.z=0.0
[decoded_serial_node-3] [INFO] [1791537590.208598048] [bw_dr03_decoded_serial_node]: RECEIVED /cmd_vel: linear.x=0.0, angular.z=0.0
[decoded_serial_node-3] [INFO] [1791537590.275522273] [bw_dr03_decoded_serial_node]: RECEIVED /cmd_vel: linear.x=0.0, angular.z=0.0
[decoded_serial_node-3] [INFO] [1791537590.341647434] [bw_dr03_decoded_serial_node]: RECEIVED /cmd_vel: linear.x=0.0, angular.z=0.0
[decoded_serial_node-3] [INFO] [1791537590.409431275] [bw_dr03_decoded_serial_node]: RECEIVED /cmd_vel: linear.x=0.0, angular.z=0.0
[decoded_serial_node-3] [INFO] [1791537590.476128722] [bw_dr03_decoded_serial_node]: RECEIVED /cmd_vel: linear.x=0.0, angular.z=0.0
[decoded_serial_node-3] [INFO] [1791537590.541895314] [bw_dr03_decoded_serial_node]: RECEIVED /cmd_vel: linear.x=0.0, angular.z=0.0
[decoded_serial_node-3] [INFO] [1791537590.609244598] [bw_dr03_decoded_serial_node]: RECEIVED /cmd_vel: linear.x=0.0, angular.z=0.0
[decoded_serial_node-3] [INFO] [1791537590.675091927] [bw_dr03_decoded_serial_node]: RECEIVED /cmd_vel: linear.x=0.0, angular.z=0.0
[decoded_serial_node-3] [INFO] [1791537590.741661145] [bw_dr03_decoded_serial_node]: RECEIVED /cmd_vel: linear.x=0.0, angular.z=0.0
[decoded_serial_node-3] [INFO] [1791537590.808445266] [bw_dr03_decoded_serial_node]: RECEIVED /cmd_vel: linear.x=0.0, angular.z=0.0
[decoded_serial_node-3] [INFO] [1791537590.875952462] [bw_dr03_decoded_serial_node]: RECEIVED /cmd_vel: linear.x=0.0, angular.z=0.0
[target_tracker-7] [INFO] [1791537590.922333755] [target_tracker_node]: muc tieu: no_target_yet
[decoded_serial_node-3] [INFO] [1791537590.941639504] [bw_dr03_decoded_serial_node]: RECEIVED /cmd_vel: linear.x=0.0, angular.z=0.0
[follow_planner-8] [INFO] [1791537591.008795255] [follow_planner_node]: [IDLE] disabled | d=- goc=- | v=0.000 w=0.000 | thoang=-
[decoded_serial_node-3] [INFO] [1791537591.009525454] [bw_dr03_decoded_serial_node]: RECEIVED /cmd_vel: linear.x=0.0, angular.z=0.0
[decoded_serial_node-3] [INFO] [1791537591.077211935] [bw_dr03_decoded_serial_node]: RECEIVED /cmd_vel: linear.x=0.0, angular.z=0.0
[decoded_serial_node-3] [INFO] [1791537591.141596491] [bw_dr03_decoded_serial_node]: RECEIVED /cmd_vel: linear.x=0.0, angular.z=0.0
[decoded_serial_node-3] [INFO] [1791537591.208564646] [bw_dr03_decoded_serial_node]: RECEIVED /cmd_vel: linear.x=0.0, angular.z=0.0
[decoded_serial_node-3] [INFO] [1791537591.275200352] [bw_dr03_decoded_serial_node]: RECEIVED /cmd_vel: linear.x=0.0, angular.z=0.0
[decoded_serial_node-3] [INFO] [1791537591.341660336] [bw_dr03_decoded_serial_node]: RECEIVED /cmd_vel: linear.x=0.0, angular.z=0.0
[decoded_serial_node-3] [INFO] [1791537591.408987060] [bw_dr03_decoded_serial_node]: RECEIVED /cmd_vel: linear.x=0.0, angular.z=0.0
[decoded_serial_node-3] [INFO] [1791537591.475974211] [bw_dr03_decoded_serial_node]: RECEIVED /cmd_vel: linear.x=0.0, angular.z=0.0
[decoded_serial_node-3] [INFO] [1791537591.541717056] [bw_dr03_decoded_serial_node]: RECEIVED /cmd_vel: linear.x=0.0, angular.z=0.0
[decoded_serial_node-3] [INFO] [1791537591.608913176] [bw_dr03_decoded_serial_node]: RECEIVED /cmd_vel: linear.x=0.0, angular.z=0.0
[decoded_serial_node-3] [INFO] [1791537591.675525136] [bw_dr03_decoded_serial_node]: RECEIVED /cmd_vel: linear.x=0.0, angular.z=0.0
[decoded_serial_node-3] [INFO] [1791537591.741812959] [bw_dr03_decoded_serial_node]: RECEIVED /cmd_vel: linear.x=0.0, angular.z=0.0
[decoded_serial_node-3] [INFO] [1791537591.808682566] [bw_dr03_decoded_serial_node]: RECEIVED /cmd_vel: linear.x=0.0, angular.z=0.0
[decoded_serial_node-3] [INFO] [1791537591.875780138] [bw_dr03_decoded_serial_node]: RECEIVED /cmd_vel: linear.x=0.0, angular.z=0.0
[target_tracker-7] [INFO] [1791537591.922949807] [target_tracker_node]: muc tieu: no_target_yet
[decoded_serial_node-3] [INFO] [1791537591.941748573] [bw_dr03_decoded_serial_node]: RECEIVED /cmd_vel: linear.x=0.0, angular.z=0.0
[decoded_serial_node-3] [INFO] [1791537592.008475703] [bw_dr03_decoded_serial_node]: RECEIVED /cmd_vel: linear.x=0.0, angular.z=0.0
[follow_planner-8] [INFO] [1791537592.074896504] [follow_planner_node]: [IDLE] disabled | d=- goc=- | v=0.000 w=0.000 | thoang=-
[decoded_serial_node-3] [INFO] [1791537592.074989115] [bw_dr03_decoded_serial_node]: RECEIVED /cmd_vel: linear.x=0.0, angular.z=0.0
[decoded_serial_node-3] [INFO] [1791537592.142170986] [bw_dr03_decoded_serial_node]: RECEIVED /cmd_vel: linear.x=0.0, angular.z=0.0
[decoded_serial_node-3] [INFO] [1791537592.208533609] [bw_dr03_decoded_serial_node]: RECEIVED /cmd_vel: linear.x=0.0, angular.z=0.0
[decoded_serial_node-3] [INFO] [1791537592.275719042] [bw_dr03_decoded_serial_node]: RECEIVED /cmd_vel: linear.x=0.0, angular.z=0.0
[decoded_serial_node-3] [INFO] [1791537592.342054357] [bw_dr03_decoded_serial_node]: RECEIVED /cmd_vel: linear.x=0.0, angular.z=0.0
[python3-4] [INFO] [1791537592.362833565] [identity_lock_node]: camera: nhan 24.5 fps (phoi sang 30 ms, do sang 92), xu ly 14.9 Hz, TB 20 ms/khung, tre tu luc chup 56.6 ms, 1 nguoi, status ENROLLING
[decoded_serial_node-3] [INFO] [1791537592.408555896] [bw_dr03_decoded_serial_node]: RECEIVED /cmd_vel: linear.x=0.0, angular.z=0.0
[decoded_serial_node-3] [INFO] [1791537592.475620222] [bw_dr03_decoded_serial_node]: RECEIVED /cmd_vel: linear.x=0.0, angular.z=0.0
[decoded_serial_node-3] [INFO] [1791537592.541735884] [bw_dr03_decoded_serial_node]: RECEIVED /cmd_vel: linear.x=0.0, angular.z=0.0
[decoded_serial_node-3] [INFO] [1791537592.608790712] [bw_dr03_decoded_serial_node]: RECEIVED /cmd_vel: linear.x=0.0, angular.z=0.0
[decoded_serial_node-3] [INFO] [1791537592.675754117] [bw_dr03_decoded_serial_node]: RECEIVED /cmd_vel: linear.x=0.0, angular.z=0.0
[decoded_serial_node-3] [INFO] [1791537592.741722551] [bw_dr03_decoded_serial_node]: RECEIVED /cmd_vel: linear.x=0.0, angular.z=0.0
[decoded_serial_node-3] [INFO] [1791537592.808486487] [bw_dr03_decoded_serial_node]: RECEIVED /cmd_vel: linear.x=0.0, angular.z=0.0
[decoded_serial_node-3] [INFO] [1791537592.875192244] [bw_dr03_decoded_serial_node]: RECEIVED /cmd_vel: linear.x=0.0, angular.z=0.0
[decoded_serial_node-3] [INFO] [1791537592.941683097] [bw_dr03_decoded_serial_node]: RECEIVED /cmd_vel: linear.x=0.0, angular.z=0.0
[target_tracker-7] [INFO] [1791537592.973211072] [target_tracker_node]: muc tieu: no_target_yet
[decoded_serial_node-3] [INFO] [1791537593.008414976] [bw_dr03_decoded_serial_node]: RECEIVED /cmd_vel: linear.x=0.0, angular.z=0.0
[follow_planner-8] [INFO] [1791537593.075170600] [follow_planner_node]: [IDLE] disabled | d=- goc=- | v=0.000 w=0.000 | thoang=-
[decoded_serial_node-3] [INFO] [1791537593.075277458] [bw_dr03_decoded_serial_node]: RECEIVED /cmd_vel: linear.x=0.0, angular.z=0.0
[decoded_serial_node-3] [INFO] [1791537593.142217116] [bw_dr03_decoded_serial_node]: RECEIVED /cmd_vel: linear.x=0.0, angular.z=0.0
[decoded_serial_node-3] [INFO] [1791537593.208299532] [bw_dr03_decoded_serial_node]: RECEIVED /cmd_vel: linear.x=0.0, angular.z=0.0
[decoded_serial_node-3] [INFO] [1791537593.274873497] [bw_dr03_decoded_serial_node]: RECEIVED /cmd_vel: linear.x=0.0, angular.z=0.0
[decoded_serial_node-3] [INFO] [1791537593.341694423] [bw_dr03_decoded_serial_node]: RECEIVED /cmd_vel: linear.x=0.0, angular.z=0.0
[decoded_serial_node-3] [INFO] [1791537593.409655172] [bw_dr03_decoded_serial_node]: RECEIVED /cmd_vel: linear.x=0.0, angular.z=0.0
[decoded_serial_node-3] [INFO] [1791537593.475456194] [bw_dr03_decoded_serial_node]: RECEIVED /cmd_vel: linear.x=0.0, angular.z=0.0
[decoded_serial_node-3] [INFO] [1791537593.541843751] [bw_dr03_decoded_serial_node]: RECEIVED /cmd_vel: linear.x=0.0, angular.z=0.0
[decoded_serial_node-3] [INFO] [1791537593.608741852] [bw_dr03_decoded_serial_node]: RECEIVED /cmd_vel: linear.x=0.0, angular.z=0.0
[decoded_serial_node-3] [INFO] [1791537593.675549718] [bw_dr03_decoded_serial_node]: RECEIVED /cmd_vel: linear.x=0.0, angular.z=0.0
[decoded_serial_node-3] [INFO] [1791537593.741969332] [bw_dr03_decoded_serial_node]: RECEIVED /cmd_vel: linear.x=0.0, angular.z=0.0
[decoded_serial_node-3] [INFO] [1791537593.809094211] [bw_dr03_decoded_serial_node]: RECEIVED /cmd_vel: linear.x=0.0, angular.z=0.0
[decoded_serial_node-3] [INFO] [1791537593.875403404] [bw_dr03_decoded_serial_node]: RECEIVED /cmd_vel: linear.x=0.0, angular.z=0.0
[decoded_serial_node-3] [INFO] [1791537593.941789773] [bw_dr03_decoded_serial_node]: RECEIVED /cmd_vel: linear.x=0.0, angular.z=0.0
[decoded_serial_node-3] [INFO] [1791537594.009237602] [bw_dr03_decoded_serial_node]: RECEIVED /cmd_vel: linear.x=0.0, angular.z=0.0
[target_tracker-7] [INFO] [1791537594.022910727] [target_tracker_node]: muc tieu: no_target_yet
[decoded_serial_node-3] [INFO] [1791537594.075286773] [bw_dr03_decoded_serial_node]: RECEIVED /cmd_vel: linear.x=0.0, angular.z=0.0
[decoded_serial_node-3] [INFO] [1791537594.141794247] [bw_dr03_decoded_serial_node]: RECEIVED /cmd_vel: linear.x=0.0, angular.z=0.0
[follow_planner-8] [INFO] [1791537594.141817993] [follow_planner_node]: [IDLE] disabled | d=- goc=- | v=0.000 w=0.000 | thoang=-
[decoded_serial_node-3] [INFO] [1791537594.208686412] [bw_dr03_decoded_serial_node]: RECEIVED /cmd_vel: linear.x=0.0, angular.z=0.0
[decoded_serial_node-3] [INFO] [1791537594.275364860] [bw_dr03_decoded_serial_node]: RECEIVED /cmd_vel: linear.x=0.0, angular.z=0.0
[decoded_serial_node-3] [INFO] [1791537594.341627747] [bw_dr03_decoded_serial_node]: RECEIVED /cmd_vel: linear.x=0.0, angular.z=0.0
[decoded_serial_node-3] [INFO] [1791537594.408961593] [bw_dr03_decoded_serial_node]: RECEIVED /cmd_vel: linear.x=0.0, angular.z=0.0
[decoded_serial_node-3] [INFO] [1791537594.476106656] [bw_dr03_decoded_serial_node]: RECEIVED /cmd_vel: linear.x=0.0, angular.z=0.0
[decoded_serial_node-3] [INFO] [1791537594.541715333] [bw_dr03_decoded_serial_node]: RECEIVED /cmd_vel: linear.x=0.0, angular.z=0.0
[decoded_serial_node-3] [INFO] [1791537594.609706951] [bw_dr03_decoded_serial_node]: RECEIVED /cmd_vel: linear.x=0.0, angular.z=0.0
[decoded_serial_node-3] [INFO] [1791537594.675805989] [bw_dr03_decoded_serial_node]: RECEIVED /cmd_vel: linear.x=0.0, angular.z=0.0
[decoded_serial_node-3] [INFO] [1791537594.741724555] [bw_dr03_decoded_serial_node]: RECEIVED /cmd_vel: linear.x=0.0, angular.z=0.0
[decoded_serial_node-3] [INFO] [1791537594.809156948] [bw_dr03_decoded_serial_node]: RECEIVED /cmd_vel: linear.x=0.0, angular.z=0.0
[decoded_serial_node-3] [INFO] [1791537594.876297262] [bw_dr03_decoded_serial_node]: RECEIVED /cmd_vel: linear.x=0.0, angular.z=0.0
[decoded_serial_node-3] [INFO] [1791537594.942252635] [bw_dr03_decoded_serial_node]: RECEIVED /cmd_vel: linear.x=0.0, angular.z=0.0
[decoded_serial_node-3] [INFO] [1791537595.009486746] [bw_dr03_decoded_serial_node]: RECEIVED /cmd_vel: linear.x=0.0, angular.z=0.0
[target_tracker-7] [INFO] [1791537595.023003145] [target_tracker_node]: muc tieu: no_target_yet
[decoded_serial_node-3] [INFO] [1791537595.075417185] [bw_dr03_decoded_serial_node]: RECEIVED /cmd_vel: linear.x=0.0, angular.z=0.0
[follow_planner-8] [INFO] [1791537595.142487446] [follow_planner_node]: [IDLE] disabled | d=- goc=- | v=0.000 w=0.000 | thoang=-
[decoded_serial_node-3] [INFO] [1791537595.142561059] [bw_dr03_decoded_serial_node]: RECEIVED /cmd_vel: linear.x=0.0, angular.z=0.0
[decoded_serial_node-3] [INFO] [1791537595.209123150] [bw_dr03_decoded_serial_node]: RECEIVED /cmd_vel: linear.x=0.0, angular.z=0.0
[decoded_serial_node-3] [INFO] [1791537595.275261368] [bw_dr03_decoded_serial_node]: RECEIVED /cmd_vel: linear.x=0.0, angular.z=0.0
[decoded_serial_node-3] [INFO] [1791537595.341645361] [bw_dr03_decoded_serial_node]: RECEIVED /cmd_vel: linear.x=0.0, angular.z=0.0
[decoded_serial_node-3] [INFO] [1791537595.408875910] [bw_dr03_decoded_serial_node]: RECEIVED /cmd_vel: linear.x=0.0, angular.z=0.0
[decoded_serial_node-3] [INFO] [1791537595.475195788] [bw_dr03_decoded_serial_node]: RECEIVED /cmd_vel: linear.x=0.0, angular.z=0.0
[decoded_serial_node-3] [INFO] [1791537595.541640334] [bw_dr03_decoded_serial_node]: RECEIVED /cmd_vel: linear.x=0.0, angular.z=0.0
[decoded_serial_node-3] [INFO] [1791537595.609173649] [bw_dr03_decoded_serial_node]: RECEIVED /cmd_vel: linear.x=0.0, angular.z=0.0
[decoded_serial_node-3] [INFO] [1791537595.675949456] [bw_dr03_decoded_serial_node]: RECEIVED /cmd_vel: linear.x=0.0, angular.z=0.0
[decoded_serial_node-3] [INFO] [1791537595.741640057] [bw_dr03_decoded_serial_node]: RECEIVED /cmd_vel: linear.x=0.0, angular.z=0.0
[decoded_serial_node-3] [INFO] [1791537595.809569934] [bw_dr03_decoded_serial_node]: RECEIVED /cmd_vel: linear.x=0.0, angular.z=0.0
[decoded_serial_node-3] [INFO] [1791537595.875416074] [bw_dr03_decoded_serial_node]: RECEIVED /cmd_vel: linear.x=0.0, angular.z=0.0
[decoded_serial_node-3] [INFO] [1791537595.941638592] [bw_dr03_decoded_serial_node]: RECEIVED /cmd_vel: linear.x=0.0, angular.z=0.0
[decoded_serial_node-3] [INFO] [1791537596.008939192] [bw_dr03_decoded_serial_node]: RECEIVED /cmd_vel: linear.x=0.0, angular.z=0.0
[target_tracker-7] [INFO] [1791537596.072711091] [target_tracker_node]: muc tieu: no_target_yet
[decoded_serial_node-3] [INFO] [1791537596.075072661] [bw_dr03_decoded_serial_node]: RECEIVED /cmd_vel: linear.x=0.0, angular.z=0.0
[follow_planner-8] [INFO] [1791537596.141742796] [follow_planner_node]: [IDLE] disabled | d=- goc=- | v=0.000 w=0.000 | thoang=-
[decoded_serial_node-3] [INFO] [1791537596.141853217] [bw_dr03_decoded_serial_node]: RECEIVED /cmd_vel: linear.x=0.0, angular.z=0.0
[decoded_serial_node-3] [INFO] [1791537596.208360690] [bw_dr03_decoded_serial_node]: RECEIVED /cmd_vel: linear.x=0.0, angular.z=0.0
[decoded_serial_node-3] [INFO] [1791537596.275804955] [bw_dr03_decoded_serial_node]: RECEIVED /cmd_vel: linear.x=0.0, angular.z=0.0
[decoded_serial_node-3] [INFO] [1791537596.342074965] [bw_dr03_decoded_serial_node]: RECEIVED /cmd_vel: linear.x=0.0, angular.z=0.0
[decoded_serial_node-3] [INFO] [1791537596.409426620] [bw_dr03_decoded_serial_node]: RECEIVED /cmd_vel: linear.x=0.0, angular.z=0.0
[decoded_serial_node-3] [INFO] [1791537596.475437795] [bw_dr03_decoded_serial_node]: RECEIVED /cmd_vel: linear.x=0.0, angular.z=0.0
[decoded_serial_node-3] [INFO] [1791537596.541666249] [bw_dr03_decoded_serial_node]: RECEIVED /cmd_vel: linear.x=0.0, angular.z=0.0
[decoded_serial_node-3] [INFO] [1791537596.608970411] [bw_dr03_decoded_serial_node]: RECEIVED /cmd_vel: linear.x=0.0, angular.z=0.0
[decoded_serial_node-3] [INFO] [1791537596.675253482] [bw_dr03_decoded_serial_node]: RECEIVED /cmd_vel: linear.x=0.0, angular.z=0.0
[decoded_serial_node-3] [INFO] [1791537596.741593543] [bw_dr03_decoded_serial_node]: RECEIVED /cmd_vel: linear.x=0.0, angular.z=0.0
[decoded_serial_node-3] [INFO] [1791537596.809074615] [bw_dr03_decoded_serial_node]: RECEIVED /cmd_vel: linear.x=0.0, angular.z=0.0
[decoded_serial_node-3] [INFO] [1791537596.875428925] [bw_dr03_decoded_serial_node]: RECEIVED /cmd_vel: linear.x=0.0, angular.z=0.0
[decoded_serial_node-3] [INFO] [1791537596.942329399] [bw_dr03_decoded_serial_node]: RECEIVED /cmd_vel: linear.x=0.0, angular.z=0.0
[decoded_serial_node-3] [INFO] [1791537597.009308237] [bw_dr03_decoded_serial_node]: RECEIVED /cmd_vel: linear.x=0.0, angular.z=0.0
[decoded_serial_node-3] [INFO] [1791537597.075305164] [bw_dr03_decoded_serial_node]: RECEIVED /cmd_vel: linear.x=0.0, angular.z=0.0
[target_tracker-7] [INFO] [1791537597.122820339] [target_tracker_node]: muc tieu: no_target_yet
[decoded_serial_node-3] [INFO] [1791537597.142153396] [bw_dr03_decoded_serial_node]: RECEIVED /cmd_vel: linear.x=0.0, angular.z=0.0
[follow_planner-8] [INFO] [1791537597.208069585] [follow_planner_node]: [IDLE] disabled | d=- goc=- | v=0.000 w=0.000 | thoang=-
[decoded_serial_node-3] [INFO] [1791537597.208075522] [bw_dr03_decoded_serial_node]: RECEIVED /cmd_vel: linear.x=0.0, angular.z=0.0
[decoded_serial_node-3] [INFO] [1791537597.275050797] [bw_dr03_decoded_serial_node]: RECEIVED /cmd_vel: linear.x=0.0, angular.z=0.0
[decoded_serial_node-3] [INFO] [1791537597.341622384] [bw_dr03_decoded_serial_node]: RECEIVED /cmd_vel: linear.x=0.0, angular.z=0.0
[decoded_serial_node-3] [INFO] [1791537597.408493175] [bw_dr03_decoded_serial_node]: RECEIVED /cmd_vel: linear.x=0.0, angular.z=0.0
[decoded_serial_node-3] [INFO] [1791537597.475360405] [bw_dr03_decoded_serial_node]: RECEIVED /cmd_vel: linear.x=0.0, angular.z=0.0
[decoded_serial_node-3] [INFO] [1791537597.542021041] [bw_dr03_decoded_serial_node]: RECEIVED /cmd_vel: linear.x=0.0, angular.z=0.0
[decoded_serial_node-3] [INFO] [1791537597.608700674] [bw_dr03_decoded_serial_node]: RECEIVED /cmd_vel: linear.x=0.0, angular.z=0.0
[decoded_serial_node-3] [INFO] [1791537597.675437299] [bw_dr03_decoded_serial_node]: RECEIVED /cmd_vel: linear.x=0.0, angular.z=0.0
[decoded_serial_node-3] [INFO] [1791537597.741721556] [bw_dr03_decoded_serial_node]: RECEIVED /cmd_vel: linear.x=0.0, angular.z=0.0
[decoded_serial_node-3] [INFO] [1791537597.808625592] [bw_dr03_decoded_serial_node]: RECEIVED /cmd_vel: linear.x=0.0, angular.z=0.0
[decoded_serial_node-3] [INFO] [1791537597.875371715] [bw_dr03_decoded_serial_node]: RECEIVED /cmd_vel: linear.x=0.0, angular.z=0.0
[decoded_serial_node-3] [INFO] [1791537597.941560987] [bw_dr03_decoded_serial_node]: RECEIVED /cmd_vel: linear.x=0.0, angular.z=0.0
[decoded_serial_node-3] [INFO] [1791537598.008763039] [bw_dr03_decoded_serial_node]: RECEIVED /cmd_vel: linear.x=0.0, angular.z=0.0
[decoded_serial_node-3] [INFO] [1791537598.075316816] [bw_dr03_decoded_serial_node]: RECEIVED /cmd_vel: linear.x=0.0, angular.z=0.0
[decoded_serial_node-3] [INFO] [1791537598.141561892] [bw_dr03_decoded_serial_node]: RECEIVED /cmd_vel: linear.x=0.0, angular.z=0.0
[target_tracker-7] [INFO] [1791537598.172700425] [target_tracker_node]: muc tieu: no_target_yet
[decoded_serial_node-3] [INFO] [1791537598.207968442] [bw_dr03_decoded_serial_node]: RECEIVED /cmd_vel: linear.x=0.0, angular.z=0.0
[follow_planner-8] [INFO] [1791537598.275419830] [follow_planner_node]: [IDLE] disabled | d=- goc=- | v=0.000 w=0.000 | thoang=-
[decoded_serial_node-3] [INFO] [1791537598.276027735] [bw_dr03_decoded_serial_node]: RECEIVED /cmd_vel: linear.x=0.0, angular.z=0.0
[decoded_serial_node-3] [INFO] [1791537598.341707648] [bw_dr03_decoded_serial_node]: RECEIVED /cmd_vel: linear.x=0.0, angular.z=0.0
[decoded_serial_node-3] [INFO] [1791537598.408916824] [bw_dr03_decoded_serial_node]: RECEIVED /cmd_vel: linear.x=0.0, angular.z=0.0
[decoded_serial_node-3] [INFO] [1791537598.475793551] [bw_dr03_decoded_serial_node]: RECEIVED /cmd_vel: linear.x=0.0, angular.z=0.0
[decoded_serial_node-3] [INFO] [1791537598.541550639] [bw_dr03_decoded_serial_node]: RECEIVED /cmd_vel: linear.x=0.0, angular.z=0.0
[decoded_serial_node-3] [INFO] [1791537598.608996091] [bw_dr03_decoded_serial_node]: RECEIVED /cmd_vel: linear.x=0.0, angular.z=0.0
[decoded_serial_node-3] [INFO] [1791537598.675241166] [bw_dr03_decoded_serial_node]: RECEIVED /cmd_vel: linear.x=0.0, angular.z=0.0
[decoded_serial_node-3] [INFO] [1791537598.742868276] [bw_dr03_decoded_serial_node]: RECEIVED /cmd_vel: linear.x=0.0, angular.z=0.0
[decoded_serial_node-3] [INFO] [1791537598.809026678] [bw_dr03_decoded_serial_node]: RECEIVED /cmd_vel: linear.x=0.0, angular.z=0.0
[decoded_serial_node-3] [INFO] [1791537598.875035477] [bw_dr03_decoded_serial_node]: RECEIVED /cmd_vel: linear.x=0.0, angular.z=0.0
[decoded_serial_node-3] [INFO] [1791537598.944428126] [bw_dr03_decoded_serial_node]: RECEIVED /cmd_vel: linear.x=0.0, angular.z=0.0
[decoded_serial_node-3] [INFO] [1791537599.008813865] [bw_dr03_decoded_serial_node]: RECEIVED /cmd_vel: linear.x=0.0, angular.z=0.0
[decoded_serial_node-3] [INFO] [1791537599.074884404] [bw_dr03_decoded_serial_node]: RECEIVED /cmd_vel: linear.x=0.0, angular.z=0.0
[decoded_serial_node-3] [INFO] [1791537599.141808623] [bw_dr03_decoded_serial_node]: RECEIVED /cmd_vel: linear.x=0.0, angular.z=0.0
[target_tracker-7] [INFO] [1791537599.172530409] [target_tracker_node]: muc tieu: no_target_yet
[decoded_serial_node-3] [INFO] [1791537599.208688912] [bw_dr03_decoded_serial_node]: RECEIVED /cmd_vel: linear.x=0.0, angular.z=0.0
[decoded_serial_node-3] [INFO] [1791537599.275414849] [bw_dr03_decoded_serial_node]: RECEIVED /cmd_vel: linear.x=0.0, angular.z=0.0
[decoded_serial_node-3] [INFO] [1791537599.341420086] [bw_dr03_decoded_serial_node]: RECEIVED /cmd_vel: linear.x=0.0, angular.z=0.0
[follow_planner-8] [INFO] [1791537599.341439083] [follow_planner_node]: [IDLE] disabled | d=- goc=- | v=0.000 w=0.000 | thoang=-
[decoded_serial_node-3] [INFO] [1791537599.408782425] [bw_dr03_decoded_serial_node]: RECEIVED /cmd_vel: linear.x=0.0, angular.z=0.0
[decoded_serial_node-3] [INFO] [1791537599.475302957] [bw_dr03_decoded_serial_node]: RECEIVED /cmd_vel: linear.x=0.0, angular.z=0.0
[decoded_serial_node-3] [INFO] [1791537599.541691696] [bw_dr03_decoded_serial_node]: RECEIVED /cmd_vel: linear.x=0.0, angular.z=0.0
[decoded_serial_node-3] [INFO] [1791537599.608942427] [bw_dr03_decoded_serial_node]: RECEIVED /cmd_vel: linear.x=0.0, angular.z=0.0
[decoded_serial_node-3] [INFO] [1791537599.674891860] [bw_dr03_decoded_serial_node]: RECEIVED /cmd_vel: linear.x=0.0, angular.z=0.0
[decoded_serial_node-3] [INFO] [1791537599.742014361] [bw_dr03_decoded_serial_node]: RECEIVED /cmd_vel: linear.x=0.0, angular.z=0.0
[decoded_serial_node-3] [INFO] [1791537599.809057312] [bw_dr03_decoded_serial_node]: RECEIVED /cmd_vel: linear.x=0.0, angular.z=0.0
[decoded_serial_node-3] [INFO] [1791537599.875841428] [bw_dr03_decoded_serial_node]: RECEIVED /cmd_vel: linear.x=0.0, angular.z=0.0
[follow_planner-8] [INFO] [1791537599.883881927] [follow_planner_node]: self-filter: bo 16/217 tia dap vao than xe
[decoded_serial_node-3] [INFO] [1791537599.942123309] [bw_dr03_decoded_serial_node]: RECEIVED /cmd_vel: linear.x=0.0, angular.z=0.0
[decoded_serial_node-3] [INFO] [1791537600.008735264] [bw_dr03_decoded_serial_node]: RECEIVED /cmd_vel: linear.x=0.0, angular.z=0.0
[decoded_serial_node-3] [INFO] [1791537600.075167934] [bw_dr03_decoded_serial_node]: RECEIVED /cmd_vel: linear.x=0.0, angular.z=0.0
[decoded_serial_node-3] [INFO] [1791537600.142264313] [bw_dr03_decoded_serial_node]: RECEIVED /cmd_vel: linear.x=0.0, angular.z=0.0
[decoded_serial_node-3] [INFO] [1791537600.209212278] [bw_dr03_decoded_serial_node]: RECEIVED /cmd_vel: linear.x=0.0, angular.z=0.0
[target_tracker-7] [INFO] [1791537600.222613507] [target_tracker_node]: muc tieu: no_target_yet
[decoded_serial_node-3] [INFO] [1791537600.275173584] [bw_dr03_decoded_serial_node]: RECEIVED /cmd_vel: linear.x=0.0, angular.z=0.0
[decoded_serial_node-3] [INFO] [1791537600.341720236] [bw_dr03_decoded_serial_node]: RECEIVED /cmd_vel: linear.x=0.0, angular.z=0.0
[follow_planner-8] [INFO] [1791537600.342292522] [follow_planner_node]: [IDLE] disabled | d=- goc=- | v=0.000 w=0.000 | thoang=-
[decoded_serial_node-3] [INFO] [1791537600.409181121] [bw_dr03_decoded_serial_node]: RECEIVED /cmd_vel: linear.x=0.0, angular.z=0.0
[decoded_serial_node-3] [INFO] [1791537600.475707589] [bw_dr03_decoded_serial_node]: RECEIVED /cmd_vel: linear.x=0.0, angular.z=0.0
[decoded_serial_node-3] [INFO] [1791537600.541810185] [bw_dr03_decoded_serial_node]: RECEIVED /cmd_vel: linear.x=0.0, angular.z=0.0
[decoded_serial_node-3] [INFO] [1791537600.609214079] [bw_dr03_decoded_serial_node]: RECEIVED /cmd_vel: linear.x=0.0, angular.z=0.0
[decoded_serial_node-3] [INFO] [1791537600.675525643] [bw_dr03_decoded_serial_node]: RECEIVED /cmd_vel: linear.x=0.0, angular.z=0.0
[decoded_serial_node-3] [INFO] [1791537600.741669795] [bw_dr03_decoded_serial_node]: RECEIVED /cmd_vel: linear.x=0.0, angular.z=0.0
[decoded_serial_node-3] [INFO] [1791537600.808786359] [bw_dr03_decoded_serial_node]: RECEIVED /cmd_vel: linear.x=0.0, angular.z=0.0
[decoded_serial_node-3] [INFO] [1791537600.875157288] [bw_dr03_decoded_serial_node]: RECEIVED /cmd_vel: linear.x=0.0, angular.z=0.0
[decoded_serial_node-3] [INFO] [1791537600.941784678] [bw_dr03_decoded_serial_node]: RECEIVED /cmd_vel: linear.x=0.0, angular.z=0.0
[decoded_serial_node-3] [INFO] [1791537601.009567325] [bw_dr03_decoded_serial_node]: RECEIVED /cmd_vel: linear.x=0.0, angular.z=0.0
[decoded_serial_node-3] [INFO] [1791537601.075422959] [bw_dr03_decoded_serial_node]: RECEIVED /cmd_vel: linear.x=0.0, angular.z=0.0
[decoded_serial_node-3] [INFO] [1791537601.142110902] [bw_dr03_decoded_serial_node]: RECEIVED /cmd_vel: linear.x=0.0, angular.z=0.0
[decoded_serial_node-3] [INFO] [1791537601.208807155] [bw_dr03_decoded_serial_node]: RECEIVED /cmd_vel: linear.x=0.0, angular.z=0.0
[target_tracker-7] [INFO] [1791537601.272786831] [target_tracker_node]: muc tieu: no_target_yet
[decoded_serial_node-3] [INFO] [1791537601.274631919] [bw_dr03_decoded_serial_node]: RECEIVED /cmd_vel: linear.x=0.0, angular.z=0.0
[decoded_serial_node-3] [INFO] [1791537601.341661808] [bw_dr03_decoded_serial_node]: RECEIVED /cmd_vel: linear.x=0.0, angular.z=0.0
[follow_planner-8] [INFO] [1791537601.408723754] [follow_planner_node]: [IDLE] disabled | d=- goc=- | v=0.000 w=0.000 | thoang=-
[decoded_serial_node-3] [INFO] [1791537601.408834175] [bw_dr03_decoded_serial_node]: RECEIVED /cmd_vel: linear.x=0.0, angular.z=0.0
[decoded_serial_node-3] [INFO] [1791537601.474853658] [bw_dr03_decoded_serial_node]: RECEIVED /cmd_vel: linear.x=0.0, angular.z=0.0
[decoded_serial_node-3] [INFO] [1791537601.541729196] [bw_dr03_decoded_serial_node]: RECEIVED /cmd_vel: linear.x=0.0, angular.z=0.0
[decoded_serial_node-3] [INFO] [1791537601.608779269] [bw_dr03_decoded_serial_node]: RECEIVED /cmd_vel: linear.x=0.0, angular.z=0.0
[decoded_serial_node-3] [INFO] [1791537601.675405471] [bw_dr03_decoded_serial_node]: RECEIVED /cmd_vel: linear.x=0.0, angular.z=0.0
[decoded_serial_node-3] [INFO] [1791537601.741660043] [bw_dr03_decoded_serial_node]: RECEIVED /cmd_vel: linear.x=0.0, angular.z=0.0
[decoded_serial_node-3] [INFO] [1791537601.808811038] [bw_dr03_decoded_serial_node]: RECEIVED /cmd_vel: linear.x=0.0, angular.z=0.0
[decoded_serial_node-3] [INFO] [1791537601.875443177] [bw_dr03_decoded_serial_node]: RECEIVED /cmd_vel: linear.x=0.0, angular.z=0.0
[decoded_serial_node-3] [INFO] [1791537601.941942336] [bw_dr03_decoded_serial_node]: RECEIVED /cmd_vel: linear.x=0.0, angular.z=0.0
[decoded_serial_node-3] [INFO] [1791537602.008640963] [bw_dr03_decoded_serial_node]: RECEIVED /cmd_vel: linear.x=0.0, angular.z=0.0
[decoded_serial_node-3] [INFO] [1791537602.075959369] [bw_dr03_decoded_serial_node]: RECEIVED /cmd_vel: linear.x=0.0, angular.z=0.0
[decoded_serial_node-3] [INFO] [1791537602.141684398] [bw_dr03_decoded_serial_node]: RECEIVED /cmd_vel: linear.x=0.0, angular.z=0.0
[decoded_serial_node-3] [INFO] [1791537602.208086197] [bw_dr03_decoded_serial_node]: RECEIVED /cmd_vel: linear.x=0.0, angular.z=0.0
[decoded_serial_node-3] [INFO] [1791537602.275682435] [bw_dr03_decoded_serial_node]: RECEIVED /cmd_vel: linear.x=0.0, angular.z=0.0
[target_tracker-7] [INFO] [1791537602.322708434] [target_tracker_node]: muc tieu: no_target_yet
[decoded_serial_node-3] [INFO] [1791537602.341705479] [bw_dr03_decoded_serial_node]: RECEIVED /cmd_vel: linear.x=0.0, angular.z=0.0
[follow_planner-8] [INFO] [1791537602.409053568] [follow_planner_node]: [IDLE] disabled | d=- goc=- | v=0.000 w=0.000 | thoang=-
[decoded_serial_node-3] [INFO] [1791537602.409526120] [bw_dr03_decoded_serial_node]: RECEIVED /cmd_vel: linear.x=0.0, angular.z=0.0
[python3-4] [INFO] [1791537602.426915540] [identity_lock_node]: camera: nhan 24.2 fps (phoi sang 30 ms, do sang 93), xu ly 14.6 Hz, TB 20 ms/khung, tre tu luc chup 40.1 ms, 1 nguoi, status ENROLLING
[decoded_serial_node-3] [INFO] [1791537602.474929386] [bw_dr03_decoded_serial_node]: RECEIVED /cmd_vel: linear.x=0.0, angular.z=0.0
[decoded_serial_node-3] [INFO] [1791537602.541999643] [bw_dr03_decoded_serial_node]: RECEIVED /cmd_vel: linear.x=0.0, angular.z=0.0
[decoded_serial_node-3] [INFO] [1791537602.608964229] [bw_dr03_decoded_serial_node]: RECEIVED /cmd_vel: linear.x=0.0, angular.z=0.0
[decoded_serial_node-3] [INFO] [1791537602.675694914] [bw_dr03_decoded_serial_node]: RECEIVED /cmd_vel: linear.x=0.0, angular.z=0.0
[decoded_serial_node-3] [INFO] [1791537602.741712022] [bw_dr03_decoded_serial_node]: RECEIVED /cmd_vel: linear.x=0.0, angular.z=0.0
[decoded_serial_node-3] [INFO] [1791537602.809073172] [bw_dr03_decoded_serial_node]: RECEIVED /cmd_vel: linear.x=0.0, angular.z=0.0
[decoded_serial_node-3] [INFO] [1791537602.875402544] [bw_dr03_decoded_serial_node]: RECEIVED /cmd_vel: linear.x=0.0, angular.z=0.0
[decoded_serial_node-3] [INFO] [1791537602.941872020] [bw_dr03_decoded_serial_node]: RECEIVED /cmd_vel: linear.x=0.0, angular.z=0.0
[decoded_serial_node-3] [INFO] [1791537603.008696502] [bw_dr03_decoded_serial_node]: RECEIVED /cmd_vel: linear.x=0.0, angular.z=0.0
[decoded_serial_node-3] [INFO] [1791537603.075184974] [bw_dr03_decoded_serial_node]: RECEIVED /cmd_vel: linear.x=0.0, angular.z=0.0
[decoded_serial_node-3] [INFO] [1791537603.142193490] [bw_dr03_decoded_serial_node]: RECEIVED /cmd_vel: linear.x=0.0, angular.z=0.0
[decoded_serial_node-3] [INFO] [1791537603.208463496] [bw_dr03_decoded_serial_node]: RECEIVED /cmd_vel: linear.x=0.0, angular.z=0.0
[decoded_serial_node-3] [INFO] [1791537603.275360405] [bw_dr03_decoded_serial_node]: RECEIVED /cmd_vel: linear.x=0.0, angular.z=0.0
[target_tracker-7] [INFO] [1791537603.323080983] [target_tracker_node]: muc tieu: no_target_yet
[decoded_serial_node-3] [INFO] [1791537603.341708773] [bw_dr03_decoded_serial_node]: RECEIVED /cmd_vel: linear.x=0.0, angular.z=0.0
[follow_planner-8] [INFO] [1791537603.409196965] [follow_planner_node]: [IDLE] disabled | d=- goc=- | v=0.000 w=0.000 | thoang=-
[decoded_serial_node-3] [INFO] [1791537603.409676640] [bw_dr03_decoded_serial_node]: RECEIVED /cmd_vel: linear.x=0.0, angular.z=0.0
[decoded_serial_node-3] [INFO] [1791537603.475390983] [bw_dr03_decoded_serial_node]: RECEIVED /cmd_vel: linear.x=0.0, angular.z=0.0
[decoded_serial_node-3] [INFO] [1791537603.542087235] [bw_dr03_decoded_serial_node]: RECEIVED /cmd_vel: linear.x=0.0, angular.z=0.0
[decoded_serial_node-3] [INFO] [1791537603.609100500] [bw_dr03_decoded_serial_node]: RECEIVED /cmd_vel: linear.x=0.0, angular.z=0.0
[decoded_serial_node-3] [INFO] [1791537603.675023810] [bw_dr03_decoded_serial_node]: RECEIVED /cmd_vel: linear.x=0.0, angular.z=0.0
[decoded_serial_node-3] [INFO] [1791537603.741685630] [bw_dr03_decoded_serial_node]: RECEIVED /cmd_vel: linear.x=0.0, angular.z=0.0
[decoded_serial_node-3] [INFO] [1791537603.807903394] [bw_dr03_decoded_serial_node]: RECEIVED /cmd_vel: linear.x=0.0, angular.z=0.0
[decoded_serial_node-3] [INFO] [1791537603.874924971] [bw_dr03_decoded_serial_node]: RECEIVED /cmd_vel: linear.x=0.0, angular.z=0.0
[decoded_serial_node-3] [INFO] [1791537603.942362107] [bw_dr03_decoded_serial_node]: RECEIVED /cmd_vel: linear.x=0.0, angular.z=0.0
[decoded_serial_node-3] [INFO] [1791537604.009076169] [bw_dr03_decoded_serial_node]: RECEIVED /cmd_vel: linear.x=0.0, angular.z=0.0
[decoded_serial_node-3] [INFO] [1791537604.075610946] [bw_dr03_decoded_serial_node]: RECEIVED /cmd_vel: linear.x=0.0, angular.z=0.0
[decoded_serial_node-3] [INFO] [1791537604.141690981] [bw_dr03_decoded_serial_node]: RECEIVED /cmd_vel: linear.x=0.0, angular.z=0.0
[decoded_serial_node-3] [INFO] [1791537604.209118619] [bw_dr03_decoded_serial_node]: RECEIVED /cmd_vel: linear.x=0.0, angular.z=0.0
[decoded_serial_node-3] [INFO] [1791537604.275258019] [bw_dr03_decoded_serial_node]: RECEIVED /cmd_vel: linear.x=0.0, angular.z=0.0
[decoded_serial_node-3] [INFO] [1791537604.341577892] [bw_dr03_decoded_serial_node]: RECEIVED /cmd_vel: linear.x=0.0, angular.z=0.0
[target_tracker-7] [INFO] [1791537604.373015627] [target_tracker_node]: muc tieu: no_target_yet
[decoded_serial_node-3] [INFO] [1791537604.408694453] [bw_dr03_decoded_serial_node]: RECEIVED /cmd_vel: linear.x=0.0, angular.z=0.0
[follow_planner-8] [INFO] [1791537604.474699687] [follow_planner_node]: [IDLE] disabled | d=- goc=- | v=0.000 w=0.000 | thoang=-
[decoded_serial_node-3] [INFO] [1791537604.475299281] [bw_dr03_decoded_serial_node]: RECEIVED /cmd_vel: linear.x=0.0, angular.z=0.0
[decoded_serial_node-3] [INFO] [1791537604.541727199] [bw_dr03_decoded_serial_node]: RECEIVED /cmd_vel: linear.x=0.0, angular.z=0.0
[decoded_serial_node-3] [INFO] [1791537604.609148901] [bw_dr03_decoded_serial_node]: RECEIVED /cmd_vel: linear.x=0.0, angular.z=0.0
[decoded_serial_node-3] [INFO] [1791537604.675157697] [bw_dr03_decoded_serial_node]: RECEIVED /cmd_vel: linear.x=0.0, angular.z=0.0
[decoded_serial_node-3] [INFO] [1791537604.741845637] [bw_dr03_decoded_serial_node]: RECEIVED /cmd_vel: linear.x=0.0, angular.z=0.0
[decoded_serial_node-3] [INFO] [1791537604.808152449] [bw_dr03_decoded_serial_node]: RECEIVED /cmd_vel: linear.x=0.0, angular.z=0.0
[decoded_serial_node-3] [INFO] [1791537604.875441171] [bw_dr03_decoded_serial_node]: RECEIVED /cmd_vel: linear.x=0.0, angular.z=0.0
[decoded_serial_node-3] [INFO] [1791537604.942129111] [bw_dr03_decoded_serial_node]: RECEIVED /cmd_vel: linear.x=0.0, angular.z=0.0
[decoded_serial_node-3] [INFO] [1791537605.009075886] [bw_dr03_decoded_serial_node]: RECEIVED /cmd_vel: linear.x=0.0, angular.z=0.0
[decoded_serial_node-3] [INFO] [1791537605.075938361] [bw_dr03_decoded_serial_node]: RECEIVED /cmd_vel: linear.x=0.0, angular.z=0.0
[decoded_serial_node-3] [INFO] [1791537605.142113381] [bw_dr03_decoded_serial_node]: RECEIVED /cmd_vel: linear.x=0.0, angular.z=0.0
[decoded_serial_node-3] [INFO] [1791537605.209598009] [bw_dr03_decoded_serial_node]: RECEIVED /cmd_vel: linear.x=0.0, angular.z=0.0
[decoded_serial_node-3] [INFO] [1791537605.275365780] [bw_dr03_decoded_serial_node]: RECEIVED /cmd_vel: linear.x=0.0, angular.z=0.0
[decoded_serial_node-3] [INFO] [1791537605.342021662] [bw_dr03_decoded_serial_node]: RECEIVED /cmd_vel: linear.x=0.0, angular.z=0.0
[decoded_serial_node-3] [INFO] [1791537605.408727411] [bw_dr03_decoded_serial_node]: RECEIVED /cmd_vel: linear.x=0.0, angular.z=0.0
[target_tracker-7] [INFO] [1791537605.422353042] [target_tracker_node]: muc tieu: no_target_yet
[follow_planner-8] [INFO] [1791537605.474689901] [follow_planner_node]: [IDLE] disabled | d=- goc=- | v=0.000 w=0.000 | thoang=-
[decoded_serial_node-3] [INFO] [1791537605.475063906] [bw_dr03_decoded_serial_node]: RECEIVED /cmd_vel: linear.x=0.0, angular.z=0.0
[decoded_serial_node-3] [INFO] [1791537605.541850393] [bw_dr03_decoded_serial_node]: RECEIVED /cmd_vel: linear.x=0.0, angular.z=0.0
[decoded_serial_node-3] [INFO] [1791537605.608500338] [bw_dr03_decoded_serial_node]: RECEIVED /cmd_vel: linear.x=0.0, angular.z=0.0
[decoded_serial_node-3] [INFO] [1791537605.675545660] [bw_dr03_decoded_serial_node]: RECEIVED /cmd_vel: linear.x=0.0, angular.z=0.0
[decoded_serial_node-3] [INFO] [1791537605.741528334] [bw_dr03_decoded_serial_node]: RECEIVED /cmd_vel: linear.x=0.0, angular.z=0.0
[decoded_serial_node-3] [INFO] [1791537605.808698324] [bw_dr03_decoded_serial_node]: RECEIVED /cmd_vel: linear.x=0.0, angular.z=0.0
[decoded_serial_node-3] [INFO] [1791537605.875196293] [bw_dr03_decoded_serial_node]: RECEIVED /cmd_vel: linear.x=0.0, angular.z=0.0
[decoded_serial_node-3] [INFO] [1791537605.941802308] [bw_dr03_decoded_serial_node]: RECEIVED /cmd_vel: linear.x=0.0, angular.z=0.0
[decoded_serial_node-3] [INFO] [1791537606.008350145] [bw_dr03_decoded_serial_node]: RECEIVED /cmd_vel: linear.x=0.0, angular.z=0.0
[decoded_serial_node-3] [INFO] [1791537606.075251801] [bw_dr03_decoded_serial_node]: RECEIVED /cmd_vel: linear.x=0.0, angular.z=0.0
[decoded_serial_node-3] [INFO] [1791537606.141728398] [bw_dr03_decoded_serial_node]: RECEIVED /cmd_vel: linear.x=0.0, angular.z=0.0
[decoded_serial_node-3] [INFO] [1791537606.209075297] [bw_dr03_decoded_serial_node]: RECEIVED /cmd_vel: linear.x=0.0, angular.z=0.0
[decoded_serial_node-3] [INFO] [1791537606.275403479] [bw_dr03_decoded_serial_node]: RECEIVED /cmd_vel: linear.x=0.0, angular.z=0.0
[decoded_serial_node-3] [INFO] [1791537606.342869110] [bw_dr03_decoded_serial_node]: RECEIVED /cmd_vel: linear.x=0.0, angular.z=0.0
[decoded_serial_node-3] [INFO] [1791537606.408432662] [bw_dr03_decoded_serial_node]: RECEIVED /cmd_vel: linear.x=0.0, angular.z=0.0
[target_tracker-7] [INFO] [1791537606.423058012] [target_tracker_node]: muc tieu: no_target_yet
[follow_planner-8] [INFO] [1791537606.474822585] [follow_planner_node]: [IDLE] disabled | d=- goc=- | v=0.000 w=0.000 | thoang=-
[decoded_serial_node-3] [INFO] [1791537606.475029177] [bw_dr03_decoded_serial_node]: RECEIVED /cmd_vel: linear.x=0.0, angular.z=0.0
[decoded_serial_node-3] [INFO] [1791537606.541823975] [bw_dr03_decoded_serial_node]: RECEIVED /cmd_vel: linear.x=0.0, angular.z=0.0
[decoded_serial_node-3] [INFO] [1791537606.609052142] [bw_dr03_decoded_serial_node]: RECEIVED /cmd_vel: linear.x=0.0, angular.z=0.0
[decoded_serial_node-3] [INFO] [1791537606.676052346] [bw_dr03_decoded_serial_node]: RECEIVED /cmd_vel: linear.x=0.0, angular.z=0.0
[decoded_serial_node-3] [INFO] [1791537606.742006524] [bw_dr03_decoded_serial_node]: RECEIVED /cmd_vel: linear.x=0.0, angular.z=0.0
[decoded_serial_node-3] [INFO] [1791537606.808968733] [bw_dr03_decoded_serial_node]: RECEIVED /cmd_vel: linear.x=0.0, angular.z=0.0
[decoded_serial_node-3] [INFO] [1791537606.875812210] [bw_dr03_decoded_serial_node]: RECEIVED /cmd_vel: linear.x=0.0, angular.z=0.0
[decoded_serial_node-3] [INFO] [1791537606.941568107] [bw_dr03_decoded_serial_node]: RECEIVED /cmd_vel: linear.x=0.0, angular.z=0.0
[decoded_serial_node-3] [INFO] [1791537607.009234394] [bw_dr03_decoded_serial_node]: RECEIVED /cmd_vel: linear.x=0.0, angular.z=0.0
[decoded_serial_node-3] [INFO] [1791537607.075475902] [bw_dr03_decoded_serial_node]: RECEIVED /cmd_vel: linear.x=0.0, angular.z=0.0
[decoded_serial_node-3] [INFO] [1791537607.141668730] [bw_dr03_decoded_serial_node]: RECEIVED /cmd_vel: linear.x=0.0, angular.z=0.0
[decoded_serial_node-3] [INFO] [1791537607.209079743] [bw_dr03_decoded_serial_node]: RECEIVED /cmd_vel: linear.x=0.0, angular.z=0.0
[decoded_serial_node-3] [INFO] [1791537607.275264260] [bw_dr03_decoded_serial_node]: RECEIVED /cmd_vel: linear.x=0.0, angular.z=0.0
[decoded_serial_node-3] [INFO] [1791537607.341719485] [bw_dr03_decoded_serial_node]: RECEIVED /cmd_vel: linear.x=0.0, angular.z=0.0
[decoded_serial_node-3] [INFO] [1791537607.408755307] [bw_dr03_decoded_serial_node]: RECEIVED /cmd_vel: linear.x=0.0, angular.z=0.0
[target_tracker-7] [INFO] [1791537607.473094736] [target_tracker_node]: muc tieu: no_target_yet
[decoded_serial_node-3] [INFO] [1791537607.475284145] [bw_dr03_decoded_serial_node]: RECEIVED /cmd_vel: linear.x=0.0, angular.z=0.0
[decoded_serial_node-3] [INFO] [1791537607.541663382] [bw_dr03_decoded_serial_node]: RECEIVED /cmd_vel: linear.x=0.0, angular.z=0.0
[follow_planner-8] [INFO] [1791537607.541830793] [follow_planner_node]: [IDLE] disabled | d=- goc=- | v=0.000 w=0.000 | thoang=-
[decoded_serial_node-3] [INFO] [1791537607.608687330] [bw_dr03_decoded_serial_node]: RECEIVED /cmd_vel: linear.x=0.0, angular.z=0.0
[decoded_serial_node-3] [INFO] [1791537607.675317091] [bw_dr03_decoded_serial_node]: RECEIVED /cmd_vel: linear.x=0.0, angular.z=0.0
[decoded_serial_node-3] [INFO] [1791537607.741657146] [bw_dr03_decoded_serial_node]: RECEIVED /cmd_vel: linear.x=0.0, angular.z=0.0
[decoded_serial_node-3] [INFO] [1791537607.808637164] [bw_dr03_decoded_serial_node]: RECEIVED /cmd_vel: linear.x=0.0, angular.z=0.0
[decoded_serial_node-3] [INFO] [1791537607.875003340] [bw_dr03_decoded_serial_node]: RECEIVED /cmd_vel: linear.x=0.0, angular.z=0.0
[decoded_serial_node-3] [INFO] [1791537607.941762517] [bw_dr03_decoded_serial_node]: RECEIVED /cmd_vel: linear.x=0.0, angular.z=0.0
[decoded_serial_node-3] [INFO] [1791537608.009471547] [bw_dr03_decoded_serial_node]: RECEIVED /cmd_vel: linear.x=0.0, angular.z=0.0
[decoded_serial_node-3] [INFO] [1791537608.074993541] [bw_dr03_decoded_serial_node]: RECEIVED /cmd_vel: linear.x=0.0, angular.z=0.0
[decoded_serial_node-3] [INFO] [1791537608.142101789] [bw_dr03_decoded_serial_node]: RECEIVED /cmd_vel: linear.x=0.0, angular.z=0.0
[decoded_serial_node-3] [INFO] [1791537608.208868090] [bw_dr03_decoded_serial_node]: RECEIVED /cmd_vel: linear.x=0.0, angular.z=0.0
[decoded_serial_node-3] [INFO] [1791537608.275183211] [bw_dr03_decoded_serial_node]: RECEIVED /cmd_vel: linear.x=0.0, angular.z=0.0
[decoded_serial_node-3] [INFO] [1791537608.342019563] [bw_dr03_decoded_serial_node]: RECEIVED /cmd_vel: linear.x=0.0, angular.z=0.0
[decoded_serial_node-3] [INFO] [1791537608.408749057] [bw_dr03_decoded_serial_node]: RECEIVED /cmd_vel: linear.x=0.0, angular.z=0.0
[target_tracker-7] [INFO] [1791537608.473164473] [target_tracker_node]: muc tieu: no_target_yet
[decoded_serial_node-3] [INFO] [1791537608.475192408] [bw_dr03_decoded_serial_node]: RECEIVED /cmd_vel: linear.x=0.0, angular.z=0.0
[decoded_serial_node-3] [INFO] [1791537608.541760427] [bw_dr03_decoded_serial_node]: RECEIVED /cmd_vel: linear.x=0.0, angular.z=0.0
[follow_planner-8] [INFO] [1791537608.541822167] [follow_planner_node]: [IDLE] disabled | d=- goc=- | v=0.000 w=0.000 | thoang=-
[decoded_serial_node-3] [INFO] [1791537608.609544257] [bw_dr03_decoded_serial_node]: RECEIVED /cmd_vel: linear.x=0.0, angular.z=0.0
[decoded_serial_node-3] [INFO] [1791537608.675764393] [bw_dr03_decoded_serial_node]: RECEIVED /cmd_vel: linear.x=0.0, angular.z=0.0
[decoded_serial_node-3] [INFO] [1791537608.741859860] [bw_dr03_decoded_serial_node]: RECEIVED /cmd_vel: linear.x=0.0, angular.z=0.0
[decoded_serial_node-3] [INFO] [1791537608.809256625] [bw_dr03_decoded_serial_node]: RECEIVED /cmd_vel: linear.x=0.0, angular.z=0.0
[decoded_serial_node-3] [INFO] [1791537608.876081105] [bw_dr03_decoded_serial_node]: RECEIVED /cmd_vel: linear.x=0.0, angular.z=0.0
[decoded_serial_node-3] [INFO] [1791537608.942824846] [bw_dr03_decoded_serial_node]: RECEIVED /cmd_vel: linear.x=0.0, angular.z=0.0
[decoded_serial_node-3] [INFO] [1791537609.008465572] [bw_dr03_decoded_serial_node]: RECEIVED /cmd_vel: linear.x=0.0, angular.z=0.0
[decoded_serial_node-3] [INFO] [1791537609.075309048] [bw_dr03_decoded_serial_node]: RECEIVED /cmd_vel: linear.x=0.0, angular.z=0.0
[decoded_serial_node-3] [INFO] [1791537609.141820075] [bw_dr03_decoded_serial_node]: RECEIVED /cmd_vel: linear.x=0.0, angular.z=0.0
[decoded_serial_node-3] [INFO] [1791537609.208398780] [bw_dr03_decoded_serial_node]: RECEIVED /cmd_vel: linear.x=0.0, angular.z=0.0
[decoded_serial_node-3] [INFO] [1791537609.275638819] [bw_dr03_decoded_serial_node]: RECEIVED /cmd_vel: linear.x=0.0, angular.z=0.0
[decoded_serial_node-3] [INFO] [1791537609.342010930] [bw_dr03_decoded_serial_node]: RECEIVED /cmd_vel: linear.x=0.0, angular.z=0.0
[decoded_serial_node-3] [INFO] [1791537609.407974605] [bw_dr03_decoded_serial_node]: RECEIVED /cmd_vel: linear.x=0.0, angular.z=0.0
[decoded_serial_node-3] [INFO] [1791537609.474903567] [bw_dr03_decoded_serial_node]: RECEIVED /cmd_vel: linear.x=0.0, angular.z=0.0
[target_tracker-7] [INFO] [1791537609.522903162] [target_tracker_node]: muc tieu: no_target_yet
[decoded_serial_node-3] [INFO] [1791537609.541640185] [bw_dr03_decoded_serial_node]: RECEIVED /cmd_vel: linear.x=0.0, angular.z=0.0
[decoded_serial_node-3] [INFO] [1791537609.608448041] [bw_dr03_decoded_serial_node]: RECEIVED /cmd_vel: linear.x=0.0, angular.z=0.0
[follow_planner-8] [INFO] [1791537609.608722311] [follow_planner_node]: [IDLE] disabled | d=- goc=- | v=0.000 w=0.000 | thoang=-
[decoded_serial_node-3] [INFO] [1791537609.675024371] [bw_dr03_decoded_serial_node]: RECEIVED /cmd_vel: linear.x=0.0, angular.z=0.0
[decoded_serial_node-3] [INFO] [1791537609.741896342] [bw_dr03_decoded_serial_node]: RECEIVED /cmd_vel: linear.x=0.0, angular.z=0.0
[decoded_serial_node-3] [INFO] [1791537609.809012900] [bw_dr03_decoded_serial_node]: RECEIVED /cmd_vel: linear.x=0.0, angular.z=0.0
[decoded_serial_node-3] [INFO] [1791537609.875691339] [bw_dr03_decoded_serial_node]: RECEIVED /cmd_vel: linear.x=0.0, angular.z=0.0
[decoded_serial_node-3] [INFO] [1791537609.941532720] [bw_dr03_decoded_serial_node]: RECEIVED /cmd_vel: linear.x=0.0, angular.z=0.0
[follow_planner-8] [INFO] [1791537609.973367018] [follow_planner_node]: self-filter: bo 16/214 tia dap vao than xe
[decoded_serial_node-3] [INFO] [1791537610.009238187] [bw_dr03_decoded_serial_node]: RECEIVED /cmd_vel: linear.x=0.0, angular.z=0.0
[decoded_serial_node-3] [INFO] [1791537610.074751869] [bw_dr03_decoded_serial_node]: RECEIVED /cmd_vel: linear.x=0.0, angular.z=0.0
[decoded_serial_node-3] [INFO] [1791537610.141663021] [bw_dr03_decoded_serial_node]: RECEIVED /cmd_vel: linear.x=0.0, angular.z=0.0
[decoded_serial_node-3] [INFO] [1791537610.208918494] [bw_dr03_decoded_serial_node]: RECEIVED /cmd_vel: linear.x=0.0, angular.z=0.0
[decoded_serial_node-3] [INFO] [1791537610.275440207] [bw_dr03_decoded_serial_node]: RECEIVED /cmd_vel: linear.x=0.0, angular.z=0.0
[decoded_serial_node-3] [INFO] [1791537610.341789759] [bw_dr03_decoded_serial_node]: RECEIVED /cmd_vel: linear.x=0.0, angular.z=0.0
[decoded_serial_node-3] [INFO] [1791537610.408039576] [bw_dr03_decoded_serial_node]: RECEIVED /cmd_vel: linear.x=0.0, angular.z=0.0
[decoded_serial_node-3] [INFO] [1791537610.475600190] [bw_dr03_decoded_serial_node]: RECEIVED /cmd_vel: linear.x=0.0, angular.z=0.0
[target_tracker-7] [INFO] [1791537610.523698331] [target_tracker_node]: muc tieu: no_target_yet
[decoded_serial_node-3] [INFO] [1791537610.541633916] [bw_dr03_decoded_serial_node]: RECEIVED /cmd_vel: linear.x=0.0, angular.z=0.0
[follow_planner-8] [INFO] [1791537610.608850208] [follow_planner_node]: [IDLE] disabled | d=- goc=- | v=0.000 w=0.000 | thoang=-
[decoded_serial_node-3] [INFO] [1791537610.609303762] [bw_dr03_decoded_serial_node]: RECEIVED /cmd_vel: linear.x=0.0, angular.z=0.0
[decoded_serial_node-3] [INFO] [1791537610.675616507] [bw_dr03_decoded_serial_node]: RECEIVED /cmd_vel: linear.x=0.0, angular.z=0.0
[decoded_serial_node-3] [INFO] [1791537610.741656170] [bw_dr03_decoded_serial_node]: RECEIVED /cmd_vel: linear.x=0.0, angular.z=0.0
[decoded_serial_node-3] [INFO] [1791537610.809092115] [bw_dr03_decoded_serial_node]: RECEIVED /cmd_vel: linear.x=0.0, angular.z=0.0
[decoded_serial_node-3] [INFO] [1791537610.875863164] [bw_dr03_decoded_serial_node]: RECEIVED /cmd_vel: linear.x=0.0, angular.z=0.0
[decoded_serial_node-3] [INFO] [1791537610.941512200] [bw_dr03_decoded_serial_node]: RECEIVED /cmd_vel: linear.x=0.0, angular.z=0.0
[decoded_serial_node-3] [INFO] [1791537611.008608573] [bw_dr03_decoded_serial_node]: RECEIVED /cmd_vel: linear.x=0.0, angular.z=0.0
[decoded_serial_node-3] [INFO] [1791537611.075766686] [bw_dr03_decoded_serial_node]: RECEIVED /cmd_vel: linear.x=0.0, angular.z=0.0
[decoded_serial_node-3] [INFO] [1791537611.141708988] [bw_dr03_decoded_serial_node]: RECEIVED /cmd_vel: linear.x=0.0, angular.z=0.0
[decoded_serial_node-3] [INFO] [1791537611.208817234] [bw_dr03_decoded_serial_node]: RECEIVED /cmd_vel: linear.x=0.0, angular.z=0.0
[decoded_serial_node-3] [INFO] [1791537611.275010060] [bw_dr03_decoded_serial_node]: RECEIVED /cmd_vel: linear.x=0.0, angular.z=0.0
[decoded_serial_node-3] [INFO] [1791537611.341656440] [bw_dr03_decoded_serial_node]: RECEIVED /cmd_vel: linear.x=0.0, angular.z=0.0
[decoded_serial_node-3] [INFO] [1791537611.409208742] [bw_dr03_decoded_serial_node]: RECEIVED /cmd_vel: linear.x=0.0, angular.z=0.0
[decoded_serial_node-3] [INFO] [1791537611.475363573] [bw_dr03_decoded_serial_node]: RECEIVED /cmd_vel: linear.x=0.0, angular.z=0.0
[decoded_serial_node-3] [INFO] [1791537611.541917343] [bw_dr03_decoded_serial_node]: RECEIVED /cmd_vel: linear.x=0.0, angular.z=0.0
[target_tracker-7] [INFO] [1791537611.572732923] [target_tracker_node]: muc tieu: no_target_yet
[follow_planner-8] [INFO] [1791537611.608867676] [follow_planner_node]: [IDLE] disabled | d=- goc=- | v=0.000 w=0.000 | thoang=-
[decoded_serial_node-3] [INFO] [1791537611.609451835] [bw_dr03_decoded_serial_node]: RECEIVED /cmd_vel: linear.x=0.0, angular.z=0.0
[decoded_serial_node-3] [INFO] [1791537611.675392950] [bw_dr03_decoded_serial_node]: RECEIVED /cmd_vel: linear.x=0.0, angular.z=0.0
[decoded_serial_node-3] [INFO] [1791537611.742182995] [bw_dr03_decoded_serial_node]: RECEIVED /cmd_vel: linear.x=0.0, angular.z=0.0
[decoded_serial_node-3] [INFO] [1791537611.809330422] [bw_dr03_decoded_serial_node]: RECEIVED /cmd_vel: linear.x=0.0, angular.z=0.0
[decoded_serial_node-3] [INFO] [1791537611.875340401] [bw_dr03_decoded_serial_node]: RECEIVED /cmd_vel: linear.x=0.0, angular.z=0.0
[decoded_serial_node-3] [INFO] [1791537611.942016464] [bw_dr03_decoded_serial_node]: RECEIVED /cmd_vel: linear.x=0.0, angular.z=0.0
[decoded_serial_node-3] [INFO] [1791537612.008675905] [bw_dr03_decoded_serial_node]: RECEIVED /cmd_vel: linear.x=0.0, angular.z=0.0
[decoded_serial_node-3] [INFO] [1791537612.075932564] [bw_dr03_decoded_serial_node]: RECEIVED /cmd_vel: linear.x=0.0, angular.z=0.0
[decoded_serial_node-3] [INFO] [1791537612.141472366] [bw_dr03_decoded_serial_node]: RECEIVED /cmd_vel: linear.x=0.0, angular.z=0.0
[decoded_serial_node-3] [INFO] [1791537612.209230073] [bw_dr03_decoded_serial_node]: RECEIVED /cmd_vel: linear.x=0.0, angular.z=0.0
[decoded_serial_node-3] [INFO] [1791537612.275254299] [bw_dr03_decoded_serial_node]: RECEIVED /cmd_vel: linear.x=0.0, angular.z=0.0
[decoded_serial_node-3] [INFO] [1791537612.341633533] [bw_dr03_decoded_serial_node]: RECEIVED /cmd_vel: linear.x=0.0, angular.z=0.0
[decoded_serial_node-3] [INFO] [1791537612.409080163] [bw_dr03_decoded_serial_node]: RECEIVED /cmd_vel: linear.x=0.0, angular.z=0.0
[python3-4] [INFO] [1791537612.427700828] [identity_lock_node]: camera: nhan 24.1 fps (phoi sang 30 ms, do sang 88), xu ly 14.7 Hz, TB 20 ms/khung, tre tu luc chup 41.9 ms, 1 nguoi, status ENROLLING
[decoded_serial_node-3] [INFO] [1791537612.475033150] [bw_dr03_decoded_serial_node]: RECEIVED /cmd_vel: linear.x=0.0, angular.z=0.0
[decoded_serial_node-3] [INFO] [1791537612.541539427] [bw_dr03_decoded_serial_node]: RECEIVED /cmd_vel: linear.x=0.0, angular.z=0.0
[decoded_serial_node-3] [INFO] [1791537612.608771153] [bw_dr03_decoded_serial_node]: RECEIVED /cmd_vel: linear.x=0.0, angular.z=0.0
[target_tracker-7] [INFO] [1791537612.622221060] [target_tracker_node]: muc tieu: no_target_yet
[follow_planner-8] [INFO] [1791537612.674668336] [follow_planner_node]: [IDLE] disabled | d=- goc=- | v=0.000 w=0.000 | thoang=-
[decoded_serial_node-3] [INFO] [1791537612.675233498] [bw_dr03_decoded_serial_node]: RECEIVED /cmd_vel: linear.x=0.0, angular.z=0.0
[decoded_serial_node-3] [INFO] [1791537612.742040165] [bw_dr03_decoded_serial_node]: RECEIVED /cmd_vel: linear.x=0.0, angular.z=0.0
[decoded_serial_node-3] [INFO] [1791537612.809116353] [bw_dr03_decoded_serial_node]: RECEIVED /cmd_vel: linear.x=0.0, angular.z=0.0
[decoded_serial_node-3] [INFO] [1791537612.875259311] [bw_dr03_decoded_serial_node]: RECEIVED /cmd_vel: linear.x=0.0, angular.z=0.0
[decoded_serial_node-3] [INFO] [1791537612.942062416] [bw_dr03_decoded_serial_node]: RECEIVED /cmd_vel: linear.x=0.0, angular.z=0.0
[decoded_serial_node-3] [INFO] [1791537613.007980971] [bw_dr03_decoded_serial_node]: RECEIVED /cmd_vel: linear.x=0.0, angular.z=0.0
[decoded_serial_node-3] [INFO] [1791537613.075159267] [bw_dr03_decoded_serial_node]: RECEIVED /cmd_vel: linear.x=0.0, angular.z=0.0
[decoded_serial_node-3] [INFO] [1791537613.141748655] [bw_dr03_decoded_serial_node]: RECEIVED /cmd_vel: linear.x=0.0, angular.z=0.0
[decoded_serial_node-3] [INFO] [1791537613.208864024] [bw_dr03_decoded_serial_node]: RECEIVED /cmd_vel: linear.x=0.0, angular.z=0.0
[decoded_serial_node-3] [INFO] [1791537613.275619636] [bw_dr03_decoded_serial_node]: RECEIVED /cmd_vel: linear.x=0.0, angular.z=0.0
[decoded_serial_node-3] [INFO] [1791537613.341637925] [bw_dr03_decoded_serial_node]: RECEIVED /cmd_vel: linear.x=0.0, angular.z=0.0
[decoded_serial_node-3] [INFO] [1791537613.408886273] [bw_dr03_decoded_serial_node]: RECEIVED /cmd_vel: linear.x=0.0, angular.z=0.0
[decoded_serial_node-3] [INFO] [1791537613.475257194] [bw_dr03_decoded_serial_node]: RECEIVED /cmd_vel: linear.x=0.0, angular.z=0.0
[decoded_serial_node-3] [INFO] [1791537613.541867954] [bw_dr03_decoded_serial_node]: RECEIVED /cmd_vel: linear.x=0.0, angular.z=0.0
[decoded_serial_node-3] [INFO] [1791537613.609073558] [bw_dr03_decoded_serial_node]: RECEIVED /cmd_vel: linear.x=0.0, angular.z=0.0
[target_tracker-7] [INFO] [1791537613.672730278] [target_tracker_node]: muc tieu: no_target_yet
[follow_planner-8] [INFO] [1791537613.674647792] [follow_planner_node]: [IDLE] disabled | d=- goc=- | v=0.000 w=0.000 | thoang=-
[decoded_serial_node-3] [INFO] [1791537613.674974303] [bw_dr03_decoded_serial_node]: RECEIVED /cmd_vel: linear.x=0.0, angular.z=0.0
[decoded_serial_node-3] [INFO] [1791537613.741704982] [bw_dr03_decoded_serial_node]: RECEIVED /cmd_vel: linear.x=0.0, angular.z=0.0
[decoded_serial_node-3] [INFO] [1791537613.808102024] [bw_dr03_decoded_serial_node]: RECEIVED /cmd_vel: linear.x=0.0, angular.z=0.0
[decoded_serial_node-3] [INFO] [1791537613.875158027] [bw_dr03_decoded_serial_node]: RECEIVED /cmd_vel: linear.x=0.0, angular.z=0.0
[decoded_serial_node-3] [INFO] [1791537613.941528949] [bw_dr03_decoded_serial_node]: RECEIVED /cmd_vel: linear.x=0.0, angular.z=0.0
[decoded_serial_node-3] [INFO] [1791537614.007974672] [bw_dr03_decoded_serial_node]: RECEIVED /cmd_vel: linear.x=0.0, angular.z=0.0
[decoded_serial_node-3] [INFO] [1791537614.075141094] [bw_dr03_decoded_serial_node]: RECEIVED /cmd_vel: linear.x=0.0, angular.z=0.0
[decoded_serial_node-3] [INFO] [1791537614.141875334] [bw_dr03_decoded_serial_node]: RECEIVED /cmd_vel: linear.x=0.0, angular.z=0.0
[decoded_serial_node-3] [INFO] [1791537614.208509839] [bw_dr03_decoded_serial_node]: RECEIVED /cmd_vel: linear.x=0.0, angular.z=0.0
[decoded_serial_node-3] [INFO] [1791537614.275208459] [bw_dr03_decoded_serial_node]: RECEIVED /cmd_vel: linear.x=0.0, angular.z=0.0
[decoded_serial_node-3] [INFO] [1791537614.341563945] [bw_dr03_decoded_serial_node]: RECEIVED /cmd_vel: linear.x=0.0, angular.z=0.0
[decoded_serial_node-3] [INFO] [1791537614.408547521] [bw_dr03_decoded_serial_node]: RECEIVED /cmd_vel: linear.x=0.0, angular.z=0.0
[decoded_serial_node-3] [INFO] [1791537614.475630832] [bw_dr03_decoded_serial_node]: RECEIVED /cmd_vel: linear.x=0.0, angular.z=0.0
[decoded_serial_node-3] [INFO] [1791537614.542600160] [bw_dr03_decoded_serial_node]: RECEIVED /cmd_vel: linear.x=0.0, angular.z=0.0
[decoded_serial_node-3] [INFO] [1791537614.608401170] [bw_dr03_decoded_serial_node]: RECEIVED /cmd_vel: linear.x=0.0, angular.z=0.0
[follow_planner-8] [INFO] [1791537614.674868263] [follow_planner_node]: [IDLE] disabled | d=- goc=- | v=0.000 w=0.000 | thoang=-
[decoded_serial_node-3] [INFO] [1791537614.675023802] [bw_dr03_decoded_serial_node]: RECEIVED /cmd_vel: linear.x=0.0, angular.z=0.0
[target_tracker-7] [INFO] [1791537614.723372465] [target_tracker_node]: muc tieu: no_target_yet
[decoded_serial_node-3] [INFO] [1791537614.741517016] [bw_dr03_decoded_serial_node]: RECEIVED /cmd_vel: linear.x=0.0, angular.z=0.0
[decoded_serial_node-3] [INFO] [1791537614.808570644] [bw_dr03_decoded_serial_node]: RECEIVED /cmd_vel: linear.x=0.0, angular.z=0.0
[decoded_serial_node-3] [INFO] [1791537614.875281137] [bw_dr03_decoded_serial_node]: RECEIVED /cmd_vel: linear.x=0.0, angular.z=0.0
[decoded_serial_node-3] [INFO] [1791537614.941824219] [bw_dr03_decoded_serial_node]: RECEIVED /cmd_vel: linear.x=0.0, angular.z=0.0
[decoded_serial_node-3] [INFO] [1791537615.008884971] [bw_dr03_decoded_serial_node]: RECEIVED /cmd_vel: linear.x=0.0, angular.z=0.0
[decoded_serial_node-3] [INFO] [1791537615.075373435] [bw_dr03_decoded_serial_node]: RECEIVED /cmd_vel: linear.x=0.0, angular.z=0.0
[decoded_serial_node-3] [INFO] [1791537615.141681428] [bw_dr03_decoded_serial_node]: RECEIVED /cmd_vel: linear.x=0.0, angular.z=0.0
[decoded_serial_node-3] [INFO] [1791537615.208771862] [bw_dr03_decoded_serial_node]: RECEIVED /cmd_vel: linear.x=0.0, angular.z=0.0
[decoded_serial_node-3] [INFO] [1791537615.275168904] [bw_dr03_decoded_serial_node]: RECEIVED /cmd_vel: linear.x=0.0, angular.z=0.0
[decoded_serial_node-3] [INFO] [1791537615.341764227] [bw_dr03_decoded_serial_node]: RECEIVED /cmd_vel: linear.x=0.0, angular.z=0.0
[decoded_serial_node-3] [INFO] [1791537615.409061253] [bw_dr03_decoded_serial_node]: RECEIVED /cmd_vel: linear.x=0.0, angular.z=0.0
[decoded_serial_node-3] [INFO] [1791537615.475398929] [bw_dr03_decoded_serial_node]: RECEIVED /cmd_vel: linear.x=0.0, angular.z=0.0
[decoded_serial_node-3] [INFO] [1791537615.542902549] [bw_dr03_decoded_serial_node]: RECEIVED /cmd_vel: linear.x=0.0, angular.z=0.0
[decoded_serial_node-3] [INFO] [1791537615.609072813] [bw_dr03_decoded_serial_node]: RECEIVED /cmd_vel: linear.x=0.0, angular.z=0.0
[follow_planner-8] [INFO] [1791537615.675612332] [follow_planner_node]: [IDLE] disabled | d=- goc=- | v=0.000 w=0.000 | thoang=-
[decoded_serial_node-3] [INFO] [1791537615.675926971] [bw_dr03_decoded_serial_node]: RECEIVED /cmd_vel: linear.x=0.0, angular.z=0.0
[decoded_serial_node-3] [INFO] [1791537615.741872833] [bw_dr03_decoded_serial_node]: RECEIVED /cmd_vel: linear.x=0.0, angular.z=0.0
[target_tracker-7] [INFO] [1791537615.772853449] [target_tracker_node]: muc tieu: no_target_yet
[decoded_serial_node-3] [INFO] [1791537615.809793200] [bw_dr03_decoded_serial_node]: RECEIVED /cmd_vel: linear.x=0.0, angular.z=0.0
[decoded_serial_node-3] [INFO] [1791537615.875146591] [bw_dr03_decoded_serial_node]: RECEIVED /cmd_vel: linear.x=0.0, angular.z=0.0
[decoded_serial_node-3] [INFO] [1791537615.942030432] [bw_dr03_decoded_serial_node]: RECEIVED /cmd_vel: linear.x=0.0, angular.z=0.0
[decoded_serial_node-3] [INFO] [1791537616.008888152] [bw_dr03_decoded_serial_node]: RECEIVED /cmd_vel: linear.x=0.0, angular.z=0.0
[decoded_serial_node-3] [INFO] [1791537616.075663946] [bw_dr03_decoded_serial_node]: RECEIVED /cmd_vel: linear.x=0.0, angular.z=0.0
[decoded_serial_node-3] [INFO] [1791537616.141704793] [bw_dr03_decoded_serial_node]: RECEIVED /cmd_vel: linear.x=0.0, angular.z=0.0
[decoded_serial_node-3] [INFO] [1791537616.208875963] [bw_dr03_decoded_serial_node]: RECEIVED /cmd_vel: linear.x=0.0, angular.z=0.0
[decoded_serial_node-3] [INFO] [1791537616.275645821] [bw_dr03_decoded_serial_node]: RECEIVED /cmd_vel: linear.x=0.0, angular.z=0.0
[decoded_serial_node-3] [INFO] [1791537616.341813711] [bw_dr03_decoded_serial_node]: RECEIVED /cmd_vel: linear.x=0.0, angular.z=0.0
[decoded_serial_node-3] [INFO] [1791537616.409026437] [bw_dr03_decoded_serial_node]: RECEIVED /cmd_vel: linear.x=0.0, angular.z=0.0
[decoded_serial_node-3] [INFO] [1791537616.475463847] [bw_dr03_decoded_serial_node]: RECEIVED /cmd_vel: linear.x=0.0, angular.z=0.0
[decoded_serial_node-3] [INFO] [1791537616.541686353] [bw_dr03_decoded_serial_node]: RECEIVED /cmd_vel: linear.x=0.0, angular.z=0.0
[decoded_serial_node-3] [INFO] [1791537616.608902641] [bw_dr03_decoded_serial_node]: RECEIVED /cmd_vel: linear.x=0.0, angular.z=0.0
[decoded_serial_node-3] [INFO] [1791537616.675006415] [bw_dr03_decoded_serial_node]: RECEIVED /cmd_vel: linear.x=0.0, angular.z=0.0
[follow_planner-8] [INFO] [1791537616.742045794] [follow_planner_node]: [IDLE] disabled | d=- goc=- | v=0.000 w=0.000 | thoang=-
[decoded_serial_node-3] [INFO] [1791537616.742060041] [bw_dr03_decoded_serial_node]: RECEIVED /cmd_vel: linear.x=0.0, angular.z=0.0
[decoded_serial_node-3] [INFO] [1791537616.808702857] [bw_dr03_decoded_serial_node]: RECEIVED /cmd_vel: linear.x=0.0, angular.z=0.0
[target_tracker-7] [INFO] [1791537616.822259622] [target_tracker_node]: muc tieu: no_target_yet
[decoded_serial_node-3] [INFO] [1791537616.874841063] [bw_dr03_decoded_serial_node]: RECEIVED /cmd_vel: linear.x=0.0, angular.z=0.0
[decoded_serial_node-3] [INFO] [1791537616.941838886] [bw_dr03_decoded_serial_node]: RECEIVED /cmd_vel: linear.x=0.0, angular.z=0.0
[decoded_serial_node-3] [INFO] [1791537617.008780904] [bw_dr03_decoded_serial_node]: RECEIVED /cmd_vel: linear.x=0.0, angular.z=0.0
[decoded_serial_node-3] [INFO] [1791537617.075105518] [bw_dr03_decoded_serial_node]: RECEIVED /cmd_vel: linear.x=0.0, angular.z=0.0
[decoded_serial_node-3] [INFO] [1791537617.141770892] [bw_dr03_decoded_serial_node]: RECEIVED /cmd_vel: linear.x=0.0, angular.z=0.0
[decoded_serial_node-3] [INFO] [1791537617.208940875] [bw_dr03_decoded_serial_node]: RECEIVED /cmd_vel: linear.x=0.0, angular.z=0.0
[decoded_serial_node-3] [INFO] [1791537617.275290422] [bw_dr03_decoded_serial_node]: RECEIVED /cmd_vel: linear.x=0.0, angular.z=0.0
[decoded_serial_node-3] [INFO] [1791537617.341796696] [bw_dr03_decoded_serial_node]: RECEIVED /cmd_vel: linear.x=0.0, angular.z=0.0
[decoded_serial_node-3] [INFO] [1791537617.409092534] [bw_dr03_decoded_serial_node]: RECEIVED /cmd_vel: linear.x=0.0, angular.z=0.0
[decoded_serial_node-3] [INFO] [1791537617.475712790] [bw_dr03_decoded_serial_node]: RECEIVED /cmd_vel: linear.x=0.0, angular.z=0.0
[decoded_serial_node-3] [INFO] [1791537617.542226187] [bw_dr03_decoded_serial_node]: RECEIVED /cmd_vel: linear.x=0.0, angular.z=0.0
[decoded_serial_node-3] [INFO] [1791537617.608979422] [bw_dr03_decoded_serial_node]: RECEIVED /cmd_vel: linear.x=0.0, angular.z=0.0
[decoded_serial_node-3] [INFO] [1791537617.675144936] [bw_dr03_decoded_serial_node]: RECEIVED /cmd_vel: linear.x=0.0, angular.z=0.0
[follow_planner-8] [INFO] [1791537617.742152256] [follow_planner_node]: [IDLE] disabled | d=- goc=- | v=0.000 w=0.000 | thoang=-
[decoded_serial_node-3] [INFO] [1791537617.742411091] [bw_dr03_decoded_serial_node]: RECEIVED /cmd_vel: linear.x=0.0, angular.z=0.0
[decoded_serial_node-3] [INFO] [1791537617.808523176] [bw_dr03_decoded_serial_node]: RECEIVED /cmd_vel: linear.x=0.0, angular.z=0.0
[target_tracker-7] [INFO] [1791537617.822656976] [target_tracker_node]: muc tieu: no_target_yet
[decoded_serial_node-3] [INFO] [1791537617.874936839] [bw_dr03_decoded_serial_node]: RECEIVED /cmd_vel: linear.x=0.0, angular.z=0.0
[decoded_serial_node-3] [INFO] [1791537617.941686512] [bw_dr03_decoded_serial_node]: RECEIVED /cmd_vel: linear.x=0.0, angular.z=0.0
[decoded_serial_node-3] [INFO] [1791537618.008728264] [bw_dr03_decoded_serial_node]: RECEIVED /cmd_vel: linear.x=0.0, angular.z=0.0
[decoded_serial_node-3] [INFO] [1791537618.075762892] [bw_dr03_decoded_serial_node]: RECEIVED /cmd_vel: linear.x=0.0, angular.z=0.0
[decoded_serial_node-3] [INFO] [1791537618.141789490] [bw_dr03_decoded_serial_node]: RECEIVED /cmd_vel: linear.x=0.0, angular.z=0.0
[decoded_serial_node-3] [INFO] [1791537618.208866861] [bw_dr03_decoded_serial_node]: RECEIVED /cmd_vel: linear.x=0.0, angular.z=0.0
[decoded_serial_node-3] [INFO] [1791537618.275281711] [bw_dr03_decoded_serial_node]: RECEIVED /cmd_vel: linear.x=0.0, angular.z=0.0
[decoded_serial_node-3] [INFO] [1791537618.341687062] [bw_dr03_decoded_serial_node]: RECEIVED /cmd_vel: linear.x=0.0, angular.z=0.0
[decoded_serial_node-3] [INFO] [1791537618.408864168] [bw_dr03_decoded_serial_node]: RECEIVED /cmd_vel: linear.x=0.0, angular.z=0.0
[decoded_serial_node-3] [INFO] [1791537618.475288516] [bw_dr03_decoded_serial_node]: RECEIVED /cmd_vel: linear.x=0.0, angular.z=0.0
[decoded_serial_node-3] [INFO] [1791537618.541683181] [bw_dr03_decoded_serial_node]: RECEIVED /cmd_vel: linear.x=0.0, angular.z=0.0
[decoded_serial_node-3] [INFO] [1791537618.609161865] [bw_dr03_decoded_serial_node]: RECEIVED /cmd_vel: linear.x=0.0, angular.z=0.0
[decoded_serial_node-3] [INFO] [1791537618.675462732] [bw_dr03_decoded_serial_node]: RECEIVED /cmd_vel: linear.x=0.0, angular.z=0.0
[decoded_serial_node-3] [INFO] [1791537618.742035495] [bw_dr03_decoded_serial_node]: RECEIVED /cmd_vel: linear.x=0.0, angular.z=0.0
[follow_planner-8] [INFO] [1791537618.808347048] [follow_planner_node]: [IDLE] disabled | d=- goc=- | v=0.000 w=0.000 | thoang=-
[decoded_serial_node-3] [INFO] [1791537618.808731738] [bw_dr03_decoded_serial_node]: RECEIVED /cmd_vel: linear.x=0.0, angular.z=0.0
[target_tracker-7] [INFO] [1791537618.872969052] [target_tracker_node]: muc tieu: d=3.00m goc=25.4deg nguon=camera+bbox conf=0.83 v=1.80m/s 
[decoded_serial_node-3] [INFO] [1791537618.875164397] [bw_dr03_decoded_serial_node]: RECEIVED /cmd_vel: linear.x=0.0, angular.z=0.0
[decoded_serial_node-3] [INFO] [1791537618.942007868] [bw_dr03_decoded_serial_node]: RECEIVED /cmd_vel: linear.x=0.0, angular.z=0.0
[decoded_serial_node-3] [INFO] [1791537619.008700549] [bw_dr03_decoded_serial_node]: RECEIVED /cmd_vel: linear.x=0.0, angular.z=0.0
[decoded_serial_node-3] [INFO] [1791537619.074999041] [bw_dr03_decoded_serial_node]: RECEIVED /cmd_vel: linear.x=0.0, angular.z=0.0
[decoded_serial_node-3] [INFO] [1791537619.141904251] [bw_dr03_decoded_serial_node]: RECEIVED /cmd_vel: linear.x=0.0, angular.z=0.0
[decoded_serial_node-3] [INFO] [1791537619.209090855] [bw_dr03_decoded_serial_node]: RECEIVED /cmd_vel: linear.x=0.0, angular.z=0.0
[decoded_serial_node-3] [INFO] [1791537619.275240933] [bw_dr03_decoded_serial_node]: RECEIVED /cmd_vel: linear.x=0.0, angular.z=0.0
[decoded_serial_node-3] [INFO] [1791537619.342104587] [bw_dr03_decoded_serial_node]: RECEIVED /cmd_vel: linear.x=0.0, angular.z=0.0
[decoded_serial_node-3] [INFO] [1791537619.408769959] [bw_dr03_decoded_serial_node]: RECEIVED /cmd_vel: linear.x=0.0, angular.z=0.0
[decoded_serial_node-3] [INFO] [1791537619.475215679] [bw_dr03_decoded_serial_node]: RECEIVED /cmd_vel: linear.x=0.0, angular.z=0.0
[decoded_serial_node-3] [INFO] [1791537619.542879583] [bw_dr03_decoded_serial_node]: RECEIVED /cmd_vel: linear.x=0.0, angular.z=0.0
[decoded_serial_node-3] [INFO] [1791537619.607971763] [bw_dr03_decoded_serial_node]: RECEIVED /cmd_vel: linear.x=0.0, angular.z=0.0
[decoded_serial_node-3] [INFO] [1791537619.675805454] [bw_dr03_decoded_serial_node]: RECEIVED /cmd_vel: linear.x=0.0, angular.z=0.0
[decoded_serial_node-3] [INFO] [1791537619.741707382] [bw_dr03_decoded_serial_node]: RECEIVED /cmd_vel: linear.x=0.0, angular.z=0.0
[decoded_serial_node-3] [INFO] [1791537619.808487925] [bw_dr03_decoded_serial_node]: RECEIVED /cmd_vel: linear.x=0.0, angular.z=0.0
[follow_planner-8] [INFO] [1791537619.808511671] [follow_planner_node]: [IDLE] disabled | d=- goc=- | v=0.000 w=0.000 | thoang=-
[decoded_serial_node-3] [INFO] [1791537619.875539174] [bw_dr03_decoded_serial_node]: RECEIVED /cmd_vel: linear.x=0.0, angular.z=0.0
[target_tracker-7] [INFO] [1791537619.922472556] [target_tracker_node]: muc tieu: d=0.73m goc=27.3deg nguon=camera+bbox conf=0.68 v=1.80m/s 
[decoded_serial_node-3] [INFO] [1791537619.941680941] [bw_dr03_decoded_serial_node]: RECEIVED /cmd_vel: linear.x=0.0, angular.z=0.0
[decoded_serial_node-3] [INFO] [1791537620.009053953] [bw_dr03_decoded_serial_node]: RECEIVED /cmd_vel: linear.x=0.0, angular.z=0.0
[follow_planner-8] [INFO] [1791537620.059156279] [follow_planner_node]: self-filter: bo 17/210 tia dap vao than xe
[decoded_serial_node-3] [INFO] [1791537620.074821715] [bw_dr03_decoded_serial_node]: RECEIVED /cmd_vel: linear.x=0.0, angular.z=0.0
[decoded_serial_node-3] [INFO] [1791537620.142860810] [bw_dr03_decoded_serial_node]: RECEIVED /cmd_vel: linear.x=0.0, angular.z=0.0
[decoded_serial_node-3] [INFO] [1791537620.208887407] [bw_dr03_decoded_serial_node]: RECEIVED /cmd_vel: linear.x=0.0, angular.z=0.0
[decoded_serial_node-3] [INFO] [1791537620.275007801] [bw_dr03_decoded_serial_node]: RECEIVED /cmd_vel: linear.x=0.0, angular.z=0.0
[decoded_serial_node-3] [INFO] [1791537620.341954567] [bw_dr03_decoded_serial_node]: RECEIVED /cmd_vel: linear.x=0.0, angular.z=0.0
[decoded_serial_node-3] [INFO] [1791537620.409214783] [bw_dr03_decoded_serial_node]: RECEIVED /cmd_vel: linear.x=0.0, angular.z=0.0
[decoded_serial_node-3] [INFO] [1791537620.475281749] [bw_dr03_decoded_serial_node]: RECEIVED /cmd_vel: linear.x=0.0, angular.z=0.0
[decoded_serial_node-3] [INFO] [1791537620.541693035] [bw_dr03_decoded_serial_node]: RECEIVED /cmd_vel: linear.x=0.0, angular.z=0.0
[decoded_serial_node-3] [INFO] [1791537620.608916445] [bw_dr03_decoded_serial_node]: RECEIVED /cmd_vel: linear.x=0.0, angular.z=0.0
[decoded_serial_node-3] [INFO] [1791537620.675216124] [bw_dr03_decoded_serial_node]: RECEIVED /cmd_vel: linear.x=0.0, angular.z=0.0
[decoded_serial_node-3] [INFO] [1791537620.741818568] [bw_dr03_decoded_serial_node]: RECEIVED /cmd_vel: linear.x=0.0, angular.z=0.0
[decoded_serial_node-3] [INFO] [1791537620.808571801] [bw_dr03_decoded_serial_node]: RECEIVED /cmd_vel: linear.x=0.0, angular.z=0.0
[follow_planner-8] [INFO] [1791537620.808685784] [follow_planner_node]: [IDLE] disabled | d=- goc=- | v=0.000 w=0.000 | thoang=-
[decoded_serial_node-3] [INFO] [1791537620.875268043] [bw_dr03_decoded_serial_node]: RECEIVED /cmd_vel: linear.x=0.0, angular.z=0.0
[decoded_serial_node-3] [INFO] [1791537620.941799249] [bw_dr03_decoded_serial_node]: RECEIVED /cmd_vel: linear.x=0.0, angular.z=0.0
[target_tracker-7] [INFO] [1791537620.972871287] [target_tracker_node]: muc tieu: d=4.41m goc=-10.8deg nguon=camera+bbox conf=0.55 v=1.80m/s 
[decoded_serial_node-3] [INFO] [1791537621.008616597] [bw_dr03_decoded_serial_node]: RECEIVED /cmd_vel: linear.x=0.0, angular.z=0.0
[decoded_serial_node-3] [INFO] [1791537621.075447005] [bw_dr03_decoded_serial_node]: RECEIVED /cmd_vel: linear.x=0.0, angular.z=0.0
[decoded_serial_node-3] [INFO] [1791537621.142944684] [bw_dr03_decoded_serial_node]: RECEIVED /cmd_vel: linear.x=0.0, angular.z=0.0
[decoded_serial_node-3] [INFO] [1791537621.208656642] [bw_dr03_decoded_serial_node]: RECEIVED /cmd_vel: linear.x=0.0, angular.z=0.0
[decoded_serial_node-3] [INFO] [1791537621.275853930] [bw_dr03_decoded_serial_node]: RECEIVED /cmd_vel: linear.x=0.0, angular.z=0.0
[decoded_serial_node-3] [INFO] [1791537621.341660873] [bw_dr03_decoded_serial_node]: RECEIVED /cmd_vel: linear.x=0.0, angular.z=0.0
[decoded_serial_node-3] [INFO] [1791537621.408491281] [bw_dr03_decoded_serial_node]: RECEIVED /cmd_vel: linear.x=0.0, angular.z=0.0
[decoded_serial_node-3] [INFO] [1791537621.475352559] [bw_dr03_decoded_serial_node]: RECEIVED /cmd_vel: linear.x=0.0, angular.z=0.0
[decoded_serial_node-3] [INFO] [1791537621.541934818] [bw_dr03_decoded_serial_node]: RECEIVED /cmd_vel: linear.x=0.0, angular.z=0.0
[decoded_serial_node-3] [INFO] [1791537621.608371038] [bw_dr03_decoded_serial_node]: RECEIVED /cmd_vel: linear.x=0.0, angular.z=0.0
[decoded_serial_node-3] [INFO] [1791537621.675284558] [bw_dr03_decoded_serial_node]: RECEIVED /cmd_vel: linear.x=0.0, angular.z=0.0
[decoded_serial_node-3] [INFO] [1791537621.741687533] [bw_dr03_decoded_serial_node]: RECEIVED /cmd_vel: linear.x=0.0, angular.z=0.0
[decoded_serial_node-3] [INFO] [1791537621.808430080] [bw_dr03_decoded_serial_node]: RECEIVED /cmd_vel: linear.x=0.0, angular.z=0.0
[follow_planner-8] [INFO] [1791537621.874649020] [follow_planner_node]: [IDLE] disabled | d=- goc=- | v=0.000 w=0.000 | thoang=-
[decoded_serial_node-3] [INFO] [1791537621.875027774] [bw_dr03_decoded_serial_node]: RECEIVED /cmd_vel: linear.x=0.0, angular.z=0.0
[decoded_serial_node-3] [INFO] [1791537621.941611221] [bw_dr03_decoded_serial_node]: RECEIVED /cmd_vel: linear.x=0.0, angular.z=0.0
[target_tracker-7] [INFO] [1791537621.972932594] [target_tracker_node]: muc tieu: d=0.36m goc=-24.6deg nguon=camera+bbox conf=0.56 v=1.26m/s 
[decoded_serial_node-3] [INFO] [1791537622.008540176] [bw_dr03_decoded_serial_node]: RECEIVED /cmd_vel: linear.x=0.0, angular.z=0.0
[decoded_serial_node-3] [INFO] [1791537622.074854101] [bw_dr03_decoded_serial_node]: RECEIVED /cmd_vel: linear.x=0.0, angular.z=0.0
[decoded_serial_node-3] [INFO] [1791537622.141489789] [bw_dr03_decoded_serial_node]: RECEIVED /cmd_vel: linear.x=0.0, angular.z=0.0
[decoded_serial_node-3] [INFO] [1791537622.208380750] [bw_dr03_decoded_serial_node]: RECEIVED /cmd_vel: linear.x=0.0, angular.z=0.0
[decoded_serial_node-3] [INFO] [1791537622.275312079] [bw_dr03_decoded_serial_node]: RECEIVED /cmd_vel: linear.x=0.0, angular.z=0.0
[decoded_serial_node-3] [INFO] [1791537622.341551204] [bw_dr03_decoded_serial_node]: RECEIVED /cmd_vel: linear.x=0.0, angular.z=0.0
[decoded_serial_node-3] [INFO] [1791537622.408968145] [bw_dr03_decoded_serial_node]: RECEIVED /cmd_vel: linear.x=0.0, angular.z=0.0
[decoded_serial_node-3] [INFO] [1791537622.474936562] [bw_dr03_decoded_serial_node]: RECEIVED /cmd_vel: linear.x=0.0, angular.z=0.0
[python3-4] [INFO] [1791537622.493487174] [identity_lock_node]: camera: nhan 24.9 fps (phoi sang 30 ms, do sang 93), xu ly 15.0 Hz, TB 20 ms/khung, tre tu luc chup 26.8 ms, 1 nguoi, status TRACKING
[decoded_serial_node-3] [INFO] [1791537622.541814462] [bw_dr03_decoded_serial_node]: RECEIVED /cmd_vel: linear.x=0.0, angular.z=0.0
[decoded_serial_node-3] [INFO] [1791537622.608695924] [bw_dr03_decoded_serial_node]: RECEIVED /cmd_vel: linear.x=0.0, angular.z=0.0
[decoded_serial_node-3] [INFO] [1791537622.675247312] [bw_dr03_decoded_serial_node]: RECEIVED /cmd_vel: linear.x=0.0, angular.z=0.0
[decoded_serial_node-3] [INFO] [1791537622.741773767] [bw_dr03_decoded_serial_node]: RECEIVED /cmd_vel: linear.x=0.0, angular.z=0.0
[decoded_serial_node-3] [INFO] [1791537622.809290443] [bw_dr03_decoded_serial_node]: RECEIVED /cmd_vel: linear.x=0.0, angular.z=0.0
[follow_planner-8] [INFO] [1791537622.874672326] [follow_planner_node]: [IDLE] disabled | d=- goc=- | v=0.000 w=0.000 | thoang=-
[decoded_serial_node-3] [INFO] [1791537622.874997650] [bw_dr03_decoded_serial_node]: RECEIVED /cmd_vel: linear.x=0.0, angular.z=0.0
[decoded_serial_node-3] [INFO] [1791537622.941635713] [bw_dr03_decoded_serial_node]: RECEIVED /cmd_vel: linear.x=0.0, angular.z=0.0
[target_tracker-7] [INFO] [1791537622.973788207] [target_tracker_node]: muc tieu: d=0.42m goc=-24.2deg nguon=camera+bbox conf=0.55 v=0.04m/s 
[decoded_serial_node-3] [INFO] [1791537623.008738016] [bw_dr03_decoded_serial_node]: RECEIVED /cmd_vel: linear.x=0.0, angular.z=0.0
[decoded_serial_node-3] [INFO] [1791537623.074715930] [bw_dr03_decoded_serial_node]: RECEIVED /cmd_vel: linear.x=0.0, angular.z=0.0
[decoded_serial_node-3] [INFO] [1791537623.141649634] [bw_dr03_decoded_serial_node]: RECEIVED /cmd_vel: linear.x=0.0, angular.z=0.0
[decoded_serial_node-3] [INFO] [1791537623.208569089] [bw_dr03_decoded_serial_node]: RECEIVED /cmd_vel: linear.x=0.0, angular.z=0.0
[decoded_serial_node-3] [INFO] [1791537623.275570470] [bw_dr03_decoded_serial_node]: RECEIVED /cmd_vel: linear.x=0.0, angular.z=0.0
[decoded_serial_node-3] [INFO] [1791537623.341769225] [bw_dr03_decoded_serial_node]: RECEIVED /cmd_vel: linear.x=0.0, angular.z=0.0
[decoded_serial_node-3] [INFO] [1791537623.408943953] [bw_dr03_decoded_serial_node]: RECEIVED /cmd_vel: linear.x=0.0, angular.z=0.0
[decoded_serial_node-3] [INFO] [1791537623.475274501] [bw_dr03_decoded_serial_node]: RECEIVED /cmd_vel: linear.x=0.0, angular.z=0.0
[decoded_serial_node-3] [INFO] [1791537623.541673912] [bw_dr03_decoded_serial_node]: RECEIVED /cmd_vel: linear.x=0.0, angular.z=0.0
[decoded_serial_node-3] [INFO] [1791537623.608982807] [bw_dr03_decoded_serial_node]: RECEIVED /cmd_vel: linear.x=0.0, angular.z=0.0
[decoded_serial_node-3] [INFO] [1791537623.675002278] [bw_dr03_decoded_serial_node]: RECEIVED /cmd_vel: linear.x=0.0, angular.z=0.0
[decoded_serial_node-3] [INFO] [1791537623.741526358] [bw_dr03_decoded_serial_node]: RECEIVED /cmd_vel: linear.x=0.0, angular.z=0.0
[decoded_serial_node-3] [INFO] [1791537623.808812694] [bw_dr03_decoded_serial_node]: RECEIVED /cmd_vel: linear.x=0.0, angular.z=0.0
[follow_planner-8] [INFO] [1791537623.874739554] [follow_planner_node]: [IDLE] disabled | d=- goc=- | v=0.000 w=0.000 | thoang=-
[decoded_serial_node-3] [INFO] [1791537623.875290468] [bw_dr03_decoded_serial_node]: RECEIVED /cmd_vel: linear.x=0.0, angular.z=0.0
[decoded_serial_node-3] [INFO] [1791537623.941383552] [bw_dr03_decoded_serial_node]: RECEIVED /cmd_vel: linear.x=0.0, angular.z=0.0
[decoded_serial_node-3] [INFO] [1791537624.008426489] [bw_dr03_decoded_serial_node]: RECEIVED /cmd_vel: linear.x=0.0, angular.z=0.0
[target_tracker-7] [INFO] [1791537624.022955664] [target_tracker_node]: muc tieu: d=4.86m goc=-12.8deg nguon=camera+lidar conf=0.98 v=1.80m/s 
[decoded_serial_node-3] [INFO] [1791537624.075303200] [bw_dr03_decoded_serial_node]: RECEIVED /cmd_vel: linear.x=0.0, angular.z=0.0
[decoded_serial_node-3] [INFO] [1791537624.141477022] [bw_dr03_decoded_serial_node]: RECEIVED /cmd_vel: linear.x=0.0, angular.z=0.0
[decoded_serial_node-3] [INFO] [1791537624.209142111] [bw_dr03_decoded_serial_node]: RECEIVED /cmd_vel: linear.x=0.0, angular.z=0.0
[decoded_serial_node-3] [INFO] [1791537624.275152082] [bw_dr03_decoded_serial_node]: RECEIVED /cmd_vel: linear.x=0.0, angular.z=0.0
[decoded_serial_node-3] [INFO] [1791537624.341613234] [bw_dr03_decoded_serial_node]: RECEIVED /cmd_vel: linear.x=0.0, angular.z=0.0
[decoded_serial_node-3] [INFO] [1791537624.409007615] [bw_dr03_decoded_serial_node]: RECEIVED /cmd_vel: linear.x=0.0, angular.z=0.0
[decoded_serial_node-3] [INFO] [1791537624.475713353] [bw_dr03_decoded_serial_node]: RECEIVED /cmd_vel: linear.x=0.0, angular.z=0.0
[decoded_serial_node-3] [INFO] [1791537624.541995220] [bw_dr03_decoded_serial_node]: RECEIVED /cmd_vel: linear.x=0.0, angular.z=0.0
[decoded_serial_node-3] [INFO] [1791537624.609370604] [bw_dr03_decoded_serial_node]: RECEIVED /cmd_vel: linear.x=0.0, angular.z=0.0
[decoded_serial_node-3] [INFO] [1791537624.674897338] [bw_dr03_decoded_serial_node]: RECEIVED /cmd_vel: linear.x=0.0, angular.z=0.0
[decoded_serial_node-3] [INFO] [1791537624.741893969] [bw_dr03_decoded_serial_node]: RECEIVED /cmd_vel: linear.x=0.0, angular.z=0.0
[decoded_serial_node-3] [INFO] [1791537624.809043763] [bw_dr03_decoded_serial_node]: RECEIVED /cmd_vel: linear.x=0.0, angular.z=0.0
[decoded_serial_node-3] [INFO] [1791537624.875140409] [bw_dr03_decoded_serial_node]: RECEIVED /cmd_vel: linear.x=0.0, angular.z=0.0
[decoded_serial_node-3] [INFO] [1791537624.941675174] [bw_dr03_decoded_serial_node]: RECEIVED /cmd_vel: linear.x=0.0, angular.z=0.0
[follow_planner-8] [INFO] [1791537624.942047990] [follow_planner_node]: [IDLE] disabled | d=- goc=- | v=0.000 w=0.000 | thoang=-
[decoded_serial_node-3] [INFO] [1791537625.008625499] [bw_dr03_decoded_serial_node]: RECEIVED /cmd_vel: linear.x=0.0, angular.z=0.0
[target_tracker-7] [INFO] [1791537625.073120456] [target_tracker_node]: muc tieu: d=4.01m goc=6.3deg nguon=camera+bbox conf=0.55 v=1.80m/s 
[decoded_serial_node-3] [INFO] [1791537625.075148390] [bw_dr03_decoded_serial_node]: RECEIVED /cmd_vel: linear.x=0.0, angular.z=0.0
[decoded_serial_node-3] [INFO] [1791537625.141843442] [bw_dr03_decoded_serial_node]: RECEIVED /cmd_vel: linear.x=0.0, angular.z=0.0
[decoded_serial_node-3] [INFO] [1791537625.208065942] [bw_dr03_decoded_serial_node]: RECEIVED /cmd_vel: linear.x=0.0, angular.z=0.0
[decoded_serial_node-3] [INFO] [1791537625.275127875] [bw_dr03_decoded_serial_node]: RECEIVED /cmd_vel: linear.x=0.0, angular.z=0.0
[decoded_serial_node-3] [INFO] [1791537625.341667388] [bw_dr03_decoded_serial_node]: RECEIVED /cmd_vel: linear.x=0.0, angular.z=0.0
[decoded_serial_node-3] [INFO] [1791537625.409080766] [bw_dr03_decoded_serial_node]: RECEIVED /cmd_vel: linear.x=0.0, angular.z=0.0
[decoded_serial_node-3] [INFO] [1791537625.475227278] [bw_dr03_decoded_serial_node]: RECEIVED /cmd_vel: linear.x=0.0, angular.z=0.0
[decoded_serial_node-3] [INFO] [1791537625.541540015] [bw_dr03_decoded_serial_node]: RECEIVED /cmd_vel: linear.x=0.0, angular.z=0.0
[decoded_serial_node-3] [INFO] [1791537625.608898776] [bw_dr03_decoded_serial_node]: RECEIVED /cmd_vel: linear.x=0.0, angular.z=0.0
[decoded_serial_node-3] [INFO] [1791537625.675912028] [bw_dr03_decoded_serial_node]: RECEIVED /cmd_vel: linear.x=0.0, angular.z=0.0
[decoded_serial_node-3] [INFO] [1791537625.741650104] [bw_dr03_decoded_serial_node]: RECEIVED /cmd_vel: linear.x=0.0, angular.z=0.0
[decoded_serial_node-3] [INFO] [1791537625.808522066] [bw_dr03_decoded_serial_node]: RECEIVED /cmd_vel: linear.x=0.0, angular.z=0.0
[decoded_serial_node-3] [INFO] [1791537625.875925945] [bw_dr03_decoded_serial_node]: RECEIVED /cmd_vel: linear.x=0.0, angular.z=0.0
[decoded_serial_node-3] [INFO] [1791537625.941774441] [bw_dr03_decoded_serial_node]: RECEIVED /cmd_vel: linear.x=0.0, angular.z=0.0
[follow_planner-8] [INFO] [1791537625.941965599] [follow_planner_node]: [IDLE] disabled | d=- goc=- | v=0.000 w=0.000 | thoang=-
[decoded_serial_node-3] [INFO] [1791537626.008705769] [bw_dr03_decoded_serial_node]: RECEIVED /cmd_vel: linear.x=0.0, angular.z=0.0
[target_tracker-7] [INFO] [1791537626.072884899] [target_tracker_node]: muc tieu: d=4.01m goc=25.5deg nguon=camera+bbox conf=0.55 v=1.11m/s 
[decoded_serial_node-3] [INFO] [1791537626.075081432] [bw_dr03_decoded_serial_node]: RECEIVED /cmd_vel: linear.x=0.0, angular.z=0.0
[decoded_serial_node-3] [INFO] [1791537626.141983076] [bw_dr03_decoded_serial_node]: RECEIVED /cmd_vel: linear.x=0.0, angular.z=0.0
[decoded_serial_node-3] [INFO] [1791537626.207968113] [bw_dr03_decoded_serial_node]: RECEIVED /cmd_vel: linear.x=0.0, angular.z=0.0
[decoded_serial_node-3] [INFO] [1791537626.275136903] [bw_dr03_decoded_serial_node]: RECEIVED /cmd_vel: linear.x=0.0, angular.z=0.0
[decoded_serial_node-3] [INFO] [1791537626.341967308] [bw_dr03_decoded_serial_node]: RECEIVED /cmd_vel: linear.x=0.0, angular.z=0.0
[decoded_serial_node-3] [INFO] [1791537626.408756158] [bw_dr03_decoded_serial_node]: RECEIVED /cmd_vel: linear.x=0.0, angular.z=0.0
[decoded_serial_node-3] [INFO] [1791537626.475347913] [bw_dr03_decoded_serial_node]: RECEIVED /cmd_vel: linear.x=0.0, angular.z=0.0
[decoded_serial_node-3] [INFO] [1791537626.541649963] [bw_dr03_decoded_serial_node]: RECEIVED /cmd_vel: linear.x=0.0, angular.z=0.0
[decoded_serial_node-3] [INFO] [1791537626.609003974] [bw_dr03_decoded_serial_node]: RECEIVED /cmd_vel: linear.x=0.0, angular.z=0.0
[decoded_serial_node-3] [INFO] [1791537626.675703774] [bw_dr03_decoded_serial_node]: RECEIVED /cmd_vel: linear.x=0.0, angular.z=0.0
[decoded_serial_node-3] [INFO] [1791537626.742084187] [bw_dr03_decoded_serial_node]: RECEIVED /cmd_vel: linear.x=0.0, angular.z=0.0
[decoded_serial_node-3] [INFO] [1791537626.808653383] [bw_dr03_decoded_serial_node]: RECEIVED /cmd_vel: linear.x=0.0, angular.z=0.0
[decoded_serial_node-3] [INFO] [1791537626.875549091] [bw_dr03_decoded_serial_node]: RECEIVED /cmd_vel: linear.x=0.0, angular.z=0.0
[decoded_serial_node-3] [INFO] [1791537626.941655234] [bw_dr03_decoded_serial_node]: RECEIVED /cmd_vel: linear.x=0.0, angular.z=0.0
[follow_planner-8] [INFO] [1791537627.008772969] [follow_planner_node]: [IDLE] disabled | d=- goc=- | v=0.000 w=0.000 | thoang=-
[decoded_serial_node-3] [INFO] [1791537627.008801465] [bw_dr03_decoded_serial_node]: RECEIVED /cmd_vel: linear.x=0.0, angular.z=0.0
[decoded_serial_node-3] [INFO] [1791537627.075097578] [bw_dr03_decoded_serial_node]: RECEIVED /cmd_vel: linear.x=0.0, angular.z=0.0
[follow_planner-8] [INFO] [1791537627.079419405] [follow_planner_node]: Bam nguoi: BAT
[target_tracker-7] [INFO] [1791537627.122407335] [target_tracker_node]: muc tieu: d=1.72m goc=30.8deg nguon=camera+lidar conf=1.00 v=0.50m/s 
[decoded_serial_node-3] [INFO] [1791537627.155470498] [bw_dr03_decoded_serial_node]: RECEIVED /cmd_vel: linear.x=0.035, angular.z=0.16
[decoded_serial_node-3] [INFO] [1791537627.155827880] [bw_dr03_decoded_serial_node]: SEND MOTOR CMD: cd eb d7 09 74 46 53 53 53 08 1e 00 00
[decoded_serial_node-3] [INFO] [1791537627.219684061] [bw_dr03_decoded_serial_node]: RECEIVED /cmd_vel: linear.x=0.04666666666666666, angular.z=0.32
[decoded_serial_node-3] [INFO] [1791537627.220031944] [bw_dr03_decoded_serial_node]: SEND MOTOR CMD: cd eb d7 09 74 46 42 53 53 0d 05 00 00
[decoded_serial_node-3] [INFO] [1791537627.287404952] [bw_dr03_decoded_serial_node]: RECEIVED /cmd_vel: linear.x=0.06999999999999999, angular.z=0.48
[decoded_serial_node-3] [INFO] [1791537627.287653100] [bw_dr03_decoded_serial_node]: SEND MOTOR CMD: cd eb d7 09 74 46 42 53 53 14 05 00 00
[decoded_serial_node-3] [INFO] [1791537627.352380770] [bw_dr03_decoded_serial_node]: RECEIVED /cmd_vel: linear.x=0.09333333333333332, angular.z=0.5700000000000001
[decoded_serial_node-3] [INFO] [1791537627.352640792] [bw_dr03_decoded_serial_node]: SEND MOTOR CMD: cd eb d7 09 74 46 42 53 53 19 05 00 00
[decoded_serial_node-3] [INFO] [1791537627.419508004] [bw_dr03_decoded_serial_node]: RECEIVED /cmd_vel: linear.x=0.11666666666666665, angular.z=0.694375
[decoded_serial_node-3] [INFO] [1791537627.419871322] [bw_dr03_decoded_serial_node]: SEND MOTOR CMD: cd eb d7 09 74 46 42 53 53 1f 05 00 00
[decoded_serial_node-3] [INFO] [1791537627.475728561] [bw_dr03_decoded_serial_node]: RECEIVED /cmd_vel: linear.x=0.09333333333333332, angular.z=0.854375
[decoded_serial_node-3] [INFO] [1791537627.476108501] [bw_dr03_decoded_serial_node]: SEND MOTOR CMD: cd eb d7 09 74 46 42 53 53 20 09 00 00
[decoded_serial_node-3] [INFO] [1791537627.542067417] [bw_dr03_decoded_serial_node]: RECEIVED /cmd_vel: linear.x=0.06999999999999999, angular.z=0.9
[decoded_serial_node-3] [INFO] [1791537627.542333375] [bw_dr03_decoded_serial_node]: SEND MOTOR CMD: cd eb d7 09 74 46 42 53 53 1e 0d 00 00
[decoded_serial_node-3] [INFO] [1791537627.609595963] [bw_dr03_decoded_serial_node]: RECEIVED /cmd_vel: linear.x=0.04666666666666666, angular.z=0.9
[decoded_serial_node-3] [INFO] [1791537627.610019834] [bw_dr03_decoded_serial_node]: SEND MOTOR CMD: cd eb d7 09 74 46 42 53 53 1b 10 00 00
[decoded_serial_node-3] [INFO] [1791537627.675107260] [bw_dr03_decoded_serial_node]: RECEIVED /cmd_vel: linear.x=0.035, angular.z=0.7519600000000001
[decoded_serial_node-3] [INFO] [1791537627.675443270] [bw_dr03_decoded_serial_node]: SEND MOTOR CMD: cd eb d7 09 74 46 42 53 53 16 0e 00 00
[decoded_serial_node-3] [INFO] [1791537627.742467208] [bw_dr03_decoded_serial_node]: RECEIVED /cmd_vel: linear.x=0.0, angular.z=0.7172000000000001
[decoded_serial_node-3] [INFO] [1791537627.742850710] [bw_dr03_decoded_serial_node]: SEND MOTOR CMD: cd eb d7 09 74 46 42 53 53 11 11 00 00
[decoded_serial_node-3] [INFO] [1791537627.809307111] [bw_dr03_decoded_serial_node]: RECEIVED /cmd_vel: linear.x=0.0, angular.z=0.5572
[decoded_serial_node-3] [INFO] [1791537627.809598003] [bw_dr03_decoded_serial_node]: SEND MOTOR CMD: cd eb d7 09 74 46 42 53 53 0d 0d 00 00
[decoded_serial_node-3] [INFO] [1791537627.875043998] [bw_dr03_decoded_serial_node]: RECEIVED /cmd_vel: linear.x=0.0, angular.z=0.45408000000000004
[decoded_serial_node-3] [INFO] [1791537627.875320643] [bw_dr03_decoded_serial_node]: SEND MOTOR CMD: cd eb d7 09 74 46 42 53 53 0b 0b 00 00
[decoded_serial_node-3] [INFO] [1791537627.941841158] [bw_dr03_decoded_serial_node]: RECEIVED /cmd_vel: linear.x=0.0, angular.z=0.34804000000000007
[decoded_serial_node-3] [INFO] [1791537627.942193791] [bw_dr03_decoded_serial_node]: SEND MOTOR CMD: cd eb d7 09 74 46 42 53 53 08 08 00 00
[target_tracker-7] [WARN] [1791537627.972789713] [target_tracker_node]: Goc ngua camera lech -27.4 do so voi cau hinh (do bang LiDAR, 12 mau) — tracker da tu bu. Nen sua camera_pitch_deg trong identity_lock_kingsen.yaml them +27.4 do (hoac do lai goc lap / camera_height_m)
[follow_planner-8] [INFO] [1791537628.023167493] [follow_planner_node]: [FOLLOW] bam nguoi | d=1.16m goc=7deg | v=0.035 w=0.190 | thoang=0.27m
[decoded_serial_node-3] [INFO] [1791537628.023579491] [bw_dr03_decoded_serial_node]: RECEIVED /cmd_vel: linear.x=0.035, angular.z=0.1897675000000001
[decoded_serial_node-3] [INFO] [1791537628.024031858] [bw_dr03_decoded_serial_node]: SEND MOTOR CMD: cd eb d7 09 74 46 53 53 53 08 1e 00 00
[decoded_serial_node-3] [INFO] [1791537628.089550279] [bw_dr03_decoded_serial_node]: RECEIVED /cmd_vel: linear.x=0.04666666666666666, angular.z=0.125
[decoded_serial_node-3] [INFO] [1791537628.090018081] [bw_dr03_decoded_serial_node]: SEND MOTOR CMD: cd eb d7 09 74 46 46 53 53 08 05 00 00
[target_tracker-7] [INFO] [1791537628.122999319] [target_tracker_node]: muc tieu: d=1.67m goc=7.6deg nguon=camera+lidar conf=0.98 v=1.80m/s 
[decoded_serial_node-3] [INFO] [1791537628.156272637] [bw_dr03_decoded_serial_node]: RECEIVED /cmd_vel: linear.x=0.06999999999999999, angular.z=0.125
[decoded_serial_node-3] [INFO] [1791537628.156537409] [bw_dr03_decoded_serial_node]: SEND MOTOR CMD: cd eb d7 09 74 46 46 53 53 0b 05 00 00
[decoded_serial_node-3] [INFO] [1791537628.219707320] [bw_dr03_decoded_serial_node]: RECEIVED /cmd_vel: linear.x=0.09333333333333332, angular.z=0.125
[decoded_serial_node-3] [INFO] [1791537628.219960218] [bw_dr03_decoded_serial_node]: SEND MOTOR CMD: cd eb d7 09 74 46 46 53 53 0e 08 00 00
[decoded_serial_node-3] [INFO] [1791537628.286164907] [bw_dr03_decoded_serial_node]: RECEIVED /cmd_vel: linear.x=0.11666666666666665, angular.z=0.0
[decoded_serial_node-3] [INFO] [1791537628.286523477] [bw_dr03_decoded_serial_node]: SEND MOTOR CMD: cd eb d7 09 74 46 46 53 53 0e 0e 00 00
[decoded_serial_node-3] [INFO] [1791537628.352120260] [bw_dr03_decoded_serial_node]: RECEIVED /cmd_vel: linear.x=0.13999999999999999, angular.z=0.0
[decoded_serial_node-3] [INFO] [1791537628.352716292] [bw_dr03_decoded_serial_node]: SEND MOTOR CMD: cd eb d7 09 74 46 46 53 53 11 11 00 00
[decoded_serial_node-3] [INFO] [1791537628.418791564] [bw_dr03_decoded_serial_node]: RECEIVED /cmd_vel: linear.x=0.16333333333333333, angular.z=0.0
[decoded_serial_node-3] [INFO] [1791537628.419034964] [bw_dr03_decoded_serial_node]: SEND MOTOR CMD: cd eb d7 09 74 46 46 53 53 14 14 00 00
[decoded_serial_node-3] [INFO] [1791537628.487062181] [bw_dr03_decoded_serial_node]: RECEIVED /cmd_vel: linear.x=0.18666666666666665, angular.z=0.0
[decoded_serial_node-3] [INFO] [1791537628.487303206] [bw_dr03_decoded_serial_node]: SEND MOTOR CMD: cd eb d7 09 74 46 46 53 53 16 16 00 00
[decoded_serial_node-3] [INFO] [1791537628.556000070] [bw_dr03_decoded_serial_node]: RECEIVED /cmd_vel: linear.x=0.20999999999999996, angular.z=0.0
[decoded_serial_node-3] [INFO] [1791537628.556257717] [bw_dr03_decoded_serial_node]: SEND MOTOR CMD: cd eb d7 09 74 46 46 53 53 19 19 00 00
[decoded_serial_node-3] [INFO] [1791537628.630737992] [bw_dr03_decoded_serial_node]: RECEIVED /cmd_vel: linear.x=0.22, angular.z=0.0
[decoded_serial_node-3] [INFO] [1791537628.631235477] [bw_dr03_decoded_serial_node]: SEND MOTOR CMD: cd eb d7 09 74 46 46 53 53 1a 1a 00 00
[decoded_serial_node-3] [INFO] [1791537628.688392826] [bw_dr03_decoded_serial_node]: RECEIVED /cmd_vel: linear.x=0.22, angular.z=-0.125
[decoded_serial_node-3] [INFO] [1791537628.688673032] [bw_dr03_decoded_serial_node]: SEND MOTOR CMD: cd eb d7 09 74 46 46 53 53 17 1d 00 00
[decoded_serial_node-3] [INFO] [1791537628.760967460] [bw_dr03_decoded_serial_node]: RECEIVED /cmd_vel: linear.x=0.22, angular.z=-0.125
[decoded_serial_node-3] [INFO] [1791537628.761223920] [bw_dr03_decoded_serial_node]: SEND MOTOR CMD: cd eb d7 09 74 46 46 53 53 17 1d 00 00
[decoded_serial_node-3] [INFO] [1791537628.822139120] [bw_dr03_decoded_serial_node]: RECEIVED /cmd_vel: linear.x=0.22, angular.z=-0.125
[decoded_serial_node-3] [INFO] [1791537628.822420514] [bw_dr03_decoded_serial_node]: SEND MOTOR CMD: cd eb d7 09 74 46 46 53 53 17 1d 00 00
[decoded_serial_node-3] [INFO] [1791537628.887309658] [bw_dr03_decoded_serial_node]: RECEIVED /cmd_vel: linear.x=0.22, angular.z=-0.125
[decoded_serial_node-3] [INFO] [1791537628.887545934] [bw_dr03_decoded_serial_node]: SEND MOTOR CMD: cd eb d7 09 74 46 46 53 53 17 1d 00 00
[decoded_serial_node-3] [INFO] [1791537628.953998772] [bw_dr03_decoded_serial_node]: RECEIVED /cmd_vel: linear.x=0.22, angular.z=-0.125
[decoded_serial_node-3] [INFO] [1791537628.954239797] [bw_dr03_decoded_serial_node]: SEND MOTOR CMD: cd eb d7 09 74 46 46 53 53 17 1d 00 00
[decoded_serial_node-3] [INFO] [1791537629.021288667] [bw_dr03_decoded_serial_node]: RECEIVED /cmd_vel: linear.x=0.22, angular.z=-0.125
[decoded_serial_node-3] [INFO] [1791537629.021609242] [bw_dr03_decoded_serial_node]: SEND MOTOR CMD: cd eb d7 09 74 46 46 53 53 17 1d 00 00
[follow_planner-8] [INFO] [1791537629.086235988] [follow_planner_node]: [FOLLOW] bam nguoi | d=1.38m goc=-7deg | v=0.220 w=-0.125 | thoang=0.28m
[decoded_serial_node-3] [INFO] [1791537629.086298916] [bw_dr03_decoded_serial_node]: RECEIVED /cmd_vel: linear.x=0.22, angular.z=-0.125
[decoded_serial_node-3] [INFO] [1791537629.086525693] [bw_dr03_decoded_serial_node]: SEND MOTOR CMD: cd eb d7 09 74 46 46 53 53 17 1d 00 00
[decoded_serial_node-3] [INFO] [1791537629.155484953] [bw_dr03_decoded_serial_node]: RECEIVED /cmd_vel: linear.x=0.22, angular.z=-0.25
[decoded_serial_node-3] [INFO] [1791537629.155769908] [bw_dr03_decoded_serial_node]: SEND MOTOR CMD: cd eb d7 09 74 46 46 53 53 14 21 00 00
[target_tracker-7] [INFO] [1791537629.172750889] [target_tracker_node]: muc tieu: d=1.29m goc=-10.5deg nguon=camera+lidar conf=1.00 v=0.88m/s 
[decoded_serial_node-3] [INFO] [1791537629.222618122] [bw_dr03_decoded_serial_node]: RECEIVED /cmd_vel: linear.x=0.22, angular.z=-0.26875000000000004
[decoded_serial_node-3] [INFO] [1791537629.222970754] [bw_dr03_decoded_serial_node]: SEND MOTOR CMD: cd eb d7 09 74 46 46 53 53 14 21 00 00
[decoded_serial_node-3] [INFO] [1791537629.286373379] [bw_dr03_decoded_serial_node]: RECEIVED /cmd_vel: linear.x=0.19666666666666666, angular.z=-0.2757812500000001
[decoded_serial_node-3] [INFO] [1791537629.286629839] [bw_dr03_decoded_serial_node]: SEND MOTOR CMD: cd eb d7 09 74 46 46 53 53 11 1e 00 00
[decoded_serial_node-3] [INFO] [1791537629.356324047] [bw_dr03_decoded_serial_node]: RECEIVED /cmd_vel: linear.x=0.17333333333333334, angular.z=-0.398681640625
[decoded_serial_node-3] [INFO] [1791537629.356968759] [bw_dr03_decoded_serial_node]: SEND MOTOR CMD: cd eb d7 09 74 46 46 53 53 0b 1e 00 00
[decoded_serial_node-3] [INFO] [1791537629.419746856] [bw_dr03_decoded_serial_node]: RECEIVED /cmd_vel: linear.x=0.15000000000000002, angular.z=-0.4370880126953125
[decoded_serial_node-3] [INFO] [1791537629.420009253] [bw_dr03_decoded_serial_node]: SEND MOTOR CMD: cd eb d7 09 74 46 46 53 53 07 1d 00 00
[decoded_serial_node-3] [INFO] [1791537629.490735237] [bw_dr03_decoded_serial_node]: RECEIVED /cmd_vel: linear.x=0.1266666666666667, angular.z=-0.44909000396728516
[decoded_serial_node-3] [INFO] [1791537629.491089057] [bw_dr03_decoded_serial_node]: SEND MOTOR CMD: cd eb d7 09 74 46 46 53 53 05 1a 00 00
[decoded_serial_node-3] [INFO] [1791537629.551929456] [bw_dr03_decoded_serial_node]: RECEIVED /cmd_vel: linear.x=0.10333333333333337, angular.z=-0.343408751487732
[decoded_serial_node-3] [INFO] [1791537629.552171668] [bw_dr03_decoded_serial_node]: SEND MOTOR CMD: cd eb d7 09 74 46 46 53 53 05 15 00 00
[decoded_serial_node-3] [INFO] [1791537629.609606847] [bw_dr03_decoded_serial_node]: RECEIVED /cmd_vel: linear.x=0.08000000000000004, angular.z=-0.503408751487732
[decoded_serial_node-3] [INFO] [1791537629.610153012] [bw_dr03_decoded_serial_node]: SEND MOTOR CMD: cd eb d7 09 74 42 46 53 53 05 16 00 00
[decoded_serial_node-3] [INFO] [1791537629.688023071] [bw_dr03_decoded_serial_node]: RECEIVED /cmd_vel: linear.x=0.10333333333333337, angular.z=-0.4698152348399163
[decoded_serial_node-3] [INFO] [1791537629.688265284] [bw_dr03_decoded_serial_node]: SEND MOTOR CMD: cd eb d7 09 74 53 46 53 53 1e 18 00 00
[decoded_serial_node-3] [INFO] [1791537629.752038351] [bw_dr03_decoded_serial_node]: RECEIVED /cmd_vel: linear.x=0.11, angular.z=-0.4593172608874738
[decoded_serial_node-3] [INFO] [1791537629.752282938] [bw_dr03_decoded_serial_node]: SEND MOTOR CMD: cd eb d7 09 74 46 46 53 53 05 18 00 00
[decoded_serial_node-3] [INFO] [1791537629.818462693] [bw_dr03_decoded_serial_node]: RECEIVED /cmd_vel: linear.x=0.13333333333333333, angular.z=-0.5648293152218684
[decoded_serial_node-3] [INFO] [1791537629.818828386] [bw_dr03_decoded_serial_node]: SEND MOTOR CMD: cd eb d7 09 74 46 46 53 53 05 1e 00 00
[decoded_serial_node-3] [INFO] [1791537629.885255102] [bw_dr03_decoded_serial_node]: RECEIVED /cmd_vel: linear.x=0.15666666666666668, angular.z=-0.4890091610068339
[decoded_serial_node-3] [INFO] [1791537629.885620795] [bw_dr03_decoded_serial_node]: SEND MOTOR CMD: cd eb d7 09 74 46 46 53 53 07 1f 00 00
[decoded_serial_node-3] [INFO] [1791537629.952745653] [bw_dr03_decoded_serial_node]: RECEIVED /cmd_vel: linear.x=0.18, angular.z=-0.4653153628146356
[decoded_serial_node-3] [INFO] [1791537629.953104222] [bw_dr03_decoded_serial_node]: SEND MOTOR CMD: cd eb d7 09 74 46 46 53 53 0a 21 00 00
[decoded_serial_node-3] [INFO] [1791537630.025574372] [bw_dr03_decoded_serial_node]: RECEIVED /cmd_vel: linear.x=0.2033333333333333, angular.z=-0.4579110508795736
[decoded_serial_node-3] [INFO] [1791537630.025963811] [bw_dr03_decoded_serial_node]: SEND MOTOR CMD: cd eb d7 09 74 46 46 53 53 0d 24 00 00
[decoded_serial_node-3] [INFO] [1791537630.076184864] [bw_dr03_decoded_serial_node]: RECEIVED /cmd_vel: linear.x=0.21386659669874838, angular.z=-0.2979110508795736
[decoded_serial_node-3] [INFO] [1791537630.076621796] [bw_dr03_decoded_serial_node]: SEND MOTOR CMD: cd eb d7 09 74 46 46 53 53 12 21 00 00
[follow_planner-8] [INFO] [1791537630.142663821] [follow_planner_node]: [FOLLOW] chui khe hep — vao truc giua khe (lech 0.43m) | d=1.38m goc=-20deg | v=0.214 w=-0.138 | thoang=-
[decoded_serial_node-3] [INFO] [1791537630.142692317] [bw_dr03_decoded_serial_node]: RECEIVED /cmd_vel: linear.x=0.21386659669874838, angular.z=-0.1379110508795736
[decoded_serial_node-3] [INFO] [1791537630.142958276] [bw_dr03_decoded_serial_node]: SEND MOTOR CMD: cd eb d7 09 74 46 46 53 53 16 1d 00 00
[follow_planner-8] [INFO] [1791537630.145474196] [follow_planner_node]: self-filter: bo 13/218 tia dap vao than xe
[target_tracker-7] [INFO] [1791537630.172674397] [target_tracker_node]: muc tieu: d=1.34m goc=-23.2deg nguon=camera+bbox conf=0.83 v=0.70m/s 
[decoded_serial_node-3] [INFO] [1791537630.222883576] [bw_dr03_decoded_serial_node]: RECEIVED /cmd_vel: linear.x=0.22, angular.z=-0.2979110508795736
[decoded_serial_node-3] [INFO] [1791537630.223466548] [bw_dr03_decoded_serial_node]: SEND MOTOR CMD: cd eb d7 09 74 46 46 53 53 13 22 00 00
[decoded_serial_node-3] [INFO] [1791537630.291454583] [bw_dr03_decoded_serial_node]: RECEIVED /cmd_vel: linear.x=0.19666666666666666, angular.z=-0.4055972033998668
[decoded_serial_node-3] [INFO] [1791537630.291757349] [bw_dr03_decoded_serial_node]: SEND MOTOR CMD: cd eb d7 09 74 46 46 53 53 0e 21 00 00
[decoded_serial_node-3] [INFO] [1791537630.357249648] [bw_dr03_decoded_serial_node]: RECEIVED /cmd_vel: linear.x=0.18694444444444444, angular.z=-0.43924912606245836
[decoded_serial_node-3] [INFO] [1791537630.357517981] [bw_dr03_decoded_serial_node]: SEND MOTOR CMD: cd eb d7 09 74 46 46 53 53 0c 21 00 00
[decoded_serial_node-3] [INFO] [1791537630.424762757] [bw_dr03_decoded_serial_node]: RECEIVED /cmd_vel: linear.x=0.1636111111111111, angular.z=-0.33971842227342186
[decoded_serial_node-3] [INFO] [1791537630.425019217] [bw_dr03_decoded_serial_node]: SEND MOTOR CMD: cd eb d7 09 74 46 46 53 53 0b 1c 00 00
[decoded_serial_node-3] [INFO] [1791537630.488622497] [bw_dr03_decoded_serial_node]: RECEIVED /cmd_vel: linear.x=0.14666666666666667, angular.z=-0.4186620069604443
[decoded_serial_node-3] [INFO] [1791537630.489000063] [bw_dr03_decoded_serial_node]: SEND MOTOR CMD: cd eb d7 09 74 46 46 53 53 07 1c 00 00
[decoded_serial_node-3] [INFO] [1791537630.557465399] [bw_dr03_decoded_serial_node]: RECEIVED /cmd_vel: linear.x=0.14666666666666667, angular.z=-0.4433318771751389
[decoded_serial_node-3] [INFO] [1791537630.557752730] [bw_dr03_decoded_serial_node]: SEND MOTOR CMD: cd eb d7 09 74 46 46 53 53 07 1c 00 00
[decoded_serial_node-3] [INFO] [1791537630.622862713] [bw_dr03_decoded_serial_node]: RECEIVED /cmd_vel: linear.x=0.16999999999999998, angular.z=-0.34124945394067707
[decoded_serial_node-3] [INFO] [1791537630.623312705] [bw_dr03_decoded_serial_node]: SEND MOTOR CMD: cd eb d7 09 74 46 46 53 53 0c 1d 00 00
[decoded_serial_node-3] [INFO] [1791537630.688675587] [bw_dr03_decoded_serial_node]: RECEIVED /cmd_vel: linear.x=0.18333333333333335, angular.z=-0.30296854522775396
[decoded_serial_node-3] [INFO] [1791537630.689241936] [bw_dr03_decoded_serial_node]: SEND MOTOR CMD: cd eb d7 09 74 46 46 53 53 0f 1d 00 00
[decoded_serial_node-3] [INFO] [1791537630.756461779] [bw_dr03_decoded_serial_node]: RECEIVED /cmd_vel: linear.x=0.18472222222222223, angular.z=-0.2886132044604077
[decoded_serial_node-3] [INFO] [1791537630.756747921] [bw_dr03_decoded_serial_node]: SEND MOTOR CMD: cd eb d7 09 74 46 46 53 53 0f 1d 00 00
[decoded_serial_node-3] [INFO] [1791537630.823361046] [bw_dr03_decoded_serial_node]: RECEIVED /cmd_vel: linear.x=0.1849537037037037, angular.z=-0.28322995167265286
[decoded_serial_node-3] [INFO] [1791537630.823638877] [bw_dr03_decoded_serial_node]: SEND MOTOR CMD: cd eb d7 09 74 46 46 53 53 0f 1d 00 00
[decoded_serial_node-3] [INFO] [1791537630.889238035] [bw_dr03_decoded_serial_node]: RECEIVED /cmd_vel: linear.x=0.20828703703703705, angular.z=-0.4432299516726529
[decoded_serial_node-3] [INFO] [1791537630.889474310] [bw_dr03_decoded_serial_node]: SEND MOTOR CMD: cd eb d7 09 74 46 46 53 53 0e 24 00 00
[decoded_serial_node-3] [INFO] [1791537630.957103776] [bw_dr03_decoded_serial_node]: RECEIVED /cmd_vel: linear.x=0.22, angular.z=-0.6032299516726529
[decoded_serial_node-3] [INFO] [1791537630.957341239] [bw_dr03_decoded_serial_node]: SEND MOTOR CMD: cd eb d7 09 74 46 46 53 53 0c 29 00 00
[decoded_serial_node-3] [INFO] [1791537631.025385078] [bw_dr03_decoded_serial_node]: RECEIVED /cmd_vel: linear.x=0.22, angular.z=-0.7006056159386225
[decoded_serial_node-3] [INFO] [1791537631.025671221] [bw_dr03_decoded_serial_node]: SEND MOTOR CMD: cd eb d7 09 74 46 46 53 53 09 2c 00 00
[decoded_serial_node-3] [INFO] [1791537631.093863474] [bw_dr03_decoded_serial_node]: RECEIVED /cmd_vel: linear.x=0.22, angular.z=-0.5406056159386224
[decoded_serial_node-3] [INFO] [1791537631.094123496] [bw_dr03_decoded_serial_node]: SEND MOTOR CMD: cd eb d7 09 74 46 46 53 53 0d 28 00 00
[decoded_serial_node-3] [INFO] [1791537631.154221822] [bw_dr03_decoded_serial_node]: RECEIVED /cmd_vel: linear.x=0.22, angular.z=-0.3806056159386224
[decoded_serial_node-3] [INFO] [1791537631.154614823] [bw_dr03_decoded_serial_node]: SEND MOTOR CMD: cd eb d7 09 74 46 46 53 53 11 24 00 00
[target_tracker-7] [INFO] [1791537631.173380338] [target_tracker_node]: muc tieu: d=1.53m goc=-38.1deg nguon=camera+lidar conf=1.00 v=0.92m/s [NGOAI KHUNG HINH]
[follow_planner-8] [INFO] [1791537631.220134430] [follow_planner_node]: [FOLLOW] di vong theo ban do (trai, 0.9m duong) | d=1.53m goc=-38deg | v=0.220 w=-0.221 | thoang=0.14m
[decoded_serial_node-3] [INFO] [1791537631.220751834] [bw_dr03_decoded_serial_node]: RECEIVED /cmd_vel: linear.x=0.22, angular.z=-0.2206056159386224
[decoded_serial_node-3] [INFO] [1791537631.220995233] [bw_dr03_decoded_serial_node]: SEND MOTOR CMD: cd eb d7 09 74 46 46 53 53 15 20 00 00
[decoded_serial_node-3] [INFO] [1791537631.290962522] [bw_dr03_decoded_serial_node]: RECEIVED /cmd_vel: linear.x=0.22, angular.z=-0.1
[decoded_serial_node-3] [INFO] [1791537631.291516998] [bw_dr03_decoded_serial_node]: SEND MOTOR CMD: cd eb d7 09 74 46 46 53 53 18 1d 00 00
[decoded_serial_node-3] [INFO] [1791537631.361148277] [bw_dr03_decoded_serial_node]: RECEIVED /cmd_vel: linear.x=0.22, angular.z=0.1
[decoded_serial_node-3] [INFO] [1791537631.361388114] [bw_dr03_decoded_serial_node]: SEND MOTOR CMD: cd eb d7 09 74 46 46 53 53 1d 18 00 00
[target_tracker-7] [INFO] [1791537631.373187651] [target_tracker_node]: Hinh hoc camera khop LiDAR: lech goc ngua -27.5 do (12 mau)
[decoded_serial_node-3] [INFO] [1791537631.424804986] [bw_dr03_decoded_serial_node]: RECEIVED /cmd_vel: linear.x=0.22, angular.z=0.125
[decoded_serial_node-3] [INFO] [1791537631.425081630] [bw_dr03_decoded_serial_node]: SEND MOTOR CMD: cd eb d7 09 74 46 46 53 53 1d 17 00 00
[decoded_serial_node-3] [INFO] [1791537631.488174365] [bw_dr03_decoded_serial_node]: RECEIVED /cmd_vel: linear.x=0.22, angular.z=0.125
[decoded_serial_node-3] [INFO] [1791537631.488424888] [bw_dr03_decoded_serial_node]: SEND MOTOR CMD: cd eb d7 09 74 46 46 53 53 1d 17 00 00
[decoded_serial_node-3] [INFO] [1791537631.556772679] [bw_dr03_decoded_serial_node]: RECEIVED /cmd_vel: linear.x=0.22, angular.z=0.125
[decoded_serial_node-3] [INFO] [1791537631.557054073] [bw_dr03_decoded_serial_node]: SEND MOTOR CMD: cd eb d7 09 74 46 46 53 53 1d 17 00 00
[decoded_serial_node-3] [INFO] [1791537631.620441262] [bw_dr03_decoded_serial_node]: RECEIVED /cmd_vel: linear.x=0.22, angular.z=0.125
[decoded_serial_node-3] [INFO] [1791537631.620787958] [bw_dr03_decoded_serial_node]: SEND MOTOR CMD: cd eb d7 09 74 46 46 53 53 1d 17 00 00
[decoded_serial_node-3] [INFO] [1791537631.686902409] [bw_dr03_decoded_serial_node]: RECEIVED /cmd_vel: linear.x=0.22, angular.z=0.125
[decoded_serial_node-3] [INFO] [1791537631.687154120] [bw_dr03_decoded_serial_node]: SEND MOTOR CMD: cd eb d7 09 74 46 46 53 53 1d 17 00 00
[decoded_serial_node-3] [INFO] [1791537631.753677008] [bw_dr03_decoded_serial_node]: RECEIVED /cmd_vel: linear.x=0.22, angular.z=0.125
[decoded_serial_node-3] [INFO] [1791537631.754034390] [bw_dr03_decoded_serial_node]: SEND MOTOR CMD: cd eb d7 09 74 46 46 53 53 1d 17 00 00
[decoded_serial_node-3] [INFO] [1791537631.822166089] [bw_dr03_decoded_serial_node]: RECEIVED /cmd_vel: linear.x=0.22, angular.z=0.25
[decoded_serial_node-3] [INFO] [1791537631.822466480] [bw_dr03_decoded_serial_node]: SEND MOTOR CMD: cd eb d7 09 74 46 46 53 53 21 14 00 00
[decoded_serial_node-3] [INFO] [1791537631.886539937] [bw_dr03_decoded_serial_node]: RECEIVED /cmd_vel: linear.x=0.22, angular.z=0.1
[decoded_serial_node-3] [INFO] [1791537631.886908005] [bw_dr03_decoded_serial_node]: SEND MOTOR CMD: cd eb d7 09 74 46 46 53 53 1d 18 00 00
[decoded_serial_node-3] [INFO] [1791537631.953752655] [bw_dr03_decoded_serial_node]: RECEIVED /cmd_vel: linear.x=0.22, angular.z=0.0
[decoded_serial_node-3] [INFO] [1791537631.954117161] [bw_dr03_decoded_serial_node]: SEND MOTOR CMD: cd eb d7 09 74 46 46 53 53 1a 1a 00 00
[decoded_serial_node-3] [INFO] [1791537632.019729378] [bw_dr03_decoded_serial_node]: RECEIVED /cmd_vel: linear.x=0.22, angular.z=0.0
[decoded_serial_node-3] [INFO] [1791537632.020066575] [bw_dr03_decoded_serial_node]: SEND MOTOR CMD: cd eb d7 09 74 46 46 53 53 1a 1a 00 00
[decoded_serial_node-3] [INFO] [1791537632.089487698] [bw_dr03_decoded_serial_node]: RECEIVED /cmd_vel: linear.x=0.22, angular.z=0.125
[decoded_serial_node-3] [INFO] [1791537632.089852204] [bw_dr03_decoded_serial_node]: SEND MOTOR CMD: cd eb d7 09 74 46 46 53 53 1d 17 00 00
[decoded_serial_node-3] [INFO] [1791537632.153436486] [bw_dr03_decoded_serial_node]: RECEIVED /cmd_vel: linear.x=0.22, angular.z=0.125
[decoded_serial_node-3] [INFO] [1791537632.154017084] [bw_dr03_decoded_serial_node]: SEND MOTOR CMD: cd eb d7 09 74 46 46 53 53 1d 17 00 00
[decoded_serial_node-3] [INFO] [1791537632.220002117] [bw_dr03_decoded_serial_node]: RECEIVED /cmd_vel: linear.x=0.22, angular.z=0.125
[decoded_serial_node-3] [INFO] [1791537632.220333378] [bw_dr03_decoded_serial_node]: SEND MOTOR CMD: cd eb d7 09 74 46 46 53 53 1d 17 00 00
[target_tracker-7] [INFO] [1791537632.222617772] [target_tracker_node]: muc tieu: d=1.52m goc=-62.7deg nguon=lidar_track conf=0.75 v=0.50m/s [NGOAI KHUNG HINH]
[follow_planner-8] [INFO] [1791537632.289029052] [follow_planner_node]: [AVOID] di vong theo ban do (trai, 1.3m duong) | d=1.53m goc=-63deg | v=0.220 w=0.000 | thoang=0.12m
[decoded_serial_node-3] [INFO] [1791537632.289553845] [bw_dr03_decoded_serial_node]: RECEIVED /cmd_vel: linear.x=0.22, angular.z=0.0
[decoded_serial_node-3] [INFO] [1791537632.289993152] [bw_dr03_decoded_serial_node]: SEND MOTOR CMD: cd eb d7 09 74 46 46 53 53 1a 1a 00 00
[decoded_serial_node-3] [INFO] [1791537632.354613960] [bw_dr03_decoded_serial_node]: RECEIVED /cmd_vel: linear.x=0.22, angular.z=0.0
[decoded_serial_node-3] [INFO] [1791537632.354922662] [bw_dr03_decoded_serial_node]: SEND MOTOR CMD: cd eb d7 09 74 46 46 53 53 1a 1a 00 00
[decoded_serial_node-3] [INFO] [1791537632.421413492] [bw_dr03_decoded_serial_node]: RECEIVED /cmd_vel: linear.x=0.22, angular.z=0.0
[decoded_serial_node-3] [INFO] [1791537632.422058204] [bw_dr03_decoded_serial_node]: SEND MOTOR CMD: cd eb d7 09 74 46 46 53 53 1a 1a 00 00
[decoded_serial_node-3] [INFO] [1791537632.487063702] [bw_dr03_decoded_serial_node]: RECEIVED /cmd_vel: linear.x=0.22, angular.z=0.0
[decoded_serial_node-3] [INFO] [1791537632.487310664] [bw_dr03_decoded_serial_node]: SEND MOTOR CMD: cd eb d7 09 74 46 46 53 53 1a 1a 00 00
[python3-4] [INFO] [1791537632.554317976] [identity_lock_node]: camera: nhan 23.4 fps (phoi sang 30 ms, do sang 92), xu ly 14.8 Hz, TB 20 ms/khung, tre tu luc chup 47.2 ms, 0 nguoi, status LOST
[decoded_serial_node-3] [INFO] [1791537632.560120384] [bw_dr03_decoded_serial_node]: RECEIVED /cmd_vel: linear.x=0.22, angular.z=0.0
[decoded_serial_node-3] [INFO] [1791537632.560715229] [bw_dr03_decoded_serial_node]: SEND MOTOR CMD: cd eb d7 09 74 46 46 53 53 1a 1a 00 00
[decoded_serial_node-3] [INFO] [1791537632.621103259] [bw_dr03_decoded_serial_node]: RECEIVED /cmd_vel: linear.x=0.22, angular.z=0.0
[decoded_serial_node-3] [INFO] [1791537632.621441644] [bw_dr03_decoded_serial_node]: SEND MOTOR CMD: cd eb d7 09 74 46 46 53 53 1a 1a 00 00
[decoded_serial_node-3] [INFO] [1791537632.686318913] [bw_dr03_decoded_serial_node]: RECEIVED /cmd_vel: linear.x=0.22, angular.z=0.0
[decoded_serial_node-3] [INFO] [1791537632.686559938] [bw_dr03_decoded_serial_node]: SEND MOTOR CMD: cd eb d7 09 74 46 46 53 53 1a 1a 00 00
[decoded_serial_node-3] [INFO] [1791537632.759356598] [bw_dr03_decoded_serial_node]: RECEIVED /cmd_vel: linear.x=0.22, angular.z=0.0
[decoded_serial_node-3] [INFO] [1791537632.759761472] [bw_dr03_decoded_serial_node]: SEND MOTOR CMD: cd eb d7 09 74 46 46 53 53 1a 1a 00 00
[decoded_serial_node-3] [INFO] [1791537632.819784997] [bw_dr03_decoded_serial_node]: RECEIVED /cmd_vel: linear.x=0.22, angular.z=-0.125
[decoded_serial_node-3] [INFO] [1791537632.820141191] [bw_dr03_decoded_serial_node]: SEND MOTOR CMD: cd eb d7 09 74 46 46 53 53 17 1d 00 00
[decoded_serial_node-3] [INFO] [1791537632.886727006] [bw_dr03_decoded_serial_node]: RECEIVED /cmd_vel: linear.x=0.22, angular.z=-0.125
[decoded_serial_node-3] [INFO] [1791537632.887061829] [bw_dr03_decoded_serial_node]: SEND MOTOR CMD: cd eb d7 09 74 46 46 53 53 17 1d 00 00
[decoded_serial_node-3] [INFO] [1791537632.960245554] [bw_dr03_decoded_serial_node]: RECEIVED /cmd_vel: linear.x=0.22, angular.z=-0.125
[decoded_serial_node-3] [INFO] [1791537632.960750163] [bw_dr03_decoded_serial_node]: SEND MOTOR CMD: cd eb d7 09 74 46 46 53 53 17 1d 00 00
[decoded_serial_node-3] [INFO] [1791537633.020825929] [bw_dr03_decoded_serial_node]: RECEIVED /cmd_vel: linear.x=0.22, angular.z=-0.125
[decoded_serial_node-3] [INFO] [1791537633.021064579] [bw_dr03_decoded_serial_node]: SEND MOTOR CMD: cd eb d7 09 74 46 46 53 53 17 1d 00 00
[decoded_serial_node-3] [INFO] [1791537633.085939473] [bw_dr03_decoded_serial_node]: RECEIVED /cmd_vel: linear.x=0.22, angular.z=-0.28500000000000003
[decoded_serial_node-3] [INFO] [1791537633.086185247] [bw_dr03_decoded_serial_node]: SEND MOTOR CMD: cd eb d7 09 74 46 46 53 53 13 21 00 00
[decoded_serial_node-3] [INFO] [1791537633.153735161] [bw_dr03_decoded_serial_node]: RECEIVED /cmd_vel: linear.x=0.22, angular.z=-0.40156250000000004
[decoded_serial_node-3] [INFO] [1791537633.154004682] [bw_dr03_decoded_serial_node]: SEND MOTOR CMD: cd eb d7 09 74 46 46 53 53 11 24 00 00
[decoded_serial_node-3] [INFO] [1791537633.228214246] [bw_dr03_decoded_serial_node]: RECEIVED /cmd_vel: linear.x=0.22, angular.z=-0.43798828125
[decoded_serial_node-3] [INFO] [1791537633.228443398] [bw_dr03_decoded_serial_node]: SEND MOTOR CMD: cd eb d7 09 74 46 46 53 53 10 25 00 00
[target_tracker-7] [INFO] [1791537633.273442637] [target_tracker_node]: muc tieu: d=2.11m goc=-74.1deg nguon=lidar_track conf=0.75 v=0.31m/s [NGOAI KHUNG HINH]
[decoded_serial_node-3] [INFO] [1791537633.286118413] [bw_dr03_decoded_serial_node]: RECEIVED /cmd_vel: linear.x=0.22, angular.z=-0.449371337890625
[decoded_serial_node-3] [INFO] [1791537633.286357063] [bw_dr03_decoded_serial_node]: SEND MOTOR CMD: cd eb d7 09 74 46 46 53 53 0f 25 00 00
[follow_planner-8] [INFO] [1791537633.353014116] [follow_planner_node]: [AVOID] di vong theo ban do (phai, 1.8m duong) | d=2.12m goc=-75deg | v=0.220 w=-0.453 | thoang=0.14m
[decoded_serial_node-3] [INFO] [1791537633.353262265] [bw_dr03_decoded_serial_node]: RECEIVED /cmd_vel: linear.x=0.22, angular.z=-0.4529285430908203
[decoded_serial_node-3] [INFO] [1791537633.353654079] [bw_dr03_decoded_serial_node]: SEND MOTOR CMD: cd eb d7 09 74 46 46 53 53 0f 25 00 00
[decoded_serial_node-3] [INFO] [1791537633.419094134] [bw_dr03_decoded_serial_node]: RECEIVED /cmd_vel: linear.x=0.22, angular.z=-0.45404016971588135
[decoded_serial_node-3] [INFO] [1791537633.419438456] [bw_dr03_decoded_serial_node]: SEND MOTOR CMD: cd eb d7 09 74 46 46 53 53 0f 26 00 00
[decoded_serial_node-3] [INFO] [1791537633.493859362] [bw_dr03_decoded_serial_node]: RECEIVED /cmd_vel: linear.x=0.22, angular.z=-0.4543875530362129
[decoded_serial_node-3] [INFO] [1791537633.494082577] [bw_dr03_decoded_serial_node]: SEND MOTOR CMD: cd eb d7 09 74 46 46 53 53 0f 26 00 00
[decoded_serial_node-3] [INFO] [1791537633.552220645] [bw_dr03_decoded_serial_node]: RECEIVED /cmd_vel: linear.x=0.22, angular.z=-0.45449611032381654
[decoded_serial_node-3] [INFO] [1791537633.552570903] [bw_dr03_decoded_serial_node]: SEND MOTOR CMD: cd eb d7 09 74 46 46 53 53 0f 26 00 00
[decoded_serial_node-3] [INFO] [1791537633.618801710] [bw_dr03_decoded_serial_node]: RECEIVED /cmd_vel: linear.x=0.22, angular.z=-0.45453003447619267
[decoded_serial_node-3] [INFO] [1791537633.619192337] [bw_dr03_decoded_serial_node]: SEND MOTOR CMD: cd eb d7 09 74 46 46 53 53 0f 26 00 00
[decoded_serial_node-3] [INFO] [1791537633.691411961] [bw_dr03_decoded_serial_node]: RECEIVED /cmd_vel: linear.x=0.22, angular.z=-0.4545406357738102
[decoded_serial_node-3] [INFO] [1791537633.692338067] [bw_dr03_decoded_serial_node]: SEND MOTOR CMD: cd eb d7 09 74 46 46 53 53 0f 26 00 00
[decoded_serial_node-3] [INFO] [1791537633.751864106] [bw_dr03_decoded_serial_node]: RECEIVED /cmd_vel: linear.x=0.22, angular.z=-0.5636351589434525
[decoded_serial_node-3] [INFO] [1791537633.752099194] [bw_dr03_decoded_serial_node]: SEND MOTOR CMD: cd eb d7 09 74 46 46 53 53 0d 28 00 00
[decoded_serial_node-3] [INFO] [1791537633.819969684] [bw_dr03_decoded_serial_node]: RECEIVED /cmd_vel: linear.x=0.22, angular.z=-0.4886359871698289
[decoded_serial_node-3] [INFO] [1791537633.820400679] [bw_dr03_decoded_serial_node]: SEND MOTOR CMD: cd eb d7 09 74 46 46 53 53 0f 26 00 00
[decoded_serial_node-3] [INFO] [1791537633.885926221] [bw_dr03_decoded_serial_node]: RECEIVED /cmd_vel: linear.x=0.22, angular.z=-0.46519874599057154
[decoded_serial_node-3] [INFO] [1791537633.886337032] [bw_dr03_decoded_serial_node]: SEND MOTOR CMD: cd eb d7 09 74 46 46 53 53 0f 26 00 00
[decoded_serial_node-3] [INFO] [1791537633.962144722] [bw_dr03_decoded_serial_node]: RECEIVED /cmd_vel: linear.x=0.22, angular.z=-0.5662996864976428
[decoded_serial_node-3] [INFO] [1791537633.962383373] [bw_dr03_decoded_serial_node]: SEND MOTOR CMD: cd eb d7 09 74 46 46 53 53 0d 28 00 00
[decoded_serial_node-3] [INFO] [1791537634.019609582] [bw_dr03_decoded_serial_node]: RECEIVED /cmd_vel: linear.x=0.22, angular.z=-0.5915749216244107
[decoded_serial_node-3] [INFO] [1791537634.019955091] [bw_dr03_decoded_serial_node]: SEND MOTOR CMD: cd eb d7 09 74 46 46 53 53 0c 29 00 00
[decoded_serial_node-3] [INFO] [1791537634.086314128] [bw_dr03_decoded_serial_node]: RECEIVED /cmd_vel: linear.x=0.22, angular.z=-0.4973671630076284
[decoded_serial_node-3] [INFO] [1791537634.086679821] [bw_dr03_decoded_serial_node]: SEND MOTOR CMD: cd eb d7 09 74 46 46 53 53 0e 27 00 00
[decoded_serial_node-3] [INFO] [1791537634.153817736] [bw_dr03_decoded_serial_node]: RECEIVED /cmd_vel: linear.x=0.22, angular.z=-0.574341790751907
[decoded_serial_node-3] [INFO] [1791537634.154061136] [bw_dr03_decoded_serial_node]: SEND MOTOR CMD: cd eb d7 09 74 46 46 53 53 0c 28 00 00
[decoded_serial_node-3] [INFO] [1791537634.232144908] [bw_dr03_decoded_serial_node]: RECEIVED /cmd_vel: linear.x=0.22, angular.z=-0.49198180960997095
[decoded_serial_node-3] [INFO] [1791537634.232732629] [bw_dr03_decoded_serial_node]: SEND MOTOR CMD: cd eb d7 09 74 46 46 53 53 0e 26 00 00
[decoded_serial_node-3] [INFO] [1791537634.287422734] [bw_dr03_decoded_serial_node]: RECEIVED /cmd_vel: linear.x=0.22, angular.z=-0.5729954524024927
[decoded_serial_node-3] [INFO] [1791537634.287825233] [bw_dr03_decoded_serial_node]: SEND MOTOR CMD: cd eb d7 09 74 46 46 53 53 0c 28 00 00
[target_tracker-7] [INFO] [1791537634.322615938] [target_tracker_node]: muc tieu: d=2.53m goc=-55.3deg nguon=lidar_track conf=0.75 v=0.57m/s [NGOAI KHUNG HINH]
[follow_planner-8] [INFO] [1791537634.353749713] [follow_planner_node]: [AVOID] di vong theo ban do (phai, 1.9m duong) | d=2.53m goc=-55deg | v=0.220 w=-0.492 | thoang=0.19m
[decoded_serial_node-3] [INFO] [1791537634.354167648] [bw_dr03_decoded_serial_node]: RECEIVED /cmd_vel: linear.x=0.22, angular.z=-0.49156107887577893
[decoded_serial_node-3] [INFO] [1791537634.354437168] [bw_dr03_decoded_serial_node]: SEND MOTOR CMD: cd eb d7 09 74 46 46 53 53 0e 26 00 00
[decoded_serial_node-3] [INFO] [1791537634.432332157] [bw_dr03_decoded_serial_node]: RECEIVED /cmd_vel: linear.x=0.22, angular.z=-0.4661128371486809
[decoded_serial_node-3] [INFO] [1791537634.432784524] [bw_dr03_decoded_serial_node]: SEND MOTOR CMD: cd eb d7 09 74 46 46 53 53 0f 26 00 00
[decoded_serial_node-3] [INFO] [1791537634.490702939] [bw_dr03_decoded_serial_node]: RECEIVED /cmd_vel: linear.x=0.22, angular.z=-0.45816026160896284
[decoded_serial_node-3] [INFO] [1791537634.491078130] [bw_dr03_decoded_serial_node]: SEND MOTOR CMD: cd eb d7 09 74 46 46 53 53 0f 26 00 00
[decoded_serial_node-3] [INFO] [1791537634.559121967] [bw_dr03_decoded_serial_node]: RECEIVED /cmd_vel: linear.x=0.22, angular.z=-0.4556750817528009
[decoded_serial_node-3] [INFO] [1791537634.559577896] [bw_dr03_decoded_serial_node]: SEND MOTOR CMD: cd eb d7 09 74 46 46 53 53 0f 26 00 00
[decoded_serial_node-3] [INFO] [1791537634.643397587] [bw_dr03_decoded_serial_node]: RECEIVED /cmd_vel: linear.x=0.22, angular.z=-0.4548984630477504
[decoded_serial_node-3] [INFO] [1791537634.643795338] [bw_dr03_decoded_serial_node]: SEND MOTOR CMD: cd eb d7 09 74 46 46 53 53 0f 26 00 00
[decoded_serial_node-3] [INFO] [1791537634.692875379] [bw_dr03_decoded_serial_node]: RECEIVED /cmd_vel: linear.x=0.22, angular.z=-0.45465576970242205
[decoded_serial_node-3] [INFO] [1791537634.693241072] [bw_dr03_decoded_serial_node]: SEND MOTOR CMD: cd eb d7 09 74 46 46 53 53 0f 26 00 00
[decoded_serial_node-3] [INFO] [1791537634.759728338] [bw_dr03_decoded_serial_node]: RECEIVED /cmd_vel: linear.x=0.22, angular.z=-0.45457992803200686
[decoded_serial_node-3] [INFO] [1791537634.760064349] [bw_dr03_decoded_serial_node]: SEND MOTOR CMD: cd eb d7 09 74 46 46 53 53 0f 26 00 00
[decoded_serial_node-3] [INFO] [1791537634.834937621] [bw_dr03_decoded_serial_node]: RECEIVED /cmd_vel: linear.x=0.22, angular.z=-0.45455622751000213
[decoded_serial_node-3] [INFO] [1791537634.835277193] [bw_dr03_decoded_serial_node]: SEND MOTOR CMD: cd eb d7 09 74 46 46 53 53 0f 26 00 00
[decoded_serial_node-3] [INFO] [1791537634.894078970] [bw_dr03_decoded_serial_node]: RECEIVED /cmd_vel: linear.x=0.22, angular.z=-0.45454882109687567
[decoded_serial_node-3] [INFO] [1791537634.894480282] [bw_dr03_decoded_serial_node]: SEND MOTOR CMD: cd eb d7 09 74 46 46 53 53 0f 26 00 00
[decoded_serial_node-3] [INFO] [1791537634.959805168] [bw_dr03_decoded_serial_node]: RECEIVED /cmd_vel: linear.x=0.22, angular.z=-0.4545465065927736
[decoded_serial_node-3] [INFO] [1791537634.960085374] [bw_dr03_decoded_serial_node]: SEND MOTOR CMD: cd eb d7 09 74 46 46 53 53 0f 26 00 00
[decoded_serial_node-3] [INFO] [1791537635.021500431] [bw_dr03_decoded_serial_node]: RECEIVED /cmd_vel: linear.x=0.22, angular.z=-0.34545493997229015
[decoded_serial_node-3] [INFO] [1791537635.021881559] [bw_dr03_decoded_serial_node]: SEND MOTOR CMD: cd eb d7 09 74 46 46 53 53 12 23 00 00
[decoded_serial_node-3] [INFO] [1791537635.086811068] [bw_dr03_decoded_serial_node]: RECEIVED /cmd_vel: linear.x=0.22, angular.z=-0.3045456024896088
[decoded_serial_node-3] [INFO] [1791537635.087208818] [bw_dr03_decoded_serial_node]: SEND MOTOR CMD: cd eb d7 09 74 46 46 53 53 13 22 00 00
[decoded_serial_node-3] [INFO] [1791537635.153830251] [bw_dr03_decoded_serial_node]: RECEIVED /cmd_vel: linear.x=0.22, angular.z=-0.28920460093360334
[decoded_serial_node-3] [INFO] [1791537635.154375228] [bw_dr03_decoded_serial_node]: SEND MOTOR CMD: cd eb d7 09 74 46 46 53 53 13 21 00 00
[decoded_serial_node-3] [INFO] [1791537635.209275487] [bw_dr03_decoded_serial_node]: RECEIVED /cmd_vel: linear.x=0.19666666666666666, angular.z=-0.44920460093360337
[decoded_serial_node-3] [INFO] [1791537635.209590126] [bw_dr03_decoded_serial_node]: SEND MOTOR CMD: cd eb d7 09 74 46 46 53 53 0d 23 00 00
[decoded_serial_node-3] [INFO] [1791537635.275918292] [bw_dr03_decoded_serial_node]: RECEIVED /cmd_vel: linear.x=0.17333333333333334, angular.z=-0.47036
[decoded_serial_node-3] [INFO] [1791537635.276244803] [bw_dr03_decoded_serial_node]: SEND MOTOR CMD: cd eb d7 09 74 46 46 53 53 09 20 00 00
[target_tracker-7] [INFO] [1791537635.323553370] [target_tracker_node]: muc tieu: d=2.90m goc=-11.6deg nguon=predicted conf=0.75 v=0.79m/s 
[follow_planner-8] [INFO] [1791537635.342625211] [follow_planner_node]: [OCCLUDED] nguoi ra khoi camera — xoay ve huong nho cuoi | d=2.90m goc=-12deg | v=0.150 w=-0.446 | thoang=-
[decoded_serial_node-3] [INFO] [1791537635.342831804] [bw_dr03_decoded_serial_node]: RECEIVED /cmd_vel: linear.x=0.15000000000000002, angular.z=-0.44616000000000006
[decoded_serial_node-3] [INFO] [1791537635.343209370] [bw_dr03_decoded_serial_node]: SEND MOTOR CMD: cd eb d7 09 74 46 46 53 53 07 1d 00 00
[decoded_serial_node-3] [INFO] [1791537635.408569874] [bw_dr03_decoded_serial_node]: RECEIVED /cmd_vel: linear.x=0.1266666666666667, angular.z=-0.36234000000000005
[decoded_serial_node-3] [INFO] [1791537635.408958126] [bw_dr03_decoded_serial_node]: SEND MOTOR CMD: cd eb d7 09 74 46 46 53 53 06 18 00 00
[decoded_serial_node-3] [INFO] [1791537635.489166004] [bw_dr03_decoded_serial_node]: RECEIVED /cmd_vel: linear.x=0.15000000000000002, angular.z=-0.20234000000000005
[decoded_serial_node-3] [INFO] [1791537635.489511513] [bw_dr03_decoded_serial_node]: SEND MOTOR CMD: cd eb d7 09 74 46 46 53 53 0d 17 00 00
[decoded_serial_node-3] [INFO] [1791537635.563732949] [bw_dr03_decoded_serial_node]: RECEIVED /cmd_vel: linear.x=0.17333333333333334, angular.z=-0.1260237500000001
[decoded_serial_node-3] [INFO] [1791537635.564049962] [bw_dr03_decoded_serial_node]: SEND MOTOR CMD: cd eb d7 09 74 46 46 53 53 12 18 00 00
[decoded_serial_node-3] [INFO] [1791537635.621436459] [bw_dr03_decoded_serial_node]: RECEIVED /cmd_vel: linear.x=0.19666666666666666, angular.z=-0.125
[decoded_serial_node-3] [INFO] [1791537635.621880515] [bw_dr03_decoded_serial_node]: SEND MOTOR CMD: cd eb d7 09 74 46 46 53 53 15 1b 00 00
[decoded_serial_node-3] [INFO] [1791537635.689818680] [bw_dr03_decoded_serial_node]: RECEIVED /cmd_vel: linear.x=0.21999999999999997, angular.z=-0.125
[decoded_serial_node-3] [INFO] [1791537635.690193871] [bw_dr03_decoded_serial_node]: SEND MOTOR CMD: cd eb d7 09 74 46 46 53 53 17 1d 00 00
[decoded_serial_node-3] [INFO] [1791537635.766548912] [bw_dr03_decoded_serial_node]: RECEIVED /cmd_vel: linear.x=0.22, angular.z=-0.125
[decoded_serial_node-3] [INFO] [1791537635.766817246] [bw_dr03_decoded_serial_node]: SEND MOTOR CMD: cd eb d7 09 74 46 46 53 53 17 1d 00 00
[decoded_serial_node-3] [INFO] [1791537635.823319192] [bw_dr03_decoded_serial_node]: RECEIVED /cmd_vel: linear.x=0.22, angular.z=-0.125
[decoded_serial_node-3] [INFO] [1791537635.823578027] [bw_dr03_decoded_serial_node]: SEND MOTOR CMD: cd eb d7 09 74 46 46 53 53 17 1d 00 00
[decoded_serial_node-3] [INFO] [1791537635.891259732] [bw_dr03_decoded_serial_node]: RECEIVED /cmd_vel: linear.x=0.22, angular.z=-0.125
[decoded_serial_node-3] [INFO] [1791537635.891532815] [bw_dr03_decoded_serial_node]: SEND MOTOR CMD: cd eb d7 09 74 46 46 53 53 17 1d 00 00
[decoded_serial_node-3] [INFO] [1791537635.955276196] [bw_dr03_decoded_serial_node]: RECEIVED /cmd_vel: linear.x=0.22, angular.z=0.0
[decoded_serial_node-3] [INFO] [1791537635.955770119] [bw_dr03_decoded_serial_node]: SEND MOTOR CMD: cd eb d7 09 74 46 46 53 53 1a 1a 00 00
[decoded_serial_node-3] [INFO] [1791537636.034677887] [bw_dr03_decoded_serial_node]: RECEIVED /cmd_vel: linear.x=0.22, angular.z=0.0
[decoded_serial_node-3] [INFO] [1791537636.034960468] [bw_dr03_decoded_serial_node]: SEND MOTOR CMD: cd eb d7 09 74 46 46 53 53 1a 1a 00 00
[decoded_serial_node-3] [INFO] [1791537636.090124310] [bw_dr03_decoded_serial_node]: RECEIVED /cmd_vel: linear.x=0.22, angular.z=0.0
[decoded_serial_node-3] [INFO] [1791537636.090488816] [bw_dr03_decoded_serial_node]: SEND MOTOR CMD: cd eb d7 09 74 46 46 53 53 1a 1a 00 00
[decoded_serial_node-3] [INFO] [1791537636.157804827] [bw_dr03_decoded_serial_node]: RECEIVED /cmd_vel: linear.x=0.22, angular.z=-0.125
[decoded_serial_node-3] [INFO] [1791537636.158079097] [bw_dr03_decoded_serial_node]: SEND MOTOR CMD: cd eb d7 09 74 46 46 53 53 17 1d 00 00
[decoded_serial_node-3] [INFO] [1791537636.233797737] [bw_dr03_decoded_serial_node]: RECEIVED /cmd_vel: linear.x=0.22, angular.z=-0.125
[decoded_serial_node-3] [INFO] [1791537636.234062508] [bw_dr03_decoded_serial_node]: SEND MOTOR CMD: cd eb d7 09 74 46 46 53 53 17 1d 00 00
[decoded_serial_node-3] [INFO] [1791537636.288727678] [bw_dr03_decoded_serial_node]: RECEIVED /cmd_vel: linear.x=0.22, angular.z=-0.125
[decoded_serial_node-3] [INFO] [1791537636.288980576] [bw_dr03_decoded_serial_node]: SEND MOTOR CMD: cd eb d7 09 74 46 46 53 53 17 1d 00 00
[decoded_serial_node-3] [INFO] [1791537636.355300430] [bw_dr03_decoded_serial_node]: RECEIVED /cmd_vel: linear.x=0.22, angular.z=-0.125
[decoded_serial_node-3] [INFO] [1791537636.355543830] [bw_dr03_decoded_serial_node]: SEND MOTOR CMD: cd eb d7 09 74 46 46 53 53 17 1d 00 00
[target_tracker-7] [INFO] [1791537636.372567552] [target_tracker_node]: muc tieu: d=3.03m goc=7.8deg nguon=predicted conf=0.38 v=0.28m/s 
[follow_planner-8] [INFO] [1791537636.422078588] [follow_planner_node]: [AVOID] di vong theo ban do (phai, 3.0m duong) | d=3.03m goc=8deg | v=0.220 w=-0.125 | thoang=0.16m
[decoded_serial_node-3] [INFO] [1791537636.422565387] [bw_dr03_decoded_serial_node]: RECEIVED /cmd_vel: linear.x=0.22, angular.z=-0.125
[decoded_serial_node-3] [INFO] [1791537636.423167356] [bw_dr03_decoded_serial_node]: SEND MOTOR CMD: cd eb d7 09 74 46 46 53 53 17 1d 00 00
[decoded_serial_node-3] [INFO] [1791537636.499883340] [bw_dr03_decoded_serial_node]: RECEIVED /cmd_vel: linear.x=0.22, angular.z=-0.125
[decoded_serial_node-3] [INFO] [1791537636.500145737] [bw_dr03_decoded_serial_node]: SEND MOTOR CMD: cd eb d7 09 74 46 46 53 53 17 1d 00 00
[decoded_serial_node-3] [INFO] [1791537636.555628967] [bw_dr03_decoded_serial_node]: RECEIVED /cmd_vel: linear.x=0.22, angular.z=-0.125
[decoded_serial_node-3] [INFO] [1791537636.555887801] [bw_dr03_decoded_serial_node]: SEND MOTOR CMD: cd eb d7 09 74 46 46 53 53 17 1d 00 00
[decoded_serial_node-3] [INFO] [1791537636.622829809] [bw_dr03_decoded_serial_node]: RECEIVED /cmd_vel: linear.x=0.22, angular.z=-0.125
[decoded_serial_node-3] [INFO] [1791537636.623181254] [bw_dr03_decoded_serial_node]: SEND MOTOR CMD: cd eb d7 09 74 46 46 53 53 17 1d 00 00
[decoded_serial_node-3] [INFO] [1791537636.696132262] [bw_dr03_decoded_serial_node]: RECEIVED /cmd_vel: linear.x=0.22, angular.z=-0.125
[decoded_serial_node-3] [INFO] [1791537636.696364976] [bw_dr03_decoded_serial_node]: SEND MOTOR CMD: cd eb d7 09 74 46 46 53 53 17 1d 00 00
[decoded_serial_node-3] [INFO] [1791537636.754478109] [bw_dr03_decoded_serial_node]: RECEIVED /cmd_vel: linear.x=0.22, angular.z=-0.125
[decoded_serial_node-3] [INFO] [1791537636.754932850] [bw_dr03_decoded_serial_node]: SEND MOTOR CMD: cd eb d7 09 74 46 46 53 53 17 1d 00 00
[decoded_serial_node-3] [INFO] [1791537636.821029489] [bw_dr03_decoded_serial_node]: RECEIVED /cmd_vel: linear.x=0.22, angular.z=-0.125
[decoded_serial_node-3] [INFO] [1791537636.821271702] [bw_dr03_decoded_serial_node]: SEND MOTOR CMD: cd eb d7 09 74 46 46 53 53 17 1d 00 00
[decoded_serial_node-3] [INFO] [1791537636.886165590] [bw_dr03_decoded_serial_node]: RECEIVED /cmd_vel: linear.x=0.22, angular.z=-0.125
[decoded_serial_node-3] [INFO] [1791537636.886404241] [bw_dr03_decoded_serial_node]: SEND MOTOR CMD: cd eb d7 09 74 46 46 53 53 17 1d 00 00
[decoded_serial_node-3] [INFO] [1791537636.961358249] [bw_dr03_decoded_serial_node]: RECEIVED /cmd_vel: linear.x=0.22, angular.z=-0.125
[decoded_serial_node-3] [INFO] [1791537636.961606398] [bw_dr03_decoded_serial_node]: SEND MOTOR CMD: cd eb d7 09 74 46 46 53 53 17 1d 00 00
[decoded_serial_node-3] [INFO] [1791537637.017677349] [bw_dr03_decoded_serial_node]: RECEIVED /cmd_vel: linear.x=0.22, angular.z=-0.125
[decoded_serial_node-3] [INFO] [1791537637.018238949] [bw_dr03_decoded_serial_node]: SEND MOTOR CMD: cd eb d7 09 74 46 46 53 53 17 1d 00 00
[decoded_serial_node-3] [INFO] [1791537637.084805764] [bw_dr03_decoded_serial_node]: RECEIVED /cmd_vel: linear.x=0.22, angular.z=-0.125
[decoded_serial_node-3] [INFO] [1791537637.085055100] [bw_dr03_decoded_serial_node]: SEND MOTOR CMD: cd eb d7 09 74 46 46 53 53 17 1d 00 00
[decoded_serial_node-3] [INFO] [1791537637.152434039] [bw_dr03_decoded_serial_node]: RECEIVED /cmd_vel: linear.x=0.22, angular.z=-0.125
[decoded_serial_node-3] [INFO] [1791537637.152695248] [bw_dr03_decoded_serial_node]: SEND MOTOR CMD: cd eb d7 09 74 46 46 53 53 17 1d 00 00
[decoded_serial_node-3] [INFO] [1791537637.226478564] [bw_dr03_decoded_serial_node]: RECEIVED /cmd_vel: linear.x=0.22, angular.z=0.0
[decoded_serial_node-3] [INFO] [1791537637.226731462] [bw_dr03_decoded_serial_node]: SEND MOTOR CMD: cd eb d7 09 74 46 46 53 53 1a 1a 00 00
[decoded_serial_node-3] [INFO] [1791537637.286277683] [bw_dr03_decoded_serial_node]: RECEIVED /cmd_vel: linear.x=0.22, angular.z=0.0
[decoded_serial_node-3] [INFO] [1791537637.286686120] [bw_dr03_decoded_serial_node]: SEND MOTOR CMD: cd eb d7 09 74 46 46 53 53 1a 1a 00 00
[decoded_serial_node-3] [INFO] [1791537637.352282898] [bw_dr03_decoded_serial_node]: RECEIVED /cmd_vel: linear.x=0.22, angular.z=0.0
[decoded_serial_node-3] [INFO] [1791537637.352622471] [bw_dr03_decoded_serial_node]: SEND MOTOR CMD: cd eb d7 09 74 46 46 53 53 1a 1a 00 00
[target_tracker-7] [INFO] [1791537637.372983735] [target_tracker_node]: muc tieu: d=2.95m goc=17.6deg nguon=predicted conf=0.00 v=0.10m/s 
[decoded_serial_node-3] [INFO] [1791537637.430873653] [bw_dr03_decoded_serial_node]: RECEIVED /cmd_vel: linear.x=0.22, angular.z=0.0
[decoded_serial_node-3] [INFO] [1791537637.432292494] [bw_dr03_decoded_serial_node]: SEND MOTOR CMD: cd eb d7 09 74 46 46 53 53 1a 1a 00 00
[follow_planner-8] [INFO] [1791537637.484708889] [follow_planner_node]: [SEARCH] mat nguoi — lai toi cho thay lan cuoi (di vong theo ban do (phai, 2.5m duong)) | d=- goc=- | v=0.220 w=0.000 | thoang=0.17m
[decoded_serial_node-3] [INFO] [1791537637.485252679] [bw_dr03_decoded_serial_node]: RECEIVED /cmd_vel: linear.x=0.22, angular.z=0.0
[decoded_serial_node-3] [INFO] [1791537637.485751351] [bw_dr03_decoded_serial_node]: SEND MOTOR CMD: cd eb d7 09 74 46 46 53 53 1a 1a 00 00
[decoded_serial_node-3] [INFO] [1791537637.551984531] [bw_dr03_decoded_serial_node]: RECEIVED /cmd_vel: linear.x=0.22, angular.z=0.0
[decoded_serial_node-3] [INFO] [1791537637.552231493] [bw_dr03_decoded_serial_node]: SEND MOTOR CMD: cd eb d7 09 74 46 46 53 53 1a 1a 00 00
[decoded_serial_node-3] [INFO] [1791537637.627016902] [bw_dr03_decoded_serial_node]: RECEIVED /cmd_vel: linear.x=0.22, angular.z=0.0
[decoded_serial_node-3] [INFO] [1791537637.627255552] [bw_dr03_decoded_serial_node]: SEND MOTOR CMD: cd eb d7 09 74 46 46 53 53 1a 1a 00 00
[decoded_serial_node-3] [INFO] [1791537637.685828176] [bw_dr03_decoded_serial_node]: RECEIVED /cmd_vel: linear.x=0.22, angular.z=0.0
[decoded_serial_node-3] [INFO] [1791537637.686073950] [bw_dr03_decoded_serial_node]: SEND MOTOR CMD: cd eb d7 09 74 46 46 53 53 1a 1a 00 00
[decoded_serial_node-3] [INFO] [1791537637.753461199] [bw_dr03_decoded_serial_node]: RECEIVED /cmd_vel: linear.x=0.22, angular.z=0.0
[decoded_serial_node-3] [INFO] [1791537637.754257888] [bw_dr03_decoded_serial_node]: SEND MOTOR CMD: cd eb d7 09 74 46 46 53 53 1a 1a 00 00
[decoded_serial_node-3] [INFO] [1791537637.828807022] [bw_dr03_decoded_serial_node]: RECEIVED /cmd_vel: linear.x=0.22, angular.z=0.0
[decoded_serial_node-3] [INFO] [1791537637.829102663] [bw_dr03_decoded_serial_node]: SEND MOTOR CMD: cd eb d7 09 74 46 46 53 53 1a 1a 00 00
[decoded_serial_node-3] [INFO] [1791537637.885299469] [bw_dr03_decoded_serial_node]: RECEIVED /cmd_vel: linear.x=0.22, angular.z=0.0
[decoded_serial_node-3] [INFO] [1791537637.885539307] [bw_dr03_decoded_serial_node]: SEND MOTOR CMD: cd eb d7 09 74 46 46 53 53 1a 1a 00 00
[decoded_serial_node-3] [INFO] [1791537637.952126306] [bw_dr03_decoded_serial_node]: RECEIVED /cmd_vel: linear.x=0.22, angular.z=0.0
[decoded_serial_node-3] [INFO] [1791537637.952370893] [bw_dr03_decoded_serial_node]: SEND MOTOR CMD: cd eb d7 09 74 46 46 53 53 1a 1a 00 00
[decoded_serial_node-3] [INFO] [1791537638.020859971] [bw_dr03_decoded_serial_node]: RECEIVED /cmd_vel: linear.x=0.22, angular.z=0.0
[decoded_serial_node-3] [INFO] [1791537638.021121180] [bw_dr03_decoded_serial_node]: SEND MOTOR CMD: cd eb d7 09 74 46 46 53 53 1a 1a 00 00
[decoded_serial_node-3] [INFO] [1791537638.094098308] [bw_dr03_decoded_serial_node]: RECEIVED /cmd_vel: linear.x=0.22, angular.z=0.0
[decoded_serial_node-3] [INFO] [1791537638.094358330] [bw_dr03_decoded_serial_node]: SEND MOTOR CMD: cd eb d7 09 74 46 46 53 53 1a 1a 00 00
[decoded_serial_node-3] [INFO] [1791537638.152323048] [bw_dr03_decoded_serial_node]: RECEIVED /cmd_vel: linear.x=0.22, angular.z=0.0
[decoded_serial_node-3] [INFO] [1791537638.152568822] [bw_dr03_decoded_serial_node]: SEND MOTOR CMD: cd eb d7 09 74 46 46 53 53 1a 1a 00 00
[decoded_serial_node-3] [INFO] [1791537638.218851868] [bw_dr03_decoded_serial_node]: RECEIVED /cmd_vel: linear.x=0.22, angular.z=0.0
[decoded_serial_node-3] [INFO] [1791537638.219111890] [bw_dr03_decoded_serial_node]: SEND MOTOR CMD: cd eb d7 09 74 46 46 53 53 1a 1a 00 00
[decoded_serial_node-3] [INFO] [1791537638.285017370] [bw_dr03_decoded_serial_node]: RECEIVED /cmd_vel: linear.x=0.22, angular.z=0.0
[decoded_serial_node-3] [INFO] [1791537638.285258395] [bw_dr03_decoded_serial_node]: SEND MOTOR CMD: cd eb d7 09 74 46 46 53 53 1a 1a 00 00
[decoded_serial_node-3] [INFO] [1791537638.360681392] [bw_dr03_decoded_serial_node]: RECEIVED /cmd_vel: linear.x=0.22, angular.z=0.0
[decoded_serial_node-3] [INFO] [1791537638.360909357] [bw_dr03_decoded_serial_node]: SEND MOTOR CMD: cd eb d7 09 74 46 46 53 53 1a 1a 00 00
[decoded_serial_node-3] [INFO] [1791537638.419749125] [bw_dr03_decoded_serial_node]: RECEIVED /cmd_vel: linear.x=0.22, angular.z=0.0
[decoded_serial_node-3] [INFO] [1791537638.420324973] [bw_dr03_decoded_serial_node]: SEND MOTOR CMD: cd eb d7 09 74 46 46 53 53 1a 1a 00 00
[target_tracker-7] [INFO] [1791537638.422352907] [target_tracker_node]: muc tieu: d=2.79m goc=20.1deg nguon=predicted conf=0.00 v=0.04m/s 
[decoded_serial_node-3] [INFO] [1791537638.485298411] [bw_dr03_decoded_serial_node]: RECEIVED /cmd_vel: linear.x=0.22, angular.z=0.0
[decoded_serial_node-3] [INFO] [1791537638.485547747] [bw_dr03_decoded_serial_node]: SEND MOTOR CMD: cd eb d7 09 74 46 46 53 53 1a 1a 00 00
[follow_planner-8] [INFO] [1791537638.552476692] [follow_planner_node]: [SEARCH] mat nguoi — lai toi cho thay lan cuoi (di vong theo ban do (trai, 2.3m duong)) | d=- goc=- | v=0.220 w=0.000 | thoang=0.18m
[decoded_serial_node-3] [INFO] [1791537638.552575240] [bw_dr03_decoded_serial_node]: RECEIVED /cmd_vel: linear.x=0.22, angular.z=0.0
[decoded_serial_node-3] [INFO] [1791537638.553170084] [bw_dr03_decoded_serial_node]: SEND MOTOR CMD: cd eb d7 09 74 46 46 53 53 1a 1a 00 00
[decoded_serial_node-3] [INFO] [1791537638.627569616] [bw_dr03_decoded_serial_node]: RECEIVED /cmd_vel: linear.x=0.22, angular.z=0.0
[decoded_serial_node-3] [INFO] [1791537638.627837949] [bw_dr03_decoded_serial_node]: SEND MOTOR CMD: cd eb d7 09 74 46 46 53 53 1a 1a 00 00
[decoded_serial_node-3] [INFO] [1791537638.684947800] [bw_dr03_decoded_serial_node]: RECEIVED /cmd_vel: linear.x=0.22, angular.z=0.0
[decoded_serial_node-3] [INFO] [1791537638.685488028] [bw_dr03_decoded_serial_node]: SEND MOTOR CMD: cd eb d7 09 74 46 46 53 53 1a 1a 00 00
[decoded_serial_node-3] [INFO] [1791537638.751530049] [bw_dr03_decoded_serial_node]: RECEIVED /cmd_vel: linear.x=0.22, angular.z=0.0
[decoded_serial_node-3] [INFO] [1791537638.751800757] [bw_dr03_decoded_serial_node]: SEND MOTOR CMD: cd eb d7 09 74 46 46 53 53 1a 1a 00 00
[decoded_serial_node-3] [INFO] [1791537638.826177730] [bw_dr03_decoded_serial_node]: RECEIVED /cmd_vel: linear.x=0.22, angular.z=0.0
[decoded_serial_node-3] [INFO] [1791537638.826427066] [bw_dr03_decoded_serial_node]: SEND MOTOR CMD: cd eb d7 09 74 46 46 53 53 1a 1a 00 00
[decoded_serial_node-3] [INFO] [1791537638.885009187] [bw_dr03_decoded_serial_node]: RECEIVED /cmd_vel: linear.x=0.22, angular.z=0.0
[decoded_serial_node-3] [INFO] [1791537638.885250212] [bw_dr03_decoded_serial_node]: SEND MOTOR CMD: cd eb d7 09 74 46 46 53 53 1a 1a 00 00
[decoded_serial_node-3] [INFO] [1791537638.951315979] [bw_dr03_decoded_serial_node]: RECEIVED /cmd_vel: linear.x=0.22, angular.z=0.0
[decoded_serial_node-3] [INFO] [1791537638.951576001] [bw_dr03_decoded_serial_node]: SEND MOTOR CMD: cd eb d7 09 74 46 46 53 53 1a 1a 00 00
[decoded_serial_node-3] [INFO] [1791537639.019851362] [bw_dr03_decoded_serial_node]: RECEIVED /cmd_vel: linear.x=0.22, angular.z=0.0
[decoded_serial_node-3] [INFO] [1791537639.020395152] [bw_dr03_decoded_serial_node]: SEND MOTOR CMD: cd eb d7 09 74 46 46 53 53 1a 1a 00 00
[decoded_serial_node-3] [INFO] [1791537639.094178467] [bw_dr03_decoded_serial_node]: RECEIVED /cmd_vel: linear.x=0.22, angular.z=0.0
[decoded_serial_node-3] [INFO] [1791537639.094746003] [bw_dr03_decoded_serial_node]: SEND MOTOR CMD: cd eb d7 09 74 46 46 53 53 1a 1a 00 00
[decoded_serial_node-3] [INFO] [1791537639.152279725] [bw_dr03_decoded_serial_node]: RECEIVED /cmd_vel: linear.x=0.22, angular.z=0.0
[decoded_serial_node-3] [INFO] [1791537639.152523124] [bw_dr03_decoded_serial_node]: SEND MOTOR CMD: cd eb d7 09 74 46 46 53 53 1a 1a 00 00
[decoded_serial_node-3] [INFO] [1791537639.219161177] [bw_dr03_decoded_serial_node]: RECEIVED /cmd_vel: linear.x=0.22, angular.z=0.0
[decoded_serial_node-3] [INFO] [1791537639.219709717] [bw_dr03_decoded_serial_node]: SEND MOTOR CMD: cd eb d7 09 74 46 46 53 53 1a 1a 00 00
[decoded_serial_node-3] [INFO] [1791537639.292999108] [bw_dr03_decoded_serial_node]: RECEIVED /cmd_vel: linear.x=0.22, angular.z=0.0
[decoded_serial_node-3] [INFO] [1791537639.293529838] [bw_dr03_decoded_serial_node]: SEND MOTOR CMD: cd eb d7 09 74 46 46 53 53 1a 1a 00 00
[decoded_serial_node-3] [INFO] [1791537639.352311428] [bw_dr03_decoded_serial_node]: RECEIVED /cmd_vel: linear.x=0.22, angular.z=0.0
[decoded_serial_node-3] [INFO] [1791537639.352547703] [bw_dr03_decoded_serial_node]: SEND MOTOR CMD: cd eb d7 09 74 46 46 53 53 1a 1a 00 00
[decoded_serial_node-3] [INFO] [1791537639.418031686] [bw_dr03_decoded_serial_node]: RECEIVED /cmd_vel: linear.x=0.22, angular.z=0.0
[decoded_serial_node-3] [INFO] [1791537639.418612283] [bw_dr03_decoded_serial_node]: SEND MOTOR CMD: cd eb d7 09 74 46 46 53 53 1a 1a 00 00
[target_tracker-7] [INFO] [1791537639.472077076] [target_tracker_node]: muc tieu: d=2.61m goc=22.1deg nguon=predicted conf=0.00 v=0.01m/s 
[decoded_serial_node-3] [INFO] [1791537639.486263116] [bw_dr03_decoded_serial_node]: RECEIVED /cmd_vel: linear.x=0.22, angular.z=0.0
[decoded_serial_node-3] [INFO] [1791537639.486497017] [bw_dr03_decoded_serial_node]: SEND MOTOR CMD: cd eb d7 09 74 46 46 53 53 1a 1a 00 00
[decoded_serial_node-3] [INFO] [1791537639.559472957] [bw_dr03_decoded_serial_node]: RECEIVED /cmd_vel: linear.x=0.22, angular.z=0.0
[decoded_serial_node-3] [INFO] [1791537639.559719918] [bw_dr03_decoded_serial_node]: SEND MOTOR CMD: cd eb d7 09 74 46 46 53 53 1a 1a 00 00
[follow_planner-8] [INFO] [1791537639.618566810] [follow_planner_node]: [SEARCH] mat nguoi — lai toi cho thay lan cuoi (di vong theo ban do (trai, 2.1m duong)) | d=- goc=- | v=0.220 w=0.000 | thoang=0.29m
[decoded_serial_node-3] [INFO] [1791537639.618700977] [bw_dr03_decoded_serial_node]: RECEIVED /cmd_vel: linear.x=0.22, angular.z=0.0
[decoded_serial_node-3] [INFO] [1791537639.619010866] [bw_dr03_decoded_serial_node]: SEND MOTOR CMD: cd eb d7 09 74 46 46 53 53 1a 1a 00 00
[decoded_serial_node-3] [INFO] [1791537639.686674759] [bw_dr03_decoded_serial_node]: RECEIVED /cmd_vel: linear.x=0.22, angular.z=0.0
[decoded_serial_node-3] [INFO] [1791537639.686941905] [bw_dr03_decoded_serial_node]: SEND MOTOR CMD: cd eb d7 09 74 46 46 53 53 1a 1a 00 00
[decoded_serial_node-3] [INFO] [1791537639.760748966] [bw_dr03_decoded_serial_node]: RECEIVED /cmd_vel: linear.x=0.22, angular.z=0.0
[decoded_serial_node-3] [INFO] [1791537639.761108722] [bw_dr03_decoded_serial_node]: SEND MOTOR CMD: cd eb d7 09 74 46 46 53 53 1a 1a 00 00
[decoded_serial_node-3] [INFO] [1791537639.820384235] [bw_dr03_decoded_serial_node]: RECEIVED /cmd_vel: linear.x=0.22, angular.z=0.0
[decoded_serial_node-3] [INFO] [1791537639.820945835] [bw_dr03_decoded_serial_node]: SEND MOTOR CMD: cd eb d7 09 74 46 46 53 53 1a 1a 00 00
[decoded_serial_node-3] [INFO] [1791537639.885810039] [bw_dr03_decoded_serial_node]: RECEIVED /cmd_vel: linear.x=0.22, angular.z=0.0
[decoded_serial_node-3] [INFO] [1791537639.886049877] [bw_dr03_decoded_serial_node]: SEND MOTOR CMD: cd eb d7 09 74 46 46 53 53 1a 1a 00 00
[decoded_serial_node-3] [INFO] [1791537639.960981325] [bw_dr03_decoded_serial_node]: RECEIVED /cmd_vel: linear.x=0.22, angular.z=0.125
[decoded_serial_node-3] [INFO] [1791537639.961235410] [bw_dr03_decoded_serial_node]: SEND MOTOR CMD: cd eb d7 09 74 46 46 53 53 1d 17 00 00
[decoded_serial_node-3] [INFO] [1791537640.020252088] [bw_dr03_decoded_serial_node]: RECEIVED /cmd_vel: linear.x=0.22, angular.z=0.125
[decoded_serial_node-3] [INFO] [1791537640.020602346] [bw_dr03_decoded_serial_node]: SEND MOTOR CMD: cd eb d7 09 74 46 46 53 53 1d 17 00 00
[decoded_serial_node-3] [INFO] [1791537640.086013902] [bw_dr03_decoded_serial_node]: RECEIVED /cmd_vel: linear.x=0.22, angular.z=0.0
[decoded_serial_node-3] [INFO] [1791537640.086254927] [bw_dr03_decoded_serial_node]: SEND MOTOR CMD: cd eb d7 09 74 46 46 53 53 1a 1a 00 00
[decoded_serial_node-3] [INFO] [1791537640.153039019] [bw_dr03_decoded_serial_node]: RECEIVED /cmd_vel: linear.x=0.22, angular.z=0.125
[decoded_serial_node-3] [INFO] [1791537640.153280044] [bw_dr03_decoded_serial_node]: SEND MOTOR CMD: cd eb d7 09 74 46 46 53 53 1d 17 00 00
[decoded_serial_node-3] [INFO] [1791537640.228418084] [bw_dr03_decoded_serial_node]: RECEIVED /cmd_vel: linear.x=0.22, angular.z=0.125
[decoded_serial_node-3] [INFO] [1791537640.228972560] [bw_dr03_decoded_serial_node]: SEND MOTOR CMD: cd eb d7 09 74 46 46 53 53 1d 17 00 00
[follow_planner-8] [INFO] [1791537640.232397964] [follow_planner_node]: self-filter: bo 15/193 tia dap vao than xe
[decoded_serial_node-3] [INFO] [1791537640.286552586] [bw_dr03_decoded_serial_node]: RECEIVED /cmd_vel: linear.x=0.22, angular.z=0.125
[decoded_serial_node-3] [INFO] [1791537640.286814983] [bw_dr03_decoded_serial_node]: SEND MOTOR CMD: cd eb d7 09 74 46 46 53 53 1d 17 00 00
[decoded_serial_node-3] [INFO] [1791537640.353228633] [bw_dr03_decoded_serial_node]: RECEIVED /cmd_vel: linear.x=0.22, angular.z=0.125
[decoded_serial_node-3] [INFO] [1791537640.353475594] [bw_dr03_decoded_serial_node]: SEND MOTOR CMD: cd eb d7 09 74 46 46 53 53 1d 17 00 00
[decoded_serial_node-3] [INFO] [1791537640.418963138] [bw_dr03_decoded_serial_node]: RECEIVED /cmd_vel: linear.x=0.22, angular.z=0.125
[decoded_serial_node-3] [INFO] [1791537640.419208912] [bw_dr03_decoded_serial_node]: SEND MOTOR CMD: cd eb d7 09 74 46 46 53 53 1d 17 00 00
[target_tracker-7] [INFO] [1791537640.472809059] [target_tracker_node]: muc tieu: no_target_yet
[decoded_serial_node-3] [INFO] [1791537640.491306239] [bw_dr03_decoded_serial_node]: RECEIVED /cmd_vel: linear.x=0.22, angular.z=0.0
[decoded_serial_node-3] [INFO] [1791537640.491553200] [bw_dr03_decoded_serial_node]: SEND MOTOR CMD: cd eb d7 09 74 46 46 53 53 1a 1a 00 00
[decoded_serial_node-3] [INFO] [1791537640.552492141] [bw_dr03_decoded_serial_node]: RECEIVED /cmd_vel: linear.x=0.22, angular.z=0.0
[decoded_serial_node-3] [INFO] [1791537640.552761661] [bw_dr03_decoded_serial_node]: SEND MOTOR CMD: cd eb d7 09 74 46 46 53 53 1a 1a 00 00
[decoded_serial_node-3] [INFO] [1791537640.618386934] [bw_dr03_decoded_serial_node]: RECEIVED /cmd_vel: linear.x=0.22, angular.z=0.0
[decoded_serial_node-3] [INFO] [1791537640.618642207] [bw_dr03_decoded_serial_node]: SEND MOTOR CMD: cd eb d7 09 74 46 46 53 53 1a 1a 00 00
[follow_planner-8] [INFO] [1791537640.691298759] [follow_planner_node]: [SEARCH] mat nguoi — lai toi cho thay lan cuoi (di vong theo ban do (trai, 1.8m duong)) | d=- goc=- | v=0.220 w=0.000 | thoang=0.26m
[decoded_serial_node-3] [INFO] [1791537640.691388995] [bw_dr03_decoded_serial_node]: RECEIVED /cmd_vel: linear.x=0.22, angular.z=0.0
[decoded_serial_node-3] [INFO] [1791537640.691621708] [bw_dr03_decoded_serial_node]: SEND MOTOR CMD: cd eb d7 09 74 46 46 53 53 1a 1a 00 00
[decoded_serial_node-3] [INFO] [1791537640.754437794] [bw_dr03_decoded_serial_node]: RECEIVED /cmd_vel: linear.x=0.22, angular.z=0.0
[decoded_serial_node-3] [INFO] [1791537640.754835544] [bw_dr03_decoded_serial_node]: SEND MOTOR CMD: cd eb d7 09 74 46 46 53 53 1a 1a 00 00
[decoded_serial_node-3] [INFO] [1791537640.819330493] [bw_dr03_decoded_serial_node]: RECEIVED /cmd_vel: linear.x=0.22, angular.z=0.0
[decoded_serial_node-3] [INFO] [1791537640.819624947] [bw_dr03_decoded_serial_node]: SEND MOTOR CMD: cd eb d7 09 74 46 46 53 53 1a 1a 00 00
[decoded_serial_node-3] [INFO] [1791537640.886283184] [bw_dr03_decoded_serial_node]: RECEIVED /cmd_vel: linear.x=0.22, angular.z=0.0
[decoded_serial_node-3] [INFO] [1791537640.886750986] [bw_dr03_decoded_serial_node]: SEND MOTOR CMD: cd eb d7 09 74 46 46 53 53 1a 1a 00 00
[decoded_serial_node-3] [INFO] [1791537640.960417943] [bw_dr03_decoded_serial_node]: RECEIVED /cmd_vel: linear.x=0.22, angular.z=0.125
[decoded_serial_node-3] [INFO] [1791537640.961034159] [bw_dr03_decoded_serial_node]: SEND MOTOR CMD: cd eb d7 09 74 46 46 53 53 1d 17 00 00
[decoded_serial_node-3] [INFO] [1791537641.019377629] [bw_dr03_decoded_serial_node]: RECEIVED /cmd_vel: linear.x=0.22, angular.z=0.125
[decoded_serial_node-3] [INFO] [1791537641.019919045] [bw_dr03_decoded_serial_node]: SEND MOTOR CMD: cd eb d7 09 74 46 46 53 53 1d 17 00 00
[decoded_serial_node-3] [INFO] [1791537641.085422023] [bw_dr03_decoded_serial_node]: RECEIVED /cmd_vel: linear.x=0.22, angular.z=0.125
[decoded_serial_node-3] [INFO] [1791537641.085948004] [bw_dr03_decoded_serial_node]: SEND MOTOR CMD: cd eb d7 09 74 46 46 53 53 1d 17 00 00
[decoded_serial_node-3] [INFO] [1791537641.158695978] [bw_dr03_decoded_serial_node]: RECEIVED /cmd_vel: linear.x=0.22, angular.z=0.0
[decoded_serial_node-3] [INFO] [1791537641.158933441] [bw_dr03_decoded_serial_node]: SEND MOTOR CMD: cd eb d7 09 74 46 46 53 53 1a 1a 00 00
[decoded_serial_node-3] [INFO] [1791537641.219371334] [bw_dr03_decoded_serial_node]: RECEIVED /cmd_vel: linear.x=0.22, angular.z=0.0
[decoded_serial_node-3] [INFO] [1791537641.219702595] [bw_dr03_decoded_serial_node]: SEND MOTOR CMD: cd eb d7 09 74 46 46 53 53 1a 1a 00 00
[decoded_serial_node-3] [INFO] [1791537641.286327586] [bw_dr03_decoded_serial_node]: RECEIVED /cmd_vel: linear.x=0.22, angular.z=0.0
[decoded_serial_node-3] [INFO] [1791537641.286569799] [bw_dr03_decoded_serial_node]: SEND MOTOR CMD: cd eb d7 09 74 46 46 53 53 1a 1a 00 00
[decoded_serial_node-3] [INFO] [1791537641.354284745] [bw_dr03_decoded_serial_node]: RECEIVED /cmd_vel: linear.x=0.22, angular.z=0.0
[decoded_serial_node-3] [INFO] [1791537641.354738299] [bw_dr03_decoded_serial_node]: SEND MOTOR CMD: cd eb d7 09 74 46 46 53 53 1a 1a 00 00
[decoded_serial_node-3] [INFO] [1791537641.426832063] [bw_dr03_decoded_serial_node]: RECEIVED /cmd_vel: linear.x=0.22, angular.z=0.0
[decoded_serial_node-3] [INFO] [1791537641.427093273] [bw_dr03_decoded_serial_node]: SEND MOTOR CMD: cd eb d7 09 74 46 46 53 53 1a 1a 00 00
[decoded_serial_node-3] [INFO] [1791537641.486068394] [bw_dr03_decoded_serial_node]: RECEIVED /cmd_vel: linear.x=0.22, angular.z=0.0
[decoded_serial_node-3] [INFO] [1791537641.486317730] [bw_dr03_decoded_serial_node]: SEND MOTOR CMD: cd eb d7 09 74 46 46 53 53 1a 1a 00 00
[target_tracker-7] [INFO] [1791537641.522959457] [target_tracker_node]: muc tieu: no_target_yet
[decoded_serial_node-3] [INFO] [1791537641.555178435] [bw_dr03_decoded_serial_node]: RECEIVED /cmd_vel: linear.x=0.22, angular.z=0.0
[decoded_serial_node-3] [INFO] [1791537641.555419460] [bw_dr03_decoded_serial_node]: SEND MOTOR CMD: cd eb d7 09 74 46 46 53 53 1a 1a 00 00
[decoded_serial_node-3] [INFO] [1791537641.626627487] [bw_dr03_decoded_serial_node]: RECEIVED /cmd_vel: linear.x=0.22, angular.z=0.0
[decoded_serial_node-3] [INFO] [1791537641.626980120] [bw_dr03_decoded_serial_node]: SEND MOTOR CMD: cd eb d7 09 74 46 46 53 53 1a 1a 00 00
[decoded_serial_node-3] [INFO] [1791537641.686305499] [bw_dr03_decoded_serial_node]: RECEIVED /cmd_vel: linear.x=0.22, angular.z=0.0
[decoded_serial_node-3] [INFO] [1791537641.686545336] [bw_dr03_decoded_serial_node]: SEND MOTOR CMD: cd eb d7 09 74 46 46 53 53 1a 1a 00 00
[follow_planner-8] [INFO] [1791537641.753312805] [follow_planner_node]: [SEARCH] mat nguoi — lai toi cho thay lan cuoi (di vong theo ban do (trai, 1.4m duong)) | d=- goc=- | v=0.220 w=0.000 | thoang=0.26m
[decoded_serial_node-3] [INFO] [1791537641.753610821] [bw_dr03_decoded_serial_node]: RECEIVED /cmd_vel: linear.x=0.22, angular.z=0.0
[decoded_serial_node-3] [INFO] [1791537641.754003823] [bw_dr03_decoded_serial_node]: SEND MOTOR CMD: cd eb d7 09 74 46 46 53 53 1a 1a 00 00
[decoded_serial_node-3] [INFO] [1791537641.821096616] [bw_dr03_decoded_serial_node]: RECEIVED /cmd_vel: linear.x=0.22, angular.z=0.0
[decoded_serial_node-3] [INFO] [1791537641.821426690] [bw_dr03_decoded_serial_node]: SEND MOTOR CMD: cd eb d7 09 74 46 46 53 53 1a 1a 00 00
[decoded_serial_node-3] [INFO] [1791537641.892039872] [bw_dr03_decoded_serial_node]: RECEIVED /cmd_vel: linear.x=0.22, angular.z=0.0
[decoded_serial_node-3] [INFO] [1791537641.892290395] [bw_dr03_decoded_serial_node]: SEND MOTOR CMD: cd eb d7 09 74 46 46 53 53 1a 1a 00 00
[decoded_serial_node-3] [INFO] [1791537641.953814681] [bw_dr03_decoded_serial_node]: RECEIVED /cmd_vel: linear.x=0.22, angular.z=0.0
[decoded_serial_node-3] [INFO] [1791537641.954087764] [bw_dr03_decoded_serial_node]: SEND MOTOR CMD: cd eb d7 09 74 46 46 53 53 1a 1a 00 00
[decoded_serial_node-3] [INFO] [1791537642.019679791] [bw_dr03_decoded_serial_node]: RECEIVED /cmd_vel: linear.x=0.22, angular.z=0.0
[decoded_serial_node-3] [INFO] [1791537642.019925565] [bw_dr03_decoded_serial_node]: SEND MOTOR CMD: cd eb d7 09 74 46 46 53 53 1a 1a 00 00
[decoded_serial_node-3] [INFO] [1791537642.095772431] [bw_dr03_decoded_serial_node]: RECEIVED /cmd_vel: linear.x=0.22, angular.z=0.0
[decoded_serial_node-3] [INFO] [1791537642.096286538] [bw_dr03_decoded_serial_node]: SEND MOTOR CMD: cd eb d7 09 74 46 46 53 53 1a 1a 00 00
[decoded_serial_node-3] [INFO] [1791537642.153994794] [bw_dr03_decoded_serial_node]: RECEIVED /cmd_vel: linear.x=0.22, angular.z=0.0
[decoded_serial_node-3] [INFO] [1791537642.154252441] [bw_dr03_decoded_serial_node]: SEND MOTOR CMD: cd eb d7 09 74 46 46 53 53 1a 1a 00 00
[decoded_serial_node-3] [INFO] [1791537642.220968855] [bw_dr03_decoded_serial_node]: RECEIVED /cmd_vel: linear.x=0.22, angular.z=0.0
[decoded_serial_node-3] [INFO] [1791537642.221203944] [bw_dr03_decoded_serial_node]: SEND MOTOR CMD: cd eb d7 09 74 46 46 53 53 1a 1a 00 00
[decoded_serial_node-3] [INFO] [1791537642.287548728] [bw_dr03_decoded_serial_node]: RECEIVED /cmd_vel: linear.x=0.22, angular.z=0.0
[decoded_serial_node-3] [INFO] [1791537642.287838433] [bw_dr03_decoded_serial_node]: SEND MOTOR CMD: cd eb d7 09 74 46 46 53 53 1a 1a 00 00
[decoded_serial_node-3] [INFO] [1791537642.358696201] [bw_dr03_decoded_serial_node]: RECEIVED /cmd_vel: linear.x=0.22, angular.z=0.0
[decoded_serial_node-3] [INFO] [1791537642.359055958] [bw_dr03_decoded_serial_node]: SEND MOTOR CMD: cd eb d7 09 74 46 46 53 53 1a 1a 00 00
[decoded_serial_node-3] [INFO] [1791537642.421782993] [bw_dr03_decoded_serial_node]: RECEIVED /cmd_vel: linear.x=0.22, angular.z=0.0
[decoded_serial_node-3] [INFO] [1791537642.422108318] [bw_dr03_decoded_serial_node]: SEND MOTOR CMD: cd eb d7 09 74 46 46 53 53 1a 1a 00 00
[decoded_serial_node-3] [INFO] [1791537642.486835979] [bw_dr03_decoded_serial_node]: RECEIVED /cmd_vel: linear.x=0.22, angular.z=0.0
[decoded_serial_node-3] [INFO] [1791537642.487080566] [bw_dr03_decoded_serial_node]: SEND MOTOR CMD: cd eb d7 09 74 46 46 53 53 1a 1a 00 00
[decoded_serial_node-3] [INFO] [1791537642.553867032] [bw_dr03_decoded_serial_node]: RECEIVED /cmd_vel: linear.x=0.22, angular.z=0.0
[decoded_serial_node-3] [INFO] [1791537642.554216102] [bw_dr03_decoded_serial_node]: SEND MOTOR CMD: cd eb d7 09 74 46 46 53 53 1a 1a 00 00
[python3-4] [INFO] [1791537642.560415074] [identity_lock_node]: camera: nhan 22.4 fps (phoi sang 30 ms, do sang 93), xu ly 14.5 Hz, TB 19 ms/khung, tre tu luc chup 53.6 ms, 1 nguoi, status LOST_REJECTED_CANDIDATE
[target_tracker-7] [INFO] [1791537642.572836762] [target_tracker_node]: muc tieu: no_target_yet
[decoded_serial_node-3] [INFO] [1791537642.626273059] [bw_dr03_decoded_serial_node]: RECEIVED /cmd_vel: linear.x=0.22, angular.z=0.0
[decoded_serial_node-3] [INFO] [1791537642.626596008] [bw_dr03_decoded_serial_node]: SEND MOTOR CMD: cd eb d7 09 74 46 46 53 53 1a 1a 00 00
[decoded_serial_node-3] [INFO] [1791537642.687753414] [bw_dr03_decoded_serial_node]: RECEIVED /cmd_vel: linear.x=0.22, angular.z=0.0
[decoded_serial_node-3] [INFO] [1791537642.688084675] [bw_dr03_decoded_serial_node]: SEND MOTOR CMD: cd eb d7 09 74 46 46 53 53 1a 1a 00 00
[follow_planner-8] [INFO] [1791537642.753619710] [follow_planner_node]: [SEARCH] mat nguoi — lai toi cho thay lan cuoi (di vong theo ban do (trai, 1.3m duong)) | d=- goc=- | v=0.220 w=0.000 | thoang=0.22m
[decoded_serial_node-3] [INFO] [1791537642.754203869] [bw_dr03_decoded_serial_node]: RECEIVED /cmd_vel: linear.x=0.22, angular.z=0.0
[decoded_serial_node-3] [INFO] [1791537642.754764282] [bw_dr03_decoded_serial_node]: SEND MOTOR CMD: cd eb d7 09 74 46 46 53 53 1a 1a 00 00
[decoded_serial_node-3] [INFO] [1791537642.828356437] [bw_dr03_decoded_serial_node]: RECEIVED /cmd_vel: linear.x=0.22, angular.z=0.0
[decoded_serial_node-3] [INFO] [1791537642.828602211] [bw_dr03_decoded_serial_node]: SEND MOTOR CMD: cd eb d7 09 74 46 46 53 53 1a 1a 00 00
[decoded_serial_node-3] [INFO] [1791537642.888040384] [bw_dr03_decoded_serial_node]: RECEIVED /cmd_vel: linear.x=0.22, angular.z=0.0
[decoded_serial_node-3] [INFO] [1791537642.888376394] [bw_dr03_decoded_serial_node]: SEND MOTOR CMD: cd eb d7 09 74 46 46 53 53 1a 1a 00 00
[decoded_serial_node-3] [INFO] [1791537642.954722366] [bw_dr03_decoded_serial_node]: RECEIVED /cmd_vel: linear.x=0.22, angular.z=0.0
[decoded_serial_node-3] [INFO] [1791537642.955414571] [bw_dr03_decoded_serial_node]: SEND MOTOR CMD: cd eb d7 09 74 46 46 53 53 1a 1a 00 00
[decoded_serial_node-3] [INFO] [1791537643.020556605] [bw_dr03_decoded_serial_node]: RECEIVED /cmd_vel: linear.x=0.22, angular.z=0.0
[decoded_serial_node-3] [INFO] [1791537643.020899739] [bw_dr03_decoded_serial_node]: SEND MOTOR CMD: cd eb d7 09 74 46 46 53 53 1a 1a 00 00
[decoded_serial_node-3] [INFO] [1791537643.091810936] [bw_dr03_decoded_serial_node]: RECEIVED /cmd_vel: linear.x=0.22, angular.z=0.0
[decoded_serial_node-3] [INFO] [1791537643.092143384] [bw_dr03_decoded_serial_node]: SEND MOTOR CMD: cd eb d7 09 74 46 46 53 53 1a 1a 00 00
[decoded_serial_node-3] [INFO] [1791537643.154049985] [bw_dr03_decoded_serial_node]: RECEIVED /cmd_vel: linear.x=0.22, angular.z=0.0
[decoded_serial_node-3] [INFO] [1791537643.154429926] [bw_dr03_decoded_serial_node]: SEND MOTOR CMD: cd eb d7 09 74 46 46 53 53 1a 1a 00 00
[decoded_serial_node-3] [INFO] [1791537643.221095284] [bw_dr03_decoded_serial_node]: RECEIVED /cmd_vel: linear.x=0.22, angular.z=0.0
[decoded_serial_node-3] [INFO] [1791537643.221356494] [bw_dr03_decoded_serial_node]: SEND MOTOR CMD: cd eb d7 09 74 46 46 53 53 1a 1a 00 00
[decoded_serial_node-3] [INFO] [1791537643.291732212] [bw_dr03_decoded_serial_node]: RECEIVED /cmd_vel: linear.x=0.22, angular.z=0.125
[decoded_serial_node-3] [INFO] [1791537643.291980361] [bw_dr03_decoded_serial_node]: SEND MOTOR CMD: cd eb d7 09 74 46 46 53 53 1d 17 00 00
[decoded_serial_node-3] [INFO] [1791537643.353948702] [bw_dr03_decoded_serial_node]: RECEIVED /cmd_vel: linear.x=0.22, angular.z=0.125
[decoded_serial_node-3] [INFO] [1791537643.354202787] [bw_dr03_decoded_serial_node]: SEND MOTOR CMD: cd eb d7 09 74 46 46 53 53 1d 17 00 00
[decoded_serial_node-3] [INFO] [1791537643.420553507] [bw_dr03_decoded_serial_node]: RECEIVED /cmd_vel: linear.x=0.22, angular.z=0.125
[decoded_serial_node-3] [INFO] [1791537643.421144790] [bw_dr03_decoded_serial_node]: SEND MOTOR CMD: cd eb d7 09 74 46 46 53 53 1d 17 00 00
[decoded_serial_node-3] [INFO] [1791537643.486960032] [bw_dr03_decoded_serial_node]: RECEIVED /cmd_vel: linear.x=0.22, angular.z=0.125
[decoded_serial_node-3] [INFO] [1791537643.487291293] [bw_dr03_decoded_serial_node]: SEND MOTOR CMD: cd eb d7 09 74 46 46 53 53 1d 17 00 00
[decoded_serial_node-3] [INFO] [1791537643.559247327] [bw_dr03_decoded_serial_node]: RECEIVED /cmd_vel: linear.x=0.22, angular.z=0.0
[decoded_serial_node-3] [INFO] [1791537643.559482415] [bw_dr03_decoded_serial_node]: SEND MOTOR CMD: cd eb d7 09 74 46 46 53 53 1a 1a 00 00
[target_tracker-7] [INFO] [1791537643.572775593] [target_tracker_node]: muc tieu: no_target_yet
[decoded_serial_node-3] [INFO] [1791537643.621121870] [bw_dr03_decoded_serial_node]: RECEIVED /cmd_vel: linear.x=0.22, angular.z=0.0
[decoded_serial_node-3] [INFO] [1791537643.621367644] [bw_dr03_decoded_serial_node]: SEND MOTOR CMD: cd eb d7 09 74 46 46 53 53 1a 1a 00 00
[decoded_serial_node-3] [INFO] [1791537643.688397509] [bw_dr03_decoded_serial_node]: RECEIVED /cmd_vel: linear.x=0.22, angular.z=0.0
[decoded_serial_node-3] [INFO] [1791537643.688747766] [bw_dr03_decoded_serial_node]: SEND MOTOR CMD: cd eb d7 09 74 46 46 53 53 1a 1a 00 00
[decoded_serial_node-3] [INFO] [1791537643.755065242] [bw_dr03_decoded_serial_node]: RECEIVED /cmd_vel: linear.x=0.22, angular.z=0.0
[decoded_serial_node-3] [INFO] [1791537643.755306267] [bw_dr03_decoded_serial_node]: SEND MOTOR CMD: cd eb d7 09 74 46 46 53 53 1a 1a 00 00
[follow_planner-8] [INFO] [1791537643.825515761] [follow_planner_node]: [SEARCH] mat nguoi — lai toi cho thay lan cuoi (di vong theo ban do (trai, 1.1m duong)) | d=- goc=- | v=0.220 w=0.000 | thoang=0.18m
[decoded_serial_node-3] [INFO] [1791537643.825797155] [bw_dr03_decoded_serial_node]: RECEIVED /cmd_vel: linear.x=0.22, angular.z=0.0
[decoded_serial_node-3] [INFO] [1791537643.826111793] [bw_dr03_decoded_serial_node]: SEND MOTOR CMD: cd eb d7 09 74 46 46 53 53 1a 1a 00 00
[decoded_serial_node-3] [INFO] [1791537643.887921034] [bw_dr03_decoded_serial_node]: RECEIVED /cmd_vel: linear.x=0.22, angular.z=0.0
[decoded_serial_node-3] [INFO] [1791537643.888162059] [bw_dr03_decoded_serial_node]: SEND MOTOR CMD: cd eb d7 09 74 46 46 53 53 1a 1a 00 00
[decoded_serial_node-3] [INFO] [1791537643.954211201] [bw_dr03_decoded_serial_node]: RECEIVED /cmd_vel: linear.x=0.22, angular.z=0.0
[decoded_serial_node-3] [INFO] [1791537643.954449851] [bw_dr03_decoded_serial_node]: SEND MOTOR CMD: cd eb d7 09 74 46 46 53 53 1a 1a 00 00
[decoded_serial_node-3] [INFO] [1791537644.026073437] [bw_dr03_decoded_serial_node]: RECEIVED /cmd_vel: linear.x=0.22, angular.z=0.0
[decoded_serial_node-3] [INFO] [1791537644.026316837] [bw_dr03_decoded_serial_node]: SEND MOTOR CMD: cd eb d7 09 74 46 46 53 53 1a 1a 00 00
[decoded_serial_node-3] [INFO] [1791537644.089715892] [bw_dr03_decoded_serial_node]: RECEIVED /cmd_vel: linear.x=0.22, angular.z=0.0
[decoded_serial_node-3] [INFO] [1791537644.089955729] [bw_dr03_decoded_serial_node]: SEND MOTOR CMD: cd eb d7 09 74 46 46 53 53 1a 1a 00 00
[decoded_serial_node-3] [INFO] [1791537644.154965971] [bw_dr03_decoded_serial_node]: RECEIVED /cmd_vel: linear.x=0.22, angular.z=0.0
[decoded_serial_node-3] [INFO] [1791537644.155357785] [bw_dr03_decoded_serial_node]: SEND MOTOR CMD: cd eb d7 09 74 46 46 53 53 1a 1a 00 00
[decoded_serial_node-3] [INFO] [1791537644.228809835] [bw_dr03_decoded_serial_node]: RECEIVED /cmd_vel: linear.x=0.19666666666666666, angular.z=0.125
[decoded_serial_node-3] [INFO] [1791537644.229050860] [bw_dr03_decoded_serial_node]: SEND MOTOR CMD: cd eb d7 09 74 46 46 53 53 1b 15 00 00
[decoded_serial_node-3] [INFO] [1791537644.287444195] [bw_dr03_decoded_serial_node]: RECEIVED /cmd_vel: linear.x=0.17333333333333334, angular.z=0.125
[decoded_serial_node-3] [INFO] [1791537644.287706592] [bw_dr03_decoded_serial_node]: SEND MOTOR CMD: cd eb d7 09 74 46 46 53 53 18 12 00 00
[decoded_serial_node-3] [INFO] [1791537644.354032378] [bw_dr03_decoded_serial_node]: RECEIVED /cmd_vel: linear.x=0.18333333333333335, angular.z=0.125
[decoded_serial_node-3] [INFO] [1791537644.354572606] [bw_dr03_decoded_serial_node]: SEND MOTOR CMD: cd eb d7 09 74 46 46 53 53 19 13 00 00
[decoded_serial_node-3] [INFO] [1791537644.424865212] [bw_dr03_decoded_serial_node]: RECEIVED /cmd_vel: linear.x=0.18472222222222223, angular.z=0.25
[decoded_serial_node-3] [INFO] [1791537644.425400691] [bw_dr03_decoded_serial_node]: SEND MOTOR CMD: cd eb d7 09 74 46 46 53 53 1c 10 00 00
[decoded_serial_node-3] [INFO] [1791537644.487336974] [bw_dr03_decoded_serial_node]: RECEIVED /cmd_vel: linear.x=0.16138888888888892, angular.z=0.26875000000000004
[decoded_serial_node-3] [INFO] [1791537644.487596996] [bw_dr03_decoded_serial_node]: SEND MOTOR CMD: cd eb d7 09 74 46 46 53 53 1a 0d 00 00
[decoded_serial_node-3] [INFO] [1791537644.553375430] [bw_dr03_decoded_serial_node]: RECEIVED /cmd_vel: linear.x=0.14666666666666667, angular.z=0.2757812500000001
[decoded_serial_node-3] [INFO] [1791537644.553630703] [bw_dr03_decoded_serial_node]: SEND MOTOR CMD: cd eb d7 09 74 46 46 53 53 18 0b 00 00
[target_tracker-7] [INFO] [1791537644.572826023] [target_tracker_node]: muc tieu: no_target_yet
[decoded_serial_node-3] [INFO] [1791537644.618835664] [bw_dr03_decoded_serial_node]: RECEIVED /cmd_vel: linear.x=0.14666666666666667, angular.z=0.27841796875000013
[decoded_serial_node-3] [INFO] [1791537644.619096873] [bw_dr03_decoded_serial_node]: SEND MOTOR CMD: cd eb d7 09 74 46 46 53 53 18 0b 00 00
[decoded_serial_node-3] [INFO] [1791537644.690988791] [bw_dr03_decoded_serial_node]: RECEIVED /cmd_vel: linear.x=0.16999999999999998, angular.z=0.43841796875000016
[decoded_serial_node-3] [INFO] [1791537644.691229816] [bw_dr03_decoded_serial_node]: SEND MOTOR CMD: cd eb d7 09 74 46 46 53 53 1f 0a 00 00
[decoded_serial_node-3] [INFO] [1791537644.753635089] [bw_dr03_decoded_serial_node]: RECEIVED /cmd_vel: linear.x=0.14666666666666667, angular.z=0.5984179687500002
[decoded_serial_node-3] [INFO] [1791537644.754248931] [bw_dr03_decoded_serial_node]: SEND MOTOR CMD: cd eb d7 09 74 46 46 53 53 20 05 00 00
[decoded_serial_node-3] [INFO] [1791537644.819254423] [bw_dr03_decoded_serial_node]: RECEIVED /cmd_vel: linear.x=0.14666666666666667, angular.z=0.6997033691406251
[decoded_serial_node-3] [INFO] [1791537644.819499009] [bw_dr03_decoded_serial_node]: SEND MOTOR CMD: cd eb d7 09 74 46 53 53 53 23 1e 00 00
[follow_planner-8] [INFO] [1791537644.890822204] [follow_planner_node]: [SEARCH] mat nguoi — lai toi cho thay lan cuoi (di vong theo ban do (trai, 0.7m duong)) | d=- goc=- | v=0.123 w=0.540 | thoang=0.13m
[decoded_serial_node-3] [INFO] [1791537644.891370744] [bw_dr03_decoded_serial_node]: RECEIVED /cmd_vel: linear.x=0.12333333333333334, angular.z=0.5397033691406251
[decoded_serial_node-3] [INFO] [1791537644.891929969] [bw_dr03_decoded_serial_node]: SEND MOTOR CMD: cd eb d7 09 74 46 46 53 53 1c 05 00 00
[decoded_serial_node-3] [INFO] [1791537644.952553082] [bw_dr03_decoded_serial_node]: RECEIVED /cmd_vel: linear.x=0.11, angular.z=0.3797033691406251
[decoded_serial_node-3] [INFO] [1791537644.953130117] [bw_dr03_decoded_serial_node]: SEND MOTOR CMD: cd eb d7 09 74 46 46 53 53 16 05 00 00
[decoded_serial_node-3] [INFO] [1791537645.019496272] [bw_dr03_decoded_serial_node]: RECEIVED /cmd_vel: linear.x=0.11, angular.z=0.21970336914062508
[decoded_serial_node-3] [INFO] [1791537645.019818034] [bw_dr03_decoded_serial_node]: SEND MOTOR CMD: cd eb d7 09 74 46 46 53 53 12 08 00 00
[decoded_serial_node-3] [INFO] [1791537645.075793996] [bw_dr03_decoded_serial_node]: RECEIVED /cmd_vel: linear.x=0.08666666666666667, angular.z=0.3797033691406251
[decoded_serial_node-3] [INFO] [1791537645.076162063] [bw_dr03_decoded_serial_node]: SEND MOTOR CMD: cd eb d7 09 74 46 46 53 53 13 05 00 00
[decoded_serial_node-3] [INFO] [1791537645.142069914] [bw_dr03_decoded_serial_node]: RECEIVED /cmd_vel: linear.x=0.06333333333333334, angular.z=0.5324703109150554
[decoded_serial_node-3] [INFO] [1791537645.142320437] [bw_dr03_decoded_serial_node]: SEND MOTOR CMD: cd eb d7 09 74 46 42 53 53 14 05 00 00
[decoded_serial_node-3] [INFO] [1791537645.209117587] [bw_dr03_decoded_serial_node]: RECEIVED /cmd_vel: linear.x=0.04000000000000001, angular.z=0.4600153132920286
[decoded_serial_node-3] [INFO] [1791537645.209419165] [bw_dr03_decoded_serial_node]: SEND MOTOR CMD: cd eb d7 09 74 46 42 53 53 10 06 00 00
[decoded_serial_node-3] [INFO] [1791537645.275286647] [bw_dr03_decoded_serial_node]: RECEIVED /cmd_vel: linear.x=0.035, angular.z=0.40115602036380826
[decoded_serial_node-3] [INFO] [1791537645.275533609] [bw_dr03_decoded_serial_node]: SEND MOTOR CMD: cd eb d7 09 74 46 42 53 53 0e 05 00 00
[decoded_serial_node-3] [INFO] [1791537645.342152661] [bw_dr03_decoded_serial_node]: RECEIVED /cmd_vel: linear.x=0.0, angular.z=0.3474248684594552
[decoded_serial_node-3] [INFO] [1791537645.342542101] [bw_dr03_decoded_serial_node]: SEND MOTOR CMD: cd eb d7 09 74 46 42 53 53 08 08 00 00
[decoded_serial_node-3] [INFO] [1791537645.408680291] [bw_dr03_decoded_serial_node]: RECEIVED /cmd_vel: linear.x=0.0, angular.z=0.1874248684594552
[decoded_serial_node-3] [INFO] [1791537645.408958122] [bw_dr03_decoded_serial_node]: SEND MOTOR CMD: cd eb d7 09 74 46 42 53 53 05 05 00 00
[decoded_serial_node-3] [INFO] [1791537645.475165176] [bw_dr03_decoded_serial_node]: RECEIVED /cmd_vel: linear.x=0.0, angular.z=0.1
[decoded_serial_node-3] [INFO] [1791537645.475668598] [bw_dr03_decoded_serial_node]: SEND MOTOR CMD: cd eb d7 09 74 46 42 53 53 05 05 00 00
[decoded_serial_node-3] [INFO] [1791537645.542206913] [bw_dr03_decoded_serial_node]: RECEIVED /cmd_vel: linear.x=0.0, angular.z=0.0
[decoded_serial_node-3] [INFO] [1791537645.542756640] [bw_dr03_decoded_serial_node]: SEND MOTOR CMD: cd eb d7 09 74 53 53 53 53 1e 1e 00 00
[decoded_serial_node-3] [INFO] [1791537645.608035214] [bw_dr03_decoded_serial_node]: RECEIVED /cmd_vel: linear.x=0.0, angular.z=0.0
[target_tracker-7] [INFO] [1791537645.622222440] [target_tracker_node]: muc tieu: no_target_yet
[decoded_serial_node-3] [INFO] [1791537645.675798838] [bw_dr03_decoded_serial_node]: RECEIVED /cmd_vel: linear.x=0.0, angular.z=0.0
[decoded_serial_node-3] [INFO] [1791537645.741834919] [bw_dr03_decoded_serial_node]: RECEIVED /cmd_vel: linear.x=0.0, angular.z=0.0
[decoded_serial_node-3] [INFO] [1791537645.808937208] [bw_dr03_decoded_serial_node]: RECEIVED /cmd_vel: linear.x=0.0, angular.z=0.0
[decoded_serial_node-3] [INFO] [1791537645.874947168] [bw_dr03_decoded_serial_node]: RECEIVED /cmd_vel: linear.x=0.0, angular.z=0.0
[follow_planner-8] [INFO] [1791537646.021546128] [follow_planner_node]: [SEARCH] mat nguoi — nhich ra cho thoang de xoay do | d=- goc=- | v=0.035 w=-0.160 | thoang=0.11m
[decoded_serial_node-3] [INFO] [1791537646.021820398] [bw_dr03_decoded_serial_node]: RECEIVED /cmd_vel: linear.x=0.035, angular.z=-0.16
[decoded_serial_node-3] [INFO] [1791537646.022064984] [bw_dr03_decoded_serial_node]: SEND MOTOR CMD: cd eb d7 09 74 53 46 53 53 1e 08 00 00
[decoded_serial_node-3] [INFO] [1791537646.086759399] [bw_dr03_decoded_serial_node]: RECEIVED /cmd_vel: linear.x=0.04666666666666666, angular.z=-0.32
[decoded_serial_node-3] [INFO] [1791537646.086996862] [bw_dr03_decoded_serial_node]: SEND MOTOR CMD: cd eb d7 09 74 42 46 53 53 05 0d 00 00
[decoded_serial_node-3] [INFO] [1791537646.152731364] [bw_dr03_decoded_serial_node]: RECEIVED /cmd_vel: linear.x=0.06999999999999999, angular.z=-0.48
[decoded_serial_node-3] [INFO] [1791537646.153297713] [bw_dr03_decoded_serial_node]: SEND MOTOR CMD: cd eb d7 09 74 42 46 53 53 05 14 00 00
[decoded_serial_node-3] [INFO] [1791537646.222129920] [bw_dr03_decoded_serial_node]: RECEIVED /cmd_vel: linear.x=0.07333333333333333, angular.z=-0.5700000000000001
[decoded_serial_node-3] [INFO] [1791537646.222354323] [bw_dr03_decoded_serial_node]: SEND MOTOR CMD: cd eb d7 09 74 42 46 53 53 05 16 00 00
[decoded_serial_node-3] [INFO] [1791537646.286374342] [bw_dr03_decoded_serial_node]: RECEIVED /cmd_vel: linear.x=0.09666666666666666, angular.z=-0.4906250000000001
[decoded_serial_node-3] [INFO] [1791537646.286892012] [bw_dr03_decoded_serial_node]: SEND MOTOR CMD: cd eb d7 09 74 53 46 53 53 1e 17 00 00
[decoded_serial_node-3] [INFO] [1791537646.353525311] [bw_dr03_decoded_serial_node]: RECEIVED /cmd_vel: linear.x=0.07333333333333333, angular.z=-0.5726562500000001
[decoded_serial_node-3] [INFO] [1791537646.353774648] [bw_dr03_decoded_serial_node]: SEND MOTOR CMD: cd eb d7 09 74 42 46 53 53 05 16 00 00
[decoded_serial_node-3] [INFO] [1791537646.419332240] [bw_dr03_decoded_serial_node]: RECEIVED /cmd_vel: linear.x=0.09666666666666666, angular.z=-0.491455078125
[decoded_serial_node-3] [INFO] [1791537646.419567328] [bw_dr03_decoded_serial_node]: SEND MOTOR CMD: cd eb d7 09 74 53 46 53 53 1e 17 00 00
[decoded_serial_node-3] [INFO] [1791537646.487056682] [bw_dr03_decoded_serial_node]: RECEIVED /cmd_vel: linear.x=0.11, angular.z=-0.4660797119140625
[decoded_serial_node-3] [INFO] [1791537646.487309580] [bw_dr03_decoded_serial_node]: SEND MOTOR CMD: cd eb d7 09 74 46 46 53 53 05 18 00 00
[decoded_serial_node-3] [INFO] [1791537646.552556096] [bw_dr03_decoded_serial_node]: RECEIVED /cmd_vel: linear.x=0.11, angular.z=-0.45814990997314453
[decoded_serial_node-3] [INFO] [1791537646.552818493] [bw_dr03_decoded_serial_node]: SEND MOTOR CMD: cd eb d7 09 74 46 46 53 53 05 18 00 00
[decoded_serial_node-3] [INFO] [1791537646.619695192] [bw_dr03_decoded_serial_node]: RECEIVED /cmd_vel: linear.x=0.11, angular.z=-0.45567184686660767
[decoded_serial_node-3] [INFO] [1791537646.619933842] [bw_dr03_decoded_serial_node]: SEND MOTOR CMD: cd eb d7 09 74 46 46 53 53 05 18 00 00
[target_tracker-7] [INFO] [1791537646.622316783] [target_tracker_node]: muc tieu: no_target_yet
[decoded_serial_node-3] [INFO] [1791537646.686530335] [bw_dr03_decoded_serial_node]: RECEIVED /cmd_vel: linear.x=0.11, angular.z=-0.4548974521458149
[decoded_serial_node-3] [INFO] [1791537646.686904339] [bw_dr03_decoded_serial_node]: SEND MOTOR CMD: cd eb d7 09 74 46 46 53 53 05 18 00 00
[decoded_serial_node-3] [INFO] [1791537646.752441747] [bw_dr03_decoded_serial_node]: RECEIVED /cmd_vel: linear.x=0.08666666666666667, angular.z=-0.45465545379556715
[decoded_serial_node-3] [INFO] [1791537646.752718392] [bw_dr03_decoded_serial_node]: SEND MOTOR CMD: cd eb d7 09 74 53 46 53 53 1e 15 00 00
[decoded_serial_node-3] [INFO] [1791537646.819260268] [bw_dr03_decoded_serial_node]: RECEIVED /cmd_vel: linear.x=0.11, angular.z=-0.3454957951733377
[decoded_serial_node-3] [INFO] [1791537646.819812370] [bw_dr03_decoded_serial_node]: SEND MOTOR CMD: cd eb d7 09 74 46 46 53 53 05 15 00 00
[decoded_serial_node-3] [INFO] [1791537646.885551621] [bw_dr03_decoded_serial_node]: RECEIVED /cmd_vel: linear.x=0.11, angular.z=-0.3045609231900017
[decoded_serial_node-3] [INFO] [1791537646.885881695] [bw_dr03_decoded_serial_node]: SEND MOTOR CMD: cd eb d7 09 74 46 46 53 53 06 14 00 00
[decoded_serial_node-3] [INFO] [1791537646.952531617] [bw_dr03_decoded_serial_node]: RECEIVED /cmd_vel: linear.x=0.11, angular.z=-0.28921034619625063
[decoded_serial_node-3] [INFO] [1791537646.952802325] [bw_dr03_decoded_serial_node]: SEND MOTOR CMD: cd eb d7 09 74 46 46 53 53 06 14 00 00
[follow_planner-8] [INFO] [1791537647.018126016] [follow_planner_node]: [SEARCH] mat nguoi — nhich ra cho thoang de xoay do | d=- goc=- | v=0.087 w=-0.283 | thoang=0.10m
[decoded_serial_node-3] [INFO] [1791537647.018694740] [bw_dr03_decoded_serial_node]: RECEIVED /cmd_vel: linear.x=0.08666666666666667, angular.z=-0.28345387982359405
[decoded_serial_node-3] [INFO] [1791537647.019060433] [bw_dr03_decoded_serial_node]: SEND MOTOR CMD: cd eb d7 09 74 46 46 53 53 05 11 00 00
[decoded_serial_node-3] [INFO] [1791537647.085001527] [bw_dr03_decoded_serial_node]: RECEIVED /cmd_vel: linear.x=0.07333333333333333, angular.z=-0.28129520493384774
[decoded_serial_node-3] [INFO] [1791537647.085236616] [bw_dr03_decoded_serial_node]: SEND MOTOR CMD: cd eb d7 09 74 46 46 53 53 05 0f 00 00
[decoded_serial_node-3] [INFO] [1791537647.152011205] [bw_dr03_decoded_serial_node]: RECEIVED /cmd_vel: linear.x=0.07333333333333333, angular.z=-0.28048570185019295
[decoded_serial_node-3] [INFO] [1791537647.152256980] [bw_dr03_decoded_serial_node]: SEND MOTOR CMD: cd eb d7 09 74 46 46 53 53 05 0f 00 00
[decoded_serial_node-3] [INFO] [1791537647.221502371] [bw_dr03_decoded_serial_node]: RECEIVED /cmd_vel: linear.x=0.07333333333333333, angular.z=-0.2801821381938223
[decoded_serial_node-3] [INFO] [1791537647.221768330] [bw_dr03_decoded_serial_node]: SEND MOTOR CMD: cd eb d7 09 74 46 46 53 53 05 0f 00 00
[decoded_serial_node-3] [INFO] [1791537647.286475804] [bw_dr03_decoded_serial_node]: RECEIVED /cmd_vel: linear.x=0.07333333333333333, angular.z=-0.2800683018226834
[decoded_serial_node-3] [INFO] [1791537647.286764322] [bw_dr03_decoded_serial_node]: SEND MOTOR CMD: cd eb d7 09 74 46 46 53 53 05 0f 00 00
[decoded_serial_node-3] [INFO] [1791537647.353325195] [bw_dr03_decoded_serial_node]: RECEIVED /cmd_vel: linear.x=0.09666666666666666, angular.z=-0.16002988204742408
[decoded_serial_node-3] [INFO] [1791537647.353825054] [bw_dr03_decoded_serial_node]: SEND MOTOR CMD: cd eb d7 09 74 46 46 53 53 07 0f 00 00
[decoded_serial_node-3] [INFO] [1791537647.420962962] [bw_dr03_decoded_serial_node]: RECEIVED /cmd_vel: linear.x=0.07333333333333333, angular.z=-0.25
[decoded_serial_node-3] [INFO] [1791537647.421256229] [bw_dr03_decoded_serial_node]: SEND MOTOR CMD: cd eb d7 09 74 46 46 53 53 05 0f 00 00
[decoded_serial_node-3] [INFO] [1791537647.488135303] [bw_dr03_decoded_serial_node]: RECEIVED /cmd_vel: linear.x=0.07333333333333333, angular.z=-0.14687499999999998
[decoded_serial_node-3] [INFO] [1791537647.488888060] [bw_dr03_decoded_serial_node]: SEND MOTOR CMD: cd eb d7 09 74 46 46 53 53 05 0c 00 00
[decoded_serial_node-3] [INFO] [1791537647.556829780] [bw_dr03_decoded_serial_node]: RECEIVED /cmd_vel: linear.x=0.09666666666666666, angular.z=-0.125
[decoded_serial_node-3] [INFO] [1791537647.557358135] [bw_dr03_decoded_serial_node]: SEND MOTOR CMD: cd eb d7 09 74 46 46 53 53 08 0e 00 00
[decoded_serial_node-3] [INFO] [1791537647.614950032] [bw_dr03_decoded_serial_node]: RECEIVED /cmd_vel: linear.x=0.07333333333333333, angular.z=0.1
[decoded_serial_node-3] [INFO] [1791537647.615519943] [bw_dr03_decoded_serial_node]: SEND MOTOR CMD: cd eb d7 09 74 46 46 53 53 0b 06 00 00
[target_tracker-7] [INFO] [1791537647.622958471] [target_tracker_node]: muc tieu: no_target_yet
[decoded_serial_node-3] [INFO] [1791537647.678218480] [bw_dr03_decoded_serial_node]: RECEIVED /cmd_vel: linear.x=0.05, angular.z=0.11191709844559598
[decoded_serial_node-3] [INFO] [1791537647.678577050] [bw_dr03_decoded_serial_node]: SEND MOTOR CMD: cd eb d7 09 74 46 46 53 53 08 05 00 00
[decoded_serial_node-3] [INFO] [1791537647.742751420] [bw_dr03_decoded_serial_node]: RECEIVED /cmd_vel: linear.x=0.035, angular.z=0.11517628958714371
[decoded_serial_node-3] [INFO] [1791537647.743161043] [bw_dr03_decoded_serial_node]: SEND MOTOR CMD: cd eb d7 09 74 46 46 53 53 07 05 00 00
[decoded_serial_node-3] [INFO] [1791537647.814505608] [bw_dr03_decoded_serial_node]: RECEIVED /cmd_vel: linear.x=0.035, angular.z=0.17357762777242053
[decoded_serial_node-3] [INFO] [1791537647.815007842] [bw_dr03_decoded_serial_node]: SEND MOTOR CMD: cd eb d7 09 74 46 53 53 53 08 1e 00 00
[decoded_serial_node-3] [INFO] [1791537647.876422892] [bw_dr03_decoded_serial_node]: RECEIVED /cmd_vel: linear.x=-0.035, angular.z=0.17065834124534357
[decoded_serial_node-3] [INFO] [1791537647.876883570] [bw_dr03_decoded_serial_node]: SEND MOTOR CMD: cd eb d7 09 74 53 42 53 53 1e 08 00 00
[decoded_serial_node-3] [INFO] [1791537647.943127430] [bw_dr03_decoded_serial_node]: RECEIVED /cmd_vel: linear.x=-0.04333333333333332, angular.z=0.16736217377565404
[decoded_serial_node-3] [INFO] [1791537647.943561988] [bw_dr03_decoded_serial_node]: SEND MOTOR CMD: cd eb d7 09 74 42 42 53 53 05 09 00 00
[follow_planner-8] [INFO] [1791537648.009719173] [follow_planner_node]: [SEARCH] mat nguoi — nhich ra cho thoang de xoay do | d=- goc=- | v=-0.060 w=0.164 | thoang=0.00m
[decoded_serial_node-3] [INFO] [1791537648.010279586] [bw_dr03_decoded_serial_node]: RECEIVED /cmd_vel: linear.x=-0.06, angular.z=0.16440056773552145
[decoded_serial_node-3] [INFO] [1791537648.010736702] [bw_dr03_decoded_serial_node]: SEND MOTOR CMD: cd eb d7 09 74 42 42 53 53 05 0b 00 00
[decoded_serial_node-3] [INFO] [1791537648.079825368] [bw_dr03_decoded_serial_node]: RECEIVED /cmd_vel: linear.x=-0.06, angular.z=0.17357762777242053
[decoded_serial_node-3] [INFO] [1791537648.080221931] [bw_dr03_decoded_serial_node]: SEND MOTOR CMD: cd eb d7 09 74 42 42 53 53 05 0b 00 00
[decoded_serial_node-3] [INFO] [1791537648.143407267] [bw_dr03_decoded_serial_node]: RECEIVED /cmd_vel: linear.x=-0.06, angular.z=0.17497762615536744
[decoded_serial_node-3] [INFO] [1791537648.143770586] [bw_dr03_decoded_serial_node]: SEND MOTOR CMD: cd eb d7 09 74 42 42 53 53 05 0b 00 00
[decoded_serial_node-3] [INFO] [1791537648.209977638] [bw_dr03_decoded_serial_node]: RECEIVED /cmd_vel: linear.x=-0.06, angular.z=0.17497762615536744
[decoded_serial_node-3] [INFO] [1791537648.210637785] [bw_dr03_decoded_serial_node]: SEND MOTOR CMD: cd eb d7 09 74 42 42 53 53 05 0b 00 00
[decoded_serial_node-3] [INFO] [1791537648.279060368] [bw_dr03_decoded_serial_node]: RECEIVED /cmd_vel: linear.x=-0.06, angular.z=0.1
[decoded_serial_node-3] [INFO] [1791537648.279334637] [bw_dr03_decoded_serial_node]: SEND MOTOR CMD: cd eb d7 09 74 42 42 53 53 05 09 00 00
[decoded_serial_node-3] [INFO] [1791537648.342550844] [bw_dr03_decoded_serial_node]: RECEIVED /cmd_vel: linear.x=-0.06, angular.z=0.1
[decoded_serial_node-3] [INFO] [1791537648.343145688] [bw_dr03_decoded_serial_node]: SEND MOTOR CMD: cd eb d7 09 74 42 42 53 53 05 09 00 00
[decoded_serial_node-3] [INFO] [1791537648.409434666] [bw_dr03_decoded_serial_node]: RECEIVED /cmd_vel: linear.x=-0.06, angular.z=0.1497753150748528
[decoded_serial_node-3] [INFO] [1791537648.409860912] [bw_dr03_decoded_serial_node]: SEND MOTOR CMD: cd eb d7 09 74 42 42 53 53 05 0a 00 00
[decoded_serial_node-3] [INFO] [1791537648.475981290] [bw_dr03_decoded_serial_node]: RECEIVED /cmd_vel: linear.x=-0.06, angular.z=0.14977338367805657
[decoded_serial_node-3] [INFO] [1791537648.476214004] [bw_dr03_decoded_serial_node]: SEND MOTOR CMD: cd eb d7 09 74 42 42 53 53 05 0a 00 00
[decoded_serial_node-3] [INFO] [1791537648.545074705] [bw_dr03_decoded_serial_node]: RECEIVED /cmd_vel: linear.x=-0.06, angular.z=0.17357762777242053
[decoded_serial_node-3] [INFO] [1791537648.545472456] [bw_dr03_decoded_serial_node]: SEND MOTOR CMD: cd eb d7 09 74 42 42 53 53 05 0b 00 00
[decoded_serial_node-3] [INFO] [1791537648.609726375] [bw_dr03_decoded_serial_node]: RECEIVED /cmd_vel: linear.x=-0.06, angular.z=0.17313845571080033
[decoded_serial_node-3] [INFO] [1791537648.610214362] [bw_dr03_decoded_serial_node]: SEND MOTOR CMD: cd eb d7 09 74 42 42 53 53 05 0b 00 00
[target_tracker-7] [INFO] [1791537648.672887965] [target_tracker_node]: muc tieu: no_target_yet
[decoded_serial_node-3] [INFO] [1791537648.675077374] [bw_dr03_decoded_serial_node]: RECEIVED /cmd_vel: linear.x=-0.06, angular.z=0.1725960342967804
[decoded_serial_node-3] [INFO] [1791537648.675323148] [bw_dr03_decoded_serial_node]: SEND MOTOR CMD: cd eb d7 09 74 42 42 53 53 05 0b 00 00
[decoded_serial_node-3] [INFO] [1791537648.745982632] [bw_dr03_decoded_serial_node]: RECEIVED /cmd_vel: linear.x=-0.06, angular.z=0.17357762777242053
[decoded_serial_node-3] [INFO] [1791537648.746236717] [bw_dr03_decoded_serial_node]: SEND MOTOR CMD: cd eb d7 09 74 42 42 53 53 05 0b 00 00
[decoded_serial_node-3] [INFO] [1791537648.820829775] [bw_dr03_decoded_serial_node]: RECEIVED /cmd_vel: linear.x=-0.03666666666666667, angular.z=0.1
[decoded_serial_node-3] [INFO] [1791537648.821445991] [bw_dr03_decoded_serial_node]: SEND MOTOR CMD: cd eb d7 09 74 42 42 53 53 05 06 00 00
[decoded_serial_node-3] [INFO] [1791537648.887070072] [bw_dr03_decoded_serial_node]: RECEIVED /cmd_vel: linear.x=-0.035, angular.z=-0.125
[decoded_serial_node-3] [INFO] [1791537648.887359777] [bw_dr03_decoded_serial_node]: SEND MOTOR CMD: cd eb d7 09 74 42 42 53 53 07 05 00 00
[decoded_serial_node-3] [INFO] [1791537648.955895154] [bw_dr03_decoded_serial_node]: RECEIVED /cmd_vel: linear.x=0.035, angular.z=-0.125
[decoded_serial_node-3] [INFO] [1791537648.956304777] [bw_dr03_decoded_serial_node]: SEND MOTOR CMD: cd eb d7 09 74 46 46 53 53 05 07 00 00
[follow_planner-8] [INFO] [1791537649.022657870] [follow_planner_node]: [SEARCH] mat nguoi — nhich ra cho thoang de xoay do | d=- goc=- | v=0.035 w=-0.125 | thoang=0.10m
[decoded_serial_node-3] [INFO] [1791537649.022718423] [bw_dr03_decoded_serial_node]: RECEIVED /cmd_vel: linear.x=0.035, angular.z=-0.125
[decoded_serial_node-3] [INFO] [1791537649.023052058] [bw_dr03_decoded_serial_node]: SEND MOTOR CMD: cd eb d7 09 74 46 46 53 53 05 07 00 00
[decoded_serial_node-3] [INFO] [1791537649.092694012] [bw_dr03_decoded_serial_node]: RECEIVED /cmd_vel: linear.x=0.05666666666666666, angular.z=-0.125
[decoded_serial_node-3] [INFO] [1791537649.093229491] [bw_dr03_decoded_serial_node]: SEND MOTOR CMD: cd eb d7 09 74 46 46 53 53 05 09 00 00
[decoded_serial_node-3] [INFO] [1791537649.157456102] [bw_dr03_decoded_serial_node]: RECEIVED /cmd_vel: linear.x=0.07999999999999999, angular.z=-0.125
[decoded_serial_node-3] [INFO] [1791537649.157857414] [bw_dr03_decoded_serial_node]: SEND MOTOR CMD: cd eb d7 09 74 46 46 53 53 06 0c 00 00
[decoded_serial_node-3] [INFO] [1791537649.226295431] [bw_dr03_decoded_serial_node]: RECEIVED /cmd_vel: linear.x=0.07333333333333333, angular.z=-0.125
[decoded_serial_node-3] [INFO] [1791537649.226693181] [bw_dr03_decoded_serial_node]: SEND MOTOR CMD: cd eb d7 09 74 46 46 53 53 05 0c 00 00
[decoded_serial_node-3] [INFO] [1791537649.290651459] [bw_dr03_decoded_serial_node]: RECEIVED /cmd_vel: linear.x=0.09666666666666666, angular.z=-0.125
[decoded_serial_node-3] [INFO] [1791537649.291021901] [bw_dr03_decoded_serial_node]: SEND MOTOR CMD: cd eb d7 09 74 46 46 53 53 08 0e 00 00
[decoded_serial_node-3] [INFO] [1791537649.357478289] [bw_dr03_decoded_serial_node]: RECEIVED /cmd_vel: linear.x=0.11, angular.z=-0.125
[decoded_serial_node-3] [INFO] [1791537649.357862979] [bw_dr03_decoded_serial_node]: SEND MOTOR CMD: cd eb d7 09 74 46 46 53 53 0a 10 00 00
[decoded_serial_node-3] [INFO] [1791537649.423513181] [bw_dr03_decoded_serial_node]: RECEIVED /cmd_vel: linear.x=0.11, angular.z=-0.125
[decoded_serial_node-3] [INFO] [1791537649.423878874] [bw_dr03_decoded_serial_node]: SEND MOTOR CMD: cd eb d7 09 74 46 46 53 53 0a 10 00 00
[decoded_serial_node-3] [INFO] [1791537649.490076427] [bw_dr03_decoded_serial_node]: RECEIVED /cmd_vel: linear.x=0.08666666666666667, angular.z=-0.125
[decoded_serial_node-3] [INFO] [1791537649.490426685] [bw_dr03_decoded_serial_node]: SEND MOTOR CMD: cd eb d7 09 74 46 46 53 53 07 0d 00 00
[decoded_serial_node-3] [INFO] [1791537649.556030581] [bw_dr03_decoded_serial_node]: RECEIVED /cmd_vel: linear.x=0.07333333333333333, angular.z=-0.125
[decoded_serial_node-3] [INFO] [1791537649.556344032] [bw_dr03_decoded_serial_node]: SEND MOTOR CMD: cd eb d7 09 74 46 46 53 53 05 0c 00 00
[decoded_serial_node-3] [INFO] [1791537649.621996608] [bw_dr03_decoded_serial_node]: RECEIVED /cmd_vel: linear.x=0.07333333333333333, angular.z=-0.125
[decoded_serial_node-3] [INFO] [1791537649.622289875] [bw_dr03_decoded_serial_node]: SEND MOTOR CMD: cd eb d7 09 74 46 46 53 53 05 0c 00 00
[decoded_serial_node-3] [INFO] [1791537649.679377162] [bw_dr03_decoded_serial_node]: RECEIVED /cmd_vel: linear.x=0.05, angular.z=0.1
[decoded_serial_node-3] [INFO] [1791537649.679704861] [bw_dr03_decoded_serial_node]: SEND MOTOR CMD: cd eb d7 09 74 46 46 53 53 08 05 00 00
[target_tracker-7] [INFO] [1791537649.723377864] [target_tracker_node]: muc tieu: no_target_yet
[decoded_serial_node-3] [INFO] [1791537649.742789274] [bw_dr03_decoded_serial_node]: RECEIVED /cmd_vel: linear.x=0.035, angular.z=0.13709063214013728
[decoded_serial_node-3] [INFO] [1791537649.743084916] [bw_dr03_decoded_serial_node]: SEND MOTOR CMD: cd eb d7 09 74 46 53 53 53 07 1e 00 00
[decoded_serial_node-3] [INFO] [1791537649.809245663] [bw_dr03_decoded_serial_node]: RECEIVED /cmd_vel: linear.x=0.035, angular.z=0.13882266460699205
[decoded_serial_node-3] [INFO] [1791537649.809661223] [bw_dr03_decoded_serial_node]: SEND MOTOR CMD: cd eb d7 09 74 46 53 53 53 07 1e 00 00
[decoded_serial_node-3] [INFO] [1791537649.879900396] [bw_dr03_decoded_serial_node]: RECEIVED /cmd_vel: linear.x=-0.035, angular.z=0.13709063214013723
[decoded_serial_node-3] [INFO] [1791537649.880167542] [bw_dr03_decoded_serial_node]: SEND MOTOR CMD: cd eb d7 09 74 53 42 53 53 1e 07 00 00
[decoded_serial_node-3] [INFO] [1791537649.943276889] [bw_dr03_decoded_serial_node]: RECEIVED /cmd_vel: linear.x=-0.04333333333333332, angular.z=0.13384696982165195
[decoded_serial_node-3] [INFO] [1791537649.943636646] [bw_dr03_decoded_serial_node]: SEND MOTOR CMD: cd eb d7 09 74 42 42 53 53 05 08 00 00
[decoded_serial_node-3] [INFO] [1791537650.008773927] [bw_dr03_decoded_serial_node]: RECEIVED /cmd_vel: linear.x=-0.06, angular.z=0.1299864325753138
[decoded_serial_node-3] [INFO] [1791537650.009058883] [bw_dr03_decoded_serial_node]: SEND MOTOR CMD: cd eb d7 09 74 42 42 53 53 05 0a 00 00
[follow_planner-8] [INFO] [1791537650.075411974] [follow_planner_node]: [SEARCH] mat nguoi — nhich ra cho thoang de xoay do | d=- goc=- | v=-0.060 w=0.128 | thoang=0.00m
[decoded_serial_node-3] [INFO] [1791537650.075978323] [bw_dr03_decoded_serial_node]: RECEIVED /cmd_vel: linear.x=-0.06, angular.z=0.12834195018318476
[decoded_serial_node-3] [INFO] [1791537650.076336892] [bw_dr03_decoded_serial_node]: SEND MOTOR CMD: cd eb d7 09 74 42 42 53 53 05 0a 00 00
[decoded_serial_node-3] [INFO] [1791537650.146040586] [bw_dr03_decoded_serial_node]: RECEIVED /cmd_vel: linear.x=-0.06, angular.z=0.1
[decoded_serial_node-3] [INFO] [1791537650.146520261] [bw_dr03_decoded_serial_node]: SEND MOTOR CMD: cd eb d7 09 74 42 42 53 53 05 09 00 00
[decoded_serial_node-3] [INFO] [1791537650.208837669] [bw_dr03_decoded_serial_node]: RECEIVED /cmd_vel: linear.x=-0.06, angular.z=0.1
[decoded_serial_node-3] [INFO] [1791537650.209157057] [bw_dr03_decoded_serial_node]: SEND MOTOR CMD: cd eb d7 09 74 42 42 53 53 05 09 00 00
[follow_planner-8] [INFO] [1791537650.267834157] [follow_planner_node]: self-filter: bo 12/223 tia dap vao than xe
[decoded_serial_node-3] [INFO] [1791537650.276220162] [bw_dr03_decoded_serial_node]: RECEIVED /cmd_vel: linear.x=-0.06, angular.z=0.1
[decoded_serial_node-3] [INFO] [1791537650.276552610] [bw_dr03_decoded_serial_node]: SEND MOTOR CMD: cd eb d7 09 74 42 42 53 53 05 09 00 00
[decoded_serial_node-3] [INFO] [1791537650.346259866] [bw_dr03_decoded_serial_node]: RECEIVED /cmd_vel: linear.x=-0.06, angular.z=0.17357762777242053
[decoded_serial_node-3] [INFO] [1791537650.346639807] [bw_dr03_decoded_serial_node]: SEND MOTOR CMD: cd eb d7 09 74 42 42 53 53 05 0b 00 00
[decoded_serial_node-3] [INFO] [1791537650.409755091] [bw_dr03_decoded_serial_node]: RECEIVED /cmd_vel: linear.x=-0.06, angular.z=0.17141987984409832
[decoded_serial_node-3] [INFO] [1791537650.410207457] [bw_dr03_decoded_serial_node]: SEND MOTOR CMD: cd eb d7 09 74 42 42 53 53 05 0b 00 00
[decoded_serial_node-3] [INFO] [1791537650.476447754] [bw_dr03_decoded_serial_node]: RECEIVED /cmd_vel: linear.x=-0.06, angular.z=0.16920822829459817
[decoded_serial_node-3] [INFO] [1791537650.476856190] [bw_dr03_decoded_serial_node]: SEND MOTOR CMD: cd eb d7 09 74 42 42 53 53 05 0b 00 00
[decoded_serial_node-3] [INFO] [1791537650.546436403] [bw_dr03_decoded_serial_node]: RECEIVED /cmd_vel: linear.x=-0.06, angular.z=0.17357762777242053
[decoded_serial_node-3] [INFO] [1791537650.546803283] [bw_dr03_decoded_serial_node]: SEND MOTOR CMD: cd eb d7 09 74 42 42 53 53 05 0b 00 00
[decoded_serial_node-3] [INFO] [1791537650.609805772] [bw_dr03_decoded_serial_node]: RECEIVED /cmd_vel: linear.x=-0.06, angular.z=0.17046181962749563
[decoded_serial_node-3] [INFO] [1791537650.610139408] [bw_dr03_decoded_serial_node]: SEND MOTOR CMD: cd eb d7 09 74 42 42 53 53 05 0b 00 00
[decoded_serial_node-3] [INFO] [1791537650.686727153] [bw_dr03_decoded_serial_node]: RECEIVED /cmd_vel: linear.x=-0.03666666666666667, angular.z=0.1
[decoded_serial_node-3] [INFO] [1791537650.687019232] [bw_dr03_decoded_serial_node]: SEND MOTOR CMD: cd eb d7 09 74 42 42 53 53 05 06 00 00
[decoded_serial_node-3] [INFO] [1791537650.753265465] [bw_dr03_decoded_serial_node]: RECEIVED /cmd_vel: linear.x=-0.035, angular.z=-0.125
[decoded_serial_node-3] [INFO] [1791537650.753519551] [bw_dr03_decoded_serial_node]: SEND MOTOR CMD: cd eb d7 09 74 42 42 53 53 07 05 00 00
[target_tracker-7] [INFO] [1791537650.772254192] [target_tracker_node]: muc tieu: no_target_yet
[decoded_serial_node-3] [INFO] [1791537650.818725696] [bw_dr03_decoded_serial_node]: RECEIVED /cmd_vel: linear.x=0.035, angular.z=-0.25
[decoded_serial_node-3] [INFO] [1791537650.819339537] [bw_dr03_decoded_serial_node]: SEND MOTOR CMD: cd eb d7 09 74 42 46 53 53 05 0a 00 00
[decoded_serial_node-3] [INFO] [1791537650.884943433] [bw_dr03_decoded_serial_node]: RECEIVED /cmd_vel: linear.x=0.035, angular.z=-0.14687499999999998
[decoded_serial_node-3] [INFO] [1791537650.885490785] [bw_dr03_decoded_serial_node]: SEND MOTOR CMD: cd eb d7 09 74 53 46 53 53 1e 07 00 00
[decoded_serial_node-3] [INFO] [1791537650.952120521] [bw_dr03_decoded_serial_node]: RECEIVED /cmd_vel: linear.x=0.05666666666666666, angular.z=-0.25
[decoded_serial_node-3] [INFO] [1791537650.952363920] [bw_dr03_decoded_serial_node]: SEND MOTOR CMD: cd eb d7 09 74 53 46 53 53 1e 0d 00 00
[decoded_serial_node-3] [INFO] [1791537651.021764848] [bw_dr03_decoded_serial_node]: RECEIVED /cmd_vel: linear.x=0.07999999999999999, angular.z=-0.14687499999999998
[decoded_serial_node-3] [INFO] [1791537651.022009435] [bw_dr03_decoded_serial_node]: SEND MOTOR CMD: cd eb d7 09 74 46 46 53 53 06 0d 00 00
[decoded_serial_node-3] [INFO] [1791537651.087226266] [bw_dr03_decoded_serial_node]: RECEIVED /cmd_vel: linear.x=0.10333333333333332, angular.z=-0.125
[decoded_serial_node-3] [INFO] [1791537651.087462541] [bw_dr03_decoded_serial_node]: SEND MOTOR CMD: cd eb d7 09 74 46 46 53 53 09 0f 00 00
[decoded_serial_node-3] [INFO] [1791537651.151892182] [bw_dr03_decoded_serial_node]: RECEIVED /cmd_vel: linear.x=0.11, angular.z=-0.125
[follow_planner-8] [INFO] [1791537651.151923052] [follow_planner_node]: [SEARCH] mat nguoi — nhich ra cho thoang de xoay do | d=- goc=- | v=0.110 w=-0.125 | thoang=0.10m
[decoded_serial_node-3] [INFO] [1791537651.152213944] [bw_dr03_decoded_serial_node]: SEND MOTOR CMD: cd eb d7 09 74 46 46 53 53 0a 10 00 00
[decoded_serial_node-3] [INFO] [1791537651.218122979] [bw_dr03_decoded_serial_node]: RECEIVED /cmd_vel: linear.x=0.11, angular.z=-0.125
[decoded_serial_node-3] [INFO] [1791537651.218368753] [bw_dr03_decoded_serial_node]: SEND MOTOR CMD: cd eb d7 09 74 46 46 53 53 0a 10 00 00
[decoded_serial_node-3] [INFO] [1791537651.287358870] [bw_dr03_decoded_serial_node]: RECEIVED /cmd_vel: linear.x=0.11, angular.z=-0.125
[decoded_serial_node-3] [INFO] [1791537651.287612956] [bw_dr03_decoded_serial_node]: SEND MOTOR CMD: cd eb d7 09 74 46 46 53 53 0a 10 00 00
[decoded_serial_node-3] [INFO] [1791537651.352701556] [bw_dr03_decoded_serial_node]: RECEIVED /cmd_vel: linear.x=0.11, angular.z=-0.125
[decoded_serial_node-3] [INFO] [1791537651.352941394] [bw_dr03_decoded_serial_node]: SEND MOTOR CMD: cd eb d7 09 74 46 46 53 53 0a 10 00 00
[decoded_serial_node-3] [INFO] [1791537651.419122324] [bw_dr03_decoded_serial_node]: RECEIVED /cmd_vel: linear.x=0.11, angular.z=-0.125
[decoded_serial_node-3] [INFO] [1791537651.419572316] [bw_dr03_decoded_serial_node]: SEND MOTOR CMD: cd eb d7 09 74 46 46 53 53 0a 10 00 00
[decoded_serial_node-3] [INFO] [1791537651.485411299] [bw_dr03_decoded_serial_node]: RECEIVED /cmd_vel: linear.x=0.11, angular.z=-0.125
[decoded_serial_node-3] [INFO] [1791537651.485697442] [bw_dr03_decoded_serial_node]: SEND MOTOR CMD: cd eb d7 09 74 46 46 53 53 0a 10 00 00
[decoded_serial_node-3] [INFO] [1791537651.545861061] [bw_dr03_decoded_serial_node]: RECEIVED /cmd_vel: linear.x=0.08666666666666667, angular.z=0.1
[decoded_serial_node-3] [INFO] [1791537651.546112771] [bw_dr03_decoded_serial_node]: SEND MOTOR CMD: cd eb d7 09 74 46 46 53 53 0d 08 00 00
[decoded_serial_node-3] [INFO] [1791537651.609159190] [bw_dr03_decoded_serial_node]: RECEIVED /cmd_vel: linear.x=0.06333333333333334, angular.z=0.11275420831302077
[decoded_serial_node-3] [INFO] [1791537651.609426336] [bw_dr03_decoded_serial_node]: SEND MOTOR CMD: cd eb d7 09 74 46 46 53 53 0a 05 00 00
[decoded_serial_node-3] [INFO] [1791537651.676287597] [bw_dr03_decoded_serial_node]: RECEIVED /cmd_vel: linear.x=0.04000000000000001, angular.z=0.11083808228182206
[decoded_serial_node-3] [INFO] [1791537651.676558305] [bw_dr03_decoded_serial_node]: SEND MOTOR CMD: cd eb d7 09 74 46 46 53 53 07 05 00 00
[decoded_serial_node-3] [INFO] [1791537651.745718208] [bw_dr03_decoded_serial_node]: RECEIVED /cmd_vel: linear.x=0.035, angular.z=0.17357762777242053
[decoded_serial_node-3] [INFO] [1791537651.746060155] [bw_dr03_decoded_serial_node]: SEND MOTOR CMD: cd eb d7 09 74 46 53 53 53 08 1e 00 00
[target_tracker-7] [INFO] [1791537651.772669068] [target_tracker_node]: muc tieu: no_target_yet
[decoded_serial_node-3] [INFO] [1791537651.809152879] [bw_dr03_decoded_serial_node]: RECEIVED /cmd_vel: linear.x=-0.035, angular.z=0.16779280875515717
[decoded_serial_node-3] [INFO] [1791537651.809624243] [bw_dr03_decoded_serial_node]: SEND MOTOR CMD: cd eb d7 09 74 53 42 53 53 1e 08 00 00
[decoded_serial_node-3] [INFO] [1791537651.875958336] [bw_dr03_decoded_serial_node]: RECEIVED /cmd_vel: linear.x=-0.035, angular.z=0.1632696947763677
[decoded_serial_node-3] [INFO] [1791537651.876195799] [bw_dr03_decoded_serial_node]: SEND MOTOR CMD: cd eb d7 09 74 53 42 53 53 1e 08 00 00
[decoded_serial_node-3] [INFO] [1791537651.942769731] [bw_dr03_decoded_serial_node]: RECEIVED /cmd_vel: linear.x=-0.053333333333333316, angular.z=0.1595499802303749
[decoded_serial_node-3] [INFO] [1791537651.943011943] [bw_dr03_decoded_serial_node]: SEND MOTOR CMD: cd eb d7 09 74 42 42 53 53 05 0a 00 00
[decoded_serial_node-3] [INFO] [1791537652.011607871] [bw_dr03_decoded_serial_node]: RECEIVED /cmd_vel: linear.x=-0.06, angular.z=0.1489655172413794
[decoded_serial_node-3] [INFO] [1791537652.011848896] [bw_dr03_decoded_serial_node]: SEND MOTOR CMD: cd eb d7 09 74 42 42 53 53 05 0a 00 00
[decoded_serial_node-3] [INFO] [1791537652.075804798] [bw_dr03_decoded_serial_node]: RECEIVED /cmd_vel: linear.x=-0.06, angular.z=0.14795447413480362
[decoded_serial_node-3] [INFO] [1791537652.076122998] [bw_dr03_decoded_serial_node]: SEND MOTOR CMD: cd eb d7 09 74 42 42 53 53 05 0a 00 00
[decoded_serial_node-3] [INFO] [1791537652.142460653] [bw_dr03_decoded_serial_node]: RECEIVED /cmd_vel: linear.x=-0.06, angular.z=0.14896551724137969
[decoded_serial_node-3] [INFO] [1791537652.142719488] [bw_dr03_decoded_serial_node]: SEND MOTOR CMD: cd eb d7 09 74 42 42 53 53 05 0a 00 00
[follow_planner-8] [INFO] [1791537652.208781686] [follow_planner_node]: [SEARCH] mat nguoi — nhich ra cho thoang de xoay do | d=- goc=- | v=-0.060 w=0.110 | thoang=0.00m
[decoded_serial_node-3] [INFO] [1791537652.209243551] [bw_dr03_decoded_serial_node]: RECEIVED /cmd_vel: linear.x=-0.06, angular.z=0.1101845764731686
[decoded_serial_node-3] [INFO] [1791537652.209478639] [bw_dr03_decoded_serial_node]: SEND MOTOR CMD: cd eb d7 09 74 42 42 53 53 05 0a 00 00
[decoded_serial_node-3] [INFO] [1791537652.277555711] [bw_dr03_decoded_serial_node]: RECEIVED /cmd_vel: linear.x=-0.06, angular.z=0.11076923076923084
[decoded_serial_node-3] [INFO] [1791537652.278086440] [bw_dr03_decoded_serial_node]: SEND MOTOR CMD: cd eb d7 09 74 42 42 53 53 05 0a 00 00
[decoded_serial_node-3] [INFO] [1791537652.342181258] [bw_dr03_decoded_serial_node]: RECEIVED /cmd_vel: linear.x=-0.06, angular.z=0.10832190783177353
[decoded_serial_node-3] [INFO] [1791537652.342427032] [bw_dr03_decoded_serial_node]: SEND MOTOR CMD: cd eb d7 09 74 42 42 53 53 05 09 00 00
[decoded_serial_node-3] [INFO] [1791537652.408623396] [bw_dr03_decoded_serial_node]: RECEIVED /cmd_vel: linear.x=-0.06, angular.z=0.10623091619767104
[decoded_serial_node-3] [INFO] [1791537652.408870358] [bw_dr03_decoded_serial_node]: SEND MOTOR CMD: cd eb d7 09 74 42 42 53 53 05 09 00 00
[decoded_serial_node-3] [INFO] [1791537652.475184267] [bw_dr03_decoded_serial_node]: RECEIVED /cmd_vel: linear.x=-0.06, angular.z=0.10448464521907191
[decoded_serial_node-3] [INFO] [1791537652.475414606] [bw_dr03_decoded_serial_node]: SEND MOTOR CMD: cd eb d7 09 74 42 42 53 53 05 09 00 00
[decoded_serial_node-3] [INFO] [1791537652.545966041] [bw_dr03_decoded_serial_node]: RECEIVED /cmd_vel: linear.x=-0.06, angular.z=0.1
[decoded_serial_node-3] [INFO] [1791537652.546424345] [bw_dr03_decoded_serial_node]: SEND MOTOR CMD: cd eb d7 09 74 42 42 53 53 05 09 00 00
[decoded_serial_node-3] [INFO] [1791537652.609550313] [bw_dr03_decoded_serial_node]: RECEIVED /cmd_vel: linear.x=-0.06, angular.z=0.10975039251246076
[decoded_serial_node-3] [INFO] [1791537652.610120224] [bw_dr03_decoded_serial_node]: SEND MOTOR CMD: cd eb d7 09 74 42 42 53 53 05 0a 00 00
[python3-4] [INFO] [1791537652.626511106] [identity_lock_node]: camera: nhan 23.9 fps (phoi sang 30 ms, do sang 78), xu ly 14.7 Hz, TB 19 ms/khung, tre tu luc chup 39.5 ms, 1 nguoi, status LOST
[decoded_serial_node-3] [INFO] [1791537652.685945712] [bw_dr03_decoded_serial_node]: RECEIVED /cmd_vel: linear.x=-0.03666666666666667, angular.z=0.0
[decoded_serial_node-3] [INFO] [1791537652.686191486] [bw_dr03_decoded_serial_node]: SEND MOTOR CMD: cd eb d7 09 74 42 42 53 53 05 05 00 00
[decoded_serial_node-3] [INFO] [1791537652.755449936] [bw_dr03_decoded_serial_node]: RECEIVED /cmd_vel: linear.x=-0.035, angular.z=0.0
[decoded_serial_node-3] [INFO] [1791537652.756045968] [bw_dr03_decoded_serial_node]: SEND MOTOR CMD: cd eb d7 09 74 42 42 53 53 05 05 00 00
[target_tracker-7] [INFO] [1791537652.772752675] [target_tracker_node]: muc tieu: no_target_yet
[decoded_serial_node-3] [INFO] [1791537652.819908071] [bw_dr03_decoded_serial_node]: RECEIVED /cmd_vel: linear.x=0.0, angular.z=0.0
[decoded_serial_node-3] [INFO] [1791537652.820176405] [bw_dr03_decoded_serial_node]: SEND MOTOR CMD: cd eb d7 09 74 53 53 53 53 1e 1e 00 00
[decoded_serial_node-3] [INFO] [1791537652.886339524] [bw_dr03_decoded_serial_node]: RECEIVED /cmd_vel: linear.x=0.0, angular.z=0.0
[decoded_serial_node-3] [INFO] [1791537652.953197223] [bw_dr03_decoded_serial_node]: RECEIVED /cmd_vel: linear.x=0.0, angular.z=0.16
[decoded_serial_node-3] [INFO] [1791537652.953435874] [bw_dr03_decoded_serial_node]: SEND MOTOR CMD: cd eb d7 09 74 46 42 53 53 05 05 00 00
[decoded_serial_node-3] [INFO] [1791537653.021860828] [bw_dr03_decoded_serial_node]: RECEIVED /cmd_vel: linear.x=0.0, angular.z=0.32
[decoded_serial_node-3] [INFO] [1791537653.022095916] [bw_dr03_decoded_serial_node]: SEND MOTOR CMD: cd eb d7 09 74 46 42 53 53 07 07 00 00
[decoded_serial_node-3] [INFO] [1791537653.087228446] [bw_dr03_decoded_serial_node]: RECEIVED /cmd_vel: linear.x=0.0, angular.z=0.16
[decoded_serial_node-3] [INFO] [1791537653.087465909] [bw_dr03_decoded_serial_node]: SEND MOTOR CMD: cd eb d7 09 74 46 42 53 53 05 05 00 00
[decoded_serial_node-3] [INFO] [1791537653.153668210] [bw_dr03_decoded_serial_node]: RECEIVED /cmd_vel: linear.x=0.0, angular.z=0.32
[decoded_serial_node-3] [INFO] [1791537653.153989972] [bw_dr03_decoded_serial_node]: SEND MOTOR CMD: cd eb d7 09 74 46 42 53 53 07 07 00 00
[follow_planner-8] [INFO] [1791537653.221785649] [follow_planner_node]: [SEARCH] mat nguoi — nhich ra cho thoang de xoay do | d=- goc=- | v=0.000 w=0.160 | thoang=0.13m
[decoded_serial_node-3] [INFO] [1791537653.221932876] [bw_dr03_decoded_serial_node]: RECEIVED /cmd_vel: linear.x=0.0, angular.z=0.16
[decoded_serial_node-3] [INFO] [1791537653.222253451] [bw_dr03_decoded_serial_node]: SEND MOTOR CMD: cd eb d7 09 74 46 42 53 53 05 05 00 00
[decoded_serial_node-3] [INFO] [1791537653.285903025] [bw_dr03_decoded_serial_node]: RECEIVED /cmd_vel: linear.x=0.0, angular.z=0.0
[decoded_serial_node-3] [INFO] [1791537653.286244972] [bw_dr03_decoded_serial_node]: SEND MOTOR CMD: cd eb d7 09 74 53 53 53 53 1e 1e 00 00
[decoded_serial_node-3] [INFO] [1791537653.357353257] [bw_dr03_decoded_serial_node]: RECEIVED /cmd_vel: linear.x=0.0, angular.z=0.0
[decoded_serial_node-3] [INFO] [1791537653.420855604] [bw_dr03_decoded_serial_node]: RECEIVED /cmd_vel: linear.x=0.0, angular.z=0.0
[decoded_serial_node-3] [INFO] [1791537653.495631505] [bw_dr03_decoded_serial_node]: RECEIVED /cmd_vel: linear.x=0.0, angular.z=0.0
[decoded_serial_node-3] [INFO] [1791537653.555446052] [bw_dr03_decoded_serial_node]: RECEIVED /cmd_vel: linear.x=0.0, angular.z=0.16
[decoded_serial_node-3] [INFO] [1791537653.555811745] [bw_dr03_decoded_serial_node]: SEND MOTOR CMD: cd eb d7 09 74 46 42 53 53 05 05 00 00
[decoded_serial_node-3] [INFO] [1791537653.609758581] [bw_dr03_decoded_serial_node]: RECEIVED /cmd_vel: linear.x=-0.035, angular.z=0.11191709844559591
[decoded_serial_node-3] [INFO] [1791537653.610057785] [bw_dr03_decoded_serial_node]: SEND MOTOR CMD: cd eb d7 09 74 42 42 53 53 05 07 00 00
[decoded_serial_node-3] [INFO] [1791537653.675905078] [bw_dr03_decoded_serial_node]: RECEIVED /cmd_vel: linear.x=-0.04666666666666666, angular.z=0.11191709844559591
[decoded_serial_node-3] [INFO] [1791537653.676204282] [bw_dr03_decoded_serial_node]: SEND MOTOR CMD: cd eb d7 09 74 42 42 53 53 05 08 00 00
[decoded_serial_node-3] [INFO] [1791537653.746014832] [bw_dr03_decoded_serial_node]: RECEIVED /cmd_vel: linear.x=-0.06, angular.z=0.1
[decoded_serial_node-3] [INFO] [1791537653.746289102] [bw_dr03_decoded_serial_node]: SEND MOTOR CMD: cd eb d7 09 74 42 42 53 53 05 09 00 00
[decoded_serial_node-3] [INFO] [1791537653.809216788] [bw_dr03_decoded_serial_node]: RECEIVED /cmd_vel: linear.x=-0.06, angular.z=0.11191709844559591
[decoded_serial_node-3] [INFO] [1791537653.809920866] [bw_dr03_decoded_serial_node]: SEND MOTOR CMD: cd eb d7 09 74 42 42 53 53 05 0a 00 00
[target_tracker-7] [INFO] [1791537653.822531336] [target_tracker_node]: muc tieu: no_target_yet
[decoded_serial_node-3] [INFO] [1791537653.875879767] [bw_dr03_decoded_serial_node]: RECEIVED /cmd_vel: linear.x=-0.06, angular.z=0.10785814636010022
[decoded_serial_node-3] [INFO] [1791537653.876262082] [bw_dr03_decoded_serial_node]: SEND MOTOR CMD: cd eb d7 09 74 42 42 53 53 05 09 00 00
[decoded_serial_node-3] [INFO] [1791537653.946108252] [bw_dr03_decoded_serial_node]: RECEIVED /cmd_vel: linear.x=-0.06, angular.z=0.1
[decoded_serial_node-3] [INFO] [1791537653.946370648] [bw_dr03_decoded_serial_node]: SEND MOTOR CMD: cd eb d7 09 74 42 42 53 53 05 09 00 00
[decoded_serial_node-3] [INFO] [1791537654.021670155] [bw_dr03_decoded_serial_node]: RECEIVED /cmd_vel: linear.x=-0.03666666666666667, angular.z=-0.1301244813278008
[decoded_serial_node-3] [INFO] [1791537654.021946800] [bw_dr03_decoded_serial_node]: SEND MOTOR CMD: cd eb d7 09 74 42 42 53 53 07 05 00 00
[decoded_serial_node-3] [INFO] [1791537654.085122634] [bw_dr03_decoded_serial_node]: RECEIVED /cmd_vel: linear.x=-0.035, angular.z=-0.25
[decoded_serial_node-3] [INFO] [1791537654.085494264] [bw_dr03_decoded_serial_node]: SEND MOTOR CMD: cd eb d7 09 74 42 46 53 53 0a 05 00 00
[decoded_serial_node-3] [INFO] [1791537654.154425013] [bw_dr03_decoded_serial_node]: RECEIVED /cmd_vel: linear.x=0.035, angular.z=-0.26875000000000004
[decoded_serial_node-3] [INFO] [1791537654.154747963] [bw_dr03_decoded_serial_node]: SEND MOTOR CMD: cd eb d7 09 74 42 46 53 53 05 0a 00 00
[decoded_serial_node-3] [INFO] [1791537654.222549576] [bw_dr03_decoded_serial_node]: RECEIVED /cmd_vel: linear.x=0.035, angular.z=-0.2757812500000001
[decoded_serial_node-3] [INFO] [1791537654.222794163] [bw_dr03_decoded_serial_node]: SEND MOTOR CMD: cd eb d7 09 74 42 46 53 53 05 0b 00 00
[follow_planner-8] [INFO] [1791537654.287455328] [follow_planner_node]: [SEARCH] mat nguoi — nhich ra cho thoang de xoay do | d=- goc=- | v=0.057 w=-0.278 | thoang=0.09m
[decoded_serial_node-3] [INFO] [1791537654.287547939] [bw_dr03_decoded_serial_node]: RECEIVED /cmd_vel: linear.x=0.05666666666666666, angular.z=-0.27841796875
[decoded_serial_node-3] [INFO] [1791537654.288098853] [bw_dr03_decoded_serial_node]: SEND MOTOR CMD: cd eb d7 09 74 53 46 53 53 1e 0d 00 00
[decoded_serial_node-3] [INFO] [1791537654.354070814] [bw_dr03_decoded_serial_node]: RECEIVED /cmd_vel: linear.x=0.07333333333333333, angular.z=-0.27940673828125007
[decoded_serial_node-3] [INFO] [1791537654.354326086] [bw_dr03_decoded_serial_node]: SEND MOTOR CMD: cd eb d7 09 74 46 46 53 53 05 0f 00 00
[decoded_serial_node-3] [INFO] [1791537654.418806780] [bw_dr03_decoded_serial_node]: RECEIVED /cmd_vel: linear.x=0.07333333333333333, angular.z=-0.27977752685546875
[decoded_serial_node-3] [INFO] [1791537654.419052554] [bw_dr03_decoded_serial_node]: SEND MOTOR CMD: cd eb d7 09 74 46 46 53 53 05 0f 00 00
[decoded_serial_node-3] [INFO] [1791537654.485900754] [bw_dr03_decoded_serial_node]: RECEIVED /cmd_vel: linear.x=0.07333333333333333, angular.z=-0.2799165725708008
[decoded_serial_node-3] [INFO] [1791537654.486234389] [bw_dr03_decoded_serial_node]: SEND MOTOR CMD: cd eb d7 09 74 46 46 53 53 05 0f 00 00
[decoded_serial_node-3] [INFO] [1791537654.552498429] [bw_dr03_decoded_serial_node]: RECEIVED /cmd_vel: linear.x=0.07333333333333333, angular.z=-0.2799687147140504
[decoded_serial_node-3] [INFO] [1791537654.552809506] [bw_dr03_decoded_serial_node]: SEND MOTOR CMD: cd eb d7 09 74 46 46 53 53 05 0f 00 00
[decoded_serial_node-3] [INFO] [1791537654.619877358] [bw_dr03_decoded_serial_node]: RECEIVED /cmd_vel: linear.x=0.07333333333333333, angular.z=-0.2799882680177689
[decoded_serial_node-3] [INFO] [1791537654.620216930] [bw_dr03_decoded_serial_node]: SEND MOTOR CMD: cd eb d7 09 74 46 46 53 53 05 0f 00 00
[decoded_serial_node-3] [INFO] [1791537654.685932431] [bw_dr03_decoded_serial_node]: RECEIVED /cmd_vel: linear.x=0.07333333333333333, angular.z=-0.2799956005066634
[decoded_serial_node-3] [INFO] [1791537654.686294562] [bw_dr03_decoded_serial_node]: SEND MOTOR CMD: cd eb d7 09 74 46 46 53 53 05 0f 00 00
[decoded_serial_node-3] [INFO] [1791537654.755437841] [bw_dr03_decoded_serial_node]: RECEIVED /cmd_vel: linear.x=0.09666666666666666, angular.z=-0.27999835018999875
[decoded_serial_node-3] [INFO] [1791537654.755791661] [bw_dr03_decoded_serial_node]: SEND MOTOR CMD: cd eb d7 09 74 46 46 53 53 05 12 00 00
[decoded_serial_node-3] [INFO] [1791537654.819421050] [bw_dr03_decoded_serial_node]: RECEIVED /cmd_vel: linear.x=0.07333333333333333, angular.z=-0.15999927820812443
[decoded_serial_node-3] [INFO] [1791537654.819671573] [bw_dr03_decoded_serial_node]: SEND MOTOR CMD: cd eb d7 09 74 46 46 53 53 05 0c 00 00
[target_tracker-7] [INFO] [1791537654.822908194] [target_tracker_node]: muc tieu: no_target_yet
[decoded_serial_node-3] [INFO] [1791537654.884808852] [bw_dr03_decoded_serial_node]: RECEIVED /cmd_vel: linear.x=0.09666666666666666, angular.z=-0.25
[decoded_serial_node-3] [INFO] [1791537654.885045128] [bw_dr03_decoded_serial_node]: SEND MOTOR CMD: cd eb d7 09 74 46 46 53 53 05 11 00 00
[decoded_serial_node-3] [INFO] [1791537654.946479171] [bw_dr03_decoded_serial_node]: RECEIVED /cmd_vel: linear.x=0.07333333333333333, angular.z=-0.1
[decoded_serial_node-3] [INFO] [1791537654.946724946] [bw_dr03_decoded_serial_node]: SEND MOTOR CMD: cd eb d7 09 74 46 46 53 53 06 0b 00 00
[decoded_serial_node-3] [INFO] [1791537655.008511622] [bw_dr03_decoded_serial_node]: RECEIVED /cmd_vel: linear.x=0.05, angular.z=0.1
[decoded_serial_node-3] [INFO] [1791537655.008758583] [bw_dr03_decoded_serial_node]: SEND MOTOR CMD: cd eb d7 09 74 46 46 53 53 08 05 00 00
[decoded_serial_node-3] [INFO] [1791537655.076177880] [bw_dr03_decoded_serial_node]: RECEIVED /cmd_vel: linear.x=0.035, angular.z=0.1
[decoded_serial_node-3] [INFO] [1791537655.076420093] [bw_dr03_decoded_serial_node]: SEND MOTOR CMD: cd eb d7 09 74 46 46 53 53 06 05 00 00
[decoded_serial_node-3] [INFO] [1791537655.145964683] [bw_dr03_decoded_serial_node]: RECEIVED /cmd_vel: linear.x=0.035, angular.z=0.1489655172413794
[decoded_serial_node-3] [INFO] [1791537655.146285258] [bw_dr03_decoded_serial_node]: SEND MOTOR CMD: cd eb d7 09 74 46 53 53 53 07 1e 00 00
[decoded_serial_node-3] [INFO] [1791537655.209444470] [bw_dr03_decoded_serial_node]: RECEIVED /cmd_vel: linear.x=-0.035, angular.z=0.14678603751914981
[decoded_serial_node-3] [INFO] [1791537655.209710429] [bw_dr03_decoded_serial_node]: SEND MOTOR CMD: cd eb d7 09 74 53 42 53 53 1e 07 00 00
[decoded_serial_node-3] [INFO] [1791537655.275653893] [bw_dr03_decoded_serial_node]: RECEIVED /cmd_vel: linear.x=-0.04333333333333332, angular.z=0.1434683355674454
[decoded_serial_node-3] [INFO] [1791537655.276217868] [bw_dr03_decoded_serial_node]: SEND MOTOR CMD: cd eb d7 09 74 42 42 53 53 05 08 00 00
[follow_planner-8] [INFO] [1791537655.342664754] [follow_planner_node]: [SEARCH] mat nguoi — nhich ra cho thoang de xoay do | d=- goc=- | v=-0.060 w=0.108 | thoang=0.00m
[decoded_serial_node-3] [INFO] [1791537655.342994828] [bw_dr03_decoded_serial_node]: RECEIVED /cmd_vel: linear.x=-0.06, angular.z=0.10829723389671994
[decoded_serial_node-3] [INFO] [1791537655.343549304] [bw_dr03_decoded_serial_node]: SEND MOTOR CMD: cd eb d7 09 74 42 42 53 53 05 09 00 00
[decoded_serial_node-3] [INFO] [1791537655.412041934] [bw_dr03_decoded_serial_node]: RECEIVED /cmd_vel: linear.x=-0.06, angular.z=0.17357762777242053
[decoded_serial_node-3] [INFO] [1791537655.412332826] [bw_dr03_decoded_serial_node]: SEND MOTOR CMD: cd eb d7 09 74 42 42 53 53 05 0b 00 00
[decoded_serial_node-3] [INFO] [1791537655.475735437] [bw_dr03_decoded_serial_node]: RECEIVED /cmd_vel: linear.x=-0.06, angular.z=0.1
[decoded_serial_node-3] [INFO] [1791537655.475970525] [bw_dr03_decoded_serial_node]: SEND MOTOR CMD: cd eb d7 09 74 42 42 53 53 05 09 00 00
[decoded_serial_node-3] [INFO] [1791537655.542190635] [bw_dr03_decoded_serial_node]: RECEIVED /cmd_vel: linear.x=-0.06, angular.z=0.1
[decoded_serial_node-3] [INFO] [1791537655.542559889] [bw_dr03_decoded_serial_node]: SEND MOTOR CMD: cd eb d7 09 74 42 42 53 53 05 09 00 00
[decoded_serial_node-3] [INFO] [1791537655.611770845] [bw_dr03_decoded_serial_node]: RECEIVED /cmd_vel: linear.x=-0.06, angular.z=0.1
[decoded_serial_node-3] [INFO] [1791537655.612321759] [bw_dr03_decoded_serial_node]: SEND MOTOR CMD: cd eb d7 09 74 42 42 53 53 05 09 00 00
[decoded_serial_node-3] [INFO] [1791537655.675369363] [bw_dr03_decoded_serial_node]: RECEIVED /cmd_vel: linear.x=-0.06, angular.z=0.1
[decoded_serial_node-3] [INFO] [1791537655.675619886] [bw_dr03_decoded_serial_node]: SEND MOTOR CMD: cd eb d7 09 74 42 42 53 53 05 09 00 00
[decoded_serial_node-3] [INFO] [1791537655.742120202] [bw_dr03_decoded_serial_node]: RECEIVED /cmd_vel: linear.x=-0.06, angular.z=0.1
[decoded_serial_node-3] [INFO] [1791537655.742360039] [bw_dr03_decoded_serial_node]: SEND MOTOR CMD: cd eb d7 09 74 42 42 53 53 05 09 00 00
[decoded_serial_node-3] [INFO] [1791537655.809186867] [bw_dr03_decoded_serial_node]: RECEIVED /cmd_vel: linear.x=-0.06, angular.z=0.1
[decoded_serial_node-3] [INFO] [1791537655.809421955] [bw_dr03_decoded_serial_node]: SEND MOTOR CMD: cd eb d7 09 74 42 42 53 53 05 09 00 00
[target_tracker-7] [INFO] [1791537655.873037095] [target_tracker_node]: muc tieu: no_target_yet
[decoded_serial_node-3] [INFO] [1791537655.877786355] [bw_dr03_decoded_serial_node]: RECEIVED /cmd_vel: linear.x=-0.06, angular.z=0.1
[decoded_serial_node-3] [INFO] [1791537655.878021443] [bw_dr03_decoded_serial_node]: SEND MOTOR CMD: cd eb d7 09 74 42 42 53 53 05 09 00 00
[decoded_serial_node-3] [INFO] [1791537655.942252800] [bw_dr03_decoded_serial_node]: RECEIVED /cmd_vel: linear.x=-0.06, angular.z=0.1
[decoded_serial_node-3] [INFO] [1791537655.942498574] [bw_dr03_decoded_serial_node]: SEND MOTOR CMD: cd eb d7 09 74 42 42 53 53 05 09 00 00
[decoded_serial_node-3] [INFO] [1791537656.152715036] [bw_dr03_decoded_serial_node]: RECEIVED /cmd_vel: linear.x=-0.03666666666666667, angular.z=-0.1
[decoded_serial_node-3] [INFO] [1791537656.152963184] [bw_dr03_decoded_serial_node]: SEND MOTOR CMD: cd eb d7 09 74 42 42 53 53 06 05 00 00
[decoded_serial_node-3] [INFO] [1791537656.219602415] [bw_dr03_decoded_serial_node]: RECEIVED /cmd_vel: linear.x=-0.035, angular.z=-0.125
[decoded_serial_node-3] [INFO] [1791537656.219956235] [bw_dr03_decoded_serial_node]: SEND MOTOR CMD: cd eb d7 09 74 42 42 53 53 07 05 00 00
[decoded_serial_node-3] [INFO] [1791537656.285889014] [bw_dr03_decoded_serial_node]: RECEIVED /cmd_vel: linear.x=0.0, angular.z=-0.25
[decoded_serial_node-3] [INFO] [1791537656.286158534] [bw_dr03_decoded_serial_node]: SEND MOTOR CMD: cd eb d7 09 74 42 46 53 53 06 06 00 00
[decoded_serial_node-3] [INFO] [1791537656.353243008] [bw_dr03_decoded_serial_node]: RECEIVED /cmd_vel: linear.x=0.035, angular.z=-0.1
[decoded_serial_node-3] [INFO] [1791537656.353493531] [bw_dr03_decoded_serial_node]: SEND MOTOR CMD: cd eb d7 09 74 46 46 53 53 05 06 00 00
[follow_planner-8] [INFO] [1791537656.419117608] [follow_planner_node]: [SEARCH] mat nguoi — nhich ra cho thoang de xoay do | d=- goc=- | v=0.000 w=-0.250 | thoang=0.08m
[decoded_serial_node-3] [INFO] [1791537656.419682770] [bw_dr03_decoded_serial_node]: RECEIVED /cmd_vel: linear.x=0.0, angular.z=-0.25
[decoded_serial_node-3] [INFO] [1791537656.420198065] [bw_dr03_decoded_serial_node]: SEND MOTOR CMD: cd eb d7 09 74 42 46 53 53 06 06 00 00
[decoded_serial_node-3] [INFO] [1791537656.486255511] [bw_dr03_decoded_serial_node]: RECEIVED /cmd_vel: linear.x=0.035, angular.z=-0.26875000000000004
[decoded_serial_node-3] [INFO] [1791537656.486544029] [bw_dr03_decoded_serial_node]: SEND MOTOR CMD: cd eb d7 09 74 42 46 53 53 05 0a 00 00
[decoded_serial_node-3] [INFO] [1791537656.554327831] [bw_dr03_decoded_serial_node]: RECEIVED /cmd_vel: linear.x=0.04666666666666666, angular.z=-0.15507812500000007
[decoded_serial_node-3] [INFO] [1791537656.554717270] [bw_dr03_decoded_serial_node]: SEND MOTOR CMD: cd eb d7 09 74 46 46 53 53 05 09 00 00
[decoded_serial_node-3] [INFO] [1791537656.621038301] [bw_dr03_decoded_serial_node]: RECEIVED /cmd_vel: linear.x=0.035, angular.z=-0.25
[decoded_serial_node-3] [INFO] [1791537656.621326818] [bw_dr03_decoded_serial_node]: SEND MOTOR CMD: cd eb d7 09 74 42 46 53 53 05 0a 00 00
[decoded_serial_node-3] [INFO] [1791537656.687688217] [bw_dr03_decoded_serial_node]: RECEIVED /cmd_vel: linear.x=0.04666666666666666, angular.z=-0.26875000000000004
[decoded_serial_node-3] [INFO] [1791537656.687998106] [bw_dr03_decoded_serial_node]: SEND MOTOR CMD: cd eb d7 09 74 53 46 53 53 1e 0c 00 00
[decoded_serial_node-3] [INFO] [1791537656.756535854] [bw_dr03_decoded_serial_node]: RECEIVED /cmd_vel: linear.x=0.06999999999999999, angular.z=-0.15507812500000007
[decoded_serial_node-3] [INFO] [1791537656.757029777] [bw_dr03_decoded_serial_node]: SEND MOTOR CMD: cd eb d7 09 74 46 46 53 53 05 0c 00 00
[decoded_serial_node-3] [INFO] [1791537656.821496221] [bw_dr03_decoded_serial_node]: RECEIVED /cmd_vel: linear.x=0.04666666666666666, angular.z=-0.25
[decoded_serial_node-3] [INFO] [1791537656.821825108] [bw_dr03_decoded_serial_node]: SEND MOTOR CMD: cd eb d7 09 74 53 46 53 53 1e 0b 00 00
[target_tracker-7] [INFO] [1791537656.872956820] [target_tracker_node]: muc tieu: no_target_yet
[decoded_serial_node-3] [INFO] [1791537656.887865932] [bw_dr03_decoded_serial_node]: RECEIVED /cmd_vel: linear.x=0.06999999999999999, angular.z=-0.14687499999999998
[decoded_serial_node-3] [INFO] [1791537656.888165135] [bw_dr03_decoded_serial_node]: SEND MOTOR CMD: cd eb d7 09 74 46 46 53 53 05 0c 00 00
[decoded_serial_node-3] [INFO] [1791537656.955458576] [bw_dr03_decoded_serial_node]: RECEIVED /cmd_vel: linear.x=0.07333333333333333, angular.z=-0.125
[decoded_serial_node-3] [INFO] [1791537656.955787463] [bw_dr03_decoded_serial_node]: SEND MOTOR CMD: cd eb d7 09 74 46 46 53 53 05 0c 00 00
[decoded_serial_node-3] [INFO] [1791537657.021348611] [bw_dr03_decoded_serial_node]: RECEIVED /cmd_vel: linear.x=0.07333333333333333, angular.z=-0.125
[decoded_serial_node-3] [INFO] [1791537657.021757048] [bw_dr03_decoded_serial_node]: SEND MOTOR CMD: cd eb d7 09 74 46 46 53 53 05 0c 00 00
[decoded_serial_node-3] [INFO] [1791537657.086512009] [bw_dr03_decoded_serial_node]: RECEIVED /cmd_vel: linear.x=0.07333333333333333, angular.z=-0.125
[decoded_serial_node-3] [INFO] [1791537657.086893137] [bw_dr03_decoded_serial_node]: SEND MOTOR CMD: cd eb d7 09 74 46 46 53 53 05 0c 00 00
[decoded_serial_node-3] [INFO] [1791537657.154171143] [bw_dr03_decoded_serial_node]: RECEIVED /cmd_vel: linear.x=0.07333333333333333, angular.z=-0.125
[decoded_serial_node-3] [INFO] [1791537657.154672190] [bw_dr03_decoded_serial_node]: SEND MOTOR CMD: cd eb d7 09 74 46 46 53 53 05 0c 00 00
[decoded_serial_node-3] [INFO] [1791537657.224204906] [bw_dr03_decoded_serial_node]: RECEIVED /cmd_vel: linear.x=0.07333333333333333, angular.z=-0.125
[decoded_serial_node-3] [INFO] [1791537657.224487487] [bw_dr03_decoded_serial_node]: SEND MOTOR CMD: cd eb d7 09 74 46 46 53 53 05 0c 00 00
[decoded_serial_node-3] [INFO] [1791537657.286445135] [bw_dr03_decoded_serial_node]: RECEIVED /cmd_vel: linear.x=0.07333333333333333, angular.z=-0.125
[decoded_serial_node-3] [INFO] [1791537657.286751463] [bw_dr03_decoded_serial_node]: SEND MOTOR CMD: cd eb d7 09 74 46 46 53 53 05 0c 00 00
[decoded_serial_node-3] [INFO] [1791537657.355286835] [bw_dr03_decoded_serial_node]: RECEIVED /cmd_vel: linear.x=0.07333333333333333, angular.z=-0.125
[decoded_serial_node-3] [INFO] [1791537657.355563479] [bw_dr03_decoded_serial_node]: SEND MOTOR CMD: cd eb d7 09 74 46 46 53 53 05 0c 00 00
[follow_planner-8] [INFO] [1791537657.419259356] [follow_planner_node]: [SEARCH] mat nguoi — nhich ra cho thoang de xoay do | d=- goc=- | v=0.073 w=-0.125 | thoang=0.09m
[decoded_serial_node-3] [INFO] [1791537657.419450513] [bw_dr03_decoded_serial_node]: RECEIVED /cmd_vel: linear.x=0.07333333333333333, angular.z=-0.125
[decoded_serial_node-3] [INFO] [1791537657.419721221] [bw_dr03_decoded_serial_node]: SEND MOTOR CMD: cd eb d7 09 74 46 46 53 53 05 0c 00 00
[decoded_serial_node-3] [INFO] [1791537657.488496431] [bw_dr03_decoded_serial_node]: RECEIVED /cmd_vel: linear.x=0.05, angular.z=0.1
[decoded_serial_node-3] [INFO] [1791537657.488936925] [bw_dr03_decoded_serial_node]: SEND MOTOR CMD: cd eb d7 09 74 46 46 53 53 08 05 00 00
[decoded_serial_node-3] [INFO] [1791537657.552346659] [bw_dr03_decoded_serial_node]: RECEIVED /cmd_vel: linear.x=0.035, angular.z=0.0
[decoded_serial_node-3] [INFO] [1791537657.552699291] [bw_dr03_decoded_serial_node]: SEND MOTOR CMD: cd eb d7 09 74 46 46 53 53 05 05 00 00
[decoded_serial_node-3] [INFO] [1791537657.619109370] [bw_dr03_decoded_serial_node]: RECEIVED /cmd_vel: linear.x=0.035, angular.z=0.0
[decoded_serial_node-3] [INFO] [1791537657.619450129] [bw_dr03_decoded_serial_node]: SEND MOTOR CMD: cd eb d7 09 74 46 46 53 53 05 05 00 00
[decoded_serial_node-3] [INFO] [1791537657.686279330] [bw_dr03_decoded_serial_node]: RECEIVED /cmd_vel: linear.x=-0.035, angular.z=0.0
[decoded_serial_node-3] [INFO] [1791537657.686516793] [bw_dr03_decoded_serial_node]: SEND MOTOR CMD: cd eb d7 09 74 42 42 53 53 05 05 00 00
[decoded_serial_node-3] [INFO] [1791537657.755990143] [bw_dr03_decoded_serial_node]: RECEIVED /cmd_vel: linear.x=-0.04333333333333332, angular.z=0.0
[decoded_serial_node-3] [INFO] [1791537657.756270350] [bw_dr03_decoded_serial_node]: SEND MOTOR CMD: cd eb d7 09 74 42 42 53 53 05 05 00 00
[decoded_serial_node-3] [INFO] [1791537657.820723733] [bw_dr03_decoded_serial_node]: RECEIVED /cmd_vel: linear.x=-0.06, angular.z=0.0
[decoded_serial_node-3] [INFO] [1791537657.821019375] [bw_dr03_decoded_serial_node]: SEND MOTOR CMD: cd eb d7 09 74 42 42 53 53 07 07 00 00
[target_tracker-7] [INFO] [1791537657.872620076] [target_tracker_node]: muc tieu: no_target_yet
[decoded_serial_node-3] [INFO] [1791537657.888099099] [bw_dr03_decoded_serial_node]: RECEIVED /cmd_vel: linear.x=-0.06, angular.z=0.0
[decoded_serial_node-3] [INFO] [1791537657.888879165] [bw_dr03_decoded_serial_node]: SEND MOTOR CMD: cd eb d7 09 74 42 42 53 53 07 07 00 00
[decoded_serial_node-3] [INFO] [1791537657.960442189] [bw_dr03_decoded_serial_node]: RECEIVED /cmd_vel: linear.x=-0.06, angular.z=0.0
[decoded_serial_node-3] [INFO] [1791537657.960963421] [bw_dr03_decoded_serial_node]: SEND MOTOR CMD: cd eb d7 09 74 42 42 53 53 07 07 00 00
[decoded_serial_node-3] [INFO] [1791537658.024205743] [bw_dr03_decoded_serial_node]: RECEIVED /cmd_vel: linear.x=-0.06, angular.z=0.0
[decoded_serial_node-3] [INFO] [1791537658.024593995] [bw_dr03_decoded_serial_node]: SEND MOTOR CMD: cd eb d7 09 74 42 42 53 53 07 07 00 00
[decoded_serial_node-3] [INFO] [1791537658.093517618] [bw_dr03_decoded_serial_node]: RECEIVED /cmd_vel: linear.x=-0.06, angular.z=0.0
[decoded_serial_node-3] [INFO] [1791537658.094283437] [bw_dr03_decoded_serial_node]: SEND MOTOR CMD: cd eb d7 09 74 42 42 53 53 07 07 00 00
[decoded_serial_node-3] [INFO] [1791537658.162244148] [bw_dr03_decoded_serial_node]: RECEIVED /cmd_vel: linear.x=-0.06, angular.z=0.0
[decoded_serial_node-3] [INFO] [1791537658.162713137] [bw_dr03_decoded_serial_node]: SEND MOTOR CMD: cd eb d7 09 74 42 42 53 53 07 07 00 00
[decoded_serial_node-3] [INFO] [1791537658.231954961] [bw_dr03_decoded_serial_node]: RECEIVED /cmd_vel: linear.x=-0.06, angular.z=0.0
[decoded_serial_node-3] [INFO] [1791537658.232387143] [bw_dr03_decoded_serial_node]: SEND MOTOR CMD: cd eb d7 09 74 42 42 53 53 07 07 00 00
[decoded_serial_node-3] [INFO] [1791537658.293286893] [bw_dr03_decoded_serial_node]: RECEIVED /cmd_vel: linear.x=-0.06, angular.z=0.0
[decoded_serial_node-3] [INFO] [1791537658.293721451] [bw_dr03_decoded_serial_node]: SEND MOTOR CMD: cd eb d7 09 74 42 42 53 53 07 07 00 00
[decoded_serial_node-3] [INFO] [1791537658.359343152] [bw_dr03_decoded_serial_node]: RECEIVED /cmd_vel: linear.x=-0.06, angular.z=0.0
[decoded_serial_node-3] [INFO] [1791537658.359981927] [bw_dr03_decoded_serial_node]: SEND MOTOR CMD: cd eb d7 09 74 42 42 53 53 07 07 00 00
[follow_planner-8] [INFO] [1791537658.428704894] [follow_planner_node]: [SEARCH] mat nguoi — nhich ra cho thoang de xoay do | d=- goc=- | v=-0.060 w=0.000 | thoang=0.00m
[decoded_serial_node-3] [INFO] [1791537658.429137077] [bw_dr03_decoded_serial_node]: RECEIVED /cmd_vel: linear.x=-0.06, angular.z=0.0
[decoded_serial_node-3] [INFO] [1791537658.429524141] [bw_dr03_decoded_serial_node]: SEND MOTOR CMD: cd eb d7 09 74 42 42 53 53 07 07 00 00
[decoded_serial_node-3] [INFO] [1791537658.490293287] [bw_dr03_decoded_serial_node]: RECEIVED /cmd_vel: linear.x=-0.06, angular.z=0.0
[decoded_serial_node-3] [INFO] [1791537658.490641170] [bw_dr03_decoded_serial_node]: SEND MOTOR CMD: cd eb d7 09 74 42 42 53 53 07 07 00 00
[decoded_serial_node-3] [INFO] [1791537658.556807848] [bw_dr03_decoded_serial_node]: RECEIVED /cmd_vel: linear.x=-0.06, angular.z=0.0
[decoded_serial_node-3] [INFO] [1791537658.557108239] [bw_dr03_decoded_serial_node]: SEND MOTOR CMD: cd eb d7 09 74 42 42 53 53 07 07 00 00
[decoded_serial_node-3] [INFO] [1791537658.621232736] [bw_dr03_decoded_serial_node]: RECEIVED /cmd_vel: linear.x=-0.06, angular.z=0.16
[decoded_serial_node-3] [INFO] [1791537658.621509380] [bw_dr03_decoded_serial_node]: SEND MOTOR CMD: cd eb d7 09 74 42 42 53 53 05 0b 00 00
[decoded_serial_node-3] [INFO] [1791537658.678780697] [bw_dr03_decoded_serial_node]: RECEIVED /cmd_vel: linear.x=-0.06, angular.z=0.17357762777242053
[decoded_serial_node-3] [INFO] [1791537658.679163012] [bw_dr03_decoded_serial_node]: SEND MOTOR CMD: cd eb d7 09 74 42 42 53 53 05 0b 00 00
[decoded_serial_node-3] [INFO] [1791537658.752518881] [bw_dr03_decoded_serial_node]: RECEIVED /cmd_vel: linear.x=-0.03666666666666667, angular.z=0.1
[decoded_serial_node-3] [INFO] [1791537658.752962937] [bw_dr03_decoded_serial_node]: SEND MOTOR CMD: cd eb d7 09 74 42 42 53 53 05 06 00 00
[decoded_serial_node-3] [INFO] [1791537658.819999917] [bw_dr03_decoded_serial_node]: RECEIVED /cmd_vel: linear.x=-0.035, angular.z=0.0
[decoded_serial_node-3] [INFO] [1791537658.820384607] [bw_dr03_decoded_serial_node]: SEND MOTOR CMD: cd eb d7 09 74 42 42 53 53 05 05 00 00
[decoded_serial_node-3] [INFO] [1791537658.887178188] [bw_dr03_decoded_serial_node]: RECEIVED /cmd_vel: linear.x=0.035, angular.z=0.0
[decoded_serial_node-3] [INFO] [1791537658.887597310] [bw_dr03_decoded_serial_node]: SEND MOTOR CMD: cd eb d7 09 74 46 46 53 53 05 05 00 00
[target_tracker-7] [INFO] [1791537658.922697897] [target_tracker_node]: muc tieu: no_target_yet
[decoded_serial_node-3] [INFO] [1791537658.953482595] [bw_dr03_decoded_serial_node]: RECEIVED /cmd_vel: linear.x=0.035, angular.z=-0.125
[decoded_serial_node-3] [INFO] [1791537658.954134431] [bw_dr03_decoded_serial_node]: SEND MOTOR CMD: cd eb d7 09 74 46 46 53 53 05 07 00 00
[decoded_serial_node-3] [INFO] [1791537659.020299922] [bw_dr03_decoded_serial_node]: RECEIVED /cmd_vel: linear.x=0.05666666666666666, angular.z=-0.125
[decoded_serial_node-3] [INFO] [1791537659.020574192] [bw_dr03_decoded_serial_node]: SEND MOTOR CMD: cd eb d7 09 74 46 46 53 53 05 09 00 00
[decoded_serial_node-3] [INFO] [1791537659.087106562] [bw_dr03_decoded_serial_node]: RECEIVED /cmd_vel: linear.x=0.07999999999999999, angular.z=-0.125
[decoded_serial_node-3] [INFO] [1791537659.087417639] [bw_dr03_decoded_serial_node]: SEND MOTOR CMD: cd eb d7 09 74 46 46 53 53 06 0c 00 00
[decoded_serial_node-3] [INFO] [1791537659.154370319] [bw_dr03_decoded_serial_node]: RECEIVED /cmd_vel: linear.x=0.07333333333333333, angular.z=0.0
[decoded_serial_node-3] [INFO] [1791537659.155031654] [bw_dr03_decoded_serial_node]: SEND MOTOR CMD: cd eb d7 09 74 46 46 53 53 08 08 00 00
[decoded_serial_node-3] [INFO] [1791537659.224434952] [bw_dr03_decoded_serial_node]: RECEIVED /cmd_vel: linear.x=0.07333333333333333, angular.z=0.0
[decoded_serial_node-3] [INFO] [1791537659.224900379] [bw_dr03_decoded_serial_node]: SEND MOTOR CMD: cd eb d7 09 74 46 46 53 53 08 08 00 00
[decoded_serial_node-3] [INFO] [1791537659.290710862] [bw_dr03_decoded_serial_node]: RECEIVED /cmd_vel: linear.x=0.07333333333333333, angular.z=0.0
[decoded_serial_node-3] [INFO] [1791537659.291031437] [bw_dr03_decoded_serial_node]: SEND MOTOR CMD: cd eb d7 09 74 46 46 53 53 08 08 00 00
[decoded_serial_node-3] [INFO] [1791537659.354892350] [bw_dr03_decoded_serial_node]: RECEIVED /cmd_vel: linear.x=0.07333333333333333, angular.z=0.0
[decoded_serial_node-3] [INFO] [1791537659.355528751] [bw_dr03_decoded_serial_node]: SEND MOTOR CMD: cd eb d7 09 74 46 46 53 53 08 08 00 00
[follow_planner-8] [INFO] [1791537659.421864027] [follow_planner_node]: [SEARCH] mat nguoi — nhich ra cho thoang de xoay do | d=- goc=- | v=0.050 w=-0.125 | thoang=0.08m
[decoded_serial_node-3] [INFO] [1791537659.421962575] [bw_dr03_decoded_serial_node]: RECEIVED /cmd_vel: linear.x=0.05, angular.z=-0.125
[decoded_serial_node-3] [INFO] [1791537659.422258216] [bw_dr03_decoded_serial_node]: SEND MOTOR CMD: cd eb d7 09 74 46 46 53 53 05 09 00 00
[decoded_serial_node-3] [INFO] [1791537659.488593493] [bw_dr03_decoded_serial_node]: RECEIVED /cmd_vel: linear.x=0.03666666666666667, angular.z=-0.125
[decoded_serial_node-3] [INFO] [1791537659.488922379] [bw_dr03_decoded_serial_node]: SEND MOTOR CMD: cd eb d7 09 74 46 46 53 53 05 07 00 00
[decoded_serial_node-3] [INFO] [1791537659.555907117] [bw_dr03_decoded_serial_node]: RECEIVED /cmd_vel: linear.x=0.06, angular.z=0.0
[decoded_serial_node-3] [INFO] [1791537659.556241939] [bw_dr03_decoded_serial_node]: SEND MOTOR CMD: cd eb d7 09 74 46 46 53 53 07 07 00 00
[decoded_serial_node-3] [INFO] [1791537659.622149783] [bw_dr03_decoded_serial_node]: RECEIVED /cmd_vel: linear.x=0.07333333333333333, angular.z=0.0
[decoded_serial_node-3] [INFO] [1791537659.622488167] [bw_dr03_decoded_serial_node]: SEND MOTOR CMD: cd eb d7 09 74 46 46 53 53 08 08 00 00
[decoded_serial_node-3] [INFO] [1791537659.687663437] [bw_dr03_decoded_serial_node]: RECEIVED /cmd_vel: linear.x=0.07333333333333333, angular.z=0.0
[decoded_serial_node-3] [INFO] [1791537659.688131239] [bw_dr03_decoded_serial_node]: SEND MOTOR CMD: cd eb d7 09 74 46 46 53 53 08 08 00 00
[decoded_serial_node-3] [INFO] [1791537659.746023521] [bw_dr03_decoded_serial_node]: RECEIVED /cmd_vel: linear.x=0.05, angular.z=0.16
[decoded_serial_node-3] [INFO] [1791537659.746325099] [bw_dr03_decoded_serial_node]: SEND MOTOR CMD: cd eb d7 09 74 46 46 53 53 0a 05 00 00
[decoded_serial_node-3] [INFO] [1791537659.810478091] [bw_dr03_decoded_serial_node]: RECEIVED /cmd_vel: linear.x=0.035, angular.z=0.22192425933311088
[decoded_serial_node-3] [INFO] [1791537659.810791542] [bw_dr03_decoded_serial_node]: SEND MOTOR CMD: cd eb d7 09 74 46 53 53 53 09 1e 00 00
[decoded_serial_node-3] [INFO] [1791537659.877372593] [bw_dr03_decoded_serial_node]: RECEIVED /cmd_vel: linear.x=0.035, angular.z=0.22192425933311088
[decoded_serial_node-3] [INFO] [1791537659.877684856] [bw_dr03_decoded_serial_node]: SEND MOTOR CMD: cd eb d7 09 74 46 53 53 53 09 1e 00 00
[decoded_serial_node-3] [INFO] [1791537659.957614887] [bw_dr03_decoded_serial_node]: RECEIVED /cmd_vel: linear.x=-0.035, angular.z=0.1
[decoded_serial_node-3] [INFO] [1791537659.957939024] [bw_dr03_decoded_serial_node]: SEND MOTOR CMD: cd eb d7 09 74 42 42 53 53 05 06 00 00
[target_tracker-7] [INFO] [1791537659.972810142] [target_tracker_node]: muc tieu: no_target_yet
[decoded_serial_node-3] [INFO] [1791537660.022800843] [bw_dr03_decoded_serial_node]: RECEIVED /cmd_vel: linear.x=-0.04333333333333332, angular.z=0.0
[decoded_serial_node-3] [INFO] [1791537660.023280518] [bw_dr03_decoded_serial_node]: SEND MOTOR CMD: cd eb d7 09 74 42 42 53 53 05 05 00 00
[decoded_serial_node-3] [INFO] [1791537660.087876378] [bw_dr03_decoded_serial_node]: RECEIVED /cmd_vel: linear.x=-0.035, angular.z=0.16
[decoded_serial_node-3] [INFO] [1791537660.088350117] [bw_dr03_decoded_serial_node]: SEND MOTOR CMD: cd eb d7 09 74 53 42 53 53 1e 08 00 00
[decoded_serial_node-3] [INFO] [1791537660.158250899] [bw_dr03_decoded_serial_node]: RECEIVED /cmd_vel: linear.x=-0.04333333333333332, angular.z=0.0
[decoded_serial_node-3] [INFO] [1791537660.158575036] [bw_dr03_decoded_serial_node]: SEND MOTOR CMD: cd eb d7 09 74 42 42 53 53 05 05 00 00
[decoded_serial_node-3] [INFO] [1791537660.221414857] [bw_dr03_decoded_serial_node]: RECEIVED /cmd_vel: linear.x=-0.06, angular.z=0.0
[decoded_serial_node-3] [INFO] [1791537660.221748493] [bw_dr03_decoded_serial_node]: SEND MOTOR CMD: cd eb d7 09 74 42 42 53 53 07 07 00 00
[decoded_serial_node-3] [INFO] [1791537660.288773599] [bw_dr03_decoded_serial_node]: RECEIVED /cmd_vel: linear.x=-0.06, angular.z=0.0
[decoded_serial_node-3] [INFO] [1791537660.289107234] [bw_dr03_decoded_serial_node]: SEND MOTOR CMD: cd eb d7 09 74 42 42 53 53 07 07 00 00
[follow_planner-8] [INFO] [1791537660.302935889] [follow_planner_node]: self-filter: bo 15/217 tia dap vao than xe
[decoded_serial_node-3] [INFO] [1791537660.355700158] [bw_dr03_decoded_serial_node]: RECEIVED /cmd_vel: linear.x=-0.06, angular.z=0.0
[decoded_serial_node-3] [INFO] [1791537660.356167960] [bw_dr03_decoded_serial_node]: SEND MOTOR CMD: cd eb d7 09 74 42 42 53 53 07 07 00 00
[decoded_serial_node-3] [INFO] [1791537660.425078522] [bw_dr03_decoded_serial_node]: RECEIVED /cmd_vel: linear.x=-0.06, angular.z=0.0
[decoded_serial_node-3] [INFO] [1791537660.425528514] [bw_dr03_decoded_serial_node]: SEND MOTOR CMD: cd eb d7 09 74 42 42 53 53 07 07 00 00
[follow_planner-8] [INFO] [1791537660.488806454] [follow_planner_node]: [SEARCH] mat nguoi — nhich ra cho thoang de xoay do | d=- goc=- | v=-0.060 w=0.000 | thoang=0.00m
[decoded_serial_node-3] [INFO] [1791537660.488976240] [bw_dr03_decoded_serial_node]: RECEIVED /cmd_vel: linear.x=-0.06, angular.z=0.0
[decoded_serial_node-3] [INFO] [1791537660.489446417] [bw_dr03_decoded_serial_node]: SEND MOTOR CMD: cd eb d7 09 74 42 42 53 53 07 07 00 00
[decoded_serial_node-3] [INFO] [1791537660.555715203] [bw_dr03_decoded_serial_node]: RECEIVED /cmd_vel: linear.x=-0.06, angular.z=0.0
[decoded_serial_node-3] [INFO] [1791537660.556020343] [bw_dr03_decoded_serial_node]: SEND MOTOR CMD: cd eb d7 09 74 42 42 53 53 07 07 00 00
[decoded_serial_node-3] [INFO] [1791537660.622346121] [bw_dr03_decoded_serial_node]: RECEIVED /cmd_vel: linear.x=-0.06, angular.z=0.0
[decoded_serial_node-3] [INFO] [1791537660.622666696] [bw_dr03_decoded_serial_node]: SEND MOTOR CMD: cd eb d7 09 74 42 42 53 53 07 07 00 00
[decoded_serial_node-3] [INFO] [1791537660.691430031] [bw_dr03_decoded_serial_node]: RECEIVED /cmd_vel: linear.x=-0.06, angular.z=0.0
[decoded_serial_node-3] [INFO] [1791537660.691741107] [bw_dr03_decoded_serial_node]: SEND MOTOR CMD: cd eb d7 09 74 42 42 53 53 07 07 00 00
[decoded_serial_node-3] [INFO] [1791537660.755337248] [bw_dr03_decoded_serial_node]: RECEIVED /cmd_vel: linear.x=-0.06, angular.z=0.0
[decoded_serial_node-3] [INFO] [1791537660.756004519] [bw_dr03_decoded_serial_node]: SEND MOTOR CMD: cd eb d7 09 74 42 42 53 53 07 07 00 00
[decoded_serial_node-3] [INFO] [1791537660.820894833] [bw_dr03_decoded_serial_node]: RECEIVED /cmd_vel: linear.x=-0.06, angular.z=0.0
[decoded_serial_node-3] [INFO] [1791537660.821183351] [bw_dr03_decoded_serial_node]: SEND MOTOR CMD: cd eb d7 09 74 42 42 53 53 07 07 00 00
[decoded_serial_node-3] [INFO] [1791537660.890448919] [bw_dr03_decoded_serial_node]: RECEIVED /cmd_vel: linear.x=-0.06, angular.z=0.0
[decoded_serial_node-3] [INFO] [1791537660.890761183] [bw_dr03_decoded_serial_node]: SEND MOTOR CMD: cd eb d7 09 74 42 42 53 53 07 07 00 00
[decoded_serial_node-3] [INFO] [1791537660.955202692] [bw_dr03_decoded_serial_node]: RECEIVED /cmd_vel: linear.x=-0.06, angular.z=0.0
[decoded_serial_node-3] [INFO] [1791537660.955485273] [bw_dr03_decoded_serial_node]: SEND MOTOR CMD: cd eb d7 09 74 42 42 53 53 07 07 00 00
[decoded_serial_node-3] [INFO] [1791537661.022525814] [bw_dr03_decoded_serial_node]: RECEIVED /cmd_vel: linear.x=-0.06, angular.z=0.0
[target_tracker-7] [INFO] [1791537661.022715784] [target_tracker_node]: muc tieu: no_target_yet
[decoded_serial_node-3] [INFO] [1791537661.022927127] [bw_dr03_decoded_serial_node]: SEND MOTOR CMD: cd eb d7 09 74 42 42 53 53 07 07 00 00
[decoded_serial_node-3] [INFO] [1791537661.087115737] [bw_dr03_decoded_serial_node]: RECEIVED /cmd_vel: linear.x=-0.06, angular.z=0.16
[decoded_serial_node-3] [INFO] [1791537661.087560980] [bw_dr03_decoded_serial_node]: SEND MOTOR CMD: cd eb d7 09 74 42 42 53 53 05 0b 00 00
[decoded_serial_node-3] [INFO] [1791537661.146392426] [bw_dr03_decoded_serial_node]: RECEIVED /cmd_vel: linear.x=-0.06, angular.z=0.22584692597239664
[decoded_serial_node-3] [INFO] [1791537661.146691630] [bw_dr03_decoded_serial_node]: SEND MOTOR CMD: cd eb d7 09 74 42 42 53 53 05 0c 00 00
[decoded_serial_node-3] [INFO] [1791537661.209445964] [bw_dr03_decoded_serial_node]: RECEIVED /cmd_vel: linear.x=-0.06, angular.z=0.23092591655230046
[decoded_serial_node-3] [INFO] [1791537661.209805720] [bw_dr03_decoded_serial_node]: SEND MOTOR CMD: cd eb d7 09 74 42 42 53 53 05 0c 00 00
[decoded_serial_node-3] [INFO] [1791537661.286767463] [bw_dr03_decoded_serial_node]: RECEIVED /cmd_vel: linear.x=-0.03666666666666667, angular.z=0.1
[decoded_serial_node-3] [INFO] [1791537661.287070228] [bw_dr03_decoded_serial_node]: SEND MOTOR CMD: cd eb d7 09 74 42 42 53 53 05 06 00 00
[decoded_serial_node-3] [INFO] [1791537661.355439374] [bw_dr03_decoded_serial_node]: RECEIVED /cmd_vel: linear.x=-0.035, angular.z=-0.1
[decoded_serial_node-3] [INFO] [1791537661.356072213] [bw_dr03_decoded_serial_node]: SEND MOTOR CMD: cd eb d7 09 74 42 42 53 53 06 05 00 00
[decoded_serial_node-3] [INFO] [1791537661.422039421] [bw_dr03_decoded_serial_node]: RECEIVED /cmd_vel: linear.x=0.035, angular.z=-0.125
[decoded_serial_node-3] [INFO] [1791537661.422509597] [bw_dr03_decoded_serial_node]: SEND MOTOR CMD: cd eb d7 09 74 46 46 53 53 05 07 00 00
[decoded_serial_node-3] [INFO] [1791537661.488089741] [bw_dr03_decoded_serial_node]: RECEIVED /cmd_vel: linear.x=0.035, angular.z=0.0
[decoded_serial_node-3] [INFO] [1791537661.488507675] [bw_dr03_decoded_serial_node]: SEND MOTOR CMD: cd eb d7 09 74 46 46 53 53 05 05 00 00
[follow_planner-8] [INFO] [1791537661.555372493] [follow_planner_node]: [SEARCH] mat nguoi — nhich ra cho thoang de xoay do | d=- goc=- | v=0.057 w=0.000 | thoang=0.10m
[decoded_serial_node-3] [INFO] [1791537661.555719189] [bw_dr03_decoded_serial_node]: RECEIVED /cmd_vel: linear.x=0.05666666666666666, angular.z=0.0
[decoded_serial_node-3] [INFO] [1791537661.556235671] [bw_dr03_decoded_serial_node]: SEND MOTOR CMD: cd eb d7 09 74 46 46 53 53 06 06 00 00
[decoded_serial_node-3] [INFO] [1791537661.622877274] [bw_dr03_decoded_serial_node]: RECEIVED /cmd_vel: linear.x=0.07999999999999999, angular.z=0.0
[decoded_serial_node-3] [INFO] [1791537661.623384257] [bw_dr03_decoded_serial_node]: SEND MOTOR CMD: cd eb d7 09 74 46 46 53 53 09 09 00 00
[decoded_serial_node-3] [INFO] [1791537661.688848044] [bw_dr03_decoded_serial_node]: RECEIVED /cmd_vel: linear.x=0.07333333333333333, angular.z=0.0
[decoded_serial_node-3] [INFO] [1791537661.689419142] [bw_dr03_decoded_serial_node]: SEND MOTOR CMD: cd eb d7 09 74 46 46 53 53 08 08 00 00
[decoded_serial_node-3] [INFO] [1791537661.755148887] [bw_dr03_decoded_serial_node]: RECEIVED /cmd_vel: linear.x=0.07333333333333333, angular.z=0.0
[decoded_serial_node-3] [INFO] [1791537661.755467088] [bw_dr03_decoded_serial_node]: SEND MOTOR CMD: cd eb d7 09 74 46 46 53 53 08 08 00 00
[decoded_serial_node-3] [INFO] [1791537661.821640889] [bw_dr03_decoded_serial_node]: RECEIVED /cmd_vel: linear.x=0.07333333333333333, angular.z=0.0
[decoded_serial_node-3] [INFO] [1791537661.821973337] [bw_dr03_decoded_serial_node]: SEND MOTOR CMD: cd eb d7 09 74 46 46 53 53 08 08 00 00
[decoded_serial_node-3] [INFO] [1791537661.887517861] [bw_dr03_decoded_serial_node]: RECEIVED /cmd_vel: linear.x=0.07333333333333333, angular.z=0.0
[decoded_serial_node-3] [INFO] [1791537661.887993974] [bw_dr03_decoded_serial_node]: SEND MOTOR CMD: cd eb d7 09 74 46 46 53 53 08 08 00 00
[decoded_serial_node-3] [INFO] [1791537661.954623703] [bw_dr03_decoded_serial_node]: RECEIVED /cmd_vel: linear.x=0.07333333333333333, angular.z=0.0
[decoded_serial_node-3] [INFO] [1791537661.954998895] [bw_dr03_decoded_serial_node]: SEND MOTOR CMD: cd eb d7 09 74 46 46 53 53 08 08 00 00
[decoded_serial_node-3] [INFO] [1791537662.022862244] [bw_dr03_decoded_serial_node]: RECEIVED /cmd_vel: linear.x=0.07333333333333333, angular.z=0.0
[decoded_serial_node-3] [INFO] [1791537662.023306300] [bw_dr03_decoded_serial_node]: SEND MOTOR CMD: cd eb d7 09 74 46 46 53 53 08 08 00 00
[target_tracker-7] [INFO] [1791537662.072752023] [target_tracker_node]: muc tieu: no_target_yet
[decoded_serial_node-3] [INFO] [1791537662.086664977] [bw_dr03_decoded_serial_node]: RECEIVED /cmd_vel: linear.x=0.07333333333333333, angular.z=0.0
[decoded_serial_node-3] [INFO] [1791537662.086971304] [bw_dr03_decoded_serial_node]: SEND MOTOR CMD: cd eb d7 09 74 46 46 53 53 08 08 00 00
[decoded_serial_node-3] [INFO] [1791537662.155117234] [bw_dr03_decoded_serial_node]: RECEIVED /cmd_vel: linear.x=0.07333333333333333, angular.z=0.0
[decoded_serial_node-3] [INFO] [1791537662.155454432] [bw_dr03_decoded_serial_node]: SEND MOTOR CMD: cd eb d7 09 74 46 46 53 53 08 08 00 00
[decoded_serial_node-3] [INFO] [1791537662.221356337] [bw_dr03_decoded_serial_node]: RECEIVED /cmd_vel: linear.x=0.07333333333333333, angular.z=0.0
[decoded_serial_node-3] [INFO] [1791537662.221712531] [bw_dr03_decoded_serial_node]: SEND MOTOR CMD: cd eb d7 09 74 46 46 53 53 08 08 00 00
[decoded_serial_node-3] [INFO] [1791537662.279146508] [bw_dr03_decoded_serial_node]: RECEIVED /cmd_vel: linear.x=0.05, angular.z=0.16
[decoded_serial_node-3] [INFO] [1791537662.279843461] [bw_dr03_decoded_serial_node]: SEND MOTOR CMD: cd eb d7 09 74 46 46 53 53 0a 05 00 00
[decoded_serial_node-3] [INFO] [1791537662.342918370] [bw_dr03_decoded_serial_node]: RECEIVED /cmd_vel: linear.x=0.035, angular.z=0.2965196339583686
[decoded_serial_node-3] [INFO] [1791537662.343206888] [bw_dr03_decoded_serial_node]: SEND MOTOR CMD: cd eb d7 09 74 46 42 53 53 0b 05 00 00
[decoded_serial_node-3] [INFO] [1791537662.409757067] [bw_dr03_decoded_serial_node]: RECEIVED /cmd_vel: linear.x=0.035, angular.z=0.29090820809626355
[decoded_serial_node-3] [INFO] [1791537662.410049146] [bw_dr03_decoded_serial_node]: SEND MOTOR CMD: cd eb d7 09 74 46 42 53 53 0b 05 00 00
[decoded_serial_node-3] [INFO] [1791537662.479662597] [bw_dr03_decoded_serial_node]: RECEIVED /cmd_vel: linear.x=-0.035, angular.z=0.22584692597239664
[decoded_serial_node-3] [INFO] [1791537662.480143459] [bw_dr03_decoded_serial_node]: SEND MOTOR CMD: cd eb d7 09 74 46 42 53 53 05 09 00 00
[decoded_serial_node-3] [INFO] [1791537662.543024836] [bw_dr03_decoded_serial_node]: RECEIVED /cmd_vel: linear.x=-0.04333333333333332, angular.z=0.21755735736541496
[decoded_serial_node-3] [INFO] [1791537662.543369157] [bw_dr03_decoded_serial_node]: SEND MOTOR CMD: cd eb d7 09 74 53 42 53 53 1e 0a 00 00
[follow_planner-8] [INFO] [1791537662.609618946] [follow_planner_node]: [SEARCH] mat nguoi — nhich ra cho thoang de xoay do | d=- goc=- | v=-0.060 w=0.279 | thoang=0.00m
[decoded_serial_node-3] [INFO] [1791537662.610128304] [bw_dr03_decoded_serial_node]: RECEIVED /cmd_vel: linear.x=-0.06, angular.z=0.27867029977530705
[decoded_serial_node-3] [INFO] [1791537662.610511806] [bw_dr03_decoded_serial_node]: SEND MOTOR CMD: cd eb d7 09 74 53 42 53 53 1e 0e 00 00
[python3-4] [INFO] [1791537662.628862943] [identity_lock_node]: camera: nhan 23.5 fps (phoi sang 30 ms, do sang 78), xu ly 14.9 Hz, TB 19 ms/khung, tre tu luc chup 40.2 ms, 0 nguoi, status LOST
[decoded_serial_node-3] [INFO] [1791537662.680951628] [bw_dr03_decoded_serial_node]: RECEIVED /cmd_vel: linear.x=-0.06, angular.z=0.22584692597239664
[decoded_serial_node-3] [INFO] [1791537662.681374312] [bw_dr03_decoded_serial_node]: SEND MOTOR CMD: cd eb d7 09 74 42 42 53 53 05 0c 00 00
[decoded_serial_node-3] [INFO] [1791537662.743531427] [bw_dr03_decoded_serial_node]: RECEIVED /cmd_vel: linear.x=-0.06, angular.z=0.22373150653049667
[decoded_serial_node-3] [INFO] [1791537662.744017039] [bw_dr03_decoded_serial_node]: SEND MOTOR CMD: cd eb d7 09 74 42 42 53 53 05 0c 00 00
[decoded_serial_node-3] [INFO] [1791537662.810295323] [bw_dr03_decoded_serial_node]: RECEIVED /cmd_vel: linear.x=-0.06, angular.z=0.22419285038626388
[decoded_serial_node-3] [INFO] [1791537662.810872357] [bw_dr03_decoded_serial_node]: SEND MOTOR CMD: cd eb d7 09 74 42 42 53 53 05 0c 00 00
[decoded_serial_node-3] [INFO] [1791537662.881024849] [bw_dr03_decoded_serial_node]: RECEIVED /cmd_vel: linear.x=-0.06, angular.z=0.13709063214013723
[decoded_serial_node-3] [INFO] [1791537662.881547268] [bw_dr03_decoded_serial_node]: SEND MOTOR CMD: cd eb d7 09 74 42 42 53 53 05 0a 00 00
[decoded_serial_node-3] [INFO] [1791537662.943313756] [bw_dr03_decoded_serial_node]: RECEIVED /cmd_vel: linear.x=-0.06, angular.z=0.17481052446613154
[decoded_serial_node-3] [INFO] [1791537662.943978652] [bw_dr03_decoded_serial_node]: SEND MOTOR CMD: cd eb d7 09 74 42 42 53 53 05 0b 00 00
[decoded_serial_node-3] [INFO] [1791537663.010877902] [bw_dr03_decoded_serial_node]: RECEIVED /cmd_vel: linear.x=-0.06, angular.z=0.17481052446613154
[decoded_serial_node-3] [INFO] [1791537663.011362326] [bw_dr03_decoded_serial_node]: SEND MOTOR CMD: cd eb d7 09 74 42 42 53 53 05 0b 00 00
[target_tracker-7] [INFO] [1791537663.073447014] [target_tracker_node]: muc tieu: no_target_yet
[decoded_serial_node-3] [INFO] [1791537663.080925909] [bw_dr03_decoded_serial_node]: RECEIVED /cmd_vel: linear.x=-0.06, angular.z=0.22584692597239664
[decoded_serial_node-3] [INFO] [1791537663.081398460] [bw_dr03_decoded_serial_node]: SEND MOTOR CMD: cd eb d7 09 74 42 42 53 53 05 0c 00 00
[decoded_serial_node-3] [INFO] [1791537663.162861312] [bw_dr03_decoded_serial_node]: RECEIVED /cmd_vel: linear.x=-0.03666666666666667, angular.z=0.1
[decoded_serial_node-3] [INFO] [1791537663.163698369] [bw_dr03_decoded_serial_node]: SEND MOTOR CMD: cd eb d7 09 74 42 42 53 53 05 06 00 00
[decoded_serial_node-3] [INFO] [1791537663.230344720] [bw_dr03_decoded_serial_node]: RECEIVED /cmd_vel: linear.x=-0.035, angular.z=0.0
[decoded_serial_node-3] [INFO] [1791537663.230925317] [bw_dr03_decoded_serial_node]: SEND MOTOR CMD: cd eb d7 09 74 42 42 53 53 05 05 00 00
[decoded_serial_node-3] [INFO] [1791537663.296049530] [bw_dr03_decoded_serial_node]: RECEIVED /cmd_vel: linear.x=0.035, angular.z=0.0
[decoded_serial_node-3] [INFO] [1791537663.296697804] [bw_dr03_decoded_serial_node]: SEND MOTOR CMD: cd eb d7 09 74 46 46 53 53 05 05 00 00
[decoded_serial_node-3] [INFO] [1791537663.358850169] [bw_dr03_decoded_serial_node]: RECEIVED /cmd_vel: linear.x=0.035, angular.z=0.0
[decoded_serial_node-3] [INFO] [1791537663.359456887] [bw_dr03_decoded_serial_node]: SEND MOTOR CMD: cd eb d7 09 74 46 46 53 53 05 05 00 00
[decoded_serial_node-3] [INFO] [1791537663.423032842] [bw_dr03_decoded_serial_node]: RECEIVED /cmd_vel: linear.x=0.05666666666666666, angular.z=-0.125
[decoded_serial_node-3] [INFO] [1791537663.423510142] [bw_dr03_decoded_serial_node]: SEND MOTOR CMD: cd eb d7 09 74 46 46 53 53 05 09 00 00
[decoded_serial_node-3] [INFO] [1791537663.489071287] [bw_dr03_decoded_serial_node]: RECEIVED /cmd_vel: linear.x=0.07333333333333333, angular.z=0.0
[decoded_serial_node-3] [INFO] [1791537663.489507032] [bw_dr03_decoded_serial_node]: SEND MOTOR CMD: cd eb d7 09 74 46 46 53 53 08 08 00 00
[decoded_serial_node-3] [INFO] [1791537663.553887986] [bw_dr03_decoded_serial_node]: RECEIVED /cmd_vel: linear.x=0.07333333333333333, angular.z=0.0
[decoded_serial_node-3] [INFO] [1791537663.554151570] [bw_dr03_decoded_serial_node]: SEND MOTOR CMD: cd eb d7 09 74 46 46 53 53 08 08 00 00
[follow_planner-8] [INFO] [1791537663.619248476] [follow_planner_node]: [SEARCH] mat nguoi — nhich ra cho thoang de xoay do | d=- goc=- | v=0.073 w=0.000 | thoang=0.10m
[decoded_serial_node-3] [INFO] [1791537663.619357708] [bw_dr03_decoded_serial_node]: RECEIVED /cmd_vel: linear.x=0.07333333333333333, angular.z=0.0
[decoded_serial_node-3] [INFO] [1791537663.619686595] [bw_dr03_decoded_serial_node]: SEND MOTOR CMD: cd eb d7 09 74 46 46 53 53 08 08 00 00
[decoded_serial_node-3] [INFO] [1791537663.686334133] [bw_dr03_decoded_serial_node]: RECEIVED /cmd_vel: linear.x=0.07333333333333333, angular.z=0.0
[decoded_serial_node-3] [INFO] [1791537663.686654708] [bw_dr03_decoded_serial_node]: SEND MOTOR CMD: cd eb d7 09 74 46 46 53 53 08 08 00 00
[decoded_serial_node-3] [INFO] [1791537663.752215853] [bw_dr03_decoded_serial_node]: RECEIVED /cmd_vel: linear.x=0.07333333333333333, angular.z=0.0
[decoded_serial_node-3] [INFO] [1791537663.752464002] [bw_dr03_decoded_serial_node]: SEND MOTOR CMD: cd eb d7 09 74 46 46 53 53 08 08 00 00
[decoded_serial_node-3] [INFO] [1791537663.819662454] [bw_dr03_decoded_serial_node]: RECEIVED /cmd_vel: linear.x=0.07333333333333333, angular.z=0.0
[decoded_serial_node-3] [INFO] [1791537663.819905854] [bw_dr03_decoded_serial_node]: SEND MOTOR CMD: cd eb d7 09 74 46 46 53 53 08 08 00 00
[decoded_serial_node-3] [INFO] [1791537663.885369639] [bw_dr03_decoded_serial_node]: RECEIVED /cmd_vel: linear.x=0.07333333333333333, angular.z=0.0
[decoded_serial_node-3] [INFO] [1791537663.885778076] [bw_dr03_decoded_serial_node]: SEND MOTOR CMD: cd eb d7 09 74 46 46 53 53 08 08 00 00
[decoded_serial_node-3] [INFO] [1791537663.946413052] [bw_dr03_decoded_serial_node]: RECEIVED /cmd_vel: linear.x=0.05, angular.z=0.16
[decoded_serial_node-3] [INFO] [1791537663.946656452] [bw_dr03_decoded_serial_node]: SEND MOTOR CMD: cd eb d7 09 74 46 46 53 53 0a 05 00 00
[decoded_serial_node-3] [INFO] [1791537664.009119893] [bw_dr03_decoded_serial_node]: RECEIVED /cmd_vel: linear.x=0.035, angular.z=0.1735776277724206
[decoded_serial_node-3] [INFO] [1791537664.009454715] [bw_dr03_decoded_serial_node]: SEND MOTOR CMD: cd eb d7 09 74 46 53 53 53 08 1e 00 00
[decoded_serial_node-3] [INFO] [1791537664.075782865] [bw_dr03_decoded_serial_node]: RECEIVED /cmd_vel: linear.x=0.035, angular.z=0.13513636084876515
[decoded_serial_node-3] [INFO] [1791537664.076320719] [bw_dr03_decoded_serial_node]: SEND MOTOR CMD: cd eb d7 09 74 46 53 53 53 07 1e 00 00
[target_tracker-7] [INFO] [1791537664.122379032] [target_tracker_node]: muc tieu: no_target_yet
[decoded_serial_node-3] [INFO] [1791537664.155553793] [bw_dr03_decoded_serial_node]: RECEIVED /cmd_vel: linear.x=-0.035, angular.z=0.0
[decoded_serial_node-3] [INFO] [1791537664.155803129] [bw_dr03_decoded_serial_node]: SEND MOTOR CMD: cd eb d7 09 74 42 42 53 53 05 05 00 00
[decoded_serial_node-3] [INFO] [1791537664.219716281] [bw_dr03_decoded_serial_node]: RECEIVED /cmd_vel: linear.x=-0.04333333333333332, angular.z=0.0
[decoded_serial_node-3] [INFO] [1791537664.220260071] [bw_dr03_decoded_serial_node]: SEND MOTOR CMD: cd eb d7 09 74 42 42 53 53 05 05 00 00
[decoded_serial_node-3] [INFO] [1791537664.285907890] [bw_dr03_decoded_serial_node]: RECEIVED /cmd_vel: linear.x=-0.06, angular.z=0.0
[decoded_serial_node-3] [INFO] [1791537664.286458804] [bw_dr03_decoded_serial_node]: SEND MOTOR CMD: cd eb d7 09 74 42 42 53 53 07 07 00 00
[decoded_serial_node-3] [INFO] [1791537664.352800014] [bw_dr03_decoded_serial_node]: RECEIVED /cmd_vel: linear.x=-0.06, angular.z=0.0
[decoded_serial_node-3] [INFO] [1791537664.353141961] [bw_dr03_decoded_serial_node]: SEND MOTOR CMD: cd eb d7 09 74 42 42 53 53 07 07 00 00
[decoded_serial_node-3] [INFO] [1791537664.422738789] [bw_dr03_decoded_serial_node]: RECEIVED /cmd_vel: linear.x=-0.06, angular.z=0.0
[decoded_serial_node-3] [INFO] [1791537664.423008309] [bw_dr03_decoded_serial_node]: SEND MOTOR CMD: cd eb d7 09 74 42 42 53 53 07 07 00 00
[decoded_serial_node-3] [INFO] [1791537664.486597324] [bw_dr03_decoded_serial_node]: RECEIVED /cmd_vel: linear.x=-0.06, angular.z=0.0
[decoded_serial_node-3] [INFO] [1791537664.486885841] [bw_dr03_decoded_serial_node]: SEND MOTOR CMD: cd eb d7 09 74 42 42 53 53 07 07 00 00
[decoded_serial_node-3] [INFO] [1791537664.554308696] [bw_dr03_decoded_serial_node]: RECEIVED /cmd_vel: linear.x=-0.06, angular.z=0.0
[decoded_serial_node-3] [INFO] [1791537664.554802619] [bw_dr03_decoded_serial_node]: SEND MOTOR CMD: cd eb d7 09 74 42 42 53 53 07 07 00 00
[decoded_serial_node-3] [INFO] [1791537664.621439471] [bw_dr03_decoded_serial_node]: RECEIVED /cmd_vel: linear.x=-0.06, angular.z=0.0
[decoded_serial_node-3] [INFO] [1791537664.621830097] [bw_dr03_decoded_serial_node]: SEND MOTOR CMD: cd eb d7 09 74 42 42 53 53 07 07 00 00
[follow_planner-8] [INFO] [1791537664.690813083] [follow_planner_node]: [SEARCH] mat nguoi — nhich ra cho thoang de xoay do | d=- goc=- | v=-0.060 w=0.000 | thoang=0.00m
[decoded_serial_node-3] [INFO] [1791537664.691821113] [bw_dr03_decoded_serial_node]: RECEIVED /cmd_vel: linear.x=-0.06, angular.z=0.0
[decoded_serial_node-3] [INFO] [1791537664.692307912] [bw_dr03_decoded_serial_node]: SEND MOTOR CMD: cd eb d7 09 74 42 42 53 53 07 07 00 00
[decoded_serial_node-3] [INFO] [1791537664.757434500] [bw_dr03_decoded_serial_node]: RECEIVED /cmd_vel: linear.x=-0.06, angular.z=0.0
[decoded_serial_node-3] [INFO] [1791537664.757776446] [bw_dr03_decoded_serial_node]: SEND MOTOR CMD: cd eb d7 09 74 42 42 53 53 07 07 00 00
[decoded_serial_node-3] [INFO] [1791537664.824412111] [bw_dr03_decoded_serial_node]: RECEIVED /cmd_vel: linear.x=-0.06, angular.z=0.0
[decoded_serial_node-3] [INFO] [1791537664.824777804] [bw_dr03_decoded_serial_node]: SEND MOTOR CMD: cd eb d7 09 74 42 42 53 53 07 07 00 00
[decoded_serial_node-3] [INFO] [1791537664.891855150] [bw_dr03_decoded_serial_node]: RECEIVED /cmd_vel: linear.x=-0.06, angular.z=0.16
[decoded_serial_node-3] [INFO] [1791537664.892260024] [bw_dr03_decoded_serial_node]: SEND MOTOR CMD: cd eb d7 09 74 42 42 53 53 05 0b 00 00
[decoded_serial_node-3] [INFO] [1791537664.969211079] [bw_dr03_decoded_serial_node]: RECEIVED /cmd_vel: linear.x=-0.06, angular.z=0.0
[decoded_serial_node-3] [INFO] [1791537664.969804736] [bw_dr03_decoded_serial_node]: SEND MOTOR CMD: cd eb d7 09 74 42 42 53 53 07 07 00 00
[decoded_serial_node-3] [INFO] [1791537665.033125418] [bw_dr03_decoded_serial_node]: RECEIVED /cmd_vel: linear.x=-0.06, angular.z=0.0
[decoded_serial_node-3] [INFO] [1791537665.033668021] [bw_dr03_decoded_serial_node]: SEND MOTOR CMD: cd eb d7 09 74 42 42 53 53 07 07 00 00
[decoded_serial_node-3] [INFO] [1791537665.097698716] [bw_dr03_decoded_serial_node]: RECEIVED /cmd_vel: linear.x=-0.06, angular.z=0.0
[decoded_serial_node-3] [INFO] [1791537665.098211636] [bw_dr03_decoded_serial_node]: SEND MOTOR CMD: cd eb d7 09 74 42 42 53 53 07 07 00 00
[target_tracker-7] [INFO] [1791537665.123445636] [target_tracker_node]: muc tieu: no_target_yet
[decoded_serial_node-3] [INFO] [1791537665.161196308] [bw_dr03_decoded_serial_node]: RECEIVED /cmd_vel: linear.x=-0.06, angular.z=0.16
[decoded_serial_node-3] [INFO] [1791537665.161689043] [bw_dr03_decoded_serial_node]: SEND MOTOR CMD: cd eb d7 09 74 42 42 53 53 05 0b 00 00
[decoded_serial_node-3] [INFO] [1791537665.214466370] [bw_dr03_decoded_serial_node]: RECEIVED /cmd_vel: linear.x=-0.06, angular.z=0.13709063214013723
[decoded_serial_node-3] [INFO] [1791537665.214881930] [bw_dr03_decoded_serial_node]: SEND MOTOR CMD: cd eb d7 09 74 42 42 53 53 05 0a 00 00
[decoded_serial_node-3] [INFO] [1791537665.288566681] [bw_dr03_decoded_serial_node]: RECEIVED /cmd_vel: linear.x=-0.03666666666666667, angular.z=0.0
[decoded_serial_node-3] [INFO] [1791537665.288937124] [bw_dr03_decoded_serial_node]: SEND MOTOR CMD: cd eb d7 09 74 42 42 53 53 05 05 00 00
[decoded_serial_node-3] [INFO] [1791537665.355455244] [bw_dr03_decoded_serial_node]: RECEIVED /cmd_vel: linear.x=-0.035, angular.z=0.0
[decoded_serial_node-3] [INFO] [1791537665.355919484] [bw_dr03_decoded_serial_node]: SEND MOTOR CMD: cd eb d7 09 74 42 42 53 53 05 05 00 00
[decoded_serial_node-3] [INFO] [1791537665.421665849] [bw_dr03_decoded_serial_node]: RECEIVED /cmd_vel: linear.x=0.035, angular.z=0.0
[decoded_serial_node-3] [INFO] [1791537665.421995922] [bw_dr03_decoded_serial_node]: SEND MOTOR CMD: cd eb d7 09 74 46 46 53 53 05 05 00 00
[decoded_serial_node-3] [INFO] [1791537665.487704294] [bw_dr03_decoded_serial_node]: RECEIVED /cmd_vel: linear.x=0.035, angular.z=0.0
[decoded_serial_node-3] [INFO] [1791537665.487990437] [bw_dr03_decoded_serial_node]: SEND MOTOR CMD: cd eb d7 09 74 46 46 53 53 05 05 00 00
[decoded_serial_node-3] [INFO] [1791537665.553183513] [bw_dr03_decoded_serial_node]: RECEIVED /cmd_vel: linear.x=0.05666666666666666, angular.z=0.0
[decoded_serial_node-3] [INFO] [1791537665.553504088] [bw_dr03_decoded_serial_node]: SEND MOTOR CMD: cd eb d7 09 74 46 46 53 53 06 06 00 00
[decoded_serial_node-3] [INFO] [1791537665.620300040] [bw_dr03_decoded_serial_node]: RECEIVED /cmd_vel: linear.x=0.07999999999999999, angular.z=0.0
[decoded_serial_node-3] [INFO] [1791537665.620875887] [bw_dr03_decoded_serial_node]: SEND MOTOR CMD: cd eb d7 09 74 46 46 53 53 09 09 00 00
[decoded_serial_node-3] [INFO] [1791537665.685918175] [bw_dr03_decoded_serial_node]: RECEIVED /cmd_vel: linear.x=0.10333333333333332, angular.z=0.0
[decoded_serial_node-3] [INFO] [1791537665.686274370] [bw_dr03_decoded_serial_node]: SEND MOTOR CMD: cd eb d7 09 74 46 46 53 53 0c 0c 00 00
[follow_planner-8] [INFO] [1791537665.753678226] [follow_planner_node]: [SEARCH] mat nguoi — nhich ra cho thoang de xoay do | d=- goc=- | v=0.110 w=0.000 | thoang=0.10m
[decoded_serial_node-3] [INFO] [1791537665.754325313] [bw_dr03_decoded_serial_node]: RECEIVED /cmd_vel: linear.x=0.11, angular.z=0.0
[decoded_serial_node-3] [INFO] [1791537665.754613830] [bw_dr03_decoded_serial_node]: SEND MOTOR CMD: cd eb d7 09 74 46 46 53 53 0d 0d 00 00
[decoded_serial_node-3] [INFO] [1791537665.821372975] [bw_dr03_decoded_serial_node]: RECEIVED /cmd_vel: linear.x=0.11, angular.z=0.0
[decoded_serial_node-3] [INFO] [1791537665.821643683] [bw_dr03_decoded_serial_node]: SEND MOTOR CMD: cd eb d7 09 74 46 46 53 53 0d 0d 00 00
[decoded_serial_node-3] [INFO] [1791537665.886108936] [bw_dr03_decoded_serial_node]: RECEIVED /cmd_vel: linear.x=0.11, angular.z=0.0
[decoded_serial_node-3] [INFO] [1791537665.886378456] [bw_dr03_decoded_serial_node]: SEND MOTOR CMD: cd eb d7 09 74 46 46 53 53 0d 0d 00 00
[decoded_serial_node-3] [INFO] [1791537665.954431774] [bw_dr03_decoded_serial_node]: RECEIVED /cmd_vel: linear.x=0.08666666666666667, angular.z=0.0
[decoded_serial_node-3] [INFO] [1791537665.954847334] [bw_dr03_decoded_serial_node]: SEND MOTOR CMD: cd eb d7 09 74 46 46 53 53 0a 0a 00 00
[decoded_serial_node-3] [INFO] [1791537666.019819570] [bw_dr03_decoded_serial_node]: RECEIVED /cmd_vel: linear.x=0.07333333333333333, angular.z=0.0
[decoded_serial_node-3] [INFO] [1791537666.020203073] [bw_dr03_decoded_serial_node]: SEND MOTOR CMD: cd eb d7 09 74 46 46 53 53 08 08 00 00
[target_tracker-7] [INFO] [1791537666.123355787] [target_tracker_node]: muc tieu: no_target_yet
[decoded_serial_node-3] [INFO] [1791537666.224664602] [bw_dr03_decoded_serial_node]: RECEIVED /cmd_vel: linear.x=0.07333333333333333, angular.z=0.0
[decoded_serial_node-3] [INFO] [1791537666.225094410] [bw_dr03_decoded_serial_node]: SEND MOTOR CMD: cd eb d7 09 74 46 46 53 53 08 08 00 00
[decoded_serial_node-3] [INFO] [1791537666.289512170] [bw_dr03_decoded_serial_node]: RECEIVED /cmd_vel: linear.x=0.07333333333333333, angular.z=0.0
[decoded_serial_node-3] [INFO] [1791537666.289845805] [bw_dr03_decoded_serial_node]: SEND MOTOR CMD: cd eb d7 09 74 46 46 53 53 08 08 00 00
[decoded_serial_node-3] [INFO] [1791537666.357298342] [bw_dr03_decoded_serial_node]: RECEIVED /cmd_vel: linear.x=0.07333333333333333, angular.z=0.0
[decoded_serial_node-3] [INFO] [1791537666.357678282] [bw_dr03_decoded_serial_node]: SEND MOTOR CMD: cd eb d7 09 74 46 46 53 53 08 08 00 00
[decoded_serial_node-3] [INFO] [1791537666.423811712] [bw_dr03_decoded_serial_node]: RECEIVED /cmd_vel: linear.x=0.05, angular.z=0.0
[decoded_serial_node-3] [INFO] [1791537666.424296136] [bw_dr03_decoded_serial_node]: SEND MOTOR CMD: cd eb d7 09 74 46 46 53 53 06 06 00 00
[decoded_serial_node-3] [INFO] [1791537666.491042220] [bw_dr03_decoded_serial_node]: RECEIVED /cmd_vel: linear.x=0.03666666666666667, angular.z=0.0
[decoded_serial_node-3] [INFO] [1791537666.491399602] [bw_dr03_decoded_serial_node]: SEND MOTOR CMD: cd eb d7 09 74 46 46 53 53 05 05 00 00
[decoded_serial_node-3] [INFO] [1791537666.558276290] [bw_dr03_decoded_serial_node]: RECEIVED /cmd_vel: linear.x=0.035277777777777776, angular.z=0.0
[decoded_serial_node-3] [INFO] [1791537666.558632484] [bw_dr03_decoded_serial_node]: SEND MOTOR CMD: cd eb d7 09 74 46 46 53 53 05 05 00 00
[decoded_serial_node-3] [INFO] [1791537666.623329263] [bw_dr03_decoded_serial_node]: RECEIVED /cmd_vel: linear.x=0.03504629629629629, angular.z=0.0
[decoded_serial_node-3] [INFO] [1791537666.624089144] [bw_dr03_decoded_serial_node]: SEND MOTOR CMD: cd eb d7 09 74 46 46 53 53 05 05 00 00
[decoded_serial_node-3] [INFO] [1791537666.689892500] [bw_dr03_decoded_serial_node]: RECEIVED /cmd_vel: linear.x=0.035007716049382714, angular.z=0.0
[decoded_serial_node-3] [INFO] [1791537666.690422043] [bw_dr03_decoded_serial_node]: SEND MOTOR CMD: cd eb d7 09 74 46 46 53 53 05 05 00 00
[follow_planner-8] [INFO] [1791537666.756623149] [follow_planner_node]: [SEARCH] mat nguoi — nhich ra cho thoang de xoay do | d=- goc=- | v=0.035 w=0.000 | thoang=0.12m
[decoded_serial_node-3] [INFO] [1791537666.756724071] [bw_dr03_decoded_serial_node]: RECEIVED /cmd_vel: linear.x=0.03500128600823045, angular.z=0.0
[decoded_serial_node-3] [INFO] [1791537666.757052957] [bw_dr03_decoded_serial_node]: SEND MOTOR CMD: cd eb d7 09 74 46 46 53 53 05 05 00 00
[decoded_serial_node-3] [INFO] [1791537666.822605790] [bw_dr03_decoded_serial_node]: RECEIVED /cmd_vel: linear.x=0.03500021433470507, angular.z=0.0
[decoded_serial_node-3] [INFO] [1791537666.822960797] [bw_dr03_decoded_serial_node]: SEND MOTOR CMD: cd eb d7 09 74 46 46 53 53 05 05 00 00
[decoded_serial_node-3] [INFO] [1791537666.889440922] [bw_dr03_decoded_serial_node]: RECEIVED /cmd_vel: linear.x=0.03500003572245084, angular.z=0.0
[decoded_serial_node-3] [INFO] [1791537666.889766246] [bw_dr03_decoded_serial_node]: SEND MOTOR CMD: cd eb d7 09 74 46 46 53 53 05 05 00 00
[decoded_serial_node-3] [INFO] [1791537666.955792817] [bw_dr03_decoded_serial_node]: RECEIVED /cmd_vel: linear.x=0.0350000059537418, angular.z=0.0
[decoded_serial_node-3] [INFO] [1791537666.956095582] [bw_dr03_decoded_serial_node]: SEND MOTOR CMD: cd eb d7 09 74 46 46 53 53 05 05 00 00
[decoded_serial_node-3] [INFO] [1791537667.021021513] [bw_dr03_decoded_serial_node]: RECEIVED /cmd_vel: linear.x=0.0350000009922903, angular.z=0.0
[decoded_serial_node-3] [INFO] [1791537667.021547493] [bw_dr03_decoded_serial_node]: SEND MOTOR CMD: cd eb d7 09 74 46 46 53 53 05 05 00 00
[decoded_serial_node-3] [INFO] [1791537667.086423556] [bw_dr03_decoded_serial_node]: RECEIVED /cmd_vel: linear.x=0.03500000016538172, angular.z=0.0
[decoded_serial_node-3] [INFO] [1791537667.086725134] [bw_dr03_decoded_serial_node]: SEND MOTOR CMD: cd eb d7 09 74 46 46 53 53 05 05 00 00
[decoded_serial_node-3] [INFO] [1791537667.153138769] [bw_dr03_decoded_serial_node]: RECEIVED /cmd_vel: linear.x=0.035000000027563614, angular.z=0.0
[decoded_serial_node-3] [INFO] [1791537667.153409477] [bw_dr03_decoded_serial_node]: SEND MOTOR CMD: cd eb d7 09 74 46 46 53 53 05 05 00 00
[target_tracker-7] [INFO] [1791537667.172854129] [target_tracker_node]: muc tieu: no_target_yet
[decoded_serial_node-3] [INFO] [1791537667.220786024] [bw_dr03_decoded_serial_node]: RECEIVED /cmd_vel: linear.x=0.035, angular.z=0.0
[decoded_serial_node-3] [INFO] [1791537667.221060294] [bw_dr03_decoded_serial_node]: SEND MOTOR CMD: cd eb d7 09 74 46 46 53 53 05 05 00 00
[decoded_serial_node-3] [INFO] [1791537667.290087208] [bw_dr03_decoded_serial_node]: RECEIVED /cmd_vel: linear.x=-0.035, angular.z=0.0
[decoded_serial_node-3] [INFO] [1791537667.290461213] [bw_dr03_decoded_serial_node]: SEND MOTOR CMD: cd eb d7 09 74 42 42 53 53 05 05 00 00
[decoded_serial_node-3] [INFO] [1791537667.355213794] [bw_dr03_decoded_serial_node]: RECEIVED /cmd_vel: linear.x=-0.035, angular.z=0.0
[decoded_serial_node-3] [INFO] [1791537667.355484502] [bw_dr03_decoded_serial_node]: SEND MOTOR CMD: cd eb d7 09 74 42 42 53 53 05 05 00 00
[decoded_serial_node-3] [INFO] [1791537667.421975313] [bw_dr03_decoded_serial_node]: RECEIVED /cmd_vel: linear.x=-0.05833333330576971, angular.z=0.0
[decoded_serial_node-3] [INFO] [1791537667.422383749] [bw_dr03_decoded_serial_node]: SEND MOTOR CMD: cd eb d7 09 74 42 42 53 53 07 07 00 00
[decoded_serial_node-3] [INFO] [1791537667.487592260] [bw_dr03_decoded_serial_node]: RECEIVED /cmd_vel: linear.x=-0.06, angular.z=0.0
[decoded_serial_node-3] [INFO] [1791537667.487902149] [bw_dr03_decoded_serial_node]: SEND MOTOR CMD: cd eb d7 09 74 42 42 53 53 07 07 00 00
[decoded_serial_node-3] [INFO] [1791537667.559766746] [bw_dr03_decoded_serial_node]: RECEIVED /cmd_vel: linear.x=-0.06, angular.z=0.0
[decoded_serial_node-3] [INFO] [1791537667.560350905] [bw_dr03_decoded_serial_node]: SEND MOTOR CMD: cd eb d7 09 74 42 42 53 53 07 07 00 00
[decoded_serial_node-3] [INFO] [1791537667.624471835] [bw_dr03_decoded_serial_node]: RECEIVED /cmd_vel: linear.x=-0.06, angular.z=0.0
[decoded_serial_node-3] [INFO] [1791537667.624995441] [bw_dr03_decoded_serial_node]: SEND MOTOR CMD: cd eb d7 09 74 42 42 53 53 07 07 00 00
[decoded_serial_node-3] [INFO] [1791537667.691961177] [bw_dr03_decoded_serial_node]: RECEIVED /cmd_vel: linear.x=-0.06, angular.z=0.0
[decoded_serial_node-3] [INFO] [1791537667.692360115] [bw_dr03_decoded_serial_node]: SEND MOTOR CMD: cd eb d7 09 74 42 42 53 53 07 07 00 00
[decoded_serial_node-3] [INFO] [1791537667.766902107] [bw_dr03_decoded_serial_node]: RECEIVED /cmd_vel: linear.x=-0.06, angular.z=0.0
[decoded_serial_node-3] [INFO] [1791537667.768109606] [bw_dr03_decoded_serial_node]: SEND MOTOR CMD: cd eb d7 09 74 42 42 53 53 07 07 00 00
[follow_planner-8] [INFO] [1791537667.828979669] [follow_planner_node]: [SEARCH] mat nguoi — nhich ra cho thoang de xoay do | d=- goc=- | v=-0.037 w=0.000 | thoang=0.11m
[decoded_serial_node-3] [INFO] [1791537667.829295494] [bw_dr03_decoded_serial_node]: RECEIVED /cmd_vel: linear.x=-0.03666666666666667, angular.z=0.0
[decoded_serial_node-3] [INFO] [1791537667.829861844] [bw_dr03_decoded_serial_node]: SEND MOTOR CMD: cd eb d7 09 74 42 42 53 53 05 05 00 00
[decoded_serial_node-3] [INFO] [1791537667.889764245] [bw_dr03_decoded_serial_node]: RECEIVED /cmd_vel: linear.x=-0.035, angular.z=0.0
[decoded_serial_node-3] [INFO] [1791537667.890305660] [bw_dr03_decoded_serial_node]: SEND MOTOR CMD: cd eb d7 09 74 42 42 53 53 05 05 00 00
[decoded_serial_node-3] [INFO] [1791537667.961411563] [bw_dr03_decoded_serial_node]: RECEIVED /cmd_vel: linear.x=0.0, angular.z=0.0
[decoded_serial_node-3] [INFO] [1791537667.961863930] [bw_dr03_decoded_serial_node]: SEND MOTOR CMD: cd eb d7 09 74 53 53 53 53 1e 1e 00 00
[decoded_serial_node-3] [INFO] [1791537668.030050226] [bw_dr03_decoded_serial_node]: RECEIVED /cmd_vel: linear.x=0.0, angular.z=0.0
[decoded_serial_node-3] [INFO] [1791537668.098208026] [bw_dr03_decoded_serial_node]: RECEIVED /cmd_vel: linear.x=0.0, angular.z=0.0
[follow_planner-8] [INFO] [1791537668.102336319] [follow_planner_node]: Bam nguoi: TAT
[decoded_serial_node-3] [INFO] [1791537668.102627211] [bw_dr03_decoded_serial_node]: RECEIVED /cmd_vel: linear.x=0.0, angular.z=0.0
[decoded_serial_node-3] [INFO] [1791537668.103654238] [bw_dr03_decoded_serial_node]: RECEIVED /cmd_vel: linear.x=0.0, angular.z=0.0
[decoded_serial_node-3] [INFO] [1791537668.105694045] [bw_dr03_decoded_serial_node]: RECEIVED /cmd_vel: linear.x=0.0, angular.z=0.0
[decoded_serial_node-3] [INFO] [1791537668.142365447] [bw_dr03_decoded_serial_node]: RECEIVED /cmd_vel: linear.x=0.0, angular.z=0.0
[target_tracker-7] [INFO] [1791537668.174037066] [target_tracker_node]: muc tieu: no_target_yet
[decoded_serial_node-3] [INFO] [1791537668.209020106] [bw_dr03_decoded_serial_node]: RECEIVED /cmd_vel: linear.x=0.0, angular.z=0.0
[decoded_serial_node-3] [INFO] [1791537668.275611838] [bw_dr03_decoded_serial_node]: RECEIVED /cmd_vel: linear.x=0.0, angular.z=0.0
[decoded_serial_node-3] [INFO] [1791537668.342051593] [bw_dr03_decoded_serial_node]: RECEIVED /cmd_vel: linear.x=0.0, angular.z=0.0
[decoded_serial_node-3] [INFO] [1791537668.409042263] [bw_dr03_decoded_serial_node]: RECEIVED /cmd_vel: linear.x=0.0, angular.z=0.0
[decoded_serial_node-3] [INFO] [1791537668.475699297] [bw_dr03_decoded_serial_node]: RECEIVED /cmd_vel: linear.x=0.0, angular.z=0.0
[decoded_serial_node-3] [INFO] [1791537668.542676906] [bw_dr03_decoded_serial_node]: RECEIVED /cmd_vel: linear.x=0.0, angular.z=0.0
[decoded_serial_node-3] [INFO] [1791537668.609282886] [bw_dr03_decoded_serial_node]: RECEIVED /cmd_vel: linear.x=0.0, angular.z=0.0
[decoded_serial_node-3] [INFO] [1791537668.675308269] [bw_dr03_decoded_serial_node]: RECEIVED /cmd_vel: linear.x=0.0, angular.z=0.0
[decoded_serial_node-3] [INFO] [1791537668.741793142] [bw_dr03_decoded_serial_node]: RECEIVED /cmd_vel: linear.x=0.0, angular.z=0.0
[follow_planner-8] [INFO] [1791537668.808381312] [follow_planner_node]: [IDLE] disabled | d=- goc=- | v=0.000 w=0.000 | thoang=-
[decoded_serial_node-3] [INFO] [1791537668.808705449] [bw_dr03_decoded_serial_node]: RECEIVED /cmd_vel: linear.x=0.0, angular.z=0.0
[decoded_serial_node-3] [INFO] [1791537668.875516834] [bw_dr03_decoded_serial_node]: RECEIVED /cmd_vel: linear.x=0.0, angular.z=0.0
[decoded_serial_node-3] [INFO] [1791537668.941657386] [bw_dr03_decoded_serial_node]: RECEIVED /cmd_vel: linear.x=0.0, angular.z=0.0
[decoded_serial_node-3] [INFO] [1791537669.009208468] [bw_dr03_decoded_serial_node]: RECEIVED /cmd_vel: linear.x=0.0, angular.z=0.0
[decoded_serial_node-3] [INFO] [1791537669.075449942] [bw_dr03_decoded_serial_node]: RECEIVED /cmd_vel: linear.x=0.0, angular.z=0.0
[decoded_serial_node-3] [INFO] [1791537669.142074918] [bw_dr03_decoded_serial_node]: RECEIVED /cmd_vel: linear.x=0.0, angular.z=0.0
[decoded_serial_node-3] [INFO] [1791537669.209027593] [bw_dr03_decoded_serial_node]: RECEIVED /cmd_vel: linear.x=0.0, angular.z=0.0
[target_tracker-7] [INFO] [1791537669.222578415] [target_tracker_node]: muc tieu: no_target_yet
[decoded_serial_node-3] [INFO] [1791537669.274923558] [bw_dr03_decoded_serial_node]: RECEIVED /cmd_vel: linear.x=0.0, angular.z=0.0
[decoded_serial_node-3] [INFO] [1791537669.341853674] [bw_dr03_decoded_serial_node]: RECEIVED /cmd_vel: linear.x=0.0, angular.z=0.0
[decoded_serial_node-3] [INFO] [1791537669.408894210] [bw_dr03_decoded_serial_node]: RECEIVED /cmd_vel: linear.x=0.0, angular.z=0.0
[decoded_serial_node-3] [INFO] [1791537669.475547682] [bw_dr03_decoded_serial_node]: RECEIVED /cmd_vel: linear.x=0.0, angular.z=0.0
[decoded_serial_node-3] [INFO] [1791537669.542007621] [bw_dr03_decoded_serial_node]: RECEIVED /cmd_vel: linear.x=0.0, angular.z=0.0
[decoded_serial_node-3] [INFO] [1791537669.608810694] [bw_dr03_decoded_serial_node]: RECEIVED /cmd_vel: linear.x=0.0, angular.z=0.0
[decoded_serial_node-3] [INFO] [1791537669.676083944] [bw_dr03_decoded_serial_node]: RECEIVED /cmd_vel: linear.x=0.0, angular.z=0.0
[decoded_serial_node-3] [INFO] [1791537669.742478581] [bw_dr03_decoded_serial_node]: RECEIVED /cmd_vel: linear.x=0.0, angular.z=0.0
[decoded_serial_node-3] [INFO] [1791537669.809289966] [bw_dr03_decoded_serial_node]: RECEIVED /cmd_vel: linear.x=0.0, angular.z=0.0
[follow_planner-8] [INFO] [1791537669.875222737] [follow_planner_node]: [IDLE] disabled | d=- goc=- | v=0.000 w=0.000 | thoang=-
[decoded_serial_node-3] [INFO] [1791537669.875322472] [bw_dr03_decoded_serial_node]: RECEIVED /cmd_vel: linear.x=0.0, angular.z=0.0
[decoded_serial_node-3] [INFO] [1791537669.942072116] [bw_dr03_decoded_serial_node]: RECEIVED /cmd_vel: linear.x=0.0, angular.z=0.0
[decoded_serial_node-3] [INFO] [1791537670.009134024] [bw_dr03_decoded_serial_node]: RECEIVED /cmd_vel: linear.x=0.0, angular.z=0.0
[decoded_serial_node-3] [INFO] [1791537670.077784558] [bw_dr03_decoded_serial_node]: RECEIVED /cmd_vel: linear.x=0.0, angular.z=0.0
[decoded_serial_node-3] [INFO] [1791537670.141861557] [bw_dr03_decoded_serial_node]: RECEIVED /cmd_vel: linear.x=0.0, angular.z=0.0
[decoded_serial_node-3] [INFO] [1791537670.208955522] [bw_dr03_decoded_serial_node]: RECEIVED /cmd_vel: linear.x=0.0, angular.z=0.0
[target_tracker-7] [INFO] [1791537670.222392362] [target_tracker_node]: muc tieu: no_target_yet
[decoded_serial_node-3] [INFO] [1791537670.275384590] [bw_dr03_decoded_serial_node]: RECEIVED /cmd_vel: linear.x=0.0, angular.z=0.0
[decoded_serial_node-3] [INFO] [1791537670.341763792] [bw_dr03_decoded_serial_node]: RECEIVED /cmd_vel: linear.x=0.0, angular.z=0.0
[follow_planner-8] [INFO] [1791537670.397407294] [follow_planner_node]: self-filter: bo 10/217 tia dap vao than xe
[decoded_serial_node-3] [INFO] [1791537670.409303000] [bw_dr03_decoded_serial_node]: RECEIVED /cmd_vel: linear.x=0.0, angular.z=0.0
[decoded_serial_node-3] [INFO] [1791537670.475201339] [bw_dr03_decoded_serial_node]: RECEIVED /cmd_vel: linear.x=0.0, angular.z=0.0
[decoded_serial_node-3] [INFO] [1791537670.541829876] [bw_dr03_decoded_serial_node]: RECEIVED /cmd_vel: linear.x=0.0, angular.z=0.0
[decoded_serial_node-3] [INFO] [1791537670.608340869] [bw_dr03_decoded_serial_node]: RECEIVED /cmd_vel: linear.x=0.0, angular.z=0.0
[decoded_serial_node-3] [INFO] [1791537670.675729288] [bw_dr03_decoded_serial_node]: RECEIVED /cmd_vel: linear.x=0.0, angular.z=0.0
[decoded_serial_node-3] [INFO] [1791537670.741848468] [bw_dr03_decoded_serial_node]: RECEIVED /cmd_vel: linear.x=0.0, angular.z=0.0
[decoded_serial_node-3] [INFO] [1791537670.808706157] [bw_dr03_decoded_serial_node]: RECEIVED /cmd_vel: linear.x=0.0, angular.z=0.0
[decoded_serial_node-3] [INFO] [1791537670.875530602] [bw_dr03_decoded_serial_node]: RECEIVED /cmd_vel: linear.x=0.0, angular.z=0.0
[decoded_serial_node-3] [INFO] [1791537670.942299242] [bw_dr03_decoded_serial_node]: RECEIVED /cmd_vel: linear.x=0.0, angular.z=0.0
[follow_planner-8] [INFO] [1791537670.942359795] [follow_planner_node]: [IDLE] disabled | d=- goc=- | v=0.000 w=0.000 | thoang=-
[decoded_serial_node-3] [INFO] [1791537671.009244793] [bw_dr03_decoded_serial_node]: RECEIVED /cmd_vel: linear.x=0.0, angular.z=0.0
[decoded_serial_node-3] [INFO] [1791537671.075126509] [bw_dr03_decoded_serial_node]: RECEIVED /cmd_vel: linear.x=0.0, angular.z=0.0
[decoded_serial_node-3] [INFO] [1791537671.142048313] [bw_dr03_decoded_serial_node]: RECEIVED /cmd_vel: linear.x=0.0, angular.z=0.0
[decoded_serial_node-3] [INFO] [1791537671.208553369] [bw_dr03_decoded_serial_node]: RECEIVED /cmd_vel: linear.x=0.0, angular.z=0.0
[target_tracker-7] [INFO] [1791537671.223253512] [target_tracker_node]: muc tieu: no_target_yet
[decoded_serial_node-3] [INFO] [1791537671.275909730] [bw_dr03_decoded_serial_node]: RECEIVED /cmd_vel: linear.x=0.0, angular.z=0.0
[decoded_serial_node-3] [INFO] [1791537671.342140516] [bw_dr03_decoded_serial_node]: RECEIVED /cmd_vel: linear.x=0.0, angular.z=0.0
[decoded_serial_node-3] [INFO] [1791537671.410044229] [bw_dr03_decoded_serial_node]: RECEIVED /cmd_vel: linear.x=0.0, angular.z=0.0
[decoded_serial_node-3] [INFO] [1791537671.475409464] [bw_dr03_decoded_serial_node]: RECEIVED /cmd_vel: linear.x=0.0, angular.z=0.0
[decoded_serial_node-3] [INFO] [1791537671.542153170] [bw_dr03_decoded_serial_node]: RECEIVED /cmd_vel: linear.x=0.0, angular.z=0.0
[decoded_serial_node-3] [INFO] [1791537671.609549900] [bw_dr03_decoded_serial_node]: RECEIVED /cmd_vel: linear.x=0.0, angular.z=0.0
[decoded_serial_node-3] [INFO] [1791537671.675509979] [bw_dr03_decoded_serial_node]: RECEIVED /cmd_vel: linear.x=0.0, angular.z=0.0
[decoded_serial_node-3] [INFO] [1791537671.742169386] [bw_dr03_decoded_serial_node]: RECEIVED /cmd_vel: linear.x=0.0, angular.z=0.0
[decoded_serial_node-3] [INFO] [1791537671.809245540] [bw_dr03_decoded_serial_node]: RECEIVED /cmd_vel: linear.x=0.0, angular.z=0.0
[decoded_serial_node-3] [INFO] [1791537671.875819461] [bw_dr03_decoded_serial_node]: RECEIVED /cmd_vel: linear.x=0.0, angular.z=0.0
[follow_planner-8] [INFO] [1791537671.942903927] [follow_planner_node]: [IDLE] disabled | d=- goc=- | v=0.000 w=0.000 | thoang=-
[decoded_serial_node-3] [INFO] [1791537671.942937172] [bw_dr03_decoded_serial_node]: RECEIVED /cmd_vel: linear.x=0.0, angular.z=0.0
[decoded_serial_node-3] [INFO] [1791537672.009210701] [bw_dr03_decoded_serial_node]: RECEIVED /cmd_vel: linear.x=0.0, angular.z=0.0
[decoded_serial_node-3] [INFO] [1791537672.075024740] [bw_dr03_decoded_serial_node]: RECEIVED /cmd_vel: linear.x=0.0, angular.z=0.0
[decoded_serial_node-3] [INFO] [1791537672.142004722] [bw_dr03_decoded_serial_node]: RECEIVED /cmd_vel: linear.x=0.0, angular.z=0.0
[decoded_serial_node-3] [INFO] [1791537672.209313589] [bw_dr03_decoded_serial_node]: RECEIVED /cmd_vel: linear.x=0.0, angular.z=0.0
[target_tracker-7] [INFO] [1791537672.272980963] [target_tracker_node]: muc tieu: no_target_yet
[decoded_serial_node-3] [INFO] [1791537672.275411396] [bw_dr03_decoded_serial_node]: RECEIVED /cmd_vel: linear.x=0.0, angular.z=0.0
[decoded_serial_node-3] [INFO] [1791537672.341796533] [bw_dr03_decoded_serial_node]: RECEIVED /cmd_vel: linear.x=0.0, angular.z=0.0
[decoded_serial_node-3] [INFO] [1791537672.408664907] [bw_dr03_decoded_serial_node]: RECEIVED /cmd_vel: linear.x=0.0, angular.z=0.0
[decoded_serial_node-3] [INFO] [1791537672.475368245] [bw_dr03_decoded_serial_node]: RECEIVED /cmd_vel: linear.x=0.0, angular.z=0.0
[decoded_serial_node-3] [INFO] [1791537672.541651273] [bw_dr03_decoded_serial_node]: RECEIVED /cmd_vel: linear.x=0.0, angular.z=0.0
[decoded_serial_node-3] [INFO] [1791537672.608007914] [bw_dr03_decoded_serial_node]: RECEIVED /cmd_vel: linear.x=0.0, angular.z=0.0
[decoded_serial_node-3] [INFO] [1791537672.675029452] [bw_dr03_decoded_serial_node]: RECEIVED /cmd_vel: linear.x=0.0, angular.z=0.0
[python3-4] [INFO] [1791537672.694297194] [identity_lock_node]: camera: nhan 20.2 fps (phoi sang 30 ms, do sang 68), xu ly 14.0 Hz, TB 18 ms/khung, tre tu luc chup 28.0 ms, 1 nguoi, status LOST_REJECTED_CANDIDATE
[decoded_serial_node-3] [INFO] [1791537672.741795717] [bw_dr03_decoded_serial_node]: RECEIVED /cmd_vel: linear.x=0.0, angular.z=0.0
[decoded_serial_node-3] [INFO] [1791537672.808808943] [bw_dr03_decoded_serial_node]: RECEIVED /cmd_vel: linear.x=0.0, angular.z=0.0
[decoded_serial_node-3] [INFO] [1791537672.875306875] [bw_dr03_decoded_serial_node]: RECEIVED /cmd_vel: linear.x=0.0, angular.z=0.0
[decoded_serial_node-3] [INFO] [1791537672.941718133] [bw_dr03_decoded_serial_node]: RECEIVED /cmd_vel: linear.x=0.0, angular.z=0.0
[decoded_serial_node-3] [INFO] [1791537673.008406035] [bw_dr03_decoded_serial_node]: RECEIVED /cmd_vel: linear.x=0.0, angular.z=0.0
[follow_planner-8] [INFO] [1791537673.008620939] [follow_planner_node]: [IDLE] disabled | d=- goc=- | v=0.000 w=0.000 | thoang=-
[decoded_serial_node-3] [INFO] [1791537673.075044069] [bw_dr03_decoded_serial_node]: RECEIVED /cmd_vel: linear.x=0.0, angular.z=0.0
[decoded_serial_node-3] [INFO] [1791537673.141787775] [bw_dr03_decoded_serial_node]: RECEIVED /cmd_vel: linear.x=0.0, angular.z=0.0
[decoded_serial_node-3] [INFO] [1791537673.208758258] [bw_dr03_decoded_serial_node]: RECEIVED /cmd_vel: linear.x=0.0, angular.z=0.0
[target_tracker-7] [INFO] [1791537673.272686840] [target_tracker_node]: muc tieu: no_target_yet
[decoded_serial_node-3] [INFO] [1791537673.274789574] [bw_dr03_decoded_serial_node]: RECEIVED /cmd_vel: linear.x=0.0, angular.z=0.0
[decoded_serial_node-3] [INFO] [1791537673.341662697] [bw_dr03_decoded_serial_node]: RECEIVED /cmd_vel: linear.x=0.0, angular.z=0.0
[decoded_serial_node-3] [INFO] [1791537673.408285296] [bw_dr03_decoded_serial_node]: RECEIVED /cmd_vel: linear.x=0.0, angular.z=0.0
[decoded_serial_node-3] [INFO] [1791537673.475221347] [bw_dr03_decoded_serial_node]: RECEIVED /cmd_vel: linear.x=0.0, angular.z=0.0
[decoded_serial_node-3] [INFO] [1791537673.541741837] [bw_dr03_decoded_serial_node]: RECEIVED /cmd_vel: linear.x=0.0, angular.z=0.0
[decoded_serial_node-3] [INFO] [1791537673.607970248] [bw_dr03_decoded_serial_node]: RECEIVED /cmd_vel: linear.x=0.0, angular.z=0.0
[decoded_serial_node-3] [INFO] [1791537673.675158009] [bw_dr03_decoded_serial_node]: RECEIVED /cmd_vel: linear.x=0.0, angular.z=0.0
[decoded_serial_node-3] [INFO] [1791537673.742115431] [bw_dr03_decoded_serial_node]: RECEIVED /cmd_vel: linear.x=0.0, angular.z=0.0
[decoded_serial_node-3] [INFO] [1791537673.809076415] [bw_dr03_decoded_serial_node]: RECEIVED /cmd_vel: linear.x=0.0, angular.z=0.0
[decoded_serial_node-3] [INFO] [1791537673.874979502] [bw_dr03_decoded_serial_node]: RECEIVED /cmd_vel: linear.x=0.0, angular.z=0.0
[decoded_serial_node-3] [INFO] [1791537673.941653156] [bw_dr03_decoded_serial_node]: RECEIVED /cmd_vel: linear.x=0.0, angular.z=0.0
[follow_planner-8] [INFO] [1791537674.008865851] [follow_planner_node]: [IDLE] disabled | d=- goc=- | v=0.000 w=0.000 | thoang=-
[decoded_serial_node-3] [INFO] [1791537674.009351462] [bw_dr03_decoded_serial_node]: RECEIVED /cmd_vel: linear.x=0.0, angular.z=0.0
[decoded_serial_node-3] [INFO] [1791537674.075370906] [bw_dr03_decoded_serial_node]: RECEIVED /cmd_vel: linear.x=0.0, angular.z=0.0
[decoded_serial_node-3] [INFO] [1791537674.142209596] [bw_dr03_decoded_serial_node]: RECEIVED /cmd_vel: linear.x=0.0, angular.z=0.0
[decoded_serial_node-3] [INFO] [1791537674.209816478] [bw_dr03_decoded_serial_node]: RECEIVED /cmd_vel: linear.x=0.0, angular.z=0.0
[target_tracker-7] [INFO] [1791537674.273551528] [target_tracker_node]: muc tieu: no_target_yet
[decoded_serial_node-3] [INFO] [1791537674.275212581] [bw_dr03_decoded_serial_node]: RECEIVED /cmd_vel: linear.x=0.0, angular.z=0.0
[decoded_serial_node-3] [INFO] [1791537674.341678455] [bw_dr03_decoded_serial_node]: RECEIVED /cmd_vel: linear.x=0.0, angular.z=0.0
[decoded_serial_node-3] [INFO] [1791537674.408856717] [bw_dr03_decoded_serial_node]: RECEIVED /cmd_vel: linear.x=0.0, angular.z=0.0
[decoded_serial_node-3] [INFO] [1791537674.474983018] [bw_dr03_decoded_serial_node]: RECEIVED /cmd_vel: linear.x=0.0, angular.z=0.0
[decoded_serial_node-3] [INFO] [1791537674.541662608] [bw_dr03_decoded_serial_node]: RECEIVED /cmd_vel: linear.x=0.0, angular.z=0.0
[decoded_serial_node-3] [INFO] [1791537674.608736386] [bw_dr03_decoded_serial_node]: RECEIVED /cmd_vel: linear.x=0.0, angular.z=0.0
[decoded_serial_node-3] [INFO] [1791537674.675413602] [bw_dr03_decoded_serial_node]: RECEIVED /cmd_vel: linear.x=0.0, angular.z=0.0
[decoded_serial_node-3] [INFO] [1791537674.741621828] [bw_dr03_decoded_serial_node]: RECEIVED /cmd_vel: linear.x=0.0, angular.z=0.0
[decoded_serial_node-3] [INFO] [1791537674.809305886] [bw_dr03_decoded_serial_node]: RECEIVED /cmd_vel: linear.x=0.0, angular.z=0.0
[decoded_serial_node-3] [INFO] [1791537674.875417940] [bw_dr03_decoded_serial_node]: RECEIVED /cmd_vel: linear.x=0.0, angular.z=0.0
[decoded_serial_node-3] [INFO] [1791537674.942076158] [bw_dr03_decoded_serial_node]: RECEIVED /cmd_vel: linear.x=0.0, angular.z=0.0
[decoded_serial_node-3] [INFO] [1791537675.008735563] [bw_dr03_decoded_serial_node]: RECEIVED /cmd_vel: linear.x=0.0, angular.z=0.0
[follow_planner-8] [INFO] [1791537675.074656459] [follow_planner_node]: [IDLE] disabled | d=- goc=- | v=0.000 w=0.000 | thoang=-
[decoded_serial_node-3] [INFO] [1791537675.075081517] [bw_dr03_decoded_serial_node]: RECEIVED /cmd_vel: linear.x=0.0, angular.z=0.0
[decoded_serial_node-3] [INFO] [1791537675.142008068] [bw_dr03_decoded_serial_node]: RECEIVED /cmd_vel: linear.x=0.0, angular.z=0.0
[decoded_serial_node-3] [INFO] [1791537675.208600984] [bw_dr03_decoded_serial_node]: RECEIVED /cmd_vel: linear.x=0.0, angular.z=0.0
[decoded_serial_node-3] [INFO] [1791537675.274824644] [bw_dr03_decoded_serial_node]: RECEIVED /cmd_vel: linear.x=0.0, angular.z=0.0
[target_tracker-7] [INFO] [1791537675.322557067] [target_tracker_node]: muc tieu: no_target_yet
[decoded_serial_node-3] [INFO] [1791537675.341732198] [bw_dr03_decoded_serial_node]: RECEIVED /cmd_vel: linear.x=0.0, angular.z=0.0
[decoded_serial_node-3] [INFO] [1791537675.408773919] [bw_dr03_decoded_serial_node]: RECEIVED /cmd_vel: linear.x=0.0, angular.z=0.0
[decoded_serial_node-3] [INFO] [1791537675.476097033] [bw_dr03_decoded_serial_node]: RECEIVED /cmd_vel: linear.x=0.0, angular.z=0.0
[decoded_serial_node-3] [INFO] [1791537675.541685480] [bw_dr03_decoded_serial_node]: RECEIVED /cmd_vel: linear.x=0.0, angular.z=0.0
[decoded_serial_node-3] [INFO] [1791537675.609274552] [bw_dr03_decoded_serial_node]: RECEIVED /cmd_vel: linear.x=0.0, angular.z=0.0
[decoded_serial_node-3] [INFO] [1791537675.675245315] [bw_dr03_decoded_serial_node]: RECEIVED /cmd_vel: linear.x=0.0, angular.z=0.0
[decoded_serial_node-3] [INFO] [1791537675.741989019] [bw_dr03_decoded_serial_node]: RECEIVED /cmd_vel: linear.x=0.0, angular.z=0.0
[decoded_serial_node-3] [INFO] [1791537675.808992746] [bw_dr03_decoded_serial_node]: RECEIVED /cmd_vel: linear.x=0.0, angular.z=0.0
[decoded_serial_node-3] [INFO] [1791537675.875662837] [bw_dr03_decoded_serial_node]: RECEIVED /cmd_vel: linear.x=0.0, angular.z=0.0
[decoded_serial_node-3] [INFO] [1791537675.942109713] [bw_dr03_decoded_serial_node]: RECEIVED /cmd_vel: linear.x=0.0, angular.z=0.0
[decoded_serial_node-3] [INFO] [1791537676.008444981] [bw_dr03_decoded_serial_node]: RECEIVED /cmd_vel: linear.x=0.0, angular.z=0.0
[follow_planner-8] [INFO] [1791537676.074673390] [follow_planner_node]: [IDLE] disabled | d=- goc=- | v=0.000 w=0.000 | thoang=-
[decoded_serial_node-3] [INFO] [1791537676.075282482] [bw_dr03_decoded_serial_node]: RECEIVED /cmd_vel: linear.x=0.0, angular.z=0.0
[decoded_serial_node-3] [INFO] [1791537676.141666430] [bw_dr03_decoded_serial_node]: RECEIVED /cmd_vel: linear.x=0.0, angular.z=0.0
[decoded_serial_node-3] [INFO] [1791537676.208927803] [bw_dr03_decoded_serial_node]: RECEIVED /cmd_vel: linear.x=0.0, angular.z=0.0
[decoded_serial_node-3] [INFO] [1791537676.275197769] [bw_dr03_decoded_serial_node]: RECEIVED /cmd_vel: linear.x=0.0, angular.z=0.0
[target_tracker-7] [INFO] [1791537676.323200899] [target_tracker_node]: muc tieu: no_target_yet
[decoded_serial_node-3] [INFO] [1791537676.341562719] [bw_dr03_decoded_serial_node]: RECEIVED /cmd_vel: linear.x=0.0, angular.z=0.0
[decoded_serial_node-3] [INFO] [1791537676.408683989] [bw_dr03_decoded_serial_node]: RECEIVED /cmd_vel: linear.x=0.0, angular.z=0.0
[decoded_serial_node-3] [INFO] [1791537676.475449065] [bw_dr03_decoded_serial_node]: RECEIVED /cmd_vel: linear.x=0.0, angular.z=0.0
[decoded_serial_node-3] [INFO] [1791537676.541664414] [bw_dr03_decoded_serial_node]: RECEIVED /cmd_vel: linear.x=0.0, angular.z=0.0
[decoded_serial_node-3] [INFO] [1791537676.608328567] [bw_dr03_decoded_serial_node]: RECEIVED /cmd_vel: linear.x=0.0, angular.z=0.0
[decoded_serial_node-3] [INFO] [1791537676.675409469] [bw_dr03_decoded_serial_node]: RECEIVED /cmd_vel: linear.x=0.0, angular.z=0.0
[decoded_serial_node-3] [INFO] [1791537676.741671123] [bw_dr03_decoded_serial_node]: RECEIVED /cmd_vel: linear.x=0.0, angular.z=0.0
[decoded_serial_node-3] [INFO] [1791537676.809168772] [bw_dr03_decoded_serial_node]: RECEIVED /cmd_vel: linear.x=0.0, angular.z=0.0
[decoded_serial_node-3] [INFO] [1791537676.875361561] [bw_dr03_decoded_serial_node]: RECEIVED /cmd_vel: linear.x=0.0, angular.z=0.0
[decoded_serial_node-3] [INFO] [1791537676.941788252] [bw_dr03_decoded_serial_node]: RECEIVED /cmd_vel: linear.x=0.0, angular.z=0.0
[decoded_serial_node-3] [INFO] [1791537677.009046063] [bw_dr03_decoded_serial_node]: RECEIVED /cmd_vel: linear.x=0.0, angular.z=0.0
[follow_planner-8] [INFO] [1791537677.075124871] [follow_planner_node]: [IDLE] disabled | d=- goc=- | v=0.000 w=0.000 | thoang=-
[decoded_serial_node-3] [INFO] [1791537677.075692407] [bw_dr03_decoded_serial_node]: RECEIVED /cmd_vel: linear.x=0.0, angular.z=0.0
[decoded_serial_node-3] [INFO] [1791537677.141666731] [bw_dr03_decoded_serial_node]: RECEIVED /cmd_vel: linear.x=0.0, angular.z=0.0
[decoded_serial_node-3] [INFO] [1791537677.208411621] [bw_dr03_decoded_serial_node]: RECEIVED /cmd_vel: linear.x=0.0, angular.z=0.0
[decoded_serial_node-3] [INFO] [1791537677.275213503] [bw_dr03_decoded_serial_node]: RECEIVED /cmd_vel: linear.x=0.0, angular.z=0.0
[decoded_serial_node-3] [INFO] [1791537677.341779109] [bw_dr03_decoded_serial_node]: RECEIVED /cmd_vel: linear.x=0.0, angular.z=0.0
[target_tracker-7] [INFO] [1791537677.372483065] [target_tracker_node]: muc tieu: no_target_yet
[decoded_serial_node-3] [INFO] [1791537677.409152089] [bw_dr03_decoded_serial_node]: RECEIVED /cmd_vel: linear.x=0.0, angular.z=0.0
[decoded_serial_node-3] [INFO] [1791537677.475186966] [bw_dr03_decoded_serial_node]: RECEIVED /cmd_vel: linear.x=0.0, angular.z=0.0
[decoded_serial_node-3] [INFO] [1791537677.542336731] [bw_dr03_decoded_serial_node]: RECEIVED /cmd_vel: linear.x=0.0, angular.z=0.0
[decoded_serial_node-3] [INFO] [1791537677.609317897] [bw_dr03_decoded_serial_node]: RECEIVED /cmd_vel: linear.x=0.0, angular.z=0.0
[decoded_serial_node-3] [INFO] [1791537677.675462007] [bw_dr03_decoded_serial_node]: RECEIVED /cmd_vel: linear.x=0.0, angular.z=0.0
[decoded_serial_node-3] [INFO] [1791537677.741788963] [bw_dr03_decoded_serial_node]: RECEIVED /cmd_vel: linear.x=0.0, angular.z=0.0
[decoded_serial_node-3] [INFO] [1791537677.808754694] [bw_dr03_decoded_serial_node]: RECEIVED /cmd_vel: linear.x=0.0, angular.z=0.0
[decoded_serial_node-3] [INFO] [1791537677.876166856] [bw_dr03_decoded_serial_node]: RECEIVED /cmd_vel: linear.x=0.0, angular.z=0.0
[decoded_serial_node-3] [INFO] [1791537677.941672190] [bw_dr03_decoded_serial_node]: RECEIVED /cmd_vel: linear.x=0.0, angular.z=0.0
[decoded_serial_node-3] [INFO] [1791537678.009338437] [bw_dr03_decoded_serial_node]: RECEIVED /cmd_vel: linear.x=0.0, angular.z=0.0
[decoded_serial_node-3] [INFO] [1791537678.075254581] [bw_dr03_decoded_serial_node]: RECEIVED /cmd_vel: linear.x=0.0, angular.z=0.0
[decoded_serial_node-3] [INFO] [1791537678.141835622] [bw_dr03_decoded_serial_node]: RECEIVED /cmd_vel: linear.x=0.0, angular.z=0.0
[follow_planner-8] [INFO] [1791537678.142216750] [follow_planner_node]: [IDLE] disabled | d=- goc=- | v=0.000 w=0.000 | thoang=-
[decoded_serial_node-3] [INFO] [1791537678.208903462] [bw_dr03_decoded_serial_node]: RECEIVED /cmd_vel: linear.x=0.0, angular.z=0.0
[decoded_serial_node-3] [INFO] [1791537678.275569989] [bw_dr03_decoded_serial_node]: RECEIVED /cmd_vel: linear.x=0.0, angular.z=0.0
[decoded_serial_node-3] [INFO] [1791537678.341670168] [bw_dr03_decoded_serial_node]: RECEIVED /cmd_vel: linear.x=0.0, angular.z=0.0
[target_tracker-7] [INFO] [1791537678.372928599] [target_tracker_node]: muc tieu: no_target_yet
[decoded_serial_node-3] [INFO] [1791537678.409053833] [bw_dr03_decoded_serial_node]: RECEIVED /cmd_vel: linear.x=0.0, angular.z=0.0
[decoded_serial_node-3] [INFO] [1791537678.475328547] [bw_dr03_decoded_serial_node]: RECEIVED /cmd_vel: linear.x=0.0, angular.z=0.0
[decoded_serial_node-3] [INFO] [1791537678.541743363] [bw_dr03_decoded_serial_node]: RECEIVED /cmd_vel: linear.x=0.0, angular.z=0.0
[decoded_serial_node-3] [INFO] [1791537678.609225576] [bw_dr03_decoded_serial_node]: RECEIVED /cmd_vel: linear.x=0.0, angular.z=0.0
[decoded_serial_node-3] [INFO] [1791537678.675975215] [bw_dr03_decoded_serial_node]: RECEIVED /cmd_vel: linear.x=0.0, angular.z=0.0
[decoded_serial_node-3] [INFO] [1791537678.741737009] [bw_dr03_decoded_serial_node]: RECEIVED /cmd_vel: linear.x=0.0, angular.z=0.0
[decoded_serial_node-3] [INFO] [1791537678.808527017] [bw_dr03_decoded_serial_node]: RECEIVED /cmd_vel: linear.x=0.0, angular.z=0.0
[decoded_serial_node-3] [INFO] [1791537678.875839444] [bw_dr03_decoded_serial_node]: RECEIVED /cmd_vel: linear.x=0.0, angular.z=0.0
[decoded_serial_node-3] [INFO] [1791537678.942164025] [bw_dr03_decoded_serial_node]: RECEIVED /cmd_vel: linear.x=0.0, angular.z=0.0
[decoded_serial_node-3] [INFO] [1791537679.008898229] [bw_dr03_decoded_serial_node]: RECEIVED /cmd_vel: linear.x=0.0, angular.z=0.0
[decoded_serial_node-3] [INFO] [1791537679.075302359] [bw_dr03_decoded_serial_node]: RECEIVED /cmd_vel: linear.x=0.0, angular.z=0.0
[decoded_serial_node-3] [INFO] [1791537679.142099491] [bw_dr03_decoded_serial_node]: RECEIVED /cmd_vel: linear.x=0.0, angular.z=0.0
[follow_planner-8] [INFO] [1791537679.208443068] [follow_planner_node]: [IDLE] disabled | d=- goc=- | v=0.000 w=0.000 | thoang=-
[decoded_serial_node-3] [INFO] [1791537679.208883562] [bw_dr03_decoded_serial_node]: RECEIVED /cmd_vel: linear.x=0.0, angular.z=0.0
[decoded_serial_node-3] [INFO] [1791537679.275542965] [bw_dr03_decoded_serial_node]: RECEIVED /cmd_vel: linear.x=0.0, angular.z=0.0
[decoded_serial_node-3] [INFO] [1791537679.341666889] [bw_dr03_decoded_serial_node]: RECEIVED /cmd_vel: linear.x=0.0, angular.z=0.0
[decoded_serial_node-3] [INFO] [1791537679.408306108] [bw_dr03_decoded_serial_node]: RECEIVED /cmd_vel: linear.x=0.0, angular.z=0.0
[target_tracker-7] [INFO] [1791537679.422836464] [target_tracker_node]: muc tieu: no_target_yet
[decoded_serial_node-3] [INFO] [1791537679.475212472] [bw_dr03_decoded_serial_node]: RECEIVED /cmd_vel: linear.x=0.0, angular.z=0.0
[decoded_serial_node-3] [INFO] [1791537679.542540333] [bw_dr03_decoded_serial_node]: RECEIVED /cmd_vel: linear.x=0.0, angular.z=0.0
[decoded_serial_node-3] [INFO] [1791537679.608526529] [bw_dr03_decoded_serial_node]: RECEIVED /cmd_vel: linear.x=0.0, angular.z=0.0
[decoded_serial_node-3] [INFO] [1791537679.675364029] [bw_dr03_decoded_serial_node]: RECEIVED /cmd_vel: linear.x=0.0, angular.z=0.0
[decoded_serial_node-3] [INFO] [1791537679.741592437] [bw_dr03_decoded_serial_node]: RECEIVED /cmd_vel: linear.x=0.0, angular.z=0.0
[decoded_serial_node-3] [INFO] [1791537679.808851434] [bw_dr03_decoded_serial_node]: RECEIVED /cmd_vel: linear.x=0.0, angular.z=0.0
[decoded_serial_node-3] [INFO] [1791537679.875170078] [bw_dr03_decoded_serial_node]: RECEIVED /cmd_vel: linear.x=0.0, angular.z=0.0
[decoded_serial_node-3] [INFO] [1791537679.942071693] [bw_dr03_decoded_serial_node]: RECEIVED /cmd_vel: linear.x=0.0, angular.z=0.0
[decoded_serial_node-3] [INFO] [1791537680.008143375] [bw_dr03_decoded_serial_node]: RECEIVED /cmd_vel: linear.x=0.0, angular.z=0.0
[decoded_serial_node-3] [INFO] [1791537680.075303824] [bw_dr03_decoded_serial_node]: RECEIVED /cmd_vel: linear.x=0.0, angular.z=0.0
[decoded_serial_node-3] [INFO] [1791537680.141660462] [bw_dr03_decoded_serial_node]: RECEIVED /cmd_vel: linear.x=0.0, angular.z=0.0
[follow_planner-8] [INFO] [1791537680.208933706] [follow_planner_node]: [IDLE] disabled | d=- goc=- | v=0.000 w=0.000 | thoang=-
[decoded_serial_node-3] [INFO] [1791537680.209034628] [bw_dr03_decoded_serial_node]: RECEIVED /cmd_vel: linear.x=0.0, angular.z=0.0
[decoded_serial_node-3] [INFO] [1791537680.275746272] [bw_dr03_decoded_serial_node]: RECEIVED /cmd_vel: linear.x=0.0, angular.z=0.0
[decoded_serial_node-3] [INFO] [1791537680.341741966] [bw_dr03_decoded_serial_node]: RECEIVED /cmd_vel: linear.x=0.0, angular.z=0.0
[decoded_serial_node-3] [INFO] [1791537680.409376153] [bw_dr03_decoded_serial_node]: RECEIVED /cmd_vel: linear.x=0.0, angular.z=0.0
[follow_planner-8] [INFO] [1791537680.437080952] [follow_planner_node]: self-filter: bo 12/171 tia dap vao than xe
[target_tracker-7] [INFO] [1791537680.472493796] [target_tracker_node]: muc tieu: no_target_yet
[decoded_serial_node-3] [INFO] [1791537680.475384908] [bw_dr03_decoded_serial_node]: RECEIVED /cmd_vel: linear.x=0.0, angular.z=0.0
[decoded_serial_node-3] [INFO] [1791537680.541760542] [bw_dr03_decoded_serial_node]: RECEIVED /cmd_vel: linear.x=0.0, angular.z=0.0
[decoded_serial_node-3] [INFO] [1791537680.608905556] [bw_dr03_decoded_serial_node]: RECEIVED /cmd_vel: linear.x=0.0, angular.z=0.0
[decoded_serial_node-3] [INFO] [1791537680.675526964] [bw_dr03_decoded_serial_node]: RECEIVED /cmd_vel: linear.x=0.0, angular.z=0.0
[decoded_serial_node-3] [INFO] [1791537680.741534531] [bw_dr03_decoded_serial_node]: RECEIVED /cmd_vel: linear.x=0.0, angular.z=0.0
[decoded_serial_node-3] [INFO] [1791537680.809169906] [bw_dr03_decoded_serial_node]: RECEIVED /cmd_vel: linear.x=0.0, angular.z=0.0
[decoded_serial_node-3] [INFO] [1791537680.876402782] [bw_dr03_decoded_serial_node]: RECEIVED /cmd_vel: linear.x=0.0, angular.z=0.0
[decoded_serial_node-3] [INFO] [1791537680.942292804] [bw_dr03_decoded_serial_node]: RECEIVED /cmd_vel: linear.x=0.0, angular.z=0.0
[decoded_serial_node-3] [INFO] [1791537681.009135053] [bw_dr03_decoded_serial_node]: RECEIVED /cmd_vel: linear.x=0.0, angular.z=0.0
[decoded_serial_node-3] [INFO] [1791537681.075473880] [bw_dr03_decoded_serial_node]: RECEIVED /cmd_vel: linear.x=0.0, angular.z=0.0
[decoded_serial_node-3] [INFO] [1791537681.142092914] [bw_dr03_decoded_serial_node]: RECEIVED /cmd_vel: linear.x=0.0, angular.z=0.0
[decoded_serial_node-3] [INFO] [1791537681.209239115] [bw_dr03_decoded_serial_node]: RECEIVED /cmd_vel: linear.x=0.0, angular.z=0.0
[follow_planner-8] [INFO] [1791537681.274930855] [follow_planner_node]: [IDLE] disabled | d=- goc=- | v=0.000 w=0.000 | thoang=-
[decoded_serial_node-3] [INFO] [1791537681.274939166] [bw_dr03_decoded_serial_node]: RECEIVED /cmd_vel: linear.x=0.0, angular.z=0.0
[decoded_serial_node-3] [INFO] [1791537681.341950014] [bw_dr03_decoded_serial_node]: RECEIVED /cmd_vel: linear.x=0.0, angular.z=0.0
[decoded_serial_node-3] [INFO] [1791537681.409197136] [bw_dr03_decoded_serial_node]: RECEIVED /cmd_vel: linear.x=0.0, angular.z=0.0
[decoded_serial_node-3] [INFO] [1791537681.475279503] [bw_dr03_decoded_serial_node]: RECEIVED /cmd_vel: linear.x=0.0, angular.z=0.0
[target_tracker-7] [INFO] [1791537681.522646231] [target_tracker_node]: muc tieu: no_target_yet
[decoded_serial_node-3] [INFO] [1791537681.541640889] [bw_dr03_decoded_serial_node]: RECEIVED /cmd_vel: linear.x=0.0, angular.z=0.0
[decoded_serial_node-3] [INFO] [1791537681.609215711] [bw_dr03_decoded_serial_node]: RECEIVED /cmd_vel: linear.x=0.0, angular.z=0.0
[decoded_serial_node-3] [INFO] [1791537681.675351507] [bw_dr03_decoded_serial_node]: RECEIVED /cmd_vel: linear.x=0.0, angular.z=0.0
[decoded_serial_node-3] [INFO] [1791537681.742086897] [bw_dr03_decoded_serial_node]: RECEIVED /cmd_vel: linear.x=0.0, angular.z=0.0
[decoded_serial_node-3] [INFO] [1791537681.807931802] [bw_dr03_decoded_serial_node]: RECEIVED /cmd_vel: linear.x=0.0, angular.z=0.0
[decoded_serial_node-3] [INFO] [1791537681.875082752] [bw_dr03_decoded_serial_node]: RECEIVED /cmd_vel: linear.x=0.0, angular.z=0.0
[decoded_serial_node-3] [INFO] [1791537681.941890568] [bw_dr03_decoded_serial_node]: RECEIVED /cmd_vel: linear.x=0.0, angular.z=0.0
[decoded_serial_node-3] [INFO] [1791537682.008944158] [bw_dr03_decoded_serial_node]: RECEIVED /cmd_vel: linear.x=0.0, angular.z=0.0
[decoded_serial_node-3] [INFO] [1791537682.075722291] [bw_dr03_decoded_serial_node]: RECEIVED /cmd_vel: linear.x=0.0, angular.z=0.0
[decoded_serial_node-3] [INFO] [1791537682.141676428] [bw_dr03_decoded_serial_node]: RECEIVED /cmd_vel: linear.x=0.0, angular.z=0.0
[decoded_serial_node-3] [INFO] [1791537682.209372355] [bw_dr03_decoded_serial_node]: RECEIVED /cmd_vel: linear.x=0.0, angular.z=0.0
[follow_planner-8] [INFO] [1791537682.274831382] [follow_planner_node]: [IDLE] disabled | d=- goc=- | v=0.000 w=0.000 | thoang=-
[decoded_serial_node-3] [INFO] [1791537682.274965548] [bw_dr03_decoded_serial_node]: RECEIVED /cmd_vel: linear.x=0.0, angular.z=0.0
[decoded_serial_node-3] [INFO] [1791537682.341515717] [bw_dr03_decoded_serial_node]: RECEIVED /cmd_vel: linear.x=0.0, angular.z=0.0
[decoded_serial_node-3] [INFO] [1791537682.408952809] [bw_dr03_decoded_serial_node]: RECEIVED /cmd_vel: linear.x=0.0, angular.z=0.0
[decoded_serial_node-3] [INFO] [1791537682.474872514] [bw_dr03_decoded_serial_node]: RECEIVED /cmd_vel: linear.x=0.0, angular.z=0.0
[decoded_serial_node-3] [INFO] [1791537682.541882173] [bw_dr03_decoded_serial_node]: RECEIVED /cmd_vel: linear.x=0.0, angular.z=0.0
[target_tracker-7] [INFO] [1791537682.573302078] [target_tracker_node]: muc tieu: no_target_yet
[decoded_serial_node-3] [INFO] [1791537682.609155416] [bw_dr03_decoded_serial_node]: RECEIVED /cmd_vel: linear.x=0.0, angular.z=0.0
[decoded_serial_node-3] [INFO] [1791537682.676232752] [bw_dr03_decoded_serial_node]: RECEIVED /cmd_vel: linear.x=0.0, angular.z=0.0
[python3-4] [INFO] [1791537682.702745486] [identity_lock_node]: camera: nhan 21.9 fps (phoi sang 30 ms, do sang 65), xu ly 14.4 Hz, TB 20 ms/khung, tre tu luc chup 31.5 ms, 1 nguoi, status LOST_REJECTED_CANDIDATE
[decoded_serial_node-3] [INFO] [1791537682.742014728] [bw_dr03_decoded_serial_node]: RECEIVED /cmd_vel: linear.x=0.0, angular.z=0.0
[decoded_serial_node-3] [INFO] [1791537682.808428356] [bw_dr03_decoded_serial_node]: RECEIVED /cmd_vel: linear.x=0.0, angular.z=0.0
[decoded_serial_node-3] [INFO] [1791537682.875658855] [bw_dr03_decoded_serial_node]: RECEIVED /cmd_vel: linear.x=0.0, angular.z=0.0
[decoded_serial_node-3] [INFO] [1791537682.941962063] [bw_dr03_decoded_serial_node]: RECEIVED /cmd_vel: linear.x=0.0, angular.z=0.0
[decoded_serial_node-3] [INFO] [1791537683.008887422] [bw_dr03_decoded_serial_node]: RECEIVED /cmd_vel: linear.x=0.0, angular.z=0.0
[decoded_serial_node-3] [INFO] [1791537683.074949604] [bw_dr03_decoded_serial_node]: RECEIVED /cmd_vel: linear.x=0.0, angular.z=0.0
[decoded_serial_node-3] [INFO] [1791537683.141930767] [bw_dr03_decoded_serial_node]: RECEIVED /cmd_vel: linear.x=0.0, angular.z=0.0
[decoded_serial_node-3] [INFO] [1791537683.209060345] [bw_dr03_decoded_serial_node]: RECEIVED /cmd_vel: linear.x=0.0, angular.z=0.0
[decoded_serial_node-3] [INFO] [1791537683.275300624] [bw_dr03_decoded_serial_node]: RECEIVED /cmd_vel: linear.x=0.0, angular.z=0.0
[follow_planner-8] [INFO] [1791537683.341961212] [follow_planner_node]: [IDLE] disabled | d=- goc=- | v=0.000 w=0.000 | thoang=-
[decoded_serial_node-3] [INFO] [1791537683.342917000] [bw_dr03_decoded_serial_node]: RECEIVED /cmd_vel: linear.x=0.0, angular.z=0.0
[decoded_serial_node-3] [INFO] [1791537683.409438673] [bw_dr03_decoded_serial_node]: RECEIVED /cmd_vel: linear.x=0.0, angular.z=0.0
[decoded_serial_node-3] [INFO] [1791537683.475414181] [bw_dr03_decoded_serial_node]: RECEIVED /cmd_vel: linear.x=0.0, angular.z=0.0
[decoded_serial_node-3] [INFO] [1791537683.541884799] [bw_dr03_decoded_serial_node]: RECEIVED /cmd_vel: linear.x=0.0, angular.z=0.0
[decoded_serial_node-3] [INFO] [1791537683.609397879] [bw_dr03_decoded_serial_node]: RECEIVED /cmd_vel: linear.x=0.0, angular.z=0.0
[target_tracker-7] [INFO] [1791537683.622915455] [target_tracker_node]: muc tieu: no_target_yet
[decoded_serial_node-3] [INFO] [1791537683.674921020] [bw_dr03_decoded_serial_node]: RECEIVED /cmd_vel: linear.x=0.0, angular.z=0.0
[decoded_serial_node-3] [INFO] [1791537683.742233444] [bw_dr03_decoded_serial_node]: RECEIVED /cmd_vel: linear.x=0.0, angular.z=0.0
[decoded_serial_node-3] [INFO] [1791537683.809342837] [bw_dr03_decoded_serial_node]: RECEIVED /cmd_vel: linear.x=0.0, angular.z=0.0
[decoded_serial_node-3] [INFO] [1791537683.875121250] [bw_dr03_decoded_serial_node]: RECEIVED /cmd_vel: linear.x=0.0, angular.z=0.0
[decoded_serial_node-3] [INFO] [1791537683.942211647] [bw_dr03_decoded_serial_node]: RECEIVED /cmd_vel: linear.x=0.0, angular.z=0.0
[decoded_serial_node-3] [INFO] [1791537684.008999277] [bw_dr03_decoded_serial_node]: RECEIVED /cmd_vel: linear.x=0.0, angular.z=0.0
[decoded_serial_node-3] [INFO] [1791537684.075547070] [bw_dr03_decoded_serial_node]: RECEIVED /cmd_vel: linear.x=0.0, angular.z=0.0
[decoded_serial_node-3] [INFO] [1791537684.141806346] [bw_dr03_decoded_serial_node]: RECEIVED /cmd_vel: linear.x=0.0, angular.z=0.0
[decoded_serial_node-3] [INFO] [1791537684.208883681] [bw_dr03_decoded_serial_node]: RECEIVED /cmd_vel: linear.x=0.0, angular.z=0.0
[decoded_serial_node-3] [INFO] [1791537684.275246253] [bw_dr03_decoded_serial_node]: RECEIVED /cmd_vel: linear.x=0.0, angular.z=0.0
[decoded_serial_node-3] [INFO] [1791537684.342265410] [bw_dr03_decoded_serial_node]: RECEIVED /cmd_vel: linear.x=0.0, angular.z=0.0
[follow_planner-8] [INFO] [1791537684.342305778] [follow_planner_node]: [IDLE] disabled | d=- goc=- | v=0.000 w=0.000 | thoang=-
[decoded_serial_node-3] [INFO] [1791537684.408782332] [bw_dr03_decoded_serial_node]: RECEIVED /cmd_vel: linear.x=0.0, angular.z=0.0
[decoded_serial_node-3] [INFO] [1791537684.475055855] [bw_dr03_decoded_serial_node]: RECEIVED /cmd_vel: linear.x=0.0, angular.z=0.0
[decoded_serial_node-3] [INFO] [1791537684.542008523] [bw_dr03_decoded_serial_node]: RECEIVED /cmd_vel: linear.x=0.0, angular.z=0.0
[decoded_serial_node-3] [INFO] [1791537684.609075172] [bw_dr03_decoded_serial_node]: RECEIVED /cmd_vel: linear.x=0.0, angular.z=0.0
[target_tracker-7] [INFO] [1791537684.673289892] [target_tracker_node]: muc tieu: d=1.80m goc=-12.0deg nguon=camera+lidar conf=1.00 v=0.11m/s 
[decoded_serial_node-3] [INFO] [1791537684.675911482] [bw_dr03_decoded_serial_node]: RECEIVED /cmd_vel: linear.x=0.0, angular.z=0.0
[decoded_serial_node-3] [INFO] [1791537684.741978413] [bw_dr03_decoded_serial_node]: RECEIVED /cmd_vel: linear.x=0.0, angular.z=0.0
[decoded_serial_node-3] [INFO] [1791537684.809087805] [bw_dr03_decoded_serial_node]: RECEIVED /cmd_vel: linear.x=0.0, angular.z=0.0
[decoded_serial_node-3] [INFO] [1791537684.875269905] [bw_dr03_decoded_serial_node]: RECEIVED /cmd_vel: linear.x=0.0, angular.z=0.0
[decoded_serial_node-3] [INFO] [1791537684.941968487] [bw_dr03_decoded_serial_node]: RECEIVED /cmd_vel: linear.x=0.0, angular.z=0.0
[decoded_serial_node-3] [INFO] [1791537685.008877224] [bw_dr03_decoded_serial_node]: RECEIVED /cmd_vel: linear.x=0.0, angular.z=0.0
[decoded_serial_node-3] [INFO] [1791537685.075079508] [bw_dr03_decoded_serial_node]: RECEIVED /cmd_vel: linear.x=0.0, angular.z=0.0
[decoded_serial_node-3] [INFO] [1791537685.141757905] [bw_dr03_decoded_serial_node]: RECEIVED /cmd_vel: linear.x=0.0, angular.z=0.0
[decoded_serial_node-3] [INFO] [1791537685.208616773] [bw_dr03_decoded_serial_node]: RECEIVED /cmd_vel: linear.x=0.0, angular.z=0.0
[decoded_serial_node-3] [INFO] [1791537685.275548068] [bw_dr03_decoded_serial_node]: RECEIVED /cmd_vel: linear.x=0.0, angular.z=0.0
[decoded_serial_node-3] [INFO] [1791537685.341790721] [bw_dr03_decoded_serial_node]: RECEIVED /cmd_vel: linear.x=0.0, angular.z=0.0
[follow_planner-8] [INFO] [1791537685.408923859] [follow_planner_node]: [IDLE] disabled | d=- goc=- | v=0.000 w=0.000 | thoang=-
[decoded_serial_node-3] [INFO] [1791537685.409062775] [bw_dr03_decoded_serial_node]: RECEIVED /cmd_vel: linear.x=0.0, angular.z=0.0
[decoded_serial_node-3] [INFO] [1791537685.476019004] [bw_dr03_decoded_serial_node]: RECEIVED /cmd_vel: linear.x=0.0, angular.z=0.0
[decoded_serial_node-3] [INFO] [1791537685.541625256] [bw_dr03_decoded_serial_node]: RECEIVED /cmd_vel: linear.x=0.0, angular.z=0.0
[decoded_serial_node-3] [INFO] [1791537685.608539928] [bw_dr03_decoded_serial_node]: RECEIVED /cmd_vel: linear.x=0.0, angular.z=0.0
[decoded_serial_node-3] [INFO] [1791537685.675164896] [bw_dr03_decoded_serial_node]: RECEIVED /cmd_vel: linear.x=0.0, angular.z=0.0
[target_tracker-7] [INFO] [1791537685.722439012] [target_tracker_node]: muc tieu: d=1.80m goc=-10.7deg nguon=camera+lidar conf=0.98 v=0.04m/s 
[decoded_serial_node-3] [INFO] [1791537685.741677069] [bw_dr03_decoded_serial_node]: RECEIVED /cmd_vel: linear.x=0.0, angular.z=0.0
[decoded_serial_node-3] [INFO] [1791537685.808598865] [bw_dr03_decoded_serial_node]: RECEIVED /cmd_vel: linear.x=0.0, angular.z=0.0
[decoded_serial_node-3] [INFO] [1791537685.875112226] [bw_dr03_decoded_serial_node]: RECEIVED /cmd_vel: linear.x=0.0, angular.z=0.0
[decoded_serial_node-3] [INFO] [1791537685.942054206] [bw_dr03_decoded_serial_node]: RECEIVED /cmd_vel: linear.x=0.0, angular.z=0.0
[decoded_serial_node-3] [INFO] [1791537686.008793156] [bw_dr03_decoded_serial_node]: RECEIVED /cmd_vel: linear.x=0.0, angular.z=0.0
[decoded_serial_node-3] [INFO] [1791537686.075165226] [bw_dr03_decoded_serial_node]: RECEIVED /cmd_vel: linear.x=0.0, angular.z=0.0
[decoded_serial_node-3] [INFO] [1791537686.141963541] [bw_dr03_decoded_serial_node]: RECEIVED /cmd_vel: linear.x=0.0, angular.z=0.0
[decoded_serial_node-3] [INFO] [1791537686.208944703] [bw_dr03_decoded_serial_node]: RECEIVED /cmd_vel: linear.x=0.0, angular.z=0.0
[follow_planner-8] [INFO] [1791537686.223536798] [follow_planner_node]: Bam nguoi: BAT
[decoded_serial_node-3] [INFO] [1791537686.298100150] [bw_dr03_decoded_serial_node]: RECEIVED /cmd_vel: linear.x=0.0, angular.z=0.0
[decoded_serial_node-3] [INFO] [1791537686.362636631] [bw_dr03_decoded_serial_node]: RECEIVED /cmd_vel: linear.x=0.0, angular.z=0.0
[follow_planner-8] [INFO] [1791537686.432981455] [follow_planner_node]: [BLOCKED] ket hoan toan — dung cho | d=1.81m goc=-11deg | v=0.000 w=0.000 | thoang=-
[decoded_serial_node-3] [INFO] [1791537686.433256912] [bw_dr03_decoded_serial_node]: RECEIVED /cmd_vel: linear.x=0.0, angular.z=0.0
[decoded_serial_node-3] [INFO] [1791537686.497856321] [bw_dr03_decoded_serial_node]: RECEIVED /cmd_vel: linear.x=0.0, angular.z=0.0
[decoded_serial_node-3] [INFO] [1791537686.565947622] [bw_dr03_decoded_serial_node]: RECEIVED /cmd_vel: linear.x=0.0, angular.z=0.0
[decoded_serial_node-3] [INFO] [1791537686.632858732] [bw_dr03_decoded_serial_node]: RECEIVED /cmd_vel: linear.x=0.0, angular.z=0.0
[decoded_serial_node-3] [INFO] [1791537686.696545096] [bw_dr03_decoded_serial_node]: RECEIVED /cmd_vel: linear.x=0.0, angular.z=0.0
[target_tracker-7] [INFO] [1791537686.722912977] [target_tracker_node]: muc tieu: d=1.80m goc=-10.5deg nguon=camera+lidar conf=0.98 v=0.02m/s 
[decoded_serial_node-3] [INFO] [1791537686.763412275] [bw_dr03_decoded_serial_node]: RECEIVED /cmd_vel: linear.x=0.0, angular.z=0.0
[decoded_serial_node-3] [INFO] [1791537686.832769253] [bw_dr03_decoded_serial_node]: RECEIVED /cmd_vel: linear.x=0.0, angular.z=0.0
[decoded_serial_node-3] [INFO] [1791537686.896243088] [bw_dr03_decoded_serial_node]: RECEIVED /cmd_vel: linear.x=0.0, angular.z=0.0
[decoded_serial_node-3] [INFO] [1791537686.965818532] [bw_dr03_decoded_serial_node]: RECEIVED /cmd_vel: linear.x=0.0, angular.z=0.0
[decoded_serial_node-3] [INFO] [1791537687.031341671] [bw_dr03_decoded_serial_node]: RECEIVED /cmd_vel: linear.x=0.0, angular.z=0.0
[decoded_serial_node-3] [INFO] [1791537687.097565325] [bw_dr03_decoded_serial_node]: RECEIVED /cmd_vel: linear.x=0.0, angular.z=0.0
[decoded_serial_node-3] [INFO] [1791537687.162196791] [bw_dr03_decoded_serial_node]: RECEIVED /cmd_vel: linear.x=0.0, angular.z=0.0
[decoded_serial_node-3] [INFO] [1791537687.231446910] [bw_dr03_decoded_serial_node]: RECEIVED /cmd_vel: linear.x=0.0, angular.z=0.0
[decoded_serial_node-3] [INFO] [1791537687.299918151] [bw_dr03_decoded_serial_node]: RECEIVED /cmd_vel: linear.x=0.0, angular.z=0.0
[decoded_serial_node-3] [INFO] [1791537687.366975300] [bw_dr03_decoded_serial_node]: RECEIVED /cmd_vel: linear.x=0.0, angular.z=0.0
[follow_planner-8] [INFO] [1791537687.431537902] [follow_planner_node]: [BLOCKED] ket hoan toan — dung cho | d=1.81m goc=-11deg | v=0.000 w=0.000 | thoang=-
[decoded_serial_node-3] [INFO] [1791537687.431574709] [bw_dr03_decoded_serial_node]: RECEIVED /cmd_vel: linear.x=0.0, angular.z=0.0
[decoded_serial_node-3] [INFO] [1791537687.504568430] [bw_dr03_decoded_serial_node]: RECEIVED /cmd_vel: linear.x=0.0, angular.z=0.0
[decoded_serial_node-3] [INFO] [1791537687.564005395] [bw_dr03_decoded_serial_node]: RECEIVED /cmd_vel: linear.x=0.0, angular.z=0.0
[decoded_serial_node-3] [INFO] [1791537687.632677292] [bw_dr03_decoded_serial_node]: RECEIVED /cmd_vel: linear.x=0.0, angular.z=0.0
[decoded_serial_node-3] [INFO] [1791537687.696764968] [bw_dr03_decoded_serial_node]: RECEIVED /cmd_vel: linear.x=0.0, angular.z=0.0
[target_tracker-7] [INFO] [1791537687.722708977] [target_tracker_node]: muc tieu: d=1.82m goc=-11.7deg nguon=camera+lidar conf=0.98 v=0.04m/s 
[decoded_serial_node-3] [INFO] [1791537687.766053081] [bw_dr03_decoded_serial_node]: RECEIVED /cmd_vel: linear.x=0.0, angular.z=0.0
[decoded_serial_node-3] [INFO] [1791537687.833429618] [bw_dr03_decoded_serial_node]: RECEIVED /cmd_vel: linear.x=0.0, angular.z=0.0
[decoded_serial_node-3] [INFO] [1791537687.902442274] [bw_dr03_decoded_serial_node]: RECEIVED /cmd_vel: linear.x=0.0, angular.z=0.0
[decoded_serial_node-3] [INFO] [1791537687.963457180] [bw_dr03_decoded_serial_node]: RECEIVED /cmd_vel: linear.x=0.0, angular.z=0.0
[decoded_serial_node-3] [INFO] [1791537688.033465993] [bw_dr03_decoded_serial_node]: RECEIVED /cmd_vel: linear.x=0.0, angular.z=0.0
[decoded_serial_node-3] [INFO] [1791537688.102324298] [bw_dr03_decoded_serial_node]: RECEIVED /cmd_vel: linear.x=0.0, angular.z=0.0
[decoded_serial_node-3] [INFO] [1791537688.164604880] [bw_dr03_decoded_serial_node]: RECEIVED /cmd_vel: linear.x=0.0, angular.z=0.0
[decoded_serial_node-3] [INFO] [1791537688.233543923] [bw_dr03_decoded_serial_node]: RECEIVED /cmd_vel: linear.x=0.0, angular.z=0.0
[decoded_serial_node-3] [INFO] [1791537688.299939737] [bw_dr03_decoded_serial_node]: RECEIVED /cmd_vel: linear.x=0.0, angular.z=0.0
[decoded_serial_node-3] [INFO] [1791537688.362766484] [bw_dr03_decoded_serial_node]: RECEIVED /cmd_vel: linear.x=0.0, angular.z=0.0
[decoded_serial_node-3] [INFO] [1791537688.433881874] [bw_dr03_decoded_serial_node]: RECEIVED /cmd_vel: linear.x=0.0, angular.z=0.0
[follow_planner-8] [INFO] [1791537688.503047694] [follow_planner_node]: [BLOCKED] ket hoan toan — dung cho | d=1.81m goc=-11deg | v=0.000 w=0.000 | thoang=-
[decoded_serial_node-3] [INFO] [1791537688.503524994] [bw_dr03_decoded_serial_node]: RECEIVED /cmd_vel: linear.x=0.0, angular.z=0.0
[decoded_serial_node-3] [INFO] [1791537688.566469285] [bw_dr03_decoded_serial_node]: RECEIVED /cmd_vel: linear.x=0.0, angular.z=0.0
[decoded_serial_node-3] [INFO] [1791537688.633306781] [bw_dr03_decoded_serial_node]: RECEIVED /cmd_vel: linear.x=0.0, angular.z=0.0
[decoded_serial_node-3] [INFO] [1791537688.699237168] [bw_dr03_decoded_serial_node]: RECEIVED /cmd_vel: linear.x=0.0, angular.z=0.0
[target_tracker-7] [INFO] [1791537688.723596113] [target_tracker_node]: muc tieu: d=1.80m goc=-10.4deg nguon=camera+lidar conf=0.98 v=0.04m/s 
[decoded_serial_node-3] [INFO] [1791537688.763440013] [bw_dr03_decoded_serial_node]: RECEIVED /cmd_vel: linear.x=0.0, angular.z=0.0
[decoded_serial_node-3] [INFO] [1791537688.837042827] [bw_dr03_decoded_serial_node]: RECEIVED /cmd_vel: linear.x=0.0, angular.z=0.0
[decoded_serial_node-3] [INFO] [1791537688.897477135] [bw_dr03_decoded_serial_node]: RECEIVED /cmd_vel: linear.x=0.0, angular.z=0.0
[decoded_serial_node-3] [INFO] [1791537688.967411147] [bw_dr03_decoded_serial_node]: RECEIVED /cmd_vel: linear.x=0.0, angular.z=0.0
[decoded_serial_node-3] [INFO] [1791537689.032892729] [bw_dr03_decoded_serial_node]: RECEIVED /cmd_vel: linear.x=0.0, angular.z=0.0
[decoded_serial_node-3] [INFO] [1791537689.097527756] [bw_dr03_decoded_serial_node]: RECEIVED /cmd_vel: linear.x=0.0, angular.z=0.0
[decoded_serial_node-3] [INFO] [1791537689.163049706] [bw_dr03_decoded_serial_node]: RECEIVED /cmd_vel: linear.x=0.0, angular.z=0.0
[decoded_serial_node-3] [INFO] [1791537689.232868548] [bw_dr03_decoded_serial_node]: RECEIVED /cmd_vel: linear.x=0.0, angular.z=0.0
[decoded_serial_node-3] [INFO] [1791537689.299638366] [bw_dr03_decoded_serial_node]: RECEIVED /cmd_vel: linear.x=0.0, angular.z=0.0
[decoded_serial_node-3] [INFO] [1791537689.366601717] [bw_dr03_decoded_serial_node]: RECEIVED /cmd_vel: linear.x=0.0, angular.z=0.0
[decoded_serial_node-3] [INFO] [1791537689.433239743] [bw_dr03_decoded_serial_node]: RECEIVED /cmd_vel: linear.x=0.0, angular.z=0.0
[decoded_serial_node-3] [INFO] [1791537689.497486518] [bw_dr03_decoded_serial_node]: RECEIVED /cmd_vel: linear.x=0.0, angular.z=0.0
[follow_planner-8] [INFO] [1791537689.563039339] [follow_planner_node]: [BLOCKED] ket hoan toan — dung cho | d=1.79m goc=-11deg | v=0.000 w=0.000 | thoang=-
[decoded_serial_node-3] [INFO] [1791537689.563048837] [bw_dr03_decoded_serial_node]: RECEIVED /cmd_vel: linear.x=0.0, angular.z=0.0
[decoded_serial_node-3] [INFO] [1791537689.630058493] [bw_dr03_decoded_serial_node]: RECEIVED /cmd_vel: linear.x=0.0, angular.z=0.0
[decoded_serial_node-3] [INFO] [1791537689.698292270] [bw_dr03_decoded_serial_node]: RECEIVED /cmd_vel: linear.x=0.0, angular.z=0.0
[decoded_serial_node-3] [INFO] [1791537689.763714486] [bw_dr03_decoded_serial_node]: RECEIVED /cmd_vel: linear.x=0.0, angular.z=0.0
[target_tracker-7] [INFO] [1791537689.772745200] [target_tracker_node]: muc tieu: d=1.79m goc=-11.3deg nguon=camera+lidar conf=1.00 v=0.02m/s 
[decoded_serial_node-3] [INFO] [1791537689.835913893] [bw_dr03_decoded_serial_node]: RECEIVED /cmd_vel: linear.x=0.0, angular.z=0.0
[decoded_serial_node-3] [INFO] [1791537689.900350638] [bw_dr03_decoded_serial_node]: RECEIVED /cmd_vel: linear.x=0.0, angular.z=0.0
[decoded_serial_node-3] [INFO] [1791537689.962970792] [bw_dr03_decoded_serial_node]: RECEIVED /cmd_vel: linear.x=0.0, angular.z=0.0
[decoded_serial_node-3] [INFO] [1791537690.034017317] [bw_dr03_decoded_serial_node]: RECEIVED /cmd_vel: linear.x=0.0, angular.z=0.0
[decoded_serial_node-3] [INFO] [1791537690.097801039] [bw_dr03_decoded_serial_node]: RECEIVED /cmd_vel: linear.x=0.0, angular.z=0.0
[decoded_serial_node-3] [INFO] [1791537690.166347079] [bw_dr03_decoded_serial_node]: RECEIVED /cmd_vel: linear.x=0.0, angular.z=0.0
[decoded_serial_node-3] [INFO] [1791537690.233270060] [bw_dr03_decoded_serial_node]: RECEIVED /cmd_vel: linear.x=0.0, angular.z=0.0
[decoded_serial_node-3] [INFO] [1791537690.296987292] [bw_dr03_decoded_serial_node]: RECEIVED /cmd_vel: linear.x=0.0, angular.z=0.0
[decoded_serial_node-3] [INFO] [1791537690.363735738] [bw_dr03_decoded_serial_node]: RECEIVED /cmd_vel: linear.x=0.0, angular.z=0.0
[decoded_serial_node-3] [INFO] [1791537690.431082591] [bw_dr03_decoded_serial_node]: RECEIVED /cmd_vel: linear.x=0.0, angular.z=0.0
[decoded_serial_node-3] [INFO] [1791537690.497180388] [bw_dr03_decoded_serial_node]: RECEIVED /cmd_vel: linear.x=0.0, angular.z=0.0
[follow_planner-8] [INFO] [1791537690.497607822] [follow_planner_node]: self-filter: bo 15/196 tia dap vao than xe
[follow_planner-8] [INFO] [1791537690.563731740] [follow_planner_node]: [BLOCKED] ket hoan toan — dung cho | d=1.81m goc=-10deg | v=0.000 w=0.000 | thoang=-
[decoded_serial_node-3] [INFO] [1791537690.564153237] [bw_dr03_decoded_serial_node]: RECEIVED /cmd_vel: linear.x=0.0, angular.z=0.0
[decoded_serial_node-3] [INFO] [1791537690.633133834] [bw_dr03_decoded_serial_node]: RECEIVED /cmd_vel: linear.x=0.0, angular.z=0.0
[decoded_serial_node-3] [INFO] [1791537690.696886686] [bw_dr03_decoded_serial_node]: RECEIVED /cmd_vel: linear.x=0.0, angular.z=0.0
[decoded_serial_node-3] [INFO] [1791537690.762719712] [bw_dr03_decoded_serial_node]: RECEIVED /cmd_vel: linear.x=0.0, angular.z=0.0
[target_tracker-7] [INFO] [1791537690.773117025] [target_tracker_node]: muc tieu: d=1.81m goc=-10.6deg nguon=camera+lidar conf=0.96 v=0.01m/s 
[decoded_serial_node-3] [INFO] [1791537690.833486030] [bw_dr03_decoded_serial_node]: RECEIVED /cmd_vel: linear.x=0.0, angular.z=0.0
[decoded_serial_node-3] [INFO] [1791537690.897973830] [bw_dr03_decoded_serial_node]: RECEIVED /cmd_vel: linear.x=0.0, angular.z=0.0
[decoded_serial_node-3] [INFO] [1791537690.967846100] [bw_dr03_decoded_serial_node]: RECEIVED /cmd_vel: linear.x=0.0, angular.z=0.0
[decoded_serial_node-3] [INFO] [1791537691.034146928] [bw_dr03_decoded_serial_node]: RECEIVED /cmd_vel: linear.x=0.0, angular.z=0.0
[decoded_serial_node-3] [INFO] [1791537691.099978767] [bw_dr03_decoded_serial_node]: RECEIVED /cmd_vel: linear.x=0.0, angular.z=0.0
[decoded_serial_node-3] [INFO] [1791537691.164055755] [bw_dr03_decoded_serial_node]: RECEIVED /cmd_vel: linear.x=0.0, angular.z=0.0
[decoded_serial_node-3] [INFO] [1791537691.231267253] [bw_dr03_decoded_serial_node]: RECEIVED /cmd_vel: linear.x=0.0, angular.z=0.0
[decoded_serial_node-3] [INFO] [1791537691.299027290] [bw_dr03_decoded_serial_node]: RECEIVED /cmd_vel: linear.x=0.0, angular.z=0.0
[decoded_serial_node-3] [INFO] [1791537691.366789702] [bw_dr03_decoded_serial_node]: RECEIVED /cmd_vel: linear.x=0.0, angular.z=0.0
[decoded_serial_node-3] [INFO] [1791537691.433893155] [bw_dr03_decoded_serial_node]: RECEIVED /cmd_vel: linear.x=0.0, angular.z=0.0
[decoded_serial_node-3] [INFO] [1791537691.497669752] [bw_dr03_decoded_serial_node]: RECEIVED /cmd_vel: linear.x=0.0, angular.z=0.0
[decoded_serial_node-3] [INFO] [1791537691.566188484] [bw_dr03_decoded_serial_node]: RECEIVED /cmd_vel: linear.x=0.0, angular.z=0.0
[follow_planner-8] [INFO] [1791537691.634880563] [follow_planner_node]: [BLOCKED] ket hoan toan — dung cho | d=1.81m goc=-11deg | v=0.000 w=0.000 | thoang=-
[decoded_serial_node-3] [INFO] [1791537691.634979110] [bw_dr03_decoded_serial_node]: RECEIVED /cmd_vel: linear.x=0.0, angular.z=0.0
[decoded_serial_node-3] [INFO] [1791537691.698146615] [bw_dr03_decoded_serial_node]: RECEIVED /cmd_vel: linear.x=0.0, angular.z=0.0
[decoded_serial_node-3] [INFO] [1791537691.766905184] [bw_dr03_decoded_serial_node]: RECEIVED /cmd_vel: linear.x=0.0, angular.z=0.0
[target_tracker-7] [INFO] [1791537691.773338054] [target_tracker_node]: muc tieu: d=1.80m goc=-10.6deg nguon=camera+lidar conf=1.00 v=0.03m/s 
[decoded_serial_node-3] [INFO] [1791537691.833502840] [bw_dr03_decoded_serial_node]: RECEIVED /cmd_vel: linear.x=0.0, angular.z=0.0
[decoded_serial_node-3] [INFO] [1791537691.899001044] [bw_dr03_decoded_serial_node]: RECEIVED /cmd_vel: linear.x=0.0, angular.z=0.0
[decoded_serial_node-3] [INFO] [1791537691.964591858] [bw_dr03_decoded_serial_node]: RECEIVED /cmd_vel: linear.x=0.0, angular.z=0.0
[decoded_serial_node-3] [INFO] [1791537692.031837788] [bw_dr03_decoded_serial_node]: RECEIVED /cmd_vel: linear.x=0.0, angular.z=0.0
[decoded_serial_node-3] [INFO] [1791537692.097276625] [bw_dr03_decoded_serial_node]: RECEIVED /cmd_vel: linear.x=0.0, angular.z=0.0
[decoded_serial_node-3] [INFO] [1791537692.164059502] [bw_dr03_decoded_serial_node]: RECEIVED /cmd_vel: linear.x=0.0, angular.z=0.0
[decoded_serial_node-3] [INFO] [1791537692.230617977] [bw_dr03_decoded_serial_node]: RECEIVED /cmd_vel: linear.x=0.0, angular.z=0.0
[decoded_serial_node-3] [INFO] [1791537692.297899526] [bw_dr03_decoded_serial_node]: RECEIVED /cmd_vel: linear.x=0.0, angular.z=0.0
[decoded_serial_node-3] [INFO] [1791537692.362783887] [bw_dr03_decoded_serial_node]: RECEIVED /cmd_vel: linear.x=0.0, angular.z=0.0
[decoded_serial_node-3] [INFO] [1791537692.420553860] [bw_dr03_decoded_serial_node]: RECEIVED /cmd_vel: linear.x=0.035, angular.z=0.125
[decoded_serial_node-3] [INFO] [1791537692.420830504] [bw_dr03_decoded_serial_node]: SEND MOTOR CMD: cd eb d7 09 74 46 46 53 53 07 05 00 00
[decoded_serial_node-3] [INFO] [1791537692.486354828] [bw_dr03_decoded_serial_node]: RECEIVED /cmd_vel: linear.x=0.04666666666666666, angular.z=0.0
[decoded_serial_node-3] [INFO] [1791537692.486724083] [bw_dr03_decoded_serial_node]: SEND MOTOR CMD: cd eb d7 09 74 46 46 53 53 05 05 00 00
[decoded_serial_node-3] [INFO] [1791537692.553833471] [bw_dr03_decoded_serial_node]: RECEIVED /cmd_vel: linear.x=0.06999999999999999, angular.z=0.0
[decoded_serial_node-3] [INFO] [1791537692.554067372] [bw_dr03_decoded_serial_node]: SEND MOTOR CMD: cd eb d7 09 74 46 46 53 53 08 08 00 00
[decoded_serial_node-3] [INFO] [1791537692.622106428] [bw_dr03_decoded_serial_node]: RECEIVED /cmd_vel: linear.x=0.09333333333333332, angular.z=0.125
[decoded_serial_node-3] [INFO] [1791537692.622447187] [bw_dr03_decoded_serial_node]: SEND MOTOR CMD: cd eb d7 09 74 46 46 53 53 0e 08 00 00
[follow_planner-8] [INFO] [1791537692.685746484] [follow_planner_node]: [FOLLOW] bam nguoi | d=1.80m goc=-11deg | v=0.117 w=0.125 | thoang=0.05m
[decoded_serial_node-3] [INFO] [1791537692.686026690] [bw_dr03_decoded_serial_node]: RECEIVED /cmd_vel: linear.x=0.11666666666666665, angular.z=0.125
[decoded_serial_node-3] [INFO] [1791537692.686273651] [bw_dr03_decoded_serial_node]: SEND MOTOR CMD: cd eb d7 09 74 46 46 53 53 11 0b 00 00
[decoded_serial_node-3] [INFO] [1791537692.752415379] [bw_dr03_decoded_serial_node]: RECEIVED /cmd_vel: linear.x=0.13999999999999999, angular.z=0.125
[decoded_serial_node-3] [INFO] [1791537692.752659965] [bw_dr03_decoded_serial_node]: SEND MOTOR CMD: cd eb d7 09 74 46 46 53 53 14 0e 00 00
[decoded_serial_node-3] [INFO] [1791537692.817874400] [bw_dr03_decoded_serial_node]: RECEIVED /cmd_vel: linear.x=0.16333333333333333, angular.z=0.0
[decoded_serial_node-3] [INFO] [1791537692.818120174] [bw_dr03_decoded_serial_node]: SEND MOTOR CMD: cd eb d7 09 74 46 46 53 53 14 14 00 00
[target_tracker-7] [INFO] [1791537692.822838562] [target_tracker_node]: muc tieu: d=1.78m goc=-11.8deg nguon=camera+lidar conf=0.98 v=0.12m/s 
[python3-4] [INFO] [1791537692.827627001] [identity_lock_node]: camera: nhan 12.4 fps (phoi sang 30 ms, do sang 62), xu ly 12.4 Hz, TB 20 ms/khung, tre tu luc chup 77.0 ms, 1 nguoi, status TRACKING
[decoded_serial_node-3] [INFO] [1791537692.889850591] [bw_dr03_decoded_serial_node]: RECEIVED /cmd_vel: linear.x=0.18666666666666665, angular.z=0.0
[decoded_serial_node-3] [INFO] [1791537692.890082117] [bw_dr03_decoded_serial_node]: SEND MOTOR CMD: cd eb d7 09 74 46 46 53 53 16 16 00 00
[decoded_serial_node-3] [INFO] [1791537692.954169790] [bw_dr03_decoded_serial_node]: RECEIVED /cmd_vel: linear.x=0.20999999999999996, angular.z=0.0
[decoded_serial_node-3] [INFO] [1791537692.954669650] [bw_dr03_decoded_serial_node]: SEND MOTOR CMD: cd eb d7 09 74 46 46 53 53 19 19 00 00
[decoded_serial_node-3] [INFO] [1791537693.021809908] [bw_dr03_decoded_serial_node]: RECEIVED /cmd_vel: linear.x=0.22, angular.z=0.0
[decoded_serial_node-3] [INFO] [1791537693.022181538] [bw_dr03_decoded_serial_node]: SEND MOTOR CMD: cd eb d7 09 74 46 46 53 53 1a 1a 00 00
[decoded_serial_node-3] [INFO] [1791537693.087496894] [bw_dr03_decoded_serial_node]: RECEIVED /cmd_vel: linear.x=0.22, angular.z=0.0
[decoded_serial_node-3] [INFO] [1791537693.087752166] [bw_dr03_decoded_serial_node]: SEND MOTOR CMD: cd eb d7 09 74 46 46 53 53 1a 1a 00 00
[decoded_serial_node-3] [INFO] [1791537693.153853524] [bw_dr03_decoded_serial_node]: RECEIVED /cmd_vel: linear.x=0.22, angular.z=0.0
[decoded_serial_node-3] [INFO] [1791537693.154093362] [bw_dr03_decoded_serial_node]: SEND MOTOR CMD: cd eb d7 09 74 46 46 53 53 1a 1a 00 00
[decoded_serial_node-3] [INFO] [1791537693.224725512] [bw_dr03_decoded_serial_node]: RECEIVED /cmd_vel: linear.x=0.22, angular.z=0.0
[decoded_serial_node-3] [INFO] [1791537693.225252680] [bw_dr03_decoded_serial_node]: SEND MOTOR CMD: cd eb d7 09 74 46 46 53 53 1a 1a 00 00
[decoded_serial_node-3] [INFO] [1791537693.288061615] [bw_dr03_decoded_serial_node]: RECEIVED /cmd_vel: linear.x=0.22, angular.z=0.125
[decoded_serial_node-3] [INFO] [1791537693.288295516] [bw_dr03_decoded_serial_node]: SEND MOTOR CMD: cd eb d7 09 74 46 46 53 53 1d 17 00 00
[decoded_serial_node-3] [INFO] [1791537693.354364816] [bw_dr03_decoded_serial_node]: RECEIVED /cmd_vel: linear.x=0.22, angular.z=0.125
[decoded_serial_node-3] [INFO] [1791537693.354915730] [bw_dr03_decoded_serial_node]: SEND MOTOR CMD: cd eb d7 09 74 46 46 53 53 1d 17 00 00
[decoded_serial_node-3] [INFO] [1791537693.421766284] [bw_dr03_decoded_serial_node]: RECEIVED /cmd_vel: linear.x=0.22, angular.z=0.125
[decoded_serial_node-3] [INFO] [1791537693.422014432] [bw_dr03_decoded_serial_node]: SEND MOTOR CMD: cd eb d7 09 74 46 46 53 53 1d 17 00 00
[decoded_serial_node-3] [INFO] [1791537693.489406401] [bw_dr03_decoded_serial_node]: RECEIVED /cmd_vel: linear.x=0.22, angular.z=0.0
[decoded_serial_node-3] [INFO] [1791537693.489894388] [bw_dr03_decoded_serial_node]: SEND MOTOR CMD: cd eb d7 09 74 46 46 53 53 1a 1a 00 00
[decoded_serial_node-3] [INFO] [1791537693.554631521] [bw_dr03_decoded_serial_node]: RECEIVED /cmd_vel: linear.x=0.22, angular.z=0.0
[decoded_serial_node-3] [INFO] [1791537693.554857111] [bw_dr03_decoded_serial_node]: SEND MOTOR CMD: cd eb d7 09 74 46 46 53 53 1a 1a 00 00
[decoded_serial_node-3] [INFO] [1791537693.610050611] [bw_dr03_decoded_serial_node]: RECEIVED /cmd_vel: linear.x=0.19666666666666666, angular.z=0.15
[decoded_serial_node-3] [INFO] [1791537693.610371186] [bw_dr03_decoded_serial_node]: SEND MOTOR CMD: cd eb d7 09 74 46 46 53 53 1b 14 00 00
[follow_planner-8] [INFO] [1791537693.675102383] [follow_planner_node]: [FOLLOW] chui khe hep — sat khung cua 3cm, xoay nhe ve phia rong | d=1.65m goc=-13deg | v=0.173 w=0.150 | thoang=-
[decoded_serial_node-3] [INFO] [1791537693.675848017] [bw_dr03_decoded_serial_node]: RECEIVED /cmd_vel: linear.x=0.17333333333333334, angular.z=0.15
[decoded_serial_node-3] [INFO] [1791537693.676092604] [bw_dr03_decoded_serial_node]: SEND MOTOR CMD: cd eb d7 09 74 46 46 53 53 18 11 00 00
[decoded_serial_node-3] [INFO] [1791537693.743053577] [bw_dr03_decoded_serial_node]: RECEIVED /cmd_vel: linear.x=0.15000000000000002, angular.z=0.15
[decoded_serial_node-3] [INFO] [1791537693.743289853] [bw_dr03_decoded_serial_node]: SEND MOTOR CMD: cd eb d7 09 74 46 46 53 53 16 0e 00 00
[decoded_serial_node-3] [INFO] [1791537693.809447015] [bw_dr03_decoded_serial_node]: RECEIVED /cmd_vel: linear.x=0.1266666666666667, angular.z=0.15
[decoded_serial_node-3] [INFO] [1791537693.810076291] [bw_dr03_decoded_serial_node]: SEND MOTOR CMD: cd eb d7 09 74 46 46 53 53 13 0b 00 00
[target_tracker-7] [INFO] [1791537693.822549030] [target_tracker_node]: muc tieu: d=1.62m goc=-14.1deg nguon=camera+lidar conf=0.98 v=0.01m/s 
[decoded_serial_node-3] [INFO] [1791537693.890716315] [bw_dr03_decoded_serial_node]: RECEIVED /cmd_vel: linear.x=0.15000000000000002, angular.z=0.125
[decoded_serial_node-3] [INFO] [1791537693.890959715] [bw_dr03_decoded_serial_node]: SEND MOTOR CMD: cd eb d7 09 74 46 46 53 53 15 0f 00 00
[decoded_serial_node-3] [INFO] [1791537693.955017704] [bw_dr03_decoded_serial_node]: RECEIVED /cmd_vel: linear.x=0.17333333333333334, angular.z=0.125
[decoded_serial_node-3] [INFO] [1791537693.955506878] [bw_dr03_decoded_serial_node]: SEND MOTOR CMD: cd eb d7 09 74 46 46 53 53 18 12 00 00
[decoded_serial_node-3] [INFO] [1791537694.022540278] [bw_dr03_decoded_serial_node]: RECEIVED /cmd_vel: linear.x=0.19666666666666666, angular.z=0.125
[decoded_serial_node-3] [INFO] [1791537694.022837106] [bw_dr03_decoded_serial_node]: SEND MOTOR CMD: cd eb d7 09 74 46 46 53 53 1b 15 00 00
[decoded_serial_node-3] [INFO] [1791537694.089524997] [bw_dr03_decoded_serial_node]: RECEIVED /cmd_vel: linear.x=0.21999999999999997, angular.z=0.125
[decoded_serial_node-3] [INFO] [1791537694.089951243] [bw_dr03_decoded_serial_node]: SEND MOTOR CMD: cd eb d7 09 74 46 46 53 53 1d 17 00 00
[decoded_serial_node-3] [INFO] [1791537694.156895594] [bw_dr03_decoded_serial_node]: RECEIVED /cmd_vel: linear.x=0.22, angular.z=0.125
[decoded_serial_node-3] [INFO] [1791537694.157142556] [bw_dr03_decoded_serial_node]: SEND MOTOR CMD: cd eb d7 09 74 46 46 53 53 1d 17 00 00
[decoded_serial_node-3] [INFO] [1791537694.209108935] [bw_dr03_decoded_serial_node]: RECEIVED /cmd_vel: linear.x=0.19666666666666666, angular.z=0.0
[decoded_serial_node-3] [INFO] [1791537694.209365394] [bw_dr03_decoded_serial_node]: SEND MOTOR CMD: cd eb d7 09 74 46 46 53 53 18 18 00 00
[decoded_serial_node-3] [INFO] [1791537694.276014104] [bw_dr03_decoded_serial_node]: RECEIVED /cmd_vel: linear.x=0.17333333333333334, angular.z=0.0
[decoded_serial_node-3] [INFO] [1791537694.276263440] [bw_dr03_decoded_serial_node]: SEND MOTOR CMD: cd eb d7 09 74 46 46 53 53 15 15 00 00
[decoded_serial_node-3] [INFO] [1791537694.342769672] [bw_dr03_decoded_serial_node]: RECEIVED /cmd_vel: linear.x=0.15000000000000002, angular.z=0.0
[decoded_serial_node-3] [INFO] [1791537694.343022570] [bw_dr03_decoded_serial_node]: SEND MOTOR CMD: cd eb d7 09 74 46 46 53 53 12 12 00 00
[decoded_serial_node-3] [INFO] [1791537694.409997791] [bw_dr03_decoded_serial_node]: RECEIVED /cmd_vel: linear.x=0.1266666666666667, angular.z=0.0
[decoded_serial_node-3] [INFO] [1791537694.410403852] [bw_dr03_decoded_serial_node]: SEND MOTOR CMD: cd eb d7 09 74 46 46 53 53 0f 0f 00 00
[decoded_serial_node-3] [INFO] [1791537694.476766419] [bw_dr03_decoded_serial_node]: RECEIVED /cmd_vel: linear.x=0.10333333333333337, angular.z=0.0
[decoded_serial_node-3] [INFO] [1791537694.477149922] [bw_dr03_decoded_serial_node]: SEND MOTOR CMD: cd eb d7 09 74 46 46 53 53 0c 0c 00 00
[decoded_serial_node-3] [INFO] [1791537694.543464996] [bw_dr03_decoded_serial_node]: RECEIVED /cmd_vel: linear.x=0.08000000000000004, angular.z=0.0
[decoded_serial_node-3] [INFO] [1791537694.543791507] [bw_dr03_decoded_serial_node]: SEND MOTOR CMD: cd eb d7 09 74 46 46 53 53 09 09 00 00
[decoded_serial_node-3] [INFO] [1791537694.609859620] [bw_dr03_decoded_serial_node]: RECEIVED /cmd_vel: linear.x=0.05666666666666671, angular.z=0.0
[decoded_serial_node-3] [INFO] [1791537694.610260933] [bw_dr03_decoded_serial_node]: SEND MOTOR CMD: cd eb d7 09 74 46 46 53 53 06 06 00 00
[follow_planner-8] [INFO] [1791537694.675614282] [follow_planner_node]: [FOLLOW] chui khe hep — vao truc giua khe (lech 0.54m) — lui xoay de canh lai | d=1.49m goc=-19deg | v=0.035 w=0.000 | thoang=-
[decoded_serial_node-3] [INFO] [1791537694.676405033] [bw_dr03_decoded_serial_node]: RECEIVED /cmd_vel: linear.x=0.035, angular.z=0.0
[decoded_serial_node-3] [INFO] [1791537694.676817032] [bw_dr03_decoded_serial_node]: SEND MOTOR CMD: cd eb d7 09 74 46 46 53 53 05 05 00 00
[decoded_serial_node-3] [INFO] [1791537694.742774724] [bw_dr03_decoded_serial_node]: RECEIVED /cmd_vel: linear.x=0.035, angular.z=0.0
[decoded_serial_node-3] [INFO] [1791537694.743044244] [bw_dr03_decoded_serial_node]: SEND MOTOR CMD: cd eb d7 09 74 46 46 53 53 05 05 00 00
[decoded_serial_node-3] [INFO] [1791537694.810492017] [bw_dr03_decoded_serial_node]: RECEIVED /cmd_vel: linear.x=-0.035, angular.z=0.0
[decoded_serial_node-3] [INFO] [1791537694.811210342] [bw_dr03_decoded_serial_node]: SEND MOTOR CMD: cd eb d7 09 74 42 42 53 53 05 05 00 00
[target_tracker-7] [INFO] [1791537694.823208154] [target_tracker_node]: muc tieu: d=1.48m goc=-19.1deg nguon=camera+lidar conf=0.98 v=0.01m/s 
[decoded_serial_node-3] [INFO] [1791537694.876179002] [bw_dr03_decoded_serial_node]: RECEIVED /cmd_vel: linear.x=-0.03666666666666661, angular.z=0.0
[decoded_serial_node-3] [INFO] [1791537694.876501951] [bw_dr03_decoded_serial_node]: SEND MOTOR CMD: cd eb d7 09 74 42 42 53 53 05 05 00 00
[decoded_serial_node-3] [INFO] [1791537694.943143537] [bw_dr03_decoded_serial_node]: RECEIVED /cmd_vel: linear.x=-0.05999999999999994, angular.z=0.0
[decoded_serial_node-3] [INFO] [1791537694.944011464] [bw_dr03_decoded_serial_node]: SEND MOTOR CMD: cd eb d7 09 74 42 42 53 53 07 07 00 00
[decoded_serial_node-3] [INFO] [1791537695.025042113] [bw_dr03_decoded_serial_node]: RECEIVED /cmd_vel: linear.x=-0.03666666666666661, angular.z=0.0
[decoded_serial_node-3] [INFO] [1791537695.025401869] [bw_dr03_decoded_serial_node]: SEND MOTOR CMD: cd eb d7 09 74 42 42 53 53 05 05 00 00
[decoded_serial_node-3] [INFO] [1791537695.092272606] [bw_dr03_decoded_serial_node]: RECEIVED /cmd_vel: linear.x=-0.035, angular.z=0.0
[decoded_serial_node-3] [INFO] [1791537695.092620489] [bw_dr03_decoded_serial_node]: SEND MOTOR CMD: cd eb d7 09 74 42 42 53 53 05 05 00 00
[decoded_serial_node-3] [INFO] [1791537695.156772276] [bw_dr03_decoded_serial_node]: RECEIVED /cmd_vel: linear.x=0.035, angular.z=0.0
[decoded_serial_node-3] [INFO] [1791537695.157082165] [bw_dr03_decoded_serial_node]: SEND MOTOR CMD: cd eb d7 09 74 46 46 53 53 05 05 00 00
[decoded_serial_node-3] [INFO] [1791537695.223157401] [bw_dr03_decoded_serial_node]: RECEIVED /cmd_vel: linear.x=0.035, angular.z=0.0
[decoded_serial_node-3] [INFO] [1791537695.223476789] [bw_dr03_decoded_serial_node]: SEND MOTOR CMD: cd eb d7 09 74 46 46 53 53 05 05 00 00
[decoded_serial_node-3] [INFO] [1791537695.288223420] [bw_dr03_decoded_serial_node]: RECEIVED /cmd_vel: linear.x=0.05666666666666671, angular.z=0.0
[decoded_serial_node-3] [INFO] [1791537695.288510750] [bw_dr03_decoded_serial_node]: SEND MOTOR CMD: cd eb d7 09 74 46 46 53 53 06 06 00 00
[decoded_serial_node-3] [INFO] [1791537695.354124121] [bw_dr03_decoded_serial_node]: RECEIVED /cmd_vel: linear.x=0.08000000000000004, angular.z=0.0
[decoded_serial_node-3] [INFO] [1791537695.354495751] [bw_dr03_decoded_serial_node]: SEND MOTOR CMD: cd eb d7 09 74 46 46 53 53 09 09 00 00
[decoded_serial_node-3] [INFO] [1791537695.419698311] [bw_dr03_decoded_serial_node]: RECEIVED /cmd_vel: linear.x=0.10333333333333337, angular.z=0.125
[decoded_serial_node-3] [INFO] [1791537695.419960707] [bw_dr03_decoded_serial_node]: SEND MOTOR CMD: cd eb d7 09 74 46 46 53 53 0f 09 00 00
[decoded_serial_node-3] [INFO] [1791537695.475973453] [bw_dr03_decoded_serial_node]: RECEIVED /cmd_vel: linear.x=0.08000000000000004, angular.z=0.28500000000000003
[decoded_serial_node-3] [INFO] [1791537695.476254847] [bw_dr03_decoded_serial_node]: SEND MOTOR CMD: cd eb d7 09 74 46 46 53 53 10 05 00 00
[decoded_serial_node-3] [INFO] [1791537695.542603165] [bw_dr03_decoded_serial_node]: RECEIVED /cmd_vel: linear.x=0.05666666666666671, angular.z=0.3
[decoded_serial_node-3] [INFO] [1791537695.542829942] [bw_dr03_decoded_serial_node]: SEND MOTOR CMD: cd eb d7 09 74 46 53 53 53 0e 1e 00 00
[decoded_serial_node-3] [INFO] [1791537695.609158077] [bw_dr03_decoded_serial_node]: RECEIVED /cmd_vel: linear.x=0.035, angular.z=0.3
[decoded_serial_node-3] [INFO] [1791537695.609393165] [bw_dr03_decoded_serial_node]: SEND MOTOR CMD: cd eb d7 09 74 46 42 53 53 0b 05 00 00
[follow_planner-8] [INFO] [1791537695.675451779] [follow_planner_node]: [FOLLOW] chui khe hep — sat khung cua 6cm, xoay nhe ve phia rong | d=1.61m goc=-3deg | v=0.035 w=0.300 | thoang=-
[decoded_serial_node-3] [INFO] [1791537695.676248467] [bw_dr03_decoded_serial_node]: RECEIVED /cmd_vel: linear.x=0.035, angular.z=0.3
[decoded_serial_node-3] [INFO] [1791537695.676513238] [bw_dr03_decoded_serial_node]: SEND MOTOR CMD: cd eb d7 09 74 46 42 53 53 0b 05 00 00
[decoded_serial_node-3] [INFO] [1791537695.743129889] [bw_dr03_decoded_serial_node]: RECEIVED /cmd_vel: linear.x=0.0, angular.z=0.3
[decoded_serial_node-3] [INFO] [1791537695.743655870] [bw_dr03_decoded_serial_node]: SEND MOTOR CMD: cd eb d7 09 74 46 42 53 53 07 07 00 00
[decoded_serial_node-3] [INFO] [1791537695.810135980] [bw_dr03_decoded_serial_node]: RECEIVED /cmd_vel: linear.x=0.0, angular.z=0.3
[decoded_serial_node-3] [INFO] [1791537695.810835308] [bw_dr03_decoded_serial_node]: SEND MOTOR CMD: cd eb d7 09 74 46 42 53 53 07 07 00 00
[target_tracker-7] [INFO] [1791537695.872250335] [target_tracker_node]: muc tieu: d=1.71m goc=-2.4deg nguon=camera+lidar conf=0.96 v=0.77m/s 
[decoded_serial_node-3] [INFO] [1791537695.875211497] [bw_dr03_decoded_serial_node]: RECEIVED /cmd_vel: linear.x=0.0, angular.z=0.3
[decoded_serial_node-3] [INFO] [1791537695.875433525] [bw_dr03_decoded_serial_node]: SEND MOTOR CMD: cd eb d7 09 74 46 42 53 53 07 07 00 00
[decoded_serial_node-3] [INFO] [1791537695.942408746] [bw_dr03_decoded_serial_node]: RECEIVED /cmd_vel: linear.x=0.0, angular.z=0.3
[decoded_serial_node-3] [INFO] [1791537695.942653333] [bw_dr03_decoded_serial_node]: SEND MOTOR CMD: cd eb d7 09 74 46 42 53 53 07 07 00 00
[decoded_serial_node-3] [INFO] [1791537696.010118914] [bw_dr03_decoded_serial_node]: RECEIVED /cmd_vel: linear.x=0.0, angular.z=0.3
[decoded_serial_node-3] [INFO] [1791537696.010447800] [bw_dr03_decoded_serial_node]: SEND MOTOR CMD: cd eb d7 09 74 46 42 53 53 07 07 00 00
[decoded_serial_node-3] [INFO] [1791537696.075813022] [bw_dr03_decoded_serial_node]: RECEIVED /cmd_vel: linear.x=0.0, angular.z=0.3
[decoded_serial_node-3] [INFO] [1791537696.076217896] [bw_dr03_decoded_serial_node]: SEND MOTOR CMD: cd eb d7 09 74 46 42 53 53 07 07 00 00
[decoded_serial_node-3] [INFO] [1791537696.142802489] [bw_dr03_decoded_serial_node]: RECEIVED /cmd_vel: linear.x=0.0, angular.z=0.3
[decoded_serial_node-3] [INFO] [1791537696.143049451] [bw_dr03_decoded_serial_node]: SEND MOTOR CMD: cd eb d7 09 74 46 42 53 53 07 07 00 00
[decoded_serial_node-3] [INFO] [1791537696.209479693] [bw_dr03_decoded_serial_node]: RECEIVED /cmd_vel: linear.x=0.0, angular.z=0.3
[decoded_serial_node-3] [INFO] [1791537696.209800268] [bw_dr03_decoded_serial_node]: SEND MOTOR CMD: cd eb d7 09 74 46 42 53 53 07 07 00 00
[decoded_serial_node-3] [INFO] [1791537696.275955054] [bw_dr03_decoded_serial_node]: RECEIVED /cmd_vel: linear.x=0.0, angular.z=0.3
[decoded_serial_node-3] [INFO] [1791537696.276492908] [bw_dr03_decoded_serial_node]: SEND MOTOR CMD: cd eb d7 09 74 46 42 53 53 07 07 00 00
[decoded_serial_node-3] [INFO] [1791537696.343578548] [bw_dr03_decoded_serial_node]: RECEIVED /cmd_vel: linear.x=-0.035, angular.z=0.13999999999999999
[decoded_serial_node-3] [INFO] [1791537696.343888437] [bw_dr03_decoded_serial_node]: SEND MOTOR CMD: cd eb d7 09 74 53 42 53 53 1e 07 00 00
[decoded_serial_node-3] [INFO] [1791537696.410061032] [bw_dr03_decoded_serial_node]: RECEIVED /cmd_vel: linear.x=-0.04666666666666666, angular.z=0.0
[decoded_serial_node-3] [INFO] [1791537696.410370921] [bw_dr03_decoded_serial_node]: SEND MOTOR CMD: cd eb d7 09 74 42 42 53 53 05 05 00 00
[decoded_serial_node-3] [INFO] [1791537696.476694306] [bw_dr03_decoded_serial_node]: RECEIVED /cmd_vel: linear.x=-0.06, angular.z=0.0
[decoded_serial_node-3] [INFO] [1791537696.477144298] [bw_dr03_decoded_serial_node]: SEND MOTOR CMD: cd eb d7 09 74 42 42 53 53 07 07 00 00
[decoded_serial_node-3] [INFO] [1791537696.543124549] [bw_dr03_decoded_serial_node]: RECEIVED /cmd_vel: linear.x=-0.06, angular.z=0.0
[decoded_serial_node-3] [INFO] [1791537696.543880868] [bw_dr03_decoded_serial_node]: SEND MOTOR CMD: cd eb d7 09 74 42 42 53 53 07 07 00 00
[decoded_serial_node-3] [INFO] [1791537696.611169539] [bw_dr03_decoded_serial_node]: RECEIVED /cmd_vel: linear.x=-0.06, angular.z=0.0
[decoded_serial_node-3] [INFO] [1791537696.611728764] [bw_dr03_decoded_serial_node]: SEND MOTOR CMD: cd eb d7 09 74 42 42 53 53 07 07 00 00
[decoded_serial_node-3] [INFO] [1791537696.676895704] [bw_dr03_decoded_serial_node]: RECEIVED /cmd_vel: linear.x=-0.06, angular.z=0.0
[decoded_serial_node-3] [INFO] [1791537696.677408624] [bw_dr03_decoded_serial_node]: SEND MOTOR CMD: cd eb d7 09 74 42 42 53 53 07 07 00 00
[follow_planner-8] [INFO] [1791537696.742554192] [follow_planner_node]: [FOLLOW] chui khe hep — vao truc giua khe (lech 0.39m) — lui xoay de canh lai | d=1.87m goc=-12deg | v=-0.060 w=0.000 | thoang=-
[decoded_serial_node-3] [INFO] [1791537696.743282016] [bw_dr03_decoded_serial_node]: RECEIVED /cmd_vel: linear.x=-0.06, angular.z=0.0
[decoded_serial_node-3] [INFO] [1791537696.743665519] [bw_dr03_decoded_serial_node]: SEND MOTOR CMD: cd eb d7 09 74 42 42 53 53 07 07 00 00
[decoded_serial_node-3] [INFO] [1791537696.810746410] [bw_dr03_decoded_serial_node]: RECEIVED /cmd_vel: linear.x=-0.06, angular.z=0.0
[decoded_serial_node-3] [INFO] [1791537696.811222523] [bw_dr03_decoded_serial_node]: SEND MOTOR CMD: cd eb d7 09 74 42 42 53 53 07 07 00 00
[target_tracker-7] [INFO] [1791537696.872478449] [target_tracker_node]: muc tieu: d=1.90m goc=-12.7deg nguon=camera+lidar conf=0.98 v=0.19m/s 
[decoded_serial_node-3] [INFO] [1791537696.876768216] [bw_dr03_decoded_serial_node]: RECEIVED /cmd_vel: linear.x=-0.06, angular.z=0.0
[decoded_serial_node-3] [INFO] [1791537696.877240767] [bw_dr03_decoded_serial_node]: SEND MOTOR CMD: cd eb d7 09 74 42 42 53 53 07 07 00 00
[decoded_serial_node-3] [INFO] [1791537696.943988023] [bw_dr03_decoded_serial_node]: RECEIVED /cmd_vel: linear.x=-0.06, angular.z=0.0
[decoded_serial_node-3] [INFO] [1791537696.944394085] [bw_dr03_decoded_serial_node]: SEND MOTOR CMD: cd eb d7 09 74 42 42 53 53 07 07 00 00
[decoded_serial_node-3] [INFO] [1791537697.010876569] [bw_dr03_decoded_serial_node]: RECEIVED /cmd_vel: linear.x=-0.06, angular.z=0.0
[decoded_serial_node-3] [INFO] [1791537697.011301628] [bw_dr03_decoded_serial_node]: SEND MOTOR CMD: cd eb d7 09 74 42 42 53 53 07 07 00 00
[decoded_serial_node-3] [INFO] [1791537697.076557616] [bw_dr03_decoded_serial_node]: RECEIVED /cmd_vel: linear.x=-0.06, angular.z=0.0
[decoded_serial_node-3] [INFO] [1791537697.076837822] [bw_dr03_decoded_serial_node]: SEND MOTOR CMD: cd eb d7 09 74 42 42 53 53 07 07 00 00
[decoded_serial_node-3] [INFO] [1791537697.142717150] [bw_dr03_decoded_serial_node]: RECEIVED /cmd_vel: linear.x=-0.06, angular.z=0.0
[decoded_serial_node-3] [INFO] [1791537697.143087593] [bw_dr03_decoded_serial_node]: SEND MOTOR CMD: cd eb d7 09 74 42 42 53 53 07 07 00 00
[decoded_serial_node-3] [INFO] [1791537697.210762140] [bw_dr03_decoded_serial_node]: RECEIVED /cmd_vel: linear.x=-0.06, angular.z=0.0
[decoded_serial_node-3] [INFO] [1791537697.211010289] [bw_dr03_decoded_serial_node]: SEND MOTOR CMD: cd eb d7 09 74 42 42 53 53 07 07 00 00
[decoded_serial_node-3] [INFO] [1791537697.276121425] [bw_dr03_decoded_serial_node]: RECEIVED /cmd_vel: linear.x=-0.06, angular.z=0.0
[decoded_serial_node-3] [INFO] [1791537697.276423003] [bw_dr03_decoded_serial_node]: SEND MOTOR CMD: cd eb d7 09 74 42 42 53 53 07 07 00 00
[decoded_serial_node-3] [INFO] [1791537697.343182131] [bw_dr03_decoded_serial_node]: RECEIVED /cmd_vel: linear.x=-0.06, angular.z=0.0
[decoded_serial_node-3] [INFO] [1791537697.343420781] [bw_dr03_decoded_serial_node]: SEND MOTOR CMD: cd eb d7 09 74 42 42 53 53 07 07 00 00
[decoded_serial_node-3] [INFO] [1791537697.409284674] [bw_dr03_decoded_serial_node]: RECEIVED /cmd_vel: linear.x=-0.06, angular.z=0.0
[decoded_serial_node-3] [INFO] [1791537697.409524512] [bw_dr03_decoded_serial_node]: SEND MOTOR CMD: cd eb d7 09 74 42 42 53 53 07 07 00 00
[decoded_serial_node-3] [INFO] [1791537697.476736007] [bw_dr03_decoded_serial_node]: RECEIVED /cmd_vel: linear.x=-0.06, angular.z=0.0
[decoded_serial_node-3] [INFO] [1791537697.476987718] [bw_dr03_decoded_serial_node]: SEND MOTOR CMD: cd eb d7 09 74 42 42 53 53 07 07 00 00
[decoded_serial_node-3] [INFO] [1791537697.542608211] [bw_dr03_decoded_serial_node]: RECEIVED /cmd_vel: linear.x=-0.06, angular.z=0.0
[decoded_serial_node-3] [INFO] [1791537697.543255298] [bw_dr03_decoded_serial_node]: SEND MOTOR CMD: cd eb d7 09 74 42 42 53 53 07 07 00 00
[decoded_serial_node-3] [INFO] [1791537697.609165496] [bw_dr03_decoded_serial_node]: RECEIVED /cmd_vel: linear.x=-0.06, angular.z=0.0
[decoded_serial_node-3] [INFO] [1791537697.609766277] [bw_dr03_decoded_serial_node]: SEND MOTOR CMD: cd eb d7 09 74 42 42 53 53 07 07 00 00
[decoded_serial_node-3] [INFO] [1791537697.675858135] [bw_dr03_decoded_serial_node]: RECEIVED /cmd_vel: linear.x=-0.06, angular.z=0.0
[decoded_serial_node-3] [INFO] [1791537697.676230952] [bw_dr03_decoded_serial_node]: SEND MOTOR CMD: cd eb d7 09 74 42 42 53 53 07 07 00 00
[decoded_serial_node-3] [INFO] [1791537697.742858288] [bw_dr03_decoded_serial_node]: RECEIVED /cmd_vel: linear.x=-0.06, angular.z=0.0
[decoded_serial_node-3] [INFO] [1791537697.743208546] [bw_dr03_decoded_serial_node]: SEND MOTOR CMD: cd eb d7 09 74 42 42 53 53 07 07 00 00
[follow_planner-8] [INFO] [1791537697.809607918] [follow_planner_node]: [FOLLOW] chui khe hep — vao truc giua khe (lech 0.40m) — lui xoay de canh lai | d=2.04m goc=-15deg | v=-0.060 w=0.000 | thoang=-
[decoded_serial_node-3] [INFO] [1791537697.810117276] [bw_dr03_decoded_serial_node]: RECEIVED /cmd_vel: linear.x=-0.06, angular.z=0.0
[decoded_serial_node-3] [INFO] [1791537697.810382047] [bw_dr03_decoded_serial_node]: SEND MOTOR CMD: cd eb d7 09 74 42 42 53 53 07 07 00 00
[target_tracker-7] [INFO] [1791537697.872802728] [target_tracker_node]: muc tieu: d=2.04m goc=-15.0deg nguon=camera+lidar conf=0.98 v=0.08m/s 
[decoded_serial_node-3] [INFO] [1791537697.875494370] [bw_dr03_decoded_serial_node]: RECEIVED /cmd_vel: linear.x=-0.06, angular.z=0.0
[decoded_serial_node-3] [INFO] [1791537697.875968109] [bw_dr03_decoded_serial_node]: SEND MOTOR CMD: cd eb d7 09 74 42 42 53 53 07 07 00 00
[decoded_serial_node-3] [INFO] [1791537697.943298335] [bw_dr03_decoded_serial_node]: RECEIVED /cmd_vel: linear.x=-0.06, angular.z=0.0
[decoded_serial_node-3] [INFO] [1791537697.943551233] [bw_dr03_decoded_serial_node]: SEND MOTOR CMD: cd eb d7 09 74 42 42 53 53 07 07 00 00
[decoded_serial_node-3] [INFO] [1791537698.009721453] [bw_dr03_decoded_serial_node]: RECEIVED /cmd_vel: linear.x=-0.06, angular.z=0.0
[decoded_serial_node-3] [INFO] [1791537698.009988599] [bw_dr03_decoded_serial_node]: SEND MOTOR CMD: cd eb d7 09 74 42 42 53 53 07 07 00 00
[decoded_serial_node-3] [INFO] [1791537698.076560131] [bw_dr03_decoded_serial_node]: RECEIVED /cmd_vel: linear.x=-0.06, angular.z=0.0
[decoded_serial_node-3] [INFO] [1791537698.076984002] [bw_dr03_decoded_serial_node]: SEND MOTOR CMD: cd eb d7 09 74 42 42 53 53 07 07 00 00
[decoded_serial_node-3] [INFO] [1791537698.143895106] [bw_dr03_decoded_serial_node]: RECEIVED /cmd_vel: linear.x=-0.06, angular.z=0.0
[decoded_serial_node-3] [INFO] [1791537698.144305917] [bw_dr03_decoded_serial_node]: SEND MOTOR CMD: cd eb d7 09 74 42 42 53 53 07 07 00 00
[decoded_serial_node-3] [INFO] [1791537698.210749219] [bw_dr03_decoded_serial_node]: RECEIVED /cmd_vel: linear.x=-0.06, angular.z=0.0
[decoded_serial_node-3] [INFO] [1791537698.211505539] [bw_dr03_decoded_serial_node]: SEND MOTOR CMD: cd eb d7 09 74 42 42 53 53 07 07 00 00
[decoded_serial_node-3] [INFO] [1791537698.275890038] [bw_dr03_decoded_serial_node]: RECEIVED /cmd_vel: linear.x=-0.06, angular.z=0.0
[decoded_serial_node-3] [INFO] [1791537698.276176180] [bw_dr03_decoded_serial_node]: SEND MOTOR CMD: cd eb d7 09 74 42 42 53 53 07 07 00 00
[decoded_serial_node-3] [INFO] [1791537698.343285566] [bw_dr03_decoded_serial_node]: RECEIVED /cmd_vel: linear.x=-0.06, angular.z=0.0
[decoded_serial_node-3] [INFO] [1791537698.343978958] [bw_dr03_decoded_serial_node]: SEND MOTOR CMD: cd eb d7 09 74 42 42 53 53 07 07 00 00
[decoded_serial_node-3] [INFO] [1791537698.410288093] [bw_dr03_decoded_serial_node]: RECEIVED /cmd_vel: linear.x=-0.06, angular.z=0.0
[decoded_serial_node-3] [INFO] [1791537698.410573049] [bw_dr03_decoded_serial_node]: SEND MOTOR CMD: cd eb d7 09 74 42 42 53 53 07 07 00 00
[decoded_serial_node-3] [INFO] [1791537698.476029693] [bw_dr03_decoded_serial_node]: RECEIVED /cmd_vel: linear.x=-0.06, angular.z=0.0
[decoded_serial_node-3] [INFO] [1791537698.476473748] [bw_dr03_decoded_serial_node]: SEND MOTOR CMD: cd eb d7 09 74 42 42 53 53 07 07 00 00
[decoded_serial_node-3] [INFO] [1791537698.543317175] [bw_dr03_decoded_serial_node]: RECEIVED /cmd_vel: linear.x=-0.06, angular.z=0.0
[decoded_serial_node-3] [INFO] [1791537698.543991570] [bw_dr03_decoded_serial_node]: SEND MOTOR CMD: cd eb d7 09 74 42 42 53 53 07 07 00 00
[decoded_serial_node-3] [INFO] [1791537698.608873554] [bw_dr03_decoded_serial_node]: RECEIVED /cmd_vel: linear.x=-0.06, angular.z=0.0
[decoded_serial_node-3] [INFO] [1791537698.609135950] [bw_dr03_decoded_serial_node]: SEND MOTOR CMD: cd eb d7 09 74 42 42 53 53 07 07 00 00
[decoded_serial_node-3] [INFO] [1791537698.676087423] [bw_dr03_decoded_serial_node]: RECEIVED /cmd_vel: linear.x=-0.06, angular.z=0.0
[decoded_serial_node-3] [INFO] [1791537698.676695328] [bw_dr03_decoded_serial_node]: SEND MOTOR CMD: cd eb d7 09 74 42 42 53 53 07 07 00 00
[decoded_serial_node-3] [INFO] [1791537698.743697855] [bw_dr03_decoded_serial_node]: RECEIVED /cmd_vel: linear.x=-0.06, angular.z=0.0
[decoded_serial_node-3] [INFO] [1791537698.743941255] [bw_dr03_decoded_serial_node]: SEND MOTOR CMD: cd eb d7 09 74 42 42 53 53 07 07 00 00
[decoded_serial_node-3] [INFO] [1791537698.809792087] [bw_dr03_decoded_serial_node]: RECEIVED /cmd_vel: linear.x=-0.06, angular.z=0.0
[decoded_serial_node-3] [INFO] [1791537698.810044985] [bw_dr03_decoded_serial_node]: SEND MOTOR CMD: cd eb d7 09 74 42 42 53 53 07 07 00 00
[follow_planner-8] [INFO] [1791537698.876053730] [follow_planner_node]: [FOLLOW] chui khe hep — vao truc giua khe (lech 0.30m) — lui xoay de canh lai | d=2.08m goc=-14deg | v=-0.060 w=0.000 | thoang=-
[decoded_serial_node-3] [INFO] [1791537698.876227078] [bw_dr03_decoded_serial_node]: RECEIVED /cmd_vel: linear.x=-0.06, angular.z=0.0
[decoded_serial_node-3] [INFO] [1791537698.876564275] [bw_dr03_decoded_serial_node]: SEND MOTOR CMD: cd eb d7 09 74 42 42 53 53 07 07 00 00
[target_tracker-7] [INFO] [1791537698.922996580] [target_tracker_node]: muc tieu: d=2.08m goc=-13.9deg nguon=camera+lidar conf=1.00 v=0.04m/s 
[decoded_serial_node-3] [INFO] [1791537698.943119185] [bw_dr03_decoded_serial_node]: RECEIVED /cmd_vel: linear.x=-0.06, angular.z=0.0
[decoded_serial_node-3] [INFO] [1791537698.943842259] [bw_dr03_decoded_serial_node]: SEND MOTOR CMD: cd eb d7 09 74 42 42 53 53 07 07 00 00
[decoded_serial_node-3] [INFO] [1791537699.010165643] [bw_dr03_decoded_serial_node]: RECEIVED /cmd_vel: linear.x=-0.06, angular.z=0.0
[decoded_serial_node-3] [INFO] [1791537699.010400731] [bw_dr03_decoded_serial_node]: SEND MOTOR CMD: cd eb d7 09 74 42 42 53 53 07 07 00 00
[decoded_serial_node-3] [INFO] [1791537699.076144704] [bw_dr03_decoded_serial_node]: RECEIVED /cmd_vel: linear.x=-0.06, angular.z=0.0
[decoded_serial_node-3] [INFO] [1791537699.076378605] [bw_dr03_decoded_serial_node]: SEND MOTOR CMD: cd eb d7 09 74 42 42 53 53 07 07 00 00
[decoded_serial_node-3] [INFO] [1791537699.142959635] [bw_dr03_decoded_serial_node]: RECEIVED /cmd_vel: linear.x=-0.06, angular.z=0.0
[decoded_serial_node-3] [INFO] [1791537699.143188787] [bw_dr03_decoded_serial_node]: SEND MOTOR CMD: cd eb d7 09 74 42 42 53 53 07 07 00 00
[decoded_serial_node-3] [INFO] [1791537699.209405312] [bw_dr03_decoded_serial_node]: RECEIVED /cmd_vel: linear.x=-0.06, angular.z=0.0
[decoded_serial_node-3] [INFO] [1791537699.209785252] [bw_dr03_decoded_serial_node]: SEND MOTOR CMD: cd eb d7 09 74 42 42 53 53 07 07 00 00
[decoded_serial_node-3] [INFO] [1791537699.276534881] [bw_dr03_decoded_serial_node]: RECEIVED /cmd_vel: linear.x=-0.06, angular.z=0.0
[decoded_serial_node-3] [INFO] [1791537699.276812713] [bw_dr03_decoded_serial_node]: SEND MOTOR CMD: cd eb d7 09 74 42 42 53 53 07 07 00 00
[decoded_serial_node-3] [INFO] [1791537699.342872512] [bw_dr03_decoded_serial_node]: RECEIVED /cmd_vel: linear.x=-0.06, angular.z=0.0
[decoded_serial_node-3] [INFO] [1791537699.343404429] [bw_dr03_decoded_serial_node]: SEND MOTOR CMD: cd eb d7 09 74 42 42 53 53 07 07 00 00
[decoded_serial_node-3] [INFO] [1791537699.409813298] [bw_dr03_decoded_serial_node]: RECEIVED /cmd_vel: linear.x=-0.06, angular.z=0.0
[decoded_serial_node-3] [INFO] [1791537699.410113689] [bw_dr03_decoded_serial_node]: SEND MOTOR CMD: cd eb d7 09 74 42 42 53 53 07 07 00 00
[decoded_serial_node-3] [INFO] [1791537699.476061880] [bw_dr03_decoded_serial_node]: RECEIVED /cmd_vel: linear.x=-0.06, angular.z=0.0
[decoded_serial_node-3] [INFO] [1791537699.476361084] [bw_dr03_decoded_serial_node]: SEND MOTOR CMD: cd eb d7 09 74 42 42 53 53 07 07 00 00
[decoded_serial_node-3] [INFO] [1791537699.542603729] [bw_dr03_decoded_serial_node]: RECEIVED /cmd_vel: linear.x=-0.06, angular.z=0.0
[decoded_serial_node-3] [INFO] [1791537699.542835255] [bw_dr03_decoded_serial_node]: SEND MOTOR CMD: cd eb d7 09 74 42 42 53 53 07 07 00 00
[decoded_serial_node-3] [INFO] [1791537699.609844906] [bw_dr03_decoded_serial_node]: RECEIVED /cmd_vel: linear.x=-0.06, angular.z=0.0
[decoded_serial_node-3] [INFO] [1791537699.610226034] [bw_dr03_decoded_serial_node]: SEND MOTOR CMD: cd eb d7 09 74 42 42 53 53 07 07 00 00
[decoded_serial_node-3] [INFO] [1791537699.676437809] [bw_dr03_decoded_serial_node]: RECEIVED /cmd_vel: linear.x=-0.03666666666666667, angular.z=0.0
[decoded_serial_node-3] [INFO] [1791537699.676703768] [bw_dr03_decoded_serial_node]: SEND MOTOR CMD: cd eb d7 09 74 42 42 53 53 05 05 00 00
[decoded_serial_node-3] [INFO] [1791537699.742933353] [bw_dr03_decoded_serial_node]: RECEIVED /cmd_vel: linear.x=-0.035, angular.z=0.0
[decoded_serial_node-3] [INFO] [1791537699.743198124] [bw_dr03_decoded_serial_node]: SEND MOTOR CMD: cd eb d7 09 74 42 42 53 53 05 05 00 00
[decoded_serial_node-3] [INFO] [1791537699.809533380] [bw_dr03_decoded_serial_node]: RECEIVED /cmd_vel: linear.x=0.0, angular.z=0.0
[decoded_serial_node-3] [INFO] [1791537699.809872952] [bw_dr03_decoded_serial_node]: SEND MOTOR CMD: cd eb d7 09 74 53 53 53 53 1e 1e 00 00
[follow_planner-8] [INFO] [1791537699.875495819] [follow_planner_node]: [FOLLOW] chui khe hep — vao truc giua khe (lech 0.41m) — dung cho | d=2.14m goc=-13deg | v=0.000 w=0.000 | thoang=-
[decoded_serial_node-3] [INFO] [1791537699.875857950] [bw_dr03_decoded_serial_node]: RECEIVED /cmd_vel: linear.x=0.0, angular.z=0.0
[target_tracker-7] [INFO] [1791537699.923041825] [target_tracker_node]: muc tieu: d=2.14m goc=-12.8deg nguon=camera+lidar conf=1.00 v=0.07m/s 
[decoded_serial_node-3] [INFO] [1791537699.942288191] [bw_dr03_decoded_serial_node]: RECEIVED /cmd_vel: linear.x=0.0, angular.z=0.0
[decoded_serial_node-3] [INFO] [1791537700.010075533] [bw_dr03_decoded_serial_node]: RECEIVED /cmd_vel: linear.x=0.0, angular.z=0.0
[decoded_serial_node-3] [INFO] [1791537700.076867905] [bw_dr03_decoded_serial_node]: RECEIVED /cmd_vel: linear.x=0.0, angular.z=0.0
[decoded_serial_node-3] [INFO] [1791537700.144394036] [bw_dr03_decoded_serial_node]: RECEIVED /cmd_vel: linear.x=0.0, angular.z=0.0
[decoded_serial_node-3] [INFO] [1791537700.210654491] [bw_dr03_decoded_serial_node]: RECEIVED /cmd_vel: linear.x=0.0, angular.z=0.0
[decoded_serial_node-3] [INFO] [1791537700.276492262] [bw_dr03_decoded_serial_node]: RECEIVED /cmd_vel: linear.x=0.0, angular.z=0.0
[decoded_serial_node-3] [INFO] [1791537700.343232392] [bw_dr03_decoded_serial_node]: RECEIVED /cmd_vel: linear.x=0.035, angular.z=-0.16
[decoded_serial_node-3] [INFO] [1791537700.343542281] [bw_dr03_decoded_serial_node]: SEND MOTOR CMD: cd eb d7 09 74 53 46 53 53 1e 08 00 00
[decoded_serial_node-3] [INFO] [1791537700.409477411] [bw_dr03_decoded_serial_node]: RECEIVED /cmd_vel: linear.x=0.04666666666666666, angular.z=-0.32
[decoded_serial_node-3] [INFO] [1791537700.409826482] [bw_dr03_decoded_serial_node]: SEND MOTOR CMD: cd eb d7 09 74 42 46 53 53 05 0d 00 00
[decoded_serial_node-3] [INFO] [1791537700.476667533] [bw_dr03_decoded_serial_node]: RECEIVED /cmd_vel: linear.x=0.06999999999999999, angular.z=-0.48
[decoded_serial_node-3] [INFO] [1791537700.477187577] [bw_dr03_decoded_serial_node]: SEND MOTOR CMD: cd eb d7 09 74 42 46 53 53 05 14 00 00
[follow_planner-8] [INFO] [1791537700.515826350] [follow_planner_node]: self-filter: bo 14/203 tia dap vao than xe
[decoded_serial_node-3] [INFO] [1791537700.543247376] [bw_dr03_decoded_serial_node]: RECEIVED /cmd_vel: linear.x=0.09333333333333332, angular.z=-0.64
[decoded_serial_node-3] [INFO] [1791537700.543825598] [bw_dr03_decoded_serial_node]: SEND MOTOR CMD: cd eb d7 09 74 42 46 53 53 05 1b 00 00
[decoded_serial_node-3] [INFO] [1791537700.610000566] [bw_dr03_decoded_serial_node]: RECEIVED /cmd_vel: linear.x=0.11666666666666665, angular.z=-0.7333791299948792
[decoded_serial_node-3] [INFO] [1791537700.610354386] [bw_dr03_decoded_serial_node]: SEND MOTOR CMD: cd eb d7 09 74 42 46 53 53 05 20 00 00
[decoded_serial_node-3] [INFO] [1791537700.678017059] [bw_dr03_decoded_serial_node]: RECEIVED /cmd_vel: linear.x=0.13999999999999999, angular.z=-0.7100748049918904
[decoded_serial_node-3] [INFO] [1791537700.678393437] [bw_dr03_decoded_serial_node]: SEND MOTOR CMD: cd eb d7 09 74 53 46 53 53 1e 22 00 00
[decoded_serial_node-3] [INFO] [1791537700.743156689] [bw_dr03_decoded_serial_node]: RECEIVED /cmd_vel: linear.x=0.16333333333333333, angular.z=-0.5784012145117762
[decoded_serial_node-3] [INFO] [1791537700.743499823] [bw_dr03_decoded_serial_node]: SEND MOTOR CMD: cd eb d7 09 74 46 46 53 53 05 22 00 00
[decoded_serial_node-3] [INFO] [1791537700.810020299] [bw_dr03_decoded_serial_node]: RECEIVED /cmd_vel: linear.x=0.18666666666666665, angular.z=-0.5784012145117762
[decoded_serial_node-3] [INFO] [1791537700.810448920] [bw_dr03_decoded_serial_node]: SEND MOTOR CMD: cd eb d7 09 74 46 46 53 53 08 24 00 00
[decoded_serial_node-3] [INFO] [1791537700.875767834] [bw_dr03_decoded_serial_node]: RECEIVED /cmd_vel: linear.x=0.20999999999999996, angular.z=-0.4266698090087678
[decoded_serial_node-3] [INFO] [1791537700.876213077] [bw_dr03_decoded_serial_node]: SEND MOTOR CMD: cd eb d7 09 74 46 46 53 53 0f 24 00 00
[follow_planner-8] [INFO] [1791537700.942171954] [follow_planner_node]: [FOLLOW] chui khe hep — vao truc giua khe (lech 0.40m) | d=2.11m goc=-0deg | v=0.218 w=-0.291 | thoang=-
[decoded_serial_node-3] [INFO] [1791537700.942636194] [bw_dr03_decoded_serial_node]: RECEIVED /cmd_vel: linear.x=0.21768113897113062, angular.z=-0.2906385503209465
[decoded_serial_node-3] [INFO] [1791537700.943133679] [bw_dr03_decoded_serial_node]: SEND MOTOR CMD: cd eb d7 09 74 46 46 53 53 13 21 00 00
[target_tracker-7] [INFO] [1791537700.972520897] [target_tracker_node]: muc tieu: d=2.11m goc=-0.1deg nguon=camera+lidar conf=0.98 v=0.02m/s 
[decoded_serial_node-3] [INFO] [1791537701.009034377] [bw_dr03_decoded_serial_node]: RECEIVED /cmd_vel: linear.x=0.21768113897113062, angular.z=-0.2906385503209465
[decoded_serial_node-3] [INFO] [1791537701.009414318] [bw_dr03_decoded_serial_node]: SEND MOTOR CMD: cd eb d7 09 74 46 46 53 53 13 21 00 00
[decoded_serial_node-3] [INFO] [1791537701.076026217] [bw_dr03_decoded_serial_node]: RECEIVED /cmd_vel: linear.x=0.21932480177058092, angular.z=-0.15673299653501696
[decoded_serial_node-3] [INFO] [1791537701.076277928] [bw_dr03_decoded_serial_node]: SEND MOTOR CMD: cd eb d7 09 74 46 46 53 53 17 1e 00 00
[decoded_serial_node-3] [INFO] [1791537701.142411339] [bw_dr03_decoded_serial_node]: RECEIVED /cmd_vel: linear.x=0.21999473391907065, angular.z=0.0
[decoded_serial_node-3] [INFO] [1791537701.142659488] [bw_dr03_decoded_serial_node]: SEND MOTOR CMD: cd eb d7 09 74 46 46 53 53 1a 1a 00 00
[decoded_serial_node-3] [INFO] [1791537701.209204898] [bw_dr03_decoded_serial_node]: RECEIVED /cmd_vel: linear.x=0.21999473391907065, angular.z=0.0
[decoded_serial_node-3] [INFO] [1791537701.209485104] [bw_dr03_decoded_serial_node]: SEND MOTOR CMD: cd eb d7 09 74 46 46 53 53 1a 1a 00 00
[decoded_serial_node-3] [INFO] [1791537701.275946214] [bw_dr03_decoded_serial_node]: RECEIVED /cmd_vel: linear.x=0.21858734306034747, angular.z=0.16
[decoded_serial_node-3] [INFO] [1791537701.276285786] [bw_dr03_decoded_serial_node]: SEND MOTOR CMD: cd eb d7 09 74 46 46 53 53 1e 16 00 00
[decoded_serial_node-3] [INFO] [1791537701.342446506] [bw_dr03_decoded_serial_node]: RECEIVED /cmd_vel: linear.x=0.21823686714518473, angular.z=0.25337668180022266
[decoded_serial_node-3] [INFO] [1791537701.342806262] [bw_dr03_decoded_serial_node]: SEND MOTOR CMD: cd eb d7 09 74 46 46 53 53 20 14 00 00
[decoded_serial_node-3] [INFO] [1791537701.409096399] [bw_dr03_decoded_serial_node]: RECEIVED /cmd_vel: linear.x=0.21823686714518473, angular.z=0.25337668180022266
[decoded_serial_node-3] [INFO] [1791537701.409338612] [bw_dr03_decoded_serial_node]: SEND MOTOR CMD: cd eb d7 09 74 46 46 53 53 20 14 00 00
[decoded_serial_node-3] [INFO] [1791537701.476329264] [bw_dr03_decoded_serial_node]: RECEIVED /cmd_vel: linear.x=0.21731361943136185, angular.z=0.31286741850749317
[decoded_serial_node-3] [INFO] [1791537701.476716329] [bw_dr03_decoded_serial_node]: SEND MOTOR CMD: cd eb d7 09 74 46 46 53 53 22 12 00 00
[decoded_serial_node-3] [INFO] [1791537701.542617027] [bw_dr03_decoded_serial_node]: RECEIVED /cmd_vel: linear.x=0.21746136032639152, angular.z=0.30412539848917
[decoded_serial_node-3] [INFO] [1791537701.543157255] [bw_dr03_decoded_serial_node]: SEND MOTOR CMD: cd eb d7 09 74 46 46 53 53 22 13 00 00
[decoded_serial_node-3] [INFO] [1791537701.609114944] [bw_dr03_decoded_serial_node]: RECEIVED /cmd_vel: linear.x=0.21746136032639152, angular.z=0.30412539848917
[decoded_serial_node-3] [INFO] [1791537701.609522193] [bw_dr03_decoded_serial_node]: SEND MOTOR CMD: cd eb d7 09 74 46 46 53 53 22 13 00 00
[decoded_serial_node-3] [INFO] [1791537701.676967587] [bw_dr03_decoded_serial_node]: RECEIVED /cmd_vel: linear.x=0.21742112703351343, angular.z=0.30653056190267947
[decoded_serial_node-3] [INFO] [1791537701.677216923] [bw_dr03_decoded_serial_node]: SEND MOTOR CMD: cd eb d7 09 74 46 46 53 53 22 13 00 00
[decoded_serial_node-3] [INFO] [1791537701.745088563] [bw_dr03_decoded_serial_node]: RECEIVED /cmd_vel: linear.x=0.21873820521501716, angular.z=0.21430672914092452
[decoded_serial_node-3] [INFO] [1791537701.745424573] [bw_dr03_decoded_serial_node]: SEND MOTOR CMD: cd eb d7 09 74 46 46 53 53 20 15 00 00
[decoded_serial_node-3] [INFO] [1791537701.809968170] [bw_dr03_decoded_serial_node]: RECEIVED /cmd_vel: linear.x=0.21873820521501716, angular.z=0.21430672914092452
[decoded_serial_node-3] [INFO] [1791537701.810310117] [bw_dr03_decoded_serial_node]: SEND MOTOR CMD: cd eb d7 09 74 46 46 53 53 20 15 00 00
[decoded_serial_node-3] [INFO] [1791537701.875982850] [bw_dr03_decoded_serial_node]: RECEIVED /cmd_vel: linear.x=0.21903166968263624, angular.z=0.18771753475737804
[decoded_serial_node-3] [INFO] [1791537701.876299863] [bw_dr03_decoded_serial_node]: SEND MOTOR CMD: cd eb d7 09 74 46 46 53 53 1f 16 00 00
[decoded_serial_node-3] [INFO] [1791537701.943041180] [bw_dr03_decoded_serial_node]: RECEIVED /cmd_vel: linear.x=0.21924645682077498, angular.z=0.1655814817034627
[follow_planner-8] [INFO] [1791537701.943328510] [follow_planner_node]: [FOLLOW] chui khe hep — vao truc giua khe (lech 0.30m) | d=1.95m goc=11deg | v=0.219 w=0.166 | thoang=-
[decoded_serial_node-3] [INFO] [1791537701.943736946] [bw_dr03_decoded_serial_node]: SEND MOTOR CMD: cd eb d7 09 74 46 46 53 53 1e 16 00 00
[target_tracker-7] [INFO] [1791537701.973429304] [target_tracker_node]: muc tieu: d=1.95m goc=10.7deg nguon=camera+lidar conf=1.00 v=0.01m/s 
[decoded_serial_node-3] [INFO] [1791537702.010233676] [bw_dr03_decoded_serial_node]: RECEIVED /cmd_vel: linear.x=0.21924645682077498, angular.z=0.1655814817034627
[decoded_serial_node-3] [INFO] [1791537702.010655172] [bw_dr03_decoded_serial_node]: SEND MOTOR CMD: cd eb d7 09 74 46 46 53 53 1e 16 00 00
[decoded_serial_node-3] [INFO] [1791537702.076543997] [bw_dr03_decoded_serial_node]: RECEIVED /cmd_vel: linear.x=0.2195393504911765, angular.z=0.129447827985855
[decoded_serial_node-3] [INFO] [1791537702.076999926] [bw_dr03_decoded_serial_node]: SEND MOTOR CMD: cd eb d7 09 74 46 46 53 53 1e 17 00 00
[decoded_serial_node-3] [INFO] [1791537702.142975424] [bw_dr03_decoded_serial_node]: RECEIVED /cmd_vel: linear.x=0.21964550266853708, angular.z=0.1135529633245152
[decoded_serial_node-3] [INFO] [1791537702.143423041] [bw_dr03_decoded_serial_node]: SEND MOTOR CMD: cd eb d7 09 74 46 46 53 53 1d 18 00 00
[decoded_serial_node-3] [INFO] [1791537702.210355515] [bw_dr03_decoded_serial_node]: RECEIVED /cmd_vel: linear.x=0.21964550266853708, angular.z=0.1135529633245152
[decoded_serial_node-3] [INFO] [1791537702.210968169] [bw_dr03_decoded_serial_node]: SEND MOTOR CMD: cd eb d7 09 74 46 46 53 53 1d 18 00 00
[decoded_serial_node-3] [INFO] [1791537702.276125608] [bw_dr03_decoded_serial_node]: RECEIVED /cmd_vel: linear.x=0.21967963176781152, angular.z=0.10794712793244131
[decoded_serial_node-3] [INFO] [1791537702.276526920] [bw_dr03_decoded_serial_node]: SEND MOTOR CMD: cd eb d7 09 74 46 46 53 53 1d 18 00 00
[decoded_serial_node-3] [INFO] [1791537702.342593842] [bw_dr03_decoded_serial_node]: RECEIVED /cmd_vel: linear.x=0.2199980975885944, angular.z=0.0
[decoded_serial_node-3] [INFO] [1791537702.342914417] [bw_dr03_decoded_serial_node]: SEND MOTOR CMD: cd eb d7 09 74 46 46 53 53 1a 1a 00 00
[decoded_serial_node-3] [INFO] [1791537702.409971558] [bw_dr03_decoded_serial_node]: RECEIVED /cmd_vel: linear.x=0.2199980975885944, angular.z=0.0
[decoded_serial_node-3] [INFO] [1791537702.410274324] [bw_dr03_decoded_serial_node]: SEND MOTOR CMD: cd eb d7 09 74 46 46 53 53 1a 1a 00 00
[decoded_serial_node-3] [INFO] [1791537702.475856821] [bw_dr03_decoded_serial_node]: RECEIVED /cmd_vel: linear.x=0.219951568682374, angular.z=0.0
[decoded_serial_node-3] [INFO] [1791537702.476171459] [bw_dr03_decoded_serial_node]: SEND MOTOR CMD: cd eb d7 09 74 46 46 53 53 1a 1a 00 00
[decoded_serial_node-3] [INFO] [1791537702.542553019] [bw_dr03_decoded_serial_node]: RECEIVED /cmd_vel: linear.x=0.21998275884278623, angular.z=0.0
[decoded_serial_node-3] [INFO] [1791537702.542830851] [bw_dr03_decoded_serial_node]: SEND MOTOR CMD: cd eb d7 09 74 46 46 53 53 1a 1a 00 00
[decoded_serial_node-3] [INFO] [1791537702.608910833] [bw_dr03_decoded_serial_node]: RECEIVED /cmd_vel: linear.x=0.21998275884278623, angular.z=0.0
[decoded_serial_node-3] [INFO] [1791537702.609275338] [bw_dr03_decoded_serial_node]: SEND MOTOR CMD: cd eb d7 09 74 46 46 53 53 1a 1a 00 00
[decoded_serial_node-3] [INFO] [1791537702.676359788] [bw_dr03_decoded_serial_node]: RECEIVED /cmd_vel: linear.x=0.2199987956742141, angular.z=0.0
[decoded_serial_node-3] [INFO] [1791537702.676623372] [bw_dr03_decoded_serial_node]: SEND MOTOR CMD: cd eb d7 09 74 46 46 53 53 1a 1a 00 00
[decoded_serial_node-3] [INFO] [1791537702.742610743] [bw_dr03_decoded_serial_node]: RECEIVED /cmd_vel: linear.x=0.21999349325056958, angular.z=0.0
[decoded_serial_node-3] [INFO] [1791537702.742844644] [bw_dr03_decoded_serial_node]: SEND MOTOR CMD: cd eb d7 09 74 46 46 53 53 1a 1a 00 00
[decoded_serial_node-3] [INFO] [1791537702.809038608] [bw_dr03_decoded_serial_node]: RECEIVED /cmd_vel: linear.x=0.21999349325056958, angular.z=0.0
[decoded_serial_node-3] [INFO] [1791537702.809507598] [bw_dr03_decoded_serial_node]: SEND MOTOR CMD: cd eb d7 09 74 46 46 53 53 1a 1a 00 00
[decoded_serial_node-3] [INFO] [1791537702.875901031] [bw_dr03_decoded_serial_node]: RECEIVED /cmd_vel: linear.x=0.2199608746623628, angular.z=0.0
[decoded_serial_node-3] [INFO] [1791537702.876130182] [bw_dr03_decoded_serial_node]: SEND MOTOR CMD: cd eb d7 09 74 46 46 53 53 1a 1a 00 00
[python3-4] [INFO] [1791537702.893932774] [identity_lock_node]: camera: nhan 12.5 fps (phoi sang 30 ms, do sang 42), xu ly 12.5 Hz, TB 22 ms/khung, tre tu luc chup 61.7 ms, 1 nguoi, status TRACKING
[decoded_serial_node-3] [INFO] [1791537702.955351360] [bw_dr03_decoded_serial_node]: RECEIVED /cmd_vel: linear.x=0.22, angular.z=0.125
[decoded_serial_node-3] [INFO] [1791537702.955888026] [bw_dr03_decoded_serial_node]: SEND MOTOR CMD: cd eb d7 09 74 46 46 53 53 1d 17 00 00
[follow_planner-8] [INFO] [1791537703.021706799] [follow_planner_node]: [FOLLOW] bam nguoi | d=1.81m goc=4deg | v=0.220 w=0.125 | thoang=0.23m
[decoded_serial_node-3] [INFO] [1791537703.021983443] [bw_dr03_decoded_serial_node]: RECEIVED /cmd_vel: linear.x=0.22, angular.z=0.125
[decoded_serial_node-3] [INFO] [1791537703.022216156] [bw_dr03_decoded_serial_node]: SEND MOTOR CMD: cd eb d7 09 74 46 46 53 53 1d 17 00 00
[target_tracker-7] [INFO] [1791537703.022285021] [target_tracker_node]: muc tieu: d=1.79m goc=3.8deg nguon=camera+lidar conf=0.98 v=0.06m/s 
[decoded_serial_node-3] [INFO] [1791537703.087673985] [bw_dr03_decoded_serial_node]: RECEIVED /cmd_vel: linear.x=0.22, angular.z=0.125
[decoded_serial_node-3] [INFO] [1791537703.087915010] [bw_dr03_decoded_serial_node]: SEND MOTOR CMD: cd eb d7 09 74 46 46 53 53 1d 17 00 00
[decoded_serial_node-3] [INFO] [1791537703.154112536] [bw_dr03_decoded_serial_node]: RECEIVED /cmd_vel: linear.x=0.22, angular.z=0.125
[decoded_serial_node-3] [INFO] [1791537703.154690758] [bw_dr03_decoded_serial_node]: SEND MOTOR CMD: cd eb d7 09 74 46 46 53 53 1d 17 00 00
[decoded_serial_node-3] [INFO] [1791537703.221458194] [bw_dr03_decoded_serial_node]: RECEIVED /cmd_vel: linear.x=0.22, angular.z=0.125
[decoded_serial_node-3] [INFO] [1791537703.221705156] [bw_dr03_decoded_serial_node]: SEND MOTOR CMD: cd eb d7 09 74 46 46 53 53 1d 17 00 00
[decoded_serial_node-3] [INFO] [1791537703.287773264] [bw_dr03_decoded_serial_node]: RECEIVED /cmd_vel: linear.x=0.22, angular.z=0.25
[decoded_serial_node-3] [INFO] [1791537703.288005978] [bw_dr03_decoded_serial_node]: SEND MOTOR CMD: cd eb d7 09 74 46 46 53 53 21 14 00 00
[decoded_serial_node-3] [INFO] [1791537703.354829218] [bw_dr03_decoded_serial_node]: RECEIVED /cmd_vel: linear.x=0.22, angular.z=0.1
[decoded_serial_node-3] [INFO] [1791537703.355382506] [bw_dr03_decoded_serial_node]: SEND MOTOR CMD: cd eb d7 09 74 46 46 53 53 1d 18 00 00
[decoded_serial_node-3] [INFO] [1791537703.421400748] [bw_dr03_decoded_serial_node]: RECEIVED /cmd_vel: linear.x=0.22, angular.z=-0.1
[decoded_serial_node-3] [INFO] [1791537703.421704700] [bw_dr03_decoded_serial_node]: SEND MOTOR CMD: cd eb d7 09 74 46 46 53 53 18 1d 00 00
[decoded_serial_node-3] [INFO] [1791537703.489514599] [bw_dr03_decoded_serial_node]: RECEIVED /cmd_vel: linear.x=0.22, angular.z=0.1
[decoded_serial_node-3] [INFO] [1791537703.490028706] [bw_dr03_decoded_serial_node]: SEND MOTOR CMD: cd eb d7 09 74 46 46 53 53 1d 18 00 00
[decoded_serial_node-3] [INFO] [1791537703.556810390] [bw_dr03_decoded_serial_node]: RECEIVED /cmd_vel: linear.x=0.22, angular.z=0.125
[decoded_serial_node-3] [INFO] [1791537703.557064475] [bw_dr03_decoded_serial_node]: SEND MOTOR CMD: cd eb d7 09 74 46 46 53 53 1d 17 00 00
[decoded_serial_node-3] [INFO] [1791537703.624270031] [bw_dr03_decoded_serial_node]: RECEIVED /cmd_vel: linear.x=0.22, angular.z=0.125
[decoded_serial_node-3] [INFO] [1791537703.624549050] [bw_dr03_decoded_serial_node]: SEND MOTOR CMD: cd eb d7 09 74 46 46 53 53 1d 17 00 00
[decoded_serial_node-3] [INFO] [1791537703.690186163] [bw_dr03_decoded_serial_node]: RECEIVED /cmd_vel: linear.x=0.22, angular.z=0.125
[decoded_serial_node-3] [INFO] [1791537703.690512674] [bw_dr03_decoded_serial_node]: SEND MOTOR CMD: cd eb d7 09 74 46 46 53 53 1d 17 00 00
[decoded_serial_node-3] [INFO] [1791537703.757510450] [bw_dr03_decoded_serial_node]: RECEIVED /cmd_vel: linear.x=0.22, angular.z=0.125
[decoded_serial_node-3] [INFO] [1791537703.757808466] [bw_dr03_decoded_serial_node]: SEND MOTOR CMD: cd eb d7 09 74 46 46 53 53 1d 17 00 00
[decoded_serial_node-3] [INFO] [1791537703.824713631] [bw_dr03_decoded_serial_node]: RECEIVED /cmd_vel: linear.x=0.22, angular.z=0.125
[decoded_serial_node-3] [INFO] [1791537703.825008085] [bw_dr03_decoded_serial_node]: SEND MOTOR CMD: cd eb d7 09 74 46 46 53 53 1d 17 00 00
[decoded_serial_node-3] [INFO] [1791537703.890849416] [bw_dr03_decoded_serial_node]: RECEIVED /cmd_vel: linear.x=0.22, angular.z=0.125
[decoded_serial_node-3] [INFO] [1791537703.891154556] [bw_dr03_decoded_serial_node]: SEND MOTOR CMD: cd eb d7 09 74 46 46 53 53 1d 17 00 00
[decoded_serial_node-3] [INFO] [1791537703.958832663] [bw_dr03_decoded_serial_node]: RECEIVED /cmd_vel: linear.x=0.22, angular.z=0.125
[decoded_serial_node-3] [INFO] [1791537703.959306401] [bw_dr03_decoded_serial_node]: SEND MOTOR CMD: cd eb d7 09 74 46 46 53 53 1d 17 00 00
[follow_planner-8] [INFO] [1791537704.023751450] [follow_planner_node]: [FOLLOW] bam nguoi | d=1.85m goc=0deg | v=0.220 w=0.125 | thoang=0.24m
[decoded_serial_node-3] [INFO] [1791537704.023890366] [bw_dr03_decoded_serial_node]: RECEIVED /cmd_vel: linear.x=0.22, angular.z=0.125
[decoded_serial_node-3] [INFO] [1791537704.024161074] [bw_dr03_decoded_serial_node]: SEND MOTOR CMD: cd eb d7 09 74 46 46 53 53 1d 17 00 00
[target_tracker-7] [INFO] [1791537704.073408499] [target_tracker_node]: muc tieu: d=1.80m goc=-1.0deg nguon=camera+bbox conf=0.80 v=0.21m/s 
[decoded_serial_node-3] [INFO] [1791537704.075897110] [bw_dr03_decoded_serial_node]: RECEIVED /cmd_vel: linear.x=0.20336698257561459, angular.z=0.28500000000000003
[decoded_serial_node-3] [INFO] [1791537704.076155945] [bw_dr03_decoded_serial_node]: SEND MOTOR CMD: cd eb d7 09 74 46 46 53 53 1f 11 00 00
[decoded_serial_node-3] [INFO] [1791537704.142398588] [bw_dr03_decoded_serial_node]: RECEIVED /cmd_vel: linear.x=0.20336698257561459, angular.z=0.44500000000000006
[decoded_serial_node-3] [INFO] [1791537704.142676419] [bw_dr03_decoded_serial_node]: SEND MOTOR CMD: cd eb d7 09 74 46 46 53 53 23 0e 00 00
[decoded_serial_node-3] [INFO] [1791537704.208451260] [bw_dr03_decoded_serial_node]: RECEIVED /cmd_vel: linear.x=0.21883068505143885, angular.z=0.28500000000000003
[decoded_serial_node-3] [INFO] [1791537704.208852573] [bw_dr03_decoded_serial_node]: SEND MOTOR CMD: cd eb d7 09 74 46 46 53 53 21 13 00 00
[decoded_serial_node-3] [INFO] [1791537704.275738740] [bw_dr03_decoded_serial_node]: RECEIVED /cmd_vel: linear.x=0.2194562405927063, angular.z=0.12500000000000003
[decoded_serial_node-3] [INFO] [1791537704.276169735] [bw_dr03_decoded_serial_node]: SEND MOTOR CMD: cd eb d7 09 74 46 46 53 53 1d 17 00 00
[decoded_serial_node-3] [INFO] [1791537704.343063027] [bw_dr03_decoded_serial_node]: RECEIVED /cmd_vel: linear.x=0.2194562405927063, angular.z=-0.1
[decoded_serial_node-3] [INFO] [1791537704.343384789] [bw_dr03_decoded_serial_node]: SEND MOTOR CMD: cd eb d7 09 74 46 46 53 53 18 1d 00 00
[decoded_serial_node-3] [INFO] [1791537704.409254615] [bw_dr03_decoded_serial_node]: RECEIVED /cmd_vel: linear.x=0.21819917057362484, angular.z=-0.19499999999999998
[decoded_serial_node-3] [INFO] [1791537704.409621495] [bw_dr03_decoded_serial_node]: SEND MOTOR CMD: cd eb d7 09 74 46 46 53 53 15 1f 00 00
[decoded_serial_node-3] [INFO] [1791537704.482008490] [bw_dr03_decoded_serial_node]: RECEIVED /cmd_vel: linear.x=0.21866167025965697, angular.z=-0.22071691947149952
[decoded_serial_node-3] [INFO] [1791537704.482361123] [bw_dr03_decoded_serial_node]: SEND MOTOR CMD: cd eb d7 09 74 46 46 53 53 15 20 00 00
[decoded_serial_node-3] [INFO] [1791537704.542404797] [bw_dr03_decoded_serial_node]: RECEIVED /cmd_vel: linear.x=0.21866167025965697, angular.z=-0.22071691947149952
[decoded_serial_node-3] [INFO] [1791537704.542728934] [bw_dr03_decoded_serial_node]: SEND MOTOR CMD: cd eb d7 09 74 46 46 53 53 15 20 00 00
[decoded_serial_node-3] [INFO] [1791537704.609717211] [bw_dr03_decoded_serial_node]: RECEIVED /cmd_vel: linear.x=0.21701519166439462, angular.z=-0.3298254174496667
[decoded_serial_node-3] [INFO] [1791537704.610137520] [bw_dr03_decoded_serial_node]: SEND MOTOR CMD: cd eb d7 09 74 46 46 53 53 12 22 00 00
[decoded_serial_node-3] [INFO] [1791537704.675663025] [bw_dr03_decoded_serial_node]: RECEIVED /cmd_vel: linear.x=0.21771590373059083, angular.z=-0.288447858455573
[decoded_serial_node-3] [INFO] [1791537704.675939669] [bw_dr03_decoded_serial_node]: SEND MOTOR CMD: cd eb d7 09 74 46 46 53 53 13 21 00 00
[decoded_serial_node-3] [INFO] [1791537704.749375063] [bw_dr03_decoded_serial_node]: RECEIVED /cmd_vel: linear.x=0.21771590373059083, angular.z=-0.288447858455573
[decoded_serial_node-3] [INFO] [1791537704.749755003] [bw_dr03_decoded_serial_node]: SEND MOTOR CMD: cd eb d7 09 74 46 46 53 53 13 21 00 00
[decoded_serial_node-3] [INFO] [1791537704.811050108] [bw_dr03_decoded_serial_node]: RECEIVED /cmd_vel: linear.x=0.21998224733676022, angular.z=-0.12844785845557302
[decoded_serial_node-3] [INFO] [1791537704.811483477] [bw_dr03_decoded_serial_node]: SEND MOTOR CMD: cd eb d7 09 74 46 46 53 53 17 1e 00 00
[decoded_serial_node-3] [INFO] [1791537704.877289189] [bw_dr03_decoded_serial_node]: RECEIVED /cmd_vel: linear.x=0.20488685910620524, angular.z=-0.23088708187379742
[decoded_serial_node-3] [INFO] [1791537704.877595516] [bw_dr03_decoded_serial_node]: SEND MOTOR CMD: cd eb d7 09 74 46 46 53 53 13 1e 00 00
[decoded_serial_node-3] [INFO] [1791537704.956139923] [bw_dr03_decoded_serial_node]: RECEIVED /cmd_vel: linear.x=0.20488685910620524, angular.z=-0.23088708187379742
[decoded_serial_node-3] [INFO] [1791537704.956450999] [bw_dr03_decoded_serial_node]: SEND MOTOR CMD: cd eb d7 09 74 46 46 53 53 13 1e 00 00
[decoded_serial_node-3] [INFO] [1791537705.011066273] [bw_dr03_decoded_serial_node]: RECEIVED /cmd_vel: linear.x=0.18665614772002145, angular.z=-0.16981280468267204
[decoded_serial_node-3] [INFO] [1791537705.011385660] [bw_dr03_decoded_serial_node]: SEND MOTOR CMD: cd eb d7 09 74 46 46 53 53 12 1a 00 00
[follow_planner-8] [INFO] [1791537705.076900479] [follow_planner_node]: [AVOID] chui khe hep — vao truc giua khe (lech 0.06m) | d=1.90m goc=20deg | v=0.166 w=-0.100 | thoang=-
[decoded_serial_node-3] [INFO] [1791537705.077018023] [bw_dr03_decoded_serial_node]: RECEIVED /cmd_vel: linear.x=0.1664671579546095, angular.z=-0.1
[decoded_serial_node-3] [INFO] [1791537705.077319601] [bw_dr03_decoded_serial_node]: SEND MOTOR CMD: cd eb d7 09 74 46 46 53 53 11 16 00 00
[target_tracker-7] [INFO] [1791537705.123337531] [target_tracker_node]: muc tieu: d=1.92m goc=20.9deg nguon=camera+lidar conf=0.98 v=0.54m/s 
[decoded_serial_node-3] [INFO] [1791537705.151131373] [bw_dr03_decoded_serial_node]: RECEIVED /cmd_vel: linear.x=0.1664671579546095, angular.z=-0.1
[decoded_serial_node-3] [INFO] [1791537705.151440075] [bw_dr03_decoded_serial_node]: SEND MOTOR CMD: cd eb d7 09 74 46 46 53 53 11 16 00 00
[decoded_serial_node-3] [INFO] [1791537705.210690623] [bw_dr03_decoded_serial_node]: RECEIVED /cmd_vel: linear.x=0.14313382462127616, angular.z=0.1
[decoded_serial_node-3] [INFO] [1791537705.211014760] [bw_dr03_decoded_serial_node]: SEND MOTOR CMD: cd eb d7 09 74 46 46 53 53 13 0f 00 00
[decoded_serial_node-3] [INFO] [1791537705.277941295] [bw_dr03_decoded_serial_node]: RECEIVED /cmd_vel: linear.x=0.11980049128794283, angular.z=0.22652077339357624
[decoded_serial_node-3] [INFO] [1791537705.278377040] [bw_dr03_decoded_serial_node]: SEND MOTOR CMD: cd eb d7 09 74 46 46 53 53 14 09 00 00
[decoded_serial_node-3] [INFO] [1791537705.345897233] [bw_dr03_decoded_serial_node]: RECEIVED /cmd_vel: linear.x=0.11742240193974822, angular.z=0.38652077339357627
[decoded_serial_node-3] [INFO] [1791537705.346473080] [bw_dr03_decoded_serial_node]: SEND MOTOR CMD: cd eb d7 09 74 46 46 53 53 17 05 00 00
[decoded_serial_node-3] [INFO] [1791537705.416401146] [bw_dr03_decoded_serial_node]: RECEIVED /cmd_vel: linear.x=0.09408906860641489, angular.z=0.43502502928848696
[decoded_serial_node-3] [INFO] [1791537705.416865386] [bw_dr03_decoded_serial_node]: SEND MOTOR CMD: cd eb d7 09 74 46 53 53 53 16 1e 00 00
[decoded_serial_node-3] [INFO] [1791537705.476517247] [bw_dr03_decoded_serial_node]: RECEIVED /cmd_vel: linear.x=0.07075573527308156, angular.z=0.4316075248790627
[decoded_serial_node-3] [INFO] [1791537705.476797453] [bw_dr03_decoded_serial_node]: SEND MOTOR CMD: cd eb d7 09 74 46 42 53 53 13 05 00 00
[decoded_serial_node-3] [INFO] [1791537705.544360389] [bw_dr03_decoded_serial_node]: RECEIVED /cmd_vel: linear.x=0.04742240193974823, angular.z=0.4316075248790627
[decoded_serial_node-3] [INFO] [1791537705.544637034] [bw_dr03_decoded_serial_node]: SEND MOTOR CMD: cd eb d7 09 74 46 42 53 53 10 05 00 00
[decoded_serial_node-3] [INFO] [1791537705.610410687] [bw_dr03_decoded_serial_node]: RECEIVED /cmd_vel: linear.x=0.07075573527308156, angular.z=0.39015461913803756
[decoded_serial_node-3] [INFO] [1791537705.610677833] [bw_dr03_decoded_serial_node]: SEND MOTOR CMD: cd eb d7 09 74 46 53 53 53 12 1e 00 00
[decoded_serial_node-3] [INFO] [1791537705.681578309] [bw_dr03_decoded_serial_node]: RECEIVED /cmd_vel: linear.x=0.09408906860641489, angular.z=0.3571083834996302
[decoded_serial_node-3] [INFO] [1791537705.682208773] [bw_dr03_decoded_serial_node]: SEND MOTOR CMD: cd eb d7 09 74 46 46 53 53 14 05 00 00
[decoded_serial_node-3] [INFO] [1791537705.743572741] [bw_dr03_decoded_serial_node]: RECEIVED /cmd_vel: linear.x=0.11742240193974822, angular.z=0.3571083834996302
[decoded_serial_node-3] [INFO] [1791537705.744264946] [bw_dr03_decoded_serial_node]: SEND MOTOR CMD: cd eb d7 09 74 46 46 53 53 17 05 00 00
[decoded_serial_node-3] [INFO] [1791537705.811246098] [bw_dr03_decoded_serial_node]: RECEIVED /cmd_vel: linear.x=0.11868935517830953, angular.z=0.2958645652116583
[decoded_serial_node-3] [INFO] [1791537705.811608229] [bw_dr03_decoded_serial_node]: SEND MOTOR CMD: cd eb d7 09 74 46 46 53 53 15 07 00 00
[decoded_serial_node-3] [INFO] [1791537705.876731234] [bw_dr03_decoded_serial_node]: RECEIVED /cmd_vel: linear.x=0.11917857056072216, angular.z=0.2341464358602605
[decoded_serial_node-3] [INFO] [1791537705.876994817] [bw_dr03_decoded_serial_node]: SEND MOTOR CMD: cd eb d7 09 74 46 46 53 53 14 08 00 00
[decoded_serial_node-3] [INFO] [1791537705.950030086] [bw_dr03_decoded_serial_node]: RECEIVED /cmd_vel: linear.x=0.11917857056072216, angular.z=0.2341464358602605
[decoded_serial_node-3] [INFO] [1791537705.950262799] [bw_dr03_decoded_serial_node]: SEND MOTOR CMD: cd eb d7 09 74 46 46 53 53 14 08 00 00
[decoded_serial_node-3] [INFO] [1791537706.011448670] [bw_dr03_decoded_serial_node]: RECEIVED /cmd_vel: linear.x=0.11969875967114305, angular.z=0.14174306544833884
[decoded_serial_node-3] [INFO] [1791537706.011840484] [bw_dr03_decoded_serial_node]: SEND MOTOR CMD: cd eb d7 09 74 46 46 53 53 12 0b 00 00
[follow_planner-8] [INFO] [1791537706.076787766] [follow_planner_node]: [AVOID] chui khe hep — qua khe theo truc (lech 3 do) | d=2.16m goc=20deg | v=0.120 w=0.100 | thoang=-
[decoded_serial_node-3] [INFO] [1791537706.077290000] [bw_dr03_decoded_serial_node]: RECEIVED /cmd_vel: linear.x=0.1199120178967965, angular.z=0.1
[decoded_serial_node-3] [INFO] [1791537706.077564269] [bw_dr03_decoded_serial_node]: SEND MOTOR CMD: cd eb d7 09 74 46 46 53 53 11 0c 00 00
[target_tracker-7] [INFO] [1791537706.122423380] [target_tracker_node]: muc tieu: d=2.19m goc=19.8deg nguon=camera+lidar conf=0.98 v=0.66m/s 
[decoded_serial_node-3] [INFO] [1791537706.152110988] [bw_dr03_decoded_serial_node]: RECEIVED /cmd_vel: linear.x=0.1199120178967965, angular.z=0.1
[decoded_serial_node-3] [INFO] [1791537706.152376946] [bw_dr03_decoded_serial_node]: SEND MOTOR CMD: cd eb d7 09 74 46 46 53 53 11 0c 00 00
[decoded_serial_node-3] [INFO] [1791537706.210633712] [bw_dr03_decoded_serial_node]: RECEIVED /cmd_vel: linear.x=0.11996839530949259, angular.z=0.1
[decoded_serial_node-3] [INFO] [1791537706.210910356] [bw_dr03_decoded_serial_node]: SEND MOTOR CMD: cd eb d7 09 74 46 46 53 53 11 0c 00 00
[decoded_serial_node-3] [INFO] [1791537706.276776620] [bw_dr03_decoded_serial_node]: RECEIVED /cmd_vel: linear.x=0.11999999989960088, angular.z=0.0
[decoded_serial_node-3] [INFO] [1791537706.277059201] [bw_dr03_decoded_serial_node]: SEND MOTOR CMD: cd eb d7 09 74 46 46 53 53 0e 0e 00 00
[decoded_serial_node-3] [INFO] [1791537706.353194546] [bw_dr03_decoded_serial_node]: RECEIVED /cmd_vel: linear.x=0.11999999989960088, angular.z=0.0
[decoded_serial_node-3] [INFO] [1791537706.353816699] [bw_dr03_decoded_serial_node]: SEND MOTOR CMD: cd eb d7 09 74 46 46 53 53 0e 0e 00 00
[decoded_serial_node-3] [INFO] [1791537706.411429940] [bw_dr03_decoded_serial_node]: RECEIVED /cmd_vel: linear.x=0.11999881370770589, angular.z=0.0
[decoded_serial_node-3] [INFO] [1791537706.411737454] [bw_dr03_decoded_serial_node]: SEND MOTOR CMD: cd eb d7 09 74 46 46 53 53 0e 0e 00 00
[decoded_serial_node-3] [INFO] [1791537706.477824558] [bw_dr03_decoded_serial_node]: RECEIVED /cmd_vel: linear.x=0.11999879674689777, angular.z=0.0
[decoded_serial_node-3] [INFO] [1791537706.478158194] [bw_dr03_decoded_serial_node]: SEND MOTOR CMD: cd eb d7 09 74 46 46 53 53 0e 0e 00 00
[decoded_serial_node-3] [INFO] [1791537706.561445921] [bw_dr03_decoded_serial_node]: RECEIVED /cmd_vel: linear.x=0.11999879674689777, angular.z=0.0
[decoded_serial_node-3] [INFO] [1791537706.561784305] [bw_dr03_decoded_serial_node]: SEND MOTOR CMD: cd eb d7 09 74 46 46 53 53 0e 0e 00 00
[decoded_serial_node-3] [INFO] [1791537706.612192923] [bw_dr03_decoded_serial_node]: RECEIVED /cmd_vel: linear.x=0.09666546341356444, angular.z=-0.16
[decoded_serial_node-3] [INFO] [1791537706.612525371] [bw_dr03_decoded_serial_node]: SEND MOTOR CMD: cd eb d7 09 74 46 46 53 53 07 0f 00 00
[decoded_serial_node-3] [INFO] [1791537706.677441783] [bw_dr03_decoded_serial_node]: RECEIVED /cmd_vel: linear.x=0.1199977627896719, angular.z=0.0
[decoded_serial_node-3] [INFO] [1791537706.677802727] [bw_dr03_decoded_serial_node]: SEND MOTOR CMD: cd eb d7 09 74 46 46 53 53 0e 0e 00 00
[decoded_serial_node-3] [INFO] [1791537706.756785252] [bw_dr03_decoded_serial_node]: RECEIVED /cmd_vel: linear.x=0.1199977627896719, angular.z=0.0
[decoded_serial_node-3] [INFO] [1791537706.757086830] [bw_dr03_decoded_serial_node]: SEND MOTOR CMD: cd eb d7 09 74 46 46 53 53 0e 0e 00 00
[decoded_serial_node-3] [INFO] [1791537706.811002774] [bw_dr03_decoded_serial_node]: RECEIVED /cmd_vel: linear.x=0.09666442945633857, angular.z=-0.16
[decoded_serial_node-3] [INFO] [1791537706.811453954] [bw_dr03_decoded_serial_node]: SEND MOTOR CMD: cd eb d7 09 74 46 46 53 53 07 0f 00 00
[decoded_serial_node-3] [INFO] [1791537706.877201486] [bw_dr03_decoded_serial_node]: RECEIVED /cmd_vel: linear.x=0.07333109612300524, angular.z=-0.32
[decoded_serial_node-3] [INFO] [1791537706.877640792] [bw_dr03_decoded_serial_node]: SEND MOTOR CMD: cd eb d7 09 74 53 46 53 53 1e 10 00 00
[decoded_serial_node-3] [INFO] [1791537706.944771545] [bw_dr03_decoded_serial_node]: RECEIVED /cmd_vel: linear.x=0.04999776278967191, angular.z=-0.48
[decoded_serial_node-3] [INFO] [1791537706.945174045] [bw_dr03_decoded_serial_node]: SEND MOTOR CMD: cd eb d7 09 74 42 46 53 53 05 11 00 00
[decoded_serial_node-3] [INFO] [1791537707.022242619] [bw_dr03_decoded_serial_node]: RECEIVED /cmd_vel: linear.x=0.035, angular.z=-0.64
[decoded_serial_node-3] [INFO] [1791537707.022741291] [bw_dr03_decoded_serial_node]: SEND MOTOR CMD: cd eb d7 09 74 42 46 53 53 0b 13 00 00
[decoded_serial_node-3] [INFO] [1791537707.077883731] [bw_dr03_decoded_serial_node]: RECEIVED /cmd_vel: linear.x=0.035, angular.z=-0.8
[decoded_serial_node-3] [INFO] [1791537707.078192432] [bw_dr03_decoded_serial_node]: SEND MOTOR CMD: cd eb d7 09 74 42 46 53 53 0f 17 00 00
[target_tracker-7] [INFO] [1791537707.123376867] [target_tracker_node]: muc tieu: d=2.38m goc=18.2deg nguon=camera+lidar conf=1.00 v=0.42m/s 
[follow_planner-8] [INFO] [1791537707.144080067] [follow_planner_node]: [AVOID] chui khe hep — qua khe theo truc (lech -0 do) | d=2.38m goc=18deg | v=0.035 w=-0.640 | thoang=-
[decoded_serial_node-3] [INFO] [1791537707.144779395] [bw_dr03_decoded_serial_node]: RECEIVED /cmd_vel: linear.x=0.035, angular.z=-0.64
[decoded_serial_node-3] [INFO] [1791537707.145441917] [bw_dr03_decoded_serial_node]: SEND MOTOR CMD: cd eb d7 09 74 42 46 53 53 0b 13 00 00
[decoded_serial_node-3] [INFO] [1791537707.221680558] [bw_dr03_decoded_serial_node]: RECEIVED /cmd_vel: linear.x=0.04999776278967191, angular.z=-0.48
[decoded_serial_node-3] [INFO] [1791537707.222150734] [bw_dr03_decoded_serial_node]: SEND MOTOR CMD: cd eb d7 09 74 42 46 53 53 05 11 00 00
[decoded_serial_node-3] [INFO] [1791537707.277677864] [bw_dr03_decoded_serial_node]: RECEIVED /cmd_vel: linear.x=0.07333109612300524, angular.z=-0.31999999999999995
[decoded_serial_node-3] [INFO] [1791537707.277983004] [bw_dr03_decoded_serial_node]: SEND MOTOR CMD: cd eb d7 09 74 53 46 53 53 1e 10 00 00
[decoded_serial_node-3] [INFO] [1791537707.345726411] [bw_dr03_decoded_serial_node]: RECEIVED /cmd_vel: linear.x=0.09666442945633857, angular.z=-0.15999999999999995
[decoded_serial_node-3] [INFO] [1791537707.346051735] [bw_dr03_decoded_serial_node]: SEND MOTOR CMD: cd eb d7 09 74 46 46 53 53 07 0f 00 00
[decoded_serial_node-3] [INFO] [1791537707.411264975] [bw_dr03_decoded_serial_node]: RECEIVED /cmd_vel: linear.x=0.11876249839506035, angular.z=0.0
[decoded_serial_node-3] [INFO] [1791537707.411619982] [bw_dr03_decoded_serial_node]: SEND MOTOR CMD: cd eb d7 09 74 46 46 53 53 0e 0e 00 00
[decoded_serial_node-3] [INFO] [1791537707.489958982] [bw_dr03_decoded_serial_node]: RECEIVED /cmd_vel: linear.x=0.11876249839506035, angular.z=0.16000000000000006
[decoded_serial_node-3] [INFO] [1791537707.490327049] [bw_dr03_decoded_serial_node]: SEND MOTOR CMD: cd eb d7 09 74 46 46 53 53 12 0a 00 00
[decoded_serial_node-3] [INFO] [1791537707.544848524] [bw_dr03_decoded_serial_node]: RECEIVED /cmd_vel: linear.x=0.11811116404275934, angular.z=0.32000000000000006
[decoded_serial_node-3] [INFO] [1791537707.545247461] [bw_dr03_decoded_serial_node]: SEND MOTOR CMD: cd eb d7 09 74 46 46 53 53 16 06 00 00
[decoded_serial_node-3] [INFO] [1791537707.611253827] [bw_dr03_decoded_serial_node]: RECEIVED /cmd_vel: linear.x=0.11791065600164358, angular.z=0.3737588621020696
[decoded_serial_node-3] [INFO] [1791537707.611600523] [bw_dr03_decoded_serial_node]: SEND MOTOR CMD: cd eb d7 09 74 46 46 53 53 17 05 00 00
[decoded_serial_node-3] [INFO] [1791537707.693692624] [bw_dr03_decoded_serial_node]: RECEIVED /cmd_vel: linear.x=0.11791065600164358, angular.z=0.3737588621020696
[decoded_serial_node-3] [INFO] [1791537707.694031009] [bw_dr03_decoded_serial_node]: SEND MOTOR CMD: cd eb d7 09 74 46 46 53 53 17 05 00 00
[decoded_serial_node-3] [INFO] [1791537707.744298336] [bw_dr03_decoded_serial_node]: RECEIVED /cmd_vel: linear.x=0.1179408025818136, angular.z=0.3710448143972731
[decoded_serial_node-3] [INFO] [1791537707.744635533] [bw_dr03_decoded_serial_node]: SEND MOTOR CMD: cd eb d7 09 74 46 46 53 53 17 05 00 00
[decoded_serial_node-3] [INFO] [1791537707.811502702] [bw_dr03_decoded_serial_node]: RECEIVED /cmd_vel: linear.x=0.1179411850565675, angular.z=0.3710102547493661
[decoded_serial_node-3] [INFO] [1791537707.812286329] [bw_dr03_decoded_serial_node]: SEND MOTOR CMD: cd eb d7 09 74 46 46 53 53 17 05 00 00
[decoded_serial_node-3] [INFO] [1791537707.876631643] [bw_dr03_decoded_serial_node]: RECEIVED /cmd_vel: linear.x=0.1179411850565675, angular.z=0.3710102547493661
[decoded_serial_node-3] [INFO] [1791537707.876916598] [bw_dr03_decoded_serial_node]: SEND MOTOR CMD: cd eb d7 09 74 46 46 53 53 17 05 00 00
[decoded_serial_node-3] [INFO] [1791537707.953989921] [bw_dr03_decoded_serial_node]: RECEIVED /cmd_vel: linear.x=0.11848873251855613, angular.z=0.31774731072591145
[decoded_serial_node-3] [INFO] [1791537707.954297436] [bw_dr03_decoded_serial_node]: SEND MOTOR CMD: cd eb d7 09 74 46 46 53 53 16 06 00 00
[decoded_serial_node-3] [INFO] [1791537708.011188789] [bw_dr03_decoded_serial_node]: RECEIVED /cmd_vel: linear.x=0.11895460316313021, angular.z=0.26418657882171726
[decoded_serial_node-3] [INFO] [1791537708.011427440] [bw_dr03_decoded_serial_node]: SEND MOTOR CMD: cd eb d7 09 74 46 46 53 53 15 08 00 00
[decoded_serial_node-3] [INFO] [1791537708.077653458] [bw_dr03_decoded_serial_node]: RECEIVED /cmd_vel: linear.x=0.11895460316313021, angular.z=0.26418657882171726
[decoded_serial_node-3] [INFO] [1791537708.078055958] [bw_dr03_decoded_serial_node]: SEND MOTOR CMD: cd eb d7 09 74 46 46 53 53 15 08 00 00
[decoded_serial_node-3] [INFO] [1791537708.143997021] [bw_dr03_decoded_serial_node]: RECEIVED /cmd_vel: linear.x=0.11963344484838714, angular.z=0.1563632349381252
[decoded_serial_node-3] [INFO] [1791537708.144545560] [bw_dr03_decoded_serial_node]: SEND MOTOR CMD: cd eb d7 09 74 46 46 53 53 12 0a 00 00
[target_tracker-7] [INFO] [1791537708.172936621] [target_tracker_node]: muc tieu: d=2.62m goc=16.9deg nguon=camera+lidar conf=0.98 v=0.32m/s 
[follow_planner-8] [INFO] [1791537708.218873812] [follow_planner_node]: [AVOID] chui khe hep — qua khe theo truc (lech 1 do) | d=2.62m goc=17deg | v=0.120 w=0.100 | thoang=-
[decoded_serial_node-3] [INFO] [1791537708.219399792] [bw_dr03_decoded_serial_node]: RECEIVED /cmd_vel: linear.x=0.11985062558016858, angular.z=0.1
[decoded_serial_node-3] [INFO] [1791537708.219647941] [bw_dr03_decoded_serial_node]: SEND MOTOR CMD: cd eb d7 09 74 46 46 53 53 11 0c 00 00
[decoded_serial_node-3] [INFO] [1791537708.277231499] [bw_dr03_decoded_serial_node]: RECEIVED /cmd_vel: linear.x=0.11985062558016858, angular.z=0.1
[decoded_serial_node-3] [INFO] [1791537708.277465400] [bw_dr03_decoded_serial_node]: SEND MOTOR CMD: cd eb d7 09 74 46 46 53 53 11 0c 00 00
[decoded_serial_node-3] [INFO] [1791537708.344104604] [bw_dr03_decoded_serial_node]: RECEIVED /cmd_vel: linear.x=0.11997270420902206, angular.z=0.1
[decoded_serial_node-3] [INFO] [1791537708.344359876] [bw_dr03_decoded_serial_node]: SEND MOTOR CMD: cd eb d7 09 74 46 46 53 53 11 0c 00 00
[decoded_serial_node-3] [INFO] [1791537708.410229701] [bw_dr03_decoded_serial_node]: RECEIVED /cmd_vel: linear.x=0.11999410819309671, angular.z=0.0
[decoded_serial_node-3] [INFO] [1791537708.410467164] [bw_dr03_decoded_serial_node]: SEND MOTOR CMD: cd eb d7 09 74 46 46 53 53 0e 0e 00 00
[decoded_serial_node-3] [INFO] [1791537708.485548173] [bw_dr03_decoded_serial_node]: RECEIVED /cmd_vel: linear.x=0.11999410819309671, angular.z=0.0
[decoded_serial_node-3] [INFO] [1791537708.485837877] [bw_dr03_decoded_serial_node]: SEND MOTOR CMD: cd eb d7 09 74 46 46 53 53 0e 0e 00 00
[decoded_serial_node-3] [INFO] [1791537708.544253742] [bw_dr03_decoded_serial_node]: RECEIVED /cmd_vel: linear.x=0.11999999999999998, angular.z=0.0
[decoded_serial_node-3] [INFO] [1791537708.544636058] [bw_dr03_decoded_serial_node]: SEND MOTOR CMD: cd eb d7 09 74 46 46 53 53 0e 0e 00 00
[decoded_serial_node-3] [INFO] [1791537708.610890572] [bw_dr03_decoded_serial_node]: RECEIVED /cmd_vel: linear.x=0.11997900934532862, angular.z=-0.1
[decoded_serial_node-3] [INFO] [1791537708.611130409] [bw_dr03_decoded_serial_node]: SEND MOTOR CMD: cd eb d7 09 74 46 46 53 53 0c 11 00 00
[decoded_serial_node-3] [INFO] [1791537708.676689158] [bw_dr03_decoded_serial_node]: RECEIVED /cmd_vel: linear.x=0.11997900934532862, angular.z=-0.1
[decoded_serial_node-3] [INFO] [1791537708.676926620] [bw_dr03_decoded_serial_node]: SEND MOTOR CMD: cd eb d7 09 74 46 46 53 53 0c 11 00 00
[decoded_serial_node-3] [INFO] [1791537708.753105895] [bw_dr03_decoded_serial_node]: RECEIVED /cmd_vel: linear.x=0.11998747670314977, angular.z=0.0
[decoded_serial_node-3] [INFO] [1791537708.753358793] [bw_dr03_decoded_serial_node]: SEND MOTOR CMD: cd eb d7 09 74 46 46 53 53 0e 0e 00 00
[decoded_serial_node-3] [INFO] [1791537708.812135602] [bw_dr03_decoded_serial_node]: RECEIVED /cmd_vel: linear.x=0.11999457604830642, angular.z=0.0
[decoded_serial_node-3] [INFO] [1791537708.812370690] [bw_dr03_decoded_serial_node]: SEND MOTOR CMD: cd eb d7 09 74 46 46 53 53 0e 0e 00 00
[decoded_serial_node-3] [INFO] [1791537708.877116128] [bw_dr03_decoded_serial_node]: RECEIVED /cmd_vel: linear.x=0.11999457604830642, angular.z=0.0
[decoded_serial_node-3] [INFO] [1791537708.877348841] [bw_dr03_decoded_serial_node]: SEND MOTOR CMD: cd eb d7 09 74 46 46 53 53 0e 0e 00 00
[decoded_serial_node-3] [INFO] [1791537708.953332209] [bw_dr03_decoded_serial_node]: RECEIVED /cmd_vel: linear.x=0.11999854879948126, angular.z=0.0
[decoded_serial_node-3] [INFO] [1791537708.953827319] [bw_dr03_decoded_serial_node]: SEND MOTOR CMD: cd eb d7 09 74 46 46 53 53 0e 0e 00 00
[decoded_serial_node-3] [INFO] [1791537709.010217626] [bw_dr03_decoded_serial_node]: RECEIVED /cmd_vel: linear.x=0.11997781683901461, angular.z=-0.1
[decoded_serial_node-3] [INFO] [1791537709.010457464] [bw_dr03_decoded_serial_node]: SEND MOTOR CMD: cd eb d7 09 74 46 46 53 53 0c 11 00 00
[decoded_serial_node-3] [INFO] [1791537709.076397339] [bw_dr03_decoded_serial_node]: RECEIVED /cmd_vel: linear.x=0.11997781683901461, angular.z=-0.1
[decoded_serial_node-3] [INFO] [1791537709.076744035] [bw_dr03_decoded_serial_node]: SEND MOTOR CMD: cd eb d7 09 74 46 46 53 53 0c 11 00 00
[decoded_serial_node-3] [INFO] [1791537709.151090096] [bw_dr03_decoded_serial_node]: RECEIVED /cmd_vel: linear.x=0.11999566021711536, angular.z=0.0
[decoded_serial_node-3] [INFO] [1791537709.151315685] [bw_dr03_decoded_serial_node]: SEND MOTOR CMD: cd eb d7 09 74 46 46 53 53 0e 0e 00 00
[target_tracker-7] [INFO] [1791537709.173224009] [target_tracker_node]: muc tieu: d=2.82m goc=7.2deg nguon=camera+lidar conf=0.98 v=0.43m/s 
[follow_planner-8] [INFO] [1791537709.209939330] [follow_planner_node]: [AVOID] chui khe hep — qua khe theo truc (lech -0 do) | d=2.82m goc=7deg | v=0.120 w=0.000 | thoang=-
[decoded_serial_node-3] [INFO] [1791537709.210135237] [bw_dr03_decoded_serial_node]: RECEIVED /cmd_vel: linear.x=0.11999982361233508, angular.z=0.0
[decoded_serial_node-3] [INFO] [1791537709.210642220] [bw_dr03_decoded_serial_node]: SEND MOTOR CMD: cd eb d7 09 74 46 46 53 53 0e 0e 00 00
[decoded_serial_node-3] [INFO] [1791537709.276005061] [bw_dr03_decoded_serial_node]: RECEIVED /cmd_vel: linear.x=0.11999982361233508, angular.z=0.0
[decoded_serial_node-3] [INFO] [1791537709.276324448] [bw_dr03_decoded_serial_node]: SEND MOTOR CMD: cd eb d7 09 74 46 46 53 53 0e 0e 00 00
[decoded_serial_node-3] [INFO] [1791537709.341941374] [bw_dr03_decoded_serial_node]: RECEIVED /cmd_vel: linear.x=0.11999626562520582, angular.z=0.0
[decoded_serial_node-3] [INFO] [1791537709.342199022] [bw_dr03_decoded_serial_node]: SEND MOTOR CMD: cd eb d7 09 74 46 46 53 53 0e 0e 00 00
[decoded_serial_node-3] [INFO] [1791537709.420076155] [bw_dr03_decoded_serial_node]: RECEIVED /cmd_vel: linear.x=0.11998354526203721, angular.z=0.0
[decoded_serial_node-3] [INFO] [1791537709.420638942] [bw_dr03_decoded_serial_node]: SEND MOTOR CMD: cd eb d7 09 74 46 46 53 53 0e 0e 00 00
[decoded_serial_node-3] [INFO] [1791537709.477717891] [bw_dr03_decoded_serial_node]: RECEIVED /cmd_vel: linear.x=0.11998354526203721, angular.z=0.0
[decoded_serial_node-3] [INFO] [1791537709.478240309] [bw_dr03_decoded_serial_node]: SEND MOTOR CMD: cd eb d7 09 74 46 46 53 53 0e 0e 00 00
[decoded_serial_node-3] [INFO] [1791537709.544005650] [bw_dr03_decoded_serial_node]: RECEIVED /cmd_vel: linear.x=0.11999426770885019, angular.z=0.0
[decoded_serial_node-3] [INFO] [1791537709.544313164] [bw_dr03_decoded_serial_node]: SEND MOTOR CMD: cd eb d7 09 74 46 46 53 53 0e 0e 00 00
[decoded_serial_node-3] [INFO] [1791537709.611185081] [bw_dr03_decoded_serial_node]: RECEIVED /cmd_vel: linear.x=0.11997084338190885, angular.z=0.1
[decoded_serial_node-3] [INFO] [1791537709.611511593] [bw_dr03_decoded_serial_node]: SEND MOTOR CMD: cd eb d7 09 74 46 46 53 53 11 0c 00 00
[decoded_serial_node-3] [INFO] [1791537709.686059497] [bw_dr03_decoded_serial_node]: RECEIVED /cmd_vel: linear.x=0.11997084338190885, angular.z=0.1
[decoded_serial_node-3] [INFO] [1791537709.686301709] [bw_dr03_decoded_serial_node]: SEND MOTOR CMD: cd eb d7 09 74 46 46 53 53 11 0c 00 00
[decoded_serial_node-3] [INFO] [1791537709.744325760] [bw_dr03_decoded_serial_node]: RECEIVED /cmd_vel: linear.x=0.11999679040709521, angular.z=0.0
[decoded_serial_node-3] [INFO] [1791537709.744695015] [bw_dr03_decoded_serial_node]: SEND MOTOR CMD: cd eb d7 09 74 46 46 53 53 0e 0e 00 00
[decoded_serial_node-3] [INFO] [1791537709.811689225] [bw_dr03_decoded_serial_node]: RECEIVED /cmd_vel: linear.x=0.11999560594971848, angular.z=0.0
[decoded_serial_node-3] [INFO] [1791537709.811924314] [bw_dr03_decoded_serial_node]: SEND MOTOR CMD: cd eb d7 09 74 46 46 53 53 0e 0e 00 00
[decoded_serial_node-3] [INFO] [1791537709.877250348] [bw_dr03_decoded_serial_node]: RECEIVED /cmd_vel: linear.x=0.11999560594971848, angular.z=0.0
[decoded_serial_node-3] [INFO] [1791537709.877475937] [bw_dr03_decoded_serial_node]: SEND MOTOR CMD: cd eb d7 09 74 46 46 53 53 0e 0e 00 00
[decoded_serial_node-3] [INFO] [1791537709.951954977] [bw_dr03_decoded_serial_node]: RECEIVED /cmd_vel: linear.x=0.1199977115133049, angular.z=0.0
[decoded_serial_node-3] [INFO] [1791537709.952179380] [bw_dr03_decoded_serial_node]: SEND MOTOR CMD: cd eb d7 09 74 46 46 53 53 0e 0e 00 00
[decoded_serial_node-3] [INFO] [1791537710.011080856] [bw_dr03_decoded_serial_node]: RECEIVED /cmd_vel: linear.x=0.11998971496209285, angular.z=0.0
[decoded_serial_node-3] [INFO] [1791537710.011305258] [bw_dr03_decoded_serial_node]: SEND MOTOR CMD: cd eb d7 09 74 46 46 53 53 0e 0e 00 00
[decoded_serial_node-3] [INFO] [1791537710.077185768] [bw_dr03_decoded_serial_node]: RECEIVED /cmd_vel: linear.x=0.11998971496209285, angular.z=0.0
[decoded_serial_node-3] [INFO] [1791537710.077417294] [bw_dr03_decoded_serial_node]: SEND MOTOR CMD: cd eb d7 09 74 46 46 53 53 0e 0e 00 00
[decoded_serial_node-3] [INFO] [1791537710.142434626] [bw_dr03_decoded_serial_node]: RECEIVED /cmd_vel: linear.x=0.11999531559219213, angular.z=0.0
[decoded_serial_node-3] [INFO] [1791537710.142700584] [bw_dr03_decoded_serial_node]: SEND MOTOR CMD: cd eb d7 09 74 46 46 53 53 0e 0e 00 00
[decoded_serial_node-3] [INFO] [1791537710.209126071] [bw_dr03_decoded_serial_node]: RECEIVED /cmd_vel: linear.x=0.1199852334092598, angular.z=0.0
[decoded_serial_node-3] [INFO] [1791537710.209367095] [bw_dr03_decoded_serial_node]: SEND MOTOR CMD: cd eb d7 09 74 46 46 53 53 0e 0e 00 00
[target_tracker-7] [INFO] [1791537710.222822929] [target_tracker_node]: muc tieu: d=2.65m goc=5.1deg nguon=camera+lidar conf=1.00 v=0.21m/s 
[follow_planner-8] [INFO] [1791537710.284775802] [follow_planner_node]: [AVOID] chui khe hep — qua khe theo truc (lech -1 do) | d=2.64m goc=5deg | v=0.120 w=0.000 | thoang=-
[decoded_serial_node-3] [INFO] [1791537710.285382520] [bw_dr03_decoded_serial_node]: RECEIVED /cmd_vel: linear.x=0.1199852334092598, angular.z=0.0
[decoded_serial_node-3] [INFO] [1791537710.285870506] [bw_dr03_decoded_serial_node]: SEND MOTOR CMD: cd eb d7 09 74 46 46 53 53 0e 0e 00 00
[decoded_serial_node-3] [INFO] [1791537710.342647876] [bw_dr03_decoded_serial_node]: RECEIVED /cmd_vel: linear.x=0.11998388027323989, angular.z=0.0
[decoded_serial_node-3] [INFO] [1791537710.343296150] [bw_dr03_decoded_serial_node]: SEND MOTOR CMD: cd eb d7 09 74 46 46 53 53 0e 0e 00 00
[decoded_serial_node-3] [INFO] [1791537710.409503171] [bw_dr03_decoded_serial_node]: RECEIVED /cmd_vel: linear.x=0.11995107216890567, angular.z=-0.1
[decoded_serial_node-3] [INFO] [1791537710.409743008] [bw_dr03_decoded_serial_node]: SEND MOTOR CMD: cd eb d7 09 74 46 46 53 53 0c 11 00 00
[decoded_serial_node-3] [INFO] [1791537710.485117283] [bw_dr03_decoded_serial_node]: RECEIVED /cmd_vel: linear.x=0.11995107216890567, angular.z=-0.1
[decoded_serial_node-3] [INFO] [1791537710.485389178] [bw_dr03_decoded_serial_node]: SEND MOTOR CMD: cd eb d7 09 74 46 46 53 53 0c 11 00 00
[decoded_serial_node-3] [INFO] [1791537710.542281718] [bw_dr03_decoded_serial_node]: RECEIVED /cmd_vel: linear.x=0.11994501201615568, angular.z=-0.1
[decoded_serial_node-3] [INFO] [1791537710.542529866] [bw_dr03_decoded_serial_node]: SEND MOTOR CMD: cd eb d7 09 74 46 46 53 53 0c 11 00 00
[follow_planner-8] [INFO] [1791537710.606390754] [follow_planner_node]: self-filter: bo 17/245 tia dap vao than xe
[decoded_serial_node-3] [INFO] [1791537710.608367632] [bw_dr03_decoded_serial_node]: RECEIVED /cmd_vel: linear.x=0.11998213039526914, angular.z=0.0
[decoded_serial_node-3] [INFO] [1791537710.608601533] [bw_dr03_decoded_serial_node]: SEND MOTOR CMD: cd eb d7 09 74 46 46 53 53 0e 0e 00 00
[decoded_serial_node-3] [INFO] [1791537710.675827270] [bw_dr03_decoded_serial_node]: RECEIVED /cmd_vel: linear.x=0.11998213039526914, angular.z=0.0
[decoded_serial_node-3] [INFO] [1791537710.676065920] [bw_dr03_decoded_serial_node]: SEND MOTOR CMD: cd eb d7 09 74 46 46 53 53 0e 0e 00 00
[decoded_serial_node-3] [INFO] [1791537710.752475533] [bw_dr03_decoded_serial_node]: RECEIVED /cmd_vel: linear.x=0.11999171221299101, angular.z=0.0
[decoded_serial_node-3] [INFO] [1791537710.752714183] [bw_dr03_decoded_serial_node]: SEND MOTOR CMD: cd eb d7 09 74 46 46 53 53 0e 0e 00 00
[decoded_serial_node-3] [INFO] [1791537710.809972415] [bw_dr03_decoded_serial_node]: RECEIVED /cmd_vel: linear.x=0.11998693145917033, angular.z=0.0
[decoded_serial_node-3] [INFO] [1791537710.810320299] [bw_dr03_decoded_serial_node]: SEND MOTOR CMD: cd eb d7 09 74 46 46 53 53 0e 0e 00 00
[decoded_serial_node-3] [INFO] [1791537710.877399995] [bw_dr03_decoded_serial_node]: RECEIVED /cmd_vel: linear.x=0.11998693145917033, angular.z=0.0
[decoded_serial_node-3] [INFO] [1791537710.877648144] [bw_dr03_decoded_serial_node]: SEND MOTOR CMD: cd eb d7 09 74 46 46 53 53 0e 0e 00 00
[decoded_serial_node-3] [INFO] [1791537710.953072286] [bw_dr03_decoded_serial_node]: RECEIVED /cmd_vel: linear.x=0.11999985246317546, angular.z=0.0
[decoded_serial_node-3] [INFO] [1791537710.953320434] [bw_dr03_decoded_serial_node]: SEND MOTOR CMD: cd eb d7 09 74 46 46 53 53 0e 0e 00 00
[decoded_serial_node-3] [INFO] [1791537711.010683151] [bw_dr03_decoded_serial_node]: RECEIVED /cmd_vel: linear.x=0.11999985246317546, angular.z=0.0
[decoded_serial_node-3] [INFO] [1791537711.010907553] [bw_dr03_decoded_serial_node]: SEND MOTOR CMD: cd eb d7 09 74 46 46 53 53 0e 0e 00 00
[decoded_serial_node-3] [INFO] [1791537711.076982782] [bw_dr03_decoded_serial_node]: RECEIVED /cmd_vel: linear.x=0.11999795774714388, angular.z=0.0
[decoded_serial_node-3] [INFO] [1791537711.077239241] [bw_dr03_decoded_serial_node]: SEND MOTOR CMD: cd eb d7 09 74 46 46 53 53 0e 0e 00 00
[decoded_serial_node-3] [INFO] [1791537711.143616048] [bw_dr03_decoded_serial_node]: RECEIVED /cmd_vel: linear.x=0.11999740114046553, angular.z=0.0
[decoded_serial_node-3] [INFO] [1791537711.143845199] [bw_dr03_decoded_serial_node]: SEND MOTOR CMD: cd eb d7 09 74 46 46 53 53 0e 0e 00 00
[decoded_serial_node-3] [INFO] [1791537711.219569731] [bw_dr03_decoded_serial_node]: RECEIVED /cmd_vel: linear.x=0.11999740114046553, angular.z=0.0
[decoded_serial_node-3] [INFO] [1791537711.219851124] [bw_dr03_decoded_serial_node]: SEND MOTOR CMD: cd eb d7 09 74 46 46 53 53 0e 0e 00 00
[target_tracker-7] [INFO] [1791537711.222775480] [target_tracker_node]: muc tieu: d=2.58m goc=9.9deg nguon=camera+lidar conf=1.00 v=0.08m/s 
[follow_planner-8] [INFO] [1791537711.276153569] [follow_planner_node]: [AVOID] chui khe hep — qua khe theo truc (lech -1 do) | d=2.57m goc=10deg | v=0.120 w=0.000 | thoang=-
[decoded_serial_node-3] [INFO] [1791537711.276189188] [bw_dr03_decoded_serial_node]: RECEIVED /cmd_vel: linear.x=0.11998536816417814, angular.z=0.0
[decoded_serial_node-3] [INFO] [1791537711.276420715] [bw_dr03_decoded_serial_node]: SEND MOTOR CMD: cd eb d7 09 74 46 46 53 53 0e 0e 00 00
[decoded_serial_node-3] [INFO] [1791537711.343815049] [bw_dr03_decoded_serial_node]: RECEIVED /cmd_vel: linear.x=0.11999841285308166, angular.z=0.0
[decoded_serial_node-3] [INFO] [1791537711.344054887] [bw_dr03_decoded_serial_node]: SEND MOTOR CMD: cd eb d7 09 74 46 46 53 53 0e 0e 00 00
[decoded_serial_node-3] [INFO] [1791537711.412154486] [bw_dr03_decoded_serial_node]: RECEIVED /cmd_vel: linear.x=0.11999841285308166, angular.z=0.0
[decoded_serial_node-3] [INFO] [1791537711.412378888] [bw_dr03_decoded_serial_node]: SEND MOTOR CMD: cd eb d7 09 74 46 46 53 53 0e 0e 00 00
[decoded_serial_node-3] [INFO] [1791537711.485865332] [bw_dr03_decoded_serial_node]: RECEIVED /cmd_vel: linear.x=0.11999820152190305, angular.z=0.0
[decoded_serial_node-3] [INFO] [1791537711.486106357] [bw_dr03_decoded_serial_node]: SEND MOTOR CMD: cd eb d7 09 74 46 46 53 53 0e 0e 00 00
[decoded_serial_node-3] [INFO] [1791537711.542202209] [bw_dr03_decoded_serial_node]: RECEIVED /cmd_vel: linear.x=0.11999541631096299, angular.z=0.0
[decoded_serial_node-3] [INFO] [1791537711.542709192] [bw_dr03_decoded_serial_node]: SEND MOTOR CMD: cd eb d7 09 74 46 46 53 53 0e 0e 00 00
[decoded_serial_node-3] [INFO] [1791537711.609521743] [bw_dr03_decoded_serial_node]: RECEIVED /cmd_vel: linear.x=0.11999541631096299, angular.z=0.0
[decoded_serial_node-3] [INFO] [1791537711.609819759] [bw_dr03_decoded_serial_node]: SEND MOTOR CMD: cd eb d7 09 74 46 46 53 53 0e 0e 00 00
[decoded_serial_node-3] [INFO] [1791537711.676008969] [bw_dr03_decoded_serial_node]: RECEIVED /cmd_vel: linear.x=0.11999939998712396, angular.z=0.0
[decoded_serial_node-3] [INFO] [1791537711.676289175] [bw_dr03_decoded_serial_node]: SEND MOTOR CMD: cd eb d7 09 74 46 46 53 53 0e 0e 00 00
[decoded_serial_node-3] [INFO] [1791537711.742483135] [bw_dr03_decoded_serial_node]: RECEIVED /cmd_vel: linear.x=0.11999969778001454, angular.z=0.0
[decoded_serial_node-3] [INFO] [1791537711.742784713] [bw_dr03_decoded_serial_node]: SEND MOTOR CMD: cd eb d7 09 74 46 46 53 53 0e 0e 00 00
[decoded_serial_node-3] [INFO] [1791537711.810105434] [bw_dr03_decoded_serial_node]: RECEIVED /cmd_vel: linear.x=0.11999969778001454, angular.z=0.0
[decoded_serial_node-3] [INFO] [1791537711.810417698] [bw_dr03_decoded_serial_node]: SEND MOTOR CMD: cd eb d7 09 74 46 46 53 53 0e 0e 00 00
[decoded_serial_node-3] [INFO] [1791537711.876193723] [bw_dr03_decoded_serial_node]: RECEIVED /cmd_vel: linear.x=0.1199943774695502, angular.z=0.0
[decoded_serial_node-3] [INFO] [1791537711.876532107] [bw_dr03_decoded_serial_node]: SEND MOTOR CMD: cd eb d7 09 74 46 46 53 53 0e 0e 00 00
[decoded_serial_node-3] [INFO] [1791537711.942837675] [bw_dr03_decoded_serial_node]: RECEIVED /cmd_vel: linear.x=0.11998701191059377, angular.z=0.0
[decoded_serial_node-3] [INFO] [1791537711.943162999] [bw_dr03_decoded_serial_node]: SEND MOTOR CMD: cd eb d7 09 74 46 46 53 53 0e 0e 00 00
[decoded_serial_node-3] [INFO] [1791537712.010273565] [bw_dr03_decoded_serial_node]: RECEIVED /cmd_vel: linear.x=0.11998701191059377, angular.z=0.0
[decoded_serial_node-3] [INFO] [1791537712.010629759] [bw_dr03_decoded_serial_node]: SEND MOTOR CMD: cd eb d7 09 74 46 46 53 53 0e 0e 00 00
[decoded_serial_node-3] [INFO] [1791537712.076517392] [bw_dr03_decoded_serial_node]: RECEIVED /cmd_vel: linear.x=0.11999546539120529, angular.z=0.0
[decoded_serial_node-3] [INFO] [1791537712.077391255] [bw_dr03_decoded_serial_node]: SEND MOTOR CMD: cd eb d7 09 74 46 46 53 53 0e 0e 00 00
[decoded_serial_node-3] [INFO] [1791537712.143497353] [bw_dr03_decoded_serial_node]: RECEIVED /cmd_vel: linear.x=0.11999875491774425, angular.z=0.0
[decoded_serial_node-3] [INFO] [1791537712.143917662] [bw_dr03_decoded_serial_node]: SEND MOTOR CMD: cd eb d7 09 74 46 46 53 53 0e 0e 00 00
[decoded_serial_node-3] [INFO] [1791537712.210155552] [bw_dr03_decoded_serial_node]: RECEIVED /cmd_vel: linear.x=0.11999875491774425, angular.z=0.0
[decoded_serial_node-3] [INFO] [1791537712.210856068] [bw_dr03_decoded_serial_node]: SEND MOTOR CMD: cd eb d7 09 74 46 46 53 53 0e 0e 00 00
[target_tracker-7] [INFO] [1791537712.223673125] [target_tracker_node]: muc tieu: d=2.48m goc=9.6deg nguon=camera+lidar conf=1.00 v=0.04m/s 
[follow_planner-8] [INFO] [1791537712.275975508] [follow_planner_node]: [FOLLOW] chui khe hep — qua khe theo truc (lech 3 do) | d=2.47m goc=9deg | v=0.120 w=0.000 | thoang=-
[decoded_serial_node-3] [INFO] [1791537712.276131046] [bw_dr03_decoded_serial_node]: RECEIVED /cmd_vel: linear.x=0.11999291205896538, angular.z=0.0
[decoded_serial_node-3] [INFO] [1791537712.276414814] [bw_dr03_decoded_serial_node]: SEND MOTOR CMD: cd eb d7 09 74 46 46 53 53 0e 0e 00 00
[decoded_serial_node-3] [INFO] [1791537712.354426112] [bw_dr03_decoded_serial_node]: RECEIVED /cmd_vel: linear.x=0.1433262453922987, angular.z=0.125
[decoded_serial_node-3] [INFO] [1791537712.354859482] [bw_dr03_decoded_serial_node]: SEND MOTOR CMD: cd eb d7 09 74 46 46 53 53 14 0e 00 00
[decoded_serial_node-3] [INFO] [1791537712.420802918] [bw_dr03_decoded_serial_node]: RECEIVED /cmd_vel: linear.x=0.16665957872563203, angular.z=0.125
[decoded_serial_node-3] [INFO] [1791537712.421049879] [bw_dr03_decoded_serial_node]: SEND MOTOR CMD: cd eb d7 09 74 46 46 53 53 17 11 00 00
[decoded_serial_node-3] [INFO] [1791537712.487271147] [bw_dr03_decoded_serial_node]: RECEIVED /cmd_vel: linear.x=0.18999291205896535, angular.z=0.125
[decoded_serial_node-3] [INFO] [1791537712.487502673] [bw_dr03_decoded_serial_node]: SEND MOTOR CMD: cd eb d7 09 74 46 46 53 53 1a 14 00 00
[decoded_serial_node-3] [INFO] [1791537712.555686571] [bw_dr03_decoded_serial_node]: RECEIVED /cmd_vel: linear.x=0.21332624539229866, angular.z=0.25
[decoded_serial_node-3] [INFO] [1791537712.555946593] [bw_dr03_decoded_serial_node]: SEND MOTOR CMD: cd eb d7 09 74 46 46 53 53 20 14 00 00
[decoded_serial_node-3] [INFO] [1791537712.625019790] [bw_dr03_decoded_serial_node]: RECEIVED /cmd_vel: linear.x=0.22, angular.z=0.26875000000000004
[decoded_serial_node-3] [INFO] [1791537712.625263189] [bw_dr03_decoded_serial_node]: SEND MOTOR CMD: cd eb d7 09 74 46 46 53 53 21 14 00 00
[decoded_serial_node-3] [INFO] [1791537712.689249931] [bw_dr03_decoded_serial_node]: RECEIVED /cmd_vel: linear.x=0.22, angular.z=0.15507812499999996
[decoded_serial_node-3] [INFO] [1791537712.689625122] [bw_dr03_decoded_serial_node]: SEND MOTOR CMD: cd eb d7 09 74 46 46 53 53 1e 17 00 00
[decoded_serial_node-3] [INFO] [1791537712.754872792] [bw_dr03_decoded_serial_node]: RECEIVED /cmd_vel: linear.x=0.22, angular.z=0.25
[decoded_serial_node-3] [INFO] [1791537712.755459325] [bw_dr03_decoded_serial_node]: SEND MOTOR CMD: cd eb d7 09 74 46 46 53 53 21 14 00 00
[decoded_serial_node-3] [INFO] [1791537712.821224664] [bw_dr03_decoded_serial_node]: RECEIVED /cmd_vel: linear.x=0.22, angular.z=0.1468750000000001
[decoded_serial_node-3] [INFO] [1791537712.821690092] [bw_dr03_decoded_serial_node]: SEND MOTOR CMD: cd eb d7 09 74 46 46 53 53 1e 17 00 00
[decoded_serial_node-3] [INFO] [1791537712.887829434] [bw_dr03_decoded_serial_node]: RECEIVED /cmd_vel: linear.x=0.22, angular.z=0.125
[decoded_serial_node-3] [INFO] [1791537712.888381536] [bw_dr03_decoded_serial_node]: SEND MOTOR CMD: cd eb d7 09 74 46 46 53 53 1d 17 00 00
[python3-4] [INFO] [1791537712.895903172] [identity_lock_node]: camera: nhan 12.5 fps (phoi sang 30 ms, do sang 71), xu ly 12.5 Hz, TB 22 ms/khung, tre tu luc chup 65.3 ms, 1 nguoi, status TRACKING
[decoded_serial_node-3] [INFO] [1791537712.956177182] [bw_dr03_decoded_serial_node]: RECEIVED /cmd_vel: linear.x=0.22, angular.z=0.125
[decoded_serial_node-3] [INFO] [1791537712.956407521] [bw_dr03_decoded_serial_node]: SEND MOTOR CMD: cd eb d7 09 74 46 46 53 53 1d 17 00 00
[decoded_serial_node-3] [INFO] [1791537713.022118243] [bw_dr03_decoded_serial_node]: RECEIVED /cmd_vel: linear.x=0.22, angular.z=0.125
[decoded_serial_node-3] [INFO] [1791537713.022726148] [bw_dr03_decoded_serial_node]: SEND MOTOR CMD: cd eb d7 09 74 46 46 53 53 1d 17 00 00
[decoded_serial_node-3] [INFO] [1791537713.088472489] [bw_dr03_decoded_serial_node]: RECEIVED /cmd_vel: linear.x=0.22, angular.z=0.125
[decoded_serial_node-3] [INFO] [1791537713.089013905] [bw_dr03_decoded_serial_node]: SEND MOTOR CMD: cd eb d7 09 74 46 46 53 53 1d 17 00 00
[decoded_serial_node-3] [INFO] [1791537713.153959996] [bw_dr03_decoded_serial_node]: RECEIVED /cmd_vel: linear.x=0.22, angular.z=0.125
[decoded_serial_node-3] [INFO] [1791537713.154191522] [bw_dr03_decoded_serial_node]: SEND MOTOR CMD: cd eb d7 09 74 46 46 53 53 1d 17 00 00
[decoded_serial_node-3] [INFO] [1791537713.222202072] [bw_dr03_decoded_serial_node]: RECEIVED /cmd_vel: linear.x=0.22, angular.z=0.125
[decoded_serial_node-3] [INFO] [1791537713.222435973] [bw_dr03_decoded_serial_node]: SEND MOTOR CMD: cd eb d7 09 74 46 46 53 53 1d 17 00 00
[target_tracker-7] [INFO] [1791537713.273041683] [target_tracker_node]: muc tieu: d=2.31m goc=3.0deg nguon=camera+lidar conf=1.00 v=0.25m/s 
[decoded_serial_node-3] [INFO] [1791537713.288753413] [bw_dr03_decoded_serial_node]: RECEIVED /cmd_vel: linear.x=0.22, angular.z=0.0
[decoded_serial_node-3] [INFO] [1791537713.289271082] [bw_dr03_decoded_serial_node]: SEND MOTOR CMD: cd eb d7 09 74 46 46 53 53 1a 1a 00 00
[follow_planner-8] [INFO] [1791537713.354736029] [follow_planner_node]: [FOLLOW] bam nguoi | d=2.31m goc=3deg | v=0.220 w=0.000 | thoang=0.08m
[decoded_serial_node-3] [INFO] [1791537713.355240638] [bw_dr03_decoded_serial_node]: RECEIVED /cmd_vel: linear.x=0.22, angular.z=0.0
[decoded_serial_node-3] [INFO] [1791537713.355695379] [bw_dr03_decoded_serial_node]: SEND MOTOR CMD: cd eb d7 09 74 46 46 53 53 1a 1a 00 00
[decoded_serial_node-3] [INFO] [1791537713.422144611] [bw_dr03_decoded_serial_node]: RECEIVED /cmd_vel: linear.x=0.22, angular.z=0.0
[decoded_serial_node-3] [INFO] [1791537713.422687213] [bw_dr03_decoded_serial_node]: SEND MOTOR CMD: cd eb d7 09 74 46 46 53 53 1a 1a 00 00
[decoded_serial_node-3] [INFO] [1791537713.488885921] [bw_dr03_decoded_serial_node]: RECEIVED /cmd_vel: linear.x=0.22, angular.z=0.0
[decoded_serial_node-3] [INFO] [1791537713.489121010] [bw_dr03_decoded_serial_node]: SEND MOTOR CMD: cd eb d7 09 74 46 46 53 53 1a 1a 00 00
[decoded_serial_node-3] [INFO] [1791537713.554024358] [bw_dr03_decoded_serial_node]: RECEIVED /cmd_vel: linear.x=0.22, angular.z=0.0
[decoded_serial_node-3] [INFO] [1791537713.554618015] [bw_dr03_decoded_serial_node]: SEND MOTOR CMD: cd eb d7 09 74 46 46 53 53 1a 1a 00 00
[decoded_serial_node-3] [INFO] [1791537713.621673964] [bw_dr03_decoded_serial_node]: RECEIVED /cmd_vel: linear.x=0.22, angular.z=0.0
[decoded_serial_node-3] [INFO] [1791537713.621916176] [bw_dr03_decoded_serial_node]: SEND MOTOR CMD: cd eb d7 09 74 46 46 53 53 1a 1a 00 00
[decoded_serial_node-3] [INFO] [1791537713.687700512] [bw_dr03_decoded_serial_node]: RECEIVED /cmd_vel: linear.x=0.22, angular.z=0.0
[decoded_serial_node-3] [INFO] [1791537713.687946286] [bw_dr03_decoded_serial_node]: SEND MOTOR CMD: cd eb d7 09 74 46 46 53 53 1a 1a 00 00
[decoded_serial_node-3] [INFO] [1791537713.754698282] [bw_dr03_decoded_serial_node]: RECEIVED /cmd_vel: linear.x=0.22, angular.z=0.0
[decoded_serial_node-3] [INFO] [1791537713.754935745] [bw_dr03_decoded_serial_node]: SEND MOTOR CMD: cd eb d7 09 74 46 46 53 53 1a 1a 00 00
[decoded_serial_node-3] [INFO] [1791537713.821307801] [bw_dr03_decoded_serial_node]: RECEIVED /cmd_vel: linear.x=0.22, angular.z=0.0
[decoded_serial_node-3] [INFO] [1791537713.821542889] [bw_dr03_decoded_serial_node]: SEND MOTOR CMD: cd eb d7 09 74 46 46 53 53 1a 1a 00 00
[decoded_serial_node-3] [INFO] [1791537713.887740410] [bw_dr03_decoded_serial_node]: RECEIVED /cmd_vel: linear.x=0.22, angular.z=0.0
[decoded_serial_node-3] [INFO] [1791537713.888291324] [bw_dr03_decoded_serial_node]: SEND MOTOR CMD: cd eb d7 09 74 46 46 53 53 1a 1a 00 00
[decoded_serial_node-3] [INFO] [1791537713.955331838] [bw_dr03_decoded_serial_node]: RECEIVED /cmd_vel: linear.x=0.22, angular.z=0.0
[decoded_serial_node-3] [INFO] [1791537713.955710591] [bw_dr03_decoded_serial_node]: SEND MOTOR CMD: cd eb d7 09 74 46 46 53 53 1a 1a 00 00
[decoded_serial_node-3] [INFO] [1791537714.022532639] [bw_dr03_decoded_serial_node]: RECEIVED /cmd_vel: linear.x=0.22, angular.z=0.0
[decoded_serial_node-3] [INFO] [1791537714.022779600] [bw_dr03_decoded_serial_node]: SEND MOTOR CMD: cd eb d7 09 74 46 46 53 53 1a 1a 00 00
[decoded_serial_node-3] [INFO] [1791537714.088033206] [bw_dr03_decoded_serial_node]: RECEIVED /cmd_vel: linear.x=0.22, angular.z=0.0
[decoded_serial_node-3] [INFO] [1791537714.088566310] [bw_dr03_decoded_serial_node]: SEND MOTOR CMD: cd eb d7 09 74 46 46 53 53 1a 1a 00 00
[decoded_serial_node-3] [INFO] [1791537714.154964486] [bw_dr03_decoded_serial_node]: RECEIVED /cmd_vel: linear.x=0.22, angular.z=0.0
[decoded_serial_node-3] [INFO] [1791537714.155211448] [bw_dr03_decoded_serial_node]: SEND MOTOR CMD: cd eb d7 09 74 46 46 53 53 1a 1a 00 00
[decoded_serial_node-3] [INFO] [1791537714.221607249] [bw_dr03_decoded_serial_node]: RECEIVED /cmd_vel: linear.x=0.22, angular.z=0.0
[decoded_serial_node-3] [INFO] [1791537714.221854211] [bw_dr03_decoded_serial_node]: SEND MOTOR CMD: cd eb d7 09 74 46 46 53 53 1a 1a 00 00
[target_tracker-7] [INFO] [1791537714.272945531] [target_tracker_node]: muc tieu: d=2.10m goc=1.6deg nguon=camera+lidar conf=1.00 v=0.04m/s 
[decoded_serial_node-3] [INFO] [1791537714.288916096] [bw_dr03_decoded_serial_node]: RECEIVED /cmd_vel: linear.x=0.22, angular.z=0.0
[decoded_serial_node-3] [INFO] [1791537714.289306722] [bw_dr03_decoded_serial_node]: SEND MOTOR CMD: cd eb d7 09 74 46 46 53 53 1a 1a 00 00
[decoded_serial_node-3] [INFO] [1791537714.353714960] [bw_dr03_decoded_serial_node]: RECEIVED /cmd_vel: linear.x=0.22, angular.z=0.0
[decoded_serial_node-3] [INFO] [1791537714.354309804] [bw_dr03_decoded_serial_node]: SEND MOTOR CMD: cd eb d7 09 74 46 46 53 53 1a 1a 00 00
[follow_planner-8] [INFO] [1791537714.421459551] [follow_planner_node]: [FOLLOW] bam nguoi | d=2.09m goc=1deg | v=0.220 w=0.000 | thoang=0.14m
[decoded_serial_node-3] [INFO] [1791537714.421968909] [bw_dr03_decoded_serial_node]: RECEIVED /cmd_vel: linear.x=0.22, angular.z=0.0
[decoded_serial_node-3] [INFO] [1791537714.422445022] [bw_dr03_decoded_serial_node]: SEND MOTOR CMD: cd eb d7 09 74 46 46 53 53 1a 1a 00 00
[decoded_serial_node-3] [INFO] [1791537714.488447822] [bw_dr03_decoded_serial_node]: RECEIVED /cmd_vel: linear.x=0.22, angular.z=0.0
[decoded_serial_node-3] [INFO] [1791537714.489056915] [bw_dr03_decoded_serial_node]: SEND MOTOR CMD: cd eb d7 09 74 46 46 53 53 1a 1a 00 00
[decoded_serial_node-3] [INFO] [1791537714.559998943] [bw_dr03_decoded_serial_node]: RECEIVED /cmd_vel: linear.x=0.22, angular.z=0.0
[decoded_serial_node-3] [INFO] [1791537714.560526110] [bw_dr03_decoded_serial_node]: SEND MOTOR CMD: cd eb d7 09 74 46 46 53 53 1a 1a 00 00
[decoded_serial_node-3] [INFO] [1791537714.623403900] [bw_dr03_decoded_serial_node]: RECEIVED /cmd_vel: linear.x=0.22, angular.z=0.0
[decoded_serial_node-3] [INFO] [1791537714.623690043] [bw_dr03_decoded_serial_node]: SEND MOTOR CMD: cd eb d7 09 74 46 46 53 53 1a 1a 00 00
[decoded_serial_node-3] [INFO] [1791537714.676077910] [bw_dr03_decoded_serial_node]: RECEIVED /cmd_vel: linear.x=0.21999994360514258, angular.z=0.0
[decoded_serial_node-3] [INFO] [1791537714.676358117] [bw_dr03_decoded_serial_node]: SEND MOTOR CMD: cd eb d7 09 74 46 46 53 53 1a 1a 00 00
[decoded_serial_node-3] [INFO] [1791537714.742516456] [bw_dr03_decoded_serial_node]: RECEIVED /cmd_vel: linear.x=0.21999994360514258, angular.z=0.0
[decoded_serial_node-3] [INFO] [1791537714.742806160] [bw_dr03_decoded_serial_node]: SEND MOTOR CMD: cd eb d7 09 74 46 46 53 53 1a 1a 00 00
[decoded_serial_node-3] [INFO] [1791537714.827930657] [bw_dr03_decoded_serial_node]: RECEIVED /cmd_vel: linear.x=0.22, angular.z=0.125
[decoded_serial_node-3] [INFO] [1791537714.828288039] [bw_dr03_decoded_serial_node]: SEND MOTOR CMD: cd eb d7 09 74 46 46 53 53 1d 17 00 00
[decoded_serial_node-3] [INFO] [1791537714.894102057] [bw_dr03_decoded_serial_node]: RECEIVED /cmd_vel: linear.x=0.22, angular.z=0.125
[decoded_serial_node-3] [INFO] [1791537714.894460626] [bw_dr03_decoded_serial_node]: SEND MOTOR CMD: cd eb d7 09 74 46 46 53 53 1d 17 00 00
[decoded_serial_node-3] [INFO] [1791537714.964429056] [bw_dr03_decoded_serial_node]: RECEIVED /cmd_vel: linear.x=0.22, angular.z=0.125
[decoded_serial_node-3] [INFO] [1791537714.965020339] [bw_dr03_decoded_serial_node]: SEND MOTOR CMD: cd eb d7 09 74 46 46 53 53 1d 17 00 00
[decoded_serial_node-3] [INFO] [1791537715.039330777] [bw_dr03_decoded_serial_node]: RECEIVED /cmd_vel: linear.x=0.22, angular.z=0.125
[decoded_serial_node-3] [INFO] [1791537715.039785519] [bw_dr03_decoded_serial_node]: SEND MOTOR CMD: cd eb d7 09 74 46 46 53 53 1d 17 00 00
[decoded_serial_node-3] [INFO] [1791537715.099497928] [bw_dr03_decoded_serial_node]: RECEIVED /cmd_vel: linear.x=0.22, angular.z=0.125
[decoded_serial_node-3] [INFO] [1791537715.099930110] [bw_dr03_decoded_serial_node]: SEND MOTOR CMD: cd eb d7 09 74 46 46 53 53 1d 17 00 00
[decoded_serial_node-3] [INFO] [1791537715.163498916] [bw_dr03_decoded_serial_node]: RECEIVED /cmd_vel: linear.x=0.22, angular.z=0.0
[decoded_serial_node-3] [INFO] [1791537715.164137691] [bw_dr03_decoded_serial_node]: SEND MOTOR CMD: cd eb d7 09 74 46 46 53 53 1a 1a 00 00
[decoded_serial_node-3] [INFO] [1791537715.227663754] [bw_dr03_decoded_serial_node]: RECEIVED /cmd_vel: linear.x=0.22, angular.z=0.125
[decoded_serial_node-3] [INFO] [1791537715.228033009] [bw_dr03_decoded_serial_node]: SEND MOTOR CMD: cd eb d7 09 74 46 46 53 53 1d 17 00 00
[target_tracker-7] [INFO] [1791537715.273110582] [target_tracker_node]: muc tieu: d=1.87m goc=0.1deg nguon=camera+lidar conf=1.00 v=0.07m/s 
[decoded_serial_node-3] [INFO] [1791537715.296051869] [bw_dr03_decoded_serial_node]: RECEIVED /cmd_vel: linear.x=0.22, angular.z=0.125
[decoded_serial_node-3] [INFO] [1791537715.296349884] [bw_dr03_decoded_serial_node]: SEND MOTOR CMD: cd eb d7 09 74 46 46 53 53 1d 17 00 00
[decoded_serial_node-3] [INFO] [1791537715.357300663] [bw_dr03_decoded_serial_node]: RECEIVED /cmd_vel: linear.x=0.22, angular.z=0.125
[decoded_serial_node-3] [INFO] [1791537715.357565434] [bw_dr03_decoded_serial_node]: SEND MOTOR CMD: cd eb d7 09 74 46 46 53 53 1d 17 00 00
[follow_planner-8] [INFO] [1791537715.421849003] [follow_planner_node]: [FOLLOW] bam nguoi | d=1.87m goc=0deg | v=0.220 w=0.125 | thoang=0.17m
[decoded_serial_node-3] [INFO] [1791537715.421911930] [bw_dr03_decoded_serial_node]: RECEIVED /cmd_vel: linear.x=0.22, angular.z=0.125
[decoded_serial_node-3] [INFO] [1791537715.422149393] [bw_dr03_decoded_serial_node]: SEND MOTOR CMD: cd eb d7 09 74 46 46 53 53 1d 17 00 00
[decoded_serial_node-3] [INFO] [1791537715.488393218] [bw_dr03_decoded_serial_node]: RECEIVED /cmd_vel: linear.x=0.22, angular.z=0.125
[decoded_serial_node-3] [INFO] [1791537715.488640180] [bw_dr03_decoded_serial_node]: SEND MOTOR CMD: cd eb d7 09 74 46 46 53 53 1d 17 00 00
[decoded_serial_node-3] [INFO] [1791537715.554993238] [bw_dr03_decoded_serial_node]: RECEIVED /cmd_vel: linear.x=0.22, angular.z=0.0
[decoded_serial_node-3] [INFO] [1791537715.555347057] [bw_dr03_decoded_serial_node]: SEND MOTOR CMD: cd eb d7 09 74 46 46 53 53 1a 1a 00 00
[decoded_serial_node-3] [INFO] [1791537715.621561200] [bw_dr03_decoded_serial_node]: RECEIVED /cmd_vel: linear.x=0.22, angular.z=0.125
[decoded_serial_node-3] [INFO] [1791537715.621823596] [bw_dr03_decoded_serial_node]: SEND MOTOR CMD: cd eb d7 09 74 46 46 53 53 1d 17 00 00
[decoded_serial_node-3] [INFO] [1791537715.688412930] [bw_dr03_decoded_serial_node]: RECEIVED /cmd_vel: linear.x=0.22, angular.z=0.125
[decoded_serial_node-3] [INFO] [1791537715.688739441] [bw_dr03_decoded_serial_node]: SEND MOTOR CMD: cd eb d7 09 74 46 46 53 53 1d 17 00 00
[decoded_serial_node-3] [INFO] [1791537715.755950927] [bw_dr03_decoded_serial_node]: RECEIVED /cmd_vel: linear.x=0.22, angular.z=0.125
[decoded_serial_node-3] [INFO] [1791537715.756184828] [bw_dr03_decoded_serial_node]: SEND MOTOR CMD: cd eb d7 09 74 46 46 53 53 1d 17 00 00
[decoded_serial_node-3] [INFO] [1791537715.823915171] [bw_dr03_decoded_serial_node]: RECEIVED /cmd_vel: linear.x=0.22, angular.z=0.0
[decoded_serial_node-3] [INFO] [1791537715.824215561] [bw_dr03_decoded_serial_node]: SEND MOTOR CMD: cd eb d7 09 74 46 46 53 53 1a 1a 00 00
[decoded_serial_node-3] [INFO] [1791537715.889168776] [bw_dr03_decoded_serial_node]: RECEIVED /cmd_vel: linear.x=0.22, angular.z=0.0
[decoded_serial_node-3] [INFO] [1791537715.889712566] [bw_dr03_decoded_serial_node]: SEND MOTOR CMD: cd eb d7 09 74 46 46 53 53 1a 1a 00 00
[decoded_serial_node-3] [INFO] [1791537715.954333332] [bw_dr03_decoded_serial_node]: RECEIVED /cmd_vel: linear.x=0.22, angular.z=0.0
[decoded_serial_node-3] [INFO] [1791537715.954866436] [bw_dr03_decoded_serial_node]: SEND MOTOR CMD: cd eb d7 09 74 46 46 53 53 1a 1a 00 00
[decoded_serial_node-3] [INFO] [1791537716.025245677] [bw_dr03_decoded_serial_node]: RECEIVED /cmd_vel: linear.x=0.22, angular.z=0.0
[decoded_serial_node-3] [INFO] [1791537716.025720602] [bw_dr03_decoded_serial_node]: SEND MOTOR CMD: cd eb d7 09 74 46 46 53 53 1a 1a 00 00
[decoded_serial_node-3] [INFO] [1791537716.088687440] [bw_dr03_decoded_serial_node]: RECEIVED /cmd_vel: linear.x=0.22, angular.z=0.0
[decoded_serial_node-3] [INFO] [1791537716.089114873] [bw_dr03_decoded_serial_node]: SEND MOTOR CMD: cd eb d7 09 74 46 46 53 53 1a 1a 00 00
[decoded_serial_node-3] [INFO] [1791537716.156111455] [bw_dr03_decoded_serial_node]: RECEIVED /cmd_vel: linear.x=0.22, angular.z=0.0
[decoded_serial_node-3] [INFO] [1791537716.156352479] [bw_dr03_decoded_serial_node]: SEND MOTOR CMD: cd eb d7 09 74 46 46 53 53 1a 1a 00 00
[decoded_serial_node-3] [INFO] [1791537716.226161809] [bw_dr03_decoded_serial_node]: RECEIVED /cmd_vel: linear.x=0.22, angular.z=0.16
[decoded_serial_node-3] [INFO] [1791537716.226390960] [bw_dr03_decoded_serial_node]: SEND MOTOR CMD: cd eb d7 09 74 46 46 53 53 1e 17 00 00
[target_tracker-7] [INFO] [1791537716.272898060] [target_tracker_node]: muc tieu: d=1.75m goc=-5.8deg nguon=camera+lidar conf=1.00 v=0.07m/s 
[decoded_serial_node-3] [INFO] [1791537716.288436442] [bw_dr03_decoded_serial_node]: RECEIVED /cmd_vel: linear.x=0.22, angular.z=0.0
[decoded_serial_node-3] [INFO] [1791537716.288742769] [bw_dr03_decoded_serial_node]: SEND MOTOR CMD: cd eb d7 09 74 46 46 53 53 1a 1a 00 00
[decoded_serial_node-3] [INFO] [1791537716.354344256] [bw_dr03_decoded_serial_node]: RECEIVED /cmd_vel: linear.x=0.22, angular.z=0.0
[decoded_serial_node-3] [INFO] [1791537716.354633961] [bw_dr03_decoded_serial_node]: SEND MOTOR CMD: cd eb d7 09 74 46 46 53 53 1a 1a 00 00
[decoded_serial_node-3] [INFO] [1791537716.424887346] [bw_dr03_decoded_serial_node]: RECEIVED /cmd_vel: linear.x=0.22, angular.z=0.16
[decoded_serial_node-3] [INFO] [1791537716.425140244] [bw_dr03_decoded_serial_node]: SEND MOTOR CMD: cd eb d7 09 74 46 46 53 53 1e 17 00 00
[follow_planner-8] [INFO] [1791537716.487065806] [follow_planner_node]: [FOLLOW] di vong theo ban do (trai, 1.0m duong) | d=1.76m goc=-2deg | v=0.220 w=0.250 | thoang=0.28m
[decoded_serial_node-3] [INFO] [1791537716.487071743] [bw_dr03_decoded_serial_node]: RECEIVED /cmd_vel: linear.x=0.22, angular.z=0.25
[decoded_serial_node-3] [INFO] [1791537716.487299707] [bw_dr03_decoded_serial_node]: SEND MOTOR CMD: cd eb d7 09 74 46 46 53 53 21 14 00 00
[decoded_serial_node-3] [INFO] [1791537716.554647734] [bw_dr03_decoded_serial_node]: RECEIVED /cmd_vel: linear.x=0.22, angular.z=0.26875000000000004
[decoded_serial_node-3] [INFO] [1791537716.555000367] [bw_dr03_decoded_serial_node]: SEND MOTOR CMD: cd eb d7 09 74 46 46 53 53 21 14 00 00
[decoded_serial_node-3] [INFO] [1791537716.626143050] [bw_dr03_decoded_serial_node]: RECEIVED /cmd_vel: linear.x=0.22, angular.z=0.2757812500000001
[decoded_serial_node-3] [INFO] [1791537716.626398322] [bw_dr03_decoded_serial_node]: SEND MOTOR CMD: cd eb d7 09 74 46 46 53 53 21 14 00 00
[decoded_serial_node-3] [INFO] [1791537716.689859082] [bw_dr03_decoded_serial_node]: RECEIVED /cmd_vel: linear.x=0.22, angular.z=0.27841796875000013
[decoded_serial_node-3] [INFO] [1791537716.690457489] [bw_dr03_decoded_serial_node]: SEND MOTOR CMD: cd eb d7 09 74 46 46 53 53 21 14 00 00
[decoded_serial_node-3] [INFO] [1791537716.756863975] [bw_dr03_decoded_serial_node]: RECEIVED /cmd_vel: linear.x=0.22, angular.z=0.2794067382812502
[decoded_serial_node-3] [INFO] [1791537716.757133496] [bw_dr03_decoded_serial_node]: SEND MOTOR CMD: cd eb d7 09 74 46 46 53 53 21 14 00 00
[decoded_serial_node-3] [INFO] [1791537716.824430468] [bw_dr03_decoded_serial_node]: RECEIVED /cmd_vel: linear.x=0.22, angular.z=0.15974044799804688
[decoded_serial_node-3] [INFO] [1791537716.824732046] [bw_dr03_decoded_serial_node]: SEND MOTOR CMD: cd eb d7 09 74 46 46 53 53 1e 17 00 00
[decoded_serial_node-3] [INFO] [1791537716.890888009] [bw_dr03_decoded_serial_node]: RECEIVED /cmd_vel: linear.x=0.22, angular.z=0.125
[decoded_serial_node-3] [INFO] [1791537716.891186025] [bw_dr03_decoded_serial_node]: SEND MOTOR CMD: cd eb d7 09 74 46 46 53 53 1d 17 00 00
[decoded_serial_node-3] [INFO] [1791537716.958894995] [bw_dr03_decoded_serial_node]: RECEIVED /cmd_vel: linear.x=0.22, angular.z=0.125
[decoded_serial_node-3] [INFO] [1791537716.959411477] [bw_dr03_decoded_serial_node]: SEND MOTOR CMD: cd eb d7 09 74 46 46 53 53 1d 17 00 00
[decoded_serial_node-3] [INFO] [1791537717.026310699] [bw_dr03_decoded_serial_node]: RECEIVED /cmd_vel: linear.x=0.22, angular.z=0.125
[decoded_serial_node-3] [INFO] [1791537717.026637210] [bw_dr03_decoded_serial_node]: SEND MOTOR CMD: cd eb d7 09 74 46 46 53 53 1d 17 00 00
[decoded_serial_node-3] [INFO] [1791537717.092753992] [bw_dr03_decoded_serial_node]: RECEIVED /cmd_vel: linear.x=0.22, angular.z=0.125
[decoded_serial_node-3] [INFO] [1791537717.093037760] [bw_dr03_decoded_serial_node]: SEND MOTOR CMD: cd eb d7 09 74 46 46 53 53 1d 17 00 00
[decoded_serial_node-3] [INFO] [1791537717.155914361] [bw_dr03_decoded_serial_node]: RECEIVED /cmd_vel: linear.x=0.22, angular.z=0.125
[decoded_serial_node-3] [INFO] [1791537717.156191005] [bw_dr03_decoded_serial_node]: SEND MOTOR CMD: cd eb d7 09 74 46 46 53 53 1d 17 00 00
[decoded_serial_node-3] [INFO] [1791537717.223704068] [bw_dr03_decoded_serial_node]: RECEIVED /cmd_vel: linear.x=0.22, angular.z=0.125
[decoded_serial_node-3] [INFO] [1791537717.224396272] [bw_dr03_decoded_serial_node]: SEND MOTOR CMD: cd eb d7 09 74 46 46 53 53 1d 17 00 00
[decoded_serial_node-3] [INFO] [1791537717.289395791] [bw_dr03_decoded_serial_node]: RECEIVED /cmd_vel: linear.x=0.22, angular.z=0.125
[decoded_serial_node-3] [INFO] [1791537717.289642753] [bw_dr03_decoded_serial_node]: SEND MOTOR CMD: cd eb d7 09 74 46 46 53 53 1d 17 00 00
[target_tracker-7] [INFO] [1791537717.323062087] [target_tracker_node]: muc tieu: d=1.89m goc=5.2deg nguon=camera+lidar conf=0.98 v=0.71m/s 
[decoded_serial_node-3] [INFO] [1791537717.356202402] [bw_dr03_decoded_serial_node]: RECEIVED /cmd_vel: linear.x=0.22, angular.z=0.125
[decoded_serial_node-3] [INFO] [1791537717.356629835] [bw_dr03_decoded_serial_node]: SEND MOTOR CMD: cd eb d7 09 74 46 46 53 53 1d 17 00 00
[decoded_serial_node-3] [INFO] [1791537717.422702686] [bw_dr03_decoded_serial_node]: RECEIVED /cmd_vel: linear.x=0.22, angular.z=0.0
[decoded_serial_node-3] [INFO] [1791537717.422933025] [bw_dr03_decoded_serial_node]: SEND MOTOR CMD: cd eb d7 09 74 46 46 53 53 1a 1a 00 00
[follow_planner-8] [INFO] [1791537717.488111828] [follow_planner_node]: [FOLLOW] bam nguoi | d=2.09m goc=6deg | v=0.220 w=0.125 | thoang=0.19m
[decoded_serial_node-3] [INFO] [1791537717.488656806] [bw_dr03_decoded_serial_node]: RECEIVED /cmd_vel: linear.x=0.22, angular.z=0.125
[decoded_serial_node-3] [INFO] [1791537717.488894269] [bw_dr03_decoded_serial_node]: SEND MOTOR CMD: cd eb d7 09 74 46 46 53 53 1d 17 00 00
[decoded_serial_node-3] [INFO] [1791537717.554746279] [bw_dr03_decoded_serial_node]: RECEIVED /cmd_vel: linear.x=0.22, angular.z=0.125
[decoded_serial_node-3] [INFO] [1791537717.554973056] [bw_dr03_decoded_serial_node]: SEND MOTOR CMD: cd eb d7 09 74 46 46 53 53 1d 17 00 00
[decoded_serial_node-3] [INFO] [1791537717.625038845] [bw_dr03_decoded_serial_node]: RECEIVED /cmd_vel: linear.x=0.22, angular.z=0.25
[decoded_serial_node-3] [INFO] [1791537717.625425909] [bw_dr03_decoded_serial_node]: SEND MOTOR CMD: cd eb d7 09 74 46 46 53 53 21 14 00 00
[decoded_serial_node-3] [INFO] [1791537717.691427521] [bw_dr03_decoded_serial_node]: RECEIVED /cmd_vel: linear.x=0.22, angular.z=0.1468750000000001
[decoded_serial_node-3] [INFO] [1791537717.691670921] [bw_dr03_decoded_serial_node]: SEND MOTOR CMD: cd eb d7 09 74 46 46 53 53 1e 17 00 00
[decoded_serial_node-3] [INFO] [1791537717.755265847] [bw_dr03_decoded_serial_node]: RECEIVED /cmd_vel: linear.x=0.22, angular.z=0.25
[decoded_serial_node-3] [INFO] [1791537717.755504497] [bw_dr03_decoded_serial_node]: SEND MOTOR CMD: cd eb d7 09 74 46 46 53 53 21 14 00 00
[decoded_serial_node-3] [INFO] [1791537717.822355038] [bw_dr03_decoded_serial_node]: RECEIVED /cmd_vel: linear.x=0.22, angular.z=0.26875000000000004
[decoded_serial_node-3] [INFO] [1791537717.822599625] [bw_dr03_decoded_serial_node]: SEND MOTOR CMD: cd eb d7 09 74 46 46 53 53 21 14 00 00
[decoded_serial_node-3] [INFO] [1791537717.888499128] [bw_dr03_decoded_serial_node]: RECEIVED /cmd_vel: linear.x=0.22, angular.z=0.15507812499999996
[decoded_serial_node-3] [INFO] [1791537717.888743715] [bw_dr03_decoded_serial_node]: SEND MOTOR CMD: cd eb d7 09 74 46 46 53 53 1e 17 00 00
[decoded_serial_node-3] [INFO] [1791537717.942007820] [bw_dr03_decoded_serial_node]: RECEIVED /cmd_vel: linear.x=0.21768550903273284, angular.z=-0.1
[decoded_serial_node-3] [INFO] [1791537717.942241720] [bw_dr03_decoded_serial_node]: SEND MOTOR CMD: cd eb d7 09 74 46 46 53 53 18 1d 00 00
[decoded_serial_node-3] [INFO] [1791537718.022536221] [bw_dr03_decoded_serial_node]: RECEIVED /cmd_vel: linear.x=0.22, angular.z=0.125
[decoded_serial_node-3] [INFO] [1791537718.022792681] [bw_dr03_decoded_serial_node]: SEND MOTOR CMD: cd eb d7 09 74 46 46 53 53 1d 17 00 00
[decoded_serial_node-3] [INFO] [1791537718.088085466] [bw_dr03_decoded_serial_node]: RECEIVED /cmd_vel: linear.x=0.22, angular.z=0.125
[decoded_serial_node-3] [INFO] [1791537718.088598386] [bw_dr03_decoded_serial_node]: SEND MOTOR CMD: cd eb d7 09 74 46 46 53 53 1d 17 00 00
[decoded_serial_node-3] [INFO] [1791537718.156141131] [bw_dr03_decoded_serial_node]: RECEIVED /cmd_vel: linear.x=0.22, angular.z=0.125
[decoded_serial_node-3] [INFO] [1791537718.156380969] [bw_dr03_decoded_serial_node]: SEND MOTOR CMD: cd eb d7 09 74 46 46 53 53 1d 17 00 00
[decoded_serial_node-3] [INFO] [1791537718.221705811] [bw_dr03_decoded_serial_node]: RECEIVED /cmd_vel: linear.x=0.22, angular.z=0.125
[decoded_serial_node-3] [INFO] [1791537718.221951585] [bw_dr03_decoded_serial_node]: SEND MOTOR CMD: cd eb d7 09 74 46 46 53 53 1d 17 00 00
[decoded_serial_node-3] [INFO] [1791537718.288172850] [bw_dr03_decoded_serial_node]: RECEIVED /cmd_vel: linear.x=0.22, angular.z=0.125
[decoded_serial_node-3] [INFO] [1791537718.288499361] [bw_dr03_decoded_serial_node]: SEND MOTOR CMD: cd eb d7 09 74 46 46 53 53 1d 17 00 00
[target_tracker-7] [INFO] [1791537718.323674733] [target_tracker_node]: muc tieu: d=2.66m goc=5.6deg nguon=camera+lidar conf=1.00 v=0.84m/s 
[decoded_serial_node-3] [INFO] [1791537718.354831046] [bw_dr03_decoded_serial_node]: RECEIVED /cmd_vel: linear.x=0.22, angular.z=0.125
[decoded_serial_node-3] [INFO] [1791537718.355117189] [bw_dr03_decoded_serial_node]: SEND MOTOR CMD: cd eb d7 09 74 46 46 53 53 1d 17 00 00
[decoded_serial_node-3] [INFO] [1791537718.420779229] [bw_dr03_decoded_serial_node]: RECEIVED /cmd_vel: linear.x=0.22, angular.z=0.125
[decoded_serial_node-3] [INFO] [1791537718.421110489] [bw_dr03_decoded_serial_node]: SEND MOTOR CMD: cd eb d7 09 74 46 46 53 53 1d 17 00 00
[decoded_serial_node-3] [INFO] [1791537718.504085945] [bw_dr03_decoded_serial_node]: RECEIVED /cmd_vel: linear.x=0.22, angular.z=0.125
[decoded_serial_node-3] [INFO] [1791537718.504729470] [bw_dr03_decoded_serial_node]: SEND MOTOR CMD: cd eb d7 09 74 46 46 53 53 1d 17 00 00
[follow_planner-8] [INFO] [1791537718.553740614] [follow_planner_node]: [FOLLOW] di vong theo ban do (trai, 2.3m duong) | d=2.74m goc=9deg | v=0.220 w=0.125 | thoang=0.19m
[decoded_serial_node-3] [INFO] [1791537718.553745364] [bw_dr03_decoded_serial_node]: RECEIVED /cmd_vel: linear.x=0.22, angular.z=0.125
[decoded_serial_node-3] [INFO] [1791537718.553989950] [bw_dr03_decoded_serial_node]: SEND MOTOR CMD: cd eb d7 09 74 46 46 53 53 1d 17 00 00
[decoded_serial_node-3] [INFO] [1791537718.621381907] [bw_dr03_decoded_serial_node]: RECEIVED /cmd_vel: linear.x=0.22, angular.z=0.0
[decoded_serial_node-3] [INFO] [1791537718.621628868] [bw_dr03_decoded_serial_node]: SEND MOTOR CMD: cd eb d7 09 74 46 46 53 53 1a 1a 00 00
[decoded_serial_node-3] [INFO] [1791537718.691085564] [bw_dr03_decoded_serial_node]: RECEIVED /cmd_vel: linear.x=0.22, angular.z=0.0
[decoded_serial_node-3] [INFO] [1791537718.691319465] [bw_dr03_decoded_serial_node]: SEND MOTOR CMD: cd eb d7 09 74 46 46 53 53 1a 1a 00 00
[decoded_serial_node-3] [INFO] [1791537718.761962288] [bw_dr03_decoded_serial_node]: RECEIVED /cmd_vel: linear.x=0.22, angular.z=0.0
[decoded_serial_node-3] [INFO] [1791537718.762199751] [bw_dr03_decoded_serial_node]: SEND MOTOR CMD: cd eb d7 09 74 46 46 53 53 1a 1a 00 00
[decoded_serial_node-3] [INFO] [1791537718.824639420] [bw_dr03_decoded_serial_node]: RECEIVED /cmd_vel: linear.x=0.22, angular.z=0.0
[decoded_serial_node-3] [INFO] [1791537718.825231889] [bw_dr03_decoded_serial_node]: SEND MOTOR CMD: cd eb d7 09 74 46 46 53 53 1a 1a 00 00
[decoded_serial_node-3] [INFO] [1791537718.891209755] [bw_dr03_decoded_serial_node]: RECEIVED /cmd_vel: linear.x=0.22, angular.z=0.0
[decoded_serial_node-3] [INFO] [1791537718.891533891] [bw_dr03_decoded_serial_node]: SEND MOTOR CMD: cd eb d7 09 74 46 46 53 53 1a 1a 00 00
[decoded_serial_node-3] [INFO] [1791537718.966382181] [bw_dr03_decoded_serial_node]: RECEIVED /cmd_vel: linear.x=0.22, angular.z=0.0
[decoded_serial_node-3] [INFO] [1791537718.967189555] [bw_dr03_decoded_serial_node]: SEND MOTOR CMD: cd eb d7 09 74 46 46 53 53 1a 1a 00 00
[decoded_serial_node-3] [INFO] [1791537719.023260470] [bw_dr03_decoded_serial_node]: RECEIVED /cmd_vel: linear.x=0.22, angular.z=0.0
[decoded_serial_node-3] [INFO] [1791537719.023540676] [bw_dr03_decoded_serial_node]: SEND MOTOR CMD: cd eb d7 09 74 46 46 53 53 1a 1a 00 00
[decoded_serial_node-3] [INFO] [1791537719.088516448] [bw_dr03_decoded_serial_node]: RECEIVED /cmd_vel: linear.x=0.22, angular.z=0.0
[decoded_serial_node-3] [INFO] [1791537719.088774095] [bw_dr03_decoded_serial_node]: SEND MOTOR CMD: cd eb d7 09 74 46 46 53 53 1a 1a 00 00
[decoded_serial_node-3] [INFO] [1791537719.154259224] [bw_dr03_decoded_serial_node]: RECEIVED /cmd_vel: linear.x=0.22, angular.z=0.0
[decoded_serial_node-3] [INFO] [1791537719.154510935] [bw_dr03_decoded_serial_node]: SEND MOTOR CMD: cd eb d7 09 74 46 46 53 53 1a 1a 00 00
[decoded_serial_node-3] [INFO] [1791537719.229477956] [bw_dr03_decoded_serial_node]: RECEIVED /cmd_vel: linear.x=0.22, angular.z=0.0
[decoded_serial_node-3] [INFO] [1791537719.229834150] [bw_dr03_decoded_serial_node]: SEND MOTOR CMD: cd eb d7 09 74 46 46 53 53 1a 1a 00 00
[decoded_serial_node-3] [INFO] [1791537719.288640637] [bw_dr03_decoded_serial_node]: RECEIVED /cmd_vel: linear.x=0.22, angular.z=0.0
[decoded_serial_node-3] [INFO] [1791537719.288895909] [bw_dr03_decoded_serial_node]: SEND MOTOR CMD: cd eb d7 09 74 46 46 53 53 1a 1a 00 00
[target_tracker-7] [INFO] [1791537719.323097683] [target_tracker_node]: muc tieu: d=2.72m goc=19.5deg nguon=camera+lidar conf=1.00 v=0.45m/s 
[decoded_serial_node-3] [INFO] [1791537719.355532734] [bw_dr03_decoded_serial_node]: RECEIVED /cmd_vel: linear.x=0.22, angular.z=0.0
[decoded_serial_node-3] [INFO] [1791537719.355789194] [bw_dr03_decoded_serial_node]: SEND MOTOR CMD: cd eb d7 09 74 46 46 53 53 1a 1a 00 00
[decoded_serial_node-3] [INFO] [1791537719.421400178] [bw_dr03_decoded_serial_node]: RECEIVED /cmd_vel: linear.x=0.22, angular.z=0.125
[decoded_serial_node-3] [INFO] [1791537719.421644765] [bw_dr03_decoded_serial_node]: SEND MOTOR CMD: cd eb d7 09 74 46 46 53 53 1d 17 00 00
[decoded_serial_node-3] [INFO] [1791537719.496635532] [bw_dr03_decoded_serial_node]: RECEIVED /cmd_vel: linear.x=0.22, angular.z=0.125
[decoded_serial_node-3] [INFO] [1791537719.498171917] [bw_dr03_decoded_serial_node]: SEND MOTOR CMD: cd eb d7 09 74 46 46 53 53 1d 17 00 00
[decoded_serial_node-3] [INFO] [1791537719.554328318] [bw_dr03_decoded_serial_node]: RECEIVED /cmd_vel: linear.x=0.22, angular.z=0.25
[decoded_serial_node-3] [INFO] [1791537719.554868546] [bw_dr03_decoded_serial_node]: SEND MOTOR CMD: cd eb d7 09 74 46 46 53 53 21 14 00 00
[follow_planner-8] [INFO] [1791537719.621744020] [follow_planner_node]: [AVOID] ne vat can (phai) | d=2.61m goc=21deg | v=0.220 w=0.269 | thoang=0.15m
[decoded_serial_node-3] [INFO] [1791537719.621772516] [bw_dr03_decoded_serial_node]: RECEIVED /cmd_vel: linear.x=0.22, angular.z=0.26875000000000004
[decoded_serial_node-3] [INFO] [1791537719.622000480] [bw_dr03_decoded_serial_node]: SEND MOTOR CMD: cd eb d7 09 74 46 46 53 53 21 14 00 00
[decoded_serial_node-3] [INFO] [1791537719.687844179] [bw_dr03_decoded_serial_node]: RECEIVED /cmd_vel: linear.x=0.22, angular.z=0.2757812500000001
[decoded_serial_node-3] [INFO] [1791537719.688097077] [bw_dr03_decoded_serial_node]: SEND MOTOR CMD: cd eb d7 09 74 46 46 53 53 21 14 00 00
[decoded_serial_node-3] [INFO] [1791537719.755827417] [bw_dr03_decoded_serial_node]: RECEIVED /cmd_vel: linear.x=0.22, angular.z=0.27841796875000013
[decoded_serial_node-3] [INFO] [1791537719.756075566] [bw_dr03_decoded_serial_node]: SEND MOTOR CMD: cd eb d7 09 74 46 46 53 53 21 14 00 00
[decoded_serial_node-3] [INFO] [1791537719.822510547] [bw_dr03_decoded_serial_node]: RECEIVED /cmd_vel: linear.x=0.22, angular.z=0.2794067382812502
[decoded_serial_node-3] [INFO] [1791537719.822986660] [bw_dr03_decoded_serial_node]: SEND MOTOR CMD: cd eb d7 09 74 46 46 53 53 21 14 00 00
[decoded_serial_node-3] [INFO] [1791537719.888604768] [bw_dr03_decoded_serial_node]: RECEIVED /cmd_vel: linear.x=0.22, angular.z=0.27977752685546875
[decoded_serial_node-3] [INFO] [1791537719.889165180] [bw_dr03_decoded_serial_node]: SEND MOTOR CMD: cd eb d7 09 74 46 46 53 53 21 14 00 00
[decoded_serial_node-3] [INFO] [1791537719.955685648] [bw_dr03_decoded_serial_node]: RECEIVED /cmd_vel: linear.x=0.22, angular.z=0.2799165725708008
[decoded_serial_node-3] [INFO] [1791537719.956002661] [bw_dr03_decoded_serial_node]: SEND MOTOR CMD: cd eb d7 09 74 46 46 53 53 21 14 00 00
[decoded_serial_node-3] [INFO] [1791537720.022233423] [bw_dr03_decoded_serial_node]: RECEIVED /cmd_vel: linear.x=0.22, angular.z=0.2799687147140504
[decoded_serial_node-3] [INFO] [1791537720.022814020] [bw_dr03_decoded_serial_node]: SEND MOTOR CMD: cd eb d7 09 74 46 46 53 53 21 14 00 00
[decoded_serial_node-3] [INFO] [1791537720.088337143] [bw_dr03_decoded_serial_node]: RECEIVED /cmd_vel: linear.x=0.22, angular.z=0.279988268017769
[decoded_serial_node-3] [INFO] [1791537720.088594790] [bw_dr03_decoded_serial_node]: SEND MOTOR CMD: cd eb d7 09 74 46 46 53 53 21 14 00 00
[decoded_serial_node-3] [INFO] [1791537720.156946096] [bw_dr03_decoded_serial_node]: RECEIVED /cmd_vel: linear.x=0.22, angular.z=0.2799956005066635
[decoded_serial_node-3] [INFO] [1791537720.157196619] [bw_dr03_decoded_serial_node]: SEND MOTOR CMD: cd eb d7 09 74 46 46 53 53 21 14 00 00
[decoded_serial_node-3] [INFO] [1791537720.222826600] [bw_dr03_decoded_serial_node]: RECEIVED /cmd_vel: linear.x=0.22, angular.z=0.27999835018999875
[decoded_serial_node-3] [INFO] [1791537720.223073561] [bw_dr03_decoded_serial_node]: SEND MOTOR CMD: cd eb d7 09 74 46 46 53 53 21 14 00 00
[decoded_serial_node-3] [INFO] [1791537720.289020556] [bw_dr03_decoded_serial_node]: RECEIVED /cmd_vel: linear.x=0.22, angular.z=0.2799993813212496
[decoded_serial_node-3] [INFO] [1791537720.289275828] [bw_dr03_decoded_serial_node]: SEND MOTOR CMD: cd eb d7 09 74 46 46 53 53 21 14 00 00
[target_tracker-7] [INFO] [1791537720.323402801] [target_tracker_node]: muc tieu: d=2.44m goc=13.6deg nguon=camera+lidar conf=1.00 v=0.05m/s 
[decoded_serial_node-3] [INFO] [1791537720.356908808] [bw_dr03_decoded_serial_node]: RECEIVED /cmd_vel: linear.x=0.22, angular.z=0.27999976799546866
[decoded_serial_node-3] [INFO] [1791537720.357458535] [bw_dr03_decoded_serial_node]: SEND MOTOR CMD: cd eb d7 09 74 46 46 53 53 21 14 00 00
[decoded_serial_node-3] [INFO] [1791537720.422184970] [bw_dr03_decoded_serial_node]: RECEIVED /cmd_vel: linear.x=0.22, angular.z=0.27999991299830085
[decoded_serial_node-3] [INFO] [1791537720.422431931] [bw_dr03_decoded_serial_node]: SEND MOTOR CMD: cd eb d7 09 74 46 46 53 53 21 14 00 00
[decoded_serial_node-3] [INFO] [1791537720.489551992] [bw_dr03_decoded_serial_node]: RECEIVED /cmd_vel: linear.x=0.22, angular.z=0.1599999619367567
[decoded_serial_node-3] [INFO] [1791537720.489993673] [bw_dr03_decoded_serial_node]: SEND MOTOR CMD: cd eb d7 09 74 46 46 53 53 1e 17 00 00
[decoded_serial_node-3] [INFO] [1791537720.555664023] [bw_dr03_decoded_serial_node]: RECEIVED /cmd_vel: linear.x=0.22, angular.z=0.25
[decoded_serial_node-3] [INFO] [1791537720.555943042] [bw_dr03_decoded_serial_node]: SEND MOTOR CMD: cd eb d7 09 74 46 46 53 53 21 14 00 00
[decoded_serial_node-3] [INFO] [1791537720.622871945] [bw_dr03_decoded_serial_node]: RECEIVED /cmd_vel: linear.x=0.22, angular.z=0.1468750000000001
[decoded_serial_node-3] [INFO] [1791537720.623121281] [bw_dr03_decoded_serial_node]: SEND MOTOR CMD: cd eb d7 09 74 46 46 53 53 1e 17 00 00
[follow_planner-8] [INFO] [1791537720.689349668] [follow_planner_node]: [FOLLOW] bam nguoi | d=2.37m goc=8deg | v=0.220 w=0.125 | thoang=0.16m
[decoded_serial_node-3] [INFO] [1791537720.689717736] [bw_dr03_decoded_serial_node]: RECEIVED /cmd_vel: linear.x=0.22, angular.z=0.125
[decoded_serial_node-3] [INFO] [1791537720.690185537] [bw_dr03_decoded_serial_node]: SEND MOTOR CMD: cd eb d7 09 74 46 46 53 53 1d 17 00 00
[follow_planner-8] [INFO] [1791537720.696380943] [follow_planner_node]: self-filter: bo 16/241 tia dap vao than xe
[decoded_serial_node-3] [INFO] [1791537720.756396115] [bw_dr03_decoded_serial_node]: RECEIVED /cmd_vel: linear.x=0.22, angular.z=0.125
[decoded_serial_node-3] [INFO] [1791537720.756656137] [bw_dr03_decoded_serial_node]: SEND MOTOR CMD: cd eb d7 09 74 46 46 53 53 1d 17 00 00
[decoded_serial_node-3] [INFO] [1791537720.823379635] [bw_dr03_decoded_serial_node]: RECEIVED /cmd_vel: linear.x=0.22, angular.z=0.125
[decoded_serial_node-3] [INFO] [1791537720.823770261] [bw_dr03_decoded_serial_node]: SEND MOTOR CMD: cd eb d7 09 74 46 46 53 53 1d 17 00 00
[decoded_serial_node-3] [INFO] [1791537720.890160123] [bw_dr03_decoded_serial_node]: RECEIVED /cmd_vel: linear.x=0.22, angular.z=0.125
[decoded_serial_node-3] [INFO] [1791537720.890715787] [bw_dr03_decoded_serial_node]: SEND MOTOR CMD: cd eb d7 09 74 46 46 53 53 1d 17 00 00
[decoded_serial_node-3] [INFO] [1791537720.942439944] [bw_dr03_decoded_serial_node]: RECEIVED /cmd_vel: linear.x=0.21785096863332132, angular.z=-0.1
[decoded_serial_node-3] [INFO] [1791537720.942721337] [bw_dr03_decoded_serial_node]: SEND MOTOR CMD: cd eb d7 09 74 46 46 53 53 18 1d 00 00
[decoded_serial_node-3] [INFO] [1791537721.008449865] [bw_dr03_decoded_serial_node]: RECEIVED /cmd_vel: linear.x=0.2173751640417038, angular.z=-0.195
[decoded_serial_node-3] [INFO] [1791537721.008712262] [bw_dr03_decoded_serial_node]: SEND MOTOR CMD: cd eb d7 09 74 46 46 53 53 15 1f 00 00
[decoded_serial_node-3] [INFO] [1791537721.075610294] [bw_dr03_decoded_serial_node]: RECEIVED /cmd_vel: linear.x=0.2173751640417038, angular.z=-0.30925553698632713
[decoded_serial_node-3] [INFO] [1791537721.075973612] [bw_dr03_decoded_serial_node]: SEND MOTOR CMD: cd eb d7 09 74 46 46 53 53 13 22 00 00
[decoded_serial_node-3] [INFO] [1791537721.142317169] [bw_dr03_decoded_serial_node]: RECEIVED /cmd_vel: linear.x=0.21710337339445732, angular.z=-0.3249058837935481
[decoded_serial_node-3] [INFO] [1791537721.142560568] [bw_dr03_decoded_serial_node]: SEND MOTOR CMD: cd eb d7 09 74 46 46 53 53 12 22 00 00
[decoded_serial_node-3] [INFO] [1791537721.209618888] [bw_dr03_decoded_serial_node]: RECEIVED /cmd_vel: linear.x=0.21664995303416057, angular.z=-0.34947148627933156
[decoded_serial_node-3] [INFO] [1791537721.210004765] [bw_dr03_decoded_serial_node]: SEND MOTOR CMD: cd eb d7 09 74 46 46 53 53 12 23 00 00
[decoded_serial_node-3] [INFO] [1791537721.287946007] [bw_dr03_decoded_serial_node]: RECEIVED /cmd_vel: linear.x=0.22, angular.z=-0.18947148627933155
[decoded_serial_node-3] [INFO] [1791537721.288216715] [bw_dr03_decoded_serial_node]: SEND MOTOR CMD: cd eb d7 09 74 46 46 53 53 16 1f 00 00
[decoded_serial_node-3] [INFO] [1791537721.342535153] [bw_dr03_decoded_serial_node]: RECEIVED /cmd_vel: linear.x=0.2173991442246919, angular.z=-0.30783682669345824
[decoded_serial_node-3] [INFO] [1791537721.342807048] [bw_dr03_decoded_serial_node]: SEND MOTOR CMD: cd eb d7 09 74 46 46 53 53 13 22 00 00
[target_tracker-7] [INFO] [1791537721.372316555] [target_tracker_node]: muc tieu: d=2.15m goc=9.2deg nguon=lidar_track conf=0.90 v=0.15m/s 
[decoded_serial_node-3] [INFO] [1791537721.422399844] [bw_dr03_decoded_serial_node]: RECEIVED /cmd_vel: linear.x=0.22, angular.z=-0.14783682669345824
[decoded_serial_node-3] [INFO] [1791537721.422886643] [bw_dr03_decoded_serial_node]: SEND MOTOR CMD: cd eb d7 09 74 46 46 53 53 17 1e 00 00
[decoded_serial_node-3] [INFO] [1791537721.475777929] [bw_dr03_decoded_serial_node]: RECEIVED /cmd_vel: linear.x=0.21932142311061273, angular.z=-0.15712485075448746
[decoded_serial_node-3] [INFO] [1791537721.476335967] [bw_dr03_decoded_serial_node]: SEND MOTOR CMD: cd eb d7 09 74 46 46 53 53 17 1e 00 00
[decoded_serial_node-3] [INFO] [1791537721.555893143] [bw_dr03_decoded_serial_node]: RECEIVED /cmd_vel: linear.x=0.22, angular.z=0.1
[decoded_serial_node-3] [INFO] [1791537721.556137730] [bw_dr03_decoded_serial_node]: SEND MOTOR CMD: cd eb d7 09 74 46 46 53 53 1d 18 00 00
[decoded_serial_node-3] [INFO] [1791537721.622984708] [bw_dr03_decoded_serial_node]: RECEIVED /cmd_vel: linear.x=0.22, angular.z=0.16287514924551255
[decoded_serial_node-3] [INFO] [1791537721.623267289] [bw_dr03_decoded_serial_node]: SEND MOTOR CMD: cd eb d7 09 74 46 46 53 53 1e 16 00 00
[follow_planner-8] [INFO] [1791537721.675903303] [follow_planner_node]: [OCCLUDED] nguoi ra khoi camera — xoay ve huong nho cuoi | d=1.16m goc=38deg | v=0.197 w=0.323 | thoang=-
[decoded_serial_node-3] [INFO] [1791537721.676143140] [bw_dr03_decoded_serial_node]: RECEIVED /cmd_vel: linear.x=0.19666666666666666, angular.z=0.3228751492455125
[decoded_serial_node-3] [INFO] [1791537721.676510020] [bw_dr03_decoded_serial_node]: SEND MOTOR CMD: cd eb d7 09 74 46 46 53 53 1f 10 00 00
[decoded_serial_node-3] [INFO] [1791537721.742731283] [bw_dr03_decoded_serial_node]: RECEIVED /cmd_vel: linear.x=0.17333333333333334, angular.z=0.48287514924551256
[decoded_serial_node-3] [INFO] [1791537721.742980619] [bw_dr03_decoded_serial_node]: SEND MOTOR CMD: cd eb d7 09 74 46 46 53 53 21 09 00 00
[decoded_serial_node-3] [INFO] [1791537721.809260061] [bw_dr03_decoded_serial_node]: RECEIVED /cmd_vel: linear.x=0.15000000000000002, angular.z=0.6428751492455126
[decoded_serial_node-3] [INFO] [1791537721.809877465] [bw_dr03_decoded_serial_node]: SEND MOTOR CMD: cd eb d7 09 74 46 46 53 53 22 05 00 00
[decoded_serial_node-3] [INFO] [1791537721.876155719] [bw_dr03_decoded_serial_node]: RECEIVED /cmd_vel: linear.x=0.1266666666666667, angular.z=0.8028751492455126
[decoded_serial_node-3] [INFO] [1791537721.876513100] [bw_dr03_decoded_serial_node]: SEND MOTOR CMD: cd eb d7 09 74 46 42 53 53 23 05 00 00
[decoded_serial_node-3] [INFO] [1791537721.952847906] [bw_dr03_decoded_serial_node]: RECEIVED /cmd_vel: linear.x=0.11, angular.z=0.9628751492455127
[decoded_serial_node-3] [INFO] [1791537721.953408318] [bw_dr03_decoded_serial_node]: SEND MOTOR CMD: cd eb d7 09 74 46 42 53 53 24 0a 00 00
[decoded_serial_node-3] [INFO] [1791537722.019983401] [bw_dr03_decoded_serial_node]: RECEIVED /cmd_vel: linear.x=0.11, angular.z=1.0
[decoded_serial_node-3] [INFO] [1791537722.020238674] [bw_dr03_decoded_serial_node]: SEND MOTOR CMD: cd eb d7 09 74 46 42 53 53 25 0a 00 00
[decoded_serial_node-3] [INFO] [1791537722.086192791] [bw_dr03_decoded_serial_node]: RECEIVED /cmd_vel: linear.x=0.13333333333333333, angular.z=0.84
[decoded_serial_node-3] [INFO] [1791537722.086436190] [bw_dr03_decoded_serial_node]: SEND MOTOR CMD: cd eb d7 09 74 46 42 53 53 24 05 00 00
[decoded_serial_node-3] [INFO] [1791537722.142191278] [bw_dr03_decoded_serial_node]: RECEIVED /cmd_vel: linear.x=0.11, angular.z=0.9
[decoded_serial_node-3] [INFO] [1791537722.142432303] [bw_dr03_decoded_serial_node]: SEND MOTOR CMD: cd eb d7 09 74 46 42 53 53 23 08 00 00
[decoded_serial_node-3] [INFO] [1791537722.209663970] [bw_dr03_decoded_serial_node]: RECEIVED /cmd_vel: linear.x=0.08666666666666667, angular.z=0.9
[decoded_serial_node-3] [INFO] [1791537722.210015415] [bw_dr03_decoded_serial_node]: SEND MOTOR CMD: cd eb d7 09 74 46 42 53 53 20 0b 00 00
[decoded_serial_node-3] [INFO] [1791537722.275958846] [bw_dr03_decoded_serial_node]: RECEIVED /cmd_vel: linear.x=0.06333333333333334, angular.z=0.9
[decoded_serial_node-3] [INFO] [1791537722.276204621] [bw_dr03_decoded_serial_node]: SEND MOTOR CMD: cd eb d7 09 74 46 42 53 53 1d 0e 00 00
[decoded_serial_node-3] [INFO] [1791537722.341999638] [bw_dr03_decoded_serial_node]: RECEIVED /cmd_vel: linear.x=0.04000000000000001, angular.z=0.9
[decoded_serial_node-3] [INFO] [1791537722.342245412] [bw_dr03_decoded_serial_node]: SEND MOTOR CMD: cd eb d7 09 74 46 42 53 53 1a 11 00 00
[target_tracker-7] [INFO] [1791537722.373613066] [target_tracker_node]: muc tieu: d=0.71m goc=48.4deg nguon=lidar_track conf=0.75 v=1.10m/s [NGOAI KHUNG HINH]
[decoded_serial_node-3] [INFO] [1791537722.408875110] [bw_dr03_decoded_serial_node]: RECEIVED /cmd_vel: linear.x=0.035, angular.z=0.9
[decoded_serial_node-3] [INFO] [1791537722.409117323] [bw_dr03_decoded_serial_node]: SEND MOTOR CMD: cd eb d7 09 74 46 42 53 53 1a 11 00 00
[decoded_serial_node-3] [INFO] [1791537722.475749396] [bw_dr03_decoded_serial_node]: RECEIVED /cmd_vel: linear.x=0.0, angular.z=0.9
[decoded_serial_node-3] [INFO] [1791537722.476094904] [bw_dr03_decoded_serial_node]: SEND MOTOR CMD: cd eb d7 09 74 46 42 53 53 15 15 00 00
[decoded_serial_node-3] [INFO] [1791537722.541971846] [bw_dr03_decoded_serial_node]: RECEIVED /cmd_vel: linear.x=0.0, angular.z=0.9
[decoded_serial_node-3] [INFO] [1791537722.542210496] [bw_dr03_decoded_serial_node]: SEND MOTOR CMD: cd eb d7 09 74 46 42 53 53 15 15 00 00
[decoded_serial_node-3] [INFO] [1791537722.609112090] [bw_dr03_decoded_serial_node]: RECEIVED /cmd_vel: linear.x=0.0, angular.z=0.9
[decoded_serial_node-3] [INFO] [1791537722.609378048] [bw_dr03_decoded_serial_node]: SEND MOTOR CMD: cd eb d7 09 74 46 42 53 53 15 15 00 00
[decoded_serial_node-3] [INFO] [1791537722.675252615] [bw_dr03_decoded_serial_node]: RECEIVED /cmd_vel: linear.x=0.0, angular.z=0.9
[decoded_serial_node-3] [INFO] [1791537722.675492453] [bw_dr03_decoded_serial_node]: SEND MOTOR CMD: cd eb d7 09 74 46 42 53 53 15 15 00 00
[decoded_serial_node-3] [INFO] [1791537722.742155397] [bw_dr03_decoded_serial_node]: RECEIVED /cmd_vel: linear.x=0.0, angular.z=0.9
[decoded_serial_node-3] [INFO] [1791537722.742386923] [bw_dr03_decoded_serial_node]: SEND MOTOR CMD: cd eb d7 09 74 46 42 53 53 15 15 00 00
[follow_planner-8] [INFO] [1791537722.742430853] [follow_planner_node]: [OCCLUDED] nguoi ra khoi camera — xoay ve huong nho cuoi | d=0.65m goc=57deg | v=0.000 w=0.900 | thoang=-
[decoded_serial_node-3] [INFO] [1791537722.809417934] [bw_dr03_decoded_serial_node]: RECEIVED /cmd_vel: linear.x=0.0, angular.z=0.9
[decoded_serial_node-3] [INFO] [1791537722.809727823] [bw_dr03_decoded_serial_node]: SEND MOTOR CMD: cd eb d7 09 74 46 42 53 53 15 15 00 00
[decoded_serial_node-3] [INFO] [1791537722.875691439] [bw_dr03_decoded_serial_node]: RECEIVED /cmd_vel: linear.x=0.0, angular.z=0.9
[decoded_serial_node-3] [INFO] [1791537722.875936025] [bw_dr03_decoded_serial_node]: SEND MOTOR CMD: cd eb d7 09 74 46 42 53 53 15 15 00 00
[decoded_serial_node-3] [INFO] [1791537722.942241587] [bw_dr03_decoded_serial_node]: RECEIVED /cmd_vel: linear.x=0.0, angular.z=0.9
[decoded_serial_node-3] [INFO] [1791537722.942500422] [bw_dr03_decoded_serial_node]: SEND MOTOR CMD: cd eb d7 09 74 46 42 53 53 15 15 00 00
[python3-4] [INFO] [1791537722.961225554] [identity_lock_node]: camera: nhan 12.5 fps (phoi sang 30 ms, do sang 63), xu ly 12.5 Hz, TB 21 ms/khung, tre tu luc chup 50.5 ms, 1 nguoi, status LOST_REJECTED_CANDIDATE
[decoded_serial_node-3] [INFO] [1791537723.008998329] [bw_dr03_decoded_serial_node]: RECEIVED /cmd_vel: linear.x=0.0, angular.z=0.9
[decoded_serial_node-3] [INFO] [1791537723.009270224] [bw_dr03_decoded_serial_node]: SEND MOTOR CMD: cd eb d7 09 74 46 42 53 53 15 15 00 00
[decoded_serial_node-3] [INFO] [1791537723.078066771] [bw_dr03_decoded_serial_node]: RECEIVED /cmd_vel: linear.x=0.0, angular.z=0.9
[decoded_serial_node-3] [INFO] [1791537723.078487080] [bw_dr03_decoded_serial_node]: SEND MOTOR CMD: cd eb d7 09 74 46 42 53 53 15 15 00 00
[decoded_serial_node-3] [INFO] [1791537723.142539119] [bw_dr03_decoded_serial_node]: RECEIVED /cmd_vel: linear.x=0.0, angular.z=0.9
[decoded_serial_node-3] [INFO] [1791537723.142859694] [bw_dr03_decoded_serial_node]: SEND MOTOR CMD: cd eb d7 09 74 46 42 53 53 15 15 00 00
[decoded_serial_node-3] [INFO] [1791537723.209142696] [bw_dr03_decoded_serial_node]: RECEIVED /cmd_vel: linear.x=0.0, angular.z=0.9
[decoded_serial_node-3] [INFO] [1791537723.209460897] [bw_dr03_decoded_serial_node]: SEND MOTOR CMD: cd eb d7 09 74 46 42 53 53 15 15 00 00
[decoded_serial_node-3] [INFO] [1791537723.275644165] [bw_dr03_decoded_serial_node]: RECEIVED /cmd_vel: linear.x=0.0, angular.z=0.9
[decoded_serial_node-3] [INFO] [1791537723.276395735] [bw_dr03_decoded_serial_node]: SEND MOTOR CMD: cd eb d7 09 74 46 42 53 53 15 15 00 00
[decoded_serial_node-3] [INFO] [1791537723.342815279] [bw_dr03_decoded_serial_node]: RECEIVED /cmd_vel: linear.x=0.0, angular.z=0.9
[decoded_serial_node-3] [INFO] [1791537723.343214216] [bw_dr03_decoded_serial_node]: SEND MOTOR CMD: cd eb d7 09 74 46 42 53 53 15 15 00 00
[decoded_serial_node-3] [INFO] [1791537723.410331901] [bw_dr03_decoded_serial_node]: RECEIVED /cmd_vel: linear.x=0.0, angular.z=0.9
[decoded_serial_node-3] [INFO] [1791537723.410976612] [bw_dr03_decoded_serial_node]: SEND MOTOR CMD: cd eb d7 09 74 46 42 53 53 15 15 00 00
[target_tracker-7] [INFO] [1791537723.423203574] [target_tracker_node]: muc tieu: d=0.81m goc=66.7deg nguon=lidar_track conf=0.75 v=0.80m/s [NGOAI KHUNG HINH]
[decoded_serial_node-3] [INFO] [1791537723.476201718] [bw_dr03_decoded_serial_node]: RECEIVED /cmd_vel: linear.x=0.0, angular.z=0.9
[decoded_serial_node-3] [INFO] [1791537723.476646961] [bw_dr03_decoded_serial_node]: SEND MOTOR CMD: cd eb d7 09 74 46 42 53 53 15 15 00 00
[decoded_serial_node-3] [INFO] [1791537723.542755428] [bw_dr03_decoded_serial_node]: RECEIVED /cmd_vel: linear.x=0.0, angular.z=0.9
[decoded_serial_node-3] [INFO] [1791537723.543169801] [bw_dr03_decoded_serial_node]: SEND MOTOR CMD: cd eb d7 09 74 46 42 53 53 15 15 00 00
[decoded_serial_node-3] [INFO] [1791537723.610194875] [bw_dr03_decoded_serial_node]: RECEIVED /cmd_vel: linear.x=0.0, angular.z=0.9
[decoded_serial_node-3] [INFO] [1791537723.610623495] [bw_dr03_decoded_serial_node]: SEND MOTOR CMD: cd eb d7 09 74 46 42 53 53 15 15 00 00
[decoded_serial_node-3] [INFO] [1791537723.676084877] [bw_dr03_decoded_serial_node]: RECEIVED /cmd_vel: linear.x=0.0, angular.z=0.9
[decoded_serial_node-3] [INFO] [1791537723.676506373] [bw_dr03_decoded_serial_node]: SEND MOTOR CMD: cd eb d7 09 74 46 42 53 53 15 15 00 00
[decoded_serial_node-3] [INFO] [1791537723.742769191] [bw_dr03_decoded_serial_node]: RECEIVED /cmd_vel: linear.x=0.0, angular.z=0.9
[decoded_serial_node-3] [INFO] [1791537723.743140821] [bw_dr03_decoded_serial_node]: SEND MOTOR CMD: cd eb d7 09 74 46 42 53 53 15 15 00 00
[follow_planner-8] [INFO] [1791537723.809216043] [follow_planner_node]: [OCCLUDED] nguoi ra khoi camera — xoay ve huong nho cuoi | d=0.71m goc=69deg | v=0.000 w=0.900 | thoang=-
[decoded_serial_node-3] [INFO] [1791537723.810105342] [bw_dr03_decoded_serial_node]: RECEIVED /cmd_vel: linear.x=0.0, angular.z=0.9
[decoded_serial_node-3] [INFO] [1791537723.810674065] [bw_dr03_decoded_serial_node]: SEND MOTOR CMD: cd eb d7 09 74 46 42 53 53 15 15 00 00
[decoded_serial_node-3] [INFO] [1791537723.876503514] [bw_dr03_decoded_serial_node]: RECEIVED /cmd_vel: linear.x=0.0, angular.z=0.9
[decoded_serial_node-3] [INFO] [1791537723.876819339] [bw_dr03_decoded_serial_node]: SEND MOTOR CMD: cd eb d7 09 74 46 42 53 53 15 15 00 00
[decoded_serial_node-3] [INFO] [1791537723.943016855] [bw_dr03_decoded_serial_node]: RECEIVED /cmd_vel: linear.x=0.0, angular.z=0.9
[decoded_serial_node-3] [INFO] [1791537723.943673440] [bw_dr03_decoded_serial_node]: SEND MOTOR CMD: cd eb d7 09 74 46 42 53 53 15 15 00 00
[decoded_serial_node-3] [INFO] [1791537724.009659614] [bw_dr03_decoded_serial_node]: RECEIVED /cmd_vel: linear.x=0.0, angular.z=0.9
[decoded_serial_node-3] [INFO] [1791537724.009951694] [bw_dr03_decoded_serial_node]: SEND MOTOR CMD: cd eb d7 09 74 46 42 53 53 15 15 00 00
[decoded_serial_node-3] [INFO] [1791537724.075499748] [bw_dr03_decoded_serial_node]: RECEIVED /cmd_vel: linear.x=0.0, angular.z=0.9
[decoded_serial_node-3] [INFO] [1791537724.075872565] [bw_dr03_decoded_serial_node]: SEND MOTOR CMD: cd eb d7 09 74 46 42 53 53 15 15 00 00
[decoded_serial_node-3] [INFO] [1791537724.142246990] [bw_dr03_decoded_serial_node]: RECEIVED /cmd_vel: linear.x=0.0, angular.z=0.9
[decoded_serial_node-3] [INFO] [1791537724.142529571] [bw_dr03_decoded_serial_node]: SEND MOTOR CMD: cd eb d7 09 74 46 42 53 53 15 15 00 00
[decoded_serial_node-3] [INFO] [1791537724.209763612] [bw_dr03_decoded_serial_node]: RECEIVED /cmd_vel: linear.x=0.0, angular.z=0.9
[decoded_serial_node-3] [INFO] [1791537724.210186296] [bw_dr03_decoded_serial_node]: SEND MOTOR CMD: cd eb d7 09 74 46 42 53 53 15 15 00 00
[decoded_serial_node-3] [INFO] [1791537724.276212838] [bw_dr03_decoded_serial_node]: RECEIVED /cmd_vel: linear.x=0.0, angular.z=0.9
[decoded_serial_node-3] [INFO] [1791537724.276472860] [bw_dr03_decoded_serial_node]: SEND MOTOR CMD: cd eb d7 09 74 46 42 53 53 15 15 00 00
[decoded_serial_node-3] [INFO] [1791537724.342472094] [bw_dr03_decoded_serial_node]: RECEIVED /cmd_vel: linear.x=0.0, angular.z=0.9
[decoded_serial_node-3] [INFO] [1791537724.342770110] [bw_dr03_decoded_serial_node]: SEND MOTOR CMD: cd eb d7 09 74 46 42 53 53 15 15 00 00
[decoded_serial_node-3] [INFO] [1791537724.409234771] [bw_dr03_decoded_serial_node]: RECEIVED /cmd_vel: linear.x=0.0, angular.z=0.9
[decoded_serial_node-3] [INFO] [1791537724.409511415] [bw_dr03_decoded_serial_node]: SEND MOTOR CMD: cd eb d7 09 74 46 42 53 53 15 15 00 00
[target_tracker-7] [INFO] [1791537724.473126522] [target_tracker_node]: muc tieu: d=1.29m goc=64.1deg nguon=lidar_track conf=0.75 v=1.21m/s [NGOAI KHUNG HINH]
[decoded_serial_node-3] [INFO] [1791537724.475547456] [bw_dr03_decoded_serial_node]: RECEIVED /cmd_vel: linear.x=0.0, angular.z=0.9
[decoded_serial_node-3] [INFO] [1791537724.475859720] [bw_dr03_decoded_serial_node]: SEND MOTOR CMD: cd eb d7 09 74 46 42 53 53 15 15 00 00
[decoded_serial_node-3] [INFO] [1791537724.542722131] [bw_dr03_decoded_serial_node]: RECEIVED /cmd_vel: linear.x=0.0, angular.z=0.9
[decoded_serial_node-3] [INFO] [1791537724.543495073] [bw_dr03_decoded_serial_node]: SEND MOTOR CMD: cd eb d7 09 74 46 42 53 53 15 15 00 00
[decoded_serial_node-3] [INFO] [1791537724.609798259] [bw_dr03_decoded_serial_node]: RECEIVED /cmd_vel: linear.x=0.0, angular.z=0.9
[decoded_serial_node-3] [INFO] [1791537724.610121209] [bw_dr03_decoded_serial_node]: SEND MOTOR CMD: cd eb d7 09 74 46 42 53 53 15 15 00 00
[decoded_serial_node-3] [INFO] [1791537724.676213053] [bw_dr03_decoded_serial_node]: RECEIVED /cmd_vel: linear.x=0.0, angular.z=0.9
[decoded_serial_node-3] [INFO] [1791537724.676545501] [bw_dr03_decoded_serial_node]: SEND MOTOR CMD: cd eb d7 09 74 46 42 53 53 15 15 00 00
[decoded_serial_node-3] [INFO] [1791537724.742620723] [bw_dr03_decoded_serial_node]: RECEIVED /cmd_vel: linear.x=0.0, angular.z=0.9
[decoded_serial_node-3] [INFO] [1791537724.742935362] [bw_dr03_decoded_serial_node]: SEND MOTOR CMD: cd eb d7 09 74 46 42 53 53 15 15 00 00
[decoded_serial_node-3] [INFO] [1791537724.809899882] [bw_dr03_decoded_serial_node]: RECEIVED /cmd_vel: linear.x=0.0, angular.z=0.9
[decoded_serial_node-3] [INFO] [1791537724.810285759] [bw_dr03_decoded_serial_node]: SEND MOTOR CMD: cd eb d7 09 74 46 42 53 53 15 15 00 00
[follow_planner-8] [INFO] [1791537724.875238970] [follow_planner_node]: [OCCLUDED] nguoi ra khoi camera — xoay ve huong nho cuoi | d=1.39m goc=42deg | v=0.000 w=0.900 | thoang=-
[decoded_serial_node-3] [INFO] [1791537724.876089087] [bw_dr03_decoded_serial_node]: RECEIVED /cmd_vel: linear.x=0.0, angular.z=0.9
[decoded_serial_node-3] [INFO] [1791537724.876431033] [bw_dr03_decoded_serial_node]: SEND MOTOR CMD: cd eb d7 09 74 46 42 53 53 15 15 00 00
[decoded_serial_node-3] [INFO] [1791537724.943155716] [bw_dr03_decoded_serial_node]: RECEIVED /cmd_vel: linear.x=0.0, angular.z=0.9
[decoded_serial_node-3] [INFO] [1791537724.943726814] [bw_dr03_decoded_serial_node]: SEND MOTOR CMD: cd eb d7 09 74 46 42 53 53 15 15 00 00
[decoded_serial_node-3] [INFO] [1791537725.009844780] [bw_dr03_decoded_serial_node]: RECEIVED /cmd_vel: linear.x=0.0, angular.z=0.9
[decoded_serial_node-3] [INFO] [1791537725.010223533] [bw_dr03_decoded_serial_node]: SEND MOTOR CMD: cd eb d7 09 74 46 42 53 53 15 15 00 00
[decoded_serial_node-3] [INFO] [1791537725.076238202] [bw_dr03_decoded_serial_node]: RECEIVED /cmd_vel: linear.x=0.0, angular.z=0.9
[decoded_serial_node-3] [INFO] [1791537725.076873415] [bw_dr03_decoded_serial_node]: SEND MOTOR CMD: cd eb d7 09 74 46 42 53 53 15 15 00 00
[decoded_serial_node-3] [INFO] [1791537725.142706424] [bw_dr03_decoded_serial_node]: RECEIVED /cmd_vel: linear.x=0.0, angular.z=0.9
[decoded_serial_node-3] [INFO] [1791537725.143263275] [bw_dr03_decoded_serial_node]: SEND MOTOR CMD: cd eb d7 09 74 46 42 53 53 15 15 00 00
[decoded_serial_node-3] [INFO] [1791537725.209245886] [bw_dr03_decoded_serial_node]: RECEIVED /cmd_vel: linear.x=0.0, angular.z=0.9
[decoded_serial_node-3] [INFO] [1791537725.209555775] [bw_dr03_decoded_serial_node]: SEND MOTOR CMD: cd eb d7 09 74 46 42 53 53 15 15 00 00
[decoded_serial_node-3] [INFO] [1791537725.275473084] [bw_dr03_decoded_serial_node]: RECEIVED /cmd_vel: linear.x=0.0, angular.z=0.9
[decoded_serial_node-3] [INFO] [1791537725.275722420] [bw_dr03_decoded_serial_node]: SEND MOTOR CMD: cd eb d7 09 74 46 42 53 53 15 15 00 00
[decoded_serial_node-3] [INFO] [1791537725.342102781] [bw_dr03_decoded_serial_node]: RECEIVED /cmd_vel: linear.x=0.0, angular.z=0.74
[decoded_serial_node-3] [INFO] [1791537725.342457788] [bw_dr03_decoded_serial_node]: SEND MOTOR CMD: cd eb d7 09 74 46 42 53 53 12 12 00 00
[decoded_serial_node-3] [INFO] [1791537725.409517293] [bw_dr03_decoded_serial_node]: RECEIVED /cmd_vel: linear.x=0.0, angular.z=0.70246
[decoded_serial_node-3] [INFO] [1791537725.410014778] [bw_dr03_decoded_serial_node]: SEND MOTOR CMD: cd eb d7 09 74 46 42 53 53 11 11 00 00
[decoded_serial_node-3] [INFO] [1791537725.486077687] [bw_dr03_decoded_serial_node]: RECEIVED /cmd_vel: linear.x=0.035, angular.z=0.5424599999999999
[decoded_serial_node-3] [INFO] [1791537725.486315149] [bw_dr03_decoded_serial_node]: SEND MOTOR CMD: cd eb d7 09 74 46 42 53 53 11 08 00 00
[target_tracker-7] [INFO] [1791537725.522947354] [target_tracker_node]: muc tieu: d=1.73m goc=4.8deg nguon=lidar_track conf=0.75 v=0.97m/s 
[decoded_serial_node-3] [INFO] [1791537725.552051987] [bw_dr03_decoded_serial_node]: RECEIVED /cmd_vel: linear.x=0.04666666666666666, angular.z=0.3824599999999999
[decoded_serial_node-3] [INFO] [1791537725.552315570] [bw_dr03_decoded_serial_node]: SEND MOTOR CMD: cd eb d7 09 74 46 42 53 53 0f 05 00 00
[decoded_serial_node-3] [INFO] [1791537725.619854750] [bw_dr03_decoded_serial_node]: RECEIVED /cmd_vel: linear.x=0.06999999999999999, angular.z=0.2224599999999999
[decoded_serial_node-3] [INFO] [1791537725.620100524] [bw_dr03_decoded_serial_node]: SEND MOTOR CMD: cd eb d7 09 74 46 46 53 53 0d 05 00 00
[decoded_serial_node-3] [INFO] [1791537725.687111350] [bw_dr03_decoded_serial_node]: RECEIVED /cmd_vel: linear.x=0.09333333333333332, angular.z=0.1
[decoded_serial_node-3] [INFO] [1791537725.687352375] [bw_dr03_decoded_serial_node]: SEND MOTOR CMD: cd eb d7 09 74 46 46 53 53 0d 08 00 00
[decoded_serial_node-3] [INFO] [1791537725.742805884] [bw_dr03_decoded_serial_node]: RECEIVED /cmd_vel: linear.x=0.11666666666666665, angular.z=0.2224599999999999
[decoded_serial_node-3] [INFO] [1791537725.743382918] [bw_dr03_decoded_serial_node]: SEND MOTOR CMD: cd eb d7 09 74 46 46 53 53 13 08 00 00
[decoded_serial_node-3] [INFO] [1791537725.809242049] [bw_dr03_decoded_serial_node]: RECEIVED /cmd_vel: linear.x=0.13999999999999999, angular.z=0.22111489894135386
[decoded_serial_node-3] [INFO] [1791537725.809621989] [bw_dr03_decoded_serial_node]: SEND MOTOR CMD: cd eb d7 09 74 46 46 53 53 16 0b 00 00
[decoded_serial_node-3] [INFO] [1791537725.875421754] [bw_dr03_decoded_serial_node]: RECEIVED /cmd_vel: linear.x=0.16333333333333333, angular.z=0.22111489894135386
[decoded_serial_node-3] [INFO] [1791537725.875723332] [bw_dr03_decoded_serial_node]: SEND MOTOR CMD: cd eb d7 09 74 46 46 53 53 19 0e 00 00
[follow_planner-8] [INFO] [1791537725.942094195] [follow_planner_node]: [OCCLUDED] chui khe hep — vao truc giua khe (lech 1.28m) | d=2.02m goc=-16deg | v=0.187 w=0.172 | thoang=-
[decoded_serial_node-3] [INFO] [1791537725.942190367] [bw_dr03_decoded_serial_node]: RECEIVED /cmd_vel: linear.x=0.18666666666666665, angular.z=0.17163034295735122
[decoded_serial_node-3] [INFO] [1791537725.942483634] [bw_dr03_decoded_serial_node]: SEND MOTOR CMD: cd eb d7 09 74 46 46 53 53 1b 12 00 00
[decoded_serial_node-3] [INFO] [1791537726.009915956] [bw_dr03_decoded_serial_node]: RECEIVED /cmd_vel: linear.x=0.20999999999999996, angular.z=0.1
[decoded_serial_node-3] [INFO] [1791537726.010266213] [bw_dr03_decoded_serial_node]: SEND MOTOR CMD: cd eb d7 09 74 46 46 53 53 1c 17 00 00
[decoded_serial_node-3] [INFO] [1791537726.104293185] [bw_dr03_decoded_serial_node]: RECEIVED /cmd_vel: linear.x=0.22, angular.z=0.0
[decoded_serial_node-3] [INFO] [1791537726.104880906] [bw_dr03_decoded_serial_node]: SEND MOTOR CMD: cd eb d7 09 74 46 46 53 53 1a 1a 00 00
[decoded_serial_node-3] [INFO] [1791537726.164371282] [bw_dr03_decoded_serial_node]: RECEIVED /cmd_vel: linear.x=0.22, angular.z=0.0
[decoded_serial_node-3] [INFO] [1791537726.164943568] [bw_dr03_decoded_serial_node]: SEND MOTOR CMD: cd eb d7 09 74 46 46 53 53 1a 1a 00 00
[decoded_serial_node-3] [INFO] [1791537726.231824975] [bw_dr03_decoded_serial_node]: RECEIVED /cmd_vel: linear.x=0.22, angular.z=0.0
[decoded_serial_node-3] [INFO] [1791537726.232393699] [bw_dr03_decoded_serial_node]: SEND MOTOR CMD: cd eb d7 09 74 46 46 53 53 1a 1a 00 00
[decoded_serial_node-3] [INFO] [1791537726.308922034] [bw_dr03_decoded_serial_node]: RECEIVED /cmd_vel: linear.x=0.22, angular.z=0.0
[decoded_serial_node-3] [INFO] [1791537726.309380337] [bw_dr03_decoded_serial_node]: SEND MOTOR CMD: cd eb d7 09 74 46 46 53 53 1a 1a 00 00
[decoded_serial_node-3] [INFO] [1791537726.363859061] [bw_dr03_decoded_serial_node]: RECEIVED /cmd_vel: linear.x=0.22, angular.z=0.0
[decoded_serial_node-3] [INFO] [1791537726.364263935] [bw_dr03_decoded_serial_node]: SEND MOTOR CMD: cd eb d7 09 74 46 46 53 53 1a 1a 00 00
[decoded_serial_node-3] [INFO] [1791537726.428479822] [bw_dr03_decoded_serial_node]: RECEIVED /cmd_vel: linear.x=0.22, angular.z=-0.125
[decoded_serial_node-3] [INFO] [1791537726.428860950] [bw_dr03_decoded_serial_node]: SEND MOTOR CMD: cd eb d7 09 74 46 46 53 53 17 1d 00 00
[decoded_serial_node-3] [INFO] [1791537726.493291741] [bw_dr03_decoded_serial_node]: RECEIVED /cmd_vel: linear.x=0.22, angular.z=-0.125
[decoded_serial_node-3] [INFO] [1791537726.493689492] [bw_dr03_decoded_serial_node]: SEND MOTOR CMD: cd eb d7 09 74 46 46 53 53 17 1d 00 00
[target_tracker-7] [INFO] [1791537726.523476830] [target_tracker_node]: muc tieu: d=2.28m goc=-30.1deg nguon=predicted conf=0.60 v=0.48m/s 
[decoded_serial_node-3] [INFO] [1791537726.572193518] [bw_dr03_decoded_serial_node]: RECEIVED /cmd_vel: linear.x=0.22, angular.z=-0.125
[decoded_serial_node-3] [INFO] [1791537726.572476099] [bw_dr03_decoded_serial_node]: SEND MOTOR CMD: cd eb d7 09 74 46 46 53 53 17 1d 00 00
[decoded_serial_node-3] [INFO] [1791537726.622693552] [bw_dr03_decoded_serial_node]: RECEIVED /cmd_vel: linear.x=0.22, angular.z=0.0
[decoded_serial_node-3] [INFO] [1791537726.622959510] [bw_dr03_decoded_serial_node]: SEND MOTOR CMD: cd eb d7 09 74 46 46 53 53 1a 1a 00 00
[decoded_serial_node-3] [INFO] [1791537726.687923405] [bw_dr03_decoded_serial_node]: RECEIVED /cmd_vel: linear.x=0.22, angular.z=0.0
[decoded_serial_node-3] [INFO] [1791537726.688182240] [bw_dr03_decoded_serial_node]: SEND MOTOR CMD: cd eb d7 09 74 46 46 53 53 1a 1a 00 00
[decoded_serial_node-3] [INFO] [1791537726.751552759] [bw_dr03_decoded_serial_node]: RECEIVED /cmd_vel: linear.x=0.21968935365434647, angular.z=-0.10629623787530108
[decoded_serial_node-3] [INFO] [1791537726.751792597] [bw_dr03_decoded_serial_node]: SEND MOTOR CMD: cd eb d7 09 74 46 46 53 53 18 1d 00 00
[decoded_serial_node-3] [INFO] [1791537726.822297687] [bw_dr03_decoded_serial_node]: RECEIVED /cmd_vel: linear.x=0.22, angular.z=0.0
[decoded_serial_node-3] [INFO] [1791537726.822528026] [bw_dr03_decoded_serial_node]: SEND MOTOR CMD: cd eb d7 09 74 46 46 53 53 1a 1a 00 00
[decoded_serial_node-3] [INFO] [1791537726.889113792] [bw_dr03_decoded_serial_node]: RECEIVED /cmd_vel: linear.x=0.22, angular.z=0.0
[decoded_serial_node-3] [INFO] [1791537726.889544787] [bw_dr03_decoded_serial_node]: SEND MOTOR CMD: cd eb d7 09 74 46 46 53 53 1a 1a 00 00
[follow_planner-8] [INFO] [1791537726.955502465] [follow_planner_node]: [AVOID] di vong theo ban do (phai, 1.7m duong) | d=2.34m goc=-31deg | v=0.220 w=0.000 | thoang=0.27m
[decoded_serial_node-3] [INFO] [1791537726.955826601] [bw_dr03_decoded_serial_node]: RECEIVED /cmd_vel: linear.x=0.22, angular.z=0.0
[decoded_serial_node-3] [INFO] [1791537726.956061690] [bw_dr03_decoded_serial_node]: SEND MOTOR CMD: cd eb d7 09 74 46 46 53 53 1a 1a 00 00
[decoded_serial_node-3] [INFO] [1791537727.017686857] [bw_dr03_decoded_serial_node]: RECEIVED /cmd_vel: linear.x=0.21983647280042748, angular.z=-0.1
[decoded_serial_node-3] [INFO] [1791537727.018058487] [bw_dr03_decoded_serial_node]: SEND MOTOR CMD: cd eb d7 09 74 46 46 53 53 18 1d 00 00
[decoded_serial_node-3] [INFO] [1791537727.077229475] [bw_dr03_decoded_serial_node]: RECEIVED /cmd_vel: linear.x=0.21983647280042748, angular.z=-0.1
[decoded_serial_node-3] [INFO] [1791537727.077592794] [bw_dr03_decoded_serial_node]: SEND MOTOR CMD: cd eb d7 09 74 46 46 53 53 18 1d 00 00
[decoded_serial_node-3] [INFO] [1791537727.155653951] [bw_dr03_decoded_serial_node]: RECEIVED /cmd_vel: linear.x=0.22, angular.z=-0.125
[decoded_serial_node-3] [INFO] [1791537727.155997085] [bw_dr03_decoded_serial_node]: SEND MOTOR CMD: cd eb d7 09 74 46 46 53 53 17 1d 00 00
[decoded_serial_node-3] [INFO] [1791537727.210063810] [bw_dr03_decoded_serial_node]: RECEIVED /cmd_vel: linear.x=0.21983463935909245, angular.z=-0.1
[decoded_serial_node-3] [INFO] [1791537727.210389134] [bw_dr03_decoded_serial_node]: SEND MOTOR CMD: cd eb d7 09 74 46 46 53 53 18 1d 00 00
[decoded_serial_node-3] [INFO] [1791537727.296743681] [bw_dr03_decoded_serial_node]: RECEIVED /cmd_vel: linear.x=0.22, angular.z=-0.125
[decoded_serial_node-3] [INFO] [1791537727.296977582] [bw_dr03_decoded_serial_node]: SEND MOTOR CMD: cd eb d7 09 74 46 46 53 53 17 1d 00 00
[decoded_serial_node-3] [INFO] [1791537727.355217716] [bw_dr03_decoded_serial_node]: RECEIVED /cmd_vel: linear.x=0.22, angular.z=-0.125
[decoded_serial_node-3] [INFO] [1791537727.355451617] [bw_dr03_decoded_serial_node]: SEND MOTOR CMD: cd eb d7 09 74 46 46 53 53 17 1d 00 00
[decoded_serial_node-3] [INFO] [1791537727.410109625] [bw_dr03_decoded_serial_node]: RECEIVED /cmd_vel: linear.x=0.219965110067851, angular.z=0.0
[decoded_serial_node-3] [INFO] [1791537727.410349462] [bw_dr03_decoded_serial_node]: SEND MOTOR CMD: cd eb d7 09 74 46 46 53 53 1a 1a 00 00
[decoded_serial_node-3] [INFO] [1791537727.487997434] [bw_dr03_decoded_serial_node]: RECEIVED /cmd_vel: linear.x=0.22, angular.z=-0.125
[decoded_serial_node-3] [INFO] [1791537727.488239646] [bw_dr03_decoded_serial_node]: SEND MOTOR CMD: cd eb d7 09 74 46 46 53 53 17 1d 00 00
[decoded_serial_node-3] [INFO] [1791537727.561502867] [bw_dr03_decoded_serial_node]: RECEIVED /cmd_vel: linear.x=0.22, angular.z=-0.125
[decoded_serial_node-3] [INFO] [1791537727.561749829] [bw_dr03_decoded_serial_node]: SEND MOTOR CMD: cd eb d7 09 74 46 46 53 53 17 1d 00 00
[target_tracker-7] [INFO] [1791537727.572476025] [target_tracker_node]: muc tieu: d=2.37m goc=-32.0deg nguon=predicted conf=0.18 v=0.17m/s [NGOAI KHUNG HINH]
[decoded_serial_node-3] [INFO] [1791537727.623835674] [bw_dr03_decoded_serial_node]: RECEIVED /cmd_vel: linear.x=0.22, angular.z=-0.125
[decoded_serial_node-3] [INFO] [1791537727.624101632] [bw_dr03_decoded_serial_node]: SEND MOTOR CMD: cd eb d7 09 74 46 46 53 53 17 1d 00 00
[decoded_serial_node-3] [INFO] [1791537727.687322550] [bw_dr03_decoded_serial_node]: RECEIVED /cmd_vel: linear.x=0.22, angular.z=-0.125
[decoded_serial_node-3] [INFO] [1791537727.687570698] [bw_dr03_decoded_serial_node]: SEND MOTOR CMD: cd eb d7 09 74 46 46 53 53 17 1d 00 00
[decoded_serial_node-3] [INFO] [1791537727.761144995] [bw_dr03_decoded_serial_node]: RECEIVED /cmd_vel: linear.x=0.22, angular.z=-0.125
[decoded_serial_node-3] [INFO] [1791537727.761380084] [bw_dr03_decoded_serial_node]: SEND MOTOR CMD: cd eb d7 09 74 46 46 53 53 17 1d 00 00
[decoded_serial_node-3] [INFO] [1791537727.821546042] [bw_dr03_decoded_serial_node]: RECEIVED /cmd_vel: linear.x=0.22, angular.z=-0.125
[decoded_serial_node-3] [INFO] [1791537727.821991285] [bw_dr03_decoded_serial_node]: SEND MOTOR CMD: cd eb d7 09 74 46 46 53 53 17 1d 00 00
[decoded_serial_node-3] [INFO] [1791537727.886495689] [bw_dr03_decoded_serial_node]: RECEIVED /cmd_vel: linear.x=0.22, angular.z=-0.125
[decoded_serial_node-3] [INFO] [1791537727.886791330] [bw_dr03_decoded_serial_node]: SEND MOTOR CMD: cd eb d7 09 74 46 46 53 53 17 1d 00 00
[follow_planner-8] [INFO] [1791537727.960449926] [follow_planner_node]: [SEARCH] mat nguoi — lai toi cho thay lan cuoi (di vong theo ban do (phai, 1.8m duong)) | d=- goc=- | v=0.220 w=-0.125 | thoang=0.28m
[decoded_serial_node-3] [INFO] [1791537727.961132632] [bw_dr03_decoded_serial_node]: RECEIVED /cmd_vel: linear.x=0.22, angular.z=-0.125
[decoded_serial_node-3] [INFO] [1791537727.961354660] [bw_dr03_decoded_serial_node]: SEND MOTOR CMD: cd eb d7 09 74 46 46 53 53 17 1d 00 00
[decoded_serial_node-3] [INFO] [1791537728.020805855] [bw_dr03_decoded_serial_node]: RECEIVED /cmd_vel: linear.x=0.22, angular.z=-0.125
[decoded_serial_node-3] [INFO] [1791537728.021045692] [bw_dr03_decoded_serial_node]: SEND MOTOR CMD: cd eb d7 09 74 46 46 53 53 17 1d 00 00
[decoded_serial_node-3] [INFO] [1791537728.087118538] [bw_dr03_decoded_serial_node]: RECEIVED /cmd_vel: linear.x=0.22, angular.z=-0.125
[decoded_serial_node-3] [INFO] [1791537728.087382121] [bw_dr03_decoded_serial_node]: SEND MOTOR CMD: cd eb d7 09 74 46 46 53 53 17 1d 00 00
[decoded_serial_node-3] [INFO] [1791537728.155137391] [bw_dr03_decoded_serial_node]: RECEIVED /cmd_vel: linear.x=0.22, angular.z=-0.125
[decoded_serial_node-3] [INFO] [1791537728.155562450] [bw_dr03_decoded_serial_node]: SEND MOTOR CMD: cd eb d7 09 74 46 46 53 53 17 1d 00 00
[decoded_serial_node-3] [INFO] [1791537728.229761274] [bw_dr03_decoded_serial_node]: RECEIVED /cmd_vel: linear.x=0.22, angular.z=-0.125
[decoded_serial_node-3] [INFO] [1791537728.230098471] [bw_dr03_decoded_serial_node]: SEND MOTOR CMD: cd eb d7 09 74 46 46 53 53 17 1d 00 00
[decoded_serial_node-3] [INFO] [1791537728.288730419] [bw_dr03_decoded_serial_node]: RECEIVED /cmd_vel: linear.x=0.22, angular.z=-0.125
[decoded_serial_node-3] [INFO] [1791537728.288986879] [bw_dr03_decoded_serial_node]: SEND MOTOR CMD: cd eb d7 09 74 46 46 53 53 17 1d 00 00
[decoded_serial_node-3] [INFO] [1791537728.354686908] [bw_dr03_decoded_serial_node]: RECEIVED /cmd_vel: linear.x=0.22, angular.z=-0.125
[decoded_serial_node-3] [INFO] [1791537728.354975425] [bw_dr03_decoded_serial_node]: SEND MOTOR CMD: cd eb d7 09 74 46 46 53 53 17 1d 00 00
[decoded_serial_node-3] [INFO] [1791537728.431077513] [bw_dr03_decoded_serial_node]: RECEIVED /cmd_vel: linear.x=0.22, angular.z=-0.125
[decoded_serial_node-3] [INFO] [1791537728.431344659] [bw_dr03_decoded_serial_node]: SEND MOTOR CMD: cd eb d7 09 74 46 46 53 53 17 1d 00 00
[decoded_serial_node-3] [INFO] [1791537728.491781324] [bw_dr03_decoded_serial_node]: RECEIVED /cmd_vel: linear.x=0.22, angular.z=-0.125
[decoded_serial_node-3] [INFO] [1791537728.492047283] [bw_dr03_decoded_serial_node]: SEND MOTOR CMD: cd eb d7 09 74 46 46 53 53 17 1d 00 00
[decoded_serial_node-3] [INFO] [1791537728.556365278] [bw_dr03_decoded_serial_node]: RECEIVED /cmd_vel: linear.x=0.22, angular.z=-0.125
[decoded_serial_node-3] [INFO] [1791537728.556833080] [bw_dr03_decoded_serial_node]: SEND MOTOR CMD: cd eb d7 09 74 46 46 53 53 17 1d 00 00
[target_tracker-7] [INFO] [1791537728.573206142] [target_tracker_node]: muc tieu: d=2.29m goc=-29.0deg nguon=predicted conf=0.00 v=0.06m/s 
[decoded_serial_node-3] [INFO] [1791537728.622965291] [bw_dr03_decoded_serial_node]: RECEIVED /cmd_vel: linear.x=0.22, angular.z=-0.125
[decoded_serial_node-3] [INFO] [1791537728.623222938] [bw_dr03_decoded_serial_node]: SEND MOTOR CMD: cd eb d7 09 74 46 46 53 53 17 1d 00 00
[decoded_serial_node-3] [INFO] [1791537728.695233542] [bw_dr03_decoded_serial_node]: RECEIVED /cmd_vel: linear.x=0.22, angular.z=-0.125
[decoded_serial_node-3] [INFO] [1791537728.695675223] [bw_dr03_decoded_serial_node]: SEND MOTOR CMD: cd eb d7 09 74 46 46 53 53 17 1d 00 00
[decoded_serial_node-3] [INFO] [1791537728.753972348] [bw_dr03_decoded_serial_node]: RECEIVED /cmd_vel: linear.x=0.22, angular.z=-0.125
[decoded_serial_node-3] [INFO] [1791537728.754256116] [bw_dr03_decoded_serial_node]: SEND MOTOR CMD: cd eb d7 09 74 46 46 53 53 17 1d 00 00
[decoded_serial_node-3] [INFO] [1791537728.821607699] [bw_dr03_decoded_serial_node]: RECEIVED /cmd_vel: linear.x=0.22, angular.z=-0.125
[decoded_serial_node-3] [INFO] [1791537728.821861785] [bw_dr03_decoded_serial_node]: SEND MOTOR CMD: cd eb d7 09 74 46 46 53 53 17 1d 00 00
[decoded_serial_node-3] [INFO] [1791537728.887384904] [bw_dr03_decoded_serial_node]: RECEIVED /cmd_vel: linear.x=0.22, angular.z=0.0
[decoded_serial_node-3] [INFO] [1791537728.887672234] [bw_dr03_decoded_serial_node]: SEND MOTOR CMD: cd eb d7 09 74 46 46 53 53 1a 1a 00 00
[decoded_serial_node-3] [INFO] [1791537728.961056560] [bw_dr03_decoded_serial_node]: RECEIVED /cmd_vel: linear.x=0.22, angular.z=-0.125
[decoded_serial_node-3] [INFO] [1791537728.961305896] [bw_dr03_decoded_serial_node]: SEND MOTOR CMD: cd eb d7 09 74 46 46 53 53 17 1d 00 00
[follow_planner-8] [INFO] [1791537729.021134657] [follow_planner_node]: [SEARCH] mat nguoi — lai toi cho thay lan cuoi (di vong theo ban do (phai, 1.7m duong)) | d=- goc=- | v=0.220 w=-0.125 | thoang=0.25m
[decoded_serial_node-3] [INFO] [1791537729.021265261] [bw_dr03_decoded_serial_node]: RECEIVED /cmd_vel: linear.x=0.22, angular.z=-0.125
[decoded_serial_node-3] [INFO] [1791537729.021507473] [bw_dr03_decoded_serial_node]: SEND MOTOR CMD: cd eb d7 09 74 46 46 53 53 17 1d 00 00
[decoded_serial_node-3] [INFO] [1791537729.075819972] [bw_dr03_decoded_serial_node]: RECEIVED /cmd_vel: linear.x=0.19666666666666666, angular.z=-0.28500000000000003
[decoded_serial_node-3] [INFO] [1791537729.076208224] [bw_dr03_decoded_serial_node]: SEND MOTOR CMD: cd eb d7 09 74 46 46 53 53 11 1f 00 00
[decoded_serial_node-3] [INFO] [1791537729.152934839] [bw_dr03_decoded_serial_node]: RECEIVED /cmd_vel: linear.x=0.21999999999999997, angular.z=-0.12500000000000003
[decoded_serial_node-3] [INFO] [1791537729.153508311] [bw_dr03_decoded_serial_node]: SEND MOTOR CMD: cd eb d7 09 74 46 46 53 53 17 1d 00 00
[decoded_serial_node-3] [INFO] [1791537729.226610056] [bw_dr03_decoded_serial_node]: RECEIVED /cmd_vel: linear.x=0.22, angular.z=0.0
[decoded_serial_node-3] [INFO] [1791537729.226963876] [bw_dr03_decoded_serial_node]: SEND MOTOR CMD: cd eb d7 09 74 46 46 53 53 1a 1a 00 00
[decoded_serial_node-3] [INFO] [1791537729.287351861] [bw_dr03_decoded_serial_node]: RECEIVED /cmd_vel: linear.x=0.22, angular.z=0.0
[decoded_serial_node-3] [INFO] [1791537729.287601197] [bw_dr03_decoded_serial_node]: SEND MOTOR CMD: cd eb d7 09 74 46 46 53 53 1a 1a 00 00
[decoded_serial_node-3] [INFO] [1791537729.342513289] [bw_dr03_decoded_serial_node]: RECEIVED /cmd_vel: linear.x=0.21897777204368357, angular.z=0.16
[decoded_serial_node-3] [INFO] [1791537729.343082013] [bw_dr03_decoded_serial_node]: SEND MOTOR CMD: cd eb d7 09 74 46 46 53 53 1e 16 00 00
[decoded_serial_node-3] [INFO] [1791537729.408871090] [bw_dr03_decoded_serial_node]: RECEIVED /cmd_vel: linear.x=0.21897777204368357, angular.z=0.19287495406907293
[decoded_serial_node-3] [INFO] [1791537729.409144172] [bw_dr03_decoded_serial_node]: SEND MOTOR CMD: cd eb d7 09 74 46 46 53 53 1f 16 00 00
[decoded_serial_node-3] [INFO] [1791537729.476019642] [bw_dr03_decoded_serial_node]: RECEIVED /cmd_vel: linear.x=0.19564443871035025, angular.z=0.1
[decoded_serial_node-3] [INFO] [1791537729.476251168] [bw_dr03_decoded_serial_node]: SEND MOTOR CMD: cd eb d7 09 74 46 46 53 53 1a 15 00 00
[decoded_serial_node-3] [INFO] [1791537729.542310953] [bw_dr03_decoded_serial_node]: RECEIVED /cmd_vel: linear.x=0.17231110537701694, angular.z=-0.12712504593092708
[decoded_serial_node-3] [INFO] [1791537729.542542479] [bw_dr03_decoded_serial_node]: SEND MOTOR CMD: cd eb d7 09 74 46 46 53 53 11 18 00 00
[target_tracker-7] [INFO] [1791537729.573054078] [target_tracker_node]: muc tieu: d=2.14m goc=-26.3deg nguon=predicted conf=0.00 v=0.02m/s 
[decoded_serial_node-3] [INFO] [1791537729.609883376] [bw_dr03_decoded_serial_node]: RECEIVED /cmd_vel: linear.x=0.14897777204368362, angular.z=-0.2871250459309271
[decoded_serial_node-3] [INFO] [1791537729.610164769] [bw_dr03_decoded_serial_node]: SEND MOTOR CMD: cd eb d7 09 74 46 46 53 53 0b 19 00 00
[decoded_serial_node-3] [INFO] [1791537729.676230490] [bw_dr03_decoded_serial_node]: RECEIVED /cmd_vel: linear.x=0.1256444387103503, angular.z=-0.44712504593092706
[decoded_serial_node-3] [INFO] [1791537729.676473890] [bw_dr03_decoded_serial_node]: SEND MOTOR CMD: cd eb d7 09 74 46 46 53 53 05 1a 00 00
[decoded_serial_node-3] [INFO] [1791537729.742337768] [bw_dr03_decoded_serial_node]: RECEIVED /cmd_vel: linear.x=0.10231110537701697, angular.z=-0.6071250459309271
[decoded_serial_node-3] [INFO] [1791537729.742595415] [bw_dr03_decoded_serial_node]: SEND MOTOR CMD: cd eb d7 09 74 42 46 53 53 05 1b 00 00
[decoded_serial_node-3] [INFO] [1791537729.840016916] [bw_dr03_decoded_serial_node]: RECEIVED /cmd_vel: linear.x=0.1256444387103503, angular.z=-0.44712504593092706
[decoded_serial_node-3] [INFO] [1791537729.840548833] [bw_dr03_decoded_serial_node]: SEND MOTOR CMD: cd eb d7 09 74 46 46 53 53 05 1a 00 00
[decoded_serial_node-3] [INFO] [1791537729.895561846] [bw_dr03_decoded_serial_node]: RECEIVED /cmd_vel: linear.x=0.10231110537701697, angular.z=-0.6071250459309271
[decoded_serial_node-3] [INFO] [1791537729.895811182] [bw_dr03_decoded_serial_node]: SEND MOTOR CMD: cd eb d7 09 74 42 46 53 53 05 1b 00 00
[decoded_serial_node-3] [INFO] [1791537729.944572987] [bw_dr03_decoded_serial_node]: RECEIVED /cmd_vel: linear.x=0.07897777204368364, angular.z=-0.7671250459309271
[decoded_serial_node-3] [INFO] [1791537729.944995671] [bw_dr03_decoded_serial_node]: SEND MOTOR CMD: cd eb d7 09 74 42 46 53 53 09 1c 00 00
[follow_planner-8] [INFO] [1791537730.010293200] [follow_planner_node]: [AVOID] ban do: xoay ve huong duong di | d=3.73m goc=-21deg | v=0.056 w=-0.900 | thoang=0.00m
[decoded_serial_node-3] [INFO] [1791537730.010981842] [bw_dr03_decoded_serial_node]: RECEIVED /cmd_vel: linear.x=0.05564443871035031, angular.z=-0.9
[decoded_serial_node-3] [INFO] [1791537730.011205057] [bw_dr03_decoded_serial_node]: SEND MOTOR CMD: cd eb d7 09 74 42 46 53 53 0f 1c 00 00
[decoded_serial_node-3] [INFO] [1791537730.086683805] [bw_dr03_decoded_serial_node]: RECEIVED /cmd_vel: linear.x=0.035, angular.z=-0.9
[decoded_serial_node-3] [INFO] [1791537730.086924830] [bw_dr03_decoded_serial_node]: SEND MOTOR CMD: cd eb d7 09 74 42 46 53 53 11 1a 00 00
[decoded_serial_node-3] [INFO] [1791537730.144133187] [bw_dr03_decoded_serial_node]: RECEIVED /cmd_vel: linear.x=0.035, angular.z=-0.9
[decoded_serial_node-3] [INFO] [1791537730.144395583] [bw_dr03_decoded_serial_node]: SEND MOTOR CMD: cd eb d7 09 74 42 46 53 53 11 1a 00 00
[decoded_serial_node-3] [INFO] [1791537730.210171600] [bw_dr03_decoded_serial_node]: RECEIVED /cmd_vel: linear.x=0.0, angular.z=-0.9
[decoded_serial_node-3] [INFO] [1791537730.210418561] [bw_dr03_decoded_serial_node]: SEND MOTOR CMD: cd eb d7 09 74 42 46 53 53 15 15 00 00
[decoded_serial_node-3] [INFO] [1791537730.285978046] [bw_dr03_decoded_serial_node]: RECEIVED /cmd_vel: linear.x=0.0, angular.z=-0.9
[decoded_serial_node-3] [INFO] [1791537730.286214321] [bw_dr03_decoded_serial_node]: SEND MOTOR CMD: cd eb d7 09 74 42 46 53 53 15 15 00 00
[decoded_serial_node-3] [INFO] [1791537730.344482950] [bw_dr03_decoded_serial_node]: RECEIVED /cmd_vel: linear.x=0.0, angular.z=-0.9
[decoded_serial_node-3] [INFO] [1791537730.344737035] [bw_dr03_decoded_serial_node]: SEND MOTOR CMD: cd eb d7 09 74 42 46 53 53 15 15 00 00
[decoded_serial_node-3] [INFO] [1791537730.410897741] [bw_dr03_decoded_serial_node]: RECEIVED /cmd_vel: linear.x=0.0, angular.z=-0.9
[decoded_serial_node-3] [INFO] [1791537730.411151827] [bw_dr03_decoded_serial_node]: SEND MOTOR CMD: cd eb d7 09 74 42 46 53 53 15 15 00 00
[decoded_serial_node-3] [INFO] [1791537730.486154461] [bw_dr03_decoded_serial_node]: RECEIVED /cmd_vel: linear.x=0.0, angular.z=-0.9
[decoded_serial_node-3] [INFO] [1791537730.486410921] [bw_dr03_decoded_serial_node]: SEND MOTOR CMD: cd eb d7 09 74 42 46 53 53 15 15 00 00
[decoded_serial_node-3] [INFO] [1791537730.544861209] [bw_dr03_decoded_serial_node]: RECEIVED /cmd_vel: linear.x=0.0, angular.z=-0.9
[decoded_serial_node-3] [INFO] [1791537730.545152101] [bw_dr03_decoded_serial_node]: SEND MOTOR CMD: cd eb d7 09 74 42 46 53 53 15 15 00 00
[decoded_serial_node-3] [INFO] [1791537730.611379296] [bw_dr03_decoded_serial_node]: RECEIVED /cmd_vel: linear.x=0.0, angular.z=-0.9
[decoded_serial_node-3] [INFO] [1791537730.611660690] [bw_dr03_decoded_serial_node]: SEND MOTOR CMD: cd eb d7 09 74 42 46 53 53 15 15 00 00
[target_tracker-7] [INFO] [1791537730.622507992] [target_tracker_node]: muc tieu: d=3.72m goc=-4.0deg nguon=camera+lidar conf=0.98 v=0.08m/s 
[decoded_serial_node-3] [INFO] [1791537730.686820050] [bw_dr03_decoded_serial_node]: RECEIVED /cmd_vel: linear.x=0.0, angular.z=-0.9
[decoded_serial_node-3] [INFO] [1791537730.687089570] [bw_dr03_decoded_serial_node]: SEND MOTOR CMD: cd eb d7 09 74 42 46 53 53 15 15 00 00
[follow_planner-8] [INFO] [1791537730.738445656] [follow_planner_node]: self-filter: bo 12/210 tia dap vao than xe
[decoded_serial_node-3] [INFO] [1791537730.742966948] [bw_dr03_decoded_serial_node]: RECEIVED /cmd_vel: linear.x=0.0, angular.z=-0.9
[decoded_serial_node-3] [INFO] [1791537730.743207973] [bw_dr03_decoded_serial_node]: SEND MOTOR CMD: cd eb d7 09 74 42 46 53 53 15 15 00 00
[decoded_serial_node-3] [INFO] [1791537730.811268382] [bw_dr03_decoded_serial_node]: RECEIVED /cmd_vel: linear.x=0.0, angular.z=-0.9
[decoded_serial_node-3] [INFO] [1791537730.811509406] [bw_dr03_decoded_serial_node]: SEND MOTOR CMD: cd eb d7 09 74 42 46 53 53 15 15 00 00
[decoded_serial_node-3] [INFO] [1791537730.876919730] [bw_dr03_decoded_serial_node]: RECEIVED /cmd_vel: linear.x=0.0, angular.z=-0.9
[decoded_serial_node-3] [INFO] [1791537730.877348350] [bw_dr03_decoded_serial_node]: SEND MOTOR CMD: cd eb d7 09 74 42 46 53 53 15 15 00 00
[decoded_serial_node-3] [INFO] [1791537730.953873121] [bw_dr03_decoded_serial_node]: RECEIVED /cmd_vel: linear.x=0.0, angular.z=-0.9
[decoded_serial_node-3] [INFO] [1791537730.954200820] [bw_dr03_decoded_serial_node]: SEND MOTOR CMD: cd eb d7 09 74 42 46 53 53 15 15 00 00
[follow_planner-8] [INFO] [1791537731.010456952] [follow_planner_node]: [AVOID] ban do: xoay ve huong duong di | d=3.69m goc=9deg | v=0.000 w=-0.900 | thoang=0.00m
[decoded_serial_node-3] [INFO] [1791537731.010860638] [bw_dr03_decoded_serial_node]: RECEIVED /cmd_vel: linear.x=0.0, angular.z=-0.9
[decoded_serial_node-3] [INFO] [1791537731.011106412] [bw_dr03_decoded_serial_node]: SEND MOTOR CMD: cd eb d7 09 74 42 46 53 53 15 15 00 00
[decoded_serial_node-3] [INFO] [1791537731.076717391] [bw_dr03_decoded_serial_node]: RECEIVED /cmd_vel: linear.x=0.0, angular.z=-0.9
[decoded_serial_node-3] [INFO] [1791537731.076975039] [bw_dr03_decoded_serial_node]: SEND MOTOR CMD: cd eb d7 09 74 42 46 53 53 15 15 00 00
[decoded_serial_node-3] [INFO] [1791537731.154816541] [bw_dr03_decoded_serial_node]: RECEIVED /cmd_vel: linear.x=0.0, angular.z=-0.9
[decoded_serial_node-3] [INFO] [1791537731.155401886] [bw_dr03_decoded_serial_node]: SEND MOTOR CMD: cd eb d7 09 74 42 46 53 53 15 15 00 00
[decoded_serial_node-3] [INFO] [1791537731.211102354] [bw_dr03_decoded_serial_node]: RECEIVED /cmd_vel: linear.x=0.0, angular.z=-0.9
[decoded_serial_node-3] [INFO] [1791537731.211367126] [bw_dr03_decoded_serial_node]: SEND MOTOR CMD: cd eb d7 09 74 42 46 53 53 15 15 00 00
[decoded_serial_node-3] [INFO] [1791537731.276643282] [bw_dr03_decoded_serial_node]: RECEIVED /cmd_vel: linear.x=0.0, angular.z=-0.9
[decoded_serial_node-3] [INFO] [1791537731.276906866] [bw_dr03_decoded_serial_node]: SEND MOTOR CMD: cd eb d7 09 74 42 46 53 53 15 15 00 00
[decoded_serial_node-3] [INFO] [1791537731.344020985] [bw_dr03_decoded_serial_node]: RECEIVED /cmd_vel: linear.x=0.0, angular.z=-0.9
[decoded_serial_node-3] [INFO] [1791537731.344657385] [bw_dr03_decoded_serial_node]: SEND MOTOR CMD: cd eb d7 09 74 42 46 53 53 15 15 00 00
[decoded_serial_node-3] [INFO] [1791537731.423373937] [bw_dr03_decoded_serial_node]: RECEIVED /cmd_vel: linear.x=0.0, angular.z=-0.9
[decoded_serial_node-3] [INFO] [1791537731.423746754] [bw_dr03_decoded_serial_node]: SEND MOTOR CMD: cd eb d7 09 74 42 46 53 53 15 15 00 00
[decoded_serial_node-3] [INFO] [1791537731.476876687] [bw_dr03_decoded_serial_node]: RECEIVED /cmd_vel: linear.x=0.0, angular.z=-0.9
[decoded_serial_node-3] [INFO] [1791537731.477178265] [bw_dr03_decoded_serial_node]: SEND MOTOR CMD: cd eb d7 09 74 42 46 53 53 15 15 00 00
[decoded_serial_node-3] [INFO] [1791537731.545688665] [bw_dr03_decoded_serial_node]: RECEIVED /cmd_vel: linear.x=0.0, angular.z=-0.9
[decoded_serial_node-3] [INFO] [1791537731.545990243] [bw_dr03_decoded_serial_node]: SEND MOTOR CMD: cd eb d7 09 74 42 46 53 53 15 15 00 00
[decoded_serial_node-3] [INFO] [1791537731.611098988] [bw_dr03_decoded_serial_node]: RECEIVED /cmd_vel: linear.x=0.0, angular.z=-0.9
[decoded_serial_node-3] [INFO] [1791537731.611420750] [bw_dr03_decoded_serial_node]: SEND MOTOR CMD: cd eb d7 09 74 42 46 53 53 15 15 00 00
[target_tracker-7] [INFO] [1791537731.673051852] [target_tracker_node]: muc tieu: d=2.52m goc=45.7deg nguon=camera+bbox conf=0.83 v=1.80m/s [NGOAI KHUNG HINH]
[decoded_serial_node-3] [INFO] [1791537731.699879215] [bw_dr03_decoded_serial_node]: RECEIVED /cmd_vel: linear.x=0.0, angular.z=-0.8
[decoded_serial_node-3] [INFO] [1791537731.700598728] [bw_dr03_decoded_serial_node]: SEND MOTOR CMD: cd eb d7 09 74 42 46 53 53 13 13 00 00
[decoded_serial_node-3] [INFO] [1791537731.744122102] [bw_dr03_decoded_serial_node]: RECEIVED /cmd_vel: linear.x=0.0, angular.z=-0.8
[decoded_serial_node-3] [INFO] [1791537731.744447426] [bw_dr03_decoded_serial_node]: SEND MOTOR CMD: cd eb d7 09 74 42 46 53 53 13 13 00 00
[decoded_serial_node-3] [INFO] [1791537731.821051747] [bw_dr03_decoded_serial_node]: RECEIVED /cmd_vel: linear.x=0.0, angular.z=-0.64
[decoded_serial_node-3] [INFO] [1791537731.821355699] [bw_dr03_decoded_serial_node]: SEND MOTOR CMD: cd eb d7 09 74 42 46 53 53 0f 0f 00 00
[decoded_serial_node-3] [INFO] [1791537731.875827297] [bw_dr03_decoded_serial_node]: RECEIVED /cmd_vel: linear.x=0.0, angular.z=-0.8
[decoded_serial_node-3] [INFO] [1791537731.876115814] [bw_dr03_decoded_serial_node]: SEND MOTOR CMD: cd eb d7 09 74 42 46 53 53 13 13 00 00
[decoded_serial_node-3] [INFO] [1791537731.942454617] [bw_dr03_decoded_serial_node]: RECEIVED /cmd_vel: linear.x=0.0, angular.z=-0.8
[decoded_serial_node-3] [INFO] [1791537731.942740760] [bw_dr03_decoded_serial_node]: SEND MOTOR CMD: cd eb d7 09 74 42 46 53 53 13 13 00 00
[decoded_serial_node-3] [INFO] [1791537732.016974014] [bw_dr03_decoded_serial_node]: RECEIVED /cmd_vel: linear.x=0.035, angular.z=-0.64
[decoded_serial_node-3] [INFO] [1791537732.017244721] [bw_dr03_decoded_serial_node]: SEND MOTOR CMD: cd eb d7 09 74 42 46 53 53 0b 13 00 00
[follow_planner-8] [INFO] [1791537732.075748438] [follow_planner_node]: [AVOID] chui khe hep — vao truc giua khe (lech 0.83m) | d=1.15m goc=59deg | v=0.047 w=-0.800 | thoang=-
[decoded_serial_node-3] [INFO] [1791537732.076277980] [bw_dr03_decoded_serial_node]: RECEIVED /cmd_vel: linear.x=0.04666666666666666, angular.z=-0.8
[decoded_serial_node-3] [INFO] [1791537732.076546313] [bw_dr03_decoded_serial_node]: SEND MOTOR CMD: cd eb d7 09 74 42 46 53 53 0d 19 00 00
[decoded_serial_node-3] [INFO] [1791537732.142360322] [bw_dr03_decoded_serial_node]: RECEIVED /cmd_vel: linear.x=0.06999999999999999, angular.z=-0.8
[decoded_serial_node-3] [INFO] [1791537732.142661900] [bw_dr03_decoded_serial_node]: SEND MOTOR CMD: cd eb d7 09 74 42 46 53 53 0a 1c 00 00
[decoded_serial_node-3] [INFO] [1791537732.209417449] [bw_dr03_decoded_serial_node]: RECEIVED /cmd_vel: linear.x=0.09333333333333332, angular.z=-0.8
[decoded_serial_node-3] [INFO] [1791537732.209678658] [bw_dr03_decoded_serial_node]: SEND MOTOR CMD: cd eb d7 09 74 42 46 53 53 08 1e 00 00
[decoded_serial_node-3] [INFO] [1791537732.275368000] [bw_dr03_decoded_serial_node]: RECEIVED /cmd_vel: linear.x=0.11666666666666665, angular.z=-0.8
[decoded_serial_node-3] [INFO] [1791537732.275613774] [bw_dr03_decoded_serial_node]: SEND MOTOR CMD: cd eb d7 09 74 42 46 53 53 05 21 00 00
[decoded_serial_node-3] [INFO] [1791537732.341768542] [bw_dr03_decoded_serial_node]: RECEIVED /cmd_vel: linear.x=0.13999999999999999, angular.z=-0.8
[decoded_serial_node-3] [INFO] [1791537732.342021440] [bw_dr03_decoded_serial_node]: SEND MOTOR CMD: cd eb d7 09 74 42 46 53 53 05 24 00 00
[decoded_serial_node-3] [INFO] [1791537732.409630669] [bw_dr03_decoded_serial_node]: RECEIVED /cmd_vel: linear.x=0.11666666666666665, angular.z=-0.64
[decoded_serial_node-3] [INFO] [1791537732.409907313] [bw_dr03_decoded_serial_node]: SEND MOTOR CMD: cd eb d7 09 74 42 46 53 53 05 1d 00 00
[decoded_serial_node-3] [INFO] [1791537732.476016963] [bw_dr03_decoded_serial_node]: RECEIVED /cmd_vel: linear.x=0.09333333333333332, angular.z=-0.48
[decoded_serial_node-3] [INFO] [1791537732.476276985] [bw_dr03_decoded_serial_node]: SEND MOTOR CMD: cd eb d7 09 74 53 46 53 53 1e 17 00 00
[decoded_serial_node-3] [INFO] [1791537732.542285714] [bw_dr03_decoded_serial_node]: RECEIVED /cmd_vel: linear.x=0.06999999999999999, angular.z=-0.31999999999999995
[decoded_serial_node-3] [INFO] [1791537732.542577793] [bw_dr03_decoded_serial_node]: SEND MOTOR CMD: cd eb d7 09 74 53 46 53 53 1e 10 00 00
[decoded_serial_node-3] [INFO] [1791537732.609378461] [bw_dr03_decoded_serial_node]: RECEIVED /cmd_vel: linear.x=0.09333333333333332, angular.z=-0.48
[decoded_serial_node-3] [INFO] [1791537732.609678851] [bw_dr03_decoded_serial_node]: SEND MOTOR CMD: cd eb d7 09 74 53 46 53 53 1e 17 00 00
[decoded_serial_node-3] [INFO] [1791537732.675697079] [bw_dr03_decoded_serial_node]: RECEIVED /cmd_vel: linear.x=0.06999999999999999, angular.z=-0.31999999999999995
[decoded_serial_node-3] [INFO] [1791537732.676278862] [bw_dr03_decoded_serial_node]: SEND MOTOR CMD: cd eb d7 09 74 53 46 53 53 1e 10 00 00
[target_tracker-7] [INFO] [1791537732.723142151] [target_tracker_node]: muc tieu: d=1.04m goc=78.2deg nguon=lidar_track conf=0.75 v=0.07m/s [NGOAI KHUNG HINH]
[decoded_serial_node-3] [INFO] [1791537732.742705526] [bw_dr03_decoded_serial_node]: RECEIVED /cmd_vel: linear.x=0.04666666666666666, angular.z=-0.15999999999999995
[decoded_serial_node-3] [INFO] [1791537732.743445223] [bw_dr03_decoded_serial_node]: SEND MOTOR CMD: cd eb d7 09 74 46 46 53 53 05 09 00 00
[decoded_serial_node-3] [INFO] [1791537732.809410021] [bw_dr03_decoded_serial_node]: RECEIVED /cmd_vel: linear.x=0.035, angular.z=0.0
[decoded_serial_node-3] [INFO] [1791537732.809907505] [bw_dr03_decoded_serial_node]: SEND MOTOR CMD: cd eb d7 09 74 46 46 53 53 05 05 00 00
[decoded_serial_node-3] [INFO] [1791537732.875996972] [bw_dr03_decoded_serial_node]: RECEIVED /cmd_vel: linear.x=0.0, angular.z=0.16000000000000006
[decoded_serial_node-3] [INFO] [1791537732.876470710] [bw_dr03_decoded_serial_node]: SEND MOTOR CMD: cd eb d7 09 74 46 42 53 53 05 05 00 00
[decoded_serial_node-3] [INFO] [1791537732.942646850] [bw_dr03_decoded_serial_node]: RECEIVED /cmd_vel: linear.x=0.0, angular.z=0.32000000000000006
[decoded_serial_node-3] [INFO] [1791537732.943149084] [bw_dr03_decoded_serial_node]: SEND MOTOR CMD: cd eb d7 09 74 46 42 53 53 07 07 00 00
[python3-4] [INFO] [1791537732.966031002] [identity_lock_node]: camera: nhan 12.5 fps (phoi sang 30 ms, do sang 88), xu ly 12.5 Hz, TB 23 ms/khung, tre tu luc chup 53.2 ms, 0 nguoi, status LOST
[decoded_serial_node-3] [INFO] [1791537733.009901072] [bw_dr03_decoded_serial_node]: RECEIVED /cmd_vel: linear.x=0.0, angular.z=0.4800000000000001
[decoded_serial_node-3] [INFO] [1791537733.010365311] [bw_dr03_decoded_serial_node]: SEND MOTOR CMD: cd eb d7 09 74 46 42 53 53 0b 0b 00 00
[decoded_serial_node-3] [INFO] [1791537733.075973915] [bw_dr03_decoded_serial_node]: RECEIVED /cmd_vel: linear.x=0.0, angular.z=0.6400000000000001
[decoded_serial_node-3] [INFO] [1791537733.076429844] [bw_dr03_decoded_serial_node]: SEND MOTOR CMD: cd eb d7 09 74 46 42 53 53 0f 0f 00 00
[follow_planner-8] [INFO] [1791537733.142714029] [follow_planner_node]: [OCCLUDED] nguoi ra khoi camera — xoay ve huong nho cuoi | d=1.04m goc=86deg | v=0.000 w=0.800 | thoang=-
[decoded_serial_node-3] [INFO] [1791537733.143114154] [bw_dr03_decoded_serial_node]: RECEIVED /cmd_vel: linear.x=0.0, angular.z=0.8000000000000002
[decoded_serial_node-3] [INFO] [1791537733.143576019] [bw_dr03_decoded_serial_node]: SEND MOTOR CMD: cd eb d7 09 74 46 42 53 53 13 13 00 00
[decoded_serial_node-3] [INFO] [1791537733.209937380] [bw_dr03_decoded_serial_node]: RECEIVED /cmd_vel: linear.x=0.0, angular.z=0.9
[decoded_serial_node-3] [INFO] [1791537733.210475233] [bw_dr03_decoded_serial_node]: SEND MOTOR CMD: cd eb d7 09 74 46 42 53 53 15 15 00 00
[decoded_serial_node-3] [INFO] [1791537733.278446592] [bw_dr03_decoded_serial_node]: RECEIVED /cmd_vel: linear.x=0.0, angular.z=0.9
[decoded_serial_node-3] [INFO] [1791537733.278973759] [bw_dr03_decoded_serial_node]: SEND MOTOR CMD: cd eb d7 09 74 46 42 53 53 15 15 00 00
[decoded_serial_node-3] [INFO] [1791537733.343062600] [bw_dr03_decoded_serial_node]: RECEIVED /cmd_vel: linear.x=0.0, angular.z=0.9
[decoded_serial_node-3] [INFO] [1791537733.343703750] [bw_dr03_decoded_serial_node]: SEND MOTOR CMD: cd eb d7 09 74 46 42 53 53 15 15 00 00
[decoded_serial_node-3] [INFO] [1791537733.409578312] [bw_dr03_decoded_serial_node]: RECEIVED /cmd_vel: linear.x=0.0, angular.z=0.9
[decoded_serial_node-3] [INFO] [1791537733.410122102] [bw_dr03_decoded_serial_node]: SEND MOTOR CMD: cd eb d7 09 74 46 42 53 53 15 15 00 00
[decoded_serial_node-3] [INFO] [1791537733.475921863] [bw_dr03_decoded_serial_node]: RECEIVED /cmd_vel: linear.x=0.0, angular.z=0.9
[decoded_serial_node-3] [INFO] [1791537733.476409849] [bw_dr03_decoded_serial_node]: SEND MOTOR CMD: cd eb d7 09 74 46 42 53 53 15 15 00 00
[decoded_serial_node-3] [INFO] [1791537733.542349713] [bw_dr03_decoded_serial_node]: RECEIVED /cmd_vel: linear.x=0.0, angular.z=0.9
[decoded_serial_node-3] [INFO] [1791537733.542846011] [bw_dr03_decoded_serial_node]: SEND MOTOR CMD: cd eb d7 09 74 46 42 53 53 15 15 00 00
[decoded_serial_node-3] [INFO] [1791537733.609815276] [bw_dr03_decoded_serial_node]: RECEIVED /cmd_vel: linear.x=0.0, angular.z=0.9
[decoded_serial_node-3] [INFO] [1791537733.610278329] [bw_dr03_decoded_serial_node]: SEND MOTOR CMD: cd eb d7 09 74 46 42 53 53 15 15 00 00
[decoded_serial_node-3] [INFO] [1791537733.675962920] [bw_dr03_decoded_serial_node]: RECEIVED /cmd_vel: linear.x=0.0, angular.z=0.9
[decoded_serial_node-3] [INFO] [1791537733.676449719] [bw_dr03_decoded_serial_node]: SEND MOTOR CMD: cd eb d7 09 74 46 42 53 53 15 15 00 00
[target_tracker-7] [INFO] [1791537733.724076450] [target_tracker_node]: muc tieu: d=1.06m goc=71.3deg nguon=predicted conf=0.75 v=0.08m/s [NGOAI KHUNG HINH]
[decoded_serial_node-3] [INFO] [1791537733.742627046] [bw_dr03_decoded_serial_node]: RECEIVED /cmd_vel: linear.x=0.0, angular.z=0.9
[decoded_serial_node-3] [INFO] [1791537733.743111470] [bw_dr03_decoded_serial_node]: SEND MOTOR CMD: cd eb d7 09 74 46 42 53 53 15 15 00 00
[decoded_serial_node-3] [INFO] [1791537733.809867019] [bw_dr03_decoded_serial_node]: RECEIVED /cmd_vel: linear.x=0.0, angular.z=0.9
[decoded_serial_node-3] [INFO] [1791537733.810498670] [bw_dr03_decoded_serial_node]: SEND MOTOR CMD: cd eb d7 09 74 46 42 53 53 15 15 00 00
[decoded_serial_node-3] [INFO] [1791537733.876002790] [bw_dr03_decoded_serial_node]: RECEIVED /cmd_vel: linear.x=0.0, angular.z=0.9
[decoded_serial_node-3] [INFO] [1791537733.876540644] [bw_dr03_decoded_serial_node]: SEND MOTOR CMD: cd eb d7 09 74 46 42 53 53 15 15 00 00
[decoded_serial_node-3] [INFO] [1791537733.942235921] [bw_dr03_decoded_serial_node]: RECEIVED /cmd_vel: linear.x=0.0, angular.z=0.9
[decoded_serial_node-3] [INFO] [1791537733.942571931] [bw_dr03_decoded_serial_node]: SEND MOTOR CMD: cd eb d7 09 74 46 42 53 53 15 15 00 00
[decoded_serial_node-3] [INFO] [1791537734.009605311] [bw_dr03_decoded_serial_node]: RECEIVED /cmd_vel: linear.x=0.0, angular.z=0.9
[decoded_serial_node-3] [INFO] [1791537734.009944883] [bw_dr03_decoded_serial_node]: SEND MOTOR CMD: cd eb d7 09 74 46 42 53 53 15 15 00 00
[decoded_serial_node-3] [INFO] [1791537734.075694777] [bw_dr03_decoded_serial_node]: RECEIVED /cmd_vel: linear.x=0.0, angular.z=0.9
[decoded_serial_node-3] [INFO] [1791537734.075972608] [bw_dr03_decoded_serial_node]: SEND MOTOR CMD: cd eb d7 09 74 46 42 53 53 15 15 00 00
[follow_planner-8] [INFO] [1791537734.142197427] [follow_planner_node]: [OCCLUDED] nguoi ra khoi camera — xoay ve huong nho cuoi | d=1.06m goc=50deg | v=0.000 w=0.900 | thoang=-
[decoded_serial_node-3] [INFO] [1791537734.142275790] [bw_dr03_decoded_serial_node]: RECEIVED /cmd_vel: linear.x=0.0, angular.z=0.9
[decoded_serial_node-3] [INFO] [1791537734.142522751] [bw_dr03_decoded_serial_node]: SEND MOTOR CMD: cd eb d7 09 74 46 42 53 53 15 15 00 00
[decoded_serial_node-3] [INFO] [1791537734.209165505] [bw_dr03_decoded_serial_node]: RECEIVED /cmd_vel: linear.x=0.0, angular.z=0.9
[decoded_serial_node-3] [INFO] [1791537734.209414841] [bw_dr03_decoded_serial_node]: SEND MOTOR CMD: cd eb d7 09 74 46 42 53 53 15 15 00 00
[decoded_serial_node-3] [INFO] [1791537734.275727521] [bw_dr03_decoded_serial_node]: RECEIVED /cmd_vel: linear.x=0.0, angular.z=0.9
[decoded_serial_node-3] [INFO] [1791537734.276038598] [bw_dr03_decoded_serial_node]: SEND MOTOR CMD: cd eb d7 09 74 46 42 53 53 15 15 00 00
[decoded_serial_node-3] [INFO] [1791537734.342188616] [bw_dr03_decoded_serial_node]: RECEIVED /cmd_vel: linear.x=0.0, angular.z=0.9
[decoded_serial_node-3] [INFO] [1791537734.342426079] [bw_dr03_decoded_serial_node]: SEND MOTOR CMD: cd eb d7 09 74 46 42 53 53 15 15 00 00
[decoded_serial_node-3] [INFO] [1791537734.408887173] [bw_dr03_decoded_serial_node]: RECEIVED /cmd_vel: linear.x=0.0, angular.z=0.9
[decoded_serial_node-3] [INFO] [1791537734.409178065] [bw_dr03_decoded_serial_node]: SEND MOTOR CMD: cd eb d7 09 74 46 42 53 53 15 15 00 00
[decoded_serial_node-3] [INFO] [1791537734.475317398] [bw_dr03_decoded_serial_node]: RECEIVED /cmd_vel: linear.x=0.0, angular.z=0.9
[decoded_serial_node-3] [INFO] [1791537734.475933614] [bw_dr03_decoded_serial_node]: SEND MOTOR CMD: cd eb d7 09 74 46 42 53 53 15 15 00 00
[decoded_serial_node-3] [INFO] [1791537734.542044451] [bw_dr03_decoded_serial_node]: RECEIVED /cmd_vel: linear.x=0.0, angular.z=0.9
[decoded_serial_node-3] [INFO] [1791537734.542272415] [bw_dr03_decoded_serial_node]: SEND MOTOR CMD: cd eb d7 09 74 46 42 53 53 15 15 00 00
[decoded_serial_node-3] [INFO] [1791537734.608804749] [bw_dr03_decoded_serial_node]: RECEIVED /cmd_vel: linear.x=0.0, angular.z=0.9
[decoded_serial_node-3] [INFO] [1791537734.609346164] [bw_dr03_decoded_serial_node]: SEND MOTOR CMD: cd eb d7 09 74 46 42 53 53 15 15 00 00
[decoded_serial_node-3] [INFO] [1791537734.675008196] [bw_dr03_decoded_serial_node]: RECEIVED /cmd_vel: linear.x=0.0, angular.z=0.9
[decoded_serial_node-3] [INFO] [1791537734.675258719] [bw_dr03_decoded_serial_node]: SEND MOTOR CMD: cd eb d7 09 74 46 42 53 53 15 15 00 00
[decoded_serial_node-3] [INFO] [1791537734.742721907] [bw_dr03_decoded_serial_node]: RECEIVED /cmd_vel: linear.x=0.0, angular.z=0.9
[decoded_serial_node-3] [INFO] [1791537734.742953433] [bw_dr03_decoded_serial_node]: SEND MOTOR CMD: cd eb d7 09 74 46 42 53 53 15 15 00 00
[target_tracker-7] [INFO] [1791537734.772492621] [target_tracker_node]: muc tieu: d=1.05m goc=19.7deg nguon=lidar_track conf=0.75 v=0.01m/s 
[decoded_serial_node-3] [INFO] [1791537734.809096328] [bw_dr03_decoded_serial_node]: RECEIVED /cmd_vel: linear.x=0.0, angular.z=0.7570200000000001
[decoded_serial_node-3] [INFO] [1791537734.809333791] [bw_dr03_decoded_serial_node]: SEND MOTOR CMD: cd eb d7 09 74 46 42 53 53 12 12 00 00
[decoded_serial_node-3] [INFO] [1791537734.875406634] [bw_dr03_decoded_serial_node]: RECEIVED /cmd_vel: linear.x=0.0, angular.z=0.6443800000000001
[decoded_serial_node-3] [INFO] [1791537734.875959922] [bw_dr03_decoded_serial_node]: SEND MOTOR CMD: cd eb d7 09 74 46 42 53 53 0f 0f 00 00
[decoded_serial_node-3] [INFO] [1791537734.957353866] [bw_dr03_decoded_serial_node]: RECEIVED /cmd_vel: linear.x=0.035, angular.z=0.8043800000000001
[decoded_serial_node-3] [INFO] [1791537734.957622199] [bw_dr03_decoded_serial_node]: SEND MOTOR CMD: cd eb d7 09 74 46 42 53 53 17 0f 00 00
[decoded_serial_node-3] [INFO] [1791537735.018299887] [bw_dr03_decoded_serial_node]: RECEIVED /cmd_vel: linear.x=0.04666666666666666, angular.z=0.9127737499999999
[decoded_serial_node-3] [INFO] [1791537735.018805682] [bw_dr03_decoded_serial_node]: SEND MOTOR CMD: cd eb d7 09 74 46 42 53 53 1b 10 00 00
[decoded_serial_node-3] [INFO] [1791537735.089378445] [bw_dr03_decoded_serial_node]: RECEIVED /cmd_vel: linear.x=0.06999999999999999, angular.z=0.919548359375
[decoded_serial_node-3] [INFO] [1791537735.089690709] [bw_dr03_decoded_serial_node]: SEND MOTOR CMD: cd eb d7 09 74 46 42 53 53 1e 0d 00 00
[decoded_serial_node-3] [INFO] [1791537735.150062069] [bw_dr03_decoded_serial_node]: RECEIVED /cmd_vel: linear.x=0.09333333333333332, angular.z=0.8399435449218751
[decoded_serial_node-3] [INFO] [1791537735.150683034] [bw_dr03_decoded_serial_node]: SEND MOTOR CMD: cd eb d7 09 74 46 42 53 53 1f 09 00 00
[follow_planner-8] [INFO] [1791537735.219040269] [follow_planner_node]: [AVOID] di vong theo ban do (trai, 1.5m duong) | d=2.15m goc=17deg | v=0.117 w=0.830 | thoang=0.13m
[decoded_serial_node-3] [INFO] [1791537735.219680231] [bw_dr03_decoded_serial_node]: RECEIVED /cmd_vel: linear.x=0.11666666666666665, angular.z=0.8299929431152344
[decoded_serial_node-3] [INFO] [1791537735.220273888] [bw_dr03_decoded_serial_node]: SEND MOTOR CMD: cd eb d7 09 74 46 42 53 53 22 05 00 00
[decoded_serial_node-3] [INFO] [1791537735.301138290] [bw_dr03_decoded_serial_node]: RECEIVED /cmd_vel: linear.x=0.13999999999999999, angular.z=0.8287491178894042
[decoded_serial_node-3] [INFO] [1791537735.301406623] [bw_dr03_decoded_serial_node]: SEND MOTOR CMD: cd eb d7 09 74 46 42 53 53 25 05 00 00
[decoded_serial_node-3] [INFO] [1791537735.352300842] [bw_dr03_decoded_serial_node]: RECEIVED /cmd_vel: linear.x=0.16333333333333333, angular.z=0.6687491178894042
[decoded_serial_node-3] [INFO] [1791537735.352556115] [bw_dr03_decoded_serial_node]: SEND MOTOR CMD: cd eb d7 09 74 46 46 53 53 24 05 00 00
[decoded_serial_node-3] [INFO] [1791537735.418087542] [bw_dr03_decoded_serial_node]: RECEIVED /cmd_vel: linear.x=0.18666666666666665, angular.z=0.6171872794723509
[decoded_serial_node-3] [INFO] [1791537735.418336878] [bw_dr03_decoded_serial_node]: SEND MOTOR CMD: cd eb d7 09 74 46 46 53 53 25 07 00 00
[decoded_serial_node-3] [INFO] [1791537735.485909298] [bw_dr03_decoded_serial_node]: RECEIVED /cmd_vel: linear.x=0.20999999999999996, angular.z=0.6042968198680879
[decoded_serial_node-3] [INFO] [1791537735.486171694] [bw_dr03_decoded_serial_node]: SEND MOTOR CMD: cd eb d7 09 74 46 46 53 53 28 0a 00 00
[decoded_serial_node-3] [INFO] [1791537735.565735987] [bw_dr03_decoded_serial_node]: RECEIVED /cmd_vel: linear.x=0.22, angular.z=0.5013427562087774
[decoded_serial_node-3] [INFO] [1791537735.565975824] [bw_dr03_decoded_serial_node]: SEND MOTOR CMD: cd eb d7 09 74 46 46 53 53 27 0e 00 00
[decoded_serial_node-3] [INFO] [1791537735.620488977] [bw_dr03_decoded_serial_node]: RECEIVED /cmd_vel: linear.x=0.22, angular.z=0.3630035335782916
[decoded_serial_node-3] [INFO] [1791537735.621089758] [bw_dr03_decoded_serial_node]: SEND MOTOR CMD: cd eb d7 09 74 46 46 53 53 23 12 00 00
[decoded_serial_node-3] [INFO] [1791537735.686083332] [bw_dr03_decoded_serial_node]: RECEIVED /cmd_vel: linear.x=0.22, angular.z=0.42593860424321617
[decoded_serial_node-3] [INFO] [1791537735.686329106] [bw_dr03_decoded_serial_node]: SEND MOTOR CMD: cd eb d7 09 74 46 46 53 53 25 10 00 00
[decoded_serial_node-3] [INFO] [1791537735.761606007] [bw_dr03_decoded_serial_node]: RECEIVED /cmd_vel: linear.x=0.22, angular.z=0.3347269765912061
[decoded_serial_node-3] [INFO] [1791537735.761901648] [bw_dr03_decoded_serial_node]: SEND MOTOR CMD: cd eb d7 09 74 46 46 53 53 23 12 00 00
[decoded_serial_node-3] [INFO] [1791537735.821283976] [bw_dr03_decoded_serial_node]: RECEIVED /cmd_vel: linear.x=0.22, angular.z=0.1747269765912061
[decoded_serial_node-3] [INFO] [1791537735.821619986] [bw_dr03_decoded_serial_node]: SEND MOTOR CMD: cd eb d7 09 74 46 46 53 53 1f 16 00 00
[target_tracker-7] [INFO] [1791537735.823003206] [target_tracker_node]: muc tieu: d=2.23m goc=-23.3deg nguon=camera+lidar conf=1.00 v=0.13m/s 
[decoded_serial_node-3] [INFO] [1791537735.888248491] [bw_dr03_decoded_serial_node]: RECEIVED /cmd_vel: linear.x=0.22, angular.z=0.125
[decoded_serial_node-3] [INFO] [1791537735.888490703] [bw_dr03_decoded_serial_node]: SEND MOTOR CMD: cd eb d7 09 74 46 46 53 53 1d 17 00 00
[decoded_serial_node-3] [INFO] [1791537735.954389010] [bw_dr03_decoded_serial_node]: RECEIVED /cmd_vel: linear.x=0.22, angular.z=0.125
[decoded_serial_node-3] [INFO] [1791537735.954789135] [bw_dr03_decoded_serial_node]: SEND MOTOR CMD: cd eb d7 09 74 46 46 53 53 1d 17 00 00
[decoded_serial_node-3] [INFO] [1791537736.027445634] [bw_dr03_decoded_serial_node]: RECEIVED /cmd_vel: linear.x=0.22, angular.z=0.0
[decoded_serial_node-3] [INFO] [1791537736.027697345] [bw_dr03_decoded_serial_node]: SEND MOTOR CMD: cd eb d7 09 74 46 46 53 53 1a 1a 00 00
[decoded_serial_node-3] [INFO] [1791537736.089157471] [bw_dr03_decoded_serial_node]: RECEIVED /cmd_vel: linear.x=0.22, angular.z=0.0
[decoded_serial_node-3] [INFO] [1791537736.089397309] [bw_dr03_decoded_serial_node]: SEND MOTOR CMD: cd eb d7 09 74 46 46 53 53 1a 1a 00 00
[decoded_serial_node-3] [INFO] [1791537736.155383477] [bw_dr03_decoded_serial_node]: RECEIVED /cmd_vel: linear.x=0.22, angular.z=-0.125
[decoded_serial_node-3] [INFO] [1791537736.155960512] [bw_dr03_decoded_serial_node]: SEND MOTOR CMD: cd eb d7 09 74 46 46 53 53 17 1d 00 00
[decoded_serial_node-3] [INFO] [1791537736.221987048] [bw_dr03_decoded_serial_node]: RECEIVED /cmd_vel: linear.x=0.22, angular.z=-0.125
[decoded_serial_node-3] [INFO] [1791537736.222222137] [bw_dr03_decoded_serial_node]: SEND MOTOR CMD: cd eb d7 09 74 46 46 53 53 17 1d 00 00
[follow_planner-8] [INFO] [1791537736.291703757] [follow_planner_node]: [AVOID] di vong theo ban do (phai, 1.6m duong) | d=1.88m goc=-28deg | v=0.220 w=0.000 | thoang=0.17m
[decoded_serial_node-3] [INFO] [1791537736.292046891] [bw_dr03_decoded_serial_node]: RECEIVED /cmd_vel: linear.x=0.22, angular.z=0.0
[decoded_serial_node-3] [INFO] [1791537736.292280792] [bw_dr03_decoded_serial_node]: SEND MOTOR CMD: cd eb d7 09 74 46 46 53 53 1a 1a 00 00
[decoded_serial_node-3] [INFO] [1791537736.355106330] [bw_dr03_decoded_serial_node]: RECEIVED /cmd_vel: linear.x=0.22, angular.z=0.0
[decoded_serial_node-3] [INFO] [1791537736.355543262] [bw_dr03_decoded_serial_node]: SEND MOTOR CMD: cd eb d7 09 74 46 46 53 53 1a 1a 00 00
[decoded_serial_node-3] [INFO] [1791537736.422454347] [bw_dr03_decoded_serial_node]: RECEIVED /cmd_vel: linear.x=0.22, angular.z=0.0
[decoded_serial_node-3] [INFO] [1791537736.422760674] [bw_dr03_decoded_serial_node]: SEND MOTOR CMD: cd eb d7 09 74 46 46 53 53 1a 1a 00 00
[decoded_serial_node-3] [INFO] [1791537736.493074602] [bw_dr03_decoded_serial_node]: RECEIVED /cmd_vel: linear.x=0.22, angular.z=-0.125
[decoded_serial_node-3] [INFO] [1791537736.493541217] [bw_dr03_decoded_serial_node]: SEND MOTOR CMD: cd eb d7 09 74 46 46 53 53 17 1d 00 00
[decoded_serial_node-3] [INFO] [1791537736.555471520] [bw_dr03_decoded_serial_node]: RECEIVED /cmd_vel: linear.x=0.22, angular.z=-0.125
[decoded_serial_node-3] [INFO] [1791537736.555948820] [bw_dr03_decoded_serial_node]: SEND MOTOR CMD: cd eb d7 09 74 46 46 53 53 17 1d 00 00
[decoded_serial_node-3] [INFO] [1791537736.621792510] [bw_dr03_decoded_serial_node]: RECEIVED /cmd_vel: linear.x=0.22, angular.z=0.0
[decoded_serial_node-3] [INFO] [1791537736.622046596] [bw_dr03_decoded_serial_node]: SEND MOTOR CMD: cd eb d7 09 74 46 46 53 53 1a 1a 00 00
[decoded_serial_node-3] [INFO] [1791537736.687843981] [bw_dr03_decoded_serial_node]: RECEIVED /cmd_vel: linear.x=0.22, angular.z=-0.125
[decoded_serial_node-3] [INFO] [1791537736.688112314] [bw_dr03_decoded_serial_node]: SEND MOTOR CMD: cd eb d7 09 74 46 46 53 53 17 1d 00 00
[decoded_serial_node-3] [INFO] [1791537736.758828741] [bw_dr03_decoded_serial_node]: RECEIVED /cmd_vel: linear.x=0.22, angular.z=0.0
[decoded_serial_node-3] [INFO] [1791537736.759063829] [bw_dr03_decoded_serial_node]: SEND MOTOR CMD: cd eb d7 09 74 46 46 53 53 1a 1a 00 00
[decoded_serial_node-3] [INFO] [1791537736.811137051] [bw_dr03_decoded_serial_node]: RECEIVED /cmd_vel: linear.x=0.21900732137574633, angular.z=0.16
[decoded_serial_node-3] [INFO] [1791537736.811578732] [bw_dr03_decoded_serial_node]: SEND MOTOR CMD: cd eb d7 09 74 46 46 53 53 1e 16 00 00
[target_tracker-7] [INFO] [1791537736.872546123] [target_tracker_node]: muc tieu: d=1.81m goc=-23.8deg nguon=lidar_track conf=0.75 v=0.41m/s 
[decoded_serial_node-3] [INFO] [1791537736.876991427] [bw_dr03_decoded_serial_node]: RECEIVED /cmd_vel: linear.x=0.21900732137574633, angular.z=0.19006468250021186
[decoded_serial_node-3] [INFO] [1791537736.877238388] [bw_dr03_decoded_serial_node]: SEND MOTOR CMD: cd eb d7 09 74 46 46 53 53 1f 16 00 00
[decoded_serial_node-3] [INFO] [1791537736.944319260] [bw_dr03_decoded_serial_node]: RECEIVED /cmd_vel: linear.x=0.21996225540838277, angular.z=0.1
[decoded_serial_node-3] [INFO] [1791537736.944808433] [bw_dr03_decoded_serial_node]: SEND MOTOR CMD: cd eb d7 09 74 46 46 53 53 1d 18 00 00
[decoded_serial_node-3] [INFO] [1791537737.015958230] [bw_dr03_decoded_serial_node]: RECEIVED /cmd_vel: linear.x=0.21574346549192344, angular.z=-0.12993531749978815
[decoded_serial_node-3] [INFO] [1791537737.016230125] [bw_dr03_decoded_serial_node]: SEND MOTOR CMD: cd eb d7 09 74 46 46 53 53 17 1d 00 00
[decoded_serial_node-3] [INFO] [1791537737.077091845] [bw_dr03_decoded_serial_node]: RECEIVED /cmd_vel: linear.x=0.21574346549192344, angular.z=-0.2899353174997882
[decoded_serial_node-3] [INFO] [1791537737.077337619] [bw_dr03_decoded_serial_node]: SEND MOTOR CMD: cd eb d7 09 74 46 46 53 53 13 21 00 00
[decoded_serial_node-3] [INFO] [1791537737.143942378] [bw_dr03_decoded_serial_node]: RECEIVED /cmd_vel: linear.x=0.1924101321585901, angular.z=-0.4499353174997882
[decoded_serial_node-3] [INFO] [1791537737.144232082] [bw_dr03_decoded_serial_node]: SEND MOTOR CMD: cd eb d7 09 74 46 46 53 53 0c 22 00 00
[decoded_serial_node-3] [INFO] [1791537737.211179974] [bw_dr03_decoded_serial_node]: RECEIVED /cmd_vel: linear.x=0.16907679882525678, angular.z=-0.5097268326574893
[decoded_serial_node-3] [INFO] [1791537737.211405564] [bw_dr03_decoded_serial_node]: SEND MOTOR CMD: cd eb d7 09 74 46 46 53 53 08 21 00 00
[follow_planner-8] [INFO] [1791537737.281780044] [follow_planner_node]: [AVOID] chui khe hep — xoay vuong mat cua (lech -20 do) | d=1.73m goc=-24deg | v=0.146 w=-0.510 | thoang=-
[decoded_serial_node-3] [INFO] [1791537737.281861969] [bw_dr03_decoded_serial_node]: RECEIVED /cmd_vel: linear.x=0.14574346549192346, angular.z=-0.5097268326574893
[decoded_serial_node-3] [INFO] [1791537737.282102994] [bw_dr03_decoded_serial_node]: SEND MOTOR CMD: cd eb d7 09 74 46 46 53 53 05 1e 00 00
[decoded_serial_node-3] [INFO] [1791537737.344382367] [bw_dr03_decoded_serial_node]: RECEIVED /cmd_vel: linear.x=0.12241013215859013, angular.z=-0.509708201482395
[decoded_serial_node-3] [INFO] [1791537737.344636452] [bw_dr03_decoded_serial_node]: SEND MOTOR CMD: cd eb d7 09 74 46 46 53 53 05 1b 00 00
[decoded_serial_node-3] [INFO] [1791537737.410401779] [bw_dr03_decoded_serial_node]: RECEIVED /cmd_vel: linear.x=0.0990767988252568, angular.z=-0.4644785678347919
[decoded_serial_node-3] [INFO] [1791537737.410659426] [bw_dr03_decoded_serial_node]: SEND MOTOR CMD: cd eb d7 09 74 53 46 53 53 1e 17 00 00
[decoded_serial_node-3] [INFO] [1791537737.476637283] [bw_dr03_decoded_serial_node]: RECEIVED /cmd_vel: linear.x=0.07574346549192347, angular.z=-0.4644785678347919
[decoded_serial_node-3] [INFO] [1791537737.476874746] [bw_dr03_decoded_serial_node]: SEND MOTOR CMD: cd eb d7 09 74 42 46 53 53 05 14 00 00
[target_tracker-7] [WARN] [1791537737.522706257] [target_tracker_node]: Goc ngua camera lech -27.2 do so voi cau hinh (do bang LiDAR, 40 mau) — tracker da tu bu. Nen sua camera_pitch_deg trong identity_lock_kingsen.yaml them +27.2 do (hoac do lai goc lap / camera_height_m)
[decoded_serial_node-3] [INFO] [1791537737.548791547] [bw_dr03_decoded_serial_node]: RECEIVED /cmd_vel: linear.x=0.0990767988252568, angular.z=-0.39352008141483885
[decoded_serial_node-3] [INFO] [1791537737.549375706] [bw_dr03_decoded_serial_node]: SEND MOTOR CMD: cd eb d7 09 74 46 46 53 53 05 15 00 00
[decoded_serial_node-3] [INFO] [1791537737.610409586] [bw_dr03_decoded_serial_node]: RECEIVED /cmd_vel: linear.x=0.1183645473649277, angular.z=-0.3305733467879358
[decoded_serial_node-3] [INFO] [1791537737.610866702] [bw_dr03_decoded_serial_node]: SEND MOTOR CMD: cd eb d7 09 74 46 46 53 53 06 16 00 00
[decoded_serial_node-3] [INFO] [1791537737.676482428] [bw_dr03_decoded_serial_node]: RECEIVED /cmd_vel: linear.x=0.1183645473649277, angular.z=-0.3305733467879358
[decoded_serial_node-3] [INFO] [1791537737.676769758] [bw_dr03_decoded_serial_node]: SEND MOTOR CMD: cd eb d7 09 74 46 46 53 53 06 16 00 00
[decoded_serial_node-3] [INFO] [1791537737.748920460] [bw_dr03_decoded_serial_node]: RECEIVED /cmd_vel: linear.x=0.11902153483939909, angular.z=-0.25557748642029465
[decoded_serial_node-3] [INFO] [1791537737.749225600] [bw_dr03_decoded_serial_node]: SEND MOTOR CMD: cd eb d7 09 74 46 46 53 53 08 14 00 00
[decoded_serial_node-3] [INFO] [1791537737.810849575] [bw_dr03_decoded_serial_node]: RECEIVED /cmd_vel: linear.x=0.1195963140135283, angular.z=-0.16409601383873684
[decoded_serial_node-3] [INFO] [1791537737.811356559] [bw_dr03_decoded_serial_node]: SEND MOTOR CMD: cd eb d7 09 74 46 46 53 53 0a 12 00 00
[decoded_serial_node-3] [INFO] [1791537737.877684673] [bw_dr03_decoded_serial_node]: RECEIVED /cmd_vel: linear.x=0.1195963140135283, angular.z=-0.16409601383873684
[decoded_serial_node-3] [INFO] [1791537737.877967253] [bw_dr03_decoded_serial_node]: SEND MOTOR CMD: cd eb d7 09 74 46 46 53 53 0a 12 00 00
[target_tracker-7] [INFO] [1791537737.923218168] [target_tracker_node]: muc tieu: d=1.70m goc=-12.8deg nguon=camera+lidar conf=1.00 v=0.18m/s 
[decoded_serial_node-3] [INFO] [1791537737.943724269] [bw_dr03_decoded_serial_node]: RECEIVED /cmd_vel: linear.x=0.11994953323258771, angular.z=-0.1
[decoded_serial_node-3] [INFO] [1791537737.944416474] [bw_dr03_decoded_serial_node]: SEND MOTOR CMD: cd eb d7 09 74 46 46 53 53 0c 11 00 00
[decoded_serial_node-3] [INFO] [1791537738.016630103] [bw_dr03_decoded_serial_node]: RECEIVED /cmd_vel: linear.x=0.1199316621520796, angular.z=-0.1
[decoded_serial_node-3] [INFO] [1791537738.016930494] [bw_dr03_decoded_serial_node]: SEND MOTOR CMD: cd eb d7 09 74 46 46 53 53 0c 11 00 00
[decoded_serial_node-3] [INFO] [1791537738.077019272] [bw_dr03_decoded_serial_node]: RECEIVED /cmd_vel: linear.x=0.1199316621520796, angular.z=-0.1
[decoded_serial_node-3] [INFO] [1791537738.077325599] [bw_dr03_decoded_serial_node]: SEND MOTOR CMD: cd eb d7 09 74 46 46 53 53 0c 11 00 00
[decoded_serial_node-3] [INFO] [1791537738.143614531] [bw_dr03_decoded_serial_node]: RECEIVED /cmd_vel: linear.x=0.11986102113424149, angular.z=0.1
[decoded_serial_node-3] [INFO] [1791537738.143962414] [bw_dr03_decoded_serial_node]: SEND MOTOR CMD: cd eb d7 09 74 46 46 53 53 11 0c 00 00
[decoded_serial_node-3] [INFO] [1791537738.228744951] [bw_dr03_decoded_serial_node]: RECEIVED /cmd_vel: linear.x=0.11989934474793133, angular.z=0.1
[decoded_serial_node-3] [INFO] [1791537738.229213940] [bw_dr03_decoded_serial_node]: SEND MOTOR CMD: cd eb d7 09 74 46 46 53 53 11 0c 00 00
[decoded_serial_node-3] [INFO] [1791537738.276153214] [bw_dr03_decoded_serial_node]: RECEIVED /cmd_vel: linear.x=0.11989934474793133, angular.z=0.1
[decoded_serial_node-3] [INFO] [1791537738.276458354] [bw_dr03_decoded_serial_node]: SEND MOTOR CMD: cd eb d7 09 74 46 46 53 53 11 0c 00 00
[follow_planner-8] [INFO] [1791537738.347263829] [follow_planner_node]: [AVOID] chui khe hep — qua khe theo truc (lech 3 do) | d=1.65m goc=-9deg | v=0.120 w=0.155 | thoang=-
[decoded_serial_node-3] [INFO] [1791537738.347326757] [bw_dr03_decoded_serial_node]: RECEIVED /cmd_vel: linear.x=0.11963933810728412, angular.z=0.15510054806540408
[decoded_serial_node-3] [INFO] [1791537738.347608150] [bw_dr03_decoded_serial_node]: SEND MOTOR CMD: cd eb d7 09 74 46 46 53 53 12 0a 00 00
[decoded_serial_node-3] [INFO] [1791537738.410041874] [bw_dr03_decoded_serial_node]: RECEIVED /cmd_vel: linear.x=0.11985925664554592, angular.z=0.1
[decoded_serial_node-3] [INFO] [1791537738.410325642] [bw_dr03_decoded_serial_node]: SEND MOTOR CMD: cd eb d7 09 74 46 46 53 53 11 0c 00 00
[decoded_serial_node-3] [INFO] [1791537738.475753771] [bw_dr03_decoded_serial_node]: RECEIVED /cmd_vel: linear.x=0.11990355080787345, angular.z=0.1
[decoded_serial_node-3] [INFO] [1791537738.476190703] [bw_dr03_decoded_serial_node]: SEND MOTOR CMD: cd eb d7 09 74 46 46 53 53 11 0c 00 00
[decoded_serial_node-3] [INFO] [1791537738.542655358] [bw_dr03_decoded_serial_node]: RECEIVED /cmd_vel: linear.x=0.11990355080787345, angular.z=0.1
[decoded_serial_node-3] [INFO] [1791537738.542904693] [bw_dr03_decoded_serial_node]: SEND MOTOR CMD: cd eb d7 09 74 46 46 53 53 11 0c 00 00
[decoded_serial_node-3] [INFO] [1791537738.609027402] [bw_dr03_decoded_serial_node]: RECEIVED /cmd_vel: linear.x=0.11990396974870532, angular.z=0.1
[decoded_serial_node-3] [INFO] [1791537738.609301671] [bw_dr03_decoded_serial_node]: SEND MOTOR CMD: cd eb d7 09 74 46 46 53 53 11 0c 00 00
[decoded_serial_node-3] [INFO] [1791537738.676590322] [bw_dr03_decoded_serial_node]: RECEIVED /cmd_vel: linear.x=0.11996392852827711, angular.z=0.1
[decoded_serial_node-3] [INFO] [1791537738.676927519] [bw_dr03_decoded_serial_node]: SEND MOTOR CMD: cd eb d7 09 74 46 46 53 53 11 0c 00 00
[decoded_serial_node-3] [INFO] [1791537738.742321217] [bw_dr03_decoded_serial_node]: RECEIVED /cmd_vel: linear.x=0.11996392852827711, angular.z=0.1
[decoded_serial_node-3] [INFO] [1791537738.742556305] [bw_dr03_decoded_serial_node]: SEND MOTOR CMD: cd eb d7 09 74 46 46 53 53 11 0c 00 00
[decoded_serial_node-3] [INFO] [1791537738.809717913] [bw_dr03_decoded_serial_node]: RECEIVED /cmd_vel: linear.x=0.11999831583102659, angular.z=0.0
[decoded_serial_node-3] [INFO] [1791537738.810051548] [bw_dr03_decoded_serial_node]: SEND MOTOR CMD: cd eb d7 09 74 46 46 53 53 0e 0e 00 00
[decoded_serial_node-3] [INFO] [1791537738.877557477] [bw_dr03_decoded_serial_node]: RECEIVED /cmd_vel: linear.x=0.11999831583102659, angular.z=0.0
[decoded_serial_node-3] [INFO] [1791537738.877921983] [bw_dr03_decoded_serial_node]: SEND MOTOR CMD: cd eb d7 09 74 46 46 53 53 0e 0e 00 00
[decoded_serial_node-3] [INFO] [1791537738.942438255] [bw_dr03_decoded_serial_node]: RECEIVED /cmd_vel: linear.x=0.1199980884871844, angular.z=0.0
[decoded_serial_node-3] [INFO] [1791537738.942784951] [bw_dr03_decoded_serial_node]: SEND MOTOR CMD: cd eb d7 09 74 46 46 53 53 0e 0e 00 00
[target_tracker-7] [INFO] [1791537738.973515014] [target_tracker_node]: muc tieu: d=1.54m goc=-15.4deg nguon=camera+lidar conf=1.00 v=0.12m/s 
[decoded_serial_node-3] [INFO] [1791537739.009553558] [bw_dr03_decoded_serial_node]: RECEIVED /cmd_vel: linear.x=0.11994348202269456, angular.z=-0.1
[decoded_serial_node-3] [INFO] [1791537739.009840888] [bw_dr03_decoded_serial_node]: SEND MOTOR CMD: cd eb d7 09 74 46 46 53 53 0c 11 00 00
[decoded_serial_node-3] [INFO] [1791537739.076136944] [bw_dr03_decoded_serial_node]: RECEIVED /cmd_vel: linear.x=0.11994348202269456, angular.z=-0.1
[decoded_serial_node-3] [INFO] [1791537739.076373219] [bw_dr03_decoded_serial_node]: SEND MOTOR CMD: cd eb d7 09 74 46 46 53 53 0c 11 00 00
[decoded_serial_node-3] [INFO] [1791537739.142659776] [bw_dr03_decoded_serial_node]: RECEIVED /cmd_vel: linear.x=0.11994511375265628, angular.z=-0.1
[decoded_serial_node-3] [INFO] [1791537739.143203566] [bw_dr03_decoded_serial_node]: SEND MOTOR CMD: cd eb d7 09 74 46 46 53 53 0c 11 00 00
[decoded_serial_node-3] [INFO] [1791537739.209386827] [bw_dr03_decoded_serial_node]: RECEIVED /cmd_vel: linear.x=0.11994512820764212, angular.z=-0.1
[decoded_serial_node-3] [INFO] [1791537739.209734710] [bw_dr03_decoded_serial_node]: SEND MOTOR CMD: cd eb d7 09 74 46 46 53 53 0c 11 00 00
[decoded_serial_node-3] [INFO] [1791537739.275826548] [bw_dr03_decoded_serial_node]: RECEIVED /cmd_vel: linear.x=0.11997021440860223, angular.z=-0.1
[decoded_serial_node-3] [INFO] [1791537739.276389334] [bw_dr03_decoded_serial_node]: SEND MOTOR CMD: cd eb d7 09 74 46 46 53 53 0c 11 00 00
[decoded_serial_node-3] [INFO] [1791537739.341905325] [bw_dr03_decoded_serial_node]: RECEIVED /cmd_vel: linear.x=0.11997021440860223, angular.z=-0.1
[decoded_serial_node-3] [INFO] [1791537739.342170096] [bw_dr03_decoded_serial_node]: SEND MOTOR CMD: cd eb d7 09 74 46 46 53 53 0c 11 00 00
[follow_planner-8] [INFO] [1791537739.409951481] [follow_planner_node]: [FOLLOW] chui khe hep — qua khe theo truc (lech -3 do) | d=1.53m goc=-13deg | v=0.120 w=-0.100 | thoang=-
[decoded_serial_node-3] [INFO] [1791537739.410060714] [bw_dr03_decoded_serial_node]: RECEIVED /cmd_vel: linear.x=0.11988134562674281, angular.z=-0.1
[decoded_serial_node-3] [INFO] [1791537739.410365854] [bw_dr03_decoded_serial_node]: SEND MOTOR CMD: cd eb d7 09 74 46 46 53 53 0c 11 00 00
[decoded_serial_node-3] [INFO] [1791537739.475970893] [bw_dr03_decoded_serial_node]: RECEIVED /cmd_vel: linear.x=0.1199181696931091, angular.z=-0.1
[decoded_serial_node-3] [INFO] [1791537739.476211918] [bw_dr03_decoded_serial_node]: SEND MOTOR CMD: cd eb d7 09 74 46 46 53 53 0c 11 00 00
[decoded_serial_node-3] [INFO] [1791537739.542371432] [bw_dr03_decoded_serial_node]: RECEIVED /cmd_vel: linear.x=0.1199181696931091, angular.z=-0.1
[decoded_serial_node-3] [INFO] [1791537739.542632641] [bw_dr03_decoded_serial_node]: SEND MOTOR CMD: cd eb d7 09 74 46 46 53 53 0c 11 00 00
[decoded_serial_node-3] [INFO] [1791537739.609756255] [bw_dr03_decoded_serial_node]: RECEIVED /cmd_vel: linear.x=0.11984267973047064, angular.z=-0.10242221636915874
[decoded_serial_node-3] [INFO] [1791537739.610158754] [bw_dr03_decoded_serial_node]: SEND MOTOR CMD: cd eb d7 09 74 46 46 53 53 0c 11 00 00
[decoded_serial_node-3] [INFO] [1791537739.675352982] [bw_dr03_decoded_serial_node]: RECEIVED /cmd_vel: linear.x=0.11992166502155155, angular.z=-0.1
[decoded_serial_node-3] [INFO] [1791537739.675692554] [bw_dr03_decoded_serial_node]: SEND MOTOR CMD: cd eb d7 09 74 46 46 53 53 0c 11 00 00
[decoded_serial_node-3] [INFO] [1791537739.742762739] [bw_dr03_decoded_serial_node]: RECEIVED /cmd_vel: linear.x=0.11992166502155155, angular.z=-0.1
[decoded_serial_node-3] [INFO] [1791537739.743046507] [bw_dr03_decoded_serial_node]: SEND MOTOR CMD: cd eb d7 09 74 46 46 53 53 0c 11 00 00
[decoded_serial_node-3] [INFO] [1791537739.810645046] [bw_dr03_decoded_serial_node]: RECEIVED /cmd_vel: linear.x=0.11995458529072954, angular.z=-0.1
[decoded_serial_node-3] [INFO] [1791537739.811086727] [bw_dr03_decoded_serial_node]: SEND MOTOR CMD: cd eb d7 09 74 46 46 53 53 0c 11 00 00
[decoded_serial_node-3] [INFO] [1791537739.875327542] [bw_dr03_decoded_serial_node]: RECEIVED /cmd_vel: linear.x=0.11995167526300647, angular.z=-0.1
[decoded_serial_node-3] [INFO] [1791537739.875667114] [bw_dr03_decoded_serial_node]: SEND MOTOR CMD: cd eb d7 09 74 46 46 53 53 0c 11 00 00
[decoded_serial_node-3] [INFO] [1791537739.942896398] [bw_dr03_decoded_serial_node]: RECEIVED /cmd_vel: linear.x=0.11995167526300647, angular.z=-0.1
[decoded_serial_node-3] [INFO] [1791537739.943213411] [bw_dr03_decoded_serial_node]: SEND MOTOR CMD: cd eb d7 09 74 46 46 53 53 0c 11 00 00
[decoded_serial_node-3] [INFO] [1791537740.010066317] [bw_dr03_decoded_serial_node]: RECEIVED /cmd_vel: linear.x=0.11997363960678763, angular.z=-0.1
[decoded_serial_node-3] [INFO] [1791537740.010568551] [bw_dr03_decoded_serial_node]: SEND MOTOR CMD: cd eb d7 09 74 46 46 53 53 0c 11 00 00
[target_tracker-7] [INFO] [1791537740.022512930] [target_tracker_node]: muc tieu: d=1.45m goc=-9.8deg nguon=camera+lidar conf=0.98 v=0.02m/s 
[decoded_serial_node-3] [INFO] [1791537740.076250765] [bw_dr03_decoded_serial_node]: RECEIVED /cmd_vel: linear.x=0.11997560197388886, angular.z=-0.1
[decoded_serial_node-3] [INFO] [1791537740.076614083] [bw_dr03_decoded_serial_node]: SEND MOTOR CMD: cd eb d7 09 74 46 46 53 53 0c 11 00 00
[decoded_serial_node-3] [INFO] [1791537740.142765286] [bw_dr03_decoded_serial_node]: RECEIVED /cmd_vel: linear.x=0.11997560197388886, angular.z=-0.1
[decoded_serial_node-3] [INFO] [1791537740.143103670] [bw_dr03_decoded_serial_node]: SEND MOTOR CMD: cd eb d7 09 74 46 46 53 53 0c 11 00 00
[decoded_serial_node-3] [INFO] [1791537740.210109739] [bw_dr03_decoded_serial_node]: RECEIVED /cmd_vel: linear.x=0.11999984559129201, angular.z=0.0
[decoded_serial_node-3] [INFO] [1791537740.210458810] [bw_dr03_decoded_serial_node]: SEND MOTOR CMD: cd eb d7 09 74 46 46 53 53 0e 0e 00 00
[decoded_serial_node-3] [INFO] [1791537740.275871503] [bw_dr03_decoded_serial_node]: RECEIVED /cmd_vel: linear.x=0.11999992006580816, angular.z=0.0
[decoded_serial_node-3] [INFO] [1791537740.276332181] [bw_dr03_decoded_serial_node]: SEND MOTOR CMD: cd eb d7 09 74 46 46 53 53 0e 0e 00 00
[decoded_serial_node-3] [INFO] [1791537740.342613988] [bw_dr03_decoded_serial_node]: RECEIVED /cmd_vel: linear.x=0.11999992006580816, angular.z=0.0
[decoded_serial_node-3] [INFO] [1791537740.342872823] [bw_dr03_decoded_serial_node]: SEND MOTOR CMD: cd eb d7 09 74 46 46 53 53 0e 0e 00 00
[decoded_serial_node-3] [INFO] [1791537740.409129697] [bw_dr03_decoded_serial_node]: RECEIVED /cmd_vel: linear.x=0.11999468644607128, angular.z=0.0
[decoded_serial_node-3] [INFO] [1791537740.409388531] [bw_dr03_decoded_serial_node]: SEND MOTOR CMD: cd eb d7 09 74 46 46 53 53 0e 0e 00 00
[follow_planner-8] [INFO] [1791537740.475358075] [follow_planner_node]: [FOLLOW] chui khe hep — qua khe theo truc (lech -2 do) | d=1.43m goc=-7deg | v=0.120 w=0.000 | thoang=-
[decoded_serial_node-3] [INFO] [1791537740.475504115] [bw_dr03_decoded_serial_node]: RECEIVED /cmd_vel: linear.x=0.11998943884231363, angular.z=0.0
[decoded_serial_node-3] [INFO] [1791537740.475761762] [bw_dr03_decoded_serial_node]: SEND MOTOR CMD: cd eb d7 09 74 46 46 53 53 0e 0e 00 00
[decoded_serial_node-3] [INFO] [1791537740.542820073] [bw_dr03_decoded_serial_node]: RECEIVED /cmd_vel: linear.x=0.11998943884231363, angular.z=0.0
[decoded_serial_node-3] [INFO] [1791537740.543151333] [bw_dr03_decoded_serial_node]: SEND MOTOR CMD: cd eb d7 09 74 46 46 53 53 0e 0e 00 00
[decoded_serial_node-3] [INFO] [1791537740.609643295] [bw_dr03_decoded_serial_node]: RECEIVED /cmd_vel: linear.x=0.11999028225960229, angular.z=0.0
[decoded_serial_node-3] [INFO] [1791537740.609982867] [bw_dr03_decoded_serial_node]: SEND MOTOR CMD: cd eb d7 09 74 46 46 53 53 0e 0e 00 00
[decoded_serial_node-3] [INFO] [1791537740.675356379] [bw_dr03_decoded_serial_node]: RECEIVED /cmd_vel: linear.x=0.11999028225960229, angular.z=0.0
[decoded_serial_node-3] [INFO] [1791537740.675690015] [bw_dr03_decoded_serial_node]: SEND MOTOR CMD: cd eb d7 09 74 46 46 53 53 0e 0e 00 00
[decoded_serial_node-3] [INFO] [1791537740.742400442] [bw_dr03_decoded_serial_node]: RECEIVED /cmd_vel: linear.x=0.11988646439776013, angular.z=-0.1
[decoded_serial_node-3] [INFO] [1791537740.742648591] [bw_dr03_decoded_serial_node]: SEND MOTOR CMD: cd eb d7 09 74 46 46 53 53 0c 11 00 00
[follow_planner-8] [INFO] [1791537740.775730723] [follow_planner_node]: self-filter: bo 10/238 tia dap vao than xe
[decoded_serial_node-3] [INFO] [1791537740.809084749] [bw_dr03_decoded_serial_node]: RECEIVED /cmd_vel: linear.x=0.11959044650487875, angular.z=-0.165284940100161
[decoded_serial_node-3] [INFO] [1791537740.809444505] [bw_dr03_decoded_serial_node]: SEND MOTOR CMD: cd eb d7 09 74 46 46 53 53 0a 12 00 00
[decoded_serial_node-3] [INFO] [1791537740.875142154] [bw_dr03_decoded_serial_node]: RECEIVED /cmd_vel: linear.x=0.11959044650487875, angular.z=-0.165284940100161
[decoded_serial_node-3] [INFO] [1791537740.875703754] [bw_dr03_decoded_serial_node]: SEND MOTOR CMD: cd eb d7 09 74 46 46 53 53 0a 12 00 00
[decoded_serial_node-3] [INFO] [1791537740.942750192] [bw_dr03_decoded_serial_node]: RECEIVED /cmd_vel: linear.x=0.11950729348501465, angular.z=-0.1812997611510658
[decoded_serial_node-3] [INFO] [1791537740.943305855] [bw_dr03_decoded_serial_node]: SEND MOTOR CMD: cd eb d7 09 74 46 46 53 53 0a 13 00 00
[decoded_serial_node-3] [INFO] [1791537741.009080679] [bw_dr03_decoded_serial_node]: RECEIVED /cmd_vel: linear.x=0.11912357142505275, angular.z=-0.24186738801287205
[decoded_serial_node-3] [INFO] [1791537741.009486740] [bw_dr03_decoded_serial_node]: SEND MOTOR CMD: cd eb d7 09 74 46 46 53 53 08 14 00 00
[target_tracker-7] [INFO] [1791537741.022795343] [target_tracker_node]: muc tieu: d=1.49m goc=-4.3deg nguon=camera+lidar conf=1.00 v=0.27m/s 
[decoded_serial_node-3] [INFO] [1791537741.076268406] [bw_dr03_decoded_serial_node]: RECEIVED /cmd_vel: linear.x=0.11912357142505275, angular.z=-0.24186738801287205
[decoded_serial_node-3] [INFO] [1791537741.076687528] [bw_dr03_decoded_serial_node]: SEND MOTOR CMD: cd eb d7 09 74 46 46 53 53 08 14 00 00
[decoded_serial_node-3] [INFO] [1791537741.146259383] [bw_dr03_decoded_serial_node]: RECEIVED /cmd_vel: linear.x=0.119116488824525, angular.z=-0.24284390935508848
[decoded_serial_node-3] [INFO] [1791537741.146501595] [bw_dr03_decoded_serial_node]: SEND MOTOR CMD: cd eb d7 09 74 46 46 53 53 08 14 00 00
[decoded_serial_node-3] [INFO] [1791537741.209749814] [bw_dr03_decoded_serial_node]: RECEIVED /cmd_vel: linear.x=0.11942329827588781, angular.z=-0.19615712077363306
[decoded_serial_node-3] [INFO] [1791537741.209983715] [bw_dr03_decoded_serial_node]: SEND MOTOR CMD: cd eb d7 09 74 46 46 53 53 09 13 00 00
[decoded_serial_node-3] [INFO] [1791537741.275044963] [bw_dr03_decoded_serial_node]: RECEIVED /cmd_vel: linear.x=0.11942329827588781, angular.z=-0.19615712077363306
[decoded_serial_node-3] [INFO] [1791537741.275294299] [bw_dr03_decoded_serial_node]: SEND MOTOR CMD: cd eb d7 09 74 46 46 53 53 09 13 00 00
[decoded_serial_node-3] [INFO] [1791537741.342666060] [bw_dr03_decoded_serial_node]: RECEIVED /cmd_vel: linear.x=0.11951633435127589, angular.z=-0.17962755998352847
[decoded_serial_node-3] [INFO] [1791537741.342967638] [bw_dr03_decoded_serial_node]: SEND MOTOR CMD: cd eb d7 09 74 46 46 53 53 0a 13 00 00
[decoded_serial_node-3] [INFO] [1791537741.408372020] [bw_dr03_decoded_serial_node]: RECEIVED /cmd_vel: linear.x=0.11959644311798569, angular.z=-0.1640697569055932
[decoded_serial_node-3] [INFO] [1791537741.408621356] [bw_dr03_decoded_serial_node]: SEND MOTOR CMD: cd eb d7 09 74 46 46 53 53 0a 12 00 00
[follow_planner-8] [INFO] [1791537741.475198804] [follow_planner_node]: [FOLLOW] chui khe hep — qua khe theo truc (lech -8 do) | d=1.65m goc=-2deg | v=0.120 w=-0.164 | thoang=-
[decoded_serial_node-3] [INFO] [1791537741.475399460] [bw_dr03_decoded_serial_node]: RECEIVED /cmd_vel: linear.x=0.11959644311798569, angular.z=-0.1640697569055932
[decoded_serial_node-3] [INFO] [1791537741.475746156] [bw_dr03_decoded_serial_node]: SEND MOTOR CMD: cd eb d7 09 74 46 46 53 53 0a 12 00 00
[decoded_serial_node-3] [INFO] [1791537741.542502889] [bw_dr03_decoded_serial_node]: RECEIVED /cmd_vel: linear.x=0.11984225525202355, angular.z=-0.10256033033680112
[decoded_serial_node-3] [INFO] [1791537741.542771222] [bw_dr03_decoded_serial_node]: SEND MOTOR CMD: cd eb d7 09 74 46 46 53 53 0c 11 00 00
[decoded_serial_node-3] [INFO] [1791537741.609197881] [bw_dr03_decoded_serial_node]: RECEIVED /cmd_vel: linear.x=0.1199233836558035, angular.z=-0.1
[decoded_serial_node-3] [INFO] [1791537741.609499459] [bw_dr03_decoded_serial_node]: SEND MOTOR CMD: cd eb d7 09 74 46 46 53 53 0c 11 00 00
[decoded_serial_node-3] [INFO] [1791537741.675815698] [bw_dr03_decoded_serial_node]: RECEIVED /cmd_vel: linear.x=0.1199233836558035, angular.z=-0.1
[decoded_serial_node-3] [INFO] [1791537741.676399856] [bw_dr03_decoded_serial_node]: SEND MOTOR CMD: cd eb d7 09 74 46 46 53 53 0c 11 00 00
[decoded_serial_node-3] [INFO] [1791537741.742484569] [bw_dr03_decoded_serial_node]: RECEIVED /cmd_vel: linear.x=0.11997544837982128, angular.z=-0.1
[decoded_serial_node-3] [INFO] [1791537741.742752902] [bw_dr03_decoded_serial_node]: SEND MOTOR CMD: cd eb d7 09 74 46 46 53 53 0c 11 00 00
[decoded_serial_node-3] [INFO] [1791537741.809975062] [bw_dr03_decoded_serial_node]: RECEIVED /cmd_vel: linear.x=0.11999089857182911, angular.z=0.0
[decoded_serial_node-3] [INFO] [1791537741.810244582] [bw_dr03_decoded_serial_node]: SEND MOTOR CMD: cd eb d7 09 74 46 46 53 53 0e 0e 00 00
[decoded_serial_node-3] [INFO] [1791537741.875692895] [bw_dr03_decoded_serial_node]: RECEIVED /cmd_vel: linear.x=0.11999089857182911, angular.z=0.0
[decoded_serial_node-3] [INFO] [1791537741.876015844] [bw_dr03_decoded_serial_node]: SEND MOTOR CMD: cd eb d7 09 74 46 46 53 53 0e 0e 00 00
[decoded_serial_node-3] [INFO] [1791537741.942491183] [bw_dr03_decoded_serial_node]: RECEIVED /cmd_vel: linear.x=0.11999900419600801, angular.z=0.0
[decoded_serial_node-3] [INFO] [1791537741.942761891] [bw_dr03_decoded_serial_node]: SEND MOTOR CMD: cd eb d7 09 74 46 46 53 53 0e 0e 00 00
[decoded_serial_node-3] [INFO] [1791537742.009519811] [bw_dr03_decoded_serial_node]: RECEIVED /cmd_vel: linear.x=0.11999999457242586, angular.z=0.0
[decoded_serial_node-3] [INFO] [1791537742.009857008] [bw_dr03_decoded_serial_node]: SEND MOTOR CMD: cd eb d7 09 74 46 46 53 53 0e 0e 00 00
[target_tracker-7] [INFO] [1791537742.072497322] [target_tracker_node]: muc tieu: d=1.62m goc=2.9deg nguon=camera+lidar conf=0.98 v=0.12m/s 
[decoded_serial_node-3] [INFO] [1791537742.076376277] [bw_dr03_decoded_serial_node]: RECEIVED /cmd_vel: linear.x=0.11999999457242586, angular.z=0.0
[decoded_serial_node-3] [INFO] [1791537742.076731284] [bw_dr03_decoded_serial_node]: SEND MOTOR CMD: cd eb d7 09 74 46 46 53 53 0e 0e 00 00
[decoded_serial_node-3] [INFO] [1791537742.142545289] [bw_dr03_decoded_serial_node]: RECEIVED /cmd_vel: linear.x=0.11999993673437621, angular.z=0.0
[decoded_serial_node-3] [INFO] [1791537742.142848054] [bw_dr03_decoded_serial_node]: SEND MOTOR CMD: cd eb d7 09 74 46 46 53 53 0e 0e 00 00
[decoded_serial_node-3] [INFO] [1791537742.209640406] [bw_dr03_decoded_serial_node]: RECEIVED /cmd_vel: linear.x=0.11999993302985605, angular.z=0.0
[decoded_serial_node-3] [INFO] [1791537742.210025095] [bw_dr03_decoded_serial_node]: SEND MOTOR CMD: cd eb d7 09 74 46 46 53 53 0e 0e 00 00
[decoded_serial_node-3] [INFO] [1791537742.276089623] [bw_dr03_decoded_serial_node]: RECEIVED /cmd_vel: linear.x=0.11999993302985605, angular.z=0.0
[decoded_serial_node-3] [INFO] [1791537742.276430383] [bw_dr03_decoded_serial_node]: SEND MOTOR CMD: cd eb d7 09 74 46 46 53 53 0e 0e 00 00
[decoded_serial_node-3] [INFO] [1791537742.342282381] [bw_dr03_decoded_serial_node]: RECEIVED /cmd_vel: linear.x=0.1199959248772512, angular.z=0.0
[decoded_serial_node-3] [INFO] [1791537742.342523406] [bw_dr03_decoded_serial_node]: SEND MOTOR CMD: cd eb d7 09 74 46 46 53 53 0e 0e 00 00
[decoded_serial_node-3] [INFO] [1791537742.408458517] [bw_dr03_decoded_serial_node]: RECEIVED /cmd_vel: linear.x=0.09666259154391788, angular.z=-0.16
[decoded_serial_node-3] [INFO] [1791537742.408736348] [bw_dr03_decoded_serial_node]: SEND MOTOR CMD: cd eb d7 09 74 46 46 53 53 07 0f 00 00
[follow_planner-8] [INFO] [1791537742.475573818] [follow_planner_node]: [FOLLOW] chui khe hep — lui ve truc khe (lech 0.07m) | d=1.75m goc=5deg | v=0.073 w=-0.276 | thoang=-
[decoded_serial_node-3] [INFO] [1791537742.476106922] [bw_dr03_decoded_serial_node]: RECEIVED /cmd_vel: linear.x=0.07332925821058454, angular.z=-0.2755136657636012
[decoded_serial_node-3] [INFO] [1791537742.476381192] [bw_dr03_decoded_serial_node]: SEND MOTOR CMD: cd eb d7 09 74 46 46 53 53 05 0f 00 00
[decoded_serial_node-3] [INFO] [1791537742.542216568] [bw_dr03_decoded_serial_node]: RECEIVED /cmd_vel: linear.x=0.04999592487725121, angular.z=-0.26180568396435927
[decoded_serial_node-3] [INFO] [1791537742.542508647] [bw_dr03_decoded_serial_node]: SEND MOTOR CMD: cd eb d7 09 74 53 46 53 53 1e 0c 00 00
[decoded_serial_node-3] [INFO] [1791537742.609766426] [bw_dr03_decoded_serial_node]: RECEIVED /cmd_vel: linear.x=0.035, angular.z=-0.2768354128552887
[decoded_serial_node-3] [INFO] [1791537742.610065629] [bw_dr03_decoded_serial_node]: SEND MOTOR CMD: cd eb d7 09 74 42 46 53 53 05 0b 00 00
[decoded_serial_node-3] [INFO] [1791537742.675975806] [bw_dr03_decoded_serial_node]: RECEIVED /cmd_vel: linear.x=0.035, angular.z=-0.2768354128552887
[decoded_serial_node-3] [INFO] [1791537742.676451919] [bw_dr03_decoded_serial_node]: SEND MOTOR CMD: cd eb d7 09 74 42 46 53 53 05 0b 00 00
[decoded_serial_node-3] [INFO] [1791537742.742626867] [bw_dr03_decoded_serial_node]: RECEIVED /cmd_vel: linear.x=-0.035, angular.z=-0.20371677904892996
[decoded_serial_node-3] [INFO] [1791537742.743294138] [bw_dr03_decoded_serial_node]: SEND MOTOR CMD: cd eb d7 09 74 42 53 53 53 09 1e 00 00
[decoded_serial_node-3] [INFO] [1791537742.809662618] [bw_dr03_decoded_serial_node]: RECEIVED /cmd_vel: linear.x=-0.04333740845608211, angular.z=-0.22084556741128533
[decoded_serial_node-3] [INFO] [1791537742.809954698] [bw_dr03_decoded_serial_node]: SEND MOTOR CMD: cd eb d7 09 74 42 53 53 53 0a 1e 00 00
[decoded_serial_node-3] [INFO] [1791537742.876025162] [bw_dr03_decoded_serial_node]: RECEIVED /cmd_vel: linear.x=-0.06, angular.z=-0.22084556741128533
[decoded_serial_node-3] [INFO] [1791537742.876310118] [bw_dr03_decoded_serial_node]: SEND MOTOR CMD: cd eb d7 09 74 42 42 53 53 0c 05 00 00
[decoded_serial_node-3] [INFO] [1791537742.942796142] [bw_dr03_decoded_serial_node]: RECEIVED /cmd_vel: linear.x=-0.06, angular.z=-0.2116330522768616
[decoded_serial_node-3] [INFO] [1791537742.943069224] [bw_dr03_decoded_serial_node]: SEND MOTOR CMD: cd eb d7 09 74 42 42 53 53 0c 05 00 00
[python3-4] [INFO] [1791537742.970205287] [identity_lock_node]: camera: nhan 12.5 fps (phoi sang 30 ms, do sang 104), xu ly 12.5 Hz, TB 25 ms/khung, tre tu luc chup 58.4 ms, 2 nguoi, status TRACKING
[decoded_serial_node-3] [INFO] [1791537743.009531503] [bw_dr03_decoded_serial_node]: RECEIVED /cmd_vel: linear.x=-0.06, angular.z=-0.21326830302424898
[decoded_serial_node-3] [INFO] [1791537743.009998117] [bw_dr03_decoded_serial_node]: SEND MOTOR CMD: cd eb d7 09 74 42 42 53 53 0c 05 00 00
[decoded_serial_node-3] [INFO] [1791537743.076093515] [bw_dr03_decoded_serial_node]: RECEIVED /cmd_vel: linear.x=-0.06, angular.z=-0.21326830302424898
[decoded_serial_node-3] [INFO] [1791537743.076361848] [bw_dr03_decoded_serial_node]: SEND MOTOR CMD: cd eb d7 09 74 42 42 53 53 0c 05 00 00
[target_tracker-7] [INFO] [1791537743.123128960] [target_tracker_node]: muc tieu: d=1.79m goc=4.8deg nguon=camera+lidar conf=1.00 v=0.12m/s 
[decoded_serial_node-3] [INFO] [1791537743.142015565] [bw_dr03_decoded_serial_node]: RECEIVED /cmd_vel: linear.x=-0.06, angular.z=-0.22856696138448984
[decoded_serial_node-3] [INFO] [1791537743.142255402] [bw_dr03_decoded_serial_node]: SEND MOTOR CMD: cd eb d7 09 74 42 42 53 53 0c 05 00 00
[decoded_serial_node-3] [INFO] [1791537743.209180733] [bw_dr03_decoded_serial_node]: RECEIVED /cmd_vel: linear.x=-0.06, angular.z=-0.231383824490113
[decoded_serial_node-3] [INFO] [1791537743.209415821] [bw_dr03_decoded_serial_node]: SEND MOTOR CMD: cd eb d7 09 74 42 42 53 53 0c 05 00 00
[decoded_serial_node-3] [INFO] [1791537743.275726122] [bw_dr03_decoded_serial_node]: RECEIVED /cmd_vel: linear.x=-0.06, angular.z=-0.231383824490113
[decoded_serial_node-3] [INFO] [1791537743.275971896] [bw_dr03_decoded_serial_node]: SEND MOTOR CMD: cd eb d7 09 74 42 42 53 53 0c 05 00 00
[decoded_serial_node-3] [INFO] [1791537743.342526785] [bw_dr03_decoded_serial_node]: RECEIVED /cmd_vel: linear.x=-0.06, angular.z=-0.20521964061077524
[decoded_serial_node-3] [INFO] [1791537743.343087197] [bw_dr03_decoded_serial_node]: SEND MOTOR CMD: cd eb d7 09 74 42 42 53 53 0c 05 00 00
[decoded_serial_node-3] [INFO] [1791537743.409871237] [bw_dr03_decoded_serial_node]: RECEIVED /cmd_vel: linear.x=-0.06, angular.z=-0.19085063437084024
[decoded_serial_node-3] [INFO] [1791537743.410415027] [bw_dr03_decoded_serial_node]: SEND MOTOR CMD: cd eb d7 09 74 42 42 53 53 0c 05 00 00
[decoded_serial_node-3] [INFO] [1791537743.475888272] [bw_dr03_decoded_serial_node]: RECEIVED /cmd_vel: linear.x=-0.06, angular.z=-0.19085063437084024
[decoded_serial_node-3] [INFO] [1791537743.476131671] [bw_dr03_decoded_serial_node]: SEND MOTOR CMD: cd eb d7 09 74 42 42 53 53 0c 05 00 00
[follow_planner-8] [INFO] [1791537743.541830506] [follow_planner_node]: [FOLLOW] chui khe hep — lui ve truc khe (lech 0.07m) | d=1.83m goc=5deg | v=-0.060 w=-0.190 | thoang=-
[decoded_serial_node-3] [INFO] [1791537743.541937364] [bw_dr03_decoded_serial_node]: RECEIVED /cmd_vel: linear.x=-0.06, angular.z=-0.18981450510871797
[decoded_serial_node-3] [INFO] [1791537743.542161767] [bw_dr03_decoded_serial_node]: SEND MOTOR CMD: cd eb d7 09 74 42 42 53 53 0b 05 00 00
[decoded_serial_node-3] [INFO] [1791537743.609879035] [bw_dr03_decoded_serial_node]: RECEIVED /cmd_vel: linear.x=-0.06, angular.z=-0.15101102869457655
[decoded_serial_node-3] [INFO] [1791537743.610112936] [bw_dr03_decoded_serial_node]: SEND MOTOR CMD: cd eb d7 09 74 42 42 53 53 0b 05 00 00
[decoded_serial_node-3] [INFO] [1791537743.676039735] [bw_dr03_decoded_serial_node]: RECEIVED /cmd_vel: linear.x=-0.06, angular.z=-0.15101102869457655
[decoded_serial_node-3] [INFO] [1791537743.676321129] [bw_dr03_decoded_serial_node]: SEND MOTOR CMD: cd eb d7 09 74 42 42 53 53 0b 05 00 00
[decoded_serial_node-3] [INFO] [1791537743.742532883] [bw_dr03_decoded_serial_node]: RECEIVED /cmd_vel: linear.x=-0.06, angular.z=-0.15156339650292652
[decoded_serial_node-3] [INFO] [1791537743.742778657] [bw_dr03_decoded_serial_node]: SEND MOTOR CMD: cd eb d7 09 74 42 42 53 53 0b 05 00 00
[decoded_serial_node-3] [INFO] [1791537743.809221938] [bw_dr03_decoded_serial_node]: RECEIVED /cmd_vel: linear.x=-0.06, angular.z=-0.18723153166767828
[decoded_serial_node-3] [INFO] [1791537743.809462963] [bw_dr03_decoded_serial_node]: SEND MOTOR CMD: cd eb d7 09 74 42 42 53 53 0b 05 00 00
[decoded_serial_node-3] [INFO] [1791537743.875787512] [bw_dr03_decoded_serial_node]: RECEIVED /cmd_vel: linear.x=-0.06, angular.z=-0.18723153166767828
[decoded_serial_node-3] [INFO] [1791537743.876398979] [bw_dr03_decoded_serial_node]: SEND MOTOR CMD: cd eb d7 09 74 42 42 53 53 0b 05 00 00
[decoded_serial_node-3] [INFO] [1791537743.942401766] [bw_dr03_decoded_serial_node]: RECEIVED /cmd_vel: linear.x=-0.06, angular.z=-0.1316475605156651
[decoded_serial_node-3] [INFO] [1791537743.942639229] [bw_dr03_decoded_serial_node]: SEND MOTOR CMD: cd eb d7 09 74 42 42 53 53 0a 05 00 00
[decoded_serial_node-3] [INFO] [1791537744.009195305] [bw_dr03_decoded_serial_node]: RECEIVED /cmd_vel: linear.x=-0.06, angular.z=-0.1
[decoded_serial_node-3] [INFO] [1791537744.009562185] [bw_dr03_decoded_serial_node]: SEND MOTOR CMD: cd eb d7 09 74 42 42 53 53 09 05 00 00
[decoded_serial_node-3] [INFO] [1791537744.075952036] [bw_dr03_decoded_serial_node]: RECEIVED /cmd_vel: linear.x=-0.06, angular.z=-0.1
[decoded_serial_node-3] [INFO] [1791537744.076232242] [bw_dr03_decoded_serial_node]: SEND MOTOR CMD: cd eb d7 09 74 42 42 53 53 09 05 00 00
[target_tracker-7] [INFO] [1791537744.123425600] [target_tracker_node]: muc tieu: d=1.87m goc=10.2deg nguon=camera+lidar conf=1.00 v=0.04m/s 
[decoded_serial_node-3] [INFO] [1791537744.142503362] [bw_dr03_decoded_serial_node]: RECEIVED /cmd_vel: linear.x=-0.06, angular.z=-0.12782793052870545
[decoded_serial_node-3] [INFO] [1791537744.142804940] [bw_dr03_decoded_serial_node]: SEND MOTOR CMD: cd eb d7 09 74 42 42 53 53 0a 05 00 00
[decoded_serial_node-3] [INFO] [1791537744.208934769] [bw_dr03_decoded_serial_node]: RECEIVED /cmd_vel: linear.x=-0.06, angular.z=-0.1
[decoded_serial_node-3] [INFO] [1791537744.209269592] [bw_dr03_decoded_serial_node]: SEND MOTOR CMD: cd eb d7 09 74 42 42 53 53 09 05 00 00
[decoded_serial_node-3] [INFO] [1791537744.276191360] [bw_dr03_decoded_serial_node]: RECEIVED /cmd_vel: linear.x=-0.06, angular.z=-0.1
[decoded_serial_node-3] [INFO] [1791537744.276511934] [bw_dr03_decoded_serial_node]: SEND MOTOR CMD: cd eb d7 09 74 42 42 53 53 09 05 00 00
[decoded_serial_node-3] [INFO] [1791537744.342908909] [bw_dr03_decoded_serial_node]: RECEIVED /cmd_vel: linear.x=-0.06, angular.z=0.1
[decoded_serial_node-3] [INFO] [1791537744.343227110] [bw_dr03_decoded_serial_node]: SEND MOTOR CMD: cd eb d7 09 74 42 42 53 53 05 09 00 00
[decoded_serial_node-3] [INFO] [1791537744.409777248] [bw_dr03_decoded_serial_node]: RECEIVED /cmd_vel: linear.x=-0.06, angular.z=-0.1
[decoded_serial_node-3] [INFO] [1791537744.410407712] [bw_dr03_decoded_serial_node]: SEND MOTOR CMD: cd eb d7 09 74 42 42 53 53 09 05 00 00
[decoded_serial_node-3] [INFO] [1791537744.478041868] [bw_dr03_decoded_serial_node]: RECEIVED /cmd_vel: linear.x=-0.06, angular.z=-0.1
[decoded_serial_node-3] [INFO] [1791537744.478403999] [bw_dr03_decoded_serial_node]: SEND MOTOR CMD: cd eb d7 09 74 42 42 53 53 09 05 00 00
[decoded_serial_node-3] [INFO] [1791537744.542788477] [bw_dr03_decoded_serial_node]: RECEIVED /cmd_vel: linear.x=-0.06, angular.z=-0.1
[follow_planner-8] [INFO] [1791537744.542977260] [follow_planner_node]: [FOLLOW] chui khe hep — lui ve truc khe (lech 0.04m) | d=1.90m goc=12deg | v=-0.060 w=-0.100 | thoang=-
[decoded_serial_node-3] [INFO] [1791537744.543177916] [bw_dr03_decoded_serial_node]: SEND MOTOR CMD: cd eb d7 09 74 42 42 53 53 09 05 00 00
[decoded_serial_node-3] [INFO] [1791537744.609730429] [bw_dr03_decoded_serial_node]: RECEIVED /cmd_vel: linear.x=-0.06, angular.z=-0.1
[decoded_serial_node-3] [INFO] [1791537744.610138865] [bw_dr03_decoded_serial_node]: SEND MOTOR CMD: cd eb d7 09 74 42 42 53 53 09 05 00 00
[decoded_serial_node-3] [INFO] [1791537744.676138090] [bw_dr03_decoded_serial_node]: RECEIVED /cmd_vel: linear.x=-0.06, angular.z=-0.1
[decoded_serial_node-3] [INFO] [1791537744.676471725] [bw_dr03_decoded_serial_node]: SEND MOTOR CMD: cd eb d7 09 74 42 42 53 53 09 05 00 00
[decoded_serial_node-3] [INFO] [1791537744.742500633] [bw_dr03_decoded_serial_node]: RECEIVED /cmd_vel: linear.x=-0.06, angular.z=-0.1
[decoded_serial_node-3] [INFO] [1791537744.742798649] [bw_dr03_decoded_serial_node]: SEND MOTOR CMD: cd eb d7 09 74 42 42 53 53 09 05 00 00
[decoded_serial_node-3] [INFO] [1791537744.809737039] [bw_dr03_decoded_serial_node]: RECEIVED /cmd_vel: linear.x=-0.06, angular.z=-0.1
[decoded_serial_node-3] [INFO] [1791537744.810054052] [bw_dr03_decoded_serial_node]: SEND MOTOR CMD: cd eb d7 09 74 42 42 53 53 09 05 00 00
[decoded_serial_node-3] [INFO] [1791537744.875680460] [bw_dr03_decoded_serial_node]: RECEIVED /cmd_vel: linear.x=-0.06, angular.z=0.1
[decoded_serial_node-3] [INFO] [1791537744.876080585] [bw_dr03_decoded_serial_node]: SEND MOTOR CMD: cd eb d7 09 74 42 42 53 53 05 09 00 00
[decoded_serial_node-3] [INFO] [1791537744.942473998] [bw_dr03_decoded_serial_node]: RECEIVED /cmd_vel: linear.x=-0.06, angular.z=0.10253050775995214
[decoded_serial_node-3] [INFO] [1791537744.942729271] [bw_dr03_decoded_serial_node]: SEND MOTOR CMD: cd eb d7 09 74 42 42 53 53 05 09 00 00
[decoded_serial_node-3] [INFO] [1791537745.013829197] [bw_dr03_decoded_serial_node]: RECEIVED /cmd_vel: linear.x=-0.06, angular.z=0.10253050775995214
[decoded_serial_node-3] [INFO] [1791537745.014102279] [bw_dr03_decoded_serial_node]: SEND MOTOR CMD: cd eb d7 09 74 42 42 53 53 05 09 00 00
[decoded_serial_node-3] [INFO] [1791537745.075854481] [bw_dr03_decoded_serial_node]: RECEIVED /cmd_vel: linear.x=-0.06, angular.z=0.11306123197904559
[decoded_serial_node-3] [INFO] [1791537745.076382836] [bw_dr03_decoded_serial_node]: SEND MOTOR CMD: cd eb d7 09 74 42 42 53 53 05 0a 00 00
[decoded_serial_node-3] [INFO] [1791537745.142049612] [bw_dr03_decoded_serial_node]: RECEIVED /cmd_vel: linear.x=-0.06, angular.z=0.12344820155310694
[decoded_serial_node-3] [INFO] [1791537745.142282326] [bw_dr03_decoded_serial_node]: SEND MOTOR CMD: cd eb d7 09 74 42 42 53 53 05 0a 00 00
[target_tracker-7] [INFO] [1791537745.172570706] [target_tracker_node]: muc tieu: d=1.81m goc=19.6deg nguon=camera+lidar conf=0.94 v=0.41m/s 
[decoded_serial_node-3] [INFO] [1791537745.213761004] [bw_dr03_decoded_serial_node]: RECEIVED /cmd_vel: linear.x=-0.06, angular.z=0.12344820155310694
[decoded_serial_node-3] [INFO] [1791537745.214309543] [bw_dr03_decoded_serial_node]: SEND MOTOR CMD: cd eb d7 09 74 42 42 53 53 05 0a 00 00
[decoded_serial_node-3] [INFO] [1791537745.276254091] [bw_dr03_decoded_serial_node]: RECEIVED /cmd_vel: linear.x=-0.06, angular.z=0.12512873111111544
[decoded_serial_node-3] [INFO] [1791537745.276505801] [bw_dr03_decoded_serial_node]: SEND MOTOR CMD: cd eb d7 09 74 42 42 53 53 05 0a 00 00
[decoded_serial_node-3] [INFO] [1791537745.343949987] [bw_dr03_decoded_serial_node]: RECEIVED /cmd_vel: linear.x=-0.03666666666666667, angular.z=0.2851287311111155
[decoded_serial_node-3] [INFO] [1791537745.344196948] [bw_dr03_decoded_serial_node]: SEND MOTOR CMD: cd eb d7 09 74 46 42 53 53 05 0b 00 00
[decoded_serial_node-3] [INFO] [1791537745.420263408] [bw_dr03_decoded_serial_node]: RECEIVED /cmd_vel: linear.x=-0.035, angular.z=0.37452312764229284
[decoded_serial_node-3] [INFO] [1791537745.420763267] [bw_dr03_decoded_serial_node]: SEND MOTOR CMD: cd eb d7 09 74 46 42 53 53 05 0d 00 00
[decoded_serial_node-3] [INFO] [1791537745.477393397] [bw_dr03_decoded_serial_node]: RECEIVED /cmd_vel: linear.x=0.035, angular.z=0.37393733188018174
[decoded_serial_node-3] [INFO] [1791537745.477713972] [bw_dr03_decoded_serial_node]: SEND MOTOR CMD: cd eb d7 09 74 46 42 53 53 0d 05 00 00
[follow_planner-8] [INFO] [1791537745.543315446] [follow_planner_node]: [AVOID] chui khe hep — qua khe theo truc (lech 9 do) | d=1.81m goc=20deg | v=0.035 w=0.328 | thoang=-
[decoded_serial_node-3] [INFO] [1791537745.543492356] [bw_dr03_decoded_serial_node]: RECEIVED /cmd_vel: linear.x=0.035, angular.z=0.3280855755523816
[decoded_serial_node-3] [INFO] [1791537745.544057517] [bw_dr03_decoded_serial_node]: SEND MOTOR CMD: cd eb d7 09 74 46 42 53 53 0c 05 00 00
[decoded_serial_node-3] [INFO] [1791537745.610513857] [bw_dr03_decoded_serial_node]: RECEIVED /cmd_vel: linear.x=0.05666666666666666, angular.z=0.3280855755523816
[decoded_serial_node-3] [INFO] [1791537745.610766755] [bw_dr03_decoded_serial_node]: SEND MOTOR CMD: cd eb d7 09 74 46 53 53 53 0e 1e 00 00
[decoded_serial_node-3] [INFO] [1791537745.681365634] [bw_dr03_decoded_serial_node]: RECEIVED /cmd_vel: linear.x=0.07999999999999999, angular.z=0.3120766773230538
[decoded_serial_node-3] [INFO] [1791537745.681637529] [bw_dr03_decoded_serial_node]: SEND MOTOR CMD: cd eb d7 09 74 46 46 53 53 11 05 00 00
[decoded_serial_node-3] [INFO] [1791537745.744421507] [bw_dr03_decoded_serial_node]: RECEIVED /cmd_vel: linear.x=0.10333333333333332, angular.z=0.29626759164773236
[decoded_serial_node-3] [INFO] [1791537745.744885747] [bw_dr03_decoded_serial_node]: SEND MOTOR CMD: cd eb d7 09 74 46 46 53 53 13 05 00 00
[decoded_serial_node-3] [INFO] [1791537745.810789986] [bw_dr03_decoded_serial_node]: RECEIVED /cmd_vel: linear.x=0.11868578856433572, angular.z=0.29626759164773236
[decoded_serial_node-3] [INFO] [1791537745.811027449] [bw_dr03_decoded_serial_node]: SEND MOTOR CMD: cd eb d7 09 74 46 46 53 53 15 07 00 00
[decoded_serial_node-3] [INFO] [1791537745.877416113] [bw_dr03_decoded_serial_node]: RECEIVED /cmd_vel: linear.x=0.11882175091212754, angular.z=0.28049745173573987
[decoded_serial_node-3] [INFO] [1791537745.877955153] [bw_dr03_decoded_serial_node]: SEND MOTOR CMD: cd eb d7 09 74 46 46 53 53 15 07 00 00
[decoded_serial_node-3] [INFO] [1791537745.950032238] [bw_dr03_decoded_serial_node]: RECEIVED /cmd_vel: linear.x=0.11882050394023469, angular.z=0.2806460852927188
[decoded_serial_node-3] [INFO] [1791537745.950270888] [bw_dr03_decoded_serial_node]: SEND MOTOR CMD: cd eb d7 09 74 46 46 53 53 15 07 00 00
[decoded_serial_node-3] [INFO] [1791537746.009940541] [bw_dr03_decoded_serial_node]: RECEIVED /cmd_vel: linear.x=0.11882050394023469, angular.z=0.2806460852927188
[decoded_serial_node-3] [INFO] [1791537746.010167318] [bw_dr03_decoded_serial_node]: SEND MOTOR CMD: cd eb d7 09 74 46 46 53 53 15 07 00 00
[decoded_serial_node-3] [INFO] [1791537746.076304271] [bw_dr03_decoded_serial_node]: RECEIVED /cmd_vel: linear.x=0.11868266836904484, angular.z=0.29661972709430856
[decoded_serial_node-3] [INFO] [1791537746.076545296] [bw_dr03_decoded_serial_node]: SEND MOTOR CMD: cd eb d7 09 74 46 46 53 53 15 07 00 00
[decoded_serial_node-3] [INFO] [1791537746.143278280] [bw_dr03_decoded_serial_node]: RECEIVED /cmd_vel: linear.x=0.11881215528636221, angular.z=0.28163920070924714
[decoded_serial_node-3] [INFO] [1791537746.143515742] [bw_dr03_decoded_serial_node]: SEND MOTOR CMD: cd eb d7 09 74 46 46 53 53 15 07 00 00
[decoded_serial_node-3] [INFO] [1791537746.218931554] [bw_dr03_decoded_serial_node]: RECEIVED /cmd_vel: linear.x=0.11881215528636221, angular.z=0.28163920070924714
[decoded_serial_node-3] [INFO] [1791537746.219179702] [bw_dr03_decoded_serial_node]: SEND MOTOR CMD: cd eb d7 09 74 46 46 53 53 15 07 00 00
[target_tracker-7] [INFO] [1791537746.222616977] [target_tracker_node]: muc tieu: d=2.25m goc=17.6deg nguon=camera+lidar conf=0.98 v=0.77m/s 
[decoded_serial_node-3] [INFO] [1791537746.276543592] [bw_dr03_decoded_serial_node]: RECEIVED /cmd_vel: linear.x=0.11881840791209825, angular.z=0.28089574657196004
[decoded_serial_node-3] [INFO] [1791537746.276790553] [bw_dr03_decoded_serial_node]: SEND MOTOR CMD: cd eb d7 09 74 46 46 53 53 15 07 00 00
[decoded_serial_node-3] [INFO] [1791537746.344628926] [bw_dr03_decoded_serial_node]: RECEIVED /cmd_vel: linear.x=0.11927011233247566, angular.z=0.22070021614736446
[decoded_serial_node-3] [INFO] [1791537746.345078918] [bw_dr03_decoded_serial_node]: SEND MOTOR CMD: cd eb d7 09 74 46 46 53 53 13 09 00 00
[decoded_serial_node-3] [INFO] [1791537746.421813836] [bw_dr03_decoded_serial_node]: RECEIVED /cmd_vel: linear.x=0.11927011233247566, angular.z=0.22070021614736446
[decoded_serial_node-3] [INFO] [1791537746.422141534] [bw_dr03_decoded_serial_node]: SEND MOTOR CMD: cd eb d7 09 74 46 46 53 53 13 09 00 00
[decoded_serial_node-3] [INFO] [1791537746.477124859] [bw_dr03_decoded_serial_node]: RECEIVED /cmd_vel: linear.x=0.11962201883466635, angular.z=0.15878282073317782
[decoded_serial_node-3] [INFO] [1791537746.477364696] [bw_dr03_decoded_serial_node]: SEND MOTOR CMD: cd eb d7 09 74 46 46 53 53 12 0a 00 00
[decoded_serial_node-3] [INFO] [1791537746.543514709] [bw_dr03_decoded_serial_node]: RECEIVED /cmd_vel: linear.x=0.1198568457426616, angular.z=0.1
[decoded_serial_node-3] [INFO] [1791537746.543754547] [bw_dr03_decoded_serial_node]: SEND MOTOR CMD: cd eb d7 09 74 46 46 53 53 11 0c 00 00
[follow_planner-8] [INFO] [1791537746.618993448] [follow_planner_node]: [AVOID] chui khe hep — qua khe theo truc (lech 2 do) | d=2.26m goc=14deg | v=0.120 w=0.100 | thoang=-
[decoded_serial_node-3] [INFO] [1791537746.619273654] [bw_dr03_decoded_serial_node]: RECEIVED /cmd_vel: linear.x=0.1198568457426616, angular.z=0.1
[decoded_serial_node-3] [INFO] [1791537746.619627474] [bw_dr03_decoded_serial_node]: SEND MOTOR CMD: cd eb d7 09 74 46 46 53 53 11 0c 00 00
[decoded_serial_node-3] [INFO] [1791537746.676785958] [bw_dr03_decoded_serial_node]: RECEIVED /cmd_vel: linear.x=0.11993367007624778, angular.z=0.1
[decoded_serial_node-3] [INFO] [1791537746.677067351] [bw_dr03_decoded_serial_node]: SEND MOTOR CMD: cd eb d7 09 74 46 46 53 53 11 0c 00 00
[decoded_serial_node-3] [INFO] [1791537746.744466418] [bw_dr03_decoded_serial_node]: RECEIVED /cmd_vel: linear.x=0.11998958491570764, angular.z=0.0
[decoded_serial_node-3] [INFO] [1791537746.744773933] [bw_dr03_decoded_serial_node]: SEND MOTOR CMD: cd eb d7 09 74 46 46 53 53 0e 0e 00 00
[decoded_serial_node-3] [INFO] [1791537746.810153379] [bw_dr03_decoded_serial_node]: RECEIVED /cmd_vel: linear.x=0.11998958491570764, angular.z=0.0
[decoded_serial_node-3] [INFO] [1791537746.810439522] [bw_dr03_decoded_serial_node]: SEND MOTOR CMD: cd eb d7 09 74 46 46 53 53 0e 0e 00 00
[decoded_serial_node-3] [INFO] [1791537746.885844647] [bw_dr03_decoded_serial_node]: RECEIVED /cmd_vel: linear.x=0.1199996946170747, angular.z=0.0
[decoded_serial_node-3] [INFO] [1791537746.886166409] [bw_dr03_decoded_serial_node]: SEND MOTOR CMD: cd eb d7 09 74 46 46 53 53 0e 0e 00 00
[decoded_serial_node-3] [INFO] [1791537746.943389008] [bw_dr03_decoded_serial_node]: RECEIVED /cmd_vel: linear.x=0.11999974721780422, angular.z=0.0
[decoded_serial_node-3] [INFO] [1791537746.943682275] [bw_dr03_decoded_serial_node]: SEND MOTOR CMD: cd eb d7 09 74 46 46 53 53 0e 0e 00 00
[decoded_serial_node-3] [INFO] [1791537747.010726335] [bw_dr03_decoded_serial_node]: RECEIVED /cmd_vel: linear.x=0.11999974721780422, angular.z=0.0
[decoded_serial_node-3] [INFO] [1791537747.010982795] [bw_dr03_decoded_serial_node]: SEND MOTOR CMD: cd eb d7 09 74 46 46 53 53 0e 0e 00 00
[decoded_serial_node-3] [INFO] [1791537747.076197204] [bw_dr03_decoded_serial_node]: RECEIVED /cmd_vel: linear.x=0.1199586866317624, angular.z=-0.1
[decoded_serial_node-3] [INFO] [1791537747.076438228] [bw_dr03_decoded_serial_node]: SEND MOTOR CMD: cd eb d7 09 74 46 46 53 53 0c 11 00 00
[decoded_serial_node-3] [INFO] [1791537747.151812483] [bw_dr03_decoded_serial_node]: RECEIVED /cmd_vel: linear.x=0.11997919751621644, angular.z=-0.1
[decoded_serial_node-3] [INFO] [1791537747.152042822] [bw_dr03_decoded_serial_node]: SEND MOTOR CMD: cd eb d7 09 74 46 46 53 53 0c 11 00 00
[decoded_serial_node-3] [INFO] [1791537747.211217365] [bw_dr03_decoded_serial_node]: RECEIVED /cmd_vel: linear.x=0.11997919751621644, angular.z=-0.1
[decoded_serial_node-3] [INFO] [1791537747.211459577] [bw_dr03_decoded_serial_node]: SEND MOTOR CMD: cd eb d7 09 74 46 46 53 53 0c 11 00 00
[target_tracker-7] [INFO] [1791537747.273572722] [target_tracker_node]: muc tieu: d=2.69m goc=14.1deg nguon=camera+lidar conf=1.00 v=0.92m/s 
[decoded_serial_node-3] [INFO] [1791537747.276223994] [bw_dr03_decoded_serial_node]: RECEIVED /cmd_vel: linear.x=0.11997933198132724, angular.z=-0.1
[decoded_serial_node-3] [INFO] [1791537747.276461457] [bw_dr03_decoded_serial_node]: SEND MOTOR CMD: cd eb d7 09 74 46 46 53 53 0c 11 00 00
[decoded_serial_node-3] [INFO] [1791537747.354605715] [bw_dr03_decoded_serial_node]: RECEIVED /cmd_vel: linear.x=0.1198960822878652, angular.z=-0.1
[decoded_serial_node-3] [INFO] [1791537747.355168502] [bw_dr03_decoded_serial_node]: SEND MOTOR CMD: cd eb d7 09 74 46 46 53 53 0c 11 00 00
[decoded_serial_node-3] [INFO] [1791537747.410479525] [bw_dr03_decoded_serial_node]: RECEIVED /cmd_vel: linear.x=0.1198960822878652, angular.z=-0.1
[decoded_serial_node-3] [INFO] [1791537747.410732423] [bw_dr03_decoded_serial_node]: SEND MOTOR CMD: cd eb d7 09 74 46 46 53 53 0c 11 00 00
[decoded_serial_node-3] [INFO] [1791537747.476596293] [bw_dr03_decoded_serial_node]: RECEIVED /cmd_vel: linear.x=0.11993083521948719, angular.z=-0.1
[decoded_serial_node-3] [INFO] [1791537747.476846816] [bw_dr03_decoded_serial_node]: SEND MOTOR CMD: cd eb d7 09 74 46 46 53 53 0c 11 00 00
[decoded_serial_node-3] [INFO] [1791537747.554327366] [bw_dr03_decoded_serial_node]: RECEIVED /cmd_vel: linear.x=0.1199048383967557, angular.z=-0.1
[decoded_serial_node-3] [INFO] [1791537747.554601635] [bw_dr03_decoded_serial_node]: SEND MOTOR CMD: cd eb d7 09 74 46 46 53 53 0c 11 00 00
[decoded_serial_node-3] [INFO] [1791537747.610699847] [bw_dr03_decoded_serial_node]: RECEIVED /cmd_vel: linear.x=0.1199048383967557, angular.z=-0.1
[decoded_serial_node-3] [INFO] [1791537747.610991927] [bw_dr03_decoded_serial_node]: SEND MOTOR CMD: cd eb d7 09 74 46 46 53 53 0c 11 00 00
[follow_planner-8] [INFO] [1791537747.676130347] [follow_planner_node]: [AVOID] chui khe hep — qua khe theo truc (lech -6 do) | d=2.89m goc=16deg | v=0.120 w=-0.100 | thoang=-
[decoded_serial_node-3] [INFO] [1791537747.676222958] [bw_dr03_decoded_serial_node]: RECEIVED /cmd_vel: linear.x=0.11991016241742007, angular.z=-0.1
[decoded_serial_node-3] [INFO] [1791537747.676460421] [bw_dr03_decoded_serial_node]: SEND MOTOR CMD: cd eb d7 09 74 46 46 53 53 0c 11 00 00
[decoded_serial_node-3] [INFO] [1791537747.744275047] [bw_dr03_decoded_serial_node]: RECEIVED /cmd_vel: linear.x=0.11997026873322586, angular.z=-0.1
[decoded_serial_node-3] [INFO] [1791537747.744669236] [bw_dr03_decoded_serial_node]: SEND MOTOR CMD: cd eb d7 09 74 46 46 53 53 0c 11 00 00
[decoded_serial_node-3] [INFO] [1791537747.820786749] [bw_dr03_decoded_serial_node]: RECEIVED /cmd_vel: linear.x=0.11997026873322586, angular.z=-0.1
[decoded_serial_node-3] [INFO] [1791537747.821050333] [bw_dr03_decoded_serial_node]: SEND MOTOR CMD: cd eb d7 09 74 46 46 53 53 0c 11 00 00
[decoded_serial_node-3] [INFO] [1791537747.877017940] [bw_dr03_decoded_serial_node]: RECEIVED /cmd_vel: linear.x=0.09663693539989253, angular.z=-0.2117602377620165
[decoded_serial_node-3] [INFO] [1791537747.877378884] [bw_dr03_decoded_serial_node]: SEND MOTOR CMD: cd eb d7 09 74 46 46 53 53 06 10 00 00
[decoded_serial_node-3] [INFO] [1791537747.943082466] [bw_dr03_decoded_serial_node]: RECEIVED /cmd_vel: linear.x=0.0733036020665592, angular.z=-0.1847345657847065
[decoded_serial_node-3] [INFO] [1791537747.943327053] [bw_dr03_decoded_serial_node]: SEND MOTOR CMD: cd eb d7 09 74 46 46 53 53 05 0d 00 00
[decoded_serial_node-3] [INFO] [1791537748.009949616] [bw_dr03_decoded_serial_node]: RECEIVED /cmd_vel: linear.x=0.04997026873322587, angular.z=-0.1847345657847065
[decoded_serial_node-3] [INFO] [1791537748.010299874] [bw_dr03_decoded_serial_node]: SEND MOTOR CMD: cd eb d7 09 74 46 46 53 53 05 0a 00 00
[decoded_serial_node-3] [INFO] [1791537748.089683688] [bw_dr03_decoded_serial_node]: RECEIVED /cmd_vel: linear.x=0.035, angular.z=-0.18298900614686714
[decoded_serial_node-3] [INFO] [1791537748.089923525] [bw_dr03_decoded_serial_node]: SEND MOTOR CMD: cd eb d7 09 74 53 46 53 53 1e 08 00 00
[decoded_serial_node-3] [INFO] [1791537748.144130346] [bw_dr03_decoded_serial_node]: RECEIVED /cmd_vel: linear.x=0.035, angular.z=-0.16572090740241577
[decoded_serial_node-3] [INFO] [1791537748.144672948] [bw_dr03_decoded_serial_node]: SEND MOTOR CMD: cd eb d7 09 74 53 46 53 53 1e 08 00 00
[decoded_serial_node-3] [INFO] [1791537748.211053299] [bw_dr03_decoded_serial_node]: RECEIVED /cmd_vel: linear.x=-0.035, angular.z=-0.16572090740241577
[decoded_serial_node-3] [INFO] [1791537748.211283638] [bw_dr03_decoded_serial_node]: SEND MOTOR CMD: cd eb d7 09 74 42 53 53 53 08 1e 00 00
[decoded_serial_node-3] [INFO] [1791537748.276961099] [bw_dr03_decoded_serial_node]: RECEIVED /cmd_vel: linear.x=-0.04336306460010746, angular.z=-0.14261790369379984
[decoded_serial_node-3] [INFO] [1791537748.277185501] [bw_dr03_decoded_serial_node]: SEND MOTOR CMD: cd eb d7 09 74 42 42 53 53 08 05 00 00
[target_tracker-7] [INFO] [1791537748.322724929] [target_tracker_node]: muc tieu: d=3.04m goc=21.8deg nguon=camera+bbox conf=0.57 v=0.53m/s 
[decoded_serial_node-3] [INFO] [1791537748.353160536] [bw_dr03_decoded_serial_node]: RECEIVED /cmd_vel: linear.x=-0.06, angular.z=-0.14261790369379984
[decoded_serial_node-3] [INFO] [1791537748.353773190] [bw_dr03_decoded_serial_node]: SEND MOTOR CMD: cd eb d7 09 74 42 42 53 53 0a 05 00 00
[decoded_serial_node-3] [INFO] [1791537748.411194070] [bw_dr03_decoded_serial_node]: RECEIVED /cmd_vel: linear.x=-0.03666666666666667, angular.z=0.1
[decoded_serial_node-3] [INFO] [1791537748.411443406] [bw_dr03_decoded_serial_node]: SEND MOTOR CMD: cd eb d7 09 74 42 42 53 53 05 06 00 00
[decoded_serial_node-3] [INFO] [1791537748.477796449] [bw_dr03_decoded_serial_node]: RECEIVED /cmd_vel: linear.x=-0.06, angular.z=-0.12130062943876094
[decoded_serial_node-3] [INFO] [1791537748.478379420] [bw_dr03_decoded_serial_node]: SEND MOTOR CMD: cd eb d7 09 74 42 42 53 53 0a 05 00 00
[decoded_serial_node-3] [INFO] [1791537748.553677686] [bw_dr03_decoded_serial_node]: RECEIVED /cmd_vel: linear.x=-0.06, angular.z=-0.12130062943876094
[decoded_serial_node-3] [INFO] [1791537748.553922273] [bw_dr03_decoded_serial_node]: SEND MOTOR CMD: cd eb d7 09 74 42 42 53 53 0a 05 00 00
[decoded_serial_node-3] [INFO] [1791537748.610470476] [bw_dr03_decoded_serial_node]: RECEIVED /cmd_vel: linear.x=-0.03666666666666667, angular.z=-0.28130062943876094
[decoded_serial_node-3] [INFO] [1791537748.610713876] [bw_dr03_decoded_serial_node]: SEND MOTOR CMD: cd eb d7 09 74 42 46 53 53 0b 05 00 00
[follow_planner-8] [INFO] [1791537748.677051483] [follow_planner_node]: [AVOID] chui khe hep — lui ve truc khe (lech 0.06m) | d=3.00m goc=27deg | v=-0.060 w=-0.121 | thoang=-
[decoded_serial_node-3] [INFO] [1791537748.677094227] [bw_dr03_decoded_serial_node]: RECEIVED /cmd_vel: linear.x=-0.06, angular.z=-0.12130062943876094
[decoded_serial_node-3] [INFO] [1791537748.677318629] [bw_dr03_decoded_serial_node]: SEND MOTOR CMD: cd eb d7 09 74 42 42 53 53 0a 05 00 00
[decoded_serial_node-3] [INFO] [1791537748.744154908] [bw_dr03_decoded_serial_node]: RECEIVED /cmd_vel: linear.x=-0.06, angular.z=-0.12057347731142225
[decoded_serial_node-3] [INFO] [1791537748.744877983] [bw_dr03_decoded_serial_node]: SEND MOTOR CMD: cd eb d7 09 74 42 42 53 53 0a 05 00 00
[decoded_serial_node-3] [INFO] [1791537748.821031115] [bw_dr03_decoded_serial_node]: RECEIVED /cmd_vel: linear.x=-0.06, angular.z=-0.1280913411817167
[decoded_serial_node-3] [INFO] [1791537748.821408681] [bw_dr03_decoded_serial_node]: SEND MOTOR CMD: cd eb d7 09 74 42 42 53 53 0a 05 00 00
[decoded_serial_node-3] [INFO] [1791537748.876805190] [bw_dr03_decoded_serial_node]: RECEIVED /cmd_vel: linear.x=-0.06, angular.z=-0.1
[decoded_serial_node-3] [INFO] [1791537748.877039091] [bw_dr03_decoded_serial_node]: SEND MOTOR CMD: cd eb d7 09 74 42 42 53 53 09 05 00 00
[decoded_serial_node-3] [INFO] [1791537748.944441719] [bw_dr03_decoded_serial_node]: RECEIVED /cmd_vel: linear.x=-0.06, angular.z=-0.1
[decoded_serial_node-3] [INFO] [1791537748.945034189] [bw_dr03_decoded_serial_node]: SEND MOTOR CMD: cd eb d7 09 74 42 42 53 53 09 05 00 00
[decoded_serial_node-3] [INFO] [1791537749.019313740] [bw_dr03_decoded_serial_node]: RECEIVED /cmd_vel: linear.x=-0.06, angular.z=-0.1
[decoded_serial_node-3] [INFO] [1791537749.019858717] [bw_dr03_decoded_serial_node]: SEND MOTOR CMD: cd eb d7 09 74 42 42 53 53 09 05 00 00
[decoded_serial_node-3] [INFO] [1791537749.077381705] [bw_dr03_decoded_serial_node]: RECEIVED /cmd_vel: linear.x=-0.06, angular.z=-0.1
[decoded_serial_node-3] [INFO] [1791537749.077629853] [bw_dr03_decoded_serial_node]: SEND MOTOR CMD: cd eb d7 09 74 42 42 53 53 09 05 00 00
[decoded_serial_node-3] [INFO] [1791537749.144197799] [bw_dr03_decoded_serial_node]: RECEIVED /cmd_vel: linear.x=-0.06, angular.z=-0.1
[decoded_serial_node-3] [INFO] [1791537749.144694097] [bw_dr03_decoded_serial_node]: SEND MOTOR CMD: cd eb d7 09 74 42 42 53 53 09 05 00 00
[decoded_serial_node-3] [INFO] [1791537749.226381299] [bw_dr03_decoded_serial_node]: RECEIVED /cmd_vel: linear.x=-0.06, angular.z=-0.1
[decoded_serial_node-3] [INFO] [1791537749.226971394] [bw_dr03_decoded_serial_node]: SEND MOTOR CMD: cd eb d7 09 74 42 42 53 53 09 05 00 00
[decoded_serial_node-3] [INFO] [1791537749.276618929] [bw_dr03_decoded_serial_node]: RECEIVED /cmd_vel: linear.x=-0.06, angular.z=-0.1
[decoded_serial_node-3] [INFO] [1791537749.276848080] [bw_dr03_decoded_serial_node]: SEND MOTOR CMD: cd eb d7 09 74 42 42 53 53 09 05 00 00
[target_tracker-7] [INFO] [1791537749.323072588] [target_tracker_node]: muc tieu: d=3.32m goc=34.2deg nguon=lidar_track conf=0.75 v=0.64m/s [NGOAI KHUNG HINH]
[decoded_serial_node-3] [INFO] [1791537749.344342131] [bw_dr03_decoded_serial_node]: RECEIVED /cmd_vel: linear.x=-0.06, angular.z=-0.1
[decoded_serial_node-3] [INFO] [1791537749.344695951] [bw_dr03_decoded_serial_node]: SEND MOTOR CMD: cd eb d7 09 74 42 42 53 53 09 05 00 00
[decoded_serial_node-3] [INFO] [1791537749.420847895] [bw_dr03_decoded_serial_node]: RECEIVED /cmd_vel: linear.x=-0.06, angular.z=-0.1
[decoded_serial_node-3] [INFO] [1791537749.421085358] [bw_dr03_decoded_serial_node]: SEND MOTOR CMD: cd eb d7 09 74 42 42 53 53 09 05 00 00
[decoded_serial_node-3] [INFO] [1791537749.477101645] [bw_dr03_decoded_serial_node]: RECEIVED /cmd_vel: linear.x=-0.06, angular.z=-0.1
[decoded_serial_node-3] [INFO] [1791537749.477335546] [bw_dr03_decoded_serial_node]: SEND MOTOR CMD: cd eb d7 09 74 42 42 53 53 09 05 00 00
[decoded_serial_node-3] [INFO] [1791537749.543929612] [bw_dr03_decoded_serial_node]: RECEIVED /cmd_vel: linear.x=-0.06, angular.z=-0.1
[decoded_serial_node-3] [INFO] [1791537749.544308366] [bw_dr03_decoded_serial_node]: SEND MOTOR CMD: cd eb d7 09 74 42 42 53 53 09 05 00 00
[decoded_serial_node-3] [INFO] [1791537749.612424569] [bw_dr03_decoded_serial_node]: RECEIVED /cmd_vel: linear.x=-0.06, angular.z=-0.1
[decoded_serial_node-3] [INFO] [1791537749.612838942] [bw_dr03_decoded_serial_node]: SEND MOTOR CMD: cd eb d7 09 74 42 42 53 53 09 05 00 00
[decoded_serial_node-3] [INFO] [1791537749.686102151] [bw_dr03_decoded_serial_node]: RECEIVED /cmd_vel: linear.x=-0.06, angular.z=-0.1
[decoded_serial_node-3] [INFO] [1791537749.686412040] [bw_dr03_decoded_serial_node]: SEND MOTOR CMD: cd eb d7 09 74 42 42 53 53 09 05 00 00
[follow_planner-8] [INFO] [1791537749.743771179] [follow_planner_node]: [AVOID] chui khe hep — lui ve truc khe (lech 0.06m) | d=3.12m goc=30deg | v=-0.060 w=-0.100 | thoang=-
[decoded_serial_node-3] [INFO] [1791537749.744082255] [bw_dr03_decoded_serial_node]: RECEIVED /cmd_vel: linear.x=-0.06, angular.z=-0.1
[decoded_serial_node-3] [INFO] [1791537749.744519187] [bw_dr03_decoded_serial_node]: SEND MOTOR CMD: cd eb d7 09 74 42 42 53 53 09 05 00 00
[decoded_serial_node-3] [INFO] [1791537749.811062199] [bw_dr03_decoded_serial_node]: RECEIVED /cmd_vel: linear.x=-0.06, angular.z=-0.1
[decoded_serial_node-3] [INFO] [1791537749.811370901] [bw_dr03_decoded_serial_node]: SEND MOTOR CMD: cd eb d7 09 74 42 42 53 53 09 05 00 00
[decoded_serial_node-3] [INFO] [1791537749.876648237] [bw_dr03_decoded_serial_node]: RECEIVED /cmd_vel: linear.x=-0.06, angular.z=0.1
[decoded_serial_node-3] [INFO] [1791537749.876971186] [bw_dr03_decoded_serial_node]: SEND MOTOR CMD: cd eb d7 09 74 42 42 53 53 05 09 00 00
[decoded_serial_node-3] [INFO] [1791537749.954530098] [bw_dr03_decoded_serial_node]: RECEIVED /cmd_vel: linear.x=-0.06, angular.z=0.1
[decoded_serial_node-3] [INFO] [1791537749.954853047] [bw_dr03_decoded_serial_node]: SEND MOTOR CMD: cd eb d7 09 74 42 42 53 53 05 09 00 00
[decoded_serial_node-3] [INFO] [1791537750.010857461] [bw_dr03_decoded_serial_node]: RECEIVED /cmd_vel: linear.x=-0.06, angular.z=-0.1
[decoded_serial_node-3] [INFO] [1791537750.011202969] [bw_dr03_decoded_serial_node]: SEND MOTOR CMD: cd eb d7 09 74 42 42 53 53 09 05 00 00
[decoded_serial_node-3] [INFO] [1791537750.076435186] [bw_dr03_decoded_serial_node]: RECEIVED /cmd_vel: linear.x=-0.06, angular.z=-0.1
[decoded_serial_node-3] [INFO] [1791537750.076996786] [bw_dr03_decoded_serial_node]: SEND MOTOR CMD: cd eb d7 09 74 42 42 53 53 09 05 00 00
[decoded_serial_node-3] [INFO] [1791537750.145390820] [bw_dr03_decoded_serial_node]: RECEIVED /cmd_vel: linear.x=-0.06, angular.z=-0.1
[decoded_serial_node-3] [INFO] [1791537750.145640156] [bw_dr03_decoded_serial_node]: SEND MOTOR CMD: cd eb d7 09 74 42 42 53 53 09 05 00 00
[decoded_serial_node-3] [INFO] [1791537750.221357543] [bw_dr03_decoded_serial_node]: RECEIVED /cmd_vel: linear.x=-0.06, angular.z=0.1
[decoded_serial_node-3] [INFO] [1791537750.221953575] [bw_dr03_decoded_serial_node]: SEND MOTOR CMD: cd eb d7 09 74 42 42 53 53 05 09 00 00
[decoded_serial_node-3] [INFO] [1791537750.276948771] [bw_dr03_decoded_serial_node]: RECEIVED /cmd_vel: linear.x=-0.06, angular.z=-0.1
[decoded_serial_node-3] [INFO] [1791537750.277318026] [bw_dr03_decoded_serial_node]: SEND MOTOR CMD: cd eb d7 09 74 42 42 53 53 09 05 00 00
[decoded_serial_node-3] [INFO] [1791537750.344352586] [bw_dr03_decoded_serial_node]: RECEIVED /cmd_vel: linear.x=-0.06, angular.z=-0.1
[decoded_serial_node-3] [INFO] [1791537750.344690970] [bw_dr03_decoded_serial_node]: SEND MOTOR CMD: cd eb d7 09 74 42 42 53 53 09 05 00 00
[target_tracker-7] [INFO] [1791537750.373397848] [target_tracker_node]: muc tieu: d=3.02m goc=30.1deg nguon=camera+bbox conf=0.58 v=0.25m/s 
[decoded_serial_node-3] [INFO] [1791537750.421214544] [bw_dr03_decoded_serial_node]: RECEIVED /cmd_vel: linear.x=-0.06, angular.z=0.1
[decoded_serial_node-3] [INFO] [1791537750.421453194] [bw_dr03_decoded_serial_node]: SEND MOTOR CMD: cd eb d7 09 74 42 42 53 53 05 09 00 00
[decoded_serial_node-3] [INFO] [1791537750.476449577] [bw_dr03_decoded_serial_node]: RECEIVED /cmd_vel: linear.x=-0.06, angular.z=0.1
[decoded_serial_node-3] [INFO] [1791537750.476778463] [bw_dr03_decoded_serial_node]: SEND MOTOR CMD: cd eb d7 09 74 42 42 53 53 05 09 00 00
[decoded_serial_node-3] [INFO] [1791537750.544095604] [bw_dr03_decoded_serial_node]: RECEIVED /cmd_vel: linear.x=-0.06, angular.z=0.1
[decoded_serial_node-3] [INFO] [1791537750.544482668] [bw_dr03_decoded_serial_node]: SEND MOTOR CMD: cd eb d7 09 74 42 42 53 53 05 09 00 00
[decoded_serial_node-3] [INFO] [1791537750.609841928] [bw_dr03_decoded_serial_node]: RECEIVED /cmd_vel: linear.x=-0.06, angular.z=0.1
[decoded_serial_node-3] [INFO] [1791537750.610196935] [bw_dr03_decoded_serial_node]: SEND MOTOR CMD: cd eb d7 09 74 42 42 53 53 05 09 00 00
[decoded_serial_node-3] [INFO] [1791537750.690559095] [bw_dr03_decoded_serial_node]: RECEIVED /cmd_vel: linear.x=-0.06, angular.z=0.1
[decoded_serial_node-3] [INFO] [1791537750.690920038] [bw_dr03_decoded_serial_node]: SEND MOTOR CMD: cd eb d7 09 74 42 42 53 53 05 09 00 00
[decoded_serial_node-3] [INFO] [1791537750.743989411] [bw_dr03_decoded_serial_node]: RECEIVED /cmd_vel: linear.x=-0.06, angular.z=0.1
[decoded_serial_node-3] [INFO] [1791537750.744356291] [bw_dr03_decoded_serial_node]: SEND MOTOR CMD: cd eb d7 09 74 42 42 53 53 05 09 00 00
[follow_planner-8] [INFO] [1791537750.810480181] [follow_planner_node]: [AVOID] chui khe hep — lui ve truc khe (lech 0.04m) | d=3.00m goc=32deg | v=-0.060 w=0.100 | thoang=-
[decoded_serial_node-3] [INFO] [1791537750.810771073] [bw_dr03_decoded_serial_node]: RECEIVED /cmd_vel: linear.x=-0.06, angular.z=0.1
[decoded_serial_node-3] [INFO] [1791537750.811143890] [bw_dr03_decoded_serial_node]: SEND MOTOR CMD: cd eb d7 09 74 42 42 53 53 05 09 00 00
[follow_planner-8] [INFO] [1791537750.863884377] [follow_planner_node]: self-filter: bo 13/240 tia dap vao than xe
[decoded_serial_node-3] [INFO] [1791537750.887407441] [bw_dr03_decoded_serial_node]: RECEIVED /cmd_vel: linear.x=-0.06, angular.z=0.1
[decoded_serial_node-3] [INFO] [1791537750.887965479] [bw_dr03_decoded_serial_node]: SEND MOTOR CMD: cd eb d7 09 74 42 42 53 53 05 09 00 00
[decoded_serial_node-3] [INFO] [1791537750.943990076] [bw_dr03_decoded_serial_node]: RECEIVED /cmd_vel: linear.x=-0.06, angular.z=0.1
[decoded_serial_node-3] [INFO] [1791537750.944379515] [bw_dr03_decoded_serial_node]: SEND MOTOR CMD: cd eb d7 09 74 42 42 53 53 05 09 00 00
[decoded_serial_node-3] [INFO] [1791537751.010720684] [bw_dr03_decoded_serial_node]: RECEIVED /cmd_vel: linear.x=-0.06, angular.z=0.1
[decoded_serial_node-3] [INFO] [1791537751.011098250] [bw_dr03_decoded_serial_node]: SEND MOTOR CMD: cd eb d7 09 74 42 42 53 53 05 09 00 00
[decoded_serial_node-3] [INFO] [1791537751.077133091] [bw_dr03_decoded_serial_node]: RECEIVED /cmd_vel: linear.x=-0.06, angular.z=0.1
[decoded_serial_node-3] [INFO] [1791537751.077464351] [bw_dr03_decoded_serial_node]: SEND MOTOR CMD: cd eb d7 09 74 42 42 53 53 05 09 00 00
[decoded_serial_node-3] [INFO] [1791537751.153858507] [bw_dr03_decoded_serial_node]: RECEIVED /cmd_vel: linear.x=-0.06, angular.z=0.1
[decoded_serial_node-3] [INFO] [1791537751.154386862] [bw_dr03_decoded_serial_node]: SEND MOTOR CMD: cd eb d7 09 74 42 42 53 53 05 09 00 00
[decoded_serial_node-3] [INFO] [1791537751.210804460] [bw_dr03_decoded_serial_node]: RECEIVED /cmd_vel: linear.x=-0.06, angular.z=0.1
[decoded_serial_node-3] [INFO] [1791537751.211144032] [bw_dr03_decoded_serial_node]: SEND MOTOR CMD: cd eb d7 09 74 42 42 53 53 05 09 00 00
[decoded_serial_node-3] [INFO] [1791537751.276681388] [bw_dr03_decoded_serial_node]: RECEIVED /cmd_vel: linear.x=-0.06, angular.z=0.1
[decoded_serial_node-3] [INFO] [1791537751.276972280] [bw_dr03_decoded_serial_node]: SEND MOTOR CMD: cd eb d7 09 74 42 42 53 53 05 09 00 00
[decoded_serial_node-3] [INFO] [1791537751.343352630] [bw_dr03_decoded_serial_node]: RECEIVED /cmd_vel: linear.x=-0.03666666666666667, angular.z=0.26
[decoded_serial_node-3] [INFO] [1791537751.343718322] [bw_dr03_decoded_serial_node]: SEND MOTOR CMD: cd eb d7 09 74 46 42 53 53 05 0a 00 00
[decoded_serial_node-3] [INFO] [1791537751.421689231] [bw_dr03_decoded_serial_node]: RECEIVED /cmd_vel: linear.x=-0.035, angular.z=0.29102264587628357
[decoded_serial_node-3] [INFO] [1791537751.421977748] [bw_dr03_decoded_serial_node]: SEND MOTOR CMD: cd eb d7 09 74 46 42 53 53 05 0b 00 00
[target_tracker-7] [INFO] [1791537751.422489481] [target_tracker_node]: muc tieu: d=3.44m goc=28.8deg nguon=camera+lidar conf=0.98 v=0.63m/s 
[decoded_serial_node-3] [INFO] [1791537751.476328233] [bw_dr03_decoded_serial_node]: RECEIVED /cmd_vel: linear.x=0.035, angular.z=0.38316394167808265
[decoded_serial_node-3] [INFO] [1791537751.476670179] [bw_dr03_decoded_serial_node]: SEND MOTOR CMD: cd eb d7 09 74 46 42 53 53 0d 05 00 00
[decoded_serial_node-3] [INFO] [1791537751.544377946] [bw_dr03_decoded_serial_node]: RECEIVED /cmd_vel: linear.x=0.035, angular.z=0.38316394167808265
[decoded_serial_node-3] [INFO] [1791537751.544724641] [bw_dr03_decoded_serial_node]: SEND MOTOR CMD: cd eb d7 09 74 46 42 53 53 0d 05 00 00
[decoded_serial_node-3] [INFO] [1791537751.609965169] [bw_dr03_decoded_serial_node]: RECEIVED /cmd_vel: linear.x=0.05666666666666666, angular.z=0.337260678637043
[decoded_serial_node-3] [INFO] [1791537751.610292868] [bw_dr03_decoded_serial_node]: SEND MOTOR CMD: cd eb d7 09 74 46 42 53 53 0f 05 00 00
[decoded_serial_node-3] [INFO] [1791537751.692248402] [bw_dr03_decoded_serial_node]: RECEIVED /cmd_vel: linear.x=0.07999999999999999, angular.z=0.3191086403681123
[decoded_serial_node-3] [INFO] [1791537751.692482303] [bw_dr03_decoded_serial_node]: SEND MOTOR CMD: cd eb d7 09 74 46 46 53 53 11 05 00 00
[decoded_serial_node-3] [INFO] [1791537751.744830976] [bw_dr03_decoded_serial_node]: RECEIVED /cmd_vel: linear.x=0.10333333333333332, angular.z=0.3191086403681123
[decoded_serial_node-3] [INFO] [1791537751.745181234] [bw_dr03_decoded_serial_node]: SEND MOTOR CMD: cd eb d7 09 74 46 46 53 53 14 05 00 00
[decoded_serial_node-3] [INFO] [1791537751.810874128] [bw_dr03_decoded_serial_node]: RECEIVED /cmd_vel: linear.x=0.11847830202297017, angular.z=0.3188442628166003
[decoded_serial_node-3] [INFO] [1791537751.811222011] [bw_dr03_decoded_serial_node]: SEND MOTOR CMD: cd eb d7 09 74 46 46 53 53 16 06 00 00
[follow_planner-8] [INFO] [1791537751.876954088] [follow_planner_node]: [AVOID] chui khe hep — qua khe theo truc (lech 11 do) | d=3.59m goc=21deg | v=0.118 w=0.321 | thoang=-
[decoded_serial_node-3] [INFO] [1791537751.876987332] [bw_dr03_decoded_serial_node]: RECEIVED /cmd_vel: linear.x=0.11846062257839636, angular.z=0.32069507356876237
[decoded_serial_node-3] [INFO] [1791537751.877324530] [bw_dr03_decoded_serial_node]: SEND MOTOR CMD: cd eb d7 09 74 46 46 53 53 16 06 00 00
[decoded_serial_node-3] [INFO] [1791537751.953916967] [bw_dr03_decoded_serial_node]: RECEIVED /cmd_vel: linear.x=0.11846062257839636, angular.z=0.32069507356876237
[decoded_serial_node-3] [INFO] [1791537751.954447696] [bw_dr03_decoded_serial_node]: SEND MOTOR CMD: cd eb d7 09 74 46 46 53 53 16 06 00 00
[decoded_serial_node-3] [INFO] [1791537752.011569371] [bw_dr03_decoded_serial_node]: RECEIVED /cmd_vel: linear.x=0.11862216372031746, angular.z=0.30336788393859415
[decoded_serial_node-3] [INFO] [1791537752.011815145] [bw_dr03_decoded_serial_node]: SEND MOTOR CMD: cd eb d7 09 74 46 46 53 53 15 07 00 00
[decoded_serial_node-3] [INFO] [1791537752.076697104] [bw_dr03_decoded_serial_node]: RECEIVED /cmd_vel: linear.x=0.11847385219734093, angular.z=0.3193111040397532
[decoded_serial_node-3] [INFO] [1791537752.076934567] [bw_dr03_decoded_serial_node]: SEND MOTOR CMD: cd eb d7 09 74 46 46 53 53 16 06 00 00
[decoded_serial_node-3] [INFO] [1791537752.159687975] [bw_dr03_decoded_serial_node]: RECEIVED /cmd_vel: linear.x=0.11847385219734093, angular.z=0.3193111040397532
[decoded_serial_node-3] [INFO] [1791537752.160218705] [bw_dr03_decoded_serial_node]: SEND MOTOR CMD: cd eb d7 09 74 46 46 53 53 16 06 00 00
[decoded_serial_node-3] [INFO] [1791537752.210728228] [bw_dr03_decoded_serial_node]: RECEIVED /cmd_vel: linear.x=0.11860982062136326, angular.z=0.3047263107190555
[decoded_serial_node-3] [INFO] [1791537752.210968065] [bw_dr03_decoded_serial_node]: SEND MOTOR CMD: cd eb d7 09 74 46 46 53 53 15 07 00 00
[decoded_serial_node-3] [INFO] [1791537752.277248680] [bw_dr03_decoded_serial_node]: RECEIVED /cmd_vel: linear.x=0.11860982062136326, angular.z=0.3047263107190555
[decoded_serial_node-3] [INFO] [1791537752.277607249] [bw_dr03_decoded_serial_node]: SEND MOTOR CMD: cd eb d7 09 74 46 46 53 53 15 07 00 00
[decoded_serial_node-3] [INFO] [1791537752.343875991] [bw_dr03_decoded_serial_node]: RECEIVED /cmd_vel: linear.x=0.1188645685923112, angular.z=0.2753454195693003
[decoded_serial_node-3] [INFO] [1791537752.344122952] [bw_dr03_decoded_serial_node]: SEND MOTOR CMD: cd eb d7 09 74 46 46 53 53 15 07 00 00
[decoded_serial_node-3] [INFO] [1791537752.420861428] [bw_dr03_decoded_serial_node]: RECEIVED /cmd_vel: linear.x=0.11910411471402767, angular.z=0.24454069154541566
[decoded_serial_node-3] [INFO] [1791537752.421202187] [bw_dr03_decoded_serial_node]: SEND MOTOR CMD: cd eb d7 09 74 46 46 53 53 14 08 00 00
[target_tracker-7] [INFO] [1791537752.472637815] [target_tracker_node]: muc tieu: d=3.21m goc=15.5deg nguon=camera+bbox conf=0.56 v=0.99m/s 
[decoded_serial_node-3] [INFO] [1791537752.476498960] [bw_dr03_decoded_serial_node]: RECEIVED /cmd_vel: linear.x=0.11910411471402767, angular.z=0.24454069154541566
[decoded_serial_node-3] [INFO] [1791537752.476877713] [bw_dr03_decoded_serial_node]: SEND MOTOR CMD: cd eb d7 09 74 46 46 53 53 14 08 00 00
[decoded_serial_node-3] [INFO] [1791537752.544359890] [bw_dr03_decoded_serial_node]: RECEIVED /cmd_vel: linear.x=0.11977703926353941, angular.z=0.12193709154754506
[decoded_serial_node-3] [INFO] [1791537752.544640096] [bw_dr03_decoded_serial_node]: SEND MOTOR CMD: cd eb d7 09 74 46 46 53 53 11 0b 00 00
[decoded_serial_node-3] [INFO] [1791537752.624980883] [bw_dr03_decoded_serial_node]: RECEIVED /cmd_vel: linear.x=0.11994582641272918, angular.z=0.1
[decoded_serial_node-3] [INFO] [1791537752.625661214] [bw_dr03_decoded_serial_node]: SEND MOTOR CMD: cd eb d7 09 74 46 46 53 53 11 0c 00 00
[decoded_serial_node-3] [INFO] [1791537752.677012543] [bw_dr03_decoded_serial_node]: RECEIVED /cmd_vel: linear.x=0.11994582641272918, angular.z=0.1
[decoded_serial_node-3] [INFO] [1791537752.677407918] [bw_dr03_decoded_serial_node]: SEND MOTOR CMD: cd eb d7 09 74 46 46 53 53 11 0c 00 00
[decoded_serial_node-3] [INFO] [1791537752.744491157] [bw_dr03_decoded_serial_node]: RECEIVED /cmd_vel: linear.x=0.11999997817690237, angular.z=0.0
[decoded_serial_node-3] [INFO] [1791537752.744882971] [bw_dr03_decoded_serial_node]: SEND MOTOR CMD: cd eb d7 09 74 46 46 53 53 0e 0e 00 00
[decoded_serial_node-3] [INFO] [1791537752.809552400] [bw_dr03_decoded_serial_node]: RECEIVED /cmd_vel: linear.x=0.11998526132266693, angular.z=0.0
[decoded_serial_node-3] [INFO] [1791537752.809837356] [bw_dr03_decoded_serial_node]: SEND MOTOR CMD: cd eb d7 09 74 46 46 53 53 0e 0e 00 00
[follow_planner-8] [INFO] [1791537752.875848450] [follow_planner_node]: [AVOID] chui khe hep — qua khe theo truc (lech -3 do) | d=2.72m goc=1deg | v=0.120 w=0.000 | thoang=-
[decoded_serial_node-3] [INFO] [1791537752.875945810] [bw_dr03_decoded_serial_node]: RECEIVED /cmd_vel: linear.x=0.11998526132266693, angular.z=0.0
[decoded_serial_node-3] [INFO] [1791537752.876309128] [bw_dr03_decoded_serial_node]: SEND MOTOR CMD: cd eb d7 09 74 46 46 53 53 0e 0e 00 00
[decoded_serial_node-3] [INFO] [1791537752.942519691] [bw_dr03_decoded_serial_node]: RECEIVED /cmd_vel: linear.x=0.11994076549427911, angular.z=-0.1
[decoded_serial_node-3] [INFO] [1791537752.942981556] [bw_dr03_decoded_serial_node]: SEND MOTOR CMD: cd eb d7 09 74 46 46 53 53 0c 11 00 00
[decoded_serial_node-3] [INFO] [1791537753.010102789] [bw_dr03_decoded_serial_node]: RECEIVED /cmd_vel: linear.x=0.1198703650468793, angular.z=-0.1
[decoded_serial_node-3] [INFO] [1791537753.010518349] [bw_dr03_decoded_serial_node]: SEND MOTOR CMD: cd eb d7 09 74 46 46 53 53 0c 11 00 00
[python3-4] [INFO] [1791537753.034502091] [identity_lock_node]: camera: nhan 12.5 fps (phoi sang 30 ms, do sang 114), xu ly 12.5 Hz, TB 24 ms/khung, tre tu luc chup 42.7 ms, 2 nguoi, status TRACKING
[decoded_serial_node-3] [INFO] [1791537753.076297917] [bw_dr03_decoded_serial_node]: RECEIVED /cmd_vel: linear.x=0.1198703650468793, angular.z=-0.1
[decoded_serial_node-3] [INFO] [1791537753.076718226] [bw_dr03_decoded_serial_node]: SEND MOTOR CMD: cd eb d7 09 74 46 46 53 53 0c 11 00 00
[decoded_serial_node-3] [INFO] [1791537753.142596341] [bw_dr03_decoded_serial_node]: RECEIVED /cmd_vel: linear.x=0.11977973494217528, angular.z=-0.12119749038295462
[decoded_serial_node-3] [INFO] [1791537753.142846864] [bw_dr03_decoded_serial_node]: SEND MOTOR CMD: cd eb d7 09 74 46 46 53 53 0b 11 00 00
[decoded_serial_node-3] [INFO] [1791537753.209321011] [bw_dr03_decoded_serial_node]: RECEIVED /cmd_vel: linear.x=0.11978830664814441, angular.z=-0.11881515698027403
[decoded_serial_node-3] [INFO] [1791537753.209710450] [bw_dr03_decoded_serial_node]: SEND MOTOR CMD: cd eb d7 09 74 46 46 53 53 0b 11 00 00
[decoded_serial_node-3] [INFO] [1791537753.275748852] [bw_dr03_decoded_serial_node]: RECEIVED /cmd_vel: linear.x=0.11978830664814441, angular.z=-0.11881515698027403
[decoded_serial_node-3] [INFO] [1791537753.276490923] [bw_dr03_decoded_serial_node]: SEND MOTOR CMD: cd eb d7 09 74 46 46 53 53 0b 11 00 00
[decoded_serial_node-3] [INFO] [1791537753.342836840] [bw_dr03_decoded_serial_node]: RECEIVED /cmd_vel: linear.x=0.11984316411456614, angular.z=-0.102264383025247
[decoded_serial_node-3] [INFO] [1791537753.343162164] [bw_dr03_decoded_serial_node]: SEND MOTOR CMD: cd eb d7 09 74 46 46 53 53 0c 11 00 00
[decoded_serial_node-3] [INFO] [1791537753.408891864] [bw_dr03_decoded_serial_node]: RECEIVED /cmd_vel: linear.x=0.1198924433399166, angular.z=-0.1
[decoded_serial_node-3] [INFO] [1791537753.409261119] [bw_dr03_decoded_serial_node]: SEND MOTOR CMD: cd eb d7 09 74 46 46 53 53 0c 11 00 00
[target_tracker-7] [INFO] [1791537753.472422659] [target_tracker_node]: muc tieu: d=2.74m goc=2.1deg nguon=camera+lidar conf=0.98 v=0.07m/s 
[decoded_serial_node-3] [INFO] [1791537753.475785132] [bw_dr03_decoded_serial_node]: RECEIVED /cmd_vel: linear.x=0.1198924433399166, angular.z=-0.1
[decoded_serial_node-3] [INFO] [1791537753.476136577] [bw_dr03_decoded_serial_node]: SEND MOTOR CMD: cd eb d7 09 74 46 46 53 53 0c 11 00 00
[decoded_serial_node-3] [INFO] [1791537753.542501491] [bw_dr03_decoded_serial_node]: RECEIVED /cmd_vel: linear.x=0.11993544474628941, angular.z=-0.1
[decoded_serial_node-3] [INFO] [1791537753.542744890] [bw_dr03_decoded_serial_node]: SEND MOTOR CMD: cd eb d7 09 74 46 46 53 53 0c 11 00 00
[decoded_serial_node-3] [INFO] [1791537753.609644095] [bw_dr03_decoded_serial_node]: RECEIVED /cmd_vel: linear.x=0.11996550071374892, angular.z=-0.1
[decoded_serial_node-3] [INFO] [1791537753.609969419] [bw_dr03_decoded_serial_node]: SEND MOTOR CMD: cd eb d7 09 74 46 46 53 53 0c 11 00 00
[decoded_serial_node-3] [INFO] [1791537753.677226006] [bw_dr03_decoded_serial_node]: RECEIVED /cmd_vel: linear.x=0.11996550071374892, angular.z=-0.1
[decoded_serial_node-3] [INFO] [1791537753.677623756] [bw_dr03_decoded_serial_node]: SEND MOTOR CMD: cd eb d7 09 74 46 46 53 53 0c 11 00 00
[decoded_serial_node-3] [INFO] [1791537753.742865470] [bw_dr03_decoded_serial_node]: RECEIVED /cmd_vel: linear.x=0.1199859330550383, angular.z=0.0
[decoded_serial_node-3] [INFO] [1791537753.743278656] [bw_dr03_decoded_serial_node]: SEND MOTOR CMD: cd eb d7 09 74 46 46 53 53 0e 0e 00 00
[decoded_serial_node-3] [INFO] [1791537753.809134211] [bw_dr03_decoded_serial_node]: RECEIVED /cmd_vel: linear.x=0.11999624741879979, angular.z=0.0
[decoded_serial_node-3] [INFO] [1791537753.809391859] [bw_dr03_decoded_serial_node]: SEND MOTOR CMD: cd eb d7 09 74 46 46 53 53 0e 0e 00 00
[decoded_serial_node-3] [INFO] [1791537753.875861256] [bw_dr03_decoded_serial_node]: RECEIVED /cmd_vel: linear.x=0.11999624741879979, angular.z=0.0
[decoded_serial_node-3] [INFO] [1791537753.876117716] [bw_dr03_decoded_serial_node]: SEND MOTOR CMD: cd eb d7 09 74 46 46 53 53 0e 0e 00 00
[decoded_serial_node-3] [INFO] [1791537753.942590675] [bw_dr03_decoded_serial_node]: RECEIVED /cmd_vel: linear.x=0.11994421924746677, angular.z=-0.1
[follow_planner-8] [INFO] [1791537753.942638167] [follow_planner_node]: [FOLLOW] chui khe hep — qua khe theo truc (lech 6 do) | d=2.70m goc=6deg | v=0.120 w=-0.100 | thoang=-
[decoded_serial_node-3] [INFO] [1791537753.942831699] [bw_dr03_decoded_serial_node]: SEND MOTOR CMD: cd eb d7 09 74 46 46 53 53 0c 11 00 00
[decoded_serial_node-3] [INFO] [1791537754.020859598] [bw_dr03_decoded_serial_node]: RECEIVED /cmd_vel: linear.x=0.1432775525808001, angular.z=0.1
[decoded_serial_node-3] [INFO] [1791537754.021197982] [bw_dr03_decoded_serial_node]: SEND MOTOR CMD: cd eb d7 09 74 46 46 53 53 13 0f 00 00
[decoded_serial_node-3] [INFO] [1791537754.088046132] [bw_dr03_decoded_serial_node]: RECEIVED /cmd_vel: linear.x=0.16661088591413342, angular.z=0.125
[decoded_serial_node-3] [INFO] [1791537754.088296655] [bw_dr03_decoded_serial_node]: SEND MOTOR CMD: cd eb d7 09 74 46 46 53 53 17 11 00 00
[decoded_serial_node-3] [INFO] [1791537754.159459504] [bw_dr03_decoded_serial_node]: RECEIVED /cmd_vel: linear.x=0.18994421924746674, angular.z=0.125
[decoded_serial_node-3] [INFO] [1791537754.159899998] [bw_dr03_decoded_serial_node]: SEND MOTOR CMD: cd eb d7 09 74 46 46 53 53 1a 14 00 00
[decoded_serial_node-3] [INFO] [1791537754.224703593] [bw_dr03_decoded_serial_node]: RECEIVED /cmd_vel: linear.x=0.21327755258080006, angular.z=0.0
[decoded_serial_node-3] [INFO] [1791537754.225085908] [bw_dr03_decoded_serial_node]: SEND MOTOR CMD: cd eb d7 09 74 46 46 53 53 1a 1a 00 00
[decoded_serial_node-3] [INFO] [1791537754.294369239] [bw_dr03_decoded_serial_node]: RECEIVED /cmd_vel: linear.x=0.22, angular.z=0.0
[decoded_serial_node-3] [INFO] [1791537754.294991391] [bw_dr03_decoded_serial_node]: SEND MOTOR CMD: cd eb d7 09 74 46 46 53 53 1a 1a 00 00
[decoded_serial_node-3] [INFO] [1791537754.356937122] [bw_dr03_decoded_serial_node]: RECEIVED /cmd_vel: linear.x=0.22, angular.z=0.0
[decoded_serial_node-3] [INFO] [1791537754.357193582] [bw_dr03_decoded_serial_node]: SEND MOTOR CMD: cd eb d7 09 74 46 46 53 53 1a 1a 00 00
[decoded_serial_node-3] [INFO] [1791537754.426374804] [bw_dr03_decoded_serial_node]: RECEIVED /cmd_vel: linear.x=0.22, angular.z=0.0
[decoded_serial_node-3] [INFO] [1791537754.426792738] [bw_dr03_decoded_serial_node]: SEND MOTOR CMD: cd eb d7 09 74 46 46 53 53 1a 1a 00 00
[target_tracker-7] [INFO] [1791537754.473463675] [target_tracker_node]: muc tieu: d=2.62m goc=7.0deg nguon=camera+lidar conf=0.98 v=0.04m/s 
[decoded_serial_node-3] [INFO] [1791537754.490092007] [bw_dr03_decoded_serial_node]: RECEIVED /cmd_vel: linear.x=0.22, angular.z=0.0
[decoded_serial_node-3] [INFO] [1791537754.490469572] [bw_dr03_decoded_serial_node]: SEND MOTOR CMD: cd eb d7 09 74 46 46 53 53 1a 1a 00 00
[decoded_serial_node-3] [INFO] [1791537754.559048826] [bw_dr03_decoded_serial_node]: RECEIVED /cmd_vel: linear.x=0.22, angular.z=0.0
[decoded_serial_node-3] [INFO] [1791537754.559339718] [bw_dr03_decoded_serial_node]: SEND MOTOR CMD: cd eb d7 09 74 46 46 53 53 1a 1a 00 00
[decoded_serial_node-3] [INFO] [1791537754.630016955] [bw_dr03_decoded_serial_node]: RECEIVED /cmd_vel: linear.x=0.22, angular.z=0.0
[decoded_serial_node-3] [INFO] [1791537754.630285288] [bw_dr03_decoded_serial_node]: SEND MOTOR CMD: cd eb d7 09 74 46 46 53 53 1a 1a 00 00
[decoded_serial_node-3] [INFO] [1791537754.690569967] [bw_dr03_decoded_serial_node]: RECEIVED /cmd_vel: linear.x=0.22, angular.z=0.0
[decoded_serial_node-3] [INFO] [1791537754.691215866] [bw_dr03_decoded_serial_node]: SEND MOTOR CMD: cd eb d7 09 74 46 46 53 53 1a 1a 00 00
[decoded_serial_node-3] [INFO] [1791537754.756639239] [bw_dr03_decoded_serial_node]: RECEIVED /cmd_vel: linear.x=0.22, angular.z=0.0
[decoded_serial_node-3] [INFO] [1791537754.756889762] [bw_dr03_decoded_serial_node]: SEND MOTOR CMD: cd eb d7 09 74 46 46 53 53 1a 1a 00 00
[decoded_serial_node-3] [INFO] [1791537754.824941848] [bw_dr03_decoded_serial_node]: RECEIVED /cmd_vel: linear.x=0.22, angular.z=0.0
[decoded_serial_node-3] [INFO] [1791537754.825315852] [bw_dr03_decoded_serial_node]: SEND MOTOR CMD: cd eb d7 09 74 46 46 53 53 1a 1a 00 00
[decoded_serial_node-3] [INFO] [1791537754.894776093] [bw_dr03_decoded_serial_node]: RECEIVED /cmd_vel: linear.x=0.22, angular.z=0.0
[decoded_serial_node-3] [INFO] [1791537754.895383997] [bw_dr03_decoded_serial_node]: SEND MOTOR CMD: cd eb d7 09 74 46 46 53 53 1a 1a 00 00
[decoded_serial_node-3] [INFO] [1791537754.956472487] [bw_dr03_decoded_serial_node]: RECEIVED /cmd_vel: linear.x=0.22, angular.z=0.0
[decoded_serial_node-3] [INFO] [1791537754.956726573] [bw_dr03_decoded_serial_node]: SEND MOTOR CMD: cd eb d7 09 74 46 46 53 53 1a 1a 00 00
[follow_planner-8] [INFO] [1791537755.022381472] [follow_planner_node]: [FOLLOW] bam nguoi | d=2.53m goc=7deg | v=0.220 w=0.000 | thoang=0.08m
[decoded_serial_node-3] [INFO] [1791537755.022440837] [bw_dr03_decoded_serial_node]: RECEIVED /cmd_vel: linear.x=0.22, angular.z=0.0
[decoded_serial_node-3] [INFO] [1791537755.022693735] [bw_dr03_decoded_serial_node]: SEND MOTOR CMD: cd eb d7 09 74 46 46 53 53 1a 1a 00 00
[decoded_serial_node-3] [INFO] [1791537755.089421966] [bw_dr03_decoded_serial_node]: RECEIVED /cmd_vel: linear.x=0.22, angular.z=0.0
[decoded_serial_node-3] [INFO] [1791537755.089775786] [bw_dr03_decoded_serial_node]: SEND MOTOR CMD: cd eb d7 09 74 46 46 53 53 1a 1a 00 00
[decoded_serial_node-3] [INFO] [1791537755.155867616] [bw_dr03_decoded_serial_node]: RECEIVED /cmd_vel: linear.x=0.22, angular.z=0.0
[decoded_serial_node-3] [INFO] [1791537755.156106266] [bw_dr03_decoded_serial_node]: SEND MOTOR CMD: cd eb d7 09 74 46 46 53 53 1a 1a 00 00
[decoded_serial_node-3] [INFO] [1791537755.222274085] [bw_dr03_decoded_serial_node]: RECEIVED /cmd_vel: linear.x=0.22, angular.z=0.0
[decoded_serial_node-3] [INFO] [1791537755.222604158] [bw_dr03_decoded_serial_node]: SEND MOTOR CMD: cd eb d7 09 74 46 46 53 53 1a 1a 00 00
[decoded_serial_node-3] [INFO] [1791537755.288377788] [bw_dr03_decoded_serial_node]: RECEIVED /cmd_vel: linear.x=0.22, angular.z=0.0
[decoded_serial_node-3] [INFO] [1791537755.288733983] [bw_dr03_decoded_serial_node]: SEND MOTOR CMD: cd eb d7 09 74 46 46 53 53 1a 1a 00 00
[decoded_serial_node-3] [INFO] [1791537755.356062994] [bw_dr03_decoded_serial_node]: RECEIVED /cmd_vel: linear.x=0.22, angular.z=0.0
[decoded_serial_node-3] [INFO] [1791537755.356292146] [bw_dr03_decoded_serial_node]: SEND MOTOR CMD: cd eb d7 09 74 46 46 53 53 1a 1a 00 00
[decoded_serial_node-3] [INFO] [1791537755.422723548] [bw_dr03_decoded_serial_node]: RECEIVED /cmd_vel: linear.x=0.22, angular.z=0.0
[decoded_serial_node-3] [INFO] [1791537755.423282773] [bw_dr03_decoded_serial_node]: SEND MOTOR CMD: cd eb d7 09 74 46 46 53 53 1a 1a 00 00
[decoded_serial_node-3] [INFO] [1791537755.488295335] [bw_dr03_decoded_serial_node]: RECEIVED /cmd_vel: linear.x=0.22, angular.z=0.0
[decoded_serial_node-3] [INFO] [1791537755.488539922] [bw_dr03_decoded_serial_node]: SEND MOTOR CMD: cd eb d7 09 74 46 46 53 53 1a 1a 00 00
[target_tracker-7] [INFO] [1791537755.523175057] [target_tracker_node]: muc tieu: d=2.40m goc=8.0deg nguon=camera+lidar conf=1.00 v=0.06m/s 
[decoded_serial_node-3] [INFO] [1791537755.555105490] [bw_dr03_decoded_serial_node]: RECEIVED /cmd_vel: linear.x=0.22, angular.z=0.0
[decoded_serial_node-3] [INFO] [1791537755.555380947] [bw_dr03_decoded_serial_node]: SEND MOTOR CMD: cd eb d7 09 74 46 46 53 53 1a 1a 00 00
[decoded_serial_node-3] [INFO] [1791537755.622554421] [bw_dr03_decoded_serial_node]: RECEIVED /cmd_vel: linear.x=0.22, angular.z=0.0
[decoded_serial_node-3] [INFO] [1791537755.622796633] [bw_dr03_decoded_serial_node]: SEND MOTOR CMD: cd eb d7 09 74 46 46 53 53 1a 1a 00 00
[decoded_serial_node-3] [INFO] [1791537755.689636471] [bw_dr03_decoded_serial_node]: RECEIVED /cmd_vel: linear.x=0.22, angular.z=0.0
[decoded_serial_node-3] [INFO] [1791537755.689875121] [bw_dr03_decoded_serial_node]: SEND MOTOR CMD: cd eb d7 09 74 46 46 53 53 1a 1a 00 00
[decoded_serial_node-3] [INFO] [1791537755.756270904] [bw_dr03_decoded_serial_node]: RECEIVED /cmd_vel: linear.x=0.22, angular.z=0.0
[decoded_serial_node-3] [INFO] [1791537755.756682902] [bw_dr03_decoded_serial_node]: SEND MOTOR CMD: cd eb d7 09 74 46 46 53 53 1a 1a 00 00
[decoded_serial_node-3] [INFO] [1791537755.822769983] [bw_dr03_decoded_serial_node]: RECEIVED /cmd_vel: linear.x=0.22, angular.z=0.0
[decoded_serial_node-3] [INFO] [1791537755.823286465] [bw_dr03_decoded_serial_node]: SEND MOTOR CMD: cd eb d7 09 74 46 46 53 53 1a 1a 00 00
[decoded_serial_node-3] [INFO] [1791537755.889113524] [bw_dr03_decoded_serial_node]: RECEIVED /cmd_vel: linear.x=0.22, angular.z=0.0
[decoded_serial_node-3] [INFO] [1791537755.889668000] [bw_dr03_decoded_serial_node]: SEND MOTOR CMD: cd eb d7 09 74 46 46 53 53 1a 1a 00 00
[decoded_serial_node-3] [INFO] [1791537755.955407198] [bw_dr03_decoded_serial_node]: RECEIVED /cmd_vel: linear.x=0.22, angular.z=0.0
[decoded_serial_node-3] [INFO] [1791537755.955983045] [bw_dr03_decoded_serial_node]: SEND MOTOR CMD: cd eb d7 09 74 46 46 53 53 1a 1a 00 00
[follow_planner-8] [INFO] [1791537756.021728180] [follow_planner_node]: [FOLLOW] bam nguoi | d=2.31m goc=9deg | v=0.220 w=0.000 | thoang=0.08m
[decoded_serial_node-3] [INFO] [1791537756.021734116] [bw_dr03_decoded_serial_node]: RECEIVED /cmd_vel: linear.x=0.22, angular.z=0.0
[decoded_serial_node-3] [INFO] [1791537756.021959706] [bw_dr03_decoded_serial_node]: SEND MOTOR CMD: cd eb d7 09 74 46 46 53 53 1a 1a 00 00
[decoded_serial_node-3] [INFO] [1791537756.088712870] [bw_dr03_decoded_serial_node]: RECEIVED /cmd_vel: linear.x=0.22, angular.z=0.0
[decoded_serial_node-3] [INFO] [1791537756.089060753] [bw_dr03_decoded_serial_node]: SEND MOTOR CMD: cd eb d7 09 74 46 46 53 53 1a 1a 00 00
[decoded_serial_node-3] [INFO] [1791537756.155754551] [bw_dr03_decoded_serial_node]: RECEIVED /cmd_vel: linear.x=0.22, angular.z=0.0
[decoded_serial_node-3] [INFO] [1791537756.156071564] [bw_dr03_decoded_serial_node]: SEND MOTOR CMD: cd eb d7 09 74 46 46 53 53 1a 1a 00 00
[decoded_serial_node-3] [INFO] [1791537756.224069033] [bw_dr03_decoded_serial_node]: RECEIVED /cmd_vel: linear.x=0.22, angular.z=0.0
[decoded_serial_node-3] [INFO] [1791537756.224304121] [bw_dr03_decoded_serial_node]: SEND MOTOR CMD: cd eb d7 09 74 46 46 53 53 1a 1a 00 00
[decoded_serial_node-3] [INFO] [1791537756.287614075] [bw_dr03_decoded_serial_node]: RECEIVED /cmd_vel: linear.x=0.22, angular.z=0.0
[decoded_serial_node-3] [INFO] [1791537756.287858661] [bw_dr03_decoded_serial_node]: SEND MOTOR CMD: cd eb d7 09 74 46 46 53 53 1a 1a 00 00
[decoded_serial_node-3] [INFO] [1791537756.354170144] [bw_dr03_decoded_serial_node]: RECEIVED /cmd_vel: linear.x=0.22, angular.z=0.0
[decoded_serial_node-3] [INFO] [1791537756.354481221] [bw_dr03_decoded_serial_node]: SEND MOTOR CMD: cd eb d7 09 74 46 46 53 53 1a 1a 00 00
[decoded_serial_node-3] [INFO] [1791537756.421372113] [bw_dr03_decoded_serial_node]: RECEIVED /cmd_vel: linear.x=0.22, angular.z=0.0
[decoded_serial_node-3] [INFO] [1791537756.421615512] [bw_dr03_decoded_serial_node]: SEND MOTOR CMD: cd eb d7 09 74 46 46 53 53 1a 1a 00 00
[decoded_serial_node-3] [INFO] [1791537756.490045163] [bw_dr03_decoded_serial_node]: RECEIVED /cmd_vel: linear.x=0.22, angular.z=0.16
[decoded_serial_node-3] [INFO] [1791537756.490295687] [bw_dr03_decoded_serial_node]: SEND MOTOR CMD: cd eb d7 09 74 46 46 53 53 1e 17 00 00
[decoded_serial_node-3] [INFO] [1791537756.555786736] [bw_dr03_decoded_serial_node]: RECEIVED /cmd_vel: linear.x=0.22, angular.z=0.32
[decoded_serial_node-3] [INFO] [1791537756.556112060] [bw_dr03_decoded_serial_node]: SEND MOTOR CMD: cd eb d7 09 74 46 46 53 53 22 13 00 00
[target_tracker-7] [INFO] [1791537756.573971636] [target_tracker_node]: muc tieu: d=2.39m goc=26.7deg nguon=camera+lidar conf=0.98 v=0.99m/s 
[decoded_serial_node-3] [INFO] [1791537756.623245164] [bw_dr03_decoded_serial_node]: RECEIVED /cmd_vel: linear.x=0.22, angular.z=0.4125000000000001
[decoded_serial_node-3] [INFO] [1791537756.623629854] [bw_dr03_decoded_serial_node]: SEND MOTOR CMD: cd eb d7 09 74 46 46 53 53 24 10 00 00
[decoded_serial_node-3] [INFO] [1791537756.688992673] [bw_dr03_decoded_serial_node]: RECEIVED /cmd_vel: linear.x=0.22, angular.z=0.44140625
[decoded_serial_node-3] [INFO] [1791537756.689361928] [bw_dr03_decoded_serial_node]: SEND MOTOR CMD: cd eb d7 09 74 46 46 53 53 25 10 00 00
[decoded_serial_node-3] [INFO] [1791537756.755445447] [bw_dr03_decoded_serial_node]: RECEIVED /cmd_vel: linear.x=0.22, angular.z=0.450439453125
[decoded_serial_node-3] [INFO] [1791537756.755742275] [bw_dr03_decoded_serial_node]: SEND MOTOR CMD: cd eb d7 09 74 46 46 53 53 25 0f 00 00
[decoded_serial_node-3] [INFO] [1791537756.827408544] [bw_dr03_decoded_serial_node]: RECEIVED /cmd_vel: linear.x=0.22, angular.z=0.4532623291015625
[decoded_serial_node-3] [INFO] [1791537756.827676877] [bw_dr03_decoded_serial_node]: SEND MOTOR CMD: cd eb d7 09 74 46 46 53 53 25 0f 00 00
[decoded_serial_node-3] [INFO] [1791537756.893506311] [bw_dr03_decoded_serial_node]: RECEIVED /cmd_vel: linear.x=0.22, angular.z=0.4541444778442383
[decoded_serial_node-3] [INFO] [1791537756.893952741] [bw_dr03_decoded_serial_node]: SEND MOTOR CMD: cd eb d7 09 74 46 46 53 53 26 0f 00 00
[decoded_serial_node-3] [INFO] [1791537756.956390018] [bw_dr03_decoded_serial_node]: RECEIVED /cmd_vel: linear.x=0.22, angular.z=0.3453041791915894
[decoded_serial_node-3] [INFO] [1791537756.956683285] [bw_dr03_decoded_serial_node]: SEND MOTOR CMD: cd eb d7 09 74 46 46 53 53 23 12 00 00
[follow_planner-8] [INFO] [1791537757.022536465] [follow_planner_node]: [FOLLOW] bam nguoi | d=2.26m goc=20deg | v=0.220 w=0.420 | thoang=0.18m
[decoded_serial_node-3] [INFO] [1791537757.022635012] [bw_dr03_decoded_serial_node]: RECEIVED /cmd_vel: linear.x=0.22, angular.z=0.4204075559973717
[decoded_serial_node-3] [INFO] [1791537757.022887910] [bw_dr03_decoded_serial_node]: SEND MOTOR CMD: cd eb d7 09 74 46 46 53 53 25 10 00 00
[decoded_serial_node-3] [INFO] [1791537757.087507470] [bw_dr03_decoded_serial_node]: RECEIVED /cmd_vel: linear.x=0.22, angular.z=0.3326528334990144
[decoded_serial_node-3] [INFO] [1791537757.087976459] [bw_dr03_decoded_serial_node]: SEND MOTOR CMD: cd eb d7 09 74 46 46 53 53 23 12 00 00
[decoded_serial_node-3] [INFO] [1791537757.154451791] [bw_dr03_decoded_serial_node]: RECEIVED /cmd_vel: linear.x=0.22, angular.z=0.2997448125621305
[decoded_serial_node-3] [INFO] [1791537757.154912469] [bw_dr03_decoded_serial_node]: SEND MOTOR CMD: cd eb d7 09 74 46 46 53 53 22 13 00 00
[decoded_serial_node-3] [INFO] [1791537757.221229888] [bw_dr03_decoded_serial_node]: RECEIVED /cmd_vel: linear.x=0.22, angular.z=0.28740430471079903
[decoded_serial_node-3] [INFO] [1791537757.221468538] [bw_dr03_decoded_serial_node]: SEND MOTOR CMD: cd eb d7 09 74 46 46 53 53 21 13 00 00
[decoded_serial_node-3] [INFO] [1791537757.287282536] [bw_dr03_decoded_serial_node]: RECEIVED /cmd_vel: linear.x=0.22, angular.z=0.28277661426654976
[decoded_serial_node-3] [INFO] [1791537757.287523561] [bw_dr03_decoded_serial_node]: SEND MOTOR CMD: cd eb d7 09 74 46 46 53 53 21 14 00 00
[decoded_serial_node-3] [INFO] [1791537757.355409422] [bw_dr03_decoded_serial_node]: RECEIVED /cmd_vel: linear.x=0.22, angular.z=0.16121476874161544
[decoded_serial_node-3] [INFO] [1791537757.355661133] [bw_dr03_decoded_serial_node]: SEND MOTOR CMD: cd eb d7 09 74 46 46 53 53 1e 17 00 00
[decoded_serial_node-3] [INFO] [1791537757.422168522] [bw_dr03_decoded_serial_node]: RECEIVED /cmd_vel: linear.x=0.22, angular.z=0.25
[decoded_serial_node-3] [INFO] [1791537757.422410734] [bw_dr03_decoded_serial_node]: SEND MOTOR CMD: cd eb d7 09 74 46 46 53 53 21 14 00 00
[decoded_serial_node-3] [INFO] [1791537757.488485941] [bw_dr03_decoded_serial_node]: RECEIVED /cmd_vel: linear.x=0.22, angular.z=0.1468750000000001
[decoded_serial_node-3] [INFO] [1791537757.488928809] [bw_dr03_decoded_serial_node]: SEND MOTOR CMD: cd eb d7 09 74 46 46 53 53 1e 17 00 00
[decoded_serial_node-3] [INFO] [1791537757.554532653] [bw_dr03_decoded_serial_node]: RECEIVED /cmd_vel: linear.x=0.22, angular.z=0.125
[decoded_serial_node-3] [INFO] [1791537757.554781989] [bw_dr03_decoded_serial_node]: SEND MOTOR CMD: cd eb d7 09 74 46 46 53 53 1d 17 00 00
[decoded_serial_node-3] [INFO] [1791537757.621905594] [bw_dr03_decoded_serial_node]: RECEIVED /cmd_vel: linear.x=0.22, angular.z=0.125
[decoded_serial_node-3] [INFO] [1791537757.622143057] [bw_dr03_decoded_serial_node]: SEND MOTOR CMD: cd eb d7 09 74 46 46 53 53 1d 17 00 00
[target_tracker-7] [INFO] [1791537757.622279598] [target_tracker_node]: muc tieu: d=2.13m goc=6.1deg nguon=camera+lidar conf=1.00 v=0.10m/s 
[decoded_serial_node-3] [INFO] [1791537757.688675380] [bw_dr03_decoded_serial_node]: RECEIVED /cmd_vel: linear.x=0.22, angular.z=0.125
[decoded_serial_node-3] [INFO] [1791537757.689006641] [bw_dr03_decoded_serial_node]: SEND MOTOR CMD: cd eb d7 09 74 46 46 53 53 1d 17 00 00
[decoded_serial_node-3] [INFO] [1791537757.756188424] [bw_dr03_decoded_serial_node]: RECEIVED /cmd_vel: linear.x=0.22, angular.z=0.125
[decoded_serial_node-3] [INFO] [1791537757.756421138] [bw_dr03_decoded_serial_node]: SEND MOTOR CMD: cd eb d7 09 74 46 46 53 53 1d 17 00 00
[decoded_serial_node-3] [INFO] [1791537757.822688690] [bw_dr03_decoded_serial_node]: RECEIVED /cmd_vel: linear.x=0.22, angular.z=0.125
[decoded_serial_node-3] [INFO] [1791537757.822921404] [bw_dr03_decoded_serial_node]: SEND MOTOR CMD: cd eb d7 09 74 46 46 53 53 1d 17 00 00
[decoded_serial_node-3] [INFO] [1791537757.887893596] [bw_dr03_decoded_serial_node]: RECEIVED /cmd_vel: linear.x=0.22, angular.z=0.0
[decoded_serial_node-3] [INFO] [1791537757.888208234] [bw_dr03_decoded_serial_node]: SEND MOTOR CMD: cd eb d7 09 74 46 46 53 53 1a 1a 00 00
[decoded_serial_node-3] [INFO] [1791537757.955223794] [bw_dr03_decoded_serial_node]: RECEIVED /cmd_vel: linear.x=0.22, angular.z=0.0
[decoded_serial_node-3] [INFO] [1791537757.955474317] [bw_dr03_decoded_serial_node]: SEND MOTOR CMD: cd eb d7 09 74 46 46 53 53 1a 1a 00 00
[decoded_serial_node-3] [INFO] [1791537758.021550712] [bw_dr03_decoded_serial_node]: RECEIVED /cmd_vel: linear.x=0.22, angular.z=0.0
[decoded_serial_node-3] [INFO] [1791537758.021791736] [bw_dr03_decoded_serial_node]: SEND MOTOR CMD: cd eb d7 09 74 46 46 53 53 1a 1a 00 00
[follow_planner-8] [INFO] [1791537758.087669849] [follow_planner_node]: [FOLLOW] bam nguoi | d=2.04m goc=2deg | v=0.220 w=0.000 | thoang=0.21m
[decoded_serial_node-3] [INFO] [1791537758.087760085] [bw_dr03_decoded_serial_node]: RECEIVED /cmd_vel: linear.x=0.22, angular.z=0.0
[decoded_serial_node-3] [INFO] [1791537758.087999922] [bw_dr03_decoded_serial_node]: SEND MOTOR CMD: cd eb d7 09 74 46 46 53 53 1a 1a 00 00
[decoded_serial_node-3] [INFO] [1791537758.155955834] [bw_dr03_decoded_serial_node]: RECEIVED /cmd_vel: linear.x=0.22, angular.z=0.0
[decoded_serial_node-3] [INFO] [1791537758.156195672] [bw_dr03_decoded_serial_node]: SEND MOTOR CMD: cd eb d7 09 74 46 46 53 53 1a 1a 00 00
[decoded_serial_node-3] [INFO] [1791537758.221203483] [bw_dr03_decoded_serial_node]: RECEIVED /cmd_vel: linear.x=0.22, angular.z=0.0
[decoded_serial_node-3] [INFO] [1791537758.221448070] [bw_dr03_decoded_serial_node]: SEND MOTOR CMD: cd eb d7 09 74 46 46 53 53 1a 1a 00 00
[decoded_serial_node-3] [INFO] [1791537758.287869972] [bw_dr03_decoded_serial_node]: RECEIVED /cmd_vel: linear.x=0.22, angular.z=0.0
[decoded_serial_node-3] [INFO] [1791537758.288112184] [bw_dr03_decoded_serial_node]: SEND MOTOR CMD: cd eb d7 09 74 46 46 53 53 1a 1a 00 00
[decoded_serial_node-3] [INFO] [1791537758.353803889] [bw_dr03_decoded_serial_node]: RECEIVED /cmd_vel: linear.x=0.22, angular.z=0.0
[decoded_serial_node-3] [INFO] [1791537758.354344117] [bw_dr03_decoded_serial_node]: SEND MOTOR CMD: cd eb d7 09 74 46 46 53 53 1a 1a 00 00
[decoded_serial_node-3] [INFO] [1791537758.421199389] [bw_dr03_decoded_serial_node]: RECEIVED /cmd_vel: linear.x=0.22, angular.z=0.0
[decoded_serial_node-3] [INFO] [1791537758.421769299] [bw_dr03_decoded_serial_node]: SEND MOTOR CMD: cd eb d7 09 74 46 46 53 53 1a 1a 00 00
[decoded_serial_node-3] [INFO] [1791537758.487336336] [bw_dr03_decoded_serial_node]: RECEIVED /cmd_vel: linear.x=0.22, angular.z=0.0
[decoded_serial_node-3] [INFO] [1791537758.487881313] [bw_dr03_decoded_serial_node]: SEND MOTOR CMD: cd eb d7 09 74 46 46 53 53 1a 1a 00 00
[decoded_serial_node-3] [INFO] [1791537758.555356363] [bw_dr03_decoded_serial_node]: RECEIVED /cmd_vel: linear.x=0.22, angular.z=0.0
[decoded_serial_node-3] [INFO] [1791537758.555665064] [bw_dr03_decoded_serial_node]: SEND MOTOR CMD: cd eb d7 09 74 46 46 53 53 1a 1a 00 00
[decoded_serial_node-3] [INFO] [1791537758.621265345] [bw_dr03_decoded_serial_node]: RECEIVED /cmd_vel: linear.x=0.22, angular.z=0.0
[decoded_serial_node-3] [INFO] [1791537758.621507557] [bw_dr03_decoded_serial_node]: SEND MOTOR CMD: cd eb d7 09 74 46 46 53 53 1a 1a 00 00
[target_tracker-7] [INFO] [1791537758.622701995] [target_tracker_node]: muc tieu: d=1.93m goc=1.1deg nguon=camera+lidar conf=0.98 v=0.12m/s 
[decoded_serial_node-3] [INFO] [1791537758.686415635] [bw_dr03_decoded_serial_node]: RECEIVED /cmd_vel: linear.x=0.22, angular.z=0.0
[decoded_serial_node-3] [INFO] [1791537758.686676844] [bw_dr03_decoded_serial_node]: SEND MOTOR CMD: cd eb d7 09 74 46 46 53 53 1a 1a 00 00
[decoded_serial_node-3] [INFO] [1791537758.754453471] [bw_dr03_decoded_serial_node]: RECEIVED /cmd_vel: linear.x=0.22, angular.z=0.0
[decoded_serial_node-3] [INFO] [1791537758.754997261] [bw_dr03_decoded_serial_node]: SEND MOTOR CMD: cd eb d7 09 74 46 46 53 53 1a 1a 00 00
[decoded_serial_node-3] [INFO] [1791537758.821878654] [bw_dr03_decoded_serial_node]: RECEIVED /cmd_vel: linear.x=0.22, angular.z=0.0
[decoded_serial_node-3] [INFO] [1791537758.822107806] [bw_dr03_decoded_serial_node]: SEND MOTOR CMD: cd eb d7 09 74 46 46 53 53 1a 1a 00 00
[decoded_serial_node-3] [INFO] [1791537758.889090120] [bw_dr03_decoded_serial_node]: RECEIVED /cmd_vel: linear.x=0.22, angular.z=0.0
[decoded_serial_node-3] [INFO] [1791537758.889348955] [bw_dr03_decoded_serial_node]: SEND MOTOR CMD: cd eb d7 09 74 46 46 53 53 1a 1a 00 00
[decoded_serial_node-3] [INFO] [1791537758.955336300] [bw_dr03_decoded_serial_node]: RECEIVED /cmd_vel: linear.x=0.22, angular.z=0.0
[decoded_serial_node-3] [INFO] [1791537758.955894338] [bw_dr03_decoded_serial_node]: SEND MOTOR CMD: cd eb d7 09 74 46 46 53 53 1a 1a 00 00
[decoded_serial_node-3] [INFO] [1791537759.021304649] [bw_dr03_decoded_serial_node]: RECEIVED /cmd_vel: linear.x=0.22, angular.z=0.0
[decoded_serial_node-3] [INFO] [1791537759.021540924] [bw_dr03_decoded_serial_node]: SEND MOTOR CMD: cd eb d7 09 74 46 46 53 53 1a 1a 00 00
[follow_planner-8] [INFO] [1791537759.087337112] [follow_planner_node]: [FOLLOW] bam nguoi | d=1.87m goc=2deg | v=0.220 w=0.000 | thoang=0.20m
[decoded_serial_node-3] [INFO] [1791537759.087401226] [bw_dr03_decoded_serial_node]: RECEIVED /cmd_vel: linear.x=0.22, angular.z=0.0
[decoded_serial_node-3] [INFO] [1791537759.087641064] [bw_dr03_decoded_serial_node]: SEND MOTOR CMD: cd eb d7 09 74 46 46 53 53 1a 1a 00 00
[decoded_serial_node-3] [INFO] [1791537759.153406381] [bw_dr03_decoded_serial_node]: RECEIVED /cmd_vel: linear.x=0.22, angular.z=0.0
[decoded_serial_node-3] [INFO] [1791537759.153951358] [bw_dr03_decoded_serial_node]: SEND MOTOR CMD: cd eb d7 09 74 46 46 53 53 1a 1a 00 00
[decoded_serial_node-3] [INFO] [1791537759.220095429] [bw_dr03_decoded_serial_node]: RECEIVED /cmd_vel: linear.x=0.22, angular.z=0.0
[decoded_serial_node-3] [INFO] [1791537759.220351889] [bw_dr03_decoded_serial_node]: SEND MOTOR CMD: cd eb d7 09 74 46 46 53 53 1a 1a 00 00
[decoded_serial_node-3] [INFO] [1791537759.286453216] [bw_dr03_decoded_serial_node]: RECEIVED /cmd_vel: linear.x=0.22, angular.z=0.0
[decoded_serial_node-3] [INFO] [1791537759.286710863] [bw_dr03_decoded_serial_node]: SEND MOTOR CMD: cd eb d7 09 74 46 46 53 53 1a 1a 00 00
[decoded_serial_node-3] [INFO] [1791537759.354102800] [bw_dr03_decoded_serial_node]: RECEIVED /cmd_vel: linear.x=0.22, angular.z=0.0
[decoded_serial_node-3] [INFO] [1791537759.354352136] [bw_dr03_decoded_serial_node]: SEND MOTOR CMD: cd eb d7 09 74 46 46 53 53 1a 1a 00 00
[decoded_serial_node-3] [INFO] [1791537759.420617313] [bw_dr03_decoded_serial_node]: RECEIVED /cmd_vel: linear.x=0.22, angular.z=0.0
[decoded_serial_node-3] [INFO] [1791537759.420852401] [bw_dr03_decoded_serial_node]: SEND MOTOR CMD: cd eb d7 09 74 46 46 53 53 1a 1a 00 00
[decoded_serial_node-3] [INFO] [1791537759.486458618] [bw_dr03_decoded_serial_node]: RECEIVED /cmd_vel: linear.x=0.22, angular.z=0.0
[decoded_serial_node-3] [INFO] [1791537759.486710329] [bw_dr03_decoded_serial_node]: SEND MOTOR CMD: cd eb d7 09 74 46 46 53 53 1a 1a 00 00
[decoded_serial_node-3] [INFO] [1791537759.553283020] [bw_dr03_decoded_serial_node]: RECEIVED /cmd_vel: linear.x=0.22, angular.z=0.0
[decoded_serial_node-3] [INFO] [1791537759.553769819] [bw_dr03_decoded_serial_node]: SEND MOTOR CMD: cd eb d7 09 74 46 46 53 53 1a 1a 00 00
[decoded_serial_node-3] [INFO] [1791537759.620119294] [bw_dr03_decoded_serial_node]: RECEIVED /cmd_vel: linear.x=0.22, angular.z=0.125
[decoded_serial_node-3] [INFO] [1791537759.620692767] [bw_dr03_decoded_serial_node]: SEND MOTOR CMD: cd eb d7 09 74 46 46 53 53 1d 17 00 00
[target_tracker-7] [INFO] [1791537759.673131673] [target_tracker_node]: muc tieu: d=1.78m goc=7.9deg nguon=camera+lidar conf=1.00 v=0.49m/s 
[decoded_serial_node-3] [INFO] [1791537759.686054398] [bw_dr03_decoded_serial_node]: RECEIVED /cmd_vel: linear.x=0.22, angular.z=0.125
[decoded_serial_node-3] [INFO] [1791537759.686295422] [bw_dr03_decoded_serial_node]: SEND MOTOR CMD: cd eb d7 09 74 46 46 53 53 1d 17 00 00
[decoded_serial_node-3] [INFO] [1791537759.754100545] [bw_dr03_decoded_serial_node]: RECEIVED /cmd_vel: linear.x=0.22, angular.z=0.125
[decoded_serial_node-3] [INFO] [1791537759.754436555] [bw_dr03_decoded_serial_node]: SEND MOTOR CMD: cd eb d7 09 74 46 46 53 53 1d 17 00 00
[decoded_serial_node-3] [INFO] [1791537759.820055833] [bw_dr03_decoded_serial_node]: RECEIVED /cmd_vel: linear.x=0.22, angular.z=0.125
[decoded_serial_node-3] [INFO] [1791537759.820508199] [bw_dr03_decoded_serial_node]: SEND MOTOR CMD: cd eb d7 09 74 46 46 53 53 1d 17 00 00
[decoded_serial_node-3] [INFO] [1791537759.887118884] [bw_dr03_decoded_serial_node]: RECEIVED /cmd_vel: linear.x=0.22, angular.z=0.125
[decoded_serial_node-3] [INFO] [1791537759.887350410] [bw_dr03_decoded_serial_node]: SEND MOTOR CMD: cd eb d7 09 74 46 46 53 53 1d 17 00 00
[decoded_serial_node-3] [INFO] [1791537759.952111260] [bw_dr03_decoded_serial_node]: RECEIVED /cmd_vel: linear.x=0.22, angular.z=0.125
[decoded_serial_node-3] [INFO] [1791537759.952352285] [bw_dr03_decoded_serial_node]: SEND MOTOR CMD: cd eb d7 09 74 46 46 53 53 1d 17 00 00
[decoded_serial_node-3] [INFO] [1791537760.019448581] [bw_dr03_decoded_serial_node]: RECEIVED /cmd_vel: linear.x=0.22, angular.z=0.25
[decoded_serial_node-3] [INFO] [1791537760.019709790] [bw_dr03_decoded_serial_node]: SEND MOTOR CMD: cd eb d7 09 74 46 46 53 53 21 14 00 00
[decoded_serial_node-3] [INFO] [1791537760.085443050] [bw_dr03_decoded_serial_node]: RECEIVED /cmd_vel: linear.x=0.22, angular.z=0.26875000000000004
[decoded_serial_node-3] [INFO] [1791537760.085698322] [bw_dr03_decoded_serial_node]: SEND MOTOR CMD: cd eb d7 09 74 46 46 53 53 21 14 00 00
[follow_planner-8] [INFO] [1791537760.152536971] [follow_planner_node]: [FOLLOW] bam nguoi | d=1.90m goc=14deg | v=0.220 w=0.276 | thoang=0.23m
[decoded_serial_node-3] [INFO] [1791537760.152629581] [bw_dr03_decoded_serial_node]: RECEIVED /cmd_vel: linear.x=0.22, angular.z=0.2757812500000001
[decoded_serial_node-3] [INFO] [1791537760.153204241] [bw_dr03_decoded_serial_node]: SEND MOTOR CMD: cd eb d7 09 74 46 46 53 53 21 14 00 00
[decoded_serial_node-3] [INFO] [1791537760.219895663] [bw_dr03_decoded_serial_node]: RECEIVED /cmd_vel: linear.x=0.22, angular.z=0.27841796875000013
[decoded_serial_node-3] [INFO] [1791537760.220133126] [bw_dr03_decoded_serial_node]: SEND MOTOR CMD: cd eb d7 09 74 46 46 53 53 21 14 00 00
[decoded_serial_node-3] [INFO] [1791537760.286080102] [bw_dr03_decoded_serial_node]: RECEIVED /cmd_vel: linear.x=0.22, angular.z=0.2794067382812502
[decoded_serial_node-3] [INFO] [1791537760.286325876] [bw_dr03_decoded_serial_node]: SEND MOTOR CMD: cd eb d7 09 74 46 46 53 53 21 14 00 00
[decoded_serial_node-3] [INFO] [1791537760.353779553] [bw_dr03_decoded_serial_node]: RECEIVED /cmd_vel: linear.x=0.22, angular.z=0.27977752685546875
[decoded_serial_node-3] [INFO] [1791537760.354250917] [bw_dr03_decoded_serial_node]: SEND MOTOR CMD: cd eb d7 09 74 46 46 53 53 21 14 00 00
[decoded_serial_node-3] [INFO] [1791537760.419713469] [bw_dr03_decoded_serial_node]: RECEIVED /cmd_vel: linear.x=0.22, angular.z=0.2799165725708008
[decoded_serial_node-3] [INFO] [1791537760.420220452] [bw_dr03_decoded_serial_node]: SEND MOTOR CMD: cd eb d7 09 74 46 46 53 53 21 14 00 00
[decoded_serial_node-3] [INFO] [1791537760.485871786] [bw_dr03_decoded_serial_node]: RECEIVED /cmd_vel: linear.x=0.22, angular.z=0.2799687147140504
[decoded_serial_node-3] [INFO] [1791537760.486271911] [bw_dr03_decoded_serial_node]: SEND MOTOR CMD: cd eb d7 09 74 46 46 53 53 21 14 00 00
[decoded_serial_node-3] [INFO] [1791537760.551992110] [bw_dr03_decoded_serial_node]: RECEIVED /cmd_vel: linear.x=0.22, angular.z=0.279988268017769
[decoded_serial_node-3] [INFO] [1791537760.552230760] [bw_dr03_decoded_serial_node]: SEND MOTOR CMD: cd eb d7 09 74 46 46 53 53 21 14 00 00
[decoded_serial_node-3] [INFO] [1791537760.619462410] [bw_dr03_decoded_serial_node]: RECEIVED /cmd_vel: linear.x=0.22, angular.z=0.2799956005066635
[decoded_serial_node-3] [INFO] [1791537760.619714120] [bw_dr03_decoded_serial_node]: SEND MOTOR CMD: cd eb d7 09 74 46 46 53 53 21 14 00 00
[target_tracker-7] [INFO] [1791537760.673063696] [target_tracker_node]: muc tieu: d=1.82m goc=17.3deg nguon=camera+lidar conf=1.00 v=0.85m/s 
[decoded_serial_node-3] [INFO] [1791537760.685163612] [bw_dr03_decoded_serial_node]: RECEIVED /cmd_vel: linear.x=0.22, angular.z=0.27999835018999875
[decoded_serial_node-3] [INFO] [1791537760.685519806] [bw_dr03_decoded_serial_node]: SEND MOTOR CMD: cd eb d7 09 74 46 46 53 53 21 14 00 00
[decoded_serial_node-3] [INFO] [1791537760.752343020] [bw_dr03_decoded_serial_node]: RECEIVED /cmd_vel: linear.x=0.22, angular.z=0.2799993813212496
[decoded_serial_node-3] [INFO] [1791537760.752593543] [bw_dr03_decoded_serial_node]: SEND MOTOR CMD: cd eb d7 09 74 46 46 53 53 21 14 00 00
[decoded_serial_node-3] [INFO] [1791537760.809113247] [bw_dr03_decoded_serial_node]: RECEIVED /cmd_vel: linear.x=0.19666666666666666, angular.z=0.4399993813212496
[decoded_serial_node-3] [INFO] [1791537760.809341211] [bw_dr03_decoded_serial_node]: SEND MOTOR CMD: cd eb d7 09 74 46 46 53 53 22 0d 00 00
[decoded_serial_node-3] [INFO] [1791537760.885107273] [bw_dr03_decoded_serial_node]: RECEIVED /cmd_vel: linear.x=0.21999999999999997, angular.z=0.3399997679954686
[decoded_serial_node-3] [INFO] [1791537760.885653437] [bw_dr03_decoded_serial_node]: SEND MOTOR CMD: cd eb d7 09 74 46 46 53 53 23 12 00 00
[decoded_serial_node-3] [INFO] [1791537760.952623878] [bw_dr03_decoded_serial_node]: RECEIVED /cmd_vel: linear.x=0.22, angular.z=0.3024999129983007
[decoded_serial_node-3] [INFO] [1791537760.952882712] [bw_dr03_decoded_serial_node]: SEND MOTOR CMD: cd eb d7 09 74 46 46 53 53 22 13 00 00
[follow_planner-8] [INFO] [1791537760.953155794] [follow_planner_node]: self-filter: bo 16/211 tia dap vao than xe
[decoded_serial_node-3] [INFO] [1791537761.018967416] [bw_dr03_decoded_serial_node]: RECEIVED /cmd_vel: linear.x=0.22, angular.z=0.2884374673743627
[decoded_serial_node-3] [INFO] [1791537761.019232187] [bw_dr03_decoded_serial_node]: SEND MOTOR CMD: cd eb d7 09 74 46 46 53 53 21 13 00 00
[decoded_serial_node-3] [INFO] [1791537761.086289302] [bw_dr03_decoded_serial_node]: RECEIVED /cmd_vel: linear.x=0.22, angular.z=0.28316405026538616
[decoded_serial_node-3] [INFO] [1791537761.086526764] [bw_dr03_decoded_serial_node]: SEND MOTOR CMD: cd eb d7 09 74 46 46 53 53 21 14 00 00
[decoded_serial_node-3] [INFO] [1791537761.151535762] [bw_dr03_decoded_serial_node]: RECEIVED /cmd_vel: linear.x=0.22, angular.z=0.28118651884951984
[decoded_serial_node-3] [INFO] [1791537761.151785098] [bw_dr03_decoded_serial_node]: SEND MOTOR CMD: cd eb d7 09 74 46 46 53 53 21 14 00 00
[follow_planner-8] [INFO] [1791537761.208941201] [follow_planner_node]: [FOLLOW] chui khe hep — vao truc giua khe (lech 1.17m) | d=1.96m goc=23deg | v=0.197 w=0.441 | thoang=-
[decoded_serial_node-3] [INFO] [1791537761.209049247] [bw_dr03_decoded_serial_node]: RECEIVED /cmd_vel: linear.x=0.19666666666666666, angular.z=0.44118651884951987
[decoded_serial_node-3] [INFO] [1791537761.209273649] [bw_dr03_decoded_serial_node]: SEND MOTOR CMD: cd eb d7 09 74 46 46 53 53 22 0d 00 00
[decoded_serial_node-3] [INFO] [1791537761.291263610] [bw_dr03_decoded_serial_node]: RECEIVED /cmd_vel: linear.x=0.21999999999999997, angular.z=0.28118651884951984
[decoded_serial_node-3] [INFO] [1791537761.291575874] [bw_dr03_decoded_serial_node]: SEND MOTOR CMD: cd eb d7 09 74 46 46 53 53 21 14 00 00
[decoded_serial_node-3] [INFO] [1791537761.351591029] [bw_dr03_decoded_serial_node]: RECEIVED /cmd_vel: linear.x=0.22, angular.z=0.12118651884951984
[decoded_serial_node-3] [INFO] [1791537761.351845114] [bw_dr03_decoded_serial_node]: SEND MOTOR CMD: cd eb d7 09 74 46 46 53 53 1d 17 00 00
[decoded_serial_node-3] [INFO] [1791537761.418075858] [bw_dr03_decoded_serial_node]: RECEIVED /cmd_vel: linear.x=0.22, angular.z=-0.1
[decoded_serial_node-3] [INFO] [1791537761.418636270] [bw_dr03_decoded_serial_node]: SEND MOTOR CMD: cd eb d7 09 74 46 46 53 53 18 1d 00 00
[decoded_serial_node-3] [INFO] [1791537761.490676540] [bw_dr03_decoded_serial_node]: RECEIVED /cmd_vel: linear.x=0.22, angular.z=-0.125
[decoded_serial_node-3] [INFO] [1791537761.490916378] [bw_dr03_decoded_serial_node]: SEND MOTOR CMD: cd eb d7 09 74 46 46 53 53 17 1d 00 00
[decoded_serial_node-3] [INFO] [1791537761.551654607] [bw_dr03_decoded_serial_node]: RECEIVED /cmd_vel: linear.x=0.22, angular.z=-0.125
[decoded_serial_node-3] [INFO] [1791537761.551909880] [bw_dr03_decoded_serial_node]: SEND MOTOR CMD: cd eb d7 09 74 46 46 53 53 17 1d 00 00
[decoded_serial_node-3] [INFO] [1791537761.619520282] [bw_dr03_decoded_serial_node]: RECEIVED /cmd_vel: linear.x=0.22, angular.z=-0.125
[decoded_serial_node-3] [INFO] [1791537761.620121063] [bw_dr03_decoded_serial_node]: SEND MOTOR CMD: cd eb d7 09 74 46 46 53 53 17 1d 00 00
[target_tracker-7] [INFO] [1791537761.673370904] [target_tracker_node]: muc tieu: d=2.10m goc=19.8deg nguon=camera+bbox conf=0.80 v=0.38m/s 
[decoded_serial_node-3] [INFO] [1791537761.686299564] [bw_dr03_decoded_serial_node]: RECEIVED /cmd_vel: linear.x=0.22, angular.z=-0.125
[decoded_serial_node-3] [INFO] [1791537761.686537027] [bw_dr03_decoded_serial_node]: SEND MOTOR CMD: cd eb d7 09 74 46 46 53 53 17 1d 00 00
[decoded_serial_node-3] [INFO] [1791537761.759457097] [bw_dr03_decoded_serial_node]: RECEIVED /cmd_vel: linear.x=0.22, angular.z=-0.125
[decoded_serial_node-3] [INFO] [1791537761.759709995] [bw_dr03_decoded_serial_node]: SEND MOTOR CMD: cd eb d7 09 74 46 46 53 53 17 1d 00 00
[decoded_serial_node-3] [INFO] [1791537761.820363925] [bw_dr03_decoded_serial_node]: RECEIVED /cmd_vel: linear.x=0.22, angular.z=-0.125
[decoded_serial_node-3] [INFO] [1791537761.820615636] [bw_dr03_decoded_serial_node]: SEND MOTOR CMD: cd eb d7 09 74 46 46 53 53 17 1d 00 00
[decoded_serial_node-3] [INFO] [1791537761.887031600] [bw_dr03_decoded_serial_node]: RECEIVED /cmd_vel: linear.x=0.22, angular.z=-0.125
[decoded_serial_node-3] [INFO] [1791537761.887272625] [bw_dr03_decoded_serial_node]: SEND MOTOR CMD: cd eb d7 09 74 46 46 53 53 17 1d 00 00
[decoded_serial_node-3] [INFO] [1791537761.958602882] [bw_dr03_decoded_serial_node]: RECEIVED /cmd_vel: linear.x=0.22, angular.z=-0.125
[decoded_serial_node-3] [INFO] [1791537761.958864091] [bw_dr03_decoded_serial_node]: SEND MOTOR CMD: cd eb d7 09 74 46 46 53 53 17 1d 00 00
[decoded_serial_node-3] [INFO] [1791537762.019791103] [bw_dr03_decoded_serial_node]: RECEIVED /cmd_vel: linear.x=0.22, angular.z=-0.125
[decoded_serial_node-3] [INFO] [1791537762.020407319] [bw_dr03_decoded_serial_node]: SEND MOTOR CMD: cd eb d7 09 74 46 46 53 53 17 1d 00 00
[decoded_serial_node-3] [INFO] [1791537762.086099022] [bw_dr03_decoded_serial_node]: RECEIVED /cmd_vel: linear.x=0.22, angular.z=-0.125
[decoded_serial_node-3] [INFO] [1791537762.086341234] [bw_dr03_decoded_serial_node]: SEND MOTOR CMD: cd eb d7 09 74 46 46 53 53 17 1d 00 00
[decoded_serial_node-3] [INFO] [1791537762.153895832] [bw_dr03_decoded_serial_node]: RECEIVED /cmd_vel: linear.x=0.22, angular.z=-0.125
[decoded_serial_node-3] [INFO] [1791537762.154135669] [bw_dr03_decoded_serial_node]: SEND MOTOR CMD: cd eb d7 09 74 46 46 53 53 17 1d 00 00
[follow_planner-8] [INFO] [1791537762.225172659] [follow_planner_node]: [AVOID] di vong theo ban do (phai, 1.6m duong) | d=1.97m goc=37deg | v=0.220 w=0.000 | thoang=0.36m
[decoded_serial_node-3] [INFO] [1791537762.225811434] [bw_dr03_decoded_serial_node]: RECEIVED /cmd_vel: linear.x=0.22, angular.z=0.0
[decoded_serial_node-3] [INFO] [1791537762.226306544] [bw_dr03_decoded_serial_node]: SEND MOTOR CMD: cd eb d7 09 74 46 46 53 53 1a 1a 00 00
[decoded_serial_node-3] [INFO] [1791537762.288103857] [bw_dr03_decoded_serial_node]: RECEIVED /cmd_vel: linear.x=0.22, angular.z=0.0
[decoded_serial_node-3] [INFO] [1791537762.288669018] [bw_dr03_decoded_serial_node]: SEND MOTOR CMD: cd eb d7 09 74 46 46 53 53 1a 1a 00 00
[decoded_serial_node-3] [INFO] [1791537762.352525134] [bw_dr03_decoded_serial_node]: RECEIVED /cmd_vel: linear.x=0.22, angular.z=0.0
[decoded_serial_node-3] [INFO] [1791537762.352779219] [bw_dr03_decoded_serial_node]: SEND MOTOR CMD: cd eb d7 09 74 46 46 53 53 1a 1a 00 00
[decoded_serial_node-3] [INFO] [1791537762.424198524] [bw_dr03_decoded_serial_node]: RECEIVED /cmd_vel: linear.x=0.22, angular.z=0.0
[decoded_serial_node-3] [INFO] [1791537762.424444298] [bw_dr03_decoded_serial_node]: SEND MOTOR CMD: cd eb d7 09 74 46 46 53 53 1a 1a 00 00
[decoded_serial_node-3] [INFO] [1791537762.485943595] [bw_dr03_decoded_serial_node]: RECEIVED /cmd_vel: linear.x=0.22, angular.z=0.0
[decoded_serial_node-3] [INFO] [1791537762.486185807] [bw_dr03_decoded_serial_node]: SEND MOTOR CMD: cd eb d7 09 74 46 46 53 53 1a 1a 00 00
[decoded_serial_node-3] [INFO] [1791537762.553463761] [bw_dr03_decoded_serial_node]: RECEIVED /cmd_vel: linear.x=0.22, angular.z=0.0
[decoded_serial_node-3] [INFO] [1791537762.553952934] [bw_dr03_decoded_serial_node]: SEND MOTOR CMD: cd eb d7 09 74 46 46 53 53 1a 1a 00 00
[decoded_serial_node-3] [INFO] [1791537762.620742902] [bw_dr03_decoded_serial_node]: RECEIVED /cmd_vel: linear.x=0.22, angular.z=0.0
[decoded_serial_node-3] [INFO] [1791537762.621175084] [bw_dr03_decoded_serial_node]: SEND MOTOR CMD: cd eb d7 09 74 46 46 53 53 1a 1a 00 00
[decoded_serial_node-3] [INFO] [1791537762.689812513] [bw_dr03_decoded_serial_node]: RECEIVED /cmd_vel: linear.x=0.22, angular.z=0.0
[decoded_serial_node-3] [INFO] [1791537762.690238759] [bw_dr03_decoded_serial_node]: SEND MOTOR CMD: cd eb d7 09 74 46 46 53 53 1a 1a 00 00
[target_tracker-7] [INFO] [1791537762.722475518] [target_tracker_node]: muc tieu: d=1.86m goc=46.7deg nguon=camera+bbox conf=0.55 v=0.58m/s [NGOAI KHUNG HINH]
[decoded_serial_node-3] [INFO] [1791537762.752178549] [bw_dr03_decoded_serial_node]: RECEIVED /cmd_vel: linear.x=0.22, angular.z=0.0
[decoded_serial_node-3] [INFO] [1791537762.752433822] [bw_dr03_decoded_serial_node]: SEND MOTOR CMD: cd eb d7 09 74 46 46 53 53 1a 1a 00 00
[decoded_serial_node-3] [INFO] [1791537762.819968236] [bw_dr03_decoded_serial_node]: RECEIVED /cmd_vel: linear.x=0.22, angular.z=0.0
[decoded_serial_node-3] [INFO] [1791537762.820217571] [bw_dr03_decoded_serial_node]: SEND MOTOR CMD: cd eb d7 09 74 46 46 53 53 1a 1a 00 00
[decoded_serial_node-3] [INFO] [1791537762.886486309] [bw_dr03_decoded_serial_node]: RECEIVED /cmd_vel: linear.x=0.22, angular.z=0.0
[decoded_serial_node-3] [INFO] [1791537762.886740394] [bw_dr03_decoded_serial_node]: SEND MOTOR CMD: cd eb d7 09 74 46 46 53 53 1a 1a 00 00
[decoded_serial_node-3] [INFO] [1791537762.957247842] [bw_dr03_decoded_serial_node]: RECEIVED /cmd_vel: linear.x=0.22, angular.z=0.0
[decoded_serial_node-3] [INFO] [1791537762.957476993] [bw_dr03_decoded_serial_node]: SEND MOTOR CMD: cd eb d7 09 74 46 46 53 53 1a 1a 00 00
[decoded_serial_node-3] [INFO] [1791537763.020972165] [bw_dr03_decoded_serial_node]: RECEIVED /cmd_vel: linear.x=0.22, angular.z=0.0
[decoded_serial_node-3] [INFO] [1791537763.021198942] [bw_dr03_decoded_serial_node]: SEND MOTOR CMD: cd eb d7 09 74 46 46 53 53 1a 1a 00 00
[decoded_serial_node-3] [INFO] [1791537763.087988909] [bw_dr03_decoded_serial_node]: RECEIVED /cmd_vel: linear.x=0.22, angular.z=0.125
[decoded_serial_node-3] [INFO] [1791537763.088513702] [bw_dr03_decoded_serial_node]: SEND MOTOR CMD: cd eb d7 09 74 46 46 53 53 1d 17 00 00
[python3-4] [INFO] [1791537763.093844741] [identity_lock_node]: camera: nhan 12.5 fps (phoi sang 30 ms, do sang 80), xu ly 12.5 Hz, TB 24 ms/khung, tre tu luc chup 22.2 ms, 1 nguoi, status TRACKING
[decoded_serial_node-3] [INFO] [1791537763.158990279] [bw_dr03_decoded_serial_node]: RECEIVED /cmd_vel: linear.x=0.22, angular.z=0.125
[decoded_serial_node-3] [INFO] [1791537763.159512697] [bw_dr03_decoded_serial_node]: SEND MOTOR CMD: cd eb d7 09 74 46 46 53 53 1d 17 00 00
[decoded_serial_node-3] [INFO] [1791537763.220791154] [bw_dr03_decoded_serial_node]: RECEIVED /cmd_vel: linear.x=0.22, angular.z=0.125
[decoded_serial_node-3] [INFO] [1791537763.221038115] [bw_dr03_decoded_serial_node]: SEND MOTOR CMD: cd eb d7 09 74 46 46 53 53 1d 17 00 00
[follow_planner-8] [INFO] [1791537763.287862515] [follow_planner_node]: [AVOID] di vong theo ban do (phai, 1.8m duong) | d=1.89m goc=52deg | v=0.220 w=0.125 | thoang=0.18m
[decoded_serial_node-3] [INFO] [1791537763.287906445] [bw_dr03_decoded_serial_node]: RECEIVED /cmd_vel: linear.x=0.22, angular.z=0.125
[decoded_serial_node-3] [INFO] [1791537763.288143908] [bw_dr03_decoded_serial_node]: SEND MOTOR CMD: cd eb d7 09 74 46 46 53 53 1d 17 00 00
[decoded_serial_node-3] [INFO] [1791537763.360727967] [bw_dr03_decoded_serial_node]: RECEIVED /cmd_vel: linear.x=0.22, angular.z=0.125
[decoded_serial_node-3] [INFO] [1791537763.360989176] [bw_dr03_decoded_serial_node]: SEND MOTOR CMD: cd eb d7 09 74 46 46 53 53 1d 17 00 00
[decoded_serial_node-3] [INFO] [1791537763.421786771] [bw_dr03_decoded_serial_node]: RECEIVED /cmd_vel: linear.x=0.22, angular.z=0.125
[decoded_serial_node-3] [INFO] [1791537763.422050355] [bw_dr03_decoded_serial_node]: SEND MOTOR CMD: cd eb d7 09 74 46 46 53 53 1d 17 00 00
[decoded_serial_node-3] [INFO] [1791537763.489461287] [bw_dr03_decoded_serial_node]: RECEIVED /cmd_vel: linear.x=0.22, angular.z=0.125
[decoded_serial_node-3] [INFO] [1791537763.489957584] [bw_dr03_decoded_serial_node]: SEND MOTOR CMD: cd eb d7 09 74 46 46 53 53 1d 17 00 00
[decoded_serial_node-3] [INFO] [1791537763.554234008] [bw_dr03_decoded_serial_node]: RECEIVED /cmd_vel: linear.x=0.22, angular.z=0.0
[decoded_serial_node-3] [INFO] [1791537763.554859723] [bw_dr03_decoded_serial_node]: SEND MOTOR CMD: cd eb d7 09 74 46 46 53 53 1a 1a 00 00
[decoded_serial_node-3] [INFO] [1791537763.629159451] [bw_dr03_decoded_serial_node]: RECEIVED /cmd_vel: linear.x=0.22, angular.z=0.0
[decoded_serial_node-3] [INFO] [1791537763.629388602] [bw_dr03_decoded_serial_node]: SEND MOTOR CMD: cd eb d7 09 74 46 46 53 53 1a 1a 00 00
[decoded_serial_node-3] [INFO] [1791537763.687876871] [bw_dr03_decoded_serial_node]: RECEIVED /cmd_vel: linear.x=0.22, angular.z=-0.125
[decoded_serial_node-3] [INFO] [1791537763.688392165] [bw_dr03_decoded_serial_node]: SEND MOTOR CMD: cd eb d7 09 74 46 46 53 53 17 1d 00 00
[decoded_serial_node-3] [INFO] [1791537763.754848498] [bw_dr03_decoded_serial_node]: RECEIVED /cmd_vel: linear.x=0.22, angular.z=-0.125
[decoded_serial_node-3] [INFO] [1791537763.755082399] [bw_dr03_decoded_serial_node]: SEND MOTOR CMD: cd eb d7 09 74 46 46 53 53 17 1d 00 00
[target_tracker-7] [INFO] [1791537763.772988279] [target_tracker_node]: muc tieu: d=2.16m goc=49.0deg nguon=camera+bbox conf=0.55 v=0.83m/s [NGOAI KHUNG HINH]
[decoded_serial_node-3] [INFO] [1791537763.822826966] [bw_dr03_decoded_serial_node]: RECEIVED /cmd_vel: linear.x=0.22, angular.z=-0.125
[decoded_serial_node-3] [INFO] [1791537763.823360070] [bw_dr03_decoded_serial_node]: SEND MOTOR CMD: cd eb d7 09 74 46 46 53 53 17 1d 00 00
[decoded_serial_node-3] [INFO] [1791537763.895552316] [bw_dr03_decoded_serial_node]: RECEIVED /cmd_vel: linear.x=0.22, angular.z=-0.125
[decoded_serial_node-3] [INFO] [1791537763.895807589] [bw_dr03_decoded_serial_node]: SEND MOTOR CMD: cd eb d7 09 74 46 46 53 53 17 1d 00 00
[decoded_serial_node-3] [INFO] [1791537763.955320509] [bw_dr03_decoded_serial_node]: RECEIVED /cmd_vel: linear.x=0.22, angular.z=-0.125
[decoded_serial_node-3] [INFO] [1791537763.955706386] [bw_dr03_decoded_serial_node]: SEND MOTOR CMD: cd eb d7 09 74 46 46 53 53 17 1d 00 00
[decoded_serial_node-3] [INFO] [1791537764.021648612] [bw_dr03_decoded_serial_node]: RECEIVED /cmd_vel: linear.x=0.22, angular.z=-0.125
[decoded_serial_node-3] [INFO] [1791537764.021884887] [bw_dr03_decoded_serial_node]: SEND MOTOR CMD: cd eb d7 09 74 46 46 53 53 17 1d 00 00
[decoded_serial_node-3] [INFO] [1791537764.096092004] [bw_dr03_decoded_serial_node]: RECEIVED /cmd_vel: linear.x=0.22, angular.z=-0.125
[decoded_serial_node-3] [INFO] [1791537764.096319968] [bw_dr03_decoded_serial_node]: SEND MOTOR CMD: cd eb d7 09 74 46 46 53 53 17 1d 00 00
[decoded_serial_node-3] [INFO] [1791537764.155566930] [bw_dr03_decoded_serial_node]: RECEIVED /cmd_vel: linear.x=0.22, angular.z=0.0
[decoded_serial_node-3] [INFO] [1791537764.155829327] [bw_dr03_decoded_serial_node]: SEND MOTOR CMD: cd eb d7 09 74 46 46 53 53 1a 1a 00 00
[decoded_serial_node-3] [INFO] [1791537764.222502937] [bw_dr03_decoded_serial_node]: RECEIVED /cmd_vel: linear.x=0.22, angular.z=0.0
[decoded_serial_node-3] [INFO] [1791537764.222757022] [bw_dr03_decoded_serial_node]: SEND MOTOR CMD: cd eb d7 09 74 46 46 53 53 1a 1a 00 00
[follow_planner-8] [INFO] [1791537764.293207478] [follow_planner_node]: [AVOID] di vong theo ban do (phai, 2.0m duong) | d=2.22m goc=52deg | v=0.220 w=0.000 | thoang=0.14m
[decoded_serial_node-3] [INFO] [1791537764.293476998] [bw_dr03_decoded_serial_node]: RECEIVED /cmd_vel: linear.x=0.22, angular.z=0.0
[decoded_serial_node-3] [INFO] [1791537764.293987543] [bw_dr03_decoded_serial_node]: SEND MOTOR CMD: cd eb d7 09 74 46 46 53 53 1a 1a 00 00
[decoded_serial_node-3] [INFO] [1791537764.362861246] [bw_dr03_decoded_serial_node]: RECEIVED /cmd_vel: linear.x=0.22, angular.z=0.0
[decoded_serial_node-3] [INFO] [1791537764.363383664] [bw_dr03_decoded_serial_node]: SEND MOTOR CMD: cd eb d7 09 74 46 46 53 53 1a 1a 00 00
[decoded_serial_node-3] [INFO] [1791537764.426356417] [bw_dr03_decoded_serial_node]: RECEIVED /cmd_vel: linear.x=0.22, angular.z=0.0
[decoded_serial_node-3] [INFO] [1791537764.426606940] [bw_dr03_decoded_serial_node]: SEND MOTOR CMD: cd eb d7 09 74 46 46 53 53 1a 1a 00 00
[decoded_serial_node-3] [INFO] [1791537764.489386161] [bw_dr03_decoded_serial_node]: RECEIVED /cmd_vel: linear.x=0.22, angular.z=0.0
[decoded_serial_node-3] [INFO] [1791537764.489736419] [bw_dr03_decoded_serial_node]: SEND MOTOR CMD: cd eb d7 09 74 46 46 53 53 1a 1a 00 00
[decoded_serial_node-3] [INFO] [1791537764.554873645] [bw_dr03_decoded_serial_node]: RECEIVED /cmd_vel: linear.x=0.22, angular.z=0.0
[decoded_serial_node-3] [INFO] [1791537764.555113482] [bw_dr03_decoded_serial_node]: SEND MOTOR CMD: cd eb d7 09 74 46 46 53 53 1a 1a 00 00
[decoded_serial_node-3] [INFO] [1791537764.628130911] [bw_dr03_decoded_serial_node]: RECEIVED /cmd_vel: linear.x=0.22, angular.z=0.0
[decoded_serial_node-3] [INFO] [1791537764.628459797] [bw_dr03_decoded_serial_node]: SEND MOTOR CMD: cd eb d7 09 74 46 46 53 53 1a 1a 00 00
[decoded_serial_node-3] [INFO] [1791537764.692141376] [bw_dr03_decoded_serial_node]: RECEIVED /cmd_vel: linear.x=0.22, angular.z=0.0
[decoded_serial_node-3] [INFO] [1791537764.692396648] [bw_dr03_decoded_serial_node]: SEND MOTOR CMD: cd eb d7 09 74 46 46 53 53 1a 1a 00 00
[decoded_serial_node-3] [INFO] [1791537764.754096601] [bw_dr03_decoded_serial_node]: RECEIVED /cmd_vel: linear.x=0.22, angular.z=0.0
[decoded_serial_node-3] [INFO] [1791537764.754404115] [bw_dr03_decoded_serial_node]: SEND MOTOR CMD: cd eb d7 09 74 46 46 53 53 1a 1a 00 00
[target_tracker-7] [INFO] [1791537764.823395362] [target_tracker_node]: muc tieu: d=2.06m goc=53.8deg nguon=camera+bbox conf=0.55 v=0.12m/s [NGOAI KHUNG HINH]
[decoded_serial_node-3] [INFO] [1791537764.828511498] [bw_dr03_decoded_serial_node]: RECEIVED /cmd_vel: linear.x=0.22, angular.z=0.0
[decoded_serial_node-3] [INFO] [1791537764.828857006] [bw_dr03_decoded_serial_node]: SEND MOTOR CMD: cd eb d7 09 74 46 46 53 53 1a 1a 00 00
[decoded_serial_node-3] [INFO] [1791537764.888498156] [bw_dr03_decoded_serial_node]: RECEIVED /cmd_vel: linear.x=0.22, angular.z=0.0
[decoded_serial_node-3] [INFO] [1791537764.888835353] [bw_dr03_decoded_serial_node]: SEND MOTOR CMD: cd eb d7 09 74 46 46 53 53 1a 1a 00 00
[decoded_serial_node-3] [INFO] [1791537764.957498902] [bw_dr03_decoded_serial_node]: RECEIVED /cmd_vel: linear.x=0.22, angular.z=0.0
[decoded_serial_node-3] [INFO] [1791537764.957850347] [bw_dr03_decoded_serial_node]: SEND MOTOR CMD: cd eb d7 09 74 46 46 53 53 1a 1a 00 00
[decoded_serial_node-3] [INFO] [1791537765.026269308] [bw_dr03_decoded_serial_node]: RECEIVED /cmd_vel: linear.x=0.22, angular.z=0.0
[decoded_serial_node-3] [INFO] [1791537765.026606505] [bw_dr03_decoded_serial_node]: SEND MOTOR CMD: cd eb d7 09 74 46 46 53 53 1a 1a 00 00
[decoded_serial_node-3] [INFO] [1791537765.086827065] [bw_dr03_decoded_serial_node]: RECEIVED /cmd_vel: linear.x=0.22, angular.z=0.0
[decoded_serial_node-3] [INFO] [1791537765.087166636] [bw_dr03_decoded_serial_node]: SEND MOTOR CMD: cd eb d7 09 74 46 46 53 53 1a 1a 00 00
[decoded_serial_node-3] [INFO] [1791537765.154418468] [bw_dr03_decoded_serial_node]: RECEIVED /cmd_vel: linear.x=0.22, angular.z=0.0
[decoded_serial_node-3] [INFO] [1791537765.154768726] [bw_dr03_decoded_serial_node]: SEND MOTOR CMD: cd eb d7 09 74 46 46 53 53 1a 1a 00 00
[decoded_serial_node-3] [INFO] [1791537765.227695918] [bw_dr03_decoded_serial_node]: RECEIVED /cmd_vel: linear.x=0.22, angular.z=0.0
[decoded_serial_node-3] [INFO] [1791537765.227928631] [bw_dr03_decoded_serial_node]: SEND MOTOR CMD: cd eb d7 09 74 46 46 53 53 1a 1a 00 00
[decoded_serial_node-3] [INFO] [1791537765.288844956] [bw_dr03_decoded_serial_node]: RECEIVED /cmd_vel: linear.x=0.22, angular.z=0.0
[decoded_serial_node-3] [INFO] [1791537765.289173842] [bw_dr03_decoded_serial_node]: SEND MOTOR CMD: cd eb d7 09 74 46 46 53 53 1a 1a 00 00
[follow_planner-8] [INFO] [1791537765.354679135] [follow_planner_node]: [AVOID] di vong theo ban do (phai, 1.7m duong) | d=2.06m goc=54deg | v=0.220 w=0.000 | thoang=0.15m
[decoded_serial_node-3] [INFO] [1791537765.354804990] [bw_dr03_decoded_serial_node]: RECEIVED /cmd_vel: linear.x=0.22, angular.z=0.0
[decoded_serial_node-3] [INFO] [1791537765.355106568] [bw_dr03_decoded_serial_node]: SEND MOTOR CMD: cd eb d7 09 74 46 46 53 53 1a 1a 00 00
[decoded_serial_node-3] [INFO] [1791537765.427701312] [bw_dr03_decoded_serial_node]: RECEIVED /cmd_vel: linear.x=0.22, angular.z=0.125
[decoded_serial_node-3] [INFO] [1791537765.428304468] [bw_dr03_decoded_serial_node]: SEND MOTOR CMD: cd eb d7 09 74 46 46 53 53 1d 17 00 00
[decoded_serial_node-3] [INFO] [1791537765.487043259] [bw_dr03_decoded_serial_node]: RECEIVED /cmd_vel: linear.x=0.22, angular.z=0.125
[decoded_serial_node-3] [INFO] [1791537765.487278347] [bw_dr03_decoded_serial_node]: SEND MOTOR CMD: cd eb d7 09 74 46 46 53 53 1d 17 00 00
[decoded_serial_node-3] [INFO] [1791537765.555241380] [bw_dr03_decoded_serial_node]: RECEIVED /cmd_vel: linear.x=0.22, angular.z=0.125
[decoded_serial_node-3] [INFO] [1791537765.555516837] [bw_dr03_decoded_serial_node]: SEND MOTOR CMD: cd eb d7 09 74 46 46 53 53 1d 17 00 00
[decoded_serial_node-3] [INFO] [1791537765.628301551] [bw_dr03_decoded_serial_node]: RECEIVED /cmd_vel: linear.x=0.22, angular.z=0.125
[decoded_serial_node-3] [INFO] [1791537765.628636374] [bw_dr03_decoded_serial_node]: SEND MOTOR CMD: cd eb d7 09 74 46 46 53 53 1d 17 00 00
[decoded_serial_node-3] [INFO] [1791537765.690823124] [bw_dr03_decoded_serial_node]: RECEIVED /cmd_vel: linear.x=0.22, angular.z=0.125
[decoded_serial_node-3] [INFO] [1791537765.691064149] [bw_dr03_decoded_serial_node]: SEND MOTOR CMD: cd eb d7 09 74 46 46 53 53 1d 17 00 00
[decoded_serial_node-3] [INFO] [1791537765.756833026] [bw_dr03_decoded_serial_node]: RECEIVED /cmd_vel: linear.x=0.22, angular.z=0.125
[decoded_serial_node-3] [INFO] [1791537765.757468239] [bw_dr03_decoded_serial_node]: SEND MOTOR CMD: cd eb d7 09 74 46 46 53 53 1d 17 00 00
[decoded_serial_node-3] [INFO] [1791537765.831289478] [bw_dr03_decoded_serial_node]: RECEIVED /cmd_vel: linear.x=0.22, angular.z=0.125
[decoded_serial_node-3] [INFO] [1791537765.831550687] [bw_dr03_decoded_serial_node]: SEND MOTOR CMD: cd eb d7 09 74 46 46 53 53 1d 17 00 00
[target_tracker-7] [INFO] [1791537765.872642433] [target_tracker_node]: muc tieu: d=2.04m goc=53.2deg nguon=camera+bbox conf=0.55 v=0.11m/s [NGOAI KHUNG HINH]
[decoded_serial_node-3] [INFO] [1791537765.889761124] [bw_dr03_decoded_serial_node]: RECEIVED /cmd_vel: linear.x=0.22, angular.z=0.125
[decoded_serial_node-3] [INFO] [1791537765.890033019] [bw_dr03_decoded_serial_node]: SEND MOTOR CMD: cd eb d7 09 74 46 46 53 53 1d 17 00 00
[decoded_serial_node-3] [INFO] [1791537765.956159277] [bw_dr03_decoded_serial_node]: RECEIVED /cmd_vel: linear.x=0.22, angular.z=0.125
[decoded_serial_node-3] [INFO] [1791537765.956454918] [bw_dr03_decoded_serial_node]: SEND MOTOR CMD: cd eb d7 09 74 46 46 53 53 1d 17 00 00
[decoded_serial_node-3] [INFO] [1791537766.024237479] [bw_dr03_decoded_serial_node]: RECEIVED /cmd_vel: linear.x=0.22, angular.z=0.125
[decoded_serial_node-3] [INFO] [1791537766.024663725] [bw_dr03_decoded_serial_node]: SEND MOTOR CMD: cd eb d7 09 74 46 46 53 53 1d 17 00 00
[decoded_serial_node-3] [INFO] [1791537766.100449968] [bw_dr03_decoded_serial_node]: RECEIVED /cmd_vel: linear.x=0.22, angular.z=0.125
[decoded_serial_node-3] [INFO] [1791537766.100870277] [bw_dr03_decoded_serial_node]: SEND MOTOR CMD: cd eb d7 09 74 46 46 53 53 1d 17 00 00
[decoded_serial_node-3] [INFO] [1791537766.159036783] [bw_dr03_decoded_serial_node]: RECEIVED /cmd_vel: linear.x=0.22, angular.z=0.25
[decoded_serial_node-3] [INFO] [1791537766.159359732] [bw_dr03_decoded_serial_node]: SEND MOTOR CMD: cd eb d7 09 74 46 46 53 53 21 14 00 00
[decoded_serial_node-3] [INFO] [1791537766.226619875] [bw_dr03_decoded_serial_node]: RECEIVED /cmd_vel: linear.x=0.22, angular.z=0.26875000000000004
[decoded_serial_node-3] [INFO] [1791537766.226958259] [bw_dr03_decoded_serial_node]: SEND MOTOR CMD: cd eb d7 09 74 46 46 53 53 21 14 00 00
[decoded_serial_node-3] [INFO] [1791537766.291158694] [bw_dr03_decoded_serial_node]: RECEIVED /cmd_vel: linear.x=0.22, angular.z=0.2757812500000001
[decoded_serial_node-3] [INFO] [1791537766.291644305] [bw_dr03_decoded_serial_node]: SEND MOTOR CMD: cd eb d7 09 74 46 46 53 53 21 14 00 00
[follow_planner-8] [INFO] [1791537766.365693508] [follow_planner_node]: [AVOID] di vong theo ban do (trai, 1.5m duong) | d=2.10m goc=53deg | v=0.220 w=0.278 | thoang=0.15m
[decoded_serial_node-3] [INFO] [1791537766.366515129] [bw_dr03_decoded_serial_node]: RECEIVED /cmd_vel: linear.x=0.22, angular.z=0.27841796875000013
[decoded_serial_node-3] [INFO] [1791537766.366832142] [bw_dr03_decoded_serial_node]: SEND MOTOR CMD: cd eb d7 09 74 46 46 53 53 21 14 00 00
[decoded_serial_node-3] [INFO] [1791537766.423418333] [bw_dr03_decoded_serial_node]: RECEIVED /cmd_vel: linear.x=0.22, angular.z=0.2794067382812502
[decoded_serial_node-3] [INFO] [1791537766.423717536] [bw_dr03_decoded_serial_node]: SEND MOTOR CMD: cd eb d7 09 74 46 46 53 53 21 14 00 00
[decoded_serial_node-3] [INFO] [1791537766.489446044] [bw_dr03_decoded_serial_node]: RECEIVED /cmd_vel: linear.x=0.22, angular.z=0.27977752685546875
[decoded_serial_node-3] [INFO] [1791537766.489839045] [bw_dr03_decoded_serial_node]: SEND MOTOR CMD: cd eb d7 09 74 46 46 53 53 21 14 00 00
[decoded_serial_node-3] [INFO] [1791537766.555525996] [bw_dr03_decoded_serial_node]: RECEIVED /cmd_vel: linear.x=0.22, angular.z=0.2799165725708008
[decoded_serial_node-3] [INFO] [1791537766.555916623] [bw_dr03_decoded_serial_node]: SEND MOTOR CMD: cd eb d7 09 74 46 46 53 53 21 14 00 00
[decoded_serial_node-3] [INFO] [1791537766.628769013] [bw_dr03_decoded_serial_node]: RECEIVED /cmd_vel: linear.x=0.22, angular.z=0.2799687147140504
[decoded_serial_node-3] [INFO] [1791537766.629004101] [bw_dr03_decoded_serial_node]: SEND MOTOR CMD: cd eb d7 09 74 46 46 53 53 21 14 00 00
[decoded_serial_node-3] [INFO] [1791537766.690423847] [bw_dr03_decoded_serial_node]: RECEIVED /cmd_vel: linear.x=0.22, angular.z=0.279988268017769
[decoded_serial_node-3] [INFO] [1791537766.690793102] [bw_dr03_decoded_serial_node]: SEND MOTOR CMD: cd eb d7 09 74 46 46 53 53 21 14 00 00
[decoded_serial_node-3] [INFO] [1791537766.754367822] [bw_dr03_decoded_serial_node]: RECEIVED /cmd_vel: linear.x=0.22, angular.z=0.2799956005066635
[decoded_serial_node-3] [INFO] [1791537766.754905675] [bw_dr03_decoded_serial_node]: SEND MOTOR CMD: cd eb d7 09 74 46 46 53 53 21 14 00 00
[decoded_serial_node-3] [INFO] [1791537766.828483515] [bw_dr03_decoded_serial_node]: RECEIVED /cmd_vel: linear.x=0.22, angular.z=0.27999835018999875
[decoded_serial_node-3] [INFO] [1791537766.828730476] [bw_dr03_decoded_serial_node]: SEND MOTOR CMD: cd eb d7 09 74 46 46 53 53 21 14 00 00
[decoded_serial_node-3] [INFO] [1791537766.887356472] [bw_dr03_decoded_serial_node]: RECEIVED /cmd_vel: linear.x=0.22, angular.z=0.2799993813212496
[decoded_serial_node-3] [INFO] [1791537766.887707917] [bw_dr03_decoded_serial_node]: SEND MOTOR CMD: cd eb d7 09 74 46 46 53 53 21 14 00 00
[target_tracker-7] [INFO] [1791537766.923550548] [target_tracker_node]: muc tieu: d=2.30m goc=48.4deg nguon=camera+bbox conf=0.55 v=0.43m/s [NGOAI KHUNG HINH]
[decoded_serial_node-3] [INFO] [1791537766.956699163] [bw_dr03_decoded_serial_node]: RECEIVED /cmd_vel: linear.x=0.22, angular.z=0.27999976799546866
[decoded_serial_node-3] [INFO] [1791537766.956937813] [bw_dr03_decoded_serial_node]: SEND MOTOR CMD: cd eb d7 09 74 46 46 53 53 21 14 00 00
[decoded_serial_node-3] [INFO] [1791537767.028805921] [bw_dr03_decoded_serial_node]: RECEIVED /cmd_vel: linear.x=0.22, angular.z=0.27999991299830085
[decoded_serial_node-3] [INFO] [1791537767.029276097] [bw_dr03_decoded_serial_node]: SEND MOTOR CMD: cd eb d7 09 74 46 46 53 53 21 14 00 00
[decoded_serial_node-3] [INFO] [1791537767.088997983] [bw_dr03_decoded_serial_node]: RECEIVED /cmd_vel: linear.x=0.22, angular.z=0.27999996737436295
[decoded_serial_node-3] [INFO] [1791537767.089231884] [bw_dr03_decoded_serial_node]: SEND MOTOR CMD: cd eb d7 09 74 46 46 53 53 21 14 00 00
[decoded_serial_node-3] [INFO] [1791537767.155440066] [bw_dr03_decoded_serial_node]: RECEIVED /cmd_vel: linear.x=0.22, angular.z=0.27999998776538604
[decoded_serial_node-3] [INFO] [1791537767.156057469] [bw_dr03_decoded_serial_node]: SEND MOTOR CMD: cd eb d7 09 74 46 46 53 53 21 14 00 00
[decoded_serial_node-3] [INFO] [1791537767.223109832] [bw_dr03_decoded_serial_node]: RECEIVED /cmd_vel: linear.x=0.22, angular.z=0.2799999954120198
[decoded_serial_node-3] [INFO] [1791537767.223439905] [bw_dr03_decoded_serial_node]: SEND MOTOR CMD: cd eb d7 09 74 46 46 53 53 21 14 00 00
[decoded_serial_node-3] [INFO] [1791537767.293950912] [bw_dr03_decoded_serial_node]: RECEIVED /cmd_vel: linear.x=0.22, angular.z=0.2799999982795074
[decoded_serial_node-3] [INFO] [1791537767.294315418] [bw_dr03_decoded_serial_node]: SEND MOTOR CMD: cd eb d7 09 74 46 46 53 53 21 14 00 00
[follow_planner-8] [INFO] [1791537767.356721821] [follow_planner_node]: [AVOID] di vong theo ban do (trai, 1.6m duong) | d=2.31m goc=44deg | v=0.220 w=0.280 | thoang=0.17m
[decoded_serial_node-3] [INFO] [1791537767.357240677] [bw_dr03_decoded_serial_node]: RECEIVED /cmd_vel: linear.x=0.22, angular.z=0.27999999935481523
[decoded_serial_node-3] [INFO] [1791537767.357735787] [bw_dr03_decoded_serial_node]: SEND MOTOR CMD: cd eb d7 09 74 46 46 53 53 21 14 00 00
[decoded_serial_node-3] [INFO] [1791537767.420820146] [bw_dr03_decoded_serial_node]: RECEIVED /cmd_vel: linear.x=0.22, angular.z=0.2799999997580558
[decoded_serial_node-3] [INFO] [1791537767.421337815] [bw_dr03_decoded_serial_node]: SEND MOTOR CMD: cd eb d7 09 74 46 46 53 53 21 14 00 00
[decoded_serial_node-3] [INFO] [1791537767.488494660] [bw_dr03_decoded_serial_node]: RECEIVED /cmd_vel: linear.x=0.22, angular.z=0.27999999990927105
[decoded_serial_node-3] [INFO] [1791537767.488753495] [bw_dr03_decoded_serial_node]: SEND MOTOR CMD: cd eb d7 09 74 46 46 53 53 21 14 00 00
[decoded_serial_node-3] [INFO] [1791537767.562820507] [bw_dr03_decoded_serial_node]: RECEIVED /cmd_vel: linear.x=0.22, angular.z=0.2799999999659766
[decoded_serial_node-3] [INFO] [1791537767.563044910] [bw_dr03_decoded_serial_node]: SEND MOTOR CMD: cd eb d7 09 74 46 46 53 53 21 14 00 00
[decoded_serial_node-3] [INFO] [1791537767.621098620] [bw_dr03_decoded_serial_node]: RECEIVED /cmd_vel: linear.x=0.22, angular.z=0.2799999999872411
[decoded_serial_node-3] [INFO] [1791537767.621465500] [bw_dr03_decoded_serial_node]: SEND MOTOR CMD: cd eb d7 09 74 46 46 53 53 21 14 00 00
[decoded_serial_node-3] [INFO] [1791537767.696798189] [bw_dr03_decoded_serial_node]: RECEIVED /cmd_vel: linear.x=0.22, angular.z=0.2799999999952154
[decoded_serial_node-3] [INFO] [1791537767.698758444] [bw_dr03_decoded_serial_node]: SEND MOTOR CMD: cd eb d7 09 74 46 46 53 53 21 14 00 00
[decoded_serial_node-3] [INFO] [1791537767.756416779] [bw_dr03_decoded_serial_node]: RECEIVED /cmd_vel: linear.x=0.22, angular.z=0.2799999999982057
[decoded_serial_node-3] [INFO] [1791537767.756664928] [bw_dr03_decoded_serial_node]: SEND MOTOR CMD: cd eb d7 09 74 46 46 53 53 21 14 00 00
[decoded_serial_node-3] [INFO] [1791537767.820192155] [bw_dr03_decoded_serial_node]: RECEIVED /cmd_vel: linear.x=0.22, angular.z=0.159999999999215
[decoded_serial_node-3] [INFO] [1791537767.820429618] [bw_dr03_decoded_serial_node]: SEND MOTOR CMD: cd eb d7 09 74 46 46 53 53 1e 17 00 00
[decoded_serial_node-3] [INFO] [1791537767.898129810] [bw_dr03_decoded_serial_node]: RECEIVED /cmd_vel: linear.x=0.22, angular.z=0.25
[decoded_serial_node-3] [INFO] [1791537767.898694972] [bw_dr03_decoded_serial_node]: SEND MOTOR CMD: cd eb d7 09 74 46 46 53 53 21 14 00 00
[decoded_serial_node-3] [INFO] [1791537767.954676820] [bw_dr03_decoded_serial_node]: RECEIVED /cmd_vel: linear.x=0.22, angular.z=0.26875000000000004
[decoded_serial_node-3] [INFO] [1791537767.955347652] [bw_dr03_decoded_serial_node]: SEND MOTOR CMD: cd eb d7 09 74 46 46 53 53 21 14 00 00
[target_tracker-7] [INFO] [1791537767.972487715] [target_tracker_node]: muc tieu: d=3.94m goc=33.3deg nguon=camera+lidar conf=0.98 v=0.97m/s [NGOAI KHUNG HINH]
[decoded_serial_node-3] [INFO] [1791537768.022185110] [bw_dr03_decoded_serial_node]: RECEIVED /cmd_vel: linear.x=0.22, angular.z=0.2757812500000001
[decoded_serial_node-3] [INFO] [1791537768.022414262] [bw_dr03_decoded_serial_node]: SEND MOTOR CMD: cd eb d7 09 74 46 46 53 53 21 14 00 00
[decoded_serial_node-3] [INFO] [1791537768.086856908] [bw_dr03_decoded_serial_node]: RECEIVED /cmd_vel: linear.x=0.22, angular.z=0.15815429687500004
[decoded_serial_node-3] [INFO] [1791537768.087096745] [bw_dr03_decoded_serial_node]: SEND MOTOR CMD: cd eb d7 09 74 46 46 53 53 1e 17 00 00
[decoded_serial_node-3] [INFO] [1791537768.164722136] [bw_dr03_decoded_serial_node]: RECEIVED /cmd_vel: linear.x=0.22, angular.z=0.125
[decoded_serial_node-3] [INFO] [1791537768.164972660] [bw_dr03_decoded_serial_node]: SEND MOTOR CMD: cd eb d7 09 74 46 46 53 53 1d 17 00 00
[decoded_serial_node-3] [INFO] [1791537768.221238275] [bw_dr03_decoded_serial_node]: RECEIVED /cmd_vel: linear.x=0.22, angular.z=0.125
[decoded_serial_node-3] [INFO] [1791537768.221780878] [bw_dr03_decoded_serial_node]: SEND MOTOR CMD: cd eb d7 09 74 46 46 53 53 1d 17 00 00
[decoded_serial_node-3] [INFO] [1791537768.290081106] [bw_dr03_decoded_serial_node]: RECEIVED /cmd_vel: linear.x=0.22, angular.z=0.125
[decoded_serial_node-3] [INFO] [1791537768.290405243] [bw_dr03_decoded_serial_node]: SEND MOTOR CMD: cd eb d7 09 74 46 46 53 53 1d 17 00 00
[decoded_serial_node-3] [INFO] [1791537768.353829173] [bw_dr03_decoded_serial_node]: RECEIVED /cmd_vel: linear.x=0.22, angular.z=0.125
[decoded_serial_node-3] [INFO] [1791537768.354069011] [bw_dr03_decoded_serial_node]: SEND MOTOR CMD: cd eb d7 09 74 46 46 53 53 1d 17 00 00
[follow_planner-8] [INFO] [1791537768.432781982] [follow_planner_node]: [AVOID] di vong theo ban do (trai, 3.3m duong) | d=3.79m goc=30deg | v=0.220 w=0.125 | thoang=0.18m
[decoded_serial_node-3] [INFO] [1791537768.432781982] [bw_dr03_decoded_serial_node]: RECEIVED /cmd_vel: linear.x=0.22, angular.z=0.125
[decoded_serial_node-3] [INFO] [1791537768.433018257] [bw_dr03_decoded_serial_node]: SEND MOTOR CMD: cd eb d7 09 74 46 46 53 53 1d 17 00 00
[decoded_serial_node-3] [INFO] [1791537768.489435849] [bw_dr03_decoded_serial_node]: RECEIVED /cmd_vel: linear.x=0.22, angular.z=0.125
[decoded_serial_node-3] [INFO] [1791537768.489687559] [bw_dr03_decoded_serial_node]: SEND MOTOR CMD: cd eb d7 09 74 46 46 53 53 1d 17 00 00
[decoded_serial_node-3] [INFO] [1791537768.554263184] [bw_dr03_decoded_serial_node]: RECEIVED /cmd_vel: linear.x=0.22, angular.z=0.125
[decoded_serial_node-3] [INFO] [1791537768.554603943] [bw_dr03_decoded_serial_node]: SEND MOTOR CMD: cd eb d7 09 74 46 46 53 53 1d 17 00 00
[decoded_serial_node-3] [INFO] [1791537768.637186370] [bw_dr03_decoded_serial_node]: RECEIVED /cmd_vel: linear.x=0.22, angular.z=0.125
[decoded_serial_node-3] [INFO] [1791537768.637417896] [bw_dr03_decoded_serial_node]: SEND MOTOR CMD: cd eb d7 09 74 46 46 53 53 1d 17 00 00
[decoded_serial_node-3] [INFO] [1791537768.687193654] [bw_dr03_decoded_serial_node]: RECEIVED /cmd_vel: linear.x=0.22, angular.z=0.125
[decoded_serial_node-3] [INFO] [1791537768.687437054] [bw_dr03_decoded_serial_node]: SEND MOTOR CMD: cd eb d7 09 74 46 46 53 53 1d 17 00 00
[decoded_serial_node-3] [INFO] [1791537768.744969533] [bw_dr03_decoded_serial_node]: RECEIVED /cmd_vel: linear.x=0.21273182248349823, angular.z=0.28500000000000003
[decoded_serial_node-3] [INFO] [1791537768.745203434] [bw_dr03_decoded_serial_node]: SEND MOTOR CMD: cd eb d7 09 74 46 46 53 53 21 13 00 00
[decoded_serial_node-3] [INFO] [1791537768.821528717] [bw_dr03_decoded_serial_node]: RECEIVED /cmd_vel: linear.x=0.22, angular.z=0.16218750000000004
[decoded_serial_node-3] [INFO] [1791537768.821820796] [bw_dr03_decoded_serial_node]: SEND MOTOR CMD: cd eb d7 09 74 46 46 53 53 1e 16 00 00
[decoded_serial_node-3] [INFO] [1791537768.903283586] [bw_dr03_decoded_serial_node]: RECEIVED /cmd_vel: linear.x=0.22, angular.z=0.125
[decoded_serial_node-3] [INFO] [1791537768.903626719] [bw_dr03_decoded_serial_node]: SEND MOTOR CMD: cd eb d7 09 74 46 46 53 53 1d 17 00 00
[decoded_serial_node-3] [INFO] [1791537768.958875994] [bw_dr03_decoded_serial_node]: RECEIVED /cmd_vel: linear.x=0.22, angular.z=0.125
[decoded_serial_node-3] [INFO] [1791537768.959449467] [bw_dr03_decoded_serial_node]: SEND MOTOR CMD: cd eb d7 09 74 46 46 53 53 1d 17 00 00
[target_tracker-7] [INFO] [1791537768.973039461] [target_tracker_node]: muc tieu: d=3.65m goc=26.4deg nguon=camera+lidar conf=0.98 v=0.06m/s 
[decoded_serial_node-3] [INFO] [1791537769.021832123] [bw_dr03_decoded_serial_node]: RECEIVED /cmd_vel: linear.x=0.22, angular.z=0.0
[decoded_serial_node-3] [INFO] [1791537769.022074335] [bw_dr03_decoded_serial_node]: SEND MOTOR CMD: cd eb d7 09 74 46 46 53 53 1a 1a 00 00
[decoded_serial_node-3] [INFO] [1791537769.099713974] [bw_dr03_decoded_serial_node]: RECEIVED /cmd_vel: linear.x=0.22, angular.z=0.125
[decoded_serial_node-3] [INFO] [1791537769.099944313] [bw_dr03_decoded_serial_node]: SEND MOTOR CMD: cd eb d7 09 74 46 46 53 53 1d 17 00 00
[decoded_serial_node-3] [INFO] [1791537769.154668794] [bw_dr03_decoded_serial_node]: RECEIVED /cmd_vel: linear.x=0.22, angular.z=0.0
[decoded_serial_node-3] [INFO] [1791537769.155213771] [bw_dr03_decoded_serial_node]: SEND MOTOR CMD: cd eb d7 09 74 46 46 53 53 1a 1a 00 00
[decoded_serial_node-3] [INFO] [1791537769.222064289] [bw_dr03_decoded_serial_node]: RECEIVED /cmd_vel: linear.x=0.22, angular.z=0.0
[decoded_serial_node-3] [INFO] [1791537769.222628263] [bw_dr03_decoded_serial_node]: SEND MOTOR CMD: cd eb d7 09 74 46 46 53 53 1a 1a 00 00
[decoded_serial_node-3] [INFO] [1791537769.287706122] [bw_dr03_decoded_serial_node]: RECEIVED /cmd_vel: linear.x=0.22, angular.z=0.0
[decoded_serial_node-3] [INFO] [1791537769.288252286] [bw_dr03_decoded_serial_node]: SEND MOTOR CMD: cd eb d7 09 74 46 46 53 53 1a 1a 00 00
[decoded_serial_node-3] [INFO] [1791537769.364315172] [bw_dr03_decoded_serial_node]: RECEIVED /cmd_vel: linear.x=0.22, angular.z=0.0
[decoded_serial_node-3] [INFO] [1791537769.364563321] [bw_dr03_decoded_serial_node]: SEND MOTOR CMD: cd eb d7 09 74 46 46 53 53 1a 1a 00 00
[follow_planner-8] [INFO] [1791537769.422087488] [follow_planner_node]: [AVOID] di vong theo ban do (trai, 3.0m duong) | d=3.61m goc=25deg | v=0.220 w=0.000 | thoang=0.19m
[decoded_serial_node-3] [INFO] [1791537769.422134981] [bw_dr03_decoded_serial_node]: RECEIVED /cmd_vel: linear.x=0.22, angular.z=0.0
[decoded_serial_node-3] [INFO] [1791537769.422373631] [bw_dr03_decoded_serial_node]: SEND MOTOR CMD: cd eb d7 09 74 46 46 53 53 1a 1a 00 00
[decoded_serial_node-3] [INFO] [1791537769.488949879] [bw_dr03_decoded_serial_node]: RECEIVED /cmd_vel: linear.x=0.22, angular.z=0.0
[decoded_serial_node-3] [INFO] [1791537769.489300137] [bw_dr03_decoded_serial_node]: SEND MOTOR CMD: cd eb d7 09 74 46 46 53 53 1a 1a 00 00
[decoded_serial_node-3] [INFO] [1791537769.555543938] [bw_dr03_decoded_serial_node]: RECEIVED /cmd_vel: linear.x=0.22, angular.z=0.0
[decoded_serial_node-3] [INFO] [1791537769.556157779] [bw_dr03_decoded_serial_node]: SEND MOTOR CMD: cd eb d7 09 74 46 46 53 53 1a 1a 00 00
[decoded_serial_node-3] [INFO] [1791537769.634626163] [bw_dr03_decoded_serial_node]: RECEIVED /cmd_vel: linear.x=0.22, angular.z=0.0
[decoded_serial_node-3] [INFO] [1791537769.634876686] [bw_dr03_decoded_serial_node]: SEND MOTOR CMD: cd eb d7 09 74 46 46 53 53 1a 1a 00 00
[decoded_serial_node-3] [INFO] [1791537769.688049348] [bw_dr03_decoded_serial_node]: RECEIVED /cmd_vel: linear.x=0.22, angular.z=0.0
[decoded_serial_node-3] [INFO] [1791537769.688366361] [bw_dr03_decoded_serial_node]: SEND MOTOR CMD: cd eb d7 09 74 46 46 53 53 1a 1a 00 00
[decoded_serial_node-3] [INFO] [1791537769.755328487] [bw_dr03_decoded_serial_node]: RECEIVED /cmd_vel: linear.x=0.22, angular.z=0.0
[decoded_serial_node-3] [INFO] [1791537769.755579010] [bw_dr03_decoded_serial_node]: SEND MOTOR CMD: cd eb d7 09 74 46 46 53 53 1a 1a 00 00
[decoded_serial_node-3] [INFO] [1791537769.834574561] [bw_dr03_decoded_serial_node]: RECEIVED /cmd_vel: linear.x=0.22, angular.z=0.0
[decoded_serial_node-3] [INFO] [1791537769.834833395] [bw_dr03_decoded_serial_node]: SEND MOTOR CMD: cd eb d7 09 74 46 46 53 53 1a 1a 00 00
[decoded_serial_node-3] [INFO] [1791537769.887126258] [bw_dr03_decoded_serial_node]: RECEIVED /cmd_vel: linear.x=0.22, angular.z=0.0
[decoded_serial_node-3] [INFO] [1791537769.887377969] [bw_dr03_decoded_serial_node]: SEND MOTOR CMD: cd eb d7 09 74 46 46 53 53 1a 1a 00 00
[decoded_serial_node-3] [INFO] [1791537769.953125472] [bw_dr03_decoded_serial_node]: RECEIVED /cmd_vel: linear.x=0.22, angular.z=0.0
[decoded_serial_node-3] [INFO] [1791537769.953370059] [bw_dr03_decoded_serial_node]: SEND MOTOR CMD: cd eb d7 09 74 46 46 53 53 1a 1a 00 00
[target_tracker-7] [INFO] [1791537769.973066408] [target_tracker_node]: muc tieu: d=3.56m goc=27.7deg nguon=camera+lidar conf=1.00 v=0.22m/s 
[decoded_serial_node-3] [INFO] [1791537770.020981645] [bw_dr03_decoded_serial_node]: RECEIVED /cmd_vel: linear.x=0.22, angular.z=0.0
[decoded_serial_node-3] [INFO] [1791537770.021220295] [bw_dr03_decoded_serial_node]: SEND MOTOR CMD: cd eb d7 09 74 46 46 53 53 1a 1a 00 00
[decoded_serial_node-3] [INFO] [1791537770.097381727] [bw_dr03_decoded_serial_node]: RECEIVED /cmd_vel: linear.x=0.22, angular.z=0.0
[decoded_serial_node-3] [INFO] [1791537770.097620377] [bw_dr03_decoded_serial_node]: SEND MOTOR CMD: cd eb d7 09 74 46 46 53 53 1a 1a 00 00
[decoded_serial_node-3] [INFO] [1791537770.144183264] [bw_dr03_decoded_serial_node]: RECEIVED /cmd_vel: linear.x=0.2137214670460509, angular.z=0.16
[decoded_serial_node-3] [INFO] [1791537770.144445660] [bw_dr03_decoded_serial_node]: SEND MOTOR CMD: cd eb d7 09 74 46 46 53 53 1e 16 00 00
[decoded_serial_node-3] [INFO] [1791537770.211222564] [bw_dr03_decoded_serial_node]: RECEIVED /cmd_vel: linear.x=0.2137214670460509, angular.z=0.32
[decoded_serial_node-3] [INFO] [1791537770.211559761] [bw_dr03_decoded_serial_node]: SEND MOTOR CMD: cd eb d7 09 74 46 46 53 53 21 12 00 00
[decoded_serial_node-3] [INFO] [1791537770.289117475] [bw_dr03_decoded_serial_node]: RECEIVED /cmd_vel: linear.x=0.21335079747057717, angular.z=0.48
[decoded_serial_node-3] [INFO] [1791537770.289533035] [bw_dr03_decoded_serial_node]: SEND MOTOR CMD: cd eb d7 09 74 46 46 53 53 25 0e 00 00
[decoded_serial_node-3] [INFO] [1791537770.344353688] [bw_dr03_decoded_serial_node]: RECEIVED /cmd_vel: linear.x=0.21331704614151184, angular.z=0.49422355617632346
[decoded_serial_node-3] [INFO] [1791537770.344755000] [bw_dr03_decoded_serial_node]: SEND MOTOR CMD: cd eb d7 09 74 46 46 53 53 26 0e 00 00
[follow_planner-8] [INFO] [1791537770.421443600] [follow_planner_node]: [AVOID] di vong theo ban do (trai, 2.8m duong) | d=3.47m goc=28deg | v=0.220 w=0.334 | thoang=0.24m
[decoded_serial_node-3] [INFO] [1791537770.421563519] [bw_dr03_decoded_serial_node]: RECEIVED /cmd_vel: linear.x=0.22, angular.z=0.3342235561763235
[decoded_serial_node-3] [INFO] [1791537770.421830665] [bw_dr03_decoded_serial_node]: SEND MOTOR CMD: cd eb d7 09 74 46 46 53 53 23 12 00 00
[decoded_serial_node-3] [INFO] [1791537770.489230908] [bw_dr03_decoded_serial_node]: RECEIVED /cmd_vel: linear.x=0.21583243472048316, angular.z=0.38990862270294036
[decoded_serial_node-3] [INFO] [1791537770.489879182] [bw_dr03_decoded_serial_node]: SEND MOTOR CMD: cd eb d7 09 74 46 46 53 53 23 10 00 00
[decoded_serial_node-3] [INFO] [1791537770.544705772] [bw_dr03_decoded_serial_node]: RECEIVED /cmd_vel: linear.x=0.21639674930914418, angular.z=0.36247281018236355
[decoded_serial_node-3] [INFO] [1791537770.545222254] [bw_dr03_decoded_serial_node]: SEND MOTOR CMD: cd eb d7 09 74 46 46 53 53 23 11 00 00
[decoded_serial_node-3] [INFO] [1791537770.611457742] [bw_dr03_decoded_serial_node]: RECEIVED /cmd_vel: linear.x=0.21639674930914418, angular.z=0.36247281018236355
[decoded_serial_node-3] [INFO] [1791537770.611836496] [bw_dr03_decoded_serial_node]: SEND MOTOR CMD: cd eb d7 09 74 46 46 53 53 23 11 00 00
[decoded_serial_node-3] [INFO] [1791537770.679738973] [bw_dr03_decoded_serial_node]: RECEIVED /cmd_vel: linear.x=0.21746831746079234, angular.z=0.3037075814637584
[decoded_serial_node-3] [INFO] [1791537770.680088043] [bw_dr03_decoded_serial_node]: SEND MOTOR CMD: cd eb d7 09 74 46 46 53 53 22 13 00 00
[decoded_serial_node-3] [INFO] [1791537770.786336008] [bw_dr03_decoded_serial_node]: RECEIVED /cmd_vel: linear.x=0.22, angular.z=0.14370758146375842
[decoded_serial_node-3] [INFO] [1791537770.786674393] [bw_dr03_decoded_serial_node]: SEND MOTOR CMD: cd eb d7 09 74 46 46 53 53 1e 17 00 00
[decoded_serial_node-3] [INFO] [1791537770.825068560] [bw_dr03_decoded_serial_node]: RECEIVED /cmd_vel: linear.x=0.22, angular.z=0.0
[decoded_serial_node-3] [INFO] [1791537770.825529237] [bw_dr03_decoded_serial_node]: SEND MOTOR CMD: cd eb d7 09 74 46 46 53 53 1a 1a 00 00
[decoded_serial_node-3] [INFO] [1791537770.889508830] [bw_dr03_decoded_serial_node]: RECEIVED /cmd_vel: linear.x=0.22, angular.z=0.0
[decoded_serial_node-3] [INFO] [1791537770.889889958] [bw_dr03_decoded_serial_node]: SEND MOTOR CMD: cd eb d7 09 74 46 46 53 53 1a 1a 00 00
[decoded_serial_node-3] [INFO] [1791537770.970039577] [bw_dr03_decoded_serial_node]: RECEIVED /cmd_vel: linear.x=0.22, angular.z=0.0
[decoded_serial_node-3] [INFO] [1791537770.970721096] [bw_dr03_decoded_serial_node]: SEND MOTOR CMD: cd eb d7 09 74 46 46 53 53 1a 1a 00 00
[decoded_serial_node-3] [INFO] [1791537771.012275892] [bw_dr03_decoded_serial_node]: RECEIVED /cmd_vel: linear.x=0.21966625445499244, angular.z=0.11017836160456036
[decoded_serial_node-3] [INFO] [1791537771.012548974] [bw_dr03_decoded_serial_node]: SEND MOTOR CMD: cd eb d7 09 74 46 46 53 53 1d 18 00 00
[target_tracker-7] [INFO] [1791537771.022344313] [target_tracker_node]: muc tieu: d=3.37m goc=17.1deg nguon=camera+lidar conf=0.98 v=0.05m/s 
[follow_planner-8] [INFO] [1791537771.037294969] [follow_planner_node]: self-filter: bo 16/214 tia dap vao than xe
[decoded_serial_node-3] [INFO] [1791537771.077204148] [bw_dr03_decoded_serial_node]: RECEIVED /cmd_vel: linear.x=0.2196778623003546, angular.z=0.1082448984373112
[decoded_serial_node-3] [INFO] [1791537771.077569841] [bw_dr03_decoded_serial_node]: SEND MOTOR CMD: cd eb d7 09 74 46 46 53 53 1d 18 00 00
[decoded_serial_node-3] [INFO] [1791537771.143794643] [bw_dr03_decoded_serial_node]: RECEIVED /cmd_vel: linear.x=0.21968489293511387, angular.z=0.10705687786362848
[decoded_serial_node-3] [INFO] [1791537771.144081973] [bw_dr03_decoded_serial_node]: SEND MOTOR CMD: cd eb d7 09 74 46 46 53 53 1d 18 00 00
[decoded_serial_node-3] [INFO] [1791537771.224262462] [bw_dr03_decoded_serial_node]: RECEIVED /cmd_vel: linear.x=0.21968489293511387, angular.z=0.10705687786362848
[decoded_serial_node-3] [INFO] [1791537771.224503487] [bw_dr03_decoded_serial_node]: SEND MOTOR CMD: cd eb d7 09 74 46 46 53 53 1d 18 00 00
[decoded_serial_node-3] [INFO] [1791537771.276728673] [bw_dr03_decoded_serial_node]: RECEIVED /cmd_vel: linear.x=0.21971535145278098, angular.z=0.10175013081560318
[decoded_serial_node-3] [INFO] [1791537771.276972072] [bw_dr03_decoded_serial_node]: SEND MOTOR CMD: cd eb d7 09 74 46 46 53 53 1d 18 00 00
[decoded_serial_node-3] [INFO] [1791537771.343410591] [bw_dr03_decoded_serial_node]: RECEIVED /cmd_vel: linear.x=0.21998076549856452, angular.z=0.0
[decoded_serial_node-3] [INFO] [1791537771.344011372] [bw_dr03_decoded_serial_node]: SEND MOTOR CMD: cd eb d7 09 74 46 46 53 53 1a 1a 00 00
[decoded_serial_node-3] [INFO] [1791537771.419576772] [bw_dr03_decoded_serial_node]: RECEIVED /cmd_vel: linear.x=0.21998076549856452, angular.z=0.0
[decoded_serial_node-3] [INFO] [1791537771.419987583] [bw_dr03_decoded_serial_node]: SEND MOTOR CMD: cd eb d7 09 74 46 46 53 53 1a 1a 00 00
[follow_planner-8] [INFO] [1791537771.484157145] [follow_planner_node]: [AVOID] di vong theo ban do (trai, 2.5m duong) | d=3.29m goc=15deg | v=0.220 w=0.000 | thoang=0.34m
[decoded_serial_node-3] [INFO] [1791537771.484737742] [bw_dr03_decoded_serial_node]: RECEIVED /cmd_vel: linear.x=0.22, angular.z=0.0
[decoded_serial_node-3] [INFO] [1791537771.484995389] [bw_dr03_decoded_serial_node]: SEND MOTOR CMD: cd eb d7 09 74 46 46 53 53 1a 1a 00 00
[decoded_serial_node-3] [INFO] [1791537771.552266215] [bw_dr03_decoded_serial_node]: RECEIVED /cmd_vel: linear.x=0.22, angular.z=0.0
[decoded_serial_node-3] [INFO] [1791537771.552525049] [bw_dr03_decoded_serial_node]: SEND MOTOR CMD: cd eb d7 09 74 46 46 53 53 1a 1a 00 00
[decoded_serial_node-3] [INFO] [1791537771.620571192] [bw_dr03_decoded_serial_node]: RECEIVED /cmd_vel: linear.x=0.22, angular.z=0.0
[decoded_serial_node-3] [INFO] [1791537771.620826464] [bw_dr03_decoded_serial_node]: SEND MOTOR CMD: cd eb d7 09 74 46 46 53 53 1a 1a 00 00
[decoded_serial_node-3] [INFO] [1791537771.706963707] [bw_dr03_decoded_serial_node]: RECEIVED /cmd_vel: linear.x=0.22, angular.z=0.0
[decoded_serial_node-3] [INFO] [1791537771.707216604] [bw_dr03_decoded_serial_node]: SEND MOTOR CMD: cd eb d7 09 74 46 46 53 53 1a 1a 00 00
[decoded_serial_node-3] [INFO] [1791537771.754757837] [bw_dr03_decoded_serial_node]: RECEIVED /cmd_vel: linear.x=0.22, angular.z=0.0
[decoded_serial_node-3] [INFO] [1791537771.755020233] [bw_dr03_decoded_serial_node]: SEND MOTOR CMD: cd eb d7 09 74 46 46 53 53 1a 1a 00 00
[decoded_serial_node-3] [INFO] [1791537771.821900433] [bw_dr03_decoded_serial_node]: RECEIVED /cmd_vel: linear.x=0.22, angular.z=0.0
[decoded_serial_node-3] [INFO] [1791537771.822560580] [bw_dr03_decoded_serial_node]: SEND MOTOR CMD: cd eb d7 09 74 46 46 53 53 1a 1a 00 00
[decoded_serial_node-3] [INFO] [1791537771.887324986] [bw_dr03_decoded_serial_node]: RECEIVED /cmd_vel: linear.x=0.22, angular.z=0.0
[decoded_serial_node-3] [INFO] [1791537771.887615878] [bw_dr03_decoded_serial_node]: SEND MOTOR CMD: cd eb d7 09 74 46 46 53 53 1a 1a 00 00
[decoded_serial_node-3] [INFO] [1791537771.975579210] [bw_dr03_decoded_serial_node]: RECEIVED /cmd_vel: linear.x=0.22, angular.z=0.0
[decoded_serial_node-3] [INFO] [1791537771.975887911] [bw_dr03_decoded_serial_node]: SEND MOTOR CMD: cd eb d7 09 74 46 46 53 53 1a 1a 00 00
[target_tracker-7] [INFO] [1791537772.023031393] [target_tracker_node]: muc tieu: d=3.18m goc=15.9deg nguon=camera+lidar conf=0.98 v=0.02m/s 
[decoded_serial_node-3] [INFO] [1791537772.026466292] [bw_dr03_decoded_serial_node]: RECEIVED /cmd_vel: linear.x=0.22, angular.z=0.0
[decoded_serial_node-3] [INFO] [1791537772.026758371] [bw_dr03_decoded_serial_node]: SEND MOTOR CMD: cd eb d7 09 74 46 46 53 53 1a 1a 00 00
[decoded_serial_node-3] [INFO] [1791537772.087535778] [bw_dr03_decoded_serial_node]: RECEIVED /cmd_vel: linear.x=0.22, angular.z=0.0
[decoded_serial_node-3] [INFO] [1791537772.087887223] [bw_dr03_decoded_serial_node]: SEND MOTOR CMD: cd eb d7 09 74 46 46 53 53 1a 1a 00 00
[decoded_serial_node-3] [INFO] [1791537772.155543925] [bw_dr03_decoded_serial_node]: RECEIVED /cmd_vel: linear.x=0.22, angular.z=0.0
[decoded_serial_node-3] [INFO] [1791537772.155895370] [bw_dr03_decoded_serial_node]: SEND MOTOR CMD: cd eb d7 09 74 46 46 53 53 1a 1a 00 00
[decoded_serial_node-3] [INFO] [1791537772.220328516] [bw_dr03_decoded_serial_node]: RECEIVED /cmd_vel: linear.x=0.2199778571706331, angular.z=0.0
[decoded_serial_node-3] [INFO] [1791537772.220602786] [bw_dr03_decoded_serial_node]: SEND MOTOR CMD: cd eb d7 09 74 46 46 53 53 1a 1a 00 00
[decoded_serial_node-3] [INFO] [1791537772.285179596] [bw_dr03_decoded_serial_node]: RECEIVED /cmd_vel: linear.x=0.22, angular.z=0.0
[decoded_serial_node-3] [INFO] [1791537772.285447929] [bw_dr03_decoded_serial_node]: SEND MOTOR CMD: cd eb d7 09 74 46 46 53 53 1a 1a 00 00
[decoded_serial_node-3] [INFO] [1791537772.352094228] [bw_dr03_decoded_serial_node]: RECEIVED /cmd_vel: linear.x=0.22, angular.z=0.0
[decoded_serial_node-3] [INFO] [1791537772.352326941] [bw_dr03_decoded_serial_node]: SEND MOTOR CMD: cd eb d7 09 74 46 46 53 53 1a 1a 00 00
[decoded_serial_node-3] [INFO] [1791537772.420555929] [bw_dr03_decoded_serial_node]: RECEIVED /cmd_vel: linear.x=0.21998871495342417, angular.z=0.0
[decoded_serial_node-3] [INFO] [1791537772.420897876] [bw_dr03_decoded_serial_node]: SEND MOTOR CMD: cd eb d7 09 74 46 46 53 53 1a 1a 00 00
[decoded_serial_node-3] [INFO] [1791537772.485610040] [bw_dr03_decoded_serial_node]: RECEIVED /cmd_vel: linear.x=0.22, angular.z=0.0
[decoded_serial_node-3] [INFO] [1791537772.485860563] [bw_dr03_decoded_serial_node]: SEND MOTOR CMD: cd eb d7 09 74 46 46 53 53 1a 1a 00 00
[follow_planner-8] [INFO] [1791537772.552778757] [follow_planner_node]: [AVOID] di vong theo ban do (trai, 2.3m duong) | d=3.09m goc=17deg | v=0.220 w=0.000 | thoang=0.38m
[decoded_serial_node-3] [INFO] [1791537772.552963978] [bw_dr03_decoded_serial_node]: RECEIVED /cmd_vel: linear.x=0.22, angular.z=0.0
[decoded_serial_node-3] [INFO] [1791537772.553543387] [bw_dr03_decoded_serial_node]: SEND MOTOR CMD: cd eb d7 09 74 46 46 53 53 1a 1a 00 00
[decoded_serial_node-3] [INFO] [1791537772.619947473] [bw_dr03_decoded_serial_node]: RECEIVED /cmd_vel: linear.x=0.22, angular.z=0.0
[decoded_serial_node-3] [INFO] [1791537772.620190873] [bw_dr03_decoded_serial_node]: SEND MOTOR CMD: cd eb d7 09 74 46 46 53 53 1a 1a 00 00
[decoded_serial_node-3] [INFO] [1791537772.686302880] [bw_dr03_decoded_serial_node]: RECEIVED /cmd_vel: linear.x=0.21986247926849636, angular.z=0.1
[decoded_serial_node-3] [INFO] [1791537772.686555778] [bw_dr03_decoded_serial_node]: SEND MOTOR CMD: cd eb d7 09 74 46 46 53 53 1d 18 00 00
[decoded_serial_node-3] [INFO] [1791537772.744334030] [bw_dr03_decoded_serial_node]: RECEIVED /cmd_vel: linear.x=0.21986247926849636, angular.z=0.1
[decoded_serial_node-3] [INFO] [1791537772.744806581] [bw_dr03_decoded_serial_node]: SEND MOTOR CMD: cd eb d7 09 74 46 46 53 53 1d 18 00 00
[decoded_serial_node-3] [INFO] [1791537772.819198915] [bw_dr03_decoded_serial_node]: RECEIVED /cmd_vel: linear.x=0.22, angular.z=0.0
[decoded_serial_node-3] [INFO] [1791537772.819439939] [bw_dr03_decoded_serial_node]: SEND MOTOR CMD: cd eb d7 09 74 46 46 53 53 1a 1a 00 00
[decoded_serial_node-3] [INFO] [1791537772.885879645] [bw_dr03_decoded_serial_node]: RECEIVED /cmd_vel: linear.x=0.22, angular.z=0.0
[decoded_serial_node-3] [INFO] [1791537772.886370006] [bw_dr03_decoded_serial_node]: SEND MOTOR CMD: cd eb d7 09 74 46 46 53 53 1a 1a 00 00
[decoded_serial_node-3] [INFO] [1791537772.972292344] [bw_dr03_decoded_serial_node]: RECEIVED /cmd_vel: linear.x=0.22, angular.z=0.16
[decoded_serial_node-3] [INFO] [1791537772.972999983] [bw_dr03_decoded_serial_node]: SEND MOTOR CMD: cd eb d7 09 74 46 46 53 53 1e 17 00 00
[decoded_serial_node-3] [INFO] [1791537773.018731749] [bw_dr03_decoded_serial_node]: RECEIVED /cmd_vel: linear.x=0.22, angular.z=0.32
[decoded_serial_node-3] [INFO] [1791537773.018971587] [bw_dr03_decoded_serial_node]: SEND MOTOR CMD: cd eb d7 09 74 46 46 53 53 22 13 00 00
[target_tracker-7] [INFO] [1791537773.072467197] [target_tracker_node]: muc tieu: d=3.17m goc=23.3deg nguon=camera+lidar conf=1.00 v=0.90m/s 
[decoded_serial_node-3] [INFO] [1791537773.087123399] [bw_dr03_decoded_serial_node]: RECEIVED /cmd_vel: linear.x=0.22, angular.z=0.48
[decoded_serial_node-3] [INFO] [1791537773.087358487] [bw_dr03_decoded_serial_node]: SEND MOTOR CMD: cd eb d7 09 74 46 46 53 53 26 0f 00 00
[decoded_serial_node-3] [INFO] [1791537773.162192501] [bw_dr03_decoded_serial_node]: RECEIVED /cmd_vel: linear.x=0.22, angular.z=0.64
[decoded_serial_node-3] [INFO] [1791537773.162415716] [bw_dr03_decoded_serial_node]: SEND MOTOR CMD: cd eb d7 09 74 46 46 53 53 2a 0b 00 00
[decoded_serial_node-3] [INFO] [1791537773.218781064] [bw_dr03_decoded_serial_node]: RECEIVED /cmd_vel: linear.x=0.22, angular.z=0.8
[decoded_serial_node-3] [INFO] [1791537773.219020901] [bw_dr03_decoded_serial_node]: SEND MOTOR CMD: cd eb d7 09 74 46 46 53 53 2e 07 00 00
[python3-4] [INFO] [1791537773.226442800] [identity_lock_node]: camera: nhan 12.4 fps (phoi sang 30 ms, do sang 49), xu ly 12.4 Hz, TB 21 ms/khung, tre tu luc chup 75.3 ms, 1 nguoi, status TRACKING
[decoded_serial_node-3] [INFO] [1791537773.286125503] [bw_dr03_decoded_serial_node]: RECEIVED /cmd_vel: linear.x=0.22, angular.z=0.9600000000000001
[decoded_serial_node-3] [INFO] [1791537773.286361778] [bw_dr03_decoded_serial_node]: SEND MOTOR CMD: cd eb d7 09 74 46 46 53 53 32 05 00 00
[decoded_serial_node-3] [INFO] [1791537773.360275624] [bw_dr03_decoded_serial_node]: RECEIVED /cmd_vel: linear.x=0.22, angular.z=1.0
[decoded_serial_node-3] [INFO] [1791537773.360534458] [bw_dr03_decoded_serial_node]: SEND MOTOR CMD: cd eb d7 09 74 46 46 53 53 33 05 00 00
[decoded_serial_node-3] [INFO] [1791537773.418575106] [bw_dr03_decoded_serial_node]: RECEIVED /cmd_vel: linear.x=0.22, angular.z=1.0
[decoded_serial_node-3] [INFO] [1791537773.419124833] [bw_dr03_decoded_serial_node]: SEND MOTOR CMD: cd eb d7 09 74 46 46 53 53 33 05 00 00
[decoded_serial_node-3] [INFO] [1791537773.484643183] [bw_dr03_decoded_serial_node]: RECEIVED /cmd_vel: linear.x=0.22, angular.z=1.0
[decoded_serial_node-3] [INFO] [1791537773.484993440] [bw_dr03_decoded_serial_node]: SEND MOTOR CMD: cd eb d7 09 74 46 46 53 53 33 05 00 00
[follow_planner-8] [INFO] [1791537773.558895413] [follow_planner_node]: [AVOID] di vong theo ban do (trai, 2.8m duong) | d=2.90m goc=25deg | v=0.220 w=1.000 | thoang=0.34m
[decoded_serial_node-3] [INFO] [1791537773.559443952] [bw_dr03_decoded_serial_node]: RECEIVED /cmd_vel: linear.x=0.22, angular.z=1.0
[decoded_serial_node-3] [INFO] [1791537773.559772838] [bw_dr03_decoded_serial_node]: SEND MOTOR CMD: cd eb d7 09 74 46 46 53 53 33 05 00 00
[decoded_serial_node-3] [INFO] [1791537773.620008829] [bw_dr03_decoded_serial_node]: RECEIVED /cmd_vel: linear.x=0.22, angular.z=1.0
[decoded_serial_node-3] [INFO] [1791537773.620578740] [bw_dr03_decoded_serial_node]: SEND MOTOR CMD: cd eb d7 09 74 46 46 53 53 33 05 00 00
[decoded_serial_node-3] [INFO] [1791537773.686190887] [bw_dr03_decoded_serial_node]: RECEIVED /cmd_vel: linear.x=0.22, angular.z=1.0
[decoded_serial_node-3] [INFO] [1791537773.686443785] [bw_dr03_decoded_serial_node]: SEND MOTOR CMD: cd eb d7 09 74 46 46 53 53 33 05 00 00
[decoded_serial_node-3] [INFO] [1791537773.772533534] [bw_dr03_decoded_serial_node]: RECEIVED /cmd_vel: linear.x=0.22, angular.z=1.0
[decoded_serial_node-3] [INFO] [1791537773.772797118] [bw_dr03_decoded_serial_node]: SEND MOTOR CMD: cd eb d7 09 74 46 46 53 53 33 05 00 00
[decoded_serial_node-3] [INFO] [1791537773.840631917] [bw_dr03_decoded_serial_node]: RECEIVED /cmd_vel: linear.x=0.22, angular.z=0.925
[decoded_serial_node-3] [INFO] [1791537773.840893126] [bw_dr03_decoded_serial_node]: SEND MOTOR CMD: cd eb d7 09 74 46 46 53 53 31 05 00 00
[decoded_serial_node-3] [INFO] [1791537773.886225955] [bw_dr03_decoded_serial_node]: RECEIVED /cmd_vel: linear.x=0.22, angular.z=0.765
[decoded_serial_node-3] [INFO] [1791537773.886500224] [bw_dr03_decoded_serial_node]: SEND MOTOR CMD: cd eb d7 09 74 46 46 53 53 2d 08 00 00
[decoded_serial_node-3] [INFO] [1791537773.951766864] [bw_dr03_decoded_serial_node]: RECEIVED /cmd_vel: linear.x=0.22, angular.z=0.605
[decoded_serial_node-3] [INFO] [1791537773.952020949] [bw_dr03_decoded_serial_node]: SEND MOTOR CMD: cd eb d7 09 74 46 46 53 53 29 0c 00 00
[decoded_serial_node-3] [INFO] [1791537774.019363013] [bw_dr03_decoded_serial_node]: RECEIVED /cmd_vel: linear.x=0.22, angular.z=0.44499999999999995
[decoded_serial_node-3] [INFO] [1791537774.019669340] [bw_dr03_decoded_serial_node]: SEND MOTOR CMD: cd eb d7 09 74 46 46 53 53 25 10 00 00
[target_tracker-7] [INFO] [1791537774.072838439] [target_tracker_node]: muc tieu: d=1.54m goc=12.9deg nguon=camera+lidar conf=1.00 v=1.80m/s 
[decoded_serial_node-3] [INFO] [1791537774.089330227] [bw_dr03_decoded_serial_node]: RECEIVED /cmd_vel: linear.x=0.22, angular.z=0.2849999999999999
[decoded_serial_node-3] [INFO] [1791537774.089990374] [bw_dr03_decoded_serial_node]: SEND MOTOR CMD: cd eb d7 09 74 46 46 53 53 21 13 00 00
[decoded_serial_node-3] [INFO] [1791537774.155006490] [bw_dr03_decoded_serial_node]: RECEIVED /cmd_vel: linear.x=0.22, angular.z=0.2818749999999999
[decoded_serial_node-3] [INFO] [1791537774.155274822] [bw_dr03_decoded_serial_node]: SEND MOTOR CMD: cd eb d7 09 74 46 46 53 53 21 14 00 00
[decoded_serial_node-3] [INFO] [1791537774.222878095] [bw_dr03_decoded_serial_node]: RECEIVED /cmd_vel: linear.x=0.22, angular.z=0.28070312500000005
[decoded_serial_node-3] [INFO] [1791537774.223265159] [bw_dr03_decoded_serial_node]: SEND MOTOR CMD: cd eb d7 09 74 46 46 53 53 21 14 00 00
[decoded_serial_node-3] [INFO] [1791537774.288540110] [bw_dr03_decoded_serial_node]: RECEIVED /cmd_vel: linear.x=0.22, angular.z=0.280263671875
[decoded_serial_node-3] [INFO] [1791537774.288929549] [bw_dr03_decoded_serial_node]: SEND MOTOR CMD: cd eb d7 09 74 46 46 53 53 21 14 00 00
[decoded_serial_node-3] [INFO] [1791537774.355518855] [bw_dr03_decoded_serial_node]: RECEIVED /cmd_vel: linear.x=0.19666666666666666, angular.z=0.28009887695312496
[decoded_serial_node-3] [INFO] [1791537774.355813309] [bw_dr03_decoded_serial_node]: SEND MOTOR CMD: cd eb d7 09 74 46 46 53 53 1e 11 00 00
[decoded_serial_node-3] [INFO] [1791537774.421512131] [bw_dr03_decoded_serial_node]: RECEIVED /cmd_vel: linear.x=0.21999999999999997, angular.z=0.2800370788574218
[decoded_serial_node-3] [INFO] [1791537774.421808959] [bw_dr03_decoded_serial_node]: SEND MOTOR CMD: cd eb d7 09 74 46 46 53 53 21 14 00 00
[decoded_serial_node-3] [INFO] [1791537774.489194953] [bw_dr03_decoded_serial_node]: RECEIVED /cmd_vel: linear.x=0.22, angular.z=0.160016222000122
[decoded_serial_node-3] [INFO] [1791537774.489671066] [bw_dr03_decoded_serial_node]: SEND MOTOR CMD: cd eb d7 09 74 46 46 53 53 1e 17 00 00
[follow_planner-8] [INFO] [1791537774.554818974] [follow_planner_node]: [FOLLOW] bam nguoi | d=1.33m goc=10deg | v=0.220 w=0.250 | thoang=0.13m
[decoded_serial_node-3] [INFO] [1791537774.555431628] [bw_dr03_decoded_serial_node]: RECEIVED /cmd_vel: linear.x=0.22, angular.z=0.25
[decoded_serial_node-3] [INFO] [1791537774.555837689] [bw_dr03_decoded_serial_node]: SEND MOTOR CMD: cd eb d7 09 74 46 46 53 53 21 14 00 00
[decoded_serial_node-3] [INFO] [1791537774.622749945] [bw_dr03_decoded_serial_node]: RECEIVED /cmd_vel: linear.x=0.22, angular.z=0.1
[decoded_serial_node-3] [INFO] [1791537774.623012342] [bw_dr03_decoded_serial_node]: SEND MOTOR CMD: cd eb d7 09 74 46 46 53 53 1d 18 00 00
[decoded_serial_node-3] [INFO] [1791537774.689503101] [bw_dr03_decoded_serial_node]: RECEIVED /cmd_vel: linear.x=0.22, angular.z=-0.1
[decoded_serial_node-3] [INFO] [1791537774.690064701] [bw_dr03_decoded_serial_node]: SEND MOTOR CMD: cd eb d7 09 74 46 46 53 53 18 1d 00 00
[decoded_serial_node-3] [INFO] [1791537774.754366054] [bw_dr03_decoded_serial_node]: RECEIVED /cmd_vel: linear.x=0.22, angular.z=-0.125
[decoded_serial_node-3] [INFO] [1791537774.754888472] [bw_dr03_decoded_serial_node]: SEND MOTOR CMD: cd eb d7 09 74 46 46 53 53 17 1d 00 00
[decoded_serial_node-3] [INFO] [1791537774.820787949] [bw_dr03_decoded_serial_node]: RECEIVED /cmd_vel: linear.x=0.22, angular.z=-0.25
[decoded_serial_node-3] [INFO] [1791537774.821028974] [bw_dr03_decoded_serial_node]: SEND MOTOR CMD: cd eb d7 09 74 46 46 53 53 14 21 00 00
[decoded_serial_node-3] [INFO] [1791537774.891941290] [bw_dr03_decoded_serial_node]: RECEIVED /cmd_vel: linear.x=0.19666666666666666, angular.z=-0.41000000000000003
[decoded_serial_node-3] [INFO] [1791537774.892181128] [bw_dr03_decoded_serial_node]: SEND MOTOR CMD: cd eb d7 09 74 46 46 53 53 0e 22 00 00
[decoded_serial_node-3] [INFO] [1791537774.956057422] [bw_dr03_decoded_serial_node]: RECEIVED /cmd_vel: linear.x=0.18694444444444444, angular.z=-0.5525
[decoded_serial_node-3] [INFO] [1791537774.956288948] [bw_dr03_decoded_serial_node]: SEND MOTOR CMD: cd eb d7 09 74 46 46 53 53 09 24 00 00
[decoded_serial_node-3] [INFO] [1791537775.019678444] [bw_dr03_decoded_serial_node]: RECEIVED /cmd_vel: linear.x=0.1636111111111111, angular.z=-0.39249999999999996
[decoded_serial_node-3] [INFO] [1791537775.019924218] [bw_dr03_decoded_serial_node]: SEND MOTOR CMD: cd eb d7 09 74 46 46 53 53 0a 1d 00 00
[decoded_serial_node-3] [INFO] [1791537775.086184639] [bw_dr03_decoded_serial_node]: RECEIVED /cmd_vel: linear.x=0.18333333333333335, angular.z=-0.23249999999999996
[decoded_serial_node-3] [INFO] [1791537775.086515899] [bw_dr03_decoded_serial_node]: SEND MOTOR CMD: cd eb d7 09 74 46 46 53 53 10 1c 00 00
[target_tracker-7] [INFO] [1791537775.123307191] [target_tracker_node]: muc tieu: d=1.26m goc=-0.2deg nguon=camera+bbox conf=0.83 v=0.62m/s 
[decoded_serial_node-3] [INFO] [1791537775.154502674] [bw_dr03_decoded_serial_node]: RECEIVED /cmd_vel: linear.x=0.18472222222222223, angular.z=-0.13921874999999995
[decoded_serial_node-3] [INFO] [1791537775.154763883] [bw_dr03_decoded_serial_node]: SEND MOTOR CMD: cd eb d7 09 74 46 46 53 53 13 1a 00 00
[decoded_serial_node-3] [INFO] [1791537775.220120757] [bw_dr03_decoded_serial_node]: RECEIVED /cmd_vel: linear.x=0.16138888888888892, angular.z=-0.25
[decoded_serial_node-3] [INFO] [1791537775.220365344] [bw_dr03_decoded_serial_node]: SEND MOTOR CMD: cd eb d7 09 74 46 46 53 53 0d 19 00 00
[decoded_serial_node-3] [INFO] [1791537775.286330123] [bw_dr03_decoded_serial_node]: RECEIVED /cmd_vel: linear.x=0.14666666666666667, angular.z=-0.1
[decoded_serial_node-3] [INFO] [1791537775.286644761] [bw_dr03_decoded_serial_node]: SEND MOTOR CMD: cd eb d7 09 74 46 46 53 53 0f 14 00 00
[decoded_serial_node-3] [INFO] [1791537775.352089497] [bw_dr03_decoded_serial_node]: RECEIVED /cmd_vel: linear.x=0.16999999999999998, angular.z=-0.125
[decoded_serial_node-3] [INFO] [1791537775.352328147] [bw_dr03_decoded_serial_node]: SEND MOTOR CMD: cd eb d7 09 74 46 46 53 53 11 17 00 00
[decoded_serial_node-3] [INFO] [1791537775.420506079] [bw_dr03_decoded_serial_node]: RECEIVED /cmd_vel: linear.x=0.18333333333333335, angular.z=-0.125
[decoded_serial_node-3] [INFO] [1791537775.420953697] [bw_dr03_decoded_serial_node]: SEND MOTOR CMD: cd eb d7 09 74 46 46 53 53 13 19 00 00
[decoded_serial_node-3] [INFO] [1791537775.487139316] [bw_dr03_decoded_serial_node]: RECEIVED /cmd_vel: linear.x=0.16000000000000003, angular.z=0.1
[decoded_serial_node-3] [INFO] [1791537775.487383903] [bw_dr03_decoded_serial_node]: SEND MOTOR CMD: cd eb d7 09 74 46 46 53 53 16 11 00 00
[follow_planner-8] [INFO] [1791537775.552732466] [follow_planner_node]: [FOLLOW] bam nguoi | d=1.17m goc=11deg | v=0.137 w=0.125 | thoang=0.35m
[decoded_serial_node-3] [INFO] [1791537775.552793019] [bw_dr03_decoded_serial_node]: RECEIVED /cmd_vel: linear.x=0.13666666666666671, angular.z=0.125
[decoded_serial_node-3] [INFO] [1791537775.553243011] [bw_dr03_decoded_serial_node]: SEND MOTOR CMD: cd eb d7 09 74 46 46 53 53 13 0d 00 00
[decoded_serial_node-3] [INFO] [1791537775.618319680] [bw_dr03_decoded_serial_node]: RECEIVED /cmd_vel: linear.x=0.11333333333333338, angular.z=0.28500000000000003
[decoded_serial_node-3] [INFO] [1791537775.618561892] [bw_dr03_decoded_serial_node]: SEND MOTOR CMD: cd eb d7 09 74 46 46 53 53 14 06 00 00
[decoded_serial_node-3] [INFO] [1791537775.686875178] [bw_dr03_decoded_serial_node]: RECEIVED /cmd_vel: linear.x=0.13666666666666671, angular.z=0.44500000000000006
[decoded_serial_node-3] [INFO] [1791537775.687117390] [bw_dr03_decoded_serial_node]: SEND MOTOR CMD: cd eb d7 09 74 46 46 53 53 1b 05 00 00
[decoded_serial_node-3] [INFO] [1791537775.742563756] [bw_dr03_decoded_serial_node]: RECEIVED /cmd_vel: linear.x=0.11333333333333338, angular.z=0.4796
[decoded_serial_node-3] [INFO] [1791537775.743225090] [bw_dr03_decoded_serial_node]: SEND MOTOR CMD: cd eb d7 09 74 46 46 53 53 19 05 00 00
[decoded_serial_node-3] [INFO] [1791537775.809546063] [bw_dr03_decoded_serial_node]: RECEIVED /cmd_vel: linear.x=0.09000000000000005, angular.z=0.46530000000000005
[decoded_serial_node-3] [INFO] [1791537775.809834581] [bw_dr03_decoded_serial_node]: SEND MOTOR CMD: cd eb d7 09 74 46 53 53 53 16 1e 00 00
[decoded_serial_node-3] [INFO] [1791537775.886517241] [bw_dr03_decoded_serial_node]: RECEIVED /cmd_vel: linear.x=0.11, angular.z=0.45790624999999996
[decoded_serial_node-3] [INFO] [1791537775.886886496] [bw_dr03_decoded_serial_node]: SEND MOTOR CMD: cd eb d7 09 74 46 46 53 53 18 05 00 00
[decoded_serial_node-3] [INFO] [1791537775.942328113] [bw_dr03_decoded_serial_node]: RECEIVED /cmd_vel: linear.x=0.08666666666666667, angular.z=0.43934
[decoded_serial_node-3] [INFO] [1791537775.942603570] [bw_dr03_decoded_serial_node]: SEND MOTOR CMD: cd eb d7 09 74 46 53 53 53 15 1e 00 00
[decoded_serial_node-3] [INFO] [1791537776.009724793] [bw_dr03_decoded_serial_node]: RECEIVED /cmd_vel: linear.x=0.06333333333333334, angular.z=0.4026
[decoded_serial_node-3] [INFO] [1791537776.010200906] [bw_dr03_decoded_serial_node]: SEND MOTOR CMD: cd eb d7 09 74 46 42 53 53 11 05 00 00
[decoded_serial_node-3] [INFO] [1791537776.086340963] [bw_dr03_decoded_serial_node]: RECEIVED /cmd_vel: linear.x=0.07333333333333333, angular.z=0.4383125000000001
[decoded_serial_node-3] [INFO] [1791537776.086641354] [bw_dr03_decoded_serial_node]: SEND MOTOR CMD: cd eb d7 09 74 46 42 53 53 13 05 00 00
[target_tracker-7] [INFO] [1791537776.123300854] [target_tracker_node]: muc tieu: d=1.06m goc=8.5deg nguon=camera+bbox conf=0.68 v=0.16m/s 
[decoded_serial_node-3] [INFO] [1791537776.142456974] [bw_dr03_decoded_serial_node]: RECEIVED /cmd_vel: linear.x=0.05, angular.z=0.32758000000000004
[decoded_serial_node-3] [INFO] [1791537776.143175299] [bw_dr03_decoded_serial_node]: SEND MOTOR CMD: cd eb d7 09 74 46 42 53 53 0e 05 00 00
[decoded_serial_node-3] [INFO] [1791537776.209084274] [bw_dr03_decoded_serial_node]: RECEIVED /cmd_vel: linear.x=0.035, angular.z=0.27302000000000004
[decoded_serial_node-3] [INFO] [1791537776.209505771] [bw_dr03_decoded_serial_node]: SEND MOTOR CMD: cd eb d7 09 74 46 42 53 53 0a 05 00 00
[decoded_serial_node-3] [INFO] [1791537776.286257295] [bw_dr03_decoded_serial_node]: RECEIVED /cmd_vel: linear.x=0.05, angular.z=0.2773825000000001
[decoded_serial_node-3] [INFO] [1791537776.286506631] [bw_dr03_decoded_serial_node]: SEND MOTOR CMD: cd eb d7 09 74 46 53 53 53 0c 1e 00 00
[decoded_serial_node-3] [INFO] [1791537776.342076478] [bw_dr03_decoded_serial_node]: RECEIVED /cmd_vel: linear.x=0.035, angular.z=0.19558000000000003
[decoded_serial_node-3] [INFO] [1791537776.342311566] [bw_dr03_decoded_serial_node]: SEND MOTOR CMD: cd eb d7 09 74 46 53 53 53 09 1e 00 00
[decoded_serial_node-3] [INFO] [1791537776.408949552] [bw_dr03_decoded_serial_node]: RECEIVED /cmd_vel: linear.x=0.035, angular.z=0.18612
[decoded_serial_node-3] [INFO] [1791537776.409746239] [bw_dr03_decoded_serial_node]: SEND MOTOR CMD: cd eb d7 09 74 46 53 53 53 08 1e 00 00
[decoded_serial_node-3] [INFO] [1791537776.475743075] [bw_dr03_decoded_serial_node]: RECEIVED /cmd_vel: linear.x=0.0, angular.z=0.20724000000000004
[decoded_serial_node-3] [INFO] [1791537776.476009034] [bw_dr03_decoded_serial_node]: SEND MOTOR CMD: cd eb d7 09 74 46 42 53 53 05 05 00 00
[decoded_serial_node-3] [INFO] [1791537776.542231460] [bw_dr03_decoded_serial_node]: RECEIVED /cmd_vel: linear.x=0.0, angular.z=0.1
[decoded_serial_node-3] [INFO] [1791537776.542797808] [bw_dr03_decoded_serial_node]: SEND MOTOR CMD: cd eb d7 09 74 46 42 53 53 05 05 00 00
[follow_planner-8] [INFO] [1791537776.609220890] [follow_planner_node]: [ARRIVED] giu khoang cach 1.02m | d=1.02m goc=2deg | v=0.000 w=0.000 | thoang=-
[decoded_serial_node-3] [INFO] [1791537776.609482099] [bw_dr03_decoded_serial_node]: RECEIVED /cmd_vel: linear.x=0.0, angular.z=0.0
[decoded_serial_node-3] [INFO] [1791537776.610170741] [bw_dr03_decoded_serial_node]: SEND MOTOR CMD: cd eb d7 09 74 53 53 53 53 1e 1e 00 00
[decoded_serial_node-3] [INFO] [1791537776.676200822] [bw_dr03_decoded_serial_node]: RECEIVED /cmd_vel: linear.x=0.0, angular.z=0.15400000000000003
[decoded_serial_node-3] [INFO] [1791537776.676439472] [bw_dr03_decoded_serial_node]: SEND MOTOR CMD: cd eb d7 09 74 46 42 53 53 05 05 00 00
[decoded_serial_node-3] [INFO] [1791537776.741966132] [bw_dr03_decoded_serial_node]: RECEIVED /cmd_vel: linear.x=0.0, angular.z=0.0
[decoded_serial_node-3] [INFO] [1791537776.742197659] [bw_dr03_decoded_serial_node]: SEND MOTOR CMD: cd eb d7 09 74 53 53 53 53 1e 1e 00 00
[decoded_serial_node-3] [INFO] [1791537776.808924693] [bw_dr03_decoded_serial_node]: RECEIVED /cmd_vel: linear.x=0.0, angular.z=0.0
[decoded_serial_node-3] [INFO] [1791537776.875446322] [bw_dr03_decoded_serial_node]: RECEIVED /cmd_vel: linear.x=0.0, angular.z=0.0
[decoded_serial_node-3] [INFO] [1791537776.942225598] [bw_dr03_decoded_serial_node]: RECEIVED /cmd_vel: linear.x=0.0, angular.z=0.0
[decoded_serial_node-3] [INFO] [1791537777.009023871] [bw_dr03_decoded_serial_node]: RECEIVED /cmd_vel: linear.x=0.0, angular.z=0.0
[target_tracker-7] [WARN] [1791537777.022852514] [target_tracker_node]: Goc ngua camera lech -26.7 do so voi cau hinh (do bang LiDAR, 40 mau) — tracker da tu bu. Nen sua camera_pitch_deg trong identity_lock_kingsen.yaml them +26.7 do (hoac do lai goc lap / camera_height_m)
[decoded_serial_node-3] [INFO] [1791537777.076459731] [bw_dr03_decoded_serial_node]: RECEIVED /cmd_vel: linear.x=0.0, angular.z=0.0
[decoded_serial_node-3] [INFO] [1791537777.142182298] [bw_dr03_decoded_serial_node]: RECEIVED /cmd_vel: linear.x=0.0, angular.z=0.0
[target_tracker-7] [INFO] [1791537777.172280702] [target_tracker_node]: muc tieu: d=1.13m goc=0.3deg nguon=camera+lidar conf=0.98 v=0.22m/s 
[decoded_serial_node-3] [INFO] [1791537777.218305733] [bw_dr03_decoded_serial_node]: RECEIVED /cmd_vel: linear.x=0.035, angular.z=0.0
[decoded_serial_node-3] [INFO] [1791537777.218543195] [bw_dr03_decoded_serial_node]: SEND MOTOR CMD: cd eb d7 09 74 46 46 53 53 05 05 00 00
[decoded_serial_node-3] [INFO] [1791537777.284580400] [bw_dr03_decoded_serial_node]: RECEIVED /cmd_vel: linear.x=0.04666666666666666, angular.z=0.0
[decoded_serial_node-3] [INFO] [1791537777.284835672] [bw_dr03_decoded_serial_node]: SEND MOTOR CMD: cd eb d7 09 74 46 46 53 53 05 05 00 00
[decoded_serial_node-3] [INFO] [1791537777.342593738] [bw_dr03_decoded_serial_node]: RECEIVED /cmd_vel: linear.x=0.035, angular.z=0.0
[decoded_serial_node-3] [INFO] [1791537777.342838325] [bw_dr03_decoded_serial_node]: SEND MOTOR CMD: cd eb d7 09 74 46 46 53 53 05 05 00 00
[decoded_serial_node-3] [INFO] [1791537777.408962203] [bw_dr03_decoded_serial_node]: RECEIVED /cmd_vel: linear.x=0.0, angular.z=0.0
[decoded_serial_node-3] [INFO] [1791537777.409466811] [bw_dr03_decoded_serial_node]: SEND MOTOR CMD: cd eb d7 09 74 53 53 53 53 1e 1e 00 00
[decoded_serial_node-3] [INFO] [1791537777.476012186] [bw_dr03_decoded_serial_node]: RECEIVED /cmd_vel: linear.x=0.0, angular.z=0.16
[decoded_serial_node-3] [INFO] [1791537777.476255585] [bw_dr03_decoded_serial_node]: SEND MOTOR CMD: cd eb d7 09 74 46 42 53 53 05 05 00 00
[decoded_serial_node-3] [INFO] [1791537777.542131315] [bw_dr03_decoded_serial_node]: RECEIVED /cmd_vel: linear.x=0.0, angular.z=0.32
[decoded_serial_node-3] [INFO] [1791537777.542639486] [bw_dr03_decoded_serial_node]: SEND MOTOR CMD: cd eb d7 09 74 46 42 53 53 07 07 00 00
[follow_planner-8] [INFO] [1791537777.608975893] [follow_planner_node]: [FOLLOW] canh huong tai cho | d=1.03m goc=22deg | v=0.000 w=0.480 | thoang=-
[decoded_serial_node-3] [INFO] [1791537777.609556490] [bw_dr03_decoded_serial_node]: RECEIVED /cmd_vel: linear.x=0.0, angular.z=0.48
[decoded_serial_node-3] [INFO] [1791537777.610273627] [bw_dr03_decoded_serial_node]: SEND MOTOR CMD: cd eb d7 09 74 46 42 53 53 0b 0b 00 00
[decoded_serial_node-3] [INFO] [1791537777.675522455] [bw_dr03_decoded_serial_node]: RECEIVED /cmd_vel: linear.x=0.0, angular.z=0.64
[decoded_serial_node-3] [INFO] [1791537777.675945139] [bw_dr03_decoded_serial_node]: SEND MOTOR CMD: cd eb d7 09 74 46 42 53 53 0f 0f 00 00
[decoded_serial_node-3] [INFO] [1791537777.753346124] [bw_dr03_decoded_serial_node]: RECEIVED /cmd_vel: linear.x=0.035, angular.z=0.61
[decoded_serial_node-3] [INFO] [1791537777.753825798] [bw_dr03_decoded_serial_node]: SEND MOTOR CMD: cd eb d7 09 74 46 42 53 53 13 0a 00 00
[decoded_serial_node-3] [INFO] [1791537777.817913434] [bw_dr03_decoded_serial_node]: RECEIVED /cmd_vel: linear.x=0.04666666666666666, angular.z=0.6024999999999999
[decoded_serial_node-3] [INFO] [1791537777.818160395] [bw_dr03_decoded_serial_node]: SEND MOTOR CMD: cd eb d7 09 74 46 42 53 53 14 08 00 00
[decoded_serial_node-3] [INFO] [1791537777.886265900] [bw_dr03_decoded_serial_node]: RECEIVED /cmd_vel: linear.x=0.06999999999999999, angular.z=0.6006250000000001
[decoded_serial_node-3] [INFO] [1791537777.886509299] [bw_dr03_decoded_serial_node]: SEND MOTOR CMD: cd eb d7 09 74 46 42 53 53 17 06 00 00
[decoded_serial_node-3] [INFO] [1791537777.950880703] [bw_dr03_decoded_serial_node]: RECEIVED /cmd_vel: linear.x=0.09333333333333332, angular.z=0.6001562499999998
[decoded_serial_node-3] [INFO] [1791537777.951116978] [bw_dr03_decoded_serial_node]: SEND MOTOR CMD: cd eb d7 09 74 46 42 53 53 1a 05 00 00
[decoded_serial_node-3] [INFO] [1791537778.020334996] [bw_dr03_decoded_serial_node]: RECEIVED /cmd_vel: linear.x=0.11, angular.z=0.6000390625000002
[decoded_serial_node-3] [INFO] [1791537778.020593831] [bw_dr03_decoded_serial_node]: SEND MOTOR CMD: cd eb d7 09 74 46 53 53 53 1c 1e 00 00
[decoded_serial_node-3] [INFO] [1791537778.087711490] [bw_dr03_decoded_serial_node]: RECEIVED /cmd_vel: linear.x=0.11, angular.z=0.70000732421875
[decoded_serial_node-3] [INFO] [1791537778.088251718] [bw_dr03_decoded_serial_node]: SEND MOTOR CMD: cd eb d7 09 74 46 42 53 53 1e 05 00 00
[decoded_serial_node-3] [INFO] [1791537778.142059590] [bw_dr03_decoded_serial_node]: RECEIVED /cmd_vel: linear.x=0.08666666666666667, angular.z=0.86000732421875
[decoded_serial_node-3] [INFO] [1791537778.142300615] [bw_dr03_decoded_serial_node]: SEND MOTOR CMD: cd eb d7 09 74 46 42 53 53 1f 0a 00 00
[target_tracker-7] [INFO] [1791537778.174066007] [target_tracker_node]: muc tieu: d=1.10m goc=30.0deg nguon=camera+bbox conf=0.83 v=0.83m/s 
[decoded_serial_node-3] [INFO] [1791537778.209060893] [bw_dr03_decoded_serial_node]: RECEIVED /cmd_vel: linear.x=0.06333333333333334, angular.z=0.9
[decoded_serial_node-3] [INFO] [1791537778.209330413] [bw_dr03_decoded_serial_node]: SEND MOTOR CMD: cd eb d7 09 74 46 42 53 53 1d 0e 00 00
[decoded_serial_node-3] [INFO] [1791537778.275920906] [bw_dr03_decoded_serial_node]: RECEIVED /cmd_vel: linear.x=0.04000000000000001, angular.z=0.9
[decoded_serial_node-3] [INFO] [1791537778.276191613] [bw_dr03_decoded_serial_node]: SEND MOTOR CMD: cd eb d7 09 74 46 42 53 53 1a 11 00 00
[decoded_serial_node-3] [INFO] [1791537778.342700181] [bw_dr03_decoded_serial_node]: RECEIVED /cmd_vel: linear.x=0.035, angular.z=0.9
[decoded_serial_node-3] [INFO] [1791537778.342991073] [bw_dr03_decoded_serial_node]: SEND MOTOR CMD: cd eb d7 09 74 46 42 53 53 1a 11 00 00
[decoded_serial_node-3] [INFO] [1791537778.410164536] [bw_dr03_decoded_serial_node]: RECEIVED /cmd_vel: linear.x=0.0, angular.z=0.9
[decoded_serial_node-3] [INFO] [1791537778.410508857] [bw_dr03_decoded_serial_node]: SEND MOTOR CMD: cd eb d7 09 74 46 42 53 53 15 15 00 00
[decoded_serial_node-3] [INFO] [1791537778.475988024] [bw_dr03_decoded_serial_node]: RECEIVED /cmd_vel: linear.x=0.0, angular.z=0.9
[decoded_serial_node-3] [INFO] [1791537778.476479572] [bw_dr03_decoded_serial_node]: SEND MOTOR CMD: cd eb d7 09 74 46 42 53 53 15 15 00 00
[decoded_serial_node-3] [INFO] [1791537778.542849224] [bw_dr03_decoded_serial_node]: RECEIVED /cmd_vel: linear.x=0.0, angular.z=0.9
[decoded_serial_node-3] [INFO] [1791537778.543208980] [bw_dr03_decoded_serial_node]: SEND MOTOR CMD: cd eb d7 09 74 46 42 53 53 15 15 00 00
[decoded_serial_node-3] [INFO] [1791537778.609595254] [bw_dr03_decoded_serial_node]: RECEIVED /cmd_vel: linear.x=0.0, angular.z=0.9
[decoded_serial_node-3] [INFO] [1791537778.609962134] [bw_dr03_decoded_serial_node]: SEND MOTOR CMD: cd eb d7 09 74 46 42 53 53 15 15 00 00
[follow_planner-8] [INFO] [1791537778.675352252] [follow_planner_node]: [FOLLOW] canh huong tai cho | d=1.06m goc=33deg | v=0.000 w=0.900 | thoang=-
[decoded_serial_node-3] [INFO] [1791537778.677514351] [bw_dr03_decoded_serial_node]: RECEIVED /cmd_vel: linear.x=0.0, angular.z=0.9
[decoded_serial_node-3] [INFO] [1791537778.677878856] [bw_dr03_decoded_serial_node]: SEND MOTOR CMD: cd eb d7 09 74 46 42 53 53 15 15 00 00
[decoded_serial_node-3] [INFO] [1791537778.752497964] [bw_dr03_decoded_serial_node]: RECEIVED /cmd_vel: linear.x=0.035, angular.z=0.8374999999999998
[decoded_serial_node-3] [INFO] [1791537778.752838723] [bw_dr03_decoded_serial_node]: SEND MOTOR CMD: cd eb d7 09 74 46 42 53 53 18 10 00 00
[decoded_serial_node-3] [INFO] [1791537778.819025529] [bw_dr03_decoded_serial_node]: RECEIVED /cmd_vel: linear.x=0.04666666666666666, angular.z=0.9148437500000001
[decoded_serial_node-3] [INFO] [1791537778.819545572] [bw_dr03_decoded_serial_node]: SEND MOTOR CMD: cd eb d7 09 74 46 42 53 53 1c 10 00 00
[decoded_serial_node-3] [INFO] [1791537778.884263671] [bw_dr03_decoded_serial_node]: RECEIVED /cmd_vel: linear.x=0.06999999999999999, angular.z=0.75484375
[decoded_serial_node-3] [INFO] [1791537778.884781339] [bw_dr03_decoded_serial_node]: SEND MOTOR CMD: cd eb d7 09 74 46 42 53 53 1a 09 00 00
[decoded_serial_node-3] [INFO] [1791537778.953435383] [bw_dr03_decoded_serial_node]: RECEIVED /cmd_vel: linear.x=0.09333333333333332, angular.z=0.59484375
[decoded_serial_node-3] [INFO] [1791537778.953951864] [bw_dr03_decoded_serial_node]: SEND MOTOR CMD: cd eb d7 09 74 46 42 53 53 19 05 00 00
[decoded_serial_node-3] [INFO] [1791537779.018208098] [bw_dr03_decoded_serial_node]: RECEIVED /cmd_vel: linear.x=0.11666666666666665, angular.z=0.5987109374999998
[decoded_serial_node-3] [INFO] [1791537779.018687773] [bw_dr03_decoded_serial_node]: SEND MOTOR CMD: cd eb d7 09 74 46 53 53 53 1c 1e 00 00
[decoded_serial_node-3] [INFO] [1791537779.083163659] [bw_dr03_decoded_serial_node]: RECEIVED /cmd_vel: linear.x=0.13999999999999999, angular.z=0.49959716796875
[decoded_serial_node-3] [INFO] [1791537779.083417744] [bw_dr03_decoded_serial_node]: SEND MOTOR CMD: cd eb d7 09 74 46 46 53 53 1d 05 00 00
[decoded_serial_node-3] [INFO] [1791537779.149535685] [bw_dr03_decoded_serial_node]: RECEIVED /cmd_vel: linear.x=0.16333333333333333, angular.z=0.4686241149902345
[decoded_serial_node-3] [INFO] [1791537779.149785021] [bw_dr03_decoded_serial_node]: SEND MOTOR CMD: cd eb d7 09 74 46 46 53 53 1f 08 00 00
[decoded_serial_node-3] [INFO] [1791537779.217706491] [bw_dr03_decoded_serial_node]: RECEIVED /cmd_vel: linear.x=0.18666666666666665, angular.z=0.5671560287475587
[decoded_serial_node-3] [INFO] [1791537779.218105429] [bw_dr03_decoded_serial_node]: SEND MOTOR CMD: cd eb d7 09 74 46 46 53 53 24 09 00 00
[target_tracker-7] [INFO] [1791537779.222919986] [target_tracker_node]: muc tieu: d=1.58m goc=19.5deg nguon=camera+lidar conf=1.00 v=1.02m/s 
[decoded_serial_node-3] [INFO] [1791537779.284806341] [bw_dr03_decoded_serial_node]: RECEIVED /cmd_vel: linear.x=0.20999999999999996, angular.z=0.40715602874755863
[decoded_serial_node-3] [INFO] [1791537779.285154224] [bw_dr03_decoded_serial_node]: SEND MOTOR CMD: cd eb d7 09 74 46 46 53 53 23 0f 00 00
[decoded_serial_node-3] [INFO] [1791537779.352137716] [bw_dr03_decoded_serial_node]: RECEIVED /cmd_vel: linear.x=0.22, angular.z=0.24715602874755863
[decoded_serial_node-3] [INFO] [1791537779.352371617] [bw_dr03_decoded_serial_node]: SEND MOTOR CMD: cd eb d7 09 74 46 46 53 53 20 14 00 00
[decoded_serial_node-3] [INFO] [1791537779.418762640] [bw_dr03_decoded_serial_node]: RECEIVED /cmd_vel: linear.x=0.22, angular.z=0.2676835107803345
[decoded_serial_node-3] [INFO] [1791537779.419299306] [bw_dr03_decoded_serial_node]: SEND MOTOR CMD: cd eb d7 09 74 46 46 53 53 21 14 00 00
[decoded_serial_node-3] [INFO] [1791537779.484885331] [bw_dr03_decoded_serial_node]: RECEIVED /cmd_vel: linear.x=0.22, angular.z=0.27538131654262543
[decoded_serial_node-3] [INFO] [1791537779.485446930] [bw_dr03_decoded_serial_node]: SEND MOTOR CMD: cd eb d7 09 74 46 46 53 53 21 14 00 00
[decoded_serial_node-3] [INFO] [1791537779.552045733] [bw_dr03_decoded_serial_node]: RECEIVED /cmd_vel: linear.x=0.22, angular.z=0.27826799370348454
[decoded_serial_node-3] [INFO] [1791537779.552282009] [bw_dr03_decoded_serial_node]: SEND MOTOR CMD: cd eb d7 09 74 46 46 53 53 21 14 00 00
[decoded_serial_node-3] [INFO] [1791537779.617655504] [bw_dr03_decoded_serial_node]: RECEIVED /cmd_vel: linear.x=0.22, angular.z=0.15924224724527447
[decoded_serial_node-3] [INFO] [1791537779.617923837] [bw_dr03_decoded_serial_node]: SEND MOTOR CMD: cd eb d7 09 74 46 46 53 53 1e 17 00 00
[decoded_serial_node-3] [INFO] [1791537779.685170913] [bw_dr03_decoded_serial_node]: RECEIVED /cmd_vel: linear.x=0.22, angular.z=0.25
[decoded_serial_node-3] [INFO] [1791537779.685531857] [bw_dr03_decoded_serial_node]: SEND MOTOR CMD: cd eb d7 09 74 46 46 53 53 21 14 00 00
[follow_planner-8] [INFO] [1791537779.757277665] [follow_planner_node]: [FOLLOW] di vong theo ban do (phai, 1.7m duong) | d=2.04m goc=15deg | v=0.220 w=0.100 | thoang=0.50m
[decoded_serial_node-3] [INFO] [1791537779.757616049] [bw_dr03_decoded_serial_node]: RECEIVED /cmd_vel: linear.x=0.22, angular.z=0.1
[decoded_serial_node-3] [INFO] [1791537779.757905754] [bw_dr03_decoded_serial_node]: SEND MOTOR CMD: cd eb d7 09 74 46 46 53 53 1d 18 00 00
[decoded_serial_node-3] [INFO] [1791537779.818239102] [bw_dr03_decoded_serial_node]: RECEIVED /cmd_vel: linear.x=0.22, angular.z=-0.1
[decoded_serial_node-3] [INFO] [1791537779.818842258] [bw_dr03_decoded_serial_node]: SEND MOTOR CMD: cd eb d7 09 74 46 46 53 53 18 1d 00 00
[decoded_serial_node-3] [INFO] [1791537779.885175102] [bw_dr03_decoded_serial_node]: RECEIVED /cmd_vel: linear.x=0.22, angular.z=-0.23
[decoded_serial_node-3] [INFO] [1791537779.885783007] [bw_dr03_decoded_serial_node]: SEND MOTOR CMD: cd eb d7 09 74 46 46 53 53 15 20 00 00
[decoded_serial_node-3] [INFO] [1791537779.951380905] [bw_dr03_decoded_serial_node]: RECEIVED /cmd_vel: linear.x=0.22, angular.z=-0.26125
[decoded_serial_node-3] [INFO] [1791537779.951636177] [bw_dr03_decoded_serial_node]: SEND MOTOR CMD: cd eb d7 09 74 46 46 53 53 14 21 00 00
[decoded_serial_node-3] [INFO] [1791537780.033893274] [bw_dr03_decoded_serial_node]: RECEIVED /cmd_vel: linear.x=0.22, angular.z=-0.27296875
[decoded_serial_node-3] [INFO] [1791537780.034445375] [bw_dr03_decoded_serial_node]: SEND MOTOR CMD: cd eb d7 09 74 46 46 53 53 14 21 00 00
[decoded_serial_node-3] [INFO] [1791537780.087507613] [bw_dr03_decoded_serial_node]: RECEIVED /cmd_vel: linear.x=0.22, angular.z=-0.27736328125
[decoded_serial_node-3] [INFO] [1791537780.087982539] [bw_dr03_decoded_serial_node]: SEND MOTOR CMD: cd eb d7 09 74 46 46 53 53 14 21 00 00
[decoded_serial_node-3] [INFO] [1791537780.154729756] [bw_dr03_decoded_serial_node]: RECEIVED /cmd_vel: linear.x=0.22, angular.z=-0.27901123046875
[decoded_serial_node-3] [INFO] [1791537780.155185684] [bw_dr03_decoded_serial_node]: SEND MOTOR CMD: cd eb d7 09 74 46 46 53 53 14 21 00 00
[decoded_serial_node-3] [INFO] [1791537780.221495970] [bw_dr03_decoded_serial_node]: RECEIVED /cmd_vel: linear.x=0.22, angular.z=-0.27962921142578123
[decoded_serial_node-3] [INFO] [1791537780.221811795] [bw_dr03_decoded_serial_node]: SEND MOTOR CMD: cd eb d7 09 74 46 46 53 53 14 21 00 00
[target_tracker-7] [INFO] [1791537780.222950429] [target_tracker_node]: muc tieu: d=2.46m goc=21.4deg nguon=predicted conf=0.57 v=1.10m/s 
[decoded_serial_node-3] [INFO] [1791537780.308211429] [bw_dr03_decoded_serial_node]: RECEIVED /cmd_vel: linear.x=0.22, angular.z=-0.11962921142578123
[decoded_serial_node-3] [INFO] [1791537780.308824083] [bw_dr03_decoded_serial_node]: SEND MOTOR CMD: cd eb d7 09 74 46 46 53 53 18 1d 00 00
[decoded_serial_node-3] [INFO] [1791537780.344912484] [bw_dr03_decoded_serial_node]: RECEIVED /cmd_vel: linear.x=0.19666666666666666, angular.z=0.1
[decoded_serial_node-3] [INFO] [1791537780.345195065] [bw_dr03_decoded_serial_node]: SEND MOTOR CMD: cd eb d7 09 74 46 46 53 53 1a 15 00 00
[decoded_serial_node-3] [INFO] [1791537780.411151531] [bw_dr03_decoded_serial_node]: RECEIVED /cmd_vel: linear.x=0.17333333333333334, angular.z=0.20037078857421878
[decoded_serial_node-3] [INFO] [1791537780.411451921] [bw_dr03_decoded_serial_node]: SEND MOTOR CMD: cd eb d7 09 74 46 46 53 53 1a 10 00 00
[decoded_serial_node-3] [INFO] [1791537780.488280619] [bw_dr03_decoded_serial_node]: RECEIVED /cmd_vel: linear.x=0.15000000000000002, angular.z=0.3603707885742188
[decoded_serial_node-3] [INFO] [1791537780.488874276] [bw_dr03_decoded_serial_node]: SEND MOTOR CMD: cd eb d7 09 74 46 46 53 53 1b 09 00 00
[decoded_serial_node-3] [INFO] [1791537780.544905986] [bw_dr03_decoded_serial_node]: RECEIVED /cmd_vel: linear.x=0.1266666666666667, angular.z=0.5203707885742188
[decoded_serial_node-3] [INFO] [1791537780.545327483] [bw_dr03_decoded_serial_node]: SEND MOTOR CMD: cd eb d7 09 74 46 46 53 53 1c 05 00 00
[decoded_serial_node-3] [INFO] [1791537780.619012174] [bw_dr03_decoded_serial_node]: RECEIVED /cmd_vel: linear.x=0.10333333333333337, angular.z=0.6803707885742188
[decoded_serial_node-3] [INFO] [1791537780.619297129] [bw_dr03_decoded_serial_node]: SEND MOTOR CMD: cd eb d7 09 74 46 42 53 53 1d 05 00 00
[decoded_serial_node-3] [INFO] [1791537780.676856912] [bw_dr03_decoded_serial_node]: RECEIVED /cmd_vel: linear.x=0.08000000000000004, angular.z=0.8403707885742189
[decoded_serial_node-3] [INFO] [1791537780.677124058] [bw_dr03_decoded_serial_node]: SEND MOTOR CMD: cd eb d7 09 74 46 42 53 53 1e 0a 00 00
[follow_planner-8] [INFO] [1791537780.743905707] [follow_planner_node]: [AVOID] ban do: xoay ve huong duong di | d=2.17m goc=36deg | v=0.057 w=0.900 | thoang=0.00m
[decoded_serial_node-3] [INFO] [1791537780.744380632] [bw_dr03_decoded_serial_node]: RECEIVED /cmd_vel: linear.x=0.05666666666666671, angular.z=0.9
[decoded_serial_node-3] [INFO] [1791537780.744659651] [bw_dr03_decoded_serial_node]: SEND MOTOR CMD: cd eb d7 09 74 46 42 53 53 1c 0f 00 00
[decoded_serial_node-3] [INFO] [1791537780.816571683] [bw_dr03_decoded_serial_node]: RECEIVED /cmd_vel: linear.x=0.035, angular.z=0.9
[decoded_serial_node-3] [INFO] [1791537780.816837641] [bw_dr03_decoded_serial_node]: SEND MOTOR CMD: cd eb d7 09 74 46 42 53 53 1a 11 00 00
[decoded_serial_node-3] [INFO] [1791537780.876531027] [bw_dr03_decoded_serial_node]: RECEIVED /cmd_vel: linear.x=0.035, angular.z=0.9
[decoded_serial_node-3] [INFO] [1791537780.876779176] [bw_dr03_decoded_serial_node]: SEND MOTOR CMD: cd eb d7 09 74 46 42 53 53 1a 11 00 00
[decoded_serial_node-3] [INFO] [1791537780.944527298] [bw_dr03_decoded_serial_node]: RECEIVED /cmd_vel: linear.x=0.0, angular.z=0.9
[decoded_serial_node-3] [INFO] [1791537780.944869244] [bw_dr03_decoded_serial_node]: SEND MOTOR CMD: cd eb d7 09 74 46 42 53 53 15 15 00 00
[decoded_serial_node-3] [INFO] [1791537781.017048422] [bw_dr03_decoded_serial_node]: RECEIVED /cmd_vel: linear.x=0.0, angular.z=0.9
[decoded_serial_node-3] [INFO] [1791537781.017604084] [bw_dr03_decoded_serial_node]: SEND MOTOR CMD: cd eb d7 09 74 46 42 53 53 15 15 00 00
[decoded_serial_node-3] [INFO] [1791537781.077137183] [bw_dr03_decoded_serial_node]: RECEIVED /cmd_vel: linear.x=0.0, angular.z=0.9
[decoded_serial_node-3] [INFO] [1791537781.077373458] [bw_dr03_decoded_serial_node]: SEND MOTOR CMD: cd eb d7 09 74 46 42 53 53 15 15 00 00
[follow_planner-8] [INFO] [1791537781.122555495] [follow_planner_node]: self-filter: bo 16/216 tia dap vao than xe
[decoded_serial_node-3] [INFO] [1791537781.143905771] [bw_dr03_decoded_serial_node]: RECEIVED /cmd_vel: linear.x=0.0, angular.z=0.9
[decoded_serial_node-3] [INFO] [1791537781.144151545] [bw_dr03_decoded_serial_node]: SEND MOTOR CMD: cd eb d7 09 74 46 42 53 53 15 15 00 00
[decoded_serial_node-3] [INFO] [1791537781.212333036] [bw_dr03_decoded_serial_node]: RECEIVED /cmd_vel: linear.x=0.0, angular.z=0.9
[decoded_serial_node-3] [INFO] [1791537781.212597807] [bw_dr03_decoded_serial_node]: SEND MOTOR CMD: cd eb d7 09 74 46 42 53 53 15 15 00 00
[target_tracker-7] [INFO] [1791537781.272820735] [target_tracker_node]: muc tieu: d=2.60m goc=25.9deg nguon=camera+bbox conf=0.55 v=0.86m/s 
[decoded_serial_node-3] [INFO] [1791537781.285114181] [bw_dr03_decoded_serial_node]: RECEIVED /cmd_vel: linear.x=0.0, angular.z=0.9
[decoded_serial_node-3] [INFO] [1791537781.285415759] [bw_dr03_decoded_serial_node]: SEND MOTOR CMD: cd eb d7 09 74 46 42 53 53 15 15 00 00
[decoded_serial_node-3] [INFO] [1791537781.343407724] [bw_dr03_decoded_serial_node]: RECEIVED /cmd_vel: linear.x=0.0, angular.z=0.9
[decoded_serial_node-3] [INFO] [1791537781.343733048] [bw_dr03_decoded_serial_node]: SEND MOTOR CMD: cd eb d7 09 74 46 42 53 53 15 15 00 00
[decoded_serial_node-3] [INFO] [1791537781.410111009] [bw_dr03_decoded_serial_node]: RECEIVED /cmd_vel: linear.x=0.0, angular.z=0.9
[decoded_serial_node-3] [INFO] [1791537781.410449394] [bw_dr03_decoded_serial_node]: SEND MOTOR CMD: cd eb d7 09 74 46 42 53 53 15 15 00 00
[decoded_serial_node-3] [INFO] [1791537781.486097901] [bw_dr03_decoded_serial_node]: RECEIVED /cmd_vel: linear.x=0.0, angular.z=0.9
[decoded_serial_node-3] [INFO] [1791537781.486401854] [bw_dr03_decoded_serial_node]: SEND MOTOR CMD: cd eb d7 09 74 46 42 53 53 15 15 00 00
[decoded_serial_node-3] [INFO] [1791537781.544684711] [bw_dr03_decoded_serial_node]: RECEIVED /cmd_vel: linear.x=0.0, angular.z=0.9
[decoded_serial_node-3] [INFO] [1791537781.544941170] [bw_dr03_decoded_serial_node]: SEND MOTOR CMD: cd eb d7 09 74 46 42 53 53 15 15 00 00
[decoded_serial_node-3] [INFO] [1791537781.610786028] [bw_dr03_decoded_serial_node]: RECEIVED /cmd_vel: linear.x=0.0, angular.z=0.9
[decoded_serial_node-3] [INFO] [1791537781.611177842] [bw_dr03_decoded_serial_node]: SEND MOTOR CMD: cd eb d7 09 74 46 42 53 53 15 15 00 00
[decoded_serial_node-3] [INFO] [1791537781.677255413] [bw_dr03_decoded_serial_node]: RECEIVED /cmd_vel: linear.x=0.0, angular.z=0.9
[decoded_serial_node-3] [INFO] [1791537781.677704218] [bw_dr03_decoded_serial_node]: SEND MOTOR CMD: cd eb d7 09 74 46 42 53 53 15 15 00 00
[decoded_serial_node-3] [INFO] [1791537781.757801590] [bw_dr03_decoded_serial_node]: RECEIVED /cmd_vel: linear.x=0.0, angular.z=0.9
[decoded_serial_node-3] [INFO] [1791537781.758610151] [bw_dr03_decoded_serial_node]: SEND MOTOR CMD: cd eb d7 09 74 46 42 53 53 15 15 00 00
[follow_planner-8] [INFO] [1791537781.811522788] [follow_planner_node]: [AVOID] ban do: xoay ve huong duong di | d=2.97m goc=10deg | v=0.000 w=0.900 | thoang=0.00m
[decoded_serial_node-3] [INFO] [1791537781.811760250] [bw_dr03_decoded_serial_node]: RECEIVED /cmd_vel: linear.x=0.0, angular.z=0.9
[decoded_serial_node-3] [INFO] [1791537781.812263671] [bw_dr03_decoded_serial_node]: SEND MOTOR CMD: cd eb d7 09 74 46 42 53 53 15 15 00 00
[decoded_serial_node-3] [INFO] [1791537781.877970801] [bw_dr03_decoded_serial_node]: RECEIVED /cmd_vel: linear.x=0.0, angular.z=0.9
[decoded_serial_node-3] [INFO] [1791537781.878541899] [bw_dr03_decoded_serial_node]: SEND MOTOR CMD: cd eb d7 09 74 46 42 53 53 15 15 00 00
[decoded_serial_node-3] [INFO] [1791537781.960050987] [bw_dr03_decoded_serial_node]: RECEIVED /cmd_vel: linear.x=0.0, angular.z=0.9
[decoded_serial_node-3] [INFO] [1791537781.960429740] [bw_dr03_decoded_serial_node]: SEND MOTOR CMD: cd eb d7 09 74 46 42 53 53 15 15 00 00
[decoded_serial_node-3] [INFO] [1791537782.011388058] [bw_dr03_decoded_serial_node]: RECEIVED /cmd_vel: linear.x=0.0, angular.z=0.9
[decoded_serial_node-3] [INFO] [1791537782.011795307] [bw_dr03_decoded_serial_node]: SEND MOTOR CMD: cd eb d7 09 74 46 42 53 53 15 15 00 00
[decoded_serial_node-3] [INFO] [1791537782.078014168] [bw_dr03_decoded_serial_node]: RECEIVED /cmd_vel: linear.x=0.0, angular.z=0.9
[decoded_serial_node-3] [INFO] [1791537782.078639883] [bw_dr03_decoded_serial_node]: SEND MOTOR CMD: cd eb d7 09 74 46 42 53 53 15 15 00 00
[decoded_serial_node-3] [INFO] [1791537782.146046058] [bw_dr03_decoded_serial_node]: RECEIVED /cmd_vel: linear.x=0.0, angular.z=0.9
[decoded_serial_node-3] [INFO] [1791537782.146412938] [bw_dr03_decoded_serial_node]: SEND MOTOR CMD: cd eb d7 09 74 46 42 53 53 15 15 00 00
[decoded_serial_node-3] [INFO] [1791537782.222975677] [bw_dr03_decoded_serial_node]: RECEIVED /cmd_vel: linear.x=0.0, angular.z=0.9
[decoded_serial_node-3] [INFO] [1791537782.223752180] [bw_dr03_decoded_serial_node]: SEND MOTOR CMD: cd eb d7 09 74 46 42 53 53 15 15 00 00
[target_tracker-7] [INFO] [1791537782.272836917] [target_tracker_node]: muc tieu: d=3.22m goc=-11.2deg nguon=predicted conf=0.55 v=0.41m/s 
[decoded_serial_node-3] [INFO] [1791537782.277083938] [bw_dr03_decoded_serial_node]: RECEIVED /cmd_vel: linear.x=0.0, angular.z=0.9
[decoded_serial_node-3] [INFO] [1791537782.277601607] [bw_dr03_decoded_serial_node]: SEND MOTOR CMD: cd eb d7 09 74 46 42 53 53 15 15 00 00
[decoded_serial_node-3] [INFO] [1791537782.343927326] [bw_dr03_decoded_serial_node]: RECEIVED /cmd_vel: linear.x=0.0, angular.z=0.9
[decoded_serial_node-3] [INFO] [1791537782.344239590] [bw_dr03_decoded_serial_node]: SEND MOTOR CMD: cd eb d7 09 74 46 42 53 53 15 15 00 00
[decoded_serial_node-3] [INFO] [1791537782.421208390] [bw_dr03_decoded_serial_node]: RECEIVED /cmd_vel: linear.x=0.0, angular.z=0.9
[decoded_serial_node-3] [INFO] [1791537782.421429230] [bw_dr03_decoded_serial_node]: SEND MOTOR CMD: cd eb d7 09 74 46 42 53 53 15 15 00 00
[decoded_serial_node-3] [INFO] [1791537782.485377948] [bw_dr03_decoded_serial_node]: RECEIVED /cmd_vel: linear.x=0.035, angular.z=0.74
[decoded_serial_node-3] [INFO] [1791537782.485724643] [bw_dr03_decoded_serial_node]: SEND MOTOR CMD: cd eb d7 09 74 46 42 53 53 16 0d 00 00
[decoded_serial_node-3] [INFO] [1791537782.554604275] [bw_dr03_decoded_serial_node]: RECEIVED /cmd_vel: linear.x=0.04666666666666666, angular.z=0.58
[decoded_serial_node-3] [INFO] [1791537782.554895167] [bw_dr03_decoded_serial_node]: SEND MOTOR CMD: cd eb d7 09 74 46 42 53 53 13 08 00 00
[decoded_serial_node-3] [INFO] [1791537782.619671442] [bw_dr03_decoded_serial_node]: RECEIVED /cmd_vel: linear.x=0.06999999999999999, angular.z=0.41999999999999993
[decoded_serial_node-3] [INFO] [1791537782.620103624] [bw_dr03_decoded_serial_node]: SEND MOTOR CMD: cd eb d7 09 74 46 42 53 53 12 05 00 00
[decoded_serial_node-3] [INFO] [1791537782.699708261] [bw_dr03_decoded_serial_node]: RECEIVED /cmd_vel: linear.x=0.09333333333333332, angular.z=0.2599999999999999
[decoded_serial_node-3] [INFO] [1791537782.700039521] [bw_dr03_decoded_serial_node]: SEND MOTOR CMD: cd eb d7 09 74 46 46 53 53 11 05 00 00
[decoded_serial_node-3] [INFO] [1791537782.752144784] [bw_dr03_decoded_serial_node]: RECEIVED /cmd_vel: linear.x=0.11666666666666665, angular.z=0.27249999999999985
[decoded_serial_node-3] [INFO] [1791537782.752381060] [bw_dr03_decoded_serial_node]: SEND MOTOR CMD: cd eb d7 09 74 46 46 53 53 14 07 00 00
[follow_planner-8] [INFO] [1791537782.819390672] [follow_planner_node]: [AVOID] di vong theo ban do (trai, 3.0m duong) | d=3.37m goc=-35deg | v=0.140 w=0.157 | thoang=0.27m
[decoded_serial_node-3] [INFO] [1791537782.819529588] [bw_dr03_decoded_serial_node]: RECEIVED /cmd_vel: linear.x=0.13999999999999999, angular.z=0.15671875000000013
[decoded_serial_node-3] [INFO] [1791537782.819870347] [bw_dr03_decoded_serial_node]: SEND MOTOR CMD: cd eb d7 09 74 46 46 53 53 14 0d 00 00
[decoded_serial_node-3] [INFO] [1791537782.894805278] [bw_dr03_decoded_serial_node]: RECEIVED /cmd_vel: linear.x=0.16333333333333333, angular.z=0.125
[decoded_serial_node-3] [INFO] [1791537782.895037992] [bw_dr03_decoded_serial_node]: SEND MOTOR CMD: cd eb d7 09 74 46 46 53 53 17 10 00 00
[decoded_serial_node-3] [INFO] [1791537782.953005023] [bw_dr03_decoded_serial_node]: RECEIVED /cmd_vel: linear.x=0.18666666666666665, angular.z=0.125
[decoded_serial_node-3] [INFO] [1791537782.953255546] [bw_dr03_decoded_serial_node]: SEND MOTOR CMD: cd eb d7 09 74 46 46 53 53 19 13 00 00
[decoded_serial_node-3] [INFO] [1791537783.021254191] [bw_dr03_decoded_serial_node]: RECEIVED /cmd_vel: linear.x=0.20999999999999996, angular.z=0.0
[decoded_serial_node-3] [INFO] [1791537783.021623445] [bw_dr03_decoded_serial_node]: SEND MOTOR CMD: cd eb d7 09 74 46 46 53 53 19 19 00 00
[decoded_serial_node-3] [INFO] [1791537783.087814998] [bw_dr03_decoded_serial_node]: RECEIVED /cmd_vel: linear.x=0.22, angular.z=0.0
[decoded_serial_node-3] [INFO] [1791537783.088152195] [bw_dr03_decoded_serial_node]: SEND MOTOR CMD: cd eb d7 09 74 46 46 53 53 1a 1a 00 00
[decoded_serial_node-3] [INFO] [1791537783.160812233] [bw_dr03_decoded_serial_node]: RECEIVED /cmd_vel: linear.x=0.22, angular.z=0.0
[decoded_serial_node-3] [INFO] [1791537783.161415388] [bw_dr03_decoded_serial_node]: SEND MOTOR CMD: cd eb d7 09 74 46 46 53 53 1a 1a 00 00
[decoded_serial_node-3] [INFO] [1791537783.220388074] [bw_dr03_decoded_serial_node]: RECEIVED /cmd_vel: linear.x=0.22, angular.z=0.0
[decoded_serial_node-3] [INFO] [1791537783.220962734] [bw_dr03_decoded_serial_node]: SEND MOTOR CMD: cd eb d7 09 74 46 46 53 53 1a 1a 00 00
[target_tracker-7] [INFO] [1791537783.274125893] [target_tracker_node]: muc tieu: d=3.44m goc=-47.8deg nguon=predicted conf=0.20 v=0.15m/s [NGOAI KHUNG HINH]
[decoded_serial_node-3] [INFO] [1791537783.286786219] [bw_dr03_decoded_serial_node]: RECEIVED /cmd_vel: linear.x=0.22, angular.z=-0.125
[decoded_serial_node-3] [INFO] [1791537783.287028431] [bw_dr03_decoded_serial_node]: SEND MOTOR CMD: cd eb d7 09 74 46 46 53 53 17 1d 00 00
[python3-4] [INFO] [1791537783.287949787] [identity_lock_node]: camera: nhan 12.5 fps (phoi sang 30 ms, do sang 91), xu ly 12.5 Hz, TB 23 ms/khung, tre tu luc chup 55.5 ms, 0 nguoi, status LOST
[decoded_serial_node-3] [INFO] [1791537783.366604572] [bw_dr03_decoded_serial_node]: RECEIVED /cmd_vel: linear.x=0.22, angular.z=-0.125
[decoded_serial_node-3] [INFO] [1791537783.366832536] [bw_dr03_decoded_serial_node]: SEND MOTOR CMD: cd eb d7 09 74 46 46 53 53 17 1d 00 00
[decoded_serial_node-3] [INFO] [1791537783.420928924] [bw_dr03_decoded_serial_node]: RECEIVED /cmd_vel: linear.x=0.22, angular.z=-0.125
[decoded_serial_node-3] [INFO] [1791537783.421183009] [bw_dr03_decoded_serial_node]: SEND MOTOR CMD: cd eb d7 09 74 46 46 53 53 17 1d 00 00
[decoded_serial_node-3] [INFO] [1791537783.486525632] [bw_dr03_decoded_serial_node]: RECEIVED /cmd_vel: linear.x=0.22, angular.z=-0.125
[decoded_serial_node-3] [INFO] [1791537783.486776156] [bw_dr03_decoded_serial_node]: SEND MOTOR CMD: cd eb d7 09 74 46 46 53 53 17 1d 00 00
[decoded_serial_node-3] [INFO] [1791537783.554549210] [bw_dr03_decoded_serial_node]: RECEIVED /cmd_vel: linear.x=0.22, angular.z=-0.125
[decoded_serial_node-3] [INFO] [1791537783.554956459] [bw_dr03_decoded_serial_node]: SEND MOTOR CMD: cd eb d7 09 74 46 46 53 53 17 1d 00 00
[decoded_serial_node-3] [INFO] [1791537783.632926164] [bw_dr03_decoded_serial_node]: RECEIVED /cmd_vel: linear.x=0.22, angular.z=-0.125
[decoded_serial_node-3] [INFO] [1791537783.633562564] [bw_dr03_decoded_serial_node]: SEND MOTOR CMD: cd eb d7 09 74 46 46 53 53 17 1d 00 00
[decoded_serial_node-3] [INFO] [1791537783.689460107] [bw_dr03_decoded_serial_node]: RECEIVED /cmd_vel: linear.x=0.22, angular.z=-0.125
[decoded_serial_node-3] [INFO] [1791537783.689788993] [bw_dr03_decoded_serial_node]: SEND MOTOR CMD: cd eb d7 09 74 46 46 53 53 17 1d 00 00
[decoded_serial_node-3] [INFO] [1791537783.757677217] [bw_dr03_decoded_serial_node]: RECEIVED /cmd_vel: linear.x=0.22, angular.z=-0.125
[decoded_serial_node-3] [INFO] [1791537783.758032223] [bw_dr03_decoded_serial_node]: SEND MOTOR CMD: cd eb d7 09 74 46 46 53 53 17 1d 00 00
[decoded_serial_node-3] [INFO] [1791537783.827227680] [bw_dr03_decoded_serial_node]: RECEIVED /cmd_vel: linear.x=0.22, angular.z=-0.125
[decoded_serial_node-3] [INFO] [1791537783.827665799] [bw_dr03_decoded_serial_node]: SEND MOTOR CMD: cd eb d7 09 74 46 46 53 53 17 1d 00 00
[follow_planner-8] [INFO] [1791537783.916025686] [follow_planner_node]: [SEARCH] mat nguoi — lai toi cho thay lan cuoi (di vong theo ban do (phai, 3.0m duong)) | d=- goc=- | v=0.220 w=0.000 | thoang=0.24m
[decoded_serial_node-3] [INFO] [1791537783.916795065] [bw_dr03_decoded_serial_node]: RECEIVED /cmd_vel: linear.x=0.22, angular.z=0.0
[decoded_serial_node-3] [INFO] [1791537783.917490831] [bw_dr03_decoded_serial_node]: SEND MOTOR CMD: cd eb d7 09 74 46 46 53 53 1a 1a 00 00
[decoded_serial_node-3] [INFO] [1791537783.962602816] [bw_dr03_decoded_serial_node]: RECEIVED /cmd_vel: linear.x=0.22, angular.z=0.0
[decoded_serial_node-3] [INFO] [1791537783.963058745] [bw_dr03_decoded_serial_node]: SEND MOTOR CMD: cd eb d7 09 74 46 46 53 53 1a 1a 00 00
[decoded_serial_node-3] [INFO] [1791537784.030337877] [bw_dr03_decoded_serial_node]: RECEIVED /cmd_vel: linear.x=0.22, angular.z=0.0
[decoded_serial_node-3] [INFO] [1791537784.030923222] [bw_dr03_decoded_serial_node]: SEND MOTOR CMD: cd eb d7 09 74 46 46 53 53 1a 1a 00 00
[decoded_serial_node-3] [INFO] [1791537784.116453740] [bw_dr03_decoded_serial_node]: RECEIVED /cmd_vel: linear.x=0.22, angular.z=0.0
[decoded_serial_node-3] [INFO] [1791537784.116979720] [bw_dr03_decoded_serial_node]: SEND MOTOR CMD: cd eb d7 09 74 46 46 53 53 1a 1a 00 00
[decoded_serial_node-3] [INFO] [1791537784.164200374] [bw_dr03_decoded_serial_node]: RECEIVED /cmd_vel: linear.x=0.22, angular.z=0.0
[decoded_serial_node-3] [INFO] [1791537784.164862895] [bw_dr03_decoded_serial_node]: SEND MOTOR CMD: cd eb d7 09 74 46 46 53 53 1a 1a 00 00
[decoded_serial_node-3] [INFO] [1791537784.230891786] [bw_dr03_decoded_serial_node]: RECEIVED /cmd_vel: linear.x=0.22, angular.z=0.0
[decoded_serial_node-3] [INFO] [1791537784.231339403] [bw_dr03_decoded_serial_node]: SEND MOTOR CMD: cd eb d7 09 74 46 46 53 53 1a 1a 00 00
[decoded_serial_node-3] [INFO] [1791537784.307898579] [bw_dr03_decoded_serial_node]: RECEIVED /cmd_vel: linear.x=0.22, angular.z=0.0
[decoded_serial_node-3] [INFO] [1791537784.308252398] [bw_dr03_decoded_serial_node]: SEND MOTOR CMD: cd eb d7 09 74 46 46 53 53 1a 1a 00 00
[target_tracker-7] [INFO] [1791537784.323207802] [target_tracker_node]: muc tieu: d=3.39m goc=-48.4deg nguon=predicted conf=0.00 v=0.05m/s [NGOAI KHUNG HINH]
[decoded_serial_node-3] [INFO] [1791537784.357916544] [bw_dr03_decoded_serial_node]: RECEIVED /cmd_vel: linear.x=0.22, angular.z=-0.125
[decoded_serial_node-3] [INFO] [1791537784.358226433] [bw_dr03_decoded_serial_node]: SEND MOTOR CMD: cd eb d7 09 74 46 46 53 53 17 1d 00 00
[decoded_serial_node-3] [INFO] [1791537784.422683320] [bw_dr03_decoded_serial_node]: RECEIVED /cmd_vel: linear.x=0.22, angular.z=-0.125
[decoded_serial_node-3] [INFO] [1791537784.422982523] [bw_dr03_decoded_serial_node]: SEND MOTOR CMD: cd eb d7 09 74 46 46 53 53 17 1d 00 00
[decoded_serial_node-3] [INFO] [1791537784.499395659] [bw_dr03_decoded_serial_node]: RECEIVED /cmd_vel: linear.x=0.22, angular.z=-0.125
[decoded_serial_node-3] [INFO] [1791537784.500040370] [bw_dr03_decoded_serial_node]: SEND MOTOR CMD: cd eb d7 09 74 46 46 53 53 17 1d 00 00
[decoded_serial_node-3] [INFO] [1791537784.553512231] [bw_dr03_decoded_serial_node]: RECEIVED /cmd_vel: linear.x=0.22, angular.z=-0.125
[decoded_serial_node-3] [INFO] [1791537784.553774627] [bw_dr03_decoded_serial_node]: SEND MOTOR CMD: cd eb d7 09 74 46 46 53 53 17 1d 00 00
[decoded_serial_node-3] [INFO] [1791537784.620133591] [bw_dr03_decoded_serial_node]: RECEIVED /cmd_vel: linear.x=0.22, angular.z=0.0
[decoded_serial_node-3] [INFO] [1791537784.620571709] [bw_dr03_decoded_serial_node]: SEND MOTOR CMD: cd eb d7 09 74 46 46 53 53 1a 1a 00 00
[decoded_serial_node-3] [INFO] [1791537784.698258833] [bw_dr03_decoded_serial_node]: RECEIVED /cmd_vel: linear.x=0.22, angular.z=0.0
[decoded_serial_node-3] [INFO] [1791537784.698510544] [bw_dr03_decoded_serial_node]: SEND MOTOR CMD: cd eb d7 09 74 46 46 53 53 1a 1a 00 00
[decoded_serial_node-3] [INFO] [1791537784.752665110] [bw_dr03_decoded_serial_node]: RECEIVED /cmd_vel: linear.x=0.22, angular.z=0.0
[decoded_serial_node-3] [INFO] [1791537784.753217210] [bw_dr03_decoded_serial_node]: SEND MOTOR CMD: cd eb d7 09 74 46 46 53 53 1a 1a 00 00
[decoded_serial_node-3] [INFO] [1791537784.820507028] [bw_dr03_decoded_serial_node]: RECEIVED /cmd_vel: linear.x=0.22, angular.z=0.0
[decoded_serial_node-3] [INFO] [1791537784.821200419] [bw_dr03_decoded_serial_node]: SEND MOTOR CMD: cd eb d7 09 74 46 46 53 53 1a 1a 00 00
[decoded_serial_node-3] [INFO] [1791537784.886154791] [bw_dr03_decoded_serial_node]: RECEIVED /cmd_vel: linear.x=0.22, angular.z=0.0
[follow_planner-8] [INFO] [1791537784.886160727] [follow_planner_node]: [SEARCH] mat nguoi — lai toi cho thay lan cuoi (di vong theo ban do (phai, 2.9m duong)) | d=- goc=- | v=0.220 w=0.000 | thoang=0.18m
[decoded_serial_node-3] [INFO] [1791537784.886389879] [bw_dr03_decoded_serial_node]: SEND MOTOR CMD: cd eb d7 09 74 46 46 53 53 1a 1a 00 00
[decoded_serial_node-3] [INFO] [1791537784.962781643] [bw_dr03_decoded_serial_node]: RECEIVED /cmd_vel: linear.x=0.22, angular.z=0.0
[decoded_serial_node-3] [INFO] [1791537784.963011982] [bw_dr03_decoded_serial_node]: SEND MOTOR CMD: cd eb d7 09 74 46 46 53 53 1a 1a 00 00
[decoded_serial_node-3] [INFO] [1791537785.020037473] [bw_dr03_decoded_serial_node]: RECEIVED /cmd_vel: linear.x=0.22, angular.z=0.0
[decoded_serial_node-3] [INFO] [1791537785.020282059] [bw_dr03_decoded_serial_node]: SEND MOTOR CMD: cd eb d7 09 74 46 46 53 53 1a 1a 00 00
[decoded_serial_node-3] [INFO] [1791537785.086939038] [bw_dr03_decoded_serial_node]: RECEIVED /cmd_vel: linear.x=0.22, angular.z=0.0
[decoded_serial_node-3] [INFO] [1791537785.087185999] [bw_dr03_decoded_serial_node]: SEND MOTOR CMD: cd eb d7 09 74 46 46 53 53 1a 1a 00 00
[decoded_serial_node-3] [INFO] [1791537785.160608292] [bw_dr03_decoded_serial_node]: RECEIVED /cmd_vel: linear.x=0.22, angular.z=0.0
[decoded_serial_node-3] [INFO] [1791537785.160846942] [bw_dr03_decoded_serial_node]: SEND MOTOR CMD: cd eb d7 09 74 46 46 53 53 1a 1a 00 00
[decoded_serial_node-3] [INFO] [1791537785.219553668] [bw_dr03_decoded_serial_node]: RECEIVED /cmd_vel: linear.x=0.22, angular.z=-0.125
[decoded_serial_node-3] [INFO] [1791537785.219812503] [bw_dr03_decoded_serial_node]: SEND MOTOR CMD: cd eb d7 09 74 46 46 53 53 17 1d 00 00
[decoded_serial_node-3] [INFO] [1791537785.287578433] [bw_dr03_decoded_serial_node]: RECEIVED /cmd_vel: linear.x=0.22, angular.z=-0.125
[decoded_serial_node-3] [INFO] [1791537785.287941751] [bw_dr03_decoded_serial_node]: SEND MOTOR CMD: cd eb d7 09 74 46 46 53 53 17 1d 00 00
[target_tracker-7] [INFO] [1791537785.322950883] [target_tracker_node]: muc tieu: d=3.29m goc=-49.2deg nguon=predicted conf=0.00 v=0.02m/s [NGOAI KHUNG HINH]
[decoded_serial_node-3] [INFO] [1791537785.365720297] [bw_dr03_decoded_serial_node]: RECEIVED /cmd_vel: linear.x=0.22, angular.z=-0.125
[decoded_serial_node-3] [INFO] [1791537785.366069367] [bw_dr03_decoded_serial_node]: SEND MOTOR CMD: cd eb d7 09 74 46 46 53 53 17 1d 00 00
[decoded_serial_node-3] [INFO] [1791537785.420106389] [bw_dr03_decoded_serial_node]: RECEIVED /cmd_vel: linear.x=0.22, angular.z=-0.125
[decoded_serial_node-3] [INFO] [1791537785.420342664] [bw_dr03_decoded_serial_node]: SEND MOTOR CMD: cd eb d7 09 74 46 46 53 53 17 1d 00 00
[decoded_serial_node-3] [INFO] [1791537785.486751495] [bw_dr03_decoded_serial_node]: RECEIVED /cmd_vel: linear.x=0.22, angular.z=-0.125
[decoded_serial_node-3] [INFO] [1791537785.487070882] [bw_dr03_decoded_serial_node]: SEND MOTOR CMD: cd eb d7 09 74 46 46 53 53 17 1d 00 00
[decoded_serial_node-3] [INFO] [1791537785.552063247] [bw_dr03_decoded_serial_node]: RECEIVED /cmd_vel: linear.x=0.22, angular.z=-0.125
[decoded_serial_node-3] [INFO] [1791537785.552343453] [bw_dr03_decoded_serial_node]: SEND MOTOR CMD: cd eb d7 09 74 46 46 53 53 17 1d 00 00
[decoded_serial_node-3] [INFO] [1791537785.630921062] [bw_dr03_decoded_serial_node]: RECEIVED /cmd_vel: linear.x=0.22, angular.z=-0.125
[decoded_serial_node-3] [INFO] [1791537785.631252322] [bw_dr03_decoded_serial_node]: SEND MOTOR CMD: cd eb d7 09 74 46 46 53 53 17 1d 00 00
[decoded_serial_node-3] [INFO] [1791537785.686216636] [bw_dr03_decoded_serial_node]: RECEIVED /cmd_vel: linear.x=0.22, angular.z=-0.125
[decoded_serial_node-3] [INFO] [1791537785.686474283] [bw_dr03_decoded_serial_node]: SEND MOTOR CMD: cd eb d7 09 74 46 46 53 53 17 1d 00 00
[decoded_serial_node-3] [INFO] [1791537785.753244056] [bw_dr03_decoded_serial_node]: RECEIVED /cmd_vel: linear.x=0.22, angular.z=-0.125
[decoded_serial_node-3] [INFO] [1791537785.753502891] [bw_dr03_decoded_serial_node]: SEND MOTOR CMD: cd eb d7 09 74 46 46 53 53 17 1d 00 00
[decoded_serial_node-3] [INFO] [1791537785.831390670] [bw_dr03_decoded_serial_node]: RECEIVED /cmd_vel: linear.x=0.22, angular.z=-0.125
[decoded_serial_node-3] [INFO] [1791537785.831986702] [bw_dr03_decoded_serial_node]: SEND MOTOR CMD: cd eb d7 09 74 46 46 53 53 17 1d 00 00
[decoded_serial_node-3] [INFO] [1791537785.886039158] [bw_dr03_decoded_serial_node]: RECEIVED /cmd_vel: linear.x=0.22, angular.z=-0.125
[decoded_serial_node-3] [INFO] [1791537785.886273059] [bw_dr03_decoded_serial_node]: SEND MOTOR CMD: cd eb d7 09 74 46 46 53 53 17 1d 00 00
[follow_planner-8] [INFO] [1791537785.951505262] [follow_planner_node]: [SEARCH] mat nguoi — lai toi cho thay lan cuoi (di vong theo ban do (phai, 3.0m duong)) | d=- goc=- | v=0.220 w=-0.125 | thoang=0.15m
[decoded_serial_node-3] [INFO] [1791537785.951696419] [bw_dr03_decoded_serial_node]: RECEIVED /cmd_vel: linear.x=0.22, angular.z=-0.125
[decoded_serial_node-3] [INFO] [1791537785.951932694] [bw_dr03_decoded_serial_node]: SEND MOTOR CMD: cd eb d7 09 74 46 46 53 53 17 1d 00 00
[decoded_serial_node-3] [INFO] [1791537786.020422886] [bw_dr03_decoded_serial_node]: RECEIVED /cmd_vel: linear.x=0.22, angular.z=-0.125
[decoded_serial_node-3] [INFO] [1791537786.020974987] [bw_dr03_decoded_serial_node]: SEND MOTOR CMD: cd eb d7 09 74 46 46 53 53 17 1d 00 00
[decoded_serial_node-3] [INFO] [1791537786.100351657] [bw_dr03_decoded_serial_node]: RECEIVED /cmd_vel: linear.x=0.22, angular.z=0.0
[decoded_serial_node-3] [INFO] [1791537786.100638987] [bw_dr03_decoded_serial_node]: SEND MOTOR CMD: cd eb d7 09 74 46 46 53 53 1a 1a 00 00
[decoded_serial_node-3] [INFO] [1791537786.155961869] [bw_dr03_decoded_serial_node]: RECEIVED /cmd_vel: linear.x=0.22, angular.z=0.0
[decoded_serial_node-3] [INFO] [1791537786.156245637] [bw_dr03_decoded_serial_node]: SEND MOTOR CMD: cd eb d7 09 74 46 46 53 53 1a 1a 00 00
[decoded_serial_node-3] [INFO] [1791537786.222287587] [bw_dr03_decoded_serial_node]: RECEIVED /cmd_vel: linear.x=0.22, angular.z=0.0
[decoded_serial_node-3] [INFO] [1791537786.222596288] [bw_dr03_decoded_serial_node]: SEND MOTOR CMD: cd eb d7 09 74 46 46 53 53 1a 1a 00 00
[decoded_serial_node-3] [INFO] [1791537786.289782809] [bw_dr03_decoded_serial_node]: RECEIVED /cmd_vel: linear.x=0.22, angular.z=0.0
[decoded_serial_node-3] [INFO] [1791537786.290106945] [bw_dr03_decoded_serial_node]: SEND MOTOR CMD: cd eb d7 09 74 46 46 53 53 1a 1a 00 00
[decoded_serial_node-3] [INFO] [1791537786.367250278] [bw_dr03_decoded_serial_node]: RECEIVED /cmd_vel: linear.x=0.22, angular.z=0.0
[decoded_serial_node-3] [INFO] [1791537786.367556605] [bw_dr03_decoded_serial_node]: SEND MOTOR CMD: cd eb d7 09 74 46 46 53 53 1a 1a 00 00
[target_tracker-7] [INFO] [1791537786.373350696] [target_tracker_node]: muc tieu: d=3.15m goc=-45.9deg nguon=predicted conf=0.00 v=0.01m/s [NGOAI KHUNG HINH]
[decoded_serial_node-3] [INFO] [1791537786.423197687] [bw_dr03_decoded_serial_node]: RECEIVED /cmd_vel: linear.x=0.22, angular.z=0.0
[decoded_serial_node-3] [INFO] [1791537786.423918387] [bw_dr03_decoded_serial_node]: SEND MOTOR CMD: cd eb d7 09 74 46 46 53 53 1a 1a 00 00
[decoded_serial_node-3] [INFO] [1791537786.489836856] [bw_dr03_decoded_serial_node]: RECEIVED /cmd_vel: linear.x=0.22, angular.z=0.0
[decoded_serial_node-3] [INFO] [1791537786.490156243] [bw_dr03_decoded_serial_node]: SEND MOTOR CMD: cd eb d7 09 74 46 46 53 53 1a 1a 00 00
[decoded_serial_node-3] [INFO] [1791537786.556249248] [bw_dr03_decoded_serial_node]: RECEIVED /cmd_vel: linear.x=0.22, angular.z=-0.125
[decoded_serial_node-3] [INFO] [1791537786.556561511] [bw_dr03_decoded_serial_node]: SEND MOTOR CMD: cd eb d7 09 74 46 46 53 53 17 1d 00 00
[decoded_serial_node-3] [INFO] [1791537786.634431481] [bw_dr03_decoded_serial_node]: RECEIVED /cmd_vel: linear.x=0.22, angular.z=-0.125
[decoded_serial_node-3] [INFO] [1791537786.634761554] [bw_dr03_decoded_serial_node]: SEND MOTOR CMD: cd eb d7 09 74 46 46 53 53 17 1d 00 00
[decoded_serial_node-3] [INFO] [1791537786.689927710] [bw_dr03_decoded_serial_node]: RECEIVED /cmd_vel: linear.x=0.22, angular.z=-0.125
[decoded_serial_node-3] [INFO] [1791537786.690239974] [bw_dr03_decoded_serial_node]: SEND MOTOR CMD: cd eb d7 09 74 46 46 53 53 17 1d 00 00
[decoded_serial_node-3] [INFO] [1791537786.755277456] [bw_dr03_decoded_serial_node]: RECEIVED /cmd_vel: linear.x=0.22, angular.z=-0.125
[decoded_serial_node-3] [INFO] [1791537786.755652648] [bw_dr03_decoded_serial_node]: SEND MOTOR CMD: cd eb d7 09 74 46 46 53 53 17 1d 00 00
[decoded_serial_node-3] [INFO] [1791537786.821649480] [bw_dr03_decoded_serial_node]: RECEIVED /cmd_vel: linear.x=0.22, angular.z=-0.125
[decoded_serial_node-3] [INFO] [1791537786.821924936] [bw_dr03_decoded_serial_node]: SEND MOTOR CMD: cd eb d7 09 74 46 46 53 53 17 1d 00 00
[decoded_serial_node-3] [INFO] [1791537786.900282891] [bw_dr03_decoded_serial_node]: RECEIVED /cmd_vel: linear.x=0.22, angular.z=-0.125
[decoded_serial_node-3] [INFO] [1791537786.900919292] [bw_dr03_decoded_serial_node]: SEND MOTOR CMD: cd eb d7 09 74 46 46 53 53 17 1d 00 00
[decoded_serial_node-3] [INFO] [1791537786.953499479] [bw_dr03_decoded_serial_node]: RECEIVED /cmd_vel: linear.x=0.22, angular.z=-0.25
[decoded_serial_node-3] [INFO] [1791537786.953767812] [bw_dr03_decoded_serial_node]: SEND MOTOR CMD: cd eb d7 09 74 46 46 53 53 14 21 00 00
[follow_planner-8] [INFO] [1791537787.020707371] [follow_planner_node]: [SEARCH] mat nguoi — lai toi cho thay lan cuoi (di vong theo ban do (phai, 3.5m duong)) | d=- goc=- | v=0.220 w=-0.269 | thoang=0.16m
[decoded_serial_node-3] [INFO] [1791537787.020959081] [bw_dr03_decoded_serial_node]: RECEIVED /cmd_vel: linear.x=0.22, angular.z=-0.26875000000000004
[decoded_serial_node-3] [INFO] [1791537787.021308152] [bw_dr03_decoded_serial_node]: SEND MOTOR CMD: cd eb d7 09 74 46 46 53 53 14 21 00 00
[decoded_serial_node-3] [INFO] [1791537787.085437339] [bw_dr03_decoded_serial_node]: RECEIVED /cmd_vel: linear.x=0.22, angular.z=-0.2757812500000001
[decoded_serial_node-3] [INFO] [1791537787.085698548] [bw_dr03_decoded_serial_node]: SEND MOTOR CMD: cd eb d7 09 74 46 46 53 53 14 21 00 00
[decoded_serial_node-3] [INFO] [1791537787.169307991] [bw_dr03_decoded_serial_node]: RECEIVED /cmd_vel: linear.x=0.22, angular.z=-0.27841796875
[decoded_serial_node-3] [INFO] [1791537787.169577511] [bw_dr03_decoded_serial_node]: SEND MOTOR CMD: cd eb d7 09 74 46 46 53 53 14 21 00 00
[decoded_serial_node-3] [INFO] [1791537787.219017253] [bw_dr03_decoded_serial_node]: RECEIVED /cmd_vel: linear.x=0.22, angular.z=-0.27940673828125007
[decoded_serial_node-3] [INFO] [1791537787.219551544] [bw_dr03_decoded_serial_node]: SEND MOTOR CMD: cd eb d7 09 74 46 46 53 53 14 21 00 00
[decoded_serial_node-3] [INFO] [1791537787.285547189] [bw_dr03_decoded_serial_node]: RECEIVED /cmd_vel: linear.x=0.22, angular.z=-0.3998146057128906
[decoded_serial_node-3] [INFO] [1791537787.285908132] [bw_dr03_decoded_serial_node]: SEND MOTOR CMD: cd eb d7 09 74 46 46 53 53 11 24 00 00
[decoded_serial_node-3] [INFO] [1791537787.352236224] [bw_dr03_decoded_serial_node]: RECEIVED /cmd_vel: linear.x=0.22, angular.z=-0.4374420642852783
[decoded_serial_node-3] [INFO] [1791537787.352471312] [bw_dr03_decoded_serial_node]: SEND MOTOR CMD: cd eb d7 09 74 46 46 53 53 10 25 00 00
[target_tracker-7] [INFO] [1791537787.422499074] [target_tracker_node]: muc tieu: no_target_yet
[decoded_serial_node-3] [INFO] [1791537787.441979330] [bw_dr03_decoded_serial_node]: RECEIVED /cmd_vel: linear.x=0.22, angular.z=-0.4492006450891495
[decoded_serial_node-3] [INFO] [1791537787.442213231] [bw_dr03_decoded_serial_node]: SEND MOTOR CMD: cd eb d7 09 74 46 46 53 53 0f 25 00 00
[decoded_serial_node-3] [INFO] [1791537787.488536274] [bw_dr03_decoded_serial_node]: RECEIVED /cmd_vel: linear.x=0.22, angular.z=-0.4528752015903592
[decoded_serial_node-3] [INFO] [1791537787.488795109] [bw_dr03_decoded_serial_node]: SEND MOTOR CMD: cd eb d7 09 74 46 46 53 53 0f 25 00 00
[decoded_serial_node-3] [INFO] [1791537787.551499520] [bw_dr03_decoded_serial_node]: RECEIVED /cmd_vel: linear.x=0.22, angular.z=-0.45402350049698725
[decoded_serial_node-3] [INFO] [1791537787.551754792] [bw_dr03_decoded_serial_node]: SEND MOTOR CMD: cd eb d7 09 74 46 46 53 53 0f 26 00 00
[decoded_serial_node-3] [INFO] [1791537787.620743654] [bw_dr03_decoded_serial_node]: RECEIVED /cmd_vel: linear.x=0.22, angular.z=-0.4543823439053085
[decoded_serial_node-3] [INFO] [1791537787.620982304] [bw_dr03_decoded_serial_node]: SEND MOTOR CMD: cd eb d7 09 74 46 46 53 53 0f 26 00 00
[decoded_serial_node-3] [INFO] [1791537787.703149161] [bw_dr03_decoded_serial_node]: RECEIVED /cmd_vel: linear.x=0.22, angular.z=-0.4544944824704089
[decoded_serial_node-3] [INFO] [1791537787.703375938] [bw_dr03_decoded_serial_node]: SEND MOTOR CMD: cd eb d7 09 74 46 46 53 53 0f 26 00 00
[decoded_serial_node-3] [INFO] [1791537787.752861986] [bw_dr03_decoded_serial_node]: RECEIVED /cmd_vel: linear.x=0.22, angular.z=-0.5636236206176022
[decoded_serial_node-3] [INFO] [1791537787.753393902] [bw_dr03_decoded_serial_node]: SEND MOTOR CMD: cd eb d7 09 74 46 46 53 53 0d 28 00 00
[decoded_serial_node-3] [INFO] [1791537787.819801544] [bw_dr03_decoded_serial_node]: RECEIVED /cmd_vel: linear.x=0.22, angular.z=-0.4886323814430007
[decoded_serial_node-3] [INFO] [1791537787.820137554] [bw_dr03_decoded_serial_node]: SEND MOTOR CMD: cd eb d7 09 74 46 46 53 53 0f 26 00 00
[decoded_serial_node-3] [INFO] [1791537787.887167349] [bw_dr03_decoded_serial_node]: RECEIVED /cmd_vel: linear.x=0.22, angular.z=-0.4651976192009377
[decoded_serial_node-3] [INFO] [1791537787.887429745] [bw_dr03_decoded_serial_node]: SEND MOTOR CMD: cd eb d7 09 74 46 46 53 53 0f 26 00 00
[decoded_serial_node-3] [INFO] [1791537787.967496244] [bw_dr03_decoded_serial_node]: RECEIVED /cmd_vel: linear.x=0.22, angular.z=-0.3494491072003516
[decoded_serial_node-3] [INFO] [1791537787.967731332] [bw_dr03_decoded_serial_node]: SEND MOTOR CMD: cd eb d7 09 74 46 46 53 53 12 23 00 00
[decoded_serial_node-3] [INFO] [1791537788.019086211] [bw_dr03_decoded_serial_node]: RECEIVED /cmd_vel: linear.x=0.22, angular.z=-0.3060434152001319
[decoded_serial_node-3] [INFO] [1791537788.019328423] [bw_dr03_decoded_serial_node]: SEND MOTOR CMD: cd eb d7 09 74 46 46 53 53 13 22 00 00
[follow_planner-8] [INFO] [1791537788.085163780] [follow_planner_node]: [SEARCH] mat nguoi — lai toi cho thay lan cuoi (di vong theo ban do (phai, 4.4m duong)) | d=- goc=- | v=0.220 w=-0.290 | thoang=0.20m
[decoded_serial_node-3] [INFO] [1791537788.085946219] [bw_dr03_decoded_serial_node]: RECEIVED /cmd_vel: linear.x=0.22, angular.z=-0.2897662807000495
[decoded_serial_node-3] [INFO] [1791537788.086342782] [bw_dr03_decoded_serial_node]: SEND MOTOR CMD: cd eb d7 09 74 46 46 53 53 13 22 00 00
[decoded_serial_node-3] [INFO] [1791537788.171131227] [bw_dr03_decoded_serial_node]: RECEIVED /cmd_vel: linear.x=0.22, angular.z=-0.2836623552625186
[decoded_serial_node-3] [INFO] [1791537788.171574095] [bw_dr03_decoded_serial_node]: SEND MOTOR CMD: cd eb d7 09 74 46 46 53 53 14 21 00 00
[decoded_serial_node-3] [INFO] [1791537788.219298169] [bw_dr03_decoded_serial_node]: RECEIVED /cmd_vel: linear.x=0.22, angular.z=-0.2813733832234445
[decoded_serial_node-3] [INFO] [1791537788.219691170] [bw_dr03_decoded_serial_node]: SEND MOTOR CMD: cd eb d7 09 74 46 46 53 53 14 21 00 00
[decoded_serial_node-3] [INFO] [1791537788.286817136] [bw_dr03_decoded_serial_node]: RECEIVED /cmd_vel: linear.x=0.22, angular.z=-0.2805150187087917
[decoded_serial_node-3] [INFO] [1791537788.287049850] [bw_dr03_decoded_serial_node]: SEND MOTOR CMD: cd eb d7 09 74 46 46 53 53 14 21 00 00
[decoded_serial_node-3] [INFO] [1791537788.352499329] [bw_dr03_decoded_serial_node]: RECEIVED /cmd_vel: linear.x=0.22, angular.z=-0.2801931320157969
[decoded_serial_node-3] [INFO] [1791537788.352993252] [bw_dr03_decoded_serial_node]: SEND MOTOR CMD: cd eb d7 09 74 46 46 53 53 14 21 00 00
[decoded_serial_node-3] [INFO] [1791537788.440397349] [bw_dr03_decoded_serial_node]: RECEIVED /cmd_vel: linear.x=0.22, angular.z=-0.16008449525691115
[decoded_serial_node-3] [INFO] [1791537788.440640748] [bw_dr03_decoded_serial_node]: SEND MOTOR CMD: cd eb d7 09 74 46 46 53 53 17 1e 00 00
[target_tracker-7] [INFO] [1791537788.472302842] [target_tracker_node]: muc tieu: no_target_yet
[decoded_serial_node-3] [INFO] [1791537788.486951919] [bw_dr03_decoded_serial_node]: RECEIVED /cmd_vel: linear.x=0.22, angular.z=-0.125
[decoded_serial_node-3] [INFO] [1791537788.487217877] [bw_dr03_decoded_serial_node]: SEND MOTOR CMD: cd eb d7 09 74 46 46 53 53 17 1d 00 00
[decoded_serial_node-3] [INFO] [1791537788.552281480] [bw_dr03_decoded_serial_node]: RECEIVED /cmd_vel: linear.x=0.22, angular.z=-0.125
[decoded_serial_node-3] [INFO] [1791537788.552539127] [bw_dr03_decoded_serial_node]: SEND MOTOR CMD: cd eb d7 09 74 46 46 53 53 17 1d 00 00
[decoded_serial_node-3] [INFO] [1791537788.637388125] [bw_dr03_decoded_serial_node]: RECEIVED /cmd_vel: linear.x=0.22, angular.z=-0.125
[decoded_serial_node-3] [INFO] [1791537788.637904606] [bw_dr03_decoded_serial_node]: SEND MOTOR CMD: cd eb d7 09 74 46 46 53 53 17 1d 00 00
[decoded_serial_node-3] [INFO] [1791537788.686578531] [bw_dr03_decoded_serial_node]: RECEIVED /cmd_vel: linear.x=0.22, angular.z=-0.125
[decoded_serial_node-3] [INFO] [1791537788.686869423] [bw_dr03_decoded_serial_node]: SEND MOTOR CMD: cd eb d7 09 74 46 46 53 53 17 1d 00 00
[decoded_serial_node-3] [INFO] [1791537788.751651632] [bw_dr03_decoded_serial_node]: RECEIVED /cmd_vel: linear.x=0.22, angular.z=-0.125
[decoded_serial_node-3] [INFO] [1791537788.751884345] [bw_dr03_decoded_serial_node]: SEND MOTOR CMD: cd eb d7 09 74 46 46 53 53 17 1d 00 00
[decoded_serial_node-3] [INFO] [1791537788.818769287] [bw_dr03_decoded_serial_node]: RECEIVED /cmd_vel: linear.x=0.22, angular.z=-0.125
[decoded_serial_node-3] [INFO] [1791537788.819022185] [bw_dr03_decoded_serial_node]: SEND MOTOR CMD: cd eb d7 09 74 46 46 53 53 17 1d 00 00
[decoded_serial_node-3] [INFO] [1791537788.902880963] [bw_dr03_decoded_serial_node]: RECEIVED /cmd_vel: linear.x=0.22, angular.z=-0.125
[decoded_serial_node-3] [INFO] [1791537788.903113677] [bw_dr03_decoded_serial_node]: SEND MOTOR CMD: cd eb d7 09 74 46 46 53 53 17 1d 00 00
[decoded_serial_node-3] [INFO] [1791537788.952308832] [bw_dr03_decoded_serial_node]: RECEIVED /cmd_vel: linear.x=0.22, angular.z=-0.125
[decoded_serial_node-3] [INFO] [1791537788.952590226] [bw_dr03_decoded_serial_node]: SEND MOTOR CMD: cd eb d7 09 74 46 46 53 53 17 1d 00 00
[decoded_serial_node-3] [INFO] [1791537789.021209833] [bw_dr03_decoded_serial_node]: RECEIVED /cmd_vel: linear.x=0.22, angular.z=0.0
[decoded_serial_node-3] [INFO] [1791537789.021438984] [bw_dr03_decoded_serial_node]: SEND MOTOR CMD: cd eb d7 09 74 46 46 53 53 1a 1a 00 00
[decoded_serial_node-3] [INFO] [1791537789.086546517] [bw_dr03_decoded_serial_node]: RECEIVED /cmd_vel: linear.x=0.22, angular.z=0.0
[decoded_serial_node-3] [INFO] [1791537789.086804164] [bw_dr03_decoded_serial_node]: SEND MOTOR CMD: cd eb d7 09 74 46 46 53 53 1a 1a 00 00
[follow_planner-8] [INFO] [1791537789.166577396] [follow_planner_node]: [SEARCH] mat nguoi — lai toi cho thay lan cuoi (di vong theo ban do (phai, 1.2m duong)) | d=- goc=- | v=0.220 w=-0.125 | thoang=0.22m
[decoded_serial_node-3] [INFO] [1791537789.166664070] [bw_dr03_decoded_serial_node]: RECEIVED /cmd_vel: linear.x=0.22, angular.z=-0.125
[decoded_serial_node-3] [INFO] [1791537789.166903907] [bw_dr03_decoded_serial_node]: SEND MOTOR CMD: cd eb d7 09 74 46 46 53 53 17 1d 00 00
[decoded_serial_node-3] [INFO] [1791537789.219219322] [bw_dr03_decoded_serial_node]: RECEIVED /cmd_vel: linear.x=0.22, angular.z=-0.125
[decoded_serial_node-3] [INFO] [1791537789.219474595] [bw_dr03_decoded_serial_node]: SEND MOTOR CMD: cd eb d7 09 74 46 46 53 53 17 1d 00 00
[decoded_serial_node-3] [INFO] [1791537789.286682485] [bw_dr03_decoded_serial_node]: RECEIVED /cmd_vel: linear.x=0.22, angular.z=-0.125
[decoded_serial_node-3] [INFO] [1791537789.286935383] [bw_dr03_decoded_serial_node]: SEND MOTOR CMD: cd eb d7 09 74 46 46 53 53 17 1d 00 00
[decoded_serial_node-3] [INFO] [1791537789.352723247] [bw_dr03_decoded_serial_node]: RECEIVED /cmd_vel: linear.x=0.22, angular.z=-0.125
[decoded_serial_node-3] [INFO] [1791537789.352961897] [bw_dr03_decoded_serial_node]: SEND MOTOR CMD: cd eb d7 09 74 46 46 53 53 17 1d 00 00
[decoded_serial_node-3] [INFO] [1791537789.436893101] [bw_dr03_decoded_serial_node]: RECEIVED /cmd_vel: linear.x=0.22, angular.z=-0.28500000000000003
[decoded_serial_node-3] [INFO] [1791537789.437227923] [bw_dr03_decoded_serial_node]: SEND MOTOR CMD: cd eb d7 09 74 46 46 53 53 13 21 00 00
[target_tracker-7] [INFO] [1791537789.472625306] [target_tracker_node]: muc tieu: no_target_yet
[decoded_serial_node-3] [INFO] [1791537789.485258324] [bw_dr03_decoded_serial_node]: RECEIVED /cmd_vel: linear.x=0.22, angular.z=-0.44500000000000006
[decoded_serial_node-3] [INFO] [1791537789.485495786] [bw_dr03_decoded_serial_node]: SEND MOTOR CMD: cd eb d7 09 74 46 46 53 53 10 25 00 00
[decoded_serial_node-3] [INFO] [1791537789.551933111] [bw_dr03_decoded_serial_node]: RECEIVED /cmd_vel: linear.x=0.22, angular.z=-0.6050000000000001
[decoded_serial_node-3] [INFO] [1791537789.552164637] [bw_dr03_decoded_serial_node]: SEND MOTOR CMD: cd eb d7 09 74 46 46 53 53 0c 29 00 00
[decoded_serial_node-3] [INFO] [1791537789.620799679] [bw_dr03_decoded_serial_node]: RECEIVED /cmd_vel: linear.x=0.22, angular.z=-0.7650000000000001
[decoded_serial_node-3] [INFO] [1791537789.621039516] [bw_dr03_decoded_serial_node]: SEND MOTOR CMD: cd eb d7 09 74 46 46 53 53 08 2d 00 00
[decoded_serial_node-3] [INFO] [1791537789.693714986] [bw_dr03_decoded_serial_node]: RECEIVED /cmd_vel: linear.x=0.22, angular.z=-0.7309375
[decoded_serial_node-3] [INFO] [1791537789.693948887] [bw_dr03_decoded_serial_node]: SEND MOTOR CMD: cd eb d7 09 74 46 46 53 53 09 2c 00 00
[decoded_serial_node-3] [INFO] [1791537789.754663359] [bw_dr03_decoded_serial_node]: RECEIVED /cmd_vel: linear.x=0.22, angular.z=-0.72455078125
[decoded_serial_node-3] [INFO] [1791537789.755195276] [bw_dr03_decoded_serial_node]: SEND MOTOR CMD: cd eb d7 09 74 46 46 53 53 09 2c 00 00
[decoded_serial_node-3] [INFO] [1791537789.820027352] [bw_dr03_decoded_serial_node]: RECEIVED /cmd_vel: linear.x=0.22, angular.z=-0.723353271484375
[decoded_serial_node-3] [INFO] [1791537789.820406105] [bw_dr03_decoded_serial_node]: SEND MOTOR CMD: cd eb d7 09 74 46 46 53 53 09 2c 00 00
[decoded_serial_node-3] [INFO] [1791537789.894164405] [bw_dr03_decoded_serial_node]: RECEIVED /cmd_vel: linear.x=0.22, angular.z=-0.8154191589355468
[decoded_serial_node-3] [INFO] [1791537789.894503977] [bw_dr03_decoded_serial_node]: SEND MOTOR CMD: cd eb d7 09 74 46 46 53 53 07 2e 00 00
[decoded_serial_node-3] [INFO] [1791537789.952273912] [bw_dr03_decoded_serial_node]: RECEIVED /cmd_vel: linear.x=0.22, angular.z=-0.7403910923004151
[decoded_serial_node-3] [INFO] [1791537789.952626544] [bw_dr03_decoded_serial_node]: SEND MOTOR CMD: cd eb d7 09 74 46 46 53 53 08 2c 00 00
[decoded_serial_node-3] [INFO] [1791537790.021229528] [bw_dr03_decoded_serial_node]: RECEIVED /cmd_vel: linear.x=0.22, angular.z=-0.7263233298063279
[decoded_serial_node-3] [INFO] [1791537790.021476489] [bw_dr03_decoded_serial_node]: SEND MOTOR CMD: cd eb d7 09 74 46 46 53 53 09 2c 00 00
[decoded_serial_node-3] [INFO] [1791537790.086475976] [bw_dr03_decoded_serial_node]: RECEIVED /cmd_vel: linear.x=0.22, angular.z=-0.7236856243386864
[decoded_serial_node-3] [INFO] [1791537790.086738372] [bw_dr03_decoded_serial_node]: SEND MOTOR CMD: cd eb d7 09 74 46 46 53 53 09 2c 00 00
[follow_planner-8] [INFO] [1791537790.164235523] [follow_planner_node]: [SEARCH] mat nguoi — lai toi cho thay lan cuoi (di vong theo ban do (phai, 3.6m duong)) | d=- goc=- | v=0.220 w=-0.631 | thoang=0.20m
[decoded_serial_node-3] [INFO] [1791537790.164313886] [bw_dr03_decoded_serial_node]: RECEIVED /cmd_vel: linear.x=0.22, angular.z=-0.6309214060846716
[decoded_serial_node-3] [INFO] [1791537790.164632086] [bw_dr03_decoded_serial_node]: SEND MOTOR CMD: cd eb d7 09 74 46 46 53 53 0b 2a 00 00
[decoded_serial_node-3] [INFO] [1791537790.221526970] [bw_dr03_decoded_serial_node]: RECEIVED /cmd_vel: linear.x=0.22, angular.z=-0.6077303515211679
[decoded_serial_node-3] [INFO] [1791537790.221791741] [bw_dr03_decoded_serial_node]: SEND MOTOR CMD: cd eb d7 09 74 46 46 53 53 0c 29 00 00
[decoded_serial_node-3] [INFO] [1791537790.286780542] [bw_dr03_decoded_serial_node]: RECEIVED /cmd_vel: linear.x=0.22, angular.z=-0.701449440910219
[decoded_serial_node-3] [INFO] [1791537790.287035814] [bw_dr03_decoded_serial_node]: SEND MOTOR CMD: cd eb d7 09 74 46 46 53 53 09 2c 00 00
[decoded_serial_node-3] [INFO] [1791537790.359922626] [bw_dr03_decoded_serial_node]: RECEIVED /cmd_vel: linear.x=0.22, angular.z=-0.719021770170666
[decoded_serial_node-3] [INFO] [1791537790.360377367] [bw_dr03_decoded_serial_node]: SEND MOTOR CMD: cd eb d7 09 74 46 46 53 53 09 2c 00 00
[decoded_serial_node-3] [INFO] [1791537790.422351579] [bw_dr03_decoded_serial_node]: RECEIVED /cmd_vel: linear.x=0.22, angular.z=-0.7223165819069999
[decoded_serial_node-3] [INFO] [1791537790.422623474] [bw_dr03_decoded_serial_node]: SEND MOTOR CMD: cd eb d7 09 74 46 46 53 53 09 2c 00 00
[decoded_serial_node-3] [INFO] [1791537790.487158721] [bw_dr03_decoded_serial_node]: RECEIVED /cmd_vel: linear.x=0.22, angular.z=-0.63057914547675
[decoded_serial_node-3] [INFO] [1791537790.487437740] [bw_dr03_decoded_serial_node]: SEND MOTOR CMD: cd eb d7 09 74 46 46 53 53 0b 2a 00 00
[target_tracker-7] [INFO] [1791537790.522778131] [target_tracker_node]: muc tieu: no_target_yet
[decoded_serial_node-3] [INFO] [1791537790.555230976] [bw_dr03_decoded_serial_node]: RECEIVED /cmd_vel: linear.x=0.22, angular.z=-0.6076447863691875
[decoded_serial_node-3] [INFO] [1791537790.555823445] [bw_dr03_decoded_serial_node]: SEND MOTOR CMD: cd eb d7 09 74 46 46 53 53 0c 29 00 00
[decoded_serial_node-3] [INFO] [1791537790.629240986] [bw_dr03_decoded_serial_node]: RECEIVED /cmd_vel: linear.x=0.22, angular.z=-0.5023889957403711
[decoded_serial_node-3] [INFO] [1791537790.629593618] [bw_dr03_decoded_serial_node]: SEND MOTOR CMD: cd eb d7 09 74 46 46 53 53 0e 27 00 00
[decoded_serial_node-3] [INFO] [1791537790.676120879] [bw_dr03_decoded_serial_node]: RECEIVED /cmd_vel: linear.x=0.19666666666666666, angular.z=-0.34238899574037107
[decoded_serial_node-3] [INFO] [1791537790.676370215] [bw_dr03_decoded_serial_node]: SEND MOTOR CMD: cd eb d7 09 74 46 46 53 53 0f 20 00 00
[decoded_serial_node-3] [INFO] [1791537790.741871936] [bw_dr03_decoded_serial_node]: RECEIVED /cmd_vel: linear.x=0.17333333333333334, angular.z=-0.18238899574037107
[decoded_serial_node-3] [INFO] [1791537790.742109398] [bw_dr03_decoded_serial_node]: SEND MOTOR CMD: cd eb d7 09 74 46 46 53 53 10 19 00 00
[decoded_serial_node-3] [INFO] [1791537790.808555033] [bw_dr03_decoded_serial_node]: RECEIVED /cmd_vel: linear.x=0.15000000000000002, angular.z=-0.1
[decoded_serial_node-3] [INFO] [1791537790.808803182] [bw_dr03_decoded_serial_node]: SEND MOTOR CMD: cd eb d7 09 74 46 46 53 53 0f 14 00 00
[decoded_serial_node-3] [INFO] [1791537790.875058847] [bw_dr03_decoded_serial_node]: RECEIVED /cmd_vel: linear.x=0.1266666666666667, angular.z=0.13761100425962894
[decoded_serial_node-3] [INFO] [1791537790.875293935] [bw_dr03_decoded_serial_node]: SEND MOTOR CMD: cd eb d7 09 74 46 46 53 53 12 0c 00 00
[decoded_serial_node-3] [INFO] [1791537790.941755005] [bw_dr03_decoded_serial_node]: RECEIVED /cmd_vel: linear.x=0.10333333333333337, angular.z=0.29761100425962894
[decoded_serial_node-3] [INFO] [1791537790.942015027] [bw_dr03_decoded_serial_node]: SEND MOTOR CMD: cd eb d7 09 74 46 46 53 53 13 05 00 00
[decoded_serial_node-3] [INFO] [1791537791.008923714] [bw_dr03_decoded_serial_node]: RECEIVED /cmd_vel: linear.x=0.08000000000000004, angular.z=0.457611004259629
[decoded_serial_node-3] [INFO] [1791537791.009471066] [bw_dr03_decoded_serial_node]: SEND MOTOR CMD: cd eb d7 09 74 46 42 53 53 14 05 00 00
[decoded_serial_node-3] [INFO] [1791537791.075457210] [bw_dr03_decoded_serial_node]: RECEIVED /cmd_vel: linear.x=0.05666666666666671, angular.z=0.617611004259629
[decoded_serial_node-3] [INFO] [1791537791.075811029] [bw_dr03_decoded_serial_node]: SEND MOTOR CMD: cd eb d7 09 74 46 42 53 53 16 08 00 00
[decoded_serial_node-3] [INFO] [1791537791.142192549] [bw_dr03_decoded_serial_node]: RECEIVED /cmd_vel: linear.x=0.035, angular.z=0.777611004259629
[decoded_serial_node-3] [INFO] [1791537791.142433574] [bw_dr03_decoded_serial_node]: SEND MOTOR CMD: cd eb d7 09 74 46 42 53 53 17 0e 00 00
[follow_planner-8] [INFO] [1791537791.161725046] [follow_planner_node]: self-filter: bo 9/210 tia dap vao than xe
[follow_planner-8] [INFO] [1791537791.209203345] [follow_planner_node]: [OCCLUDED] nguoi ra khoi camera — xoay ve huong nho cuoi | d=0.58m goc=24deg | v=0.035 w=0.900 | thoang=-
[decoded_serial_node-3] [INFO] [1791537791.209533418] [bw_dr03_decoded_serial_node]: RECEIVED /cmd_vel: linear.x=0.035, angular.z=0.9
[decoded_serial_node-3] [INFO] [1791537791.210054649] [bw_dr03_decoded_serial_node]: SEND MOTOR CMD: cd eb d7 09 74 46 42 53 53 1a 11 00 00
[decoded_serial_node-3] [INFO] [1791537791.275625233] [bw_dr03_decoded_serial_node]: RECEIVED /cmd_vel: linear.x=0.0, angular.z=0.9
[decoded_serial_node-3] [INFO] [1791537791.276158337] [bw_dr03_decoded_serial_node]: SEND MOTOR CMD: cd eb d7 09 74 46 42 53 53 15 15 00 00
[decoded_serial_node-3] [INFO] [1791537791.343570445] [bw_dr03_decoded_serial_node]: RECEIVED /cmd_vel: linear.x=0.0, angular.z=0.9
[decoded_serial_node-3] [INFO] [1791537791.344012126] [bw_dr03_decoded_serial_node]: SEND MOTOR CMD: cd eb d7 09 74 46 42 53 53 15 15 00 00
[follow_planner-8] [WARN] [1791537791.387926109] [follow_planner_node]: DUNG KHAN CAP
[decoded_serial_node-3] [INFO] [1791537791.388620687] [bw_dr03_decoded_serial_node]: RECEIVED /cmd_vel: linear.x=0.0, angular.z=0.0
[decoded_serial_node-3] [INFO] [1791537791.389054057] [bw_dr03_decoded_serial_node]: SEND MOTOR CMD: cd eb d7 09 74 53 53 53 53 1e 1e 00 00
[decoded_serial_node-3] [INFO] [1791537791.395039305] [bw_dr03_decoded_serial_node]: RECEIVED /cmd_vel: linear.x=0.0, angular.z=0.0
[decoded_serial_node-3] [INFO] [1791537791.395723198] [bw_dr03_decoded_serial_node]: RECEIVED /cmd_vel: linear.x=0.0, angular.z=0.0
[decoded_serial_node-3] [INFO] [1791537791.408967681] [bw_dr03_decoded_serial_node]: RECEIVED /cmd_vel: linear.x=0.0, angular.z=0.0
[decoded_serial_node-3] [INFO] [1791537791.475476244] [bw_dr03_decoded_serial_node]: RECEIVED /cmd_vel: linear.x=0.0, angular.z=0.0
[decoded_serial_node-3] [INFO] [1791537791.541953936] [bw_dr03_decoded_serial_node]: RECEIVED /cmd_vel: linear.x=0.0, angular.z=0.0
[target_tracker-7] [INFO] [1791537791.573414186] [target_tracker_node]: muc tieu: d=0.62m goc=31.0deg nguon=lidar_track conf=0.75 v=0.45m/s [NGOAI KHUNG HINH]
[decoded_serial_node-3] [INFO] [1791537791.609230690] [bw_dr03_decoded_serial_node]: RECEIVED /cmd_vel: linear.x=0.0, angular.z=0.0
[decoded_serial_node-3] [INFO] [1791537791.675568279] [bw_dr03_decoded_serial_node]: RECEIVED /cmd_vel: linear.x=0.0, angular.z=0.0
[decoded_serial_node-3] [INFO] [1791537791.742504274] [bw_dr03_decoded_serial_node]: RECEIVED /cmd_vel: linear.x=0.0, angular.z=0.0
[decoded_serial_node-3] [INFO] [1791537791.808429865] [bw_dr03_decoded_serial_node]: RECEIVED /cmd_vel: linear.x=0.0, angular.z=0.0
[decoded_serial_node-3] [INFO] [1791537791.875505963] [bw_dr03_decoded_serial_node]: RECEIVED /cmd_vel: linear.x=0.0, angular.z=0.0
[decoded_serial_node-3] [INFO] [1791537791.941484984] [bw_dr03_decoded_serial_node]: RECEIVED /cmd_vel: linear.x=0.0, angular.z=0.0
[decoded_serial_node-3] [INFO] [1791537792.008398420] [bw_dr03_decoded_serial_node]: RECEIVED /cmd_vel: linear.x=0.0, angular.z=0.0
[decoded_serial_node-3] [INFO] [1791537792.076001685] [bw_dr03_decoded_serial_node]: RECEIVED /cmd_vel: linear.x=0.0, angular.z=0.0
[decoded_serial_node-3] [INFO] [1791537792.141890469] [bw_dr03_decoded_serial_node]: RECEIVED /cmd_vel: linear.x=0.0, angular.z=0.0
[decoded_serial_node-3] [INFO] [1791537792.208442961] [bw_dr03_decoded_serial_node]: RECEIVED /cmd_vel: linear.x=0.0, angular.z=0.0
[follow_planner-8] [INFO] [1791537792.275365896] [follow_planner_node]: [IDLE] disabled | d=- goc=- | v=0.000 w=0.000 | thoang=-
[decoded_serial_node-3] [INFO] [1791537792.275380143] [bw_dr03_decoded_serial_node]: RECEIVED /cmd_vel: linear.x=0.0, angular.z=0.0
[decoded_serial_node-3] [INFO] [1791537792.342048993] [bw_dr03_decoded_serial_node]: RECEIVED /cmd_vel: linear.x=0.0, angular.z=0.0
[decoded_serial_node-3] [INFO] [1791537792.408897126] [bw_dr03_decoded_serial_node]: RECEIVED /cmd_vel: linear.x=0.0, angular.z=0.0
[decoded_serial_node-3] [INFO] [1791537792.475209781] [bw_dr03_decoded_serial_node]: RECEIVED /cmd_vel: linear.x=0.0, angular.z=0.0
[decoded_serial_node-3] [INFO] [1791537792.541834700] [bw_dr03_decoded_serial_node]: RECEIVED /cmd_vel: linear.x=0.0, angular.z=0.0
[decoded_serial_node-3] [INFO] [1791537792.609332294] [bw_dr03_decoded_serial_node]: RECEIVED /cmd_vel: linear.x=0.0, angular.z=0.0
[target_tracker-7] [INFO] [1791537792.622676512] [target_tracker_node]: muc tieu: d=0.62m goc=31.8deg nguon=lidar_track conf=0.75 v=0.27m/s [NGOAI KHUNG HINH]
[decoded_serial_node-3] [INFO] [1791537792.675361181] [bw_dr03_decoded_serial_node]: RECEIVED /cmd_vel: linear.x=0.0, angular.z=0.0
[decoded_serial_node-3] [INFO] [1791537792.741626343] [bw_dr03_decoded_serial_node]: RECEIVED /cmd_vel: linear.x=0.0, angular.z=0.0
[decoded_serial_node-3] [INFO] [1791537792.808614580] [bw_dr03_decoded_serial_node]: RECEIVED /cmd_vel: linear.x=0.0, angular.z=0.0
[decoded_serial_node-3] [INFO] [1791537792.875440154] [bw_dr03_decoded_serial_node]: RECEIVED /cmd_vel: linear.x=0.0, angular.z=0.0
[decoded_serial_node-3] [INFO] [1791537792.941685133] [bw_dr03_decoded_serial_node]: RECEIVED /cmd_vel: linear.x=0.0, angular.z=0.0
[decoded_serial_node-3] [INFO] [1791537793.008523768] [bw_dr03_decoded_serial_node]: RECEIVED /cmd_vel: linear.x=0.0, angular.z=0.0
[decoded_serial_node-3] [INFO] [1791537793.075428892] [bw_dr03_decoded_serial_node]: RECEIVED /cmd_vel: linear.x=0.0, angular.z=0.0
[decoded_serial_node-3] [INFO] [1791537793.141621628] [bw_dr03_decoded_serial_node]: RECEIVED /cmd_vel: linear.x=0.0, angular.z=0.0
[decoded_serial_node-3] [INFO] [1791537793.208873447] [bw_dr03_decoded_serial_node]: RECEIVED /cmd_vel: linear.x=0.0, angular.z=0.0
[follow_planner-8] [INFO] [1791537793.274850092] [follow_planner_node]: [IDLE] disabled | d=- goc=- | v=0.000 w=0.000 | thoang=-
[decoded_serial_node-3] [INFO] [1791537793.274970011] [bw_dr03_decoded_serial_node]: RECEIVED /cmd_vel: linear.x=0.0, angular.z=0.0
[python3-4] [INFO] [1791537793.299154403] [identity_lock_node]: camera: nhan 12.5 fps (phoi sang 30 ms, do sang 46), xu ly 12.5 Hz, TB 21 ms/khung, tre tu luc chup 66.9 ms, 2 nguoi, status TRACKING
[decoded_serial_node-3] [INFO] [1791537793.342042546] [bw_dr03_decoded_serial_node]: RECEIVED /cmd_vel: linear.x=0.0, angular.z=0.0
[decoded_serial_node-3] [INFO] [1791537793.409126955] [bw_dr03_decoded_serial_node]: RECEIVED /cmd_vel: linear.x=0.0, angular.z=0.0
[decoded_serial_node-3] [INFO] [1791537793.476042765] [bw_dr03_decoded_serial_node]: RECEIVED /cmd_vel: linear.x=0.0, angular.z=0.0
[decoded_serial_node-3] [INFO] [1791537793.542040781] [bw_dr03_decoded_serial_node]: RECEIVED /cmd_vel: linear.x=0.0, angular.z=0.0
[decoded_serial_node-3] [INFO] [1791537793.608740500] [bw_dr03_decoded_serial_node]: RECEIVED /cmd_vel: linear.x=0.0, angular.z=0.0
[target_tracker-7] [INFO] [1791537793.673489463] [target_tracker_node]: muc tieu: d=0.63m goc=32.3deg nguon=lidar_track conf=0.75 v=0.15m/s [NGOAI KHUNG HINH]
[decoded_serial_node-3] [INFO] [1791537793.674781260] [bw_dr03_decoded_serial_node]: RECEIVED /cmd_vel: linear.x=0.0, angular.z=0.0
[decoded_serial_node-3] [INFO] [1791537793.741692321] [bw_dr03_decoded_serial_node]: RECEIVED /cmd_vel: linear.x=0.0, angular.z=0.0
[decoded_serial_node-3] [INFO] [1791537793.808907334] [bw_dr03_decoded_serial_node]: RECEIVED /cmd_vel: linear.x=0.0, angular.z=0.0
[decoded_serial_node-3] [INFO] [1791537793.875110756] [bw_dr03_decoded_serial_node]: RECEIVED /cmd_vel: linear.x=0.0, angular.z=0.0
[decoded_serial_node-3] [INFO] [1791537793.942344766] [bw_dr03_decoded_serial_node]: RECEIVED /cmd_vel: linear.x=0.0, angular.z=0.0
[decoded_serial_node-3] [INFO] [1791537794.009164403] [bw_dr03_decoded_serial_node]: RECEIVED /cmd_vel: linear.x=0.0, angular.z=0.0
[decoded_serial_node-3] [INFO] [1791537794.075752514] [bw_dr03_decoded_serial_node]: RECEIVED /cmd_vel: linear.x=0.0, angular.z=0.0
[decoded_serial_node-3] [INFO] [1791537794.141662669] [bw_dr03_decoded_serial_node]: RECEIVED /cmd_vel: linear.x=0.0, angular.z=0.0
[decoded_serial_node-3] [INFO] [1791537794.208811192] [bw_dr03_decoded_serial_node]: RECEIVED /cmd_vel: linear.x=0.0, angular.z=0.0
[follow_planner-8] [INFO] [1791537794.275189149] [follow_planner_node]: [IDLE] disabled | d=- goc=- | v=0.000 w=0.000 | thoang=-
[decoded_serial_node-3] [INFO] [1791537794.275516847] [bw_dr03_decoded_serial_node]: RECEIVED /cmd_vel: linear.x=0.0, angular.z=0.0
[decoded_serial_node-3] [INFO] [1791537794.342128704] [bw_dr03_decoded_serial_node]: RECEIVED /cmd_vel: linear.x=0.0, angular.z=0.0
[decoded_serial_node-3] [INFO] [1791537794.408824861] [bw_dr03_decoded_serial_node]: RECEIVED /cmd_vel: linear.x=0.0, angular.z=0.0
[decoded_serial_node-3] [INFO] [1791537794.475433156] [bw_dr03_decoded_serial_node]: RECEIVED /cmd_vel: linear.x=0.0, angular.z=0.0
[decoded_serial_node-3] [INFO] [1791537794.542320470] [bw_dr03_decoded_serial_node]: RECEIVED /cmd_vel: linear.x=0.0, angular.z=0.0
[decoded_serial_node-3] [INFO] [1791537794.609029687] [bw_dr03_decoded_serial_node]: RECEIVED /cmd_vel: linear.x=0.0, angular.z=0.0
[decoded_serial_node-3] [INFO] [1791537794.675239045] [bw_dr03_decoded_serial_node]: RECEIVED /cmd_vel: linear.x=0.0, angular.z=0.0
[target_tracker-7] [INFO] [1791537794.722950057] [target_tracker_node]: muc tieu: d=0.59m goc=26.7deg nguon=camera+bbox conf=0.68 v=0.15m/s 
[decoded_serial_node-3] [INFO] [1791537794.741716736] [bw_dr03_decoded_serial_node]: RECEIVED /cmd_vel: linear.x=0.0, angular.z=0.0
[decoded_serial_node-3] [INFO] [1791537794.808938873] [bw_dr03_decoded_serial_node]: RECEIVED /cmd_vel: linear.x=0.0, angular.z=0.0
[decoded_serial_node-3] [INFO] [1791537794.875488989] [bw_dr03_decoded_serial_node]: RECEIVED /cmd_vel: linear.x=0.0, angular.z=0.0
[decoded_serial_node-3] [INFO] [1791537794.941926312] [bw_dr03_decoded_serial_node]: RECEIVED /cmd_vel: linear.x=0.0, angular.z=0.0
[decoded_serial_node-3] [INFO] [1791537795.008827873] [bw_dr03_decoded_serial_node]: RECEIVED /cmd_vel: linear.x=0.0, angular.z=0.0
[decoded_serial_node-3] [INFO] [1791537795.075136965] [bw_dr03_decoded_serial_node]: RECEIVED /cmd_vel: linear.x=0.0, angular.z=0.0
[decoded_serial_node-3] [INFO] [1791537795.142304485] [bw_dr03_decoded_serial_node]: RECEIVED /cmd_vel: linear.x=0.0, angular.z=0.0
[decoded_serial_node-3] [INFO] [1791537795.208665819] [bw_dr03_decoded_serial_node]: RECEIVED /cmd_vel: linear.x=0.0, angular.z=0.0
[decoded_serial_node-3] [INFO] [1791537795.275250367] [bw_dr03_decoded_serial_node]: RECEIVED /cmd_vel: linear.x=0.0, angular.z=0.0
[decoded_serial_node-3] [INFO] [1791537795.341643758] [bw_dr03_decoded_serial_node]: RECEIVED /cmd_vel: linear.x=0.0, angular.z=0.0
[follow_planner-8] [INFO] [1791537795.341912091] [follow_planner_node]: [IDLE] disabled | d=- goc=- | v=0.000 w=0.000 | thoang=-
[decoded_serial_node-3] [INFO] [1791537795.408041899] [bw_dr03_decoded_serial_node]: RECEIVED /cmd_vel: linear.x=0.0, angular.z=0.0
[decoded_serial_node-3] [INFO] [1791537795.477301465] [bw_dr03_decoded_serial_node]: RECEIVED /cmd_vel: linear.x=0.0, angular.z=0.0
[decoded_serial_node-3] [INFO] [1791537795.541797529] [bw_dr03_decoded_serial_node]: RECEIVED /cmd_vel: linear.x=0.0, angular.z=0.0
[decoded_serial_node-3] [INFO] [1791537795.608740646] [bw_dr03_decoded_serial_node]: RECEIVED /cmd_vel: linear.x=0.0, angular.z=0.0
[decoded_serial_node-3] [INFO] [1791537795.675467673] [bw_dr03_decoded_serial_node]: RECEIVED /cmd_vel: linear.x=0.0, angular.z=0.0
[target_tracker-7] [INFO] [1791537795.723242799] [target_tracker_node]: muc tieu: d=0.60m goc=26.6deg nguon=camera+bbox conf=0.68 v=0.14m/s 
[decoded_serial_node-3] [INFO] [1791537795.742011853] [bw_dr03_decoded_serial_node]: RECEIVED /cmd_vel: linear.x=0.0, angular.z=0.0
[decoded_serial_node-3] [INFO] [1791537795.808925287] [bw_dr03_decoded_serial_node]: RECEIVED /cmd_vel: linear.x=0.0, angular.z=0.0
[decoded_serial_node-3] [INFO] [1791537795.875242690] [bw_dr03_decoded_serial_node]: RECEIVED /cmd_vel: linear.x=0.0, angular.z=0.0
[decoded_serial_node-3] [INFO] [1791537795.941651516] [bw_dr03_decoded_serial_node]: RECEIVED /cmd_vel: linear.x=0.0, angular.z=0.0
[decoded_serial_node-3] [INFO] [1791537796.009183541] [bw_dr03_decoded_serial_node]: RECEIVED /cmd_vel: linear.x=0.0, angular.z=0.0
[decoded_serial_node-3] [INFO] [1791537796.075442766] [bw_dr03_decoded_serial_node]: RECEIVED /cmd_vel: linear.x=0.0, angular.z=0.0
[decoded_serial_node-3] [INFO] [1791537796.142100927] [bw_dr03_decoded_serial_node]: RECEIVED /cmd_vel: linear.x=0.0, angular.z=0.0
[decoded_serial_node-3] [INFO] [1791537796.209060667] [bw_dr03_decoded_serial_node]: RECEIVED /cmd_vel: linear.x=0.0, angular.z=0.0
[follow_planner-8] [WARN] [1791537796.211891222] [follow_planner_node]: DUNG KHAN CAP
[decoded_serial_node-3] [INFO] [1791537796.212165492] [bw_dr03_decoded_serial_node]: RECEIVED /cmd_vel: linear.x=0.0, angular.z=0.0
[decoded_serial_node-3] [INFO] [1791537796.213211515] [bw_dr03_decoded_serial_node]: RECEIVED /cmd_vel: linear.x=0.0, angular.z=0.0
[decoded_serial_node-3] [INFO] [1791537796.213731558] [bw_dr03_decoded_serial_node]: RECEIVED /cmd_vel: linear.x=0.0, angular.z=0.0
[decoded_serial_node-3] [INFO] [1791537796.275499175] [bw_dr03_decoded_serial_node]: RECEIVED /cmd_vel: linear.x=0.0, angular.z=0.0
[decoded_serial_node-3] [INFO] [1791537796.341769085] [bw_dr03_decoded_serial_node]: RECEIVED /cmd_vel: linear.x=0.0, angular.z=0.0
[decoded_serial_node-3] [INFO] [1791537796.408181473] [bw_dr03_decoded_serial_node]: RECEIVED /cmd_vel: linear.x=0.0, angular.z=0.0
[follow_planner-8] [INFO] [1791537796.408648087] [follow_planner_node]: [IDLE] disabled | d=- goc=- | v=0.000 w=0.000 | thoang=-
[decoded_serial_node-3] [INFO] [1791537796.474679347] [bw_dr03_decoded_serial_node]: RECEIVED /cmd_vel: linear.x=0.0, angular.z=0.0
[decoded_serial_node-3] [INFO] [1791537796.541759005] [bw_dr03_decoded_serial_node]: RECEIVED /cmd_vel: linear.x=0.0, angular.z=0.0
[decoded_serial_node-3] [INFO] [1791537796.609021510] [bw_dr03_decoded_serial_node]: RECEIVED /cmd_vel: linear.x=0.0, angular.z=0.0
[decoded_serial_node-3] [INFO] [1791537796.675166752] [bw_dr03_decoded_serial_node]: RECEIVED /cmd_vel: linear.x=0.0, angular.z=0.0
[WARNING] [launch]: user interrupted with ctrl-c (SIGINT)
[INFO] [follow_planner-8]: sending signal 'SIGINT' to process[follow_planner-8]
[INFO] [target_tracker-7]: sending signal 'SIGINT' to process[target_tracker-7]
[INFO] [rssi_bearing-6]: sending signal 'SIGINT' to process[rssi_bearing-6]
[INFO] [rssi_scanner-5]: sending signal 'SIGINT' to process[rssi_scanner-5]
[INFO] [python3-4]: sending signal 'SIGINT' to process[python3-4]
[INFO] [decoded_serial_node-3]: sending signal 'SIGINT' to process[decoded_serial_node-3]
[INFO] [static_transform_publisher-2]: sending signal 'SIGINT' to process[static_transform_publisher-2]
[INFO] [sc_mini-1]: sending signal 'SIGINT' to process[sc_mini-1]
[static_transform_publisher-2] [INFO] [1791537796.717020745] [rclcpp]: signal_handler(SIGINT/SIGTERM)
[sc_mini-1] [INFO] [1791537796.717008872] [rclcpp]: signal_handler(SIGINT/SIGTERM)
[decoded_serial_node-3] [INFO] [1791537796.718089327] [bw_dr03_decoded_serial_node]: SEND MOTOR CMD: cd eb d7 09 74 53 53 53 53 1e 1e 00 00
[decoded_serial_node-3] Failed to publish log message to rosout: publisher's context is invalid, at ./src/rcl/publisher.c:423
[follow_planner-8] Traceback (most recent call last):
[follow_planner-8]   File "/home/thaihoa/ros2_reid_from_github/install/person_follow_nav/lib/person_follow_nav/follow_planner", line 33, in <module>
[follow_planner-8]     sys.exit(load_entry_point('person-follow-nav', 'console_scripts', 'follow_planner')())
[follow_planner-8]              ^^^^^^^^^^^^^^^^^^^^^^^^^^^^^^^^^^^^^^^^^^^^^^^^^^^^^^^^^^^^^^^^^^^^^^^^^^^^
[follow_planner-8]   File "/home/thaihoa/ros2_reid_from_github/build/person_follow_nav/person_follow_nav/follow_planner_node.py", line 2318, in main
[follow_planner-8]     node.destroy_node()
[follow_planner-8]   File "/home/thaihoa/ros2_reid_from_github/build/person_follow_nav/person_follow_nav/follow_planner_node.py", line 2303, in destroy_node
[follow_planner-8]     return super().destroy_node()
[target_tracker-7] Traceback (most recent call last):
[target_tracker-7]   File "/home/thaihoa/ros2_reid_from_github/install/person_follow_nav/lib/person_follow_nav/target_tracker", line 33, in <module>
[target_tracker-7]     sys.exit(load_entry_point('person-follow-nav', 'console_scripts', 'target_tracker')())
[follow_planner-8]            ^^^^^^^^^^^^^^^^^^^^^^
[follow_planner-8]   File "/opt/ros/jazzy/lib/python3.12/site-packages/rclpy/node.py", line 1958, in destroy_node
[target_tracker-7]              ^^^^^^^^^^^^^^^^^^^^^^^^^^^^^^^^^^^^^^^^^^^^^^^^^^^^^^^^^^^^^^^^^^^^^^^^^^^^
[target_tracker-7]   File "/home/thaihoa/ros2_reid_from_github/build/person_follow_nav/person_follow_nav/target_tracker_node.py", line 942, in main
[target_tracker-7]     node.destroy_node()
[target_tracker-7]   File "/opt/ros/jazzy/lib/python3.12/site-packages/rclpy/node.py", line 1962, in destroy_node
[target_tracker-7]     self.destroy_service(self._services[0])
[target_tracker-7]   File "/opt/ros/jazzy/lib/python3.12/site-packages/rclpy/node.py", line 1886, in destroy_service
[follow_planner-8]     self.destroy_subscription(self._subscriptions[0])
[follow_planner-8]   File "/opt/ros/jazzy/lib/python3.12/site-packages/rclpy/node.py", line 1854, in destroy_subscription
[follow_planner-8]     subscription.destroy()
[follow_planner-8]   File "/opt/ros/jazzy/lib/python3.12/site-packages/rclpy/subscription.py", line 101, in destroy
[follow_planner-8]     self.handle.destroy_when_not_in_use()
[rssi_bearing-6] Traceback (most recent call last):
[rssi_bearing-6]   File "/home/thaihoa/ros2_reid_from_github/install/person_follow_nav/lib/person_follow_nav/rssi_bearing", line 33, in <module>
[rssi_bearing-6]     sys.exit(load_entry_point('person-follow-nav', 'console_scripts', 'rssi_bearing')())
[rssi_scanner-5] Traceback (most recent call last):
[rssi_scanner-5]   File "/home/thaihoa/ros2_reid_from_github/install/person_follow_nav/lib/person_follow_nav/rssi_scanner", line 33, in <module>
[follow_planner-8] KeyboardInterrupt
[rssi_bearing-6]              ^^^^^^^^^^^^^^^^^^^^^^^^^^^^^^^^^^^^^^^^^^^^^^^^^^^^^^^^^^^^^^^^^^^^^^^^^^
[rssi_bearing-6]   File "/home/thaihoa/ros2_reid_from_github/build/person_follow_nav/person_follow_nav/rssi_bearing_node.py", line 183, in main
[rssi_bearing-6]     node.destroy_node()
[rssi_bearing-6]   File "/opt/ros/jazzy/lib/python3.12/site-packages/rclpy/node.py", line 1962, in destroy_node
[rssi_bearing-6]     self.destroy_service(self._services[0])
[rssi_bearing-6]   File "/opt/ros/jazzy/lib/python3.12/site-packages/rclpy/node.py", line 1886, in destroy_service
[rssi_scanner-5]     sys.exit(load_entry_point('person-follow-nav', 'console_scripts', 'rssi_scanner')())
[rssi_scanner-5]              ^^^^^^^^^^^^^^^^^^^^^^^^^^^^^^^^^^^^^^^^^^^^^^^^^^^^^^^^^^^^^^^^^^^^^^^^^^
[rssi_scanner-5]   File "/home/thaihoa/ros2_reid_from_github/build/person_follow_nav/person_follow_nav/rssi_scanner_node.py", line 167, in main
[rssi_scanner-5]     node.destroy_node()
[rssi_scanner-5]   File "/home/thaihoa/ros2_reid_from_github/build/person_follow_nav/person_follow_nav/rssi_scanner_node.py", line 156, in destroy_node
[rssi_scanner-5]     super().destroy_node()
[rssi_scanner-5]   File "/opt/ros/jazzy/lib/python3.12/site-packages/rclpy/node.py", line 1967, in destroy_node
[rssi_scanner-5]     self._type_description_service.destroy()
[rssi_scanner-5]   File "/opt/ros/jazzy/lib/python3.12/site-packages/rclpy/type_description_service.py", line 76, in destroy
[rssi_scanner-5]     def destroy(self):
[rssi_scanner-5] 
[rssi_scanner-5] KeyboardInterrupt
[target_tracker-7]     service.destroy()
[target_tracker-7]   File "/opt/ros/jazzy/lib/python3.12/site-packages/rclpy/service.py", line 123, in destroy
[target_tracker-7]     self.__service.destroy_when_not_in_use()
[target_tracker-7] KeyboardInterrupt
[python3-4] Traceback (most recent call last):
[python3-4]   File "<frozen runpy>", line 198, in _run_module_as_main
[python3-4]   File "<frozen runpy>", line 88, in _run_code
[python3-4]   File "/home/thaihoa/ros2_reid_from_github/build/person_follow_identity/person_follow_identity/node.py", line 509, in <module>
[python3-4]     main()
[python3-4]   File "/home/thaihoa/ros2_reid_from_github/build/person_follow_identity/person_follow_identity/node.py", line 503, in main
[python3-4]     node.destroy_node()
[python3-4]   File "/home/thaihoa/ros2_reid_from_github/build/person_follow_identity/person_follow_identity/node.py", line 487, in destroy_node
[python3-4]     self.grabber.stop()
[python3-4]   File "/home/thaihoa/ros2_reid_from_github/build/person_follow_identity/person_follow_identity/node.py", line 150, in stop
[python3-4]     self._thread.join(timeout=1.0)
[python3-4]   File "/usr/lib/python3.12/threading.py", line 1151, in join
[python3-4]     self._wait_for_tstate_lock(timeout=max(timeout, 0))
[python3-4]   File "/usr/lib/python3.12/threading.py", line 1167, in _wait_for_tstate_lock
[rssi_bearing-6]     service.destroy()
[rssi_bearing-6]   File "/opt/ros/jazzy/lib/python3.12/site-packages/rclpy/service.py", line 123, in destroy
[rssi_bearing-6]     self.__service.destroy_when_not_in_use()
[rssi_bearing-6] KeyboardInterrupt
[python3-4]     if lock.acquire(block, timeout):
[python3-4]        ^^^^^^^^^^^^^^^^^^^^^^^^^^^^
[python3-4] KeyboardInterrupt
[sc_mini-1] [INFO] [1791537796.724548313] [rclcpp]: signal_handler(SIGINT/SIGTERM)
[ERROR] [static_transform_publisher-2]: process has died [pid 25995, exit code -2, cmd '/opt/ros/jazzy/lib/tf2_ros/static_transform_publisher 0.10 0.00 0.18 0 0 0 base_link laser --ros-args -r __node:=base_to_laser'].
[decoded_serial_node-3] Traceback (most recent call last):
[decoded_serial_node-3]   File "/home/thaihoa/ros2_reid_from_github/install/bw_dr03_ros2/lib/bw_dr03_ros2/decoded_serial_node", line 33, in <module>
[decoded_serial_node-3]     sys.exit(load_entry_point('bw-dr03-ros2', 'console_scripts', 'decoded_serial_node')())
[decoded_serial_node-3]              ^^^^^^^^^^^^^^^^^^^^^^^^^^^^^^^^^^^^^^^^^^^^^^^^^^^^^^^^^^^^^^^^^^^^^^^^^^^^
[decoded_serial_node-3]   File "/home/thaihoa/ros2_reid_from_github/build/bw_dr03_ros2/bw_dr03_ros2/decoded_serial_node.py", line 530, in main
[decoded_serial_node-3]     node.destroy_node()
[decoded_serial_node-3]   File "/home/thaihoa/ros2_reid_from_github/build/bw_dr03_ros2/bw_dr03_ros2/decoded_serial_node.py", line 513, in destroy_node
[decoded_serial_node-3]     self.ser.close()
[decoded_serial_node-3]   File "/usr/lib/python3/dist-packages/serial/serialposix.py", line 533, in close
[decoded_serial_node-3]     os.close(self.fd)
[decoded_serial_node-3] KeyboardInterrupt
[python3-4] FATAL: exception not rethrown
[ERROR] [rssi_scanner-5]: process has died [pid 25998, exit code -2, cmd '/home/thaihoa/ros2_reid_from_github/install/person_follow_nav/lib/person_follow_nav/rssi_scanner --ros-args -r __node:=rssi_scanner_node --params-file /home/thaihoa/ros2_reid_from_github/install/person_follow_nav/share/person_follow_nav/config/rssi.yaml --params-file /tmp/launch_params_pnqb915f'].
[ERROR] [rssi_bearing-6]: process has died [pid 25999, exit code -2, cmd '/home/thaihoa/ros2_reid_from_github/install/person_follow_nav/lib/person_follow_nav/rssi_bearing --ros-args -r __node:=rssi_bearing_node --params-file /home/thaihoa/ros2_reid_from_github/install/person_follow_nav/share/person_follow_nav/config/rssi.yaml --params-file /tmp/launch_params_oso54ihy'].
[ERROR] [target_tracker-7]: process has died [pid 26000, exit code -2, cmd '/home/thaihoa/ros2_reid_from_github/install/person_follow_nav/lib/person_follow_nav/target_tracker --ros-args -r __node:=target_tracker_node --params-file /home/thaihoa/ros2_reid_from_github/install/person_follow_nav/share/person_follow_nav/config/follow_nav.yaml'].
[ERROR] [follow_planner-8]: process has died [pid 26001, exit code -2, cmd '/home/thaihoa/ros2_reid_from_github/install/person_follow_nav/lib/person_follow_nav/follow_planner --ros-args -r __node:=follow_planner_node --params-file /home/thaihoa/ros2_reid_from_github/install/person_follow_nav/share/person_follow_nav/config/follow_nav.yaml --params-file /tmp/launch_params_x246igh5'].
[ERROR] [decoded_serial_node-3]: process has died [pid 25996, exit code -2, cmd '/home/thaihoa/ros2_reid_from_github/install/bw_dr03_ros2/lib/bw_dr03_ros2/decoded_serial_node --ros-args -r __node:=bw_dr03_decoded_serial_node --params-file /tmp/launch_params_twcco288'].
[INFO] [sc_mini-1]: process has finished cleanly [pid 25994]
[ERROR] [python3-4]: process has died [pid 25997, exit code -6, cmd '/usr/bin/python3 -m person_follow_identity.node --ros-args -r __node:=identity_lock_node --params-file /home/thaihoa/ros2_reid_from_github/install/person_follow_robot/share/person_follow_robot/config/identity_lock_kingsen.yaml -p camera_source:=/dev/v4l/by-id/usb-Generic_KINGSEN_CAMERA_200901010001-video-index0'].
