[INFO] [launch]: All log files can be found below /home/thach/.ros/log/2026-10-08-15-48-23-319113-thachLG-63904
[INFO] [launch]: Default logging verbosity is set to INFO
[INFO] [launch.user]: ==================================================================
[INFO] [launch.user]:  BAM NGUOI + NE VAT CAN — BW-DR03
[INFO] [launch.user]:    1) ros2 service call /person_reid/start_enroll  std_srvs/srv/Trigger {}
[INFO] [launch.user]:    2) ros2 service call /person_reid/finish_enroll std_srvs/srv/Trigger {}
[INFO] [launch.user]:    3) ros2 service call /follow/enable             std_srvs/srv/Trigger {}
[INFO] [launch.user]:    DUNG: ros2 service call /follow/stop            std_srvs/srv/Trigger {}
[INFO] [launch.user]:  Theo doi: ros2 topic echo /follow/planner_status
[INFO] [launch.user]:  RSSI (start_rssi:=true): chi dung khi MAT NGUOI — xe xoay ~1 vong do huong beacon
[INFO] [launch.user]: ==================================================================
[INFO] [sc_mini-1]: process started with pid [63908]
[INFO] [static_transform_publisher-2]: process started with pid [63909]
[INFO] [decoded_serial_node-3]: process started with pid [63910]
[INFO] [python3-4]: process started with pid [63911]
[INFO] [rssi_scanner-5]: process started with pid [63912]
[INFO] [rssi_bearing-6]: process started with pid [63913]
[INFO] [target_tracker-7]: process started with pid [63914]
[INFO] [follow_planner-8]: process started with pid [63915]
[static_transform_publisher-2] [WARN] [1791449303.389317860] []: Old-style arguments are deprecated; see --help for new-style arguments
[static_transform_publisher-2] [INFO] [1791449303.403026244] [base_to_laser]: Spinning until stopped - publishing transform
[static_transform_publisher-2] translation: ('0.100000', '0.000000', '0.180000')
[static_transform_publisher-2] rotation: ('0.000000', '0.000000', '0.000000', '1.000000')
[static_transform_publisher-2] from 'base_link' to 'laser'
[rssi_bearing-6] [INFO] [1791449303.768059161] [rssi_bearing_node]: rssi_bearing: mau ['A', 'B', 'C'], can xoay >= 250 do trong 14 s, corr >= 0.45 & margin >= 0.1 (hoac corr >= 0.35 & margin >= 0.25)
[rssi_scanner-5] [INFO] [1791449303.782882405] [rssi_scanner_node]: rssi_scanner: doc 3 cong @ 115200 baud -> /rssi/raw
[decoded_serial_node-3] [INFO] [1791449303.834837964] [bw_dr03_decoded_serial_node]: BW-DR03 decoder connected on /dev/serial/by-id/usb-FTDI_FT231X_USB_UART_D30BF0NT-if00-port0 at 115200
[decoded_serial_node-3] [INFO] [1791449303.835211959] [bw_dr03_decoded_serial_node]: Params: max_linear=0.49, max_angular=2.46, max_percent=60, cmd_timeout=1.0
[target_tracker-7] [INFO] [1791449303.844738728] [target_tracker_node]: target_tracker_node san sang | lidar_yaw_offset=-90.0 deg sign=1 | fuse_lidar_distance=True | predict_max=2.5s
[follow_planner-8] [INFO] [1791449303.872278973] [follow_planner_node]: follow_planner_node san sang | footprint 0.47x0.60m | v_max=0.22 w_max=1.00 | khoang cach bam=1.00m | margin mem=0.15 cung=0.06 | enabled=False
[follow_planner-8] [INFO] [1791449303.872619724] [follow_planner_node]: Bat bam: ros2 service call /follow/enable std_srvs/srv/Trigger {}
[rssi_scanner-5] [INFO] [1791449303.876212446] [rssi_scanner_node]: /dev/serial/by-path/pci-0000:05:00.3-usb-0:1.1:1.0-port0: da mo
[rssi_scanner-5] [INFO] [1791449303.880007006] [rssi_scanner_node]: /dev/serial/by-path/pci-0000:05:00.3-usb-0:1.3:1.0-port0: da mo
[rssi_scanner-5] [INFO] [1791449303.881119492] [rssi_scanner_node]: /dev/serial/by-path/pci-0000:05:00.3-usb-0:1.2:1.0-port0: da mo
[target_tracker-7] [INFO] [1791449303.882045573] [target_tracker_node]: muc tieu: wait_odom
[follow_planner-8] [INFO] [1791449303.924670265] [follow_planner_node]: [IDLE] disabled | d=- goc=- | v=0.000 w=0.000 | thoang=-
[decoded_serial_node-3] [INFO] [1791449303.924722506] [bw_dr03_decoded_serial_node]: RECEIVED /cmd_vel: linear.x=0.0, angular.z=0.0
[rssi_bearing-6] [INFO] [1791449303.957187606] [rssi_bearing_node]: chua co huong hop le: chua du du lieu
[decoded_serial_node-3] [INFO] [1791449304.285718660] [bw_dr03_decoded_serial_node]: RECEIVED /cmd_vel: linear.x=0.0, angular.z=0.0
[decoded_serial_node-3] [INFO] [1791449304.286188825] [bw_dr03_decoded_serial_node]: RECEIVED /cmd_vel: linear.x=0.0, angular.z=0.0
[follow_planner-8] [INFO] [1791449304.318065032] [follow_planner_node]: self-filter: bo 8/179 tia dap vao than xe
[decoded_serial_node-3] [INFO] [1791449304.324415816] [bw_dr03_decoded_serial_node]: RECEIVED /cmd_vel: linear.x=0.0, angular.z=0.0
[decoded_serial_node-3] [INFO] [1791449304.391250422] [bw_dr03_decoded_serial_node]: RECEIVED /cmd_vel: linear.x=0.0, angular.z=0.0
[decoded_serial_node-3] [INFO] [1791449304.458145579] [bw_dr03_decoded_serial_node]: RECEIVED /cmd_vel: linear.x=0.0, angular.z=0.0
[decoded_serial_node-3] [INFO] [1791449304.524437596] [bw_dr03_decoded_serial_node]: RECEIVED /cmd_vel: linear.x=0.0, angular.z=0.0
[decoded_serial_node-3] [INFO] [1791449304.591335128] [bw_dr03_decoded_serial_node]: RECEIVED /cmd_vel: linear.x=0.0, angular.z=0.0
[decoded_serial_node-3] [INFO] [1791449304.657762495] [bw_dr03_decoded_serial_node]: RECEIVED /cmd_vel: linear.x=0.0, angular.z=0.0
[decoded_serial_node-3] [INFO] [1791449304.724388139] [bw_dr03_decoded_serial_node]: RECEIVED /cmd_vel: linear.x=0.0, angular.z=0.0
[decoded_serial_node-3] [INFO] [1791449304.791101641] [bw_dr03_decoded_serial_node]: RECEIVED /cmd_vel: linear.x=0.0, angular.z=0.0
[decoded_serial_node-3] [INFO] [1791449304.857860261] [bw_dr03_decoded_serial_node]: RECEIVED /cmd_vel: linear.x=0.0, angular.z=0.0
[decoded_serial_node-3] [INFO] [1791449304.924514400] [bw_dr03_decoded_serial_node]: RECEIVED /cmd_vel: linear.x=0.0, angular.z=0.0
[target_tracker-7] [INFO] [1791449304.931819760] [target_tracker_node]: muc tieu: no_target_yet
[follow_planner-8] [INFO] [1791449304.991207718] [follow_planner_node]: [IDLE] disabled | d=- goc=- | v=0.000 w=0.000 | thoang=-
[decoded_serial_node-3] [INFO] [1791449304.991314574] [bw_dr03_decoded_serial_node]: RECEIVED /cmd_vel: linear.x=0.0, angular.z=0.0
[decoded_serial_node-3] [INFO] [1791449305.058042325] [bw_dr03_decoded_serial_node]: RECEIVED /cmd_vel: linear.x=0.0, angular.z=0.0
[decoded_serial_node-3] [INFO] [1791449305.124587234] [bw_dr03_decoded_serial_node]: RECEIVED /cmd_vel: linear.x=0.0, angular.z=0.0
[decoded_serial_node-3] [INFO] [1791449305.191097712] [bw_dr03_decoded_serial_node]: RECEIVED /cmd_vel: linear.x=0.0, angular.z=0.0
[decoded_serial_node-3] [INFO] [1791449305.258744420] [bw_dr03_decoded_serial_node]: RECEIVED /cmd_vel: linear.x=0.0, angular.z=0.0
[rssi_scanner-5] [INFO] [1791449305.283173982] [rssi_scanner_node]: /dev/serial/by-path/pci-0000:05:00.3-usb-0:1.1:1.0-port0: board A khoi dong
[decoded_serial_node-3] [INFO] [1791449305.324617327] [bw_dr03_decoded_serial_node]: RECEIVED /cmd_vel: linear.x=0.0, angular.z=0.0
[decoded_serial_node-3] [INFO] [1791449305.391089811] [bw_dr03_decoded_serial_node]: RECEIVED /cmd_vel: linear.x=0.0, angular.z=0.0
[decoded_serial_node-3] [INFO] [1791449305.457954100] [bw_dr03_decoded_serial_node]: RECEIVED /cmd_vel: linear.x=0.0, angular.z=0.0
[decoded_serial_node-3] [INFO] [1791449305.524671165] [bw_dr03_decoded_serial_node]: RECEIVED /cmd_vel: linear.x=0.0, angular.z=0.0
[decoded_serial_node-3] [INFO] [1791449305.591230321] [bw_dr03_decoded_serial_node]: RECEIVED /cmd_vel: linear.x=0.0, angular.z=0.0
[decoded_serial_node-3] [INFO] [1791449305.657766919] [bw_dr03_decoded_serial_node]: RECEIVED /cmd_vel: linear.x=0.0, angular.z=0.0
[rssi_scanner-5] [INFO] [1791449305.714335079] [rssi_scanner_node]: /dev/serial/by-path/pci-0000:05:00.3-usb-0:1.2:1.0-port0: board B khoi dong
[decoded_serial_node-3] [INFO] [1791449305.724691759] [bw_dr03_decoded_serial_node]: RECEIVED /cmd_vel: linear.x=0.0, angular.z=0.0
[rssi_scanner-5] [INFO] [1791449305.734192408] [rssi_scanner_node]: /dev/serial/by-path/pci-0000:05:00.3-usb-0:1.3:1.0-port0: board C khoi dong
[python3-4] [INFO] [1791449305.767951649] [identity_lock_node]: Loading detector/tracker/identity lock...
[python3-4] Fusing layers... 
[decoded_serial_node-3] [INFO] [1791449305.791355397] [bw_dr03_decoded_serial_node]: RECEIVED /cmd_vel: linear.x=0.0, angular.z=0.0
[python3-4] Model Summary: 213 layers, 1867405 parameters, 0 gradients
[decoded_serial_node-3] [INFO] [1791449305.858141325] [bw_dr03_decoded_serial_node]: RECEIVED /cmd_vel: linear.x=0.0, angular.z=0.0
[python3-4] Loading weights from /home/thach/ros2_ws/ros2_jazzy_person_reid_ws/install/person_reid_tracker/share/person_reid_tracker/models/ckpt.t7... Done!
[python3-4] [INFO] [1791449305.916609139] [identity_lock_node]: Models loaded; torch cuda/rocm backend not available; using CPU
[decoded_serial_node-3] [INFO] [1791449305.924489145] [bw_dr03_decoded_serial_node]: RECEIVED /cmd_vel: linear.x=0.0, angular.z=0.0
[target_tracker-7] [INFO] [1791449305.981783922] [target_tracker_node]: muc tieu: no_target_yet
[decoded_serial_node-3] [INFO] [1791449305.991199086] [bw_dr03_decoded_serial_node]: RECEIVED /cmd_vel: linear.x=0.0, angular.z=0.0
[follow_planner-8] [INFO] [1791449305.991244203] [follow_planner_node]: [IDLE] disabled | d=- goc=- | v=0.000 w=0.000 | thoang=-
[decoded_serial_node-3] [INFO] [1791449306.057783176] [bw_dr03_decoded_serial_node]: RECEIVED /cmd_vel: linear.x=0.0, angular.z=0.0
[python3-4] [INFO] [1791449306.104063518] [identity_lock_node]: camera: MJPG 640x480 25 fps, phoi sang fixed_fps 30 ms
[decoded_serial_node-3] [INFO] [1791449306.124529924] [bw_dr03_decoded_serial_node]: RECEIVED /cmd_vel: linear.x=0.0, angular.z=0.0
[decoded_serial_node-3] [INFO] [1791449306.191062961] [bw_dr03_decoded_serial_node]: RECEIVED /cmd_vel: linear.x=0.0, angular.z=0.0
[decoded_serial_node-3] [INFO] [1791449306.258748851] [bw_dr03_decoded_serial_node]: RECEIVED /cmd_vel: linear.x=0.0, angular.z=0.0
[decoded_serial_node-3] [INFO] [1791449306.324546959] [bw_dr03_decoded_serial_node]: RECEIVED /cmd_vel: linear.x=0.0, angular.z=0.0
[decoded_serial_node-3] [INFO] [1791449306.391324576] [bw_dr03_decoded_serial_node]: RECEIVED /cmd_vel: linear.x=0.0, angular.z=0.0
[decoded_serial_node-3] [INFO] [1791449306.457876609] [bw_dr03_decoded_serial_node]: RECEIVED /cmd_vel: linear.x=0.0, angular.z=0.0
[decoded_serial_node-3] [INFO] [1791449306.524726651] [bw_dr03_decoded_serial_node]: RECEIVED /cmd_vel: linear.x=0.0, angular.z=0.0
[decoded_serial_node-3] [INFO] [1791449306.591168267] [bw_dr03_decoded_serial_node]: RECEIVED /cmd_vel: linear.x=0.0, angular.z=0.0
[decoded_serial_node-3] [INFO] [1791449306.658051553] [bw_dr03_decoded_serial_node]: RECEIVED /cmd_vel: linear.x=0.0, angular.z=0.0
[python3-4] Warning: Ignoring XDG_SESSION_TYPE=wayland on Gnome. Use QT_QPA_PLATFORM=wayland to run on Wayland anyway.
[decoded_serial_node-3] [INFO] [1791449306.724638017] [bw_dr03_decoded_serial_node]: RECEIVED /cmd_vel: linear.x=0.0, angular.z=0.0
[decoded_serial_node-3] [INFO] [1791449306.791356270] [bw_dr03_decoded_serial_node]: RECEIVED /cmd_vel: linear.x=0.0, angular.z=0.0
[decoded_serial_node-3] [INFO] [1791449306.858167132] [bw_dr03_decoded_serial_node]: RECEIVED /cmd_vel: linear.x=0.0, angular.z=0.0
[decoded_serial_node-3] [INFO] [1791449306.925380483] [bw_dr03_decoded_serial_node]: RECEIVED /cmd_vel: linear.x=0.0, angular.z=0.0
[decoded_serial_node-3] [INFO] [1791449306.991215396] [bw_dr03_decoded_serial_node]: RECEIVED /cmd_vel: linear.x=0.0, angular.z=0.0
[target_tracker-7] [INFO] [1791449307.031489267] [target_tracker_node]: muc tieu: no_target_yet
[decoded_serial_node-3] [INFO] [1791449307.058514232] [bw_dr03_decoded_serial_node]: RECEIVED /cmd_vel: linear.x=0.0, angular.z=0.0
[follow_planner-8] [INFO] [1791449307.058618713] [follow_planner_node]: [IDLE] disabled | d=- goc=- | v=0.000 w=0.000 | thoang=-
[decoded_serial_node-3] [INFO] [1791449307.125063891] [bw_dr03_decoded_serial_node]: RECEIVED /cmd_vel: linear.x=0.0, angular.z=0.0
[decoded_serial_node-3] [INFO] [1791449307.191853382] [bw_dr03_decoded_serial_node]: RECEIVED /cmd_vel: linear.x=0.0, angular.z=0.0
[decoded_serial_node-3] [INFO] [1791449307.258210702] [bw_dr03_decoded_serial_node]: RECEIVED /cmd_vel: linear.x=0.0, angular.z=0.0
[decoded_serial_node-3] [INFO] [1791449307.325390809] [bw_dr03_decoded_serial_node]: RECEIVED /cmd_vel: linear.x=0.0, angular.z=0.0
[decoded_serial_node-3] [INFO] [1791449307.391424000] [bw_dr03_decoded_serial_node]: RECEIVED /cmd_vel: linear.x=0.0, angular.z=0.0
[decoded_serial_node-3] [INFO] [1791449307.458558990] [bw_dr03_decoded_serial_node]: RECEIVED /cmd_vel: linear.x=0.0, angular.z=0.0
[decoded_serial_node-3] [INFO] [1791449307.525026727] [bw_dr03_decoded_serial_node]: RECEIVED /cmd_vel: linear.x=0.0, angular.z=0.0
[decoded_serial_node-3] [INFO] [1791449307.591540768] [bw_dr03_decoded_serial_node]: RECEIVED /cmd_vel: linear.x=0.0, angular.z=0.0
[decoded_serial_node-3] [INFO] [1791449307.658229340] [bw_dr03_decoded_serial_node]: RECEIVED /cmd_vel: linear.x=0.0, angular.z=0.0
[decoded_serial_node-3] [INFO] [1791449307.724868045] [bw_dr03_decoded_serial_node]: RECEIVED /cmd_vel: linear.x=0.0, angular.z=0.0
[decoded_serial_node-3] [INFO] [1791449307.791371401] [bw_dr03_decoded_serial_node]: RECEIVED /cmd_vel: linear.x=0.0, angular.z=0.0
[decoded_serial_node-3] [INFO] [1791449307.858096778] [bw_dr03_decoded_serial_node]: RECEIVED /cmd_vel: linear.x=0.0, angular.z=0.0
[python3-4] [INFO] [1791449307.891319368] [identity_lock_node]: Target identity reset by keyboard
[decoded_serial_node-3] [INFO] [1791449307.925029931] [bw_dr03_decoded_serial_node]: RECEIVED /cmd_vel: linear.x=0.0, angular.z=0.0
[decoded_serial_node-3] [INFO] [1791449307.991693569] [bw_dr03_decoded_serial_node]: RECEIVED /cmd_vel: linear.x=0.0, angular.z=0.0
[target_tracker-7] [INFO] [1791449308.031582760] [target_tracker_node]: muc tieu: no_target_yet
[decoded_serial_node-3] [INFO] [1791449308.058423696] [bw_dr03_decoded_serial_node]: RECEIVED /cmd_vel: linear.x=0.0, angular.z=0.0
[decoded_serial_node-3] [INFO] [1791449308.125010162] [bw_dr03_decoded_serial_node]: RECEIVED /cmd_vel: linear.x=0.0, angular.z=0.0
[follow_planner-8] [INFO] [1791449308.125219124] [follow_planner_node]: [IDLE] disabled | d=- goc=- | v=0.000 w=0.000 | thoang=-
[decoded_serial_node-3] [INFO] [1791449308.191126464] [bw_dr03_decoded_serial_node]: RECEIVED /cmd_vel: linear.x=0.0, angular.z=0.0
[decoded_serial_node-3] [INFO] [1791449308.258561838] [bw_dr03_decoded_serial_node]: RECEIVED /cmd_vel: linear.x=0.0, angular.z=0.0
[decoded_serial_node-3] [INFO] [1791449308.324948840] [bw_dr03_decoded_serial_node]: RECEIVED /cmd_vel: linear.x=0.0, angular.z=0.0
[sc_mini-1] sc_mini start
[decoded_serial_node-3] [INFO] [1791449308.391741893] [bw_dr03_decoded_serial_node]: RECEIVED /cmd_vel: linear.x=0.0, angular.z=0.0
[python3-4] [INFO] [1791449308.420579842] [identity_lock_node]: Enrollment started by keyboard
[decoded_serial_node-3] [INFO] [1791449308.458311737] [bw_dr03_decoded_serial_node]: RECEIVED /cmd_vel: linear.x=0.0, angular.z=0.0
[decoded_serial_node-3] [INFO] [1791449308.524996748] [bw_dr03_decoded_serial_node]: RECEIVED /cmd_vel: linear.x=0.0, angular.z=0.0
[decoded_serial_node-3] [INFO] [1791449308.591658012] [bw_dr03_decoded_serial_node]: RECEIVED /cmd_vel: linear.x=0.0, angular.z=0.0
[decoded_serial_node-3] [INFO] [1791449308.658185114] [bw_dr03_decoded_serial_node]: RECEIVED /cmd_vel: linear.x=0.0, angular.z=0.0
[decoded_serial_node-3] [INFO] [1791449308.724906930] [bw_dr03_decoded_serial_node]: RECEIVED /cmd_vel: linear.x=0.0, angular.z=0.0
[decoded_serial_node-3] [INFO] [1791449308.791645369] [bw_dr03_decoded_serial_node]: RECEIVED /cmd_vel: linear.x=0.0, angular.z=0.0
[decoded_serial_node-3] [INFO] [1791449308.858431298] [bw_dr03_decoded_serial_node]: RECEIVED /cmd_vel: linear.x=0.0, angular.z=0.0
[decoded_serial_node-3] [INFO] [1791449308.925154302] [bw_dr03_decoded_serial_node]: RECEIVED /cmd_vel: linear.x=0.0, angular.z=0.0
[decoded_serial_node-3] [INFO] [1791449308.991433261] [bw_dr03_decoded_serial_node]: RECEIVED /cmd_vel: linear.x=0.0, angular.z=0.0
[target_tracker-7] [INFO] [1791449309.031664390] [target_tracker_node]: muc tieu: no_target_yet
[decoded_serial_node-3] [INFO] [1791449309.058301114] [bw_dr03_decoded_serial_node]: RECEIVED /cmd_vel: linear.x=0.0, angular.z=0.0
[decoded_serial_node-3] [INFO] [1791449309.124898266] [bw_dr03_decoded_serial_node]: RECEIVED /cmd_vel: linear.x=0.0, angular.z=0.0
[decoded_serial_node-3] [INFO] [1791449309.191554782] [bw_dr03_decoded_serial_node]: RECEIVED /cmd_vel: linear.x=0.0, angular.z=0.0
[follow_planner-8] [INFO] [1791449309.191684196] [follow_planner_node]: [IDLE] disabled | d=- goc=- | v=0.000 w=0.000 | thoang=-
[decoded_serial_node-3] [INFO] [1791449309.258052202] [bw_dr03_decoded_serial_node]: RECEIVED /cmd_vel: linear.x=0.0, angular.z=0.0
[decoded_serial_node-3] [INFO] [1791449309.324838133] [bw_dr03_decoded_serial_node]: RECEIVED /cmd_vel: linear.x=0.0, angular.z=0.0
[decoded_serial_node-3] [INFO] [1791449309.391301122] [bw_dr03_decoded_serial_node]: RECEIVED /cmd_vel: linear.x=0.0, angular.z=0.0
[decoded_serial_node-3] [INFO] [1791449309.458038373] [bw_dr03_decoded_serial_node]: RECEIVED /cmd_vel: linear.x=0.0, angular.z=0.0
[decoded_serial_node-3] [INFO] [1791449309.524893166] [bw_dr03_decoded_serial_node]: RECEIVED /cmd_vel: linear.x=0.0, angular.z=0.0
[decoded_serial_node-3] [INFO] [1791449309.591486756] [bw_dr03_decoded_serial_node]: RECEIVED /cmd_vel: linear.x=0.0, angular.z=0.0
[decoded_serial_node-3] [INFO] [1791449309.658079159] [bw_dr03_decoded_serial_node]: RECEIVED /cmd_vel: linear.x=0.0, angular.z=0.0
[decoded_serial_node-3] [INFO] [1791449309.725197529] [bw_dr03_decoded_serial_node]: RECEIVED /cmd_vel: linear.x=0.0, angular.z=0.0
[decoded_serial_node-3] [INFO] [1791449309.791407626] [bw_dr03_decoded_serial_node]: RECEIVED /cmd_vel: linear.x=0.0, angular.z=0.0
[decoded_serial_node-3] [INFO] [1791449309.858333656] [bw_dr03_decoded_serial_node]: RECEIVED /cmd_vel: linear.x=0.0, angular.z=0.0
[decoded_serial_node-3] [INFO] [1791449309.924953367] [bw_dr03_decoded_serial_node]: RECEIVED /cmd_vel: linear.x=0.0, angular.z=0.0
[decoded_serial_node-3] [INFO] [1791449309.991518462] [bw_dr03_decoded_serial_node]: RECEIVED /cmd_vel: linear.x=0.0, angular.z=0.0
[decoded_serial_node-3] [INFO] [1791449310.058094243] [bw_dr03_decoded_serial_node]: RECEIVED /cmd_vel: linear.x=0.0, angular.z=0.0
[target_tracker-7] [INFO] [1791449310.083438015] [target_tracker_node]: muc tieu: no_target_yet
[decoded_serial_node-3] [INFO] [1791449310.124806563] [bw_dr03_decoded_serial_node]: RECEIVED /cmd_vel: linear.x=0.0, angular.z=0.0
[decoded_serial_node-3] [INFO] [1791449310.191267178] [bw_dr03_decoded_serial_node]: RECEIVED /cmd_vel: linear.x=0.0, angular.z=0.0
[decoded_serial_node-3] [INFO] [1791449310.258201519] [bw_dr03_decoded_serial_node]: RECEIVED /cmd_vel: linear.x=0.0, angular.z=0.0
[follow_planner-8] [INFO] [1791449310.258444912] [follow_planner_node]: [IDLE] disabled | d=- goc=- | v=0.000 w=0.000 | thoang=-
[decoded_serial_node-3] [INFO] [1791449310.325096680] [bw_dr03_decoded_serial_node]: RECEIVED /cmd_vel: linear.x=0.0, angular.z=0.0
[decoded_serial_node-3] [INFO] [1791449310.391689084] [bw_dr03_decoded_serial_node]: RECEIVED /cmd_vel: linear.x=0.0, angular.z=0.0
[decoded_serial_node-3] [INFO] [1791449310.458313544] [bw_dr03_decoded_serial_node]: RECEIVED /cmd_vel: linear.x=0.0, angular.z=0.0
[decoded_serial_node-3] [INFO] [1791449310.524886951] [bw_dr03_decoded_serial_node]: RECEIVED /cmd_vel: linear.x=0.0, angular.z=0.0
[decoded_serial_node-3] [INFO] [1791449310.591339255] [bw_dr03_decoded_serial_node]: RECEIVED /cmd_vel: linear.x=0.0, angular.z=0.0
[decoded_serial_node-3] [INFO] [1791449310.658209483] [bw_dr03_decoded_serial_node]: RECEIVED /cmd_vel: linear.x=0.0, angular.z=0.0
[decoded_serial_node-3] [INFO] [1791449310.724883809] [bw_dr03_decoded_serial_node]: RECEIVED /cmd_vel: linear.x=0.0, angular.z=0.0
[decoded_serial_node-3] [INFO] [1791449310.791608001] [bw_dr03_decoded_serial_node]: RECEIVED /cmd_vel: linear.x=0.0, angular.z=0.0
[decoded_serial_node-3] [INFO] [1791449310.858404618] [bw_dr03_decoded_serial_node]: RECEIVED /cmd_vel: linear.x=0.0, angular.z=0.0
[decoded_serial_node-3] [INFO] [1791449310.925201234] [bw_dr03_decoded_serial_node]: RECEIVED /cmd_vel: linear.x=0.0, angular.z=0.0
[decoded_serial_node-3] [INFO] [1791449310.991435078] [bw_dr03_decoded_serial_node]: RECEIVED /cmd_vel: linear.x=0.0, angular.z=0.0
[decoded_serial_node-3] [INFO] [1791449311.058248317] [bw_dr03_decoded_serial_node]: RECEIVED /cmd_vel: linear.x=0.0, angular.z=0.0
[decoded_serial_node-3] [INFO] [1791449311.124876340] [bw_dr03_decoded_serial_node]: RECEIVED /cmd_vel: linear.x=0.0, angular.z=0.0
[target_tracker-7] [INFO] [1791449311.132312301] [target_tracker_node]: muc tieu: no_target_yet
[decoded_serial_node-3] [INFO] [1791449311.191651586] [bw_dr03_decoded_serial_node]: RECEIVED /cmd_vel: linear.x=0.0, angular.z=0.0
[decoded_serial_node-3] [INFO] [1791449311.258159693] [bw_dr03_decoded_serial_node]: RECEIVED /cmd_vel: linear.x=0.0, angular.z=0.0
[follow_planner-8] [INFO] [1791449311.324812648] [follow_planner_node]: [IDLE] disabled | d=- goc=- | v=0.000 w=0.000 | thoang=-
[decoded_serial_node-3] [INFO] [1791449311.324851829] [bw_dr03_decoded_serial_node]: RECEIVED /cmd_vel: linear.x=0.0, angular.z=0.0
[decoded_serial_node-3] [INFO] [1791449311.391431173] [bw_dr03_decoded_serial_node]: RECEIVED /cmd_vel: linear.x=0.0, angular.z=0.0
[decoded_serial_node-3] [INFO] [1791449311.458276468] [bw_dr03_decoded_serial_node]: RECEIVED /cmd_vel: linear.x=0.0, angular.z=0.0
[decoded_serial_node-3] [INFO] [1791449311.525068336] [bw_dr03_decoded_serial_node]: RECEIVED /cmd_vel: linear.x=0.0, angular.z=0.0
[decoded_serial_node-3] [INFO] [1791449311.591584754] [bw_dr03_decoded_serial_node]: RECEIVED /cmd_vel: linear.x=0.0, angular.z=0.0
[decoded_serial_node-3] [INFO] [1791449311.658120169] [bw_dr03_decoded_serial_node]: RECEIVED /cmd_vel: linear.x=0.0, angular.z=0.0
[decoded_serial_node-3] [INFO] [1791449311.725003458] [bw_dr03_decoded_serial_node]: RECEIVED /cmd_vel: linear.x=0.0, angular.z=0.0
[decoded_serial_node-3] [INFO] [1791449311.791485444] [bw_dr03_decoded_serial_node]: RECEIVED /cmd_vel: linear.x=0.0, angular.z=0.0
[decoded_serial_node-3] [INFO] [1791449311.859307875] [bw_dr03_decoded_serial_node]: RECEIVED /cmd_vel: linear.x=0.0, angular.z=0.0
[decoded_serial_node-3] [INFO] [1791449311.925260333] [bw_dr03_decoded_serial_node]: RECEIVED /cmd_vel: linear.x=0.0, angular.z=0.0
[decoded_serial_node-3] [INFO] [1791449311.991572538] [bw_dr03_decoded_serial_node]: RECEIVED /cmd_vel: linear.x=0.0, angular.z=0.0
[decoded_serial_node-3] [INFO] [1791449312.058351347] [bw_dr03_decoded_serial_node]: RECEIVED /cmd_vel: linear.x=0.0, angular.z=0.0
[decoded_serial_node-3] [INFO] [1791449312.125052981] [bw_dr03_decoded_serial_node]: RECEIVED /cmd_vel: linear.x=0.0, angular.z=0.0
[target_tracker-7] [INFO] [1791449312.181744622] [target_tracker_node]: muc tieu: no_target_yet
[decoded_serial_node-3] [INFO] [1791449312.191390120] [bw_dr03_decoded_serial_node]: RECEIVED /cmd_vel: linear.x=0.0, angular.z=0.0
[decoded_serial_node-3] [INFO] [1791449312.258092942] [bw_dr03_decoded_serial_node]: RECEIVED /cmd_vel: linear.x=0.0, angular.z=0.0
[decoded_serial_node-3] [INFO] [1791449312.324969108] [bw_dr03_decoded_serial_node]: RECEIVED /cmd_vel: linear.x=0.0, angular.z=0.0
[follow_planner-8] [INFO] [1791449312.325028472] [follow_planner_node]: [IDLE] disabled | d=- goc=- | v=0.000 w=0.000 | thoang=-
[decoded_serial_node-3] [INFO] [1791449312.392026928] [bw_dr03_decoded_serial_node]: RECEIVED /cmd_vel: linear.x=0.0, angular.z=0.0
[decoded_serial_node-3] [INFO] [1791449312.458679885] [bw_dr03_decoded_serial_node]: RECEIVED /cmd_vel: linear.x=0.0, angular.z=0.0
[decoded_serial_node-3] [INFO] [1791449312.525009900] [bw_dr03_decoded_serial_node]: RECEIVED /cmd_vel: linear.x=0.0, angular.z=0.0
[decoded_serial_node-3] [INFO] [1791449312.591310233] [bw_dr03_decoded_serial_node]: RECEIVED /cmd_vel: linear.x=0.0, angular.z=0.0
[decoded_serial_node-3] [INFO] [1791449312.658260010] [bw_dr03_decoded_serial_node]: RECEIVED /cmd_vel: linear.x=0.0, angular.z=0.0
[decoded_serial_node-3] [INFO] [1791449312.724819171] [bw_dr03_decoded_serial_node]: RECEIVED /cmd_vel: linear.x=0.0, angular.z=0.0
[decoded_serial_node-3] [INFO] [1791449312.791773697] [bw_dr03_decoded_serial_node]: RECEIVED /cmd_vel: linear.x=0.0, angular.z=0.0
[decoded_serial_node-3] [INFO] [1791449312.858364915] [bw_dr03_decoded_serial_node]: RECEIVED /cmd_vel: linear.x=0.0, angular.z=0.0
[decoded_serial_node-3] [INFO] [1791449312.924906266] [bw_dr03_decoded_serial_node]: RECEIVED /cmd_vel: linear.x=0.0, angular.z=0.0
[decoded_serial_node-3] [INFO] [1791449312.991508169] [bw_dr03_decoded_serial_node]: RECEIVED /cmd_vel: linear.x=0.0, angular.z=0.0
[decoded_serial_node-3] [INFO] [1791449313.058301226] [bw_dr03_decoded_serial_node]: RECEIVED /cmd_vel: linear.x=0.0, angular.z=0.0
[decoded_serial_node-3] [INFO] [1791449313.124964868] [bw_dr03_decoded_serial_node]: RECEIVED /cmd_vel: linear.x=0.0, angular.z=0.0
[decoded_serial_node-3] [INFO] [1791449313.191475351] [bw_dr03_decoded_serial_node]: RECEIVED /cmd_vel: linear.x=0.0, angular.z=0.0
[target_tracker-7] [INFO] [1791449313.231624559] [target_tracker_node]: muc tieu: no_target_yet
[decoded_serial_node-3] [INFO] [1791449313.258331334] [bw_dr03_decoded_serial_node]: RECEIVED /cmd_vel: linear.x=0.0, angular.z=0.0
[decoded_serial_node-3] [INFO] [1791449313.324852502] [bw_dr03_decoded_serial_node]: RECEIVED /cmd_vel: linear.x=0.0, angular.z=0.0
[follow_planner-8] [INFO] [1791449313.324967669] [follow_planner_node]: [IDLE] disabled | d=- goc=- | v=0.000 w=0.000 | thoang=-
[decoded_serial_node-3] [INFO] [1791449313.391366547] [bw_dr03_decoded_serial_node]: RECEIVED /cmd_vel: linear.x=0.0, angular.z=0.0
[decoded_serial_node-3] [INFO] [1791449313.458189285] [bw_dr03_decoded_serial_node]: RECEIVED /cmd_vel: linear.x=0.0, angular.z=0.0
[decoded_serial_node-3] [INFO] [1791449313.525751702] [bw_dr03_decoded_serial_node]: RECEIVED /cmd_vel: linear.x=0.0, angular.z=0.0
[decoded_serial_node-3] [INFO] [1791449313.591943993] [bw_dr03_decoded_serial_node]: RECEIVED /cmd_vel: linear.x=0.0, angular.z=0.0
[decoded_serial_node-3] [INFO] [1791449313.658136283] [bw_dr03_decoded_serial_node]: RECEIVED /cmd_vel: linear.x=0.0, angular.z=0.0
[decoded_serial_node-3] [INFO] [1791449313.724823671] [bw_dr03_decoded_serial_node]: RECEIVED /cmd_vel: linear.x=0.0, angular.z=0.0
[decoded_serial_node-3] [INFO] [1791449313.791329405] [bw_dr03_decoded_serial_node]: RECEIVED /cmd_vel: linear.x=0.0, angular.z=0.0
[decoded_serial_node-3] [INFO] [1791449313.857957429] [bw_dr03_decoded_serial_node]: RECEIVED /cmd_vel: linear.x=0.0, angular.z=0.0
[decoded_serial_node-3] [INFO] [1791449313.924997441] [bw_dr03_decoded_serial_node]: RECEIVED /cmd_vel: linear.x=0.0, angular.z=0.0
[decoded_serial_node-3] [INFO] [1791449313.991724009] [bw_dr03_decoded_serial_node]: RECEIVED /cmd_vel: linear.x=0.0, angular.z=0.0
[decoded_serial_node-3] [INFO] [1791449314.058480260] [bw_dr03_decoded_serial_node]: RECEIVED /cmd_vel: linear.x=0.0, angular.z=0.0
[decoded_serial_node-3] [INFO] [1791449314.125000242] [bw_dr03_decoded_serial_node]: RECEIVED /cmd_vel: linear.x=0.0, angular.z=0.0
[decoded_serial_node-3] [INFO] [1791449314.191196095] [bw_dr03_decoded_serial_node]: RECEIVED /cmd_vel: linear.x=0.0, angular.z=0.0
[target_tracker-7] [INFO] [1791449314.231909264] [target_tracker_node]: muc tieu: no_target_yet
[decoded_serial_node-3] [INFO] [1791449314.258678964] [bw_dr03_decoded_serial_node]: RECEIVED /cmd_vel: linear.x=0.0, angular.z=0.0
[decoded_serial_node-3] [INFO] [1791449314.324934182] [bw_dr03_decoded_serial_node]: RECEIVED /cmd_vel: linear.x=0.0, angular.z=0.0
[follow_planner-8] [INFO] [1791449314.330132113] [follow_planner_node]: self-filter: bo 6/177 tia dap vao than xe
[decoded_serial_node-3] [INFO] [1791449314.391621571] [bw_dr03_decoded_serial_node]: RECEIVED /cmd_vel: linear.x=0.0, angular.z=0.0
[follow_planner-8] [INFO] [1791449314.391707055] [follow_planner_node]: [IDLE] disabled | d=- goc=- | v=0.000 w=0.000 | thoang=-
[decoded_serial_node-3] [INFO] [1791449314.458303023] [bw_dr03_decoded_serial_node]: RECEIVED /cmd_vel: linear.x=0.0, angular.z=0.0
[decoded_serial_node-3] [INFO] [1791449314.524894242] [bw_dr03_decoded_serial_node]: RECEIVED /cmd_vel: linear.x=0.0, angular.z=0.0
[decoded_serial_node-3] [INFO] [1791449314.591136399] [bw_dr03_decoded_serial_node]: RECEIVED /cmd_vel: linear.x=0.0, angular.z=0.0
[decoded_serial_node-3] [INFO] [1791449314.658210842] [bw_dr03_decoded_serial_node]: RECEIVED /cmd_vel: linear.x=0.0, angular.z=0.0
[decoded_serial_node-3] [INFO] [1791449314.725063264] [bw_dr03_decoded_serial_node]: RECEIVED /cmd_vel: linear.x=0.0, angular.z=0.0
[decoded_serial_node-3] [INFO] [1791449314.791536941] [bw_dr03_decoded_serial_node]: RECEIVED /cmd_vel: linear.x=0.0, angular.z=0.0
[decoded_serial_node-3] [INFO] [1791449314.858297942] [bw_dr03_decoded_serial_node]: RECEIVED /cmd_vel: linear.x=0.0, angular.z=0.0
[decoded_serial_node-3] [INFO] [1791449314.925080313] [bw_dr03_decoded_serial_node]: RECEIVED /cmd_vel: linear.x=0.0, angular.z=0.0
[decoded_serial_node-3] [INFO] [1791449314.991468506] [bw_dr03_decoded_serial_node]: RECEIVED /cmd_vel: linear.x=0.0, angular.z=0.0
[decoded_serial_node-3] [INFO] [1791449315.058196263] [bw_dr03_decoded_serial_node]: RECEIVED /cmd_vel: linear.x=0.0, angular.z=0.0
[decoded_serial_node-3] [INFO] [1791449315.125136544] [bw_dr03_decoded_serial_node]: RECEIVED /cmd_vel: linear.x=0.0, angular.z=0.0
[decoded_serial_node-3] [INFO] [1791449315.191611410] [bw_dr03_decoded_serial_node]: RECEIVED /cmd_vel: linear.x=0.0, angular.z=0.0
[target_tracker-7] [INFO] [1791449315.232292522] [target_tracker_node]: muc tieu: no_target_yet
[decoded_serial_node-3] [INFO] [1791449315.258370036] [bw_dr03_decoded_serial_node]: RECEIVED /cmd_vel: linear.x=0.0, angular.z=0.0
[decoded_serial_node-3] [INFO] [1791449315.324861524] [bw_dr03_decoded_serial_node]: RECEIVED /cmd_vel: linear.x=0.0, angular.z=0.0
[decoded_serial_node-3] [INFO] [1791449315.391183230] [bw_dr03_decoded_serial_node]: RECEIVED /cmd_vel: linear.x=0.0, angular.z=0.0
[follow_planner-8] [INFO] [1791449315.391351824] [follow_planner_node]: [IDLE] disabled | d=- goc=- | v=0.000 w=0.000 | thoang=-
[decoded_serial_node-3] [INFO] [1791449315.458362155] [bw_dr03_decoded_serial_node]: RECEIVED /cmd_vel: linear.x=0.0, angular.z=0.0
[decoded_serial_node-3] [INFO] [1791449315.525423539] [bw_dr03_decoded_serial_node]: RECEIVED /cmd_vel: linear.x=0.0, angular.z=0.0
[decoded_serial_node-3] [INFO] [1791449315.591608707] [bw_dr03_decoded_serial_node]: RECEIVED /cmd_vel: linear.x=0.0, angular.z=0.0
[decoded_serial_node-3] [INFO] [1791449315.658235545] [bw_dr03_decoded_serial_node]: RECEIVED /cmd_vel: linear.x=0.0, angular.z=0.0
[decoded_serial_node-3] [INFO] [1791449315.725042850] [bw_dr03_decoded_serial_node]: RECEIVED /cmd_vel: linear.x=0.0, angular.z=0.0
[decoded_serial_node-3] [INFO] [1791449315.791206647] [bw_dr03_decoded_serial_node]: RECEIVED /cmd_vel: linear.x=0.0, angular.z=0.0
[decoded_serial_node-3] [INFO] [1791449315.858257345] [bw_dr03_decoded_serial_node]: RECEIVED /cmd_vel: linear.x=0.0, angular.z=0.0
[decoded_serial_node-3] [INFO] [1791449315.925240369] [bw_dr03_decoded_serial_node]: RECEIVED /cmd_vel: linear.x=0.0, angular.z=0.0
[decoded_serial_node-3] [INFO] [1791449315.991870768] [bw_dr03_decoded_serial_node]: RECEIVED /cmd_vel: linear.x=0.0, angular.z=0.0
[decoded_serial_node-3] [INFO] [1791449316.058257775] [bw_dr03_decoded_serial_node]: RECEIVED /cmd_vel: linear.x=0.0, angular.z=0.0
[decoded_serial_node-3] [INFO] [1791449316.125307287] [bw_dr03_decoded_serial_node]: RECEIVED /cmd_vel: linear.x=0.0, angular.z=0.0
[python3-4] [INFO] [1791449316.152218275] [identity_lock_node]: camera: nhan nan fps (phoi sang 30 ms, do sang 117), xu ly 11.8 Hz, TB 39 ms/khung, tre tu luc chup 48.3 ms, 2 nguoi, status ENROLLING
[decoded_serial_node-3] [INFO] [1791449316.191520951] [bw_dr03_decoded_serial_node]: RECEIVED /cmd_vel: linear.x=0.0, angular.z=0.0
[decoded_serial_node-3] [INFO] [1791449316.258195281] [bw_dr03_decoded_serial_node]: RECEIVED /cmd_vel: linear.x=0.0, angular.z=0.0
[target_tracker-7] [INFO] [1791449316.283156748] [target_tracker_node]: muc tieu: no_target_yet
[decoded_serial_node-3] [INFO] [1791449316.324942035] [bw_dr03_decoded_serial_node]: RECEIVED /cmd_vel: linear.x=0.0, angular.z=0.0
[decoded_serial_node-3] [INFO] [1791449316.391460831] [bw_dr03_decoded_serial_node]: RECEIVED /cmd_vel: linear.x=0.0, angular.z=0.0
[follow_planner-8] [INFO] [1791449316.391580746] [follow_planner_node]: [IDLE] disabled | d=- goc=- | v=0.000 w=0.000 | thoang=-
[decoded_serial_node-3] [INFO] [1791449316.458268136] [bw_dr03_decoded_serial_node]: RECEIVED /cmd_vel: linear.x=0.0, angular.z=0.0
[decoded_serial_node-3] [INFO] [1791449316.525151428] [bw_dr03_decoded_serial_node]: RECEIVED /cmd_vel: linear.x=0.0, angular.z=0.0
[decoded_serial_node-3] [INFO] [1791449316.591530124] [bw_dr03_decoded_serial_node]: RECEIVED /cmd_vel: linear.x=0.0, angular.z=0.0
[decoded_serial_node-3] [INFO] [1791449316.658151027] [bw_dr03_decoded_serial_node]: RECEIVED /cmd_vel: linear.x=0.0, angular.z=0.0
[decoded_serial_node-3] [INFO] [1791449316.725156609] [bw_dr03_decoded_serial_node]: RECEIVED /cmd_vel: linear.x=0.0, angular.z=0.0
[decoded_serial_node-3] [INFO] [1791449316.791695588] [bw_dr03_decoded_serial_node]: RECEIVED /cmd_vel: linear.x=0.0, angular.z=0.0
[decoded_serial_node-3] [INFO] [1791449316.858298681] [bw_dr03_decoded_serial_node]: RECEIVED /cmd_vel: linear.x=0.0, angular.z=0.0
[decoded_serial_node-3] [INFO] [1791449316.925235401] [bw_dr03_decoded_serial_node]: RECEIVED /cmd_vel: linear.x=0.0, angular.z=0.0
[decoded_serial_node-3] [INFO] [1791449316.991185487] [bw_dr03_decoded_serial_node]: RECEIVED /cmd_vel: linear.x=0.0, angular.z=0.0
[decoded_serial_node-3] [INFO] [1791449317.058256371] [bw_dr03_decoded_serial_node]: RECEIVED /cmd_vel: linear.x=0.0, angular.z=0.0
[decoded_serial_node-3] [INFO] [1791449317.125352187] [bw_dr03_decoded_serial_node]: RECEIVED /cmd_vel: linear.x=0.0, angular.z=0.0
[decoded_serial_node-3] [INFO] [1791449317.191932722] [bw_dr03_decoded_serial_node]: RECEIVED /cmd_vel: linear.x=0.0, angular.z=0.0
[decoded_serial_node-3] [INFO] [1791449317.258470515] [bw_dr03_decoded_serial_node]: RECEIVED /cmd_vel: linear.x=0.0, angular.z=0.0
[decoded_serial_node-3] [INFO] [1791449317.324884830] [bw_dr03_decoded_serial_node]: RECEIVED /cmd_vel: linear.x=0.0, angular.z=0.0
[target_tracker-7] [INFO] [1791449317.332371846] [target_tracker_node]: muc tieu: no_target_yet
[decoded_serial_node-3] [INFO] [1791449317.391333577] [bw_dr03_decoded_serial_node]: RECEIVED /cmd_vel: linear.x=0.0, angular.z=0.0
[decoded_serial_node-3] [INFO] [1791449317.458201435] [bw_dr03_decoded_serial_node]: RECEIVED /cmd_vel: linear.x=0.0, angular.z=0.0
[follow_planner-8] [INFO] [1791449317.458517252] [follow_planner_node]: [IDLE] disabled | d=- goc=- | v=0.000 w=0.000 | thoang=-
[decoded_serial_node-3] [INFO] [1791449317.525404107] [bw_dr03_decoded_serial_node]: RECEIVED /cmd_vel: linear.x=0.0, angular.z=0.0
[decoded_serial_node-3] [INFO] [1791449317.591647453] [bw_dr03_decoded_serial_node]: RECEIVED /cmd_vel: linear.x=0.0, angular.z=0.0
[decoded_serial_node-3] [INFO] [1791449317.658319409] [bw_dr03_decoded_serial_node]: RECEIVED /cmd_vel: linear.x=0.0, angular.z=0.0
[decoded_serial_node-3] [INFO] [1791449317.724891633] [bw_dr03_decoded_serial_node]: RECEIVED /cmd_vel: linear.x=0.0, angular.z=0.0
[decoded_serial_node-3] [INFO] [1791449317.791457921] [bw_dr03_decoded_serial_node]: RECEIVED /cmd_vel: linear.x=0.0, angular.z=0.0
[decoded_serial_node-3] [INFO] [1791449317.858192803] [bw_dr03_decoded_serial_node]: RECEIVED /cmd_vel: linear.x=0.0, angular.z=0.0
[decoded_serial_node-3] [INFO] [1791449317.924963303] [bw_dr03_decoded_serial_node]: RECEIVED /cmd_vel: linear.x=0.0, angular.z=0.0
[decoded_serial_node-3] [INFO] [1791449317.991568771] [bw_dr03_decoded_serial_node]: RECEIVED /cmd_vel: linear.x=0.0, angular.z=0.0
[decoded_serial_node-3] [INFO] [1791449318.058335711] [bw_dr03_decoded_serial_node]: RECEIVED /cmd_vel: linear.x=0.0, angular.z=0.0
[decoded_serial_node-3] [INFO] [1791449318.125026664] [bw_dr03_decoded_serial_node]: RECEIVED /cmd_vel: linear.x=0.0, angular.z=0.0
[decoded_serial_node-3] [INFO] [1791449318.191448103] [bw_dr03_decoded_serial_node]: RECEIVED /cmd_vel: linear.x=0.0, angular.z=0.0
[decoded_serial_node-3] [INFO] [1791449318.258325460] [bw_dr03_decoded_serial_node]: RECEIVED /cmd_vel: linear.x=0.0, angular.z=0.0
[decoded_serial_node-3] [INFO] [1791449318.325213502] [bw_dr03_decoded_serial_node]: RECEIVED /cmd_vel: linear.x=0.0, angular.z=0.0
[target_tracker-7] [INFO] [1791449318.332325336] [target_tracker_node]: muc tieu: no_target_yet
[decoded_serial_node-3] [INFO] [1791449318.391424793] [bw_dr03_decoded_serial_node]: RECEIVED /cmd_vel: linear.x=0.0, angular.z=0.0
[decoded_serial_node-3] [INFO] [1791449318.458176297] [bw_dr03_decoded_serial_node]: RECEIVED /cmd_vel: linear.x=0.0, angular.z=0.0
[follow_planner-8] [INFO] [1791449318.458248722] [follow_planner_node]: [IDLE] disabled | d=- goc=- | v=0.000 w=0.000 | thoang=-
[decoded_serial_node-3] [INFO] [1791449318.524965795] [bw_dr03_decoded_serial_node]: RECEIVED /cmd_vel: linear.x=0.0, angular.z=0.0
[decoded_serial_node-3] [INFO] [1791449318.591204393] [bw_dr03_decoded_serial_node]: RECEIVED /cmd_vel: linear.x=0.0, angular.z=0.0
[decoded_serial_node-3] [INFO] [1791449318.658212351] [bw_dr03_decoded_serial_node]: RECEIVED /cmd_vel: linear.x=0.0, angular.z=0.0
[decoded_serial_node-3] [INFO] [1791449318.725038654] [bw_dr03_decoded_serial_node]: RECEIVED /cmd_vel: linear.x=0.0, angular.z=0.0
[decoded_serial_node-3] [INFO] [1791449318.792044238] [bw_dr03_decoded_serial_node]: RECEIVED /cmd_vel: linear.x=0.0, angular.z=0.0
[decoded_serial_node-3] [INFO] [1791449318.858256715] [bw_dr03_decoded_serial_node]: RECEIVED /cmd_vel: linear.x=0.0, angular.z=0.0
[decoded_serial_node-3] [INFO] [1791449318.925022467] [bw_dr03_decoded_serial_node]: RECEIVED /cmd_vel: linear.x=0.0, angular.z=0.0
[decoded_serial_node-3] [INFO] [1791449318.991453405] [bw_dr03_decoded_serial_node]: RECEIVED /cmd_vel: linear.x=0.0, angular.z=0.0
[decoded_serial_node-3] [INFO] [1791449319.058133673] [bw_dr03_decoded_serial_node]: RECEIVED /cmd_vel: linear.x=0.0, angular.z=0.0
[decoded_serial_node-3] [INFO] [1791449319.125046649] [bw_dr03_decoded_serial_node]: RECEIVED /cmd_vel: linear.x=0.0, angular.z=0.0
[decoded_serial_node-3] [INFO] [1791449319.191659242] [bw_dr03_decoded_serial_node]: RECEIVED /cmd_vel: linear.x=0.0, angular.z=0.0
[decoded_serial_node-3] [INFO] [1791449319.258515229] [bw_dr03_decoded_serial_node]: RECEIVED /cmd_vel: linear.x=0.0, angular.z=0.0
[decoded_serial_node-3] [INFO] [1791449319.324955665] [bw_dr03_decoded_serial_node]: RECEIVED /cmd_vel: linear.x=0.0, angular.z=0.0
[target_tracker-7] [INFO] [1791449319.381584384] [target_tracker_node]: muc tieu: no_target_yet
[decoded_serial_node-3] [INFO] [1791449319.391652556] [bw_dr03_decoded_serial_node]: RECEIVED /cmd_vel: linear.x=0.0, angular.z=0.0
[decoded_serial_node-3] [INFO] [1791449319.457992073] [bw_dr03_decoded_serial_node]: RECEIVED /cmd_vel: linear.x=0.0, angular.z=0.0
[decoded_serial_node-3] [INFO] [1791449319.524693712] [bw_dr03_decoded_serial_node]: RECEIVED /cmd_vel: linear.x=0.0, angular.z=0.0
[follow_planner-8] [INFO] [1791449319.524966788] [follow_planner_node]: [IDLE] disabled | d=- goc=- | v=0.000 w=0.000 | thoang=-
[decoded_serial_node-3] [INFO] [1791449319.591578193] [bw_dr03_decoded_serial_node]: RECEIVED /cmd_vel: linear.x=0.0, angular.z=0.0
[decoded_serial_node-3] [INFO] [1791449319.658402123] [bw_dr03_decoded_serial_node]: RECEIVED /cmd_vel: linear.x=0.0, angular.z=0.0
[decoded_serial_node-3] [INFO] [1791449319.724999281] [bw_dr03_decoded_serial_node]: RECEIVED /cmd_vel: linear.x=0.0, angular.z=0.0
[decoded_serial_node-3] [INFO] [1791449319.791402912] [bw_dr03_decoded_serial_node]: RECEIVED /cmd_vel: linear.x=0.0, angular.z=0.0
[decoded_serial_node-3] [INFO] [1791449319.858263648] [bw_dr03_decoded_serial_node]: RECEIVED /cmd_vel: linear.x=0.0, angular.z=0.0
[decoded_serial_node-3] [INFO] [1791449319.924889301] [bw_dr03_decoded_serial_node]: RECEIVED /cmd_vel: linear.x=0.0, angular.z=0.0
[decoded_serial_node-3] [INFO] [1791449319.991535138] [bw_dr03_decoded_serial_node]: RECEIVED /cmd_vel: linear.x=0.0, angular.z=0.0
[decoded_serial_node-3] [INFO] [1791449320.058795989] [bw_dr03_decoded_serial_node]: RECEIVED /cmd_vel: linear.x=0.0, angular.z=0.0
[decoded_serial_node-3] [INFO] [1791449320.125292228] [bw_dr03_decoded_serial_node]: RECEIVED /cmd_vel: linear.x=0.0, angular.z=0.0
[decoded_serial_node-3] [INFO] [1791449320.191864454] [bw_dr03_decoded_serial_node]: RECEIVED /cmd_vel: linear.x=0.0, angular.z=0.0
[decoded_serial_node-3] [INFO] [1791449320.258063873] [bw_dr03_decoded_serial_node]: RECEIVED /cmd_vel: linear.x=0.0, angular.z=0.0
[decoded_serial_node-3] [INFO] [1791449320.324890178] [bw_dr03_decoded_serial_node]: RECEIVED /cmd_vel: linear.x=0.0, angular.z=0.0
[target_tracker-7] [INFO] [1791449320.381530769] [target_tracker_node]: muc tieu: no_target_yet
[decoded_serial_node-3] [INFO] [1791449320.391564510] [bw_dr03_decoded_serial_node]: RECEIVED /cmd_vel: linear.x=0.0, angular.z=0.0
[decoded_serial_node-3] [INFO] [1791449320.458308892] [bw_dr03_decoded_serial_node]: RECEIVED /cmd_vel: linear.x=0.0, angular.z=0.0
[follow_planner-8] [INFO] [1791449320.525553121] [follow_planner_node]: [IDLE] disabled | d=- goc=- | v=0.000 w=0.000 | thoang=-
[decoded_serial_node-3] [INFO] [1791449320.525902183] [bw_dr03_decoded_serial_node]: RECEIVED /cmd_vel: linear.x=0.0, angular.z=0.0
[decoded_serial_node-3] [INFO] [1791449320.591602942] [bw_dr03_decoded_serial_node]: RECEIVED /cmd_vel: linear.x=0.0, angular.z=0.0
[decoded_serial_node-3] [INFO] [1791449320.658057626] [bw_dr03_decoded_serial_node]: RECEIVED /cmd_vel: linear.x=0.0, angular.z=0.0
[decoded_serial_node-3] [INFO] [1791449320.725152258] [bw_dr03_decoded_serial_node]: RECEIVED /cmd_vel: linear.x=0.0, angular.z=0.0
[decoded_serial_node-3] [INFO] [1791449320.791485839] [bw_dr03_decoded_serial_node]: RECEIVED /cmd_vel: linear.x=0.0, angular.z=0.0
[decoded_serial_node-3] [INFO] [1791449320.858333515] [bw_dr03_decoded_serial_node]: RECEIVED /cmd_vel: linear.x=0.0, angular.z=0.0
[decoded_serial_node-3] [INFO] [1791449320.924834504] [bw_dr03_decoded_serial_node]: RECEIVED /cmd_vel: linear.x=0.0, angular.z=0.0
[decoded_serial_node-3] [INFO] [1791449320.991274941] [bw_dr03_decoded_serial_node]: RECEIVED /cmd_vel: linear.x=0.0, angular.z=0.0
[decoded_serial_node-3] [INFO] [1791449321.060422388] [bw_dr03_decoded_serial_node]: RECEIVED /cmd_vel: linear.x=0.0, angular.z=0.0
[decoded_serial_node-3] [INFO] [1791449321.125200628] [bw_dr03_decoded_serial_node]: RECEIVED /cmd_vel: linear.x=0.0, angular.z=0.0
[decoded_serial_node-3] [INFO] [1791449321.191610196] [bw_dr03_decoded_serial_node]: RECEIVED /cmd_vel: linear.x=0.0, angular.z=0.0
[decoded_serial_node-3] [INFO] [1791449321.258505364] [bw_dr03_decoded_serial_node]: RECEIVED /cmd_vel: linear.x=0.0, angular.z=0.0
[decoded_serial_node-3] [INFO] [1791449321.324885250] [bw_dr03_decoded_serial_node]: RECEIVED /cmd_vel: linear.x=0.0, angular.z=0.0
[target_tracker-7] [INFO] [1791449321.381581645] [target_tracker_node]: muc tieu: no_target_yet
[decoded_serial_node-3] [INFO] [1791449321.391263950] [bw_dr03_decoded_serial_node]: RECEIVED /cmd_vel: linear.x=0.0, angular.z=0.0
[decoded_serial_node-3] [INFO] [1791449321.458339585] [bw_dr03_decoded_serial_node]: RECEIVED /cmd_vel: linear.x=0.0, angular.z=0.0
[decoded_serial_node-3] [INFO] [1791449321.525190823] [bw_dr03_decoded_serial_node]: RECEIVED /cmd_vel: linear.x=0.0, angular.z=0.0
[decoded_serial_node-3] [INFO] [1791449321.591579021] [bw_dr03_decoded_serial_node]: RECEIVED /cmd_vel: linear.x=0.0, angular.z=0.0
[follow_planner-8] [INFO] [1791449321.591614639] [follow_planner_node]: [IDLE] disabled | d=- goc=- | v=0.000 w=0.000 | thoang=-
[decoded_serial_node-3] [INFO] [1791449321.658417199] [bw_dr03_decoded_serial_node]: RECEIVED /cmd_vel: linear.x=0.0, angular.z=0.0
[decoded_serial_node-3] [INFO] [1791449321.725529640] [bw_dr03_decoded_serial_node]: RECEIVED /cmd_vel: linear.x=0.0, angular.z=0.0
[decoded_serial_node-3] [INFO] [1791449321.791161537] [bw_dr03_decoded_serial_node]: RECEIVED /cmd_vel: linear.x=0.0, angular.z=0.0
[decoded_serial_node-3] [INFO] [1791449321.858471067] [bw_dr03_decoded_serial_node]: RECEIVED /cmd_vel: linear.x=0.0, angular.z=0.0
[decoded_serial_node-3] [INFO] [1791449321.924964933] [bw_dr03_decoded_serial_node]: RECEIVED /cmd_vel: linear.x=0.0, angular.z=0.0
[decoded_serial_node-3] [INFO] [1791449321.991592962] [bw_dr03_decoded_serial_node]: RECEIVED /cmd_vel: linear.x=0.0, angular.z=0.0
[decoded_serial_node-3] [INFO] [1791449322.060172887] [bw_dr03_decoded_serial_node]: RECEIVED /cmd_vel: linear.x=0.0, angular.z=0.0
[decoded_serial_node-3] [INFO] [1791449322.125460472] [bw_dr03_decoded_serial_node]: RECEIVED /cmd_vel: linear.x=0.0, angular.z=0.0
[decoded_serial_node-3] [INFO] [1791449322.191574408] [bw_dr03_decoded_serial_node]: RECEIVED /cmd_vel: linear.x=0.0, angular.z=0.0
[decoded_serial_node-3] [INFO] [1791449322.258051652] [bw_dr03_decoded_serial_node]: RECEIVED /cmd_vel: linear.x=0.0, angular.z=0.0
[decoded_serial_node-3] [INFO] [1791449322.324839965] [bw_dr03_decoded_serial_node]: RECEIVED /cmd_vel: linear.x=0.0, angular.z=0.0
[target_tracker-7] [INFO] [1791449322.381573166] [target_tracker_node]: muc tieu: no_target_yet
[decoded_serial_node-3] [INFO] [1791449322.391783812] [bw_dr03_decoded_serial_node]: RECEIVED /cmd_vel: linear.x=0.0, angular.z=0.0
[decoded_serial_node-3] [INFO] [1791449322.458377410] [bw_dr03_decoded_serial_node]: RECEIVED /cmd_vel: linear.x=0.0, angular.z=0.0
[decoded_serial_node-3] [INFO] [1791449322.524998316] [bw_dr03_decoded_serial_node]: RECEIVED /cmd_vel: linear.x=0.0, angular.z=0.0
[decoded_serial_node-3] [INFO] [1791449322.591188238] [bw_dr03_decoded_serial_node]: RECEIVED /cmd_vel: linear.x=0.0, angular.z=0.0
[decoded_serial_node-3] [INFO] [1791449322.658269810] [bw_dr03_decoded_serial_node]: RECEIVED /cmd_vel: linear.x=0.0, angular.z=0.0
[follow_planner-8] [INFO] [1791449322.658451464] [follow_planner_node]: [IDLE] disabled | d=- goc=- | v=0.000 w=0.000 | thoang=-
[decoded_serial_node-3] [INFO] [1791449322.725345446] [bw_dr03_decoded_serial_node]: RECEIVED /cmd_vel: linear.x=0.0, angular.z=0.0
[decoded_serial_node-3] [INFO] [1791449322.791769262] [bw_dr03_decoded_serial_node]: RECEIVED /cmd_vel: linear.x=0.0, angular.z=0.0
[decoded_serial_node-3] [INFO] [1791449322.858473278] [bw_dr03_decoded_serial_node]: RECEIVED /cmd_vel: linear.x=0.0, angular.z=0.0
[decoded_serial_node-3] [INFO] [1791449322.925001576] [bw_dr03_decoded_serial_node]: RECEIVED /cmd_vel: linear.x=0.0, angular.z=0.0
[decoded_serial_node-3] [INFO] [1791449322.992201876] [bw_dr03_decoded_serial_node]: RECEIVED /cmd_vel: linear.x=0.0, angular.z=0.0
[decoded_serial_node-3] [INFO] [1791449323.057971500] [bw_dr03_decoded_serial_node]: RECEIVED /cmd_vel: linear.x=0.0, angular.z=0.0
[decoded_serial_node-3] [INFO] [1791449323.124973524] [bw_dr03_decoded_serial_node]: RECEIVED /cmd_vel: linear.x=0.0, angular.z=0.0
[decoded_serial_node-3] [INFO] [1791449323.192000482] [bw_dr03_decoded_serial_node]: RECEIVED /cmd_vel: linear.x=0.0, angular.z=0.0
[decoded_serial_node-3] [INFO] [1791449323.258724682] [bw_dr03_decoded_serial_node]: RECEIVED /cmd_vel: linear.x=0.0, angular.z=0.0
[decoded_serial_node-3] [INFO] [1791449323.325097446] [bw_dr03_decoded_serial_node]: RECEIVED /cmd_vel: linear.x=0.0, angular.z=0.0
[target_tracker-7] [INFO] [1791449323.381866266] [target_tracker_node]: muc tieu: no_target_yet
[decoded_serial_node-3] [INFO] [1791449323.391572317] [bw_dr03_decoded_serial_node]: RECEIVED /cmd_vel: linear.x=0.0, angular.z=0.0
[decoded_serial_node-3] [INFO] [1791449323.457838225] [bw_dr03_decoded_serial_node]: RECEIVED /cmd_vel: linear.x=0.0, angular.z=0.0
[decoded_serial_node-3] [INFO] [1791449323.525005282] [bw_dr03_decoded_serial_node]: RECEIVED /cmd_vel: linear.x=0.0, angular.z=0.0
[decoded_serial_node-3] [INFO] [1791449323.591971688] [bw_dr03_decoded_serial_node]: RECEIVED /cmd_vel: linear.x=0.0, angular.z=0.0
[decoded_serial_node-3] [INFO] [1791449323.658490488] [bw_dr03_decoded_serial_node]: RECEIVED /cmd_vel: linear.x=0.0, angular.z=0.0
[follow_planner-8] [INFO] [1791449323.658673330] [follow_planner_node]: [IDLE] disabled | d=- goc=- | v=0.000 w=0.000 | thoang=-
[decoded_serial_node-3] [INFO] [1791449323.725092398] [bw_dr03_decoded_serial_node]: RECEIVED /cmd_vel: linear.x=0.0, angular.z=0.0
[decoded_serial_node-3] [INFO] [1791449323.791296568] [bw_dr03_decoded_serial_node]: RECEIVED /cmd_vel: linear.x=0.0, angular.z=0.0
[decoded_serial_node-3] [INFO] [1791449323.858347271] [bw_dr03_decoded_serial_node]: RECEIVED /cmd_vel: linear.x=0.0, angular.z=0.0
[decoded_serial_node-3] [INFO] [1791449323.924911188] [bw_dr03_decoded_serial_node]: RECEIVED /cmd_vel: linear.x=0.0, angular.z=0.0
[decoded_serial_node-3] [INFO] [1791449323.991621141] [bw_dr03_decoded_serial_node]: RECEIVED /cmd_vel: linear.x=0.0, angular.z=0.0
[decoded_serial_node-3] [INFO] [1791449324.058085326] [bw_dr03_decoded_serial_node]: RECEIVED /cmd_vel: linear.x=0.0, angular.z=0.0
[decoded_serial_node-3] [INFO] [1791449324.125003054] [bw_dr03_decoded_serial_node]: RECEIVED /cmd_vel: linear.x=0.0, angular.z=0.0
[decoded_serial_node-3] [INFO] [1791449324.191328327] [bw_dr03_decoded_serial_node]: RECEIVED /cmd_vel: linear.x=0.0, angular.z=0.0
[decoded_serial_node-3] [INFO] [1791449324.258191440] [bw_dr03_decoded_serial_node]: RECEIVED /cmd_vel: linear.x=0.0, angular.z=0.0
[decoded_serial_node-3] [INFO] [1791449324.324996377] [bw_dr03_decoded_serial_node]: RECEIVED /cmd_vel: linear.x=0.0, angular.z=0.0
[decoded_serial_node-3] [INFO] [1791449324.391644591] [bw_dr03_decoded_serial_node]: RECEIVED /cmd_vel: linear.x=0.0, angular.z=0.0
[follow_planner-8] [INFO] [1791449324.401434939] [follow_planner_node]: self-filter: bo 5/183 tia dap vao than xe
[target_tracker-7] [INFO] [1791449324.431887599] [target_tracker_node]: muc tieu: no_target_yet
[decoded_serial_node-3] [INFO] [1791449324.458467336] [bw_dr03_decoded_serial_node]: RECEIVED /cmd_vel: linear.x=0.0, angular.z=0.0
[decoded_serial_node-3] [INFO] [1791449324.524760553] [bw_dr03_decoded_serial_node]: RECEIVED /cmd_vel: linear.x=0.0, angular.z=0.0
[decoded_serial_node-3] [INFO] [1791449324.591159438] [bw_dr03_decoded_serial_node]: RECEIVED /cmd_vel: linear.x=0.0, angular.z=0.0
[decoded_serial_node-3] [INFO] [1791449324.658265944] [bw_dr03_decoded_serial_node]: RECEIVED /cmd_vel: linear.x=0.0, angular.z=0.0
[decoded_serial_node-3] [INFO] [1791449324.724920095] [bw_dr03_decoded_serial_node]: RECEIVED /cmd_vel: linear.x=0.0, angular.z=0.0
[follow_planner-8] [INFO] [1791449324.725240662] [follow_planner_node]: [IDLE] disabled | d=- goc=- | v=0.000 w=0.000 | thoang=-
[decoded_serial_node-3] [INFO] [1791449324.791793894] [bw_dr03_decoded_serial_node]: RECEIVED /cmd_vel: linear.x=0.0, angular.z=0.0
[decoded_serial_node-3] [INFO] [1791449324.858259267] [bw_dr03_decoded_serial_node]: RECEIVED /cmd_vel: linear.x=0.0, angular.z=0.0
[decoded_serial_node-3] [INFO] [1791449324.924807749] [bw_dr03_decoded_serial_node]: RECEIVED /cmd_vel: linear.x=0.0, angular.z=0.0
[decoded_serial_node-3] [INFO] [1791449324.991603187] [bw_dr03_decoded_serial_node]: RECEIVED /cmd_vel: linear.x=0.0, angular.z=0.0
[decoded_serial_node-3] [INFO] [1791449325.057793110] [bw_dr03_decoded_serial_node]: RECEIVED /cmd_vel: linear.x=0.0, angular.z=0.0
[decoded_serial_node-3] [INFO] [1791449325.125001724] [bw_dr03_decoded_serial_node]: RECEIVED /cmd_vel: linear.x=0.0, angular.z=0.0
[decoded_serial_node-3] [INFO] [1791449325.191741360] [bw_dr03_decoded_serial_node]: RECEIVED /cmd_vel: linear.x=0.0, angular.z=0.0
[decoded_serial_node-3] [INFO] [1791449325.258136683] [bw_dr03_decoded_serial_node]: RECEIVED /cmd_vel: linear.x=0.0, angular.z=0.0
[decoded_serial_node-3] [INFO] [1791449325.324879881] [bw_dr03_decoded_serial_node]: RECEIVED /cmd_vel: linear.x=0.0, angular.z=0.0
[decoded_serial_node-3] [INFO] [1791449325.391700253] [bw_dr03_decoded_serial_node]: RECEIVED /cmd_vel: linear.x=0.0, angular.z=0.0
[decoded_serial_node-3] [INFO] [1791449325.458057583] [bw_dr03_decoded_serial_node]: RECEIVED /cmd_vel: linear.x=0.0, angular.z=0.0
[target_tracker-7] [INFO] [1791449325.481889945] [target_tracker_node]: muc tieu: no_target_yet
[decoded_serial_node-3] [INFO] [1791449325.525067920] [bw_dr03_decoded_serial_node]: RECEIVED /cmd_vel: linear.x=0.0, angular.z=0.0
[decoded_serial_node-3] [INFO] [1791449325.591587909] [bw_dr03_decoded_serial_node]: RECEIVED /cmd_vel: linear.x=0.0, angular.z=0.0
[decoded_serial_node-3] [INFO] [1791449325.658369100] [bw_dr03_decoded_serial_node]: RECEIVED /cmd_vel: linear.x=0.0, angular.z=0.0
[decoded_serial_node-3] [INFO] [1791449325.724835660] [bw_dr03_decoded_serial_node]: RECEIVED /cmd_vel: linear.x=0.0, angular.z=0.0
[follow_planner-8] [INFO] [1791449325.724947265] [follow_planner_node]: [IDLE] disabled | d=- goc=- | v=0.000 w=0.000 | thoang=-
[decoded_serial_node-3] [INFO] [1791449325.791422137] [bw_dr03_decoded_serial_node]: RECEIVED /cmd_vel: linear.x=0.0, angular.z=0.0
[decoded_serial_node-3] [INFO] [1791449325.858318494] [bw_dr03_decoded_serial_node]: RECEIVED /cmd_vel: linear.x=0.0, angular.z=0.0
[decoded_serial_node-3] [INFO] [1791449325.925034385] [bw_dr03_decoded_serial_node]: RECEIVED /cmd_vel: linear.x=0.0, angular.z=0.0
[decoded_serial_node-3] [INFO] [1791449325.991616112] [bw_dr03_decoded_serial_node]: RECEIVED /cmd_vel: linear.x=0.0, angular.z=0.0
[decoded_serial_node-3] [INFO] [1791449326.058239395] [bw_dr03_decoded_serial_node]: RECEIVED /cmd_vel: linear.x=0.0, angular.z=0.0
[decoded_serial_node-3] [INFO] [1791449326.124898296] [bw_dr03_decoded_serial_node]: RECEIVED /cmd_vel: linear.x=0.0, angular.z=0.0
[python3-4] [INFO] [1791449326.152601206] [identity_lock_node]: camera: nhan 12.5 fps (phoi sang 30 ms, do sang 117), xu ly 12.5 Hz, TB 39 ms/khung, tre tu luc chup 48.6 ms, 2 nguoi, status ENROLLING
[decoded_serial_node-3] [INFO] [1791449326.191440844] [bw_dr03_decoded_serial_node]: RECEIVED /cmd_vel: linear.x=0.0, angular.z=0.0
[decoded_serial_node-3] [INFO] [1791449326.258319393] [bw_dr03_decoded_serial_node]: RECEIVED /cmd_vel: linear.x=0.0, angular.z=0.0
[decoded_serial_node-3] [INFO] [1791449326.325175383] [bw_dr03_decoded_serial_node]: RECEIVED /cmd_vel: linear.x=0.0, angular.z=0.0
[decoded_serial_node-3] [INFO] [1791449326.391558835] [bw_dr03_decoded_serial_node]: RECEIVED /cmd_vel: linear.x=0.0, angular.z=0.0
[decoded_serial_node-3] [INFO] [1791449326.458321030] [bw_dr03_decoded_serial_node]: RECEIVED /cmd_vel: linear.x=0.0, angular.z=0.0
[target_tracker-7] [INFO] [1791449326.483373920] [target_tracker_node]: muc tieu: no_target_yet
[decoded_serial_node-3] [INFO] [1791449326.524949062] [bw_dr03_decoded_serial_node]: RECEIVED /cmd_vel: linear.x=0.0, angular.z=0.0
[decoded_serial_node-3] [INFO] [1791449326.591436994] [bw_dr03_decoded_serial_node]: RECEIVED /cmd_vel: linear.x=0.0, angular.z=0.0
[decoded_serial_node-3] [INFO] [1791449326.657922552] [bw_dr03_decoded_serial_node]: RECEIVED /cmd_vel: linear.x=0.0, angular.z=0.0
[decoded_serial_node-3] [INFO] [1791449326.724849779] [bw_dr03_decoded_serial_node]: RECEIVED /cmd_vel: linear.x=0.0, angular.z=0.0
[follow_planner-8] [INFO] [1791449326.724966133] [follow_planner_node]: [IDLE] disabled | d=- goc=- | v=0.000 w=0.000 | thoang=-
[decoded_serial_node-3] [INFO] [1791449326.791894548] [bw_dr03_decoded_serial_node]: RECEIVED /cmd_vel: linear.x=0.0, angular.z=0.0
[decoded_serial_node-3] [INFO] [1791449326.858400290] [bw_dr03_decoded_serial_node]: RECEIVED /cmd_vel: linear.x=0.0, angular.z=0.0
[decoded_serial_node-3] [INFO] [1791449326.924923841] [bw_dr03_decoded_serial_node]: RECEIVED /cmd_vel: linear.x=0.0, angular.z=0.0
[decoded_serial_node-3] [INFO] [1791449326.991477074] [bw_dr03_decoded_serial_node]: RECEIVED /cmd_vel: linear.x=0.0, angular.z=0.0
[decoded_serial_node-3] [INFO] [1791449327.058003000] [bw_dr03_decoded_serial_node]: RECEIVED /cmd_vel: linear.x=0.0, angular.z=0.0
[decoded_serial_node-3] [INFO] [1791449327.124805563] [bw_dr03_decoded_serial_node]: RECEIVED /cmd_vel: linear.x=0.0, angular.z=0.0
[decoded_serial_node-3] [INFO] [1791449327.191885951] [bw_dr03_decoded_serial_node]: RECEIVED /cmd_vel: linear.x=0.0, angular.z=0.0
[decoded_serial_node-3] [INFO] [1791449327.258430874] [bw_dr03_decoded_serial_node]: RECEIVED /cmd_vel: linear.x=0.0, angular.z=0.0
[decoded_serial_node-3] [INFO] [1791449327.324863004] [bw_dr03_decoded_serial_node]: RECEIVED /cmd_vel: linear.x=0.0, angular.z=0.0
[decoded_serial_node-3] [INFO] [1791449327.391415051] [bw_dr03_decoded_serial_node]: RECEIVED /cmd_vel: linear.x=0.0, angular.z=0.0
[decoded_serial_node-3] [INFO] [1791449327.457892298] [bw_dr03_decoded_serial_node]: RECEIVED /cmd_vel: linear.x=0.0, angular.z=0.0
[decoded_serial_node-3] [INFO] [1791449327.524802904] [bw_dr03_decoded_serial_node]: RECEIVED /cmd_vel: linear.x=0.0, angular.z=0.0
[target_tracker-7] [INFO] [1791449327.531943234] [target_tracker_node]: muc tieu: no_target_yet
[decoded_serial_node-3] [INFO] [1791449327.591714698] [bw_dr03_decoded_serial_node]: RECEIVED /cmd_vel: linear.x=0.0, angular.z=0.0
[decoded_serial_node-3] [INFO] [1791449327.659683175] [bw_dr03_decoded_serial_node]: RECEIVED /cmd_vel: linear.x=0.0, angular.z=0.0
[decoded_serial_node-3] [INFO] [1791449327.725112050] [bw_dr03_decoded_serial_node]: RECEIVED /cmd_vel: linear.x=0.0, angular.z=0.0
[decoded_serial_node-3] [INFO] [1791449327.791583361] [bw_dr03_decoded_serial_node]: RECEIVED /cmd_vel: linear.x=0.0, angular.z=0.0
[follow_planner-8] [INFO] [1791449327.791723461] [follow_planner_node]: [IDLE] disabled | d=- goc=- | v=0.000 w=0.000 | thoang=-
[decoded_serial_node-3] [INFO] [1791449327.857844523] [bw_dr03_decoded_serial_node]: RECEIVED /cmd_vel: linear.x=0.0, angular.z=0.0
[decoded_serial_node-3] [INFO] [1791449327.925497182] [bw_dr03_decoded_serial_node]: RECEIVED /cmd_vel: linear.x=0.0, angular.z=0.0
[decoded_serial_node-3] [INFO] [1791449327.991592123] [bw_dr03_decoded_serial_node]: RECEIVED /cmd_vel: linear.x=0.0, angular.z=0.0
[decoded_serial_node-3] [INFO] [1791449328.058081244] [bw_dr03_decoded_serial_node]: RECEIVED /cmd_vel: linear.x=0.0, angular.z=0.0
[decoded_serial_node-3] [INFO] [1791449328.124953858] [bw_dr03_decoded_serial_node]: RECEIVED /cmd_vel: linear.x=0.0, angular.z=0.0
[decoded_serial_node-3] [INFO] [1791449328.191362244] [bw_dr03_decoded_serial_node]: RECEIVED /cmd_vel: linear.x=0.0, angular.z=0.0
[decoded_serial_node-3] [INFO] [1791449328.258257416] [bw_dr03_decoded_serial_node]: RECEIVED /cmd_vel: linear.x=0.0, angular.z=0.0
[decoded_serial_node-3] [INFO] [1791449328.325159712] [bw_dr03_decoded_serial_node]: RECEIVED /cmd_vel: linear.x=0.0, angular.z=0.0
[decoded_serial_node-3] [INFO] [1791449328.391565723] [bw_dr03_decoded_serial_node]: RECEIVED /cmd_vel: linear.x=0.0, angular.z=0.0
[decoded_serial_node-3] [INFO] [1791449328.458240060] [bw_dr03_decoded_serial_node]: RECEIVED /cmd_vel: linear.x=0.0, angular.z=0.0
[decoded_serial_node-3] [INFO] [1791449328.526413937] [bw_dr03_decoded_serial_node]: RECEIVED /cmd_vel: linear.x=0.0, angular.z=0.0
[target_tracker-7] [INFO] [1791449328.581780577] [target_tracker_node]: muc tieu: no_target_yet
[decoded_serial_node-3] [INFO] [1791449328.591483066] [bw_dr03_decoded_serial_node]: RECEIVED /cmd_vel: linear.x=0.0, angular.z=0.0
[decoded_serial_node-3] [INFO] [1791449328.657860582] [bw_dr03_decoded_serial_node]: RECEIVED /cmd_vel: linear.x=0.0, angular.z=0.0
[decoded_serial_node-3] [INFO] [1791449328.725319714] [bw_dr03_decoded_serial_node]: RECEIVED /cmd_vel: linear.x=0.0, angular.z=0.0
[decoded_serial_node-3] [INFO] [1791449328.791685358] [bw_dr03_decoded_serial_node]: RECEIVED /cmd_vel: linear.x=0.0, angular.z=0.0
[decoded_serial_node-3] [INFO] [1791449328.858349009] [bw_dr03_decoded_serial_node]: RECEIVED /cmd_vel: linear.x=0.0, angular.z=0.0
[follow_planner-8] [INFO] [1791449328.858472487] [follow_planner_node]: [IDLE] disabled | d=- goc=- | v=0.000 w=0.000 | thoang=-
[decoded_serial_node-3] [INFO] [1791449328.925101708] [bw_dr03_decoded_serial_node]: RECEIVED /cmd_vel: linear.x=0.0, angular.z=0.0
[decoded_serial_node-3] [INFO] [1791449328.991711931] [bw_dr03_decoded_serial_node]: RECEIVED /cmd_vel: linear.x=0.0, angular.z=0.0
[decoded_serial_node-3] [INFO] [1791449329.058451570] [bw_dr03_decoded_serial_node]: RECEIVED /cmd_vel: linear.x=0.0, angular.z=0.0
[decoded_serial_node-3] [INFO] [1791449329.125172212] [bw_dr03_decoded_serial_node]: RECEIVED /cmd_vel: linear.x=0.0, angular.z=0.0
[decoded_serial_node-3] [INFO] [1791449329.191694577] [bw_dr03_decoded_serial_node]: RECEIVED /cmd_vel: linear.x=0.0, angular.z=0.0
[decoded_serial_node-3] [INFO] [1791449329.258298865] [bw_dr03_decoded_serial_node]: RECEIVED /cmd_vel: linear.x=0.0, angular.z=0.0
[decoded_serial_node-3] [INFO] [1791449329.325412498] [bw_dr03_decoded_serial_node]: RECEIVED /cmd_vel: linear.x=0.0, angular.z=0.0
[decoded_serial_node-3] [INFO] [1791449329.391584615] [bw_dr03_decoded_serial_node]: RECEIVED /cmd_vel: linear.x=0.0, angular.z=0.0
[decoded_serial_node-3] [INFO] [1791449329.458095108] [bw_dr03_decoded_serial_node]: RECEIVED /cmd_vel: linear.x=0.0, angular.z=0.0
[decoded_serial_node-3] [INFO] [1791449329.524811000] [bw_dr03_decoded_serial_node]: RECEIVED /cmd_vel: linear.x=0.0, angular.z=0.0
[target_tracker-7] [INFO] [1791449329.581664121] [target_tracker_node]: muc tieu: no_target_yet
[decoded_serial_node-3] [INFO] [1791449329.592099164] [bw_dr03_decoded_serial_node]: RECEIVED /cmd_vel: linear.x=0.0, angular.z=0.0
[decoded_serial_node-3] [INFO] [1791449329.658129994] [bw_dr03_decoded_serial_node]: RECEIVED /cmd_vel: linear.x=0.0, angular.z=0.0
[decoded_serial_node-3] [INFO] [1791449329.725031103] [bw_dr03_decoded_serial_node]: RECEIVED /cmd_vel: linear.x=0.0, angular.z=0.0
[decoded_serial_node-3] [INFO] [1791449329.791616395] [bw_dr03_decoded_serial_node]: RECEIVED /cmd_vel: linear.x=0.0, angular.z=0.0
[decoded_serial_node-3] [INFO] [1791449329.857949982] [bw_dr03_decoded_serial_node]: RECEIVED /cmd_vel: linear.x=0.0, angular.z=0.0
[decoded_serial_node-3] [INFO] [1791449329.924981692] [bw_dr03_decoded_serial_node]: RECEIVED /cmd_vel: linear.x=0.0, angular.z=0.0
[follow_planner-8] [INFO] [1791449329.925061240] [follow_planner_node]: [IDLE] disabled | d=- goc=- | v=0.000 w=0.000 | thoang=-
[decoded_serial_node-3] [INFO] [1791449329.991443506] [bw_dr03_decoded_serial_node]: RECEIVED /cmd_vel: linear.x=0.0, angular.z=0.0
[decoded_serial_node-3] [INFO] [1791449330.058179584] [bw_dr03_decoded_serial_node]: RECEIVED /cmd_vel: linear.x=0.0, angular.z=0.0
[decoded_serial_node-3] [INFO] [1791449330.124872919] [bw_dr03_decoded_serial_node]: RECEIVED /cmd_vel: linear.x=0.0, angular.z=0.0
[decoded_serial_node-3] [INFO] [1791449330.191635116] [bw_dr03_decoded_serial_node]: RECEIVED /cmd_vel: linear.x=0.0, angular.z=0.0
[decoded_serial_node-3] [INFO] [1791449330.257979389] [bw_dr03_decoded_serial_node]: RECEIVED /cmd_vel: linear.x=0.0, angular.z=0.0
[decoded_serial_node-3] [INFO] [1791449330.325043157] [bw_dr03_decoded_serial_node]: RECEIVED /cmd_vel: linear.x=0.0, angular.z=0.0
[decoded_serial_node-3] [INFO] [1791449330.391604704] [bw_dr03_decoded_serial_node]: RECEIVED /cmd_vel: linear.x=0.0, angular.z=0.0
[decoded_serial_node-3] [INFO] [1791449330.458382336] [bw_dr03_decoded_serial_node]: RECEIVED /cmd_vel: linear.x=0.0, angular.z=0.0
[decoded_serial_node-3] [INFO] [1791449330.525049551] [bw_dr03_decoded_serial_node]: RECEIVED /cmd_vel: linear.x=0.0, angular.z=0.0
[target_tracker-7] [INFO] [1791449330.581743575] [target_tracker_node]: muc tieu: no_target_yet
[decoded_serial_node-3] [INFO] [1791449330.591568355] [bw_dr03_decoded_serial_node]: RECEIVED /cmd_vel: linear.x=0.0, angular.z=0.0
[decoded_serial_node-3] [INFO] [1791449330.657925688] [bw_dr03_decoded_serial_node]: RECEIVED /cmd_vel: linear.x=0.0, angular.z=0.0
[decoded_serial_node-3] [INFO] [1791449330.725066630] [bw_dr03_decoded_serial_node]: RECEIVED /cmd_vel: linear.x=0.0, angular.z=0.0
[decoded_serial_node-3] [INFO] [1791449330.791704162] [bw_dr03_decoded_serial_node]: RECEIVED /cmd_vel: linear.x=0.0, angular.z=0.0
[decoded_serial_node-3] [INFO] [1791449330.858460423] [bw_dr03_decoded_serial_node]: RECEIVED /cmd_vel: linear.x=0.0, angular.z=0.0
[decoded_serial_node-3] [INFO] [1791449330.925145447] [bw_dr03_decoded_serial_node]: RECEIVED /cmd_vel: linear.x=0.0, angular.z=0.0
[follow_planner-8] [INFO] [1791449330.925198875] [follow_planner_node]: [IDLE] disabled | d=- goc=- | v=0.000 w=0.000 | thoang=-
[decoded_serial_node-3] [INFO] [1791449330.991669001] [bw_dr03_decoded_serial_node]: RECEIVED /cmd_vel: linear.x=0.0, angular.z=0.0
[decoded_serial_node-3] [INFO] [1791449331.057844680] [bw_dr03_decoded_serial_node]: RECEIVED /cmd_vel: linear.x=0.0, angular.z=0.0
[decoded_serial_node-3] [INFO] [1791449331.124995120] [bw_dr03_decoded_serial_node]: RECEIVED /cmd_vel: linear.x=0.0, angular.z=0.0
[decoded_serial_node-3] [INFO] [1791449331.191668272] [bw_dr03_decoded_serial_node]: RECEIVED /cmd_vel: linear.x=0.0, angular.z=0.0
[decoded_serial_node-3] [INFO] [1791449331.258454216] [bw_dr03_decoded_serial_node]: RECEIVED /cmd_vel: linear.x=0.0, angular.z=0.0
[decoded_serial_node-3] [INFO] [1791449331.325366012] [bw_dr03_decoded_serial_node]: RECEIVED /cmd_vel: linear.x=0.0, angular.z=0.0
[decoded_serial_node-3] [INFO] [1791449331.391700788] [bw_dr03_decoded_serial_node]: RECEIVED /cmd_vel: linear.x=0.0, angular.z=0.0
[decoded_serial_node-3] [INFO] [1791449331.457929895] [bw_dr03_decoded_serial_node]: RECEIVED /cmd_vel: linear.x=0.0, angular.z=0.0
[decoded_serial_node-3] [INFO] [1791449331.524814383] [bw_dr03_decoded_serial_node]: RECEIVED /cmd_vel: linear.x=0.0, angular.z=0.0
[decoded_serial_node-3] [INFO] [1791449331.591719056] [bw_dr03_decoded_serial_node]: RECEIVED /cmd_vel: linear.x=0.0, angular.z=0.0
[target_tracker-7] [INFO] [1791449331.631785160] [target_tracker_node]: muc tieu: no_target_yet
[decoded_serial_node-3] [INFO] [1791449331.658453946] [bw_dr03_decoded_serial_node]: RECEIVED /cmd_vel: linear.x=0.0, angular.z=0.0
[decoded_serial_node-3] [INFO] [1791449331.725453601] [bw_dr03_decoded_serial_node]: RECEIVED /cmd_vel: linear.x=0.0, angular.z=0.0
[decoded_serial_node-3] [INFO] [1791449331.791393011] [bw_dr03_decoded_serial_node]: RECEIVED /cmd_vel: linear.x=0.0, angular.z=0.0
[decoded_serial_node-3] [INFO] [1791449331.858262065] [bw_dr03_decoded_serial_node]: RECEIVED /cmd_vel: linear.x=0.0, angular.z=0.0
[decoded_serial_node-3] [INFO] [1791449331.925179797] [bw_dr03_decoded_serial_node]: RECEIVED /cmd_vel: linear.x=0.0, angular.z=0.0
[follow_planner-8] [INFO] [1791449331.991597683] [follow_planner_node]: [IDLE] disabled | d=- goc=- | v=0.000 w=0.000 | thoang=-
[decoded_serial_node-3] [INFO] [1791449331.991643987] [bw_dr03_decoded_serial_node]: RECEIVED /cmd_vel: linear.x=0.0, angular.z=0.0
[decoded_serial_node-3] [INFO] [1791449332.058342072] [bw_dr03_decoded_serial_node]: RECEIVED /cmd_vel: linear.x=0.0, angular.z=0.0
[decoded_serial_node-3] [INFO] [1791449332.125074589] [bw_dr03_decoded_serial_node]: RECEIVED /cmd_vel: linear.x=0.0, angular.z=0.0
[decoded_serial_node-3] [INFO] [1791449332.191203965] [bw_dr03_decoded_serial_node]: RECEIVED /cmd_vel: linear.x=0.0, angular.z=0.0
[decoded_serial_node-3] [INFO] [1791449332.258511127] [bw_dr03_decoded_serial_node]: RECEIVED /cmd_vel: linear.x=0.0, angular.z=0.0
[decoded_serial_node-3] [INFO] [1791449332.324696306] [bw_dr03_decoded_serial_node]: RECEIVED /cmd_vel: linear.x=0.0, angular.z=0.0
[decoded_serial_node-3] [INFO] [1791449332.391954789] [bw_dr03_decoded_serial_node]: RECEIVED /cmd_vel: linear.x=0.0, angular.z=0.0
[decoded_serial_node-3] [INFO] [1791449332.458490217] [bw_dr03_decoded_serial_node]: RECEIVED /cmd_vel: linear.x=0.0, angular.z=0.0
[decoded_serial_node-3] [INFO] [1791449332.525137249] [bw_dr03_decoded_serial_node]: RECEIVED /cmd_vel: linear.x=0.0, angular.z=0.0
[decoded_serial_node-3] [INFO] [1791449332.591680987] [bw_dr03_decoded_serial_node]: RECEIVED /cmd_vel: linear.x=0.0, angular.z=0.0
[target_tracker-7] [INFO] [1791449332.631730471] [target_tracker_node]: muc tieu: no_target_yet
[decoded_serial_node-3] [INFO] [1791449332.658066817] [bw_dr03_decoded_serial_node]: RECEIVED /cmd_vel: linear.x=0.0, angular.z=0.0
[decoded_serial_node-3] [INFO] [1791449332.725227943] [bw_dr03_decoded_serial_node]: RECEIVED /cmd_vel: linear.x=0.0, angular.z=0.0
[decoded_serial_node-3] [INFO] [1791449332.792029322] [bw_dr03_decoded_serial_node]: RECEIVED /cmd_vel: linear.x=0.0, angular.z=0.0
[decoded_serial_node-3] [INFO] [1791449332.858428212] [bw_dr03_decoded_serial_node]: RECEIVED /cmd_vel: linear.x=0.0, angular.z=0.0
[decoded_serial_node-3] [INFO] [1791449332.925070495] [bw_dr03_decoded_serial_node]: RECEIVED /cmd_vel: linear.x=0.0, angular.z=0.0
[decoded_serial_node-3] [INFO] [1791449332.991626106] [bw_dr03_decoded_serial_node]: RECEIVED /cmd_vel: linear.x=0.0, angular.z=0.0
[decoded_serial_node-3] [INFO] [1791449333.057881335] [bw_dr03_decoded_serial_node]: RECEIVED /cmd_vel: linear.x=0.0, angular.z=0.0
[follow_planner-8] [INFO] [1791449333.058054678] [follow_planner_node]: [IDLE] disabled | d=- goc=- | v=0.000 w=0.000 | thoang=-
[decoded_serial_node-3] [INFO] [1791449333.125051960] [bw_dr03_decoded_serial_node]: RECEIVED /cmd_vel: linear.x=0.0, angular.z=0.0
[decoded_serial_node-3] [INFO] [1791449333.191755983] [bw_dr03_decoded_serial_node]: RECEIVED /cmd_vel: linear.x=0.0, angular.z=0.0
[decoded_serial_node-3] [INFO] [1791449333.259773142] [bw_dr03_decoded_serial_node]: RECEIVED /cmd_vel: linear.x=0.0, angular.z=0.0
[decoded_serial_node-3] [INFO] [1791449333.325141469] [bw_dr03_decoded_serial_node]: RECEIVED /cmd_vel: linear.x=0.0, angular.z=0.0
[decoded_serial_node-3] [INFO] [1791449333.391851428] [bw_dr03_decoded_serial_node]: RECEIVED /cmd_vel: linear.x=0.0, angular.z=0.0
[decoded_serial_node-3] [INFO] [1791449333.457948748] [bw_dr03_decoded_serial_node]: RECEIVED /cmd_vel: linear.x=0.0, angular.z=0.0
[decoded_serial_node-3] [INFO] [1791449333.524968588] [bw_dr03_decoded_serial_node]: RECEIVED /cmd_vel: linear.x=0.0, angular.z=0.0
[decoded_serial_node-3] [INFO] [1791449333.591897007] [bw_dr03_decoded_serial_node]: RECEIVED /cmd_vel: linear.x=0.0, angular.z=0.0
[decoded_serial_node-3] [INFO] [1791449333.658374258] [bw_dr03_decoded_serial_node]: RECEIVED /cmd_vel: linear.x=0.0, angular.z=0.0
[target_tracker-7] [INFO] [1791449333.683677667] [target_tracker_node]: muc tieu: no_target_yet
[decoded_serial_node-3] [INFO] [1791449333.724925121] [bw_dr03_decoded_serial_node]: RECEIVED /cmd_vel: linear.x=0.0, angular.z=0.0
[decoded_serial_node-3] [INFO] [1791449333.791478358] [bw_dr03_decoded_serial_node]: RECEIVED /cmd_vel: linear.x=0.0, angular.z=0.0
[decoded_serial_node-3] [INFO] [1791449333.858324854] [bw_dr03_decoded_serial_node]: RECEIVED /cmd_vel: linear.x=0.0, angular.z=0.0
[decoded_serial_node-3] [INFO] [1791449333.925098927] [bw_dr03_decoded_serial_node]: RECEIVED /cmd_vel: linear.x=0.0, angular.z=0.0
[decoded_serial_node-3] [INFO] [1791449333.991616545] [bw_dr03_decoded_serial_node]: RECEIVED /cmd_vel: linear.x=0.0, angular.z=0.0
[decoded_serial_node-3] [INFO] [1791449334.058402491] [bw_dr03_decoded_serial_node]: RECEIVED /cmd_vel: linear.x=0.0, angular.z=0.0
[follow_planner-8] [INFO] [1791449334.058478477] [follow_planner_node]: [IDLE] disabled | d=- goc=- | v=0.000 w=0.000 | thoang=-
[decoded_serial_node-3] [INFO] [1791449334.124975912] [bw_dr03_decoded_serial_node]: RECEIVED /cmd_vel: linear.x=0.0, angular.z=0.0
[decoded_serial_node-3] [INFO] [1791449334.191276259] [bw_dr03_decoded_serial_node]: RECEIVED /cmd_vel: linear.x=0.0, angular.z=0.0
[decoded_serial_node-3] [INFO] [1791449334.260092461] [bw_dr03_decoded_serial_node]: RECEIVED /cmd_vel: linear.x=0.0, angular.z=0.0
[decoded_serial_node-3] [INFO] [1791449334.325370555] [bw_dr03_decoded_serial_node]: RECEIVED /cmd_vel: linear.x=0.0, angular.z=0.0
[decoded_serial_node-3] [INFO] [1791449334.391776570] [bw_dr03_decoded_serial_node]: RECEIVED /cmd_vel: linear.x=0.0, angular.z=0.0
[follow_planner-8] [INFO] [1791449334.421981090] [follow_planner_node]: self-filter: bo 9/180 tia dap vao than xe
[decoded_serial_node-3] [INFO] [1791449334.458449723] [bw_dr03_decoded_serial_node]: RECEIVED /cmd_vel: linear.x=0.0, angular.z=0.0
[decoded_serial_node-3] [INFO] [1791449334.525404263] [bw_dr03_decoded_serial_node]: RECEIVED /cmd_vel: linear.x=0.0, angular.z=0.0
[decoded_serial_node-3] [INFO] [1791449334.591773472] [bw_dr03_decoded_serial_node]: RECEIVED /cmd_vel: linear.x=0.0, angular.z=0.0
[decoded_serial_node-3] [INFO] [1791449334.657857732] [bw_dr03_decoded_serial_node]: RECEIVED /cmd_vel: linear.x=0.0, angular.z=0.0
[decoded_serial_node-3] [INFO] [1791449334.724767156] [bw_dr03_decoded_serial_node]: RECEIVED /cmd_vel: linear.x=0.0, angular.z=0.0
[target_tracker-7] [INFO] [1791449334.732143755] [target_tracker_node]: muc tieu: no_target_yet
[decoded_serial_node-3] [INFO] [1791449334.791638586] [bw_dr03_decoded_serial_node]: RECEIVED /cmd_vel: linear.x=0.0, angular.z=0.0
[decoded_serial_node-3] [INFO] [1791449334.858445903] [bw_dr03_decoded_serial_node]: RECEIVED /cmd_vel: linear.x=0.0, angular.z=0.0
[decoded_serial_node-3] [INFO] [1791449334.924912469] [bw_dr03_decoded_serial_node]: RECEIVED /cmd_vel: linear.x=0.0, angular.z=0.0
[decoded_serial_node-3] [INFO] [1791449334.991770839] [bw_dr03_decoded_serial_node]: RECEIVED /cmd_vel: linear.x=0.0, angular.z=0.0
[decoded_serial_node-3] [INFO] [1791449335.058058125] [bw_dr03_decoded_serial_node]: RECEIVED /cmd_vel: linear.x=0.0, angular.z=0.0
[decoded_serial_node-3] [INFO] [1791449335.125074405] [bw_dr03_decoded_serial_node]: RECEIVED /cmd_vel: linear.x=0.0, angular.z=0.0
[follow_planner-8] [INFO] [1791449335.125273868] [follow_planner_node]: [IDLE] disabled | d=- goc=- | v=0.000 w=0.000 | thoang=-
[decoded_serial_node-3] [INFO] [1791449335.191679884] [bw_dr03_decoded_serial_node]: RECEIVED /cmd_vel: linear.x=0.0, angular.z=0.0
[decoded_serial_node-3] [INFO] [1791449335.258475328] [bw_dr03_decoded_serial_node]: RECEIVED /cmd_vel: linear.x=0.0, angular.z=0.0
[decoded_serial_node-3] [INFO] [1791449335.325025005] [bw_dr03_decoded_serial_node]: RECEIVED /cmd_vel: linear.x=0.0, angular.z=0.0
[decoded_serial_node-3] [INFO] [1791449335.391937990] [bw_dr03_decoded_serial_node]: RECEIVED /cmd_vel: linear.x=0.0, angular.z=0.0
[decoded_serial_node-3] [INFO] [1791449335.458111298] [bw_dr03_decoded_serial_node]: RECEIVED /cmd_vel: linear.x=0.0, angular.z=0.0
[decoded_serial_node-3] [INFO] [1791449335.524831943] [bw_dr03_decoded_serial_node]: RECEIVED /cmd_vel: linear.x=0.0, angular.z=0.0
[decoded_serial_node-3] [INFO] [1791449335.591420800] [bw_dr03_decoded_serial_node]: RECEIVED /cmd_vel: linear.x=0.0, angular.z=0.0
[decoded_serial_node-3] [INFO] [1791449335.658218619] [bw_dr03_decoded_serial_node]: RECEIVED /cmd_vel: linear.x=0.0, angular.z=0.0
[decoded_serial_node-3] [INFO] [1791449335.725132792] [bw_dr03_decoded_serial_node]: RECEIVED /cmd_vel: linear.x=0.0, angular.z=0.0
[target_tracker-7] [INFO] [1791449335.732491582] [target_tracker_node]: muc tieu: no_target_yet
[decoded_serial_node-3] [INFO] [1791449335.791544744] [bw_dr03_decoded_serial_node]: RECEIVED /cmd_vel: linear.x=0.0, angular.z=0.0
[decoded_serial_node-3] [INFO] [1791449335.858010123] [bw_dr03_decoded_serial_node]: RECEIVED /cmd_vel: linear.x=0.0, angular.z=0.0
[decoded_serial_node-3] [INFO] [1791449335.925280482] [bw_dr03_decoded_serial_node]: RECEIVED /cmd_vel: linear.x=0.0, angular.z=0.0
[decoded_serial_node-3] [INFO] [1791449335.991885961] [bw_dr03_decoded_serial_node]: RECEIVED /cmd_vel: linear.x=0.0, angular.z=0.0
[decoded_serial_node-3] [INFO] [1791449336.058320471] [bw_dr03_decoded_serial_node]: RECEIVED /cmd_vel: linear.x=0.0, angular.z=0.0
[decoded_serial_node-3] [INFO] [1791449336.124887957] [bw_dr03_decoded_serial_node]: RECEIVED /cmd_vel: linear.x=0.0, angular.z=0.0
[follow_planner-8] [INFO] [1791449336.191625226] [follow_planner_node]: [IDLE] disabled | d=- goc=- | v=0.000 w=0.000 | thoang=-
[decoded_serial_node-3] [INFO] [1791449336.191691714] [bw_dr03_decoded_serial_node]: RECEIVED /cmd_vel: linear.x=0.0, angular.z=0.0
[python3-4] [INFO] [1791449336.222307035] [identity_lock_node]: camera: nhan 12.5 fps (phoi sang 30 ms, do sang 124), xu ly 12.5 Hz, TB 39 ms/khung, tre tu luc chup 38.8 ms, 1 nguoi, status ENROLLING
[decoded_serial_node-3] [INFO] [1791449336.258071609] [bw_dr03_decoded_serial_node]: RECEIVED /cmd_vel: linear.x=0.0, angular.z=0.0
[decoded_serial_node-3] [INFO] [1791449336.325189996] [bw_dr03_decoded_serial_node]: RECEIVED /cmd_vel: linear.x=0.0, angular.z=0.0
[decoded_serial_node-3] [INFO] [1791449336.391682683] [bw_dr03_decoded_serial_node]: RECEIVED /cmd_vel: linear.x=0.0, angular.z=0.0
[decoded_serial_node-3] [INFO] [1791449336.458408078] [bw_dr03_decoded_serial_node]: RECEIVED /cmd_vel: linear.x=0.0, angular.z=0.0
[decoded_serial_node-3] [INFO] [1791449336.525424358] [bw_dr03_decoded_serial_node]: RECEIVED /cmd_vel: linear.x=0.0, angular.z=0.0
[decoded_serial_node-3] [INFO] [1791449336.591423135] [bw_dr03_decoded_serial_node]: RECEIVED /cmd_vel: linear.x=0.0, angular.z=0.0
[decoded_serial_node-3] [INFO] [1791449336.658175838] [bw_dr03_decoded_serial_node]: RECEIVED /cmd_vel: linear.x=0.0, angular.z=0.0
[decoded_serial_node-3] [INFO] [1791449336.724920230] [bw_dr03_decoded_serial_node]: RECEIVED /cmd_vel: linear.x=0.0, angular.z=0.0
[target_tracker-7] [INFO] [1791449336.781711615] [target_tracker_node]: muc tieu: no_target_yet
[decoded_serial_node-3] [INFO] [1791449336.791691930] [bw_dr03_decoded_serial_node]: RECEIVED /cmd_vel: linear.x=0.0, angular.z=0.0
[decoded_serial_node-3] [INFO] [1791449336.859813572] [bw_dr03_decoded_serial_node]: RECEIVED /cmd_vel: linear.x=0.0, angular.z=0.0
[decoded_serial_node-3] [INFO] [1791449336.925212770] [bw_dr03_decoded_serial_node]: RECEIVED /cmd_vel: linear.x=0.0, angular.z=0.0
[decoded_serial_node-3] [INFO] [1791449336.991786193] [bw_dr03_decoded_serial_node]: RECEIVED /cmd_vel: linear.x=0.0, angular.z=0.0
[decoded_serial_node-3] [INFO] [1791449337.058004618] [bw_dr03_decoded_serial_node]: RECEIVED /cmd_vel: linear.x=0.0, angular.z=0.0
[decoded_serial_node-3] [INFO] [1791449337.124815499] [bw_dr03_decoded_serial_node]: RECEIVED /cmd_vel: linear.x=0.0, angular.z=0.0
[decoded_serial_node-3] [INFO] [1791449337.191722549] [bw_dr03_decoded_serial_node]: RECEIVED /cmd_vel: linear.x=0.0, angular.z=0.0
[follow_planner-8] [INFO] [1791449337.191942197] [follow_planner_node]: [IDLE] disabled | d=- goc=- | v=0.000 w=0.000 | thoang=-
[decoded_serial_node-3] [INFO] [1791449337.258249668] [bw_dr03_decoded_serial_node]: RECEIVED /cmd_vel: linear.x=0.0, angular.z=0.0
[decoded_serial_node-3] [INFO] [1791449337.324995248] [bw_dr03_decoded_serial_node]: RECEIVED /cmd_vel: linear.x=0.0, angular.z=0.0
[decoded_serial_node-3] [INFO] [1791449337.391683838] [bw_dr03_decoded_serial_node]: RECEIVED /cmd_vel: linear.x=0.0, angular.z=0.0
[decoded_serial_node-3] [INFO] [1791449337.457908200] [bw_dr03_decoded_serial_node]: RECEIVED /cmd_vel: linear.x=0.0, angular.z=0.0
[decoded_serial_node-3] [INFO] [1791449337.524900735] [bw_dr03_decoded_serial_node]: RECEIVED /cmd_vel: linear.x=0.0, angular.z=0.0
[decoded_serial_node-3] [INFO] [1791449337.591719926] [bw_dr03_decoded_serial_node]: RECEIVED /cmd_vel: linear.x=0.0, angular.z=0.0
[decoded_serial_node-3] [INFO] [1791449337.658271979] [bw_dr03_decoded_serial_node]: RECEIVED /cmd_vel: linear.x=0.0, angular.z=0.0
[decoded_serial_node-3] [INFO] [1791449337.725042491] [bw_dr03_decoded_serial_node]: RECEIVED /cmd_vel: linear.x=0.0, angular.z=0.0
[decoded_serial_node-3] [INFO] [1791449337.791678841] [bw_dr03_decoded_serial_node]: RECEIVED /cmd_vel: linear.x=0.0, angular.z=0.0
[target_tracker-7] [INFO] [1791449337.831714078] [target_tracker_node]: muc tieu: no_target_yet
[decoded_serial_node-3] [INFO] [1791449337.858603701] [bw_dr03_decoded_serial_node]: RECEIVED /cmd_vel: linear.x=0.0, angular.z=0.0
[decoded_serial_node-3] [INFO] [1791449337.924928982] [bw_dr03_decoded_serial_node]: RECEIVED /cmd_vel: linear.x=0.0, angular.z=0.0
[decoded_serial_node-3] [INFO] [1791449337.991941700] [bw_dr03_decoded_serial_node]: RECEIVED /cmd_vel: linear.x=0.0, angular.z=0.0
[decoded_serial_node-3] [INFO] [1791449338.058491379] [bw_dr03_decoded_serial_node]: RECEIVED /cmd_vel: linear.x=0.0, angular.z=0.0
[decoded_serial_node-3] [INFO] [1791449338.124984067] [bw_dr03_decoded_serial_node]: RECEIVED /cmd_vel: linear.x=0.0, angular.z=0.0
[decoded_serial_node-3] [INFO] [1791449338.191507625] [bw_dr03_decoded_serial_node]: RECEIVED /cmd_vel: linear.x=0.0, angular.z=0.0
[decoded_serial_node-3] [INFO] [1791449338.257854278] [bw_dr03_decoded_serial_node]: RECEIVED /cmd_vel: linear.x=0.0, angular.z=0.0
[follow_planner-8] [INFO] [1791449338.258051367] [follow_planner_node]: [IDLE] disabled | d=- goc=- | v=0.000 w=0.000 | thoang=-
[decoded_serial_node-3] [INFO] [1791449338.324653286] [bw_dr03_decoded_serial_node]: RECEIVED /cmd_vel: linear.x=0.0, angular.z=0.0
[decoded_serial_node-3] [INFO] [1791449338.391933145] [bw_dr03_decoded_serial_node]: RECEIVED /cmd_vel: linear.x=0.0, angular.z=0.0
[decoded_serial_node-3] [INFO] [1791449338.458855630] [bw_dr03_decoded_serial_node]: RECEIVED /cmd_vel: linear.x=0.0, angular.z=0.0
[decoded_serial_node-3] [INFO] [1791449338.525436178] [bw_dr03_decoded_serial_node]: RECEIVED /cmd_vel: linear.x=0.0, angular.z=0.0
[decoded_serial_node-3] [INFO] [1791449338.591715156] [bw_dr03_decoded_serial_node]: RECEIVED /cmd_vel: linear.x=0.0, angular.z=0.0
[decoded_serial_node-3] [INFO] [1791449338.657899150] [bw_dr03_decoded_serial_node]: RECEIVED /cmd_vel: linear.x=0.0, angular.z=0.0
[decoded_serial_node-3] [INFO] [1791449338.724955799] [bw_dr03_decoded_serial_node]: RECEIVED /cmd_vel: linear.x=0.0, angular.z=0.0
[decoded_serial_node-3] [INFO] [1791449338.791892532] [bw_dr03_decoded_serial_node]: RECEIVED /cmd_vel: linear.x=0.0, angular.z=0.0
[decoded_serial_node-3] [INFO] [1791449338.858342479] [bw_dr03_decoded_serial_node]: RECEIVED /cmd_vel: linear.x=0.0, angular.z=0.0
[target_tracker-7] [INFO] [1791449338.883869099] [target_tracker_node]: muc tieu: d=0.60m goc=5.5deg nguon=camera+bbox conf=0.55 v=0.14m/s 
[decoded_serial_node-3] [INFO] [1791449338.925497672] [bw_dr03_decoded_serial_node]: RECEIVED /cmd_vel: linear.x=0.0, angular.z=0.0
[decoded_serial_node-3] [INFO] [1791449338.991730346] [bw_dr03_decoded_serial_node]: RECEIVED /cmd_vel: linear.x=0.0, angular.z=0.0
[decoded_serial_node-3] [INFO] [1791449339.057914341] [bw_dr03_decoded_serial_node]: RECEIVED /cmd_vel: linear.x=0.0, angular.z=0.0
[decoded_serial_node-3] [INFO] [1791449339.125042228] [bw_dr03_decoded_serial_node]: RECEIVED /cmd_vel: linear.x=0.0, angular.z=0.0
[decoded_serial_node-3] [INFO] [1791449339.191879229] [bw_dr03_decoded_serial_node]: RECEIVED /cmd_vel: linear.x=0.0, angular.z=0.0
[decoded_serial_node-3] [INFO] [1791449339.258456216] [bw_dr03_decoded_serial_node]: RECEIVED /cmd_vel: linear.x=0.0, angular.z=0.0
[decoded_serial_node-3] [INFO] [1791449339.325141245] [bw_dr03_decoded_serial_node]: RECEIVED /cmd_vel: linear.x=0.0, angular.z=0.0
[follow_planner-8] [INFO] [1791449339.325204171] [follow_planner_node]: [IDLE] disabled | d=- goc=- | v=0.000 w=0.000 | thoang=-
[decoded_serial_node-3] [INFO] [1791449339.391822713] [bw_dr03_decoded_serial_node]: RECEIVED /cmd_vel: linear.x=0.0, angular.z=0.0
[decoded_serial_node-3] [INFO] [1791449339.458032828] [bw_dr03_decoded_serial_node]: RECEIVED /cmd_vel: linear.x=0.0, angular.z=0.0
[decoded_serial_node-3] [INFO] [1791449339.524939880] [bw_dr03_decoded_serial_node]: RECEIVED /cmd_vel: linear.x=0.0, angular.z=0.0
[decoded_serial_node-3] [INFO] [1791449339.591788755] [bw_dr03_decoded_serial_node]: RECEIVED /cmd_vel: linear.x=0.0, angular.z=0.0
[decoded_serial_node-3] [INFO] [1791449339.658427480] [bw_dr03_decoded_serial_node]: RECEIVED /cmd_vel: linear.x=0.0, angular.z=0.0
[target_tracker-7] [WARN] [1791449339.683307030] [target_tracker_node]: Goc ngua camera lech -16.5 do so voi cau hinh (do bang LiDAR, 12 mau) — tracker da tu bu. Nen sua camera_pitch_deg trong identity_lock_kingsen.yaml them +16.5 do (hoac do lai goc lap / camera_height_m)
[decoded_serial_node-3] [INFO] [1791449339.725057894] [bw_dr03_decoded_serial_node]: RECEIVED /cmd_vel: linear.x=0.0, angular.z=0.0
[decoded_serial_node-3] [INFO] [1791449339.791645566] [bw_dr03_decoded_serial_node]: RECEIVED /cmd_vel: linear.x=0.0, angular.z=0.0
[decoded_serial_node-3] [INFO] [1791449339.857856869] [bw_dr03_decoded_serial_node]: RECEIVED /cmd_vel: linear.x=0.0, angular.z=0.0
[decoded_serial_node-3] [INFO] [1791449339.924920642] [bw_dr03_decoded_serial_node]: RECEIVED /cmd_vel: linear.x=0.0, angular.z=0.0
[target_tracker-7] [INFO] [1791449339.932221256] [target_tracker_node]: muc tieu: d=1.35m goc=-15.0deg nguon=camera+lidar conf=0.98 v=1.50m/s 
[decoded_serial_node-3] [INFO] [1791449339.991670973] [bw_dr03_decoded_serial_node]: RECEIVED /cmd_vel: linear.x=0.0, angular.z=0.0
[decoded_serial_node-3] [INFO] [1791449340.058682506] [bw_dr03_decoded_serial_node]: RECEIVED /cmd_vel: linear.x=0.0, angular.z=0.0
[decoded_serial_node-3] [INFO] [1791449340.125125330] [bw_dr03_decoded_serial_node]: RECEIVED /cmd_vel: linear.x=0.0, angular.z=0.0
[decoded_serial_node-3] [INFO] [1791449340.191474358] [bw_dr03_decoded_serial_node]: RECEIVED /cmd_vel: linear.x=0.0, angular.z=0.0
[decoded_serial_node-3] [INFO] [1791449340.258012165] [bw_dr03_decoded_serial_node]: RECEIVED /cmd_vel: linear.x=0.0, angular.z=0.0
[follow_planner-8] [INFO] [1791449340.324868164] [follow_planner_node]: [IDLE] disabled | d=- goc=- | v=0.000 w=0.000 | thoang=-
[decoded_serial_node-3] [INFO] [1791449340.324863415] [bw_dr03_decoded_serial_node]: RECEIVED /cmd_vel: linear.x=0.0, angular.z=0.0
[decoded_serial_node-3] [INFO] [1791449340.391174450] [bw_dr03_decoded_serial_node]: RECEIVED /cmd_vel: linear.x=0.0, angular.z=0.0
[decoded_serial_node-3] [INFO] [1791449340.458431751] [bw_dr03_decoded_serial_node]: RECEIVED /cmd_vel: linear.x=0.0, angular.z=0.0
[decoded_serial_node-3] [INFO] [1791449340.525331680] [bw_dr03_decoded_serial_node]: RECEIVED /cmd_vel: linear.x=0.0, angular.z=0.0
[decoded_serial_node-3] [INFO] [1791449340.591588100] [bw_dr03_decoded_serial_node]: RECEIVED /cmd_vel: linear.x=0.0, angular.z=0.0
[decoded_serial_node-3] [INFO] [1791449340.657812464] [bw_dr03_decoded_serial_node]: RECEIVED /cmd_vel: linear.x=0.0, angular.z=0.0
[decoded_serial_node-3] [INFO] [1791449340.725040083] [bw_dr03_decoded_serial_node]: RECEIVED /cmd_vel: linear.x=0.0, angular.z=0.0
[decoded_serial_node-3] [INFO] [1791449340.791587388] [bw_dr03_decoded_serial_node]: RECEIVED /cmd_vel: linear.x=0.0, angular.z=0.0
[decoded_serial_node-3] [INFO] [1791449340.858108572] [bw_dr03_decoded_serial_node]: RECEIVED /cmd_vel: linear.x=0.0, angular.z=0.0
[target_tracker-7] [INFO] [1791449340.882893139] [target_tracker_node]: Hinh hoc camera khop LiDAR: lech goc ngua -14.3 do (12 mau)
[decoded_serial_node-3] [INFO] [1791449340.925536842] [bw_dr03_decoded_serial_node]: RECEIVED /cmd_vel: linear.x=0.0, angular.z=0.0
[target_tracker-7] [INFO] [1791449340.932388662] [target_tracker_node]: muc tieu: d=1.25m goc=-23.4deg nguon=camera+lidar conf=0.98 v=0.30m/s 
[decoded_serial_node-3] [INFO] [1791449340.991748146] [bw_dr03_decoded_serial_node]: RECEIVED /cmd_vel: linear.x=0.0, angular.z=0.0
[decoded_serial_node-3] [INFO] [1791449341.058043747] [bw_dr03_decoded_serial_node]: RECEIVED /cmd_vel: linear.x=0.0, angular.z=0.0
[decoded_serial_node-3] [INFO] [1791449341.124716905] [bw_dr03_decoded_serial_node]: RECEIVED /cmd_vel: linear.x=0.0, angular.z=0.0
[decoded_serial_node-3] [INFO] [1791449341.191937401] [bw_dr03_decoded_serial_node]: RECEIVED /cmd_vel: linear.x=0.0, angular.z=0.0
[decoded_serial_node-3] [INFO] [1791449341.258388536] [bw_dr03_decoded_serial_node]: RECEIVED /cmd_vel: linear.x=0.0, angular.z=0.0
[decoded_serial_node-3] [INFO] [1791449341.325150740] [bw_dr03_decoded_serial_node]: RECEIVED /cmd_vel: linear.x=0.0, angular.z=0.0
[follow_planner-8] [INFO] [1791449341.325256409] [follow_planner_node]: [IDLE] disabled | d=- goc=- | v=0.000 w=0.000 | thoang=-
[decoded_serial_node-3] [INFO] [1791449341.391765721] [bw_dr03_decoded_serial_node]: RECEIVED /cmd_vel: linear.x=0.0, angular.z=0.0
[decoded_serial_node-3] [INFO] [1791449341.457882042] [bw_dr03_decoded_serial_node]: RECEIVED /cmd_vel: linear.x=0.0, angular.z=0.0
[decoded_serial_node-3] [INFO] [1791449341.524881703] [bw_dr03_decoded_serial_node]: RECEIVED /cmd_vel: linear.x=0.0, angular.z=0.0
[decoded_serial_node-3] [INFO] [1791449341.591553674] [bw_dr03_decoded_serial_node]: RECEIVED /cmd_vel: linear.x=0.0, angular.z=0.0
[decoded_serial_node-3] [INFO] [1791449341.658249390] [bw_dr03_decoded_serial_node]: RECEIVED /cmd_vel: linear.x=0.0, angular.z=0.0
[decoded_serial_node-3] [INFO] [1791449341.724927297] [bw_dr03_decoded_serial_node]: RECEIVED /cmd_vel: linear.x=0.0, angular.z=0.0
[decoded_serial_node-3] [INFO] [1791449341.791555338] [bw_dr03_decoded_serial_node]: RECEIVED /cmd_vel: linear.x=0.0, angular.z=0.0
[decoded_serial_node-3] [INFO] [1791449341.857922176] [bw_dr03_decoded_serial_node]: RECEIVED /cmd_vel: linear.x=0.0, angular.z=0.0
[decoded_serial_node-3] [INFO] [1791449341.926432063] [bw_dr03_decoded_serial_node]: RECEIVED /cmd_vel: linear.x=0.0, angular.z=0.0
[target_tracker-7] [INFO] [1791449341.982233255] [target_tracker_node]: muc tieu: d=1.62m goc=-24.1deg nguon=camera+lidar conf=1.00 v=0.27m/s 
[decoded_serial_node-3] [INFO] [1791449341.991869258] [bw_dr03_decoded_serial_node]: RECEIVED /cmd_vel: linear.x=0.0, angular.z=0.0
[decoded_serial_node-3] [INFO] [1791449342.058409440] [bw_dr03_decoded_serial_node]: RECEIVED /cmd_vel: linear.x=0.0, angular.z=0.0
[decoded_serial_node-3] [INFO] [1791449342.125727294] [bw_dr03_decoded_serial_node]: RECEIVED /cmd_vel: linear.x=0.0, angular.z=0.0
[decoded_serial_node-3] [INFO] [1791449342.191580039] [bw_dr03_decoded_serial_node]: RECEIVED /cmd_vel: linear.x=0.0, angular.z=0.0
[decoded_serial_node-3] [INFO] [1791449342.257948065] [bw_dr03_decoded_serial_node]: RECEIVED /cmd_vel: linear.x=0.0, angular.z=0.0
[decoded_serial_node-3] [INFO] [1791449342.324934666] [bw_dr03_decoded_serial_node]: RECEIVED /cmd_vel: linear.x=0.0, angular.z=0.0
[decoded_serial_node-3] [INFO] [1791449342.391635132] [bw_dr03_decoded_serial_node]: RECEIVED /cmd_vel: linear.x=0.0, angular.z=0.0
[follow_planner-8] [INFO] [1791449342.391750299] [follow_planner_node]: [IDLE] disabled | d=- goc=- | v=0.000 w=0.000 | thoang=-
[decoded_serial_node-3] [INFO] [1791449342.458389026] [bw_dr03_decoded_serial_node]: RECEIVED /cmd_vel: linear.x=0.0, angular.z=0.0
[decoded_serial_node-3] [INFO] [1791449342.525250962] [bw_dr03_decoded_serial_node]: RECEIVED /cmd_vel: linear.x=0.0, angular.z=0.0
[decoded_serial_node-3] [INFO] [1791449342.591531129] [bw_dr03_decoded_serial_node]: RECEIVED /cmd_vel: linear.x=0.0, angular.z=0.0
[decoded_serial_node-3] [INFO] [1791449342.658083185] [bw_dr03_decoded_serial_node]: RECEIVED /cmd_vel: linear.x=0.0, angular.z=0.0
[decoded_serial_node-3] [INFO] [1791449342.724896443] [bw_dr03_decoded_serial_node]: RECEIVED /cmd_vel: linear.x=0.0, angular.z=0.0
[decoded_serial_node-3] [INFO] [1791449342.791574350] [bw_dr03_decoded_serial_node]: RECEIVED /cmd_vel: linear.x=0.0, angular.z=0.0
[decoded_serial_node-3] [INFO] [1791449342.858178646] [bw_dr03_decoded_serial_node]: RECEIVED /cmd_vel: linear.x=0.0, angular.z=0.0
[decoded_serial_node-3] [INFO] [1791449342.924763945] [bw_dr03_decoded_serial_node]: RECEIVED /cmd_vel: linear.x=0.0, angular.z=0.0
[target_tracker-7] [INFO] [1791449342.981745299] [target_tracker_node]: muc tieu: d=1.39m goc=-7.9deg nguon=camera+lidar conf=0.98 v=0.20m/s 
[decoded_serial_node-3] [INFO] [1791449342.991567705] [bw_dr03_decoded_serial_node]: RECEIVED /cmd_vel: linear.x=0.0, angular.z=0.0
[decoded_serial_node-3] [INFO] [1791449343.057901300] [bw_dr03_decoded_serial_node]: RECEIVED /cmd_vel: linear.x=0.0, angular.z=0.0
[decoded_serial_node-3] [INFO] [1791449343.124680128] [bw_dr03_decoded_serial_node]: RECEIVED /cmd_vel: linear.x=0.0, angular.z=0.0
[decoded_serial_node-3] [INFO] [1791449343.191422149] [bw_dr03_decoded_serial_node]: RECEIVED /cmd_vel: linear.x=0.0, angular.z=0.0
[decoded_serial_node-3] [INFO] [1791449343.258158234] [bw_dr03_decoded_serial_node]: RECEIVED /cmd_vel: linear.x=0.0, angular.z=0.0
[decoded_serial_node-3] [INFO] [1791449343.325258815] [bw_dr03_decoded_serial_node]: RECEIVED /cmd_vel: linear.x=0.0, angular.z=0.0
[decoded_serial_node-3] [INFO] [1791449343.391573414] [bw_dr03_decoded_serial_node]: RECEIVED /cmd_vel: linear.x=0.0, angular.z=0.0
[follow_planner-8] [INFO] [1791449343.391813246] [follow_planner_node]: [IDLE] disabled | d=- goc=- | v=0.000 w=0.000 | thoang=-
[decoded_serial_node-3] [INFO] [1791449343.458523211] [bw_dr03_decoded_serial_node]: RECEIVED /cmd_vel: linear.x=0.0, angular.z=0.0
[decoded_serial_node-3] [INFO] [1791449343.524820000] [bw_dr03_decoded_serial_node]: RECEIVED /cmd_vel: linear.x=0.0, angular.z=0.0
[decoded_serial_node-3] [INFO] [1791449343.591626135] [bw_dr03_decoded_serial_node]: RECEIVED /cmd_vel: linear.x=0.0, angular.z=0.0
[decoded_serial_node-3] [INFO] [1791449343.658228057] [bw_dr03_decoded_serial_node]: RECEIVED /cmd_vel: linear.x=0.0, angular.z=0.0
[decoded_serial_node-3] [INFO] [1791449343.725321515] [bw_dr03_decoded_serial_node]: RECEIVED /cmd_vel: linear.x=0.0, angular.z=0.0
[decoded_serial_node-3] [INFO] [1791449343.791669358] [bw_dr03_decoded_serial_node]: RECEIVED /cmd_vel: linear.x=0.0, angular.z=0.0
[decoded_serial_node-3] [INFO] [1791449343.857950713] [bw_dr03_decoded_serial_node]: RECEIVED /cmd_vel: linear.x=0.0, angular.z=0.0
[decoded_serial_node-3] [INFO] [1791449343.924961060] [bw_dr03_decoded_serial_node]: RECEIVED /cmd_vel: linear.x=0.0, angular.z=0.0
[decoded_serial_node-3] [INFO] [1791449343.991636594] [bw_dr03_decoded_serial_node]: RECEIVED /cmd_vel: linear.x=0.0, angular.z=0.0
[target_tracker-7] [INFO] [1791449344.031942535] [target_tracker_node]: muc tieu: d=1.58m goc=13.7deg nguon=camera+lidar conf=0.98 v=0.72m/s 
[decoded_serial_node-3] [INFO] [1791449344.058410672] [bw_dr03_decoded_serial_node]: RECEIVED /cmd_vel: linear.x=0.0, angular.z=0.0
[decoded_serial_node-3] [INFO] [1791449344.125031591] [bw_dr03_decoded_serial_node]: RECEIVED /cmd_vel: linear.x=0.0, angular.z=0.0
[decoded_serial_node-3] [INFO] [1791449344.191638263] [bw_dr03_decoded_serial_node]: RECEIVED /cmd_vel: linear.x=0.0, angular.z=0.0
[decoded_serial_node-3] [INFO] [1791449344.258057344] [bw_dr03_decoded_serial_node]: RECEIVED /cmd_vel: linear.x=0.0, angular.z=0.0
[decoded_serial_node-3] [INFO] [1791449344.324916907] [bw_dr03_decoded_serial_node]: RECEIVED /cmd_vel: linear.x=0.0, angular.z=0.0
[decoded_serial_node-3] [INFO] [1791449344.391642307] [bw_dr03_decoded_serial_node]: RECEIVED /cmd_vel: linear.x=0.0, angular.z=0.0
[follow_planner-8] [INFO] [1791449344.440160696] [follow_planner_node]: self-filter: bo 10/195 tia dap vao than xe
[decoded_serial_node-3] [INFO] [1791449344.458250166] [bw_dr03_decoded_serial_node]: RECEIVED /cmd_vel: linear.x=0.0, angular.z=0.0
[follow_planner-8] [INFO] [1791449344.458310717] [follow_planner_node]: [IDLE] disabled | d=- goc=- | v=0.000 w=0.000 | thoang=-
[decoded_serial_node-3] [INFO] [1791449344.525131100] [bw_dr03_decoded_serial_node]: RECEIVED /cmd_vel: linear.x=0.0, angular.z=0.0
[decoded_serial_node-3] [INFO] [1791449344.591870747] [bw_dr03_decoded_serial_node]: RECEIVED /cmd_vel: linear.x=0.0, angular.z=0.0
[decoded_serial_node-3] [INFO] [1791449344.658042873] [bw_dr03_decoded_serial_node]: RECEIVED /cmd_vel: linear.x=0.0, angular.z=0.0
[decoded_serial_node-3] [INFO] [1791449344.724984359] [bw_dr03_decoded_serial_node]: RECEIVED /cmd_vel: linear.x=0.0, angular.z=0.0
[decoded_serial_node-3] [INFO] [1791449344.791564910] [bw_dr03_decoded_serial_node]: RECEIVED /cmd_vel: linear.x=0.0, angular.z=0.0
[decoded_serial_node-3] [INFO] [1791449344.858354423] [bw_dr03_decoded_serial_node]: RECEIVED /cmd_vel: linear.x=0.0, angular.z=0.0
[decoded_serial_node-3] [INFO] [1791449344.924959908] [bw_dr03_decoded_serial_node]: RECEIVED /cmd_vel: linear.x=0.0, angular.z=0.0
[decoded_serial_node-3] [INFO] [1791449344.991538084] [bw_dr03_decoded_serial_node]: RECEIVED /cmd_vel: linear.x=0.0, angular.z=0.0
[decoded_serial_node-3] [INFO] [1791449345.058267047] [bw_dr03_decoded_serial_node]: RECEIVED /cmd_vel: linear.x=0.0, angular.z=0.0
[target_tracker-7] [INFO] [1791449345.083198838] [target_tracker_node]: muc tieu: d=1.86m goc=20.0deg nguon=camera+lidar conf=1.00 v=0.46m/s 
[decoded_serial_node-3] [INFO] [1791449345.125454301] [bw_dr03_decoded_serial_node]: RECEIVED /cmd_vel: linear.x=0.0, angular.z=0.0
[decoded_serial_node-3] [INFO] [1791449345.191741594] [bw_dr03_decoded_serial_node]: RECEIVED /cmd_vel: linear.x=0.0, angular.z=0.0
[decoded_serial_node-3] [INFO] [1791449345.258332831] [bw_dr03_decoded_serial_node]: RECEIVED /cmd_vel: linear.x=0.0, angular.z=0.0
[decoded_serial_node-3] [INFO] [1791449345.324846895] [bw_dr03_decoded_serial_node]: RECEIVED /cmd_vel: linear.x=0.0, angular.z=0.0
[decoded_serial_node-3] [INFO] [1791449345.391562797] [bw_dr03_decoded_serial_node]: RECEIVED /cmd_vel: linear.x=0.0, angular.z=0.0
[decoded_serial_node-3] [INFO] [1791449345.457820408] [bw_dr03_decoded_serial_node]: RECEIVED /cmd_vel: linear.x=0.0, angular.z=0.0
[decoded_serial_node-3] [INFO] [1791449345.524899619] [bw_dr03_decoded_serial_node]: RECEIVED /cmd_vel: linear.x=0.0, angular.z=0.0
[follow_planner-8] [INFO] [1791449345.524943549] [follow_planner_node]: [IDLE] disabled | d=- goc=- | v=0.000 w=0.000 | thoang=-
[decoded_serial_node-3] [INFO] [1791449345.591609585] [bw_dr03_decoded_serial_node]: RECEIVED /cmd_vel: linear.x=0.0, angular.z=0.0
[decoded_serial_node-3] [INFO] [1791449345.658389601] [bw_dr03_decoded_serial_node]: RECEIVED /cmd_vel: linear.x=0.0, angular.z=0.0
[decoded_serial_node-3] [INFO] [1791449345.725100754] [bw_dr03_decoded_serial_node]: RECEIVED /cmd_vel: linear.x=0.0, angular.z=0.0
[decoded_serial_node-3] [INFO] [1791449345.791835653] [bw_dr03_decoded_serial_node]: RECEIVED /cmd_vel: linear.x=0.0, angular.z=0.0
[decoded_serial_node-3] [INFO] [1791449345.857881927] [bw_dr03_decoded_serial_node]: RECEIVED /cmd_vel: linear.x=0.0, angular.z=0.0
[decoded_serial_node-3] [INFO] [1791449345.925059683] [bw_dr03_decoded_serial_node]: RECEIVED /cmd_vel: linear.x=0.0, angular.z=0.0
[decoded_serial_node-3] [INFO] [1791449345.991697225] [bw_dr03_decoded_serial_node]: RECEIVED /cmd_vel: linear.x=0.0, angular.z=0.0
[decoded_serial_node-3] [INFO] [1791449346.058359700] [bw_dr03_decoded_serial_node]: RECEIVED /cmd_vel: linear.x=0.0, angular.z=0.0
[decoded_serial_node-3] [INFO] [1791449346.124981807] [bw_dr03_decoded_serial_node]: RECEIVED /cmd_vel: linear.x=0.0, angular.z=0.0
[target_tracker-7] [INFO] [1791449346.132155381] [target_tracker_node]: muc tieu: d=1.56m goc=7.2deg nguon=camera+lidar conf=0.98 v=0.92m/s 
[decoded_serial_node-3] [INFO] [1791449346.191526741] [bw_dr03_decoded_serial_node]: RECEIVED /cmd_vel: linear.x=0.0, angular.z=0.0
[python3-4] [INFO] [1791449346.224447772] [identity_lock_node]: camera: nhan 12.5 fps (phoi sang 30 ms, do sang 125), xu ly 12.5 Hz, TB 40 ms/khung, tre tu luc chup 41.0 ms, 2 nguoi, status TRACKING
[decoded_serial_node-3] [INFO] [1791449346.257847278] [bw_dr03_decoded_serial_node]: RECEIVED /cmd_vel: linear.x=0.0, angular.z=0.0
[decoded_serial_node-3] [INFO] [1791449346.324742461] [bw_dr03_decoded_serial_node]: RECEIVED /cmd_vel: linear.x=0.0, angular.z=0.0
[decoded_serial_node-3] [INFO] [1791449346.391635269] [bw_dr03_decoded_serial_node]: RECEIVED /cmd_vel: linear.x=0.0, angular.z=0.0
[decoded_serial_node-3] [INFO] [1791449346.458019920] [bw_dr03_decoded_serial_node]: RECEIVED /cmd_vel: linear.x=0.0, angular.z=0.0
[decoded_serial_node-3] [INFO] [1791449346.524894919] [bw_dr03_decoded_serial_node]: RECEIVED /cmd_vel: linear.x=0.0, angular.z=0.0
[decoded_serial_node-3] [INFO] [1791449346.591460037] [bw_dr03_decoded_serial_node]: RECEIVED /cmd_vel: linear.x=0.0, angular.z=0.0
[follow_planner-8] [INFO] [1791449346.591566892] [follow_planner_node]: [IDLE] disabled | d=- goc=- | v=0.000 w=0.000 | thoang=-
[decoded_serial_node-3] [INFO] [1791449346.657706962] [bw_dr03_decoded_serial_node]: RECEIVED /cmd_vel: linear.x=0.0, angular.z=0.0
[decoded_serial_node-3] [INFO] [1791449346.724761241] [bw_dr03_decoded_serial_node]: RECEIVED /cmd_vel: linear.x=0.0, angular.z=0.0
[decoded_serial_node-3] [INFO] [1791449346.791524636] [bw_dr03_decoded_serial_node]: RECEIVED /cmd_vel: linear.x=0.0, angular.z=0.0
[decoded_serial_node-3] [INFO] [1791449346.858220355] [bw_dr03_decoded_serial_node]: RECEIVED /cmd_vel: linear.x=0.0, angular.z=0.0
[decoded_serial_node-3] [INFO] [1791449346.924908950] [bw_dr03_decoded_serial_node]: RECEIVED /cmd_vel: linear.x=0.0, angular.z=0.0
[decoded_serial_node-3] [INFO] [1791449346.991591609] [bw_dr03_decoded_serial_node]: RECEIVED /cmd_vel: linear.x=0.0, angular.z=0.0
[decoded_serial_node-3] [INFO] [1791449347.058204219] [bw_dr03_decoded_serial_node]: RECEIVED /cmd_vel: linear.x=0.0, angular.z=0.0
[decoded_serial_node-3] [INFO] [1791449347.125018667] [bw_dr03_decoded_serial_node]: RECEIVED /cmd_vel: linear.x=0.0, angular.z=0.0
[target_tracker-7] [INFO] [1791449347.132370334] [target_tracker_node]: muc tieu: d=1.43m goc=-11.3deg nguon=camera+lidar conf=0.98 v=0.80m/s 
[decoded_serial_node-3] [INFO] [1791449347.191731008] [bw_dr03_decoded_serial_node]: RECEIVED /cmd_vel: linear.x=0.0, angular.z=0.0
[decoded_serial_node-3] [INFO] [1791449347.258419604] [bw_dr03_decoded_serial_node]: RECEIVED /cmd_vel: linear.x=0.0, angular.z=0.0
[decoded_serial_node-3] [INFO] [1791449347.324994221] [bw_dr03_decoded_serial_node]: RECEIVED /cmd_vel: linear.x=0.0, angular.z=0.0
[decoded_serial_node-3] [INFO] [1791449347.391457233] [bw_dr03_decoded_serial_node]: RECEIVED /cmd_vel: linear.x=0.0, angular.z=0.0
[decoded_serial_node-3] [INFO] [1791449347.457930930] [bw_dr03_decoded_serial_node]: RECEIVED /cmd_vel: linear.x=0.0, angular.z=0.0
[decoded_serial_node-3] [INFO] [1791449347.524765562] [bw_dr03_decoded_serial_node]: RECEIVED /cmd_vel: linear.x=0.0, angular.z=0.0
[decoded_serial_node-3] [INFO] [1791449347.591575261] [bw_dr03_decoded_serial_node]: RECEIVED /cmd_vel: linear.x=0.0, angular.z=0.0
[follow_planner-8] [INFO] [1791449347.591601382] [follow_planner_node]: [IDLE] disabled | d=- goc=- | v=0.000 w=0.000 | thoang=-
[decoded_serial_node-3] [INFO] [1791449347.658307787] [bw_dr03_decoded_serial_node]: RECEIVED /cmd_vel: linear.x=0.0, angular.z=0.0
[decoded_serial_node-3] [INFO] [1791449347.724999945] [bw_dr03_decoded_serial_node]: RECEIVED /cmd_vel: linear.x=0.0, angular.z=0.0
[decoded_serial_node-3] [INFO] [1791449347.791509261] [bw_dr03_decoded_serial_node]: RECEIVED /cmd_vel: linear.x=0.0, angular.z=0.0
[decoded_serial_node-3] [INFO] [1791449347.857822675] [bw_dr03_decoded_serial_node]: RECEIVED /cmd_vel: linear.x=0.0, angular.z=0.0
[decoded_serial_node-3] [INFO] [1791449347.924779597] [bw_dr03_decoded_serial_node]: RECEIVED /cmd_vel: linear.x=0.0, angular.z=0.0
[decoded_serial_node-3] [INFO] [1791449347.991475317] [bw_dr03_decoded_serial_node]: RECEIVED /cmd_vel: linear.x=0.0, angular.z=0.0
[decoded_serial_node-3] [INFO] [1791449348.058176973] [bw_dr03_decoded_serial_node]: RECEIVED /cmd_vel: linear.x=0.0, angular.z=0.0
[decoded_serial_node-3] [INFO] [1791449348.124900001] [bw_dr03_decoded_serial_node]: RECEIVED /cmd_vel: linear.x=0.0, angular.z=0.0
[target_tracker-7] [INFO] [1791449348.182130687] [target_tracker_node]: muc tieu: d=1.33m goc=-29.3deg nguon=camera+lidar conf=0.98 v=0.66m/s 
[decoded_serial_node-3] [INFO] [1791449348.191665771] [bw_dr03_decoded_serial_node]: RECEIVED /cmd_vel: linear.x=0.0, angular.z=0.0
[decoded_serial_node-3] [INFO] [1791449348.257937631] [bw_dr03_decoded_serial_node]: RECEIVED /cmd_vel: linear.x=0.0, angular.z=0.0
[decoded_serial_node-3] [INFO] [1791449348.324857748] [bw_dr03_decoded_serial_node]: RECEIVED /cmd_vel: linear.x=0.0, angular.z=0.0
[decoded_serial_node-3] [INFO] [1791449348.391675758] [bw_dr03_decoded_serial_node]: RECEIVED /cmd_vel: linear.x=0.0, angular.z=0.0
[decoded_serial_node-3] [INFO] [1791449348.458319238] [bw_dr03_decoded_serial_node]: RECEIVED /cmd_vel: linear.x=0.0, angular.z=0.0
[decoded_serial_node-3] [INFO] [1791449348.524857049] [bw_dr03_decoded_serial_node]: RECEIVED /cmd_vel: linear.x=0.0, angular.z=0.0
[decoded_serial_node-3] [INFO] [1791449348.591409108] [bw_dr03_decoded_serial_node]: RECEIVED /cmd_vel: linear.x=0.0, angular.z=0.0
[decoded_serial_node-3] [INFO] [1791449348.658335162] [bw_dr03_decoded_serial_node]: RECEIVED /cmd_vel: linear.x=0.0, angular.z=0.0
[follow_planner-8] [INFO] [1791449348.658423021] [follow_planner_node]: [IDLE] disabled | d=- goc=- | v=0.000 w=0.000 | thoang=-
[decoded_serial_node-3] [INFO] [1791449348.724862287] [bw_dr03_decoded_serial_node]: RECEIVED /cmd_vel: linear.x=0.0, angular.z=0.0
[decoded_serial_node-3] [INFO] [1791449348.791628058] [bw_dr03_decoded_serial_node]: RECEIVED /cmd_vel: linear.x=0.0, angular.z=0.0
[decoded_serial_node-3] [INFO] [1791449348.858304781] [bw_dr03_decoded_serial_node]: RECEIVED /cmd_vel: linear.x=0.0, angular.z=0.0
[decoded_serial_node-3] [INFO] [1791449348.924668062] [bw_dr03_decoded_serial_node]: RECEIVED /cmd_vel: linear.x=0.0, angular.z=0.0
[decoded_serial_node-3] [INFO] [1791449348.991544249] [bw_dr03_decoded_serial_node]: RECEIVED /cmd_vel: linear.x=0.0, angular.z=0.0
[decoded_serial_node-3] [INFO] [1791449349.058970150] [bw_dr03_decoded_serial_node]: RECEIVED /cmd_vel: linear.x=0.0, angular.z=0.0
[decoded_serial_node-3] [INFO] [1791449349.124898885] [bw_dr03_decoded_serial_node]: RECEIVED /cmd_vel: linear.x=0.0, angular.z=0.0
[decoded_serial_node-3] [INFO] [1791449349.191684840] [bw_dr03_decoded_serial_node]: RECEIVED /cmd_vel: linear.x=0.0, angular.z=0.0
[target_tracker-7] [INFO] [1791449349.231796068] [target_tracker_node]: muc tieu: d=1.57m goc=-28.7deg nguon=camera+lidar conf=1.00 v=0.50m/s 
[decoded_serial_node-3] [INFO] [1791449349.258380560] [bw_dr03_decoded_serial_node]: RECEIVED /cmd_vel: linear.x=0.0, angular.z=0.0
[decoded_serial_node-3] [INFO] [1791449349.325134458] [bw_dr03_decoded_serial_node]: RECEIVED /cmd_vel: linear.x=0.0, angular.z=0.0
[decoded_serial_node-3] [INFO] [1791449349.391606969] [bw_dr03_decoded_serial_node]: RECEIVED /cmd_vel: linear.x=0.0, angular.z=0.0
[decoded_serial_node-3] [INFO] [1791449349.457853897] [bw_dr03_decoded_serial_node]: RECEIVED /cmd_vel: linear.x=0.0, angular.z=0.0
[decoded_serial_node-3] [INFO] [1791449349.524651724] [bw_dr03_decoded_serial_node]: RECEIVED /cmd_vel: linear.x=0.0, angular.z=0.0
[decoded_serial_node-3] [INFO] [1791449349.591595587] [bw_dr03_decoded_serial_node]: RECEIVED /cmd_vel: linear.x=0.0, angular.z=0.0
[decoded_serial_node-3] [INFO] [1791449349.658393415] [bw_dr03_decoded_serial_node]: RECEIVED /cmd_vel: linear.x=0.0, angular.z=0.0
[decoded_serial_node-3] [INFO] [1791449349.724899170] [bw_dr03_decoded_serial_node]: RECEIVED /cmd_vel: linear.x=0.0, angular.z=0.0
[follow_planner-8] [INFO] [1791449349.724946661] [follow_planner_node]: [IDLE] disabled | d=- goc=- | v=0.000 w=0.000 | thoang=-
[decoded_serial_node-3] [INFO] [1791449349.791587767] [bw_dr03_decoded_serial_node]: RECEIVED /cmd_vel: linear.x=0.0, angular.z=0.0
[decoded_serial_node-3] [INFO] [1791449349.857966483] [bw_dr03_decoded_serial_node]: RECEIVED /cmd_vel: linear.x=0.0, angular.z=0.0
[decoded_serial_node-3] [INFO] [1791449349.924810614] [bw_dr03_decoded_serial_node]: RECEIVED /cmd_vel: linear.x=0.0, angular.z=0.0
[decoded_serial_node-3] [INFO] [1791449349.991566887] [bw_dr03_decoded_serial_node]: RECEIVED /cmd_vel: linear.x=0.0, angular.z=0.0
[decoded_serial_node-3] [INFO] [1791449350.059573370] [bw_dr03_decoded_serial_node]: RECEIVED /cmd_vel: linear.x=0.0, angular.z=0.0
[decoded_serial_node-3] [INFO] [1791449350.125049750] [bw_dr03_decoded_serial_node]: RECEIVED /cmd_vel: linear.x=0.0, angular.z=0.0
[decoded_serial_node-3] [INFO] [1791449350.191576877] [bw_dr03_decoded_serial_node]: RECEIVED /cmd_vel: linear.x=0.0, angular.z=0.0
[target_tracker-7] [INFO] [1791449350.231880446] [target_tracker_node]: muc tieu: d=1.39m goc=-9.5deg nguon=camera+lidar conf=0.98 v=0.76m/s 
[decoded_serial_node-3] [INFO] [1791449350.258088570] [bw_dr03_decoded_serial_node]: RECEIVED /cmd_vel: linear.x=0.0, angular.z=0.0
[decoded_serial_node-3] [INFO] [1791449350.324857903] [bw_dr03_decoded_serial_node]: RECEIVED /cmd_vel: linear.x=0.0, angular.z=0.0
[decoded_serial_node-3] [INFO] [1791449350.391537002] [bw_dr03_decoded_serial_node]: RECEIVED /cmd_vel: linear.x=0.0, angular.z=0.0
[decoded_serial_node-3] [INFO] [1791449350.458248158] [bw_dr03_decoded_serial_node]: RECEIVED /cmd_vel: linear.x=0.0, angular.z=0.0
[decoded_serial_node-3] [INFO] [1791449350.525043612] [bw_dr03_decoded_serial_node]: RECEIVED /cmd_vel: linear.x=0.0, angular.z=0.0
[decoded_serial_node-3] [INFO] [1791449350.591658598] [bw_dr03_decoded_serial_node]: RECEIVED /cmd_vel: linear.x=0.0, angular.z=0.0
[decoded_serial_node-3] [INFO] [1791449350.658119237] [bw_dr03_decoded_serial_node]: RECEIVED /cmd_vel: linear.x=0.0, angular.z=0.0
[decoded_serial_node-3] [INFO] [1791449350.725123652] [bw_dr03_decoded_serial_node]: RECEIVED /cmd_vel: linear.x=0.0, angular.z=0.0
[decoded_serial_node-3] [INFO] [1791449350.791688772] [bw_dr03_decoded_serial_node]: RECEIVED /cmd_vel: linear.x=0.0, angular.z=0.0
[follow_planner-8] [INFO] [1791449350.791776631] [follow_planner_node]: [IDLE] disabled | d=- goc=- | v=0.000 w=0.000 | thoang=-
[decoded_serial_node-3] [INFO] [1791449350.858173157] [bw_dr03_decoded_serial_node]: RECEIVED /cmd_vel: linear.x=0.0, angular.z=0.0
[decoded_serial_node-3] [INFO] [1791449350.924984045] [bw_dr03_decoded_serial_node]: RECEIVED /cmd_vel: linear.x=0.0, angular.z=0.0
[decoded_serial_node-3] [INFO] [1791449350.991644148] [bw_dr03_decoded_serial_node]: RECEIVED /cmd_vel: linear.x=0.0, angular.z=0.0
[decoded_serial_node-3] [INFO] [1791449351.057932631] [bw_dr03_decoded_serial_node]: RECEIVED /cmd_vel: linear.x=0.0, angular.z=0.0
[decoded_serial_node-3] [INFO] [1791449351.125160257] [bw_dr03_decoded_serial_node]: RECEIVED /cmd_vel: linear.x=0.0, angular.z=0.0
[decoded_serial_node-3] [INFO] [1791449351.191692133] [bw_dr03_decoded_serial_node]: RECEIVED /cmd_vel: linear.x=0.0, angular.z=0.0
[target_tracker-7] [INFO] [1791449351.231847292] [target_tracker_node]: muc tieu: d=1.40m goc=2.7deg nguon=camera+lidar conf=0.98 v=0.43m/s 
[decoded_serial_node-3] [INFO] [1791449351.258389043] [bw_dr03_decoded_serial_node]: RECEIVED /cmd_vel: linear.x=0.0, angular.z=0.0
[decoded_serial_node-3] [INFO] [1791449351.325249797] [bw_dr03_decoded_serial_node]: RECEIVED /cmd_vel: linear.x=0.0, angular.z=0.0
[decoded_serial_node-3] [INFO] [1791449351.391558464] [bw_dr03_decoded_serial_node]: RECEIVED /cmd_vel: linear.x=0.0, angular.z=0.0
[decoded_serial_node-3] [INFO] [1791449351.457890877] [bw_dr03_decoded_serial_node]: RECEIVED /cmd_vel: linear.x=0.0, angular.z=0.0
[decoded_serial_node-3] [INFO] [1791449351.524821682] [bw_dr03_decoded_serial_node]: RECEIVED /cmd_vel: linear.x=0.0, angular.z=0.0
[decoded_serial_node-3] [INFO] [1791449351.591531651] [bw_dr03_decoded_serial_node]: RECEIVED /cmd_vel: linear.x=0.0, angular.z=0.0
[decoded_serial_node-3] [INFO] [1791449351.658426837] [bw_dr03_decoded_serial_node]: RECEIVED /cmd_vel: linear.x=0.0, angular.z=0.0
[decoded_serial_node-3] [INFO] [1791449351.724962275] [bw_dr03_decoded_serial_node]: RECEIVED /cmd_vel: linear.x=0.0, angular.z=0.0
[decoded_serial_node-3] [INFO] [1791449351.791655623] [bw_dr03_decoded_serial_node]: RECEIVED /cmd_vel: linear.x=0.0, angular.z=0.0
[follow_planner-8] [INFO] [1791449351.791750606] [follow_planner_node]: [IDLE] disabled | d=- goc=- | v=0.000 w=0.000 | thoang=-
[decoded_serial_node-3] [INFO] [1791449351.857939357] [bw_dr03_decoded_serial_node]: RECEIVED /cmd_vel: linear.x=0.0, angular.z=0.0
[decoded_serial_node-3] [INFO] [1791449351.924681383] [bw_dr03_decoded_serial_node]: RECEIVED /cmd_vel: linear.x=0.0, angular.z=0.0
[decoded_serial_node-3] [INFO] [1791449351.991742789] [bw_dr03_decoded_serial_node]: RECEIVED /cmd_vel: linear.x=0.0, angular.z=0.0
[decoded_serial_node-3] [INFO] [1791449352.058022962] [bw_dr03_decoded_serial_node]: RECEIVED /cmd_vel: linear.x=0.0, angular.z=0.0
[decoded_serial_node-3] [INFO] [1791449352.124895590] [bw_dr03_decoded_serial_node]: RECEIVED /cmd_vel: linear.x=0.0, angular.z=0.0
[decoded_serial_node-3] [INFO] [1791449352.191695793] [bw_dr03_decoded_serial_node]: RECEIVED /cmd_vel: linear.x=0.0, angular.z=0.0
[decoded_serial_node-3] [INFO] [1791449352.257899980] [bw_dr03_decoded_serial_node]: RECEIVED /cmd_vel: linear.x=0.0, angular.z=0.0
[target_tracker-7] [INFO] [1791449352.281918751] [target_tracker_node]: muc tieu: d=1.73m goc=19.2deg nguon=camera+lidar conf=1.00 v=0.30m/s 
[decoded_serial_node-3] [INFO] [1791449352.324817725] [bw_dr03_decoded_serial_node]: RECEIVED /cmd_vel: linear.x=0.0, angular.z=0.0
[decoded_serial_node-3] [INFO] [1791449352.391752092] [bw_dr03_decoded_serial_node]: RECEIVED /cmd_vel: linear.x=0.0, angular.z=0.0
[decoded_serial_node-3] [INFO] [1791449352.458368266] [bw_dr03_decoded_serial_node]: RECEIVED /cmd_vel: linear.x=0.0, angular.z=0.0
[decoded_serial_node-3] [INFO] [1791449352.525011748] [bw_dr03_decoded_serial_node]: RECEIVED /cmd_vel: linear.x=0.0, angular.z=0.0
[decoded_serial_node-3] [INFO] [1791449352.591827387] [bw_dr03_decoded_serial_node]: RECEIVED /cmd_vel: linear.x=0.0, angular.z=0.0
[decoded_serial_node-3] [INFO] [1791449352.658457808] [bw_dr03_decoded_serial_node]: RECEIVED /cmd_vel: linear.x=0.0, angular.z=0.0
[decoded_serial_node-3] [INFO] [1791449352.725071608] [bw_dr03_decoded_serial_node]: RECEIVED /cmd_vel: linear.x=0.0, angular.z=0.0
[decoded_serial_node-3] [INFO] [1791449352.791862314] [bw_dr03_decoded_serial_node]: RECEIVED /cmd_vel: linear.x=0.0, angular.z=0.0
[decoded_serial_node-3] [INFO] [1791449352.858435746] [bw_dr03_decoded_serial_node]: RECEIVED /cmd_vel: linear.x=0.0, angular.z=0.0
[follow_planner-8] [INFO] [1791449352.858505796] [follow_planner_node]: [IDLE] disabled | d=- goc=- | v=0.000 w=0.000 | thoang=-
[decoded_serial_node-3] [INFO] [1791449352.925176585] [bw_dr03_decoded_serial_node]: RECEIVED /cmd_vel: linear.x=0.0, angular.z=0.0
[decoded_serial_node-3] [INFO] [1791449352.991701339] [bw_dr03_decoded_serial_node]: RECEIVED /cmd_vel: linear.x=0.0, angular.z=0.0
[decoded_serial_node-3] [INFO] [1791449353.057862784] [bw_dr03_decoded_serial_node]: RECEIVED /cmd_vel: linear.x=0.0, angular.z=0.0
[decoded_serial_node-3] [INFO] [1791449353.124864826] [bw_dr03_decoded_serial_node]: RECEIVED /cmd_vel: linear.x=0.0, angular.z=0.0
[decoded_serial_node-3] [INFO] [1791449353.191762388] [bw_dr03_decoded_serial_node]: RECEIVED /cmd_vel: linear.x=0.0, angular.z=0.0
[decoded_serial_node-3] [INFO] [1791449353.258524599] [bw_dr03_decoded_serial_node]: RECEIVED /cmd_vel: linear.x=0.0, angular.z=0.0
[target_tracker-7] [INFO] [1791449353.282519625] [target_tracker_node]: muc tieu: d=1.91m goc=16.6deg nguon=camera+lidar conf=1.00 v=0.11m/s 
[decoded_serial_node-3] [INFO] [1791449353.325233382] [bw_dr03_decoded_serial_node]: RECEIVED /cmd_vel: linear.x=0.0, angular.z=0.0
[decoded_serial_node-3] [INFO] [1791449353.391657217] [bw_dr03_decoded_serial_node]: RECEIVED /cmd_vel: linear.x=0.0, angular.z=0.0
[decoded_serial_node-3] [INFO] [1791449353.457826973] [bw_dr03_decoded_serial_node]: RECEIVED /cmd_vel: linear.x=0.0, angular.z=0.0
[decoded_serial_node-3] [INFO] [1791449353.525106841] [bw_dr03_decoded_serial_node]: RECEIVED /cmd_vel: linear.x=0.0, angular.z=0.0
[decoded_serial_node-3] [INFO] [1791449353.591750323] [bw_dr03_decoded_serial_node]: RECEIVED /cmd_vel: linear.x=0.0, angular.z=0.0
[decoded_serial_node-3] [INFO] [1791449353.659731876] [bw_dr03_decoded_serial_node]: RECEIVED /cmd_vel: linear.x=0.0, angular.z=0.0
[decoded_serial_node-3] [INFO] [1791449353.725094278] [bw_dr03_decoded_serial_node]: RECEIVED /cmd_vel: linear.x=0.0, angular.z=0.0
[decoded_serial_node-3] [INFO] [1791449353.791753195] [bw_dr03_decoded_serial_node]: RECEIVED /cmd_vel: linear.x=0.0, angular.z=0.0
[decoded_serial_node-3] [INFO] [1791449353.857875460] [bw_dr03_decoded_serial_node]: RECEIVED /cmd_vel: linear.x=0.0, angular.z=0.0
[decoded_serial_node-3] [INFO] [1791449353.924922620] [bw_dr03_decoded_serial_node]: RECEIVED /cmd_vel: linear.x=0.0, angular.z=0.0
[follow_planner-8] [INFO] [1791449353.925101900] [follow_planner_node]: [IDLE] disabled | d=- goc=- | v=0.000 w=0.000 | thoang=-
[decoded_serial_node-3] [INFO] [1791449353.991624279] [bw_dr03_decoded_serial_node]: RECEIVED /cmd_vel: linear.x=0.0, angular.z=0.0
[decoded_serial_node-3] [INFO] [1791449354.058190589] [bw_dr03_decoded_serial_node]: RECEIVED /cmd_vel: linear.x=0.0, angular.z=0.0
[decoded_serial_node-3] [INFO] [1791449354.124857818] [bw_dr03_decoded_serial_node]: RECEIVED /cmd_vel: linear.x=0.0, angular.z=0.0
[decoded_serial_node-3] [INFO] [1791449354.191589160] [bw_dr03_decoded_serial_node]: RECEIVED /cmd_vel: linear.x=0.0, angular.z=0.0
[decoded_serial_node-3] [INFO] [1791449354.257838465] [bw_dr03_decoded_serial_node]: RECEIVED /cmd_vel: linear.x=0.0, angular.z=0.0
[decoded_serial_node-3] [INFO] [1791449354.324814387] [bw_dr03_decoded_serial_node]: RECEIVED /cmd_vel: linear.x=0.0, angular.z=0.0
[target_tracker-7] [INFO] [1791449354.332635032] [target_tracker_node]: muc tieu: d=1.49m goc=3.0deg nguon=camera+lidar conf=1.00 v=0.32m/s 
[decoded_serial_node-3] [INFO] [1791449354.391779625] [bw_dr03_decoded_serial_node]: RECEIVED /cmd_vel: linear.x=0.0, angular.z=0.0
[decoded_serial_node-3] [INFO] [1791449354.458196337] [bw_dr03_decoded_serial_node]: RECEIVED /cmd_vel: linear.x=0.0, angular.z=0.0
[follow_planner-8] [INFO] [1791449354.511383134] [follow_planner_node]: self-filter: bo 7/194 tia dap vao than xe
[decoded_serial_node-3] [INFO] [1791449354.524843382] [bw_dr03_decoded_serial_node]: RECEIVED /cmd_vel: linear.x=0.0, angular.z=0.0
[decoded_serial_node-3] [INFO] [1791449354.591556915] [bw_dr03_decoded_serial_node]: RECEIVED /cmd_vel: linear.x=0.0, angular.z=0.0
[decoded_serial_node-3] [INFO] [1791449354.657821654] [bw_dr03_decoded_serial_node]: RECEIVED /cmd_vel: linear.x=0.0, angular.z=0.0
[decoded_serial_node-3] [INFO] [1791449354.724899683] [bw_dr03_decoded_serial_node]: RECEIVED /cmd_vel: linear.x=0.0, angular.z=0.0
[decoded_serial_node-3] [INFO] [1791449354.791626277] [bw_dr03_decoded_serial_node]: RECEIVED /cmd_vel: linear.x=0.0, angular.z=0.0
[decoded_serial_node-3] [INFO] [1791449354.858513153] [bw_dr03_decoded_serial_node]: RECEIVED /cmd_vel: linear.x=0.0, angular.z=0.0
[decoded_serial_node-3] [INFO] [1791449354.924936989] [bw_dr03_decoded_serial_node]: RECEIVED /cmd_vel: linear.x=0.0, angular.z=0.0
[follow_planner-8] [INFO] [1791449354.925034346] [follow_planner_node]: [IDLE] disabled | d=- goc=- | v=0.000 w=0.000 | thoang=-
[decoded_serial_node-3] [INFO] [1791449354.991600656] [bw_dr03_decoded_serial_node]: RECEIVED /cmd_vel: linear.x=0.0, angular.z=0.0
[decoded_serial_node-3] [INFO] [1791449355.057815530] [bw_dr03_decoded_serial_node]: RECEIVED /cmd_vel: linear.x=0.0, angular.z=0.0
[decoded_serial_node-3] [INFO] [1791449355.124965984] [bw_dr03_decoded_serial_node]: RECEIVED /cmd_vel: linear.x=0.0, angular.z=0.0
[decoded_serial_node-3] [INFO] [1791449355.191816055] [bw_dr03_decoded_serial_node]: RECEIVED /cmd_vel: linear.x=0.0, angular.z=0.0
[decoded_serial_node-3] [INFO] [1791449355.258187651] [bw_dr03_decoded_serial_node]: RECEIVED /cmd_vel: linear.x=0.0, angular.z=0.0
[decoded_serial_node-3] [INFO] [1791449355.325068592] [bw_dr03_decoded_serial_node]: RECEIVED /cmd_vel: linear.x=0.0, angular.z=0.0
[target_tracker-7] [INFO] [1791449355.381805371] [target_tracker_node]: muc tieu: d=1.25m goc=-24.4deg nguon=camera+lidar conf=0.98 v=1.12m/s 
[decoded_serial_node-3] [INFO] [1791449355.391694266] [bw_dr03_decoded_serial_node]: RECEIVED /cmd_vel: linear.x=0.0, angular.z=0.0
[decoded_serial_node-3] [INFO] [1791449355.457945946] [bw_dr03_decoded_serial_node]: RECEIVED /cmd_vel: linear.x=0.0, angular.z=0.0
[decoded_serial_node-3] [INFO] [1791449355.524971735] [bw_dr03_decoded_serial_node]: RECEIVED /cmd_vel: linear.x=0.0, angular.z=0.0
[decoded_serial_node-3] [INFO] [1791449355.591207980] [bw_dr03_decoded_serial_node]: RECEIVED /cmd_vel: linear.x=0.0, angular.z=0.0
[decoded_serial_node-3] [INFO] [1791449355.657742234] [bw_dr03_decoded_serial_node]: RECEIVED /cmd_vel: linear.x=0.0, angular.z=0.0
[decoded_serial_node-3] [INFO] [1791449355.724367909] [bw_dr03_decoded_serial_node]: RECEIVED /cmd_vel: linear.x=0.0, angular.z=0.0
[python3-4] [WARN] [1791449355.783852065] [identity_lock_node]: Failed to read camera frame (3 lan)
[decoded_serial_node-3] [INFO] [1791449355.791329585] [bw_dr03_decoded_serial_node]: RECEIVED /cmd_vel: linear.x=0.0, angular.z=0.0
[decoded_serial_node-3] [INFO] [1791449355.857924390] [bw_dr03_decoded_serial_node]: RECEIVED /cmd_vel: linear.x=0.0, angular.z=0.0
[decoded_serial_node-3] [INFO] [1791449355.924559562] [bw_dr03_decoded_serial_node]: RECEIVED /cmd_vel: linear.x=0.0, angular.z=0.0
[follow_planner-8] [INFO] [1791449355.991235103] [follow_planner_node]: [IDLE] disabled | d=- goc=- | v=0.000 w=0.000 | thoang=-
[decoded_serial_node-3] [INFO] [1791449355.991262411] [bw_dr03_decoded_serial_node]: RECEIVED /cmd_vel: linear.x=0.0, angular.z=0.0
[decoded_serial_node-3] [INFO] [1791449356.057737300] [bw_dr03_decoded_serial_node]: RECEIVED /cmd_vel: linear.x=0.0, angular.z=0.0
[decoded_serial_node-3] [INFO] [1791449356.124744094] [bw_dr03_decoded_serial_node]: RECEIVED /cmd_vel: linear.x=0.0, angular.z=0.0
[decoded_serial_node-3] [INFO] [1791449356.191024269] [bw_dr03_decoded_serial_node]: RECEIVED /cmd_vel: linear.x=0.0, angular.z=0.0
[decoded_serial_node-3] [INFO] [1791449356.257839910] [bw_dr03_decoded_serial_node]: RECEIVED /cmd_vel: linear.x=0.0, angular.z=0.0
[decoded_serial_node-3] [INFO] [1791449356.324375351] [bw_dr03_decoded_serial_node]: RECEIVED /cmd_vel: linear.x=0.0, angular.z=0.0
[target_tracker-7] [INFO] [1791449356.381797194] [target_tracker_node]: muc tieu: d=1.23m goc=-18.1deg nguon=lidar_track conf=0.85 v=0.77m/s 
[decoded_serial_node-3] [INFO] [1791449356.391196928] [bw_dr03_decoded_serial_node]: RECEIVED /cmd_vel: linear.x=0.0, angular.z=0.0
[decoded_serial_node-3] [INFO] [1791449356.457701500] [bw_dr03_decoded_serial_node]: RECEIVED /cmd_vel: linear.x=0.0, angular.z=0.0
[decoded_serial_node-3] [INFO] [1791449356.524473211] [bw_dr03_decoded_serial_node]: RECEIVED /cmd_vel: linear.x=0.0, angular.z=0.0
[decoded_serial_node-3] [INFO] [1791449356.591252046] [bw_dr03_decoded_serial_node]: RECEIVED /cmd_vel: linear.x=0.0, angular.z=0.0
[decoded_serial_node-3] [INFO] [1791449356.657869410] [bw_dr03_decoded_serial_node]: RECEIVED /cmd_vel: linear.x=0.0, angular.z=0.0
[decoded_serial_node-3] [INFO] [1791449356.724520018] [bw_dr03_decoded_serial_node]: RECEIVED /cmd_vel: linear.x=0.0, angular.z=0.0
[decoded_serial_node-3] [INFO] [1791449356.791341595] [bw_dr03_decoded_serial_node]: RECEIVED /cmd_vel: linear.x=0.0, angular.z=0.0
[decoded_serial_node-3] [INFO] [1791449356.857991016] [bw_dr03_decoded_serial_node]: RECEIVED /cmd_vel: linear.x=0.0, angular.z=0.0
[decoded_serial_node-3] [INFO] [1791449356.924684366] [bw_dr03_decoded_serial_node]: RECEIVED /cmd_vel: linear.x=0.0, angular.z=0.0
[decoded_serial_node-3] [INFO] [1791449356.991408586] [bw_dr03_decoded_serial_node]: RECEIVED /cmd_vel: linear.x=0.0, angular.z=0.0
[follow_planner-8] [INFO] [1791449356.991494071] [follow_planner_node]: [IDLE] disabled | d=- goc=- | v=0.000 w=0.000 | thoang=-
[decoded_serial_node-3] [INFO] [1791449357.058005767] [bw_dr03_decoded_serial_node]: RECEIVED /cmd_vel: linear.x=0.0, angular.z=0.0
[decoded_serial_node-3] [INFO] [1791449357.124719302] [bw_dr03_decoded_serial_node]: RECEIVED /cmd_vel: linear.x=0.0, angular.z=0.0
[decoded_serial_node-3] [INFO] [1791449357.191442335] [bw_dr03_decoded_serial_node]: RECEIVED /cmd_vel: linear.x=0.0, angular.z=0.0
[decoded_serial_node-3] [INFO] [1791449357.258083445] [bw_dr03_decoded_serial_node]: RECEIVED /cmd_vel: linear.x=0.0, angular.z=0.0
[decoded_serial_node-3] [INFO] [1791449357.324656880] [bw_dr03_decoded_serial_node]: RECEIVED /cmd_vel: linear.x=0.0, angular.z=0.0
[target_tracker-7] [INFO] [1791449357.381746284] [target_tracker_node]: muc tieu: d=1.26m goc=-16.6deg nguon=lidar_track conf=0.75 v=0.07m/s 
[decoded_serial_node-3] [INFO] [1791449357.391110399] [bw_dr03_decoded_serial_node]: RECEIVED /cmd_vel: linear.x=0.0, angular.z=0.0
[decoded_serial_node-3] [INFO] [1791449357.457979468] [bw_dr03_decoded_serial_node]: RECEIVED /cmd_vel: linear.x=0.0, angular.z=0.0
[decoded_serial_node-3] [INFO] [1791449357.524600395] [bw_dr03_decoded_serial_node]: RECEIVED /cmd_vel: linear.x=0.0, angular.z=0.0
[decoded_serial_node-3] [INFO] [1791449357.591348361] [bw_dr03_decoded_serial_node]: RECEIVED /cmd_vel: linear.x=0.0, angular.z=0.0
[decoded_serial_node-3] [INFO] [1791449357.657794756] [bw_dr03_decoded_serial_node]: RECEIVED /cmd_vel: linear.x=0.0, angular.z=0.0
[decoded_serial_node-3] [INFO] [1791449357.724548659] [bw_dr03_decoded_serial_node]: RECEIVED /cmd_vel: linear.x=0.0, angular.z=0.0
[decoded_serial_node-3] [INFO] [1791449357.791199268] [bw_dr03_decoded_serial_node]: RECEIVED /cmd_vel: linear.x=0.0, angular.z=0.0
[decoded_serial_node-3] [INFO] [1791449357.857748957] [bw_dr03_decoded_serial_node]: RECEIVED /cmd_vel: linear.x=0.0, angular.z=0.0
[decoded_serial_node-3] [INFO] [1791449357.924625150] [bw_dr03_decoded_serial_node]: RECEIVED /cmd_vel: linear.x=0.0, angular.z=0.0
[decoded_serial_node-3] [INFO] [1791449357.991176026] [bw_dr03_decoded_serial_node]: RECEIVED /cmd_vel: linear.x=0.0, angular.z=0.0
[decoded_serial_node-3] [INFO] [1791449358.057929929] [bw_dr03_decoded_serial_node]: RECEIVED /cmd_vel: linear.x=0.0, angular.z=0.0
[follow_planner-8] [INFO] [1791449358.057976233] [follow_planner_node]: [IDLE] disabled | d=- goc=- | v=0.000 w=0.000 | thoang=-
[decoded_serial_node-3] [INFO] [1791449358.124819183] [bw_dr03_decoded_serial_node]: RECEIVED /cmd_vel: linear.x=0.0, angular.z=0.0
[decoded_serial_node-3] [INFO] [1791449358.191397368] [bw_dr03_decoded_serial_node]: RECEIVED /cmd_vel: linear.x=0.0, angular.z=0.0
[decoded_serial_node-3] [INFO] [1791449358.257818831] [bw_dr03_decoded_serial_node]: RECEIVED /cmd_vel: linear.x=0.0, angular.z=0.0
[decoded_serial_node-3] [INFO] [1791449358.324627349] [bw_dr03_decoded_serial_node]: RECEIVED /cmd_vel: linear.x=0.0, angular.z=0.0
[decoded_serial_node-3] [INFO] [1791449358.391298142] [bw_dr03_decoded_serial_node]: RECEIVED /cmd_vel: linear.x=0.0, angular.z=0.0
[target_tracker-7] [INFO] [1791449358.431664639] [target_tracker_node]: muc tieu: d=1.28m goc=-16.4deg nguon=lidar_track conf=0.75 v=0.03m/s 
[decoded_serial_node-3] [INFO] [1791449358.457746913] [bw_dr03_decoded_serial_node]: RECEIVED /cmd_vel: linear.x=0.0, angular.z=0.0
[decoded_serial_node-3] [INFO] [1791449358.524437890] [bw_dr03_decoded_serial_node]: RECEIVED /cmd_vel: linear.x=0.0, angular.z=0.0
[decoded_serial_node-3] [INFO] [1791449358.591042195] [bw_dr03_decoded_serial_node]: RECEIVED /cmd_vel: linear.x=0.0, angular.z=0.0
[decoded_serial_node-3] [INFO] [1791449358.657863773] [bw_dr03_decoded_serial_node]: RECEIVED /cmd_vel: linear.x=0.0, angular.z=0.0
[decoded_serial_node-3] [INFO] [1791449358.724351724] [bw_dr03_decoded_serial_node]: RECEIVED /cmd_vel: linear.x=0.0, angular.z=0.0
[decoded_serial_node-3] [INFO] [1791449358.791433318] [bw_dr03_decoded_serial_node]: RECEIVED /cmd_vel: linear.x=0.0, angular.z=0.0
[decoded_serial_node-3] [INFO] [1791449358.858188408] [bw_dr03_decoded_serial_node]: RECEIVED /cmd_vel: linear.x=0.0, angular.z=0.0
[decoded_serial_node-3] [INFO] [1791449358.924805773] [bw_dr03_decoded_serial_node]: RECEIVED /cmd_vel: linear.x=0.0, angular.z=0.0
[decoded_serial_node-3] [INFO] [1791449358.991432637] [bw_dr03_decoded_serial_node]: RECEIVED /cmd_vel: linear.x=0.0, angular.z=0.0
[decoded_serial_node-3] [INFO] [1791449359.058015571] [bw_dr03_decoded_serial_node]: RECEIVED /cmd_vel: linear.x=0.0, angular.z=0.0
[follow_planner-8] [INFO] [1791449359.058111741] [follow_planner_node]: [IDLE] disabled | d=- goc=- | v=0.000 w=0.000 | thoang=-
[decoded_serial_node-3] [INFO] [1791449359.124662619] [bw_dr03_decoded_serial_node]: RECEIVED /cmd_vel: linear.x=0.0, angular.z=0.0
[decoded_serial_node-3] [INFO] [1791449359.191345285] [bw_dr03_decoded_serial_node]: RECEIVED /cmd_vel: linear.x=0.0, angular.z=0.0
[decoded_serial_node-3] [INFO] [1791449359.259658094] [bw_dr03_decoded_serial_node]: RECEIVED /cmd_vel: linear.x=0.0, angular.z=0.0
[decoded_serial_node-3] [INFO] [1791449359.324689247] [bw_dr03_decoded_serial_node]: RECEIVED /cmd_vel: linear.x=0.0, angular.z=0.0
[decoded_serial_node-3] [INFO] [1791449359.391355292] [bw_dr03_decoded_serial_node]: RECEIVED /cmd_vel: linear.x=0.0, angular.z=0.0
[target_tracker-7] [INFO] [1791449359.431870200] [target_tracker_node]: muc tieu: d=1.28m goc=-17.5deg nguon=predicted conf=0.75 v=0.02m/s 
[decoded_serial_node-3] [INFO] [1791449359.457976219] [bw_dr03_decoded_serial_node]: RECEIVED /cmd_vel: linear.x=0.0, angular.z=0.0
[decoded_serial_node-3] [INFO] [1791449359.524676695] [bw_dr03_decoded_serial_node]: RECEIVED /cmd_vel: linear.x=0.0, angular.z=0.0
[decoded_serial_node-3] [INFO] [1791449359.591348676] [bw_dr03_decoded_serial_node]: RECEIVED /cmd_vel: linear.x=0.0, angular.z=0.0
[decoded_serial_node-3] [INFO] [1791449359.658000473] [bw_dr03_decoded_serial_node]: RECEIVED /cmd_vel: linear.x=0.0, angular.z=0.0
[decoded_serial_node-3] [INFO] [1791449359.724639210] [bw_dr03_decoded_serial_node]: RECEIVED /cmd_vel: linear.x=0.0, angular.z=0.0
[decoded_serial_node-3] [INFO] [1791449359.791324251] [bw_dr03_decoded_serial_node]: RECEIVED /cmd_vel: linear.x=0.0, angular.z=0.0
[decoded_serial_node-3] [INFO] [1791449359.858012854] [bw_dr03_decoded_serial_node]: RECEIVED /cmd_vel: linear.x=0.0, angular.z=0.0
[decoded_serial_node-3] [INFO] [1791449359.924676524] [bw_dr03_decoded_serial_node]: RECEIVED /cmd_vel: linear.x=0.0, angular.z=0.0
[decoded_serial_node-3] [INFO] [1791449359.991315261] [bw_dr03_decoded_serial_node]: RECEIVED /cmd_vel: linear.x=0.0, angular.z=0.0
[decoded_serial_node-3] [INFO] [1791449360.058130904] [bw_dr03_decoded_serial_node]: RECEIVED /cmd_vel: linear.x=0.0, angular.z=0.0
[follow_planner-8] [INFO] [1791449360.058197391] [follow_planner_node]: [IDLE] disabled | d=- goc=- | v=0.000 w=0.000 | thoang=-
[decoded_serial_node-3] [INFO] [1791449360.124688906] [bw_dr03_decoded_serial_node]: RECEIVED /cmd_vel: linear.x=0.0, angular.z=0.0
[decoded_serial_node-3] [INFO] [1791449360.191299148] [bw_dr03_decoded_serial_node]: RECEIVED /cmd_vel: linear.x=0.0, angular.z=0.0
[decoded_serial_node-3] [INFO] [1791449360.257895144] [bw_dr03_decoded_serial_node]: RECEIVED /cmd_vel: linear.x=0.0, angular.z=0.0
[decoded_serial_node-3] [INFO] [1791449360.324668044] [bw_dr03_decoded_serial_node]: RECEIVED /cmd_vel: linear.x=0.0, angular.z=0.0
[decoded_serial_node-3] [INFO] [1791449360.391362584] [bw_dr03_decoded_serial_node]: RECEIVED /cmd_vel: linear.x=0.0, angular.z=0.0
[decoded_serial_node-3] [INFO] [1791449360.458156856] [bw_dr03_decoded_serial_node]: RECEIVED /cmd_vel: linear.x=0.0, angular.z=0.0
[target_tracker-7] [INFO] [1791449360.481944108] [target_tracker_node]: muc tieu: d=1.29m goc=-17.9deg nguon=predicted conf=0.44 v=0.01m/s 
[decoded_serial_node-3] [INFO] [1791449360.524695861] [bw_dr03_decoded_serial_node]: RECEIVED /cmd_vel: linear.x=0.0, angular.z=0.0
[decoded_serial_node-3] [INFO] [1791449360.591348846] [bw_dr03_decoded_serial_node]: RECEIVED /cmd_vel: linear.x=0.0, angular.z=0.0
[decoded_serial_node-3] [INFO] [1791449360.658016079] [bw_dr03_decoded_serial_node]: RECEIVED /cmd_vel: linear.x=0.0, angular.z=0.0
[decoded_serial_node-3] [INFO] [1791449360.724672625] [bw_dr03_decoded_serial_node]: RECEIVED /cmd_vel: linear.x=0.0, angular.z=0.0
[decoded_serial_node-3] [INFO] [1791449360.791344607] [bw_dr03_decoded_serial_node]: RECEIVED /cmd_vel: linear.x=0.0, angular.z=0.0
[python3-4] [WARN] [1791449360.850508199] [identity_lock_node]: Failed to read camera frame (255 lan)
[decoded_serial_node-3] [INFO] [1791449360.858023712] [bw_dr03_decoded_serial_node]: RECEIVED /cmd_vel: linear.x=0.0, angular.z=0.0
[decoded_serial_node-3] [INFO] [1791449360.924666011] [bw_dr03_decoded_serial_node]: RECEIVED /cmd_vel: linear.x=0.0, angular.z=0.0
[decoded_serial_node-3] [INFO] [1791449360.991304749] [bw_dr03_decoded_serial_node]: RECEIVED /cmd_vel: linear.x=0.0, angular.z=0.0
[decoded_serial_node-3] [INFO] [1791449361.057942300] [bw_dr03_decoded_serial_node]: RECEIVED /cmd_vel: linear.x=0.0, angular.z=0.0
[decoded_serial_node-3] [INFO] [1791449361.124689081] [bw_dr03_decoded_serial_node]: RECEIVED /cmd_vel: linear.x=0.0, angular.z=0.0
[follow_planner-8] [INFO] [1791449361.124743696] [follow_planner_node]: [IDLE] disabled | d=- goc=- | v=0.000 w=0.000 | thoang=-
[decoded_serial_node-3] [INFO] [1791449361.191340879] [bw_dr03_decoded_serial_node]: RECEIVED /cmd_vel: linear.x=0.0, angular.z=0.0
[decoded_serial_node-3] [INFO] [1791449361.257999801] [bw_dr03_decoded_serial_node]: RECEIVED /cmd_vel: linear.x=0.0, angular.z=0.0
[decoded_serial_node-3] [INFO] [1791449361.324703839] [bw_dr03_decoded_serial_node]: RECEIVED /cmd_vel: linear.x=0.0, angular.z=0.0
[decoded_serial_node-3] [INFO] [1791449361.391355638] [bw_dr03_decoded_serial_node]: RECEIVED /cmd_vel: linear.x=0.0, angular.z=0.0
[decoded_serial_node-3] [INFO] [1791449361.458021683] [bw_dr03_decoded_serial_node]: RECEIVED /cmd_vel: linear.x=0.0, angular.z=0.0
[target_tracker-7] [INFO] [1791449361.481920540] [target_tracker_node]: muc tieu: d=1.29m goc=-18.0deg nguon=predicted conf=0.04 v=0.00m/s 
[decoded_serial_node-3] [INFO] [1791449361.524655672] [bw_dr03_decoded_serial_node]: RECEIVED /cmd_vel: linear.x=0.0, angular.z=0.0
[decoded_serial_node-3] [INFO] [1791449361.591294410] [bw_dr03_decoded_serial_node]: RECEIVED /cmd_vel: linear.x=0.0, angular.z=0.0
[decoded_serial_node-3] [INFO] [1791449361.657933148] [bw_dr03_decoded_serial_node]: RECEIVED /cmd_vel: linear.x=0.0, angular.z=0.0
[decoded_serial_node-3] [INFO] [1791449361.724823591] [bw_dr03_decoded_serial_node]: RECEIVED /cmd_vel: linear.x=0.0, angular.z=0.0
[decoded_serial_node-3] [INFO] [1791449361.791369720] [bw_dr03_decoded_serial_node]: RECEIVED /cmd_vel: linear.x=0.0, angular.z=0.0
[decoded_serial_node-3] [INFO] [1791449361.857997773] [bw_dr03_decoded_serial_node]: RECEIVED /cmd_vel: linear.x=0.0, angular.z=0.0
[decoded_serial_node-3] [INFO] [1791449361.924717246] [bw_dr03_decoded_serial_node]: RECEIVED /cmd_vel: linear.x=0.0, angular.z=0.0
[decoded_serial_node-3] [INFO] [1791449361.991449780] [bw_dr03_decoded_serial_node]: RECEIVED /cmd_vel: linear.x=0.0, angular.z=0.0
[decoded_serial_node-3] [INFO] [1791449362.058184689] [bw_dr03_decoded_serial_node]: RECEIVED /cmd_vel: linear.x=0.0, angular.z=0.0
[decoded_serial_node-3] [INFO] [1791449362.124800869] [bw_dr03_decoded_serial_node]: RECEIVED /cmd_vel: linear.x=0.0, angular.z=0.0
[follow_planner-8] [INFO] [1791449362.124952841] [follow_planner_node]: [IDLE] disabled | d=- goc=- | v=0.000 w=0.000 | thoang=-
[decoded_serial_node-3] [INFO] [1791449362.191406363] [bw_dr03_decoded_serial_node]: RECEIVED /cmd_vel: linear.x=0.0, angular.z=0.0
[decoded_serial_node-3] [INFO] [1791449362.258008296] [bw_dr03_decoded_serial_node]: RECEIVED /cmd_vel: linear.x=0.0, angular.z=0.0
[decoded_serial_node-3] [INFO] [1791449362.324712335] [bw_dr03_decoded_serial_node]: RECEIVED /cmd_vel: linear.x=0.0, angular.z=0.0
[decoded_serial_node-3] [INFO] [1791449362.391370071] [bw_dr03_decoded_serial_node]: RECEIVED /cmd_vel: linear.x=0.0, angular.z=0.0
[decoded_serial_node-3] [INFO] [1791449362.458152471] [bw_dr03_decoded_serial_node]: RECEIVED /cmd_vel: linear.x=0.0, angular.z=0.0
[target_tracker-7] [INFO] [1791449362.481866112] [target_tracker_node]: muc tieu: d=1.29m goc=-18.1deg nguon=predicted conf=0.00 v=0.00m/s 
[decoded_serial_node-3] [INFO] [1791449362.524679605] [bw_dr03_decoded_serial_node]: RECEIVED /cmd_vel: linear.x=0.0, angular.z=0.0
[decoded_serial_node-3] [INFO] [1791449362.591331403] [bw_dr03_decoded_serial_node]: RECEIVED /cmd_vel: linear.x=0.0, angular.z=0.0
[decoded_serial_node-3] [INFO] [1791449362.658054439] [bw_dr03_decoded_serial_node]: RECEIVED /cmd_vel: linear.x=0.0, angular.z=0.0
[decoded_serial_node-3] [INFO] [1791449362.724687241] [bw_dr03_decoded_serial_node]: RECEIVED /cmd_vel: linear.x=0.0, angular.z=0.0
[decoded_serial_node-3] [INFO] [1791449362.791430461] [bw_dr03_decoded_serial_node]: RECEIVED /cmd_vel: linear.x=0.0, angular.z=0.0
[decoded_serial_node-3] [INFO] [1791449362.858016959] [bw_dr03_decoded_serial_node]: RECEIVED /cmd_vel: linear.x=0.0, angular.z=0.0
[decoded_serial_node-3] [INFO] [1791449362.924748306] [bw_dr03_decoded_serial_node]: RECEIVED /cmd_vel: linear.x=0.0, angular.z=0.0
[decoded_serial_node-3] [INFO] [1791449362.991352613] [bw_dr03_decoded_serial_node]: RECEIVED /cmd_vel: linear.x=0.0, angular.z=0.0
[decoded_serial_node-3] [INFO] [1791449363.058221686] [bw_dr03_decoded_serial_node]: RECEIVED /cmd_vel: linear.x=0.0, angular.z=0.0
[decoded_serial_node-3] [INFO] [1791449363.124679958] [bw_dr03_decoded_serial_node]: RECEIVED /cmd_vel: linear.x=0.0, angular.z=0.0
[decoded_serial_node-3] [INFO] [1791449363.191351941] [bw_dr03_decoded_serial_node]: RECEIVED /cmd_vel: linear.x=0.0, angular.z=0.0
[follow_planner-8] [INFO] [1791449363.191480168] [follow_planner_node]: [IDLE] disabled | d=- goc=- | v=0.000 w=0.000 | thoang=-
[decoded_serial_node-3] [INFO] [1791449363.257921817] [bw_dr03_decoded_serial_node]: RECEIVED /cmd_vel: linear.x=0.0, angular.z=0.0
[decoded_serial_node-3] [INFO] [1791449363.324706593] [bw_dr03_decoded_serial_node]: RECEIVED /cmd_vel: linear.x=0.0, angular.z=0.0
[decoded_serial_node-3] [INFO] [1791449363.391339395] [bw_dr03_decoded_serial_node]: RECEIVED /cmd_vel: linear.x=0.0, angular.z=0.0
[decoded_serial_node-3] [INFO] [1791449363.458022064] [bw_dr03_decoded_serial_node]: RECEIVED /cmd_vel: linear.x=0.0, angular.z=0.0
[target_tracker-7] [INFO] [1791449363.481855621] [target_tracker_node]: muc tieu: d=1.29m goc=-18.1deg nguon=predicted conf=0.00 v=0.00m/s 
[decoded_serial_node-3] [INFO] [1791449363.524694047] [bw_dr03_decoded_serial_node]: RECEIVED /cmd_vel: linear.x=0.0, angular.z=0.0
[decoded_serial_node-3] [INFO] [1791449363.591329225] [bw_dr03_decoded_serial_node]: RECEIVED /cmd_vel: linear.x=0.0, angular.z=0.0
[decoded_serial_node-3] [INFO] [1791449363.658010706] [bw_dr03_decoded_serial_node]: RECEIVED /cmd_vel: linear.x=0.0, angular.z=0.0
[decoded_serial_node-3] [INFO] [1791449363.724669629] [bw_dr03_decoded_serial_node]: RECEIVED /cmd_vel: linear.x=0.0, angular.z=0.0
[decoded_serial_node-3] [INFO] [1791449363.791300057] [bw_dr03_decoded_serial_node]: RECEIVED /cmd_vel: linear.x=0.0, angular.z=0.0
[decoded_serial_node-3] [INFO] [1791449363.858065836] [bw_dr03_decoded_serial_node]: RECEIVED /cmd_vel: linear.x=0.0, angular.z=0.0
[decoded_serial_node-3] [INFO] [1791449363.924828053] [bw_dr03_decoded_serial_node]: RECEIVED /cmd_vel: linear.x=0.0, angular.z=0.0
[decoded_serial_node-3] [INFO] [1791449363.991359936] [bw_dr03_decoded_serial_node]: RECEIVED /cmd_vel: linear.x=0.0, angular.z=0.0
[decoded_serial_node-3] [INFO] [1791449364.058012923] [bw_dr03_decoded_serial_node]: RECEIVED /cmd_vel: linear.x=0.0, angular.z=0.0
[decoded_serial_node-3] [INFO] [1791449364.124726462] [bw_dr03_decoded_serial_node]: RECEIVED /cmd_vel: linear.x=0.0, angular.z=0.0
[decoded_serial_node-3] [INFO] [1791449364.191526673] [bw_dr03_decoded_serial_node]: RECEIVED /cmd_vel: linear.x=0.0, angular.z=0.0
[follow_planner-8] [INFO] [1791449364.191519549] [follow_planner_node]: [IDLE] disabled | d=- goc=- | v=0.000 w=0.000 | thoang=-
[decoded_serial_node-3] [INFO] [1791449364.258034811] [bw_dr03_decoded_serial_node]: RECEIVED /cmd_vel: linear.x=0.0, angular.z=0.0
[decoded_serial_node-3] [INFO] [1791449364.324702046] [bw_dr03_decoded_serial_node]: RECEIVED /cmd_vel: linear.x=0.0, angular.z=0.0
[decoded_serial_node-3] [INFO] [1791449364.391369280] [bw_dr03_decoded_serial_node]: RECEIVED /cmd_vel: linear.x=0.0, angular.z=0.0
[decoded_serial_node-3] [INFO] [1791449364.458015144] [bw_dr03_decoded_serial_node]: RECEIVED /cmd_vel: linear.x=0.0, angular.z=0.0
[decoded_serial_node-3] [INFO] [1791449364.524722746] [bw_dr03_decoded_serial_node]: RECEIVED /cmd_vel: linear.x=0.0, angular.z=0.0
[target_tracker-7] [INFO] [1791449364.532012675] [target_tracker_node]: muc tieu: d=1.29m goc=-18.1deg nguon=predicted conf=0.00 v=0.00m/s 
[follow_planner-8] [INFO] [1791449364.565877603] [follow_planner_node]: self-filter: bo 8/194 tia dap vao than xe
[decoded_serial_node-3] [INFO] [1791449364.591361486] [bw_dr03_decoded_serial_node]: RECEIVED /cmd_vel: linear.x=0.0, angular.z=0.0
[decoded_serial_node-3] [INFO] [1791449364.658066713] [bw_dr03_decoded_serial_node]: RECEIVED /cmd_vel: linear.x=0.0, angular.z=0.0
[decoded_serial_node-3] [INFO] [1791449364.724674584] [bw_dr03_decoded_serial_node]: RECEIVED /cmd_vel: linear.x=0.0, angular.z=0.0
[decoded_serial_node-3] [INFO] [1791449364.791426116] [bw_dr03_decoded_serial_node]: RECEIVED /cmd_vel: linear.x=0.0, angular.z=0.0
[decoded_serial_node-3] [INFO] [1791449364.859159532] [bw_dr03_decoded_serial_node]: RECEIVED /cmd_vel: linear.x=0.0, angular.z=0.0
[decoded_serial_node-3] [INFO] [1791449364.924748712] [bw_dr03_decoded_serial_node]: RECEIVED /cmd_vel: linear.x=0.0, angular.z=0.0
[decoded_serial_node-3] [INFO] [1791449364.991360144] [bw_dr03_decoded_serial_node]: RECEIVED /cmd_vel: linear.x=0.0, angular.z=0.0
[decoded_serial_node-3] [INFO] [1791449365.057956142] [bw_dr03_decoded_serial_node]: RECEIVED /cmd_vel: linear.x=0.0, angular.z=0.0
[decoded_serial_node-3] [INFO] [1791449365.124619815] [bw_dr03_decoded_serial_node]: RECEIVED /cmd_vel: linear.x=0.0, angular.z=0.0
[decoded_serial_node-3] [INFO] [1791449365.191329793] [bw_dr03_decoded_serial_node]: RECEIVED /cmd_vel: linear.x=0.0, angular.z=0.0
[decoded_serial_node-3] [INFO] [1791449365.258025523] [bw_dr03_decoded_serial_node]: RECEIVED /cmd_vel: linear.x=0.0, angular.z=0.0
[follow_planner-8] [INFO] [1791449365.258113382] [follow_planner_node]: [IDLE] disabled | d=- goc=- | v=0.000 w=0.000 | thoang=-
[decoded_serial_node-3] [INFO] [1791449365.324695133] [bw_dr03_decoded_serial_node]: RECEIVED /cmd_vel: linear.x=0.0, angular.z=0.0
[decoded_serial_node-3] [INFO] [1791449365.391369491] [bw_dr03_decoded_serial_node]: RECEIVED /cmd_vel: linear.x=0.0, angular.z=0.0
[decoded_serial_node-3] [INFO] [1791449365.458007044] [bw_dr03_decoded_serial_node]: RECEIVED /cmd_vel: linear.x=0.0, angular.z=0.0
[decoded_serial_node-3] [INFO] [1791449365.524658845] [bw_dr03_decoded_serial_node]: RECEIVED /cmd_vel: linear.x=0.0, angular.z=0.0
[target_tracker-7] [INFO] [1791449365.581846797] [target_tracker_node]: muc tieu: no_target_yet
[decoded_serial_node-3] [INFO] [1791449365.591328455] [bw_dr03_decoded_serial_node]: RECEIVED /cmd_vel: linear.x=0.0, angular.z=0.0
[decoded_serial_node-3] [INFO] [1791449365.658002814] [bw_dr03_decoded_serial_node]: RECEIVED /cmd_vel: linear.x=0.0, angular.z=0.0
[decoded_serial_node-3] [INFO] [1791449365.724651052] [bw_dr03_decoded_serial_node]: RECEIVED /cmd_vel: linear.x=0.0, angular.z=0.0
[decoded_serial_node-3] [INFO] [1791449365.791333722] [bw_dr03_decoded_serial_node]: RECEIVED /cmd_vel: linear.x=0.0, angular.z=0.0
[decoded_serial_node-3] [INFO] [1791449365.859635848] [bw_dr03_decoded_serial_node]: RECEIVED /cmd_vel: linear.x=0.0, angular.z=0.0
[python3-4] [WARN] [1791449365.917113498] [identity_lock_node]: Failed to read camera frame (507 lan)
[decoded_serial_node-3] [INFO] [1791449365.924917522] [bw_dr03_decoded_serial_node]: RECEIVED /cmd_vel: linear.x=0.0, angular.z=0.0
[decoded_serial_node-3] [INFO] [1791449365.991391230] [bw_dr03_decoded_serial_node]: RECEIVED /cmd_vel: linear.x=0.0, angular.z=0.0
[decoded_serial_node-3] [INFO] [1791449366.058035907] [bw_dr03_decoded_serial_node]: RECEIVED /cmd_vel: linear.x=0.0, angular.z=0.0
[decoded_serial_node-3] [INFO] [1791449366.124698394] [bw_dr03_decoded_serial_node]: RECEIVED /cmd_vel: linear.x=0.0, angular.z=0.0
[decoded_serial_node-3] [INFO] [1791449366.191375128] [bw_dr03_decoded_serial_node]: RECEIVED /cmd_vel: linear.x=0.0, angular.z=0.0
[decoded_serial_node-3] [INFO] [1791449366.258112413] [bw_dr03_decoded_serial_node]: RECEIVED /cmd_vel: linear.x=0.0, angular.z=0.0
[follow_planner-8] [INFO] [1791449366.258143283] [follow_planner_node]: [IDLE] disabled | d=- goc=- | v=0.000 w=0.000 | thoang=-
[decoded_serial_node-3] [INFO] [1791449366.324685853] [bw_dr03_decoded_serial_node]: RECEIVED /cmd_vel: linear.x=0.0, angular.z=0.0
[decoded_serial_node-3] [INFO] [1791449366.391340029] [bw_dr03_decoded_serial_node]: RECEIVED /cmd_vel: linear.x=0.0, angular.z=0.0
[decoded_serial_node-3] [INFO] [1791449366.457997766] [bw_dr03_decoded_serial_node]: RECEIVED /cmd_vel: linear.x=0.0, angular.z=0.0
[decoded_serial_node-3] [INFO] [1791449366.524719617] [bw_dr03_decoded_serial_node]: RECEIVED /cmd_vel: linear.x=0.0, angular.z=0.0
[target_tracker-7] [INFO] [1791449366.581868390] [target_tracker_node]: muc tieu: no_target_yet
[decoded_serial_node-3] [INFO] [1791449366.591335800] [bw_dr03_decoded_serial_node]: RECEIVED /cmd_vel: linear.x=0.0, angular.z=0.0
[decoded_serial_node-3] [INFO] [1791449366.658064774] [bw_dr03_decoded_serial_node]: RECEIVED /cmd_vel: linear.x=0.0, angular.z=0.0
[decoded_serial_node-3] [INFO] [1791449366.724633465] [bw_dr03_decoded_serial_node]: RECEIVED /cmd_vel: linear.x=0.0, angular.z=0.0
[decoded_serial_node-3] [INFO] [1791449366.791355316] [bw_dr03_decoded_serial_node]: RECEIVED /cmd_vel: linear.x=0.0, angular.z=0.0
[decoded_serial_node-3] [INFO] [1791449366.858002368] [bw_dr03_decoded_serial_node]: RECEIVED /cmd_vel: linear.x=0.0, angular.z=0.0
[decoded_serial_node-3] [INFO] [1791449366.924630423] [bw_dr03_decoded_serial_node]: RECEIVED /cmd_vel: linear.x=0.0, angular.z=0.0
[decoded_serial_node-3] [INFO] [1791449366.991335652] [bw_dr03_decoded_serial_node]: RECEIVED /cmd_vel: linear.x=0.0, angular.z=0.0
[decoded_serial_node-3] [INFO] [1791449367.058021885] [bw_dr03_decoded_serial_node]: RECEIVED /cmd_vel: linear.x=0.0, angular.z=0.0
[decoded_serial_node-3] [INFO] [1791449367.124718803] [bw_dr03_decoded_serial_node]: RECEIVED /cmd_vel: linear.x=0.0, angular.z=0.0
[decoded_serial_node-3] [INFO] [1791449367.191429969] [bw_dr03_decoded_serial_node]: RECEIVED /cmd_vel: linear.x=0.0, angular.z=0.0
[decoded_serial_node-3] [INFO] [1791449367.258065149] [bw_dr03_decoded_serial_node]: RECEIVED /cmd_vel: linear.x=0.0, angular.z=0.0
[decoded_serial_node-3] [INFO] [1791449367.324700328] [bw_dr03_decoded_serial_node]: RECEIVED /cmd_vel: linear.x=0.0, angular.z=0.0
[follow_planner-8] [INFO] [1791449367.324781064] [follow_planner_node]: [IDLE] disabled | d=- goc=- | v=0.000 w=0.000 | thoang=-
[decoded_serial_node-3] [INFO] [1791449367.391373501] [bw_dr03_decoded_serial_node]: RECEIVED /cmd_vel: linear.x=0.0, angular.z=0.0
[decoded_serial_node-3] [INFO] [1791449367.458005119] [bw_dr03_decoded_serial_node]: RECEIVED /cmd_vel: linear.x=0.0, angular.z=0.0
[decoded_serial_node-3] [INFO] [1791449367.524666418] [bw_dr03_decoded_serial_node]: RECEIVED /cmd_vel: linear.x=0.0, angular.z=0.0
[target_tracker-7] [INFO] [1791449367.582306727] [target_tracker_node]: muc tieu: no_target_yet
[decoded_serial_node-3] [INFO] [1791449367.591246983] [bw_dr03_decoded_serial_node]: RECEIVED /cmd_vel: linear.x=0.0, angular.z=0.0
[decoded_serial_node-3] [INFO] [1791449367.658024637] [bw_dr03_decoded_serial_node]: RECEIVED /cmd_vel: linear.x=0.0, angular.z=0.0
[decoded_serial_node-3] [INFO] [1791449367.724693060] [bw_dr03_decoded_serial_node]: RECEIVED /cmd_vel: linear.x=0.0, angular.z=0.0
[decoded_serial_node-3] [INFO] [1791449367.791294996] [bw_dr03_decoded_serial_node]: RECEIVED /cmd_vel: linear.x=0.0, angular.z=0.0
[decoded_serial_node-3] [INFO] [1791449367.858010911] [bw_dr03_decoded_serial_node]: RECEIVED /cmd_vel: linear.x=0.0, angular.z=0.0
[decoded_serial_node-3] [INFO] [1791449367.924656776] [bw_dr03_decoded_serial_node]: RECEIVED /cmd_vel: linear.x=0.0, angular.z=0.0
[decoded_serial_node-3] [INFO] [1791449367.991319263] [bw_dr03_decoded_serial_node]: RECEIVED /cmd_vel: linear.x=0.0, angular.z=0.0
[decoded_serial_node-3] [INFO] [1791449368.058006684] [bw_dr03_decoded_serial_node]: RECEIVED /cmd_vel: linear.x=0.0, angular.z=0.0
[decoded_serial_node-3] [INFO] [1791449368.124707165] [bw_dr03_decoded_serial_node]: RECEIVED /cmd_vel: linear.x=0.0, angular.z=0.0
[decoded_serial_node-3] [INFO] [1791449368.191336408] [bw_dr03_decoded_serial_node]: RECEIVED /cmd_vel: linear.x=0.0, angular.z=0.0
[decoded_serial_node-3] [INFO] [1791449368.258098628] [bw_dr03_decoded_serial_node]: RECEIVED /cmd_vel: linear.x=0.0, angular.z=0.0
[decoded_serial_node-3] [INFO] [1791449368.324701751] [bw_dr03_decoded_serial_node]: RECEIVED /cmd_vel: linear.x=0.0, angular.z=0.0
[decoded_serial_node-3] [INFO] [1791449368.391320310] [bw_dr03_decoded_serial_node]: RECEIVED /cmd_vel: linear.x=0.0, angular.z=0.0
[follow_planner-8] [INFO] [1791449368.391462784] [follow_planner_node]: [IDLE] disabled | d=- goc=- | v=0.000 w=0.000 | thoang=-
[decoded_serial_node-3] [INFO] [1791449368.458742660] [bw_dr03_decoded_serial_node]: RECEIVED /cmd_vel: linear.x=0.0, angular.z=0.0
[decoded_serial_node-3] [INFO] [1791449368.524667843] [bw_dr03_decoded_serial_node]: RECEIVED /cmd_vel: linear.x=0.0, angular.z=0.0
[decoded_serial_node-3] [INFO] [1791449368.591362388] [bw_dr03_decoded_serial_node]: RECEIVED /cmd_vel: linear.x=0.0, angular.z=0.0
[target_tracker-7] [INFO] [1791449368.631861864] [target_tracker_node]: muc tieu: no_target_yet
[decoded_serial_node-3] [INFO] [1791449368.658004692] [bw_dr03_decoded_serial_node]: RECEIVED /cmd_vel: linear.x=0.0, angular.z=0.0
[decoded_serial_node-3] [INFO] [1791449368.724711109] [bw_dr03_decoded_serial_node]: RECEIVED /cmd_vel: linear.x=0.0, angular.z=0.0
[decoded_serial_node-3] [INFO] [1791449368.791342727] [bw_dr03_decoded_serial_node]: RECEIVED /cmd_vel: linear.x=0.0, angular.z=0.0
[decoded_serial_node-3] [INFO] [1791449368.857981469] [bw_dr03_decoded_serial_node]: RECEIVED /cmd_vel: linear.x=0.0, angular.z=0.0
[decoded_serial_node-3] [INFO] [1791449368.924645144] [bw_dr03_decoded_serial_node]: RECEIVED /cmd_vel: linear.x=0.0, angular.z=0.0
[decoded_serial_node-3] [INFO] [1791449368.991327816] [bw_dr03_decoded_serial_node]: RECEIVED /cmd_vel: linear.x=0.0, angular.z=0.0
[decoded_serial_node-3] [INFO] [1791449369.057998615] [bw_dr03_decoded_serial_node]: RECEIVED /cmd_vel: linear.x=0.0, angular.z=0.0
[decoded_serial_node-3] [INFO] [1791449369.124655167] [bw_dr03_decoded_serial_node]: RECEIVED /cmd_vel: linear.x=0.0, angular.z=0.0
[decoded_serial_node-3] [INFO] [1791449369.191305782] [bw_dr03_decoded_serial_node]: RECEIVED /cmd_vel: linear.x=0.0, angular.z=0.0
[decoded_serial_node-3] [INFO] [1791449369.258035946] [bw_dr03_decoded_serial_node]: RECEIVED /cmd_vel: linear.x=0.0, angular.z=0.0
[decoded_serial_node-3] [INFO] [1791449369.324701996] [bw_dr03_decoded_serial_node]: RECEIVED /cmd_vel: linear.x=0.0, angular.z=0.0
[decoded_serial_node-3] [INFO] [1791449369.391607877] [bw_dr03_decoded_serial_node]: RECEIVED /cmd_vel: linear.x=0.0, angular.z=0.0
[follow_planner-8] [INFO] [1791449369.391724231] [follow_planner_node]: [IDLE] disabled | d=- goc=- | v=0.000 w=0.000 | thoang=-
[decoded_serial_node-3] [INFO] [1791449369.459190511] [bw_dr03_decoded_serial_node]: RECEIVED /cmd_vel: linear.x=0.0, angular.z=0.0
[decoded_serial_node-3] [INFO] [1791449369.524666902] [bw_dr03_decoded_serial_node]: RECEIVED /cmd_vel: linear.x=0.0, angular.z=0.0
[decoded_serial_node-3] [INFO] [1791449369.591353136] [bw_dr03_decoded_serial_node]: RECEIVED /cmd_vel: linear.x=0.0, angular.z=0.0
[decoded_serial_node-3] [INFO] [1791449369.658012062] [bw_dr03_decoded_serial_node]: RECEIVED /cmd_vel: linear.x=0.0, angular.z=0.0
[target_tracker-7] [INFO] [1791449369.681937041] [target_tracker_node]: muc tieu: no_target_yet
[decoded_serial_node-3] [INFO] [1791449369.724669801] [bw_dr03_decoded_serial_node]: RECEIVED /cmd_vel: linear.x=0.0, angular.z=0.0
[decoded_serial_node-3] [INFO] [1791449369.791333477] [bw_dr03_decoded_serial_node]: RECEIVED /cmd_vel: linear.x=0.0, angular.z=0.0
[decoded_serial_node-3] [INFO] [1791449369.858018524] [bw_dr03_decoded_serial_node]: RECEIVED /cmd_vel: linear.x=0.0, angular.z=0.0
[decoded_serial_node-3] [INFO] [1791449369.924645393] [bw_dr03_decoded_serial_node]: RECEIVED /cmd_vel: linear.x=0.0, angular.z=0.0
[decoded_serial_node-3] [INFO] [1791449369.991352998] [bw_dr03_decoded_serial_node]: RECEIVED /cmd_vel: linear.x=0.0, angular.z=0.0
[decoded_serial_node-3] [INFO] [1791449370.058076039] [bw_dr03_decoded_serial_node]: RECEIVED /cmd_vel: linear.x=0.0, angular.z=0.0
[decoded_serial_node-3] [INFO] [1791449370.124677976] [bw_dr03_decoded_serial_node]: RECEIVED /cmd_vel: linear.x=0.0, angular.z=0.0
[decoded_serial_node-3] [INFO] [1791449370.191339278] [bw_dr03_decoded_serial_node]: RECEIVED /cmd_vel: linear.x=0.0, angular.z=0.0
[decoded_serial_node-3] [INFO] [1791449370.257999392] [bw_dr03_decoded_serial_node]: RECEIVED /cmd_vel: linear.x=0.0, angular.z=0.0
[decoded_serial_node-3] [INFO] [1791449370.324674941] [bw_dr03_decoded_serial_node]: RECEIVED /cmd_vel: linear.x=0.0, angular.z=0.0
[decoded_serial_node-3] [INFO] [1791449370.391319620] [bw_dr03_decoded_serial_node]: RECEIVED /cmd_vel: linear.x=0.0, angular.z=0.0
[decoded_serial_node-3] [INFO] [1791449370.458016540] [bw_dr03_decoded_serial_node]: RECEIVED /cmd_vel: linear.x=0.0, angular.z=0.0
[follow_planner-8] [INFO] [1791449370.458214817] [follow_planner_node]: [IDLE] disabled | d=- goc=- | v=0.000 w=0.000 | thoang=-
[decoded_serial_node-3] [INFO] [1791449370.524782323] [bw_dr03_decoded_serial_node]: RECEIVED /cmd_vel: linear.x=0.0, angular.z=0.0
[decoded_serial_node-3] [INFO] [1791449370.591347454] [bw_dr03_decoded_serial_node]: RECEIVED /cmd_vel: linear.x=0.0, angular.z=0.0
[decoded_serial_node-3] [INFO] [1791449370.658019442] [bw_dr03_decoded_serial_node]: RECEIVED /cmd_vel: linear.x=0.0, angular.z=0.0
[target_tracker-7] [INFO] [1791449370.681864873] [target_tracker_node]: muc tieu: no_target_yet
[decoded_serial_node-3] [INFO] [1791449370.724689054] [bw_dr03_decoded_serial_node]: RECEIVED /cmd_vel: linear.x=0.0, angular.z=0.0
[decoded_serial_node-3] [INFO] [1791449370.791321861] [bw_dr03_decoded_serial_node]: RECEIVED /cmd_vel: linear.x=0.0, angular.z=0.0
[decoded_serial_node-3] [INFO] [1791449370.857985537] [bw_dr03_decoded_serial_node]: RECEIVED /cmd_vel: linear.x=0.0, angular.z=0.0
[python3-4] [WARN] [1791449370.917162194] [identity_lock_node]: Failed to read camera frame (756 lan)
[decoded_serial_node-3] [INFO] [1791449370.924707390] [bw_dr03_decoded_serial_node]: RECEIVED /cmd_vel: linear.x=0.0, angular.z=0.0
[decoded_serial_node-3] [INFO] [1791449370.991340197] [bw_dr03_decoded_serial_node]: RECEIVED /cmd_vel: linear.x=0.0, angular.z=0.0
[decoded_serial_node-3] [INFO] [1791449371.058008622] [bw_dr03_decoded_serial_node]: RECEIVED /cmd_vel: linear.x=0.0, angular.z=0.0
[decoded_serial_node-3] [INFO] [1791449371.124684172] [bw_dr03_decoded_serial_node]: RECEIVED /cmd_vel: linear.x=0.0, angular.z=0.0
[decoded_serial_node-3] [INFO] [1791449371.191294421] [bw_dr03_decoded_serial_node]: RECEIVED /cmd_vel: linear.x=0.0, angular.z=0.0
[decoded_serial_node-3] [INFO] [1791449371.257969970] [bw_dr03_decoded_serial_node]: RECEIVED /cmd_vel: linear.x=0.0, angular.z=0.0
[decoded_serial_node-3] [INFO] [1791449371.324688262] [bw_dr03_decoded_serial_node]: RECEIVED /cmd_vel: linear.x=0.0, angular.z=0.0
[decoded_serial_node-3] [INFO] [1791449371.391430299] [bw_dr03_decoded_serial_node]: RECEIVED /cmd_vel: linear.x=0.0, angular.z=0.0
[decoded_serial_node-3] [INFO] [1791449371.458149778] [bw_dr03_decoded_serial_node]: RECEIVED /cmd_vel: linear.x=0.0, angular.z=0.0
[decoded_serial_node-3] [INFO] [1791449371.524884692] [bw_dr03_decoded_serial_node]: RECEIVED /cmd_vel: linear.x=0.0, angular.z=0.0
[follow_planner-8] [INFO] [1791449371.525008170] [follow_planner_node]: [IDLE] disabled | d=- goc=- | v=0.000 w=0.000 | thoang=-
[decoded_serial_node-3] [INFO] [1791449371.591525810] [bw_dr03_decoded_serial_node]: RECEIVED /cmd_vel: linear.x=0.0, angular.z=0.0
[decoded_serial_node-3] [INFO] [1791449371.658130123] [bw_dr03_decoded_serial_node]: RECEIVED /cmd_vel: linear.x=0.0, angular.z=0.0
[decoded_serial_node-3] [INFO] [1791449371.724717813] [bw_dr03_decoded_serial_node]: RECEIVED /cmd_vel: linear.x=0.0, angular.z=0.0
[target_tracker-7] [INFO] [1791449371.731861707] [target_tracker_node]: muc tieu: no_target_yet
[decoded_serial_node-3] [INFO] [1791449371.791332811] [bw_dr03_decoded_serial_node]: RECEIVED /cmd_vel: linear.x=0.0, angular.z=0.0
[decoded_serial_node-3] [INFO] [1791449371.858108093] [bw_dr03_decoded_serial_node]: RECEIVED /cmd_vel: linear.x=0.0, angular.z=0.0
[decoded_serial_node-3] [INFO] [1791449371.924666101] [bw_dr03_decoded_serial_node]: RECEIVED /cmd_vel: linear.x=0.0, angular.z=0.0
[decoded_serial_node-3] [INFO] [1791449371.991364209] [bw_dr03_decoded_serial_node]: RECEIVED /cmd_vel: linear.x=0.0, angular.z=0.0
[decoded_serial_node-3] [INFO] [1791449372.057992267] [bw_dr03_decoded_serial_node]: RECEIVED /cmd_vel: linear.x=0.0, angular.z=0.0
[decoded_serial_node-3] [INFO] [1791449372.124691563] [bw_dr03_decoded_serial_node]: RECEIVED /cmd_vel: linear.x=0.0, angular.z=0.0
[decoded_serial_node-3] [INFO] [1791449372.191344555] [bw_dr03_decoded_serial_node]: RECEIVED /cmd_vel: linear.x=0.0, angular.z=0.0
[decoded_serial_node-3] [INFO] [1791449372.258090155] [bw_dr03_decoded_serial_node]: RECEIVED /cmd_vel: linear.x=0.0, angular.z=0.0
[decoded_serial_node-3] [INFO] [1791449372.324696842] [bw_dr03_decoded_serial_node]: RECEIVED /cmd_vel: linear.x=0.0, angular.z=0.0
[decoded_serial_node-3] [INFO] [1791449372.391368831] [bw_dr03_decoded_serial_node]: RECEIVED /cmd_vel: linear.x=0.0, angular.z=0.0
[decoded_serial_node-3] [INFO] [1791449372.457993327] [bw_dr03_decoded_serial_node]: RECEIVED /cmd_vel: linear.x=0.0, angular.z=0.0
[decoded_serial_node-3] [INFO] [1791449372.524749613] [bw_dr03_decoded_serial_node]: RECEIVED /cmd_vel: linear.x=0.0, angular.z=0.0
[follow_planner-8] [INFO] [1791449372.524822037] [follow_planner_node]: [IDLE] disabled | d=- goc=- | v=0.000 w=0.000 | thoang=-
[decoded_serial_node-3] [INFO] [1791449372.591343240] [bw_dr03_decoded_serial_node]: RECEIVED /cmd_vel: linear.x=0.0, angular.z=0.0
[decoded_serial_node-3] [INFO] [1791449372.658006917] [bw_dr03_decoded_serial_node]: RECEIVED /cmd_vel: linear.x=0.0, angular.z=0.0
[decoded_serial_node-3] [INFO] [1791449372.724688404] [bw_dr03_decoded_serial_node]: RECEIVED /cmd_vel: linear.x=0.0, angular.z=0.0
[target_tracker-7] [INFO] [1791449372.731903535] [target_tracker_node]: muc tieu: no_target_yet
[decoded_serial_node-3] [INFO] [1791449372.791335459] [bw_dr03_decoded_serial_node]: RECEIVED /cmd_vel: linear.x=0.0, angular.z=0.0
[decoded_serial_node-3] [INFO] [1791449372.858035942] [bw_dr03_decoded_serial_node]: RECEIVED /cmd_vel: linear.x=0.0, angular.z=0.0
[decoded_serial_node-3] [INFO] [1791449372.924659252] [bw_dr03_decoded_serial_node]: RECEIVED /cmd_vel: linear.x=0.0, angular.z=0.0
[decoded_serial_node-3] [INFO] [1791449372.991315805] [bw_dr03_decoded_serial_node]: RECEIVED /cmd_vel: linear.x=0.0, angular.z=0.0
[decoded_serial_node-3] [INFO] [1791449373.057969985] [bw_dr03_decoded_serial_node]: RECEIVED /cmd_vel: linear.x=0.0, angular.z=0.0
[decoded_serial_node-3] [INFO] [1791449373.124752391] [bw_dr03_decoded_serial_node]: RECEIVED /cmd_vel: linear.x=0.0, angular.z=0.0
[decoded_serial_node-3] [INFO] [1791449373.191350768] [bw_dr03_decoded_serial_node]: RECEIVED /cmd_vel: linear.x=0.0, angular.z=0.0
[decoded_serial_node-3] [INFO] [1791449373.258015633] [bw_dr03_decoded_serial_node]: RECEIVED /cmd_vel: linear.x=0.0, angular.z=0.0
[decoded_serial_node-3] [INFO] [1791449373.324638943] [bw_dr03_decoded_serial_node]: RECEIVED /cmd_vel: linear.x=0.0, angular.z=0.0
[decoded_serial_node-3] [INFO] [1791449373.391329928] [bw_dr03_decoded_serial_node]: RECEIVED /cmd_vel: linear.x=0.0, angular.z=0.0
[decoded_serial_node-3] [INFO] [1791449373.457972235] [bw_dr03_decoded_serial_node]: RECEIVED /cmd_vel: linear.x=0.0, angular.z=0.0
[decoded_serial_node-3] [INFO] [1791449373.524859122] [bw_dr03_decoded_serial_node]: RECEIVED /cmd_vel: linear.x=0.0, angular.z=0.0
[follow_planner-8] [INFO] [1791449373.525044339] [follow_planner_node]: [IDLE] disabled | d=- goc=- | v=0.000 w=0.000 | thoang=-
[decoded_serial_node-3] [INFO] [1791449373.591318587] [bw_dr03_decoded_serial_node]: RECEIVED /cmd_vel: linear.x=0.0, angular.z=0.0
[decoded_serial_node-3] [INFO] [1791449373.658015509] [bw_dr03_decoded_serial_node]: RECEIVED /cmd_vel: linear.x=0.0, angular.z=0.0
[decoded_serial_node-3] [INFO] [1791449373.724904771] [bw_dr03_decoded_serial_node]: RECEIVED /cmd_vel: linear.x=0.0, angular.z=0.0
[target_tracker-7] [INFO] [1791449373.731870572] [target_tracker_node]: muc tieu: no_target_yet
[decoded_serial_node-3] [INFO] [1791449373.791600505] [bw_dr03_decoded_serial_node]: RECEIVED /cmd_vel: linear.x=0.0, angular.z=0.0
[decoded_serial_node-3] [INFO] [1791449373.858039786] [bw_dr03_decoded_serial_node]: RECEIVED /cmd_vel: linear.x=0.0, angular.z=0.0
[decoded_serial_node-3] [INFO] [1791449373.924661909] [bw_dr03_decoded_serial_node]: RECEIVED /cmd_vel: linear.x=0.0, angular.z=0.0
[decoded_serial_node-3] [INFO] [1791449373.991329149] [bw_dr03_decoded_serial_node]: RECEIVED /cmd_vel: linear.x=0.0, angular.z=0.0
[decoded_serial_node-3] [INFO] [1791449374.058931969] [bw_dr03_decoded_serial_node]: RECEIVED /cmd_vel: linear.x=0.0, angular.z=0.0
[decoded_serial_node-3] [INFO] [1791449374.124611388] [bw_dr03_decoded_serial_node]: RECEIVED /cmd_vel: linear.x=0.0, angular.z=0.0
[decoded_serial_node-3] [INFO] [1791449374.191324933] [bw_dr03_decoded_serial_node]: RECEIVED /cmd_vel: linear.x=0.0, angular.z=0.0
[decoded_serial_node-3] [INFO] [1791449374.258024229] [bw_dr03_decoded_serial_node]: RECEIVED /cmd_vel: linear.x=0.0, angular.z=0.0
[decoded_serial_node-3] [INFO] [1791449374.324667724] [bw_dr03_decoded_serial_node]: RECEIVED /cmd_vel: linear.x=0.0, angular.z=0.0
[decoded_serial_node-3] [INFO] [1791449374.391344462] [bw_dr03_decoded_serial_node]: RECEIVED /cmd_vel: linear.x=0.0, angular.z=0.0
[decoded_serial_node-3] [INFO] [1791449374.458044947] [bw_dr03_decoded_serial_node]: RECEIVED /cmd_vel: linear.x=0.0, angular.z=0.0
[decoded_serial_node-3] [INFO] [1791449374.524684879] [bw_dr03_decoded_serial_node]: RECEIVED /cmd_vel: linear.x=0.0, angular.z=0.0
[decoded_serial_node-3] [INFO] [1791449374.591343808] [bw_dr03_decoded_serial_node]: RECEIVED /cmd_vel: linear.x=0.0, angular.z=0.0
[follow_planner-8] [INFO] [1791449374.591450664] [follow_planner_node]: [IDLE] disabled | d=- goc=- | v=0.000 w=0.000 | thoang=-
[follow_planner-8] [INFO] [1791449374.619228384] [follow_planner_node]: self-filter: bo 7/186 tia dap vao than xe
[decoded_serial_node-3] [INFO] [1791449374.658016985] [bw_dr03_decoded_serial_node]: RECEIVED /cmd_vel: linear.x=0.0, angular.z=0.0
[decoded_serial_node-3] [INFO] [1791449374.724680663] [bw_dr03_decoded_serial_node]: RECEIVED /cmd_vel: linear.x=0.0, angular.z=0.0
[target_tracker-7] [INFO] [1791449374.781873369] [target_tracker_node]: muc tieu: no_target_yet
[decoded_serial_node-3] [INFO] [1791449374.791303974] [bw_dr03_decoded_serial_node]: RECEIVED /cmd_vel: linear.x=0.0, angular.z=0.0
[decoded_serial_node-3] [INFO] [1791449374.858017518] [bw_dr03_decoded_serial_node]: RECEIVED /cmd_vel: linear.x=0.0, angular.z=0.0
[decoded_serial_node-3] [INFO] [1791449374.924669324] [bw_dr03_decoded_serial_node]: RECEIVED /cmd_vel: linear.x=0.0, angular.z=0.0
[decoded_serial_node-3] [INFO] [1791449374.991357935] [bw_dr03_decoded_serial_node]: RECEIVED /cmd_vel: linear.x=0.0, angular.z=0.0
[decoded_serial_node-3] [INFO] [1791449375.058921576] [bw_dr03_decoded_serial_node]: RECEIVED /cmd_vel: linear.x=0.0, angular.z=0.0
[decoded_serial_node-3] [INFO] [1791449375.124703102] [bw_dr03_decoded_serial_node]: RECEIVED /cmd_vel: linear.x=0.0, angular.z=0.0
[decoded_serial_node-3] [INFO] [1791449375.191328788] [bw_dr03_decoded_serial_node]: RECEIVED /cmd_vel: linear.x=0.0, angular.z=0.0
[decoded_serial_node-3] [INFO] [1791449375.258026898] [bw_dr03_decoded_serial_node]: RECEIVED /cmd_vel: linear.x=0.0, angular.z=0.0
[decoded_serial_node-3] [INFO] [1791449375.324692951] [bw_dr03_decoded_serial_node]: RECEIVED /cmd_vel: linear.x=0.0, angular.z=0.0
[decoded_serial_node-3] [INFO] [1791449375.391353068] [bw_dr03_decoded_serial_node]: RECEIVED /cmd_vel: linear.x=0.0, angular.z=0.0
[decoded_serial_node-3] [INFO] [1791449375.458091546] [bw_dr03_decoded_serial_node]: RECEIVED /cmd_vel: linear.x=0.0, angular.z=0.0
[decoded_serial_node-3] [INFO] [1791449375.524783720] [bw_dr03_decoded_serial_node]: RECEIVED /cmd_vel: linear.x=0.0, angular.z=0.0
[decoded_serial_node-3] [INFO] [1791449375.591370225] [bw_dr03_decoded_serial_node]: RECEIVED /cmd_vel: linear.x=0.0, angular.z=0.0
[follow_planner-8] [INFO] [1791449375.591430777] [follow_planner_node]: [IDLE] disabled | d=- goc=- | v=0.000 w=0.000 | thoang=-
[decoded_serial_node-3] [INFO] [1791449375.657954356] [bw_dr03_decoded_serial_node]: RECEIVED /cmd_vel: linear.x=0.0, angular.z=0.0
[decoded_serial_node-3] [INFO] [1791449375.724701145] [bw_dr03_decoded_serial_node]: RECEIVED /cmd_vel: linear.x=0.0, angular.z=0.0
[target_tracker-7] [INFO] [1791449375.781862982] [target_tracker_node]: muc tieu: no_target_yet
[decoded_serial_node-3] [INFO] [1791449375.791546478] [bw_dr03_decoded_serial_node]: RECEIVED /cmd_vel: linear.x=0.0, angular.z=0.0
[decoded_serial_node-3] [INFO] [1791449375.858071245] [bw_dr03_decoded_serial_node]: RECEIVED /cmd_vel: linear.x=0.0, angular.z=0.0
[python3-4] [WARN] [1791449375.917127989] [identity_lock_node]: Failed to read camera frame (1005 lan)
[decoded_serial_node-3] [INFO] [1791449375.924785977] [bw_dr03_decoded_serial_node]: RECEIVED /cmd_vel: linear.x=0.0, angular.z=0.0
[decoded_serial_node-3] [INFO] [1791449375.991355860] [bw_dr03_decoded_serial_node]: RECEIVED /cmd_vel: linear.x=0.0, angular.z=0.0
[decoded_serial_node-3] [INFO] [1791449376.058036162] [bw_dr03_decoded_serial_node]: RECEIVED /cmd_vel: linear.x=0.0, angular.z=0.0
[decoded_serial_node-3] [INFO] [1791449376.124680844] [bw_dr03_decoded_serial_node]: RECEIVED /cmd_vel: linear.x=0.0, angular.z=0.0
[decoded_serial_node-3] [INFO] [1791449376.191444256] [bw_dr03_decoded_serial_node]: RECEIVED /cmd_vel: linear.x=0.0, angular.z=0.0
[decoded_serial_node-3] [INFO] [1791449376.257985645] [bw_dr03_decoded_serial_node]: RECEIVED /cmd_vel: linear.x=0.0, angular.z=0.0
[decoded_serial_node-3] [INFO] [1791449376.324707501] [bw_dr03_decoded_serial_node]: RECEIVED /cmd_vel: linear.x=0.0, angular.z=0.0
[decoded_serial_node-3] [INFO] [1791449376.391434107] [bw_dr03_decoded_serial_node]: RECEIVED /cmd_vel: linear.x=0.0, angular.z=0.0
[decoded_serial_node-3] [INFO] [1791449376.458028924] [bw_dr03_decoded_serial_node]: RECEIVED /cmd_vel: linear.x=0.0, angular.z=0.0
[decoded_serial_node-3] [INFO] [1791449376.524683105] [bw_dr03_decoded_serial_node]: RECEIVED /cmd_vel: linear.x=0.0, angular.z=0.0
[decoded_serial_node-3] [INFO] [1791449376.591344410] [bw_dr03_decoded_serial_node]: RECEIVED /cmd_vel: linear.x=0.0, angular.z=0.0
[decoded_serial_node-3] [INFO] [1791449376.658008089] [bw_dr03_decoded_serial_node]: RECEIVED /cmd_vel: linear.x=0.0, angular.z=0.0
[follow_planner-8] [INFO] [1791449376.658163623] [follow_planner_node]: [IDLE] disabled | d=- goc=- | v=0.000 w=0.000 | thoang=-
[decoded_serial_node-3] [INFO] [1791449376.724898540] [bw_dr03_decoded_serial_node]: RECEIVED /cmd_vel: linear.x=0.0, angular.z=0.0
[decoded_serial_node-3] [INFO] [1791449376.791331886] [bw_dr03_decoded_serial_node]: RECEIVED /cmd_vel: linear.x=0.0, angular.z=0.0
[target_tracker-7] [INFO] [1791449376.832065261] [target_tracker_node]: muc tieu: no_target_yet
[decoded_serial_node-3] [INFO] [1791449376.858098859] [bw_dr03_decoded_serial_node]: RECEIVED /cmd_vel: linear.x=0.0, angular.z=0.0
[decoded_serial_node-3] [INFO] [1791449376.924729295] [bw_dr03_decoded_serial_node]: RECEIVED /cmd_vel: linear.x=0.0, angular.z=0.0
[decoded_serial_node-3] [INFO] [1791449376.991360918] [bw_dr03_decoded_serial_node]: RECEIVED /cmd_vel: linear.x=0.0, angular.z=0.0
[decoded_serial_node-3] [INFO] [1791449377.058044781] [bw_dr03_decoded_serial_node]: RECEIVED /cmd_vel: linear.x=0.0, angular.z=0.0
[decoded_serial_node-3] [INFO] [1791449377.124657408] [bw_dr03_decoded_serial_node]: RECEIVED /cmd_vel: linear.x=0.0, angular.z=0.0
[decoded_serial_node-3] [INFO] [1791449377.191329399] [bw_dr03_decoded_serial_node]: RECEIVED /cmd_vel: linear.x=0.0, angular.z=0.0
[decoded_serial_node-3] [INFO] [1791449377.258063129] [bw_dr03_decoded_serial_node]: RECEIVED /cmd_vel: linear.x=0.0, angular.z=0.0
[decoded_serial_node-3] [INFO] [1791449377.324767176] [bw_dr03_decoded_serial_node]: RECEIVED /cmd_vel: linear.x=0.0, angular.z=0.0
[decoded_serial_node-3] [INFO] [1791449377.391347746] [bw_dr03_decoded_serial_node]: RECEIVED /cmd_vel: linear.x=0.0, angular.z=0.0
[decoded_serial_node-3] [INFO] [1791449377.457999554] [bw_dr03_decoded_serial_node]: RECEIVED /cmd_vel: linear.x=0.0, angular.z=0.0
[decoded_serial_node-3] [INFO] [1791449377.524696478] [bw_dr03_decoded_serial_node]: RECEIVED /cmd_vel: linear.x=0.0, angular.z=0.0
[decoded_serial_node-3] [INFO] [1791449377.591320977] [bw_dr03_decoded_serial_node]: RECEIVED /cmd_vel: linear.x=0.0, angular.z=0.0
[decoded_serial_node-3] [INFO] [1791449377.658051145] [bw_dr03_decoded_serial_node]: RECEIVED /cmd_vel: linear.x=0.0, angular.z=0.0
[follow_planner-8] [INFO] [1791449377.658192432] [follow_planner_node]: [IDLE] disabled | d=- goc=- | v=0.000 w=0.000 | thoang=-
[decoded_serial_node-3] [INFO] [1791449377.724663772] [bw_dr03_decoded_serial_node]: RECEIVED /cmd_vel: linear.x=0.0, angular.z=0.0
[decoded_serial_node-3] [INFO] [1791449377.791374943] [bw_dr03_decoded_serial_node]: RECEIVED /cmd_vel: linear.x=0.0, angular.z=0.0
[decoded_serial_node-3] [INFO] [1791449377.857991132] [bw_dr03_decoded_serial_node]: RECEIVED /cmd_vel: linear.x=0.0, angular.z=0.0
[target_tracker-7] [INFO] [1791449377.881919674] [target_tracker_node]: muc tieu: no_target_yet
[decoded_serial_node-3] [INFO] [1791449377.924774727] [bw_dr03_decoded_serial_node]: RECEIVED /cmd_vel: linear.x=0.0, angular.z=0.0
[decoded_serial_node-3] [INFO] [1791449377.991457404] [bw_dr03_decoded_serial_node]: RECEIVED /cmd_vel: linear.x=0.0, angular.z=0.0
[decoded_serial_node-3] [INFO] [1791449378.058110399] [bw_dr03_decoded_serial_node]: RECEIVED /cmd_vel: linear.x=0.0, angular.z=0.0
[decoded_serial_node-3] [INFO] [1791449378.124693344] [bw_dr03_decoded_serial_node]: RECEIVED /cmd_vel: linear.x=0.0, angular.z=0.0
[decoded_serial_node-3] [INFO] [1791449378.191410452] [bw_dr03_decoded_serial_node]: RECEIVED /cmd_vel: linear.x=0.0, angular.z=0.0
[decoded_serial_node-3] [INFO] [1791449378.258081257] [bw_dr03_decoded_serial_node]: RECEIVED /cmd_vel: linear.x=0.0, angular.z=0.0
[decoded_serial_node-3] [INFO] [1791449378.324737813] [bw_dr03_decoded_serial_node]: RECEIVED /cmd_vel: linear.x=0.0, angular.z=0.0
[decoded_serial_node-3] [INFO] [1791449378.391472731] [bw_dr03_decoded_serial_node]: RECEIVED /cmd_vel: linear.x=0.0, angular.z=0.0
[decoded_serial_node-3] [INFO] [1791449378.458018870] [bw_dr03_decoded_serial_node]: RECEIVED /cmd_vel: linear.x=0.0, angular.z=0.0
[decoded_serial_node-3] [INFO] [1791449378.524810778] [bw_dr03_decoded_serial_node]: RECEIVED /cmd_vel: linear.x=0.0, angular.z=0.0
[decoded_serial_node-3] [INFO] [1791449378.591435278] [bw_dr03_decoded_serial_node]: RECEIVED /cmd_vel: linear.x=0.0, angular.z=0.0
[decoded_serial_node-3] [INFO] [1791449378.657976668] [bw_dr03_decoded_serial_node]: RECEIVED /cmd_vel: linear.x=0.0, angular.z=0.0
[decoded_serial_node-3] [INFO] [1791449378.724674780] [bw_dr03_decoded_serial_node]: RECEIVED /cmd_vel: linear.x=0.0, angular.z=0.0
[follow_planner-8] [INFO] [1791449378.724766201] [follow_planner_node]: [IDLE] disabled | d=- goc=- | v=0.000 w=0.000 | thoang=-
[decoded_serial_node-3] [INFO] [1791449378.791390701] [bw_dr03_decoded_serial_node]: RECEIVED /cmd_vel: linear.x=0.0, angular.z=0.0
[decoded_serial_node-3] [INFO] [1791449378.858003328] [bw_dr03_decoded_serial_node]: RECEIVED /cmd_vel: linear.x=0.0, angular.z=0.0
[target_tracker-7] [INFO] [1791449378.882004295] [target_tracker_node]: muc tieu: no_target_yet
[decoded_serial_node-3] [INFO] [1791449378.924725186] [bw_dr03_decoded_serial_node]: RECEIVED /cmd_vel: linear.x=0.0, angular.z=0.0
[decoded_serial_node-3] [INFO] [1791449378.991335438] [bw_dr03_decoded_serial_node]: RECEIVED /cmd_vel: linear.x=0.0, angular.z=0.0
[decoded_serial_node-3] [INFO] [1791449379.057986059] [bw_dr03_decoded_serial_node]: RECEIVED /cmd_vel: linear.x=0.0, angular.z=0.0
[decoded_serial_node-3] [INFO] [1791449379.124654489] [bw_dr03_decoded_serial_node]: RECEIVED /cmd_vel: linear.x=0.0, angular.z=0.0
[decoded_serial_node-3] [INFO] [1791449379.191332418] [bw_dr03_decoded_serial_node]: RECEIVED /cmd_vel: linear.x=0.0, angular.z=0.0
[decoded_serial_node-3] [INFO] [1791449379.257986601] [bw_dr03_decoded_serial_node]: RECEIVED /cmd_vel: linear.x=0.0, angular.z=0.0
[decoded_serial_node-3] [INFO] [1791449379.324683526] [bw_dr03_decoded_serial_node]: RECEIVED /cmd_vel: linear.x=0.0, angular.z=0.0
[decoded_serial_node-3] [INFO] [1791449379.391391136] [bw_dr03_decoded_serial_node]: RECEIVED /cmd_vel: linear.x=0.0, angular.z=0.0
[decoded_serial_node-3] [INFO] [1791449379.458194917] [bw_dr03_decoded_serial_node]: RECEIVED /cmd_vel: linear.x=0.0, angular.z=0.0
[decoded_serial_node-3] [INFO] [1791449379.524729184] [bw_dr03_decoded_serial_node]: RECEIVED /cmd_vel: linear.x=0.0, angular.z=0.0
[decoded_serial_node-3] [INFO] [1791449379.591301444] [bw_dr03_decoded_serial_node]: RECEIVED /cmd_vel: linear.x=0.0, angular.z=0.0
[decoded_serial_node-3] [INFO] [1791449379.658023302] [bw_dr03_decoded_serial_node]: RECEIVED /cmd_vel: linear.x=0.0, angular.z=0.0
[decoded_serial_node-3] [INFO] [1791449379.724713104] [bw_dr03_decoded_serial_node]: RECEIVED /cmd_vel: linear.x=0.0, angular.z=0.0
[follow_planner-8] [INFO] [1791449379.724808086] [follow_planner_node]: [IDLE] disabled | d=- goc=- | v=0.000 w=0.000 | thoang=-
[decoded_serial_node-3] [INFO] [1791449379.791358975] [bw_dr03_decoded_serial_node]: RECEIVED /cmd_vel: linear.x=0.0, angular.z=0.0
[decoded_serial_node-3] [INFO] [1791449379.858020282] [bw_dr03_decoded_serial_node]: RECEIVED /cmd_vel: linear.x=0.0, angular.z=0.0
[decoded_serial_node-3] [INFO] [1791449379.924725518] [bw_dr03_decoded_serial_node]: RECEIVED /cmd_vel: linear.x=0.0, angular.z=0.0
[target_tracker-7] [INFO] [1791449379.931935900] [target_tracker_node]: muc tieu: no_target_yet
[decoded_serial_node-3] [INFO] [1791449379.991348831] [bw_dr03_decoded_serial_node]: RECEIVED /cmd_vel: linear.x=0.0, angular.z=0.0
[decoded_serial_node-3] [INFO] [1791449380.058277277] [bw_dr03_decoded_serial_node]: RECEIVED /cmd_vel: linear.x=0.0, angular.z=0.0
[decoded_serial_node-3] [INFO] [1791449380.124720124] [bw_dr03_decoded_serial_node]: RECEIVED /cmd_vel: linear.x=0.0, angular.z=0.0
[decoded_serial_node-3] [INFO] [1791449380.191331565] [bw_dr03_decoded_serial_node]: RECEIVED /cmd_vel: linear.x=0.0, angular.z=0.0
[decoded_serial_node-3] [INFO] [1791449380.258023742] [bw_dr03_decoded_serial_node]: RECEIVED /cmd_vel: linear.x=0.0, angular.z=0.0
[decoded_serial_node-3] [INFO] [1791449380.324666052] [bw_dr03_decoded_serial_node]: RECEIVED /cmd_vel: linear.x=0.0, angular.z=0.0
[decoded_serial_node-3] [INFO] [1791449380.391327359] [bw_dr03_decoded_serial_node]: RECEIVED /cmd_vel: linear.x=0.0, angular.z=0.0
[decoded_serial_node-3] [INFO] [1791449380.457993415] [bw_dr03_decoded_serial_node]: RECEIVED /cmd_vel: linear.x=0.0, angular.z=0.0
[decoded_serial_node-3] [INFO] [1791449380.524704588] [bw_dr03_decoded_serial_node]: RECEIVED /cmd_vel: linear.x=0.0, angular.z=0.0
[decoded_serial_node-3] [INFO] [1791449380.591350461] [bw_dr03_decoded_serial_node]: RECEIVED /cmd_vel: linear.x=0.0, angular.z=0.0
[decoded_serial_node-3] [INFO] [1791449380.658906981] [bw_dr03_decoded_serial_node]: RECEIVED /cmd_vel: linear.x=0.0, angular.z=0.0
[decoded_serial_node-3] [INFO] [1791449380.724680198] [bw_dr03_decoded_serial_node]: RECEIVED /cmd_vel: linear.x=0.0, angular.z=0.0
[decoded_serial_node-3] [INFO] [1791449380.791373562] [bw_dr03_decoded_serial_node]: RECEIVED /cmd_vel: linear.x=0.0, angular.z=0.0
[follow_planner-8] [INFO] [1791449380.791513662] [follow_planner_node]: [IDLE] disabled | d=- goc=- | v=0.000 w=0.000 | thoang=-
[decoded_serial_node-3] [INFO] [1791449380.858072862] [bw_dr03_decoded_serial_node]: RECEIVED /cmd_vel: linear.x=0.0, angular.z=0.0
[python3-4] [WARN] [1791449380.917209157] [identity_lock_node]: Failed to read camera frame (1254 lan)
[decoded_serial_node-3] [INFO] [1791449380.924985874] [bw_dr03_decoded_serial_node]: RECEIVED /cmd_vel: linear.x=0.0, angular.z=0.0
[target_tracker-7] [INFO] [1791449380.931936241] [target_tracker_node]: muc tieu: no_target_yet
[decoded_serial_node-3] [INFO] [1791449380.991399038] [bw_dr03_decoded_serial_node]: RECEIVED /cmd_vel: linear.x=0.0, angular.z=0.0
[decoded_serial_node-3] [INFO] [1791449381.058183823] [bw_dr03_decoded_serial_node]: RECEIVED /cmd_vel: linear.x=0.0, angular.z=0.0
[decoded_serial_node-3] [INFO] [1791449381.124677724] [bw_dr03_decoded_serial_node]: RECEIVED /cmd_vel: linear.x=0.0, angular.z=0.0
[decoded_serial_node-3] [INFO] [1791449381.191350904] [bw_dr03_decoded_serial_node]: RECEIVED /cmd_vel: linear.x=0.0, angular.z=0.0
[decoded_serial_node-3] [INFO] [1791449381.257962346] [bw_dr03_decoded_serial_node]: RECEIVED /cmd_vel: linear.x=0.0, angular.z=0.0
[decoded_serial_node-3] [INFO] [1791449381.324634339] [bw_dr03_decoded_serial_node]: RECEIVED /cmd_vel: linear.x=0.0, angular.z=0.0
[decoded_serial_node-3] [INFO] [1791449381.391322954] [bw_dr03_decoded_serial_node]: RECEIVED /cmd_vel: linear.x=0.0, angular.z=0.0
[decoded_serial_node-3] [INFO] [1791449381.457990198] [bw_dr03_decoded_serial_node]: RECEIVED /cmd_vel: linear.x=0.0, angular.z=0.0
[decoded_serial_node-3] [INFO] [1791449381.524672877] [bw_dr03_decoded_serial_node]: RECEIVED /cmd_vel: linear.x=0.0, angular.z=0.0
[decoded_serial_node-3] [INFO] [1791449381.591330623] [bw_dr03_decoded_serial_node]: RECEIVED /cmd_vel: linear.x=0.0, angular.z=0.0
[decoded_serial_node-3] [INFO] [1791449381.658845588] [bw_dr03_decoded_serial_node]: RECEIVED /cmd_vel: linear.x=0.0, angular.z=0.0
[decoded_serial_node-3] [INFO] [1791449381.724665111] [bw_dr03_decoded_serial_node]: RECEIVED /cmd_vel: linear.x=0.0, angular.z=0.0
[decoded_serial_node-3] [INFO] [1791449381.791319295] [bw_dr03_decoded_serial_node]: RECEIVED /cmd_vel: linear.x=0.0, angular.z=0.0
[decoded_serial_node-3] [INFO] [1791449381.857920051] [bw_dr03_decoded_serial_node]: RECEIVED /cmd_vel: linear.x=0.0, angular.z=0.0
[follow_planner-8] [INFO] [1791449381.858220434] [follow_planner_node]: [IDLE] disabled | d=- goc=- | v=0.000 w=0.000 | thoang=-
[decoded_serial_node-3] [INFO] [1791449381.924647846] [bw_dr03_decoded_serial_node]: RECEIVED /cmd_vel: linear.x=0.0, angular.z=0.0
[target_tracker-7] [INFO] [1791449381.981854803] [target_tracker_node]: muc tieu: no_target_yet
[decoded_serial_node-3] [INFO] [1791449381.991357833] [bw_dr03_decoded_serial_node]: RECEIVED /cmd_vel: linear.x=0.0, angular.z=0.0
[decoded_serial_node-3] [INFO] [1791449382.058326647] [bw_dr03_decoded_serial_node]: RECEIVED /cmd_vel: linear.x=0.0, angular.z=0.0
[decoded_serial_node-3] [INFO] [1791449382.124663827] [bw_dr03_decoded_serial_node]: RECEIVED /cmd_vel: linear.x=0.0, angular.z=0.0
[decoded_serial_node-3] [INFO] [1791449382.191475920] [bw_dr03_decoded_serial_node]: RECEIVED /cmd_vel: linear.x=0.0, angular.z=0.0
[decoded_serial_node-3] [INFO] [1791449382.258076677] [bw_dr03_decoded_serial_node]: RECEIVED /cmd_vel: linear.x=0.0, angular.z=0.0
[decoded_serial_node-3] [INFO] [1791449382.324792600] [bw_dr03_decoded_serial_node]: RECEIVED /cmd_vel: linear.x=0.0, angular.z=0.0
[decoded_serial_node-3] [INFO] [1791449382.391393357] [bw_dr03_decoded_serial_node]: RECEIVED /cmd_vel: linear.x=0.0, angular.z=0.0
[decoded_serial_node-3] [INFO] [1791449382.458033294] [bw_dr03_decoded_serial_node]: RECEIVED /cmd_vel: linear.x=0.0, angular.z=0.0
[decoded_serial_node-3] [INFO] [1791449382.524686291] [bw_dr03_decoded_serial_node]: RECEIVED /cmd_vel: linear.x=0.0, angular.z=0.0
[decoded_serial_node-3] [INFO] [1791449382.591355910] [bw_dr03_decoded_serial_node]: RECEIVED /cmd_vel: linear.x=0.0, angular.z=0.0
[decoded_serial_node-3] [INFO] [1791449382.658042151] [bw_dr03_decoded_serial_node]: RECEIVED /cmd_vel: linear.x=0.0, angular.z=0.0
[decoded_serial_node-3] [INFO] [1791449382.724701085] [bw_dr03_decoded_serial_node]: RECEIVED /cmd_vel: linear.x=0.0, angular.z=0.0
[decoded_serial_node-3] [INFO] [1791449382.791458563] [bw_dr03_decoded_serial_node]: RECEIVED /cmd_vel: linear.x=0.0, angular.z=0.0
[decoded_serial_node-3] [INFO] [1791449382.858083065] [bw_dr03_decoded_serial_node]: RECEIVED /cmd_vel: linear.x=0.0, angular.z=0.0
[follow_planner-8] [INFO] [1791449382.858179235] [follow_planner_node]: [IDLE] disabled | d=- goc=- | v=0.000 w=0.000 | thoang=-
[decoded_serial_node-3] [INFO] [1791449382.924934339] [bw_dr03_decoded_serial_node]: RECEIVED /cmd_vel: linear.x=0.0, angular.z=0.0
[decoded_serial_node-3] [INFO] [1791449382.991342755] [bw_dr03_decoded_serial_node]: RECEIVED /cmd_vel: linear.x=0.0, angular.z=0.0
[target_tracker-7] [INFO] [1791449383.031889728] [target_tracker_node]: muc tieu: no_target_yet
[decoded_serial_node-3] [INFO] [1791449383.058056304] [bw_dr03_decoded_serial_node]: RECEIVED /cmd_vel: linear.x=0.0, angular.z=0.0
[decoded_serial_node-3] [INFO] [1791449383.124706928] [bw_dr03_decoded_serial_node]: RECEIVED /cmd_vel: linear.x=0.0, angular.z=0.0
[decoded_serial_node-3] [INFO] [1791449383.191367049] [bw_dr03_decoded_serial_node]: RECEIVED /cmd_vel: linear.x=0.0, angular.z=0.0
[decoded_serial_node-3] [INFO] [1791449383.258043792] [bw_dr03_decoded_serial_node]: RECEIVED /cmd_vel: linear.x=0.0, angular.z=0.0
[decoded_serial_node-3] [INFO] [1791449383.324854699] [bw_dr03_decoded_serial_node]: RECEIVED /cmd_vel: linear.x=0.0, angular.z=0.0
[decoded_serial_node-3] [INFO] [1791449383.391519569] [bw_dr03_decoded_serial_node]: RECEIVED /cmd_vel: linear.x=0.0, angular.z=0.0
[decoded_serial_node-3] [INFO] [1791449383.458002785] [bw_dr03_decoded_serial_node]: RECEIVED /cmd_vel: linear.x=0.0, angular.z=0.0
[decoded_serial_node-3] [INFO] [1791449383.524751953] [bw_dr03_decoded_serial_node]: RECEIVED /cmd_vel: linear.x=0.0, angular.z=0.0
[decoded_serial_node-3] [INFO] [1791449383.591396640] [bw_dr03_decoded_serial_node]: RECEIVED /cmd_vel: linear.x=0.0, angular.z=0.0
[decoded_serial_node-3] [INFO] [1791449383.657946344] [bw_dr03_decoded_serial_node]: RECEIVED /cmd_vel: linear.x=0.0, angular.z=0.0
[decoded_serial_node-3] [INFO] [1791449383.724734692] [bw_dr03_decoded_serial_node]: RECEIVED /cmd_vel: linear.x=0.0, angular.z=0.0
[decoded_serial_node-3] [INFO] [1791449383.791392439] [bw_dr03_decoded_serial_node]: RECEIVED /cmd_vel: linear.x=0.0, angular.z=0.0
[decoded_serial_node-3] [INFO] [1791449383.857982510] [bw_dr03_decoded_serial_node]: RECEIVED /cmd_vel: linear.x=0.0, angular.z=0.0
[decoded_serial_node-3] [INFO] [1791449383.924696060] [bw_dr03_decoded_serial_node]: RECEIVED /cmd_vel: linear.x=0.0, angular.z=0.0
[follow_planner-8] [INFO] [1791449383.924813601] [follow_planner_node]: [IDLE] disabled | d=- goc=- | v=0.000 w=0.000 | thoang=-
[decoded_serial_node-3] [INFO] [1791449383.991398923] [bw_dr03_decoded_serial_node]: RECEIVED /cmd_vel: linear.x=0.0, angular.z=0.0
[decoded_serial_node-3] [INFO] [1791449384.058021052] [bw_dr03_decoded_serial_node]: RECEIVED /cmd_vel: linear.x=0.0, angular.z=0.0
[target_tracker-7] [INFO] [1791449384.082033893] [target_tracker_node]: muc tieu: no_target_yet
[decoded_serial_node-3] [INFO] [1791449384.124755973] [bw_dr03_decoded_serial_node]: RECEIVED /cmd_vel: linear.x=0.0, angular.z=0.0
[decoded_serial_node-3] [INFO] [1791449384.191329423] [bw_dr03_decoded_serial_node]: RECEIVED /cmd_vel: linear.x=0.0, angular.z=0.0
[decoded_serial_node-3] [INFO] [1791449384.259230258] [bw_dr03_decoded_serial_node]: RECEIVED /cmd_vel: linear.x=0.0, angular.z=0.0
[decoded_serial_node-3] [INFO] [1791449384.325007040] [bw_dr03_decoded_serial_node]: RECEIVED /cmd_vel: linear.x=0.0, angular.z=0.0
[decoded_serial_node-3] [INFO] [1791449384.391681409] [bw_dr03_decoded_serial_node]: RECEIVED /cmd_vel: linear.x=0.0, angular.z=0.0
[decoded_serial_node-3] [INFO] [1791449384.458143254] [bw_dr03_decoded_serial_node]: RECEIVED /cmd_vel: linear.x=0.0, angular.z=0.0
[decoded_serial_node-3] [INFO] [1791449384.525132254] [bw_dr03_decoded_serial_node]: RECEIVED /cmd_vel: linear.x=0.0, angular.z=0.0
[decoded_serial_node-3] [INFO] [1791449384.591566792] [bw_dr03_decoded_serial_node]: RECEIVED /cmd_vel: linear.x=0.0, angular.z=0.0
[decoded_serial_node-3] [INFO] [1791449384.658054758] [bw_dr03_decoded_serial_node]: RECEIVED /cmd_vel: linear.x=0.0, angular.z=0.0
[follow_planner-8] [INFO] [1791449384.673982187] [follow_planner_node]: self-filter: bo 13/199 tia dap vao than xe
[decoded_serial_node-3] [INFO] [1791449384.724706569] [bw_dr03_decoded_serial_node]: RECEIVED /cmd_vel: linear.x=0.0, angular.z=0.0
[decoded_serial_node-3] [INFO] [1791449384.791348881] [bw_dr03_decoded_serial_node]: RECEIVED /cmd_vel: linear.x=0.0, angular.z=0.0
[decoded_serial_node-3] [INFO] [1791449384.858012565] [bw_dr03_decoded_serial_node]: RECEIVED /cmd_vel: linear.x=0.0, angular.z=0.0
[decoded_serial_node-3] [INFO] [1791449384.924844843] [bw_dr03_decoded_serial_node]: RECEIVED /cmd_vel: linear.x=0.0, angular.z=0.0
[follow_planner-8] [INFO] [1791449384.924916081] [follow_planner_node]: [IDLE] disabled | d=- goc=- | v=0.000 w=0.000 | thoang=-
[decoded_serial_node-3] [INFO] [1791449384.991356555] [bw_dr03_decoded_serial_node]: RECEIVED /cmd_vel: linear.x=0.0, angular.z=0.0
[decoded_serial_node-3] [INFO] [1791449385.058089102] [bw_dr03_decoded_serial_node]: RECEIVED /cmd_vel: linear.x=0.0, angular.z=0.0
[target_tracker-7] [INFO] [1791449385.081883482] [target_tracker_node]: muc tieu: no_target_yet
[decoded_serial_node-3] [INFO] [1791449385.124724291] [bw_dr03_decoded_serial_node]: RECEIVED /cmd_vel: linear.x=0.0, angular.z=0.0
[decoded_serial_node-3] [INFO] [1791449385.191332173] [bw_dr03_decoded_serial_node]: RECEIVED /cmd_vel: linear.x=0.0, angular.z=0.0
[decoded_serial_node-3] [INFO] [1791449385.257975673] [bw_dr03_decoded_serial_node]: RECEIVED /cmd_vel: linear.x=0.0, angular.z=0.0
[decoded_serial_node-3] [INFO] [1791449385.324709408] [bw_dr03_decoded_serial_node]: RECEIVED /cmd_vel: linear.x=0.0, angular.z=0.0
[decoded_serial_node-3] [INFO] [1791449385.391403961] [bw_dr03_decoded_serial_node]: RECEIVED /cmd_vel: linear.x=0.0, angular.z=0.0
[decoded_serial_node-3] [INFO] [1791449385.458331223] [bw_dr03_decoded_serial_node]: RECEIVED /cmd_vel: linear.x=0.0, angular.z=0.0
[WARNING] [launch]: user interrupted with ctrl-c (SIGINT)
[static_transform_publisher-2] [INFO] [1791449385.480594006] [rclcpp]: signal_handler(SIGINT/SIGTERM)
[sc_mini-1] [INFO] [1791449385.480610628] [rclcpp]: signal_handler(SIGINT/SIGTERM)
[decoded_serial_node-3] [INFO] [1791449385.481270759] [bw_dr03_decoded_serial_node]: SEND MOTOR CMD: cd eb d7 09 74 53 53 53 53 1e 1e 00 00
[decoded_serial_node-3] Failed to publish log message to rosout: publisher's context is invalid, at ./src/rcl/publisher.c:423
[python3-4] [ WARN:0@82.018] global cap_v4l.cpp:803 requestBuffers VIDEOIO(V4L2:/dev/v4l/by-id/usb-Generic_KINGSEN_CAMERA_200901010001-video-index0): failed VIDIOC_REQBUFS: errno=19 (No such device)
[decoded_serial_node-3] Traceback (most recent call last):
[decoded_serial_node-3]   File "/home/thach/ros2_ws/ros2_jazzy_person_reid_ws/install/bw_dr03_ros2/lib/bw_dr03_ros2/decoded_serial_node", line 33, in <module>
[decoded_serial_node-3]     sys.exit(load_entry_point('bw-dr03-ros2==0.0.0', 'console_scripts', 'decoded_serial_node')())
[decoded_serial_node-3]              ^^^^^^^^^^^^^^^^^^^^^^^^^^^^^^^^^^^^^^^^^^^^^^^^^^^^^^^^^^^^^^^^^^^^^^^^^^^^^^^^^^^
[decoded_serial_node-3]   File "/home/thach/ros2_ws/ros2_jazzy_person_reid_ws/install/bw_dr03_ros2/lib/python3.12/site-packages/bw_dr03_ros2/decoded_serial_node.py", line 531, in main
[decoded_serial_node-3]     rclpy.shutdown()
[decoded_serial_node-3]   File "/opt/ros/jazzy/lib/python3.12/site-packages/rclpy/__init__.py", line 134, in shutdown
[decoded_serial_node-3]     _shutdown(context=context)
[decoded_serial_node-3]   File "/opt/ros/jazzy/lib/python3.12/site-packages/rclpy/utilities.py", line 82, in shutdown
[decoded_serial_node-3]     context.shutdown()
[decoded_serial_node-3]   File "/opt/ros/jazzy/lib/python3.12/site-packages/rclpy/context.py", line 129, in shutdown
[decoded_serial_node-3]     self.__context.shutdown()
[decoded_serial_node-3] rclpy._rclpy_pybind11.RCLError: failed to shutdown: rcl_shutdown already called on the given context, at ./src/rcl/init.c:333
[INFO] [static_transform_publisher-2]: process has finished cleanly [pid 63909]
[INFO] [rssi_bearing-6]: process has finished cleanly [pid 63913]
[INFO] [rssi_scanner-5]: process has finished cleanly [pid 63912]
[INFO] [target_tracker-7]: process has finished cleanly [pid 63914]
[INFO] [follow_planner-8]: process has finished cleanly [pid 63915]
[ERROR] [decoded_serial_node-3]: process has died [pid 63910, exit code 1, cmd '/home/thach/ros2_ws/ros2_jazzy_person_reid_ws/install/bw_dr03_ros2/lib/bw_dr03_ros2/decoded_serial_node --ros-args -r __node:=bw_dr03_decoded_serial_node --params-file /tmp/launch_params_onxwzx73'].
[INFO] [sc_mini-1]: process has finished cleanly [pid 63908]
[INFO] [python3-4]: process has finished cleanly [pid 63911]
